,Datetime,code,name,bankuai,expext
0,2025-01-24,SZ.ZB_002496,辉丰股份,农药兽药,3.161698
1,2025-01-24,SZ.ZB_002253,川大智胜,软件开发,1.6484764
2,2025-01-24,SZ.ZB_001270,铖昌科技,半导体,1.5583586
3,2025-01-24,SH.ZB_603261,立航科技,航天航空,1.5170981
4,2025-01-27,SH.ZB_600753,庚星股份,贸易行业,1.5130527
5,2025-01-24,SZ.ZB_002848,高斯贝尔,家电行业,1.3997607
6,2025-01-24,SH.ZB_600130,波导股份,消费电子,0.94015
7,2025-01-24,SH.KC_301030,仕净科技,专用设备,0.8336112
8,2025-01-27,SH.ZB_603789,星光农机,专用设备,0.7836804
9,2025-01-24,SH.KC_300902,国安达,专用设备,0.77243036
10,2025-01-27,SZ.ZB_000820,神雾节能,环保行业,0.7297553
11,2025-01-27,SH.ZB_600130,波导股份,消费电子,0.66472816
12,2025-01-27,SZ.ZB_002496,辉丰股份,农药兽药,0.6627523
13,2025-01-24,SZ.ZB_002789,建艺集团,装修装饰,0.6294575
14,2025-01-27,SZ.ZB_002848,高斯贝尔,家电行业,0.61666167
15,2025-01-27,SZ.ZB_000595,宝塔实业,通用设备,0.5399121
16,2025-01-24,SH.KC_300159,新研股份,航天航空,0.5372299
17,2025-01-27,SH.KC_301288,清研环境,环保行业,0.50078964
18,2025-01-24,SZ.ZB_002058,威尔泰,电网设备,0.40807053
19,2025-01-24,SH.ZB_600892,大晟文化,游戏,0.39357245
20,2025-01-27,SZ.ZB_002306,中科云网,旅游酒店,0.3574174
21,2025-01-27,SH.ZB_600696,岩石股份,酿酒行业,0.22203773
22,2025-01-24,SH.ZB_603789,星光农机,专用设备,0.2197763
23,2025-01-27,SZ.ZB_000639,西王食品,食品饮料,0.21804273
24,2025-01-24,SZ.ZB_000004,国华网安,软件开发,0.18828325
25,2025-01-24,SH.KC_688253,英诺特,生物制品,0.1256628
26,2025-01-27,SH.ZB_603813,原尚股份,物流行业,0.08100215
27,2025-01-24,SZ.ZB_002306,中科云网,旅游酒店,0.031104684
28,2025-01-27,SZ.ZB_002789,建艺集团,装修装饰,0.021849573
29,2025-01-24,SZ.ZB_002199,东晶电子,电子元件,-0.019817613
30,2025-01-24,SZ.ZB_000691,亚太实业,化学制品,-0.049625337
31,2025-01-24,SH.ZB_603398,沐邦高科,光伏设备,-0.056764483
32,2025-01-27,SH.ZB_600246,万通发展,房地产开发,-0.05831234
33,2025-01-27,SH.ZB_600238,海南椰岛,酿酒行业,-0.08894615
34,2025-01-27,SH.KC_300902,国安达,专用设备,-0.10647196
35,2025-01-27,SZ.ZB_000736,中交地产,房地产开发,-0.13332236
36,2025-01-27,SZ.ZB_002058,威尔泰,电网设备,-0.15097335
37,2025-01-24,SH.ZB_600421,华嵘控股,通用设备,-0.16893986
38,2025-01-27,SH.ZB_605081,太和水,环保行业,-0.17728731
39,2025-01-27,SH.ZB_600193,创兴资源,装修装饰,-0.18349904
40,2025-01-24,SZ.ZB_000488,晨鸣纸业,造纸印刷,-0.1963569
41,2025-01-24,SZ.ZB_002762,金发拉比,纺织服装,-0.20441431
42,2025-01-24,SZ.ZB_002373,千方科技,互联网服务,-0.20670575
43,2025-01-27,SH.KC_300110,华仁药业,化学制药,-0.21974966
44,2025-01-27,SZ.ZB_002253,川大智胜,软件开发,-0.23303777
45,2025-01-24,SH.ZB_600753,庚星股份,贸易行业,-0.26782528
46,2025-01-24,SH.ZB_600129,太极集团,中药,-0.30158702
47,2025-01-24,SH.ZB_600228,返利科技,互联网服务,-0.3050279
48,2025-01-27,SH.KC_300159,新研股份,航天航空,-0.3304653
49,2025-01-24,SZ.ZB_000822,山东海化,化学原料,-0.39365625
50,2025-01-24,SH.ZB_603682,锦和商管,房地产服务,-0.3959626
51,2025-01-27,SZ.ZB_002305,南国置业,房地产开发,-0.4069466
52,2025-01-27,SH.ZB_600243,青海华鼎,通用设备,-0.409171
53,2025-01-27,SZ.ZB_002199,东晶电子,电子元件,-0.4147094
54,2025-01-27,SZ.ZB_001270,铖昌科技,半导体,-0.43593776
55,2025-01-27,SH.ZB_600315,上海家化,美容护理,-0.45747012
56,2025-01-27,SH.KC_300391,长药控股,中药,-0.4619565
57,2025-01-24,SZ.ZB_002529,海源复材,专用设备,-0.46593305
58,2025-01-27,SZ.ZB_000004,国华网安,软件开发,-0.47544837
59,2025-01-27,SH.KC_301502,华阳智能,电机,-0.48084334
60,2025-01-24,SZ.ZB_002693,双成药业,生物制品,-0.5016502
61,2025-01-24,SH.ZB_603177,德创环保,环保行业,-0.5037255
62,2025-01-27,SH.KC_301030,仕净科技,专用设备,-0.508691
63,2025-01-24,SH.ZB_600238,海南椰岛,酿酒行业,-0.55165815
64,2025-01-24,SH.KC_300985,致远新能,通用设备,-0.5849654
65,2025-01-27,SH.ZB_603177,德创环保,环保行业,-0.5859019
66,2025-01-24,SH.KC_300463,迈克生物,医疗器械,-0.6201878
67,2025-01-24,SH.KC_688408,中信博,光伏设备,-0.62603223
68,2025-01-24,SH.ZB_600446,金证股份,互联网服务,-0.6299587
69,2025-01-24,SH.KC_688276,百克生物,生物制品,-0.64070636
70,2025-01-27,SH.ZB_600655,豫园股份,珠宝首饰,-0.654589
71,2025-01-27,SH.ZB_603398,沐邦高科,光伏设备,-0.6627988
72,2025-01-27,SH.ZB_600811,东方集团,农牧饲渔,-0.674255
73,2025-01-24,SZ.ZB_002603,以岭药业,中药,-0.68982786
74,2025-01-27,SZ.ZB_002529,海源复材,专用设备,-0.68988466
75,2025-01-27,SZ.ZB_002519,银河电子,通信设备,-0.71087235
76,2025-01-27,SZ.ZB_003032,传智教育,教育,-0.7143393
77,2025-01-27,SH.KC_300741,华宝股份,食品饮料,-0.71440226
78,2025-01-24,SH.KC_300829,金丹科技,食品饮料,-0.7198762
79,2025-01-27,SZ.ZB_000016,深康佳Ａ,家电行业,-0.7301157
80,2025-01-24,SH.KC_300425,中建环能,环保行业,-0.75199735
81,2025-01-27,SZ.ZB_000488,晨鸣纸业,造纸印刷,-0.7582981
82,2025-01-24,SH.KC_300190,维尔利,环保行业,-0.76262337
83,2025-01-24,SH.ZB_600243,青海华鼎,通用设备,-0.7638713
84,2025-01-24,SH.ZB_600355,精伦电子,通信设备,-0.76448584
85,2025-01-24,SZ.ZB_000799,酒鬼酒,酿酒行业,-0.7671211
86,2025-01-24,SZ.ZB_000906,浙商中拓,物流行业,-0.76959765
87,2025-01-24,SH.KC_688053,思科瑞,电子元件,-0.78824687
88,2025-01-27,SH.ZB_600421,华嵘控股,通用设备,-0.7916065
89,2025-01-27,SZ.ZB_000903,云内动力,汽车零部件,-0.80399346
90,2025-01-24,SH.ZB_600624,复旦复华,综合行业,-0.8095168
91,2025-01-24,SH.ZB_600702,舍得酒业,酿酒行业,-0.81303644
92,2025-01-27,SH.ZB_603690,至纯科技,专用设备,-0.8145776
93,2025-01-24,SH.ZB_603868,飞科电器,家电行业,-0.8176034
94,2025-01-27,SH.KC_300569,天能重工,风电设备,-0.81841576
95,2025-01-24,SH.KC_300437,清水源,化学制品,-0.8348392
96,2025-01-24,SH.KC_688062,迈威生物-U,生物制品,-0.8388346
97,2025-01-27,SH.ZB_600228,返利科技,互联网服务,-0.85441864
98,2025-01-27,SH.KC_300583,赛托生物,化学制药,-0.8593211
99,2025-01-27,SH.ZB_600355,精伦电子,通信设备,-0.8727623
100,2025-01-24,SZ.ZB_000595,宝塔实业,通用设备,-0.87935495
101,2025-01-27,SH.KC_688053,思科瑞,电子元件,-0.8850144
102,2025-01-27,SH.ZB_600129,太极集团,中药,-0.8920411
103,2025-01-24,SZ.ZB_000816,智慧农业,通用设备,-0.89449215
104,2025-01-24,SZ.ZB_000903,云内动力,汽车零部件,-0.8973252
105,2025-01-24,SH.ZB_603389,亚振家居,装修建材,-0.89783615
106,2025-01-24,SH.ZB_603838,四通股份,装修建材,-0.9030122
107,2025-01-27,SH.ZB_600636,国新文化,教育,-0.9116808
108,2025-01-27,SH.KC_688253,英诺特,生物制品,-0.9126341
109,2025-01-24,SZ.ZB_003013,地铁设计,工程咨询服务,-0.91601926
110,2025-01-24,SZ.ZB_000826,启迪环境,环保行业,-0.9376172
111,2025-01-24,SH.KC_301487,盟固利,电池,-0.94770056
112,2025-01-24,SH.ZB_600405,动力源,电源设备,-0.9529653
113,2025-01-24,SZ.ZB_000695,滨海能源,造纸印刷,-0.95514345
114,2025-01-24,SH.KC_300261,雅本化学,农药兽药,-0.9563878
115,2025-01-27,SZ.ZB_000517,荣安地产,房地产开发,-0.9668776
116,2025-01-24,SH.KC_688362,甬矽电子,半导体,-0.967885
117,2025-01-24,SZ.ZB_002342,巨力索具,通用设备,-0.9679326
118,2025-01-24,SH.KC_688511,天微电子,电子元件,-0.96965784
119,2025-01-24,SZ.ZB_002096,易普力,化学制品,-0.9723567
120,2025-01-24,SZ.ZB_002918,蒙娜丽莎,装修建材,-0.9814052
121,2025-01-24,SH.KC_301502,华阳智能,电机,-0.9827317
122,2025-01-27,SZ.ZB_002693,双成药业,生物制品,-0.9889109
123,2025-01-24,SH.ZB_600725,云维股份,煤炭行业,-0.9963937
124,2025-01-27,SZ.ZB_002603,以岭药业,中药,-0.9991021
125,2025-01-27,SH.KC_300829,金丹科技,食品饮料,-0.99988526
126,2025-01-27,SH.KC_300091,金通灵,通用设备,-1.0046383
127,2025-01-24,SH.ZB_600724,宁波富达,房地产开发,-1.0084782
128,2025-01-27,SH.ZB_600884,杉杉股份,电子元件,-1.0087148
129,2025-01-27,SH.ZB_600724,宁波富达,房地产开发,-1.0104613
130,2025-01-27,SH.KC_688559,海目星,专用设备,-1.0136029
131,2025-01-24,SH.KC_688426,康为世纪,生物制品,-1.0224303
132,2025-01-27,SZ.ZB_000830,鲁西化工,化学原料,-1.0226337
133,2025-01-24,SH.KC_301152,天力锂能,电池,-1.0259322
134,2025-01-27,SH.KC_300827,上能电气,光伏设备,-1.0309339
135,2025-01-24,SH.ZB_605296,神农集团,农牧饲渔,-1.0320853
136,2025-01-24,SH.ZB_600636,国新文化,教育,-1.0321789
137,2025-01-27,SZ.ZB_002373,千方科技,互联网服务,-1.0339254
138,2025-01-24,SH.ZB_600246,万通发展,房地产开发,-1.0404437
139,2025-01-24,SH.KC_300438,鹏辉能源,电池,-1.0445156
140,2025-01-27,SZ.ZB_002932,明德生物,医疗器械,-1.0513237
141,2025-01-27,SH.ZB_600423,柳化股份,化学原料,-1.0552094
142,2025-01-27,SH.KC_688362,甬矽电子,半导体,-1.0556259
143,2025-01-24,SZ.ZB_003016,欣贺股份,纺织服装,-1.0560887
144,2025-01-24,SH.ZB_600128,苏豪弘业,贸易行业,-1.0582135
145,2025-01-24,SZ.ZB_002466,天齐锂业,能源金属,-1.0591028
146,2025-01-24,SZ.ZB_002471,中超控股,电网设备,-1.070134
147,2025-01-24,SH.KC_688793,倍轻松,家电行业,-1.0714269
148,2025-01-24,SH.ZB_600827,百联股份,商业百货,-1.0718625
149,2025-01-24,SH.KC_300256,星星科技,消费电子,-1.0735312
150,2025-01-24,SZ.ZB_002726,龙大美食,食品饮料,-1.0769333
151,2025-01-24,SH.KC_688137,近岸蛋白,生物制品,-1.0816885
152,2025-01-27,SZ.ZB_002317,众生药业,中药,-1.081782
153,2025-01-24,SH.KC_300147,香雪制药,中药,-1.0819242
154,2025-01-24,SH.ZB_600881,亚泰集团,水泥建材,-1.0853285
155,2025-01-24,SH.ZB_600280,中央商场,商业百货,-1.0889357
156,2025-01-27,SZ.ZB_002030,达安基因,医疗器械,-1.0893234
157,2025-01-27,SZ.ZB_002762,金发拉比,纺织服装,-1.0907211
158,2025-01-24,SH.ZB_600452,涪陵电力,电力行业,-1.0912752
159,2025-01-24,SH.ZB_600187,国中水务,公用事业,-1.0978887
160,2025-01-24,SH.KC_300529,健帆生物,医疗器械,-1.098842
161,2025-01-24,SH.ZB_600199,金种子酒,酿酒行业,-1.0989736
162,2025-01-24,SH.KC_300471,厚普股份,专用设备,-1.0990146
163,2025-01-24,SZ.ZB_002557,洽洽食品,食品饮料,-1.0991192
164,2025-01-24,SH.ZB_600053,九鼎投资,多元金融,-1.1004364
165,2025-01-24,SH.ZB_603866,桃李面包,食品饮料,-1.1044347
166,2025-01-24,SZ.ZB_002418,康盛股份,家电行业,-1.1092658
167,2025-01-24,SZ.ZB_002190,成飞集成,汽车零部件,-1.1093642
168,2025-01-24,SZ.ZB_002210,飞马国际,环保行业,-1.1101869
169,2025-01-24,SH.KC_301355,南王科技,造纸印刷,-1.1112365
170,2025-01-27,SZ.ZB_002918,蒙娜丽莎,装修建材,-1.1134862
171,2025-01-27,SZ.ZB_000691,亚太实业,化学制品,-1.1164352
172,2025-01-24,SZ.ZB_002895,川恒股份,化学原料,-1.117133
173,2025-01-24,SH.KC_300530,领湃科技,电池,-1.1208185
174,2025-01-27,SH.KC_688511,天微电子,电子元件,-1.1256497
175,2025-01-24,SH.ZB_600886,国投电力,电力行业,-1.1257516
176,2025-01-24,SH.ZB_600475,华光环能,电源设备,-1.130212
177,2025-01-24,SZ.ZB_000039,中集集团,通用设备,-1.1326113
178,2025-01-27,SH.KC_688556,高测股份,光伏设备,-1.1364517
179,2025-01-24,SH.KC_688311,盟升电子,通信设备,-1.1412829
180,2025-01-27,SZ.ZB_000981,山子高科,汽车零部件,-1.1459559
181,2025-01-24,SH.ZB_605081,太和水,环保行业,-1.1469691
182,2025-01-24,SH.ZB_600372,中航机载,航天航空,-1.1471331
183,2025-01-24,SH.ZB_603208,江山欧派,装修建材,-1.1482897
184,2025-01-24,SH.ZB_601199,江南水务,公用事业,-1.1503603
185,2025-01-27,SH.ZB_603868,飞科电器,家电行业,-1.1506248
186,2025-01-27,SH.KC_300003,乐普医疗,医疗器械,-1.1508062
187,2025-01-24,SH.KC_300080,易成新能,通用设备,-1.1511418
188,2025-01-27,SH.ZB_600596,新安股份,农药兽药,-1.157921
189,2025-01-27,SH.KC_688066,航天宏图,航天航空,-1.1603808
190,2025-01-27,SH.ZB_603066,音飞储存,物流行业,-1.1615033
191,2025-01-27,SH.KC_300093,金刚光伏,光伏设备,-1.1631881
192,2025-01-24,SH.KC_300685,艾德生物,医疗器械,-1.163348
193,2025-01-27,SZ.ZB_002713,东易日盛,装修装饰,-1.1649429
194,2025-01-24,SH.KC_300896,爱美客,美容护理,-1.167215
195,2025-01-27,SH.ZB_603511,爱慕股份,纺织服装,-1.1685131
196,2025-01-27,SH.ZB_600468,百利电气,电网设备,-1.1707458
197,2025-01-27,SH.ZB_600280,中央商场,商业百货,-1.1708275
198,2025-01-24,SH.ZB_600807,济高发展,医疗器械,-1.1713747
199,2025-01-27,SH.ZB_600778,友好集团,商业百货,-1.1728991
200,2025-01-27,SZ.ZB_002055,得润电子,消费电子,-1.174711
201,2025-01-24,SH.ZB_603958,哈森股份,纺织服装,-1.1752132
202,2025-01-27,SH.KC_300420,五洋自控,通用设备,-1.1761454
203,2025-01-24,SH.KC_301566,达利凯普,电子元件,-1.1777369
204,2025-01-24,SH.KC_300477,合纵科技,电网设备,-1.1795362
205,2025-01-24,SZ.ZB_000545,金浦钛业,化学原料,-1.180856
206,2025-01-24,SH.ZB_603057,紫燕食品,食品饮料,-1.1814178
207,2025-01-27,SZ.ZB_002724,海洋王,电子元件,-1.1829044
208,2025-01-27,SH.KC_688420,美腾科技,专用设备,-1.1864483
209,2025-01-24,SH.KC_300775,三角防务,航天航空,-1.1876411
210,2025-01-24,SH.ZB_600955,维远股份,化学原料,-1.1900737
211,2025-01-24,SZ.ZB_000031,大悦城,房地产开发,-1.1907312
212,2025-01-27,SH.KC_300437,清水源,化学制品,-1.1913357
213,2025-01-24,SH.KC_300601,康泰生物,生物制品,-1.1956053
214,2025-01-24,SZ.ZB_002667,威领股份,能源金属,-1.2003628
215,2025-01-24,SH.ZB_601633,长城汽车,汽车整车,-1.2013425
216,2025-01-24,SZ.ZB_003035,南网能源,专业服务,-1.2013882
217,2025-01-24,SH.ZB_600843,上工申贝,专用设备,-1.20268
218,2025-01-27,SH.KC_300256,星星科技,消费电子,-1.2031187
219,2025-01-27,SZ.ZB_002004,华邦健康,农药兽药,-1.203589
220,2025-01-24,SH.KC_300581,晨曦航空,航天航空,-1.2076133
221,2025-01-24,SH.ZB_603678,火炬电子,电子元件,-1.207873
222,2025-01-24,SZ.ZB_000876,新 希 望,农牧饲渔,-1.2082121
223,2025-01-24,SZ.ZB_002458,益生股份,农牧饲渔,-1.2089992
224,2025-01-24,SZ.ZB_002542,中化岩土,工程建设,-1.2092402
225,2025-01-24,SH.ZB_603777,来伊份,食品饮料,-1.2098051
226,2025-01-24,SH.KC_300569,天能重工,风电设备,-1.2099863
227,2025-01-24,SZ.ZB_000782,恒申新材,化纤行业,-1.2108635
228,2025-01-24,SH.ZB_600423,柳化股份,化学原料,-1.2111462
229,2025-01-27,SH.KC_301566,达利凯普,电子元件,-1.2120055
230,2025-01-24,SH.KC_300158,振东制药,化学制药,-1.213215
231,2025-01-24,SH.ZB_603288,海天味业,食品饮料,-1.2147969
232,2025-01-24,SH.KC_300818,耐普矿机,专用设备,-1.2149621
233,2025-01-27,SZ.ZB_002414,高德红外,电子元件,-1.2156416
234,2025-01-24,SH.KC_300619,金银河,电池,-1.2171311
235,2025-01-24,SZ.ZB_002620,瑞和股份,装修装饰,-1.2171521
236,2025-01-24,SZ.ZB_002121,科陆电子,电网设备,-1.2204561
237,2025-01-24,SH.ZB_600371,万向德农,农牧饲渔,-1.2206091
238,2025-01-24,SH.KC_300763,锦浪科技,光伏设备,-1.2208822
239,2025-01-27,SZ.ZB_000039,中集集团,通用设备,-1.2223202
240,2025-01-24,SH.KC_300653,正海生物,医疗器械,-1.2250257
241,2025-01-24,SH.ZB_600135,乐凯胶片,塑料制品,-1.2270204
242,2025-01-24,SH.ZB_600370,三房巷,化学制品,-1.2276175
243,2025-01-24,SZ.ZB_002414,高德红外,电子元件,-1.2294065
244,2025-01-27,SH.KC_300068,南都电源,电池,-1.2310097
245,2025-01-27,SZ.ZB_000816,智慧农业,通用设备,-1.2316859
246,2025-01-24,SZ.ZB_002724,海洋王,电子元件,-1.231793
247,2025-01-24,SH.ZB_600696,岩石股份,酿酒行业,-1.2322526
248,2025-01-24,SZ.ZB_002352,顺丰控股,物流行业,-1.2322686
249,2025-01-24,SH.ZB_600202,哈空调,电源设备,-1.2350267
250,2025-01-27,SH.KC_688408,中信博,光伏设备,-1.2360195
251,2025-01-24,SH.KC_300026,红日药业,中药,-1.2398624
252,2025-01-27,SZ.ZB_000009,中国宝安,综合行业,-1.2408879
253,2025-01-24,SZ.ZB_000428,华天酒店,旅游酒店,-1.2410091
254,2025-01-24,SZ.ZB_002732,燕塘乳业,食品饮料,-1.2411968
255,2025-01-24,SZ.ZB_000796,凯撒旅业,旅游酒店,-1.2425596
256,2025-01-27,SH.KC_300477,合纵科技,电网设备,-1.2434888
257,2025-01-27,SH.ZB_600358,国旅联合,互联网服务,-1.2437788
258,2025-01-24,SZ.ZB_000672,上峰水泥,水泥建材,-1.2476634
259,2025-01-24,SH.KC_300066,三川智慧,仪器仪表,-1.2484409
260,2025-01-27,SH.KC_300190,维尔利,环保行业,-1.2485769
261,2025-01-24,SH.ZB_600712,南宁百货,商业百货,-1.2493638
262,2025-01-27,SH.KC_688656,浩欧博,医疗器械,-1.2520611
263,2025-01-24,SH.KC_301522,上大股份,有色金属,-1.2524545
264,2025-01-24,SH.ZB_600516,方大炭素,非金属材料,-1.2526884
265,2025-01-24,SZ.ZB_002162,悦心健康,装修建材,-1.2538016
266,2025-01-27,SH.ZB_603261,立航科技,航天航空,-1.254364
267,2025-01-24,SH.ZB_600118,中国卫星,航天航空,-1.2551436
268,2025-01-24,SH.KC_301509,金凯生科,生物制品,-1.2563211
269,2025-01-24,SH.ZB_600185,格力地产,房地产开发,-1.2569928
270,2025-01-24,SZ.ZB_002146,荣盛发展,房地产开发,-1.2585778
271,2025-01-24,SH.ZB_600500,中化国际,化学制品,-1.2595127
272,2025-01-27,SH.ZB_600665,天地源,房地产开发,-1.2597529
273,2025-01-27,SH.ZB_600305,恒顺醋业,食品饮料,-1.2598546
274,2025-01-24,SH.KC_300003,乐普医疗,医疗器械,-1.2603846
275,2025-01-24,SH.KC_300040,九洲集团,电网设备,-1.2607653
276,2025-01-24,SH.KC_300699,光威复材,化学制品,-1.2618864
277,2025-01-24,SZ.ZB_002567,唐人神,农牧饲渔,-1.2656605
278,2025-01-24,SH.ZB_600613,神奇制药,化学制药,-1.2667845
279,2025-01-24,SZ.ZB_000566,海南海药,化学制药,-1.2682123
280,2025-01-27,SH.ZB_600261,阳光照明,家电行业,-1.2682273
281,2025-01-24,SH.ZB_600759,洲际油气,石油行业,-1.268256
282,2025-01-27,SZ.ZB_000822,山东海化,化学原料,-1.2689639
283,2025-01-24,SH.ZB_603589,口子窖,酿酒行业,-1.2696794
284,2025-01-27,SZ.ZB_002039,黔源电力,电力行业,-1.2704507
285,2025-01-24,SH.ZB_600992,贵绳股份,通用设备,-1.27087
286,2025-01-24,SH.ZB_600800,渤海化学,化学制品,-1.2712034
287,2025-01-24,SH.KC_688589,力合微,半导体,-1.2719814
288,2025-01-24,SH.ZB_600067,冠城新材,电网设备,-1.2721728
289,2025-01-24,SH.ZB_603977,国泰集团,化学制品,-1.2757809
290,2025-01-24,SZ.ZB_002014,永新股份,包装材料,-1.2758491
291,2025-01-24,SZ.ZB_000333,美的集团,家电行业,-1.2779174
292,2025-01-27,SH.ZB_600500,中化国际,化学制品,-1.279525
293,2025-01-24,SH.ZB_600310,广西能源,电力行业,-1.2802961
294,2025-01-24,SH.KC_301049,超越科技,环保行业,-1.2807246
295,2025-01-24,SZ.ZB_002875,安奈儿,纺织服装,-1.281434
296,2025-01-24,SZ.ZB_002855,捷荣技术,消费电子,-1.2819781
297,2025-01-24,SH.ZB_600567,山鹰国际,造纸印刷,-1.2829199
298,2025-01-24,SZ.ZB_002760,凤形股份,通用设备,-1.2830459
299,2025-01-24,SH.KC_300957,贝泰妮,美容护理,-1.2840437
300,2025-01-24,SH.ZB_600884,杉杉股份,电子元件,-1.2842413
301,2025-01-24,SZ.ZB_000537,中绿电,电力行业,-1.2844846
302,2025-01-24,SZ.ZB_002330,得利斯,食品饮料,-1.285092
303,2025-01-27,SH.ZB_603187,海容冷链,通用设备,-1.285444
304,2025-01-24,SH.ZB_601228,广州港,航运港口,-1.285906
305,2025-01-27,SZ.ZB_001333,光华股份,化学制品,-1.2859167
306,2025-01-24,SH.KC_300783,三只松鼠,食品饮料,-1.2861072
307,2025-01-27,SH.KC_301216,万凯新材,化学制品,-1.2861876
308,2025-01-24,SZ.ZB_002272,川润股份,工程机械,-1.2863717
309,2025-01-24,SZ.ZB_002460,赣锋锂业,能源金属,-1.2876623
310,2025-01-27,SH.KC_301327,华宝新能,电源设备,-1.288327
311,2025-01-24,SH.ZB_603001,奥康国际,纺织服装,-1.2889225
312,2025-01-24,SZ.ZB_002812,恩捷股份,电池,-1.2899526
313,2025-01-24,SZ.ZB_002256,兆新股份,电网设备,-1.2900074
314,2025-01-24,SZ.ZB_002371,北方华创,半导体,-1.2909036
315,2025-01-27,SZ.ZB_002014,永新股份,包装材料,-1.2913537
316,2025-01-27,SH.ZB_600926,杭州银行,银行,-1.2938573
317,2025-01-24,SZ.ZB_000159,国际实业,石油行业,-1.2944617
318,2025-01-24,SH.KC_300429,强力新材,电子化学品,-1.2947022
319,2025-01-27,SH.ZB_603389,亚振家居,装修建材,-1.2954327
320,2025-01-24,SZ.ZB_002203,海亮股份,有色金属,-1.2970295
321,2025-01-24,SH.ZB_600089,特变电工,电网设备,-1.2973981
322,2025-01-24,SZ.ZB_002728,特一药业,中药,-1.2976204
323,2025-01-27,SH.ZB_603288,海天味业,食品饮料,-1.2977675
324,2025-01-24,SZ.ZB_002157,正邦科技,农牧饲渔,-1.2981559
325,2025-01-24,SH.KC_688356,键凯科技,化学制药,-1.2983583
326,2025-01-27,SZ.ZB_002202,金风科技,风电设备,-1.2994794
327,2025-01-24,SH.ZB_600793,宜宾纸业,造纸印刷,-1.3021364
328,2025-01-24,SH.KC_300042,朗科科技,半导体,-1.3022532
329,2025-01-24,SH.ZB_600004,白云机场,航空机场,-1.3033985
330,2025-01-24,SZ.ZB_000738,航发控制,航天航空,-1.3034688
331,2025-01-27,SH.ZB_600817,宇通重工,工程机械,-1.3042516
332,2025-01-27,SH.ZB_603107,上海汽配,汽车零部件,-1.3043242
333,2025-01-27,SH.KC_300572,安车检测,专业服务,-1.3055195
334,2025-01-24,SZ.ZB_003037,三和管桩,水泥建材,-1.3057306
335,2025-01-24,SH.ZB_601857,中国石油,石油行业,-1.3059697
336,2025-01-24,SH.ZB_600765,中航重机,航天航空,-1.3078747
337,2025-01-27,SH.ZB_600026,中远海能,航运港口,-1.3081001
338,2025-01-24,SH.KC_301571,国科天成,电子元件,-1.3088695
339,2025-01-24,SZ.ZB_002561,徐家汇,商业百货,-1.3090026
340,2025-01-24,SZ.ZB_002646,天佑德酒,酿酒行业,-1.3090298
341,2025-01-24,SH.ZB_600938,中国海油,石油行业,-1.3091949
342,2025-01-27,SZ.ZB_002567,唐人神,农牧饲渔,-1.3092282
343,2025-01-24,SZ.ZB_000929,兰州黄河,酿酒行业,-1.3110436
344,2025-01-24,SZ.ZB_002849,威星智能,仪器仪表,-1.311572
345,2025-01-24,SZ.ZB_002672,东江环保,环保行业,-1.3117427
346,2025-01-24,SH.ZB_600678,四川金顶,水泥建材,-1.3119776
347,2025-01-24,SH.KC_688223,晶科能源,光伏设备,-1.3124049
348,2025-01-27,SH.ZB_600409,三友化工,化学原料,-1.3127664
349,2025-01-24,SH.KC_300591,万里马,纺织服装,-1.3132995
350,2025-01-24,SH.KC_300892,品渥食品,食品饮料,-1.313859
351,2025-01-24,SH.ZB_601033,永兴股份,环保行业,-1.3146245
352,2025-01-24,SH.KC_300122,智飞生物,生物制品,-1.3148085
353,2025-01-27,SH.KC_300042,朗科科技,半导体,-1.3151262
354,2025-01-27,SH.ZB_603958,哈森股份,纺织服装,-1.3154631
355,2025-01-24,SH.ZB_600315,上海家化,美容护理,-1.3158432
356,2025-01-24,SH.ZB_603878,武进不锈,钢铁行业,-1.3170649
357,2025-01-24,SZ.ZB_002932,明德生物,医疗器械,-1.3177202
358,2025-01-24,SH.KC_688576,西山科技,医疗器械,-1.3178414
359,2025-01-24,SZ.ZB_000009,中国宝安,综合行业,-1.3188727
360,2025-01-24,SH.KC_301211,亨迪药业,化学制药,-1.3198565
361,2025-01-24,SH.ZB_603939,益丰药房,医药商业,-1.3201433
362,2025-01-24,SH.ZB_600080,金花股份,中药,-1.3203703
363,2025-01-27,SH.ZB_601003,柳钢股份,钢铁行业,-1.3204432
364,2025-01-27,SH.ZB_600329,达仁堂,中药,-1.3207309
365,2025-01-27,SH.KC_300529,健帆生物,医疗器械,-1.3213929
366,2025-01-27,SZ.ZB_003037,三和管桩,水泥建材,-1.3229995
367,2025-01-24,SZ.ZB_001258,立新能源,电力行业,-1.3238436
368,2025-01-24,SH.KC_301386,未来电器,电源设备,-1.3240515
369,2025-01-24,SH.ZB_600838,上海九百,商业百货,-1.3248934
370,2025-01-24,SZ.ZB_002176,江特电机,电机,-1.3255372
371,2025-01-27,SH.KC_688566,吉贝尔,化学制药,-1.325576
372,2025-01-24,SZ.ZB_000062,深圳华强,电子元件,-1.3257097
373,2025-01-24,SH.ZB_600189,泉阳泉,食品饮料,-1.3267804
374,2025-01-27,SZ.ZB_002507,涪陵榨菜,食品饮料,-1.3269678
375,2025-01-24,SH.ZB_605089,味知香,食品饮料,-1.3270955
376,2025-01-24,SZ.ZB_002970,锐明技术,计算机设备,-1.327183
377,2025-01-27,SH.ZB_603057,紫燕食品,食品饮料,-1.3283379
378,2025-01-24,SH.KC_300796,贝斯美,农药兽药,-1.331481
379,2025-01-24,SH.ZB_601158,重庆水务,公用事业,-1.3315005
380,2025-01-27,SH.ZB_600597,光明乳业,食品饮料,-1.332081
381,2025-01-24,SH.ZB_600811,东方集团,农牧饲渔,-1.3325541
382,2025-01-27,SZ.ZB_002884,凌霄泵业,通用设备,-1.3327019
383,2025-01-24,SH.KC_688151,华强科技,专用设备,-1.3332493
384,2025-01-24,SZ.ZB_002144,宏达高科,纺织服装,-1.3336115
385,2025-01-24,SH.ZB_603882,金域医学,医疗服务,-1.3344127
386,2025-01-24,SZ.ZB_002445,中南文化,通用设备,-1.3346642
387,2025-01-27,SZ.ZB_002426,胜利精密,通用设备,-1.3346792
388,2025-01-24,SH.KC_688047,龙芯中科,半导体,-1.3371334
389,2025-01-27,SZ.ZB_002430,杭氧股份,专用设备,-1.3371735
390,2025-01-24,SZ.ZB_002626,金达威,食品饮料,-1.3387973
391,2025-01-24,SZ.ZB_001279,强邦新材,造纸印刷,-1.3388457
392,2025-01-24,SH.ZB_600966,博汇纸业,造纸印刷,-1.3390017
393,2025-01-24,SH.KC_300014,亿纬锂能,电池,-1.3391556
394,2025-01-24,SH.ZB_600795,国电电力,电力行业,-1.3394201
395,2025-01-27,SZ.ZB_002382,蓝帆医疗,医疗器械,-1.3408813
396,2025-01-24,SZ.ZB_002382,蓝帆医疗,医疗器械,-1.3412898
397,2025-01-24,SH.ZB_600529,山东药玻,医疗器械,-1.3420197
398,2025-01-24,SZ.ZB_002305,南国置业,房地产开发,-1.3420707
399,2025-01-24,SZ.ZB_000421,南京公用,燃气,-1.3426528
400,2025-01-27,SH.ZB_603500,祥和实业,交运设备,-1.3427924
401,2025-01-24,SZ.ZB_002431,棕榈股份,工程建设,-1.3428482
402,2025-01-27,SH.ZB_600202,哈空调,电源设备,-1.3432399
403,2025-01-24,SH.KC_300655,晶瑞电材,电子化学品,-1.3436179
404,2025-01-24,SZ.ZB_002254,泰和新材,化纤行业,-1.3440325
405,2025-01-24,SH.KC_300474,景嘉微,电子元件,-1.3443681
406,2025-01-24,SH.KC_301062,上海艾录,包装材料,-1.3450911
407,2025-01-24,SH.KC_300260,新莱应材,通用设备,-1.3459389
408,2025-01-24,SZ.ZB_002930,宏川智慧,物流行业,-1.3465216
409,2025-01-27,SH.ZB_600038,中直股份,航天航空,-1.3466309
410,2025-01-24,SZ.ZB_000670,盈方微,半导体,-1.3488808
411,2025-01-27,SZ.ZB_002818,富森美,商业百货,-1.349606
412,2025-01-27,SZ.ZB_000983,山西焦煤,煤炭行业,-1.3499361
413,2025-01-24,SZ.ZB_002004,华邦健康,农药兽药,-1.3499548
414,2025-01-27,SH.ZB_601158,重庆水务,公用事业,-1.3502113
415,2025-01-24,SH.ZB_603876,鼎胜新材,有色金属,-1.350823
416,2025-01-27,SH.KC_300868,杰美特,电子元件,-1.3508546
417,2025-01-24,SH.ZB_600939,重庆建工,工程建设,-1.3513982
418,2025-01-27,SZ.ZB_002342,巨力索具,通用设备,-1.3516742
419,2025-01-24,SH.KC_688338,赛科希德,医疗器械,-1.3518053
420,2025-01-24,SH.KC_300510,金冠股份,电网设备,-1.3519698
421,2025-01-24,SH.ZB_603899,晨光股份,家用轻工,-1.3520097
422,2025-01-24,SH.KC_300572,安车检测,专业服务,-1.352343
423,2025-01-27,SH.ZB_601568,北元集团,化学原料,-1.3537214
424,2025-01-27,SH.ZB_600166,福田汽车,汽车整车,-1.3542643
425,2025-01-27,SH.KC_300146,汤臣倍健,食品饮料,-1.3553463
426,2025-01-27,SZ.ZB_002190,成飞集成,汽车零部件,-1.3555436
427,2025-01-24,SZ.ZB_003000,劲仔食品,食品饮料,-1.355609
428,2025-01-24,SZ.ZB_002043,兔 宝 宝,装修建材,-1.3560395
429,2025-01-27,SH.ZB_600475,华光环能,电源设备,-1.3561414
430,2025-01-27,SZ.ZB_002346,柘中股份,电网设备,-1.3567848
431,2025-01-24,SH.ZB_600072,中船科技,风电设备,-1.3592602
432,2025-01-27,SZ.ZB_002786,银宝山新,专用设备,-1.3594105
433,2025-01-27,SZ.ZB_002726,龙大美食,食品饮料,-1.3606309
434,2025-01-27,SH.ZB_600828,茂业商业,商业百货,-1.3608807
435,2025-01-27,SZ.ZB_003016,欣贺股份,纺织服装,-1.3610559
436,2025-01-24,SZ.ZB_002813,路畅科技,汽车零部件,-1.3611451
437,2025-01-24,SH.ZB_600789,鲁抗医药,化学制药,-1.3611549
438,2025-01-24,SZ.ZB_002108,沧州明珠,塑料制品,-1.3620346
439,2025-01-27,SH.ZB_601808,中海油服,采掘行业,-1.3622394
440,2025-01-27,SH.KC_688062,迈威生物-U,生物制品,-1.3631322
441,2025-01-24,SH.ZB_600426,华鲁恒升,化学原料,-1.363198
442,2025-01-24,SZ.ZB_002493,荣盛石化,化纤行业,-1.3632962
443,2025-01-27,SH.ZB_600984,建设机械,工程机械,-1.3637697
444,2025-01-24,SZ.ZB_000050,深天马Ａ,光学光电子,-1.3640648
445,2025-01-24,SH.KC_300847,中船汉光,消费电子,-1.3648233
446,2025-01-24,SH.ZB_601568,北元集团,化学原料,-1.3659534
447,2025-01-24,SH.ZB_600828,茂业商业,商业百货,-1.3665159
448,2025-01-24,SZ.ZB_002229,鸿博股份,造纸印刷,-1.3669527
449,2025-01-24,SZ.ZB_002246,北化股份,化学制品,-1.3680526
450,2025-01-24,SZ.ZB_002369,卓翼科技,消费电子,-1.3682232
451,2025-01-24,SZ.ZB_002427,尤夫股份,化纤行业,-1.3687172
452,2025-01-24,SH.ZB_601828,美凯龙,商业百货,-1.3697422
453,2025-01-24,SH.ZB_600662,外服控股,专业服务,-1.3702422
454,2025-01-24,SH.ZB_600566,济川药业,中药,-1.3712413
455,2025-01-27,SH.ZB_603658,安图生物,医疗器械,-1.3729979
456,2025-01-24,SH.KC_300722,新余国科,航天航空,-1.3733628
457,2025-01-24,SZ.ZB_002847,盐津铺子,食品饮料,-1.373494
458,2025-01-24,SH.ZB_603358,华达科技,汽车零部件,-1.3735203
459,2025-01-24,SH.KC_300094,国联水产,食品饮料,-1.3735855
460,2025-01-24,SH.KC_301613,新铝时代,汽车零部件,-1.3737423
461,2025-01-27,SH.ZB_600080,金花股份,中药,-1.3741059
462,2025-01-24,SZ.ZB_000544,中原环保,公用事业,-1.3757964
463,2025-01-24,SH.KC_301268,铭利达,通用设备,-1.3770288
464,2025-01-24,SH.ZB_600935,华塑股份,化学原料,-1.3772457
465,2025-01-24,SH.KC_688363,华熙生物,美容护理,-1.3772593
466,2025-01-27,SH.ZB_600072,中船科技,风电设备,-1.3777375
467,2025-01-27,SH.ZB_605008,长鸿高科,塑料制品,-1.3780805
468,2025-01-24,SZ.ZB_002214,大立科技,电子元件,-1.3781333
469,2025-01-27,SH.KC_300014,亿纬锂能,电池,-1.3784697
470,2025-01-27,SH.ZB_600697,欧亚集团,商业百货,-1.3790193
471,2025-01-24,SH.ZB_600780,通宝能源,电力行业,-1.3792809
472,2025-01-27,SH.KC_301559,中集环科,通用设备,-1.3794237
473,2025-01-24,SH.ZB_603517,绝味食品,食品饮料,-1.3795979
474,2025-01-27,SZ.ZB_002022,科华生物,医疗器械,-1.3798323
475,2025-01-24,SH.ZB_600841,动力新科,汽车整车,-1.3800845
476,2025-01-27,SH.ZB_600251,冠农股份,农牧饲渔,-1.3802878
477,2025-01-24,SZ.ZB_002326,永太科技,化学制品,-1.3821317
478,2025-01-27,SZ.ZB_002110,三钢闽光,钢铁行业,-1.3821536
479,2025-01-24,SZ.ZB_002952,亚世光电,光学光电子,-1.3821672
480,2025-01-24,SZ.ZB_000519,中兵红箭,专用设备,-1.3828841
481,2025-01-24,SZ.ZB_000521,长虹美菱,家电行业,-1.3832974
482,2025-01-24,SH.KC_688198,佰仁医疗,医疗器械,-1.3837774
483,2025-01-27,SH.ZB_600888,新疆众和,有色金属,-1.3841672
484,2025-01-24,SH.ZB_600436,片仔癀,中药,-1.3842398
485,2025-01-24,SH.KC_301116,益客食品,食品饮料,-1.3845229
486,2025-01-27,SH.ZB_600712,南宁百货,商业百货,-1.385474
487,2025-01-27,SZ.ZB_002697,红旗连锁,商业百货,-1.3862259
488,2025-01-27,SH.ZB_600582,天地科技,专用设备,-1.3862929
489,2025-01-24,SZ.ZB_001217,华尔泰,化学原料,-1.3864038
490,2025-01-24,SH.ZB_600559,老白干酒,酿酒行业,-1.38735
491,2025-01-27,SZ.ZB_000701,厦门信达,商业百货,-1.387634
492,2025-01-24,SZ.ZB_003039,顺控发展,公用事业,-1.3893201
493,2025-01-27,SH.ZB_601718,际华集团,纺织服装,-1.3894215
494,2025-01-24,SH.ZB_601368,绿城水务,公用事业,-1.3895636
495,2025-01-24,SH.ZB_603399,永杉锂业,小金属,-1.3909261
496,2025-01-27,SH.ZB_605005,合兴股份,汽车零部件,-1.391024
497,2025-01-27,SH.ZB_600446,金证股份,互联网服务,-1.3915387
498,2025-01-24,SH.ZB_601061,中信金属,贸易行业,-1.3918338
499,2025-01-24,SH.KC_300683,海特生物,生物制品,-1.3918576
500,2025-01-24,SH.KC_301387,光大同创,消费电子,-1.3922434
501,2025-01-27,SH.ZB_600185,格力地产,房地产开发,-1.3923535
502,2025-01-27,SH.KC_688151,华强科技,专用设备,-1.3932269
503,2025-01-24,SH.ZB_605008,长鸿高科,塑料制品,-1.3933082
504,2025-01-27,SZ.ZB_002737,葵花药业,中药,-1.3933414
505,2025-01-24,SZ.ZB_002521,齐峰新材,造纸印刷,-1.3942456
506,2025-01-27,SH.ZB_600681,百川能源,燃气,-1.394661
507,2025-01-24,SH.KC_301357,北方长龙,汽车零部件,-1.3949102
508,2025-01-24,SH.KC_300671,富满微,半导体,-1.3955361
509,2025-01-24,SZ.ZB_000088,盐 田 港,航运港口,-1.3958664
510,2025-01-27,SZ.ZB_000789,万年青,水泥建材,-1.3961104
511,2025-01-24,SH.KC_688584,上海合晶,半导体,-1.3980474
512,2025-01-24,SZ.ZB_000027,深圳能源,电力行业,-1.3983095
513,2025-01-24,SH.KC_300045,华力创通,计算机设备,-1.398655
514,2025-01-27,SZ.ZB_002158,汉钟精机,通用设备,-1.3989518
515,2025-01-24,SH.ZB_600305,恒顺醋业,食品饮料,-1.3989809
516,2025-01-24,SH.ZB_600929,雪天盐业,化学原料,-1.399581
517,2025-01-24,SH.ZB_600132,重庆啤酒,酿酒行业,-1.3998677
518,2025-01-24,SH.ZB_601006,大秦铁路,物流行业,-1.3999536
519,2025-01-27,SZ.ZB_000998,隆平高科,农牧饲渔,-1.4000775
520,2025-01-24,SZ.ZB_000930,中粮科技,农牧饲渔,-1.4006943
521,2025-01-24,SZ.ZB_002511,中顺洁柔,造纸印刷,-1.401662
522,2025-01-24,SH.ZB_600346,恒力石化,化纤行业,-1.4026169
523,2025-01-24,SZ.ZB_002386,天原股份,化学原料,-1.4031783
524,2025-01-27,SZ.ZB_002275,桂林三金,中药,-1.403453
525,2025-01-24,SH.KC_300554,三超新材,通用设备,-1.403535
526,2025-01-24,SZ.ZB_002183,怡 亚 通,贸易行业,-1.4038428
527,2025-01-24,SZ.ZB_002793,罗欣药业,化学制药,-1.4040118
528,2025-01-27,SH.ZB_601699,潞安环能,煤炭行业,-1.4040337
529,2025-01-27,SH.ZB_600028,中国石化,石油行业,-1.4045013
530,2025-01-24,SH.KC_300999,金龙鱼,食品饮料,-1.4046348
531,2025-01-27,SH.ZB_600516,方大炭素,非金属材料,-1.4049755
532,2025-01-27,SH.ZB_603589,口子窖,酿酒行业,-1.4056396
533,2025-01-24,SZ.ZB_000061,农 产 品,贸易行业,-1.405703
534,2025-01-27,SH.KC_688057,金达莱,环保行业,-1.4057097
535,2025-01-24,SH.ZB_603799,华友钴业,能源金属,-1.4057443
536,2025-01-27,SZ.ZB_003000,劲仔食品,食品饮料,-1.4063694
537,2025-01-27,SZ.ZB_002091,江苏国泰,贸易行业,-1.4064262
538,2025-01-24,SH.ZB_600195,中牧股份,农药兽药,-1.4065046
539,2025-01-24,SH.KC_300878,维康药业,中药,-1.4070075
540,2025-01-24,SH.ZB_603716,塞力医疗,医药商业,-1.4070529
541,2025-01-24,SZ.ZB_002818,富森美,商业百货,-1.408957
542,2025-01-27,SH.ZB_600089,特变电工,电网设备,-1.4092734
543,2025-01-24,SH.ZB_603086,先达股份,农药兽药,-1.4099839
544,2025-01-27,SH.ZB_601606,长城军工,专用设备,-1.4109037
545,2025-01-27,SZ.ZB_001239,永达股份,专用设备,-1.4113977
546,2025-01-24,SH.ZB_600596,新安股份,农药兽药,-1.4115064
547,2025-01-24,SH.KC_301516,中远通,电源设备,-1.4122277
548,2025-01-24,SZ.ZB_000503,国新健康,软件开发,-1.4125137
549,2025-01-24,SZ.ZB_000639,西王食品,食品饮料,-1.4128429
550,2025-01-24,SH.KC_300197,节能铁汉,环保行业,-1.4129175
551,2025-01-24,SH.ZB_603126,中材节能,环保行业,-1.413416
552,2025-01-27,SH.ZB_600497,驰宏锌锗,有色金属,-1.4135145
553,2025-01-27,SZ.ZB_002732,燕塘乳业,食品饮料,-1.4140078
554,2025-01-24,SZ.ZB_000762,西藏矿业,能源金属,-1.4144913
555,2025-01-24,SH.KC_300041,回天新材,化学制品,-1.4148867
556,2025-01-24,SH.KC_300072,海新能科,化学制品,-1.4148996
557,2025-01-27,SH.ZB_600567,山鹰国际,造纸印刷,-1.4151994
558,2025-01-24,SH.KC_301559,中集环科,通用设备,-1.4152077
559,2025-01-24,SZ.ZB_003026,中晶科技,半导体,-1.4153699
560,2025-01-27,SH.ZB_600664,哈药股份,化学制药,-1.4157629
561,2025-01-24,SZ.ZB_000967,盈峰环境,环保行业,-1.4157915
562,2025-01-27,SH.ZB_601615,明阳智能,风电设备,-1.4158988
563,2025-01-27,SH.ZB_605296,神农集团,农牧饲渔,-1.41594
564,2025-01-27,SZ.ZB_000589,贵州轮胎,橡胶制品,-1.4160315
565,2025-01-24,SH.ZB_600395,盘江股份,煤炭行业,-1.4164214
566,2025-01-24,SZ.ZB_002299,圣农发展,农牧饲渔,-1.417429
567,2025-01-24,SH.ZB_601700,风范股份,电网设备,-1.4175066
568,2025-01-27,SZ.ZB_000501,武商集团,商业百货,-1.4175421
569,2025-01-24,SH.ZB_603886,元祖股份,食品饮料,-1.4175903
570,2025-01-24,SZ.ZB_000980,众泰汽车,汽车整车,-1.417612
571,2025-01-24,SZ.ZB_002262,恩华药业,化学制药,-1.41783
572,2025-01-24,SH.ZB_601808,中海油服,采掘行业,-1.4179237
573,2025-01-27,SZ.ZB_002419,天虹股份,商业百货,-1.4182128
574,2025-01-24,SZ.ZB_000016,深康佳Ａ,家电行业,-1.4184457
575,2025-01-24,SH.KC_300365,恒华科技,软件开发,-1.4187087
576,2025-01-24,SZ.ZB_002091,江苏国泰,贸易行业,-1.4191024
577,2025-01-24,SZ.ZB_000037,深南电A,电力行业,-1.4192165
578,2025-01-24,SH.ZB_600775,南京熊猫,通信设备,-1.4195555
579,2025-01-24,SH.ZB_601606,长城军工,专用设备,-1.4197946
580,2025-01-24,SZ.ZB_002549,凯美特气,化学制品,-1.419977
581,2025-01-24,SH.ZB_601998,中信银行,银行,-1.420125
582,2025-01-27,SZ.ZB_002108,沧州明珠,塑料制品,-1.4205084
583,2025-01-24,SZ.ZB_000516,国际医学,医疗服务,-1.4209293
584,2025-01-27,SH.KC_688658,悦康药业,化学制药,-1.4210371
585,2025-01-24,SH.ZB_600336,澳柯玛,家电行业,-1.4214911
586,2025-01-27,SH.ZB_603399,永杉锂业,小金属,-1.421693
587,2025-01-27,SH.ZB_600741,华域汽车,汽车零部件,-1.4218588
588,2025-01-24,SH.ZB_603711,香飘飘,食品饮料,-1.4219159
589,2025-01-24,SH.KC_300741,华宝股份,食品饮料,-1.4219377
590,2025-01-27,SH.KC_301487,盟固利,电池,-1.4225235
591,2025-01-27,SZ.ZB_000050,深天马Ａ,光学光电子,-1.4228021
592,2025-01-24,SH.ZB_601107,四川成渝,铁路公路,-1.4228501
593,2025-01-27,SH.ZB_603486,科沃斯,家电行业,-1.4236554
594,2025-01-24,SH.ZB_603345,安井食品,食品饮料,-1.4237053
595,2025-01-24,SZ.ZB_000553,安道麦A,农药兽药,-1.4242138
596,2025-01-24,SH.ZB_600877,电科芯片,半导体,-1.424326
597,2025-01-24,SH.ZB_600893,航发动力,航天航空,-1.4244546
598,2025-01-24,SZ.ZB_000507,珠海港,航运港口,-1.4245561
599,2025-01-24,SZ.ZB_002151,北斗星通,通信设备,-1.4250557
600,2025-01-27,SZ.ZB_002847,盐津铺子,食品饮料,-1.4262202
601,2025-01-24,SZ.ZB_002641,公元股份,装修建材,-1.4264975
602,2025-01-27,SZ.ZB_002783,凯龙股份,化学制品,-1.426648
603,2025-01-27,SZ.ZB_000800,一汽解放,汽车整车,-1.4266751
604,2025-01-24,SH.ZB_600479,千金药业,中药,-1.4267119
605,2025-01-24,SH.ZB_605158,华达新材,钢铁行业,-1.4270308
606,2025-01-24,SZ.ZB_002242,九阳股份,家电行业,-1.4276125
607,2025-01-24,SH.ZB_605005,合兴股份,汽车零部件,-1.4279538
608,2025-01-24,SH.ZB_600284,浦东建设,工程建设,-1.4280665
609,2025-01-27,SZ.ZB_002728,特一药业,中药,-1.4286677
610,2025-01-27,SZ.ZB_002100,天康生物,农牧饲渔,-1.4294937
611,2025-01-27,SZ.ZB_002254,泰和新材,化纤行业,-1.4295812
612,2025-01-27,SZ.ZB_000738,航发控制,航天航空,-1.4297235
613,2025-01-24,SZ.ZB_002959,小熊电器,家电行业,-1.4297369
614,2025-01-27,SH.ZB_600887,伊利股份,食品饮料,-1.4298422
615,2025-01-27,SH.ZB_603101,汇嘉时代,商业百货,-1.4299132
616,2025-01-27,SZ.ZB_001217,华尔泰,化学原料,-1.4299238
617,2025-01-27,SZ.ZB_002959,小熊电器,家电行业,-1.4300612
618,2025-01-27,SZ.ZB_000561,烽火电子,通信设备,-1.4305075
619,2025-01-27,SH.KC_300422,博世科,环保行业,-1.4305743
620,2025-01-27,SZ.ZB_002146,荣盛发展,房地产开发,-1.4306968
621,2025-01-24,SZ.ZB_002240,盛新锂能,能源金属,-1.4316871
622,2025-01-24,SZ.ZB_002271,东方雨虹,装修建材,-1.4317478
623,2025-01-24,SZ.ZB_000659,珠海中富,包装材料,-1.4318893
624,2025-01-24,SZ.ZB_001872,招商港口,航运港口,-1.431924
625,2025-01-24,SH.ZB_600792,云煤能源,煤炭行业,-1.4322468
626,2025-01-27,SZ.ZB_002176,江特电机,电机,-1.4329755
627,2025-01-24,SZ.ZB_002329,皇氏集团,食品饮料,-1.4331262
628,2025-01-24,SH.ZB_600035,楚天高速,铁路公路,-1.43344
629,2025-01-24,SZ.ZB_002531,天顺风能,风电设备,-1.4338074
630,2025-01-24,SH.KC_300593,新雷能,电源设备,-1.4340976
631,2025-01-27,SH.KC_301062,上海艾录,包装材料,-1.4341487
632,2025-01-24,SZ.ZB_002737,葵花药业,中药,-1.4343542
633,2025-01-24,SH.KC_300146,汤臣倍健,食品饮料,-1.4351547
634,2025-01-24,SZ.ZB_002317,众生药业,中药,-1.4361887
635,2025-01-27,SH.KC_688425,铁建重工,工程机械,-1.4363117
636,2025-01-24,SH.KC_300332,天壕能源,燃气,-1.436376
637,2025-01-24,SZ.ZB_002178,延华智能,软件开发,-1.4364282
638,2025-01-27,SZ.ZB_000521,长虹美菱,家电行业,-1.4364301
639,2025-01-24,SH.ZB_600818,中路股份,交运设备,-1.4365985
640,2025-01-24,SH.ZB_603708,家家悦,商业百货,-1.4366496
641,2025-01-27,SH.KC_300471,厚普股份,专用设备,-1.4367744
642,2025-01-24,SH.KC_300198,纳川股份,装修建材,-1.4371634
643,2025-01-24,SZ.ZB_002515,金字火腿,食品饮料,-1.4380394
644,2025-01-27,SH.ZB_600168,武汉控股,公用事业,-1.4392327
645,2025-01-24,SH.KC_300997,欢乐家,食品饮料,-1.439603
646,2025-01-24,SH.ZB_600594,益佰制药,中药,-1.4398696
647,2025-01-24,SZ.ZB_000059,华锦股份,石油行业,-1.4400474
648,2025-01-24,SZ.ZB_002075,沙钢股份,钢铁行业,-1.4403069
649,2025-01-24,SH.KC_688425,铁建重工,工程机械,-1.4410974
650,2025-01-27,SZ.ZB_002371,北方华创,半导体,-1.4413373
651,2025-01-24,SH.ZB_600250,南京商旅,贸易行业,-1.4413486
652,2025-01-24,SZ.ZB_002060,广东建工,工程建设,-1.4416006
653,2025-01-27,SH.ZB_603876,鼎胜新材,有色金属,-1.4424422
654,2025-01-24,SH.KC_301418,协昌科技,专用设备,-1.442723
655,2025-01-24,SH.ZB_601699,潞安环能,煤炭行业,-1.4431019
656,2025-01-24,SH.KC_688562,航天软件,互联网服务,-1.4431508
657,2025-01-27,SH.KC_300040,九洲集团,电网设备,-1.4433514
658,2025-01-27,SH.ZB_601065,江盐集团,化学原料,-1.4434916
659,2025-01-27,SH.ZB_601566,九牧王,纺织服装,-1.4444135
660,2025-01-24,SH.KC_300527,中船应急,专用设备,-1.4446099
661,2025-01-24,SZ.ZB_002697,红旗连锁,商业百货,-1.4447904
662,2025-01-24,SH.KC_688623,双元科技,专用设备,-1.4448943
663,2025-01-24,SH.ZB_600009,上海机场,航空机场,-1.445231
664,2025-01-24,SZ.ZB_002832,比音勒芬,纺织服装,-1.4455233
665,2025-01-24,SH.KC_300900,广联航空,航天航空,-1.44584
666,2025-01-24,SZ.ZB_000570,苏常柴Ａ,汽车零部件,-1.4461818
667,2025-01-24,SZ.ZB_002406,远东传动,汽车零部件,-1.4466053
668,2025-01-27,SH.KC_688223,晶科能源,光伏设备,-1.4467101
669,2025-01-27,SH.ZB_603678,火炬电子,电子元件,-1.4469604
670,2025-01-27,SZ.ZB_002049,紫光国微,半导体,-1.4470642
671,2025-01-24,SZ.ZB_000591,太阳能,电力行业,-1.447142
672,2025-01-24,SH.ZB_601615,明阳智能,风电设备,-1.4471691
673,2025-01-27,SZ.ZB_002508,老板电器,家电行业,-1.4472213
674,2025-01-24,SH.KC_301087,可孚医疗,医疗器械,-1.4477675
675,2025-01-24,SH.ZB_600483,福能股份,电力行业,-1.4481117
676,2025-01-24,SH.ZB_600617,国新能源,燃气,-1.4481523
677,2025-01-27,SH.ZB_600549,厦门钨业,小金属,-1.4481688
678,2025-01-24,SH.ZB_600425,青松建化,水泥建材,-1.4483495
679,2025-01-27,SH.ZB_600395,盘江股份,煤炭行业,-1.4483669
680,2025-01-24,SH.ZB_600328,中盐化工,化学原料,-1.4483737
681,2025-01-24,SH.KC_688119,中钢洛耐,非金属材料,-1.4485023
682,2025-01-27,SH.KC_688623,双元科技,专用设备,-1.4488163
683,2025-01-27,SZ.ZB_002157,正邦科技,农牧饲渔,-1.4491309
684,2025-01-24,SZ.ZB_002560,通达股份,电网设备,-1.4494658
685,2025-01-27,SH.ZB_600011,华能国际,电力行业,-1.4503291
686,2025-01-27,SZ.ZB_002557,洽洽食品,食品饮料,-1.4503566
687,2025-01-24,SZ.ZB_002722,物产金轮,纺织服装,-1.4504119
688,2025-01-27,SZ.ZB_000876,新 希 望,农牧饲渔,-1.4504439
689,2025-01-24,SH.KC_300267,尔康制药,化学制药,-1.4506303
690,2025-01-24,SZ.ZB_002702,海欣食品,食品饮料,-1.4509436
691,2025-01-24,SH.KC_301526,国际复材,玻璃玻纤,-1.4513528
692,2025-01-24,SZ.ZB_002234,民和股份,农牧饲渔,-1.4513699
693,2025-01-24,SH.ZB_600467,好当家,农牧饲渔,-1.4516867
694,2025-01-24,SH.ZB_603351,威尔药业,化学制药,-1.4518375
695,2025-01-24,SZ.ZB_002007,华兰生物,生物制品,-1.451848
696,2025-01-27,SH.KC_300601,康泰生物,生物制品,-1.4522763
697,2025-01-24,SH.KC_300401,花园生物,化学制药,-1.4523426
698,2025-01-24,SH.KC_301089,拓新药业,化学制药,-1.4525286
699,2025-01-27,SH.ZB_600056,中国医药,医药商业,-1.4526091
700,2025-01-24,SH.KC_301281,科源制药,化学制药,-1.4531608
701,2025-01-24,SH.KC_300853,申昊科技,通用设备,-1.4531784
702,2025-01-24,SH.ZB_601800,中国交建,工程建设,-1.4536477
703,2025-01-24,SH.ZB_600011,华能国际,电力行业,-1.4538238
704,2025-01-24,SH.ZB_600073,光明肉业,食品饮料,-1.4538357
705,2025-01-24,SH.ZB_600888,新疆众和,有色金属,-1.4542766
706,2025-01-24,SH.KC_300801,泰和科技,化学制品,-1.454548
707,2025-01-24,SH.KC_300827,上能电气,光伏设备,-1.4545639
708,2025-01-27,SH.ZB_600897,厦门空港,航空机场,-1.4546764
709,2025-01-24,SZ.ZB_002631,德尔未来,装修建材,-1.4547665
710,2025-01-27,SH.ZB_603839,安正时尚,纺织服装,-1.4557108
711,2025-01-24,SH.KC_688469,芯联集成-U,半导体,-1.4560099
712,2025-01-24,SH.ZB_605388,均瑶健康,食品饮料,-1.4560487
713,2025-01-27,SH.ZB_600362,江西铜业,有色金属,-1.4561539
714,2025-01-24,SH.ZB_603980,吉华集团,化学制品,-1.4568533
715,2025-01-24,SZ.ZB_000509,华塑控股,光学光电子,-1.4568982
716,2025-01-27,SH.ZB_600127,金健米业,农牧饲渔,-1.4574946
717,2025-01-24,SZ.ZB_000652,泰达股份,综合行业,-1.4587563
718,2025-01-27,SH.KC_688033,天宜上佳,光伏设备,-1.4588646
719,2025-01-24,SZ.ZB_002049,紫光国微,半导体,-1.4591092
720,2025-01-27,SH.KC_688311,盟升电子,通信设备,-1.4592326
721,2025-01-27,SZ.ZB_000159,国际实业,石油行业,-1.4592667
722,2025-01-24,SZ.ZB_002507,涪陵榨菜,食品饮料,-1.459323
723,2025-01-24,SZ.ZB_000800,一汽解放,汽车整车,-1.4600465
724,2025-01-24,SH.ZB_601218,吉鑫科技,风电设备,-1.460206
725,2025-01-24,SH.KC_300537,广信材料,电子化学品,-1.460472
726,2025-01-24,SH.ZB_600519,贵州茅台,酿酒行业,-1.4606333
727,2025-01-27,SZ.ZB_000425,徐工机械,工程机械,-1.4606491
728,2025-01-27,SH.ZB_600795,国电电力,电力行业,-1.4622321
729,2025-01-24,SZ.ZB_000900,现代投资,铁路公路,-1.4624579
730,2025-01-24,SZ.ZB_000599,青岛双星,橡胶制品,-1.4629772
731,2025-01-24,SZ.ZB_002263,大东南,塑料制品,-1.4630015
732,2025-01-24,SH.KC_300664,鹏鹞环保,环保行业,-1.463234
733,2025-01-27,SZ.ZB_000756,新华制药,化学制药,-1.4636725
734,2025-01-24,SH.ZB_600965,福成股份,农牧饲渔,-1.4638352
735,2025-01-24,SZ.ZB_002638,勤上股份,光学光电子,-1.4638435
736,2025-01-24,SH.ZB_601116,三江购物,商业百货,-1.4639215
737,2025-01-24,SH.ZB_600674,川投能源,电力行业,-1.4639664
738,2025-01-24,SH.ZB_600597,光明乳业,食品饮料,-1.4640129
739,2025-01-24,SH.ZB_603335,迪生力,汽车零部件,-1.4642258
740,2025-01-24,SH.KC_301019,宁波色母,塑料制品,-1.4645798
741,2025-01-24,SH.ZB_603207,小方制药,化学制药,-1.464878
742,2025-01-27,SZ.ZB_002875,安奈儿,纺织服装,-1.4649353
743,2025-01-24,SH.KC_301201,诚达药业,医疗服务,-1.4655172
744,2025-01-24,SZ.ZB_001239,永达股份,专用设备,-1.4658117
745,2025-01-27,SH.KC_300072,海新能科,化学制品,-1.4659898
746,2025-01-24,SZ.ZB_002816,和科达,专用设备,-1.4660702
747,2025-01-24,SZ.ZB_001965,招商公路,铁路公路,-1.4670488
748,2025-01-24,SH.KC_688012,中微公司,半导体,-1.4673718
749,2025-01-27,SH.ZB_603276,恒兴新材,化学原料,-1.4677558
750,2025-01-24,SH.ZB_603569,长久物流,物流行业,-1.4681363
751,2025-01-24,SZ.ZB_000721,西安饮食,旅游酒店,-1.4685783
752,2025-01-27,SH.ZB_603001,奥康国际,纺织服装,-1.4685788
753,2025-01-24,SH.ZB_603279,景津装备,专用设备,-1.4694633
754,2025-01-24,SH.KC_300086,康芝药业,化学制药,-1.4694837
755,2025-01-24,SZ.ZB_002338,奥普光电,仪器仪表,-1.4695851
756,2025-01-24,SH.ZB_601798,蓝科高新,专用设备,-1.4700428
757,2025-01-24,SH.ZB_600085,同仁堂,中药,-1.4705095
758,2025-01-27,SZ.ZB_000078,海王生物,医药商业,-1.4705824
759,2025-01-27,SH.ZB_601212,白银有色,有色金属,-1.4708104
760,2025-01-24,SH.KC_301058,中粮科工,工程建设,-1.4708875
761,2025-01-24,SZ.ZB_002216,三全食品,食品饮料,-1.4712694
762,2025-01-24,SH.KC_300876,蒙泰高新,化纤行业,-1.4714123
763,2025-01-27,SZ.ZB_001387,雪祺电气,家电行业,-1.4717247
764,2025-01-24,SZ.ZB_002032,苏 泊 尔,家电行业,-1.4717745
765,2025-01-24,SZ.ZB_002307,北新路桥,工程建设,-1.4718697
766,2025-01-27,SH.KC_300723,一品红,化学制药,-1.4719919
767,2025-01-24,SH.ZB_600166,福田汽车,汽车整车,-1.4727217
768,2025-01-24,SH.ZB_600056,中国医药,医药商业,-1.472948
769,2025-01-24,SH.KC_688162,巨一科技,专用设备,-1.4730165
770,2025-01-24,SZ.ZB_000564,供销大集,商业百货,-1.4732153
771,2025-01-27,SH.ZB_603808,歌力思,纺织服装,-1.473257
772,2025-01-24,SH.ZB_600329,达仁堂,中药,-1.4734204
773,2025-01-27,SH.KC_300896,爱美客,美容护理,-1.4740372
774,2025-01-24,SZ.ZB_000722,湖南发展,电力行业,-1.4746809
775,2025-01-24,SZ.ZB_000505,京粮控股,农牧饲渔,-1.4748452
776,2025-01-24,SZ.ZB_000955,欣龙控股,纺织服装,-1.4748861
777,2025-01-24,SZ.ZB_002419,天虹股份,商业百货,-1.4760445
778,2025-01-27,SZ.ZB_002214,大立科技,电子元件,-1.4760873
779,2025-01-24,SH.ZB_600688,上海石化,石油行业,-1.4765413
780,2025-01-24,SH.KC_688639,华恒生物,化学制品,-1.4766711
781,2025-01-24,SH.ZB_600409,三友化工,化学原料,-1.4766906
782,2025-01-24,SH.ZB_600821,金开新能,电力行业,-1.4769467
783,2025-01-27,SH.ZB_601116,三江购物,商业百货,-1.4770821
784,2025-01-24,SH.ZB_600028,中国石化,石油行业,-1.4771353
785,2025-01-24,SZ.ZB_002061,浙江交科,工程建设,-1.4773906
786,2025-01-27,SH.ZB_603899,晨光股份,家用轻工,-1.4774845
787,2025-01-24,SH.ZB_603107,上海汽配,汽车零部件,-1.477501
788,2025-01-24,SH.ZB_603456,九洲药业,化学制药,-1.4776314
789,2025-01-24,SH.KC_301090,华润材料,化学原料,-1.4778085
790,2025-01-24,SH.KC_300341,麦克奥迪,电网设备,-1.4778231
791,2025-01-24,SH.ZB_600859,王府井,商业百货,-1.4779677
792,2025-01-24,SZ.ZB_000539,粤电力Ａ,电力行业,-1.4779704
793,2025-01-24,SZ.ZB_002935,天奥电子,通信设备,-1.4784824
794,2025-01-27,SH.ZB_600310,广西能源,电力行业,-1.4786949
795,2025-01-24,SZ.ZB_000060,中金岭南,有色金属,-1.4789757
796,2025-01-27,SZ.ZB_002242,九阳股份,家电行业,-1.4806187
797,2025-01-27,SZ.ZB_000157,中联重科,工程机械,-1.4806445
798,2025-01-24,SH.KC_301216,万凯新材,化学制品,-1.4810246
799,2025-01-24,SZ.ZB_000568,泸州老窖,酿酒行业,-1.4810816
800,2025-01-24,SZ.ZB_000726,鲁  泰Ａ,纺织服装,-1.481304
801,2025-01-27,SH.ZB_600177,雅戈尔,纺织服装,-1.4819002
802,2025-01-24,SH.ZB_600778,友好集团,商业百货,-1.48213
803,2025-01-24,SZ.ZB_000950,重药控股,医药商业,-1.4826449
804,2025-01-27,SH.ZB_600135,乐凯胶片,塑料制品,-1.4826573
805,2025-01-24,SH.KC_300639,凯普生物,医疗器械,-1.4829276
806,2025-01-27,SH.ZB_600606,绿地控股,房地产开发,-1.4830728
807,2025-01-24,SZ.ZB_000625,长安汽车,汽车整车,-1.4832954
808,2025-01-27,SH.ZB_603085,天成自控,汽车零部件,-1.4833895
809,2025-01-24,SH.KC_300298,三诺生物,医疗器械,-1.4834193
810,2025-01-24,SZ.ZB_000597,东北制药,化学制药,-1.48382
811,2025-01-27,SH.ZB_601958,金钼股份,小金属,-1.4845629
812,2025-01-27,SH.ZB_601163,三角轮胎,橡胶制品,-1.4849522
813,2025-01-24,SH.ZB_600527,江南高纤,化纤行业,-1.485751
814,2025-01-27,SH.ZB_600195,中牧股份,农药兽药,-1.4857584
815,2025-01-24,SH.KC_300217,东方电热,家电行业,-1.4859699
816,2025-01-24,SH.KC_688602,康鹏科技,化学制品,-1.4861007
817,2025-01-24,SZ.ZB_002068,黑猫股份,橡胶制品,-1.4867355
818,2025-01-24,SH.ZB_600502,安徽建工,工程建设,-1.4867845
819,2025-01-24,SH.ZB_600168,武汉控股,公用事业,-1.4871005
820,2025-01-24,SH.KC_688693,锴威特,半导体,-1.4873613
821,2025-01-27,SH.KC_300463,迈克生物,医疗器械,-1.4879831
822,2025-01-24,SH.ZB_600925,苏能股份,煤炭行业,-1.4879944
823,2025-01-24,SH.ZB_600990,四创电子,通信设备,-1.4880373
824,2025-01-24,SZ.ZB_002304,洋河股份,酿酒行业,-1.4880706
825,2025-01-27,SH.ZB_601033,永兴股份,环保行业,-1.4884754
826,2025-01-27,SZ.ZB_000782,恒申新材,化纤行业,-1.4886686
827,2025-01-27,SH.KC_301533,威马农机,专用设备,-1.489233
828,2025-01-27,SZ.ZB_002907,华森制药,中药,-1.4895079
829,2025-01-27,SH.KC_300537,广信材料,电子化学品,-1.4900188
830,2025-01-24,SZ.ZB_002907,华森制药,中药,-1.490043
831,2025-01-27,SH.ZB_601388,怡球资源,有色金属,-1.4900655
832,2025-01-27,SH.ZB_601857,中国石油,石油行业,-1.4901149
833,2025-01-27,SH.ZB_601669,中国电建,工程建设,-1.4904608
834,2025-01-24,SH.ZB_600227,赤天化,化肥行业,-1.4904941
835,2025-01-24,SZ.ZB_000983,山西焦煤,煤炭行业,-1.4907533
836,2025-01-27,SH.KC_300782,卓胜微,半导体,-1.4907622
837,2025-01-27,SZ.ZB_002372,伟星新材,装修建材,-1.4911807
838,2025-01-27,SH.ZB_600725,云维股份,煤炭行业,-1.4912475
839,2025-01-24,SH.ZB_600578,京能电力,电力行业,-1.4913144
840,2025-01-24,SH.ZB_601566,九牧王,纺织服装,-1.4913554
841,2025-01-24,SH.KC_300873,海晨股份,物流行业,-1.4914216
842,2025-01-24,SH.KC_300008,天海防务,船舶制造,-1.4915216
843,2025-01-24,SH.KC_300869,康泰医学,医疗器械,-1.4916763
844,2025-01-27,SZ.ZB_000539,粤电力Ａ,电力行业,-1.4918398
845,2025-01-24,SH.ZB_601279,英利汽车,汽车零部件,-1.4918958
846,2025-01-27,SH.KC_300158,振东制药,化学制药,-1.4922765
847,2025-01-24,SH.KC_300480,光力科技,专用设备,-1.4925363
848,2025-01-24,SZ.ZB_003022,联泓新科,化学制品,-1.4927359
849,2025-01-24,SH.KC_300396,迪瑞医疗,医疗器械,-1.4927679
850,2025-01-24,SH.KC_301193,家联科技,塑料制品,-1.493129
851,2025-01-27,SH.KC_688069,德林海,环保行业,-1.4932318
852,2025-01-27,SH.ZB_600054,黄山旅游,旅游酒店,-1.4933158
853,2025-01-24,SZ.ZB_002829,星网宇达,通信设备,-1.4934077
854,2025-01-27,SH.KC_688653,康希通信,半导体,-1.4934262
855,2025-01-27,SH.ZB_603208,江山欧派,装修建材,-1.4934927
856,2025-01-27,SH.KC_300999,金龙鱼,食品饮料,-1.4937377
857,2025-01-24,SZ.ZB_002786,银宝山新,专用设备,-1.4943732
858,2025-01-24,SH.KC_300696,爱乐达,航天航空,-1.4943879
859,2025-01-24,SH.KC_301371,敷尔佳,美容护理,-1.4949596
860,2025-01-24,SH.KC_301037,保立佳,化学制品,-1.4959445
861,2025-01-27,SH.KC_300396,迪瑞医疗,医疗器械,-1.49605
862,2025-01-27,SZ.ZB_000544,中原环保,公用事业,-1.4960537
863,2025-01-24,SH.ZB_601579,会稽山,酿酒行业,-1.4960713
864,2025-01-24,SZ.ZB_000017,深中华A,珠宝首饰,-1.4961803
865,2025-01-24,SZ.ZB_000993,闽东电力,电力行业,-1.4969548
866,2025-01-24,SH.KC_301297,富乐德,半导体,-1.4970394
867,2025-01-27,SZ.ZB_002048,宁波华翔,汽车零部件,-1.4975897
868,2025-01-24,SH.KC_300243,瑞丰高材,塑料制品,-1.4976541
869,2025-01-24,SZ.ZB_000581,威孚高科,汽车零部件,-1.4978412
870,2025-01-27,SZ.ZB_002299,圣农发展,农牧饲渔,-1.4979043
871,2025-01-24,SH.KC_688269,凯立新材,化学制品,-1.4981554
872,2025-01-27,SH.ZB_600332,白云山,中药,-1.4983517
873,2025-01-24,SZ.ZB_002628,成都路桥,工程建设,-1.4983695
874,2025-01-24,SH.ZB_600078,澄星股份,化肥行业,-1.4984262
875,2025-01-27,SZ.ZB_002692,远程股份,电网设备,-1.499283
876,2025-01-27,SH.ZB_601061,中信金属,贸易行业,-1.4993134
877,2025-01-24,SH.ZB_600733,北汽蓝谷,汽车整车,-1.4995567
878,2025-01-24,SH.ZB_600872,中炬高新,食品饮料,-1.499851
879,2025-01-24,SZ.ZB_000968,蓝焰控股,燃气,-1.4998763
880,2025-01-27,SH.ZB_600118,中国卫星,航天航空,-1.4999844
881,2025-01-27,SH.ZB_603391,力聚热能,通用设备,-1.4999963
882,2025-01-24,SZ.ZB_002612,朗姿股份,纺织服装,-1.5000465
883,2025-01-24,SZ.ZB_002943,宇晶股份,通用设备,-1.5001936
884,2025-01-27,SZ.ZB_000799,酒鬼酒,酿酒行业,-1.5004491
885,2025-01-24,SH.ZB_603178,圣龙股份,汽车零部件,-1.500811
886,2025-01-24,SH.ZB_601059,信达证券,证券,-1.5008631
887,2025-01-24,SH.KC_300516,久之洋,电子元件,-1.5009435
888,2025-01-24,SZ.ZB_002275,桂林三金,中药,-1.5009997
889,2025-01-24,SH.KC_300410,正业科技,专用设备,-1.5011078
890,2025-01-27,SH.ZB_600495,晋西车轴,交运设备,-1.501548
891,2025-01-27,SH.ZB_600841,动力新科,汽车整车,-1.5020505
892,2025-01-27,SH.KC_300851,交大思诺,交运设备,-1.502422
893,2025-01-27,SZ.ZB_002304,洋河股份,酿酒行业,-1.5025923
894,2025-01-27,SZ.ZB_002159,三特索道,旅游酒店,-1.5026952
895,2025-01-27,SH.ZB_600283,钱江水利,公用事业,-1.5030893
896,2025-01-24,SH.ZB_601238,广汽集团,汽车整车,-1.5031407
897,2025-01-27,SH.ZB_600859,王府井,商业百货,-1.5037718
898,2025-01-24,SH.KC_688210,统联精密,电子元件,-1.5038854
899,2025-01-24,SH.KC_301565,中仑新材,塑料制品,-1.503925
900,2025-01-27,SH.KC_688779,五矿新能,电池,-1.5041484
901,2025-01-24,SZ.ZB_000151,中成股份,贸易行业,-1.5047139
902,2025-01-24,SH.ZB_600897,厦门空港,航空机场,-1.5048599
903,2025-01-24,SH.ZB_600720,中交设计,工程咨询服务,-1.5049758
904,2025-01-24,SH.ZB_600600,青岛啤酒,酿酒行业,-1.5053446
905,2025-01-24,SZ.ZB_002758,浙农股份,综合行业,-1.5057343
906,2025-01-27,SZ.ZB_000895,双汇发展,食品饮料,-1.5059854
907,2025-01-24,SZ.ZB_000858,五 粮 液,酿酒行业,-1.5060915
908,2025-01-24,SZ.ZB_001298,好上好,电子元件,-1.5063031
909,2025-01-24,SH.KC_300272,开能健康,家电行业,-1.5066521
910,2025-01-27,SZ.ZB_002210,飞马国际,环保行业,-1.5070733
911,2025-01-24,SH.KC_688126,沪硅产业,半导体,-1.5071788
912,2025-01-27,SH.ZB_600929,雪天盐业,化学原料,-1.5075353
913,2025-01-24,SH.ZB_600549,厦门钨业,小金属,-1.5076307
914,2025-01-24,SH.KC_300034,钢研高纳,有色金属,-1.5079273
915,2025-01-24,SH.ZB_600798,宁波海运,航运港口,-1.5087938
916,2025-01-24,SZ.ZB_002016,世荣兆业,房地产开发,-1.5089587
917,2025-01-24,SZ.ZB_002110,三钢闽光,钢铁行业,-1.5092313
918,2025-01-24,SH.ZB_600178,东安动力,汽车零部件,-1.5094457
919,2025-01-24,SH.ZB_603609,禾丰股份,农牧饲渔,-1.5103042
920,2025-01-27,SZ.ZB_002075,沙钢股份,钢铁行业,-1.5108694
921,2025-01-24,SH.ZB_601919,中远海控,航运港口,-1.5109198
922,2025-01-27,SH.ZB_601717,郑煤机,汽车零部件,-1.5111581
923,2025-01-27,SH.ZB_600199,金种子酒,酿酒行业,-1.511677
924,2025-01-24,SH.KC_688575,亚辉龙,医疗器械,-1.5123008
925,2025-01-24,SZ.ZB_000425,徐工机械,工程机械,-1.5123675
926,2025-01-24,SH.ZB_600867,通化东宝,生物制品,-1.5124133
927,2025-01-24,SZ.ZB_002327,富安娜,纺织服装,-1.5128262
928,2025-01-24,SH.KC_300589,江龙船艇,船舶制造,-1.5130119
929,2025-01-24,SH.ZB_600033,福建高速,铁路公路,-1.5138489
930,2025-01-24,SH.ZB_603322,超讯通信,通信服务,-1.5139478
931,2025-01-27,SZ.ZB_002218,拓日新能,光伏设备,-1.5141541
932,2025-01-27,SH.ZB_601700,风范股份,电网设备,-1.5141819
933,2025-01-27,SH.ZB_603682,锦和商管,房地产服务,-1.5144958
934,2025-01-24,SZ.ZB_000720,新能泰山,电网设备,-1.5148164
935,2025-01-27,SH.KC_300498,温氏股份,农牧饲渔,-1.514819
936,2025-01-24,SZ.ZB_002086,东方海洋,农牧饲渔,-1.5150573
937,2025-01-27,SH.ZB_601279,英利汽车,汽车零部件,-1.5152723
938,2025-01-24,SH.ZB_600337,美克家居,装修建材,-1.5154252
939,2025-01-27,SZ.ZB_000017,深中华A,珠宝首饰,-1.5156921
940,2025-01-24,SZ.ZB_000718,苏宁环球,房地产开发,-1.515714
941,2025-01-24,SH.KC_688349,三一重能,风电设备,-1.516031
942,2025-01-27,SZ.ZB_002478,常宝股份,钢铁行业,-1.516035
943,2025-01-24,SH.KC_688115,思林杰,仪器仪表,-1.516299
944,2025-01-27,SH.ZB_603489,八方股份,电机,-1.5163956
945,2025-01-24,SZ.ZB_002992,宝明科技,光学光电子,-1.5164523
946,2025-01-27,SZ.ZB_002882,金龙羽,电网设备,-1.5169711
947,2025-01-27,SH.ZB_603128,华贸物流,物流行业,-1.5170107
948,2025-01-24,SH.ZB_600023,浙能电力,电力行业,-1.5171337
949,2025-01-27,SZ.ZB_002562,兄弟科技,化学制品,-1.5179291
950,2025-01-24,SH.ZB_603281,江瀚新材,化学制品,-1.5181992
951,2025-01-27,SZ.ZB_002531,天顺风能,风电设备,-1.5189683
952,2025-01-27,SZ.ZB_003022,联泓新科,化学制品,-1.5194099
953,2025-01-27,SH.ZB_603970,中农立华,农药兽药,-1.5195215
954,2025-01-24,SH.ZB_600008,首创环保,公用事业,-1.5195713
955,2025-01-24,SZ.ZB_002331,皖通科技,互联网服务,-1.5198033
956,2025-01-27,SH.KC_300900,广联航空,航天航空,-1.5204501
957,2025-01-27,SH.KC_301118,恒光股份,化学原料,-1.5204955
958,2025-01-27,SH.ZB_600688,上海石化,石油行业,-1.5212218
959,2025-01-27,SZ.ZB_000825,太钢不锈,钢铁行业,-1.5212753
960,2025-01-24,SZ.ZB_002048,宁波华翔,汽车零部件,-1.5212989
961,2025-01-24,SH.ZB_601388,怡球资源,有色金属,-1.5213112
962,2025-01-24,SH.ZB_601366,利群股份,商业百货,-1.5216093
963,2025-01-24,SH.KC_300587,天铁科技,橡胶制品,-1.5218228
964,2025-01-24,SH.ZB_603658,安图生物,医疗器械,-1.522214
965,2025-01-27,SZ.ZB_002745,木林森,光学光电子,-1.5222636
966,2025-01-27,SH.ZB_600955,维远股份,化学原料,-1.5223812
967,2025-01-27,SH.ZB_601789,宁波建工,工程建设,-1.5224373
968,2025-01-24,SH.ZB_603500,祥和实业,交运设备,-1.522597
969,2025-01-24,SZ.ZB_000536,华映科技,光学光电子,-1.5227193
970,2025-01-27,SH.KC_688349,三一重能,风电设备,-1.5230999
971,2025-01-27,SH.ZB_603661,恒林股份,装修建材,-1.5233544
972,2025-01-27,SH.ZB_600893,航发动力,航天航空,-1.5234178
973,2025-01-24,SH.KC_301446,福事特,通用设备,-1.5234547
974,2025-01-24,SZ.ZB_002715,登云股份,汽车零部件,-1.5237639
975,2025-01-24,SH.ZB_600794,保税科技,物流行业,-1.5242393
976,2025-01-27,SH.ZB_603356,华菱精工,专用设备,-1.5242963
977,2025-01-24,SH.KC_300411,金盾股份,专用设备,-1.5244007
978,2025-01-24,SH.KC_688538,和辉光电-U,光学光电子,-1.5244777
979,2025-01-27,SZ.ZB_003026,中晶科技,半导体,-1.5245227
980,2025-01-24,SZ.ZB_000739,普洛药业,化学制药,-1.5246329
981,2025-01-24,SH.ZB_601065,江盐集团,化学原料,-1.5247569
982,2025-01-27,SH.KC_301152,天力锂能,电池,-1.5248781
983,2025-01-24,SZ.ZB_002192,融捷股份,能源金属,-1.524962
984,2025-01-27,SZ.ZB_002387,维信诺,光学光电子,-1.5250496
985,2025-01-24,SH.ZB_600495,晋西车轴,交运设备,-1.525141
986,2025-01-24,SH.ZB_603357,设计总院,工程咨询服务,-1.5254934
987,2025-01-24,SZ.ZB_000650,仁和药业,中药,-1.5255576
988,2025-01-24,SZ.ZB_002686,亿利达,通用设备,-1.5258845
989,2025-01-27,SH.ZB_600702,舍得酒业,酿酒行业,-1.5262965
990,2025-01-24,SH.KC_300782,卓胜微,半导体,-1.5266484
991,2025-01-27,SH.ZB_600009,上海机场,航空机场,-1.526671
992,2025-01-24,SZ.ZB_000768,中航西飞,航天航空,-1.5268762
993,2025-01-24,SZ.ZB_000829,天音控股,贸易行业,-1.5269486
994,2025-01-24,SH.KC_688037,芯源微,半导体,-1.5270294
995,2025-01-24,SH.ZB_601968,宝钢包装,包装材料,-1.5277255
996,2025-01-24,SH.ZB_600217,中再资环,环保行业,-1.5277613
997,2025-01-27,SZ.ZB_000422,湖北宜化,化学原料,-1.5280662
998,2025-01-24,SZ.ZB_002321,华英农业,农牧饲渔,-1.52808
999,2025-01-24,SH.ZB_600717,天津港,航运港口,-1.5281224
1000,2025-01-27,SZ.ZB_002512,达华智能,计算机设备,-1.5284804
1001,2025-01-27,SZ.ZB_002086,东方海洋,农牧饲渔,-1.5284946
1002,2025-01-24,SH.ZB_603010,万盛股份,化学制品,-1.5286485
1003,2025-01-24,SZ.ZB_002810,山东赫达,化学制品,-1.5288028
1004,2025-01-24,SZ.ZB_002408,齐翔腾达,化学制品,-1.529153
1005,2025-01-27,SH.ZB_605368,蓝天燃气,燃气,-1.5296819
1006,2025-01-24,SH.ZB_600871,石化油服,采掘行业,-1.5299474
1007,2025-01-24,SH.ZB_600623,华谊集团,化学原料,-1.5301505
1008,2025-01-24,SZ.ZB_001360,南矿集团,专用设备,-1.5302539
1009,2025-01-24,SZ.ZB_000869,张  裕Ａ,酿酒行业,-1.5305585
1010,2025-01-27,SZ.ZB_002626,金达威,食品饮料,-1.5307012
1011,2025-01-27,SH.ZB_600333,长春燃气,燃气,-1.5308464
1012,2025-01-27,SZ.ZB_000030,富奥股份,汽车零部件,-1.5309101
1013,2025-01-24,SZ.ZB_002080,中材科技,玻璃玻纤,-1.5310516
1014,2025-01-27,SZ.ZB_002533,金杯电工,电网设备,-1.531344
1015,2025-01-24,SH.ZB_603390,通达电气,汽车零部件,-1.5313613
1016,2025-01-24,SH.KC_300856,科思股份,美容护理,-1.5315082
1017,2025-01-24,SZ.ZB_002030,达安基因,医疗器械,-1.531688
1018,2025-01-24,SZ.ZB_002158,汉钟精机,通用设备,-1.5320239
1019,2025-01-27,SZ.ZB_002077,大港股份,半导体,-1.532087
1020,2025-01-24,SH.ZB_601778,晶科科技,电力行业,-1.5320976
1021,2025-01-27,SH.ZB_600459,贵研铂业,小金属,-1.5324671
1022,2025-01-27,SH.KC_300655,晶瑞电材,电子化学品,-1.5324726
1023,2025-01-24,SH.KC_688041,海光信息,半导体,-1.5325419
1024,2025-01-24,SH.ZB_601018,宁波港,航运港口,-1.5327812
1025,2025-01-24,SH.ZB_601669,中国电建,工程建设,-1.5328603
1026,2025-01-24,SH.KC_688721,龙图光罩,半导体,-1.5328884
1027,2025-01-24,SZ.ZB_000157,中联重科,工程机械,-1.5329142
1028,2025-01-24,SZ.ZB_002077,大港股份,半导体,-1.5330163
1029,2025-01-24,SH.KC_300070,碧水源,环保行业,-1.5330858
1030,2025-01-24,SH.ZB_600362,江西铜业,有色金属,-1.5332623
1031,2025-01-27,SH.ZB_600826,兰生股份,贸易行业,-1.5336835
1032,2025-01-27,SH.ZB_603939,益丰药房,医药商业,-1.5338087
1033,2025-01-24,SH.ZB_600790,轻纺城,商业百货,-1.5339253
1034,2025-01-27,SZ.ZB_000028,国药一致,医药商业,-1.5340172
1035,2025-01-24,SH.KC_300705,九典制药,化学制药,-1.5343794
1036,2025-01-24,SZ.ZB_002367,康力电梯,专用设备,-1.5345559
1037,2025-01-27,SZ.ZB_002408,齐翔腾达,化学制品,-1.5348393
1038,2025-01-24,SH.KC_300123,亚光科技,船舶制造,-1.5350443
1039,2025-01-24,SH.KC_300919,中伟股份,电池,-1.5354083
1040,2025-01-24,SH.KC_301607,富特科技,汽车零部件,-1.5355492
1041,2025-01-27,SH.ZB_600116,三峡水利,电力行业,-1.5363852
1042,2025-01-24,SZ.ZB_003009,中天火箭,航天航空,-1.536433
1043,2025-01-24,SZ.ZB_002389,航天彩虹,航天航空,-1.5366843
1044,2025-01-24,SZ.ZB_002133,广宇集团,房地产开发,-1.5368711
1045,2025-01-27,SH.KC_301355,南王科技,造纸印刷,-1.5369489
1046,2025-01-24,SZ.ZB_000301,东方盛虹,化学原料,-1.5370163
1047,2025-01-24,SZ.ZB_002783,凯龙股份,化学制品,-1.537054
1048,2025-01-24,SZ.ZB_000733,振华科技,电子元件,-1.5372798
1049,2025-01-27,SZ.ZB_002793,罗欣药业,化学制药,-1.537332
1050,2025-01-24,SH.ZB_600742,一汽富维,汽车零部件,-1.5373617
1051,2025-01-24,SZ.ZB_002035,华帝股份,家电行业,-1.5373917
1052,2025-01-27,SH.ZB_605011,杭州热电,公用事业,-1.5374714
1053,2025-01-24,SH.ZB_601975,招商南油,航运港口,-1.5376245
1054,2025-01-27,SH.ZB_600050,中国联通,通信服务,-1.5376382
1055,2025-01-24,SH.KC_300175,朗源股份,农牧饲渔,-1.5377953
1056,2025-01-24,SH.ZB_600015,华夏银行,银行,-1.5379648
1057,2025-01-24,SH.ZB_600655,豫园股份,珠宝首饰,-1.538242
1058,2025-01-27,SH.ZB_600874,创业环保,环保行业,-1.5383861
1059,2025-01-27,SZ.ZB_000707,双环科技,化学原料,-1.5386567
1060,2025-01-27,SH.KC_300983,尤安设计,工程咨询服务,-1.5388651
1061,2025-01-24,SH.ZB_603759,海天股份,公用事业,-1.538915
1062,2025-01-27,SH.ZB_600742,一汽富维,汽车零部件,-1.5390186
1063,2025-01-24,SZ.ZB_002346,柘中股份,电网设备,-1.5394354
1064,2025-01-24,SH.ZB_600098,广州发展,电力行业,-1.5396031
1065,2025-01-24,SH.ZB_600737,中粮糖业,食品饮料,-1.5396624
1066,2025-01-27,SZ.ZB_001289,龙源电力,电力行业,-1.5397056
1067,2025-01-24,SH.ZB_603365,水星家纺,纺织服装,-1.5397108
1068,2025-01-24,SH.ZB_603255,鼎际得,化学制品,-1.5397677
1069,2025-01-27,SH.KC_688793,倍轻松,家电行业,-1.5401083
1070,2025-01-24,SH.ZB_600719,大连热电,电力行业,-1.5403137
1071,2025-01-24,SH.ZB_600309,万华化学,化学制品,-1.5403742
1072,2025-01-24,SZ.ZB_002136,安 纳 达,化学原料,-1.5407633
1073,2025-01-24,SZ.ZB_002078,太阳纸业,造纸印刷,-1.5408492
1074,2025-01-27,SZ.ZB_000155,川能动力,电力行业,-1.541014
1075,2025-01-24,SZ.ZB_000402,金 融 街,房地产开发,-1.5412065
1076,2025-01-27,SZ.ZB_002096,易普力,化学制品,-1.5415007
1077,2025-01-24,SH.KC_301533,威马农机,专用设备,-1.542267
1078,2025-01-27,SH.ZB_600008,首创环保,公用事业,-1.5423537
1079,2025-01-24,SZ.ZB_000723,美锦能源,煤炭行业,-1.5423551
1080,2025-01-24,SH.KC_300025,华星创业,通信服务,-1.5426418
1081,2025-01-24,SH.ZB_603889,新澳股份,纺织服装,-1.542652
1082,2025-01-24,SZ.ZB_001322,箭牌家居,装修建材,-1.5430114
1083,2025-01-24,SZ.ZB_002300,太阳电缆,电网设备,-1.5430382
1084,2025-01-24,SZ.ZB_002432,九安医疗,医疗器械,-1.5431093
1085,2025-01-27,SH.ZB_601117,中国化学,工程建设,-1.5432416
1086,2025-01-24,SZ.ZB_002508,老板电器,家电行业,-1.543275
1087,2025-01-24,SZ.ZB_002039,黔源电力,电力行业,-1.5433763
1088,2025-01-27,SH.ZB_600452,涪陵电力,电力行业,-1.5435084
1089,2025-01-27,SH.ZB_600905,三峡能源,电力行业,-1.5438186
1090,2025-01-24,SZ.ZB_002510,天汽模,汽车零部件,-1.5440149
1091,2025-01-24,SH.KC_300142,沃森生物,生物制品,-1.5440204
1092,2025-01-24,SZ.ZB_002882,金龙羽,电网设备,-1.5444884
1093,2025-01-27,SZ.ZB_002560,通达股份,电网设备,-1.5447671
1094,2025-01-24,SH.ZB_600697,欧亚集团,商业百货,-1.5450591
1095,2025-01-24,SZ.ZB_002349,精华制药,中药,-1.5451803
1096,2025-01-27,SH.ZB_605365,立达信,家电行业,-1.5453566
1097,2025-01-24,SH.KC_301017,漱玉平民,医药商业,-1.5453836
1098,2025-01-24,SZ.ZB_002393,力生制药,化学制药,-1.5454942
1099,2025-01-24,SH.ZB_603983,丸美生物,美容护理,-1.5457028
1100,2025-01-24,SH.ZB_603626,科森科技,消费电子,-1.5457679
1101,2025-01-24,SH.KC_300039,上海凯宝,中药,-1.5463285
1102,2025-01-24,SZ.ZB_000860,顺鑫农业,酿酒行业,-1.546356
1103,2025-01-27,SH.ZB_601800,中国交建,工程建设,-1.5464582
1104,2025-01-24,SZ.ZB_002055,得润电子,消费电子,-1.5468911
1105,2025-01-27,SH.ZB_603886,元祖股份,食品饮料,-1.5469037
1106,2025-01-27,SH.ZB_603977,国泰集团,化学制品,-1.5471466
1107,2025-01-24,SZ.ZB_000028,国药一致,医药商业,-1.5471519
1108,2025-01-24,SH.ZB_600273,嘉化能源,化学制品,-1.547221
1109,2025-01-27,SH.ZB_600519,贵州茅台,酿酒行业,-1.547238
1110,2025-01-27,SH.ZB_600328,中盐化工,化学原料,-1.5473185
1111,2025-01-24,SZ.ZB_002374,中锐股份,包装材料,-1.5473509
1112,2025-01-24,SH.ZB_600664,哈药股份,化学制药,-1.5474155
1113,2025-01-27,SH.ZB_600529,山东药玻,医疗器械,-1.5474406
1114,2025-01-24,SH.ZB_600916,中国黄金,珠宝首饰,-1.5477824
1115,2025-01-27,SZ.ZB_002767,先锋电子,仪器仪表,-1.5479072
1116,2025-01-27,SZ.ZB_000537,中绿电,电力行业,-1.5479821
1117,2025-01-27,SH.ZB_600546,山煤国际,煤炭行业,-1.5481895
1118,2025-01-27,SH.ZB_600227,赤天化,化肥行业,-1.5486385
1119,2025-01-24,SZ.ZB_002685,华东重机,通用设备,-1.5495954
1120,2025-01-27,SZ.ZB_000869,张  裕Ａ,酿酒行业,-1.5496061
1121,2025-01-24,SH.ZB_600704,物产中大,物流行业,-1.5501745
1122,2025-01-27,SH.ZB_603357,设计总院,工程咨询服务,-1.5503991
1123,2025-01-24,SH.KC_300864,南大环境,环保行业,-1.5510889
1124,2025-01-24,SZ.ZB_002745,木林森,光学光电子,-1.5513071
1125,2025-01-24,SH.ZB_605136,丽人丽妆,商业百货,-1.5514848
1126,2025-01-24,SH.ZB_600256,广汇能源,石油行业,-1.5515398
1127,2025-01-27,SH.KC_688198,佰仁医疗,医疗器械,-1.5522082
1128,2025-01-24,SH.KC_300046,台基股份,半导体,-1.5526692
1129,2025-01-24,SZ.ZB_002399,海普瑞,化学制药,-1.5528538
1130,2025-01-27,SZ.ZB_000630,铜陵有色,有色金属,-1.5529873
1131,2025-01-27,SZ.ZB_000610,西安旅游,旅游酒店,-1.5533112
1132,2025-01-27,SH.ZB_600502,安徽建工,工程建设,-1.5535005
1133,2025-01-24,SH.KC_301267,华厦眼科,医疗服务,-1.5536685
1134,2025-01-27,SH.KC_688633,星球石墨,专用设备,-1.553927
1135,2025-01-24,SH.ZB_601992,金隅集团,水泥建材,-1.5542374
1136,2025-01-27,SH.ZB_600785,新华百货,商业百货,-1.5543067
1137,2025-01-27,SH.ZB_600992,贵绳股份,通用设备,-1.5544819
1138,2025-01-27,SH.ZB_601038,一拖股份,专用设备,-1.5546179
1139,2025-01-24,SH.KC_301059,金三江,化学原料,-1.554727
1140,2025-01-24,SZ.ZB_000546,金圆股份,环保行业,-1.5549288
1141,2025-01-24,SZ.ZB_000966,长源电力,电力行业,-1.5549436
1142,2025-01-24,SH.KC_300293,蓝英装备,专用设备,-1.5552367
1143,2025-01-24,SH.KC_300105,龙源技术,电源设备,-1.5552377
1144,2025-01-24,SZ.ZB_002293,罗莱生活,纺织服装,-1.5554907
1145,2025-01-27,SZ.ZB_000929,兰州黄河,酿酒行业,-1.5558804
1146,2025-01-27,SH.ZB_601007,金陵饭店,旅游酒店,-1.5561249
1147,2025-01-24,SH.ZB_601022,宁波远洋,航运港口,-1.5561881
1148,2025-01-24,SZ.ZB_001213,中铁特货,物流行业,-1.5564952
1149,2025-01-24,SZ.ZB_003012,东鹏控股,装修建材,-1.5567194
1150,2025-01-27,SH.KC_300530,领湃科技,电池,-1.5567789
1151,2025-01-27,SZ.ZB_000792,盐湖股份,化肥行业,-1.5569128
1152,2025-01-24,SH.ZB_605011,杭州热电,公用事业,-1.5570942
1153,2025-01-24,SH.ZB_600874,创业环保,环保行业,-1.5573832
1154,2025-01-24,SH.KC_301115,建科股份,专业服务,-1.5574423
1155,2025-01-24,SZ.ZB_001219,青岛食品,食品饮料,-1.5575311
1156,2025-01-27,SZ.ZB_002561,徐家汇,商业百货,-1.5576385
1157,2025-01-24,SH.KC_300868,杰美特,电子元件,-1.5578432
1158,2025-01-27,SH.ZB_600903,贵州燃气,燃气,-1.557948
1159,2025-01-27,SH.ZB_601390,中国中铁,工程建设,-1.5584145
1160,2025-01-24,SH.KC_301408,华人健康,医药商业,-1.5586666
1161,2025-01-24,SZ.ZB_002585,双星新材,塑料制品,-1.5586885
1162,2025-01-27,SH.ZB_600378,昊华科技,化学制品,-1.5587792
1163,2025-01-27,SZ.ZB_002206,海 利 得,化纤行业,-1.5588686
1164,2025-01-24,SH.ZB_600905,三峡能源,电力行业,-1.5589559
1165,2025-01-24,SZ.ZB_002690,美亚光电,专用设备,-1.5590082
1166,2025-01-24,SH.ZB_600177,雅戈尔,纺织服装,-1.5592248
1167,2025-01-27,SZ.ZB_002266,浙富控股,环保行业,-1.5593375
1168,2025-01-24,SH.KC_300966,共同药业,化学制药,-1.5596524
1169,2025-01-27,SZ.ZB_002329,皇氏集团,食品饮料,-1.559833
1170,2025-01-27,SH.ZB_600613,神奇制药,化学制药,-1.55993
1171,2025-01-24,SH.ZB_600956,新天绿能,燃气,-1.560486
1172,2025-01-27,SZ.ZB_002983,芯瑞达,光学光电子,-1.5605329
1173,2025-01-24,SH.ZB_600820,隧道股份,工程建设,-1.5607638
1174,2025-01-27,SH.ZB_603708,家家悦,商业百货,-1.5608484
1175,2025-01-27,SZ.ZB_000027,深圳能源,电力行业,-1.5609761
1176,2025-01-24,SH.KC_300472,新元科技,专用设备,-1.5609944
1177,2025-01-27,SZ.ZB_000878,云南铜业,有色金属,-1.561605
1178,2025-01-24,SH.ZB_601003,柳钢股份,钢铁行业,-1.5616155
1179,2025-01-27,SZ.ZB_002216,三全食品,食品饮料,-1.5617352
1180,2025-01-24,SH.ZB_600887,伊利股份,食品饮料,-1.5617495
1181,2025-01-24,SZ.ZB_002977,天箭科技,通信设备,-1.5623282
1182,2025-01-24,SH.ZB_600855,航天长峰,计算机设备,-1.5632751
1183,2025-01-27,SH.KC_300160,秀强股份,家电行业,-1.5634272
1184,2025-01-24,SH.ZB_603276,恒兴新材,化学原料,-1.5646902
1185,2025-01-24,SH.ZB_600844,丹化科技,化学原料,-1.5651479
1186,2025-01-27,SZ.ZB_002111,威海广泰,专用设备,-1.5652213
1187,2025-01-24,SH.ZB_600589,大位科技,互联网服务,-1.5656226
1188,2025-01-24,SZ.ZB_000927,中国铁物,物流行业,-1.5673435
1189,2025-01-24,SH.ZB_603260,合盛硅业,非金属材料,-1.5674833
1190,2025-01-24,SH.KC_688653,康希通信,半导体,-1.567572
1191,2025-01-27,SZ.ZB_002827,高争民爆,化学制品,-1.5679549
1192,2025-01-24,SH.ZB_600981,汇鸿集团,贸易行业,-1.5679668
1193,2025-01-27,SH.ZB_600755,厦门国贸,贸易行业,-1.5680873
1194,2025-01-24,SH.ZB_600779,水井坊,酿酒行业,-1.568386
1195,2025-01-24,SH.KC_300841,康华生物,生物制品,-1.5685754
1196,2025-01-24,SZ.ZB_000709,河钢股份,钢铁行业,-1.5686728
1197,2025-01-24,SH.KC_688122,西部超导,有色金属,-1.5689313
1198,2025-01-27,SH.ZB_600759,洲际油气,石油行业,-1.5689592
1199,2025-01-24,SH.ZB_600984,建设机械,工程机械,-1.5691489
1200,2025-01-27,SH.ZB_600623,华谊集团,化学原料,-1.5692506
1201,2025-01-24,SZ.ZB_002100,天康生物,农牧饲渔,-1.5695062
1202,2025-01-27,SH.ZB_600032,浙江新能,电力行业,-1.5696708
1203,2025-01-24,SH.KC_301151,冠龙节能,通用设备,-1.5698436
1204,2025-01-24,SZ.ZB_002404,嘉欣丝绸,纺织服装,-1.5698556
1205,2025-01-24,SH.ZB_600399,抚顺特钢,钢铁行业,-1.5699023
1206,2025-01-27,SH.ZB_601188,龙江交通,铁路公路,-1.5703583
1207,2025-01-24,SZ.ZB_002025,航天电器,电子元件,-1.5704535
1208,2025-01-27,SH.KC_301151,冠龙节能,通用设备,-1.5705956
1209,2025-01-27,SH.ZB_603799,华友钴业,能源金属,-1.5708439
1210,2025-01-27,SH.KC_688126,沪硅产业,半导体,-1.5709434
1211,2025-01-27,SH.ZB_600256,广汇能源,石油行业,-1.5711129
1212,2025-01-27,SH.KC_300685,艾德生物,医疗器械,-1.5711188
1213,2025-01-24,SZ.ZB_002608,江苏国信,电力行业,-1.5712503
1214,2025-01-24,SZ.ZB_002022,科华生物,医疗器械,-1.5716019
1215,2025-01-27,SZ.ZB_000338,潍柴动力,汽车零部件,-1.5717232
1216,2025-01-24,SH.ZB_600252,中恒集团,中药,-1.5717854
1217,2025-01-27,SH.ZB_600624,复旦复华,综合行业,-1.5718642
1218,2025-01-24,SH.KC_688193,仁度生物,生物制品,-1.5721012
1219,2025-01-27,SZ.ZB_002035,华帝股份,家电行业,-1.5722834
1220,2025-01-27,SH.ZB_601399,国机重装,专用设备,-1.5724792
1221,2025-01-24,SH.ZB_600353,旭光电子,电子元件,-1.5725675
1222,2025-01-24,SH.KC_300057,万顺新材,有色金属,-1.5726054
1223,2025-01-24,SZ.ZB_000630,铜陵有色,有色金属,-1.5727371
1224,2025-01-27,SH.ZB_601598,中国外运,物流行业,-1.5727656
1225,2025-01-27,SZ.ZB_001378,德冠新材,塑料制品,-1.572989
1226,2025-01-24,SH.ZB_600198,大唐电信,通信设备,-1.5731443
1227,2025-01-24,SH.ZB_603059,倍加洁,美容护理,-1.5734643
1228,2025-01-24,SH.ZB_603848,好太太,家用轻工,-1.5736029
1229,2025-01-24,SH.ZB_600537,亿晶光电,光伏设备,-1.5737947
1230,2025-01-24,SZ.ZB_002601,龙佰集团,化学原料,-1.5741831
1231,2025-01-27,SZ.ZB_000731,四川美丰,化肥行业,-1.5742313
1232,2025-01-24,SH.KC_688321,微芯生物,化学制药,-1.5748038
1233,2025-01-24,SH.ZB_601200,上海环境,环保行业,-1.5750173
1234,2025-01-27,SH.KC_688210,统联精密,电子元件,-1.5750755
1235,2025-01-27,SH.ZB_600416,湘电股份,电机,-1.5752646
1236,2025-01-24,SZ.ZB_002252,上海莱士,生物制品,-1.5757138
1237,2025-01-27,SZ.ZB_002677,浙江美大,家电行业,-1.5758073
1238,2025-01-24,SZ.ZB_000731,四川美丰,化肥行业,-1.5758421
1239,2025-01-24,SH.ZB_600283,钱江水利,公用事业,-1.5758716
1240,2025-01-27,SH.ZB_603619,中曼石油,采掘行业,-1.5760586
1241,2025-01-27,SZ.ZB_003043,华亚智能,通用设备,-1.5764889
1242,2025-01-27,SH.ZB_605123,派克新材,通用设备,-1.576626
1243,2025-01-27,SH.ZB_600843,上工申贝,专用设备,-1.5767611
1244,2025-01-24,SH.ZB_600180,瑞茂通,物流行业,-1.576816
1245,2025-01-24,SH.KC_300875,捷强装备,专用设备,-1.5770366
1246,2025-01-24,SZ.ZB_002550,千红制药,化学制药,-1.5771277
1247,2025-01-27,SH.KC_301446,福事特,通用设备,-1.577241
1248,2025-01-24,SZ.ZB_000008,神州高铁,交运设备,-1.57746
1249,2025-01-27,SH.ZB_600188,兖矿能源,煤炭行业,-1.5776585
1250,2025-01-24,SH.ZB_600997,开滦股份,煤炭行业,-1.5776918
1251,2025-01-24,SZ.ZB_000410,沈阳机床,通用设备,-1.5777237
1252,2025-01-24,SH.ZB_600032,浙江新能,电力行业,-1.5778952
1253,2025-01-24,SH.ZB_600439,瑞贝卡,家用轻工,-1.5781031
1254,2025-01-24,SZ.ZB_002081,金 螳 螂,装修装饰,-1.5781887
1255,2025-01-24,SZ.ZB_000883,湖北能源,电力行业,-1.5782814
1256,2025-01-24,SH.ZB_603233,大参林,医药商业,-1.5785757
1257,2025-01-27,SH.ZB_600425,青松建化,水泥建材,-1.5787812
1258,2025-01-27,SH.ZB_603237,五芳斋,食品饮料,-1.5788395
1259,2025-01-24,SH.ZB_600648,外高桥,房地产开发,-1.5790235
1260,2025-01-27,SH.ZB_600720,中交设计,工程咨询服务,-1.5793927
1261,2025-01-27,SZ.ZB_002406,远东传动,汽车零部件,-1.5795794
1262,2025-01-27,SH.ZB_600073,光明肉业,食品饮料,-1.5796553
1263,2025-01-27,SH.KC_688317,之江生物,医疗器械,-1.5797532
1264,2025-01-24,SZ.ZB_000550,江铃汽车,汽车整车,-1.5798993
1265,2025-01-24,SH.KC_300615,欣天科技,通信设备,-1.580192
1266,2025-01-24,SZ.ZB_000661,长春高新,生物制品,-1.5806072
1267,2025-01-27,SH.KC_300105,龙源技术,电源设备,-1.5808122
1268,2025-01-24,SH.ZB_605123,派克新材,通用设备,-1.5808381
1269,2025-01-27,SH.ZB_601199,江南水务,公用事业,-1.5812691
1270,2025-01-24,SH.ZB_600429,三元股份,食品饮料,-1.5813287
1271,2025-01-24,SH.ZB_605368,蓝天燃气,燃气,-1.5815439
1272,2025-01-24,SH.KC_300871,回盛生物,农药兽药,-1.5817411
1273,2025-01-27,SH.ZB_600361,创新新材,有色金属,-1.5817997
1274,2025-01-24,SZ.ZB_000518,四环生物,生物制品,-1.5820798
1275,2025-01-27,SH.KC_688819,天能股份,电池,-1.5821673
1276,2025-01-24,SH.ZB_600377,宁沪高速,铁路公路,-1.5822073
1277,2025-01-24,SH.ZB_600121,郑州煤电,煤炭行业,-1.5822186
1278,2025-01-24,SZ.ZB_000401,冀东水泥,水泥建材,-1.5826831
1279,2025-01-24,SZ.ZB_002057,中钢天源,非金属材料,-1.5829276
1280,2025-01-24,SH.ZB_603858,步长制药,中药,-1.5832711
1281,2025-01-24,SH.KC_688268,华特气体,电子化学品,-1.5833669
1282,2025-01-24,SZ.ZB_000623,吉林敖东,化学制药,-1.5834385
1283,2025-01-24,SZ.ZB_002302,西部建设,水泥建材,-1.5836619
1284,2025-01-27,SZ.ZB_000516,国际医学,医疗服务,-1.5836788
1285,2025-01-24,SZ.ZB_000911,广农糖业,食品饮料,-1.5837185
1286,2025-01-27,SH.ZB_603896,寿仙谷,中药,-1.5837945
1287,2025-01-24,SH.ZB_603209,兴通股份,航运港口,-1.5840843
1288,2025-01-24,SH.KC_688700,东威科技,专用设备,-1.5841022
1289,2025-01-24,SZ.ZB_001358,兴欣新材,化学原料,-1.5843891
1290,2025-01-24,SZ.ZB_002290,禾盛新材,家电行业,-1.5845249
1291,2025-01-24,SZ.ZB_002867,周大生,珠宝首饰,-1.5846282
1292,2025-01-24,SH.KC_300981,中红医疗,医疗器械,-1.5846617
1293,2025-01-24,SH.ZB_600741,华域汽车,汽车零部件,-1.5852265
1294,2025-01-24,SH.ZB_603444,吉比特,游戏,-1.5852287
1295,2025-01-24,SH.ZB_600063,皖维高新,化纤行业,-1.5853997
1296,2025-01-27,SZ.ZB_000993,闽东电力,电力行业,-1.5855603
1297,2025-01-27,SH.ZB_603606,东方电缆,电网设备,-1.5857064
1298,2025-01-24,SH.ZB_600903,贵州燃气,燃气,-1.5857279
1299,2025-01-24,SH.ZB_601766,中国中车,交运设备,-1.5857499
1300,2025-01-24,SH.ZB_600658,电子城,房地产服务,-1.5860256
1301,2025-01-24,SH.KC_300009,安科生物,生物制品,-1.5862124
1302,2025-01-27,SH.ZB_600834,申通地铁,铁路公路,-1.5863296
1303,2025-01-24,SZ.ZB_000498,山东路桥,工程建设,-1.5863876
1304,2025-01-24,SH.KC_300240,飞力达,物流行业,-1.5867922
1305,2025-01-27,SZ.ZB_002007,华兰生物,生物制品,-1.586834
1306,2025-01-24,SZ.ZB_002513,蓝丰生化,农药兽药,-1.5869883
1307,2025-01-24,SH.KC_300784,利安科技,塑料制品,-1.5871502
1308,2025-01-27,SH.ZB_601636,旗滨集团,玻璃玻纤,-1.587535
1309,2025-01-24,SH.ZB_601233,桐昆股份,化纤行业,-1.5879638
1310,2025-01-24,SH.ZB_603128,华贸物流,物流行业,-1.5881
1311,2025-01-24,SH.KC_688559,海目星,专用设备,-1.5882694
1312,2025-01-27,SH.ZB_600737,中粮糖业,食品饮料,-1.5883114
1313,2025-01-24,SH.ZB_600755,厦门国贸,贸易行业,-1.58851
1314,2025-01-27,SH.ZB_603587,地素时尚,纺织服装,-1.5888045
1315,2025-01-27,SZ.ZB_000568,泸州老窖,酿酒行业,-1.588903
1316,2025-01-27,SH.ZB_603233,大参林,医药商业,-1.589315
1317,2025-01-27,SH.KC_300425,中建环能,环保行业,-1.5895542
1318,2025-01-24,SH.KC_300091,金通灵,通用设备,-1.5895873
1319,2025-01-10,SZ.ZB_000972,中基健康,食品饮料,-1.5898062
1320,2025-01-24,SZ.ZB_002840,华统股份,食品饮料,-1.5904118
1321,2025-01-24,SZ.ZB_002430,杭氧股份,专用设备,-1.590492
1322,2025-01-27,SZ.ZB_002240,盛新锂能,能源金属,-1.5907847
1323,2025-01-24,SH.KC_688117,圣诺生物,化学制药,-1.5910268
1324,2025-01-27,SH.ZB_600399,抚顺特钢,钢铁行业,-1.5910741
1325,2025-01-27,SZ.ZB_002690,美亚光电,专用设备,-1.5911812
1326,2025-01-24,SH.ZB_600380,健康元,化学制药,-1.591199
1327,2025-01-24,SH.ZB_600582,天地科技,专用设备,-1.591304
1328,2025-01-24,SH.KC_300729,乐歌股份,家用轻工,-1.5917026
1329,2025-01-27,SZ.ZB_000625,长安汽车,汽车整车,-1.591713
1330,2025-01-24,SH.KC_300481,濮阳惠成,电子化学品,-1.5918798
1331,2025-01-24,SH.ZB_600873,梅花生物,化学制品,-1.5920218
1332,2025-01-24,SH.ZB_600569,安阳钢铁,钢铁行业,-1.5922872
1333,2025-01-24,SZ.ZB_000751,锌业股份,有色金属,-1.5923645
1334,2025-01-24,SH.ZB_600708,光明地产,房地产开发,-1.5923821
1335,2025-01-27,SH.ZB_600273,嘉化能源,化学制品,-1.5927104
1336,2025-01-24,SH.KC_301207,华兰疫苗,生物制品,-1.5928019
1337,2025-01-24,SH.KC_688658,悦康药业,化学制药,-1.5929954
1338,2025-01-24,SH.ZB_600010,包钢股份,钢铁行业,-1.5930411
1339,2025-01-24,SH.ZB_603187,海容冷链,通用设备,-1.5935142
1340,2025-01-24,SZ.ZB_001269,欧晶科技,光伏设备,-1.5935663
1341,2025-01-24,SH.ZB_600714,金瑞矿业,化学原料,-1.5936918
1342,2025-01-27,SH.ZB_600617,国新能源,燃气,-1.5939392
1343,2025-01-27,SZ.ZB_002812,恩捷股份,电池,-1.5939437
1344,2025-01-27,SH.KC_300009,安科生物,生物制品,-1.5940634
1345,2025-01-24,SZ.ZB_000862,银星能源,电力行业,-1.5942074
1346,2025-01-24,SH.ZB_603808,歌力思,纺织服装,-1.5942957
1347,2025-01-24,SZ.ZB_002297,博云新材,航天航空,-1.5943226
1348,2025-01-27,SH.ZB_600278,东方创业,贸易行业,-1.5944597
1349,2025-01-24,SH.ZB_600050,中国联通,通信服务,-1.5946594
1350,2025-01-24,SH.ZB_600075,新疆天业,化学原料,-1.5949495
1351,2025-01-27,SH.ZB_603515,欧普照明,家电行业,-1.5949816
1352,2025-01-24,SZ.ZB_002360,同德化工,化学制品,-1.5960273
1353,2025-01-24,SH.ZB_600251,冠农股份,农牧饲渔,-1.5960466
1354,2025-01-27,SZ.ZB_000650,仁和药业,中药,-1.5960839
1355,2025-01-27,SZ.ZB_002662,京威股份,汽车零部件,-1.5963905
1356,2025-01-27,SZ.ZB_000768,中航西飞,航天航空,-1.5964184
1357,2025-01-24,SZ.ZB_002208,合肥城建,房地产开发,-1.596578
1358,2025-01-24,SH.ZB_600774,汉商集团,商业百货,-1.5970364
1359,2025-01-24,SZ.ZB_002381,双箭股份,橡胶制品,-1.5970677
1360,2025-01-24,SH.ZB_603511,爱慕股份,纺织服装,-1.5971832
1361,2025-01-24,SZ.ZB_000998,隆平高科,农牧饲渔,-1.5971899
1362,2025-01-27,SH.ZB_600965,福成股份,农牧饲渔,-1.5972648
1363,2025-01-27,SH.ZB_600537,亿晶光电,光伏设备,-1.5974443
1364,2025-01-24,SH.ZB_600300,维维股份,食品饮料,-1.5983115
1365,2025-01-27,SH.KC_300474,景嘉微,电子元件,-1.5984178
1366,2025-01-24,SH.KC_688488,艾迪药业,生物制品,-1.5984274
1367,2025-01-27,SH.ZB_603866,桃李面包,食品饮料,-1.598499
1368,2025-01-24,SH.ZB_600739,辽宁成大,贸易行业,-1.5985645
1369,2025-01-24,SZ.ZB_001914,招商积余,房地产服务,-1.5986525
1370,2025-01-27,SZ.ZB_002952,亚世光电,光学光电子,-1.5987765
1371,2025-01-24,SH.KC_300791,仙乐健康,食品饮料,-1.5988446
1372,2025-01-27,SH.ZB_603444,吉比特,游戏,-1.5991747
1373,2025-01-27,SH.KC_300370,安控科技,仪器仪表,-1.5992213
1374,2025-01-27,SZ.ZB_002236,大华股份,计算机设备,-1.59943
1375,2025-01-24,SH.KC_688633,星球石墨,专用设备,-1.5994489
1376,2025-01-24,SZ.ZB_002772,众兴菌业,农牧饲渔,-1.5997697
1377,2025-01-27,SH.ZB_600881,亚泰集团,水泥建材,-1.6001191
1378,2025-01-27,SH.KC_301386,未来电器,电源设备,-1.6003227
1379,2025-01-24,SZ.ZB_002911,佛燃能源,燃气,-1.6003487
1380,2025-01-24,SZ.ZB_002884,凌霄泵业,通用设备,-1.6006095
1381,2025-01-27,SZ.ZB_002813,路畅科技,汽车零部件,-1.600648
1382,2025-01-24,SH.KC_688566,吉贝尔,化学制药,-1.6009854
1383,2025-01-24,SH.ZB_600017,日照港,航运港口,-1.6015619
1384,2025-01-24,SH.ZB_601186,中国铁建,工程建设,-1.6016282
1385,2025-01-27,SZ.ZB_002080,中材科技,玻璃玻纤,-1.6017605
1386,2025-01-24,SH.ZB_600863,内蒙华电,电力行业,-1.6018417
1387,2025-01-24,SH.ZB_600197,伊力特,酿酒行业,-1.6018894
1388,2025-01-24,SZ.ZB_002021,中捷资源,专用设备,-1.6021914
1389,2025-01-24,SH.ZB_601339,百隆东方,纺织服装,-1.6022351
1390,2025-01-24,SZ.ZB_003816,中国广核,电力行业,-1.602306
1391,2025-01-24,SZ.ZB_001289,龙源电力,电力行业,-1.6023616
1392,2025-01-24,SH.ZB_600104,上汽集团,汽车整车,-1.6024232
1393,2025-01-27,SH.ZB_600258,首旅酒店,旅游酒店,-1.6024709
1394,2025-01-24,SH.ZB_601390,中国中铁,工程建设,-1.6025234
1395,2025-01-27,SH.KC_300041,回天新材,化学制品,-1.6029773
1396,2025-01-24,SH.ZB_603871,嘉友国际,物流行业,-1.603258
1397,2025-01-27,SZ.ZB_000717,中南股份,钢铁行业,-1.6032603
1398,2025-01-27,SZ.ZB_002432,九安医疗,医疗器械,-1.6033964
1399,2025-01-27,SH.ZB_600587,新华医疗,医疗器械,-1.6034514
1400,2025-01-27,SZ.ZB_001258,立新能源,电力行业,-1.6035868
1401,2025-01-24,SZ.ZB_000813,德展健康,化学制药,-1.603608
1402,2025-01-27,SH.ZB_600312,平高电气,电网设备,-1.6038064
1403,2025-01-27,SH.ZB_600792,云煤能源,煤炭行业,-1.6042328
1404,2025-01-24,SH.ZB_601456,国联证券,证券,-1.6044637
1405,2025-01-27,SH.ZB_600789,鲁抗医药,化学制药,-1.6045965
1406,2025-01-24,SH.ZB_600313,农发种业,农牧饲渔,-1.6047608
1407,2025-01-24,SH.KC_300015,爱尔眼科,医疗服务,-1.6052209
1408,2025-01-24,SH.KC_300106,西部牧业,食品饮料,-1.6057312
1409,2025-01-24,SH.ZB_603237,五芳斋,食品饮料,-1.60578
1410,2025-01-27,SH.ZB_600719,大连热电,电力行业,-1.6057979
1411,2025-01-27,SZ.ZB_003039,顺控发展,公用事业,-1.6059637
1412,2025-01-27,SH.ZB_600863,内蒙华电,电力行业,-1.6059694
1413,2025-01-27,SH.KC_300751,迈为股份,光伏设备,-1.6060697
1414,2025-01-24,SZ.ZB_000012,南  玻Ａ,玻璃玻纤,-1.6061876
1415,2025-01-24,SZ.ZB_002224,三 力 士,橡胶制品,-1.6063299
1416,2025-01-24,SH.ZB_603536,惠发食品,食品饮料,-1.6063378
1417,2025-01-24,SH.KC_300834,星辉环材,化学原料,-1.6063918
1418,2025-01-27,SZ.ZB_002906,华阳集团,汽车零部件,-1.6065084
1419,2025-01-27,SZ.ZB_002144,宏达高科,纺织服装,-1.6065305
1420,2025-01-24,SZ.ZB_000878,云南铜业,有色金属,-1.6065863
1421,2025-01-24,SZ.ZB_000019,深粮控股,贸易行业,-1.6066276
1422,2025-01-24,SH.ZB_600278,东方创业,贸易行业,-1.6067389
1423,2025-01-27,SH.ZB_603126,中材节能,环保行业,-1.6068915
1424,2025-01-27,SH.KC_301468,博盈特焊,专用设备,-1.6072807
1425,2025-01-24,SH.ZB_600815,厦工股份,工程机械,-1.6074535
1426,2025-01-27,SZ.ZB_001299,美能能源,燃气,-1.6080956
1427,2025-01-24,SH.KC_301038,深水规院,工程建设,-1.6081003
1428,2025-01-24,SH.ZB_603948,建业股份,化学制品,-1.6083395
1429,2025-01-27,SZ.ZB_000545,金浦钛业,化学原料,-1.6085213
1430,2025-01-24,SZ.ZB_002034,旺能环境,环保行业,-1.608546
1431,2025-01-24,SZ.ZB_000792,盐湖股份,化肥行业,-1.608685
1432,2025-01-24,SH.ZB_600332,白云山,中药,-1.6089033
1433,2025-01-24,SZ.ZB_002413,雷科防务,通信设备,-1.6091182
1434,2025-01-27,SH.ZB_603335,迪生力,汽车零部件,-1.6091992
1435,2025-01-27,SH.ZB_601666,平煤股份,煤炭行业,-1.6097445
1436,2025-01-27,SH.KC_688337,普源精电,仪器仪表,-1.6099159
1437,2025-01-27,SZ.ZB_000554,泰山石油,石油行业,-1.6101751
1438,2025-01-24,SH.ZB_601086,国芳集团,商业百货,-1.610189
1439,2025-01-27,SZ.ZB_002189,中光学,光学光电子,-1.6105065
1440,2025-01-24,SH.ZB_603076,乐惠国际,专用设备,-1.610551
1441,2025-01-27,SZ.ZB_000428,华天酒店,旅游酒店,-1.6107701
1442,2025-01-24,SZ.ZB_000035,中国天楹,环保行业,-1.6109222
1443,2025-01-24,SZ.ZB_001387,雪祺电气,家电行业,-1.6110145
1444,2025-01-24,SH.ZB_600758,辽宁能源,煤炭行业,-1.611026
1445,2025-01-27,SZ.ZB_000661,长春高新,生物制品,-1.6110911
1446,2025-01-24,SH.ZB_601139,深圳燃气,燃气,-1.6112089
1447,2025-01-24,SZ.ZB_001215,千味央厨,食品饮料,-1.6113989
1448,2025-01-27,SH.ZB_601369,陕鼓动力,通用设备,-1.61186
1449,2025-01-24,SZ.ZB_002340,格林美,能源金属,-1.6122874
1450,2025-01-24,SH.ZB_600188,兖矿能源,煤炭行业,-1.6124442
1451,2025-01-24,SH.KC_300377,赢时胜,软件开发,-1.6125355
1452,2025-01-27,SH.ZB_601997,贵阳银行,银行,-1.6127026
1453,2025-01-27,SH.ZB_600148,长春一东,汽车零部件,-1.6127285
1454,2025-01-24,SZ.ZB_002047,宝鹰股份,装修装饰,-1.6131107
1455,2025-01-27,SZ.ZB_000980,众泰汽车,汽车整车,-1.6131375
1456,2025-01-24,SH.ZB_600587,新华医疗,医疗器械,-1.6132851
1457,2025-01-24,SH.ZB_600378,昊华科技,化学制品,-1.613446
1458,2025-01-27,SZ.ZB_000829,天音控股,贸易行业,-1.6139034
1459,2025-01-24,SH.ZB_600690,海尔智家,家电行业,-1.6142037
1460,2025-01-24,SZ.ZB_002589,瑞康医药,医药商业,-1.6142315
1461,2025-01-24,SZ.ZB_002522,浙江众成,塑料制品,-1.6143763
1462,2025-01-24,SH.ZB_603056,德邦股份,物流行业,-1.6143938
1463,2025-01-27,SZ.ZB_000062,深圳华强,电子元件,-1.6144414
1464,2025-01-24,SH.KC_300647,超频三,消费电子,-1.614606
1465,2025-01-24,SH.KC_301370,国科恒泰,贸易行业,-1.6146455
1466,2025-01-27,SH.ZB_603123,翠微股份,多元金融,-1.6146637
1467,2025-01-24,SZ.ZB_000717,中南股份,钢铁行业,-1.6148276
1468,2025-01-27,SH.ZB_601169,北京银行,银行,-1.6148701
1469,2025-01-27,SH.ZB_600469,风神股份,橡胶制品,-1.6150422
1470,2025-01-24,SZ.ZB_000685,中山公用,公用事业,-1.6155515
1471,2025-01-24,SZ.ZB_000668,荣丰控股,房地产开发,-1.6159037
1472,2025-01-27,SH.ZB_600761,安徽合力,工程机械,-1.6159064
1473,2025-01-27,SH.ZB_603568,伟明环保,环保行业,-1.616006
1474,2025-01-27,SH.KC_300261,雅本化学,农药兽药,-1.6161118
1475,2025-01-24,SH.KC_300214,日科化学,塑料制品,-1.6164436
1476,2025-01-27,SZ.ZB_002083,孚日股份,纺织服装,-1.6168846
1477,2025-01-27,SH.KC_300705,九典制药,化学制药,-1.6168847
1478,2025-01-27,SH.ZB_600676,交运股份,汽车零部件,-1.6172413
1479,2025-01-27,SZ.ZB_000950,重药控股,医药商业,-1.6172539
1480,2025-01-24,SZ.ZB_000422,湖北宜化,化学原料,-1.6173016
1481,2025-01-27,SH.ZB_603611,诺力股份,工程机械,-1.617333
1482,2025-01-24,SH.ZB_600322,津投城开,房地产开发,-1.6173365
1483,2025-01-27,SZ.ZB_002466,天齐锂业,能源金属,-1.617427
1484,2025-01-27,SH.ZB_600155,华创云信,证券,-1.6174856
1485,2025-01-24,SZ.ZB_002416,爱施德,商业百货,-1.6174859
1486,2025-01-24,SH.KC_300726,宏达电子,电子元件,-1.617619
1487,2025-01-24,SH.ZB_600076,康欣新材,装修建材,-1.6176655
1488,2025-01-24,SH.ZB_600084,中信尼雅,酿酒行业,-1.6180578
1489,2025-01-24,SH.KC_300747,锐科激光,电子元件,-1.618075
1490,2025-01-27,SZ.ZB_002550,千红制药,化学制药,-1.6181201
1491,2025-01-27,SH.ZB_605077,华康股份,食品饮料,-1.6183485
1492,2025-01-24,SH.KC_300157,新锦动力,采掘行业,-1.6183816
1493,2025-01-27,SH.ZB_600339,中油工程,采掘行业,-1.6184051
1494,2025-01-27,SH.ZB_600750,江中药业,中药,-1.6184205
1495,2025-01-24,SH.ZB_603032,德新科技,电池,-1.6184727
1496,2025-01-24,SH.KC_301500,飞南资源,环保行业,-1.6185119
1497,2025-01-27,SZ.ZB_002326,永太科技,化学制品,-1.6188476
1498,2025-01-27,SH.ZB_603392,万泰生物,生物制品,-1.6188488
1499,2025-01-27,SZ.ZB_002293,罗莱生活,纺织服装,-1.6188607
1500,2025-01-27,SH.ZB_600351,亚宝药业,中药,-1.6190621
1501,2025-01-24,SH.ZB_600969,郴电国际,电力行业,-1.6190748
1502,2025-01-27,SZ.ZB_000591,太阳能,电力行业,-1.6191251
1503,2025-01-27,SH.KC_301516,中远通,电源设备,-1.6192749
1504,2025-01-27,SH.ZB_601633,长城汽车,汽车整车,-1.6195474
1505,2025-01-27,SH.ZB_603365,水星家纺,纺织服装,-1.6197218
1506,2025-01-24,SZ.ZB_002385,大北农,农牧饲渔,-1.6198411
1507,2025-01-24,SH.ZB_601677,明泰铝业,有色金属,-1.619932
1508,2025-01-27,SH.ZB_603882,金域医学,医疗服务,-1.620188
1509,2025-01-27,SZ.ZB_002399,海普瑞,化学制药,-1.6203467
1510,2025-01-24,SH.ZB_603123,翠微股份,多元金融,-1.6207248
1511,2025-01-24,SH.ZB_603985,恒润股份,风电设备,-1.6212964
1512,2025-01-27,SH.KC_688041,海光信息,半导体,-1.6213063
1513,2025-01-24,SH.KC_300692,中环环保,环保行业,-1.6214632
1514,2025-01-27,SZ.ZB_000513,丽珠集团,化学制药,-1.6215
1515,2025-01-27,SH.KC_300429,强力新材,电子化学品,-1.6215509
1516,2025-01-24,SH.KC_300534,陇神戎发,中药,-1.6216645
1517,2025-01-27,SH.KC_688268,华特气体,电子化学品,-1.6217375
1518,2025-01-24,SZ.ZB_002010,传化智联,物流行业,-1.6220155
1519,2025-01-24,SH.ZB_600127,金健米业,农牧饲渔,-1.6220888
1520,2025-01-24,SH.ZB_600817,宇通重工,工程机械,-1.622108
1521,2025-01-27,SH.ZB_600348,华阳股份,煤炭行业,-1.6223162
1522,2025-01-24,SH.ZB_600829,人民同泰,医药商业,-1.6224995
1523,2025-01-24,SH.ZB_600917,重庆燃气,燃气,-1.6225077
1524,2025-01-24,SH.KC_301088,戎美股份,纺织服装,-1.6225297
1525,2025-01-27,SH.ZB_600217,中再资环,环保行业,-1.6227626
1526,2025-01-27,SH.ZB_600023,浙能电力,电力行业,-1.6227915
1527,2025-01-24,SZ.ZB_000561,烽火电子,通信设备,-1.6228445
1528,2025-01-27,SH.ZB_600569,安阳钢铁,钢铁行业,-1.6232375
1529,2025-01-24,SH.KC_301577,美信科技,电子元件,-1.6233467
1530,2025-01-24,SH.ZB_601117,中国化学,工程建设,-1.6236987
1531,2025-01-27,SH.ZB_600790,轻纺城,商业百货,-1.6241007
1532,2025-01-24,SH.ZB_601668,中国建筑,工程建设,-1.6241845
1533,2025-01-24,SH.ZB_600262,北方股份,专用设备,-1.6241912
1534,2025-01-27,SH.ZB_600123,兰花科创,煤炭行业,-1.624203
1535,2025-01-27,SH.KC_300196,长海股份,玻璃玻纤,-1.6246772
1536,2025-01-24,SH.KC_300460,惠伦晶体,电子元件,-1.6246792
1537,2025-01-27,SH.KC_301026,浩通科技,小金属,-1.6247717
1538,2025-01-27,SH.ZB_600132,重庆啤酒,酿酒行业,-1.6251229
1539,2025-01-24,SH.KC_300932,三友联众,电网设备,-1.6252276
1540,2025-01-27,SZ.ZB_002033,丽江股份,旅游酒店,-1.6252797
1541,2025-01-24,SZ.ZB_000651,格力电器,家电行业,-1.6259147
1542,2025-01-27,SH.ZB_600428,中远海特,航运港口,-1.6261892
1543,2025-01-24,SH.ZB_600307,酒钢宏兴,钢铁行业,-1.6261961
1544,2025-01-27,SH.KC_300034,钢研高纳,有色金属,-1.6263489
1545,2025-01-24,SH.ZB_603229,奥翔药业,化学制药,-1.6264246
1546,2025-01-27,SH.KC_301607,富特科技,汽车零部件,-1.6267008
1547,2025-01-24,SZ.ZB_002111,威海广泰,专用设备,-1.6268439
1548,2025-01-27,SH.ZB_600590,泰豪科技,电网设备,-1.6268833
1549,2025-01-27,SH.ZB_600593,大连圣亚,旅游酒店,-1.626987
1550,2025-01-24,SZ.ZB_002478,常宝股份,钢铁行业,-1.6270226
1551,2025-01-27,SZ.ZB_002300,太阳电缆,电网设备,-1.6271188
1552,2025-01-24,SH.ZB_600025,华能水电,电力行业,-1.6271479
1553,2025-01-27,SZ.ZB_000960,锡业股份,小金属,-1.6274009
1554,2025-01-24,SH.KC_301100,风光股份,化学制品,-1.6275165
1555,2025-01-24,SH.KC_300497,富祥药业,化学制药,-1.6275929
1556,2025-01-27,SZ.ZB_002053,云南能投,综合行业,-1.6276472
1557,2025-01-24,SZ.ZB_000755,山西高速,铁路公路,-1.6278231
1558,2025-01-24,SH.KC_688007,光峰科技,消费电子,-1.627861
1559,2025-01-24,SH.KC_688459,哈铁科技,交运设备,-1.6278963
1560,2025-01-24,SZ.ZB_000513,丽珠集团,化学制药,-1.6280979
1561,2025-01-27,SH.KC_300856,科思股份,美容护理,-1.6282071
1562,2025-01-24,SZ.ZB_002846,英联股份,包装材料,-1.6283793
1563,2025-01-27,SZ.ZB_002444,巨星科技,通用设备,-1.6286893
1564,2025-01-27,SH.KC_300775,三角防务,航天航空,-1.6287401
1565,2025-01-27,SH.KC_300740,水羊股份,美容护理,-1.6289089
1566,2025-01-27,SZ.ZB_000410,沈阳机床,通用设备,-1.6289257
1567,2025-01-27,SH.ZB_600018,上港集团,航运港口,-1.6289662
1568,2025-01-24,SZ.ZB_000831,中国稀土,小金属,-1.6292021
1569,2025-01-24,SH.ZB_601598,中国外运,物流行业,-1.629249
1570,2025-01-27,SH.ZB_603032,德新科技,电池,-1.6292927
1571,2025-01-24,SH.KC_300439,美康生物,医疗器械,-1.6293404
1572,2025-01-24,SZ.ZB_000825,太钢不锈,钢铁行业,-1.6294986
1573,2025-01-27,SH.ZB_603195,公牛集团,家用轻工,-1.6295187
1574,2025-01-24,SZ.ZB_000777,中核科技,通用设备,-1.629635
1575,2025-01-24,SZ.ZB_002267,陕天然气,燃气,-1.6300533
1576,2025-01-27,SZ.ZB_002832,比音勒芬,纺织服装,-1.630133
1577,2025-01-24,SH.KC_300406,九强生物,医疗器械,-1.6301911
1578,2025-01-24,SH.ZB_603239,浙江仙通,汽车零部件,-1.6302582
1579,2025-01-24,SH.ZB_601636,旗滨集团,玻璃玻纤,-1.6303062
1580,2025-01-24,SH.ZB_600583,海油工程,采掘行业,-1.6303338
1581,2025-01-24,SZ.ZB_002583,海能达,通信设备,-1.630447
1582,2025-01-24,SH.ZB_600814,杭州解百,商业百货,-1.6307952
1583,2025-01-27,SH.KC_688233,神工股份,半导体,-1.6309556
1584,2025-01-24,SZ.ZB_002824,和胜股份,有色金属,-1.6314291
1585,2025-01-24,SH.KC_300455,航天智装,计算机设备,-1.6315334
1586,2025-01-24,SH.ZB_601038,一拖股份,专用设备,-1.6315341
1587,2025-01-27,SH.ZB_600153,建发股份,贸易行业,-1.6318023
1588,2025-01-27,SZ.ZB_002151,北斗星通,通信设备,-1.6319331
1589,2025-01-24,SZ.ZB_000937,冀中能源,煤炭行业,-1.6319733
1590,2025-01-24,SH.ZB_601133,柏诚股份,工程建设,-1.6321393
1591,2025-01-24,SZ.ZB_002202,金风科技,风电设备,-1.6321934
1592,2025-01-24,SZ.ZB_002173,创新医疗,医疗服务,-1.6322091
1593,2025-01-27,SH.ZB_600548,深高速,铁路公路,-1.6323622
1594,2025-01-24,SH.KC_300538,同益股份,塑料制品,-1.6324229
1595,2025-01-27,SH.ZB_601877,正泰电器,电网设备,-1.632762
1596,2025-01-24,SZ.ZB_002714,牧原股份,农牧饲渔,-1.632798
1597,2025-01-24,SH.KC_300062,中能电气,电网设备,-1.632813
1598,2025-01-24,SZ.ZB_002498,汉缆股份,电网设备,-1.6335196
1599,2025-01-27,SH.ZB_600187,国中水务,公用事业,-1.6335435
1600,2025-01-27,SH.KC_301528,多浦乐,仪器仪表,-1.6341515
1601,2025-01-24,SZ.ZB_002088,鲁阳节能,装修建材,-1.6343071
1602,2025-01-27,SZ.ZB_001358,兴欣新材,化学原料,-1.6344864
1603,2025-01-27,SH.ZB_603077,和邦生物,化学原料,-1.6345422
1604,2025-01-27,SH.ZB_601086,国芳集团,商业百货,-1.6346749
1605,2025-01-27,SH.ZB_600600,青岛啤酒,酿酒行业,-1.6347065
1606,2025-01-27,SH.KC_300664,鹏鹞环保,环保行业,-1.6347326
1607,2025-01-24,SH.ZB_600359,新农开发,农牧饲渔,-1.634974
1608,2025-01-24,SH.KC_300349,金卡智能,仪器仪表,-1.6350353
1609,2025-01-27,SH.ZB_600196,复星医药,化学制药,-1.6350356
1610,2025-01-27,SH.ZB_600809,山西汾酒,酿酒行业,-1.6351064
1611,2025-01-24,SZ.ZB_000688,国城矿业,有色金属,-1.6351395
1612,2025-01-24,SH.KC_301306,西测测试,专业服务,-1.6351949
1613,2025-01-24,SZ.ZB_002097,山河智能,工程机械,-1.6353477
1614,2025-01-24,SH.ZB_601989,中国重工,船舶制造,-1.6353639
1615,2025-01-27,SH.KC_300259,新天科技,仪器仪表,-1.635487
1616,2025-01-24,SZ.ZB_000567,海德股份,多元金融,-1.6358998
1617,2025-01-27,SZ.ZB_001360,南矿集团,专用设备,-1.6361151
1618,2025-01-27,SH.ZB_601222,林洋能源,仪器仪表,-1.6363171
1619,2025-01-24,SH.ZB_603661,恒林股份,装修建材,-1.6364018
1620,2025-01-27,SH.ZB_600827,百联股份,商业百货,-1.6365392
1621,2025-01-27,SH.ZB_601995,中金公司,证券,-1.6365625
1622,2025-01-24,SH.ZB_600801,华新水泥,水泥建材,-1.6367011
1623,2025-01-24,SH.KC_688339,亿华通-U,电池,-1.6368123
1624,2025-01-24,SH.KC_301103,何氏眼科,医疗服务,-1.6371012
1625,2025-01-24,SH.KC_300160,秀强股份,家电行业,-1.6375322
1626,2025-01-27,SH.ZB_603010,万盛股份,化学制品,-1.6375731
1627,2025-01-27,SZ.ZB_000990,诚志股份,化学原料,-1.6377857
1628,2025-01-24,SZ.ZB_003043,华亚智能,通用设备,-1.6378857
1629,2025-01-27,SH.ZB_600309,万华化学,化学制品,-1.6379278
1630,2025-01-24,SH.ZB_600444,国机通用,专用设备,-1.6382207
1631,2025-01-24,SH.KC_301060,兰卫医学,医疗器械,-1.6383207
1632,2025-01-27,SH.KC_300214,日科化学,塑料制品,-1.6383383
1633,2025-01-27,SH.KC_300347,泰格医药,医疗服务,-1.6384721
1634,2025-01-24,SZ.ZB_000830,鲁西化工,化学原料,-1.6385816
1635,2025-01-24,SH.ZB_603369,今世缘,酿酒行业,-1.6388189
1636,2025-01-24,SH.ZB_603101,汇嘉时代,商业百货,-1.6388301
1637,2025-01-24,SH.ZB_600428,中远海特,航运港口,-1.6388569
1638,2025-01-24,SH.ZB_600995,南网储能,电力行业,-1.6389493
1639,2025-01-27,SZ.ZB_002516,旷达科技,汽车零部件,-1.6391526
1640,2025-01-24,SZ.ZB_002864,盘龙药业,中药,-1.6391602
1641,2025-01-24,SH.KC_688337,普源精电,仪器仪表,-1.6392033
1642,2025-01-27,SH.KC_300410,正业科技,专用设备,-1.6392531
1643,2025-01-27,SZ.ZB_002099,海翔药业,化学制药,-1.6393588
1644,2025-01-27,SH.KC_301109,军信股份,环保行业,-1.6394813
1645,2025-01-27,SZ.ZB_000848,承德露露,食品饮料,-1.6396593
1646,2025-01-24,SZ.ZB_000919,金陵药业,中药,-1.6398221
1647,2025-01-27,SH.KC_300729,乐歌股份,家用轻工,-1.6399194
1648,2025-01-27,SZ.ZB_002061,浙江交科,工程建设,-1.6403072
1649,2025-01-27,SH.KC_688584,上海合晶,半导体,-1.6403288
1650,2025-01-27,SZ.ZB_002651,利君股份,专用设备,-1.6403605
1651,2025-01-24,SZ.ZB_002180,纳思达,计算机设备,-1.6405411
1652,2025-01-27,SH.KC_688281,华秦科技,非金属材料,-1.6405661
1653,2025-01-24,SZ.ZB_000981,山子高科,汽车零部件,-1.6406361
1654,2025-01-27,SH.ZB_601366,利群股份,商业百货,-1.6408749
1655,2025-01-27,SH.KC_300483,首华燃气,燃气,-1.6410553
1656,2025-01-24,SH.KC_300172,中电环保,环保行业,-1.6411655
1657,2025-01-27,SH.KC_688772,珠海冠宇,电池,-1.6415106
1658,2025-01-24,SH.ZB_601618,中国中冶,工程建设,-1.6419507
1659,2025-01-24,SH.KC_301096,百诚医药,医疗服务,-1.6420692
1660,2025-01-27,SZ.ZB_000651,格力电器,家电行业,-1.642156
1661,2025-01-27,SH.KC_300682,朗新集团,软件开发,-1.6421937
1662,2025-01-27,SH.KC_300858,科拓生物,食品饮料,-1.642262
1663,2025-01-24,SH.ZB_600611,大众交通,铁路公路,-1.6423206
1664,2025-01-24,SH.ZB_600170,上海建工,工程建设,-1.6424302
1665,2025-01-27,SH.KC_301362,民爆光电,家电行业,-1.6426831
1666,2025-01-27,SH.ZB_600507,方大特钢,钢铁行业,-1.6426941
1667,2025-01-27,SH.ZB_600704,物产中大,物流行业,-1.6427308
1668,2025-01-27,SZ.ZB_003035,南网能源,专业服务,-1.6427983
1669,2025-01-27,SH.ZB_600391,航发科技,航天航空,-1.6432246
1670,2025-01-24,SH.KC_300908,仲景食品,食品饮料,-1.6438354
1671,2025-01-24,SH.KC_301529,福赛科技,汽车零部件,-1.6438491
1672,2025-01-24,SH.KC_688383,新益昌,专用设备,-1.6440438
1673,2025-01-24,SH.KC_301468,博盈特焊,专用设备,-1.6441004
1674,2025-01-24,SH.ZB_601106,中国一重,专用设备,-1.6441278
1675,2025-01-27,SH.ZB_603889,新澳股份,纺织服装,-1.6442018
1676,2025-01-24,SZ.ZB_002554,惠博普,采掘行业,-1.6442617
1677,2025-01-27,SZ.ZB_002540,亚太科技,有色金属,-1.6443197
1678,2025-01-27,SZ.ZB_000060,中金岭南,有色金属,-1.6444865
1679,2025-01-24,SZ.ZB_002372,伟星新材,装修建材,-1.6445063
1680,2025-01-24,SH.KC_301047,义翘神州,生物制品,-1.6445312
1681,2025-01-24,SH.KC_300053,航宇微,半导体,-1.64457
1682,2025-01-24,SZ.ZB_000166,申万宏源,证券,-1.6446878
1683,2025-01-27,SZ.ZB_002059,云南旅游,旅游酒店,-1.6450338
1684,2025-01-27,SH.ZB_600336,澳柯玛,家电行业,-1.6451426
1685,2025-01-24,SZ.ZB_000011,深物业A,房地产开发,-1.6452804
1686,2025-01-27,SH.ZB_600098,广州发展,电力行业,-1.64537
1687,2025-01-24,SH.ZB_600391,航发科技,航天航空,-1.645438
1688,2025-01-27,SZ.ZB_000333,美的集团,家电行业,-1.64552
1689,2025-01-24,SZ.ZB_002407,多氟多,化学制品,-1.6455336
1690,2025-01-24,SZ.ZB_002512,达华智能,计算机设备,-1.6455921
1691,2025-01-24,SH.KC_300567,精测电子,仪器仪表,-1.6457644
1692,2025-01-27,SZ.ZB_000875,吉电股份,电力行业,-1.6459329
1693,2025-01-24,SZ.ZB_000598,兴蓉环境,公用事业,-1.646008
1694,2025-01-27,SH.ZB_600925,苏能股份,煤炭行业,-1.6460373
1695,2025-01-24,SH.KC_688385,复旦微电,半导体,-1.6462674
1696,2025-01-27,SZ.ZB_000567,海德股份,多元金融,-1.6462852
1697,2025-01-24,SH.KC_688120,华海清科,半导体,-1.6463408
1698,2025-01-27,SZ.ZB_000552,甘肃能化,煤炭行业,-1.6463962
1699,2025-01-24,SZ.ZB_000790,华神科技,中药,-1.6465313
1700,2025-01-24,SH.ZB_600572,康恩贝,中药,-1.6467875
1701,2025-01-27,SH.KC_301519,舜禹股份,专用设备,-1.6472988
1702,2025-01-24,SH.ZB_600271,航天信息,互联网服务,-1.6474969
1703,2025-01-27,SZ.ZB_002352,顺丰控股,物流行业,-1.6477644
1704,2025-01-27,SZ.ZB_000659,珠海中富,包装材料,-1.6477767
1705,2025-01-27,SH.ZB_601218,吉鑫科技,风电设备,-1.6480416
1706,2025-01-24,SZ.ZB_000559,万向钱潮,汽车零部件,-1.6480472
1707,2025-01-24,SH.ZB_600783,鲁信创投,非金属材料,-1.6481593
1708,2025-01-24,SH.ZB_603861,白云电器,电网设备,-1.6483989
1709,2025-01-24,SH.KC_300194,福安药业,化学制药,-1.6485463
1710,2025-01-24,SH.ZB_603757,大元泵业,通用设备,-1.6486883
1711,2025-01-27,SH.ZB_600284,浦东建设,工程建设,-1.6488317
1712,2025-01-24,SH.KC_300905,宝丽迪,塑料制品,-1.6489863
1713,2025-01-27,SH.KC_301509,金凯生科,生物制品,-1.6491774
1714,2025-01-24,SH.ZB_600586,金晶科技,玻璃玻纤,-1.6495609
1715,2025-01-24,SH.ZB_601369,陕鼓动力,通用设备,-1.6496685
1716,2025-01-24,SZ.ZB_002233,塔牌集团,水泥建材,-1.6500399
1717,2025-01-24,SH.KC_688779,五矿新能,电池,-1.6500946
1718,2025-01-27,SH.KC_300791,仙乐健康,食品饮料,-1.6501572
1719,2025-01-27,SH.ZB_600170,上海建工,工程建设,-1.6501702
1720,2025-01-24,SH.ZB_600606,绿地控股,房地产开发,-1.6502664
1721,2025-01-27,SH.ZB_603050,科林电气,电网设备,-1.6503053
1722,2025-01-24,SZ.ZB_000557,西部创业,物流行业,-1.6503073
1723,2025-01-27,SZ.ZB_002857,三晖电气,电网设备,-1.6503439
1724,2025-01-24,SH.KC_300390,天华新能,能源金属,-1.6503893
1725,2025-01-24,SZ.ZB_000677,恒天海龙,化纤行业,-1.6509238
1726,2025-01-27,SZ.ZB_002385,大北农,农牧饲渔,-1.6511023
1727,2025-01-27,SZ.ZB_000670,盈方微,半导体,-1.6512158
1728,2025-01-24,SZ.ZB_000030,富奥股份,汽车零部件,-1.6512618
1729,2025-01-24,SH.ZB_605377,华旺科技,造纸印刷,-1.6513481
1730,2025-01-27,SH.KC_688276,百克生物,生物制品,-1.6516116
1731,2025-01-27,SH.KC_301032,新柴股份,通用设备,-1.6518248
1732,2025-01-24,SZ.ZB_002746,仙坛股份,农牧饲渔,-1.6522806
1733,2025-01-27,SH.ZB_603260,合盛硅业,非金属材料,-1.652308
1734,2025-01-24,SH.ZB_600548,深高速,铁路公路,-1.6527977
1735,2025-01-27,SH.ZB_603300,海南华铁,专用设备,-1.6528752
1736,2025-01-24,SH.ZB_600356,恒丰纸业,造纸印刷,-1.6530707
1737,2025-01-27,SH.ZB_600307,酒钢宏兴,钢铁行业,-1.6532719
1738,2025-01-24,SH.KC_300259,新天科技,仪器仪表,-1.6533087
1739,2025-01-27,SH.ZB_603700,宁水集团,仪器仪表,-1.6534421
1740,2025-01-24,SH.KC_688063,派能科技,电池,-1.6535455
1741,2025-01-24,SH.ZB_600368,五洲交通,铁路公路,-1.6536987
1742,2025-01-27,SZ.ZB_002727,一心堂,医药商业,-1.65372
1743,2025-01-24,SZ.ZB_000529,广弘控股,食品饮料,-1.6537931
1744,2025-01-24,SZ.ZB_002082,万邦德,化学制药,-1.6538888
1745,2025-01-24,SH.ZB_600585,海螺水泥,水泥建材,-1.6539272
1746,2025-01-27,SZ.ZB_002612,朗姿股份,纺织服装,-1.6540028
1747,2025-01-24,SH.KC_300237,美晨科技,汽车零部件,-1.6540184
1748,2025-01-27,SH.ZB_603355,莱克电气,家电行业,-1.654055
1749,2025-01-27,SH.ZB_603035,常熟汽饰,汽车零部件,-1.6540965
1750,2025-01-27,SH.KC_301193,家联科技,塑料制品,-1.654153
1751,2025-01-27,SH.KC_301211,亨迪药业,化学制药,-1.6544439
1752,2025-01-27,SH.ZB_603375,盛景微,电子元件,-1.6544985
1753,2025-01-27,SH.KC_300087,荃银高科,农牧饲渔,-1.6545057
1754,2025-01-27,SH.KC_301048,金鹰重工,交运设备,-1.6545594
1755,2025-01-27,SZ.ZB_002810,山东赫达,化学制品,-1.6546047
1756,2025-01-24,SH.ZB_600416,湘电股份,电机,-1.6547419
1757,2025-01-27,SZ.ZB_002829,星网宇达,通信设备,-1.6548368
1758,2025-01-27,SH.ZB_603966,法兰泰克,专用设备,-1.6548462
1759,2025-01-24,SZ.ZB_001318,阳光乳业,食品饮料,-1.6549376
1760,2025-01-24,SZ.ZB_000899,赣能股份,电力行业,-1.6550401
1761,2025-01-27,SZ.ZB_002928,华夏航空,航空机场,-1.6552607
1762,2025-01-24,SZ.ZB_000928,中钢国际,工程咨询服务,-1.6552683
1763,2025-01-24,SZ.ZB_002540,亚太科技,有色金属,-1.655484
1764,2025-01-27,SZ.ZB_002105,信隆健康,交运设备,-1.6555856
1765,2025-01-24,SH.KC_300391,长药控股,中药,-1.6556958
1766,2025-01-27,SH.ZB_601106,中国一重,专用设备,-1.6558185
1767,2025-01-24,SH.KC_301215,中汽股份,汽车服务,-1.6559263
1768,2025-01-27,SZ.ZB_000968,蓝焰控股,燃气,-1.656498
1769,2025-01-24,SH.ZB_601921,浙版传媒,文化传媒,-1.6565214
1770,2025-01-24,SH.KC_688420,美腾科技,专用设备,-1.6565491
1771,2025-01-24,SH.ZB_600975,新五丰,农牧饲渔,-1.6565915
1772,2025-01-27,SH.ZB_600508,上海能源,煤炭行业,-1.6566228
1773,2025-01-24,SZ.ZB_003023,彩虹集团,家电行业,-1.6567383
1774,2025-01-27,SZ.ZB_002940,昂利康,化学制药,-1.6567564
1775,2025-01-24,SH.ZB_601996,丰林集团,装修建材,-1.6567773
1776,2025-01-24,SH.KC_688366,昊海生科,医疗器械,-1.6567789
1777,2025-01-24,SZ.ZB_000901,航天科技,汽车零部件,-1.6571909
1778,2025-01-27,SH.ZB_601975,招商南油,航运港口,-1.6572537
1779,2025-01-24,SZ.ZB_002211,宏达新材,化学制品,-1.6573261
1780,2025-01-24,SH.KC_300511,雪榕生物,农牧饲渔,-1.6574767
1781,2025-01-27,SH.ZB_601919,中远海控,航运港口,-1.6574922
1782,2025-01-24,SZ.ZB_002983,芯瑞达,光学光电子,-1.6575121
1783,2025-01-27,SH.ZB_601006,大秦铁路,物流行业,-1.6577647
1784,2025-01-27,SZ.ZB_000860,顺鑫农业,酿酒行业,-1.6579151
1785,2025-01-27,SZ.ZB_000697,炼石航空,航天航空,-1.6579489
1786,2025-01-24,SZ.ZB_002266,浙富控股,环保行业,-1.6580966
1787,2025-01-24,SZ.ZB_000596,古井贡酒,酿酒行业,-1.6581606
1788,2025-01-27,SH.ZB_600862,中航高科,航天航空,-1.6582355
1789,2025-01-24,SH.KC_301260,格力博,专用设备,-1.6582359
1790,2025-01-24,SH.ZB_603611,诺力股份,工程机械,-1.6584691
1791,2025-01-24,SH.ZB_601816,京沪高铁,铁路公路,-1.6586725
1792,2025-01-24,SZ.ZB_002481,双塔食品,食品饮料,-1.6588103
1793,2025-01-24,SH.ZB_600057,厦门象屿,物流行业,-1.6588298
1794,2025-01-27,SZ.ZB_002705,新宝股份,家电行业,-1.6590044
1795,2025-01-27,SH.ZB_601118,海南橡胶,橡胶制品,-1.6590126
1796,2025-01-27,SH.KC_301047,义翘神州,生物制品,-1.65907
1797,2025-01-27,SH.ZB_600271,航天信息,互联网服务,-1.6590841
1798,2025-01-27,SH.ZB_603829,洛凯股份,电网设备,-1.659086
1799,2025-01-24,SZ.ZB_002020,京新药业,化学制药,-1.6591113
1800,2025-01-27,SZ.ZB_002121,科陆电子,电网设备,-1.6592115
1801,2025-01-27,SH.ZB_600436,片仔癀,中药,-1.6593091
1802,2025-01-24,SH.ZB_600269,赣粤高速,铁路公路,-1.6593527
1803,2025-01-27,SH.ZB_601018,宁波港,航运港口,-1.6594827
1804,2025-01-27,SH.ZB_600531,豫光金铅,有色金属,-1.6597741
1805,2025-01-24,SH.KC_301348,蓝箭电子,半导体,-1.6598053
1806,2025-01-24,SH.KC_300637,扬帆新材,电子化学品,-1.6598526
1807,2025-01-27,SH.ZB_605066,天正电气,电网设备,-1.6599793
1808,2025-01-24,SZ.ZB_000828,东莞控股,铁路公路,-1.6599857
1809,2025-01-27,SH.ZB_600674,川投能源,电力行业,-1.6604472
1810,2025-01-24,SH.ZB_600993,马应龙,中药,-1.6605943
1811,2025-01-24,SH.ZB_600853,龙建股份,工程建设,-1.6606029
1812,2025-01-27,SZ.ZB_000559,万向钱潮,汽车零部件,-1.6606983
1813,2025-01-24,SZ.ZB_000895,双汇发展,食品饮料,-1.6609725
1814,2025-01-27,SH.ZB_600128,苏豪弘业,贸易行业,-1.6610454
1815,2025-01-24,SH.KC_300584,海辰药业,化学制药,-1.6614847
1816,2025-01-27,SH.ZB_600085,同仁堂,中药,-1.661788
1817,2025-01-24,SH.KC_300719,安达维尔,航天航空,-1.661794
1818,2025-01-24,SZ.ZB_002461,珠江啤酒,酿酒行业,-1.6618043
1819,2025-01-24,SH.KC_301626,苏州天脉,消费电子,-1.6621192
1820,2025-01-24,SH.KC_301538,骏鼎达,塑料制品,-1.662146
1821,2025-01-24,SH.ZB_600233,圆通速递,物流行业,-1.6621685
1822,2025-01-24,SH.KC_301567,贝隆精密,消费电子,-1.6622264
1823,2025-01-27,SH.ZB_600660,福耀玻璃,玻璃玻纤,-1.6623881
1824,2025-01-24,SH.ZB_601991,大唐发电,电力行业,-1.6625557
1825,2025-01-27,SH.ZB_600370,三房巷,化学制品,-1.662559
1826,2025-01-24,SH.ZB_600497,驰宏锌锗,有色金属,-1.6626395
1827,2025-01-27,SH.KC_301353,普莱得,通用设备,-1.6627165
1828,2025-01-27,SZ.ZB_000726,鲁  泰Ａ,纺织服装,-1.6627196
1829,2025-01-24,SH.KC_301092,争光股份,化学制品,-1.6628634
1830,2025-01-27,SH.KC_300761,立华股份,农牧饲渔,-1.6633958
1831,2025-01-24,SH.KC_300199,翰宇药业,化学制药,-1.6634256
1832,2025-01-27,SH.ZB_601186,中国铁建,工程建设,-1.6643472
1833,2025-01-24,SH.ZB_603818,曲美家居,装修建材,-1.6644497
1834,2025-01-24,SH.ZB_600116,三峡水利,电力行业,-1.6644882
1835,2025-01-27,SH.ZB_603086,先达股份,农药兽药,-1.6645656
1836,2025-01-24,SH.KC_300244,迪安诊断,医疗服务,-1.6646664
1837,2025-01-27,SH.ZB_600033,福建高速,铁路公路,-1.6649574
1838,2025-01-24,SH.ZB_601121,宝地矿业,钢铁行业,-1.6650153
1839,2025-01-27,SH.ZB_600820,隧道股份,工程建设,-1.6650194
1840,2025-01-24,SH.ZB_601000,唐山港,航运港口,-1.6653929
1841,2025-01-27,SH.KC_300864,南大环境,环保行业,-1.6654614
1842,2025-01-27,SH.KC_300615,欣天科技,通信设备,-1.6657442
1843,2025-01-24,SH.ZB_601016,节能风电,电力行业,-1.6659396
1844,2025-01-24,SH.ZB_601515,东峰集团,包装材料,-1.6659517
1845,2025-01-24,SZ.ZB_002827,高争民爆,化学制品,-1.6659793
1846,2025-01-27,SZ.ZB_000831,中国稀土,小金属,-1.6662266
1847,2025-01-27,SH.KC_300267,尔康制药,化学制药,-1.6665733
1848,2025-01-27,SH.ZB_603100,川仪股份,仪器仪表,-1.6668293
1849,2025-01-27,SH.ZB_603315,福鞍股份,通用设备,-1.6669519
1850,2025-01-27,SH.ZB_603345,安井食品,食品饮料,-1.6672362
1851,2025-01-27,SH.ZB_600867,通化东宝,生物制品,-1.6675478
1852,2025-01-24,SH.ZB_600018,上港集团,航运港口,-1.6675731
1853,2025-01-27,SZ.ZB_000031,大悦城,房地产开发,-1.6677685
1854,2025-01-27,SH.ZB_603861,白云电器,电网设备,-1.667833
1855,2025-01-27,SH.KC_301096,百诚医药,医疗服务,-1.6678456
1856,2025-01-24,SH.ZB_600389,江山股份,农药兽药,-1.6681767
1857,2025-01-24,SH.KC_300737,科顺股份,装修建材,-1.6683837
1858,2025-01-24,SH.KC_300676,华大基因,医疗器械,-1.6683899
1859,2025-01-24,SH.ZB_603587,地素时尚,纺织服装,-1.6684381
1860,2025-01-27,SZ.ZB_002631,德尔未来,装修建材,-1.6684942
1861,2025-01-27,SH.KC_688363,华熙生物,美容护理,-1.6686194
1862,2025-01-27,SZ.ZB_000828,东莞控股,铁路公路,-1.6688447
1863,2025-01-24,SZ.ZB_000902,新洋丰,化肥行业,-1.6689159
1864,2025-01-24,SZ.ZB_002446,盛路通信,通信设备,-1.6692884
1865,2025-01-27,SH.ZB_600872,中炬高新,食品饮料,-1.6697426
1866,2025-01-24,SH.ZB_600123,兰花科创,煤炭行业,-1.6699371
1867,2025-01-24,SH.KC_300898,熊猫乳品,食品饮料,-1.669984
1868,2025-01-24,SH.ZB_601717,郑煤机,汽车零部件,-1.6701529
1869,2025-01-27,SZ.ZB_000301,东方盛虹,化学原料,-1.6703234
1870,2025-01-27,SZ.ZB_000819,岳阳兴长,石油行业,-1.6703241
1871,2025-01-27,SH.ZB_601311,骆驼股份,电池,-1.6703593
1872,2025-01-27,SH.KC_300008,天海防务,船舶制造,-1.6705159
1873,2025-01-27,SZ.ZB_002374,中锐股份,包装材料,-1.6707056
1874,2025-01-27,SH.ZB_603569,长久物流,物流行业,-1.6707056
1875,2025-01-24,SZ.ZB_002839,张家港行,银行,-1.6709315
1876,2025-01-27,SH.KC_688469,芯联集成-U,半导体,-1.6711347
1877,2025-01-24,SH.ZB_601799,星宇股份,汽车零部件,-1.6711496
1878,2025-01-24,SH.ZB_603515,欧普照明,家电行业,-1.6712241
1879,2025-01-27,SZ.ZB_002841,视源股份,消费电子,-1.671315
1880,2025-01-27,SZ.ZB_000623,吉林敖东,化学制药,-1.6716964
1881,2025-01-27,SH.ZB_600444,国机通用,专用设备,-1.6719732
1882,2025-01-24,SH.ZB_601866,中远海发,航运港口,-1.6720418
1883,2025-01-27,SH.ZB_600372,中航机载,航天航空,-1.6721442
1884,2025-01-27,SZ.ZB_000035,中国天楹,环保行业,-1.6721781
1885,2025-01-27,SH.ZB_601921,浙版传媒,文化传媒,-1.6723119
1886,2025-01-27,SH.KC_300567,精测电子,仪器仪表,-1.6724315
1887,2025-01-24,SH.ZB_603579,荣泰健康,家电行业,-1.6725488
1888,2025-01-24,SZ.ZB_000756,新华制药,化学制药,-1.6725581
1889,2025-01-24,SH.ZB_603077,和邦生物,化学原料,-1.6726782
1890,2025-01-24,SZ.ZB_002101,广东鸿图,汽车零部件,-1.6726832
1891,2025-01-27,SZ.ZB_002038,双鹭药业,生物制品,-1.6729805
1892,2025-01-27,SZ.ZB_001213,中铁特货,物流行业,-1.6730626
1893,2025-01-24,SH.ZB_603053,成都燃气,燃气,-1.6730775
1894,2025-01-27,SH.ZB_600690,海尔智家,家电行业,-1.6732868
1895,2025-01-24,SZ.ZB_002185,华天科技,半导体,-1.6733408
1896,2025-01-27,SZ.ZB_000796,凯撒旅业,旅游酒店,-1.6733669
1897,2025-01-24,SH.ZB_600528,中铁工业,交运设备,-1.6733915
1898,2025-01-27,SH.KC_300070,碧水源,环保行业,-1.6735084
1899,2025-01-24,SH.ZB_600038,中直股份,航天航空,-1.673528
1900,2025-01-24,SH.ZB_600361,创新新材,有色金属,-1.6735587
1901,2025-01-27,SZ.ZB_002404,嘉欣丝绸,纺织服装,-1.6740044
1902,2025-01-27,SH.ZB_601668,中国建筑,工程建设,-1.674098
1903,2025-01-24,SZ.ZB_002128,电投能源,煤炭行业,-1.6741015
1904,2025-01-27,SH.ZB_603043,广州酒家,食品饮料,-1.6741451
1905,2025-01-27,SH.KC_300489,光智科技,光学光电子,-1.6744213
1906,2025-01-24,SH.ZB_600928,西安银行,银行,-1.674473
1907,2025-01-24,SZ.ZB_002590,万安科技,汽车零部件,-1.6746398
1908,2025-01-27,SZ.ZB_002234,民和股份,农牧饲渔,-1.6747162
1909,2025-01-24,SH.KC_688121,卓然股份,专用设备,-1.674759
1910,2025-01-24,SH.KC_688707,振华新材,电池,-1.6754452
1911,2025-01-27,SH.ZB_600483,福能股份,电力行业,-1.6757997
1912,2025-01-24,SZ.ZB_002083,孚日股份,纺织服装,-1.6758062
1913,2025-01-27,SZ.ZB_000581,威孚高科,汽车零部件,-1.6759266
1914,2025-01-24,SH.KC_300769,德方纳米,电池,-1.6762357
1915,2025-01-27,SH.ZB_600871,石化油服,采掘行业,-1.6762879
1916,2025-01-27,SH.KC_300587,天铁科技,橡胶制品,-1.6764213
1917,2025-01-24,SZ.ZB_000701,厦门信达,商业百货,-1.6764388
1918,2025-01-27,SH.ZB_603967,中创物流,物流行业,-1.6764567
1919,2025-01-24,SZ.ZB_001333,光华股份,化学制品,-1.6766127
1920,2025-01-27,SH.ZB_603936,博敏电子,电子元件,-1.6766951
1921,2025-01-27,SH.ZB_600115,中国东航,航空机场,-1.6767726
1922,2025-01-27,SZ.ZB_002859,洁美科技,电子元件,-1.6769122
1923,2025-01-24,SH.KC_688567,孚能科技,电池,-1.6770611
1924,2025-01-27,SZ.ZB_000900,现代投资,铁路公路,-1.6772032
1925,2025-01-24,SH.KC_688057,金达莱,环保行业,-1.6773754
1926,2025-01-27,SH.KC_300424,航新科技,航天航空,-1.6775048
1927,2025-01-27,SH.ZB_603178,圣龙股份,汽车零部件,-1.6775976
1928,2025-01-24,SH.KC_301505,苏州规划,工程咨询服务,-1.6777072
1929,2025-01-24,SH.ZB_600469,风神股份,橡胶制品,-1.6777551
1930,2025-01-24,SH.KC_300500,启迪设计,工程咨询服务,-1.6780227
1931,2025-01-27,SH.ZB_600583,海油工程,采掘行业,-1.6780362
1932,2025-01-24,SH.KC_300498,温氏股份,农牧饲渔,-1.6781118
1933,2025-01-27,SH.KC_688334,西高院,专业服务,-1.6783189
1934,2025-01-24,SH.KC_301539,宏鑫科技,汽车零部件,-1.6783814
1935,2025-01-24,SH.ZB_603117,万林物流,物流行业,-1.6786076
1936,2025-01-27,SZ.ZB_000012,南  玻Ａ,玻璃玻纤,-1.6786152
1937,2025-01-24,SH.ZB_600982,宁波能源,电力行业,-1.6786327
1938,2025-01-24,SH.ZB_601326,秦港股份,航运港口,-1.6786351
1939,2025-01-24,SZ.ZB_000990,诚志股份,化学原料,-1.6788404
1940,2025-01-27,SH.ZB_600703,三安光电,光学光电子,-1.6788651
1941,2025-01-27,SH.KC_688020,方邦股份,电子元件,-1.6789343
1942,2025-01-24,SZ.ZB_000683,远兴能源,化学原料,-1.6790861
1943,2025-01-24,SH.KC_688432,有研硅,半导体,-1.6790904
1944,2025-01-27,SZ.ZB_002590,万安科技,汽车零部件,-1.6797446
1945,2025-01-24,SH.ZB_600248,陕建股份,工程建设,-1.6800808
1946,2025-01-24,SH.KC_300416,苏试试验,专业服务,-1.6802318
1947,2025-01-27,SH.KC_301207,华兰疫苗,生物制品,-1.6803668
1948,2025-01-24,SH.KC_300263,隆华科技,通用设备,-1.6803805
1949,2025-01-24,SH.ZB_600210,紫江企业,包装材料,-1.6804821
1950,2025-01-27,SH.ZB_600299,安迪苏,化学制品,-1.6805987
1951,2025-01-27,SH.KC_300650,太龙股份,光学光电子,-1.6806403
1952,2025-01-27,SH.KC_301272,英华特,专用设备,-1.680761
1953,2025-01-24,SH.ZB_603113,金能科技,化学原料,-1.6808059
1954,2025-01-24,SH.KC_688499,利元亨,电池,-1.680855
1955,2025-01-24,SH.ZB_601068,中铝国际,工程建设,-1.6809855
1956,2025-01-24,SH.KC_300482,万孚生物,医疗器械,-1.6813191
1957,2025-01-24,SH.ZB_603043,广州酒家,食品饮料,-1.6814792
1958,2025-01-27,SH.KC_300075,数字政通,软件开发,-1.6815094
1959,2025-01-24,SH.KC_300107,建新股份,化学制品,-1.6816721
1960,2025-01-27,SH.KC_300402,宝色股份,专用设备,-1.6817348
1961,2025-01-24,SH.ZB_600460,士兰微,半导体,-1.6817831
1962,2025-01-27,SH.ZB_600982,宁波能源,电力行业,-1.6817924
1963,2025-01-24,SH.KC_688069,德林海,环保行业,-1.6819924
1964,2025-01-27,SH.ZB_600189,泉阳泉,食品饮料,-1.6820211
1965,2025-01-24,SH.KC_300904,威力传动,风电设备,-1.6821288
1966,2025-01-27,SZ.ZB_002465,海格通信,通信设备,-1.6821826
1967,2025-01-27,SH.ZB_600176,中国巨石,玻璃玻纤,-1.6822885
1968,2025-01-24,SH.KC_300067,安诺其,化学制品,-1.6823795
1969,2025-01-24,SH.ZB_600167,联美控股,公用事业,-1.6823858
1970,2025-01-24,SH.ZB_600616,金枫酒业,酿酒行业,-1.6823977
1971,2025-01-27,SH.ZB_603517,绝味食品,食品饮料,-1.6825273
1972,2025-01-27,SH.KC_300073,当升科技,电池,-1.6825553
1973,2025-01-24,SZ.ZB_000710,贝瑞基因,医疗器械,-1.682581
1974,2025-01-24,SH.KC_300087,荃银高科,农牧饲渔,-1.6826944
1975,2025-01-24,SZ.ZB_002394,联发股份,纺织服装,-1.6827203
1976,2025-01-27,SZ.ZB_002034,旺能环境,环保行业,-1.6827457
1977,2025-01-27,SH.ZB_600528,中铁工业,交运设备,-1.6828597
1978,2025-01-27,SH.KC_300217,东方电热,家电行业,-1.6829517
1979,2025-01-27,SH.ZB_601238,广汽集团,汽车整车,-1.682965
1980,2025-01-24,SH.KC_300340,科恒股份,电池,-1.68337
1981,2025-01-24,SH.KC_300583,赛托生物,化学制药,-1.683598
1982,2025-01-27,SH.ZB_603551,奥普科技,家电行业,-1.6837139
1983,2025-01-24,SH.ZB_601888,中国中免,旅游酒店,-1.683867
1984,2025-01-27,SZ.ZB_000519,中兵红箭,专用设备,-1.6840905
1985,2025-01-24,SH.KC_688819,天能股份,电池,-1.6842235
1986,2025-01-24,SZ.ZB_000898,鞍钢股份,钢铁行业,-1.6842393
1987,2025-01-27,SH.KC_688553,汇宇制药-W,化学制药,-1.6844498
1988,2025-01-24,SH.ZB_600540,新赛股份,农牧饲渔,-1.6845534
1989,2025-01-24,SZ.ZB_002703,浙江世宝,汽车零部件,-1.6847335
1990,2025-01-24,SZ.ZB_000552,甘肃能化,煤炭行业,-1.6847961
1991,2025-01-27,SH.KC_300172,中电环保,环保行业,-1.6847998
1992,2025-01-24,SH.ZB_603392,万泰生物,生物制品,-1.6848328
1993,2025-01-24,SH.KC_301039,中集车辆,汽车整车,-1.6848571
1994,2025-01-24,SH.KC_300204,舒泰神,生物制品,-1.6850475
1995,2025-01-24,SH.KC_301528,多浦乐,仪器仪表,-1.6857687
1996,2025-01-24,SH.ZB_601222,林洋能源,仪器仪表,-1.6858097
1997,2025-01-27,SH.ZB_601816,京沪高铁,铁路公路,-1.6858306
1998,2025-01-27,SH.KC_300653,正海生物,医疗器械,-1.6860607
1999,2025-01-24,SZ.ZB_002719,麦趣尔,食品饮料,-1.6862031
2000,2025-01-24,SH.KC_688295,中复神鹰,化纤行业,-1.6862378
2001,2025-01-27,SH.ZB_601579,会稽山,酿酒行业,-1.6862754
2002,2025-01-24,SH.ZB_600352,浙江龙盛,化学制品,-1.6864698
2003,2025-01-24,SZ.ZB_000798,中水渔业,农牧饲渔,-1.6864758
2004,2025-01-24,SZ.ZB_000965,天保基建,房地产开发,-1.6865532
2005,2025-01-24,SH.KC_300022,吉峰科技,工程机械,-1.6866786
2006,2025-01-24,SZ.ZB_002695,煌上煌,食品饮料,-1.6867708
2007,2025-01-24,SZ.ZB_000910,大亚圣象,装修建材,-1.6869333
2008,2025-01-24,SH.ZB_600895,张江高科,房地产开发,-1.6870469
2009,2025-01-27,SH.ZB_603207,小方制药,化学制药,-1.6871337
2010,2025-01-27,SH.KC_301303,真兰仪表,仪器仪表,-1.6871406
2011,2025-01-24,SH.ZB_600642,申能股份,电力行业,-1.6871902
2012,2025-01-27,SH.ZB_600886,国投电力,电力行业,-1.6872376
2013,2025-01-24,SH.KC_688613,奥精医疗,医疗器械,-1.6873631
2014,2025-01-27,SZ.ZB_002431,棕榈股份,工程建设,-1.6877472
2015,2025-01-27,SH.ZB_603161,科华控股,汽车零部件,-1.6878482
2016,2025-01-24,SH.ZB_600513,联环药业,化学制药,-1.6879251
2017,2025-01-24,SH.ZB_603619,中曼石油,采掘行业,-1.68803
2018,2025-01-27,SZ.ZB_002963,豪尔赛,装修装饰,-1.6881804
2019,2025-01-27,SZ.ZB_001368,通达创智,塑料制品,-1.6883698
2020,2025-01-24,SZ.ZB_000025,特  力Ａ,珠宝首饰,-1.6884427
2021,2025-01-27,SH.ZB_600198,大唐电信,通信设备,-1.68848
2022,2025-01-27,SZ.ZB_002588,史丹利,化肥行业,-1.6885219
2023,2025-01-27,SZ.ZB_002867,周大生,珠宝首饰,-1.689094
2024,2025-01-24,SH.KC_301024,霍普股份,工程建设,-1.6891096
2025,2025-01-24,SH.ZB_600876,凯盛新能,光伏设备,-1.6893979
2026,2025-01-24,SH.ZB_600200,江苏吴中,化学制药,-1.6895568
2027,2025-01-27,SZ.ZB_000672,上峰水泥,水泥建材,-1.6898468
2028,2025-01-24,SH.ZB_600746,江苏索普,化学原料,-1.6900444
2029,2025-01-24,SH.ZB_601330,绿色动力,环保行业,-1.6900533
2030,2025-01-27,SH.KC_300957,贝泰妮,美容护理,-1.6901181
2031,2025-01-24,SH.ZB_600651,飞乐音响,光学光电子,-1.6901648
2032,2025-01-24,SH.ZB_601995,中金公司,证券,-1.6903676
2033,2025-01-27,SH.ZB_603730,岱美股份,汽车零部件,-1.6903821
2034,2025-01-27,SH.KC_300841,康华生物,生物制品,-1.6913083
2035,2025-01-24,SH.ZB_603639,海利尔,农药兽药,-1.6913986
2036,2025-01-24,SH.KC_300016,北陆药业,化学制药,-1.6914234
2037,2025-01-24,SH.KC_301586,佳力奇,航天航空,-1.6915703
2038,2025-01-24,SH.ZB_600987,航民股份,纺织服装,-1.691588
2039,2025-01-24,SH.ZB_600760,中航沈飞,航天航空,-1.6915973
2040,2025-01-27,SH.ZB_600763,通策医疗,医疗服务,-1.6917243
2041,2025-01-24,SZ.ZB_002451,摩恩电气,电网设备,-1.6917857
2042,2025-01-24,SH.KC_300760,迈瑞医疗,医疗器械,-1.6918235
2043,2025-01-27,SZ.ZB_002805,丰元股份,电池,-1.6918268
2044,2025-01-27,SH.ZB_600158,中体产业,文化传媒,-1.6918864
2045,2025-01-27,SH.ZB_601228,广州港,航运港口,-1.6919341
2046,2025-01-27,SZ.ZB_002349,精华制药,中药,-1.6920004
2047,2025-01-24,SH.ZB_600110,诺德股份,电池,-1.6923603
2048,2025-01-27,SZ.ZB_000538,云南白药,中药,-1.6924458
2049,2025-01-24,SZ.ZB_002643,万润股份,电子化学品,-1.6926751
2050,2025-01-24,SH.ZB_601007,金陵饭店,旅游酒店,-1.6927633
2051,2025-01-27,SZ.ZB_002173,创新医疗,医疗服务,-1.6929911
2052,2025-01-24,SH.ZB_600064,南京高科,房地产开发,-1.6933566
2053,2025-01-27,SH.KC_301387,光大同创,消费电子,-1.6933687
2054,2025-01-27,SH.KC_301087,可孚医疗,医疗器械,-1.6933912
2055,2025-01-24,SH.ZB_603217,元利科技,化学制品,-1.6936958
2056,2025-01-27,SH.ZB_603878,武进不锈,钢铁行业,-1.6937361
2057,2025-01-27,SH.KC_300699,光威复材,化学制品,-1.6939356
2058,2025-01-24,SH.ZB_603960,克来机电,专用设备,-1.6939689
2059,2025-01-27,SH.KC_300540,蜀道装备,专用设备,-1.6941134
2060,2025-01-24,SH.KC_688236,春立医疗,医疗器械,-1.6941471
2061,2025-01-24,SH.ZB_603681,永冠新材,化学制品,-1.694174
2062,2025-01-24,SH.ZB_601886,江河集团,装修装饰,-1.6941772
2063,2025-01-24,SH.ZB_601088,中国神华,煤炭行业,-1.6942501
2064,2025-01-27,SH.KC_300482,万孚生物,医疗器械,-1.6943253
2065,2025-01-24,SH.KC_688130,晶华微,半导体,-1.6943922
2066,2025-01-24,SH.ZB_600575,淮河能源,物流行业,-1.69458
2067,2025-01-24,SZ.ZB_000926,福星股份,房地产开发,-1.6946737
2068,2025-01-27,SZ.ZB_000011,深物业A,房地产开发,-1.6947415
2069,2025-01-27,SZ.ZB_002291,遥望科技,互联网服务,-1.6949002
2070,2025-01-27,SH.ZB_600585,海螺水泥,水泥建材,-1.695035
2071,2025-01-24,SH.KC_300110,华仁药业,化学制药,-1.6954833
2072,2025-01-24,SH.ZB_603606,东方电缆,电网设备,-1.6954908
2073,2025-01-27,SZ.ZB_000966,长源电力,电力行业,-1.6956683
2074,2025-01-27,SH.ZB_601022,宁波远洋,航运港口,-1.6957814
2075,2025-01-27,SZ.ZB_000858,五 粮 液,酿酒行业,-1.6962144
2076,2025-01-24,SH.ZB_601901,方正证券,证券,-1.6965052
2077,2025-01-24,SH.KC_688033,天宜上佳,光伏设备,-1.6968124
2078,2025-01-24,SZ.ZB_002701,奥瑞金,包装材料,-1.6971774
2079,2025-01-24,SZ.ZB_002562,兄弟科技,化学制品,-1.6972297
2080,2025-01-27,SH.KC_688439,振华风光,半导体,-1.6972497
2081,2025-01-24,SH.KC_688275,万润新能,电池,-1.697345
2082,2025-01-27,SH.KC_300401,花园生物,化学制药,-1.697376
2083,2025-01-27,SZ.ZB_000404,长虹华意,家电行业,-1.6977124
2084,2025-01-24,SZ.ZB_002444,巨星科技,通用设备,-1.6977959
2085,2025-01-24,SH.ZB_600862,中航高科,航天航空,-1.6978867
2086,2025-01-27,SZ.ZB_002646,天佑德酒,酿酒行业,-1.6980745
2087,2025-01-24,SZ.ZB_000045,深纺织Ａ,光学光电子,-1.6983569
2088,2025-01-27,SZ.ZB_002262,恩华药业,化学制药,-1.6984823
2089,2025-01-27,SH.ZB_605377,华旺科技,造纸印刷,-1.6988608
2090,2025-01-27,SZ.ZB_002746,仙坛股份,农牧饲渔,-1.6988893
2091,2025-01-27,SZ.ZB_002345,潮宏基,珠宝首饰,-1.6989787
2092,2025-01-27,SH.ZB_600352,浙江龙盛,化学制品,-1.6990889
2093,2025-01-27,SZ.ZB_000930,中粮科技,农牧饲渔,-1.6993496
2094,2025-01-27,SH.ZB_603848,好太太,家用轻工,-1.6994331
2095,2025-01-24,SH.ZB_600054,黄山旅游,旅游酒店,-1.6997179
2096,2025-01-24,SZ.ZB_002159,三特索道,旅游酒店,-1.6997893
2097,2025-01-27,SH.ZB_600219,南山铝业,有色金属,-1.6998373
2098,2025-01-24,SH.ZB_600117,西宁特钢,钢铁行业,-1.6998808
2099,2025-01-24,SH.KC_688237,超卓航科,航天航空,-1.7002169
2100,2025-01-27,SH.KC_300760,迈瑞医疗,医疗器械,-1.7002921
2101,2025-01-27,SH.ZB_600578,京能电力,电力行业,-1.7004083
2102,2025-01-24,SZ.ZB_002817,黄山胶囊,医疗器械,-1.700444
2103,2025-01-24,SZ.ZB_000702,正虹科技,农牧饲渔,-1.7005993
2104,2025-01-24,SZ.ZB_002029,七 匹 狼,纺织服装,-1.7008473
2105,2025-01-24,SH.KC_301097,天益医疗,医疗器械,-1.7010745
2106,2025-01-24,SH.ZB_600400,红豆股份,纺织服装,-1.7011713
2107,2025-01-24,SH.KC_688299,长阳科技,光学光电子,-1.7012317
2108,2025-01-24,SH.KC_300073,当升科技,电池,-1.7015902
2109,2025-01-24,SH.ZB_600259,广晟有色,小金属,-1.701647
2110,2025-01-24,SZ.ZB_002727,一心堂,医药商业,-1.7017705
2111,2025-01-27,SH.KC_688339,亿华通-U,电池,-1.7018169
2112,2025-01-24,SH.ZB_603883,老百姓,医药商业,-1.7019134
2113,2025-01-24,SZ.ZB_000885,城发环境,环保行业,-1.7019967
2114,2025-01-24,SZ.ZB_002355,兴民智通,汽车零部件,-1.7020447
2115,2025-01-24,SZ.ZB_000610,西安旅游,旅游酒店,-1.7020653
2116,2025-01-27,SH.KC_300516,久之洋,电子元件,-1.7023746
2117,2025-01-27,SH.ZB_601515,东峰集团,包装材料,-1.7024841
2118,2025-01-27,SH.KC_300323,华灿光电,光学光电子,-1.7025124
2119,2025-01-24,SH.ZB_600107,美尔雅,纺织服装,-1.702604
2120,2025-01-24,SH.KC_300428,立中集团,汽车零部件,-1.7026972
2121,2025-01-27,SZ.ZB_000685,中山公用,公用事业,-1.7030284
2122,2025-01-27,SH.ZB_605136,丽人丽妆,商业百货,-1.703266
2123,2025-01-24,SH.KC_688113,联测科技,专用设备,-1.7035235
2124,2025-01-24,SZ.ZB_000875,吉电股份,电力行业,-1.7036084
2125,2025-01-24,SH.KC_300149,睿智医药,医疗服务,-1.7036955
2126,2025-01-27,SH.ZB_600573,惠泉啤酒,酿酒行业,-1.7040399
2127,2025-01-27,SH.ZB_601798,蓝科高新,专用设备,-1.7042464
2128,2025-01-27,SZ.ZB_002893,京能热力,公用事业,-1.7042575
2129,2025-01-24,SH.ZB_600162,香江控股,房地产开发,-1.704313
2130,2025-01-24,SH.KC_300690,双一科技,风电设备,-1.7043818
2131,2025-01-24,SH.ZB_603016,新宏泰,电网设备,-1.7044346
2132,2025-01-27,SH.KC_300332,天壕能源,燃气,-1.7044885
2133,2025-01-27,SH.KC_301268,铭利达,通用设备,-1.7045919
2134,2025-01-24,SZ.ZB_000848,承德露露,食品饮料,-1.7047148
2135,2025-01-24,SH.ZB_603938,三孚股份,化学制品,-1.7048597
2136,2025-01-24,SZ.ZB_000633,合金投资,有色金属,-1.7050285
2137,2025-01-24,SH.KC_300621,维业股份,装修装饰,-1.7051816
2138,2025-01-24,SZ.ZB_000778,新兴铸管,钢铁行业,-1.7052236
2139,2025-01-27,SH.ZB_601766,中国中车,交运设备,-1.7052432
2140,2025-01-24,SH.KC_300019,硅宝科技,化学制品,-1.7052859
2141,2025-01-24,SH.ZB_605567,春雪食品,食品饮料,-1.7055482
2142,2025-01-27,SZ.ZB_000682,东方电子,电网设备,-1.705556
2143,2025-01-24,SH.ZB_605077,华康股份,食品饮料,-1.7057421
2144,2025-01-24,SH.ZB_600333,长春燃气,燃气,-1.7059069
2145,2025-01-24,SH.KC_301238,瑞泰新材,电池,-1.7060105
2146,2025-01-24,SZ.ZB_000589,贵州轮胎,橡胶制品,-1.7063774
2147,2025-01-24,SZ.ZB_002791,坚朗五金,装修建材,-1.7064188
2148,2025-01-24,SH.ZB_601880,辽港股份,航运港口,-1.7064396
2149,2025-01-24,SH.KC_300181,佐力药业,中药,-1.7065026
2150,2025-01-24,SZ.ZB_001227,兰州银行,银行,-1.7067965
2151,2025-01-27,SH.ZB_605500,森林包装,造纸印刷,-1.7068479
2152,2025-01-24,SH.KC_688627,精智达,专用设备,-1.7070321
2153,2025-01-27,SH.ZB_600125,铁龙物流,物流行业,-1.7070521
2154,2025-01-27,SH.KC_688459,哈铁科技,交运设备,-1.7071165
2155,2025-01-27,SH.ZB_603689,皖天然气,燃气,-1.7071407
2156,2025-01-27,SH.ZB_600779,水井坊,酿酒行业,-1.7071776
2157,2025-01-24,SZ.ZB_002189,中光学,光学光电子,-1.7072036
2158,2025-01-27,SH.ZB_600252,中恒集团,中药,-1.7072201
2159,2025-01-24,SH.KC_688035,德邦科技,电子元件,-1.707243
2160,2025-01-27,SH.ZB_600975,新五丰,农牧饲渔,-1.7073072
2161,2025-01-24,SH.ZB_603689,皖天然气,燃气,-1.7077588
2162,2025-01-24,SH.KC_301327,华宝新能,电源设备,-1.7077985
2163,2025-01-24,SZ.ZB_002154,报 喜 鸟,纺织服装,-1.7081579
2164,2025-01-24,SH.ZB_600062,华润双鹤,化学制药,-1.7082038
2165,2025-01-24,SH.ZB_600039,四川路桥,工程建设,-1.7082307
2166,2025-01-24,SH.KC_300358,楚天科技,医疗器械,-1.7084757
2167,2025-01-24,SH.ZB_601518,吉林高速,铁路公路,-1.7085149
2168,2025-01-24,SH.ZB_603922,金鸿顺,汽车零部件,-1.7087191
2169,2025-01-24,SH.KC_300082,奥克股份,化学原料,-1.7087595
2170,2025-01-27,SH.ZB_600338,西藏珠峰,有色金属,-1.7087684
2171,2025-01-24,SH.ZB_600761,安徽合力,工程机械,-1.7089646
2172,2025-01-27,SH.ZB_600513,联环药业,化学制药,-1.7089767
2173,2025-01-27,SZ.ZB_000636,风华高科,电子元件,-1.709171
2174,2025-01-24,SZ.ZB_002314,南山控股,房地产开发,-1.7092546
2175,2025-01-24,SH.KC_688699,明微电子,半导体,-1.709405
2176,2025-01-27,SZ.ZB_002327,富安娜,纺织服装,-1.7096668
2177,2025-01-27,SH.ZB_600798,宁波海运,航运港口,-1.7099615
2178,2025-01-27,SH.ZB_600559,老白干酒,酿酒行业,-1.7101772
2179,2025-01-24,SH.KC_688599,天合光能,光伏设备,-1.7102818
2180,2025-01-24,SZ.ZB_002125,湘潭电化,化学原料,-1.710289
2181,2025-01-27,SH.ZB_600320,振华重工,专用设备,-1.7104275
2182,2025-01-27,SZ.ZB_002381,双箭股份,橡胶制品,-1.7104603
2183,2025-01-27,SH.ZB_600004,白云机场,航空机场,-1.710487
2184,2025-01-24,SH.ZB_603690,至纯科技,专用设备,-1.7105474
2185,2025-01-24,SZ.ZB_002120,韵达股份,物流行业,-1.7106258
2186,2025-01-24,SH.ZB_600809,山西汾酒,酿酒行业,-1.7109622
2187,2025-01-27,SH.ZB_600233,圆通速递,物流行业,-1.7112427
2188,2025-01-24,SH.ZB_600854,春兰股份,家电行业,-1.711313
2189,2025-01-24,SH.ZB_600152,维科技术,电池,-1.7113719
2190,2025-01-27,SH.KC_300122,智飞生物,生物制品,-1.7115828
2191,2025-01-24,SZ.ZB_002519,银河电子,通信设备,-1.7120861
2192,2025-01-24,SH.KC_300138,晨光生物,农牧饲渔,-1.7122607
2193,2025-01-27,SH.KC_300932,三友联众,电网设备,-1.7123228
2194,2025-01-24,SZ.ZB_002545,东方铁塔,化肥行业,-1.7125136
2195,2025-01-24,SZ.ZB_002633,申科股份,通用设备,-1.7125561
2196,2025-01-27,SH.ZB_603279,景津装备,专用设备,-1.7126769
2197,2025-01-24,SH.ZB_600748,上实发展,房地产开发,-1.7130833
2198,2025-01-24,SZ.ZB_002999,天禾股份,化肥行业,-1.7130855
2199,2025-01-27,SH.ZB_601998,中信银行,银行,-1.7131209
2200,2025-01-24,SH.ZB_601163,三角轮胎,橡胶制品,-1.7133873
2201,2025-01-24,SH.KC_300310,宜通世纪,通信服务,-1.7134733
2202,2025-01-24,SH.ZB_600376,首开股份,房地产开发,-1.7135574
2203,2025-01-24,SZ.ZB_000735,罗 牛 山,农牧饲渔,-1.7137136
2204,2025-01-24,SH.ZB_603700,宁水集团,仪器仪表,-1.7137332
2205,2025-01-24,SH.ZB_605399,晨光新材,化学制品,-1.7137825
2206,2025-01-24,SZ.ZB_001378,德冠新材,塑料制品,-1.7141812
2207,2025-01-27,SZ.ZB_003023,彩虹集团,家电行业,-1.7142229
2208,2025-01-24,SH.ZB_603896,寿仙谷,中药,-1.7144691
2209,2025-01-24,SH.ZB_605365,立达信,家电行业,-1.7146693
2210,2025-01-24,SZ.ZB_000791,甘肃能源,电力行业,-1.7148641
2211,2025-01-27,SH.ZB_600877,电科芯片,半导体,-1.7149727
2212,2025-01-27,SZ.ZB_002413,雷科防务,通信设备,-1.7152667
2213,2025-01-27,SH.ZB_603298,杭叉集团,工程机械,-1.7152753
2214,2025-01-24,SH.ZB_600785,新华百货,商业百货,-1.7155707
2215,2025-01-24,SZ.ZB_000501,武商集团,商业百货,-1.7157042
2216,2025-01-24,SH.KC_688409,富创精密,半导体,-1.7157575
2217,2025-01-24,SH.KC_301518,长华化学,化学制品,-1.7158434
2218,2025-01-24,SH.KC_688189,南新制药,化学制药,-1.7161345
2219,2025-01-27,SH.KC_301565,中仑新材,塑料制品,-1.7162215
2220,2025-01-24,SZ.ZB_002074,国轩高科,电池,-1.7164662
2221,2025-01-27,SZ.ZB_002581,未名医药,生物制品,-1.7167549
2222,2025-01-27,SZ.ZB_000690,宝新能源,电力行业,-1.7169095
2223,2025-01-27,SH.ZB_601068,中铝国际,工程建设,-1.7169902
2224,2025-01-27,SH.KC_688639,华恒生物,化学制品,-1.7171443
2225,2025-01-24,SH.ZB_603130,云中马,纺织服装,-1.7175488
2226,2025-01-24,SH.ZB_603801,志邦家居,装修建材,-1.717578
2227,2025-01-27,SH.KC_300928,华安鑫创,汽车零部件,-1.7176472
2228,2025-01-27,SH.ZB_603283,赛腾股份,专用设备,-1.7178317
2229,2025-01-27,SH.ZB_605598,上海港湾,工程建设,-1.718125
2230,2025-01-24,SZ.ZB_001205,盛航股份,航运港口,-1.7181704
2231,2025-01-27,SZ.ZB_000910,大亚圣象,装修建材,-1.718178
2232,2025-01-27,SZ.ZB_002215,诺 普 信,农药兽药,-1.7189513
2233,2025-01-24,SH.ZB_603936,博敏电子,电子元件,-1.7190559
2234,2025-01-24,SZ.ZB_002734,利民股份,农药兽药,-1.7192625
2235,2025-01-24,SH.ZB_600681,百川能源,燃气,-1.7192957
2236,2025-01-27,SH.ZB_600250,南京商旅,贸易行业,-1.7193485
2237,2025-01-27,SH.ZB_601008,连云港,航运港口,-1.7194046
2238,2025-01-24,SH.ZB_600703,三安光电,光学光电子,-1.7197225
2239,2025-01-27,SZ.ZB_000739,普洛药业,化学制药,-1.7197765
2240,2025-01-27,SZ.ZB_000069,华侨城Ａ,房地产开发,-1.7198656
2241,2025-01-24,SH.ZB_603580,艾艾精工,塑料制品,-1.7200345
2242,2025-01-27,SZ.ZB_002930,宏川智慧,物流行业,-1.7200937
2243,2025-01-24,SH.ZB_600770,综艺股份,综合行业,-1.7202137
2244,2025-01-24,SH.KC_300185,通裕重工,风电设备,-1.7202953
2245,2025-01-27,SZ.ZB_002307,北新路桥,工程建设,-1.7204301
2246,2025-01-27,SH.KC_300801,泰和科技,化学制品,-1.7206861
2247,2025-01-27,SH.ZB_603368,柳药集团,医药商业,-1.7207798
2248,2025-01-24,SZ.ZB_002228,合兴包装,包装材料,-1.7209281
2249,2025-01-24,SH.ZB_603568,伟明环保,环保行业,-1.7209319
2250,2025-01-27,SZ.ZB_000777,中核科技,通用设备,-1.7210361
2251,2025-01-27,SZ.ZB_001326,联域股份,光学光电子,-1.7212198
2252,2025-01-27,SH.KC_300349,金卡智能,仪器仪表,-1.721345
2253,2025-01-24,SZ.ZB_001326,联域股份,光学光电子,-1.7213948
2254,2025-01-27,SH.KC_300510,金冠股份,电网设备,-1.7214491
2255,2025-01-27,SH.KC_300527,中船应急,专用设备,-1.7214818
2256,2025-01-24,SH.ZB_600536,中国软件,软件开发,-1.7220043
2257,2025-01-24,SH.ZB_600299,安迪苏,化学制品,-1.7220583
2258,2025-01-24,SH.KC_688238,和元生物,医疗服务,-1.7222636
2259,2025-01-27,SZ.ZB_002367,康力电梯,专用设备,-1.7223157
2260,2025-01-27,SZ.ZB_000919,金陵药业,中药,-1.7223969
2261,2025-01-24,SZ.ZB_002053,云南能投,综合行业,-1.7224259
2262,2025-01-24,SH.ZB_600639,浦东金桥,房地产开发,-1.7226745
2263,2025-01-24,SH.ZB_600257,大湖股份,农牧饲渔,-1.722907
2264,2025-01-27,SH.KC_300204,舒泰神,生物制品,-1.7233353
2265,2025-01-24,SH.KC_300347,泰格医药,医疗服务,-1.7234027
2266,2025-01-24,SH.ZB_600736,苏州高新,房地产开发,-1.7234348
2267,2025-01-27,SH.KC_300194,福安药业,化学制药,-1.7234389
2268,2025-01-24,SH.ZB_601212,白银有色,有色金属,-1.7234929
2269,2025-01-27,SH.KC_300026,红日药业,中药,-1.7235819
2270,2025-01-24,SH.KC_300761,立华股份,农牧饲渔,-1.7237358
2271,2025-01-27,SZ.ZB_000553,安道麦A,农药兽药,-1.7241325
2272,2025-01-24,SH.ZB_600515,海南机场,航空机场,-1.7242259
2273,2025-01-24,SH.KC_300983,尤安设计,工程咨询服务,-1.7242302
2274,2025-01-24,SZ.ZB_001323,慕思股份,家用轻工,-1.7245289
2275,2025-01-24,SH.KC_688105,诺唯赞,医疗器械,-1.7247759
2276,2025-01-24,SZ.ZB_002291,遥望科技,互联网服务,-1.7248075
2277,2025-01-27,SZ.ZB_002340,格林美,能源金属,-1.724834
2278,2025-01-24,SZ.ZB_002051,中工国际,工程建设,-1.7249197
2279,2025-01-27,SZ.ZB_002269,美邦服饰,纺织服装,-1.725078
2280,2025-01-27,SH.ZB_603838,四通股份,装修建材,-1.7250859
2281,2025-01-27,SH.KC_300994,久祺股份,交运设备,-1.7253035
2282,2025-01-24,SZ.ZB_002887,绿茵生态,环保行业,-1.7255738
2283,2025-01-24,SH.KC_688310,迈得医疗,专用设备,-1.7257508
2284,2025-01-27,SZ.ZB_002010,传化智联,物流行业,-1.7258286
2285,2025-01-24,SH.KC_688739,成大生物,生物制品,-1.7259363
2286,2025-01-24,SH.KC_300551,古鳌科技,计算机设备,-1.7261763
2287,2025-01-27,SH.ZB_601968,宝钢包装,包装材料,-1.7262111
2288,2025-01-24,SH.KC_300275,梅安森,仪器仪表,-1.726279
2289,2025-01-24,SZ.ZB_002548,金新农,农牧饲渔,-1.7263051
2290,2025-01-24,SZ.ZB_000705,浙江震元,医药商业,-1.7264048
2291,2025-01-27,SH.ZB_603566,普莱柯,农药兽药,-1.7264168
2292,2025-01-27,SH.KC_301357,北方长龙,汽车零部件,-1.7264671
2293,2025-01-24,SH.ZB_603391,力聚热能,通用设备,-1.726884
2294,2025-01-24,SH.ZB_600348,华阳股份,煤炭行业,-1.7269721
2295,2025-01-27,SZ.ZB_000597,东北制药,化学制药,-1.7270349
2296,2025-01-24,SH.KC_688626,翔宇医疗,医疗器械,-1.7271317
2297,2025-01-27,SZ.ZB_002864,盘龙药业,中药,-1.7271377
2298,2025-01-27,SH.ZB_603367,辰欣药业,化学制药,-1.7271651
2299,2025-01-27,SH.ZB_600995,南网储能,电力行业,-1.7271751
2300,2025-01-24,SZ.ZB_000538,云南白药,中药,-1.7273955
2301,2025-01-24,SH.ZB_603195,公牛集团,家用轻工,-1.7275797
2302,2025-01-24,SZ.ZB_002054,德美化工,化学制品,-1.7275833
2303,2025-01-27,SH.ZB_600359,新农开发,农牧饲渔,-1.7275902
2304,2025-01-27,SH.ZB_600101,明星电力,电力行业,-1.7276149
2305,2025-01-27,SH.ZB_600167,联美控股,公用事业,-1.7276319
2306,2025-01-24,SH.ZB_600019,宝钢股份,钢铁行业,-1.72778
2307,2025-01-27,SH.ZB_600969,郴电国际,电力行业,-1.7279202
2308,2025-01-27,SH.ZB_600479,千金药业,中药,-1.7279717
2309,2025-01-24,SH.KC_300618,寒锐钴业,能源金属,-1.7283851
2310,2025-01-27,SH.KC_301100,风光股份,化学制品,-1.728398
2311,2025-01-24,SZ.ZB_002415,海康威视,计算机设备,-1.7284632
2312,2025-01-24,SH.KC_688726,拉普拉斯,光伏设备,-1.7289244
2313,2025-01-24,SZ.ZB_002516,旷达科技,汽车零部件,-1.728988
2314,2025-01-24,SH.ZB_600490,鹏欣资源,有色金属,-1.7291688
2315,2025-01-27,SZ.ZB_000153,丰原药业,化学制药,-1.7294371
2316,2025-01-27,SZ.ZB_002122,汇洲智能,通用设备,-1.729503
2317,2025-01-24,SH.ZB_601155,新城控股,房地产开发,-1.7295618
2318,2025-01-24,SZ.ZB_002739,万达电影,文化传媒,-1.729634
2319,2025-01-24,SH.ZB_600020,中原高速,铁路公路,-1.7297188
2320,2025-01-24,SH.ZB_603676,卫信康,化学制药,-1.7297785
2321,2025-01-24,SZ.ZB_002563,森马服饰,纺织服装,-1.7298201
2322,2025-01-24,SH.ZB_601328,交通银行,银行,-1.7299625
2323,2025-01-24,SZ.ZB_000090,天健集团,房地产开发,-1.7300854
2324,2025-01-27,SH.ZB_603239,浙江仙通,汽车零部件,-1.7302275
2325,2025-01-27,SH.KC_300480,光力科技,专用设备,-1.7302856
2326,2025-01-24,SH.ZB_603978,深圳新星,有色金属,-1.7303059
2327,2025-01-24,SH.KC_688396,华润微,半导体,-1.7304708
2328,2025-01-24,SZ.ZB_000635,英 力 特,化学原料,-1.7305106
2329,2025-01-24,SZ.ZB_000698,沈阳化工,石油行业,-1.7305483
2330,2025-01-24,SH.ZB_603725,天安新材,化学制品,-1.7306689
2331,2025-01-24,SZ.ZB_002651,利君股份,专用设备,-1.7313197
2332,2025-01-24,SZ.ZB_000707,双环科技,化学原料,-1.73161
2333,2025-01-27,SH.KC_300144,宋城演艺,旅游酒店,-1.7316318
2334,2025-01-27,SZ.ZB_001298,好上好,电子元件,-1.731734
2335,2025-01-24,SH.ZB_603916,苏博特,化学制品,-1.7318625
2336,2025-01-24,SZ.ZB_002198,嘉应制药,中药,-1.7321537
2337,2025-01-27,SH.KC_300039,上海凯宝,中药,-1.7323345
2338,2025-01-27,SH.ZB_600628,新世界,商业百货,-1.7323564
2339,2025-01-24,SH.KC_688317,之江生物,医疗器械,-1.7326183
2340,2025-01-24,SZ.ZB_002169,智光电气,电网设备,-1.7326357
2341,2025-01-24,SH.KC_300140,节能环境,环保行业,-1.7328818
2342,2025-01-27,SZ.ZB_002416,爱施德,商业百货,-1.7330011
2343,2025-01-27,SH.KC_300593,新雷能,电源设备,-1.7331
2344,2025-01-24,SH.ZB_603168,莎普爱思,化学制药,-1.7333958
2345,2025-01-24,SH.ZB_601588,北辰实业,房地产服务,-1.7335826
2346,2025-01-24,SH.KC_300648,星云股份,电池,-1.7336013
2347,2025-01-24,SH.ZB_600196,复星医药,化学制药,-1.7336484
2348,2025-01-24,SH.ZB_601860,紫金银行,银行,-1.733651
2349,2025-01-24,SH.KC_301305,朗坤环境,环保行业,-1.7336537
2350,2025-01-27,SH.ZB_605288,凯迪股份,专用设备,-1.7338676
2351,2025-01-27,SH.KC_300358,楚天科技,医疗器械,-1.7339585
2352,2025-01-27,SZ.ZB_002133,广宇集团,房地产开发,-1.7341275
2353,2025-01-27,SZ.ZB_000959,首钢股份,钢铁行业,-1.7343113
2354,2025-01-27,SH.KC_300243,瑞丰高材,塑料制品,-1.7344426
2355,2025-01-24,SH.ZB_600663,陆家嘴,房地产开发,-1.7345018
2356,2025-01-24,SZ.ZB_000690,宝新能源,电力行业,-1.7346317
2357,2025-01-24,SH.ZB_600561,江西长运,铁路公路,-1.734979
2358,2025-01-27,SZ.ZB_000088,盐 田 港,航运港口,-1.7351382
2359,2025-01-24,SZ.ZB_000680,山推股份,工程机械,-1.7353704
2360,2025-01-24,SH.ZB_600533,栖霞建设,房地产开发,-1.7355157
2361,2025-01-24,SH.ZB_603038,华立股份,装修装饰,-1.7355438
2362,2025-01-24,SH.KC_300103,达刚控股,专用设备,-1.7355952
2363,2025-01-24,SH.ZB_600022,山东钢铁,钢铁行业,-1.7356617
2364,2025-01-27,SH.KC_300451,创业慧康,软件开发,-1.7358164
2365,2025-01-24,SZ.ZB_000931,中 关 村,化学制药,-1.7358233
2366,2025-01-24,SZ.ZB_000069,华侨城Ａ,房地产开发,-1.7358459
2367,2025-01-24,SZ.ZB_002186,全 聚 德,旅游酒店,-1.7358761
2368,2025-01-27,SZ.ZB_000596,古井贡酒,酿酒行业,-1.7359267
2369,2025-01-24,SH.ZB_600230,沧州大化,化学制品,-1.7368019
2370,2025-01-24,SZ.ZB_000078,海王生物,医药商业,-1.7371029
2371,2025-01-24,SH.KC_688472,阿特斯,光伏设备,-1.7371972
2372,2025-01-24,SZ.ZB_000877,天山股份,水泥建材,-1.7372615
2373,2025-01-27,SZ.ZB_002393,力生制药,化学制药,-1.7373774
2374,2025-01-24,SH.ZB_600351,亚宝药业,中药,-1.7374638
2375,2025-01-27,SH.KC_688236,春立医疗,医疗器械,-1.737706
2376,2025-01-24,SH.ZB_601611,中国核建,工程建设,-1.7380139
2377,2025-01-24,SH.ZB_603170,宝立食品,食品饮料,-1.7380632
2378,2025-01-24,SH.ZB_600206,有研新材,小金属,-1.7381711
2379,2025-01-24,SH.KC_300210,森远股份,环保行业,-1.7384589
2380,2025-01-24,SZ.ZB_002662,京威股份,汽车零部件,-1.7384675
2381,2025-01-24,SH.KC_300044,赛为智能,互联网服务,-1.7387737
2382,2025-01-24,SH.KC_688603,天承科技,电子化学品,-1.7389294
2383,2025-01-24,SH.KC_300739,明阳电路,电子元件,-1.739314
2384,2025-01-27,SZ.ZB_001965,招商公路,铁路公路,-1.7394133
2385,2025-01-24,SZ.ZB_002906,华阳集团,汽车零部件,-1.7396095
2386,2025-01-24,SH.KC_688543,国科军工,航天航空,-1.7396159
2387,2025-01-27,SZ.ZB_000906,浙商中拓,物流行业,-1.7396185
2388,2025-01-24,SH.ZB_600879,航天电子,航天航空,-1.7396698
2389,2025-01-24,SZ.ZB_002555,三七互娱,游戏,-1.7397083
2390,2025-01-24,SZ.ZB_000708,中信特钢,钢铁行业,-1.7397954
2391,2025-01-24,SH.ZB_600055,万东医疗,医疗器械,-1.7400851
2392,2025-01-24,SH.KC_301362,民爆光电,家电行业,-1.7403454
2393,2025-01-24,SH.KC_300266,兴源环境,环保行业,-1.7403864
2394,2025-01-24,SH.KC_300489,光智科技,光学光电子,-1.7404046
2395,2025-01-24,SH.ZB_603182,嘉华股份,农牧饲渔,-1.7404609
2396,2025-01-24,SZ.ZB_000404,长虹华意,家电行业,-1.7409941
2397,2025-01-24,SZ.ZB_000576,甘化科工,电源设备,-1.7410762
2398,2025-01-24,SH.KC_300540,蜀道装备,专用设备,-1.7411877
2399,2025-01-24,SH.ZB_603315,福鞍股份,通用设备,-1.7411987
2400,2025-01-24,SZ.ZB_000697,炼石航空,航天航空,-1.7412865
2401,2025-01-27,SH.KC_300331,苏大维格,光学光电子,-1.7412925
2402,2025-01-27,SH.ZB_601878,浙商证券,证券,-1.7414212
2403,2025-01-24,SH.KC_300595,欧普康视,医疗器械,-1.7415419
2404,2025-01-24,SH.KC_300740,水羊股份,美容护理,-1.7415537
2405,2025-01-27,SZ.ZB_000008,神州高铁,交运设备,-1.7418554
2406,2025-01-24,SZ.ZB_002566,益盛药业,中药,-1.7418973
2407,2025-01-27,SZ.ZB_003816,中国广核,电力行业,-1.7420477
2408,2025-01-27,SZ.ZB_002252,上海莱士,生物制品,-1.7420543
2409,2025-01-27,SH.ZB_600121,郑州煤电,煤炭行业,-1.7421339
2410,2025-01-27,SH.ZB_600966,博汇纸业,造纸印刷,-1.7422246
2411,2025-01-27,SZ.ZB_002060,广东建工,工程建设,-1.7423961
2412,2025-01-27,SH.KC_300025,华星创业,通信服务,-1.74243
2413,2025-01-24,SH.ZB_603538,美诺华,化学制药,-1.7424453
2414,2025-01-24,SZ.ZB_002277,友阿股份,商业百货,-1.7425507
2415,2025-01-27,SH.ZB_603065,宿迁联盛,化学原料,-1.7425627
2416,2025-01-27,SZ.ZB_002714,牧原股份,农牧饲渔,-1.7426904
2417,2025-01-27,SH.ZB_600380,健康元,化学制药,-1.7428778
2418,2025-01-24,SH.KC_688076,诺泰生物,医疗服务,-1.7429576
2419,2025-01-27,SZ.ZB_000550,江铃汽车,汽车整车,-1.7430087
2420,2025-01-24,SZ.ZB_003042,中农联合,农药兽药,-1.7431176
2421,2025-01-24,SH.KC_300891,惠云钛业,化学原料,-1.7431432
2422,2025-01-27,SZ.ZB_002555,三七互娱,游戏,-1.7431508
2423,2025-01-24,SZ.ZB_000629,钒钛股份,钢铁行业,-1.7432094
2424,2025-01-27,SZ.ZB_000727,冠捷科技,光学光电子,-1.7435368
2425,2025-01-27,SH.KC_301529,福赛科技,汽车零部件,-1.7436419
2426,2025-01-24,SZ.ZB_002044,美年健康,医疗服务,-1.7437001
2427,2025-01-24,SH.ZB_600179,安通控股,物流行业,-1.7438755
2428,2025-01-27,SH.KC_301095,广立微,半导体,-1.7438972
2429,2025-01-27,SH.KC_300919,中伟股份,电池,-1.7441914
2430,2025-01-24,SH.ZB_601188,龙江交通,铁路公路,-1.7442349
2431,2025-01-24,SH.KC_688114,华大智造,医疗器械,-1.7444719
2432,2025-01-27,SH.KC_300086,康芝药业,化学制药,-1.744624
2433,2025-01-24,SZ.ZB_001368,通达创智,塑料制品,-1.7446525
2434,2025-01-24,SH.KC_300101,振芯科技,通信设备,-1.7446604
2435,2025-01-24,SH.KC_300897,山科智能,仪器仪表,-1.7449769
2436,2025-01-24,SH.KC_688297,中无人机,航天航空,-1.7450207
2437,2025-01-27,SH.ZB_600029,南方航空,航空机场,-1.7451386
2438,2025-01-27,SH.ZB_600566,济川药业,中药,-1.7451869
2439,2025-01-24,SZ.ZB_000881,中广核技,化学制品,-1.7452538
2440,2025-01-27,SH.KC_300215,电科院,专业服务,-1.7455124
2441,2025-01-27,SH.ZB_600642,申能股份,电力行业,-1.7455928
2442,2025-01-24,SH.KC_300179,四方达,通用设备,-1.7456436
2443,2025-01-24,SH.ZB_603183,建研院,专业服务,-1.7456939
2444,2025-01-27,SH.ZB_600682,南京新百,商业百货,-1.7458193
2445,2025-01-27,SZ.ZB_002498,汉缆股份,电网设备,-1.7458793
2446,2025-01-24,SH.KC_300084,海默科技,采掘行业,-1.7459624
2447,2025-01-24,SZ.ZB_002551,尚荣医疗,医疗器械,-1.7461195
2448,2025-01-27,SH.ZB_600300,维维股份,食品饮料,-1.7461743
2449,2025-01-27,SZ.ZB_003013,地铁设计,工程咨询服务,-1.7461859
2450,2025-01-24,SH.KC_688308,欧科亿,通用设备,-1.7462656
2451,2025-01-24,SH.ZB_603970,中农立华,农药兽药,-1.7462966
2452,2025-01-27,SZ.ZB_000049,德赛电池,电池,-1.7464846
2453,2025-01-27,SZ.ZB_002386,天原股份,化学原料,-1.7466035
2454,2025-01-24,SH.ZB_600027,华电国际,电力行业,-1.7466453
2455,2025-01-24,SH.ZB_603982,泉峰汽车,汽车零部件,-1.7466586
2456,2025-01-24,SH.ZB_600097,开创国际,农牧饲渔,-1.7467521
2457,2025-01-24,SH.ZB_600635,大众公用,燃气,-1.7467569
2458,2025-01-27,SZ.ZB_002458,益生股份,农牧饲渔,-1.7467614
2459,2025-01-27,SH.ZB_600067,冠城新材,电网设备,-1.7469108
2460,2025-01-24,SH.ZB_600773,西藏城投,房地产开发,-1.7470502
2461,2025-01-24,SH.ZB_601333,广深铁路,物流行业,-1.7471728
2462,2025-01-27,SH.KC_688589,力合微,半导体,-1.7472184
2463,2025-01-24,SH.ZB_603290,斯达半导,半导体,-1.7472763
2464,2025-01-24,SZ.ZB_000338,潍柴动力,汽车零部件,-1.7475271
2465,2025-01-24,SH.KC_301421,波长光电,光学光电子,-1.7477188
2466,2025-01-27,SH.KC_300285,国瓷材料,化学制品,-1.7477261
2467,2025-01-24,SZ.ZB_001203,大中矿业,钢铁行业,-1.7478392
2468,2025-01-24,SH.ZB_601126,四方股份,电网设备,-1.7480435
2469,2025-01-24,SZ.ZB_002539,云图控股,化肥行业,-1.7482364
2470,2025-01-24,SZ.ZB_002673,西部证券,证券,-1.7483641
2471,2025-01-24,SZ.ZB_001896,豫能控股,电力行业,-1.7484715
2472,2025-01-27,SH.KC_301393,昊帆生物,生物制品,-1.7488297
2473,2025-01-27,SH.KC_301049,超越科技,环保行业,-1.7491279
2474,2025-01-27,SZ.ZB_002482,广田集团,装修装饰,-1.7491765
2475,2025-01-24,SH.ZB_603931,格林达,电子化学品,-1.7498186
2476,2025-01-24,SH.ZB_600682,南京新百,商业百货,-1.7499484
2477,2025-01-27,SH.ZB_603113,金能科技,化学原料,-1.7502421
2478,2025-01-27,SH.ZB_600182,S佳通,橡胶制品,-1.7503533
2479,2025-01-24,SH.ZB_600805,悦达投资,综合行业,-1.7506359
2480,2025-01-27,SH.ZB_600036,招商银行,银行,-1.750807
2481,2025-01-27,SH.KC_300360,炬华科技,电网设备,-1.7513089
2482,2025-01-24,SH.ZB_605289,罗曼股份,装修装饰,-1.7513868
2483,2025-01-27,SH.ZB_601618,中国中冶,工程建设,-1.751394
2484,2025-01-27,SH.ZB_600661,昂立教育,教育,-1.7514709
2485,2025-01-24,SH.KC_688020,方邦股份,电子元件,-1.7515193
2486,2025-01-24,SH.ZB_600726,华电能源,电力行业,-1.7517437
2487,2025-01-24,SH.KC_300402,宝色股份,专用设备,-1.7517921
2488,2025-01-24,SH.KC_688711,宏微科技,半导体,-1.7518033
2489,2025-01-24,SH.KC_300706,阿石创,半导体,-1.7519759
2490,2025-01-24,SH.KC_301237,和顺科技,塑料制品,-1.752017
2491,2025-01-27,SZ.ZB_002462,嘉事堂,医药商业,-1.7520255
2492,2025-01-27,SZ.ZB_001219,青岛食品,食品饮料,-1.7521206
2493,2025-01-24,SH.ZB_605111,新洁能,半导体,-1.752544
2494,2025-01-24,SH.KC_300032,金龙机电,消费电子,-1.7525994
2495,2025-01-27,SZ.ZB_000166,申万宏源,证券,-1.7526693
2496,2025-01-27,SH.KC_688627,精智达,专用设备,-1.752745
2497,2025-01-27,SZ.ZB_000705,浙江震元,医药商业,-1.7530355
2498,2025-01-24,SZ.ZB_002523,天桥起重,专用设备,-1.7531855
2499,2025-01-24,SH.ZB_603156,养元饮品,食品饮料,-1.7532051
2500,2025-01-24,SH.ZB_600517,国网英大,多元金融,-1.753776
2501,2025-01-27,SH.KC_688381,帝奥微,半导体,-1.7540267
2502,2025-01-27,SH.ZB_600783,鲁信创投,非金属材料,-1.7540504
2503,2025-01-27,SZ.ZB_002601,龙佰集团,化学原料,-1.7540576
2504,2025-01-24,SH.ZB_600866,星湖科技,化学制品,-1.7541448
2505,2025-01-27,SH.ZB_603136,天目湖,旅游酒店,-1.7542763
2506,2025-01-24,SZ.ZB_002936,郑州银行,银行,-1.7546134
2507,2025-01-24,SH.ZB_601997,贵阳银行,银行,-1.75462
2508,2025-01-27,SH.ZB_603858,步长制药,中药,-1.755016
2509,2025-01-24,SH.ZB_601101,昊华能源,煤炭行业,-1.7551031
2510,2025-01-24,SH.ZB_600900,长江电力,电力行业,-1.7552836
2511,2025-01-24,SH.KC_300404,博济医药,医疗服务,-1.7555008
2512,2025-01-24,SH.KC_301048,金鹰重工,交运设备,-1.755671
2513,2025-01-27,SH.ZB_601121,宝地矿业,钢铁行业,-1.755683
2514,2025-01-24,SH.ZB_600698,湖南天雁,汽车零部件,-1.7557099
2515,2025-01-24,SZ.ZB_002940,昂利康,化学制药,-1.7557442
2516,2025-01-27,SZ.ZB_000788,北大医药,化学制药,-1.7558972
2517,2025-01-27,SZ.ZB_002639,雪人股份,通用设备,-1.7559698
2518,2025-01-24,SH.ZB_601169,北京银行,银行,-1.7560452
2519,2025-01-24,SH.KC_300662,科锐国际,专业服务,-1.756117
2520,2025-01-24,SH.ZB_605268,王力安防,家用轻工,-1.7561873
2521,2025-01-27,SH.ZB_603456,九洲药业,化学制药,-1.7561966
2522,2025-01-24,SH.ZB_600458,时代新材,风电设备,-1.7562389
2523,2025-01-24,SH.ZB_605598,上海港湾,工程建设,-1.756648
2524,2025-01-27,SH.KC_300417,南华仪器,仪器仪表,-1.756686
2525,2025-01-24,SH.ZB_603356,华菱精工,专用设备,-1.7567347
2526,2025-01-24,SH.ZB_601096,宏盛华源,电网设备,-1.756826
2527,2025-01-27,SH.KC_300863,卡倍亿,汽车零部件,-1.7570091
2528,2025-01-24,SH.ZB_605066,天正电气,电网设备,-1.7571154
2529,2025-01-27,SH.ZB_605388,均瑶健康,食品饮料,-1.7573681
2530,2025-01-24,SH.ZB_603679,华体科技,光学光电子,-1.7576466
2531,2025-01-24,SH.ZB_601963,重庆银行,银行,-1.7577138
2532,2025-01-27,SH.ZB_600059,古越龙山,酿酒行业,-1.7578284
2533,2025-01-27,SH.ZB_600152,维科技术,电池,-1.7580839
2534,2025-01-27,SH.KC_301287,康力源,家用轻工,-1.7584685
2535,2025-01-27,SZ.ZB_002614,奥佳华,家电行业,-1.7586907
2536,2025-01-24,SH.ZB_600235,民丰特纸,造纸印刷,-1.7588196
2537,2025-01-24,SH.ZB_600051,宁波联合,综合行业,-1.7590878
2538,2025-01-27,SH.ZB_600780,通宝能源,电力行业,-1.7591074
2539,2025-01-24,SH.KC_300287,飞利信,互联网服务,-1.7592851
2540,2025-01-27,SH.ZB_600738,丽尚国潮,商业百货,-1.7594632
2541,2025-01-24,SH.ZB_600148,长春一东,汽车零部件,-1.7595638
2542,2025-01-24,SH.KC_300588,熙菱信息,软件开发,-1.7597238
2543,2025-01-27,SH.ZB_600814,杭州解百,商业百货,-1.7599052
2544,2025-01-27,SH.ZB_600308,华泰股份,造纸印刷,-1.760076
2545,2025-01-24,SZ.ZB_000959,首钢股份,钢铁行业,-1.760092
2546,2025-01-27,SH.KC_300438,鹏辉能源,电池,-1.7601281
2547,2025-01-27,SZ.ZB_000899,赣能股份,电力行业,-1.7605093
2548,2025-01-24,SH.ZB_600323,瀚蓝环境,环保行业,-1.7608092
2549,2025-01-24,SZ.ZB_002038,双鹭药业,生物制品,-1.7608242
2550,2025-01-24,SH.ZB_605338,巴比食品,食品饮料,-1.760846
2551,2025-01-24,SH.ZB_601899,紫金矿业,有色金属,-1.7609782
2552,2025-01-24,SH.ZB_603026,石大胜华,化学制品,-1.7610071
2553,2025-01-24,SH.KC_688621,阳光诺和,医疗服务,-1.7610981
2554,2025-01-24,SZ.ZB_002978,安宁股份,有色金属,-1.7611105
2555,2025-01-24,SZ.ZB_001311,多利科技,汽车零部件,-1.7611365
2556,2025-01-24,SZ.ZB_000001,平安银行,银行,-1.7612915
2557,2025-01-24,SH.ZB_603350,安乃达,电机,-1.761312
2558,2025-01-27,SH.ZB_600970,中材国际,工程建设,-1.7613218
2559,2025-01-24,SH.KC_688261,东微半导,半导体,-1.7613888
2560,2025-01-27,SZ.ZB_002548,金新农,农牧饲渔,-1.7615536
2561,2025-01-24,SH.KC_300030,阳普医疗,医疗器械,-1.7616047
2562,2025-01-27,SZ.ZB_002446,盛路通信,通信设备,-1.7618004
2563,2025-01-24,SH.KC_301292,海科新源,化学制品,-1.7619476
2564,2025-01-27,SH.ZB_605089,味知香,食品饮料,-1.7619791
2565,2025-01-27,SH.KC_688707,振华新材,电池,-1.7620451
2566,2025-01-24,SZ.ZB_002428,云南锗业,小金属,-1.7621312
2567,2025-01-24,SZ.ZB_002769,普路通,物流行业,-1.7622467
2568,2025-01-24,SH.KC_300187,永清环保,环保行业,-1.7623087
2569,2025-01-27,SZ.ZB_002824,和胜股份,有色金属,-1.7623401
2570,2025-01-27,SH.KC_688356,键凯科技,化学制药,-1.762742
2571,2025-01-24,SZ.ZB_001696,宗申动力,交运设备,-1.7629331
2572,2025-01-24,SH.KC_300490,华自科技,电网设备,-1.7629467
2573,2025-01-27,SH.KC_301042,安联锐视,计算机设备,-1.7630715
2574,2025-01-24,SH.ZB_601528,瑞丰银行,银行,-1.7631005
2575,2025-01-27,SH.ZB_600337,美克家居,装修建材,-1.7633066
2576,2025-01-24,SZ.ZB_002243,力合科创,美容护理,-1.7634332
2577,2025-01-24,SH.KC_300171,东富龙,医疗器械,-1.7634406
2578,2025-01-24,SH.ZB_605299,舒华体育,家用轻工,-1.7634892
2579,2025-01-24,SZ.ZB_000517,荣安地产,房地产开发,-1.763574
2580,2025-01-24,SH.KC_300120,经纬辉开,光学光电子,-1.7636245
2581,2025-01-24,SH.KC_301032,新柴股份,通用设备,-1.7636266
2582,2025-01-24,SZ.ZB_002752,昇兴股份,包装材料,-1.7636489
2583,2025-01-27,SH.ZB_601888,中国中免,旅游酒店,-1.7636552
2584,2025-01-27,SH.ZB_603281,江瀚新材,化学制品,-1.763685
2585,2025-01-27,SH.KC_300395,菲利华,非金属材料,-1.7638001
2586,2025-01-24,SH.ZB_600048,保利发展,房地产开发,-1.7640857
2587,2025-01-27,SZ.ZB_000029,深深房Ａ,房地产开发,-1.7641432
2588,2025-01-24,SZ.ZB_002663,普邦股份,工程建设,-1.7642144
2589,2025-01-24,SZ.ZB_001332,锡装股份,专用设备,-1.7643502
2590,2025-01-27,SZ.ZB_002383,合众思壮,计算机设备,-1.7645285
2591,2025-01-24,SH.KC_301311,昆船智能,通用设备,-1.7645903
2592,2025-01-27,SH.KC_688575,亚辉龙,医疗器械,-1.764803
2593,2025-01-24,SH.KC_301042,安联锐视,计算机设备,-1.7649903
2594,2025-01-24,SH.KC_301551,无线传媒,文化传媒,-1.7650518
2595,2025-01-27,SH.ZB_600518,康美药业,中药,-1.7652663
2596,2025-01-27,SH.KC_301518,长华化学,化学制品,-1.765269
2597,2025-01-24,SH.ZB_600282,南钢股份,钢铁行业,-1.7654008
2598,2025-01-24,SH.ZB_600125,铁龙物流,物流行业,-1.7654012
2599,2025-01-24,SH.ZB_603367,辰欣药业,化学制药,-1.7656237
2600,2025-01-24,SH.ZB_600153,建发股份,贸易行业,-1.7657526
2601,2025-01-27,SH.KC_300175,朗源股份,农牧饲渔,-1.7660247
2602,2025-01-24,SH.KC_300285,国瓷材料,化学制品,-1.7661097
2603,2025-01-24,SH.ZB_603659,璞泰来,电池,-1.7661141
2604,2025-01-27,SZ.ZB_002513,蓝丰生化,农药兽药,-1.7661407
2605,2025-01-24,SH.ZB_601066,中信建投,证券,-1.7663853
2606,2025-01-27,SH.ZB_603900,莱绅通灵,珠宝首饰,-1.7667774
2607,2025-01-24,SH.ZB_603811,诚意药业,化学制药,-1.7667942
2608,2025-01-24,SZ.ZB_002079,苏州固锝,半导体,-1.7670054
2609,2025-01-24,SH.ZB_600637,东方明珠,文化传媒,-1.7671341
2610,2025-01-24,SH.ZB_603599,广信股份,农药兽药,-1.767195
2611,2025-01-24,SZ.ZB_000682,东方电子,电网设备,-1.7672386
2612,2025-01-27,SH.ZB_600035,楚天高速,铁路公路,-1.7673194
2613,2025-01-24,SZ.ZB_002287,奇正藏药,中药,-1.7674012
2614,2025-01-27,SH.ZB_600749,西藏旅游,旅游酒店,-1.7674593
2615,2025-01-24,SH.KC_688271,联影医疗,医疗器械,-1.7675219
2616,2025-01-24,SH.ZB_601952,苏垦农发,农牧饲渔,-1.7675333
2617,2025-01-27,SH.ZB_600971,恒源煤电,煤炭行业,-1.7675512
2618,2025-01-27,SZ.ZB_001279,强邦新材,造纸印刷,-1.7677966
2619,2025-01-27,SH.ZB_600739,辽宁成大,贸易行业,-1.7679423
2620,2025-01-27,SH.ZB_601107,四川成渝,铁路公路,-1.7680794
2621,2025-01-24,SH.ZB_600550,保变电气,电网设备,-1.7680821
2622,2025-01-27,SH.KC_301500,飞南资源,环保行业,-1.768172
2623,2025-01-24,SH.ZB_603919,金徽酒,酿酒行业,-1.7684646
2624,2025-01-24,SH.KC_301122,采纳股份,医疗器械,-1.768475
2625,2025-01-24,SH.KC_300420,五洋自控,通用设备,-1.768596
2626,2025-01-24,SZ.ZB_002873,新天药业,中药,-1.7689893
2627,2025-01-27,SH.ZB_600637,东方明珠,文化传媒,-1.769392
2628,2025-01-27,SH.ZB_603231,索宝蛋白,农牧饲渔,-1.7694212
2629,2025-01-27,SH.KC_688530,欧莱新材,半导体,-1.7700185
2630,2025-01-27,SH.ZB_600938,中国海油,石油行业,-1.7701007
2631,2025-01-24,SH.ZB_601868,中国能建,工程建设,-1.7706312
2632,2025-01-27,SH.ZB_600343,航天动力,专用设备,-1.7707291
2633,2025-01-27,SZ.ZB_002057,中钢天源,非金属材料,-1.7707464
2634,2025-01-24,SH.ZB_603098,森特股份,工程建设,-1.771041
2635,2025-01-24,SH.ZB_603486,科沃斯,家电行业,-1.7710755
2636,2025-01-24,SZ.ZB_002736,国信证券,证券,-1.7710943
2637,2025-01-24,SZ.ZB_000789,万年青,水泥建材,-1.7711434
2638,2025-01-27,SH.ZB_603948,建业股份,化学制品,-1.7711442
2639,2025-01-27,SH.KC_300981,中红医疗,医疗器械,-1.771151
2640,2025-01-27,SZ.ZB_002322,理工能科,软件开发,-1.7712846
2641,2025-01-24,SZ.ZB_002725,跃岭股份,汽车零部件,-1.7715687
2642,2025-01-27,SH.ZB_600197,伊力特,酿酒行业,-1.7718667
2643,2025-01-24,SZ.ZB_002099,海翔药业,化学制药,-1.7719014
2644,2025-01-27,SZ.ZB_002685,华东重机,通用设备,-1.7719352
2645,2025-01-27,SH.ZB_603313,梦百合,装修建材,-1.7719377
2646,2025-01-27,SZ.ZB_002051,中工国际,工程建设,-1.7720553
2647,2025-01-27,SH.ZB_600706,曲江文旅,旅游酒店,-1.7722514
2648,2025-01-24,SZ.ZB_003030,祖名股份,食品饮料,-1.7722769
2649,2025-01-27,SZ.ZB_002608,江苏国信,电力行业,-1.7724576
2650,2025-01-27,SH.ZB_600405,动力源,电源设备,-1.7727249
2651,2025-01-24,SH.KC_301136,招标股份,工程咨询服务,-1.7730727
2652,2025-01-24,SH.ZB_600508,上海能源,煤炭行业,-1.7731038
2653,2025-01-27,SZ.ZB_000718,苏宁环球,房地产开发,-1.7731041
2654,2025-01-24,SH.ZB_603567,珍宝岛,中药,-1.773979
2655,2025-01-24,SH.KC_300294,博雅生物,生物制品,-1.7742981
2656,2025-01-27,SH.ZB_603209,兴通股份,航运港口,-1.7745217
2657,2025-01-27,SZ.ZB_002620,瑞和股份,装修装饰,-1.774591
2658,2025-01-24,SZ.ZB_002239,奥特佳,汽车零部件,-1.7747136
2659,2025-01-27,SH.ZB_603711,香飘飘,食品饮料,-1.7748773
2660,2025-01-27,SZ.ZB_000902,新洋丰,化肥行业,-1.7749131
2661,2025-01-24,SZ.ZB_002405,四维图新,软件开发,-1.7749736
2662,2025-01-27,SH.KC_688603,天承科技,电子化学品,-1.775186
2663,2025-01-27,SH.KC_301520,万邦医药,医疗服务,-1.7760774
2664,2025-01-27,SZ.ZB_002116,中国海诚,工程咨询服务,-1.7761382
2665,2025-01-24,SH.ZB_600338,西藏珠峰,有色金属,-1.7762148
2666,2025-01-27,SZ.ZB_002294,信立泰,化学制药,-1.7763238
2667,2025-01-24,SZ.ZB_002958,青农商行,银行,-1.7764622
2668,2025-01-27,SH.ZB_601168,西部矿业,有色金属,-1.7764919
2669,2025-01-27,SH.KC_688569,铁科轨道,交运设备,-1.7765473
2670,2025-01-24,SZ.ZB_001277,速达股份,专用设备,-1.7767161
2671,2025-01-24,SZ.ZB_000014,沙河股份,房地产开发,-1.7767415
2672,2025-01-24,SZ.ZB_002438,江苏神通,通用设备,-1.776781
2673,2025-01-27,SH.KC_301125,腾亚精工,通用设备,-1.7769709
2674,2025-01-27,SH.KC_300129,泰胜风能,风电设备,-1.7770585
2675,2025-01-27,SH.KC_300015,爱尔眼科,医疗服务,-1.7771006
2676,2025-01-24,SH.KC_688072,拓荆科技,半导体,-1.7779307
2677,2025-01-24,SH.ZB_601008,连云港,航运港口,-1.7780287
2678,2025-01-24,SH.ZB_600875,东方电气,电源设备,-1.7783729
2679,2025-01-27,SH.KC_300869,康泰医学,医疗器械,-1.7784486
2680,2025-01-24,SH.ZB_600968,海油发展,采掘行业,-1.7788063
2681,2025-01-27,SZ.ZB_000751,锌业股份,有色金属,-1.7789675
2682,2025-01-27,SH.KC_688156,路德环境,农牧饲渔,-1.7789861
2683,2025-01-24,SH.ZB_600258,首旅酒店,旅游酒店,-1.7790232
2684,2025-01-27,SH.ZB_603290,斯达半导,半导体,-1.7794434
2685,2025-01-24,SH.ZB_600236,桂冠电力,电力行业,-1.7797152
2686,2025-01-27,SH.ZB_603458,勘设股份,工程咨询服务,-1.7799199
2687,2025-01-24,SH.ZB_600894,广日股份,专用设备,-1.780055
2688,2025-01-27,SH.ZB_601016,节能风电,电力行业,-1.7803073
2689,2025-01-24,SH.KC_301265,华新环保,环保行业,-1.7804425
2690,2025-01-27,SH.ZB_603150,万朗磁塑,塑料制品,-1.7804787
2691,2025-01-27,SZ.ZB_000037,深南电A,电力行业,-1.7805051
2692,2025-01-24,SZ.ZB_002893,京能热力,公用事业,-1.7805434
2693,2025-01-24,SH.KC_301095,广立微,半导体,-1.780545
2694,2025-01-27,SH.ZB_600211,西藏药业,生物制品,-1.780984
2695,2025-01-27,SZ.ZB_000888,峨眉山Ａ,旅游酒店,-1.7810125
2696,2025-01-24,SH.KC_301150,中一科技,电池,-1.7812626
2697,2025-01-24,SZ.ZB_002114,罗平锌电,有色金属,-1.7812645
2698,2025-01-24,SZ.ZB_002339,积成电子,电网设备,-1.7813541
2699,2025-01-24,SH.ZB_603169,兰石重装,专用设备,-1.7814312
2700,2025-01-27,SH.KC_300747,锐科激光,电子元件,-1.7816596
2701,2025-01-24,SH.KC_300077,国民技术,半导体,-1.782008
2702,2025-01-27,SH.ZB_603056,德邦股份,物流行业,-1.7820233
2703,2025-01-27,SH.KC_300021,大禹节水,农牧饲渔,-1.782048
2704,2025-01-27,SZ.ZB_002455,百川股份,化学制品,-1.7821752
2705,2025-01-27,SZ.ZB_001277,速达股份,专用设备,-1.782446
2706,2025-01-24,SH.ZB_600358,国旅联合,互联网服务,-1.7824994
2707,2025-01-24,SZ.ZB_002761,浙江建投,工程建设,-1.7826245
2708,2025-01-24,SH.ZB_601666,平煤股份,煤炭行业,-1.7826313
2709,2025-01-24,SZ.ZB_002102,能特科技,化学制药,-1.7827302
2710,2025-01-24,SH.KC_300289,利德曼,医疗器械,-1.7833644
2711,2025-01-27,SH.ZB_600420,国药现代,化学制药,-1.7834153
2712,2025-01-27,SH.KC_688399,硕世生物,医疗器械,-1.7834568
2713,2025-01-24,SH.ZB_601985,中国核电,电力行业,-1.783528
2714,2025-01-24,SH.KC_300606,金太阳,通用设备,-1.7835631
2715,2025-01-27,SZ.ZB_002788,鹭燕医药,医药商业,-1.7837113
2716,2025-01-24,SH.ZB_603167,渤海轮渡,航运港口,-1.7838796
2717,2025-01-24,SH.KC_688173,希荻微,半导体,-1.7841011
2718,2025-01-24,SH.KC_300049,福瑞股份,医疗器械,-1.7841064
2719,2025-01-24,SH.KC_301256,华融化学,化学原料,-1.7843018
2720,2025-01-24,SH.ZB_600676,交运股份,汽车零部件,-1.7844632
2721,2025-01-27,SH.ZB_600764,中国海防,计算机设备,-1.7845012
2722,2025-01-27,SH.ZB_603579,荣泰健康,家电行业,-1.7849677
2723,2025-01-27,SZ.ZB_000001,平安银行,银行,-1.7852142
2724,2025-01-27,SH.ZB_601828,美凯龙,商业百货,-1.7852988
2725,2025-01-27,SZ.ZB_002162,悦心健康,装修建材,-1.7854084
2726,2025-01-24,SH.ZB_600000,浦发银行,银行,-1.7854105
2727,2025-01-24,SH.ZB_600927,永安期货,多元金融,-1.7854182
2728,2025-01-27,SH.ZB_601778,晶科科技,电力行业,-1.78573
2729,2025-01-27,SH.ZB_600918,中泰证券,证券,-1.7860787
2730,2025-01-24,SH.ZB_603355,莱克电气,家电行业,-1.786265
2731,2025-01-24,SH.KC_300337,银邦股份,有色金属,-1.7863672
2732,2025-01-27,SH.KC_688203,海正生材,化纤行业,-1.7864276
2733,2025-01-24,SZ.ZB_002980,华盛昌,仪器仪表,-1.786587
2734,2025-01-24,SH.ZB_600787,中储股份,物流行业,-1.7868061
2735,2025-01-27,SZ.ZB_002625,光启技术,航天航空,-1.7868528
2736,2025-01-24,SH.KC_300350,华鹏飞,物流行业,-1.7869519
2737,2025-01-27,SH.KC_300820,英杰电气,电源设备,-1.7870609
2738,2025-01-24,SZ.ZB_002383,合众思壮,计算机设备,-1.7871045
2739,2025-01-24,SH.KC_300832,新产业,医疗器械,-1.7872902
2740,2025-01-24,SH.ZB_600308,华泰股份,造纸印刷,-1.7874231
2741,2025-01-24,SH.KC_300370,安控科技,仪器仪表,-1.7875065
2742,2025-01-24,SH.ZB_600819,耀皮玻璃,玻璃玻纤,-1.7876036
2743,2025-01-27,SH.KC_300878,维康药业,中药,-1.7876198
2744,2025-01-27,SH.KC_300770,新媒股份,文化传媒,-1.7877346
2745,2025-01-27,SZ.ZB_000507,珠海港,航运港口,-1.7879194
2746,2025-01-27,SH.ZB_600765,中航重机,航天航空,-1.7879318
2747,2025-01-24,SH.ZB_605336,帅丰电器,家电行业,-1.7882185
2748,2025-01-27,SH.ZB_603139,康惠制药,中药,-1.7882288
2749,2025-01-27,SH.ZB_600266,城建发展,房地产开发,-1.7883632
2750,2025-01-24,SZ.ZB_000958,电投产融,电力行业,-1.7885189
2751,2025-01-24,SH.KC_300862,蓝盾光电,仪器仪表,-1.788657
2752,2025-01-24,SH.KC_301120,新特电气,电网设备,-1.788702
2753,2025-01-27,SZ.ZB_002043,兔 宝 宝,装修建材,-1.7888982
2754,2025-01-27,SZ.ZB_000536,华映科技,光学光电子,-1.7889026
2755,2025-01-24,SH.ZB_600941,中国移动,通信服务,-1.7889235
2756,2025-01-24,SH.KC_300092,科新机电,通用设备,-1.7889366
2757,2025-01-27,SH.ZB_600794,保税科技,物流行业,-1.7890238
2758,2025-01-24,SH.ZB_600211,西藏药业,生物制品,-1.7890275
2759,2025-01-24,SZ.ZB_000548,湖南投资,铁路公路,-1.7892746
2760,2025-01-24,SH.ZB_600339,中油工程,采掘行业,-1.7893901
2761,2025-01-24,SH.ZB_601021,春秋航空,航空机场,-1.7894006
2762,2025-01-27,SH.KC_688269,凯立新材,化学制品,-1.7894057
2763,2025-01-24,SH.KC_300456,赛微电子,半导体,-1.7894185
2764,2025-01-27,SH.KC_301613,新铝时代,汽车零部件,-1.7896459
2765,2025-01-27,SZ.ZB_002758,浙农股份,综合行业,-1.7896861
2766,2025-01-24,SH.ZB_603998,方盛制药,中药,-1.7897135
2767,2025-01-24,SH.ZB_603282,亚光股份,专用设备,-1.7898977
2768,2025-01-24,SH.ZB_600679,上海凤凰,交运设备,-1.789904
2769,2025-01-24,SH.ZB_603180,金牌家居,装修建材,-1.7900739
2770,2025-01-27,SH.ZB_605098,行动教育,教育,-1.7901
2771,2025-01-27,SH.ZB_600313,农发种业,农牧饲渔,-1.7901398
2772,2025-01-27,SH.ZB_600206,有研新材,小金属,-1.7901542
2773,2025-01-24,SH.KC_300596,利安隆,塑料制品,-1.7904497
2774,2025-01-27,SH.ZB_600426,华鲁恒升,化学原料,-1.7905647
2775,2025-01-24,SZ.ZB_002059,云南旅游,旅游酒店,-1.7907009
2776,2025-01-24,SH.ZB_603987,康德莱,医疗器械,-1.791121
2777,2025-01-24,SH.ZB_600111,北方稀土,小金属,-1.7914608
2778,2025-01-24,SZ.ZB_002206,海 利 得,化纤行业,-1.7914765
2779,2025-01-24,SH.KC_301235,华康医疗,医疗服务,-1.7915066
2780,2025-01-24,SZ.ZB_000407,胜利股份,燃气,-1.7916255
2781,2025-01-24,SH.ZB_605358,立昂微,半导体,-1.7917117
2782,2025-01-27,SH.KC_300882,万胜智能,电网设备,-1.7918587
2783,2025-01-27,SZ.ZB_002443,金洲管道,钢铁行业,-1.7919326
2784,2025-01-24,SZ.ZB_002986,宇新股份,化学制品,-1.792014
2785,2025-01-24,SH.ZB_603739,蔚蓝生物,农牧饲渔,-1.7921278
2786,2025-01-24,SZ.ZB_000572,海马汽车,汽车整车,-1.7922093
2787,2025-01-27,SH.ZB_600726,华电能源,电力行业,-1.7922144
2788,2025-01-27,SH.ZB_601956,东贝集团,家电行业,-1.7922239
2789,2025-01-27,SZ.ZB_002986,宇新股份,化学制品,-1.7924964
2790,2025-01-23,SH.KC_688720,艾森股份,半导体,-1.7925137
2791,2025-01-27,SH.ZB_601002,晋亿实业,通用设备,-1.7925925
2792,2025-01-27,SZ.ZB_002522,浙江众成,塑料制品,-1.7928418
2793,2025-01-27,SZ.ZB_002223,鱼跃医疗,医疗器械,-1.7929139
2794,2025-01-24,SH.ZB_600403,大有能源,煤炭行业,-1.7929492
2795,2025-01-24,SZ.ZB_002946,新乳业,食品饮料,-1.792967
2796,2025-01-24,SH.ZB_600058,五矿发展,贸易行业,-1.7931288
2797,2025-01-27,SZ.ZB_001317,三羊马,物流行业,-1.7932961
2798,2025-01-24,SZ.ZB_002232,启明信息,互联网服务,-1.7933836
2799,2025-01-27,SZ.ZB_003009,中天火箭,航天航空,-1.793529
2800,2025-01-27,SH.ZB_601880,辽港股份,航运港口,-1.7935823
2801,2025-01-24,SH.ZB_600641,万业企业,房地产开发,-1.7936866
2802,2025-01-24,SH.ZB_603989,艾华集团,电子元件,-1.7939035
2803,2025-01-24,SH.KC_300434,金石亚药,化学制药,-1.7939438
2804,2025-01-27,SH.KC_300439,美康生物,医疗器械,-1.7940264
2805,2025-01-27,SZ.ZB_000999,华润三九,中药,-1.7940316
2806,2025-01-24,SZ.ZB_000423,东阿阿胶,中药,-1.79417
2807,2025-01-27,SH.KC_301567,贝隆精密,消费电子,-1.794174
2808,2025-01-27,SH.ZB_600960,渤海汽车,汽车零部件,-1.794229
2809,2025-01-24,SH.KC_300452,山河药辅,化学制药,-1.7942737
2810,2025-01-24,SH.ZB_600373,中文传媒,文化传媒,-1.7943237
2811,2025-01-24,SH.ZB_600546,山煤国际,煤炭行业,-1.7943684
2812,2025-01-27,SH.KC_301189,奥尼电子,通信设备,-1.7944353
2813,2025-01-27,SZ.ZB_002511,中顺洁柔,造纸印刷,-1.7944425
2814,2025-01-24,SZ.ZB_000605,渤海股份,公用事业,-1.794515
2815,2025-01-27,SH.ZB_601318,中国平安,保险,-1.7945623
2816,2025-01-27,SH.ZB_603823,百合花,化学制品,-1.7945812
2817,2025-01-27,SZ.ZB_000937,冀中能源,煤炭行业,-1.7947025
2818,2025-01-27,SH.KC_688576,西山科技,医疗器械,-1.7948436
2819,2025-01-27,SH.KC_301588,美新科技,家用轻工,-1.7948575
2820,2025-01-24,SH.ZB_603366,日出东方,家电行业,-1.7949916
2821,2025-01-24,SH.KC_688139,海尔生物,医疗器械,-1.7950733
2822,2025-01-24,SH.ZB_600095,湘财股份,证券,-1.7951065
2823,2025-01-24,SH.KC_300915,海融科技,食品饮料,-1.7951261
2824,2025-01-27,SZ.ZB_002880,卫光生物,生物制品,-1.7953035
2825,2025-01-24,SZ.ZB_002040,南 京 港,航运港口,-1.7955635
2826,2025-01-24,SH.KC_301587,中瑞股份,电池,-1.7955912
2827,2025-01-24,SH.ZB_601311,骆驼股份,电池,-1.7956786
2828,2025-01-24,SZ.ZB_000850,华茂股份,纺织服装,-1.795775
2829,2025-01-24,SH.KC_301026,浩通科技,小金属,-1.7958317
2830,2025-01-27,SZ.ZB_002360,同德化工,化学制品,-1.7959459
2831,2025-01-24,SH.ZB_600326,西藏天路,水泥建材,-1.7960026
2832,2025-01-24,SH.KC_301580,爱迪特,医疗器械,-1.7962061
2833,2025-01-27,SZ.ZB_000518,四环生物,生物制品,-1.7962784
2834,2025-01-24,SH.ZB_603060,国检集团,专业服务,-1.7962896
2835,2025-01-27,SH.ZB_600368,五洲交通,铁路公路,-1.7963393
2836,2025-01-27,SH.KC_301129,瑞纳智能,仪器仪表,-1.796391
2837,2025-01-27,SZ.ZB_002958,青农商行,银行,-1.79643
2838,2025-01-27,SH.KC_300382,斯莱克,专用设备,-1.7964367
2839,2025-01-24,SH.ZB_600960,渤海汽车,汽车零部件,-1.7964985
2840,2025-01-27,SH.KC_300452,山河药辅,化学制药,-1.7965268
2841,2025-01-24,SH.ZB_603730,岱美股份,汽车零部件,-1.7966859
2842,2025-01-27,SH.ZB_600611,大众交通,铁路公路,-1.7967608
2843,2025-01-24,SZ.ZB_002094,青岛金王,美容护理,-1.7970976
2844,2025-01-27,SZ.ZB_002332,仙琚制药,化学制药,-1.7971185
2845,2025-01-27,SH.ZB_600873,梅花生物,化学制品,-1.7971963
2846,2025-01-27,SZ.ZB_002935,天奥电子,通信设备,-1.7973795
2847,2025-01-27,SZ.ZB_002851,麦格米特,电源设备,-1.797704
2848,2025-01-24,SZ.ZB_000510,新金路,化学原料,-1.797833
2849,2025-01-24,SZ.ZB_002565,顺灏股份,包装材料,-1.7978482
2850,2025-01-24,SZ.ZB_002323,雅博股份,装修建材,-1.7978976
2851,2025-01-27,SH.KC_688298,东方生物,医疗器械,-1.7979294
2852,2025-01-24,SH.ZB_603197,保隆科技,汽车零部件,-1.797994
2853,2025-01-27,SH.ZB_600262,北方股份,专用设备,-1.7982702
2854,2025-01-24,SH.ZB_600327,大东方,医疗服务,-1.7984155
2855,2025-01-27,SH.ZB_601989,中国重工,船舶制造,-1.7984729
2856,2025-01-27,SZ.ZB_000524,岭南控股,旅游酒店,-1.7985367
2857,2025-01-24,SH.ZB_600030,中信证券,证券,-1.7985559
2858,2025-01-24,SH.ZB_600629,华建集团,工程咨询服务,-1.7986724
2859,2025-01-24,SH.KC_300417,南华仪器,仪器仪表,-1.7987875
2860,2025-01-24,SZ.ZB_000753,漳州发展,汽车服务,-1.7988762
2861,2025-01-27,SH.ZB_600229,城市传媒,文化传媒,-1.7988917
2862,2025-01-24,SZ.ZB_000153,丰原药业,化学制药,-1.7988944
2863,2025-01-24,SH.KC_688091,上海谊众,化学制药,-1.7989765
2864,2025-01-27,SH.ZB_600097,开创国际,农牧饲渔,-1.7990161
2865,2025-01-27,SH.ZB_603156,养元饮品,食品饮料,-1.7991515
2866,2025-01-24,SZ.ZB_002350,北京科锐,电网设备,-1.7991526
2867,2025-01-24,SH.KC_300407,凯发电气,电网设备,-1.7994359
2868,2025-01-24,SH.KC_300656,民德电子,电子元件,-1.7999798
2869,2025-01-27,SH.ZB_600257,大湖股份,农牧饲渔,-1.8000871
2870,2025-01-24,SH.KC_688177,百奥泰,生物制品,-1.8001491
2871,2025-01-27,SZ.ZB_000151,中成股份,贸易行业,-1.8003099
2872,2025-01-24,SZ.ZB_002191,劲嘉股份,包装材料,-1.8003432
2873,2025-01-27,SH.KC_301571,国科天成,电子元件,-1.8005748
2874,2025-01-27,SH.ZB_600111,北方稀土,小金属,-1.8006362
2875,2025-01-27,SZ.ZB_002016,世荣兆业,房地产开发,-1.8006864
2876,2025-01-24,SZ.ZB_002966,苏州银行,银行,-1.8007454
2877,2025-01-24,SZ.ZB_002556,辉隆股份,化肥行业,-1.8009557
2878,2025-01-27,SH.KC_688321,微芯生物,化学制药,-1.8010389
2879,2025-01-27,SH.ZB_601518,吉林高速,铁路公路,-1.8011119
2880,2025-01-24,SZ.ZB_000590,启迪药业,中药,-1.8011335
2881,2025-01-24,SH.ZB_600459,贵研铂业,小金属,-1.8013331
2882,2025-01-24,SH.ZB_600141,兴发集团,化肥行业,-1.8013437
2883,2025-01-27,SH.ZB_600916,中国黄金,珠宝首饰,-1.8013932
2884,2025-01-27,SZ.ZB_002702,海欣食品,食品饮料,-1.8015249
2885,2025-01-24,SH.KC_300196,长海股份,玻璃玻纤,-1.8015947
2886,2025-01-24,SH.ZB_600824,益民集团,商业百货,-1.8018011
2887,2025-01-27,SZ.ZB_002885,京泉华,消费电子,-1.8018225
2888,2025-01-24,SH.ZB_600176,中国巨石,玻璃玻纤,-1.8018974
2889,2025-01-27,SH.KC_300958,建工修复,环保行业,-1.8019769
2890,2025-01-24,SH.ZB_603065,宿迁联盛,化学原料,-1.802069
2891,2025-01-24,SH.ZB_603375,盛景微,电子元件,-1.8022481
2892,2025-01-27,SZ.ZB_002460,赣锋锂业,能源金属,-1.8025193
2893,2025-01-27,SH.KC_301103,何氏眼科,医疗服务,-1.8027499
2894,2025-01-27,SH.KC_688238,和元生物,医疗服务,-1.8028855
2895,2025-01-24,SH.ZB_603309,维力医疗,医疗器械,-1.8029299
2896,2025-01-27,SZ.ZB_002272,川润股份,工程机械,-1.8033173
2897,2025-01-24,SH.KC_301277,新天地,化学制药,-1.8035414
2898,2025-01-24,SH.ZB_600581,八一钢铁,钢铁行业,-1.8036712
2899,2025-01-27,SZ.ZB_001872,招商港口,航运港口,-1.8038347
2900,2025-01-27,SH.ZB_601456,国联证券,证券,-1.8039492
2901,2025-01-24,SH.ZB_603826,坤彩科技,非金属材料,-1.8039991
2902,2025-01-27,SH.KC_688137,近岸蛋白,生物制品,-1.8045304
2903,2025-01-27,SZ.ZB_002585,双星新材,塑料制品,-1.8045534
2904,2025-01-24,SH.ZB_600834,申通地铁,铁路公路,-1.8046465
2905,2025-01-27,SH.ZB_600575,淮河能源,物流行业,-1.8047681
2906,2025-01-27,SH.KC_300788,中信出版,文化传媒,-1.8048089
2907,2025-01-24,SH.ZB_600103,青山纸业,造纸印刷,-1.8049082
2908,2025-01-27,SZ.ZB_000695,滨海能源,造纸印刷,-1.8049135
2909,2025-01-27,SH.ZB_603280,南方路机,专用设备,-1.8049492
2910,2025-01-24,SH.KC_300723,一品红,化学制药,-1.8053432
2911,2025-01-24,SH.ZB_603712,七一二,通信设备,-1.8053491
2912,2025-01-24,SZ.ZB_002375,亚厦股份,装修装饰,-1.8054571
2913,2025-01-24,SH.ZB_603856,东宏股份,装修建材,-1.8055174
2914,2025-01-27,SH.KC_300389,艾比森,光学光电子,-1.8055723
2915,2025-01-27,SZ.ZB_000019,深粮控股,贸易行业,-1.8056091
2916,2025-01-27,SZ.ZB_002995,天地在线,文化传媒,-1.8056812
2917,2025-01-27,SH.ZB_600651,飞乐音响,光学光电子,-1.8057361
2918,2025-01-27,SZ.ZB_000708,中信特钢,钢铁行业,-1.8059525
2919,2025-01-27,SZ.ZB_000791,甘肃能源,电力行业,-1.8060379
2920,2025-01-27,SH.KC_301215,中汽股份,汽车服务,-1.806052
2921,2025-01-24,SH.KC_300859,西域旅游,旅游酒店,-1.8060731
2922,2025-01-27,SH.ZB_600020,中原高速,铁路公路,-1.8061125
2923,2025-01-24,SZ.ZB_000531,穗恒运Ａ,电力行业,-1.8062807
2924,2025-01-27,SH.ZB_600684,珠江股份,房地产服务,-1.8062892
2925,2025-01-27,SH.KC_300341,麦克奥迪,电网设备,-1.8064294
2926,2025-01-27,SH.KC_301295,美硕科技,电网设备,-1.8064548
2927,2025-01-27,SH.KC_301267,华厦眼科,医疗服务,-1.8064568
2928,2025-01-27,SH.KC_688176,亚虹医药-U,生物制品,-1.8064615
2929,2025-01-24,SH.ZB_601788,光大证券,证券,-1.8064786
2930,2025-01-24,SZ.ZB_002679,福建金森,农牧饲渔,-1.8065337
2931,2025-01-27,SH.ZB_600376,首开股份,房地产开发,-1.8068277
2932,2025-01-27,SH.ZB_603229,奥翔药业,化学制药,-1.8068306
2933,2025-01-27,SH.KC_300722,新余国科,航天航空,-1.8068619
2934,2025-01-27,SH.KC_301088,戎美股份,纺织服装,-1.8068697
2935,2025-01-27,SZ.ZB_002078,太阳纸业,造纸印刷,-1.8069718
2936,2025-01-27,SH.ZB_603180,金牌家居,装修建材,-1.8070297
2937,2025-01-24,SZ.ZB_002387,维信诺,光学光电子,-1.8071012
2938,2025-01-27,SZ.ZB_002594,比亚迪,汽车整车,-1.8071445
2939,2025-01-27,SH.ZB_600917,重庆燃气,燃气,-1.8071582
2940,2025-01-24,SH.ZB_603027,千禾味业,食品饮料,-1.8072143
2941,2025-01-24,SH.KC_300218,安利股份,塑料制品,-1.8073281
2942,2025-01-27,SZ.ZB_002079,苏州固锝,半导体,-1.807389
2943,2025-01-27,SH.KC_301050,雷电微力,半导体,-1.8074642
2944,2025-01-24,SH.ZB_601375,中原证券,证券,-1.8076043
2945,2025-01-27,SH.ZB_601096,宏盛华源,电网设备,-1.8076442
2946,2025-01-24,SH.ZB_601225,陕西煤业,煤炭行业,-1.8076621
2947,2025-01-27,SH.ZB_600908,无锡银行,银行,-1.8077579
2948,2025-01-27,SH.ZB_603987,康德莱,医疗器械,-1.8077725
2949,2025-01-27,SH.KC_300142,沃森生物,生物制品,-1.8080552
2950,2025-01-27,SH.ZB_603883,老百姓,医药商业,-1.8081493
2951,2025-01-24,SZ.ZB_000923,河钢资源,钢铁行业,-1.8082181
2952,2025-01-24,SH.KC_300453,三鑫医疗,医疗器械,-1.808246
2953,2025-01-27,SZ.ZB_002227,奥 特 迅,电源设备,-1.8084371
2954,2025-01-24,SZ.ZB_002807,江阴银行,银行,-1.8084873
2955,2025-01-24,SZ.ZB_002687,乔治白,纺织服装,-1.8084943
2956,2025-01-27,SH.ZB_601868,中国能建,工程建设,-1.8086917
2957,2025-01-24,SZ.ZB_002023,海特高新,航天航空,-1.8087476
2958,2025-01-27,SH.ZB_603811,诚意药业,化学制药,-1.808751
2959,2025-01-27,SH.ZB_600373,中文传媒,文化传媒,-1.8087828
2960,2025-01-24,SH.KC_688146,中船特气,电子化学品,-1.8091996
2961,2025-01-27,SH.ZB_603659,璞泰来,电池,-1.8092315
2962,2025-01-24,SH.KC_301111,粤万年青,中药,-1.8093076
2963,2025-01-27,SZ.ZB_000877,天山股份,水泥建材,-1.80938
2964,2025-01-24,SH.ZB_603213,镇洋发展,化学原料,-1.8095232
2965,2025-01-27,SH.KC_301320,豪江智能,电子元件,-1.8097821
2966,2025-01-24,SZ.ZB_000554,泰山石油,石油行业,-1.8099077
2967,2025-01-27,SH.KC_300128,锦富技术,光学光电子,-1.8103491
2968,2025-01-24,SH.ZB_603071,物产环能,贸易行业,-1.8103536
2969,2025-01-24,SZ.ZB_000058,深 赛 格,商业百货,-1.810355
2970,2025-01-27,SZ.ZB_000528,柳    工,工程机械,-1.810415
2971,2025-01-24,SH.KC_300855,图南股份,有色金属,-1.8104241
2972,2025-01-24,SH.ZB_600918,中泰证券,证券,-1.8104963
2973,2025-01-27,SH.KC_301309,万得凯,通用设备,-1.8109809
2974,2025-01-24,SZ.ZB_000838,财信发展,房地产开发,-1.8110738
2975,2025-01-27,SH.KC_300551,古鳌科技,计算机设备,-1.811201
2976,2025-01-24,SH.ZB_603565,中谷物流,物流行业,-1.811396
2977,2025-01-27,SH.ZB_600075,新疆天业,化学原料,-1.8114312
2978,2025-01-24,SH.KC_301588,美新科技,家用轻工,-1.8114861
2979,2025-01-27,SH.ZB_600400,红豆股份,纺织服装,-1.8115202
2980,2025-01-27,SZ.ZB_002866,传艺科技,消费电子,-1.8116127
2981,2025-01-27,SH.ZB_600210,紫江企业,包装材料,-1.8117418
2982,2025-01-27,SH.ZB_600833,第一医药,医药商业,-1.811821
2983,2025-01-27,SH.KC_300272,开能健康,家电行业,-1.8119808
2984,2025-01-24,SH.KC_300061,旗天科技,文化传媒,-1.8120657
2985,2025-01-24,SZ.ZB_000026,飞亚达,珠宝首饰,-1.8121917
2986,2025-01-24,SH.ZB_600216,浙江医药,化学制药,-1.8122177
2987,2025-01-27,SZ.ZB_000852,石化机械,专用设备,-1.8122782
2988,2025-01-27,SH.ZB_600051,宁波联合,综合行业,-1.8123727
2989,2025-01-24,SH.ZB_600622,光大嘉宝,房地产开发,-1.8124223
2990,2025-01-27,SH.ZB_603132,金徽股份,有色金属,-1.8126243
2991,2025-01-27,SH.ZB_601899,紫金矿业,有色金属,-1.8126607
2992,2025-01-27,SZ.ZB_002120,韵达股份,物流行业,-1.812771
2993,2025-01-27,SZ.ZB_000798,中水渔业,农牧饲渔,-1.8128977
2994,2025-01-24,SH.KC_300865,大宏立,专用设备,-1.8131071
2995,2025-01-24,SZ.ZB_000029,深深房Ａ,房地产开发,-1.8131441
2996,2025-01-24,SH.ZB_600512,腾达建设,工程建设,-1.8131568
2997,2025-01-24,SH.KC_300890,翔丰华,电池,-1.8132871
2998,2025-01-27,SZ.ZB_002415,海康威视,计算机设备,-1.8133273
2999,2025-01-27,SH.ZB_600110,诺德股份,电池,-1.8133909
3000,2025-01-24,SH.KC_300614,百川畅银,环保行业,-1.8134819
3001,2025-01-24,SZ.ZB_002588,史丹利,化肥行业,-1.8135247
3002,2025-01-24,SH.ZB_600241,时代万恒,电池,-1.8135345
3003,2025-01-24,SZ.ZB_002172,澳洋健康,医疗服务,-1.8138161
3004,2025-01-24,SH.ZB_603726,朗迪集团,家电行业,-1.813924
3005,2025-01-27,SH.KC_301060,兰卫医学,医疗器械,-1.8140264
3006,2025-01-24,SH.KC_301137,哈焊华通,通用设备,-1.8140591
3007,2025-01-24,SH.ZB_600740,山西焦化,煤炭行业,-1.8143163
3008,2025-01-27,SH.ZB_600322,津投城开,房地产开发,-1.8147002
3009,2025-01-27,SH.KC_300407,凯发电气,电网设备,-1.8150877
3010,2025-01-27,SH.ZB_601009,南京银行,银行,-1.8151011
3011,2025-01-24,SH.KC_300937,药易购,医药商业,-1.8152865
3012,2025-01-27,SZ.ZB_002539,云图控股,化肥行业,-1.815507
3013,2025-01-27,SH.ZB_603788,宁波高发,汽车零部件,-1.8157164
3014,2025-01-27,SH.ZB_605128,上海沿浦,汽车零部件,-1.8157352
3015,2025-01-24,SH.ZB_603655,朗博科技,汽车零部件,-1.8158932
3016,2025-01-27,SZ.ZB_002418,康盛股份,家电行业,-1.8161532
3017,2025-01-24,SH.KC_688580,伟思医疗,医疗器械,-1.8162627
3018,2025-01-24,SH.KC_301276,嘉曼服饰,纺织服装,-1.816275
3019,2025-01-27,SZ.ZB_002422,科伦药业,化学制药,-1.8163402
3020,2025-01-24,SZ.ZB_002713,东易日盛,装修装饰,-1.8163837
3021,2025-01-24,SH.ZB_600822,上海物贸,汽车服务,-1.8164221
3022,2025-01-27,SZ.ZB_000721,西安饮食,旅游酒店,-1.8164526
3023,2025-01-24,SH.KC_300804,广康生化,农药兽药,-1.8166177
3024,2025-01-27,SH.ZB_601866,中远海发,航运港口,-1.8166248
3025,2025-01-24,SH.ZB_600477,杭萧钢构,水泥建材,-1.816651
3026,2025-01-27,SH.ZB_603053,成都燃气,燃气,-1.8169596
3027,2025-01-24,SH.ZB_603968,醋化股份,化学制品,-1.8170729
3028,2025-01-24,SH.ZB_600221,海航控股,航空机场,-1.8171109
3029,2025-01-27,SH.KC_688162,巨一科技,专用设备,-1.817173
3030,2025-01-27,SH.ZB_601686,友发集团,钢铁行业,-1.8173126
3031,2025-01-27,SH.KC_301092,争光股份,化学制品,-1.817594
3032,2025-01-27,SH.KC_688648,中邮科技,通用设备,-1.817689
3033,2025-01-24,SZ.ZB_002961,瑞达期货,多元金融,-1.8177387
3034,2025-01-27,SH.KC_300676,华大基因,医疗器械,-1.8178111
3035,2025-01-27,SH.ZB_601966,玲珑轮胎,橡胶制品,-1.8180006
3036,2025-01-27,SH.ZB_600980,北矿科技,小金属,-1.8181969
3037,2025-01-27,SH.ZB_601059,信达证券,证券,-1.8183795
3038,2025-01-27,SH.KC_300298,三诺生物,医疗器械,-1.8184557
3039,2025-01-24,SH.KC_688728,格科微,半导体,-1.818477
3040,2025-01-27,SH.KC_300648,星云股份,电池,-1.8185318
3041,2025-01-27,SH.KC_688114,华大智造,医疗器械,-1.8186082
3042,2025-01-27,SZ.ZB_002970,锐明技术,计算机设备,-1.818689
3043,2025-01-27,SH.ZB_601949,中国出版,文化传媒,-1.8188394
3044,2025-01-27,SZ.ZB_002154,报 喜 鸟,纺织服装,-1.8191341
3045,2025-01-24,SZ.ZB_002482,广田集团,装修装饰,-1.8192405
3046,2025-01-27,SH.KC_301039,中集车辆,汽车整车,-1.8192894
3047,2025-01-27,SZ.ZB_002828,贝肯能源,采掘行业,-1.8193923
3048,2025-01-27,SZ.ZB_000503,国新健康,软件开发,-1.8194145
3049,2025-01-24,SH.ZB_600026,中远海能,航运港口,-1.8194426
3050,2025-01-27,SZ.ZB_002773,康弘药业,化学制药,-1.8195239
3051,2025-01-24,SH.ZB_600518,康美药业,中药,-1.819558
3052,2025-01-27,SZ.ZB_000709,河钢股份,钢铁行业,-1.8197123
3053,2025-01-24,SH.ZB_601288,农业银行,银行,-1.8199139
3054,2025-01-27,SH.ZB_603069,海汽集团,铁路公路,-1.8199911
3055,2025-01-27,SZ.ZB_000912,泸天化,化肥行业,-1.8199984
3056,2025-01-24,SZ.ZB_002941,新疆交建,工程建设,-1.8201715
3057,2025-01-27,SH.ZB_600855,航天长峰,计算机设备,-1.8201971
3058,2025-01-24,SZ.ZB_002749,国光股份,农药兽药,-1.8203189
3059,2025-01-24,SH.KC_300961,深水海纳,环保行业,-1.8204039
3060,2025-01-27,SZ.ZB_002632,道明光学,塑料制品,-1.820563
3061,2025-01-24,SH.KC_300746,汉嘉设计,工程咨询服务,-1.8206407
3062,2025-01-24,SH.KC_300573,兴齐眼药,化学制药,-1.8208101
3063,2025-01-27,SZ.ZB_002142,宁波银行,银行,-1.820905
3064,2025-01-27,SH.KC_300804,广康生化,农药兽药,-1.8209434
3065,2025-01-27,SH.ZB_600353,旭光电子,电子元件,-1.8210381
3066,2025-01-24,SH.KC_301519,舜禹股份,专用设备,-1.8211467
3067,2025-01-27,SH.KC_300589,江龙船艇,船舶制造,-1.8213428
3068,2025-01-27,SH.KC_300120,经纬辉开,光学光电子,-1.821376
3069,2025-01-27,SH.ZB_601233,桐昆股份,化纤行业,-1.8215673
3070,2025-01-24,SH.KC_688373,盟科药业-U,生物制品,-1.821962
3071,2025-01-27,SZ.ZB_002129,TCL中环,光伏设备,-1.8220071
3072,2025-01-27,SZ.ZB_002839,张家港行,银行,-1.8220464
3073,2025-01-24,SH.ZB_603300,海南华铁,专用设备,-1.8220695
3074,2025-01-24,SZ.ZB_002796,世嘉科技,专用设备,-1.8221043
3075,2025-01-27,SH.ZB_601916,浙商银行,银行,-1.8222406
3076,2025-01-24,SH.ZB_600249,两面针,美容护理,-1.8222988
3077,2025-01-27,SH.ZB_600406,国电南瑞,电网设备,-1.8223832
3078,2025-01-24,SZ.ZB_002115,三维通信,互联网服务,-1.8225286
3079,2025-01-27,SZ.ZB_002044,美年健康,医疗服务,-1.8225336
3080,2025-01-24,SZ.ZB_000429,粤高速Ａ,铁路公路,-1.8225819
3081,2025-01-27,SH.ZB_601368,绿城水务,公用事业,-1.8226442
3082,2025-01-27,SZ.ZB_002715,登云股份,汽车零部件,-1.823179
3083,2025-01-24,SH.KC_300962,中金辐照,专业服务,-1.8234711
3084,2025-01-27,SH.ZB_600340,华夏幸福,房地产开发,-1.8236861
3085,2025-01-27,SZ.ZB_002984,森麒麟,橡胶制品,-1.8237826
3086,2025-01-24,SH.ZB_603800,洪田股份,专用设备,-1.8239949
3087,2025-01-24,SH.KC_301246,宏源药业,化学制药,-1.8240786
3088,2025-01-27,SH.KC_300314,戴维医疗,医疗器械,-1.8241193
3089,2025-01-24,SZ.ZB_002129,TCL中环,光伏设备,-1.8241804
3090,2025-01-27,SH.ZB_600956,新天绿能,燃气,-1.8242776
3091,2025-01-24,SZ.ZB_002677,浙江美大,家电行业,-1.824472
3092,2025-01-27,SH.ZB_601066,中信建投,证券,-1.8245049
3093,2025-01-27,SH.KC_300671,富满微,半导体,-1.8245826
3094,2025-01-24,SH.KC_300398,飞凯材料,电子化学品,-1.8245836
3095,2025-01-24,SH.ZB_603489,八方股份,电机,-1.8247168
3096,2025-01-27,SH.ZB_603350,安乃达,电机,-1.8249333
3097,2025-01-27,SH.ZB_601126,四方股份,电网设备,-1.8249717
3098,2025-01-24,SZ.ZB_000897,津滨发展,房地产开发,-1.8249806
3099,2025-01-27,SH.ZB_600031,三一重工,工程机械,-1.8250823
3100,2025-01-27,SH.ZB_603609,禾丰股份,农牧饲渔,-1.8251173
3101,2025-01-24,SZ.ZB_000788,北大医药,化学制药,-1.825133
3102,2025-01-27,SZ.ZB_002302,西部建设,水泥建材,-1.8251365
3103,2025-01-24,SH.ZB_603519,立霸股份,家电行业,-1.8252276
3104,2025-01-24,SH.ZB_600507,方大特钢,钢铁行业,-1.8252317
3105,2025-01-27,SH.KC_688076,诺泰生物,医疗服务,-1.8253188
3106,2025-01-27,SH.ZB_603997,继峰股份,汽车零部件,-1.8253419
3107,2025-01-24,SH.KC_300055,万邦达,环保行业,-1.8255427
3108,2025-01-27,SH.KC_300481,濮阳惠成,电子化学品,-1.8255938
3109,2025-01-27,SZ.ZB_002900,哈三联,化学制药,-1.8258506
3110,2025-01-24,SH.ZB_603867,新化股份,化学制品,-1.8259122
3111,2025-01-24,SH.ZB_600319,亚星化学,化学原料,-1.8262144
3112,2025-01-24,SH.ZB_600906,财达证券,证券,-1.826229
3113,2025-01-24,SH.ZB_601916,浙商银行,银行,-1.8263172
3114,2025-01-27,SH.ZB_603027,千禾味业,食品饮料,-1.8265705
3115,2025-01-27,SZ.ZB_002081,金 螳 螂,装修装饰,-1.826745
3116,2025-01-27,SH.ZB_601588,北辰实业,房地产服务,-1.8267813
3117,2025-01-27,SH.KC_688308,欧科亿,通用设备,-1.8270793
3118,2025-01-27,SH.KC_301137,哈焊华通,通用设备,-1.8270828
3119,2025-01-27,SZ.ZB_002790,瑞尔特,装修建材,-1.8271734
3120,2025-01-24,SH.ZB_600619,海立股份,家电行业,-1.8271927
3121,2025-01-27,SZ.ZB_002394,联发股份,纺织服装,-1.8272164
3122,2025-01-27,SH.KC_300260,新莱应材,通用设备,-1.8273361
3123,2025-01-24,SH.ZB_603917,合力科技,汽车零部件,-1.8273615
3124,2025-01-27,SH.ZB_603519,立霸股份,家电行业,-1.8274747
3125,2025-01-27,SZ.ZB_002868,绿康生化,农药兽药,-1.8275037
3126,2025-01-27,SH.ZB_600743,华远地产,房地产开发,-1.8275204
3127,2025-01-24,SH.ZB_603125,常青科技,化学制品,-1.8275697
3128,2025-01-24,SH.KC_300820,英杰电气,电源设备,-1.8276205
3129,2025-01-27,SZ.ZB_000776,广发证券,证券,-1.8276688
3130,2025-01-24,SZ.ZB_002332,仙琚制药,化学制药,-1.8278525
3131,2025-01-24,SH.KC_300821,东岳硅材,化学制品,-1.8280145
3132,2025-01-24,SH.ZB_600846,同济科技,工程建设,-1.8282784
3133,2025-01-27,SZ.ZB_000883,湖北能源,电力行业,-1.8283957
3134,2025-01-27,SH.ZB_601328,交通银行,银行,-1.8284917
3135,2025-01-27,SH.KC_688693,锴威特,半导体,-1.8285418
3136,2025-01-24,SH.KC_688082,盛美上海,半导体,-1.8286288
3137,2025-01-24,SZ.ZB_000933,神火股份,有色金属,-1.8287311
3138,2025-01-27,SH.ZB_603055,台华新材,纺织服装,-1.8289421
3139,2025-01-27,SH.ZB_600517,国网英大,多元金融,-1.8289722
3140,2025-01-24,SH.ZB_601878,浙商证券,证券,-1.829438
3141,2025-01-24,SH.KC_300184,力源信息,贸易行业,-1.8294592
3142,2025-01-27,SZ.ZB_000523,红棉股份,食品饮料,-1.8295195
3143,2025-01-24,SH.KC_688530,欧莱新材,半导体,-1.829588
3144,2025-01-27,SH.ZB_600178,东安动力,汽车零部件,-1.8297759
3145,2025-01-27,SH.ZB_600021,上海电力,电力行业,-1.8297861
3146,2025-01-27,SH.ZB_603712,七一二,通信设备,-1.8300157
3147,2025-01-24,SH.ZB_601827,三峰环境,环保行业,-1.8301357
3148,2025-01-27,SZ.ZB_002985,北摩高科,航天航空,-1.830195
3149,2025-01-24,SZ.ZB_002166,莱茵生物,中药,-1.8303162
3150,2025-01-24,SH.ZB_603976,正川股份,医疗器械,-1.8304894
3151,2025-01-24,SH.ZB_603153,上海建科,工程咨询服务,-1.830589
3152,2025-01-24,SZ.ZB_001979,招商蛇口,房地产开发,-1.830815
3153,2025-01-24,SH.ZB_600157,永泰能源,电力行业,-1.8308517
3154,2025-01-24,SH.ZB_600219,南山铝业,有色金属,-1.830865
3155,2025-01-27,SH.ZB_603860,中公高科,工程咨询服务,-1.8309126
3156,2025-01-27,SH.KC_300504,天邑股份,通信设备,-1.8309537
3157,2025-01-27,SH.ZB_603488,展鹏科技,专用设备,-1.8310822
3158,2025-01-24,SZ.ZB_002768,国恩股份,塑料制品,-1.8311603
3159,2025-01-27,SH.ZB_600323,瀚蓝环境,环保行业,-1.8312414
3160,2025-01-27,SH.KC_300227,光韵达,电子元件,-1.8315753
3161,2025-01-24,SZ.ZB_001367,海森药业,化学制药,-1.8316034
3162,2025-01-24,SZ.ZB_002294,信立泰,化学制药,-1.8319392
3163,2025-01-27,SH.KC_688122,西部超导,有色金属,-1.83217
3164,2025-01-27,SH.KC_688009,中国通号,交运设备,-1.8323243
3165,2025-01-27,SH.KC_300595,欧普康视,医疗器械,-1.8323245
3166,2025-01-27,SH.ZB_600062,华润双鹤,化学制药,-1.8324573
3167,2025-01-24,SZ.ZB_001337,四川黄金,贵金属,-1.8326359
3168,2025-01-27,SZ.ZB_001332,锡装股份,专用设备,-1.8327404
3169,2025-01-24,SZ.ZB_002805,丰元股份,电池,-1.8327494
3170,2025-01-24,SH.ZB_603788,宁波高发,汽车零部件,-1.8327775
3171,2025-01-24,SZ.ZB_002455,百川股份,化学制品,-1.8328322
3172,2025-01-27,SH.KC_688489,三未信安,电子元件,-1.8328418
3173,2025-01-27,SH.ZB_601886,江河集团,装修装饰,-1.8330194
3174,2025-01-24,SZ.ZB_000886,海南高速,房地产开发,-1.8330452
3175,2025-01-27,SH.ZB_600586,金晶科技,玻璃玻纤,-1.8331105
3176,2025-01-24,SH.ZB_600716,凤凰股份,房地产开发,-1.833528
3177,2025-01-24,SH.KC_300219,鸿利智汇,光学光电子,-1.8339266
3178,2025-01-27,SZ.ZB_002186,全 聚 德,旅游酒店,-1.8339677
3179,2025-01-24,SH.ZB_600763,通策医疗,医疗服务,-1.8339707
3180,2025-01-24,SH.ZB_600908,无锡银行,银行,-1.8347263
3181,2025-01-27,SZ.ZB_002547,春兴精工,汽车零部件,-1.8347508
3182,2025-01-24,SH.KC_300971,博亚精工,通用设备,-1.8347919
3183,2025-01-27,SH.KC_301115,建科股份,专业服务,-1.8348075
3184,2025-01-27,SH.ZB_603183,建研院,专业服务,-1.834915
3185,2025-01-24,SH.ZB_600706,曲江文旅,旅游酒店,-1.8350003
3186,2025-01-24,SH.ZB_600182,S佳通,橡胶制品,-1.8350437
3187,2025-01-27,SH.ZB_603567,珍宝岛,中药,-1.8351041
3188,2025-01-27,SH.ZB_601952,苏垦农发,农牧饲渔,-1.8351138
3189,2025-01-24,SZ.ZB_002227,奥 特 迅,电源设备,-1.8352137
3190,2025-01-24,SH.ZB_600557,康缘药业,中药,-1.8352687
3191,2025-01-27,SH.ZB_600641,万业企业,房地产开发,-1.8353356
3192,2025-01-27,SH.ZB_601677,明泰铝业,有色金属,-1.8354725
3193,2025-01-27,SH.ZB_600172,黄河旋风,非金属材料,-1.8355181
3194,2025-01-27,SZ.ZB_002780,三夫户外,纺织服装,-1.8355333
3195,2025-01-24,SH.KC_300642,透景生命,医疗器械,-1.8355647
3196,2025-01-24,SZ.ZB_002636,金安国纪,电子元件,-1.8357859
3197,2025-01-24,SZ.ZB_002644,佛慈制药,中药,-1.8358271
3198,2025-01-27,SH.KC_300639,凯普生物,医疗器械,-1.8360019
3199,2025-01-27,SZ.ZB_000498,山东路桥,工程建设,-1.8360502
3200,2025-01-27,SH.ZB_600598,北大荒,农牧饲渔,-1.836223
3201,2025-01-24,SZ.ZB_000700,模塑科技,汽车零部件,-1.836392
3202,2025-01-27,SZ.ZB_002941,新疆交建,工程建设,-1.8364275
3203,2025-01-27,SZ.ZB_000700,模塑科技,汽车零部件,-1.8365413
3204,2025-01-27,SH.KC_301371,敷尔佳,美容护理,-1.8365731
3205,2025-01-27,SH.ZB_601601,中国太保,保险,-1.83663
3206,2025-01-24,SH.ZB_600239,云南城投,房地产服务,-1.8367207
3207,2025-01-27,SH.KC_301507,民生健康,化学制药,-1.8367603
3208,2025-01-24,SH.ZB_600531,豫光金铅,有色金属,-1.8368986
3209,2025-01-27,SH.ZB_600037,歌华有线,文化传媒,-1.8369008
3210,2025-01-24,SZ.ZB_002356,赫美集团,贸易行业,-1.8373917
3211,2025-01-24,SH.ZB_600354,敦煌种业,农牧饲渔,-1.8374104
3212,2025-01-27,SZ.ZB_002663,普邦股份,工程建设,-1.8375725
3213,2025-01-24,SH.ZB_600143,金发科技,塑料制品,-1.8375933
3214,2025-01-24,SZ.ZB_000818,航锦科技,化学原料,-1.8376235
3215,2025-01-27,SZ.ZB_000401,冀东水泥,水泥建材,-1.8380032
3216,2025-01-24,SZ.ZB_000915,华特达因,化学制药,-1.838341
3217,2025-01-27,SZ.ZB_002542,中化岩土,工程建设,-1.8383887
3218,2025-01-27,SH.ZB_600815,厦工股份,工程机械,-1.8384762
3219,2025-01-24,SH.KC_300021,大禹节水,农牧饲渔,-1.838813
3220,2025-01-24,SH.ZB_601877,正泰电器,电网设备,-1.838818
3221,2025-01-27,SH.ZB_601083,锦江航运,航运港口,-1.8390855
3222,2025-01-27,SZ.ZB_002330,得利斯,食品饮料,-1.8393894
3223,2025-01-24,SH.ZB_601607,上海医药,医药商业,-1.8398917
3224,2025-01-24,SH.ZB_603839,安正时尚,纺织服装,-1.839911
3225,2025-01-24,SZ.ZB_002984,森麒麟,橡胶制品,-1.8399475
3226,2025-01-27,SH.KC_300618,寒锐钴业,能源金属,-1.8400742
3227,2025-01-24,SZ.ZB_002065,东华软件,软件开发,-1.8401543
3228,2025-01-24,SH.ZB_603877,太平鸟,纺织服装,-1.8401729
3229,2025-01-24,SZ.ZB_001231,农心科技,农药兽药,-1.8404711
3230,2025-01-27,SH.ZB_603130,云中马,纺织服装,-1.8405663
3231,2025-01-27,SH.KC_300647,超频三,消费电子,-1.8407269
3232,2025-01-24,SH.ZB_603387,基蛋生物,医疗器械,-1.8407478
3233,2025-01-24,SZ.ZB_002614,奥佳华,家电行业,-1.8407977
3234,2025-01-27,SH.KC_301539,宏鑫科技,汽车零部件,-1.8408507
3235,2025-01-27,SZ.ZB_000652,泰达股份,综合行业,-1.8409328
3236,2025-01-24,SH.KC_688370,丛麟科技,环保行业,-1.8411782
3237,2025-01-24,SH.KC_300631,久吾高科,环保行业,-1.8413626
3238,2025-01-27,SH.ZB_603013,亚普股份,汽车零部件,-1.8413914
3239,2025-01-27,SZ.ZB_002246,北化股份,化学制品,-1.8415155
3240,2025-01-27,SZ.ZB_001202,炬申股份,物流行业,-1.8415589
3241,2025-01-24,SZ.ZB_002937,兴瑞科技,消费电子,-1.8416666
3242,2025-01-27,SH.KC_688393,安必平,医疗器械,-1.8417349
3243,2025-01-27,SH.ZB_603985,恒润股份,风电设备,-1.8417444
3244,2025-01-27,SH.ZB_603099,长白山,旅游酒店,-1.8418412
3245,2025-01-27,SH.ZB_600879,航天电子,航天航空,-1.8420753
3246,2025-01-24,SH.ZB_601958,金钼股份,小金属,-1.8420998
3247,2025-01-24,SH.ZB_600325,华发股份,房地产开发,-1.8421886
3248,2025-01-27,SZ.ZB_002887,绿茵生态,环保行业,-1.8425093
3249,2025-01-24,SH.KC_300327,中颖电子,半导体,-1.8428478
3250,2025-01-27,SH.KC_688580,伟思医疗,医疗器械,-1.8429866
3251,2025-01-27,SZ.ZB_002563,森马服饰,纺织服装,-1.8430481
3252,2025-01-24,SH.KC_301050,雷电微力,半导体,-1.8431402
3253,2025-01-27,SZ.ZB_000546,金圆股份,环保行业,-1.8431985
3254,2025-01-27,SH.ZB_601908,京运通,光伏设备,-1.8432658
3255,2025-01-27,SZ.ZB_002591,恒大高新,互联网服务,-1.8434744
3256,2025-01-27,SZ.ZB_000629,钒钛股份,钢铁行业,-1.8435123
3257,2025-01-27,SZ.ZB_002228,合兴包装,包装材料,-1.843515
3258,2025-01-24,SH.ZB_601898,中煤能源,煤炭行业,-1.8437157
3259,2025-01-24,SH.ZB_600675,中华企业,房地产开发,-1.8438687
3260,2025-01-27,SZ.ZB_000948,南天信息,软件开发,-1.8442693
3261,2025-01-27,SZ.ZB_000566,海南海药,化学制药,-1.8445227
3262,2025-01-27,SH.ZB_600012,皖通高速,铁路公路,-1.8446734
3263,2025-01-27,SH.ZB_603353,和顺石油,石油行业,-1.8447784
3264,2025-01-27,SH.ZB_601179,中国西电,电网设备,-1.8448875
3265,2025-01-24,SZ.ZB_002479,富春环保,环保行业,-1.8450575
3266,2025-01-24,SH.KC_301219,腾远钴业,能源金属,-1.8450704
3267,2025-01-24,SH.ZB_603112,华翔股份,家电行业,-1.8451965
3268,2025-01-27,SH.ZB_601000,唐山港,航运港口,-1.8452319
3269,2025-01-27,SZ.ZB_002405,四维图新,软件开发,-1.845278
3270,2025-01-24,SH.ZB_603688,石英股份,非金属材料,-1.8454492
3271,2025-01-27,SH.ZB_601607,上海医药,医药商业,-1.8454669
3272,2025-01-27,SH.KC_301015,百洋医药,医药商业,-1.8455774
3273,2025-01-24,SH.KC_300994,久祺股份,交运设备,-1.8457704
3274,2025-01-27,SZ.ZB_002106,莱宝高科,光学光电子,-1.8458737
3275,2025-01-27,SH.ZB_601375,中原证券,证券,-1.8462205
3276,2025-01-24,SZ.ZB_000776,广发证券,证券,-1.8465679
3277,2025-01-27,SH.ZB_600801,华新水泥,水泥建材,-1.8466301
3278,2025-01-27,SH.KC_301120,新特电气,电网设备,-1.8466423
3279,2025-01-27,SZ.ZB_000570,苏常柴Ａ,汽车零部件,-1.846728
3280,2025-01-27,SZ.ZB_002167,东方锆业,小金属,-1.846984
3281,2025-01-24,SH.ZB_601179,中国西电,电网设备,-1.8471477
3282,2025-01-27,SH.ZB_603931,格林达,电子化学品,-1.8471721
3283,2025-01-27,SH.KC_300171,东富龙,医疗器械,-1.8473297
3284,2025-01-27,SH.ZB_600997,开滦股份,煤炭行业,-1.8475477
3285,2025-01-27,SH.ZB_600906,财达证券,证券,-1.8476284
3286,2025-01-24,SH.KC_300851,交大思诺,交运设备,-1.8476348
3287,2025-01-24,SZ.ZB_002788,鹭燕医药,医药商业,-1.8477838
3288,2025-01-24,SZ.ZB_002573,清新环境,环保行业,-1.8478744
3289,2025-01-24,SH.ZB_600839,四川长虹,家电行业,-1.847898
3290,2025-01-27,SZ.ZB_002233,塔牌集团,水泥建材,-1.8479469
3291,2025-01-27,SZ.ZB_002752,昇兴股份,包装材料,-1.8480027
3292,2025-01-24,SH.ZB_603797,联泰环保,环保行业,-1.8480341
3293,2025-01-24,SH.ZB_600288,大恒科技,电子元件,-1.8481132
3294,2025-01-24,SH.ZB_601678,滨化股份,化学原料,-1.8485255
3295,2025-01-24,SZ.ZB_002654,万润科技,文化传媒,-1.8485503
3296,2025-01-24,SH.ZB_600598,北大荒,农牧饲渔,-1.8485835
3297,2025-01-24,SZ.ZB_000636,风华高科,电子元件,-1.8485934
3298,2025-01-27,SH.ZB_601128,常熟银行,银行,-1.84871
3299,2025-01-24,SZ.ZB_001201,东瑞股份,农牧饲渔,-1.8488694
3300,2025-01-24,SH.ZB_600573,惠泉啤酒,酿酒行业,-1.8489044
3301,2025-01-27,SH.ZB_603167,渤海轮渡,航运港口,-1.8491572
3302,2025-01-27,SH.KC_688488,艾迪药业,生物制品,-1.8492267
3303,2025-01-24,SH.KC_301322,绿通科技,交运设备,-1.8492944
3304,2025-01-24,SH.ZB_603163,圣晖集成,工程建设,-1.8493685
3305,2025-01-24,SH.KC_300552,万集科技,软件开发,-1.8495662
3306,2025-01-24,SH.ZB_605151,西上海,汽车零部件,-1.8496115
3307,2025-01-27,SH.ZB_603655,朗博科技,汽车零部件,-1.8496175
3308,2025-01-27,SZ.ZB_002287,奇正藏药,中药,-1.8498193
3309,2025-01-24,SZ.ZB_000547,航天发展,通信设备,-1.8499339
3310,2025-01-27,SZ.ZB_002598,山东章鼓,通用设备,-1.8501822
3311,2025-01-24,SH.ZB_603161,科华控股,汽车零部件,-1.8502865
3312,2025-01-27,SZ.ZB_002267,陕天然气,燃气,-1.8503859
3313,2025-01-27,SZ.ZB_002736,国信证券,证券,-1.8504128
3314,2025-01-24,SH.ZB_600169,太原重工,专用设备,-1.8508514
3315,2025-01-24,SH.ZB_601908,京运通,光伏设备,-1.8508935
3316,2025-01-24,SH.KC_301148,嘉戎技术,环保行业,-1.8512212
3317,2025-01-24,SZ.ZB_002140,东华科技,工程建设,-1.851269
3318,2025-01-27,SH.KC_300066,三川智慧,仪器仪表,-1.8514094
3319,2025-01-24,SH.ZB_603301,振德医疗,医疗器械,-1.8514146
3320,2025-01-24,SH.KC_300858,科拓生物,食品饮料,-1.8515773
3321,2025-01-24,SH.KC_301269,华大九天,软件开发,-1.8515846
3322,2025-01-24,SH.KC_300317,珈伟新能,光伏设备,-1.8517326
3323,2025-01-24,SZ.ZB_002037,保利联合,化学制品,-1.851748
3324,2025-01-27,SH.ZB_601609,金田股份,有色金属,-1.8518707
3325,2025-01-24,SH.KC_300519,新光药业,中药,-1.851929
3326,2025-01-24,SH.KC_300127,银河磁体,小金属,-1.8519737
3327,2025-01-27,SH.ZB_605358,立昂微,半导体,-1.8519975
3328,2025-01-24,SZ.ZB_002571,德力股份,家用轻工,-1.8520402
3329,2025-01-24,SH.ZB_600392,盛和资源,小金属,-1.8520932
3330,2025-01-24,SH.KC_301206,三元生物,食品饮料,-1.8523134
3331,2025-01-27,SH.ZB_600521,华海药业,化学制药,-1.8524075
3332,2025-01-24,SH.KC_300371,汇中股份,仪器仪表,-1.8528143
3333,2025-01-27,SZ.ZB_002125,湘潭电化,化学原料,-1.8532356
3334,2025-01-27,SZ.ZB_002701,奥瑞金,包装材料,-1.8532448
3335,2025-01-24,SH.ZB_600666,奥瑞德,光学光电子,-1.8532555
3336,2025-01-27,SZ.ZB_002774,快意电梯,专用设备,-1.8532999
3337,2025-01-27,SH.ZB_601339,百隆东方,纺织服装,-1.8533736
3338,2025-01-27,SH.ZB_603322,超讯通信,通信服务,-1.8533952
3339,2025-01-27,SH.ZB_603698,航天工程,专业服务,-1.8537711
3340,2025-01-24,SH.KC_300331,苏大维格,光学光电子,-1.853944
3341,2025-01-27,SZ.ZB_002085,万丰奥威,汽车零部件,-1.853971
3342,2025-01-27,SH.KC_688087,英科再生,塑料制品,-1.8542072
3343,2025-01-27,SZ.ZB_000505,京粮控股,农牧饲渔,-1.8542141
3344,2025-01-24,SH.KC_300141,和顺电气,电网设备,-1.8542727
3345,2025-01-24,SH.ZB_601698,中国卫通,通信服务,-1.8542999
3346,2025-01-27,SZ.ZB_002180,纳思达,计算机设备,-1.8543488
3347,2025-01-24,SH.KC_300815,玉禾田,环保行业,-1.8543752
3348,2025-01-27,SH.KC_688671,碧兴物联,仪器仪表,-1.8543806
3349,2025-01-27,SH.ZB_600527,江南高纤,化纤行业,-1.8545704
3350,2025-01-24,SH.KC_301332,德尔玛,家电行业,-1.8545825
3351,2025-01-27,SH.ZB_603059,倍加洁,美容护理,-1.8545873
3352,2025-01-24,SH.ZB_600660,福耀玻璃,玻璃玻纤,-1.8547949
3353,2025-01-27,SH.ZB_601788,光大证券,证券,-1.8548839
3354,2025-01-24,SH.KC_300254,仟源医药,化学制药,-1.8548971
3355,2025-01-27,SZ.ZB_002160,常铝股份,有色金属,-1.85502
3356,2025-01-24,SZ.ZB_002236,大华股份,计算机设备,-1.8550359
3357,2025-01-24,SH.KC_688248,南网科技,电网设备,-1.8552519
3358,2025-01-24,SZ.ZB_002069,獐子岛,农牧饲渔,-1.8554733
3359,2025-01-27,SH.KC_301587,中瑞股份,电池,-1.8555856
3360,2025-01-27,SH.KC_300519,新光药业,中药,-1.8556118
3361,2025-01-27,SH.KC_301370,国科恒泰,贸易行业,-1.8557131
3362,2025-01-27,SZ.ZB_002101,广东鸿图,汽车零部件,-1.8557906
3363,2025-01-27,SH.KC_688092,爱科科技,专用设备,-1.8559943
3364,2025-01-24,SH.ZB_600970,中材国际,工程建设,-1.8560011
3365,2025-01-27,SH.KC_300036,超图软件,软件开发,-1.8560205
3366,2025-01-24,SZ.ZB_000987,越秀资本,多元金融,-1.8562276
3367,2025-01-27,SH.ZB_603968,醋化股份,化学制品,-1.8563684
3368,2025-01-24,SH.KC_301578,辰奕智能,消费电子,-1.856443
3369,2025-01-27,SZ.ZB_000090,天健集团,房地产开发,-1.8565532
3370,2025-01-27,SH.KC_300254,仟源医药,化学制药,-1.8566178
3371,2025-01-27,SH.ZB_600838,上海九百,商业百货,-1.8566219
3372,2025-01-27,SZ.ZB_000547,航天发展,通信设备,-1.8566661
3373,2025-01-27,SZ.ZB_000048,京基智农,农牧饲渔,-1.8566897
3374,2025-01-27,SH.ZB_600717,天津港,航运港口,-1.8569055
3375,2025-01-24,SZ.ZB_002900,哈三联,化学制药,-1.8570136
3376,2025-01-24,SH.KC_688230,芯导科技,半导体,-1.8577181
3377,2025-01-27,SH.ZB_600829,人民同泰,医药商业,-1.8579086
3378,2025-01-27,SH.ZB_600388,龙净环保,环保行业,-1.8579232
3379,2025-01-24,SH.ZB_600764,中国海防,计算机设备,-1.8582039
3380,2025-01-24,SZ.ZB_002778,中晟高科,石油行业,-1.8582284
3381,2025-01-27,SH.ZB_600848,上海临港,房地产开发,-1.858237
3382,2025-01-27,SZ.ZB_002229,鸿博股份,造纸印刷,-1.858345
3383,2025-01-24,SH.KC_300640,德艺文创,家用轻工,-1.8584381
3384,2025-01-22,SH.KC_688720,艾森股份,半导体,-1.858531
3385,2025-01-27,SH.ZB_600259,广晟有色,小金属,-1.8586062
3386,2025-01-27,SH.KC_300606,金太阳,通用设备,-1.8586421
3387,2025-01-27,SH.ZB_603938,三孚股份,化学制品,-1.8586973
3388,2025-01-24,SZ.ZB_002661,克明食品,食品饮料,-1.8587493
3389,2025-01-27,SZ.ZB_001218,丽臣实业,化学制品,-1.8590828
3390,2025-01-27,SZ.ZB_002008,大族激光,通用设备,-1.8593751
3391,2025-01-27,SH.KC_688120,华海清科,半导体,-1.8599149
3392,2025-01-27,SZ.ZB_002183,怡 亚 通,贸易行业,-1.8600351
3393,2025-01-24,SZ.ZB_000066,中国长城,计算机设备,-1.8602172
3394,2025-01-24,SH.KC_688638,誉辰智能,电池,-1.8602301
3395,2025-01-24,SZ.ZB_002132,恒星科技,通用设备,-1.8603327
3396,2025-01-27,SZ.ZB_000061,农 产 品,贸易行业,-1.8603895
3397,2025-01-27,SH.ZB_603159,上海亚虹,专用设备,-1.860643
3398,2025-01-27,SH.KC_688552,航天南湖,通信设备,-1.8606951
3399,2025-01-24,SH.KC_301283,聚胶股份,化学制品,-1.8608048
3400,2025-01-27,SZ.ZB_002097,山河智能,工程机械,-1.8608679
3401,2025-01-27,SZ.ZB_001337,四川黄金,贵金属,-1.8609693
3402,2025-01-27,SH.ZB_600377,宁沪高速,铁路公路,-1.8610656
3403,2025-01-27,SH.ZB_605151,西上海,汽车零部件,-1.8610991
3404,2025-01-27,SZ.ZB_000898,鞍钢股份,钢铁行业,-1.86115
3405,2025-01-24,SH.KC_688399,硕世生物,医疗器械,-1.8612686
3406,2025-01-27,SZ.ZB_002545,东方铁塔,化肥行业,-1.8613319
3407,2025-01-27,SH.ZB_600467,好当家,农牧饲渔,-1.8615315
3408,2025-01-24,SH.KC_301108,洁雅股份,纺织服装,-1.8617023
3409,2025-01-24,SZ.ZB_002547,春兴精工,汽车零部件,-1.8618762
3410,2025-01-27,SH.ZB_603396,金辰股份,光伏设备,-1.8620061
3411,2025-01-24,SH.KC_300162,雷曼光电,光学光电子,-1.8620336
3412,2025-01-27,SH.ZB_600740,山西焦化,煤炭行业,-1.8620379
3413,2025-01-24,SZ.ZB_003020,立方制药,化学制药,-1.8622406
3414,2025-01-24,SH.KC_300513,恒实科技,通信服务,-1.862409
3415,2025-01-24,SZ.ZB_002160,常铝股份,有色金属,-1.862477
3416,2025-01-27,SZ.ZB_002102,能特科技,化学制药,-1.8625293
3417,2025-01-24,SH.ZB_603566,普莱柯,农药兽药,-1.8627293
3418,2025-01-27,SH.ZB_605158,华达新材,钢铁行业,-1.8627608
3419,2025-01-27,SZ.ZB_002271,东方雨虹,装修建材,-1.8628774
3420,2025-01-27,SH.KC_688721,龙图光罩,半导体,-1.8629521
3421,2025-01-27,SH.KC_300067,安诺其,化学制品,-1.8629923
3422,2025-01-27,SZ.ZB_002191,劲嘉股份,包装材料,-1.8630409
3423,2025-01-24,SH.KC_300324,旋极信息,互联网服务,-1.8630538
3424,2025-01-24,SH.KC_688352,颀中科技,半导体,-1.8630544
3425,2025-01-27,SH.ZB_603238,诺邦股份,美容护理,-1.8631039
3426,2025-01-24,SH.ZB_603823,百合花,化学制品,-1.8635666
3427,2025-01-24,SH.KC_300215,电科院,专业服务,-1.863588
3428,2025-01-27,SH.KC_300092,科新机电,通用设备,-1.8636403
3429,2025-01-24,SZ.ZB_002928,华夏航空,航空机场,-1.8636637
3430,2025-01-27,SH.ZB_603797,联泰环保,环保行业,-1.863754
3431,2025-01-27,SZ.ZB_002281,光迅科技,通信设备,-1.8639157
3432,2025-01-27,SZ.ZB_001301,尚太科技,非金属材料,-1.8639462
3433,2025-01-27,SZ.ZB_002686,亿利达,通用设备,-1.8641185
3434,2025-01-24,SH.KC_300959,线上线下,通信服务,-1.8641279
3435,2025-01-24,SH.KC_300068,南都电源,电池,-1.8641316
3436,2025-01-27,SH.ZB_601111,中国国航,航空机场,-1.8642105
3437,2025-01-24,SH.KC_301278,快可电子,光伏设备,-1.8642565
3438,2025-01-24,SH.KC_300169,天晟新材,化学制品,-1.8642892
3439,2025-01-27,SZ.ZB_002040,南 京 港,航运港口,-1.8642968
3440,2025-01-24,SZ.ZB_000960,锡业股份,小金属,-1.8645067
3441,2025-01-27,SH.ZB_600773,西藏城投,房地产开发,-1.8655422
3442,2025-01-24,SH.ZB_603628,清源股份,光伏设备,-1.8656619
3443,2025-01-27,SZ.ZB_002595,豪迈科技,专用设备,-1.8657446
3444,2025-01-27,SZ.ZB_000045,深纺织Ａ,光学光电子,-1.8658075
3445,2025-01-27,SZ.ZB_002687,乔治白,纺织服装,-1.8658111
3446,2025-01-27,SH.ZB_601882,海天精工,通用设备,-1.8659551
3447,2025-01-27,SH.KC_688585,上纬新材,塑料制品,-1.8661976
3448,2025-01-24,SH.ZB_603225,新凤鸣,化纤行业,-1.8662366
3449,2025-01-27,SH.KC_688328,深科达,专用设备,-1.8663125
3450,2025-01-27,SH.KC_300930,屹通新材,有色金属,-1.8664767
3451,2025-01-27,SH.KC_300022,吉峰科技,工程机械,-1.8666393
3452,2025-01-24,SH.ZB_601956,东贝集团,家电行业,-1.8666533
3453,2025-01-24,SZ.ZB_000890,法尔胜,通用设备,-1.8668665
3454,2025-01-24,SZ.ZB_002486,嘉麟杰,纺织服装,-1.8669552
3455,2025-01-24,SZ.ZB_002645,华宏科技,环保行业,-1.8670261
3456,2025-01-24,SZ.ZB_000637,茂化实华,石油行业,-1.867099
3457,2025-01-24,SH.ZB_601398,工商银行,银行,-1.8670993
3458,2025-01-24,SH.KC_688439,振华风光,半导体,-1.8671212
3459,2025-01-27,SH.ZB_600535,天士力,中药,-1.8672235
3460,2025-01-24,SH.ZB_603601,再升科技,玻璃玻纤,-1.8672274
3461,2025-01-24,SH.ZB_600218,全柴动力,汽车零部件,-1.8678459
3462,2025-01-27,SH.ZB_600326,西藏天路,水泥建材,-1.8678656
3463,2025-01-24,SH.ZB_600343,航天动力,专用设备,-1.8679132
3464,2025-01-27,SH.KC_688718,唯赛勃,专用设备,-1.8679447
3465,2025-01-24,SH.ZB_603162,海通发展,航运港口,-1.867982
3466,2025-01-27,SZ.ZB_002401,中远海科,互联网服务,-1.8679831
3467,2025-01-24,SZ.ZB_002033,丽江股份,旅游酒店,-1.8680656
3468,2025-01-27,SH.ZB_603888,新华网,文化传媒,-1.8681421
3469,2025-01-27,SH.ZB_600698,湖南天雁,汽车零部件,-1.8683089
3470,2025-01-27,SH.ZB_603725,天安新材,化学制品,-1.8684236
3471,2025-01-24,SH.ZB_600833,第一医药,医药商业,-1.868505
3472,2025-01-24,SZ.ZB_002019,亿帆医药,化学制药,-1.8685858
3473,2025-01-27,SH.ZB_603301,振德医疗,医疗器械,-1.8686464
3474,2025-01-24,SH.ZB_603102,百合股份,食品饮料,-1.868657
3475,2025-01-27,SH.KC_301580,爱迪特,医疗器械,-1.8689291
3476,2025-01-24,SZ.ZB_002632,道明光学,塑料制品,-1.8690077
3477,2025-01-27,SH.KC_301373,凌玮科技,化学制品,-1.8690231
3478,2025-01-24,SH.ZB_603055,台华新材,纺织服装,-1.8691037
3479,2025-01-27,SH.KC_300855,图南股份,有色金属,-1.8693421
3480,2025-01-27,SH.ZB_601200,上海环境,环保行业,-1.8693563
3481,2025-01-27,SZ.ZB_002064,华峰化学,化纤行业,-1.8694453
3482,2025-01-24,SH.KC_300234,开尔新材,装修建材,-1.8695345
3483,2025-01-27,SZ.ZB_002237,恒邦股份,贵金属,-1.869599
3484,2025-01-27,SH.ZB_600236,桂冠电力,电力行业,-1.869657
3485,2025-01-24,SH.KC_300967,晓鸣股份,农牧饲渔,-1.8698626
3486,2025-01-24,SH.ZB_600826,兰生股份,贸易行业,-1.8700914
3487,2025-01-27,SH.ZB_600095,湘财股份,证券,-1.8702497
3488,2025-01-27,SH.ZB_605111,新洁能,半导体,-1.8704817
3489,2025-01-27,SH.KC_301090,华润材料,化学原料,-1.8706232
3490,2025-01-27,SH.KC_300184,力源信息,贸易行业,-1.870672
3491,2025-01-24,SZ.ZB_002860,星帅尔,家电行业,-1.8707517
3492,2025-01-27,SH.KC_301106,骏成科技,光学光电子,-1.8710803
3493,2025-01-27,SH.ZB_600356,恒丰纸业,造纸印刷,-1.8712118
3494,2025-01-27,SH.ZB_603060,国检集团,专业服务,-1.871258
3495,2025-01-24,SH.ZB_600150,中国船舶,船舶制造,-1.871321
3496,2025-01-24,SZ.ZB_002344,海宁皮城,商业百货,-1.8715143
3497,2025-01-24,SH.ZB_600096,云天化,化肥行业,-1.8719763
3498,2025-01-27,SH.ZB_600846,同济科技,工程建设,-1.8721951
3499,2025-01-24,SH.ZB_600983,惠而浦,家电行业,-1.8724071
3500,2025-01-24,SH.KC_300483,首华燃气,燃气,-1.872711
3501,2025-01-27,SZ.ZB_000911,广农糖业,食品饮料,-1.8727157
3502,2025-01-27,SH.ZB_603216,梦天家居,装修装饰,-1.8728148
3503,2025-01-24,SZ.ZB_000999,华润三九,中药,-1.8728395
3504,2025-01-24,SZ.ZB_000411,英特集团,医药商业,-1.8728412
3505,2025-01-24,SH.ZB_600743,华远地产,房地产开发,-1.8728578
3506,2025-01-27,SH.ZB_605167,利柏特,专用设备,-1.8728992
3507,2025-01-24,SH.ZB_600521,华海药业,化学制药,-1.8731836
3508,2025-01-27,SH.KC_688006,杭可科技,电池,-1.8732177
3509,2025-01-27,SH.KC_301281,科源制药,化学制药,-1.8736131
3510,2025-01-24,SH.ZB_603303,得邦照明,家电行业,-1.8736229
3511,2025-01-27,SZ.ZB_000783,长江证券,证券,-1.8739674
3512,2025-01-27,SH.ZB_600057,厦门象屿,物流行业,-1.8740684
3513,2025-01-24,SH.ZB_601512,中新集团,房地产开发,-1.874079
3514,2025-01-24,SH.ZB_600320,振华重工,专用设备,-1.8740836
3515,2025-01-24,SH.ZB_603206,嘉环科技,通信服务,-1.8740932
3516,2025-01-27,SH.KC_300472,新元科技,专用设备,-1.8741207
3517,2025-01-24,SZ.ZB_002767,先锋电子,仪器仪表,-1.8744625
3518,2025-01-24,SH.KC_301289,国缆检测,专业服务,-1.8747008
3519,2025-01-24,SH.ZB_605183,确成股份,橡胶制品,-1.8747311
3520,2025-01-24,SH.KC_301119,正强股份,汽车零部件,-1.8747853
3521,2025-01-24,SH.ZB_600006,东风股份,汽车整车,-1.8749137
3522,2025-01-27,SH.KC_300771,智莱科技,计算机设备,-1.8750284
3523,2025-01-27,SH.ZB_600996,贵广网络,文化传媒,-1.8753437
3524,2025-01-24,SH.ZB_600628,新世界,商业百货,-1.8754482
3525,2025-01-27,SZ.ZB_002471,中超控股,电网设备,-1.8754992
3526,2025-01-24,SH.ZB_601686,友发集团,钢铁行业,-1.8755664
3527,2025-01-24,SH.ZB_600158,中体产业,文化传媒,-1.8756512
3528,2025-01-24,SH.ZB_600683,京投发展,房地产开发,-1.875799
3529,2025-01-27,SH.ZB_600589,大位科技,互联网服务,-1.8759698
3530,2025-01-27,SZ.ZB_001215,千味央厨,食品饮料,-1.8761542
3531,2025-01-24,SH.KC_301456,盘古智能,风电设备,-1.8761973
3532,2025-01-24,SZ.ZB_002880,卫光生物,生物制品,-1.8763177
3533,2025-01-24,SH.KC_688569,铁科轨道,交运设备,-1.8763272
3534,2025-01-24,SH.KC_688391,钜泉科技,半导体,-1.8764434
3535,2025-01-27,SH.KC_300006,莱美药业,化学制药,-1.8765234
3536,2025-01-27,SZ.ZB_002461,珠江啤酒,酿酒行业,-1.8768331
3537,2025-01-27,SH.ZB_603168,莎普爱思,化学制药,-1.8769466
3538,2025-01-27,SH.KC_301408,华人健康,医药商业,-1.8769596
3539,2025-01-27,SH.ZB_600962,国投中鲁,食品饮料,-1.8771484
3540,2025-01-24,SH.KC_301488,豪恩汽电,汽车零部件,-1.8771574
3541,2025-01-24,SZ.ZB_002634,棒杰股份,纺织服装,-1.8772459
3542,2025-01-24,SH.KC_300668,杰恩设计,工程咨询服务,-1.8773689
3543,2025-01-24,SZ.ZB_002538,司尔特,化肥行业,-1.8774198
3544,2025-01-27,SZ.ZB_002709,天赐材料,化学制品,-1.877497
3545,2025-01-27,SH.ZB_603989,艾华集团,电子元件,-1.8776245
3546,2025-01-27,SZ.ZB_003002,壶化股份,化学制品,-1.87773
3547,2025-01-24,SZ.ZB_002790,瑞尔特,装修建材,-1.8778248
3548,2025-01-24,SH.ZB_600971,恒源煤电,煤炭行业,-1.8779527
3549,2025-01-27,SH.ZB_603759,海天股份,公用事业,-1.8779888
3550,2025-01-24,SH.KC_300625,三雄极光,家电行业,-1.8781178
3551,2025-01-27,SH.ZB_605003,众望布艺,纺织服装,-1.8782818
3552,2025-01-27,SZ.ZB_002297,博云新材,航天航空,-1.8782871
3553,2025-01-27,SH.KC_300908,仲景食品,食品饮料,-1.8783103
3554,2025-01-24,SZ.ZB_000715,中兴商业,商业百货,-1.8783537
3555,2025-01-27,SH.KC_301551,无线传媒,文化传媒,-1.8783584
3556,2025-01-24,SZ.ZB_002869,金溢科技,电子元件,-1.8784629
3557,2025-01-27,SH.KC_688289,圣湘生物,医疗器械,-1.8786765
3558,2025-01-24,SH.KC_300879,大叶股份,专用设备,-1.8787123
3559,2025-01-27,SH.ZB_603779,威龙股份,酿酒行业,-1.8787503
3560,2025-01-27,SH.KC_300862,蓝盾光电,仪器仪表,-1.8791559
3561,2025-01-27,SH.KC_688029,南微医学,医疗器械,-1.8792841
3562,2025-01-24,SH.KC_301003,江苏博云,塑料制品,-1.8794037
3563,2025-01-24,SZ.ZB_002709,天赐材料,化学制品,-1.8795848
3564,2025-01-27,SZ.ZB_002378,章源钨业,小金属,-1.8796464
3565,2025-01-24,SH.ZB_603906,龙蟠科技,电池,-1.8796697
3566,2025-01-24,SH.KC_300360,炬华科技,电网设备,-1.8801556
3567,2025-01-24,SZ.ZB_000514,渝 开 发,房地产开发,-1.8802994
3568,2025-01-27,SZ.ZB_002838,道恩股份,塑料制品,-1.8804613
3569,2025-01-24,SH.KC_300236,上海新阳,电子化学品,-1.8804859
3570,2025-01-24,SZ.ZB_000728,国元证券,证券,-1.8806782
3571,2025-01-27,SH.KC_688275,万润新能,电池,-1.8807056
3572,2025-01-24,SZ.ZB_000925,众合科技,交运设备,-1.8813342
3573,2025-01-27,SZ.ZB_002331,皖通科技,互联网服务,-1.881494
3574,2025-01-24,SH.KC_300320,海达股份,橡胶制品,-1.8816786
3575,2025-01-24,SZ.ZB_002448,中原内配,汽车零部件,-1.8816843
3576,2025-01-24,SH.ZB_605090,九丰能源,燃气,-1.8817677
3577,2025-01-27,SH.ZB_603626,科森科技,消费电子,-1.8821739
3578,2025-01-27,SZ.ZB_002734,利民股份,农药兽药,-1.8823326
3579,2025-01-27,SH.KC_301418,协昌科技,专用设备,-1.8824157
3580,2025-01-27,SH.KC_688538,和辉光电-U,光学光电子,-1.8824775
3581,2025-01-27,SH.ZB_601599,浙文影业,纺织服装,-1.8826019
3582,2025-01-27,SH.ZB_603312,西典新能,电网设备,-1.8826339
3583,2025-01-24,SZ.ZB_002819,东方中科,仪器仪表,-1.8826568
3584,2025-01-27,SH.ZB_600470,六国化工,化肥行业,-1.8827906
3585,2025-01-27,SH.ZB_600572,康恩贝,中药,-1.8828554
3586,2025-01-27,SH.ZB_603826,坤彩科技,非金属材料,-1.8830225
3587,2025-01-24,SH.KC_301109,军信股份,环保行业,-1.883154
3588,2025-01-24,SH.KC_301118,恒光股份,化学原料,-1.8832598
3589,2025-01-27,SH.ZB_600429,三元股份,食品饮料,-1.8836274
3590,2025-01-24,SH.ZB_600649,城投控股,房地产开发,-1.8836989
3591,2025-01-24,SH.ZB_600193,创兴资源,装修装饰,-1.8839885
3592,2025-01-24,SH.KC_300388,节能国祯,环保行业,-1.8842859
3593,2025-01-24,SZ.ZB_002204,大连重工,工程机械,-1.8843973
3594,2025-01-24,SH.ZB_601168,西部矿业,有色金属,-1.8846817
3595,2025-01-27,SH.ZB_600207,安彩高科,光伏设备,-1.884933
3596,2025-01-27,SH.KC_300726,宏达电子,电子元件,-1.8852271
3597,2025-01-27,SH.ZB_600030,中信证券,证券,-1.8855512
3598,2025-01-27,SH.ZB_600616,金枫酒业,酿酒行业,-1.8860201
3599,2025-01-27,SH.KC_300807,天迈科技,计算机设备,-1.8860708
3600,2025-01-27,SH.KC_688709,成都华微,半导体,-1.8861297
3601,2025-01-27,SH.ZB_603267,鸿远电子,电子元件,-1.8861535
3602,2025-01-24,SH.KC_688106,金宏气体,电子化学品,-1.8862897
3603,2025-01-24,SH.KC_300736,百邦科技,通信服务,-1.8863174
3604,2025-01-27,SH.KC_301206,三元生物,食品饮料,-1.8869474
3605,2025-01-27,SH.KC_300890,翔丰华,电池,-1.8871168
3606,2025-01-24,SZ.ZB_000532,华金资本,综合行业,-1.8872414
3607,2025-01-24,SH.ZB_601083,锦江航运,航运港口,-1.8872919
3608,2025-01-24,SH.ZB_600094,大名城,房地产开发,-1.8873827
3609,2025-01-24,SH.ZB_600237,铜峰电子,电子元件,-1.8874291
3610,2025-01-27,SH.ZB_603916,苏博特,化学制品,-1.8874831
3611,2025-01-27,SZ.ZB_000762,西藏矿业,能源金属,-1.8874861
3612,2025-01-24,SH.KC_688799,华纳药厂,化学制药,-1.8877547
3613,2025-01-27,SH.KC_300610,晨化股份,塑料制品,-1.8877599
3614,2025-01-27,SH.KC_300501,海顺新材,包装材料,-1.8878314
3615,2025-01-24,SH.ZB_600744,华银电力,电力行业,-1.8878735
3616,2025-01-24,SH.ZB_603706,东方环宇,燃气,-1.8879265
3617,2025-01-27,SH.ZB_600109,国金证券,证券,-1.8880386
3618,2025-01-27,SH.KC_688295,中复神鹰,化纤行业,-1.8880522
3619,2025-01-27,SH.ZB_600787,中储股份,物流行业,-1.8881658
3620,2025-01-27,SH.KC_300062,中能电气,电网设备,-1.888385
3621,2025-01-27,SH.KC_300294,博雅生物,生物制品,-1.8884137
3622,2025-01-24,SH.ZB_601089,福元医药,化学制药,-1.8884504
3623,2025-01-27,SH.KC_300847,中船汉光,消费电子,-1.8884592
3624,2025-01-24,SH.ZB_601127,赛力斯,汽车整车,-1.8884871
3625,2025-01-27,SH.ZB_600775,南京熊猫,通信设备,-1.8886636
3626,2025-01-27,SH.ZB_600854,春兰股份,家电行业,-1.8887079
3627,2025-01-24,SH.KC_300978,东箭科技,汽车零部件,-1.8887151
3628,2025-01-24,SH.ZB_600419,天润乳业,食品饮料,-1.8887572
3629,2025-01-27,SH.ZB_600084,中信尼雅,酿酒行业,-1.8889582
3630,2025-01-24,SH.KC_301149,隆华新材,化学原料,-1.8890183
3631,2025-01-27,SZ.ZB_000683,远兴能源,化学原料,-1.8893102
3632,2025-01-24,SH.KC_301373,凌玮科技,化学制品,-1.8893477
3633,2025-01-24,SZ.ZB_002042,华孚时尚,纺织服装,-1.8894147
3634,2025-01-24,SH.ZB_603368,柳药集团,医药商业,-1.8894907
3635,2025-01-27,SH.KC_300191,潜能恒信,采掘行业,-1.8895854
3636,2025-01-24,SH.KC_300006,莱美药业,化学制药,-1.8896736
3637,2025-01-27,SH.KC_300818,耐普矿机,专用设备,-1.8897716
3638,2025-01-24,SZ.ZB_000912,泸天化,化肥行业,-1.8898335
3639,2025-01-27,SZ.ZB_000423,东阿阿胶,中药,-1.8901248
3640,2025-01-24,SH.KC_688570,天玛智控,软件开发,-1.89032
3641,2025-01-24,SZ.ZB_002753,永东股份,橡胶制品,-1.8903229
3642,2025-01-27,SH.KC_300581,晨曦航空,航天航空,-1.8905206
3643,2025-01-27,SH.ZB_605599,菜百股份,珠宝首饰,-1.8906196
3644,2025-01-24,SH.ZB_600340,华夏幸福,房地产开发,-1.8907832
3645,2025-01-27,SH.KC_300797,钢研纳克,专业服务,-1.8908733
3646,2025-01-24,SH.KC_301166,优宁维,生物制品,-1.8910422
3647,2025-01-24,SH.ZB_600535,天士力,中药,-1.8910547
3648,2025-01-27,SH.ZB_600807,济高发展,医疗器械,-1.8911288
3649,2025-01-27,SZ.ZB_000564,供销大集,商业百货,-1.8913349
3650,2025-01-27,SH.KC_301305,朗坤环境,环保行业,-1.8913445
3651,2025-01-27,SH.KC_300596,利安隆,塑料制品,-1.89197
3652,2025-01-27,SH.ZB_600103,青山纸业,造纸印刷,-1.8920164
3653,2025-01-27,SZ.ZB_000688,国城矿业,有色金属,-1.8922247
3654,2025-01-27,SZ.ZB_000926,福星股份,房地产开发,-1.8923111
3655,2025-01-24,SH.ZB_601988,中国银行,银行,-1.8924285
3656,2025-01-24,SH.KC_301363,美好医疗,医疗器械,-1.8925822
3657,2025-01-27,SH.ZB_600935,华塑股份,化学原料,-1.8927138
3658,2025-01-24,SH.KC_301393,昊帆生物,生物制品,-1.8927202
3659,2025-01-24,SZ.ZB_000048,京基智农,农牧饲渔,-1.8927517
3660,2025-01-27,SH.ZB_603369,今世缘,酿酒行业,-1.8928015
3661,2025-01-27,SH.ZB_600663,陆家嘴,房地产开发,-1.8928988
3662,2025-01-27,SZ.ZB_002638,勤上股份,光学光电子,-1.893083
3663,2025-01-27,SZ.ZB_000931,中 关 村,化学制药,-1.8931901
3664,2025-01-24,SH.ZB_600985,淮北矿业,煤炭行业,-1.8932004
3665,2025-01-27,SH.KC_300591,万里马,纺织服装,-1.8932015
3666,2025-01-27,SZ.ZB_002204,大连重工,工程机械,-1.8935097
3667,2025-01-24,SZ.ZB_001338,永顺泰,农牧饲渔,-1.8936747
3668,2025-01-27,SH.KC_688505,复旦张江,化学制药,-1.8936783
3669,2025-01-27,SZ.ZB_002270,华明装备,电网设备,-1.893914
3670,2025-01-27,SZ.ZB_000923,河钢资源,钢铁行业,-1.8941061
3671,2025-01-27,SZ.ZB_000572,海马汽车,汽车整车,-1.8941138
3672,2025-01-27,SZ.ZB_000920,沃顿科技,环保行业,-1.8941153
3673,2025-01-24,SH.ZB_603605,珀莱雅,美容护理,-1.8943267
3674,2025-01-27,SZ.ZB_000703,恒逸石化,化纤行业,-1.8943312
3675,2025-01-24,SZ.ZB_001299,美能能源,燃气,-1.8943697
3676,2025-01-27,SZ.ZB_000620,新华联,房地产开发,-1.894438
3677,2025-01-27,SH.ZB_600232,金鹰股份,纺织服装,-1.8946502
3678,2025-01-27,SH.KC_688121,卓然股份,专用设备,-1.8948748
3679,2025-01-27,SH.KC_301265,华新环保,环保行业,-1.894995
3680,2025-01-27,SH.KC_300016,北陆药业,化学制药,-1.8950481
3681,2025-01-24,SH.ZB_600668,尖峰集团,水泥建材,-1.8954359
3682,2025-01-24,SZ.ZB_002107,沃华医药,中药,-1.8958904
3683,2025-01-24,SZ.ZB_002694,顾地科技,装修建材,-1.895995
3684,2025-01-27,SH.ZB_600200,江苏吴中,化学制药,-1.8960562
3685,2025-01-24,SH.KC_301179,泽宇智能,软件开发,-1.8960717
3686,2025-01-27,SH.KC_301149,隆华新材,化学原料,-1.8962346
3687,2025-01-27,SH.KC_301332,德尔玛,家电行业,-1.89637
3688,2025-01-24,SH.KC_300504,天邑股份,通信设备,-1.8966013
3689,2025-01-27,SH.ZB_600203,福日电子,消费电子,-1.8966364
3690,2025-01-24,SH.KC_300710,万隆光电,通信设备,-1.896678
3691,2025-01-24,SH.KC_301372,科净源,环保行业,-1.8968476
3692,2025-01-24,SH.KC_300164,通源石油,采掘行业,-1.8969848
3693,2025-01-24,SH.ZB_600684,珠江股份,房地产服务,-1.8969955
3694,2025-01-24,SZ.ZB_002320,海峡股份,航运港口,-1.8970056
3695,2025-01-27,SZ.ZB_000156,华数传媒,文化传媒,-1.8971812
3696,2025-01-24,SZ.ZB_000973,佛塑科技,塑料制品,-1.897195
3697,2025-01-27,SZ.ZB_002074,国轩高科,电池,-1.897389
3698,2025-01-24,SH.KC_301508,中机认检,专业服务,-1.8974205
3699,2025-01-24,SZ.ZB_002006,精工科技,专用设备,-1.8974843
3700,2025-01-24,SZ.ZB_002443,金洲管道,钢铁行业,-1.8975827
3701,2025-01-27,SZ.ZB_000967,盈峰环境,环保行业,-1.8981829
3702,2025-01-24,SH.ZB_601399,国机重装,专用设备,-1.8984573
3703,2025-01-24,SH.ZB_601187,厦门银行,银行,-1.8985215
3704,2025-01-27,SH.KC_300821,东岳硅材,化学制品,-1.8986652
3705,2025-01-27,SH.ZB_601330,绿色动力,环保行业,-1.8987907
3706,2025-01-24,SH.ZB_605169,洪通燃气,燃气,-1.8987964
3707,2025-01-27,SH.KC_688016,心脉医疗,医疗器械,-1.8989211
3708,2025-01-27,SH.ZB_600961,株冶集团,有色金属,-1.8989427
3709,2025-01-24,SH.ZB_603588,高能环境,环保行业,-1.8995643
3710,2025-01-27,SH.ZB_603227,雪峰科技,化学制品,-1.899696
3711,2025-01-24,SZ.ZB_000807,云铝股份,有色金属,-1.8997483
3712,2025-01-24,SH.ZB_605318,法狮龙,装修装饰,-1.9001096
3713,2025-01-27,SH.ZB_603223,恒通股份,物流行业,-1.9002179
3714,2025-01-24,SH.ZB_601882,海天精工,通用设备,-1.9002292
3715,2025-01-24,SH.KC_688710,益诺思,生物制品,-1.9003398
3716,2025-01-27,SH.KC_301285,鸿日达,电子元件,-1.9004084
3717,2025-01-24,SH.KC_300797,钢研纳克,专业服务,-1.9004878
3718,2025-01-24,SH.KC_688234,天岳先进,半导体,-1.90052
3719,2025-01-27,SZ.ZB_002936,郑州银行,银行,-1.9007137
3720,2025-01-27,SH.KC_300101,振芯科技,通信设备,-1.9007143
3721,2025-01-27,SH.KC_301169,零点有数,专业服务,-1.9007766
3722,2025-01-27,SH.ZB_601991,大唐发电,电力行业,-1.9009644
3723,2025-01-24,SZ.ZB_000155,川能动力,电力行业,-1.9009732
3724,2025-01-27,SH.ZB_600635,大众公用,燃气,-1.9010007
3725,2025-01-27,SH.KC_688248,南网科技,电网设备,-1.9010395
3726,2025-01-24,SH.KC_300626,华瑞股份,电机,-1.9010499
3727,2025-01-27,SH.ZB_600301,华锡有色,小金属,-1.9013455
3728,2025-01-24,SH.ZB_603829,洛凯股份,电网设备,-1.901559
3729,2025-01-24,SZ.ZB_000056,皇庭国际,房地产服务,-1.9016382
3730,2025-01-24,SH.KC_300227,光韵达,电子元件,-1.9018073
3731,2025-01-27,SH.ZB_600837,海通证券,证券,-1.9019274
3732,2025-01-24,SH.ZB_601929,吉视传媒,文化传媒,-1.9019753
3733,2025-01-24,SH.KC_300143,盈康生命,医疗服务,-1.9022033
3734,2025-01-27,SZ.ZB_000970,中科三环,小金属,-1.9022084
3735,2025-01-27,SZ.ZB_000637,茂化实华,石油行业,-1.9022849
3736,2025-01-27,SH.ZB_600104,上汽集团,汽车整车,-1.9023391
3737,2025-01-27,SH.KC_688177,百奥泰,生物制品,-1.9026799
3738,2025-01-24,SZ.ZB_000783,长江证券,证券,-1.9027878
3739,2025-01-24,SH.KC_301507,民生健康,化学制药,-1.9027878
3740,2025-01-24,SH.ZB_600961,株冶集团,有色金属,-1.9028054
3741,2025-01-27,SH.KC_301225,恒勃股份,汽车零部件,-1.9031651
3742,2025-01-27,SH.ZB_600875,东方电气,电源设备,-1.9032195
3743,2025-01-27,SH.ZB_601996,丰林集团,装修建材,-1.9032426
3744,2025-01-24,SH.ZB_603383,顶点软件,软件开发,-1.9034177
3745,2025-01-24,SZ.ZB_002345,潮宏基,珠宝首饰,-1.9037138
3746,2025-01-27,SH.ZB_603580,艾艾精工,塑料制品,-1.9042276
3747,2025-01-24,SH.ZB_603115,海星股份,电子元件,-1.904279
3748,2025-01-24,SH.KC_300812,易天股份,消费电子,-1.904412
3749,2025-01-27,SH.ZB_605259,绿田机械,通用设备,-1.9044796
3750,2025-01-24,SZ.ZB_002871,伟隆股份,通用设备,-1.9045316
3751,2025-01-27,SH.KC_301020,密封科技,汽车零部件,-1.9046035
3752,2025-01-24,SH.KC_301287,康力源,家用轻工,-1.9046307
3753,2025-01-24,SH.ZB_600505,西昌电力,电力行业,-1.904683
3754,2025-01-24,SH.ZB_601118,海南橡胶,橡胶制品,-1.904686
3755,2025-01-27,SH.ZB_603325,博隆技术,通用设备,-1.9047532
3756,2025-01-24,SH.ZB_600771,广誉远,中药,-1.9048296
3757,2025-01-24,SH.ZB_601136,首创证券,证券,-1.905125
3758,2025-01-27,SZ.ZB_000551,创元科技,环保行业,-1.9051578
3759,2025-01-27,SH.ZB_600983,惠而浦,家电行业,-1.9052248
3760,2025-01-27,SH.KC_300625,三雄极光,家电行业,-1.9053036
3761,2025-01-24,SH.KC_688501,青达环保,专用设备,-1.9053142
3762,2025-01-24,SH.KC_301175,中科环保,环保行业,-1.9054677
3763,2025-01-27,SH.KC_688007,光峰科技,消费电子,-1.9057188
3764,2025-01-27,SH.KC_301238,瑞泰新材,电池,-1.905892
3765,2025-01-24,SH.KC_688560,明冠新材,光伏设备,-1.9059745
3766,2025-01-24,SH.ZB_603066,音飞储存,物流行业,-1.9060053
3767,2025-01-24,SH.ZB_600509,天富能源,电力行业,-1.9060217
3768,2025-01-27,SZ.ZB_002238,天威视讯,文化传媒,-1.9060895
3769,2025-01-24,SZ.ZB_001331,胜通能源,物流行业,-1.9066654
3770,2025-01-24,SH.ZB_601789,宁波建工,工程建设,-1.9066864
3771,2025-01-27,SH.KC_688055,龙腾光电,光学光电子,-1.9067162
3772,2025-01-24,SH.KC_688489,三未信安,电子元件,-1.9068698
3773,2025-01-24,SH.ZB_603312,西典新能,电网设备,-1.9069027
3774,2025-01-24,SZ.ZB_002205,国统股份,水泥建材,-1.9069725
3775,2025-01-24,SH.ZB_600989,宝丰能源,化学原料,-1.9070218
3776,2025-01-27,SZ.ZB_002637,赞宇科技,化学制品,-1.9071046
3777,2025-01-24,SZ.ZB_000631,顺发恒业,房地产开发,-1.9071985
3778,2025-01-24,SH.KC_300212,易华录,互联网服务,-1.907295
3779,2025-01-27,SH.KC_301201,诚达药业,医疗服务,-1.9075364
3780,2025-01-27,SH.KC_688638,誉辰智能,电池,-1.9078698
3781,2025-01-27,SZ.ZB_002476,宝莫股份,化学制品,-1.9080788
3782,2025-01-24,SZ.ZB_003002,壶化股份,化学制品,-1.908193
3783,2025-01-24,SZ.ZB_002535,林州重机,专用设备,-1.9082254
3784,2025-01-27,SZ.ZB_002855,捷荣技术,消费电子,-1.908244
3785,2025-01-27,SH.ZB_603538,美诺华,化学制药,-1.9083451
3786,2025-01-24,SZ.ZB_002593,日上集团,汽车零部件,-1.908496
3787,2025-01-24,SH.ZB_600109,国金证券,证券,-1.9085052
3788,2025-01-27,SZ.ZB_002263,大东南,塑料制品,-1.9086461
3789,2025-01-24,SZ.ZB_000758,中色股份,有色金属,-1.9087497
3790,2025-01-24,SH.KC_300861,美畅股份,非金属材料,-1.9091228
3791,2025-01-24,SH.KC_301072,中捷精工,汽车零部件,-1.9092584
3792,2025-01-24,SZ.ZB_002773,康弘药业,化学制药,-1.9092655
3793,2025-01-27,SH.ZB_600141,兴发集团,化肥行业,-1.9092898
3794,2025-01-27,SH.ZB_600876,凯盛新能,光伏设备,-1.9094282
3795,2025-01-27,SH.ZB_601001,晋控煤业,煤炭行业,-1.9094712
3796,2025-01-24,SH.KC_688375,国博电子,电子元件,-1.9094998
3797,2025-01-27,SH.KC_301166,优宁维,生物制品,-1.909656
3798,2025-01-27,SZ.ZB_001318,阳光乳业,食品饮料,-1.9099813
3799,2025-01-24,SZ.ZB_001300,三柏硕,家用轻工,-1.9101404
3800,2025-01-24,SH.ZB_600155,华创云信,证券,-1.9101558
3801,2025-01-24,SH.ZB_603348,文灿股份,汽车零部件,-1.910318
3802,2025-01-27,SZ.ZB_002344,海宁皮城,商业百货,-1.9103706
3803,2025-01-24,SZ.ZB_002798,帝欧家居,装修建材,-1.9104172
3804,2025-01-27,SH.KC_300915,海融科技,食品饮料,-1.9104717
3805,2025-01-24,SH.KC_300409,道氏技术,非金属材料,-1.9108236
3806,2025-01-27,SH.KC_301119,正强股份,汽车零部件,-1.9110329
3807,2025-01-24,SZ.ZB_000617,中油资本,多元金融,-1.9113265
3808,2025-01-24,SH.ZB_600369,西南证券,证券,-1.9113531
3809,2025-01-24,SZ.ZB_002492,恒基达鑫,物流行业,-1.911474
3810,2025-01-27,SH.ZB_600557,康缘药业,中药,-1.9116012
3811,2025-01-24,SH.KC_688690,纳微科技,化学制药,-1.9118775
3812,2025-01-27,SH.ZB_601890,亚星锚链,船舶制造,-1.9123282
3813,2025-01-24,SH.KC_300323,华灿光电,光学光电子,-1.912386
3814,2025-01-27,SH.KC_688338,赛科希德,医疗器械,-1.9124193
3815,2025-01-24,SH.KC_301126,达嘉维康,医药商业,-1.9127363
3816,2025-01-24,SH.ZB_601608,中信重工,专用设备,-1.9128428
3817,2025-01-27,SH.KC_300234,开尔新材,装修建材,-1.9128469
3818,2025-01-24,SH.ZB_600958,东方证券,证券,-1.9128554
3819,2025-01-24,SH.ZB_603767,中马传动,汽车零部件,-1.9129114
3820,2025-01-27,SH.KC_688252,天德钰,半导体,-1.9129716
3821,2025-01-27,SH.ZB_603255,鼎际得,化学制品,-1.9134481
3822,2025-01-27,SZ.ZB_002538,司尔特,化肥行业,-1.9136055
3823,2025-01-24,SH.KC_300575,中旗股份,农药兽药,-1.9137889
3824,2025-01-27,SH.ZB_600346,恒力石化,化纤行业,-1.9139154
3825,2025-01-27,SH.KC_301059,金三江,化学原料,-1.9139398
3826,2025-01-27,SZ.ZB_001278,一彬科技,汽车零部件,-1.9143124
3827,2025-01-27,SH.KC_688119,中钢洛耐,非金属材料,-1.9143515
3828,2025-01-24,SH.ZB_603992,松霖科技,装修建材,-1.9143976
3829,2025-01-24,SH.KC_300922,天秦装备,塑料制品,-1.9145479
3830,2025-01-27,SZ.ZB_002407,多氟多,化学制品,-1.9146224
3831,2025-01-27,SH.ZB_600366,宁波韵升,小金属,-1.9146545
3832,2025-01-27,SH.KC_688011,新光光电,光学光电子,-1.9146683
3833,2025-01-24,SH.ZB_600665,天地源,房地产开发,-1.9148581
3834,2025-01-27,SZ.ZB_002668,TCL智家,家电行业,-1.9150922
3835,2025-01-24,SH.ZB_603267,鸿远电子,电子元件,-1.9152184
3836,2025-01-24,SZ.ZB_002116,中国海诚,工程咨询服务,-1.9154692
3837,2025-01-27,SH.ZB_600048,保利发展,房地产开发,-1.9155495
3838,2025-01-24,SH.KC_300485,赛升药业,生物制品,-1.9157655
3839,2025-01-27,SH.ZB_603017,中衡设计,工程咨询服务,-1.9159731
3840,2025-01-27,SH.ZB_600055,万东医疗,医疗器械,-1.9159913
3841,2025-01-24,SH.ZB_600470,六国化工,化肥行业,-1.9162701
3842,2025-01-24,SH.ZB_600101,明星电力,电力行业,-1.9163005
3843,2025-01-27,SH.KC_300464,星徽股份,互联网服务,-1.9163679
3844,2025-01-27,SZ.ZB_000402,金 融 街,房地产开发,-1.9166555
3845,2025-01-27,SH.ZB_600295,鄂尔多斯,钢铁行业,-1.9168506
3846,2025-01-27,SH.KC_300012,华测检测,专业服务,-1.9168814
3847,2025-01-27,SH.ZB_603331,百达精工,通用设备,-1.9172274
3848,2025-01-27,SZ.ZB_000925,众合科技,交运设备,-1.9172724
3849,2025-01-24,SH.ZB_605222,起帆电缆,电网设备,-1.9175026
3850,2025-01-24,SH.KC_688156,路德环境,农牧饲渔,-1.9175742
3851,2025-01-27,SZ.ZB_002719,麦趣尔,食品饮料,-1.9176583
3852,2025-01-24,SH.ZB_603231,索宝蛋白,农牧饲渔,-1.9176967
3853,2025-01-27,SH.ZB_603706,东方环宇,燃气,-1.9177798
3854,2025-01-24,SZ.ZB_002500,山西证券,证券,-1.917805
3855,2025-01-24,SH.ZB_600882,妙可蓝多,食品饮料,-1.9178464
3856,2025-01-27,SH.ZB_601990,南京证券,证券,-1.9178469
3857,2025-01-27,SH.ZB_600064,南京高科,房地产开发,-1.91805
3858,2025-01-24,SH.KC_301040,中环海陆,风电设备,-1.9180629
3859,2025-01-27,SZ.ZB_002205,国统股份,水泥建材,-1.918092
3860,2025-01-24,SH.ZB_603698,航天工程,专业服务,-1.9181765
3861,2025-01-24,SH.ZB_603324,盛剑科技,环保行业,-1.9182639
3862,2025-01-24,SH.KC_300134,大富科技,通信设备,-1.9185331
3863,2025-01-24,SH.ZB_603298,杭叉集团,工程机械,-1.9189134
3864,2025-01-24,SH.ZB_603331,百达精工,通用设备,-1.9190431
3865,2025-01-27,SH.ZB_600987,航民股份,纺织服装,-1.9190699
3866,2025-01-27,SH.ZB_603163,圣晖集成,工程建设,-1.9190743
3867,2025-01-27,SH.ZB_600022,山东钢铁,钢铁行业,-1.919249
3868,2025-01-27,SH.KC_301276,嘉曼服饰,纺织服装,-1.9193698
3869,2025-01-24,SH.ZB_603218,日月股份,风电设备,-1.9193804
3870,2025-01-24,SH.KC_300345,华民股份,光伏设备,-1.9193851
3871,2025-01-27,SH.ZB_603218,日月股份,风电设备,-1.9195888
3872,2025-01-27,SH.ZB_601069,西部黄金,贵金属,-1.919627
3873,2025-01-27,SH.KC_300138,晨光生物,农牧饲渔,-1.9197321
3874,2025-01-24,SZ.ZB_000565,渝三峡Ａ,化学制品,-1.9198027
3875,2025-01-27,SH.KC_300815,玉禾田,环保行业,-1.919959
3876,2025-01-24,SH.KC_300824,北鼎股份,家电行业,-1.9201651
3877,2025-01-24,SH.ZB_603091,众鑫股份,家用轻工,-1.9201889
3878,2025-01-27,SH.KC_301003,江苏博云,塑料制品,-1.9205997
3879,2025-01-27,SH.KC_300486,东杰智能,专用设备,-1.9206094
3880,2025-01-27,SH.ZB_601799,星宇股份,汽车零部件,-1.920639
3881,2025-01-24,SH.KC_300770,新媒股份,文化传媒,-1.9207795
3882,2025-01-24,SH.KC_301520,万邦医药,医疗服务,-1.9208385
3883,2025-01-24,SZ.ZB_002705,新宝股份,家电行业,-1.920896
3884,2025-01-24,SH.ZB_600661,昂立教育,教育,-1.9211891
3885,2025-01-24,SH.ZB_600059,古越龙山,酿酒行业,-1.921412
3886,2025-01-24,SH.ZB_603035,常熟汽饰,汽车零部件,-1.9215002
3887,2025-01-24,SH.KC_301073,君亭酒店,旅游酒店,-1.9216743
3888,2025-01-27,SH.ZB_601988,中国银行,银行,-1.9217966
3889,2025-01-27,SH.KC_300048,合康新能,专用设备,-1.921818
3890,2025-01-27,SH.KC_688613,奥精医疗,医疗器械,-1.921955
3891,2025-01-27,SH.ZB_605050,福然德,物流行业,-1.9221067
3892,2025-01-24,SZ.ZB_001308,康冠科技,消费电子,-1.9222943
3893,2025-01-27,SH.ZB_603115,海星股份,电子元件,-1.9228005
3894,2025-01-24,SH.KC_300917,特发服务,房地产服务,-1.9228309
3895,2025-01-27,SH.ZB_600976,健民集团,中药,-1.9228743
3896,2025-01-27,SH.ZB_603722,阿科力,塑料制品,-1.9229956
3897,2025-01-27,SZ.ZB_002454,松芝股份,汽车零部件,-1.9230558
3898,2025-01-24,SH.ZB_600713,南京医药,医药商业,-1.9232181
3899,2025-01-24,SH.ZB_603050,科林电气,电网设备,-1.9234985
3900,2025-01-27,SH.ZB_600078,澄星股份,化肥行业,-1.9242957
3901,2025-01-27,SZ.ZB_002597,金禾实业,食品饮料,-1.9243715
3902,2025-01-27,SZ.ZB_002029,七 匹 狼,纺织服装,-1.9243822
3903,2025-01-27,SH.ZB_603998,方盛制药,中药,-1.9244168
3904,2025-01-27,SZ.ZB_002256,兆新股份,电网设备,-1.9244369
3905,2025-01-27,SZ.ZB_002796,世嘉科技,专用设备,-1.9245777
3906,2025-01-24,SZ.ZB_002179,中航光电,电子元件,-1.924676
3907,2025-01-27,SH.ZB_601611,中国核建,工程建设,-1.9248376
3908,2025-01-24,SH.ZB_603396,金辰股份,光伏设备,-1.9249344
3909,2025-01-24,SZ.ZB_001373,翔腾新材,光学光电子,-1.9250989
3910,2025-01-24,SH.KC_300774,倍杰特,环保行业,-1.9251838
3911,2025-01-24,SH.ZB_600488,津药药业,化学制药,-1.9254432
3912,2025-01-27,SZ.ZB_002589,瑞康医药,医药商业,-1.9254903
3913,2025-01-27,SH.ZB_600369,西南证券,证券,-1.9257175
3914,2025-01-27,SH.KC_301181,标榜股份,汽车零部件,-1.9258085
3915,2025-01-27,SH.KC_688146,中船特气,电子化学品,-1.9260013
3916,2025-01-27,SZ.ZB_001300,三柏硕,家用轻工,-1.9260204
3917,2025-01-27,SH.KC_688387,信科移动-U,通信设备,-1.9260654
3918,2025-01-27,SZ.ZB_000886,海南高速,房地产开发,-1.9261171
3919,2025-01-27,SH.KC_300388,节能国祯,环保行业,-1.9261647
3920,2025-01-24,SZ.ZB_002985,北摩高科,航天航空,-1.9261665
3921,2025-01-24,SH.KC_688719,爱科赛博,电源设备,-1.9262002
3922,2025-01-24,SH.ZB_600926,杭州银行,银行,-1.9262847
3923,2025-01-24,SH.KC_688128,中国电研,专用设备,-1.9263694
3924,2025-01-24,SH.KC_300732,设研院,工程咨询服务,-1.9265836
3925,2025-01-24,SH.ZB_603551,奥普科技,家电行业,-1.926643
3926,2025-01-27,SH.KC_300619,金银河,电池,-1.9266477
3927,2025-01-27,SH.KC_300237,美晨科技,汽车零部件,-1.9267347
3928,2025-01-27,SH.ZB_600860,京城股份,通用设备,-1.9267664
3929,2025-01-27,SH.ZB_600131,国网信通,互联网服务,-1.9267989
3930,2025-01-27,SH.KC_688472,阿特斯,光伏设备,-1.9268217
3931,2025-01-24,SZ.ZB_002570,贝因美,食品饮料,-1.9273355
3932,2025-01-27,SH.ZB_605208,永茂泰,汽车零部件,-1.9274477
3933,2025-01-27,SH.ZB_603309,维力医疗,医疗器械,-1.9275643
3934,2025-01-27,SZ.ZB_000728,国元证券,证券,-1.9276156
3935,2025-01-24,SZ.ZB_000543,皖能电力,电力行业,-1.9277699
3936,2025-01-24,SH.ZB_600021,上海电力,电力行业,-1.9278262
3937,2025-01-27,SZ.ZB_000065,北方国际,工程建设,-1.9279695
3938,2025-01-27,SH.KC_301116,益客食品,食品饮料,-1.9280685
3939,2025-01-24,SH.ZB_600272,开开实业,医药商业,-1.928306
3940,2025-01-24,SH.KC_301129,瑞纳智能,仪器仪表,-1.9283473
3941,2025-01-24,SH.ZB_601128,常熟银行,银行,-1.92849
3942,2025-01-24,SH.KC_688334,西高院,专业服务,-1.9285606
3943,2025-01-27,SH.ZB_600269,赣粤高速,铁路公路,-1.9286385
3944,2025-01-24,SZ.ZB_000859,国风新材,塑料制品,-1.9288311
3945,2025-01-27,SZ.ZB_002027,分众传媒,文化传媒,-1.9290794
3946,2025-01-24,SH.KC_688371,菲沃泰,电子元件,-1.9292355
3947,2025-01-27,SH.ZB_601139,深圳燃气,燃气,-1.9294188
3948,2025-01-24,SH.KC_300424,航新科技,航天航空,-1.9294546
3949,2025-01-27,SH.KC_301260,格力博,专用设备,-1.929559
3950,2025-01-27,SZ.ZB_002798,帝欧家居,装修建材,-1.9295629
3951,2025-01-24,SZ.ZB_002104,恒宝股份,通信设备,-1.9295925
3952,2025-01-24,SH.ZB_600552,凯盛科技,光学光电子,-1.9298083
3953,2025-01-24,SH.KC_688212,澳华内镜,医疗器械,-1.9299185
3954,2025-01-27,SZ.ZB_002775,文科股份,工程建设,-1.9299343
3955,2025-01-27,SZ.ZB_002032,苏 泊 尔,家电行业,-1.9301012
3956,2025-01-24,SH.ZB_603488,展鹏科技,专用设备,-1.9301955
3957,2025-01-27,SH.ZB_600515,海南机场,航空机场,-1.9302924
3958,2025-01-27,SZ.ZB_002706,良信股份,电网设备,-1.9305028
3959,2025-01-27,SZ.ZB_000026,飞亚达,珠宝首饰,-1.9306037
3960,2025-01-24,SH.ZB_601012,隆基绿能,光伏设备,-1.9306699
3961,2025-01-24,SH.ZB_601939,建设银行,银行,-1.9307593
3962,2025-01-24,SH.ZB_605001,威奥股份,交运设备,-1.9310094
3963,2025-01-27,SH.ZB_600853,龙建股份,工程建设,-1.9310365
3964,2025-01-24,SH.ZB_605003,众望布艺,纺织服装,-1.9311826
3965,2025-01-27,SH.ZB_603639,海利尔,农药兽药,-1.9311858
3966,2025-01-24,SZ.ZB_000978,桂林旅游,旅游酒店,-1.9314151
3967,2025-01-27,SZ.ZB_001896,豫能控股,电力行业,-1.9314418
3968,2025-01-27,SZ.ZB_002846,英联股份,包装材料,-1.9314457
3969,2025-01-27,SH.KC_300446,航天智造,汽车零部件,-1.9317361
3970,2025-01-27,SZ.ZB_002239,奥特佳,汽车零部件,-1.9318826
3971,2025-01-27,SH.KC_301223,中荣股份,包装材料,-1.9319217
3972,2025-01-27,SH.KC_300614,百川畅银,环保行业,-1.9320266
3973,2025-01-24,SH.ZB_600967,内蒙一机,交运设备,-1.9322101
3974,2025-01-24,SH.ZB_601990,南京证券,证券,-1.9322474
3975,2025-01-27,SH.ZB_601678,滨化股份,化学原料,-1.932339
3976,2025-01-27,SZ.ZB_002980,华盛昌,仪器仪表,-1.9326452
3977,2025-01-27,SH.ZB_600683,京投发展,房地产开发,-1.9328624
3978,2025-01-24,SH.ZB_600848,上海临港,房地产开发,-1.932874
3979,2025-01-27,SZ.ZB_002339,积成电子,电网设备,-1.9329885
3980,2025-01-27,SH.KC_688378,奥来德,专用设备,-1.9330103
3981,2025-01-27,SZ.ZB_003012,东鹏控股,装修建材,-1.9330403
3982,2025-01-24,SH.KC_688169,石头科技,家电行业,-1.9330499
3983,2025-01-27,SH.KC_301522,上大股份,有色金属,-1.9332525
3984,2025-01-24,SH.ZB_605007,五洲特纸,造纸印刷,-1.9333677
3985,2025-01-24,SZ.ZB_000935,四川双马,水泥建材,-1.9336596
3986,2025-01-27,SH.KC_301618,长联科技,化学制品,-1.933665
3987,2025-01-27,SH.KC_301301,川宁生物,生物制品,-1.9336783
3988,2025-01-24,SH.KC_300826,测绘股份,工程咨询服务,-1.9336928
3989,2025-01-24,SH.ZB_600201,生物股份,农药兽药,-1.9337717
3990,2025-01-27,SZ.ZB_002438,江苏神通,通用设备,-1.9338286
3991,2025-01-27,SZ.ZB_000403,派林生物,生物制品,-1.9338713
3992,2025-01-27,SH.ZB_601688,华泰证券,证券,-1.9342377
3993,2025-01-27,SH.ZB_601860,紫金银行,银行,-1.9344304
3994,2025-01-24,SZ.ZB_002064,华峰化学,化纤行业,-1.934618
3995,2025-01-27,SH.ZB_600241,时代万恒,电池,-1.9346303
3996,2025-01-24,SH.ZB_603109,神驰机电,通用设备,-1.9346727
3997,2025-01-27,SH.KC_300447,全信股份,电网设备,-1.9347351
3998,2025-01-24,SH.KC_300129,泰胜风能,风电设备,-1.9348048
3999,2025-01-24,SZ.ZB_000920,沃顿科技,环保行业,-1.9348274
4000,2025-01-27,SH.ZB_603348,文灿股份,汽车零部件,-1.9350711
4001,2025-01-27,SH.ZB_600458,时代新材,风电设备,-1.9350905
4002,2025-01-24,SH.KC_688556,高测股份,光伏设备,-1.9351497
4003,2025-01-27,SH.ZB_601608,中信重工,专用设备,-1.9354668
4004,2025-01-24,SH.KC_688586,江航装备,航天航空,-1.9355503
4005,2025-01-24,SZ.ZB_002627,三峡旅游,旅游酒店,-1.935576
4006,2025-01-27,SH.KC_301089,拓新药业,化学制药,-1.9355814
4007,2025-01-27,SH.ZB_600392,盛和资源,小金属,-1.9357343
4008,2025-01-27,SH.KC_300180,华峰超纤,塑料制品,-1.9358999
4009,2025-01-27,SH.ZB_600818,中路股份,交运设备,-1.9360437
4010,2025-01-27,SH.KC_300283,温州宏丰,电网设备,-1.9360589
4011,2025-01-24,SH.KC_300675,建科院,工程咨询服务,-1.9360725
4012,2025-01-27,SH.KC_300408,三环集团,电子元件,-1.9361073
4013,2025-01-27,SH.ZB_600015,华夏银行,银行,-1.9361656
4014,2025-01-27,SH.ZB_600157,永泰能源,电力行业,-1.9364029
4015,2025-01-24,SH.ZB_603610,麒盛科技,装修建材,-1.9366827
4016,2025-01-24,SH.KC_301258,富士莱,化学制药,-1.9367012
4017,2025-01-27,SH.ZB_600985,淮北矿业,煤炭行业,-1.9367383
4018,2025-01-24,SH.KC_301015,百洋医药,医药商业,-1.9369794
4019,2025-01-27,SH.KC_300428,立中集团,汽车零部件,-1.9374443
4020,2025-01-24,SZ.ZB_002581,未名医药,生物制品,-1.9375778
4021,2025-01-27,SH.KC_300538,同益股份,塑料制品,-1.9378347
4022,2025-01-27,SH.ZB_603676,卫信康,化学制药,-1.9378908
4023,2025-01-27,SH.ZB_603856,东宏股份,装修建材,-1.9379094
4024,2025-01-24,SZ.ZB_002996,顺博合金,有色金属,-1.9380662
4025,2025-01-27,SZ.ZB_002015,协鑫能科,电力行业,-1.9381158
4026,2025-01-27,SH.KC_300534,陇神戎发,中药,-1.93852
4027,2025-01-24,SH.KC_300195,长荣股份,专用设备,-1.9385297
4028,2025-01-27,SH.KC_300832,新产业,医疗器械,-1.9385787
4029,2025-01-24,SH.KC_688203,海正生材,化纤行业,-1.9385844
4030,2025-01-24,SH.KC_688563,航材股份,航天航空,-1.9387426
4031,2025-01-27,SH.KC_688516,奥特维,光伏设备,-1.9388629
4032,2025-01-27,SH.KC_301335,天元宠物,家用轻工,-1.9388937
4033,2025-01-27,SH.KC_688652,京仪装备,半导体,-1.9390168
4034,2025-01-24,SH.ZB_603596,伯特利,汽车零部件,-1.9391341
4035,2025-01-27,SH.ZB_603282,亚光股份,专用设备,-1.9392054
4036,2025-01-27,SZ.ZB_002023,海特高新,航天航空,-1.9392269
4037,2025-01-24,SH.ZB_603607,京华激光,造纸印刷,-1.9392723
4038,2025-01-24,SH.ZB_601966,玲珑轮胎,橡胶制品,-1.9393688
4039,2025-01-24,SH.ZB_600420,国药现代,化学制药,-1.9394467
4040,2025-01-27,SH.ZB_601801,皖新传媒,文化传媒,-1.9395083
4041,2025-01-27,SH.KC_301395,仁信新材,化学原料,-1.9398377
4042,2025-01-24,SH.KC_300083,创世纪,通用设备,-1.9399375
4043,2025-01-27,SH.KC_300244,迪安诊断,医疗服务,-1.9401265
4044,2025-01-27,SH.ZB_603076,乐惠国际,专用设备,-1.9401445
4045,2025-01-24,SH.KC_688393,安必平,医疗器械,-1.9402338
4046,2025-01-27,SH.ZB_605099,共创草坪,家用轻工,-1.9403776
4047,2025-01-27,SH.KC_301150,中一科技,电池,-1.9404408
4048,2025-01-27,SZ.ZB_002020,京新药业,化学制药,-1.9405993
4049,2025-01-27,SH.KC_300406,九强生物,医疗器械,-1.940662
4050,2025-01-24,SZ.ZB_000619,海螺新材,装修建材,-1.9407176
4051,2025-01-24,SH.ZB_603299,苏盐井神,化学原料,-1.9408144
4052,2025-01-27,SH.ZB_603599,广信股份,农药兽药,-1.9409305
4053,2025-01-27,SZ.ZB_000758,中色股份,有色金属,-1.9410106
4054,2025-01-24,SZ.ZB_002218,拓日新能,光伏设备,-1.9412031
4055,2025-01-27,SZ.ZB_002609,捷顺科技,互联网服务,-1.9414414
4056,2025-01-27,SH.ZB_600895,张江高科,房地产开发,-1.9416945
4057,2025-01-24,SZ.ZB_000156,华数传媒,文化传媒,-1.9419994
4058,2025-01-24,SH.KC_301369,联动科技,半导体,-1.9420471
4059,2025-01-27,SZ.ZB_001286,陕西能源,电力行业,-1.9424051
4060,2025-01-24,SZ.ZB_002366,融发核电,电源设备,-1.9425282
4061,2025-01-27,SH.KC_300922,天秦装备,塑料制品,-1.9427731
4062,2025-01-27,SH.KC_300199,翰宇药业,化学制药,-1.9428316
4063,2025-01-24,SH.ZB_600796,钱江生化,环保行业,-1.943019
4064,2025-01-27,SH.KC_301099,雅创电子,贸易行业,-1.9432591
4065,2025-01-24,SH.ZB_603327,福蓉科技,消费电子,-1.9433213
4066,2025-01-24,SZ.ZB_002193,如意集团,纺织服装,-1.943385
4067,2025-01-24,SZ.ZB_000036,华联控股,房地产开发,-1.9434981
4068,2025-01-27,SH.ZB_601021,春秋航空,航空机场,-1.9439297
4069,2025-01-24,SH.ZB_600172,黄河旋风,非金属材料,-1.9439555
4070,2025-01-27,SH.KC_688300,联瑞新材,非金属材料,-1.9442365
4071,2025-01-27,SH.ZB_601333,广深铁路,物流行业,-1.9443127
4072,2025-01-24,SH.ZB_600830,香溢融通,多元金融,-1.9445466
4073,2025-01-24,SH.ZB_600538,国发股份,农药兽药,-1.9446038
4074,2025-01-27,SZ.ZB_002999,天禾股份,化肥行业,-1.944835
4075,2025-01-27,SH.ZB_600019,宝钢股份,钢铁行业,-1.9449403
4076,2025-01-24,SH.ZB_603150,万朗磁塑,塑料制品,-1.9449733
4077,2025-01-24,SH.ZB_605050,福然德,物流行业,-1.9451092
4078,2025-01-27,SH.KC_301338,凯格精机,专用设备,-1.9453604
4079,2025-01-24,SH.ZB_601918,新集能源,煤炭行业,-1.9454048
4080,2025-01-27,SH.KC_301232,飞沃科技,风电设备,-1.9454453
4081,2025-01-27,SH.ZB_600512,腾达建设,工程建设,-1.945544
4082,2025-01-27,SH.KC_300955,嘉亨家化,美容护理,-1.9458042
4083,2025-01-27,SH.ZB_600094,大名城,房地产开发,-1.9459391
4084,2025-01-24,SH.KC_300201,海伦哲,工程机械,-1.9459426
4085,2025-01-24,SZ.ZB_002161,远 望 谷,电子元件,-1.9460248
4086,2025-01-27,SZ.ZB_002249,大洋电机,电机,-1.9462225
4087,2025-01-24,SH.ZB_601216,君正集团,化学原料,-1.946391
4088,2025-01-27,SH.KC_688075,安旭生物,医疗器械,-1.9465218
4089,2025-01-24,SH.ZB_605116,奥锐特,化学制药,-1.946551
4090,2025-01-27,SH.ZB_603917,合力科技,汽车零部件,-1.9465927
4091,2025-01-27,SZ.ZB_002971,和远气体,化学制品,-1.9466333
4092,2025-01-24,SZ.ZB_002597,金禾实业,食品饮料,-1.9468472
4093,2025-01-27,SH.ZB_601939,建设银行,银行,-1.9469573
4094,2025-01-24,SH.KC_688032,禾迈股份,光伏设备,-1.9469936
4095,2025-01-24,SH.ZB_600791,京能置业,房地产开发,-1.9470047
4096,2025-01-24,SH.KC_301515,港通医疗,医疗器械,-1.9471132
4097,2025-01-24,SH.ZB_603199,九华旅游,旅游酒店,-1.9473493
4098,2025-01-27,SH.KC_300774,倍杰特,环保行业,-1.947413
4099,2025-01-27,SH.KC_300769,德方纳米,电池,-1.9474974
4100,2025-01-24,SZ.ZB_000839,中信国安,综合行业,-1.9476682
4101,2025-01-27,SZ.ZB_002869,金溢科技,电子元件,-1.9476911
4102,2025-01-27,SZ.ZB_002054,德美化工,化学制品,-1.947893
4103,2025-01-24,SH.KC_300355,蒙草生态,环保行业,-1.9482613
4104,2025-01-27,SH.KC_688190,云路股份,小金属,-1.9483186
4105,2025-01-27,SH.KC_301063,海锅股份,风电设备,-1.9483613
4106,2025-01-24,SH.KC_300643,万通智控,汽车零部件,-1.9483708
4107,2025-01-27,SH.KC_300082,奥克股份,化学原料,-1.9483848
4108,2025-01-27,SH.KC_688037,芯源微,半导体,-1.9486632
4109,2025-01-24,SH.ZB_600266,城建发展,房地产开发,-1.9486762
4110,2025-01-27,SH.KC_300218,安利股份,塑料制品,-1.9487821
4111,2025-01-27,SZ.ZB_002427,尤夫股份,化纤行业,-1.9488261
4112,2025-01-24,SH.ZB_600749,西藏旅游,旅游酒店,-1.9488279
4113,2025-01-27,SH.KC_301175,中科环保,环保行业,-1.9488672
4114,2025-01-24,SH.ZB_603216,梦天家居,装修装饰,-1.9488918
4115,2025-01-27,SZ.ZB_002943,宇晶股份,通用设备,-1.9491652
4116,2025-01-27,SH.KC_301246,宏源药业,化学制药,-1.9492563
4117,2025-01-24,SH.ZB_603131,上海沪工,通用设备,-1.9492928
4118,2025-01-24,SH.ZB_603080,新疆火炬,燃气,-1.9493301
4119,2025-01-24,SZ.ZB_000921,海信家电,家电行业,-1.9493477
4120,2025-01-24,SH.ZB_605006,山东玻纤,玻璃玻纤,-1.9494437
4121,2025-01-24,SZ.ZB_000563,陕国投Ａ,多元金融,-1.9494867
4122,2025-01-24,SH.ZB_603860,中公高科,工程咨询服务,-1.9495331
4123,2025-01-24,SH.ZB_600864,哈投股份,证券,-1.9495848
4124,2025-01-24,SZ.ZB_002682,龙洲股份,物流行业,-1.9496223
4125,2025-01-24,SH.ZB_605366,宏柏新材,化学制品,-1.94976
4126,2025-01-24,SZ.ZB_002859,洁美科技,电子元件,-1.9498037
4127,2025-01-24,SZ.ZB_002285,世联行,房地产服务,-1.9499835
4128,2025-01-27,SZ.ZB_002017,东信和平,通信设备,-1.9499954
4129,2025-01-27,SZ.ZB_002554,惠博普,采掘行业,-1.9500322
4130,2025-01-24,SH.KC_688381,帝奥微,半导体,-1.9501292
4131,2025-01-27,SH.KC_688551,科威尔,电源设备,-1.9501951
4132,2025-01-27,SZ.ZB_000978,桂林旅游,旅游酒店,-1.9503021
4133,2025-01-24,SH.KC_301272,英华特,专用设备,-1.9503374
4134,2025-01-27,SH.KC_688106,金宏气体,电子化学品,-1.950449
4135,2025-01-27,SH.ZB_600633,浙数文化,游戏,-1.9505252
4136,2025-01-24,SZ.ZB_002303,美盈森,包装材料,-1.9505633
4137,2025-01-24,SZ.ZB_002866,传艺科技,消费电子,-1.9509792
4138,2025-01-27,SH.ZB_603225,新凤鸣,化纤行业,-1.9510249
4139,2025-01-24,SH.ZB_600036,招商银行,银行,-1.9510314
4140,2025-01-24,SZ.ZB_002469,三维化学,化学原料,-1.9510437
4141,2025-01-27,SZ.ZB_002627,三峡旅游,旅游酒店,-1.9510783
4142,2025-01-27,SH.ZB_600758,辽宁能源,煤炭行业,-1.9510893
4143,2025-01-27,SH.ZB_600959,江苏有线,文化传媒,-1.9511037
4144,2025-01-27,SZ.ZB_002198,嘉应制药,中药,-1.9511793
4145,2025-01-24,SZ.ZB_002598,山东章鼓,通用设备,-1.951727
4146,2025-01-27,SH.KC_300470,中密控股,通用设备,-1.9518878
4147,2025-01-27,SH.ZB_600230,沧州大化,化学制品,-1.95201
4148,2025-01-27,SH.KC_300897,山科智能,仪器仪表,-1.9520435
4149,2025-01-27,SZ.ZB_000778,新兴铸管,钢铁行业,-1.9521359
4150,2025-01-27,SH.KC_688711,宏微科技,半导体,-1.9522469
4151,2025-01-27,SZ.ZB_002772,众兴菌业,农牧饲渔,-1.9524012
4152,2025-01-24,SH.ZB_603159,上海亚虹,专用设备,-1.9524759
4153,2025-01-24,SH.ZB_600738,丽尚国潮,商业百货,-1.9525118
4154,2025-01-24,SH.ZB_600861,北京人力,专业服务,-1.9525822
4155,2025-01-27,SZ.ZB_002479,富春环保,环保行业,-1.9526935
4156,2025-01-27,SH.KC_688599,天合光能,光伏设备,-1.9527454
4157,2025-01-27,SH.ZB_601088,中国神华,煤炭行业,-1.9527832
4158,2025-01-24,SH.ZB_600496,精工钢构,水泥建材,-1.9530853
4159,2025-01-24,SH.ZB_600493,凤竹纺织,纺织服装,-1.9532012
4160,2025-01-27,SH.ZB_601811,新华文轩,文化传媒,-1.9532611
4161,2025-01-27,SH.KC_301067,显盈科技,消费电子,-1.9534423
4162,2025-01-24,SH.ZB_600203,福日电子,消费电子,-1.9534483
4163,2025-01-24,SH.KC_301257,普蕊斯,医疗服务,-1.9536343
4164,2025-01-27,SH.KC_300642,透景生命,医疗器械,-1.953765
4165,2025-01-27,SH.ZB_600438,通威股份,光伏设备,-1.9542241
4166,2025-01-27,SH.KC_300409,道氏技术,非金属材料,-1.954474
4167,2025-01-24,SZ.ZB_000420,吉林化纤,化纤行业,-1.9546814
4168,2025-01-24,SH.KC_301075,多瑞医药,化学制药,-1.9551965
4169,2025-01-24,SH.ZB_600530,交大昂立,食品饮料,-1.9553574
4170,2025-01-24,SH.KC_688616,西力科技,电网设备,-1.955468
4171,2025-01-27,SH.ZB_603648,畅联股份,物流行业,-1.9555295
4172,2025-01-24,SH.KC_300145,中金环境,通用设备,-1.9555691
4173,2025-01-27,SH.KC_300185,通裕重工,风电设备,-1.9562201
4174,2025-01-27,SH.KC_301372,科净源,环保行业,-1.9562263
4175,2025-01-24,SH.ZB_601236,红塔证券,证券,-1.9564669
4176,2025-01-27,SH.ZB_601155,新城控股,房地产开发,-1.9565699
4177,2025-01-27,SH.KC_300783,三只松鼠,食品饮料,-1.9568281
4178,2025-01-27,SZ.ZB_002169,智光电气,电网设备,-1.9569424
4179,2025-01-24,SH.ZB_603137,恒尚节能,装修建材,-1.9571166
4180,2025-01-24,SH.KC_301392,汇成真空,专用设备,-1.9572672
4181,2025-01-24,SH.KC_301589,诺瓦星云,计算机设备,-1.957361
4182,2025-01-24,SZ.ZB_000032,深桑达Ａ,通信设备,-1.95738
4183,2025-01-24,SH.KC_688389,普门科技,医疗器械,-1.9574206
4184,2025-01-27,SH.KC_300345,华民股份,光伏设备,-1.9576596
4185,2025-01-27,SH.KC_300584,海辰药业,化学制药,-1.9577054
4186,2025-01-24,SH.KC_300644,南京聚隆,塑料制品,-1.9578682
4187,2025-01-24,SZ.ZB_002085,万丰奥威,汽车零部件,-1.9578741
4188,2025-01-24,SH.KC_300357,我武生物,生物制品,-1.9582865
4189,2025-01-27,SZ.ZB_000985,大庆华科,化学制品,-1.9583807
4190,2025-01-27,SH.ZB_603310,巍华新材,化学原料,-1.9583921
4191,2025-01-27,SZ.ZB_002314,南山控股,房地产开发,-1.9584967
4192,2025-01-24,SH.ZB_603100,川仪股份,仪器仪表,-1.9585304
4193,2025-01-27,SZ.ZB_002068,黑猫股份,橡胶制品,-1.9587044
4194,2025-01-27,SH.ZB_600993,马应龙,中药,-1.9587685
4195,2025-01-27,SH.KC_300390,天华新能,能源金属,-1.9592437
4196,2025-01-24,SH.KC_688718,唯赛勃,专用设备,-1.959336
4197,2025-01-27,SZ.ZB_001210,金房能源,公用事业,-1.9593606
4198,2025-01-27,SH.ZB_600714,金瑞矿业,化学原料,-1.9593858
4199,2025-01-24,SZ.ZB_000692,惠天热电,公用事业,-1.9594378
4200,2025-01-27,SZ.ZB_001338,永顺泰,农牧饲渔,-1.9595824
4201,2025-01-27,SH.ZB_601918,新集能源,煤炭行业,-1.9596189
4202,2025-01-24,SH.KC_300284,苏交科,工程咨询服务,-1.9596325
4203,2025-01-24,SH.ZB_600570,恒生电子,软件开发,-1.9597056
4204,2025-01-27,SZ.ZB_002695,煌上煌,食品饮料,-1.959753
4205,2025-01-27,SH.KC_300873,海晨股份,物流行业,-1.9598013
4206,2025-01-27,SH.ZB_601211,国泰君安,证券,-1.9599359
4207,2025-01-27,SH.ZB_600216,浙江医药,化学制药,-1.9599397
4208,2025-01-27,SH.ZB_600208,衢州发展,房地产开发,-1.9603978
4209,2025-01-27,SZ.ZB_002911,佛燃能源,燃气,-1.960504
4210,2025-01-24,SH.KC_300958,建工修复,环保行业,-1.9605179
4211,2025-01-24,SZ.ZB_000703,恒逸石化,化纤行业,-1.960557
4212,2025-01-27,SH.KC_688025,杰普特,电子元件,-1.960898
4213,2025-01-24,SH.KC_301131,聚赛龙,塑料制品,-1.9610479
4214,2025-01-24,SH.ZB_601002,晋亿实业,通用设备,-1.96106
4215,2025-01-27,SH.ZB_603926,铁流股份,汽车零部件,-1.9611063
4216,2025-01-27,SZ.ZB_002643,万润股份,电子化学品,-1.9611124
4217,2025-01-27,SZ.ZB_002716,湖南白银,贵金属,-1.9612554
4218,2025-01-27,SH.ZB_605286,同力日升,专用设备,-1.9619498
4219,2025-01-27,SH.KC_300666,江丰电子,半导体,-1.9619532
4220,2025-01-24,SH.ZB_600750,江中药业,中药,-1.962031
4221,2025-01-27,SZ.ZB_002966,苏州银行,银行,-1.9623469
4222,2025-01-27,SH.KC_300327,中颖电子,半导体,-1.9625545
4223,2025-01-27,SH.KC_688136,科兴制药,生物制品,-1.9625658
4224,2025-01-27,SH.ZB_600805,悦达投资,综合行业,-1.9628706
4225,2025-01-27,SH.KC_300416,苏试试验,专业服务,-1.9628953
4226,2025-01-27,SH.KC_300763,锦浪科技,光伏设备,-1.9629992
4227,2025-01-24,SH.KC_300457,赢合科技,电池,-1.9631188
4228,2025-01-27,SZ.ZB_002481,双塔食品,食品饮料,-1.9632595
4229,2025-01-27,SH.ZB_600774,汉商集团,商业百货,-1.9635221
4230,2025-01-27,SH.KC_688567,孚能科技,电池,-1.9636557
4231,2025-01-27,SZ.ZB_002510,天汽模,汽车零部件,-1.9636774
4232,2025-01-27,SH.KC_301586,佳力奇,航天航空,-1.9637147
4233,2025-01-24,SH.KC_300395,菲利华,非金属材料,-1.9638337
4234,2025-01-24,SH.KC_688103,国力股份,电子元件,-1.9641157
4235,2025-01-24,SH.KC_300447,全信股份,电网设备,-1.964186
4236,2025-01-27,SH.KC_300045,华力创通,计算机设备,-1.9642092
4237,2025-01-27,SH.KC_300875,捷强装备,专用设备,-1.9642185
4238,2025-01-27,SH.ZB_603586,金麒麟,汽车零部件,-1.9642653
4239,2025-01-24,SH.ZB_605108,同庆楼,旅游酒店,-1.9643658
4240,2025-01-27,SH.KC_300824,北鼎股份,家电行业,-1.9645896
4241,2025-01-27,SH.ZB_600016,民生银行,银行,-1.9646198
4242,2025-01-27,SH.KC_300683,海特生物,生物制品,-1.9646297
4243,2025-01-27,SH.ZB_603801,志邦家居,装修建材,-1.964746
4244,2025-01-24,SH.ZB_601727,上海电气,电源设备,-1.9647788
4245,2025-01-27,SH.ZB_601512,中新集团,房地产开发,-1.9658364
4246,2025-01-24,SH.ZB_603817,海峡环保,环保行业,-1.9658798
4247,2025-01-24,SH.KC_301016,雷尔伟,交运设备,-1.9659888
4248,2025-01-24,SH.ZB_600816,建元信托,多元金融,-1.9661244
4249,2025-01-24,SH.ZB_600620,天宸股份,综合行业,-1.9661676
4250,2025-01-24,SH.ZB_600261,阳光照明,家电行业,-1.9662414
4251,2025-01-27,SZ.ZB_002753,永东股份,橡胶制品,-1.9663066
4252,2025-01-24,SH.ZB_603280,南方路机,专用设备,-1.9663118
4253,2025-01-24,SZ.ZB_002666,德联集团,化学制品,-1.9665711
4254,2025-01-27,SH.ZB_603578,三星新材,家电行业,-1.9667417
4255,2025-01-27,SZ.ZB_002976,瑞玛精密,汽车零部件,-1.966938
4256,2025-01-27,SZ.ZB_001367,海森药业,化学制药,-1.967083
4257,2025-01-24,SZ.ZB_002576,通达动力,电机,-1.9671344
4258,2025-01-27,SZ.ZB_000548,湖南投资,铁路公路,-1.9672148
4259,2025-01-27,SZ.ZB_001228,永泰运,物流行业,-1.9673791
4260,2025-01-27,SH.ZB_600298,安琪酵母,食品饮料,-1.967407
4261,2025-01-27,SZ.ZB_002785,万里石,装修建材,-1.9674447
4262,2025-01-24,SZ.ZB_002889,东方嘉盛,物流行业,-1.9675221
4263,2025-01-24,SH.ZB_603602,纵横通信,通信服务,-1.96764
4264,2025-01-27,SH.ZB_605399,晨光新材,化学制品,-1.9677304
4265,2025-01-27,SH.KC_301133,金钟股份,汽车零部件,-1.9678572
4266,2025-01-27,SH.KC_301126,达嘉维康,医药商业,-1.9679375
4267,2025-01-27,SH.KC_300080,易成新能,通用设备,-1.968104
4268,2025-01-27,SH.KC_301065,本立科技,化学原料,-1.9681208
4269,2025-01-27,SZ.ZB_002025,航天电器,电子元件,-1.9681334
4270,2025-01-24,SZ.ZB_001316,润贝航科,贸易行业,-1.9681559
4271,2025-01-27,SH.ZB_603080,新疆火炬,燃气,-1.9683052
4272,2025-01-24,SH.ZB_603755,日辰股份,食品饮料,-1.9684398
4273,2025-01-27,SH.KC_300823,建科智能,专用设备,-1.9685719
4274,2025-01-24,SH.KC_300389,艾比森,光学光电子,-1.9685875
4275,2025-01-24,SH.ZB_600644,乐山电力,电力行业,-1.9686857
4276,2025-01-24,SZ.ZB_002412,汉森制药,中药,-1.9690752
4277,2025-01-24,SH.KC_300532,今天国际,互联网服务,-1.9693904
4278,2025-01-27,SZ.ZB_002566,益盛药业,中药,-1.9694195
4279,2025-01-24,SZ.ZB_000055,方大集团,装修装饰,-1.9694613
4280,2025-01-24,SZ.ZB_002716,湖南白银,贵金属,-1.9695123
4281,2025-01-24,SZ.ZB_000888,峨眉山Ａ,旅游酒店,-1.9696805
4282,2025-01-27,SH.ZB_601901,方正证券,证券,-1.9697763
4283,2025-01-24,SZ.ZB_002142,宁波银行,银行,-1.9698038
4284,2025-01-27,SH.ZB_600017,日照港,航运港口,-1.9702177
4285,2025-01-24,SZ.ZB_000626,远大控股,贸易行业,-1.9705191
4286,2025-01-27,SZ.ZB_002224,三 力 士,橡胶制品,-1.970557
4287,2025-01-24,SZ.ZB_000049,德赛电池,电池,-1.9708302
4288,2025-01-27,SH.ZB_600389,江山股份,农药兽药,-1.9709806
4289,2025-01-24,SH.KC_688180,君实生物-U,生物制品,-1.9712389
4290,2025-01-24,SH.KC_688176,亚虹医药-U,生物制品,-1.9712888
4291,2025-01-27,SH.ZB_600499,科达制造,专用设备,-1.9713637
4292,2025-01-24,SZ.ZB_002868,绿康生化,农药兽药,-1.9713802
4293,2025-01-24,SZ.ZB_002231,奥维通信,通信服务,-1.9714065
4294,2025-01-24,SH.KC_688609,九联科技,通信设备,-1.9717479
4295,2025-01-27,SH.KC_688173,希荻微,半导体,-1.9717839
4296,2025-01-24,SZ.ZB_001288,运机集团,工程机械,-1.9718326
4297,2025-01-24,SH.ZB_601166,兴业银行,银行,-1.9722115
4298,2025-01-27,SH.ZB_603169,兰石重装,专用设备,-1.9722255
4299,2025-01-27,SZ.ZB_000881,中广核技,化学制品,-1.9722631
4300,2025-01-24,SH.KC_300598,诚迈科技,软件开发,-1.9724759
4301,2025-01-27,SH.ZB_603321,梅轮电梯,专用设备,-1.9725773
4302,2025-01-24,SZ.ZB_002759,天际股份,电池,-1.97273
4303,2025-01-24,SH.KC_301360,荣旗科技,专用设备,-1.9727495
4304,2025-01-27,SZ.ZB_002946,新乳业,食品饮料,-1.9730207
4305,2025-01-24,SH.KC_688101,三达膜,环保行业,-1.9730899
4306,2025-01-27,SH.ZB_600770,综艺股份,综合行业,-1.9731166
4307,2025-01-27,SZ.ZB_002290,禾盛新材,家电行业,-1.9731481
4308,2025-01-27,SH.ZB_603203,快克智能,专用设备,-1.9732952
4309,2025-01-24,SH.KC_300975,商络电子,贸易行业,-1.9739065
4310,2025-01-24,SZ.ZB_000528,柳    工,工程机械,-1.9739715
4311,2025-01-24,SH.KC_688505,复旦张江,化学制药,-1.9741546
4312,2025-01-24,SZ.ZB_002706,良信股份,电网设备,-1.9743687
4313,2025-01-27,SH.KC_688799,华纳药厂,化学制药,-1.9745718
4314,2025-01-24,SH.ZB_603230,内蒙新华,文化传媒,-1.9748144
4315,2025-01-24,SZ.ZB_002434,万里扬,汽车零部件,-1.9751512
4316,2025-01-27,SH.ZB_603701,德宏股份,汽车零部件,-1.9752066
4317,2025-01-27,SH.KC_688256,寒武纪-U,半导体,-1.9752846
4318,2025-01-24,SH.ZB_601009,南京银行,银行,-1.9753158
4319,2025-01-27,SH.ZB_601005,重庆钢铁,钢铁行业,-1.9753731
4320,2025-01-27,SH.ZB_600063,皖维高新,化纤行业,-1.9756049
4321,2025-01-27,SH.KC_300455,航天智装,计算机设备,-1.9756969
4322,2025-01-24,SZ.ZB_000948,南天信息,软件开发,-1.9757047
4323,2025-01-27,SH.KC_300696,爱乐达,航天航空,-1.9759437
4324,2025-01-27,SH.KC_300143,盈康生命,医疗服务,-1.9760215
4325,2025-01-24,SH.KC_301592,六九一二,软件开发,-1.9760283
4326,2025-01-24,SH.ZB_603967,中创物流,物流行业,-1.9763619
4327,2025-01-24,SH.KC_300963,中洲特材,有色金属,-1.9763792
4328,2025-01-24,SH.KC_300779,惠城环保,环保行业,-1.9767228
4329,2025-01-24,SH.KC_300374,中铁装配,装修装饰,-1.976804
4330,2025-01-24,SH.ZB_600962,国投中鲁,食品饮料,-1.9768963
4331,2025-01-27,SH.KC_688396,华润微,半导体,-1.9770685
4332,2025-01-24,SZ.ZB_000663,永安林业,装修建材,-1.9770699
4333,2025-01-27,SH.ZB_600487,亨通光电,通信设备,-1.977125
4334,2025-01-24,SH.ZB_605167,利柏特,专用设备,-1.977248
4335,2025-01-27,SZ.ZB_002376,新北洋,计算机设备,-1.9775169
4336,2025-01-27,SZ.ZB_002006,精工科技,专用设备,-1.9775643
4337,2025-01-27,SH.ZB_603179,新泉股份,汽车零部件,-1.9775712
4338,2025-01-27,SZ.ZB_002860,星帅尔,家电行业,-1.9777242
4339,2025-01-24,SH.ZB_600590,泰豪科技,电网设备,-1.9779513
4340,2025-01-24,SH.KC_300435,中泰股份,燃气,-1.9780524
4341,2025-01-27,SZ.ZB_000722,湖南发展,电力行业,-1.9783309
4342,2025-01-24,SH.KC_300478,杭州高新,塑料制品,-1.9785607
4343,2025-01-24,SH.ZB_601600,中国铝业,有色金属,-1.9785765
4344,2025-01-27,SH.ZB_603117,万林物流,物流行业,-1.9785775
4345,2025-01-27,SH.KC_301046,能辉科技,光伏设备,-1.9785821
4346,2025-01-27,SH.KC_300736,百邦科技,通信服务,-1.9787524
4347,2025-01-24,SH.ZB_600229,城市传媒,文化传媒,-1.9788702
4348,2025-01-27,SH.ZB_603867,新化股份,化学制品,-1.9788746
4349,2025-01-27,SZ.ZB_002578,闽发铝业,有色金属,-1.9789085
4350,2025-01-24,SH.KC_301395,仁信新材,化学原料,-1.9789796
4351,2025-01-27,SZ.ZB_002863,今飞凯达,汽车零部件,-1.979052
4352,2025-01-24,SH.KC_300893,松原股份,汽车零部件,-1.9790958
4353,2025-01-27,SH.KC_688100,威胜信息,通信设备,-1.9791728
4354,2025-01-27,SZ.ZB_001288,运机集团,工程机械,-1.9792057
4355,2025-01-27,SH.ZB_603726,朗迪集团,家电行业,-1.9792273
4356,2025-01-27,SH.KC_300859,西域旅游,旅游酒店,-1.9793402
4357,2025-01-24,SH.ZB_603558,健盛集团,纺织服装,-1.9794338
4358,2025-01-24,SZ.ZB_002377,国创高新,化学制品,-1.9794993
4359,2025-01-27,SH.ZB_603767,中马传动,汽车零部件,-1.9795289
4360,2025-01-27,SZ.ZB_002636,金安国纪,电子元件,-1.979669
4361,2025-01-27,SZ.ZB_002807,江阴银行,银行,-1.9797126
4362,2025-01-27,SH.KC_688139,海尔生物,医疗器械,-1.9797839
4363,2025-01-24,SH.KC_300193,佳士科技,通用设备,-1.9798111
4364,2025-01-27,SH.ZB_600667,太极实业,工程建设,-1.9799755
4365,2025-01-24,SH.KC_300989,蕾奥规划,工程咨询服务,-1.9800335
4366,2025-01-24,SH.KC_300813,泰林生物,医疗器械,-1.9800739
4367,2025-01-27,SH.KC_301219,腾远钴业,能源金属,-1.9802276
4368,2025-01-27,SH.KC_300905,宝丽迪,塑料制品,-1.9802743
4369,2025-01-27,SH.KC_688012,中微公司,半导体,-1.9803097
4370,2025-01-27,SH.KC_301155,海力风电,风电设备,-1.9806336
4371,2025-01-24,SH.ZB_600318,新力金融,多元金融,-1.9806583
4372,2025-01-24,SH.ZB_605499,东鹏饮料,食品饮料,-1.9806961
4373,2025-01-27,SH.ZB_601288,农业银行,银行,-1.980818
4374,2025-01-27,SZ.ZB_002537,海联金汇,汽车零部件,-1.9808452
4375,2025-01-27,SH.KC_300181,佐力药业,中药,-1.9808652
4376,2025-01-27,SZ.ZB_000802,北京文化,文化传媒,-1.9808894
4377,2025-01-24,SH.KC_300283,温州宏丰,电网设备,-1.98097
4378,2025-01-24,SH.ZB_603693,江苏新能,电力行业,-1.9810733
4379,2025-01-27,SH.ZB_603048,浙江黎明,汽车零部件,-1.9811269
4380,2025-01-27,SH.KC_300083,创世纪,通用设备,-1.9812733
4381,2025-01-27,SH.KC_300316,晶盛机电,光伏设备,-1.9815967
4382,2025-01-24,SZ.ZB_000551,创元科技,环保行业,-1.9816356
4383,2025-01-27,SZ.ZB_002328,新朋股份,汽车零部件,-1.9816504
4384,2025-01-27,SZ.ZB_002672,东江环保,环保行业,-1.9817137
4385,2025-01-27,SH.ZB_603201,常润股份,汽车零部件,-1.9820918
4386,2025-01-24,SH.ZB_601098,中南传媒,文化传媒,-1.9821668
4387,2025-01-27,SH.ZB_601187,厦门银行,银行,-1.9823515
4388,2025-01-24,SZ.ZB_001317,三羊马,物流行业,-1.9823916
4389,2025-01-24,SZ.ZB_002501,利源股份,有色金属,-1.9825538
4390,2025-01-24,SH.KC_300713,英可瑞,电源设备,-1.9826356
4391,2025-01-24,SH.KC_301618,长联科技,化学制品,-1.9826453
4392,2025-01-24,SH.ZB_605298,必得科技,交运设备,-1.9828227
4393,2025-01-24,SH.ZB_600312,平高电气,电网设备,-1.9834588
4394,2025-01-24,SZ.ZB_000750,国海证券,证券,-1.9834673
4395,2025-01-27,SH.ZB_603131,上海沪工,通用设备,-1.9834814
4396,2025-01-24,SZ.ZB_000430,张家界,旅游酒店,-1.983719
4397,2025-01-27,SH.KC_300019,硅宝科技,化学制品,-1.9838446
4398,2025-01-27,SH.KC_300288,朗玛信息,互联网服务,-1.9843506
4399,2025-01-27,SZ.ZB_000626,远大控股,贸易行业,-1.9844707
4400,2025-01-27,SH.ZB_603757,大元泵业,通用设备,-1.9844857
4401,2025-01-24,SH.KC_300346,南大光电,电子化学品,-1.984716
4402,2025-01-27,SZ.ZB_003020,立方制药,化学制药,-1.984923
4403,2025-01-27,SH.ZB_603596,伯特利,汽车零部件,-1.9849681
4404,2025-01-24,SZ.ZB_002939,长城证券,证券,-1.9853419
4405,2025-01-24,SH.KC_300144,宋城演艺,旅游酒店,-1.9853947
4406,2025-01-27,SH.ZB_603219,富佳股份,家电行业,-1.9854866
4407,2025-01-27,SH.KC_300813,泰林生物,医疗器械,-1.9854937
4408,2025-01-27,SH.ZB_601133,柏诚股份,工程建设,-1.9856496
4409,2025-01-24,SZ.ZB_002201,正威新材,玻璃玻纤,-1.9858887
4410,2025-01-24,SH.ZB_601005,重庆钢铁,钢铁行业,-1.9859629
4411,2025-01-27,SZ.ZB_001203,大中矿业,钢铁行业,-1.9861162
4412,2025-01-27,SH.KC_300490,华自科技,电网设备,-1.9862033
4413,2025-01-24,SZ.ZB_002401,中远海科,互联网服务,-1.9863803
4414,2025-01-24,SH.KC_301303,真兰仪表,仪器仪表,-1.9864317
4415,2025-01-27,SZ.ZB_002628,成都路桥,工程建设,-1.9865863
4416,2025-01-27,SH.KC_301348,蓝箭电子,半导体,-1.9866515
4417,2025-01-27,SH.ZB_600107,美尔雅,纺织服装,-1.986789
4418,2025-01-27,SH.KC_688352,颀中科技,半导体,-1.98681
4419,2025-01-24,SH.ZB_605599,菜百股份,珠宝首饰,-1.9869181
4420,2025-01-24,SH.ZB_600131,国网信通,互联网服务,-1.9869611
4421,2025-01-27,SH.KC_300077,国民技术,半导体,-1.9869947
4422,2025-01-27,SH.ZB_603739,蔚蓝生物,农牧饲渔,-1.987404
4423,2025-01-24,SH.ZB_600031,三一重工,工程机械,-1.987452
4424,2025-01-27,SH.ZB_600800,渤海化学,化学制品,-1.9875275
4425,2025-01-24,SZ.ZB_002223,鱼跃医疗,医疗器械,-1.9876126
4426,2025-01-27,SH.KC_688383,新益昌,专用设备,-1.9877009
4427,2025-01-27,SH.KC_300507,苏奥传感,汽车零部件,-1.987816
4428,2025-01-24,SH.ZB_605337,李子园,食品饮料,-1.9881368
4429,2025-01-27,SH.ZB_600477,杭萧钢构,水泥建材,-1.9881742
4430,2025-01-24,SH.ZB_601001,晋控煤业,煤炭行业,-1.9885968
4431,2025-01-27,SH.ZB_600644,乐山电力,电力行业,-1.9888833
4432,2025-01-27,SH.KC_301170,锡南科技,汽车零部件,-1.9888854
4433,2025-01-27,SH.ZB_605188,国光连锁,商业百货,-1.9892912
4434,2025-01-24,SZ.ZB_000767,晋控电力,电力行业,-1.9894066
4435,2025-01-27,SZ.ZB_003030,祖名股份,食品饮料,-1.9894997
4436,2025-01-27,SH.ZB_600039,四川路桥,工程建设,-1.989554
4437,2025-01-27,SH.ZB_601101,昊华能源,煤炭行业,-1.9895879
4438,2025-01-24,SH.KC_300907,康平科技,电机,-1.9896286
4439,2025-01-27,SH.ZB_603137,恒尚节能,装修建材,-1.9896493
4440,2025-01-24,SH.ZB_603353,和顺石油,石油行业,-1.9901464
4441,2025-01-27,SH.KC_301360,荣旗科技,专用设备,-1.9901758
4442,2025-01-27,SH.ZB_600108,亚盛集团,农牧饲渔,-1.9901928
4443,2025-01-24,SH.KC_301232,飞沃科技,风电设备,-1.9902401
4444,2025-01-24,SH.KC_301065,本立科技,化学原料,-1.9904071
4445,2025-01-24,SZ.ZB_002237,恒邦股份,贵金属,-1.9905819
4446,2025-01-24,SH.KC_688016,心脉医疗,医疗器械,-1.9905882
4447,2025-01-24,SH.KC_301125,腾亚精工,通用设备,-1.9907886
4448,2025-01-27,SZ.ZB_000025,特  力Ａ,珠宝首饰,-1.9907978
4449,2025-01-24,SZ.ZB_002948,青岛银行,银行,-1.9910636
4450,2025-01-24,SH.KC_301229,纽泰格,汽车零部件,-1.9911956
4451,2025-01-24,SH.KC_300098,高新兴,软件开发,-1.9912349
4452,2025-01-24,SH.ZB_600137,浪莎股份,纺织服装,-1.9912885
4453,2025-01-27,SH.ZB_603102,百合股份,食品饮料,-1.9913174
4454,2025-01-27,SH.ZB_603091,众鑫股份,家用轻工,-1.9913945
4455,2025-01-27,SH.ZB_600639,浦东金桥,房地产开发,-1.9914303
4456,2025-01-24,SH.KC_300909,汇创达,光学光电子,-1.9919168
4457,2025-01-27,SH.ZB_605090,九丰能源,燃气,-1.9920458
4458,2025-01-24,SH.KC_300154,瑞凌股份,通用设备,-1.9922565
4459,2025-01-27,SH.KC_300787,海能实业,消费电子,-1.992434
4460,2025-01-27,SZ.ZB_002819,东方中科,仪器仪表,-1.9925674
4461,2025-01-24,SZ.ZB_002219,新里程,医疗服务,-1.9926839
4462,2025-01-27,SH.KC_688310,迈得医疗,专用设备,-1.9926984
4463,2025-01-27,SZ.ZB_002412,汉森制药,中药,-1.9927346
4464,2025-01-27,SH.KC_688237,超卓航科,航天航空,-1.9927919
4465,2025-01-24,SH.KC_688549,中巨芯-U,电子化学品,-1.9928734
4466,2025-01-27,SZ.ZB_002138,顺络电子,电子元件,-1.9932196
4467,2025-01-24,SH.ZB_603321,梅轮电梯,专用设备,-1.9934946
4468,2025-01-24,SH.ZB_605098,行动教育,教育,-1.9936476
4469,2025-01-27,SH.ZB_603558,健盛集团,纺织服装,-1.994038
4470,2025-01-27,SH.KC_300867,圣元环保,环保行业,-1.9941144
4471,2025-01-24,SH.ZB_603013,亚普股份,汽车零部件,-1.9944657
4472,2025-01-27,SH.ZB_603186,华正新材,电子元件,-1.9947671
4473,2025-01-27,SH.ZB_600096,云天化,化肥行业,-1.9947973
4474,2025-01-27,SH.KC_688072,拓荆科技,半导体,-1.9952118
4475,2025-01-24,SZ.ZB_002462,嘉事堂,医药商业,-1.9952649
4476,2025-01-27,SH.KC_688432,有研硅,半导体,-1.9952788
4477,2025-01-27,SH.KC_301277,新天地,化学制药,-1.9955767
4478,2025-01-27,SH.ZB_603819,神力股份,电机,-1.9956632
4479,2025-01-27,SH.KC_300631,久吾高科,环保行业,-1.995708
4480,2025-01-24,SZ.ZB_002238,天威视讯,文化传媒,-1.9957914
4481,2025-01-24,SH.ZB_603069,海汽集团,铁路公路,-1.9958192
4482,2025-01-24,SH.ZB_600223,福瑞达,生物制品,-1.995874
4483,2025-01-27,SZ.ZB_002445,中南文化,通用设备,-1.9958949
4484,2025-01-27,SH.KC_300834,星辉环材,化学原料,-1.996029
4485,2025-01-24,SH.KC_301099,雅创电子,贸易行业,-1.9961798
4486,2025-01-27,SZ.ZB_002179,中航光电,电子元件,-1.9963663
4487,2025-01-27,SH.KC_300443,金雷股份,风电设备,-1.9965122
4488,2025-01-24,SH.KC_688281,华秦科技,非金属材料,-1.9966354
4489,2025-01-27,SZ.ZB_002849,威星智能,仪器仪表,-1.9967175
4490,2025-01-24,SZ.ZB_001234,泰慕士,纺织服装,-1.9967202
4491,2025-01-24,SZ.ZB_002322,理工能科,软件开发,-1.9967618
4492,2025-01-24,SH.ZB_603477,巨星农牧,农牧饲渔,-1.9969126
4493,2025-01-24,SH.ZB_601599,浙文影业,纺织服装,-1.9972382
4494,2025-01-27,SH.ZB_603602,纵横通信,通信服务,-1.9972805
4495,2025-01-27,SH.ZB_600928,西安银行,银行,-1.9973625
4496,2025-01-27,SZ.ZB_002641,公元股份,装修建材,-1.9974527
4497,2025-01-24,SH.ZB_600012,皖通高速,铁路公路,-1.9977096
4498,2025-01-27,SH.KC_688170,德龙激光,专用设备,-1.9977527
4499,2025-01-24,SH.KC_688066,航天宏图,航天航空,-1.9979488
4500,2025-01-24,SZ.ZB_000010,美丽生态,工程建设,-1.9980168
4501,2025-01-24,SZ.ZB_002235,安妮股份,造纸印刷,-1.99842
4502,2025-01-24,SZ.ZB_000951,中国重汽,汽车整车,-1.9985927
4503,2025-01-27,SH.KC_300939,秋田微,光学光电子,-1.9986678
4504,2025-01-27,SH.ZB_603217,元利科技,化学制品,-1.9988
4505,2025-01-24,SH.KC_688548,广钢气体,电子化学品,-1.9988017
4506,2025-01-27,SH.ZB_600822,上海物贸,汽车服务,-1.9988924
4507,2025-01-27,SH.ZB_603980,吉华集团,化学制品,-1.9989216
4508,2025-01-27,SH.ZB_600648,外高桥,房地产开发,-1.998971
4509,2025-01-27,SZ.ZB_002152,广电运通,计算机设备,-1.9990523
4510,2025-01-27,SH.KC_300032,金龙机电,消费电子,-1.9994352
4511,2025-01-24,SH.KC_300290,荣科科技,互联网服务,-1.999556
4512,2025-01-27,SH.ZB_600489,中金黄金,贵金属,-1.9995755
4513,2025-01-27,SZ.ZB_002451,摩恩电气,电网设备,-1.9995828
4514,2025-01-24,SH.ZB_603650,彤程新材,橡胶制品,-1.9996136
4515,2025-01-24,SH.ZB_600081,东风科技,汽车零部件,-1.9996368
4516,2025-01-27,SH.ZB_600162,香江控股,房地产开发,-1.9998736
4517,2025-01-24,SH.ZB_600366,宁波韵升,小金属,-1.999901
4518,2025-01-24,SZ.ZB_001376,百通能源,公用事业,-1.999916
4519,2025-01-27,SZ.ZB_001209,洪兴股份,纺织服装,-1.9999189
4520,2025-01-24,SH.KC_301223,中荣股份,包装材料,-2.0000153
4521,2025-01-24,SZ.ZB_002885,京泉华,消费电子,-2.000219
4522,2025-01-27,SH.KC_300057,万顺新材,有色金属,-2.000271
4523,2025-01-27,SZ.ZB_002170,芭田股份,化肥行业,-2.0004559
4524,2025-01-27,SZ.ZB_001376,百通能源,公用事业,-2.0009665
4525,2025-01-24,SZ.ZB_002668,TCL智家,家电行业,-2.0010636
4526,2025-01-27,SZ.ZB_002065,东华软件,软件开发,-2.0010765
4527,2025-01-24,SH.ZB_600503,华丽家族,房地产开发,-2.0012789
4528,2025-01-24,SH.ZB_601688,华泰证券,证券,-2.0013
4529,2025-01-24,SZ.ZB_002648,卫星化学,化学原料,-2.0013664
4530,2025-01-27,SH.KC_300141,和顺电气,电网设备,-2.0014548
4531,2025-01-27,SH.ZB_601166,兴业银行,银行,-2.0019186
4532,2025-01-24,SH.KC_300942,易瑞生物,化学制药,-2.0019913
4533,2025-01-24,SH.ZB_601609,金田股份,有色金属,-2.0020804
4534,2025-01-27,SH.KC_301131,聚赛龙,塑料制品,-2.0022428
4535,2025-01-24,SZ.ZB_000863,三湘印象,房地产开发,-2.0023468
4536,2025-01-24,SH.ZB_600976,健民集团,中药,-2.0028646
4537,2025-01-24,SH.KC_688202,美迪西,医疗服务,-2.0029233
4538,2025-01-24,SH.KC_300314,戴维医疗,医疗器械,-2.003064
4539,2025-01-24,SH.KC_300786,国林科技,环保行业,-2.0030956
4540,2025-01-24,SZ.ZB_002991,甘源食品,食品饮料,-2.0032334
4541,2025-01-27,SZ.ZB_002739,万达电影,文化传媒,-2.0034363
4542,2025-01-24,SZ.ZB_002623,亚玛顿,光伏设备,-2.003711
4543,2025-01-24,SZ.ZB_002863,今飞凯达,汽车零部件,-2.0038872
4544,2025-01-27,SH.KC_300334,津膜科技,环保行业,-2.0041611
4545,2025-01-24,SH.KC_301611,珂玛科技,非金属材料,-2.0043807
4546,2025-01-24,SH.KC_300689,澄天伟业,通信设备,-2.0044262
4547,2025-01-24,SH.ZB_600754,锦江酒店,旅游酒店,-2.0044725
4548,2025-01-24,SH.ZB_600776,东方通信,通信设备,-2.0048206
4549,2025-01-24,SZ.ZB_000786,北新建材,装修建材,-2.0048451
4550,2025-01-27,SH.ZB_600581,八一钢铁,钢铁行业,-2.0050387
4551,2025-01-27,SH.KC_688128,中国电研,专用设备,-2.00526
4552,2025-01-27,SH.KC_300095,华伍股份,通用设备,-2.0054412
4553,2025-01-27,SZ.ZB_002717,岭南股份,环保行业,-2.0056162
4554,2025-01-27,SH.ZB_603787,新日股份,交运设备,-2.0056522
4555,2025-01-27,SH.ZB_600650,锦江在线,铁路公路,-2.0056746
4556,2025-01-27,SZ.ZB_000514,渝 开 发,房地产开发,-2.0060685
4557,2025-01-27,SH.ZB_603153,上海建科,工程咨询服务,-2.0061016
4558,2025-01-24,SH.KC_688733,壹石通,非金属材料,-2.0061753
4559,2025-01-24,SZ.ZB_000766,通化金马,化学制药,-2.0065444
4560,2025-01-24,SH.ZB_603338,浙江鼎力,工程机械,-2.0068088
4561,2025-01-24,SH.KC_300751,迈为股份,光伏设备,-2.0068614
4562,2025-01-24,SZ.ZB_000403,派林生物,生物制品,-2.006865
4563,2025-01-27,SH.ZB_603127,昭衍新药,医疗服务,-2.006916
4564,2025-01-24,SH.ZB_603215,比依股份,家电行业,-2.0069935
4565,2025-01-24,SZ.ZB_001278,一彬科技,汽车零部件,-2.0070498
4566,2025-01-27,SH.ZB_600248,陕建股份,工程建设,-2.0070517
4567,2025-01-27,SH.ZB_603693,江苏新能,电力行业,-2.007173
4568,2025-01-27,SH.ZB_600679,上海凤凰,交运设备,-2.007187
4569,2025-01-27,SZ.ZB_002192,融捷股份,能源金属,-2.007638
4570,2025-01-27,SH.ZB_603026,石大胜华,化学制品,-2.0077999
4571,2025-01-27,SZ.ZB_002365,永安药业,化学制药,-2.007885
4572,2025-01-27,SH.KC_300568,星源材质,电池,-2.007938
4573,2025-01-24,SH.KC_300281,金明精机,专用设备,-2.0085006
4574,2025-01-24,SZ.ZB_003003,天元股份,包装材料,-2.0085485
4575,2025-01-27,SH.ZB_603588,高能环境,环保行业,-2.008904
4576,2025-01-27,SH.KC_300554,三超新材,通用设备,-2.0089784
4577,2025-01-24,SH.ZB_600016,民生银行,银行,-2.0090141
4578,2025-01-24,SZ.ZB_002145,中核钛白,化学原料,-2.0091414
4579,2025-01-24,SZ.ZB_002957,科瑞技术,专用设备,-2.0092447
4580,2025-01-27,SH.KC_301161,唯万密封,塑料制品,-2.0092537
4581,2025-01-27,SH.KC_688330,宏力达,电网设备,-2.0094562
4582,2025-01-27,SH.ZB_603000,人民网,文化传媒,-2.0097542
4583,2025-01-27,SH.KC_300112,万讯自控,仪器仪表,-2.0097618
4584,2025-01-24,SH.ZB_600295,鄂尔多斯,钢铁行业,-2.0099
4585,2025-01-27,SH.KC_300912,凯龙高科,汽车零部件,-2.010013
4586,2025-01-24,SZ.ZB_002731,萃华珠宝,珠宝首饰,-2.0100605
4587,2025-01-27,SH.ZB_600760,中航沈飞,航天航空,-2.0101647
4588,2025-01-27,SH.KC_300662,科锐国际,专业服务,-2.0101774
4589,2025-01-27,SH.ZB_600079,人福医药,化学制药,-2.010183
4590,2025-01-24,SZ.ZB_002572,索菲亚,装修建材,-2.0104144
4591,2025-01-24,SH.ZB_601811,新华文轩,文化传媒,-2.0109982
4592,2025-01-27,SZ.ZB_002937,兴瑞科技,消费电子,-2.0113869
4593,2025-01-27,SH.KC_300456,赛微电子,半导体,-2.011406
4594,2025-01-27,SH.KC_300643,万通智控,汽车零部件,-2.0114205
4595,2025-01-27,SH.ZB_600493,凤竹纺织,纺织服装,-2.011589
4596,2025-01-24,SH.KC_688772,珠海冠宇,电池,-2.011818
4597,2025-01-24,SH.ZB_600643,爱建集团,多元金融,-2.0119007
4598,2025-01-24,SH.ZB_603139,康惠制药,中药,-2.0119114
4599,2025-01-27,SZ.ZB_002448,中原内配,汽车零部件,-2.012046
4600,2025-01-27,SH.KC_688602,康鹏科技,化学制品,-2.0121686
4601,2025-01-27,SZ.ZB_002722,物产金轮,纺织服装,-2.0123963
4602,2025-01-24,SH.KC_300334,津膜科技,环保行业,-2.0125508
4603,2025-01-24,SZ.ZB_002167,东方锆业,小金属,-2.0127244
4604,2025-01-24,SH.KC_300636,同和药业,化学制药,-2.0127785
4605,2025-01-24,SH.KC_301286,侨源股份,化学原料,-2.0130236
4606,2025-01-24,SZ.ZB_002533,金杯电工,电网设备,-2.0132766
4607,2025-01-24,SH.KC_688298,东方生物,医疗器械,-2.0134113
4608,2025-01-27,SH.ZB_600941,中国移动,通信服务,-2.013574
4609,2025-01-27,SZ.ZB_000826,启迪环境,环保行业,-2.0135918
4610,2025-01-27,SH.KC_301376,致欧科技,家用轻工,-2.0142524
4611,2025-01-24,SH.KC_688055,龙腾光电,光学光电子,-2.0143635
4612,2025-01-24,SH.KC_300189,神农种业,农牧饲渔,-2.01445
4613,2025-01-27,SZ.ZB_002338,奥普光电,仪器仪表,-2.0145276
4614,2025-01-27,SH.KC_301257,普蕊斯,医疗服务,-2.0146368
4615,2025-01-24,SH.ZB_600522,中天科技,通信设备,-2.014642
4616,2025-01-27,SZ.ZB_000850,华茂股份,纺织服装,-2.014665
4617,2025-01-27,SH.KC_688366,昊海生科,医疗器械,-2.0148478
4618,2025-01-24,SH.KC_301353,普莱得,通用设备,-2.0148637
4619,2025-01-27,SH.ZB_603112,华翔股份,家电行业,-2.0148916
4620,2025-01-24,SZ.ZB_002982,湘佳股份,农牧饲渔,-2.0149238
4621,2025-01-24,SH.KC_688648,中邮科技,通用设备,-2.0150392
4622,2025-01-24,SH.ZB_600685,中船防务,船舶制造,-2.0151885
4623,2025-01-24,SH.ZB_601949,中国出版,文化传媒,-2.0152287
4624,2025-01-24,SH.ZB_605259,绿田机械,通用设备,-2.0156085
4625,2025-01-24,SH.KC_688096,京源环保,环保行业,-2.0156898
4626,2025-01-24,SZ.ZB_000719,中原传媒,文化传媒,-2.0157018
4627,2025-01-24,SH.ZB_603181,皇马科技,塑料制品,-2.0157697
4628,2025-01-24,SZ.ZB_002378,章源钨业,小金属,-2.0159388
4629,2025-01-27,SH.ZB_600675,中华企业,房地产开发,-2.016067
4630,2025-01-24,SH.KC_301055,张小泉,通用设备,-2.0160832
4631,2025-01-24,SH.ZB_601872,招商轮船,航运港口,-2.0161607
4632,2025-01-24,SZ.ZB_001202,炬申股份,物流行业,-2.0162709
4633,2025-01-24,SZ.ZB_002856,美芝股份,装修装饰,-2.0163898
4634,2025-01-24,SH.KC_300238,冠昊生物,医疗器械,-2.0164096
4635,2025-01-27,SH.ZB_603390,通达电气,汽车零部件,-2.0172715
4636,2025-01-27,SZ.ZB_002090,金智科技,电网设备,-2.0173428
4637,2025-01-24,SH.ZB_601111,中国国航,航空机场,-2.0174737
4638,2025-01-27,SH.KC_300220,金运激光,电子元件,-2.0176592
4639,2025-01-27,SH.ZB_600551,时代出版,文化传媒,-2.017694
4640,2025-01-27,SH.KC_688728,格科微,半导体,-2.0180128
4641,2025-01-27,SZ.ZB_001914,招商积余,房地产服务,-2.0180993
4642,2025-01-27,SH.ZB_603318,水发燃气,燃气,-2.0181293
4643,2025-01-27,SH.KC_688385,复旦微电,半导体,-2.0182893
4644,2025-01-27,SH.KC_300094,国联水产,食品饮料,-2.01855
4645,2025-01-24,SZ.ZB_001286,陕西能源,电力行业,-2.0187562
4646,2025-01-27,SZ.ZB_002069,獐子岛,农牧饲渔,-2.0188022
4647,2025-01-24,SH.ZB_603127,昭衍新药,医疗服务,-2.018843
4648,2025-01-27,SH.ZB_601098,中南传媒,文化传媒,-2.0191486
4649,2025-01-24,SH.ZB_605009,豪悦护理,美容护理,-2.01923
4650,2025-01-24,SH.ZB_603099,长白山,旅游酒店,-2.0192509
4651,2025-01-27,SZ.ZB_001336,楚环科技,专用设备,-2.0194912
4652,2025-01-27,SZ.ZB_000531,穗恒运Ａ,电力行业,-2.019506
4653,2025-01-27,SH.ZB_605183,确成股份,橡胶制品,-2.0197768
4654,2025-01-27,SZ.ZB_000719,中原传媒,文化传媒,-2.019824
4655,2025-01-27,SH.KC_300404,博济医药,医疗服务,-2.019834
4656,2025-01-24,SH.KC_301217,铜冠铜箔,电子元件,-2.0202007
4657,2025-01-27,SH.ZB_600025,华能水电,电力行业,-2.020224
4658,2025-01-27,SH.KC_301058,中粮科工,工程建设,-2.0203278
4659,2025-01-27,SH.ZB_603105,芯能科技,光伏设备,-2.0203352
4660,2025-01-27,SH.KC_301313,凡拓数创,软件开发,-2.0205028
4661,2025-01-27,SH.ZB_603387,基蛋生物,医疗器械,-2.020793
4662,2025-01-27,SZ.ZB_002243,力合科创,美容护理,-2.0208926
4663,2025-01-27,SH.ZB_601225,陕西煤业,煤炭行业,-2.0209527
4664,2025-01-27,SH.KC_300197,节能铁汉,环保行业,-2.02105
4665,2025-01-24,SH.KC_300018,中元股份,电网设备,-2.021171
4666,2025-01-24,SH.KC_300373,扬杰科技,半导体,-2.0212362
4667,2025-01-27,SH.KC_688189,南新制药,化学制药,-2.0212674
4668,2025-01-27,SH.ZB_600379,宝光股份,电网设备,-2.0213337
4669,2025-01-27,SH.ZB_603687,大胜达,包装材料,-2.021352
4670,2025-01-27,SH.ZB_600824,益民集团,商业百货,-2.0214028
4671,2025-01-27,SZ.ZB_002640,跨境通,贸易行业,-2.0214715
4672,2025-01-27,SH.KC_301626,苏州天脉,消费电子,-2.021485
4673,2025-01-24,SZ.ZB_000821,京山轻机,光伏设备,-2.0216315
4674,2025-01-24,SZ.ZB_002831,裕同科技,造纸印刷,-2.0216908
4675,2025-01-27,SH.ZB_603982,泉峰汽车,汽车零部件,-2.0218153
4676,2025-01-27,SH.KC_300937,药易购,医药商业,-2.02191
4677,2025-01-27,SH.KC_688496,清越科技,电子元件,-2.0219226
4678,2025-01-27,SH.ZB_605009,豪悦护理,美容护理,-2.0219254
4679,2025-01-27,SH.ZB_600221,海航控股,航空机场,-2.0221636
4680,2025-01-27,SZ.ZB_002203,海亮股份,有色金属,-2.0224383
4681,2025-01-27,SZ.ZB_002088,鲁阳节能,装修建材,-2.0224674
4682,2025-01-27,SH.KC_301488,豪恩汽电,汽车零部件,-2.0228705
4683,2025-01-24,SH.KC_688665,四方光电,仪器仪表,-2.0229328
4684,2025-01-24,SH.KC_301135,瑞德智能,消费电子,-2.0232863
4685,2025-01-27,SH.ZB_600883,博闻科技,农牧饲渔,-2.023629
4686,2025-01-27,SH.KC_301283,聚胶股份,化学制品,-2.0236702
4687,2025-01-24,SZ.ZB_002449,国星光电,光学光电子,-2.0238922
4688,2025-01-27,SH.ZB_600212,绿能慧充,电力行业,-2.024045
4689,2025-01-27,SH.KC_301308,江波龙,半导体,-2.0241015
4690,2025-01-27,SH.ZB_603818,曲美家居,装修建材,-2.0241487
4691,2025-01-27,SH.KC_688312,燕麦科技,专用设备,-2.0242975
4692,2025-01-27,SZ.ZB_002535,林州重机,专用设备,-2.0243096
4693,2025-01-27,SH.KC_300212,易华录,互联网服务,-2.0244067
4694,2025-01-24,SH.KC_688395,正弦电气,电机,-2.0246599
4695,2025-01-24,SH.KC_688085,三友医疗,医疗器械,-2.0247474
4696,2025-01-24,SH.ZB_600115,中国东航,航空机场,-2.0249043
4697,2025-01-27,SH.ZB_603755,日辰股份,食品饮料,-2.024935
4698,2025-01-27,SH.ZB_600505,西昌电力,电力行业,-2.0249698
4699,2025-01-27,SH.ZB_600919,江苏银行,银行,-2.0251417
4700,2025-01-24,SH.ZB_600108,亚盛集团,农牧饲渔,-2.0251462
4701,2025-01-24,SH.ZB_600435,北方导航,通信设备,-2.0253558
4702,2025-01-24,SH.KC_688513,苑东生物,化学制药,-2.0254633
4703,2025-01-27,SZ.ZB_002573,清新环境,环保行业,-2.0258493
4704,2025-01-27,SH.ZB_600563,法拉电子,电子元件,-2.0261774
4705,2025-01-24,SH.KC_301293,三博脑科,医疗服务,-2.0262806
4706,2025-01-24,SH.KC_301180,万祥科技,消费电子,-2.0263698
4707,2025-01-27,SH.KC_300371,汇中股份,仪器仪表,-2.026428
4708,2025-01-24,SH.KC_688403,汇成股份,半导体,-2.0265102
4709,2025-01-24,SZ.ZB_002410,广联达,软件开发,-2.0265245
4710,2025-01-24,SH.ZB_600159,大龙地产,房地产开发,-2.0265653
4711,2025-01-24,SH.ZB_600860,京城股份,通用设备,-2.0266836
4712,2025-01-27,SZ.ZB_002166,莱茵生物,中药,-2.0267117
4713,2025-01-27,SZ.ZB_002187,广百股份,商业百货,-2.0267775
4714,2025-01-27,SH.ZB_600486,扬农化工,农药兽药,-2.0270078
4715,2025-01-24,SH.KC_301091,深城交,工程咨询服务,-2.0271287
4716,2025-01-24,SH.ZB_605500,森林包装,造纸印刷,-2.0273163
4717,2025-01-24,SH.ZB_603116,红蜻蜓,纺织服装,-2.0274818
4718,2025-01-24,SZ.ZB_000970,中科三环,小金属,-2.027482
4719,2025-01-24,SH.KC_301367,怡和嘉业,医疗器械,-2.0275002
4720,2025-01-27,SZ.ZB_001311,多利科技,汽车零部件,-2.0279684
4721,2025-01-24,SH.KC_688709,成都华微,半导体,-2.0280929
4722,2025-01-24,SH.ZB_600406,国电南瑞,电网设备,-2.0281298
4723,2025-01-24,SH.ZB_603006,联明股份,汽车零部件,-2.0281394
4724,2025-01-24,SH.KC_300206,理邦仪器,医疗器械,-2.0282633
4725,2025-01-27,SZ.ZB_002521,齐峰新材,造纸印刷,-2.028819
4726,2025-01-24,SH.ZB_601825,沪农商行,银行,-2.0288713
4727,2025-01-24,SZ.ZB_002152,广电运通,计算机设备,-2.0288982
4728,2025-01-24,SH.ZB_601838,成都银行,银行,-2.0289633
4729,2025-01-27,SH.KC_301108,洁雅股份,纺织服装,-2.0292943
4730,2025-01-27,SZ.ZB_002623,亚玛顿,光伏设备,-2.0294614
4731,2025-01-24,SH.ZB_603283,赛腾股份,专用设备,-2.0294707
4732,2025-01-27,SH.KC_688370,丛麟科技,环保行业,-2.0295162
4733,2025-01-27,SH.ZB_603601,再升科技,玻璃玻纤,-2.029517
4734,2025-01-27,SH.KC_688130,晶华微,半导体,-2.0296397
4735,2025-01-27,SZ.ZB_000987,越秀资本,多元金融,-2.0296402
4736,2025-01-27,SH.ZB_603165,荣晟环保,造纸印刷,-2.029672
4737,2025-01-27,SH.KC_300193,佳士科技,通用设备,-2.0299222
4738,2025-01-27,SH.ZB_603162,海通发展,航运港口,-2.0299354
4739,2025-01-27,SH.KC_300628,亿联网络,通信设备,-2.029952
4740,2025-01-27,SZ.ZB_002303,美盈森,包装材料,-2.0301058
4741,2025-01-27,SH.KC_300931,通用电梯,专用设备,-2.030151
4742,2025-01-27,SH.ZB_600027,华电国际,电力行业,-2.0302143
4743,2025-01-27,SZ.ZB_000058,深 赛 格,商业百货,-2.0302958
4744,2025-01-27,SH.ZB_600718,东软集团,互联网服务,-2.0303948
4745,2025-01-27,SH.ZB_603871,嘉友国际,物流行业,-2.0304942
4746,2025-01-27,SH.KC_688379,华光新材,通用设备,-2.0305772
4747,2025-01-27,SH.KC_301278,快可电子,光伏设备,-2.0306304
4748,2025-01-24,SH.KC_301176,逸豪新材,电子元件,-2.0306728
4749,2025-01-27,SH.ZB_600058,五矿发展,贸易行业,-2.0306735
4750,2025-01-27,SH.KC_300320,海达股份,橡胶制品,-2.0306876
4751,2025-01-24,SH.ZB_603075,热威股份,家电行业,-2.0307195
4752,2025-01-27,SZ.ZB_000100,TCL科技,光学光电子,-2.0308797
4753,2025-01-27,SH.KC_300293,蓝英装备,专用设备,-2.0310025
4754,2025-01-27,SH.ZB_601231,环旭电子,消费电子,-2.0311537
4755,2025-01-27,SH.ZB_600169,太原重工,专用设备,-2.0314007
4756,2025-01-27,SH.ZB_605298,必得科技,交运设备,-2.0316823
4757,2025-01-24,SH.KC_300051,琏升科技,光伏设备,-2.031799
4758,2025-01-27,SZ.ZB_002194,武汉凡谷,通信设备,-2.0318835
4759,2025-01-24,SZ.ZB_000582,北部湾港,航运港口,-2.0322547
4760,2025-01-27,SH.ZB_605580,恒盛能源,电力行业,-2.0322747
4761,2025-01-27,SZ.ZB_000955,欣龙控股,纺织服装,-2.0322912
4762,2025-01-27,SH.KC_300861,美畅股份,非金属材料,-2.0323656
4763,2025-01-27,SZ.ZB_000407,胜利股份,燃气,-2.0324044
4764,2025-01-24,SZ.ZB_001218,丽臣实业,化学制品,-2.0325196
4765,2025-01-24,SH.ZB_605288,凯迪股份,专用设备,-2.0325298
4766,2025-01-27,SZ.ZB_002357,富临运业,铁路公路,-2.0327601
4767,2025-01-24,SH.ZB_600331,宏达股份,有色金属,-2.0327876
4768,2025-01-24,SH.ZB_603017,中衡设计,工程咨询服务,-2.032807
4769,2025-01-27,SH.KC_300892,品渥食品,食品饮料,-2.0329266
4770,2025-01-27,SH.KC_300123,亚光科技,船舶制造,-2.0335329
4771,2025-01-27,SZ.ZB_002178,延华智能,软件开发,-2.0342124
4772,2025-01-27,SH.ZB_600998,九州通,医药商业,-2.0343845
4773,2025-01-27,SH.ZB_600658,电子城,房地产服务,-2.0344145
4774,2025-01-27,SZ.ZB_000421,南京公用,燃气,-2.0345044
4775,2025-01-27,SH.KC_301306,西测测试,专业服务,-2.0347168
4776,2025-01-27,SZ.ZB_000520,凤凰航运,航运港口,-2.034843
4777,2025-01-24,SZ.ZB_002594,比亚迪,汽车整车,-2.035305
4778,2025-01-24,SH.KC_300939,秋田微,光学光电子,-2.035325
4779,2025-01-27,SH.ZB_603037,凯众股份,汽车零部件,-2.0355053
4780,2025-01-27,SH.KC_300114,中航电测,航天航空,-2.03555
4781,2025-01-27,SH.KC_688513,苑东生物,化学制药,-2.0357065
4782,2025-01-24,SH.KC_300443,金雷股份,风电设备,-2.0358603
4783,2025-01-27,SZ.ZB_002870,香山股份,汽车零部件,-2.035871
4784,2025-01-27,SZ.ZB_002694,顾地科技,装修建材,-2.036057
4785,2025-01-24,SH.ZB_600461,洪城环境,公用事业,-2.0360637
4786,2025-01-24,SH.ZB_601108,财通证券,证券,-2.0361087
4787,2025-01-24,SH.KC_688351,微电生理-U,医疗器械,-2.0361688
4788,2025-01-24,SZ.ZB_001301,尚太科技,非金属材料,-2.036626
4789,2025-01-24,SH.ZB_600449,宁夏建材,水泥建材,-2.036825
4790,2025-01-27,SH.KC_300444,双杰电气,电网设备,-2.0368311
4791,2025-01-24,SZ.ZB_001226,拓山重工,工程机械,-2.0370746
4792,2025-01-27,SH.ZB_603096,新经典,文化传媒,-2.0371237
4793,2025-01-27,SH.KC_301043,绿岛风,专用设备,-2.0372438
4794,2025-01-24,SH.ZB_600079,人福医药,化学制药,-2.037317
4795,2025-01-24,SH.ZB_600996,贵广网络,文化传媒,-2.037673
4796,2025-01-24,SH.ZB_600667,太极实业,工程建设,-2.037786
4797,2025-01-24,SH.KC_688112,鼎阳科技,仪器仪表,-2.037816
4798,2025-01-27,SH.ZB_601600,中国铝业,有色金属,-2.0382211
4799,2025-01-27,SH.KC_688630,芯碁微装,专用设备,-2.0382826
4800,2025-01-27,SZ.ZB_002565,顺灏股份,包装材料,-2.03836
4801,2025-01-27,SH.KC_300975,商络电子,贸易行业,-2.0389569
4802,2025-01-27,SZ.ZB_001222,源飞宠物,家用轻工,-2.0389721
4803,2025-01-24,SZ.ZB_001287,中电港,贸易行业,-2.03903
4804,2025-01-27,SH.ZB_600963,岳阳林纸,造纸印刷,-2.039126
4805,2025-01-24,SH.KC_301266,宇邦新材,光伏设备,-2.0392072
4806,2025-01-27,SH.ZB_603983,丸美生物,美容护理,-2.0396316
4807,2025-01-24,SH.KC_300867,圣元环保,环保行业,-2.0396376
4808,2025-01-24,SZ.ZB_002963,豪尔赛,装修装饰,-2.0396404
4809,2025-01-27,SH.ZB_600927,永安期货,多元金融,-2.0396996
4810,2025-01-24,SH.KC_300036,超图软件,软件开发,-2.0398486
4811,2025-01-27,SZ.ZB_000973,佛塑科技,塑料制品,-2.0404181
4812,2025-01-24,SH.ZB_600281,华阳新材,小金属,-2.0407934
4813,2025-01-24,SH.ZB_603136,天目湖,旅游酒店,-2.0411544
4814,2025-01-27,SZ.ZB_000729,燕京啤酒,酿酒行业,-2.0411968
4815,2025-01-24,SH.KC_300649,杭州园林,工程咨询服务,-2.0413587
4816,2025-01-24,SH.KC_300461,田中精机,专用设备,-2.0416307
4817,2025-01-27,SH.KC_300961,深水海纳,环保行业,-2.0418973
4818,2025-01-24,SH.ZB_603275,众辰科技,仪器仪表,-2.0418985
4819,2025-01-27,SZ.ZB_002833,弘亚数控,专用设备,-2.0419264
4820,2025-01-24,SH.ZB_603238,诺邦股份,美容护理,-2.04221
4821,2025-01-27,SH.KC_300046,台基股份,半导体,-2.042397
4822,2025-01-24,SZ.ZB_002738,中矿资源,能源金属,-2.0426493
4823,2025-01-24,SH.KC_300523,辰安科技,互联网服务,-2.0427349
4824,2025-01-24,SH.KC_688330,宏力达,电网设备,-2.0428214
4825,2025-01-24,SZ.ZB_002969,嘉美包装,包装材料,-2.043011
4826,2025-01-24,SH.ZB_603188,亚邦股份,化学制品,-2.0432599
4827,2025-01-27,SH.KC_300219,鸿利智汇,光学光电子,-2.0433254
4828,2025-01-24,SZ.ZB_000612,焦作万方,有色金属,-2.043413
4829,2025-01-27,SZ.ZB_001205,盛航股份,航运港口,-2.0434256
4830,2025-01-27,SH.ZB_600754,锦江酒店,旅游酒店,-2.0436594
4831,2025-01-27,SH.ZB_603960,克来机电,专用设备,-2.0438201
4832,2025-01-27,SZ.ZB_002871,伟隆股份,通用设备,-2.043826
4833,2025-01-24,SZ.ZB_001210,金房能源,公用事业,-2.0439665
4834,2025-01-27,SH.KC_301526,国际复材,玻璃玻纤,-2.0440056
4835,2025-01-27,SH.KC_688560,明冠新材,光伏设备,-2.0440736
4836,2025-01-27,SH.ZB_600237,铜峰电子,电子元件,-2.0444005
4837,2025-01-27,SH.KC_300201,海伦哲,工程机械,-2.0444603
4838,2025-01-27,SH.KC_300423,昇辉科技,电网设备,-2.044655
4839,2025-01-24,SZ.ZB_002696,百洋股份,农牧饲渔,-2.0452824
4840,2025-01-27,SH.KC_688303,大全能源,光伏设备,-2.0455303
4841,2025-01-24,SH.KC_688270,臻镭科技,半导体,-2.0455925
4842,2025-01-24,SZ.ZB_000810,创维数字,通信设备,-2.0456758
4843,2025-01-24,SH.ZB_600151,航天机电,光伏设备,-2.045759
4844,2025-01-24,SH.KC_688786,悦安新材,有色金属,-2.0458739
4845,2025-01-27,SH.KC_300923,研奥股份,交运设备,-2.0459945
4846,2025-01-27,SH.KC_688391,钜泉科技,半导体,-2.0460424
4847,2025-01-27,SH.KC_301256,华融化学,化学原料,-2.046094
4848,2025-01-27,SZ.ZB_000790,华神科技,中药,-2.0461438
4849,2025-01-27,SH.ZB_600403,大有能源,煤炭行业,-2.0463257
4850,2025-01-27,SZ.ZB_002658,雪迪龙,仪器仪表,-2.046344
4851,2025-01-24,SH.ZB_600037,歌华有线,文化传媒,-2.0463977
4852,2025-01-24,SZ.ZB_000797,中国武夷,房地产开发,-2.0464575
4853,2025-01-24,SZ.ZB_000068,华控赛格,环保行业,-2.0464618
4854,2025-01-24,SZ.ZB_002534,西子洁能,电源设备,-2.0469859
4855,2025-01-24,SH.KC_300594,朗进科技,交运设备,-2.0471783
4856,2025-01-24,SH.ZB_600526,菲达环保,环保行业,-2.0472193
4857,2025-01-27,SZ.ZB_002493,荣盛石化,化纤行业,-2.047235
4858,2025-01-24,SH.ZB_603578,三星新材,家电行业,-2.0472863
4859,2025-01-24,SH.ZB_600061,国投资本,证券,-2.047626
4860,2025-01-27,SH.KC_300667,必创科技,仪器仪表,-2.0476499
4861,2025-01-27,SH.ZB_600249,两面针,美容护理,-2.0476854
4862,2025-01-24,SZ.ZB_000608,阳光股份,房地产服务,-2.0478714
4863,2025-01-27,SH.ZB_600156,华升股份,纺织服装,-2.0478752
4864,2025-01-27,SH.KC_300978,东箭科技,汽车零部件,-2.0479984
4865,2025-01-27,SZ.ZB_002145,中核钛白,化学原料,-2.0480218
4866,2025-01-24,SH.KC_301063,海锅股份,风电设备,-2.0481386
4867,2025-01-24,SH.KC_300048,合康新能,专用设备,-2.0481446
4868,2025-01-24,SH.ZB_603787,新日股份,交运设备,-2.048505
4869,2025-01-24,SH.KC_301161,唯万密封,塑料制品,-2.0486093
4870,2025-01-27,SH.ZB_601658,邮储银行,银行,-2.0486872
4871,2025-01-27,SZ.ZB_001331,胜通能源,物流行业,-2.0488575
4872,2025-01-24,SH.KC_301288,清研环境,环保行业,-2.0490813
4873,2025-01-24,SH.KC_301321,翰博高新,光学光电子,-2.0491357
4874,2025-01-24,SH.ZB_600388,龙净环保,环保行业,-2.049213
4875,2025-01-27,SH.KC_301237,和顺科技,塑料制品,-2.0494409
4876,2025-01-27,SZ.ZB_000723,美锦能源,煤炭行业,-2.049582
4877,2025-01-24,SH.KC_688009,中国通号,交运设备,-2.049668
4878,2025-01-27,SZ.ZB_002515,金字火腿,食品饮料,-2.0496776
4879,2025-01-24,SH.ZB_603648,畅联股份,物流行业,-2.0498152
4880,2025-01-27,SZ.ZB_002817,黄山胶囊,医疗器械,-2.0499594
4881,2025-01-24,SH.KC_300599,雄塑科技,装修建材,-2.0502229
4882,2025-01-27,SH.KC_300500,启迪设计,工程咨询服务,-2.0506234
4883,2025-01-27,SH.KC_301148,嘉戎技术,环保行业,-2.0507689
4884,2025-01-27,SH.KC_300948,冠中生态,环保行业,-2.0508966
4885,2025-01-27,SH.KC_300098,高新兴,软件开发,-2.051037
4886,2025-01-27,SH.ZB_600981,汇鸿集团,贸易行业,-2.0510495
4887,2025-01-27,SH.KC_301322,绿通科技,交运设备,-2.0511706
4888,2025-01-27,SH.KC_300335,迪森股份,环保行业,-2.0513196
4889,2025-01-27,SH.KC_300275,梅安森,仪器仪表,-2.0513883
4890,2025-01-27,SZ.ZB_001979,招商蛇口,房地产开发,-2.0518982
4891,2025-01-27,SH.KC_688500,慧辰股份,互联网服务,-2.0519686
4892,2025-01-24,SH.ZB_603344,星德胜,电机,-2.0522182
4893,2025-01-27,SH.ZB_600808,马钢股份,钢铁行业,-2.052347
4894,2025-01-24,SH.KC_300882,万胜智能,电网设备,-2.0526314
4895,2025-01-24,SZ.ZB_002506,协鑫集成,光伏设备,-2.052635
4896,2025-01-24,SZ.ZB_002838,道恩股份,塑料制品,-2.0529587
4897,2025-01-24,SH.ZB_603949,雪龙集团,汽车零部件,-2.0529625
4898,2025-01-27,SZ.ZB_000510,新金路,化学原料,-2.0530567
4899,2025-01-27,SH.KC_300497,富祥药业,化学制药,-2.0533178
4900,2025-01-24,SH.ZB_600959,江苏有线,文化传媒,-2.0535917
4901,2025-01-27,SH.ZB_600662,外服控股,专业服务,-2.0536418
4902,2025-01-24,SH.ZB_603000,人民网,文化传媒,-2.0537686
4903,2025-01-27,SH.KC_300865,大宏立,专用设备,-2.0537717
4904,2025-01-27,SZ.ZB_002452,长高电新,电网设备,-2.0539453
4905,2025-01-27,SH.ZB_600594,益佰制药,中药,-2.0540473
4906,2025-01-27,SH.ZB_600523,贵航股份,汽车零部件,-2.054177
4907,2025-01-27,SH.ZB_601929,吉视传媒,文化传媒,-2.0542538
4908,2025-01-24,SH.KC_300828,锐新科技,有色金属,-2.0542617
4909,2025-01-24,SH.KC_688670,金迪克,化学制药,-2.0542686
4910,2025-01-27,SH.KC_688297,中无人机,航天航空,-2.0543606
4911,2025-01-24,SH.KC_301390,经纬股份,电网设备,-2.0543904
4912,2025-01-24,SZ.ZB_002971,和远气体,化学制品,-2.0546114
4913,2025-01-27,SH.KC_688621,阳光诺和,医疗服务,-2.0546336
4914,2025-01-24,SH.KC_688098,申联生物,农药兽药,-2.0548747
4915,2025-01-24,SH.KC_300335,迪森股份,环保行业,-2.0549893
4916,2025-01-27,SZ.ZB_000680,山推股份,工程机械,-2.0551
4917,2025-01-27,SH.KC_300453,三鑫医疗,医疗器械,-2.0551865
4918,2025-01-24,SH.KC_300328,宜安科技,小金属,-2.0552747
4919,2025-01-27,SH.KC_300111,向日葵,化学制药,-2.055287
4920,2025-01-24,SH.KC_300078,思创医惠,互联网服务,-2.0553246
4921,2025-01-27,SH.ZB_603172,万丰股份,化学原料,-2.0553327
4922,2025-01-24,SZ.ZB_002207,准油股份,采掘行业,-2.0554333
4923,2025-01-27,SH.KC_301363,美好医疗,医疗器械,-2.0554402
4924,2025-01-27,SH.KC_300126,锐奇股份,通用设备,-2.0555866
4925,2025-01-24,SH.KC_301298,东利机械,汽车零部件,-2.0556655
4926,2025-01-24,SH.KC_301177,迪阿股份,珠宝首饰,-2.0558677
4927,2025-01-27,SH.KC_301369,联动科技,半导体,-2.0559556
4928,2025-01-27,SH.ZB_603071,物产环能,贸易行业,-2.0560079
4929,2025-01-24,SH.KC_688523,航天环宇,航天航空,-2.0561686
4930,2025-01-24,SZ.ZB_002328,新朋股份,汽车零部件,-2.0562065
4931,2025-01-27,SH.ZB_600106,重庆路桥,铁路公路,-2.0563006
4932,2025-01-27,SH.KC_300162,雷曼光电,光学光电子,-2.0563614
4933,2025-01-24,SH.KC_301005,超捷股份,汽车零部件,-2.05658
4934,2025-01-24,SH.ZB_603926,铁流股份,汽车零部件,-2.0570288
4935,2025-01-24,SH.KC_301189,奥尼电子,通信设备,-2.0570307
4936,2025-01-27,SZ.ZB_002232,启明信息,互联网服务,-2.0570683
4937,2025-01-27,SH.KC_688618,三旺通信,通信设备,-2.0572572
4938,2025-01-24,SH.ZB_603656,泰禾智能,专用设备,-2.0573
4939,2025-01-24,SZ.ZB_002988,豪美新材,有色金属,-2.0576038
4940,2025-01-27,SZ.ZB_002768,国恩股份,塑料制品,-2.0577257
4941,2025-01-24,SH.ZB_600963,岳阳林纸,造纸印刷,-2.058224
4942,2025-01-27,SH.KC_300871,回盛生物,农药兽药,-2.0583224
4943,2025-01-24,SH.KC_301337,亚华电子,软件开发,-2.0584228
4944,2025-01-27,SH.KC_300140,节能环境,环保行业,-2.0586228
4945,2025-01-24,SH.KC_688075,安旭生物,医疗器械,-2.0586665
4946,2025-01-27,SH.ZB_603277,银都股份,通用设备,-2.05875
4947,2025-01-24,SH.KC_301170,锡南科技,汽车零部件,-2.059128
4948,2025-01-24,SZ.ZB_002249,大洋电机,电机,-2.0593615
4949,2025-01-24,SH.KC_301079,邵阳液压,通用设备,-2.0594301
4950,2025-01-27,SH.ZB_600138,中青旅,旅游酒店,-2.059593
4951,2025-01-27,SH.ZB_600776,东方通信,通信设备,-2.0596287
4952,2025-01-24,SH.KC_688410,山外山,医疗器械,-2.0596962
4953,2025-01-27,SH.KC_688335,复洁环保,环保行业,-2.0598564
4954,2025-01-27,SZ.ZB_002977,天箭科技,通信设备,-2.0598814
4955,2025-01-27,SH.ZB_601398,工商银行,银行,-2.0600867
4956,2025-01-24,SH.ZB_603813,原尚股份,物流行业,-2.060166
4957,2025-01-27,SZ.ZB_002037,保利联合,化学制品,-2.0607076
4958,2025-01-24,SH.KC_301162,国能日新,软件开发,-2.0608506
4959,2025-01-24,SH.KC_300735,光弘科技,消费电子,-2.0611339
4960,2025-01-27,SH.KC_301017,漱玉平民,医药商业,-2.0611348
4961,2025-01-27,SH.KC_688047,龙芯中科,半导体,-2.0611749
4962,2025-01-27,SZ.ZB_002161,远 望 谷,电子元件,-2.061388
4963,2025-01-27,SH.KC_300700,岱勒新材,通用设备,-2.0617123
4964,2025-01-27,SH.ZB_601898,中煤能源,煤炭行业,-2.0617735
4965,2025-01-24,SZ.ZB_002015,协鑫能科,电力行业,-2.0618908
4966,2025-01-24,SZ.ZB_000571,新大洲A,煤炭行业,-2.0620532
4967,2025-01-24,SH.ZB_600298,安琪酵母,食品饮料,-2.0620844
4968,2025-01-27,SH.KC_300393,中来股份,光伏设备,-2.0623777
4969,2025-01-24,SH.KC_688456,有研粉材,有色金属,-2.062528
4970,2025-01-27,SH.KC_301367,怡和嘉业,医疗器械,-2.0625408
4971,2025-01-24,SH.ZB_600171,上海贝岭,半导体,-2.0627036
4972,2025-01-27,SZ.ZB_000677,恒天海龙,化纤行业,-2.062761
4973,2025-01-24,SH.ZB_601890,亚星锚链,船舶制造,-2.062975
4974,2025-01-24,SH.ZB_600511,国药股份,医药商业,-2.0629983
4975,2025-01-27,SH.ZB_600958,东方证券,证券,-2.0630107
4976,2025-01-24,SH.KC_688163,赛伦生物,生物制品,-2.063329
4977,2025-01-24,SH.ZB_603956,威派格,专用设备,-2.0634897
4978,2025-01-27,SH.ZB_601108,财通证券,证券,-2.0635033
4979,2025-01-27,SZ.ZB_000715,中兴商业,商业百货,-2.0636
4980,2025-01-24,SH.ZB_600486,扬农化工,农药兽药,-2.0637336
4981,2025-01-27,SH.ZB_601326,秦港股份,航运港口,-2.0639212
4982,2025-01-24,SH.ZB_603132,金徽股份,有色金属,-2.0644765
4983,2025-01-24,SH.ZB_600825,新华传媒,文化传媒,-2.0645444
4984,2025-01-24,SZ.ZB_002688,金河生物,农药兽药,-2.0646539
4985,2025-01-27,SH.ZB_603877,太平鸟,纺织服装,-2.0646672
4986,2025-01-24,SZ.ZB_002027,分众传媒,文化传媒,-2.0647562
4987,2025-01-24,SH.KC_300955,嘉亨家化,美容护理,-2.064763
4988,2025-01-24,SH.ZB_600909,华安证券,证券,-2.0648644
4989,2025-01-27,SH.ZB_603610,麒盛科技,装修建材,-2.0651069
4990,2025-01-27,SH.ZB_600735,新华锦,纺织服装,-2.0651488
4991,2025-01-24,SH.ZB_600382,广东明珠,钢铁行业,-2.0651488
4992,2025-01-24,SH.ZB_603048,浙江黎明,汽车零部件,-2.0653317
4993,2025-01-27,SH.KC_300739,明阳电路,电子元件,-2.0653398
4994,2025-01-24,SH.KC_300979,华利集团,纺织服装,-2.0655262
4995,2025-01-27,SH.KC_688689,银河微电,半导体,-2.0655537
4996,2025-01-27,SH.ZB_600422,昆药集团,中药,-2.0656028
4997,2025-01-27,SH.KC_300337,银邦股份,有色金属,-2.0657454
4998,2025-01-27,SH.ZB_600509,天富能源,电力行业,-2.0661843
4999,2025-01-27,SH.ZB_603381,永臻股份,光伏设备,-2.0662525
5000,2025-01-24,SH.KC_688516,奥特维,光伏设备,-2.0664124
5001,2025-01-24,SH.ZB_600499,科达制造,专用设备,-2.0664473
5002,2025-01-24,SH.KC_300278,华昌达,通用设备,-2.0669298
5003,2025-01-27,SH.ZB_600901,江苏金租,多元金融,-2.066964
5004,2025-01-27,SH.ZB_601858,中国科传,文化传媒,-2.066985
5005,2025-01-24,SZ.ZB_002269,美邦服饰,纺织服装,-2.0677845
5006,2025-01-27,SH.KC_300793,佳禾智能,消费电子,-2.0679164
5007,2025-01-24,SH.KC_300095,华伍股份,通用设备,-2.0681632
5008,2025-01-27,SH.KC_300149,睿智医药,医疗服务,-2.0681927
5009,2025-01-27,SH.ZB_600999,招商证券,证券,-2.068659
5010,2025-01-27,SZ.ZB_002778,中晟高科,石油行业,-2.0687535
5011,2025-01-27,SH.ZB_600730,中国高科,教育,-2.0690162
5012,2025-01-24,SH.KC_300230,永利股份,塑料制品,-2.069097
5013,2025-01-27,SH.ZB_601838,成都银行,银行,-2.0691843
5014,2025-01-27,SH.KC_300365,恒华科技,软件开发,-2.0694559
5015,2025-01-24,SH.KC_301376,致欧科技,家用轻工,-2.069873
5016,2025-01-24,SZ.ZB_002833,弘亚数控,专用设备,-2.0700483
5017,2025-01-24,SH.KC_688087,英科再生,塑料制品,-2.070167
5018,2025-01-24,SH.ZB_600610,中毅达,化学原料,-2.0701795
5019,2025-01-27,SH.KC_300586,美联新材,塑料制品,-2.070337
5020,2025-01-27,SH.ZB_605318,法狮龙,装修装饰,-2.0703516
5021,2025-01-27,SH.KC_688601,力芯微,半导体,-2.0706146
5022,2025-01-27,SZ.ZB_000411,英特集团,医药商业,-2.070849
5023,2025-01-27,SZ.ZB_002655,共达电声,消费电子,-2.070906
5024,2025-01-27,SH.ZB_600977,中国电影,文化传媒,-2.0709178
5025,2025-01-24,SZ.ZB_002870,香山股份,汽车零部件,-2.0709946
5026,2025-01-24,SZ.ZB_002067,景兴纸业,造纸印刷,-2.071043
5027,2025-01-24,SZ.ZB_002976,瑞玛精密,汽车零部件,-2.0711384
5028,2025-01-27,SH.KC_300686,智动力,消费电子,-2.0714056
5029,2025-01-24,SH.ZB_600621,华鑫股份,证券,-2.071548
5030,2025-01-27,SH.KC_300838,浙江力诺,仪器仪表,-2.071554
5031,2025-01-24,SZ.ZB_000727,冠捷科技,光学光电子,-2.0715823
5032,2025-01-27,SH.KC_300565,科信技术,通信设备,-2.0716372
5033,2025-01-24,SH.KC_300151,昌红科技,专用设备,-2.0719762
5034,2025-01-24,SH.KC_300128,锦富技术,光学光电子,-2.0719779
5035,2025-01-24,SH.ZB_603325,博隆技术,通用设备,-2.0723314
5036,2025-01-27,SH.KC_301006,迈拓股份,仪器仪表,-2.0724354
5037,2025-01-27,SH.KC_688526,科前生物,农药兽药,-2.072672
5038,2025-01-27,SH.KC_300665,飞鹿股份,化学制品,-2.072756
5039,2025-01-27,SH.KC_300236,上海新阳,电子化学品,-2.0727687
5040,2025-01-27,SZ.ZB_000032,深桑达Ａ,通信设备,-2.0727885
5041,2025-01-24,SH.KC_688625,呈和科技,化学制品,-2.0728135
5042,2025-01-27,SH.KC_301311,昆船智能,通用设备,-2.072816
5043,2025-01-24,SH.KC_300430,诚益通,通用设备,-2.072912
5044,2025-01-27,SH.KC_300145,中金环境,通用设备,-2.0729308
5045,2025-01-27,SH.ZB_605006,山东玻纤,玻璃玻纤,-2.073002
5046,2025-01-24,SH.KC_300451,创业慧康,软件开发,-2.0730252
5047,2025-01-24,SH.KC_301512,智信精密,专用设备,-2.073081
5048,2025-01-24,SH.KC_301608,博实结,计算机设备,-2.0732143
5049,2025-01-24,SZ.ZB_002105,信隆健康,交运设备,-2.0733361
5050,2025-01-24,SH.ZB_601198,东兴证券,证券,-2.0733542
5051,2025-01-27,SZ.ZB_002487,大金重工,风电设备,-2.0738013
5052,2025-01-27,SH.KC_300853,申昊科技,通用设备,-2.073901
5053,2025-01-27,SH.KC_300357,我武生物,生物制品,-2.0741346
5054,2025-01-24,SH.KC_300176,鸿特科技,汽车零部件,-2.0741515
5055,2025-01-27,SH.KC_688105,诺唯赞,医疗器械,-2.0742996
5056,2025-01-27,SZ.ZB_000429,粤高速Ａ,铁路公路,-2.0743723
5057,2025-01-27,SZ.ZB_002939,长城证券,证券,-2.0743747
5058,2025-01-24,SH.ZB_600523,贵航股份,汽车零部件,-2.0745163
5059,2025-01-27,SZ.ZB_000927,中国铁物,物流行业,-2.0745533
5060,2025-01-24,SH.KC_300542,新晨科技,软件开发,-2.0747368
5061,2025-01-24,SH.KC_300629,新劲刚,通信设备,-2.0747488
5062,2025-01-27,SH.ZB_603976,正川股份,医疗器械,-2.074752
5063,2025-01-27,SH.ZB_603289,泰瑞机器,专用设备,-2.0748909
5064,2025-01-27,SH.KC_300434,金石亚药,化学制药,-2.0752735
5065,2025-01-27,SH.KC_688548,广钢气体,电子化学品,-2.0752892
5066,2025-01-27,SH.KC_300971,博亚精工,通用设备,-2.0754085
5067,2025-01-24,SH.ZB_603966,法兰泰克,专用设备,-2.0755467
5068,2025-01-27,SH.ZB_603919,金徽酒,酿酒行业,-2.0758004
5069,2025-01-27,SH.ZB_600325,华发股份,房地产开发,-2.075847
5070,2025-01-27,SH.KC_300692,中环环保,环保行业,-2.076121
5071,2025-01-24,SH.ZB_603855,华荣股份,专用设备,-2.0761752
5072,2025-01-27,SH.KC_301222,浙江恒威,电池,-2.0763948
5073,2025-01-27,SH.KC_688523,航天环宇,航天航空,-2.0764163
5074,2025-01-27,SH.ZB_600526,菲达环保,环保行业,-2.0767949
5075,2025-01-24,SZ.ZB_000801,四川九洲,家电行业,-2.0771065
5076,2025-01-24,SZ.ZB_002155,湖南黄金,贵金属,-2.0774083
5077,2025-01-24,SH.KC_301020,密封科技,汽车零部件,-2.077429
5078,2025-01-27,SH.ZB_600281,华阳新材,小金属,-2.077442
5079,2025-01-27,SZ.ZB_002703,浙江世宝,汽车零部件,-2.077494
5080,2025-01-24,SH.KC_300486,东杰智能,专用设备,-2.0774946
5081,2025-01-27,SH.ZB_603351,威尔药业,化学制药,-2.07751
5082,2025-01-24,SH.KC_300755,华致酒行,贸易行业,-2.077534
5083,2025-01-27,SH.ZB_600435,北方导航,通信设备,-2.0776582
5084,2025-01-24,SH.KC_688100,威胜信息,通信设备,-2.0778737
5085,2025-01-27,SH.ZB_603182,嘉华股份,农牧饲渔,-2.0779028
5086,2025-01-27,SZ.ZB_002459,晶澳科技,光伏设备,-2.0780756
5087,2025-01-27,SH.ZB_603843,正平股份,工程建设,-2.0783663
5088,2025-01-27,SH.ZB_600511,国药股份,医药商业,-2.078445
5089,2025-01-27,SH.KC_300169,天晟新材,化学制品,-2.0784929
5090,2025-01-27,SH.KC_300743,天地数码,非金属材料,-2.0787864
5091,2025-01-24,SH.KC_300052,中青宝,游戏,-2.078788
5092,2025-01-24,SH.KC_300393,中来股份,光伏设备,-2.0788267
5093,2025-01-24,SH.ZB_600626,申达股份,汽车零部件,-2.0790708
5094,2025-01-24,SZ.ZB_000415,渤海租赁,多元金融,-2.0791154
5095,2025-01-24,SH.ZB_603313,梦百合,装修建材,-2.0792098
5096,2025-01-24,SH.KC_300849,锦盛新材,美容护理,-2.0792856
5097,2025-01-27,SZ.ZB_002927,泰永长征,电网设备,-2.0793602
5098,2025-01-24,SH.KC_300920,润阳科技,塑料制品,-2.0795555
5099,2025-01-27,SZ.ZB_002925,盈趣科技,消费电子,-2.079574
5100,2025-01-24,SH.KC_688233,神工股份,半导体,-2.0798848
5101,2025-01-27,SH.KC_301097,天益医疗,医疗器械,-2.0799518
5102,2025-01-27,SZ.ZB_002219,新里程,医疗服务,-2.0800629
5103,2025-01-24,SZ.ZB_002675,东诚药业,化学制药,-2.0801334
5104,2025-01-24,SH.KC_301225,恒勃股份,汽车零部件,-2.0801601
5105,2025-01-27,SH.KC_301269,华大九天,软件开发,-2.080236
5106,2025-01-24,SZ.ZB_000417,合百集团,商业百货,-2.080245
5107,2025-01-24,SH.ZB_601696,中银证券,证券,-2.0802572
5108,2025-01-27,SH.ZB_601881,中国银河,证券,-2.0803611
5109,2025-01-27,SH.ZB_603098,森特股份,工程建设,-2.0804136
5110,2025-01-24,SH.KC_688601,力芯微,半导体,-2.080548
5111,2025-01-27,SH.ZB_600678,四川金顶,水泥建材,-2.080893
5112,2025-01-24,SH.KC_688148,芳源股份,电池,-2.081507
5113,2025-01-24,SZ.ZB_002135,东南网架,工程建设,-2.0816338
5114,2025-01-27,SH.KC_300909,汇创达,光学光电子,-2.08171
5115,2025-01-27,SZ.ZB_000821,京山轻机,光伏设备,-2.0817473
5116,2025-01-24,SH.ZB_600901,江苏金租,多元金融,-2.0817513
5117,2025-01-24,SH.KC_300475,香农芯创,电子元件,-2.081985
5118,2025-01-27,SZ.ZB_000839,中信国安,综合行业,-2.0820718
5119,2025-01-27,SH.KC_300053,航宇微,半导体,-2.0822234
5120,2025-01-24,SH.ZB_600633,浙数文化,游戏,-2.0822968
5121,2025-01-27,SZ.ZB_003008,开普检测,专业服务,-2.082351
5122,2025-01-27,SZ.ZB_002494,华斯股份,纺织服装,-2.082465
5123,2025-01-24,SH.KC_300669,沪宁股份,专用设备,-2.0825927
5124,2025-01-24,SH.ZB_603458,勘设股份,工程咨询服务,-2.0826447
5125,2025-01-27,SH.KC_300881,盛德鑫泰,钢铁行业,-2.082701
5126,2025-01-24,SH.KC_300109,新开源,化学制品,-2.082734
5127,2025-01-27,SH.KC_300355,蒙草生态,环保行业,-2.0827417
5128,2025-01-27,SZ.ZB_002955,鸿合科技,光学光电子,-2.082856
5129,2025-01-27,SZ.ZB_000951,中国重汽,汽车整车,-2.082883
5130,2025-01-27,SH.ZB_603863,松炀资源,造纸印刷,-2.0829349
5131,2025-01-24,SH.ZB_600207,安彩高科,光伏设备,-2.0830274
5132,2025-01-27,SZ.ZB_002877,智能自控,仪器仪表,-2.0830345
5133,2025-01-24,SH.KC_300948,冠中生态,环保行业,-2.0831964
5134,2025-01-27,SH.KC_688314,康拓医疗,医疗器械,-2.0832071
5135,2025-01-27,SH.KC_688710,益诺思,生物制品,-2.0832472
5136,2025-01-24,SZ.ZB_002828,贝肯能源,采掘行业,-2.0833514
5137,2025-01-27,SH.ZB_605336,帅丰电器,家电行业,-2.083483
5138,2025-01-24,SZ.ZB_000419,通程控股,商业百货,-2.083816
5139,2025-01-27,SH.KC_688409,富创精密,半导体,-2.084208
5140,2025-01-27,SH.KC_301122,采纳股份,医疗器械,-2.084312
5141,2025-01-24,SH.KC_300658,延江股份,美容护理,-2.0843873
5142,2025-01-27,SH.ZB_600771,广誉远,中药,-2.0844166
5143,2025-01-24,SH.ZB_601519,大智慧,软件开发,-2.0844321
5144,2025-01-24,SH.ZB_600808,马钢股份,钢铁行业,-2.084457
5145,2025-01-24,SH.KC_688347,华虹公司,半导体,-2.0845819
5146,2025-01-24,SH.KC_300635,中达安,工程咨询服务,-2.0850902
5147,2025-01-27,SH.KC_300826,测绘股份,工程咨询服务,-2.0851185
5148,2025-01-27,SZ.ZB_000823,超声电子,电子元件,-2.0854447
5149,2025-01-27,SH.ZB_603230,内蒙新华,文化传媒,-2.0855608
5150,2025-01-27,SH.ZB_600439,瑞贝卡,家用轻工,-2.085856
5151,2025-01-24,SH.KC_688305,科德数控,通用设备,-2.086118
5152,2025-01-24,SH.ZB_603078,江化微,电子化学品,-2.0862236
5153,2025-01-27,SH.KC_300997,欢乐家,食品饮料,-2.086273
5154,2025-01-27,SZ.ZB_002840,华统股份,食品饮料,-2.0863116
5155,2025-01-24,SH.ZB_603927,中科软,软件开发,-2.08637
5156,2025-01-24,SH.KC_688328,深科达,专用设备,-2.0864184
5157,2025-01-24,SH.ZB_601069,西部黄金,贵金属,-2.086696
5158,2025-01-24,SH.ZB_605177,东亚药业,化学制药,-2.0868096
5159,2025-01-27,SH.KC_301051,信濠光电,玻璃玻纤,-2.0868418
5160,2025-01-24,SZ.ZB_002181,粤 传 媒,文化传媒,-2.0869741
5161,2025-01-24,SZ.ZB_002270,华明装备,电网设备,-2.0869803
5162,2025-01-24,SH.KC_300576,容大感光,电子化学品,-2.0870202
5163,2025-01-27,SH.KC_301077,星华新材,化学制品,-2.0871184
5164,2025-01-27,SH.KC_300189,神农种业,农牧饲渔,-2.087159
5165,2025-01-27,SH.KC_300324,旋极信息,互联网服务,-2.0874202
5166,2025-01-24,SH.KC_688027,国盾量子,通信设备,-2.0876935
5167,2025-01-24,SZ.ZB_002780,三夫户外,纺织服装,-2.0877068
5168,2025-01-24,SH.ZB_601658,邮储银行,银行,-2.0877094
5169,2025-01-24,SH.KC_300444,双杰电气,电网设备,-2.0877504
5170,2025-01-27,SH.KC_301266,宇邦新材,光伏设备,-2.0880077
5171,2025-01-27,SZ.ZB_002500,山西证券,证券,-2.0881362
5172,2025-01-27,SH.KC_300626,华瑞股份,电机,-2.0883718
5173,2025-01-27,SH.ZB_603173,福斯达,通用设备,-2.0883913
5174,2025-01-27,SZ.ZB_002895,川恒股份,化学原料,-2.0884662
5175,2025-01-27,SH.ZB_603199,九华旅游,旅游酒店,-2.0884678
5176,2025-01-27,SH.ZB_600716,凤凰股份,房地产开发,-2.088756
5177,2025-01-24,SH.ZB_603227,雪峰科技,化学制品,-2.0889335
5178,2025-01-24,SH.KC_301006,迈拓股份,仪器仪表,-2.0889497
5179,2025-01-24,SZ.ZB_000520,凤凰航运,航运港口,-2.088993
5180,2025-01-24,SH.ZB_603096,新经典,文化传媒,-2.0891557
5181,2025-01-27,SZ.ZB_002523,天桥起重,专用设备,-2.0894332
5182,2025-01-24,SH.KC_300833,浩洋股份,专用设备,-2.0899303
5183,2025-01-27,SZ.ZB_002063,远光软件,软件开发,-2.0899627
5184,2025-01-24,SZ.ZB_000819,岳阳兴长,石油行业,-2.0902543
5185,2025-01-27,SH.KC_300088,长信科技,光学光电子,-2.0903468
5186,2025-01-24,SZ.ZB_000523,红棉股份,食品饮料,-2.0906162
5187,2025-01-27,SH.ZB_600816,建元信托,多元金融,-2.090724
5188,2025-01-27,SH.ZB_603075,热威股份,家电行业,-2.0908544
5189,2025-01-27,SH.ZB_601012,隆基绿能,光伏设备,-2.0911717
5190,2025-01-24,SH.KC_300050,世纪鼎利,通信服务,-2.0912642
5191,2025-01-24,SH.ZB_601728,中国电信,通信服务,-2.0912955
5192,2025-01-24,SH.ZB_601010,文峰股份,商业百货,-2.091771
5193,2025-01-24,SH.KC_688289,圣湘生物,医疗器械,-2.0918992
5194,2025-01-24,SH.ZB_600007,中国国贸,房地产开发,-2.0919096
5195,2025-01-23,SH.KC_300069,金利华电,电网设备,-2.0921223
5196,2025-01-27,SZ.ZB_002534,西子洁能,电源设备,-2.0921652
5197,2025-01-27,SZ.ZB_000007,全新好,房地产服务,-2.0924406
5198,2025-01-24,SH.KC_300408,三环集团,电子元件,-2.0925398
5199,2025-01-24,SZ.ZB_002809,红墙股份,化学制品,-2.092992
5200,2025-01-27,SZ.ZB_000055,方大集团,装修装饰,-2.0930338
5201,2025-01-27,SZ.ZB_002652,扬子新材,装修建材,-2.0932894
5202,2025-01-24,SH.KC_300745,欣锐科技,汽车零部件,-2.0933793
5203,2025-01-24,SH.ZB_600232,金鹰股份,纺织服装,-2.09341
5204,2025-01-27,SH.ZB_605100,华丰股份,通用设备,-2.093435
5205,2025-01-24,SH.KC_300466,赛摩智能,电网设备,-2.093523
5206,2025-01-24,SH.ZB_605186,健麾信息,医疗服务,-2.0935822
5207,2025-01-27,SH.ZB_600137,浪莎股份,纺织服装,-2.0937486
5208,2025-01-24,SH.ZB_600208,衢州发展,房地产开发,-2.0938342
5209,2025-01-24,SZ.ZB_002912,中新赛克,互联网服务,-2.0944657
5210,2025-01-27,SH.ZB_600552,凯盛科技,光学光电子,-2.0946436
5211,2025-01-24,SH.ZB_603223,恒通股份,物流行业,-2.0947366
5212,2025-01-24,SH.KC_300507,苏奥传感,汽车零部件,-2.094922
5213,2025-01-27,SZ.ZB_000755,山西高速,铁路公路,-2.0950973
5214,2025-01-24,SH.KC_300446,航天智造,汽车零部件,-2.095313
5215,2025-01-27,SZ.ZB_000965,天保基建,房地产开发,-2.0953653
5216,2025-01-27,SH.KC_300195,长荣股份,专用设备,-2.0954387
5217,2025-01-27,SH.KC_300121,阳谷华泰,橡胶制品,-2.0954733
5218,2025-01-27,SH.ZB_603338,浙江鼎力,工程机械,-2.0956874
5219,2025-01-27,SZ.ZB_002960,青鸟消防,专用设备,-2.0958745
5220,2025-01-27,SH.ZB_600179,安通控股,物流行业,-2.095968
5221,2025-01-27,SH.KC_688085,三友医疗,医疗器械,-2.095976
5222,2025-01-24,SH.KC_688129,东来技术,化学制品,-2.0960636
5223,2025-01-27,SZ.ZB_002185,华天科技,半导体,-2.096094
5224,2025-01-24,SZ.ZB_002017,东信和平,通信设备,-2.0962703
5225,2025-01-24,SZ.ZB_003038,鑫铂股份,有色金属,-2.0962794
5226,2025-01-27,SH.ZB_603439,贵州三力,中药,-2.0963376
5227,2025-01-24,SZ.ZB_002489,浙江永强,家用轻工,-2.09676
5228,2025-01-27,SH.ZB_603650,彤程新材,橡胶制品,-2.0968716
5229,2025-01-24,SH.KC_301489,思泉新材,消费电子,-2.0969248
5230,2025-01-27,SZ.ZB_002264,新 华 都,互联网服务,-2.0970693
5231,2025-01-27,SH.ZB_600354,敦煌种业,农牧饲渔,-2.0972435
5232,2025-01-27,SH.KC_301297,富乐德,半导体,-2.0972853
5233,2025-01-24,SZ.ZB_002149,西部材料,小金属,-2.0974183
5234,2025-01-24,SH.ZB_600489,中金黄金,贵金属,-2.0975878
5235,2025-01-27,SH.KC_300306,远方信息,仪器仪表,-2.0976145
5236,2025-01-27,SH.KC_688015,交控科技,交运设备,-2.0976985
5237,2025-01-27,SH.KC_301136,招标股份,工程咨询服务,-2.0979927
5238,2025-01-27,SH.KC_300350,华鹏飞,物流行业,-2.0979958
5239,2025-01-27,SH.KC_300210,森远股份,环保行业,-2.098034
5240,2025-01-24,SZ.ZB_002429,兆驰股份,家电行业,-2.098071
5241,2025-01-27,SZ.ZB_002725,跃岭股份,汽车零部件,-2.0981584
5242,2025-01-27,SH.ZB_601696,中银证券,证券,-2.0984895
5243,2025-01-24,SH.ZB_600556,天下秀,文化传媒,-2.0985954
5244,2025-01-24,SZ.ZB_002422,科伦药业,化学制药,-2.098613
5245,2025-01-27,SH.ZB_600151,航天机电,光伏设备,-2.0987504
5246,2025-01-24,SZ.ZB_002883,中设股份,工程咨询服务,-2.0989988
5247,2025-01-24,SH.ZB_603663,三祥新材,化学原料,-2.099355
5248,2025-01-27,SH.KC_300960,通业科技,交运设备,-2.0998173
5249,2025-01-27,SH.ZB_605268,王力安防,家用轻工,-2.0998943
5250,2025-01-27,SH.ZB_600010,包钢股份,钢铁行业,-2.0999317
5251,2025-01-27,SH.KC_688389,普门科技,医疗器械,-2.1002858
5252,2025-01-27,SH.KC_300893,松原股份,汽车零部件,-2.1003163
5253,2025-01-24,SZ.ZB_000757,浩物股份,汽车服务,-2.100325
5254,2025-01-27,SH.ZB_603956,威派格,专用设备,-2.1004705
5255,2025-01-27,SZ.ZB_002988,豪美新材,有色金属,-2.1005208
5256,2025-01-24,SH.KC_688353,华盛锂电,化学制品,-2.1005745
5257,2025-01-24,SH.KC_688669,聚石化学,塑料制品,-2.1008196
5258,2025-01-27,SH.ZB_603386,骏亚科技,电子元件,-2.1008484
5259,2025-01-24,SZ.ZB_002318,久立特材,钢铁行业,-2.1009755
5260,2025-01-27,SZ.ZB_000529,广弘控股,食品饮料,-2.1014805
5261,2025-01-27,SH.ZB_603688,石英股份,非金属材料,-2.1017861
5262,2025-01-24,SH.KC_300464,星徽股份,互联网服务,-2.1018026
5263,2025-01-24,SZ.ZB_000657,中钨高新,小金属,-2.101843
5264,2025-01-24,SH.ZB_603186,华正新材,电子元件,-2.1021183
5265,2025-01-24,SZ.ZB_002774,快意电梯,专用设备,-2.10217
5266,2025-01-27,SZ.ZB_002622,皓宸医疗,医疗服务,-2.1022027
5267,2025-01-24,SH.ZB_601881,中国银河,证券,-2.10243
5268,2025-01-24,SZ.ZB_002913,奥士康,电子元件,-2.1025481
5269,2025-01-27,SH.KC_301515,港通医疗,医疗器械,-2.102563
5270,2025-01-24,SZ.ZB_000716,黑芝麻,食品饮料,-2.1025805
5271,2025-01-24,SH.KC_301295,美硕科技,电网设备,-2.1025848
5272,2025-01-27,SZ.ZB_000735,罗 牛 山,农牧饲渔,-2.1025968
5273,2025-01-27,SZ.ZB_002207,准油股份,采掘行业,-2.1028497
5274,2025-01-24,SH.KC_300121,阳谷华泰,橡胶制品,-2.1029608
5275,2025-01-27,SZ.ZB_002957,科瑞技术,专用设备,-2.1033053
5276,2025-01-27,SH.KC_300849,锦盛新材,美容护理,-2.1035743
5277,2025-01-24,SZ.ZB_000541,佛山照明,家电行业,-2.1035817
5278,2025-01-27,SH.ZB_603806,福斯特,光伏设备,-2.1036704
5279,2025-01-24,SH.KC_300118,东方日升,光伏设备,-2.1037588
5280,2025-01-24,SZ.ZB_002625,光启技术,航天航空,-2.1039176
5281,2025-01-24,SH.KC_300342,天银机电,家电行业,-2.103954
5282,2025-01-24,SH.ZB_600551,时代出版,文化传媒,-2.1040092
5283,2025-01-24,SH.KC_300385,雪浪环境,环保行业,-2.1043007
5284,2025-01-27,SH.ZB_603327,福蓉科技,消费电子,-2.1044168
5285,2025-01-24,SH.KC_300099,尤洛卡,专用设备,-2.1045017
5286,2025-01-24,SZ.ZB_000065,北方国际,工程建设,-2.1045752
5287,2025-01-27,SH.KC_300737,科顺股份,装修建材,-2.1047444
5288,2025-01-27,SH.ZB_600861,北京人力,专业服务,-2.1048076
5289,2025-01-24,SH.ZB_600422,昆药集团,中药,-2.1048102
5290,2025-01-24,SH.KC_300918,南山智尚,纺织服装,-2.1049652
5291,2025-01-27,SH.KC_300346,南大光电,电子化学品,-2.1049664
5292,2025-01-24,SH.ZB_603373,安邦护卫,专业服务,-2.1050472
5293,2025-01-24,SH.KC_300088,长信科技,光学光电子,-2.105117
5294,2025-01-24,SH.KC_300427,红相股份,电网设备,-2.10525
5295,2025-01-27,SH.KC_688403,汇成股份,半导体,-2.1052706
5296,2025-01-27,SH.ZB_600649,城投控股,房地产开发,-2.105302
5297,2025-01-27,SH.ZB_605169,洪通燃气,燃气,-2.1054838
5298,2025-01-24,SH.KC_301156,美农生物,农牧饲渔,-2.1055584
5299,2025-01-24,SH.ZB_603323,苏农银行,银行,-2.1055894
5300,2025-01-27,SZ.ZB_002579,中京电子,电子元件,-2.105677
5301,2025-01-24,SZ.ZB_002669,康达新材,化学制品,-2.1058161
5302,2025-01-24,SH.KC_301301,川宁生物,生物制品,-2.1060147
5303,2025-01-24,SH.ZB_600638,新黄浦,房地产开发,-2.1062403
5304,2025-01-24,SH.ZB_603718,海利生物,农药兽药,-2.106316
5305,2025-01-24,SH.ZB_603179,新泉股份,汽车零部件,-2.1063933
5306,2025-01-27,SH.ZB_605001,威奥股份,交运设备,-2.1065004
5307,2025-01-27,SH.KC_300523,辰安科技,互联网服务,-2.1066933
5308,2025-01-27,SZ.ZB_000885,城发环境,环保行业,-2.1067224
5309,2025-01-27,SH.KC_300907,康平科技,电机,-2.107268
5310,2025-01-24,SZ.ZB_002960,青鸟消防,专用设备,-2.1073468
5311,2025-01-27,SH.ZB_600408,安泰集团,煤炭行业,-2.1073904
5312,2025-01-24,SH.KC_300970,华绿生物,农牧饲渔,-2.1074708
5313,2025-01-27,SH.ZB_603378,亚士创能,装修建材,-2.1075249
5314,2025-01-24,SH.KC_300470,中密控股,通用设备,-2.107776
5315,2025-01-27,SH.ZB_603817,海峡环保,环保行业,-2.1077807
5316,2025-01-27,SH.ZB_603679,华体科技,光学光电子,-2.1078084
5317,2025-01-24,SH.ZB_603722,阿科力,塑料制品,-2.1078768
5318,2025-01-27,SZ.ZB_001316,润贝航科,贸易行业,-2.1078968
5319,2025-01-27,SH.KC_688002,睿创微纳,半导体,-2.1079943
5320,2025-01-24,SZ.ZB_002392,北京利尔,装修建材,-2.1080778
5321,2025-01-24,SH.KC_301046,能辉科技,光伏设备,-2.108089
5322,2025-01-27,SH.KC_300622,博士眼镜,商业百货,-2.1081657
5323,2025-01-24,SZ.ZB_000593,德龙汇能,燃气,-2.1082492
5324,2025-01-27,SZ.ZB_000750,国海证券,证券,-2.1083333
5325,2025-01-24,SH.KC_300012,华测检测,专业服务,-2.108399
5326,2025-01-24,SH.KC_300316,晶盛机电,光伏设备,-2.10849
5327,2025-01-27,SH.ZB_603299,苏盐井神,化学原料,-2.1088552
5328,2025-01-27,SH.KC_688570,天玛智控,软件开发,-2.1088672
5329,2025-01-24,SH.KC_300339,润和软件,软件开发,-2.109093
5330,2025-01-24,SZ.ZB_002008,大族激光,通用设备,-2.1091533
5331,2025-01-27,SH.ZB_603215,比依股份,家电行业,-2.1091747
5332,2025-01-27,SH.KC_688101,三达膜,环保行业,-2.1092877
5333,2025-01-27,SH.ZB_603993,洛阳钼业,小金属,-2.1092978
5334,2025-01-24,SH.ZB_600088,中视传媒,文化传媒,-2.1094642
5335,2025-01-27,SH.KC_300970,华绿生物,农牧饲渔,-2.1095004
5336,2025-01-27,SZ.ZB_000417,合百集团,商业百货,-2.1095467
5337,2025-01-27,SH.KC_301345,涛涛车业,交运设备,-2.1096241
5338,2025-01-27,SZ.ZB_002301,齐心集团,家用轻工,-2.1097224
5339,2025-01-27,SZ.ZB_002172,澳洋健康,医疗服务,-2.1097615
5340,2025-01-24,SZ.ZB_002248,华东数控,通用设备,-2.1097865
5341,2025-01-27,SH.KC_301038,深水规院,工程建设,-2.1098864
5342,2025-01-24,SH.ZB_600438,通威股份,光伏设备,-2.1101785
5343,2025-01-27,SH.KC_300951,博硕科技,消费电子,-2.110314
5344,2025-01-27,SZ.ZB_002661,克明食品,食品饮料,-2.1105006
5345,2025-01-27,SH.KC_301186,超达装备,汽车零部件,-2.1105618
5346,2025-01-27,SH.ZB_603197,保隆科技,汽车零部件,-2.1105907
5347,2025-01-27,SH.KC_300514,友讯达,电网设备,-2.110649
5348,2025-01-27,SH.KC_300819,聚杰微纤,纺织服装,-2.1108286
5349,2025-01-27,SZ.ZB_003027,同兴科技,环保行业,-2.1108341
5350,2025-01-27,SZ.ZB_002140,东华科技,工程建设,-2.1108537
5351,2025-01-24,SH.ZB_603165,荣晟环保,造纸印刷,-2.111057
5352,2025-01-27,SH.KC_688169,石头科技,家电行业,-2.1111023
5353,2025-01-24,SH.KC_300269,联建光电,互联网服务,-2.1112163
5354,2025-01-27,SH.ZB_603303,得邦照明,家电行业,-2.1112676
5355,2025-01-24,SZ.ZB_000761,本钢板材,钢铁行业,-2.111418
5356,2025-01-27,SH.KC_301505,苏州规划,工程咨询服务,-2.1114442
5357,2025-01-24,SH.ZB_603909,建发合诚,工程咨询服务,-2.1114986
5358,2025-01-24,SH.ZB_600029,南方航空,航空机场,-2.1116517
5359,2025-01-27,SZ.ZB_002389,航天彩虹,航天航空,-2.1117795
5360,2025-01-24,SH.ZB_601555,东吴证券,证券,-2.1122363
5361,2025-01-24,SH.KC_300152,新动力,环保行业,-2.112401
5362,2025-01-27,SH.KC_300750,宁德时代,电池,-2.1124163
5363,2025-01-24,SH.ZB_605218,伟时电子,光学光电子,-2.1124172
5364,2025-01-24,SH.KC_301041,金百泽,电子元件,-2.1124382
5365,2025-01-24,SH.ZB_600851,海欣股份,化学制药,-2.1125112
5366,2025-01-24,SH.ZB_601099,太平洋,证券,-2.1125598
5367,2025-01-27,SH.KC_688669,聚石化学,塑料制品,-2.1127408
5368,2025-01-27,SZ.ZB_002193,如意集团,纺织服装,-2.1128883
5369,2025-01-27,SH.KC_300511,雪榕生物,农牧饲渔,-2.112895
5370,2025-01-27,SH.KC_688063,派能科技,电池,-2.1129353
5371,2025-01-24,SZ.ZB_002955,鸿合科技,光学光电子,-2.112944
5372,2025-01-24,SZ.ZB_002452,长高电新,电网设备,-2.113196
5373,2025-01-27,SH.KC_300891,惠云钛业,化学原料,-2.1137698
5374,2025-01-27,SH.ZB_600235,民丰特纸,造纸印刷,-2.1138332
5375,2025-01-27,SZ.ZB_002556,辉隆股份,化肥行业,-2.1139302
5376,2025-01-27,SH.KC_300475,香农芯创,电子元件,-2.1140535
5377,2025-01-27,SH.ZB_601319,中国人保,保险,-2.1140678
5378,2025-01-24,SH.KC_301133,金钟股份,汽车零部件,-2.1142955
5379,2025-01-27,SH.ZB_600419,天润乳业,食品饮料,-2.1144245
5380,2025-01-24,SH.KC_688211,中科微至,物流行业,-2.11444
5381,2025-01-27,SH.KC_301292,海科新源,化学制品,-2.1145666
5382,2025-01-27,SZ.ZB_002104,恒宝股份,通信设备,-2.1146812
5383,2025-01-24,SZ.ZB_002543,万和电气,家电行业,-2.1146889
5384,2025-01-24,SH.ZB_600718,东软集团,互联网服务,-2.1146975
5385,2025-01-24,SZ.ZB_002756,永兴材料,钢铁行业,-2.1147556
5386,2025-01-27,SH.ZB_605255,天普股份,汽车零部件,-2.1148205
5387,2025-01-24,SH.KC_301190,善水科技,化学制品,-2.1150534
5388,2025-01-24,SH.ZB_601601,中国太保,保险,-2.1150608
5389,2025-01-27,SH.KC_300253,卫宁健康,软件开发,-2.1156
5390,2025-01-24,SH.KC_300725,药石科技,化学制药,-2.1156988
5391,2025-01-27,SH.KC_688193,仁度生物,生物制品,-2.1158323
5392,2025-01-27,SZ.ZB_000014,沙河股份,房地产开发,-2.1161659
5393,2025-01-24,SH.ZB_600650,锦江在线,铁路公路,-2.1164412
5394,2025-01-24,SZ.ZB_002524,光正眼科,医疗服务,-2.116476
5395,2025-01-24,SH.KC_300568,星源材质,电池,-2.1164942
5396,2025-01-24,SH.KC_301187,欧圣电气,家电行业,-2.1165745
5397,2025-01-27,SH.ZB_605155,西大门,家用轻工,-2.1167157
5398,2025-01-27,SH.KC_301176,逸豪新材,电子元件,-2.1168275
5399,2025-01-27,SZ.ZB_000598,兴蓉环境,公用事业,-2.11693
5400,2025-01-27,SH.KC_300269,联建光电,互联网服务,-2.116999
5401,2025-01-24,SH.KC_688002,睿创微纳,半导体,-2.1170926
5402,2025-01-27,SZ.ZB_000958,电投产融,电力行业,-2.1171725
5403,2025-01-27,SZ.ZB_002067,景兴纸业,造纸印刷,-2.1173105
5404,2025-01-27,SH.KC_688148,芳源股份,电池,-2.117813
5405,2025-01-27,SH.KC_688722,同益中,化纤行业,-2.1179233
5406,2025-01-27,SH.KC_300724,捷佳伟创,光伏设备,-2.118341
5407,2025-01-24,SH.KC_688303,大全能源,光伏设备,-2.1183846
5408,2025-01-27,SZ.ZB_002492,恒基达鑫,物流行业,-2.1184664
5409,2025-01-27,SZ.ZB_000059,华锦股份,石油行业,-2.1186826
5410,2025-01-24,SH.KC_301338,凯格精机,专用设备,-2.1188204
5411,2025-01-27,SZ.ZB_002996,顺博合金,有色金属,-2.11899
5412,2025-01-24,SH.KC_300930,屹通新材,有色金属,-2.1196532
5413,2025-01-24,SH.KC_688006,杭可科技,电池,-2.1196616
5414,2025-01-27,SH.KC_301577,美信科技,电子元件,-2.1197248
5415,2025-01-27,SH.KC_300588,熙菱信息,软件开发,-2.119844
5416,2025-01-27,SZ.ZB_002873,新天药业,中药,-2.1200864
5417,2025-01-27,SH.KC_688522,纳睿雷达,计算机设备,-2.1201828
5418,2025-01-27,SH.KC_300549,优德精密,专用设备,-2.1202128
5419,2025-01-24,SH.KC_301043,绿岛风,专用设备,-2.120338
5420,2025-01-24,SH.ZB_600919,江苏银行,银行,-2.120638
5421,2025-01-27,SH.KC_300398,飞凯材料,电子化学品,-2.1209404
5422,2025-01-24,SH.KC_300923,研奥股份,交运设备,-2.1210313
5423,2025-01-27,SZ.ZB_002428,云南锗业,小金属,-2.1211398
5424,2025-01-27,SZ.ZB_002284,亚太股份,汽车零部件,-2.1211464
5425,2025-01-24,SH.ZB_600979,广安爱众,电力行业,-2.1211884
5426,2025-01-24,SH.KC_300682,朗新集团,软件开发,-2.1214526
5427,2025-01-27,SH.ZB_601616,广电电气,电网设备,-2.1214983
5428,2025-01-24,SH.KC_688357,建龙微纳,非金属材料,-2.1215572
5429,2025-01-27,SH.KC_301179,泽宇智能,软件开发,-2.1216788
5430,2025-01-27,SZ.ZB_002082,万邦德,化学制药,-2.121689
5431,2025-01-27,SH.KC_300164,通源石油,采掘行业,-2.1217153
5432,2025-01-24,SZ.ZB_002084,海鸥住工,装修装饰,-2.1217363
5433,2025-01-27,SH.KC_300240,飞力达,物流行业,-2.1217577
5434,2025-01-27,SH.ZB_600821,金开新能,电力行业,-2.1218784
5435,2025-01-27,SH.ZB_600630,龙头股份,纺织服装,-2.1219893
5436,2025-01-27,SH.KC_300780,德恩精工,通用设备,-2.122047
5437,2025-01-24,SH.ZB_600212,绿能慧充,电力行业,-2.122325
5438,2025-01-27,SZ.ZB_002248,华东数控,通用设备,-2.1228766
5439,2025-01-24,SH.KC_301290,东星医疗,医疗器械,-2.1229155
5440,2025-01-24,SH.ZB_603638,艾迪精密,工程机械,-2.122978
5441,2025-01-27,SZ.ZB_001269,欧晶科技,光伏设备,-2.1231103
5442,2025-01-27,SH.ZB_601528,瑞丰银行,银行,-2.1231263
5443,2025-01-27,SZ.ZB_002056,横店东磁,光伏设备,-2.1231995
5444,2025-01-27,SH.KC_300573,兴齐眼药,化学制药,-2.123215
5445,2025-01-27,SH.ZB_603536,惠发食品,食品饮料,-2.1233883
5446,2025-01-27,SH.KC_301388,欣灵电气,电网设备,-2.1235547
5447,2025-01-27,SH.ZB_600223,福瑞达,生物制品,-2.123966
5448,2025-01-27,SH.ZB_600081,东风科技,汽车零部件,-2.12412
5449,2025-01-27,SH.ZB_605499,东鹏饮料,食品饮料,-2.124281
5450,2025-01-27,SH.ZB_600909,华安证券,证券,-2.1242998
5451,2025-01-24,SH.KC_300903,科翔股份,电子元件,-2.1246412
5452,2025-01-27,SH.ZB_600900,长江电力,电力行业,-2.1250982
5453,2025-01-24,SH.KC_300883,龙利得,造纸印刷,-2.1251512
5454,2025-01-27,SZ.ZB_002285,世联行,房地产服务,-2.125264
5455,2025-01-27,SH.ZB_603020,爱普股份,食品饮料,-2.125368
5456,2025-01-27,SH.KC_300993,玉马科技,家用轻工,-2.1255226
5457,2025-01-24,SH.KC_300880,迦南智能,电网设备,-2.1255472
5458,2025-01-24,SZ.ZB_003011,海象新材,塑料制品,-2.12564
5459,2025-01-24,SH.KC_301320,豪江智能,电子元件,-2.1257439
5460,2025-01-27,SH.ZB_603097,江苏华辰,电网设备,-2.1257472
5461,2025-01-24,SH.KC_300995,奇德新材,塑料制品,-2.1257522
5462,2025-01-24,SH.ZB_603439,贵州三力,中药,-2.1258912
5463,2025-01-24,SH.ZB_601229,上海银行,银行,-2.1260386
5464,2025-01-27,SH.ZB_603008,喜临门,装修建材,-2.126205
5465,2025-01-24,SH.KC_688496,清越科技,电子元件,-2.1262646
5466,2025-01-24,SH.ZB_600463,空港股份,房地产开发,-2.1262965
5467,2025-01-27,SH.KC_300962,中金辐照,专业服务,-2.1265364
5468,2025-01-27,SZ.ZB_000400,许继电气,电网设备,-2.12655
5469,2025-01-27,SH.KC_688180,君实生物-U,生物制品,-2.1265798
5470,2025-01-24,SH.ZB_603776,永安行,专业服务,-2.126592
5471,2025-01-24,SH.ZB_605566,福莱蒽特,化学制品,-2.126781
5472,2025-01-27,SH.KC_300816,艾可蓝,汽车零部件,-2.1267862
5473,2025-01-24,SH.KC_688217,睿昂基因,医疗器械,-2.1268039
5474,2025-01-27,SH.KC_688395,正弦电气,电机,-2.1271486
5475,2025-01-27,SH.ZB_600006,东风股份,汽车整车,-2.1272209
5476,2025-01-27,SH.ZB_603638,艾迪精密,工程机械,-2.127225
5477,2025-01-27,SH.ZB_600160,巨化股份,化学制品,-2.1277633
5478,2025-01-27,SH.KC_300228,富瑞特装,专用设备,-2.127884
5479,2025-01-27,SZ.ZB_000725,京东方Ａ,光学光电子,-2.1279147
5480,2025-01-27,SH.KC_688163,赛伦生物,生物制品,-2.128054
5481,2025-01-27,SH.ZB_600819,耀皮玻璃,玻璃玻纤,-2.1282847
5482,2025-01-27,SH.KC_300118,东方日升,光伏设备,-2.1283853
5483,2025-01-27,SH.ZB_600088,中视传媒,文化传媒,-2.1284347
5484,2025-01-27,SH.ZB_603373,安邦护卫,专业服务,-2.1285205
5485,2025-01-27,SZ.ZB_000066,中国长城,计算机设备,-2.1286497
5486,2025-01-27,SZ.ZB_002920,德赛西威,汽车零部件,-2.128654
5487,2025-01-27,SH.ZB_600522,中天科技,通信设备,-2.1287653
5488,2025-01-24,SH.KC_688526,科前生物,农药兽药,-2.1288443
5489,2025-01-27,SH.ZB_601229,上海银行,银行,-2.1288996
5490,2025-01-27,SH.ZB_600748,上实发展,房地产开发,-2.1289778
5491,2025-01-24,SZ.ZB_002063,远光软件,软件开发,-2.1292224
5492,2025-01-24,SZ.ZB_002003,伟星股份,纺织服装,-2.1292279
5493,2025-01-27,SH.KC_300745,欣锐科技,汽车零部件,-2.129259
5494,2025-01-24,SH.ZB_600880,博瑞传播,教育,-2.1298041
5495,2025-01-27,SH.ZB_600490,鹏欣资源,有色金属,-2.1299317
5496,2025-01-27,SH.ZB_601089,福元医药,化学制药,-2.130063
5497,2025-01-27,SH.ZB_600736,苏州高新,房地产开发,-2.130193
5498,2025-01-27,SH.ZB_603170,宝立食品,食品饮料,-2.1303375
5499,2025-01-24,SH.ZB_600727,鲁北化工,化学原料,-2.1308606
5500,2025-01-27,SH.ZB_603324,盛剑科技,环保行业,-2.1309454
5501,2025-01-27,SH.KC_688299,长阳科技,光学光电子,-2.1311243
5502,2025-01-27,SH.KC_300441,鲍斯股份,通用设备,-2.1312973
5503,2025-01-27,SH.KC_301135,瑞德智能,消费电子,-2.1313224
5504,2025-01-24,SZ.ZB_002041,登海种业,农牧饲渔,-2.1316392
5505,2025-01-27,SH.KC_300828,锐新科技,有色金属,-2.131681
5506,2025-01-27,SH.KC_300512,中亚股份,专用设备,-2.131768
5507,2025-01-24,SH.ZB_603696,安记食品,食品饮料,-2.1319466
5508,2025-01-27,SH.KC_301079,邵阳液压,通用设备,-2.1321428
5509,2025-01-24,SH.ZB_605128,上海沿浦,汽车零部件,-2.1322224
5510,2025-01-24,SH.ZB_603172,万丰股份,化学原料,-2.1324954
5511,2025-01-27,SH.ZB_600685,中船防务,船舶制造,-2.1326182
5512,2025-01-27,SH.ZB_600449,宁夏建材,水泥建材,-2.13283
5513,2025-01-27,SH.KC_688202,美迪西,医疗服务,-2.1328921
5514,2025-01-27,SZ.ZB_000657,中钨高新,小金属,-2.1328964
5515,2025-01-27,SH.KC_301057,汇隆新材,化纤行业,-2.1329434
5516,2025-01-27,SH.KC_300636,同和药业,化学制药,-2.1330686
5517,2025-01-24,SH.KC_300610,晨化股份,塑料制品,-2.1331596
5518,2025-01-24,SH.ZB_600335,国机汽车,汽车服务,-2.1331952
5519,2025-01-27,SH.ZB_603477,巨星农牧,农牧饲渔,-2.13322
5520,2025-01-27,SH.KC_300049,福瑞股份,医疗器械,-2.1334295
5521,2025-01-27,SZ.ZB_002380,科远智慧,互联网服务,-2.1336339
5522,2025-01-27,SH.ZB_600510,黑牡丹,房地产开发,-2.1339703
5523,2025-01-27,SH.KC_300784,利安科技,塑料制品,-2.1343431
5524,2025-01-27,SH.ZB_600319,亚星化学,化学原料,-2.1344006
5525,2025-01-27,SH.ZB_600894,广日股份,专用设备,-2.1345448
5526,2025-01-24,SZ.ZB_002587,奥拓电子,光学光电子,-2.1350045
5527,2025-01-27,SH.KC_301083,百胜智能,专用设备,-2.1350865
5528,2025-01-27,SH.KC_688550,瑞联新材,电子化学品,-2.1355937
5529,2025-01-24,SH.ZB_601318,中国平安,保险,-2.1356547
5530,2025-01-24,SZ.ZB_002468,申通快递,物流行业,-2.1359773
5531,2025-01-24,SH.KC_688136,科兴制药,生物制品,-2.1363485
5532,2025-01-24,SH.ZB_603527,众源新材,有色金属,-2.1363733
5533,2025-01-24,SH.KC_300838,浙江力诺,仪器仪表,-2.1363828
5534,2025-01-27,SH.ZB_600830,香溢融通,多元金融,-2.1364875
5535,2025-01-27,SH.KC_688517,金冠电气,电网设备,-2.1365893
5536,2025-01-27,SZ.ZB_002135,东南网架,工程建设,-2.1365952
5537,2025-01-27,SZ.ZB_002235,安妮股份,造纸印刷,-2.136855
5538,2025-01-27,SH.KC_688267,中触媒,化学原料,-2.136957
5539,2025-01-27,SH.ZB_601226,华电科工,工程机械,-2.137124
5540,2025-01-24,SZ.ZB_000975,山金国际,贵金属,-2.1372595
5541,2025-01-27,SH.ZB_601963,重庆银行,银行,-2.1378233
5542,2025-01-27,SH.KC_688199,久日新材,化学制品,-2.1379147
5543,2025-01-27,SH.ZB_603266,天龙股份,塑料制品,-2.1379652
5544,2025-01-27,SH.ZB_603320,迪贝电气,电机,-2.1381364
5545,2025-01-27,SH.ZB_601928,凤凰传媒,文化传媒,-2.1383595
5546,2025-01-27,SH.KC_300651,金陵体育,家用轻工,-2.1385229
5547,2025-01-27,SH.KC_300373,扬杰科技,半导体,-2.1387799
5548,2025-01-24,SH.KC_300054,鼎龙股份,电子化学品,-2.1390963
5549,2025-01-24,SH.KC_300386,飞天诚信,软件开发,-2.1392758
5550,2025-01-27,SH.KC_688733,壹石通,非金属材料,-2.1392968
5551,2025-01-24,SH.KC_300426,唐德影视,文化传媒,-2.1393878
5552,2025-01-27,SH.ZB_603125,常青科技,化学制品,-2.1399467
5553,2025-01-27,SH.ZB_600584,长电科技,半导体,-2.140479
5554,2025-01-24,SH.KC_300650,太龙股份,光学光电子,-2.1407168
5555,2025-01-24,SZ.ZB_002437,誉衡药业,化学制药,-2.1407607
5556,2025-01-27,SZ.ZB_000733,振华科技,电子元件,-2.1409311
5557,2025-01-24,SZ.ZB_000558,莱茵体育,旅游酒店,-2.1409583
5558,2025-01-27,SZ.ZB_002468,申通快递,物流行业,-2.1412332
5559,2025-01-27,SZ.ZB_002208,合肥城建,房地产开发,-2.1412706
5560,2025-01-24,SH.KC_301068,大地海洋,环保行业,-2.1413639
5561,2025-01-24,SH.KC_301013,利和兴,专用设备,-2.1416383
5562,2025-01-24,SH.ZB_605189,富春染织,纺织服装,-2.141967
5563,2025-01-27,SH.ZB_600533,栖霞建设,房地产开发,-2.142173
5564,2025-01-24,SZ.ZB_001379,腾达科技,通用设备,-2.142363
5565,2025-01-27,SH.KC_300230,永利股份,塑料制品,-2.1426063
5566,2025-01-27,SH.ZB_603016,新宏泰,电网设备,-2.142887
5567,2025-01-24,SZ.ZB_000985,大庆华科,化学制品,-2.1432624
5568,2025-01-27,SH.KC_688581,安杰思,医疗器械,-2.1434565
5569,2025-01-24,SZ.ZB_002454,松芝股份,汽车零部件,-2.1434982
5570,2025-01-27,SH.ZB_603323,苏农银行,银行,-2.1438441
5571,2025-01-27,SH.ZB_601985,中国核电,电力行业,-2.143999
5572,2025-01-24,SH.ZB_603160,汇顶科技,半导体,-2.1441524
5573,2025-01-27,SH.KC_688410,山外山,医疗器械,-2.1444476
5574,2025-01-27,SH.ZB_600276,恒瑞医药,化学制药,-2.1444721
5575,2025-01-24,SZ.ZB_002609,捷顺科技,互联网服务,-2.1452637
5576,2025-01-24,SH.KC_688011,新光光电,光学光电子,-2.1452713
5577,2025-01-27,SH.KC_689009,九号公司-WD,交运设备,-2.1453226
5578,2025-01-27,SH.KC_688563,航材股份,航天航空,-2.145359
5579,2025-01-27,SZ.ZB_003025,思进智能,通用设备,-2.1458628
5580,2025-01-27,SH.KC_301190,善水科技,化学制品,-2.1459622
5581,2025-01-27,SH.ZB_600117,西宁特钢,钢铁行业,-2.1461577
5582,2025-01-27,SH.ZB_605168,三人行,文化传媒,-2.1464121
5583,2025-01-24,SH.ZB_603097,江苏华辰,电网设备,-2.1464899
5584,2025-01-27,SH.ZB_600713,南京医药,医药商业,-2.1468039
5585,2025-01-27,SH.KC_688230,芯导科技,半导体,-2.1469939
5586,2025-01-24,SH.KC_300136,信维通信,消费电子,-2.1470942
5587,2025-01-27,SH.KC_300966,共同药业,化学制药,-2.1472561
5588,2025-01-24,SH.KC_300771,智莱科技,计算机设备,-2.1473935
5589,2025-01-24,SH.KC_300501,海顺新材,包装材料,-2.1474152
5590,2025-01-24,SZ.ZB_001207,联科科技,橡胶制品,-2.1475308
5591,2025-01-27,SH.KC_688670,金迪克,化学制药,-2.147544
5592,2025-01-27,SZ.ZB_002543,万和电气,家电行业,-2.1476257
5593,2025-01-27,SH.KC_688211,中科微至,物流行业,-2.1476302
5594,2025-01-24,SH.KC_300027,华谊兄弟,文化传媒,-2.1477787
5595,2025-01-27,SH.KC_300485,赛升药业,生物制品,-2.1478386
5596,2025-01-27,SH.ZB_601011,宝泰隆,煤炭行业,-2.148149
5597,2025-01-27,SH.ZB_600239,云南城投,房地产服务,-2.1483808
5598,2025-01-27,SH.KC_301158,德石股份,专用设备,-2.148445
5599,2025-01-24,SH.KC_301106,骏成科技,光学光电子,-2.1489737
5600,2025-01-24,SH.ZB_600292,远达环保,环保行业,-2.149125
5601,2025-01-27,SH.KC_300109,新开源,化学制品,-2.1497562
5602,2025-01-24,SH.KC_688484,南芯科技,半导体,-2.1500316
5603,2025-01-27,SZ.ZB_002277,友阿股份,商业百货,-2.1501138
5604,2025-01-27,SZ.ZB_002763,汇洁股份,纺织服装,-2.1502738
5605,2025-01-27,SH.KC_300585,奥联电子,汽车零部件,-2.1504273
5606,2025-01-24,SZ.ZB_001260,坤泰股份,汽车零部件,-2.150497
5607,2025-01-27,SH.KC_300942,易瑞生物,化学制药,-2.1505108
5608,2025-01-27,SH.KC_300575,中旗股份,农药兽药,-2.1505198
5609,2025-01-27,SH.ZB_601825,沪农商行,银行,-2.1506069
5610,2025-01-27,SZ.ZB_000619,海螺新材,装修建材,-2.1508577
5611,2025-01-27,SH.ZB_603333,尚纬股份,电网设备,-2.151447
5612,2025-01-27,SH.KC_300238,冠昊生物,医疗器械,-2.1516144
5613,2025-01-27,SH.KC_688680,海优新材,光伏设备,-2.1516552
5614,2025-01-27,SZ.ZB_001226,拓山重工,工程机械,-2.1516786
5615,2025-01-27,SZ.ZB_000600,建投能源,电力行业,-2.1517262
5616,2025-01-27,SZ.ZB_002799,环球印务,包装材料,-2.1517425
5617,2025-01-24,SH.KC_688348,昱能科技,光伏设备,-2.1517644
5618,2025-01-27,SH.KC_300995,奇德新材,塑料制品,-2.151797
5619,2025-01-27,SZ.ZB_000933,神火股份,有色金属,-2.1521053
5620,2025-01-27,SH.KC_300656,民德电子,电子元件,-2.1522164
5621,2025-01-27,SZ.ZB_001308,康冠科技,消费电子,-2.152377
5622,2025-01-27,SH.KC_300206,理邦仪器,医疗器械,-2.15258
5623,2025-01-27,SH.KC_688261,东微半导,半导体,-2.1527064
5624,2025-01-27,SZ.ZB_002845,同兴达,光学光电子,-2.152905
5625,2025-01-27,SZ.ZB_002132,恒星科技,通用设备,-2.1529188
5626,2025-01-27,SH.ZB_603109,神驰机电,通用设备,-2.1529222
5627,2025-01-24,SH.KC_688539,高华科技,电子元件,-2.1529293
5628,2025-01-24,SH.ZB_603969,银龙股份,通用设备,-2.153147
5629,2025-01-27,SH.KC_688022,瀚川智能,专用设备,-2.1531713
5630,2025-01-24,SZ.ZB_002421,达实智能,软件开发,-2.1531727
5631,2025-01-27,SZ.ZB_002429,兆驰股份,家电行业,-2.1535993
5632,2025-01-27,SH.KC_301421,波长光电,光学光电子,-2.153663
5633,2025-01-27,SH.KC_300706,阿石创,半导体,-2.1537633
5634,2025-01-27,SH.ZB_600547,山东黄金,贵金属,-2.1538374
5635,2025-01-27,SH.ZB_603937,丽岛新材,有色金属,-2.154031
5636,2025-01-24,SH.KC_301552,科力装备,汽车零部件,-2.1541123
5637,2025-01-24,SH.KC_300075,数字政通,软件开发,-2.1544445
5638,2025-01-27,SZ.ZB_002803,吉宏股份,文化传媒,-2.154528
5639,2025-01-27,SH.ZB_600000,浦发银行,银行,-2.1546001
5640,2025-01-24,SZ.ZB_003019,宸展光电,光学光电子,-2.1546392
5641,2025-01-27,SH.KC_300147,香雪制药,中药,-2.154688
5642,2025-01-24,SH.ZB_603122,合富中国,医药商业,-2.1548276
5643,2025-01-27,SH.KC_300460,惠伦晶体,电子元件,-2.1549046
5644,2025-01-24,SH.ZB_603733,仙鹤股份,造纸印刷,-2.1549249
5645,2025-01-24,SZ.ZB_002365,永安药业,化学制药,-2.1550872
5646,2025-01-24,SH.ZB_603266,天龙股份,塑料制品,-2.1551306
5647,2025-01-27,SH.KC_300950,德固特,专用设备,-2.1552336
5648,2025-01-24,SH.KC_300311,任子行,软件开发,-2.1553328
5649,2025-01-27,SH.KC_688305,科德数控,通用设备,-2.1553466
5650,2025-01-24,SH.ZB_600285,羚锐制药,中药,-2.1559308
5651,2025-01-24,SZ.ZB_002391,长青股份,农药兽药,-2.1560838
5652,2025-01-24,SH.ZB_600510,黑牡丹,房地产开发,-2.156717
5653,2025-01-24,SH.ZB_603008,喜临门,装修建材,-2.156856
5654,2025-01-24,SH.ZB_603093,南华期货,多元金融,-2.1569502
5655,2025-01-24,SH.ZB_603333,尚纬股份,电网设备,-2.1578453
5656,2025-01-24,SZ.ZB_002658,雪迪龙,仪器仪表,-2.1581538
5657,2025-01-27,SH.ZB_600279,重庆港,航运港口,-2.158256
5658,2025-01-24,SZ.ZB_000713,丰乐种业,农牧饲渔,-2.1583176
5659,2025-01-24,SH.KC_688387,信科移动-U,通信设备,-2.1585026
5660,2025-01-27,SH.ZB_605116,奥锐特,化学制药,-2.1588297
5661,2025-01-27,SH.KC_300904,威力传动,风电设备,-2.1588943
5662,2025-01-27,SH.KC_688032,禾迈股份,光伏设备,-2.1588976
5663,2025-01-27,SH.ZB_603535,嘉诚国际,物流行业,-2.1589072
5664,2025-01-24,SH.KC_688260,昀冢科技,消费电子,-2.159103
5665,2025-01-27,SZ.ZB_000818,航锦科技,化学原料,-2.159177
5666,2025-01-27,SH.KC_300525,博思软件,软件开发,-2.1591864
5667,2025-01-27,SH.ZB_600272,开开实业,医药商业,-2.1592855
5668,2025-01-27,SH.ZB_603628,清源股份,光伏设备,-2.1593268
5669,2025-01-27,SZ.ZB_002978,安宁股份,有色金属,-2.1593645
5670,2025-01-27,SH.KC_688035,德邦科技,电子元件,-2.1598554
5671,2025-01-24,SH.ZB_600751,海航科技,航运港口,-2.1599026
5672,2025-01-27,SH.KC_300107,建新股份,化学制品,-2.1600873
5673,2025-01-24,SZ.ZB_000096,广聚能源,石油行业,-2.160217
5674,2025-01-27,SH.KC_300005,探路者,纺织服装,-2.1602182
5675,2025-01-24,SZ.ZB_002476,宝莫股份,化学制品,-2.160267
5676,2025-01-27,SH.KC_688543,国科军工,航天航空,-2.160438
5677,2025-01-27,SH.KC_301331,恩威医药,中药,-2.1606266
5678,2025-01-27,SH.ZB_600218,全柴动力,汽车零部件,-2.1611035
5679,2025-01-24,SH.ZB_603630,拉芳家化,美容护理,-2.161316
5680,2025-01-27,SH.ZB_601628,中国人寿,保险,-2.1613371
5681,2025-01-24,SH.ZB_603815,交建股份,工程建设,-2.1614459
5682,2025-01-24,SH.KC_688318,财富趋势,软件开发,-2.1615481
5683,2025-01-27,SH.ZB_601216,君正集团,化学原料,-2.1619773
5684,2025-01-27,SH.KC_688626,翔宇医疗,医疗器械,-2.162173
5685,2025-01-27,SH.KC_300876,蒙泰高新,化纤行业,-2.1622233
5686,2025-01-24,SZ.ZB_000089,深圳机场,航空机场,-2.1623812
5687,2025-01-27,SH.ZB_601827,三峰环境,环保行业,-2.1624653
5688,2025-01-24,SH.ZB_601665,齐鲁银行,银行,-2.1626465
5689,2025-01-27,SH.KC_688201,信安世纪,软件开发,-2.1627448
5690,2025-01-24,SH.ZB_603002,宏昌电子,电子化学品,-2.162852
5691,2025-01-27,SH.ZB_603122,合富中国,医药商业,-2.1631093
5692,2025-01-27,SH.KC_300717,华信新材,塑料制品,-2.1631093
5693,2025-01-24,SH.KC_688029,南微医学,医疗器械,-2.1631095
5694,2025-01-27,SH.KC_301037,保立佳,化学制品,-2.1631298
5695,2025-01-27,SH.KC_688586,江航装备,航天航空,-2.1634467
5696,2025-01-24,SZ.ZB_002194,武汉凡谷,通信设备,-2.1634839
5697,2025-01-27,SZ.ZB_000838,财信发展,房地产开发,-2.1636329
5698,2025-01-27,SZ.ZB_002891,中宠股份,农牧饲渔,-2.1637154
5699,2025-01-27,SH.KC_688557,兰剑智能,通用设备,-2.164019
5700,2025-01-27,SH.KC_300317,珈伟新能,光伏设备,-2.1640604
5701,2025-01-27,SH.ZB_601992,金隅集团,水泥建材,-2.1641974
5702,2025-01-24,SH.ZB_600710,苏美达,贸易行业,-2.1642168
5703,2025-01-24,SH.KC_300484,蓝海华腾,专用设备,-2.164247
5704,2025-01-24,SH.ZB_600731,湖南海利,农药兽药,-2.1644804
5705,2025-01-24,SH.KC_301222,浙江恒威,电池,-2.1645832
5706,2025-01-27,SZ.ZB_002571,德力股份,家用轻工,-2.164615
5707,2025-01-27,SZ.ZB_000921,海信家电,家电行业,-2.1647007
5708,2025-01-24,SH.KC_301155,海力风电,风电设备,-2.165013
5709,2025-01-24,SZ.ZB_000995,皇台酒业,酿酒行业,-2.1651418
5710,2025-01-27,SZ.ZB_002467,二六三,通信服务,-2.1653173
5711,2025-01-24,SH.ZB_601858,中国科传,文化传媒,-2.1654685
5712,2025-01-24,SH.ZB_600525,长园集团,电网设备,-2.165544
5713,2025-01-24,SH.KC_688788,科思科技,通信设备,-2.1655886
5714,2025-01-27,SH.KC_300027,华谊兄弟,文化传媒,-2.165824
5715,2025-01-27,SH.KC_688562,航天软件,互联网服务,-2.1659846
5716,2025-01-24,SH.ZB_603310,巍华新材,化学原料,-2.1661754
5717,2025-01-27,SZ.ZB_001328,登康口腔,美容护理,-2.166177
5718,2025-01-24,SH.ZB_603937,丽岛新材,有色金属,-2.1664433
5719,2025-01-24,SH.ZB_601319,中国人保,保险,-2.1666443
5720,2025-01-24,SH.ZB_600379,宝光股份,电网设备,-2.1666975
5721,2025-01-24,SZ.ZB_002247,聚力文化,装修装饰,-2.1667466
5722,2025-01-24,SH.KC_688479,友车科技,汽车服务,-2.1669543
5723,2025-01-24,SH.ZB_600980,北矿科技,小金属,-2.1671011
5724,2025-01-27,SH.ZB_603696,安记食品,食品饮料,-2.167413
5725,2025-01-24,SH.ZB_603385,惠达卫浴,装修装饰,-2.16752
5726,2025-01-27,SH.ZB_600525,长园集团,电网设备,-2.1675851
5727,2025-01-24,SZ.ZB_002763,汇洁股份,纺织服装,-2.1676998
5728,2025-01-27,SH.ZB_601058,赛轮轮胎,橡胶制品,-2.1685128
5729,2025-01-24,SH.ZB_600192,长城电工,电网设备,-2.1685357
5730,2025-01-27,SH.ZB_600604,市北高新,房地产服务,-2.1685429
5731,2025-01-24,SH.KC_301132,满坤科技,电子元件,-2.1685638
5732,2025-01-24,SH.ZB_603219,富佳股份,家电行业,-2.1686862
5733,2025-01-27,SZ.ZB_002421,达实智能,软件开发,-2.168834
5734,2025-01-27,SH.ZB_605299,舒华体育,家用轻工,-2.1690872
5735,2025-01-24,SH.KC_300564,筑博设计,工程咨询服务,-2.1690984
5736,2025-01-24,SH.KC_300348,长亮科技,软件开发,-2.1692677
5737,2025-01-27,SH.KC_688697,纽威数控,通用设备,-2.1693506
5738,2025-01-27,SH.KC_301105,鸿铭股份,专用设备,-2.169535
5739,2025-01-24,SH.ZB_603988,中电电机,电机,-2.1698718
5740,2025-01-24,SH.ZB_601616,广电电气,电网设备,-2.1703634
5741,2025-01-24,SH.KC_688199,久日新材,化学制品,-2.170454
5742,2025-01-24,SH.ZB_600735,新华锦,纺织服装,-2.1705427
5743,2025-01-24,SH.KC_301169,零点有数,专业服务,-2.170571
5744,2025-01-24,SH.ZB_603680,今创集团,交运设备,-2.1707063
5745,2025-01-27,SZ.ZB_001227,兰州银行,银行,-2.170773
5746,2025-01-27,SH.KC_688368,晶丰明源,半导体,-2.170911
5747,2025-01-27,SZ.ZB_002664,信质集团,汽车零部件,-2.170969
5748,2025-01-27,SZ.ZB_002369,卓翼科技,消费电子,-2.1709967
5749,2025-01-27,SH.KC_300397,天和防务,通信设备,-2.171266
5750,2025-01-24,SH.KC_300720,海川智能,仪器仪表,-2.1714072
5751,2025-01-24,SH.KC_300686,智动力,消费电子,-2.1715398
5752,2025-01-27,SH.ZB_600476,湘邮科技,软件开发,-2.1715603
5753,2025-01-24,SH.KC_688630,芯碁微装,专用设备,-2.1719303
5754,2025-01-27,SH.KC_688093,世华科技,电子元件,-2.1719348
5755,2025-01-24,SH.KC_301057,汇隆新材,化纤行业,-2.172267
5756,2025-01-24,SH.ZB_600618,氯碱化工,化学原料,-2.1726117
5757,2025-01-27,SZ.ZB_002747,埃斯顿,通用设备,-2.1726198
5758,2025-01-27,SH.ZB_603713,密尔克卫,物流行业,-2.1726713
5759,2025-01-27,SH.ZB_601198,东兴证券,证券,-2.1728666
5760,2025-01-27,SH.ZB_603906,龙蟠科技,电池,-2.173071
5761,2025-01-27,SH.KC_301008,宏昌科技,家电行业,-2.1731431
5762,2025-01-27,SH.ZB_600550,保变电气,电网设备,-2.1732128
5763,2025-01-24,SH.KC_301307,美利信,通信设备,-2.1732998
5764,2025-01-27,SH.ZB_600488,津药药业,化学制药,-2.1736445
5765,2025-01-24,SH.KC_688553,汇宇制药-W,化学制药,-2.1736681
5766,2025-01-24,SH.ZB_603520,司太立,化学制药,-2.1738703
5767,2025-01-24,SH.KC_301158,德石股份,专用设备,-2.1738818
5768,2025-01-27,SZ.ZB_002962,五方光电,光学光电子,-2.1742845
5769,2025-01-27,SH.ZB_600654,中安科,软件开发,-2.174324
5770,2025-01-24,SH.ZB_601162,天风证券,证券,-2.1743333
5771,2025-01-24,SH.KC_300778,新城市,工程咨询服务,-2.174472
5772,2025-01-24,SH.KC_300200,高盟新材,化学制品,-2.1746361
5773,2025-01-27,SH.KC_688625,呈和科技,化学制品,-2.1747773
5774,2025-01-27,SH.KC_688082,盛美上海,半导体,-2.1747777
5775,2025-01-27,SZ.ZB_000582,北部湾港,航运港口,-2.1748946
5776,2025-01-24,SZ.ZB_000729,燕京啤酒,酿酒行业,-2.1750271
5777,2025-01-24,SH.KC_300492,华图山鼎,工程咨询服务,-2.175037
5778,2025-01-27,SH.KC_300198,纳川股份,装修建材,-2.17518
5779,2025-01-24,SH.KC_688216,气派科技,半导体,-2.1752632
5780,2025-01-24,SH.ZB_603496,恒为科技,互联网服务,-2.175613
5781,2025-01-27,SH.KC_300755,华致酒行,贸易行业,-2.175646
5782,2025-01-27,SZ.ZB_002174,游族网络,游戏,-2.1756933
5783,2025-01-24,SH.KC_300514,友讯达,电网设备,-2.175813
5784,2025-01-24,SH.KC_688273,麦澜德,医疗器械,-2.1760135
5785,2025-01-27,SH.KC_688376,美埃科技,环保行业,-2.1764145
5786,2025-01-27,SZ.ZB_000753,漳州发展,汽车服务,-2.176425
5787,2025-01-27,SZ.ZB_003038,鑫铂股份,有色金属,-2.1768088
5788,2025-01-24,SZ.ZB_002639,雪人股份,通用设备,-2.1769872
5789,2025-01-24,SH.KC_300111,向日葵,化学制药,-2.1773105
5790,2025-01-27,SZ.ZB_002320,海峡股份,航运港口,-2.1774855
5791,2025-01-24,SH.ZB_600350,山东高速,铁路公路,-2.17764
5792,2025-01-27,SH.KC_300152,新动力,环保行业,-2.1780717
5793,2025-01-24,SZ.ZB_002655,共达电声,消费电子,-2.178225
5794,2025-01-24,SZ.ZB_002395,双象股份,塑料制品,-2.1784215
5795,2025-01-27,SH.ZB_605033,美邦股份,农药兽药,-2.1784618
5796,2025-01-24,SH.ZB_600605,汇通能源,房地产服务,-2.1785138
5797,2025-01-27,SH.KC_300340,科恒股份,电池,-2.1787193
5798,2025-01-24,SH.KC_300132,青松股份,美容护理,-2.1787276
5799,2025-01-27,SZ.ZB_002278,神开股份,专用设备,-2.1787882
5800,2025-01-24,SZ.ZB_000524,岭南控股,旅游酒店,-2.1788173
5801,2025-01-27,SH.KC_300513,恒实科技,通信服务,-2.1789858
5802,2025-01-24,SZ.ZB_002264,新 华 都,互联网服务,-2.1790543
5803,2025-01-24,SZ.ZB_002244,滨江集团,房地产开发,-2.179504
5804,2025-01-27,SH.KC_301197,工大科雅,软件开发,-2.179627
5805,2025-01-27,SZ.ZB_002400,省广集团,文化传媒,-2.1797721
5806,2025-01-24,SZ.ZB_002591,恒大高新,互联网服务,-2.1799948
5807,2025-01-24,SZ.ZB_002841,视源股份,消费电子,-2.1807194
5808,2025-01-27,SZ.ZB_002644,佛慈制药,中药,-2.1810877
5809,2025-01-27,SH.KC_300552,万集科技,软件开发,-2.1811604
5810,2025-01-27,SZ.ZB_002615,哈尔斯,家用轻工,-2.1815574
5811,2025-01-27,SH.KC_301195,北路智控,软件开发,-2.1815648
5812,2025-01-24,SH.ZB_600482,中国动力,船舶制造,-2.181734
5813,2025-01-24,SZ.ZB_001230,劲旅环境,环保行业,-2.1817799
5814,2025-01-24,SZ.ZB_002109,兴化股份,化学原料,-2.1818643
5815,2025-01-27,SH.KC_688260,昀冢科技,消费电子,-2.1819026
5816,2025-01-27,SZ.ZB_002889,东方嘉盛,物流行业,-2.1819084
5817,2025-01-24,SZ.ZB_002134,天津普林,电子元件,-2.181912
5818,2025-01-27,SH.KC_688786,悦安新材,有色金属,-2.1819317
5819,2025-01-27,SH.KC_300381,溢多利,化学制药,-2.1821418
5820,2025-01-27,SH.KC_301538,骏鼎达,塑料制品,-2.1822972
5821,2025-01-27,SH.ZB_600327,大东方,医疗服务,-2.1824663
5822,2025-01-27,SH.KC_300213,佳讯飞鸿,通信设备,-2.1828926
5823,2025-01-24,SH.ZB_600645,中源协和,生物制品,-2.1834095
5824,2025-01-27,SH.ZB_600866,星湖科技,化学制品,-2.1834848
5825,2025-01-24,SH.KC_688663,新风光,电网设备,-2.1835272
5826,2025-01-24,SH.ZB_605099,共创草坪,家用轻工,-2.1837564
5827,2025-01-24,SH.KC_300717,华信新材,塑料制品,-2.183784
5828,2025-01-27,SH.ZB_600201,生物股份,农药兽药,-2.1841114
5829,2025-01-27,SH.KC_688501,青达环保,专用设备,-2.1841817
5830,2025-01-27,SH.KC_301132,满坤科技,电子元件,-2.1843803
5831,2025-01-24,SH.KC_301198,喜悦智行,塑料制品,-2.184483
5832,2025-01-27,SZ.ZB_000158,常山北明,综合行业,-2.184603
5833,2025-01-24,SZ.ZB_002595,豪迈科技,专用设备,-2.1846812
5834,2025-01-27,SH.KC_300690,双一科技,风电设备,-2.1847517
5835,2025-01-27,SZ.ZB_001313,粤海饲料,农牧饲渔,-2.1847732
5836,2025-01-27,SZ.ZB_002395,双象股份,塑料制品,-2.1848862
5837,2025-01-27,SZ.ZB_002155,湖南黄金,贵金属,-2.1849048
5838,2025-01-24,SZ.ZB_002465,海格通信,通信设备,-2.184925
5839,2025-01-24,SZ.ZB_002968,新大正,房地产服务,-2.1849704
5840,2025-01-24,SH.KC_301008,宏昌科技,家电行业,-2.1849866
5841,2025-01-27,SH.ZB_603328,依顿电子,电子元件,-2.185059
5842,2025-01-24,SZ.ZB_002842,翔鹭钨业,小金属,-2.1851807
5843,2025-01-24,SH.KC_688536,思瑞浦,半导体,-2.1852572
5844,2025-01-27,SH.ZB_601377,兴业证券,证券,-2.185464
5845,2025-01-27,SH.KC_300411,金盾股份,专用设备,-2.1859007
5846,2025-01-27,SH.ZB_603607,京华激光,造纸印刷,-2.1859372
5847,2025-01-24,SH.KC_300842,帝科股份,光伏设备,-2.1860716
5848,2025-01-24,SH.ZB_600113,浙江东日,综合行业,-2.1861668
5849,2025-01-27,SZ.ZB_000928,中钢国际,工程咨询服务,-2.1862268
5850,2025-01-27,SH.KC_301040,中环海陆,风电设备,-2.1864681
5851,2025-01-24,SH.ZB_600386,北巴传媒,汽车服务,-2.186789
5852,2025-01-27,SZ.ZB_000712,锦龙股份,证券,-2.1870253
5853,2025-01-27,SH.KC_300778,新城市,工程咨询服务,-2.187237
5854,2025-01-27,SH.ZB_600864,哈投股份,证券,-2.1873891
5855,2025-01-27,SH.ZB_603833,欧派家居,装修建材,-2.1874168
5856,2025-01-27,SZ.ZB_001225,和泰机电,通用设备,-2.1875982
5857,2025-01-27,SZ.ZB_002749,国光股份,农药兽药,-2.187692
5858,2025-01-27,SH.KC_688726,拉普拉斯,光伏设备,-2.1877098
5859,2025-01-24,SZ.ZB_000158,常山北明,综合行业,-2.187835
5860,2025-01-27,SH.KC_688700,东威科技,专用设备,-2.1878963
5861,2025-01-24,SH.KC_300220,金运激光,电子元件,-2.1880836
5862,2025-01-24,SH.KC_300037,新宙邦,电池,-2.188103
5863,2025-01-24,SH.ZB_603613,国联股份,互联网服务,-2.1882257
5864,2025-01-24,SZ.ZB_002298,中电兴发,软件开发,-2.188259
5865,2025-01-24,SH.ZB_603768,常青股份,汽车零部件,-2.188588
5866,2025-01-27,SH.KC_301041,金百泽,电子元件,-2.188634
5867,2025-01-27,SH.KC_688353,华盛锂电,化学制品,-2.1889005
5868,2025-01-27,SH.KC_300414,中光防雷,通信设备,-2.1891725
5869,2025-01-24,SZ.ZB_002823,凯中精密,电机,-2.1892703
5870,2025-01-27,SH.KC_301548,崇德科技,通用设备,-2.189649
5871,2025-01-24,SH.KC_300787,海能实业,消费电子,-2.1898334
5872,2025-01-24,SH.KC_300667,必创科技,仪器仪表,-2.190055
5873,2025-01-27,SH.KC_300597,吉大通信,通信服务,-2.190248
5874,2025-01-24,SH.ZB_603898,好莱客,装修建材,-2.1903577
5875,2025-01-24,SZ.ZB_002174,游族网络,游戏,-2.1904917
5876,2025-01-27,SH.ZB_605366,宏柏新材,化学制品,-2.190717
5877,2025-01-24,SH.KC_300079,数码视讯,互联网服务,-2.1908772
5878,2025-01-24,SH.KC_688312,燕麦科技,专用设备,-2.1912463
5879,2025-01-24,SH.KC_301345,涛涛车业,交运设备,-2.1912634
5880,2025-01-27,SH.KC_301162,国能日新,软件开发,-2.1914477
5881,2025-01-24,SH.KC_688981,中芯国际,半导体,-2.191588
5882,2025-01-27,SH.KC_688135,利扬芯片,半导体,-2.191814
5883,2025-01-24,SH.ZB_603277,银都股份,通用设备,-2.1918442
5884,2025-01-24,SH.KC_688535,华海诚科,半导体,-2.1920724
5885,2025-01-27,SH.KC_300759,康龙化成,医疗服务,-2.1924577
5886,2025-01-27,SH.KC_300594,朗进科技,交运设备,-2.1928785
5887,2025-01-24,SH.KC_300666,江丰电子,半导体,-2.1928859
5888,2025-01-24,SH.ZB_600433,冠豪高新,造纸印刷,-2.1930375
5889,2025-01-27,SH.ZB_603927,中科软,软件开发,-2.1931262
5890,2025-01-27,SH.ZB_601236,红塔证券,证券,-2.193367
5891,2025-01-24,SH.ZB_603586,金麒麟,汽车零部件,-2.1935368
5892,2025-01-27,SZ.ZB_002114,罗平锌电,有色金属,-2.1936483
5893,2025-01-24,SH.KC_300780,德恩精工,通用设备,-2.1936617
5894,2025-01-27,SZ.ZB_002163,海南发展,玻璃玻纤,-2.1937213
5895,2025-01-27,SZ.ZB_000631,顺发恒业,房地产开发,-2.1938195
5896,2025-01-24,SH.KC_688302,海创药业-U,生物制品,-2.193929
5897,2025-01-27,SH.ZB_600612,老凤祥,珠宝首饰,-2.1940355
5898,2025-01-27,SH.KC_688699,明微电子,半导体,-2.1944516
5899,2025-01-27,SH.KC_301217,铜冠铜箔,电子元件,-2.1945765
5900,2025-01-27,SZ.ZB_002969,嘉美包装,包装材料,-2.1946313
5901,2025-01-24,SH.KC_300951,博硕科技,消费电子,-2.1948972
5902,2025-01-27,SH.KC_301390,经纬股份,电网设备,-2.195063
5903,2025-01-24,SH.KC_300505,川金诺,化肥行业,-2.1952336
5904,2025-01-27,SH.KC_300719,安达维尔,航天航空,-2.1953351
5905,2025-01-24,SZ.ZB_002495,佳隆股份,食品饮料,-2.1959574
5906,2025-01-24,SZ.ZB_002301,齐心集团,家用轻工,-2.1959922
5907,2025-01-24,SH.KC_688175,高凌信息,通信设备,-2.1960638
5908,2025-01-24,SZ.ZB_002782,可立克,消费电子,-2.1961167
5909,2025-01-24,SH.KC_300180,华峰超纤,塑料制品,-2.1962283
5910,2025-01-27,SZ.ZB_002221,东华能源,石油行业,-2.1962514
5911,2025-01-27,SH.KC_688981,中芯国际,半导体,-2.1964798
5912,2025-01-27,SZ.ZB_002836,新宏泽,造纸印刷,-2.1967893
5913,2025-01-27,SH.KC_300318,博晖创新,医疗器械,-2.1969345
5914,2025-01-27,SH.KC_688357,建龙微纳,非金属材料,-2.1970623
5915,2025-01-27,SZ.ZB_000922,佳电股份,电机,-2.197095
5916,2025-01-27,SH.ZB_600231,凌钢股份,钢铁行业,-2.1971493
5917,2025-01-27,SH.KC_301156,美农生物,农牧饲渔,-2.1972542
5918,2025-01-24,SZ.ZB_000953,河化股份,化学制药,-2.197638
5919,2025-01-27,SH.KC_688345,博力威,电池,-2.197848
5920,2025-01-24,SH.KC_300586,美联新材,塑料制品,-2.19788
5921,2025-01-27,SZ.ZB_002675,东诚药业,化学制药,-2.198129
5922,2025-01-24,SH.ZB_601377,兴业证券,证券,-2.1981661
5923,2025-01-27,SZ.ZB_000713,丰乐种业,农牧饲渔,-2.1983056
5924,2025-01-27,SH.ZB_603680,今创集团,交运设备,-2.1983416
5925,2025-01-24,SH.ZB_603359,东珠生态,环保行业,-2.1983712
5926,2025-01-27,SH.KC_300200,高盟新材,化学制品,-2.1985774
5927,2025-01-27,SH.ZB_603275,众辰科技,仪器仪表,-2.1987963
5928,2025-01-27,SH.KC_300284,苏交科,工程咨询服务,-2.1988173
5929,2025-01-27,SH.ZB_601872,招商轮船,航运港口,-2.1991816
5930,2025-01-27,SH.KC_300635,中达安,工程咨询服务,-2.1994166
5931,2025-01-27,SH.ZB_603073,彩蝶实业,纺织服装,-2.1994343
5932,2025-01-27,SH.KC_688665,四方光电,仪器仪表,-2.199951
5933,2025-01-27,SZ.ZB_002738,中矿资源,能源金属,-2.20015
5934,2025-01-27,SH.KC_301378,通达海,软件开发,-2.2001803
5935,2025-01-24,SH.KC_688201,信安世纪,软件开发,-2.2003658
5936,2025-01-24,SH.KC_300279,和晶科技,消费电子,-2.2008994
5937,2025-01-27,SZ.ZB_002021,中捷资源,专用设备,-2.200936
5938,2025-01-24,SH.KC_300225,金力泰,化学制品,-2.2013538
5939,2025-01-24,SH.KC_300387,富邦科技,化肥行业,-2.2015839
5940,2025-01-24,SH.KC_300381,溢多利,化学制药,-2.2018113
5941,2025-01-24,SZ.ZB_000099,中信海直,航空机场,-2.201838
5942,2025-01-24,SH.KC_301069,凯盛新材,化学原料,-2.2019932
5943,2025-01-27,SZ.ZB_002391,长青股份,农药兽药,-2.2021883
5944,2025-01-24,SH.KC_688581,安杰思,医疗器械,-2.2022467
5945,2025-01-24,SZ.ZB_001336,楚环科技,专用设备,-2.2022696
5946,2025-01-27,SH.KC_688739,成大生物,生物制品,-2.2024515
5947,2025-01-27,SH.ZB_603605,珀莱雅,美容护理,-2.2026482
5948,2025-01-24,SH.ZB_603378,亚士创能,装修建材,-2.2028542
5949,2025-01-27,SH.ZB_605567,春雪食品,食品饮料,-2.2029839
5950,2025-01-24,SH.ZB_605305,中际联合,风电设备,-2.203065
5951,2025-01-27,SZ.ZB_002787,华源控股,包装材料,-2.2034378
5952,2025-01-24,SZ.ZB_000686,东北证券,证券,-2.2034433
5953,2025-01-27,SH.KC_300963,中洲特材,有色金属,-2.203621
5954,2025-01-27,SH.KC_688528,秦川物联,仪器仪表,-2.2037494
5955,2025-01-27,SH.KC_300044,赛为智能,互联网服务,-2.2037847
5956,2025-01-27,SZ.ZB_003019,宸展光电,光学光电子,-2.2037957
5957,2025-01-24,SH.KC_301113,雅艺科技,装修装饰,-2.203815
5958,2025-01-24,SZ.ZB_002877,智能自控,仪器仪表,-2.2038856
5959,2025-01-27,SH.KC_300286,安科瑞,电网设备,-2.2044904
5960,2025-01-27,SH.KC_300616,尚品宅配,装修建材,-2.2044916
5961,2025-01-27,SZ.ZB_002888,惠威科技,消费电子,-2.204526
5962,2025-01-27,SH.ZB_603316,诚邦股份,工程建设,-2.204625
5963,2025-01-27,SH.ZB_603556,海兴电力,电网设备,-2.2046633
5964,2025-01-24,SH.KC_301010,晶雪节能,装修建材,-2.2046728
5965,2025-01-24,SZ.ZB_000712,锦龙股份,证券,-2.2051678
5966,2025-01-27,SZ.ZB_002489,浙江永强,家用轻工,-2.2052455
5967,2025-01-24,SH.ZB_605168,三人行,文化传媒,-2.2055469
5968,2025-01-27,SZ.ZB_002463,沪电股份,电子元件,-2.2056112
5969,2025-01-27,SZ.ZB_002003,伟星股份,纺织服装,-2.2059934
5970,2025-01-27,SZ.ZB_002997,瑞鹄模具,汽车零部件,-2.2067704
5971,2025-01-27,SH.KC_300627,华测导航,通信设备,-2.2068148
5972,2025-01-24,SH.ZB_603318,水发燃气,燃气,-2.207272
5973,2025-01-24,SZ.ZB_002962,五方光电,光学光电子,-2.2076244
5974,2025-01-27,SH.ZB_603088,宁波精达,通用设备,-2.20771
5975,2025-01-27,SH.KC_688450,光格科技,仪器仪表,-2.2079399
5976,2025-01-27,SZ.ZB_002392,北京利尔,装修建材,-2.208074
5977,2025-01-24,SZ.ZB_002836,新宏泽,造纸印刷,-2.2081137
5978,2025-01-24,SH.KC_300351,永贵电器,交运设备,-2.2081447
5979,2025-01-27,SZ.ZB_003018,金富科技,塑料制品,-2.2082033
5980,2025-01-27,SZ.ZB_002682,龙洲股份,物流行业,-2.208412
5981,2025-01-27,SH.ZB_600710,苏美达,贸易行业,-2.2085457
5982,2025-01-27,SH.KC_688090,瑞松科技,专用设备,-2.2090383
5983,2025-01-27,SZ.ZB_000786,北新建材,装修建材,-2.209147
5984,2025-01-27,SZ.ZB_000915,华特达因,化学制药,-2.2092478
5985,2025-01-24,SZ.ZB_003029,吉大正元,软件开发,-2.2092705
5986,2025-01-27,SZ.ZB_002756,永兴材料,钢铁行业,-2.2093318
5987,2025-01-24,SH.ZB_603897,长城科技,电网设备,-2.2095342
5988,2025-01-27,SH.KC_300223,北京君正,半导体,-2.2099679
5989,2025-01-27,SH.KC_301235,华康医疗,医疗服务,-2.210047
5990,2025-01-27,SH.KC_300274,阳光电源,光伏设备,-2.2100914
5991,2025-01-27,SZ.ZB_000599,青岛双星,橡胶制品,-2.2101195
5992,2025-01-24,SH.ZB_600138,中青旅,旅游酒店,-2.2102227
5993,2025-01-24,SH.ZB_600267,海正药业,化学制药,-2.21031
5994,2025-01-27,SZ.ZB_000779,甘咨询,工程咨询服务,-2.2104387
5995,2025-01-27,SH.ZB_600316,洪都航空,航天航空,-2.2105997
5996,2025-01-27,SH.ZB_600461,洪城环境,公用事业,-2.2106042
5997,2025-01-27,SH.KC_300621,维业股份,装修装饰,-2.2106256
5998,2025-01-24,SZ.ZB_000823,超声电子,电子元件,-2.210732
5999,2025-01-27,SH.KC_300225,金力泰,化学制品,-2.2107935
6000,2025-01-27,SH.KC_300796,贝斯美,农药兽药,-2.2108424
6001,2025-01-27,SZ.ZB_001234,泰慕士,纺织服装,-2.2108746
6002,2025-01-27,SH.KC_300051,琏升科技,光伏设备,-2.2109346
6003,2025-01-24,SH.KC_300964,本川智能,电子元件,-2.2111921
6004,2025-01-27,SH.KC_688375,国博电子,电子元件,-2.2113814
6005,2025-01-27,SH.KC_300239,东宝生物,生物制品,-2.2118456
6006,2025-01-24,SH.ZB_605138,盛泰集团,纺织服装,-2.212084
6007,2025-01-27,SH.ZB_600061,国投资本,证券,-2.2123964
6008,2025-01-24,SH.KC_300174,元力股份,化学制品,-2.2125247
6009,2025-01-24,SH.KC_688550,瑞联新材,电子化学品,-2.2126539
6010,2025-01-24,SZ.ZB_002537,海联金汇,汽车零部件,-2.2127173
6011,2025-01-24,SH.KC_688652,京仪装备,半导体,-2.2127297
6012,2025-01-24,SH.ZB_603025,大豪科技,专用设备,-2.2127695
6013,2025-01-27,SZ.ZB_002769,普路通,物流行业,-2.2131953
6014,2025-01-27,SZ.ZB_002673,西部证券,证券,-2.213343
6015,2025-01-24,SH.ZB_600998,九州通,医药商业,-2.2136571
6016,2025-01-27,SZ.ZB_002679,福建金森,农牧饲渔,-2.2136993
6017,2025-01-13,SZ.ZB_000972,中基健康,食品饮料,-2.2137332
6018,2025-01-24,SH.KC_301127,天源环保,环保行业,-2.213975
6019,2025-01-27,SZ.ZB_002136,安 纳 达,化学原料,-2.2142859
6020,2025-01-27,SZ.ZB_002821,凯莱英,医疗服务,-2.214287
6021,2025-01-27,SH.KC_300546,雄帝科技,计算机设备,-2.21433
6022,2025-01-24,SH.KC_688722,同益中,化纤行业,-2.2144082
6023,2025-01-24,SH.KC_300743,天地数码,非金属材料,-2.2147033
6024,2025-01-24,SH.ZB_603289,泰瑞机器,专用设备,-2.2147205
6025,2025-01-27,SZ.ZB_002587,奥拓电子,光学光电子,-2.2148376
6026,2025-01-27,SH.KC_300833,浩洋股份,专用设备,-2.2153492
6027,2025-01-27,SH.KC_301499,维科精密,汽车零部件,-2.21551
6028,2025-01-27,SH.ZB_605258,协和电子,电子元件,-2.2159252
6029,2025-01-24,SZ.ZB_002568,百润股份,酿酒行业,-2.2162068
6030,2025-01-27,SH.KC_688484,南芯科技,半导体,-2.2164118
6031,2025-01-24,SH.KC_688598,金博股份,光伏设备,-2.2168555
6032,2025-01-24,SZ.ZB_002615,哈尔斯,家用轻工,-2.2169027
6033,2025-01-24,SH.ZB_603997,继峰股份,汽车零部件,-2.2169595
6034,2025-01-24,SH.ZB_601619,嘉泽新能,电力行业,-2.217271
6035,2025-01-24,SH.ZB_603713,密尔克卫,物流行业,-2.217526
6036,2025-01-27,SZ.ZB_000605,渤海股份,公用事业,-2.2177768
6037,2025-01-24,SH.ZB_600498,烽火通信,通信设备,-2.2178698
6038,2025-01-27,SH.ZB_600825,新华传媒,文化传媒,-2.2181327
6039,2025-01-27,SH.ZB_603815,交建股份,工程建设,-2.218592
6040,2025-01-24,SZ.ZB_002255,海陆重工,电源设备,-2.2186275
6041,2025-01-27,SH.ZB_603311,金海高科,家电行业,-2.2187197
6042,2025-01-27,SH.KC_300099,尤洛卡,专用设备,-2.2187858
6043,2025-01-27,SH.KC_300052,中青宝,游戏,-2.2192042
6044,2025-01-27,SH.ZB_600503,华丽家族,房地产开发,-2.2196152
6045,2025-01-27,SZ.ZB_000810,创维数字,通信设备,-2.2200003
6046,2025-01-27,SH.KC_300713,英可瑞,电源设备,-2.2203755
6047,2025-01-27,SH.KC_300119,瑞普生物,农药兽药,-2.2207341
6048,2025-01-27,SH.KC_688182,灿勤科技,通信设备,-2.221269
6049,2025-01-24,SH.ZB_601077,渝农商行,银行,-2.2213843
6050,2025-01-27,SH.ZB_600143,金发科技,塑料制品,-2.2214034
6051,2025-01-24,SZ.ZB_002622,皓宸医疗,医疗服务,-2.2216916
6052,2025-01-27,SZ.ZB_002741,光华科技,电子化学品,-2.221767
6053,2025-01-27,SZ.ZB_002654,万润科技,文化传媒,-2.2218316
6054,2025-01-27,SH.KC_688112,鼎阳科技,仪器仪表,-2.2218444
6055,2025-01-27,SH.ZB_603681,永冠新材,化学制品,-2.2225547
6056,2025-01-27,SH.KC_688468,科美诊断,医疗器械,-2.2229092
6057,2025-01-24,SH.KC_300326,凯利泰,医疗器械,-2.223071
6058,2025-01-27,SH.KC_688216,气派科技,半导体,-2.2231126
6059,2025-01-24,SH.ZB_600279,重庆港,航运港口,-2.2233896
6060,2025-01-27,SH.ZB_600620,天宸股份,综合行业,-2.2234347
6061,2025-01-24,SZ.ZB_002787,华源控股,包装材料,-2.2238858
6062,2025-01-27,SH.ZB_600668,尖峰集团,水泥建材,-2.224022
6063,2025-01-24,SH.ZB_603843,正平股份,工程建设,-2.225276
6064,2025-01-27,SH.KC_300845,捷安高科,软件开发,-2.2252889
6065,2025-01-27,SH.KC_300772,运达股份,风电设备,-2.2259755
6066,2025-01-27,SH.KC_301163,宏德股份,风电设备,-2.226073
6067,2025-01-24,SH.ZB_605266,健之佳,医药商业,-2.2263224
6068,2025-01-27,SZ.ZB_002913,奥士康,电子元件,-2.2265933
6069,2025-01-27,SH.KC_301055,张小泉,通用设备,-2.2266767
6070,2025-01-27,SH.ZB_603855,华荣股份,专用设备,-2.2269473
6071,2025-01-27,SH.KC_688561,奇安信-U,软件开发,-2.2274597
6072,2025-01-24,SH.ZB_603888,新华网,文化传媒,-2.2275736
6073,2025-01-27,SH.KC_301005,超捷股份,汽车零部件,-2.2276275
6074,2025-01-24,SH.KC_688552,航天南湖,通信设备,-2.227695
6075,2025-01-24,SH.ZB_603185,弘元绿能,光伏设备,-2.2277095
6076,2025-01-24,SH.ZB_600654,中安科,软件开发,-2.2277462
6077,2025-01-24,SH.KC_300280,紫天科技,文化传媒,-2.2278492
6078,2025-01-27,SZ.ZB_002761,浙江建投,工程建设,-2.2280684
6079,2025-01-27,SZ.ZB_002524,光正眼科,医疗服务,-2.2281156
6080,2025-01-24,SH.ZB_603336,宏辉果蔬,农牧饲渔,-2.2281756
6081,2025-01-24,SZ.ZB_002574,明牌珠宝,珠宝首饰,-2.2281911
6082,2025-01-27,SZ.ZB_000089,深圳机场,航空机场,-2.2283182
6083,2025-01-27,SZ.ZB_002356,赫美集团,贸易行业,-2.2283938
6084,2025-01-27,SZ.ZB_002469,三维化学,化学原料,-2.228743
6085,2025-01-24,SH.KC_300759,康龙化成,医疗服务,-2.2288897
6086,2025-01-24,SH.ZB_600571,信雅达,互联网服务,-2.2290661
6087,2025-01-24,SH.KC_300877,金春股份,纺织服装,-2.229164
6088,2025-01-24,SZ.ZB_000100,TCL科技,光学光电子,-2.2295089
6089,2025-01-27,SH.KC_300302,同有科技,软件开发,-2.229647
6090,2025-01-27,SH.ZB_600540,新赛股份,农牧饲渔,-2.2298026
6091,2025-01-27,SH.KC_300640,德艺文创,家用轻工,-2.2298684
6092,2025-01-27,SZ.ZB_002903,宇环数控,通用设备,-2.2298992
6093,2025-01-27,SH.ZB_603979,金诚信,采掘行业,-2.229949
6094,2025-01-24,SH.KC_300076,GQY视讯,光学光电子,-2.2299957
6095,2025-01-24,SZ.ZB_000802,北京文化,文化传媒,-2.2304082
6096,2025-01-27,SZ.ZB_002128,电投能源,煤炭行业,-2.230436
6097,2025-01-27,SH.ZB_600150,中国船舶,船舶制造,-2.2305005
6098,2025-01-24,SH.KC_300837,浙矿股份,专用设备,-2.2307913
6099,2025-01-24,SH.ZB_600545,卓郎智能,专用设备,-2.2311938
6100,2025-01-27,SH.KC_301075,多瑞医药,化学制药,-2.231227
6101,2025-01-22,SH.KC_300069,金利华电,电网设备,-2.2312942
6102,2025-01-27,SH.ZB_600099,林海股份,交运设备,-2.2316642
6103,2025-01-24,SH.ZB_600330,天通股份,非金属材料,-2.2319736
6104,2025-01-24,SZ.ZB_000736,中交地产,房地产开发,-2.2319942
6105,2025-01-27,SH.ZB_605162,新中港,公用事业,-2.2320402
6106,2025-01-27,SH.KC_688184,帕瓦股份,电池,-2.2320647
6107,2025-01-27,SZ.ZB_000863,三湘印象,房地产开发,-2.2321713
6108,2025-01-24,SZ.ZB_003018,金富科技,塑料制品,-2.2322059
6109,2025-01-24,SH.KC_301555,惠柏新材,化学制品,-2.2323034
6110,2025-01-27,SH.ZB_605577,龙版传媒,文化传媒,-2.2323408
6111,2025-01-24,SH.ZB_603798,康普顿,石油行业,-2.232359
6112,2025-01-24,SZ.ZB_002442,龙星科技,橡胶制品,-2.2323902
6113,2025-01-27,SZ.ZB_000036,华联控股,房地产开发,-2.2326322
6114,2025-01-24,SH.ZB_600383,金地集团,房地产开发,-2.232828
6115,2025-01-27,SH.ZB_600282,南钢股份,钢铁行业,-2.2329247
6116,2025-01-27,SH.ZB_603185,弘元绿能,光伏设备,-2.2331991
6117,2025-01-24,SZ.ZB_002925,盈趣科技,消费电子,-2.2334654
6118,2025-01-27,SH.KC_300001,特锐德,电网设备,-2.2336102
6119,2025-01-24,SH.ZB_603052,可川科技,电子元件,-2.2338192
6120,2025-01-24,SZ.ZB_002361,神剑股份,塑料制品,-2.234181
6121,2025-01-27,SZ.ZB_002211,宏达新材,化学制品,-2.2341938
6122,2025-01-27,SZ.ZB_002998,优彩资源,化纤行业,-2.2344663
6123,2025-01-24,SH.KC_300286,安科瑞,电网设备,-2.2348704
6124,2025-01-27,SH.KC_301448,开创电气,通用设备,-2.2349691
6125,2025-01-27,SH.KC_688499,利元亨,电池,-2.2354674
6126,2025-01-27,SH.ZB_603078,江化微,电子化学品,-2.2355301
6127,2025-01-24,SH.ZB_601801,皖新传媒,文化传媒,-2.2357826
6128,2025-01-27,SH.ZB_600482,中国动力,船舶制造,-2.235962
6129,2025-01-27,SH.ZB_600880,博瑞传播,教育,-2.236269
6130,2025-01-24,SH.KC_301181,标榜股份,汽车零部件,-2.2363775
6131,2025-01-24,SZ.ZB_002156,通富微电,半导体,-2.2371345
6132,2025-01-24,SH.ZB_600468,百利电气,电网设备,-2.2372394
6133,2025-01-24,SH.KC_300844,山水比德,工程咨询服务,-2.2372463
6134,2025-01-24,SZ.ZB_002579,中京电子,电子元件,-2.2373357
6135,2025-01-27,SH.ZB_603776,永安行,专业服务,-2.2374923
6136,2025-01-24,SH.ZB_603993,洛阳钼业,小金属,-2.237546
6137,2025-01-27,SZ.ZB_000557,西部创业,物流行业,-2.2376094
6138,2025-01-24,SZ.ZB_002803,吉宏股份,文化传媒,-2.2378151
6139,2025-01-24,SH.KC_688249,晶合集成,半导体,-2.2379708
6140,2025-01-27,SH.ZB_600330,天通股份,非金属材料,-2.2384212
6141,2025-01-27,SZ.ZB_002653,海思科,化学制药,-2.238483
6142,2025-01-27,SZ.ZB_002501,利源股份,有色金属,-2.2386496
6143,2025-01-27,SH.ZB_600967,内蒙一机,交运设备,-2.2387152
6144,2025-01-24,SZ.ZB_002284,亚太股份,汽车零部件,-2.2388003
6145,2025-01-27,SH.KC_300263,隆华科技,通用设备,-2.2388072
6146,2025-01-27,SH.ZB_603052,可川科技,电子元件,-2.2390015
6147,2025-01-27,SZ.ZB_002831,裕同科技,造纸印刷,-2.239017
6148,2025-01-24,SH.ZB_603105,芯能科技,光伏设备,-2.2390883
6149,2025-01-27,SH.ZB_600729,重庆百货,商业百货,-2.2391648
6150,2025-01-27,SZ.ZB_002802,洪汇新材,化学制品,-2.2392957
6151,2025-01-24,SH.KC_300823,建科智能,专用设备,-2.2395964
6152,2025-01-24,SH.KC_300306,远方信息,仪器仪表,-2.2398121
6153,2025-01-27,SH.ZB_603949,雪龙集团,汽车零部件,-2.2399457
6154,2025-01-27,SH.KC_301113,雅艺科技,装修装饰,-2.2400937
6155,2025-01-24,SH.ZB_603535,嘉诚国际,物流行业,-2.2401624
6156,2025-01-24,SZ.ZB_002426,胜利精密,通用设备,-2.240183
6157,2025-01-24,SH.ZB_605255,天普股份,汽车零部件,-2.2404377
6158,2025-01-27,SH.ZB_603339,四方科技,通用设备,-2.2409995
6159,2025-01-24,SH.ZB_605100,华丰股份,通用设备,-2.2414236
6160,2025-01-27,SH.KC_688596,正帆科技,专用设备,-2.2415297
6161,2025-01-24,SH.KC_300231,银信科技,互联网服务,-2.241594
6162,2025-01-27,SH.ZB_603087,甘李药业,生物制品,-2.2416742
6163,2025-01-24,SZ.ZB_002998,优彩资源,化纤行业,-2.2417247
6164,2025-01-27,SZ.ZB_001696,宗申动力,交运设备,-2.2423277
6165,2025-01-24,SH.ZB_603193,润本股份,美容护理,-2.2424507
6166,2025-01-27,SH.KC_300207,欣旺达,电池,-2.2430003
6167,2025-01-24,SZ.ZB_002777,久远银海,互联网服务,-2.2431302
6168,2025-01-24,SH.ZB_605028,世茂能源,电力行业,-2.243354
6169,2025-01-27,SH.KC_300134,大富科技,通信设备,-2.2434947
6170,2025-01-27,SH.ZB_603663,三祥新材,化学原料,-2.243559
6171,2025-01-27,SH.KC_301489,思泉新材,消费电子,-2.2440553
6172,2025-01-27,SH.KC_300030,阳普医疗,医疗器械,-2.244476
6173,2025-01-27,SH.KC_301358,湖南裕能,电池,-2.2445686
6174,2025-01-27,SH.KC_300031,宝通科技,游戏,-2.2453063
6175,2025-01-27,SH.KC_688098,申联生物,农药兽药,-2.245378
6176,2025-01-24,SH.KC_300131,英唐智控,消费电子,-2.2456217
6177,2025-01-27,SH.KC_300061,旗天科技,文化传媒,-2.2456307
6178,2025-01-24,SZ.ZB_000922,佳电股份,电机,-2.2456505
6179,2025-01-24,SH.KC_300623,捷捷微电,半导体,-2.2458327
6180,2025-01-27,SH.ZB_600498,烽火通信,通信设备,-2.2458456
6181,2025-01-27,SZ.ZB_002574,明牌珠宝,珠宝首饰,-2.245862
6182,2025-01-24,SZ.ZB_000962,东方钽业,小金属,-2.2459316
6183,2025-01-24,SH.KC_300191,潜能恒信,采掘行业,-2.2460327
6184,2025-01-27,SZ.ZB_002635,安洁科技,消费电子,-2.2460585
6185,2025-01-27,SH.KC_301508,中机认检,专业服务,-2.2461157
6186,2025-01-24,SH.ZB_603085,天成自控,汽车零部件,-2.246237
6187,2025-01-24,SH.ZB_601298,青岛港,航运港口,-2.2467408
6188,2025-01-24,SZ.ZB_001268,联合精密,通用设备,-2.2467532
6189,2025-01-27,SH.KC_300154,瑞凌股份,通用设备,-2.2468019
6190,2025-01-27,SH.ZB_600455,博通股份,教育,-2.2470844
6191,2025-01-27,SZ.ZB_000426,兴业银锡,有色金属,-2.2472847
6192,2025-01-27,SZ.ZB_003006,百亚股份,美容护理,-2.247902
6193,2025-01-24,SH.KC_300616,尚品宅配,装修建材,-2.248044
6194,2025-01-24,SH.ZB_603203,快克智能,专用设备,-2.2481103
6195,2025-01-24,SH.ZB_603900,莱绅通灵,珠宝首饰,-2.2482815
6196,2025-01-27,SZ.ZB_002480,新筑股份,通用设备,-2.2483923
6197,2025-01-27,SZ.ZB_002992,宝明科技,光学光电子,-2.2487295
6198,2025-01-24,SH.KC_300945,曼卡龙,珠宝首饰,-2.2487926
6199,2025-01-27,SH.KC_300720,海川智能,仪器仪表,-2.2489994
6200,2025-01-27,SH.KC_300179,四方达,通用设备,-2.2494607
6201,2025-01-27,SH.KC_301019,宁波色母,塑料制品,-2.249547
6202,2025-01-27,SH.KC_300531,优博讯,计算机设备,-2.2497203
6203,2025-01-24,SH.KC_688468,科美诊断,医疗器械,-2.2497747
6204,2025-01-27,SH.ZB_605337,李子园,食品饮料,-2.2497947
6205,2025-01-24,SH.ZB_600106,重庆路桥,铁路公路,-2.2498655
6206,2025-01-27,SH.KC_301361,众智科技,电网设备,-2.250227
6207,2025-01-24,SH.KC_688689,银河微电,半导体,-2.2503078
6208,2025-01-24,SH.KC_300213,佳讯飞鸿,通信设备,-2.2505996
6209,2025-01-27,SH.KC_300880,迦南智能,电网设备,-2.2507653
6210,2025-01-27,SH.ZB_603520,司太立,化学制药,-2.2510252
6211,2025-01-27,SH.KC_688609,九联科技,通信设备,-2.2514806
6212,2025-01-27,SH.KC_301028,东亚机械,通用设备,-2.2514913
6213,2025-01-27,SH.KC_688091,上海谊众,化学制药,-2.2516325
6214,2025-01-24,SH.KC_300949,奥雅股份,工程咨询服务,-2.2518454
6215,2025-01-27,SH.KC_300710,万隆光电,通信设备,-2.251854
6216,2025-01-24,SH.KC_300228,富瑞特装,专用设备,-2.2523246
6217,2025-01-24,SZ.ZB_001209,洪兴股份,纺织服装,-2.2523904
6218,2025-01-27,SZ.ZB_002993,奥海科技,消费电子,-2.2524488
6219,2025-01-24,SH.KC_688272,富吉瑞,光学光电子,-2.252705
6220,2025-01-27,SH.ZB_605196,华通线缆,电网设备,-2.2527444
6221,2025-01-27,SZ.ZB_000862,银星能源,电力行业,-2.2528794
6222,2025-01-24,SH.KC_300253,卫宁健康,软件开发,-2.2529533
6223,2025-01-27,SZ.ZB_002066,瑞泰科技,装修建材,-2.253185
6224,2025-01-27,SH.ZB_603798,康普顿,石油行业,-2.2532713
6225,2025-01-24,SH.KC_300112,万讯自控,仪器仪表,-2.2533398
6226,2025-01-24,SH.ZB_603022,新通联,包装材料,-2.2534697
6227,2025-01-27,SH.KC_300578,会畅通讯,通信服务,-2.253879
6228,2025-01-24,SH.KC_300604,长川科技,半导体,-2.2542024
6229,2025-01-27,SZ.ZB_002375,亚厦股份,装修装饰,-2.2544074
6230,2025-01-24,SZ.ZB_002692,远程股份,电网设备,-2.2547228
6231,2025-01-27,SH.ZB_600621,华鑫股份,证券,-2.2547743
6232,2025-01-27,SH.KC_301111,粤万年青,中药,-2.2557366
6233,2025-01-27,SH.ZB_603999,读者传媒,文化传媒,-2.255927
6234,2025-01-24,SH.KC_301309,万得凯,通用设备,-2.2559648
6235,2025-01-24,SH.KC_688510,航亚科技,航天航空,-2.2560802
6236,2025-01-24,SZ.ZB_001266,宏英智能,仪器仪表,-2.2563071
6237,2025-01-27,SH.ZB_600691,阳煤化工,化肥行业,-2.2563732
6238,2025-01-27,SH.ZB_603383,顶点软件,软件开发,-2.256704
6239,2025-01-24,SH.KC_688683,莱尔科技,消费电子,-2.2567165
6240,2025-01-27,SH.ZB_600288,大恒科技,电子元件,-2.2567196
6241,2025-01-24,SH.KC_301270,汉仪股份,互联网服务,-2.2572052
6242,2025-01-27,SH.KC_301091,深城交,工程咨询服务,-2.2572055
6243,2025-01-27,SZ.ZB_000420,吉林化纤,化纤行业,-2.2573845
6244,2025-01-24,SZ.ZB_001328,登康口腔,美容护理,-2.2576756
6245,2025-01-24,SH.ZB_600630,龙头股份,纺织服装,-2.257864
6246,2025-01-27,SH.KC_688392,骄成超声,专用设备,-2.257886
6247,2025-01-24,SZ.ZB_002188,中天服务,房地产服务,-2.2578864
6248,2025-01-24,SZ.ZB_002927,泰永长征,电网设备,-2.2582476
6249,2025-01-27,SH.KC_301398,星源卓镁,汽车零部件,-2.2582552
6250,2025-01-24,SH.KC_301603,乔锋智能,通用设备,-2.2582603
6251,2025-01-24,SH.ZB_603041,美思德,化学制品,-2.2587118
6252,2025-01-27,SH.ZB_600433,冠豪高新,造纸印刷,-2.2587576
6253,2025-01-27,SH.ZB_603738,泰晶科技,电子元件,-2.2588556
6254,2025-01-27,SH.KC_300812,易天股份,消费电子,-2.259062
6255,2025-01-27,SZ.ZB_002842,翔鹭钨业,小金属,-2.259065
6256,2025-01-24,SH.KC_300557,理工光科,仪器仪表,-2.2592072
6257,2025-01-24,SH.KC_300535,达威股份,化学制品,-2.2593906
6258,2025-01-27,SH.KC_300018,中元股份,电网设备,-2.259508
6259,2025-01-27,SH.KC_301314,科瑞思,通信设备,-2.2597158
6260,2025-01-27,SZ.ZB_000541,佛山照明,家电行业,-2.2599123
6261,2025-01-24,SH.ZB_603701,德宏股份,汽车零部件,-2.2599788
6262,2025-01-24,SH.KC_688023,安恒信息,软件开发,-2.2600064
6263,2025-01-27,SH.ZB_601777,力帆科技,汽车整车,-2.2602544
6264,2025-01-24,SH.KC_300319,麦捷科技,光学光电子,-2.2604687
6265,2025-01-24,SH.ZB_603863,松炀资源,造纸印刷,-2.2605524
6266,2025-01-27,SH.KC_300257,开山股份,通用设备,-2.260561
6267,2025-01-27,SH.KC_300877,金春股份,纺织服装,-2.2605636
6268,2025-01-24,SZ.ZB_002036,联创电子,光学光电子,-2.2608886
6269,2025-01-27,SH.KC_688401,路维光电,半导体,-2.2609866
6270,2025-01-27,SH.KC_300132,青松股份,美容护理,-2.2613444
6271,2025-01-27,SH.ZB_600588,用友网络,软件开发,-2.2617016
6272,2025-01-24,SZ.ZB_003025,思进智能,通用设备,-2.261757
6273,2025-01-27,SZ.ZB_000607,华媒控股,文化传媒,-2.2620184
6274,2025-01-27,SH.KC_688355,明志科技,通用设备,-2.262048
6275,2025-01-27,SZ.ZB_000563,陕国投Ａ,多元金融,-2.2623124
6276,2025-01-24,SH.KC_688247,宣泰医药,生物制品,-2.2635796
6277,2025-01-24,SH.KC_300135,宝利国际,化学制品,-2.263652
6278,2025-01-27,SZ.ZB_002286,保龄宝,食品饮料,-2.263811
6279,2025-01-27,SH.ZB_605028,世茂能源,电力行业,-2.263821
6280,2025-01-24,SH.KC_301236,软通动力,软件开发,-2.2639723
6281,2025-01-27,SZ.ZB_002437,誉衡药业,化学制药,-2.2639775
6282,2025-01-27,SH.KC_688347,华虹公司,半导体,-2.2640352
6283,2025-01-24,SH.KC_688379,华光新材,通用设备,-2.2641087
6284,2025-01-27,SH.KC_688531,日联科技,专用设备,-2.264155
6285,2025-01-27,SH.KC_301517,陕西华达,电子元件,-2.2648454
6286,2025-01-24,SH.KC_301331,恩威医药,中药,-2.2648919
6287,2025-01-27,SZ.ZB_002950,奥美医疗,医疗器械,-2.2653313
6288,2025-01-24,SH.KC_301308,江波龙,半导体,-2.265806
6289,2025-01-27,SH.KC_300430,诚益通,通用设备,-2.2658134
6290,2025-01-27,SH.KC_301359,东南电子,电子元件,-2.265877
6291,2025-01-24,SZ.ZB_002376,新北洋,计算机设备,-2.2661493
6292,2025-01-27,SH.ZB_603909,建发合诚,工程咨询服务,-2.2665474
6293,2025-01-24,SH.ZB_600163,中闽能源,电力行业,-2.266667
6294,2025-01-27,SZ.ZB_002616,长青集团,电力行业,-2.2666776
6295,2025-01-24,SH.KC_688680,海优新材,光伏设备,-2.2667382
6296,2025-01-24,SH.ZB_600784,鲁银投资,综合行业,-2.2669733
6297,2025-01-24,SH.KC_300753,爱朋医疗,医疗器械,-2.267125
6298,2025-01-27,SH.KC_300342,天银机电,家电行业,-2.267161
6299,2025-01-24,SH.KC_688314,康拓医疗,医疗器械,-2.2673087
6300,2025-01-27,SZ.ZB_002171,楚江新材,有色金属,-2.267394
6301,2025-01-27,SH.KC_688005,容百科技,电池,-2.2675953
6302,2025-01-24,SH.KC_688267,中触媒,化学原料,-2.2677526
6303,2025-01-24,SH.KC_300641,正丹股份,化学制品,-2.2678213
6304,2025-01-27,SZ.ZB_002073,软控股份,专用设备,-2.2682662
6305,2025-01-24,SH.ZB_600999,招商证券,证券,-2.2682712
6306,2025-01-27,SZ.ZB_002968,新大正,房地产服务,-2.268526
6307,2025-01-24,SH.KC_300808,久量股份,光学光电子,-2.2688327
6308,2025-01-27,SZ.ZB_002883,中设股份,工程咨询服务,-2.2690768
6309,2025-01-27,SH.KC_301330,熵基科技,软件开发,-2.2690914
6310,2025-01-27,SH.KC_688309,恒誉环保,环保行业,-2.2692652
6311,2025-01-27,SZ.ZB_000617,中油资本,多元金融,-2.2699955
6312,2025-01-24,SZ.ZB_002990,盛视科技,软件开发,-2.270067
6313,2025-01-24,SH.KC_301029,怡合达,通用设备,-2.270155
6314,2025-01-27,SH.ZB_603181,皇马科技,塑料制品,-2.270159
6315,2025-01-24,SH.KC_301255,通力科技,通用设备,-2.2703772
6316,2025-01-27,SZ.ZB_000901,航天科技,汽车零部件,-2.2704937
6317,2025-01-24,SH.KC_688466,金科环境,环保行业,-2.2705479
6318,2025-01-24,SH.KC_300899,上海凯鑫,环保行业,-2.2705483
6319,2025-01-27,SH.ZB_600345,长江通信,通信设备,-2.2707014
6320,2025-01-24,SH.KC_300931,通用电梯,专用设备,-2.270991
6321,2025-01-27,SH.KC_300920,润阳科技,塑料制品,-2.2710712
6322,2025-01-27,SZ.ZB_002261,拓维信息,软件开发,-2.2711563
6323,2025-01-27,SH.ZB_600746,江苏索普,化学原料,-2.272359
6324,2025-01-27,SH.ZB_600562,国睿科技,通信设备,-2.2724342
6325,2025-01-24,SH.KC_300318,博晖创新,医疗器械,-2.272847
6326,2025-01-24,SH.KC_300884,狄耐克,计算机设备,-2.2729087
6327,2025-01-24,SZ.ZB_003027,同兴科技,环保行业,-2.2730584
6328,2025-01-27,SH.KC_301167,建研设计,工程咨询服务,-2.273365
6329,2025-01-27,SH.KC_301365,矩阵股份,装修装饰,-2.273481
6330,2025-01-24,SH.ZB_603198,迎驾贡酒,酿酒行业,-2.2737474
6331,2025-01-24,SZ.ZB_000737,北方铜业,有色金属,-2.2739663
6332,2025-01-27,SH.KC_300899,上海凯鑫,环保行业,-2.2739866
6333,2025-01-27,SH.KC_688595,芯海科技,半导体,-2.2740567
6334,2025-01-27,SH.ZB_600496,精工钢构,水泥建材,-2.275134
6335,2025-01-27,SH.KC_300246,宝莱特,医疗器械,-2.275175
6336,2025-01-24,SH.ZB_603020,爱普股份,食品饮料,-2.2752964
6337,2025-01-24,SH.KC_300239,东宝生物,生物制品,-2.2753603
6338,2025-01-27,SH.KC_300658,延江股份,美容护理,-2.2755797
6339,2025-01-27,SZ.ZB_002806,华锋股份,汽车零部件,-2.2760174
6340,2025-01-24,SH.KC_301330,熵基科技,软件开发,-2.276224
6341,2025-01-24,SH.KC_301105,鸿铭股份,专用设备,-2.2764294
6342,2025-01-27,SZ.ZB_002231,奥维通信,通信服务,-2.276878
6343,2025-01-24,SZ.ZB_002487,大金重工,风电设备,-2.2769606
6344,2025-01-27,SH.KC_300466,赛摩智能,电网设备,-2.2769697
6345,2025-01-24,SH.ZB_600810,神马股份,化纤行业,-2.276974
6346,2025-01-27,SH.KC_300746,汉嘉设计,工程咨询服务,-2.2773569
6347,2025-01-27,SH.KC_300426,唐德影视,文化传媒,-2.2773848
6348,2025-01-27,SH.ZB_603612,索通发展,非金属材料,-2.2774081
6349,2025-01-27,SH.KC_301258,富士莱,化学制药,-2.2777681
6350,2025-01-15,SH.KC_688667,菱电电控,汽车零部件,-2.2782152
6351,2025-01-27,SH.KC_300492,华图山鼎,工程咨询服务,-2.2782474
6352,2025-01-24,SH.KC_300881,盛德鑫泰,钢铁行业,-2.2785685
6353,2025-01-27,SH.ZB_600666,奥瑞德,光学光电子,-2.2787006
6354,2025-01-24,SH.KC_688376,美埃科技,环保行业,-2.2790947
6355,2025-01-27,SZ.ZB_002731,萃华珠宝,珠宝首饰,-2.2791405
6356,2025-01-24,SH.KC_688517,金冠电气,电网设备,-2.279375
6357,2025-01-24,SH.ZB_603773,沃格光电,光学光电子,-2.279459
6358,2025-01-27,SH.ZB_600396,华电辽能,电力行业,-2.2794642
6359,2025-01-24,SZ.ZB_001256,炜冈科技,专用设备,-2.2796268
6360,2025-01-27,SH.KC_300936,中英科技,电子元件,-2.2797878
6361,2025-01-27,SH.KC_300946,恒而达,通用设备,-2.2801013
6362,2025-01-24,SH.KC_300011,鼎汉技术,交运设备,-2.280382
6363,2025-01-24,SH.KC_300943,春晖智控,通用设备,-2.2805808
6364,2025-01-24,SZ.ZB_002357,富临运业,铁路公路,-2.2806146
6365,2025-01-27,SZ.ZB_002683,广东宏大,采掘行业,-2.280834
6366,2025-01-24,SH.KC_688478,晶升股份,半导体,-2.2808983
6367,2025-01-24,SH.KC_301188,力诺药包,玻璃玻纤,-2.2811358
6368,2025-01-27,SH.KC_688280,精进电动-UW,汽车零部件,-2.2811868
6369,2025-01-27,SH.ZB_600643,爱建集团,多元金融,-2.2815163
6370,2025-01-27,SH.KC_300037,新宙邦,电池,-2.2816515
6371,2025-01-24,SZ.ZB_002802,洪汇新材,化学制品,-2.2816985
6372,2025-01-24,SZ.ZB_002459,晶澳科技,光伏设备,-2.281711
6373,2025-01-27,SH.KC_688510,航亚科技,航天航空,-2.2819927
6374,2025-01-24,SZ.ZB_000600,建投能源,电力行业,-2.2821548
6375,2025-01-24,SH.ZB_603326,我乐家居,装修建材,-2.2822137
6376,2025-01-27,SH.KC_301188,力诺药包,玻璃玻纤,-2.2823033
6377,2025-01-27,SH.KC_300979,华利集团,纺织服装,-2.282607
6378,2025-01-24,SH.ZB_603393,新天然气,燃气,-2.2827356
6379,2025-01-24,SH.ZB_600119,长江投资,物流行业,-2.2827845
6380,2025-01-27,SZ.ZB_002350,北京科锐,电网设备,-2.282814
6381,2025-01-27,SH.KC_688456,有研粉材,有色金属,-2.2829154
6382,2025-01-24,SH.KC_300819,聚杰微纤,纺织服装,-2.2832258
6383,2025-01-24,SH.ZB_603810,丰山集团,农药兽药,-2.2834558
6384,2025-01-27,SH.KC_688371,菲沃泰,电子元件,-2.2835217
6385,2025-01-24,SH.ZB_603158,腾龙股份,汽车零部件,-2.2835426
6386,2025-01-24,SH.ZB_603030,全筑股份,装修装饰,-2.2836406
6387,2025-01-27,SH.ZB_605376,博迁新材,小金属,-2.283792
6388,2025-01-24,SZ.ZB_002311,海大集团,农牧饲渔,-2.2838626
6389,2025-01-27,SH.ZB_600615,丰华股份,小金属,-2.2842705
6390,2025-01-27,SH.ZB_603992,松霖科技,装修建材,-2.284288
6391,2025-01-27,SH.KC_688115,思林杰,仪器仪表,-2.2845793
6392,2025-01-27,SH.KC_300532,今天国际,互联网服务,-2.2848997
6393,2025-01-24,SH.KC_688090,瑞松科技,专用设备,-2.285089
6394,2025-01-24,SZ.ZB_002334,英威腾,专用设备,-2.2852652
6395,2025-01-27,SH.ZB_603198,迎驾贡酒,酿酒行业,-2.285319
6396,2025-01-27,SH.ZB_600192,长城电工,电网设备,-2.2854466
6397,2025-01-27,SH.KC_688719,爱科赛博,电源设备,-2.2856345
6398,2025-01-24,SZ.ZB_002607,中公教育,教育,-2.2858105
6399,2025-01-27,SZ.ZB_001201,东瑞股份,农牧饲渔,-2.286016
6400,2025-01-27,SH.ZB_600335,国机汽车,汽车服务,-2.2865417
6401,2025-01-27,SH.KC_300473,德尔股份,汽车零部件,-2.2867494
6402,2025-01-27,SH.ZB_600456,宝钛股份,小金属,-2.2871032
6403,2025-01-24,SZ.ZB_002363,隆基机械,汽车零部件,-2.2871864
6404,2025-01-24,SH.ZB_603095,越剑智能,专用设备,-2.2872996
6405,2025-01-24,SH.KC_688368,晶丰明源,半导体,-2.287345
6406,2025-01-27,SZ.ZB_001323,慕思股份,家用轻工,-2.2873845
6407,2025-01-24,SH.KC_688135,利扬芯片,半导体,-2.287445
6408,2025-01-27,SH.ZB_603041,美思德,化学制品,-2.287449
6409,2025-01-27,SH.KC_301229,纽泰格,汽车零部件,-2.2876337
6410,2025-01-27,SZ.ZB_002321,华英农业,农牧饲渔,-2.287681
6411,2025-01-27,SH.KC_301086,鸿富瀚,消费电子,-2.287753
6412,2025-01-24,SH.ZB_603979,金诚信,采掘行业,-2.287814
6413,2025-01-27,SH.ZB_603359,东珠生态,环保行业,-2.2879224
6414,2025-01-27,SZ.ZB_000793,华闻集团,文化传媒,-2.2879333
6415,2025-01-27,SZ.ZB_002149,西部材料,小金属,-2.288109
6416,2025-01-24,SZ.ZB_000034,神州数码,计算机设备,-2.2881696
6417,2025-01-27,SZ.ZB_002759,天际股份,电池,-2.2884119
6418,2025-01-27,SZ.ZB_000593,德龙汇能,燃气,-2.2888992
6419,2025-01-27,SH.ZB_601698,中国卫通,通信服务,-2.289174
6420,2025-01-27,SH.KC_301568,思泰克,专用设备,-2.289236
6421,2025-01-24,SH.KC_688448,磁谷科技,通用设备,-2.2896833
6422,2025-01-27,SH.ZB_603903,中持股份,环保行业,-2.2897892
6423,2025-01-24,SH.ZB_600612,老凤祥,珠宝首饰,-2.2898402
6424,2025-01-27,SH.ZB_601137,博威合金,有色金属,-2.2899163
6425,2025-01-27,SH.KC_688171,纬德信息,软件开发,-2.2900765
6426,2025-01-24,SZ.ZB_002226,江南化工,化学制品,-2.2903469
6427,2025-01-24,SH.ZB_601360,三六零,软件开发,-2.2905674
6428,2025-01-27,SH.ZB_603697,有友食品,食品饮料,-2.290895
6429,2025-01-27,SH.ZB_603095,越剑智能,专用设备,-2.2909775
6430,2025-01-24,SH.KC_688019,安集科技,电子化学品,-2.2913613
6431,2025-01-24,SH.ZB_603192,汇得科技,化学制品,-2.2914245
6432,2025-01-24,SH.ZB_603019,中科曙光,计算机设备,-2.29192
6433,2025-01-27,SH.KC_688080,映翰通,通信设备,-2.291956
6434,2025-01-24,SZ.ZB_002845,同兴达,光学光电子,-2.2920067
6435,2025-01-27,SH.KC_688089,嘉必优,食品饮料,-2.2931585
6436,2025-01-27,SH.ZB_605138,盛泰集团,纺织服装,-2.2935224
6437,2025-01-27,SH.KC_300649,杭州园林,工程咨询服务,-2.2935379
6438,2025-01-24,SZ.ZB_002635,安洁科技,消费电子,-2.2935994
6439,2025-01-27,SH.ZB_600699,均胜电子,汽车零部件,-2.2936006
6440,2025-01-27,SZ.ZB_002648,卫星化学,化学原料,-2.2938771
6441,2025-01-27,SH.ZB_605289,罗曼股份,装修装饰,-2.2941294
6442,2025-01-24,SH.KC_300977,深圳瑞捷,工程咨询服务,-2.2942054
6443,2025-01-24,SH.KC_688133,泰坦科技,专业服务,-2.2942605
6444,2025-01-27,SZ.ZB_002576,通达动力,电机,-2.2944014
6445,2025-01-27,SZ.ZB_000766,通化金马,化学制药,-2.2944796
6446,2025-01-27,SZ.ZB_000635,英 力 特,化学原料,-2.2945666
6447,2025-01-27,SH.ZB_600460,士兰微,半导体,-2.29467
6448,2025-01-27,SZ.ZB_000963,华东医药,化学制药,-2.2946727
6449,2025-01-24,SH.KC_688092,爱科科技,专用设备,-2.2947843
6450,2025-01-27,SH.ZB_601965,中国汽研,汽车服务,-2.2949712
6451,2025-01-27,SZ.ZB_002156,通富微电,半导体,-2.2950957
6452,2025-01-24,SH.KC_300762,上海瀚讯,通信设备,-2.2952259
6453,2025-01-27,SZ.ZB_000686,东北证券,证券,-2.2953496
6454,2025-01-27,SH.KC_300351,永贵电器,交运设备,-2.295627
6455,2025-01-24,SH.KC_688595,芯海科技,半导体,-2.2958984
6456,2025-01-24,SH.KC_300414,中光防雷,通信设备,-2.295944
6457,2025-01-24,SH.ZB_603408,建霖家居,装修装饰,-2.2961416
6458,2025-01-24,SZ.ZB_002001,新 和 成,化学制药,-2.2962015
6459,2025-01-27,SZ.ZB_002153,石基信息,软件开发,-2.2965848
6460,2025-01-27,SZ.ZB_002001,新 和 成,化学制药,-2.296952
6461,2025-01-27,SZ.ZB_000737,北方铜业,有色金属,-2.296983
6462,2025-01-24,SZ.ZB_002012,凯恩股份,造纸印刷,-2.2971678
6463,2025-01-27,SH.KC_300898,熊猫乳品,食品饮料,-2.2972295
6464,2025-01-24,SZ.ZB_000725,京东方Ａ,光学光电子,-2.2973213
6465,2025-01-27,SH.ZB_600448,华纺股份,纺织服装,-2.2974253
6466,2025-01-27,SH.KC_688150,莱特光电,光学光电子,-2.2974362
6467,2025-01-27,SH.KC_688262,国芯科技,半导体,-2.2975965
6468,2025-01-24,SH.KC_301448,开创电气,通用设备,-2.2977283
6469,2025-01-24,SH.KC_688319,欧林生物,生物制品,-2.2978728
6470,2025-01-24,SH.ZB_605166,聚合顺,化学制品,-2.298386
6471,2025-01-24,SZ.ZB_002165,红 宝 丽,化学制品,-2.298499
6472,2025-01-24,SZ.ZB_001216,华瓷股份,装修建材,-2.2985127
6473,2025-01-24,SH.KC_300423,昇辉科技,电网设备,-2.2985344
6474,2025-01-27,SH.ZB_603358,华达科技,汽车零部件,-2.2985487
6475,2025-01-24,SH.KC_300928,华安鑫创,汽车零部件,-2.298713
6476,2025-01-24,SZ.ZB_002066,瑞泰科技,装修建材,-2.2987592
6477,2025-01-27,SZ.ZB_002318,久立特材,钢铁行业,-2.298771
6478,2025-01-24,SZ.ZB_000400,许继电气,电网设备,-2.2997527
6479,2025-01-24,SZ.ZB_002095,生 意 宝,互联网服务,-2.2998054
6480,2025-01-24,SH.KC_301499,维科精密,汽车零部件,-2.299849
6481,2025-01-27,SH.KC_300632,光莆股份,光学光电子,-2.3000302
6482,2025-01-27,SH.KC_300888,稳健医疗,美容护理,-2.3002312
6483,2025-01-27,SH.KC_300943,春晖智控,通用设备,-2.3002517
6484,2025-01-24,SH.ZB_601965,中国汽研,汽车服务,-2.3004735
6485,2025-01-27,SH.KC_300176,鸿特科技,汽车零部件,-2.3005095
6486,2025-01-24,SH.KC_688557,兰剑智能,通用设备,-2.3008127
6487,2025-01-24,SH.KC_300546,雄帝科技,计算机设备,-2.3014886
6488,2025-01-24,SH.ZB_603311,金海高科,家电行业,-2.3015926
6489,2025-01-24,SH.KC_688283,坤恒顺维,专用设备,-2.3017619
6490,2025-01-27,SH.KC_301592,六九一二,软件开发,-2.302021
6491,2025-01-27,SH.KC_300308,中际旭创,通信设备,-2.3021395
6492,2025-01-24,SH.KC_300168,万达信息,互联网服务,-2.3021643
6493,2025-01-24,SZ.ZB_002743,富煌钢构,水泥建材,-2.30227
6494,2025-01-24,SH.KC_300270,中威电子,计算机设备,-2.3025286
6495,2025-01-24,SH.ZB_601928,凤凰传媒,文化传媒,-2.302677
6496,2025-01-24,SZ.ZB_001296,长江材料,非金属材料,-2.3027315
6497,2025-01-27,SZ.ZB_002019,亿帆医药,化学制药,-2.3027382
6498,2025-01-24,SZ.ZB_000852,石化机械,专用设备,-2.3028555
6499,2025-01-27,SH.KC_688175,高凌信息,通信设备,-2.3029187
6500,2025-01-27,SH.KC_688183,生益电子,电子元件,-2.3032198
6501,2025-01-27,SH.ZB_603002,宏昌电子,电子化学品,-2.3033624
6502,2025-01-27,SH.ZB_601519,大智慧,软件开发,-2.303497
6503,2025-01-27,SZ.ZB_000415,渤海租赁,多元金融,-2.3035536
6504,2025-01-27,SZ.ZB_002624,完美世界,游戏,-2.3036551
6505,2025-01-27,SZ.ZB_002991,甘源食品,食品饮料,-2.3036747
6506,2025-01-24,SH.KC_300126,锐奇股份,通用设备,-2.3037813
6507,2025-01-24,SZ.ZB_002903,宇环数控,通用设备,-2.3039258
6508,2025-01-27,SZ.ZB_002201,正威新材,玻璃玻纤,-2.304005
6509,2025-01-24,SH.KC_688108,赛诺医疗,医疗器械,-2.3040733
6510,2025-01-27,SH.ZB_601010,文峰股份,商业百货,-2.3044367
6511,2025-01-24,SH.ZB_601999,出版传媒,文化传媒,-2.3045335
6512,2025-01-24,SH.KC_300698,万马科技,通信设备,-2.3046966
6513,2025-01-24,SZ.ZB_000936,华西股份,化纤行业,-2.304969
6514,2025-01-27,SH.KC_688598,金博股份,光伏设备,-2.3051395
6515,2025-01-27,SH.KC_300725,药石科技,化学制药,-2.3052216
6516,2025-01-27,SH.KC_301035,润丰股份,农药兽药,-2.3052247
6517,2025-01-27,SH.ZB_600285,羚锐制药,中药,-2.3052258
6518,2025-01-24,SH.KC_301141,中科磁业,小金属,-2.3056622
6519,2025-01-27,SH.KC_300860,锋尚文化,文化传媒,-2.305903
6520,2025-01-27,SH.ZB_605222,起帆电缆,电网设备,-2.3061337
6521,2025-01-27,SZ.ZB_001230,劲旅环境,环保行业,-2.3062706
6522,2025-01-24,SH.KC_300651,金陵体育,家用轻工,-2.3063624
6523,2025-01-27,SZ.ZB_000953,河化股份,化学制药,-2.306581
6524,2025-01-27,SZ.ZB_000935,四川双马,水泥建材,-2.3067164
6525,2025-01-27,SH.KC_688558,国盛智科,通用设备,-2.307194
6526,2025-01-24,SZ.ZB_002480,新筑股份,通用设备,-2.3075738
6527,2025-01-27,SZ.ZB_002442,龙星科技,橡胶制品,-2.3077197
6528,2025-01-27,SH.KC_301262,海看股份,文化传媒,-2.3078837
6529,2025-01-27,SH.KC_688568,中科星图,互联网服务,-2.3082218
6530,2025-01-27,SH.KC_300047,天源迪科,软件开发,-2.3082268
6531,2025-01-27,SH.KC_301339,通行宝,软件开发,-2.3085105
6532,2025-01-24,SH.ZB_605507,国邦医药,化学制药,-2.3086877
6533,2025-01-27,SH.KC_300854,中兰环保,环保行业,-2.308832
6534,2025-01-24,SZ.ZB_000007,全新好,房地产服务,-2.3090432
6535,2025-01-24,SZ.ZB_002409,雅克科技,电子化学品,-2.3092527
6536,2025-01-27,SZ.ZB_002084,海鸥住工,装修装饰,-2.309774
6537,2025-01-27,SH.ZB_600556,天下秀,文化传媒,-2.3098886
6538,2025-01-24,SH.KC_300543,朗科智能,消费电子,-2.3099291
6539,2025-01-27,SH.ZB_600561,江西长运,铁路公路,-2.3099632
6540,2025-01-24,SH.ZB_605339,南侨食品,食品饮料,-2.3102446
6541,2025-01-24,SZ.ZB_002652,扬子新材,装修建材,-2.3103583
6542,2025-01-24,SH.KC_688789,宏华数科,专用设备,-2.310657
6543,2025-01-27,SH.ZB_600610,中毅达,化学原料,-2.3106825
6544,2025-01-27,SH.ZB_600538,国发股份,农药兽药,-2.310991
6545,2025-01-27,SZ.ZB_000905,厦门港务,航运港口,-2.3109915
6546,2025-01-24,SH.KC_300155,安居宝,计算机设备,-2.3110971
6547,2025-01-24,SH.ZB_601628,中国人寿,保险,-2.3111277
6548,2025-01-24,SZ.ZB_000963,华东医药,化学制药,-2.3111796
6549,2025-01-24,SH.ZB_600501,航天晨光,专用设备,-2.3113227
6550,2025-01-27,SH.ZB_601567,三星医疗,电网设备,-2.3116841
6551,2025-01-24,SH.KC_300246,宝莱特,医疗器械,-2.311788
6552,2025-01-27,SZ.ZB_001266,宏英智能,仪器仪表,-2.3121388
6553,2025-01-27,SZ.ZB_002093,国脉科技,通信服务,-2.312229
6554,2025-01-24,SH.KC_300800,力合科技,环保行业,-2.3124723
6555,2025-01-27,SZ.ZB_002226,江南化工,化学制品,-2.3127408
6556,2025-01-24,SH.KC_300223,北京君正,半导体,-2.3128126
6557,2025-01-27,SH.ZB_600968,海油发展,采掘行业,-2.313285
6558,2025-01-24,SZ.ZB_002821,凯莱英,医疗服务,-2.313416
6559,2025-01-24,SH.KC_301098,金埔园林,工程建设,-2.3138204
6560,2025-01-24,SH.KC_688418,震有科技,通信设备,-2.3139448
6561,2025-01-24,SZ.ZB_002123,梦网科技,通信服务,-2.3139703
6562,2025-01-24,SH.ZB_600222,太龙药业,中药,-2.3140936
6563,2025-01-24,SZ.ZB_000779,甘咨询,工程咨询服务,-2.3144596
6564,2025-01-27,SH.KC_301293,三博脑科,医疗服务,-2.3144631
6565,2025-01-27,SZ.ZB_002948,青岛银行,银行,-2.3146384
6566,2025-01-27,SZ.ZB_002961,瑞达期货,多元金融,-2.3146493
6567,2025-01-27,SH.KC_688117,圣诺生物,化学制药,-2.3148336
6568,2025-01-27,SH.ZB_601099,太平洋,证券,-2.3151736
6569,2025-01-27,SH.KC_688045,必易微,半导体,-2.3155503
6570,2025-01-24,SH.KC_300382,斯莱克,专用设备,-2.3158622
6571,2025-01-27,SH.KC_300139,晓程科技,贵金属,-2.3160582
6572,2025-01-24,SZ.ZB_001225,和泰机电,通用设备,-2.3162045
6573,2025-01-24,SH.KC_688628,优利德,仪器仪表,-2.3162124
6574,2025-01-27,SZ.ZB_002094,青岛金王,美容护理,-2.316316
6575,2025-01-24,SH.ZB_603833,欧派家居,装修建材,-2.316332
6576,2025-01-27,SH.KC_688628,优利德,仪器仪表,-2.3165069
6577,2025-01-24,SH.ZB_600301,华锡有色,小金属,-2.3165135
6578,2025-01-24,SH.KC_301071,力量钻石,非金属材料,-2.3170974
6579,2025-01-27,SZ.ZB_000975,山金国际,贵金属,-2.3173802
6580,2025-01-27,SH.KC_688077,大地熊,小金属,-2.3175135
6581,2025-01-27,SH.KC_688133,泰坦科技,专业服务,-2.317701
6582,2025-01-24,SH.KC_300912,凯龙高科,汽车零部件,-2.3177695
6583,2025-01-27,SH.ZB_603908,牧高笛,纺织服装,-2.3179471
6584,2025-01-24,SH.KC_301335,天元宠物,家用轻工,-2.3180218
6585,2025-01-27,SH.KC_300675,建科院,工程咨询服务,-2.3180635
6586,2025-01-24,SZ.ZB_002261,拓维信息,软件开发,-2.3184068
6587,2025-01-24,SH.KC_301163,宏德股份,风电设备,-2.3185105
6588,2025-01-27,SH.ZB_600383,金地集团,房地产开发,-2.318803
6589,2025-01-27,SZ.ZB_000813,德展健康,化学制药,-2.3190625
6590,2025-01-27,SH.ZB_603081,大丰实业,专用设备,-2.3192267
6591,2025-01-27,SH.KC_300998,宁波方正,汽车零部件,-2.3193712
6592,2025-01-24,SH.ZB_600156,华升股份,纺织服装,-2.3193772
6593,2025-01-27,SH.KC_688061,灿瑞科技,半导体,-2.320209
6594,2025-01-27,SZ.ZB_002987,京北方,软件开发,-2.3204749
6595,2025-01-24,SH.ZB_603088,宁波精达,通用设备,-2.320508
6596,2025-01-24,SH.ZB_600396,华电辽能,电力行业,-2.3205438
6597,2025-01-24,SH.KC_688697,纽威数控,通用设备,-2.3206105
6598,2025-01-24,SH.ZB_600721,百花医药,医疗服务,-2.320704
6599,2025-01-24,SH.KC_300663,科蓝软件,软件开发,-2.3211806
6600,2025-01-24,SH.KC_300895,铜牛信息,互联网服务,-2.32134
6601,2025-01-24,SZ.ZB_001359,平安电工,非金属材料,-2.3213515
6602,2025-01-24,SH.KC_688378,奥来德,专用设备,-2.3216643
6603,2025-01-24,SH.KC_301022,海泰科,汽车零部件,-2.3217196
6604,2025-01-27,SH.ZB_600007,中国国贸,房地产开发,-2.321899
6605,2025-01-27,SZ.ZB_000785,居然智家,商业百货,-2.3219328
6606,2025-01-27,SH.ZB_603206,嘉环科技,通信服务,-2.322062
6607,2025-01-24,SH.ZB_603612,索通发展,非金属材料,-2.3223448
6608,2025-01-24,SH.KC_301226,祥明智能,电机,-2.3223975
6609,2025-01-24,SH.KC_688262,国芯科技,半导体,-2.3226094
6610,2025-01-27,SH.ZB_600645,中源协和,生物制品,-2.3238437
6611,2025-01-27,SH.KC_688663,新风光,电网设备,-2.3239923
6612,2025-01-27,SH.ZB_603613,国联股份,互联网服务,-2.3241415
6613,2025-01-24,SH.KC_688170,德龙激光,专用设备,-2.324146
6614,2025-01-27,SH.KC_300311,任子行,软件开发,-2.3244283
6615,2025-01-27,SH.KC_688612,威迈斯,汽车零部件,-2.3248827
6616,2025-01-24,SZ.ZB_002258,利尔化学,农药兽药,-2.3254025
6617,2025-01-27,SH.KC_301555,惠柏新材,化学制品,-2.3255582
6618,2025-01-24,SH.KC_300274,阳光电源,光伏设备,-2.3265638
6619,2025-01-27,SH.KC_688533,上声电子,汽车零部件,-2.3270874
6620,2025-01-24,SH.KC_301251,威尔高,电子元件,-2.3272495
6621,2025-01-24,SH.KC_300803,指南针,软件开发,-2.3274097
6622,2025-01-24,SH.KC_301285,鸿日达,电子元件,-2.327413
6623,2025-01-24,SH.KC_300848,美瑞新材,化学制品,-2.3281493
6624,2025-01-24,SH.KC_688166,博瑞医药,化学制药,-2.3281882
6625,2025-01-24,SZ.ZB_002456,欧菲光,光学光电子,-2.3282115
6626,2025-01-24,SZ.ZB_002398,垒知集团,装修建材,-2.3284361
6627,2025-01-24,SZ.ZB_002187,广百股份,商业百货,-2.3286672
6628,2025-01-24,SZ.ZB_002953,日丰股份,电网设备,-2.3287315
6629,2025-01-24,SH.KC_300545,联得装备,光学光电子,-2.3290381
6630,2025-01-24,SZ.ZB_002470,金正大,化肥行业,-2.329143
6631,2025-01-24,SH.KC_300993,玉马科技,家用轻工,-2.3293273
6632,2025-01-24,SZ.ZB_002098,浔兴股份,纺织服装,-2.3293304
6633,2025-01-24,SH.ZB_600408,安泰集团,煤炭行业,-2.329439
6634,2025-01-27,SH.ZB_603366,日出东方,家电行业,-2.3295755
6635,2025-01-27,SH.KC_300177,中海达,计算机设备,-2.3297753
6636,2025-01-27,SH.KC_688549,中巨芯-U,电子化学品,-2.3305748
6637,2025-01-24,SH.KC_688455,科捷智能,通用设备,-2.3305924
6638,2025-01-24,SZ.ZB_002440,闰土股份,化学制品,-2.330601
6639,2025-01-27,SZ.ZB_002119,康强电子,半导体,-2.3306186
6640,2025-01-27,SH.ZB_603496,恒为科技,互联网服务,-2.3316355
6641,2025-01-24,SH.KC_300678,中科信息,互联网服务,-2.3318918
6642,2025-01-27,SZ.ZB_002244,滨江集团,房地产开发,-2.3329108
6643,2025-01-24,SH.KC_300059,东方财富,互联网服务,-2.3331618
6644,2025-01-27,SH.KC_688232,新点软件,软件开发,-2.3332553
6645,2025-01-27,SH.ZB_601619,嘉泽新能,电力行业,-2.3335648
6646,2025-01-24,SH.ZB_603067,振华股份,化学原料,-2.33403
6647,2025-01-24,SH.KC_300295,三六五网,互联网服务,-2.334109
6648,2025-01-27,SH.KC_300535,达威股份,化学制品,-2.3343296
6649,2025-01-24,SH.KC_301469,恒达新材,造纸印刷,-2.3345544
6650,2025-01-24,SZ.ZB_002806,华锋股份,汽车零部件,-2.3345773
6651,2025-01-24,SH.KC_300441,鲍斯股份,通用设备,-2.3349974
6652,2025-01-24,SH.KC_300363,博腾股份,化学制药,-2.3351934
6653,2025-01-27,SH.ZB_601127,赛力斯,汽车整车,-2.335238
6654,2025-01-24,SH.KC_300933,中辰股份,电网设备,-2.33529
6655,2025-01-27,SH.KC_300400,劲拓股份,专用设备,-2.3353727
6656,2025-01-24,SH.ZB_605300,佳禾食品,食品饮料,-2.3356102
6657,2025-01-27,SH.ZB_603188,亚邦股份,化学制品,-2.3356297
6658,2025-01-24,SH.ZB_603320,迪贝电气,电机,-2.3356855
6659,2025-01-27,SH.KC_300375,鹏翎股份,汽车零部件,-2.3359454
6660,2025-01-24,SH.KC_300305,裕兴股份,光伏设备,-2.3359628
6661,2025-01-24,SH.KC_301077,星华新材,化学制品,-2.3360717
6662,2025-01-24,SH.KC_300315,掌趣科技,游戏,-2.3361294
6663,2025-01-24,SH.ZB_600729,重庆百货,商业百货,-2.3365624
6664,2025-01-24,SH.ZB_603819,神力股份,电机,-2.3365672
6665,2025-01-27,SH.KC_300487,蓝晓科技,塑料制品,-2.3366818
6666,2025-01-27,SH.ZB_600302,标准股份,专用设备,-2.3367784
6667,2025-01-24,SH.KC_301419,阿莱德,通信设备,-2.3371878
6668,2025-01-24,SH.KC_301388,欣灵电气,电网设备,-2.3376007
6669,2025-01-24,SH.ZB_603738,泰晶科技,电子元件,-2.3379996
6670,2025-01-27,SZ.ZB_002370,亚太药业,化学制药,-2.3382664
6671,2025-01-27,SH.ZB_603028,赛福天,通用设备,-2.3386881
6672,2025-01-27,SH.KC_688273,麦澜德,医疗器械,-2.3387113
6673,2025-01-27,SH.KC_300604,长川科技,半导体,-2.3389351
6674,2025-01-24,SH.KC_300119,瑞普生物,农药兽药,-2.338943
6675,2025-01-24,SH.ZB_601226,华电科工,工程机械,-2.339168
6676,2025-01-27,SH.KC_300789,唐源电气,软件开发,-2.3393402
6677,2025-01-27,SZ.ZB_002506,协鑫集成,光伏设备,-2.3394334
6678,2025-01-27,SH.KC_688197,首药控股-U,生物制品,-2.3394718
6679,2025-01-27,SH.KC_688325,赛微微电,半导体,-2.339871
6680,2025-01-24,SZ.ZB_002283,天润工业,汽车零部件,-2.3404708
6681,2025-01-27,SH.KC_300576,容大感光,电子化学品,-2.3405647
6682,2025-01-24,SH.KC_301273,瑞晨环保,通用设备,-2.3407931
6683,2025-01-24,SH.ZB_600390,五矿资本,多元金融,-2.3408616
6684,2025-01-24,SH.KC_688005,容百科技,电池,-2.3409247
6685,2025-01-27,SH.KC_300945,曼卡龙,珠宝首饰,-2.3411236
6686,2025-01-24,SZ.ZB_002785,万里石,装修建材,-2.3414898
6687,2025-01-27,SH.ZB_605228,神通科技,汽车零部件,-2.3414981
6688,2025-01-24,SH.KC_300487,蓝晓科技,塑料制品,-2.3416595
6689,2025-01-27,SH.ZB_600570,恒生电子,软件开发,-2.3417478
6690,2025-01-27,SZ.ZB_002184,海得控制,专用设备,-2.3418703
6691,2025-01-27,SH.KC_300151,昌红科技,专用设备,-2.3420122
6692,2025-01-27,SZ.ZB_002011,盾安环境,家电行业,-2.3421326
6693,2025-01-27,SH.ZB_601555,东吴证券,证券,-2.3421435
6694,2025-01-27,SH.KC_301578,辰奕智能,消费电子,-2.3426254
6695,2025-01-24,SH.KC_300700,岱勒新材,通用设备,-2.3429961
6696,2025-01-27,SZ.ZB_001259,利仁科技,家电行业,-2.343368
6697,2025-01-24,SH.ZB_603285,键邦股份,化学制品,-2.343936
6698,2025-01-24,SH.ZB_603727,博迈科,采掘行业,-2.344088
6699,2025-01-24,SH.ZB_600883,博闻科技,农牧饲渔,-2.3442605
6700,2025-01-24,SZ.ZB_002333,罗普斯金,装修建材,-2.3442817
6701,2025-01-27,SH.KC_300304,云意电气,汽车零部件,-2.344436
6702,2025-01-27,SH.ZB_600791,京能置业,房地产开发,-2.3445935
6703,2025-01-24,SH.ZB_605287,德才股份,装修装饰,-2.344754
6704,2025-01-27,SZ.ZB_002777,久远银海,互联网服务,-2.3448477
6705,2025-01-24,SZ.ZB_002494,华斯股份,纺织服装,-2.3448641
6706,2025-01-27,SZ.ZB_002570,贝因美,食品饮料,-2.345081
6707,2025-01-27,SH.ZB_600796,钱江生化,环保行业,-2.3450813
6708,2025-01-27,SH.ZB_603006,联明股份,汽车零部件,-2.3455088
6709,2025-01-27,SZ.ZB_002800,天顺股份,物流行业,-2.3458898
6710,2025-01-24,SH.ZB_603506,南都物业,房地产服务,-2.3459582
6711,2025-01-27,SZ.ZB_002449,国星光电,光学光电子,-2.3460348
6712,2025-01-24,SH.ZB_600293,三峡新材,玻璃玻纤,-2.3461986
6713,2025-01-24,SH.KC_688190,云路股份,小金属,-2.3466043
6714,2025-01-27,SH.KC_300281,金明精机,专用设备,-2.3467436
6715,2025-01-24,SH.KC_301361,众智科技,电网设备,-2.3468027
6716,2025-01-27,SZ.ZB_002909,集泰股份,化学制品,-2.3468106
6717,2025-01-27,SH.KC_300174,元力股份,化学制品,-2.346902
6718,2025-01-27,SH.KC_300415,伊之密,专用设备,-2.3472106
6719,2025-01-27,SH.KC_301056,森赫股份,专用设备,-2.3473854
6720,2025-01-27,SH.KC_300291,百纳千成,文化传媒,-2.3474004
6721,2025-01-27,SZ.ZB_002311,海大集团,农牧饲渔,-2.3474016
6722,2025-01-27,SH.ZB_600768,宁波富邦,有色金属,-2.3474536
6723,2025-01-27,SZ.ZB_002671,龙泉股份,水泥建材,-2.347635
6724,2025-01-24,SH.KC_300271,华宇软件,互联网服务,-2.3477077
6725,2025-01-27,SH.KC_688285,高铁电气,交运设备,-2.347988
6726,2025-01-27,SH.ZB_601077,渝农商行,银行,-2.348291
6727,2025-01-27,SH.KC_688539,高华科技,电子元件,-2.3483648
6728,2025-01-27,SH.KC_688187,时代电气,交运设备,-2.3485014
6729,2025-01-24,SH.ZB_600769,祥龙电业,工程建设,-2.3487947
6730,2025-01-24,SH.KC_688355,明志科技,通用设备,-2.3489366
6731,2025-01-27,SH.ZB_600159,大龙地产,房地产开发,-2.3492432
6732,2025-01-24,SH.KC_300936,中英科技,电子元件,-2.3495235
6733,2025-01-24,SH.KC_688259,创耀科技,半导体,-2.3498948
6734,2025-01-27,SH.ZB_601156,东航物流,物流行业,-2.3499885
6735,2025-01-27,SZ.ZB_000969,安泰科技,通用设备,-2.3503673
6736,2025-01-27,SZ.ZB_001287,中电港,贸易行业,-2.3503766
6737,2025-01-27,SZ.ZB_000897,津滨发展,房地产开发,-2.3504782
6738,2025-01-27,SH.KC_301321,翰博高新,光学光电子,-2.3505645
6739,2025-01-27,SH.KC_300825,阿尔特,汽车服务,-2.3506017
6740,2025-01-27,SH.KC_300929,华骐环保,环保行业,-2.3509538
6741,2025-01-24,SH.ZB_603235,天新药业,食品饮料,-2.3509617
6742,2025-01-27,SH.ZB_605588,冠石科技,半导体,-2.3513503
6743,2025-01-27,SZ.ZB_000892,欢瑞世纪,文化传媒,-2.3513737
6744,2025-01-24,SH.KC_688607,康众医疗,医疗器械,-2.3514323
6745,2025-01-27,SH.KC_300187,永清环保,环保行业,-2.3516605
6746,2025-01-24,SZ.ZB_002163,海南发展,玻璃玻纤,-2.3516712
6747,2025-01-27,SH.KC_301081,严牌股份,环保行业,-2.3522594
6748,2025-01-27,SH.KC_688084,晶品特装,专用设备,-2.3523922
6749,2025-01-24,SH.ZB_600593,大连圣亚,旅游酒店,-2.3524024
6750,2025-01-24,SH.KC_300854,中兰环保,环保行业,-2.3527074
6751,2025-01-24,SH.KC_301319,唯特偶,电子元件,-2.3527396
6752,2025-01-24,SZ.ZB_000997,新 大 陆,互联网服务,-2.3528504
6753,2025-01-24,SH.KC_300960,通业科技,交运设备,-2.3530898
6754,2025-01-27,SH.KC_301319,唯特偶,电子元件,-2.353774
6755,2025-01-24,SH.KC_301035,润丰股份,农药兽药,-2.3539453
6756,2025-01-24,SH.ZB_603697,有友食品,食品饮料,-2.354486
6757,2025-01-27,SH.ZB_603677,奇精机械,家电行业,-2.3546705
6758,2025-01-24,SH.KC_300597,吉大通信,通信服务,-2.3546767
6759,2025-01-27,SZ.ZB_002361,神剑股份,塑料制品,-2.3549528
6760,2025-01-24,SH.KC_688450,光格科技,仪器仪表,-2.3551128
6761,2025-01-24,SH.KC_688089,嘉必优,食品饮料,-2.3553674
6762,2025-01-24,SH.KC_300724,捷佳伟创,光伏设备,-2.3554573
6763,2025-01-27,SH.ZB_603633,徕木股份,汽车零部件,-2.3555508
6764,2025-01-24,SH.ZB_600857,宁波中百,商业百货,-2.3558552
6765,2025-01-27,SH.KC_688690,纳微科技,化学制药,-2.3560348
6766,2025-01-27,SH.KC_301307,美利信,通信设备,-2.3562787
6767,2025-01-24,SZ.ZB_002584,西陇科学,电子化学品,-2.3562832
6768,2025-01-27,SH.KC_301289,国缆检测,专业服务,-2.3565927
6769,2025-01-24,SH.ZB_601011,宝泰隆,煤炭行业,-2.3570154
6770,2025-01-27,SH.KC_300319,麦捷科技,光学光电子,-2.3571029
6771,2025-01-27,SH.ZB_600939,重庆建工,工程建设,-2.3571956
6772,2025-01-27,SH.KC_688687,凯因科技,生物制品,-2.3573096
6773,2025-01-24,SH.ZB_603220,中贝通信,通信服务,-2.3574424
6774,2025-01-27,SZ.ZB_002572,索菲亚,装修建材,-2.3576596
6775,2025-01-24,SH.ZB_603051,鹿山新材,塑料制品,-2.3579922
6776,2025-01-24,SH.KC_300708,聚灿光电,光学光电子,-2.3581479
6777,2025-01-27,SH.ZB_600265,景谷林业,农牧饲渔,-2.3584201
6778,2025-01-27,SH.ZB_600331,宏达股份,有色金属,-2.3584354
6779,2025-01-27,SZ.ZB_002922,伊戈尔,电子元件,-2.3584442
6780,2025-01-27,SH.KC_300241,瑞丰光电,光学光电子,-2.3589387
6781,2025-01-24,SH.ZB_600105,永鼎股份,通信设备,-2.3591373
6782,2025-01-24,SH.ZB_600448,华纺股份,纺织服装,-2.3592238
6783,2025-01-24,SH.ZB_603135,中重科技,专用设备,-2.3592968
6784,2025-01-27,SH.KC_301212,联盛化学,化学制品,-2.3594756
6785,2025-01-27,SH.KC_300457,赢合科技,电池,-2.3594966
6786,2025-01-24,SZ.ZB_001313,粤海饲料,农牧饲渔,-2.359511
6787,2025-01-27,SH.KC_300773,拉卡拉,软件开发,-2.3596451
6788,2025-01-24,SZ.ZB_002274,华昌化工,化肥行业,-2.3596904
6789,2025-01-27,SH.ZB_600732,爱旭股份,光伏设备,-2.3598487
6790,2025-01-27,SH.KC_300735,光弘科技,消费电子,-2.3598833
6791,2025-01-27,SZ.ZB_000767,晋控电力,电力行业,-2.3606594
6792,2025-01-24,SZ.ZB_002981,朝阳科技,消费电子,-2.3607266
6793,2025-01-24,SH.ZB_600082,海泰发展,房地产开发,-2.360761
6794,2025-01-27,SH.KC_301379,天山电子,光学光电子,-2.3608153
6795,2025-01-27,SH.ZB_603577,汇金通,电网设备,-2.3608701
6796,2025-01-27,SH.ZB_600382,广东明珠,钢铁行业,-2.360966
6797,2025-01-27,SH.KC_688789,宏华数科,专用设备,-2.3611057
6798,2025-01-27,SH.KC_301234,五洲医疗,医疗器械,-2.3614008
6799,2025-01-27,SH.KC_301072,中捷精工,汽车零部件,-2.3614705
6800,2025-01-27,SZ.ZB_003003,天元股份,包装材料,-2.3615556
6801,2025-01-27,SH.KC_300695,兆丰股份,汽车零部件,-2.3616822
6802,2025-01-27,SH.KC_301185,鸥玛软件,软件开发,-2.3620074
6803,2025-01-27,SH.ZB_601999,出版传媒,文化传媒,-2.3620346
6804,2025-01-27,SH.ZB_603330,天洋新材,光伏设备,-2.3621674
6805,2025-01-27,SH.ZB_600733,北汽蓝谷,汽车整车,-2.362357
6806,2025-01-27,SH.ZB_605189,富春染织,纺织服装,-2.3625188
6807,2025-01-24,SZ.ZB_000409,云鼎科技,互联网服务,-2.3631902
6808,2025-01-24,SH.ZB_600520,文一科技,专用设备,-2.3634624
6809,2025-01-24,SH.ZB_605117,德业股份,光伏设备,-2.3636122
6810,2025-01-24,SH.KC_301600,慧翰股份,通信设备,-2.3636162
6811,2025-01-27,SH.ZB_603213,镇洋发展,化学原料,-2.364237
6812,2025-01-24,SH.ZB_600476,湘邮科技,软件开发,-2.364275
6813,2025-01-24,SH.ZB_600657,信达地产,房地产开发,-2.3645422
6814,2025-01-24,SH.KC_301314,科瑞思,通信设备,-2.364686
6815,2025-01-27,SH.KC_688157,松井股份,化学制品,-2.3647807
6816,2025-01-27,SZ.ZB_002475,立讯精密,消费电子,-2.364863
6817,2025-01-24,SH.KC_301012,扬电科技,电网设备,-2.3648732
6818,2025-01-24,SH.ZB_600231,凌钢股份,钢铁行业,-2.3652089
6819,2025-01-27,SH.KC_300669,沪宁股份,专用设备,-2.3656871
6820,2025-01-24,SH.ZB_600812,华北制药,化学制药,-2.3659625
6821,2025-01-27,SZ.ZB_002337,赛象科技,专用设备,-2.3660069
6822,2025-01-24,SH.ZB_600847,万里股份,电池,-2.3668745
6823,2025-01-24,SZ.ZB_002541,鸿路钢构,水泥建材,-2.367533
6824,2025-01-27,SZ.ZB_001373,翔腾新材,光学光电子,-2.3675556
6825,2025-01-27,SH.ZB_601136,首创证券,证券,-2.3678932
6826,2025-01-24,SH.KC_300609,汇纳科技,互联网服务,-2.3679364
6827,2025-01-27,SH.KC_300992,泰福泵业,通用设备,-2.3679814
6828,2025-01-27,SH.KC_301093,华兰股份,医疗器械,-2.3681467
6829,2025-01-24,SH.KC_688025,杰普特,电子元件,-2.3682292
6830,2025-01-27,SH.KC_300842,帝科股份,光伏设备,-2.3682487
6831,2025-01-24,SH.ZB_603316,诚邦股份,工程建设,-2.3683183
6832,2025-01-27,SH.KC_300224,正海磁材,小金属,-2.3684692
6833,2025-01-24,SH.KC_300776,帝尔激光,光伏设备,-2.3684897
6834,2025-01-24,SH.ZB_603328,依顿电子,电子元件,-2.3686223
6835,2025-01-27,SH.KC_688479,友车科技,汽车服务,-2.368655
6836,2025-01-27,SZ.ZB_003028,振邦智能,消费电子,-2.3689198
6837,2025-01-24,SZ.ZB_002852,道道全,食品饮料,-2.369042
6838,2025-01-24,SH.ZB_600276,恒瑞医药,化学制药,-2.369547
6839,2025-01-24,SH.ZB_603816,顾家家居,装修建材,-2.370398
6840,2025-01-24,SZ.ZB_002532,天山铝业,有色金属,-2.371023
6841,2025-01-24,SH.ZB_603806,福斯特,光伏设备,-2.3711457
6842,2025-01-24,SZ.ZB_002775,文科股份,工程建设,-2.371414
6843,2025-01-24,SZ.ZB_002153,石基信息,软件开发,-2.372165
6844,2025-01-24,SZ.ZB_002898,赛隆药业,化学制药,-2.3722663
6845,2025-01-24,SH.ZB_600850,电科数字,互联网服务,-2.372332
6846,2025-01-27,SZ.ZB_002953,日丰股份,电网设备,-2.3724477
6847,2025-01-24,SH.ZB_603616,韩建河山,水泥建材,-2.372543
6848,2025-01-27,SH.KC_301203,国泰环保,环保行业,-2.372655
6849,2025-01-24,SZ.ZB_000793,华闻集团,文化传媒,-2.3726826
6850,2025-01-27,SZ.ZB_002486,嘉麟杰,纺织服装,-2.373398
6851,2025-01-24,SH.KC_301053,远信工业,专用设备,-2.3736134
6852,2025-01-27,SH.KC_300484,蓝海华腾,专用设备,-2.373629
6853,2025-01-27,SH.ZB_603222,济民健康,化学制药,-2.373989
6854,2025-01-27,SH.KC_300637,扬帆新材,电子化学品,-2.3741522
6855,2025-01-24,SH.KC_688181,八亿时空,光学光电子,-2.3741803
6856,2025-01-27,SH.KC_688616,西力科技,电网设备,-2.3742385
6857,2025-01-27,SH.KC_688079,美迪凯,光学光电子,-2.3742518
6858,2025-01-27,SZ.ZB_002334,英威腾,专用设备,-2.3744547
6859,2025-01-27,SH.ZB_600757,长江传媒,文化传媒,-2.3746126
6860,2025-01-27,SZ.ZB_001260,坤泰股份,汽车零部件,-2.3747523
6861,2025-01-27,SH.KC_301218,华是科技,软件开发,-2.374899
6862,2025-01-24,SH.ZB_600768,宁波富邦,有色金属,-2.374942
6863,2025-01-24,SH.ZB_603329,上海雅仕,物流行业,-2.3750598
6864,2025-01-27,SH.KC_688418,震有科技,通信设备,-2.3751264
6865,2025-01-27,SH.KC_688478,晶升股份,半导体,-2.3752592
6866,2025-01-24,SH.KC_300617,安靠智电,电网设备,-2.375387
6867,2025-01-27,SZ.ZB_001256,炜冈科技,专用设备,-2.3754566
6868,2025-01-24,SZ.ZB_002324,普利特,塑料制品,-2.3755035
6869,2025-01-27,SZ.ZB_002366,融发核电,电源设备,-2.3755112
6870,2025-01-24,SH.KC_688026,洁特生物,塑料制品,-2.3755212
6871,2025-01-27,SZ.ZB_001379,腾达科技,通用设备,-2.3756156
6872,2025-01-27,SH.KC_300173,福能东方,专用设备,-2.375975
6873,2025-01-24,SH.KC_300353,东土科技,通信设备,-2.3760357
6874,2025-01-27,SH.KC_688683,莱尔科技,消费电子,-2.3762805
6875,2025-01-27,SH.KC_688691,灿芯股份,半导体,-2.3764064
6876,2025-01-27,SH.ZB_600721,百花医药,医疗服务,-2.376538
6877,2025-01-27,SH.ZB_603307,扬州金泉,纺织服装,-2.3768516
6878,2025-01-27,SH.ZB_600082,海泰发展,房地产开发,-2.3770554
6879,2025-01-27,SH.KC_688147,微导纳米,光伏设备,-2.3770998
6880,2025-01-27,SH.KC_688455,科捷智能,通用设备,-2.3773172
6881,2025-01-27,SH.ZB_603630,拉芳家化,美容护理,-2.3775244
6882,2025-01-24,SH.KC_301086,鸿富瀚,消费电子,-2.3777823
6883,2025-01-27,SH.KC_688096,京源环保,环保行业,-2.3779566
6884,2025-01-27,SH.ZB_600536,中国软件,软件开发,-2.3781013
6885,2025-01-27,SH.ZB_603527,众源新材,有色金属,-2.3781319
6886,2025-01-24,SH.ZB_603908,牧高笛,纺织服装,-2.3787227
6887,2025-01-24,SH.KC_688093,世华科技,电子元件,-2.3789868
6888,2025-01-24,SZ.ZB_000408,藏格矿业,化肥行业,-2.379171
6889,2025-01-24,SH.ZB_603339,四方科技,通用设备,-2.379387
6890,2025-01-24,SH.KC_300562,乐心医疗,医疗器械,-2.3793871
6891,2025-01-24,SH.ZB_601015,陕西黑猫,煤炭行业,-2.3794246
6892,2025-01-27,SH.KC_300633,开立医疗,医疗器械,-2.3795063
6893,2025-01-27,SH.ZB_603036,如通股份,专用设备,-2.3796773
6894,2025-01-24,SH.KC_300750,宁德时代,电池,-2.3799305
6895,2025-01-24,SZ.ZB_002380,科远智慧,互联网服务,-2.3806357
6896,2025-01-27,SZ.ZB_002678,珠江钢琴,家用轻工,-2.3810055
6897,2025-01-27,SH.ZB_600222,太龙药业,中药,-2.3810415
6898,2025-01-27,SH.ZB_600626,申达股份,汽车零部件,-2.3814857
6899,2025-01-27,SZ.ZB_002062,宏润建设,工程建设,-2.3817654
6900,2025-01-27,SH.ZB_601298,青岛港,航运港口,-2.3823044
6901,2025-01-24,SZ.ZB_002056,横店东磁,光伏设备,-2.3823047
6902,2025-01-24,SZ.ZB_002616,长青集团,电力行业,-2.3823092
6903,2025-01-27,SZ.ZB_000543,皖能电力,电力行业,-2.3823862
6904,2025-01-27,SZ.ZB_002268,电科网安,软件开发,-2.3826187
6905,2025-01-24,SH.ZB_603778,国晟科技,光伏设备,-2.3827837
6906,2025-01-24,SZ.ZB_002436,兴森科技,电子元件,-2.3828785
6907,2025-01-27,SZ.ZB_002436,兴森科技,电子元件,-2.3829055
6908,2025-01-24,SZ.ZB_000526,学大教育,教育,-2.3829303
6909,2025-01-27,SH.KC_301337,亚华电子,软件开发,-2.383171
6910,2025-01-27,SH.ZB_603768,常青股份,汽车零部件,-2.3832006
6911,2025-01-27,SH.ZB_601595,上海电影,文化传媒,-2.3836958
6912,2025-01-24,SZ.ZB_002195,岩山科技,互联网服务,-2.3837824
6913,2025-01-27,SH.ZB_601969,海南矿业,钢铁行业,-2.383975
6914,2025-01-27,SH.KC_300668,杰恩设计,工程咨询服务,-2.3839958
6915,2025-01-27,SH.ZB_600839,四川长虹,家电行业,-2.384114
6916,2025-01-27,SH.ZB_603501,韦尔股份,半导体,-2.3842406
6917,2025-01-24,SZ.ZB_002653,海思科,化学制药,-2.3843396
6918,2025-01-27,SH.ZB_603988,中电电机,电机,-2.3845422
6919,2025-01-24,SH.KC_688107,安路科技,半导体,-2.3852158
6920,2025-01-24,SH.KC_301002,崧盛股份,电网设备,-2.3857734
6921,2025-01-27,SH.ZB_603933,睿能科技,半导体,-2.385946
6922,2025-01-27,SH.KC_300629,新劲刚,通信设备,-2.386162
6923,2025-01-27,SH.KC_688168,安博通,软件开发,-2.3861938
6924,2025-01-27,SH.ZB_600390,五矿资本,多元金融,-2.386319
6925,2025-01-14,SH.KC_688667,菱电电控,汽车零部件,-2.3869298
6926,2025-01-24,SH.KC_688606,奥泰生物,医疗器械,-2.387231
6927,2025-01-24,SZ.ZB_002909,集泰股份,化学制品,-2.3873682
6928,2025-01-24,SH.KC_688509,正元地信,互联网服务,-2.3873947
6929,2025-01-24,SZ.ZB_002103,广博股份,家用轻工,-2.387572
6930,2025-01-27,SZ.ZB_000811,冰轮环境,通用设备,-2.3876534
6931,2025-01-24,SH.ZB_601019,山东出版,文化传媒,-2.3882349
6932,2025-01-24,SH.KC_688401,路维光电,半导体,-2.3882358
6933,2025-01-27,SH.KC_300545,联得装备,光学光电子,-2.3882964
6934,2025-01-27,SH.KC_688695,中创股份,软件开发,-2.388381
6935,2025-01-27,SH.ZB_600415,小商品城,商业百货,-2.3885198
6936,2025-01-24,SZ.ZB_003031,中瓷电子,通信设备,-2.3886359
6937,2025-01-27,SH.KC_688217,睿昂基因,医疗器械,-2.3886797
6938,2025-01-27,SH.ZB_603565,中谷物流,物流行业,-2.388707
6939,2025-01-24,SZ.ZB_002741,光华科技,电子化学品,-2.389348
6940,2025-01-27,SH.KC_300004,南风股份,专用设备,-2.3893712
6941,2025-01-24,SH.ZB_600869,远东股份,电网设备,-2.3893855
6942,2025-01-24,SH.ZB_600316,洪都航空,航天航空,-2.3894536
6943,2025-01-24,SH.KC_300772,运达股份,风电设备,-2.3899803
6944,2025-01-24,SZ.ZB_002956,西麦食品,食品饮料,-2.3904574
6945,2025-01-24,SH.KC_301329,信音电子,电子元件,-2.3905861
6946,2025-01-27,SZ.ZB_003042,中农联合,农药兽药,-2.3906815
6947,2025-01-27,SZ.ZB_000430,张家界,旅游酒店,-2.3907247
6948,2025-01-27,SZ.ZB_000761,本钢板材,钢铁行业,-2.390799
6949,2025-01-27,SH.KC_688737,中自科技,化学制品,-2.391085
6950,2025-01-24,SH.KC_300810,中科海讯,软件开发,-2.3910868
6951,2025-01-24,SH.KC_300512,中亚股份,专用设备,-2.3910902
6952,2025-01-27,SZ.ZB_000803,山高环能,综合行业,-2.391154
6953,2025-01-24,SH.ZB_600099,林海股份,交运设备,-2.3912604
6954,2025-01-24,SH.ZB_603556,海兴电力,电网设备,-2.391371
6955,2025-01-24,SH.ZB_603825,华扬联众,文化传媒,-2.392018
6956,2025-01-24,SH.KC_301381,赛维时代,互联网服务,-2.3921611
6957,2025-01-27,SH.ZB_603256,宏和科技,玻璃玻纤,-2.392443
6958,2025-01-24,SH.ZB_603079,圣达生物,化学制品,-2.3927007
6959,2025-01-27,SZ.ZB_000608,阳光股份,房地产服务,-2.3927815
6960,2025-01-24,SH.ZB_601336,新华保险,保险,-2.3929117
6961,2025-01-24,SZ.ZB_002606,大连电瓷,电网设备,-2.393035
6962,2025-01-24,SH.ZB_605196,华通线缆,电网设备,-2.3931067
6963,2025-01-27,SH.KC_688247,宣泰医药,生物制品,-2.393146
6964,2025-01-24,SH.ZB_603029,天鹅股份,专用设备,-2.3931644
6965,2025-01-27,SH.KC_300377,赢时胜,软件开发,-2.3932695
6966,2025-01-27,SH.ZB_600293,三峡新材,玻璃玻纤,-2.3932717
6967,2025-01-24,SZ.ZB_002106,莱宝高科,光学光电子,-2.3933563
6968,2025-01-24,SH.ZB_605577,龙版传媒,文化传媒,-2.393396
6969,2025-01-24,SH.ZB_600415,小商品城,商业百货,-2.3935366
6970,2025-01-24,SH.KC_300114,中航电测,航天航空,-2.39364
6971,2025-01-24,SZ.ZB_001228,永泰运,物流行业,-2.3938525
6972,2025-01-24,SH.KC_688528,秦川物联,仪器仪表,-2.3939018
6973,2025-01-24,SH.ZB_603273,天元智能,专用设备,-2.393942
6974,2025-01-24,SH.ZB_600052,东望时代,公用事业,-2.3939738
6975,2025-01-24,SH.KC_301195,北路智控,软件开发,-2.3941524
6976,2025-01-27,SH.KC_300644,南京聚隆,塑料制品,-2.39437
6977,2025-01-27,SH.ZB_600501,航天晨光,专用设备,-2.394446
6978,2025-01-27,SH.ZB_600571,信雅达,互联网服务,-2.3946006
6979,2025-01-27,SH.ZB_603285,键邦股份,化学制品,-2.3946233
6980,2025-01-27,SH.ZB_603636,南威软件,互联网服务,-2.395284
6981,2025-01-27,SH.KC_300673,佩蒂股份,农牧饲渔,-2.3953433
6982,2025-01-24,SH.ZB_600563,法拉电子,电子元件,-2.3957758
6983,2025-01-24,SH.ZB_600367,红星发展,化学原料,-2.3959734
6984,2025-01-24,SH.KC_301356,天振股份,塑料制品,-2.396274
6985,2025-01-24,SZ.ZB_001222,源飞宠物,家用轻工,-2.3966005
6986,2025-01-27,SZ.ZB_002688,金河生物,农药兽药,-2.3968549
6987,2025-01-24,SZ.ZB_002215,诺 普 信,农药兽药,-2.396989
6988,2025-01-27,SH.KC_300387,富邦科技,化肥行业,-2.3976233
6989,2025-01-24,SH.KC_300872,天阳科技,互联网服务,-2.3978388
6990,2025-01-27,SH.KC_688026,洁特生物,塑料制品,-2.3979068
6991,2025-01-24,SH.ZB_600120,浙江东方,多元金融,-2.398304
6992,2025-01-24,SZ.ZB_002857,三晖电气,电网设备,-2.3983135
6993,2025-01-24,SH.KC_688184,帕瓦股份,电池,-2.398469
6994,2025-01-27,SZ.ZB_003005,竞业达,互联网服务,-2.3984797
6995,2025-01-27,SH.KC_300326,凯利泰,医疗器械,-2.3986268
6996,2025-01-24,SH.ZB_600302,标准股份,专用设备,-2.3988733
6997,2025-01-24,SH.ZB_603577,汇金通,电网设备,-2.3990157
6998,2025-01-24,SH.KC_301333,诺思格,医疗服务,-2.3990903
6999,2025-01-27,SH.KC_688535,华海诚科,半导体,-2.4000316
7000,2025-01-27,SH.KC_300467,迅游科技,游戏,-2.4002225
7001,2025-01-24,SH.ZB_601231,环旭电子,消费电子,-2.4004138
7002,2025-01-27,SH.KC_300732,设研院,工程咨询服务,-2.4008586
7003,2025-01-27,SZ.ZB_002826,易明医药,中药,-2.400973
7004,2025-01-24,SH.KC_301234,五洲医疗,医疗器械,-2.401108
7005,2025-01-27,SH.KC_300270,中威电子,计算机设备,-2.4012017
7006,2025-01-27,SH.KC_300265,通光线缆,电网设备,-2.4016383
7007,2025-01-24,SZ.ZB_002596,海南瑞泽,水泥建材,-2.4016738
7008,2025-01-24,SH.ZB_605056,咸亨国际,仪器仪表,-2.4018402
7009,2025-01-27,SZ.ZB_002126,银轮股份,汽车零部件,-2.4020693
7010,2025-01-27,SH.KC_300885,海昌新材,通用设备,-2.4021397
7011,2025-01-24,SH.KC_301259,艾布鲁,环保行业,-2.4031413
7012,2025-01-27,SH.KC_300542,新晨科技,软件开发,-2.4036145
7013,2025-01-27,SH.KC_300247,融捷健康,家电行业,-2.403972
7014,2025-01-27,SZ.ZB_002230,科大讯飞,软件开发,-2.4039884
7015,2025-01-27,SH.KC_301273,瑞晨环保,通用设备,-2.4047697
7016,2025-01-27,SZ.ZB_002107,沃华医药,中药,-2.405036
7017,2025-01-24,SZ.ZB_001223,欧克科技,专用设备,-2.405099
7018,2025-01-27,SH.KC_300599,雄塑科技,装修建材,-2.40534
7019,2025-01-27,SZ.ZB_001216,华瓷股份,装修建材,-2.4057827
7020,2025-01-27,SZ.ZB_002735,王子新材,包装材料,-2.406108
7021,2025-01-27,SZ.ZB_002532,天山铝业,有色金属,-2.4061823
7022,2025-01-27,SZ.ZB_002255,海陆重工,电源设备,-2.4064043
7023,2025-01-27,SH.ZB_603773,沃格光电,光学光电子,-2.406478
7024,2025-01-27,SZ.ZB_000612,焦作万方,有色金属,-2.4067514
7025,2025-01-27,SH.KC_688021,奥福环保,环保行业,-2.406804
7026,2025-01-24,SH.ZB_605155,西大门,家用轻工,-2.4068785
7027,2025-01-24,SZ.ZB_002671,龙泉股份,水泥建材,-2.4070048
7028,2025-01-24,SH.KC_300518,新迅达,互联网服务,-2.407621
7029,2025-01-24,SZ.ZB_000607,华媒控股,文化传媒,-2.407657
7030,2025-01-24,SH.KC_300405,科隆股份,化学制品,-2.4081314
7031,2025-01-27,SH.ZB_603393,新天然气,燃气,-2.408155
7032,2025-01-24,SZ.ZB_002987,京北方,软件开发,-2.4082081
7033,2025-01-27,SH.KC_300461,田中精机,专用设备,-2.408414
7034,2025-01-24,SH.KC_300694,蠡湖股份,汽车零部件,-2.4086735
7035,2025-01-27,SH.KC_300518,新迅达,互联网服务,-2.4087803
7036,2025-01-27,SH.KC_300450,先导智能,电池,-2.4088185
7037,2025-01-24,SZ.ZB_002995,天地在线,文化传媒,-2.4089239
7038,2025-01-27,SH.ZB_600810,神马股份,化纤行业,-2.4092147
7039,2025-01-27,SZ.ZB_000995,皇台酒业,酿酒行业,-2.4092896
7040,2025-01-24,SH.ZB_605286,同力日升,专用设备,-2.4093275
7041,2025-01-24,SH.KC_688778,厦钨新能,电池,-2.4094157
7042,2025-01-27,SH.KC_688219,会通股份,塑料制品,-2.4094224
7043,2025-01-24,SH.KC_300400,劲拓股份,专用设备,-2.409938
7044,2025-01-27,SZ.ZB_000034,神州数码,计算机设备,-2.410309
7045,2025-01-27,SH.ZB_600850,电科数字,互联网服务,-2.4103117
7046,2025-01-27,SH.KC_301098,金埔园林,工程建设,-2.4106371
7047,2025-01-24,SH.ZB_603110,东方材料,化学制品,-2.4109972
7048,2025-01-27,SH.ZB_603885,吉祥航空,航空机场,-2.4111362
7049,2025-01-24,SH.KC_300831,派瑞股份,半导体,-2.4115925
7050,2025-01-24,SZ.ZB_002933,新兴装备,航天航空,-2.411763
7051,2025-01-27,SH.KC_688448,磁谷科技,通用设备,-2.412167
7052,2025-01-27,SH.ZB_603005,晶方科技,半导体,-2.4123785
7053,2025-01-27,SH.ZB_601500,通用股份,橡胶制品,-2.4124403
7054,2025-01-24,SH.KC_301378,通达海,软件开发,-2.4124458
7055,2025-01-24,SH.KC_688153,唯捷创芯,半导体,-2.41264
7056,2025-01-24,SH.KC_301083,百胜智能,专用设备,-2.4126716
7057,2025-01-24,SH.KC_688618,三旺通信,通信设备,-2.4129727
7058,2025-01-27,SH.KC_301317,鑫磊股份,通用设备,-2.4134376
7059,2025-01-27,SH.ZB_603929,亚翔集成,装修装饰,-2.4134479
7060,2025-01-24,SH.KC_301365,矩阵股份,装修装饰,-2.4137454
7061,2025-01-24,SH.KC_688155,先惠技术,电池,-2.4143252
7062,2025-01-24,SH.KC_300992,泰福泵业,通用设备,-2.4145496
7063,2025-01-27,SZ.ZB_000997,新 大 陆,互联网服务,-2.4149055
7064,2025-01-24,SH.ZB_603699,纽威股份,通用设备,-2.4153323
7065,2025-01-27,SH.KC_688315,诺禾致源,医疗服务,-2.4159265
7066,2025-01-27,SH.KC_301191,菲菱科思,通信设备,-2.4160652
7067,2025-01-27,SZ.ZB_002552,宝鼎科技,通用设备,-2.416349
7068,2025-01-24,SZ.ZB_002276,万马股份,电网设备,-2.4166205
7069,2025-01-27,SH.ZB_600727,鲁北化工,化学原料,-2.416848
7070,2025-01-24,SH.ZB_601818,光大银行,银行,-2.416979
7071,2025-01-24,SH.KC_688197,首药控股-U,生物制品,-2.4170065
7072,2025-01-27,SZ.ZB_002343,慈文传媒,文化传媒,-2.4170911
7073,2025-01-27,SZ.ZB_002815,崇达技术,电子元件,-2.4172156
7074,2025-01-27,SH.KC_688319,欧林生物,生物制品,-2.4175012
7075,2025-01-24,SH.ZB_605208,永茂泰,汽车零部件,-2.4175553
7076,2025-01-27,SH.KC_301121,紫建电子,电池,-2.4176626
7077,2025-01-24,SH.KC_300277,海联讯,互联网服务,-2.4178329
7078,2025-01-27,SZ.ZB_002792,通宇通讯,通信设备,-2.4178593
7079,2025-01-27,SH.KC_300478,杭州高新,塑料制品,-2.4179416
7080,2025-01-24,SH.KC_300207,欣旺达,电池,-2.418227
7081,2025-01-24,SZ.ZB_002474,榕基软件,互联网服务,-2.4184492
7082,2025-01-27,SH.ZB_600386,北巴传媒,汽车服务,-2.4186778
7083,2025-01-27,SH.KC_300085,银之杰,软件开发,-2.4190245
7084,2025-01-27,SZ.ZB_003031,中瓷电子,通信设备,-2.4190664
7085,2025-01-24,SH.ZB_603501,韦尔股份,半导体,-2.4192336
7086,2025-01-27,SH.ZB_600835,上海机电,专用设备,-2.4193358
7087,2025-01-27,SH.ZB_603196,日播时尚,纺织服装,-2.419379
7088,2025-01-27,SZ.ZB_002947,恒铭达,消费电子,-2.4195683
7089,2025-01-24,SH.KC_300177,中海达,计算机设备,-2.4196286
7090,2025-01-27,SH.KC_300903,科翔股份,电子元件,-2.4198225
7091,2025-01-24,SZ.ZB_003004,声迅股份,计算机设备,-2.4199443
7092,2025-01-27,SZ.ZB_000576,甘化科工,电源设备,-2.4202137
7093,2025-01-27,SH.KC_300136,信维通信,消费电子,-2.4202578
7094,2025-01-27,SH.KC_300694,蠡湖股份,汽车零部件,-2.420361
7095,2025-01-24,SH.KC_301196,唯科科技,塑料制品,-2.4205072
7096,2025-01-27,SH.KC_300462,华铭智能,交运设备,-2.4205756
7097,2025-01-24,SZ.ZB_001236,弘业期货,多元金融,-2.4210007
7098,2025-01-27,SZ.ZB_003029,吉大正元,软件开发,-2.4213336
7099,2025-01-27,SH.KC_300989,蕾奥规划,工程咨询服务,-2.4216852
7100,2025-01-27,SH.KC_300445,康斯特,仪器仪表,-2.4216914
7101,2025-01-24,SH.ZB_600615,丰华股份,小金属,-2.4217703
7102,2025-01-24,SH.ZB_600604,市北高新,房地产服务,-2.4217968
7103,2025-01-27,SZ.ZB_000797,中国武夷,房地产开发,-2.4218214
7104,2025-01-27,SH.ZB_605333,沪光股份,汽车零部件,-2.42187
7105,2025-01-27,SH.KC_688593,新相微,半导体,-2.4220557
7106,2025-01-24,SZ.ZB_002800,天顺股份,物流行业,-2.4224093
7107,2025-01-27,SH.ZB_603268,松发股份,装修建材,-2.4226024
7108,2025-01-27,SH.ZB_603038,华立股份,装修装饰,-2.4228432
7109,2025-01-27,SH.KC_300348,长亮科技,软件开发,-2.4230106
7110,2025-01-27,SZ.ZB_002696,百洋股份,农牧饲渔,-2.4232461
7111,2025-01-27,SH.KC_688307,中润光学,光学光电子,-2.423577
7112,2025-01-27,SZ.ZB_002047,宝鹰股份,装修装饰,-2.4237607
7113,2025-01-27,SH.ZB_600292,远达环保,环保行业,-2.423797
7114,2025-01-24,SH.KC_301359,东南电子,电子元件,-2.4238071
7115,2025-01-27,SH.ZB_601177,杭齿前进,通用设备,-2.423972
7116,2025-01-27,SZ.ZB_001322,箭牌家居,装修建材,-2.4239986
7117,2025-01-24,SZ.ZB_002683,广东宏大,采掘行业,-2.4241261
7118,2025-01-24,SH.ZB_600478,科力远,电子元件,-2.4244199
7119,2025-01-27,SH.ZB_600692,亚通股份,房地产开发,-2.42501
7120,2025-01-27,SZ.ZB_000565,渝三峡Ａ,化学制品,-2.4250696
7121,2025-01-27,SH.ZB_605339,南侨食品,食品饮料,-2.4250903
7122,2025-01-27,SZ.ZB_000571,新大洲A,煤炭行业,-2.4252017
7123,2025-01-27,SH.KC_300831,派瑞股份,半导体,-2.4254599
7124,2025-01-24,SH.KC_688147,微导纳米,光伏设备,-2.4255939
7125,2025-01-24,SH.KC_688061,灿瑞科技,半导体,-2.4258163
7126,2025-01-24,SH.ZB_600547,山东黄金,贵金属,-2.4259255
7127,2025-01-24,SH.ZB_603268,松发股份,装修建材,-2.42612
7128,2025-01-27,SZ.ZB_002809,红墙股份,化学制品,-2.4266284
7129,2025-01-27,SH.KC_300405,科隆股份,化学制品,-2.426669
7130,2025-01-27,SH.KC_300279,和晶科技,消费电子,-2.4269576
7131,2025-01-24,SH.ZB_605199,葫芦娃,中药,-2.4273179
7132,2025-01-27,SH.KC_300011,鼎汉技术,交运设备,-2.4274235
7133,2025-01-24,SH.KC_300956,英力股份,消费电子,-2.4275692
7134,2025-01-27,SH.KC_301221,光庭信息,软件开发,-2.4278426
7135,2025-01-27,SH.KC_300131,英唐智控,消费电子,-2.427977
7136,2025-01-27,SH.ZB_603025,大豪科技,专用设备,-2.4287574
7137,2025-01-27,SH.ZB_600609,金杯汽车,汽车零部件,-2.4294121
7138,2025-01-24,SZ.ZB_000969,安泰科技,通用设备,-2.4294503
7139,2025-01-27,SH.ZB_600745,闻泰科技,消费电子,-2.4297009
7140,2025-01-24,SZ.ZB_002171,楚江新材,有色金属,-2.4297183
7141,2025-01-27,SH.ZB_600463,空港股份,房地产开发,-2.4298751
7142,2025-01-27,SH.KC_300712,永福股份,工程建设,-2.4299421
7143,2025-01-27,SZ.ZB_001359,平安电工,非金属材料,-2.4303968
7144,2025-01-24,SH.KC_688682,霍莱沃,通信服务,-2.4309404
7145,2025-01-27,SH.ZB_603733,仙鹤股份,造纸印刷,-2.4309614
7146,2025-01-27,SH.ZB_603235,天新药业,食品饮料,-2.4314454
7147,2025-01-27,SZ.ZB_002634,棒杰股份,纺织服装,-2.4318988
7148,2025-01-23,SH.KC_300065,海兰信,船舶制造,-2.4320467
7149,2025-01-27,SH.KC_300802,矩子科技,专用设备,-2.432674
7150,2025-01-24,SH.KC_688593,新相微,半导体,-2.4329386
7151,2025-01-27,SZ.ZB_002363,隆基机械,汽车零部件,-2.4330091
7152,2025-01-24,SH.KC_300531,优博讯,计算机设备,-2.4330251
7153,2025-01-24,SH.KC_300894,火星人,家电行业,-2.433085
7154,2025-01-24,SZ.ZB_000812,陕西金叶,包装材料,-2.433175
7155,2025-01-24,SH.KC_301186,超达装备,汽车零部件,-2.4335265
7156,2025-01-24,SH.ZB_603028,赛福天,通用设备,-2.4338624
7157,2025-01-24,SH.KC_301517,陕西华达,电子元件,-2.4340978
7158,2025-01-27,SH.KC_688222,成都先导,医疗服务,-2.434232
7159,2025-01-24,SH.KC_301138,华研精机,专用设备,-2.4345512
7160,2025-01-24,SH.KC_300888,稳健医疗,美容护理,-2.4345973
7161,2025-01-24,SZ.ZB_002708,光洋股份,汽车零部件,-2.4349685
7162,2025-01-27,SH.KC_688019,安集科技,电子化学品,-2.4351158
7163,2025-01-24,SZ.ZB_002613,北玻股份,玻璃玻纤,-2.4353814
7164,2025-01-27,SH.ZB_600478,科力远,电子元件,-2.435521
7165,2025-01-27,SH.ZB_600100,同方股份,计算机设备,-2.4357429
7166,2025-01-27,SH.KC_688272,富吉瑞,光学光电子,-2.4359417
7167,2025-01-27,SH.KC_688116,天奈科技,化学制品,-2.4360914
7168,2025-01-27,SH.KC_688678,福立旺,消费电子,-2.4363742
7169,2025-01-24,SH.KC_301197,工大科雅,软件开发,-2.4373233
7170,2025-01-24,SH.KC_688329,艾隆科技,专用设备,-2.437925
7171,2025-01-27,SH.KC_301177,迪阿股份,珠宝首饰,-2.4379282
7172,2025-01-24,SH.ZB_603677,奇精机械,家电行业,-2.4384
7173,2025-01-24,SH.KC_300445,康斯特,仪器仪表,-2.4385183
7174,2025-01-27,SH.ZB_603969,银龙股份,通用设备,-2.4385204
7175,2025-01-27,SH.ZB_603067,振华股份,化学原料,-2.438893
7176,2025-01-27,SH.ZB_603778,国晟科技,光伏设备,-2.439291
7177,2025-01-27,SH.KC_301200,大族数控,专用设备,-2.4393263
7178,2025-01-27,SH.ZB_600619,海立股份,家电行业,-2.4395072
7179,2025-01-24,SH.ZB_605228,神通科技,汽车零部件,-2.4395475
7180,2025-01-27,SH.KC_688655,迅捷兴,电子元件,-2.4395945
7181,2025-01-27,SH.KC_688579,山大地纬,软件开发,-2.4398515
7182,2025-01-27,SH.ZB_601577,长沙银行,银行,-2.4399884
7183,2025-01-24,SH.KC_688737,中自科技,化学制品,-2.440007
7184,2025-01-27,SH.KC_301282,金禄电子,电子元件,-2.440381
7185,2025-01-27,SH.KC_688212,澳华内镜,医疗器械,-2.4407306
7186,2025-01-27,SH.ZB_603660,苏州科达,计算机设备,-2.440772
7187,2025-01-24,SH.KC_688280,精进电动-UW,汽车零部件,-2.4408152
7188,2025-01-27,SH.KC_300155,安居宝,计算机设备,-2.4409735
7189,2025-01-27,SH.ZB_601208,东材科技,塑料制品,-2.4415243
7190,2025-01-27,SH.KC_300776,帝尔激光,光伏设备,-2.4416282
7191,2025-01-27,SH.ZB_603683,晶华新材,化学制品,-2.4419227
7192,2025-01-24,SZ.ZB_002664,信质集团,汽车零部件,-2.442151
7193,2025-01-27,SH.KC_301010,晶雪节能,装修建材,-2.4424076
7194,2025-01-27,SH.ZB_600171,上海贝岭,半导体,-2.4427624
7195,2025-01-24,SH.KC_300291,百纳千成,文化传媒,-2.443011
7196,2025-01-27,SZ.ZB_002593,日上集团,汽车零部件,-2.4431336
7197,2025-01-24,SH.KC_300139,晓程科技,贵金属,-2.4435391
7198,2025-01-27,SZ.ZB_002584,西陇科学,电子化学品,-2.443703
7199,2025-01-27,SH.KC_688155,先惠技术,电池,-2.4443572
7200,2025-01-27,SH.KC_300322,硕贝德,消费电子,-2.444734
7201,2025-01-27,SZ.ZB_002298,中电兴发,软件开发,-2.444734
7202,2025-01-27,SH.KC_688380,中微半导,半导体,-2.4449818
7203,2025-01-27,SH.ZB_600744,华银电力,电力行业,-2.4451044
7204,2025-01-27,SH.KC_301053,远信工业,专用设备,-2.4454556
7205,2025-01-24,SH.ZB_601777,力帆科技,汽车整车,-2.4454923
7206,2025-01-24,SZ.ZB_002657,中科金财,互联网服务,-2.44551
7207,2025-01-24,SH.KC_301399,英特科技,通用设备,-2.4456768
7208,2025-01-24,SH.KC_688301,奕瑞科技,医疗器械,-2.445864
7209,2025-01-27,SZ.ZB_002926,华西证券,证券,-2.446086
7210,2025-01-27,SH.ZB_603022,新通联,包装材料,-2.4464445
7211,2025-01-24,SZ.ZB_002949,华阳国际,工程咨询服务,-2.4464624
7212,2025-01-27,SH.KC_300502,新易盛,通信设备,-2.4468877
7213,2025-01-24,SZ.ZB_000932,华菱钢铁,钢铁行业,-2.4477334
7214,2025-01-24,SZ.ZB_000002,万  科Ａ,房地产开发,-2.4482543
7215,2025-01-27,SZ.ZB_002036,联创电子,光学光电子,-2.4488118
7216,2025-01-24,SH.KC_301366,一博科技,电子元件,-2.448907
7217,2025-01-27,SH.ZB_600638,新黄浦,房地产开发,-2.4489636
7218,2025-01-27,SZ.ZB_002689,远大智能,专用设备,-2.449506
7219,2025-01-24,SH.ZB_603212,赛伍技术,光伏设备,-2.4497163
7220,2025-01-27,SZ.ZB_001296,长江材料,非金属材料,-2.4499283
7221,2025-01-27,SH.KC_300977,深圳瑞捷,工程咨询服务,-2.4500244
7222,2025-01-27,SZ.ZB_000592,平潭发展,农牧饲渔,-2.4503984
7223,2025-01-27,SH.ZB_603189,网达软件,软件开发,-2.4508176
7224,2025-01-27,SH.ZB_600728,佳都科技,软件开发,-2.4508631
7225,2025-01-27,SZ.ZB_000692,惠天热电,公用事业,-2.4513595
7226,2025-01-24,SH.ZB_603037,凯众股份,汽车零部件,-2.4513597
7227,2025-01-27,SH.ZB_603507,振江股份,风电设备,-2.4515316
7228,2025-01-24,SZ.ZB_002182,宝武镁业,有色金属,-2.451772
7229,2025-01-24,SH.KC_300541,先进数通,互联网服务,-2.451926
7230,2025-01-24,SH.KC_301398,星源卓镁,汽车零部件,-2.4522493
7231,2025-01-27,SH.KC_300505,川金诺,化肥行业,-2.452385
7232,2025-01-27,SH.KC_300562,乐心医疗,医疗器械,-2.4524214
7233,2025-01-27,SH.KC_688503,聚和材料,光伏设备,-2.45252
7234,2025-01-27,SH.KC_301196,唯科科技,塑料制品,-2.4532943
7235,2025-01-27,SH.KC_688271,联影医疗,医疗器械,-2.4536698
7236,2025-01-27,SH.KC_300050,世纪鼎利,通信服务,-2.4539363
7237,2025-01-27,SH.KC_300623,捷捷微电,半导体,-2.4541001
7238,2025-01-24,SH.ZB_605580,恒盛能源,电力行业,-2.4542005
7239,2025-01-24,SZ.ZB_002624,完美世界,游戏,-2.4544163
7240,2025-01-27,SZ.ZB_001231,农心科技,农药兽药,-2.4545195
7241,2025-01-27,SH.KC_301233,盛帮股份,橡胶制品,-2.454904
7242,2025-01-24,SH.ZB_603087,甘李药业,生物制品,-2.4550004
7243,2025-01-27,SZ.ZB_002956,西麦食品,食品饮料,-2.4551477
7244,2025-01-27,SH.ZB_600180,瑞茂通,物流行业,-2.455429
7245,2025-01-27,SH.KC_301023,江南奕帆,电机,-2.4555757
7246,2025-01-24,SZ.ZB_002138,顺络电子,电子元件,-2.456121
7247,2025-01-27,SH.KC_300698,万马科技,通信设备,-2.4564197
7248,2025-01-27,SH.ZB_603822,嘉澳环保,化学制品,-2.456782
7249,2025-01-27,SH.KC_300321,同大股份,化学制品,-2.4568086
7250,2025-01-27,SH.ZB_605056,咸亨国际,仪器仪表,-2.4568117
7251,2025-01-24,SH.KC_300866,安克创新,消费电子,-2.457808
7252,2025-01-24,SH.KC_301548,崇德科技,通用设备,-2.457835
7253,2025-01-27,SH.ZB_603326,我乐家居,装修建材,-2.4580164
7254,2025-01-27,SH.ZB_601728,中国电信,通信服务,-2.4582522
7255,2025-01-24,SH.KC_688345,博力威,电池,-2.4583557
7256,2025-01-27,SH.KC_300985,致远新能,通用设备,-2.4585884
7257,2025-01-24,SZ.ZB_002286,保龄宝,食品饮料,-2.4589398
7258,2025-01-27,SH.KC_300707,威唐工业,汽车零部件,-2.4591806
7259,2025-01-27,SH.ZB_603040,新坐标,汽车零部件,-2.4594076
7260,2025-01-24,SH.ZB_601058,赛轮轮胎,橡胶制品,-2.4596505
7261,2025-01-24,SH.KC_688600,皖仪科技,仪器仪表,-2.4603364
7262,2025-01-24,SH.KC_300673,佩蒂股份,农牧饲渔,-2.4604094
7263,2025-01-24,SH.KC_300352,北信源,软件开发,-2.4606018
7264,2025-01-27,SH.KC_301603,乔锋智能,通用设备,-2.4607701
7265,2025-01-27,SH.KC_300278,华昌达,通用设备,-2.4608
7266,2025-01-27,SH.ZB_603058,永吉股份,造纸印刷,-2.46137
7267,2025-01-27,SH.KC_300564,筑博设计,工程咨询服务,-2.4615715
7268,2025-01-27,SH.KC_688329,艾隆科技,专用设备,-2.4619973
7269,2025-01-27,SH.ZB_603329,上海雅仕,物流行业,-2.4623737
7270,2025-01-27,SH.KC_300598,诚迈科技,软件开发,-2.4624078
7271,2025-01-24,SH.KC_688300,联瑞新材,非金属材料,-2.4627097
7272,2025-01-24,SH.ZB_603600,永艺股份,装修建材,-2.4629638
7273,2025-01-27,SZ.ZB_000633,合金投资,有色金属,-2.4630005
7274,2025-01-27,SH.KC_300054,鼎龙股份,电子化学品,-2.463049
7275,2025-01-24,SZ.ZB_002475,立讯精密,消费电子,-2.463383
7276,2025-01-24,SH.KC_688531,日联科技,专用设备,-2.4636045
7277,2025-01-27,SH.KC_301016,雷尔伟,交运设备,-2.463843
7278,2025-01-27,SZ.ZB_000698,沈阳化工,石油行业,-2.4640002
7279,2025-01-24,SH.KC_688209,英集芯,半导体,-2.464289
7280,2025-01-24,SH.KC_688309,恒誉环保,环保行业,-2.4645443
7281,2025-01-27,SZ.ZB_000859,国风新材,塑料制品,-2.4648118
7282,2025-01-27,SH.ZB_605287,德才股份,装修装饰,-2.4650033
7283,2025-01-27,SH.ZB_603385,惠达卫浴,装修装饰,-2.465228
7284,2025-01-27,SH.ZB_600350,山东高速,铁路公路,-2.4660652
7285,2025-01-27,SH.KC_688185,康希诺,生物制品,-2.466088
7286,2025-01-27,SH.KC_301525,儒竞科技,通用设备,-2.46656
7287,2025-01-24,SZ.ZB_002659,凯文教育,教育,-2.466698
7288,2025-01-24,SH.KC_300183,东软载波,通信服务,-2.4668093
7289,2025-01-27,SZ.ZB_002544,普天科技,通信服务,-2.466918
7290,2025-01-27,SZ.ZB_002323,雅博股份,装修建材,-2.4669428
7291,2025-01-24,SZ.ZB_000665,湖北广电,文化传媒,-2.467512
7292,2025-01-24,SZ.ZB_000815,美利云,造纸印刷,-2.4675124
7293,2025-01-24,SH.ZB_603330,天洋新材,光伏设备,-2.4676046
7294,2025-01-27,SH.ZB_603258,电魂网络,游戏,-2.46769
7295,2025-01-24,SZ.ZB_000560,我爱我家,房地产服务,-2.4677093
7296,2025-01-24,SH.KC_300375,鹏翎股份,汽车零部件,-2.467949
7297,2025-01-24,SH.KC_688185,康希诺,生物制品,-2.4680176
7298,2025-01-27,SH.ZB_603344,星德胜,电机,-2.468098
7299,2025-01-24,SH.KC_688611,杭州柯林,电网设备,-2.4684517
7300,2025-01-24,SH.KC_688015,交控科技,交运设备,-2.4685614
7301,2025-01-24,SH.KC_301172,君逸数码,软件开发,-2.46895
7302,2025-01-27,SH.KC_688610,埃科光电,仪器仪表,-2.4696023
7303,2025-01-24,SH.KC_688110,东芯股份,半导体,-2.469849
7304,2025-01-24,SZ.ZB_002222,福晶科技,光学光电子,-2.4698908
7305,2025-01-27,SH.ZB_600640,国脉文化,文化传媒,-2.4702032
7306,2025-01-27,SZ.ZB_002258,利尔化学,农药兽药,-2.4707825
7307,2025-01-24,SH.KC_300005,探路者,纺织服装,-2.4710085
7308,2025-01-27,SZ.ZB_002852,道道全,食品饮料,-2.4711678
7309,2025-01-24,SH.KC_301312,智立方,专用设备,-2.4712038
7310,2025-01-27,SH.ZB_603259,药明康德,医疗服务,-2.4722962
7311,2025-01-27,SH.ZB_601865,福莱特,光伏设备,-2.4723282
7312,2025-01-24,SH.KC_688008,澜起科技,半导体,-2.4724617
7313,2025-01-27,SH.KC_300670,大烨智能,电网设备,-2.4724996
7314,2025-01-27,SH.KC_300024,机器人,通用设备,-2.4727619
7315,2025-01-24,SH.ZB_605389,长龄液压,工程机械,-2.473141
7316,2025-01-27,SH.ZB_603727,博迈科,采掘行业,-2.4732127
7317,2025-01-24,SH.ZB_605333,沪光股份,汽车零部件,-2.4734674
7318,2025-01-27,SH.KC_300363,博腾股份,化学制药,-2.4739592
7319,2025-01-27,SH.ZB_601665,齐鲁银行,银行,-2.4744413
7320,2025-01-27,SZ.ZB_002474,榕基软件,互联网服务,-2.4744706
7321,2025-01-24,SH.KC_300929,华骐环保,环保行业,-2.4744797
7322,2025-01-27,SZ.ZB_002659,凯文教育,教育,-2.475675
7323,2025-01-24,SH.KC_300798,锦鸡股份,化学制品,-2.4758828
7324,2025-01-24,SH.ZB_600100,同方股份,计算机设备,-2.4761086
7325,2025-01-27,SH.ZB_603508,思维列控,软件开发,-2.4762666
7326,2025-01-27,SH.KC_300188,国投智能,软件开发,-2.4768221
7327,2025-01-27,SH.ZB_605166,聚合顺,化学制品,-2.4770699
7328,2025-01-27,SH.ZB_605117,德业股份,光伏设备,-2.4771924
7329,2025-01-27,SH.KC_300076,GQY视讯,光学光电子,-2.477486
7330,2025-01-27,SH.KC_301073,君亭酒店,旅游酒店,-2.4775033
7331,2025-01-24,SH.ZB_605198,安德利,食品饮料,-2.4778132
7332,2025-01-27,SZ.ZB_002398,垒知集团,装修建材,-2.4779687
7333,2025-01-24,SZ.ZB_000803,山高环能,综合行业,-2.4788592
7334,2025-01-24,SH.KC_300702,天宇股份,化学制药,-2.4791517
7335,2025-01-27,SZ.ZB_002274,华昌化工,化肥行业,-2.4793036
7336,2025-01-27,SH.KC_300800,力合科技,环保行业,-2.4798887
7337,2025-01-27,SH.KC_301138,华研精机,专用设备,-2.4800022
7338,2025-01-27,SH.ZB_600882,妙可蓝多,食品饮料,-2.480391
7339,2025-01-24,SH.KC_301185,鸥玛软件,软件开发,-2.480463
7340,2025-01-27,SH.KC_300374,中铁装配,装修装饰,-2.4808264
7341,2025-01-27,SH.KC_301198,喜悦智行,塑料制品,-2.4808276
7342,2025-01-27,SH.KC_688373,盟科药业-U,生物制品,-2.48179
7343,2025-01-27,SZ.ZB_002551,尚荣医疗,医疗器械,-2.4817946
7344,2025-01-27,SH.KC_300752,隆利科技,光学光电子,-2.4823956
7345,2025-01-24,SH.KC_300788,中信出版,文化传媒,-2.482664
7346,2025-01-27,SH.ZB_603158,腾龙股份,汽车零部件,-2.4828298
7347,2025-01-27,SH.ZB_600543,莫高股份,酿酒行业,-2.4831274
7348,2025-01-27,SH.KC_300786,国林科技,环保行业,-2.4831367
7349,2025-01-24,SH.KC_688056,莱伯泰科,仪器仪表,-2.4833317
7350,2025-01-24,SH.KC_300988,津荣天宇,通用设备,-2.4839067
7351,2025-01-27,SH.KC_300689,澄天伟业,通信设备,-2.4842105
7352,2025-01-24,SH.KC_300303,聚飞光电,光学光电子,-2.4845974
7353,2025-01-27,SZ.ZB_002181,粤 传 媒,文化传媒,-2.4848998
7354,2025-01-24,SH.ZB_601028,玉龙股份,贵金属,-2.4849708
7355,2025-01-27,SH.ZB_600318,新力金融,多元金融,-2.4850295
7356,2025-01-24,SH.KC_688500,慧辰股份,互联网服务,-2.4853828
7357,2025-01-24,SH.KC_300789,唐源电气,软件开发,-2.4858851
7358,2025-01-27,SH.KC_300266,兴源环境,环保行业,-2.4861553
7359,2025-01-27,SZ.ZB_002109,兴化股份,化学原料,-2.4861991
7360,2025-01-27,SZ.ZB_000710,贝瑞基因,医疗器械,-2.4864426
7361,2025-01-27,SZ.ZB_002890,弘宇股份,专用设备,-2.4865482
7362,2025-01-24,SH.KC_301112,信邦智能,专用设备,-2.4868083
7363,2025-01-27,SH.ZB_600784,鲁银投资,综合行业,-2.4868147
7364,2025-01-24,SH.KC_301282,金禄电子,电子元件,-2.4872746
7365,2025-01-27,SH.KC_300617,安靠智电,电网设备,-2.4875362
7366,2025-01-27,SH.KC_300691,联合光电,光学光电子,-2.488392
7367,2025-01-27,SH.ZB_601015,陕西黑猫,煤炭行业,-2.4885976
7368,2025-01-24,SH.KC_300916,朗特智能,消费电子,-2.4889312
7369,2025-01-24,SH.KC_300364,中文在线,文化传媒,-2.4896777
7370,2025-01-27,SH.ZB_600989,宝丰能源,化学原料,-2.490411
7371,2025-01-27,SH.KC_688050,爱博医疗,医疗器械,-2.4904478
7372,2025-01-27,SH.KC_688367,工大高科,交运设备,-2.4908514
7373,2025-01-27,SH.KC_300844,山水比德,工程咨询服务,-2.4909892
7374,2025-01-27,SH.KC_300884,狄耐克,计算机设备,-2.4910336
7375,2025-01-24,SH.KC_301036,双乐股份,化学制品,-2.4916117
7376,2025-01-27,SH.ZB_605088,冠盛股份,汽车零部件,-2.49204
7377,2025-01-24,SH.ZB_603040,新坐标,汽车零部件,-2.4922347
7378,2025-01-24,SH.KC_301262,海看股份,文化传媒,-2.4922895
7379,2025-01-24,SZ.ZB_000020,深华发Ａ,光学光电子,-2.4924514
7380,2025-01-27,SH.ZB_600979,广安爱众,电力行业,-2.4928057
7381,2025-01-27,SH.KC_688636,智明达,互联网服务,-2.4938128
7382,2025-01-27,SH.ZB_600892,大晟文化,游戏,-2.4938488
7383,2025-01-27,SH.KC_300183,东软载波,通信服务,-2.4949079
7384,2025-01-24,SZ.ZB_000949,新乡化纤,化纤行业,-2.495125
7385,2025-01-27,SH.ZB_601336,新华保险,保险,-2.4954188
7386,2025-01-24,SH.KC_688222,成都先导,医疗服务,-2.4958458
7387,2025-01-24,SZ.ZB_000006,深振业Ａ,房地产开发,-2.4961832
7388,2025-01-24,SH.ZB_600691,阳煤化工,化肥行业,-2.496414
7389,2025-01-27,SZ.ZB_002766,索菱股份,互联网服务,-2.496913
7390,2025-01-27,SZ.ZB_002607,中公教育,教育,-2.4969525
7391,2025-01-27,SZ.ZB_002283,天润工业,汽车零部件,-2.4976645
7392,2025-01-27,SZ.ZB_002397,梦洁股份,纺织服装,-2.4977348
7393,2025-01-24,SH.KC_688585,上纬新材,塑料制品,-2.4985971
7394,2025-01-24,SH.ZB_600835,上海机电,专用设备,-2.4988027
7395,2025-01-24,SH.ZB_603903,中持股份,环保行业,-2.4991171
7396,2025-01-24,SH.KC_300549,优德精密,专用设备,-2.4991257
7397,2025-01-27,SZ.ZB_002823,凯中精密,电机,-2.499263
7398,2025-01-27,SH.KC_301290,东星医疗,医疗器械,-2.499925
7399,2025-01-27,SH.KC_300702,天宇股份,化学制药,-2.4999948
7400,2025-01-27,SH.KC_300271,华宇软件,互联网服务,-2.5002427
7401,2025-01-27,SH.KC_301552,科力装备,汽车零部件,-2.5002859
7402,2025-01-24,SZ.ZB_002368,太极股份,互联网服务,-2.5004673
7403,2025-01-24,SH.KC_300632,光莆股份,光学光电子,-2.500519
7404,2025-01-27,SH.KC_300560,中富通,通信服务,-2.5011349
7405,2025-01-27,SH.KC_301165,锐捷网络,通信设备,-2.5015254
7406,2025-01-27,SH.KC_300762,上海瀚讯,通信设备,-2.5017722
7407,2025-01-24,SH.KC_688596,正帆科技,专用设备,-2.5017993
7408,2025-01-27,SZ.ZB_000056,皇庭国际,房地产服务,-2.50232
7409,2025-01-24,SH.KC_300730,科创信息,软件开发,-2.5025148
7410,2025-01-27,SH.KC_300848,美瑞新材,化学制品,-2.5027578
7411,2025-01-27,SH.ZB_600756,浪潮软件,互联网服务,-2.5028546
7412,2025-01-27,SH.KC_300811,铂科新材,小金属,-2.503622
7413,2025-01-24,SZ.ZB_002815,崇达技术,电子元件,-2.5041022
7414,2025-01-27,SH.KC_300074,华平股份,软件开发,-2.5044901
7415,2025-01-24,SH.KC_300397,天和防务,通信设备,-2.5045304
7416,2025-01-27,SH.ZB_600988,赤峰黄金,贵金属,-2.5049553
7417,2025-01-24,SH.ZB_605033,美邦股份,农药兽药,-2.5049736
7418,2025-01-24,SH.KC_688150,莱特光电,光学光电子,-2.5051243
7419,2025-01-24,SH.ZB_603005,晶方科技,半导体,-2.505783
7420,2025-01-27,SH.KC_300106,西部牧业,食品饮料,-2.5057955
7421,2025-01-27,SH.ZB_603212,赛伍技术,光伏设备,-2.5059538
7422,2025-01-24,SH.KC_300901,中胤时尚,纺织服装,-2.5061824
7423,2025-01-24,SH.KC_688323,瑞华泰,塑料制品,-2.506603
7424,2025-01-27,SZ.ZB_002409,雅克科技,电子化学品,-2.507379
7425,2025-01-27,SZ.ZB_003007,直真科技,软件开发,-2.507429
7426,2025-01-27,SZ.ZB_002902,铭普光磁,通信设备,-2.5074656
7427,2025-01-27,SH.KC_688682,霍莱沃,通信服务,-2.5077133
7428,2025-01-27,SH.ZB_603595,东尼电子,消费电子,-2.50847
7429,2025-01-24,SH.KC_688558,国盛智科,通用设备,-2.5093534
7430,2025-01-24,SH.KC_300910,瑞丰新材,化学制品,-2.5098848
7431,2025-01-24,SH.ZB_600160,巨化股份,化学制品,-2.5099485
7432,2025-01-24,SH.KC_300712,永福股份,工程建设,-2.511022
7433,2025-01-27,SH.KC_301399,英特科技,通用设备,-2.5111313
7434,2025-01-24,SZ.ZB_000632,三木集团,综合行业,-2.511167
7435,2025-01-27,SZ.ZB_002982,湘佳股份,农牧饲渔,-2.5115573
7436,2025-01-27,SH.KC_300280,紫天科技,文化传媒,-2.5116265
7437,2025-01-27,SH.ZB_603669,灵康药业,化学制药,-2.511742
7438,2025-01-27,SH.KC_688259,创耀科技,半导体,-2.5117605
7439,2025-01-27,SH.ZB_600885,宏发股份,电网设备,-2.511762
7440,2025-01-27,SZ.ZB_000663,永安林业,装修建材,-2.5119715
7441,2025-01-27,SH.KC_300641,正丹股份,化学制品,-2.512197
7442,2025-01-27,SZ.ZB_000560,我爱我家,房地产服务,-2.5122266
7443,2025-01-24,SH.ZB_603929,亚翔集成,装修装饰,-2.5122972
7444,2025-01-27,SZ.ZB_002312,川发龙蟒,化肥行业,-2.5130415
7445,2025-01-27,SZ.ZB_002439,启明星辰,软件开发,-2.51315
7446,2025-01-24,SH.KC_301339,通行宝,软件开发,-2.513266
7447,2025-01-27,SH.KC_300959,线上线下,通信服务,-2.5133855
7448,2025-01-27,SH.ZB_603657,春光科技,家电行业,-2.5140798
7449,2025-01-27,SH.KC_300895,铜牛信息,互联网服务,-2.5140798
7450,2025-01-27,SH.ZB_605007,五洲特纸,造纸印刷,-2.5142078
7451,2025-01-24,SH.KC_688579,山大地纬,软件开发,-2.514381
7452,2025-01-24,SH.ZB_600728,佳都科技,软件开发,-2.514578
7453,2025-01-24,SH.KC_301379,天山电子,光学光电子,-2.514725
7454,2025-01-24,SZ.ZB_003006,百亚股份,美容护理,-2.5147364
7455,2025-01-27,SZ.ZB_000555,神州信息,互联网服务,-2.5147407
7456,2025-01-24,SH.KC_301004,嘉益股份,家用轻工,-2.5148602
7457,2025-01-27,SH.KC_300251,光线传媒,文化传媒,-2.514983
7458,2025-01-24,SH.KC_300998,宁波方正,汽车零部件,-2.5151784
7459,2025-01-24,SH.KC_301009,可靠股份,美容护理,-2.5153587
7460,2025-01-24,SZ.ZB_000892,欢瑞世纪,文化传媒,-2.5153913
7461,2025-01-24,SH.KC_688671,碧兴物联,仪器仪表,-2.5153952
7462,2025-01-27,SH.ZB_603786,科博达,汽车零部件,-2.5156574
7463,2025-01-27,SH.ZB_605068,明新旭腾,汽车零部件,-2.5174146
7464,2025-01-27,SH.KC_688426,康为世纪,生物制品,-2.517551
7465,2025-01-27,SH.KC_300883,龙利得,造纸印刷,-2.517899
7466,2025-01-24,SH.KC_301167,建研设计,工程咨询服务,-2.5179093
7467,2025-01-27,SH.ZB_603030,全筑股份,装修装饰,-2.5180397
7468,2025-01-27,SH.ZB_603192,汇得科技,化学制品,-2.518088
7469,2025-01-27,SH.ZB_603051,鹿山新材,塑料制品,-2.518339
7470,2025-01-27,SH.ZB_605016,百龙创园,食品饮料,-2.5183682
7471,2025-01-24,SH.KC_301218,华是科技,软件开发,-2.5186143
7472,2025-01-24,SH.KC_300911,亿田智能,家电行业,-2.5191274
7473,2025-01-27,SH.ZB_603317,天味食品,食品饮料,-2.5194962
7474,2025-01-24,SH.ZB_600265,景谷林业,农牧饲渔,-2.5198388
7475,2025-01-27,SZ.ZB_002606,大连电瓷,电网设备,-2.5199194
7476,2025-01-24,SZ.ZB_001212,中旗新材,装修装饰,-2.519969
7477,2025-01-27,SH.KC_301107,瑜欣电子,通用设备,-2.5200806
7478,2025-01-27,SH.ZB_603897,长城科技,电网设备,-2.5202281
7479,2025-01-24,SH.ZB_600699,均胜电子,汽车零部件,-2.5203176
7480,2025-01-27,SH.ZB_603898,好莱客,装修建材,-2.5211346
7481,2025-01-24,SH.KC_301045,天禄科技,光学光电子,-2.5211585
7482,2025-01-27,SH.KC_301300,远翔新材,化学制品,-2.521229
7483,2025-01-27,SZ.ZB_002041,登海种业,农牧饲渔,-2.5215416
7484,2025-01-27,SH.KC_688129,东来技术,化学制品,-2.521963
7485,2025-01-24,SH.KC_301121,紫建电子,电池,-2.5226128
7486,2025-01-27,SZ.ZB_002351,漫步者,消费电子,-2.522656
7487,2025-01-27,SH.ZB_600367,红星发展,化学原料,-2.5228174
7488,2025-01-27,SZ.ZB_002377,国创高新,化学制品,-2.5228832
7489,2025-01-24,SH.ZB_601969,海南矿业,钢铁行业,-2.523754
7490,2025-01-24,SH.KC_688077,大地熊,小金属,-2.5237718
7491,2025-01-24,SH.KC_688701,卓锦股份,环保行业,-2.5239627
7492,2025-01-24,SH.KC_300707,威唐工业,汽车零部件,-2.5240738
7493,2025-01-27,SZ.ZB_000601,韶能股份,电力行业,-2.5240822
7494,2025-01-24,SH.KC_300085,银之杰,软件开发,-2.5246615
7495,2025-01-27,SZ.ZB_000807,云铝股份,有色金属,-2.5247793
7496,2025-01-27,SZ.ZB_003017,大洋生物,化学原料,-2.5249465
7497,2025-01-27,SH.ZB_601818,光大银行,银行,-2.5250158
7498,2025-01-27,SH.KC_688030,山石网科,软件开发,-2.5251822
7499,2025-01-27,SH.ZB_600857,宁波中百,商业百货,-2.5254028
7500,2025-01-27,SH.ZB_600558,大西洋,通用设备,-2.5254648
7501,2025-01-24,SH.KC_300845,捷安高科,软件开发,-2.526184
7502,2025-01-27,SH.KC_688191,智洋创新,电网设备,-2.526228
7503,2025-01-27,SH.KC_688188,柏楚电子,软件开发,-2.5265317
7504,2025-01-27,SH.ZB_603816,顾家家居,装修建材,-2.5267437
7505,2025-01-27,SZ.ZB_000002,万  科Ａ,房地产开发,-2.527176
7506,2025-01-24,SH.KC_688687,凯因科技,生物制品,-2.5272176
7507,2025-01-27,SH.KC_301139,元道通信,通信服务,-2.5272624
7508,2025-01-24,SH.ZB_600977,中国电影,文化传媒,-2.5277133
7509,2025-01-24,SH.KC_300709,精研科技,消费电子,-2.5281358
7510,2025-01-27,SH.KC_688153,唯捷创芯,半导体,-2.5282166
7511,2025-01-27,SH.ZB_603978,深圳新星,有色金属,-2.528284
7512,2025-01-27,SH.ZB_603825,华扬联众,文化传媒,-2.5283835
7513,2025-01-24,SH.KC_688419,耐科装备,专用设备,-2.528432
7514,2025-01-27,SH.ZB_603629,利通电子,消费电子,-2.5285037
7515,2025-01-24,SH.KC_301130,西点药业,化学制药,-2.5288513
7516,2025-01-27,SH.ZB_601162,天风证券,证券,-2.5290105
7517,2025-01-24,SH.KC_688192,迪哲医药-U,化学制药,-2.5301445
7518,2025-01-27,SH.ZB_603061,金海通,半导体,-2.5303495
7519,2025-01-27,SH.ZB_600066,宇通客车,汽车整车,-2.530781
7520,2025-01-27,SH.KC_301312,智立方,专用设备,-2.5308137
7521,2025-01-24,SH.ZB_600689,上海三毛,纺织服装,-2.5308938
7522,2025-01-24,SH.KC_300074,华平股份,软件开发,-2.5311487
7523,2025-01-27,SH.KC_300911,亿田智能,家电行业,-2.531834
7524,2025-01-24,SH.KC_301203,国泰环保,环保行业,-2.5319018
7525,2025-01-27,SH.KC_688107,安路科技,半导体,-2.5319064
7526,2025-01-24,SH.KC_301128,强瑞技术,专用设备,-2.5327911
7527,2025-01-27,SH.KC_301231,荣信文化,文化传媒,-2.5330198
7528,2025-01-27,SZ.ZB_002072,凯瑞德,贸易行业,-2.5331187
7529,2025-01-24,SZ.ZB_002678,珠江钢琴,家用轻工,-2.5331466
7530,2025-01-24,SH.KC_301066,万事利,纺织服装,-2.5333362
7531,2025-01-27,SZ.ZB_002990,盛视科技,软件开发,-2.5335615
7532,2025-01-27,SZ.ZB_002933,新兴装备,航天航空,-2.5348432
7533,2025-01-24,SH.KC_688392,骄成超声,专用设备,-2.5350218
7534,2025-01-27,SH.KC_688113,联测科技,专用设备,-2.535109
7535,2025-01-27,SZ.ZB_002605,姚记科技,游戏,-2.5352886
7536,2025-01-24,SH.KC_300241,瑞丰光电,光学光电子,-2.536436
7537,2025-01-24,SH.KC_301212,联盛化学,化学制品,-2.5364914
7538,2025-01-27,SZ.ZB_002879,长缆科技,电网设备,-2.5365386
7539,2025-01-27,SH.KC_300886,华业香料,美容护理,-2.5366445
7540,2025-01-24,SH.KC_300553,集智股份,仪器仪表,-2.5371838
7541,2025-01-27,SZ.ZB_002633,申科股份,通用设备,-2.5384307
7542,2025-01-27,SH.ZB_603083,剑桥科技,通信设备,-2.538667
7543,2025-01-24,SH.KC_301056,森赫股份,专用设备,-2.5391817
7544,2025-01-27,SZ.ZB_002247,聚力文化,装修装饰,-2.539379
7545,2025-01-22,SH.KC_688350,富淼科技,化学制品,-2.5398684
7546,2025-01-27,SH.KC_688778,厦钨新能,电池,-2.5405588
7547,2025-01-15,SH.KC_688293,奥浦迈,专业服务,-2.54074
7548,2025-01-27,SH.ZB_603029,天鹅股份,专用设备,-2.5408857
7549,2025-01-27,SH.KC_301377,鼎泰高科,通用设备,-2.5409117
7550,2025-01-24,SH.KC_300691,联合光电,光学光电子,-2.541168
7551,2025-01-24,SH.KC_300224,正海磁材,小金属,-2.5413678
7552,2025-01-27,SH.KC_300412,迦南科技,专用设备,-2.542041
7553,2025-01-24,SH.KC_300450,先导智能,电池,-2.5421197
7554,2025-01-27,SH.KC_301329,信音电子,电子元件,-2.54233
7555,2025-01-24,SZ.ZB_002825,纳尔股份,塑料制品,-2.5427754
7556,2025-01-27,SH.ZB_603160,汇顶科技,半导体,-2.5428734
7557,2025-01-24,SZ.ZB_002337,赛象科技,专用设备,-2.5431905
7558,2025-01-24,SH.ZB_601020,华钰矿业,有色金属,-2.5434976
7559,2025-01-27,SH.KC_688506,百利天恒-U,生物制品,-2.5437684
7560,2025-01-24,SH.ZB_603999,读者传媒,文化传媒,-2.5439641
7561,2025-01-27,SH.KC_301159,三维天地,软件开发,-2.544185
7562,2025-01-24,SH.KC_300359,全通教育,教育,-2.545515
7563,2025-01-27,SH.KC_300550,和仁科技,软件开发,-2.545587
7564,2025-01-27,SH.KC_688209,英集芯,半导体,-2.5456095
7565,2025-01-27,SZ.ZB_003001,中岩大地,工程咨询服务,-2.5462508
7566,2025-01-27,SH.ZB_603380,易德龙,消费电子,-2.5464785
7567,2025-01-24,SH.KC_300768,迪普科技,软件开发,-2.546557
7568,2025-01-24,SZ.ZB_002826,易明医药,中药,-2.5466194
7569,2025-01-24,SZ.ZB_002312,川发龙蟒,化肥行业,-2.5466988
7570,2025-01-27,SH.KC_688348,昱能科技,光伏设备,-2.546904
7571,2025-01-24,SZ.ZB_000905,厦门港务,航运港口,-2.5470443
7572,2025-01-27,SH.KC_688056,莱伯泰科,仪器仪表,-2.5473378
7573,2025-01-24,SZ.ZB_002119,康强电子,半导体,-2.5476966
7574,2025-01-24,SZ.ZB_002093,国脉科技,通信服务,-2.5479226
7575,2025-01-24,SH.KC_300628,亿联网络,通信设备,-2.548897
7576,2025-01-24,SZ.ZB_002520,日发精机,通用设备,-2.5496178
7577,2025-01-24,SZ.ZB_003017,大洋生物,化学原料,-2.5497305
7578,2025-01-27,SZ.ZB_002335,科华数据,电源设备,-2.5499372
7579,2025-01-24,SH.KC_688681,科汇股份,电网设备,-2.5499885
7580,2025-01-24,SH.KC_688307,中润光学,光学光电子,-2.55075
7581,2025-01-27,SH.KC_688600,皖仪科技,仪器仪表,-2.5509696
7582,2025-01-24,SH.KC_300369,绿盟科技,软件开发,-2.5511875
7583,2025-01-27,SH.ZB_605199,葫芦娃,中药,-2.55159
7584,2025-01-24,SH.ZB_600149,廊坊发展,电力行业,-2.5516984
7585,2025-01-27,SZ.ZB_002434,万里扬,汽车零部件,-2.5517783
7586,2025-01-24,SZ.ZB_000638,万方发展,农牧饲渔,-2.5525074
7587,2025-01-27,SH.KC_300310,宜通世纪,通信服务,-2.5528336
7588,2025-01-24,SH.ZB_603683,晶华新材,化学制品,-2.5529413
7589,2025-01-24,SZ.ZB_002343,慈文传媒,文化传媒,-2.553394
7590,2025-01-27,SZ.ZB_002568,百润股份,酿酒行业,-2.5534542
7591,2025-01-27,SH.ZB_605086,龙高股份,采掘行业,-2.553518
7592,2025-01-27,SH.KC_300295,三六五网,互联网服务,-2.5535707
7593,2025-01-27,SH.KC_688788,科思科技,通信设备,-2.5540514
7594,2025-01-27,SH.ZB_600845,宝信软件,互联网服务,-2.5541115
7595,2025-01-27,SH.KC_301236,软通动力,软件开发,-2.5542183
7596,2025-01-27,SH.KC_688221,前沿生物-U,化学制药,-2.55473
7597,2025-01-27,SZ.ZB_001229,魅视科技,计算机设备,-2.5549133
7598,2025-01-27,SH.KC_300563,神宇股份,通信设备,-2.5551221
7599,2025-01-27,SH.KC_300817,双飞集团,通用设备,-2.5551825
7600,2025-01-24,SH.KC_300711,广哈通信,通信设备,-2.5551832
7601,2025-01-24,SH.ZB_603090,宏盛股份,通用设备,-2.5554364
7602,2025-01-27,SZ.ZB_002456,欧菲光,光学光电子,-2.5555582
7603,2025-01-27,SH.KC_688428,诺诚健华-U,生物制品,-2.5558348
7604,2025-01-27,SH.KC_301013,利和兴,专用设备,-2.556178
7605,2025-01-27,SH.KC_300949,奥雅股份,工程咨询服务,-2.5562239
7606,2025-01-24,SH.ZB_601718,际华集团,纺织服装,-2.5562289
7607,2025-01-27,SZ.ZB_000006,深振业Ａ,房地产开发,-2.5563674
7608,2025-01-27,SH.KC_300427,红相股份,电网设备,-2.5567384
7609,2025-01-27,SH.KC_300894,火星人,家电行业,-2.5574353
7610,2025-01-24,SH.ZB_603073,彩蝶实业,纺织服装,-2.557897
7611,2025-01-27,SZ.ZB_002613,北玻股份,玻璃玻纤,-2.55796
7612,2025-01-27,SH.ZB_605319,无锡振华,汽车零部件,-2.558131
7613,2025-01-24,SH.ZB_603836,海程邦达,物流行业,-2.5585802
7614,2025-01-24,SH.KC_300304,云意电气,汽车零部件,-2.558869
7615,2025-01-24,SZ.ZB_002423,中粮资本,多元金融,-2.5591624
7616,2025-01-24,SH.ZB_603379,三美股份,化学制品,-2.5592391
7617,2025-01-24,SZ.ZB_003032,传智教育,教育,-2.5604649
7618,2025-01-27,SH.KC_688078,龙软科技,软件开发,-2.5608237
7619,2025-01-27,SZ.ZB_002042,华孚时尚,纺织服装,-2.5620081
7620,2025-01-27,SH.KC_688398,赛特新材,化学制品,-2.5622525
7621,2025-01-24,SH.KC_688277,天智航-U,医疗器械,-2.562817
7622,2025-01-27,SH.ZB_603518,锦泓集团,纺织服装,-2.5629811
7623,2025-01-27,SH.ZB_600797,浙大网新,互联网服务,-2.5631018
7624,2025-01-24,SH.ZB_603176,汇通集团,工程建设,-2.5632071
7625,2025-01-24,SH.KC_301221,光庭信息,软件开发,-2.5633528
7626,2025-01-27,SH.ZB_605305,中际联合,风电设备,-2.5634382
7627,2025-01-27,SH.KC_688515,裕太微-U,半导体,-2.5635135
7628,2025-01-24,SZ.ZB_003036,泰坦股份,专用设备,-2.56355
7629,2025-01-27,SH.KC_688027,国盾量子,通信设备,-2.563579
7630,2025-01-24,SZ.ZB_002278,神开股份,专用设备,-2.5637143
7631,2025-01-27,SH.KC_300659,中孚信息,软件开发,-2.5641413
7632,2025-01-27,SZ.ZB_002645,华宏科技,环保行业,-2.5642798
7633,2025-01-27,SH.KC_300976,达瑞电子,消费电子,-2.5642843
7634,2025-01-24,SH.KC_688157,松井股份,化学制品,-2.5643678
7635,2025-01-24,SH.KC_301233,盛帮股份,橡胶制品,-2.564522
7636,2025-01-24,SH.KC_688533,上声电子,汽车零部件,-2.56471
7637,2025-01-24,SH.KC_300302,同有科技,软件开发,-2.5648403
7638,2025-01-27,SH.ZB_605198,安德利,食品饮料,-2.5649016
7639,2025-01-24,SH.KC_300665,飞鹿股份,化学制品,-2.5652905
7640,2025-01-27,SZ.ZB_000558,莱茵体育,旅游酒店,-2.565495
7641,2025-01-27,SH.KC_688331,荣昌生物,生物制品,-2.5656202
7642,2025-01-24,SH.ZB_601177,杭齿前进,通用设备,-2.5656643
7643,2025-01-24,SZ.ZB_002184,海得控制,专用设备,-2.5658672
7644,2025-01-27,SZ.ZB_000949,新乡化纤,化纤行业,-2.5659132
7645,2025-01-24,SH.KC_300946,恒而达,通用设备,-2.5659642
7646,2025-01-27,SZ.ZB_002333,罗普斯金,装修建材,-2.5661154
7647,2025-01-27,SH.ZB_603421,鼎信通讯,通信服务,-2.567088
7648,2025-01-24,SH.KC_688252,天德钰,半导体,-2.567243
7649,2025-01-24,SH.KC_301168,通灵股份,光伏设备,-2.5672822
7650,2025-01-27,SH.KC_688103,国力股份,电子元件,-2.5676503
7651,2025-01-27,SH.KC_300926,博俊科技,汽车零部件,-2.5680375
7652,2025-01-27,SZ.ZB_002856,美芝股份,装修装饰,-2.5681376
7653,2025-01-27,SH.ZB_600844,丹化科技,化学原料,-2.5681388
7654,2025-01-24,SH.KC_301459,丰茂股份,橡胶制品,-2.5691361
7655,2025-01-27,SZ.ZB_002410,广联达,软件开发,-2.570955
7656,2025-01-27,SH.ZB_603093,南华期货,多元金融,-2.5709932
7657,2025-01-27,SZ.ZB_001255,博菲电气,化学原料,-2.5713997
7658,2025-01-24,SH.KC_301093,华兰股份,医疗器械,-2.5715475
7659,2025-01-24,SH.ZB_600730,中国高科,教育,-2.5715637
7660,2025-01-27,SH.KC_301022,海泰科,汽车零部件,-2.572403
7661,2025-01-24,SH.ZB_605369,拱东医疗,医疗器械,-2.5725346
7662,2025-01-27,SH.KC_688536,思瑞浦,半导体,-2.573495
7663,2025-01-24,SH.ZB_603669,灵康药业,化学制药,-2.5737076
7664,2025-01-27,SH.KC_300901,中胤时尚,纺织服装,-2.5737941
7665,2025-01-27,SH.KC_300541,先进数通,互联网服务,-2.5738394
7666,2025-01-24,SH.KC_300479,神思电子,计算机设备,-2.5738916
7667,2025-01-27,SH.KC_688008,澜起科技,半导体,-2.573919
7668,2025-01-27,SH.KC_300418,昆仑万维,互联网服务,-2.574119
7669,2025-01-27,SH.ZB_603505,金石资源,采掘行业,-2.5745404
7670,2025-01-27,SH.KC_688302,海创药业-U,生物制品,-2.5750165
7671,2025-01-24,SZ.ZB_000530,冰山冷热,通用设备,-2.5750666
7672,2025-01-27,SH.KC_300964,本川智能,电子元件,-2.5751784
7673,2025-01-27,SZ.ZB_002165,红 宝 丽,化学制品,-2.5753546
7674,2025-01-24,SZ.ZB_002890,弘宇股份,专用设备,-2.5754666
7675,2025-01-27,SH.KC_301608,博实结,计算机设备,-2.575757
7676,2025-01-24,SZ.ZB_002313,日海智能,通信设备,-2.5758557
7677,2025-01-24,SH.KC_300124,汇川技术,电子元件,-2.5760183
7678,2025-01-24,SZ.ZB_002735,王子新材,包装材料,-2.5762138
7679,2025-01-27,SH.KC_300385,雪浪环境,环保行业,-2.5766637
7680,2025-01-24,SH.KC_301300,远翔新材,化学制品,-2.5767379
7681,2025-01-27,SZ.ZB_002402,和而泰,消费电子,-2.576814
7682,2025-01-27,SH.ZB_600173,卧龙地产,房地产开发,-2.5774877
7683,2025-01-27,SZ.ZB_002630,华西能源,电源设备,-2.57752
7684,2025-01-27,SH.KC_301112,信邦智能,专用设备,-2.577933
7685,2025-01-27,SH.ZB_601360,三六零,软件开发,-2.5781426
7686,2025-01-27,SZ.ZB_002910,庄园牧场,食品饮料,-2.5784683
7687,2025-01-24,SH.ZB_603786,科博达,汽车零部件,-2.5785787
7688,2025-01-27,SZ.ZB_002669,康达新材,化学制品,-2.5791245
7689,2025-01-24,SZ.ZB_002676,顺威股份,家电行业,-2.5795813
7690,2025-01-24,SH.KC_300627,华测导航,通信设备,-2.5799906
7691,2025-01-24,SH.ZB_600640,国脉文化,文化传媒,-2.5801322
7692,2025-01-27,SH.KC_300079,数码视讯,互联网服务,-2.5804715
7693,2025-01-24,SH.ZB_603595,东尼电子,消费电子,-2.5806298
7694,2025-01-24,SH.KC_300752,隆利科技,光学光电子,-2.5810835
7695,2025-01-24,SH.KC_300525,博思软件,软件开发,-2.581479
7696,2025-01-27,SH.KC_300258,精锻科技,汽车零部件,-2.581582
7697,2025-01-27,SH.KC_301009,可靠股份,美容护理,-2.5816414
7698,2025-01-24,SH.KC_688285,高铁电气,交运设备,-2.5820315
7699,2025-01-27,SH.KC_301381,赛维时代,互联网服务,-2.5823104
7700,2025-01-24,SZ.ZB_000679,大连友谊,商业百货,-2.5825512
7701,2025-01-24,SZ.ZB_000833,粤桂股份,综合行业,-2.5829463
7702,2025-01-24,SH.ZB_603058,永吉股份,造纸印刷,-2.5829916
7703,2025-01-24,SH.KC_300773,拉卡拉,软件开发,-2.583017
7704,2025-01-24,SH.KC_688335,复洁环保,环保行业,-2.5833564
7705,2025-01-27,SH.KC_300035,中科电气,非金属材料,-2.5834684
7706,2025-01-24,SH.KC_688380,中微半导,半导体,-2.58412
7707,2025-01-27,SH.KC_300543,朗科智能,消费电子,-2.5843105
7708,2025-01-27,SZ.ZB_002483,润邦股份,专用设备,-2.5843256
7709,2025-01-24,SH.KC_300257,开山股份,通用设备,-2.5843806
7710,2025-01-27,SZ.ZB_002026,山东威达,通用设备,-2.584383
7711,2025-01-27,SH.ZB_601113,华鼎股份,化纤行业,-2.5844567
7712,2025-01-24,SZ.ZB_003008,开普检测,专业服务,-2.5845616
7713,2025-01-24,SH.ZB_603201,常润股份,汽车零部件,-2.5856938
7714,2025-01-24,SZ.ZB_002712,思美传媒,文化传媒,-2.585954
7715,2025-01-24,SH.KC_301191,菲菱科思,通信设备,-2.5859606
7716,2025-01-27,SH.KC_688519,南亚新材,电子元件,-2.5859904
7717,2025-01-27,SH.ZB_600708,光明地产,房地产开发,-2.586494
7718,2025-01-24,SH.KC_300777,中简科技,化纤行业,-2.5866647
7719,2025-01-24,SZ.ZB_000042,中洲控股,房地产开发,-2.5870845
7720,2025-01-27,SH.KC_301178,天亿马,软件开发,-2.5877674
7721,2025-01-24,SH.ZB_600456,宝钛股份,小金属,-2.5878174
7722,2025-01-27,SH.KC_300566,激智科技,光学光电子,-2.5878441
7723,2025-01-24,SH.KC_688084,晶品特装,专用设备,-2.588034
7724,2025-01-27,SH.KC_688060,云涌科技,软件开发,-2.5888405
7725,2025-01-24,SZ.ZB_002225,濮耐股份,装修建材,-2.5891726
7726,2025-01-24,SH.KC_301182,凯旺科技,消费电子,-2.5893395
7727,2025-01-27,SH.ZB_603151,邦基科技,农牧饲渔,-2.589556
7728,2025-01-24,SH.KC_300941,创识科技,互联网服务,-2.589604
7729,2025-01-24,SH.ZB_601577,长沙银行,银行,-2.5896425
7730,2025-01-27,SH.KC_301180,万祥科技,消费电子,-2.5899448
7731,2025-01-27,SZ.ZB_002743,富煌钢构,水泥建材,-2.5899818
7732,2025-01-24,SH.ZB_605588,冠石科技,半导体,-2.5901191
7733,2025-01-27,SH.KC_300315,掌趣科技,游戏,-2.590411
7734,2025-01-27,SZ.ZB_000962,东方钽业,小金属,-2.5908568
7735,2025-01-27,SH.KC_301127,天源环保,环保行业,-2.5923133
7736,2025-01-24,SH.ZB_601900,南方传媒,文化传媒,-2.5930247
7737,2025-01-24,SZ.ZB_003015,日久光电,光学光电子,-2.59338
7738,2025-01-24,SZ.ZB_002544,普天科技,通信服务,-2.5935807
7739,2025-01-27,SH.KC_300127,银河磁体,小金属,-2.5938797
7740,2025-01-27,SH.KC_300078,思创医惠,互联网服务,-2.594115
7741,2025-01-27,SH.ZB_601028,玉龙股份,贵金属,-2.5944333
7742,2025-01-24,SH.KC_300578,会畅通讯,通信服务,-2.5956066
7743,2025-01-27,SH.ZB_603616,韩建河山,水泥建材,-2.5956979
7744,2025-01-24,SH.KC_300973,立高食品,食品饮料,-2.595929
7745,2025-01-24,SH.KC_301358,湖南裕能,电池,-2.595954
7746,2025-01-27,SZ.ZB_002470,金正大,化肥行业,-2.5959985
7747,2025-01-27,SH.ZB_600689,上海三毛,纺织服装,-2.59603
7748,2025-01-24,SH.KC_688717,艾罗能源,光伏设备,-2.5964718
7749,2025-01-27,SH.ZB_600560,金自天正,专用设备,-2.5965397
7750,2025-01-24,SH.ZB_603590,康辰药业,生物制品,-2.5967484
7751,2025-01-27,SH.ZB_603190,亚通精工,汽车零部件,-2.5971105
7752,2025-01-24,SH.KC_688551,科威尔,电源设备,-2.5971475
7753,2025-01-24,SH.KC_301511,德福科技,电池,-2.5972552
7754,2025-01-24,SH.KC_300968,格林精密,消费电子,-2.5978613
7755,2025-01-27,SH.ZB_600267,海正药业,化学制药,-2.5980604
7756,2025-01-22,SH.KC_300065,海兰信,船舶制造,-2.5983484
7757,2025-01-24,SZ.ZB_000426,兴业银锡,有色金属,-2.5984306
7758,2025-01-24,SH.KC_300846,首都在线,互联网服务,-2.5987725
7759,2025-01-27,SZ.ZB_002324,普利特,塑料制品,-2.599594
7760,2025-01-24,SH.KC_301081,严牌股份,环保行业,-2.60099
7761,2025-01-24,SH.KC_300412,迦南科技,专用设备,-2.6010315
7762,2025-01-27,SH.KC_688046,药康生物,生物制品,-2.601526
7763,2025-01-27,SH.KC_300663,科蓝软件,软件开发,-2.602381
7764,2025-01-24,SH.ZB_603189,网达软件,软件开发,-2.6030953
7765,2025-01-24,SH.KC_300585,奥联电子,汽车零部件,-2.6036165
7766,2025-01-24,SH.KC_300793,佳禾智能,消费电子,-2.6042295
7767,2025-01-24,SH.KC_300807,天迈科技,计算机设备,-2.6042433
7768,2025-01-24,SH.KC_300605,恒锋信息,软件开发,-2.6043112
7769,2025-01-27,SH.ZB_600119,长江投资,物流行业,-2.6054647
7770,2025-01-24,SH.KC_300950,德固特,专用设备,-2.6056173
7771,2025-01-24,SH.KC_688518,联赢激光,专用设备,-2.6057448
7772,2025-01-27,SH.ZB_600481,双良节能,光伏设备,-2.6061046
7773,2025-01-24,SH.KC_688655,迅捷兴,电子元件,-2.6066768
7774,2025-01-24,SZ.ZB_002348,高乐股份,家用轻工,-2.6068037
7775,2025-01-27,SH.ZB_603116,红蜻蜓,纺织服装,-2.6071477
7776,2025-01-27,SH.ZB_603379,三美股份,化学制品,-2.6074865
7777,2025-01-24,SH.ZB_600609,金杯汽车,汽车零部件,-2.6079264
7778,2025-01-27,SH.KC_688336,三生国健,生物制品,-2.6081505
7779,2025-01-27,SH.KC_688607,康众医疗,医疗器械,-2.6084266
7780,2025-01-27,SH.ZB_600105,永鼎股份,通信设备,-2.608452
7781,2025-01-24,SH.ZB_603386,骏亚科技,电子元件,-2.608797
7782,2025-01-24,SH.KC_688390,固德威,光伏设备,-2.6088483
7783,2025-01-24,SH.ZB_603033,三维股份,橡胶制品,-2.608999
7784,2025-01-24,SH.KC_688443,智翔金泰-U,生物制品,-2.6094365
7785,2025-01-24,SH.KC_688206,概伦电子,软件开发,-2.6095805
7786,2025-01-24,SZ.ZB_002526,山东矿机,专用设备,-2.609918
7787,2025-01-24,SH.ZB_603421,鼎信通讯,通信服务,-2.6105065
7788,2025-01-24,SH.ZB_605258,协和电子,电子元件,-2.6106846
7789,2025-01-24,SH.ZB_603508,思维列控,软件开发,-2.6107867
7790,2025-01-24,SZ.ZB_003005,竞业达,互联网服务,-2.611473
7791,2025-01-27,SH.ZB_601019,山东出版,文化传媒,-2.6125064
7792,2025-01-24,SZ.ZB_002920,德赛西威,汽车零部件,-2.6127148
7793,2025-01-24,SH.KC_300043,星辉娱乐,游戏,-2.6132379
7794,2025-01-24,SH.KC_688187,时代电气,交运设备,-2.6133883
7795,2025-01-27,SH.ZB_603019,中科曙光,计算机设备,-2.613429
7796,2025-01-24,SH.KC_301510,固高科技,仪器仪表,-2.6135716
7797,2025-01-24,SH.KC_300102,乾照光电,光学光电子,-2.613752
7798,2025-01-24,SZ.ZB_000601,韶能股份,电力行业,-2.6139812
7799,2025-01-24,SH.ZB_600686,金龙汽车,汽车整车,-2.614056
7800,2025-01-27,SH.KC_300168,万达信息,互联网服务,-2.6142173
7801,2025-01-27,SZ.ZB_002177,御银股份,计算机设备,-2.6142762
7802,2025-01-24,SH.ZB_605086,龙高股份,采掘行业,-2.614539
7803,2025-01-24,SH.ZB_603106,恒银科技,计算机设备,-2.6146226
7804,2025-01-27,SH.KC_688270,臻镭科技,半导体,-2.6148818
7805,2025-01-24,SZ.ZB_002637,赞宇科技,化学制品,-2.61536
7806,2025-01-24,SH.ZB_603657,春光科技,家电行业,-2.6154633
7807,2025-01-24,SH.ZB_600184,光电股份,专用设备,-2.6158566
7808,2025-01-27,SZ.ZB_002600,领益智造,消费电子,-2.6162863
7809,2025-01-24,SH.KC_300863,卡倍亿,汽车零部件,-2.61632
7810,2025-01-27,SH.KC_688039,当虹科技,互联网服务,-2.616705
7811,2025-01-24,SH.KC_688078,龙软科技,软件开发,-2.6168082
7812,2025-01-24,SH.KC_688435,英方软件,软件开发,-2.6172845
7813,2025-01-27,SZ.ZB_002045,国光电器,消费电子,-2.6174703
7814,2025-01-27,SH.KC_301029,怡合达,通用设备,-2.6177816
7815,2025-01-24,SZ.ZB_002888,惠威科技,消费电子,-2.618044
7816,2025-01-27,SH.KC_688036,传音控股,消费电子,-2.6185696
7817,2025-01-24,SH.ZB_600757,长江传媒,文化传媒,-2.618658
7818,2025-01-27,SH.KC_301002,崧盛股份,电网设备,-2.619055
7819,2025-01-27,SZ.ZB_002667,威领股份,能源金属,-2.619117
7820,2025-01-24,SH.KC_688561,奇安信-U,软件开发,-2.6194212
7821,2025-01-27,SH.KC_688419,耐科装备,专用设备,-2.6201627
7822,2025-01-24,SH.KC_300288,朗玛信息,互联网服务,-2.6202562
7823,2025-01-24,SH.KC_688003,天准科技,通用设备,-2.6203074
7824,2025-01-27,SH.ZB_600793,宜宾纸业,造纸印刷,-2.6205482
7825,2025-01-24,SH.KC_688367,工大高科,交运设备,-2.6206284
7826,2025-01-24,SH.KC_300004,南风股份,专用设备,-2.6207469
7827,2025-01-24,SH.KC_300251,光线传媒,文化传媒,-2.6219902
7828,2025-01-27,SZ.ZB_002123,梦网科技,通信服务,-2.6220713
7829,2025-01-27,SZ.ZB_001268,联合精密,通用设备,-2.622162
7830,2025-01-24,SH.KC_300093,金刚光伏,光伏设备,-2.6234434
7831,2025-01-27,SH.KC_688351,微电生理-U,医疗器械,-2.6243546
7832,2025-01-27,SH.KC_688606,奥泰生物,医疗器械,-2.625238
7833,2025-01-27,SH.KC_688023,安恒信息,软件开发,-2.6254025
7834,2025-01-24,SH.ZB_603668,天马科技,农牧饲渔,-2.625749
7835,2025-01-27,SH.KC_300768,迪普科技,软件开发,-2.6257858
7836,2025-01-24,SH.KC_300659,中孚信息,软件开发,-2.625991
7837,2025-01-27,SH.KC_300913,兆龙互连,通信设备,-2.6261117
7838,2025-01-27,SZ.ZB_002441,众业达,电网设备,-2.6268308
7839,2025-01-24,SH.ZB_603633,徕木股份,汽车零部件,-2.6274672
7840,2025-01-27,SZ.ZB_002981,朝阳科技,消费电子,-2.6275773
7841,2025-01-24,SH.ZB_600487,亨通光电,通信设备,-2.627973
7842,2025-01-24,SH.ZB_603196,日播时尚,纺织服装,-2.6280875
7843,2025-01-27,SH.KC_300499,高澜股份,专用设备,-2.6284804
7844,2025-01-24,SH.ZB_603256,宏和科技,玻璃玻纤,-2.628716
7845,2025-01-27,SH.KC_301280,珠城科技,电子元件,-2.628921
7846,2025-01-27,SH.KC_300612,宣亚国际,文化传媒,-2.6291819
7847,2025-01-27,SH.KC_688291,金橙子,软件开发,-2.6293318
7848,2025-01-27,SH.ZB_603466,风语筑,文化传媒,-2.6295075
7849,2025-01-24,SH.KC_688657,浩辰软件,软件开发,-2.629624
7850,2025-01-24,SZ.ZB_002400,省广集团,文化传媒,-2.6298425
7851,2025-01-27,SH.KC_300103,达刚控股,专用设备,-2.6298704
7852,2025-01-24,SH.KC_300264,佳创视讯,互联网服务,-2.6302972
7853,2025-01-24,SH.KC_688219,会通股份,塑料制品,-2.630469
7854,2025-01-27,SH.KC_688127,蓝特光学,光学光电子,-2.630814
7855,2025-01-24,SZ.ZB_000555,神州信息,互联网服务,-2.6312416
7856,2025-01-24,SH.ZB_603021,山东华鹏,玻璃玻纤,-2.6318126
7857,2025-01-24,SZ.ZB_002879,长缆科技,电网设备,-2.632829
7858,2025-01-24,SH.ZB_603737,三棵树,装修建材,-2.6328306
7859,2025-01-27,SH.KC_300933,中辰股份,电网设备,-2.6332593
7860,2025-01-27,SH.KC_301298,东利机械,汽车零部件,-2.6333525
7861,2025-01-27,SH.KC_301459,丰茂股份,橡胶制品,-2.6340218
7862,2025-01-24,SH.KC_300462,华铭智能,交运设备,-2.6340756
7863,2025-01-27,SZ.ZB_000020,深华发Ａ,光学光电子,-2.6343536
7864,2025-01-24,SH.KC_300031,宝通科技,游戏,-2.6344085
7865,2025-01-24,SH.ZB_605016,百龙创园,食品饮料,-2.6344352
7866,2025-01-24,SZ.ZB_002950,奥美医疗,医疗器械,-2.6351712
7867,2025-01-24,SH.ZB_603381,永臻股份,光伏设备,-2.6352255
7868,2025-01-24,SH.ZB_600215,派斯林,通用设备,-2.6353688
7869,2025-01-24,SH.KC_688188,柏楚电子,软件开发,-2.6355767
7870,2025-01-27,SH.KC_300292,吴通控股,通信服务,-2.6358354
7871,2025-01-24,SH.KC_300473,德尔股份,汽车零部件,-2.636017
7872,2025-01-24,SH.ZB_603031,安孚科技,电池,-2.6361618
7873,2025-01-24,SH.ZB_603173,福斯达,通用设备,-2.6364033
7874,2025-01-27,SH.ZB_603922,金鸿顺,汽车零部件,-2.6364868
7875,2025-01-24,SH.ZB_603258,电魂网络,游戏,-2.637016
7876,2025-01-27,SH.KC_300836,佰奥智能,专用设备,-2.6371477
7877,2025-01-24,SH.KC_688695,中创股份,软件开发,-2.6374238
7878,2025-01-24,SH.ZB_603528,多伦科技,软件开发,-2.6376936
7879,2025-01-27,SH.KC_300413,芒果超媒,文化传媒,-2.6382847
7880,2025-01-24,SH.KC_688315,诺禾致源,医疗服务,-2.6389785
7881,2025-01-27,SZ.ZB_002575,群兴玩具,房地产服务,-2.6394312
7882,2025-01-24,SZ.ZB_002230,科大讯飞,软件开发,-2.6398757
7883,2025-01-24,SH.ZB_603221,爱丽家居,塑料制品,-2.6406624
7884,2025-01-24,SH.ZB_603933,睿能科技,半导体,-2.6409616
7885,2025-01-24,SH.KC_300670,大烨智能,电网设备,-2.6415725
7886,2025-01-27,SH.KC_300081,恒信东方,通信服务,-2.64181
7887,2025-01-27,SH.KC_300982,苏文电能,工程建设,-2.6421566
7888,2025-01-27,SZ.ZB_002938,鹏鼎控股,电子元件,-2.6425536
7889,2025-01-24,SH.ZB_600602,云赛智联,软件开发,-2.6428952
7890,2025-01-24,SH.KC_301153,中科江南,软件开发,-2.6433463
7891,2025-01-27,SH.ZB_600592,龙溪股份,通用设备,-2.6438396
7892,2025-01-24,SZ.ZB_002026,山东威达,通用设备,-2.6441722
7893,2025-01-27,SH.KC_301263,泰恩康,医药商业,-2.6445978
7894,2025-01-24,SH.KC_300258,精锻科技,汽车零部件,-2.644703
7895,2025-01-24,SH.KC_688256,寒武纪-U,半导体,-2.6448474
7896,2025-01-27,SZ.ZB_002517,恺英网络,游戏,-2.6449685
7897,2025-01-27,SH.KC_301012,扬电科技,电网设备,-2.6453116
7898,2025-01-27,SH.ZB_600686,金龙汽车,汽车整车,-2.6454396
7899,2025-01-27,SZ.ZB_002491,通鼎互联,通信设备,-2.6456332
7900,2025-01-24,SH.KC_688172,燕东微,半导体,-2.6457531
7901,2025-01-24,SH.KC_300001,特锐德,电网设备,-2.6458032
7902,2025-01-27,SH.ZB_603232,格尔软件,软件开发,-2.645901
7903,2025-01-24,SH.KC_688659,元琛科技,环保行业,-2.646078
7904,2025-01-24,SH.KC_688158,优刻得-W,互联网服务,-2.6462033
7905,2025-01-27,SZ.ZB_002707,众信旅游,旅游酒店,-2.646306
7906,2025-01-27,SH.KC_300328,宜安科技,小金属,-2.6463253
7907,2025-01-24,SH.KC_301313,凡拓数创,软件开发,-2.646656
7908,2025-01-24,SH.KC_300811,铂科新材,小金属,-2.6467352
7909,2025-01-27,SH.KC_300468,四方精创,软件开发,-2.6468754
7910,2025-01-24,SZ.ZB_003028,振邦智能,消费电子,-2.6472716
7911,2025-01-27,SZ.ZB_001212,中旗新材,装修装饰,-2.6473083
7912,2025-01-27,SH.KC_300677,英科医疗,医疗器械,-2.6473188
7913,2025-01-27,SH.KC_300059,东方财富,互联网服务,-2.6478772
7914,2025-01-27,SZ.ZB_002273,水晶光电,光学光电子,-2.6479006
7915,2025-01-27,SH.ZB_605369,拱东医疗,医疗器械,-2.6481292
7916,2025-01-27,SH.KC_301259,艾布鲁,环保行业,-2.648514
7917,2025-01-27,SZ.ZB_001380,华纬科技,通用设备,-2.6489296
7918,2025-01-24,SZ.ZB_002177,御银股份,计算机设备,-2.6491008
7919,2025-01-27,SH.KC_300130,新国都,计算机设备,-2.6492162
7920,2025-01-24,SH.KC_688336,三生国健,生物制品,-2.649378
7921,2025-01-24,SZ.ZB_002150,通润装备,通用设备,-2.6495605
7922,2025-01-27,SH.KC_688657,浩辰软件,软件开发,-2.6499524
7923,2025-01-27,SH.KC_688518,联赢激光,专用设备,-2.6500375
7924,2025-01-24,SH.KC_300380,安硕信息,软件开发,-2.6513388
7925,2025-01-24,SH.ZB_601211,国泰君安,证券,-2.6513863
7926,2025-01-27,SH.KC_300558,贝达药业,化学制药,-2.6514046
7927,2025-01-24,SZ.ZB_002090,金智科技,电网设备,-2.651873
7928,2025-01-27,SH.KC_301589,诺瓦星云,计算机设备,-2.6522453
7929,2025-01-27,SH.KC_688283,坤恒顺维,专用设备,-2.652309
7930,2025-01-27,SH.KC_301558,三态股份,贸易行业,-2.6523519
7931,2025-01-27,SZ.ZB_000504,南华生物,医疗服务,-2.6527596
7932,2025-01-27,SH.ZB_603220,中贝通信,通信服务,-2.6533613
7933,2025-01-24,SZ.ZB_002766,索菱股份,互联网服务,-2.6541765
7934,2025-01-24,SZ.ZB_002942,新农股份,农药兽药,-2.6542199
7935,2025-01-27,SH.ZB_603528,多伦科技,软件开发,-2.6542976
7936,2025-01-24,SH.KC_300602,飞荣达,消费电子,-2.6543882
7937,2025-01-27,SH.KC_301392,汇成真空,专用设备,-2.6550195
7938,2025-01-24,SH.KC_688050,爱博医疗,医疗器械,-2.6550972
7939,2025-01-27,SH.KC_300135,宝利国际,化学制品,-2.6551282
7940,2025-01-27,SZ.ZB_002967,广电计量,专业服务,-2.655525
7941,2025-01-24,SH.KC_300024,机器人,通用设备,-2.6558478
7942,2025-01-27,SH.ZB_605507,国邦医药,化学制药,-2.6565332
7943,2025-01-24,SH.KC_688678,福立旺,消费电子,-2.6568434
7944,2025-01-24,SH.ZB_603955,大千生态,工程建设,-2.657061
7945,2025-01-27,SH.KC_688611,杭州柯林,电网设备,-2.657199
7946,2025-01-24,SH.ZB_601208,东材科技,塑料制品,-2.657288
7947,2025-01-27,SH.ZB_603991,至正股份,塑料制品,-2.6581483
7948,2025-01-27,SZ.ZB_003011,海象新材,塑料制品,-2.6582024
7949,2025-01-24,SH.KC_301556,托普云农,软件开发,-2.6582997
7950,2025-01-24,SH.KC_300802,矩子科技,专用设备,-2.65832
7951,2025-01-24,SH.ZB_603062,麦加芯彩,化学原料,-2.6583412
7952,2025-01-27,SH.KC_300779,惠城环保,环保行业,-2.6585994
7953,2025-01-24,SZ.ZB_002062,宏润建设,工程建设,-2.6600528
7954,2025-01-24,SH.KC_300468,四方精创,软件开发,-2.66025
7955,2025-01-24,SH.KC_301033,迈普医学,医疗服务,-2.6602592
7956,2025-01-27,SZ.ZB_002182,宝武镁业,有色金属,-2.6605787
7957,2025-01-27,SH.ZB_600694,大商股份,商业百货,-2.6607366
7958,2025-01-27,SH.ZB_603090,宏盛股份,通用设备,-2.6607416
7959,2025-01-27,SH.ZB_600163,中闽能源,电力行业,-2.6608737
7960,2025-01-27,SH.KC_300721,怡达股份,化学制品,-2.6611826
7961,2025-01-27,SH.KC_688266,泽璟制药-U,化学制药,-2.6612222
7962,2025-01-27,SH.ZB_600053,九鼎投资,多元金融,-2.661261
7963,2025-01-27,SH.KC_301226,祥明智能,电机,-2.6621792
7964,2025-01-24,SH.KC_301317,鑫磊股份,通用设备,-2.6622155
7965,2025-01-27,SH.KC_301270,汉仪股份,互联网服务,-2.6626973
7966,2025-01-24,SH.ZB_603317,天味食品,食品饮料,-2.6633046
7967,2025-01-27,SH.ZB_605266,健之佳,医药商业,-2.6640086
7968,2025-01-27,SZ.ZB_002276,万马股份,电网设备,-2.6643267
7969,2025-01-24,SH.ZB_603466,风语筑,文化传媒,-2.6653302
7970,2025-01-27,SH.KC_301082,久盛电气,电网设备,-2.6654372
7971,2025-01-24,SH.KC_300448,浩云科技,互联网服务,-2.6656113
7972,2025-01-27,SH.KC_300620,光库科技,通信设备,-2.6657462
7973,2025-01-24,SH.KC_301239,普瑞眼科,医疗服务,-2.66802
7974,2025-01-27,SH.ZB_603920,世运电路,电子元件,-2.668552
7975,2025-01-27,SH.KC_301128,强瑞技术,专用设备,-2.6688082
7976,2025-01-24,SH.KC_300566,激智科技,光学光电子,-2.6692317
7977,2025-01-27,SH.KC_301251,威尔高,电子元件,-2.6696856
7978,2025-01-27,SH.KC_300730,科创信息,软件开发,-2.6700108
7979,2025-01-27,SH.ZB_605177,东亚药业,化学制药,-2.6700263
7980,2025-01-27,SH.KC_688597,煜邦电力,电网设备,-2.6708138
7981,2025-01-27,SZ.ZB_000099,中信海直,航空机场,-2.6711247
7982,2025-01-27,SH.ZB_603721,中广天择,文化传媒,-2.6715863
7983,2025-01-24,SH.ZB_600705,中航产融,多元金融,-2.6716628
7984,2025-01-24,SH.ZB_603637,镇海股份,工程建设,-2.6722264
7985,2025-01-27,SH.KC_300645,正元智慧,互联网服务,-2.6724496
7986,2025-01-27,SZ.ZB_000655,金岭矿业,钢铁行业,-2.6727502
7987,2025-01-24,SH.ZB_600562,国睿科技,通信设备,-2.6727548
7988,2025-01-24,SH.KC_301028,东亚机械,通用设备,-2.6735313
7989,2025-01-24,SH.KC_300560,中富通,通信服务,-2.673577
7990,2025-01-27,SZ.ZB_000590,启迪药业,中药,-2.6736865
7991,2025-01-27,SH.KC_300956,英力股份,消费电子,-2.6743503
7992,2025-01-27,SH.KC_688070,纵横股份,航天航空,-2.6754074
7993,2025-01-27,SH.KC_688166,博瑞医药,化学制药,-2.675664
7994,2025-01-27,SH.KC_688509,正元地信,互联网服务,-2.6757574
7995,2025-01-27,SZ.ZB_000812,陕西金叶,包装材料,-2.6758802
7996,2025-01-27,SZ.ZB_002897,意华股份,光伏设备,-2.6760907
7997,2025-01-27,SZ.ZB_002541,鸿路钢构,水泥建材,-2.676163
7998,2025-01-24,SH.KC_300292,吴通控股,通信服务,-2.676294
7999,2025-01-24,SZ.ZB_002170,芭田股份,化肥行业,-2.6765797
8000,2025-01-24,SH.KC_688171,纬德信息,软件开发,-2.6766226
8001,2025-01-24,SH.KC_688168,安博通,软件开发,-2.676816
8002,2025-01-24,SH.KC_300695,兆丰股份,汽车零部件,-2.6775708
8003,2025-01-27,SH.ZB_603529,爱玛科技,交运设备,-2.6782
8004,2025-01-24,SZ.ZB_002420,毅昌科技,家电行业,-2.6782503
8005,2025-01-24,SH.KC_300449,汉邦高科,计算机设备,-2.6787865
8006,2025-01-24,SH.ZB_603885,吉祥航空,航空机场,-2.6790586
8007,2025-01-27,SZ.ZB_002250,联化科技,农药兽药,-2.6791546
8008,2025-01-24,SH.KC_688428,诺诚健华-U,生物制品,-2.679207
8009,2025-01-27,SH.KC_300872,天阳科技,互联网服务,-2.6800365
8010,2025-01-27,SH.KC_688435,英方软件,软件开发,-2.6803315
8011,2025-01-27,SZ.ZB_002390,信邦制药,中药,-2.6818302
8012,2025-01-24,SH.ZB_603685,晨丰科技,光学光电子,-2.6818674
8013,2025-01-24,SH.KC_688102,斯瑞新材,有色金属,-2.6827848
8014,2025-01-27,SH.KC_300916,朗特智能,消费电子,-2.682859
8015,2025-01-24,SH.ZB_601567,三星医疗,电网设备,-2.6829383
8016,2025-01-24,SZ.ZB_002488,金固股份,汽车零部件,-2.68356
8017,2025-01-24,SH.ZB_600756,浪潮软件,互联网服务,-2.6839075
8018,2025-01-24,SH.ZB_600988,赤峰黄金,贵金属,-2.6839888
8019,2025-01-27,SH.KC_300380,安硕信息,软件开发,-2.6842701
8020,2025-01-27,SH.KC_300229,拓尔思,软件开发,-2.6847334
8021,2025-01-27,SH.KC_300749,顶固集创,装修建材,-2.6848514
8022,2025-01-27,SZ.ZB_002196,方正电机,电机,-2.6855512
8023,2025-01-24,SH.KC_300935,盈建科,软件开发,-2.6858137
8024,2025-01-27,SH.KC_300043,星辉娱乐,游戏,-2.686026
8025,2025-01-27,SH.KC_688192,迪哲医药-U,化学制药,-2.6860948
8026,2025-01-24,SH.ZB_600837,海通证券,证券,-2.6861293
8027,2025-01-27,SH.ZB_603011,合锻智能,专用设备,-2.6862752
8028,2025-01-27,SZ.ZB_002520,日发精机,通用设备,-2.6865315
8029,2025-01-27,SH.ZB_605566,福莱蒽特,化学制品,-2.6865966
8030,2025-01-27,SH.ZB_605218,伟时电子,光学光电子,-2.6879506
8031,2025-01-27,SZ.ZB_000988,华工科技,电子元件,-2.6880102
8032,2025-01-24,SZ.ZB_002858,力盛体育,文化传媒,-2.6880763
8033,2025-01-27,SH.KC_301080,百普赛斯,医疗服务,-2.6880832
8034,2025-01-24,SH.ZB_603004,鼎龙科技,化学原料,-2.6888433
8035,2025-01-27,SZ.ZB_002213,大为股份,半导体,-2.6890974
8036,2025-01-24,SH.ZB_601156,东航物流,物流行业,-2.689478
8037,2025-01-27,SH.ZB_600731,湖南海利,农药兽药,-2.6895845
8038,2025-01-24,SH.ZB_600584,长电科技,半导体,-2.6898031
8039,2025-01-24,SH.KC_688179,阿拉丁,化学制品,-2.6907961
8040,2025-01-24,SZ.ZB_002901,大博医疗,医疗器械,-2.690818
8041,2025-01-24,SZ.ZB_000893,亚钾国际,化肥行业,-2.6914186
8042,2025-01-24,SH.KC_688679,通源环境,环保行业,-2.691877
8043,2025-01-27,SH.ZB_603297,永新光学,光学光电子,-2.692027
8044,2025-01-24,SH.KC_688592,司南导航,计算机设备,-2.69209
8045,2025-01-27,SH.KC_300967,晓鸣股份,农牧饲渔,-2.6921277
8046,2025-01-27,SZ.ZB_002676,顺威股份,家电行业,-2.692553
8047,2025-01-24,SZ.ZB_002605,姚记科技,游戏,-2.692869
8048,2025-01-27,SZ.ZB_002313,日海智能,通信设备,-2.6934881
8049,2025-01-27,SH.KC_688234,天岳先进,半导体,-2.695044
8050,2025-01-27,SH.KC_688386,泛亚微透,塑料制品,-2.695306
8051,2025-01-27,SH.ZB_600530,交大昂立,食品饮料,-2.6953464
8052,2025-01-27,SH.KC_300917,特发服务,房地产服务,-2.6956027
8053,2025-01-27,SH.ZB_605055,迎丰股份,纺织服装,-2.6964839
8054,2025-01-24,SZ.ZB_002457,青龙管业,装修建材,-2.696603
8055,2025-01-27,SH.KC_688301,奕瑞科技,医疗器械,-2.6967957
8056,2025-01-27,SH.ZB_600618,氯碱化工,化学原料,-2.6968234
8057,2025-01-27,SZ.ZB_001319,铭科精技,汽车零部件,-2.6971736
8058,2025-01-24,SZ.ZB_002268,电科网安,软件开发,-2.6973693
8059,2025-01-24,SZ.ZB_000603,盛达资源,有色金属,-2.6975284
8060,2025-01-24,SH.ZB_600268,国电南自,电网设备,-2.6975853
8061,2025-01-24,SH.KC_688152,麒麟信安,软件开发,-2.6976743
8062,2025-01-27,SH.ZB_600990,四创电子,通信设备,-2.6977432
8063,2025-01-27,SH.KC_301172,君逸数码,软件开发,-2.6981647
8064,2025-01-27,SZ.ZB_000603,盛达资源,有色金属,-2.6982763
8065,2025-01-27,SZ.ZB_000757,浩物股份,汽车服务,-2.6991446
8066,2025-01-27,SH.KC_301168,通灵股份,光伏设备,-2.700243
8067,2025-01-24,SZ.ZB_002558,巨人网络,游戏,-2.7011704
8068,2025-01-24,SZ.ZB_002559,亚威股份,通用设备,-2.70146
8069,2025-01-27,SH.ZB_600576,祥源文旅,旅游酒店,-2.701529
8070,2025-01-24,SH.ZB_605376,博迁新材,小金属,-2.7019286
8071,2025-01-24,SH.ZB_603918,金桥信息,互联网服务,-2.7021022
8072,2025-01-27,SH.KC_688429,时创能源,光伏设备,-2.7021568
8073,2025-01-27,SH.ZB_601933,永辉超市,商业百货,-2.7021682
8074,2025-01-24,SH.KC_301213,观想科技,软件开发,-2.7027125
8075,2025-01-24,SH.KC_300321,同大股份,化学制品,-2.7035706
8076,2025-01-24,SZ.ZB_002126,银轮股份,汽车零部件,-2.7039175
8077,2025-01-27,SZ.ZB_001314,亿道信息,消费电子,-2.7039318
8078,2025-01-27,SH.KC_301469,恒达新材,造纸印刷,-2.7040477
8079,2025-01-27,SH.KC_301389,隆扬电子,电子元件,-2.7047045
8080,2025-01-27,SH.KC_688181,八亿时空,光学光电子,-2.7048342
8081,2025-01-24,SZ.ZB_000957,中通客车,汽车整车,-2.705605
8082,2025-01-27,SZ.ZB_000801,四川九洲,家电行业,-2.7056491
8083,2025-01-27,SH.KC_300582,英飞特,光学光电子,-2.7058372
8084,2025-01-24,SH.ZB_603505,金石资源,采掘行业,-2.706333
8085,2025-01-27,SH.ZB_605122,四方新材,水泥建材,-2.7064323
8086,2025-01-27,SH.KC_300394,天孚通信,通信设备,-2.707694
8087,2025-01-24,SH.KC_301231,荣信文化,文化传媒,-2.7081418
8088,2025-01-27,SH.KC_301045,天禄科技,光学光电子,-2.7083397
8089,2025-01-24,SZ.ZB_002910,庄园牧场,食品饮料,-2.7088342
8090,2025-01-27,SZ.ZB_002225,濮耐股份,装修建材,-2.708909
8091,2025-01-27,SZ.ZB_002558,巨人网络,游戏,-2.7089596
8092,2025-01-24,SH.KC_300982,苏文电能,工程建设,-2.7095208
8093,2025-01-24,SH.KC_300508,维宏股份,互联网服务,-2.7096653
8094,2025-01-27,SZ.ZB_002708,光洋股份,汽车零部件,-2.709974
8095,2025-01-24,SH.KC_301023,江南奕帆,电机,-2.7099793
8096,2025-01-24,SH.KC_688691,灿芯股份,半导体,-2.711038
8097,2025-01-24,SZ.ZB_000820,神雾节能,环保行业,-2.7112634
8098,2025-01-24,SZ.ZB_002370,亚太药业,化学制药,-2.7113044
8099,2025-01-27,SZ.ZB_002440,闰土股份,化学制品,-2.7123408
8100,2025-01-27,SZ.ZB_000408,藏格矿业,化肥行业,-2.7128022
8101,2025-01-27,SZ.ZB_000676,智度股份,互联网服务,-2.7130022
8102,2025-01-27,SZ.ZB_002497,雅化集团,化学制品,-2.7131972
8103,2025-01-27,SH.ZB_603062,麦加芯彩,化学原料,-2.7141106
8104,2025-01-24,SH.ZB_600455,博通股份,教育,-2.7141378
8105,2025-01-27,SH.ZB_603506,南都物业,房地产服务,-2.7151
8106,2025-01-24,SZ.ZB_002221,东华能源,石油行业,-2.7153244
8107,2025-01-27,SH.KC_300454,深信服,软件开发,-2.7157354
8108,2025-01-27,SH.KC_300910,瑞丰新材,化学制品,-2.715794
8109,2025-01-24,SH.KC_300366,创意信息,软件开发,-2.7160895
8110,2025-01-24,SH.ZB_603636,南威软件,互联网服务,-2.7162461
8111,2025-01-27,SH.KC_688265,南模生物,生物制品,-2.7166498
8112,2025-01-24,SH.KC_688612,威迈斯,汽车零部件,-2.717533
8113,2025-01-27,SH.ZB_600751,海航科技,航运港口,-2.7184517
8114,2025-01-27,SH.ZB_600622,光大嘉宝,房地产开发,-2.7196047
8115,2025-01-24,SH.KC_300652,雷迪克,汽车零部件,-2.7203212
8116,2025-01-27,SH.ZB_600602,云赛智联,软件开发,-2.7204478
8117,2025-01-27,SZ.ZB_000957,中通客车,汽车整车,-2.720513
8118,2025-01-24,SH.KC_688116,天奈科技,化学制品,-2.7211976
8119,2025-01-27,SZ.ZB_002858,力盛体育,文化传媒,-2.7213473
8120,2025-01-27,SZ.ZB_002942,新农股份,农药兽药,-2.722052
8121,2025-01-27,SH.KC_688631,莱斯信息,软件开发,-2.7221012
8122,2025-01-24,SH.KC_300133,华策影视,文化传媒,-2.7222404
8123,2025-01-24,SH.KC_300161,华中数控,通用设备,-2.7222965
8124,2025-01-27,SZ.ZB_002396,星网锐捷,通信设备,-2.7223775
8125,2025-01-24,SH.ZB_600539,狮头股份,环保行业,-2.7228858
8126,2025-01-24,SZ.ZB_000785,居然智家,商业百货,-2.7229004
8127,2025-01-27,SH.KC_688167,炬光科技,半导体,-2.7238798
8128,2025-01-24,SH.KC_688568,中科星图,互联网服务,-2.7239618
8129,2025-01-24,SH.ZB_603660,苏州科达,计算机设备,-2.7239966
8130,2025-01-27,SH.KC_688102,斯瑞新材,有色金属,-2.7241285
8131,2025-01-24,SH.ZB_603151,邦基科技,农牧饲渔,-2.7241867
8132,2025-01-24,SH.KC_301263,泰恩康,医药商业,-2.724311
8133,2025-01-27,SH.KC_688480,赛恩斯,环保行业,-2.7248707
8134,2025-01-27,SZ.ZB_002222,福晶科技,光学光电子,-2.7250857
8135,2025-01-27,SZ.ZB_002457,青龙管业,装修建材,-2.7251
8136,2025-01-27,SH.KC_300157,新锦动力,采掘行业,-2.7256584
8137,2025-01-27,SH.KC_688206,概伦电子,软件开发,-2.7257495
8138,2025-01-24,SZ.ZB_002967,广电计量,专业服务,-2.725813
8139,2025-01-27,SH.KC_300366,创意信息,软件开发,-2.7265418
8140,2025-01-27,SH.KC_300508,维宏股份,互联网服务,-2.7265623
8141,2025-01-27,SZ.ZB_002649,博彦科技,互联网服务,-2.72665
8142,2025-01-27,SH.KC_688458,美芯晟,半导体,-2.7266989
8143,2025-01-27,SH.KC_300369,绿盟科技,软件开发,-2.7267194
8144,2025-01-27,SH.KC_300305,裕兴股份,光伏设备,-2.7273068
8145,2025-01-24,SH.KC_688051,佳华科技,互联网服务,-2.7277527
8146,2025-01-27,SH.ZB_603341,龙旗科技,消费电子,-2.7288282
8147,2025-01-27,SH.KC_300440,运达科技,互联网服务,-2.728898
8148,2025-01-27,SH.ZB_603273,天元智能,专用设备,-2.7297072
8149,2025-01-24,SH.KC_300415,伊之密,专用设备,-2.7304375
8150,2025-01-24,SH.ZB_600576,祥源文旅,旅游酒店,-2.730823
8151,2025-01-27,SH.ZB_600812,华北制药,化学制药,-2.730951
8152,2025-01-27,SH.KC_688443,智翔金泰-U,生物制品,-2.7310271
8153,2025-01-24,SZ.ZB_002997,瑞鹄模具,汽车零部件,-2.7311218
8154,2025-01-24,SH.KC_300247,融捷健康,家电行业,-2.731491
8155,2025-01-27,SZ.ZB_002577,雷柏科技,消费电子,-2.7315395
8156,2025-01-24,SZ.ZB_000811,冰轮环境,通用设备,-2.7319255
8157,2025-01-24,SH.ZB_603011,合锻智能,专用设备,-2.7328033
8158,2025-01-27,SZ.ZB_003010,若羽臣,互联网服务,-2.7337513
8159,2025-01-27,SZ.ZB_002801,微光股份,电机,-2.7338657
8160,2025-01-24,SH.KC_301296,新巨丰,包装材料,-2.7338927
8161,2025-01-24,SZ.ZB_002281,光迅科技,通信设备,-2.7344038
8162,2025-01-27,SH.KC_688520,神州细胞-U,生物制品,-2.735186
8163,2025-01-24,SH.KC_301391,卡莱特,计算机设备,-2.735266
8164,2025-01-27,SZ.ZB_002115,三维通信,互联网服务,-2.7355573
8165,2025-01-24,SH.KC_688186,广大特材,风电设备,-2.735749
8166,2025-01-27,SH.ZB_600133,东湖高新,工程建设,-2.7359512
8167,2025-01-24,SH.KC_300522,世名科技,化学制品,-2.7362797
8168,2025-01-24,SH.KC_300582,英飞特,光学光电子,-2.7368371
8169,2025-01-27,SH.ZB_603291,联合水务,公用事业,-2.736971
8170,2025-01-24,SH.ZB_603200,上海洗霸,环保行业,-2.7370043
8171,2025-01-24,SH.KC_688022,瀚川智能,专用设备,-2.7375214
8172,2025-01-27,SH.KC_300364,中文在线,文化传媒,-2.7380002
8173,2025-01-27,SZ.ZB_002137,实益达,电子元件,-2.7383525
8174,2025-01-27,SZ.ZB_002164,宁波东力,通用设备,-2.738625
8175,2025-01-24,SZ.ZB_001259,利仁科技,家电行业,-2.7402508
8176,2025-01-27,SH.KC_300255,常山药业,化学制药,-2.741164
8177,2025-01-27,SZ.ZB_000021,深科技,消费电子,-2.7412708
8178,2025-01-27,SZ.ZB_000936,华西股份,化纤行业,-2.7414966
8179,2025-01-24,SZ.ZB_002674,兴业科技,纺织服装,-2.7416122
8180,2025-01-27,SH.KC_688207,格灵深瞳,软件开发,-2.742077
8181,2025-01-27,SZ.ZB_002908,德生科技,软件开发,-2.742725
8182,2025-01-27,SH.ZB_605589,圣泉集团,化学制品,-2.7431104
8183,2025-01-27,SZ.ZB_001283,豪鹏科技,电池,-2.7439222
8184,2025-01-27,SH.KC_300211,亿通科技,通信服务,-2.7439334
8185,2025-01-24,SH.KC_688662,富信科技,电子元件,-2.7447867
8186,2025-01-27,SH.ZB_603336,宏辉果蔬,农牧饲渔,-2.7448533
8187,2025-01-27,SH.KC_300679,电连技术,消费电子,-2.744958
8188,2025-01-24,SH.KC_688266,泽璟制药-U,化学制药,-2.7452958
8189,2025-01-24,SH.ZB_600161,天坛生物,生物制品,-2.7455668
8190,2025-01-27,SZ.ZB_000532,华金资本,综合行业,-2.745842
8191,2025-01-27,SZ.ZB_002241,歌尔股份,消费电子,-2.7465332
8192,2025-01-27,SH.KC_301069,凯盛新材,化学原料,-2.7465637
8193,2025-01-24,SZ.ZB_002902,铭普光磁,通信设备,-2.7475455
8194,2025-01-27,SH.ZB_603408,建霖家居,装修装饰,-2.7475617
8195,2025-01-24,SH.KC_301070,开勒股份,专用设备,-2.7478511
8196,2025-01-24,SH.KC_688776,国光电气,电子元件,-2.748036
8197,2025-01-24,SH.ZB_605122,四方新材,水泥建材,-2.7484336
8198,2025-01-24,SH.KC_300418,昆仑万维,互联网服务,-2.7487926
8199,2025-01-27,SZ.ZB_002712,思美传媒,文化传媒,-2.749165
8200,2025-01-27,SH.KC_688172,燕东微,半导体,-2.7496367
8201,2025-01-27,SH.ZB_603021,山东华鹏,玻璃玻纤,-2.7512023
8202,2025-01-24,SH.KC_300211,亿通科技,通信服务,-2.7513924
8203,2025-01-27,SH.ZB_605338,巴比食品,食品饮料,-2.7523668
8204,2025-01-24,SH.ZB_603790,雅运股份,化学制品,-2.7527661
8205,2025-01-24,SH.KC_300436,广生堂,化学制药,-2.7529793
8206,2025-01-27,SZ.ZB_002098,浔兴股份,纺织服装,-2.753746
8207,2025-01-24,SH.KC_301328,维峰电子,电子元件,-2.754578
8208,2025-01-27,SH.ZB_600933,爱柯迪,汽车零部件,-2.7552447
8209,2025-01-27,SH.KC_300973,立高食品,食品饮料,-2.7554638
8210,2025-01-24,SH.KC_300716,泉为科技,光伏设备,-2.756596
8211,2025-01-24,SZ.ZB_000868,安凯客车,汽车整车,-2.7567608
8212,2025-01-24,SZ.ZB_001229,魅视科技,计算机设备,-2.7567697
8213,2025-01-24,SH.ZB_603232,格尔软件,软件开发,-2.757644
8214,2025-01-27,SH.ZB_600060,海信视像,家电行业,-2.7580247
8215,2025-01-27,SH.ZB_600657,信达地产,房地产开发,-2.7581196
8216,2025-01-24,SZ.ZB_002931,锋龙股份,通用设备,-2.7592516
8217,2025-01-27,SH.KC_300379,东方通,软件开发,-2.7593935
8218,2025-01-27,SH.KC_300359,全通教育,教育,-2.7606006
8219,2025-01-24,SH.KC_688767,博拓生物,医疗器械,-2.7619014
8220,2025-01-24,SZ.ZB_002073,软控股份,专用设备,-2.7619033
8221,2025-01-24,SH.ZB_600653,申华控股,汽车服务,-2.7624812
8222,2025-01-24,SH.ZB_603529,爱玛科技,交运设备,-2.7634528
8223,2025-01-24,SH.ZB_605378,野马电池,电池,-2.7634854
8224,2025-01-24,SH.ZB_603307,扬州金泉,纺织服装,-2.7634902
8225,2025-01-24,SH.KC_301279,金道科技,通用设备,-2.76447
8226,2025-01-24,SH.KC_688631,莱斯信息,软件开发,-2.7650356
8227,2025-01-24,SH.KC_301568,思泰克,专用设备,-2.7650886
8228,2025-01-27,SH.KC_300226,上海钢联,互联网服务,-2.7654188
8229,2025-01-27,SH.KC_300577,开润股份,纺织服装,-2.7662876
8230,2025-01-24,SZ.ZB_000504,南华生物,医疗服务,-2.767073
8231,2025-01-24,SZ.ZB_000021,深科技,消费电子,-2.7675805
8232,2025-01-27,SH.KC_300887,谱尼测试,专业服务,-2.7676506
8233,2025-01-24,SH.KC_688097,博众精工,专用设备,-2.7682343
8234,2025-01-24,SZ.ZB_002689,远大智能,专用设备,-2.7684813
8235,2025-01-24,SH.ZB_603337,杰克股份,专用设备,-2.7695954
8236,2025-01-27,SZ.ZB_002368,太极股份,互联网服务,-2.7697191
8237,2025-01-24,SZ.ZB_002402,和而泰,消费电子,-2.770323
8238,2025-01-24,SH.ZB_603190,亚通精工,汽车零部件,-2.7709224
8239,2025-01-27,SH.KC_300231,银信科技,互联网服务,-2.7710888
8240,2025-01-24,SH.ZB_603995,甬金股份,钢铁行业,-2.7716095
8241,2025-01-27,SH.KC_300448,浩云科技,互联网服务,-2.7719426
8242,2025-01-24,SH.ZB_601113,华鼎股份,化纤行业,-2.7720678
8243,2025-01-27,SZ.ZB_002949,华阳国际,工程咨询服务,-2.7728748
8244,2025-01-24,SH.KC_300047,天源迪科,软件开发,-2.7730696
8245,2025-01-24,SH.KC_688182,灿勤科技,通信设备,-2.774147
8246,2025-01-27,SZ.ZB_002028,思源电气,电网设备,-2.774486
8247,2025-01-16,SH.KC_688293,奥浦迈,专业服务,-2.7745159
8248,2025-01-24,SZ.ZB_002011,盾安环境,家电行业,-2.7746017
8249,2025-01-24,SZ.ZB_002908,德生科技,软件开发,-2.7751129
8250,2025-01-27,SH.KC_301333,诺思格,医疗服务,-2.7759457
8251,2025-01-27,SH.ZB_605020,永和股份,化学制品,-2.7761352
8252,2025-01-24,SH.ZB_600066,宇通客车,汽车整车,-2.776377
8253,2025-01-27,SH.ZB_603337,杰克股份,专用设备,-2.7765274
8254,2025-01-24,SH.ZB_603585,苏利股份,农药兽药,-2.7766533
8255,2025-01-27,SH.KC_300678,中科信息,互联网服务,-2.777222
8256,2025-01-24,SH.KC_688013,天臣医疗,医疗器械,-2.777473
8257,2025-01-27,SH.ZB_600491,龙元建设,工程建设,-2.7778792
8258,2025-01-24,SZ.ZB_002792,通宇通讯,通信设备,-2.777895
8259,2025-01-27,SH.ZB_603155,新亚强,化学制品,-2.7792501
8260,2025-01-27,SZ.ZB_002095,生 意 宝,互联网服务,-2.7794902
8261,2025-01-24,SH.ZB_603779,威龙股份,酿酒行业,-2.7814581
8262,2025-01-24,SH.KC_688521,芯原股份,半导体,-2.7816648
8263,2025-01-27,SH.ZB_600869,远东股份,电网设备,-2.7818718
8264,2025-01-24,SH.ZB_603380,易德龙,消费电子,-2.7823322
8265,2025-01-24,SH.ZB_603991,至正股份,塑料制品,-2.7825296
8266,2025-01-24,SH.ZB_605555,德昌股份,家电行业,-2.7826881
8267,2025-01-27,SH.KC_688161,威高骨科,医疗器械,-2.7832763
8268,2025-01-24,SH.ZB_603615,茶花股份,塑料制品,-2.7836356
8269,2025-01-27,SZ.ZB_002546,新联电子,电网设备,-2.7837415
8270,2025-01-24,SZ.ZB_002250,联化科技,农药兽药,-2.7853227
8271,2025-01-24,SH.ZB_600782,新钢股份,钢铁行业,-2.7853496
8272,2025-01-24,SH.ZB_600865,百大集团,商业百货,-2.785586
8273,2025-01-27,SH.ZB_603193,润本股份,美容护理,-2.7862597
8274,2025-01-24,SZ.ZB_002164,宁波东力,通用设备,-2.7865932
8275,2025-01-27,SZ.ZB_000509,华塑控股,光学光电子,-2.786745
8276,2025-01-27,SH.KC_688131,皓元医药,化学制药,-2.7883687
8277,2025-01-27,SH.KC_688108,赛诺医疗,医疗器械,-2.7886574
8278,2025-01-24,SH.ZB_603429,集友股份,造纸印刷,-2.7890882
8279,2025-01-24,SH.KC_688651,盛邦安全,软件开发,-2.7898285
8280,2025-01-27,SH.KC_300767,震安科技,橡胶制品,-2.789851
8281,2025-01-27,SH.ZB_600161,天坛生物,生物制品,-2.789995
8282,2025-01-24,SH.KC_301200,大族数控,专用设备,-2.791061
8283,2025-01-24,SH.KC_300622,博士眼镜,商业百货,-2.7912984
8284,2025-01-24,SH.ZB_603703,盛洋科技,光学光电子,-2.7917194
8285,2025-01-27,SH.KC_301033,迈普医学,医疗服务,-2.7917979
8286,2025-01-27,SH.ZB_603790,雅运股份,化学制品,-2.7919326
8287,2025-01-24,SH.ZB_603530,神马电力,电网设备,-2.7921474
8288,2025-01-27,SH.KC_300803,指南针,软件开发,-2.7921667
8289,2025-01-27,SH.ZB_603685,晨丰科技,光学光电子,-2.7922199
8290,2025-01-24,SH.KC_688070,纵横股份,航天航空,-2.792616
8291,2025-01-27,SH.KC_301255,通力科技,通用设备,-2.7930405
8292,2025-01-27,SH.KC_301141,中科磁业,小金属,-2.7934475
8293,2025-01-27,SH.KC_688278,特宝生物,生物制品,-2.7937577
8294,2025-01-27,SH.ZB_601100,恒立液压,工程机械,-2.7942827
8295,2025-01-27,SZ.ZB_002195,岩山科技,互联网服务,-2.7942896
8296,2025-01-27,SZ.ZB_002642,荣联科技,互联网服务,-2.7955775
8297,2025-01-27,SH.ZB_603108,润达医疗,医疗服务,-2.7960572
8298,2025-01-27,SH.KC_301024,霍普股份,工程建设,-2.7971168
8299,2025-01-24,SH.KC_688080,映翰通,通信设备,-2.7989187
8300,2025-01-24,SZ.ZB_002835,同为股份,计算机设备,-2.7989316
8301,2025-01-27,SH.KC_688676,金盘科技,电网设备,-2.7994747
8302,2025-01-27,SH.ZB_600705,中航产融,多元金融,-2.7996318
8303,2025-01-24,SH.KC_688060,云涌科技,软件开发,-2.7996438
8304,2025-01-24,SH.KC_300413,芒果超媒,文化传媒,-2.8009589
8305,2025-01-27,SH.ZB_603890,春秋电子,消费电子,-2.8011794
8306,2025-01-27,SH.ZB_603590,康辰药业,生物制品,-2.8013463
8307,2025-01-24,SH.KC_301178,天亿马,软件开发,-2.8017561
8308,2025-01-27,SZ.ZB_001324,长青科技,交运设备,-2.8018687
8309,2025-01-27,SH.ZB_605108,同庆楼,旅游酒店,-2.802089
8310,2025-01-24,SH.ZB_601933,永辉超市,商业百货,-2.8024106
8311,2025-01-27,SZ.ZB_000638,万方发展,农牧饲渔,-2.8029838
8312,2025-01-24,SH.ZB_603222,济民健康,化学制药,-2.804398
8313,2025-01-24,SZ.ZB_002891,中宠股份,农牧饲渔,-2.8045971
8314,2025-01-24,SH.KC_688178,万德斯,环保行业,-2.80519
8315,2025-01-27,SZ.ZB_000932,华菱钢铁,钢铁行业,-2.8053143
8316,2025-01-24,SH.ZB_600345,长江通信,通信设备,-2.8054574
8317,2025-01-27,SH.KC_301428,世纪恒通,互联网服务,-2.805557
8318,2025-01-27,SH.ZB_605378,野马电池,电池,-2.8062246
8319,2025-01-24,SZ.ZB_002335,科华数据,电源设备,-2.806558
8320,2025-01-24,SH.KC_300611,美力科技,汽车零部件,-2.8083856
8321,2025-01-27,SH.KC_688573,信宇人,电池,-2.8086379
8322,2025-01-27,SH.KC_300303,聚飞光电,光学光电子,-2.8088694
8323,2025-01-24,SH.KC_688515,裕太微-U,半导体,-2.8092384
8324,2025-01-24,SH.KC_300322,硕贝德,消费电子,-2.8101394
8325,2025-01-27,SH.KC_300133,华策影视,文化传媒,-2.8102965
8326,2025-01-24,SH.ZB_603507,振江股份,风电设备,-2.8105302
8327,2025-01-24,SH.ZB_600481,双良节能,光伏设备,-2.8110511
8328,2025-01-24,SH.KC_300329,海伦钢琴,家用轻工,-2.8116972
8329,2025-01-24,SH.KC_301302,华如科技,软件开发,-2.8120537
8330,2025-01-27,SH.KC_300611,美力科技,汽车零部件,-2.8128505
8331,2025-01-24,SH.ZB_605178,时空科技,装修装饰,-2.8137286
8332,2025-01-27,SH.KC_301052,果麦文化,文化传媒,-2.8145788
8333,2025-01-24,SH.KC_301107,瑜欣电子,通用设备,-2.8147025
8334,2025-01-24,SZ.ZB_002351,漫步者,消费电子,-2.8149407
8335,2025-01-27,SH.KC_688296,和达科技,软件开发,-2.8163364
8336,2025-01-24,SH.KC_300440,运达科技,互联网服务,-2.8169835
8337,2025-01-24,SH.KC_688079,美迪凯,光学光电子,-2.8171506
8338,2025-01-27,SZ.ZB_002212,天融信,软件开发,-2.8184788
8339,2025-01-24,SZ.ZB_002577,雷柏科技,消费电子,-2.818669
8340,2025-01-27,SH.KC_301316,慧博云通,软件开发,-2.8191876
8341,2025-01-24,SH.KC_688030,山石网科,软件开发,-2.819651
8342,2025-01-27,SH.KC_688592,司南导航,计算机设备,-2.819869
8343,2025-01-27,SZ.ZB_001207,联科科技,橡胶制品,-2.8198867
8344,2025-01-24,SH.KC_688207,格灵深瞳,软件开发,-2.8204367
8345,2025-01-24,SH.KC_300565,科信技术,通信设备,-2.820538
8346,2025-01-27,SZ.ZB_000893,亚钾国际,化肥行业,-2.8207858
8347,2025-01-24,SZ.ZB_002580,圣阳股份,电池,-2.8212447
8348,2025-01-27,SZ.ZB_002901,大博医疗,医疗器械,-2.8221223
8349,2025-01-24,SZ.ZB_002681,奋达科技,消费电子,-2.8221433
8350,2025-01-24,SH.KC_301230,泓博医药,生物制品,-2.8221912
8351,2025-01-24,SZ.ZB_002820,桂发祥,食品饮料,-2.8224258
8352,2025-01-27,SH.KC_300124,汇川技术,电子元件,-2.8224604
8353,2025-01-27,SH.KC_688508,芯朋微,半导体,-2.8237517
8354,2025-01-27,SZ.ZB_003036,泰坦股份,专用设备,-2.824489
8355,2025-01-24,SH.ZB_603291,联合水务,公用事业,-2.8250415
8356,2025-01-24,SH.ZB_603036,如通股份,专用设备,-2.8253272
8357,2025-01-27,SZ.ZB_002012,凯恩股份,造纸印刷,-2.8258243
8358,2025-01-24,SZ.ZB_002441,众业达,电网设备,-2.8259916
8359,2025-01-27,SZ.ZB_000913,钱江摩托,交运设备,-2.826198
8360,2025-01-24,SZ.ZB_002797,第一创业,证券,-2.8263216
8361,2025-01-24,SH.ZB_600133,东湖高新,工程建设,-2.826493
8362,2025-01-27,SZ.ZB_002898,赛隆药业,化学制药,-2.8267992
8363,2025-01-27,SH.KC_300935,盈建科,软件开发,-2.8270655
8364,2025-01-24,SZ.ZB_003001,中岩大地,工程咨询服务,-2.827986
8365,2025-01-27,SZ.ZB_001223,欧克科技,专用设备,-2.8286645
8366,2025-01-24,SH.KC_688458,美芯晟,半导体,-2.829823
8367,2025-01-27,SH.KC_301153,中科江南,软件开发,-2.8298235
8368,2025-01-27,SZ.ZB_000702,正虹科技,农牧饲渔,-2.8299992
8369,2025-01-27,SZ.ZB_002782,可立克,消费电子,-2.8300266
8370,2025-01-27,SH.KC_688681,科汇股份,电网设备,-2.8300846
8371,2025-01-27,SH.KC_301366,一博科技,电子元件,-2.830588
8372,2025-01-27,SH.KC_301070,开勒股份,专用设备,-2.8306575
8373,2025-01-24,SH.ZB_603297,永新光学,光学光电子,-2.830849
8374,2025-01-27,SH.ZB_603955,大千生态,工程建设,-2.8311377
8375,2025-01-24,SZ.ZB_000917,电广传媒,文化传媒,-2.8328831
8376,2025-01-27,SZ.ZB_002975,博杰股份,专用设备,-2.8356361
8377,2025-01-27,SH.KC_688178,万德斯,环保行业,-2.8370717
8378,2025-01-27,SH.KC_688215,瑞晟智能,专用设备,-2.8374548
8379,2025-01-27,SZ.ZB_002518,科士达,电源设备,-2.83769
8380,2025-01-24,SH.ZB_605088,冠盛股份,汽车零部件,-2.837842
8381,2025-01-27,SH.KC_688257,新锐股份,有色金属,-2.8380942
8382,2025-01-27,SH.ZB_600782,新钢股份,钢铁行业,-2.8386707
8383,2025-01-24,SH.KC_300886,华业香料,美容护理,-2.8387394
8384,2025-01-27,SH.ZB_600605,汇通能源,房地产服务,-2.8391542
8385,2025-01-24,SH.KC_688021,奥福环保,环保行业,-2.8391922
8386,2025-01-24,SH.ZB_600732,爱旭股份,光伏设备,-2.8397362
8387,2025-01-24,SH.KC_300681,英搏尔,汽车零部件,-2.8404548
8388,2025-01-27,SH.ZB_601702,华峰铝业,有色金属,-2.8406794
8389,2025-01-27,SH.KC_688466,金科环境,环保行业,-2.8411386
8390,2025-01-27,SH.ZB_603033,三维股份,橡胶制品,-2.841232
8391,2025-01-27,SH.ZB_600803,新奥股份,燃气,-2.8416615
8392,2025-01-27,SH.ZB_603986,兆易创新,半导体,-2.8418205
8393,2025-01-27,SH.KC_300203,聚光科技,环保行业,-2.8420038
8394,2025-01-24,SH.KC_301428,世纪恒通,互联网服务,-2.842615
8395,2025-01-24,SH.KC_300421,力星股份,通用设备,-2.8430219
8396,2025-01-24,SH.KC_688067,爱威科技,医疗器械,-2.8431287
8397,2025-01-27,SZ.ZB_002698,博实股份,专用设备,-2.844112
8398,2025-01-27,SH.ZB_605303,园林股份,工程建设,-2.8442907
8399,2025-01-27,SH.KC_300102,乾照光电,光学光电子,-2.8444924
8400,2025-01-27,SH.ZB_600120,浙江东方,多元金融,-2.8451917
8401,2025-01-27,SZ.ZB_002723,小崧股份,家电行业,-2.845367
8402,2025-01-27,SH.ZB_600629,华建集团,工程咨询服务,-2.8455977
8403,2025-01-24,SH.KC_300749,顶固集创,装修建材,-2.8456008
8404,2025-01-27,SH.KC_688498,源杰科技,半导体,-2.8460212
8405,2025-01-24,SZ.ZB_002028,思源电气,电网设备,-2.8463972
8406,2025-01-27,SH.KC_300968,格林精密,消费电子,-2.8467464
8407,2025-01-24,SH.KC_688278,特宝生物,生物制品,-2.8470025
8408,2025-01-24,SH.KC_300633,开立医疗,医疗器械,-2.8473039
8409,2025-01-27,SZ.ZB_000952,广济药业,化学制药,-2.8474267
8410,2025-01-27,SH.KC_688679,通源环境,环保行业,-2.8484237
8411,2025-01-24,SZ.ZB_002353,杰瑞股份,专用设备,-2.8484979
8412,2025-01-24,SH.KC_300767,震安科技,橡胶制品,-2.8485138
8413,2025-01-27,SZ.ZB_000096,广聚能源,石油行业,-2.8486946
8414,2025-01-27,SH.ZB_603533,掌阅科技,文化传媒,-2.8490524
8415,2025-01-27,SH.KC_688052,纳芯微,半导体,-2.8493476
8416,2025-01-27,SH.KC_688361,中科飞测,半导体,-2.8503423
8417,2025-01-24,SH.KC_688232,新点软件,软件开发,-2.8511765
8418,2025-01-24,SH.KC_300499,高澜股份,专用设备,-2.8512876
8419,2025-01-27,SZ.ZB_002559,亚威股份,通用设备,-2.8517148
8420,2025-01-27,SH.KC_688179,阿拉丁,化学制品,-2.8519018
8421,2025-01-27,SH.KC_688659,元琛科技,环保行业,-2.8519773
8422,2025-01-24,SH.ZB_600173,卧龙地产,房地产开发,-2.852506
8423,2025-01-24,SH.ZB_600694,大商股份,商业百货,-2.8528512
8424,2025-01-27,SH.ZB_603360,百傲化学,农药兽药,-2.8531842
8425,2025-01-27,SH.KC_688051,佳华科技,互联网服务,-2.8532283
8426,2025-01-27,SZ.ZB_002825,纳尔股份,塑料制品,-2.8535829
8427,2025-01-27,SH.ZB_600268,国电南自,电网设备,-2.8540046
8428,2025-01-24,SH.KC_300816,艾可蓝,汽车零部件,-2.854113
8429,2025-01-27,SZ.ZB_002599,盛通股份,包装材料,-2.8545873
8430,2025-01-27,SH.KC_300711,广哈通信,通信设备,-2.8551543
8431,2025-01-24,SH.KC_300938,信测标准,专业服务,-2.8554158
8432,2025-01-24,SH.KC_688617,惠泰医疗,医疗器械,-2.8554242
8433,2025-01-24,SZ.ZB_000938,紫光股份,互联网服务,-2.8555956
8434,2025-01-27,SZ.ZB_002760,凤形股份,通用设备,-2.8557875
8435,2025-01-24,SZ.ZB_002282,博深股份,通用设备,-2.8559554
8436,2025-01-27,SH.KC_301279,金道科技,通用设备,-2.8580632
8437,2025-01-27,SZ.ZB_002797,第一创业,证券,-2.8592935
8438,2025-01-24,SH.KC_688506,百利天恒-U,生物制品,-2.860061
8439,2025-01-27,SH.ZB_603918,金桥信息,互联网服务,-2.8621814
8440,2025-01-24,SZ.ZB_000678,襄阳轴承,汽车零部件,-2.8626356
8441,2025-01-27,SZ.ZB_002931,锋龙股份,通用设备,-2.8635166
8442,2025-01-27,SZ.ZB_002282,博深股份,通用设备,-2.8635576
8443,2025-01-27,SZ.ZB_002488,金固股份,汽车零部件,-2.864512
8444,2025-01-27,SH.KC_300339,润和软件,软件开发,-2.8647487
8445,2025-01-27,SH.ZB_600769,祥龙电业,工程建设,-2.8647962
8446,2025-01-27,SH.KC_300906,日月明,交运设备,-2.8649032
8447,2025-01-27,SZ.ZB_002139,拓邦股份,消费电子,-2.8660848
8448,2025-01-27,SH.KC_301510,固高科技,仪器仪表,-2.8661063
8449,2025-01-24,SH.ZB_603629,利通电子,消费电子,-2.8669577
8450,2025-01-27,SH.KC_301391,卡莱特,计算机设备,-2.8675365
8451,2025-01-24,SH.KC_300758,七彩化学,化学制品,-2.8677146
8452,2025-01-27,SH.KC_300264,佳创视讯,互联网服务,-2.8682203
8453,2025-01-24,SH.KC_300590,移为通信,通信设备,-2.868404
8454,2025-01-27,SH.ZB_603836,海程邦达,物流行业,-2.8687546
8455,2025-01-27,SH.ZB_603583,捷昌驱动,专用设备,-2.8692846
8456,2025-01-24,SH.KC_300148,天舟文化,游戏,-2.869476
8457,2025-01-24,SH.ZB_603270,金帝股份,通用设备,-2.8700755
8458,2025-01-24,SZ.ZB_000795,英洛华,小金属,-2.87008
8459,2025-01-24,SH.KC_300645,正元智慧,互联网服务,-2.870508
8460,2025-01-27,SH.ZB_600506,统一股份,石油行业,-2.872011
8461,2025-01-24,SH.KC_301377,鼎泰高科,通用设备,-2.8722467
8462,2025-01-27,SZ.ZB_002916,深南电路,电子元件,-2.872303
8463,2025-01-24,SH.KC_688161,威高骨科,医疗器械,-2.8723073
8464,2025-01-24,SH.KC_301209,联合化学,化学原料,-2.8723683
8465,2025-01-27,SH.ZB_603171,税友股份,互联网服务,-2.8730547
8466,2025-01-24,SH.KC_688265,南模生物,生物制品,-2.873074
8467,2025-01-27,SH.KC_300084,海默科技,采掘行业,-2.873645
8468,2025-01-27,SH.KC_300559,佳发教育,软件开发,-2.8743649
8469,2025-01-27,SZ.ZB_002046,国机精工,通用设备,-2.8746545
8470,2025-01-27,SZ.ZB_002972,科安达,交运设备,-2.8748436
8471,2025-01-24,SZ.ZB_002397,梦洁股份,纺织服装,-2.8749952
8472,2025-01-24,SH.ZB_603012,创力集团,专用设备,-2.875043
8473,2025-01-27,SH.KC_301419,阿莱德,通信设备,-2.8753247
8474,2025-01-27,SH.KC_300940,南极光,光学光电子,-2.875962
8475,2025-01-27,SH.KC_688004,博汇科技,互联网服务,-2.8761039
8476,2025-01-24,SH.KC_688045,必易微,半导体,-2.8772888
8477,2025-01-27,SH.ZB_603416,信捷电气,专用设备,-2.8777866
8478,2025-01-27,SH.ZB_603777,来伊份,食品饮料,-2.8779678
8479,2025-01-24,SZ.ZB_000988,华工科技,电子元件,-2.8784442
8480,2025-01-27,SH.KC_300287,飞利信,互联网服务,-2.8790936
8481,2025-01-27,SZ.ZB_001330,博纳影业,文化传媒,-2.8811352
8482,2025-01-24,SH.KC_688610,埃科光电,仪器仪表,-2.8814797
8483,2025-01-24,SH.ZB_600845,宝信软件,互联网服务,-2.8828046
8484,2025-01-27,SH.ZB_601900,南方传媒,文化传媒,-2.8834848
8485,2025-01-24,SZ.ZB_002926,华西证券,证券,-2.8844695
8486,2025-01-24,SH.KC_300255,常山药业,化学制药,-2.8846397
8487,2025-01-24,SZ.ZB_002390,信邦制药,中药,-2.8859484
8488,2025-01-24,SH.KC_301102,兆讯传媒,文化传媒,-2.8860402
8489,2025-01-27,SZ.ZB_002355,兴民智通,汽车零部件,-2.886088
8490,2025-01-27,SH.KC_688196,卓越新能,化学制品,-2.886692
8491,2025-01-27,SH.KC_301160,翔楼新材,汽车零部件,-2.8871164
8492,2025-01-24,SH.ZB_600543,莫高股份,酿酒行业,-2.8873022
8493,2025-01-27,SH.KC_301123,奕东电子,消费电子,-2.8888934
8494,2025-01-27,SZ.ZB_002596,海南瑞泽,水泥建材,-2.8893483
8495,2025-01-27,SH.KC_300757,罗博特科,专用设备,-2.8894095
8496,2025-01-24,SH.KC_300733,西菱动力,汽车零部件,-2.889821
8497,2025-01-27,SH.ZB_605300,佳禾食品,食品饮料,-2.8899367
8498,2025-01-27,SH.KC_300353,东土科技,通信设备,-2.8918338
8499,2025-01-24,SZ.ZB_001339,智微智能,计算机设备,-2.8921604
8500,2025-01-27,SZ.ZB_002921,联诚精密,汽车零部件,-2.893387
8501,2025-01-27,SH.KC_300539,横河精密,塑料制品,-2.8934553
8502,2025-01-24,SH.KC_301227,森鹰窗业,装修建材,-2.893577
8503,2025-01-24,SH.KC_300150,世纪瑞尔,互联网服务,-2.8952084
8504,2025-01-27,SH.KC_300988,津荣天宇,通用设备,-2.8957767
8505,2025-01-27,SH.ZB_600071,凤凰光学,光学光电子,-2.8957891
8506,2025-01-27,SH.KC_301486,致尚科技,消费电子,-2.8958373
8507,2025-01-27,SH.ZB_603717,天域生物,农牧饲渔,-2.896743
8508,2025-01-24,SZ.ZB_002899,英派斯,家用轻工,-2.897105
8509,2025-01-24,SH.KC_300792,壹网壹创,互联网服务,-2.89721
8510,2025-01-27,SH.KC_688251,井松智能,通用设备,-2.8974373
8511,2025-01-24,SH.ZB_605589,圣泉集团,化学制品,-2.8978765
8512,2025-01-24,SH.ZB_600803,新奥股份,燃气,-2.8986561
8513,2025-01-24,SH.KC_300343,联创股份,化学制品,-2.8988416
8514,2025-01-27,SH.KC_300449,汉邦高科,计算机设备,-2.899315
8515,2025-01-24,SH.ZB_600506,统一股份,石油行业,-2.9013805
8516,2025-01-24,SH.KC_300860,锋尚文化,文化传媒,-2.901552
8517,2025-01-27,SH.KC_300777,中简科技,化纤行业,-2.9016602
8518,2025-01-24,SZ.ZB_002209,达 意 隆,专用设备,-2.902146
8519,2025-01-27,SH.ZB_600973,宝胜股份,电网设备,-2.9021893
8520,2025-01-24,SH.KC_300947,德必集团,专业服务,-2.9025164
8521,2025-01-24,SH.ZB_603061,金海通,半导体,-2.9029655
8522,2025-01-27,SZ.ZB_002134,天津普林,电子元件,-2.903633
8523,2025-01-24,SH.KC_688361,中科飞测,半导体,-2.903902
8524,2025-01-27,SH.ZB_603737,三棵树,装修建材,-2.9039729
8525,2025-01-24,SH.KC_688331,荣昌生物,生物制品,-2.904335
8526,2025-01-24,SH.KC_688597,煜邦电力,电网设备,-2.904489
8527,2025-01-24,SZ.ZB_002517,恺英网络,游戏,-2.9048948
8528,2025-01-27,SH.ZB_603585,苏利股份,农药兽药,-2.905181
8529,2025-01-24,SH.ZB_600588,用友网络,软件开发,-2.9062774
8530,2025-01-27,SH.ZB_600707,彩虹股份,光学光电子,-2.906372
8531,2025-01-24,SH.KC_300701,森霸传感,光学光电子,-2.9067266
8532,2025-01-27,SH.KC_300852,四会富仕,电子元件,-2.9067385
8533,2025-01-27,SH.KC_688097,博众精工,专用设备,-2.9077463
8534,2025-01-27,SH.ZB_603319,湘油泵,汽车零部件,-2.9081616
8535,2025-01-27,SH.KC_300352,北信源,软件开发,-2.9089785
8536,2025-01-24,SZ.ZB_002273,水晶光电,光学光电子,-2.9090297
8537,2025-01-24,SZ.ZB_001324,长青科技,交运设备,-2.910896
8538,2025-01-24,SH.KC_300081,恒信东方,通信服务,-2.9109159
8539,2025-01-27,SH.KC_688067,爱威科技,医疗器械,-2.912893
8540,2025-01-27,SH.KC_300002,神州泰岳,游戏,-2.9133036
8541,2025-01-27,SH.KC_300947,德必集团,专业服务,-2.9136367
8542,2025-01-24,SZ.ZB_002546,新联电子,电网设备,-2.9147816
8543,2025-01-27,SH.KC_301611,珂玛科技,非金属材料,-2.9152896
8544,2025-01-24,SZ.ZB_002072,凯瑞德,贸易行业,-2.9169075
8545,2025-01-27,SZ.ZB_002919,名臣健康,游戏,-2.91701
8546,2025-01-27,SH.KC_300557,理工光科,仪器仪表,-2.9176831
8547,2025-01-24,SH.KC_688520,神州细胞-U,生物制品,-2.9177098
8548,2025-01-27,SH.KC_300421,力星股份,通用设备,-2.9178092
8549,2025-01-27,SH.ZB_603709,中源家居,装修建材,-2.919123
8550,2025-01-27,SH.ZB_603012,创力集团,专用设备,-2.9194973
8551,2025-01-27,SH.KC_300509,新美星,专用设备,-2.9195101
8552,2025-01-27,SH.ZB_600858,银座股份,商业百货,-2.9208138
8553,2025-01-24,SH.ZB_603890,春秋电子,消费电子,-2.9212127
8554,2025-01-27,SH.KC_301068,大地海洋,环保行业,-2.9212322
8555,2025-01-24,SH.KC_300035,中科电气,非金属材料,-2.9221914
8556,2025-01-24,SH.KC_300235,方直科技,软件开发,-2.9226553
8557,2025-01-27,SH.KC_300810,中科海讯,软件开发,-2.9236326
8558,2025-01-27,SH.KC_300727,润禾材料,化学制品,-2.9246967
8559,2025-01-24,SH.ZB_603707,健友股份,化学制药,-2.925076
8560,2025-01-27,SH.KC_301021,英诺激光,电子元件,-2.9262433
8561,2025-01-27,SH.KC_300672,国科微,半导体,-2.9264088
8562,2025-01-24,SH.KC_300721,怡达股份,化学制品,-2.9275763
8563,2025-01-27,SH.KC_300344,立方数科,软件开发,-2.927672
8564,2025-01-24,SH.ZB_603018,华设集团,工程咨询服务,-2.9277358
8565,2025-01-24,SH.KC_301051,信濠光电,玻璃玻纤,-2.9278607
8566,2025-01-27,SH.KC_688582,芯动联科,电子元件,-2.9281445
8567,2025-01-27,SH.KC_300553,集智股份,仪器仪表,-2.929578
8568,2025-01-27,SZ.ZB_002681,奋达科技,消费电子,-2.930067
8569,2025-01-24,SZ.ZB_002137,实益达,电子元件,-2.931263
8570,2025-01-27,SH.KC_301101,明月镜片,家用轻工,-2.9317365
8571,2025-01-27,SH.KC_688326,经纬恒润-W,汽车零部件,-2.9318702
8572,2025-01-24,SZ.ZB_002497,雅化集团,化学制品,-2.9320574
8573,2025-01-27,SH.KC_688110,东芯股份,半导体,-2.9323728
8574,2025-01-24,SH.KC_300459,汤姆猫,游戏,-2.9329176
8575,2025-01-27,SH.KC_300148,天舟文化,游戏,-2.9332905
8576,2025-01-27,SH.KC_300602,飞荣达,消费电子,-2.93372
8577,2025-01-27,SH.ZB_603810,丰山集团,农药兽药,-2.9338584
8578,2025-01-24,SZ.ZB_002212,天融信,软件开发,-2.9352412
8579,2025-01-24,SH.ZB_603259,药明康德,医疗服务,-2.935781
8580,2025-01-24,SH.ZB_603341,龙旗科技,消费电子,-2.936507
8581,2025-01-27,SH.KC_300235,方直科技,软件开发,-2.936876
8582,2025-01-27,SZ.ZB_002791,坚朗五金,装修建材,-2.9379115
8583,2025-01-27,SH.KC_301130,西点药业,化学制药,-2.9391363
8584,2025-01-27,SH.KC_300756,金马游乐,旅游酒店,-2.9391847
8585,2025-01-27,SH.KC_300657,弘信电子,电子元件,-2.9396434
8586,2025-01-24,SZ.ZB_002707,众信旅游,旅游酒店,-2.9399564
8587,2025-01-27,SH.ZB_601138,工业富联,消费电子,-2.942314
8588,2025-01-27,SH.KC_300436,广生堂,化学制药,-2.9424105
8589,2025-01-24,SH.KC_688525,佰维存储,半导体,-2.9431458
8590,2025-01-24,SH.ZB_603687,大胜达,包装材料,-2.9431846
8591,2025-01-27,SH.KC_688028,沃尔德,通用设备,-2.9452302
8592,2025-01-27,SH.KC_688249,晶合集成,半导体,-2.94533
8593,2025-01-27,SZ.ZB_002103,广博股份,家用轻工,-2.9454668
8594,2025-01-27,SZ.ZB_002495,佳隆股份,食品饮料,-2.945582
8595,2025-01-24,SZ.ZB_000759,中百集团,商业百货,-2.9479964
8596,2025-01-24,SH.ZB_600592,龙溪股份,通用设备,-2.9482808
8597,2025-01-24,SZ.ZB_000655,金岭矿业,钢铁行业,-2.9487462
8598,2025-01-27,SH.ZB_603707,健友股份,化学制药,-2.950298
8599,2025-01-24,SH.KC_300756,金马游乐,旅游酒店,-2.9509835
8600,2025-01-24,SH.KC_688221,前沿生物-U,化学制药,-2.9517322
8601,2025-01-24,SH.ZB_605020,永和股份,化学制品,-2.952618
8602,2025-01-24,SH.ZB_603089,正裕工业,汽车零部件,-2.9529707
8603,2025-01-27,SH.KC_300753,爱朋医疗,医疗器械,-2.9542792
8604,2025-01-27,SH.ZB_600847,万里股份,电池,-2.954555
8605,2025-01-24,SH.ZB_601595,上海电影,文化传媒,-2.9546995
8606,2025-01-27,SZ.ZB_002348,高乐股份,家用轻工,-2.9547772
8607,2025-01-24,SH.KC_300976,达瑞电子,消费电子,-2.9554935
8608,2025-01-27,SH.KC_688619,罗普特,互联网服务,-2.9555175
8609,2025-01-27,SH.ZB_600520,文一科技,专用设备,-2.9564261
8610,2025-01-27,SH.ZB_600149,廊坊发展,电力行业,-2.956734
8611,2025-01-27,SH.KC_300850,新强联,风电设备,-2.9594808
8612,2025-01-24,SH.KC_688565,力源科技,环保行业,-2.959915
8613,2025-01-24,SH.KC_301101,明月镜片,家用轻工,-2.960815
8614,2025-01-24,SZ.ZB_002922,伊戈尔,电子元件,-2.961005
8615,2025-01-24,SH.KC_300454,深信服,软件开发,-2.96103
8616,2025-01-27,SH.KC_688152,麒麟信安,软件开发,-2.961227
8617,2025-01-27,SZ.ZB_002583,海能达,通信设备,-2.9614778
8618,2025-01-27,SH.ZB_603887,城地香江,互联网服务,-2.9615512
8619,2025-01-27,SH.KC_688382,益方生物-U,生物制品,-2.961648
8620,2025-01-24,SH.ZB_603719,良品铺子,食品饮料,-2.9623594
8621,2025-01-24,SH.KC_688131,皓元医药,化学制药,-2.963486
8622,2025-01-27,SZ.ZB_000679,大连友谊,商业百货,-2.9641206
8623,2025-01-24,SZ.ZB_002897,意华股份,光伏设备,-2.9641428
8624,2025-01-27,SZ.ZB_000795,英洛华,小金属,-2.9645097
8625,2025-01-24,SH.ZB_603081,大丰实业,专用设备,-2.9646614
8626,2025-01-27,SZ.ZB_002188,中天服务,房地产服务,-2.9647005
8627,2025-01-27,SZ.ZB_002472,双环传动,汽车零部件,-2.9655483
8628,2025-01-27,SH.ZB_605060,联德股份,通用设备,-2.9658449
8629,2025-01-24,SH.KC_301061,匠心家居,家电行业,-2.9660587
8630,2025-01-24,SH.KC_688292,浩瀚深度,互联网服务,-2.9663913
8631,2025-01-27,SH.ZB_603800,洪田股份,专用设备,-2.9667714
8632,2025-01-27,SH.ZB_603758,秦安股份,汽车零部件,-2.9670198
8633,2025-01-24,SH.KC_300002,神州泰岳,游戏,-2.9673615
8634,2025-01-24,SZ.ZB_002578,闽发铝业,有色金属,-2.9684534
8635,2025-01-27,SZ.ZB_000668,荣丰控股,房地产开发,-2.969245
8636,2025-01-24,SH.KC_688416,恒烁股份,半导体,-2.9696681
8637,2025-01-27,SZ.ZB_002878,元隆雅图,文化传媒,-2.970062
8638,2025-01-24,SH.ZB_603319,湘油泵,汽车零部件,-2.9710155
8639,2025-01-27,SH.ZB_603176,汇通集团,工程建设,-2.9727085
8640,2025-01-24,SH.KC_300203,聚光科技,环保行业,-2.9729972
8641,2025-01-27,SH.KC_301596,瑞迪智驱,通用设备,-2.9744737
8642,2025-01-24,SH.ZB_605319,无锡振华,汽车零部件,-2.974665
8643,2025-01-24,SH.KC_300517,海波重科,工程建设,-2.9758759
8644,2025-01-27,SH.KC_301209,联合化学,化学原料,-2.9776015
8645,2025-01-27,SH.ZB_603018,华设集团,工程咨询服务,-2.9778147
8646,2025-01-24,SH.ZB_600491,龙元建设,工程建设,-2.9778965
8647,2025-01-27,SH.KC_688099,晶晨股份,半导体,-2.978088
8648,2025-01-24,SH.ZB_600226,亨通股份,农药兽药,-2.9794993
8649,2025-01-27,SH.KC_301227,森鹰窗业,装修建材,-2.9796183
8650,2025-01-24,SZ.ZB_002799,环球印务,包装材料,-2.9801059
8651,2025-01-24,SH.KC_688619,罗普特,互联网服务,-2.9811409
8652,2025-01-24,SZ.ZB_002915,中欣氟材,化学制品,-2.9816053
8653,2025-01-24,SH.KC_300926,博俊科技,汽车零部件,-2.9817555
8654,2025-01-27,SH.ZB_600114,东睦股份,通用设备,-2.9820662
8655,2025-01-24,SH.KC_301596,瑞迪智驱,通用设备,-2.9822338
8656,2025-01-24,SH.KC_301323,新莱福,塑料制品,-2.9835935
8657,2025-01-27,SH.KC_301302,华如科技,软件开发,-2.9837868
8658,2025-01-27,SZ.ZB_000063,中兴通讯,通信设备,-2.9855354
8659,2025-01-27,SH.KC_301328,维峰电子,电子元件,-2.9871485
8660,2025-01-27,SZ.ZB_001339,智微智能,计算机设备,-2.9886947
8661,2025-01-27,SH.KC_300522,世名科技,化学制品,-2.989182
8662,2025-01-24,SH.KC_301159,三维天地,软件开发,-2.9896986
8663,2025-01-27,SH.KC_300517,海波重科,工程建设,-2.9899669
8664,2025-01-27,SH.ZB_603656,泰禾智能,专用设备,-2.9900439
8665,2025-01-27,SH.KC_300515,三德科技,仪器仪表,-2.9906173
8666,2025-01-24,SZ.ZB_000952,广济药业,化学制药,-2.9907198
8667,2025-01-24,SZ.ZB_002747,埃斯顿,通用设备,-2.99136
8668,2025-01-24,SZ.ZB_002698,博实股份,专用设备,-2.992585
8669,2025-01-27,SH.ZB_603686,福龙马,环保行业,-2.9932709
8670,2025-01-27,SH.KC_688565,力源科技,环保行业,-2.9934373
8671,2025-01-24,SH.KC_300308,中际旭创,通信设备,-2.9939387
8672,2025-01-27,SH.KC_300837,浙矿股份,专用设备,-2.9944987
8673,2025-01-27,SH.ZB_600184,光电股份,专用设备,-2.9945233
8674,2025-01-27,SH.KC_688525,佰维存储,半导体,-2.9958167
8675,2025-01-27,SH.ZB_600539,狮头股份,环保行业,-2.9976516
8676,2025-01-24,SH.KC_300674,宇信科技,互联网服务,-2.9979403
8677,2025-01-10,SH.KC_688073,毕得医药,生物制品,-2.9984884
8678,2025-01-24,SH.KC_688325,赛微微电,半导体,-2.9988759
8679,2025-01-24,SH.KC_300509,新美星,专用设备,-2.9993973
8680,2025-01-24,SH.ZB_603912,佳力图,专用设备,-2.999648
8681,2025-01-27,SZ.ZB_002915,中欣氟材,化学制品,-2.9997497
8682,2025-01-24,SZ.ZB_002196,方正电机,电机,-3.0002375
8683,2025-01-27,SH.KC_300242,佳云科技,文化传媒,-3.0004454
8684,2025-01-24,SH.KC_688231,隆达股份,有色金属,-3.0005789
8685,2025-01-27,SH.KC_688777,中控技术,软件开发,-3.0019846
8686,2025-01-27,SH.KC_300758,七彩化学,化学制品,-3.003654
8687,2025-01-27,SH.ZB_603270,金帝股份,通用设备,-3.0038793
8688,2025-01-24,SH.KC_300620,光库科技,通信设备,-3.004151
8689,2025-01-27,SH.ZB_603031,安孚科技,电池,-3.0046709
8690,2025-01-27,SH.KC_300329,海伦钢琴,家用轻工,-3.0064313
8691,2025-01-27,SZ.ZB_002209,达 意 隆,专用设备,-3.006584
8692,2025-01-27,SH.KC_300384,三联虹普,专业服务,-3.0071974
8693,2025-01-27,SZ.ZB_002886,沃特股份,塑料制品,-3.0074046
8694,2025-01-24,SH.KC_688251,井松智能,通用设备,-3.0084558
8695,2025-01-24,SZ.ZB_002046,国机精工,通用设备,-3.0091434
8696,2025-01-27,SZ.ZB_002526,山东矿机,专用设备,-3.0096676
8697,2025-01-27,SH.KC_688235,百济神州-U,生物制品,-3.0103345
8698,2025-01-24,SZ.ZB_001283,豪鹏科技,电池,-3.010482
8699,2025-01-27,SH.KC_300579,数字认证,软件开发,-3.011026
8700,2025-01-24,SH.ZB_600363,联创光电,光学光电子,-3.0115047
8701,2025-01-24,SH.ZB_603138,海量数据,软件开发,-3.0116003
8702,2025-01-24,SZ.ZB_002757,南兴股份,专用设备,-3.0119543
8703,2025-01-27,SH.KC_688058,宝兰德,软件开发,-3.0121212
8704,2025-01-24,SH.ZB_605180,华生科技,纺织服装,-3.0135124
8705,2025-01-24,SH.ZB_600986,浙文互联,文化传媒,-3.0143478
8706,2025-01-24,SH.KC_688036,传音控股,消费电子,-3.0144382
8707,2025-01-27,SH.KC_688213,思特威-W,半导体,-3.0147564
8708,2025-01-27,SH.KC_688318,财富趋势,软件开发,-3.0155578
8709,2025-01-27,SZ.ZB_000815,美利云,造纸印刷,-3.0163975
8710,2025-01-27,SH.KC_688323,瑞华泰,塑料制品,-3.0172906
8711,2025-01-24,SH.KC_300033,同花顺,软件开发,-3.0197878
8712,2025-01-27,SH.KC_688158,优刻得-W,互联网服务,-3.0208807
8713,2025-01-24,SH.KC_300814,中富电路,电子元件,-3.0209513
8714,2025-01-24,SZ.ZB_002972,科安达,交运设备,-3.02246
8715,2025-01-27,SZ.ZB_000720,新能泰山,电网设备,-3.0241604
8716,2025-01-27,SZ.ZB_000665,湖北广电,文化传媒,-3.024301
8717,2025-01-24,SH.KC_300233,金城医药,化学制药,-3.0255847
8718,2025-01-24,SZ.ZB_002886,沃特股份,塑料制品,-3.0261598
8719,2025-01-24,SH.ZB_603617,君禾股份,通用设备,-3.026177
8720,2025-01-27,SZ.ZB_002150,通润装备,通用设备,-3.0264168
8721,2025-01-27,SH.ZB_603766,隆鑫通用,交运设备,-3.0265975
8722,2025-01-24,SZ.ZB_002975,博杰股份,专用设备,-3.0266457
8723,2025-01-27,SH.ZB_603995,甬金股份,钢铁行业,-3.0267565
8724,2025-01-24,SH.ZB_600558,大西洋,通用设备,-3.0272696
8725,2025-01-24,SH.KC_301318,维海德,消费电子,-3.0286484
8726,2025-01-27,SH.KC_688200,华峰测控,半导体,-3.028958
8727,2025-01-24,SH.ZB_603709,中源家居,装修建材,-3.0292206
8728,2025-01-24,SH.KC_300056,中创环保,环保行业,-3.029894
8729,2025-01-24,SH.ZB_601702,华峰铝业,有色金属,-3.0304122
8730,2025-01-24,SH.KC_301606,绿联科技,消费电子,-3.034054
8731,2025-01-27,SH.KC_300889,爱克股份,光学光电子,-3.0345795
8732,2025-01-24,SH.KC_688291,金橙子,软件开发,-3.0352788
8733,2025-01-27,SH.ZB_603135,中重科技,专用设备,-3.0370748
8734,2025-01-27,SH.ZB_603079,圣达生物,化学制品,-3.0378716
8735,2025-01-27,SH.KC_688571,杭华股份,化学制品,-3.040454
8736,2025-01-27,SH.KC_688776,国光电气,电子元件,-3.0406828
8737,2025-01-27,SZ.ZB_002279,久其软件,软件开发,-3.04169
8738,2025-01-27,SZ.ZB_002580,圣阳股份,电池,-3.0418835
8739,2025-01-27,SH.KC_300289,利德曼,医疗器械,-3.0421462
8740,2025-01-27,SH.KC_300432,富临精工,汽车零部件,-3.0423758
8741,2025-01-24,SH.ZB_603887,城地香江,互联网服务,-3.0451021
8742,2025-01-27,SZ.ZB_000887,中鼎股份,汽车零部件,-3.0470572
8743,2025-01-27,SH.KC_688416,恒烁股份,半导体,-3.0470796
8744,2025-01-24,SH.ZB_600692,亚通股份,房地产开发,-3.0473619
8745,2025-01-24,SH.KC_300603,立昂技术,通信服务,-3.0479097
8746,2025-01-24,SH.KC_688191,智洋创新,电网设备,-3.0485506
8747,2025-01-27,SH.KC_688798,艾为电子,半导体,-3.0486026
8748,2025-01-27,SH.KC_300969,恒帅股份,汽车零部件,-3.0488462
8749,2025-01-27,SH.KC_300182,捷成股份,文化传媒,-3.049335
8750,2025-01-24,SH.KC_688195,腾景科技,光学光电子,-3.0494533
8751,2025-01-27,SH.KC_688767,博拓生物,医疗器械,-3.0514991
8752,2025-01-27,SH.ZB_603118,共进股份,通信设备,-3.0523918
8753,2025-01-24,SZ.ZB_002801,微光股份,电机,-3.05387
8754,2025-01-24,SH.KC_300182,捷成股份,文化传媒,-3.0549982
8755,2025-01-27,SH.ZB_605389,长龄液压,工程机械,-3.0551145
8756,2025-01-27,SH.KC_688083,中望软件,软件开发,-3.0579934
8757,2025-01-27,SZ.ZB_000526,学大教育,教育,-3.0580032
8758,2025-01-24,SH.ZB_601865,福莱特,光伏设备,-3.058278
8759,2025-01-27,SH.ZB_603306,华懋科技,汽车零部件,-3.059709
8760,2025-01-24,SZ.ZB_002630,华西能源,电源设备,-3.0599158
8761,2025-01-27,SZ.ZB_001206,依依股份,美容护理,-3.0609813
8762,2025-01-24,SH.KC_300612,宣亚国际,文化传媒,-3.061559
8763,2025-01-24,SZ.ZB_002575,群兴玩具,房地产服务,-3.061859
8764,2025-01-24,SH.KC_688388,嘉元科技,电池,-3.0619254
8765,2025-01-27,SH.KC_688065,凯赛生物,化学制品,-3.0619774
8766,2025-01-24,SZ.ZB_002717,岭南股份,环保行业,-3.0623996
8767,2025-01-24,SH.ZB_600114,东睦股份,通用设备,-3.0625823
8768,2025-01-24,SH.KC_300887,谱尼测试,专业服务,-3.0651364
8769,2025-01-27,SH.KC_688512,慧智微-U,半导体,-3.0651753
8770,2025-01-27,SZ.ZB_000530,冰山冷热,通用设备,-3.0655603
8771,2025-01-27,SZ.ZB_000938,紫光股份,互联网服务,-3.0661442
8772,2025-01-27,SH.ZB_600418,江淮汽车,汽车整车,-3.0664096
8773,2025-01-27,SH.KC_301326,捷邦科技,消费电子,-3.0675545
8774,2025-01-27,SZ.ZB_002830,名雕股份,装修装饰,-3.0677557
8775,2025-01-27,SH.KC_300609,汇纳科技,互联网服务,-3.0686815
8776,2025-01-24,SH.KC_688052,纳芯微,半导体,-3.0706058
8777,2025-01-24,SZ.ZB_002919,名臣健康,游戏,-3.070614
8778,2025-01-27,SH.KC_300792,壹网壹创,互联网服务,-3.0724883
8779,2025-01-27,SZ.ZB_000042,中洲控股,房地产开发,-3.0728037
8780,2025-01-27,SH.ZB_603228,景旺电子,电子元件,-3.0730257
8781,2025-01-27,SH.KC_300521,爱司凯,专用设备,-3.0737526
8782,2025-01-24,SH.ZB_603108,润达医疗,医疗服务,-3.0742419
8783,2025-01-27,SZ.ZB_000068,华控赛格,环保行业,-3.0745668
8784,2025-01-24,SH.KC_688777,中控技术,软件开发,-3.0756776
8785,2025-01-24,SH.ZB_605162,新中港,公用事业,-3.0766022
8786,2025-01-24,SH.KC_300063,天龙集团,文化传媒,-3.077979
8787,2025-01-24,SH.ZB_603083,剑桥科技,通信设备,-3.0811868
8788,2025-01-27,SH.KC_301456,盘古智能,风电设备,-3.0811958
8789,2025-01-27,SH.KC_300795,米奥会展,文化传媒,-3.0831017
8790,2025-01-24,SH.KC_301315,威士顿,软件开发,-3.0835853
8791,2025-01-27,SZ.ZB_002660,茂硕电源,消费电子,-3.0862029
8792,2025-01-27,SH.KC_300701,森霸传感,光学光电子,-3.0863833
8793,2025-01-24,SH.KC_688386,泛亚微透,塑料制品,-3.0866609
8794,2025-01-24,SH.KC_300379,东方通,软件开发,-3.087326
8795,2025-01-27,SH.KC_688195,腾景科技,光学光电子,-3.0877452
8796,2025-01-27,SH.ZB_603110,东方材料,化学制品,-3.08931
8797,2025-01-24,SZ.ZB_001211,双枪科技,家用轻工,-3.0900311
8798,2025-01-27,SH.ZB_603703,盛洋科技,光学光电子,-3.0903459
8799,2025-01-27,SH.KC_300684,中石科技,消费电子,-3.0909717
8800,2025-01-24,SH.KC_301280,珠城科技,电子元件,-3.0917969
8801,2025-01-27,SZ.ZB_002130,沃尔核材,非金属材料,-3.0923107
8802,2025-01-27,SH.KC_301011,华立科技,专用设备,-3.0924623
8803,2025-01-24,SH.KC_688573,信宇人,电池,-3.0929098
8804,2025-01-24,SH.KC_301429,森泰股份,装修建材,-3.093295
8805,2025-01-24,SH.KC_301025,读客文化,文化传媒,-3.093444
8806,2025-01-24,SH.ZB_600126,杭钢股份,钢铁行业,-3.093656
8807,2025-01-27,SH.ZB_600113,浙江东日,综合行业,-3.094718
8808,2025-01-27,SH.KC_300918,南山智尚,纺织服装,-3.0952892
8809,2025-01-27,SZ.ZB_002347,泰尔股份,通用设备,-3.095768
8810,2025-01-27,SH.ZB_603699,纽威股份,通用设备,-3.0965686
8811,2025-01-27,SH.KC_688768,容知日新,仪器仪表,-3.0966356
8812,2025-01-24,SH.ZB_603272,联翔股份,装修装饰,-3.0968091
8813,2025-01-27,SH.KC_301183,东田微,光学光电子,-3.0978541
8814,2025-01-27,SH.ZB_600545,卓郎智能,专用设备,-3.0978937
8815,2025-01-27,SH.ZB_600865,百大集团,商业百货,-3.0989337
8816,2025-01-24,SZ.ZB_000977,浪潮信息,计算机设备,-3.099655
8817,2025-01-24,SH.KC_688636,智明达,互联网服务,-3.1002574
8818,2025-01-27,SZ.ZB_002296,辉煌科技,通信设备,-3.1007218
8819,2025-01-27,SH.KC_301066,万事利,纺织服装,-3.1009703
8820,2025-01-24,SH.KC_300130,新国都,计算机设备,-3.103094
8821,2025-01-27,SH.KC_301187,欧圣电气,家电行业,-3.1032438
8822,2025-01-27,SH.ZB_605178,时空科技,装修装饰,-3.1033156
8823,2025-01-27,SH.ZB_603912,佳力图,专用设备,-3.1045704
8824,2025-01-24,SH.KC_688429,时创能源,光伏设备,-3.104731
8825,2025-01-24,SH.KC_688519,南亚新材,电子元件,-3.1053061
8826,2025-01-24,SH.ZB_603499,翔港科技,造纸印刷,-3.1056445
8827,2025-01-24,SH.KC_688004,博汇科技,互联网服务,-3.1058416
8828,2025-01-27,SH.KC_301025,读客文化,文化传媒,-3.1073775
8829,2025-01-27,SH.KC_688239,航宇科技,航天航空,-3.1093464
8830,2025-01-24,SH.ZB_600071,凤凰光学,光学光电子,-3.1094663
8831,2025-01-27,SH.KC_301606,绿联科技,消费电子,-3.1101751
8832,2025-01-24,SZ.ZB_002112,三变科技,电网设备,-3.1133707
8833,2025-01-24,SH.ZB_603533,掌阅科技,文化传媒,-3.115123
8834,2025-01-27,SZ.ZB_000833,粤桂股份,综合行业,-3.1152275
8835,2025-01-27,SH.KC_300386,飞天诚信,软件开发,-3.1175852
8836,2025-01-24,SH.KC_688508,芯朋微,半导体,-3.1178734
8837,2025-01-24,SH.ZB_600191,华资实业,农牧饲渔,-3.1185417
8838,2025-01-27,SH.KC_688244,永信至诚,软件开发,-3.1187155
8839,2025-01-24,SH.ZB_600745,闻泰科技,消费电子,-3.1189218
8840,2025-01-24,SH.KC_688798,艾为电子,半导体,-3.1199358
8841,2025-01-27,SZ.ZB_001211,双枪科技,家用轻工,-3.1203747
8842,2025-01-27,SH.KC_300846,首都在线,互联网服务,-3.120863
8843,2025-01-24,SZ.ZB_001319,铭科精技,汽车零部件,-3.1223304
8844,2025-01-27,SH.KC_300879,大叶股份,专用设备,-3.1225126
8845,2025-01-27,SH.ZB_605118,力鼎光电,光学光电子,-3.124288
8846,2025-01-27,SH.KC_688646,逸飞激光,专用设备,-3.124459
8847,2025-01-24,SH.KC_300817,双飞集团,通用设备,-3.1246452
8848,2025-01-24,SZ.ZB_002771,真视通,互联网服务,-3.1270022
8849,2025-01-24,SH.KC_300731,科创新源,橡胶制品,-3.1271548
8850,2025-01-24,SZ.ZB_002905,金逸影视,文化传媒,-3.127344
8851,2025-01-27,SH.KC_688662,富信科技,电子元件,-3.1284711
8852,2025-01-24,SZ.ZB_002396,星网锐捷,通信设备,-3.1286907
8853,2025-01-27,SZ.ZB_000419,通程控股,商业百货,-3.128758
8854,2025-01-24,SH.KC_688200,华峰测控,半导体,-3.1296055
8855,2025-01-24,SH.ZB_601137,博威合金,有色金属,-3.1310287
8856,2025-01-27,SH.KC_688109,品茗科技,软件开发,-3.1313055
8857,2025-01-27,SZ.ZB_002666,德联集团,化学制品,-3.1315782
8858,2025-01-24,SH.KC_300058,蓝色光标,文化传媒,-3.1356068
8859,2025-01-24,SZ.ZB_000586,汇源通信,通信设备,-3.1358771
8860,2025-01-24,SH.KC_688365,光云科技,互联网服务,-3.1361654
8861,2025-01-27,SH.KC_301239,普瑞眼科,医疗服务,-3.136485
8862,2025-01-27,SH.ZB_603600,永艺股份,装修建材,-3.1366746
8863,2025-01-27,SH.KC_300491,通合科技,电源设备,-3.1379733
8864,2025-01-27,SH.KC_300571,平治信息,通信服务,-3.1380274
8865,2025-01-27,SZ.ZB_000409,云鼎科技,互联网服务,-3.1407495
8866,2025-01-24,SH.KC_688571,杭华股份,化学制品,-3.1432774
8867,2025-01-24,SH.KC_301082,久盛电气,电网设备,-3.144563
8868,2025-01-27,SZ.ZB_002670,国盛金控,证券,-3.1446192
8869,2025-01-27,SZ.ZB_002835,同为股份,计算机设备,-3.146841
8870,2025-01-24,SH.KC_688692,达梦数据,软件开发,-3.1477082
8871,2025-01-27,SH.KC_300590,移为通信,通信设备,-3.1479049
8872,2025-01-27,SZ.ZB_000628,高新发展,工程建设,-3.147953
8873,2025-01-27,SH.KC_688521,芯原股份,半导体,-3.148282
8874,2025-01-24,SH.KC_688257,新锐股份,有色金属,-3.1482882
8875,2025-01-27,SH.ZB_601727,上海电气,电源设备,-3.149597
8876,2025-01-24,SH.ZB_605303,园林股份,工程建设,-3.1500983
8877,2025-01-24,SZ.ZB_002830,名雕股份,装修装饰,-3.1512861
8878,2025-01-27,SH.KC_301027,华蓝集团,工程咨询服务,-3.1517122
8879,2025-01-24,SH.KC_301052,果麦文化,文化传媒,-3.152061
8880,2025-01-24,SH.KC_301326,捷邦科技,消费电子,-3.1527333
8881,2025-01-24,SZ.ZB_002362,汉王科技,软件开发,-3.1532671
8882,2025-01-24,SH.ZB_600802,福建水泥,水泥建材,-3.1542044
8883,2025-01-27,SZ.ZB_000716,黑芝麻,食品饮料,-3.1542752
8884,2025-01-27,SH.KC_300290,荣科科技,互联网服务,-3.154417
8885,2025-01-24,SH.KC_688167,炬光科技,半导体,-3.1557064
8886,2025-01-27,SH.ZB_603530,神马电力,电网设备,-3.155748
8887,2025-01-27,SH.ZB_600215,派斯林,通用设备,-3.1558745
8888,2025-01-24,SH.ZB_605133,嵘泰股份,汽车零部件,-3.157182
8889,2025-01-27,SH.KC_301182,凯旺科技,消费电子,-3.1597004
8890,2025-01-24,SZ.ZB_002527,新时达,专用设备,-3.161947
8891,2025-01-24,SZ.ZB_002467,二六三,通信服务,-3.1624398
8892,2025-01-27,SH.ZB_600653,申华控股,汽车服务,-3.1626444
8893,2025-01-27,SH.KC_301085,亚康股份,互联网服务,-3.1642973
8894,2025-01-27,SH.KC_300556,丝路视觉,软件开发,-3.1644042
8895,2025-01-24,SZ.ZB_002483,润邦股份,专用设备,-3.1647913
8896,2025-01-27,SH.KC_300056,中创环保,环保行业,-3.1657577
8897,2025-01-24,SH.KC_688046,药康生物,生物制品,-3.1665227
8898,2025-01-24,SH.KC_300539,横河精密,塑料制品,-3.1666164
8899,2025-01-24,SH.KC_688215,瑞晟智能,专用设备,-3.1667776
8900,2025-01-24,SH.KC_301117,佳缘科技,软件开发,-3.167855
8901,2025-01-24,SH.ZB_600885,宏发股份,电网设备,-3.1681557
8902,2025-01-24,SH.ZB_603986,兆易创新,半导体,-3.1686966
8903,2025-01-24,SZ.ZB_002723,小崧股份,家电行业,-3.170122
8904,2025-01-24,SH.KC_301067,显盈科技,消费电子,-3.170907
8905,2025-01-27,SH.KC_300232,洲明科技,光学光电子,-3.1720698
8906,2025-01-27,SH.ZB_603716,塞力医疗,医药商业,-3.173309
8907,2025-01-27,SH.KC_300299,富春股份,游戏,-3.1738114
8908,2025-01-24,SH.ZB_603880,南卫股份,医疗器械,-3.1740944
8909,2025-01-24,SZ.ZB_001255,博菲电气,化学原料,-3.1773078
8910,2025-01-24,SH.KC_300906,日月明,交运设备,-3.1791732
8911,2025-01-27,SH.ZB_600398,海澜之家,纺织服装,-3.1801045
8912,2025-01-24,SH.ZB_603015,弘讯科技,专用设备,-3.1805997
8913,2025-01-24,SH.KC_301080,百普赛斯,医疗服务,-3.1831164
8914,2025-01-27,SH.KC_300343,联创股份,化学制品,-3.1839736
8915,2025-01-24,SH.KC_300577,开润股份,纺织服装,-3.184031
8916,2025-01-27,SH.KC_301036,双乐股份,化学制品,-3.1845217
8917,2025-01-24,SH.KC_300245,天玑科技,互联网服务,-3.1852782
8918,2025-01-27,SZ.ZB_000868,安凯客车,汽车整车,-3.185479
8919,2025-01-24,SZ.ZB_002670,国盛金控,证券,-3.185702
8920,2025-01-27,SH.ZB_600577,精达股份,电网设备,-3.185815
8921,2025-01-24,SH.KC_688382,益方生物-U,生物制品,-3.1858716
8922,2025-01-27,SH.KC_688186,广大特材,风电设备,-3.186814
8923,2025-01-27,SH.ZB_603191,望变电气,电网设备,-3.1869953
8924,2025-01-27,SH.KC_300990,同飞股份,通用设备,-3.187559
8925,2025-01-27,SH.ZB_603121,华培动力,汽车零部件,-3.1882715
8926,2025-01-27,SH.KC_688059,华锐精密,通用设备,-3.1888387
8927,2025-01-27,SH.KC_300765,新诺威,食品饮料,-3.1893275
8928,2025-01-27,SZ.ZB_000678,襄阳轴承,汽车零部件,-3.1904175
8929,2025-01-27,SH.KC_301291,明阳电气,电网设备,-3.1904292
8930,2025-01-27,SH.KC_300709,精研科技,消费电子,-3.1906922
8931,2025-01-24,SH.ZB_600398,海澜之家,纺织服装,-3.191152
8932,2025-01-24,SH.KC_688125,安达智能,专用设备,-3.1930223
8933,2025-01-24,SH.ZB_600418,江淮汽车,汽车整车,-3.193789
8934,2025-01-27,SZ.ZB_002912,中新赛克,互联网服务,-3.193821
8935,2025-01-24,SH.KC_688235,百济神州-U,生物制品,-3.1946585
8936,2025-01-24,SH.KC_301165,锐捷网络,通信设备,-3.195199
8937,2025-01-24,SH.ZB_600397,安源煤业,煤炭行业,-3.1957452
8938,2025-01-24,SH.KC_688059,华锐精密,通用设备,-3.1960237
8939,2025-01-24,SH.KC_688039,当虹科技,互联网服务,-3.1965814
8940,2025-01-24,SH.KC_688398,赛特新材,化学制品,-3.1967566
8941,2025-01-27,SH.ZB_600601,方正科技,电子元件,-3.1973019
8942,2025-01-24,SH.KC_301310,鑫宏业,电网设备,-3.19774
8943,2025-01-27,SH.KC_301004,嘉益股份,家用轻工,-3.19914
8944,2025-01-24,SH.KC_300657,弘信电子,电子元件,-3.2025034
8945,2025-01-24,SH.KC_300221,银禧科技,塑料制品,-3.202774
8946,2025-01-27,SH.KC_688003,天准科技,通用设备,-3.2052922
8947,2025-01-24,SH.KC_300991,创益通,电子元件,-3.2064579
8948,2025-01-24,SH.ZB_603155,新亚强,化学制品,-3.2067802
8949,2025-01-24,SZ.ZB_002929,润建股份,通信服务,-3.2072895
8950,2025-01-24,SH.KC_688028,沃尔德,通用设备,-3.209398
8951,2025-01-27,SZ.ZB_002536,飞龙股份,汽车零部件,-3.209532
8952,2025-01-24,SH.KC_688360,德马科技,通用设备,-3.21039
8953,2025-01-24,SH.ZB_603518,锦泓集团,纺织服装,-3.2110639
8954,2025-01-24,SZ.ZB_002354,天娱数科,互联网服务,-3.2125466
8955,2025-01-27,SH.ZB_600851,海欣股份,化学制药,-3.2127335
8956,2025-01-27,SH.ZB_605133,嵘泰股份,汽车零部件,-3.2128267
8957,2025-01-27,SH.ZB_601020,华钰矿业,有色金属,-3.2133713
8958,2025-01-27,SZ.ZB_003040,楚天龙,通信设备,-3.213767
8959,2025-01-27,SH.KC_301296,新巨丰,包装材料,-3.2140992
8960,2025-01-27,SH.KC_300991,创益通,电子元件,-3.215992
8961,2025-01-24,SZ.ZB_002649,博彦科技,互联网服务,-3.2164812
8962,2025-01-27,SH.KC_300986,志特新材,装修装饰,-3.2168555
8963,2025-01-24,SH.KC_300781,因赛集团,文化传媒,-3.2185686
8964,2025-01-27,SH.KC_300607,拓斯达,通用设备,-3.218589
8965,2025-01-24,SZ.ZB_000592,平潭发展,农牧饲渔,-3.2195802
8966,2025-01-27,SH.KC_688111,金山办公,软件开发,-3.2222562
8967,2025-01-24,SZ.ZB_000534,万泽股份,生物制品,-3.2223034
8968,2025-01-27,SH.KC_300866,安克创新,消费电子,-3.222616
8969,2025-01-27,SH.KC_300941,创识科技,互联网服务,-3.223658
8970,2025-01-24,SZ.ZB_002139,拓邦股份,消费电子,-3.223732
8971,2025-01-27,SH.ZB_603668,天马科技,农牧饲渔,-3.2242994
8972,2025-01-24,SH.ZB_603895,天永智能,专用设备,-3.2271147
8973,2025-01-27,SH.KC_301252,同星科技,通用设备,-3.227245
8974,2025-01-24,SH.KC_301498,乖宝宠物,农牧饲渔,-3.227359
8975,2025-01-24,SH.KC_301085,亚康股份,互联网服务,-3.2283583
8976,2025-01-27,SH.KC_688388,嘉元科技,电池,-3.2330618
8977,2025-01-24,SH.ZB_600560,金自天正,专用设备,-3.2331057
8978,2025-01-27,SZ.ZB_002865,钧达股份,光伏设备,-3.2331486
8979,2025-01-24,SH.KC_300467,迅游科技,游戏,-3.2340746
8980,2025-01-24,SH.ZB_600186,莲花控股,食品饮料,-3.2345505
8981,2025-01-24,SH.KC_301183,东田微,光学光电子,-3.2346287
8982,2025-01-24,SZ.ZB_002045,国光电器,消费电子,-3.2369711
8983,2025-01-27,SH.KC_301157,华塑科技,计算机设备,-3.238882
8984,2025-01-27,SH.KC_688529,豪森智能,专用设备,-3.2403827
8985,2025-01-27,SH.ZB_603269,海鸥股份,通用设备,-3.2411556
8986,2025-01-27,SH.ZB_600363,联创光电,光学光电子,-3.2411945
8987,2025-01-27,SZ.ZB_002553,南方精工,汽车零部件,-3.24223
8988,2025-01-27,SH.KC_688125,安达智能,专用设备,-3.2423496
8989,2025-01-24,SH.KC_300558,贝达药业,化学制药,-3.242813
8990,2025-01-24,SZ.ZB_002295,精艺股份,有色金属,-3.2431462
8991,2025-01-27,SH.ZB_603070,万控智造,电网设备,-3.2431598
8992,2025-01-24,SH.ZB_603118,共进股份,通信设备,-3.2459612
8993,2025-01-27,SH.KC_300479,神思电子,计算机设备,-3.2487202
8994,2025-01-27,SZ.ZB_002362,汉王科技,软件开发,-3.2499838
8995,2025-01-24,SH.KC_300192,科德教育,教育,-3.2505538
8996,2025-01-24,SH.KC_688065,凯赛生物,化学制品,-3.2507598
8997,2025-01-27,SH.KC_300533,冰川网络,游戏,-3.2528508
8998,2025-01-24,SH.KC_301558,三态股份,贸易行业,-3.2533302
8999,2025-01-27,SH.KC_300674,宇信科技,互联网服务,-3.2543766
9000,2025-01-24,SH.ZB_605179,一鸣食品,食品饮料,-3.2567575
9001,2025-01-27,SZ.ZB_002771,真视通,互联网服务,-3.259413
9002,2025-01-24,SH.ZB_600060,海信视像,家电行业,-3.2607977
9003,2025-01-27,SZ.ZB_002353,杰瑞股份,专用设备,-3.262814
9004,2025-01-27,SH.ZB_603617,君禾股份,通用设备,-3.2629027
9005,2025-01-27,SZ.ZB_002549,凯美特气,化学制品,-3.2662063
9006,2025-01-24,SZ.ZB_002993,奥海科技,消费电子,-3.2665763
9007,2025-01-27,SH.KC_688660,电气风电,风电设备,-3.2669573
9008,2025-01-24,SH.KC_301160,翔楼新材,汽车零部件,-3.267134
9009,2025-01-24,SZ.ZB_002279,久其软件,软件开发,-3.2673624
9010,2025-01-27,SH.KC_300814,中富电路,电子元件,-3.2680464
9011,2025-01-27,SH.KC_301600,慧翰股份,通信设备,-3.2733958
9012,2025-01-24,SZ.ZB_002916,深南电路,电子元件,-3.2751744
9013,2025-01-24,SZ.ZB_000887,中鼎股份,汽车零部件,-3.2778811
9014,2025-01-24,SH.KC_688522,纳睿雷达,计算机设备,-3.2799096
9015,2025-01-27,SH.ZB_600397,安源煤业,煤炭行业,-3.2801151
9016,2025-01-24,SZ.ZB_003010,若羽臣,互联网服务,-3.2813668
9017,2025-01-27,SZ.ZB_000632,三木集团,综合行业,-3.2821388
9018,2025-01-27,SH.KC_300252,金信诺,通信设备,-3.282345
9019,2025-01-24,SH.KC_300825,阿尔特,汽车服务,-3.2834277
9020,2025-01-27,SH.KC_688141,杰华特,半导体,-3.284453
9021,2025-01-27,SH.KC_688292,浩瀚深度,互联网服务,-3.2845736
9022,2025-01-27,SZ.ZB_002617,露笑科技,光伏设备,-3.2847743
9023,2025-01-27,SH.KC_301102,兆讯传媒,文化传媒,-3.286036
9024,2025-01-27,SH.ZB_600595,中孚实业,有色金属,-3.2870162
9025,2025-01-24,SH.KC_688316,青云科技-U,互联网服务,-3.289058
9026,2025-01-27,SH.KC_300805,电声股份,文化传媒,-3.291095
9027,2025-01-27,SZ.ZB_002403,爱仕达,家电行业,-3.2918289
9028,2025-01-24,SH.KC_300952,恒辉安防,纺织服装,-3.2920685
9029,2025-01-27,SH.KC_301213,观想科技,软件开发,-3.2928839
9030,2025-01-24,SH.ZB_603111,康尼机电,交运设备,-3.2942817
9031,2025-01-24,SH.ZB_603070,万控智造,电网设备,-3.2943347
9032,2025-01-27,SH.KC_688231,隆达股份,有色金属,-3.29436
9033,2025-01-24,SH.KC_300252,金信诺,通信设备,-3.296264
9034,2025-01-27,SH.ZB_603637,镇海股份,工程建设,-3.296833
9035,2025-01-27,SH.KC_300613,富瀚微,半导体,-3.2968369
9036,2025-01-24,SH.ZB_603686,福龙马,环保行业,-3.2979715
9037,2025-01-27,SZ.ZB_002989,中天精装,装修装饰,-3.298576
9038,2025-01-27,SZ.ZB_002175,东方智造,仪器仪表,-3.2989032
9039,2025-01-24,SZ.ZB_000913,钱江摩托,交运设备,-3.300068
9040,2025-01-24,SH.KC_301389,隆扬电子,电子元件,-3.301857
9041,2025-01-24,SH.KC_688058,宝兰德,软件开发,-3.3031
9042,2025-01-24,SZ.ZB_000676,智度股份,互联网服务,-3.3031385
9043,2025-01-24,SH.KC_301027,华蓝集团,工程咨询服务,-3.3036768
9044,2025-01-27,SH.KC_300435,中泰股份,燃气,-3.3042912
9045,2025-01-27,SZ.ZB_002892,科力尔,电机,-3.3045683
9046,2025-01-24,SZ.ZB_002851,麦格米特,电源设备,-3.3051367
9047,2025-01-24,SH.KC_300940,南极光,光学光电子,-3.3056307
9048,2025-01-27,SH.ZB_600693,东百集团,商业百货,-3.3067148
9049,2025-01-24,SH.KC_300232,洲明科技,光学光电子,-3.3067942
9050,2025-01-24,SH.KC_688358,祥生医疗,医疗器械,-3.3079772
9051,2025-01-24,SH.KC_688529,豪森智能,专用设备,-3.3083816
9052,2025-01-24,SH.KC_300559,佳发教育,软件开发,-3.3090122
9053,2025-01-24,SH.KC_688582,芯动联科,电子元件,-3.309017
9054,2025-01-27,SH.KC_688702,盛科通信-U,半导体,-3.309518
9055,2025-01-27,SZ.ZB_002899,英派斯,家用轻工,-3.3101864
9056,2025-01-24,SH.KC_688286,敏芯股份,半导体,-3.3109565
9057,2025-01-24,SH.KC_300684,中石科技,消费电子,-3.3125072
9058,2025-01-27,SH.KC_301550,斯菱股份,汽车零部件,-3.3128598
9059,2025-01-24,SH.KC_300222,科大智能,电网设备,-3.3140335
9060,2025-01-27,SZ.ZB_002527,新时达,专用设备,-3.3162844
9061,2025-01-24,SZ.ZB_002892,科力尔,电机,-3.318319
9062,2025-01-27,SH.ZB_600722,金牛化工,化学原料,-3.3184574
9063,2025-01-27,SH.KC_300809,华辰装备,通用设备,-3.318688
9064,2025-01-27,SH.KC_300808,久量股份,光学光电子,-3.3203716
9065,2025-01-27,SH.KC_300277,海联讯,互联网服务,-3.3208451
9066,2025-01-24,SH.KC_688196,卓越新能,化学制品,-3.3208616
9067,2025-01-27,SH.ZB_605186,健麾信息,医疗服务,-3.3218489
9068,2025-01-27,SH.KC_688138,清溢光电,半导体,-3.3237445
9069,2025-01-27,SH.KC_300063,天龙集团,文化传媒,-3.33016
9070,2025-01-27,SH.KC_301018,申菱环境,专用设备,-3.3305104
9071,2025-01-27,SH.KC_688359,三孚新科,电子化学品,-3.3310895
9072,2025-01-24,SH.KC_301525,儒竞科技,通用设备,-3.3313015
9073,2025-01-27,SZ.ZB_002295,精艺股份,有色金属,-3.331701
9074,2025-01-24,SH.KC_301208,中亦科技,软件开发,-3.3317409
9075,2025-01-27,SH.ZB_603214,爱婴室,商业百货,-3.3343747
9076,2025-01-27,SH.KC_301382,蜂助手,互联网服务,-3.3344333
9077,2025-01-27,SZ.ZB_002876,三利谱,光学光电子,-3.3354492
9078,2025-01-27,SH.KC_300703,创源股份,家用轻工,-3.3367343
9079,2025-01-24,SZ.ZB_002175,东方智造,仪器仪表,-3.3376846
9080,2025-01-27,SH.KC_688485,九州一轨,环保行业,-3.3377104
9081,2025-01-24,SH.KC_688503,聚和材料,光伏设备,-3.3387222
9082,2025-01-24,SH.ZB_600722,金牛化工,化学原料,-3.3399978
9083,2025-01-24,SH.KC_689009,九号公司-WD,交运设备,-3.3401914
9084,2025-01-27,SH.ZB_603618,杭电股份,电网设备,-3.340939
9085,2025-01-27,SH.KC_688617,惠泰医疗,医疗器械,-3.3428066
9086,2025-01-27,SH.KC_688246,嘉和美康,医疗服务,-3.3456676
9087,2025-01-24,SH.KC_300432,富临精工,汽车零部件,-3.3458438
9088,2025-01-27,SZ.ZB_002484,江海股份,电子元件,-3.3460937
9089,2025-01-27,SZ.ZB_002929,润建股份,通信服务,-3.346544
9090,2025-01-24,SH.KC_301325,曼恩斯特,电池,-3.3484411
9091,2025-01-27,SH.KC_688001,华兴源创,专用设备,-3.3504426
9092,2025-01-27,SH.KC_300798,锦鸡股份,化学制品,-3.3512614
9093,2025-01-24,SH.KC_300805,电声股份,文化传媒,-3.3519235
9094,2025-01-24,SH.KC_300765,新诺威,食品饮料,-3.3520923
9095,2025-01-27,SH.KC_688591,泰凌微,半导体,-3.3542686
9096,2025-01-24,SH.ZB_600707,彩虹股份,光学光电子,-3.3549526
9097,2025-01-24,SH.KC_688512,慧智微-U,半导体,-3.3588014
9098,2025-01-27,SH.KC_688377,迪威尔,专用设备,-3.3640091
9099,2025-01-27,SH.KC_300681,英搏尔,汽车零部件,-3.3643088
9100,2025-01-24,SZ.ZB_002439,启明星辰,软件开发,-3.3714607
9101,2025-01-24,SH.KC_300757,罗博特科,专用设备,-3.3722832
9102,2025-01-27,SH.ZB_603895,天永智能,专用设备,-3.3733108
9103,2025-01-27,SH.ZB_600226,亨通股份,农药兽药,-3.3735843
9104,2025-01-24,SZ.ZB_002552,宝鼎科技,通用设备,-3.3745859
9105,2025-01-24,SH.KC_688001,华兴源创,专用设备,-3.3747249
9106,2025-01-27,SH.KC_688433,华曙高科,通用设备,-3.3748899
9107,2025-01-24,SH.KC_688656,浩欧博,医疗器械,-3.375293
9108,2025-01-27,SZ.ZB_002765,蓝黛科技,光学光电子,-3.375537
9109,2025-01-24,SH.KC_688646,逸飞激光,专用设备,-3.3776395
9110,2025-01-24,SH.ZB_601500,通用股份,橡胶制品,-3.3787065
9111,2025-01-24,SH.KC_301299,卓创资讯,互联网服务,-3.380353
9112,2025-01-24,SH.KC_300925,法本信息,软件开发,-3.3846774
9113,2025-01-27,SH.KC_300459,汤姆猫,游戏,-3.3853602
9114,2025-01-27,SH.ZB_605555,德昌股份,家电行业,-3.387516
9115,2025-01-24,SH.ZB_603226,菲林格尔,装修建材,-3.3878372
9116,2025-01-24,SH.KC_301486,致尚科技,消费电子,-3.3894322
9117,2025-01-27,SZ.ZB_000586,汇源通信,通信设备,-3.3904135
9118,2025-01-27,SH.ZB_603881,数据港,互联网服务,-3.3910713
9119,2025-01-24,SH.KC_300790,宇瞳光学,光学光电子,-3.391591
9120,2025-01-27,SH.KC_688360,德马科技,通用设备,-3.3920743
9121,2025-01-24,SH.KC_300188,国投智能,软件开发,-3.392123
9122,2025-01-24,SH.KC_688244,永信至诚,软件开发,-3.3922858
9123,2025-01-24,SH.KC_688685,迈信林,航天航空,-3.3924692
9124,2025-01-27,SZ.ZB_002837,英维克,专用设备,-3.3927708
9125,2025-01-24,SH.KC_300422,博世科,环保行业,-3.394296
9126,2025-01-24,SH.ZB_600868,梅雁吉祥,电力行业,-3.3944354
9127,2025-01-27,SH.KC_301349,信德新材,化学制品,-3.3944395
9128,2025-01-27,SH.KC_301380,挖金客,互联网服务,-3.394454
9129,2025-01-24,SH.KC_300836,佰奥智能,专用设备,-3.3952308
9130,2025-01-24,SH.KC_688288,鸿泉物联,计算机设备,-3.396515
9131,2025-01-24,SH.ZB_603766,隆鑫通用,交运设备,-3.3981278
9132,2025-01-27,SH.ZB_600580,卧龙电驱,电机,-3.399243
9133,2025-01-24,SH.KC_688109,品茗科技,软件开发,-3.3999007
9134,2025-01-27,SH.KC_301325,曼恩斯特,电池,-3.4025695
9135,2025-01-27,SZ.ZB_002423,中粮资本,多元金融,-3.4029238
9136,2025-01-24,SH.KC_688213,思特威-W,半导体,-3.4035757
9137,2025-01-24,SZ.ZB_001238,浙江正特,装修建材,-3.4044404
9138,2025-01-24,SZ.ZB_001206,依依股份,美容护理,-3.4056146
9139,2025-01-27,SH.KC_300687,赛意信息,互联网服务,-3.4081843
9140,2025-01-27,SZ.ZB_002009,天奇股份,专用设备,-3.408644
9141,2025-01-24,SH.ZB_600933,爱柯迪,汽车零部件,-3.4087412
9142,2025-01-27,SH.KC_688013,天臣医疗,医疗器械,-3.4099157
9143,2025-01-24,SH.KC_300333,兆日科技,软件开发,-3.4108481
9144,2025-01-27,SH.ZB_603719,良品铺子,食品饮料,-3.4111216
9145,2025-01-27,SH.KC_688316,青云科技-U,互联网服务,-3.4135625
9146,2025-01-27,SH.KC_301071,力量钻石,非金属材料,-3.4156363
9147,2025-01-27,SH.KC_300605,恒锋信息,软件开发,-3.416605
9148,2025-01-24,SH.KC_300889,爱克股份,光学光电子,-3.4168768
9149,2025-01-27,SH.ZB_603106,恒银科技,计算机设备,-3.4169555
9150,2025-01-27,SH.KC_300245,天玑科技,互联网服务,-3.417898
9151,2025-01-27,SH.KC_688578,艾力斯,化学制药,-3.4195662
9152,2025-01-24,SZ.ZB_001366,播恩集团,农牧饲渔,-3.4198027
9153,2025-01-24,SH.KC_301316,慧博云通,软件开发,-3.4211311
9154,2025-01-27,SH.KC_300952,恒辉安防,纺织服装,-3.4243975
9155,2025-01-24,SH.KC_300850,新强联,风电设备,-3.4248948
9156,2025-01-24,SH.ZB_603920,世运电路,电子元件,-3.4254436
9157,2025-01-24,SZ.ZB_002938,鹏鼎控股,电子元件,-3.4256473
9158,2025-01-24,SH.KC_300229,拓尔思,软件开发,-3.4259188
9159,2025-01-24,SH.ZB_603082,北自科技,通用设备,-3.426116
9160,2025-01-27,SZ.ZB_002379,宏创控股,有色金属,-3.427203
9161,2025-01-27,SH.ZB_603103,横店影视,文化传媒,-3.4288
9162,2025-01-27,SH.KC_688132,邦彦技术,通信设备,-3.4291987
9163,2025-01-24,SZ.ZB_002947,恒铭达,消费电子,-3.4307048
9164,2025-01-24,SH.KC_301380,挖金客,互联网服务,-3.4314096
9165,2025-01-24,SH.KC_301228,实朴检测,专业服务,-3.4330082
9166,2025-01-24,SH.ZB_605118,力鼎光电,光学光电子,-3.4331686
9167,2025-01-24,SH.KC_688183,生益电子,电子元件,-3.4334733
9168,2025-01-24,SZ.ZB_002600,领益智造,消费电子,-3.4342666
9169,2025-01-27,SH.KC_301007,德迈仕,汽车零部件,-3.436184
9170,2025-01-27,SZ.ZB_000534,万泽股份,生物制品,-3.437357
9171,2025-01-24,SZ.ZB_002472,双环传动,汽车零部件,-3.4412584
9172,2025-01-27,SH.ZB_605069,正和生态,环保行业,-3.441634
9173,2025-01-24,SH.KC_300533,冰川网络,游戏,-3.441935
9174,2025-01-24,SH.KC_300579,数字认证,软件开发,-3.4420085
9175,2025-01-24,SH.KC_300242,佳云科技,文化传媒,-3.4432364
9176,2025-01-24,SH.ZB_603822,嘉澳环保,化学制品,-3.443702
9177,2025-01-27,SH.ZB_600126,杭钢股份,钢铁行业,-3.4440167
9178,2025-01-27,SH.ZB_603950,长源东谷,汽车零部件,-3.4458299
9179,2025-01-24,SH.ZB_603171,税友股份,互联网服务,-3.4463897
9180,2025-01-24,SH.ZB_605188,国光连锁,商业百货,-3.4483545
9181,2025-01-24,SH.KC_300990,同飞股份,通用设备,-3.4493473
9182,2025-01-24,SH.ZB_601138,工业富联,消费电子,-3.4533675
9183,2025-01-24,SH.KC_300528,幸福蓝海,文化传媒,-3.4534016
9184,2025-01-24,SH.KC_688588,凌志软件,软件开发,-3.4539826
9185,2025-01-27,SH.KC_688685,迈信林,航天航空,-3.4560626
9186,2025-01-27,SH.KC_300785,值得买,互联网服务,-3.4563699
9187,2025-01-27,SZ.ZB_002853,皮阿诺,装修建材,-3.4568906
9188,2025-01-27,SH.KC_300731,科创新源,橡胶制品,-3.4577885
9189,2025-01-24,SZ.ZB_002973,侨银股份,环保行业,-3.4579377
9190,2025-01-27,SH.KC_300661,圣邦股份,半导体,-3.4581125
9191,2025-01-24,SH.KC_300661,圣邦股份,半导体,-3.4584417
9192,2025-01-27,SZ.ZB_002674,兴业科技,纺织服装,-3.4611542
9193,2025-01-27,SZ.ZB_002031,巨轮智能,专用设备,-3.4614973
9194,2025-01-24,SH.KC_301123,奕东电子,消费电子,-3.4616284
9195,2025-01-24,SH.KC_300502,新易盛,通信设备,-3.462308
9196,2025-01-24,SH.KC_688480,赛恩斯,环保行业,-3.4661121
9197,2025-01-27,SH.KC_301286,侨源股份,化学原料,-3.466639
9198,2025-01-24,SZ.ZB_002795,永和智控,通用设备,-3.4688842
9199,2025-01-27,SZ.ZB_002755,奥赛康,化学制药,-3.473458
9200,2025-01-24,SH.ZB_603416,信捷电气,专用设备,-3.4736812
9201,2025-01-27,SH.KC_300528,幸福蓝海,文化传媒,-3.4745812
9202,2025-01-24,SZ.ZB_002843,泰嘉股份,消费电子,-3.4764
9203,2025-01-27,SH.ZB_603089,正裕工业,汽车零部件,-3.476654
9204,2025-01-27,SH.KC_688333,铂力特,通用设备,-3.4800463
9205,2025-01-27,SH.KC_300058,蓝色光标,文化传媒,-3.4804199
9206,2025-01-24,SH.KC_300809,华辰装备,通用设备,-3.4824274
9207,2025-01-24,SZ.ZB_002876,三利谱,光学光电子,-3.4834406
9208,2025-01-24,SZ.ZB_002765,蓝黛科技,光学光电子,-3.483753
9209,2025-01-24,SZ.ZB_002127,南极电商,贸易行业,-3.484112
9210,2025-01-24,SH.ZB_603129,春风动力,交运设备,-3.4841619
9211,2025-01-27,SH.KC_301117,佳缘科技,软件开发,-3.4846096
9212,2025-01-27,SH.KC_688629,华丰科技,电子元件,-3.4850016
9213,2025-01-24,SH.KC_300521,爱司凯,专用设备,-3.4850698
9214,2025-01-27,SH.KC_300433,蓝思科技,消费电子,-3.4853332
9215,2025-01-27,SH.KC_300469,信息发展,软件开发,-3.487607
9216,2025-01-24,SZ.ZB_003007,直真科技,软件开发,-3.4877236
9217,2025-01-27,SH.KC_300503,昊志机电,通用设备,-3.4882848
9218,2025-01-24,SH.ZB_600797,浙大网新,互联网服务,-3.4883828
9219,2025-01-27,SH.KC_301228,实朴检测,专业服务,-3.4885411
9220,2025-01-27,SH.KC_688588,凌志软件,软件开发,-3.490469
9221,2025-01-24,SH.KC_300969,恒帅股份,汽车零部件,-3.4905293
9222,2025-01-27,SH.KC_688277,天智航-U,医疗器械,-3.4907274
9223,2025-01-24,SH.KC_688296,和达科技,软件开发,-3.4912558
9224,2025-01-27,SH.KC_300150,世纪瑞尔,互联网服务,-3.4927354
9225,2025-01-24,SH.KC_300563,神宇股份,通信设备,-3.4930046
9226,2025-01-24,SH.KC_300927,江天化学,化学原料,-3.4945667
9227,2025-01-27,SH.KC_300233,金城医药,化学制药,-3.4964328
9228,2025-01-24,SH.ZB_603236,移远通信,通信设备,-3.4978628
9229,2025-01-24,SH.ZB_603191,望变电气,电网设备,-3.498482
9230,2025-01-27,SH.KC_688358,祥生医疗,医疗器械,-3.4987326
9231,2025-01-24,SH.KC_301349,信德新材,化学制品,-3.4997263
9232,2025-01-27,SH.ZB_603111,康尼机电,交运设备,-3.5010138
9233,2025-01-27,SH.ZB_603728,鸣志电器,电机,-3.5010781
9234,2025-01-27,SH.KC_688686,奥普特,仪器仪表,-3.5011535
9235,2025-01-24,SZ.ZB_002989,中天精装,装修装饰,-3.501872
9236,2025-01-27,SH.KC_300296,利亚德,光学光电子,-3.5055041
9237,2025-01-24,SZ.ZB_002463,沪电股份,电子元件,-3.5083077
9238,2025-01-27,SZ.ZB_002733,雄韬股份,电池,-3.5090399
9239,2025-01-24,SH.KC_300173,福能东方,专用设备,-3.5101395
9240,2025-01-24,SH.ZB_600673,东阳光,综合行业,-3.512897
9241,2025-01-24,SH.ZB_600595,中孚实业,有色金属,-3.515305
9242,2025-01-24,SZ.ZB_002213,大为股份,半导体,-3.5156152
9243,2025-01-27,SZ.ZB_000759,中百集团,商业百货,-3.5160766
9244,2025-01-27,SH.KC_301511,德福科技,电池,-3.519208
9245,2025-01-24,SH.ZB_603332,苏州龙杰,化纤行业,-3.520245
9246,2025-01-27,SH.KC_300790,宇瞳光学,光学光电子,-3.5203547
9247,2025-01-27,SH.ZB_605080,浙江自然,纺织服装,-3.5206563
9248,2025-01-24,SZ.ZB_002347,泰尔股份,通用设备,-3.5212114
9249,2025-01-24,SZ.ZB_002878,元隆雅图,文化传媒,-3.521437
9250,2025-01-24,SH.KC_688332,中科蓝讯,半导体,-3.5218532
9251,2025-01-27,SH.KC_688218,江苏北人,专用设备,-3.522663
9252,2025-01-24,SH.KC_688083,中望软件,软件开发,-3.5232768
9253,2025-01-27,SH.KC_301503,智迪科技,消费电子,-3.523655
9254,2025-01-27,SH.KC_300603,立昂技术,通信服务,-3.5246625
9255,2025-01-27,SH.KC_688306,均普智能,专用设备,-3.5259457
9256,2025-01-27,SH.KC_688225,亚信安全,软件开发,-3.526993
9257,2025-01-27,SH.KC_688327,云从科技-UW,软件开发,-3.5284414
9258,2025-01-24,SH.ZB_601100,恒立液压,工程机械,-3.5289268
9259,2025-01-27,SH.KC_300161,华中数控,通用设备,-3.5295658
9260,2025-01-24,SH.KC_300986,志特新材,装修装饰,-3.5303018
9261,2025-01-27,SH.KC_301208,中亦科技,软件开发,-3.5305552
9262,2025-01-27,SH.ZB_600183,生益科技,电子元件,-3.5317092
9263,2025-01-24,SH.KC_300660,江苏雷利,电机,-3.5360482
9264,2025-01-27,SH.KC_688677,海泰新光,医疗器械,-3.53649
9265,2025-01-27,SH.ZB_605180,华生科技,纺织服装,-3.536611
9266,2025-01-24,SZ.ZB_002923,润都股份,化学制药,-3.5367813
9267,2025-01-24,SZ.ZB_002755,奥赛康,化学制药,-3.5383306
9268,2025-01-24,SH.KC_300607,拓斯达,通用设备,-3.5388577
9269,2025-01-27,SH.ZB_600371,万向德农,农牧饲渔,-3.5391226
9270,2025-01-24,SH.KC_688138,清溢光电,半导体,-3.5411499
9271,2025-01-24,SH.KC_300571,平治信息,通信服务,-3.5427318
9272,2025-01-27,SH.KC_300494,盛天网络,游戏,-3.5439215
9273,2025-01-27,SZ.ZB_000917,电广传媒,文化传媒,-3.5446427
9274,2025-01-27,SZ.ZB_001366,播恩集团,农牧饲渔,-3.5449228
9275,2025-01-27,SH.ZB_600673,东阳光,综合行业,-3.5449717
9276,2025-01-24,SH.KC_688502,茂莱光学,光学光电子,-3.5461848
9277,2025-01-27,SH.ZB_600802,福建水泥,水泥建材,-3.5476878
9278,2025-01-27,SZ.ZB_002820,桂发祥,食品饮料,-3.5479262
9279,2025-01-24,SH.KC_688578,艾力斯,化学制药,-3.5487645
9280,2025-01-24,SZ.ZB_002921,联诚精密,汽车零部件,-3.5520644
9281,2025-01-24,SH.ZB_603950,长源东谷,汽车零部件,-3.553047
9282,2025-01-24,SH.ZB_603296,华勤技术,消费电子,-3.5548904
9283,2025-01-27,SH.ZB_603990,麦迪科技,软件开发,-3.5572686
9284,2025-01-27,SZ.ZB_002850,科达利,电池,-3.5573885
9285,2025-01-27,SH.KC_300221,银禧科技,塑料制品,-3.557545
9286,2025-01-27,SH.KC_688717,艾罗能源,光伏设备,-3.558941
9287,2025-01-24,SH.KC_300249,依米康,软件开发,-3.5605147
9288,2025-01-24,SH.KC_300672,国科微,半导体,-3.560616
9289,2025-01-27,SZ.ZB_002315,焦点科技,互联网服务,-3.5615187
9290,2025-01-24,SH.KC_301139,元道通信,通信服务,-3.562249
9291,2025-01-27,SZ.ZB_001208,华菱线缆,电网设备,-3.5647411
9292,2025-01-24,SH.ZB_603103,横店影视,文化传媒,-3.5653672
9293,2025-01-27,SH.KC_301205,联特科技,光学光电子,-3.5683825
9294,2025-01-27,SH.ZB_603221,爱丽家居,塑料制品,-3.5703068
9295,2025-01-24,SH.KC_688049,炬芯科技,半导体,-3.570426
9296,2025-01-24,SH.KC_688218,江苏北人,专用设备,-3.5731022
9297,2025-01-27,SH.KC_301323,新莱福,塑料制品,-3.5734038
9298,2025-01-27,SH.KC_300520,科大国创,软件开发,-3.5778859
9299,2025-01-24,SH.KC_688359,三孚新科,电子化学品,-3.578177
9300,2025-01-24,SZ.ZB_000063,中兴通讯,通信设备,-3.5782323
9301,2025-01-24,SH.ZB_600858,银座股份,商业百货,-3.5789742
9302,2025-01-27,SH.ZB_603718,海利生物,农药兽药,-3.5824254
9303,2025-01-27,SH.KC_300806,斯迪克,塑料制品,-3.5829597
9304,2025-01-27,SH.ZB_600186,莲花控股,食品饮料,-3.5833955
9305,2025-01-27,SH.KC_300476,胜宏科技,电子元件,-3.5876102
9306,2025-01-27,SH.KC_688068,热景生物,医疗器械,-3.5878181
9307,2025-01-27,SH.KC_300192,科德教育,教育,-3.5892684
9308,2025-01-27,SH.ZB_603004,鼎龙科技,化学原料,-3.591856
9309,2025-01-24,SH.ZB_605069,正和生态,环保行业,-3.5940998
9310,2025-01-24,SH.ZB_603618,杭电股份,电网设备,-3.5944812
9311,2025-01-24,SH.ZB_605055,迎丰股份,纺织服装,-3.5979767
9312,2025-01-27,SH.KC_300927,江天化学,化学原料,-3.599784
9313,2025-01-27,SH.ZB_603015,弘讯科技,专用设备,-3.5998232
9314,2025-01-24,SH.KC_688306,均普智能,专用设备,-3.601645
9315,2025-01-27,SH.KC_300033,同花顺,软件开发,-3.6043487
9316,2025-01-24,SZ.ZB_001314,亿道信息,消费电子,-3.604473
9317,2025-01-27,SH.KC_300748,金力永磁,小金属,-3.605454
9318,2025-01-24,SH.KC_688676,金盘科技,电网设备,-3.6059484
9319,2025-01-27,SH.ZB_605058,澳弘电子,电子元件,-3.606277
9320,2025-01-27,SH.KC_688692,达梦数据,软件开发,-3.6072593
9321,2025-01-24,SH.KC_301157,华塑科技,计算机设备,-3.6107519
9322,2025-01-27,SZ.ZB_000977,浪潮信息,计算机设备,-3.610922
9323,2025-01-24,SH.ZB_603721,中广天择,文化传媒,-3.611866
9324,2025-01-24,SZ.ZB_002979,雷赛智能,专用设备,-3.6122873
9325,2025-01-24,SZ.ZB_002379,宏创控股,有色金属,-3.6124282
9326,2025-01-27,SH.KC_688288,鸿泉物联,计算机设备,-3.6145787
9327,2025-01-27,SH.KC_300166,东方国信,互联网服务,-3.618461
9328,2025-01-24,SH.ZB_603306,华懋科技,汽车零部件,-3.6265411
9329,2025-01-24,SH.KC_300384,三联虹普,专业服务,-3.6278696
9330,2025-01-27,SH.KC_688332,中科蓝讯,半导体,-3.6323116
9331,2025-01-27,SZ.ZB_002354,天娱数科,互联网服务,-3.6338239
9332,2025-01-24,SZ.ZB_002865,钧达股份,光伏设备,-3.63449
9333,2025-01-24,SH.KC_301291,明阳电气,电网设备,-3.6352818
9334,2025-01-24,SH.KC_688660,电气风电,风电设备,-3.6354468
9335,2025-01-24,SH.ZB_600973,宝胜股份,电网设备,-3.635456
9336,2025-01-13,SH.KC_688073,毕得医药,生物制品,-3.6368735
9337,2025-01-24,SZ.ZB_001208,华菱线缆,电网设备,-3.6369567
9338,2025-01-27,SH.KC_301591,肯特股份,塑料制品,-3.6425326
9339,2025-01-24,SZ.ZB_002642,荣联科技,互联网服务,-3.6464553
9340,2025-01-24,SH.KC_300693,盛弘股份,电源设备,-3.6474624
9341,2025-01-27,SZ.ZB_000681,视觉中国,文化传媒,-3.649011
9342,2025-01-24,SZ.ZB_002553,南方精工,汽车零部件,-3.649562
9343,2025-01-27,SH.KC_301230,泓博医药,生物制品,-3.6504579
9344,2025-01-24,SH.ZB_603360,百傲化学,农药兽药,-3.6514142
9345,2025-01-24,SH.KC_688127,蓝特光学,光学光电子,-3.6520846
9346,2025-01-27,SH.KC_300708,聚灿光电,光学光电子,-3.6531634
9347,2025-01-24,SH.ZB_605080,浙江自然,纺织服装,-3.653905
9348,2025-01-24,SH.KC_688677,海泰新光,医疗器械,-3.6553643
9349,2025-01-27,SZ.ZB_002131,利欧股份,互联网服务,-3.6576946
9350,2025-01-24,SH.KC_300679,电连技术,消费电子,-3.659057
9351,2025-01-24,SH.KC_688485,九州一轨,环保行业,-3.6590843
9352,2025-01-27,SZ.ZB_002050,三花智控,家电行业,-3.659163
9353,2025-01-24,SH.ZB_603214,爱婴室,商业百货,-3.6612597
9354,2025-01-24,SH.KC_300494,盛天网络,游戏,-3.663224
9355,2025-01-24,SH.KC_688111,金山办公,软件开发,-3.6637213
9356,2025-01-27,SH.ZB_603296,华勤技术,消费电子,-3.6644638
9357,2025-01-27,SZ.ZB_002112,三变科技,电网设备,-3.6681793
9358,2025-01-27,SH.ZB_603138,海量数据,软件开发,-3.6693845
9359,2025-01-24,SZ.ZB_001380,华纬科技,通用设备,-3.6733992
9360,2025-01-27,SH.KC_688701,卓锦股份,环保行业,-3.673517
9361,2025-01-24,SH.KC_688227,品高股份,软件开发,-3.6744215
9362,2025-01-27,SH.ZB_603045,福达合金,有色金属,-3.6763914
9363,2025-01-24,SH.KC_301021,英诺激光,电子元件,-3.67897
9364,2025-01-27,SH.ZB_603009,北特科技,汽车零部件,-3.6790688
9365,2025-01-27,SH.KC_300738,奥飞数据,互联网服务,-3.6801445
9366,2025-01-27,SH.KC_301031,中熔电气,电网设备,-3.681735
9367,2025-01-27,SZ.ZB_002905,金逸影视,文化传媒,-3.6835272
9368,2025-01-24,SZ.ZB_000628,高新发展,工程建设,-3.6857917
9369,2025-01-27,SZ.ZB_001238,浙江正特,装修建材,-3.6890376
9370,2025-01-27,SH.KC_300115,长盈精密,消费电子,-3.6891236
9371,2025-01-24,SH.KC_301007,德迈仕,汽车零部件,-3.692537
9372,2025-01-27,SH.KC_688390,固德威,光伏设备,-3.6940324
9373,2025-01-24,SH.ZB_603045,福达合金,有色金属,-3.6958206
9374,2025-01-24,SZ.ZB_002491,通鼎互联,通信设备,-3.69743
9375,2025-01-24,SH.ZB_603990,麦迪科技,软件开发,-3.7014737
9376,2025-01-24,SH.KC_688608,恒玄科技,半导体,-3.7050326
9377,2025-01-27,SZ.ZB_000837,秦川机床,通用设备,-3.7059765
9378,2025-01-27,SH.ZB_603200,上海洗霸,环保行业,-3.7094972
9379,2025-01-27,SZ.ZB_002358,森源电气,电网设备,-3.7102911
9380,2025-01-27,SZ.ZB_003004,声迅股份,计算机设备,-3.7123506
9381,2025-01-27,SH.KC_688651,盛邦安全,软件开发,-3.712644
9382,2025-01-24,SH.KC_300677,英科医疗,医疗器械,-3.718251
9383,2025-01-24,SH.KC_300806,斯迪克,塑料制品,-3.7205477
9384,2025-01-27,SZ.ZB_002811,郑中设计,专业服务,-3.7226162
9385,2025-01-27,SZ.ZB_000010,美丽生态,工程建设,-3.7228472
9386,2025-01-24,SH.ZB_600577,精达股份,电网设备,-3.7295845
9387,2025-01-27,SH.KC_688118,普元信息,软件开发,-3.7296429
9388,2025-01-24,SH.KC_300795,米奥会展,文化传媒,-3.7297494
9389,2025-01-24,SH.KC_688768,容知日新,仪器仪表,-3.7361064
9390,2025-01-24,SH.KC_688507,索辰科技,软件开发,-3.7377756
9391,2025-01-24,SH.KC_300556,丝路视觉,软件开发,-3.7467432
9392,2025-01-24,SH.ZB_603068,博通集成,半导体,-3.7476547
9393,2025-01-27,SH.ZB_603082,北自科技,通用设备,-3.7528913
9394,2025-01-24,SH.KC_300727,润禾材料,化学制品,-3.7571316
9395,2025-01-27,SH.KC_688507,索辰科技,软件开发,-3.7579753
9396,2025-01-27,SH.ZB_600986,浙文互联,文化传媒,-3.7633955
9397,2025-01-27,SZ.ZB_002843,泰嘉股份,消费电子,-3.7656024
9398,2025-01-24,SZ.ZB_002518,科士达,电源设备,-3.7672844
9399,2025-01-24,SZ.ZB_002296,辉煌科技,通信设备,-3.7693725
9400,2025-01-24,SH.KC_300394,天孚通信,通信设备,-3.771068
9401,2025-01-24,SZ.ZB_002640,跨境通,贸易行业,-3.772335
9402,2025-01-27,SH.KC_301078,孩子王,商业百货,-3.772753
9403,2025-01-24,SZ.ZB_002945,华林证券,证券,-3.7766092
9404,2025-01-24,SH.KC_688132,邦彦技术,通信设备,-3.7768147
9405,2025-01-24,SH.ZB_603809,豪能股份,汽车零部件,-3.7787237
9406,2025-01-27,SH.KC_301192,泰祥股份,汽车零部件,-3.779308
9407,2025-01-27,SH.ZB_600579,中化装备,专用设备,-3.7815683
9408,2025-01-27,SH.KC_300250,初灵信息,互联网服务,-3.7820964
9409,2025-01-24,SZ.ZB_002617,露笑科技,光伏设备,-3.7824593
9410,2025-01-27,SH.KC_301261,恒工精密,通用设备,-3.782489
9411,2025-01-24,SH.KC_300738,奥飞数据,互联网服务,-3.782683
9412,2025-01-24,SZ.ZB_002148,北纬科技,通信服务,-3.7832444
9413,2025-01-27,SH.ZB_603305,旭升集团,汽车零部件,-3.7833745
9414,2025-01-27,SZ.ZB_002117,东港股份,造纸印刷,-3.7836053
9415,2025-01-24,SH.ZB_605068,明新旭腾,汽车零部件,-3.7858267
9416,2025-01-24,SH.ZB_603729,龙韵股份,文化传媒,-3.7866302
9417,2025-01-27,SH.ZB_603332,苏州龙杰,化纤行业,-3.788618
9418,2025-01-27,SH.KC_300354,东华测试,仪器仪表,-3.7889025
9419,2025-01-24,SZ.ZB_002122,汇洲智能,通用设备,-3.7905595
9420,2025-01-27,SH.KC_300716,泉为科技,光伏设备,-3.79208
9421,2025-01-27,SZ.ZB_002816,和科达,专用设备,-3.7926297
9422,2025-01-24,SZ.ZB_002514,宝馨科技,通用设备,-3.7929535
9423,2025-01-27,SZ.ZB_002514,宝馨科技,通用设备,-3.795318
9424,2025-01-24,SZ.ZB_002009,天奇股份,专用设备,-3.7955117
9425,2025-01-27,SH.KC_300925,法本信息,软件开发,-3.8027413
9426,2025-01-24,SZ.ZB_002319,乐通股份,化学制品,-3.8048334
9427,2025-01-24,SZ.ZB_002384,东山精密,电子元件,-3.806952
9428,2025-01-27,SH.KC_301199,迈赫股份,专用设备,-3.81077
9429,2025-01-27,SH.KC_301429,森泰股份,装修建材,-3.8117938
9430,2025-01-27,SH.ZB_603615,茶花股份,塑料制品,-3.8148053
9431,2025-01-24,SZ.ZB_002811,郑中设计,专业服务,-3.816343
9432,2025-01-27,SH.KC_301315,威士顿,软件开发,-3.8195417
9433,2025-01-24,SH.KC_688141,杰华特,半导体,-3.8203516
9434,2025-01-27,SH.KC_688049,炬芯科技,半导体,-3.8209605
9435,2025-01-27,SH.KC_300276,三丰智能,专用设备,-3.822491
9436,2025-01-27,SH.KC_300938,信测标准,专业服务,-3.825768
9437,2025-01-24,SH.KC_300515,三德科技,仪器仪表,-3.8264866
9438,2025-01-27,SZ.ZB_002292,奥飞娱乐,文化传媒,-3.8274846
9439,2025-01-24,SZ.ZB_002117,东港股份,造纸印刷,-3.8293493
9440,2025-01-24,SZ.ZB_000837,秦川机床,通用设备,-3.8296416
9441,2025-01-23,SH.KC_300839,博汇股份,石油行业,-3.8396769
9442,2025-01-27,SZ.ZB_002076,星光股份,家电行业,-3.8417127
9443,2025-01-24,SH.KC_688377,迪威尔,专用设备,-3.8441067
9444,2025-01-27,SZ.ZB_002127,南极电商,贸易行业,-3.8546145
9445,2025-01-24,SH.ZB_603583,捷昌驱动,专用设备,-3.85549
9446,2025-01-24,SH.KC_300520,科大国创,软件开发,-3.8615947
9447,2025-01-27,SH.KC_300843,胜蓝股份,消费电子,-3.8618474
9448,2025-01-24,SH.ZB_603915,国茂股份,通用设备,-3.862769
9449,2025-01-27,SH.ZB_603429,集友股份,造纸印刷,-3.8630269
9450,2025-01-27,SH.KC_301202,朗威股份,通用设备,-3.866197
9451,2025-01-24,SH.KC_300550,和仁科技,软件开发,-3.8697228
9452,2025-01-24,SH.KC_300687,赛意信息,互联网服务,-3.8704813
9453,2025-01-27,SZ.ZB_002148,北纬科技,通信服务,-3.8713603
9454,2025-01-24,SH.KC_300399,天利科技,互联网服务,-3.8727973
9455,2025-01-27,SZ.ZB_002979,雷赛智能,专用设备,-3.8768754
9456,2025-01-27,SH.ZB_603803,瑞斯康达,通信设备,-3.8770127
9457,2025-01-24,SH.KC_301503,智迪科技,消费电子,-3.8771343
9458,2025-01-24,SZ.ZB_001330,博纳影业,文化传媒,-3.883095
9459,2025-01-27,SZ.ZB_002795,永和智控,通用设备,-3.883777
9460,2025-01-24,SH.ZB_600579,中化装备,专用设备,-3.8884752
9461,2025-01-24,SH.KC_301018,申菱环境,专用设备,-3.8909483
9462,2025-01-27,SH.KC_301396,宏景科技,互联网服务,-3.89175
9463,2025-01-24,SH.ZB_600693,东百集团,商业百货,-3.8928776
9464,2025-01-24,SZ.ZB_002315,焦点科技,互联网服务,-3.8938985
9465,2025-01-27,SH.KC_301439,泓淋电力,电网设备,-3.8961167
9466,2025-01-27,SZ.ZB_001236,弘业期货,多元金融,-3.8973398
9467,2025-01-24,SH.KC_300592,华凯易佰,互联网服务,-3.8998132
9468,2025-01-27,SH.KC_300830,金现代,软件开发,-3.9029598
9469,2025-01-23,SH.KC_688350,富淼科技,化学制品,-3.904946
9470,2025-01-27,SH.KC_688365,光云科技,互联网服务,-3.9067287
9471,2025-01-24,SH.KC_300748,金力永磁,小金属,-3.9106994
9472,2025-01-24,SH.ZB_603758,秦安股份,汽车零部件,-3.913927
9473,2025-01-24,SH.ZB_600734,实达集团,通信设备,-3.9151213
9474,2025-01-24,SH.KC_688159,有方科技,通信设备,-3.9153264
9475,2025-01-24,SH.KC_300383,光环新网,互联网服务,-3.91709
9476,2025-01-27,SZ.ZB_000533,顺钠股份,电网设备,-3.9183629
9477,2025-01-24,SH.KC_300491,通合科技,电源设备,-3.9198923
9478,2025-01-27,SZ.ZB_002945,华林证券,证券,-3.9205995
9479,2025-01-27,SH.ZB_603901,永创智能,专用设备,-3.9212556
9480,2025-01-27,SZ.ZB_002319,乐通股份,化学制品,-3.9226937
9481,2025-01-27,SH.ZB_600076,康欣新材,装修建材,-3.9254918
9482,2025-01-24,SH.KC_688071,华依科技,汽车零部件,-3.9260612
9483,2025-01-27,SZ.ZB_000890,法尔胜,通用设备,-3.9261215
9484,2025-01-27,SH.KC_300561,汇金科技,软件开发,-3.9266965
9485,2025-01-24,SH.KC_688433,华曙高科,通用设备,-3.927476
9486,2025-01-24,SH.KC_300299,富春股份,游戏,-3.927958
9487,2025-01-27,SH.KC_688766,普冉股份,半导体,-3.9304283
9488,2025-01-24,SH.KC_301110,青木科技,互联网服务,-3.9307818
9489,2025-01-24,SH.ZB_603881,数据港,互联网服务,-3.9309316
9490,2025-01-27,SH.KC_688475,萤石网络,家电行业,-3.9326317
9491,2025-01-24,SZ.ZB_002241,歌尔股份,消费电子,-3.932824
9492,2025-01-27,SH.KC_688081,兴图新科,通信服务,-3.932967
9493,2025-01-24,SH.ZB_600936,广西广电,文化传媒,-3.934411
9494,2025-01-27,SH.KC_688696,极米科技,家电行业,-3.9352362
9495,2025-01-27,SZ.ZB_003021,兆威机电,电机,-3.9367816
9496,2025-01-27,SH.KC_300870,欧陆通,电源设备,-3.9368668
9497,2025-01-27,SZ.ZB_002657,中科金财,互联网服务,-3.9427445
9498,2025-01-24,SH.KC_688629,华丰科技,电子元件,-3.9434254
9499,2025-01-24,SH.KC_300885,海昌新材,通用设备,-3.9451778
9500,2025-01-24,SH.KC_300354,东华测试,仪器仪表,-3.9485672
9501,2025-01-27,SH.KC_688228,开普云,互联网服务,-3.9518337
9502,2025-01-24,SH.ZB_603166,福达股份,汽车零部件,-3.95368
9503,2025-01-27,SH.KC_688208,道通科技,计算机设备,-3.9624856
9504,2025-01-27,SZ.ZB_002245,蔚蓝锂芯,电池,-3.9639373
9505,2025-01-27,SH.KC_300921,南凌科技,通信服务,-3.9654064
9506,2025-01-27,SH.KC_688698,伟创电气,专用设备,-3.9663963
9507,2025-01-24,SH.KC_688239,航宇科技,航天航空,-3.9707775
9508,2025-01-27,SH.KC_688123,聚辰股份,半导体,-3.975655
9509,2025-01-27,SH.KC_688502,茂莱光学,光学光电子,-3.984391
9510,2025-01-27,SH.KC_300100,双林股份,汽车零部件,-3.9890275
9511,2025-01-27,SH.ZB_601869,长飞光纤,通信设备,-3.9913335
9512,2025-01-24,SH.KC_301011,华立科技,专用设备,-3.994541
9513,2025-01-27,SH.KC_300113,顺网科技,游戏,-3.9949796
9514,2025-01-24,SZ.ZB_002245,蔚蓝锂芯,电池,-3.9950173
9515,2025-01-27,SH.ZB_605277,新亚电子,消费电子,-3.995741
9516,2025-01-27,SH.KC_300693,盛弘股份,电源设备,-3.997261
9517,2025-01-24,SH.KC_300265,通光线缆,电网设备,-3.9990454
9518,2025-01-24,SH.ZB_603728,鸣志电器,电机,-3.9997272
9519,2025-01-27,SH.KC_688372,伟测科技,半导体,-3.9997306
9520,2025-01-27,SH.KC_300624,万兴科技,软件开发,-4.0019712
9521,2025-01-24,SH.KC_688486,龙迅股份,半导体,-4.002659
9522,2025-01-27,SH.KC_300822,贝仕达克,消费电子,-4.0028877
9523,2025-01-24,SH.KC_300703,创源股份,家用轻工,-4.0054994
9524,2025-01-27,SH.KC_688590,新致软件,软件开发,-4.011889
9525,2025-01-24,SZ.ZB_002850,科达利,电池,-4.013839
9526,2025-01-24,SH.KC_688099,晶晨股份,半导体,-4.0161753
9527,2025-01-24,SH.ZB_603039,泛微网络,软件开发,-4.019101
9528,2025-01-24,SH.KC_688208,道通科技,计算机设备,-4.0243697
9529,2025-01-27,SH.KC_688668,鼎通科技,通信设备,-4.0269194
9530,2025-01-27,SH.KC_301110,青木科技,互联网服务,-4.029139
9531,2025-01-27,SH.ZB_600868,梅雁吉祥,电力行业,-4.0294595
9532,2025-01-24,SH.KC_301078,孩子王,商业百货,-4.031516
9533,2025-01-27,SH.ZB_603880,南卫股份,医疗器械,-4.0315657
9534,2025-01-27,SH.KC_688286,敏芯股份,半导体,-4.032544
9535,2025-01-27,SH.KC_300580,贝斯特,汽车零部件,-4.0383587
9536,2025-01-27,SH.KC_300781,因赛集团,文化传媒,-4.0386124
9537,2025-01-27,SH.KC_688227,品高股份,软件开发,-4.0391145
9538,2025-01-27,SZ.ZB_001309,德明利,半导体,-4.0401073
9539,2025-01-27,SH.ZB_600052,东望时代,公用事业,-4.0473657
9540,2025-01-24,SH.KC_688620,安凯微,半导体,-4.049979
9541,2025-01-27,SH.ZB_603166,福达股份,汽车零部件,-4.0500307
9542,2025-01-27,SH.ZB_605179,一鸣食品,食品饮料,-4.052087
9543,2025-01-27,SH.ZB_603039,泛微网络,软件开发,-4.0524287
9544,2025-01-24,SH.KC_301536,星宸科技,半导体,-4.0533805
9545,2025-01-27,SH.KC_688071,华依科技,汽车零部件,-4.0616894
9546,2025-01-27,SZ.ZB_003041,真爱美家,纺织服装,-4.0667114
9547,2025-01-24,SH.KC_300835,龙磁科技,小金属,-4.0678287
9548,2025-01-24,SH.KC_300115,长盈精密,消费电子,-4.068314
9549,2025-01-24,SH.ZB_605058,澳弘电子,电子元件,-4.075612
9550,2025-01-24,SH.KC_300010,豆神教育,教育,-4.0836897
9551,2025-01-27,SH.ZB_603809,豪能股份,汽车零部件,-4.0868826
9552,2025-01-27,SZ.ZB_001306,夏厦精密,通用设备,-4.092762
9553,2025-01-24,SH.KC_301382,蜂助手,互联网服务,-4.0964327
9554,2025-01-24,SH.KC_300839,博汇股份,石油行业,-4.10214
9555,2025-01-24,SH.KC_300503,昊志机电,通用设备,-4.1033397
9556,2025-01-27,SH.KC_300715,凯伦股份,装修建材,-4.103949
9557,2025-01-27,SZ.ZB_002384,东山精密,电子元件,-4.1149325
9558,2025-01-24,SH.KC_688081,兴图新科,通信服务,-4.11899
9559,2025-01-27,SH.ZB_603042,华脉科技,通信设备,-4.120531
9560,2025-01-24,SH.KC_301336,趣睡科技,家用轻工,-4.1213093
9561,2025-01-27,SH.KC_300592,华凯易佰,互联网服务,-4.122514
9562,2025-01-27,SH.ZB_603119,浙江荣泰,非金属材料,-4.1226835
9563,2025-01-24,SH.ZB_603717,天域生物,农牧饲渔,-4.1248193
9564,2025-01-27,SH.KC_688320,禾川科技,仪器仪表,-4.1249557
9565,2025-01-24,SZ.ZB_002530,金财互联,互联网服务,-4.1266537
9566,2025-01-27,SH.KC_300333,兆日科技,软件开发,-4.1305766
9567,2025-01-24,SH.KC_688225,亚信安全,软件开发,-4.132268
9568,2025-01-27,SH.KC_300248,新开普,互联网服务,-4.1428847
9569,2025-01-24,SZ.ZB_002611,东方精工,专用设备,-4.1508846
9570,2025-01-24,SZ.ZB_000627,天茂集团,保险,-4.152154
9571,2025-01-24,SH.KC_688686,奥普特,仪器仪表,-4.1573367
9572,2025-01-24,SH.KC_300493,润欣科技,贸易行业,-4.1583614
9573,2025-01-27,SH.ZB_603226,菲林格尔,装修建材,-4.164504
9574,2025-01-24,SH.ZB_603121,华培动力,汽车零部件,-4.1704574
9575,2025-01-24,SH.KC_688702,盛科通信-U,半导体,-4.1714816
9576,2025-01-27,SH.ZB_603666,亿嘉和,专用设备,-4.172769
9577,2025-01-24,SZ.ZB_002130,沃尔核材,非金属材料,-4.1801353
9578,2025-01-27,SH.KC_688486,龙迅股份,半导体,-4.180603
9579,2025-01-24,SH.ZB_603228,景旺电子,电子元件,-4.1816974
9580,2025-01-24,SH.KC_300344,立方数科,软件开发,-4.183304
9581,2025-01-24,SH.KC_300852,四会富仕,电子元件,-4.186944
9582,2025-01-24,SH.KC_300226,上海钢联,互联网服务,-4.1939726
9583,2025-01-27,SZ.ZB_002923,润都股份,化学制药,-4.2002544
9584,2025-01-27,SH.KC_688159,有方科技,通信设备,-4.2026014
9585,2025-01-27,SZ.ZB_002611,东方精工,专用设备,-4.205231
9586,2025-01-27,SH.ZB_600734,实达集团,通信设备,-4.2100325
9587,2025-01-24,SH.KC_300100,双林股份,汽车零部件,-4.212542
9588,2025-01-24,SZ.ZB_002403,爱仕达,家电行业,-4.223137
9589,2025-01-24,SZ.ZB_002837,英维克,专用设备,-4.2235193
9590,2025-01-27,SZ.ZB_000880,潍柴重机,通用设备,-4.2247095
9591,2025-01-24,SH.KC_300296,利亚德,光学光电子,-4.226991
9592,2025-01-24,SH.KC_300857,协创数据,消费电子,-4.2307615
9593,2025-01-27,SH.KC_301368,丰立智能,通用设备,-4.233164
9594,2025-01-24,SH.KC_300697,电工合金,有色金属,-4.23627
9595,2025-01-24,SH.KC_300580,贝斯特,汽车零部件,-4.236352
9596,2025-01-24,SH.KC_301550,斯菱股份,汽车零部件,-4.2364063
9597,2025-01-27,SH.ZB_603499,翔港科技,造纸印刷,-4.23952
9598,2025-01-24,SH.KC_688320,禾川科技,仪器仪表,-4.245182
9599,2025-01-24,SH.ZB_603119,浙江荣泰,非金属材料,-4.24975
9600,2025-01-24,SZ.ZB_003040,楚天龙,通信设备,-4.261404
9601,2025-01-27,SH.KC_300399,天利科技,互联网服务,-4.2694583
9602,2025-01-27,SH.ZB_603662,柯力传感,仪器仪表,-4.2695484
9603,2025-01-24,SH.KC_300561,汇金科技,软件开发,-4.277066
9604,2025-01-24,SH.KC_300715,凯伦股份,装修建材,-4.281121
9605,2025-01-24,SH.KC_301192,泰祥股份,汽车零部件,-4.282607
9606,2025-01-27,SH.KC_300153,科泰电源,电源设备,-4.2837152
9607,2025-01-27,SH.KC_300383,光环新网,互联网服务,-4.2860045
9608,2025-01-27,SH.ZB_601689,拓普集团,汽车零部件,-4.287312
9609,2025-01-27,SZ.ZB_002757,南兴股份,专用设备,-4.2874365
9610,2025-01-27,SH.KC_300733,西菱动力,汽车零部件,-4.2936726
9611,2025-01-27,SH.KC_688165,埃夫特-U,通用设备,-4.2955694
9612,2025-01-27,SZ.ZB_002364,中恒电气,电源设备,-4.297821
9613,2025-01-27,SH.KC_688258,卓易信息,互联网服务,-4.302722
9614,2025-01-27,SH.KC_301383,天键股份,电子元件,-4.3039737
9615,2025-01-27,SZ.ZB_001389,广合科技,电子元件,-4.3081737
9616,2025-01-27,SH.KC_688048,长光华芯,半导体,-4.3181124
9617,2025-01-27,SH.KC_688038,中科通达,软件开发,-4.3188133
9618,2025-01-24,SZ.ZB_002582,好想你,食品饮料,-4.3223696
9619,2025-01-24,SH.KC_300680,隆盛科技,汽车零部件,-4.324665
9620,2025-01-24,SH.KC_300276,三丰智能,专用设备,-4.3276577
9621,2025-01-27,SH.KC_300007,汉威科技,仪器仪表,-4.332287
9622,2025-01-24,SH.KC_300458,全志科技,半导体,-4.3330026
9623,2025-01-27,SH.KC_301310,鑫宏业,电网设备,-4.3334503
9624,2025-01-24,SH.ZB_603305,旭升集团,汽车零部件,-4.3334503
9625,2025-01-27,SH.KC_300660,江苏雷利,电机,-4.334546
9626,2025-01-27,SZ.ZB_003015,日久光电,光学光电子,-4.340977
9627,2025-01-24,SH.KC_301252,同星科技,通用设备,-4.3437347
9628,2025-01-24,SZ.ZB_001389,广合科技,电子元件,-4.344888
9629,2025-01-24,SH.KC_688123,聚辰股份,半导体,-4.3584905
9630,2025-01-24,SH.KC_300830,金现代,软件开发,-4.3605914
9631,2025-01-27,SH.KC_300403,汉宇集团,家电行业,-4.362128
9632,2025-01-24,SZ.ZB_002853,皮阿诺,装修建材,-4.3635817
9633,2025-01-24,SH.ZB_603278,大业股份,通用设备,-4.371278
9634,2025-01-24,SZ.ZB_002536,飞龙股份,汽车零部件,-4.372761
9635,2025-01-24,SH.KC_300980,祥源新材,塑料制品,-4.3774877
9636,2025-01-24,SH.KC_300785,值得买,互联网服务,-4.384617
9637,2025-01-27,SH.KC_688343,云天励飞-U,软件开发,-4.3878937
9638,2025-01-24,SH.ZB_600183,生益科技,电子元件,-4.3993635
9639,2025-01-27,SH.ZB_600255,鑫科材料,有色金属,-4.403081
9640,2025-01-27,SH.KC_688279,峰岹科技,半导体,-4.409079
9641,2025-01-24,SH.ZB_605277,新亚电子,消费电子,-4.4107714
9642,2025-01-27,SZ.ZB_002420,毅昌科技,家电行业,-4.415234
9643,2025-01-24,SH.KC_688766,普冉股份,半导体,-4.4244037
9644,2025-01-24,SZ.ZB_002076,星光股份,家电行业,-4.4251947
9645,2025-01-24,SZ.ZB_002733,雄韬股份,电池,-4.4254527
9646,2025-01-27,SH.KC_300496,中科创达,互联网服务,-4.4266953
9647,2025-01-24,SH.ZB_603269,海鸥股份,通用设备,-4.427148
9648,2025-01-24,SZ.ZB_000681,视觉中国,文化传媒,-4.430449
9649,2025-01-24,SH.KC_300987,川网传媒,文化传媒,-4.432088
9650,2025-01-24,SH.KC_301199,迈赫股份,专用设备,-4.4351234
9651,2025-01-24,SH.KC_300007,汉威科技,仪器仪表,-4.442559
9652,2025-01-24,SH.KC_688048,长光华芯,半导体,-4.448544
9653,2025-01-27,SH.KC_688608,恒玄科技,半导体,-4.4527035
9654,2025-01-13,SH.KC_300307,慈星股份,专用设备,-4.4621997
9655,2025-01-24,SH.KC_688591,泰凌微,半导体,-4.469257
9656,2025-01-24,SH.KC_688498,源杰科技,半导体,-4.470494
9657,2025-01-27,SZ.ZB_002881,美格智能,消费电子,-4.477257
9658,2025-01-24,SH.KC_300113,顺网科技,游戏,-4.4803405
9659,2025-01-24,SH.KC_688095,福昕软件,软件开发,-4.4873333
9660,2025-01-27,SH.KC_300488,恒锋工具,通用设备,-4.4901557
9661,2025-01-24,SH.ZB_603665,康隆达,纺织服装,-4.4910574
9662,2025-01-27,SH.ZB_603272,联翔股份,装修装饰,-4.4926534
9663,2025-01-27,SH.KC_300071,福石控股,文化传媒,-4.493093
9664,2025-01-24,SH.KC_300166,东方国信,互联网服务,-4.494097
9665,2025-01-24,SH.KC_301383,天键股份,电子元件,-4.496287
9666,2025-01-27,SH.KC_301171,易点天下,互联网服务,-4.496952
9667,2025-01-24,SH.KC_688327,云从科技-UW,软件开发,-4.5026274
9668,2025-01-24,SH.KC_688258,卓易信息,互联网服务,-4.509591
9669,2025-01-27,SH.ZB_603859,能科科技,软件开发,-4.516937
9670,2025-01-27,SH.KC_688290,景业智能,专用设备,-4.5234723
9671,2025-01-24,SH.KC_301439,泓淋电力,电网设备,-4.526056
9672,2025-01-24,SH.KC_300433,蓝思科技,消费电子,-4.5323977
9673,2025-01-24,SH.KC_300913,兆龙互连,通信设备,-4.5331826
9674,2025-01-24,SH.KC_301031,中熔电气,电网设备,-4.5347466
9675,2025-01-27,SH.KC_688577,浙海德曼,通用设备,-4.5435843
9676,2025-01-27,SH.KC_300688,创业黑马,教育,-4.550831
9677,2025-01-27,SH.KC_300017,网宿科技,互联网服务,-4.558729
9678,2025-01-24,SH.KC_688068,热景生物,医疗器械,-4.5689583
9679,2025-01-24,SH.KC_300248,新开普,互联网服务,-4.5722713
9680,2025-01-24,SH.KC_300613,富瀚微,半导体,-4.5730376
9681,2025-01-27,SH.KC_301512,智信精密,专用设备,-4.5739226
9682,2025-01-27,SH.KC_301318,维海德,消费电子,-4.5776
9683,2025-01-27,SH.KC_688322,奥比中光-UW,电子元件,-4.5783052
9684,2025-01-27,SH.KC_300652,雷迪克,汽车零部件,-4.5799003
9685,2025-01-24,SH.KC_688668,鼎通科技,通信设备,-4.593273
9686,2025-01-27,SH.KC_300835,龙磁科技,小金属,-4.5942593
9687,2025-01-27,SH.ZB_600936,广西广电,文化传媒,-4.6057215
9688,2025-01-27,SH.KC_300465,高伟达,软件开发,-4.608489
9689,2025-01-24,SH.KC_301202,朗威股份,通用设备,-4.609005
9690,2025-01-27,SH.KC_301413,安培龙,电子元件,-4.6090918
9691,2025-01-24,SZ.ZB_003021,兆威机电,电机,-4.610382
9692,2025-01-24,SH.KC_688322,奥比中光-UW,电子元件,-4.611119
9693,2025-01-27,SH.KC_300680,隆盛科技,汽车零部件,-4.6113677
9694,2025-01-27,SZ.ZB_003033,征和工业,汽车零部件,-4.6174884
9695,2025-01-27,SH.KC_688800,瑞可达,电子元件,-4.6188602
9696,2025-01-24,SH.KC_688246,嘉和美康,医疗服务,-4.6323833
9697,2025-01-27,SH.KC_300055,万邦达,环保行业,-4.637003
9698,2025-01-27,SH.ZB_603286,日盈电子,汽车零部件,-4.6447177
9699,2025-01-24,SH.KC_300488,恒锋工具,通用设备,-4.646741
9700,2025-01-24,SH.KC_300921,南凌科技,通信服务,-4.6489477
9701,2025-01-27,SH.KC_301001,凯淳股份,互联网服务,-4.6511045
9702,2025-01-24,SH.ZB_603009,北特科技,汽车零部件,-4.6522813
9703,2025-01-27,SH.ZB_603129,春风动力,交运设备,-4.6567273
9704,2025-01-24,SH.ZB_603859,能科科技,软件开发,-4.6617346
9705,2025-01-24,SZ.ZB_002691,冀凯股份,专用设备,-4.6618247
9706,2025-01-27,SH.KC_688017,绿的谐波,通用设备,-4.66356
9707,2025-01-27,SH.KC_300548,博创科技,通信设备,-4.672995
9708,2025-01-27,SZ.ZB_002582,好想你,食品饮料,-4.6738925
9709,2025-01-24,SH.ZB_605398,新炬网络,互联网服务,-4.6791754
9710,2025-01-27,SH.ZB_603236,移远通信,通信设备,-4.6833
9711,2025-01-24,SZ.ZB_000533,顺钠股份,电网设备,-4.697872
9712,2025-01-24,SZ.ZB_002131,利欧股份,互联网服务,-4.707666
9713,2025-01-24,SZ.ZB_001309,德明利,半导体,-4.708133
9714,2025-01-27,SH.ZB_600480,凌云股份,汽车零部件,-4.712031
9715,2025-01-24,SZ.ZB_002358,森源电气,电网设备,-4.714062
9716,2025-01-27,SH.KC_300857,协创数据,消费电子,-4.7174983
9717,2025-01-24,SH.KC_301413,安培龙,电子元件,-4.729139
9718,2025-01-27,SH.KC_301536,星宸科技,半导体,-4.7317796
9719,2025-01-24,SH.KC_301591,肯特股份,塑料制品,-4.733051
9720,2025-01-27,SH.KC_688031,星环科技-U,软件开发,-4.7345695
9721,2025-01-24,SH.KC_300250,初灵信息,互联网服务,-4.7347026
9722,2025-01-27,SZ.ZB_002779,中坚科技,专用设备,-4.7372146
9723,2025-01-27,SH.KC_300493,润欣科技,贸易行业,-4.7390075
9724,2025-01-24,SZ.ZB_002599,盛通股份,包装材料,-4.740928
9725,2025-01-27,SH.ZB_603516,淳中科技,计算机设备,-4.742608
9726,2025-01-27,SH.KC_688369,致远互联,软件开发,-4.7527194
9727,2025-01-24,SH.KC_688038,中科通达,软件开发,-4.7601905
9728,2025-01-24,SH.ZB_600580,卧龙电驱,电机,-4.7648907
9729,2025-01-24,SH.KC_300608,思特奇,软件开发,-4.770331
9730,2025-01-27,SH.ZB_603278,大业股份,通用设备,-4.7714686
9731,2025-01-27,SH.KC_301556,托普云农,软件开发,-4.7757425
9732,2025-01-24,SH.ZB_600889,南京化纤,化纤行业,-4.7886176
9733,2025-01-27,SH.KC_300010,豆神教育,教育,-4.7888823
9734,2025-01-27,SH.ZB_603665,康隆达,纺织服装,-4.789164
9735,2025-01-24,SH.KC_688787,海天瑞声,互联网服务,-4.792772
9736,2025-01-24,SH.KC_688698,伟创电气,专用设备,-4.801993
9737,2025-01-27,SH.KC_688010,福光股份,光学光电子,-4.802811
9738,2025-01-27,SH.KC_301076,新瀚新材,化学原料,-4.8118224
9739,2025-01-24,SH.KC_300624,万兴科技,软件开发,-4.812855
9740,2025-01-27,SH.KC_300987,川网传媒,文化传媒,-4.8273015
9741,2025-01-24,SH.KC_688577,浙海德曼,通用设备,-4.8274584
9742,2025-01-27,SH.KC_688661,和林微纳,半导体,-4.8588333
9743,2025-01-24,SH.KC_300547,川环科技,橡胶制品,-4.8638144
9744,2025-01-24,SH.KC_688400,凌云光,专用设备,-4.865729
9745,2025-01-27,SH.KC_688229,博睿数据,互联网服务,-4.8686624
9746,2025-01-27,SH.KC_301498,乖宝宠物,农牧饲渔,-4.8740005
9747,2025-01-27,SZ.ZB_002530,金财互联,互联网服务,-4.875054
9748,2025-01-27,SH.KC_688018,乐鑫科技,半导体,-4.886366
9749,2025-01-24,SH.KC_300403,汉宇集团,家电行业,-4.8988214
9750,2025-01-24,SH.KC_300476,胜宏科技,电子元件,-4.906002
9751,2025-01-27,SH.KC_300442,润泽科技,互联网服务,-4.9118714
9752,2025-01-27,SH.KC_301299,卓创资讯,互联网服务,-4.9132094
9753,2025-01-27,SH.KC_300458,全志科技,半导体,-4.9172187
9754,2025-01-27,SZ.ZB_002729,好利科技,电子元件,-4.925044
9755,2025-01-24,SH.ZB_601869,长飞光纤,通信设备,-4.930158
9756,2025-01-24,SZ.ZB_002292,奥飞娱乐,文化传媒,-4.9324284
9757,2025-01-24,SH.ZB_600601,方正科技,电子元件,-4.9325147
9758,2025-01-27,SH.KC_300608,思特奇,软件开发,-4.9416146
9759,2025-01-24,SH.KC_688343,云天励飞-U,软件开发,-4.964429
9760,2025-01-24,SZ.ZB_002453,华软科技,化学制品,-4.9755974
9761,2025-01-24,SZ.ZB_000620,新华联,房地产开发,-4.9813857
9762,2025-01-24,SH.ZB_603598,引力传媒,文化传媒,-4.981473
9763,2025-01-27,SZ.ZB_002973,侨银股份,环保行业,-4.9837723
9764,2025-01-24,SH.KC_300469,信息发展,软件开发,-4.987435
9765,2025-01-27,SZ.ZB_001267,汇绿生态,工程建设,-4.9971
9766,2025-01-24,SH.KC_688696,极米科技,家电行业,-4.9989505
9767,2025-01-24,SZ.ZB_002484,江海股份,电子元件,-5.0055614
9768,2025-01-24,SH.KC_688716,中研股份,塑料制品,-5.009014
9769,2025-01-24,SZ.ZB_002031,巨轮智能,专用设备,-5.0164313
9770,2025-01-24,SH.KC_688372,伟测科技,半导体,-5.035712
9771,2025-01-24,SH.KC_688018,乐鑫科技,半导体,-5.0413284
9772,2025-01-27,SH.KC_688716,中研股份,塑料制品,-5.0467634
9773,2025-01-24,SH.ZB_600480,凌云股份,汽车零部件,-5.050193
9774,2025-01-24,SH.ZB_603901,永创智能,专用设备,-5.054899
9775,2025-01-24,SZ.ZB_002050,三花智控,家电行业,-5.057428
9776,2025-01-24,SZ.ZB_002629,仁智股份,采掘行业,-5.0813174
9777,2025-01-24,SH.KC_688326,经纬恒润-W,汽车零部件,-5.0818458
9778,2025-01-27,SH.ZB_603308,应流股份,通用设备,-5.082906
9779,2025-01-24,SH.KC_300843,胜蓝股份,消费电子,-5.084317
9780,2025-01-24,SH.KC_301001,凯淳股份,互联网服务,-5.088108
9781,2025-01-27,SH.KC_300980,祥源新材,塑料制品,-5.093345
9782,2025-01-24,SH.KC_688622,禾信仪器,仪器仪表,-5.0939193
9783,2025-01-24,SH.KC_301076,新瀚新材,化学原料,-5.1007857
9784,2025-01-24,SH.KC_688661,和林微纳,半导体,-5.1031137
9785,2025-01-24,SH.KC_300071,福石控股,文化传媒,-5.1089106
9786,2025-01-24,SZ.ZB_001267,汇绿生态,工程建设,-5.1126676
9787,2025-01-14,SH.KC_300307,慈星股份,专用设备,-5.1168094
9788,2025-01-24,SH.KC_688475,萤石网络,家电行业,-5.128117
9789,2025-01-24,SH.KC_688800,瑞可达,电子元件,-5.1284246
9790,2025-01-24,SH.KC_688229,博睿数据,互联网服务,-5.13311
9791,2025-01-24,SZ.ZB_002881,美格智能,消费电子,-5.1528935
9792,2025-01-24,SH.KC_688226,威腾电气,电网设备,-5.158361
9793,2025-01-27,SH.KC_688400,凌云光,专用设备,-5.1659718
9794,2025-01-24,SH.KC_688160,步科股份,专用设备,-5.1685424
9795,2025-01-24,SZ.ZB_002660,茂硕电源,消费电子,-5.1693306
9796,2025-01-24,SH.KC_300766,每日互动,互联网服务,-5.173267
9797,2025-01-27,SH.KC_688088,虹软科技,互联网服务,-5.183093
9798,2025-01-27,SH.ZB_603068,博通集成,半导体,-5.2013216
9799,2025-01-24,SH.KC_688010,福光股份,光学光电子,-5.206849
9800,2025-01-24,SZ.ZB_001282,三联锻造,汽车零部件,-5.2126627
9801,2025-01-24,SH.KC_688165,埃夫特-U,通用设备,-5.2144437
9802,2025-01-27,SH.KC_301061,匠心家居,家电行业,-5.220885
9803,2025-01-27,SH.ZB_600410,华胜天成,互联网服务,-5.229325
9804,2025-01-24,SH.KC_300634,彩讯股份,互联网服务,-5.2404156
9805,2025-01-27,SH.ZB_603915,国茂股份,通用设备,-5.2416615
9806,2025-01-24,SZ.ZB_002729,好利科技,电子元件,-5.2571464
9807,2025-01-27,SZ.ZB_002965,祥鑫科技,通用设备,-5.275219
9808,2025-01-27,SH.KC_300972,万辰集团,农牧饲渔,-5.2967625
9809,2025-01-27,SH.KC_301356,天振股份,塑料制品,-5.29945
9810,2025-01-24,SH.KC_300972,万辰集团,农牧饲渔,-5.300756
9811,2025-01-27,SH.ZB_603729,龙韵股份,文化传媒,-5.30845
9812,2025-01-24,SH.KC_301261,恒工精密,通用设备,-5.3197913
9813,2025-01-24,SH.ZB_600255,鑫科材料,有色金属,-5.3251405
9814,2025-01-27,SZ.ZB_000627,天茂集团,保险,-5.3293715
9815,2025-01-27,SH.KC_301000,肇民科技,塑料制品,-5.3335066
9816,2025-01-27,SH.ZB_600889,南京化纤,化纤行业,-5.338697
9817,2025-01-24,SH.KC_301171,易点天下,互联网服务,-5.3416953
9818,2025-01-24,SH.KC_300442,润泽科技,互联网服务,-5.342123
9819,2025-01-27,SH.KC_688095,福昕软件,软件开发,-5.348676
9820,2025-01-27,SH.KC_301336,趣睡科技,家用轻工,-5.350333
9821,2025-01-24,SH.ZB_601689,拓普集团,汽车零部件,-5.3507247
9822,2025-01-24,SH.ZB_603666,亿嘉和,专用设备,-5.3522696
9823,2025-01-24,SH.KC_301210,金杨股份,电池,-5.352517
9824,2025-01-24,SZ.ZB_003033,征和工业,汽车零部件,-5.354932
9825,2025-01-27,SH.KC_300249,依米康,软件开发,-5.36257
9826,2025-01-27,SH.KC_688160,步科股份,专用设备,-5.3689084
9827,2025-01-24,SH.KC_300870,欧陆通,电源设备,-5.3844633
9828,2025-01-27,SH.KC_688226,威腾电气,电网设备,-5.386751
9829,2025-01-27,SH.ZB_603063,禾望电气,风电设备,-5.404334
9830,2025-01-27,SH.KC_688622,禾信仪器,仪器仪表,-5.4159603
9831,2025-01-24,SH.ZB_600410,华胜天成,互联网服务,-5.416232
9832,2025-01-27,SH.KC_300570,太辰光,通信设备,-5.419893
9833,2025-01-27,SZ.ZB_002862,实丰文化,家用轻工,-5.4260197
9834,2025-01-24,SH.KC_301205,联特科技,光学光电子,-5.4387426
9835,2025-01-24,SZ.ZB_001306,夏厦精密,通用设备,-5.4418764
9836,2025-01-27,SH.ZB_605398,新炬网络,互联网服务,-5.4437513
9837,2025-01-24,SH.KC_688228,开普云,互联网服务,-5.4481707
9838,2025-01-24,SH.ZB_603662,柯力传感,仪器仪表,-5.474185
9839,2025-01-24,SH.KC_300822,贝仕达克,消费电子,-5.47512
9840,2025-01-27,SH.KC_301397,溯联股份,汽车零部件,-5.4761586
9841,2025-01-27,SZ.ZB_002265,建设工业,汽车零部件,-5.482115
9842,2025-01-27,SZ.ZB_002453,华软科技,化学制品,-5.4982357
9843,2025-01-24,SH.ZB_605060,联德股份,通用设备,-5.5035543
9844,2025-01-24,SH.KC_688369,致远互联,软件开发,-5.509362
9845,2025-01-27,SH.KC_300766,每日互动,互联网服务,-5.5143585
9846,2025-01-24,SH.KC_688088,虹软科技,互联网服务,-5.534371
9847,2025-01-24,SH.KC_688031,星环科技-U,软件开发,-5.5353737
9848,2025-01-24,SH.ZB_603516,淳中科技,计算机设备,-5.5474973
9849,2025-01-24,SH.KC_688279,峰岹科技,半导体,-5.567356
9850,2025-01-24,SZ.ZB_002265,建设工业,汽车零部件,-5.570238
9851,2025-01-27,SH.KC_688220,翱捷科技-U,半导体,-5.5880175
9852,2025-01-27,SZ.ZB_002629,仁智股份,采掘行业,-5.603403
9853,2025-01-24,SH.KC_688118,普元信息,软件开发,-5.6130223
9854,2025-01-24,SH.KC_688220,翱捷科技-U,半导体,-5.6143413
9855,2025-01-24,SH.KC_300688,创业黑马,教育,-5.66659
9856,2025-01-24,SH.ZB_603803,瑞斯康达,通信设备,-5.6737227
9857,2025-01-27,SH.KC_688313,仕佳光子,通信设备,-5.6799436
9858,2025-01-24,SH.KC_301248,杰创智能,软件开发,-5.6820893
9859,2025-01-27,SH.KC_301628,强达电路,电子元件,-5.688214
9860,2025-01-27,SH.KC_300378,鼎捷数智,软件开发,-5.718823
9861,2025-01-27,SH.KC_688615,合合信息,软件开发,-5.7190676
9862,2025-01-27,SH.KC_300984,金沃股份,通用设备,-5.7195387
9863,2025-01-24,SZ.ZB_003041,真爱美家,纺织服装,-5.7457237
9864,2025-01-24,SZ.ZB_002862,实丰文化,家用轻工,-5.785543
9865,2025-01-27,SZ.ZB_002718,友邦吊顶,装修建材,-5.8171988
9866,2025-01-24,SH.KC_688615,合合信息,软件开发,-5.8307643
9867,2025-01-24,SH.KC_301368,丰立智能,通用设备,-5.8548036
9868,2025-01-24,SH.ZB_603286,日盈电子,汽车零部件,-5.87033
9869,2025-01-27,SH.KC_301248,杰创智能,软件开发,-5.8839417
9870,2025-01-24,SH.KC_300496,中科创达,互联网服务,-5.8935056
9871,2025-01-24,SH.KC_688333,铂力特,通用设备,-5.8945546
9872,2025-01-24,SH.KC_300654,世纪天鸿,文化传媒,-5.89668
9873,2025-01-24,SH.KC_688590,新致软件,软件开发,-5.9081903
9874,2025-01-24,SZ.ZB_002364,中恒电气,电源设备,-5.919519
9875,2025-01-24,SH.KC_301397,溯联股份,汽车零部件,-5.9362726
9876,2025-01-27,SH.KC_300654,世纪天鸿,文化传媒,-5.975903
9877,2025-01-27,SH.KC_688205,德科立,光学光电子,-5.993466
9878,2025-01-27,SH.KC_301220,亚香股份,化学制品,-6.000119
9879,2025-01-27,SH.ZB_603598,引力传媒,文化传媒,-6.0003533
9880,2025-01-27,SZ.ZB_002917,金奥博,化学制品,-6.0211363
9881,2025-01-24,SZ.ZB_002965,祥鑫科技,通用设备,-6.032817
9882,2025-01-24,SH.KC_300017,网宿科技,互联网服务,-6.0395412
9883,2025-01-24,SZ.ZB_000880,潍柴重机,通用设备,-6.0596933
9884,2025-01-24,SH.ZB_603308,应流股份,通用设备,-6.100094
9885,2025-01-27,SH.KC_301210,金杨股份,电池,-6.102554
9886,2025-01-24,SH.ZB_603928,兴业股份,塑料制品,-6.127824
9887,2025-01-24,SH.KC_688017,绿的谐波,通用设备,-6.1490917
9888,2025-01-27,SZ.ZB_002896,中大力德,通用设备,-6.159169
9889,2025-01-24,SH.ZB_603063,禾望电气,风电设备,-6.166978
9890,2025-01-24,SH.KC_300984,金沃股份,通用设备,-6.1856165
9891,2025-01-27,SH.KC_300547,川环科技,橡胶制品,-6.1858897
9892,2025-01-27,SZ.ZB_001282,三联锻造,汽车零部件,-6.193179
9893,2025-01-27,SH.KC_300222,科大智能,电网设备,-6.2320504
9894,2025-01-27,SH.KC_300953,震裕科技,电池,-6.2438517
9895,2025-01-24,SH.ZB_603893,瑞芯微,半导体,-6.288308
9896,2025-01-27,SZ.ZB_000882,华联股份,商业百货,-6.308443
9897,2025-01-27,SH.ZB_603893,瑞芯微,半导体,-6.353937
9898,2025-01-27,SH.KC_300697,电工合金,有色金属,-6.384823
9899,2025-01-27,SH.KC_688255,凯尔达,专用设备,-6.389929
9900,2025-01-24,SH.KC_300378,鼎捷数智,软件开发,-6.393202
9901,2025-01-24,SZ.ZB_002896,中大力德,通用设备,-6.407964
9902,2025-01-24,SZ.ZB_002779,中坚科技,专用设备,-6.471905
9903,2025-01-24,SH.KC_688255,凯尔达,专用设备,-6.4808664
9904,2025-01-24,SH.KC_300570,太辰光,通信设备,-6.4905176
9905,2025-01-24,SH.KC_301396,宏景科技,互联网服务,-6.5043597
9906,2025-01-24,SH.KC_301628,强达电路,电子元件,-6.5070987
9907,2025-01-27,SH.ZB_600191,华资实业,农牧饲渔,-6.520061
9908,2025-01-27,SH.KC_688143,长盈通,电子元件,-6.5293846
9909,2025-01-24,SH.KC_300153,科泰电源,电源设备,-6.573208
9910,2025-01-24,SH.KC_688290,景业智能,专用设备,-6.5829077
9911,2025-01-24,SH.KC_301220,亚香股份,化学制品,-6.5882907
9912,2025-01-27,SH.KC_688620,安凯微,半导体,-6.591731
9913,2025-01-27,SZ.ZB_002861,瀛通通讯,消费电子,-6.6550045
9914,2025-01-24,SH.KC_688205,德科立,光学光电子,-6.6756635
9915,2025-01-24,SH.KC_300996,普联软件,软件开发,-6.753102
9916,2025-01-27,SH.KC_300638,广和通,通信设备,-6.8008585
9917,2025-01-24,SH.KC_300465,高伟达,软件开发,-6.879099
9918,2025-01-24,SZ.ZB_002718,友邦吊顶,装修建材,-6.8960323
9919,2025-01-27,SH.ZB_603667,五洲新春,通用设备,-6.9417343
9920,2025-01-27,SH.ZB_605018,长华集团,汽车零部件,-6.9613338
9921,2025-01-24,SH.ZB_605018,长华集团,汽车零部件,-7.0034885
9922,2025-01-27,SH.KC_688787,海天瑞声,互联网服务,-7.038368
9923,2025-01-27,SH.ZB_603211,晋拓股份,汽车零部件,-7.129073
9924,2025-01-27,SH.KC_300634,彩讯股份,互联网服务,-7.134408
9925,2025-01-24,SZ.ZB_002730,电光科技,专用设备,-7.2981095
9926,2025-01-24,SH.KC_300953,震裕科技,电池,-7.300246
9927,2025-01-24,SZ.ZB_002917,金奥博,化学制品,-7.4615784
9928,2025-01-24,SH.KC_300548,博创科技,通信设备,-7.4817867
9929,2025-01-24,SH.KC_688143,长盈通,电子元件,-7.513527
9930,2025-01-24,SZ.ZB_000573,粤宏远Ａ,房地产开发,-7.621713
9931,2025-01-24,SH.ZB_603042,华脉科技,通信设备,-7.6893916
9932,2025-01-24,SH.KC_688313,仕佳光子,通信设备,-7.7560244
9933,2025-01-24,SH.KC_300638,广和通,通信设备,-7.779184
9934,2025-01-24,SH.ZB_605488,福莱新材,塑料制品,-7.8444347
9935,2025-01-24,SZ.ZB_000882,华联股份,商业百货,-7.853815
9936,2025-01-24,SH.KC_300170,汉得信息,互联网服务,-7.921089
9937,2025-01-27,SH.KC_300840,酷特智能,纺织服装,-8.001618
9938,2025-01-27,SH.ZB_605488,福莱新材,塑料制品,-8.100044
9939,2025-01-24,SH.KC_300840,酷特智能,纺织服装,-8.142972
9940,2025-01-27,SZ.ZB_002691,冀凯股份,专用设备,-8.219153
9941,2025-01-24,SH.KC_301000,肇民科技,塑料制品,-8.246888
9942,2025-01-24,SZ.ZB_002861,瀛通通讯,消费电子,-8.304559
9943,2025-01-27,SH.KC_300718,长盛轴承,工程机械,-8.483108
9944,2025-01-24,SH.ZB_603211,晋拓股份,汽车零部件,-8.608186
9945,2025-01-27,SH.KC_300996,普联软件,软件开发,-8.680069
9946,2025-01-24,SH.ZB_603667,五洲新春,通用设备,-8.703378
9947,2025-01-27,SZ.ZB_000573,粤宏远Ａ,房地产开发,-8.768551
9948,2025-01-27,SH.ZB_603928,兴业股份,塑料制品,-8.779494
9949,2025-01-24,SH.KC_300718,长盛轴承,工程机械,-9.039332
9950,2025-01-24,SZ.ZB_000856,冀东装备,专用设备,-9.279774
9951,2025-01-27,SH.KC_300170,汉得信息,互联网服务,-9.336653
9952,2025-01-27,SZ.ZB_002730,电光科技,专用设备,-9.53304
9953,2025-01-27,SZ.ZB_000856,冀东装备,专用设备,-10.998483
