,Datetime,code,name,expext
0,2025-01-23,1270,铖昌科技,0.6614132
1,2025-01-22,600130,波导股份,0.65454876
2,2025-01-23,600130,波导股份,0.6006745
3,2025-01-22,600243,青海华鼎,0.5591072
4,2025-01-24,603687,大胜达,0.55325776
5,2025-01-24,1270,铖昌科技,0.5393622
6,2025-01-24,2496,辉丰股份,0.51969177
7,2025-01-22,688408,中信博,0.509218
8,2025-01-24,600130,波导股份,0.50869805
9,2025-01-23,600243,青海华鼎,0.5019084
10,2025-01-23,600636,国新文化,0.50181484
11,2025-01-23,2789,建艺集团,0.50045633
12,2025-01-24,2253,川大智胜,0.44764793
13,2025-01-24,668,荣丰控股,0.4468868
14,2025-01-24,301030,仕净科技,0.429232
15,2025-01-23,603398,沐邦高科,0.42824313
16,2025-01-24,603398,沐邦高科,0.4248613
17,2025-01-24,2529,海源复材,0.41933045
18,2025-01-22,1270,铖昌科技,0.41713747
19,2025-01-24,600636,国新文化,0.4166394
20,2025-01-22,300902,国安达,0.41306326
21,2025-01-24,300391,长药控股,0.40735194
22,2025-01-24,2306,中科云网,0.40224537
23,2025-01-22,300159,新研股份,0.4007942
24,2025-01-22,2090,金智科技,0.3995553
25,2025-01-24,600228,返利科技,0.39470863
26,2025-01-24,2789,建艺集团,0.39043257
27,2025-01-24,600243,青海华鼎,0.38774815
28,2025-01-22,600228,返利科技,0.3837441
29,2025-01-22,691,亚太实业,0.38164273
30,2025-01-23,600228,返利科技,0.3792366
31,2025-01-23,2253,川大智胜,0.37665877
32,2025-01-24,300190,维尔利,0.37585047
33,2025-01-23,300902,国安达,0.37441674
34,2025-01-24,688522,纳睿雷达,0.36605912
35,2025-01-22,600238,海南椰岛,0.36514363
36,2025-01-23,600238,海南椰岛,0.3637174
37,2025-01-24,300159,新研股份,0.36118588
38,2025-01-22,4,国华网安,0.35974875
39,2025-01-24,300902,国安达,0.35897985
40,2025-01-24,600238,海南椰岛,0.3583239
41,2025-01-24,2848,高斯贝尔,0.35414815
42,2025-01-24,2373,千方科技,0.3525939
43,2025-01-23,300159,新研股份,0.35118052
44,2025-01-23,1208,华菱线缆,0.3498129
45,2025-01-23,2674,兴业科技,0.34668067
46,2025-01-24,4,国华网安,0.34466568
47,2025-01-24,603261,立航科技,0.34413186
48,2025-01-22,688426,康为世纪,0.34247395
49,2025-01-23,691,亚太实业,0.34246185
50,2025-01-23,4,国华网安,0.34095863
51,2025-01-24,736,中交地产,0.33611497
52,2025-01-22,2816,和科达,0.33380216
53,2025-01-23,2199,东晶电子,0.33280268
54,2025-01-24,605033,美邦股份,0.33081752
55,2025-01-22,600421,华嵘控股,0.33069775
56,2025-01-23,600421,华嵘控股,0.32682085
57,2025-01-23,2358,森源电气,0.32136127
58,2025-01-23,736,中交地产,0.32085428
59,2025-01-24,601515,东峰集团,0.31998006
60,2025-01-22,2199,东晶电子,0.3199785
61,2025-01-23,688408,中信博,0.3193475
62,2025-01-24,2199,东晶电子,0.31631532
63,2025-01-23,688085,三友医疗,0.31464726
64,2025-01-22,600936,广西广电,0.31301233
65,2025-01-23,2496,辉丰股份,0.31219265
66,2025-01-23,300827,上能电气,0.31022167
67,2025-01-24,691,亚太实业,0.30705088
68,2025-01-22,688085,三友医疗,0.3038732
69,2025-01-24,3033,征和工业,0.30372968
70,2025-01-22,3013,地铁设计,0.30035716
71,2025-01-24,600421,华嵘控股,0.29855707
72,2025-01-22,300422,博世科,0.298066
73,2025-01-24,688362,甬矽电子,0.29803678
74,2025-01-23,2762,金发拉比,0.29789513
75,2025-01-24,816,智慧农业,0.297119
76,2025-01-22,600558,大西洋,0.29473177
77,2025-01-22,688511,天微电子,0.29468247
78,2025-01-22,600355,精伦电子,0.29420587
79,2025-01-24,600446,金证股份,0.29291156
80,2025-01-24,688253,英诺特,0.29184037
81,2025-01-24,603135,中重科技,0.29037425
82,2025-01-23,300537,广信材料,0.28940484
83,2025-01-22,300529,健帆生物,0.28913578
84,2025-01-23,688426,康为世纪,0.28893706
85,2025-01-24,603101,汇嘉时代,0.28851604
86,2025-01-23,2306,中科云网,0.28844067
87,2025-01-24,603777,来伊份,0.28786594
88,2025-01-22,603868,飞科电器,0.28749084
89,2025-01-23,301600,慧翰股份,0.28514045
90,2025-01-24,2122,汇洲智能,0.2806983
91,2025-01-23,688244,永信至诚,0.28050786
92,2025-01-22,2546,新联电子,0.280279
93,2025-01-24,300985,致远新能,0.27765438
94,2025-01-23,603838,四通股份,0.2752061
95,2025-01-23,2529,海源复材,0.27110872
96,2025-01-24,688085,三友医疗,0.2679946
97,2025-01-22,2762,金发拉比,0.26771188
98,2025-01-22,301030,仕净科技,0.26512748
99,2025-01-24,2674,兴业科技,0.2616196
100,2025-01-23,600355,精伦电子,0.2613516
101,2025-01-24,600355,精伦电子,0.26023325
102,2025-01-23,688053,思科瑞,0.26006377
103,2025-01-23,2825,纳尔股份,0.25992513
104,2025-01-23,2414,高德红外,0.25801864
105,2025-01-23,688511,天微电子,0.2578092
106,2025-01-22,688053,思科瑞,0.25716457
107,2025-01-23,600539,狮头股份,0.25622776
108,2025-01-24,688053,思科瑞,0.25619525
109,2025-01-23,301397,溯联股份,0.25619164
110,2025-01-24,688408,中信博,0.25499675
111,2025-01-23,2122,汇洲智能,0.2524918
112,2025-01-22,300827,上能电气,0.2514591
113,2025-01-22,300853,申昊科技,0.24974597
114,2025-01-22,2068,黑猫股份,0.24927586
115,2025-01-24,301600,慧翰股份,0.24899767
116,2025-01-24,600539,狮头股份,0.24822569
117,2025-01-22,601515,东峰集团,0.2480092
118,2025-01-22,603387,基蛋生物,0.24800824
119,2025-01-24,603682,锦和商管,0.24688555
120,2025-01-22,603101,汇嘉时代,0.24644776
121,2025-01-23,600187,国中水务,0.24524781
122,2025-01-22,300959,线上线下,0.243419
123,2025-01-24,2762,金发拉比,0.24313326
124,2025-01-23,603389,亚振家居,0.24244435
125,2025-01-22,600539,狮头股份,0.24181359
126,2025-01-24,600892,大晟文化,0.24143955
127,2025-01-22,816,智慧农业,0.2412952
128,2025-01-24,2418,康盛股份,0.24081643
129,2025-01-24,2603,以岭药业,0.2404717
130,2025-01-24,688229,博睿数据,0.23992123
131,2025-01-23,816,智慧农业,0.2398371
132,2025-01-22,603389,亚振家居,0.2396004
133,2025-01-23,2852,道道全,0.23923764
134,2025-01-24,688426,康为世纪,0.23895814
135,2025-01-23,300655,晶瑞电材,0.2389357
136,2025-01-22,301600,慧翰股份,0.23739149
137,2025-01-24,2693,双成药业,0.23395534
138,2025-01-24,822,山东海化,0.2337731
139,2025-01-24,600129,太极集团,0.2337731
140,2025-01-24,603838,四通股份,0.23285864
141,2025-01-24,300250,初灵信息,0.23148106
142,2025-01-23,668,荣丰控股,0.23058926
143,2025-01-23,600128,苏豪弘业,0.2292325
144,2025-01-23,301327,华宝新能,0.22888269
145,2025-01-23,300572,安车检测,0.22747992
146,2025-01-24,2184,海得控制,0.2274581
147,2025-01-22,2613,北玻股份,0.22711593
148,2025-01-23,301310,鑫宏业,0.22646043
149,2025-01-22,603221,爱丽家居,0.22633582
150,2025-01-24,600128,苏豪弘业,0.22503673
151,2025-01-24,2058,威尔泰,0.2245264
152,2025-01-23,603135,中重科技,0.22438225
153,2025-01-23,603836,海程邦达,0.22399294
154,2025-01-23,3013,地铁设计,0.22384216
155,2025-01-23,2418,康盛股份,0.22377326
156,2025-01-23,688362,甬矽电子,0.22346242
157,2025-01-23,300996,普联软件,0.22324492
158,2025-01-22,2693,双成药业,0.22275333
159,2025-01-24,2068,黑猫股份,0.22094716
160,2025-01-23,601515,东峰集团,0.22027145
161,2025-01-23,603682,锦和商管,0.22018425
162,2025-01-23,605033,美邦股份,0.21917169
163,2025-01-24,600811,东方集团,0.21886584
164,2025-01-22,736,中交地产,0.21846884
165,2025-01-23,300900,广联航空,0.2177465
166,2025-01-23,603895,天永智能,0.21753398
167,2025-01-22,603398,沐邦高科,0.21753104
168,2025-01-22,2789,建艺集团,0.21717112
169,2025-01-22,2418,康盛股份,0.21705277
170,2025-01-24,300827,上能电气,0.21697724
171,2025-01-23,300829,金丹科技,0.21667148
172,2025-01-24,603789,星光农机,0.21617188
173,2025-01-24,688511,天微电子,0.21570435
174,2025-01-24,605081,太和水,0.21527904
175,2025-01-23,759,中百集团,0.2147397
176,2025-01-24,600358,国旅联合,0.21429895
177,2025-01-23,301030,仕净科技,0.21380343
178,2025-01-23,300959,线上线下,0.21274446
179,2025-01-24,600187,国中水务,0.21230806
180,2025-01-24,2295,精艺股份,0.2119315
181,2025-01-23,2693,双成药业,0.21011761
182,2025-01-24,300479,神思电子,0.2092717
183,2025-01-24,603389,亚振家居,0.20909618
184,2025-01-23,2848,高斯贝尔,0.20894597
185,2025-01-24,601211,国泰君安,0.20835741
186,2025-01-23,605305,中际联合,0.20810945
187,2025-01-22,600610,中毅达,0.20794462
188,2025-01-23,605180,华生科技,0.2078689
189,2025-01-23,603177,德创环保,0.20766997
190,2025-01-22,600268,国电南自,0.20758481
191,2025-01-24,759,中百集团,0.20737876
192,2025-01-24,301502,华阳智能,0.20673598
193,2025-01-22,2972,科安达,0.20614694
194,2025-01-22,2196,方正电机,0.20608513
195,2025-01-22,300510,金冠股份,0.20600665
196,2025-01-24,16,深康佳Ａ,0.20547606
197,2025-01-24,688656,浩欧博,0.20421758
198,2025-01-23,300437,清水源,0.20387997
199,2025-01-23,300451,创业慧康,0.203686
200,2025-01-24,603177,德创环保,0.20254532
201,2025-01-24,820,神雾节能,0.20140815
202,2025-01-23,2667,威领股份,0.20132104
203,2025-01-22,659,珠海中富,0.20093305
204,2025-01-24,2816,和科达,0.20009468
205,2025-01-23,300853,申昊科技,0.19995181
206,2025-01-24,600588,用友网络,0.1998599
207,2025-01-22,601718,际华集团,0.1991428
208,2025-01-22,600589,大位科技,0.19870512
209,2025-01-23,600610,中毅达,0.19842678
210,2025-01-22,2253,川大智胜,0.19840139
211,2025-01-22,818,航锦科技,0.19738132
212,2025-01-23,2090,金智科技,0.1973644
213,2025-01-23,2816,和科达,0.19685207
214,2025-01-22,300996,普联软件,0.19603883
215,2025-01-24,600371,万向德农,0.19543503
216,2025-01-23,601882,海天精工,0.19540809
217,2025-01-22,603682,锦和商管,0.19539985
218,2025-01-22,300437,清水源,0.19489236
219,2025-01-24,688231,隆达股份,0.19476168
220,2025-01-23,603101,汇嘉时代,0.19471218
221,2025-01-23,603868,飞科电器,0.1946057
222,2025-01-24,802,北京文化,0.19382356
223,2025-01-22,2440,闰土股份,0.19378342
224,2025-01-22,605033,美邦股份,0.19320579
225,2025-01-24,301397,溯联股份,0.19271967
226,2025-01-23,603777,来伊份,0.19187482
227,2025-01-22,688062,迈威生物-U,0.19170046
228,2025-01-23,2645,华宏科技,0.19124681
229,2025-01-24,603922,金鸿顺,0.19070752
230,2025-01-24,300959,线上线下,0.19058077
231,2025-01-24,600778,友好集团,0.1904795
232,2025-01-22,1208,华菱线缆,0.1902579
233,2025-01-23,300981,中红医疗,0.18998079
234,2025-01-23,16,深康佳Ａ,0.1895715
235,2025-01-23,2068,黑猫股份,0.18951923
236,2025-01-22,2729,好利科技,0.18887933
237,2025-01-24,603173,福斯达,0.18881845
238,2025-01-22,3001,中岩大地,0.18866746
239,2025-01-22,518,四环生物,0.18820815
240,2025-01-23,2020,京新药业,0.18810977
241,2025-01-22,2306,中科云网,0.18804471
242,2025-01-23,600778,友好集团,0.18760596
243,2025-01-23,605369,拱东医疗,0.18723351
244,2025-01-24,603021,山东华鹏,0.18691206
245,2025-01-24,2096,易普力,0.18686806
246,2025-01-22,301062,上海艾录,0.18669611
247,2025-01-24,300537,广信材料,0.1865972
248,2025-01-23,2423,中粮资本,0.18630873
249,2025-01-23,603511,爱慕股份,0.18627785
250,2025-01-24,2144,宏达高科,0.18598609
251,2025-01-24,301248,杰创智能,0.18559258
252,2025-01-22,2603,以岭药业,0.18545546
253,2025-01-24,300853,申昊科技,0.18543346
254,2025-01-24,600589,大位科技,0.18511131
255,2025-01-22,600094,大名城,0.18490365
256,2025-01-24,2825,纳尔股份,0.18481614
257,2025-01-22,2329,皇氏集团,0.18426241
258,2025-01-24,301159,三维天地,0.18356432
259,2025-01-23,300248,新开普,0.18349905
260,2025-01-23,300529,健帆生物,0.18319851
261,2025-01-24,603636,南威软件,0.18290941
262,2025-01-23,300422,博世科,0.18247874
263,2025-01-23,659,珠海中富,0.18236966
264,2025-01-23,2829,星网宇达,0.18207763
265,2025-01-24,2973,侨银股份,0.18135753
266,2025-01-23,603261,立航科技,0.18130222
267,2025-01-22,2829,星网宇达,0.18109973
268,2025-01-22,301037,保立佳,0.1806866
269,2025-01-24,300437,清水源,0.18063323
270,2025-01-24,600624,复旦复华,0.18042292
271,2025-01-23,2847,盐津铺子,0.18028079
272,2025-01-22,301095,广立微,0.17999113
273,2025-01-23,300987,川网传媒,0.17998566
274,2025-01-24,2970,锐明技术,0.17954002
275,2025-01-23,688143,长盈通,0.17945509
276,2025-01-23,903,云内动力,0.1790114
277,2025-01-23,2771,真视通,0.17868878
278,2025-01-24,605128,上海沿浦,0.17865227
279,2025-01-24,600881,亚泰集团,0.17830992
280,2025-01-23,2184,海得控制,0.17794819
281,2025-01-24,300463,迈克生物,0.17740756
282,2025-01-22,688362,甬矽电子,0.17733361
283,2025-01-23,688062,迈威生物-U,0.17673124
284,2025-01-23,603031,安孚科技,0.17655483
285,2025-01-24,600053,九鼎投资,0.17570822
286,2025-01-24,301062,上海艾录,0.1755845
287,2025-01-23,688311,盟升电子,0.17546947
288,2025-01-24,300344,立方数科,0.17524786
289,2025-01-23,2625,光启技术,0.17438498
290,2025-01-22,301129,瑞纳智能,0.17417513
291,2025-01-23,300988,津荣天宇,0.17406052
292,2025-01-24,300418,昆仑万维,0.17380339
293,2025-01-24,605338,巴比食品,0.17372215
294,2025-01-23,601211,国泰君安,0.17339367
295,2025-01-24,826,启迪环境,0.173332
296,2025-01-23,31,大悦城,0.17303886
297,2025-01-22,603332,苏州龙杰,0.17301561
298,2025-01-24,300583,赛托生物,0.17296132
299,2025-01-24,300710,万隆光电,0.17278074
300,2025-01-23,600589,大位科技,0.1726126
301,2025-01-22,300095,华伍股份,0.17227861
302,2025-01-23,2542,中化岩土,0.17191945
303,2025-01-24,2090,金智科技,0.17170165
304,2025-01-23,61,农 产 品,0.17130055
305,2025-01-23,300256,星星科技,0.17115702
306,2025-01-24,300829,金丹科技,0.17104936
307,2025-01-23,2291,遥望科技,0.17084737
308,2025-01-24,300451,创业慧康,0.17062984
309,2025-01-24,2346,柘中股份,0.17030643
310,2025-01-22,603177,德创环保,0.17002071
311,2025-01-24,2724,海洋王,0.16969576
312,2025-01-22,300812,易天股份,0.16943978
313,2025-01-24,2214,大立科技,0.16873153
314,2025-01-22,2386,天原股份,0.16869043
315,2025-01-24,600724,宁波富达,0.1685951
316,2025-01-23,2921,联诚精密,0.16859327
317,2025-01-22,2446,盛路通信,0.16855834
318,2025-01-24,603895,天永智能,0.16848102
319,2025-01-24,2829,星网宇达,0.16828336
320,2025-01-24,300626,华瑞股份,0.16799675
321,2025-01-23,2298,中电兴发,0.16780339
322,2025-01-23,2446,盛路通信,0.1677228
323,2025-01-22,688047,龙芯中科,0.16755266
324,2025-01-24,799,酒鬼酒,0.16740759
325,2025-01-23,2603,以岭药业,0.16736859
326,2025-01-23,300473,德尔股份,0.16695392
327,2025-01-23,601336,新华保险,0.16694902
328,2025-01-22,600419,天润乳业,0.16673909
329,2025-01-24,603836,海程邦达,0.16663657
330,2025-01-23,600837,海通证券,0.16637647
331,2025-01-24,903,云内动力,0.1662622
332,2025-01-24,300932,三友联众,0.16601993
333,2025-01-24,300130,新国都,0.16577129
334,2025-01-23,301589,诺瓦星云,0.16557558
335,2025-01-23,929,兰州黄河,0.16517995
336,2025-01-24,688311,盟升电子,0.16495538
337,2025-01-22,2439,启明星辰,0.16488396
338,2025-01-24,600702,舍得酒业,0.16440295
339,2025-01-23,2407,多氟多,0.16426045
340,2025-01-22,688621,阳光诺和,0.16424946
341,2025-01-22,600128,苏豪弘业,0.16420335
342,2025-01-23,688358,祥生医疗,0.16418166
343,2025-01-24,761,本钢板材,0.16414063
344,2025-01-24,3037,三和管桩,0.16394264
345,2025-01-23,688651,盛邦安全,0.16382748
346,2025-01-22,688311,盟升电子,0.1638004
347,2025-01-24,2291,遥望科技,0.16330452
348,2025-01-24,488,晨鸣纸业,0.16320062
349,2025-01-24,688062,迈威生物-U,0.16318226
350,2025-01-23,601727,上海电气,0.1631055
351,2025-01-23,300583,赛托生物,0.16302
352,2025-01-22,300155,安居宝,0.16288415
353,2025-01-24,688551,科威尔,0.16272764
354,2025-01-24,2439,启明星辰,0.1626963
355,2025-01-22,688246,嘉和美康,0.16264845
356,2025-01-23,2004,华邦健康,0.16143054
357,2025-01-23,600390,五矿资本,0.1614163
358,2025-01-24,605296,神农集团,0.16141488
359,2025-01-22,600458,时代新材,0.16136523
360,2025-01-24,78,海王生物,0.16131704
361,2025-01-23,2637,赞宇科技,0.16100301
362,2025-01-23,890,法尔胜,0.16078371
363,2025-01-22,605369,拱东医疗,0.16066235
364,2025-01-22,688114,华大智造,0.16064669
365,2025-01-23,600746,江苏索普,0.16062663
366,2025-01-24,600714,金瑞矿业,0.16052666
367,2025-01-22,603901,永创智能,0.16037454
368,2025-01-23,300229,拓尔思,0.16022536
369,2025-01-21,688350,富淼科技,0.16019826
370,2025-01-23,600358,国旅联合,0.1601353
371,2025-01-24,600837,海通证券,0.16005254
372,2025-01-22,2190,成飞集成,0.15998347
373,2025-01-22,688717,艾罗能源,0.1599709
374,2025-01-23,2866,传艺科技,0.15953372
375,2025-01-22,603988,中电电机,0.15943384
376,2025-01-24,3013,地铁设计,0.1593454
377,2025-01-24,300188,国投智能,0.1592914
378,2025-01-24,603678,火炬电子,0.15913801
379,2025-01-24,600184,光电股份,0.1591379
380,2025-01-24,688651,盛邦安全,0.15909988
381,2025-01-23,2086,东方海洋,0.1590429
382,2025-01-23,688231,隆达股份,0.15886429
383,2025-01-23,2193,如意集团,0.15857396
384,2025-01-23,2440,闰土股份,0.1585279
385,2025-01-24,300365,恒华科技,0.15839684
386,2025-01-23,600714,金瑞矿业,0.15811314
387,2025-01-22,603777,来伊份,0.15796198
388,2025-01-24,300256,星星科技,0.15770404
389,2025-01-24,600080,金花股份,0.15770184
390,2025-01-24,2193,如意集团,0.1576794
391,2025-01-22,688166,博瑞医药,0.15764229
392,2025-01-22,681,视觉中国,0.1568307
393,2025-01-24,2767,先锋电子,0.15680544
394,2025-01-24,688258,卓易信息,0.15680286
395,2025-01-24,300699,光威复材,0.15643977
396,2025-01-23,300510,金冠股份,0.15618709
397,2025-01-22,688256,寒武纪-U,0.15599896
398,2025-01-24,31,大悦城,0.15599804
399,2025-01-22,2229,鸿博股份,0.15574512
400,2025-01-23,688114,华大智造,0.15555635
401,2025-01-23,603988,中电电机,0.15529247
402,2025-01-24,2667,威领股份,0.15518966
403,2025-01-24,300226,上海钢联,0.15497968
404,2025-01-24,518,四环生物,0.15495381
405,2025-01-23,826,启迪环境,0.15489829
406,2025-01-24,603289,泰瑞机器,0.15475978
407,2025-01-24,688244,永信至诚,0.15442806
408,2025-01-22,688429,时创能源,0.15441306
409,2025-01-24,600423,柳化股份,0.15422833
410,2025-01-23,78,海王生物,0.15405963
411,2025-01-23,600094,大名城,0.15385176
412,2025-01-24,300572,安车检测,0.15376523
413,2025-01-24,301005,超捷股份,0.1533171
414,2025-01-22,2737,葵花药业,0.15320477
415,2025-01-22,300080,易成新能,0.15297493
416,2025-01-23,300723,一品红,0.15295416
417,2025-01-22,688193,仁度生物,0.15292539
418,2025-01-24,2414,高德红外,0.15290223
419,2025-01-23,600811,东方集团,0.15279761
420,2025-01-23,2229,鸿博股份,0.15260908
421,2025-01-22,688162,巨一科技,0.15234518
422,2025-01-22,2529,海源复材,0.15206368
423,2025-01-23,3001,中岩大地,0.1520526
424,2025-01-23,2190,成飞集成,0.15205209
425,2025-01-24,561,烽火电子,0.15202892
426,2025-01-24,659,珠海中富,0.15188794
427,2025-01-23,600881,亚泰集团,0.15185319
428,2025-01-24,1208,华菱线缆,0.15183453
429,2025-01-22,2180,纳思达,0.1517209
430,2025-01-23,688717,艾罗能源,0.15168366
431,2025-01-22,2193,如意集团,0.15163483
432,2025-01-22,300825,阿尔特,0.15163311
433,2025-01-23,300080,易成新能,0.15159559
434,2025-01-23,600936,广西广电,0.15158749
435,2025-01-24,600626,申达股份,0.15138094
436,2025-01-23,301062,上海艾录,0.15126379
437,2025-01-24,603813,原尚股份,0.15112676
438,2025-01-23,603192,汇得科技,0.15061277
439,2025-01-23,802,北京文化,0.15060775
440,2025-01-24,2358,森源电气,0.1503546
441,2025-01-23,300932,三友联众,0.15020761
442,2025-01-23,301129,瑞纳智能,0.15020022
443,2025-01-24,300080,易成新能,0.15010476
444,2025-01-24,300529,健帆生物,0.15009223
445,2025-01-22,300435,中泰股份,0.14981836
446,2025-01-24,2578,闽发铝业,0.14981166
447,2025-01-24,300634,彩讯股份,0.14955778
448,2025-01-24,300751,迈为股份,0.14929606
449,2025-01-24,603929,亚翔集成,0.14915855
450,2025-01-22,600881,亚泰集团,0.14905186
451,2025-01-24,300044,赛为智能,0.14904419
452,2025-01-24,2692,远程股份,0.14888301
453,2025-01-24,603511,爱慕股份,0.14883386
454,2025-01-24,2645,华宏科技,0.14869268
455,2025-01-24,2678,珠江钢琴,0.14838828
456,2025-01-24,301037,保立佳,0.14814653
457,2025-01-22,300154,瑞凌股份,0.14806704
458,2025-01-24,300687,赛意信息,0.14791214
459,2025-01-24,600556,天下秀,0.14780669
460,2025-01-23,518,四环生物,0.14780116
461,2025-01-24,301566,达利凯普,0.14776632
462,2025-01-22,603838,四通股份,0.14772397
463,2025-01-22,1201,东瑞股份,0.14766735
464,2025-01-24,600405,动力源,0.14723432
465,2025-01-22,2571,德力股份,0.14722425
466,2025-01-24,300296,利亚德,0.14704928
467,2025-01-22,2291,遥望科技,0.14702746
468,2025-01-22,2918,蒙娜丽莎,0.14700073
469,2025-01-23,2585,双星新材,0.14696817
470,2025-01-22,1301,尚太科技,0.1469661
471,2025-01-23,632,三木集团,0.14676735
472,2025-01-22,300473,德尔股份,0.14640191
473,2025-01-22,301355,南王科技,0.14634734
474,2025-01-24,2542,中化岩土,0.14632013
475,2025-01-22,601138,工业富联,0.14626174
476,2025-01-22,688016,心脉医疗,0.14606851
477,2025-01-24,688358,祥生医疗,0.14583221
478,2025-01-24,603868,飞科电器,0.14574838
479,2025-01-24,603486,科沃斯,0.14564316
480,2025-01-24,2086,东方海洋,0.14548124
481,2025-01-22,2573,清新环境,0.14504594
482,2025-01-22,688303,大全能源,0.14493452
483,2025-01-22,2004,华邦健康,0.144929
484,2025-01-24,600753,庚星股份,0.14456615
485,2025-01-23,600371,万向德农,0.14434321
486,2025-01-22,2802,洪汇新材,0.14417386
487,2025-01-22,600811,东方集团,0.1441228
488,2025-01-22,903,云内动力,0.14410913
489,2025-01-22,929,兰州黄河,0.14407618
490,2025-01-23,688350,富淼科技,0.143864
491,2025-01-22,16,深康佳Ａ,0.14366621
492,2025-01-24,2847,盐津铺子,0.14353591
493,2025-01-23,2329,皇氏集团,0.14331578
494,2025-01-22,300044,赛为智能,0.1433109
495,2025-01-22,605069,正和生态,0.14320777
496,2025-01-24,2420,毅昌科技,0.14300635
497,2025-01-22,600491,龙元建设,0.14287002
498,2025-01-24,300763,锦浪科技,0.14280184
499,2025-01-24,2445,中南文化,0.14239825
500,2025-01-14,300307,慈星股份,0.1422588
501,2025-01-22,2296,辉煌科技,0.14212744
502,2025-01-23,301502,华阳智能,0.14210324
503,2025-01-22,603155,新亚强,0.1420793
504,2025-01-23,300812,易天股份,0.14191458
505,2025-01-24,300438,鹏辉能源,0.14191203
506,2025-01-23,300130,新国都,0.14184819
507,2025-01-22,603922,金鸿顺,0.14162835
508,2025-01-22,723,美锦能源,0.14142798
509,2025-01-24,632,三木集团,0.14141273
510,2025-01-22,688041,海光信息,0.14079277
511,2025-01-22,2096,易普力,0.14079136
512,2025-01-24,793,华闻集团,0.14051796
513,2025-01-24,2446,盛路通信,0.14045331
514,2025-01-23,603789,星光农机,0.1404248
515,2025-01-23,600556,天下秀,0.14030784
516,2025-01-24,300968,格林精密,0.14020011
517,2025-01-23,300044,赛为智能,0.14004444
518,2025-01-22,688410,山外山,0.14002144
519,2025-01-24,2190,成飞集成,0.13996619
520,2025-01-24,2550,千红制药,0.13956091
521,2025-01-22,300581,晨曦航空,0.1393922
522,2025-01-24,300655,晶瑞电材,0.1391271
523,2025-01-22,600600,青岛啤酒,0.13909166
524,2025-01-24,2760,凤形股份,0.1389429
525,2025-01-24,300473,德尔股份,0.13888922
526,2025-01-23,2457,青龙管业,0.1387878
527,2025-01-24,586,汇源通信,0.13856435
528,2025-01-22,826,启迪环境,0.13844065
529,2025-01-22,603021,山东华鹏,0.13822572
530,2025-01-22,600052,东望时代,0.13799
531,2025-01-24,906,浙商中拓,0.13790631
532,2025-01-23,603596,伯特利,0.13761604
533,2025-01-23,2150,通润装备,0.1374675
534,2025-01-22,2563,森马服饰,0.13739392
535,2025-01-24,600708,光明地产,0.13723764
536,2025-01-24,300460,惠伦晶体,0.13654979
537,2025-01-23,300323,华灿光电,0.13644892
538,2025-01-24,605566,福莱蒽特,0.13612893
539,2025-01-22,605333,沪光股份,0.13583718
540,2025-01-23,603010,万盛股份,0.13563088
541,2025-01-23,600724,宁波富达,0.13551489
542,2025-01-24,688058,宝兰德,0.13550574
543,2025-01-24,600886,国投电力,0.13546585
544,2025-01-22,2542,中化岩土,0.13540114
545,2025-01-23,301357,北方长龙,0.13538042
546,2025-01-23,301095,广立微,0.13528611
547,2025-01-22,603882,金域医学,0.13526572
548,2025-01-24,929,兰州黄河,0.13513677
549,2025-01-24,300900,广联航空,0.1351186
550,2025-01-23,600423,柳化股份,0.13505816
551,2025-01-24,688228,开普云,0.13505355
552,2025-01-23,301152,天力锂能,0.13487315
553,2025-01-24,2229,鸿博股份,0.13486573
554,2025-01-24,300229,拓尔思,0.13452972
555,2025-01-24,695,滨海能源,0.13447464
556,2025-01-23,1301,尚太科技,0.13437755
557,2025-01-23,600216,浙江医药,0.13429129
558,2025-01-13,300307,慈星股份,0.13422447
559,2025-01-22,2757,南兴股份,0.13419004
560,2025-01-24,301357,北方长龙,0.13409947
561,2025-01-23,603922,金鸿顺,0.13385458
562,2025-01-22,300988,津荣天宇,0.13378434
563,2025-01-24,503,国新健康,0.13361408
564,2025-01-22,300123,亚光科技,0.13347971
565,2025-01-24,932,华菱钢铁,0.13344258
566,2025-01-22,300992,泰福泵业,0.13343972
567,2025-01-22,2356,赫美集团,0.13342975
568,2025-01-23,2170,芭田股份,0.13336253
569,2025-01-23,2918,蒙娜丽莎,0.13324851
570,2025-01-24,2631,德尔未来,0.13323097
571,2025-01-23,603221,爱丽家居,0.13316615
572,2025-01-23,300123,亚光科技,0.13316213
573,2025-01-24,890,法尔胜,0.13308457
574,2025-01-24,301327,华宝新能,0.13303742
575,2025-01-24,688198,佰仁医疗,0.13295877
576,2025-01-22,600636,国新文化,0.13278444
577,2025-01-24,600172,黄河旋风,0.1326458
578,2025-01-22,603995,甬金股份,0.13261996
579,2025-01-23,300087,荃银高科,0.13261798
580,2025-01-24,2636,金安国纪,0.13259666
581,2025-01-22,300057,万顺新材,0.13259563
582,2025-01-23,2780,三夫户外,0.13237035
583,2025-01-23,2449,国星光电,0.1323126
584,2025-01-22,300572,安车检测,0.13229641
585,2025-01-24,688337,普源精电,0.13227256
586,2025-01-23,2830,名雕股份,0.13212785
587,2025-01-22,603181,皇马科技,0.13208403
588,2025-01-23,300098,高新兴,0.13204214
589,2025-01-22,600172,黄河旋风,0.13176541
590,2025-01-24,688183,生益电子,0.13155356
591,2025-01-13,688667,菱电电控,0.13149233
592,2025-01-22,301152,天力锂能,0.13145703
593,2025-01-24,603496,恒为科技,0.13129672
594,2025-01-24,688562,航天软件,0.13126002
595,2025-01-23,782,恒申新材,0.13116264
596,2025-01-22,688308,欧科亿,0.13105792
597,2025-01-22,688244,永信至诚,0.13103901
598,2025-01-23,300989,蕾奥规划,0.1309449
599,2025-01-24,688339,亿华通-U,0.13081284
600,2025-01-23,300154,瑞凌股份,0.13067654
601,2025-01-23,600705,中航产融,0.13066615
602,2025-01-23,617,中油资本,0.13061237
603,2025-01-22,300040,九洲集团,0.13055733
604,2025-01-22,2674,兴业科技,0.1305536
605,2025-01-24,2153,石基信息,0.13045521
606,2025-01-24,2170,芭田股份,0.13039017
607,2025-01-22,301120,新特电气,0.13038127
608,2025-01-23,301037,保立佳,0.13016525
609,2025-01-22,627,天茂集团,0.13009784
610,2025-01-24,688292,浩瀚深度,0.12991217
611,2025-01-24,688627,精智达,0.12985095
612,2025-01-10,972,中基健康,0.12974055
613,2025-01-24,2449,国星光电,0.1297102
614,2025-01-22,600837,海通证券,0.12970172
615,2025-01-22,301555,惠柏新材,0.12961678
616,2025-01-24,301129,瑞纳智能,0.12957473
617,2025-01-22,600724,宁波富达,0.12952714
618,2025-01-24,61,农 产 品,0.1294101
619,2025-01-23,600406,国电南瑞,0.12928468
620,2025-01-23,300763,锦浪科技,0.12927473
621,2025-01-24,300420,五洋自控,0.12924652
622,2025-01-23,2483,润邦股份,0.12918182
623,2025-01-23,2578,闽发铝业,0.12916043
624,2025-01-23,603322,超讯通信,0.12912953
625,2025-01-22,300687,赛意信息,0.12886135
626,2025-01-22,300420,五洋自控,0.12871146
627,2025-01-24,603286,日盈电子,0.12864089
628,2025-01-24,2298,中电兴发,0.12858555
629,2025-01-24,2453,华软科技,0.12830272
630,2025-01-24,300567,精测电子,0.12805787
631,2025-01-23,300391,长药控股,0.12805383
632,2025-01-23,818,航锦科技,0.12799712
633,2025-01-23,688429,时创能源,0.12796545
634,2025-01-23,2439,启明星辰,0.12789562
635,2025-01-23,600446,金证股份,0.12777601
636,2025-01-23,300420,五洋自控,0.12776679
637,2025-01-23,2346,柘中股份,0.1276179
638,2025-01-22,600892,大晟文化,0.12760778
639,2025-01-22,2578,闽发铝业,0.1275435
640,2025-01-23,688627,精智达,0.12751983
641,2025-01-24,600800,渤海化学,0.12749454
642,2025-01-22,600859,王府井,0.12748265
643,2025-01-22,600714,金瑞矿业,0.12745611
644,2025-01-24,301315,威士顿,0.12742849
645,2025-01-23,2631,德尔未来,0.12738186
646,2025-01-24,300677,英科医疗,0.12733012
647,2025-01-24,603025,大豪科技,0.12713191
648,2025-01-22,600173,卧龙地产,0.1270804
649,2025-01-23,2945,华林证券,0.12698948
650,2025-01-23,600558,大西洋,0.12679516
651,2025-01-24,300379,东方通,0.12673445
652,2025-01-23,688345,博力威,0.12667955
653,2025-01-23,300518,新迅达,0.12650639
654,2025-01-22,603269,海鸥股份,0.12650327
655,2025-01-24,600436,片仔癀,0.12631868
656,2025-01-22,688156,路德环境,0.1262904
657,2025-01-24,1313,粤海饲料,0.12622967
658,2025-01-24,603977,国泰集团,0.12619044
659,2025-01-22,600080,金花股份,0.12616675
660,2025-01-24,600487,亨通光电,0.1261358
661,2025-01-22,600076,康欣新材,0.1260358
662,2025-01-22,603801,志邦家居,0.12598531
663,2025-01-22,603618,杭电股份,0.12598266
664,2025-01-23,2025,航天电器,0.12576227
665,2025-01-24,300608,思特奇,0.12565732
666,2025-01-24,300989,蕾奥规划,0.12563431
667,2025-01-22,301357,北方长龙,0.12560715
668,2025-01-23,881,中广核技,0.12560537
669,2025-01-24,300098,高新兴,0.12559226
670,2025-01-24,300556,丝路视觉,0.12551413
671,2025-01-23,301268,铭利达,0.12549786
672,2025-01-23,600708,光明地产,0.12548426
673,2025-01-24,601727,上海电气,0.1254527
674,2025-01-22,300982,苏文电能,0.12535839
675,2025-01-22,688126,沪硅产业,0.12517805
676,2025-01-22,688522,纳睿雷达,0.12513879
677,2025-01-24,1330,博纳影业,0.12510906
678,2025-01-23,2760,凤形股份,0.124919236
679,2025-01-22,300391,长药控股,0.124846965
680,2025-01-24,688695,中创股份,0.124715865
681,2025-01-23,695,滨海能源,0.12463029
682,2025-01-23,600600,青岛啤酒,0.124503046
683,2025-01-22,600067,冠城新材,0.12442158
684,2025-01-23,603191,望变电气,0.12439443
685,2025-01-24,2004,华邦健康,0.12438756
686,2025-01-22,688161,威高骨科,0.124331504
687,2025-01-22,603898,好莱客,0.12425864
688,2025-01-23,2737,葵花药业,0.12416738
689,2025-01-24,600734,实达集团,0.12409568
690,2025-01-24,600797,浙大网新,0.124035165
691,2025-01-22,600202,哈空调,0.12396644
692,2025-01-24,603012,创力集团,0.12394594
693,2025-01-24,688193,仁度生物,0.1238974
694,2025-01-22,300343,联创股份,0.12385729
695,2025-01-24,688327,云从科技-UW,0.123778895
696,2025-01-24,2137,实益达,0.12367651
697,2025-01-24,600076,康欣新材,0.12364198
698,2025-01-24,2407,多氟多,0.1235663
699,2025-01-22,603596,伯特利,0.12353702
700,2025-01-24,601330,绿色动力,0.123527795
701,2025-01-23,681,视觉中国,0.12351628
702,2025-01-24,2520,日发精机,0.123321846
703,2025-01-24,688717,艾罗能源,0.12328382
704,2025-01-22,688143,长盈通,0.12327966
705,2025-01-23,605081,太和水,0.12327604
706,2025-01-24,300154,瑞凌股份,0.12325974
707,2025-01-23,300751,迈为股份,0.12320079
708,2025-01-23,300499,高澜股份,0.12310268
709,2025-01-22,300783,三只松鼠,0.1230603
710,2025-01-22,603031,安孚科技,0.12297769
711,2025-01-24,2717,岭南股份,0.12286739
712,2025-01-22,688059,华锐精密,0.122839704
713,2025-01-24,688400,凌云光,0.122729704
714,2025-01-23,543,皖能电力,0.12267034
715,2025-01-23,605069,正和生态,0.12262151
716,2025-01-24,402,金 融 街,0.12252414
717,2025-01-24,603800,洪田股份,0.12248057
718,2025-01-23,688420,美腾科技,0.12246731
719,2025-01-22,600132,重庆啤酒,0.12244475
720,2025-01-24,300510,金冠股份,0.12241645
721,2025-01-23,1283,豪鹏科技,0.12238327
722,2025-01-22,2694,顾地科技,0.12222834
723,2025-01-23,603978,深圳新星,0.1222215
724,2025-01-24,2946,新乳业,0.122201756
725,2025-01-24,603718,海利生物,0.12215282
726,2025-01-22,890,法尔胜,0.122109026
727,2025-01-24,2575,群兴玩具,0.121965274
728,2025-01-24,603322,超讯通信,0.12194441
729,2025-01-23,11,深物业A,0.12192044
730,2025-01-22,300042,朗科科技,0.121843636
731,2025-01-24,532,华金资本,0.121703014
732,2025-01-22,600622,光大嘉宝,0.1217013
733,2025-01-22,301068,大地海洋,0.12169549
734,2025-01-23,603977,国泰集团,0.12162137
735,2025-01-22,688381,帝奥微,0.12155366
736,2025-01-24,300422,博世科,0.121544674
737,2025-01-24,605188,国光连锁,0.12151095
738,2025-01-24,2921,联诚精密,0.12142424
739,2025-01-23,300155,安居宝,0.12138933
740,2025-01-22,601021,春秋航空,0.12132819
741,2025-01-24,300040,九洲集团,0.121209696
742,2025-01-23,935,四川双马,0.12120937
743,2025-01-24,600600,青岛啤酒,0.12114537
744,2025-01-22,605108,同庆楼,0.12104681
745,2025-01-23,300687,赛意信息,0.12099898
746,2025-01-24,2637,赞宇科技,0.120986134
747,2025-01-24,300123,亚光科技,0.12095533
748,2025-01-22,790,华神科技,0.12075038
749,2025-01-23,2583,海能达,0.12065093
750,2025-01-22,603978,深圳新星,0.120318815
751,2025-01-23,2613,北玻股份,0.120176345
752,2025-01-24,300981,中红医疗,0.12014592
753,2025-01-23,603687,大胜达,0.12013464
754,2025-01-24,603020,爱普股份,0.12012562
755,2025-01-22,688115,思林杰,0.12007351
756,2025-01-23,2386,天原股份,0.11997092
757,2025-01-10,300307,慈星股份,0.119956374
758,2025-01-24,300265,通光线缆,0.11970998
759,2025-01-24,300624,万兴科技,0.119672894
760,2025-01-23,2096,易普力,0.11961231
761,2025-01-22,600551,时代出版,0.119510725
762,2025-01-23,2276,万马股份,0.11935358
763,2025-01-24,600199,金种子酒,0.11926156
764,2025-01-24,600610,中毅达,0.119215816
765,2025-01-23,601699,潞安环能,0.11916651
766,2025-01-24,600872,中炬高新,0.11915712
767,2025-01-23,603808,歌力思,0.1191085
768,2025-01-23,300435,中泰股份,0.1191054
769,2025-01-23,600593,大连圣亚,0.11907861
770,2025-01-22,300676,华大基因,0.1190263
771,2025-01-24,300876,蒙泰高新,0.11899528
772,2025-01-24,2115,三维通信,0.118973956
773,2025-01-24,2459,晶澳科技,0.11889151
774,2025-01-24,600662,外服控股,0.11879547
775,2025-01-24,600805,悦达投资,0.11874254
776,2025-01-22,600048,保利发展,0.118724406
777,2025-01-24,300176,鸿特科技,0.11872126
778,2025-01-24,2782,可立克,0.11866163
779,2025-01-23,688041,海光信息,0.118539706
780,2025-01-24,605069,正和生态,0.118385464
781,2025-01-22,600556,天下秀,0.11826494
782,2025-01-22,600129,太极集团,0.11810812
783,2025-01-24,2672,东江环保,0.118103325
784,2025-01-24,601965,中国汽研,0.11802587
785,2025-01-24,300323,华灿光电,0.11793549
786,2025-01-24,2329,皇氏集团,0.11790818
787,2025-01-24,600039,四川路桥,0.11785017
788,2025-01-23,300581,晨曦航空,0.11764315
789,2025-01-24,2395,双象股份,0.11763212
790,2025-01-23,600626,申达股份,0.11757621
791,2025-01-24,688155,先惠技术,0.117530525
792,2025-01-24,2737,葵花药业,0.11724776
793,2025-01-23,600617,国新能源,0.11715037
794,2025-01-24,603596,伯特利,0.1170702
795,2025-01-22,3016,欣贺股份,0.11705339
796,2025-01-22,2374,中锐股份,0.11700803
797,2025-01-22,603665,康隆达,0.11678553
798,2025-01-22,695,滨海能源,0.11677618
799,2025-01-24,2342,巨力索具,0.11676481
800,2025-01-24,2819,东方中科,0.116740644
801,2025-01-22,2047,宝鹰股份,0.116732016
802,2025-01-23,300040,九洲集团,0.11673051
803,2025-01-24,600094,大名城,0.11642958
804,2025-01-24,898,鞍钢股份,0.11631386
805,2025-01-24,2038,双鹭药业,0.11627799
806,2025-01-23,688047,龙芯中科,0.11626175
807,2025-01-24,2466,天齐锂业,0.11618245
808,2025-01-24,2231,奥维通信,0.116131485
809,2025-01-22,2812,恩捷股份,0.116090626
810,2025-01-23,2356,赫美集团,0.11605723
811,2025-01-22,600593,大连圣亚,0.115978435
812,2025-01-22,300615,欣天科技,0.11594948
813,2025-01-23,688113,联测科技,0.11591393
814,2025-01-24,603059,倍加洁,0.11566508
815,2025-01-24,300410,正业科技,0.11565225
816,2025-01-22,2667,威领股份,0.11563243
817,2025-01-22,2923,润都股份,0.11554371
818,2025-01-22,300298,三诺生物,0.11549853
819,2025-01-23,603269,海鸥股份,0.1154407
820,2025-01-24,600096,云天化,0.115436
821,2025-01-22,300591,万里马,0.115413696
822,2025-01-23,600892,大晟文化,0.11539024
823,2025-01-23,688156,路德环境,0.11535621
824,2025-01-23,300353,东土科技,0.11532916
825,2025-01-24,545,金浦钛业,0.11526461
826,2025-01-23,2575,群兴玩具,0.11523555
827,2025-01-23,300267,尔康制药,0.11518797
828,2025-01-22,688339,亿华通-U,0.115112945
829,2025-01-23,300810,中科海讯,0.11510885
830,2025-01-23,2058,威尔泰,0.11499791
831,2025-01-24,300095,华伍股份,0.11494367
832,2025-01-24,603171,税友股份,0.11491397
833,2025-01-24,600661,昂立教育,0.114739925
834,2025-01-23,600343,航天动力,0.11469805
835,2025-01-24,300812,易天股份,0.11468947
836,2025-01-22,600180,瑞茂通,0.11465864
837,2025-01-23,688303,大全能源,0.11448918
838,2025-01-23,688633,星球石墨,0.11448279
839,2025-01-22,2966,苏州银行,0.114452645
840,2025-01-24,600795,国电电力,0.114366084
841,2025-01-23,605018,长华集团,0.11436537
842,2025-01-23,301567,贝隆精密,0.114319205
843,2025-01-24,603878,武进不锈,0.114279896
844,2025-01-22,2496,辉丰股份,0.11405286
845,2025-01-24,600963,岳阳林纸,0.114012435
846,2025-01-22,301487,盟固利,0.11396985
847,2025-01-23,503,国新健康,0.11360325
848,2025-01-24,300489,光智科技,0.11354314
849,2025-01-22,688373,盟科药业-U,0.11354013
850,2025-01-22,3033,征和工业,0.11353673
851,2025-01-22,603004,鼎龙科技,0.11335708
852,2025-01-23,3037,三和管桩,0.11335035
853,2025-01-23,600080,金花股份,0.11332433
854,2025-01-24,688429,时创能源,0.113267645
855,2025-01-23,688605,先锋精科,0.11312978
856,2025-01-23,688381,帝奥微,0.11312799
857,2025-01-23,2374,中锐股份,0.11306973
858,2025-01-24,300561,汇金科技,0.11301051
859,2025-01-24,600463,空港股份,0.1129805
860,2025-01-24,603768,常青股份,0.11297123
861,2025-01-22,688058,宝兰德,0.11286324
862,2025-01-23,2470,金正大,0.11281894
863,2025-01-23,688590,新致软件,0.1127336
864,2025-01-24,300352,北信源,0.112583935
865,2025-01-22,300231,银信科技,0.11256261
866,2025-01-24,688276,百克生物,0.11251177
867,2025-01-24,300798,锦鸡股份,0.11246948
868,2025-01-22,600216,浙江医药,0.11242168
869,2025-01-24,300885,海昌新材,0.11235097
870,2025-01-22,2943,宇晶股份,0.11235078
871,2025-01-23,600642,申能股份,0.11218929
872,2025-01-22,603668,天马科技,0.1121251
873,2025-01-24,2189,中光学,0.112043366
874,2025-01-23,600405,动力源,0.11201732
875,2025-01-24,2830,名雕股份,0.112011105
876,2025-01-23,600727,鲁北化工,0.111970186
877,2025-01-23,545,金浦钛业,0.111952335
878,2025-01-24,300857,协创数据,0.11195198
879,2025-01-24,2138,顺络电子,0.11190301
880,2025-01-24,980,众泰汽车,0.11187804
881,2025-01-24,2918,蒙娜丽莎,0.11183804
882,2025-01-24,600302,标准股份,0.111796126
883,2025-01-22,300427,红相股份,0.11169438
884,2025-01-22,600423,柳化股份,0.111634284
885,2025-01-22,300732,设研院,0.11158131
886,2025-01-24,600936,广西广电,0.111531526
887,2025-01-23,300158,振东制药,0.11142816
888,2025-01-24,300881,盛德鑫泰,0.11139542
889,2025-01-23,2993,奥海科技,0.11132862
890,2025-01-24,301004,嘉益股份,0.11132471
891,2025-01-22,603977,国泰集团,0.11122963
892,2025-01-22,48,京基智农,0.11117524
893,2025-01-23,603590,康辰药业,0.1109343
894,2025-01-24,300518,新迅达,0.11090954
895,2025-01-23,2694,顾地科技,0.11079912
896,2025-01-22,605081,太和水,0.11078636
897,2025-01-23,2943,宇晶股份,0.11076012
898,2025-01-23,688337,普源精电,0.11075738
899,2025-01-24,301150,中一科技,0.110622704
900,2025-01-22,603322,超讯通信,0.11055651
901,2025-01-23,2859,洁美科技,0.110465124
902,2025-01-22,300141,和顺电气,0.11046037
903,2025-01-22,600370,三房巷,0.11040422
904,2025-01-24,1217,华尔泰,0.11015092
905,2025-01-23,600939,重庆建工,0.110138595
906,2025-01-24,300248,新开普,0.11008999
907,2025-01-23,1330,博纳影业,0.110082015
908,2025-01-22,688084,晶品特装,0.11000574
909,2025-01-23,600025,华能水电,0.1099869
910,2025-01-22,3037,三和管桩,0.10997075
911,2025-01-23,300783,三只松鼠,0.10989614
912,2025-01-22,2759,天际股份,0.109848395
913,2025-01-23,688400,凌云光,0.1097796
914,2025-01-23,600458,时代新材,0.109678596
915,2025-01-23,2991,甘源食品,0.109637365
916,2025-01-23,688193,仁度生物,0.10954632
917,2025-01-22,600279,重庆港,0.109488204
918,2025-01-23,600325,华发股份,0.109364495
919,2025-01-24,600939,重庆建工,0.10933109
920,2025-01-23,600800,渤海化学,0.10925631
921,2025-01-23,688621,阳光诺和,0.1092287
922,2025-01-22,301296,新巨丰,0.10921894
923,2025-01-23,600184,光电股份,0.10919309
924,2025-01-23,2189,中光学,0.1091422
925,2025-01-24,603033,三维股份,0.10903467
926,2025-01-22,603659,璞泰来,0.10901061
927,2025-01-22,782,恒申新材,0.10892795
928,2025-01-22,300647,超频三,0.10881314
929,2025-01-24,1301,尚太科技,0.1087694
930,2025-01-24,605180,华生科技,0.10876723
931,2025-01-23,301099,雅创电子,0.10875788
932,2025-01-22,300261,雅本化学,0.10874556
933,2025-01-24,300581,晨曦航空,0.10872324
934,2025-01-23,2563,森马服饰,0.108706266
935,2025-01-23,688058,宝兰德,0.10865943
936,2025-01-24,300253,卫宁健康,0.10865088
937,2025-01-24,601882,海天精工,0.10859668
938,2025-01-22,301162,国能日新,0.10843974
939,2025-01-23,605007,五洲特纸,0.10841024
940,2025-01-22,600803,新奥股份,0.1083539
941,2025-01-24,600202,哈空调,0.10833578
942,2025-01-22,2133,广宇集团,0.108272
943,2025-01-24,688691,灿芯股份,0.10827148
944,2025-01-24,601699,潞安环能,0.10826971
945,2025-01-22,600201,生物股份,0.108221024
946,2025-01-22,600794,保税科技,0.108181566
947,2025-01-24,688047,龙芯中科,0.108117536
948,2025-01-23,600129,太极集团,0.10805349
949,2025-01-22,300884,狄耐克,0.10804051
950,2025-01-22,300277,海联讯,0.10800664
951,2025-01-24,301152,天力锂能,0.10799453
952,2025-01-24,600802,福建水泥,0.10791013
953,2025-01-24,301487,盟固利,0.10788189
954,2025-01-23,601319,中国人保,0.10785209
955,2025-01-24,300377,赢时胜,0.1078507
956,2025-01-22,603059,倍加洁,0.10779679
957,2025-01-23,2427,尤夫股份,0.107791334
958,2025-01-22,2179,中航光电,0.107749745
959,2025-01-24,2893,京能热力,0.10772832
960,2025-01-23,3016,欣贺股份,0.10771926
961,2025-01-23,688339,亿华通-U,0.10771145
962,2025-01-23,603496,恒为科技,0.10762918
963,2025-01-24,688603,天承科技,0.10761194
964,2025-01-24,600938,中国海油,0.107605726
965,2025-01-22,301567,贝隆精密,0.10756606
966,2025-01-23,300591,万里马,0.10756025
967,2025-01-24,603197,保隆科技,0.10755615
968,2025-01-24,688356,键凯科技,0.107461184
969,2025-01-23,301487,盟固利,0.107107475
970,2025-01-24,3001,中岩大地,0.10707474
971,2025-01-22,2258,利尔化学,0.10692364
972,2025-01-23,2453,华软科技,0.10691236
973,2025-01-22,300857,协创数据,0.10681014
974,2025-01-24,603365,水星家纺,0.10676207
975,2025-01-24,2657,中科金财,0.106748894
976,2025-01-24,600807,济高发展,0.10673337
977,2025-01-24,600015,华夏银行,0.10669093
978,2025-01-23,301566,达利凯普,0.1065664
979,2025-01-24,423,东阿阿胶,0.10642767
980,2025-01-23,2571,德力股份,0.10639921
981,2025-01-22,2086,东方海洋,0.10637267
982,2025-01-24,300838,浙江力诺,0.10629216
983,2025-01-24,603356,华菱精工,0.10628922
984,2025-01-23,688709,成都华微,0.10619447
985,2025-01-22,300472,新元科技,0.106111124
986,2025-01-22,2285,世联行,0.106104225
987,2025-01-23,300057,万顺新材,0.10606529
988,2025-01-23,688115,思林杰,0.10603076
989,2025-01-24,600793,宜宾纸业,0.105966985
990,2025-01-23,301120,新特电气,0.105954126
991,2025-01-23,688488,艾迪药业,0.10592806
992,2025-01-24,603915,国茂股份,0.10591139
993,2025-01-24,688420,美腾科技,0.10589981
994,2025-01-22,603877,太平鸟,0.105896235
995,2025-01-22,300267,尔康制药,0.10587236
996,2025-01-24,688115,思林杰,0.10575943
997,2025-01-23,600793,宜宾纸业,0.10567564
998,2025-01-24,2440,闰土股份,0.105618134
999,2025-01-23,601136,首创证券,0.10561544
1000,2025-01-22,975,山金国际,0.10554546
1001,2025-01-22,2848,高斯贝尔,0.10552837
1002,2025-01-23,688383,新益昌,0.10549572
1003,2025-01-24,300998,宁波方正,0.10539162
1004,2025-01-24,300158,振东制药,0.105312034
1005,2025-01-24,688256,寒武纪-U,0.1052808
1006,2025-01-23,793,华闻集团,0.10524693
1007,2025-01-23,301157,华塑科技,0.10515651
1008,2025-01-24,401,冀东水泥,0.1050698
1009,2025-01-23,688126,沪硅产业,0.1050577
1010,2025-01-22,2606,大连电瓷,0.104873285
1011,2025-01-24,600310,广西能源,0.104807705
1012,2025-01-23,300042,朗科科技,0.10468009
1013,2025-01-22,300158,振东制药,0.10455684
1014,2025-01-24,688326,经纬恒润-W,0.10453719
1015,2025-01-23,603880,南卫股份,0.104523495
1016,2025-01-23,603486,科沃斯,0.10443993
1017,2025-01-22,605122,四方新材,0.104374975
1018,2025-01-23,837,秦川机床,0.104368076
1019,2025-01-24,301095,广立微,0.10434075
1020,2025-01-23,300881,盛德鑫泰,0.10423781
1021,2025-01-23,723,美锦能源,0.104191005
1022,2025-01-24,300271,华宇软件,0.104147345
1023,2025-01-22,2666,德联集团,0.10406199
1024,2025-01-24,688605,先锋精科,0.104054466
1025,2025-01-22,600547,山东黄金,0.10403961
1026,2025-01-23,301286,侨源股份,0.10391253
1027,2025-01-23,3006,百亚股份,0.103865296
1028,2025-01-22,300785,值得买,0.103852585
1029,2025-01-22,10,美丽生态,0.10370456
1030,2025-01-23,300634,彩讯股份,0.103701636
1031,2025-01-22,600149,廊坊发展,0.10368791
1032,2025-01-23,603209,兴通股份,0.103667095
1033,2025-01-22,600810,神马股份,0.10365839
1034,2025-01-22,2025,航天电器,0.10365763
1035,2025-01-23,688252,天德钰,0.103616476
1036,2025-01-23,600202,哈空调,0.10353251
1037,2025-01-23,603197,保隆科技,0.103452414
1038,2025-01-24,300267,尔康制药,0.103438765
1039,2025-01-24,2187,广百股份,0.10338403
1040,2025-01-22,601857,中国石油,0.10336979
1041,2025-01-23,601106,中国一重,0.10331771
1042,2025-01-22,603496,恒为科技,0.10323709
1043,2025-01-23,603606,东方电缆,0.10309178
1044,2025-01-24,59,华锦股份,0.10309063
1045,2025-01-23,301159,三维天地,0.10291791
1046,2025-01-22,2620,瑞和股份,0.102914274
1047,2025-01-24,688237,超卓航科,0.10289225
1048,2025-01-23,300825,阿尔特,0.10286097
1049,2025-01-22,688350,富淼科技,0.10278885
1050,2025-01-24,300155,安居宝,0.10274866
1051,2025-01-23,300072,海新能科,0.10274543
1052,2025-01-24,300849,锦盛新材,0.102743566
1053,2025-01-22,688028,沃尔德,0.102736175
1054,2025-01-24,300322,硕贝德,0.102687016
1055,2025-01-23,601718,际华集团,0.10262768
1056,2025-01-23,2075,沙钢股份,0.102624014
1057,2025-01-22,301070,开勒股份,0.102623284
1058,2025-01-22,600719,大连热电,0.10255116
1059,2025-01-22,793,华闻集团,0.10248235
1060,2025-01-24,739,普洛药业,0.10247861
1061,2025-01-24,300987,川网传媒,0.10242188
1062,2025-01-23,2,万  科Ａ,0.102411374
1063,2025-01-24,1283,豪鹏科技,0.102408126
1064,2025-01-23,1360,南矿集团,0.102381214
1065,2025-01-24,600593,大连圣亚,0.10230327
1066,2025-01-24,300588,熙菱信息,0.10219312
1067,2025-01-24,595,宝塔实业,0.10213786
1068,2025-01-22,519,中兵红箭,0.1021346
1069,2025-01-24,782,恒申新材,0.1019714
1070,2025-01-22,601801,皖新传媒,0.10196686
1071,2025-01-24,603615,茶花股份,0.101868
1072,2025-01-24,3016,欣贺股份,0.10183284
1073,2025-01-22,301259,艾布鲁,0.10181421
1074,2025-01-22,2,万  科Ａ,0.10174796
1075,2025-01-24,601633,长城汽车,0.10170686
1076,2025-01-22,600685,中船防务,0.10168965
1077,2025-01-23,688256,寒武纪-U,0.10167791
1078,2025-01-24,300565,科信技术,0.101649955
1079,2025-01-24,688016,心脉医疗,0.10161929
1080,2025-01-24,681,视觉中国,0.10158849
1081,2025-01-22,600759,洲际油气,0.1015432
1082,2025-01-22,688253,英诺特,0.10152596
1083,2025-01-24,300474,景嘉微,0.101521865
1084,2025-01-23,688162,巨一科技,0.10151167
1085,2025-01-23,600661,昂立教育,0.10150017
1086,2025-01-23,1201,东瑞股份,0.101478174
1087,2025-01-24,600696,岩石股份,0.10145953
1088,2025-01-23,600120,浙江东方,0.10144985
1089,2025-01-24,688303,大全能源,0.101384476
1090,2025-01-24,10,美丽生态,0.10136101
1091,2025-01-22,600038,中直股份,0.10129632
1092,2025-01-24,2642,荣联科技,0.10129371
1093,2025-01-23,688184,帕瓦股份,0.10106982
1094,2025-01-23,688308,欧科亿,0.10106395
1095,2025-01-24,688114,华大智造,0.10099979
1096,2025-01-22,509,华塑控股,0.10099749
1097,2025-01-24,600617,国新能源,0.10097
1098,2025-01-23,605108,同庆楼,0.10093802
1099,2025-01-24,600698,湖南天雁,0.10084556
1100,2025-01-23,2966,苏州银行,0.10084179
1101,2025-01-23,301355,南王科技,0.100800216
1102,2025-01-24,603717,天域生物,0.10077518
1103,2025-01-23,603016,新宏泰,0.10076961
1104,2025-01-24,2041,登海种业,0.10076095
1105,2025-01-24,300056,中创环保,0.10073617
1106,2025-01-22,603678,火炬电子,0.100694224
1107,2025-01-22,600751,海航科技,0.10068807
1108,2025-01-23,300474,景嘉微,0.10065371
1109,2025-01-24,564,供销大集,0.1006466
1110,2025-01-22,300977,深圳瑞捷,0.10060185
1111,2025-01-24,300783,三只松鼠,0.10051586
1112,2025-01-22,300705,九典制药,0.10050765
1113,2025-01-22,2391,长青股份,0.10049845
1114,2025-01-22,600521,华海药业,0.10045397
1115,2025-01-23,600172,黄河旋风,0.10041827
1116,2025-01-23,2180,纳思达,0.10036664
1117,2025-01-22,600800,渤海化学,0.10026638
1118,2025-01-23,688037,芯源微,0.10022794
1119,2025-01-22,300989,蕾奥规划,0.10020845
1120,2025-01-23,301538,骏鼎达,0.10016087
1121,2025-01-24,605158,华达新材,0.10012852
1122,2025-01-24,2531,天顺风能,0.10009688
1123,2025-01-23,688522,纳睿雷达,0.10007782
1124,2025-01-24,688041,海光信息,0.10004704
1125,2025-01-23,2857,三晖电气,0.09992571
1126,2025-01-23,601318,中国平安,0.09981771
1127,2025-01-22,301049,超越科技,0.09979601
1128,2025-01-23,688211,中科微至,0.09975436
1129,2025-01-24,698,沈阳化工,0.09970907
1130,2025-01-24,600337,美克家居,0.09959306
1131,2025-01-24,600019,宝钢股份,0.09952964
1132,2025-01-24,2020,京新药业,0.09950015
1133,2025-01-24,605068,明新旭腾,0.09946806
1134,2025-01-22,600708,光明地产,0.099448204
1135,2025-01-22,603191,望变电气,0.09941292
1136,2025-01-24,600406,国电南瑞,0.099323556
1137,2025-01-23,301049,超越科技,0.09929021
1138,2025-01-22,605389,长龄液压,0.09923105
1139,2025-01-24,2638,勤上股份,0.09918295
1140,2025-01-24,603590,康辰药业,0.09913521
1141,2025-01-24,2374,中锐股份,0.099111855
1142,2025-01-24,2583,海能达,0.09902105
1143,2025-01-23,509,华塑控股,0.098996595
1144,2025-01-24,300685,艾德生物,0.09898886
1145,2025-01-24,300723,一品红,0.09897401
1146,2025-01-24,600180,瑞茂通,0.09879519
1147,2025-01-23,987,越秀资本,0.09876854
1148,2025-01-23,2819,东方中科,0.09870538
1149,2025-01-23,603717,天域生物,0.09869753
1150,2025-01-24,301268,铭利达,0.098676816
1151,2025-01-23,2661,克明食品,0.09865542
1152,2025-01-23,600605,汇通能源,0.09863356
1153,2025-01-23,2132,恒星科技,0.09862895
1154,2025-01-22,2760,凤形股份,0.098583594
1155,2025-01-24,301286,侨源股份,0.098549604
1156,2025-01-24,717,中南股份,0.098444596
1157,2025-01-24,603655,朗博科技,0.098418176
1158,2025-01-24,603978,深圳新星,0.09839834
1159,2025-01-24,2585,双星新材,0.09831762
1160,2025-01-24,603337,杰克股份,0.098268285
1161,2025-01-24,2123,梦网科技,0.0981698
1162,2025-01-24,600746,江苏索普,0.09808032
1163,2025-01-23,2421,达实智能,0.09807326
1164,2025-01-24,688633,星球石墨,0.09806576
1165,2025-01-22,300127,银河磁体,0.09799467
1166,2025-01-23,603665,康隆达,0.09797421
1167,2025-01-22,600358,国旅联合,0.097758874
1168,2025-01-23,300787,海能实业,0.09767541
1169,2025-01-23,2383,合众思壮,0.097657934
1170,2025-01-23,600807,济高发展,0.097577274
1171,2025-01-23,2123,梦网科技,0.09752987
1172,2025-01-23,300647,超频三,0.097460866
1173,2025-01-24,603882,金域医学,0.09741373
1174,2025-01-24,688117,圣诺生物,0.09733921
1175,2025-01-23,2047,宝鹰股份,0.097328514
1176,2025-01-23,600048,保利发展,0.09732433
1177,2025-01-24,603609,禾丰股份,0.09730459
1178,2025-01-23,600310,广西能源,0.09727803
1179,2025-01-24,688156,路德环境,0.09727472
1180,2025-01-23,688390,固德威,0.09718983
1181,2025-01-22,301025,读客文化,0.09711738
1182,2025-01-22,300147,香雪制药,0.097109936
1183,2025-01-24,2356,赫美集团,0.09710349
1184,2025-01-24,600827,百联股份,0.09709123
1185,2025-01-24,3041,真爱美家,0.09697685
1186,2025-01-24,670,盈方微,0.0969664
1187,2025-01-22,697,炼石航空,0.09696105
1188,2025-01-24,2943,宇晶股份,0.09691255
1189,2025-01-24,688078,龙软科技,0.09686178
1190,2025-01-22,2184,海得控制,0.09685305
1191,2025-01-23,601998,中信银行,0.09683137
1192,2025-01-24,601799,星宇股份,0.09679937
1193,2025-01-23,42,中洲控股,0.09679817
1194,2025-01-24,300663,科蓝软件,0.09679208
1195,2025-01-22,300917,特发服务,0.096652076
1196,2025-01-24,796,凯撒旅业,0.096624345
1197,2025-01-23,300746,汉嘉设计,0.09662022
1198,2025-01-22,1231,农心科技,0.09660007
1199,2025-01-22,300045,华力创通,0.09651628
1200,2025-01-22,600807,济高发展,0.096496716
1201,2025-01-23,2757,南兴股份,0.09646296
1202,2025-01-24,301082,久盛电气,0.09638353
1203,2025-01-23,2928,华夏航空,0.096381545
1204,2025-01-22,600712,南宁百货,0.09635408
1205,2025-01-24,421,南京公用,0.096300945
1206,2025-01-24,2371,北方华创,0.096300535
1207,2025-01-23,958,电投产融,0.09629242
1208,2025-01-23,688225,亚信安全,0.096255496
1209,2025-01-24,2180,纳思达,0.09619145
1210,2025-01-22,600405,动力源,0.09617906
1211,2025-01-24,605162,新中港,0.096154675
1212,2025-01-23,300992,泰福泵业,0.0961248
1213,2025-01-23,48,京基智农,0.09611997
1214,2025-01-23,301096,百诚医药,0.09609264
1215,2025-01-23,301307,美利信,0.096080124
1216,2025-01-23,1,平安银行,0.09603736
1217,2025-01-24,603806,福斯特,0.09592906
1218,2025-01-24,605305,中际联合,0.09591018
1219,2025-01-22,2929,润建股份,0.09588973
1220,2025-01-22,603086,先达股份,0.09584285
1221,2025-01-22,600592,龙溪股份,0.09580867
1222,2025-01-24,2233,塔牌集团,0.09577471
1223,2025-01-23,603800,洪田股份,0.09571913
1224,2025-01-23,601398,工商银行,0.09571357
1225,2025-01-24,300591,万里马,0.09570636
1226,2025-01-22,300037,新宙邦,0.095681004
1227,2025-01-23,300418,昆仑万维,0.09567872
1228,2025-01-24,688589,力合微,0.0956509
1229,2025-01-23,600021,上海电力,0.09564738
1230,2025-01-23,603813,原尚股份,0.09561687
1231,2025-01-23,301004,嘉益股份,0.09561151
1232,2025-01-24,300310,宜通世纪,0.09557891
1233,2025-01-22,300901,中胤时尚,0.09556341
1234,2025-01-23,300490,华自科技,0.09549796
1235,2025-01-23,901,航天科技,0.09548759
1236,2025-01-22,2715,登云股份,0.09545906
1237,2025-01-24,603201,常润股份,0.09538368
1238,2025-01-23,710,贝瑞基因,0.09536466
1239,2025-01-22,421,南京公用,0.0953393
1240,2025-01-23,688733,壹石通,0.09530531
1241,2025-01-23,600795,国电电力,0.09529702
1242,2025-01-24,2132,恒星科技,0.09524493
1243,2025-01-23,980,众泰汽车,0.095101506
1244,2025-01-22,603819,神力股份,0.09505908
1245,2025-01-22,603288,海天味业,0.09505612
1246,2025-01-22,2427,尤夫股份,0.095039606
1247,2025-01-23,603059,倍加洁,0.095012195
1248,2025-01-24,603071,物产环能,0.09500517
1249,2025-01-23,300688,创业黑马,0.09494559
1250,2025-01-24,301310,鑫宏业,0.09493773
1251,2025-01-23,600419,天润乳业,0.09490271
1252,2025-01-24,2383,合众思壮,0.094807625
1253,2025-01-24,300992,泰福泵业,0.094783954
1254,2025-01-24,1360,南矿集团,0.09478046
1255,2025-01-24,300415,伊之密,0.09475091
1256,2025-01-24,603291,联合水务,0.09470765
1257,2025-01-24,600382,广东明珠,0.09468368
1258,2025-01-24,2471,中超控股,0.09468047
1259,2025-01-22,300746,汉嘉设计,0.094564155
1260,2025-01-24,2405,四维图新,0.09454553
1261,2025-01-22,300305,裕兴股份,0.0944999
1262,2025-01-24,301049,超越科技,0.09446415
1263,2025-01-22,603813,原尚股份,0.09443644
1264,2025-01-23,547,航天发展,0.094402075
1265,2025-01-24,603086,先达股份,0.094371885
1266,2025-01-23,2285,世联行,0.0943695
1267,2025-01-24,301162,国能日新,0.094325766
1268,2025-01-24,2150,通润装备,0.094323054
1269,2025-01-22,600463,空港股份,0.09431726
1270,2025-01-23,603882,金域医学,0.094316706
1271,2025-01-24,2620,瑞和股份,0.09431362
1272,2025-01-22,2449,国星光电,0.09429623
1273,2025-01-23,601328,交通银行,0.09423549
1274,2025-01-22,600107,美尔雅,0.09421851
1275,2025-01-23,600067,冠城新材,0.0942018
1276,2025-01-24,2047,宝鹰股份,0.09397152
1277,2025-01-24,2352,顺丰控股,0.09388921
1278,2025-01-23,429,粤高速Ａ,0.09388044
1279,2025-01-24,600343,航天动力,0.09387694
1280,2025-01-23,600459,贵研铂业,0.093869835
1281,2025-01-22,603270,金帝股份,0.09381837
1282,2025-01-22,785,居然智家,0.09380776
1283,2025-01-23,600719,大连热电,0.09378141
1284,2025-01-24,301567,贝隆精密,0.09377466
1285,2025-01-24,603518,锦泓集团,0.09373729
1286,2025-01-22,600887,伊利股份,0.093728185
1287,2025-01-24,1965,招商公路,0.0937247
1288,2025-01-23,2082,万邦德,0.093685955
1289,2025-01-24,600567,山鹰国际,0.093634084
1290,2025-01-23,300472,新元科技,0.09361857
1291,2025-01-22,601699,潞安环能,0.0935957
1292,2025-01-22,2058,威尔泰,0.093589544
1293,2025-01-24,2866,传艺科技,0.09349263
1294,2025-01-23,2138,顺络电子,0.0934871
1295,2025-01-22,600012,皖通高速,0.09348259
1296,2025-01-24,818,航锦科技,0.0934788
1297,2025-01-23,300179,四方达,0.0934543
1298,2025-01-23,603055,台华新材,0.09344789
1299,2025-01-23,10,美丽生态,0.093394935
1300,2025-01-24,688621,阳光诺和,0.09337196
1301,2025-01-22,600661,昂立教育,0.09334953
1302,2025-01-23,3004,声迅股份,0.0933487
1303,2025-01-23,600698,湖南天雁,0.093307726
1304,2025-01-24,603659,璞泰来,0.093288526
1305,2025-01-24,300261,雅本化学,0.09327282
1306,2025-01-23,595,宝塔实业,0.09325992
1307,2025-01-24,2354,天娱数科,0.09320688
1308,2025-01-22,601608,中信重工,0.093205035
1309,2025-01-22,301199,迈赫股份,0.09319879
1310,2025-01-24,301096,百诚医药,0.09314436
1311,2025-01-23,300607,拓斯达,0.09311594
1312,2025-01-22,300607,拓斯达,0.0931093
1313,2025-01-24,601998,中信银行,0.09310464
1314,2025-01-24,301119,正强股份,0.09301652
1315,2025-01-23,2531,天顺风能,0.09301068
1316,2025-01-23,603273,天元智能,0.09297473
1317,2025-01-23,2405,四维图新,0.09291798
1318,2025-01-22,2493,荣盛石化,0.0928255
1319,2025-01-24,2723,小崧股份,0.092811465
1320,2025-01-23,2109,兴化股份,0.09279969
1321,2025-01-23,300188,国投智能,0.09278862
1322,2025-01-24,301019,宁波色母,0.09277856
1323,2025-01-24,688590,新致软件,0.09277406
1324,2025-01-22,1,平安银行,0.09272742
1325,2025-01-22,688383,新益昌,0.09265998
1326,2025-01-22,600624,复旦复华,0.09264399
1327,2025-01-22,688450,光格科技,0.09263201
1328,2025-01-23,2148,北纬科技,0.092618525
1329,2025-01-24,2271,东方雨虹,0.0925886
1330,2025-01-23,300294,博雅生物,0.092541695
1331,2025-01-24,688308,欧科亿,0.092536196
1332,2025-01-22,300881,盛德鑫泰,0.09251318
1333,2025-01-22,688076,诺泰生物,0.0925096
1334,2025-01-24,300128,锦富技术,0.092449114
1335,2025-01-22,2726,龙大美食,0.09243399
1336,2025-01-22,300805,电声股份,0.09242735
1337,2025-01-23,2548,金新农,0.09238998
1338,2025-01-23,688778,厦钨新能,0.092350125
1339,2025-01-24,697,炼石航空,0.0923263
1340,2025-01-24,300173,福能东方,0.09227664
1341,2025-01-22,300656,民德电子,0.09215835
1342,2025-01-22,600187,国中水务,0.09214802
1343,2025-01-23,1313,粤海饲料,0.09214739
1344,2025-01-22,605117,德业股份,0.092133656
1345,2025-01-23,601608,中信重工,0.09210165
1346,2025-01-24,600498,烽火通信,0.09205693
1347,2025-01-23,603659,璞泰来,0.09204772
1348,2025-01-22,1225,和泰机电,0.092041776
1349,2025-01-22,605158,华达新材,0.09203096
1350,2025-01-23,601965,中国汽研,0.09203078
1351,2025-01-22,300014,亿纬锂能,0.09198707
1352,2025-01-24,2208,合肥城建,0.09197174
1353,2025-01-24,537,中绿电,0.09192404
1354,2025-01-24,300688,创业黑马,0.09189393
1355,2025-01-22,688103,国力股份,0.0918258
1356,2025-01-23,603117,万林物流,0.091807514
1357,2025-01-22,600793,宜宾纸业,0.09180093
1358,2025-01-23,600624,复旦复华,0.09173983
1359,2025-01-24,300653,正海生物,0.091647476
1360,2025-01-24,2735,王子新材,0.09156707
1361,2025-01-23,300615,欣天科技,0.09145102
1362,2025-01-24,300198,纳川股份,0.09144854
1363,2025-01-24,300378,鼎捷数智,0.09144452
1364,2025-01-23,600370,三房巷,0.09140004
1365,2025-01-22,300211,亿通科技,0.0913443
1366,2025-01-23,300261,雅本化学,0.09132679
1367,2025-01-24,601199,江南水务,0.09130061
1368,2025-01-24,2313,日海智能,0.0911665
1369,2025-01-24,301511,德福科技,0.091125324
1370,2025-01-24,2146,荣盛发展,0.09112531
1371,2025-01-24,688103,国力股份,0.09111473
1372,2025-01-23,300652,雷迪克,0.09107564
1373,2025-01-24,300796,贝斯美,0.09104005
1374,2025-01-22,603159,上海亚虹,0.090987206
1375,2025-01-22,688425,铁建重工,0.090982944
1376,2025-01-24,8,神州高铁,0.0909571
1377,2025-01-22,600658,电子城,0.09093347
1378,2025-01-22,301069,凯盛新材,0.090921
1379,2025-01-22,759,中百集团,0.09083633
1380,2025-01-23,2353,杰瑞股份,0.09074587
1381,2025-01-23,688103,国力股份,0.09069912
1382,2025-01-24,2726,龙大美食,0.09069042
1383,2025-01-22,601766,中国中车,0.090663925
1384,2025-01-24,300471,厚普股份,0.09064977
1385,2025-01-24,2557,洽洽食品,0.0906301
1386,2025-01-23,301248,杰创智能,0.09061937
1387,2025-01-24,2912,中新赛克,0.09060942
1388,2025-01-23,600081,东风科技,0.09057894
1389,2025-01-23,300884,狄耐克,0.09048475
1390,2025-01-22,300710,万隆光电,0.090484366
1391,2025-01-24,600399,抚顺特钢,0.09043777
1392,2025-01-23,2717,岭南股份,0.09037425
1393,2025-01-23,300081,恒信东方,0.09034482
1394,2025-01-24,2261,拓维信息,0.090322345
1395,2025-01-23,59,华锦股份,0.090249225
1396,2025-01-24,688076,诺泰生物,0.090220645
1397,2025-01-22,547,航天发展,0.09021197
1398,2025-01-23,300656,民德电子,0.09018111
1399,2025-01-24,301120,新特电气,0.09016919
1400,2025-01-23,2805,丰元股份,0.09015653
1401,2025-01-24,3029,吉大正元,0.090147525
1402,2025-01-24,600117,西宁特钢,0.09014574
1403,2025-01-22,603858,步长制药,0.09014207
1404,2025-01-22,688270,臻镭科技,0.090130985
1405,2025-01-23,600180,瑞茂通,0.0901236
1406,2025-01-22,2189,中光学,0.09010459
1407,2025-01-23,603898,好莱客,0.09002257
1408,2025-01-24,2025,航天电器,0.08998819
1409,2025-01-23,600759,洲际油气,0.08998136
1410,2025-01-22,605287,德才股份,0.089966625
1411,2025-01-23,415,渤海租赁,0.089955166
1412,2025-01-22,300179,四方达,0.0899429
1413,2025-01-23,600400,红豆股份,0.08992862
1414,2025-01-22,688709,成都华微,0.08991805
1415,2025-01-23,698,沈阳化工,0.08990837
1416,2025-01-23,600198,大唐电信,0.08990711
1417,2025-01-23,670,盈方微,0.08990273
1418,2025-01-22,2278,神开股份,0.089825824
1419,2025-01-24,300384,三联虹普,0.08979257
1420,2025-01-24,300084,海默科技,0.0897726
1421,2025-01-24,603988,中电电机,0.08970876
1422,2025-01-23,688270,臻镭科技,0.089680396
1423,2025-01-24,300042,朗科科技,0.089665405
1424,2025-01-23,300379,东方通,0.08965807
1425,2025-01-22,300198,纳川股份,0.089608535
1426,2025-01-24,601992,金隅集团,0.0895883
1427,2025-01-23,600816,建元信托,0.08958166
1428,2025-01-22,603808,歌力思,0.08953722
1429,2025-01-24,603108,润达医疗,0.08953564
1430,2025-01-24,600000,浦发银行,0.089525245
1431,2025-01-22,300849,锦盛新材,0.08945078
1432,2025-01-24,300647,超频三,0.089426324
1433,2025-01-22,600176,中国巨石,0.08939324
1434,2025-01-24,300875,捷强装备,0.08929856
1435,2025-01-23,600376,首开股份,0.089282125
1436,2025-01-23,300629,新劲刚,0.089253634
1437,2025-01-24,2421,达实智能,0.089251734
1438,2025-01-22,300490,华自科技,0.08924441
1439,2025-01-23,2672,东江环保,0.08923687
1440,2025-01-24,300072,海新能科,0.08921167
1441,2025-01-23,688539,高华科技,0.089139104
1442,2025-01-24,600370,三房巷,0.089061365
1443,2025-01-24,600193,创兴资源,0.08905889
1444,2025-01-24,300513,恒实科技,0.08905627
1445,2025-01-22,2475,立讯精密,0.08905612
1446,2025-01-23,600643,爱建集团,0.08901076
1447,2025-01-24,301213,观想科技,0.08899838
1448,2025-01-23,300359,全通教育,0.088974565
1449,2025-01-24,688126,沪硅产业,0.08890225
1450,2025-01-24,300014,亿纬锂能,0.08886822
1451,2025-01-24,2571,德力股份,0.08885613
1452,2025-01-23,688300,联瑞新材,0.088841215
1453,2025-01-24,300347,泰格医药,0.088834256
1454,2025-01-24,300147,香雪制药,0.088829994
1455,2025-01-23,300095,华伍股份,0.088821456
1456,2025-01-24,2075,沙钢股份,0.08872861
1457,2025-01-24,2852,道道全,0.08870648
1458,2025-01-23,3022,联泓新科,0.08864621
1459,2025-01-22,603117,万林物流,0.08864334
1460,2025-01-24,2082,万邦德,0.08864077
1461,2025-01-22,6,深振业Ａ,0.08860549
1462,2025-01-24,603939,益丰药房,0.088603035
1463,2025-01-24,2362,汉王科技,0.088572204
1464,2025-01-22,300072,海新能科,0.08857213
1465,2025-01-23,688375,国博电子,0.08846717
1466,2025-01-22,688515,裕太微-U,0.08846679
1467,2025-01-22,600939,重庆建工,0.08844054
1468,2025-01-23,2715,登云股份,0.0884144
1469,2025-01-24,850,华茂股份,0.08833487
1470,2025-01-23,601601,中国太保,0.08832333
1471,2025-01-24,300678,中科信息,0.0883148
1472,2025-01-22,300504,天邑股份,0.08830489
1473,2025-01-24,526,学大教育,0.08829589
1474,2025-01-22,2638,勤上股份,0.08817075
1475,2025-01-23,300141,和顺电气,0.088113144
1476,2025-01-23,600990,四创电子,0.088071644
1477,2025-01-24,2413,雷科防务,0.088069074
1478,2025-01-22,688337,普源精电,0.08806362
1479,2025-01-23,603086,先达股份,0.08805756
1480,2025-01-23,2628,成都路桥,0.08802725
1481,2025-01-24,605377,华旺科技,0.08802268
1482,2025-01-22,688223,晶科能源,0.0880049
1483,2025-01-23,300147,香雪制药,0.08796411
1484,2025-01-23,300331,苏大维格,0.08796026
1485,2025-01-23,600000,浦发银行,0.08790234
1486,2025-01-24,688275,万润新能,0.08783198
1487,2025-01-23,2726,龙大美食,0.08780542
1488,2025-01-24,509,华塑控股,0.087784186
1489,2025-01-24,2410,广联达,0.08776327
1490,2025-01-24,688709,成都华微,0.087737754
1491,2025-01-22,2123,梦网科技,0.08773118
1492,2025-01-24,601857,中国石油,0.0877237
1493,2025-01-22,300807,天迈科技,0.087713525
1494,2025-01-09,688073,毕得医药,0.087712735
1495,2025-01-23,601628,中国人寿,0.08770208
1496,2025-01-23,300198,纳川股份,0.087693185
1497,2025-01-24,300578,会畅通讯,0.08764626
1498,2025-01-23,603757,大元泵业,0.08764093
1499,2025-01-22,688737,中自科技,0.08761799
1500,2025-01-23,600076,康欣新材,0.08760482
1501,2025-01-23,300050,世纪鼎利,0.08757181
1502,2025-01-24,603917,合力科技,0.087538555
1503,2025-01-23,2799,环球印务,0.087536715
1504,2025-01-22,2112,三变科技,0.08749765
1505,2025-01-22,600376,首开股份,0.08748834
1506,2025-01-22,300334,津膜科技,0.08738814
1507,2025-01-22,2531,天顺风能,0.08737734
1508,2025-01-24,2849,威星智能,0.0873109
1509,2025-01-24,300530,领湃科技,0.08729464
1510,2025-01-23,601162,天风证券,0.08726668
1511,2025-01-23,301162,国能日新,0.0871544
1512,2025-01-24,600658,电子城,0.08714995
1513,2025-01-22,688656,浩欧博,0.08712423
1514,2025-01-22,2171,楚江新材,0.08710717
1515,2025-01-24,300619,金银河,0.087067634
1516,2025-01-23,300429,强力新材,0.08703928
1517,2025-01-23,2812,恩捷股份,0.08700985
1518,2025-01-22,300025,华星创业,0.08700402
1519,2025-01-24,2966,苏州银行,0.08695808
1520,2025-01-23,603679,华体科技,0.08687639
1521,2025-01-24,600067,冠城新材,0.08687194
1522,2025-01-23,520,凤凰航运,0.08685846
1523,2025-01-23,300588,熙菱信息,0.08683367
1524,2025-01-23,2077,大港股份,0.08670464
1525,2025-01-23,2271,东方雨虹,0.08669245
1526,2025-01-24,603159,上海亚虹,0.08667411
1527,2025-01-24,2841,视源股份,0.086660154
1528,2025-01-24,300464,星徽股份,0.08664586
1529,2025-01-22,688150,莱特光电,0.08662337
1530,2025-01-24,2427,尤夫股份,0.08660642
1531,2025-01-24,300179,四方达,0.08653538
1532,2025-01-24,301127,天源环保,0.08651663
1533,2025-01-23,688562,航天软件,0.086509205
1534,2025-01-23,2145,中核钛白,0.08642398
1535,2025-01-23,600751,海航科技,0.086418316
1536,2025-01-23,603387,基蛋生物,0.08641551
1537,2025-01-23,601801,皖新传媒,0.086394265
1538,2025-01-24,333,美的集团,0.08638841
1539,2025-01-23,600658,电子城,0.086315855
1540,2025-01-22,2801,微光股份,0.08630648
1541,2025-01-22,2875,安奈儿,0.086296916
1542,2025-01-13,688073,毕得医药,0.086282045
1543,2025-01-22,300062,中能电气,0.08624681
1544,2025-01-24,301396,宏景科技,0.086235926
1545,2025-01-23,300705,九典制药,0.08619335
1546,2025-01-23,300904,威力传动,0.08619098
1547,2025-01-24,301157,华塑科技,0.08609845
1548,2025-01-24,600458,时代新材,0.086078
1549,2025-01-24,600025,华能水电,0.08607684
1550,2025-01-23,300949,奥雅股份,0.08606331
1551,2025-01-24,300086,康芝药业,0.086039215
1552,2025-01-22,600400,红豆股份,0.08603887
1553,2025-01-22,601728,中国电信,0.08603284
1554,2025-01-23,688016,心脉医疗,0.086009145
1555,2025-01-23,603787,新日股份,0.08600569
1556,2025-01-24,600230,沧州大化,0.08589563
1557,2025-01-23,603227,雪峰科技,0.08585028
1558,2025-01-22,688353,华盛锂电,0.08576229
1559,2025-01-24,600654,中安科,0.085755
1560,2025-01-24,600845,宝信软件,0.08575046
1561,2025-01-22,688113,联测科技,0.08574759
1562,2025-01-23,2027,分众传媒,0.08570376
1563,2025-01-23,2595,豪迈科技,0.08568855
1564,2025-01-23,2278,神开股份,0.08568697
1565,2025-01-22,688472,阿特斯,0.08566649
1566,2025-01-22,59,华锦股份,0.08566517
1567,2025-01-22,688575,亚辉龙,0.08561568
1568,2025-01-24,300601,康泰生物,0.08549994
1569,2025-01-23,300478,杭州高新,0.08546066
1570,2025-01-23,300601,康泰生物,0.08545163
1571,2025-01-23,601288,农业银行,0.08543913
1572,2025-01-22,603800,洪田股份,0.085438095
1573,2025-01-22,600698,湖南天雁,0.085431814
1574,2025-01-22,601001,晋控煤业,0.085413225
1575,2025-01-24,301355,南王科技,0.08534287
1576,2025-01-22,601011,宝泰隆,0.08533263
1577,2025-01-24,603209,兴通股份,0.08531508
1578,2025-01-22,600325,华发股份,0.0853093
1579,2025-01-23,688223,晶科能源,0.08525874
1580,2025-01-23,1965,招商公路,0.08525172
1581,2025-01-24,688137,近岸蛋白,0.08523029
1582,2025-01-22,2136,安 纳 达,0.085206985
1583,2025-01-23,300334,津膜科技,0.08518542
1584,2025-01-22,300918,南山智尚,0.08515492
1585,2025-01-24,603808,歌力思,0.08514863
1586,2025-01-22,688365,光云科技,0.08514665
1587,2025-01-23,603929,亚翔集成,0.085126564
1588,2025-01-24,603358,华达科技,0.08511171
1589,2025-01-24,688373,盟科药业-U,0.085093826
1590,2025-01-23,603678,火炬电子,0.08506448
1591,2025-01-22,600117,西宁特钢,0.08505884
1592,2025-01-22,301566,达利凯普,0.08505793
1593,2025-01-23,601799,星宇股份,0.08505638
1594,2025-01-24,300694,蠡湖股份,0.08505607
1595,2025-01-24,601828,美凯龙,0.085048005
1596,2025-01-23,301323,新莱福,0.084993646
1597,2025-01-24,48,京基智农,0.08491587
1598,2025-01-24,301302,华如科技,0.08486679
1599,2025-01-24,600537,亿晶光电,0.08478762
1600,2025-01-23,2906,华阳集团,0.08475633
1601,2025-01-24,96,广聚能源,0.08475514
1602,2025-01-23,966,长源电力,0.084739625
1603,2025-01-23,300857,协创数据,0.08473674
1604,2025-01-22,601106,中国一重,0.08472438
1605,2025-01-22,688392,骄成超声,0.08471125
1606,2025-01-23,601857,中国石油,0.08466982
1607,2025-01-24,301270,汉仪股份,0.0846598
1608,2025-01-22,603585,苏利股份,0.08461653
1609,2025-01-24,301038,深水规院,0.08459732
1610,2025-01-24,600378,昊华科技,0.08449276
1611,2025-01-22,2847,盐津铺子,0.08448006
1612,2025-01-24,3032,传智教育,0.0844529
1613,2025-01-23,300211,亿通科技,0.084435634
1614,2025-01-24,50,深天马Ａ,0.084415466
1615,2025-01-24,2136,安 纳 达,0.08440588
1616,2025-01-24,300366,创意信息,0.08437027
1617,2025-01-22,2035,华帝股份,0.08435546
1618,2025-01-22,599,青岛双星,0.08435342
1619,2025-01-22,668,荣丰控股,0.08433643
1620,2025-01-24,601106,中国一重,0.08429974
1621,2025-01-24,2178,延华智能,0.08429189
1622,2025-01-23,301519,舜禹股份,0.08428484
1623,2025-01-24,688539,高华科技,0.08424367
1624,2025-01-23,2546,新联电子,0.084216684
1625,2025-01-24,600346,恒力石化,0.084202334
1626,2025-01-23,300190,维尔利,0.08419627
1627,2025-01-23,300370,安控科技,0.08416517
1628,2025-01-22,2445,中南文化,0.08412789
1629,2025-01-24,2563,森马服饰,0.08411379
1630,2025-01-24,2027,分众传媒,0.08409657
1631,2025-01-23,600619,海立股份,0.08409011
1632,2025-01-24,2225,濮耐股份,0.08406238
1633,2025-01-23,776,广发证券,0.0840548
1634,2025-01-24,2423,中粮资本,0.084052995
1635,2025-01-22,603266,天龙股份,0.08404794
1636,2025-01-22,603787,新日股份,0.08404666
1637,2025-01-24,2491,通鼎互联,0.084029146
1638,2025-01-23,605333,沪光股份,0.08400865
1639,2025-01-22,601028,玉龙股份,0.084006235
1640,2025-01-23,601500,通用股份,0.083995
1641,2025-01-23,603656,泰禾智能,0.083991595
1642,2025-01-24,300499,高澜股份,0.08396037
1643,2025-01-22,605183,确成股份,0.0838584
1644,2025-01-23,603819,神力股份,0.08384378
1645,2025-01-24,300901,中胤时尚,0.08378534
1646,2025-01-22,300237,美晨科技,0.08377635
1647,2025-01-23,600567,山鹰国际,0.08375029
1648,2025-01-24,2019,亿帆医药,0.08375017
1649,2025-01-24,2906,华阳集团,0.08372362
1650,2025-01-22,688172,燕东微,0.083692074
1651,2025-01-23,601233,桐昆股份,0.083678916
1652,2025-01-22,600617,国新能源,0.083661824
1653,2025-01-23,2988,豪美新材,0.083648175
1654,2025-01-24,778,新兴铸管,0.083643556
1655,2025-01-23,300807,天迈科技,0.08363816
1656,2025-01-22,2459,晶澳科技,0.083637
1657,2025-01-22,300898,熊猫乳品,0.08362746
1658,2025-01-24,300776,帝尔激光,0.08360045
1659,2025-01-24,301418,协昌科技,0.08350976
1660,2025-01-23,2256,兆新股份,0.08349411
1661,2025-01-24,2993,奥海科技,0.083432764
1662,2025-01-23,300062,中能电气,0.0834246
1663,2025-01-22,600309,万华化学,0.0833983
1664,2025-01-24,300552,万集科技,0.08331615
1665,2025-01-24,1269,欧晶科技,0.08327222
1666,2025-01-22,600025,华能水电,0.08325082
1667,2025-01-22,2346,柘中股份,0.083229005
1668,2025-01-22,300489,光智科技,0.083224386
1669,2025-01-23,300489,光智科技,0.08316134
1670,2025-01-23,301516,中远通,0.08313191
1671,2025-01-23,688410,山外山,0.08312696
1672,2025-01-23,300406,九强生物,0.08311874
1673,2025-01-22,601969,海南矿业,0.08309391
1674,2025-01-22,301096,百诚医药,0.083088025
1675,2025-01-23,790,华神科技,0.08308254
1676,2025-01-24,600759,洲际油气,0.08303146
1677,2025-01-22,300043,星辉娱乐,0.08299227
1678,2025-01-23,688387,信科移动-U,0.08297834
1679,2025-01-24,300406,九强生物,0.08295597
1680,2025-01-24,2628,成都路桥,0.08294475
1681,2025-01-23,1217,华尔泰,0.08289912
1682,2025-01-23,2354,天娱数科,0.082876444
1683,2025-01-23,605296,神农集团,0.08286575
1684,2025-01-23,600598,北大荒,0.08283888
1685,2025-01-23,603776,永安行,0.08281293
1686,2025-01-23,761,本钢板材,0.08272207
1687,2025-01-24,300593,新雷能,0.082690045
1688,2025-01-23,601766,中国中车,0.08268917
1689,2025-01-23,600859,王府井,0.08264983
1690,2025-01-22,600973,宝胜股份,0.08264171
1691,2025-01-24,2778,中晟高科,0.082628
1692,2025-01-22,600706,曲江文旅,0.082613185
1693,2025-01-23,300231,银信科技,0.08258961
1694,2025-01-24,547,航天发展,0.08254892
1695,2025-01-24,2895,川恒股份,0.0825135
1696,2025-01-22,601069,西部黄金,0.082456276
1697,2025-01-23,301025,读客文化,0.08243535
1698,2025-01-23,300849,锦盛新材,0.08222103
1699,2025-01-22,301238,瑞泰新材,0.08221454
1700,2025-01-23,2459,晶澳科技,0.08212434
1701,2025-01-23,600654,中安科,0.082095295
1702,2025-01-23,300112,万讯自控,0.08204813
1703,2025-01-22,300323,华灿光电,0.08202626
1704,2025-01-24,2775,文科股份,0.0820045
1705,2025-01-24,600642,申能股份,0.08198217
1706,2025-01-24,300645,正元智慧,0.081979446
1707,2025-01-22,688456,有研粉材,0.08197476
1708,2025-01-22,603933,睿能科技,0.08196813
1709,2025-01-23,600802,福建水泥,0.08193584
1710,2025-01-23,688129,东来技术,0.081873074
1711,2025-01-22,300119,瑞普生物,0.08180763
1712,2025-01-24,300057,万顺新材,0.081804864
1713,2025-01-22,600789,鲁抗医药,0.08180164
1714,2025-01-23,688198,佰仁医疗,0.081800625
1715,2025-01-23,688373,盟科药业-U,0.08177681
1716,2025-01-23,300289,利德曼,0.08173911
1717,2025-01-23,2513,蓝丰生化,0.08170848
1718,2025-01-23,601825,沪农商行,0.081692666
1719,2025-01-23,301556,托普云农,0.08168918
1720,2025-01-24,688030,山石网科,0.08163883
1721,2025-01-24,2547,春兴精工,0.0815897
1722,2025-01-22,2753,永东股份,0.081569806
1723,2025-01-24,300997,欢乐家,0.08152452
1724,2025-01-24,605108,同庆楼,0.081512645
1725,2025-01-24,300496,中科创达,0.081498146
1726,2025-01-23,688737,中自科技,0.08143473
1727,2025-01-24,600691,阳煤化工,0.0814347
1728,2025-01-24,301519,舜禹股份,0.0813974
1729,2025-01-24,688778,厦钨新能,0.08139168
1730,2025-01-23,2620,瑞和股份,0.08134537
1731,2025-01-24,601766,中国中车,0.081330985
1732,2025-01-22,603983,丸美生物,0.08130929
1733,2025-01-23,2638,勤上股份,0.08128309
1734,2025-01-24,300087,荃银高科,0.081230536
1735,2025-01-23,768,中航西飞,0.081206724
1736,2025-01-23,600016,民生银行,0.08119263
1737,2025-01-22,688175,高凌信息,0.0811682
1738,2025-01-23,300837,浙矿股份,0.08116789
1739,2025-01-23,300266,兴源环境,0.08116643
1740,2025-01-22,2543,万和电气,0.08115114
1741,2025-01-23,2410,广联达,0.0811318
1742,2025-01-22,301015,百洋医药,0.08112714
1743,2025-01-22,600743,华远地产,0.08112107
1744,2025-01-24,301337,亚华电子,0.08111803
1745,2025-01-22,688659,元琛科技,0.08110866
1746,2025-01-23,300554,三超新材,0.08105751
1747,2025-01-24,600271,航天信息,0.08105408
1748,2025-01-24,2444,巨星科技,0.081012286
1749,2025-01-22,600438,通威股份,0.0810052
1750,2025-01-22,600058,五矿发展,0.08100231
1751,2025-01-24,300780,德恩精工,0.080995485
1752,2025-01-23,603615,茶花股份,0.08095682
1753,2025-01-23,688262,国芯科技,0.08091132
1754,2025-01-24,600678,四川金顶,0.08089183
1755,2025-01-24,2479,富春环保,0.08078432
1756,2025-01-23,600692,亚通股份,0.08076619
1757,2025-01-22,300230,永利股份,0.080754235
1758,2025-01-24,2263,大东南,0.080738306
1759,2025-01-23,2759,天际股份,0.08070038
1760,2025-01-24,601360,三六零,0.080679014
1761,2025-01-23,2733,雄韬股份,0.08066253
1762,2025-01-22,301313,凡拓数创,0.08065447
1763,2025-01-24,688576,西山科技,0.08062476
1764,2025-01-23,50,深天马Ａ,0.08058734
1765,2025-01-22,651,格力电器,0.08053073
1766,2025-01-24,600732,爱旭股份,0.08052969
1767,2025-01-22,300478,杭州高新,0.080507755
1768,2025-01-22,300087,荃银高科,0.0804919
1769,2025-01-24,600438,通威股份,0.08047992
1770,2025-01-24,300370,安控科技,0.080465704
1771,2025-01-24,688381,帝奥微,0.08046524
1772,2025-01-23,688695,中创股份,0.08046205
1773,2025-01-23,2279,久其软件,0.08045051
1774,2025-01-23,688623,双元科技,0.080427974
1775,2025-01-24,300775,三角防务,0.08040021
1776,2025-01-24,2210,飞马国际,0.08039372
1777,2025-01-24,300212,易华录,0.08036419
1778,2025-01-23,2151,北斗星通,0.08035931
1779,2025-01-22,300682,朗新集团,0.08035353
1780,2025-01-22,600236,桂冠电力,0.08032583
1781,2025-01-24,603031,安孚科技,0.08031306
1782,2025-01-23,603159,上海亚虹,0.08028337
1783,2025-01-22,603208,江山欧派,0.0802679
1784,2025-01-23,600818,中路股份,0.08026205
1785,2025-01-22,601127,赛力斯,0.08025276
1786,2025-01-23,2713,东易日盛,0.08018887
1787,2025-01-24,2211,宏达新材,0.08013944
1788,2025-01-24,603288,海天味业,0.080067046
1789,2025-01-24,603189,网达软件,0.08002354
1790,2025-01-23,300671,富满微,0.079947144
1791,2025-01-23,300593,新雷能,0.07993004
1792,2025-01-23,300859,西域旅游,0.07990757
1793,2025-01-24,3031,中瓷电子,0.07989675
1794,2025-01-24,300247,融捷健康,0.07984609
1795,2025-01-22,603030,全筑股份,0.07978827
1796,2025-01-22,35,中国天楹,0.079784945
1797,2025-01-22,603366,日出东方,0.07978418
1798,2025-01-22,688051,佳华科技,0.07978353
1799,2025-01-22,300068,南都电源,0.07976046
1800,2025-01-23,603858,步长制药,0.07974397
1801,2025-01-24,603656,泰禾智能,0.0796814
1802,2025-01-23,600537,亿晶光电,0.0796565
1803,2025-01-23,300878,维康药业,0.07963601
1804,2025-01-24,301509,金凯生科,0.07960262
1805,2025-01-24,600605,汇通能源,0.07959786
1806,2025-01-24,688223,晶科能源,0.079590514
1807,2025-01-24,688113,联测科技,0.07958548
1808,2025-01-23,603365,水星家纺,0.079574615
1809,2025-01-22,838,财信发展,0.07956384
1810,2025-01-23,601818,光大银行,0.07952954
1811,2025-01-22,603917,合力科技,0.07952537
1812,2025-01-22,2150,通润装备,0.07951449
1813,2025-01-23,2444,巨星科技,0.07951279
1814,2025-01-24,688201,信安世纪,0.0795056
1815,2025-01-24,300324,旋极信息,0.07950212
1816,2025-01-22,601336,新华保险,0.07949362
1817,2025-01-23,300674,宇信科技,0.07947994
1818,2025-01-24,688162,巨一科技,0.07945408
1819,2025-01-24,300705,九典制药,0.07945138
1820,2025-01-24,300878,维康药业,0.07941751
1821,2025-01-22,603255,鼎际得,0.079402536
1822,2025-01-22,300157,新锦动力,0.07935691
1823,2025-01-24,600132,重庆啤酒,0.079355374
1824,2025-01-23,600203,福日电子,0.079319194
1825,2025-01-23,300099,尤洛卡,0.07931407
1826,2025-01-23,599,青岛双星,0.07931246
1827,2025-01-24,2109,兴化股份,0.07929503
1828,2025-01-24,2011,盾安环境,0.079277545
1829,2025-01-23,300427,红相股份,0.07926153
1830,2025-01-23,600038,中直股份,0.07925596
1831,2025-01-22,655,金岭矿业,0.079242915
1832,2025-01-24,300127,银河磁体,0.079238415
1833,2025-01-24,688501,青达环保,0.07920709
1834,2025-01-23,300676,华大基因,0.079145715
1835,2025-01-22,2181,粤 传 媒,0.079104826
1836,2025-01-23,301119,正强股份,0.07910271
1837,2025-01-24,300288,朗玛信息,0.079023674
1838,2025-01-22,600141,兴发集团,0.07899825
1839,2025-01-22,3040,楚天龙,0.07899079
1840,2025-01-23,300011,鼎汉技术,0.07897052
1841,2025-01-23,2445,中南文化,0.0789603
1842,2025-01-23,300127,银河磁体,0.0789534
1843,2025-01-24,688039,当虹科技,0.07893149
1844,2025-01-22,603126,中材节能,0.078923024
1845,2025-01-22,600567,山鹰国际,0.07890519
1846,2025-01-10,688073,毕得医药,0.07889558
1847,2025-01-24,600551,时代出版,0.07887587
1848,2025-01-23,600152,维科技术,0.07884283
1849,2025-01-22,601225,陕西煤业,0.07880595
1850,2025-01-23,688275,万润新能,0.078803845
1851,2025-01-22,688420,美腾科技,0.07879037
1852,2025-01-22,2218,拓日新能,0.0787683
1853,2025-01-22,2575,群兴玩具,0.07876578
1854,2025-01-23,603288,海天味业,0.07875061
1855,2025-01-23,300551,古鳌科技,0.078674644
1856,2025-01-23,300386,飞天诚信,0.07866731
1857,2025-01-23,2169,智光电气,0.078584045
1858,2025-01-22,603927,中科软,0.07857706
1859,2025-01-24,688733,壹石通,0.0785524
1860,2025-01-22,670,盈方微,0.07853414
1861,2025-01-24,300551,古鳌科技,0.07851155
1862,2025-01-22,600310,广西能源,0.07848439
1863,2025-01-22,300751,迈为股份,0.07848421
1864,2025-01-23,561,烽火电子,0.078425825
1865,2025-01-22,688310,迈得医疗,0.07841323
1866,2025-01-23,2398,垒知集团,0.0784121
1867,2025-01-22,300904,威力传动,0.07836862
1868,2025-01-24,300490,华自科技,0.07836676
1869,2025-01-22,301187,欧圣电气,0.078362554
1870,2025-01-24,2625,光启技术,0.0783561
1871,2025-01-22,1217,华尔泰,0.07835233
1872,2025-01-24,300047,天源迪科,0.07827006
1873,2025-01-24,688365,光云科技,0.078247465
1874,2025-01-23,301038,深水规院,0.07823753
1875,2025-01-23,601658,邮储银行,0.07820471
1876,2025-01-24,300472,新元科技,0.0781703
1877,2025-01-24,301010,晶雪节能,0.07816292
1878,2025-01-22,688157,松井股份,0.07813126
1879,2025-01-22,595,宝塔实业,0.07812609
1880,2025-01-23,603917,合力科技,0.078112185
1881,2025-01-22,603520,司太立,0.07806559
1882,2025-01-23,601519,大智慧,0.07804015
1883,2025-01-24,300232,洲明科技,0.07802767
1884,2025-01-24,688488,艾迪药业,0.07799277
1885,2025-01-24,601369,陕鼓动力,0.07797614
1886,2025-01-22,2797,第一创业,0.07797013
1887,2025-01-22,301311,昆船智能,0.077942625
1888,2025-01-22,856,冀东装备,0.077930376
1889,2025-01-22,333,美的集团,0.07790951
1890,2025-01-23,603332,苏州龙杰,0.077909134
1891,2025-01-24,300189,神农种业,0.07790284
1892,2025-01-23,688377,迪威尔,0.07788502
1893,2025-01-22,601211,国泰君安,0.0778328
1894,2025-01-24,601616,广电电气,0.077825084
1895,2025-01-22,603789,星光农机,0.07779883
1896,2025-01-23,300732,设研院,0.07778345
1897,2025-01-24,2495,佳隆股份,0.07776372
1898,2025-01-24,301269,华大九天,0.07773548
1899,2025-01-23,300053,航宇微,0.07770938
1900,2025-01-24,2276,万马股份,0.077677
1901,2025-01-23,301010,晶雪节能,0.077674314
1902,2025-01-24,600280,中央商场,0.07764977
1903,2025-01-23,301313,凡拓数创,0.07762635
1904,2025-01-23,2262,恩华药业,0.07761887
1905,2025-01-24,981,山子高科,0.07758118
1906,2025-01-22,603099,长白山,0.07755031
1907,2025-01-23,688068,热景生物,0.07751508
1908,2025-01-22,601369,陕鼓动力,0.077498436
1909,2025-01-24,300240,飞力达,0.07749633
1910,2025-01-23,2352,顺丰控股,0.07745789
1911,2025-01-24,300795,米奥会展,0.077453986
1912,2025-01-24,723,美锦能源,0.07742907
1913,2025-01-24,603681,永冠新材,0.07739949
1914,2025-01-23,603927,中科软,0.07739878
1915,2025-01-22,603878,武进不锈,0.07739345
1916,2025-01-24,519,中兵红箭,0.07733834
1917,2025-01-23,688349,三一重能,0.07733366
1918,2025-01-24,300112,万讯自控,0.07729584
1919,2025-01-24,688310,迈得医疗,0.07727237
1920,2025-01-22,603843,正平股份,0.07726004
1921,2025-01-23,300461,田中精机,0.07725537
1922,2025-01-23,510,新金路,0.07725487
1923,2025-01-24,603983,丸美生物,0.07722637
1924,2025-01-23,2218,拓日新能,0.077222295
1925,2025-01-23,300045,华力创通,0.07720517
1926,2025-01-24,603190,亚通精工,0.077086195
1927,2025-01-23,603985,恒润股份,0.077076614
1928,2025-01-22,600119,长江投资,0.077073164
1929,2025-01-22,300245,天玑科技,0.077069394
1930,2025-01-14,688667,菱电电控,0.077039555
1931,2025-01-16,688293,奥浦迈,0.07702416
1932,2025-01-24,600246,万通发展,0.077000976
1933,2025-01-23,688298,东方生物,0.07698344
1934,2025-01-24,600500,中化国际,0.07697752
1935,2025-01-24,600887,伊利股份,0.07696861
1936,2025-01-22,301211,亨迪药业,0.07693699
1937,2025-01-24,600981,汇鸿集团,0.076907545
1938,2025-01-24,300730,科创信息,0.076902375
1939,2025-01-24,300746,汉嘉设计,0.07689745
1940,2025-01-23,519,中兵红箭,0.07688953
1941,2025-01-22,601398,工商银行,0.076882936
1942,2025-01-24,600566,济川药业,0.076838925
1943,2025-01-24,688500,慧辰股份,0.07683555
1944,2025-01-22,601155,新城控股,0.07682906
1945,2025-01-22,300688,创业黑马,0.07680741
1946,2025-01-24,688512,慧智微-U,0.07680112
1947,2025-01-23,300377,赢时胜,0.07677734
1948,2025-01-22,603365,水星家纺,0.076757476
1949,2025-01-24,300682,朗新集团,0.07673745
1950,2025-01-22,300700,岱勒新材,0.0767207
1951,2025-01-22,600000,浦发银行,0.07664092
1952,2025-01-23,600460,士兰微,0.076592244
1953,2025-01-23,300855,图南股份,0.076560676
1954,2025-01-24,2452,长高电新,0.07652606
1955,2025-01-22,2276,万马股份,0.076517284
1956,2025-01-24,600185,格力地产,0.07645866
1957,2025-01-23,421,南京公用,0.07636928
1958,2025-01-23,600251,冠农股份,0.076367065
1959,2025-01-23,600006,东风股份,0.07629457
1960,2025-01-24,2739,万达电影,0.076276824
1961,2025-01-22,688372,伟测科技,0.07626505
1962,2025-01-23,2272,川润股份,0.07625191
1963,2025-01-22,603903,中持股份,0.07624985
1964,2025-01-24,603015,弘讯科技,0.076195166
1965,2025-01-23,600131,国网信通,0.07614428
1966,2025-01-23,688153,唯捷创芯,0.07614182
1967,2025-01-23,688084,晶品特装,0.076081604
1968,2025-01-24,300025,华星创业,0.07603651
1969,2025-01-24,300237,美晨科技,0.076004565
1970,2025-01-24,639,西王食品,0.075978115
1971,2025-01-24,2991,甘源食品,0.07597493
1972,2025-01-24,2812,恩捷股份,0.07595685
1973,2025-01-22,600406,国电南瑞,0.07591006
1974,2025-01-23,601155,新城控股,0.07585831
1975,2025-01-23,600660,福耀玻璃,0.07581863
1976,2025-01-23,600399,抚顺特钢,0.07580228
1977,2025-01-23,688185,康希诺,0.07579833
1978,2025-01-24,300457,赢合科技,0.07579826
1979,2025-01-23,603727,博迈科,0.075788096
1980,2025-01-24,603117,万林物流,0.0757803
1981,2025-01-23,300785,值得买,0.075769454
1982,2025-01-23,603301,振德医疗,0.075766504
1983,2025-01-23,300061,旗天科技,0.07574573
1984,2025-01-24,300895,铜牛信息,0.075741306
1985,2025-01-24,603990,麦迪科技,0.07571742
1986,2025-01-24,39,中集集团,0.07571699
1987,2025-01-23,301001,凯淳股份,0.075690955
1988,2025-01-24,603123,翠微股份,0.07568505
1989,2025-01-22,601816,京沪高铁,0.075681984
1990,2025-01-22,600845,宝信软件,0.07565529
1991,2025-01-23,300901,中胤时尚,0.07557739
1992,2025-01-22,2307,北新路桥,0.07557008
1993,2025-01-22,688108,赛诺医疗,0.075567275
1994,2025-01-22,600137,浪莎股份,0.07555625
1995,2025-01-24,603665,康隆达,0.075540975
1996,2025-01-23,300237,美晨科技,0.07552661
1997,2025-01-24,600756,浪潮软件,0.07552527
1998,2025-01-24,37,深南电A,0.07548611
1999,2025-01-23,601512,中新集团,0.0754444
2000,2025-01-23,600938,中国海油,0.07542743
2001,2025-01-23,2342,巨力索具,0.07541524
2002,2025-01-22,300859,西域旅游,0.0754148
2003,2025-01-24,688037,芯源微,0.075364694
2004,2025-01-23,300382,斯莱克,0.07535994
2005,2025-01-23,603655,朗博科技,0.07535669
2006,2025-01-24,600841,动力新科,0.07534218
2007,2025-01-22,300763,锦浪科技,0.075251125
2008,2025-01-24,300656,民德电子,0.07523045
2009,2025-01-22,688623,双元科技,0.07521561
2010,2025-01-24,688410,山外山,0.07520224
2011,2025-01-23,688201,信安世纪,0.07517787
2012,2025-01-22,603616,韩建河山,0.075177625
2013,2025-01-23,2094,青岛金王,0.07516074
2014,2025-01-24,600622,光大嘉宝,0.075124934
2015,2025-01-23,600886,国投电力,0.075118914
2016,2025-01-22,600459,贵研铂业,0.07511417
2017,2025-01-23,601615,明阳智能,0.07509619
2018,2025-01-23,2973,侨银股份,0.075078905
2019,2025-01-22,688389,普门科技,0.075055696
2020,2025-01-23,688515,裕太微-U,0.07504728
2021,2025-01-23,603279,景津装备,0.07502313
2022,2025-01-24,510,新金路,0.075000495
2023,2025-01-23,300480,光力科技,0.07498884
2024,2025-01-24,603727,博迈科,0.074977964
2025,2025-01-23,603833,欧派家居,0.07497187
2026,2025-01-23,300471,厚普股份,0.074970886
2027,2025-01-23,600875,东方电气,0.074922666
2028,2025-01-22,2713,东易日盛,0.07491088
2029,2025-01-23,605136,丽人丽妆,0.07490739
2030,2025-01-22,688779,五矿新能,0.074891105
2031,2025-01-24,600712,南宁百货,0.07487236
2032,2025-01-22,603517,绝味食品,0.07485716
2033,2025-01-22,300418,昆仑万维,0.07485081
2034,2025-01-23,600132,重庆啤酒,0.07483888
2035,2025-01-23,2797,第一创业,0.074815154
2036,2025-01-23,603887,城地香江,0.0748074
2037,2025-01-24,862,银星能源,0.07475617
2038,2025-01-24,300607,拓斯达,0.074755006
2039,2025-01-24,600265,景谷林业,0.074726865
2040,2025-01-24,600590,泰豪科技,0.07470344
2041,2025-01-24,300395,菲利华,0.07467337
2042,2025-01-22,600302,标准股份,0.07466295
2043,2025-01-22,603197,保隆科技,0.07464226
2044,2025-01-23,601066,中信建投,0.07463581
2045,2025-01-24,2175,东方智造,0.07463126
2046,2025-01-23,301509,金凯生科,0.0745441
2047,2025-01-23,601011,宝泰隆,0.0745268
2048,2025-01-24,603858,步长制药,0.07448386
2049,2025-01-22,300593,新雷能,0.0744519
2050,2025-01-22,600968,海油发展,0.074445225
2051,2025-01-23,601096,宏盛华源,0.07442653
2052,2025-01-22,2771,真视通,0.07439549
2053,2025-01-24,2369,卓翼科技,0.074351415
2054,2025-01-24,2984,森麒麟,0.07433732
2055,2025-01-24,601801,皖新传媒,0.07431109
2056,2025-01-22,503,国新健康,0.07429832
2057,2025-01-23,300128,锦富技术,0.074273795
2058,2025-01-23,2210,飞马国际,0.07426575
2059,2025-01-22,688577,浙海德曼,0.07425459
2060,2025-01-24,300579,数字认证,0.074252486
2061,2025-01-24,688750,金天钛业,0.074225694
2062,2025-01-24,2256,兆新股份,0.074216425
2063,2025-01-23,300587,天铁科技,0.074211225
2064,2025-01-22,601113,华鼎股份,0.074190825
2065,2025-01-24,2715,登云股份,0.074179605
2066,2025-01-23,300689,澄天伟业,0.07417396
2067,2025-01-23,796,凯撒旅业,0.074173346
2068,2025-01-24,300235,方直科技,0.07417206
2069,2025-01-23,2493,荣盛石化,0.07417188
2070,2025-01-23,600337,美克家居,0.07415418
2071,2025-01-24,688575,亚辉龙,0.074144825
2072,2025-01-22,688488,艾迪药业,0.074135035
2073,2025-01-24,603279,景津装备,0.07408268
2074,2025-01-24,2218,拓日新能,0.07404539
2075,2025-01-24,600088,中视传媒,0.074040145
2076,2025-01-23,2723,小崧股份,0.07403542
2077,2025-01-24,300429,强力新材,0.07396081
2078,2025-01-23,300276,三丰智能,0.07395338
2079,2025-01-24,300884,狄耐克,0.073898405
2080,2025-01-23,601778,晶科科技,0.07387099
2081,2025-01-22,301633,港迪技术,0.07379264
2082,2025-01-23,29,深深房Ａ,0.07376211
2083,2025-01-24,603787,新日股份,0.07375918
2084,2025-01-24,300061,旗天科技,0.07371704
2085,2025-01-24,300935,盈建科,0.073713824
2086,2025-01-24,600818,中路股份,0.07369739
2087,2025-01-24,300177,中海达,0.073671356
2088,2025-01-22,2352,顺丰控股,0.07365213
2089,2025-01-23,603208,江山欧派,0.07362647
2090,2025-01-24,300652,雷迪克,0.07361695
2091,2025-01-23,2211,宏达新材,0.073614925
2092,2025-01-24,300204,舒泰神,0.07361381
2093,2025-01-24,300769,德方纳米,0.07360928
2094,2025-01-23,301258,富士莱,0.07360759
2095,2025-01-23,600095,湘财股份,0.0736044
2096,2025-01-22,301010,晶雪节能,0.07357989
2097,2025-01-22,300477,合纵科技,0.073578835
2098,2025-01-22,1965,招商公路,0.07357676
2099,2025-01-24,688022,瀚川智能,0.073556185
2100,2025-01-22,2169,智光电气,0.07353802
2101,2025-01-24,600935,华塑股份,0.07352716
2102,2025-01-23,600712,南宁百货,0.07351468
2103,2025-01-24,300106,西部牧业,0.073513225
2104,2025-01-24,553,安道麦A,0.07349586
2105,2025-01-22,2819,东方中科,0.073495746
2106,2025-01-23,3032,传智教育,0.07344043
2107,2025-01-24,603076,乐惠国际,0.073421106
2108,2025-01-24,301218,华是科技,0.07341817
2109,2025-01-24,2272,川润股份,0.07341711
2110,2025-01-09,972,中基健康,0.07340591
2111,2025-01-22,2342,巨力索具,0.07339871
2112,2025-01-23,6,深振业Ａ,0.07339509
2113,2025-01-22,603500,祥和实业,0.07338524
2114,2025-01-24,601778,晶科科技,0.07336712
2115,2025-01-23,526,学大教育,0.07335002
2116,2025-01-23,601018,宁波港,0.07334305
2117,2025-01-24,803,山高环能,0.07332875
2118,2025-01-24,688726,拉普拉斯,0.073273316
2119,2025-01-24,600660,福耀玻璃,0.07326737
2120,2025-01-24,300045,华力创通,0.07325144
2121,2025-01-24,600107,美尔雅,0.07324941
2122,2025-01-22,2780,三夫户外,0.07322789
2123,2025-01-24,2713,东易日盛,0.073206976
2124,2025-01-23,688173,希荻微,0.07319042
2125,2025-01-22,2717,岭南股份,0.07318851
2126,2025-01-22,300878,维康药业,0.07317659
2127,2025-01-22,688189,南新制药,0.07314341
2128,2025-01-24,2641,公元股份,0.07309984
2129,2025-01-24,605318,法狮龙,0.07308763
2130,2025-01-24,600089,特变电工,0.073071525
2131,2025-01-24,600198,大唐电信,0.073069654
2132,2025-01-23,300084,海默科技,0.073048115
2133,2025-01-22,2354,天娱数科,0.073044315
2134,2025-01-23,300277,海联讯,0.07304267
2135,2025-01-24,3007,直真科技,0.0730242
2136,2025-01-24,665,湖北广电,0.07299861
2137,2025-01-23,300002,神州泰岳,0.072993174
2138,2025-01-23,553,安道麦A,0.07298447
2139,2025-01-23,688107,安路科技,0.072983846
2140,2025-01-22,600152,维科技术,0.072972596
2141,2025-01-24,300587,天铁科技,0.07296798
2142,2025-01-23,600588,用友网络,0.07291505
2143,2025-01-23,603123,翠微股份,0.072903745
2144,2025-01-24,300425,中建环能,0.07290211
2145,2025-01-24,300504,天邑股份,0.072899126
2146,2025-01-22,688653,康希通信,0.07287656
2147,2025-01-22,688183,生益电子,0.07286215
2148,2025-01-24,600744,华银电力,0.07280839
2149,2025-01-24,2285,世联行,0.07280092
2150,2025-01-24,600419,天润乳业,0.07273072
2151,2025-01-24,605168,三人行,0.07270977
2152,2025-01-23,2369,卓翼科技,0.072704375
2153,2025-01-23,2307,北新路桥,0.0727019
2154,2025-01-23,688365,光云科技,0.07270129
2155,2025-01-23,803,山高环能,0.0726867
2156,2025-01-24,603387,基蛋生物,0.07267603
2157,2025-01-23,600841,动力新科,0.0726423
2158,2025-01-24,301585,蓝宇股份,0.07263157
2159,2025-01-22,2151,北斗星通,0.072609544
2160,2025-01-22,605377,华旺科技,0.07258427
2161,2025-01-24,300277,海联讯,0.07255298
2162,2025-01-24,710,贝瑞基因,0.07251434
2163,2025-01-24,2162,悦心健康,0.072490916
2164,2025-01-22,703,恒逸石化,0.0724864
2165,2025-01-24,688700,东威科技,0.07248057
2166,2025-01-23,600117,西宁特钢,0.07247266
2167,2025-01-24,688425,铁建重工,0.072462514
2168,2025-01-24,600569,安阳钢铁,0.07246134
2169,2025-01-23,301552,科力装备,0.07244676
2170,2025-01-22,688633,星球石墨,0.07239692
2171,2025-01-23,605183,确成股份,0.07239494
2172,2025-01-22,14,沙河股份,0.07239281
2173,2025-01-23,300710,万隆光电,0.072385065
2174,2025-01-22,300777,中简科技,0.0723788
2175,2025-01-22,2016,世荣兆业,0.072296634
2176,2025-01-23,601881,中国银河,0.07228963
2177,2025-01-24,3022,联泓新科,0.0722812
2178,2025-01-22,2305,南国置业,0.072265014
2179,2025-01-24,605580,恒盛能源,0.07224825
2180,2025-01-23,300411,金盾股份,0.072187215
2181,2025-01-23,600246,万通发展,0.07218498
2182,2025-01-23,601330,绿色动力,0.07217494
2183,2025-01-24,3035,南网能源,0.072163835
2184,2025-01-22,300214,日科化学,0.072159976
2185,2025-01-24,651,格力电器,0.07214826
2186,2025-01-22,300131,英唐智控,0.07214318
2187,2025-01-24,300615,欣天科技,0.07209632
2188,2025-01-22,688295,中复神鹰,0.07207698
2189,2025-01-24,2055,得润电子,0.072072454
2190,2025-01-24,688338,赛科希德,0.07206668
2191,2025-01-23,601138,工业富联,0.07206421
2192,2025-01-23,651,格力电器,0.072037935
2193,2025-01-24,603010,万盛股份,0.07203612
2194,2025-01-24,300610,晨化股份,0.071999595
2195,2025-01-24,603998,方盛制药,0.071981676
2196,2025-01-24,2386,天原股份,0.071937546
2197,2025-01-24,570,苏常柴Ａ,0.07192694
2198,2025-01-23,600302,标准股份,0.071913525
2199,2025-01-22,300128,锦富技术,0.07191241
2200,2025-01-22,301589,诺瓦星云,0.07189226
2201,2025-01-24,300211,亿通科技,0.07185747
2202,2025-01-24,2560,通达股份,0.07184765
2203,2025-01-22,300839,博汇股份,0.071836494
2204,2025-01-24,2061,浙江交科,0.07182601
2205,2025-01-22,601838,成都银行,0.07180372
2206,2025-01-22,300551,古鳌科技,0.071796216
2207,2025-01-23,300378,鼎捷数智,0.07177727
2208,2025-01-24,777,中核科技,0.07176836
2209,2025-01-24,603351,威尔药业,0.07176353
2210,2025-01-22,600818,中路股份,0.07174492
2211,2025-01-22,300760,迈瑞医疗,0.07174218
2212,2025-01-24,28,国药一致,0.071719356
2213,2025-01-24,2457,青龙管业,0.07167579
2214,2025-01-24,301378,通达海,0.07167466
2215,2025-01-22,300112,万讯自控,0.07166916
2216,2025-01-24,300350,华鹏飞,0.07162252
2217,2025-01-23,300091,金通灵,0.07158695
2218,2025-01-23,688389,普门科技,0.0715471
2219,2025-01-22,600223,福瑞达,0.0715196
2220,2025-01-23,301161,唯万密封,0.07151012
2221,2025-01-23,678,襄阳轴承,0.071498945
2222,2025-01-23,603239,浙江仙通,0.071440116
2223,2025-01-23,785,居然智家,0.07143269
2224,2025-01-22,2032,苏 泊 尔,0.07142365
2225,2025-01-23,2153,石基信息,0.07142004
2226,2025-01-23,600378,昊华科技,0.07141221
2227,2025-01-24,300245,天玑科技,0.07140212
2228,2025-01-24,600131,国网信通,0.07140185
2229,2025-01-23,2549,凯美特气,0.071398884
2230,2025-01-23,688253,英诺特,0.071385995
2231,2025-01-23,301577,美信科技,0.07138494
2232,2025-01-22,688081,兴图新科,0.07137729
2233,2025-01-22,2658,雪迪龙,0.071368165
2234,2025-01-23,600089,特变电工,0.07136755
2235,2025-01-22,1269,欧晶科技,0.07136059
2236,2025-01-23,301418,协昌科技,0.071353436
2237,2025-01-23,300094,国联水产,0.0713198
2238,2025-01-24,300683,海特生物,0.07129343
2239,2025-01-22,603895,天永智能,0.071255505
2240,2025-01-24,768,中航西飞,0.07125397
2241,2025-01-23,605158,华达新材,0.07124221
2242,2025-01-22,2211,宏达新材,0.07122442
2243,2025-01-22,3004,声迅股份,0.07122359
2244,2025-01-22,603077,和邦生物,0.07118185
2245,2025-01-22,688151,华强科技,0.071165055
2246,2025-01-24,688570,天玛智控,0.07115099
2247,2025-01-23,688172,燕东微,0.07113907
2248,2025-01-23,301585,蓝宇股份,0.07108295
2249,2025-01-22,688605,先锋精科,0.07107665
2250,2025-01-24,300141,和顺电气,0.07107648
2251,2025-01-24,603016,新宏泰,0.071059
2252,2025-01-23,688247,宣泰医药,0.07104106
2253,2025-01-24,600519,贵州茅台,0.07102421
2254,2025-01-24,600216,浙江医药,0.07102209
2255,2025-01-23,603071,物产环能,0.07101506
2256,2025-01-23,975,山金国际,0.07098511
2257,2025-01-23,300214,日科化学,0.07098465
2258,2025-01-23,300685,艾德生物,0.07097449
2259,2025-01-24,300674,宇信科技,0.07095644
2260,2025-01-23,603015,弘讯科技,0.070919275
2261,2025-01-24,702,正虹科技,0.07091275
2262,2025-01-24,603208,江山欧派,0.070874035
2263,2025-01-24,600390,五矿资本,0.070849106
2264,2025-01-24,301313,凡拓数创,0.07084888
2265,2025-01-23,688721,龙图光罩,0.070845604
2266,2025-01-23,2778,中晟高科,0.070839584
2267,2025-01-24,2640,跨境通,0.070823774
2268,2025-01-23,37,深南电A,0.0708069
2269,2025-01-23,2371,北方华创,0.070784226
2270,2025-01-24,300076,GQY视讯,0.07076873
2271,2025-01-24,2857,三晖电气,0.070712015
2272,2025-01-23,300025,华星创业,0.07070884
2273,2025-01-23,603955,大千生态,0.0707072
2274,2025-01-23,600463,空港股份,0.07070319
2275,2025-01-24,688166,博瑞医药,0.070688546
2276,2025-01-23,600185,格力地产,0.0706684
2277,2025-01-23,600551,时代出版,0.07064149
2278,2025-01-24,600536,中国软件,0.070619375
2279,2025-01-24,300768,迪普科技,0.07060276
2280,2025-01-24,603606,东方电缆,0.07058866
2281,2025-01-23,300464,星徽股份,0.070564374
2282,2025-01-23,300271,华宇软件,0.07054639
2283,2025-01-22,688562,航天软件,0.07053517
2284,2025-01-23,2895,川恒股份,0.07053387
2285,2025-01-23,300385,雪浪环境,0.07052919
2286,2025-01-24,600727,鲁北化工,0.07050732
2287,2025-01-22,2513,蓝丰生化,0.070507035
2288,2025-01-23,300415,伊之密,0.07050042
2289,2025-01-23,2673,西部证券,0.0704899
2290,2025-01-23,2855,捷荣技术,0.07047105
2291,2025-01-24,603028,赛福天,0.07044941
2292,2025-01-24,601608,中信重工,0.0704373
2293,2025-01-24,3005,竞业达,0.07043674
2294,2025-01-24,688031,星环科技-U,0.07043002
2295,2025-01-22,601512,中新集团,0.07042399
2296,2025-01-23,688187,时代电气,0.070419446
2297,2025-01-22,300464,星徽股份,0.07041524
2298,2025-01-24,300026,红日药业,0.0704143
2299,2025-01-22,300434,金石亚药,0.070370466
2300,2025-01-24,600794,保税科技,0.07033004
2301,2025-01-24,688456,有研粉材,0.070306785
2302,2025-01-23,603126,中材节能,0.07030283
2303,2025-01-23,688425,铁建重工,0.070289984
2304,2025-01-24,2666,德联集团,0.07028963
2305,2025-01-24,2470,金正大,0.070273355
2306,2025-01-24,688584,上海合晶,0.07026836
2307,2025-01-22,300188,国投智能,0.070255056
2308,2025-01-23,600824,益民集团,0.070252
2309,2025-01-23,301270,汉仪股份,0.07022999
2310,2025-01-23,301150,中一科技,0.07022468
2311,2025-01-22,981,山子高科,0.07020918
2312,2025-01-24,300331,苏大维格,0.07020672
2313,2025-01-24,601011,宝泰隆,0.07019207
2314,2025-01-24,300571,平治信息,0.07018799
2315,2025-01-24,600203,福日电子,0.07018244
2316,2025-01-23,300122,智飞生物,0.07014818
2317,2025-01-24,600851,海欣股份,0.07011488
2318,2025-01-23,688551,科威尔,0.070106655
2319,2025-01-22,300084,海默科技,0.070079565
2320,2025-01-23,536,华映科技,0.07007846
2321,2025-01-22,698,沈阳化工,0.07006429
2322,2025-01-23,600313,农发种业,0.07006228
2323,2025-01-24,2331,皖通科技,0.070048705
2324,2025-01-22,300889,爱克股份,0.07004756
2325,2025-01-23,605287,德才股份,0.07001646
2326,2025-01-23,922,佳电股份,0.06999619
2327,2025-01-24,11,深物业A,0.06992307
2328,2025-01-22,2122,汇洲智能,0.0699202
2329,2025-01-23,688165,埃夫特-U,0.0699161
2330,2025-01-23,688575,亚辉龙,0.0699131
2331,2025-01-24,688143,长盈通,0.06991015
2332,2025-01-22,2302,西部建设,0.06990743
2333,2025-01-23,600268,国电南自,0.06990735
2334,2025-01-22,688528,秦川物联,0.06990239
2335,2025-01-23,300037,新宙邦,0.069900125
2336,2025-01-22,702,正虹科技,0.06989575
2337,2025-01-22,601727,上海电气,0.06989028
2338,2025-01-23,301269,华大九天,0.069878146
2339,2025-01-24,2661,克明食品,0.06987043
2340,2025-01-23,2302,西部建设,0.06986637
2341,2025-01-24,1322,箭牌家居,0.06980283
2342,2025-01-22,600935,华塑股份,0.069782734
2343,2025-01-24,2928,华夏航空,0.06977986
2344,2025-01-22,937,冀中能源,0.06977624
2345,2025-01-23,300324,旋极信息,0.069774345
2346,2025-01-23,2016,世荣兆业,0.069773346
2347,2025-01-23,600893,航发动力,0.06976324
2348,2025-01-22,601998,中信银行,0.069723964
2349,2025-01-24,2262,恩华药业,0.06967916
2350,2025-01-24,301516,中远通,0.069666
2351,2025-01-24,601615,明阳智能,0.069664806
2352,2025-01-24,2166,莱茵生物,0.0696439
2353,2025-01-22,1979,招商蛇口,0.069643095
2354,2025-01-24,300386,飞天诚信,0.06959432
2355,2025-01-22,2277,友阿股份,0.06958529
2356,2025-01-22,430,张家界,0.069585025
2357,2025-01-23,2219,新里程,0.06955984
2358,2025-01-23,601828,美凯龙,0.069517985
2359,2025-01-23,300014,亿纬锂能,0.06951769
2360,2025-01-23,300298,三诺生物,0.06950919
2361,2025-01-22,601139,深圳燃气,0.06950011
2362,2025-01-24,688739,成大生物,0.0694944
2363,2025-01-24,301360,荣旗科技,0.06946533
2364,2025-01-22,603033,三维股份,0.06946461
2365,2025-01-24,300393,中来股份,0.06946334
2366,2025-01-23,688148,芳源股份,0.06943704
2367,2025-01-23,301607,富特科技,0.069331944
2368,2025-01-24,2514,宝馨科技,0.06933154
2369,2025-01-22,600328,中盐化工,0.06932902
2370,2025-01-23,688529,豪森智能,0.06931192
2371,2025-01-22,600239,云南城投,0.06927721
2372,2025-01-24,301193,家联科技,0.069270775
2373,2025-01-24,790,华神科技,0.06926699
2374,2025-01-24,603125,常青科技,0.06925039
2375,2025-01-23,605162,新中港,0.06923138
2376,2025-01-24,600751,海航科技,0.06920482
2377,2025-01-24,600120,浙江东方,0.069143936
2378,2025-01-24,300231,银信科技,0.069141455
2379,2025-01-24,1308,康冠科技,0.06913254
2380,2025-01-24,301259,艾布鲁,0.06913182
2381,2025-01-24,601798,蓝科高新,0.06911753
2382,2025-01-23,300917,特发服务,0.06911677
2383,2025-01-23,603004,鼎龙科技,0.069109745
2384,2025-01-22,402,金 融 街,0.06907219
2385,2025-01-23,688468,科美诊断,0.06902853
2386,2025-01-22,2583,海能达,0.06900261
2387,2025-01-22,600744,华银电力,0.06898764
2388,2025-01-22,600193,创兴资源,0.068982154
2389,2025-01-22,601018,宁波港,0.06897794
2390,2025-01-23,2557,洽洽食品,0.0689659
2391,2025-01-23,603515,欧普照明,0.06896499
2392,2025-01-24,2021,中捷资源,0.06896453
2393,2025-01-22,300876,蒙泰高新,0.06894645
2394,2025-01-22,526,学大教育,0.068937086
2395,2025-01-24,300266,兴源环境,0.06892133
2396,2025-01-23,688297,中无人机,0.0688988
2397,2025-01-23,300670,大烨智能,0.06889331
2398,2025-01-24,300122,智飞生物,0.06887945
2399,2025-01-22,300928,华安鑫创,0.06885667
2400,2025-01-23,300682,朗新集团,0.06884141
2401,2025-01-22,603316,诚邦股份,0.068823844
2402,2025-01-22,20,深华发Ａ,0.06880242
2403,2025-01-23,600030,中信证券,0.06877433
2404,2025-01-23,601788,光大证券,0.068762675
2405,2025-01-24,301386,未来电器,0.06876092
2406,2025-01-23,300997,欢乐家,0.06875445
2407,2025-01-22,600722,金牛化工,0.06872456
2408,2025-01-23,600887,伊利股份,0.0687234
2409,2025-01-23,300504,天邑股份,0.06869793
2410,2025-01-23,300424,航新科技,0.06868944
2411,2025-01-22,300985,致远新能,0.068675175
2412,2025-01-23,603916,苏博特,0.06867337
2413,2025-01-23,300169,天晟新材,0.06866253
2414,2025-01-24,601921,浙版传媒,0.06862103
2415,2025-01-23,603335,迪生力,0.06861805
2416,2025-01-24,301280,珠城科技,0.06860437
2417,2025-01-24,600666,奥瑞德,0.068589084
2418,2025-01-24,2548,金新农,0.06854313
2419,2025-01-23,600438,通威股份,0.06853397
2420,2025-01-22,2672,东江环保,0.06852598
2421,2025-01-22,600938,中国海油,0.06848477
2422,2025-01-22,2021,中捷资源,0.068484575
2423,2025-01-23,601997,贵阳银行,0.06848362
2424,2025-01-23,603329,上海雅仕,0.06846574
2425,2025-01-24,300621,维业股份,0.06845192
2426,2025-01-22,300998,宁波方正,0.06844734
2427,2025-01-23,601988,中国银行,0.06843048
2428,2025-01-22,300538,同益股份,0.06839473
2429,2025-01-23,603529,爱玛科技,0.06839116
2430,2025-01-22,2968,新大正,0.068367295
2431,2025-01-24,603383,顶点软件,0.06836054
2432,2025-01-24,301012,扬电科技,0.068359956
2433,2025-01-24,688345,博力威,0.068359815
2434,2025-01-23,601059,信达证券,0.068344034
2435,2025-01-24,2105,信隆健康,0.06834225
2436,2025-01-24,300596,利安隆,0.06833716
2437,2025-01-24,300676,华大基因,0.06833406
2438,2025-01-24,600227,赤天化,0.06833303
2439,2025-01-22,605499,东鹏饮料,0.0683204
2440,2025-01-24,603095,越剑智能,0.06827732
2441,2025-01-22,301356,天振股份,0.06824637
2442,2025-01-23,300977,深圳瑞捷,0.06823532
2443,2025-01-24,678,襄阳轴承,0.06823022
2444,2025-01-24,520,凤凰航运,0.068217784
2445,2025-01-22,300359,全通教育,0.06821196
2446,2025-01-22,2444,巨星科技,0.06817815
2447,2025-01-24,785,居然智家,0.06817733
2448,2025-01-22,2628,成都路桥,0.06813188
2449,2025-01-22,2927,泰永长征,0.068131804
2450,2025-01-24,301331,恩威医药,0.06810967
2451,2025-01-24,2167,东方锆业,0.06807458
2452,2025-01-22,301516,中远通,0.06807338
2453,2025-01-24,300787,海能实业,0.068060055
2454,2025-01-22,300260,新莱应材,0.068051904
2455,2025-01-23,2719,麦趣尔,0.06804539
2456,2025-01-22,300518,新迅达,0.068026185
2457,2025-01-22,603223,恒通股份,0.06801241
2458,2025-01-24,601928,凤凰传媒,0.068010055
2459,2025-01-23,300395,菲利华,0.06800346
2460,2025-01-24,603898,好莱客,0.0679957
2461,2025-01-24,1872,招商港口,0.06798722
2462,2025-01-23,301281,科源制药,0.06798574
2463,2025-01-23,603983,丸美生物,0.06798093
2464,2025-01-24,300426,唐德影视,0.06797706
2465,2025-01-23,300410,正业科技,0.06797661
2466,2025-01-22,603315,福鞍股份,0.06794402
2467,2025-01-24,2121,科陆电子,0.06793334
2468,2025-01-23,2221,东华能源,0.067923844
2469,2025-01-23,300619,金银河,0.06791133
2470,2025-01-22,300599,雄塑科技,0.06788523
2471,2025-01-24,688212,澳华内镜,0.06785782
2472,2025-01-24,603167,渤海轮渡,0.06784672
2473,2025-01-23,603038,华立股份,0.06782417
2474,2025-01-24,2119,康强电子,0.06782089
2475,2025-01-22,521,长虹美菱,0.067803144
2476,2025-01-22,301526,国际复材,0.067796744
2477,2025-01-23,2537,海联金汇,0.0677875
2478,2025-01-22,2293,罗莱生活,0.06776719
2479,2025-01-22,601799,星宇股份,0.067657895
2480,2025-01-24,300317,珈伟新能,0.06765555
2481,2025-01-23,2179,中航光电,0.06763758
2482,2025-01-23,158,常山北明,0.06763565
2483,2025-01-24,301024,霍普股份,0.06758625
2484,2025-01-22,688665,四方光电,0.06756434
2485,2025-01-22,603729,龙韵股份,0.067564
2486,2025-01-22,2221,东华能源,0.06754793
2487,2025-01-22,600206,有研新材,0.06753735
2488,2025-01-24,301001,凯淳股份,0.06752902
2489,2025-01-23,603507,振江股份,0.06752773
2490,2025-01-24,603716,塞力医疗,0.06750658
2491,2025-01-23,300511,雪榕生物,0.06750125
2492,2025-01-23,300212,易华录,0.06745832
2493,2025-01-23,301378,通达海,0.06745684
2494,2025-01-24,600719,大连热电,0.0674348
2495,2025-01-22,2369,卓翼科技,0.06742457
2496,2025-01-23,600744,华银电力,0.067400835
2497,2025-01-24,300689,澄天伟业,0.067392215
2498,2025-01-22,600021,上海电力,0.06738791
2499,2025-01-24,600012,皖通高速,0.06736181
2500,2025-01-23,300985,致远新能,0.06735147
2501,2025-01-22,603317,天味食品,0.06733961
2502,2025-01-22,688225,亚信安全,0.06733475
2503,2025-01-23,300730,科创信息,0.06732279
2504,2025-01-23,300791,仙乐健康,0.06732035
2505,2025-01-22,301552,科力装备,0.067317106
2506,2025-01-22,300552,万集科技,0.06730664
2507,2025-01-22,980,众泰汽车,0.06729883
2508,2025-01-23,688295,中复神鹰,0.06729803
2509,2025-01-22,603015,弘讯科技,0.06729311
2510,2025-01-23,688779,五矿新能,0.06726566
2511,2025-01-23,688584,上海合晶,0.06725207
2512,2025-01-24,603958,哈森股份,0.067238
2513,2025-01-23,301082,久盛电气,0.067227565
2514,2025-01-24,300276,三丰智能,0.06721632
2515,2025-01-22,301159,三维天地,0.06721574
2516,2025-01-24,300732,设研院,0.06720056
2517,2025-01-24,300837,浙矿股份,0.06719227
2518,2025-01-24,600540,新赛股份,0.06719007
2519,2025-01-22,300266,兴源环境,0.06718723
2520,2025-01-24,883,湖北能源,0.06717607
2521,2025-01-24,721,西安饮食,0.06717368
2522,2025-01-23,639,西王食品,0.0671655
2523,2025-01-24,603429,集友股份,0.06714918
2524,2025-01-23,605006,山东玻纤,0.06714753
2525,2025-01-23,688378,奥来德,0.06712063
2526,2025-01-23,2277,友阿股份,0.067115664
2527,2025-01-23,300283,温州宏丰,0.06707521
2528,2025-01-22,600159,大龙地产,0.06706138
2529,2025-01-22,778,新兴铸管,0.06705595
2530,2025-01-23,688181,八亿时空,0.0670556
2531,2025-01-24,2780,三夫户外,0.0670308
2532,2025-01-22,603110,东方材料,0.06701948
2533,2025-01-24,2305,南国置业,0.06701542
2534,2025-01-24,3040,楚天龙,0.06700032
2535,2025-01-23,300068,南都电源,0.06698221
2536,2025-01-24,300478,杭州高新,0.06694749
2537,2025-01-24,300333,兆日科技,0.06693829
2538,2025-01-23,566,海南海药,0.06691726
2539,2025-01-22,301019,宁波色母,0.06691288
2540,2025-01-24,2805,丰元股份,0.066908985
2541,2025-01-24,718,苏宁环球,0.06690426
2542,2025-01-24,600990,四创电子,0.066899166
2543,2025-01-23,600039,四川路桥,0.066882566
2544,2025-01-24,603109,神驰机电,0.066851065
2545,2025-01-23,600975,新五丰,0.06684335
2546,2025-01-23,300070,碧水源,0.06684078
2547,2025-01-24,925,众合科技,0.06683238
2548,2025-01-24,601519,大智慧,0.06682652
2549,2025-01-24,300671,富满微,0.06680596
2550,2025-01-24,1268,联合精密,0.06680156
2551,2025-01-24,300066,三川智慧,0.06679411
2552,2025-01-22,3011,海象新材,0.06679039
2553,2025-01-22,978,桂林旅游,0.066789806
2554,2025-01-24,935,四川双马,0.06675877
2555,2025-01-22,69,华侨城Ａ,0.06673655
2556,2025-01-23,300830,金现代,0.06673618
2557,2025-01-23,688108,赛诺医疗,0.06671239
2558,2025-01-23,159,国际实业,0.06670157
2559,2025-01-23,300056,中创环保,0.06669646
2560,2025-01-24,688175,高凌信息,0.06669096
2561,2025-01-23,301578,辰奕智能,0.06665938
2562,2025-01-24,603161,科华控股,0.0666497
2563,2025-01-24,688281,华秦科技,0.06664255
2564,2025-01-22,2778,中晟高科,0.06663872
2565,2025-01-24,300175,朗源股份,0.06662304
2566,2025-01-23,600676,交运股份,0.06661098
2567,2025-01-24,300904,威力传动,0.06660825
2568,2025-01-23,300157,新锦动力,0.066571176
2569,2025-01-23,2573,清新环境,0.06656749
2570,2025-01-22,300670,大烨智能,0.066547774
2571,2025-01-23,2305,南国置业,0.06650949
2572,2025-01-22,300791,仙乐健康,0.06650077
2573,2025-01-22,605006,山东玻纤,0.06646638
2574,2025-01-22,2371,北方华创,0.06645076
2575,2025-01-24,2593,日上集团,0.066422224
2576,2025-01-23,600326,西藏天路,0.06641145
2577,2025-01-22,600337,美克家居,0.066397496
2578,2025-01-23,300935,盈建科,0.06638108
2579,2025-01-24,600345,长江通信,0.06636356
2580,2025-01-23,600685,中船防务,0.066351525
2581,2025-01-23,300317,珈伟新能,0.06635086
2582,2025-01-23,300043,星辉娱乐,0.06633176
2583,2025-01-24,301489,思泉新材,0.06632028
2584,2025-01-23,600739,辽宁成大,0.066306554
2585,2025-01-23,603508,思维列控,0.066304445
2586,2025-01-24,301308,江波龙,0.06626902
2587,2025-01-24,608,阳光股份,0.06626445
2588,2025-01-23,301015,百洋医药,0.066250056
2589,2025-01-22,603507,振江股份,0.06620589
2590,2025-01-23,600621,华鑫股份,0.06620579
2591,2025-01-23,300067,安诺其,0.0662016
2592,2025-01-24,603096,新经典,0.06619905
2593,2025-01-23,2133,广宇集团,0.066187695
2594,2025-01-23,2802,洪汇新材,0.06616114
2595,2025-01-23,567,海德股份,0.066147394
2596,2025-01-22,301223,中荣股份,0.06614052
2597,2025-01-22,2043,兔 宝 宝,0.06613648
2598,2025-01-23,581,威孚高科,0.066124454
2599,2025-01-22,300109,新开源,0.06612369
2600,2025-01-23,603077,和邦生物,0.066123255
2601,2025-01-22,603301,振德医疗,0.066116646
2602,2025-01-24,2400,省广集团,0.06606994
2603,2025-01-22,600844,丹化科技,0.06606724
2604,2025-01-22,688072,拓荆科技,0.06603114
2605,2025-01-24,603887,城地香江,0.0660183
2606,2025-01-23,688653,康希通信,0.06600782
2607,2025-01-24,300385,雪浪环境,0.06600212
2608,2025-01-23,300177,中海达,0.06599253
2609,2025-01-22,600280,中央商场,0.065983646
2610,2025-01-23,301568,思泰克,0.06594296
2611,2025-01-24,688721,龙图光罩,0.06590969
2612,2025-01-24,536,华映科技,0.06590832
2613,2025-01-23,688249,晶合集成,0.0658941
2614,2025-01-24,300852,四会富仕,0.06589166
2615,2025-01-24,300540,蜀道装备,0.06588996
2616,2025-01-22,300076,GQY视讯,0.06588612
2617,2025-01-24,301592,六九一二,0.06588332
2618,2025-01-22,300767,震安科技,0.06586571
2619,2025-01-24,300825,阿尔特,0.065856695
2620,2025-01-23,603878,武进不锈,0.06585036
2621,2025-01-23,1269,欧晶科技,0.065846205
2622,2025-01-24,688599,天合光能,0.0658395
2623,2025-01-24,2988,豪美新材,0.065835856
2624,2025-01-24,688369,致远互联,0.06583315
2625,2025-01-24,2169,智光电气,0.0658179
2626,2025-01-23,2330,得利斯,0.06581478
2627,2025-01-24,600594,益佰制药,0.06580566
2628,2025-01-24,2759,天际股份,0.06579795
2629,2025-01-23,300678,中科信息,0.06577934
2630,2025-01-24,300243,瑞丰高材,0.06571826
2631,2025-01-23,301360,荣旗科技,0.06570049
2632,2025-01-22,603102,百合股份,0.06567903
2633,2025-01-22,300053,航宇微,0.06563872
2634,2025-01-23,820,神雾节能,0.06563822
2635,2025-01-23,603701,德宏股份,0.06562926
2636,2025-01-22,601828,美凯龙,0.06562682
2637,2025-01-23,2035,华帝股份,0.06560549
2638,2025-01-24,2317,众生药业,0.06560537
2639,2025-01-24,2875,安奈儿,0.06559408
2640,2025-01-24,300670,大烨智能,0.06559253
2641,2025-01-22,605136,丽人丽妆,0.06557983
2642,2025-01-23,600696,岩石股份,0.06553489
2643,2025-01-24,300801,泰和科技,0.0655317
2644,2025-01-22,2274,华昌化工,0.065518506
2645,2025-01-23,300106,西部牧业,0.06548936
2646,2025-01-22,605016,百龙创园,0.06546737
2647,2025-01-22,608,阳光股份,0.0654486
2648,2025-01-24,300382,斯莱克,0.065439545
2649,2025-01-23,300869,康泰医学,0.065400906
2650,2025-01-23,300805,电声股份,0.06535016
2651,2025-01-24,2855,捷荣技术,0.06532264
2652,2025-01-22,2678,珠江钢琴,0.065311514
2653,2025-01-23,600855,航天长峰,0.06530018
2654,2025-01-24,603057,紫燕食品,0.06527951
2655,2025-01-24,2366,融发核电,0.06526477
2656,2025-01-24,3004,声迅股份,0.06525825
2657,2025-01-24,975,山金国际,0.06523997
2658,2025-01-23,2246,北化股份,0.065233365
2659,2025-01-24,1201,东瑞股份,0.06523229
2660,2025-01-24,600810,神马股份,0.065225184
2661,2025-01-23,601588,北辰实业,0.06520151
2662,2025-01-24,300091,金通灵,0.065201424
2663,2025-01-23,600199,金种子酒,0.06518954
2664,2025-01-22,2661,克明食品,0.06517108
2665,2025-01-23,603375,盛景微,0.065166734
2666,2025-01-23,603518,锦泓集团,0.06516327
2667,2025-01-22,603229,奥翔药业,0.06516129
2668,2025-01-24,300050,世纪鼎利,0.06515749
2669,2025-01-23,717,中南股份,0.06515749
2670,2025-01-22,688670,金迪克,0.06512181
2671,2025-01-23,2556,辉隆股份,0.06510123
2672,2025-01-23,2265,建设工业,0.065091535
2673,2025-01-23,600900,长江电力,0.06507625
2674,2025-01-23,862,银星能源,0.065068014
2675,2025-01-23,600691,阳煤化工,0.065053925
2676,2025-01-23,600678,四川金顶,0.06503977
2677,2025-01-23,600844,丹化科技,0.06502917
2678,2025-01-23,300051,琏升科技,0.06501342
2679,2025-01-22,1914,招商积余,0.06500689
2680,2025-01-24,2733,雄韬股份,0.06499685
2681,2025-01-23,300700,岱勒新材,0.06497618
2682,2025-01-24,688185,康希诺,0.064964384
2683,2025-01-22,600886,国投电力,0.064964086
2684,2025-01-22,688239,航宇科技,0.06495465
2685,2025-01-24,600968,海油发展,0.064944655
2686,2025-01-23,300438,鹏辉能源,0.06494273
2687,2025-01-23,300263,隆华科技,0.064933464
2688,2025-01-22,603096,新经典,0.06492394
2689,2025-01-22,688297,中无人机,0.064913005
2690,2025-01-23,605336,帅丰电器,0.06491193
2691,2025-01-24,881,中广核技,0.06490182
2692,2025-01-23,2413,雷科防务,0.06490074
2693,2025-01-24,600169,太原重工,0.06487477
2694,2025-01-22,688228,开普云,0.0648722
2695,2025-01-22,688037,芯源微,0.064871885
2696,2025-01-24,17,深中华A,0.06485945
2697,2025-01-24,2458,益生股份,0.06485009
2698,2025-01-24,600085,同仁堂,0.064835794
2699,2025-01-23,600743,华远地产,0.06480502
2700,2025-01-23,2181,粤 传 媒,0.06480159
2701,2025-01-23,850,华茂股份,0.06479442
2702,2025-01-24,603819,神力股份,0.06479087
2703,2025-01-22,553,安道麦A,0.06477576
2704,2025-01-23,300631,久吾高科,0.06476994
2705,2025-01-22,301266,宇邦新材,0.06476164
2706,2025-01-23,688353,华盛锂电,0.06473108
2707,2025-01-24,600308,华泰股份,0.06470643
2708,2025-01-23,300733,西菱动力,0.06469585
2709,2025-01-23,300347,泰格医药,0.0646926
2710,2025-01-24,600229,城市传媒,0.06467745
2711,2025-01-22,688107,安路科技,0.064669535
2712,2025-01-23,688719,爱科赛博,0.06466172
2713,2025-01-24,566,海南海药,0.064617075
2714,2025-01-23,300532,今天国际,0.06459053
2715,2025-01-24,600400,红豆股份,0.06458854
2716,2025-01-24,600843,上工申贝,0.06458403
2717,2025-01-23,300460,惠伦晶体,0.06458321
2718,2025-01-23,300889,爱克股份,0.06456402
2719,2025-01-22,600288,大恒科技,0.06454413
2720,2025-01-22,2360,同德化工,0.06452879
2721,2025-01-22,688375,国博电子,0.06450236
2722,2025-01-23,564,供销大集,0.06449488
2723,2025-01-24,2203,海亮股份,0.06448813
2724,2025-01-23,2021,中捷资源,0.06443831
2725,2025-01-24,688737,中自科技,0.064426385
2726,2025-01-23,688076,诺泰生物,0.06442482
2727,2025-01-24,600960,渤海汽车,0.06440524
2728,2025-01-24,2330,得利斯,0.06440039
2729,2025-01-24,688300,联瑞新材,0.06438684
2730,2025-01-23,600629,华建集团,0.06438403
2731,2025-01-22,300474,景嘉微,0.06436418
2732,2025-01-22,300997,欢乐家,0.064360164
2733,2025-01-24,301172,君逸数码,0.06435335
2734,2025-01-24,2108,沧州明珠,0.06432617
2735,2025-01-23,2178,延华智能,0.06431191
2736,2025-01-22,300278,华昌达,0.06428607
2737,2025-01-23,603090,宏盛股份,0.06425923
2738,2025-01-23,333,美的集团,0.06424847
2739,2025-01-24,688696,极米科技,0.064241394
2740,2025-01-23,301370,国科恒泰,0.0642102
2741,2025-01-23,603255,鼎际得,0.0642046
2742,2025-01-23,300358,楚天科技,0.064157695
2743,2025-01-23,601696,中银证券,0.06414896
2744,2025-01-24,688670,金迪克,0.0641271
2745,2025-01-23,688599,天合光能,0.06411692
2746,2025-01-24,605089,味知香,0.064106315
2747,2025-01-22,603194,中力股份,0.06409863
2748,2025-01-23,300303,聚飞光电,0.064098045
2749,2025-01-24,301556,托普云农,0.064093515
2750,2025-01-22,537,中绿电,0.06405881
2751,2025-01-23,300569,天能重工,0.06404017
2752,2025-01-24,300249,依米康,0.064039476
2753,2025-01-22,893,亚钾国际,0.064038076
2754,2025-01-23,301024,霍普股份,0.06402869
2755,2025-01-23,1298,好上好,0.064022265
2756,2025-01-22,300161,华中数控,0.06402126
2757,2025-01-22,688793,倍轻松,0.064011
2758,2025-01-22,300945,曼卡龙,0.06399921
2759,2025-01-22,2813,路畅科技,0.06399569
2760,2025-01-22,301119,正强股份,0.06397923
2761,2025-01-23,301259,艾布鲁,0.06396788
2762,2025-01-24,2176,江特电机,0.0639658
2763,2025-01-24,300532,今天国际,0.06396133
2764,2025-01-24,603156,养元饮品,0.06395853
2765,2025-01-24,300168,万达信息,0.06395255
2766,2025-01-23,2176,江特电机,0.063951224
2767,2025-01-22,300737,科顺股份,0.06394166
2768,2025-01-24,300855,图南股份,0.06393398
2769,2025-01-24,300788,中信出版,0.063918516
2770,2025-01-22,1313,粤海饲料,0.06391132
2771,2025-01-24,948,南天信息,0.06391116
2772,2025-01-24,301176,逸豪新材,0.06390147
2773,2025-01-23,603877,太平鸟,0.06390129
2774,2025-01-24,158,常山北明,0.06389919
2775,2025-01-23,2196,方正电机,0.063884936
2776,2025-01-24,688636,智明达,0.06387696
2777,2025-01-23,39,中集集团,0.06385988
2778,2025-01-24,2016,世荣兆业,0.0638593
2779,2025-01-22,688733,壹石通,0.063848294
2780,2025-01-23,2939,长城证券,0.06380036
2781,2025-01-24,600859,王府井,0.06379165
2782,2025-01-23,601728,中国电信,0.06377898
2783,2025-01-23,601878,浙商证券,0.06376715
2784,2025-01-23,688707,振华新材,0.06376615
2785,2025-01-23,601939,建设银行,0.06376464
2786,2025-01-22,601778,晶科科技,0.06374843
2787,2025-01-22,2520,日发精机,0.063733
2788,2025-01-23,300134,大富科技,0.06372969
2789,2025-01-24,300808,久量股份,0.063711405
2790,2025-01-23,2741,光华科技,0.06370304
2791,2025-01-24,2246,北化股份,0.063701816
2792,2025-01-22,2928,华夏航空,0.06363912
2793,2025-01-24,301330,熵基科技,0.06362669
2794,2025-01-24,600176,中国巨石,0.06360702
2795,2025-01-23,981,山子高科,0.06360291
2796,2025-01-24,688657,浩辰软件,0.063601226
2797,2025-01-22,159,国际实业,0.063570105
2798,2025-01-23,300838,浙江力诺,0.063563004
2799,2025-01-22,663,永安林业,0.06355776
2800,2025-01-23,600096,云天化,0.06353943
2801,2025-01-23,601099,太平洋,0.063534796
2802,2025-01-22,600246,万通发展,0.06353352
2803,2025-01-24,301622,英思特,0.0635163
2804,2025-01-22,605318,法狮龙,0.06350529
2805,2025-01-22,600956,新天绿能,0.06347823
2806,2025-01-22,603918,金桥信息,0.063471854
2807,2025-01-22,2027,分众传媒,0.063470356
2808,2025-01-23,2431,棕榈股份,0.063443705
2809,2025-01-23,603801,志邦家居,0.06343925
2810,2025-01-23,1979,招商蛇口,0.0634101
2811,2025-01-24,2513,蓝丰生化,0.063386776
2812,2025-01-22,601827,三峰环境,0.06336421
2813,2025-01-22,300900,广联航空,0.063323796
2814,2025-01-24,688172,燕东微,0.06331472
2815,2025-01-24,301626,苏州天脉,0.06331149
2816,2025-01-22,301387,光大同创,0.06330778
2817,2025-01-23,300288,朗玛信息,0.06330517
2818,2025-01-23,301522,上大股份,0.063295
2819,2025-01-23,300552,万集科技,0.06327839
2820,2025-01-24,596,古井贡酒,0.063270584
2821,2025-01-23,300477,合纵科技,0.063269
2822,2025-01-23,680,山推股份,0.06323199
2823,2025-01-24,2777,久远银海,0.06323182
2824,2025-01-24,300859,西域旅游,0.06319013
2825,2025-01-23,301213,观想科技,0.06317036
2826,2025-01-22,300689,澄天伟业,0.0631608
2827,2025-01-24,2131,利欧股份,0.063138954
2828,2025-01-24,600052,东望时代,0.063136436
2829,2025-01-23,603885,吉祥航空,0.06313392
2830,2025-01-23,8,神州高铁,0.06313126
2831,2025-01-24,601929,吉视传媒,0.06311841
2832,2025-01-22,17,深中华A,0.06311579
2833,2025-01-23,688576,西山科技,0.06309829
2834,2025-01-23,2121,科陆电子,0.06308926
2835,2025-01-23,603366,日出东方,0.06308795
2836,2025-01-23,600928,西安银行,0.06306939
2837,2025-01-22,600626,申达股份,0.06306108
2838,2025-01-24,600004,白云机场,0.06306067
2839,2025-01-24,688153,唯捷创芯,0.06304939
2840,2025-01-24,300359,全通教育,0.06304623
2841,2025-01-24,300993,玉马科技,0.0630438
2842,2025-01-24,600581,八一钢铁,0.063032925
2843,2025-01-23,2599,盛通股份,0.0630162
2844,2025-01-24,2133,广宇集团,0.06298326
2845,2025-01-24,300062,中能电气,0.062950954
2846,2025-01-23,300982,苏文电能,0.06293838
2847,2025-01-23,603938,三孚股份,0.06291929
2848,2025-01-24,603955,大千生态,0.06290271
2849,2025-01-23,300162,雷曼光电,0.06287758
2850,2025-01-23,300101,振芯科技,0.06285211
2851,2025-01-22,2203,海亮股份,0.062842734
2852,2025-01-22,2001,新 和 成,0.06284152
2853,2025-01-24,599,青岛双星,0.06283252
2854,2025-01-23,605377,华旺科技,0.06280902
2855,2025-01-24,688665,四方光电,0.06280896
2856,2025-01-24,301555,惠柏新材,0.06280798
2857,2025-01-24,600743,华远地产,0.062804855
2858,2025-01-23,688370,丛麟科技,0.06279262
2859,2025-01-22,300074,华平股份,0.06277817
2860,2025-01-23,603110,东方材料,0.06277149
2861,2025-01-22,301055,张小泉,0.062754236
2862,2025-01-24,600803,新奥股份,0.06275219
2863,2025-01-23,605366,宏柏新材,0.06275193
2864,2025-01-24,966,长源电力,0.062743
2865,2025-01-24,603126,中材节能,0.06274161
2866,2025-01-24,603269,海鸥股份,0.062735505
2867,2025-01-23,603160,汇顶科技,0.06270167
2868,2025-01-23,600706,曲江文旅,0.06268467
2869,2025-01-23,603500,祥和实业,0.06266814
2870,2025-01-23,2106,莱宝高科,0.0626618
2871,2025-01-23,300775,三角防务,0.06263426
2872,2025-01-22,2431,棕榈股份,0.062632985
2873,2025-01-24,300945,曼卡龙,0.06261821
2874,2025-01-22,300740,水羊股份,0.06260563
2875,2025-01-23,301302,华如科技,0.062602304
2876,2025-01-23,600794,保税科技,0.06259307
2877,2025-01-23,603968,醋化股份,0.06257759
2878,2025-01-24,2134,天津普林,0.06257692
2879,2025-01-23,688228,开普云,0.06257009
2880,2025-01-23,688670,金迪克,0.062570035
2881,2025-01-22,601996,丰林集团,0.062559254
2882,2025-01-22,600089,特变电工,0.062555745
2883,2025-01-22,600039,四川路桥,0.062551305
2884,2025-01-24,2935,天奥电子,0.062549934
2885,2025-01-23,300801,泰和科技,0.062549174
2886,2025-01-23,12,南  玻Ａ,0.062545896
2887,2025-01-23,2547,春兴精工,0.06253283
2888,2025-01-23,2785,万里石,0.062516205
2889,2025-01-22,61,农 产 品,0.06250243
2890,2025-01-23,2875,安奈儿,0.062494706
2891,2025-01-23,925,众合科技,0.0624896
2892,2025-01-22,300523,辰安科技,0.062471803
2893,2025-01-22,605296,神农集团,0.062444653
2894,2025-01-23,2261,拓维信息,0.06244059
2895,2025-01-23,601375,中原证券,0.06243541
2896,2025-01-23,688130,晶华微,0.062424034
2897,2025-01-23,600969,郴电国际,0.06241486
2898,2025-01-23,300575,中旗股份,0.062389098
2899,2025-01-23,688665,四方光电,0.062355183
2900,2025-01-23,601069,西部黄金,0.062349815
2901,2025-01-23,2731,萃华珠宝,0.062338755
2902,2025-01-24,601218,吉鑫科技,0.062329553
2903,2025-01-23,151,中成股份,0.062323667
2904,2025-01-24,688335,复洁环保,0.06231391
2905,2025-01-23,893,亚钾国际,0.06229226
2906,2025-01-23,32,深桑达Ａ,0.06228729
2907,2025-01-22,601633,长城汽车,0.062285777
2908,2025-01-24,300988,津荣天宇,0.062270015
2909,2025-01-24,663,永安林业,0.062266447
2910,2025-01-24,601002,晋亿实业,0.06224304
2911,2025-01-23,600219,南山铝业,0.062242266
2912,2025-01-24,2232,启明信息,0.06223534
2913,2025-01-23,601633,长城汽车,0.06223323
2914,2025-01-24,2867,周大生,0.062222973
2915,2025-01-23,300447,全信股份,0.062222477
2916,2025-01-22,1337,四川黄金,0.062217027
2917,2025-01-22,1376,百通能源,0.062214762
2918,2025-01-24,601228,广州港,0.062211275
2919,2025-01-22,301502,华阳智能,0.062170856
2920,2025-01-23,300737,科顺股份,0.062112615
2921,2025-01-23,300523,辰安科技,0.062112268
2922,2025-01-24,2719,麦趣尔,0.062107965
2923,2025-01-24,300523,辰安科技,0.062102165
2924,2025-01-24,3816,中国广核,0.06208401
2925,2025-01-22,600769,祥龙电业,0.062080435
2926,2025-01-22,300099,尤洛卡,0.06207004
2927,2025-01-24,688533,上声电子,0.062069863
2928,2025-01-23,423,东阿阿胶,0.062067166
2929,2025-01-22,300949,奥雅股份,0.062044837
2930,2025-01-22,28,国药一致,0.06203746
2931,2025-01-24,688383,新益昌,0.062019497
2932,2025-01-24,301089,拓新药业,0.0620147
2933,2025-01-23,300945,曼卡龙,0.06201311
2934,2025-01-22,300556,丝路视觉,0.06195289
2935,2025-01-24,300032,金龙机电,0.061952263
2936,2025-01-22,300729,乐歌股份,0.061897125
2937,2025-01-24,688260,昀冢科技,0.06189698
2938,2025-01-22,897,津滨发展,0.061892062
2939,2025-01-22,600199,金种子酒,0.061881494
2940,2025-01-24,600452,涪陵电力,0.061874226
2941,2025-01-24,600894,广日股份,0.061861597
2942,2025-01-23,300204,舒泰神,0.06186093
2943,2025-01-22,600500,中化国际,0.061836317
2944,2025-01-23,600521,华海药业,0.061817195
2945,2025-01-22,813,德展健康,0.06181285
2946,2025-01-22,600875,东方电气,0.061811186
2947,2025-01-22,600078,澄星股份,0.061809327
2948,2025-01-23,300556,丝路视觉,0.06178917
2949,2025-01-23,300168,万达信息,0.06178307
2950,2025-01-24,605136,丽人丽妆,0.061782368
2951,2025-01-24,601012,隆基绿能,0.061775006
2952,2025-01-23,688589,力合微,0.061748307
2953,2025-01-24,601816,京沪高铁,0.06173942
2954,2025-01-24,2431,棕榈股份,0.061709195
2955,2025-01-24,973,佛塑科技,0.06169898
2956,2025-01-23,601969,海南矿业,0.0616969
2957,2025-01-22,8,神州高铁,0.061692536
2958,2025-01-22,600618,氯碱化工,0.061677575
2959,2025-01-22,2140,东华科技,0.061676994
2960,2025-01-24,2820,桂发祥,0.061675616
2961,2025-01-24,838,财信发展,0.061663963
2962,2025-01-24,2077,大港股份,0.061638467
2963,2025-01-23,603889,新澳股份,0.061634514
2964,2025-01-23,603099,长白山,0.061618432
2965,2025-01-22,2867,周大生,0.061613
2966,2025-01-22,600841,动力新科,0.06161073
2967,2025-01-23,688277,天智航-U,0.061607253
2968,2025-01-24,688299,长阳科技,0.061605267
2969,2025-01-23,2214,大立科技,0.061602816
2970,2025-01-22,2166,莱茵生物,0.061601266
2971,2025-01-24,603194,中力股份,0.061590556
2972,2025-01-24,600483,福能股份,0.061590537
2973,2025-01-23,300998,宁波方正,0.061584882
2974,2025-01-23,688167,炬光科技,0.06156207
2975,2025-01-24,301305,朗坤环境,0.061526045
2976,2025-01-24,600725,云维股份,0.06151123
2977,2025-01-22,603600,永艺股份,0.06150111
2978,2025-01-22,600933,爱柯迪,0.061500218
2979,2025-01-23,300876,蒙泰高新,0.061490316
2980,2025-01-22,300426,唐德影视,0.061468918
2981,2025-01-23,2683,广东宏大,0.061456982
2982,2025-01-24,813,德展健康,0.06144575
2983,2025-01-23,301255,通力科技,0.061444167
2984,2025-01-22,600537,亿晶光电,0.06142016
2985,2025-01-24,600135,乐凯胶片,0.06140981
2986,2025-01-22,1330,博纳影业,0.0614046
2987,2025-01-22,600690,海尔智家,0.06138844
2988,2025-01-23,2898,赛隆药业,0.061385322
2989,2025-01-24,688165,埃夫特-U,0.061384775
2990,2025-01-23,301565,中仑新材,0.06137986
2991,2025-01-24,2151,北斗星通,0.061377972
2992,2025-01-23,1225,和泰机电,0.06136475
2993,2025-01-24,301025,读客文化,0.06135217
2994,2025-01-24,300187,永清环保,0.06134209
2995,2025-01-22,2271,东方雨虹,0.06132629
2996,2025-01-23,600908,无锡银行,0.06131596
2997,2025-01-23,300073,当升科技,0.061297238
2998,2025-01-24,2718,友邦吊顶,0.061277278
2999,2025-01-23,2736,国信证券,0.06126953
3000,2025-01-22,601588,北辰实业,0.061266515
3001,2025-01-24,429,粤高速Ａ,0.06126014
3002,2025-01-24,301522,上大股份,0.06124352
3003,2025-01-24,601088,中国神华,0.061231937
3004,2025-01-22,566,海南海药,0.061230447
3005,2025-01-23,301571,国科天成,0.061229825
3006,2025-01-22,300820,英杰电气,0.061221443
3007,2025-01-23,2293,罗莱生活,0.061186787
3008,2025-01-23,2593,日上集团,0.06117016
3009,2025-01-24,2694,顾地科技,0.06116727
3010,2025-01-23,603096,新经典,0.06116043
3011,2025-01-24,600578,京能电力,0.06116014
3012,2025-01-24,600231,凌钢股份,0.06114774
3013,2025-01-24,300664,鹏鹞环保,0.06114669
3014,2025-01-24,600966,博汇纸业,0.06113886
3015,2025-01-23,2225,濮耐股份,0.061138596
3016,2025-01-23,600107,美尔雅,0.06113766
3017,2025-01-24,301058,中粮科工,0.06111852
3018,2025-01-24,688084,晶品特装,0.061117947
3019,2025-01-24,301446,福事特,0.061093133
3020,2025-01-24,300456,赛微电子,0.0610895
3021,2025-01-22,300471,厚普股份,0.06105488
3022,2025-01-24,688355,明志科技,0.06104432
3023,2025-01-23,301613,新铝时代,0.061039936
3024,2025-01-23,721,西安饮食,0.061038204
3025,2025-01-22,600795,国电电力,0.061028548
3026,2025-01-22,2059,云南旅游,0.06102728
3027,2025-01-24,603130,云中马,0.06100177
3028,2025-01-24,300289,利德曼,0.060957205
3029,2025-01-24,2475,立讯精密,0.060949188
3030,2025-01-24,600855,航天长峰,0.060945407
3031,2025-01-23,600106,重庆路桥,0.060924467
3032,2025-01-23,688175,高凌信息,0.060917817
3033,2025-01-23,300082,奥克股份,0.060913965
3034,2025-01-24,600828,茂业商业,0.060882926
3035,2025-01-24,688148,芳源股份,0.060858764
3036,2025-01-22,665,湖北广电,0.060856096
3037,2025-01-23,608,阳光股份,0.06082359
3038,2025-01-24,600376,首开股份,0.06079648
3039,2025-01-24,300298,三诺生物,0.060796235
3040,2025-01-23,300180,华峰超纤,0.0607715
3041,2025-01-22,2317,众生药业,0.060771268
3042,2025-01-22,2109,兴化股份,0.060746774
3043,2025-01-23,2716,湖南白银,0.060745858
3044,2025-01-22,2132,恒星科技,0.060743622
3045,2025-01-24,300669,沪宁股份,0.060730904
3046,2025-01-22,301418,协昌科技,0.06072692
3047,2025-01-23,300305,裕兴股份,0.060721606
3048,2025-01-23,300253,卫宁健康,0.060704216
3049,2025-01-24,600081,东风科技,0.06070279
3050,2025-01-24,300162,雷曼光电,0.060696743
3051,2025-01-22,600941,中国移动,0.06068664
3052,2025-01-23,300653,正海生物,0.06068383
3053,2025-01-23,2884,凌霄泵业,0.060666993
3054,2025-01-22,688231,隆达股份,0.06062644
3055,2025-01-23,603768,常青股份,0.06061476
3056,2025-01-24,300435,中泰股份,0.06060089
3057,2025-01-23,603317,天味食品,0.060600422
3058,2025-01-24,601233,桐昆股份,0.06059152
3059,2025-01-24,300450,先导智能,0.060577914
3060,2025-01-23,300892,品渥食品,0.06055583
3061,2025-01-24,300467,迅游科技,0.060495008
3062,2025-01-23,300820,英杰电气,0.060476646
3063,2025-01-23,300772,运达股份,0.060472775
3064,2025-01-22,688719,爱科赛博,0.06044677
3065,2025-01-24,2521,齐峰新材,0.06044419
3066,2025-01-22,300410,正业科技,0.06041996
3067,2025-01-22,603968,醋化股份,0.06041851
3068,2025-01-24,301322,绿通科技,0.06040947
3069,2025-01-23,688268,华特气体,0.060404994
3070,2025-01-24,300554,三超新材,0.060400404
3071,2025-01-24,601700,风范股份,0.060390852
3072,2025-01-22,300678,中科信息,0.06036684
3073,2025-01-22,600185,格力地产,0.06034292
3074,2025-01-22,300333,兆日科技,0.06031842
3075,2025-01-22,603529,爱玛科技,0.060317203
3076,2025-01-24,603259,药明康德,0.06030947
3077,2025-01-23,66,中国长城,0.0602924
3078,2025-01-24,300427,红相股份,0.060291998
3079,2025-01-22,301556,托普云农,0.060268387
3080,2025-01-23,300393,中来股份,0.060264286
3081,2025-01-24,2181,粤 传 媒,0.060259312
3082,2025-01-23,601838,成都银行,0.060256533
3083,2025-01-23,603903,中持股份,0.060241062
3084,2025-01-23,69,华侨城Ａ,0.060230903
3085,2025-01-24,688779,五矿新能,0.06022944
3086,2025-01-24,300134,大富科技,0.06022726
3087,2025-01-22,600660,福耀玻璃,0.060223527
3088,2025-01-22,300957,贝泰妮,0.06022223
3089,2025-01-22,603655,朗博科技,0.06021609
3090,2025-01-23,688530,欧莱新材,0.06020253
3091,2025-01-22,600256,广汇能源,0.060196836
3092,2025-01-24,301571,国科天成,0.060132362
3093,2025-01-23,600330,天通股份,0.060125872
3094,2025-01-24,603776,永安行,0.06011998
3095,2025-01-23,603316,诚邦股份,0.060118765
3096,2025-01-24,301180,万祥科技,0.0600909
3097,2025-01-24,600152,维科技术,0.060063317
3098,2025-01-24,603345,安井食品,0.060026955
3099,2025-01-23,2926,华西证券,0.060009412
3100,2025-01-22,29,深深房Ａ,0.060008734
3101,2025-01-23,2108,沧州明珠,0.060002524
3102,2025-01-23,600159,大龙地产,0.05998996
3103,2025-01-22,300122,智飞生物,0.05997184
3104,2025-01-22,300318,博晖创新,0.059968732
3105,2025-01-23,300760,迈瑞医疗,0.05995866
3106,2025-01-23,600935,华塑股份,0.059954483
3107,2025-01-23,300265,通光线缆,0.059948985
3108,2025-01-24,2078,太阳纸业,0.059942722
3109,2025-01-22,300979,华利集团,0.0599148
3110,2025-01-24,600844,丹化科技,0.059911683
3111,2025-01-24,603885,吉祥航空,0.05991058
3112,2025-01-24,600975,新五丰,0.05986943
3113,2025-01-22,300294,博雅生物,0.05986029
3114,2025-01-22,688177,百奥泰,0.0598444
3115,2025-01-22,688599,天合光能,0.059836835
3116,2025-01-24,300287,飞利信,0.059822585
3117,2025-01-24,300508,维宏股份,0.059816547
3118,2025-01-24,2043,兔 宝 宝,0.05978158
3119,2025-01-22,688539,高华科技,0.059778504
3120,2025-01-23,973,佛塑科技,0.059770808
3121,2025-01-22,2906,华阳集团,0.059751324
3122,2025-01-24,300807,天迈科技,0.05973939
3123,2025-01-23,603716,塞力医疗,0.0597086
3124,2025-01-22,605398,新炬网络,0.05968988
3125,2025-01-22,601288,农业银行,0.059685476
3126,2025-01-22,89,深圳机场,0.059684567
3127,2025-01-24,300011,鼎汉技术,0.059670225
3128,2025-01-22,1311,多利科技,0.059669703
3129,2025-01-22,635,英 力 特,0.059663083
3130,2025-01-24,2682,龙洲股份,0.059659943
3131,2025-01-24,688091,上海谊众,0.059659354
3132,2025-01-23,300284,苏交科,0.059657045
3133,2025-01-24,600798,宁波海运,0.05963849
3134,2025-01-22,2178,延华智能,0.05962927
3135,2025-01-23,1231,农心科技,0.059607394
3136,2025-01-24,688072,拓荆科技,0.05960679
3137,2025-01-22,300862,蓝盾光电,0.059606414
3138,2025-01-24,2685,华东重机,0.0595986
3139,2025-01-22,300061,旗天科技,0.059594676
3140,2025-01-24,688118,普元信息,0.05956636
3141,2025-01-23,301170,锡南科技,0.05956036
3142,2025-01-24,601399,国机重装,0.059557155
3143,2025-01-23,301586,佳力奇,0.05955679
3144,2025-01-24,2573,清新环境,0.059548367
3145,2025-01-24,601838,成都银行,0.059546236
3146,2025-01-22,1373,翔腾新材,0.05953987
3147,2025-01-22,600847,万里股份,0.05952211
3148,2025-01-24,600538,国发股份,0.059521675
3149,2025-01-22,1331,胜通能源,0.059483908
3150,2025-01-24,600444,国机通用,0.059477944
3151,2025-01-23,28,国药一致,0.059477374
3152,2025-01-24,600467,好当家,0.05946575
3153,2025-01-22,796,凯撒旅业,0.05941882
3154,2025-01-24,688579,山大地纬,0.05941187
3155,2025-01-23,688693,锴威特,0.059403718
3156,2025-01-22,2383,合众思壮,0.05939744
3157,2025-01-24,301178,天亿马,0.059388768
3158,2025-01-24,603918,金桥信息,0.05937656
3159,2025-01-24,300511,雪榕生物,0.059374467
3160,2025-01-24,301017,漱玉平民,0.059372116
3161,2025-01-24,301090,华润材料,0.059370015
3162,2025-01-22,301302,华如科技,0.059369914
3163,2025-01-22,600638,新黄浦,0.059369404
3164,2025-01-23,600008,首创环保,0.059361085
3165,2025-01-24,2549,凯美特气,0.05935443
3166,2025-01-24,967,盈峰环境,0.059345827
3167,2025-01-22,600654,中安科,0.059332155
3168,2025-01-23,2767,先锋电子,0.059318185
3169,2025-01-23,778,新兴铸管,0.059296057
3170,2025-01-24,688173,希荻微,0.059270885
3171,2025-01-23,603958,哈森股份,0.05926182
3172,2025-01-22,601698,中国卫通,0.05925616
3173,2025-01-24,300334,津膜科技,0.059250094
3174,2025-01-23,600267,海正药业,0.05923979
3175,2025-01-24,2059,云南旅游,0.05923649
3176,2025-01-23,688509,正元地信,0.05921844
3177,2025-01-22,688561,奇安信-U,0.05921801
3178,2025-01-23,300578,会畅通讯,0.059181154
3179,2025-01-23,600622,光大嘉宝,0.059180368
3180,2025-01-24,301281,科源制药,0.059142616
3181,2025-01-23,301087,可孚医疗,0.059127375
3182,2025-01-22,688153,唯捷创芯,0.05911127
3183,2025-01-22,688387,信科移动-U,0.059106816
3184,2025-01-23,2842,翔鹭钨业,0.05909943
3185,2025-01-22,301111,粤万年青,0.059093226
3186,2025-01-24,301306,西测测试,0.05907294
3187,2025-01-23,600227,赤天化,0.0590636
3188,2025-01-23,2482,广田集团,0.05905212
3189,2025-01-23,600958,东方证券,0.05904865
3190,2025-01-23,301526,国际复材,0.059017472
3191,2025-01-23,301306,西测测试,0.05901124
3192,2025-01-24,688,国城矿业,0.05898709
3193,2025-01-24,581,威孚高科,0.058975805
3194,2025-01-24,300263,隆华科技,0.058973774
3195,2025-01-24,301222,浙江恒威,0.058965325
3196,2025-01-24,300113,顺网科技,0.05896083
3197,2025-01-23,688499,利元亨,0.05895167
3198,2025-01-22,546,金圆股份,0.058946285
3199,2025-01-22,300386,飞天诚信,0.05893887
3200,2025-01-23,600015,华夏银行,0.058934964
3201,2025-01-23,688767,博拓生物,0.05892557
3202,2025-01-24,600824,益民集团,0.058923244
3203,2025-01-23,603173,福斯达,0.058917172
3204,2025-01-24,300892,品渥食品,0.0589163
3205,2025-01-24,2234,民和股份,0.058914695
3206,2025-01-24,2380,科远智慧,0.058914013
3207,2025-01-22,603969,银龙股份,0.058908843
3208,2025-01-24,858,五 粮 液,0.058898706
3209,2025-01-24,6,深振业Ａ,0.058874793
3210,2025-01-24,300543,朗科智能,0.05884508
3211,2025-01-24,600078,澄星股份,0.058808863
3212,2025-01-24,601881,中国银河,0.058783703
3213,2025-01-24,688207,格灵深瞳,0.058782123
3214,2025-01-22,2642,荣联科技,0.058764346
3215,2025-01-23,600879,航天电子,0.058725864
3216,2025-01-22,300168,万达信息,0.0587253
3217,2025-01-22,688721,龙图光罩,0.058724273
3218,2025-01-24,601728,中国电信,0.058722936
3219,2025-01-22,2297,博云新材,0.058716096
3220,2025-01-22,300892,品渥食品,0.058706243
3221,2025-01-22,300246,宝莱特,0.05868642
3222,2025-01-24,603116,红蜻蜓,0.0586727
3223,2025-01-22,2330,得利斯,0.058668897
3224,2025-01-22,601882,海天精工,0.058657464
3225,2025-01-22,2191,劲嘉股份,0.05864967
3226,2025-01-24,300898,熊猫乳品,0.05861473
3227,2025-01-23,603321,梅轮电梯,0.058611266
3228,2025-01-22,605336,帅丰电器,0.058581717
3229,2025-01-22,301270,汉仪股份,0.058566976
3230,2025-01-24,983,山西焦煤,0.0585295
3231,2025-01-24,688169,石头科技,0.058522623
3232,2025-01-22,2898,赛隆药业,0.05852221
3233,2025-01-23,2171,楚江新材,0.058510263
3234,2025-01-23,2984,森麒麟,0.05849931
3235,2025-01-24,301232,飞沃科技,0.05849655
3236,2025-01-22,300706,阿石创,0.058474652
3237,2025-01-24,688569,铁科轨道,0.05847316
3238,2025-01-23,601688,华泰证券,0.058466934
3239,2025-01-23,810,创维数字,0.058466017
3240,2025-01-22,2080,中材科技,0.058461297
3241,2025-01-22,688693,锴威特,0.058455303
3242,2025-01-23,600050,中国联通,0.058446117
3243,2025-01-24,600236,桂冠电力,0.058430213
3244,2025-01-23,514,渝 开 发,0.058426112
3245,2025-01-22,688573,信宇人,0.058406323
3246,2025-01-23,600078,澄星股份,0.058404464
3247,2025-01-24,300753,爱朋医疗,0.058402065
3248,2025-01-23,2853,皮阿诺,0.058395702
3249,2025-01-24,600251,冠农股份,0.058388464
3250,2025-01-22,688533,上声电子,0.05836814
3251,2025-01-24,600212,绿能慧充,0.058362104
3252,2025-01-22,600748,上实发展,0.05836077
3253,2025-01-22,300694,蠡湖股份,0.058359403
3254,2025-01-23,300713,英可瑞,0.058324993
3255,2025-01-22,688499,利元亨,0.05830592
3256,2025-01-24,603032,德新科技,0.058295663
3257,2025-01-24,301565,中仑新材,0.05828859
3258,2025-01-22,301517,陕西华达,0.05828592
3259,2025-01-24,603985,恒润股份,0.05827515
3260,2025-01-22,688137,近岸蛋白,0.058268234
3261,2025-01-24,2265,建设工业,0.058261525
3262,2025-01-22,301207,华兰疫苗,0.0582404
3263,2025-01-24,603889,新澳股份,0.05823486
3264,2025-01-24,2230,科大讯飞,0.05823368
3265,2025-01-23,600843,上工申贝,0.05822172
3266,2025-01-24,300157,新锦动力,0.058219083
3267,2025-01-23,600265,景谷林业,0.058218546
3268,2025-01-22,301285,鸿日达,0.058203705
3269,2025-01-22,600676,交运股份,0.058200836
3270,2025-01-24,300569,天能重工,0.058194276
3271,2025-01-23,300366,创意信息,0.058192067
3272,2025-01-22,688300,联瑞新材,0.05817306
3273,2025-01-23,2735,王子新材,0.05816371
3274,2025-01-22,600629,华建集团,0.058155186
3275,2025-01-24,600218,全柴动力,0.058141902
3276,2025-01-23,301337,亚华电子,0.05813913
3277,2025-01-24,2145,中核钛白,0.058114234
3278,2025-01-24,601003,柳钢股份,0.058107264
3279,2025-01-22,603162,海通发展,0.058083348
3280,2025-01-24,300255,常山药业,0.058070473
3281,2025-01-24,692,惠天热电,0.058058858
3282,2025-01-22,300869,康泰医学,0.0580457
3283,2025-01-24,300411,金盾股份,0.0580422
3284,2025-01-23,2521,齐峰新材,0.058035605
3285,2025-01-24,300093,金刚光伏,0.058034174
3286,2025-01-23,600674,川投能源,0.058026884
3287,2025-01-22,300531,优博讯,0.0580035
3288,2025-01-24,600956,新天绿能,0.05799754
3289,2025-01-22,2082,万邦德,0.057992365
3290,2025-01-23,2202,金风科技,0.057941675
3291,2025-01-23,601008,连云港,0.05794146
3292,2025-01-22,600990,四创电子,0.057920262
3293,2025-01-23,688459,哈铁科技,0.057920065
3294,2025-01-22,2805,丰元股份,0.057911623
3295,2025-01-22,300056,中创环保,0.05790905
3296,2025-01-23,300538,同益股份,0.057891306
3297,2025-01-23,300118,东方日升,0.057882745
3298,2025-01-22,688349,三一重能,0.057879575
3299,2025-01-23,603601,再升科技,0.057876058
3300,2025-01-23,300247,融捷健康,0.05784404
3301,2025-01-22,603358,华达科技,0.05784039
3302,2025-01-23,697,炼石航空,0.057831243
3303,2025-01-22,558,莱茵体育,0.057815444
3304,2025-01-22,2482,广田集团,0.057800643
3305,2025-01-23,600770,综艺股份,0.057791673
3306,2025-01-22,688027,国盾量子,0.057789534
3307,2025-01-24,301153,中科江南,0.057786107
3308,2025-01-23,605117,德业股份,0.057784885
3309,2025-01-23,600549,厦门钨业,0.057763986
3310,2025-01-23,300076,GQY视讯,0.05775407
3311,2025-01-23,600499,科达制造,0.057752103
3312,2025-01-23,300694,蠡湖股份,0.057750404
3313,2025-01-23,2326,永太科技,0.057744797
3314,2025-01-23,600839,四川长虹,0.05773204
3315,2025-01-24,7,全新好,0.057729825
3316,2025-01-23,300883,龙利得,0.057702415
3317,2025-01-24,688297,中无人机,0.057699002
3318,2025-01-23,600308,华泰股份,0.057693735
3319,2025-01-23,552,甘肃能化,0.057692107
3320,2025-01-22,2702,海欣食品,0.057691846
3321,2025-01-23,2281,光迅科技,0.05769006
3322,2025-01-22,600735,新华锦,0.05768317
3323,2025-01-22,688165,埃夫特-U,0.057674542
3324,2025-01-24,708,中信特钢,0.057653185
3325,2025-01-24,300559,佳发教育,0.057635352
3326,2025-01-23,300903,科翔股份,0.057634383
3327,2025-01-24,603232,格尔软件,0.05762822
3328,2025-01-24,993,闽东电力,0.05761621
3329,2025-01-23,300530,领湃科技,0.05756819
3330,2025-01-24,2149,西部材料,0.05753676
3331,2025-01-22,600399,抚顺特钢,0.05752839
3332,2025-01-23,688166,博瑞医药,0.057512037
3333,2025-01-23,688151,华强科技,0.05750995
3334,2025-01-22,2419,天虹股份,0.057507135
3335,2025-01-23,688638,誉辰智能,0.05750549
3336,2025-01-22,300139,晓程科技,0.05748931
3337,2025-01-23,301227,森鹰窗业,0.05748575
3338,2025-01-24,600604,市北高新,0.057483543
3339,2025-01-22,600691,阳煤化工,0.057478823
3340,2025-01-23,2972,科安达,0.05746816
3341,2025-01-23,688351,微电生理-U,0.057461694
3342,2025-01-24,301221,光庭信息,0.057430424
3343,2025-01-22,31,大悦城,0.057424236
3344,2025-01-23,2036,联创电子,0.057417244
3345,2025-01-24,688472,阿特斯,0.05739023
3346,2025-01-23,3029,吉大正元,0.057387374
3347,2025-01-23,600028,中国石化,0.057386152
3348,2025-01-24,688693,锴威特,0.05738447
3349,2025-01-23,688072,拓荆科技,0.057350397
3350,2025-01-24,603536,惠发食品,0.05734989
3351,2025-01-22,300685,艾德生物,0.05734627
3352,2025-01-24,2493,荣盛石化,0.05732023
3353,2025-01-22,300537,广信材料,0.05731338
3354,2025-01-23,2791,坚朗五金,0.05730461
3355,2025-01-22,2174,游族网络,0.05730451
3356,2025-01-23,688161,威高骨科,0.05728752
3357,2025-01-22,600487,亨通光电,0.057278
3358,2025-01-23,300077,国民技术,0.057204828
3359,2025-01-23,828,东莞控股,0.05719338
3360,2025-01-22,603028,赛福天,0.057188496
3361,2025-01-24,2085,万丰奥威,0.057173107
3362,2025-01-24,1207,联科科技,0.057160944
3363,2025-01-24,2686,亿利达,0.05715713
3364,2025-01-24,300043,星辉娱乐,0.057141267
3365,2025-01-23,300608,思特奇,0.057129435
3366,2025-01-24,601898,中煤能源,0.057108086
3367,2025-01-22,600609,金杯汽车,0.057070844
3368,2025-01-22,2637,赞宇科技,0.057054628
3369,2025-01-23,688238,和元生物,0.05704596
3370,2025-01-24,300003,乐普医疗,0.0570456
3371,2025-01-24,688252,天德钰,0.05704233
3372,2025-01-24,300082,奥克股份,0.057034757
3373,2025-01-22,603912,佳力图,0.05702586
3374,2025-01-24,301589,诺瓦星云,0.057021417
3375,2025-01-23,688625,呈和科技,0.05701989
3376,2025-01-24,810,创维数字,0.057017226
3377,2025-01-22,300204,舒泰神,0.0569987
3378,2025-01-23,603395,红四方,0.05699522
3379,2025-01-24,428,华天酒店,0.056976974
3380,2025-01-23,603358,华达科技,0.05695581
3381,2025-01-24,514,渝 开 发,0.056945402
3382,2025-01-22,301322,绿通科技,0.056944456
3383,2025-01-24,600011,华能国际,0.05694253
3384,2025-01-22,301372,科净源,0.056941483
3385,2025-01-24,301115,建科股份,0.056933723
3386,2025-01-24,603867,新化股份,0.05692711
3387,2025-01-22,300633,开立医疗,0.05691355
3388,2025-01-22,761,本钢板材,0.05690711
3389,2025-01-23,2936,郑州银行,0.056891672
3390,2025-01-23,300867,圣元环保,0.05687317
3391,2025-01-24,600299,安迪苏,0.0568422
3392,2025-01-24,300257,开山股份,0.056831386
3393,2025-01-24,300180,华峰超纤,0.056830455
3394,2025-01-24,300810,中科海讯,0.056820847
3395,2025-01-22,600523,贵航股份,0.05680505
3396,2025-01-24,300197,节能铁汉,0.056786653
3397,2025-01-22,600893,航发动力,0.056785464
3398,2025-01-24,300278,华昌达,0.05676899
3399,2025-01-22,300106,西部牧业,0.05676534
3400,2025-01-22,1298,好上好,0.056748472
3401,2025-01-23,993,闽东电力,0.05673475
3402,2025-01-24,688006,杭可科技,0.056720667
3403,2025-01-24,603569,长久物流,0.056695834
3404,2025-01-23,600620,天宸股份,0.056669712
3405,2025-01-22,301358,湖南裕能,0.056667678
3406,2025-01-23,600176,中国巨石,0.05665826
3407,2025-01-24,600010,包钢股份,0.056658074
3408,2025-01-22,2077,大港股份,0.05665794
3409,2025-01-23,2049,紫光国微,0.056657825
3410,2025-01-23,688315,诺禾致源,0.05665224
3411,2025-01-22,300415,伊之密,0.056647632
3412,2025-01-23,688057,金达莱,0.05663912
3413,2025-01-24,688653,康希通信,0.056620017
3414,2025-01-24,603179,新泉股份,0.056613624
3415,2025-01-22,300575,中旗股份,0.056610197
3416,2025-01-24,300149,睿智医药,0.05660165
3417,2025-01-24,300639,凯普生物,0.056577824
3418,2025-01-23,2702,海欣食品,0.056567844
3419,2025-01-22,600153,建发股份,0.056555193
3420,2025-01-23,605228,神通科技,0.056545734
3421,2025-01-22,2095,生 意 宝,0.05654405
3422,2025-01-22,301,东方盛虹,0.05653873
3423,2025-01-24,600322,津投城开,0.05653789
3424,2025-01-22,2210,飞马国际,0.056514297
3425,2025-01-24,300124,汇川技术,0.056505337
3426,2025-01-22,2055,得润电子,0.05649614
3427,2025-01-23,601118,海南橡胶,0.056495227
3428,2025-01-23,2335,科华数据,0.056466382
3429,2025-01-24,688375,国博电子,0.05645485
3430,2025-01-24,600679,上海凤凰,0.056446947
3431,2025-01-22,300569,天能重工,0.056440726
3432,2025-01-23,600169,太原重工,0.056435198
3433,2025-01-24,300869,康泰医学,0.056426734
3434,2025-01-22,300654,世纪天鸿,0.05642479
3435,2025-01-24,600676,交运股份,0.056421235
3436,2025-01-23,300197,节能铁汉,0.056411706
3437,2025-01-22,603816,顾家家居,0.05640699
3438,2025-01-23,2813,路畅科技,0.056390308
3439,2025-01-23,605008,长鸿高科,0.05637363
3440,2025-01-24,603077,和邦生物,0.056347117
3441,2025-01-22,600340,华夏幸福,0.056325972
3442,2025-01-23,601963,重庆银行,0.05632478
3443,2025-01-23,688472,阿特斯,0.056305535
3444,2025-01-24,680,山推股份,0.05629939
3445,2025-01-24,2036,联创电子,0.056275696
3446,2025-01-23,600350,山东高速,0.05627563
3447,2025-01-22,300138,晨光生物,0.05627383
3448,2025-01-22,2225,濮耐股份,0.05626588
3449,2025-01-22,688066,航天宏图,0.056258176
3450,2025-01-22,510,新金路,0.05624822
3451,2025-01-24,300075,数字政通,0.05624591
3452,2025-01-23,688569,铁科轨道,0.05623034
3453,2025-01-22,603310,巍华新材,0.05621271
3454,2025-01-24,2304,洋河股份,0.056201577
3455,2025-01-22,603900,莱绅通灵,0.056198534
3456,2025-01-24,300640,德艺文创,0.056177013
3457,2025-01-23,2015,协鑫能科,0.05617354
3458,2025-01-23,603863,松炀资源,0.05617313
3459,2025-01-23,601158,重庆水务,0.056157637
3460,2025-01-23,600369,西南证券,0.05611246
3461,2025-01-22,2256,兆新股份,0.056110885
3462,2025-01-24,688538,和辉光电-U,0.056109004
3463,2025-01-23,600055,万东医疗,0.05610381
3464,2025-01-22,600775,南京熊猫,0.056096777
3465,2025-01-24,301087,可孚医疗,0.05608288
3466,2025-01-22,300078,思创医惠,0.056065418
3467,2025-01-24,300169,天晟新材,0.056061108
3468,2025-01-22,600198,大唐电信,0.056037463
3469,2025-01-22,2599,盛通股份,0.05603277
3470,2025-01-24,600048,保利发展,0.056030735
3471,2025-01-23,300350,华鹏飞,0.05601865
3472,2025-01-22,632,三木集团,0.0560116
3473,2025-01-24,601107,四川成渝,0.056002922
3474,2025-01-24,300803,指南针,0.055995315
3475,2025-01-22,301082,久盛电气,0.05598153
3476,2025-01-23,600789,鲁抗医药,0.05597356
3477,2025-01-24,688262,国芯科技,0.055965118
3478,2025-01-23,603218,日月股份,0.05596268
3479,2025-01-24,300977,深圳瑞捷,0.055962164
3480,2025-01-23,300557,理工光科,0.05595806
3481,2025-01-23,300008,天海防务,0.055939585
3482,2025-01-24,505,京粮控股,0.055925585
3483,2025-01-23,601058,赛轮轮胎,0.055924512
3484,2025-01-22,688517,金冠电气,0.055907115
3485,2025-01-22,688489,三未信安,0.055892035
3486,2025-01-23,601816,京沪高铁,0.05589124
3487,2025-01-24,300486,东杰智能,0.055890687
3488,2025-01-23,301019,宁波色母,0.05586408
3489,2025-01-24,301285,鸿日达,0.055863038
3490,2025-01-23,688711,宏微科技,0.055860646
3491,2025-01-22,300189,神农种业,0.05584736
3492,2025-01-24,300101,振芯科技,0.05584495
3493,2025-01-22,603386,骏亚科技,0.055844404
3494,2025-01-23,300293,蓝英装备,0.055832263
3495,2025-01-24,300260,新莱应材,0.05582541
3496,2025-01-24,600875,东方电气,0.055816904
3497,2025-01-22,2988,豪美新材,0.0558011
3498,2025-01-23,600981,汇鸿集团,0.055799015
3499,2025-01-23,603825,华扬联众,0.055763766
3500,2025-01-23,688190,云路股份,0.05576141
3501,2025-01-23,600732,爱旭股份,0.055735286
3502,2025-01-23,2833,弘亚数控,0.055724956
3503,2025-01-23,301421,波长光电,0.055703137
3504,2025-01-22,600203,福日电子,0.055688053
3505,2025-01-23,813,德展健康,0.055674404
3506,2025-01-22,301292,海科新源,0.055673774
3507,2025-01-22,688202,美迪西,0.05566608
3508,2025-01-24,546,金圆股份,0.055657767
3509,2025-01-23,688246,嘉和美康,0.055656
3510,2025-01-24,603316,诚邦股份,0.05565504
3511,2025-01-22,921,海信家电,0.05564487
3512,2025-01-24,720,新能泰山,0.05563979
3513,2025-01-22,2202,金风科技,0.055636622
3514,2025-01-24,300081,恒信东方,0.05562823
3515,2025-01-23,688155,先惠技术,0.05562731
3516,2025-01-23,300866,安克创新,0.055627275
3517,2025-01-24,300283,温州宏丰,0.055620737
3518,2025-01-24,2279,久其软件,0.055609502
3519,2025-01-24,603833,欧派家居,0.055603296
3520,2025-01-23,2581,未名医药,0.05560276
3521,2025-01-22,605008,长鸿高科,0.05559037
3522,2025-01-23,600570,恒生电子,0.055590276
3523,2025-01-23,600538,国发股份,0.055589713
3524,2025-01-22,2219,新里程,0.05558432
3525,2025-01-22,688148,芳源股份,0.055583734
3526,2025-01-22,301509,金凯生科,0.055578012
3527,2025-01-24,1,平安银行,0.05557419
3528,2025-01-22,301268,铭利达,0.05557005
3529,2025-01-22,2176,江特电机,0.055568773
3530,2025-01-23,600734,实达集团,0.05556567
3531,2025-01-23,603488,展鹏科技,0.055565085
3532,2025-01-22,300370,安控科技,0.055553425
3533,2025-01-24,600819,耀皮玻璃,0.055544764
3534,2025-01-24,2277,友阿股份,0.05553218
3535,2025-01-22,1216,华瓷股份,0.05552059
3536,2025-01-23,829,天音控股,0.05551803
3537,2025-01-22,600678,四川金顶,0.05551443
3538,2025-01-23,983,山西焦煤,0.055513456
3539,2025-01-24,301515,港通医疗,0.05551322
3540,2025-01-24,301607,富特科技,0.05549318
3541,2025-01-23,300333,兆日科技,0.055413797
3542,2025-01-24,300302,同有科技,0.05540291
3543,2025-01-23,600373,中文传媒,0.055385217
3544,2025-01-24,301538,骏鼎达,0.05537798
3545,2025-01-24,301021,英诺激光,0.055372782
3546,2025-01-22,2146,荣盛发展,0.055343032
3547,2025-01-23,601020,华钰矿业,0.05534222
3548,2025-01-23,2361,神剑股份,0.055321403
3549,2025-01-22,603825,华扬联众,0.05531983
3550,2025-01-23,688299,长阳科技,0.055312596
3551,2025-01-23,300640,德艺文创,0.055305507
3552,2025-01-24,600021,上海电力,0.055275414
3553,2025-01-23,300540,蜀道装备,0.05526661
3554,2025-01-22,300118,东方日升,0.05526443
3555,2025-01-22,688198,佰仁医疗,0.055260275
3556,2025-01-23,600236,桂冠电力,0.055259362
3557,2025-01-24,2323,雅博股份,0.055256195
3558,2025-01-23,688533,上声电子,0.05525273
3559,2025-01-22,2885,京泉华,0.05524633
3560,2025-01-23,688027,国盾量子,0.05523976
3561,2025-01-24,300739,明阳电路,0.055222757
3562,2025-01-24,2799,环球印务,0.055205584
3563,2025-01-23,688399,硕世生物,0.05519772
3564,2025-01-22,600313,农发种业,0.05519277
3565,2025-01-24,12,南  玻Ａ,0.05514685
3566,2025-01-24,688561,奇安信-U,0.055130392
3567,2025-01-23,600084,中信尼雅,0.05511244
3568,2025-01-22,300617,安靠智电,0.055106927
3569,2025-01-24,2551,尚荣医疗,0.05510622
3570,2025-01-23,688772,珠海冠宇,0.055100966
3571,2025-01-22,688338,赛科希德,0.055087112
3572,2025-01-22,688551,科威尔,0.055079736
3573,2025-01-23,301051,信濠光电,0.05505065
3574,2025-01-23,2823,凯中精密,0.055046026
3575,2025-01-23,301127,天源环保,0.05504422
3576,2025-01-22,1359,平安电工,0.055041574
3577,2025-01-24,2088,鲁阳节能,0.05502182
3578,2025-01-24,2771,真视通,0.05501435
3579,2025-01-24,600516,方大炭素,0.055013232
3580,2025-01-24,300053,航宇微,0.055002414
3581,2025-01-24,601225,陕西煤业,0.05500235
3582,2025-01-24,1231,农心科技,0.055002145
3583,2025-01-24,603679,华体科技,0.054986034
3584,2025-01-24,603330,天洋新材,0.054969322
3585,2025-01-24,605399,晨光新材,0.054965854
3586,2025-01-24,688530,欧莱新材,0.054953016
3587,2025-01-23,600722,金牛化工,0.054951467
3588,2025-01-22,300867,圣元环保,0.05494116
3589,2025-01-23,688456,有研粉材,0.054939993
3590,2025-01-23,2471,中超控股,0.0549359
3591,2025-01-23,603205,健尔康,0.054909714
3592,2025-01-22,605077,华康股份,0.054904405
3593,2025-01-23,300278,华昌达,0.054895394
3594,2025-01-23,600160,巨化股份,0.05489061
3595,2025-01-22,839,中信国安,0.054889493
3596,2025-01-24,601579,会稽山,0.05488053
3597,2025-01-22,300050,世纪鼎利,0.05487246
3598,2025-01-23,600206,有研新材,0.054858956
3599,2025-01-23,603032,德新科技,0.054848
3600,2025-01-24,601908,京运通,0.05484675
3601,2025-01-22,300280,紫天科技,0.05484083
3602,2025-01-22,300652,雷迪克,0.054837815
3603,2025-01-22,603429,集友股份,0.054820843
3604,2025-01-24,603818,曲美家居,0.05479804
3605,2025-01-23,2248,华东数控,0.054793715
3606,2025-01-22,605388,均瑶健康,0.054783918
3607,2025-01-23,300957,贝泰妮,0.054772593
3608,2025-01-22,2876,三利谱,0.054770228
3609,2025-01-23,2761,浙江建投,0.05476201
3610,2025-01-22,300579,数字认证,0.054751627
3611,2025-01-23,2017,东信和平,0.054747663
3612,2025-01-23,300479,神思电子,0.054729216
3613,2025-01-22,301024,霍普股份,0.05469173
3614,2025-01-22,688105,诺唯赞,0.054690324
3615,2025-01-23,600280,中央商场,0.054681815
3616,2025-01-24,600557,康缘药业,0.054681063
3617,2025-01-22,603038,华立股份,0.054675523
3618,2025-01-24,2859,洁美科技,0.054672837
3619,2025-01-24,601336,新华保险,0.054663204
3620,2025-01-23,2466,天齐锂业,0.05465588
3621,2025-01-22,600987,航民股份,0.05464484
3622,2025-01-22,600503,华丽家族,0.054635398
3623,2025-01-23,600193,创兴资源,0.05461687
3624,2025-01-22,2078,太阳纸业,0.054616857
3625,2025-01-23,2642,荣联科技,0.054612037
3626,2025-01-24,931,中 关 村,0.054610103
3627,2025-01-24,600706,曲江文旅,0.05459311
3628,2025-01-24,603051,鹿山新材,0.05457639
3629,2025-01-24,603626,科森科技,0.054570712
3630,2025-01-23,688523,航天环宇,0.054563425
3631,2025-01-22,603567,珍宝岛,0.054563202
3632,2025-01-22,600696,岩石股份,0.054541864
3633,2025-01-24,2302,西部建设,0.054540623
3634,2025-01-24,601996,丰林集团,0.054538812
3635,2025-01-23,2157,正邦科技,0.054529946
3636,2025-01-23,601952,苏垦农发,0.05449902
3637,2025-01-22,2551,尚荣医疗,0.05449215
3638,2025-01-23,1331,胜通能源,0.05448734
3639,2025-01-23,600792,云煤能源,0.054483697
3640,2025-01-23,300635,中达安,0.05447209
3641,2025-01-23,603107,上海汽配,0.054464474
3642,2025-01-24,301111,粤万年青,0.054437824
3643,2025-01-24,301577,美信科技,0.054434866
3644,2025-01-22,2094,青岛金王,0.054431137
3645,2025-01-24,300760,迈瑞医疗,0.05440344
3646,2025-01-23,600178,东安动力,0.05439286
3647,2025-01-22,520,凤凰航运,0.05437959
3648,2025-01-24,688616,西力科技,0.05437455
3649,2025-01-22,600843,上工申贝,0.054339055
3650,2025-01-23,601607,上海医药,0.054321893
3651,2025-01-23,301311,昆船智能,0.054317787
3652,2025-01-24,688718,唯赛勃,0.05431156
3653,2025-01-24,603701,德宏股份,0.054297592
3654,2025-01-24,600178,东安动力,0.054294817
3655,2025-01-24,600439,瑞贝卡,0.05429052
3656,2025-01-24,301179,泽宇智能,0.054283712
3657,2025-01-23,2640,跨境通,0.05428094
3658,2025-01-24,2434,万里扬,0.054280683
3659,2025-01-24,301578,辰奕智能,0.054275557
3660,2025-01-24,600815,厦工股份,0.05425968
3661,2025-01-23,605318,法狮龙,0.05425043
3662,2025-01-22,688275,万润新能,0.054248583
3663,2025-01-22,688559,海目星,0.054241773
3664,2025-01-22,300347,泰格医药,0.054229796
3665,2025-01-23,300606,金太阳,0.05422726
3666,2025-01-24,600192,长城电工,0.054213706
3667,2025-01-24,600239,云南城投,0.054202713
3668,2025-01-23,300508,维宏股份,0.05419062
3669,2025-01-22,561,烽火电子,0.05418499
3670,2025-01-22,300500,启迪设计,0.05415638
3671,2025-01-23,301322,绿通科技,0.054151647
3672,2025-01-23,600354,敦煌种业,0.054149732
3673,2025-01-24,600262,北方股份,0.054148007
3674,2025-01-23,300498,温氏股份,0.054144863
3675,2025-01-23,688189,南新制药,0.054132387
3676,2025-01-22,300619,金银河,0.054127127
3677,2025-01-23,619,海螺新材,0.05412414
3678,2025-01-24,300070,碧水源,0.05412197
3679,2025-01-24,300094,国联水产,0.054121785
3680,2025-01-24,2955,鸿合科技,0.054100998
3681,2025-01-22,300778,新城市,0.05409582
3682,2025-01-23,601012,隆基绿能,0.054065403
3683,2025-01-24,2307,北新路桥,0.054064646
3684,2025-01-23,603190,亚通精工,0.054028995
3685,2025-01-23,300026,红日药业,0.054009303
3686,2025-01-22,1223,欧克科技,0.053995952
3687,2025-01-24,2003,伟星股份,0.053968653
3688,2025-01-23,600548,深高速,0.053932413
3689,2025-01-24,300397,天和防务,0.053931125
3690,2025-01-23,300484,蓝海华腾,0.05392789
3691,2025-01-23,688489,三未信安,0.05392304
3692,2025-01-24,301201,诚达药业,0.053904854
3693,2025-01-22,603939,益丰药房,0.05389091
3694,2025-01-22,688021,奥福环保,0.053888917
3695,2025-01-24,601139,深圳燃气,0.053878907
3696,2025-01-22,301565,中仑新材,0.053877603
3697,2025-01-23,2486,嘉麟杰,0.053867392
3698,2025-01-22,603268,松发股份,0.0538621
3699,2025-01-23,68,华控赛格,0.053852275
3700,2025-01-23,600586,金晶科技,0.053841107
3701,2025-01-23,300018,中元股份,0.053809833
3702,2025-01-24,300635,中达安,0.053802855
3703,2025-01-24,600893,航发动力,0.05379978
3704,2025-01-24,688225,亚信安全,0.05379604
3705,2025-01-23,300898,熊猫乳品,0.05378206
3706,2025-01-24,2219,新里程,0.05377577
3707,2025-01-23,300834,星辉环材,0.053766593
3708,2025-01-22,2413,雷科防务,0.053733207
3709,2025-01-23,601866,中远海发,0.053732604
3710,2025-01-22,2075,沙钢股份,0.053727597
3711,2025-01-22,300385,雪浪环境,0.05371742
3712,2025-01-22,300671,富满微,0.05371237
3713,2025-01-23,601216,君正集团,0.053695306
3714,2025-01-23,300032,金龙机电,0.05368435
3715,2025-01-22,688390,固德威,0.053664297
3716,2025-01-24,605006,山东玻纤,0.05365751
3717,2025-01-24,603725,天安新材,0.05364048
3718,2025-01-24,301116,益客食品,0.05360896
3719,2025-01-23,300864,南大环境,0.05359776
3720,2025-01-24,300328,宜安科技,0.053592436
3721,2025-01-24,601858,中国科传,0.05359167
3722,2025-01-22,2521,齐峰新材,0.05356955
3723,2025-01-24,2702,海欣食品,0.053564988
3724,2025-01-22,600019,宝钢股份,0.053544957
3725,2025-01-24,2523,天桥起重,0.053543396
3726,2025-01-24,600425,青松建化,0.053529523
3727,2025-01-23,300426,唐德影视,0.053524222
3728,2025-01-24,36,华联控股,0.053504758
3729,2025-01-23,300260,新莱应材,0.053503312
3730,2025-01-24,300834,星辉环材,0.053500656
3731,2025-01-24,603379,三美股份,0.053493604
3732,2025-01-24,617,中油资本,0.053478837
3733,2025-01-22,688252,天德钰,0.05347438
3734,2025-01-22,545,金浦钛业,0.0534711
3735,2025-01-23,601187,厦门银行,0.05345196
3736,2025-01-23,301069,凯盛新材,0.05344844
3737,2025-01-22,301067,显盈科技,0.05343906
3738,2025-01-24,2110,三钢闽光,0.053432174
3739,2025-01-22,688335,复洁环保,0.053406924
3740,2025-01-23,300346,南大光电,0.053397987
3741,2025-01-24,965,天保基建,0.053378776
3742,2025-01-22,600251,冠农股份,0.05337414
3743,2025-01-24,159,国际实业,0.053372655
3744,2025-01-22,301373,凌玮科技,0.053371422
3745,2025-01-24,601918,新集能源,0.053359017
3746,2025-01-24,603099,长白山,0.053350575
3747,2025-01-22,601567,三星医疗,0.053342737
3748,2025-01-23,601996,丰林集团,0.05333224
3749,2025-01-23,300822,贝仕达克,0.053324357
3750,2025-01-24,688543,国科军工,0.053323574
3751,2025-01-24,301613,新铝时代,0.05331453
3752,2025-01-23,688512,慧智微-U,0.053310737
3753,2025-01-24,688489,三未信安,0.05328349
3754,2025-01-22,2272,川润股份,0.05325699
3755,2025-01-23,601798,蓝科高新,0.05325667
3756,2025-01-24,56,皇庭国际,0.05324185
3757,2025-01-23,600027,华电国际,0.053240974
3758,2025-01-22,301004,嘉益股份,0.053238764
3759,2025-01-23,600356,恒丰纸业,0.053226806
3760,2025-01-24,300152,新动力,0.053221487
3761,2025-01-23,600467,好当家,0.053199567
3762,2025-01-24,600368,五洲交通,0.05319623
3763,2025-01-24,603335,迪生力,0.05319453
3764,2025-01-22,2323,雅博股份,0.05317992
3765,2025-01-23,603997,继峰股份,0.053171303
3766,2025-01-24,300636,同和药业,0.0531711
3767,2025-01-23,300948,冠中生态,0.053160734
3768,2025-01-22,2995,天地在线,0.05315902
3769,2025-01-24,603307,扬州金泉,0.053151865
3770,2025-01-24,688588,凌志软件,0.0531419
3771,2025-01-23,300173,福能东方,0.053135313
3772,2025-01-24,688707,振华新材,0.053127427
3773,2025-01-23,603194,中力股份,0.053118326
3774,2025-01-22,300447,全信股份,0.0531046
3775,2025-01-24,603215,比依股份,0.053098932
3776,2025-01-24,300737,科顺股份,0.0530973
3777,2025-01-23,603527,众源新材,0.053091604
3778,2025-01-22,601388,怡球资源,0.053065427
3779,2025-01-24,1225,和泰机电,0.053055946
3780,2025-01-23,688202,美迪西,0.053048566
3781,2025-01-24,600773,西藏城投,0.05304849
3782,2025-01-24,600373,中文传媒,0.053041518
3783,2025-01-22,3022,联泓新科,0.05304098
3784,2025-01-22,2470,金正大,0.053038076
3785,2025-01-24,2278,神开股份,0.053010084
3786,2025-01-22,952,广济药业,0.053007565
3787,2025-01-24,2907,华森制药,0.053001873
3788,2025-01-24,300118,东方日升,0.052999426
3789,2025-01-24,601318,中国平安,0.052997388
3790,2025-01-24,300531,优博讯,0.052986298
3791,2025-01-23,301238,瑞泰新材,0.05298321
3792,2025-01-22,300190,维尔利,0.052982952
3793,2025-01-24,300234,开尔新材,0.05297996
3794,2025-01-22,688707,振华新材,0.052977122
3795,2025-01-24,576,甘化科工,0.052969277
3796,2025-01-23,635,英 力 特,0.052967004
3797,2025-01-24,300461,田中精机,0.052963547
3798,2025-01-22,688130,晶华微,0.05295794
3799,2025-01-24,688069,德林海,0.05295056
3800,2025-01-23,301348,蓝箭电子,0.052944474
3801,2025-01-23,603711,香飘飘,0.0529377
3802,2025-01-24,603500,祥和实业,0.052932583
3803,2025-01-24,521,长虹美菱,0.052914456
3804,2025-01-23,2136,安 纳 达,0.052912872
3805,2025-01-24,567,海德股份,0.052910767
3806,2025-01-22,798,中水渔业,0.052909687
3807,2025-01-23,603580,艾艾精工,0.05290748
3808,2025-01-22,300052,中青宝,0.052887607
3809,2025-01-23,601698,中国卫通,0.052886672
3810,2025-01-23,2420,毅昌科技,0.05288556
3811,2025-01-23,2400,省广集团,0.052878067
3812,2025-01-22,570,苏常柴Ａ,0.052868582
3813,2025-01-24,430,张家界,0.05285117
3814,2025-01-23,601111,中国国航,0.052841593
3815,2025-01-24,601118,海南橡胶,0.0528413
3816,2025-01-22,2565,顺灏股份,0.052840147
3817,2025-01-22,301118,恒光股份,0.052834395
3818,2025-01-24,688247,宣泰医药,0.0528071
3819,2025-01-23,1258,立新能源,0.052797325
3820,2025-01-22,300451,创业慧康,0.05277124
3821,2025-01-23,600500,中化国际,0.052770086
3822,2025-01-22,300592,华凯易佰,0.052759446
3823,2025-01-23,688222,成都先导,0.052751046
3824,2025-01-23,688559,海目星,0.05273192
3825,2025-01-23,300189,神农种业,0.052708875
3826,2025-01-22,601233,桐昆股份,0.052698273
3827,2025-01-24,300668,杰恩设计,0.05269661
3828,2025-01-23,601229,上海银行,0.052695677
3829,2025-01-24,301169,零点有数,0.05268961
3830,2025-01-23,300235,方直科技,0.052685358
3831,2025-01-24,2683,广东宏大,0.05268496
3832,2025-01-22,300324,旋极信息,0.0526792
3833,2025-01-23,603051,鹿山新材,0.052674633
3834,2025-01-24,300631,久吾高科,0.052671216
3835,2025-01-22,601898,中煤能源,0.05266603
3836,2025-01-24,709,河钢股份,0.05266247
3837,2025-01-24,600545,卓郎智能,0.052652977
3838,2025-01-22,300276,三丰智能,0.05264809
3839,2025-01-23,301230,泓博医药,0.052647445
3840,2025-01-22,600322,津投城开,0.05264355
3841,2025-01-23,688091,上海谊众,0.052636523
3842,2025-01-23,301499,维科精密,0.052616045
3843,2025-01-23,600017,日照港,0.0526123
3844,2025-01-22,300640,德艺文创,0.052611906
3845,2025-01-22,688500,慧辰股份,0.05260251
3846,2025-01-22,601668,中国建筑,0.052600414
3847,2025-01-23,300107,建新股份,0.05259606
3848,2025-01-24,605598,上海港湾,0.052581288
3849,2025-01-22,300776,帝尔激光,0.052551836
3850,2025-01-22,600969,郴电国际,0.052547283
3851,2025-01-24,300889,爱克股份,0.052536592
3852,2025-01-24,603192,汇得科技,0.05252825
3853,2025-01-23,750,国海证券,0.052526996
3854,2025-01-24,603338,浙江鼎力,0.05252526
3855,2025-01-23,603578,三星新材,0.05250808
3856,2025-01-23,300531,优博讯,0.05250044
3857,2025-01-22,688351,微电生理-U,0.05249508
3858,2025-01-24,1239,永达股份,0.05249147
3859,2025-01-22,301391,卡莱特,0.052490614
3860,2025-01-23,600108,亚盛集团,0.052490145
3861,2025-01-24,600336,澳柯玛,0.052489564
3862,2025-01-23,300798,锦鸡股份,0.052483194
3863,2025-01-22,688480,赛恩斯,0.05247365
3864,2025-01-23,603429,集友股份,0.052466996
3865,2025-01-23,300586,美联新材,0.052458707
3866,2025-01-23,2037,保利联合,0.05244257
3867,2025-01-23,600998,九州通,0.052441187
3868,2025-01-23,300030,阳普医疗,0.05243708
3869,2025-01-24,300896,爱美客,0.052421167
3870,2025-01-22,2138,顺络电子,0.05241856
3871,2025-01-24,600084,中信尼雅,0.05241457
3872,2025-01-22,603863,松炀资源,0.052410834
3873,2025-01-22,603211,晋拓股份,0.052396875
3874,2025-01-23,2419,天虹股份,0.052391864
3875,2025-01-24,600651,飞乐音响,0.05238904
3876,2025-01-22,688262,国芯科技,0.052387238
3877,2025-01-22,600085,同仁堂,0.052378222
3878,2025-01-22,2508,老板电器,0.052375127
3879,2025-01-24,1311,多利科技,0.05236924
3880,2025-01-23,603517,绝味食品,0.05234237
3881,2025-01-23,600439,瑞贝卡,0.05232683
3882,2025-01-22,688363,华熙生物,0.052326314
3883,2025-01-22,2453,华软科技,0.052312672
3884,2025-01-22,514,渝 开 发,0.052309576
3885,2025-01-23,605268,王力安防,0.05230692
3886,2025-01-22,301157,华塑科技,0.05230367
3887,2025-01-24,2663,普邦股份,0.05229973
3888,2025-01-24,600189,泉阳泉,0.052292198
3889,2025-01-23,601827,三峰环境,0.052282058
3890,2025-01-24,2483,润邦股份,0.05225949
3891,2025-01-24,600629,华建集团,0.052256867
3892,2025-01-23,718,苏宁环球,0.052254938
3893,2025-01-24,601368,绿城水务,0.05224584
3894,2025-01-22,600583,海油工程,0.052245528
3895,2025-01-22,601615,明阳智能,0.052242525
3896,2025-01-23,2078,太阳纸业,0.052219138
3897,2025-01-23,300318,博晖创新,0.05221577
3898,2025-01-23,2286,保龄宝,0.052215632
3899,2025-01-23,300862,蓝盾光电,0.052210514
3900,2025-01-23,603818,曲美家居,0.05219787
3901,2025-01-24,300008,天海防务,0.05219714
3902,2025-01-24,300830,金现代,0.0521909
3903,2025-01-24,2838,道恩股份,0.05219067
3904,2025-01-22,688695,中创股份,0.052183736
3905,2025-01-23,600192,长城电工,0.052174874
3906,2025-01-23,601618,中国中冶,0.052162006
3907,2025-01-22,564,供销大集,0.052157562
3908,2025-01-24,300598,诚迈科技,0.052147448
3909,2025-01-22,2120,韵达股份,0.05214633
3910,2025-01-22,600028,中国石化,0.05212019
3911,2025-01-23,301372,科净源,0.05211906
3912,2025-01-24,300348,长亮科技,0.05210473
3913,2025-01-24,603877,太平鸟,0.052085556
3914,2025-01-24,300408,三环集团,0.052085314
3915,2025-01-24,603711,香飘飘,0.052084155
3916,2025-01-23,2574,明牌珠宝,0.05208285
3917,2025-01-23,600109,国金证券,0.052081626
3918,2025-01-23,603079,圣达生物,0.05207799
3919,2025-01-24,600900,长江电力,0.052075967
3920,2025-01-24,300447,全信股份,0.05206237
3921,2025-01-23,688561,奇安信-U,0.05205997
3922,2025-01-23,603021,山东华鹏,0.05205542
3923,2025-01-24,603825,华扬联众,0.0520551
3924,2025-01-22,688530,欧莱新材,0.052053332
3925,2025-01-23,603586,金麒麟,0.052039716
3926,2025-01-24,603227,雪峰科技,0.05203734
3927,2025-01-23,603011,合锻智能,0.0520237
3928,2025-01-23,2995,天地在线,0.052023076
3929,2025-01-22,2466,天齐锂业,0.052007154
3930,2025-01-23,537,中绿电,0.05199607
3931,2025-01-24,300949,奥雅股份,0.051981464
3932,2025-01-22,300177,中海达,0.051971912
3933,2025-01-24,958,电投产融,0.051967725
3934,2025-01-23,601369,陕鼓动力,0.051967118
3935,2025-01-24,300629,新劲刚,0.051941328
3936,2025-01-23,300753,爱朋医疗,0.05193908
3937,2025-01-24,2202,金风科技,0.05193495
3938,2025-01-23,300776,帝尔激光,0.051931962
3939,2025-01-23,2323,雅博股份,0.051923472
3940,2025-01-23,688082,盛美上海,0.051902637
3941,2025-01-22,688,国城矿业,0.051897205
3942,2025-01-24,603613,国联股份,0.051893335
3943,2025-01-23,601390,中国中铁,0.051891904
3944,2025-01-23,601186,中国铁建,0.05187818
3945,2025-01-23,600877,电科芯片,0.05186886
3946,2025-01-24,300067,安诺其,0.051845662
3947,2025-01-22,610,西安旅游,0.051821396
3948,2025-01-24,301258,富士莱,0.05180946
3949,2025-01-24,603185,弘元绿能,0.051802993
3950,2025-01-24,300195,长荣股份,0.05178031
3951,2025-01-23,62,深圳华强,0.05177276
3952,2025-01-24,601288,农业银行,0.051751696
3953,2025-01-22,603818,曲美家居,0.05173625
3954,2025-01-24,887,中鼎股份,0.051731553
3955,2025-01-22,300540,蜀道装备,0.051726032
3956,2025-01-24,603386,骏亚科技,0.05172552
3957,2025-01-23,301058,中粮科工,0.051712763
3958,2025-01-23,601166,兴业银行,0.05169656
3959,2025-01-22,601390,中国中铁,0.051694255
3960,2025-01-24,409,云鼎科技,0.05168571
3961,2025-01-24,688363,华熙生物,0.051678926
3962,2025-01-24,300792,壹网壹创,0.051657557
3963,2025-01-22,567,海德股份,0.051649727
3964,2025-01-24,601328,交通银行,0.05164089
3965,2025-01-23,501,武商集团,0.051636174
3966,2025-01-24,603927,中科软,0.05161163
3967,2025-01-24,2360,同德化工,0.05160898
3968,2025-01-24,2152,广电运通,0.05158977
3969,2025-01-23,688051,佳华科技,0.05158094
3970,2025-01-22,688627,精智达,0.0515801
3971,2025-01-23,603170,宝立食品,0.051575698
3972,2025-01-23,600702,舍得酒业,0.05155596
3973,2025-01-24,603580,艾艾精工,0.05155021
3974,2025-01-24,300477,合纵科技,0.051548567
3975,2025-01-24,600919,江苏银行,0.051544696
3976,2025-01-23,601880,辽港股份,0.051541336
3977,2025-01-24,688151,华强科技,0.051529408
3978,2025-01-23,688327,云从科技-UW,0.051496953
3979,2025-01-24,2989,中天精装,0.05149518
3980,2025-01-22,2048,宁波华翔,0.051488
3981,2025-01-23,2140,东华科技,0.051478922
3982,2025-01-22,428,华天酒店,0.051478796
3983,2025-01-22,2460,赣锋锂业,0.05147652
3984,2025-01-23,2119,康强电子,0.051458474
3985,2025-01-24,300068,南都电源,0.051451072
3986,2025-01-22,1322,箭牌家居,0.051448114
3987,2025-01-23,603030,全筑股份,0.05143866
3988,2025-01-23,603386,骏亚科技,0.051433817
3989,2025-01-24,2731,萃华珠宝,0.051429313
3990,2025-01-23,600592,龙溪股份,0.05142247
3991,2025-01-23,603626,科森科技,0.05141309
3992,2025-01-24,600331,宏达股份,0.051396057
3993,2025-01-24,688206,概伦电子,0.051387787
3994,2025-01-24,603391,力聚热能,0.051378757
3995,2025-01-24,301139,元道通信,0.051372387
3996,2025-01-24,300103,达刚控股,0.0513703
3997,2025-01-23,2059,云南旅游,0.051349934
3998,2025-01-23,600741,华域汽车,0.051346235
3999,2025-01-24,600861,北京人力,0.051297408
4000,2025-01-22,2549,凯美特气,0.051267333
4001,2025-01-24,301033,迈普医学,0.051260464
4002,2025-01-24,300305,裕兴股份,0.05125811
4003,2025-01-22,688377,迪威尔,0.05125513
4004,2025-01-24,601588,北辰实业,0.051247306
4005,2025-01-24,601877,正泰电器,0.051245444
4006,2025-01-23,603156,养元饮品,0.051239986
4007,2025-01-24,605268,王力安防,0.05123377
4008,2025-01-24,600674,川投能源,0.051228363
4009,2025-01-23,2677,浙江美大,0.051226817
4010,2025-01-22,301213,观想科技,0.05119825
4011,2025-01-24,300214,日科化学,0.05119283
4012,2025-01-22,301571,国科天成,0.051185787
4013,2025-01-22,300256,星星科技,0.05116879
4014,2025-01-24,603903,中持股份,0.05115741
4015,2025-01-24,603900,莱绅通灵,0.051157013
4016,2025-01-23,301201,诚达药业,0.051131405
4017,2025-01-24,600970,中材国际,0.05113002
4018,2025-01-23,600536,中国软件,0.05112595
4019,2025-01-22,300810,中科海讯,0.051122725
4020,2025-01-23,600149,廊坊发展,0.051113915
4021,2025-01-24,300971,博亚精工,0.051111378
4022,2025-01-22,600378,昊华科技,0.05110811
4023,2025-01-24,300550,和仁科技,0.051098946
4024,2025-01-23,688035,德邦科技,0.051096357
4025,2025-01-23,838,财信发展,0.051090185
4026,2025-01-24,688609,九联科技,0.05106359
4027,2025-01-24,2803,吉宏股份,0.05106166
4028,2025-01-22,429,粤高速Ａ,0.051047068
4029,2025-01-22,605303,园林股份,0.05100566
4030,2025-01-23,300219,鸿利智汇,0.051002976
4031,2025-01-23,600864,哈投股份,0.05099703
4032,2025-01-24,601601,中国太保,0.050994568
4033,2025-01-23,2187,广百股份,0.05098117
4034,2025-01-23,2317,众生药业,0.05098056
4035,2025-01-24,901,航天科技,0.050980512
4036,2025-01-23,301211,亨迪药业,0.050980106
4037,2025-01-23,2085,万丰奥威,0.050979163
4038,2025-01-24,2114,罗平锌电,0.050968572
4039,2025-01-23,2518,科士达,0.050958417
4040,2025-01-24,600050,中国联通,0.050951514
4041,2025-01-22,601800,中国交建,0.05092933
4042,2025-01-23,600533,栖霞建设,0.050921362
4043,2025-01-22,301607,富特科技,0.050917614
4044,2025-01-23,665,湖北广电,0.050913922
4045,2025-01-24,301587,中瑞股份,0.050893635
4046,2025-01-22,300091,金通灵,0.050885133
4047,2025-01-23,300456,赛微电子,0.050883416
4048,2025-01-22,605056,咸亨国际,0.050878905
4049,2025-01-23,2851,麦格米特,0.050869484
4050,2025-01-23,300664,鹏鹞环保,0.050869223
4051,2025-01-22,300530,领湃科技,0.050862446
4052,2025-01-24,2537,海联金汇,0.05085853
4053,2025-01-22,605288,凯迪股份,0.05085624
4054,2025-01-23,600019,宝钢股份,0.050840527
4055,2025-01-23,300074,华平股份,0.050833695
4056,2025-01-23,300729,乐歌股份,0.050829217
4057,2025-01-24,600307,酒钢宏兴,0.050822113
4058,2025-01-23,300059,东方财富,0.05081623
4059,2025-01-24,600327,大东方,0.05080487
4060,2025-01-22,600586,金晶科技,0.050804004
4061,2025-01-22,605366,宏柏新材,0.050801445
4062,2025-01-23,14,沙河股份,0.05079552
4063,2025-01-24,603366,日出东方,0.050791528
4064,2025-01-23,17,深中华A,0.050778937
4065,2025-01-22,600081,东风科技,0.050763987
4066,2025-01-24,688560,明冠新材,0.0507638
4067,2025-01-23,301207,华兰疫苗,0.05076319
4068,2025-01-24,2157,正邦科技,0.0507483
4069,2025-01-24,32,深桑达Ａ,0.050745387
4070,2025-01-24,603395,红四方,0.050739527
4071,2025-01-24,600006,东风股份,0.050732173
4072,2025-01-24,911,广农糖业,0.050726213
4073,2025-01-22,601966,玲珑轮胎,0.05071304
4074,2025-01-23,601995,中金公司,0.050683096
4075,2025-01-23,2682,龙洲股份,0.05068218
4076,2025-01-23,300918,南山智尚,0.050680824
4077,2025-01-23,301115,建科股份,0.050670624
4078,2025-01-23,600496,精工钢构,0.05065698
4079,2025-01-24,688772,珠海冠宇,0.050652638
4080,2025-01-24,301182,凯旺科技,0.05065034
4081,2025-01-23,603969,银龙股份,0.05064331
4082,2025-01-22,600824,益民集团,0.050634746
4083,2025-01-24,300616,尚品宅配,0.050628953
4084,2025-01-24,300448,浩云科技,0.050615996
4085,2025-01-22,2423,中粮资本,0.050610937
4086,2025-01-23,2978,安宁股份,0.050608277
4087,2025-01-23,300195,长荣股份,0.05060666
4088,2025-01-24,300820,英杰电气,0.050603934
4089,2025-01-23,688450,光格科技,0.05059625
4090,2025-01-24,300485,赛升药业,0.050570317
4091,2025-01-24,600722,金牛化工,0.050565843
4092,2025-01-24,300184,力源信息,0.050552607
4093,2025-01-22,1360,南矿集团,0.050544374
4094,2025-01-24,927,中国铁物,0.05052074
4095,2025-01-22,603233,大参林,0.050519533
4096,2025-01-22,300486,东杰智能,0.050519414
4097,2025-01-23,601399,国机重装,0.050500236
4098,2025-01-24,2426,胜利精密,0.050500143
4099,2025-01-22,688563,航材股份,0.05049736
4100,2025-01-24,2375,亚厦股份,0.05048764
4101,2025-01-24,2851,麦格米特,0.050486684
4102,2025-01-22,2155,湖南黄金,0.050466508
4103,2025-01-24,605333,沪光股份,0.050454326
4104,2025-01-24,688097,博众精工,0.050454125
4105,2025-01-24,300791,仙乐健康,0.050453123
4106,2025-01-24,603170,宝立食品,0.05043155
4107,2025-01-23,576,甘化科工,0.050425835
4108,2025-01-23,300138,晨光生物,0.05041865
4109,2025-01-23,300175,朗源股份,0.050398916
4110,2025-01-22,603359,东珠生态,0.05038682
4111,2025-01-24,300865,大宏立,0.050367147
4112,2025-01-24,2526,山东矿机,0.050354782
4113,2025-01-24,301118,恒光股份,0.050342582
4114,2025-01-23,300222,科大智能,0.050327025
4115,2025-01-23,301272,英华特,0.050324634
4116,2025-01-23,2428,云南锗业,0.05032258
4117,2025-01-24,603030,全筑股份,0.05030284
4118,2025-01-22,688265,南模生物,0.050285064
4119,2025-01-24,2408,齐翔腾达,0.050273724
4120,2025-01-24,603006,联明股份,0.050257694
4121,2025-01-22,601228,广州港,0.050252944
4122,2025-01-24,738,航发控制,0.05024658
4123,2025-01-23,688285,高铁电气,0.050244868
4124,2025-01-22,600784,鲁银投资,0.05022437
4125,2025-01-22,688276,百克生物,0.0502192
4126,2025-01-23,688098,申联生物,0.050213523
4127,2025-01-23,603278,大业股份,0.050205816
4128,2025-01-24,600356,恒丰纸业,0.050195705
4129,2025-01-24,2945,华林证券,0.050194122
4130,2025-01-22,2884,凌霄泵业,0.05018893
4131,2025-01-24,600969,郴电国际,0.050177705
4132,2025-01-23,600566,济川药业,0.050176345
4133,2025-01-22,300829,金丹科技,0.050170913
4134,2025-01-23,300695,兆丰股份,0.050167922
4135,2025-01-22,300461,田中精机,0.05014998
4136,2025-01-24,300146,汤臣倍健,0.050146393
4137,2025-01-24,301108,洁雅股份,0.05013641
4138,2025-01-24,603797,联泰环保,0.050131083
4139,2025-01-22,601012,隆基绿能,0.05012971
4140,2025-01-24,2171,楚江新材,0.050119326
4141,2025-01-24,29,深深房Ａ,0.05010012
4142,2025-01-24,603255,鼎际得,0.05008833
4143,2025-01-23,600111,北方稀土,0.050073907
4144,2025-01-22,688098,申联生物,0.050064202
4145,2025-01-24,300592,华凯易佰,0.05004687
4146,2025-01-23,600666,奥瑞德,0.05004517
4147,2025-01-24,600621,华鑫股份,0.050036024
4148,2025-01-22,688184,帕瓦股份,0.050024264
4149,2025-01-24,2930,宏川智慧,0.050000697
4150,2025-01-22,300550,和仁科技,0.049996123
4151,2025-01-23,603399,永杉锂业,0.049993757
4152,2025-01-23,301488,豪恩汽电,0.049985856
4153,2025-01-23,2263,大东南,0.049981013
4154,2025-01-23,300332,天壕能源,0.049965788
4155,2025-01-22,688173,希荻微,0.04996332
4156,2025-01-23,300486,东杰智能,0.04995913
4157,2025-01-22,777,中核科技,0.04994181
4158,2025-01-23,300740,水羊股份,0.049940683
4159,2025-01-24,2518,科士达,0.049934864
4160,2025-01-24,600058,五矿发展,0.04993149
4161,2025-01-24,301099,雅创电子,0.04993004
4162,2025-01-22,603889,新澳股份,0.049919806
4163,2025-01-24,688132,邦彦技术,0.049899403
4164,2025-01-22,603716,塞力医疗,0.049888723
4165,2025-01-24,1223,欧克科技,0.049868844
4166,2025-01-24,2094,青岛金王,0.04986263
4167,2025-01-22,3032,传智教育,0.049842425
4168,2025-01-23,883,湖北能源,0.049829114
4169,2025-01-24,1331,胜通能源,0.049825106
4170,2025-01-23,600487,亨通光电,0.049820594
4171,2025-01-22,300101,振芯科技,0.04981923
4172,2025-01-24,2668,TCL智家,0.04981503
4173,2025-01-23,1311,多利科技,0.04980323
4174,2025-01-24,300692,中环环保,0.049801655
4175,2025-01-23,300736,百邦科技,0.04979134
4176,2025-01-24,2415,海康威视,0.049778987
4177,2025-01-22,2246,北化股份,0.04977122
4178,2025-01-23,559,万向钱潮,0.049764868
4179,2025-01-22,803,山高环能,0.04976274
4180,2025-01-23,521,长虹美菱,0.04973142
4181,2025-01-22,603536,惠发食品,0.049715996
4182,2025-01-24,688719,爱科赛博,0.049707636
4183,2025-01-22,600335,国机汽车,0.049703624
4184,2025-01-23,301512,智信精密,0.049703132
4185,2025-01-24,987,越秀资本,0.0496807
4186,2025-01-24,959,首钢股份,0.04967635
4187,2025-01-22,600208,衢州发展,0.04967392
4188,2025-01-23,738,航发控制,0.049671233
4189,2025-01-22,301269,华大九天,0.049636424
4190,2025-01-22,601869,长飞光纤,0.04963085
4191,2025-01-24,3042,中农联合,0.049627762
4192,2025-01-23,798,中水渔业,0.049615048
4193,2025-01-24,688379,华光新材,0.049595185
4194,2025-01-24,301526,国际复材,0.049593307
4195,2025-01-23,702,正虹科技,0.04957377
4196,2025-01-24,601865,福莱特,0.049547702
4197,2025-01-24,605155,西大门,0.04954453
4198,2025-01-24,600217,中再资环,0.04953637
4199,2025-01-24,600379,宝光股份,0.04953598
4200,2025-01-24,603515,欧普照明,0.049531616
4201,2025-01-23,2912,中新赛克,0.049525082
4202,2025-01-23,998,隆平高科,0.049514644
4203,2025-01-24,600095,湘财股份,0.0494911
4204,2025-01-24,2689,远大智能,0.04948643
4205,2025-01-24,2613,北玻股份,0.0494864
4206,2025-01-23,600352,浙江龙盛,0.04947512
4207,2025-01-24,600745,闻泰科技,0.04945545
4208,2025-01-24,2286,保龄宝,0.049454454
4209,2025-01-22,601009,南京银行,0.049453534
4210,2025-01-24,688167,炬光科技,0.049441352
4211,2025-01-24,338,潍柴动力,0.04943881
4212,2025-01-23,600072,中船科技,0.049427915
4213,2025-01-23,905,厦门港务,0.049425952
4214,2025-01-23,605303,园林股份,0.04942376
4215,2025-01-24,301223,中荣股份,0.049416948
4216,2025-01-23,300103,达刚控股,0.049414195
4217,2025-01-24,300078,思创医惠,0.049409773
4218,2025-01-24,603038,华立股份,0.04940541
4219,2025-01-24,600522,中天科技,0.0494048
4220,2025-01-22,600169,太原重工,0.049397543
4221,2025-01-24,688602,康鹏科技,0.04939706
4222,2025-01-22,600233,圆通速递,0.049387854
4223,2025-01-23,2849,威星智能,0.04937868
4224,2025-01-23,688392,骄成超声,0.04936423
4225,2025-01-23,600153,建发股份,0.04935631
4226,2025-01-22,603985,恒润股份,0.049352456
4227,2025-01-23,603619,中曼石油,0.049350716
4228,2025-01-22,601186,中国铁建,0.049349003
4229,2025-01-23,300434,金石亚药,0.049346738
4230,2025-01-24,900,现代投资,0.04934086
4231,2025-01-24,603079,圣达生物,0.049325332
4232,2025-01-24,2401,中远海科,0.04932276
4233,2025-01-22,300197,节能铁汉,0.049318075
4234,2025-01-22,600642,申能股份,0.049307525
4235,2025-01-23,688718,唯赛勃,0.049306516
4236,2025-01-23,2249,大洋电机,0.049305744
4237,2025-01-24,688387,信科移动-U,0.049283992
4238,2025-01-22,301230,泓博医药,0.049281277
4239,2025-01-22,688584,上海合晶,0.049268946
4240,2025-01-23,603936,博敏电子,0.04926779
4241,2025-01-24,688559,海目星,0.049263213
4242,2025-01-24,300957,贝泰妮,0.04925993
4243,2025-01-22,601888,中国中免,0.049247317
4244,2025-01-23,688127,蓝特光学,0.04924118
4245,2025-01-24,603375,盛景微,0.04923152
4246,2025-01-23,2524,光正眼科,0.049228393
4247,2025-01-24,688295,中复神鹰,0.04922469
4248,2025-01-23,2056,横店东磁,0.049219143
4249,2025-01-24,603055,台华新材,0.049217496
4250,2025-01-22,688558,国盛智科,0.049209893
4251,2025-01-24,600792,云煤能源,0.049191926
4252,2025-01-24,605196,华通线缆,0.04918594
4253,2025-01-24,605007,五洲特纸,0.049178634
4254,2025-01-23,2500,山西证券,0.049171466
4255,2025-01-24,300031,宝通科技,0.049149524
4256,2025-01-23,603118,共进股份,0.04914384
4257,2025-01-24,807,云铝股份,0.04914371
4258,2025-01-23,600649,城投控股,0.049112413
4259,2025-01-23,601916,浙商银行,0.049105372
4260,2025-01-24,600533,栖霞建设,0.0490956
4261,2025-01-22,601658,邮储银行,0.049090814
4262,2025-01-22,300601,康泰生物,0.049087334
4263,2025-01-23,600085,同仁堂,0.049073823
4264,2025-01-24,2524,光正眼科,0.04907159
4265,2025-01-24,600665,天地源,0.049068503
4266,2025-01-23,603767,中马传动,0.049060434
4267,2025-01-23,605388,均瑶健康,0.04905624
4268,2025-01-24,600206,有研新材,0.04905185
4269,2025-01-23,690,宝新能源,0.049032163
4270,2025-01-23,600748,上实发展,0.049028505
4271,2025-01-22,2902,铭普光磁,0.04902511
4272,2025-01-23,688031,星环科技-U,0.0490169
4273,2025-01-23,2385,大北农,0.049007893
4274,2025-01-24,600115,中国东航,0.049002767
4275,2025-01-23,2215,诺 普 信,0.04898939
4276,2025-01-24,2590,万安科技,0.04897094
4277,2025-01-23,2560,通达股份,0.048938453
4278,2025-01-24,600998,九州通,0.04892666
4279,2025-01-22,820,神雾节能,0.048919946
4280,2025-01-22,301488,豪恩汽电,0.0489178
4281,2025-01-24,301216,万凯新材,0.04891364
4282,2025-01-23,300302,同有科技,0.04890829
4283,2025-01-23,300126,锐奇股份,0.048889294
4284,2025-01-22,301295,美硕科技,0.04886338
4285,2025-01-24,688222,成都先导,0.048857138
4286,2025-01-24,688349,三一重能,0.048849538
4287,2025-01-22,300561,汇金科技,0.048844185
4288,2025-01-22,2581,未名医药,0.04884306
4289,2025-01-23,688177,百奥泰,0.048842944
4290,2025-01-22,688213,思特威-W,0.04880764
4291,2025-01-22,601825,沪农商行,0.0488011
4292,2025-01-22,603279,景津装备,0.048798874
4293,2025-01-24,603619,中曼石油,0.048789818
4294,2025-01-23,2996,顺博合金,0.048786946
4295,2025-01-23,603109,神驰机电,0.048784986
4296,2025-01-24,688435,英方软件,0.048776507
4297,2025-01-22,300253,卫宁健康,0.048774354
4298,2025-01-24,688623,双元科技,0.04877262
4299,2025-01-24,2195,岩山科技,0.048749674
4300,2025-01-23,2391,长青股份,0.04874657
4301,2025-01-22,600259,广晟有色,0.04874537
4302,2025-01-23,600322,津投城开,0.048743688
4303,2025-01-23,600737,中粮糖业,0.04873921
4304,2025-01-23,301528,多浦乐,0.04870572
4305,2025-01-24,688390,固德威,0.048705444
4306,2025-01-23,637,茂化实华,0.048698954
4307,2025-01-22,603776,永安行,0.0486876
4308,2025-01-23,600775,南京熊猫,0.04867873
4309,2025-01-23,600328,中盐化工,0.048674494
4310,2025-01-24,559,万向钱潮,0.048672974
4311,2025-01-24,600377,宁沪高速,0.048658147
4312,2025-01-24,2736,国信证券,0.04864857
4313,2025-01-24,600653,申华控股,0.048637427
4314,2025-01-24,995,皇台酒业,0.048634514
4315,2025-01-23,2183,怡 亚 通,0.04863307
4316,2025-01-24,600028,中国石化,0.04861853
4317,2025-01-23,603167,渤海轮渡,0.048613295
4318,2025-01-24,926,福星股份,0.048606798
4319,2025-01-24,300805,电声股份,0.048590142
4320,2025-01-22,601010,文峰股份,0.04858609
4321,2025-01-27,600182,S佳通,0.048574965
4322,2025-01-24,300051,琏升科技,0.04855467
4323,2025-01-24,688177,百奥泰,0.048544437
4324,2025-01-23,603990,麦迪科技,0.04854059
4325,2025-01-22,300488,恒锋工具,0.048540123
4326,2025-01-23,688305,科德数控,0.048536047
4327,2025-01-24,2032,苏 泊 尔,0.048532244
4328,2025-01-24,300525,博思软件,0.048529238
4329,2025-01-24,688168,安博通,0.048526477
4330,2025-01-22,2145,中核钛白,0.048507467
4331,2025-01-23,688505,复旦张江,0.048507277
4332,2025-01-24,605369,拱东医疗,0.04850394
4333,2025-01-23,300146,汤臣倍健,0.048498143
4334,2025-01-22,300494,盛天网络,0.048489798
4335,2025-01-24,1896,豫能控股,0.04848194
4336,2025-01-24,600143,金发科技,0.048474673
4337,2025-01-24,603508,思维列控,0.048469804
4338,2025-01-23,600736,苏州高新,0.048468538
4339,2025-01-23,603939,益丰药房,0.048458353
4340,2025-01-23,300086,康芝药业,0.04845786
4341,2025-01-22,300535,达威股份,0.04844816
4342,2025-01-22,688509,正元地信,0.04842812
4343,2025-01-23,600815,厦工股份,0.048426386
4344,2025-01-22,603501,韦尔股份,0.048417084
4345,2025-01-22,600606,绿地控股,0.04841695
4346,2025-01-23,1322,箭牌家居,0.048413657
4347,2025-01-23,688015,交控科技,0.048408084
4348,2025-01-24,2063,远光软件,0.0484078
4349,2025-01-23,300747,锐科激光,0.04840735
4350,2025-01-22,300787,海能实业,0.048397157
4351,2025-01-24,300659,中孚信息,0.048383657
4352,2025-01-23,2867,周大生,0.04837183
4353,2025-01-22,600050,中国联通,0.048368886
4354,2025-01-22,300350,华鹏飞,0.048366554
4355,2025-01-24,501,武商集团,0.04836218
4356,2025-01-23,301048,金鹰重工,0.04836164
4357,2025-01-23,2048,宁波华翔,0.048355997
4358,2025-01-24,600110,诺德股份,0.048353646
4359,2025-01-24,2460,赣锋锂业,0.048352525
4360,2025-01-24,301468,博盈特焊,0.04834556
4361,2025-01-24,2128,电投能源,0.048333485
4362,2025-01-24,88,盐 田 港,0.048330292
4363,2025-01-23,600288,大恒科技,0.04832521
4364,2025-01-23,720,新能泰山,0.048320692
4365,2025-01-23,2494,华斯股份,0.04831938
4366,2025-01-22,300588,熙菱信息,0.048316523
4367,2025-01-22,2682,龙洲股份,0.04830086
4368,2025-01-22,2333,罗普斯金,0.04828959
4369,2025-01-23,301285,鸿日达,0.0482885
4370,2025-01-23,601009,南京银行,0.048281014
4371,2025-01-22,721,西安饮食,0.048273083
4372,2025-01-24,300614,百川畅银,0.048266277
4373,2025-01-24,498,山东路桥,0.048266172
4374,2025-01-24,300182,捷成股份,0.048262447
4375,2025-01-24,300417,南华仪器,0.048261076
4376,2025-01-22,603399,永杉锂业,0.048259385
4377,2025-01-22,993,闽东电力,0.048255205
4378,2025-01-24,601717,郑煤机,0.04823389
4379,2025-01-23,603323,苏农银行,0.048231207
4380,2025-01-22,300247,融捷健康,0.048219986
4381,2025-01-24,2179,中航光电,0.048185498
4382,2025-01-23,603933,睿能科技,0.04817556
4383,2025-01-24,600009,上海机场,0.048174165
4384,2025-01-23,301122,采纳股份,0.048128325
4385,2025-01-24,300996,普联软件,0.04811935
4386,2025-01-24,603982,泉峰汽车,0.0481096
4387,2025-01-22,2585,双星新材,0.048103325
4388,2025-01-24,600163,中闽能源,0.04807519
4389,2025-01-23,430,张家界,0.0480681
4390,2025-01-22,423,东阿阿胶,0.048066687
4391,2025-01-23,99,中信海直,0.048066027
4392,2025-01-23,688385,复旦微电,0.048056737
4393,2025-01-22,688595,芯海科技,0.048055433
4394,2025-01-22,300077,国民技术,0.04804592
4395,2025-01-23,600279,重庆港,0.048043326
4396,2025-01-23,2088,鲁阳节能,0.0480421
4397,2025-01-23,688557,兰剑智能,0.048039258
4398,2025-01-24,688202,美迪西,0.04802765
4399,2025-01-23,300240,飞力达,0.048022643
4400,2025-01-23,300402,宝色股份,0.04801795
4401,2025-01-24,688450,光格科技,0.04801123
4402,2025-01-24,600638,新黄浦,0.04800684
4403,2025-01-24,2716,湖南白银,0.047989085
4404,2025-01-23,600157,永泰能源,0.047979236
4405,2025-01-24,600330,天通股份,0.047969878
4406,2025-01-22,603615,茶花股份,0.047965996
4407,2025-01-24,688499,利元亨,0.047954284
4408,2025-01-22,688069,德林海,0.047952794
4409,2025-01-24,300672,国科微,0.04794994
4410,2025-01-24,300713,英可瑞,0.04794986
4411,2025-01-24,601068,中铝国际,0.04794568
4412,2025-01-24,600416,湘电股份,0.047944833
4413,2025-01-23,688137,近岸蛋白,0.04793936
4414,2025-01-23,2824,和胜股份,0.04793826
4415,2025-01-22,600123,兰花科创,0.047927525
4416,2025-01-22,300443,金雷股份,0.047925964
4417,2025-01-23,603906,龙蟠科技,0.047924735
4418,2025-01-22,300554,三超新材,0.047921814
4419,2025-01-24,601788,光大证券,0.047917597
4420,2025-01-23,2601,龙佰集团,0.04790034
4421,2025-01-22,300831,派瑞股份,0.04789419
4422,2025-01-23,2055,得润电子,0.04789373
4423,2025-01-22,600716,凤凰股份,0.047891684
4424,2025-01-22,600301,华锡有色,0.047887318
4425,2025-01-22,2959,小熊电器,0.04788626
4426,2025-01-23,1203,大中矿业,0.04788614
4427,2025-01-23,301369,联动科技,0.04787199
4428,2025-01-24,600162,香江控股,0.047831867
4429,2025-01-24,300873,海晨股份,0.047802247
4430,2025-01-23,301118,恒光股份,0.047781087
4431,2025-01-22,300212,易华录,0.047772966
4432,2025-01-23,301103,何氏眼科,0.04777159
4433,2025-01-24,2240,盛新锂能,0.047765233
4434,2025-01-23,688700,东威科技,0.047763404
4435,2025-01-24,300030,阳普医疗,0.047762975
4436,2025-01-23,688276,百克生物,0.047757618
4437,2025-01-24,2911,佛燃能源,0.047755465
4438,2025-01-24,2813,路畅科技,0.0477463
4439,2025-01-24,631,顺发恒业,0.047745798
4440,2025-01-22,2461,珠江啤酒,0.04774486
4441,2025-01-24,2326,永太科技,0.047740936
4442,2025-01-24,2293,罗莱生活,0.047724463
4443,2025-01-23,2093,国脉科技,0.04772353
4444,2025-01-23,300287,飞利信,0.047709204
4445,2025-01-23,600968,海油发展,0.04769329
4446,2025-01-23,600266,城建发展,0.047692448
4447,2025-01-23,600716,凤凰股份,0.047677115
4448,2025-01-22,601226,华电科工,0.047676302
4449,2025-01-24,300269,联建光电,0.04767628
4450,2025-01-24,635,英 力 特,0.047672838
4451,2025-01-23,300185,通裕重工,0.04766705
4452,2025-01-24,688563,航材股份,0.047653586
4453,2025-01-24,2601,龙佰集团,0.04764951
4454,2025-01-22,560,我爱我家,0.04763855
4455,2025-01-23,897,津滨发展,0.047622807
4456,2025-01-22,600605,汇通能源,0.047622457
4457,2025-01-22,600227,赤天化,0.047618814
4458,2025-01-24,301257,普蕊斯,0.047617693
4459,2025-01-24,603336,宏辉果蔬,0.047602084
4460,2025-01-23,688013,天臣医疗,0.047600344
4461,2025-01-22,300886,华业香料,0.047595832
4462,2025-01-22,300993,玉马科技,0.04759448
4463,2025-01-24,600282,南钢股份,0.047572523
4464,2025-01-22,688358,祥生医疗,0.047569558
4465,2025-01-22,301288,清研环境,0.047558278
4466,2025-01-24,776,广发证券,0.047539122
4467,2025-01-23,605288,凯迪股份,0.047534093
4468,2025-01-22,2893,京能热力,0.047532536
4469,2025-01-24,603960,克来机电,0.04752883
4470,2025-01-23,2112,三变科技,0.04752622
4471,2025-01-24,301187,欧圣电气,0.04750239
4472,2025-01-23,2095,生 意 宝,0.04749956
4473,2025-01-24,688378,奥来德,0.047489338
4474,2025-01-22,96,广聚能源,0.04747214
4475,2025-01-22,605598,上海港湾,0.047462754
4476,2025-01-24,600503,华丽家族,0.0474571
4477,2025-01-24,600017,日照港,0.047450848
4478,2025-01-23,603155,新亚强,0.047448546
4479,2025-01-22,600278,东方创业,0.047439136
4480,2025-01-23,601918,新集能源,0.04741744
4481,2025-01-23,601800,中国交建,0.047406998
4482,2025-01-24,2159,三特索道,0.047401696
4483,2025-01-24,301365,矩阵股份,0.04739463
4484,2025-01-24,600570,恒生电子,0.04739239
4485,2025-01-23,601990,南京证券,0.0473902
4486,2025-01-24,3002,壶化股份,0.04738589
4487,2025-01-23,301308,江波龙,0.04738212
4488,2025-01-23,301371,敷尔佳,0.047376417
4489,2025-01-23,600845,宝信软件,0.04737448
4490,2025-01-24,688509,正元地信,0.047371365
4491,2025-01-24,2977,天箭科技,0.047338065
4492,2025-01-22,600649,城投控股,0.0473379
4493,2025-01-24,688610,埃科光电,0.04731682
4494,2025-01-24,2567,唐人神,0.047314428
4495,2025-01-24,2456,欧菲光,0.0473026
4496,2025-01-22,301181,标榜股份,0.047297917
4497,2025-01-24,2367,康力电梯,0.047276013
4498,2025-01-22,300196,长海股份,0.047270857
4499,2025-01-23,601668,中国建筑,0.04726835
4500,2025-01-24,600562,国睿科技,0.047258966
4501,2025-01-24,66,中国长城,0.047254898
4502,2025-01-23,300457,赢合科技,0.0472375
4503,2025-01-24,600637,东方明珠,0.04722879
4504,2025-01-23,688538,和辉光电-U,0.04722727
4505,2025-01-23,688657,浩辰软件,0.047226172
4506,2025-01-23,3040,楚天龙,0.047214653
4507,2025-01-23,300119,瑞普生物,0.04720687
4508,2025-01-24,600571,信雅达,0.047191337
4509,2025-01-24,688009,中国通号,0.04717417
4510,2025-01-22,688361,中科飞测,0.047171593
4511,2025-01-23,600987,航民股份,0.04715205
4512,2025-01-23,301005,超捷股份,0.04714776
4513,2025-01-24,601018,宁波港,0.04714455
4514,2025-01-23,605389,长龄液压,0.047123358
4515,2025-01-22,2991,甘源食品,0.04712184
4516,2025-01-22,603779,威龙股份,0.04712031
4517,2025-01-22,600519,贵州茅台,0.04711879
4518,2025-01-23,300875,捷强装备,0.047118023
4519,2025-01-22,300920,润阳科技,0.047114313
4520,2025-01-24,688107,安路科技,0.047096707
4521,2025-01-23,2929,润建股份,0.047073282
4522,2025-01-24,2140,东华科技,0.047067642
4523,2025-01-22,605118,力鼎光电,0.0470656
4524,2025-01-23,603900,莱绅通灵,0.047049657
4525,2025-01-24,301267,华厦眼科,0.047012914
4526,2025-01-23,600583,海油工程,0.047012754
4527,2025-01-24,623,吉林敖东,0.04700573
4528,2025-01-23,300719,安达维尔,0.04700066
4529,2025-01-22,603619,中曼石油,0.046992745
4530,2025-01-22,600308,华泰股份,0.046985313
4531,2025-01-22,600319,亚星化学,0.046964433
4532,2025-01-24,301552,科力装备,0.04695873
4533,2025-01-24,603629,利通电子,0.04694753
4534,2025-01-24,2065,东华软件,0.04693694
4535,2025-01-24,600354,敦煌种业,0.04692848
4536,2025-01-22,2683,广东宏大,0.046915587
4537,2025-01-24,2818,富森美,0.04690843
4538,2025-01-23,2598,山东章鼓,0.04690762
4539,2025-01-24,600765,中航重机,0.04689382
4540,2025-01-22,688366,昊海生科,0.046893075
4541,2025-01-24,688055,龙腾光电,0.046892475
4542,2025-01-23,601002,晋亿实业,0.046884228
4543,2025-01-24,600757,长江传媒,0.0468829
4544,2025-01-23,300384,三联虹普,0.046865866
4545,2025-01-23,688338,赛科希德,0.04683667
4546,2025-01-24,300017,网宿科技,0.04683426
4547,2025-01-23,2590,万安科技,0.04682962
4548,2025-01-22,2855,捷荣技术,0.046826817
4549,2025-01-24,2311,海大集团,0.046823595
4550,2025-01-23,1378,德冠新材,0.046820976
4551,2025-01-24,2654,万润科技,0.04682004
4552,2025-01-22,2223,鱼跃医疗,0.046817444
4553,2025-01-23,300662,科锐国际,0.046809368
4554,2025-01-23,301297,富乐德,0.046803694
4555,2025-01-24,688669,聚石化学,0.046803664
4556,2025-01-24,601339,百隆东方,0.04679773
4557,2025-01-24,2512,达华智能,0.046778467
4558,2025-01-22,601997,贵阳银行,0.046778128
4559,2025-01-22,688512,慧智微-U,0.046777852
4560,2025-01-24,601800,中国交建,0.046764486
4561,2025-01-23,301555,惠柏新材,0.046740547
4562,2025-01-23,300322,硕贝德,0.046734195
4563,2025-01-22,600846,同济科技,0.046733126
4564,2025-01-24,300480,光力科技,0.046716306
4565,2025-01-24,2952,亚世光电,0.046714544
4566,2025-01-22,300429,强力新材,0.046714004
4567,2025-01-23,601117,中国化学,0.04670066
4568,2025-01-24,600606,绿地控股,0.046696834
4569,2025-01-22,601058,赛轮轮胎,0.04668593
4570,2025-01-24,603589,口子窖,0.046684325
4571,2025-01-23,300006,莱美药业,0.046680853
4572,2025-01-23,300092,科新机电,0.046655655
4573,2025-01-23,2174,游族网络,0.046642568
4574,2025-01-23,300780,德恩精工,0.046633765
4575,2025-01-23,601717,郑煤机,0.046629306
4576,2025-01-23,300196,长海股份,0.046604414
4577,2025-01-22,301519,舜禹股份,0.046595044
4578,2025-01-23,688595,芯海科技,0.046578035
4579,2025-01-24,603052,可川科技,0.0465755
4580,2025-01-22,300850,新强联,0.04655669
4581,2025-01-22,300621,维业股份,0.04654292
4582,2025-01-23,2657,中科金财,0.046540894
4583,2025-01-24,603880,南卫股份,0.04653416
4584,2025-01-23,300683,海特生物,0.046525598
4585,2025-01-23,792,盐湖股份,0.046523914
4586,2025-01-22,688369,致远互联,0.04650957
4587,2025-01-22,600151,航天机电,0.046507888
4588,2025-01-24,2312,川发龙蟒,0.04650414
4589,2025-01-24,301329,信音电子,0.04650145
4590,2025-01-24,2565,顺灏股份,0.046501435
4591,2025-01-23,600606,绿地控股,0.046492096
4592,2025-01-24,688395,正弦电气,0.046483103
4593,2025-01-24,600917,重庆燃气,0.046483047
4594,2025-01-24,601016,节能风电,0.046481762
4595,2025-01-22,603375,盛景微,0.046472136
4596,2025-01-23,600217,中再资环,0.046434257
4597,2025-01-22,300578,会畅通讯,0.046431106
4598,2025-01-23,300187,永清环保,0.04640126
4599,2025-01-24,301356,天振股份,0.046397544
4600,2025-01-24,688130,晶华微,0.04638662
4601,2025-01-24,300606,金太阳,0.046377286
4602,2025-01-24,600150,中国船舶,0.04636717
4603,2025-01-22,300073,当升科技,0.046357654
4604,2025-01-23,601860,紫金银行,0.04635724
4605,2025-01-24,688108,赛诺医疗,0.04635168
4606,2025-01-23,688,国城矿业,0.046344925
4607,2025-01-24,600288,大恒科技,0.046338513
4608,2025-01-23,1914,招商积余,0.046337403
4609,2025-01-24,300756,金马游乐,0.046333402
4610,2025-01-24,601059,信达证券,0.046330407
4611,2025-01-24,603488,展鹏科技,0.046327814
4612,2025-01-23,2314,南山控股,0.04632588
4613,2025-01-23,2786,银宝山新,0.04631937
4614,2025-01-23,688496,清越科技,0.046312004
4615,2025-01-22,600737,中粮糖业,0.04630929
4616,2025-01-24,2391,长青股份,0.04630483
4617,2025-01-24,601963,重庆银行,0.046296865
4618,2025-01-23,783,长江证券,0.046289757
4619,2025-01-23,600155,华创云信,0.046282463
4620,2025-01-24,603579,荣泰健康,0.046278104
4621,2025-01-24,2995,天地在线,0.046239372
4622,2025-01-23,688750,金天钛业,0.046238698
4623,2025-01-22,517,荣安地产,0.04623735
4624,2025-01-23,301312,智立方,0.0462344
4625,2025-01-23,600651,飞乐音响,0.046223946
4626,2025-01-24,688171,纬德信息,0.046214696
4627,2025-01-22,603958,哈森股份,0.046211757
4628,2025-01-24,688129,东来技术,0.046210855
4629,2025-01-22,603207,小方制药,0.046209805
4630,2025-01-23,603976,正川股份,0.0462062
4631,2025-01-23,600917,重庆燃气,0.046200432
4632,2025-01-22,2159,三特索道,0.046176966
4633,2025-01-22,603703,盛洋科技,0.04617632
4634,2025-01-23,601225,陕西煤业,0.046170127
4635,2025-01-24,2084,海鸥住工,0.04615346
4636,2025-01-24,688515,裕太微-U,0.046152223
4637,2025-01-23,300599,雄塑科技,0.046138607
4638,2025-01-24,603206,嘉环科技,0.046136566
4639,2025-01-24,600620,天宸股份,0.04612659
4640,2025-01-22,300479,神思电子,0.04611722
4641,2025-01-23,300485,赛升药业,0.04611338
4642,2025-01-24,300868,杰美特,0.046101328
4643,2025-01-23,2038,双鹭药业,0.04609858
4644,2025-01-23,688639,华恒生物,0.046098083
4645,2025-01-24,688063,派能科技,0.046097636
4646,2025-01-23,600590,泰豪科技,0.04609406
4647,2025-01-24,300119,瑞普生物,0.046084892
4648,2025-01-24,301586,佳力奇,0.046072528
4649,2025-01-22,603139,康惠制药,0.046061717
4650,2025-01-23,300971,博亚精工,0.046060637
4651,2025-01-23,600340,华夏幸福,0.046059012
4652,2025-01-22,601607,上海医药,0.046044603
4653,2025-01-24,300027,华谊兄弟,0.046037916
4654,2025-01-24,688353,华盛锂电,0.046037793
4655,2025-01-23,663,永安林业,0.04603573
4656,2025-01-23,300238,冠昊生物,0.046034504
4657,2025-01-22,603880,南卫股份,0.046027284
4658,2025-01-23,601898,中煤能源,0.046025686
4659,2025-01-23,300055,万邦达,0.04601779
4660,2025-01-23,300468,四方精创,0.045998923
4661,2025-01-23,300865,大宏立,0.045993857
4662,2025-01-23,600088,中视传媒,0.0459907
4663,2025-01-23,301387,光大同创,0.04598976
4664,2025-01-22,601866,中远海发,0.04598301
4665,2025-01-24,603107,上海汽配,0.0459641
4666,2025-01-23,688292,浩瀚深度,0.04595466
4667,2025-01-23,601991,大唐发电,0.04595393
4668,2025-01-24,2741,光华科技,0.045953088
4669,2025-01-24,2996,顺博合金,0.045952834
4670,2025-01-23,603232,格尔软件,0.045952592
4671,2025-01-23,688710,益诺思,0.045948185
4672,2025-01-22,300219,鸿利智汇,0.045940373
4673,2025-01-22,688298,东方生物,0.045938753
4674,2025-01-22,603727,博迈科,0.045934632
4675,2025-01-24,2382,蓝帆医疗,0.04593334
4676,2025-01-24,2332,仙琚制药,0.04592732
4677,2025-01-22,603008,喜临门,0.045926712
4678,2025-01-22,688385,复旦微电,0.045924466
4679,2025-01-24,300018,中元股份,0.045923766
4680,2025-01-24,301611,珂玛科技,0.045919776
4681,2025-01-23,600894,广日股份,0.045914907
4682,2025-01-24,603856,东宏股份,0.045914732
4683,2025-01-22,688030,山石网科,0.045908704
4684,2025-01-24,601058,赛轮轮胎,0.045904856
4685,2025-01-23,300355,蒙草生态,0.04589905
4686,2025-01-23,603083,剑桥科技,0.04589185
4687,2025-01-22,600791,京能置业,0.045882165
4688,2025-01-24,627,天茂集团,0.0458767
4689,2025-01-24,600027,华电国际,0.045876645
4690,2025-01-23,600512,腾达建设,0.04587163
4691,2025-01-24,603207,小方制药,0.045833778
4692,2025-01-24,301372,科净源,0.04582914
4693,2025-01-23,2232,启明信息,0.04582907
4694,2025-01-23,300003,乐普医疗,0.045828767
4695,2025-01-24,603938,三孚股份,0.04581767
4696,2025-01-22,601318,中国平安,0.04581323
4697,2025-01-24,601398,工商银行,0.045812823
4698,2025-01-24,301008,宏昌科技,0.04580541
4699,2025-01-23,300500,启迪设计,0.045787185
4700,2025-01-22,2853,皮阿诺,0.04578398
4701,2025-01-24,601808,中海油服,0.045783605
4702,2025-01-24,2095,生 意 宝,0.045782484
4703,2025-01-22,2321,华英农业,0.04578224
4704,2025-01-22,2547,春兴精工,0.04577823
4705,2025-01-22,688012,中微公司,0.04575775
4706,2025-01-23,600956,新天绿能,0.04574883
4707,2025-01-23,600545,卓郎智能,0.045726817
4708,2025-01-22,2716,湖南白银,0.045709334
4709,2025-01-24,2482,广田集团,0.045703854
4710,2025-01-24,2662,京威股份,0.04569136
4711,2025-01-24,300866,安克创新,0.045680214
4712,2025-01-23,688366,昊海生科,0.04567585
4713,2025-01-23,688318,财富趋势,0.045643035
4714,2025-01-23,2479,富春环保,0.045624584
4715,2025-01-22,2263,大东南,0.04560932
4716,2025-01-23,2551,尚荣医疗,0.04560513
4717,2025-01-22,688683,莱尔科技,0.045605034
4718,2025-01-22,301585,蓝宇股份,0.04560059
4719,2025-01-24,2264,新 华 都,0.045595605
4720,2025-01-23,300561,汇金科技,0.045592666
4721,2025-01-24,301206,三元生物,0.045590885
4722,2025-01-22,300070,碧水源,0.045575272
4723,2025-01-24,603980,吉华集团,0.045568533
4724,2025-01-23,2064,华峰化学,0.045552507
4725,2025-01-23,600587,新华医疗,0.045552183
4726,2025-01-23,603127,昭衍新药,0.04555176
4727,2025-01-24,300716,泉为科技,0.04554845
4728,2025-01-24,603191,望变电气,0.045530997
4729,2025-01-24,605499,东鹏饮料,0.045523528
4730,2025-01-23,603310,巍华新材,0.04549938
4731,2025-01-22,301201,诚达药业,0.04548746
4732,2025-01-22,300879,大叶股份,0.04547573
4733,2025-01-22,1323,慕思股份,0.045455746
4734,2025-01-22,1379,腾达科技,0.045443162
4735,2025-01-23,927,中国铁物,0.04543995
4736,2025-01-24,300978,东箭科技,0.045418244
4737,2025-01-24,601033,永兴股份,0.045373473
4738,2025-01-24,600148,长春一东,0.045367677
4739,2025-01-22,688031,星环科技-U,0.04536213
4740,2025-01-23,688163,赛伦生物,0.04534647
4741,2025-01-23,300716,泉为科技,0.045322012
4742,2025-01-23,605168,三人行,0.045297474
4743,2025-01-24,600619,海立股份,0.04527932
4744,2025-01-22,688327,云从科技-UW,0.045264438
4745,2025-01-24,688496,清越科技,0.045253847
4746,2025-01-22,2996,顺博合金,0.045250796
4747,2025-01-23,300722,新余国科,0.04524743
4748,2025-01-24,688023,安恒信息,0.04523986
4749,2025-01-23,300792,壹网壹创,0.045239426
4750,2025-01-24,603936,博敏电子,0.04523683
4751,2025-01-23,300895,铜牛信息,0.04522923
4752,2025-01-24,2221,东华能源,0.04522417
4753,2025-01-22,688065,凯赛生物,0.04520957
4754,2025-01-24,301309,万得凯,0.045204923
4755,2025-01-22,600192,长城电工,0.04520425
4756,2025-01-24,603801,志邦家居,0.04519502
4757,2025-01-23,605028,世茂能源,0.04517622
4758,2025-01-22,11,深物业A,0.045168094
4759,2025-01-22,2248,华东数控,0.045166224
4760,2025-01-22,688396,华润微,0.045163456
4761,2025-01-23,2043,兔 宝 宝,0.045140386
4762,2025-01-22,688567,孚能科技,0.045131087
4763,2025-01-22,300484,蓝海华腾,0.045130186
4764,2025-01-23,688310,迈得医疗,0.045126498
4765,2025-01-23,623,吉林敖东,0.045117743
4766,2025-01-22,300855,图南股份,0.04510784
4767,2025-01-23,100,TCL科技,0.04509943
4768,2025-01-23,600526,菲达环保,0.045096863
4769,2025-01-24,301348,蓝箭电子,0.045094177
4770,2025-01-22,301198,喜悦智行,0.04509415
4771,2025-01-24,2669,康达新材,0.04509121
4772,2025-01-23,600377,宁沪高速,0.045087464
4773,2025-01-24,2361,神剑股份,0.04508442
4774,2025-01-24,601098,中南传媒,0.04508204
4775,2025-01-23,605060,联德股份,0.04506389
4776,2025-01-23,300839,博汇股份,0.04505626
4777,2025-01-23,600256,广汇能源,0.04505399
4778,2025-01-24,605298,必得科技,0.04505219
4779,2025-01-24,688238,和元生物,0.045035508
4780,2025-01-24,600858,银座股份,0.04503297
4781,2025-01-24,300222,科大智能,0.045026664
4782,2025-01-22,603938,三孚股份,0.045025006
4783,2025-01-23,2685,华东重机,0.0450051
4784,2025-01-22,2978,安宁股份,0.04499127
4785,2025-01-24,688455,科捷智能,0.044988673
4786,2025-01-23,301446,福事特,0.04498788
4787,2025-01-13,972,中基健康,0.04498043
4788,2025-01-23,300968,格林精密,0.044971928
4789,2025-01-23,603070,万控智造,0.04495768
4790,2025-01-22,300027,华谊兄弟,0.04494894
4791,2025-01-24,300138,晨光生物,0.04493815
4792,2025-01-24,2188,中天服务,0.044917867
4793,2025-01-22,688315,诺禾致源,0.04491272
4794,2025-01-23,688066,航天宏图,0.044904884
4795,2025-01-23,605,渤海股份,0.044902395
4796,2025-01-22,300358,楚天科技,0.04490008
4797,2025-01-22,603123,翠微股份,0.044899594
4798,2025-01-23,603266,天龙股份,0.044887103
4799,2025-01-24,603399,永杉锂业,0.044859294
4800,2025-01-22,603190,亚通精工,0.044851415
4801,2025-01-24,300759,康龙化成,0.044828214
4802,2025-01-24,688007,光峰科技,0.044825993
4803,2025-01-24,600008,首创环保,0.044825092
4804,2025-01-23,688055,龙腾光电,0.04482003
4805,2025-01-24,605028,世茂能源,0.044814974
4806,2025-01-23,600058,五矿发展,0.04481135
4807,2025-01-24,600313,农发种业,0.044804018
4808,2025-01-23,1227,兰州银行,0.044801828
4809,2025-01-22,895,双汇发展,0.044784367
4810,2025-01-24,603181,皇马科技,0.04476875
4811,2025-01-23,600769,祥龙电业,0.044766776
4812,2025-01-23,601188,龙江交通,0.044765927
4813,2025-01-22,2084,海鸥住工,0.044761866
4814,2025-01-24,300353,东土科技,0.04475332
4815,2025-01-24,600583,海油工程,0.044751067
4816,2025-01-23,2041,登海种业,0.044748224
4817,2025-01-24,300006,莱美药业,0.04474079
4818,2025-01-24,603313,梦百合,0.044740677
4819,2025-01-24,300126,锐奇股份,0.044739403
4820,2025-01-24,300747,锐科激光,0.044736493
4821,2025-01-24,923,河钢资源,0.044728503
4822,2025-01-24,301421,波长光电,0.044724807
4823,2025-01-22,688299,长阳科技,0.04470937
4824,2025-01-24,605303,园林股份,0.0446999
4825,2025-01-24,2785,万里石,0.044694588
4826,2025-01-24,62,深圳华强,0.044693094
4827,2025-01-23,1337,四川黄金,0.044683706
4828,2025-01-24,603778,国晟科技,0.044679668
4829,2025-01-23,600018,上港集团,0.044675685
4830,2025-01-24,722,湖南发展,0.04467349
4831,2025-01-23,603629,利通电子,0.044668496
4832,2025-01-22,603711,香飘飘,0.04466309
4833,2025-01-22,426,兴业银锡,0.044655144
4834,2025-01-22,2314,南山控股,0.044650525
4835,2025-01-22,2786,银宝山新,0.0446429
4836,2025-01-22,768,中航西飞,0.04464241
4837,2025-01-24,300332,天壕能源,0.044634745
4838,2025-01-23,688069,德林海,0.044622246
4839,2025-01-24,688613,奥精医疗,0.044618584
4840,2025-01-22,300405,科隆股份,0.044616103
4841,2025-01-23,301256,华融化学,0.044599712
4842,2025-01-23,2296,辉煌科技,0.04459212
4843,2025-01-23,300579,数字认证,0.044590756
4844,2025-01-24,688793,倍轻松,0.044586126
4845,2025-01-24,2990,盛视科技,0.044582997
4846,2025-01-24,300092,科新机电,0.044581816
4847,2025-01-23,3011,海象新材,0.044576224
4848,2025-01-22,601717,郑煤机,0.04456838
4849,2025-01-24,2044,美年健康,0.044566
4850,2025-01-22,829,天音控股,0.044544086
4851,2025-01-23,301060,兰卫医学,0.044534512
4852,2025-01-23,1296,长江材料,0.04450892
4853,2025-01-23,300663,科蓝软件,0.04450503
4854,2025-01-22,301281,科源制药,0.044501893
4855,2025-01-24,600182,S佳通,0.044499785
4856,2025-01-23,688096,京源环保,0.044489525
4857,2025-01-22,301306,西测测试,0.044484384
4858,2025-01-23,301021,英诺激光,0.04448421
4859,2025-01-22,600736,苏州高新,0.04447743
4860,2025-01-23,301237,和顺科技,0.04447596
4861,2025-01-22,688190,云路股份,0.04445528
4862,2025-01-22,600346,恒力石化,0.044451736
4863,2025-01-24,2976,瑞玛精密,0.044451028
4864,2025-01-22,603955,大千生态,0.044450805
4865,2025-01-23,603137,恒尚节能,0.044449892
4866,2025-01-24,300707,威唐工业,0.044443198
4867,2025-01-22,300175,朗源股份,0.04443294
4868,2025-01-23,600941,中国移动,0.04443118
4869,2025-01-24,603229,奥翔药业,0.044418026
4870,2025-01-22,688772,珠海冠宇,0.044397414
4871,2025-01-24,2595,豪迈科技,0.04439573
4872,2025-01-23,688528,秦川物联,0.044391558
4873,2025-01-23,300961,深水海纳,0.044389345
4874,2025-01-24,600613,神奇制药,0.04438608
4875,2025-01-24,301312,智立方,0.044376317
4876,2025-01-22,2590,万安科技,0.044375315
4877,2025-01-23,603181,皇马科技,0.04436326
4878,2025-01-24,300538,同益股份,0.04436243
4879,2025-01-24,301387,光大同创,0.04434664
4880,2025-01-22,688201,信安世纪,0.044328168
4881,2025-01-22,301141,中科磁业,0.04432653
4882,2025-01-24,300736,百邦科技,0.044323865
4883,2025-01-22,2326,永太科技,0.0443228
4884,2025-01-22,605001,威奥股份,0.044322096
4885,2025-01-22,639,西王食品,0.044311322
4886,2025-01-23,688626,翔宇医疗,0.044309624
4887,2025-01-24,2385,大北农,0.044303156
4888,2025-01-24,90,天健集团,0.044295307
4889,2025-01-22,603082,北自科技,0.044291392
4890,2025-01-23,546,金圆股份,0.044282682
4891,2025-01-23,300093,金刚光伏,0.044266835
4892,2025-01-22,2668,TCL智家,0.044261515
4893,2025-01-23,300617,安靠智电,0.044255104
4894,2025-01-22,2157,正邦科技,0.04425449
4895,2025-01-24,600123,兰花科创,0.044251427
4896,2025-01-23,600983,惠而浦,0.044251427
4897,2025-01-24,2156,通富微电,0.04424568
4898,2025-01-23,601888,中国中免,0.044242542
4899,2025-01-22,600055,万东医疗,0.0442332
4900,2025-01-23,600519,贵州茅台,0.04422992
4901,2025-01-22,603132,金徽股份,0.044210635
4902,2025-01-22,300772,运达股份,0.04419641
4903,2025-01-22,2946,新乳业,0.044184916
4904,2025-01-23,301298,东利机械,0.044178866
4905,2025-01-24,688550,瑞联新材,0.044169262
4906,2025-01-22,1308,康冠科技,0.04416918
4907,2025-01-24,601989,中国重工,0.04416221
4908,2025-01-23,300818,耐普矿机,0.04415698
4909,2025-01-22,858,五 粮 液,0.044145115
4910,2025-01-23,600363,联创光电,0.044134323
4911,2025-01-24,151,中成股份,0.044125658
4912,2025-01-24,600475,华光环能,0.044103026
4913,2025-01-24,45,深纺织Ａ,0.04409522
4914,2025-01-22,300935,盈建科,0.044089343
4915,2025-01-23,600148,长春一东,0.04408648
4916,2025-01-22,2037,保利联合,0.04408145
4917,2025-01-24,610,西安旅游,0.04407939
4918,2025-01-23,301089,拓新药业,0.044076182
4919,2025-01-23,601006,大秦铁路,0.044075415
4920,2025-01-22,688602,康鹏科技,0.04407365
4921,2025-01-22,983,山西焦煤,0.04406771
4922,2025-01-24,2709,天赐材料,0.044054575
4923,2025-01-23,3031,中瓷电子,0.04404514
4924,2025-01-24,300037,新宙邦,0.0439769
4925,2025-01-23,625,长安汽车,0.043948896
4926,2025-01-23,600773,西藏城投,0.043938022
4927,2025-01-22,601665,齐鲁银行,0.043930907
4928,2025-01-24,600167,联美控股,0.043929357
4929,2025-01-23,605398,新炬网络,0.043925393
4930,2025-01-23,300230,永利股份,0.043920957
4931,2025-01-22,601118,海南橡胶,0.043917883
4932,2025-01-24,1378,德冠新材,0.043915413
4933,2025-01-22,301538,骏鼎达,0.04391454
4934,2025-01-24,688567,孚能科技,0.043901943
4935,2025-01-22,2530,金财互联,0.04389593
4936,2025-01-23,600151,航天机电,0.04389344
4937,2025-01-22,601988,中国银行,0.04389067
4938,2025-01-24,605123,派克新材,0.043863997
4939,2025-01-23,2061,浙江交科,0.04385314
4940,2025-01-24,600863,内蒙华电,0.043848917
4941,2025-01-22,600258,首旅酒店,0.04384888
4942,2025-01-23,600218,全柴动力,0.043845948
4943,2025-01-23,2234,民和股份,0.043834157
4944,2025-01-23,600061,国投资本,0.043833952
4945,2025-01-23,300015,爱尔眼科,0.043828323
4946,2025-01-24,539,粤电力Ａ,0.04382644
4947,2025-01-23,600490,鹏欣资源,0.043825503
4948,2025-01-23,2084,海鸥住工,0.043820646
4949,2025-01-22,2208,合肥城建,0.043820534
4950,2025-01-23,301305,朗坤环境,0.043799315
4951,2025-01-23,603876,鼎胜新材,0.043793194
4952,2025-01-23,2865,钧达股份,0.04379101
4953,2025-01-24,997,新 大 陆,0.043786712
4954,2025-01-22,601618,中国中冶,0.04377166
4955,2025-01-24,2045,国光电器,0.043768533
4956,2025-01-23,2678,珠江钢琴,0.043767277
4957,2025-01-23,2240,盛新锂能,0.04376388
4958,2025-01-23,498,山东路桥,0.043759745
4959,2025-01-23,605050,福然德,0.04375257
4960,2025-01-22,603833,欧派家居,0.043742675
4961,2025-01-22,850,华茂股份,0.043728583
4962,2025-01-24,677,恒天海龙,0.043725487
4963,2025-01-23,300614,百川畅银,0.043721184
4964,2025-01-24,301181,标榜股份,0.043718472
4965,2025-01-24,601886,江河集团,0.04371184
4966,2025-01-22,300199,翰宇药业,0.043698534
4967,2025-01-24,301238,瑞泰新材,0.04369523
4968,2025-01-22,300750,宁德时代,0.043693516
4969,2025-01-24,600874,创业环保,0.043686505
4970,2025-01-22,2524,光正眼科,0.043686237
4971,2025-01-22,300903,科翔股份,0.043684676
4972,2025-01-23,605016,百龙创园,0.04367984
4973,2025-01-22,605168,三人行,0.04367745
4974,2025-01-22,300331,苏大维格,0.043673024
4975,2025-01-22,688035,德邦科技,0.043666627
4976,2025-01-24,2793,罗欣药业,0.043657795
4977,2025-01-24,601020,华钰矿业,0.043644987
4978,2025-01-23,688603,天承科技,0.043643042
4979,2025-01-23,601669,中国电建,0.043620273
4980,2025-01-22,3042,中农联合,0.043617647
4981,2025-01-23,2587,奥拓电子,0.043615993
4982,2025-01-22,2121,科陆电子,0.043613955
4983,2025-01-23,3035,南网能源,0.043606836
4984,2025-01-23,688602,康鹏科技,0.043602828
4985,2025-01-22,300265,通光线缆,0.043600142
4986,2025-01-23,603291,联合水务,0.04359702
4987,2025-01-24,688057,金达莱,0.04358696
4988,2025-01-23,601901,方正证券,0.04358507
4989,2025-01-22,300146,汤臣倍健,0.04357181
4990,2025-01-23,712,锦龙股份,0.04356391
4991,2025-01-23,600200,江苏吴中,0.043555394
4992,2025-01-24,688270,臻镭科技,0.0435542
4993,2025-01-24,2507,涪陵榨菜,0.043549072
4994,2025-01-24,876,新 希 望,0.043545954
4995,2025-01-23,600725,云维股份,0.043540765
4996,2025-01-22,600894,广日股份,0.043540217
4997,2025-01-23,601333,广深铁路,0.04353581
4998,2025-01-24,2772,众兴菌业,0.04353068
4999,2025-01-22,603515,欧普照明,0.043524444
5000,2025-01-23,600063,皖维高新,0.043521307
5001,2025-01-24,300073,当升科技,0.04351824
5002,2025-01-24,600789,鲁抗医药,0.043508455
5003,2025-01-22,600162,香江控股,0.04350461
5004,2025-01-23,601139,深圳燃气,0.04350381
5005,2025-01-23,600663,陆家嘴,0.043498456
5006,2025-01-23,917,电广传媒,0.04349079
5007,2025-01-23,2045,国光电器,0.04347696
5008,2025-01-22,600753,庚星股份,0.043463454
5009,2025-01-24,1258,立新能源,0.043457806
5010,2025-01-24,601005,重庆钢铁,0.043451287
5011,2025-01-23,2375,亚厦股份,0.04344306
5012,2025-01-24,751,锌业股份,0.043442905
5013,2025-01-24,2297,博云新材,0.043430332
5014,2025-01-22,688625,呈和科技,0.0434275
5015,2025-01-23,2739,万达电影,0.043418
5016,2025-01-23,301183,东田微,0.043416485
5017,2025-01-24,600276,恒瑞医药,0.043403156
5018,2025-01-24,688032,禾迈股份,0.043389257
5019,2025-01-24,600495,晋西车轴,0.043388244
5020,2025-01-24,688122,西部超导,0.043375086
5021,2025-01-23,605196,华通线缆,0.043369684
5022,2025-01-24,565,渝三峡Ａ,0.04336358
5023,2025-01-23,300348,长亮科技,0.043359026
5024,2025-01-24,300771,智莱科技,0.04335829
5025,2025-01-24,301197,工大科雅,0.043351874
5026,2025-01-24,600177,雅戈尔,0.04335065
5027,2025-01-22,603518,锦泓集团,0.04335062
5028,2025-01-23,301219,腾远钴业,0.04334662
5029,2025-01-23,688030,山石网科,0.043341268
5030,2025-01-24,2824,和胜股份,0.043338843
5031,2025-01-24,301015,百洋医药,0.04333693
5032,2025-01-22,600184,光电股份,0.04333404
5033,2025-01-24,69,华侨城Ａ,0.043333407
5034,2025-01-24,600775,南京熊猫,0.043319277
5035,2025-01-23,799,酒鬼酒,0.043316223
5036,2025-01-22,965,天保基建,0.04331018
5037,2025-01-24,2235,安妮股份,0.043294508
5038,2025-01-24,600016,民生银行,0.04329022
5039,2025-01-22,603606,东方电缆,0.043288603
5040,2025-01-22,603866,桃李面包,0.04327333
5041,2025-01-22,301327,华宝新能,0.043265875
5042,2025-01-23,301198,喜悦智行,0.04325454
5043,2025-01-24,600363,联创光电,0.0432472
5044,2025-01-22,601002,晋亿实业,0.04324617
5045,2025-01-24,688098,申联生物,0.04320258
5046,2025-01-24,300055,万邦达,0.043196112
5047,2025-01-24,2589,瑞康医药,0.043193404
5048,2025-01-23,900,现代投资,0.04318724
5049,2025-01-22,2728,特一药业,0.043181494
5050,2025-01-24,603926,铁流股份,0.04317469
5051,2025-01-24,2314,南山控股,0.04317394
5052,2025-01-24,2039,黔源电力,0.043162916
5053,2025-01-23,603912,佳力图,0.04315886
5054,2025-01-24,601595,上海电影,0.043157604
5055,2025-01-23,301012,扬电科技,0.043156315
5056,2025-01-23,2946,新乳业,0.04314652
5057,2025-01-23,2510,天汽模,0.04313443
5058,2025-01-23,605003,众望布艺,0.043125518
5059,2025-01-24,601127,赛力斯,0.043124206
5060,2025-01-24,600770,综艺股份,0.043112855
5061,2025-01-24,300498,温氏股份,0.04310759
5062,2025-01-22,2183,怡 亚 通,0.043106113
5063,2025-01-23,300803,指南针,0.043103084
5064,2025-01-24,625,长安汽车,0.043101553
5065,2025-01-22,2232,启明信息,0.043082885
5066,2025-01-23,688558,国盛智科,0.04307721
5067,2025-01-23,2952,亚世光电,0.043071307
5068,2025-01-24,603278,大业股份,0.043061957
5069,2025-01-24,688158,优刻得-W,0.043042347
5070,2025-01-22,300480,光力科技,0.04300824
5071,2025-01-22,2749,国光股份,0.043002408
5072,2025-01-22,300094,国联水产,0.04299672
5073,2025-01-22,2088,鲁阳节能,0.042983085
5074,2025-01-24,605388,均瑶健康,0.04297648
5075,2025-01-24,600023,浙能电力,0.04296708
5076,2025-01-24,2587,奥拓电子,0.04296425
5077,2025-01-22,2587,奥拓电子,0.04295686
5078,2025-01-23,300624,万兴科技,0.04295642
5079,2025-01-23,300699,光威复材,0.042940687
5080,2025-01-24,300740,水羊股份,0.042937603
5081,2025-01-22,601068,中铝国际,0.042923305
5082,2025-01-24,425,徐工机械,0.042921107
5083,2025-01-23,600918,中泰证券,0.042920746
5084,2025-01-24,603578,三星新材,0.042913936
5085,2025-01-24,676,智度股份,0.04290862
5086,2025-01-22,600501,航天晨光,0.04289124
5087,2025-01-23,688170,德龙激光,0.04288334
5088,2025-01-23,301033,迈普医学,0.042883303
5089,2025-01-24,688035,德邦科技,0.042876627
5090,2025-01-24,600692,亚通股份,0.042838257
5091,2025-01-23,600336,澳柯玛,0.04283803
5092,2025-01-23,600118,中国卫星,0.042826716
5093,2025-01-24,301103,何氏眼科,0.04282488
5094,2025-01-22,600343,航天动力,0.04282236
5095,2025-01-23,2164,宁波东力,0.04281068
5096,2025-01-24,603859,能科科技,0.042795435
5097,2025-01-24,301307,美利信,0.04279036
5098,2025-01-24,2183,怡 亚 通,0.042774983
5099,2025-01-24,2673,西部证券,0.04276859
5100,2025-01-22,603087,甘李药业,0.042767853
5101,2025-01-24,300662,科锐国际,0.042761736
5102,2025-01-23,600704,物产中大,0.04275691
5103,2025-01-22,600373,中文传媒,0.042754605
5104,2025-01-23,600100,同方股份,0.042746376
5105,2025-01-22,2574,明牌珠宝,0.042745087
5106,2025-01-23,2313,日海智能,0.042744547
5107,2025-01-23,3042,中农联合,0.042740736
5108,2025-01-24,2554,惠博普,0.04273846
5109,2025-01-23,688121,卓然股份,0.042735964
5110,2025-01-23,2885,京泉华,0.042733707
5111,2025-01-23,300821,东岳硅材,0.042727016
5112,2025-01-22,2115,三维通信,0.0427202
5113,2025-01-22,926,福星股份,0.042715024
5114,2025-01-23,603712,七一二,0.042714585
5115,2025-01-24,300722,新余国科,0.042709883
5116,2025-01-23,688063,派能科技,0.04270877
5117,2025-01-22,601088,中国神华,0.04270165
5118,2025-01-22,2103,广博股份,0.04268022
5119,2025-01-24,601528,瑞丰银行,0.042673282
5120,2025-01-24,601366,利群股份,0.042670235
5121,2025-01-24,603110,东方材料,0.04267014
5122,2025-01-24,688333,铂力特,0.04266806
5123,2025-01-24,605183,确成股份,0.04265777
5124,2025-01-22,603026,石大胜华,0.042635538
5125,2025-01-24,3012,东鹏控股,0.042633604
5126,2025-01-24,300085,银之杰,0.042631373
5127,2025-01-24,301055,张小泉,0.042627994
5128,2025-01-22,300841,康华生物,0.042616937
5129,2025-01-24,301539,宏鑫科技,0.042615872
5130,2025-01-23,301176,逸豪新材,0.042614907
5131,2025-01-24,603444,吉比特,0.04258389
5132,2025-01-22,301248,杰创智能,0.042583168
5133,2025-01-24,600548,深高速,0.042575978
5134,2025-01-23,600259,广晟有色,0.042559538
5135,2025-01-24,2884,凌霄泵业,0.04255506
5136,2025-01-23,600212,绿能慧充,0.04255262
5137,2025-01-23,601908,京运通,0.042521477
5138,2025-01-23,601021,春秋航空,0.042517103
5139,2025-01-23,2818,富森美,0.042517066
5140,2025-01-24,2510,天汽模,0.042513475
5141,2025-01-24,300077,国民技术,0.042502657
5142,2025-01-24,301141,中科磁业,0.042501707
5143,2025-01-24,3010,若羽臣,0.04248982
5144,2025-01-23,300149,睿智医药,0.04248571
5145,2025-01-24,301499,维科精密,0.04248377
5146,2025-01-22,2818,富森美,0.042482305
5147,2025-01-22,600651,飞乐音响,0.042480525
5148,2025-01-22,688651,盛邦安全,0.04247628
5149,2025-01-24,2728,特一药业,0.04247574
5150,2025-01-23,603026,石大胜华,0.042474516
5151,2025-01-23,753,漳州发展,0.04247024
5152,2025-01-23,688117,圣诺生物,0.042466413
5153,2025-01-22,596,古井贡酒,0.042458806
5154,2025-01-24,300107,建新股份,0.042450324
5155,2025-01-24,301528,多浦乐,0.042446874
5156,2025-01-23,688004,博汇科技,0.04243897
5157,2025-01-23,2105,信隆健康,0.042435247
5158,2025-01-24,600530,交大昂立,0.042429473
5159,2025-01-24,1209,洪兴股份,0.04241812
5160,2025-01-22,300937,药易购,0.042402063
5161,2025-01-23,601016,节能风电,0.04238093
5162,2025-01-24,2009,天奇股份,0.042380605
5163,2025-01-23,300978,东箭科技,0.042374972
5164,2025-01-22,603335,迪生力,0.042374566
5165,2025-01-23,301489,思泉新材,0.042367842
5166,2025-01-24,1323,慕思股份,0.04236649
5167,2025-01-24,603205,健尔康,0.04235827
5168,2025-01-22,2471,中超控股,0.042356085
5169,2025-01-24,300185,通裕重工,0.042348698
5170,2025-01-24,688079,美迪凯,0.042345107
5171,2025-01-24,600558,大西洋,0.042342458
5172,2025-01-22,2372,伟星新材,0.042324692
5173,2025-01-24,27,深圳能源,0.042321105
5174,2025-01-23,2117,东港股份,0.04231217
5175,2025-01-24,301237,和顺科技,0.042310387
5176,2025-01-24,301303,真兰仪表,0.04229943
5177,2025-01-23,2297,博云新材,0.042290892
5178,2025-01-23,600834,申通地铁,0.042284478
5179,2025-01-24,300527,中船应急,0.042281993
5180,2025-01-23,688335,复洁环保,0.042281017
5181,2025-01-22,603806,福斯特,0.042270366
5182,2025-01-22,2397,梦洁股份,0.042269267
5183,2025-01-24,603239,浙江仙通,0.042267658
5184,2025-01-23,603233,大参林,0.042257283
5185,2025-01-23,603982,泉峰汽车,0.042239975
5186,2025-01-24,895,双汇发展,0.04223969
5187,2025-01-22,601606,长城军工,0.042231686
5188,2025-01-23,505,京粮控股,0.042225447
5189,2025-01-24,603011,合锻智能,0.042219806
5190,2025-01-24,301255,通力科技,0.042204604
5191,2025-01-22,600983,惠而浦,0.04219669
5192,2025-01-24,601066,中信建投,0.042194203
5193,2025-01-24,688051,佳华科技,0.042193927
5194,2025-01-23,2312,川发龙蟒,0.04218341
5195,2025-01-23,600909,华安证券,0.042181827
5196,2025-01-24,2339,积成电子,0.042164482
5197,2025-01-24,300729,乐歌股份,0.04215833
5198,2025-01-23,2432,九安医疗,0.04213186
5199,2025-01-22,688101,三达膜,0.04212807
5200,2025-01-22,301040,中环海陆,0.042119745
5201,2025-01-23,831,中国稀土,0.042117625
5202,2025-01-22,300664,鹏鹞环保,0.042106453
5203,2025-01-23,300017,网宿科技,0.04210601
5204,2025-01-22,605399,晨光新材,0.04209577
5205,2025-01-24,910,大亚圣象,0.042086244
5206,2025-01-24,601827,三峰环境,0.042077832
5207,2025-01-24,300979,华利集团,0.042065553
5208,2025-01-22,300026,红日药业,0.04206401
5209,2025-01-24,688629,华丰科技,0.04205953
5210,2025-01-24,688015,交控科技,0.0420371
5211,2025-01-23,558,莱茵体育,0.042035915
5212,2025-01-23,603359,东珠生态,0.04202409
5213,2025-01-23,301295,美硕科技,0.04202183
5214,2025-01-22,601187,厦门银行,0.042011514
5215,2025-01-24,300358,楚天科技,0.04201002
5216,2025-01-24,2294,信立泰,0.04200587
5217,2025-01-22,600163,中闽能源,0.04200367
5218,2025-01-23,601068,中铝国际,0.041991323
5219,2025-01-24,603359,东珠生态,0.04197681
5220,2025-01-23,2460,赣锋锂业,0.041973904
5221,2025-01-24,600166,福田汽车,0.041946463
5222,2025-01-22,600778,友好集团,0.04194365
5223,2025-01-23,688363,华熙生物,0.041942853
5224,2025-01-24,600038,中直股份,0.041915603
5225,2025-01-24,300145,中金环境,0.041905947
5226,2025-01-22,300668,杰恩设计,0.041899607
5227,2025-01-22,2421,达实智能,0.041897036
5228,2025-01-23,600408,安泰集团,0.041869562
5229,2025-01-23,688289,圣湘生物,0.0418687
5230,2025-01-22,600439,瑞贝卡,0.041859362
5231,2025-01-24,603456,九洲药业,0.04182628
5232,2025-01-24,35,中国天楹,0.041824177
5233,2025-01-24,2608,江苏国信,0.041820668
5234,2025-01-23,301111,粤万年青,0.04181104
5235,2025-01-23,300769,德方纳米,0.041808315
5236,2025-01-23,539,粤电力Ａ,0.04180807
5237,2025-01-24,600959,江苏有线,0.041807003
5238,2025-01-24,688068,热景生物,0.04178848
5239,2025-01-22,300629,新劲刚,0.04176373
5240,2025-01-22,600436,片仔癀,0.041757815
5241,2025-01-23,688659,元琛科技,0.041756466
5242,2025-01-22,600882,妙可蓝多,0.04175096
5243,2025-01-23,978,桂林旅游,0.04174679
5244,2025-01-22,688129,东来技术,0.041730415
5245,2025-01-23,300416,苏试试验,0.041714944
5246,2025-01-22,300093,金刚光伏,0.041711826
5247,2025-01-23,570,苏常柴Ａ,0.04171072
5248,2025-01-23,603324,盛剑科技,0.0417095
5249,2025-01-24,2353,杰瑞股份,0.04170407
5250,2025-01-24,300500,启迪设计,0.04169906
5251,2025-01-24,603090,宏盛股份,0.041696873
5252,2025-01-24,300270,中威电子,0.041692592
5253,2025-01-24,300318,博晖创新,0.041689843
5254,2025-01-22,300608,思特奇,0.041689407
5255,2025-01-22,300032,金龙机电,0.041664492
5256,2025-01-22,300699,光威复材,0.04166084
5257,2025-01-22,565,渝三峡Ａ,0.04165731
5258,2025-01-22,300288,朗玛信息,0.041655086
5259,2025-01-23,600281,华阳新材,0.04165344
5260,2025-01-24,2868,绿康生化,0.0416523
5261,2025-01-24,300822,贝仕达克,0.041633278
5262,2025-01-24,300074,华平股份,0.04163001
5263,2025-01-22,600467,好当家,0.041617814
5264,2025-01-24,300099,尤洛卡,0.0416088
5265,2025-01-22,910,大亚圣象,0.041605975
5266,2025-01-23,688391,钜泉科技,0.041584652
5267,2025-01-23,300220,金运激光,0.04158461
5268,2025-01-22,300916,朗特智能,0.041583817
5269,2025-01-24,300459,汤姆猫,0.041577976
5270,2025-01-23,2935,天奥电子,0.041573018
5271,2025-01-22,300723,一品红,0.04157195
5272,2025-01-24,2111,威海广泰,0.041570015
5273,2025-01-24,571,新大洲A,0.041565455
5274,2025-01-23,603229,奥翔药业,0.04156018
5275,2025-01-23,605167,利柏特,0.041558273
5276,2025-01-24,2173,创新医疗,0.041554574
5277,2025-01-22,300583,赛托生物,0.041543126
5278,2025-01-24,301363,美好医疗,0.041527253
5279,2025-01-24,600157,永泰能源,0.041524235
5280,2025-01-24,34,神州数码,0.04151371
5281,2025-01-23,603041,美思德,0.041505933
5282,2025-01-24,600219,南山铝业,0.04149133
5283,2025-01-24,2474,榕基软件,0.04147603
5284,2025-01-23,2839,张家港行,0.04146141
5285,2025-01-23,2120,韵达股份,0.041456267
5286,2025-01-22,603090,宏盛股份,0.041452043
5287,2025-01-23,688601,力芯微,0.041447256
5288,2025-01-23,2475,立讯精密,0.04144476
5289,2025-01-23,603383,顶点软件,0.04143618
5290,2025-01-24,1279,强邦新材,0.04143038
5291,2025-01-24,601618,中国中冶,0.04142529
5292,2025-01-24,2056,横店东磁,0.041417975
5293,2025-01-24,601136,首创证券,0.041416787
5294,2025-01-24,300434,金石亚药,0.04141106
5295,2025-01-23,688396,华润微,0.041409567
5296,2025-01-23,2858,力盛体育,0.04140804
5297,2025-01-23,600012,皖通高速,0.041395996
5298,2025-01-24,2441,众业达,0.0413817
5299,2025-01-24,601606,长城军工,0.041372903
5300,2025-01-24,301161,唯万密封,0.041366175
5301,2025-01-23,300852,四会富仕,0.041363705
5302,2025-01-22,301312,智立方,0.04136089
5303,2025-01-23,601108,财通证券,0.041335456
5304,2025-01-23,1268,联合精密,0.041328207
5305,2025-01-24,601006,大秦铁路,0.041326534
5306,2025-01-23,300788,中信出版,0.04132272
5307,2025-01-22,2688,金河生物,0.041319367
5308,2025-01-22,301392,汇成真空,0.04131657
5309,2025-01-22,2409,雅克科技,0.04131499
5310,2025-01-24,300199,翰宇药业,0.041309107
5311,2025-01-23,49,德赛电池,0.041299406
5312,2025-01-24,300605,恒锋信息,0.041294843
5313,2025-01-24,600704,物产中大,0.0412928
5314,2025-01-24,603281,江瀚新材,0.041287523
5315,2025-01-24,600779,水井坊,0.041281406
5316,2025-01-22,601008,连云港,0.041277424
5317,2025-01-24,600941,中国移动,0.041274738
5318,2025-01-24,2281,光迅科技,0.04126578
5319,2025-01-23,2588,史丹利,0.041258164
5320,2025-01-23,600575,淮河能源,0.041253928
5321,2025-01-22,2494,华斯股份,0.0412311
5322,2025-01-24,688163,赛伦生物,0.041231006
5323,2025-01-23,601919,中远海控,0.04122937
5324,2025-01-24,300219,鸿利智汇,0.04122772
5325,2025-01-23,600497,驰宏锌锗,0.04122273
5326,2025-01-22,300932,三友联众,0.041195486
5327,2025-01-22,688399,硕世生物,0.04118213
5328,2025-01-23,603779,威龙股份,0.041173685
5329,2025-01-23,601107,四川成渝,0.041167628
5330,2025-01-23,300592,华凯易佰,0.041166537
5331,2025-01-24,2519,银河电子,0.041155722
5332,2025-01-23,600269,赣粤高速,0.041152406
5333,2025-01-22,600855,航天长峰,0.041149907
5334,2025-01-23,2235,安妮股份,0.041149497
5335,2025-01-23,300639,凯普生物,0.04114744
5336,2025-01-22,600415,小商品城,0.041138038
5337,2025-01-22,2719,麦趣尔,0.041137073
5338,2025-01-24,301136,招标股份,0.041129563
5339,2025-01-23,600960,渤海汽车,0.041127034
5340,2025-01-23,572,海马汽车,0.04112386
5341,2025-01-24,2321,华英农业,0.041117728
5342,2025-01-24,897,津滨发展,0.041110795
5343,2025-01-24,661,长春高新,0.041109484
5344,2025-01-24,507,珠海港,0.041104246
5345,2025-01-22,901,航天科技,0.041099913
5346,2025-01-23,2401,中远海科,0.041099135
5347,2025-01-24,300494,盛天网络,0.041097224
5348,2025-01-22,300971,博亚精工,0.041088518
5349,2025-01-23,1308,康冠科技,0.041076064
5350,2025-01-23,600895,张江高科,0.04107188
5351,2025-01-23,600863,内蒙华电,0.04106052
5352,2025-01-22,601968,宝钢包装,0.04105322
5353,2025-01-24,300294,博雅生物,0.041043166
5354,2025-01-24,600705,中航产融,0.041040745
5355,2025-01-24,300468,四方精创,0.04103763
5356,2025-01-22,600104,上汽集团,0.041037552
5357,2025-01-24,600685,中船防务,0.04103376
5358,2025-01-23,2554,惠博普,0.04103092
5359,2025-01-24,892,欢瑞世纪,0.04102412
5360,2025-01-23,3010,若羽臣,0.04101594
5361,2025-01-24,2270,华明装备,0.04100974
5362,2025-01-22,300152,新动力,0.041001335
5363,2025-01-23,300131,英唐智控,0.040989764
5364,2025-01-22,300798,锦鸡股份,0.040989496
5365,2025-01-23,301515,港通医疗,0.040985335
5366,2025-01-24,600072,中船科技,0.040983353
5367,2025-01-24,603757,大元泵业,0.04097823
5368,2025-01-24,301230,泓博医药,0.040973224
5369,2025-01-23,301068,大地海洋,0.040970437
5370,2025-01-24,301277,新天地,0.040969405
5371,2025-01-24,619,海螺新材,0.040966406
5372,2025-01-23,601228,广州港,0.040966146
5373,2025-01-23,301223,中荣股份,0.040961873
5374,2025-01-22,688323,瑞华泰,0.040956765
5375,2025-01-24,2577,雷柏科技,0.040950425
5376,2025-01-23,605089,味知香,0.04094516
5377,2025-01-24,600901,江苏金租,0.04094231
5378,2025-01-23,600173,卧龙地产,0.040937614
5379,2025-01-24,600853,龙建股份,0.040924527
5380,2025-01-23,600717,天津港,0.040923916
5381,2025-01-23,777,中核科技,0.040920716
5382,2025-01-23,36,华联控股,0.04091605
5383,2025-01-22,767,晋控电力,0.040910225
5384,2025-01-22,300875,捷强装备,0.040899377
5385,2025-01-22,797,中国武夷,0.04089876
5386,2025-01-22,2108,沧州明珠,0.04088098
5387,2025-01-23,300621,维业股份,0.0408694
5388,2025-01-23,301137,哈焊华通,0.040861037
5389,2025-01-22,720,新能泰山,0.04085892
5390,2025-01-23,300363,博腾股份,0.040854674
5391,2025-01-22,2557,洽洽食品,0.040834285
5392,2025-01-24,600118,中国卫星,0.040829364
5393,2025-01-24,600884,杉杉股份,0.040827118
5394,2025-01-23,603318,水发燃气,0.040825088
5395,2025-01-23,2555,三七互娱,0.040822834
5396,2025-01-23,603897,长城科技,0.04082129
5397,2025-01-23,600483,福能股份,0.040819887
5398,2025-01-23,600163,中闽能源,0.040818036
5399,2025-01-24,2768,国恩股份,0.040811345
5400,2025-01-23,301517,陕西华达,0.040807538
5401,2025-01-22,688260,昀冢科技,0.040799107
5402,2025-01-24,2419,天虹股份,0.04079849
5403,2025-01-22,300775,三角防务,0.040797595
5404,2025-01-24,2545,东方铁塔,0.040779836
5405,2025-01-23,688395,正弦电气,0.040777303
5406,2025-01-23,603725,天安新材,0.040770207
5407,2025-01-24,2786,银宝山新,0.04076221
5408,2025-01-24,2017,东信和平,0.040760692
5409,2025-01-22,688090,瑞松科技,0.04076059
5410,2025-01-23,688009,中国通号,0.040742353
5411,2025-01-24,600584,长电科技,0.040736433
5412,2025-01-22,301622,英思特,0.04073386
5413,2025-01-23,600223,福瑞达,0.04071418
5414,2025-01-23,898,鞍钢股份,0.040713202
5415,2025-01-22,600928,西安银行,0.04071125
5416,2025-01-23,2321,华英农业,0.04070563
5417,2025-01-23,428,华天酒店,0.04069074
5418,2025-01-23,605588,冠石科技,0.040687498
5419,2025-01-23,688150,莱特光电,0.040678103
5420,2025-01-24,600736,苏州高新,0.040674694
5421,2025-01-24,2761,浙江建投,0.04067358
5422,2025-01-22,301001,凯淳股份,0.04067325
5423,2025-01-24,601991,大唐发电,0.040667642
5424,2025-01-22,300134,大富科技,0.04066649
5425,2025-01-23,601606,长城军工,0.040666442
5426,2025-01-24,688119,中钢洛耐,0.04065848
5427,2025-01-24,719,中原传媒,0.040657677
5428,2025-01-22,300329,海伦钢琴,0.04065646
5429,2025-01-23,603569,长久物流,0.040655427
5430,2025-01-23,2976,瑞玛精密,0.04065456
5431,2025-01-23,300245,天玑科技,0.040651456
5432,2025-01-23,2360,同德化工,0.04064825
5433,2025-01-23,300078,思创医惠,0.040647037
5434,2025-01-23,751,锌业股份,0.040642798
5435,2025-01-23,3816,中国广核,0.040628262
5436,2025-01-24,601952,苏垦农发,0.04061528
5437,2025-01-24,688630,芯碁微装,0.040607482
5438,2025-01-23,301252,同星科技,0.040596757
5439,2025-01-24,300135,宝利国际,0.040594913
5440,2025-01-23,603179,新泉股份,0.040590346
5441,2025-01-24,603866,桃李面包,0.040588465
5442,2025-01-24,2600,领益智造,0.04058548
5443,2025-01-23,300052,中青宝,0.040580556
5444,2025-01-23,688548,广钢气体,0.040579863
5445,2025-01-24,688298,东方生物,0.04057454
5446,2025-01-24,600546,山煤国际,0.040571466
5447,2025-01-24,300455,航天智装,0.040563747
5448,2025-01-24,601866,中远海发,0.04055997
5449,2025-01-22,603477,巨星农牧,0.040557876
5450,2025-01-22,2615,哈尔斯,0.04055458
5451,2025-01-24,2158,汉钟精机,0.040547468
5452,2025-01-24,600559,老白干酒,0.04054544
5453,2025-01-22,300406,九强生物,0.04054248
5454,2025-01-23,603206,嘉环科技,0.040529635
5455,2025-01-23,2382,蓝帆医疗,0.040525332
5456,2025-01-23,610,西安旅游,0.04052422
5457,2025-01-24,688268,华特气体,0.04051428
5458,2025-01-24,885,城发环境,0.04050499
5459,2025-01-23,300417,南华仪器,0.040483143
5460,2025-01-22,600178,东安动力,0.0404803
5461,2025-01-23,600543,莫高股份,0.040479876
5462,2025-01-22,600330,天通股份,0.040462878
5463,2025-01-22,958,电投产融,0.04044831
5464,2025-01-22,600785,新华百货,0.040447693
5465,2025-01-23,600166,福田汽车,0.040440742
5466,2025-01-24,592,平潭发展,0.040436246
5467,2025-01-22,601908,京运通,0.04042209
5468,2025-01-23,300140,节能环境,0.04041262
5469,2025-01-22,603580,艾艾精工,0.04041194
5470,2025-01-23,2156,通富微电,0.040410794
5471,2025-01-22,603488,展鹏科技,0.0404087
5472,2025-01-23,601789,宁波建工,0.040401347
5473,2025-01-24,300052,中青宝,0.040401306
5474,2025-01-24,301369,联动科技,0.040394604
5475,2025-01-23,605266,健之佳,0.040385485
5476,2025-01-24,603876,鼎胜新材,0.040381294
5477,2025-01-23,688101,三达膜,0.04038084
5478,2025-01-24,300402,宝色股份,0.04037515
5479,2025-01-24,601333,广深铁路,0.040369544
5480,2025-01-24,600319,亚星化学,0.040359985
5481,2025-01-23,600011,华能国际,0.04035922
5482,2025-01-23,600137,浪莎股份,0.040353578
5483,2025-01-22,301578,辰奕智能,0.040353116
5484,2025-01-22,600281,华阳新材,0.040350765
5485,2025-01-23,2663,普邦股份,0.040349197
5486,2025-01-23,301216,万凯新材,0.040342975
5487,2025-01-23,1373,翔腾新材,0.040342953
5488,2025-01-23,2868,绿康生化,0.04034294
5489,2025-01-23,300041,回天新材,0.040340386
5490,2025-01-23,600182,S佳通,0.040331274
5491,2025-01-24,637,茂化实华,0.04033098
5492,2025-01-23,600764,中国海防,0.04032747
5493,2025-01-24,2300,太阳电缆,0.04031139
5494,2025-01-24,601162,天风证券,0.04030614
5495,2025-01-23,688567,孚能科技,0.040304992
5496,2025-01-24,300930,屹通新材,0.040284455
5497,2025-01-24,753,漳州发展,0.040271793
5498,2025-01-22,300185,通裕重工,0.040270902
5499,2025-01-22,2623,亚玛顿,0.040269975
5500,2025-01-22,605,渤海股份,0.040263288
5501,2025-01-23,605598,上海港湾,0.04025705
5502,2025-01-22,62,深圳华强,0.04025366
5503,2025-01-23,858,五 粮 液,0.040246684
5504,2025-01-23,300937,药易购,0.04024259
5505,2025-01-23,688690,纳微科技,0.040231887
5506,2025-01-24,600179,安通控股,0.040231097
5507,2025-01-22,300933,中辰股份,0.040229186
5508,2025-01-23,600135,乐凯胶片,0.040225167
5509,2025-01-22,300382,斯莱克,0.040218413
5510,2025-01-22,543,皖能电力,0.04020165
5511,2025-01-23,1896,豫能控股,0.040194225
5512,2025-01-22,536,华映科技,0.040191635
5513,2025-01-23,2840,华统股份,0.040190153
5514,2025-01-22,300051,琏升科技,0.040188808
5515,2025-01-22,2824,和胜股份,0.040178955
5516,2025-01-22,300482,万孚生物,0.04017284
5517,2025-01-24,688321,微芯生物,0.040172778
5518,2025-01-24,688150,莱特光电,0.04017116
5519,2025-01-24,2248,华东数控,0.04016511
5520,2025-01-23,300497,富祥药业,0.040159173
5521,2025-01-22,600815,厦工股份,0.040159073
5522,2025-01-24,600340,华夏幸福,0.04015465
5523,2025-01-23,600009,上海机场,0.040149234
5524,2025-01-24,300217,东方电热,0.04014563
5525,2025-01-23,301100,风光股份,0.040145233
5526,2025-01-24,300036,超图软件,0.040144693
5527,2025-01-23,688793,倍轻松,0.040143754
5528,2025-01-22,301360,荣旗科技,0.040141676
5529,2025-01-22,301370,国科恒泰,0.040124003
5530,2025-01-24,601968,宝钢包装,0.04011907
5531,2025-01-24,601888,中国中免,0.040116508
5532,2025-01-23,688596,正帆科技,0.040115725
5533,2025-01-24,600925,苏能股份,0.04011196
5534,2025-01-24,300586,美联新材,0.04011135
5535,2025-01-22,2868,绿康生化,0.040110677
5536,2025-01-22,301613,新铝时代,0.04010015
5537,2025-01-22,1255,博菲电气,0.040098645
5538,2025-01-24,300961,深水海纳,0.040098302
5539,2025-01-24,601512,中新集团,0.040084694
5540,2025-01-23,600880,博瑞传播,0.04008258
5541,2025-01-22,603578,三星新材,0.040077116
5542,2025-01-24,600717,天津港,0.040068604
5543,2025-01-24,300851,交大思诺,0.040053688
5544,2025-01-23,300270,中威电子,0.040047172
5545,2025-01-22,600229,城市传媒,0.040045727
5546,2025-01-23,300034,钢研高纳,0.040043976
5547,2025-01-23,600470,六国化工,0.04004141
5548,2025-01-23,688560,明冠新材,0.040036075
5549,2025-01-23,688691,灿芯股份,0.0400329
5550,2025-01-23,301587,中瑞股份,0.04003095
5551,2025-01-23,300152,新动力,0.040021863
5552,2025-01-24,600716,凤凰股份,0.040018935
5553,2025-01-23,301592,六九一二,0.0400162
5554,2025-01-22,688523,航天环宇,0.040010553
5555,2025-01-24,601279,英利汽车,0.039987918
5556,2025-01-23,600229,城市传媒,0.0399852
5557,2025-01-24,2172,澳洋健康,0.03997845
5558,2025-01-24,1318,阳光乳业,0.039974637
5559,2025-01-24,2035,华帝股份,0.03996537
5560,2025-01-22,300511,雪榕生物,0.039914813
5561,2025-01-22,300673,佩蒂股份,0.039900072
5562,2025-01-22,301217,铜冠铜箔,0.039898846
5563,2025-01-24,688557,兰剑智能,0.039894868
5564,2025-01-23,688022,瀚川智能,0.039882276
5565,2025-01-22,2735,王子新材,0.039876696
5566,2025-01-24,600459,贵研铂业,0.03987657
5567,2025-01-24,603317,天味食品,0.03987261
5568,2025-01-22,900,现代投资,0.039868362
5569,2025-01-22,300390,天华新能,0.039865892
5570,2025-01-24,605287,德才股份,0.039863728
5571,2025-01-24,605288,凯迪股份,0.039834697
5572,2025-01-22,603527,众源新材,0.03980864
5573,2025-01-24,601200,上海环境,0.03979938
5574,2025-01-22,688345,博力威,0.039799295
5575,2025-01-22,751,锌业股份,0.039795313
5576,2025-01-24,688392,骄成超声,0.039795265
5577,2025-01-24,600609,金杯汽车,0.039789937
5578,2025-01-22,2361,神剑股份,0.03978947
5579,2025-01-24,300274,阳光电源,0.03976947
5580,2025-01-24,600748,上实发展,0.039762076
5581,2025-01-24,600684,珠江股份,0.03975932
5582,2025-01-23,600771,广誉远,0.039752904
5583,2025-01-22,300082,奥克股份,0.03975042
5584,2025-01-23,2194,武汉凡谷,0.03974894
5585,2025-01-23,600115,中国东航,0.039747182
5586,2025-01-24,2598,山东章鼓,0.039741028
5587,2025-01-22,688718,唯赛勃,0.03973598
5588,2025-01-24,605336,帅丰电器,0.03973575
5589,2025-01-24,300733,西菱动力,0.03973428
5590,2025-01-22,301161,唯万密封,0.039726656
5591,2025-01-24,605005,合兴股份,0.03972538
5592,2025-01-24,300818,耐普矿机,0.039724864
5593,2025-01-22,2240,盛新锂能,0.039714552
5594,2025-01-24,2511,中顺洁柔,0.039711684
5595,2025-01-22,2545,东方铁塔,0.039699193
5596,2025-01-24,600983,惠而浦,0.0396859
5597,2025-01-24,166,申万宏源,0.03967646
5598,2025-01-24,603883,老百姓,0.039674215
5599,2025-01-22,2643,万润股份,0.039664757
5600,2025-01-24,600159,大龙地产,0.039661903
5601,2025-01-22,603786,科博达,0.03964837
5602,2025-01-22,2787,华源控股,0.039639235
5603,2025-01-24,605365,立达信,0.039636143
5604,2025-01-23,300706,阿石创,0.039634187
5605,2025-01-23,603057,紫燕食品,0.039623577
5606,2025-01-24,688595,芯海科技,0.03962294
5607,2025-01-22,3018,金富科技,0.039621875
5608,2025-01-24,3043,华亚智能,0.03962133
5609,2025-01-23,2648,卫星化学,0.03960805
5610,2025-01-24,58,深 赛 格,0.039599396
5611,2025-01-24,600928,西安银行,0.039592486
5612,2025-01-24,1255,博菲电气,0.039589833
5613,2025-01-22,300460,惠伦晶体,0.039589494
5614,2025-01-24,2823,凯中精密,0.039584387
5615,2025-01-23,603006,联明股份,0.039582133
5616,2025-01-22,603057,紫燕食品,0.039579578
5617,2025-01-22,717,中南股份,0.03957459
5618,2025-01-24,600586,金晶科技,0.039570153
5619,2025-01-22,600792,云煤能源,0.039569203
5620,2025-01-23,603536,惠发食品,0.039567098
5621,2025-01-22,600960,渤海汽车,0.03956565
5622,2025-01-22,603318,水发燃气,0.039564166
5623,2025-01-24,688366,昊海生科,0.039561115
5624,2025-01-23,600197,伊力特,0.039556384
5625,2025-01-23,300936,中英科技,0.039551664
5626,2025-01-24,572,海马汽车,0.03954414
5627,2025-01-22,925,众合科技,0.03954389
5628,2025-01-24,600728,佳都科技,0.039543223
5629,2025-01-22,603997,继峰股份,0.03953553
5630,2025-01-22,600760,中航沈飞,0.039535277
5631,2025-01-24,1277,速达股份,0.039529517
5632,2025-01-23,3043,华亚智能,0.03952584
5633,2025-01-22,300908,仲景食品,0.03952154
5634,2025-01-22,600739,辽宁成大,0.03951397
5635,2025-01-24,603223,恒通股份,0.03951312
5636,2025-01-22,2501,利源股份,0.03950557
5637,2025-01-24,2882,金龙羽,0.0394868
5638,2025-01-23,3005,竞业达,0.039482206
5639,2025-01-23,300778,新城市,0.03947413
5640,2025-01-23,300610,晨化股份,0.03945236
5641,2025-01-24,301311,昆船智能,0.03945213
5642,2025-01-23,605358,立昂微,0.03943237
5643,2025-01-24,300883,龙利得,0.039429292
5644,2025-01-22,605266,健之佳,0.039423984
5645,2025-01-23,300443,金雷股份,0.039415065
5646,2025-01-22,688320,禾川科技,0.03941185
5647,2025-01-23,965,天保基建,0.039411545
5648,2025-01-24,300015,爱尔眼科,0.039408673
5649,2025-01-23,600797,浙大网新,0.039400686
5650,2025-01-24,301069,凯盛新材,0.039389715
5651,2025-01-24,2438,江苏神通,0.03938095
5652,2025-01-24,603127,昭衍新药,0.039373007
5653,2025-01-22,603499,翔港科技,0.039369024
5654,2025-01-22,600496,精工钢构,0.039361242
5655,2025-01-24,2223,鱼跃医疗,0.03935729
5656,2025-01-23,600338,西藏珠峰,0.03935131
5657,2025-01-24,2174,游族网络,0.039330646
5658,2025-01-24,2048,宁波华翔,0.039318096
5659,2025-01-23,603718,海利生物,0.039317906
5660,2025-01-23,603368,柳药集团,0.039313145
5661,2025-01-24,300785,值得买,0.039306518
5662,2025-01-24,1373,翔腾新材,0.03930582
5663,2025-01-24,688529,豪森智能,0.039295573
5664,2025-01-24,2937,兴瑞科技,0.03929432
5665,2025-01-23,600271,航天信息,0.039286055
5666,2025-01-23,300735,光弘科技,0.03926568
5667,2025-01-23,402,金 融 街,0.039264828
5668,2025-01-23,600201,生物股份,0.039264463
5669,2025-01-24,605167,利柏特,0.039262034
5670,2025-01-24,705,浙江震元,0.03925687
5671,2025-01-23,688611,杭州柯林,0.039254222
5672,2025-01-22,301137,哈焊华通,0.03924529
5673,2025-01-22,600741,华域汽车,0.039242636
5674,2025-01-22,603348,文灿股份,0.03923889
5675,2025-01-24,301370,国科恒泰,0.03923281
5676,2025-01-24,301551,无线传媒,0.03922139
5677,2025-01-24,601096,宏盛华源,0.039207123
5678,2025-01-24,603676,卫信康,0.039203465
5679,2025-01-24,688659,元琛科技,0.039200563
5680,2025-01-24,2634,棒杰股份,0.03918776
5681,2025-01-22,2164,宁波东力,0.039168276
5682,2025-01-23,300046,台基股份,0.0391597
5683,2025-01-23,300351,永贵电器,0.039157886
5684,2025-01-23,2023,海特高新,0.039152887
5685,2025-01-24,600739,辽宁成大,0.03914945
5686,2025-01-22,2382,蓝帆医疗,0.039149255
5687,2025-01-24,600352,浙江龙盛,0.039141558
5688,2025-01-22,600908,无锡银行,0.039134275
5689,2025-01-24,300599,雄塑科技,0.03910629
5690,2025-01-24,2997,瑞鹄模具,0.039105754
5691,2025-01-24,600170,上海建工,0.039088175
5692,2025-01-23,300349,金卡智能,0.039080344
5693,2025-01-24,300404,博济医药,0.03907957
5694,2025-01-23,600110,诺德股份,0.03906831
5695,2025-01-24,600151,航天机电,0.039066225
5696,2025-01-23,600819,耀皮玻璃,0.039052762
5697,2025-01-23,3026,中晶科技,0.03904013
5698,2025-01-24,301198,喜悦智行,0.039038066
5699,2025-01-24,600880,博瑞传播,0.039035924
5700,2025-01-23,300233,金城医药,0.039034646
5701,2025-01-23,601218,吉鑫科技,0.039033033
5702,2025-01-22,600105,永鼎股份,0.039026223
5703,2025-01-23,688799,华纳药厂,0.039019343
5704,2025-01-23,300027,华谊兄弟,0.03901877
5705,2025-01-22,688187,时代电气,0.0390147
5706,2025-01-24,301419,阿莱德,0.039014332
5707,2025-01-24,1278,一彬科技,0.039011624
5708,2025-01-23,603282,亚光股份,0.0389919
5709,2025-01-23,600594,益佰制药,0.038974404
5710,2025-01-23,2274,华昌化工,0.038971327
5711,2025-01-22,603797,联泰环保,0.03897081
5712,2025-01-22,619,海螺新材,0.038960893
5713,2025-01-23,300598,诚迈科技,0.03895315
5714,2025-01-24,603091,众鑫股份,0.038952764
5715,2025-01-24,600030,中信证券,0.038943224
5716,2025-01-23,603281,江瀚新材,0.038928196
5717,2025-01-22,600640,国脉文化,0.038920652
5718,2025-01-24,301022,海泰科,0.038911186
5719,2025-01-23,688078,龙软科技,0.0389077
5720,2025-01-23,600119,长江投资,0.03890258
5721,2025-01-24,603997,继峰股份,0.038892314
5722,2025-01-23,688320,禾川科技,0.038883753
5723,2025-01-23,600301,华锡有色,0.038883135
5724,2025-01-23,601992,金隅集团,0.03887209
5725,2025-01-24,300220,金运激光,0.038867965
5726,2025-01-22,2790,瑞尔特,0.03884117
5727,2025-01-24,603183,建研院,0.03883462
5728,2025-01-22,601136,首创证券,0.038825292
5729,2025-01-23,600298,安琪酵母,0.038821883
5730,2025-01-24,601698,中国卫通,0.03881564
5731,2025-01-24,600269,赣粤高速,0.03881277
5732,2025-01-23,2158,汉钟精机,0.038810324
5733,2025-01-23,600452,涪陵电力,0.038808785
5734,2025-01-23,605337,李子园,0.038805645
5735,2025-01-22,2036,联创电子,0.0387979
5736,2025-01-23,301529,福赛科技,0.038791247
5737,2025-01-24,410,沈阳机床,0.03879028
5738,2025-01-24,603381,永臻股份,0.038785003
5739,2025-01-24,600372,中航机载,0.038780093
5740,2025-01-22,601666,平煤股份,0.03877979
5741,2025-01-23,600578,京能电力,0.03877737
5742,2025-01-22,688371,菲沃泰,0.03877487
5743,2025-01-23,1323,慕思股份,0.038769953
5744,2025-01-22,600126,杭钢股份,0.03876882
5745,2025-01-22,301027,华蓝集团,0.038760383
5746,2025-01-22,688711,宏微科技,0.038749136
5747,2025-01-24,603969,银龙股份,0.03874094
5748,2025-01-22,300317,珈伟新能,0.03873573
5749,2025-01-23,301468,博盈特焊,0.038734026
5750,2025-01-23,2173,创新医疗,0.03873381
5751,2025-01-23,688361,中科飞测,0.038732853
5752,2025-01-23,600503,华丽家族,0.038725797
5753,2025-01-23,1289,龙源电力,0.038725533
5754,2025-01-23,600208,衢州发展,0.03872331
5755,2025-01-23,603102,百合股份,0.038716417
5756,2025-01-21,688656,浩欧博,0.038715642
5757,2025-01-24,603221,爱丽家居,0.038714807
5758,2025-01-22,2792,通宇通讯,0.038707297
5759,2025-01-24,915,华特达因,0.03868813
5760,2025-01-22,56,皇庭国际,0.038683325
5761,2025-01-24,893,亚钾国际,0.03868287
5762,2025-01-23,603839,安正时尚,0.038681522
5763,2025-01-24,601860,紫金银行,0.03868054
5764,2025-01-23,300516,久之洋,0.03868012
5765,2025-01-22,300465,高伟达,0.038679734
5766,2025-01-23,301386,未来电器,0.03867105
5767,2025-01-24,798,中水渔业,0.03866578
5768,2025-01-24,301170,锡南科技,0.03866173
5769,2025-01-22,600429,三元股份,0.038659938
5770,2025-01-22,300961,深水海纳,0.038659275
5771,2025-01-23,2032,苏 泊 尔,0.03864897
5772,2025-01-22,690,宝新能源,0.038648874
5773,2025-01-23,3015,日久光电,0.03864567
5774,2025-01-23,603108,润达医疗,0.03864274
5775,2025-01-23,301110,青木科技,0.038642537
5776,2025-01-22,300103,达刚控股,0.038634993
5777,2025-01-23,600520,文一科技,0.038632326
5778,2025-01-24,3011,海象新材,0.038629927
5779,2025-01-24,600866,星湖科技,0.038625974
5780,2025-01-24,603577,汇金通,0.038613442
5781,2025-01-24,300700,岱勒新材,0.03858588
5782,2025-01-23,300423,昇辉科技,0.038583916
5783,2025-01-24,600601,方正科技,0.038583435
5784,2025-01-22,688181,八亿时空,0.038580623
5785,2025-01-24,2846,英联股份,0.038576152
5786,2025-01-24,541,佛山照明,0.038574845
5787,2025-01-23,601022,宁波远洋,0.038567238
5788,2025-01-24,2555,三七互娱,0.038560595
5789,2025-01-23,600776,东方通信,0.038556993
5790,2025-01-22,300438,鹏辉能源,0.03854999
5791,2025-01-23,2203,海亮股份,0.03854817
5792,2025-01-24,300891,惠云钛业,0.03854544
5793,2025-01-22,301100,风光股份,0.038528003
5794,2025-01-22,617,中油资本,0.03851458
5795,2025-01-24,300244,迪安诊断,0.038514413
5796,2025-01-24,603680,今创集团,0.038504325
5797,2025-01-23,600679,上海凤凰,0.038484763
5798,2025-01-23,301292,海科新源,0.03847825
5799,2025-01-24,2290,禾盛新材,0.0384758
5800,2025-01-24,2802,洪汇新材,0.03846992
5801,2025-01-23,601567,三星医疗,0.038469918
5802,2025-01-23,600970,中材国际,0.03846497
5803,2025-01-23,605338,巴比食品,0.038463667
5804,2025-01-24,603968,醋化股份,0.03846083
5805,2025-01-24,300720,海川智能,0.038456693
5806,2025-01-23,2692,远程股份,0.038453273
5807,2025-01-23,603843,正平股份,0.03845318
5808,2025-01-24,603217,元利科技,0.03845187
5809,2025-01-22,600265,景谷林业,0.038448047
5810,2025-01-24,652,泰达股份,0.03844663
5811,2025-01-23,301267,华厦眼科,0.038443908
5812,2025-01-23,300919,中伟股份,0.03844329
5813,2025-01-24,2653,海思科,0.038442325
5814,2025-01-24,2106,莱宝高科,0.038416844
5815,2025-01-24,300936,中英科技,0.03841453
5816,2025-01-23,731,四川美丰,0.03841115
5817,2025-01-22,300788,中信出版,0.038406834
5818,2025-01-22,600353,旭光电子,0.038400758
5819,2025-01-24,601158,重庆水务,0.038396202
5820,2025-01-24,603586,金麒麟,0.03839083
5821,2025-01-24,2646,天佑德酒,0.038373627
5822,2025-01-23,2634,棒杰股份,0.038347933
5823,2025-01-24,2402,和而泰,0.038341045
5824,2025-01-23,605208,永茂泰,0.038311426
5825,2025-01-23,300942,易瑞生物,0.038308613
5826,2025-01-22,2593,日上集团,0.03830483
5827,2025-01-24,600063,皖维高新,0.038301624
5828,2025-01-24,600119,长江投资,0.03829808
5829,2025-01-24,2198,嘉应制药,0.038296722
5830,2025-01-24,600104,上汽集团,0.038296618
5831,2025-01-24,300919,中伟股份,0.03829376
5832,2025-01-23,600239,云南城投,0.038292162
5833,2025-01-22,2807,江阴银行,0.038274117
5834,2025-01-23,603993,洛阳钼业,0.038268574
5835,2025-01-24,688585,上纬新材,0.038263958
5836,2025-01-24,300326,凯利泰,0.038258437
5837,2025-01-22,600084,中信尼雅,0.038257338
5838,2025-01-23,688260,昀冢科技,0.03825497
5839,2025-01-23,603330,天洋新材,0.038238887
5840,2025-01-23,600546,山煤国际,0.0382291
5841,2025-01-23,2958,青农商行,0.03822038
5842,2025-01-24,603843,正平股份,0.03821906
5843,2025-01-23,300745,欣锐科技,0.038216628
5844,2025-01-24,300617,安靠智电,0.03821339
5845,2025-01-22,300721,怡达股份,0.038201198
5846,2025-01-24,2574,明牌珠宝,0.03820052
5847,2025-01-23,600383,金地集团,0.03819237
5848,2025-01-24,2879,长缆科技,0.038189646
5849,2025-01-23,301116,益客食品,0.038189072
5850,2025-01-22,911,广农糖业,0.03818885
5851,2025-01-23,603855,华荣股份,0.038186815
5852,2025-01-23,911,广农糖业,0.038184475
5853,2025-01-22,603108,润达医疗,0.03817486
5854,2025-01-22,300649,杭州园林,0.038168836
5855,2025-01-24,300917,特发服务,0.038163662
5856,2025-01-23,603567,珍宝岛,0.038161565
5857,2025-01-23,426,兴业银锡,0.038154997
5858,2025-01-24,300946,恒而达,0.0381529
5859,2025-01-22,300164,通源石油,0.03814753
5860,2025-01-22,12,南  玻Ａ,0.038141944
5861,2025-01-22,603135,中重科技,0.038133126
5862,2025-01-24,301298,东利机械,0.03813219
5863,2025-01-24,2432,九安医疗,0.038119115
5864,2025-01-24,600201,生物股份,0.038105387
5865,2025-01-22,601399,国机重装,0.038101412
5866,2025-01-22,601098,中南传媒,0.038096372
5867,2025-01-24,600549,厦门钨业,0.03808911
5868,2025-01-23,603826,坤彩科技,0.038087577
5869,2025-01-22,601777,力帆科技,0.038087472
5870,2025-01-22,300086,康芝药业,0.038065054
5871,2025-01-23,300066,三川智慧,0.038052965
5872,2025-01-24,603168,莎普爱思,0.038049344
5873,2025-01-23,2765,蓝黛科技,0.038047716
5874,2025-01-24,603283,赛腾股份,0.038046613
5875,2025-01-24,603368,柳药集团,0.038042996
5876,2025-01-24,601777,力帆科技,0.038039356
5877,2025-01-24,600476,湘邮科技,0.038037103
5878,2025-01-23,603223,恒通股份,0.038023368
5879,2025-01-23,300243,瑞丰高材,0.03802063
5880,2025-01-22,2514,宝馨科技,0.038015578
5881,2025-01-23,600882,妙可蓝多,0.03800235
5882,2025-01-23,301128,强瑞技术,0.037971027
5883,2025-01-24,300424,航新科技,0.037970908
5884,2025-01-23,600491,龙元建设,0.037963778
5885,2025-01-23,2258,利尔化学,0.037962094
5886,2025-01-23,2565,顺灏股份,0.03795678
5887,2025-01-24,2007,华兰生物,0.03795389
5888,2025-01-23,301151,冠龙节能,0.03795263
5889,2025-01-24,601388,怡球资源,0.03794193
5890,2025-01-22,2049,紫光国微,0.03794124
5891,2025-01-24,600258,首旅酒店,0.037936673
5892,2025-01-24,600820,隧道股份,0.037927974
5893,2025-01-23,301289,国缆检测,0.03792565
5894,2025-01-22,2436,兴森科技,0.037921637
5895,2025-01-22,300896,爱美客,0.037920073
5896,2025-01-24,688710,益诺思,0.037910614
5897,2025-01-23,688500,慧辰股份,0.03789705
5898,2025-01-24,2987,京北方,0.037887014
5899,2025-01-24,601236,红塔证券,0.03788669
5900,2025-01-23,603337,杰克股份,0.037874416
5901,2025-01-23,688176,亚虹医药-U,0.03786759
5902,2025-01-23,688229,博睿数据,0.037861653
5903,2025-01-23,967,盈峰环境,0.03786117
5904,2025-01-24,300034,钢研高纳,0.03785804
5905,2025-01-23,600309,万华化学,0.03785668
5906,2025-01-24,516,国际医学,0.037856646
5907,2025-01-22,2119,康强电子,0.037854575
5908,2025-01-23,688334,西高院,0.037847318
5909,2025-01-24,600989,宝丰能源,0.037844777
5910,2025-01-22,2149,西部材料,0.037833426
5911,2025-01-24,301297,富乐德,0.037830845
5912,2025-01-22,300485,赛升药业,0.037830397
5913,2025-01-24,922,佳电股份,0.037825547
5914,2025-01-23,300341,麦克奥迪,0.03782468
5915,2025-01-22,600662,外服控股,0.037797607
5916,2025-01-24,3006,百亚股份,0.037795503
5917,2025-01-22,603506,南都物业,0.037789345
5918,2025-01-24,300916,朗特智能,0.0377864
5919,2025-01-22,2945,华林证券,0.0377819
5920,2025-01-24,603871,嘉友国际,0.037772495
5921,2025-01-23,688981,中芯国际,0.03776211
5922,2025-01-23,657,中钨高新,0.037760064
5923,2025-01-22,2415,海康威视,0.037753586
5924,2025-01-23,300397,天和防务,0.037748314
5925,2025-01-22,688538,和辉光电-U,0.03773265
5926,2025-01-23,56,皇庭国际,0.03772057
5927,2025-01-22,600072,中船科技,0.03772048
5928,2025-01-24,603611,诺力股份,0.037719656
5929,2025-01-24,2177,御银股份,0.037718635
5930,2025-01-22,603679,华体科技,0.037706807
5931,2025-01-24,3026,中晶科技,0.037706684
5932,2025-01-24,726,鲁  泰Ａ,0.03769712
5933,2025-01-24,300349,金卡智能,0.037696816
5934,2025-01-22,688321,微芯生物,0.03769206
5935,2025-01-23,688317,之江生物,0.03769087
5936,2025-01-24,600521,华海药业,0.037682794
5937,2025-01-23,603217,元利科技,0.03768248
5938,2025-01-23,786,北新建材,0.037680566
5939,2025-01-23,603285,键邦股份,0.037676632
5940,2025-01-22,2849,威星智能,0.037670717
5941,2025-01-23,301,东方盛虹,0.037643068
5942,2025-01-22,600790,轻纺城,0.037624337
5943,2025-01-23,300142,沃森生物,0.037620664
5944,2025-01-22,300756,金马游乐,0.037608773
5945,2025-01-24,601008,连云港,0.03758537
5946,2025-01-24,688535,华海诚科,0.03757259
5947,2025-01-24,300821,东岳硅材,0.037568364
5948,2025-01-24,2049,紫光国微,0.037563737
5949,2025-01-24,300428,立中集团,0.037557103
5950,2025-01-22,603206,嘉环科技,0.03754056
5951,2025-01-22,301489,思泉新材,0.037540264
5952,2025-01-23,601388,怡球资源,0.037525676
5953,2025-01-23,2643,万润股份,0.03750545
5954,2025-01-24,14,沙河股份,0.037505068
5955,2025-01-22,600499,科达制造,0.03749893
5956,2025-01-22,2865,钧达股份,0.037498742
5957,2025-01-23,2622,皓宸医疗,0.037497047
5958,2025-01-24,600987,航民股份,0.037477344
5959,2025-01-22,688009,中国通号,0.037472777
5960,2025-01-23,688007,光峰科技,0.03747034
5961,2025-01-24,601375,中原证券,0.0374592
5962,2025-01-24,301110,青木科技,0.03745815
5963,2025-01-23,600738,丽尚国潮,0.03744738
5964,2025-01-24,603029,天鹅股份,0.037408296
5965,2025-01-24,605208,永茂泰,0.03740631
5966,2025-01-24,300355,蒙草生态,0.037401956
5967,2025-01-22,600566,济川药业,0.037394654
5968,2025-01-24,300686,智动力,0.037394177
5969,2025-01-23,600810,神马股份,0.037390847
5970,2025-01-22,1229,魅视科技,0.037389874
5971,2025-01-24,301177,迪阿股份,0.03738947
5972,2025-01-24,300622,博士眼镜,0.037387814
5973,2025-01-24,301100,风光股份,0.0373862
5974,2025-01-24,300466,赛摩智能,0.037380185
5975,2025-01-22,601086,国芳集团,0.037378624
5976,2025-01-23,2131,利欧股份,0.037370414
5977,2025-01-24,300845,捷安高科,0.037368596
5978,2025-01-23,601088,中国神华,0.037365805
5979,2025-01-24,2037,保利联合,0.037365064
5980,2025-01-23,688379,华光新材,0.03736235
5981,2025-01-24,603956,威派格,0.037352286
5982,2025-01-22,600802,福建水泥,0.037350476
5983,2025-01-23,652,泰达股份,0.03733565
5984,2025-01-23,603369,今世缘,0.03733549
5985,2025-01-22,600461,洪城环境,0.037332233
5986,2025-01-24,605,渤海股份,0.037331168
5987,2025-01-24,877,天山股份,0.037330735
5988,2025-01-23,301156,美农生物,0.03732178
5989,2025-01-24,2947,恒铭达,0.037321694
5990,2025-01-22,300587,天铁科技,0.037319794
5991,2025-01-24,603527,众源新材,0.037317976
5992,2025-01-23,1239,永达股份,0.03731676
5993,2025-01-24,600587,新华医疗,0.03730667
5994,2025-01-22,603116,红蜻蜓,0.03730525
5995,2025-01-22,1896,豫能控股,0.03730354
5996,2025-01-24,300793,佳禾智能,0.03729763
5997,2025-01-23,603300,海南华铁,0.037294034
5998,2025-01-23,603225,新凤鸣,0.037291925
5999,2025-01-23,301218,华是科技,0.037275046
6000,2025-01-22,600088,中视传媒,0.03726769
6001,2025-01-22,600546,山煤国际,0.037263166
6002,2025-01-23,688248,南网科技,0.037262496
6003,2025-01-24,601900,南方传媒,0.03725709
6004,2025-01-22,151,中成股份,0.03725544
6005,2025-01-22,501,武商集团,0.037247047
6006,2025-01-23,688261,东微半导,0.037243545
6007,2025-01-23,600196,复星医药,0.037234664
6008,2025-01-22,1239,永达股份,0.037227754
6009,2025-01-24,601818,光大银行,0.037214454
6010,2025-01-22,3031,中瓷电子,0.037206206
6011,2025-01-24,2215,诺 普 信,0.03720408
6012,2025-01-24,603321,梅轮电梯,0.037198022
6013,2025-01-23,2244,滨江集团,0.037184898
6014,2025-01-24,301048,金鹰重工,0.037179783
6015,2025-01-23,603658,安图生物,0.037177157
6016,2025-01-24,831,中国稀土,0.0371726
6017,2025-01-23,688281,华秦科技,0.037170816
6018,2025-01-24,600248,陕建股份,0.037167642
6019,2025-01-23,688579,山大地纬,0.03716632
6020,2025-01-23,300861,美畅股份,0.037162203
6021,2025-01-24,600816,建元信托,0.037150048
6022,2025-01-24,600259,广晟有色,0.03714341
6023,2025-01-24,2481,双塔食品,0.0371425
6024,2025-01-23,300250,初灵信息,0.037139207
6025,2025-01-23,605580,恒盛能源,0.03713724
6026,2025-01-23,1696,宗申动力,0.03713251
6027,2025-01-24,603026,石大胜华,0.03713038
6028,2025-01-23,300928,华安鑫创,0.037124004
6029,2025-01-24,300140,节能环境,0.03712211
6030,2025-01-24,301272,英华特,0.03711999
6031,2025-01-23,601101,昊华能源,0.037116908
6032,2025-01-24,300280,紫天科技,0.037111536
6033,2025-01-24,2758,浙农股份,0.037110306
6034,2025-01-22,300730,科创信息,0.037109405
6035,2025-01-23,2977,天箭科技,0.037092976
6036,2025-01-23,603719,良品铺子,0.037088268
6037,2025-01-23,688683,莱尔科技,0.03707355
6038,2025-01-24,49,德赛电池,0.037071854
6039,2025-01-22,300017,网宿科技,0.037059676
6040,2025-01-24,300230,永利股份,0.037044372
6041,2025-01-23,2668,TCL智家,0.037039924
6042,2025-01-24,603739,蔚蓝生物,0.037038945
6043,2025-01-24,690,宝新能源,0.03703608
6044,2025-01-23,600010,包钢股份,0.037030924
6045,2025-01-23,2806,华锋股份,0.03702716
6046,2025-01-22,688449,联芸科技,0.037025895
6047,2025-01-22,300761,立华股份,0.0370214
6048,2025-01-22,600,建投能源,0.037016343
6049,2025-01-22,600834,申通地铁,0.036995627
6050,2025-01-22,301378,通达海,0.036987513
6051,2025-01-24,2765,蓝黛科技,0.03698417
6052,2025-01-23,688012,中微公司,0.03697653
6053,2025-01-22,3000,劲仔食品,0.036975566
6054,2025-01-22,688015,交控科技,0.036967892
6055,2025-01-22,2708,光洋股份,0.036967386
6056,2025-01-24,600726,华电能源,0.036950048
6057,2025-01-23,2512,达华智能,0.036949564
6058,2025-01-23,301266,宇邦新材,0.03693146
6059,2025-01-24,2060,广东建工,0.036925733
6060,2025-01-23,605399,晨光新材,0.036922846
6061,2025-01-24,300948,冠中生态,0.036917225
6062,2025-01-24,2351,漫步者,0.03690606
6063,2025-01-22,600604,市北高新,0.036898065
6064,2025-01-24,600309,万华化学,0.03689143
6065,2025-01-22,600827,百联股份,0.036868494
6066,2025-01-24,2561,徐家汇,0.0368653
6067,2025-01-23,688032,禾迈股份,0.036858432
6068,2025-01-24,415,渤海租赁,0.03684123
6069,2025-01-23,767,晋控电力,0.03683832
6070,2025-01-23,603918,金桥信息,0.0368319
6071,2025-01-24,601390,中国中铁,0.03683048
6072,2025-01-23,300199,翰宇药业,0.036823988
6073,2025-01-24,603213,镇洋发展,0.03681135
6074,2025-01-24,301151,冠龙节能,0.036810607
6075,2025-01-23,600032,浙江新能,0.036807574
6076,2025-01-23,301283,聚胶股份,0.03680283
6077,2025-01-22,600590,泰豪科技,0.03679664
6078,2025-01-22,600959,江苏有线,0.03679418
6079,2025-01-22,688639,华恒生物,0.036784716
6080,2025-01-23,300405,科隆股份,0.03677845
6081,2025-01-22,603876,鼎胜新材,0.03675822
6082,2025-01-23,603189,网达软件,0.036757868
6083,2025-01-24,300284,苏交科,0.03675388
6084,2025-01-24,301512,智信精密,0.036750924
6085,2025-01-23,605499,东鹏饮料,0.03674621
6086,2025-01-23,603477,巨星农牧,0.03674427
6087,2025-01-22,300055,万邦达,0.036737703
6088,2025-01-24,600353,旭光电子,0.0367286
6089,2025-01-24,688170,德龙激光,0.03672773
6090,2025-01-23,2878,元隆雅图,0.036727637
6091,2025-01-24,2480,新筑股份,0.036725327
6092,2025-01-23,600550,保变电气,0.03671061
6093,2025-01-24,300357,我武生物,0.03670701
6094,2025-01-23,600170,上海建工,0.036705926
6095,2025-01-23,300726,宏达电子,0.03670223
6096,2025-01-23,600637,东方明珠,0.03669722
6097,2025-01-23,600999,招商证券,0.036690965
6098,2025-01-22,603355,莱克电气,0.036690917
6099,2025-01-22,300571,平治信息,0.036685184
6100,2025-01-24,603002,宏昌电子,0.03667336
6101,2025-01-24,300966,共同药业,0.036672503
6102,2025-01-23,852,石化机械,0.036668345
6103,2025-01-23,600179,安通控股,0.036668267
6104,2025-01-24,601825,沪农商行,0.036662694
6105,2025-01-24,300725,药石科技,0.036660425
6106,2025-01-24,1696,宗申动力,0.036658652
6107,2025-01-23,2079,苏州固锝,0.036658484
6108,2025-01-24,300541,先进数通,0.03665293
6109,2025-01-22,600879,航天电子,0.036652077
6110,2025-01-23,301603,乔锋智能,0.0366482
6111,2025-01-24,552,甘肃能化,0.03663944
6112,2025-01-22,2952,亚世光电,0.036633357
6113,2025-01-23,766,通化金马,0.036611903
6114,2025-01-22,600027,华电国际,0.036607593
6115,2025-01-22,498,山东路桥,0.036606938
6116,2025-01-23,600571,信雅达,0.0365962
6117,2025-01-22,688119,中钢洛耐,0.03659154
6118,2025-01-24,3000,劲仔食品,0.036588427
6119,2025-01-22,301515,港通医疗,0.03658335
6120,2025-01-24,600301,华锡有色,0.036580812
6121,2025-01-24,600022,山东钢铁,0.036580108
6122,2025-01-24,2093,国脉科技,0.03657081
6123,2025-01-22,603185,弘元绿能,0.03656725
6124,2025-01-23,300618,寒锐钴业,0.036558326
6125,2025-01-24,300858,科拓生物,0.03654634
6126,2025-01-23,797,中国武夷,0.036538336
6127,2025-01-24,688389,普门科技,0.036532473
6128,2025-01-24,603139,康惠制药,0.03653007
6129,2025-01-24,600456,宝钛股份,0.036523886
6130,2025-01-22,600702,舍得酒业,0.036512136
6131,2025-01-22,2783,凯龙股份,0.03650678
6132,2025-01-23,605011,杭州热电,0.03650121
6133,2025-01-23,1286,陕西能源,0.036485426
6134,2025-01-23,937,冀中能源,0.03646246
6135,2025-01-22,603345,安井食品,0.03643905
6136,2025-01-22,688082,盛美上海,0.03641791
6137,2025-01-22,301279,金道科技,0.036411025
6138,2025-01-24,600640,国脉文化,0.036410242
6139,2025-01-23,600846,同济科技,0.036409955
6140,2025-01-22,603579,荣泰健康,0.036396593
6141,2025-01-22,600975,新五丰,0.03638022
6142,2025-01-23,300882,万胜智能,0.03636828
6143,2025-01-23,603168,莎普爱思,0.036366176
6144,2025-01-24,603517,绝味食品,0.036364086
6145,2025-01-24,301042,安联锐视,0.036363058
6146,2025-01-22,2038,双鹭药业,0.03636023
6147,2025-01-24,688189,南新制药,0.036357462
6148,2025-01-22,601798,蓝科高新,0.036351774
6149,2025-01-22,300631,久吾高科,0.03635104
6150,2025-01-23,300979,华利集团,0.036341805
6151,2025-01-24,955,欣龙控股,0.03633843
6152,2025-01-22,2061,浙江交科,0.036336925
6153,2025-01-24,601997,贵阳银行,0.03633674
6154,2025-01-23,600820,隧道股份,0.036331054
6155,2025-01-22,600562,国睿科技,0.036327213
6156,2025-01-23,300161,华中数控,0.036314838
6157,2025-01-22,2266,浙富控股,0.036312208
6158,2025-01-23,688501,青达环保,0.036306717
6159,2025-01-23,2270,华明装备,0.036291346
6160,2025-01-24,300654,世纪天鸿,0.03628858
6161,2025-01-24,603909,建发合诚,0.036283497
6162,2025-01-22,600822,上海物贸,0.036280707
6163,2025-01-22,301168,通灵股份,0.036278673
6164,2025-01-24,301603,乔锋智能,0.036273044
6165,2025-01-24,300246,宝莱特,0.036260664
6166,2025-01-23,301169,零点有数,0.036259506
6167,2025-01-23,27,深圳能源,0.03625834
6168,2025-01-24,2343,慈文传媒,0.036242038
6169,2025-01-24,600860,京城股份,0.036240395
6170,2025-01-23,605111,新洁能,0.036229394
6171,2025-01-24,600408,安泰集团,0.036219127
6172,2025-01-22,1358,兴欣新材,0.03621001
6173,2025-01-24,735,罗 牛 山,0.0362097
6174,2025-01-24,600125,铁龙物流,0.036209207
6175,2025-01-24,300259,新天科技,0.03618154
6176,2025-01-22,300351,永贵电器,0.036150992
6177,2025-01-23,2827,高争民爆,0.03614709
6178,2025-01-23,600258,首旅酒店,0.036137816
6179,2025-01-23,600320,振华重工,0.036130436
6180,2025-01-24,603799,华友钴业,0.036126733
6181,2025-01-23,603867,新化股份,0.036121964
6182,2025-01-22,2056,横店东磁,0.036118273
6183,2025-01-23,600141,兴发集团,0.036116477
6184,2025-01-23,300114,中航电测,0.03611643
6185,2025-01-23,688570,天玛智控,0.036111854
6186,2025-01-22,688078,龙软科技,0.03611151
6187,2025-01-24,301361,众智科技,0.03610629
6188,2025-01-22,300275,梅安森,0.036103185
6189,2025-01-22,603626,科森科技,0.03609827
6190,2025-01-24,600106,重庆路桥,0.036091693
6191,2025-01-24,600284,浦东建设,0.036083464
6192,2025-01-24,650,仁和药业,0.036082394
6193,2025-01-24,2476,宝莫股份,0.036080286
6194,2025-01-24,600783,鲁信创投,0.03607914
6195,2025-01-22,300314,戴维医疗,0.036071863
6196,2025-01-22,301177,迪阿股份,0.03605751
6197,2025-01-23,601326,秦港股份,0.03605573
6198,2025-01-24,688027,国盾量子,0.036052488
6199,2025-01-22,300377,赢时胜,0.036048084
6200,2025-01-23,2687,乔治白,0.03603761
6201,2025-01-24,2129,TCL中环,0.036029097
6202,2025-01-24,600782,新钢股份,0.036020797
6203,2025-01-22,600773,西藏城投,0.036007497
6204,2025-01-24,600200,江苏吴中,0.035981584
6205,2025-01-24,600137,浪莎股份,0.03597784
6206,2025-01-23,601456,国联证券,0.03596443
6207,2025-01-24,2992,宝明科技,0.03595383
6208,2025-01-23,601113,华鼎股份,0.035946228
6209,2025-01-23,300244,迪安诊断,0.035936933
6210,2025-01-24,2633,申科股份,0.035921726
6211,2025-01-24,301408,华人健康,0.03590925
6212,2025-01-22,300861,美畅股份,0.035902135
6213,2025-01-24,2708,光洋股份,0.0358917
6214,2025-01-23,35,中国天楹,0.03588712
6215,2025-01-22,2631,德尔未来,0.03587284
6216,2025-01-24,300940,南极光,0.035872206
6217,2025-01-24,2998,优彩资源,0.0358721
6218,2025-01-23,2507,涪陵榨菜,0.035866104
6219,2025-01-23,2772,众兴菌业,0.035864063
6220,2025-01-22,300348,长亮科技,0.035853427
6221,2025-01-23,2152,广电运通,0.03582766
6222,2025-01-23,2807,江阴银行,0.035822786
6223,2025-01-22,2572,索菲亚,0.03580825
6224,2025-01-22,300293,蓝英装备,0.035804734
6225,2025-01-24,600760,中航沈飞,0.03579826
6226,2025-01-23,600101,明星电力,0.035794716
6227,2025-01-24,601988,中国银行,0.03578776
6228,2025-01-22,2216,三全食品,0.035769165
6229,2025-01-24,300773,拉卡拉,0.035741273
6230,2025-01-22,603278,大业股份,0.035735033
6231,2025-01-22,2832,比音勒芬,0.035734024
6232,2025-01-23,600029,南方航空,0.035717547
6233,2025-01-24,1289,龙源电力,0.035708245
6234,2025-01-23,600623,华谊集团,0.035705484
6235,2025-01-24,300264,佳创视讯,0.035705008
6236,2025-01-23,300920,润阳科技,0.035702202
6237,2025-01-23,600787,中储股份,0.03569924
6238,2025-01-22,2663,普邦股份,0.03569282
6239,2025-01-22,2270,华明装备,0.03567935
6240,2025-01-22,600561,江西长运,0.03567916
6241,2025-01-23,600569,安阳钢铁,0.03567639
6242,2025-01-22,688459,哈铁科技,0.035672214
6243,2025-01-22,3030,祖名股份,0.0356693
6244,2025-01-23,2376,新北洋,0.035663735
6245,2025-01-22,301038,深水规院,0.03566051
6246,2025-01-24,600657,信达地产,0.035649545
6247,2025-01-23,507,珠海港,0.035634972
6248,2025-01-24,600741,华域汽车,0.035633788
6249,2025-01-23,301172,君逸数码,0.03561654
6250,2025-01-23,2543,万和电气,0.035611097
6251,2025-01-23,600760,中航沈飞,0.035606634
6252,2025-01-24,301007,德迈仕,0.035605215
6253,2025-01-22,300397,天和防务,0.035604812
6254,2025-01-23,603025,大豪科技,0.035604075
6255,2025-01-23,300109,新开源,0.035598416
6256,2025-01-23,2387,维信诺,0.03559205
6257,2025-01-22,2476,宝莫股份,0.03559061
6258,2025-01-23,2378,章源钨业,0.035585184
6259,2025-01-22,601601,中国太保,0.03558511
6260,2025-01-24,300648,星云股份,0.03558137
6261,2025-01-24,688096,京源环保,0.035581194
6262,2025-01-24,301039,中集车辆,0.035581008
6263,2025-01-22,601121,宝地矿业,0.03557735
6264,2025-01-24,300293,蓝英装备,0.035576217
6265,2025-01-24,300142,沃森生物,0.03556984
6266,2025-01-24,2478,常宝股份,0.035568114
6267,2025-01-22,688176,亚虹医药-U,0.035561692
6268,2025-01-22,601366,利群股份,0.035554413
6269,2025-01-23,300254,仟源医药,0.03555091
6270,2025-01-24,688219,会通股份,0.035547215
6271,2025-01-24,688033,天宜上佳,0.035546463
6272,2025-01-22,300250,初灵信息,0.03554309
6273,2025-01-23,2530,金财互联,0.035542134
6274,2025-01-23,301141,中科磁业,0.035538062
6275,2025-01-24,603137,恒尚节能,0.03553725
6276,2025-01-23,2545,东方铁塔,0.035529893
6277,2025-01-24,688799,华纳药厂,0.035526
6278,2025-01-23,603035,常熟汽饰,0.035516206
6279,2025-01-22,688185,康希诺,0.0355155
6280,2025-01-23,300527,中船应急,0.03550343
6281,2025-01-24,420,吉林化纤,0.035492636
6282,2025-01-23,688553,汇宇制药-W,0.035487063
6283,2025-01-22,300456,赛微电子,0.035486955
6284,2025-01-24,301266,宇邦新材,0.035486747
6285,2025-01-24,603863,松炀资源,0.035478167
6286,2025-01-24,30,富奥股份,0.03547768
6287,2025-01-23,600162,香江控股,0.035473436
6288,2025-01-22,39,中集集团,0.03547111
6289,2025-01-23,2295,精艺股份,0.03546931
6290,2025-01-23,300550,和仁科技,0.035466645
6291,2025-01-22,601886,江河集团,0.035457972
6292,2025-01-23,2188,中天服务,0.03545705
6293,2025-01-24,629,钒钛股份,0.035447486
6294,2025-01-23,2362,汉王科技,0.035437733
6295,2025-01-22,688168,安博通,0.035434566
6296,2025-01-24,301068,大地海洋,0.03542919
6297,2025-01-24,600996,贵广网络,0.035428725
6298,2025-01-23,688432,有研硅,0.035426382
6299,2025-01-24,600882,妙可蓝多,0.03542503
6300,2025-01-22,301231,荣信文化,0.035417806
6301,2025-01-24,2091,江苏国泰,0.035401944
6302,2025-01-24,601116,三江购物,0.035397567
6303,2025-01-23,301181,标榜股份,0.035390187
6304,2025-01-23,2332,仙琚制药,0.035371833
6305,2025-01-23,600791,京能置业,0.03536171
6306,2025-01-23,2709,天赐材料,0.035360664
6307,2025-01-24,2865,钧达股份,0.035360657
6308,2025-01-22,605003,众望布艺,0.035359226
6309,2025-01-24,301367,怡和嘉业,0.03535512
6310,2025-01-22,2269,美邦服饰,0.03535478
6311,2025-01-22,600100,同方股份,0.035353247
6312,2025-01-22,603696,安记食品,0.035338145
6313,2025-01-24,300022,吉峰科技,0.035334937
6314,2025-01-22,600664,哈药股份,0.035334203
6315,2025-01-24,605179,一鸣食品,0.035324037
6316,2025-01-24,301137,哈焊华通,0.035309236
6317,2025-01-23,301251,威尔高,0.035306476
6318,2025-01-22,3015,日久光电,0.03529125
6319,2025-01-23,688133,泰坦科技,0.03528855
6320,2025-01-23,600635,大众公用,0.03527246
6321,2025-01-22,301127,天源环保,0.035266675
6322,2025-01-24,600158,中体产业,0.035257366
6323,2025-01-24,600479,千金药业,0.035250947
6324,2025-01-24,605003,众望布艺,0.035247616
6325,2025-01-24,300679,电连技术,0.03524345
6326,2025-01-22,2244,滨江集团,0.035242803
6327,2025-01-24,937,冀中能源,0.03523682
6328,2025-01-24,300481,濮阳惠成,0.03523529
6329,2025-01-22,661,长春高新,0.03523324
6330,2025-01-22,600734,实达集团,0.035232153
6331,2025-01-22,300838,浙江力诺,0.035228394
6332,2025-01-23,727,冠捷科技,0.035221502
6333,2025-01-24,688528,秦川物联,0.03521462
6334,2025-01-23,688216,气派科技,0.035209388
6335,2025-01-24,601186,中国铁建,0.03520713
6336,2025-01-22,600548,深高速,0.035201065
6337,2025-01-22,300271,华宇软件,0.035199445
6338,2025-01-22,37,深南电A,0.035186086
6339,2025-01-23,600517,国网英大,0.035181712
6340,2025-01-22,301348,蓝箭电子,0.035172105
6341,2025-01-23,688682,霍莱沃,0.03516794
6342,2025-01-24,672,上峰水泥,0.03516207
6343,2025-01-22,301113,雅艺科技,0.035159167
6344,2025-01-23,2567,唐人神,0.035156835
6345,2025-01-23,301510,固高科技,0.03515563
6346,2025-01-23,688183,生益电子,0.035153016
6347,2025-01-24,300750,宁德时代,0.03515057
6348,2025-01-24,2572,索菲亚,0.035143636
6349,2025-01-23,2927,泰永长征,0.035143632
6350,2025-01-22,601992,金隅集团,0.035143342
6351,2025-01-24,605151,西上海,0.03513988
6352,2025-01-24,300735,光弘科技,0.03513583
6353,2025-01-24,300401,花园生物,0.03512896
6354,2025-01-24,688385,复旦微电,0.03512681
6355,2025-01-24,2792,通宇通讯,0.035113554
6356,2025-01-24,301529,福赛科技,0.03511083
6357,2025-01-24,2836,新宏泽,0.035103314
6358,2025-01-22,300379,东方通,0.035102945
6359,2025-01-22,600326,西藏天路,0.03509803
6360,2025-01-23,301282,金禄电子,0.035083152
6361,2025-01-23,2208,合肥城建,0.0350816
6362,2025-01-23,301508,中机认检,0.035065427
6363,2025-01-24,829,天音控股,0.0350605
6364,2025-01-22,603916,苏博特,0.035032246
6365,2025-01-23,688629,华丰科技,0.035019994
6366,2025-01-23,600726,华电能源,0.035014916
6367,2025-01-24,601456,国联证券,0.03500344
6368,2025-01-22,401,冀东水泥,0.035001125
6369,2025-01-23,300139,晓程科技,0.03499171
6370,2025-01-24,601669,中国电建,0.03498506
6371,2025-01-23,300171,东富龙,0.03497755
6372,2025-01-23,2438,江苏神通,0.034977436
6373,2025-01-23,2769,普路通,0.03495274
6374,2025-01-24,2898,赛隆药业,0.034950256
6375,2025-01-23,2436,兴森科技,0.03494293
6376,2025-01-24,543,皖能电力,0.03493619
6377,2025-01-23,603356,华菱精工,0.034934737
6378,2025-01-22,300048,合康新能,0.034929104
6379,2025-01-24,600497,驰宏锌锗,0.034923896
6380,2025-01-22,2479,富春环保,0.03492294
6381,2025-01-23,300845,捷安高科,0.034922536
6382,2025-01-23,2146,荣盛发展,0.034918334
6383,2025-01-22,300981,中红医疗,0.034912996
6384,2025-01-22,2537,海联金汇,0.034898344
6385,2025-01-23,683,远兴能源,0.034883637
6386,2025-01-23,601811,新华文轩,0.034875765
6387,2025-01-23,2149,西部材料,0.034874663
6388,2025-01-23,601528,瑞丰银行,0.03487292
6389,2025-01-23,301539,宏鑫科技,0.03486606
6390,2025-01-23,948,南天信息,0.034849018
6391,2025-01-23,2191,劲嘉股份,0.034848586
6392,2025-01-22,600981,汇鸿集团,0.03484602
6393,2025-01-23,300408,三环集团,0.03484448
6394,2025-01-23,600903,贵州燃气,0.034834314
6395,2025-01-24,300908,仲景食品,0.034818325
6396,2025-01-24,2658,雪迪龙,0.034812726
6397,2025-01-24,300542,新晨科技,0.034806535
6398,2025-01-24,601901,方正证券,0.03480323
6399,2025-01-24,600035,楚天高速,0.034802675
6400,2025-01-24,688203,海正生材,0.034801733
6401,2025-01-23,600582,天地科技,0.03480101
6402,2025-01-24,688021,奥福环保,0.034797303
6403,2025-01-24,688459,哈铁科技,0.03478917
6404,2025-01-23,420,吉林化纤,0.034775846
6405,2025-01-22,601156,东航物流,0.0347598
6406,2025-01-24,603601,再升科技,0.0347577
6407,2025-01-23,688090,瑞松科技,0.03474556
6408,2025-01-23,300151,昌红科技,0.03473535
6409,2025-01-22,600533,栖霞建设,0.034735326
6410,2025-01-23,1279,强邦新材,0.034724824
6411,2025-01-24,2687,乔治白,0.034724075
6412,2025-01-22,2544,普天科技,0.034723163
6413,2025-01-22,2741,光华科技,0.034722093
6414,2025-01-24,300903,科翔股份,0.034720186
6415,2025-01-23,725,京东方Ａ,0.03471379
6416,2025-01-24,985,大庆华科,0.03471281
6417,2025-01-23,605365,立达信,0.03470852
6418,2025-01-22,600905,三峡能源,0.034705475
6419,2025-01-24,2690,美亚光电,0.034695525
6420,2025-01-22,300675,建科院,0.0346833
6421,2025-01-23,301067,显盈科技,0.034683075
6422,2025-01-24,300136,信维通信,0.03467967
6423,2025-01-24,2010,传化智联,0.034678284
6424,2025-01-22,601222,林洋能源,0.034674563
6425,2025-01-22,600320,振华重工,0.03467147
6426,2025-01-24,600850,电科数字,0.034663584
6427,2025-01-24,2981,朝阳科技,0.034657296
6428,2025-01-23,528,柳    工,0.034656093
6429,2025-01-23,155,川能动力,0.034649696
6430,2025-01-24,600643,爱建集团,0.0346454
6431,2025-01-23,301358,湖南裕能,0.03463832
6432,2025-01-24,2622,皓宸医疗,0.03463734
6433,2025-01-22,600266,城建发展,0.03463551
6434,2025-01-24,600326,西藏天路,0.034614287
6435,2025-01-23,600860,京城股份,0.0346142
6436,2025-01-24,300864,南大环境,0.034612216
6437,2025-01-23,603616,韩建河山,0.034610648
6438,2025-01-24,605055,迎丰股份,0.034605004
6439,2025-01-23,600036,招商银行,0.03459468
6440,2025-01-23,2134,天津普林,0.03458347
6441,2025-01-24,2015,协鑫能科,0.034579072
6442,2025-01-24,603538,美诺华,0.034574777
6443,2025-01-23,926,福星股份,0.034570146
6444,2025-01-24,600825,新华传媒,0.034564104
6445,2025-01-24,2920,德赛西威,0.034563184
6446,2025-01-24,600790,轻纺城,0.03456288
6447,2025-01-22,688203,海正生材,0.034553785
6448,2025-01-24,300897,山科智能,0.03454878
6449,2025-01-22,1279,强邦新材,0.03454478
6450,2025-01-22,300251,光线传媒,0.0345339
6451,2025-01-22,601101,昊华能源,0.03451161
6452,2025-01-24,601022,宁波远洋,0.03451039
6453,2025-01-22,688163,赛伦生物,0.034509894
6454,2025-01-23,688110,东芯股份,0.03450819
6455,2025-01-22,572,海马汽车,0.034506746
6456,2025-01-24,301371,敷尔佳,0.034506112
6457,2025-01-24,301205,联特科技,0.03450497
6458,2025-01-23,688371,菲沃泰,0.03450371
6459,2025-01-23,300048,合康新能,0.034499884
6460,2025-01-22,2836,新宏泽,0.03449656
6461,2025-01-24,300148,天舟文化,0.03448945
6462,2025-01-24,300405,科隆股份,0.034485694
6463,2025-01-24,300497,富祥药业,0.034485202
6464,2025-01-22,688560,明冠新材,0.03448122
6465,2025-01-22,2936,郑州银行,0.034479342
6466,2025-01-23,2340,格林美,0.034477796
6467,2025-01-22,2128,电投能源,0.034463644
6468,2025-01-23,600688,上海石化,0.034462515
6469,2025-01-22,719,中原传媒,0.034454837
6470,2025-01-23,300466,赛摩智能,0.034454014
6471,2025-01-22,301505,苏州规划,0.03445363
6472,2025-01-23,300905,宝丽迪,0.034449544
6473,2025-01-23,603036,如通股份,0.03443443
6474,2025-01-22,2283,天润工业,0.034428567
6475,2025-01-22,603083,剑桥科技,0.034398902
6476,2025-01-23,600562,国睿科技,0.034396373
6477,2025-01-23,688588,凌志软件,0.034396227
6478,2025-01-24,688523,航天环宇,0.034393836
6479,2025-01-24,300482,万孚生物,0.034381293
6480,2025-01-22,601808,中海油服,0.03437979
6481,2025-01-24,301353,普莱得,0.03437739
6482,2025-01-24,655,金岭矿业,0.034375064
6483,2025-01-24,300215,电科院,0.034370378
6484,2025-01-23,600735,新华锦,0.034368325
6485,2025-01-23,600429,三元股份,0.034362562
6486,2025-01-24,688001,华兴源创,0.034361783
6487,2025-01-24,603102,百合股份,0.034346383
6488,2025-01-24,600529,山东药玻,0.034337334
6489,2025-01-23,2998,优彩资源,0.0343261
6490,2025-01-22,2017,东信和平,0.03431711
6491,2025-01-22,601916,浙商银行,0.03431636
6492,2025-01-22,300098,高新兴,0.034294564
6493,2025-01-23,2923,润都股份,0.034290202
6494,2025-01-23,600681,百川能源,0.034289543
6495,2025-01-24,407,胜利股份,0.03428577
6496,2025-01-23,2144,宏达高科,0.03428198
6497,2025-01-24,301086,鸿富瀚,0.034279756
6498,2025-01-24,600817,宇通重工,0.034270875
6499,2025-01-22,300008,天海防务,0.034261554
6500,2025-01-22,300272,开能健康,0.0342556
6501,2025-01-24,600197,伊力特,0.034252178
6502,2025-01-24,2486,嘉麟杰,0.03424985
6503,2025-01-23,605001,威奥股份,0.034244787
6504,2025-01-23,300623,捷捷微电,0.034233518
6505,2025-01-24,300698,万马科技,0.034229144
6506,2025-01-22,716,黑芝麻,0.03422898
6507,2025-01-22,300126,锐奇股份,0.034228437
6508,2025-01-24,603301,振德医疗,0.034224957
6509,2025-01-24,300314,戴维医疗,0.034224547
6510,2025-01-23,300894,火星人,0.034223452
6511,2025-01-23,600906,财达证券,0.034221377
6512,2025-01-24,2335,科华数据,0.034219664
6513,2025-01-22,300287,飞利信,0.034211837
6514,2025-01-22,600725,云维股份,0.034205187
6515,2025-01-23,300390,天华新能,0.03420339
6516,2025-01-23,300535,达威股份,0.034195244
6517,2025-01-22,605089,味知香,0.034193873
6518,2025-01-24,2831,裕同科技,0.034192428
6519,2025-01-23,600436,片仔癀,0.0341685
6520,2025-01-22,66,中国长城,0.034161452
6521,2025-01-22,2153,石基信息,0.034161214
6522,2025-01-23,603759,海天股份,0.03416106
6523,2025-01-24,2403,爱仕达,0.03415344
6524,2025-01-24,2609,捷顺科技,0.034147043
6525,2025-01-24,688105,诺唯赞,0.034139074
6526,2025-01-24,688505,复旦张江,0.03413868
6527,2025-01-24,600329,达仁堂,0.034138456
6528,2025-01-22,688439,振华风光,0.03413553
6529,2025-01-23,2137,实益达,0.034130953
6530,2025-01-24,301208,中亦科技,0.03412398
6531,2025-01-24,2244,滨江集团,0.03411885
6532,2025-01-23,300946,恒而达,0.034112014
6533,2025-01-24,600801,华新水泥,0.03409989
6534,2025-01-22,2554,惠博普,0.034086585
6535,2025-01-24,603755,日辰股份,0.034080464
6536,2025-01-22,885,城发环境,0.034077607
6537,2025-01-22,301539,宏鑫科技,0.03407039
6538,2025-01-24,300724,捷佳伟创,0.034068443
6539,2025-01-22,300612,宣亚国际,0.03406438
6540,2025-01-23,2099,海翔药业,0.034057654
6541,2025-01-24,600993,马应龙,0.03405215
6542,2025-01-23,301130,西点药业,0.034050643
6543,2025-01-24,688066,航天宏图,0.034048587
6544,2025-01-22,300243,瑞丰高材,0.03403812
6545,2025-01-23,598,兴蓉环境,0.034035653
6546,2025-01-23,600004,白云机场,0.03403288
6547,2025-01-23,815,美利云,0.034032695
6548,2025-01-22,600862,中航高科,0.034030467
6549,2025-01-23,300327,中颖电子,0.034023467
6550,2025-01-24,600496,精工钢构,0.03402255
6551,2025-01-24,600791,京能置业,0.034019142
6552,2025-01-24,300048,合康新能,0.034016855
6553,2025-01-23,603139,康惠制药,0.034011107
6554,2025-01-23,688630,芯碁微装,0.033993997
6555,2025-01-24,601188,龙江交通,0.033990588
6556,2025-01-24,600332,白云山,0.033985555
6557,2025-01-22,300736,百邦科技,0.0339789
6558,2025-01-24,1337,四川黄金,0.0339744
6559,2025-01-23,603739,蔚蓝生物,0.03397319
6560,2025-01-22,301446,福事特,0.03397129
6561,2025-01-22,2432,九安医疗,0.03396812
6562,2025-01-22,2144,宏达高科,0.03394703
6563,2025-01-22,603227,雪峰科技,0.03394324
6564,2025-01-23,600653,申华控股,0.033938415
6565,2025-01-23,338,潍柴动力,0.033927828
6566,2025-01-22,688229,博睿数据,0.033922885
6567,2025-01-22,600742,一汽富维,0.033912964
6568,2025-01-24,2216,三全食品,0.033909936
6569,2025-01-22,301303,真兰仪表,0.033909883
6570,2025-01-22,301103,何氏眼科,0.033907287
6571,2025-01-22,600111,北方稀土,0.03390545
6572,2025-01-23,603162,海通发展,0.03390473
6573,2025-01-23,2080,中材科技,0.033904597
6574,2025-01-24,600635,大众公用,0.033903666
6575,2025-01-23,688550,瑞联新材,0.03389488
6576,2025-01-23,300193,佳士科技,0.03388657
6577,2025-01-23,601377,兴业证券,0.03388468
6578,2025-01-24,2205,国统股份,0.033882566
6579,2025-01-23,300320,海达股份,0.033880882
6580,2025-01-22,603303,得邦照明,0.033878554
6581,2025-01-24,301321,翰博高新,0.033874854
6582,2025-01-22,688216,气派科技,0.0338667
6583,2025-01-23,301631,壹连科技,0.033865515
6584,2025-01-24,688548,广钢气体,0.033862464
6585,2025-01-22,300520,科大国创,0.033856917
6586,2025-01-24,301175,中科环保,0.03385504
6587,2025-01-23,2408,齐翔腾达,0.03385218
6588,2025-01-23,603185,弘元绿能,0.033852108
6589,2025-01-22,603768,常青股份,0.03384928
6590,2025-01-23,848,承德露露,0.033847187
6591,2025-01-23,300841,康华生物,0.03382972
6592,2025-01-22,688395,正弦电气,0.03382287
6593,2025-01-24,601021,春秋航空,0.033810288
6594,2025-01-24,554,泰山石油,0.033786964
6595,2025-01-22,600363,联创光电,0.033782646
6596,2025-01-24,600846,同济科技,0.033771485
6597,2025-01-22,2556,辉隆股份,0.033769917
6598,2025-01-23,2452,长高电新,0.0337691
6599,2025-01-22,603937,丽岛新材,0.033762846
6600,2025-01-24,300770,新媒股份,0.03376015
6601,2025-01-24,300665,飞鹿股份,0.03375486
6602,2025-01-22,688210,统联精密,0.03375013
6603,2025-01-24,300041,回天新材,0.033736143
6604,2025-01-23,25,特  力Ａ,0.033734377
6605,2025-01-23,605123,派克新材,0.033732776
6606,2025-01-24,600127,金健米业,0.03373084
6607,2025-01-24,603001,奥康国际,0.03372379
6608,2025-01-24,600693,东百集团,0.033718765
6609,2025-01-23,300590,移为通信,0.033715412
6610,2025-01-24,300983,尤安设计,0.033707518
6611,2025-01-23,603385,惠达卫浴,0.033705235
6612,2025-01-23,603060,国检集团,0.033699628
6613,2025-01-23,676,智度股份,0.03368912
6614,2025-01-23,301180,万祥科技,0.033688378
6615,2025-01-23,603315,福鞍股份,0.033684358
6616,2025-01-24,600435,北方导航,0.03367926
6617,2025-01-23,301229,纽泰格,0.033678513
6618,2025-01-22,300662,科锐国际,0.03367735
6619,2025-01-22,600538,国发股份,0.033664174
6620,2025-01-24,859,国风新材,0.03365948
6621,2025-01-22,600612,老凤祥,0.033646796
6622,2025-01-23,2458,益生股份,0.03364553
6623,2025-01-23,300121,阳谷华泰,0.033641487
6624,2025-01-23,300793,佳禾智能,0.033641104
6625,2025-01-24,300483,首华燃气,0.03363647
6626,2025-01-22,2686,亿利达,0.03362792
6627,2025-01-22,301305,朗坤环境,0.03362712
6628,2025-01-23,2267,陕天然气,0.033622056
6629,2025-01-22,600478,科力远,0.033617508
6630,2025-01-23,603276,恒兴新材,0.033616602
6631,2025-01-24,600499,科达制造,0.033615924
6632,2025-01-24,766,通化金马,0.033614423
6633,2025-01-23,688219,会通股份,0.033614364
6634,2025-01-23,600742,一汽富维,0.033602413
6635,2025-01-23,2540,亚太科技,0.03359738
6636,2025-01-23,688213,思特威-W,0.033586856
6637,2025-01-23,735,罗 牛 山,0.033580165
6638,2025-01-23,688237,超卓航科,0.03357369
6639,2025-01-22,603011,合锻智能,0.033567023
6640,2025-01-24,301618,长联科技,0.033550173
6641,2025-01-24,300291,百纳千成,0.033542864
6642,2025-01-23,688025,杰普特,0.033538226
6643,2025-01-22,810,创维数字,0.033537075
6644,2025-01-22,600594,益佰制药,0.033536896
6645,2025-01-22,2224,三 力 士,0.03353101
6646,2025-01-23,601001,晋控煤业,0.033522997
6647,2025-01-23,688105,诺唯赞,0.033514746
6648,2025-01-24,1219,青岛食品,0.033510394
6649,2025-01-22,2791,坚朗五金,0.033510294
6650,2025-01-22,625,长安汽车,0.033508237
6651,2025-01-22,600820,隧道股份,0.03350757
6652,2025-01-24,300416,苏试试验,0.033502474
6653,2025-01-24,2552,宝鼎科技,0.03350135
6654,2025-01-24,300016,北陆药业,0.03349306
6655,2025-01-24,688368,晶丰明源,0.033492833
6656,2025-01-24,603276,恒兴新材,0.03349184
6657,2025-01-24,688396,华润微,0.03349092
6658,2025-01-23,600638,新黄浦,0.033470716
6659,2025-01-24,688626,翔宇医疗,0.033466686
6660,2025-01-22,301012,扬电科技,0.033440135
6661,2025-01-23,300993,玉马科技,0.03343339
6662,2025-01-23,650,仁和药业,0.033429738
6663,2025-01-23,600248,陕建股份,0.03342337
6664,2025-01-24,300111,向日葵,0.033421475
6665,2025-01-24,603360,百傲化学,0.033412658
6666,2025-01-23,301399,英特科技,0.033410035
6667,2025-01-22,600377,宁沪高速,0.033404022
6668,2025-01-24,300371,汇中股份,0.0333965
6669,2025-01-24,600256,广汇能源,0.033391178
6670,2025-01-24,605117,德业股份,0.03338929
6671,2025-01-24,688382,益方生物-U,0.033386424
6672,2025-01-23,603327,福蓉科技,0.03338573
6673,2025-01-24,2703,浙江世宝,0.033384886
6674,2025-01-22,300614,百川畅银,0.033343904
6675,2025-01-24,603690,至纯科技,0.03334181
6676,2025-01-24,300717,华信新材,0.033335984
6677,2025-01-23,300712,永福股份,0.03333278
6678,2025-01-23,301617,博苑股份,0.033324063
6679,2025-01-24,3023,彩虹集团,0.03332397
6680,2025-01-23,301187,欧圣电气,0.033316664
6681,2025-01-24,600769,祥龙电业,0.033313237
6682,2025-01-24,688210,统联精密,0.03329513
6683,2025-01-23,300145,中金环境,0.03328544
6684,2025-01-23,603806,福斯特,0.033278625
6685,2025-01-22,600877,电科芯片,0.03326661
6686,2025-01-22,2975,博杰股份,0.03326635
6687,2025-01-22,600177,雅戈尔,0.033262488
6688,2025-01-23,301050,雷电微力,0.033262223
6689,2025-01-24,300251,光线传媒,0.03325423
6690,2025-01-23,300444,双杰电气,0.033243313
6691,2025-01-24,600517,国网英大,0.033240803
6692,2025-01-24,300761,立华股份,0.03322702
6693,2025-01-24,600796,钱江生化,0.033218414
6694,2025-01-24,301617,博苑股份,0.033209216
6695,2025-01-23,603866,桃李面包,0.033197924
6696,2025-01-24,2069,獐子岛,0.033196684
6697,2025-01-24,300937,药易购,0.03319474
6698,2025-01-24,600036,招商银行,0.033183504
6699,2025-01-24,300281,金明精机,0.033179037
6700,2025-01-23,603290,斯达半导,0.033177704
6701,2025-01-24,2074,国轩高科,0.033172373
6702,2025-01-24,600188,兖矿能源,0.033172354
6703,2025-01-22,301369,联动科技,0.033163894
6704,2025-01-23,300255,常山药业,0.033123218
6705,2025-01-22,605028,世茂能源,0.03312307
6706,2025-01-24,600876,凯盛新能,0.0331194
6707,2025-01-24,2242,九阳股份,0.033109847
6708,2025-01-22,600475,华光环能,0.033109296
6709,2025-01-24,600249,两面针,0.033105493
6710,2025-01-22,600282,南钢股份,0.033104237
6711,2025-01-23,300441,鲍斯股份,0.033102334
6712,2025-01-22,300355,蒙草生态,0.033088583
6713,2025-01-22,603239,浙江仙通,0.033082284
6714,2025-01-22,300837,浙矿股份,0.033073146
6715,2025-01-24,2057,中钢天源,0.033072524
6716,2025-01-24,300345,华民股份,0.033070333
6717,2025-01-22,300948,冠中生态,0.033059068
6718,2025-01-24,688181,八亿时空,0.033047806
6719,2025-01-24,600771,广誉远,0.033046227
6720,2025-01-22,2375,亚厦股份,0.03304451
6721,2025-01-23,592,平潭发展,0.03304017
6722,2025-01-22,603097,江苏华辰,0.033032738
6723,2025-01-24,603214,爱婴室,0.033027057
6724,2025-01-23,600353,旭光电子,0.033018395
6725,2025-01-24,603767,中马传动,0.033015966
6726,2025-01-23,301618,长联科技,0.032995384
6727,2025-01-22,2480,新筑股份,0.032993864
6728,2025-01-24,2809,红墙股份,0.032991655
6729,2025-01-22,600217,中再资环,0.032987647
6730,2025-01-23,2372,伟星新材,0.032986037
6731,2025-01-23,300916,朗特智能,0.032976348
6732,2025-01-24,630,铜陵有色,0.03297172
6733,2025-01-23,301361,众智科技,0.032970328
6734,2025-01-22,301507,民生健康,0.032968055
6735,2025-01-22,776,广发证券,0.032955457
6736,2025-01-22,688057,金达莱,0.03294951
6737,2025-01-24,688371,菲沃泰,0.03294551
6738,2025-01-23,2019,亿帆医药,0.032942645
6739,2025-01-24,603390,通达电气,0.032933965
6740,2025-01-24,600787,中储股份,0.032929707
6741,2025-01-22,600545,卓郎智能,0.032926325
6742,2025-01-24,600518,康美药业,0.032925393
6743,2025-01-22,300169,天晟新材,0.03292425
6744,2025-01-24,300535,达威股份,0.03292219
6745,2025-01-23,300964,本川智能,0.032920454
6746,2025-01-23,600805,悦达投资,0.03291725
6747,2025-01-22,600009,上海机场,0.03291632
6748,2025-01-24,568,泸州老窖,0.03291318
6749,2025-01-23,301217,铜冠铜箔,0.032902613
6750,2025-01-24,605008,长鸿高科,0.03290252
6751,2025-01-22,600336,澳柯玛,0.032896496
6752,2025-01-22,600017,日照港,0.032891694
6753,2025-01-23,300357,我武生物,0.03289023
6754,2025-01-22,2761,浙江建投,0.032884266
6755,2025-01-22,688710,益诺思,0.032879617
6756,2025-01-24,2506,协鑫集成,0.03287201
6757,2025-01-24,2753,永东股份,0.032868948
6758,2025-01-23,2339,积成电子,0.03286675
6759,2025-01-24,557,西部创业,0.032864146
6760,2025-01-23,2997,瑞鹄模具,0.032863375
6761,2025-01-22,883,湖北能源,0.03285726
6762,2025-01-22,301197,工大科雅,0.032856707
6763,2025-01-23,688169,石头科技,0.032853894
6764,2025-01-23,300958,建工修复,0.032852165
6765,2025-01-24,600547,山东黄金,0.032835368
6766,2025-01-22,301017,漱玉平民,0.03283462
6767,2025-01-23,600123,兰花科创,0.032813977
6768,2025-01-23,1324,长青科技,0.03281202
6769,2025-01-24,2236,大华股份,0.032807592
6770,2025-01-22,603032,德新科技,0.032796722
6771,2025-01-22,600674,川投能源,0.032786213
6772,2025-01-22,600189,泉阳泉,0.032768857
6773,2025-01-22,300107,建新股份,0.032762792
6774,2025-01-23,688610,埃科光电,0.032756224
6775,2025-01-24,852,石化机械,0.03275445
6776,2025-01-23,601929,吉视传媒,0.032754157
6777,2025-01-22,603701,德宏股份,0.032734007
6778,2025-01-24,600338,西藏珠峰,0.032732345
6779,2025-01-22,2026,山东威达,0.032731354
6780,2025-01-22,601929,吉视传媒,0.032731183
6781,2025-01-24,833,粤桂股份,0.032716457
6782,2025-01-24,600339,中油工程,0.03270941
6783,2025-01-24,301091,深城交,0.032702852
6784,2025-01-24,300887,谱尼测试,0.032702148
6785,2025-01-22,300470,中密控股,0.032687165
6786,2025-01-22,600029,南方航空,0.032684505
6787,2025-01-24,301525,儒竞科技,0.032683115
6788,2025-01-23,300176,鸿特科技,0.03268126
6789,2025-01-23,605077,华康股份,0.032676764
6790,2025-01-24,528,柳    工,0.032674473
6791,2025-01-22,301060,兰卫医学,0.03267429
6792,2025-01-22,301128,强瑞技术,0.032674152
6793,2025-01-22,300195,长荣股份,0.032669082
6794,2025-01-24,300181,佐力药业,0.032663085
6795,2025-01-24,2241,歌尔股份,0.03265469
6796,2025-01-23,2519,银河电子,0.032653667
6797,2025-01-23,2474,榕基软件,0.032648697
6798,2025-01-22,2507,涪陵榨菜,0.032644987
6799,2025-01-24,300867,圣元环保,0.032636985
6800,2025-01-24,688083,中望软件,0.03263162
6801,2025-01-23,2777,久远银海,0.03262607
6802,2025-01-23,603207,小方制药,0.032622535
6803,2025-01-24,825,太钢不锈,0.032609742
6804,2025-01-22,600517,国网英大,0.03260121
6805,2025-01-24,301207,华兰疫苗,0.03260056
6806,2025-01-22,600525,长园集团,0.03259516
6807,2025-01-24,828,东莞控股,0.032593943
6808,2025-01-24,100,TCL科技,0.032592945
6809,2025-01-22,301586,佳力奇,0.032588
6810,2025-01-24,600780,通宝能源,0.032580465
6811,2025-01-22,603956,威派格,0.032558706
6812,2025-01-23,1277,速达股份,0.032557428
6813,2025-01-24,727,冠捷科技,0.03255031
6814,2025-01-22,300663,科蓝软件,0.0325428
6815,2025-01-23,703,恒逸石化,0.0325246
6816,2025-01-22,301528,多浦乐,0.03252077
6817,2025-01-24,300745,欣锐科技,0.032518946
6818,2025-01-22,600008,首创环保,0.032512892
6819,2025-01-22,2828,贝肯能源,0.03251088
6820,2025-01-23,2111,威海广泰,0.032507002
6821,2025-01-22,603395,红四方,0.032501698
6822,2025-01-22,2866,传艺科技,0.032478645
6823,2025-01-23,630,铜陵有色,0.0324775
6824,2025-01-24,688432,有研硅,0.032471906
6825,2025-01-24,603178,圣龙股份,0.03246984
6826,2025-01-22,927,中国铁物,0.03246344
6827,2025-01-22,559,万向钱潮,0.032456413
6828,2025-01-24,2376,新北洋,0.032455903
6829,2025-01-23,600125,铁龙物流,0.032450564
6830,2025-01-22,600332,白云山,0.032445624
6831,2025-01-24,767,晋控电力,0.032443747
6832,2025-01-22,300274,阳光电源,0.0324426
6833,2025-01-24,2266,浙富控股,0.032423023
6834,2025-01-22,995,皇台酒业,0.03241817
6835,2025-01-22,603179,新泉股份,0.032416664
6836,2025-01-24,601500,通用股份,0.032416515
6837,2025-01-22,601939,建设银行,0.032416083
6838,2025-01-24,2406,远东传动,0.032415867
6839,2025-01-22,301116,益客食品,0.032397356
6840,2025-01-23,600675,中华企业,0.03239308
6841,2025-01-24,688309,恒誉环保,0.032391213
6842,2025-01-23,688036,传音控股,0.032386318
6843,2025-01-24,600512,腾达建设,0.03238403
6844,2025-01-24,603558,健盛集团,0.032381635
6845,2025-01-24,601568,北元集团,0.032376375
6846,2025-01-24,301288,清研环境,0.032375127
6847,2025-01-23,96,广聚能源,0.03237504
6848,2025-01-24,2029,七 匹 狼,0.032371305
6849,2025-01-22,600350,山东高速,0.032348283
6850,2025-01-23,600059,古越龙山,0.032345258
6851,2025-01-22,300653,正海生物,0.032334656
6852,2025-01-23,688328,深科达,0.03232029
6853,2025-01-24,301003,江苏博云,0.03231982
6854,2025-01-24,301559,中集环科,0.032318622
6855,2025-01-24,603098,森特股份,0.032309044
6856,2025-01-23,688680,海优新材,0.03230634
6857,2025-01-24,603037,凯众股份,0.03230152
6858,2025-01-23,600233,圆通速递,0.032295
6859,2025-01-24,603060,国检集团,0.032283857
6860,2025-01-22,2195,岩山科技,0.03227986
6861,2025-01-23,2415,海康威视,0.03227651
6862,2025-01-22,688378,奥来德,0.032273903
6863,2025-01-23,603685,晨丰科技,0.032266174
6864,2025-01-24,2842,翔鹭钨业,0.0322586
6865,2025-01-24,301505,苏州规划,0.032249145
6866,2025-01-23,2623,亚玛顿,0.032248024
6867,2025-01-24,300942,易瑞生物,0.032242313
6868,2025-01-23,301090,华润材料,0.03223118
6869,2025-01-22,301237,和顺科技,0.032229867
6870,2025-01-24,603273,天元智能,0.03219792
6871,2025-01-24,603268,松发股份,0.032184746
6872,2025-01-24,301211,亨迪药业,0.032181673
6873,2025-01-24,301392,汇成真空,0.032170407
6874,2025-01-22,756,新华制药,0.03215889
6875,2025-01-23,600995,南网储能,0.03215097
6876,2025-01-22,600679,上海凤凰,0.032148913
6877,2025-01-22,300883,龙利得,0.032148294
6878,2025-01-24,301065,本立科技,0.03214398
6879,2025-01-24,2963,豪尔赛,0.032143645
6880,2025-01-24,603070,万控智造,0.032139283
6881,2025-01-24,600315,上海家化,0.032132313
6882,2025-01-22,2769,普路通,0.03212999
6883,2025-01-24,1229,魅视科技,0.03212512
6884,2025-01-24,603369,今世缘,0.032125015
6885,2025-01-23,688236,春立医疗,0.03212258
6886,2025-01-24,605228,神通科技,0.032120395
6887,2025-01-23,688321,微芯生物,0.03210902
6888,2025-01-24,2941,新疆交建,0.03210593
6889,2025-01-22,600768,宁波富邦,0.032102235
6890,2025-01-22,601111,中国国航,0.032092825
6891,2025-01-22,301421,波长光电,0.032088377
6892,2025-01-24,25,特  力Ａ,0.032074384
6893,2025-01-22,300220,金运激光,0.032072727
6894,2025-01-24,600839,四川长虹,0.03205924
6895,2025-01-23,603810,丰山集团,0.03205806
6896,2025-01-23,301179,泽宇智能,0.032052577
6897,2025-01-22,2201,正威新材,0.03205044
6898,2025-01-24,2501,利源股份,0.032050192
6899,2025-01-24,2755,奥赛康,0.032050118
6900,2025-01-23,600853,龙建股份,0.032048978
6901,2025-01-24,600718,东软集团,0.03203749
6902,2025-01-24,603533,掌阅科技,0.032034256
6903,2025-01-22,300753,爱朋医疗,0.0320281
6904,2025-01-22,603444,吉比特,0.0320233
6905,2025-01-22,2362,汉王科技,0.032022163
6906,2025-01-24,603162,海通发展,0.03202191
6907,2025-01-24,600235,民丰特纸,0.032017436
6908,2025-01-22,600992,贵绳股份,0.032009523
6909,2025-01-24,300340,科恒股份,0.032008383
6910,2025-01-22,300332,天壕能源,0.031999774
6911,2025-01-24,603115,海星股份,0.03199875
6912,2025-01-23,995,皇台酒业,0.031985834
6913,2025-01-22,3035,南网能源,0.03198521
6914,2025-01-22,932,华菱钢铁,0.03197753
6915,2025-01-22,301089,拓新药业,0.0319741
6916,2025-01-22,603656,泰禾智能,0.03196934
6917,2025-01-23,906,浙商中拓,0.031968456
6918,2025-01-22,601096,宏盛华源,0.031965066
6919,2025-01-22,2099,海翔药业,0.03196307
6920,2025-01-24,42,中洲控股,0.031957068
6921,2025-01-22,415,渤海租赁,0.031955563
6922,2025-01-23,300450,先导智能,0.031945467
6923,2025-01-24,600168,武汉控股,0.031939477
6924,2025-01-24,2877,智能自控,0.03193792
6925,2025-01-22,688147,微导纳米,0.03192021
6926,2025-01-24,300009,安科生物,0.031897318
6927,2025-01-23,2205,国统股份,0.031882852
6928,2025-01-24,603121,华培动力,0.03188274
6929,2025-01-24,601878,浙商证券,0.03186862
6930,2025-01-24,600720,中交设计,0.03185935
6931,2025-01-22,792,盐湖股份,0.031858947
6932,2025-01-24,603327,福蓉科技,0.031856343
6933,2025-01-22,300606,金太阳,0.031852692
6934,2025-01-22,688529,豪森智能,0.031848
6935,2025-01-24,601899,紫金矿业,0.03184379
6936,2025-01-23,600993,马应龙,0.031841937
6937,2025-01-23,600973,宝胜股份,0.031836785
6938,2025-01-24,301112,信邦智能,0.031827774
6939,2025-01-22,300402,宝色股份,0.031823687
6940,2025-01-22,2648,卫星化学,0.031820647
6941,2025-01-23,661,长春高新,0.03181716
6942,2025-01-24,600325,华发股份,0.03180916
6943,2025-01-24,603979,金诚信,0.031806078
6944,2025-01-22,300639,凯普生物,0.0317939
6945,2025-01-22,2019,亿帆医药,0.031790134
6946,2025-01-23,300686,智动力,0.03177327
6947,2025-01-24,603721,中广天择,0.031770702
6948,2025-01-23,2207,准油股份,0.03174297
6949,2025-01-22,300142,沃森生物,0.031734735
6950,2025-01-23,892,欢瑞世纪,0.031728774
6951,2025-01-23,600339,中油工程,0.031728577
6952,2025-01-23,2091,江苏国泰,0.0317219
6953,2025-01-23,300975,商络电子,0.031721644
6954,2025-01-23,300725,药石科技,0.031719994
6955,2025-01-22,688569,铁科轨道,0.031696815
6956,2025-01-24,601319,中国人保,0.031693157
6957,2025-01-24,300046,台基股份,0.03169283
6958,2025-01-24,605098,行动教育,0.03168986
6959,2025-01-24,600958,东方证券,0.031678937
6960,2025-01-24,300861,美畅股份,0.031675078
6961,2025-01-22,2264,新 华 都,0.031667303
6962,2025-01-22,2634,棒杰股份,0.031662416
6963,2025-01-22,300030,阳普医疗,0.03166132
6964,2025-01-23,301309,万得凯,0.031657368
6965,2025-01-23,301419,阿莱德,0.031652942
6966,2025-01-22,600569,安阳钢铁,0.03164423
6967,2025-01-22,600010,包钢股份,0.031643026
6968,2025-01-23,603345,安井食品,0.031642776
6969,2025-01-22,603628,清源股份,0.031640057
6970,2025-01-24,2054,德美化工,0.03163905
6971,2025-01-23,517,荣安地产,0.03163635
6972,2025-01-22,600368,五洲交通,0.031623982
6973,2025-01-22,688356,键凯科技,0.03161747
6974,2025-01-23,300481,濮阳惠成,0.031611092
6975,2025-01-24,600871,石化油服,0.031602766
6976,2025-01-23,600127,金健米业,0.031588312
6977,2025-01-22,898,鞍钢股份,0.031577162
6978,2025-01-24,2327,富安娜,0.031574033
6979,2025-01-23,600516,方大炭素,0.03155954
6980,2025-01-24,301580,爱迪特,0.031556908
6981,2025-01-22,600641,万业企业,0.031556446
6982,2025-01-24,300633,开立医疗,0.031554967
6983,2025-01-22,688391,钜泉科技,0.031546503
6984,2025-01-24,2101,广东鸿图,0.031537898
6985,2025-01-22,600036,招商银行,0.031536646
6986,2025-01-24,300110,华仁药业,0.031529393
6987,2025-01-24,301097,天益医疗,0.031527247
6988,2025-01-24,300475,香农芯创,0.03152471
6989,2025-01-24,300584,海辰药业,0.03152425
6990,2025-01-22,603035,常熟汽饰,0.03151416
6991,2025-01-23,2753,永东股份,0.031511106
6992,2025-01-22,301003,江苏博云,0.031508368
6993,2025-01-23,300761,立华股份,0.031490024
6994,2025-01-24,2783,凯龙股份,0.031489708
6995,2025-01-23,688697,纽威数控,0.031487957
6996,2025-01-24,600703,三安光电,0.03148758
6997,2025-01-24,600100,同方股份,0.031479508
6998,2025-01-22,300864,南大环境,0.031455666
6999,2025-01-24,600460,士兰微,0.031441614
7000,2025-01-23,300269,联建光电,0.03144105
7001,2025-01-22,605268,王力安防,0.03143931
7002,2025-01-23,300246,宝莱特,0.03142425
7003,2025-01-24,601969,海南矿业,0.031409487
7004,2025-01-23,688616,西力科技,0.031388845
7005,2025-01-24,688418,震有科技,0.031382114
7006,2025-01-23,2516,旷达科技,0.031378713
7007,2025-01-24,600509,天富能源,0.03137782
7008,2025-01-22,600816,建元信托,0.0313586
7009,2025-01-24,300517,海波重科,0.031349026
7010,2025-01-23,600720,中交设计,0.03133143
7011,2025-01-22,600884,杉杉股份,0.03132802
7012,2025-01-23,2689,远大智能,0.031321313
7013,2025-01-24,300346,南大光电,0.03131329
7014,2025-01-23,600822,上海物贸,0.031311225
7015,2025-01-24,603066,音飞储存,0.031310696
7016,2025-01-24,300315,掌趣科技,0.03129853
7017,2025-01-23,601339,百隆东方,0.03129301
7018,2025-01-22,300966,共同药业,0.031288326
7019,2025-01-23,301339,通行宝,0.031282336
7020,2025-01-23,2007,华兰生物,0.031271152
7021,2025-01-23,2838,道恩股份,0.031268198
7022,2025-01-23,603116,红蜻蜓,0.031251434
7023,2025-01-23,600547,山东黄金,0.031246612
7024,2025-01-22,600536,中国软件,0.031244256
7025,2025-01-22,600231,凌钢股份,0.031240026
7026,2025-01-24,603357,设计总院,0.031238327
7027,2025-01-24,688568,中科星图,0.031236539
7028,2025-01-24,600527,江南高纤,0.031236362
7029,2025-01-22,601166,兴业银行,0.031236136
7030,2025-01-23,2550,千红制药,0.031235497
7031,2025-01-24,2372,伟星新材,0.031225078
7032,2025-01-24,2983,芯瑞达,0.031217404
7033,2025-01-23,795,英洛华,0.031213485
7034,2025-01-23,600388,龙净环保,0.031208584
7035,2025-01-23,601968,宝钢包装,0.031201722
7036,2025-01-24,605567,春雪食品,0.031200577
7037,2025-01-24,2387,维信诺,0.031200405
7038,2025-01-24,301292,海科新源,0.031188417
7039,2025-01-23,600318,新力金融,0.031185325
7040,2025-01-22,300801,泰和科技,0.031178975
7041,2025-01-23,2266,浙富控股,0.031177964
7042,2025-01-24,601222,林洋能源,0.031175207
7043,2025-01-24,300516,久之洋,0.031175118
7044,2025-01-22,1378,德冠新材,0.031172778
7045,2025-01-24,601995,中金公司,0.031133194
7046,2025-01-23,2783,凯龙股份,0.031130852
7047,2025-01-22,3816,中国广核,0.031121723
7048,2025-01-22,601669,中国电建,0.031120827
7049,2025-01-24,601880,辽港股份,0.031113852
7050,2025-01-24,601999,出版传媒,0.031078884
7051,2025-01-22,603778,国晟科技,0.03107697
7052,2025-01-23,1872,招商港口,0.031074302
7053,2025-01-22,600620,天宸股份,0.031070476
7054,2025-01-23,2115,三维通信,0.031063862
7055,2025-01-24,688516,奥特维,0.031062199
7056,2025-01-23,601899,紫金矿业,0.03106124
7057,2025-01-24,603650,彤程新材,0.0310599
7058,2025-01-24,2487,大金重工,0.031055111
7059,2025-01-22,301512,智信精密,0.031047031
7060,2025-01-22,300749,顶固集创,0.031033792
7061,2025-01-23,2608,江苏国信,0.031033598
7062,2025-01-24,300667,必创科技,0.031032935
7063,2025-01-23,603937,丽岛新材,0.031028222
7064,2025-01-22,301045,天禄科技,0.031027908
7065,2025-01-22,600468,百利电气,0.031027094
7066,2025-01-23,300589,江龙船艇,0.031022111
7067,2025-01-23,688449,联芸科技,0.031018827
7068,2025-01-22,2993,奥海科技,0.031017175
7069,2025-01-23,301193,家联科技,0.03100983
7070,2025-01-24,300642,透景生命,0.031009734
7071,2025-01-22,600853,龙建股份,0.031009626
7072,2025-01-23,300887,谱尼测试,0.03100739
7073,2025-01-24,2870,香山股份,0.031004656
7074,2025-01-24,3015,日久光电,0.031001328
7075,2025-01-24,1298,好上好,0.03098626
7076,2025-01-23,565,渝三峡Ａ,0.030977376
7077,2025-01-24,688315,诺禾致源,0.030975107
7078,2025-01-24,688280,精进电动-UW,0.030967185
7079,2025-01-22,600732,爱旭股份,0.030965481
7080,2025-01-24,601111,中国国航,0.030963821
7081,2025-01-22,301337,亚华电子,0.030961897
7082,2025-01-22,600863,内蒙华电,0.030961448
7083,2025-01-22,601116,三江购物,0.030955492
7084,2025-01-23,655,金岭矿业,0.030946806
7085,2025-01-22,301361,众智科技,0.030938957
7086,2025-01-23,600319,亚星化学,0.0309379
7087,2025-01-24,300928,华安鑫创,0.030937737
7088,2025-01-22,300252,金信诺,0.030929394
7089,2025-01-23,601665,齐鲁银行,0.030929282
7090,2025-01-24,600742,一汽富维,0.030927502
7091,2025-01-23,2728,特一药业,0.030926842
7092,2025-01-22,2512,达华智能,0.030923368
7093,2025-01-22,300786,国林科技,0.03092071
7094,2025-01-22,603577,汇金通,0.030920444
7095,2025-01-24,688012,中微公司,0.030913237
7096,2025-01-24,301183,东田微,0.030889524
7097,2025-01-24,300161,华中数控,0.030883512
7098,2025-01-24,600738,丽尚国潮,0.030876784
7099,2025-01-23,600327,大东方,0.030873127
7100,2025-01-24,300888,稳健医疗,0.030867718
7101,2025-01-24,2355,兴民智通,0.030863063
7102,2025-01-23,839,中信国安,0.030855294
7103,2025-01-22,2948,青岛银行,0.030854769
7104,2025-01-24,603567,珍宝岛,0.030845571
7105,2025-01-23,2520,日发精机,0.030833947
7106,2025-01-24,920,沃顿科技,0.03082126
7107,2025-01-23,300868,杰美特,0.03082089
7108,2025-01-23,2594,比亚迪,0.03080829
7109,2025-01-24,3018,金富科技,0.030786533
7110,2025-01-22,688022,瀚川智能,0.030780813
7111,2025-01-22,605338,巴比食品,0.03076888
7112,2025-01-23,166,申万宏源,0.030760195
7113,2025-01-22,600675,中华企业,0.030758485
7114,2025-01-23,600335,国机汽车,0.03075763
7115,2025-01-24,600320,振华重工,0.030751288
7116,2025-01-23,600561,江西长运,0.030749857
7117,2025-01-22,300041,回天新材,0.030744234
7118,2025-01-22,603041,美思德,0.030734379
7119,2025-01-22,601599,浙文影业,0.030731693
7120,2025-01-24,2626,金达威,0.030727811
7121,2025-01-24,600808,马钢股份,0.03072707
7122,2025-01-24,2498,汉缆股份,0.030725975
7123,2025-01-23,921,海信家电,0.030723263
7124,2025-01-22,603658,安图生物,0.030713495
7125,2025-01-24,2072,凯瑞德,0.030705376
7126,2025-01-24,716,黑芝麻,0.03070415
7127,2025-01-24,300706,阿石创,0.03069536
7128,2025-01-23,300470,中密控股,0.030692019
7129,2025-01-23,600391,航发科技,0.030676913
7130,2025-01-24,600735,新华锦,0.030676665
7131,2025-01-24,600233,圆通速递,0.030672058
7132,2025-01-24,688479,友车科技,0.030666867
7133,2025-01-24,2008,大族激光,0.03064543
7134,2025-01-24,605337,李子园,0.03063615
7135,2025-01-22,300880,迦南智能,0.030629389
7136,2025-01-24,786,北新建材,0.030628573
7137,2025-01-22,300004,南风股份,0.030626921
7138,2025-01-24,603888,新华网,0.03062373
7139,2025-01-23,600609,金杯汽车,0.030623158
7140,2025-01-22,300240,飞力达,0.030622166
7141,2025-01-24,300782,卓胜微,0.030619059
7142,2025-01-23,688356,键凯科技,0.030618707
7143,2025-01-24,600916,中国黄金,0.030615184
7144,2025-01-24,517,荣安地产,0.030608492
7145,2025-01-23,301101,明月镜片,0.030594353
7146,2025-01-24,600429,三元股份,0.030591045
7147,2025-01-24,603331,百达精工,0.030576395
7148,2025-01-22,300780,德恩精工,0.030575084
7149,2025-01-24,2581,未名医药,0.03056825
7150,2025-01-24,300171,东富龙,0.03056565
7151,2025-01-24,300719,安达维尔,0.030556979
7152,2025-01-23,2792,通宇通讯,0.030552465
7153,2025-01-22,600666,奥瑞德,0.030549964
7154,2025-01-24,688598,金博股份,0.030548345
7155,2025-01-24,688680,海优新材,0.03054828
7156,2025-01-24,600877,电科芯片,0.030545672
7157,2025-01-23,2659,凯文教育,0.03054139
7158,2025-01-23,600828,茂业商业,0.030538615
7159,2025-01-24,600903,贵州燃气,0.030530442
7160,2025-01-23,603995,甬金股份,0.030528316
7161,2025-01-24,300131,英唐智控,0.03051764
7162,2025-01-23,300613,富瀚微,0.030511055
7163,2025-01-24,300690,双一科技,0.030493375
7164,2025-01-24,600281,华阳新材,0.030488942
7165,2025-01-24,600101,明星电力,0.030487828
7166,2025-01-24,600561,江西长运,0.03048714
7167,2025-01-24,3019,宸展光电,0.030486934
7168,2025-01-22,603336,宏辉果蔬,0.030484755
7169,2025-01-24,601089,福元医药,0.030458882
7170,2025-01-27,600900,长江电力,0.030452466
7171,2025-01-23,300796,贝斯美,0.030449133
7172,2025-01-22,2723,小崧股份,0.03043889
7173,2025-01-23,1211,双枪科技,0.030430388
7174,2025-01-22,300308,中际旭创,0.030425873
7175,2025-01-22,300605,恒锋信息,0.030425727
7176,2025-01-22,2985,北摩高科,0.030423744
7177,2025-01-24,600241,时代万恒,0.030420136
7178,2025-01-24,605178,时空科技,0.030412823
7179,2025-01-24,591,太阳能,0.030412767
7180,2025-01-24,688190,云路股份,0.030412387
7181,2025-01-24,300484,蓝海华腾,0.030405577
7182,2025-01-24,1339,智微智能,0.030404845
7183,2025-01-23,300707,威唐工业,0.030401025
7184,2025-01-24,603899,晨光股份,0.030400159
7185,2025-01-23,603348,文灿股份,0.030399162
7186,2025-01-22,600738,丽尚国潮,0.030393828
7187,2025-01-23,688563,航材股份,0.030392025
7188,2025-01-24,300967,晓鸣股份,0.030390121
7189,2025-01-24,605001,威奥股份,0.030383881
7190,2025-01-24,683,远兴能源,0.03037733
7191,2025-01-24,688468,科美诊断,0.030373778
7192,2025-01-23,688609,九联科技,0.030371577
7193,2025-01-22,888,峨眉山Ａ,0.030360578
7194,2025-01-23,2959,小熊电器,0.030359956
7195,2025-01-24,300589,江龙船艇,0.030359594
7196,2025-01-23,688549,中巨芯-U,0.030353572
7197,2025-01-24,1288,运机集团,0.03035244
7198,2025-01-23,605300,佳禾食品,0.030345714
7199,2025-01-24,2908,德生科技,0.030332215
7200,2025-01-22,600372,中航机载,0.030330788
7201,2025-01-22,601339,百隆东方,0.030324971
7202,2025-01-22,603486,科沃斯,0.030318093
7203,2025-01-22,600352,浙江龙盛,0.030317573
7204,2025-01-22,300081,恒信东方,0.030315766
7205,2025-01-24,688566,吉贝尔,0.03030483
7206,2025-01-22,601005,重庆钢铁,0.030295447
7207,2025-01-22,300411,金盾股份,0.030292464
7208,2025-01-24,2543,万和电气,0.03028666
7209,2025-01-23,2948,青岛银行,0.03024919
7210,2025-01-22,2486,嘉麟杰,0.03024554
7211,2025-01-24,688652,京仪装备,0.03023941
7212,2025-01-24,600403,大有能源,0.030212974
7213,2025-01-23,600403,大有能源,0.030202625
7214,2025-01-24,2492,恒基达鑫,0.030192196
7215,2025-01-23,688348,昱能科技,0.030185577
7216,2025-01-24,300856,科思股份,0.03018475
7217,2025-01-24,2516,旷达科技,0.030182663
7218,2025-01-23,301505,苏州规划,0.030177612
7219,2025-01-24,600688,上海石化,0.03016983
7220,2025-01-24,605099,共创草坪,0.030168353
7221,2025-01-24,2936,郑州银行,0.030149683
7222,2025-01-23,301206,三元生物,0.030144446
7223,2025-01-24,2301,齐心集团,0.030136764
7224,2025-01-23,601127,赛力斯,0.03011958
7225,2025-01-23,688333,铂力特,0.03011884
7226,2025-01-23,2893,京能热力,0.030106815
7227,2025-01-24,600655,豫园股份,0.03010545
7228,2025-01-23,603196,日播时尚,0.030093435
7229,2025-01-23,591,太阳能,0.03008604
7230,2025-01-24,600362,江西铜业,0.03007952
7231,2025-01-22,300173,福能东方,0.03007461
7232,2025-01-22,600688,上海石化,0.030073557
7233,2025-01-22,603685,晨丰科技,0.030061807
7234,2025-01-22,688432,有研硅,0.030056471
7235,2025-01-22,862,银星能源,0.030055307
7236,2025-01-23,2216,三全食品,0.030053545
7237,2025-01-22,600520,文一科技,0.030052265
7238,2025-01-24,603385,惠达卫浴,0.03004736
7239,2025-01-22,601528,瑞丰银行,0.030047253
7240,2025-01-23,603355,莱克电气,0.030045409
7241,2025-01-23,601368,绿城水务,0.0300453
7242,2025-01-23,2552,宝鼎科技,0.030032707
7243,2025-01-23,688435,英方软件,0.030028151
7244,2025-01-24,300882,万胜智能,0.030007847
7245,2025-01-23,603076,乐惠国际,0.029994832
7246,2025-01-23,600252,中恒集团,0.02998316
7247,2025-01-24,2099,海翔药业,0.029982958
7248,2025-01-22,2332,仙琚制药,0.029959261
7249,2025-01-23,1376,百通能源,0.02995488
7250,2025-01-22,707,双环科技,0.029950868
7251,2025-01-22,688370,丛麟科技,0.029946027
7252,2025-01-24,603266,天龙股份,0.029939547
7253,2025-01-24,628,高新发展,0.029924363
7254,2025-01-24,601567,三星医疗,0.029924244
7255,2025-01-23,707,双环科技,0.029919147
7256,2025-01-24,603916,苏博特,0.029916734
7257,2025-01-22,688280,精进电动-UW,0.029906485
7258,2025-01-23,301288,清研环境,0.02990627
7259,2025-01-22,753,漳州发展,0.02990114
7260,2025-01-24,2931,锋龙股份,0.029897342
7261,2025-01-24,300847,中船汉光,0.029896107
7262,2025-01-23,600690,海尔智家,0.029891692
7263,2025-01-24,601688,华泰证券,0.029881367
7264,2025-01-24,300534,陇神戎发,0.029881202
7265,2025-01-22,683,远兴能源,0.029874528
7266,2025-01-23,1236,弘业期货,0.029871881
7267,2025-01-23,3012,东鹏控股,0.029862743
7268,2025-01-23,300896,爱美客,0.02985202
7269,2025-01-23,2129,TCL中环,0.029842239
7270,2025-01-23,605298,必得科技,0.02983728
7271,2025-01-22,300326,凯利泰,0.029836163
7272,2025-01-22,2261,拓维信息,0.029831624
7273,2025-01-22,600150,中国船舶,0.02982378
7274,2025-01-22,600073,光明肉业,0.029821485
7275,2025-01-22,603220,中贝通信,0.029817775
7276,2025-01-24,2080,中材科技,0.029812481
7277,2025-01-24,600350,山东高速,0.02980914
7278,2025-01-24,998,隆平高科,0.029801913
7279,2025-01-23,600718,东软集团,0.029800998
7280,2025-01-24,601566,九牧王,0.029796084
7281,2025-01-23,688119,中钢洛耐,0.029792327
7282,2025-01-22,600167,联美控股,0.02979017
7283,2025-01-24,300779,惠城环保,0.029785348
7284,2025-01-24,600369,西南证券,0.029784253
7285,2025-01-22,600196,复星医药,0.02977301
7286,2025-01-24,300955,嘉亨家化,0.029772993
7287,2025-01-22,300006,莱美药业,0.02977297
7288,2025-01-24,688002,睿创微纳,0.029769752
7289,2025-01-22,300769,德方纳米,0.029733712
7290,2025-01-22,688778,厦钨新能,0.029726492
7291,2025-01-23,600346,恒力石化,0.029722217
7292,2025-01-23,601169,北京银行,0.029695297
7293,2025-01-22,831,中国稀土,0.029672384
7294,2025-01-22,600095,湘财股份,0.02966898
7295,2025-01-22,300408,三环集团,0.029659359
7296,2025-01-24,601668,中国建筑,0.029634126
7297,2025-01-23,600847,万里股份,0.029630816
7298,2025-01-23,300966,共同药业,0.029629476
7299,2025-01-23,300124,汇川技术,0.029626567
7300,2025-01-23,600332,白云山,0.02961701
7301,2025-01-22,600639,浦东金桥,0.029612146
7302,2025-01-22,301591,肯特股份,0.02960793
7303,2025-01-22,600993,马应龙,0.029600762
7304,2025-01-24,600335,国机汽车,0.029598981
7305,2025-01-23,2072,凯瑞德,0.02959565
7306,2025-01-23,600345,长江通信,0.02958455
7307,2025-01-23,603676,卫信康,0.029577566
7308,2025-01-24,603661,恒林股份,0.029563606
7309,2025-01-23,2103,广博股份,0.029558167
7310,2025-01-22,905,厦门港务,0.029551452
7311,2025-01-22,301390,经纬股份,0.029550424
7312,2025-01-23,300009,安科生物,0.029545125
7313,2025-01-23,2941,新疆交建,0.029542282
7314,2025-01-23,560,我爱我家,0.029530948
7315,2025-01-22,600588,用友网络,0.029530361
7316,2025-01-23,875,吉电股份,0.02953013
7317,2025-01-24,301135,瑞德智能,0.029527437
7318,2025-01-24,688351,微电生理-U,0.02952519
7319,2025-01-23,601212,白银有色,0.029521905
7320,2025-01-23,2324,普利特,0.029514613
7321,2025-01-23,600962,国投中鲁,0.029513292
7322,2025-01-23,300374,中铁装配,0.029507177
7323,2025-01-23,301246,宏源药业,0.029497396
7324,2025-01-24,605366,宏柏新材,0.02949654
7325,2025-01-23,532,华金资本,0.029496524
7326,2025-01-22,603215,比依股份,0.029491726
7327,2025-01-22,300149,睿智医药,0.029489819
7328,2025-01-22,603098,森特股份,0.029488757
7329,2025-01-24,301295,美硕科技,0.02948608
7330,2025-01-23,1229,魅视科技,0.029485365
7331,2025-01-22,600774,汉商集团,0.029484725
7332,2025-01-22,301307,美利信,0.029480755
7333,2025-01-22,2622,皓宸医疗,0.029480068
7334,2025-01-22,688750,金天钛业,0.029479522
7335,2025-01-23,601010,文峰股份,0.029475844
7336,2025-01-22,688238,和元生物,0.029460995
7337,2025-01-22,603230,内蒙新华,0.029460162
7338,2025-01-24,2254,泰和新材,0.029458717
7339,2025-01-23,2712,思美传媒,0.0294526
7340,2025-01-22,300396,迪瑞医疗,0.029448114
7341,2025-01-22,2687,乔治白,0.029444808
7342,2025-01-23,2908,德生科技,0.029439833
7343,2025-01-22,712,锦龙股份,0.029439362
7344,2025-01-23,601360,三六零,0.02943647
7345,2025-01-24,601789,宁波建工,0.02943559
7346,2025-01-22,603759,海天股份,0.029431337
7347,2025-01-22,688289,圣湘生物,0.029422734
7348,2025-01-24,301366,一博科技,0.02941568
7349,2025-01-22,3029,吉大正元,0.029414104
7350,2025-01-24,603040,新坐标,0.029413551
7351,2025-01-23,601777,力帆科技,0.029412154
7352,2025-01-23,2044,美年健康,0.029411905
7353,2025-01-24,155,川能动力,0.0294118
7354,2025-01-23,301017,漱玉平民,0.02939948
7355,2025-01-24,601069,西部黄金,0.029399268
7356,2025-01-24,301217,铜冠铜箔,0.029398814
7357,2025-01-23,600498,烽火通信,0.029392544
7358,2025-01-24,688036,传音控股,0.029387414
7359,2025-01-23,2511,中顺洁柔,0.029386234
7360,2025-01-24,301130,西点药业,0.029382631
7361,2025-01-22,3026,中晶科技,0.029373582
7362,2025-01-24,603688,石英股份,0.02936989
7363,2025-01-24,301488,豪恩汽电,0.029367879
7364,2025-01-22,600166,福田汽车,0.029362075
7365,2025-01-22,300616,尚品宅配,0.029360961
7366,2025-01-24,300389,艾比森,0.029338012
7367,2025-01-24,757,浩物股份,0.029337127
7368,2025-01-23,300129,泰胜风能,0.029333962
7369,2025-01-24,2227,奥 特 迅,0.029329406
7370,2025-01-24,2191,劲嘉股份,0.029298361
7371,2025-01-24,601086,国芳集团,0.029298093
7372,2025-01-22,828,东莞控股,0.029290566
7373,2025-01-23,688597,煜邦电力,0.02928885
7374,2025-01-24,800,一汽解放,0.029281711
7375,2025-01-23,300767,震安科技,0.029278535
7376,2025-01-23,601366,利群股份,0.029273484
7377,2025-01-22,600470,六国化工,0.02927318
7378,2025-01-23,300808,久量股份,0.029272892
7379,2025-01-22,301345,涛涛车业,0.02927022
7380,2025-01-15,688667,菱电电控,0.029269509
7381,2025-01-23,601137,博威合金,0.029264731
7382,2025-01-23,601808,中海油服,0.029262368
7383,2025-01-24,600278,东方创业,0.029258411
7384,2025-01-23,2402,和而泰,0.02925042
7385,2025-01-22,603205,健尔康,0.02924979
7386,2025-01-23,603618,杭电股份,0.0292497
7387,2025-01-24,600611,大众交通,0.029248044
7388,2025-01-23,2311,海大集团,0.029245982
7389,2025-01-22,973,佛塑科技,0.029243078
7390,2025-01-22,300162,雷曼光电,0.029240724
7391,2025-01-23,605055,迎丰股份,0.029234797
7392,2025-01-24,688090,瑞松科技,0.029232595
7393,2025-01-23,876,新 希 望,0.029232001
7394,2025-01-23,2487,大金重工,0.02922552
7395,2025-01-23,603960,克来机电,0.029224126
7396,2025-01-23,600527,江南高纤,0.029222414
7397,2025-01-24,688370,丛麟科技,0.029221388
7398,2025-01-23,601005,重庆钢铁,0.0292181
7399,2025-01-22,600390,五矿资本,0.029217402
7400,2025-01-24,300947,德必集团,0.029216295
7401,2025-01-22,300002,神州泰岳,0.02921352
7402,2025-01-22,603392,万泰生物,0.02919666
7403,2025-01-23,300782,卓胜微,0.029190278
7404,2025-01-24,603709,中源家居,0.02918192
7405,2025-01-24,688458,美芯晟,0.029175738
7406,2025-01-23,2406,远东传动,0.029166127
7407,2025-01-22,600063,皖维高新,0.029163867
7408,2025-01-22,600118,中国卫星,0.029163212
7409,2025-01-22,688063,派能科技,0.029152662
7410,2025-01-24,301215,中汽股份,0.029131906
7411,2025-01-24,2839,张家港行,0.029131357
7412,2025-01-24,2238,天威视讯,0.029117472
7413,2025-01-24,603466,风语筑,0.029108584
7414,2025-01-24,300726,宏达电子,0.029094577
7415,2025-01-24,603129,春风动力,0.029092807
7416,2025-01-23,600177,雅戈尔,0.029087212
7417,2025-01-22,603109,神驰机电,0.029080134
7418,2025-01-24,2164,宁波东力,0.029072063
7419,2025-01-24,2064,华峰化学,0.029067177
7420,2025-01-24,605111,新洁能,0.029065713
7421,2025-01-23,688097,博众精工,0.029065048
7422,2025-01-23,300315,掌趣科技,0.029063456
7423,2025-01-24,703,恒逸石化,0.029058527
7424,2025-01-23,603690,至纯科技,0.029050307
7425,2025-01-22,301206,三元生物,0.029042335
7426,2025-01-23,300890,翔丰华,0.029035099
7427,2025-01-23,2508,老板电器,0.029034337
7428,2025-01-24,300396,迪瑞医疗,0.029016614
7429,2025-01-22,600221,海航控股,0.02901544
7430,2025-01-24,600111,北方稀土,0.029013636
7431,2025-01-23,2065,东华软件,0.029009197
7432,2025-01-24,300258,精锻科技,0.029003438
7433,2025-01-22,2158,汉钟精机,0.028998729
7434,2025-01-22,300999,金龙鱼,0.028996676
7435,2025-01-24,301320,豪江智能,0.028974881
7436,2025-01-24,603976,正川股份,0.028968502
7437,2025-01-22,603421,鼎信通讯,0.028966127
7438,2025-01-23,300388,节能国祯,0.028964005
7439,2025-01-24,2207,准油股份,0.028962165
7440,2025-01-24,300320,海达股份,0.028941797
7441,2025-01-23,300609,汇纳科技,0.02893851
7442,2025-01-23,605151,西上海,0.028926954
7443,2025-01-23,2159,三特索道,0.028922725
7444,2025-01-24,2588,史丹利,0.028921919
7445,2025-01-22,300468,四方精创,0.028916275
7446,2025-01-23,300675,建科院,0.028914325
7447,2025-01-24,688678,福立旺,0.028913463
7448,2025-01-23,2981,朝阳科技,0.028908357
7449,2025-01-22,688249,晶合集成,0.02890544
7450,2025-01-22,300366,创意信息,0.02890528
7451,2025-01-24,300374,中铁装配,0.028905232
7452,2025-01-23,301003,江苏博云,0.028890677
7453,2025-01-24,688277,天智航-U,0.028884158
7454,2025-01-22,603708,家家悦,0.02887907
7455,2025-01-23,603456,九洲药业,0.02887638
7456,2025-01-24,3039,顺控发展,0.028869
7457,2025-01-24,601009,南京银行,0.02886257
7458,2025-01-24,688087,英科再生,0.028853416
7459,2025-01-24,300649,杭州园林,0.02884825
7460,2025-01-23,603797,联泰环保,0.028836327
7461,2025-01-24,605077,华康股份,0.028828412
7462,2025-01-23,301182,凯旺科技,0.028818158
7463,2025-01-22,688619,罗普特,0.028804615
7464,2025-01-23,600231,凌钢股份,0.02880302
7465,2025-01-23,2029,七 匹 狼,0.0288026
7466,2025-01-22,25,特  力Ａ,0.028801104
7467,2025-01-24,300311,任子行,0.028798103
7468,2025-01-22,688285,高铁电气,0.028794937
7469,2025-01-24,756,新华制药,0.028789332
7470,2025-01-23,300010,豆神教育,0.028787522
7471,2025-01-23,688739,成大生物,0.028786471
7472,2025-01-24,688328,深科达,0.028777046
7473,2025-01-22,300003,乐普医疗,0.0287663
7474,2025-01-23,600728,佳都科技,0.028764825
7475,2025-01-22,2568,百润股份,0.028764136
7476,2025-01-22,603826,坤彩科技,0.028758198
7477,2025-01-24,2623,亚玛顿,0.028723942
7478,2025-01-23,969,安泰科技,0.02871839
7479,2025-01-23,688203,海正生材,0.028715052
7480,2025-01-24,603855,华荣股份,0.028711457
7481,2025-01-24,99,中信海直,0.028698537
7482,2025-01-24,600266,城建发展,0.028695468
7483,2025-01-24,797,中国武夷,0.028685082
7484,2025-01-23,300622,博士眼镜,0.028684456
7485,2025-01-24,2040,南 京 港,0.02867623
7486,2025-01-22,301151,冠龙节能,0.02867479
7487,2025-01-24,1227,兰州银行,0.02866214
7488,2025-01-23,603579,荣泰健康,0.028658863
7489,2025-01-23,603444,吉比特,0.028632198
7490,2025-01-24,603282,亚光股份,0.028625948
7491,2025-01-23,300401,花园生物,0.028625274
7492,2025-01-23,600372,中航机载,0.028615326
7493,2025-01-24,300958,建工修复,0.028603766
7494,2025-01-22,300683,海特生物,0.028578602
7495,2025-01-23,688158,优刻得-W,0.028578548
7496,2025-01-24,301229,纽泰格,0.02857136
7497,2025-01-23,2283,天润工业,0.028570518
7498,2025-01-23,2320,海峡股份,0.028569266
7499,2025-01-22,688155,先惠技术,0.02856604
7500,2025-01-24,2958,青农商行,0.028566033
7501,2025-01-24,950,重药控股,0.028563488
7502,2025-01-22,601218,吉鑫科技,0.02856121
7503,2025-01-23,300207,欣旺达,0.028559998
7504,2025-01-24,300999,金龙鱼,0.028558802
7505,2025-01-24,300778,新城市,0.028556084
7506,2025-01-23,300649,杭州园林,0.02855012
7507,2025-01-22,300217,东方电热,0.028548293
7508,2025-01-23,2373,千方科技,0.028542502
7509,2025-01-24,2591,恒大高新,0.028537119
7510,2025-01-22,300701,森霸传感,0.028536037
7511,2025-01-23,603095,越剑智能,0.028535698
7512,2025-01-24,301533,威马农机,0.028535599
7513,2025-01-23,2597,金禾实业,0.028532214
7514,2025-01-22,2234,民和股份,0.028531276
7515,2025-01-22,300140,节能环境,0.028530981
7516,2025-01-24,2081,金 螳 螂,0.028526092
7517,2025-01-22,2763,汇洁股份,0.028524198
7518,2025-01-22,2989,中天精装,0.02851733
7519,2025-01-22,300384,三联虹普,0.028507534
7520,2025-01-24,301122,采纳股份,0.028504841
7521,2025-01-24,153,丰原药业,0.028494325
7522,2025-01-22,301021,英诺激光,0.028492223
7523,2025-01-24,600623,华谊集团,0.02848373
7524,2025-01-24,600575,淮河能源,0.028483208
7525,2025-01-22,600871,石化油服,0.028477374
7526,2025-01-23,688283,坤恒顺维,0.02847731
7527,2025-01-24,300774,倍杰特,0.028477125
7528,2025-01-22,530,冰山冷热,0.028466891
7529,2025-01-24,603118,共进股份,0.028460328
7530,2025-01-23,2968,新大正,0.028459474
7531,2025-01-24,603318,水发燃气,0.028450094
7532,2025-01-23,301356,天振股份,0.028447472
7533,2025-01-23,301221,光庭信息,0.028438095
7534,2025-01-24,601326,秦港股份,0.028436763
7535,2025-01-23,600475,华光环能,0.02843218
7536,2025-01-22,600327,大东方,0.028421517
7537,2025-01-24,603839,安正时尚,0.028417565
7538,2025-01-22,802,北京文化,0.028417353
7539,2025-01-22,2588,史丹利,0.028410066
7540,2025-01-24,300906,日月明,0.028404925
7541,2025-01-23,2768,国恩股份,0.0283993
7542,2025-01-23,2533,金杯电工,0.028396742
7543,2025-01-23,603755,日辰股份,0.028373417
7544,2025-01-24,300758,七彩化学,0.02835723
7545,2025-01-23,300970,华绿生物,0.02835686
7546,2025-01-24,688283,坤恒顺维,0.028355287
7547,2025-01-22,605060,联德股份,0.028352665
7548,2025-01-23,601611,中国核建,0.028349308
7549,2025-01-22,603107,上海汽配,0.028340219
7550,2025-01-24,301121,紫建电子,0.028336424
7551,2025-01-23,300184,力源信息,0.028332682
7552,2025-01-24,2344,海宁皮城,0.028326873
7553,2025-01-24,300862,蓝盾光电,0.028326046
7554,2025-01-23,601921,浙版传媒,0.02831909
7555,2025-01-24,795,英洛华,0.028317858
7556,2025-01-23,2654,万润科技,0.02831223
7557,2025-01-24,2556,辉隆股份,0.028310552
7558,2025-01-22,2495,佳隆股份,0.028306082
7559,2025-01-22,605299,舒华体育,0.028305477
7560,2025-01-24,300452,山河药辅,0.028299797
7561,2025-01-22,600925,苏能股份,0.028285231
7562,2025-01-24,601166,兴业银行,0.028276868
7563,2025-01-24,603225,新凤鸣,0.028271746
7564,2025-01-23,301055,张小泉,0.028267644
7565,2025-01-24,300132,青松股份,0.028260265
7566,2025-01-23,409,云鼎科技,0.028257811
7567,2025-01-22,2426,胜利精密,0.028246399
7568,2025-01-23,970,中科三环,0.02824443
7569,2025-01-23,2662,京威股份,0.028243767
7570,2025-01-24,603712,七一二,0.028239097
7571,2025-01-23,603390,通达电气,0.028237933
7572,2025-01-22,688469,芯联集成-U,0.028228533
7573,2025-01-22,605567,春雪食品,0.028225694
7574,2025-01-24,600616,金枫酒业,0.028215237
7575,2025-01-22,600728,佳都科技,0.028211828
7576,2025-01-24,605300,佳禾食品,0.0281889
7577,2025-01-24,603616,韩建河山,0.028188292
7578,2025-01-22,2041,登海种业,0.028187599
7579,2025-01-24,300595,欧普康视,0.02817721
7580,2025-01-22,601811,新华文轩,0.028175827
7581,2025-01-24,600822,上海物贸,0.028165955
7582,2025-01-24,2394,联发股份,0.028163094
7583,2025-01-23,301486,致尚科技,0.028161984
7584,2025-01-23,301622,英思特,0.028134745
7585,2025-01-24,600847,万里股份,0.028126895
7586,2025-01-22,300353,东土科技,0.028119694
7587,2025-01-23,600506,统一股份,0.028110936
7588,2025-01-23,300228,富瑞特装,0.028109858
7589,2025-01-23,7,全新好,0.02810582
7590,2025-01-22,300516,久之洋,0.02809551
7591,2025-01-22,300401,花园生物,0.028087813
7592,2025-01-22,601991,大唐发电,0.028087083
7593,2025-01-23,603577,汇金通,0.028081799
7594,2025-01-24,600055,万东医疗,0.02807882
7595,2025-01-23,800,一汽解放,0.028073858
7596,2025-01-24,300817,双飞集团,0.028071988
7597,2025-01-24,905,厦门港务,0.028071597
7598,2025-01-23,300956,英力股份,0.028058005
7599,2025-01-23,300494,盛天网络,0.028049733
7600,2025-01-22,300958,建工修复,0.028040137
7601,2025-01-23,2166,莱茵生物,0.028034486
7602,2025-01-24,725,京东方Ａ,0.028033068
7603,2025-01-22,301272,英华特,0.028030043
7604,2025-01-23,300005,探路者,0.028026791
7605,2025-01-22,301429,森泰股份,0.028023418
7606,2025-01-22,300713,英可瑞,0.028019007
7607,2025-01-24,600121,郑州煤电,0.028018396
7608,2025-01-22,300865,大宏立,0.028012356
7609,2025-01-24,600908,无锡银行,0.028008092
7610,2025-01-24,2022,科华生物,0.028003782
7611,2025-01-22,300976,达瑞电子,0.027994297
7612,2025-01-22,600356,恒丰纸业,0.027990934
7613,2025-01-24,301339,通行宝,0.027989335
7614,2025-01-23,601000,唐山港,0.027986906
7615,2025-01-24,688638,誉辰智能,0.027983135
7616,2025-01-22,605011,杭州热电,0.027981913
7617,2025-01-22,987,越秀资本,0.027980097
7618,2025-01-24,600731,湖南海利,0.02797871
7619,2025-01-23,600783,鲁信创投,0.027975943
7620,2025-01-24,688981,中芯国际,0.027975878
7621,2025-01-24,600490,鹏欣资源,0.027933799
7622,2025-01-22,869,张  裕Ａ,0.027933517
7623,2025-01-24,300712,永福股份,0.027923811
7624,2025-01-22,600348,华阳股份,0.027923426
7625,2025-01-23,688652,京仪装备,0.02791765
7626,2025-01-23,600785,新华百货,0.027914355
7627,2025-01-23,688699,明微电子,0.027913624
7628,2025-01-22,600110,诺德股份,0.027902834
7629,2025-01-24,300675,建科院,0.027897496
7630,2025-01-22,300726,宏达电子,0.027891805
7631,2025-01-22,605337,李子园,0.027888842
7632,2025-01-24,300658,延江股份,0.027878568
7633,2025-01-23,300659,中孚信息,0.027875882
7634,2025-01-24,600785,新华百货,0.027865652
7635,2025-01-24,300890,翔丰华,0.027863767
7636,2025-01-24,300079,数码视讯,0.027862374
7637,2025-01-24,601811,新华文轩,0.027848601
7638,2025-01-24,300423,昇辉科技,0.027839195
7639,2025-01-22,603909,建发合诚,0.027833529
7640,2025-01-24,657,中钨高新,0.02783226
7641,2025-01-22,2131,利欧股份,0.027829424
7642,2025-01-23,600116,三峡水利,0.027825363
7643,2025-01-23,603466,风语筑,0.027806286
7644,2025-01-24,603311,金海高科,0.02780569
7645,2025-01-22,2831,裕同科技,0.027805278
7646,2025-01-22,630,铜陵有色,0.027801827
7647,2025-01-24,603080,新疆火炬,0.027798867
7648,2025-01-22,2173,创新医疗,0.027788928
7649,2025-01-23,300672,国科微,0.027788378
7650,2025-01-22,2840,华统股份,0.027783625
7651,2025-01-22,603286,日盈电子,0.027782459
7652,2025-01-24,688296,和达科技,0.027782442
7653,2025-01-22,922,佳电股份,0.027770488
7654,2025-01-23,600020,中原高速,0.02776387
7655,2025-01-22,300387,富邦科技,0.027753215
7656,2025-01-24,2858,力盛体育,0.027743734
7657,2025-01-23,300251,光线传媒,0.027734779
7658,2025-01-23,601236,红塔证券,0.027734615
7659,2025-01-24,2948,青岛银行,0.027733881
7660,2025-01-22,300991,创益通,0.027733658
7661,2025-01-23,688008,澜起科技,0.027718667
7662,2025-01-23,2708,光洋股份,0.027698206
7663,2025-01-24,2034,旺能环境,0.027691556
7664,2025-01-24,603122,合富中国,0.027688853
7665,2025-01-22,301180,万祥科技,0.02768762
7666,2025-01-24,2079,苏州固锝,0.027675012
7667,2025-01-23,600361,创新新材,0.027674735
7668,2025-01-24,688348,昱能科技,0.027660966
7669,2025-01-23,600362,江西铜业,0.027657783
7670,2025-01-23,600315,上海家化,0.027650654
7671,2025-01-23,300879,大叶股份,0.02764019
7672,2025-01-23,300259,新天科技,0.0276349
7673,2025-01-22,2385,大北农,0.027634596
7674,2025-01-22,600295,鄂尔多斯,0.027623648
7675,2025-01-24,2651,利君股份,0.02762065
7676,2025-01-22,603609,禾丰股份,0.027613215
7677,2025-01-22,300223,北京君正,0.027609915
7678,2025-01-22,600873,梅花生物,0.027608883
7679,2025-01-23,2063,远光软件,0.02760628
7680,2025-01-23,631,顺发恒业,0.027605094
7681,2025-01-22,605358,立昂微,0.027601479
7682,2025-01-23,300281,金明精机,0.02759248
7683,2025-01-24,688682,霍莱沃,0.027592242
7684,2025-01-22,729,燕京啤酒,0.027577352
7685,2025-01-23,45,深纺织Ａ,0.027576774
7686,2025-01-22,301267,华厦眼科,0.02756773
7687,2025-01-23,601198,东兴证券,0.02756013
7688,2025-01-24,731,四川美丰,0.027558865
7689,2025-01-22,601330,绿色动力,0.027557753
7690,2025-01-24,2688,金河生物,0.027556784
7691,2025-01-22,600379,宝光股份,0.027546663
7692,2025-01-22,300733,西菱动力,0.027531108
7693,2025-01-22,603719,良品铺子,0.02752665
7694,2025-01-24,600592,龙溪股份,0.027523715
7695,2025-01-22,301533,威马农机,0.027523242
7696,2025-01-22,601107,四川成渝,0.027521096
7697,2025-01-22,300015,爱尔眼科,0.027516909
7698,2025-01-24,603218,日月股份,0.02750941
7699,2025-01-24,2042,华孚时尚,0.027509302
7700,2025-01-22,786,北新建材,0.027506627
7701,2025-01-22,600998,九州通,0.027496876
7702,2025-01-23,600559,老白干酒,0.02749687
7703,2025-01-23,301329,信音电子,0.027496533
7704,2025-01-24,688317,之江生物,0.027493715
7705,2025-01-22,600633,浙数文化,0.027490122
7706,2025-01-23,2899,英派斯,0.027485935
7707,2025-01-23,603017,中衡设计,0.027478153
7708,2025-01-24,600252,中恒集团,0.027476542
7709,2025-01-22,300832,新产业,0.02745134
7710,2025-01-22,603385,惠达卫浴,0.027447738
7711,2025-01-23,3018,金富科技,0.027437346
7712,2025-01-22,600018,上港集团,0.027434109
7713,2025-01-22,601117,中国化学,0.027420301
7714,2025-01-23,603899,晨光股份,0.02741279
7715,2025-01-24,688711,宏微科技,0.027411416
7716,2025-01-23,300352,北信源,0.027411096
7717,2025-01-22,2977,天箭科技,0.027401712
7718,2025-01-23,1266,宏英智能,0.027395746
7719,2025-01-24,688248,南网科技,0.027393008
7720,2025-01-24,600380,健康元,0.02738337
7721,2025-01-23,301139,元道通信,0.027381547
7722,2025-01-24,2249,大洋电机,0.027370818
7723,2025-01-23,300908,仲景食品,0.02736144
7724,2025-01-22,601865,福莱特,0.0273603
7725,2025-01-24,2769,普路通,0.02735247
7726,2025-01-23,603605,珀莱雅,0.027338171
7727,2025-01-23,600276,恒瑞医药,0.02732116
7728,2025-01-22,600962,国投中鲁,0.027317358
7729,2025-01-24,2053,云南能投,0.027310684
7730,2025-01-22,300852,四会富仕,0.027309112
7731,2025-01-22,603836,海程邦达,0.027308378
7732,2025-01-24,2562,兄弟科技,0.027307574
7733,2025-01-22,603899,晨光股份,0.027300134
7734,2025-01-22,552,甘肃能化,0.027295953
7735,2025-01-24,9,中国宝安,0.027286477
7736,2025-01-24,300815,玉禾田,0.02727449
7737,2025-01-24,688261,东微半导,0.02726622
7738,2025-01-24,2648,卫星化学,0.02726001
7739,2025-01-24,2806,华锋股份,0.027256912
7740,2025-01-23,301178,天亿马,0.027251322
7741,2025-01-22,300289,利德曼,0.027250214
7742,2025-01-24,300213,佳讯飞鸿,0.027249746
7743,2025-01-24,300059,东方财富,0.027249647
7744,2025-01-24,600211,西藏药业,0.02723986
7745,2025-01-24,603788,宁波高发,0.027239786
7746,2025-01-22,2242,九阳股份,0.02723395
7747,2025-01-23,600597,光明乳业,0.027233835
7748,2025-01-22,301022,海泰科,0.027229771
7749,2025-01-23,601098,中南传媒,0.02722912
7750,2025-01-24,603233,大参林,0.027220238
7751,2025-01-24,600283,钱江水利,0.02721401
7752,2025-01-24,2540,亚太科技,0.02720277
7753,2025-01-24,601990,南京证券,0.02719723
7754,2025-01-24,601155,新城控股,0.027195808
7755,2025-01-24,60,中金岭南,0.027192032
7756,2025-01-23,300999,金龙鱼,0.027178947
7757,2025-01-23,2686,亿利达,0.02717668
7758,2025-01-23,300016,北陆药业,0.02716529
7759,2025-01-23,58,深 赛 格,0.0271576
7760,2025-01-22,600212,绿能慧充,0.027149178
7761,2025-01-24,2228,合兴包装,0.027140407
7762,2025-01-24,603708,家家悦,0.027131682
7763,2025-01-24,600523,贵航股份,0.027110886
7764,2025-01-23,603489,八方股份,0.027109303
7765,2025-01-24,2337,赛象科技,0.027109055
7766,2025-01-23,600284,浦东建设,0.027100269
7767,2025-01-24,300193,佳士科技,0.027086163
7768,2025-01-24,792,盐湖股份,0.027070476
7769,2025-01-22,2072,凯瑞德,0.027056366
7770,2025-01-23,601886,江河集团,0.027055059
7771,2025-01-22,601928,凤凰传媒,0.0270525
7772,2025-01-22,688638,誉辰智能,0.027044162
7773,2025-01-23,300786,国林科技,0.027037598
7774,2025-01-23,600282,南钢股份,0.027031418
7775,2025-01-24,300560,中富通,0.02703
7776,2025-01-24,688601,力芯微,0.027012726
7777,2025-01-24,1324,长青科技,0.027006365
7778,2025-01-23,2039,黔源电力,0.027004803
7779,2025-01-22,2407,多氟多,0.026996408
7780,2025-01-24,301246,宏源药业,0.026986318
7781,2025-01-22,300808,久量股份,0.026983624
7782,2025-01-23,1234,泰慕士,0.026979465
7783,2025-01-22,301606,绿联科技,0.026976898
7784,2025-01-23,300192,科德教育,0.026976487
7785,2025-01-23,603871,嘉友国际,0.02697613
7786,2025-01-24,300341,麦克奥迪,0.02697546
7787,2025-01-24,603180,金牌家居,0.026972262
7788,2025-01-22,603307,扬州金泉,0.026971798
7789,2025-01-23,301367,怡和嘉业,0.026967507
7790,2025-01-24,951,中国重汽,0.02696713
7791,2025-01-23,605128,上海沿浦,0.02695112
7792,2025-01-24,688211,中科微至,0.026949225
7793,2025-01-23,300475,香农芯创,0.026942838
7794,2025-01-24,2282,博深股份,0.026940394
7795,2025-01-24,921,海信家电,0.026936477
7796,2025-01-22,300941,创识科技,0.02693272
7797,2025-01-23,300768,迪普科技,0.026923457
7798,2025-01-24,688176,亚虹医药-U,0.02692074
7799,2025-01-23,2160,常铝股份,0.026918324
7800,2025-01-23,2301,齐心集团,0.026917119
7801,2025-01-24,600764,中国海防,0.026903903
7802,2025-01-22,600382,广东明珠,0.02689855
7803,2025-01-23,422,湖北宜化,0.026895724
7804,2025-01-22,2640,跨境通,0.026881548
7805,2025-01-22,2793,罗欣药业,0.02686036
7806,2025-01-22,301314,科瑞思,0.026859451
7807,2025-01-23,603132,金徽股份,0.026853062
7808,2025-01-22,301308,江波龙,0.026848938
7809,2025-01-23,739,普洛药业,0.026840122
7810,2025-01-22,300105,龙源技术,0.02682297
7811,2025-01-24,688110,东芯股份,0.02681761
7812,2025-01-22,300790,宇瞳光学,0.026811253
7813,2025-01-22,301009,可靠股份,0.026805399
7814,2025-01-24,605259,绿田机械,0.026798543
7815,2025-01-23,952,广济药业,0.026798211
7816,2025-01-22,300692,中环环保,0.0267938
7817,2025-01-22,300891,惠云钛业,0.026793744
7818,2025-01-22,600004,白云机场,0.026792945
7819,2025-01-24,2494,华斯股份,0.026788216
7820,2025-01-23,301580,爱迪特,0.026782382
7821,2025-01-22,688091,上海谊众,0.0267795
7822,2025-01-22,2560,通达股份,0.026779048
7823,2025-01-24,301631,壹连科技,0.026778817
7824,2025-01-23,603125,常青科技,0.026778288
7825,2025-01-23,600641,万业企业,0.026776332
7826,2025-01-24,300290,荣科科技,0.026773088
7827,2025-01-22,688435,英方软件,0.026771484
7828,2025-01-22,600643,爱建集团,0.026758902
7829,2025-01-24,68,华控赛格,0.0267527
7830,2025-01-24,1211,双枪科技,0.026745768
7831,2025-01-22,601368,绿城水务,0.026741358
7832,2025-01-23,2488,金固股份,0.026722305
7833,2025-01-23,300274,阳光电源,0.026713692
7834,2025-01-24,550,江铃汽车,0.026709521
7835,2025-01-23,301026,浩通科技,0.026704084
7836,2025-01-22,300887,谱尼测试,0.026703984
7837,2025-01-24,600196,复星医药,0.026701838
7838,2025-01-24,688318,财富趋势,0.02670091
7839,2025-01-24,300351,永贵电器,0.02669809
7840,2025-01-22,300665,飞鹿股份,0.026695803
7841,2025-01-23,600051,宁波联合,0.026694722
7842,2025-01-22,2416,爱施德,0.026686832
7843,2025-01-24,601117,中国化学,0.026684577
7844,2025-01-22,600331,宏达股份,0.026682574
7845,2025-01-23,603091,众鑫股份,0.026667565
7846,2025-01-24,815,美利云,0.02666728
7847,2025-01-23,2046,国机精工,0.026658222
7848,2025-01-23,910,大亚圣象,0.02664612
7849,2025-01-23,682,东方电子,0.02663767
7850,2025-01-24,2104,恒宝股份,0.026629165
7851,2025-01-24,688639,华恒生物,0.026624318
7852,2025-01-22,600108,亚盛集团,0.026623633
7853,2025-01-23,688708,XD佳驰科,0.02659825
7854,2025-01-23,603270,金帝股份,0.026596759
7855,2025-01-22,603281,江瀚新材,0.026596598
7856,2025-01-22,2567,唐人神,0.02659567
7857,2025-01-23,605005,合兴股份,0.026587708
7858,2025-01-23,600584,长电科技,0.026584689
7859,2025-01-24,603309,维力医疗,0.026567616
7860,2025-01-22,603300,海南华铁,0.02655917
7861,2025-01-24,300439,美康生物,0.026558965
7862,2025-01-22,600839,四川长虹,0.02654414
7863,2025-01-23,600307,酒钢宏兴,0.026543561
7864,2025-01-22,2733,雄韬股份,0.026541756
7865,2025-01-23,300264,佳创视讯,0.026532508
7866,2025-01-22,300290,荣科科技,0.026531316
7867,2025-01-24,2467,二六三,0.026530726
7868,2025-01-23,603053,成都燃气,0.026529789
7869,2025-01-24,688625,呈和科技,0.026528748
7870,2025-01-23,300217,东方电热,0.026528195
7871,2025-01-24,300109,新开源,0.026528109
7872,2025-01-24,970,中科三环,0.026520424
7873,2025-01-24,300727,润禾材料,0.026515186
7874,2025-01-24,600285,羚锐制药,0.02651064
7875,2025-01-24,301195,北路智控,0.026508635
7876,2025-01-22,600497,驰宏锌锗,0.026503632
7877,2025-01-23,2403,爱仕达,0.026500192
7878,2025-01-23,300692,中环环保,0.026492216
7879,2025-01-24,821,京山轻机,0.026492182
7880,2025-01-23,601033,永兴股份,0.026488792
7881,2025-01-22,603590,康辰药业,0.0264666
7882,2025-01-23,605218,伟时电子,0.026466269
7883,2025-01-22,2526,山东矿机,0.02646527
7884,2025-01-23,600300,维维股份,0.026452959
7885,2025-01-24,2821,凯莱英,0.026452946
7886,2025-01-23,688210,统联精密,0.026443819
7887,2025-01-23,300594,朗进科技,0.02644309
7888,2025-01-22,603330,天洋新材,0.026430717
7889,2025-01-24,301252,同星科技,0.026429953
7890,2025-01-22,2511,中顺洁柔,0.026424348
7891,2025-01-23,557,西部创业,0.026424114
7892,2025-01-22,603051,鹿山新材,0.026403267
7893,2025-01-22,688819,天能股份,0.026398158
7894,2025-01-23,2606,大连电瓷,0.026392687
7895,2025-01-22,2907,华森制药,0.026380608
7896,2025-01-22,603183,建研院,0.02636934
7897,2025-01-22,603156,养元饮品,0.026366655
7898,2025-01-22,78,海王生物,0.026357379
7899,2025-01-23,737,北方铜业,0.026353326
7900,2025-01-22,603700,宁水集团,0.026351636
7901,2025-01-22,600170,上海建工,0.026342418
7902,2025-01-23,300891,惠云钛业,0.026335474
7903,2025-01-22,605111,新洁能,0.026329342
7904,2025-01-24,1317,三羊马,0.026326653
7905,2025-01-24,601658,邮储银行,0.026323915
7906,2025-01-24,2185,华天科技,0.026320102
7907,2025-01-23,2155,湖南黄金,0.026314368
7908,2025-01-23,301036,双乐股份,0.026302623
7909,2025-01-22,600127,金健米业,0.026295654
7910,2025-01-22,2312,川发龙蟒,0.026294883
7911,2025-01-23,603707,健友股份,0.026289165
7912,2025-01-23,600425,青松建化,0.026288982
7913,2025-01-23,600604,市北高新,0.026288629
7914,2025-01-22,603172,万丰股份,0.026288595
7915,2025-01-24,2863,今飞凯达,0.0262878
7916,2025-01-23,2469,三维化学,0.026273835
7917,2025-01-22,300264,佳创视讯,0.026273772
7918,2025-01-23,688409,富创精密,0.026268974
7919,2025-01-24,300254,仟源医药,0.026245922
7920,2025-01-23,2242,九阳股份,0.026238494
7921,2025-01-23,2097,山河智能,0.02622823
7922,2025-01-24,2097,山河智能,0.026224269
7923,2025-01-24,600273,嘉化能源,0.02622415
7924,2025-01-22,2799,环球印务,0.026222946
7925,2025-01-24,2756,永兴材料,0.026216405
7926,2025-01-23,688658,悦康药业,0.026212662
7927,2025-01-22,600157,永泰能源,0.026210697
7928,2025-01-23,2589,瑞康医药,0.02620843
7929,2025-01-22,601326,秦港股份,0.026192566
7930,2025-01-24,600520,文一科技,0.026183946
7931,2025-01-24,600895,张江高科,0.026180647
7932,2025-01-24,301060,兰卫医学,0.026180618
7933,2025-01-23,2223,鱼跃医疗,0.026180092
7934,2025-01-24,603089,正裕工业,0.026167639
7935,2025-01-22,301592,六九一二,0.026163721
7936,2025-01-24,688580,伟思医疗,0.026147652
7937,2025-01-24,300228,富瑞特装,0.026142199
7938,2025-01-22,2806,华锋股份,0.026135065
7939,2025-01-23,600476,湘邮科技,0.02613248
7940,2025-01-24,300922,天秦装备,0.026127513
7941,2025-01-22,603076,乐惠国际,0.026120713
7942,2025-01-22,603589,口子窖,0.026117524
7943,2025-01-24,600511,国药股份,0.026115064
7944,2025-01-22,2405,四维图新,0.02611041
7945,2025-01-23,600518,康美药业,0.026109077
7946,2025-01-24,301289,国缆检测,0.026106011
7947,2025-01-23,600278,东方创业,0.026101887
7948,2025-01-23,688585,上纬新材,0.026097318
7949,2025-01-23,301321,翰博高新,0.026097002
7950,2025-01-24,301155,海力风电,0.026090905
7951,2025-01-22,600527,江南高纤,0.026084773
7952,2025-01-22,601212,白银有色,0.026082326
7953,2025-01-24,601916,浙商银行,0.02607969
7954,2025-01-23,300893,松原股份,0.026076384
7955,2025-01-22,600131,国网信通,0.026069632
7956,2025-01-22,300322,硕贝德,0.026068483
7957,2025-01-22,58,深 赛 格,0.026059147
7958,2025-01-22,300423,昇辉科技,0.02605555
7959,2025-01-24,600862,中航高科,0.026044225
7960,2025-01-23,2787,华源控股,0.026034564
7961,2025-01-22,2963,豪尔赛,0.026031535
7962,2025-01-23,603183,建研院,0.026028495
7963,2025-01-22,2857,三晖电气,0.026028372
7964,2025-01-24,600926,杭州银行,0.02602639
7965,2025-01-24,2655,共达电声,0.025990266
7966,2025-01-24,529,广弘控股,0.025987074
7967,2025-01-22,600575,淮河能源,0.0259714
7968,2025-01-24,301168,通灵股份,0.025967183
7969,2025-01-24,300399,天利科技,0.02595437
7970,2025-01-22,300890,翔丰华,0.025941238
7971,2025-01-22,708,中信特钢,0.02593517
7972,2025-01-22,300228,富瑞特装,0.025934923
7973,2025-01-24,600750,江中药业,0.025928963
7974,2025-01-22,2555,三七互娱,0.025928136
7975,2025-01-23,688536,思瑞浦,0.025912229
7976,2025-01-22,601066,中信建投,0.025908886
7977,2025-01-23,600210,紫江企业,0.025901191
7978,2025-01-22,688092,爱科科技,0.025899187
7979,2025-01-22,603391,力聚热能,0.025897989
7980,2025-01-22,688004,博汇科技,0.02589656
7981,2025-01-23,2051,中工国际,0.025892867
7982,2025-01-23,2790,瑞尔特,0.025887888
7983,2025-01-23,603668,天马科技,0.02588421
7984,2025-01-24,600470,六国化工,0.025875606
7985,2025-01-24,1914,招商积余,0.025872301
7986,2025-01-22,688261,东微半导,0.02586069
7987,2025-01-23,726,鲁  泰Ａ,0.025851108
7988,2025-01-23,2775,文科股份,0.025828118
7989,2025-01-24,300019,硅宝科技,0.025815163
7990,2025-01-22,603321,梅轮电梯,0.025815153
7991,2025-01-24,600477,杭萧钢构,0.02581397
7992,2025-01-23,600884,杉杉股份,0.025811657
7993,2025-01-24,301032,新柴股份,0.025807854
7994,2025-01-24,2546,新联电子,0.025792684
7995,2025-01-23,600331,宏达股份,0.02578817
7996,2025-01-24,300696,爱乐达,0.025787765
7997,2025-01-23,2175,东方智造,0.02578526
7998,2025-01-23,3000,劲仔食品,0.025770409
7999,2025-01-23,601028,玉龙股份,0.025768165
8000,2025-01-23,2456,欧菲光,0.025760166
8001,2025-01-24,600298,安琪酵母,0.02573859
8002,2025-01-22,300459,汤姆猫,0.025734596
8003,2025-01-24,301256,华融化学,0.025730416
8004,2025-01-22,300946,恒而达,0.025730263
8005,2025-01-22,600917,重庆燃气,0.025727816
8006,2025-01-24,2012,凯恩股份,0.025727794
8007,2025-01-22,600798,宁波海运,0.025727242
8008,2025-01-22,766,通化金马,0.025727233
8009,2025-01-22,603167,渤海轮渡,0.025726004
8010,2025-01-23,600495,晋西车轴,0.02571849
8011,2025-01-23,2009,天奇股份,0.025712267
8012,2025-01-22,603232,格尔软件,0.025690442
8013,2025-01-24,600133,东湖高新,0.025688984
8014,2025-01-23,300773,拉卡拉,0.025686605
8015,2025-01-22,600469,风神股份,0.02567763
8016,2025-01-24,300151,昌红科技,0.02567666
8017,2025-01-23,603268,松发股份,0.025667962
8018,2025-01-22,301339,通行宝,0.025666462
8019,2025-01-22,601579,会稽山,0.025653644
8020,2025-01-22,301332,德尔玛,0.02565305
8021,2025-01-24,300512,中亚股份,0.025650164
8022,2025-01-23,600683,京投发展,0.025648026
8023,2025-01-23,2538,司尔特,0.025641266
8024,2025-01-22,533,顺钠股份,0.02563978
8025,2025-01-22,2605,姚记科技,0.025622794
8026,2025-01-24,300912,凯龙高科,0.025621926
8027,2025-01-22,2736,国信证券,0.025609735
8028,2025-01-23,300047,天源迪科,0.025600437
8029,2025-01-23,601555,东吴证券,0.025599858
8030,2025-01-22,688669,聚石化学,0.025597932
8031,2025-01-24,301338,凯格精机,0.025595058
8032,2025-01-23,600959,江苏有线,0.02559388
8033,2025-01-24,2880,卫光生物,0.025592156
8034,2025-01-24,688232,新点软件,0.025590172
8035,2025-01-22,600966,博汇纸业,0.025579732
8036,2025-01-22,800,一汽解放,0.025579121
8037,2025-01-22,300906,日月明,0.025576636
8038,2025-01-23,2544,普天科技,0.02557605
8039,2025-01-24,300841,康华生物,0.02557231
8040,2025-01-23,2351,漫步者,0.025571264
8041,2025-01-24,917,电广传媒,0.025556516
8042,2025-01-23,603087,甘李药业,0.025552453
8043,2025-01-22,2842,翔鹭钨业,0.025551101
8044,2025-01-22,603010,万盛股份,0.025549022
8045,2025-01-24,603937,丽岛新材,0.025538696
8046,2025-01-22,688606,奥泰生物,0.025531977
8047,2025-01-24,300562,乐心医疗,0.02553188
8048,2025-01-24,603529,爱玛科技,0.025525406
8049,2025-01-23,600798,宁波海运,0.025519116
8050,2025-01-24,301399,英特科技,0.025514219
8051,2025-01-24,688178,万德斯,0.02550654
8052,2025-01-22,603993,洛阳钼业,0.02550393
8053,2025-01-23,300360,炬华科技,0.025494182
8054,2025-01-22,688352,颀中科技,0.025486354
8055,2025-01-22,603276,恒兴新材,0.025484852
8056,2025-01-24,301067,显盈科技,0.02547526
8057,2025-01-23,301318,维海德,0.025473952
8058,2025-01-24,600999,招商证券,0.025472287
8059,2025-01-23,1215,千味央厨,0.02546664
8060,2025-01-23,589,贵州轮胎,0.025464041
8061,2025-01-23,603161,科华控股,0.025461363
8062,2025-01-24,300242,佳云科技,0.025453674
8063,2025-01-22,603839,安正时尚,0.025441151
8064,2025-01-24,300618,寒锐钴业,0.025437102
8065,2025-01-23,600581,八一钢铁,0.025429316
8066,2025-01-23,300482,万孚生物,0.025418395
8067,2025-01-24,300120,经纬辉开,0.025413841
8068,2025-01-24,600768,宁波富邦,0.025405694
8069,2025-01-24,1213,中铁特货,0.025393559
8070,2025-01-24,600829,人民同泰,0.025384117
8071,2025-01-24,2428,云南锗业,0.02538014
8072,2025-01-23,300428,立中集团,0.025367541
8073,2025-01-22,600197,伊力特,0.025354601
8074,2025-01-24,688004,博汇科技,0.025354482
8075,2025-01-23,88,盐 田 港,0.025353927
8076,2025-01-23,301009,可靠股份,0.025351178
8077,2025-01-24,2194,武汉凡谷,0.025346842
8078,2025-01-22,301090,华润材料,0.02534593
8079,2025-01-22,603855,华荣股份,0.02533686
8080,2025-01-24,600141,兴发集团,0.025331624
8081,2025-01-22,601788,光大证券,0.0253261
8082,2025-01-22,301150,中一科技,0.025320698
8083,2025-01-24,605016,百龙创园,0.025316156
8084,2025-01-22,301169,零点有数,0.025301768
8085,2025-01-22,603173,福斯达,0.025301471
8086,2025-01-23,2114,罗平锌电,0.025298566
8087,2025-01-22,600860,京城股份,0.025295371
8088,2025-01-23,516,国际医学,0.025289143
8089,2025-01-22,2384,东山精密,0.025275046
8090,2025-01-24,688708,XD佳驰科,0.025274375
8091,2025-01-22,600874,创业环保,0.025256136
8092,2025-01-22,601089,福元医药,0.025240494
8093,2025-01-24,301101,明月镜片,0.025239285
8094,2025-01-22,300598,诚迈科技,0.025237067
8095,2025-01-22,300532,今天国际,0.025230542
8096,2025-01-23,301559,中集环科,0.025213093
8097,2025-01-22,688170,德龙激光,0.025206773
8098,2025-01-24,600502,安徽建工,0.025203146
8099,2025-01-23,600790,轻纺城,0.025202433
8100,2025-01-23,601200,上海环境,0.0252015
8101,2025-01-22,301367,怡和嘉业,0.025199894
8102,2025-01-24,300206,理邦仪器,0.025197666
8103,2025-01-23,600827,百联股份,0.025188126
8104,2025-01-22,600011,华能国际,0.025186757
8105,2025-01-23,2395,双象股份,0.025180444
8106,2025-01-23,601865,福莱特,0.02517941
8107,2025-01-22,718,苏宁环球,0.025178324
8108,2025-01-22,603019,中科曙光,0.025177833
8109,2025-01-23,300387,富邦科技,0.025169637
8110,2025-01-23,2902,铭普光磁,0.025163012
8111,2025-01-23,888,峨眉山Ａ,0.025160152
8112,2025-01-23,600684,珠江股份,0.025148857
8113,2025-01-24,601696,中银证券,0.025137633
8114,2025-01-24,600582,天地科技,0.025135616
8115,2025-01-24,688681,科汇股份,0.025131464
8116,2025-01-24,688187,时代电气,0.025128938
8117,2025-01-22,516,国际医学,0.025128495
8118,2025-01-22,603338,浙江鼎力,0.02512225
8119,2025-01-24,603658,安图生物,0.025109407
8120,2025-01-23,301533,威马农机,0.025098972
8121,2025-01-22,620,新华联,0.025089934
8122,2025-01-23,603353,和顺石油,0.025075907
8123,2025-01-22,2091,江苏国泰,0.025056258
8124,2025-01-23,300616,尚品宅配,0.025041897
8125,2025-01-24,603300,海南华铁,0.025034742
8126,2025-01-22,688169,石头科技,0.025016231
8127,2025-01-23,600980,北矿科技,0.025015961
8128,2025-01-23,603856,东宏股份,0.025014259
8129,2025-01-22,2408,齐翔腾达,0.02500895
8130,2025-01-22,300417,南华仪器,0.025005534
8131,2025-01-23,300132,青松股份,0.025002815
8132,2025-01-24,603160,汇顶科技,0.024984166
8133,2025-01-23,2983,芯瑞达,0.0249829
8134,2025-01-24,301448,开创电气,0.024982717
8135,2025-01-22,300821,东岳硅材,0.024974145
8136,2025-01-24,688077,大地熊,0.024973312
8137,2025-01-24,600388,龙净环保,0.024971668
8138,2025-01-24,848,承德露露,0.024966229
8139,2025-01-24,601599,浙文影业,0.024964232
8140,2025-01-23,603098,森特股份,0.024963707
8141,2025-01-24,2258,利尔化学,0.02495755
8142,2025-01-24,1203,大中矿业,0.0249555
8143,2025-01-22,935,四川双马,0.024953004
8144,2025-01-23,603130,云中马,0.024952061
8145,2025-01-23,301381,赛维时代,0.024939407
8146,2025-01-23,300519,新光药业,0.024937024
8147,2025-01-22,300281,金明精机,0.0249276
8148,2025-01-22,301577,美信科技,0.024926769
8149,2025-01-23,709,河钢股份,0.024926681
8150,2025-01-22,600578,京能电力,0.02492017
8151,2025-01-24,601939,建设银行,0.024916384
8152,2025-01-23,603778,国晟科技,0.024915017
8153,2025-01-24,600075,新疆天业,0.024914991
8154,2025-01-24,2773,康弘药业,0.024912536
8155,2025-01-22,637,茂化实华,0.024900861
8156,2025-01-23,600874,创业环保,0.024890346
8157,2025-01-24,600867,通化东宝,0.024888696
8158,2025-01-23,601975,招商南油,0.024886891
8159,2025-01-22,301002,崧盛股份,0.024885736
8160,2025-01-24,600834,申通地铁,0.024874289
8161,2025-01-24,600300,维维股份,0.024873836
8162,2025-01-22,688061,灿瑞科技,0.024873555
8163,2025-01-23,600779,水井坊,0.024866126
8164,2025-01-22,600513,联环药业,0.024848681
8165,2025-01-24,600097,开创国际,0.024847386
8166,2025-01-22,600015,华夏银行,0.02484401
8167,2025-01-22,555,神州信息,0.024837902
8168,2025-01-22,2410,广联达,0.024829887
8169,2025-01-22,600797,浙大网新,0.02482824
8170,2025-01-23,300922,天秦装备,0.024827007
8171,2025-01-22,605208,永茂泰,0.024824802
8172,2025-01-24,688289,圣湘生物,0.02482276
8173,2025-01-22,2102,能特科技,0.024817806
8174,2025-01-24,300388,节能国祯,0.024815146
8175,2025-01-23,300210,森远股份,0.024806999
8176,2025-01-23,600618,氯碱化工,0.02480631
8177,2025-01-23,300562,乐心医疗,0.024801694
8178,2025-01-22,603982,泉峰汽车,0.024798002
8179,2025-01-23,887,中鼎股份,0.024795318
8180,2025-01-22,557,西部创业,0.024791233
8181,2025-01-22,300092,科新机电,0.024768667
8182,2025-01-24,2827,高争民爆,0.024763811
8183,2025-01-22,603587,地素时尚,0.024761736
8184,2025-01-24,601108,财通证券,0.024759687
8185,2025-01-24,605169,洪通燃气,0.024757512
8186,2025-01-23,300083,创世纪,0.02475115
8187,2025-01-24,300755,华致酒行,0.024748776
8188,2025-01-23,300897,山科智能,0.024745535
8189,2025-01-22,603353,和顺石油,0.02471883
8190,2025-01-23,951,中国重汽,0.02470677
8191,2025-01-23,300960,通业科技,0.02470269
8192,2025-01-22,603323,苏农银行,0.024697838
8193,2025-01-24,605011,杭州热电,0.024693485
8194,2025-01-23,425,徐工机械,0.024693342
8195,2025-01-23,301043,绿岛风,0.0246789
8196,2025-01-23,301177,迪阿股份,0.024675304
8197,2025-01-22,709,河钢股份,0.0246711
8198,2025-01-24,2878,元隆雅图,0.02466371
8199,2025-01-24,593,德龙汇能,0.024662178
8200,2025-01-22,300716,泉为科技,0.02465307
8201,2025-01-23,688439,振华风光,0.024646863
8202,2025-01-24,999,华润三九,0.024646804
8203,2025-01-23,688230,芯导科技,0.02464065
8204,2025-01-24,2971,和远气体,0.024638955
8205,2025-01-23,301391,卡莱特,0.02463811
8206,2025-01-22,600704,物产中大,0.024623964
8207,2025-01-24,603786,科博达,0.024620228
8208,2025-01-24,301047,义翘神州,0.024620134
8209,2025-01-24,603519,立霸股份,0.024618976
8210,2025-01-23,301189,奥尼电子,0.024611276
8211,2025-01-24,2340,格林美,0.024593595
8212,2025-01-22,726,鲁  泰Ａ,0.024591696
8213,2025-01-22,601519,大智慧,0.02458864
8214,2025-01-24,2338,奥普光电,0.024580836
8215,2025-01-24,601010,文峰股份,0.0245779
8216,2025-01-23,2125,湘潭电化,0.024575878
8217,2025-01-22,301057,汇隆新材,0.02457496
8218,2025-01-22,301227,森鹰窗业,0.024563836
8219,2025-01-24,2103,广博股份,0.024563339
8220,2025-01-24,930,中粮科技,0.02455562
8221,2025-01-23,601163,三角轮胎,0.024551043
8222,2025-01-23,300576,容大感光,0.02455026
8223,2025-01-22,600880,博瑞传播,0.02454878
8224,2025-01-24,600064,南京高科,0.024546724
8225,2025-01-22,2589,瑞康医药,0.024534803
8226,2025-01-23,571,新大洲A,0.024532476
8227,2025-01-22,2343,慈文传媒,0.024529248
8228,2025-01-22,601965,中国汽研,0.024522971
8229,2025-01-24,538,云南白药,0.02451843
8230,2025-01-24,688513,苑东生物,0.024516415
8231,2025-01-23,2101,广东鸿图,0.024512745
8232,2025-01-23,600992,贵绳股份,0.024507677
8233,2025-01-22,2562,兄弟科技,0.024506273
8234,2025-01-23,895,双汇发展,0.024501156
8235,2025-01-24,2500,山西证券,0.024485037
8236,2025-01-22,300947,德必集团,0.02447689
8237,2025-01-24,600992,贵绳股份,0.024473108
8238,2025-01-22,985,大庆华科,0.024468506
8239,2025-01-23,600639,浦东金桥,0.024466872
8240,2025-01-24,300441,鲍斯股份,0.02446521
8241,2025-01-24,2927,泰永长征,0.024463493
8242,2025-01-23,600745,闻泰科技,0.024460604
8243,2025-01-24,300196,长海股份,0.024445277
8244,2025-01-22,600195,中牧股份,0.0244424
8245,2025-01-23,960,锡业股份,0.024440596
8246,2025-01-24,2148,北纬科技,0.024433326
8247,2025-01-23,756,新华制药,0.02442531
8248,2025-01-24,1979,招商蛇口,0.024421645
8249,2025-01-23,603391,力聚热能,0.02441819
8250,2025-01-24,603587,地素时尚,0.02441542
8251,2025-01-23,300605,恒锋信息,0.024408752
8252,2025-01-24,603350,安乃达,0.024398208
8253,2025-01-24,603773,沃格光电,0.024395952
8254,2025-01-24,603897,长城科技,0.024388967
8255,2025-01-23,2010,传化智联,0.024386274
8256,2025-01-23,2975,博杰股份,0.024385568
8257,2025-01-24,762,西藏矿业,0.024364203
8258,2025-01-23,605567,春雪食品,0.024363196
8259,2025-01-23,301136,招标股份,0.024354301
8260,2025-01-24,2222,福晶科技,0.024353713
8261,2025-01-23,1314,亿道信息,0.024351016
8262,2025-01-22,731,四川美丰,0.024349352
8263,2025-01-24,2677,浙江美大,0.02434598
8264,2025-01-22,600248,陕建股份,0.02434521
8265,2025-01-24,603353,和顺石油,0.02432405
8266,2025-01-23,301032,新柴股份,0.024304152
8267,2025-01-24,1210,金房能源,0.024302615
8268,2025-01-24,688788,科思科技,0.0243017
8269,2025-01-23,603788,宁波高发,0.024298344
8270,2025-01-23,605566,福莱蒽特,0.024286646
8271,2025-01-22,688110,东芯股份,0.024284892
8272,2025-01-24,869,张  裕Ａ,0.0242843
8273,2025-01-22,603718,海利生物,0.024283538
8274,2025-01-24,601187,厦门银行,0.02428276
8275,2025-01-24,300058,蓝色光标,0.024266966
8276,2025-01-22,600452,涪陵电力,0.024266846
8277,2025-01-23,985,大庆华科,0.024265697
8278,2025-01-23,2128,电投能源,0.024254676
8279,2025-01-24,2659,凯文教育,0.024252176
8280,2025-01-23,2399,海普瑞,0.024251776
8281,2025-01-22,600518,康美药业,0.024250131
8282,2025-01-23,2367,康力电梯,0.024249356
8283,2025-01-23,600640,国脉文化,0.024248898
8284,2025-01-22,600765,中航重机,0.024247702
8285,2025-01-24,603489,八方股份,0.024246342
8286,2025-01-23,1358,兴欣新材,0.024242586
8287,2025-01-22,603990,麦迪科技,0.024240708
8288,2025-01-24,1266,宏英智能,0.024209408
8289,2025-01-23,600299,安迪苏,0.02420279
8290,2025-01-22,601188,龙江交通,0.024191594
8291,2025-01-22,688055,龙腾光电,0.024179146
8292,2025-01-24,750,国海证券,0.0241784
8293,2025-01-24,2117,东港股份,0.024176326
8294,2025-01-24,300960,通业科技,0.02417624
8295,2025-01-23,568,泸州老窖,0.024174333
8296,2025-01-24,2978,安宁股份,0.024170507
8297,2025-01-23,2801,微光股份,0.02416372
8298,2025-01-24,300907,康平科技,0.024152745
8299,2025-01-22,301190,善水科技,0.024145797
8300,2025-01-24,301265,华新环保,0.024144238
8301,2025-01-23,629,钒钛股份,0.02413544
8302,2025-01-24,688596,正帆科技,0.024123607
8303,2025-01-23,688352,颀中科技,0.024117013
8304,2025-01-22,301371,敷尔佳,0.024116974
8305,2025-01-24,300004,南风股份,0.024115494
8306,2025-01-23,762,西藏矿业,0.024112178
8307,2025-01-23,300280,紫天科技,0.024105182
8308,2025-01-23,603220,中贝通信,0.024094637
8309,2025-01-24,301009,可靠股份,0.024091825
8310,2025-01-22,301172,君逸数码,0.02409055
8311,2025-01-23,601700,风范股份,0.024086501
8312,2025-01-22,300213,佳讯飞鸿,0.024082823
8313,2025-01-24,603083,剑桥科技,0.024078203
8314,2025-01-23,600064,南京高科,0.024078004
8315,2025-01-23,603283,赛腾股份,0.0240767
8316,2025-01-24,688330,宏力达,0.024072066
8317,2025-01-23,301330,熵基科技,0.024070986
8318,2025-01-24,301381,赛维时代,0.024069212
8319,2025-01-22,2958,青农商行,0.024062207
8320,2025-01-22,2679,福建金森,0.024061687
8321,2025-01-22,603629,利通电子,0.02405829
8322,2025-01-24,300443,金雷股份,0.024054307
8323,2025-01-24,601949,中国出版,0.024053324
8324,2025-01-23,2882,金龙羽,0.024051387
8325,2025-01-23,600105,永鼎股份,0.024051243
8326,2025-01-22,300618,寒锐钴业,0.024051124
8327,2025-01-22,601279,英利汽车,0.02404796
8328,2025-01-22,603060,国检集团,0.024045449
8329,2025-01-24,688120,华海清科,0.024043307
8330,2025-01-22,2926,华西证券,0.024032205
8331,2025-01-22,2046,国机精工,0.02402393
8332,2025-01-24,2283,天润工业,0.024012417
8333,2025-01-23,600809,山西汾酒,0.024010599
8334,2025-01-22,32,深桑达Ａ,0.024006147
8335,2025-01-23,600765,中航重机,0.02400138
8336,2025-01-24,300224,正海磁材,0.023998205
8337,2025-01-24,300238,冠昊生物,0.02399106
8338,2025-01-24,949,新乡化纤,0.023983479
8339,2025-01-23,605122,四方新材,0.02398025
8340,2025-01-22,2652,扬子新材,0.023978205
8341,2025-01-24,300860,锋尚文化,0.023977023
8342,2025-01-23,688021,奥福环保,0.023957234
8343,2025-01-22,688133,泰坦科技,0.023952477
8344,2025-01-24,603344,星德胜,0.023945691
8345,2025-01-24,603315,福鞍股份,0.02394233
8346,2025-01-24,600348,华阳股份,0.023940794
8347,2025-01-22,600512,腾达建设,0.02393592
8348,2025-01-23,300019,硅宝科技,0.023933562
8349,2025-01-22,600597,光明乳业,0.023929203
8350,2025-01-22,600300,维维股份,0.023928057
8351,2025-01-23,600211,西藏药业,0.023912841
8352,2025-01-23,2060,广东建工,0.023906725
8353,2025-01-22,300291,百纳千成,0.02389269
8354,2025-01-22,2709,天赐材料,0.02387805
8355,2025-01-24,688082,盛美上海,0.023870222
8356,2025-01-22,603530,神马电力,0.023866985
8357,2025-01-22,300712,永福股份,0.023863215
8358,2025-01-22,301221,光庭信息,0.023863163
8359,2025-01-23,600052,东望时代,0.023861948
8360,2025-01-24,600109,国金证券,0.023833431
8361,2025-01-22,2452,长高电新,0.023814665
8362,2025-01-22,600683,京投发展,0.023814429
8363,2025-01-22,688485,九州一轨,0.023807913
8364,2025-01-24,301279,金道科技,0.023795873
8365,2025-01-22,601985,中国核电,0.023785498
8366,2025-01-22,300722,新余国科,0.02378406
8367,2025-01-23,301303,真兰仪表,0.023772191
8368,2025-01-22,603001,奥康国际,0.023765907
8369,2025-01-23,300071,福石控股,0.023746226
8370,2025-01-24,600007,中国国贸,0.023744542
8371,2025-01-22,2228,合兴包装,0.02374224
8372,2025-01-22,2339,积成电子,0.023741601
8373,2025-01-22,600757,长江传媒,0.02373882
8374,2025-01-22,603272,联翔股份,0.023726922
8375,2025-01-22,603168,莎普爱思,0.023721157
8376,2025-01-22,301297,富乐德,0.023718137
8377,2025-01-22,301183,东田微,0.023713613
8378,2025-01-22,600361,创新新材,0.023709014
8379,2025-01-22,301208,中亦科技,0.023708485
8380,2025-01-24,601975,招商南油,0.023708435
8381,2025-01-24,603332,苏州龙杰,0.023707274
8382,2025-01-24,837,秦川机床,0.023704961
8383,2025-01-22,600861,北京人力,0.023700828
8384,2025-01-22,688211,中科微至,0.023699615
8385,2025-01-23,300943,春晖智控,0.023699477
8386,2025-01-23,600713,南京医药,0.023697456
8387,2025-01-24,1234,泰慕士,0.023693273
8388,2025-01-22,600354,敦煌种业,0.023675008
8389,2025-01-24,2696,百洋股份,0.02365403
8390,2025-01-22,300693,盛弘股份,0.023648456
8391,2025-01-24,2334,英威腾,0.023646127
8392,2025-01-23,600573,惠泉啤酒,0.023620833
8393,2025-01-24,601666,平煤股份,0.023620144
8394,2025-01-22,600252,中恒集团,0.023597648
8395,2025-01-22,600587,新华医疗,0.023595411
8396,2025-01-24,600328,中盐化工,0.023592746
8397,2025-01-22,688230,芯导科技,0.023587756
8398,2025-01-23,2057,中钢天源,0.023585532
8399,2025-01-24,300335,迪森股份,0.023574293
8400,2025-01-22,301389,隆扬电子,0.02357041
8401,2025-01-22,688025,杰普特,0.023556788
8402,2025-01-24,600758,辽宁能源,0.023554344
8403,2025-01-24,2454,松芝股份,0.023551658
8404,2025-01-24,968,蓝焰控股,0.023548897
8405,2025-01-23,34,神州数码,0.02354788
8406,2025-01-22,688601,力芯微,0.023547826
8407,2025-01-22,300263,隆华科技,0.023546442
8408,2025-01-22,2117,东港股份,0.023545388
8409,2025-01-23,603180,金牌家居,0.02353427
8410,2025-01-22,601880,辽港股份,0.023534019
8411,2025-01-24,2051,中工国际,0.023512565
8412,2025-01-23,2426,胜利精密,0.023505013
8413,2025-01-22,300747,锐科激光,0.02350483
8414,2025-01-23,688028,沃尔德,0.02349577
8415,2025-01-22,886,海南高速,0.02348548
8416,2025-01-22,300635,中达安,0.02347983
8417,2025-01-24,2790,瑞尔特,0.02347751
8418,2025-01-24,1287,中电港,0.023475334
8419,2025-01-24,300390,天华新能,0.023471514
8420,2025-01-22,603605,珀莱雅,0.023470862
8421,2025-01-24,403,派林生物,0.023470506
8422,2025-01-23,2498,汉缆股份,0.02346755
8423,2025-01-23,600461,洪城环境,0.023449652
8424,2025-01-22,2839,张家港行,0.023448711
8425,2025-01-24,688236,春立医疗,0.02343094
8426,2025-01-22,301043,绿岛风,0.023426164
8427,2025-01-23,2100,天康生物,0.023422074
8428,2025-01-24,600210,紫江企业,0.023416843
8429,2025-01-24,2393,力生制药,0.023415327
8430,2025-01-22,300005,探路者,0.023400096
8431,2025-01-24,2888,惠威科技,0.023391655
8432,2025-01-24,300982,苏文电能,0.0233898
8433,2025-01-22,301216,万凯新材,0.02338854
8434,2025-01-23,601089,福元医药,0.023385162
8435,2025-01-22,600916,中国黄金,0.02338311
8436,2025-01-23,300673,佩蒂股份,0.02338104
8437,2025-01-23,300831,派瑞股份,0.023378566
8438,2025-01-24,603759,海天股份,0.023367155
8439,2025-01-22,603213,镇洋发展,0.023355477
8440,2025-01-23,300389,艾比森,0.023353674
8441,2025-01-23,601199,江南水务,0.023351645
8442,2025-01-22,688799,华纳药厂,0.023351494
8443,2025-01-22,1238,浙江正特,0.02334437
8444,2025-01-24,600099,林海股份,0.023333564
8445,2025-01-22,603368,柳药集团,0.023333225
8446,2025-01-22,600219,南山铝业,0.023332274
8447,2025-01-24,301041,金百泽,0.023326067
8448,2025-01-24,300786,国林科技,0.023317853
8449,2025-01-24,2675,东诚药业,0.023317445
8450,2025-01-22,603369,今世缘,0.023314465
8451,2025-01-24,603933,睿能科技,0.023313412
8452,2025-01-23,2224,三 力 士,0.023310669
8453,2025-01-23,603803,瑞斯康达,0.023307335
8454,2025-01-23,601966,玲珑轮胎,0.023295298
8455,2025-01-23,301013,利和兴,0.0232912
8456,2025-01-23,600104,上汽集团,0.023285627
8457,2025-01-23,600996,贵广网络,0.023279468
8458,2025-01-22,600995,南网储能,0.023267418
8459,2025-01-22,1324,长青科技,0.023257945
8460,2025-01-23,603650,彤程新材,0.023257365
8461,2025-01-22,603408,建霖家居,0.02325295
8462,2025-01-24,600776,东方通信,0.023250738
8463,2025-01-23,300234,开尔新材,0.02324768
8464,2025-01-23,1207,联科科技,0.023235332
8465,2025-01-22,799,酒鬼酒,0.023232691
8466,2025-01-24,600713,南京医药,0.023203202
8467,2025-01-22,601333,广深铁路,0.0232026
8468,2025-01-24,300049,福瑞股份,0.023199728
8469,2025-01-23,2282,博深股份,0.023181565
8470,2025-01-24,603053,成都燃气,0.023179052
8471,2025-01-24,603458,勘设股份,0.02316617
8472,2025-01-22,601200,上海环境,0.023153977
8473,2025-01-24,600391,航发科技,0.023152534
8474,2025-01-24,300133,华策影视,0.023147477
8475,2025-01-24,600995,南网储能,0.02314727
8476,2025-01-22,2519,银河电子,0.023135884
8477,2025-01-23,301215,中汽股份,0.023128701
8478,2025-01-23,2304,洋河股份,0.023126371
8479,2025-01-23,300213,佳讯飞鸿,0.023125753
8480,2025-01-23,2641,公元股份,0.023125026
8481,2025-01-23,600508,上海能源,0.023122381
8482,2025-01-22,688484,南芯科技,0.023121849
8483,2025-01-24,2968,新大正,0.023120815
8484,2025-01-24,600663,陆家嘴,0.023116846
8485,2025-01-22,601059,信达证券,0.023115566
8486,2025-01-23,2397,梦洁股份,0.02309509
8487,2025-01-22,603290,斯达半导,0.023090784
8488,2025-01-24,600207,安彩高科,0.02308562
8489,2025-01-22,2007,华兰生物,0.02307696
8490,2025-01-22,301077,星华新材,0.023076348
8491,2025-01-22,603070,万控智造,0.023070097
8492,2025-01-22,600495,晋西车轴,0.02306849
8493,2025-01-23,301191,菲菱科思,0.023067715
8494,2025-01-22,601126,四方股份,0.02306562
8495,2025-01-24,300643,万通智控,0.023062475
8496,2025-01-24,688593,新相微,0.023059763
8497,2025-01-24,952,广济药业,0.023054898
8498,2025-01-22,300016,北陆药业,0.02305468
8499,2025-01-22,2908,德生科技,0.023036368
8500,2025-01-22,300955,嘉亨家化,0.02303235
8501,2025-01-22,1387,雪祺电气,0.023029532
8502,2025-01-24,605299,舒华体育,0.023026701
8503,2025-01-24,600056,中国医药,0.023023518
8504,2025-01-24,301316,慧博云通,0.023017805
8505,2025-01-23,301296,新巨丰,0.023016995
8506,2025-01-23,603033,三维股份,0.02301473
8507,2025-01-23,688135,利扬芯片,0.023014698
8508,2025-01-23,600168,武汉控股,0.02301347
8509,2025-01-24,301507,民生健康,0.023005676
8510,2025-01-24,1314,亿道信息,0.022998137
8511,2025-01-22,1277,速达股份,0.02299654
8512,2025-01-24,603367,辰欣药业,0.022987474
8513,2025-01-22,301087,可孚医疗,0.022983814
8514,2025-01-22,603569,长久物流,0.022980902
8515,2025-01-24,600681,百川能源,0.022979029
8516,2025-01-22,2626,金达威,0.022973422
8517,2025-01-22,2646,天佑德酒,0.022968134
8518,2025-01-23,300413,芒果超媒,0.022957277
8519,2025-01-22,688548,广钢气体,0.022938492
8520,2025-01-22,2859,洁美科技,0.02293035
8521,2025-01-22,600681,百川能源,0.022930086
8522,2025-01-22,2550,千红制药,0.02292888
8523,2025-01-24,600208,衢州发展,0.022917092
8524,2025-01-23,300215,电科院,0.022910796
8525,2025-01-24,600020,中原高速,0.022904754
8526,2025-01-24,301362,民爆光电,0.02290124
8527,2025-01-23,601666,平煤股份,0.022893328
8528,2025-01-24,603986,兆易创新,0.022885043
8529,2025-01-23,885,城发环境,0.022878245
8530,2025-01-24,300470,中密控股,0.022876315
8531,2025-01-22,688268,华特气体,0.022872375
8532,2025-01-23,2756,永兴材料,0.022870611
8533,2025-01-23,688357,建龙微纳,0.02287056
8534,2025-01-23,600901,江苏金租,0.02286613
8535,2025-01-23,600703,三安光电,0.02286449
8536,2025-01-22,2712,思美传媒,0.022864288
8537,2025-01-24,300844,山水比德,0.022857623
8538,2025-01-24,2269,美邦服饰,0.022856776
8539,2025-01-22,603103,横店影视,0.02285547
8540,2025-01-22,300929,华骐环保,0.022851529
8541,2025-01-24,300833,浩洋股份,0.022841282
8542,2025-01-24,301075,多瑞医药,0.02283318
8543,2025-01-24,601702,华峰铝业,0.022829715
8544,2025-01-22,600988,赤峰黄金,0.022820313
8545,2025-01-24,688271,联影医疗,0.022806127
8546,2025-01-22,600403,大有能源,0.02278421
8547,2025-01-23,2559,亚威股份,0.022783086
8548,2025-01-22,301101,明月镜片,0.022780435
8549,2025-01-23,2008,大族激光,0.02277746
8550,2025-01-23,603002,宏昌电子,0.02277249
8551,2025-01-22,591,太阳能,0.022749469
8552,2025-01-24,899,赣能股份,0.022743342
8553,2025-01-22,688026,洁特生物,0.022741545
8554,2025-01-23,2907,华森制药,0.022736032
8555,2025-01-24,600395,盘江股份,0.022731965
8556,2025-01-24,300557,理工光科,0.02272677
8557,2025-01-24,600018,上港集团,0.02272648
8558,2025-01-24,603700,宁水集团,0.022717647
8559,2025-01-22,301229,纽泰格,0.022713741
8560,2025-01-24,688121,卓然股份,0.022713393
8561,2025-01-24,688777,中控技术,0.022708496
8562,2025-01-22,2731,萃华珠宝,0.02270831
8563,2025-01-23,600380,健康元,0.022705184
8564,2025-01-22,301587,中瑞股份,0.022704009
8565,2025-01-24,2142,宁波银行,0.022699572
8566,2025-01-23,2195,岩山科技,0.022694398
8567,2025-01-23,688003,天准科技,0.022679824
8568,2025-01-23,600966,博汇纸业,0.022677688
8569,2025-01-23,2416,爱施德,0.022676304
8570,2025-01-22,300498,温氏股份,0.02266853
8571,2025-01-24,2399,海普瑞,0.022664193
8572,2025-01-23,301392,汇成真空,0.022645524
8573,2025-01-23,603097,江苏华辰,0.022638578
8574,2025-01-23,300567,精测电子,0.022638101
8575,2025-01-23,600613,神奇制药,0.022633936
8576,2025-01-23,600919,江苏银行,0.0226277
8577,2025-01-23,600073,光明肉业,0.02262669
8578,2025-01-24,688139,海尔生物,0.022617115
8579,2025-01-24,601113,华鼎股份,0.022613036
8580,2025-01-24,301251,威尔高,0.022611672
8581,2025-01-24,300005,探路者,0.022609463
8582,2025-01-24,600051,宁波联合,0.022607638
8583,2025-01-24,875,吉电股份,0.022599107
8584,2025-01-22,688309,恒誉环保,0.022597464
8585,2025-01-24,300995,奇德新材,0.022595722
8586,2025-01-24,688013,天臣医疗,0.022592764
8587,2025-01-22,688455,科捷智能,0.022592505
8588,2025-01-23,301056,森赫股份,0.022577146
8589,2025-01-23,300542,新晨科技,0.02257427
8590,2025-01-23,2269,美邦服饰,0.022572424
8591,2025-01-23,600753,庚星股份,0.022567537
8592,2025-01-23,300534,陇神戎发,0.022561796
8593,2025-01-22,600408,安泰集团,0.02255539
8594,2025-01-22,923,河钢资源,0.022552378
8595,2025-01-23,301121,紫建电子,0.02255014
8596,2025-01-24,605358,立昂微,0.022541197
8597,2025-01-24,2811,郑中设计,0.022540033
8598,2025-01-23,2481,双塔食品,0.022537518
8599,2025-01-24,600149,廊坊发展,0.02253473
8600,2025-01-23,2177,御银股份,0.022522658
8601,2025-01-24,600737,中粮糖业,0.022518016
8602,2025-01-24,688506,百利天恒-U,0.022516001
8603,2025-01-24,300943,春晖智控,0.022515971
8604,2025-01-23,600862,中航高科,0.022511961
8605,2025-01-23,300955,嘉亨家化,0.022510054
8606,2025-01-22,601919,中远海控,0.022502761
8607,2025-01-22,300719,安达维尔,0.022497306
8608,2025-01-23,600075,新疆天业,0.022489365
8609,2025-01-22,735,罗 牛 山,0.022480264
8610,2025-01-23,600866,星湖科技,0.022470579
8611,2025-01-24,600879,航天电子,0.022466362
8612,2025-01-22,600611,大众交通,0.02246612
8613,2025-01-24,301133,金钟股份,0.022465937
8614,2025-01-22,600338,西藏珠峰,0.022464346
8615,2025-01-23,688458,美芯晟,0.022463016
8616,2025-01-22,2349,精华制药,0.022448186
8617,2025-01-23,688132,邦彦技术,0.022446826
8618,2025-01-24,300920,润阳科技,0.022446685
8619,2025-01-24,600749,西藏旅游,0.022442507
8620,2025-01-23,300135,宝利国际,0.022440057
8621,2025-01-24,156,华数传媒,0.022424629
8622,2025-01-23,603309,维力医疗,0.022424161
8623,2025-01-22,600805,悦达投资,0.022423372
8624,2025-01-22,603299,苏盐井神,0.022416282
8625,2025-01-23,600479,千金药业,0.022403464
8626,2025-01-24,2196,方正电机,0.022398226
8627,2025-01-22,603676,卫信康,0.022390671
8628,2025-01-23,603883,老百姓,0.022389095
8629,2025-01-24,301517,陕西华达,0.0223872
8630,2025-01-22,301522,上大股份,0.02238565
8631,2025-01-24,605577,龙版传媒,0.02238138
8632,2025-01-23,600858,银座股份,0.02236891
8633,2025-01-22,600684,珠江股份,0.022366036
8634,2025-01-22,600869,远东股份,0.022356436
8635,2025-01-24,783,长江证券,0.02233399
8636,2025-01-23,2355,兴民智通,0.02229967
8637,2025-01-24,300083,创世纪,0.022290794
8638,2025-01-23,601279,英利汽车,0.02226039
8639,2025-01-23,300194,福安药业,0.022255722
8640,2025-01-24,601919,中远海控,0.02224528
8641,2025-01-24,688699,明微电子,0.022239
8642,2025-01-23,603040,新坐标,0.022228617
8643,2025-01-24,300143,盈康生命,0.022225235
8644,2025-01-24,300879,大叶股份,0.022215907
8645,2025-01-22,600299,安迪苏,0.022215309
8646,2025-01-22,600218,全柴动力,0.022211384
8647,2025-01-23,2714,牧原股份,0.022206185
8648,2025-01-24,688259,创耀科技,0.022203933
8649,2025-01-24,603817,海峡环保,0.022199035
8650,2025-01-24,2046,国机精工,0.022196008
8651,2025-01-22,300148,天舟文化,0.022181792
8652,2025-01-23,2653,海思科,0.022180911
8653,2025-01-22,688680,海优新材,0.022177298
8654,2025-01-23,600979,广安爱众,0.022158023
8655,2025-01-22,603390,通达电气,0.022157002
8656,2025-01-23,1219,青岛食品,0.02215153
8657,2025-01-22,1318,阳光乳业,0.022133537
8658,2025-01-24,688316,青云科技-U,0.02212905
8659,2025-01-24,788,北大医药,0.022127658
8660,2025-01-24,2635,安洁科技,0.022125643
8661,2025-01-24,2535,林州重机,0.02212241
8662,2025-01-22,603113,金能科技,0.022119958
8663,2025-01-23,300110,华仁药业,0.022107089
8664,2025-01-24,2389,航天彩虹,0.022106225
8665,2025-01-22,603137,恒尚节能,0.0221055
8666,2025-01-23,2334,英威腾,0.022076054
8667,2025-01-22,2387,维信诺,0.022060873
8668,2025-01-24,301072,中捷精工,0.022052653
8669,2025-01-23,601985,中国核电,0.022051923
8670,2025-01-23,300075,数字政通,0.022044588
8671,2025-01-23,600103,青山纸业,0.022030462
8672,2025-01-23,600509,天富能源,0.022029238
8673,2025-01-24,600997,开滦股份,0.022028683
8674,2025-01-24,605368,蓝天燃气,0.022028102
8675,2025-01-22,300882,万胜智能,0.022021461
8676,2025-01-22,300009,安科生物,0.02201305
8677,2025-01-23,2034,旺能环境,0.021998936
8678,2025-01-22,2645,华宏科技,0.0219923
8679,2025-01-24,2120,韵达股份,0.021991245
8680,2025-01-24,600690,海尔智家,0.02197177
8681,2025-01-22,300795,米奥会展,0.021970266
8682,2025-01-24,601101,昊华能源,0.021960787
8683,2025-01-23,300221,银禧科技,0.02195167
8684,2025-01-24,600649,城投控股,0.021941777
8685,2025-01-22,300725,药石科技,0.021939676
8686,2025-01-22,600135,乐凯胶片,0.02193168
8687,2025-01-23,2264,新 华 都,0.021925537
8688,2025-01-23,600422,昆药集团,0.02192335
8689,2025-01-23,603931,格林达,0.021920327
8690,2025-01-23,1209,洪兴股份,0.021916958
8691,2025-01-22,688096,京源环保,0.021912761
8692,2025-01-22,601921,浙版传媒,0.021909853
8693,2025-01-22,603324,盛剑科技,0.021909574
8694,2025-01-22,600961,株冶集团,0.021908604
8695,2025-01-23,600801,华新水泥,0.02190627
8696,2025-01-22,600456,宝钛股份,0.021897802
8697,2025-01-23,300369,绿盟科技,0.021895269
8698,2025-01-24,603097,江苏华辰,0.021890152
8699,2025-01-23,300717,华信新材,0.02188004
8700,2025-01-23,600929,雪天盐业,0.021874685
8701,2025-01-23,600535,天士力,0.02187388
8702,2025-01-24,301596,瑞迪智驱,0.0218736
8703,2025-01-22,300885,海昌新材,0.02187303
8704,2025-01-23,301168,通灵股份,0.021870233
8705,2025-01-24,558,莱茵体育,0.021861847
8706,2025-01-23,300906,日月明,0.021859953
8707,2025-01-23,600262,北方股份,0.02184887
8708,2025-01-23,300507,苏奥传感,0.0218486
8709,2025-01-24,600066,宇通客车,0.021847866
8710,2025-01-23,300136,信维通信,0.021847324
8711,2025-01-24,688573,信宇人,0.021846045
8712,2025-01-24,300210,森远股份,0.021842863
8713,2025-01-22,600380,健康元,0.0218427
8714,2025-01-24,2940,昂利康,0.021840412
8715,2025-01-22,600179,安通控股,0.021821827
8716,2025-01-23,600035,楚天高速,0.021810679
8717,2025-01-22,2300,太阳电缆,0.021810008
8718,2025-01-23,300636,同和药业,0.021805823
8719,2025-01-23,300517,海波重科,0.021805625
8720,2025-01-23,600763,通策医疗,0.021804793
8721,2025-01-23,605555,德昌股份,0.021802396
8722,2025-01-23,600925,苏能股份,0.021797728
8723,2025-01-23,301153,中科江南,0.021795135
8724,2025-01-23,688330,宏力达,0.021794416
8725,2025-01-22,2516,旷达科技,0.021791164
8726,2025-01-23,688525,佰维存储,0.021791022
8727,2025-01-23,600808,马钢股份,0.02178307
8728,2025-01-22,300457,赢合科技,0.021767844
8729,2025-01-24,601229,上海银行,0.021767551
8730,2025-01-22,1258,立新能源,0.021765381
8731,2025-01-22,688180,君实生物-U,0.021765279
8732,2025-01-22,2921,联诚精密,0.021763157
8733,2025-01-23,20,深华发Ａ,0.021762121
8734,2025-01-24,301358,湖南裕能,0.021759447
8735,2025-01-23,830,鲁西化工,0.021752173
8736,2025-01-22,420,吉林化纤,0.02173271
8737,2025-01-23,300929,华骐环保,0.02172919
8738,2025-01-23,300559,佳发教育,0.021722622
8739,2025-01-23,1255,博菲电气,0.021720111
8740,2025-01-22,603178,圣龙股份,0.021713162
8741,2025-01-23,603970,中农立华,0.021708809
8742,2025-01-22,598,兴蓉环境,0.021703895
8743,2025-01-22,605098,行动教育,0.021702882
8744,2025-01-24,2925,盈趣科技,0.021700544
8745,2025-01-22,600307,酒钢宏兴,0.02169296
8746,2025-01-23,600469,风神股份,0.021692904
8747,2025-01-22,600980,北矿科技,0.02168348
8748,2025-01-23,2054,德美化工,0.021683393
8749,2025-01-22,2154,报 喜 鸟,0.02167726
8750,2025-01-23,600368,五洲交通,0.021677092
8751,2025-01-23,603458,勘设股份,0.021673553
8752,2025-01-24,601099,太平洋,0.021671608
8753,2025-01-24,688702,盛科通信-U,0.021667143
8754,2025-01-23,600333,长春燃气,0.021665825
8755,2025-01-22,603209,兴通股份,0.02166545
8756,2025-01-23,300223,北京君正,0.021653958
8757,2025-01-24,600415,小商品城,0.021644352
8758,2025-01-23,2104,恒宝股份,0.021640059
8759,2025-01-22,300690,双一科技,0.021635775
8760,2025-01-24,688005,容百科技,0.021613529
8761,2025-01-24,301236,软通动力,0.021611791
8762,2025-01-22,688658,悦康药业,0.021605365
8763,2025-01-22,603079,圣达生物,0.021600604
8764,2025-01-22,301386,未来电器,0.021595296
8765,2025-01-24,600682,南京新百,0.021592155
8766,2025-01-22,605167,利柏特,0.021581147
8767,2025-01-24,301020,密封科技,0.02157984
8768,2025-01-24,600098,广州发展,0.021578461
8769,2025-01-23,600927,永安期货,0.021575227
8770,2025-01-24,600059,古越龙山,0.021569718
8771,2025-01-22,2175,东方智造,0.021569543
8772,2025-01-24,2644,佛慈制药,0.021568328
8773,2025-01-23,301175,中科环保,0.021563474
8774,2025-01-22,9,中国宝安,0.021559387
8775,2025-01-24,2324,普利特,0.021554433
8776,2025-01-22,2937,兴瑞科技,0.021554234
8777,2025-01-22,600635,大众公用,0.02154552
8778,2025-01-22,300235,方直科技,0.021532929
8779,2025-01-24,300054,鼎龙股份,0.021532029
8780,2025-01-22,601319,中国人保,0.02152259
8781,2025-01-22,603558,健盛集团,0.021520376
8782,2025-01-24,300826,测绘股份,0.021519432
8783,2025-01-22,601375,中原证券,0.021516375
8784,2025-01-22,1296,长江材料,0.021515314
8785,2025-01-23,677,恒天海龙,0.021512304
8786,2025-01-22,603887,城地香江,0.0215103
8787,2025-01-24,688798,艾为电子,0.021507952
8788,2025-01-24,2639,雪人股份,0.021507552
8789,2025-01-22,600682,南京新百,0.021500777
8790,2025-01-24,603329,上海雅仕,0.021498775
8791,2025-01-23,2073,软控股份,0.021486709
8792,2025-01-24,2905,金逸影视,0.021480504
8793,2025-01-23,930,中粮科技,0.021480048
8794,2025-01-23,300492,华图山鼎,0.02147635
8795,2025-01-23,538,云南白药,0.021472454
8796,2025-01-24,300207,欣旺达,0.021471076
8797,2025-01-23,2987,京北方,0.021461118
8798,2025-01-23,2660,茂硕电源,0.021450127
8799,2025-01-23,300031,宝通科技,0.021446677
8800,2025-01-24,2422,科伦药业,0.02144557
8801,2025-01-24,605138,盛泰集团,0.021440709
8802,2025-01-23,955,欣龙控股,0.021438852
8803,2025-01-23,600511,国药股份,0.021434657
8804,2025-01-24,600873,梅花生物,0.021433813
8805,2025-01-24,978,桂林旅游,0.021421045
8806,2025-01-22,605100,华丰股份,0.021420304
8807,2025-01-24,2899,英派斯,0.02141657
8808,2025-01-23,603357,设计总院,0.02140663
8809,2025-01-24,300114,中航电测,0.021399956
8810,2025-01-23,301039,中集车辆,0.021397555
8811,2025-01-24,688361,中科飞测,0.0213914
8812,2025-01-24,2632,道明光学,0.021382002
8813,2025-01-24,960,锡业股份,0.021380357
8814,2025-01-24,300164,通源石油,0.021378698
8815,2025-01-23,601568,北元集团,0.021370905
8816,2025-01-24,600508,上海能源,0.021364126
8817,2025-01-24,2926,华西证券,0.021359647
8818,2025-01-22,3025,思进智能,0.021359038
8819,2025-01-23,300036,超图软件,0.021330267
8820,2025-01-22,300283,温州宏丰,0.021328278
8821,2025-01-22,300340,科恒股份,0.021321405
8822,2025-01-24,301043,绿岛风,0.021311015
8823,2025-01-22,600648,外高桥,0.021304801
8824,2025-01-23,708,中信特钢,0.02129161
8825,2025-01-24,300575,中旗股份,0.02128445
8826,2025-01-22,300492,华图山鼎,0.021274552
8827,2025-01-24,300192,科德教育,0.021266006
8828,2025-01-24,600985,淮北矿业,0.021264832
8829,2025-01-22,2768,国恩股份,0.021262538
8830,2025-01-23,300790,宇瞳光学,0.021257754
8831,2025-01-22,688526,科前生物,0.021245494
8832,2025-01-24,2381,双箭股份,0.021241156
8833,2025-01-24,1379,腾达科技,0.021240193
8834,2025-01-24,860,顺鑫农业,0.021235852
8835,2025-01-22,2827,高争民爆,0.021234602
8836,2025-01-22,300393,中来股份,0.021229614
8837,2025-01-23,2925,盈趣科技,0.021229299
8838,2025-01-22,529,广弘控股,0.0212239
8839,2025-01-24,601216,君正集团,0.021221781
8840,2025-01-22,600226,亨通股份,0.021215528
8841,2025-01-22,600168,武汉控股,0.021213625
8842,2025-01-24,600675,中华企业,0.021205125
8843,2025-01-23,300201,海伦哲,0.021201678
8844,2025-01-24,600615,丰华股份,0.021193553
8845,2025-01-24,1358,兴欣新材,0.021192145
8846,2025-01-22,300302,同有科技,0.021188535
8847,2025-01-23,600965,福成股份,0.021187149
8848,2025-01-24,682,东方电子,0.021185022
8849,2025-01-24,300691,联合光电,0.02118019
8850,2025-01-23,300105,龙源技术,0.021178093
8851,2025-01-22,300990,同飞股份,0.021167316
8852,2025-01-24,603035,常熟汽饰,0.021162035
8853,2025-01-23,600292,远达环保,0.021161351
8854,2025-01-24,301050,雷电微力,0.021161318
8855,2025-01-22,301156,美农生物,0.021159614
8856,2025-01-24,688409,富创精密,0.021156631
8857,2025-01-23,601003,柳钢股份,0.021154892
8858,2025-01-22,2772,众兴菌业,0.021154381
8859,2025-01-22,600383,金地集团,0.021153085
8860,2025-01-24,600979,广安爱众,0.02113897
8861,2025-01-24,600333,长春燃气,0.021137461
8862,2025-01-23,300690,双一科技,0.021129783
8863,2025-01-22,2279,久其软件,0.021125877
8864,2025-01-23,2828,贝肯能源,0.021123335
8865,2025-01-24,600223,福瑞达,0.021118656
8866,2025-01-24,2885,京泉华,0.021117125
8867,2025-01-22,605228,神通科技,0.021105615
8868,2025-01-24,601128,常熟银行,0.021098979
8869,2025-01-23,300463,迈克生物,0.021094905
8870,2025-01-23,2937,兴瑞科技,0.021084327
8871,2025-01-22,301200,大族数控,0.021084156
8872,2025-01-23,600664,哈药股份,0.021054326
8873,2025-01-22,300624,万兴科技,0.021047993
8874,2025-01-23,2506,协鑫集成,0.021042783
8875,2025-01-22,300234,开尔新材,0.021032162
8876,2025-01-24,2347,泰尔股份,0.021027157
8877,2025-01-24,2652,扬子新材,0.021024214
8878,2025-01-23,600097,开创国际,0.020997811
8879,2025-01-23,523,红棉股份,0.020993358
8880,2025-01-22,600663,陆家嘴,0.020979997
8881,2025-01-24,688133,泰坦科技,0.020978836
8882,2025-01-24,600195,中牧股份,0.020977013
8883,2025-01-22,959,首钢股份,0.020970888
8884,2025-01-22,600796,钱江生化,0.020969395
8885,2025-01-23,300206,理邦仪器,0.020960253
8886,2025-01-22,600965,福成股份,0.020958954
8887,2025-01-24,601126,四方股份,0.020952668
8888,2025-01-22,600919,江苏银行,0.020945933
8889,2025-01-23,603980,吉华集团,0.020945642
8890,2025-01-22,966,长源电力,0.020937614
8891,2025-01-24,600918,中泰证券,0.020936307
8892,2025-01-22,2003,伟星股份,0.02093098
8893,2025-01-24,301520,万邦医药,0.020926338
8894,2025-01-22,300463,迈克生物,0.020921249
8895,2025-01-23,1288,运机集团,0.020914905
8896,2025-01-24,688611,杭州柯林,0.020907791
8897,2025-01-23,301212,联盛化学,0.020904757
8898,2025-01-22,301255,通力科技,0.020885974
8899,2025-01-23,601226,华电科工,0.020873008
8900,2025-01-23,600062,华润双鹤,0.020871498
8901,2025-01-22,300657,弘信电子,0.020860106
8902,2025-01-23,2501,利源股份,0.02085449
8903,2025-01-24,688658,悦康药业,0.02085154
8904,2025-01-22,688376,美埃科技,0.020848028
8905,2025-01-24,600160,巨化股份,0.020844553
8906,2025-01-23,301098,金埔园林,0.020837694
8907,2025-01-22,762,西藏矿业,0.020822307
8908,2025-01-24,600572,康恩贝,0.020821627
8909,2025-01-22,300466,赛摩智能,0.020818593
8910,2025-01-22,603095,越剑智能,0.020817405
8911,2025-01-24,301125,腾亚精工,0.020810597
8912,2025-01-23,2526,山东矿机,0.020802382
8913,2025-01-22,600623,华谊集团,0.020786267
8914,2025-01-23,301279,金道科技,0.020777896
8915,2025-01-22,600109,国金证券,0.020771243
8916,2025-01-22,600613,神奇制药,0.020770553
8917,2025-01-23,603028,赛福天,0.020769639
8918,2025-01-23,300373,扬杰科技,0.020763595
8919,2025-01-24,300625,三雄极光,0.020755969
8920,2025-01-22,892,欢瑞世纪,0.020755477
8921,2025-01-24,600814,杭州解百,0.020755323
8922,2025-01-22,301178,天亿马,0.020750165
8923,2025-01-24,1316,润贝航科,0.020749034
8924,2025-01-24,300975,商络电子,0.02074727
8925,2025-01-23,2999,天禾股份,0.020715311
8926,2025-01-22,301115,建科股份,0.02071216
8927,2025-01-24,605266,健之佳,0.020710971
8928,2025-01-24,2643,万润股份,0.020708328
8929,2025-01-22,300830,金现代,0.020694744
8930,2025-01-24,688025,杰普特,0.0206911
8931,2025-01-23,600502,安徽建工,0.020688463
8932,2025-01-24,300905,宝丽迪,0.020682007
8933,2025-01-22,568,泸州老窖,0.020668333
8934,2025-01-22,600889,南京化纤,0.020656165
8935,2025-01-24,601000,唐山港,0.020651039
8936,2025-01-23,2798,帝欧家居,0.020645529
8937,2025-01-24,600774,汉商集团,0.020645518
8938,2025-01-24,688003,天准科技,0.020643245
8939,2025-01-24,411,英特集团,0.020643173
8940,2025-01-24,603196,日播时尚,0.020620156
8941,2025-01-23,300625,三雄极光,0.020615267
8942,2025-01-23,2658,雪迪龙,0.020610036
8943,2025-01-23,301045,天禄科技,0.020600457
8944,2025-01-23,300290,荣科科技,0.02059747
8945,2025-01-22,688728,格科微,0.020588221
8946,2025-01-24,688399,硕世生物,0.02058665
8947,2025-01-23,301041,金百泽,0.020583179
8948,2025-01-22,300826,测绘股份,0.020572782
8949,2025-01-23,300633,开立医疗,0.020569408
8950,2025-01-22,688179,阿拉丁,0.020568246
8951,2025-01-23,301190,善水科技,0.020566104
8952,2025-01-22,2510,天汽模,0.020564869
8953,2025-01-22,688248,南网科技,0.020559762
8954,2025-01-23,600189,泉阳泉,0.02055139
8955,2025-01-24,2902,铭普光磁,0.020548651
8956,2025-01-24,2287,奇正藏药,0.02054198
8957,2025-01-22,600825,新华传媒,0.0205416
8958,2025-01-22,600530,交大昂立,0.020541564
8959,2025-01-24,600906,财达证券,0.02053408
8960,2025-01-24,2349,精华制药,0.02052393
8961,2025-01-23,300648,星云股份,0.020523254
8962,2025-01-22,2298,中电兴发,0.020522967
8963,2025-01-23,2561,徐家汇,0.020519484
8964,2025-01-22,2414,高德红外,0.02051277
8965,2025-01-22,600971,恒源煤电,0.020509914
8966,2025-01-24,300594,朗进科技,0.020503554
8967,2025-01-23,300851,交大思诺,0.020498194
8968,2025-01-23,688726,拉普拉斯,0.020496814
8969,2025-01-23,603421,鼎信通讯,0.020485055
8970,2025-01-23,300762,上海瀚讯,0.020482678
8971,2025-01-24,600628,新世界,0.020476867
8972,2025-01-22,300176,鸿特科技,0.020470895
8973,2025-01-22,301499,维科精密,0.020467235
8974,2025-01-23,2688,金河生物,0.020462878
8975,2025-01-22,969,安泰科技,0.020462787
8976,2025-01-24,601628,中国人寿,0.020455465
8977,2025-01-22,600366,宁波韵升,0.020448634
8978,2025-01-23,301606,绿联科技,0.0204474
8979,2025-01-23,638,万方发展,0.020445732
8980,2025-01-24,2939,长城证券,0.02044246
8981,2025-01-24,600426,华鲁恒升,0.020437077
8982,2025-01-23,300396,迪瑞医疗,0.020436402
8983,2025-01-22,688305,科德数控,0.020434082
8984,2025-01-24,300194,福安药业,0.02041646
8985,2025-01-24,603551,奥普科技,0.020414855
8986,2025-01-24,300304,云意电气,0.020388398
8987,2025-01-22,601860,紫金银行,0.020388149
8988,2025-01-22,601933,永辉超市,0.020384338
8989,2025-01-22,603848,好太太,0.020361077
8990,2025-01-23,300088,长信科技,0.020359658
8991,2025-01-23,688233,神工股份,0.0203578
8992,2025-01-22,603535,嘉诚国际,0.020355964
8993,2025-01-24,2299,圣农发展,0.020339126
8994,2025-01-22,688409,富创精密,0.020336017
8995,2025-01-22,603012,创力集团,0.020334404
8996,2025-01-23,300826,测绘股份,0.020334119
8997,2025-01-23,601877,正泰电器,0.020333339
8998,2025-01-24,600821,金开新能,0.020329649
8999,2025-01-24,600526,菲达环保,0.02030747
9000,2025-01-24,2791,坚朗五金,0.020299047
9001,2025-01-24,301633,港迪技术,0.02028895
9002,2025-01-22,605580,恒盛能源,0.020285219
9003,2025-01-23,301363,美好医疗,0.02027694
9004,2025-01-22,738,航发控制,0.020276492
9005,2025-01-22,600064,南京高科,0.02027575
9006,2025-01-22,960,锡业股份,0.02026322
9007,2025-01-24,603738,泰晶科技,0.020261994
9008,2025-01-22,603357,设计总院,0.020261463
9009,2025-01-24,688449,联芸科技,0.020252548
9010,2025-01-23,301105,鸿铭股份,0.020220391
9011,2025-01-24,600809,山西汾酒,0.020215798
9012,2025-01-24,600108,亚盛集团,0.020212375
9013,2025-01-22,601949,中国出版,0.020200063
9014,2025-01-24,603477,巨星农牧,0.020198718
9015,2025-01-24,603612,索通发展,0.020178638
9016,2025-01-22,600740,山西焦化,0.020170778
9017,2025-01-23,603613,国联股份,0.020168237
9018,2025-01-22,19,深粮控股,0.020163693
9019,2025-01-24,688312,燕麦科技,0.020160489
9020,2025-01-23,605507,国邦医药,0.020155674
9021,2025-01-22,158,常山北明,0.020145169
9022,2025-01-24,2522,浙江众成,0.020142559
9023,2025-01-22,2162,悦心健康,0.02013908
9024,2025-01-23,600905,三峡能源,0.020132126
9025,2025-01-24,600733,北汽蓝谷,0.020127049
9026,2025-01-22,300534,陇神戎发,0.020122185
9027,2025-01-22,600770,综艺股份,0.020117091
9028,2025-01-24,729,燕京啤酒,0.020115342
9029,2025-01-23,300483,首华燃气,0.020109335
9030,2025-01-24,600105,永鼎股份,0.020107117
9031,2025-01-24,601607,上海医药,0.020096075
9032,2025-01-24,2982,湘佳股份,0.02008411
9033,2025-01-22,603906,龙蟠科技,0.020082321
9034,2025-01-22,301218,华是科技,0.02007372
9035,2025-01-24,2100,天康生物,0.020071883
9036,2025-01-24,600552,凯盛科技,0.020069387
9037,2025-01-23,301008,宏昌科技,0.020066919
9038,2025-01-24,688334,西高院,0.020066075
9039,2025-01-24,733,振华科技,0.020065103
9040,2025-01-24,2006,精工科技,0.020058597
9041,2025-01-22,600927,永安期货,0.020049606
9042,2025-01-22,600717,天津港,0.020041771
9043,2025-01-24,600763,通策医疗,0.02003739
9044,2025-01-24,603987,康德莱,0.020036045
9045,2025-01-24,600648,外高桥,0.020036036
9046,2025-01-23,2241,歌尔股份,0.02003456
9047,2025-01-22,603025,大豪科技,0.02003083
9048,2025-01-22,300444,双杰电气,0.02002906
9049,2025-01-22,605177,东亚药业,0.020027561
9050,2025-01-24,301190,善水科技,0.02002545
9051,2025-01-24,2900,哈三联,0.02001836
9052,2025-01-22,603016,新宏泰,0.02001185
9053,2025-01-22,788,北大医药,0.020010762
9054,2025-01-23,300739,明阳电路,0.020008348
9055,2025-01-22,603739,蔚蓝生物,0.02000143
9056,2025-01-22,301529,福赛科技,0.019993246
9057,2025-01-23,300257,开山股份,0.019986855
9058,2025-01-23,1287,中电港,0.019984739
9059,2025-01-23,600611,大众交通,0.01998004
9060,2025-01-22,2051,中工国际,0.019970482
9061,2025-01-24,300453,三鑫医疗,0.019960705
9062,2025-01-22,688237,超卓航科,0.019952789
9063,2025-01-23,2869,金溢科技,0.01995021
9064,2025-01-24,301219,腾远钴业,0.019947078
9065,2025-01-24,600029,南方航空,0.01994036
9066,2025-01-22,300341,麦克奥迪,0.01994006
9067,2025-01-23,688280,精进电动-UW,0.01994003
9068,2025-01-22,2487,大金重工,0.019939946
9069,2025-01-23,300400,劲拓股份,0.01993341
9070,2025-01-23,2011,盾安环境,0.019932944
9071,2025-01-23,688535,华海诚科,0.019927297
9072,2025-01-23,2226,江南化工,0.019924948
9073,2025-01-24,603639,海利尔,0.019914063
9074,2025-01-22,603309,维力医疗,0.01991342
9075,2025-01-24,2956,西麦食品,0.019909484
9076,2025-01-24,603912,佳力图,0.019894728
9077,2025-01-22,3003,天元股份,0.019885488
9078,2025-01-23,601858,中国科传,0.019881003
9079,2025-01-22,688167,炬光科技,0.019878224
9080,2025-01-23,2615,哈尔斯,0.019875139
9081,2025-01-24,601718,际华集团,0.01987477
9082,2025-01-23,603350,安乃达,0.01987223
9083,2025-01-22,300845,捷安高科,0.019871177
9084,2025-01-22,2935,天奥电子,0.019867184
9085,2025-01-22,603118,共进股份,0.01986433
9086,2025-01-22,631,顺发恒业,0.019863602
9087,2025-01-22,605305,中际联合,0.019861229
9088,2025-01-23,600285,羚锐制药,0.019851811
9089,2025-01-23,300120,经纬辉开,0.01984236
9090,2025-01-22,603871,嘉友国际,0.019835459
9091,2025-01-22,505,京粮控股,0.019835243
9092,2025-01-22,300748,金力永磁,0.019831695
9093,2025-01-22,688589,力合微,0.019824717
9094,2025-01-24,603920,世运电路,0.01982399
9095,2025-01-22,300171,东富龙,0.019820863
9096,2025-01-24,603373,安邦护卫,0.019818498
9097,2025-01-22,603949,雪龙集团,0.019806303
9098,2025-01-22,825,太钢不锈,0.019800393
9099,2025-01-24,300299,富春股份,0.019784888
9100,2025-01-22,600271,航天信息,0.019784644
9101,2025-01-22,300625,三雄极光,0.019775977
9102,2025-01-23,603186,华正新材,0.019769175
9103,2025-01-22,2060,广东建工,0.019765962
9104,2025-01-24,301051,信濠光电,0.019765798
9105,2025-01-24,2320,海峡股份,0.019756192
9106,2025-01-22,2685,华东重机,0.019754626
9107,2025-01-22,955,欣龙控股,0.019754324
9108,2025-01-23,2333,罗普斯金,0.019748382
9109,2025-01-22,688139,海尔生物,0.019746076
9110,2025-01-23,603001,奥康国际,0.019741544
9111,2025-01-22,600573,惠泉啤酒,0.019738372
9112,2025-01-24,603779,威龙股份,0.019729197
9113,2025-01-24,1332,锡装股份,0.019724771
9114,2025-01-22,300110,华仁药业,0.019720899
9115,2025-01-22,600016,民生银行,0.019719832
9116,2025-01-24,603696,安记食品,0.019717917
9117,2025-01-24,886,海南高速,0.019716011
9118,2025-01-23,301113,雅艺科技,0.019711511
9119,2025-01-22,2238,天威视讯,0.019709975
9120,2025-01-22,300010,豆神教育,0.019708978
9121,2025-01-23,603113,金能科技,0.01970768
9122,2025-01-24,2,万  科Ａ,0.019700067
9123,2025-01-23,2126,银轮股份,0.019693142
9124,2025-01-24,2833,弘亚数控,0.019690348
9125,2025-01-22,688590,新致软件,0.019689336
9126,2025-01-24,2798,帝欧家居,0.019688146
9127,2025-01-23,603683,晶华新材,0.019687165
9128,2025-01-22,300717,华信新材,0.019685872
9129,2025-01-24,603689,皖天然气,0.01968345
9130,2025-01-23,2763,汇洁股份,0.01967863
9131,2025-01-23,300844,山水比德,0.019677874
9132,2025-01-23,301273,瑞晨环保,0.019677548
9133,2025-01-24,603230,内蒙新华,0.019675603
9134,2025-01-23,300777,中简科技,0.0196727
9135,2025-01-24,2267,陕天然气,0.019669186
9136,2025-01-22,601020,华钰矿业,0.019668844
9137,2025-01-23,688112,鼎阳科技,0.019666977
9138,2025-01-23,603738,泰晶科技,0.019664437
9139,2025-01-24,600103,青山纸业,0.019659236
9140,2025-01-24,688109,品茗科技,0.019658372
9141,2025-01-24,601121,宝地矿业,0.01965696
9142,2025-01-22,2093,国脉科技,0.019655202
9143,2025-01-23,603169,兰石重装,0.01964904
9144,2025-01-22,603261,立航科技,0.01964549
9145,2025-01-24,605100,华丰股份,0.019638546
9146,2025-01-24,688606,奥泰生物,0.019634396
9147,2025-01-24,301568,思泰克,0.019634288
9148,2025-01-23,2990,盛视科技,0.019630997
9149,2025-01-22,2015,协鑫能科,0.01962429
9150,2025-01-23,600295,鄂尔多斯,0.019613283
9151,2025-01-23,301232,飞沃科技,0.019597962
9152,2025-01-22,600339,中油工程,0.019593215
9153,2025-01-24,2614,奥佳华,0.019578025
9154,2025-01-23,2639,雪人股份,0.019576235
9155,2025-01-23,2810,山东赫达,0.019572541
9156,2025-01-24,600073,光明肉业,0.019570889
9157,2025-01-22,300895,铜牛信息,0.01956492
9158,2025-01-22,688557,兰剑智能,0.019562948
9159,2025-01-23,603956,威派格,0.01955184
9160,2025-01-24,603004,鼎龙科技,0.019540312
9161,2025-01-22,600549,厦门钨业,0.019535115
9162,2025-01-22,2083,孚日股份,0.019533247
9163,2025-01-24,601212,白银有色,0.019531727
9164,2025-01-24,603087,甘李药业,0.01952497
9165,2025-01-22,601881,中国银河,0.019523509
9166,2025-01-23,300543,朗科智能,0.019513644
9167,2025-01-23,600602,云赛智联,0.019503932
9168,2025-01-24,2797,第一创业,0.019503659
9169,2025-01-23,605099,共创草坪,0.01950071
9170,2025-01-22,603100,川仪股份,0.019497497
9171,2025-01-23,600871,石化油服,0.019495074
9172,2025-01-23,600449,宁夏建材,0.019490965
9173,2025-01-24,300582,英飞特,0.019484194
9174,2025-01-24,688038,中科通达,0.019479442
9175,2025-01-24,688357,建龙微纳,0.019475676
9176,2025-01-23,2651,利君股份,0.019465853
9177,2025-01-24,300002,神州泰岳,0.01946241
9178,2025-01-24,2377,国创高新,0.019461604
9179,2025-01-22,688579,山大地纬,0.019453736
9180,2025-01-23,688582,芯动联科,0.019446647
9181,2025-01-22,2941,新疆交建,0.019445993
9182,2025-01-24,530,冰山冷热,0.019439796
9183,2025-01-23,300459,汤姆猫,0.019426499
9184,2025-01-23,301197,工大科雅,0.019411922
9185,2025-01-22,300856,科思股份,0.019410187
9186,2025-01-23,603080,新疆火炬,0.01940633
9187,2025-01-24,300836,佰奥智能,0.019399129
9188,2025-01-24,603758,秦安股份,0.019396562
9189,2025-01-23,300642,透景生命,0.019393645
9190,2025-01-24,600864,哈投股份,0.019383825
9191,2025-01-22,601688,华泰证券,0.019382825
9192,2025-01-22,300349,金卡智能,0.019381315
9193,2025-01-24,300339,润和软件,0.019377347
9194,2025-01-23,300310,宜通世纪,0.019371668
9195,2025-01-24,603906,龙蟠科技,0.019371046
9196,2025-01-22,638,万方发展,0.01936462
9197,2025-01-22,603277,银都股份,0.019363856
9198,2025-01-24,603528,多伦科技,0.019363347
9199,2025-01-24,688305,科德数控,0.019359447
9200,2025-01-24,737,北方铜业,0.019359376
9201,2025-01-22,600749,西藏旅游,0.019358842
9202,2025-01-23,931,中 关 村,0.019356769
9203,2025-01-22,36,华联控股,0.019353032
9204,2025-01-22,600101,明星电力,0.019351667
9205,2025-01-23,688689,银河微电,0.019345976
9206,2025-01-23,688698,伟创电气,0.019345593
9207,2025-01-22,300269,联建光电,0.019345451
9208,2025-01-23,300560,中富通,0.019340657
9209,2025-01-23,688207,格灵深瞳,0.019336252
9210,2025-01-23,959,首钢股份,0.019335635
9211,2025-01-24,603991,至正股份,0.01933551
9212,2025-01-22,600066,宇通客车,0.019332344
9213,2025-01-22,601083,锦江航运,0.019321056
9214,2025-01-23,688267,中触媒,0.019309938
9215,2025-01-23,301047,义翘神州,0.019309843
9216,2025-01-22,601989,中国重工,0.019309398
9217,2025-01-24,300139,晓程科技,0.019308478
9218,2025-01-24,603320,迪贝电气,0.0192993
9219,2025-01-23,2434,万里扬,0.019299258
9220,2025-01-22,603639,海利尔,0.019292125
9221,2025-01-22,300046,台基股份,0.019287527
9222,2025-01-22,300968,格林精密,0.01928035
9223,2025-01-24,300398,飞凯材料,0.0192729
9224,2025-01-23,600195,中牧股份,0.019265493
9225,2025-01-22,2344,海宁皮城,0.019264221
9226,2025-01-22,2714,牧原股份,0.01925526
9227,2025-01-22,600479,千金药业,0.01925308
9228,2025-01-24,2679,福建金森,0.019248787
9229,2025-01-24,688558,国盛智科,0.019246958
9230,2025-01-22,301232,飞沃科技,0.019245435
9231,2025-01-22,688357,建龙微纳,0.019238193
9232,2025-01-23,688636,智明达,0.019236175
9233,2025-01-23,601086,国芳集团,0.019235283
9234,2025-01-22,603260,合盛硅业,0.0192305
9235,2025-01-24,600602,云赛智联,0.019223932
9236,2025-01-23,301366,一博科技,0.01922268
9237,2025-01-23,90,天健集团,0.019222537
9238,2025-01-22,600782,新钢股份,0.019214783
9239,2025-01-24,603685,晨丰科技,0.019214138
9240,2025-01-22,600051,宁波联合,0.019213736
9241,2025-01-22,600030,中信证券,0.019204415
9242,2025-01-23,603066,音飞储存,0.019200515
9243,2025-01-23,605138,盛泰集团,0.01919461
9244,2025-01-23,600133,东湖高新,0.019189062
9245,2025-01-24,603520,司太立,0.019188415
9246,2025-01-23,2729,好利科技,0.019187847
9247,2025-01-23,300858,科拓生物,0.01918238
9248,2025-01-23,688312,燕麦科技,0.019182315
9249,2025-01-23,2053,云南能投,0.01917853
9250,2025-01-24,301026,浩通科技,0.019177442
9251,2025-01-22,688609,九联科技,0.019176926
9252,2025-01-24,603238,诺邦股份,0.019174905
9253,2025-01-23,300232,洲明科技,0.019168261
9254,2025-01-24,300842,帝科股份,0.019168168
9255,2025-01-22,300527,中船应急,0.019164756
9256,2025-01-23,801,四川九洲,0.019156111
9257,2025-01-23,601038,一拖股份,0.01915462
9258,2025-01-22,600425,青松建化,0.01915265
9259,2025-01-23,603696,安记食品,0.019149588
9260,2025-01-23,300291,百纳千成,0.019148992
9261,2025-01-24,2412,汉森制药,0.019140434
9262,2025-01-23,2836,新宏泽,0.019136135
9263,2025-01-23,688006,杭可科技,0.019129772
9264,2025-01-22,688236,春立医疗,0.019124722
9265,2025-01-23,605186,健麾信息,0.019121766
9266,2025-01-24,603355,莱克电气,0.019117875
9267,2025-01-24,2853,皮阿诺,0.019113906
9268,2025-01-22,2981,朝阳科技,0.019107742
9269,2025-01-24,2396,星网锐捷,0.019107444
9270,2025-01-22,601877,正泰电器,0.019105105
9271,2025-01-22,600970,中材国际,0.01910486
9272,2025-01-24,600221,海航控股,0.01909876
9273,2025-01-24,603260,合盛硅业,0.019096766
9274,2025-01-24,2023,海特高新,0.019091938
9275,2025-01-23,301290,东星医疗,0.019085918
9276,2025-01-22,301286,侨源股份,0.019080013
9277,2025-01-22,300210,森远股份,0.019079909
9278,2025-01-22,300942,易瑞生物,0.019062044
9279,2025-01-24,300964,本川智能,0.019058947
9280,2025-01-23,2570,贝因美,0.01903772
9281,2025-01-22,601818,光大银行,0.01903394
9282,2025-01-23,2337,赛象科技,0.019032113
9283,2025-01-23,1316,润贝航科,0.019031702
9284,2025-01-23,300925,法本信息,0.019029716
9285,2025-01-22,688696,极米科技,0.019021627
9286,2025-01-22,3010,若羽臣,0.019000042
9287,2025-01-24,603392,万泰生物,0.018998235
9288,2025-01-23,1216,华瓷股份,0.018993918
9289,2025-01-22,300781,因赛集团,0.018991921
9290,2025-01-22,600895,张江高科,0.018989451
9291,2025-01-24,2224,三 力 士,0.018985935
9292,2025-01-23,2536,飞龙股份,0.018982247
9293,2025-01-23,2142,宁波银行,0.018980704
9294,2025-01-22,1234,泰慕士,0.018973442
9295,2025-01-22,2376,新北洋,0.018971603
9296,2025-01-23,601928,凤凰传媒,0.018968625
9297,2025-01-22,600125,铁龙物流,0.018961329
9298,2025-01-23,600976,健民集团,0.01895859
9299,2025-01-23,2679,福建金森,0.018955056
9300,2025-01-22,600232,金鹰股份,0.018955002
9301,2025-01-22,300912,凯龙高科,0.0189538
9302,2025-01-22,600779,水井坊,0.018950928
9303,2025-01-24,2869,金溢科技,0.01894055
9304,2025-01-22,300066,三川智慧,0.018937
9305,2025-01-23,2992,宝明科技,0.018933896
9306,2025-01-23,2480,新筑股份,0.018915163
9307,2025-01-23,300802,矩子科技,0.018888753
9308,2025-01-24,301393,昊帆生物,0.018888487
9309,2025-01-23,1318,阳光乳业,0.018886022
9310,2025-01-24,544,中原环保,0.018885814
9311,2025-01-22,301298,东利机械,0.018884856
9312,2025-01-22,605222,起帆电缆,0.018860746
9313,2025-01-24,2607,中公教育,0.018845867
9314,2025-01-24,300105,龙源技术,0.018841187
9315,2025-01-23,603201,常润股份,0.018832847
9316,2025-01-23,300696,爱乐达,0.01882691
9317,2025-01-22,600828,茂业商业,0.018813927
9318,2025-01-22,301258,富士莱,0.018807806
9319,2025-01-22,2773,康弘药业,0.018796487
9320,2025-01-23,600796,钱江生化,0.018794697
9321,2025-01-24,2102,能特科技,0.01879321
9322,2025-01-22,688682,霍莱沃,0.01878227
9323,2025-01-24,919,金陵药业,0.018776748
9324,2025-01-24,600482,中国动力,0.018766422
9325,2025-01-22,507,珠海港,0.01874141
9326,2025-01-24,712,锦龙股份,0.01873913
9327,2025-01-22,301617,博苑股份,0.018723596
9328,2025-01-23,2562,兄弟科技,0.018722448
9329,2025-01-22,2548,金新农,0.01871904
9330,2025-01-23,301511,德福科技,0.018718269
9331,2025-01-23,603611,诺力股份,0.018712347
9332,2025-01-24,597,东北制药,0.01870824
9333,2025-01-22,600713,南京医药,0.018699445
9334,2025-01-22,603586,金麒麟,0.018685715
9335,2025-01-23,605259,绿田机械,0.01868499
9336,2025-01-24,1230,劲旅环境,0.018674828
9337,2025-01-22,2990,盛视科技,0.018671181
9338,2025-01-24,2787,华源控股,0.01866866
9339,2025-01-23,2870,香山股份,0.01866744
9340,2025-01-24,603999,读者传媒,0.01866288
9341,2025-01-22,601700,风范股份,0.01866231
9342,2025-01-22,300063,天龙集团,0.018657086
9343,2025-01-22,603725,天安新材,0.018651761
9344,2025-01-22,600103,青山纸业,0.018649403
9345,2025-01-24,1216,华瓷股份,0.018646512
9346,2025-01-22,90,天健集团,0.018644784
9347,2025-01-24,300941,创识科技,0.018643845
9348,2025-01-22,600745,闻泰科技,0.018638633
9349,2025-01-23,2163,海南发展,0.018624153
9350,2025-01-24,300275,梅安森,0.018622857
9351,2025-01-22,601015,陕西黑猫,0.018614762
9352,2025-01-23,603392,万泰生物,0.018600704
9353,2025-01-24,603303,得邦照明,0.018598499
9354,2025-01-22,688501,青达环保,0.01859767
9355,2025-01-22,301273,瑞晨环保,0.018597499
9356,2025-01-24,603018,华设集团,0.018592555
9357,2025-01-22,600448,华纺股份,0.018592536
9358,2025-01-23,301265,华新环保,0.018582404
9359,2025-01-22,300121,阳谷华泰,0.018581234
9360,2025-01-24,301083,百胜智能,0.018573433
9361,2025-01-24,300218,安利股份,0.018569581
9362,2025-01-23,601999,出版传媒,0.018568419
9363,2025-01-22,600665,天地源,0.018557075
9364,2025-01-24,603290,斯达半导,0.018550333
9365,2025-01-24,600361,创新新材,0.018548492
9366,2025-01-22,300215,电科院,0.01853809
9367,2025-01-23,603019,中科曙光,0.01853643
9368,2025-01-22,688033,天宜上佳,0.01852788
9369,2025-01-23,300439,美康生物,0.018513424
9370,2025-01-22,2188,中天服务,0.018511703
9371,2025-01-23,2294,信立泰,0.018504934
9372,2025-01-22,2357,富临运业,0.018501665
9373,2025-01-24,600962,国投中鲁,0.01849639
9374,2025-01-23,2162,悦心健康,0.018493991
9375,2025-01-22,301320,豪江智能,0.018490788
9376,2025-01-22,300672,国科微,0.01848699
9377,2025-01-22,2798,帝欧家居,0.018486973
9378,2025-01-23,2365,永安药业,0.018482242
9379,2025-01-24,2594,比亚迪,0.018472344
9380,2025-01-23,300645,正元智慧,0.01846515
9381,2025-01-23,968,蓝焰控股,0.01845378
9382,2025-01-22,528,柳    工,0.018450653
9383,2025-01-23,300990,同飞股份,0.018449694
9384,2025-01-22,998,隆平高科,0.018449463
9385,2025-01-22,301315,威士顿,0.018446628
9386,2025-01-22,688158,优刻得-W,0.018446034
9387,2025-01-23,2102,能特科技,0.018442135
9388,2025-01-23,2863,今飞凯达,0.018431444
9389,2025-01-23,688046,药康生物,0.018430287
9390,2025-01-23,601989,中国重工,0.018426549
9391,2025-01-23,300847,中船汉光,0.018420547
9392,2025-01-23,603551,奥普科技,0.018416248
9393,2025-01-23,300654,世纪天鸿,0.01841376
9394,2025-01-22,623,吉林敖东,0.018412918
9395,2025-01-23,2495,佳隆股份,0.018410284
9396,2025-01-23,603896,寿仙谷,0.01840284
9397,2025-01-23,9,中国宝安,0.01839986
9398,2025-01-23,300314,戴维医疗,0.018394526
9399,2025-01-24,301345,涛涛车业,0.01839048
9400,2025-01-24,600905,三峡能源,0.018389558
9401,2025-01-24,300738,奥飞数据,0.018382348
9402,2025-01-23,300756,金马游乐,0.018364757
9403,2025-01-23,300224,正海磁材,0.018352546
9404,2025-01-24,301046,能辉科技,0.018346194
9405,2025-01-22,603163,圣晖集成,0.01833745
9406,2025-01-22,600388,龙净环保,0.018335307
9407,2025-01-22,605086,龙高股份,0.01833226
9408,2025-01-22,300315,掌趣科技,0.018323634
9409,2025-01-23,2880,卫光生物,0.018323537
9410,2025-01-22,852,石化机械,0.018320717
9411,2025-01-22,688121,卓然股份,0.018296871
9412,2025-01-24,603630,拉芳家化,0.018286075
9413,2025-01-23,950,重药控股,0.018283157
9414,2025-01-23,603700,宁水集团,0.018282853
9415,2025-01-22,600926,杭州银行,0.018263733
9416,2025-01-24,600469,风神股份,0.018260866
9417,2025-01-22,3039,顺控发展,0.01825517
9418,2025-01-24,2443,金洲管道,0.018240009
9419,2025-01-22,600120,浙江东方,0.018227726
9420,2025-01-23,688612,威迈斯,0.018224586
9421,2025-01-22,300793,佳禾智能,0.018215707
9422,2025-01-22,301321,翰博高新,0.018212207
9423,2025-01-22,603712,七一二,0.018206764
9424,2025-01-24,600279,重庆港,0.018200155
9425,2025-01-24,603132,金徽股份,0.018194288
9426,2025-01-24,301123,奕东电子,0.018190391
9427,2025-01-24,600305,恒顺醋业,0.018189445
9428,2025-01-22,600272,开开实业,0.018188167
9429,2025-01-22,2598,山东章鼓,0.018186817
9430,2025-01-22,600763,通策医疗,0.018186606
9431,2025-01-24,601169,北京银行,0.018182622
9432,2025-01-23,999,华润三九,0.01817215
9433,2025-01-23,2636,金安国纪,0.018171715
9434,2025-01-22,600369,西南证券,0.018168816
9435,2025-01-23,600428,中远海特,0.018159281
9436,2025-01-27,600809,山西汾酒,0.018155854
9437,2025-01-23,300398,飞凯材料,0.018143544
9438,2025-01-22,42,中洲控股,0.018138811
9439,2025-01-22,600273,嘉化能源,0.018132322
9440,2025-01-24,1236,弘业期货,0.018131927
9441,2025-01-24,938,紫光股份,0.018123757
9442,2025-01-24,2135,东南网架,0.01811158
9443,2025-01-22,300244,迪安诊断,0.01809638
9444,2025-01-22,1332,锡装股份,0.018088471
9445,2025-01-22,600888,新疆众和,0.018087389
9446,2025-01-23,300004,南风股份,0.018087141
9447,2025-01-23,600926,杭州银行,0.018081546
9448,2025-01-23,2796,世嘉科技,0.01807189
9449,2025-01-23,600416,湘电股份,0.018061485
9450,2025-01-23,301390,经纬股份,0.018034637
9451,2025-01-22,301032,新柴股份,0.018025497
9452,2025-01-22,601169,北京银行,0.018024877
9453,2025-01-23,301040,中环海陆,0.018017778
9454,2025-01-23,688568,中科星图,0.018007329
9455,2025-01-23,301086,鸿富瀚,0.01800587
9456,2025-01-23,1332,锡装股份,0.018005423
9457,2025-01-24,688020,方邦股份,0.018003562
9458,2025-01-24,3030,祖名股份,0.017998055
9459,2025-01-22,601568,北元集团,0.017975032
9460,2025-01-22,300517,海波重科,0.017974341
9461,2025-01-22,688700,东威科技,0.017966827
9462,2025-01-24,600965,福成股份,0.017948065
9463,2025-01-22,600787,中储股份,0.01794312
9464,2025-01-22,2657,中科金财,0.017937493
9465,2025-01-23,301236,软通动力,0.017936155
9466,2025-01-22,300936,中英科技,0.017933087
9467,2025-01-22,300645,正元智慧,0.0179212
9468,2025-01-22,600121,郑州煤电,0.017915677
9469,2025-01-23,603163,圣晖集成,0.017915338
9470,2025-01-23,601702,华峰铝业,0.017912986
9471,2025-01-23,301332,德尔玛,0.017912224
9472,2025-01-22,2846,英联股份,0.017904803
9473,2025-01-23,603012,创力集团,0.017894376
9474,2025-01-23,688120,华海清科,0.01788993
9475,2025-01-22,2235,安妮股份,0.017888974
9476,2025-01-24,300970,华绿生物,0.017882042
9477,2025-01-22,300238,冠昊生物,0.017874328
9478,2025-01-22,603697,有友食品,0.017866388
9479,2025-01-24,300627,华测导航,0.017866202
9480,2025-01-24,601598,中国外运,0.017865624
9481,2025-01-22,2584,西陇科学,0.01786125
9482,2025-01-24,888,峨眉山Ａ,0.017844096
9483,2025-01-23,2228,合兴包装,0.01784149
9484,2025-01-22,967,盈峰环境,0.017839758
9485,2025-01-24,688683,莱尔科技,0.017837912
9486,2025-01-24,2160,常铝股份,0.017828327
9487,2025-01-22,600571,信雅达,0.017822105
9488,2025-01-22,300132,青松股份,0.017821863
9489,2025-01-22,603160,汇顶科技,0.017808907
9490,2025-01-22,600929,雪天盐业,0.017808221
9491,2025-01-23,603338,浙江鼎力,0.017801352
9492,2025-01-23,600833,第一医药,0.017797649
9493,2025-01-23,300164,通源石油,0.017792603
9494,2025-01-24,2957,科瑞技术,0.01778956
9495,2025-01-22,600460,士兰微,0.017786877
9496,2025-01-22,300450,先导智能,0.01778585
9497,2025-01-22,1300,三柏硕,0.017765496
9498,2025-01-22,300980,祥源新材,0.017764706
9499,2025-01-23,600478,科力远,0.017761877
9500,2025-01-23,301166,优宁维,0.017761681
9501,2025-01-23,2971,和远气体,0.017748972
9502,2025-01-22,603327,福蓉科技,0.017748812
9503,2025-01-23,300595,欧普康视,0.017725099
9504,2025-01-23,936,华西股份,0.017716415
9505,2025-01-24,2488,金固股份,0.017714258
9506,2025-01-22,300637,扬帆新材,0.01771242
9507,2025-01-23,603689,皖天然气,0.017706024
9508,2025-01-23,603565,中谷物流,0.017703714
9509,2025-01-23,301091,深城交,0.017695632
9510,2025-01-24,300413,芒果超媒,0.017687595
9511,2025-01-23,601116,三江购物,0.017682629
9512,2025-01-23,603351,威尔药业,0.017680835
9513,2025-01-23,2635,安洁科技,0.017674848
9514,2025-01-22,2765,蓝黛科技,0.01765939
9515,2025-01-23,600529,山东药玻,0.01765813
9516,2025-01-23,603998,方盛制药,0.017656345
9517,2025-01-22,2192,融捷股份,0.017636295
9518,2025-01-22,2980,华盛昌,0.01763608
9519,2025-01-23,301320,豪江智能,0.017631311
9520,2025-01-23,600889,南京化纤,0.01762387
9521,2025-01-24,2962,五方光电,0.01762372
9522,2025-01-22,523,红棉股份,0.017617688
9523,2025-01-22,600031,三一重工,0.017611405
9524,2025-01-23,300407,凯发电气,0.01759556
9525,2025-01-22,301468,博盈特焊,0.017564893
9526,2025-01-23,603307,扬州金泉,0.017560681
9527,2025-01-23,301022,海泰科,0.017556539
9528,2025-01-24,688728,格科微,0.017553011
9529,2025-01-23,603909,建发合诚,0.017550463
9530,2025-01-23,713,丰乐种业,0.017549422
9531,2025-01-24,300741,华宝股份,0.017546378
9532,2025-01-22,2247,聚力文化,0.017545499
9533,2025-01-22,676,智度股份,0.017545369
9534,2025-01-23,600023,浙能电力,0.017537337
9535,2025-01-23,603037,凯众股份,0.017532248
9536,2025-01-24,603203,快克智能,0.017528314
9537,2025-01-23,601231,环旭电子,0.017524479
9538,2025-01-22,600510,黑牡丹,0.017519174
9539,2025-01-23,688259,创耀科技,0.017517233
9540,2025-01-23,603298,杭叉集团,0.017503612
9541,2025-01-24,2886,沃特股份,0.017494563
9542,2025-01-22,2241,歌尔股份,0.017491914
9543,2025-01-23,2632,道明光学,0.0174806
9544,2025-01-23,688669,聚石化学,0.01747876
9545,2025-01-24,688101,三达膜,0.017477423
9546,2025-01-24,301092,争光股份,0.017474271
9547,2025-01-24,600267,海正药业,0.01747055
9548,2025-01-24,600909,华安证券,0.017468387
9549,2025-01-24,598,兴蓉环境,0.017467547
9550,2025-01-23,300637,扬帆新材,0.017458655
9551,2025-01-23,2809,红墙股份,0.017457535
9552,2025-01-23,300311,任子行,0.017448992
9553,2025-01-24,301105,鸿铭股份,0.017436571
9554,2025-01-23,300909,汇创达,0.017436257
9555,2025-01-23,821,京山轻机,0.01742774
9556,2025-01-22,300562,乐心医疗,0.01741682
9557,2025-01-24,688607,康众医疗,0.017416418
9558,2025-01-23,601890,亚星锚链,0.017399631
9559,2025-01-24,600448,华纺股份,0.017392637
9560,2025-01-23,301520,万邦医药,0.017389784
9561,2025-01-24,2508,老板电器,0.017380215
9562,2025-01-22,411,英特集团,0.017369125
9563,2025-01-24,603896,寿仙谷,0.01736547
9564,2025-01-23,688516,奥特维,0.01736449
9565,2025-01-22,300595,欧普康视,0.01735831
9566,2025-01-24,3020,立方制药,0.017347846
9567,2025-01-23,2963,豪尔赛,0.017343178
9568,2025-01-22,600489,中金黄金,0.017339168
9569,2025-01-22,155,川能动力,0.017336939
9570,2025-01-24,600668,尖峰集团,0.017331874
9571,2025-01-24,601555,东吴证券,0.017323429
9572,2025-01-24,2268,电科网安,0.017322117
9573,2025-01-23,688309,恒誉环保,0.017319087
9574,2025-01-22,2940,昂利康,0.017317858
9575,2025-01-23,603535,嘉诚国际,0.017310435
9576,2025-01-23,601599,浙文影业,0.01731032
9577,2025-01-24,2515,金字火腿,0.017301407
9578,2025-01-24,688147,微导纳米,0.017300349
9579,2025-01-24,603848,好太太,0.017298475
9580,2025-01-22,603105,芯能科技,0.01729805
9581,2025-01-23,596,古井贡酒,0.017287534
9582,2025-01-24,600062,华润双鹤,0.017281998
9583,2025-01-24,2409,雅克科技,0.017274993
9584,2025-01-24,600597,光明乳业,0.017268162
9585,2025-01-23,2069,獐子岛,0.01726753
9586,2025-01-24,2303,美盈森,0.017257176
9587,2025-01-23,300667,必创科技,0.017252706
9588,2025-01-22,300835,龙磁科技,0.017250462
9589,2025-01-22,2044,美年健康,0.017246127
9590,2025-01-23,603171,税友股份,0.01723574
9591,2025-01-23,600667,太极实业,0.017231077
9592,2025-01-23,603122,合富中国,0.017225537
9593,2025-01-23,301007,德迈仕,0.01722128
9594,2025-01-23,603331,百达精工,0.017217759
9595,2025-01-22,600362,江西铜业,0.017214684
9596,2025-01-24,2817,黄山胶囊,0.017213542
9597,2025-01-22,601199,江南水务,0.017208144
9598,2025-01-22,300943,春晖智控,0.017205961
9599,2025-01-24,600153,建发股份,0.017201358
9600,2025-01-23,705,浙江震元,0.017195575
9601,2025-01-23,300721,怡达股份,0.017195135
9602,2025-01-22,2695,煌上煌,0.017194275
9603,2025-01-22,688171,纬德信息,0.017192042
9604,2025-01-22,301110,青木科技,0.017185163
9605,2025-01-22,1236,弘业期货,0.017179923
9606,2025-01-23,300933,中辰股份,0.017178468
9607,2025-01-23,603178,圣龙股份,0.01717669
9608,2025-01-24,300609,汇纳科技,0.017169384
9609,2025-01-24,26,飞亚达,0.017143797
9610,2025-01-22,300782,卓胜微,0.017131882
9611,2025-01-24,626,远大控股,0.017127013
9612,2025-01-24,300492,华图山鼎,0.01712342
9613,2025-01-22,1266,宏英智能,0.01712108
9614,2025-01-23,601222,林洋能源,0.017116802
9615,2025-01-24,300573,兴齐眼药,0.017108649
9616,2025-01-22,2659,凯文教育,0.017097011
9617,2025-01-23,2442,龙星科技,0.017079601
9618,2025-01-23,603008,喜临门,0.01707748
9619,2025-01-22,2614,奥佳华,0.017072566
9620,2025-01-22,688466,金科环境,0.017065767
9621,2025-01-22,603080,新疆火炬,0.017065346
9622,2025-01-23,825,太钢不锈,0.017050866
9623,2025-01-24,300444,双杰电气,0.0170432
9624,2025-01-24,601686,友发集团,0.017033678
9625,2025-01-22,688580,伟思医疗,0.017030504
9626,2025-01-23,2541,鸿路钢构,0.01703035
9627,2025-01-22,300610,晨化股份,0.017023796
9628,2025-01-23,300345,华民股份,0.017007394
9629,2025-01-23,301507,民生健康,0.017003544
9630,2025-01-24,300121,阳谷华泰,0.017000716
9631,2025-01-24,300819,聚杰微纤,0.01699679
9632,2025-01-23,600273,嘉化能源,0.016992489
9633,2025-01-24,300201,海伦哲,0.016989961
9634,2025-01-24,2840,华统股份,0.016989857
9635,2025-01-24,688161,威高骨科,0.01698576
9636,2025-01-23,60,中金岭南,0.016985595
9637,2025-01-22,600866,星湖科技,0.016976152
9638,2025-01-24,300613,富瀚微,0.01697407
9639,2025-01-22,688199,久日新材,0.016966654
9640,2025-01-22,2892,科力尔,0.016963882
9641,2025-01-23,601083,锦江航运,0.016959637
9642,2025-01-23,600482,中国动力,0.016948724
9643,2025-01-22,300270,中威电子,0.016938329
9644,2025-01-23,688469,芯联集成-U,0.016932217
9645,2025-01-23,2652,扬子新材,0.01692991
9646,2025-01-24,603439,贵州三力,0.01692748
9647,2025-01-24,600272,开开实业,0.016925063
9648,2025-01-22,601006,大秦铁路,0.016921453
9649,2025-01-24,603421,鼎信通讯,0.016917586
9650,2025-01-24,600528,中铁工业,0.016904548
9651,2025-01-24,603324,盛剑科技,0.016901085
9652,2025-01-24,603931,格林达,0.016891818
9653,2025-01-23,2357,富临运业,0.016886542
9654,2025-01-23,2888,惠威科技,0.01688587
9655,2025-01-23,600448,华纺股份,0.016884306
9656,2025-01-22,301215,中汽股份,0.016878907
9657,2025-01-24,426,兴业银锡,0.016877972
9658,2025-01-23,603799,华友钴业,0.016873302
9659,2025-01-22,603225,新凤鸣,0.016858924
9660,2025-01-22,300590,移为通信,0.016852517
9661,2025-01-22,300011,鼎汉技术,0.01684376
9662,2025-01-23,600121,郑州煤电,0.016828712
9663,2025-01-24,2239,奥特佳,0.01682644
9664,2025-01-23,722,湖南发展,0.016825868
9665,2025-01-24,839,中信国安,0.01682546
9666,2025-01-22,2062,宏润建设,0.016813733
9667,2025-01-23,600305,恒顺醋业,0.016809786
9668,2025-01-23,300565,科信技术,0.016806696
9669,2025-01-23,600830,香溢融通,0.016799698
9670,2025-01-24,688612,威迈斯,0.01679261
9671,2025-01-22,2137,实益达,0.016786484
9672,2025-01-23,600477,杭萧钢构,0.016779315
9673,2025-01-22,301047,义翘神州,0.01677847
9674,2025-01-23,300833,浩洋股份,0.016765438
9675,2025-01-22,301212,联盛化学,0.016751066
9676,2025-01-22,600570,恒生电子,0.016738303
9677,2025-01-24,300519,新光药业,0.01673284
9678,2025-01-22,876,新 希 望,0.0167318
9679,2025-01-24,603277,银都股份,0.01673011
9680,2025-01-22,603170,宝立食品,0.016718961
9681,2025-01-22,600435,北方导航,0.016714696
9682,2025-01-24,600318,新力金融,0.016710524
9683,2025-01-24,603535,嘉诚国际,0.016710151
9684,2025-01-24,600830,香溢融通,0.016709503
9685,2025-01-23,2609,捷顺科技,0.016705196
9686,2025-01-22,601377,兴业证券,0.016705122
9687,2025-01-23,301208,中亦科技,0.01669542
9688,2025-01-23,300085,银之杰,0.016694512
9689,2025-01-23,600501,航天晨光,0.01669428
9690,2025-01-24,2274,华昌化工,0.016691092
9691,2025-01-24,19,深粮控股,0.01669057
9692,2025-01-24,928,中钢国际,0.016678825
9693,2025-01-22,300586,美联新材,0.016674567
9694,2025-01-24,301235,华康医疗,0.016669374
9695,2025-01-22,2675,东诚药业,0.016667157
9696,2025-01-23,912,泸天化,0.016663838
9697,2025-01-22,988,华工科技,0.016660225
9698,2025-01-23,300915,海融科技,0.016655285
9699,2025-01-22,3012,东鹏控股,0.016650252
9700,2025-01-22,2081,金 螳 螂,0.0166349
9701,2025-01-22,600261,阳光照明,0.01663404
9702,2025-01-24,688246,嘉和美康,0.016630955
9703,2025-01-24,2243,力合科创,0.016630437
9704,2025-01-23,300319,麦捷科技,0.016630124
9705,2025-01-23,988,华工科技,0.016625326
9706,2025-01-22,301041,金百泽,0.016619883
9707,2025-01-23,300941,创识科技,0.016617091
9708,2025-01-22,600808,马钢股份,0.016612317
9709,2025-01-22,1227,兰州银行,0.016610343
9710,2025-01-24,2154,报 喜 鸟,0.01660371
9711,2025-01-24,2950,奥美医疗,0.016593529
9712,2025-01-24,2714,牧原股份,0.016593125
9713,2025-01-22,301189,奥尼电子,0.016574837
9714,2025-01-22,600023,浙能电力,0.01657455
9715,2025-01-24,2030,达安基因,0.016573513
9716,2025-01-22,1289,龙源电力,0.016573016
9717,2025-01-22,2398,垒知集团,0.016569356
9718,2025-01-22,300259,新天科技,0.016560964
9719,2025-01-24,685,中山公用,0.016559849
9720,2025-01-24,600155,华创云信,0.016559443
9721,2025-01-23,603260,合盛硅业,0.016553545
9722,2025-01-24,600982,宁波能源,0.016550412
9723,2025-01-23,688613,奥精医疗,0.016547002
9724,2025-01-22,1209,洪兴股份,0.016546758
9725,2025-01-22,600758,辽宁能源,0.01654464
9726,2025-01-22,603238,诺邦股份,0.016544286
9727,2025-01-24,603348,文灿股份,0.016540851
9728,2025-01-24,301045,天禄科技,0.016535828
9729,2025-01-23,300174,元力股份,0.016531304
9730,2025-01-23,300285,国瓷材料,0.016526304
9731,2025-01-23,600888,新疆众和,0.01651327
9732,2025-01-24,603507,振江股份,0.016511645
9733,2025-01-23,688355,明志科技,0.016507672
9734,2025-01-23,600774,汉商集团,0.016498689
9735,2025-01-24,2186,全 聚 德,0.016485559
9736,2025-01-22,600515,海南机场,0.016478542
9737,2025-01-24,601226,华电科工,0.016472433
9738,2025-01-22,2367,康力电梯,0.016469896
9739,2025-01-22,603089,正裕工业,0.016465202
9740,2025-01-22,603344,星德胜,0.016464783
9741,2025-01-24,601083,锦江航运,0.016462807
9742,2025-01-24,301508,中机认检,0.016461914
9743,2025-01-22,600075,新疆天业,0.016458366
9744,2025-01-23,2461,珠江啤酒,0.016444933
9745,2025-01-23,600167,联美控股,0.01644298
9746,2025-01-24,688184,帕瓦股份,0.016441938
9747,2025-01-22,603757,大元泵业,0.01644084
9748,2025-01-24,603106,恒银科技,0.016421016
9749,2025-01-22,300346,南大光电,0.016419537
9750,2025-01-24,2416,爱施德,0.016413212
9751,2025-01-22,2559,亚威股份,0.016411364
9752,2025-01-23,300885,海昌新材,0.01640668
9753,2025-01-24,603380,易德龙,0.016403232
9754,2025-01-22,300441,鲍斯股份,0.016389191
9755,2025-01-24,600986,浙文互联,0.01638911
9756,2025-01-23,3039,顺控发展,0.016386956
9757,2025-01-23,300227,光韵达,0.01638648
9758,2025-01-24,301098,金埔园林,0.01638278
9759,2025-01-24,301606,绿联科技,0.016375301
9760,2025-01-24,688060,云涌科技,0.016369322
9761,2025-01-22,600621,华鑫股份,0.016366336
9762,2025-01-24,300590,移为通信,0.01634458
9763,2025-01-22,2641,公元股份,0.016338473
9764,2025-01-24,600292,远达环保,0.016337207
9765,2025-01-22,300623,捷捷微电,0.016335506
9766,2025-01-22,300462,华铭智能,0.016329752
9767,2025-01-22,592,平潭发展,0.016329186
9768,2025-01-24,2584,西陇科学,0.016327996
9769,2025-01-23,300343,联创股份,0.016326275
9770,2025-01-24,600833,第一医药,0.016316187
9771,2025-01-24,300673,佩蒂股份,0.016313195
9772,2025-01-24,603169,兰石重装,0.016312212
9773,2025-01-23,2394,联发股份,0.016310439
9774,2025-01-24,301,东方盛虹,0.016294742
9775,2025-01-24,300863,卡倍亿,0.01628599
9776,2025-01-24,600573,惠泉啤酒,0.016283855
9777,2025-01-22,2458,益生股份,0.016279709
9778,2025-01-22,301289,国缆检测,0.01626287
9779,2025-01-24,2864,盘龙药业,0.01625467
9780,2025-01-22,688549,中巨芯-U,0.0162423
9781,2025-01-24,301262,海看股份,0.016237363
9782,2025-01-24,2067,景兴纸业,0.016236333
9783,2025-01-24,603050,科林电气,0.016232839
9784,2025-01-23,300236,上海新阳,0.016231716
9785,2025-01-23,601065,江盐集团,0.016229466
9786,2025-01-22,688007,光峰科技,0.016223399
9787,2025-01-23,688655,迅捷兴,0.016222402
9788,2025-01-24,601007,金陵饭店,0.016214233
9789,2025-01-24,601168,西部矿业,0.016204342
9790,2025-01-24,300487,蓝晓科技,0.01620231
9791,2025-01-22,600298,安琪酵母,0.016196514
9792,2025-01-23,688001,华兴源创,0.01618853
9793,2025-01-14,688293,奥浦迈,0.016178668
9794,2025-01-22,605138,盛泰集团,0.016178261
9795,2025-01-24,601966,玲珑轮胎,0.016176315
9796,2025-01-23,2832,比音勒芬,0.016175646
9797,2025-01-23,301398,星源卓镁,0.01616539
9798,2025-01-24,600618,氯碱化工,0.016163118
9799,2025-01-24,603648,畅联股份,0.01616222
9800,2025-01-23,2389,航天彩虹,0.016143536
9801,2025-01-23,603115,海星股份,0.01613781
9802,2025-01-24,603187,海容冷链,0.016131338
9803,2025-01-22,7,全新好,0.016096642
9804,2025-01-24,301390,经纬股份,0.016079795
9805,2025-01-22,688178,万德斯,0.016074298
9806,2025-01-23,601126,四方股份,0.016071891
9807,2025-01-22,605577,龙版传媒,0.01606923
9808,2025-01-23,688580,伟思医疗,0.016068012
9809,2025-01-23,300160,秀强股份,0.016063966
9810,2025-01-22,157,中联重科,0.01605344
9811,2025-01-23,401,冀东水泥,0.0160533
9812,2025-01-22,2366,融发核电,0.016052842
9813,2025-01-22,605099,共创草坪,0.016044013
9814,2025-01-24,300360,炬华科技,0.016041052
9815,2025-01-22,600477,杭萧钢构,0.016040716
9816,2025-01-22,600628,新世界,0.016038833
9817,2025-01-22,2172,澳洋健康,0.016034706
9818,2025-01-24,603186,华正新材,0.016034165
9819,2025-01-24,600316,洪都航空,0.016013497
9820,2025-01-23,2239,奥特佳,0.015999753
9821,2025-01-24,300828,锐新科技,0.015993278
9822,2025-01-23,603920,世运电路,0.01599282
9823,2025-01-24,600984,建设机械,0.0159922
9824,2025-01-22,600416,湘电股份,0.015991937
9825,2025-01-24,2999,天禾股份,0.015987735
9826,2025-01-22,968,蓝焰控股,0.015981253
9827,2025-01-24,600689,上海三毛,0.01598023
9828,2025-01-24,603061,金海通,0.015974747
9829,2025-01-24,2465,海格通信,0.015968587
9830,2025-01-22,601858,中国科传,0.015963232
9831,2025-01-23,600749,西藏旅游,0.015962861
9832,2025-01-22,2311,海大集团,0.015955025
9833,2025-01-22,688117,圣诺生物,0.015949875
9834,2025-01-22,600230,沧州大化,0.015943997
9835,2025-01-23,2803,吉宏股份,0.015937546
9836,2025-01-22,795,英洛华,0.015936494
9837,2025-01-24,600250,南京商旅,0.015929723
9838,2025-01-23,300571,平治信息,0.015923943
9839,2025-01-22,300311,任子行,0.015913408
9840,2025-01-22,301135,瑞德智能,0.015906535
9841,2025-01-22,300691,联合光电,0.015904196
9842,2025-01-23,603860,中公高科,0.015901607
9843,2025-01-22,672,上峰水泥,0.015899438
9844,2025-01-23,301353,普莱得,0.015899034
9845,2025-01-22,2697,红旗连锁,0.015892213
9846,2025-01-24,600116,三峡水利,0.015892174
9847,2025-01-24,555,神州信息,0.01589013
9848,2025-01-22,2101,广东鸿图,0.015886415
9849,2025-01-24,300762,上海瀚讯,0.015882224
9850,2025-01-23,301123,奕东电子,0.015868757
9851,2025-01-23,300758,七彩化学,0.015867192
9852,2025-01-23,2331,皖通科技,0.015840314
9853,2025-01-22,601518,吉林高速,0.015811972
9854,2025-01-23,2879,长缆科技,0.01579912
9855,2025-01-24,2697,红旗连锁,0.015790816
9856,2025-01-22,600037,歌华有线,0.015784673
9857,2025-01-22,301503,智迪科技,0.015774367
9858,2025-01-24,603730,岱美股份,0.015771987
9859,2025-01-22,300660,江苏雷利,0.01576171
9860,2025-01-23,300340,科恒股份,0.015759509
9861,2025-01-23,600348,华阳股份,0.015758134
9862,2025-01-23,600876,凯盛新能,0.015739923
9863,2025-01-22,688292,浩瀚深度,0.015739858
9864,2025-01-23,1230,劲旅环境,0.015727123
9865,2025-01-23,2856,美芝股份,0.015726225
9866,2025-01-22,300428,立中集团,0.015710313
9867,2025-01-22,688505,复旦张江,0.015693672
9868,2025-01-22,600582,天地科技,0.015688838
9869,2025-01-23,300774,倍杰特,0.015686836
9870,2025-01-23,688403,汇成股份,0.015678551
9871,2025-01-24,1228,永泰运,0.01567441
9872,2025-01-23,3002,壶化股份,0.015659496
9873,2025-01-23,601298,青岛港,0.015655719
9874,2025-01-24,20,深华发Ａ,0.015644155
9875,2025-01-22,1215,千味央厨,0.015642343
9876,2025-01-23,1213,中铁特货,0.015635125
9877,2025-01-24,300430,诚益通,0.015624303
9878,2025-01-24,300611,美力科技,0.015609708
9879,2025-01-23,2349,精华制药,0.015598413
9880,2025-01-22,605128,上海沿浦,0.015595097
9881,2025-01-24,301156,美农生物,0.015593808
9882,2025-01-23,600382,广东明珠,0.015590198
9883,2025-01-23,2236,大华股份,0.015584409
9884,2025-01-24,2698,博实股份,0.0155830495
9885,2025-01-22,603598,引力传媒,0.015582267
9886,2025-01-22,2160,常铝股份,0.01557897
9887,2025-01-23,2396,星网锐捷,0.015549682
9888,2025-01-24,300602,飞荣达,0.015538072
9889,2025-01-24,300641,正丹股份,0.015536161
9890,2025-01-24,2182,宝武镁业,0.015523026
9891,2025-01-24,300893,松原股份,0.015519302
9892,2025-01-23,300200,高盟新材,0.015518364
9893,2025-01-23,603589,口子窖,0.015510939
9894,2025-01-23,603681,永冠新材,0.015496336
9895,2025-01-22,2009,天奇股份,0.015491378
9896,2025-01-22,688521,芯原股份,0.015485533
9897,2025-01-24,600032,浙江新能,0.015474323
9898,2025-01-24,600664,哈药股份,0.015473772
9899,2025-01-23,603105,芯能科技,0.015471067
9900,2025-01-24,2732,燕塘乳业,0.015468463
9901,2025-01-22,2010,传化智联,0.015467413
9902,2025-01-24,589,贵州轮胎,0.015465157
9903,2025-01-24,2201,正威新材,0.015459811
9904,2025-01-22,605162,新中港,0.015442133
9905,2025-01-22,600989,宝丰能源,0.01543143
9906,2025-01-24,600683,京投发展,0.015429713
9907,2025-01-23,600525,长园集团,0.015429571
9908,2025-01-24,300772,运达股份,0.015410559
9909,2025-01-23,603520,司太立,0.015410487
9910,2025-01-24,2615,哈尔斯,0.015408868
9911,2025-01-24,301056,森赫股份,0.015401272
9912,2025-01-23,300738,奥飞数据,0.015398249
9913,2025-01-22,2114,罗平锌电,0.015389431
9914,2025-01-23,603609,禾丰股份,0.015386064
9915,2025-01-22,300475,香农芯创,0.015384845
9916,2025-01-24,688480,赛恩斯,0.01538362
9917,2025-01-23,301108,洁雅股份,0.015381027
9918,2025-01-24,688786,悦安新材,0.015380535
9919,2025-01-22,1288,运机集团,0.015378479
9920,2025-01-24,600531,豫光金铅,0.015366951
9921,2025-01-24,2155,湖南黄金,0.015365481
9922,2025-01-22,600262,北方股份,0.015352992
9923,2025-01-22,2069,獐子岛,0.015349712
9924,2025-01-22,589,贵州轮胎,0.015346672
9925,2025-01-24,2856,美芝股份,0.015344478
9926,2025-01-23,600409,三友化工,0.015343526
9927,2025-01-23,2626,金达威,0.015336957
9928,2025-01-24,601137,博威合金,0.0153134875
9929,2025-01-23,688039,当虹科技,0.015313236
9930,2025-01-24,601061,中信金属,0.015312888
9931,2025-01-24,603138,海量数据,0.015312396
9932,2025-01-23,300967,晓鸣股份,0.015308861
9933,2025-01-22,300602,飞荣达,0.015297575
9934,2025-01-23,2577,雷柏科技,0.015296869
9935,2025-01-23,603230,内蒙新华,0.015295649
9936,2025-01-23,2630,华西能源,0.0152933
9937,2025-01-24,600513,联环药业,0.015288375
9938,2025-01-24,688011,新光光电,0.015285507
9939,2025-01-22,600257,大湖股份,0.015279457
9940,2025-01-22,581,威孚高科,0.015278051
9941,2025-01-24,2746,仙坛股份,0.015273696
9942,2025-01-23,301277,新天地,0.015259329
9943,2025-01-24,300802,矩子科技,0.015256772
9944,2025-01-22,300180,华峰超纤,0.015247537
9945,2025-01-22,600508,上海能源,0.015242849
9946,2025-01-22,300352,北信源,0.01523529
9947,2025-01-23,2186,全 聚 德,0.0152267665
9948,2025-01-23,2831,裕同科技,0.01522618
9949,2025-01-23,2492,恒基达鑫,0.015223753
9950,2025-01-22,603688,石英股份,0.015218049
9951,2025-01-22,300745,欣锐科技,0.015212584
9952,2025-01-23,2227,奥 特 迅,0.015211716
9953,2025-01-23,2074,国轩高科,0.015209094
9954,2025-01-22,600148,长春一东,0.015199702
9955,2025-01-23,300856,科思股份,0.015196888
9956,2025-01-22,301353,普莱得,0.015196051
9957,2025-01-24,600126,杭钢股份,0.015188351
9958,2025-01-24,2430,杭氧股份,0.01518546
9959,2025-01-22,301167,建研设计,0.015183013
9960,2025-01-22,600826,兰生股份,0.015177449
9961,2025-01-24,600633,浙数文化,0.015170522
9962,2025-01-23,2233,塔牌集团,0.01516398
9963,2025-01-22,410,沈阳机床,0.0151636265
9964,2025-01-22,600062,华润双鹤,0.0151600465
9965,2025-01-24,603305,旭升集团,0.015149761
9966,2025-01-22,300034,钢研高纳,0.015148541
9967,2025-01-23,301278,快可电子,0.015144475
9968,2025-01-23,938,紫光股份,0.01513898
9969,2025-01-24,600563,法拉电子,0.0151342675
9970,2025-01-23,300335,迪森股份,0.015128229
9971,2025-01-22,2399,海普瑞,0.015126895
9972,2025-01-23,2491,通鼎互联,0.015121449
9973,2025-01-23,530,冰山冷热,0.015117163
9974,2025-01-22,301399,英特科技,0.015102083
9975,2025-01-24,603607,京华激光,0.015098222
9976,2025-01-22,601128,常熟银行,0.015096463
9977,2025-01-22,99,中信海直,0.015088193
9978,2025-01-23,300148,天舟文化,0.0150872655
9979,2025-01-22,600188,兖矿能源,0.015084302
9980,2025-01-24,300915,海融科技,0.015081089
9981,2025-01-23,300272,开能健康,0.015080307
9982,2025-01-23,2727,一心堂,0.015062038
9983,2025-01-22,705,浙江震元,0.01506057
9984,2025-01-24,600061,国投资本,0.015052732
9985,2025-01-24,300507,苏奥传感,0.015044017
9986,2025-01-22,300818,耐普矿机,0.01503757
9987,2025-01-24,300369,绿盟科技,0.015035227
9988,2025-01-22,605365,立达信,0.015033463
9989,2025-01-23,600784,鲁银投资,0.015033275
9990,2025-01-22,652,泰达股份,0.015020095
9991,2025-01-23,2522,浙江众成,0.015013862
9992,2025-01-22,300194,福安药业,0.014991853
9993,2025-01-23,550,江铃汽车,0.014983265
9994,2025-01-23,700,模塑科技,0.014982086
9995,2025-01-22,2561,徐家汇,0.014957681
9996,2025-01-24,2014,永新股份,0.014951412
9997,2025-01-23,301280,珠城科技,0.014950883
9998,2025-01-23,300069,金利华电,0.014950763
9999,2025-01-24,601933,永辉超市,0.014933828
10000,2025-01-22,601065,江盐集团,0.014932981
10001,2025-01-22,601000,唐山港,0.01493169
10002,2025-01-24,2451,摩恩电气,0.014923276
10003,2025-01-22,688458,美芯晟,0.014916059
10004,2025-01-23,600596,新安股份,0.014913235
10005,2025-01-24,600897,厦门空港,0.014910923
10006,2025-01-24,2570,贝因美,0.014896642
10007,2025-01-24,300568,星源材质,0.0148923155
10008,2025-01-22,600637,东方明珠,0.014890879
10009,2025-01-24,600535,天士力,0.014887713
10010,2025-01-24,600428,中远海特,0.014887402
10011,2025-01-24,605199,葫芦娃,0.014882471
10012,2025-01-22,605588,冠石科技,0.014876811
10013,2025-01-24,600838,上海九百,0.014871227
10014,2025-01-22,301376,致欧科技,0.014870109
10015,2025-01-22,682,东方电子,0.014864292
10016,2025-01-24,969,安泰科技,0.014863525
10017,2025-01-23,2154,报 喜 鸟,0.014860082
10018,2025-01-24,603811,诚意药业,0.0148453135
10019,2025-01-23,600143,金发科技,0.014841275
10020,2025-01-24,601611,中国核建,0.014834281
10021,2025-01-23,600916,中国黄金,0.014830235
10022,2025-01-23,2911,佛燃能源,0.014829984
10023,2025-01-22,931,中 关 村,0.014826767
10024,2025-01-22,2541,鸿路钢构,0.01482348
10025,2025-01-24,300666,江丰电子,0.014823474
10026,2025-01-22,603960,克来机电,0.014819421
10027,2025-01-23,300304,云意电气,0.014810894
10028,2025-01-22,600819,耀皮玻璃,0.014806857
10029,2025-01-23,600817,宇通重工,0.014803281
10030,2025-01-24,2348,高乐股份,0.014803067
10031,2025-01-24,688619,罗普特,0.014793225
10032,2025-01-23,603277,银都股份,0.014791414
10033,2025-01-24,2695,煌上煌,0.014783727
10034,2025-01-23,688728,格科微,0.014780711
10035,2025-01-22,300335,迪森股份,0.014777385
10036,2025-01-23,2465,海格通信,0.01477053
10037,2025-01-24,601156,东航物流,0.014759779
10038,2025-01-23,600272,开开实业,0.014756992
10039,2025-01-24,600481,双良节能,0.014755277
10040,2025-01-24,607,华媒控股,0.014746569
10041,2025-01-23,2254,泰和新材,0.014744058
10042,2025-01-24,603719,良品铺子,0.014743406
10043,2025-01-23,886,海南高速,0.014738414
10044,2025-01-22,600653,申华控股,0.014733009
10045,2025-01-22,600540,新赛股份,0.014726296
10046,2025-01-23,63,中兴通讯,0.014726255
10047,2025-01-24,600826,兰生股份,0.014721526
10048,2025-01-24,301486,致尚科技,0.014721159
10049,2025-01-24,300387,富邦科技,0.014714453
10050,2025-01-23,2380,科远智慧,0.01471414
10051,2025-01-24,300160,秀强股份,0.014707703
10052,2025-01-22,301193,家联科技,0.014702868
10053,2025-01-22,300187,永清环保,0.0146882385
10054,2025-01-23,603600,永艺股份,0.014686901
10055,2025-01-24,603231,索宝蛋白,0.014676359
10056,2025-01-24,688469,芯联集成-U,0.014664276
10057,2025-01-23,600628,新世界,0.014662821
10058,2025-01-22,688739,成大生物,0.014658559
10059,2025-01-22,700,模塑科技,0.014656927
10060,2025-01-22,2961,瑞达期货,0.014656007
10061,2025-01-22,301603,乔锋智能,0.014640067
10062,2025-01-22,600821,金开新能,0.014638508
10063,2025-01-24,600639,浦东金桥,0.014631111
10064,2025-01-23,2300,太阳电缆,0.014600491
10065,2025-01-22,600433,冠豪高新,0.014599336
10066,2025-01-23,600510,黑牡丹,0.014597807
10067,2025-01-24,688209,英集芯,0.014584966
10068,2025-01-23,603005,晶方科技,0.014577879
10069,2025-01-24,300872,天阳科技,0.014567606
10070,2025-01-24,600980,北矿科技,0.014567049
10071,2025-01-22,688281,华秦科技,0.014559938
10072,2025-01-23,605098,行动教育,0.014541946
10073,2025-01-24,688075,安旭生物,0.014541648
10074,2025-01-23,603501,韦尔股份,0.014537768
10075,2025-01-24,878,云南铜业,0.014536403
10076,2025-01-24,1296,长江材料,0.014535626
10077,2025-01-24,600366,宁波韵升,0.014534645
10078,2025-01-24,603113,金能科技,0.014524683
10079,2025-01-24,755,山西高速,0.014517112
10080,2025-01-23,688092,爱科科技,0.014515471
10081,2025-01-22,2570,贝因美,0.014511878
10082,2025-01-22,688197,首药控股-U,0.014499713
10083,2025-01-22,600488,津药药业,0.014461659
10084,2025-01-23,603607,京华激光,0.014459394
10085,2025-01-23,301314,科瑞思,0.014459219
10086,2025-01-22,603693,江苏新能,0.014459098
10087,2025-01-22,2523,天桥起重,0.014447147
10088,2025-01-22,600528,中铁工业,0.014445169
10089,2025-01-22,2982,湘佳股份,0.014444083
10090,2025-01-24,1212,中旗新材,0.014436623
10091,2025-01-23,600188,兖矿能源,0.01443474
10092,2025-01-23,300691,联合光电,0.014428474
10093,2025-01-23,2535,林州重机,0.014404954
10094,2025-01-23,300873,海晨股份,0.0144040845
10095,2025-01-23,300842,帝科股份,0.014396165
10096,2025-01-22,603285,键邦股份,0.014394216
10097,2025-01-22,600099,林海股份,0.014390849
10098,2025-01-24,600506,统一股份,0.014385864
10099,2025-01-24,301226,祥明智能,0.014383091
10100,2025-01-24,603826,坤彩科技,0.014379172
10101,2025-01-24,601015,陕西黑猫,0.014372902
10102,2025-01-23,300668,杰恩设计,0.01436666
10103,2025-01-22,2186,全 聚 德,0.014365897
10104,2025-01-22,603198,迎驾贡酒,0.014360912
10105,2025-01-22,2882,金龙羽,0.014359236
10106,2025-01-22,300310,宜通世纪,0.014350411
10107,2025-01-22,2177,御银股份,0.014349811
10108,2025-01-24,300644,南京聚隆,0.014348183
10109,2025-01-22,2673,西部证券,0.014338773
10110,2025-01-24,301328,维峰电子,0.0143337995
10111,2025-01-23,600468,百利电气,0.014333444
10112,2025-01-24,2437,誉衡药业,0.014331844
10113,2025-01-23,300258,精锻科技,0.014330095
10114,2025-01-22,301251,威尔高,0.0143106505
10115,2025-01-22,603151,邦基科技,0.01430626
10116,2025-01-22,603313,梦百合,0.014299445
10117,2025-01-23,2454,松芝股份,0.014282206
10118,2025-01-22,600269,赣粤高速,0.014280962
10119,2025-01-22,600918,中泰证券,0.014280893
10120,2025-01-22,605255,天普股份,0.014278384
10121,2025-01-23,2793,罗欣药业,0.014271103
10122,2025-01-23,89,深圳机场,0.014270559
10123,2025-01-23,688199,久日新材,0.014246382
10124,2025-01-23,2846,英联股份,0.014218232
10125,2025-01-24,600885,宏发股份,0.0142178945
10126,2025-01-23,2905,金逸影视,0.014217462
10127,2025-01-23,688517,金冠电气,0.0141965
10128,2025-01-22,2029,七 匹 狼,0.014193693
10129,2025-01-22,300847,中船汉光,0.014186522
10130,2025-01-23,301551,无线传媒,0.01418533
10131,2025-01-23,300585,奥联电子,0.014180273
10132,2025-01-24,700,模塑科技,0.0141562335
10133,2025-01-22,603551,奥普科技,0.014154751
10134,2025-01-24,600409,三友化工,0.0141546745
10135,2025-01-22,1219,青岛食品,0.0141543355
10136,2025-01-22,605123,派克新材,0.014128672
10137,2025-01-23,300995,奇德新材,0.014126256
10138,2025-01-22,539,粤电力Ａ,0.014118463
10139,2025-01-22,2677,浙江美大,0.014115274
10140,2025-01-24,301128,强瑞技术,0.014111664
10141,2025-01-22,2662,京威股份,0.0141094625
10142,2025-01-23,300218,安利股份,0.01410906
10143,2025-01-24,603707,健友股份,0.0141015
10144,2025-01-22,300174,元力股份,0.014083449
10145,2025-01-24,2980,华盛昌,0.014067154
10146,2025-01-24,603235,天新药业,0.014065886
10147,2025-01-22,688568,中科星图,0.014061695
10148,2025-01-24,300909,汇创达,0.014058281
10149,2025-01-23,688061,灿瑞科技,0.014045211
10150,2025-01-22,2104,恒宝股份,0.01404357
10151,2025-01-23,2364,中恒电气,0.014037613
10152,2025-01-24,3025,思进智能,0.014031202
10153,2025-01-22,605151,西上海,0.014024459
10154,2025-01-23,2476,宝莫股份,0.014017457
10155,2025-01-23,603798,康普顿,0.014006339
10156,2025-01-24,600585,海螺水泥,0.014006184
10157,2025-01-22,3005,竞业达,0.014001425
10158,2025-01-22,301309,万得凯,0.013982631
10159,2025-01-22,300779,惠城环保,0.01397397
10160,2025-01-23,600126,杭钢股份,0.013956444
10161,2025-01-24,2404,嘉欣丝绸,0.013954155
10162,2025-01-24,600888,新疆众和,0.013953578
10163,2025-01-24,300407,凯发电气,0.01393134
10164,2025-01-23,603726,朗迪集团,0.013915885
10165,2025-01-24,2796,世嘉科技,0.013915231
10166,2025-01-24,600351,亚宝药业,0.013897149
10167,2025-01-22,301568,思泰克,0.013892569
10168,2025-01-24,301036,双乐股份,0.013881557
10169,2025-01-24,2959,小熊电器,0.013863236
10170,2025-01-22,688277,天智航-U,0.013825305
10171,2025-01-23,603172,万丰股份,0.013823956
10172,2025-01-23,600283,钱江水利,0.013817711
10173,2025-01-24,688226,威腾电气,0.013817616
10174,2025-01-22,603721,中广天择,0.013810348
10175,2025-01-23,2022,科华生物,0.013807397
10176,2025-01-22,629,钒钛股份,0.013802445
10177,2025-01-23,603628,清源股份,0.013801992
10178,2025-01-24,600929,雪天盐业,0.013797879
10179,2025-01-23,600221,海航控股,0.013795348
10180,2025-01-24,688553,汇宇制药-W,0.013792427
10181,2025-01-22,688120,华海清科,0.013775535
10182,2025-01-22,300978,东箭科技,0.013771908
10183,2025-01-23,603816,顾家家居,0.013766643
10184,2025-01-23,603238,诺邦股份,0.013719691
10185,2025-01-23,601518,吉林高速,0.013718171
10186,2025-01-24,300327,中颖电子,0.01371398
10187,2025-01-23,688011,新光光电,0.013706129
10188,2025-01-23,856,冀东装备,0.013699826
10189,2025-01-22,600250,南京商旅,0.013695572
10190,2025-01-22,300686,智动力,0.013686143
10191,2025-01-24,688352,颀中科技,0.013674254
10192,2025-01-24,300088,长信科技,0.013665769
10193,2025-01-24,603610,麒盛科技,0.013659928
10194,2025-01-23,932,华菱钢铁,0.013634447
10195,2025-01-23,600665,天地源,0.0136302635
10196,2025-01-23,2758,浙农股份,0.013626307
10197,2025-01-22,2912,中新赛克,0.0136206
10198,2025-01-22,600315,上海家化,0.013618635
10199,2025-01-22,65,北方国际,0.013613982
10200,2025-01-23,601868,中国能建,0.013612211
10201,2025-01-23,688139,海尔生物,0.013607463
10202,2025-01-22,601016,节能风电,0.013595603
10203,2025-01-24,301189,奥尼电子,0.013592692
10204,2025-01-24,601868,中国能建,0.0135868415
10205,2025-01-24,301278,快可电子,0.013568245
10206,2025-01-24,2788,鹭燕医药,0.013562873
10207,2025-01-24,301314,科瑞思,0.013559364
10208,2025-01-23,878,云南铜业,0.013559066
10209,2025-01-22,603976,正川股份,0.013556365
10210,2025-01-23,920,沃顿科技,0.013546964
10211,2025-01-23,1339,智微智能,0.013546731
10212,2025-01-23,600682,南京新百,0.013540214
10213,2025-01-22,2481,双塔食品,0.0135237165
10214,2025-01-22,600838,上海九百,0.013517214
10215,2025-01-22,603043,广州酒家,0.013509275
10216,2025-01-23,600848,上海临港,0.013505753
10217,2025-01-22,688006,杭可科技,0.013494102
10218,2025-01-24,688112,鼎阳科技,0.0134895705
10219,2025-01-24,601163,三角轮胎,0.01348195
10220,2025-01-23,2940,昂利康,0.0134814195
10221,2025-01-24,603823,百合花,0.013471436
10222,2025-01-22,603680,今创集团,0.013467798
10223,2025-01-23,600232,金鹰股份,0.013448235
10224,2025-01-22,301039,中集车辆,0.013442989
10225,2025-01-23,301231,荣信文化,0.013441246
10226,2025-01-24,688556,高测股份,0.013440961
10227,2025-01-22,301079,邵阳液压,0.013426721
10228,2025-01-22,600864,哈投股份,0.013417613
10229,2025-01-24,2204,大连重工,0.013410876
10230,2025-01-23,2800,天顺股份,0.013410863
10231,2025-01-22,2498,汉缆股份,0.013409087
10232,2025-01-24,688391,钜泉科技,0.013398185
10233,2025-01-22,600848,上海临港,0.013390316
10234,2025-01-24,603065,宿迁联盛,0.013388839
10235,2025-01-22,300851,交大思诺,0.013387073
10236,2025-01-24,2712,思美传媒,0.013382314
10237,2025-01-24,603017,中衡设计,0.01336585
10238,2025-01-22,688328,深科达,0.013365215
10239,2025-01-24,600784,鲁银投资,0.013361804
10240,2025-01-22,3043,华亚智能,0.013355985
10241,2025-01-24,988,华工科技,0.013355749
10242,2025-01-24,300886,华业香料,0.013355244
10243,2025-01-22,2331,皖通科技,0.013353281
10244,2025-01-22,603091,众鑫股份,0.013350524
10245,2025-01-23,301065,本立科技,0.013344131
10246,2025-01-24,2763,汇洁股份,0.013342939
10247,2025-01-23,688598,金博股份,0.013337031
10248,2025-01-24,300115,长盈精密,0.013333263
10249,2025-01-22,600814,杭州解百,0.013331465
10250,2025-01-24,688199,久日新材,0.013323413
10251,2025-01-22,300497,富祥药业,0.013306174
10252,2025-01-22,301202,朗威股份,0.013296705
10253,2025-01-23,601128,常熟银行,0.013294492
10254,2025-01-24,600596,新安股份,0.013291433
10255,2025-01-23,2185,华天科技,0.013290502
10256,2025-01-22,301318,维海德,0.013263151
10257,2025-01-22,688570,天玛智控,0.013262872
10258,2025-01-24,688320,禾川科技,0.013261361
10259,2025-01-24,301109,军信股份,0.013260335
10260,2025-01-22,2841,视源股份,0.013251796
10261,2025-01-24,933,神火股份,0.013250668
10262,2025-01-23,603100,川仪股份,0.01324686
10263,2025-01-22,300964,本川智能,0.013244551
10264,2025-01-23,300113,顺网科技,0.013229828
10265,2025-01-22,600984,建设机械,0.013225783
10266,2025-01-22,300224,正海磁材,0.013225306
10267,2025-01-24,300963,中洲特材,0.013220731
10268,2025-01-23,529,广弘控股,0.013217879
10269,2025-01-24,301079,邵阳液压,0.013214953
10270,2025-01-23,2515,金字火腿,0.013205778
10271,2025-01-23,157,中联重科,0.013193823
10272,2025-01-23,301608,博实结,0.013193443
10273,2025-01-22,600909,华安证券,0.0131866485
10274,2025-01-24,2116,中国海诚,0.013186626
10275,2025-01-22,301026,浩通科技,0.0131846145
10276,2025-01-23,899,赣能股份,0.013184596
10277,2025-01-22,603657,春光科技,0.013175193
10278,2025-01-23,2607,中公教育,0.01317193
10279,2025-01-22,300696,爱乐达,0.013170455
10280,2025-01-23,600257,大湖股份,0.013149278
10281,2025-01-24,603798,康普顿,0.013148107
10282,2025-01-23,300779,惠城环保,0.013144234
10283,2025-01-24,300303,聚飞光电,0.013138536
10284,2025-01-22,301170,锡南科技,0.013125207
10285,2025-01-22,300374,中铁装配,0.0131214075
10286,2025-01-22,2400,省广集团,0.013121277
10287,2025-01-23,601566,九牧王,0.013118181
10288,2025-01-22,2394,联发股份,0.013114151
10289,2025-01-22,600493,凤竹纺织,0.013111837
10290,2025-01-23,300759,康龙化成,0.013110442
10291,2025-01-22,603320,迪贝电气,0.013101287
10292,2025-01-23,603949,雪龙集团,0.013100876
10293,2025-01-24,605056,咸亨国际,0.013100011
10294,2025-01-22,2488,金固股份,0.013093099
10295,2025-01-23,300770,新媒股份,0.013091233
10296,2025-01-23,600523,贵航股份,0.013086682
10297,2025-01-23,603688,石英股份,0.013083026
10298,2025-01-23,300467,迅游科技,0.013078351
10299,2025-01-24,603019,中科曙光,0.013069527
10300,2025-01-22,2469,三维化学,0.013065662
10301,2025-01-23,301165,锐捷网络,0.013065565
10302,2025-01-24,301510,固高科技,0.013051467
10303,2025-01-22,601636,旗滨集团,0.013050899
10304,2025-01-22,600771,广誉远,0.013033863
10305,2025-01-22,2402,和而泰,0.013033429
10306,2025-01-23,300795,米奥会展,0.013026413
10307,2025-01-23,2412,汉森制药,0.013024773
10308,2025-01-23,600825,新华传媒,0.013022684
10309,2025-01-23,300665,飞鹿股份,0.01301587
10310,2025-01-23,688087,英科再生,0.0130073875
10311,2025-01-23,301257,普蕊斯,0.012995921
10312,2025-01-24,2871,伟隆股份,0.012994967
10313,2025-01-24,603008,喜临门,0.012992475
10314,2025-01-23,688776,国光电气,0.012977488
10315,2025-01-24,301165,锐捷网络,0.012975723
10316,2025-01-24,601311,骆驼股份,0.01296841
10317,2025-01-24,419,通程控股,0.012954704
10318,2025-01-23,301633,港迪技术,0.012953807
10319,2025-01-22,2301,齐心集团,0.0129522495
10320,2025-01-24,300285,国瓷材料,0.012947362
10321,2025-01-24,2828,贝肯能源,0.012940308
10322,2025-01-24,811,冰轮环境,0.0129388925
10323,2025-01-22,300919,中伟股份,0.012929551
10324,2025-01-22,600006,东风股份,0.012920637
10325,2025-01-24,600550,保变电气,0.012915727
10326,2025-01-24,300400,劲拓股份,0.012915332
10327,2025-01-23,2690,美亚光电,0.012910612
10328,2025-01-24,600433,冠豪高新,0.012887038
10329,2025-01-24,601,韶能股份,0.01288311
10330,2025-01-24,301188,力诺药包,0.012878252
10331,2025-01-22,301252,同星科技,0.012877237
10332,2025-01-24,688393,安必平,0.01287365
10333,2025-01-22,600061,国投资本,0.012862671
10334,2025-01-23,688109,品茗科技,0.012861086
10335,2025-01-22,601033,永兴股份,0.012855951
10336,2025-01-23,600,建投能源,0.012851784
10337,2025-01-22,688388,嘉元科技,0.012846006
10338,2025-01-24,600488,津药药业,0.012843203
10339,2025-01-23,603638,艾迪精密,0.012831176
10340,2025-01-22,601975,招商南油,0.012817496
10341,2025-01-24,688230,芯导科技,0.012815805
10342,2025-01-22,601702,华峰铝业,0.01281184
10343,2025-01-23,30,富奥股份,0.012799438
10344,2025-01-24,600854,春兰股份,0.012792533
10345,2025-01-24,600667,太极实业,0.012792524
10346,2025-01-23,300063,天龙集团,0.012791708
10347,2025-01-23,603195,公牛集团,0.012788475
10348,2025-01-24,603628,清源股份,0.012778318
10349,2025-01-22,2810,山东赫达,0.012758613
10350,2025-01-23,688077,大地熊,0.012751518
10351,2025-01-22,2739,万达电影,0.012750033
10352,2025-01-23,603336,宏辉果蔬,0.012747545
10353,2025-01-23,300781,因赛集团,0.012731085
10354,2025-01-23,601579,会稽山,0.012709485
10355,2025-01-23,600415,小商品城,0.012683017
10356,2025-01-22,88,盐 田 港,0.012682393
10357,2025-01-22,1278,一彬科技,0.012682388
10358,2025-01-22,600559,老白干酒,0.012659924
10359,2025-01-22,300039,上海凯宝,0.012654617
10360,2025-01-22,601456,国联证券,0.01265163
10361,2025-01-24,688377,迪威尔,0.012641665
10362,2025-01-24,301035,润丰股份,0.012629911
10363,2025-01-22,2639,雪人股份,0.012622682
10364,2025-01-23,600755,厦门国贸,0.01261564
10365,2025-01-24,600261,阳光照明,0.012595471
10366,2025-01-23,2347,泰尔股份,0.012593336
10367,2025-01-23,600237,铜峰电子,0.012591101
10368,2025-01-22,603289,泰瑞机器,0.012590349
10369,2025-01-24,688789,宏华数科,0.012589775
10370,2025-01-23,301396,宏景科技,0.01258917
10371,2025-01-24,601065,江盐集团,0.012584243
10372,2025-01-23,600756,浪潮软件,0.01258349
10373,2025-01-22,2045,国光电器,0.012564996
10374,2025-01-23,603235,天新药业,0.012558056
10375,2025-01-22,300439,美康生物,0.012552027
10376,2025-01-23,788,北大医药,0.012547022
10377,2025-01-24,2083,孚日股份,0.012544436
10378,2025-01-24,601198,东兴证券,0.012536319
10379,2025-01-24,300637,扬帆新材,0.012534676
10380,2025-01-22,301138,华研精机,0.012518598
10381,2025-01-22,300762,上海瀚讯,0.012512945
10382,2025-01-24,600397,安源煤业,0.012510125
10383,2025-01-24,300918,南山智尚,0.01250303
10384,2025-01-22,1203,大中矿业,0.012496222
10385,2025-01-24,603039,泛微网络,0.012492865
10386,2025-01-23,2864,盘龙药业,0.012492739
10387,2025-01-24,2612,朗姿股份,0.012479048
10388,2025-01-22,600096,云天化,0.012469672
10389,2025-01-24,603698,航天工程,0.012456052
10390,2025-01-22,300970,华绿生物,0.0124426335
10391,2025-01-22,715,中兴商业,0.012437308
10392,2025-01-23,1359,平安电工,0.01242364
10393,2025-01-22,601163,三角轮胎,0.012423571
10394,2025-01-22,301048,金鹰重工,0.012421789
10395,2025-01-22,301058,中粮科工,0.012417821
10396,2025-01-22,603439,贵州三力,0.012407817
10397,2025-01-22,603860,中公高科,0.012403663
10398,2025-01-22,300735,光弘科技,0.012403432
10399,2025-01-24,2832,比音勒芬,0.012397483
10400,2025-01-22,2406,远东传动,0.01239467
10401,2025-01-24,688552,航天南湖,0.012378093
10402,2025-01-23,688376,美埃科技,0.012377264
10403,2025-01-23,688023,安恒信息,0.012373652
10404,2025-01-23,300983,尤安设计,0.0123731475
10405,2025-01-24,688213,思特威-W,0.012371395
10406,2025-01-24,603312,西典新能,0.012352463
10407,2025-01-24,300440,运达科技,0.0123442
10408,2025-01-24,600721,百花医药,0.0123420805
10409,2025-01-24,600740,山西焦化,0.012341011
10410,2025-01-23,600803,新奥股份,0.012332119
10411,2025-01-24,688216,气派科技,0.012327209
10412,2025-01-24,605186,健麾信息,0.012323061
10413,2025-01-22,2756,永兴材料,0.0123224
10414,2025-01-24,1366,播恩集团,0.012311697
10415,2025-01-22,301098,金埔园林,0.012285579
10416,2025-01-23,2167,东方锆业,0.01228407
10417,2025-01-23,603528,多伦科技,0.012283009
10418,2025-01-23,688290,景业智能,0.012272861
10419,2025-01-23,807,云铝股份,0.01226926
10420,2025-01-23,2290,禾盛新材,0.0122605935
10421,2025-01-23,2366,融发核电,0.012254933
10422,2025-01-23,2081,金 螳 螂,0.012247408
10423,2025-01-24,2206,海 利 得,0.012241485
10424,2025-01-22,2134,天津普林,0.012220185
10425,2025-01-24,2073,软控股份,0.012209047
10426,2025-01-23,605118,力鼎光电,0.012202945
10427,2025-01-23,300899,上海凯鑫,0.01219229
10428,2025-01-24,603693,江苏新能,0.012191029
10429,2025-01-23,301345,涛涛车业,0.012182757
10430,2025-01-24,1376,百通能源,0.012177885
10431,2025-01-24,701,厦门信达,0.012176782
10432,2025-01-24,688631,莱斯信息,0.012176562
10433,2025-01-23,600780,通宝能源,0.012173358
10434,2025-01-24,600955,维远股份,0.01217081
10435,2025-01-23,688197,首药控股-U,0.012164129
10436,2025-01-22,300564,筑博设计,0.01216395
10437,2025-01-22,603196,日播时尚,0.012162153
10438,2025-01-22,2129,TCL中环,0.012160771
10439,2025-01-24,301158,德石股份,0.0121601485
10440,2025-01-24,300715,凯伦股份,0.012148444
10441,2025-01-23,300182,捷成股份,0.012148049
10442,2025-01-22,2533,金杯电工,0.012140904
10443,2025-01-23,688316,青云科技-U,0.01213754
10444,2025-01-23,603708,家家悦,0.012137165
10445,2025-01-24,300781,因赛集团,0.012130752
10446,2025-01-22,301050,雷电微力,0.012124743
10447,2025-01-22,2833,弘亚数控,0.012117447
10448,2025-01-22,300395,菲利华,0.012105759
10449,2025-01-23,600435,北方导航,0.012098616
10450,2025-01-22,600115,中国东航,0.012097875
10451,2025-01-22,603383,顶点软件,0.012093296
10452,2025-01-22,300567,精测电子,0.012091121
10453,2025-01-22,603128,华贸物流,0.012088478
10454,2025-01-23,601958,金钼股份,0.012082247
10455,2025-01-22,2074,国轩高科,0.012081288
10456,2025-01-24,600598,北大荒,0.012081098
10457,2025-01-23,2655,共达电声,0.012075892
10458,2025-01-22,601229,上海银行,0.012059737
10459,2025-01-24,600650,锦江在线,0.012057483
10460,2025-01-22,2852,道道全,0.012054719
10461,2025-01-24,688233,神工股份,0.012050722
10462,2025-01-23,300930,屹通新材,0.01203558
10463,2025-01-23,605100,华丰股份,0.012025667
10464,2025-01-22,301265,华新环保,0.012016263
10465,2025-01-23,603312,西典新能,0.012009338
10466,2025-01-22,2690,美亚光电,0.012008969
10467,2025-01-22,600305,恒顺醋业,0.012006536
10468,2025-01-23,301092,争光股份,0.012006454
10469,2025-01-23,301500,飞南资源,0.012004368
10470,2025-01-24,2533,金杯电工,0.012001254
10471,2025-01-22,156,华数传媒,0.011999903
10472,2025-01-22,688403,汇成股份,0.011992684
10473,2025-01-22,2334,英威腾,0.011992345
10474,2025-01-23,600366,宁波韵升,0.011988338
10475,2025-01-22,603798,康普顿,0.011983272
10476,2025-01-23,603082,北自科技,0.011982292
10477,2025-01-24,603706,东方环宇,0.011981063
10478,2025-01-22,2612,朗姿股份,0.011980867
10479,2025-01-24,603112,华翔股份,0.011976801
10480,2025-01-22,538,云南白药,0.01197282
10481,2025-01-22,301419,阿莱德,0.011968967
10482,2025-01-22,603458,勘设股份,0.011968246
10483,2025-01-22,688222,成都先导,0.011961622
10484,2025-01-23,603901,永创智能,0.0119592175
10485,2025-01-22,2063,远光软件,0.011954214
10486,2025-01-22,300709,精研科技,0.011946937
10487,2025-01-23,601,韶能股份,0.011933137
10488,2025-01-23,2523,天桥起重,0.011933036
10489,2025-01-24,2890,弘宇股份,0.011927372
10490,2025-01-22,300636,同和药业,0.0119230505
10491,2025-01-22,408,藏格矿业,0.011913197
10492,2025-01-23,2527,新时达,0.011906521
10493,2025-01-22,605298,必得科技,0.011905588
10494,2025-01-22,30,富奥股份,0.011900891
10495,2025-01-24,601677,明泰铝业,0.011899006
10496,2025-01-23,605090,九丰能源,0.011897333
10497,2025-01-22,338,潍柴动力,0.0118959695
10498,2025-01-22,300508,维宏股份,0.011888605
10499,2025-01-22,688247,宣泰医药,0.011883263
10500,2025-01-23,2962,五方光电,0.011873033
10501,2025-01-22,859,国风新材,0.011870306
10502,2025-01-23,923,河钢资源,0.01186352
10503,2025-01-23,300886,华业香料,0.011859322
10504,2025-01-22,300868,杰美特,0.011854824
10505,2025-01-24,600215,派斯林,0.011850119
10506,2025-01-23,488,晨鸣纸业,0.011840226
10507,2025-01-23,2343,慈文传媒,0.011839407
10508,2025-01-24,688380,中微半导,0.0118295215
10509,2025-01-22,600054,黄山旅游,0.011827828
10510,2025-01-24,1359,平安电工,0.0118193235
10511,2025-01-23,603648,畅联股份,0.01181715
10512,2025-01-22,2401,中远海科,0.011817139
10513,2025-01-23,2110,三钢闽光,0.011810927
10514,2025-01-23,600750,江中药业,0.011785749
10515,2025-01-23,605255,天普股份,0.011783669
10516,2025-01-22,300416,苏试试验,0.011778034
10517,2025-01-22,300218,安利股份,0.0117621105
10518,2025-01-23,688380,中微半导,0.011761557
10519,2025-01-24,603816,顾家家居,0.011759864
10520,2025-01-22,2198,嘉应制药,0.011750575
10521,2025-01-23,301328,维峰电子,0.011748461
10522,2025-01-22,603218,日月股份,0.011743724
10523,2025-01-22,2022,科华生物,0.011742925
10524,2025-01-24,600468,百利电气,0.011737004
10525,2025-01-24,300927,江天化学,0.0117326155
10526,2025-01-23,600515,海南机场,0.011727048
10527,2025-01-22,2227,奥 特 迅,0.011716051
10528,2025-01-22,612,焦作万方,0.011715103
10529,2025-01-22,301381,赛维时代,0.011709334
10530,2025-01-24,603270,金帝股份,0.011701744
10531,2025-01-23,603693,江苏新能,0.01169608
10532,2025-01-23,301071,力量钻石,0.011695946
10533,2025-01-23,603766,隆鑫通用,0.011695821
10534,2025-01-22,688657,浩辰软件,0.011689495
10535,2025-01-24,601518,吉林高速,0.011683416
10536,2025-01-24,603657,春光科技,0.011680573
10537,2025-01-24,603416,信捷电气,0.011672661
10538,2025-01-24,2436,兴森科技,0.011665164
10539,2025-01-24,601001,晋控煤业,0.011663113
10540,2025-01-22,688379,华光新材,0.011655295
10541,2025-01-24,688687,凯因科技,0.011652609
10542,2025-01-23,301558,三态股份,0.011651518
10543,2025-01-22,301359,东南电子,0.011642553
10544,2025-01-22,301091,深城交,0.011640094
10545,2025-01-24,963,华东医药,0.011639833
10546,2025-01-22,600531,豫光金铅,0.011638828
10547,2025-01-23,2956,西麦食品,0.011638412
10548,2025-01-22,2163,海南发展,0.011633487
10549,2025-01-22,688283,坤恒顺维,0.011631057
10550,2025-01-23,688543,国科军工,0.011623282
10551,2025-01-24,301131,聚赛龙,0.011621933
10552,2025-01-23,407,胜利股份,0.011621548
10553,2025-01-23,300643,万通智控,0.011617539
10554,2025-01-23,719,中原传媒,0.01161693
10555,2025-01-24,300549,优德精密,0.011615843
10556,2025-01-23,823,超声电子,0.011608865
10557,2025-01-22,600371,万向德农,0.011597194
10558,2025-01-23,1223,欧克科技,0.011592368
10559,2025-01-24,2801,微光股份,0.01158355
10560,2025-01-23,301046,能辉科技,0.011566183
10561,2025-01-22,2580,圣阳股份,0.011560788
10562,2025-01-22,68,华控赛格,0.0115607865
10563,2025-01-23,300835,龙磁科技,0.011553634
10564,2025-01-23,600098,广州发展,0.011541704
10565,2025-01-24,300990,同飞股份,0.011540435
10566,2025-01-22,301246,宏源药业,0.011538921
10567,2025-01-22,733,振华科技,0.011531878
10568,2025-01-24,605389,长龄液压,0.0115299
10569,2025-01-23,603730,岱美股份,0.011527063
10570,2025-01-23,3017,大洋生物,0.011521483
10571,2025-01-23,601168,西部矿业,0.011513198
10572,2025-01-23,869,张  裕Ａ,0.011511765
10573,2025-01-23,600768,宁波富邦,0.011505211
10574,2025-01-24,603966,法兰泰克,0.011501117
10575,2025-01-24,300024,机器人,0.011498274
10576,2025-01-22,600059,古越龙山,0.011476373
10577,2025-01-22,603138,海量数据,0.011476016
10578,2025-01-23,300951,博硕科技,0.011469927
10579,2025-01-24,2630,华西能源,0.0114683565
10580,2025-01-23,2915,中欣氟材,0.011466891
10581,2025-01-23,300880,迦南智能,0.011457784
10582,2025-01-22,166,申万宏源,0.011447854
10583,2025-01-22,603273,天元智能,0.011440145
10584,2025-01-23,601121,宝地矿业,0.011437057
10585,2025-01-22,600292,远达环保,0.011436805
10586,2025-01-23,603979,金诚信,0.0114332065
10587,2025-01-22,601555,东吴证券,0.011428636
10588,2025-01-22,301073,君亭酒店,0.011428408
10589,2025-01-23,688146,中船特气,0.011426464
10590,2025-01-22,300669,沪宁股份,0.011417022
10591,2025-01-23,600557,康缘药业,0.011395389
10592,2025-01-22,601868,中国能建,0.011385612
10593,2025-01-22,848,承德露露,0.011378357
10594,2025-01-24,2627,三峡旅游,0.011375777
10595,2025-01-23,300440,运达科技,0.011375677
10596,2025-01-24,603339,四方科技,0.011375124
10597,2025-01-24,301318,维海德,0.011373965
10598,2025-01-24,2985,北摩高科,0.011373041
10599,2025-01-22,300047,天源迪科,0.011372369
10600,2025-01-23,672,上峰水泥,0.0113638565
10601,2025-01-23,300872,天阳科技,0.01136291
10602,2025-01-23,2430,杭氧股份,0.011362454
10603,2025-01-22,600522,中天科技,0.0113445725
10604,2025-01-23,300612,宣亚国际,0.011340272
10605,2025-01-24,2722,物产金轮,0.011334874
10606,2025-01-22,2100,天康生物,0.01132635
10607,2025-01-22,2033,丽江股份,0.011325635
10608,2025-01-23,600056,中国医药,0.011321835
10609,2025-01-23,600359,新农开发,0.011313148
10610,2025-01-24,603703,盛洋科技,0.011311861
10611,2025-01-23,300143,盈康生命,0.0112962555
10612,2025-01-24,2192,融捷股份,0.011293989
10613,2025-01-24,603565,中谷物流,0.0112861525
10614,2025-01-23,600662,外服控股,0.011286028
10615,2025-01-22,600616,金枫酒业,0.011277946
10616,2025-01-23,301393,昊帆生物,0.011268932
10617,2025-01-27,688776,国光电气,0.0112649035
10618,2025-01-22,301608,博实结,0.011251891
10619,2025-01-24,3028,振邦智能,0.011241071
10620,2025-01-23,2040,南 京 港,0.011223806
10621,2025-01-23,2942,新农股份,0.011217287
10622,2025-01-22,601179,中国西电,0.011212431
10623,2025-01-23,2558,巨人网络,0.011206567
10624,2025-01-24,2538,司尔特,0.011204181
10625,2025-01-22,300804,广康生化,0.011191322
10626,2025-01-22,3038,鑫铂股份,0.011169789
10627,2025-01-22,300389,艾比森,0.011163112
10628,2025-01-23,600171,上海贝岭,0.011152435
10629,2025-01-23,2695,煌上煌,0.011151817
10630,2025-01-24,603163,圣晖集成,0.011150602
10631,2025-01-24,301117,佳缘科技,0.01114253
10632,2025-01-23,2478,常宝股份,0.011136761
10633,2025-01-23,300404,博济医药,0.011126857
10634,2025-01-27,688708,XD佳驰科,0.011119686
10635,2025-01-22,300483,首华燃气,0.011119474
10636,2025-01-24,603970,中农立华,0.0111135915
10637,2025-01-22,600502,安徽建工,0.011103179
10638,2025-01-24,300811,铂科新材,0.011101823
10639,2025-01-22,688652,京仪装备,0.011099149
10640,2025-01-23,2381,双箭股份,0.0110915415
10641,2025-01-24,603105,芯能科技,0.011089463
10642,2025-01-23,2614,奥佳华,0.011085672
10643,2025-01-22,2347,泰尔股份,0.011084028
10644,2025-01-23,859,国风新材,0.011082899
10645,2025-01-24,300295,三六五网,0.011053082
10646,2025-01-23,301226,祥明智能,0.011052724
10647,2025-01-22,600529,山东药玻,0.011039609
10648,2025-01-22,300698,万马科技,0.011035915
10649,2025-01-23,600513,联环药业,0.011024237
10650,2025-01-22,300565,科信技术,0.0110241305
10651,2025-01-24,688192,迪哲医药-U,0.011010949
10652,2025-01-23,2172,澳洋健康,0.011005664
10653,2025-01-24,301085,亚康股份,0.011001762
10654,2025-01-22,601878,浙商证券,0.010996273
10655,2025-01-23,603439,贵州三力,0.010994108
10656,2025-01-22,688513,苑东生物,0.010973962
10657,2025-01-23,300452,山河药辅,0.010966474
10658,2025-01-23,300512,中亚股份,0.010960013
10659,2025-01-24,688046,药康生物,0.010956043
10660,2025-01-24,301027,华蓝集团,0.01094823
10661,2025-01-23,411,英特集团,0.01094253
10662,2025-01-23,301373,凌玮科技,0.010918498
10663,2025-01-23,2961,瑞达期货,0.010918023
10664,2025-01-23,688786,悦安新材,0.010890486
10665,2025-01-24,830,鲁西化工,0.010876063
10666,2025-01-23,301596,瑞迪智驱,0.010858342
10667,2025-01-22,300328,宜安科技,0.010834906
10668,2025-01-24,912,泸天化,0.010829832
10669,2025-01-22,301536,星宸科技,0.010819819
10670,2025-01-22,601789,宁波建工,0.010815131
10671,2025-01-23,2568,百润股份,0.010784596
10672,2025-01-24,620,新华联,0.010779496
10673,2025-01-22,300589,江龙船艇,0.010777958
10674,2025-01-22,600333,长春燃气,0.010776237
10675,2025-01-24,688127,蓝特光学,0.010771573
10676,2025-01-22,2054,德美化工,0.010762157
10677,2025-01-23,600150,中国船舶,0.010746103
10678,2025-01-24,300899,上海凯鑫,0.010743681
10679,2025-01-22,301469,恒达新材,0.010739103
10680,2025-01-22,600215,派斯林,0.0107219815
10681,2025-01-22,600903,贵州燃气,0.01070679
10682,2025-01-22,2984,森麒麟,0.01069684
10683,2025-01-24,2910,庄园牧场,0.010696027
10684,2025-01-22,2377,国创高新,0.010692101
10685,2025-01-22,750,国海证券,0.010684725
10686,2025-01-23,2201,正威新材,0.010659387
10687,2025-01-23,600540,新赛股份,0.010655766
10688,2025-01-23,605299,舒华体育,0.010650665
10689,2025-01-23,300962,中金辐照,0.010615377
10690,2025-01-24,605588,冠石科技,0.010593154
10691,2025-01-23,600829,人民同泰,0.010593075
10692,2025-01-22,1230,劲旅环境,0.0105914045
10693,2025-01-24,603198,迎驾贡酒,0.010588249
10694,2025-01-24,301373,凌玮科技,0.010587983
10695,2025-01-23,688147,微导纳米,0.010585016
10696,2025-01-22,300609,汇纳科技,0.010575078
10697,2025-01-24,600156,华升股份,0.010572918
10698,2025-01-23,868,安凯客车,0.01057196
10699,2025-01-24,2126,银轮股份,0.01056689
10700,2025-01-22,2428,云南锗业,0.010566266
10701,2025-01-22,600241,时代万恒,0.010565622
10702,2025-01-24,1260,坤泰股份,0.010557208
10703,2025-01-23,301239,普瑞眼科,0.01055634
10704,2025-01-23,301106,骏成科技,0.010549933
10705,2025-01-24,603328,依顿电子,0.010542808
10706,2025-01-24,1286,陕西能源,0.010528114
10707,2025-01-22,301500,飞南资源,0.010510504
10708,2025-01-23,603721,中广天择,0.010506462
10709,2025-01-23,600493,凤竹纺织,0.01050631
10710,2025-01-22,300327,中颖电子,0.010494219
10711,2025-01-23,2192,融捷股份,0.010489346
10712,2025-01-23,688520,神州细胞-U,0.01048295
10713,2025-01-23,300657,弘信电子,0.010478575
10714,2025-01-22,600516,方大炭素,0.010472784
10715,2025-01-23,300181,佐力药业,0.010470575
10716,2025-01-22,300227,光韵达,0.010445327
10717,2025-01-24,801,四川九洲,0.010440156
10718,2025-01-23,600351,亚宝药业,0.010437636
10719,2025-01-22,688516,奥特维,0.01043039
10720,2025-01-22,2478,常宝股份,0.010429768
10721,2025-01-22,603282,亚光股份,0.010424163
10722,2025-01-24,2616,长青集团,0.010418607
10723,2025-01-24,300623,捷捷微电,0.010415819
10724,2025-01-22,688083,中望软件,0.010415051
10725,2025-01-24,603153,上海建科,0.010413852
10726,2025-01-24,2932,明德生物,0.010413174
10727,2025-01-22,600283,钱江水利,0.0104086995
10728,2025-01-22,688598,金博股份,0.010407545
10729,2025-01-27,601328,交通银行,0.010405477
10730,2025-01-22,603188,亚邦股份,0.010402059
10731,2025-01-24,300894,火星人,0.010399843
10732,2025-01-22,701,厦门信达,0.010389585
10733,2025-01-23,301195,北路智控,0.010386795
10734,2025-01-22,300448,浩云科技,0.010379661
10735,2025-01-24,301283,聚胶股份,0.010378756
10736,2025-01-24,600493,凤竹纺织,0.010374717
10737,2025-01-22,2942,新农股份,0.01034884
10738,2025-01-24,300585,奥联电子,0.0103453435
10739,2025-01-22,532,华金资本,0.010344235
10740,2025-01-22,2324,普利特,0.010342589
10741,2025-01-23,301316,慧博云通,0.010337733
10742,2025-01-23,688218,江苏北人,0.0103335455
10743,2025-01-24,2534,西子洁能,0.01032852
10744,2025-01-24,603237,五芳斋,0.010306014
10745,2025-01-23,603506,南都物业,0.010305997
10746,2025-01-24,603396,金辰股份,0.010299617
10747,2025-01-22,906,浙商中拓,0.010295145
10748,2025-01-23,300299,富春股份,0.010294341
10749,2025-01-24,523,红棉股份,0.010286666
10750,2025-01-24,603860,中公高科,0.010285772
10751,2025-01-22,300759,康龙化成,0.010262001
10752,2025-01-22,600655,豫园股份,0.010261223
10753,2025-01-22,2856,美芝股份,0.010251604
10754,2025-01-22,300424,航新科技,0.0102408435
10755,2025-01-24,688152,麒麟信安,0.010237316
10756,2025-01-24,603989,艾华集团,0.01023506
10757,2025-01-23,2612,朗姿股份,0.010203343
10758,2025-01-23,2633,申科股份,0.010199487
10759,2025-01-23,603610,麒盛科技,0.010198256
10760,2025-01-23,605368,蓝天燃气,0.010176087
10761,2025-01-24,600386,北巴传媒,0.01017206
10762,2025-01-23,729,燕京啤酒,0.010170005
10763,2025-01-24,601956,东贝集团,0.010163881
10764,2025-01-22,301508,中机认检,0.010154933
10765,2025-01-22,300922,天秦装备,0.010144619
10766,2025-01-22,300824,北鼎股份,0.010140391
10767,2025-01-22,600557,康缘药业,0.010117486
10768,2025-01-23,2579,中京电子,0.010115463
10769,2025-01-22,301256,华融化学,0.010115236
10770,2025-01-22,601311,骆驼股份,0.01010916
10771,2025-01-23,600099,林海股份,0.010101795
10772,2025-01-24,2807,江阴银行,0.010092443
10773,2025-01-22,688003,天准科技,0.010086581
10774,2025-01-22,300160,秀强股份,0.0100823715
10775,2025-01-22,597,东北制药,0.0100807175
10776,2025-01-23,600250,南京商旅,0.010067288
10777,2025-01-22,2506,协鑫集成,0.010065768
10778,2025-01-22,300496,中科创达,0.010059955
10779,2025-01-22,600996,贵广网络,0.010054283
10780,2025-01-23,688206,概伦电子,0.010047087
10781,2025-01-22,600776,东方通信,0.010041125
10782,2025-01-23,2231,奥维通信,0.01003447
10783,2025-01-22,301618,长联科技,0.010009227
10784,2025-01-22,603611,诺力股份,0.010006223
10785,2025-01-23,603992,松霖科技,0.010002717
10786,2025-01-22,2156,通富微电,0.009977087
10787,2025-01-22,300915,海融科技,0.009976756
10788,2025-01-23,2980,华盛昌,0.009976521
10789,2025-01-23,2003,伟星股份,0.009971255
10790,2025-01-24,2649,博彦科技,0.009958288
10791,2025-01-24,301196,唯科科技,0.009949788
10792,2025-01-22,2538,司尔特,0.009949638
10793,2025-01-24,1306,夏厦精密,0.009948207
10794,2025-01-24,605090,九丰能源,0.009926798
10795,2025-01-22,600386,北巴传媒,0.00992183
10796,2025-01-24,300501,海顺新材,0.009919167
10797,2025-01-24,603886,元祖股份,0.009906575
10798,2025-01-22,603058,永吉股份,0.009893484
10799,2025-01-24,600971,恒源煤电,0.009883903
10800,2025-01-23,933,神火股份,0.009858169
10801,2025-01-22,2727,一心堂,0.009849813
10802,2025-01-23,300488,恒锋工具,0.00984606
10803,2025-01-24,2213,大为股份,0.009838669
10804,2025-01-24,612,焦作万方,0.009835511
10805,2025-01-24,605500,森林包装,0.009808265
10806,2025-01-23,600982,宁波能源,0.009808181
10807,2025-01-23,301319,唯特偶,0.00979981
10808,2025-01-22,300425,中建环能,0.0097893905
10809,2025-01-22,605199,葫芦娃,0.009788621
10810,2025-01-24,600173,卧龙地产,0.00978693
10811,2025-01-23,600814,杭州解百,0.009784773
10812,2025-01-23,2982,湘佳股份,0.009780927
10813,2025-01-22,300995,奇德新材,0.009766247
10814,2025-01-23,300877,金春股份,0.009736948
10815,2025-01-24,2333,罗普斯金,0.00973678
10816,2025-01-22,601611,中国核建,0.009734441
10817,2025-01-24,2576,通达动力,0.009733869
10818,2025-01-24,2664,信质集团,0.009731749
10819,2025-01-24,605218,伟时电子,0.009713955
10820,2025-01-22,301196,唯科科技,0.0097134
10821,2025-01-22,600428,中远海特,0.009710431
10822,2025-01-22,1268,联合精密,0.009707477
10823,2025-01-22,600726,华电能源,0.009693474
10824,2025-01-22,603992,松霖科技,0.009686656
10825,2025-01-22,688626,翔宇医疗,0.009686559
10826,2025-01-22,1339,智微智能,0.009678356
10827,2025-01-22,605186,健麾信息,0.009673903
10828,2025-01-23,2795,永和智控,0.009673564
10829,2025-01-22,688135,利扬芯片,0.009670693
10830,2025-01-23,605020,永和股份,0.009665849
10831,2025-01-24,2026,山东威达,0.00966448
10832,2025-01-23,600226,亨通股份,0.009638004
10833,2025-01-22,422,湖北宜化,0.009616829
10834,2025-01-23,1336,楚环科技,0.00960052
10835,2025-01-23,2986,宇新股份,0.009599645
10836,2025-01-22,601686,友发集团,0.00959944
10837,2025-01-24,408,藏格矿业,0.009598408
10838,2025-01-23,300828,锐新科技,0.009587053
10839,2025-01-24,2597,金禾实业,0.009583343
10840,2025-01-23,688678,福立旺,0.009567939
10841,2025-01-24,300364,中文在线,0.009566523
10842,2025-01-23,2749,国光股份,0.009563629
10843,2025-01-23,603050,科林电气,0.0095579885
10844,2025-01-22,2803,吉宏股份,0.009551588
10845,2025-01-23,603367,辰欣药业,0.009548165
10846,2025-01-23,2238,天威视讯,0.009547442
10847,2025-01-24,1215,千味央厨,0.009536445
10848,2025-01-24,688116,天奈科技,0.009526322
10849,2025-01-24,603298,杭叉集团,0.009512357
10850,2025-01-24,688273,麦澜德,0.009474998
10851,2025-01-23,2782,可立克,0.009468179
10852,2025-01-22,300708,聚灿光电,0.009462751
10853,2025-01-23,1228,永泰运,0.009439398
10854,2025-01-23,600215,派斯林,0.009437382
10855,2025-01-22,950,重药控股,0.009422764
10856,2025-01-24,605066,天正电气,0.00941648
10857,2025-01-24,600869,远东股份,0.009402461
10858,2025-01-24,300286,安科瑞,0.009401504
10859,2025-01-22,2290,禾盛新材,0.009399833
10860,2025-01-23,819,岳阳兴长,0.009399176
10861,2025-01-23,603599,广信股份,0.009380382
10862,2025-01-23,301133,金钟股份,0.00937598
10863,2025-01-22,600720,中交设计,0.009366937
10864,2025-01-24,603726,朗迪集团,0.009361446
10865,2025-01-22,300031,宝通科技,0.009353129
10866,2025-01-22,600550,保变电气,0.009345941
10867,2025-01-23,2539,云图控股,0.009342536
10868,2025-01-22,488,晨鸣纸业,0.009336347
10869,2025-01-23,2576,通达动力,0.009328771
10870,2025-01-23,957,中通客车,0.00932477
10871,2025-01-23,688168,安博通,0.0093158465
10872,2025-01-24,605255,天普股份,0.009310631
10873,2025-01-22,688576,西山科技,0.009310592
10874,2025-01-23,600861,北京人力,0.0093094595
10875,2025-01-23,2116,中国海诚,0.009306334
10876,2025-01-22,2404,嘉欣丝绸,0.009296047
10877,2025-01-22,603053,成都燃气,0.009279443
10878,2025-01-22,300378,鼎捷数智,0.009275973
10879,2025-01-23,607,华媒控股,0.009272438
10880,2025-01-22,603311,金海高科,0.0092578735
10881,2025-01-23,300701,森霸传感,0.009253327
10882,2025-01-22,301328,维峰电子,0.009225506
10883,2025-01-24,600359,新农开发,0.009216616
10884,2025-01-22,600210,紫江企业,0.009210501
10885,2025-01-24,688521,芯原股份,0.009196639
10886,2025-01-22,2976,瑞玛精密,0.009190671
10887,2025-01-22,962,东方钽业,0.009178467
10888,2025-01-23,603703,盛洋科技,0.009176495
10889,2025-01-24,600420,国药现代,0.009162925
10890,2025-01-22,688296,和达科技,0.009157117
10891,2025-01-23,2985,北摩高科,0.0091563
10892,2025-01-22,300626,华瑞股份,0.009128585
10893,2025-01-24,633,合金投资,0.009122733
10894,2025-01-23,603158,腾龙股份,0.009117637
10895,2025-01-22,603130,云中马,0.009113399
10896,2025-01-23,603989,艾华集团,0.009103162
10897,2025-01-23,600740,山西焦化,0.009102549
10898,2025-01-23,603373,安邦护卫,0.009100217
10899,2025-01-22,2262,恩华药业,0.009090405
10900,2025-01-22,300634,彩讯股份,0.009082176
10901,2025-01-22,2809,红墙股份,0.009078298
10902,2025-01-23,19,深粮控股,0.009076517
10903,2025-01-23,600053,九鼎投资,0.0090712365
10904,2025-01-22,2313,日海智能,0.009059267
10905,2025-01-24,1205,盛航股份,0.009044677
10906,2025-01-23,600522,中天科技,0.009038717
10907,2025-01-22,301580,爱迪特,0.009034034
10908,2025-01-22,600020,中原高速,0.00903343
10909,2025-01-24,688517,金冠电气,0.009032182
10910,2025-01-23,300741,华宝股份,0.009026131
10911,2025-01-22,2215,诺 普 信,0.009025613
10912,2025-01-23,2970,锐明技术,0.0090231
10913,2025-01-23,600230,沧州大化,0.009022346
10914,2025-01-24,600037,歌华有线,0.009007713
10915,2025-01-24,601377,兴业证券,0.0090071075
10916,2025-01-22,600032,浙江新能,0.00900376
10917,2025-01-24,300923,研奥股份,0.0089985095
10918,2025-01-23,300750,宁德时代,0.008992098
10919,2025-01-23,603138,海量数据,0.008986881
10920,2025-01-23,2026,山东威达,0.008986644
10921,2025-01-24,301296,新巨丰,0.008981422
10922,2025-01-22,300388,节能国祯,0.008969208
10923,2025-01-24,2125,湘潭电化,0.008965977
10924,2025-01-22,2236,大华股份,0.00896522
10925,2025-01-22,300399,天利科技,0.008961078
10926,2025-01-23,600989,宝丰能源,0.008949537
10927,2025-01-23,600531,豫光金铅,0.008944225
10928,2025-01-23,600585,海螺水泥,0.008942861
10929,2025-01-23,601077,渝农商行,0.0089420155
10930,2025-01-23,2841,视源股份,0.008933719
10931,2025-01-24,601177,杭齿前进,0.008930717
10932,2025-01-23,688319,欧林生物,0.008929709
10933,2025-01-23,822,山东海化,0.008923408
10934,2025-01-24,2903,宇环数控,0.008916389
10935,2025-01-22,301071,力量钻石,0.008912815
10936,2025-01-24,301013,利和兴,0.008902805
10937,2025-01-24,300223,北京君正,0.008897835
10938,2025-01-22,2718,友邦吊顶,0.008895345
10939,2025-01-23,301125,腾亚精工,0.008890506
10940,2025-01-24,707,双环科技,0.008890178
10941,2025-01-23,601015,陕西黑猫,0.008873109
10942,2025-01-22,600535,天士力,0.008864889
10943,2025-01-24,688180,君实生物-U,0.0088584535
10944,2025-01-24,2469,三维化学,0.008857036
10945,2025-01-24,688549,中巨芯-U,0.008840049
10946,2025-01-23,603538,美诺华,0.00883162
10947,2025-01-24,601298,青岛港,0.0088300295
10948,2025-01-22,600955,维远股份,0.00881692
10949,2025-01-23,410,沈阳机床,0.008799933
10950,2025-01-23,688106,金宏气体,0.008789003
10951,2025-01-23,301077,星华新材,0.008786231
10952,2025-01-24,688466,金科环境,0.008784138
10953,2025-01-24,688218,江苏北人,0.0087673515
10954,2025-01-22,300893,松原股份,0.008765161
10955,2025-01-22,2327,富安娜,0.00876244
10956,2025-01-22,603648,畅联股份,0.008758467
10957,2025-01-23,603612,索通发展,0.008748151
10958,2025-01-24,600489,中金黄金,0.008735441
10959,2025-01-23,600572,康恩贝,0.008730482
10960,2025-01-22,2267,陕天然气,0.008699726
10961,2025-01-24,601600,中国铝业,0.008696031
10962,2025-01-23,2348,高乐股份,0.008681174
10963,2025-01-22,301166,优宁维,0.008666027
10964,2025-01-22,300802,矩子科技,0.008661587
10965,2025-01-24,301500,飞南资源,0.008648742
10966,2025-01-24,688376,美埃科技,0.008643672
10967,2025-01-22,2378,章源钨业,0.008636013
10968,2025-01-24,688269,凯立新材,0.008601364
10969,2025-01-22,603237,五芳斋,0.008579111
10970,2025-01-23,603088,宁波精达,0.008574059
10971,2025-01-23,300501,海顺新材,0.008571578
10972,2025-01-24,300200,高盟新材,0.008569118
10973,2025-01-24,300414,中光防雷,0.008565316
10974,2025-01-22,301086,鸿富瀚,0.008544521
10975,2025-01-22,688678,福立旺,0.008519128
10976,2025-01-23,2467,二六三,0.0085129775
10977,2025-01-24,2527,新时达,0.008506872
10978,2025-01-22,600345,长江通信,0.008498568
10979,2025-01-23,2950,奥美医疗,0.008498296
10980,2025-01-23,2303,美盈森,0.00849703
10981,2025-01-22,300542,新晨科技,0.008495757
10982,2025-01-24,601028,玉龙股份,0.008492351
10983,2025-01-22,600985,淮北矿业,0.008484241
10984,2025-01-22,301179,泽宇智能,0.008471046
10985,2025-01-24,603683,晶华新材,0.008463485
10986,2025-01-23,300079,数码视讯,0.008462591
10987,2025-01-23,600563,法拉电子,0.008457702
10988,2025-01-24,300129,泰胜风能,0.008456867
10989,2025-01-22,300620,光库科技,0.008453755
10990,2025-01-23,688628,优利德,0.008452237
10991,2025-01-24,688111,金山办公,0.008441694
10992,2025-01-23,716,黑芝麻,0.008435387
10993,2025-01-22,600901,江苏金租,0.008432012
10994,2025-01-22,688398,赛特新材,0.008427322
10995,2025-01-22,1207,联科科技,0.008425994
10996,2025-01-23,600873,梅花生物,0.008390801
10997,2025-01-24,300790,宇瞳光学,0.008390572
10998,2025-01-22,300145,中金环境,0.008362854
10999,2025-01-22,2703,浙江世宝,0.00835993
11000,2025-01-23,601311,骆驼股份,0.008333385
11001,2025-01-22,600483,福能股份,0.008333035
11002,2025-01-23,1379,腾达科技,0.008330993
11003,2025-01-23,300797,钢研纳克,0.008328788
11004,2025-01-24,301260,格力博,0.008324325
11005,2025-01-24,600976,健民集团,0.00832187
11006,2025-01-22,600619,海立股份,0.008318424
11007,2025-01-22,300834,星辉环材,0.008316711
11008,2025-01-22,688468,科美诊断,0.008313574
11009,2025-01-24,600697,欧亚集团,0.008298602
11010,2025-01-22,3020,立方制药,0.008288819
11011,2025-01-24,603058,永吉股份,0.008283492
11012,2025-01-22,300560,中富通,0.008281
11013,2025-01-22,688536,思瑞浦,0.0082672015
11014,2025-01-24,600510,黑牡丹,0.008254981
11015,2025-01-24,600461,洪城环境,0.008251935
11016,2025-01-22,300021,大禹节水,0.008248664
11017,2025-01-24,300272,开能健康,0.008243125
11018,2025-01-22,603612,索通发展,0.008242259
11019,2025-01-24,300709,精研科技,0.008238068
11020,2025-01-24,603637,镇海股份,0.008237276
11021,2025-01-22,301559,中集环科,0.008228648
11022,2025-01-22,600872,中炬高新,0.008224895
11023,2025-01-22,603823,百合花,0.008218808
11024,2025-01-22,600097,开创国际,0.008215265
11025,2025-01-24,603166,福达股份,0.008210557
11026,2025-01-23,600207,安彩高科,0.008210342
11027,2025-01-24,2442,龙星科技,0.008200189
11028,2025-01-22,688217,睿昂基因,0.008188672
11029,2025-01-24,300306,远方信息,0.00817313
11030,2025-01-23,600655,豫园股份,0.008170331
11031,2025-01-22,301278,快可电子,0.0081650615
11032,2025-01-24,868,安凯客车,0.0081600435
11033,2025-01-24,422,湖北宜化,0.008154346
11034,2025-01-24,688019,安集科技,0.008146904
11035,2025-01-24,300449,汉邦高科,0.008137081
11036,2025-01-23,603061,金海通,0.008133266
11037,2025-01-23,301135,瑞德智能,0.008130753
11038,2025-01-23,603758,秦安股份,0.008125205
11039,2025-01-23,600323,瀚蓝环境,0.0081194695
11040,2025-01-22,600979,广安爱众,0.008116493
11041,2025-01-22,2491,通鼎互联,0.008112444
11042,2025-01-22,603158,腾龙股份,0.008097988
11043,2025-01-23,301085,亚康股份,0.00809468
11044,2025-01-22,300206,理邦仪器,0.008093461
11045,2025-01-22,2014,永新股份,0.008093143
11046,2025-01-22,300905,宝丽迪,0.008092601
11047,2025-01-22,600444,国机通用,0.008089114
11048,2025-01-24,603568,伟明环保,0.008083351
11049,2025-01-23,688503,聚和材料,0.008063741
11050,2025-01-24,300951,博硕科技,0.008063611
11051,2025-01-22,600116,三峡水利,0.00805161
11052,2025-01-22,1380,华纬科技,0.0080461465
11053,2025-01-24,600848,上海临港,0.008041382
11054,2025-01-24,300227,光韵达,0.008041175
11055,2025-01-22,300796,贝斯美,0.008038774
11056,2025-01-22,603533,掌阅科技,0.008037131
11057,2025-01-24,301088,戎美股份,0.008028736
11058,2025-01-22,601899,紫金矿业,0.008017363
11059,2025-01-22,2214,大立科技,0.00801496
11060,2025-01-23,603533,掌阅科技,0.007996153
11061,2025-01-23,2646,天佑德酒,0.007994549
11062,2025-01-24,600973,宝胜股份,0.007991981
11063,2025-01-24,1319,铭科精技,0.007983893
11064,2025-01-22,603187,海容冷链,0.007982364
11065,2025-01-23,603320,迪贝电气,0.007982347
11066,2025-01-22,301330,熵基科技,0.007980023
11067,2025-01-23,300275,梅安森,0.007978715
11068,2025-01-24,301160,翔楼新材,0.007972026
11069,2025-01-23,300432,富临精工,0.007969951
11070,2025-01-24,600389,江山股份,0.007966498
11071,2025-01-24,301591,肯特股份,0.007960083
11072,2025-01-23,555,神州信息,0.007950276
11073,2025-01-22,603931,格林达,0.007931201
11074,2025-01-23,300425,中建环能,0.007908955
11075,2025-01-22,301222,浙江恒威,0.0078984555
11076,2025-01-22,301136,招标股份,0.00789584
11077,2025-01-22,783,长江证券,0.007891148
11078,2025-01-23,860,顺鑫农业,0.007888626
11079,2025-01-24,2745,木林森,0.007884894
11080,2025-01-22,2194,武汉凡谷,0.007881107
11081,2025-01-23,600552,凯盛科技,0.00786382
11082,2025-01-22,300866,安克创新,0.007858776
11083,2025-01-23,300541,先进数通,0.007851319
11084,2025-01-22,605007,五洲特纸,0.007834777
11085,2025-01-23,600648,外高桥,0.007826235
11086,2025-01-22,600705,中航产融,0.0078008417
11087,2025-01-23,301225,恒勃股份,0.0078001823
11088,2025-01-24,2566,益盛药业,0.0077857487
11089,2025-01-24,300831,派瑞股份,0.0077786967
11090,2025-01-23,600977,中国电影,0.0077703986
11091,2025-01-22,688146,中船特气,0.007763449
11092,2025-01-24,603195,公牛集团,0.007760547
11093,2025-01-24,300236,上海新阳,0.0077592023
11094,2025-01-24,603158,腾龙股份,0.0077533685
11095,2025-01-22,603738,泰晶科技,0.007753296
11096,2025-01-22,737,北方铜业,0.0077510625
11097,2025-01-24,590,启迪药业,0.0077455677
11098,2025-01-23,688005,容百科技,0.007740017
11099,2025-01-24,603668,天马科技,0.007728705
11100,2025-01-24,603995,甬金股份,0.0077244453
11101,2025-01-24,301106,骏成科技,0.0077183098
11102,2025-01-24,688525,佰维存储,0.0077137537
11103,2025-01-24,300925,法本信息,0.0077100694
11104,2025-01-24,688249,晶合集成,0.0077019706
11105,2025-01-22,300136,信维通信,0.0076975096
11106,2025-01-22,2463,沪电股份,0.0076847766
11107,2025-01-23,301333,诺思格,0.0076817703
11108,2025-01-23,300627,华测导航,0.007677922
11109,2025-01-24,688343,云天励飞-U,0.007669024
11110,2025-01-24,300962,中金辐照,0.007668305
11111,2025-01-23,688368,晶丰明源,0.007668091
11112,2025-01-22,688207,格灵深瞳,0.0076631512
11113,2025-01-23,603657,春光科技,0.0076606087
11114,2025-01-22,2340,格林美,0.007659517
11115,2025-01-24,89,深圳机场,0.007656306
11116,2025-01-24,301191,菲菱科思,0.0076486953
11117,2025-01-22,600703,三安光电,0.0076471157
11118,2025-01-22,300983,尤安设计,0.0076389126
11119,2025-01-22,300036,超图软件,0.007634215
11120,2025-01-22,603341,龙旗科技,0.0076319687
11121,2025-01-22,688032,禾迈股份,0.0076314863
11122,2025-01-23,2083,孚日股份,0.0076203328
11123,2025-01-24,301185,鸥玛软件,0.00761465
11124,2025-01-24,300767,震安科技,0.0076058228
11125,2025-01-22,688318,财富趋势,0.0075992607
11126,2025-01-23,600867,通化东宝,0.0075971186
11127,2025-01-23,300620,光库科技,0.007593047
11128,2025-01-24,300279,和晶科技,0.007576721
11129,2025-01-24,688671,碧兴物联,0.007573178
11130,2025-01-24,688419,耐科装备,0.0075670704
11131,2025-01-22,300299,富春股份,0.0075642094
11132,2025-01-23,701,厦门信达,0.0075639877
11133,2025-01-23,300888,稳健医疗,0.0075500067
11134,2025-01-23,603151,邦基科技,0.007543901
11135,2025-01-23,600757,长江传媒,0.0075405426
11136,2025-01-23,603587,地素时尚,0.0075298063
11137,2025-01-24,603258,电魂网络,0.0075248145
11138,2025-01-23,688178,万德斯,0.007516656
11139,2025-01-22,60,中金岭南,0.007516429
11140,2025-01-24,301231,荣信文化,0.0075149164
11141,2025-01-22,600476,湘邮科技,0.007512493
11142,2025-01-22,688218,江苏北人,0.0075116158
11143,2025-01-24,688182,灿勤科技,0.007491246
11144,2025-01-22,2601,龙佰集团,0.007488886
11145,2025-01-22,2500,山西证券,0.0074750744
11146,2025-01-22,2373,千方科技,0.007471945
11147,2025-01-22,603867,新化股份,0.0074596554
11148,2025-01-22,600293,三峡新材,0.0074563026
11149,2025-01-23,544,中原环保,0.0074561406
11150,2025-01-23,2877,智能自控,0.0074540228
11151,2025-01-23,603078,江化微,0.007453475
11152,2025-01-22,603189,网达软件,0.007450346
11153,2025-01-22,300360,炬华科技,0.007449195
11154,2025-01-23,601061,中信金属,0.007446196
11155,2025-01-22,601995,中金公司,0.0074403733
11156,2025-01-27,600977,中国电影,0.0074328016
11157,2025-01-24,688386,泛亚微透,0.007414013
11158,2025-01-24,2892,科力尔,0.007399151
11159,2025-01-24,603638,艾迪精密,0.0073959995
11160,2025-01-22,600906,财达证券,0.0073949005
11161,2025-01-22,603690,至纯科技,0.0073891673
11162,2025-01-24,3009,中天火箭,0.007383216
11163,2025-01-23,300584,海辰药业,0.0073636845
11164,2025-01-24,2112,三变科技,0.007351434
11165,2025-01-22,2127,南极电商,0.0073498674
11166,2025-01-23,688195,腾景科技,0.007344801
11167,2025-01-23,688232,新点软件,0.00732423
11168,2025-01-22,603489,八方股份,0.007322695
11169,2025-01-24,2897,意华股份,0.0073181875
11170,2025-01-24,301212,联盛化学,0.0072993264
11171,2025-01-24,2365,永安药业,0.0072924476
11172,2025-01-24,600295,鄂尔多斯,0.0072913487
11173,2025-01-24,300576,容大感光,0.007291276
11174,2025-01-22,603217,元利科技,0.0072908457
11175,2025-01-24,301225,恒勃股份,0.0072844997
11176,2025-01-24,560,我爱我家,0.0072718933
11177,2025-01-22,300655,晶瑞电材,0.007247582
11178,2025-01-23,688484,南芯科技,0.007240897
11179,2025-01-24,601238,广汽集团,0.0072328635
11180,2025-01-24,603085,天成自控,0.0072281696
11181,2025-01-23,603303,得邦照明,0.007227257
11182,2025-01-22,2522,浙江众成,0.0072266944
11183,2025-01-23,600444,国机通用,0.0072174
11184,2025-01-22,601696,中银证券,0.007193815
11185,2025-01-22,688106,金宏气体,0.007192448
11186,2025-01-22,300019,硅宝科技,0.0071850624
11187,2025-01-22,601108,财通证券,0.007176811
11188,2025-01-23,2252,上海莱士,0.007166816
11189,2025-01-22,300371,汇中股份,0.007163601
11190,2025-01-22,605090,九丰能源,0.007159859
11191,2025-01-23,300641,正丹股份,0.0071580876
11192,2025-01-23,688122,西部超导,0.007144492
11193,2025-01-24,2062,宏润建设,0.0071271583
11194,2025-01-24,2922,伊戈尔,0.0071260463
11195,2025-01-24,2681,奋达科技,0.007124897
11196,2025-01-23,2338,奥普光电,0.007094994
11197,2025-01-24,2727,一心堂,0.0070898533
11198,2025-01-24,603501,韦尔股份,0.007084513
11199,2025-01-23,688386,泛亚微透,0.0070830192
11200,2025-01-24,688582,芯动联科,0.0070694573
11201,2025-01-24,990,诚志股份,0.007067276
11202,2025-01-22,601099,太平洋,0.0070520006
11203,2025-01-24,600323,瀚蓝环境,0.0070515703
11204,2025-01-24,603861,白云电器,0.007035196
11205,2025-01-22,601061,中信金属,0.0070301965
11206,2025-01-22,601216,君正集团,0.007016709
11207,2025-01-22,100,TCL科技,0.0070118643
11208,2025-01-22,300400,劲拓股份,0.0070013963
11209,2025-01-22,300743,天地数码,0.006985668
11210,2025-01-22,2878,元隆雅图,0.006984245
11211,2025-01-24,2953,日丰股份,0.0069748797
11212,2025-01-22,601566,九牧王,0.006971622
11213,2025-01-22,2535,林州重机,0.006969545
11214,2025-01-23,2422,科伦药业,0.0069691017
11215,2025-01-23,990,诚志股份,0.006961867
11216,2025-01-22,2830,名雕股份,0.0069609713
11217,2025-01-24,603100,川仪股份,0.0069423504
11218,2025-01-22,301125,腾亚精工,0.0069371425
11219,2025-01-23,2773,康弘药业,0.0069353804
11220,2025-01-24,600515,海南机场,0.006933417
11221,2025-01-23,600984,建设机械,0.0069269165
11222,2025-01-22,603201,常润股份,0.006926909
11223,2025-01-24,1226,拓山重工,0.0069248956
11224,2025-01-22,603758,秦安股份,0.0069213547
11225,2025-01-24,600293,三峡新材,0.0069056265
11226,2025-01-24,601665,齐鲁银行,0.006900117
11227,2025-01-22,301139,元道通信,0.006897103
11228,2025-01-22,688448,磁谷科技,0.006885115
11229,2025-01-24,605177,东亚药业,0.0068758987
11230,2025-01-22,2295,精艺股份,0.0068736486
11231,2025-01-23,600872,中炬高新,0.006865736
11232,2025-01-24,600,建投能源,0.0068611875
11233,2025-01-22,601162,天风证券,0.0068597477
11234,2025-01-24,300956,英力股份,0.006847214
11235,2025-01-22,2107,沃华医药,0.0068414994
11236,2025-01-23,2703,浙江世宝,0.0068404563
11237,2025-01-23,605289,罗曼股份,0.006839454
11238,2025-01-23,300815,玉禾田,0.00683889
11239,2025-01-24,605050,福然德,0.006825961
11240,2025-01-22,300659,中孚信息,0.0068182517
11241,2025-01-22,300284,苏交科,0.0068178773
11242,2025-01-23,600022,山东钢铁,0.006812377
11243,2025-01-23,603680,今创集团,0.0068021826
11244,2025-01-23,2746,仙坛股份,0.00678844
11245,2025-01-22,600572,康恩贝,0.0067850035
11246,2025-01-22,300833,浩洋股份,0.0067837015
11247,2025-01-23,300660,江苏雷利,0.0067836624
11248,2025-01-24,301456,盘古智能,0.006771505
11249,2025-01-23,600838,上海九百,0.006759733
11250,2025-01-22,300083,创世纪,0.0067438856
11251,2025-01-24,2915,中欣氟材,0.0067358986
11252,2025-01-24,301057,汇隆新材,0.0067353845
11253,2025-01-22,301020,密封科技,0.0067300983
11254,2025-01-23,600158,中体产业,0.006729979
11255,2025-01-23,2860,星帅尔,0.006724175
11256,2025-01-23,603200,上海洗霸,0.0067234077
11257,2025-01-22,600982,宁波能源,0.0067110024
11258,2025-01-24,603325,博隆技术,0.0067085624
11259,2025-01-24,600612,老凤祥,0.0067045316
11260,2025-01-24,600237,铜峰电子,0.0067039803
11261,2025-01-23,600031,三一重工,0.006701665
11262,2025-01-23,600316,洪都航空,0.0066997
11263,2025-01-22,688132,邦彦技术,0.0066980906
11264,2025-01-22,1309,德明利,0.0066970102
11265,2025-01-22,603131,上海沪工,0.0066925734
11266,2025-01-23,603289,泰瑞机器,0.00668801
11267,2025-01-22,688330,宏力达,0.0066863634
11268,2025-01-24,603088,宁波精达,0.0066798553
11269,2025-01-22,822,山东海化,0.0066783633
11270,2025-01-23,603519,立霸股份,0.0066778064
11271,2025-01-23,2883,中设股份,0.006670689
11272,2025-01-22,301261,恒工精密,0.006665036
11273,2025-01-24,600525,长园集团,0.006662462
11274,2025-01-23,2489,浙江永强,0.006662123
11275,2025-01-24,301261,恒工精密,0.006629318
11276,2025-01-24,300797,钢研纳克,0.0066291075
11277,2025-01-22,601022,宁波远洋,0.006628914
11278,2025-01-23,2892,科力尔,0.0066118594
11279,2025-01-24,688197,首药控股-U,0.006607514
11280,2025-01-23,301338,凯格精机,0.0065962933
11281,2025-01-23,2820,桂发祥,0.0065946598
11282,2025-01-23,601619,嘉泽新能,0.00658039
11283,2025-01-24,600171,上海贝岭,0.0065795574
11284,2025-01-22,2011,盾安环境,0.0065789074
11285,2025-01-24,600057,厦门象屿,0.0065782666
11286,2025-01-23,603967,中创物流,0.006572934
11287,2025-01-22,301239,普瑞眼科,0.006571509
11288,2025-01-22,603169,兰石重装,0.0065589603
11289,2025-01-24,300748,金力永磁,0.0065576695
11290,2025-01-24,600927,永安期货,0.0065549016
11291,2025-01-24,600730,中国高科,0.006536007
11292,2025-01-24,301132,满坤科技,0.006519582
11293,2025-01-23,600528,中铁工业,0.0065155923
11294,2025-01-24,157,中联重科,0.006514892
11295,2025-01-22,605005,合兴股份,0.0065119825
11296,2025-01-22,301007,德迈仕,0.006493818
11297,2025-01-24,603949,雪龙集团,0.0064899474
11298,2025-01-23,601686,友发集团,0.0064872466
11299,2025-01-22,2864,盘龙药业,0.0064857192
11300,2025-01-23,688393,安必平,0.00648465
11301,2025-01-22,600876,凯盛新能,0.00648148
11302,2025-01-24,601179,中国西电,0.006468434
11303,2025-01-23,300976,达瑞电子,0.0064666085
11304,2025-01-22,2925,盈趣科技,0.0064635985
11305,2025-01-22,601231,环旭电子,0.0064527094
11306,2025-01-23,601949,中国出版,0.00644907
11307,2025-01-23,601179,中国西电,0.0064403266
11308,2025-01-22,603326,我乐家居,0.0064372644
11309,2025-01-23,301132,满坤科技,0.006436754
11310,2025-01-22,300369,绿盟科技,0.0064365603
11311,2025-01-23,685,中山公用,0.0064351596
11312,2025-01-23,2344,海宁皮城,0.0064266473
11313,2025-01-22,600035,楚天高速,0.00640459
11314,2025-01-23,603311,金海高科,0.00640459
11315,2025-01-22,601003,柳钢股份,0.0063938573
11316,2025-01-22,688011,新光光电,0.00639363
11317,2025-01-23,603817,海峡环保,0.006385565
11318,2025-01-23,300448,浩云科技,0.0063717254
11319,2025-01-22,2607,中公教育,0.0063669197
11320,2025-01-22,688566,吉贝尔,0.0063635
11321,2025-01-22,601619,嘉泽新能,0.0063569956
11322,2025-01-24,600383,金地集团,0.0063542314
11323,2025-01-24,600961,株冶集团,0.006346006
11324,2025-01-24,603948,建业股份,0.0063395463
11325,2025-01-22,2233,塔牌集团,0.0063254833
11326,2025-01-24,300021,大禹节水,0.006309565
11327,2025-01-22,2465,海格通信,0.0063059106
11328,2025-01-24,688689,银河微电,0.0062960386
11329,2025-01-23,300666,江丰电子,0.006286014
11330,2025-01-23,603069,海汽集团,0.0062781684
11331,2025-01-23,2012,凯恩股份,0.0062585548
11332,2025-01-22,603112,华翔股份,0.0062583573
11333,2025-01-23,603339,四方科技,0.006246317
11334,2025-01-22,601236,红塔证券,0.0061998926
11335,2025-01-23,603598,引力传媒,0.006168563
11336,2025-01-24,2368,太极股份,0.006167084
11337,2025-01-22,2337,赛象科技,0.006166801
11338,2025-01-23,757,浩物股份,0.006153565
11339,2025-01-24,603150,万朗磁塑,0.006148506
11340,2025-01-22,2869,金溢科技,0.006145317
11341,2025-01-23,600329,达仁堂,0.006142851
11342,2025-01-22,830,鲁西化工,0.006137874
11343,2025-01-22,601918,新集能源,0.0061348416
11344,2025-01-23,600241,时代万恒,0.0061175935
11345,2025-01-23,603199,九华旅游,0.0061097145
11346,2025-01-23,688372,伟测科技,0.0061056428
11347,2025-01-22,301065,本立科技,0.0061004274
11348,2025-01-24,600857,宁波中百,0.006099332
11349,2025-01-24,2949,华阳国际,0.0060949214
11350,2025-01-23,300525,博思软件,0.006086681
11351,2025-01-22,300254,仟源医药,0.0060773753
11352,2025-01-24,688503,聚和材料,0.0060762577
11353,2025-01-23,997,新 大 陆,0.006068956
11354,2025-01-23,688367,工大高科,0.006068792
11355,2025-01-24,600455,博通股份,0.006053474
11356,2025-01-23,600392,盛和资源,0.0060533322
11357,2025-01-24,605376,博迁新材,0.006047625
11358,2025-01-22,603331,百达精工,0.0060435683
11359,2025-01-24,2461,珠江啤酒,0.0060394816
11360,2025-01-24,301377,鼎泰高科,0.0060377903
11361,2025-01-24,2350,北京科锐,0.0060149953
11362,2025-01-22,300320,海达股份,0.006013196
11363,2025-01-24,301203,国泰环保,0.0060109906
11364,2025-01-23,600379,宝光股份,0.006003812
11365,2025-01-22,301596,瑞迪智驱,0.005985111
11366,2025-01-22,2438,江苏神通,0.0059772506
11367,2025-01-22,600106,重庆路桥,0.0059569776
11368,2025-01-22,300357,我武生物,0.0059505217
11369,2025-01-24,603043,广州酒家,0.0059464835
11370,2025-01-22,2226,江南化工,0.0059332997
11371,2025-01-22,300249,依米康,0.005916275
11372,2025-01-23,2697,红旗连锁,0.0059123524
11373,2025-01-22,603519,立霸股份,0.005910825
11374,2025-01-24,688217,睿昂基因,0.005910199
11375,2025-01-23,603043,广州酒家,0.0059035085
11376,2025-01-24,2319,乐通股份,0.005900178
11377,2025-01-23,301235,华康医疗,0.0059000254
11378,2025-01-24,600543,莫高股份,0.0058948286
11379,2025-01-23,688033,天宜上佳,0.0058855973
11380,2025-01-24,1328,登康口腔,0.0058687516
11381,2025-01-22,576,甘化科工,0.005847398
11382,2025-01-24,2252,上海莱士,0.0058401115
11383,2025-01-22,603071,物产环能,0.0058399253
11384,2025-01-22,688525,佰维存储,0.0058161877
11385,2025-01-24,2729,好利科技,0.005814865
11386,2025-01-22,603687,大胜达,0.005814746
11387,2025-01-23,300626,华瑞股份,0.005806323
11388,2025-01-23,600191,华资实业,0.0057897232
11389,2025-01-23,601677,明泰铝业,0.005784452
11390,2025-01-24,679,大连友谊,0.0057760477
11391,2025-01-22,603199,九华旅游,0.0057752132
11392,2025-01-22,2097,山河智能,0.0057697073
11393,2025-01-22,1336,楚环科技,0.0057688244
11394,2025-01-23,603660,苏州科达,0.0057649426
11395,2025-01-23,877,天山股份,0.005754687
11396,2025-01-24,301077,星华新材,0.005753182
11397,2025-01-22,1316,润贝航科,0.005751554
11398,2025-01-23,2955,鸿合科技,0.0057410486
11399,2025-01-23,2287,奇正藏药,0.005726222
11400,2025-01-23,300749,顶固集创,0.005715277
11401,2025-01-23,600261,阳光照明,0.005695924
11402,2025-01-22,688355,明志科技,0.005693514
11403,2025-01-24,300409,道氏技术,0.0056807287
11404,2025-01-23,2584,西陇科学,0.0056652986
11405,2025-01-23,688180,君实生物-U,0.005661797
11406,2025-01-23,1309,德明利,0.0056611896
11407,2025-01-24,600641,万业企业,0.0056389607
11408,2025-01-22,300858,科拓生物,0.005638588
11409,2025-01-22,603726,朗迪集团,0.0056361593
11410,2025-01-23,688265,南模生物,0.005633455
11411,2025-01-23,603193,润本股份,0.005630318
11412,2025-01-22,2752,昇兴股份,0.0056264773
11413,2025-01-24,300520,科大国创,0.005625371
11414,2025-01-22,600053,九鼎投资,0.005623918
11415,2025-01-22,688585,上纬新材,0.0056128353
11416,2025-01-24,2318,久立特材,0.0056088455
11417,2025-01-22,300193,佳士科技,0.005608365
11418,2025-01-22,301176,逸豪新材,0.0056039356
11419,2025-01-23,65,北方国际,0.005601611
11420,2025-01-22,2536,飞龙股份,0.005599916
11421,2025-01-22,603883,老百姓,0.0055990964
11422,2025-01-23,300800,力合科技,0.0055949166
11423,2025-01-22,2879,长缆科技,0.0055932067
11424,2025-01-23,603213,镇洋发展,0.0055850334
11425,2025-01-23,600854,春兰股份,0.0055769347
11426,2025-01-23,600235,民丰特纸,0.0055697374
11427,2025-01-23,902,新洋丰,0.005563218
11428,2025-01-23,605577,龙版传媒,0.0055495054
11429,2025-01-22,603948,建业股份,0.005542934
11430,2025-01-24,300931,通用电梯,0.005538013
11431,2025-01-22,600237,铜峰电子,0.0055234134
11432,2025-01-23,2605,姚记科技,0.0055172704
11433,2025-01-24,2873,新天药业,0.0055170916
11434,2025-01-23,603027,千禾味业,0.005507786
11435,2025-01-23,300430,诚益通,0.0055012368
11436,2025-01-23,301469,恒达新材,0.0055011623
11437,2025-01-22,603127,昭衍新药,0.0054984465
11438,2025-01-22,688367,工大高科,0.005483955
11439,2025-01-23,600758,辽宁能源,0.0054644197
11440,2025-01-23,600782,新钢股份,0.00545609
11441,2025-01-23,2669,康达新材,0.0054503754
11442,2025-01-22,603067,振华股份,0.005439833
11443,2025-01-22,603186,华正新材,0.0054386146
11444,2025-01-23,601007,金陵饭店,0.0054221787
11445,2025-01-24,301239,普瑞眼科,0.005421512
11446,2025-01-23,688020,方邦股份,0.00542124
11447,2025-01-24,688690,纳微科技,0.005419284
11448,2025-01-23,300939,秋田微,0.0054157563
11449,2025-01-24,600396,华电辽能,0.0054138713
11450,2025-01-24,1326,联域股份,0.0054024756
11451,2025-01-24,688092,爱科科技,0.005384717
11452,2025-01-23,600933,爱柯迪,0.005384069
11453,2025-01-23,597,东北制药,0.005382348
11454,2025-01-22,601038,一拖股份,0.00537898
11455,2025-01-22,600958,东方证券,0.005378913
11456,2025-01-24,600449,宁夏建材,0.0053784177
11457,2025-01-24,2098,浔兴股份,0.005374655
11458,2025-01-22,300258,精锻科技,0.0053663887
11459,2025-01-24,2810,山东赫达,0.00536434
11460,2025-01-22,603936,博敏电子,0.0053594224
11461,2025-01-23,1282,三联锻造,0.005358305
11462,2025-01-22,300860,锋尚文化,0.0053419657
11463,2025-01-24,63,中兴通讯,0.0053355694
11464,2025-01-23,688002,睿创微纳,0.00533532
11465,2025-01-22,601577,长沙银行,0.005332388
11466,2025-01-23,2299,圣农发展,0.0053294636
11467,2025-01-23,688118,普元信息,0.005328644
11468,2025-01-23,688116,天奈科技,0.0053237714
11469,2025-01-24,300522,世名科技,0.00531967
11470,2025-01-23,603848,好太太,0.00529854
11471,2025-01-22,688689,银河微电,0.00527462
11472,2025-01-22,603125,常青科技,0.005252689
11473,2025-01-22,2651,利君股份,0.0052393563
11474,2025-01-22,600668,尖峰集团,0.0052339695
11475,2025-01-24,300319,麦捷科技,0.0052159466
11476,2025-01-22,688122,西部超导,0.00521354
11477,2025-01-24,1300,三柏硕,0.005205307
11478,2025-01-23,300328,宜安科技,0.005185686
11479,2025-01-22,600056,中国医药,0.00518493
11480,2025-01-24,2961,瑞达期货,0.0051793754
11481,2025-01-22,300407,凯发电气,0.005177237
11482,2025-01-24,688448,磁谷科技,0.0051598623
11483,2025-01-24,603310,巍华新材,0.00515138
11484,2025-01-22,2303,美盈森,0.005147457
11485,2025-01-23,600633,浙数文化,0.0051396564
11486,2025-01-24,2749,国光股份,0.0051300004
11487,2025-01-24,513,丽珠集团,0.005127877
11488,2025-01-23,688677,海泰新光,0.005124245
11489,2025-01-23,300727,润禾材料,0.005115062
11490,2025-01-24,300373,扬杰科技,0.0050923377
11491,2025-01-23,612,焦作万方,0.0050618798
11492,2025-01-24,300432,富临精工,0.0050563626
11493,2025-01-23,301138,华研精机,0.005044494
11494,2025-01-22,688556,高测股份,0.00503977
11495,2025-01-22,407,胜利股份,0.005039457
11496,2025-01-22,300770,新媒股份,0.0050232746
11497,2025-01-22,301036,双乐股份,0.0050053634
11498,2025-01-22,301122,采纳股份,0.004979674
11499,2025-01-23,600650,锦江在线,0.004970018
11500,2025-01-23,688671,碧兴物联,0.0049582534
11501,2025-01-22,2705,新宝股份,0.004951477
11502,2025-01-23,300969,恒帅股份,0.00494257
11503,2025-01-24,301138,华研精机,0.004935514
11504,2025-01-24,603333,尚纬股份,0.004929412
11505,2025-01-24,603588,高能环境,0.004926767
11506,2025-01-22,603367,辰欣药业,0.0049263276
11507,2025-01-22,300739,明阳电路,0.0049225464
11508,2025-01-23,2067,景兴纸业,0.004919529
11509,2025-01-22,603456,九洲药业,0.004917603
11510,2025-01-23,300860,锋尚文化,0.004916627
11511,2025-01-24,1299,美能能源,0.004909519
11512,2025-01-24,823,超声电子,0.004906077
11513,2025-01-24,819,岳阳兴长,0.0049023516
11514,2025-01-22,301088,戎美股份,0.004898116
11515,2025-01-22,1368,通达创智,0.004887704
11516,2025-01-22,300519,新光药业,0.004885897
11517,2025-01-24,603155,新亚强,0.004870843
11518,2025-01-22,300201,海伦哲,0.0048635937
11519,2025-01-23,603131,上海沪工,0.0048593767
11520,2025-01-22,600854,春兰股份,0.0048539527
11521,2025-01-24,600054,黄山旅游,0.004852388
11522,2025-01-22,301551,无线传媒,0.004835218
11523,2025-01-24,2378,章源钨业,0.004831869
11524,2025-01-22,2079,苏州固锝,0.004825443
11525,2025-01-22,2870,香山股份,0.004816748
11526,2025-01-24,605189,富春染织,0.004810352
11527,2025-01-23,603919,金徽酒,0.004794657
11528,2025-01-23,600961,株冶集团,0.004789438
11529,2025-01-24,2701,奥瑞金,0.00478616
11530,2025-01-24,301379,天山电子,0.0047804825
11531,2025-01-24,2541,鸿路钢构,0.004778672
11532,2025-01-24,603188,亚邦股份,0.004774064
11533,2025-01-24,600033,福建高速,0.0047557317
11534,2025-01-24,301428,世纪恒通,0.004752282
11535,2025-01-22,417,合百集团,0.0047201924
11536,2025-01-24,2163,海南发展,0.0047163554
11537,2025-01-23,603013,亚普股份,0.004716009
11538,2025-01-22,2871,伟隆股份,0.004663881
11539,2025-01-22,600490,鹏欣资源,0.0046476834
11540,2025-01-22,600171,上海贝岭,0.0046191253
11541,2025-01-23,2429,兆驰股份,0.0046107285
11542,2025-01-23,688171,纬德信息,0.0046057515
11543,2025-01-24,603131,上海沪工,0.0046050437
11544,2025-01-23,2001,新 和 成,0.00460387
11545,2025-01-22,600577,精达股份,0.0045872033
11546,2025-01-22,1213,中铁特货,0.0045779757
11547,2025-01-22,603707,健友股份,0.004571758
11548,2025-01-24,2606,大连电瓷,0.004570525
11549,2025-01-22,601137,博威合金,0.0045651756
11550,2025-01-23,301073,君亭酒店,0.00455809
11551,2025-01-22,605166,聚合顺,0.00455153
11552,2025-01-23,688273,麦澜德,0.0045461617
11553,2025-01-23,2845,同兴达,0.00454456
11554,2025-01-24,301018,申菱环境,0.004541371
11555,2025-01-22,2609,捷顺科技,0.0045377724
11556,2025-01-23,1222,源飞宠物,0.0045367405
11557,2025-01-22,301092,争光股份,0.004530061
11558,2025-01-24,603005,晶方科技,0.0045265295
11559,2025-01-22,300969,恒帅股份,0.0045206062
11560,2025-01-23,301057,汇隆新材,0.004519131
11561,2025-01-22,2085,万丰奥威,0.0045143515
11562,2025-01-22,603150,万朗磁塑,0.0045093
11563,2025-01-22,920,沃顿科技,0.004506938
11564,2025-01-24,300446,航天智造,0.0045022927
11565,2025-01-22,688232,新点软件,0.004497424
11566,2025-01-23,600389,江山股份,0.004473243
11567,2025-01-23,600037,歌华有线,0.0044695027
11568,2025-01-24,688095,福昕软件,0.0044672526
11569,2025-01-22,603998,方盛制药,0.0044565387
11570,2025-01-22,2304,洋河股份,0.004445482
11571,2025-01-24,603633,徕木股份,0.0044311173
11572,2025-01-22,2527,新时达,0.0044240616
11573,2025-01-22,301262,海看股份,0.0044088215
11574,2025-01-22,301316,慧博云通,0.004403632
11575,2025-01-23,300679,电连技术,0.004400708
11576,2025-01-22,300842,帝科股份,0.004398968
11577,2025-01-23,3023,彩虹集团,0.0043967143
11578,2025-01-22,600999,招商证券,0.004393395
11579,2025-01-23,688141,杰华特,0.0043870546
11580,2025-01-23,605199,葫芦娃,0.004363317
11581,2025-01-22,917,电广传媒,0.0043615997
11582,2025-01-24,2671,龙泉股份,0.0043537878
11583,2025-01-24,603599,广信股份,0.004350152
11584,2025-01-23,603215,比依股份,0.004345443
11585,2025-01-22,301396,宏景科技,0.0043451153
11586,2025-01-22,688478,晶升股份,0.0043408163
11587,2025-01-24,301398,星源卓镁,0.0043330155
11588,2025-01-22,300597,吉大通信,0.004327204
11589,2025-01-24,603341,龙旗科技,0.0043262914
11590,2025-01-23,301083,百胜智能,0.004314285
11591,2025-01-22,2594,比亚迪,0.0043038577
11592,2025-01-24,301608,博实结,0.004302893
11593,2025-01-23,688382,益方生物-U,0.0042968057
11594,2025-01-23,603344,星德胜,0.0042966045
11595,2025-01-23,300596,利安隆,0.00426827
11596,2025-01-22,300797,钢研纳克,0.004256461
11597,2025-01-23,600710,苏美达,0.004255675
11598,2025-01-23,2930,宏川智慧,0.004247077
11599,2025-01-23,2319,乐通股份,0.0042465962
11600,2025-01-24,300225,金力泰,0.0042454563
11601,2025-01-24,603200,上海洗霸,0.0042435266
11602,2025-01-22,930,中粮科技,0.0042415485
11603,2025-01-23,605155,西大门,0.004238382
11604,2025-01-23,601598,中国外运,0.0042367876
11605,2025-01-22,607,华媒控股,0.0042360686
11606,2025-01-22,300975,商络电子,0.004228458
11607,2025-01-22,301163,宏德股份,0.004228115
11608,2025-01-24,3036,泰坦股份,0.0041963235
11609,2025-01-24,2883,中设股份,0.00419455
11610,2025-01-22,650,仁和药业,0.004191924
11611,2025-01-22,688586,江航装备,0.0041883066
11612,2025-01-22,601007,金陵饭店,0.0041666664
11613,2025-01-22,2231,奥维通信,0.0041458756
11614,2025-01-22,300813,泰林生物,0.0041397214
11615,2025-01-22,688329,艾隆科技,0.004136808
11616,2025-01-23,603062,麦加芯彩,0.004103057
11617,2025-01-22,300129,泰胜风能,0.004101496
11618,2025-01-22,688116,天奈科技,0.0040711425
11619,2025-01-24,300564,筑博设计,0.0040588565
11620,2025-01-22,603886,元祖股份,0.004056055
11621,2025-01-22,300184,力源信息,0.0040515997
11622,2025-01-23,300991,创益通,0.004019305
11623,2025-01-22,300113,顺网科技,0.004018873
11624,2025-01-23,600826,兰生股份,0.004016418
11625,2025-01-24,300381,溢多利,0.004015457
11626,2025-01-22,603214,爱婴室,0.0040073954
11627,2025-01-23,601933,永辉超市,0.0040013306
11628,2025-01-24,301325,曼恩斯特,0.0039939135
11629,2025-01-22,2412,汉森制药,0.003976308
11630,2025-01-22,300695,兆丰股份,0.0039730966
11631,2025-01-22,688005,容百科技,0.003972169
11632,2025-01-23,1317,三羊马,0.003963139
11633,2025-01-22,300115,长盈精密,0.003954731
11634,2025-01-24,2255,海陆重工,0.00394617
11635,2025-01-22,603312,西典新能,0.003929328
11636,2025-01-23,300035,中科电气,0.003924545
11637,2025-01-23,300549,优德精密,0.003924545
11638,2025-01-22,300960,通业科技,0.0039093755
11639,2025-01-24,300880,迦南智能,0.0039077364
11640,2025-01-24,600257,大湖股份,0.0039063133
11641,2025-01-23,2237,恒邦股份,0.0039026737
11642,2025-01-22,1228,永泰运,0.0038921349
11643,2025-01-24,300144,宋城演艺,0.003879603
11644,2025-01-24,2942,新农股份,0.0038639493
11645,2025-01-24,301317,鑫磊股份,0.0038609877
11646,2025-01-22,600997,开滦股份,0.0038520657
11647,2025-01-24,603666,亿嘉和,0.0038513616
11648,2025-01-23,600395,盘江股份,0.0038488172
11649,2025-01-24,300939,秋田微,0.0038418584
11650,2025-01-23,300226,上海钢联,0.0038264878
11651,2025-01-22,300559,佳发教育,0.0038206428
11652,2025-01-24,301548,崇德科技,0.0038189106
11653,2025-01-23,2624,完美世界,0.003813479
11654,2025-01-24,301388,欣灵电气,0.0038109384
11655,2025-01-23,833,粤桂股份,0.0038026683
11656,2025-01-23,600821,金开新能,0.0038024783
11657,2025-01-22,2039,黔源电力,0.003797911
11658,2025-01-23,688079,美迪凯,0.0037851818
11659,2025-01-22,45,深纺织Ａ,0.0037816018
11660,2025-01-22,603195,公牛集团,0.0037773028
11661,2025-01-22,875,吉电股份,0.00377642
11662,2025-01-22,601901,方正证券,0.0037686788
11663,2025-01-22,657,中钨高新,0.0037654154
11664,2025-01-22,2823,凯中精密,0.0037588775
11665,2025-01-23,156,华数传媒,0.0037552975
11666,2025-01-24,603299,苏盐井神,0.0037502125
11667,2025-01-23,603187,海容冷链,0.0037426688
11668,2025-01-23,688510,航亚科技,0.0037412718
11669,2025-01-22,2515,金字火腿,0.0037251972
11670,2025-01-22,2724,海洋王,0.0037203394
11671,2025-01-22,2858,力盛体育,0.003706146
11672,2025-01-22,688416,恒烁股份,0.0037029125
11673,2025-01-23,554,泰山石油,0.0037010945
11674,2025-01-22,2430,杭氧股份,0.00369725
11675,2025-01-23,301035,润丰股份,0.0036948882
11676,2025-01-24,2845,同兴达,0.0036923662
11677,2025-01-24,300832,新产业,0.0036842637
11678,2025-01-24,688050,爱博医疗,0.0036831833
11679,2025-01-22,722,湖南发展,0.0036829151
11680,2025-01-23,301020,密封科技,0.0036816858
11681,2025-01-23,688789,宏华数科,0.003675513
11682,2025-01-22,779,甘咨询,0.0036748238
11683,2025-01-22,301333,诺思格,0.0036723688
11684,2025-01-22,2777,久远银海,0.003668256
11685,2025-01-24,2815,崇达技术,0.0036523156
11686,2025-01-24,600138,中青旅,0.0036237426
11687,2025-01-23,2377,国创高新,0.0036163256
11688,2025-01-23,300568,星源材质,0.0036150627
11689,2025-01-24,600113,浙江东日,0.0036141798
11690,2025-01-22,603356,华菱精工,0.003594529
11691,2025-01-22,603650,彤程新材,0.0035891198
11692,2025-01-24,1336,楚环科技,0.0035784207
11693,2025-01-23,2198,嘉应制药,0.003569357
11694,2025-01-22,725,京东方Ａ,0.003566254
11695,2025-01-24,600031,三一重工,0.003561113
11696,2025-01-22,605289,罗曼股份,0.0035591312
11697,2025-01-22,300054,鼎龙股份,0.0035372265
11698,2025-01-22,301158,德石股份,0.0035361238
11699,2025-01-23,300225,金力泰,0.0035302527
11700,2025-01-22,300707,威唐工业,0.003523644
11701,2025-01-24,603199,九华旅游,0.0035233274
11702,2025-01-22,603153,上海建科,0.0035132058
11703,2025-01-22,2838,道恩股份,0.0035101175
11704,2025-01-23,2204,大连重工,0.0035052188
11705,2025-01-23,600456,宝钛股份,0.0034798943
11706,2025-01-24,301335,天元宠物,0.0034776777
11707,2025-01-24,301276,嘉曼服饰,0.003474027
11708,2025-01-23,2247,聚力文化,0.0034726001
11709,2025-01-23,919,金陵药业,0.003460016
11710,2025-01-24,301282,金禄电子,0.0034599714
11711,2025-01-22,600581,八一钢铁,0.0034476481
11712,2025-01-23,300436,广生堂,0.0034440346
11713,2025-01-23,600397,安源煤业,0.0034419112
11714,2025-01-23,300012,华测检测,0.0034392774
11715,2025-01-22,300120,经纬辉开,0.0034249164
11716,2025-01-22,603339,四方科技,0.0034126528
11717,2025-01-22,541,佛山照明,0.0033992752
11718,2025-01-22,2434,万里扬,0.0033814758
11719,2025-01-24,600501,航天晨光,0.0033805743
11720,2025-01-23,300931,通用电梯,0.0033782013
11721,2025-01-24,600478,科力远,0.0033622347
11722,2025-01-23,301428,世纪恒通,0.0033615492
11723,2025-01-23,301029,怡合达,0.003359817
11724,2025-01-24,301469,恒达新材,0.0033591352
11725,2025-01-22,2939,长城证券,0.0033528395
11726,2025-01-24,600729,重庆百货,0.003314145
11727,2025-01-23,603636,南威软件,0.0033101588
11728,2025-01-23,2957,科瑞技术,0.0033089407
11729,2025-01-22,600422,昆药集团,0.0032991879
11730,2025-01-22,300585,奥联电子,0.0032852069
11731,2025-01-23,603121,华培动力,0.0032836236
11732,2025-01-23,300371,汇中股份,0.003273677
11733,2025-01-24,603699,纽威股份,0.003261067
11734,2025-01-23,603075,热威股份,0.0032584853
11735,2025-01-24,688660,电气风电,0.0032367557
11736,2025-01-24,603081,大丰实业,0.003231164
11737,2025-01-22,603689,皖天然气,0.0032290854
11738,2025-01-23,600761,安徽合力,0.0032209083
11739,2025-01-22,600158,中体产业,0.0032180585
11740,2025-01-22,688233,神工股份,0.0032178275
11741,2025-01-23,600530,交大昂立,0.0031992197
11742,2025-01-22,678,襄阳轴承,0.0031982474
11743,2025-01-22,300741,华宝股份,0.003193643
11744,2025-01-24,688265,南模生物,0.003181044
11745,2025-01-24,301149,隆华新材,0.0031715855
11746,2025-01-22,688613,奥精医疗,0.0031706244
11747,2025-01-22,990,诚志股份,0.0031636544
11748,2025-01-22,301035,润丰股份,0.0031266995
11749,2025-01-22,2608,江苏国信,0.003122218
11750,2025-01-22,2474,榕基软件,0.0031152964
11751,2025-01-24,300813,泰林生物,0.003108535
11752,2025-01-24,600754,锦江酒店,0.0030998923
11753,2025-01-22,688382,益方生物-U,0.0030849166
11754,2025-01-23,300693,盛弘股份,0.0030820705
11755,2025-01-23,688323,瑞华泰,0.003075093
11756,2025-01-23,301027,华蓝集团,0.0030721799
11757,2025-01-22,603298,杭叉集团,0.0030689947
11758,2025-01-22,301108,洁雅股份,0.003066592
11759,2025-01-23,2675,东诚药业,0.003065098
11760,2025-01-23,600455,博通股份,0.0030612163
11761,2025-01-22,600057,厦门象屿,0.0030523539
11762,2025-01-24,2596,海南瑞泽,0.0030437447
11763,2025-01-23,2135,东南网架,0.0030422024
11764,2025-01-24,603660,苏州科达,0.0030401126
11765,2025-01-22,600598,北大荒,0.003030058
11766,2025-01-22,301075,多瑞医药,0.003026668
11767,2025-01-22,301300,远翔新材,0.0030098706
11768,2025-01-22,21,深科技,0.0029809624
11769,2025-01-23,301079,邵阳液压,0.0029510409
11770,2025-01-22,600710,苏美达,0.0029445216
11771,2025-01-24,2975,博杰股份,0.002941765
11772,2025-01-22,860,顺鑫农业,0.0029271618
11773,2025-01-22,2796,世嘉科技,0.002926696
11774,2025-01-23,600616,金枫酒业,0.0029155277
11775,2025-01-22,300075,数字政通,0.0029003955
11776,2025-01-22,301486,致尚科技,0.0028897151
11777,2025-01-22,300967,晓鸣股份,0.0028882623
11778,2025-01-22,300452,山河药辅,0.002886515
11779,2025-01-24,1256,炜冈科技,0.0028847642
11780,2025-01-23,2920,德赛西威,0.0028757937
11781,2025-01-22,688008,澜起科技,0.0028423816
11782,2025-01-22,603466,风语筑,0.0028408058
11783,2025-01-22,300296,利亚德,0.002837915
11784,2025-01-24,301332,德尔玛,0.0028288402
11785,2025-01-22,2237,恒邦股份,0.0028253682
11786,2025-01-24,688319,欧林生物,0.0028118566
11787,2025-01-22,300143,盈康生命,0.0028066784
11788,2025-01-23,636,风华高科,0.0027918406
11789,2025-01-22,2249,大洋电机,0.002789043
11790,2025-01-22,600835,上海机电,0.002788823
11791,2025-01-22,877,天山股份,0.0027708113
11792,2025-01-23,600420,国药现代,0.00277007
11793,2025-01-22,49,德赛电池,0.0027682744
11794,2025-01-24,603075,热威股份,0.0027532019
11795,2025-01-22,605339,南侨食品,0.002743706
11796,2025-01-22,837,秦川机床,0.002734661
11797,2025-01-23,301359,东南电子,0.0027201213
11798,2025-01-22,301428,世纪恒通,0.0027181841
11799,2025-01-22,300576,容大感光,0.0027129613
11800,2025-01-22,863,三湘印象,0.0027113296
11801,2025-01-24,1368,通达创智,0.0027100332
11802,2025-01-22,688312,燕麦科技,0.0027042665
11803,2025-01-23,600897,厦门空港,0.0027000122
11804,2025-01-22,2540,亚太科技,0.0026842766
11805,2025-01-24,603992,松霖科技,0.002684243
11806,2025-01-24,301376,致欧科技,0.002676919
11807,2025-01-24,2624,完美世界,0.0026699007
11808,2025-01-24,301163,宏德股份,0.002659697
11809,2025-01-23,603029,天鹅股份,0.002645988
11810,2025-01-22,301153,中科江南,0.0026428215
11811,2025-01-23,603663,三祥新材,0.0026155673
11812,2025-01-23,300940,南极光,0.0026136823
11813,2025-01-22,688039,当虹科技,0.0026128925
11814,2025-01-24,300039,上海凯宝,0.0026103407
11815,2025-01-22,603182,嘉华股份,0.0026071891
11816,2025-01-22,2835,同为股份,0.002594538
11817,2025-01-22,300222,科大智能,0.002591215
11818,2025-01-22,878,云南铜业,0.0025892109
11819,2025-01-23,300021,大禹节水,0.0025759004
11820,2025-01-24,600755,厦门国贸,0.0025741048
11821,2025-01-22,600780,通宝能源,0.0025622696
11822,2025-01-23,603333,尚纬股份,0.002559904
11823,2025-01-22,600783,鲁信创投,0.0025580786
11824,2025-01-22,1211,双枪科技,0.0025524385
11825,2025-01-24,603267,鸿远电子,0.0025506094
11826,2025-01-24,600560,金自天正,0.0025466867
11827,2025-01-24,601231,环旭电子,0.002544675
11828,2025-01-22,301363,美好医疗,0.0025234185
11829,2025-01-23,300242,佳云科技,0.002521526
11830,2025-01-23,688619,罗普特,0.0025202818
11831,2025-01-23,688513,苑东生物,0.002518896
11832,2025-01-22,755,山西高速,0.0025161467
11833,2025-01-23,603299,苏盐井神,0.0025093406
11834,2025-01-22,2938,鹏鼎控股,0.0025057048
11835,2025-01-22,27,深圳能源,0.002498921
11836,2025-01-22,600200,江苏吴中,0.0024880804
11837,2025-01-23,688448,磁谷科技,0.0024866313
11838,2025-01-24,936,华西股份,0.0024833195
11839,2025-01-22,2351,漫步者,0.0024732426
11840,2025-01-24,603809,豪能股份,0.0024513677
11841,2025-01-22,600897,厦门空港,0.0024422705
11842,2025-01-22,899,赣能股份,0.002425477
11843,2025-01-23,2327,富安娜,0.0024216399
11844,2025-01-23,688565,力源科技,0.0024094768
11845,2025-01-23,300279,和晶科技,0.002403967
11846,2025-01-22,600833,第一医药,0.002397284
11847,2025-01-22,301191,菲菱科思,0.0023753531
11848,2025-01-22,301365,矩阵股份,0.0023739971
11849,2025-01-22,2467,二六三,0.0023552813
11850,2025-01-22,300049,福瑞股份,0.0023524128
11851,2025-01-23,301388,欣灵电气,0.0023480058
11852,2025-01-24,300071,福石控股,0.0023376606
11853,2025-01-23,688325,赛微微电,0.0023356117
11854,2025-01-23,601177,杭齿前进,0.002319388
11855,2025-01-24,300823,建科智能,0.0023121461
11856,2025-01-22,600596,新安股份,0.002309095
11857,2025-01-22,2998,优彩资源,0.002306696
11858,2025-01-23,688592,司南导航,0.0022974275
11859,2025-01-23,301626,苏州天脉,0.002285514
11860,2025-01-22,301310,鑫宏业,0.00228196
11861,2025-01-22,600761,安徽合力,0.0022764616
11862,2025-01-22,603066,音飞储存,0.0022721365
11863,2025-01-24,688403,汇成股份,0.002267886
11864,2025-01-24,301287,康力源,0.0022531338
11865,2025-01-22,2903,宇环数控,0.0022520386
11866,2025-01-23,688416,恒烁股份,0.002242498
11867,2025-01-22,2254,泰和新材,0.0022371337
11868,2025-01-27,601963,重庆银行,0.002224829
11869,2025-01-22,603788,宁波高发,0.00222357
11870,2025-01-22,300541,先进数通,0.002218619
11871,2025-01-24,605277,新亚电子,0.0022026077
11872,2025-01-24,300784,利安科技,0.0022013225
11873,2025-01-22,600155,华创云信,0.0021927804
11874,2025-01-22,2443,金洲管道,0.0021921806
11875,2025-01-23,2949,华阳国际,0.0021899492
11876,2025-01-22,2057,中钢天源,0.0021737702
11877,2025-01-22,603709,中源家居,0.00216496
11878,2025-01-22,2395,双象股份,0.0021537803
11879,2025-01-24,301234,五洲医疗,0.0021351352
11880,2025-01-24,300800,力合科技,0.0021336116
11881,2025-01-24,2933,新兴装备,0.0021185651
11882,2025-01-23,600850,电科数字,0.002118133
11883,2025-01-24,688307,中润光学,0.002117563
11884,2025-01-24,2860,星帅尔,0.0021131225
11885,2025-01-23,603106,恒银科技,0.0021105073
11886,2025-01-22,301548,崇德科技,0.0021005385
11887,2025-01-24,2676,顺威股份,0.0020836033
11888,2025-01-23,688083,中望软件,0.0020792969
11889,2025-01-22,153,丰原药业,0.0020775646
11890,2025-01-23,603237,五芳斋,0.0020755716
11891,2025-01-22,600211,西藏药业,0.0020747036
11892,2025-01-22,603333,尚纬股份,0.0020675324
11893,2025-01-24,600268,国电南自,0.0020645075
11894,2025-01-22,300221,银禧科技,0.0020493492
11895,2025-01-24,603713,密尔克卫,0.002048429
11896,2025-01-24,300577,开润股份,0.0020456873
11897,2025-01-23,301408,华人健康,0.002044186
11898,2025-01-22,2624,完美世界,0.0020187907
11899,2025-01-23,600997,开滦股份,0.0020158105
11900,2025-01-23,603153,上海建科,0.0020120777
11901,2025-01-22,600409,三友化工,0.0020078458
11902,2025-01-22,601598,中国外运,0.002005469
11903,2025-01-22,1366,播恩集团,0.0019938685
11904,2025-01-22,2956,西麦食品,0.001990337
11905,2025-01-22,2205,国统股份,0.0019717366
11906,2025-01-23,2409,雅克科技,0.001954984
11907,2025-01-23,811,冰轮环境,0.001954496
11908,2025-01-22,548,湖南投资,0.0019281954
11909,2025-01-22,603337,杰克股份,0.0019274987
11910,2025-01-24,688716,中研股份,0.0019065253
11911,2025-01-23,600114,东睦股份,0.0019045696
11912,2025-01-24,600232,金鹰股份,0.0018993951
11913,2025-01-23,603888,新华网,0.0018961765
11914,2025-01-22,688386,泛亚微透,0.0018927306
11915,2025-01-23,301598,博科测试,0.0018834695
11916,2025-01-23,688586,江航装备,0.0018635504
11917,2025-01-22,2895,川恒股份,0.0018543303
11918,2025-01-22,727,冠捷科技,0.0018508695
11919,2025-01-22,2595,豪迈科技,0.0018365942
11920,2025-01-23,2404,嘉欣丝绸,0.001835335
11921,2025-01-24,301319,唯特偶,0.0018063597
11922,2025-01-22,603180,金牌家居,0.0018052198
11923,2025-01-22,2758,浙农股份,0.0017992556
11924,2025-01-23,603236,移远通信,0.0017957203
11925,2025-01-24,603193,润本股份,0.0017842688
11926,2025-01-22,948,南天信息,0.0017716698
11927,2025-01-23,3009,中天火箭,0.0017659254
11928,2025-01-23,301365,矩阵股份,0.0017619804
11929,2025-01-23,2230,科大讯飞,0.0017580092
11930,2025-01-22,603329,上海雅仕,0.0017555319
11931,2025-01-24,301113,雅艺科技,0.001737345
11932,2025-01-24,2579,中京电子,0.0017189234
11933,2025-01-22,603755,日辰股份,0.0017028265
11934,2025-01-24,603803,瑞斯康达,0.0016960502
11935,2025-01-22,605259,绿田机械,0.001691971
11936,2025-01-24,301326,捷邦科技,0.0016889609
11937,2025-01-22,2596,海南瑞泽,0.001683142
11938,2025-01-22,300642,透景生命,0.0016811974
11939,2025-01-24,603285,键邦股份,0.001674097
11940,2025-01-24,551,创元科技,0.0016642064
11941,2025-01-24,301073,君亭酒店,0.0016463585
11942,2025-01-22,300584,海辰药业,0.0016365647
11943,2025-01-23,301377,鼎泰高科,0.0016354956
11944,2025-01-24,300650,太龙股份,0.0016345084
11945,2025-01-23,1380,华纬科技,0.0016282387
11946,2025-01-23,301018,申菱环境,0.0016265549
11947,2025-01-23,600066,宇通客车,0.0015967824
11948,2025-01-23,301155,海力风电,0.0015876852
11949,2025-01-22,688607,康众医疗,0.0015871413
11950,2025-01-24,688628,优利德,0.0015713386
11951,2025-01-22,300144,宋城演艺,0.0015670769
11952,2025-01-24,953,河化股份,0.001554776
11953,2025-01-24,688290,景业智能,0.0015531629
11954,2025-01-22,300899,上海凯鑫,0.001547534
11955,2025-01-23,600630,龙头股份,0.0015303269
11956,2025-01-23,2006,精工科技,0.0015240498
11957,2025-01-22,603216,梦天家居,0.0015220344
11958,2025-01-24,603128,华贸物流,0.001520481
11959,2025-01-23,2788,鹭燕医药,0.0014961287
11960,2025-01-24,301093,华兰股份,0.0014830716
11961,2025-01-22,300248,新开普,0.0014779419
11962,2025-01-22,2152,广电运通,0.0014731735
11963,2025-01-22,301257,普蕊斯,0.001457151
11964,2025-01-24,688648,中邮科技,0.0014389642
11965,2025-01-22,2492,恒基达鑫,0.0014339313
11966,2025-01-22,301393,昊帆生物,0.0014253147
11967,2025-01-22,685,中山公用,0.0014247112
11968,2025-01-22,603810,丰山集团,0.0014138594
11969,2025-01-23,603558,健盛集团,0.0014112629
11970,2025-01-22,912,泸天化,0.0014082827
11971,2025-01-23,1300,三柏硕,0.0014065802
11972,2025-01-22,603396,金辰股份,0.0013911687
11973,2025-01-22,1326,联域股份,0.0013826899
11974,2025-01-24,300241,瑞丰光电,0.0013794973
11975,2025-01-22,2863,今飞凯达,0.0013764873
11976,2025-01-23,300239,东宝生物,0.0013574921
11977,2025-01-23,603259,药明康德,0.0013380907
11978,2025-01-22,688690,纳微科技,0.0013338439
11979,2025-01-22,601990,南京证券,0.0013335682
11980,2025-01-22,881,中广核技,0.0013294034
11981,2025-01-23,301317,鑫磊股份,0.0013278611
11982,2025-01-23,300446,航天智造,0.0013131388
11983,2025-01-23,603823,百合花,0.0013082214
11984,2025-01-22,301105,鸿铭股份,0.0013051368
11985,2025-01-23,2572,索菲亚,0.0012994297
11986,2025-01-24,2275,桂林三金,0.0012854412
11987,2025-01-24,600967,内蒙一机,0.0012806319
11988,2025-01-24,605009,豪悦护理,0.001251962
11989,2025-01-24,603323,苏农银行,0.0012453943
11990,2025-01-23,300337,银邦股份,0.0012327842
11991,2025-01-22,603393,新天然气,0.0012203343
11992,2025-01-22,2111,威海广泰,0.0012189448
11993,2025-01-22,601,韶能股份,0.0012058504
11994,2025-01-23,688526,科前生物,0.0012022369
11995,2025-01-23,962,东方钽业,0.0011965185
11996,2025-01-23,1368,通达创智,0.001189746
11997,2025-01-24,713,丰乐种业,0.0011827201
11998,2025-01-24,2530,金财互联,0.0011739694
11999,2025-01-22,603683,晶华新材,0.0011707991
12000,2025-01-22,758,中色股份,0.0011567213
12001,2025-01-24,2752,昇兴股份,0.0011355318
12002,2025-01-23,603150,万朗磁塑,0.0011089332
12003,2025-01-22,2953,日丰股份,0.0010917522
12004,2025-01-23,600079,人福医药,0.0010901652
12005,2025-01-23,300326,凯利泰,0.001086928
12006,2025-01-24,688433,华曙高科,0.001086846
12007,2025-01-24,605289,罗曼股份,0.0010611154
12008,2025-01-22,300018,中元股份,0.0010589436
12009,2025-01-23,300252,金信诺,0.0010570921
12010,2025-01-22,603161,科华控股,0.0010563806
12011,2025-01-22,300909,汇创达,0.0010494106
12012,2025-01-23,2014,永新股份,0.0010479614
12013,2025-01-22,2654,万润科技,0.0010330267
12014,2025-01-24,601038,一拖股份,0.0010275766
12015,2025-01-22,680,山推股份,0.0010010116
12016,2025-01-24,603919,金徽酒,0.00097384676
12017,2025-01-22,550,江铃汽车,0.0009663366
12018,2025-01-23,301088,戎美股份,0.00095777586
12019,2025-01-23,688192,迪哲医药-U,0.00095443055
12020,2025-01-23,300039,上海凯宝,0.00094716623
12021,2025-01-24,2909,集泰股份,0.00094493106
12022,2025-01-23,600577,精达股份,0.00092560425
12023,2025-01-22,301225,恒勃股份,0.0009181239
12024,2025-01-22,603637,镇海股份,0.0008668713
12025,2025-01-22,600673,东阳光,0.00086534396
12026,2025-01-23,2243,力合科创,0.00085626915
12027,2025-01-22,600351,亚宝药业,0.00085505843
12028,2025-01-23,1387,雪祺电气,0.00084638223
12029,2025-01-23,603042,华脉科技,0.0008382015
12030,2025-01-23,688019,安集科技,0.00083016604
12031,2025-01-23,603267,鸿远电子,0.00081975386
12032,2025-01-23,300496,中科创达,0.0007985346
12033,2025-01-23,688716,中研股份,0.0007831454
12034,2025-01-22,300236,上海新阳,0.00078239664
12035,2025-01-23,688075,安旭生物,0.000769306
12036,2025-01-22,544,中原环保,0.0007196851
12037,2025-01-22,554,泰山石油,0.0007159151
12038,2025-01-24,603733,仙鹤股份,0.00070970133
12039,2025-01-23,949,新乡化纤,0.0006942712
12040,2025-01-24,2165,红 宝 丽,0.0006843917
12041,2025-01-24,2747,埃斯顿,0.00066543
12042,2025-01-23,2938,鹏鼎控股,0.0006621815
12043,2025-01-22,301329,信音电子,0.00065744296
12044,2025-01-23,688631,莱斯信息,0.0006545745
12045,2025-01-23,601238,广汽集团,0.00065373257
12046,2025-01-24,582,北部湾港,0.000651557
12047,2025-01-22,601298,青岛港,0.0006472133
12048,2025-01-23,688566,吉贝尔,0.00064529106
12049,2025-01-23,419,通程控股,0.00062697753
12050,2025-01-22,688221,前沿生物-U,0.0006071739
12051,2025-01-23,2706,良信股份,0.0005861707
12052,2025-01-23,2616,长青集团,0.0005818866
12053,2025-01-23,301380,挖金客,0.0005720258
12054,2025-01-22,688316,青云科技-U,0.00056817755
12055,2025-01-22,2930,宏川智慧,0.0005658008
12056,2025-01-22,757,浩物股份,0.00056030974
12057,2025-01-22,300766,每日互动,0.00053874776
12058,2025-01-23,2206,海 利 得,0.00053783134
12059,2025-01-22,300414,中光防雷,0.0005327277
12060,2025-01-23,300024,机器人,0.0005323924
12061,2025-01-22,600426,华鲁恒升,0.00053049624
12062,2025-01-22,301631,壹连科技,0.00052594393
12063,2025-01-23,603381,永臻股份,0.00052459165
12064,2025-01-23,603112,华翔股份,0.0005113967
12065,2025-01-23,300566,激智科技,0.000507731
12066,2025-01-22,2065,东华软件,0.0005049519
12067,2025-01-22,600509,天富能源,0.0004955344
12068,2025-01-22,301072,中捷精工,0.00047250092
12069,2025-01-24,601985,中国核电,0.00047180057
12070,2025-01-23,301070,开勒股份,0.00046647713
12071,2025-01-22,301165,锐捷网络,0.00045578927
12072,2025-01-24,601619,嘉泽新能,0.00044790283
12073,2025-01-22,300828,锐新科技,0.00043914095
12074,2025-01-23,688388,嘉元科技,0.0004220903
12075,2025-01-23,26,飞亚达,0.00041171908
12076,2025-01-22,600526,菲达环保,0.00040115044
12077,2025-01-24,688128,中国电研,0.00039659068
12078,2025-01-24,2611,东方精工,0.0003878288
12079,2025-01-22,301525,儒竞科技,0.00038060918
12080,2025-01-23,301158,德石股份,0.0003803894
12081,2025-01-24,600977,中国电影,0.0003695041
12082,2025-01-23,301200,大族数控,0.00036418065
12083,2025-01-24,301558,三态股份,0.00034937635
12084,2025-01-22,600498,烽火通信,0.00034080818
12085,2025-01-22,300679,电连技术,0.00033614784
12086,2025-01-22,600764,中国海防,0.00033199042
12087,2025-01-23,300339,润和软件,0.00033177808
12088,2025-01-24,300566,激智科技,0.00031003729
12089,2025-01-22,688618,三旺通信,0.00030634925
12090,2025-01-24,603605,珀莱雅,0.00030516088
12091,2025-01-23,600007,中国国贸,0.00029750168
12092,2025-01-23,300724,捷佳伟创,0.00028623268
12093,2025-01-22,600391,航发科技,0.00028230622
12094,2025-01-22,601999,出版传媒,0.0002819784
12095,2025-01-23,301376,致欧科技,0.0002774857
12096,2025-01-23,600396,华电辽能,0.00027627125
12097,2025-01-24,688819,天能股份,0.00027391315
12098,2025-01-22,600746,江苏索普,0.00027238205
12099,2025-01-23,300644,南京聚隆,0.00027132407
12100,2025-01-23,3025,思进智能,0.0002571307
12101,2025-01-22,300894,火星人,0.00025413558
12102,2025-01-24,603182,嘉华股份,0.00023756549
12103,2025-01-22,600867,通化东宝,0.00023012236
12104,2025-01-22,953,河化股份,0.00022347271
12105,2025-01-22,1286,陕西能源,0.00021685287
12106,2025-01-24,533,顺钠股份,0.00021555647
12107,2025-01-22,600284,浦东建设,0.0002088435
12108,2025-01-24,603697,有友食品,0.00020216033
12109,2025-01-22,600552,凯盛科技,0.00019821152
12110,2025-01-24,301598,博科测试,0.00018661842
12111,2025-01-23,2910,庄园牧场,0.00018268079
12112,2025-01-23,603379,三美股份,0.00017559156
12113,2025-01-22,688496,清越科技,0.00014387444
12114,2025-01-24,300933,中辰股份,0.0001386404
12115,2025-01-22,300823,建科智能,0.0001314953
12116,2025-01-24,2599,盛通股份,0.00013061985
12117,2025-01-24,301166,优宁维,0.00012642518
12118,2025-01-22,600883,博闻科技,0.00010606274
12119,2025-01-22,603661,恒林股份,9.289011e-05
12120,2025-01-24,301016,雷尔伟,9.159371e-05
12121,2025-01-23,301196,唯科科技,8.1278384e-05
12122,2025-01-24,601958,金钼股份,7.666275e-05
12123,2025-01-22,2949,华阳国际,6.0480088e-05
12124,2025-01-22,2454,松芝股份,4.9788505e-05
12125,2025-01-23,2811,郑中设计,3.3225864e-05
12126,2025-01-24,2705,新宝股份,2.4463981e-05
12127,2025-01-22,582,北部湾港,2.2035092e-05
12128,2025-01-23,603697,有友食品,1.2982637e-05
12129,2025-01-23,1259,利仁科技,-7.5399876e-06
12130,2025-01-22,603967,中创物流,-7.8082085e-06
12131,2025-01-22,301520,万邦医药,-1.064688e-05
12132,2025-01-22,2345,潮宏基,-2.6289374e-05
12133,2025-01-22,2653,海思科,-2.7675182e-05
12134,2025-01-23,688217,睿昂基因,-2.9210001e-05
12135,2025-01-22,600829,人民同泰,-4.037842e-05
12136,2025-01-23,300698,万马科技,-5.178526e-05
12137,2025-01-22,2209,达 意 隆,-5.2586198e-05
12138,2025-01-22,2696,百洋股份,-6.425753e-05
12139,2025-01-24,688135,利扬芯片,-6.4920634e-05
12140,2025-01-24,301518,长华化学,-7.8603625e-05
12141,2025-01-22,2053,云南能投,-7.900223e-05
12142,2025-01-24,404,长虹华意,-9.8235905e-05
12143,2025-01-23,301362,民爆光电,-0.000100623816
12144,2025-01-22,603380,易德龙,-0.00010852143
12145,2025-01-23,300409,道氏技术,-0.000114869326
12146,2025-01-22,603713,密尔克卫,-0.000127282
12147,2025-01-24,603036,如通股份,-0.00013158098
12148,2025-01-23,603203,快克智能,-0.00014250726
12149,2025-01-23,603128,华贸物流,-0.00014506653
12150,2025-01-24,2161,远 望 谷,-0.00014743954
12151,2025-01-24,603027,千禾味业,-0.00015483424
12152,2025-01-22,601238,广汽集团,-0.0001639612
12153,2025-01-22,2800,天顺股份,-0.00017021969
12154,2025-01-22,301282,金禄电子,-0.0001845546
12155,2025-01-22,300182,捷成股份,-0.00019679591
12156,2025-01-22,301276,嘉曼服饰,-0.00019932166
12157,2025-01-23,601156,东航物流,-0.00021255761
12158,2025-01-23,600955,维远股份,-0.00023006648
12159,2025-01-24,301029,怡合达,-0.00023538992
12160,2025-01-24,2743,富煌钢构,-0.00023989007
12161,2025-01-24,688301,奕瑞科技,-0.00024342164
12162,2025-01-24,2887,绿茵生态,-0.00024648756
12163,2025-01-22,300768,迪普科技,-0.0002619326
12164,2025-01-23,300963,中洲特材,-0.00026342645
12165,2025-01-22,300303,聚飞光电,-0.00027067587
12166,2025-01-23,605378,野马电池,-0.00027574226
12167,2025-01-23,300306,远方信息,-0.00027639046
12168,2025-01-22,2161,远 望 谷,-0.0003011115
12169,2025-01-22,739,普洛药业,-0.00031583384
12170,2025-01-22,600721,百花医药,-0.00032982603
12171,2025-01-23,1212,中旗新材,-0.00033824518
12172,2025-01-24,300321,同大股份,-0.00036742166
12173,2025-01-22,688443,智翔金泰-U,-0.00036775693
12174,2025-01-22,688273,麦澜德,-0.0003748499
12175,2025-01-23,2644,佛慈制药,-0.00037591532
12176,2025-01-24,1367,海森药业,-0.0003795214
12177,2025-01-24,300986,志特新材,-0.00038500875
12178,2025-01-22,300124,汇川技术,-0.0003897883
12179,2025-01-22,2135,东南网架,-0.00039621815
12180,2025-01-22,603722,阿科力,-0.00040018559
12181,2025-01-24,600576,祥源文旅,-0.00040866807
12182,2025-01-23,603637,镇海股份,-0.0004120618
12183,2025-01-24,688586,江航装备,-0.00041940436
12184,2025-01-22,677,恒天海龙,-0.00042778626
12185,2025-01-23,603020,爱普股份,-0.00043351576
12186,2025-01-22,2877,智能自控,-0.00044385344
12187,2025-01-24,300929,华骐环保,-0.0004532151
12188,2025-01-22,1314,亿道信息,-0.00045892224
12189,2025-01-24,603041,美思德,-0.00046748295
12190,2025-01-23,300947,德必集团,-0.00048469007
12191,2025-01-24,603078,江化微,-0.00049062073
12192,2025-01-22,603888,新华网,-0.0005008429
12193,2025-01-24,2345,潮宏基,-0.0005034618
12194,2025-01-23,603198,迎驾贡酒,-0.0005106181
12195,2025-01-22,603020,爱普股份,-0.00051212683
12196,2025-01-22,600506,统一股份,-0.0005256422
12197,2025-01-23,688455,科捷智能,-0.0005428456
12198,2025-01-22,300239,东宝生物,-0.0005471334
12199,2025-01-24,300174,元力股份,-0.00055896863
12200,2025-01-22,2845,同兴达,-0.00056758896
12201,2025-01-22,601198,东兴证券,-0.00056810305
12202,2025-01-22,300512,中亚股份,-0.00057953224
12203,2025-01-22,300024,机器人,-0.00060738996
12204,2025-01-22,600395,盘江股份,-0.00061619654
12205,2025-01-22,603022,新通联,-0.0006493293
12206,2025-01-23,2989,中天精装,-0.0006519966
12207,2025-01-23,603380,易德龙,-0.0006554164
12208,2025-01-22,301066,万事利,-0.00066109747
12209,2025-01-22,300059,东方财富,-0.0006628111
12210,2025-01-22,600817,宇通重工,-0.0006634779
12211,2025-01-23,600113,浙江东日,-0.0006649494
12212,2025-01-24,600630,龙头股份,-0.00066555664
12213,2025-01-23,603886,元祖股份,-0.0006807372
12214,2025-01-23,2903,宇环数控,-0.00068551674
12215,2025-01-23,603666,亿嘉和,-0.0007097386
12216,2025-01-24,2226,江南化工,-0.00071229413
12217,2025-01-22,2931,锋龙股份,-0.00071370974
12218,2025-01-22,300994,久祺股份,-0.000714805
12219,2025-01-23,2161,远 望 谷,-0.00075190514
12220,2025-01-24,605020,永和股份,-0.0007521808
12221,2025-01-22,300135,宝利国际,-0.00076970086
12222,2025-01-24,688439,振华风光,-0.0007744171
12223,2025-01-22,815,美利云,-0.00077893585
12224,2025-01-23,688819,天能股份,-0.0007882677
12225,2025-01-22,603192,汇得科技,-0.0008165799
12226,2025-01-23,603313,梦百合,-0.0008248612
12227,2025-01-23,688478,晶升股份,-0.0008336641
12228,2025-01-22,688219,会通股份,-0.00084256753
12229,2025-01-24,688329,艾隆科技,-0.0008426979
12230,2025-01-22,603613,国联股份,-0.0008478649
12231,2025-01-23,2627,三峡旅游,-0.0008594878
12232,2025-01-23,688157,松井股份,-0.00086046755
12233,2025-01-23,301429,森泰股份,-0.0008659288
12234,2025-01-24,2357,富临运业,-0.00087523833
12235,2025-01-23,603987,康德莱,-0.00087542087
12236,2025-01-23,300296,利亚德,-0.0008967258
12237,2025-01-24,789,万年青,-0.00091930106
12238,2025-01-24,688478,晶升股份,-0.0009250529
12239,2025-01-22,603970,中农立华,-0.0009337254
12240,2025-01-24,2284,亚太股份,-0.0009421073
12241,2025-01-23,301456,盘古智能,-0.00094662234
12242,2025-01-23,1326,联域股份,-0.0009519644
12243,2025-01-23,153,丰原药业,-0.0009679757
12244,2025-01-24,301429,森泰股份,-0.0009767748
12245,2025-01-22,300557,理工光科,-0.0009849407
12246,2025-01-24,601077,渝农商行,-0.0010186918
12247,2025-01-23,300720,海川智能,-0.0010187961
12248,2025-01-23,600255,鑫科材料,-0.0010254942
12249,2025-01-23,301448,开创电气,-0.0010263771
12250,2025-01-24,688285,高铁电气,-0.0010576285
12251,2025-01-23,600222,太龙药业,-0.0010728724
12252,2025-01-22,524,岭南控股,-0.0010959506
12253,2025-01-23,688556,高测股份,-0.0011009835
12254,2025-01-22,688325,赛微微电,-0.0011174642
12255,2025-01-24,548,湖南投资,-0.0011324771
12256,2025-01-23,600489,中金黄金,-0.0011488162
12257,2025-01-23,601636,旗滨集团,-0.0011521168
12258,2025-01-22,2553,南方精工,-0.0011593737
12259,2025-01-22,300200,高盟新材,-0.0011594221
12260,2025-01-24,301301,川宁生物,-0.0011625178
12261,2025-01-24,600933,爱柯迪,-0.0011649206
12262,2025-01-23,2815,崇达技术,-0.0011683181
12263,2025-01-23,605177,东亚药业,-0.001193244
12264,2025-01-22,688348,昱能科技,-0.001206249
12265,2025-01-23,300286,安科瑞,-0.0012184866
12266,2025-01-23,300748,金力永磁,-0.0012216866
12267,2025-01-22,301456,盘古智能,-0.00122495
12268,2025-01-22,300404,博济医药,-0.0012254007
12269,2025-01-22,919,金陵药业,-0.00123813
12270,2025-01-24,758,中色股份,-0.001255326
12271,2025-01-22,603799,华友钴业,-0.001255855
12272,2025-01-22,688660,电气风电,-0.0012571514
12273,2025-01-23,21,深科技,-0.0012763999
12274,2025-01-22,603516,淳中科技,-0.0013156645
12275,2025-01-22,300923,研奥股份,-0.0013201088
12276,2025-01-22,300065,海兰信,-0.0013230331
12277,2025-01-22,949,新乡化纤,-0.0013360903
12278,2025-01-22,2206,海 利 得,-0.0013427325
12279,2025-01-22,601208,东材科技,-0.0013541505
12280,2025-01-23,600668,尖峰集团,-0.0013672002
12281,2025-01-24,688106,金宏气体,-0.0013780557
12282,2025-01-23,300602,飞荣达,-0.0013994537
12283,2025-01-24,301359,东南电子,-0.0014038868
12284,2025-01-24,524,岭南控股,-0.0014047287
12285,2025-01-22,300430,诚益通,-0.0014061518
12286,2025-01-24,688008,澜起科技,-0.0014182106
12287,2025-01-23,600386,北巴传媒,-0.0014229715
12288,2025-01-24,2972,科安达,-0.0014283545
12289,2025-01-22,534,万泽股份,-0.0014284365
12290,2025-01-22,2207,准油股份,-0.0014470704
12291,2025-01-24,3027,同兴科技,-0.0014487393
12292,2025-01-24,2462,嘉事堂,-0.0014535263
12293,2025-01-24,2938,鹏鼎控股,-0.0014600866
12294,2025-01-23,603859,能科科技,-0.001471661
12295,2025-01-24,65,北方国际,-0.0014802106
12296,2025-01-22,688272,富吉瑞,-0.0014826842
12297,2025-01-24,2033,丽江股份,-0.0014866404
12298,2025-01-23,600868,梅雁吉祥,-0.0014945194
12299,2025-01-22,300667,必创科技,-0.0015107468
12300,2025-01-22,600481,双良节能,-0.0015137866
12301,2025-01-24,300012,华测检测,-0.0015398897
12302,2025-01-24,300911,亿田智能,-0.0015451424
12303,2025-01-22,2142,宁波银行,-0.001553338
12304,2025-01-24,301333,诺思格,-0.0015540645
12305,2025-01-23,2591,恒大高新,-0.0015552044
12306,2025-01-22,811,冰轮环境,-0.0015751608
12307,2025-01-22,2911,佛燃能源,-0.0015790947
12308,2025-01-23,600560,金自天正,-0.0015864149
12309,2025-01-22,600022,山东钢铁,-0.0015890934
12310,2025-01-24,688484,南芯科技,-0.0015895478
12311,2025-01-24,417,合百集团,-0.0016007088
12312,2025-01-24,812,陕西金叶,-0.0016158782
12313,2025-01-22,688630,芯碁微装,-0.0016170293
12314,2025-01-24,300343,联创股份,-0.001617711
12315,2025-01-24,688141,杰华特,-0.0016184673
12316,2025-01-24,300363,博腾股份,-0.0016387738
12317,2025-01-22,688636,智明达,-0.0016472116
12318,2025-01-22,600657,信达地产,-0.0016472749
12319,2025-01-22,605368,蓝天燃气,-0.0016590841
12320,2025-01-22,2900,哈三联,-0.0016633682
12321,2025-01-22,603896,寿仙谷,-0.0016825609
12322,2025-01-24,2107,沃华医药,-0.0016849488
12323,2025-01-23,300065,海兰信,-0.0016859509
12324,2025-01-24,600835,上海机电,-0.0017108507
12325,2025-01-22,603508,思维列控,-0.0017131269
12326,2025-01-22,603767,中马传动,-0.0017144345
12327,2025-01-24,638,万方发展,-0.0017213747
12328,2025-01-23,688443,智翔金泰-U,-0.0017579645
12329,2025-01-22,603662,柯力传感,-0.0017661788
12330,2025-01-23,300582,英飞特,-0.0017724559
12331,2025-01-22,603538,美诺华,-0.0017854087
12332,2025-01-23,688696,极米科技,-0.0017930083
12333,2025-01-23,301093,华兰股份,-0.0017954893
12334,2025-01-24,600026,中远海能,-0.0018014126
12335,2025-01-22,300822,贝仕达克,-0.0018196963
12336,2025-01-22,301046,能辉科技,-0.0018219016
12337,2025-01-24,688698,伟创电气,-0.0018222481
12338,2025-01-23,755,山西高速,-0.0018287711
12339,2025-01-23,600885,宏发股份,-0.0018456727
12340,2025-01-24,688188,柏楚电子,-0.0018516071
12341,2025-01-22,300151,昌红科技,-0.0018602759
12342,2025-01-23,688128,中国电研,-0.0018704832
12343,2025-01-23,688648,中邮科技,-0.0019163005
12344,2025-01-22,300566,激智科技,-0.0019184388
12345,2025-01-22,600729,重庆百货,-0.0019214116
12346,2025-01-22,603088,宁波精达,-0.0019281022
12347,2025-01-24,2986,宇新股份,-0.0019447021
12348,2025-01-22,2381,双箭股份,-0.0019464195
12349,2025-01-22,2632,道明光学,-0.0019489154
12350,2025-01-22,300956,英力股份,-0.0019537583
12351,2025-01-24,1387,雪祺电气,-0.0019555725
12352,2025-01-22,2905,金逸影视,-0.0019644313
12353,2025-01-24,600761,安徽合力,-0.0019663312
12354,2025-01-23,688466,金科环境,-0.0019701459
12355,2025-01-24,605555,德昌股份,-0.0019917786
12356,2025-01-22,688131,皓元医药,-0.0020075515
12357,2025-01-23,1299,美能能源,-0.0020164624
12358,2025-01-22,603699,纽威股份,-0.002033133
12359,2025-01-22,301195,北路智控,-0.002035424
12360,2025-01-24,2237,恒邦股份,-0.0020718686
12361,2025-01-22,300711,广哈通信,-0.0020922609
12362,2025-01-22,300951,博硕科技,-0.0021005012
12363,2025-01-23,733,振华科技,-0.0021015182
12364,2025-01-23,2889,东方嘉盛,-0.0021068268
12365,2025-01-24,688520,神州细胞-U,-0.0021274649
12366,2025-01-22,601609,金田股份,-0.0021381676
12367,2025-01-22,301133,金钟股份,-0.0021384656
12368,2025-01-22,951,中国重汽,-0.0021607392
12369,2025-01-22,601677,明泰铝业,-0.0021650083
12370,2025-01-22,2457,青龙管业,-0.0021933727
12371,2025-01-23,300399,天利科技,-0.0022077747
12372,2025-01-23,300743,天地数码,-0.0022242777
12373,2025-01-23,301525,儒竞科技,-0.002231013
12374,2025-01-23,300144,宋城演艺,-0.0022386722
12375,2025-01-24,2766,索菱股份,-0.0022514127
12376,2025-01-24,779,甘咨询,-0.0022523478
12377,2025-01-23,688398,赛特新材,-0.0022740625
12378,2025-01-22,2299,圣农发展,-0.0022744164
12379,2025-01-24,603136,天目湖,-0.0022775047
12380,2025-01-23,688573,信宇人,-0.002281472
12381,2025-01-24,301391,卡莱特,-0.00228462
12382,2025-01-23,603065,宿迁联盛,-0.0022921897
12383,2025-01-24,600079,人福医药,-0.002315253
12384,2025-01-22,301123,奕东电子,-0.0023274384
12385,2025-01-22,1696,宗申动力,-0.002330806
12386,2025-01-23,603396,金辰股份,-0.0023514368
12387,2025-01-24,688443,智翔金泰-U,-0.002361033
12388,2025-01-22,301588,美新科技,-0.0023621693
12389,2025-01-22,601158,重庆水务,-0.0023794062
12390,2025-01-24,300743,天地数码,-0.002389703
12391,2025-01-23,300115,长盈精密,-0.0023964122
12392,2025-01-22,300375,鹏翎股份,-0.0024075024
12393,2025-01-24,603172,万丰股份,-0.0024113134
12394,2025-01-22,2389,航天彩虹,-0.0024253242
12395,2025-01-23,688606,奥泰生物,-0.0024343096
12396,2025-01-23,603588,高能环境,-0.0024616234
12397,2025-01-22,603929,亚翔集成,-0.0024651699
12398,2025-01-24,300994,久祺股份,-0.0024668016
12399,2025-01-22,2957,科瑞技术,-0.0024728812
12400,2025-01-24,601609,金田股份,-0.0024911426
12401,2025-01-23,301066,万事利,-0.0024998523
12402,2025-01-23,301548,崇德科技,-0.0025036894
12403,2025-01-23,2705,新宝股份,-0.002510827
12404,2025-01-22,601958,金钼股份,-0.0025116578
12405,2025-01-22,2073,软控股份,-0.0025255643
12406,2025-01-23,600054,黄山旅游,-0.002537258
12407,2025-01-22,2110,三钢闽光,-0.0025387667
12408,2025-01-24,600710,苏美达,-0.002555389
12409,2025-01-22,688206,概伦电子,-0.0025905184
12410,2025-01-22,2689,远大智能,-0.0026014484
12411,2025-01-22,603610,麒盛科技,-0.0026048534
12412,2025-01-23,1278,一彬科技,-0.00260517
12413,2025-01-23,2213,大为股份,-0.002607163
12414,2025-01-23,301097,天益医疗,-0.0026220344
12415,2025-01-24,2568,百润股份,-0.002629999
12416,2025-01-22,300345,华民股份,-0.0026429705
12417,2025-01-23,301075,多瑞医药,-0.0026439093
12418,2025-01-24,2429,兆驰股份,-0.0026602484
12419,2025-01-22,300792,壹网壹创,-0.0026675947
12420,2025-01-23,301335,天元宠物,-0.0027000196
12421,2025-01-23,300191,潜能恒信,-0.0027234145
12422,2025-01-24,688267,中触媒,-0.0027481876
12423,2025-01-24,301167,建研设计,-0.0027566254
12424,2025-01-22,3009,中天火箭,-0.0027765296
12425,2025-01-23,2953,日丰股份,-0.0027904399
12426,2025-01-22,300339,润和软件,-0.0028013103
12427,2025-01-22,600392,盛和资源,-0.0028028302
12428,2025-01-22,1872,招商港口,-0.0028311275
12429,2025-01-22,2576,通达动力,-0.0028331764
12430,2025-01-22,419,通程控股,-0.002835717
12431,2025-01-22,300731,科创新源,-0.0028479584
12432,2025-01-23,300528,幸福蓝海,-0.0028515533
12433,2025-01-22,2517,恺英网络,-0.0028584711
12434,2025-01-23,603212,赛伍技术,-0.0028750189
12435,2025-01-23,600249,两面针,-0.0028859116
12436,2025-01-22,300872,天阳科技,-0.002900008
12437,2025-01-23,688343,云天励飞-U,-0.002907887
12438,2025-01-22,600276,恒瑞医药,-0.002920445
12439,2025-01-22,300815,玉禾田,-0.0029251166
12440,2025-01-24,688291,金橙子,-0.0029308163
12441,2025-01-23,3027,同兴科技,-0.002942834
12442,2025-01-22,603601,再升科技,-0.0029860549
12443,2025-01-23,300364,中文在线,-0.0029884465
12444,2025-01-23,300375,鹏翎股份,-0.003003452
12445,2025-01-24,600222,太龙药业,-0.003014002
12446,2025-01-23,603709,中源家居,-0.0030217133
12447,2025-01-24,2028,思源电气,-0.0030369274
12448,2025-01-23,2268,电科网安,-0.0030383654
12449,2025-01-22,2889,东方嘉盛,-0.0030423887
12450,2025-01-22,300784,利安科技,-0.0030467995
12451,2025-01-24,603583,捷昌驱动,-0.0030476637
12452,2025-01-22,2165,红 宝 丽,-0.003050696
12453,2025-01-23,300520,科大国创,-0.0030560903
12454,2025-01-24,603722,阿科力,-0.0030571073
12455,2025-01-22,300622,博士眼镜,-0.0030641444
12456,2025-01-24,600577,精达股份,-0.0030644424
12457,2025-01-23,603661,恒林股份,-0.0030769818
12458,2025-01-23,686,东北证券,-0.0030815862
12459,2025-01-22,2597,金禾实业,-0.0030842088
12460,2025-01-22,2023,海特高新,-0.0030943714
12461,2025-01-23,688593,新相微,-0.0031001344
12462,2025-01-23,603568,伟明环保,-0.0031099059
12463,2025-01-22,603115,海星股份,-0.003145609
12464,2025-01-22,2888,惠威科技,-0.0031459853
12465,2025-01-24,600673,东阳光,-0.0031707026
12466,2025-01-24,301293,三博脑科,-0.0031838343
12467,2025-01-22,300677,英科医疗,-0.0031908154
12468,2025-01-23,600293,三峡新材,-0.0031945966
12469,2025-01-23,300650,太龙股份,-0.0032003187
12470,2025-01-23,300414,中光防雷,-0.0032058917
12471,2025-01-23,688060,云涌科技,-0.0032076277
12472,2025-01-23,600971,恒源煤电,-0.0032116845
12473,2025-01-23,600433,冠豪高新,-0.0032385997
12474,2025-01-23,2745,木林森,-0.0032686703
12475,2025-01-23,300564,筑博设计,-0.003273692
12476,2025-01-23,541,佛山照明,-0.0032742284
12477,2025-01-24,2889,东方嘉盛,-0.0032824613
12478,2025-01-23,600985,淮北矿业,-0.003298249
12479,2025-01-23,688479,友车科技,-0.0033070073
12480,2025-01-22,301132,满坤科技,-0.0033198148
12481,2025-01-22,603803,瑞斯康达,-0.0033217706
12482,2025-01-23,513,丽珠集团,-0.0033353753
12483,2025-01-22,600697,欧亚集团,-0.0033376887
12484,2025-01-24,688028,沃尔德,-0.0033377297
12485,2025-01-22,2817,黄山胶囊,-0.0033385418
12486,2025-01-24,636,风华高科,-0.0033407174
12487,2025-01-22,999,华润三九,-0.003352996
12488,2025-01-22,603980,吉华集团,-0.0033660047
12489,2025-01-22,601077,渝农商行,-0.003368646
12490,2025-01-23,688418,震有科技,-0.0033983663
12491,2025-01-23,2030,达安基因,-0.003401678
12492,2025-01-22,300363,博腾股份,-0.003419105
12493,2025-01-23,300708,聚灿光电,-0.0034197383
12494,2025-01-24,603600,永艺股份,-0.0034348033
12495,2025-01-22,300192,科德教育,-0.0034432784
12496,2025-01-22,688597,煜邦电力,-0.003449779
12497,2025-01-23,2182,宝武镁业,-0.0034638867
12498,2025-01-22,2125,湘潭电化,-0.0034703575
12499,2025-01-22,688393,安必平,-0.003484752
12500,2025-01-24,300239,东宝生物,-0.0035027973
12501,2025-01-22,603027,千禾味业,-0.003508091
12502,2025-01-23,605189,富春染织,-0.0035163052
12503,2025-01-22,603381,永臻股份,-0.0035217889
12504,2025-01-22,601956,东贝集团,-0.0035241805
12505,2025-01-24,2392,北京利尔,-0.0035299994
12506,2025-01-22,600801,华新水泥,-0.0035313778
12507,2025-01-23,688660,电气风电,-0.0035333522
12508,2025-01-22,300499,高澜股份,-0.003534887
12509,2025-01-22,688655,迅捷兴,-0.0035425685
12510,2025-01-22,2239,奥特佳,-0.003546536
12511,2025-01-22,600486,扬农化工,-0.0035734884
12512,2025-01-22,600138,中青旅,-0.0035763197
12513,2025-01-22,2338,奥普光电,-0.0035763644
12514,2025-01-23,2817,黄山胶囊,-0.0036081187
12515,2025-01-22,301236,软通动力,-0.003618013
12516,2025-01-23,688212,澳华内镜,-0.0036332496
12517,2025-01-24,301459,丰茂股份,-0.0036489442
12518,2025-01-24,688208,道通科技,-0.0036520697
12519,2025-01-23,2098,浔兴股份,-0.0036608912
12520,2025-01-23,300912,凯龙高科,-0.0036695376
12521,2025-01-23,301023,江南奕帆,-0.003673423
12522,2025-01-22,300819,聚杰微纤,-0.0036809072
12523,2025-01-22,688612,威迈斯,-0.0036942922
12524,2025-01-24,603220,中贝通信,-0.0037365854
12525,2025-01-24,688592,司南导航,-0.0037466846
12526,2025-01-24,688581,安杰思,-0.0037545413
12527,2025-01-22,301226,祥明智能,-0.0037549697
12528,2025-01-22,605188,国光连锁,-0.0037612207
12529,2025-01-22,2788,鹭燕医药,-0.0037617385
12530,2025-01-23,605068,明新旭腾,-0.003763169
12531,2025-01-24,688768,容知日新,-0.003786806
12532,2025-01-24,688322,奥比中光-UW,-0.0037934706
12533,2025-01-23,603326,我乐家居,-0.0038093217
12534,2025-01-22,301130,西点药业,-0.0038267113
12535,2025-01-24,603729,龙韵股份,-0.0038270205
12536,2025-01-22,603885,吉祥航空,-0.003828708
12537,2025-01-22,3002,壶化股份,-0.0038314983
12538,2025-01-22,688789,宏华数科,-0.003844045
12539,2025-01-22,301233,盛帮股份,-0.003867045
12540,2025-01-22,2020,京新药业,-0.0038726516
12541,2025-01-22,2880,卫光生物,-0.0038911588
12542,2025-01-22,601628,中国人寿,-0.0038943924
12543,2025-01-22,603203,快克智能,-0.003895674
12544,2025-01-22,603566,普莱柯,-0.0039128177
12545,2025-01-24,300695,兆丰股份,-0.003928762
12546,2025-01-24,300809,华辰装备,-0.0039318465
12547,2025-01-22,2820,桂发祥,-0.003946852
12548,2025-01-22,300373,扬杰科技,-0.0039557256
12549,2025-01-22,605088,冠盛股份,-0.0039631315
12550,2025-01-23,2255,海陆重工,-0.003964957
12551,2025-01-22,600563,法拉电子,-0.0039808303
12552,2025-01-23,2393,力生制药,-0.0039863773
12553,2025-01-24,2800,天顺股份,-0.003997151
12554,2025-01-22,300130,新国都,-0.0039997175
12555,2025-01-23,600488,津药药业,-0.004007712
12556,2025-01-23,603662,柯力传感,-0.0040141866
12557,2025-01-22,301063,海锅股份,-0.0040241927
12558,2025-01-23,300533,冰川网络,-0.0040356517
12559,2025-01-24,300777,中简科技,-0.0040440597
12560,2025-01-24,301273,瑞晨环保,-0.0040550716
12561,2025-01-22,300987,川网传媒,-0.0040697716
12562,2025-01-23,2443,金洲管道,-0.0040723532
12563,2025-01-24,301040,中环海陆,-0.0040747784
12564,2025-01-23,301002,崧盛股份,-0.0040955767
12565,2025-01-23,301287,康力源,-0.004098218
12566,2025-01-22,600323,瀚蓝环境,-0.0041025393
12567,2025-01-23,551,创元科技,-0.004126232
12568,2025-01-22,603528,多伦科技,-0.004149735
12569,2025-01-22,633,合金投资,-0.004182514
12570,2025-01-24,601890,亚星锚链,-0.004192151
12571,2025-01-24,688272,富吉瑞,-0.0041968077
12572,2025-01-24,688655,迅捷兴,-0.0041981377
12573,2025-01-23,605166,聚合顺,-0.0042021386
12574,2025-01-22,2106,莱宝高科,-0.0042199753
12575,2025-01-22,300651,金陵体育,-0.0042339675
12576,2025-01-23,301301,川宁生物,-0.0042404197
12577,2025-01-23,603018,华设集团,-0.0042759106
12578,2025-01-24,2397,梦洁股份,-0.004283309
12579,2025-01-23,603986,兆易创新,-0.004286222
12580,2025-01-24,300976,达瑞电子,-0.0043104254
12581,2025-01-22,603013,亚普股份,-0.0043117404
12582,2025-01-23,300514,友讯达,-0.004388213
12583,2025-01-22,2746,仙坛股份,-0.0044045746
12584,2025-01-22,300939,秋田微,-0.00440884
12585,2025-01-22,603890,春秋电子,-0.004409127
12586,2025-01-22,601019,山东出版,-0.0044117793
12587,2025-01-23,301199,迈赫股份,-0.0044584014
12588,2025-01-23,601678,滨化股份,-0.0045111813
12589,2025-01-22,603908,牧高笛,-0.0045219213
12590,2025-01-22,603565,中谷物流,-0.004522633
12591,2025-01-22,600156,华升股份,-0.0045275316
12592,2025-01-24,300877,金春股份,-0.004538495
12593,2025-01-22,300507,苏奥传感,-0.0045559146
12594,2025-01-24,300252,金信诺,-0.0045689084
12595,2025-01-22,34,神州数码,-0.0045769997
12596,2025-01-22,603588,高能环境,-0.0045954026
12597,2025-01-24,603663,三祥新材,-0.004615996
12598,2025-01-22,300233,金城医药,-0.0046266094
12599,2025-01-24,300839,博汇股份,-0.004630085
12600,2025-01-23,300563,神宇股份,-0.0046354085
12601,2025-01-23,2033,丽江股份,-0.00465044
12602,2025-01-22,2883,中设股份,-0.0046539716
12603,2025-01-22,600543,莫高股份,-0.0046563298
12604,2025-01-24,688398,赛特新材,-0.0046623237
12605,2025-01-22,513,丽珠集团,-0.004664853
12606,2025-01-24,688131,皓元医药,-0.0046746507
12607,2025-01-24,603151,邦基科技,-0.0046798326
12608,2025-01-23,524,岭南控股,-0.004721407
12609,2025-01-24,688336,三生国健,-0.004721921
12610,2025-01-23,3007,直真科技,-0.0047351047
12611,2025-01-22,590,启迪药业,-0.004738819
12612,2025-01-24,605166,聚合顺,-0.004756123
12613,2025-01-24,2544,普天科技,-0.004759066
12614,2025-01-24,300505,川金诺,-0.0047669597
12615,2025-01-22,600511,国药股份,-0.0047722533
12616,2025-01-22,300897,山科智能,-0.004772965
12617,2025-01-24,600392,盛和资源,-0.0047770515
12618,2025-01-22,600113,浙江东日,-0.0047804527
12619,2025-01-23,2947,恒铭达,-0.0047916733
12620,2025-01-22,300877,金春股份,-0.004803639
12621,2025-01-24,55,方大集团,-0.004818108
12622,2025-01-22,688786,悦安新材,-0.0048191026
12623,2025-01-22,603989,艾华集团,-0.004836675
12624,2025-01-23,300832,新产业,-0.0048624687
12625,2025-01-24,2725,跃岭股份,-0.0048814975
12626,2025-01-22,688077,大地熊,-0.0048831254
12627,2025-01-23,688050,爱博医疗,-0.0048973225
12628,2025-01-22,601360,三六零,-0.004914183
12629,2025-01-24,957,中通客车,-0.004914578
12630,2025-01-24,603602,纵横通信,-0.0049433373
12631,2025-01-22,300525,博思软件,-0.004947748
12632,2025-01-22,688380,中微半导,-0.0049609207
12633,2025-01-22,571,新大洲A,-0.004963238
12634,2025-01-23,688591,泰凌微,-0.0049863383
12635,2025-01-22,301283,聚胶股份,-0.0049893297
12636,2025-01-22,301029,怡合达,-0.0050035454
12637,2025-01-22,688317,之江生物,-0.005020298
12638,2025-01-22,301219,腾远钴业,-0.0050270148
12639,2025-01-24,300445,康斯特,-0.005029939
12640,2025-01-23,600812,华北制药,-0.0050433166
12641,2025-01-22,688271,联影医疗,-0.005043473
12642,2025-01-22,3023,彩虹集团,-0.005045403
12643,2025-01-23,600161,天坛生物,-0.005049374
12644,2025-01-24,300703,创源股份,-0.005057778
12645,2025-01-24,603256,宏和科技,-0.005081974
12646,2025-01-24,688597,煜邦电力,-0.005093511
12647,2025-01-22,603350,安乃达,-0.005095929
12648,2025-01-22,2429,兆驰股份,-0.0050993823
12649,2025-01-24,21,深科技,-0.0051017925
12650,2025-01-23,2451,摩恩电气,-0.0051045455
12651,2025-01-24,603219,富佳股份,-0.0051101036
12652,2025-01-24,603993,洛阳钼业,-0.0051319487
12653,2025-01-22,887,中鼎股份,-0.0051331148
12654,2025-01-24,715,中兴商业,-0.005163349
12655,2025-01-23,2900,哈三联,-0.005181376
12656,2025-01-24,600505,西昌电力,-0.00518471
12657,2025-01-24,2539,云图控股,-0.00520524
12658,2025-01-22,301205,联特科技,-0.0052140765
12659,2025-01-22,688020,方邦股份,-0.0052161515
12660,2025-01-24,601138,工业富联,-0.0052351207
12661,2025-01-23,688662,富信科技,-0.005238455
12662,2025-01-22,300226,上海钢联,-0.005243484
12663,2025-01-24,301323,新莱福,-0.005249139
12664,2025-01-23,600486,扬农化工,-0.005254168
12665,2025-01-24,3038,鑫铂股份,-0.005255878
12666,2025-01-22,300319,麦捷科技,-0.0052693523
12667,2025-01-23,600057,厦门象屿,-0.0052812584
12668,2025-01-23,300465,高伟达,-0.005302377
12669,2025-01-24,688146,中船特气,-0.0053091682
12670,2025-01-22,688334,西高院,-0.005318124
12671,2025-01-24,300421,力星股份,-0.0053184256
12672,2025-01-22,301317,鑫磊股份,-0.0053222217
12673,2025-01-22,603055,台华新材,-0.0053244196
12674,2025-01-24,688029,南微医学,-0.005325459
12675,2025-01-23,600869,远东股份,-0.0053360574
12676,2025-01-22,603817,海峡环保,-0.0053524785
12677,2025-01-23,301234,五洲医疗,-0.0053597204
12678,2025-01-24,603967,中创物流,-0.0053722896
12679,2025-01-23,688056,莱伯泰科,-0.0053850487
12680,2025-01-22,300800,力合科技,-0.0054065324
12681,2025-01-24,300462,华铭智能,-0.0054246
12682,2025-01-23,300823,建科智能,-0.005439855
12683,2025-01-22,603176,汇通集团,-0.0054563433
12684,2025-01-22,603681,永冠新材,-0.0054614507
12685,2025-01-22,2064,华峰化学,-0.0054661967
12686,2025-01-22,970,中科三环,-0.0054784343
12687,2025-01-23,688552,航天南湖,-0.005506862
12688,2025-01-22,605180,华生科技,-0.005508166
12689,2025-01-22,603005,晶方科技,-0.0055117123
12690,2025-01-23,301149,隆华新材,-0.0055140555
12691,2025-01-23,301202,朗威股份,-0.005514402
12692,2025-01-22,600249,两面针,-0.0055400543
12693,2025-01-22,2987,京北方,-0.0055431984
12694,2025-01-22,605566,福莱蒽特,-0.0055482946
12695,2025-01-24,300657,弘信电子,-0.005554568
12696,2025-01-23,300850,新强联,-0.005563371
12697,2025-01-24,300871,回盛生物,-0.0055823587
12698,2025-01-22,605189,富春染织,-0.005593367
12699,2025-01-22,600650,锦江在线,-0.0056079365
12700,2025-01-24,603165,荣晟环保,-0.0056237616
12701,2025-01-24,301061,匠心家居,-0.0056261905
12702,2025-01-22,603987,康德莱,-0.005678337
12703,2025-01-24,962,东方钽业,-0.005700279
12704,2025-01-24,300597,吉大通信,-0.0057168305
12705,2025-01-22,300963,中洲特材,-0.0057209767
12706,2025-01-22,301175,中科环保,-0.005752351
12707,2025-01-23,301261,恒工精密,-0.005767189
12708,2025-01-23,300054,鼎龙股份,-0.005776096
12709,2025-01-22,601952,苏垦农发,-0.0057815574
12710,2025-01-22,301083,百胜智能,-0.0058115125
12711,2025-01-23,605009,豪悦护理,-0.0058169477
12712,2025-01-22,2008,大族激光,-0.0058232136
12713,2025-01-22,301408,华人健康,-0.005826447
12714,2025-01-22,1259,利仁科技,-0.0058736093
12715,2025-01-24,301071,力量钻石,-0.005876079
12716,2025-01-22,2851,麦格米特,-0.0058909543
12717,2025-01-23,2835,同为股份,-0.00589158
12718,2025-01-22,688510,航亚科技,-0.0058917925
12719,2025-01-24,603069,海汽集团,-0.005905807
12720,2025-01-23,300824,北鼎股份,-0.005913902
12721,2025-01-22,2970,锐明技术,-0.005954668
12722,2025-01-22,300191,潜能恒信,-0.0059573352
12723,2025-01-24,2066,瑞泰科技,-0.0059668124
12724,2025-01-22,2422,科伦药业,-0.0059941895
12725,2025-01-23,605258,协和电子,-0.006025672
12726,2025-01-22,2320,海峡股份,-0.0060273893
12727,2025-01-22,688109,品茗科技,-0.0060303397
12728,2025-01-22,688095,福昕软件,-0.0060334764
12729,2025-01-23,603966,法兰泰克,-0.0060380325
12730,2025-01-22,688543,国科军工,-0.006042231
12731,2025-01-24,688507,索辰科技,-0.0060467236
12732,2025-01-22,300844,山水比德,-0.0060510226
12733,2025-01-23,758,中色股份,-0.006056275
12734,2025-01-22,600396,华电辽能,-0.0060770623
12735,2025-01-23,603583,捷昌驱动,-0.006086644
12736,2025-01-22,600865,百大集团,-0.0060943104
12737,2025-01-22,603351,威尔药业,-0.006094482
12738,2025-01-23,300669,沪宁股份,-0.006098125
12739,2025-01-22,603267,鸿远电子,-0.006100647
12740,2025-01-22,688697,纽威数控,-0.0061192997
12741,2025-01-23,779,甘咨询,-0.006126888
12742,2025-01-22,600285,羚锐制药,-0.006145034
12743,2025-01-22,300658,延江股份,-0.006150443
12744,2025-01-22,605555,德昌股份,-0.006158497
12745,2025-01-23,300133,华策影视,-0.0061839484
12746,2025-01-24,301063,海锅股份,-0.0061842278
12747,2025-01-22,2030,达安基因,-0.0061870106
12748,2025-01-23,600721,百花医药,-0.006200079
12749,2025-01-23,1319,铭科精技,-0.0062223747
12750,2025-01-24,301066,万事利,-0.006229382
12751,2025-01-24,3003,天元股份,-0.0062294565
12752,2025-01-23,2871,伟隆股份,-0.006248977
12753,2025-01-22,2887,绿茵生态,-0.0062561594
12754,2025-01-22,2353,杰瑞股份,-0.006276436
12755,2025-01-22,301149,隆华新材,-0.00627885
12756,2025-01-22,688307,中润光学,-0.0062999167
12757,2025-01-23,1205,盛航股份,-0.0063052215
12758,2025-01-23,2752,昇兴股份,-0.0063184164
12759,2025-01-24,2660,茂硕电源,-0.0063314512
12760,2025-01-23,300702,天宇股份,-0.0063352473
12761,2025-01-24,301395,仁信新材,-0.006359879
12762,2025-01-23,688720,艾森股份,-0.006363012
12763,2025-01-22,600986,浙文互联,-0.006391771
12764,2025-01-22,2955,鸿合科技,-0.0063944645
12765,2025-01-24,2448,中原内配,-0.0063996688
12766,2025-01-24,1218,丽臣实业,-0.006420385
12767,2025-01-23,620,新华联,-0.006442081
12768,2025-01-22,2365,永安药业,-0.006458055
12769,2025-01-23,1366,播恩集团,-0.006458398
12770,2025-01-22,2782,可立克,-0.006471101
12771,2025-01-24,301290,东星医疗,-0.0064712837
12772,2025-01-23,1210,金房能源,-0.006474562
12773,2025-01-22,300931,通用电梯,-0.0064861067
12774,2025-01-22,300771,智莱科技,-0.0064966977
12775,2025-01-23,300241,瑞丰光电,-0.006501347
12776,2025-01-22,600161,天坛生物,-0.006533779
12777,2025-01-22,2633,申科股份,-0.006539725
12778,2025-01-24,300183,东软载波,-0.0065755323
12779,2025-01-22,603790,雅运股份,-0.0065758936
12780,2025-01-22,2287,奇正藏药,-0.006579358
12781,2025-01-23,603136,天目湖,-0.0065796897
12782,2025-01-23,2455,百川股份,-0.006586831
12783,2025-01-22,300364,中文在线,-0.0066259988
12784,2025-01-23,603639,海利尔,-0.0066266097
12785,2025-01-22,2539,云图控股,-0.006642457
12786,2025-01-22,2255,海陆重工,-0.0066532567
12787,2025-01-22,2348,高乐股份,-0.006655369
12788,2025-01-22,600830,香溢融通,-0.006660357
12789,2025-01-22,688592,司南导航,-0.006661821
12790,2025-01-23,300784,利安科技,-0.00666314
12791,2025-01-24,603378,亚士创能,-0.0066779032
12792,2025-01-22,2393,力生制药,-0.006682571
12793,2025-01-23,600426,华鲁恒升,-0.006692786
12794,2025-01-22,2971,和远气体,-0.0067001916
12795,2025-01-24,688191,智洋创新,-0.0067070164
12796,2025-01-22,600191,华资实业,-0.0067202114
12797,2025-01-22,902,新洋丰,-0.006720867
12798,2025-01-24,2328,新朋股份,-0.006723266
12799,2025-01-23,605169,洪通燃气,-0.006727699
12800,2025-01-22,603052,可川科技,-0.006728735
12801,2025-01-23,2747,埃斯顿,-0.0067350604
12802,2025-01-23,603022,新通联,-0.006772291
12803,2025-01-24,300632,光莆股份,-0.006772395
12804,2025-01-22,301325,曼恩斯特,-0.0067789853
12805,2025-01-24,301002,崧盛股份,-0.00679715
12806,2025-01-24,301126,达嘉维康,-0.0067973323
12807,2025-01-23,300505,川金诺,-0.006808739
12808,2025-01-22,688023,安恒信息,-0.006820623
12809,2025-01-24,688697,纽威数控,-0.0068249106
12810,2025-01-23,600156,华升股份,-0.006833326
12811,2025-01-22,301287,康力源,-0.0068378597
12812,2025-01-23,301163,宏德股份,-0.0068459995
12813,2025-01-22,300539,横河精密,-0.0068489984
12814,2025-01-24,603881,数据港,-0.0068569146
12815,2025-01-23,605056,咸亨国际,-0.0068572126
12816,2025-01-22,301277,新天地,-0.0068585463
12817,2025-01-23,915,华特达因,-0.0068699755
12818,2025-01-24,600644,乐山电力,-0.0068795346
12819,2025-01-22,605218,伟时电子,-0.0068961605
12820,2025-01-22,300627,华测导航,-0.006897934
12821,2025-01-22,2558,巨人网络,-0.0069228895
12822,2025-01-22,603006,联明股份,-0.0069287904
12823,2025-01-23,715,中兴商业,-0.006930534
12824,2025-01-22,300962,中金辐照,-0.0069453306
12825,2025-01-23,300487,蓝晓科技,-0.0069657974
12826,2025-01-23,688307,中润光学,-0.006973166
12827,2025-01-23,301395,仁信新材,-0.0069783255
12828,2025-01-23,2649,博彦科技,-0.0069885664
12829,2025-01-22,603636,南威软件,-0.0069940984
12830,2025-01-24,603176,汇通集团,-0.0069953464
12831,2025-01-24,600491,龙元建设,-0.0069968514
12832,2025-01-24,2960,青鸟消防,-0.0069975667
12833,2025-01-24,301209,联合化学,-0.0070004053
12834,2025-01-22,1218,丽臣实业,-0.007019859
12835,2025-01-22,301234,五洲医疗,-0.0070201047
12836,2025-01-23,601577,长沙银行,-0.0070277937
12837,2025-01-23,688768,容知日新,-0.007056974
12838,2025-01-22,300774,倍杰特,-0.007062953
12839,2025-01-24,603000,人民网,-0.007075198
12840,2025-01-24,688061,灿瑞科技,-0.0071023144
12841,2025-01-24,603408,建霖家居,-0.007113006
12842,2025-01-24,1259,利仁科技,-0.0071196742
12843,2025-01-23,300603,立昂技术,-0.0071330406
12844,2025-01-23,600612,老凤祥,-0.007150147
12845,2025-01-22,603660,苏州科达,-0.007161677
12846,2025-01-24,603048,浙江黎明,-0.007167224
12847,2025-01-23,300923,研奥股份,-0.0071672834
12848,2025-01-23,300771,智莱科技,-0.00716744
12849,2025-01-23,688125,安达智能,-0.0071776025
12850,2025-01-23,603633,徕木股份,-0.007183645
12851,2025-01-24,688306,均普智能,-0.0071862154
12852,2025-01-23,1256,炜冈科技,-0.007188704
12853,2025-01-22,1222,源飞宠物,-0.0072092973
12854,2025-01-24,603326,我乐家居,-0.0072191767
12855,2025-01-23,3003,天元股份,-0.0072198473
12856,2025-01-22,2319,乐通股份,-0.0072222687
12857,2025-01-23,692,惠天热电,-0.007225413
12858,2025-01-24,300711,广哈通信,-0.007226724
12859,2025-01-23,2931,锋龙股份,-0.0072282813
12860,2025-01-23,582,北部湾港,-0.0072665475
12861,2025-01-22,600976,健民集团,-0.0072783567
12862,2025-01-23,2284,亚太股份,-0.0073031
12863,2025-01-22,300067,安诺其,-0.007329408
12864,2025-01-24,300603,立昂技术,-0.0073443577
12865,2025-01-22,915,华特达因,-0.007347416
12866,2025-01-22,600482,中国动力,-0.0073608197
12867,2025-01-23,628,高新发展,-0.007374268
12868,2025-01-22,300279,和晶科技,-0.0074051507
12869,2025-01-22,688215,瑞晟智能,-0.0074056275
12870,2025-01-23,300111,向日葵,-0.0074192733
12871,2025-01-23,601600,中国铝业,-0.0074415393
12872,2025-01-23,605188,国光连锁,-0.0074557066
12873,2025-01-22,300035,中科电气,-0.0074713193
12874,2025-01-22,2999,天禾股份,-0.0074830987
12875,2025-01-22,300582,英飞特,-0.007487919
12876,2025-01-23,3038,鑫铂股份,-0.007497072
12877,2025-01-24,603790,雅运股份,-0.0075232163
12878,2025-01-24,300102,乾照光电,-0.0075236224
12879,2025-01-24,603506,南都物业,-0.0075335726
12880,2025-01-24,2247,聚力文化,-0.007546149
12881,2025-01-23,2345,潮宏基,-0.007546928
12882,2025-01-22,2732,燕塘乳业,-0.0075498186
12883,2025-01-22,2992,宝明科技,-0.007561039
12884,2025-01-22,1367,海森药业,-0.0075694136
12885,2025-01-24,688519,南亚新材,-0.007594507
12886,2025-01-23,590,启迪药业,-0.0076157264
12887,2025-01-24,300612,宣亚国际,-0.0076170824
12888,2025-01-23,603786,科博达,-0.0076190047
12889,2025-01-23,603861,白云电器,-0.007643506
12890,2025-01-22,300481,濮阳惠成,-0.007647272
12891,2025-01-24,2734,利民股份,-0.0076608993
12892,2025-01-23,2887,绿茵生态,-0.007661991
12893,2025-01-23,600673,东阳光,-0.0076808
12894,2025-01-23,301160,翔楼新材,-0.0076855607
12895,2025-01-22,600235,民丰特纸,-0.007711392
12896,2025-01-24,301070,开勒股份,-0.007713046
12897,2025-01-23,2062,宏润建设,-0.0077151656
12898,2025-01-23,301379,天山电子,-0.007717617
12899,2025-01-22,563,陕国投Ａ,-0.0077467076
12900,2025-01-23,2743,富煌钢构,-0.0077491105
12901,2025-01-22,600420,国药现代,-0.007749889
12902,2025-01-22,603002,宏昌电子,-0.0077757835
12903,2025-01-23,300817,双飞集团,-0.007789109
12904,2025-01-22,600098,广州发展,-0.007807035
12905,2025-01-23,603305,旭升集团,-0.007815234
12906,2025-01-23,300677,英科医疗,-0.007840406
12907,2025-01-24,301199,迈赫股份,-0.007873345
12908,2025-01-23,603722,阿科力,-0.007893961
12909,2025-01-24,300913,兆龙互连,-0.007895999
12910,2025-01-23,300321,同大股份,-0.007918745
12911,2025-01-23,301276,嘉曼服饰,-0.007962327
12912,2025-01-22,603065,宿迁联盛,-0.007971596
12913,2025-01-23,301293,三博脑科,-0.007996742
12914,2025-01-23,603408,建霖家居,-0.008023147
12915,2025-01-22,2825,纳尔股份,-0.008028045
12916,2025-01-23,301011,华立科技,-0.008031104
12917,2025-01-24,603280,南方路机,-0.008032415
12918,2025-01-22,301377,鼎泰高科,-0.0080580115
12919,2025-01-23,3019,宸展光电,-0.0080669075
12920,2025-01-22,300432,富临精工,-0.008067425
12921,2025-01-22,1287,中电港,-0.008070949
12922,2025-01-24,605319,无锡振华,-0.008098904
12923,2025-01-22,301093,华兰股份,-0.0081047155
12924,2025-01-23,688347,华虹公司,-0.008137915
12925,2025-01-22,301338,凯格精机,-0.008168351
12926,2025-01-23,300597,吉大通信,-0.008178953
12927,2025-01-23,300249,依米康,-0.0081796795
12928,2025-01-22,301106,骏成科技,-0.008180764
12929,2025-01-23,688301,奕瑞科技,-0.008190218
12930,2025-01-23,603214,爱婴室,-0.008212198
12931,2025-01-24,301588,美新科技,-0.008220505
12932,2025-01-27,688259,创耀科技,-0.008223403
12933,2025-01-22,600222,太龙药业,-0.0082306415
12934,2025-01-22,713,丰乐种业,-0.008253556
12935,2025-01-24,300436,广生堂,-0.00826345
12936,2025-01-22,603075,热威股份,-0.008283127
12937,2025-01-23,300150,世纪瑞尔,-0.008283574
12938,2025-01-24,688195,腾景科技,-0.008293435
12939,2025-01-23,301109,军信股份,-0.008298647
12940,2025-01-23,2724,海洋王,-0.008303266
12941,2025-01-22,688060,云涌科技,-0.00831081
12942,2025-01-24,2706,良信股份,-0.008313414
12943,2025-01-22,26,飞亚达,-0.008314084
12944,2025-01-22,603283,赛腾股份,-0.008315995
12945,2025-01-23,2275,桂林三金,-0.008321993
12946,2025-01-24,688663,新风光,-0.008330081
12947,2025-01-22,688319,欧林生物,-0.008339506
12948,2025-01-22,688050,爱博医疗,-0.008339707
12949,2025-01-23,603188,亚邦股份,-0.008350063
12950,2025-01-23,688209,英集芯,-0.0083535835
12951,2025-01-23,593,德龙汇能,-0.008358475
12952,2025-01-22,2669,康达新材,-0.008366749
12953,2025-01-23,300819,聚杰微纤,-0.008368988
12954,2025-01-22,301388,欣灵电气,-0.008379985
12955,2025-01-22,300888,稳健医疗,-0.0084260665
12956,2025-01-22,300773,拉卡拉,-0.008453451
12957,2025-01-22,688269,凯立新材,-0.008454535
12958,2025-01-22,603231,索宝蛋白,-0.0084545575
12959,2025-01-22,300242,佳云科技,-0.008466061
12960,2025-01-23,600033,福建高速,-0.008470658
12961,2025-01-23,603093,南华期货,-0.008522455
12962,2025-01-22,833,粤桂股份,-0.008565359
12963,2025-01-24,301233,盛帮股份,-0.008588422
12964,2025-01-22,603926,铁流股份,-0.008603308
12965,2025-01-24,2835,同为股份,-0.008610144
12966,2025-01-23,603393,新天然气,-0.008617435
12967,2025-01-22,600455,博通股份,-0.008620214
12968,2025-01-23,2328,新朋股份,-0.008621965
12969,2025-01-23,300658,延江股份,-0.008624408
12970,2025-01-27,600755,厦门国贸,-0.008626852
12971,2025-01-23,2566,益盛药业,-0.008666594
12972,2025-01-22,600585,海螺水泥,-0.00868104
12973,2025-01-24,600686,金龙汽车,-0.008702353
12974,2025-01-24,600191,华资实业,-0.008715484
12975,2025-01-24,300375,鹏翎股份,-0.008717634
12976,2025-01-24,603022,新通联,-0.008728813
12977,2025-01-22,688291,金橙子,-0.008729383
12978,2025-01-23,2222,福晶科技,-0.008737538
12979,2025-01-23,417,合百集团,-0.008740012
12980,2025-01-24,688136,科兴制药,-0.0087438
12981,2025-01-24,2891,中宠股份,-0.008745592
12982,2025-01-22,300257,开山股份,-0.008752413
12983,2025-01-22,300229,拓尔思,-0.008753587
12984,2025-01-22,1210,金房能源,-0.008760206
12985,2025-01-22,2767,先锋电子,-0.008786332
12986,2025-01-22,300644,南京聚隆,-0.008812938
12987,2025-01-23,300453,三鑫医疗,-0.008873146
12988,2025-01-22,603897,长城科技,-0.008917991
12989,2025-01-23,2696,百洋股份,-0.008932412
12990,2025-01-22,603583,捷昌驱动,-0.008951459
12991,2025-01-22,688553,汇宇制药-W,-0.008959845
12992,2025-01-24,688227,品高股份,-0.008978311
12993,2025-01-22,600329,达仁堂,-0.008997772
12994,2025-01-23,605179,一鸣食品,-0.008998457
12995,2025-01-22,2355,兴民智通,-0.009001579
12996,2025-01-22,2706,良信股份,-0.009026837
12997,2025-01-24,601133,柏诚股份,-0.0090327
12998,2025-01-23,300573,兴齐眼药,-0.009045113
12999,2025-01-24,603013,亚普股份,-0.009061679
13000,2025-01-22,688136,科兴制药,-0.009061817
13001,2025-01-24,601019,山东出版,-0.0090658255
13002,2025-01-24,300514,友讯达,-0.009101648
13003,2025-01-22,300674,宇信科技,-0.009111702
13004,2025-01-24,728,国元证券,-0.009112503
13005,2025-01-23,603341,龙旗科技,-0.009122882
13006,2025-01-23,600645,中源协和,-0.009140812
13007,2025-01-22,600560,金自天正,-0.009148803
13008,2025-01-22,300514,友讯达,-0.009154215
13009,2025-01-24,2559,亚威股份,-0.009160064
13010,2025-01-23,603052,可川科技,-0.009170543
13011,2025-01-22,601177,杭齿前进,-0.009171937
13012,2025-01-22,603856,东宏股份,-0.009203229
13013,2025-01-24,300702,天宇股份,-0.00922003
13014,2025-01-22,603373,安邦护卫,-0.009224962
13015,2025-01-23,603999,读者传媒,-0.009238139
13016,2025-01-23,953,河化股份,-0.009241823
13017,2025-01-22,603200,上海洗霸,-0.009243317
13018,2025-01-22,300738,奥飞数据,-0.009243894
13019,2025-01-24,688526,科前生物,-0.009270713
13020,2025-01-23,301518,长华化学,-0.009287093
13021,2025-01-23,603182,嘉华股份,-0.0093105845
13022,2025-01-22,600630,龙头股份,-0.009327512
13023,2025-01-23,300049,福瑞股份,-0.009330455
13024,2025-01-22,603950,长源东谷,-0.009364709
13025,2025-01-22,600812,华北制药,-0.009368762
13026,2025-01-22,688726,拉普拉斯,-0.009376593
13027,2025-01-22,301290,东星医疗,-0.00937875
13028,2025-01-23,977,浪潮信息,-0.0093881525
13029,2025-01-23,603630,拉芳家化,-0.009414792
13030,2025-01-24,605018,长华集团,-0.009415466
13031,2025-01-23,300632,光莆股份,-0.009428829
13032,2025-01-22,301209,联合化学,-0.009442497
13033,2025-01-24,688314,康拓医疗,-0.009491485
13034,2025-01-22,300088,长信科技,-0.009499263
13035,2025-01-24,2605,姚记科技,-0.009499859
13036,2025-01-23,300604,长川科技,-0.00950012
13037,2025-01-22,603999,读者传媒,-0.009510543
13038,2025-01-23,301262,海看股份,-0.009555187
13039,2025-01-23,301459,丰茂股份,-0.009581771
13040,2025-01-22,688209,英集芯,-0.009585194
13041,2025-01-22,603061,金海通,-0.009609576
13042,2025-01-22,2915,中欣氟材,-0.00961465
13043,2025-01-24,605378,野马电池,-0.009631652
13044,2025-01-22,300724,捷佳伟创,-0.009637691
13045,2025-01-22,600692,亚通股份,-0.00963999
13046,2025-01-24,300604,长川科技,-0.009642426
13047,2025-01-23,688182,灿勤科技,-0.009649899
13048,2025-01-24,603212,赛伍技术,-0.009656429
13049,2025-01-22,603078,江化微,-0.0096792765
13050,2025-01-22,301102,兆讯传媒,-0.009716924
13051,2025-01-24,1282,三联锻造,-0.009721674
13052,2025-01-23,300811,铂科新材,-0.009740926
13053,2025-01-24,600889,南京化纤,-0.009758782
13054,2025-01-22,2396,星网锐捷,-0.009766892
13055,2025-01-22,605020,永和股份,-0.009780403
13056,2025-01-23,2821,凯莱英,-0.009793013
13057,2025-01-23,2676,顺威股份,-0.009796292
13058,2025-01-22,300643,万通智控,-0.009799123
13059,2025-01-22,300012,华测检测,-0.009801589
13060,2025-01-24,688325,赛微微电,-0.009803992
13061,2025-01-24,300380,安硕信息,-0.00980838
13062,2025-01-23,300938,信测标准,-0.00982213
13063,2025-01-24,2919,名臣健康,-0.00986566
13064,2025-01-23,300455,航天智装,-0.009873483
13065,2025-01-22,300720,海川智能,-0.00988083
13066,2025-01-22,1212,中旗新材,-0.009902034
13067,2025-01-23,603231,索宝蛋白,-0.009930644
13068,2025-01-23,548,湖南投资,-0.009933885
13069,2025-01-22,600602,云赛智联,-0.009935837
13070,2025-01-24,2774,快意电梯,-0.009936158
13071,2025-01-23,300628,亿联网络,-0.009941589
13072,2025-01-22,300181,佐力药业,-0.009944994
13073,2025-01-22,300446,航天智造,-0.009953614
13074,2025-01-23,301072,中捷精工,-0.009976942
13075,2025-01-23,403,派林生物,-0.009987708
13076,2025-01-24,600226,亨通股份,-0.009989504
13077,2025-01-23,2245,蔚蓝锂芯,-0.009990796
13078,2025-01-23,601956,东贝集团,-0.00999476
13079,2025-01-23,404,长虹华意,-0.010014702
13080,2025-01-22,2185,华天科技,-0.010036793
13081,2025-01-24,601636,旗滨集团,-0.0100451335
13082,2025-01-23,600505,西昌电力,-0.010057207
13083,2025-01-24,603810,丰山集团,-0.010059293
13084,2025-01-23,1367,海森药业,-0.010071967
13085,2025-01-24,600883,博闻科技,-0.0100799985
13086,2025-01-22,301182,凯旺科技,-0.010116924
13087,2025-01-22,600082,海泰发展,-0.010118753
13088,2025-01-24,2139,拓邦股份,-0.010120787
13089,2025-01-23,301222,浙江恒威,-0.010134023
13090,2025-01-27,688251,井松智能,-0.01014987
13091,2025-01-23,603081,大丰实业,-0.010154877
13092,2025-01-22,300927,江天化学,-0.010159049
13093,2025-01-23,728,国元证券,-0.010162033
13094,2025-01-23,300711,广哈通信,-0.010170169
13095,2025-01-22,301097,天益医疗,-0.010181338
13096,2025-01-24,603595,东尼电子,-0.010224257
13097,2025-01-22,2116,中国海诚,-0.01022603
13098,2025-01-22,300563,神宇股份,-0.010226268
13099,2025-01-23,301042,安联锐视,-0.01025283
13100,2025-01-22,688798,艾为电子,-0.010270078
13101,2025-01-22,300911,亿田智能,-0.010283571
13102,2025-01-24,2455,百川股份,-0.010299921
13103,2025-01-24,600486,扬农化工,-0.010310467
13104,2025-01-22,600756,浪潮软件,-0.010312628
13105,2025-01-22,603919,金徽酒,-0.010324042
13106,2025-01-23,2596,海南瑞泽,-0.010328066
13107,2025-01-22,603859,能科科技,-0.010329787
13108,2025-01-23,600963,岳阳林纸,-0.010334738
13109,2025-01-23,688291,金橙子,-0.010336872
13110,2025-01-22,301008,宏昌科技,-0.010362055
13111,2025-01-23,300421,力星股份,-0.010371257
13112,2025-01-23,603809,豪能股份,-0.010380644
13113,2025-01-22,601900,南方传媒,-0.010396197
13114,2025-01-22,300873,海晨股份,-0.010397803
13115,2025-01-23,301126,达嘉维康,-0.010402668
13116,2025-01-22,688535,华海诚科,-0.010407206
13117,2025-01-22,301335,天元宠物,-0.010417502
13118,2025-01-22,2922,伊戈尔,-0.010463357
13119,2025-01-22,605378,野马电池,-0.010480478
13120,2025-01-22,688603,天承科技,-0.010497671
13121,2025-01-22,2006,精工科技,-0.010507975
13122,2025-01-22,3027,同兴科技,-0.010518603
13123,2025-01-24,300620,光库科技,-0.010527708
13124,2025-01-24,300454,深信服,-0.010603365
13125,2025-01-23,301536,星宸科技,-0.010610726
13126,2025-01-23,600657,信达地产,-0.010613415
13127,2025-01-23,301233,盛帮股份,-0.010616239
13128,2025-01-23,688026,洁特生物,-0.010626804
13129,2025-01-24,1333,光华股份,-0.010666516
13130,2025-01-23,2766,索菱股份,-0.010673925
13131,2025-01-23,301102,兆讯传媒,-0.010686453
13132,2025-01-22,688075,安旭生物,-0.010686684
13133,2025-01-24,688323,瑞华泰,-0.010708455
13134,2025-01-23,600481,双良节能,-0.010724764
13135,2025-01-22,603136,天目湖,-0.010756422
13136,2025-01-24,1202,炬申股份,-0.010787111
13137,2025-01-23,2670,国盛金控,-0.010797359
13138,2025-01-22,688112,鼎阳科技,-0.010799158
13139,2025-01-22,603259,药明康德,-0.0108032
13140,2025-01-23,2909,集泰股份,-0.010803927
13141,2025-01-22,603991,至正股份,-0.010808136
13142,2025-01-22,2983,芯瑞达,-0.0108182095
13143,2025-01-22,301005,超捷股份,-0.010850061
13144,2025-01-22,2920,德赛西威,-0.010867652
13145,2025-01-22,688588,凌志软件,-0.01086868
13146,2025-01-23,688038,中科通达,-0.010876868
13147,2025-01-23,300462,华铭智能,-0.010902617
13148,2025-01-22,2670,国盛金控,-0.010919765
13149,2025-01-24,605258,协和电子,-0.010958005
13150,2025-01-24,300824,北鼎股份,-0.010972828
13151,2025-01-23,600730,中国高科,-0.010980491
13152,2025-01-24,1222,源飞宠物,-0.01098213
13153,2025-01-24,603566,普莱柯,-0.010982577
13154,2025-01-22,600255,鑫科材料,-0.011011291
13155,2025-01-22,2627,三峡旅游,-0.011030804
13156,2025-01-22,603085,天成自控,-0.011043977
13157,2025-01-22,2722,物产金轮,-0.011053022
13158,2025-01-23,688401,路维光电,-0.011106271
13159,2025-01-24,863,三湘印象,-0.011108112
13160,2025-01-23,2873,新天药业,-0.011121515
13161,2025-01-23,688029,南微医学,-0.011132088
13162,2025-01-23,2861,瀛通通讯,-0.011154253
13163,2025-01-22,300365,恒华科技,-0.011167582
13164,2025-01-22,2962,五方光电,-0.011168003
13165,2025-01-24,603815,交建股份,-0.011168752
13166,2025-01-22,688699,明微电子,-0.011170026
13167,2025-01-23,603258,电魂网络,-0.011184681
13168,2025-01-22,600667,太极实业,-0.011221733
13169,2025-01-24,300681,英搏尔,-0.011228327
13170,2025-01-23,2897,意华股份,-0.011259649
13171,2025-01-22,300225,金力泰,-0.011263069
13172,2025-01-22,300930,屹通新材,-0.011288311
13173,2025-01-22,605500,森林包装,-0.011300277
13174,2025-01-23,603129,春风动力,-0.011325013
13175,2025-01-23,300752,隆利科技,-0.01133357
13176,2025-01-24,688776,国光电气,-0.0113439895
13177,2025-01-22,2282,博深股份,-0.011375643
13178,2025-01-22,688267,中触媒,-0.011380427
13179,2025-01-23,603698,航天工程,-0.01140023
13180,2025-01-23,688798,艾为电子,-0.011410389
13181,2025-01-23,300927,江天化学,-0.01142342
13182,2025-01-22,2873,新天药业,-0.011444371
13183,2025-01-24,300337,银邦股份,-0.011473674
13184,2025-01-22,300207,欣旺达,-0.01149084
13185,2025-01-24,688518,联赢激光,-0.011492934
13186,2025-01-24,300412,迦南科技,-0.011519924
13187,2025-01-24,300854,中兰环保,-0.0115423985
13188,2025-01-24,600114,东睦股份,-0.011610553
13189,2025-01-23,603280,南方路机,-0.011631768
13190,2025-01-22,300069,金利华电,-0.01163571
13191,2025-01-22,605155,西大门,-0.011688609
13192,2025-01-22,600133,东湖高新,-0.011696238
13193,2025-01-22,600449,宁夏建材,-0.01171897
13194,2025-01-22,600033,福建高速,-0.0117282085
13195,2025-01-23,301061,匠心家居,-0.011778358
13196,2025-01-23,300445,康斯特,-0.011780769
13197,2025-01-23,688663,新风光,-0.011787556
13198,2025-01-22,688677,海泰新光,-0.011793625
13199,2025-01-22,2489,浙江永强,-0.011813547
13200,2025-01-23,605500,森林包装,-0.011818692
13201,2025-01-22,605050,福然德,-0.011818878
13202,2025-01-22,688565,力源科技,-0.011821762
13203,2025-01-23,600697,欧亚集团,-0.011827301
13204,2025-01-24,791,甘肃能源,-0.011836354
13205,2025-01-24,605088,冠盛股份,-0.011840519
13206,2025-01-23,301389,隆扬电子,-0.011854235
13207,2025-01-22,301510,固高科技,-0.011898473
13208,2025-01-24,688679,通源环境,-0.011907313
13209,2025-01-22,2456,欧菲光,-0.011917498
13210,2025-01-22,300398,飞凯材料,-0.011937674
13211,2025-01-22,2034,旺能环境,-0.011937823
13212,2025-01-22,300611,美力科技,-0.011981342
13213,2025-01-23,2318,久立特材,-0.012013674
13214,2025-01-24,603618,杭电股份,-0.01201386
13215,2025-01-24,300628,亿联网络,-0.01201402
13216,2025-01-22,2204,大连重工,-0.01202767
13217,2025-01-22,301518,长华化学,-0.012031395
13218,2025-01-22,688068,热景生物,-0.012058105
13219,2025-01-23,2960,青鸟消防,-0.012078147
13220,2025-01-23,2580,圣阳股份,-0.012094658
13221,2025-01-22,600114,东睦股份,-0.012098033
13222,2025-01-23,812,陕西金叶,-0.0121364035
13223,2025-01-24,605507,国邦医药,-0.012137685
13224,2025-01-22,688698,伟创电气,-0.0121422
13225,2025-01-24,688388,嘉元科技,-0.012176853
13226,2025-01-24,300035,中科电气,-0.012197867
13227,2025-01-22,301448,开创电气,-0.012227338
13228,2025-01-24,300563,神宇股份,-0.012229089
13229,2025-01-23,600733,北汽蓝谷,-0.012231369
13230,2025-01-23,688271,联影医疗,-0.012246612
13231,2025-01-24,601678,滨化股份,-0.012271859
13232,2025-01-24,688186,广大特材,-0.012330595
13233,2025-01-24,605086,龙高股份,-0.012330897
13234,2025-01-22,300079,数码视讯,-0.0123404
13235,2025-01-22,301061,匠心家居,-0.0123488605
13236,2025-01-23,603566,普莱柯,-0.012350738
13237,2025-01-22,2960,青鸟消防,-0.01235361
13238,2025-01-22,300102,乾照光电,-0.012382079
13239,2025-01-23,600367,红星发展,-0.012405265
13240,2025-01-22,2182,宝武镁业,-0.012419041
13241,2025-01-22,601890,亚星锚链,-0.012428738
13242,2025-01-22,819,岳阳兴长,-0.012456391
13243,2025-01-23,688093,世华科技,-0.012466256
13244,2025-01-23,601900,南方传媒,-0.012479756
13245,2025-01-22,2644,佛慈制药,-0.012481075
13246,2025-01-22,300925,法本信息,-0.012486186
13247,2025-01-22,688486,龙迅股份,-0.012490738
13248,2025-01-22,688001,华兴源创,-0.012496848
13249,2025-01-22,301155,海力风电,-0.012500603
13250,2025-01-23,603669,灵康药业,-0.0125352405
13251,2025-01-23,300911,亿田智能,-0.012572143
13252,2025-01-24,603275,众辰科技,-0.012596119
13253,2025-01-24,600865,百大集团,-0.012611013
13254,2025-01-22,600731,湖南海利,-0.012627054
13255,2025-01-22,300549,优德精密,-0.012637172
13256,2025-01-23,2368,太极股份,-0.012660425
13257,2025-01-22,688663,新风光,-0.012676787
13258,2025-01-24,605058,澳弘电子,-0.01268746
13259,2025-01-23,601609,金田股份,-0.012700357
13260,2025-01-23,603948,建业股份,-0.012710463
13261,2025-01-22,2890,弘宇股份,-0.0127356015
13262,2025-01-23,300854,中兰环保,-0.012752168
13263,2025-01-23,688519,南亚新材,-0.012756642
13264,2025-01-22,603280,南方路机,-0.012761284
13265,2025-01-22,603122,合富中国,-0.012769446
13266,2025-01-22,2380,科远智慧,-0.0127959065
13267,2025-01-23,605222,起帆电缆,-0.012807786
13268,2025-01-22,600318,新力金融,-0.012808833
13269,2025-01-24,688026,洁特生物,-0.012826417
13270,2025-01-24,301200,大族数控,-0.012839299
13271,2025-01-23,605086,龙高股份,-0.012843024
13272,2025-01-23,2165,红 宝 丽,-0.01284951
13273,2025-01-24,688239,航宇科技,-0.012860548
13274,2025-01-22,692,惠天热电,-0.012876641
13275,2025-01-23,300651,金陵体育,-0.012887578
13276,2025-01-24,301023,江南奕帆,-0.012899894
13277,2025-01-24,688221,前沿生物-U,-0.012902062
13278,2025-01-23,300381,溢多利,-0.012944099
13279,2025-01-22,600480,凌云股份,-0.012950983
13280,2025-01-22,600850,电科数字,-0.012954652
13281,2025-01-15,600446,金证股份,-0.012962408
13282,2025-01-22,2462,嘉事堂,-0.012971457
13283,2025-01-22,301013,利和兴,-0.012972232
13284,2025-01-22,688226,威腾电气,-0.012990542
13285,2025-01-22,301131,聚赛龙,-0.01300453
13286,2025-01-23,2890,弘宇股份,-0.013013739
13287,2025-01-22,603093,南华期货,-0.013014134
13288,2025-01-23,3028,振邦智能,-0.013025347
13289,2025-01-22,2230,科大讯飞,-0.013042811
13290,2025-01-22,605009,豪悦护理,-0.013056241
13291,2025-01-24,300342,天银机电,-0.013080124
13292,2025-01-24,2489,浙江永强,-0.013084512
13293,2025-01-24,300651,金陵体育,-0.01310838
13294,2025-01-24,603319,湘油泵,-0.013114888
13295,2025-01-23,600754,锦江酒店,-0.013123564
13296,2025-01-23,300813,泰林生物,-0.013164882
13297,2025-01-23,603890,春秋电子,-0.013173234
13298,2025-01-22,301028,东亚机械,-0.013173651
13299,2025-01-22,603630,拉芳家化,-0.013213839
13300,2025-01-22,600857,宁波中百,-0.013234291
13301,2025-01-22,2910,庄园牧场,-0.013234291
13302,2025-01-22,603638,艾迪精密,-0.013248261
13303,2025-01-23,603000,人民网,-0.013256479
13304,2025-01-23,301131,聚赛龙,-0.013295066
13305,2025-01-24,300701,森霸传感,-0.013299409
13306,2025-01-22,2579,中京电子,-0.013308216
13307,2025-01-22,603017,中衡设计,-0.013312452
13308,2025-01-23,301325,曼恩斯特,-0.013326161
13309,2025-01-23,600644,乐山电力,-0.013328906
13310,2025-01-22,300413,芒果超媒,-0.013379771
13311,2025-01-23,301299,卓创资讯,-0.013390362
13312,2025-01-23,603067,振华股份,-0.013397202
13313,2025-01-23,2532,天山铝业,-0.013398707
13314,2025-01-24,400,许继电气,-0.013399269
13315,2025-01-23,603699,纽威股份,-0.013408404
13316,2025-01-24,688510,航亚科技,-0.0134531185
13317,2025-01-24,603829,洛凯股份,-0.013465647
13318,2025-01-24,603556,海兴电力,-0.013483457
13319,2025-01-23,603516,淳中科技,-0.013485167
13320,2025-01-22,300487,蓝晓科技,-0.01351412
13321,2025-01-23,408,藏格矿业,-0.013517246
13322,2025-01-22,2364,中恒电气,-0.013518419
13323,2025-01-22,301126,达嘉维康,-0.013540413
13324,2025-01-22,603966,法兰泰克,-0.013544854
13325,2025-01-24,600071,凤凰光学,-0.013555545
13326,2025-01-24,600868,梅雁吉祥,-0.01357127
13327,2025-01-22,301362,民爆光电,-0.013576984
13328,2025-01-24,2558,巨人网络,-0.013578381
13329,2025-01-22,2098,浔兴股份,-0.013582885
13330,2025-01-22,603861,白云电器,-0.013636693
13331,2025-01-22,603666,亿嘉和,-0.013681963
13332,2025-01-22,688610,埃科光电,-0.013722401
13333,2025-01-23,600857,宁波中百,-0.013731655
13334,2025-01-23,600986,浙文互联,-0.013793837
13335,2025-01-22,2243,力合科创,-0.013805028
13336,2025-01-22,603106,恒银科技,-0.013807595
13337,2025-01-24,301536,星宸科技,-0.013825532
13338,2025-01-22,688056,莱伯泰科,-0.013853949
13339,2025-01-22,2909,集泰股份,-0.013858248
13340,2025-01-23,2933,新兴装备,-0.013865992
13341,2025-01-24,601208,东材科技,-0.01386784
13342,2025-01-22,300596,利安隆,-0.013883162
13343,2025-01-22,2701,奥瑞金,-0.013894483
13344,2025-01-22,300648,星云股份,-0.013916142
13345,2025-01-24,601577,长沙银行,-0.013927493
13346,2025-01-23,300342,天银机电,-0.013936009
13347,2025-01-24,603499,翔港科技,-0.013952408
13348,2025-01-24,688125,安达智能,-0.013991147
13349,2025-01-24,2001,新 和 成,-0.014001872
13350,2025-01-23,1328,登康口腔,-0.014013603
13351,2025-01-22,2275,桂林三金,-0.0140151195
13352,2025-01-23,2732,燕塘乳业,-0.014047045
13353,2025-01-22,300573,兴齐眼药,-0.014055293
13354,2025-01-22,2566,益盛药业,-0.014056563
13355,2025-01-22,404,长虹华意,-0.014063295
13356,2025-01-23,603602,纵横通信,-0.014084298
13357,2025-01-22,688582,芯动联科,-0.014118496
13358,2025-01-24,600255,鑫科材料,-0.014121797
13359,2025-01-23,688419,耐科装备,-0.014145229
13360,2025-01-23,688531,日联科技,-0.014152817
13361,2025-01-23,603256,宏和科技,-0.014161546
13362,2025-01-23,2392,北京利尔,-0.0141874775
13363,2025-01-22,2616,长青集团,-0.014189083
13364,2025-01-23,301588,美新科技,-0.014199834
13365,2025-01-23,688607,康众医疗,-0.014214918
13366,2025-01-23,601595,上海电影,-0.014233731
13367,2025-01-23,2886,沃特股份,-0.01425438
13368,2025-01-23,688322,奥比中光-UW,-0.01426062
13369,2025-01-24,600422,昆药集团,-0.014268991
13370,2025-01-24,600312,平高电气,-0.014272746
13371,2025-01-24,688676,金盘科技,-0.014272872
13372,2025-01-23,300994,久祺股份,-0.0142930485
13373,2025-01-24,2536,飞龙股份,-0.014302637
13374,2025-01-23,626,远大控股,-0.014321074
13375,2025-01-22,688290,景业智能,-0.014332097
13376,2025-01-22,603602,纵横通信,-0.014380608
13377,2025-01-22,2284,亚太股份,-0.014386021
13378,2025-01-23,603328,依顿电子,-0.014409218
13379,2025-01-22,2167,东方锆业,-0.01441022
13380,2025-01-24,300545,联得装备,-0.014432076
13381,2025-01-22,603036,如通股份,-0.014442932
13382,2025-01-22,300816,艾可蓝,-0.014453977
13383,2025-01-22,688046,药康生物,-0.014482718
13384,2025-01-23,301167,建研设计,-0.014482964
13385,2025-01-22,603037,凯众股份,-0.014486734
13386,2025-01-24,601872,招商轮船,-0.014508054
13387,2025-01-22,300727,润禾材料,-0.0145300515
13388,2025-01-23,688111,金山办公,-0.014582027
13389,2025-01-24,603297,永新光学,-0.014590647
13390,2025-01-23,563,陕国投Ａ,-0.014598437
13391,2025-01-22,601168,西部矿业,-0.014616843
13392,2025-01-22,2441,众业达,-0.014639679
13393,2025-01-22,300409,道氏技术,-0.014651798
13394,2025-01-24,300846,首都在线,-0.0146523565
13395,2025-01-22,605599,菜百股份,-0.01467035
13396,2025-01-24,688367,工大高科,-0.014687158
13397,2025-01-22,688002,睿创微纳,-0.014693361
13398,2025-01-23,601616,广电电气,-0.014703222
13399,2025-01-22,301171,易点天下,-0.014706392
13400,2025-01-24,301389,隆扬电子,-0.014714487
13401,2025-01-23,301185,鸥玛软件,-0.01477569
13402,2025-01-22,2986,宇新股份,-0.014778417
13403,2025-01-23,301315,威士顿,-0.014795903
13404,2025-01-23,603505,金石资源,-0.014798064
13405,2025-01-24,300721,怡达股份,-0.014809143
13406,2025-01-22,2932,明德生物,-0.014884189
13407,2025-01-22,55,方大集团,-0.014889635
13408,2025-01-24,2379,宏创控股,-0.014904346
13409,2025-01-22,551,创元科技,-0.014904726
13410,2025-01-24,300172,中电环保,-0.014909577
13411,2025-01-23,603773,沃格光电,-0.014937494
13412,2025-01-24,688591,泰凌微,-0.014939096
13413,2025-01-23,600138,中青旅,-0.014943644
13414,2025-01-23,300907,康平科技,-0.014945101
13415,2025-01-23,600579,中化装备,-0.014967844
13416,2025-01-23,863,三湘印象,-0.014990468
13417,2025-01-23,2701,奥瑞金,-0.015062641
13418,2025-01-24,531,穗恒运Ａ,-0.015092727
13419,2025-01-22,300501,海顺新材,-0.015100468
13420,2025-01-23,301300,远翔新材,-0.015129577
13421,2025-01-24,688070,纵横股份,-0.015144508
13422,2025-01-23,601133,柏诚股份,-0.01518314
13423,2025-01-24,688600,皖仪科技,-0.015215684
13424,2025-01-24,603056,德邦股份,-0.015217792
13425,2025-01-22,603073,彩蝶实业,-0.015260741
13426,2025-01-24,300316,晶盛机电,-0.0152740665
13427,2025-01-24,300493,润欣科技,-0.015282676
13428,2025-01-22,605258,协和电子,-0.01528376
13429,2025-01-24,688045,必易微,-0.015295759
13430,2025-01-23,2664,信质集团,-0.015340727
13431,2025-01-23,3020,立方制药,-0.015354078
13432,2025-01-23,1306,夏厦精密,-0.015365668
13433,2025-01-22,688234,天岳先进,-0.0154007785
13434,2025-01-23,603085,天成自控,-0.015419152
13435,2025-01-24,301148,嘉戎技术,-0.015422266
13436,2025-01-24,2363,隆基机械,-0.0154301
13437,2025-01-23,603881,数据港,-0.015442427
13438,2025-01-22,300111,向日葵,-0.015464146
13439,2025-01-23,605066,天正电气,-0.015481405
13440,2025-01-22,2755,奥赛康,-0.015484933
13441,2025-01-22,2676,顺威股份,-0.015492465
13442,2025-01-22,710,贝瑞基因,-0.015510272
13443,2025-01-24,300952,恒辉安防,-0.015517358
13444,2025-01-23,600731,湖南海利,-0.015530448
13445,2025-01-24,605133,嵘泰股份,-0.015556276
13446,2025-01-22,2250,联化科技,-0.0155738965
13447,2025-01-22,300286,安科瑞,-0.015581697
13448,2025-01-22,600207,安彩高科,-0.015582558
13449,2025-01-23,605133,嵘泰股份,-0.015641887
13450,2025-01-23,603713,密尔克卫,-0.015644863
13451,2025-01-22,300513,恒实科技,-0.01566754
13452,2025-01-23,300033,同花顺,-0.015688028
13453,2025-01-22,603,盛达资源,-0.015711736
13454,2025-01-22,2795,永和智控,-0.0157568
13455,2025-01-22,603737,三棵树,-0.0157657
13456,2025-01-23,688296,和达科技,-0.015769038
13457,2025-01-23,688251,井松智能,-0.015773337
13458,2025-01-22,409,云鼎科技,-0.015775781
13459,2025-01-22,2468,申通快递,-0.015788902
13460,2025-01-22,300846,首都在线,-0.015814964
13461,2025-01-22,301085,亚康股份,-0.015821625
13462,2025-01-22,301121,紫建电子,-0.015830372
13463,2025-01-22,957,中通客车,-0.01587046
13464,2025-01-22,425,徐工机械,-0.015908655
13465,2025-01-22,50,深天马Ａ,-0.015912917
13466,2025-01-22,2012,凯恩股份,-0.01592239
13467,2025-01-22,2442,龙星科技,-0.015932094
13468,2025-01-22,2268,电科网安,-0.015941449
13469,2025-01-22,300666,江丰电子,-0.015948202
13470,2025-01-23,301611,珂玛科技,-0.015950166
13471,2025-01-22,301326,捷邦科技,-0.015962582
13472,2025-01-24,688502,茂莱光学,-0.015966278
13473,2025-01-22,600754,锦江酒店,-0.015968692
13474,2025-01-22,301148,嘉戎技术,-0.015973415
13475,2025-01-23,603165,荣晟环保,-0.016006324
13476,2025-01-22,300594,朗进科技,-0.016018186
13477,2025-01-21,300069,金利华电,-0.016022447
13478,2025-01-23,603737,三棵树,-0.016030315
13479,2025-01-23,1218,丽臣实业,-0.01606299
13480,2025-01-23,301063,海锅股份,-0.016096678
13481,2025-01-23,600410,华胜天成,-0.016101412
13482,2025-01-23,2725,跃岭股份,-0.016109195
13483,2025-01-22,300702,天宇股份,-0.016127404
13484,2025-01-22,603607,京华激光,-0.016127806
13485,2025-01-22,300440,运达科技,-0.01612921
13486,2025-01-22,2655,共达电声,-0.0161332
13487,2025-01-22,601600,中国铝业,-0.016168375
13488,2025-01-24,688565,力源科技,-0.016172636
13489,2025-01-22,603222,济民健康,-0.016174424
13490,2025-01-24,603222,济民健康,-0.016182013
13491,2025-01-23,688186,广大特材,-0.016213316
13492,2025-01-22,3036,泰坦股份,-0.016243529
13493,2025-01-22,603617,君禾股份,-0.016265292
13494,2025-01-22,301109,军信股份,-0.01627108
13495,2025-01-22,3019,宸展光电,-0.016289823
13496,2025-01-22,300715,凯伦股份,-0.016305987
13497,2025-01-23,603530,神马电力,-0.016414437
13498,2025-01-22,938,紫光股份,-0.016494673
13499,2025-01-23,301188,力诺药包,-0.01650865
13500,2025-01-23,2922,伊戈尔,-0.016531337
13501,2025-01-24,300063,天龙集团,-0.016549665
13502,2025-01-24,300684,中石科技,-0.016586263
13503,2025-01-22,2170,芭田股份,-0.01659679
13504,2025-01-24,301263,泰恩康,-0.016597707
13505,2025-01-23,688788,科思科技,-0.016623419
13506,2025-01-22,2252,上海莱士,-0.016645372
13507,2025-01-24,688093,世华科技,-0.016664706
13508,2025-01-23,601208,东材科技,-0.016677734
13509,2025-01-22,603599,广信股份,-0.016678475
13510,2025-01-23,301016,雷尔伟,-0.016678933
13511,2025-01-22,300803,指南针,-0.016686592
13512,2025-01-24,2517,恺英网络,-0.016703576
13513,2025-01-22,301235,华康医疗,-0.016754184
13514,2025-01-23,300715,凯伦股份,-0.016761195
13515,2025-01-22,2947,恒铭达,-0.016771305
13516,2025-01-24,300191,潜能恒信,-0.0167992
13517,2025-01-22,605300,佳禾食品,-0.016908728
13518,2025-01-24,605118,力鼎光电,-0.01690894
13519,2025-01-24,301336,趣睡科技,-0.016940262
13520,2025-01-22,605018,长华集团,-0.016957648
13521,2025-01-23,301209,联合化学,-0.016977336
13522,2025-01-24,603103,横店影视,-0.01698758
13523,2025-01-24,603082,北自科技,-0.016991355
13524,2025-01-22,2815,崇达技术,-0.016992297
13525,2025-01-23,301112,信邦智能,-0.017031882
13526,2025-01-23,603222,济民健康,-0.01706095
13527,2025-01-22,603048,浙江黎明,-0.017112236
13528,2025-01-24,301299,卓创资讯,-0.017135076
13529,2025-01-22,300628,亿联网络,-0.017190073
13530,2025-01-23,688521,芯原股份,-0.017215278
13531,2025-01-22,821,京山轻机,-0.017216172
13532,2025-01-22,301112,信邦智能,-0.017225645
13533,2025-01-23,603926,铁流股份,-0.017241757
13534,2025-01-23,627,天茂集团,-0.01724216
13535,2025-01-22,301558,三态股份,-0.01724957
13536,2025-01-24,600579,中化装备,-0.017257225
13537,2025-01-22,603915,国茂股份,-0.017264899
13538,2025-01-23,2379,宏创控股,-0.017281793
13539,2025-01-22,2591,恒大高新,-0.017296664
13540,2025-01-22,688097,博众精工,-0.017298106
13541,2025-01-23,400,许继电气,-0.017301384
13542,2025-01-22,300241,瑞丰光电,-0.017306797
13543,2025-01-24,605122,四方新材,-0.017309308
13544,2025-01-22,301395,仁信新材,-0.01734459
13545,2025-01-23,688336,三生国健,-0.017401006
13546,2025-01-23,688227,品高股份,-0.017403606
13547,2025-01-22,301331,恩威医药,-0.01744743
13548,2025-01-22,603730,岱美股份,-0.017463006
13549,2025-01-23,603219,富佳股份,-0.017467987
13550,2025-01-24,301081,严牌股份,-0.017496426
13551,2025-01-22,600505,西昌电力,-0.017523348
13552,2025-01-23,300102,乾照光电,-0.017535895
13553,2025-01-22,2860,星帅尔,-0.017550632
13554,2025-01-22,603050,科林电气,-0.01755118
13555,2025-01-24,2913,奥士康,-0.01758812
13556,2025-01-23,2698,博实股份,-0.01761059
13557,2025-01-23,688045,必易微,-0.017626476
13558,2025-01-23,688234,天岳先进,-0.017629463
13559,2025-01-24,2315,焦点科技,-0.017640676
13560,2025-01-23,928,中钢国际,-0.017712306
13561,2025-01-23,2315,焦点科技,-0.017717682
13562,2025-01-24,2370,亚太药业,-0.017734695
13563,2025-01-23,2891,中宠股份,-0.017743103
13564,2025-01-24,2322,理工能科,-0.017787676
13565,2025-01-24,2532,天山铝业,-0.01781186
13566,2025-01-24,300752,隆利科技,-0.017832581
13567,2025-01-22,936,华西股份,-0.017865572
13568,2025-01-24,688080,映翰通,-0.017875127
13569,2025-01-22,688089,嘉必优,-0.017904952
13570,2025-01-22,2455,百川股份,-0.017911222
13571,2025-01-22,688141,杰华特,-0.01792796
13572,2025-01-22,300938,信测标准,-0.01793705
13573,2025-01-22,688195,腾景科技,-0.01797339
13574,2025-01-22,2222,福晶科技,-0.018007953
13575,2025-01-24,902,新洋丰,-0.018025514
13576,2025-01-23,688131,皓元医药,-0.018031694
13577,2025-01-23,2441,众业达,-0.018063072
13578,2025-01-23,300863,卡倍亿,-0.018075671
13579,2025-01-22,301006,迈拓股份,-0.018076655
13580,2025-01-23,601019,山东出版,-0.018087376
13581,2025-01-22,603165,荣晟环保,-0.018089205
13582,2025-01-24,300749,顶固集创,-0.018149588
13583,2025-01-22,600584,长电科技,-0.01815736
13584,2025-01-22,2067,景兴纸业,-0.01817451
13585,2025-01-22,688159,有方科技,-0.018202849
13586,2025-01-22,301293,三博脑科,-0.018226255
13587,2025-01-22,2973,侨银股份,-0.01823521
13588,2025-01-23,2462,嘉事堂,-0.01827868
13589,2025-01-22,603258,电魂网络,-0.018307697
13590,2025-01-22,600750,江中药业,-0.018342398
13591,2025-01-22,603378,亚士创能,-0.018369295
13592,2025-01-24,300329,海伦钢琴,-0.01837822
13593,2025-01-22,300641,正丹股份,-0.018393256
13594,2025-01-23,2534,西子洁能,-0.018395703
13595,2025-01-23,688332,中科蓝讯,-0.018408105
13596,2025-01-22,928,中钢国际,-0.018411163
13597,2025-01-24,603686,福龙马,-0.018412191
13598,2025-01-22,688038,中科通达,-0.018423576
13599,2025-01-22,300650,太龙股份,-0.018491123
13600,2025-01-24,301028,东亚机械,-0.018502835
13601,2025-01-24,688100,威胜信息,-0.018529758
13602,2025-01-22,300337,银邦股份,-0.01853906
13603,2025-01-22,603328,依顿电子,-0.018555705
13604,2025-01-22,603040,新坐标,-0.018557288
13605,2025-01-22,300295,三六五网,-0.018571015
13606,2025-01-23,2209,达 意 隆,-0.018594101
13607,2025-01-24,300708,聚灿光电,-0.018661544
13608,2025-01-22,605507,国邦医药,-0.018674128
13609,2025-01-22,300505,川金诺,-0.01867773
13610,2025-01-24,2250,联化科技,-0.01869275
13611,2025-01-22,300285,国瓷材料,-0.018693682
13612,2025-01-22,2286,保龄宝,-0.01870925
13613,2025-01-24,600580,卧龙电驱,-0.018728878
13614,2025-01-24,2468,申通快递,-0.018753361
13615,2025-01-22,600644,乐山电力,-0.01876212
13616,2025-01-22,688503,聚和材料,-0.018782426
13617,2025-01-22,603706,东方环宇,-0.018807296
13618,2025-01-22,688593,新相微,-0.018856883
13619,2025-01-23,301331,恩威医药,-0.018875152
13620,2025-01-22,789,万年青,-0.018893018
13621,2025-01-22,603171,税友股份,-0.01890615
13622,2025-01-24,603669,灵康药业,-0.018915989
13623,2025-01-23,605376,博迁新材,-0.018929329
13624,2025-01-24,301186,超达装备,-0.018941566
13625,2025-01-22,603291,联合水务,-0.018955749
13626,2025-01-23,300329,海伦钢琴,-0.018966872
13627,2025-01-22,688671,碧兴物联,-0.018970352
13628,2025-01-22,600851,海欣股份,-0.018988963
13629,2025-01-23,688681,科汇股份,-0.018996794
13630,2025-01-22,801,四川九洲,-0.019013029
13631,2025-01-24,300848,美瑞新材,-0.019032355
13632,2025-01-23,600865,百大集团,-0.019044738
13633,2025-01-22,600007,中国国贸,-0.019108903
13634,2025-01-15,688293,奥浦迈,-0.019125085
13635,2025-01-22,301280,珠城科技,-0.019138094
13636,2025-01-24,686,东北证券,-0.01920354
13637,2025-01-23,603048,浙江黎明,-0.019242238
13638,2025-01-22,300133,华策影视,-0.019246671
13639,2025-01-23,300921,南凌科技,-0.019274157
13640,2025-01-22,2040,南 京 港,-0.019321952
13641,2025-01-22,2265,建设工业,-0.01932929
13642,2025-01-24,603216,梦天家居,-0.019349135
13643,2025-01-24,300816,艾可蓝,-0.019371446
13644,2025-01-22,688093,世华科技,-0.019398276
13645,2025-01-23,301591,肯特股份,-0.019400965
13646,2025-01-22,300533,冰川网络,-0.019409843
13647,2025-01-23,2913,奥士康,-0.019417014
13648,2025-01-23,2611,东方精工,-0.019430134
13649,2025-01-23,300522,世名科技,-0.019431833
13650,2025-01-23,300731,科创新源,-0.019450743
13651,2025-01-22,301626,苏州天脉,-0.019485071
13652,2025-01-22,300255,常山药业,-0.019499715
13653,2025-01-23,688480,赛恩斯,-0.019522391
13654,2025-01-23,603272,联翔股份,-0.019529443
13655,2025-01-24,688251,井松智能,-0.019543432
13656,2025-01-24,301052,果麦文化,-0.019553252
13657,2025-01-22,300603,立昂技术,-0.01961084
13658,2025-01-23,2600,领益智造,-0.019614283
13659,2025-01-22,2105,信隆健康,-0.019615311
13660,2025-01-23,603706,东方环宇,-0.019646406
13661,2025-01-24,600410,华胜天成,-0.019751947
13662,2025-01-23,300493,润欣科技,-0.019758869
13663,2025-01-23,603103,横店影视,-0.019777048
13664,2025-01-22,603029,天鹅股份,-0.019802827
13665,2025-01-22,300467,迅游科技,-0.019852597
13666,2025-01-22,600389,江山股份,-0.019865613
13667,2025-01-22,688182,灿勤科技,-0.019879077
13668,2025-01-22,933,神火股份,-0.019880597
13669,2025-01-22,1202,炬申股份,-0.019910205
13670,2025-01-22,300854,中兰环保,-0.019911863
13671,2025-01-22,2725,跃岭股份,-0.019926783
13672,2025-01-23,301006,迈拓股份,-0.01992746
13673,2025-01-23,301052,果麦文化,-0.019946631
13674,2025-01-22,728,国元证券,-0.019957434
13675,2025-01-24,688536,思瑞浦,-0.019965786
13676,2025-01-23,55,方大集团,-0.019972496
13677,2025-01-22,1260,坤泰股份,-0.020001475
13678,2025-01-22,603505,金石资源,-0.020001944
13679,2025-01-22,403,派林生物,-0.020023499
13680,2025-01-23,2932,明德生物,-0.020050526
13681,2025-01-24,688234,天岳先进,-0.020069603
13682,2025-01-23,603499,翔港科技,-0.020071361
13683,2025-01-22,1205,盛航股份,-0.020096045
13684,2025-01-23,2553,南方精工,-0.02012077
13685,2025-01-22,605133,嵘泰股份,-0.020153496
13686,2025-01-22,689009,九号公司-WD,-0.02022395
13687,2025-01-23,633,合金投资,-0.020234536
13688,2025-01-24,300969,恒帅股份,-0.020243209
13689,2025-01-24,1309,德明利,-0.02025221
13690,2025-01-22,600694,大商股份,-0.02028219
13691,2025-01-22,600645,中源协和,-0.020302482
13692,2025-01-22,300455,航天智装,-0.020317487
13693,2025-01-23,603811,诚意药业,-0.020331569
13694,2025-01-22,688128,中国电研,-0.02035315
13695,2025-01-22,688611,杭州柯林,-0.02040945
13696,2025-01-24,2296,辉煌科技,-0.020419072
13697,2025-01-22,807,云铝股份,-0.020432215
13698,2025-01-23,2514,宝馨科技,-0.02046651
13699,2025-01-22,605068,明新旭腾,-0.0204678
13700,2025-01-24,300973,立高食品,-0.020484675
13701,2025-01-22,300907,康平科技,-0.02052613
13702,2025-01-23,688502,茂莱光学,-0.020538613
13703,2025-01-22,2315,焦点科技,-0.020568155
13704,2025-01-23,2139,拓邦股份,-0.020587496
13705,2025-01-22,301033,迈普医学,-0.020588826
13706,2025-01-24,563,陕国投Ａ,-0.020663489
13707,2025-01-22,688347,华虹公司,-0.020684887
13708,2025-01-23,300910,瑞丰新材,-0.020717572
13709,2025-01-23,603378,亚士创能,-0.020743817
13710,2025-01-23,963,华东医药,-0.020756453
13711,2025-01-24,2738,中矿资源,-0.02076697
13712,2025-01-23,789,万年青,-0.020789668
13713,2025-01-23,600883,博闻科技,-0.020793475
13714,2025-01-22,603219,富佳股份,-0.020794783
13715,2025-01-24,600645,中源协和,-0.020818189
13716,2025-01-22,300381,溢多利,-0.02082761
13717,2025-01-22,300840,酷特智能,-0.020842787
13718,2025-01-24,3017,大洋生物,-0.020844404
13719,2025-01-22,300848,美瑞新材,-0.02085349
13720,2025-01-23,600686,金龙汽车,-0.0208827
13721,2025-01-24,301011,华立科技,-0.02090313
13722,2025-01-23,2468,申通快递,-0.020913448
13723,2025-01-22,688550,瑞联新材,-0.020924982
13724,2025-01-24,600082,海泰发展,-0.02094686
13725,2025-01-23,600026,中远海能,-0.020970333
13726,2025-01-22,301299,卓创资讯,-0.020971093
13727,2025-01-23,300365,恒华科技,-0.020997457
13728,2025-01-23,300709,精研科技,-0.02102606
13729,2025-01-22,301052,果麦文化,-0.021050304
13730,2025-01-24,603901,永创智能,-0.02105799
13731,2025-01-23,600580,卧龙电驱,-0.021097016
13732,2025-01-22,605058,澳弘电子,-0.021120023
13733,2025-01-23,688777,中控技术,-0.021123808
13734,2025-01-22,2738,中矿资源,-0.021192424
13735,2025-01-24,2929,润建股份,-0.021220211
13736,2025-01-22,301398,星源卓镁,-0.021221556
13737,2025-01-22,601133,柏诚股份,-0.021281328
13738,2025-01-23,603790,雅运股份,-0.021307647
13739,2025-01-22,2245,蔚蓝锂芯,-0.021324988
13740,2025-01-23,603176,汇通集团,-0.021329481
13741,2025-01-24,688089,嘉必优,-0.021354664
13742,2025-01-22,1283,豪鹏科技,-0.021416638
13743,2025-01-24,688401,路维光电,-0.021453883
13744,2025-01-22,301042,安联锐视,-0.021475825
13745,2025-01-23,300295,三六五网,-0.021481056
13746,2025-01-23,300513,恒实科技,-0.021528687
13747,2025-01-22,688981,中芯国际,-0.021584317
13748,2025-01-22,688616,西力科技,-0.021639172
13749,2025-01-23,300836,佰奥智能,-0.021685667
13750,2025-01-24,600367,红星发展,-0.021748383
13751,2025-01-23,2681,奋达科技,-0.02175359
13752,2025-01-22,300304,云意电气,-0.021755945
13753,2025-01-24,300660,江苏雷利,-0.02176563
13754,2025-01-22,603235,天新药业,-0.021787938
13755,2025-01-23,603297,永新光学,-0.021802254
13756,2025-01-22,2886,沃特股份,-0.021813016
13757,2025-01-24,977,浪潮信息,-0.02181976
13758,2025-01-22,593,德龙汇能,-0.021828853
13759,2025-01-22,1282,三联锻造,-0.021873374
13760,2025-01-23,2517,恺英网络,-0.021879282
13761,2025-01-24,688157,松井股份,-0.021882888
13762,2025-01-22,2692,远程股份,-0.021934312
13763,2025-01-22,688596,正帆科技,-0.021983046
13764,2025-01-22,2451,摩恩电气,-0.02201853
13765,2025-01-24,688056,莱伯泰科,-0.022023872
13766,2025-01-23,601869,长飞光纤,-0.02202436
13767,2025-01-22,688400,凌云光,-0.022024747
13768,2025-01-22,688208,道通科技,-0.022038493
13769,2025-01-22,2148,北纬科技,-0.022068676
13770,2025-01-22,688767,博拓生物,-0.022075366
13771,2025-01-23,300316,晶盛机电,-0.022111665
13772,2025-01-22,300543,朗科智能,-0.022124667
13773,2025-01-22,686,东北证券,-0.022132177
13774,2025-01-23,603,盛达资源,-0.022172652
13775,2025-01-24,300465,高伟达,-0.022186134
13776,2025-01-22,300453,三鑫医疗,-0.022186976
13777,2025-01-24,688360,德马科技,-0.022212025
13778,2025-01-23,300846,首都在线,-0.022213805
13779,2025-01-22,2916,深南电路,-0.02221777
13780,2025-01-23,300611,美力科技,-0.02226878
13781,2025-01-22,688087,英科再生,-0.022273004
13782,2025-01-22,603056,德邦股份,-0.022277448
13783,2025-01-24,300150,世纪瑞尔,-0.022314612
13784,2025-01-24,688081,兴图新科,-0.022391476
13785,2025-01-23,300703,创源股份,-0.022393342
13786,2025-01-22,688227,品高股份,-0.022404987
13787,2025-01-23,1333,光华股份,-0.022407096
13788,2025-01-22,301016,雷尔伟,-0.022447854
13789,2025-01-24,301006,迈拓股份,-0.022498976
13790,2025-01-24,688618,三旺通信,-0.022506762
13791,2025-01-24,300804,广康生化,-0.022523988
13792,2025-01-22,1333,光华股份,-0.022528943
13793,2025-01-23,601872,招商轮船,-0.022562098
13794,2025-01-22,688648,中邮科技,-0.022562329
13795,2025-01-22,603811,诚意药业,-0.022589821
13796,2025-01-24,600988,赤峰黄金,-0.022616312
13797,2025-01-22,600967,内蒙一机,-0.02263553
13798,2025-01-22,688111,金山办公,-0.022672664
13799,2025-01-24,603677,奇精机械,-0.022680454
13800,2025-01-22,2318,久立特材,-0.022691734
13801,2025-01-23,603056,德邦股份,-0.022701297
13802,2025-01-24,2031,巨轮智能,-0.02281468
13803,2025-01-22,688257,新锐股份,-0.022842139
13804,2025-01-24,2390,信邦制药,-0.022876475
13805,2025-01-23,688226,威腾电气,-0.022913583
13806,2025-01-22,913,钱江摩托,-0.022973996
13807,2025-01-22,688502,茂莱光学,-0.022996042
13808,2025-01-24,2553,南方精工,-0.023076173
13809,2025-01-23,531,穗恒运Ａ,-0.023080636
13810,2025-01-24,2212,天融信,-0.023086317
13811,2025-01-22,300454,深信服,-0.023099497
13812,2025-01-22,600359,新农开发,-0.023114499
13813,2025-01-22,600730,中国高科,-0.023126286
13814,2025-01-23,600835,上海机电,-0.023222521
13815,2025-01-24,2209,达 意 隆,-0.023223065
13816,2025-01-22,603568,伟明环保,-0.023230348
13817,2025-01-23,1260,坤泰股份,-0.023343507
13818,2025-01-23,300755,华致酒行,-0.023348104
13819,2025-01-22,603663,三祥新材,-0.023371514
13820,2025-01-23,600312,平高电气,-0.02340627
13821,2025-01-24,688347,华虹公司,-0.023409631
13822,2025-01-23,2212,天融信,-0.02347796
13823,2025-01-23,688221,前沿生物-U,-0.023491707
13824,2025-01-22,600733,北汽蓝谷,-0.023510464
13825,2025-01-23,1238,浙江正特,-0.023537371
13826,2025-01-23,2671,龙泉股份,-0.023587968
13827,2025-01-22,2611,东方精工,-0.023604088
13828,2025-01-24,603073,彩蝶实业,-0.023617204
13829,2025-01-23,2350,北京科锐,-0.023634925
13830,2025-01-23,301326,捷邦科技,-0.023645021
13831,2025-01-24,605599,菜百股份,-0.023667742
13832,2025-01-24,300938,信测标准,-0.023671087
13833,2025-01-23,688766,普冉股份,-0.023682628
13834,2025-01-23,603556,海兴电力,-0.023727227
13835,2025-01-22,300703,创源股份,-0.023771204
13836,2025-01-22,300172,中电环保,-0.023781963
13837,2025-01-23,603595,东尼电子,-0.02380697
13838,2025-01-22,2774,快意电梯,-0.023814254
13839,2025-01-24,300528,幸福蓝海,-0.023848817
13840,2025-01-22,600615,丰华股份,-0.023864254
13841,2025-01-23,688269,凯立新材,-0.023869593
13842,2025-01-22,1299,美能能源,-0.023870993
13843,2025-01-22,688368,晶丰明源,-0.02389745
13844,2025-01-22,688401,路维光电,-0.023916572
13845,2025-01-24,300991,创益通,-0.02392647
13846,2025-01-23,605088,冠盛股份,-0.023947641
13847,2025-01-22,688629,华丰科技,-0.023987398
13848,2025-01-24,688428,诺诚健华-U,-0.02400196
13849,2025-01-23,2107,沃华医药,-0.024035592
13850,2025-01-23,688179,阿拉丁,-0.024042055
13851,2025-01-24,603585,苏利股份,-0.024043046
13852,2025-01-24,301227,森鹰窗业,-0.02404708
13853,2025-01-24,688302,海创药业-U,-0.02404913
13854,2025-01-23,300183,东软载波,-0.024109002
13855,2025-01-22,2933,新兴装备,-0.024134137
13856,2025-01-22,688079,美迪凯,-0.024137322
13857,2025-01-22,688419,耐科装备,-0.024179246
13858,2025-01-22,688631,莱斯信息,-0.024201486
13859,2025-01-23,605178,时空科技,-0.024215903
13860,2025-01-23,301203,国泰环保,-0.024250235
13861,2025-01-23,301210,金杨股份,-0.024315927
13862,2025-01-21,688720,艾森股份,-0.02431782
13863,2025-01-22,300568,星源材质,-0.024323765
13864,2025-01-22,688668,鼎通科技,-0.024324503
13865,2025-01-22,300921,南凌科技,-0.024333183
13866,2025-01-23,600082,海泰发展,-0.024353012
13867,2025-01-24,688179,阿拉丁,-0.02436354
13868,2025-01-23,300558,贝达药业,-0.024370898
13869,2025-01-23,688507,索辰科技,-0.02438926
13870,2025-01-22,3017,大洋生物,-0.024444625
13871,2025-01-22,603829,洛凯股份,-0.02444712
13872,2025-01-22,603305,旭升集团,-0.02452087
13873,2025-01-22,603633,徕木股份,-0.024555005
13874,2025-01-22,812,陕西金叶,-0.024609935
13875,2025-01-23,301336,趣睡科技,-0.024613686
13876,2025-01-23,301028,东亚机械,-0.02462427
13877,2025-01-22,603296,华勤技术,-0.02464962
13878,2025-01-24,600707,彩虹股份,-0.024692472
13879,2025-01-22,600143,金发科技,-0.024695914
13880,2025-01-23,301081,严牌股份,-0.024697755
13881,2025-01-22,2743,富煌钢构,-0.02470513
13882,2025-01-22,2350,北京科锐,-0.02470576
13883,2025-01-24,688475,萤石网络,-0.024722364
13884,2025-01-22,603979,金诚信,-0.024729047
13885,2025-01-22,688701,卓锦股份,-0.024767239
13886,2025-01-22,301076,新瀚新材,-0.024775859
13887,2025-01-24,688416,恒烁股份,-0.024777327
13888,2025-01-23,688208,道通科技,-0.024843995
13889,2025-01-23,603829,洛凯股份,-0.024861064
13890,2025-01-22,603212,赛伍技术,-0.024926256
13891,2025-01-23,688506,百利天恒-U,-0.024929281
13892,2025-01-24,600812,华北制药,-0.024991293
13893,2025-01-22,2281,光迅科技,-0.02500264
13894,2025-01-22,2734,利民股份,-0.025003653
13895,2025-01-23,1338,永顺泰,-0.025025416
13896,2025-01-24,301031,中熔电气,-0.02503505
13897,2025-01-24,300383,光环新网,-0.025084365
13898,2025-01-23,300680,隆盛科技,-0.025095318
13899,2025-01-24,301380,挖金客,-0.0251506
13900,2025-01-22,679,大连友谊,-0.025163602
13901,2025-01-22,603069,海汽集团,-0.025165033
13902,2025-01-23,300172,中电环保,-0.025185164
13903,2025-01-24,688332,中科蓝讯,-0.025211487
13904,2025-01-23,688679,通源环境,-0.025255512
13905,2025-01-22,300321,同大股份,-0.025300186
13906,2025-01-23,605339,南侨食品,-0.025301564
13907,2025-01-22,300632,光莆股份,-0.025341008
13908,2025-01-22,2913,奥士康,-0.025424924
13909,2025-01-24,605286,同力日升,-0.025461297
13910,2025-01-24,603908,牧高笛,-0.025504228
13911,2025-01-22,977,浪潮信息,-0.025518615
13912,2025-01-23,301107,瑜欣电子,-0.025653247
13913,2025-01-23,2250,联化科技,-0.025657203
13914,2025-01-22,300342,天银机电,-0.025677081
13915,2025-01-23,300871,回盛生物,-0.025713485
13916,2025-01-22,603121,华培动力,-0.02571584
13917,2025-01-23,688272,富吉瑞,-0.025824983
13918,2025-01-22,300817,双飞集团,-0.02584463
13919,2025-01-23,688136,科兴制药,-0.02586976
13920,2025-01-22,3006,百亚股份,-0.025901478
13921,2025-01-22,300436,广生堂,-0.025938641
13922,2025-01-23,3008,开普检测,-0.02595624
13923,2025-01-23,603073,彩蝶实业,-0.026086327
13924,2025-01-24,688701,卓锦股份,-0.02623434
13925,2025-01-22,301031,中熔电气,-0.026255693
13926,2025-01-23,1226,拓山重工,-0.026265275
13927,2025-01-22,2328,新朋股份,-0.02628399
13928,2025-01-22,605055,迎丰股份,-0.026360381
13929,2025-01-23,688239,航宇科技,-0.026389476
13930,2025-01-23,688701,卓锦股份,-0.026390534
13931,2025-01-22,300150,世纪瑞尔,-0.026431192
13932,2025-01-23,603729,龙韵股份,-0.02653024
13933,2025-01-22,600507,方大特钢,-0.026537854
13934,2025-01-23,300022,吉峰科技,-0.026604172
13935,2025-01-23,301148,嘉戎技术,-0.02661891
13936,2025-01-22,600579,中化装备,-0.026622798
13937,2025-01-22,605169,洪通燃气,-0.026630726
13938,2025-01-23,688687,凯因科技,-0.026642535
13939,2025-01-22,301397,溯联股份,-0.026667196
13940,2025-01-24,603093,南华期货,-0.026733901
13941,2025-01-24,300100,双林股份,-0.026785847
13942,2025-01-22,600312,平高电气,-0.026810158
13943,2025-01-23,688676,金盘科技,-0.026823085
13944,2025-01-22,636,风华高科,-0.026851509
13945,2025-01-24,301102,兆讯传媒,-0.026888583
13946,2025-01-22,301051,信濠光电,-0.026891928
13947,2025-01-24,3021,兆威机电,-0.026898418
13948,2025-01-23,300913,兆龙互连,-0.026904266
13949,2025-01-22,688506,百利天恒-U,-0.026912566
13950,2025-01-22,1317,三羊马,-0.026917469
13951,2025-01-23,300804,广康生化,-0.027044278
13952,2025-01-22,688019,安集科技,-0.027049597
13953,2025-01-23,603058,永吉股份,-0.02705292
13954,2025-01-24,688485,九州一轨,-0.027105946
13955,2025-01-22,688720,艾森股份,-0.027127076
13956,2025-01-22,2392,北京利尔,-0.027195048
13957,2025-01-22,600026,中远海能,-0.02720068
13958,2025-01-23,300442,润泽科技,-0.027205605
13959,2025-01-24,2364,中恒电气,-0.027230095
13960,2025-01-23,301117,佳缘科技,-0.027232941
13961,2025-01-23,301260,格力博,-0.027344275
13962,2025-01-24,300233,金城医药,-0.027355786
13963,2025-01-22,2649,博彦科技,-0.027383264
13964,2025-01-24,600161,天坛生物,-0.027395774
13965,2025-01-23,603416,信捷电气,-0.02739827
13966,2025-01-23,603216,梦天家居,-0.027413648
13967,2025-01-22,2635,安洁科技,-0.027432185
13968,2025-01-24,300789,唐源电气,-0.027432669
13969,2025-01-22,400,许继电气,-0.027449798
13970,2025-01-22,688343,云天励飞-U,-0.027468842
13971,2025-01-22,301203,国泰环保,-0.027517255
13972,2025-01-23,300545,联得装备,-0.027521145
13973,2025-01-23,600729,重庆百货,-0.027579557
13974,2025-01-22,2126,银轮股份,-0.027637493
13975,2025-01-23,688577,浙海德曼,-0.02769604
13976,2025-01-24,603,盛达资源,-0.027715381
13977,2025-01-23,600988,赤峰黄金,-0.027720604
13978,2025-01-23,688618,三旺通信,-0.02774125
13979,2025-01-24,3008,开普检测,-0.027768027
13980,2025-01-22,3008,开普检测,-0.02779552
13981,2025-01-22,600858,银座股份,-0.027826194
13982,2025-01-22,688681,科汇股份,-0.027838897
13983,2025-01-22,603193,润本股份,-0.027899329
13984,2025-01-22,301301,川宁生物,-0.027920764
13985,2025-01-24,301107,瑜欣电子,-0.027957898
13986,2025-01-22,688418,震有科技,-0.028010648
13987,2025-01-23,688080,映翰通,-0.028021593
13988,2025-01-22,301323,新莱福,-0.028044354
13989,2025-01-22,301056,森赫股份,-0.028054375
13990,2025-01-24,603067,振华股份,-0.028141845
13991,2025-01-22,300445,康斯特,-0.028196681
13992,2025-01-22,2950,奥美医疗,-0.028233256
13993,2025-01-22,688029,南微医学,-0.028247986
13994,2025-01-24,300488,恒锋工具,-0.028253276
13995,2025-01-22,300863,卡倍亿,-0.028253388
13996,2025-01-22,2821,凯莱英,-0.028274234
13997,2025-01-23,688123,聚辰股份,-0.028284948
13998,2025-01-23,301263,泰恩康,-0.028288286
13999,2025-01-24,603505,金石资源,-0.028323535
14000,2025-01-22,301319,唯特偶,-0.028429832
14001,2025-01-22,1256,炜冈科技,-0.028471176
14002,2025-01-22,2322,理工能科,-0.028485779
14003,2025-01-24,2979,雷赛智能,-0.0285086
14004,2025-01-23,603677,奇精机械,-0.028574165
14005,2025-01-22,688679,通源环境,-0.028579231
14006,2025-01-22,600885,宏发股份,-0.028621178
14007,2025-01-23,688191,智洋创新,-0.028631646
14008,2025-01-23,300308,中际旭创,-0.028633762
14009,2025-01-24,600694,大商股份,-0.02864417
14010,2025-01-24,603393,新天然气,-0.028653797
14011,2025-01-24,688102,斯瑞新材,-0.028694611
14012,2025-01-23,603325,博隆技术,-0.028795477
14013,2025-01-24,301300,远翔新材,-0.028802078
14014,2025-01-22,301366,一博科技,-0.028841373
14015,2025-01-22,605196,华通线缆,-0.028875139
14016,2025-01-22,300306,远方信息,-0.028903302
14017,2025-01-23,605319,无锡振华,-0.02890459
14018,2025-01-22,688520,神州细胞-U,-0.028907564
14019,2025-01-23,600689,上海三毛,-0.028932478
14020,2025-01-24,688331,荣昌生物,-0.028956372
14021,2025-01-23,600851,海欣股份,-0.02899484
14022,2025-01-24,605060,联德股份,-0.029002119
14023,2025-01-22,3007,直真科技,-0.02900983
14024,2025-01-22,626,远大控股,-0.02901503
14025,2025-01-22,2368,太极股份,-0.029017378
14026,2025-01-23,688152,麒麟信安,-0.029089887
14027,2025-01-23,688722,同益中,-0.029102404
14028,2025-01-24,300910,瑞丰新材,-0.029107366
14029,2025-01-24,504,南华生物,-0.029127743
14030,2025-01-22,301107,瑜欣电子,-0.029168572
14031,2025-01-23,603585,苏利股份,-0.02936453
14032,2025-01-24,688067,爱威科技,-0.029370751
14033,2025-01-22,603000,人民网,-0.029387277
14034,2025-01-22,2534,西子洁能,-0.0293977
14035,2025-01-24,605222,起帆电缆,-0.029446553
14036,2025-01-22,603062,麦加芯彩,-0.02945092
14037,2025-01-24,600507,方大特钢,-0.029473651
14038,2025-01-22,1226,拓山重工,-0.029473763
14039,2025-01-24,688686,奥普特,-0.02949762
14040,2025-01-23,2390,信邦制药,-0.029515777
14041,2025-01-22,301099,雅创电子,-0.029542152
14042,2025-01-22,603556,海兴电力,-0.029549088
14043,2025-01-22,300071,福石控股,-0.029595118
14044,2025-01-23,688102,斯瑞新材,-0.02961133
14045,2025-01-22,2745,木林森,-0.029635992
14046,2025-01-23,2370,亚太药业,-0.029657912
14047,2025-01-22,688067,爱威科技,-0.029661413
14048,2025-01-22,688552,航天南湖,-0.02967609
14049,2025-01-24,300950,德固特,-0.029689383
14050,2025-01-24,300546,雄帝科技,-0.029697139
14051,2025-01-24,300539,横河精密,-0.029720906
14052,2025-01-23,2755,奥赛康,-0.029814128
14053,2025-01-22,300758,七彩化学,-0.029821876
14054,2025-01-23,603617,君禾股份,-0.029839542
14055,2025-01-22,531,穗恒运Ａ,-0.029841494
14056,2025-01-24,688286,敏芯股份,-0.029850911
14057,2025-01-22,688600,皖仪科技,-0.029880587
14058,2025-01-24,300442,润泽科技,-0.029904004
14059,2025-01-22,688479,友车科技,-0.029905032
14060,2025-01-23,688329,艾隆科技,-0.02991357
14061,2025-01-23,688428,诺诚健华-U,-0.029916856
14062,2025-01-22,601872,招商轮船,-0.029955786
14063,2025-01-22,301380,挖金客,-0.030024353
14064,2025-01-23,688685,迈信林,-0.030069988
14065,2025-01-24,301059,金三江,-0.03010844
14066,2025-01-22,301459,丰茂股份,-0.030151438
14067,2025-01-22,600160,巨化股份,-0.030154157
14068,2025-01-22,997,新 大 陆,-0.03019965
14069,2025-01-23,603686,福龙马,-0.030226927
14070,2025-01-23,600615,丰华股份,-0.03023145
14071,2025-01-22,300940,南极光,-0.030238103
14072,2025-01-23,301205,联特科技,-0.030238744
14073,2025-01-23,688326,经纬恒润-W,-0.03031541
14074,2025-01-24,688200,华峰测控,-0.030380514
14075,2025-01-23,2666,德联集团,-0.030435134
14076,2025-01-22,301263,泰恩康,-0.030450765
14077,2025-01-23,300681,英搏尔,-0.030451905
14078,2025-01-23,600576,祥源文旅,-0.030480992
14079,2025-01-22,3028,振邦智能,-0.030526172
14080,2025-01-24,603598,引力传媒,-0.030538809
14081,2025-01-22,603111,康尼机电,-0.030586403
14082,2025-01-24,688722,同益中,-0.030607935
14083,2025-01-22,300986,志特新材,-0.030664977
14084,2025-01-24,301053,远信工业,-0.030678201
14085,2025-01-23,2066,瑞泰科技,-0.030705143
14086,2025-01-22,600689,上海三毛,-0.030774545
14087,2025-01-23,688369,致远互联,-0.030784931
14088,2025-01-24,2843,泰嘉股份,-0.030795138
14089,2025-01-24,300033,同花顺,-0.030821424
14090,2025-01-24,688578,艾力斯,-0.030828122
14091,2025-01-24,300731,科创新源,-0.030836385
14092,2025-01-23,688302,海创药业-U,-0.030842703
14093,2025-01-23,300412,迦南科技,-0.030922499
14094,2025-01-23,2130,沃尔核材,-0.030923363
14095,2025-01-23,688095,福昕软件,-0.030931804
14096,2025-01-22,823,超声电子,-0.030946936
14097,2025-01-24,1267,汇绿生态,-0.031004857
14098,2025-01-22,688428,诺诚健华-U,-0.031046238
14099,2025-01-22,688531,日联科技,-0.031057615
14100,2025-01-22,300910,瑞丰新材,-0.031106856
14101,2025-01-24,605339,南侨食品,-0.031116601
14102,2025-01-22,300114,中航电测,-0.03112052
14103,2025-01-22,600367,红星发展,-0.031175021
14104,2025-01-23,2722,物产金轮,-0.03122617
14105,2025-01-23,300380,安硕信息,-0.03129239
14106,2025-01-23,688089,嘉必优,-0.03129999
14107,2025-01-24,688766,普冉股份,-0.031323936
14108,2025-01-23,603089,正裕工业,-0.03133392
14109,2025-01-23,600693,东百集团,-0.031343054
14110,2025-01-23,301031,中熔电气,-0.031454366
14111,2025-01-22,791,甘肃能源,-0.03146569
14112,2025-01-22,2969,嘉美包装,-0.03147522
14113,2025-01-22,601595,上海电影,-0.03149871
14114,2025-01-24,603662,柯力传感,-0.03150789
14115,2025-01-23,688100,威胜信息,-0.031537544
14116,2025-01-23,2774,快意电梯,-0.03160007
14117,2025-01-24,2497,雅化集团,-0.031600814
14118,2025-01-22,300022,吉峰科技,-0.031636383
14119,2025-01-24,605116,奥锐特,-0.03168774
14120,2025-01-24,689009,九号公司-WD,-0.031905424
14121,2025-01-22,688628,优利德,-0.03200231
14122,2025-01-22,1319,铭科精技,-0.03200751
14123,2025-01-22,2600,领益智造,-0.032030504
14124,2025-01-22,301188,力诺药包,-0.03215367
14125,2025-01-23,603319,湘油泵,-0.03216559
14126,2025-01-22,300613,富瀚微,-0.0323168
14127,2025-01-23,300546,雄帝科技,-0.032353114
14128,2025-01-24,300558,贝达药业,-0.032353174
14129,2025-01-23,2448,中原内配,-0.032431018
14130,2025-01-22,603686,福龙马,-0.032447588
14131,2025-01-24,603226,菲林格尔,-0.03248514
14132,2025-01-23,300454,深信服,-0.032534625
14133,2025-01-22,1328,登康口腔,-0.03253893
14134,2025-01-22,688326,经纬恒润-W,-0.032568198
14135,2025-01-22,688100,威胜信息,-0.03263439
14136,2025-01-23,605599,菜百股份,-0.032639112
14137,2025-01-22,300871,回盛生物,-0.032668162
14138,2025-01-23,688581,安杰思,-0.03267091
14139,2025-01-22,2370,亚太药业,-0.032687973
14140,2025-01-24,2795,永和智控,-0.03282469
14141,2025-01-23,300986,志特新材,-0.032855216
14142,2025-01-24,2273,水晶光电,-0.03286853
14143,2025-01-23,2738,中矿资源,-0.032882746
14144,2025-01-24,688767,博拓生物,-0.032951426
14145,2025-01-23,300661,圣邦股份,-0.032976132
14146,2025-01-23,688258,卓易信息,-0.03307767
14147,2025-01-22,2997,瑞鹄模具,-0.033123907
14148,2025-01-22,300232,洲明科技,-0.033210907
14149,2025-01-24,603890,春秋电子,-0.033291172
14150,2025-01-23,688518,联赢激光,-0.03331888
14151,2025-01-23,688081,兴图新科,-0.033327963
14152,2025-01-23,603822,嘉澳环保,-0.033442196
14153,2025-01-24,605589,圣泉集团,-0.03346749
14154,2025-01-22,301185,鸥玛软件,-0.033468697
14155,2025-01-24,1238,浙江正特,-0.033468988
14156,2025-01-22,628,高新发展,-0.033491876
14157,2025-01-22,300913,兆龙互连,-0.033502262
14158,2025-01-22,301611,珂玛科技,-0.03352342
14159,2025-01-24,688266,泽璟制药-U,-0.033553172
14160,2025-01-22,688333,铂力特,-0.033569653
14161,2025-01-22,2625,光启技术,-0.033701953
14162,2025-01-22,688070,纵横股份,-0.033708308
14163,2025-01-24,603062,麦加芯彩,-0.03371552
14164,2025-01-24,2707,众信旅游,-0.033759866
14165,2025-01-23,603815,交建股份,-0.033844884
14166,2025-01-23,2707,众信旅游,-0.03388528
14167,2025-01-23,688498,源杰科技,-0.033886623
14168,2025-01-22,603815,交建股份,-0.03390858
14169,2025-01-22,603677,奇精机械,-0.03390975
14170,2025-01-23,688286,敏芯股份,-0.033945676
14171,2025-01-22,2213,大为股份,-0.033954535
14172,2025-01-23,504,南华生物,-0.03398509
14173,2025-01-22,600868,梅雁吉祥,-0.034013834
14174,2025-01-23,301076,新瀚新材,-0.034014177
14175,2025-01-23,603045,福达合金,-0.034030396
14176,2025-01-22,2747,埃斯顿,-0.034115862
14177,2025-01-23,533,顺钠股份,-0.03419805
14178,2025-01-22,301260,格力博,-0.034228977
14179,2025-01-22,688192,迪哲医药-U,-0.034238916
14180,2025-01-24,1380,华纬科技,-0.034247365
14181,2025-01-24,2923,润都股份,-0.034366664
14182,2025-01-22,600718,东软集团,-0.034391966
14183,2025-01-22,2335,科华数据,-0.034479883
14184,2025-01-23,2734,利民股份,-0.03448065
14185,2025-01-22,688518,联赢激光,-0.034539264
14186,2025-01-22,300604,长川科技,-0.03457399
14187,2025-01-22,573,粤宏远Ａ,-0.03457768
14188,2025-01-23,2273,水晶光电,-0.03460103
14189,2025-01-23,603275,众辰科技,-0.03464466
14190,2025-01-23,600507,方大特钢,-0.034723017
14191,2025-01-24,1338,永顺泰,-0.034781124
14192,2025-01-24,2969,嘉美包装,-0.03482266
14193,2025-01-23,300950,德固特,-0.034851905
14194,2025-01-22,2671,龙泉股份,-0.034925837
14195,2025-01-24,688531,日联科技,-0.03507894
14196,2025-01-23,300848,美瑞新材,-0.03516342
14197,2025-01-24,301080,百普赛斯,-0.03521606
14198,2025-01-23,300001,特锐德,-0.035220195
14199,2025-01-22,688622,禾信仪器,-0.035245273
14200,2025-01-22,300421,力星股份,-0.03533798
14201,2025-01-23,679,大连友谊,-0.035364103
14202,2025-01-22,605198,安德利,-0.035380762
14203,2025-01-24,300503,昊志机电,-0.035386052
14204,2025-01-24,2850,科达利,-0.035395186
14205,2025-01-22,300973,立高食品,-0.03546275
14206,2025-01-22,301081,严牌股份,-0.035484944
14207,2025-01-24,300553,集智股份,-0.035529416
14208,2025-01-22,688045,必易微,-0.035546478
14209,2025-01-22,688662,富信科技,-0.035561915
14210,2025-01-23,603908,牧高笛,-0.035575237
14211,2025-01-22,2379,宏创控股,-0.035578694
14212,2025-01-22,2403,爱仕达,-0.035635885
14213,2025-01-23,603991,至正股份,-0.035870668
14214,2025-01-22,2636,金安国纪,-0.035932433
14215,2025-01-23,300449,汉邦高科,-0.036023494
14216,2025-01-22,688322,奥比中光-UW,-0.03607672
14217,2025-01-22,600079,人福医药,-0.036103036
14218,2025-01-22,300680,隆盛科技,-0.036128502
14219,2025-01-22,605116,奥锐特,-0.036184367
14220,2025-01-23,300383,光环新网,-0.036189836
14221,2025-01-22,688475,萤石网络,-0.03622986
14222,2025-01-27,688013,天臣医疗,-0.03629
14223,2025-01-23,603068,博通集成,-0.036290344
14224,2025-01-24,300221,银禧科技,-0.036354583
14225,2025-01-23,600967,内蒙一机,-0.036386725
14226,2025-01-22,688722,同益中,-0.03638692
14227,2025-01-23,300058,蓝色光标,-0.036398444
14228,2025-01-24,603617,君禾股份,-0.036465865
14229,2025-01-22,2532,天山铝业,-0.036541548
14230,2025-01-22,603129,春风动力,-0.036563415
14231,2025-01-24,688617,惠泰医疗,-0.03657524
14232,2025-01-23,689009,九号公司-WD,-0.036599923
14233,2025-01-23,300503,昊志机电,-0.036613073
14234,2025-01-22,688578,艾力斯,-0.036666054
14235,2025-01-24,300001,特锐德,-0.036707964
14236,2025-01-22,301598,博科测试,-0.036720272
14237,2025-01-22,605179,一鸣食品,-0.03673731
14238,2025-01-22,688360,德马科技,-0.036832165
14239,2025-01-22,301210,金杨股份,-0.036925156
14240,2025-01-22,603698,航天工程,-0.037028957
14241,2025-01-23,2497,雅化集团,-0.037053984
14242,2025-01-24,688257,新锐股份,-0.03707173
14243,2025-01-22,300183,东软载波,-0.03714701
14244,2025-01-22,2294,信立泰,-0.037153494
14245,2025-01-23,688188,柏楚电子,-0.037157606
14246,2025-01-24,605198,安德利,-0.0372602
14247,2025-01-22,603275,众辰科技,-0.037356745
14248,2025-01-24,300921,南凌科技,-0.03737629
14249,2025-01-22,301053,远信工业,-0.037413295
14250,2025-01-22,300354,东华测试,-0.037518036
14251,2025-01-24,2580,圣阳股份,-0.0375348
14252,2025-01-23,688266,泽璟制药-U,-0.037565906
14253,2025-01-24,603950,长源东谷,-0.03762347
14254,2025-01-22,688336,三生国健,-0.037654933
14255,2025-01-22,688266,泽璟制药-U,-0.03771491
14256,2025-01-23,301171,易点天下,-0.03776018
14257,2025-01-24,301498,乖宝宠物,-0.03779624
14258,2025-01-23,300809,华辰装备,-0.037882518
14259,2025-01-23,688433,华曙高科,-0.03792135
14260,2025-01-22,688788,科思科技,-0.03795385
14261,2025-01-22,600267,海正药业,-0.038004275
14262,2025-01-22,688331,荣昌生物,-0.038013976
14263,2025-01-22,603928,兴业股份,-0.03813682
14264,2025-01-23,2028,思源电气,-0.038162764
14265,2025-01-22,688617,惠泰医疗,-0.03820015
14266,2025-01-23,2979,雷赛智能,-0.03823537
14267,2025-01-22,300806,斯迪克,-0.03825813
14268,2025-01-24,603045,福达合金,-0.038272183
14269,2025-01-24,2916,深南电路,-0.038331974
14270,2025-01-23,1202,炬申股份,-0.03845079
14271,2025-01-23,301382,蜂助手,-0.03849085
14272,2025-01-27,601678,滨化股份,-0.038517248
14273,2025-01-22,2582,好想你,-0.038546044
14274,2025-01-24,688692,达梦数据,-0.0386074
14275,2025-01-23,2472,双环传动,-0.03862248
14276,2025-01-22,300950,德固特,-0.038672056
14277,2025-01-27,688102,斯瑞新材,-0.03872546
14278,2025-01-23,605286,同力日升,-0.038895812
14279,2025-01-23,791,甘肃能源,-0.03891148
14280,2025-01-22,600727,鲁北化工,-0.03893007
14281,2025-01-23,2042,华孚时尚,-0.03894208
14282,2025-01-22,2212,天融信,-0.038945448
14283,2025-01-22,603081,大丰实业,-0.038981196
14284,2025-01-22,605066,天正电气,-0.03906804
14285,2025-01-23,600071,凤凰光学,-0.039186906
14286,2025-01-22,688571,杭华股份,-0.039191034
14287,2025-01-22,2448,中原内配,-0.03932057
14288,2025-01-23,300816,艾可蓝,-0.039323736
14289,2025-01-22,600576,祥源文旅,-0.03932905
14290,2025-01-23,688360,德马科技,-0.03935967
14291,2025-01-23,688070,纵横股份,-0.039571922
14292,2025-01-24,300693,盛弘股份,-0.039683413
14293,2025-01-22,2881,美格智能,-0.039707977
14294,2025-01-24,603516,淳中科技,-0.039884087
14295,2025-01-21,300065,海兰信,-0.039899383
14296,2025-01-22,300383,光环新网,-0.039900664
14297,2025-01-23,300973,立高食品,-0.039951336
14298,2025-01-22,2292,奥飞娱乐,-0.039964076
14299,2025-01-22,1389,广合科技,-0.04012162
14300,2025-01-22,601616,广电电气,-0.040291604
14301,2025-01-23,603950,长源东谷,-0.040376265
14302,2025-01-22,603297,永新光学,-0.0404079
14303,2025-01-22,300058,蓝色光标,-0.040481713
14304,2025-01-22,688332,中科蓝讯,-0.040548142
14305,2025-01-22,868,安凯客车,-0.04054888
14306,2025-01-24,688662,富信科技,-0.04055308
14307,2025-01-24,688372,伟测科技,-0.040622573
14308,2025-01-22,688507,索辰科技,-0.040982958
14309,2025-01-24,603068,博通集成,-0.041037884
14310,2025-01-22,605286,同力日升,-0.041041505
14311,2025-01-24,2472,双环传动,-0.041049335
14312,2025-01-24,600183,生益科技,-0.041067477
14313,2025-01-22,688036,传音控股,-0.041158225
14314,2025-01-23,301059,金三江,-0.04119621
14315,2025-01-23,2322,理工能科,-0.04121014
14316,2025-01-22,688581,安杰思,-0.041218285
14317,2025-01-23,301186,超达装备,-0.04128016
14318,2025-01-22,300528,幸福蓝海,-0.04144408
14319,2025-01-22,688080,映翰通,-0.041457277
14320,2025-01-24,300308,中际旭创,-0.041525025
14321,2025-01-22,301011,华立科技,-0.041531477
14322,2025-01-23,2881,美格智能,-0.041924413
14323,2025-01-22,688777,中控技术,-0.04195105
14324,2025-01-22,300545,联得装备,-0.042082828
14325,2025-01-24,300814,中富电路,-0.0420974
14326,2025-01-23,688067,爱威科技,-0.042100128
14327,2025-01-22,603256,宏和科技,-0.04210427
14328,2025-01-23,688215,瑞晟智能,-0.042105358
14329,2025-01-23,605116,奥锐特,-0.042106595
14330,2025-01-23,301053,远信工业,-0.0421679
14331,2025-01-23,688508,芯朋微,-0.042341527
14332,2025-01-22,300412,迦南科技,-0.042409834
14333,2025-01-22,2630,华西能源,-0.0424924
14334,2025-01-24,300580,贝斯特,-0.04251639
14335,2025-01-24,300354,东华测试,-0.0425318
14336,2025-01-22,688620,安凯微,-0.042642113
14337,2025-01-23,2384,东山精密,-0.04268181
14338,2025-01-22,2826,易明医药,-0.042769197
14339,2025-01-22,2273,水晶光电,-0.04282948
14340,2025-01-22,2899,英派斯,-0.042894218
14341,2025-01-23,688059,华锐精密,-0.042968687
14342,2025-01-22,2028,思源电气,-0.043057036
14343,2025-01-22,688191,智洋创新,-0.043088805
14344,2025-01-23,688306,均普智能,-0.043138575
14345,2025-01-22,301023,江南奕帆,-0.043268885
14346,2025-01-22,600410,华胜天成,-0.043289956
14347,2025-01-22,688278,特宝生物,-0.043354716
14348,2025-01-22,688433,华曙高科,-0.043560814
14349,2025-01-22,688591,泰凌微,-0.043628503
14350,2025-01-22,301160,翔楼新材,-0.043632295
14351,2025-01-22,301379,天山电子,-0.043726023
14352,2025-01-22,2066,瑞泰科技,-0.043727633
14353,2025-01-22,2518,科士达,-0.043919306
14354,2025-01-22,300033,同花顺,-0.04404893
14355,2025-01-22,600071,凤凰光学,-0.044090558
14356,2025-01-22,2707,众信旅游,-0.044093903
14357,2025-01-24,603236,移远通信,-0.044124972
14358,2025-01-22,688768,容知日新,-0.04430658
14359,2025-01-23,605198,安德利,-0.044314962
14360,2025-01-23,600694,大商股份,-0.04434355
14361,2025-01-22,2187,广百股份,-0.044408377
14362,2025-01-22,2660,茂硕电源,-0.04442988
14363,2025-01-24,300292,吴通控股,-0.044571128
14364,2025-01-23,2919,名臣健康,-0.044577625
14365,2025-01-22,301059,金三江,-0.044843283
14366,2025-01-24,534,万泽股份,-0.044922855
14367,2025-01-23,300580,贝斯特,-0.04492378
14368,2025-01-22,688212,澳华内镜,-0.044970434
14369,2025-01-22,603822,嘉澳环保,-0.044985052
14370,2025-01-24,688278,特宝生物,-0.044990715
14371,2025-01-22,1338,永顺泰,-0.045041766
14372,2025-01-22,2897,意华股份,-0.04520906
14373,2025-01-22,2766,索菱股份,-0.045306306
14374,2025-01-22,2420,毅昌科技,-0.045343284
14375,2025-01-24,688215,瑞晟智能,-0.0453947
14376,2025-01-23,300539,横河精密,-0.045428183
14377,2025-01-23,688065,凯赛生物,-0.045567926
14378,2025-01-22,2437,誉衡药业,-0.045753147
14379,2025-01-22,603669,灵康药业,-0.04578897
14380,2025-01-23,605058,澳弘电子,-0.045808215
14381,2025-01-22,300811,铂科新材,-0.045876045
14382,2025-01-23,688257,新锐股份,-0.045920383
14383,2025-01-22,300752,隆利科技,-0.045921322
14384,2025-01-22,603325,博隆技术,-0.045926686
14385,2025-01-23,688331,荣昌生物,-0.045950603
14386,2025-01-22,300546,雄帝科技,-0.046007376
14387,2025-01-22,688766,普冉股份,-0.046075743
14388,2025-01-22,605376,博迁新材,-0.046085697
14389,2025-01-22,300755,华致酒行,-0.046121527
14390,2025-01-24,688677,海泰新光,-0.04657227
14391,2025-01-24,300850,新强联,-0.046576966
14392,2025-01-24,688685,迈信林,-0.04663318
14393,2025-01-23,688314,康拓医疗,-0.046842616
14394,2025-01-24,2757,南兴股份,-0.047107067
14395,2025-01-24,300533,冰川网络,-0.0471573
14396,2025-01-22,603595,东尼电子,-0.04721613
14397,2025-01-22,300522,世名科技,-0.047240343
14398,2025-01-23,688600,皖仪科技,-0.047241878
14399,2025-01-23,301220,亚香股份,-0.047279622
14400,2025-01-23,688159,有方科技,-0.047280196
14401,2025-01-22,603717,天域生物,-0.04736876
14402,2025-01-23,2127,南极电商,-0.047411833
14403,2025-01-23,603286,日盈电子,-0.04749142
14404,2025-01-24,301202,朗威股份,-0.04750211
14405,2025-01-23,688571,杭华股份,-0.04759496
14406,2025-01-22,603416,信捷电气,-0.04768535
14407,2025-01-22,688691,灿芯股份,-0.047743674
14408,2025-01-24,2670,国盛金控,-0.0478709
14409,2025-01-22,2390,信邦制药,-0.04788642
14410,2025-01-23,688615,合合信息,-0.04791559
14411,2025-01-22,603881,数据港,-0.04802696
14412,2025-01-22,600686,金龙汽车,-0.048134882
14413,2025-01-24,688071,华依科技,-0.048396822
14414,2025-01-23,688049,炬芯科技,-0.048413243
14415,2025-01-22,301186,超达装备,-0.048428502
14416,2025-01-23,300354,东华测试,-0.048433583
14417,2025-01-23,600186,莲花控股,-0.048490424
14418,2025-01-22,2811,郑中设计,-0.048511382
14419,2025-01-22,603986,兆易创新,-0.048555095
14420,2025-01-22,1306,夏厦精密,-0.04856352
14421,2025-01-23,300684,中石科技,-0.04864869
14422,2025-01-24,688646,逸飞激光,-0.048694756
14423,2025-01-22,301117,佳缘科技,-0.04889356
14424,2025-01-22,963,华东医药,-0.04908223
14425,2025-01-22,688519,南亚新材,-0.049087685
14426,2025-01-23,300433,蓝思科技,-0.04915395
14427,2025-01-23,300806,斯迪克,-0.04925443
14428,2025-01-22,688687,凯因科技,-0.04928269
14429,2025-01-24,2245,蔚蓝锂芯,-0.049311798
14430,2025-01-22,688049,炬芯科技,-0.049334373
14431,2025-01-24,603111,康尼机电,-0.04938933
14432,2025-01-22,300491,通合科技,-0.049538266
14433,2025-01-22,603920,世运电路,-0.04973301
14434,2025-01-22,603766,隆鑫通用,-0.049784105
14435,2025-01-22,2577,雷柏科技,-0.049823847
14436,2025-01-23,2437,誉衡药业,-0.04997656
14437,2025-01-24,688571,杭华股份,-0.050013226
14438,2025-01-23,688787,海天瑞声,-0.05021624
14439,2025-01-23,300789,唐源电气,-0.05048475
14440,2025-01-22,2775,文科股份,-0.050538067
14441,2025-01-22,3041,真爱美家,-0.0506748
14442,2025-01-23,301503,智迪科技,-0.05101234
14443,2025-01-24,600398,海澜之家,-0.051017556
14444,2025-01-23,2843,泰嘉股份,-0.051186617
14445,2025-01-24,300515,三德科技,-0.051250894
14446,2025-01-23,3036,泰坦股份,-0.051269915
14447,2025-01-22,300789,唐源电气,-0.051336203
14448,2025-01-23,2876,三利谱,-0.051549967
14449,2025-01-24,300491,通合科技,-0.051709045
14450,2025-01-22,688676,金盘科技,-0.05177739
14451,2025-01-23,2969,嘉美包装,-0.051809583
14452,2025-01-22,688188,柏楚电子,-0.051851954
14453,2025-01-23,913,钱江摩托,-0.052176755
14454,2025-01-24,603009,北特科技,-0.052217867
14455,2025-01-22,688123,聚辰股份,-0.052270662
14456,2025-01-22,2698,博实股份,-0.05229784
14457,2025-01-24,688052,纳芯微,-0.05239078
14458,2025-01-24,300166,东方国信,-0.052476313
14459,2025-01-23,688052,纳芯微,-0.052488994
14460,2025-01-22,600963,岳阳林纸,-0.05249441
14461,2025-01-23,300577,开润股份,-0.052872922
14462,2025-01-24,2292,奥飞娱乐,-0.05289403
14463,2025-01-23,300292,吴通控股,-0.05291086
14464,2025-01-24,688123,聚辰股份,-0.052925047
14465,2025-01-22,300316,晶盛机电,-0.05307245
14466,2025-01-23,300952,恒辉安防,-0.053080928
14467,2025-01-23,688486,龙迅股份,-0.053284224
14468,2025-01-23,300814,中富电路,-0.053342607
14469,2025-01-24,2826,易明医药,-0.05335852
14470,2025-01-24,688049,炬芯科技,-0.053508457
14471,2025-01-24,2463,沪电股份,-0.053588282
14472,2025-01-24,301503,智迪科技,-0.053620677
14473,2025-01-24,603737,三棵树,-0.05363105
14474,2025-01-22,300809,华辰装备,-0.053798128
14475,2025-01-23,300843,胜蓝股份,-0.053799924
14476,2025-01-22,600418,江淮汽车,-0.05392004
14477,2025-01-23,2463,沪电股份,-0.053944167
14478,2025-01-24,301439,泓淋电力,-0.054031815
14479,2025-01-23,603733,仙鹤股份,-0.05413946
14480,2025-01-22,688498,源杰科技,-0.05415352
14481,2025-01-24,301382,蜂助手,-0.054221872
14482,2025-01-23,605589,圣泉集团,-0.054330435
14483,2025-01-22,601500,通用股份,-0.054678794
14484,2025-01-24,301076,新瀚新材,-0.054718796
14485,2025-01-22,600316,洪都航空,-0.05473734
14486,2025-01-23,600699,均胜电子,-0.054751348
14487,2025-01-22,605319,无锡振华,-0.054899987
14488,2025-01-24,300509,新美星,-0.05490723
14489,2025-01-22,2629,仁智股份,-0.0549155
14490,2025-01-22,2664,信质集团,-0.05501203
14491,2025-01-24,688498,源杰科技,-0.05518655
14492,2025-01-24,2881,美格智能,-0.055214714
14493,2025-01-22,2785,万里石,-0.05525012
14494,2025-01-22,2042,华孚时尚,-0.055411708
14495,2025-01-23,688485,九州一轨,-0.055489022
14496,2025-01-24,688159,有方科技,-0.055563357
14497,2025-01-23,300203,聚光科技,-0.05559184
14498,2025-01-22,301220,亚香股份,-0.05565245
14499,2025-01-24,301413,安培龙,-0.05570921
14500,2025-01-22,2139,拓邦股份,-0.05585788
14501,2025-01-23,688288,鸿泉物联,-0.055897053
14502,2025-01-22,603045,福达合金,-0.055920955
14503,2025-01-23,600707,彩虹股份,-0.055937532
14504,2025-01-22,301291,明阳电气,-0.05607887
14505,2025-01-24,300765,新诺威,-0.056151625
14506,2025-01-22,600397,安源煤业,-0.05619352
14507,2025-01-23,2292,奥飞娱乐,-0.056308147
14508,2025-01-23,301439,泓淋电力,-0.056388963
14509,2025-01-24,600699,均胜电子,-0.056410175
14510,2025-01-22,688302,海创药业-U,-0.056435775
14511,2025-01-24,688486,龙迅股份,-0.05649839
14512,2025-01-24,603306,华懋科技,-0.056584697
14513,2025-01-22,603733,仙鹤股份,-0.056760248
14514,2025-01-23,688668,鼎通科技,-0.0569241
14515,2025-01-24,688059,华锐精密,-0.0569358
14516,2025-01-22,300661,圣邦股份,-0.056958403
14517,2025-01-24,2617,露笑科技,-0.05696186
14518,2025-01-24,301550,斯菱股份,-0.056965303
14519,2025-01-24,688787,海天瑞声,-0.057149943
14520,2025-01-22,300442,润泽科技,-0.057218265
14521,2025-01-23,688617,惠泰医疗,-0.05765253
14522,2025-01-23,300166,东方国信,-0.057700757
14523,2025-01-23,603111,康尼机电,-0.057880644
14524,2025-01-23,300515,三德科技,-0.05799746
14525,2025-01-23,300344,立方数科,-0.058032792
14526,2025-01-24,300980,祥源新材,-0.058124673
14527,2025-01-23,2363,隆基机械,-0.05826391
14528,2025-01-23,688200,华峰测控,-0.058451045
14529,2025-01-22,2896,中大力德,-0.05847672
14530,2025-01-24,2130,沃尔核材,-0.058580775
14531,2025-01-22,603379,三美股份,-0.058676165
14532,2025-01-22,688152,麒麟信安,-0.058722157
14533,2025-01-22,688125,安达智能,-0.058733363
14534,2025-01-23,603039,泛微网络,-0.058809984
14535,2025-01-22,2552,宝鼎科技,-0.058823016
14536,2025-01-23,688800,瑞可达,-0.05889583
14537,2025-01-22,300577,开润股份,-0.059193928
14538,2025-01-22,688787,海天瑞声,-0.05931544
14539,2025-01-22,2363,隆基机械,-0.05938759
14540,2025-01-22,586,汇源通信,-0.059478145
14541,2025-01-22,688301,奕瑞科技,-0.059544776
14542,2025-01-24,601100,恒立液压,-0.05972756
14543,2025-01-22,605178,时空科技,-0.05975118
14544,2025-01-22,300001,特锐德,-0.059851404
14545,2025-01-23,301383,天键股份,-0.059865106
14546,2025-01-23,600418,江淮汽车,-0.06000873
14547,2025-01-22,300292,吴通控股,-0.060050186
14548,2025-01-23,1389,广合科技,-0.060125645
14549,2025-01-24,688359,三孚新科,-0.06017926
14550,2025-01-24,688508,芯朋微,-0.060222607
14551,2025-01-23,300697,电工合金,-0.060227867
14552,2025-01-22,688314,康拓医疗,-0.060389612
14553,2025-01-23,600183,生益科技,-0.060392823
14554,2025-01-22,2617,露笑科技,-0.060511034
14555,2025-01-23,2837,英维克,-0.060602795
14556,2025-01-24,688196,卓越新能,-0.060642328
14557,2025-01-22,300843,胜蓝股份,-0.0607935
14558,2025-01-23,534,万泽股份,-0.061024826
14559,2025-01-23,300553,集智股份,-0.061060455
14560,2025-01-22,300836,佰奥智能,-0.061092626
14561,2025-01-24,603822,嘉澳环保,-0.061645586
14562,2025-01-23,600398,海澜之家,-0.061670598
14563,2025-01-24,603272,联翔股份,-0.061801437
14564,2025-01-24,300433,蓝思科技,-0.061884377
14565,2025-01-22,600707,彩虹股份,-0.06192478
14566,2025-01-24,301171,易点天下,-0.061977293
14567,2025-01-22,600186,莲花控股,-0.062002283
14568,2025-01-24,688288,鸿泉物联,-0.06203742
14569,2025-01-23,2916,深南电路,-0.062125307
14570,2025-01-24,880,潍柴重机,-0.062391084
14571,2025-01-24,603530,神马电力,-0.062429007
14572,2025-01-24,300521,爱司凯,-0.06267394
14573,2025-01-22,2681,奋达科技,-0.06289755
14574,2025-01-22,688615,合合信息,-0.06308803
14575,2025-01-23,3021,兆威机电,-0.06310931
14576,2025-01-24,2901,大博医疗,-0.06358951
14577,2025-01-24,2876,三利谱,-0.06359647
14578,2025-01-23,300521,爱司凯,-0.06368461
14579,2025-01-23,2617,露笑科技,-0.06404592
14580,2025-01-22,2919,名臣健康,-0.06422189
14581,2025-01-24,688577,浙海德曼,-0.064245164
14582,2025-01-23,2826,易明医药,-0.064262465
14583,2025-01-22,2837,英维克,-0.06481616
14584,2025-01-22,688258,卓易信息,-0.06481819
14585,2025-01-22,603018,华设集团,-0.06484239
14586,2025-01-24,2384,东山精密,-0.06486836
14587,2025-01-24,688138,清溢光电,-0.0650755
14588,2025-01-22,300085,银之杰,-0.0651346
14589,2025-01-23,601100,恒立液压,-0.0652208
14590,2025-01-23,688071,华依科技,-0.0652633
14591,2025-01-23,301080,百普赛斯,-0.065336496
14592,2025-01-24,300469,信息发展,-0.06538397
14593,2025-01-23,603226,菲林格尔,-0.06565583
14594,2025-01-22,688286,敏芯股份,-0.0661301
14595,2025-01-22,300503,昊志机电,-0.06637886
14596,2025-01-23,2031,巨轮智能,-0.06644301
14597,2025-01-24,300835,龙磁科技,-0.06651957
14598,2025-01-23,600601,方正科技,-0.066598505
14599,2025-01-22,600398,海澜之家,-0.066608414
14600,2025-01-24,688099,晶晨股份,-0.066655874
14601,2025-01-23,300403,汉宇集团,-0.06667629
14602,2025-01-23,688475,萤石网络,-0.06695165
14603,2025-01-23,301368,丰立智能,-0.0670097
14604,2025-01-24,913,钱江摩托,-0.0672963
14605,2025-01-23,2850,科达利,-0.06731215
14606,2025-01-24,300926,博俊科技,-0.06738259
14607,2025-01-22,300493,润欣科技,-0.06740971
14608,2025-01-24,300403,汉宇集团,-0.06767146
14609,2025-01-23,300100,双林股份,-0.06767808
14610,2025-01-23,300491,通合科技,-0.06792453
14611,2025-01-22,300553,集智股份,-0.06796354
14612,2025-01-22,688118,普元信息,-0.06805596
14613,2025-01-24,600186,莲花控股,-0.068070844
14614,2025-01-23,300766,每日互动,-0.068534076
14615,2025-01-23,2582,好想你,-0.068541974
14616,2025-01-24,603766,隆鑫通用,-0.06883122
14617,2025-01-22,504,南华生物,-0.06893474
14618,2025-01-24,688608,恒玄科技,-0.069097966
14619,2025-01-23,688608,恒玄科技,-0.06917806
14620,2025-01-22,603319,湘油泵,-0.06925227
14621,2025-01-22,600183,生益科技,-0.06938441
14622,2025-01-23,688099,晶晨股份,-0.06938729
14623,2025-01-24,603296,华勤技术,-0.06939638
14624,2025-01-22,2130,沃尔核材,-0.06964095
14625,2025-01-24,300843,胜蓝股份,-0.06974837
14626,2025-01-23,300469,信息发展,-0.06976083
14627,2025-01-22,301080,百普赛斯,-0.069796965
14628,2025-01-22,600580,卧龙电驱,-0.069849685
14629,2025-01-23,600480,凌云股份,-0.06997235
14630,2025-01-22,300926,博俊科技,-0.07005505
14631,2025-01-22,882,华联股份,-0.07019091
14632,2025-01-24,605080,浙江自然,-0.07019293
14633,2025-01-22,603809,豪能股份,-0.070240185
14634,2025-01-24,300661,圣邦股份,-0.0704066
14635,2025-01-23,300170,汉得信息,-0.070687994
14636,2025-01-23,603728,鸣志电器,-0.07078138
14637,2025-01-22,603360,百傲化学,-0.07078481
14638,2025-01-24,600480,凌云股份,-0.07102044
14639,2025-01-22,300952,恒辉安防,-0.071049705
14640,2025-01-22,605277,新亚电子,-0.07116465
14641,2025-01-22,300433,蓝思科技,-0.07120609
14642,2025-01-22,1267,汇绿生态,-0.07124269
14643,2025-01-22,63,中兴通讯,-0.071339816
14644,2025-01-22,688160,步科股份,-0.07152553
14645,2025-01-22,2497,雅化集团,-0.07164803
14646,2025-01-22,300007,汉威科技,-0.0718393
14647,2025-01-22,300684,中石科技,-0.07187006
14648,2025-01-23,688010,福光股份,-0.07231219
14649,2025-01-24,688065,凯赛生物,-0.07232201
14650,2025-01-22,688508,芯朋微,-0.07235235
14651,2025-01-23,300840,酷特智能,-0.07237075
14652,2025-01-23,300926,博俊科技,-0.07256289
14653,2025-01-22,300509,新美星,-0.07258144
14654,2025-01-24,1389,广合科技,-0.07276203
14655,2025-01-23,300980,祥源新材,-0.07286808
14656,2025-01-22,300681,英搏尔,-0.07310441
14657,2025-01-24,300010,豆神教育,-0.07316916
14658,2025-01-24,603728,鸣志电器,-0.07323997
14659,2025-01-22,300558,贝达药业,-0.07363288
14660,2025-01-23,688578,艾力斯,-0.07391046
14661,2025-01-23,603166,福达股份,-0.07429491
14662,2025-01-24,603042,华脉科技,-0.07430695
14663,2025-01-22,688359,三孚新科,-0.07448603
14664,2025-01-22,688716,中研股份,-0.07464601
14665,2025-01-24,2861,瀛通通讯,-0.0746512
14666,2025-01-24,301220,亚香股份,-0.07495771
14667,2025-01-22,300580,贝斯特,-0.07541746
14668,2025-01-24,301383,天键股份,-0.075429395
14669,2025-01-23,688646,逸飞激光,-0.0754763
14670,2025-01-23,3033,征和工业,-0.075505435
14671,2025-01-24,600060,海信视像,-0.07576041
14672,2025-01-23,688278,特宝生物,-0.07581723
14673,2025-01-22,688196,卓越新能,-0.07585853
14674,2025-01-23,2862,实丰文化,-0.07590802
14675,2025-01-22,603226,菲林格尔,-0.07616763
14676,2025-01-24,688620,安凯微,-0.076292425
14677,2025-01-22,2850,科达利,-0.076298416
14678,2025-01-22,301439,泓淋电力,-0.0763465
14679,2025-01-24,2967,广电计量,-0.07637839
14680,2025-01-22,2979,雷赛智能,-0.076645136
14681,2025-01-23,301291,明阳电气,-0.07669698
14682,2025-01-24,300680,隆盛科技,-0.07686347
14683,2025-01-24,301349,信德新材,-0.07687172
14684,2025-01-24,301210,金杨股份,-0.07694991
14685,2025-01-23,300007,汉威科技,-0.07724491
14686,2025-01-22,2076,星光股份,-0.07745837
14687,2025-01-23,688138,清溢光电,-0.07752091
14688,2025-01-23,688359,三孚新科,-0.07767618
14689,2025-01-23,688196,卓越新能,-0.07767789
14690,2025-01-23,688692,达梦数据,-0.07782577
14691,2025-01-23,603009,北特科技,-0.0778954
14692,2025-01-23,301550,斯菱股份,-0.07847828
14693,2025-01-22,688800,瑞可达,-0.07870291
14694,2025-01-23,600595,中孚实业,-0.079140425
14695,2025-01-24,301078,孩子王,-0.079161
14696,2025-01-22,603773,沃格光电,-0.0791855
14697,2025-01-22,600699,均胜电子,-0.079424426
14698,2025-01-23,300509,新美星,-0.07954079
14699,2025-01-24,300203,聚光科技,-0.07964562
14700,2025-01-24,2050,三花智控,-0.07986383
14701,2025-01-24,2582,好想你,-0.080002934
14702,2025-01-24,301228,实朴检测,-0.08036679
14703,2025-01-24,300458,全志科技,-0.08058962
14704,2025-01-22,300521,爱司凯,-0.08071482
14705,2025-01-22,688052,纳芯微,-0.080752954
14706,2025-01-24,688235,百济神州-U,-0.08079034
14707,2025-01-22,2031,巨轮智能,-0.08125527
14708,2025-01-22,300547,川环科技,-0.081563026
14709,2025-01-22,603166,福达股份,-0.08200173
14710,2025-01-22,688306,均普智能,-0.08230676
14711,2025-01-23,688686,奥普特,-0.08248778
14712,2025-01-24,600595,中孚实业,-0.08272843
14713,2025-01-23,301498,乖宝宠物,-0.08294444
14714,2025-01-22,688685,迈信林,-0.08298576
14715,2025-01-23,603306,华懋科技,-0.08306852
14716,2025-01-24,688800,瑞可达,-0.08309074
14717,2025-01-22,600595,中孚实业,-0.08312051
14718,2025-01-22,2891,中宠股份,-0.083131745
14719,2025-01-23,2896,中大力德,-0.08322404
14720,2025-01-23,1267,汇绿生态,-0.08336009
14721,2025-01-24,2127,南极电商,-0.08339676
14722,2025-01-22,600693,东百集团,-0.08373164
14723,2025-01-24,601869,长飞光纤,-0.08380607
14724,2025-01-22,300757,罗博特科,-0.083807334
14725,2025-01-24,301368,丰立智能,-0.08383028
14726,2025-01-23,688235,百济神州-U,-0.08424014
14727,2025-01-23,2967,广电计量,-0.08451404
14728,2025-01-22,301511,德福科技,-0.08471018
14729,2025-01-22,301018,申菱环境,-0.08479996
14730,2025-01-22,2862,实丰文化,-0.08517595
14731,2025-01-22,300403,汉宇集团,-0.085562915
14732,2025-01-24,300007,汉威科技,-0.08566904
14733,2025-01-22,603039,泛微网络,-0.08590083
14734,2025-01-22,688186,广大特材,-0.086120695
14735,2025-01-22,300380,安硕信息,-0.086277604
14736,2025-01-23,301413,安培龙,-0.08629012
14737,2025-01-22,301383,天键股份,-0.0863329
14738,2025-01-22,300166,东方国信,-0.086339265
14739,2025-01-24,1206,依依股份,-0.08735791
14740,2025-01-24,2837,英维克,-0.087363526
14741,2025-01-22,301336,趣睡科技,-0.08738418
14742,2025-01-24,600418,江淮汽车,-0.08750291
14743,2025-01-24,300972,万辰集团,-0.08764134
14744,2025-01-24,688615,合合信息,-0.08778581
14745,2025-01-24,300697,电工合金,-0.08786836
14746,2025-01-22,300100,双林股份,-0.08811472
14747,2025-01-23,301349,信德新材,-0.08864257
14748,2025-01-23,688620,安凯微,-0.08876835
14749,2025-01-23,603296,华勤技术,-0.08919926
14750,2025-01-22,301413,安培龙,-0.08924414
14751,2025-01-23,1206,依依股份,-0.08989029
14752,2025-01-24,2398,垒知集团,-0.09014107
14753,2025-01-22,301368,丰立智能,-0.09101574
14754,2025-01-23,300765,新诺威,-0.09102355
14755,2025-01-22,605589,圣泉集团,-0.09116092
14756,2025-01-23,600060,海信视像,-0.091174856
14757,2025-01-24,688010,福光股份,-0.09130053
14758,2025-01-23,3030,祖名股份,-0.09181075
14759,2025-01-24,688668,鼎通科技,-0.09255354
14760,2025-01-22,300476,胜宏科技,-0.09259775
14761,2025-01-24,301291,明阳电气,-0.0929306
14762,2025-01-22,603068,博通集成,-0.09296541
14763,2025-01-22,1206,依依股份,-0.09335977
14764,2025-01-23,2718,友邦吊顶,-0.09374678
14765,2025-01-23,573,粤宏远Ａ,-0.09387125
14766,2025-01-24,601689,拓普集团,-0.094236895
14767,2025-01-22,2967,广电计量,-0.0948043
14768,2025-01-22,300458,全志科技,-0.095074445
14769,2025-01-22,688692,达梦数据,-0.095146075
14770,2025-01-22,2901,大博医疗,-0.095179364
14771,2025-01-22,688313,仕佳光子,-0.09519929
14772,2025-01-23,300757,罗博特科,-0.09537719
14773,2025-01-22,300449,汉邦高科,-0.096104205
14774,2025-01-22,300170,汉得信息,-0.09628101
14775,2025-01-23,2901,大博医疗,-0.096471
14776,2025-01-22,603306,华懋科技,-0.09663321
14777,2025-01-22,2843,泰嘉股份,-0.0976391
14778,2025-01-22,688686,奥普特,-0.0978968
14779,2025-01-23,3041,真爱美家,-0.09802185
14780,2025-01-24,301000,肇民科技,-0.09820999
14781,2025-01-24,300766,每日互动,-0.0984564
14782,2025-01-22,301498,乖宝宠物,-0.09852047
14783,2025-01-23,301192,泰祥股份,-0.09887807
14784,2025-01-22,300870,欧陆通,-0.09932105
14785,2025-01-22,688200,华峰测控,-0.09970994
14786,2025-01-22,600060,海信视像,-0.099874064
14787,2025-01-23,2050,三花智控,-0.10002859
14788,2025-01-22,688608,恒玄科技,-0.10125469
14789,2025-01-22,300697,电工合金,-0.10132411
14790,2025-01-22,688010,福光股份,-0.10155164
14791,2025-01-22,2472,双环传动,-0.10180654
14792,2025-01-22,688702,盛科通信-U,-0.10185869
14793,2025-01-23,605080,浙江自然,-0.102043256
14794,2025-01-24,301192,泰祥股份,-0.10213597
14795,2025-01-23,603360,百傲化学,-0.1023276
14796,2025-01-22,688646,逸飞激光,-0.102373555
14797,2025-01-22,301349,信德新材,-0.10280231
14798,2025-01-22,300203,聚光科技,-0.10334632
14799,2025-01-24,300806,斯迪克,-0.10351187
14800,2025-01-24,688017,绿的谐波,-0.10392909
14801,2025-01-22,301382,蜂助手,-0.10402201
14802,2025-01-24,300502,新易盛,-0.104033306
14803,2025-01-22,603728,鸣志电器,-0.1044132
14804,2025-01-24,300153,科泰电源,-0.10478696
14805,2025-01-23,688702,盛科通信-U,-0.104846105
14806,2025-01-23,688017,绿的谐波,-0.105580345
14807,2025-01-23,300458,全志科技,-0.10559009
14808,2025-01-23,688088,虹软科技,-0.10577573
14809,2025-01-23,300153,科泰电源,-0.10583939
14810,2025-01-24,300757,罗博特科,-0.10636507
14811,2025-01-23,880,潍柴重机,-0.107083514
14812,2025-01-23,603915,国茂股份,-0.10826172
14813,2025-01-22,688127,蓝特光学,-0.108279526
14814,2025-01-23,2076,星光股份,-0.11006242
14815,2025-01-24,300870,欧陆通,-0.110635996
14816,2025-01-23,688622,禾信仪器,-0.11125703
14817,2025-01-24,2917,金奥博,-0.11136407
14818,2025-01-23,2629,仁智股份,-0.11149378
14819,2025-01-24,2484,江海股份,-0.11232917
14820,2025-01-24,2076,星光股份,-0.113156736
14821,2025-01-23,301000,肇民科技,-0.11364128
14822,2025-01-23,688160,步科股份,-0.11468257
14823,2025-01-22,300502,新易盛,-0.115191296
14824,2025-01-23,301228,实朴检测,-0.115750626
14825,2025-01-22,300814,中富电路,-0.1165393
14826,2025-01-23,301078,孩子王,-0.116670504
14827,2025-01-24,2862,实丰文化,-0.11708106
14828,2025-01-22,301078,孩子王,-0.11737542
14829,2025-01-22,688138,清溢光电,-0.117425635
14830,2025-01-24,688048,长光华芯,-0.11769904
14831,2025-01-24,300394,天孚通信,-0.117716745
14832,2025-01-22,601100,恒立液压,-0.118455514
14833,2025-01-24,2629,仁智股份,-0.120075956
14834,2025-01-23,300394,天孚通信,-0.120125175
14835,2025-01-22,2965,祥鑫科技,-0.12091516
14836,2025-01-22,688071,华依科技,-0.12093654
14837,2025-01-23,300870,欧陆通,-0.12202293
14838,2025-01-22,688279,峰岹科技,-0.12214215
14839,2025-01-23,882,华联股份,-0.12251423
14840,2025-01-22,300515,三德科技,-0.12282103
14841,2025-01-24,688088,虹软科技,-0.12283282
14842,2025-01-24,688279,峰岹科技,-0.12335101
14843,2025-01-23,2779,中坚科技,-0.12339318
14844,2025-01-23,2691,冀凯股份,-0.12340839
14845,2025-01-22,688048,长光华芯,-0.12341833
14846,2025-01-23,688205,德科立,-0.12360115
14847,2025-01-22,688205,德科立,-0.12366989
14848,2025-01-22,688235,百济神州-U,-0.124239415
14849,2025-01-24,300476,胜宏科技,-0.12459688
14850,2025-01-24,603211,晋拓股份,-0.124816686
14851,2025-01-24,603893,瑞芯微,-0.12504046
14852,2025-01-22,300765,新诺威,-0.12514505
14853,2025-01-22,688088,虹软科技,-0.12555529
14854,2025-01-23,603119,浙江荣泰,-0.12644751
14855,2025-01-24,603228,景旺电子,-0.12678204
14856,2025-01-23,300502,新易盛,-0.12746401
14857,2025-01-22,688220,翱捷科技-U,-0.1278008
14858,2025-01-22,603119,浙江荣泰,-0.12793817
14859,2025-01-24,300840,酷特智能,-0.12816149
14860,2025-01-24,688018,乐鑫科技,-0.12994383
14861,2025-01-22,688099,晶晨股份,-0.13024475
14862,2025-01-23,688018,乐鑫科技,-0.13025345
14863,2025-01-22,601689,拓普集团,-0.13025953
14864,2025-01-23,603308,应流股份,-0.13071537
14865,2025-01-22,301228,实朴检测,-0.13157307
14866,2025-01-22,3021,兆威机电,-0.13229553
14867,2025-01-22,2050,三花智控,-0.13279025
14868,2025-01-24,688160,步科股份,-0.13337205
14869,2025-01-22,300469,信息发展,-0.13338517
14870,2025-01-23,601689,拓普集团,-0.13346857
14871,2025-01-23,688048,长光华芯,-0.13386513
14872,2025-01-22,2483,润邦股份,-0.13480556
14873,2025-01-24,573,粤宏远Ａ,-0.13494878
14874,2025-01-22,2779,中坚科技,-0.13604943
14875,2025-01-22,688017,绿的谐波,-0.1361664
14876,2025-01-22,301550,斯菱股份,-0.13702036
14877,2025-01-24,688661,和林微纳,-0.138569
14878,2025-01-23,688313,仕佳光子,-0.13912372
14879,2025-01-24,603119,浙江荣泰,-0.1392303
14880,2025-01-22,688288,鸿泉物联,-0.13952567
14881,2025-01-23,688220,翱捷科技-U,-0.14146776
14882,2025-01-24,301628,强达电路,-0.1422204
14883,2025-01-24,2965,祥鑫科技,-0.14251041
14884,2025-01-22,2358,森源电气,-0.14419062
14885,2025-01-22,300394,天孚通信,-0.14457215
14886,2025-01-24,300953,震裕科技,-0.1448672
14887,2025-01-22,605080,浙江自然,-0.14500423
14888,2025-01-23,300476,胜宏科技,-0.14741175
14889,2025-01-22,603308,应流股份,-0.1479464
14890,2025-01-24,603063,禾望电气,-0.14828178
14891,2025-01-23,300547,川环科技,-0.14872925
14892,2025-01-22,603511,爱慕股份,-0.14955597
14893,2025-01-23,603893,瑞芯微,-0.15000932
14894,2025-01-24,603308,应流股份,-0.15181781
14895,2025-01-24,2779,中坚科技,-0.15289031
14896,2025-01-24,688220,翱捷科技-U,-0.15472469
14897,2025-01-23,603063,禾望电气,-0.15582483
14898,2025-01-23,603228,景旺电子,-0.15660666
14899,2025-01-23,2965,祥鑫科技,-0.15665303
14900,2025-01-22,603236,移远通信,-0.1577666
14901,2025-01-23,300548,博创科技,-0.15808897
14902,2025-01-22,301192,泰祥股份,-0.15906207
14903,2025-01-22,603228,景旺电子,-0.16039337
14904,2025-01-22,300638,广和通,-0.16137174
14905,2025-01-23,688279,峰岹科技,-0.16212709
14906,2025-01-23,2484,江海股份,-0.16350462
14907,2025-01-22,603009,北特科技,-0.16356836
14908,2025-01-23,603211,晋拓股份,-0.16582939
14909,2025-01-24,688622,禾信仪器,-0.16615768
14910,2025-01-22,880,潍柴重机,-0.16622904
14911,2025-01-23,688661,和林微纳,-0.16904223
14912,2025-01-23,300953,震裕科技,-0.17006417
14913,2025-01-24,300548,博创科技,-0.1707135
14914,2025-01-22,300570,太辰光,-0.17162319
14915,2025-01-22,300153,科泰电源,-0.17333862
14916,2025-01-22,603893,瑞芯微,-0.17501037
14917,2025-01-23,300972,万辰集团,-0.17554075
14918,2025-01-24,688205,德科立,-0.17666022
14919,2025-01-22,2484,江海股份,-0.1782347
14920,2025-01-22,300972,万辰集团,-0.17864607
14921,2025-01-23,300638,广和通,-0.18286417
14922,2025-01-22,688661,和林微纳,-0.18458648
14923,2025-01-22,600601,方正科技,-0.18777838
14924,2025-01-24,603667,五洲新春,-0.19043158
14925,2025-01-24,2896,中大力德,-0.19065484
14926,2025-01-24,300984,金沃股份,-0.19393829
14927,2025-01-23,603667,五洲新春,-0.1942686
14928,2025-01-22,688018,乐鑫科技,-0.19562621
14929,2025-01-23,300570,太辰光,-0.19819032
14930,2025-01-24,688313,仕佳光子,-0.20150511
14931,2025-01-22,301628,强达电路,-0.20352578
14932,2025-01-23,301628,强达电路,-0.20878144
14933,2025-01-24,300547,川环科技,-0.20902932
14934,2025-01-23,300984,金沃股份,-0.21062492
14935,2025-01-22,301000,肇民科技,-0.21528976
14936,2025-01-24,300638,广和通,-0.2161632
14937,2025-01-24,300570,太辰光,-0.21641989
14938,2025-01-22,300548,博创科技,-0.21809672
14939,2025-01-24,605488,福莱新材,-0.2227497
14940,2025-01-22,300984,金沃股份,-0.23279347
14941,2025-01-23,605488,福莱新材,-0.23789792
14942,2025-01-23,586,汇源通信,-0.24056084
14943,2025-01-24,688255,凯尔达,-0.24490385
14944,2025-01-24,882,华联股份,-0.24796595
14945,2025-01-22,603063,禾望电气,-0.25481406
14946,2025-01-23,605277,新亚电子,-0.26421547
14947,2025-01-23,688255,凯尔达,-0.27263275
14948,2025-01-22,2861,瀛通通讯,-0.2769062
14949,2025-01-22,300953,震裕科技,-0.27839077
14950,2025-01-24,605398,新炬网络,-0.2804661
14951,2025-01-22,603667,五洲新春,-0.28604606
14952,2025-01-24,2691,冀凯股份,-0.2866123
14953,2025-01-23,2917,金奥博,-0.2903026
14954,2025-01-22,688255,凯尔达,-0.30442622
14955,2025-01-24,300170,汉得信息,-0.3102123
14956,2025-01-22,603042,华脉科技,-0.3190187
14957,2025-01-22,605488,福莱新材,-0.31908232
14958,2025-01-22,2691,冀凯股份,-0.32093808
14959,2025-01-24,300718,长盛轴承,-0.34816903
14960,2025-01-23,300718,长盛轴承,-0.34846228
14961,2025-01-22,300344,立方数科,-0.375209
14962,2025-01-24,2730,电光科技,-0.40268227
14963,2025-01-22,2730,电光科技,-0.40757787
14964,2025-01-23,603928,兴业股份,-0.40987954
14965,2025-01-22,2917,金奥博,-0.42159864
14966,2025-01-23,2730,电光科技,-0.43004522
14967,2025-01-22,300718,长盛轴承,-0.43258682
14968,2025-01-24,603928,兴业股份,-0.47040716
14969,2025-01-24,856,冀东装备,-0.4787332
