,Datetime,code,name,bankuai,optimistic,pessimistic
0,2025-01-27,SZ.ZB_000856,冀东装备,专用设备,19.76466,-11.64722
1,2025-01-27,SH.KC_300634,彩讯股份,互联网服务,18.641241,-7.54952
2,2025-01-27,SH.ZB_603398,沐邦高科,光伏设备,18.53448,-1.9343343
3,2025-01-14,SH.KC_300307,慈星股份,专用设备,17.455389,-5.833182
4,2025-01-27,SZ.ZB_000668,荣丰控股,房地产开发,17.349775,-3.9846756
5,2025-01-27,SH.KC_300344,立方数科,软件开发,16.933455,-4.2150984
6,2025-01-27,SH.KC_301512,智信精密,专用设备,16.215883,-5.3264866
7,2025-01-27,SH.KC_300654,世纪天鸿,文化传媒,15.579252,-6.6622367
8,2025-01-27,SH.KC_301248,杰创智能,软件开发,15.576838,-6.3596716
9,2025-01-27,SZ.ZB_002496,辉丰股份,农药兽药,15.257542,-0.40005985
10,2025-01-27,SH.ZB_600539,狮头股份,环保行业,14.992793,-3.8599484
11,2025-01-27,SH.ZB_603777,来伊份,食品饮料,14.414544,-3.5282574
12,2025-01-27,SZ.ZB_002691,冀凯股份,专用设备,14.318021,-9.113242
13,2025-01-27,SH.ZB_600892,大晟文化,游戏,14.316721,-3.395208
14,2025-01-27,SH.ZB_603261,立航科技,航天航空,14.204447,-2.3435097
15,2025-01-27,SH.KC_300857,协创数据,消费电子,14.082046,-5.7215757
16,2025-01-27,SH.KC_300996,普联软件,软件开发,14.063578,-8.980123
17,2025-01-27,SH.KC_688620,安凯微,半导体,13.625993,-7.35092
18,2025-01-27,SZ.ZB_000759,中百集团,商业百货,13.592045,-4.242765
19,2025-01-27,SZ.ZB_001270,铖昌科技,半导体,13.544829,-0.9885425
20,2025-01-27,SH.KC_301356,天振股份,塑料制品,13.524966,-6.1282
21,2025-01-27,SZ.ZB_000691,亚太实业,化学制品,13.375049,-1.6468374
22,2025-01-27,SH.ZB_600128,苏豪弘业,贸易行业,13.061293,-2.2687013
23,2025-01-27,SH.ZB_600076,康欣新材,装修建材,12.818168,-3.9843965
24,2025-01-27,SH.KC_300608,思特奇,软件开发,12.817205,-5.471065
25,2025-01-27,SZ.ZB_002529,海源复材,专用设备,12.742196,-1.4596853
26,2025-01-27,SH.KC_300159,新研股份,航天航空,12.596281,-0.7575892
27,2025-01-27,SH.KC_300902,国安达,专用设备,12.578164,-1.0412538
28,2025-01-27,SZ.ZB_002816,和科达,专用设备,12.414514,-4.1114116
29,2025-01-27,SZ.ZB_000890,法尔胜,通用设备,12.322031,-4.2800097
30,2025-01-27,SH.KC_300652,雷迪克,汽车零部件,12.1687155,-5.113473
31,2025-01-27,SZ.ZB_000016,深康佳Ａ,家电行业,12.146668,-1.7865766
32,2025-01-27,SH.ZB_600243,青海华鼎,通用设备,12.09739,-0.91882163
33,2025-01-27,SH.KC_300055,万邦达,环保行业,12.039926,-5.2386365
34,2025-01-27,SH.KC_688229,博睿数据,互联网服务,12.01454,-5.457634
35,2025-01-27,SH.ZB_600130,波导股份,消费电子,11.991925,0.106442906
36,2025-01-27,SZ.ZB_002253,川大智胜,软件开发,11.89246,-1.0642412
37,2025-01-27,SH.ZB_605018,长华集团,汽车零部件,11.657627,-7.4250846
38,2025-01-27,SH.KC_688143,长盈通,电子元件,11.568644,-7.1816354
39,2025-01-27,SZ.ZB_002122,汇洲智能,通用设备,11.560838,-2.5922139
40,2025-01-27,SZ.ZB_002418,康盛股份,家电行业,11.369254,-2.6140223
41,2025-01-27,SZ.ZB_002789,建艺集团,装修装饰,11.367045,-0.6594367
42,2025-01-27,SH.ZB_600228,返利科技,互联网服务,11.314673,-1.60232
43,2025-01-27,SZ.ZB_002667,威领股份,能源金属,11.214356,-3.2688246
44,2025-01-27,SH.KC_300840,酷特智能,纺织服装,11.211799,-7.9794326
45,2025-01-27,SH.KC_688426,康为世纪,生物制品,11.077909,-3.4947681
46,2025-01-27,SH.ZB_603928,兴业股份,塑料制品,10.869922,-9.475731
47,2025-01-27,SH.KC_300222,科大智能,电网设备,10.863309,-6.0951414
48,2025-01-27,SH.ZB_600734,实达集团,通信设备,10.860513,-4.419561
49,2025-01-27,SZ.ZB_000816,智慧农业,通用设备,10.856171,-2.2033134
50,2025-01-27,SH.KC_300249,依米康,软件开发,10.853119,-6.3356066
51,2025-01-27,SZ.ZB_002848,高斯贝尔,家电行业,10.785209,-0.31363684
52,2025-01-27,SZ.ZB_000004,国华网安,软件开发,10.766612,-1.1264583
53,2025-01-27,SH.ZB_600421,华嵘控股,通用设备,10.747446,-1.4182683
54,2025-01-27,SH.ZB_600052,东望时代,公用事业,10.575564,-4.4624805
55,2025-01-27,SZ.ZB_002306,中科云网,旅游酒店,10.457738,-0.35321918
56,2025-01-27,SH.ZB_600238,海南椰岛,酿酒行业,10.4530945,-0.43750983
57,2025-01-27,SH.KC_301286,侨源股份,化学原料,10.398738,-4.229833
58,2025-01-27,SZ.ZB_002199,东晶电子,电子元件,10.184066,-0.961457
59,2025-01-27,SH.ZB_603682,锦和商管,房地产服务,10.148766,-2.5615852
60,2025-01-27,SH.ZB_603729,龙韵股份,文化传媒,10.099448,-5.6199617
61,2025-01-27,SH.KC_301511,德福科技,电池,10.015638,-4.167272
62,2025-01-27,SH.KC_300333,兆日科技,软件开发,10.014452,-4.655572
63,2025-01-27,SH.ZB_605033,美邦股份,农药兽药,9.923522,-3.2097378
64,2025-01-27,SH.KC_300161,华中数控,通用设备,9.82127,-4.1500764
65,2025-01-27,SH.ZB_603068,博通集成,半导体,9.796076,-5.918551
66,2025-01-27,SH.KC_301318,维海德,消费电子,9.730075,-5.0122395
67,2025-01-27,SH.ZB_600191,华资实业,农牧饲渔,9.686931,-7.505128
68,2025-01-27,SZ.ZB_000736,中交地产,房地产开发,9.536134,-1.223968
69,2025-01-27,SH.ZB_600778,友好集团,商业百货,9.489123,-2.4667003
70,2025-01-27,SZ.ZB_002973,侨银股份,环保行业,9.485947,-5.7962866
71,2025-01-27,SH.KC_300093,金刚光伏,光伏设备,9.463792,-1.9725431
72,2025-01-27,SZ.ZB_000826,启迪环境,环保行业,9.345229,-2.6727843
73,2025-01-27,SZ.ZB_002530,金财互联,互联网服务,9.30814,-5.7813025
74,2025-01-27,SH.KC_300378,鼎捷数智,软件开发,9.248779,-5.9180856
75,2025-01-27,SZ.ZB_002757,南兴股份,专用设备,9.215866,-4.741583
76,2025-01-27,SH.KC_300499,高澜股份,专用设备,9.189181,-3.9003007
77,2025-01-27,SZ.ZB_002820,桂发祥,食品饮料,9.179764,-3.7040076
78,2025-01-27,SH.KC_300071,福石控股,文化传媒,9.144174,-4.78529
79,2025-01-27,SZ.ZB_002861,瀛通通讯,消费电子,9.096716,-7.5483074
80,2025-01-27,SH.ZB_600556,天下秀,文化传媒,9.092484,-2.8328152
81,2025-01-27,SH.ZB_600187,国中水务,公用事业,9.043156,-2.289072
82,2025-01-27,SZ.ZB_000419,通程控股,商业百货,9.04109,-3.8420968
83,2025-01-27,SH.KC_688408,中信博,光伏设备,9.031434,-2.1346636
84,2025-01-27,SH.KC_300853,申昊科技,通用设备,8.984463,-2.7789264
85,2025-01-27,SZ.ZB_002265,建设工业,汽车零部件,8.960695,-6.270843
86,2025-01-27,SZ.ZB_000793,华闻集团,文化传媒,8.945023,-2.6850858
87,2025-01-27,SH.KC_300716,泉为科技,光伏设备,8.936338,-4.2250347
88,2025-01-27,SZ.ZB_002760,凤形股份,通用设备,8.933659,-3.5474546
89,2025-01-27,SH.ZB_603598,引力传媒,文化传媒,8.921893,-6.977453
90,2025-01-27,SH.KC_688165,埃夫特-U,通用设备,8.904745,-3.689217
91,2025-01-27,SH.KC_688716,中研股份,塑料制品,8.901591,-5.722602
92,2025-01-27,SZ.ZB_000716,黑芝麻,食品饮料,8.892085,-3.65427
93,2025-01-27,SH.ZB_600714,金瑞矿业,化学原料,8.832164,-2.7765703
94,2025-01-27,SH.ZB_605069,正和生态,环保行业,8.816387,-3.8698583
95,2025-01-27,SZ.ZB_001282,三联锻造,汽车零部件,8.766561,-6.4128675
96,2025-01-27,SH.KC_300170,汉得信息,互联网服务,8.731987,-10.060523
97,2025-01-27,SZ.ZB_002549,凯美特气,化学制品,8.709367,-3.931591
98,2025-01-27,SH.KC_301030,仕净科技,专用设备,8.707671,-1.3978534
99,2025-01-27,SH.ZB_600636,国新文化,教育,8.700745,-1.5242723
100,2025-01-27,SH.ZB_600358,国旅联合,互联网服务,8.681486,-2.1058369
101,2025-01-27,SH.ZB_603716,塞力医疗,医药商业,8.655773,-3.6504283
102,2025-01-27,SH.KC_300479,神思电子,计算机设备,8.647968,-3.7842133
103,2025-01-27,SH.KC_300607,拓斯达,通用设备,8.636488,-3.304883
104,2025-01-27,SH.KC_300697,电工合金,有色金属,8.629243,-7.2205186
105,2025-01-27,SH.KC_688053,思科瑞,电子元件,8.56395,-1.3441586
106,2025-01-27,SZ.ZB_003015,日久光电,光学光电子,8.5576935,-5.259828
107,2025-01-27,SZ.ZB_000573,粤宏远Ａ,房地产开发,8.515523,-9.716535
108,2025-01-27,SH.KC_301397,溯联股份,汽车零部件,8.513533,-6.223114
109,2025-01-27,SH.KC_688511,天微电子,电子元件,8.500431,-1.575071
110,2025-01-27,SH.ZB_603429,集友股份,造纸印刷,8.480422,-4.063678
111,2025-01-27,SZ.ZB_000010,美丽生态,工程建设,8.469187,-4.300944
112,2025-01-27,SH.KC_300391,长药控股,中药,8.46705,-1.3445626
113,2025-01-27,SH.ZB_600811,东方集团,农牧饲渔,8.412973,-1.1011478
114,2025-01-27,SH.KC_300493,润欣科技,贸易行业,8.387913,-6.5931892
115,2025-01-27,SZ.ZB_002058,威尔泰,电网设备,8.386893,-1.2200981
116,2025-01-27,SH.KC_688362,甬矽电子,半导体,8.385207,-2.0078058
117,2025-01-27,SH.KC_688095,福昕软件,软件开发,8.377706,-5.9197555
118,2025-01-27,SH.ZB_603789,星光农机,专用设备,8.373077,-0.4543023
119,2025-01-27,SZ.ZB_000627,天茂集团,保险,8.3670635,-5.7938123
120,2025-01-27,SH.KC_300959,线上线下,通信服务,8.310194,-3.6824923
121,2025-01-27,SH.KC_300127,银河磁体,小金属,8.307101,-3.1578648
122,2025-01-27,SH.ZB_603015,弘讯科技,专用设备,8.247669,-4.14039
123,2025-01-27,SH.ZB_600858,银座股份,商业百货,8.229449,-4.0747857
124,2025-01-27,SH.ZB_603800,洪田股份,专用设备,8.228535,-3.9180856
125,2025-01-27,SH.KC_688429,时创能源,光伏设备,8.19432,-3.2531574
126,2025-01-27,SZ.ZB_002762,金发拉比,纺织服装,8.188298,-1.8020041
127,2025-01-27,SH.ZB_600802,福建水泥,水泥建材,8.17907,-4.0053964
128,2025-01-27,SH.ZB_600355,精伦电子,通信设备,8.167307,-1.2174689
129,2025-01-27,SH.ZB_603177,德创环保,环保行业,8.166279,-1.3198485
130,2025-01-27,SH.KC_300688,创业黑马,教育,8.162218,-5.1613836
131,2025-01-27,SH.KC_688369,致远互联,软件开发,8.134913,-4.972353
132,2025-01-27,SH.ZB_605179,一鸣食品,食品饮料,8.102608,-4.1453543
133,2025-01-27,SZ.ZB_002636,金安国纪,电子元件,8.049446,-2.9459233
134,2025-01-27,SH.KC_300798,锦鸡股份,化学制品,8.024112,-3.8952153
135,2025-01-27,SH.ZB_600198,大唐电信,通信设备,8.010559,-2.1184678
136,2025-01-27,SZ.ZB_002657,中科金财,互联网服务,7.9845486,-4.37149
137,2025-01-27,SH.ZB_603101,汇嘉时代,商业百货,7.9660473,-2.015488
138,2025-01-27,SZ.ZB_002693,双成药业,生物制品,7.9327955,-1.1891507
139,2025-01-27,SH.KC_300792,壹网壹创,互联网服务,7.9309506,-3.7626987
140,2025-01-27,SH.KC_300276,三丰智能,专用设备,7.9241724,-3.6009092
141,2025-01-27,SZ.ZB_001236,弘业期货,多元金融,7.912584,-4.458569
142,2025-01-27,SH.KC_301220,亚香股份,化学制品,7.9061747,-6.5540075
143,2025-01-27,SH.KC_301061,匠心家居,家电行业,7.8994527,-6.0948367
144,2025-01-27,SH.KC_688085,三友医疗,医疗器械,7.883248,-2.6880667
145,2025-01-27,SH.KC_300250,初灵信息,互联网服务,7.881588,-4.2451916
146,2025-01-27,SH.KC_300211,亿通科技,通信服务,7.8700466,-3.5491314
147,2025-01-27,SH.ZB_600405,动力源,电源设备,7.865849,-2.6697571
148,2025-01-27,SH.KC_301018,申菱环境,专用设备,7.8628182,-4.530019
149,2025-01-27,SH.KC_300154,瑞凌股份,通用设备,7.861,-2.8840094
150,2025-01-27,SH.ZB_603880,南卫股份,医疗器械,7.8512774,-4.5579834
151,2025-01-27,SH.KC_300561,汇金科技,软件开发,7.8237953,-4.3976903
152,2025-01-27,SZ.ZB_002354,天娱数科,互联网服务,7.7948036,-4.102416
153,2025-01-27,SZ.ZB_002175,东方智造,仪器仪表,7.787983,-3.7759879
154,2025-01-27,SH.ZB_600693,东百集团,商业百货,7.7580676,-4.907862
155,2025-01-27,SZ.ZB_001309,德明利,半导体,7.712999,-4.939915
156,2025-01-27,SZ.ZB_002453,华软科技,化学制品,7.703169,-5.8733387
157,2025-01-27,SH.KC_688400,凌云光,专用设备,7.6946616,-5.719472
158,2025-01-27,SZ.ZB_002733,雄韬股份,电池,7.6857314,-4.7015624
159,2025-01-13,SH.KC_688073,毕得医药,生物制品,7.643326,-4.061676
160,2025-01-27,SH.ZB_600423,柳化股份,化学原料,7.6335893,-1.7323719
161,2025-01-23,SH.KC_688350,富淼科技,化学制品,7.600604,-4.7092743
162,2025-01-27,SH.ZB_603838,四通股份,装修建材,7.5913696,-2.2546828
163,2025-01-27,SH.KC_300377,赢时胜,软件开发,7.5905266,-2.7348278
164,2025-01-27,SH.ZB_603718,海利生物,农药兽药,7.583125,-4.2199483
165,2025-01-27,SZ.ZB_000795,英洛华,小金属,7.556474,-3.2349017
166,2025-01-27,SH.KC_301157,华塑科技,计算机设备,7.5399547,-4.628653
167,2025-01-27,SH.ZB_603615,茶花股份,塑料制品,7.535784,-4.536192
168,2025-01-27,SH.KC_300229,拓尔思,软件开发,7.5061398,-3.155718
169,2025-01-27,SZ.ZB_002009,天奇股份,专用设备,7.4961557,-4.0355606
170,2025-01-27,SH.KC_301001,凯淳股份,互联网服务,7.469434,-5.3728523
171,2025-01-27,SH.KC_301336,趣睡科技,家用轻工,7.4668036,-6.646879
172,2025-01-27,SH.KC_300084,海默科技,采掘行业,7.4620976,-3.564107
173,2025-01-27,SH.ZB_600626,申达股份,汽车零部件,7.45683,-3.086758
174,2025-01-27,SH.KC_688226,威腾电气,电网设备,7.4554787,-6.313172
175,2025-01-27,SH.ZB_600610,中毅达,化学原料,7.4552355,-2.772977
176,2025-01-27,SH.ZB_603079,圣达生物,化学制品,7.4466453,-3.7482884
177,2025-01-27,SH.KC_300812,易天股份,消费电子,7.422839,-2.8221283
178,2025-01-27,SZ.ZB_002640,跨境通,贸易行业,7.421811,-2.0645094
179,2025-01-27,SH.ZB_603978,深圳新星,有色金属,7.4200273,-3.1359851
180,2025-01-27,SH.ZB_603389,亚振家居,装修建材,7.3939695,-1.7660488
181,2025-01-27,SZ.ZB_002403,爱仕达,家电行业,7.392359,-3.6508164
182,2025-01-27,SZ.ZB_002291,遥望科技,互联网服务,7.388802,-2.620613
183,2025-01-27,SH.KC_300949,奥雅股份,工程咨询服务,7.38367,-3.4852133
184,2025-01-27,SH.KC_300299,富春股份,游戏,7.3807077,-3.8690276
185,2025-01-27,SZ.ZB_002583,海能达,通信设备,7.3543577,-3.3644483
186,2025-01-27,SZ.ZB_002047,宝鹰股份,装修装饰,7.343736,-2.8440118
187,2025-01-27,SH.KC_301600,慧翰股份,通信设备,7.339783,-3.5864286
188,2025-01-27,SZ.ZB_002256,兆新股份,电网设备,7.338019,-2.5414681
189,2025-01-27,SZ.ZB_002134,天津普林,电子元件,7.2964206,-3.7777822
190,2025-01-27,SZ.ZB_002229,鸿博股份,造纸印刷,7.2821455,-2.5447671
191,2025-01-27,SH.KC_301024,霍普股份,工程建设,7.2704134,-3.598186
192,2025-01-27,SH.ZB_603200,上海洗霸,环保行业,7.264343,-4.388985
193,2025-01-27,SH.KC_300985,致远新能,通用设备,7.262209,-3.3030353
194,2025-01-27,SZ.ZB_000659,珠海中富,包装材料,7.2604403,-2.0313013
195,2025-01-27,SZ.ZB_002495,佳隆股份,食品饮料,7.256508,-3.3768463
196,2025-01-27,SH.KC_300435,中泰股份,燃气,7.256442,-3.7827394
197,2025-01-27,SH.ZB_605338,巴比食品,食品饮料,7.2469754,-3.392065
198,2025-01-27,SH.KC_300242,佳云科技,文化传媒,7.225208,-3.768865
199,2025-01-27,SH.KC_688717,艾罗能源,光伏设备,7.212849,-4.2984343
200,2025-01-27,SH.ZB_603106,恒银科技,计算机设备,7.2120266,-3.696632
201,2025-01-27,SZ.ZB_001366,播恩集团,农牧饲渔,7.1997256,-4.220397
202,2025-01-27,SH.KC_301082,久盛电气,电网设备,7.1791544,-2.9495437
203,2025-01-27,SZ.ZB_002068,黑猫股份,橡胶制品,7.149005,-2.8934557
204,2025-01-27,SH.KC_688228,开普云,互联网服务,7.1444125,-4.181037
205,2025-01-27,SH.KC_301536,星宸科技,半导体,7.1305885,-6.1911054
206,2025-01-27,SZ.ZB_000158,常山北明,综合行业,7.1128516,-2.769454
207,2025-01-27,SH.KC_688512,慧智微-U,半导体,7.1012616,-3.3484387
208,2025-01-27,SH.KC_300537,广信材料,电子化学品,7.1007566,-2.0339484
209,2025-01-27,SH.KC_301556,托普云农,软件开发,7.0471945,-5.229204
210,2025-01-27,SH.ZB_603499,翔港科技,造纸印刷,7.0254936,-4.6914673
211,2025-01-27,SH.KC_688115,思林杰,仪器仪表,7.014604,-2.817208
212,2025-01-27,SH.KC_300085,银之杰,软件开发,7.0124254,-2.886876
213,2025-01-27,SZ.ZB_000681,视觉中国,文化传媒,7.0065203,-4.391443
214,2025-01-27,SZ.ZB_002717,岭南股份,环保行业,7.005441,-2.2072198
215,2025-01-27,SH.ZB_603665,康隆达,纺织服装,6.992091,-4.9947066
216,2025-01-27,SH.ZB_600094,大名城,房地产开发,6.9898458,-2.327644
217,2025-01-27,SZ.ZB_002137,实益达,电子元件,6.988761,-3.2489107
218,2025-01-27,SH.KC_300733,西菱动力,汽车零部件,6.9787593,-4.9305544
219,2025-01-27,SZ.ZB_000509,华塑控股,光学光电子,6.965101,-3.1679082
220,2025-01-27,SH.KC_688766,普冉股份,半导体,6.9533734,-4.8989096
221,2025-01-27,SH.KC_301037,保立佳,化学制品,6.923804,-2.8022192
222,2025-01-27,SH.ZB_600053,九鼎投资,多元金融,6.9233613,-3.3039608
223,2025-01-27,SZ.ZB_002542,中化岩土,工程建设,6.922045,-1.8850814
224,2025-01-27,SZ.ZB_002184,海得控制,专用设备,6.910643,-3.4264796
225,2025-01-27,SH.KC_300080,易成新能,通用设备,6.9096,-2.5210154
226,2025-01-27,SH.KC_688313,仕佳光子,通信设备,6.9042325,-6.7420936
227,2025-01-27,SH.KC_301210,金杨股份,电池,6.894207,-6.6451893
228,2025-01-27,SH.ZB_600692,亚通股份,房地产开发,6.8928466,-3.2330766
229,2025-01-27,SH.KC_300386,飞天诚信,软件开发,6.8748355,-3.8709111
230,2025-01-27,SH.ZB_600800,渤海化学,化学制品,6.8682103,-2.0415616
231,2025-01-27,SH.ZB_600824,益民集团,商业百货,6.866008,-3.142044
232,2025-01-27,SH.KC_300753,爱朋医疗,医疗器械,6.860791,-3.6242228
233,2025-01-27,SH.ZB_600446,金证股份,互联网服务,6.8557234,-2.4664543
234,2025-01-27,SH.KC_300289,利德曼,医疗器械,6.811142,-3.611029
235,2025-01-27,SH.KC_688320,禾川科技,仪器仪表,6.7890244,-4.5223875
236,2025-01-27,SZ.ZB_002552,宝鼎科技,通用设备,6.785402,-3.7160783
237,2025-01-27,SH.KC_300605,恒锋信息,软件开发,6.776008,-4.080069
238,2025-01-27,SH.KC_301129,瑞纳智能,仪器仪表,6.775841,-2.4493234
239,2025-01-27,SH.ZB_600889,南京化纤,化纤行业,6.7725673,-4.061794
240,2025-01-27,SH.KC_688502,茂莱光学,光学光电子,6.7695913,-4.313225
241,2025-01-27,SZ.ZB_002098,浔兴股份,纺织服装,6.758136,-3.6235988
242,2025-01-27,SH.KC_300287,飞利信,互联网服务,6.753251,-3.5174608
243,2025-01-27,SZ.ZB_002187,广百股份,商业百货,6.7444115,-2.9734063
244,2025-01-27,SH.KC_301288,清研环境,环保行业,6.743026,-0.46462473
245,2025-01-27,SZ.ZB_000526,学大教育,教育,6.7152367,-3.6553848
246,2025-01-27,SH.KC_688031,星环科技-U,软件开发,6.701642,-4.412264
247,2025-01-27,SH.KC_301456,盘古智能,风电设备,6.699297,-3.7441692
248,2025-01-27,SH.KC_300656,民德电子,电子元件,6.6935525,-2.8934104
249,2025-01-27,SZ.ZB_002188,中天服务,房地产服务,6.687951,-3.6142614
250,2025-01-27,SH.ZB_600751,海航科技,航运港口,6.675103,-2.9945638
251,2025-01-27,SH.ZB_605081,太和水,环保行业,6.6724076,-1.1461623
252,2025-01-27,SZ.ZB_002313,日海智能,通信设备,6.660995,-3.3024404
253,2025-01-27,SH.KC_300255,常山药业,化学制药,6.657508,-3.1698208
254,2025-01-27,SH.KC_300399,天利科技,互联网服务,6.6518054,-4.874297
255,2025-01-27,SH.KC_688244,永信至诚,软件开发,6.6459656,-3.9445918
256,2025-01-27,SH.ZB_600868,梅雁吉祥,电力行业,6.643182,-4.5691204
257,2025-01-27,SZ.ZB_002193,如意集团,纺织服装,6.6411824,-2.0058296
258,2025-01-27,SH.KC_301076,新瀚新材,化学原料,6.6157937,-5.256632
259,2025-01-27,SH.ZB_600172,黄河旋风,非金属材料,6.6154346,-2.1055763
260,2025-01-27,SH.KC_301315,威士顿,软件开发,6.6141753,-4.782665
261,2025-01-27,SZ.ZB_000702,正虹科技,农牧饲渔,6.6118555,-3.6146443
262,2025-01-27,SH.KC_688258,卓易信息,互联网服务,6.60218,-4.6294174
263,2025-01-27,SH.KC_300157,新锦动力,采掘行业,6.59776,-3.1380627
264,2025-01-27,SZ.ZB_003040,楚天龙,通信设备,6.5800533,-3.5994601
265,2025-01-27,SZ.ZB_001301,尚太科技,非金属材料,6.568116,-2.6968744
266,2025-01-27,SH.ZB_603129,春风动力,交运设备,6.55891,-5.479768
267,2025-01-27,SH.KC_300106,西部牧业,食品饮料,6.53995,-2.9674985
268,2025-01-27,SH.KC_688286,敏芯股份,半导体,6.539318,-4.481899
269,2025-01-27,SH.KC_688062,迈威生物-U,生物制品,6.5311728,-1.7141383
270,2025-01-27,SH.ZB_600410,华胜天成,互联网服务,6.530857,-5.2241535
271,2025-01-27,SH.KC_688691,灿芯股份,半导体,6.5145197,-3.0123782
272,2025-01-27,SH.KC_301152,天力锂能,电池,6.5113053,-2.2026908
273,2025-01-27,SH.ZB_603915,国茂股份,通用设备,6.4890428,-5.496164
274,2025-01-27,SH.ZB_603636,南威软件,互联网服务,6.488615,-3.0936446
275,2025-01-27,SZ.ZB_000720,新能泰山,电网设备,6.486371,-3.476829
276,2025-01-27,SZ.ZB_002164,宁波东力,通用设备,6.478356,-3.1165826
277,2025-01-27,SZ.ZB_002449,国星光电,光学光电子,6.4754443,-3.3121011
278,2025-01-27,SZ.ZB_002575,群兴玩具,房地产服务,6.474757,-3.2303925
279,2025-01-27,SH.KC_300748,金力永磁,小金属,6.4710364,-3.9953399
280,2025-01-27,SH.KC_300173,福能东方,专用设备,6.437999,-2.6694472
281,2025-01-27,SZ.ZB_001330,博纳影业,文化传媒,6.434046,-3.4291534
282,2025-01-27,SH.KC_300437,清水源,化学制品,6.43048,-1.5213861
283,2025-01-27,SH.KC_300256,星星科技,消费电子,6.427936,-1.793528
284,2025-01-27,SZ.ZB_002526,山东矿机,专用设备,6.4272375,-2.9432595
285,2025-01-27,SZ.ZB_002578,闽发铝业,有色金属,6.42688,-2.5137203
286,2025-01-27,SH.KC_301182,凯旺科技,消费电子,6.404309,-3.640865
287,2025-01-27,SH.ZB_603012,创力集团,专用设备,6.388651,-3.5048037
288,2025-01-27,SH.KC_300460,惠伦晶体,电子元件,6.388505,-2.7874074
289,2025-01-27,SZ.ZB_002356,赫美集团,贸易行业,6.3867807,-2.826661
290,2025-01-27,SH.ZB_600881,亚泰集团,水泥建材,6.3697696,-2.3213246
291,2025-01-27,SH.KC_300808,久量股份,光学光电子,6.367965,-4.0466824
292,2025-01-27,SH.ZB_603021,山东华鹏,玻璃玻纤,6.3591332,-3.2816074
293,2025-01-27,SZ.ZB_000042,中洲控股,房地产开发,6.359008,-3.7206213
294,2025-01-27,SH.KC_301183,东田微,光学光电子,6.353645,-4.0014505
295,2025-01-27,SH.ZB_600624,复旦复华,综合行业,6.34945,-2.2804487
296,2025-01-27,SH.ZB_603221,爱丽家居,塑料制品,6.3477635,-4.255453
297,2025-01-27,SH.KC_688365,光云科技,互联网服务,6.346293,-4.9894137
298,2025-01-27,SH.KC_300945,曼卡龙,珠宝首饰,6.342101,-2.800798
299,2025-01-27,SH.KC_300068,南都电源,电池,6.3386483,-2.2505293
300,2025-01-27,SH.KC_301326,捷邦科技,消费电子,6.337586,-3.8385158
301,2025-01-27,SH.KC_688227,品高股份,软件开发,6.3364224,-4.317775
302,2025-01-27,SH.ZB_603110,东方材料,化学制品,6.3253045,-3.7417643
303,2025-01-27,SH.KC_300901,中胤时尚,纺织服装,6.3236637,-3.3177524
304,2025-01-27,SH.ZB_603922,金鸿顺,汽车零部件,6.3218756,-3.2533507
305,2025-01-27,SH.ZB_600722,金牛化工,化学原料,6.318547,-3.375855
306,2025-01-27,SH.KC_301123,奕东电子,消费电子,6.3093066,-3.8476439
307,2025-01-27,SZ.ZB_000665,湖北广电,文化传媒,6.292792,-3.5591822
308,2025-01-27,SH.ZB_600255,鑫科材料,有色金属,6.2865047,-5.3004956
309,2025-01-27,SH.KC_300198,纳川股份,装修建材,6.2557535,-2.4707031
310,2025-01-27,SZ.ZB_002446,盛路通信,通信设备,6.2537193,-2.2593446
311,2025-01-27,SH.ZB_600653,申华控股,汽车服务,6.2520027,-3.543385
312,2025-01-27,SZ.ZB_000608,阳光股份,房地产服务,6.2507257,-2.9230895
313,2025-01-27,SZ.ZB_002117,东港股份,造纸印刷,6.2246413,-4.421837
314,2025-01-27,SH.KC_300123,亚光科技,船舶制造,6.2229576,-2.552357
315,2025-01-27,SZ.ZB_002799,环球印务,包装材料,6.2223835,-3.0284524
316,2025-01-27,SH.KC_300076,GQY视讯,光学光电子,6.2214003,-3.1257186
317,2025-01-27,SH.KC_688629,华丰科技,电子元件,6.219572,-3.8804955
318,2025-01-27,SZ.ZB_000056,皇庭国际,房地产服务,6.21306,-2.491041
319,2025-01-27,SH.KC_688433,华曙高科,通用设备,6.202413,-4.1652822
320,2025-01-27,SH.KC_688787,海天瑞声,互联网服务,6.1778727,-7.768932
321,2025-01-27,SH.ZB_605186,健麾信息,医疗服务,6.1733365,-3.9523687
322,2025-01-27,SH.KC_301366,一博科技,电子元件,6.165466,-3.6808133
323,2025-01-27,SH.KC_301611,珂玛科技,非金属材料,6.164719,-3.537168
324,2025-01-27,SH.ZB_600666,奥瑞德,光学光电子,6.1600194,-2.7666726
325,2025-01-27,SH.ZB_603291,联合水务,公用事业,6.1587706,-3.4374113
326,2025-01-27,SH.ZB_603895,天永智能,专用设备,6.1557665,-3.8698726
327,2025-01-27,SZ.ZB_000068,华控赛格,环保行业,6.1485453,-3.7140105
328,2025-01-27,SH.KC_688058,宝兰德,软件开发,6.1445146,-3.544154
329,2025-01-27,SZ.ZB_002518,科士达,电源设备,6.139754,-3.878193
330,2025-01-27,SH.ZB_600698,湖南天雁,汽车零部件,6.1359854,-2.4665685
331,2025-01-27,SH.KC_301230,泓博医药,生物制品,6.1345296,-4.2073174
332,2025-01-27,SH.KC_301396,宏景科技,互联网服务,6.1224446,-4.626167
333,2025-01-27,SZ.ZB_000518,四环生物,生物制品,6.1217175,-2.127066
334,2025-01-27,SZ.ZB_002819,东方中科,仪器仪表,6.112738,-2.609682
335,2025-01-27,SH.KC_300827,上能电气,光伏设备,6.111786,-1.8362645
336,2025-01-27,SH.ZB_600708,光明地产,房地产开发,6.1079593,-2.7171595
337,2025-01-27,SH.ZB_603887,城地香江,互联网服务,6.099999,-4.25122
338,2025-01-27,SH.KC_300152,新动力,环保行业,6.0986576,-2.8118997
339,2025-01-27,SH.KC_300278,华昌达,通用设备,6.097227,-3.0526292
340,2025-01-27,SZ.ZB_000632,三木集团,综合行业,6.0968714,-3.5890505
341,2025-01-27,SH.KC_300147,香雪制药,中药,6.0924635,-2.8572254
342,2025-01-27,SH.KC_300044,赛为智能,互联网服务,6.091012,-2.5642078
343,2025-01-27,SH.KC_300141,和顺电气,电网设备,6.086999,-2.7723641
344,2025-01-27,SH.ZB_600744,华银电力,电力行业,6.0754375,-2.747849
345,2025-01-27,SH.ZB_601515,东峰集团,包装材料,6.075005,-2.3508358
346,2025-01-27,SH.KC_300231,银信科技,互联网服务,6.0656576,-3.1510067
347,2025-01-27,SH.ZB_600793,宜宾纸业,造纸印刷,6.052059,-3.7725124
348,2025-01-27,SH.KC_300687,赛意信息,互联网服务,6.050758,-3.8267627
349,2025-01-27,SH.KC_688390,固德威,光伏设备,6.04804,-4.3461704
350,2025-01-27,SH.KC_300296,利亚德,光学光电子,6.044307,-4.3014946
351,2025-01-27,SZ.ZB_002599,盛通股份,包装材料,6.024827,-3.115068
352,2025-01-27,SZ.ZB_002723,小崧股份,家电行业,6.023334,-3.319915
353,2025-01-27,SH.KC_300781,因赛集团,文化传媒,6.022379,-4.5595465
354,2025-01-27,SH.KC_300266,兴源环境,环保行业,6.0197144,-2.9100454
355,2025-01-27,SH.KC_300155,安居宝,计算机设备,6.0177164,-2.6078405
356,2025-01-27,SH.KC_688700,东威科技,专用设备,6.012441,-2.8214478
357,2025-01-27,SH.KC_688205,德科立,光学光电子,6.0018973,-6.8733244
358,2025-01-27,SH.ZB_600847,万里股份,电池,6.0013905,-3.464716
359,2025-01-24,SH.KC_300839,博汇股份,石油行业,6.0007663,-4.553755
360,2025-01-27,SH.KC_300056,中创环保,环保行业,6.0005083,-3.710976
361,2025-01-27,SZ.ZB_003030,祖名股份,食品饮料,5.9914007,-3.2691453
362,2025-01-27,SH.KC_300989,蕾奥规划,工程咨询服务,5.984762,-3.063965
363,2025-01-27,SH.KC_300581,晨曦航空,航天航空,5.983676,-2.460379
364,2025-01-27,SH.KC_300694,蠡湖股份,汽车零部件,5.9804974,-3.1907432
365,2025-01-27,SZ.ZB_002103,广博股份,家用轻工,5.980052,-3.30179
366,2025-01-27,SH.KC_300224,正海磁材,小金属,5.963965,-2.928975
367,2025-01-27,SH.KC_300903,科翔股份,电子元件,5.959958,-3.0287478
368,2025-01-27,SZ.ZB_000006,深振业Ａ,房地产开发,5.953616,-3.2323356
369,2025-01-27,SH.KC_300822,贝仕达克,消费电子,5.952394,-3.861708
370,2025-01-27,SZ.ZB_002364,中恒电气,电源设备,5.9522243,-5.5681725
371,2025-01-27,SH.KC_300496,中科创达,互联网服务,5.9462013,-5.1583185
372,2025-01-27,SH.KC_688311,盟升电子,通信设备,5.9414716,-2.1933782
373,2025-01-27,SZ.ZB_002355,兴民智通,汽车零部件,5.94102,-3.3132799
374,2025-01-27,SH.ZB_603717,天域生物,农牧饲渔,5.9384584,-3.8081412
375,2025-01-27,SZ.ZB_000698,沈阳化工,石油行业,5.934389,-2.8519144
376,2025-01-27,SH.ZB_603039,泛微网络,软件开发,5.9327455,-4.617169
377,2025-01-27,SH.KC_300094,国联水产,食品饮料,5.9321537,-2.5062711
378,2025-01-27,SH.KC_688288,鸿泉物联,计算机设备,5.931257,-4.002807
379,2025-01-27,SZ.ZB_002593,日上集团,汽车零部件,5.9284267,-3.06109
380,2025-01-27,SH.ZB_600371,万向德农,农牧饲渔,5.928381,-4.235255
381,2025-01-27,SH.KC_300624,万兴科技,软件开发,5.928299,-4.5956216
382,2025-01-27,SH.KC_300290,荣科科技,互联网服务,5.9273286,-3.8529105
383,2025-01-27,SZ.ZB_002611,东方精工,专用设备,5.919917,-4.1830697
384,2025-01-27,SZ.ZB_000929,兰州黄河,酿酒行业,5.919288,-2.13798
385,2025-01-27,SH.ZB_603893,瑞芯微,半导体,5.9174137,-7.5528936
386,2025-01-27,SH.ZB_603070,万控智造,电网设备,5.9117885,-4.25839
387,2025-01-27,SH.KC_301325,曼恩斯特,电池,5.9055595,-4.082139
388,2025-01-27,SH.ZB_603809,豪能股份,汽车零部件,5.9016185,-4.69678
389,2025-01-27,SH.ZB_600990,四创电子,通信设备,5.900836,-3.232066
390,2025-01-27,SH.ZB_605136,丽人丽妆,商业百货,5.899118,-2.2717438
391,2025-01-27,SH.KC_301487,盟固利,电池,5.8980794,-1.9750797
392,2025-01-27,SH.ZB_600180,瑞茂通,物流行业,5.8894157,-2.8140917
393,2025-01-27,SH.KC_300323,华灿光电,光学光电子,5.8840885,-2.7283528
394,2025-01-27,SZ.ZB_000796,凯撒旅业,旅游酒店,5.8831377,-2.1454978
395,2025-01-27,SZ.ZB_002829,星网宇达,通信设备,5.87728,-1.9865841
396,2025-01-27,SZ.ZB_002335,科华数据,电源设备,5.8710756,-3.5860453
397,2025-01-27,SZ.ZB_002190,成飞集成,汽车零部件,5.870235,-2.1583889
398,2025-01-27,SH.KC_300472,新元科技,专用设备,5.8647914,-2.8037238
399,2025-01-27,SH.KC_300007,汉威科技,仪器仪表,5.857664,-5.151639
400,2025-01-27,SH.KC_300805,电声股份,文化传媒,5.838169,-4.0354123
401,2025-01-27,SH.ZB_600986,浙文互联,文化传媒,5.8369784,-4.014518
402,2025-01-27,SH.KC_301066,万事利,纺织服装,5.8364882,-3.3835106
403,2025-01-27,SH.KC_300510,金冠股份,电网设备,5.8321743,-2.2111506
404,2025-01-27,SH.ZB_605108,同庆楼,旅游酒店,5.8319526,-3.2292695
405,2025-01-27,SH.KC_300245,天玑科技,互联网服务,5.82965,-4.0306764
406,2025-01-27,SH.ZB_603511,爱慕股份,纺织服装,5.827664,-1.8799384
407,2025-01-27,SH.KC_300473,德尔股份,汽车零部件,5.827284,-2.7977014
408,2025-01-27,SH.KC_688103,国力股份,电子元件,5.8256507,-3.0893383
409,2025-01-27,SH.KC_688709,成都华微,半导体,5.8246717,-2.4855142
410,2025-01-27,SZ.ZB_000564,供销大集,商业百货,5.82457,-2.206609
411,2025-01-27,SH.KC_300927,江天化学,化学原料,5.816099,-4.087205
412,2025-01-27,SH.ZB_603166,福达股份,汽车零部件,5.8157935,-4.7459817
413,2025-01-27,SZ.ZB_000803,山高环能,综合行业,5.8104095,-3.1349664
414,2025-01-27,SH.KC_300098,高新兴,软件开发,5.794154,-2.4061143
415,2025-01-27,SH.KC_688521,芯原股份,半导体,5.7935314,-3.6986694
416,2025-01-27,SH.ZB_600724,宁波富达,房地产开发,5.7904587,-1.7892954
417,2025-01-27,SH.KC_301021,英诺激光,电子元件,5.790162,-3.3114567
418,2025-01-27,SH.KC_300655,晶瑞电材,电子化学品,5.7754874,-2.1503437
419,2025-01-27,SH.KC_300592,华凯易佰,互联网服务,5.7725134,-4.6960053
420,2025-01-27,SH.KC_300359,全通教育,教育,5.771512,-3.237366
421,2025-01-27,SZ.ZB_000833,粤桂股份,综合行业,5.76185,-3.1879644
422,2025-01-27,SZ.ZB_000031,大悦城,房地产开发,5.757348,-2.4379802
423,2025-01-27,SH.ZB_600844,丹化科技,化学原料,5.7503505,-3.1279254
424,2025-01-27,SH.KC_688598,金博股份,光伏设备,5.748631,-2.9322174
425,2025-01-27,SH.KC_300379,东方通,软件开发,5.7464795,-3.1827211
426,2025-01-27,SZ.ZB_000678,襄阳轴承,汽车零部件,5.745816,-3.6645732
427,2025-01-27,SH.KC_300814,中富电路,电子元件,5.725855,-4.1696334
428,2025-01-27,SH.KC_688037,芯源微,半导体,5.721541,-2.4766634
429,2025-01-27,SH.KC_300571,平治信息,通信服务,5.7163954,-3.5965483
430,2025-01-27,SZ.ZB_003013,地铁设计,工程咨询服务,5.7157664,-2.3361874
431,2025-01-27,SH.KC_300990,同飞股份,通用设备,5.7134333,-4.1792445
432,2025-01-27,SZ.ZB_000995,皇台酒业,酿酒行业,5.70122,-3.4620113
433,2025-01-27,SH.KC_688590,新致软件,软件开发,5.700073,-4.01734
434,2025-01-27,SH.KC_300763,锦浪科技,光伏设备,5.6963534,-2.8201904
435,2025-01-27,SH.KC_688373,盟科药业-U,生物制品,5.695216,-2.7216885
436,2025-01-27,SZ.ZB_002629,仁智股份,采掘行业,5.693622,-6.0204563
437,2025-01-27,SH.ZB_600769,祥龙电业,工程建设,5.693148,-3.1697783
438,2025-01-27,SZ.ZB_002811,郑中设计,专业服务,5.6872635,-4.5591955
439,2025-01-27,SZ.ZB_001306,夏厦精密,通用设备,5.676447,-4.480823
440,2025-01-27,SH.KC_688737,中自科技,化学制品,5.675496,-2.8493297
441,2025-01-27,SH.KC_300710,万隆光电,通信设备,5.6654544,-2.901645
442,2025-01-27,SH.KC_300663,科蓝软件,软件开发,5.6646957,-3.2701678
443,2025-01-27,SH.ZB_600807,济高发展,医疗器械,5.6615634,-2.1364503
444,2025-01-27,SZ.ZB_002459,晶澳科技,光伏设备,5.6582527,-2.6708305
445,2025-01-27,SH.KC_300382,斯莱克,专用设备,5.658078,-2.2451437
446,2025-01-27,SH.KC_688499,利元亨,电池,5.657086,-2.8764422
447,2025-01-27,SH.KC_688097,博众精工,专用设备,5.655901,-3.1666443
448,2025-01-27,SH.ZB_603118,共进股份,通信设备,5.655405,-4.0118256
449,2025-01-27,SH.KC_300551,古鳌科技,计算机设备,5.652708,-2.3036246
450,2025-01-27,SH.ZB_600839,四川长虹,家电行业,5.6515665,-2.7934878
451,2025-01-27,SH.KC_301486,致尚科技,消费电子,5.6509523,-3.8476932
452,2025-01-27,SZ.ZB_002086,东方海洋,农牧饲渔,5.6498795,-2.012501
453,2025-01-27,SH.ZB_600126,杭钢股份,钢铁行业,5.6465225,-4.317075
454,2025-01-27,SZ.ZB_002899,英派斯,家用轻工,5.645047,-4.2440133
455,2025-01-27,SZ.ZB_002358,森源电气,电网设备,5.633378,-4.4117107
456,2025-01-27,SH.KC_300153,科泰电源,电源设备,5.6291924,-5.91899
457,2025-01-27,SH.KC_688327,云从科技-UW,软件开发,5.620697,-4.0884385
458,2025-01-27,SH.KC_301101,明月镜片,家用轻工,5.6157036,-3.4586172
459,2025-01-27,SH.ZB_603637,镇海股份,工程建设,5.6146784,-3.9225354
460,2025-01-27,SH.KC_300980,祥源新材,塑料制品,5.6104465,-5.5880704
461,2025-01-27,SZ.ZB_002346,柘中股份,电网设备,5.6055665,-2.2168858
462,2025-01-27,SH.KC_301268,铭利达,通用设备,5.6032434,-2.3617978
463,2025-01-27,SH.KC_300875,捷强装备,专用设备,5.603093,-2.647916
464,2025-01-27,SH.KC_300667,必创科技,仪器仪表,5.6009755,-2.6627178
465,2025-01-27,SH.KC_688172,燕东微,半导体,5.5999966,-3.1657062
466,2025-01-27,SH.KC_301558,三态股份,贸易行业,5.597454,-3.4388716
467,2025-01-27,SH.ZB_600593,大连圣亚,旅游酒店,5.5921497,-2.0362413
468,2025-01-27,SH.KC_688800,瑞可达,电子元件,5.5862308,-5.5210524
469,2025-01-27,SH.KC_688022,瀚川智能,专用设备,5.5797324,-3.11477
470,2025-01-27,SH.KC_688184,帕瓦股份,电池,5.570431,-3.035683
471,2025-01-27,SZ.ZB_000670,盈方微,半导体,5.569205,-2.0962532
472,2025-01-27,SH.ZB_601865,福莱特,光伏设备,5.568217,-3.0019226
473,2025-01-27,SH.KC_688038,中科通达,软件开发,5.5667105,-4.9300466
474,2025-01-27,SZ.ZB_002012,凯恩股份,造纸印刷,5.566463,-3.3618684
475,2025-01-27,SH.KC_300103,达刚控股,专用设备,5.5596337,-3.2486544
476,2025-01-27,SH.ZB_605199,葫芦娃,中药,5.552317,-2.8756523
477,2025-01-27,SZ.ZB_002892,科力尔,电机,5.55155,-3.8335838
478,2025-01-27,SZ.ZB_000061,农 产 品,贸易行业,5.5475755,-2.4293537
479,2025-01-27,SZ.ZB_000695,滨海能源,造纸印刷,5.5472836,-2.148027
480,2025-01-27,SH.KC_300583,赛托生物,化学制药,5.543864,-1.9735307
481,2025-01-27,SH.KC_300420,五洋自控,通用设备,5.5420218,-2.2319608
482,2025-01-27,SH.KC_300474,景嘉微,电子元件,5.5409536,-2.3184412
483,2025-01-27,SH.KC_300494,盛天网络,游戏,5.5404797,-4.019376
484,2025-01-27,SH.KC_688733,壹石通,非金属材料,5.536392,-2.539229
485,2025-01-27,SH.KC_300829,金丹科技,食品饮料,5.534984,-2.0091746
486,2025-01-27,SH.KC_300077,国民技术,半导体,5.5282445,-2.436391
487,2025-01-27,SZ.ZB_003004,声迅股份,计算机设备,5.528149,-4.1338043
488,2025-01-27,SH.ZB_603305,旭升集团,汽车零部件,5.526389,-4.2237267
489,2025-01-27,SH.KC_300459,汤姆猫,游戏,5.524266,-3.5668597
490,2025-01-27,SH.KC_300884,狄耐克,计算机设备,5.5240946,-2.9155452
491,2025-01-27,SZ.ZB_002551,尚荣医疗,医疗器械,5.516656,-2.9273124
492,2025-01-27,SH.KC_301399,英特科技,通用设备,5.514556,-3.0525153
493,2025-01-27,SH.KC_301498,乖宝宠物,农牧饲渔,5.508484,-5.784262
494,2025-01-27,SH.KC_300050,世纪鼎利,通信服务,5.5084257,-2.9114988
495,2025-01-27,SH.KC_688608,恒玄科技,半导体,5.5044813,-5.566557
496,2025-01-27,SH.ZB_600605,汇通能源,房地产服务,5.492225,-3.5715983
497,2025-01-27,SZ.ZB_000599,青岛双星,橡胶制品,5.49137,-2.7771564
498,2025-01-27,SH.KC_300177,中海达,计算机设备,5.4891334,-2.7193556
499,2025-01-27,SH.KC_688132,邦彦技术,通信设备,5.4885583,-3.4306564
500,2025-01-27,SZ.ZB_000710,贝瑞基因,医疗器械,5.48808,-3.1567295
501,2025-01-27,SH.KC_300220,金运激光,电子元件,5.479018,-2.6867855
502,2025-01-27,SH.ZB_603719,良品铺子,食品饮料,5.4706097,-4.368608
503,2025-01-27,SH.KC_301577,美信科技,电子元件,5.470125,-2.649553
504,2025-01-27,SZ.ZB_002765,蓝黛科技,光学光电子,5.4653764,-3.5493455
505,2025-01-27,SZ.ZB_002295,精艺股份,有色金属,5.4639726,-3.8839269
506,2025-01-27,SH.KC_300961,深水海纳,环保行业,5.4616394,-2.7384303
507,2025-01-27,SZ.ZB_002902,铭普光磁,通信设备,5.460857,-3.1816826
508,2025-01-27,SH.KC_300464,星徽股份,互联网服务,5.4585786,-2.601287
509,2025-01-27,SH.ZB_600629,华建集团,工程咨询服务,5.4584785,-3.9010777
510,2025-01-27,SH.ZB_600939,重庆建工,工程建设,5.4485483,-2.9575307
511,2025-01-27,SZ.ZB_002031,巨轮智能,专用设备,5.447608,-3.4200504
512,2025-01-27,SH.KC_300442,润泽科技,互联网服务,5.4350777,-6.2912726
513,2025-01-27,SZ.ZB_002348,高乐股份,家用轻工,5.434635,-3.3690372
514,2025-01-27,SZ.ZB_002298,中电兴发,软件开发,5.4300785,-2.9826066
515,2025-01-27,SH.KC_301302,华如科技,软件开发,5.4227276,-3.4745004
516,2025-01-27,SZ.ZB_000757,浩物股份,汽车服务,5.4217205,-3.3213603
517,2025-01-27,SZ.ZB_002674,兴业科技,纺织服装,5.417424,-4.1138005
518,2025-01-27,SH.KC_301141,中科磁业,小金属,5.4171324,-3.288989
519,2025-01-27,SH.KC_300898,熊猫乳品,食品饮料,5.416958,-3.2170844
520,2025-01-27,SZ.ZB_002520,日发精机,通用设备,5.410078,-2.758005
521,2025-01-27,SH.KC_300603,立昂技术,通信服务,5.4098144,-4.1103435
522,2025-01-27,SH.ZB_603030,全筑股份,装修装饰,5.409363,-2.8840954
523,2025-01-27,SZ.ZB_002445,中南文化,通用设备,5.4043307,-2.7554262
524,2025-01-27,SH.KC_300427,红相股份,电网设备,5.4008126,-3.0031228
525,2025-01-27,SZ.ZB_002329,皇氏集团,食品饮料,5.4003134,-1.9418521
526,2025-01-27,SH.ZB_603819,神力股份,电机,5.399248,-2.6972082
527,2025-01-27,SH.KC_301208,中亦科技,软件开发,5.3988724,-4.1289544
528,2025-01-27,SZ.ZB_002272,川润股份,工程机械,5.398524,-2.1713963
529,2025-01-27,SH.KC_300613,富瀚微,半导体,5.3978367,-3.9398663
530,2025-01-27,SH.KC_301421,波长光电,光学光电子,5.3901033,-2.6294723
531,2025-01-27,SZ.ZB_003001,中岩大地,工程咨询服务,5.38684,-2.9726737
532,2025-01-27,SH.KC_688167,炬光科技,半导体,5.3803625,-3.2098134
533,2025-01-27,SH.ZB_603366,日出东方,家电行业,5.37789,-2.643693
534,2025-01-27,SH.KC_300465,高伟达,软件开发,5.3656564,-5.3631415
535,2025-01-27,SH.KC_300237,美晨科技,汽车零部件,5.365421,-2.3923564
536,2025-01-27,SZ.ZB_002577,雷柏科技,消费电子,5.364688,-3.570988
537,2025-01-27,SH.KC_300556,丝路视觉,软件开发,5.3640604,-3.7851796
538,2025-01-27,SZ.ZB_002865,钧达股份,光伏设备,5.3558054,-3.5657015
539,2025-01-27,SH.ZB_600981,汇鸿集团,贸易行业,5.3416924,-2.6200113
540,2025-01-27,SH.KC_300403,汉宇集团,家电行业,5.340548,-4.693533
541,2025-01-27,SH.ZB_600589,大位科技,互联网服务,5.337283,-2.3235514
542,2025-01-27,SH.KC_300081,恒信东方,通信服务,5.334723,-2.890494
543,2025-01-27,SH.KC_688107,安路科技,半导体,5.330834,-3.0513809
544,2025-01-27,SZ.ZB_003042,中农联合,农药兽药,5.328314,-3.0913885
545,2025-01-27,SZ.ZB_000815,美利云,造纸印刷,5.3252606,-3.4081473
546,2025-01-27,SH.KC_300968,格林精密,消费电子,5.325234,-3.1755633
547,2025-01-27,SH.KC_688721,龙图光罩,半导体,5.3243012,-2.454515
548,2025-01-27,SH.ZB_603316,诚邦股份,工程建设,5.3214417,-2.7355826
549,2025-01-27,SH.KC_300113,顺网科技,游戏,5.320607,-4.4651737
550,2025-01-27,SH.KC_300466,赛摩智能,电网设备,5.3172007,-2.7582557
551,2025-01-27,SH.KC_300130,新国都,计算机设备,5.316487,-3.272401
552,2025-01-27,SH.ZB_605303,园林股份,工程建设,5.3148704,-3.3903058
553,2025-01-27,SZ.ZB_002849,威星智能,仪器仪表,5.3121076,-2.5960488
554,2025-01-27,SH.ZB_600732,爱旭股份,光伏设备,5.3103967,-2.762441
555,2025-01-27,SZ.ZB_002369,卓翼科技,消费电子,5.301501,-3.0429697
556,2025-01-27,SZ.ZB_002036,联创电子,光学光电子,5.296339,-2.7682004
557,2025-01-27,SH.ZB_600397,安源煤业,煤炭行业,5.29414,-4.4098487
558,2025-01-27,SH.ZB_603955,大千生态,工程建设,5.2906857,-2.8237054
559,2025-01-27,SH.KC_300917,特发服务,房地产服务,5.287343,-3.200759
560,2025-01-27,SH.KC_300553,集智股份,仪器仪表,5.280696,-3.7408538
561,2025-01-27,SH.KC_688299,长阳科技,光学光电子,5.2803993,-2.5797317
562,2025-01-27,SZ.ZB_003021,兆威机电,电机,5.279042,-4.4139395
563,2025-01-27,SH.ZB_600601,方正科技,电子元件,5.2752495,-4.037386
564,2025-01-27,SZ.ZB_002638,勤上股份,光学光电子,5.2730722,-2.2834113
565,2025-01-27,SZ.ZB_002423,中粮资本,多元金融,5.2690015,-3.9652698
566,2025-01-27,SH.KC_300956,英力股份,消费电子,5.2685184,-3.4979663
567,2025-01-27,SH.ZB_603859,能科科技,软件开发,5.2661257,-4.813017
568,2025-01-27,SZ.ZB_000692,惠天热电,公用事业,5.2657022,-3.055797
569,2025-01-27,SH.ZB_600192,长城电工,电网设备,5.2654324,-2.8555202
570,2025-01-27,SH.KC_301010,晶雪节能,装修建材,5.2653565,-3.532705
571,2025-01-27,SZ.ZB_000561,烽火电子,通信设备,5.2652283,-2.1026742
572,2025-01-27,SZ.ZB_001322,箭牌家居,装修建材,5.2552266,-3.0302148
573,2025-01-27,SH.KC_301251,威尔高,电子元件,5.253123,-3.3344178
574,2025-01-27,SH.ZB_603988,中电电机,电机,5.2463994,-2.7190852
575,2025-01-27,SH.ZB_600654,中安科,软件开发,5.2447543,-2.611224
576,2025-01-27,SH.KC_688117,圣诺生物,化学制药,5.2415295,-2.8771865
577,2025-01-27,SH.KC_688577,浙海德曼,通用设备,5.2355347,-5.1272774
578,2025-01-27,SH.KC_300647,超频三,消费电子,5.2297873,-2.4909918
579,2025-01-27,SZ.ZB_000635,英 力 特,化学原料,5.2243457,-2.9201176
580,2025-01-27,SH.KC_300925,法本信息,软件开发,5.2240224,-4.7187414
581,2025-01-27,SH.KC_301127,天源环保,环保行业,5.220278,-2.937572
582,2025-01-27,SH.ZB_603272,联翔股份,装修装饰,5.2051797,-4.9524283
583,2025-01-27,SH.ZB_600865,百大集团,商业百货,5.204554,-3.8314052
584,2025-01-27,SH.ZB_603629,利通电子,消费电子,5.2033215,-3.352192
585,2025-01-27,SH.KC_300317,珈伟新能,光伏设备,5.2031503,-2.7092333
586,2025-01-27,SH.ZB_600733,北汽蓝谷,汽车整车,5.1970005,-3.0622742
587,2025-01-27,SH.KC_300572,安车检测,专业服务,5.195917,-1.9172297
588,2025-01-27,SH.ZB_601162,天风证券,证券,5.1945643,-3.026687
589,2025-01-27,SH.KC_300042,朗科科技,半导体,5.1929994,-2.1789804
590,2025-01-27,SZ.ZB_002312,川发龙蟒,化肥行业,5.1862226,-2.7418787
591,2025-01-27,SZ.ZB_002917,金奥博,化学制品,5.1862183,-6.783953
592,2025-01-27,SH.KC_300846,首都在线,互联网服务,5.1850634,-3.7565815
593,2025-01-27,SH.KC_688615,合合信息,软件开发,5.1799045,-6.2133656
594,2025-01-27,SH.KC_300776,帝尔激光,光伏设备,5.178736,-3.097663
595,2025-01-27,SH.KC_688361,中科飞测,半导体,5.17754,-3.3087683
596,2025-01-27,SH.KC_688627,精智达,专用设备,5.1773267,-2.3758378
597,2025-01-27,SZ.ZB_002211,宏达新材,化学制品,5.176784,-2.515102
598,2025-01-27,SH.KC_300051,琏升科技,光伏设备,5.1736593,-2.7199142
599,2025-01-27,SH.ZB_603236,移远通信,通信设备,5.171341,-5.8718705
600,2025-01-27,SH.KC_688332,中科蓝讯,半导体,5.1683607,-4.678206
601,2025-01-27,SH.ZB_600520,文一科技,专用设备,5.168095,-3.3963456
602,2025-01-27,SH.KC_688275,万润新能,电池,5.1653876,-2.1115394
603,2025-01-27,SH.KC_688256,寒武纪-U,半导体,5.165209,-2.6870348
604,2025-01-27,SH.KC_688262,国芯科技,半导体,5.164586,-2.608364
605,2025-01-27,SZ.ZB_002353,杰瑞股份,专用设备,5.1624923,-4.206458
606,2025-01-27,SH.KC_300331,苏大维格,光学光电子,5.1545634,-2.4568682
607,2025-01-27,SH.KC_300783,三只松鼠,食品饮料,5.1524954,-2.723021
608,2025-01-27,SH.KC_301176,逸豪新材,电子元件,5.1428795,-2.7905746
609,2025-01-27,SZ.ZB_002759,天际股份,电池,5.1427307,-2.6275678
610,2025-01-27,SH.KC_688153,唯捷创芯,半导体,5.139536,-3.1072836
611,2025-01-27,SZ.ZB_001269,欧晶科技,光伏设备,5.128671,-2.6058202
612,2025-01-27,SH.KC_688071,华依科技,汽车零部件,5.1268635,-4.473412
613,2025-01-27,SZ.ZB_002072,凯瑞德,贸易行业,5.1267996,-3.098987
614,2025-01-27,SZ.ZB_000980,众泰汽车,汽车整车,5.126226,-2.1048508
615,2025-01-27,SH.KC_688003,天准科技,通用设备,5.12556,-3.7672865
616,2025-01-27,SH.KC_688701,卓锦股份,环保行业,5.123961,-4.2450786
617,2025-01-27,SH.KC_300640,德艺文创,家用轻工,5.121189,-2.5028112
618,2025-01-27,SH.KC_300593,新雷能,电源设备,5.1204977,-2.3854744
619,2025-01-27,SH.KC_300852,四会富仕,电子元件,5.116336,-3.588664
620,2025-01-27,SZ.ZB_000096,广聚能源,石油行业,5.115575,-3.5752847
621,2025-01-27,SH.KC_300935,盈建科,软件开发,5.1150784,-3.4662166
622,2025-01-27,SZ.ZB_000545,金浦钛业,化学原料,5.1013155,-2.215168
623,2025-01-27,SH.ZB_600973,宝胜股份,电网设备,5.100025,-3.611219
624,2025-01-27,SH.KC_300179,四方达,通用设备,5.092159,-2.3640363
625,2025-01-27,SZ.ZB_002992,宝明科技,光学光电子,5.0882635,-2.9332263
626,2025-01-27,SH.ZB_603912,佳力图,专用设备,5.0874653,-3.8807333
627,2025-01-27,SZ.ZB_000802,北京文化,文化传媒,5.0861106,-2.789523
628,2025-01-27,SH.KC_300192,科德教育,教育,5.083403,-4.298904
629,2025-01-27,SZ.ZB_002514,宝馨科技,通用设备,5.0725355,-4.517103
630,2025-01-27,SH.ZB_600163,中闽能源,电力行业,5.067901,-3.4071493
631,2025-01-27,SH.ZB_603109,神驰机电,通用设备,5.062576,-3.2299109
632,2025-01-27,SH.KC_301068,大地海洋,环保行业,5.061057,-3.6614976
633,2025-01-27,SH.KC_301357,北方长龙,汽车零部件,5.053091,-2.2181811
634,2025-01-27,SH.KC_300713,英可瑞,电源设备,5.051239,-2.5719826
635,2025-01-27,SH.KC_301383,天键股份,电子元件,5.0504,-5.8753824
636,2025-01-27,SH.ZB_600206,有研新材,小金属,5.050373,-2.5011132
637,2025-01-27,SH.KC_300461,田中精机,专用设备,5.047597,-3.0029523
638,2025-01-27,SH.KC_688159,有方科技,通信设备,5.0453424,-5.01454
639,2025-01-27,SZ.ZB_002319,乐通股份,化学制品,5.0436735,-4.5513353
640,2025-01-27,SZ.ZB_002596,海南瑞泽,水泥建材,5.0426083,-3.3239293
641,2025-01-27,SH.KC_688277,天智航-U,医疗器械,5.0380154,-3.8436623
642,2025-01-27,SH.ZB_603269,海鸥股份,通用设备,5.0293727,-4.273592
643,2025-01-27,SH.KC_300859,西域旅游,旅游酒店,5.029069,-2.4623868
644,2025-01-27,SH.ZB_603011,合锻智能,专用设备,5.027117,-3.1330128
645,2025-01-27,SH.KC_300010,豆神教育,教育,5.026436,-5.0952544
646,2025-01-27,SH.KC_300554,三超新材,通用设备,5.0260825,-2.6657329
647,2025-01-27,SH.ZB_603226,菲林格尔,装修建材,5.024846,-4.9322085
648,2025-01-27,SH.KC_301069,凯盛新材,化学原料,5.0170155,-3.1663597
649,2025-01-27,SH.ZB_600151,航天机电,光伏设备,5.004035,-2.7275932
650,2025-01-27,SH.KC_688234,天岳先进,半导体,5.0003066,-3.2224689
651,2025-01-27,SH.ZB_600113,浙江东日,综合行业,4.9949393,-3.6995072
652,2025-01-27,SZ.ZB_002678,珠江钢琴,家用轻工,4.994683,-2.9256394
653,2025-01-27,SH.ZB_600265,景谷林业,农牧饲渔,4.9934835,-2.9206
654,2025-01-27,SH.KC_300889,爱克股份,光学光电子,4.988733,-3.4354951
655,2025-01-27,SH.KC_300046,台基股份,半导体,4.987,-2.5541437
656,2025-01-27,SH.KC_301502,华阳智能,电机,4.9860997,-1.3488643
657,2025-01-27,SZ.ZB_000932,华菱钢铁,钢铁行业,4.983756,-3.4568715
658,2025-01-27,SH.KC_688218,江苏北人,专用设备,4.9830856,-3.560093
659,2025-01-27,SZ.ZB_002109,兴化股份,化学原料,4.9827175,-3.0910864
660,2025-01-27,SH.KC_301380,挖金客,互联网服务,4.9814196,-4.2896824
661,2025-01-27,SZ.ZB_002025,航天电器,电子元件,4.9723625,-2.5727088
662,2025-01-27,SZ.ZB_002931,锋龙股份,通用设备,4.970275,-4.0072985
663,2025-01-27,SZ.ZB_003033,征和工业,汽车零部件,4.9662127,-5.071903
664,2025-01-27,SH.KC_300322,硕贝德,消费电子,4.964201,-2.9617977
665,2025-01-27,SH.KC_688123,聚辰股份,半导体,4.9626884,-4.812929
666,2025-01-27,SH.KC_300370,安控科技,仪器仪表,4.958716,-1.7716516
667,2025-01-27,SH.KC_300017,网宿科技,互联网服务,4.9550667,-5.2323008
668,2025-01-27,SZ.ZB_000590,启迪药业,中药,4.9548254,-3.1977117
669,2025-01-27,SH.KC_300043,星辉娱乐,游戏,4.9543366,-3.1800113
670,2025-01-27,SH.KC_688303,大全能源,光伏设备,4.9531803,-2.5258005
671,2025-01-27,SH.KC_300393,中来股份,光伏设备,4.952268,-2.6296134
672,2025-01-27,SH.KC_300067,安诺其,化学制品,4.94722,-2.5557346
673,2025-01-27,SH.KC_301255,通力科技,通用设备,4.946278,-3.4184515
674,2025-01-27,SH.KC_300490,华自科技,电网设备,4.943286,-2.5490289
675,2025-01-27,SZ.ZB_002603,以岭药业,中药,4.942413,-1.7689102
676,2025-01-27,SZ.ZB_002177,御银股份,计算机设备,4.9416485,-3.0645282
677,2025-01-27,SH.KC_300892,品渥食品,食品饮料,4.9406843,-2.5332775
678,2025-01-27,SH.KC_300405,科隆股份,化学制品,4.937999,-2.8294153
679,2025-01-27,SZ.ZB_000785,居然智家,商业百货,4.9371734,-3.4144473
680,2025-01-27,SH.KC_300040,九洲集团,电网设备,4.9350066,-2.0618536
681,2025-01-27,SH.KC_301552,科力装备,汽车零部件,4.9344077,-3.1836216
682,2025-01-27,SH.KC_300746,汉嘉设计,工程咨询服务,4.9287663,-2.762207
683,2025-01-27,SH.KC_300588,熙菱信息,软件开发,4.9224377,-2.7847726
684,2025-01-27,SZ.ZB_002427,尤夫股份,化纤行业,4.919344,-2.414393
685,2025-01-27,SH.KC_300497,富祥药业,化学制药,4.9150004,-2.8685148
686,2025-01-27,SZ.ZB_002420,毅昌科技,家电行业,4.914339,-4.8148103
687,2025-01-27,SZ.ZB_000520,凤凰航运,航运港口,4.91015,-2.693118
688,2025-01-27,SH.ZB_603038,华立股份,装修装饰,4.908906,-2.8215406
689,2025-01-27,SH.KC_301392,汇成真空,专用设备,4.904017,-2.9816372
690,2025-01-27,SH.KC_300894,火星人,家电行业,4.9039645,-3.2006173
691,2025-01-27,SH.KC_300045,华力创通,计算机设备,4.901302,-2.515438
692,2025-01-27,SH.KC_300708,聚灿光电,光学光电子,4.8989697,-4.603652
693,2025-01-27,SH.ZB_600657,信达地产,房地产开发,4.898426,-3.2711208
694,2025-01-27,SH.KC_300484,蓝海华腾,专用设备,4.8979206,-3.112883
695,2025-01-27,SH.KC_688072,拓荆科技,半导体,4.896638,-2.516859
696,2025-01-27,SZ.ZB_000868,安凯客车,汽车整车,4.892017,-3.7252574
697,2025-01-27,SH.KC_300904,威力传动,风电设备,4.8919916,-2.5544298
698,2025-01-27,SZ.ZB_003011,海象新材,塑料制品,4.8884034,-3.170162
699,2025-01-27,SZ.ZB_002277,友阿股份,商业百货,4.8878326,-2.686283
700,2025-01-27,SH.ZB_603990,麦迪科技,软件开发,4.8834486,-3.7112622
701,2025-01-27,SZ.ZB_002741,光华科技,电子化学品,4.883157,-2.4734042
702,2025-01-27,SH.ZB_605218,伟时电子,光学光电子,4.8802137,-3.3371735
703,2025-01-27,SH.KC_300530,领湃科技,电池,4.8795834,-2.2762146
704,2025-01-27,SH.ZB_603059,倍加洁,美容护理,4.878585,-2.3773
705,2025-01-27,SH.KC_300681,英搏尔,汽车零部件,4.874235,-4.1803436
706,2025-01-27,SH.ZB_600679,上海凤凰,交运设备,4.872824,-3.0785475
707,2025-01-27,SH.KC_301004,嘉益股份,家用轻工,4.867375,-4.132246
708,2025-01-27,SH.KC_301429,森泰股份,装修建材,4.867159,-4.32201
709,2025-01-27,SH.KC_301036,双乐股份,化学制品,4.860586,-3.8906496
710,2025-01-27,SH.KC_688392,骄成超声,专用设备,4.860057,-2.9356787
711,2025-01-27,SZ.ZB_002115,三维通信,互联网服务,4.857567,-3.5064988
712,2025-01-27,SZ.ZB_002131,利欧股份,互联网服务,4.856789,-3.1920075
713,2025-01-27,SZ.ZB_002965,祥鑫科技,通用设备,4.8558235,-6.056337
714,2025-01-27,SH.KC_300449,汉邦高科,计算机设备,4.8494844,-3.766546
715,2025-01-27,SH.KC_300967,晓鸣股份,农牧饲渔,4.8483906,-3.2199078
716,2025-01-27,SH.KC_688535,华海诚科,半导体,4.847038,-2.956494
717,2025-01-27,SH.ZB_603985,恒润股份,风电设备,4.8451753,-2.5019045
718,2025-01-27,SZ.ZB_002096,易普力,化学制品,4.8442545,-2.2131927
719,2025-01-27,SH.KC_300718,长盛轴承,工程机械,4.8400254,-9.047452
720,2025-01-27,SZ.ZB_002094,青岛金王,美容护理,4.8388004,-2.450126
721,2025-01-27,SZ.ZB_002323,雅博股份,装修建材,4.837051,-2.7550914
722,2025-01-27,SZ.ZB_002547,春兴精工,汽车零部件,4.8326297,-2.0758731
723,2025-01-27,SH.KC_688110,东芯股份,半导体,4.8319607,-3.6811645
724,2025-01-27,SH.KC_688333,铂力特,通用设备,4.8264084,-4.045501
725,2025-01-27,SZ.ZB_002347,泰尔股份,通用设备,4.823004,-2.9572318
726,2025-01-27,SH.KC_688066,航天宏图,航天航空,4.8223643,-1.7727662
727,2025-01-27,SZ.ZB_000663,永安林业,装修建材,4.82178,-2.9122088
728,2025-01-27,SZ.ZB_002620,瑞和股份,装修装饰,4.814418,-2.419795
729,2025-01-27,SH.ZB_605228,神通科技,汽车零部件,4.812628,-3.106684
730,2025-01-27,SZ.ZB_002775,文科股份,工程建设,4.8125415,-2.6485646
731,2025-01-27,SH.KC_300418,昆仑万维,互联网服务,4.8117414,-3.0672562
732,2025-01-27,SH.KC_300232,洲明科技,光学光电子,4.808943,-3.818322
733,2025-01-27,SH.KC_688035,德邦科技,电子元件,4.8062725,-2.816646
734,2025-01-27,SH.ZB_601360,三六零,软件开发,4.803316,-3.159057
735,2025-01-27,SZ.ZB_002414,高德红外,电子元件,4.80091,-1.7904464
736,2025-01-27,SZ.ZB_002915,中欣氟材,化学制品,4.797901,-3.541692
737,2025-01-27,SZ.ZB_002439,启明星辰,软件开发,4.7970815,-3.0934203
738,2025-01-27,SH.KC_688665,四方光电,仪器仪表,4.7955914,-3.1025054
739,2025-01-27,SH.KC_688322,奥比中光-UW,电子元件,4.794203,-4.689519
740,2025-01-27,SH.ZB_603536,惠发食品,食品饮料,4.7917233,-3.1199992
741,2025-01-27,SH.KC_300458,全志科技,半导体,4.791571,-5.7946496
742,2025-01-27,SZ.ZB_002119,康强电子,半导体,4.7915072,-3.0459902
743,2025-01-27,SH.ZB_600080,金花股份,中药,4.7891526,-2.2457209
744,2025-01-27,SH.ZB_603386,骏亚科技,电子元件,4.7862144,-2.6947215
745,2025-01-27,SH.ZB_601727,上海电气,电源设备,4.7843604,-3.3586588
746,2025-01-27,SZ.ZB_002634,棒杰股份,纺织服装,4.7728643,-2.8725493
747,2025-01-27,SH.ZB_603656,泰禾智能,专用设备,4.7714176,-3.4574244
748,2025-01-27,SH.KC_300987,川网传媒,文化传媒,4.771109,-5.2865086
749,2025-01-27,SH.ZB_600159,大龙地产,房地产开发,4.770586,-2.843702
750,2025-01-27,SH.KC_301168,通灵股份,光伏设备,4.7632604,-3.4637291
751,2025-01-27,SH.KC_300374,中铁装配,装修装饰,4.7616735,-2.9676876
752,2025-01-27,SZ.ZB_000813,德展健康,化学制药,4.7577515,-2.9019935
753,2025-01-27,SH.ZB_603950,长源东谷,汽车零部件,4.756725,-4.4733763
754,2025-01-27,SZ.ZB_000430,张家界,旅游酒店,4.7547207,-2.79504
755,2025-01-27,SZ.ZB_002006,精工科技,专用设备,4.754101,-2.3391175
756,2025-01-27,SZ.ZB_000679,大连友谊,商业百货,4.753627,-3.4763064
757,2025-01-27,SZ.ZB_002383,合众思壮,计算机设备,4.748544,-2.3462675
758,2025-01-27,SZ.ZB_000962,东方钽业,小金属,4.7481894,-3.271887
759,2025-01-27,SZ.ZB_000530,冰山冷热,通用设备,4.7464027,-3.9419029
760,2025-01-27,SZ.ZB_000859,国风新材,塑料制品,4.7435255,-3.218301
761,2025-01-27,SH.KC_688776,国光电气,电子元件,4.737838,-3.449748
762,2025-01-27,SH.KC_300941,创识科技,互联网服务,4.736674,-4.068961
763,2025-01-27,SH.ZB_600843,上工申贝,专用设备,4.7342987,-2.0442493
764,2025-01-27,SH.KC_688162,巨一科技,专用设备,4.7341614,-2.6459427
765,2025-01-27,SZ.ZB_002400,省广集团,文化传媒,4.7320633,-3.0933359
766,2025-01-27,SZ.ZB_002689,远大智能,专用设备,4.731724,-2.802064
767,2025-01-27,SH.ZB_603969,银龙股份,通用设备,4.7315927,-3.2666721
768,2025-01-27,SH.KC_688175,高凌信息,通信设备,4.7293096,-2.9580657
769,2025-01-27,SZ.ZB_002660,茂硕电源,消费电子,4.7287436,-3.6601171
770,2025-01-27,SH.KC_300339,润和软件,软件开发,4.7283993,-3.566538
771,2025-01-27,SH.KC_301095,广立微,半导体,4.727252,-2.0354445
772,2025-01-27,SH.KC_300952,恒辉安防,纺织服装,4.7255516,-3.2945492
773,2025-01-27,SH.KC_301007,德迈仕,汽车零部件,4.7239676,-3.8352537
774,2025-01-27,SH.ZB_603016,新宏泰,电网设备,4.723297,-3.2944546
775,2025-01-27,SH.KC_300410,正业科技,专用设备,4.722771,-2.176312
776,2025-01-27,SH.KC_688270,臻镭科技,半导体,4.7223954,-2.8931088
777,2025-01-27,SH.KC_300670,大烨智能,电网设备,4.7221975,-2.8916903
778,2025-01-27,SH.KC_688108,赛诺医疗,医疗器械,4.719466,-3.1299584
779,2025-01-27,SH.ZB_600936,广西广电,文化传媒,4.7160444,-5.1930842
780,2025-01-27,SH.KC_301071,力量钻石,非金属材料,4.715626,-3.8201241
781,2025-01-27,SH.ZB_600869,远东股份,电网设备,4.714243,-3.441986
782,2025-01-27,SH.KC_300095,华伍股份,通用设备,4.7132926,-2.5577567
783,2025-01-27,SH.KC_300280,紫天科技,文化传媒,4.7115607,-3.4110937
784,2025-01-27,SH.ZB_600203,福日电子,消费电子,4.71088,-2.3388536
785,2025-01-27,SH.ZB_603278,大业股份,通用设备,4.7094584,-4.3728576
786,2025-01-27,SH.KC_300876,蒙泰高新,化纤行业,4.707347,-2.9738421
787,2025-01-27,SZ.ZB_002021,中捷资源,专用设备,4.7035427,-2.9267223
788,2025-01-27,SH.KC_300779,惠城环保,环保行业,4.6993227,-3.4991488
789,2025-01-27,SH.ZB_603033,三维股份,橡胶制品,4.6969967,-3.441037
790,2025-01-27,SH.KC_688017,绿的谐波,通用设备,4.69079,-4.849467
791,2025-01-27,SH.KC_300921,南凌科技,通信服务,4.6899214,-4.6154437
792,2025-01-27,SH.KC_300518,新迅达,互联网服务,4.6865225,-3.2772596
793,2025-01-27,SH.KC_688533,上声电子,汽车零部件,4.68597,-3.1405735
794,2025-01-27,SH.KC_300429,强力新材,电子化学品,4.6856837,-2.2387967
795,2025-01-27,SH.ZB_603667,五洲新春,通用设备,4.6849937,-6.834019
796,2025-01-27,SH.KC_300451,创业慧康,软件开发,4.684101,-2.2534506
797,2025-01-27,SZ.ZB_002682,龙洲股份,物流行业,4.683709,-2.448365
798,2025-01-27,SZ.ZB_002778,中晟高科,石油行业,4.6820073,-2.9289408
799,2025-01-27,SH.KC_300997,欢乐家,食品饮料,4.6806946,-2.548384
800,2025-01-27,SH.KC_300352,北信源,软件开发,4.6797395,-3.507787
801,2025-01-27,SZ.ZB_002362,汉王科技,软件开发,4.679449,-3.790845
802,2025-01-27,SH.KC_301368,丰立智能,通用设备,4.6785684,-4.7506237
803,2025-01-27,SH.KC_688141,杰华特,半导体,4.676497,-3.969597
804,2025-01-27,SH.ZB_603002,宏昌电子,电子化学品,4.6715827,-2.7014375
805,2025-01-27,SH.KC_688193,仁度生物,生物制品,4.6700997,-2.7377837
806,2025-01-27,SH.KC_300134,大富科技,通信设备,4.6691566,-2.6051683
807,2025-01-27,SH.KC_300053,航宇微,半导体,4.6645164,-2.6620946
808,2025-01-27,SH.KC_688339,亿华通-U,电池,4.664405,-2.295024
809,2025-01-27,SH.KC_300380,安硕信息,软件开发,4.6633916,-3.2100332
810,2025-01-27,SZ.ZB_002181,粤 传 媒,文化传媒,4.660283,-3.2923315
811,2025-01-27,SZ.ZB_001217,华尔泰,化学原料,4.658875,-2.482428
812,2025-01-27,SH.KC_300024,机器人,通用设备,4.657601,-2.9436991
813,2025-01-27,SH.ZB_600620,天宸股份,综合行业,4.648201,-2.6971664
814,2025-01-27,SH.KC_300709,精研科技,消费电子,4.648116,-3.8183846
815,2025-01-27,SH.KC_688300,联瑞新材,非金属材料,4.6471314,-2.7160816
816,2025-01-27,SH.KC_688047,龙芯中科,半导体,4.6467648,-2.4523997
817,2025-01-27,SH.KC_688693,锴威特,半导体,4.646568,-2.498104
818,2025-01-27,SH.KC_300302,同有科技,软件开发,4.6441526,-3.1941247
819,2025-01-27,SH.KC_300072,海新能科,化学制品,4.6409903,-2.1552405
820,2025-01-27,SH.KC_300619,金银河,电池,4.640022,-2.4811563
821,2025-01-27,SH.KC_688778,厦钨新能,电池,4.6391964,-3.0395615
822,2025-01-27,SH.ZB_600545,卓郎智能,专用设备,4.638818,-3.8415062
823,2025-01-27,SH.KC_688148,芳源股份,电池,4.6359344,-2.5973225
824,2025-01-27,SH.ZB_600580,卧龙电驱,电机,4.633808,-3.991472
825,2025-01-27,SH.KC_300504,天邑股份,通信设备,4.631476,-2.4387412
826,2025-01-27,SH.ZB_600107,美尔雅,纺织服装,4.6300116,-2.6314366
827,2025-01-27,SH.ZB_601226,华电科工,工程机械,4.627593,-2.9589674
828,2025-01-27,SZ.ZB_002769,普路通,物流行业,4.6275377,-2.6366482
829,2025-01-27,SH.KC_300197,节能铁汉,环保行业,4.6266303,-2.5925992
830,2025-01-27,SH.KC_688261,东微半导,半导体,4.624951,-2.6656415
831,2025-01-27,SZ.ZB_000901,航天科技,汽车零部件,4.6239433,-2.8448148
832,2025-01-27,SH.KC_688090,瑞松科技,专用设备,4.620564,-2.7969484
833,2025-01-27,SZ.ZB_000421,南京公用,燃气,4.61852,-2.4692972
834,2025-01-27,SH.ZB_603358,华达科技,汽车零部件,4.6178656,-2.900859
835,2025-01-27,SH.KC_300615,欣天科技,通信设备,4.615408,-2.6942248
836,2025-01-27,SZ.ZB_002123,梦网科技,通信服务,4.614647,-3.14921
837,2025-01-27,SZ.ZB_000797,中国武夷,房地产开发,4.6056705,-2.8954492
838,2025-01-27,SH.KC_300998,宁波方正,汽车零部件,4.603769,-2.949724
839,2025-01-27,SH.KC_301217,铜冠铜箔,电子元件,4.603547,-2.8220973
840,2025-01-27,SH.ZB_605337,李子园,食品饮料,4.6010003,-2.8815455
841,2025-01-27,SH.ZB_603863,松炀资源,造纸印刷,4.6007843,-2.8128145
842,2025-01-27,SH.ZB_600727,鲁北化工,化学原料,4.599051,-2.9905689
843,2025-01-27,SH.KC_300900,广联航空,航天航空,4.591127,-2.086306
844,2025-01-27,SZ.ZB_000903,云内动力,汽车零部件,4.589562,-1.1029648
845,2025-01-27,SZ.ZB_003016,欣贺股份,纺织服装,4.587756,-1.885885
846,2025-01-27,SH.KC_300058,蓝色光标,文化传媒,4.587735,-3.7995393
847,2025-01-27,SH.KC_300629,新劲刚,通信设备,4.5870824,-2.9335506
848,2025-01-27,SH.KC_688077,大地熊,小金属,4.586807,-2.7665117
849,2025-01-27,SZ.ZB_002842,翔鹭钨业,小金属,4.585564,-2.8260229
850,2025-01-27,SH.KC_300786,国林科技,环保行业,4.585275,-2.8358266
851,2025-01-27,SH.ZB_600622,光大嘉宝,房地产开发,4.580046,-2.9959457
852,2025-01-27,SH.KC_688001,华兴源创,专用设备,4.579462,-3.6096117
853,2025-01-27,SH.KC_688114,华大智造,医疗器械,4.5768275,-2.3899221
854,2025-01-27,SH.KC_300383,光环新网,互联网服务,4.575977,-5.355444
855,2025-01-27,SH.KC_301259,艾布鲁,环保行业,4.574169,-3.5127215
856,2025-01-27,SH.KC_300698,万马科技,通信设备,4.5731797,-3.1749513
857,2025-01-27,SH.KC_300353,东土科技,通信设备,4.5731025,-3.2834508
858,2025-01-27,SH.KC_301329,信音电子,电子元件,4.5709057,-3.2131362
859,2025-01-27,SH.KC_688297,中无人机,航天航空,4.569553,-2.6413717
860,2025-01-27,SH.KC_300061,旗天科技,文化传媒,4.569444,-2.8096755
861,2025-01-27,SZ.ZB_001212,中旗新材,装修装饰,4.5673027,-3.3791358
862,2025-01-27,SH.KC_300991,创益通,电子元件,4.5654564,-3.8635268
863,2025-01-27,SZ.ZB_002394,联发股份,纺织服装,4.5615063,-2.6099021
864,2025-01-27,SH.ZB_600212,绿能慧充,电力行业,4.5610027,-2.751369
865,2025-01-27,SH.KC_688343,云天励飞-U,软件开发,4.5589166,-4.989845
866,2025-01-27,SH.KC_301266,宇邦新材,光伏设备,4.558402,-2.6221468
867,2025-01-27,SZ.ZB_000553,安道麦A,农药兽药,4.557167,-2.2871282
868,2025-01-27,SH.ZB_600119,长江投资,物流行业,4.556398,-3.2610025
869,2025-01-27,SZ.ZB_002923,润都股份,化学制药,4.556221,-4.797126
870,2025-01-27,SZ.ZB_002719,麦趣尔,食品饮料,4.553445,-2.511826
871,2025-01-27,SH.ZB_603808,歌力思,纺织服装,4.5530515,-2.206108
872,2025-01-27,SH.KC_300933,中辰股份,电网设备,4.5523686,-3.3784444
873,2025-01-27,SH.ZB_600345,长江通信,通信设备,4.549959,-2.6903653
874,2025-01-27,SH.KC_300671,富满微,半导体,4.548727,-2.433644
875,2025-01-27,SH.KC_688173,希荻微,半导体,4.5447083,-2.3043501
876,2025-01-27,SZ.ZB_002862,实丰文化,家用轻工,4.5441375,-6.3221164
877,2025-01-27,SH.KC_300438,鹏辉能源,电池,4.5427995,-2.4434025
878,2025-01-27,SH.ZB_603496,恒为科技,互联网服务,4.538804,-2.9527586
879,2025-01-27,SH.ZB_600609,金杯汽车,汽车零部件,4.538621,-2.6788342
880,2025-01-27,SZ.ZB_002645,华宏科技,环保行业,4.5385137,-3.2182567
881,2025-01-27,SH.KC_300657,弘信电子,电子元件,4.5357943,-3.5181801
882,2025-01-27,SZ.ZB_000721,西安饮食,旅游酒店,4.532732,-2.630239
883,2025-01-27,SZ.ZB_002491,通鼎互联,通信设备,4.5306206,-3.186245
884,2025-01-27,SZ.ZB_002806,华锋股份,汽车零部件,4.5290337,-2.6947591
885,2025-01-27,SH.KC_301226,祥明智能,电机,4.528099,-3.193993
886,2025-01-27,SH.KC_300936,中英科技,电子元件,4.5258684,-2.7685144
887,2025-01-27,SH.ZB_605180,华生科技,纺织服装,4.520942,-4.0800443
888,2025-01-27,SH.ZB_600480,凌云股份,汽车零部件,4.520476,-4.6761956
889,2025-01-27,SH.ZB_600638,新黄浦,房地产开发,4.517661,-3.0183616
890,2025-01-27,SH.KC_301062,上海艾录,包装材料,4.513946,-1.7241739
891,2025-01-27,SH.KC_688680,海优新材,光伏设备,4.5118017,-2.707795
892,2025-01-27,SH.KC_688318,财富趋势,软件开发,4.5097947,-3.5088856
893,2025-01-27,SH.ZB_603778,国晟科技,光伏设备,4.5096636,-2.9002743
894,2025-01-27,SH.KC_688609,九联科技,通信设备,4.509477,-2.7893147
895,2025-01-27,SH.KC_300795,米奥会展,文化传媒,4.508777,-3.8558621
896,2025-01-27,SH.ZB_600968,海油发展,采掘行业,4.5075164,-2.932766
897,2025-01-27,SZ.ZB_002536,飞龙股份,汽车零部件,4.5061336,-3.9247618
898,2025-01-27,SH.KC_688726,拉普拉斯,光伏设备,4.5048804,-2.7701738
899,2025-01-27,SH.KC_300293,蓝英装备,专用设备,4.504183,-2.6132145
900,2025-01-27,SH.KC_688525,佰维存储,半导体,4.498945,-3.754233
901,2025-01-27,SH.ZB_603868,飞科电器,家电行业,4.496914,-1.7285396
902,2025-01-27,SH.ZB_600105,永鼎股份,通信设备,4.4815006,-3.0197105
903,2025-01-27,SZ.ZB_002943,宇晶股份,通用设备,4.4772625,-2.6663787
904,2025-01-27,SH.KC_300620,光库科技,通信设备,4.477212,-3.584034
905,2025-01-27,SH.KC_300751,迈为股份,光伏设备,4.4752955,-2.3179226
906,2025-01-27,SH.ZB_600706,曲江文旅,旅游酒店,4.47298,-2.5598812
907,2025-01-27,SZ.ZB_002991,甘源食品,食品饮料,4.4719906,-3.148532
908,2025-01-27,SH.KC_300918,南山智尚,纺织服装,4.4707313,-3.6288083
909,2025-01-27,SZ.ZB_002213,大为股份,半导体,4.4703426,-3.394952
910,2025-01-27,SH.ZB_603920,世运电路,电子元件,4.4665055,-3.2671378
911,2025-01-27,SH.KC_301159,三维天地,软件开发,4.466298,-3.0032034
912,2025-01-27,SH.KC_300033,同花顺,软件开发,4.464069,-4.074353
913,2025-01-27,SH.KC_300590,移为通信,通信设备,4.460768,-3.7229445
914,2025-01-27,SH.KC_688260,昀冢科技,消费电子,4.459159,-2.6984856
915,2025-01-27,SH.KC_300735,光弘科技,消费电子,4.4573903,-3.0336993
916,2025-01-27,SH.ZB_600702,舍得酒业,酿酒行业,4.456133,-2.1520054
917,2025-01-27,SH.KC_300489,光智科技,光学光电子,4.4549627,-2.112268
918,2025-01-27,SZ.ZB_000761,本钢板材,钢铁行业,4.4532137,-3.0496368
919,2025-01-27,SH.ZB_600712,南宁百货,商业百货,4.4508204,-2.0955517
920,2025-01-27,SH.KC_688345,博力威,电池,4.450545,-2.7495751
921,2025-01-27,SZ.ZB_000977,浪潮信息,计算机设备,4.4443607,-4.414369
922,2025-01-27,SH.KC_301312,智立方,专用设备,4.4442787,-3.1893227
923,2025-01-27,SH.KC_300118,东方日升,光伏设备,4.4420033,-2.430244
924,2025-01-27,SH.KC_301040,中环海陆,风电设备,4.4342175,-2.870458
925,2025-01-27,SH.KC_688113,联测科技,专用设备,4.4335113,-3.274095
926,2025-01-27,SH.KC_688237,超卓航科,航天航空,4.4268875,-2.6601906
927,2025-01-27,SH.KC_688529,豪森智能,专用设备,4.4266553,-3.5951078
928,2025-01-27,SH.KC_301187,欧圣电气,家电行业,4.424457,-3.8137794
929,2025-01-27,SH.ZB_603898,好莱客,装修建材,4.422453,-3.2117817
930,2025-01-27,SH.KC_300780,德恩精工,通用设备,4.421119,-2.7758944
931,2025-01-27,SH.KC_301261,恒工精密,通用设备,4.4189916,-4.256607
932,2025-01-27,SZ.ZB_002628,成都路桥,工程建设,4.413749,-2.3877854
933,2025-01-27,SH.KC_300270,中威电子,计算机设备,4.410179,-2.894723
934,2025-01-27,SH.ZB_603170,宝立食品,食品饮料,4.408446,-2.7712557
935,2025-01-27,SH.KC_300091,金通灵,通用设备,4.4038715,-1.5302835
936,2025-01-27,SZ.ZB_002235,安妮股份,造纸印刷,4.403408,-2.8161025
937,2025-01-27,SH.KC_688603,天承科技,电子化学品,4.402733,-2.4420965
938,2025-01-27,SH.ZB_603117,万林物流,物流行业,4.4016986,-2.499965
939,2025-01-27,SH.KC_300762,上海瀚讯,通信设备,4.401618,-3.1021218
940,2025-01-27,SZ.ZB_002374,中锐股份,包装材料,4.400244,-2.2166827
941,2025-01-27,SH.KC_688360,德马科技,通用设备,4.4002385,-3.8144178
942,2025-01-27,SH.ZB_603215,比依股份,家电行业,4.3970094,-3.0932324
943,2025-01-27,SH.KC_300252,金信诺,通信设备,4.396355,-3.9482243
944,2025-01-27,SZ.ZB_002712,思美传媒,文化传媒,4.3925805,-3.506057
945,2025-01-27,SH.KC_300260,新莱应材,通用设备,4.3909593,-2.4640515
946,2025-01-27,SH.ZB_600579,中化装备,专用设备,4.384941,-4.553639
947,2025-01-27,SZ.ZB_002527,新时达,专用设备,4.382451,-3.9535902
948,2025-01-27,SZ.ZB_000988,华工科技,电子元件,4.382369,-3.5140767
949,2025-01-27,SH.KC_301270,汉仪股份,互联网服务,4.378958,-3.3448577
950,2025-01-27,SZ.ZB_000066,中国长城,计算机设备,4.371798,-2.6332238
951,2025-01-27,SZ.ZB_002855,捷荣技术,消费电子,4.369679,-2.3819253
952,2025-01-27,SH.KC_301019,宁波色母,塑料制品,4.368301,-2.9262104
953,2025-01-27,SH.KC_301516,中远通,电源设备,4.365945,-2.2622705
954,2025-01-27,SH.KC_300063,天龙集团,文化传媒,4.36489,-4.0440593
955,2025-01-27,SH.ZB_600330,天通股份,非金属材料,4.3591366,-2.8490877
956,2025-01-27,SH.ZB_603518,锦泓集团,纺织服装,4.3551416,-3.350129
957,2025-01-27,SZ.ZB_000058,深 赛 格,商业百货,4.3543487,-2.2886071
958,2025-01-27,SH.KC_300169,天晟新材,化学制品,4.352121,-2.5392358
959,2025-01-27,SH.ZB_600691,阳煤化工,化肥行业,4.3507085,-2.7618833
960,2025-01-27,SZ.ZB_002321,华英农业,农牧饲渔,4.3492765,-3.0256243
961,2025-01-27,SH.KC_688208,道通科技,计算机设备,4.348862,-4.4700174
962,2025-01-27,SH.KC_300328,宜安科技,小金属,4.3474183,-3.232844
963,2025-01-27,SH.KC_300598,诚迈科技,软件开发,4.3468223,-3.171014
964,2025-01-27,SZ.ZB_000631,顺发恒业,房地产开发,4.346703,-2.6735852
965,2025-01-27,SH.KC_300247,融捷健康,家电行业,4.345353,-2.8818216
966,2025-01-27,SH.KC_300305,裕兴股份,光伏设备,4.343702,-3.2085538
967,2025-01-27,SH.KC_300849,锦盛新材,美容护理,4.342687,-2.8483994
968,2025-01-27,SH.KC_688337,普源精电,仪器仪表,4.341079,-2.1320503
969,2025-01-27,SH.KC_301306,西测测试,专业服务,4.3381257,-2.7261295
970,2025-01-27,SH.ZB_600882,妙可蓝多,食品饮料,4.337789,-3.2021697
971,2025-01-27,SH.KC_300660,江苏雷利,电机,4.3359666,-4.6902447
972,2025-01-27,SH.KC_688379,华光新材,通用设备,4.3346124,-2.818134
973,2025-01-27,SH.KC_301568,思泰克,专用设备,4.330227,-3.4097335
974,2025-01-27,SH.KC_301566,达利凯普,电子元件,4.329963,-1.8043002
975,2025-01-27,SZ.ZB_002112,三变科技,电网设备,4.329485,-4.480513
976,2025-01-27,SZ.ZB_002428,云南锗业,小金属,4.3294325,-2.5675018
977,2025-01-27,SH.KC_300025,华星创业,通信服务,4.329018,-2.144056
978,2025-01-27,SZ.ZB_000712,锦龙股份,证券,4.3267145,-2.988028
979,2025-01-27,SH.KC_301120,新特电气,电网设备,4.3231845,-2.4662807
980,2025-01-27,SZ.ZB_000790,华神科技,中药,4.32093,-2.4663844
981,2025-01-27,SZ.ZB_000510,新金路,化学原料,4.315783,-2.4054675
982,2025-01-27,SH.ZB_603779,威龙股份,酿酒行业,4.3136954,-2.0928292
983,2025-01-27,SH.ZB_600117,西宁特钢,钢铁行业,4.3130608,-2.7213292
984,2025-01-27,SH.KC_300662,科锐国际,专业服务,4.3116317,-2.8530626
985,2025-01-27,SH.KC_688599,天合光能,光伏设备,4.3101254,-2.3981183
986,2025-01-27,SH.KC_300348,长亮科技,软件开发,4.308078,-3.1468914
987,2025-01-27,SH.KC_688489,三未信安,电子元件,4.307577,-2.3984957
988,2025-01-27,SH.KC_688048,长光华芯,半导体,4.302308,-4.7597313
989,2025-01-27,SH.ZB_600506,统一股份,石油行业,4.2961416,-3.3242218
990,2025-01-27,SH.KC_300599,雄塑科技,装修建材,4.2953386,-2.9402661
991,2025-01-27,SZ.ZB_002521,齐峰新材,造纸印刷,4.2938576,-2.713697
992,2025-01-27,SH.KC_300707,威唐工业,汽车零部件,4.291296,-3.16712
993,2025-01-27,SH.KC_300825,阿尔特,汽车服务,4.2874246,-2.8444946
994,2025-01-27,SH.KC_688410,山外山,医疗器械,4.2820454,-2.5396726
995,2025-01-27,SH.KC_300606,金太阳,通用设备,4.2794256,-2.6186914
996,2025-01-27,SZ.ZB_001373,翔腾新材,光学光电子,4.279162,-2.7474399
997,2025-01-27,SZ.ZB_002835,同为股份,计算机设备,4.278427,-3.768501
998,2025-01-27,SH.ZB_603090,宏盛股份,通用设备,4.2783113,-3.6044261
999,2025-01-27,SH.KC_688685,迈信林,航天航空,4.277511,-4.207004
1000,2025-01-27,SH.KC_300580,贝斯特,汽车零部件,4.2772994,-4.2838798
1001,2025-01-27,SZ.ZB_002681,奋达科技,消费电子,4.276657,-3.194301
1002,2025-01-27,SH.ZB_600658,电子城,房地产服务,4.2765813,-2.496455
1003,2025-01-27,SH.ZB_600989,宝丰能源,化学原料,4.2735443,-3.4148536
1004,2025-01-27,SH.KC_300953,震裕科技,电池,4.270527,-6.310378
1005,2025-01-27,SH.KC_300385,雪浪环境,环保行业,4.2692466,-3.0671284
1006,2025-01-27,SH.ZB_600288,大恒科技,电子元件,4.2690725,-2.6682546
1007,2025-01-27,SZ.ZB_002149,西部材料,小金属,4.2690263,-2.901949
1008,2025-01-27,SH.ZB_601798,蓝科高新,专用设备,4.267584,-2.222856
1009,2025-01-27,SH.KC_301022,海泰科,汽车零部件,4.2669015,-3.2017727
1010,2025-01-27,SH.KC_300265,通光线缆,电网设备,4.266727,-2.972307
1011,2025-01-27,SZ.ZB_000059,华锦股份,石油行业,4.2658224,-2.5076573
1012,2025-01-27,SH.KC_688156,路德环境,农牧饲渔,4.263988,-2.5298004
1013,2025-01-27,SH.KC_301419,阿莱德,通信设备,4.256573,-3.1877913
1014,2025-01-27,SH.KC_301191,菲菱科思,通信设备,4.2535887,-3.2723129
1015,2025-01-27,SH.KC_300166,东方国信,互联网服务,4.252109,-4.0447035
1016,2025-01-27,SZ.ZB_002642,荣联科技,互联网服务,4.251757,-3.2945733
1017,2025-01-27,SH.KC_300101,振芯科技,通信设备,4.2500215,-2.0887334
1018,2025-01-27,SH.KC_300189,神农种业,农牧饲渔,4.2499437,-2.4223707
1019,2025-01-27,SH.ZB_603197,保隆科技,汽车零部件,4.249112,-2.7879066
1020,2025-01-27,SH.ZB_601933,永辉超市,商业百货,4.248267,-3.1303353
1021,2025-01-27,SH.ZB_603232,格尔软件,软件开发,4.2473736,-3.3547633
1022,2025-01-27,SH.KC_688670,金迪克,化学制药,4.2471366,-2.6331787
1023,2025-01-27,SH.KC_300112,万讯自控,仪器仪表,4.2459817,-2.5503795
1024,2025-01-27,SZ.ZB_002812,恩捷股份,电池,4.245463,-2.1943812
1025,2025-01-27,SH.KC_688231,隆达股份,有色金属,4.2453527,-3.728158
1026,2025-01-27,SH.ZB_600302,标准股份,专用设备,4.245153,-2.8169713
1027,2025-01-27,SH.ZB_605178,时空科技,装修装饰,4.2449565,-3.7532063
1028,2025-01-27,SZ.ZB_002702,海欣食品,食品饮料,4.2448134,-2.5682862
1029,2025-01-27,SH.KC_688147,微导纳米,光伏设备,4.244003,-2.983879
1030,2025-01-27,SZ.ZB_000753,漳州发展,汽车服务,4.243727,-2.1938767
1031,2025-01-27,SH.KC_688595,芯海科技,半导体,4.2409105,-2.7161386
1032,2025-01-27,SH.KC_300866,安克创新,消费电子,4.235257,-3.9735475
1033,2025-01-27,SH.KC_300432,富临精工,汽车零部件,4.233584,-3.6894433
1034,2025-01-27,SH.KC_688458,美芯晟,半导体,4.232898,-3.106752
1035,2025-01-27,SH.KC_300457,赢合科技,电池,4.229599,-2.8962033
1036,2025-01-27,SZ.ZB_002426,胜利精密,通用设备,4.2293057,-2.5337956
1037,2025-01-27,SH.ZB_600503,华丽家族,房地产开发,4.227744,-2.6767106
1038,2025-01-27,SZ.ZB_000567,海德股份,多元金融,4.223223,-2.2467442
1039,2025-01-27,SH.KC_300672,国科微,半导体,4.2219086,-3.443065
1040,2025-01-27,SZ.ZB_002896,中大力德,通用设备,4.2192383,-6.36527
1041,2025-01-27,SZ.ZB_000571,新大洲A,煤炭行业,4.219095,-3.115487
1042,2025-01-27,SH.ZB_600673,东阳光,综合行业,4.2182503,-4.575572
1043,2025-01-27,SH.KC_301165,锐捷网络,通信设备,4.218112,-3.597901
1044,2025-01-27,SH.ZB_600202,哈空调,电源设备,4.216851,-1.6203738
1045,2025-01-27,SZ.ZB_002285,世联行,房地产服务,4.214029,-2.532558
1046,2025-01-27,SH.KC_301038,深水规院,工程建设,4.2087107,-2.677568
1047,2025-01-27,SZ.ZB_002805,丰元股份,电池,4.207125,-2.2540815
1048,2025-01-27,SH.KC_300468,四方精创,软件开发,4.206085,-3.4668536
1049,2025-01-27,SZ.ZB_002330,得利斯,食品饮料,4.2032523,-2.3964067
1050,2025-01-27,SH.ZB_600156,华升股份,纺织服装,4.202938,-2.2872357
1051,2025-01-27,SZ.ZB_002630,华西能源,电源设备,4.202616,-3.124269
1052,2025-01-27,SH.KC_688281,华秦科技,非金属材料,4.200761,-2.473557
1053,2025-01-27,SZ.ZB_000063,中兴通讯,通信设备,4.197632,-3.8382485
1054,2025-01-27,SH.KC_300835,龙磁科技,小金属,4.197273,-5.069023
1055,2025-01-27,SH.KC_300818,耐普矿机,专用设备,4.195334,-2.6838655
1056,2025-01-27,SH.KC_688348,昱能科技,光伏设备,4.190548,-3.255752
1057,2025-01-27,SH.ZB_600419,天润乳业,食品饮料,4.1889133,-2.7491565
1058,2025-01-27,SH.KC_688308,欧科亿,通用设备,4.187988,-2.4270837
1059,2025-01-27,SZ.ZB_002663,普邦股份,工程建设,4.1867228,-2.370306
1060,2025-01-27,SH.KC_300486,东杰智能,专用设备,4.183336,-2.5173965
1061,2025-01-27,SH.KC_688386,泛亚微透,塑料制品,4.1832027,-3.471867
1062,2025-01-27,SH.KC_301299,卓创资讯,互联网服务,4.181369,-5.265453
1063,2025-01-27,SZ.ZB_000688,国城矿业,有色金属,4.1783867,-2.413988
1064,2025-01-27,SZ.ZB_001313,粤海饲料,农牧饲渔,4.177803,-2.9287698
1065,2025-01-27,SH.KC_301110,青木科技,互联网服务,4.176557,-5.0808883
1066,2025-01-27,SH.ZB_600731,湖南海利,农药兽药,4.175985,-3.268495
1067,2025-01-27,SH.KC_688381,帝奥微,半导体,4.173921,-2.2963886
1068,2025-01-27,SH.KC_300350,华鹏飞,物流行业,4.172313,-2.6531215
1069,2025-01-27,SZ.ZB_002041,登海种业,农牧饲渔,4.1713924,-3.3568354
1070,2025-01-27,SH.KC_301228,实朴检测,专业服务,4.1687474,-4.0723076
1071,2025-01-27,SZ.ZB_000893,亚钾国际,化肥行业,4.166517,-3.4036443
1072,2025-01-27,SZ.ZB_003029,吉大正元,软件开发,4.163079,-3.1984634
1073,2025-01-27,SZ.ZB_000536,华映科技,光学光电子,4.163003,-2.004029
1074,2025-01-27,SZ.ZB_000592,平潭发展,农牧饲渔,4.1620374,-3.0116656
1075,2025-01-27,SZ.ZB_002261,拓维信息,软件开发,4.1578054,-3.1138012
1076,2025-01-27,SH.ZB_601010,文峰股份,商业百货,4.1546555,-3.0700483
1077,2025-01-27,SH.KC_688584,上海合晶,半导体,4.150854,-2.1534948
1078,2025-01-27,SH.ZB_605305,中际联合,风电设备,4.1505756,-3.314045
1079,2025-01-27,SZ.ZB_002791,坚朗五金,装修建材,4.1493073,-3.5203774
1080,2025-01-27,SH.KC_300621,维业股份,装修装饰,4.1492014,-2.8284032
1081,2025-01-27,SH.KC_300678,中科信息,互联网服务,4.1485324,-3.2631762
1082,2025-01-27,SH.ZB_603031,安孚科技,电池,4.1484923,-3.5732334
1083,2025-01-27,SH.KC_301029,怡合达,通用设备,4.1469083,-3.2187529
1084,2025-01-27,SH.KC_300277,海联讯,互联网服务,4.1466475,-3.7427506
1085,2025-01-27,SH.KC_300062,中能电气,电网设备,4.145703,-2.4211774
1086,2025-01-27,SH.KC_300635,中达安,工程咨询服务,4.1422815,-2.8416765
1087,2025-01-27,SH.KC_688588,凌志软件,软件开发,4.1392684,-4.0999985
1088,2025-01-27,SH.KC_300478,杭州高新,塑料制品,4.138729,-3.0233793
1089,2025-01-27,SZ.ZB_002713,东易日盛,装修装饰,4.138501,-1.6015284
1090,2025-01-27,SH.ZB_603308,应流股份,通用设备,4.136206,-6.149105
1091,2025-01-27,SH.KC_688519,南亚新材,电子元件,4.135814,-3.2093968
1092,2025-01-27,SZ.ZB_002633,申科股份,通用设备,4.135509,-2.9248703
1093,2025-01-27,SH.KC_300769,德方纳米,电池,4.1350155,-2.3627174
1094,2025-01-27,SH.KC_301180,万祥科技,消费电子,4.133643,-3.2249992
1095,2025-01-27,SZ.ZB_002576,通达动力,电机,4.132582,-2.9583347
1096,2025-01-27,SH.ZB_603051,鹿山新材,塑料制品,4.1257367,-3.3039343
1097,2025-01-27,SH.ZB_600318,新力金融,多元金融,4.1256294,-3.072339
1098,2025-01-27,SH.ZB_600584,长电科技,半导体,4.121974,-2.801668
1099,2025-01-15,SH.KC_688667,菱电电控,汽车零部件,4.1219325,-2.9992003
1100,2025-01-27,SZ.ZB_002670,国盛金控,证券,4.12091,-4.082005
1101,2025-01-27,SZ.ZB_001223,欧克科技,专用设备,4.11862,-3.6000934
1102,2025-01-27,SH.KC_301517,陕西华达,电子元件,4.118213,-2.8873472
1103,2025-01-27,SH.ZB_600313,农发种业,农牧饲渔,4.116109,-2.535285
1104,2025-01-27,SH.KC_300145,中金环境,通用设备,4.115695,-2.7084017
1105,2025-01-27,SH.ZB_600543,莫高股份,酿酒行业,4.1125374,-2.9290814
1106,2025-01-27,SH.ZB_603773,沃格光电,光学光电子,4.11147,-3.1693048
1107,2025-01-27,SH.ZB_600084,中信尼雅,酿酒行业,4.1114373,-2.424517
1108,2025-01-27,SH.KC_300977,深圳瑞捷,工程咨询服务,4.1113286,-2.8976655
1109,2025-01-27,SH.KC_300415,伊之密,专用设备,4.110567,-3.0729501
1110,2025-01-27,SZ.ZB_000680,山推股份,工程机械,4.109414,-2.6603174
1111,2025-01-27,SH.KC_300030,阳普医疗,医疗器械,4.108718,-2.7813435
1112,2025-01-27,SH.KC_688225,亚信安全,软件开发,4.1079283,-3.5769198
1113,2025-01-27,SZ.ZB_000039,中集集团,通用设备,4.105465,-2.1064022
1114,2025-01-27,SZ.ZB_002715,登云股份,汽车零部件,4.105192,-2.3460395
1115,2025-01-27,SH.KC_300180,华峰超纤,塑料制品,4.103145,-2.662247
1116,2025-01-27,SZ.ZB_002631,德尔未来,装修建材,4.102303,-2.08502
1117,2025-01-27,SZ.ZB_003037,三和管桩,水泥建材,4.100855,-2.1192963
1118,2025-01-27,SZ.ZB_000838,财信发展,房地产开发,4.0999265,-2.650908
1119,2025-01-27,SH.KC_300384,三联虹普,专业服务,4.096039,-3.7422943
1120,2025-01-27,SH.KC_688660,电气风电,风电设备,4.093407,-3.5054033
1121,2025-01-27,SH.KC_301489,思泉新材,消费电子,4.092027,-2.8205674
1122,2025-01-27,SH.ZB_601099,太平洋,证券,4.089011,-2.773953
1123,2025-01-27,SH.KC_301310,鑫宏业,电网设备,4.0875883,-4.602209
1124,2025-01-27,SH.ZB_603185,弘元绿能,光伏设备,4.086849,-2.9008844
1125,2025-01-27,SH.ZB_603776,永安行,专业服务,4.0846677,-2.6763728
1126,2025-01-27,SH.ZB_603099,长白山,旅游酒店,4.0842714,-2.3037531
1127,2025-01-27,SH.KC_688567,孚能科技,电池,4.082802,-2.81127
1128,2025-01-27,SH.ZB_600199,金种子酒,酿酒行业,4.0824575,-2.027741
1129,2025-01-27,SH.ZB_603212,赛伍技术,光伏设备,4.081024,-3.1103053
1130,2025-01-27,SZ.ZB_002513,蓝丰生化,农药兽药,4.0796995,-2.3392456
1131,2025-01-27,SZ.ZB_002456,欧菲光,光学光电子,4.0730596,-3.114126
1132,2025-01-27,SH.KC_301013,利和兴,专用设备,4.0691333,-3.2231693
1133,2025-01-27,SZ.ZB_002196,方正电机,电机,4.067144,-3.2573633
1134,2025-01-27,SH.KC_300261,雅本化学,农药兽药,4.0664854,-2.246405
1135,2025-01-27,SH.KC_688166,博瑞医药,化学制药,4.066247,-3.2233126
1136,2025-01-27,SH.KC_300162,雷曼光电,光学光电子,4.065676,-2.5365856
1137,2025-01-27,SH.KC_300115,长盈精密,消费电子,4.065147,-4.277196
1138,2025-01-27,SH.KC_301571,国科天成,电子元件,4.06341,-2.3268807
1139,2025-01-27,SH.ZB_603711,香飘飘,食品饮料,4.061957,-2.4056773
1140,2025-01-27,SH.KC_688409,富创精密,半导体,4.057972,-2.6082363
1141,2025-01-27,SZ.ZB_002729,好利科技,电子元件,4.056862,-5.561054
1142,2025-01-27,SH.ZB_600619,海立股份,家电行业,4.0556297,-2.8382118
1143,2025-01-27,SH.KC_300448,浩云科技,互联网服务,4.055341,-3.0650735
1144,2025-01-27,SH.ZB_603516,淳中科技,计算机设备,4.0537252,-5.628631
1145,2025-01-27,SH.ZB_603116,红蜻蜓,纺织服装,4.0490537,-2.8714464
1146,2025-01-27,SH.KC_300267,尔康制药,化学制药,4.0454774,-2.1498666
1147,2025-01-27,SH.ZB_600895,张江高科,房地产开发,4.045151,-2.520405
1148,2025-01-27,SH.KC_300719,安达维尔,航天航空,4.0441093,-2.7535195
1149,2025-01-27,SH.ZB_600193,创兴资源,装修装饰,4.0407734,-0.91697925
1150,2025-01-27,SH.KC_300711,广哈通信,通信设备,4.040256,-3.5710747
1151,2025-01-27,SZ.ZB_002222,福晶科技,光学光电子,4.037759,-3.1683073
1152,2025-01-27,SZ.ZB_002396,星网锐捷,通信设备,4.0374727,-3.5449073
1153,2025-01-27,SH.KC_688032,禾迈股份,光伏设备,4.0371656,-2.9069037
1154,2025-01-27,SH.KC_688798,艾为电子,半导体,4.035717,-3.8214314
1155,2025-01-27,SH.KC_688351,微电生理-U,医疗器械,4.0339394,-2.890835
1156,2025-01-27,SZ.ZB_002897,意华股份,光伏设备,4.030624,-3.4992762
1157,2025-01-27,SH.ZB_600838,上海九百,商业百货,4.0305095,-2.5397708
1158,2025-01-27,SH.ZB_600536,中国软件,软件开发,4.0302353,-2.937654
1159,2025-01-27,SH.KC_688539,高华科技,电子元件,4.025188,-2.9739711
1160,2025-01-27,SZ.ZB_002708,光洋股份,汽车零部件,4.022129,-2.9615324
1161,2025-01-27,SH.KC_300830,金现代,软件开发,4.020682,-3.9311423
1162,2025-01-27,SH.KC_300878,维康药业,中药,4.0205226,-2.2953653
1163,2025-01-27,SH.KC_300366,创意信息,软件开发,4.019965,-3.243675
1164,2025-01-27,SH.ZB_603108,润达医疗,医疗服务,4.019944,-3.318974
1165,2025-01-27,SZ.ZB_002718,友邦吊顶,装修建材,4.0183454,-6.450147
1166,2025-01-27,SH.ZB_603083,剑桥科技,通信设备,4.017276,-3.1924262
1167,2025-01-27,SH.KC_688183,生益电子,电子元件,4.0172234,-2.9914613
1168,2025-01-27,SH.ZB_600530,交大昂立,食品饮料,4.0168433,-3.4604077
1169,2025-01-27,SH.KC_300706,阿石创,半导体,4.0166183,-2.6756284
1170,2025-01-27,SH.ZB_603307,扬州金泉,纺织服装,4.0159183,-3.0902205
1171,2025-01-27,SH.KC_688498,源杰科技,半导体,4.0153384,-3.2909412
1172,2025-01-27,SH.KC_301073,君亭酒店,旅游酒店,4.0133014,-3.0740144
1173,2025-01-27,SH.KC_688518,联赢激光,专用设备,4.0106354,-3.0667799
1174,2025-01-27,SZ.ZB_002731,萃华珠宝,珠宝首饰,4.009083,-2.8066325
1175,2025-01-27,SH.KC_688416,恒烁股份,半导体,4.0079103,-3.8245604
1176,2025-01-27,SZ.ZB_002843,泰嘉股份,消费电子,4.0078683,-4.190858
1177,2025-01-27,SH.ZB_600759,洲际油气,石油行业,4.0063634,-2.139437
1178,2025-01-27,SZ.ZB_000014,沙河股份,房地产开发,4.0053844,-2.5702999
1179,2025-01-27,SZ.ZB_002221,东华能源,石油行业,4.004489,-2.7341125
1180,2025-01-27,SH.KC_301049,超越科技,环保行业,4.002723,-2.334289
1181,2025-01-27,SZ.ZB_002857,三晖电气,电网设备,4.002543,-2.3162293
1182,2025-01-27,SH.KC_688613,奥精医疗,医疗器械,4.0006757,-2.7642493
1183,2025-01-27,SH.KC_300235,方直科技,软件开发,4.000543,-3.388522
1184,2025-01-27,SH.ZB_600533,栖霞建设,房地产开发,4.000518,-2.848083
1185,2025-01-27,SH.KC_300471,厚普股份,专用设备,4.0003314,-2.1434286
1186,2025-01-27,SZ.ZB_000887,中鼎股份,汽车零部件,3.9997592,-3.837866
1187,2025-01-27,SH.ZB_603877,太平鸟,纺织服装,3.9995716,-2.7997904
1188,2025-01-27,SH.KC_300557,理工光科,仪器仪表,3.9980917,-3.4492247
1189,2025-01-27,SH.KC_301153,中科江南,软件开发,3.9980843,-3.3055873
1190,2025-01-27,SH.KC_688662,富信科技,电子元件,3.9977818,-3.8632147
1191,2025-01-27,SH.KC_300491,通合科技,电源设备,3.9954617,-3.8199537
1192,2025-01-27,SH.KC_300887,谱尼测试,专业服务,3.9941623,-3.041793
1193,2025-01-27,SZ.ZB_002493,荣盛石化,化纤行业,3.9890752,-2.7559233
1194,2025-01-27,SH.KC_688515,裕太微-U,半导体,3.9864407,-3.1139898
1195,2025-01-27,SH.KC_300756,金马游乐,旅游酒店,3.9843917,-3.350864
1196,2025-01-27,SZ.ZB_000415,渤海租赁,多元金融,3.9837465,-2.9820902
1197,2025-01-27,SZ.ZB_002342,巨力索具,通用设备,3.9814875,-1.9721873
1198,2025-01-27,SH.KC_300124,汇川技术,电子元件,3.98134,-3.2390003
1199,2025-01-27,SH.KC_300078,思创医惠,互联网服务,3.979592,-2.9709215
1200,2025-01-27,SH.KC_301586,佳力奇,航天航空,3.978166,-2.571317
1201,2025-01-27,SH.KC_688676,金盘科技,电网设备,3.9776385,-3.799426
1202,2025-01-27,SH.KC_301526,国际复材,玻璃玻纤,3.9744318,-2.5212798
1203,2025-01-27,SH.KC_300563,神宇股份,通信设备,3.9726467,-3.1700418
1204,2025-01-27,SH.ZB_603121,华培动力,汽车零部件,3.9709716,-3.585168
1205,2025-01-27,SH.KC_688378,奥来德,专用设备,3.9707377,-2.608117
1206,2025-01-27,SH.KC_300310,宜通世纪,通信服务,3.9695992,-2.8139222
1207,2025-01-27,SH.KC_688496,清越科技,电子元件,3.9695473,-2.5541286
1208,2025-01-27,SH.KC_300785,值得买,互联网服务,3.9692311,-4.196111
1209,2025-01-27,SH.ZB_600239,云南城投,房地产服务,3.9671526,-2.686538
1210,2025-01-27,SH.KC_300811,铂科新材,小金属,3.965874,-3.3913336
1211,2025-01-27,SH.KC_688246,嘉和美康,医疗服务,3.965208,-3.6116145
1212,2025-01-27,SH.KC_300674,宇信科技,互联网服务,3.9650946,-3.838386
1213,2025-01-27,SZ.ZB_002797,第一创业,证券,3.9600878,-3.4125316
1214,2025-01-27,SH.KC_688091,上海谊众,化学制药,3.9595337,-2.7896738
1215,2025-01-27,SZ.ZB_000566,海南海药,化学制药,3.9588795,-2.2481658
1216,2025-01-13,SZ.ZB_000972,中基健康,食品饮料,3.9585977,-2.6561935
1217,2025-01-27,SZ.ZB_002207,准油股份,采掘行业,3.956741,-2.6874504
1218,2025-01-27,SH.KC_300689,澄天伟业,通信设备,3.9540813,-2.9632878
1219,2025-01-27,SH.KC_300430,诚益通,通用设备,3.953582,-2.9356065
1220,2025-01-27,SH.KC_300395,菲利华,非金属材料,3.9531379,-2.570641
1221,2025-01-27,SH.KC_300522,世名科技,化学制品,3.9506078,-3.7073846
1222,2025-01-27,SH.KC_300757,罗博特科,专用设备,3.9505005,-3.7311237
1223,2025-01-27,SH.KC_688368,晶丰明源,半导体,3.9501429,-2.6606722
1224,2025-01-27,SH.KC_300026,红日药业,中药,3.9490237,-2.3785977
1225,2025-01-27,SH.ZB_603659,璞泰来,电池,3.948882,-2.273222
1226,2025-01-27,SH.ZB_603312,西典新能,电网设备,3.9478614,-2.7051446
1227,2025-01-27,SH.KC_300693,盛弘股份,电源设备,3.9474442,-4.680685
1228,2025-01-27,SZ.ZB_000799,酒鬼酒,酿酒行业,3.9469733,-2.1415784
1229,2025-01-27,SZ.ZB_000514,渝 开 发,房地产开发,3.9467647,-2.6898293
1230,2025-01-27,SH.KC_301198,喜悦智行,塑料制品,3.9454966,-3.2325857
1231,2025-01-27,SH.KC_300594,朗进科技,交运设备,3.943756,-2.7997506
1232,2025-01-27,SH.ZB_603289,泰瑞机器,专用设备,3.9428816,-2.5730438
1233,2025-01-27,SZ.ZB_000897,津滨发展,房地产开发,3.9363475,-2.8820305
1234,2025-01-27,SZ.ZB_002747,埃斯顿,通用设备,3.9359303,-2.778608
1235,2025-01-27,SH.ZB_603336,宏辉果蔬,农牧饲渔,3.928429,-3.3131328
1236,2025-01-27,SH.KC_301121,紫建电子,电池,3.9280488,-3.162124
1237,2025-01-27,SH.KC_301348,蓝箭电子,半导体,3.9260135,-2.5917647
1238,2025-01-27,SZ.ZB_002582,好想你,食品饮料,3.9227798,-5.226592
1239,2025-01-27,SH.ZB_600067,冠城新材,电网设备,3.9201782,-2.2048767
1240,2025-01-27,SH.KC_300355,蒙草生态,环保行业,3.9179876,-2.4205453
1241,2025-01-27,SH.KC_300758,七彩化学,化学制品,3.915514,-3.614657
1242,2025-01-27,SH.KC_301205,联特科技,光学光电子,3.914866,-4.2365055
1243,2025-01-27,SH.KC_300057,万顺新材,有色金属,3.9133177,-2.4638817
1244,2025-01-27,SH.ZB_600110,诺德股份,电池,3.9132266,-2.459057
1245,2025-01-27,SZ.ZB_002178,延华智能,软件开发,3.9129958,-2.591745
1246,2025-01-27,SZ.ZB_000810,创维数字,通信设备,3.910944,-2.817403
1247,2025-01-27,SH.ZB_603273,天元智能,专用设备,3.910084,-3.3177276
1248,2025-01-27,SH.ZB_603330,天洋新材,光伏设备,3.906007,-3.2247622
1249,2025-01-27,SH.KC_300436,广生堂,化学制药,3.9038823,-4.3756304
1250,2025-01-27,SZ.ZB_002384,东山精密,电子元件,3.9035857,-5.0558763
1251,2025-01-27,SH.KC_300637,扬帆新材,电子化学品,3.9012208,-3.0245044
1252,2025-01-27,SH.KC_300727,润禾材料,化学制品,3.900507,-3.8641796
1253,2025-01-27,SH.ZB_600280,中央商场,商业百货,3.8998888,-1.8164144
1254,2025-01-27,SH.KC_301297,富乐德,半导体,3.8958087,-2.6173792
1255,2025-01-27,SH.KC_301596,瑞迪智驱,通用设备,3.8938568,-3.3126705
1256,2025-01-27,SH.ZB_603929,亚翔集成,装修装饰,3.8911343,-3.2064655
1257,2025-01-27,SZ.ZB_001207,联科科技,橡胶制品,3.8855956,-3.528907
1258,2025-01-27,SH.KC_688719,爱科赛博,电源设备,3.8821757,-2.653403
1259,2025-01-27,SH.ZB_600791,京能置业,房地产开发,3.8805456,-2.8228714
1260,2025-01-27,SZ.ZB_001314,亿道信息,消费电子,3.8794293,-3.3813112
1261,2025-01-27,SZ.ZB_000062,深圳华强,电子元件,3.878729,-2.137131
1262,2025-01-27,SZ.ZB_002084,海鸥住工,装修装饰,3.8764,-2.8711362
1263,2025-01-27,SH.ZB_603533,掌阅科技,文化传媒,3.876196,-3.637047
1264,2025-01-27,SH.ZB_603344,星德胜,电机,3.8761406,-3.1462307
1265,2025-01-27,SZ.ZB_002377,国创高新,化学制品,3.8747714,-2.969226
1266,2025-01-27,SZ.ZB_002436,兴森科技,电子元件,3.8729444,-2.9897969
1267,2025-01-27,SH.ZB_601882,海天精工,通用设备,3.8724675,-2.518798
1268,2025-01-27,SH.KC_300542,新晨科技,软件开发,3.870788,-3.1220198
1269,2025-01-27,SH.KC_300365,恒华科技,软件开发,3.8682237,-2.7102685
1270,2025-01-27,SH.ZB_600818,中路股份,交运设备,3.8670197,-2.6263182
1271,2025-01-27,SH.KC_300591,万里马,纺织服装,3.8668976,-2.2668345
1272,2025-01-27,SH.KC_300739,明阳电路,电子元件,3.8659527,-2.7489736
1273,2025-01-27,SH.ZB_603616,韩建河山,水泥建材,3.8631737,-2.9592907
1274,2025-01-27,SH.ZB_600537,亿晶光电,光伏设备,3.861791,-2.1737573
1275,2025-01-27,SH.KC_688063,派能科技,电池,3.8612576,-2.7257128
1276,2025-01-27,SH.ZB_600487,亨通光电,通信设备,3.8606062,-2.5203683
1277,2025-01-27,SH.KC_301005,超捷股份,汽车零部件,3.8577318,-2.8531516
1278,2025-01-27,SH.KC_688383,新益昌,专用设备,3.8574696,-2.610274
1279,2025-01-27,SH.KC_688326,经纬恒润-W,汽车零部件,3.8570375,-3.350604
1280,2025-01-27,SH.KC_688711,宏微科技,半导体,3.8561628,-2.478622
1281,2025-01-27,SH.ZB_603138,海量数据,软件开发,3.8557754,-4.0182137
1282,2025-01-27,SZ.ZB_002523,天桥起重,专用设备,3.8546205,-2.5807214
1283,2025-01-27,SZ.ZB_000504,南华生物,医疗服务,3.8544967,-3.0302553
1284,2025-01-27,SH.KC_300176,鸿特科技,汽车零部件,3.8540692,-2.7545507
1285,2025-01-27,SZ.ZB_002334,英威腾,专用设备,3.853409,-3.0774047
1286,2025-01-27,SH.KC_688138,清溢光电,半导体,3.852059,-3.9288442
1287,2025-01-27,SZ.ZB_002361,神剑股份,塑料制品,3.8462863,-3.2513835
1288,2025-01-27,SH.KC_688633,星球石墨,专用设备,3.8444667,-2.2824223
1289,2025-01-27,SH.KC_300032,金龙机电,消费电子,3.841403,-2.4691484
1290,2025-01-27,SH.ZB_600218,全柴动力,汽车零部件,3.8413405,-2.955987
1291,2025-01-27,SH.ZB_601011,宝泰隆,煤炭行业,3.8371086,-2.5895283
1292,2025-01-27,SH.KC_301011,华立科技,专用设备,3.8364038,-3.667573
1293,2025-01-27,SH.ZB_603596,伯特利,汽车零部件,3.8356438,-2.7263877
1294,2025-01-27,SH.KC_300411,金盾股份,专用设备,3.8335772,-2.793216
1295,2025-01-27,SH.KC_301150,中一科技,电池,3.8322284,-2.5607429
1296,2025-01-27,SH.ZB_600178,东安动力,汽车零部件,3.831254,-2.3485358
1297,2025-01-27,SH.ZB_600797,浙大网新,互联网服务,3.8306952,-2.914955
1298,2025-01-27,SH.ZB_601828,美凯龙,商业百货,3.8293214,-2.1697283
1299,2025-01-27,SH.ZB_600590,泰豪科技,电网设备,3.8286552,-2.1551802
1300,2025-01-27,SH.KC_301321,翰博高新,光学光电子,3.8277655,-2.8356328
1301,2025-01-27,SH.KC_688560,明冠新材,光伏设备,3.8273618,-2.5832918
1302,2025-01-27,SH.ZB_603214,爱婴室,商业百货,3.8263261,-4.0879664
1303,2025-01-27,SZ.ZB_002471,中超控股,电网设备,3.8256974,-2.3764925
1304,2025-01-27,SZ.ZB_000935,四川双马,水泥建材,3.8248942,-2.8041594
1305,2025-01-27,SH.ZB_600705,中航产融,多元金融,3.8243651,-3.4453433
1306,2025-01-27,SZ.ZB_002847,盐津铺子,食品饮料,3.8241863,-2.2742224
1307,2025-01-27,SH.ZB_600678,四川金顶,水泥建材,3.8234308,-2.477171
1308,2025-01-27,SH.KC_300715,凯伦股份,装修建材,3.8189917,-5.1666923
1309,2025-01-27,SH.ZB_600281,华阳新材,小金属,3.8182988,-2.5809882
1310,2025-01-27,SH.KC_300639,凯普生物,医疗器械,3.8180754,-2.420959
1311,2025-01-27,SH.KC_300341,麦克奥迪,电网设备,3.8180575,-2.3929732
1312,2025-01-27,SH.ZB_600363,联创光电,光学光电子,3.8158371,-3.701133
1313,2025-01-27,SH.KC_300975,商络电子,贸易行业,3.8156629,-2.5701666
1314,2025-01-27,SH.KC_301239,普瑞眼科,医疗服务,3.8133488,-3.6060448
1315,2025-01-27,SZ.ZB_000737,北方铜业,有色金属,3.81248,-2.901628
1316,2025-01-27,SZ.ZB_002905,金逸影视,文化传媒,3.8112595,-3.8154855
1317,2025-01-27,SH.KC_300622,博士眼镜,商业百货,3.8108735,-2.836342
1318,2025-01-27,SH.KC_301169,零点有数,专业服务,3.810419,-2.4741092
1319,2025-01-27,SZ.ZB_001298,好上好,电子元件,3.8084314,-2.347631
1320,2025-01-27,SH.KC_301578,辰奕智能,消费电子,3.8073077,-2.6053746
1321,2025-01-27,SH.KC_301628,强达电路,电子元件,3.8047643,-6.2902
1322,2025-01-27,SZ.ZB_002339,积成电子,电网设备,3.8030534,-2.448117
1323,2025-01-27,SH.KC_300128,锦富技术,光学光电子,3.8013146,-2.5509522
1324,2025-01-27,SH.ZB_603666,亿嘉和,专用设备,3.8004427,-4.4381866
1325,2025-01-27,SZ.ZB_002694,顾地科技,装修建材,3.799662,-2.534041
1326,2025-01-27,SZ.ZB_003031,中瓷电子,通信设备,3.7967637,-2.8839917
1327,2025-01-27,SH.KC_688252,天德钰,半导体,3.7964492,-2.7054026
1328,2025-01-27,SH.KC_300047,天源迪科,软件开发,3.7944303,-3.1066287
1329,2025-01-27,SH.KC_300263,隆华科技,通用设备,3.7925034,-2.8787959
1330,2025-01-27,SH.ZB_600058,五矿发展,贸易行业,3.7908792,-2.5224383
1331,2025-01-27,SH.KC_301085,亚康股份,互联网服务,3.7864313,-4.0635223
1332,2025-01-27,SH.KC_688621,阳光诺和,医疗服务,3.7863865,-2.631851
1333,2025-01-27,SZ.ZB_002921,联诚精密,汽车零部件,3.785634,-3.3558578
1334,2025-01-27,SH.KC_301439,泓淋电力,电网设备,3.7821949,-4.8220267
1335,2025-01-27,SH.KC_300932,三友联众,电网设备,3.7820115,-2.4299762
1336,2025-01-27,SH.ZB_601012,隆基绿能,光伏设备,3.7817745,-2.674726
1337,2025-01-27,SH.KC_300114,中航电测,航天航空,3.7807107,-2.9527664
1338,2025-01-27,SZ.ZB_000938,紫光股份,互联网服务,3.7795515,-3.921883
1339,2025-01-27,SH.KC_688027,国盾量子,通信设备,3.7792265,-3.0038338
1340,2025-01-27,SH.KC_300219,鸿利智汇,光学光电子,3.777717,-2.6879902
1341,2025-01-27,SH.KC_300807,天迈科技,计算机设备,3.7769198,-3.067181
1342,2025-01-27,SH.ZB_603063,禾望电气,风电设备,3.7766516,-6.5161524
1343,2025-01-27,SH.KC_688528,秦川物联,仪器仪表,3.776437,-2.8088245
1344,2025-01-27,SH.ZB_600577,精达股份,电网设备,3.7745714,-3.729628
1345,2025-01-27,SZ.ZB_000099,中信海直,航空机场,3.772062,-3.1396215
1346,2025-01-27,SZ.ZB_002982,湘佳股份,农牧饲渔,3.7709804,-3.1474848
1347,2025-01-27,SH.ZB_603810,丰山集团,农药兽药,3.770259,-3.5299606
1348,2025-01-27,SH.ZB_600149,廊坊发展,电力行业,3.766367,-3.3849933
1349,2025-01-27,SZ.ZB_002045,国光电器,消费电子,3.7660747,-3.0319338
1350,2025-01-27,SH.KC_300456,赛微电子,半导体,3.7651687,-2.4253232
1351,2025-01-27,SH.ZB_600880,博瑞传播,教育,3.764616,-2.9062586
1352,2025-01-27,SZ.ZB_002278,神开股份,专用设备,3.7642374,-2.8014617
1353,2025-01-27,SH.ZB_603171,税友股份,互联网服务,3.7610188,-3.2952926
1354,2025-01-27,SZ.ZB_002095,生 意 宝,互联网服务,3.754735,-3.0816052
1355,2025-01-27,SH.ZB_603320,迪贝电气,电机,3.7543268,-3.2138574
1356,2025-01-27,SZ.ZB_000560,我爱我家,房地产服务,3.7518919,-2.9548888
1357,2025-01-27,SH.KC_301608,博实结,计算机设备,3.7479982,-3.2261896
1358,2025-01-27,SH.KC_300820,英杰电气,电源设备,3.7456422,-2.0868266
1359,2025-01-27,SH.KC_688981,中芯国际,半导体,3.74361,-2.9276638
1360,2025-01-27,SH.KC_300150,世纪瑞尔,互联网服务,3.7435129,-3.9927375
1361,2025-01-27,SZ.ZB_000586,汇源通信,通信设备,3.7432194,-4.085157
1362,2025-01-27,SH.KC_300107,建新股份,化学制品,3.7406816,-2.6737146
1363,2025-01-27,SH.KC_300552,万集科技,软件开发,3.7402658,-2.5792322
1364,2025-01-27,SZ.ZB_002524,光正眼科,医疗服务,3.7398384,-2.7210543
1365,2025-01-27,SH.KC_300035,中科电气,非金属材料,3.739585,-3.3004682
1366,2025-01-27,SZ.ZB_002082,万邦德,化学制药,3.7390099,-2.7091777
1367,2025-01-27,SH.KC_300579,数字认证,软件开发,3.7384777,-3.5639975
1368,2025-01-27,SZ.ZB_002506,协鑫集成,光伏设备,3.7375405,-2.8194313
1369,2025-01-27,SH.KC_688551,科威尔,电源设备,3.73635,-2.4029288
1370,2025-01-27,SZ.ZB_000829,天音控股,贸易行业,3.7358656,-2.2463942
1371,2025-01-27,SZ.ZB_002366,融发核电,电源设备,3.7356913,-2.7454746
1372,2025-01-27,SH.ZB_600538,国发股份,农药兽药,3.735271,-2.8615015
1373,2025-01-27,SH.KC_300087,荃银高科,农牧饲渔,3.7352548,-2.2604153
1374,2025-01-27,SH.KC_301618,长联科技,化学制品,3.7346005,-2.5508115
1375,2025-01-27,SH.ZB_601869,长飞光纤,通信设备,3.7339807,-4.5317607
1376,2025-01-27,SH.KC_688385,复旦微电,半导体,3.7334323,-2.6410604
1377,2025-01-27,SH.KC_688659,元琛科技,环保行业,3.7313075,-3.3180804
1378,2025-01-27,SZ.ZB_002156,通富微电,半导体,3.730364,-2.7699351
1379,2025-01-27,SH.KC_300883,龙利得,造纸印刷,3.7302241,-3.1243422
1380,2025-01-27,SZ.ZB_002269,美邦服饰,纺织服装,3.728351,-2.5529504
1381,2025-01-27,SH.KC_688559,海目星,专用设备,3.726901,-1.7473584
1382,2025-01-27,SH.KC_300691,联合光电,光学光电子,3.724502,-2.9417996
1383,2025-01-27,SZ.ZB_001201,东瑞股份,农牧饲渔,3.724058,-2.8724186
1384,2025-01-27,SH.KC_688549,中巨芯-U,电子化学品,3.7218838,-2.853271
1385,2025-01-27,SH.KC_300881,盛德鑫泰,钢铁行业,3.7213788,-2.7405138
1386,2025-01-27,SH.ZB_600458,时代新材,风电设备,3.7204564,-2.5176153
1387,2025-01-27,SH.KC_301041,金百泽,电子元件,3.7193463,-2.688976
1388,2025-01-27,SH.ZB_601615,明阳智能,风电设备,3.717898,-1.9357754
1389,2025-01-27,SH.ZB_600129,太极集团,中药,3.7147954,-1.5950763
1390,2025-01-27,SH.KC_688698,伟创电气,专用设备,3.7141516,-4.366007
1391,2025-01-27,SH.KC_300337,银邦股份,有色金属,3.7141397,-2.8551562
1392,2025-01-27,SH.KC_688049,炬芯科技,半导体,3.7127523,-4.5233784
1393,2025-01-27,SH.KC_688707,振华新材,电池,3.7099109,-2.331751
1394,2025-01-27,SH.KC_301499,维科精密,汽车零部件,3.707014,-2.8442125
1395,2025-01-27,SH.KC_300738,奥飞数据,互联网服务,3.7059293,-4.285786
1396,2025-01-27,SZ.ZB_002209,达 意 隆,专用设备,3.7054315,-3.603153
1397,2025-01-27,SZ.ZB_002421,达实智能,软件开发,3.7019565,-2.6607018
1398,2025-01-27,SZ.ZB_002605,姚记科技,游戏,3.6997333,-3.2106943
1399,2025-01-27,SZ.ZB_002189,中光学,光学光电子,3.699325,-2.0107448
1400,2025-01-27,SZ.ZB_002866,传艺科技,消费电子,3.6977842,-2.3588612
1401,2025-01-27,SH.ZB_601127,赛力斯,汽车整车,3.6934018,-2.6955607
1402,2025-01-27,SH.ZB_603668,天马科技,农牧饲渔,3.6930232,-3.8239696
1403,2025-01-27,SH.ZB_600331,宏达股份,有色金属,3.6929264,-2.8398998
1404,2025-01-27,SZ.ZB_002148,北纬科技,通信服务,3.6921098,-4.609568
1405,2025-01-27,SH.KC_300723,一品红,化学制药,3.6911116,-2.0392373
1406,2025-01-27,SZ.ZB_002350,北京科锐,电网设备,3.6908672,-2.6131008
1407,2025-01-27,SH.ZB_603375,盛景微,电子元件,3.6904275,-2.253974
1408,2025-01-27,SH.KC_301091,深城交,工程咨询服务,3.6884174,-2.8128188
1409,2025-01-27,SH.KC_688652,京仪装备,半导体,3.6879869,-2.837274
1410,2025-01-27,SH.ZB_605133,嵘泰股份,汽车零部件,3.687279,-3.3869054
1411,2025-01-27,SH.KC_300271,华宇软件,互联网服务,3.6868393,-3.104849
1412,2025-01-27,SZ.ZB_002726,龙大美食,食品饮料,3.686203,-1.8859543
1413,2025-01-27,SH.KC_301111,粤万年青,中药,3.685677,-2.627999
1414,2025-01-27,SH.KC_300345,华民股份,光伏设备,3.6853552,-2.513353
1415,2025-01-27,SH.ZB_603662,柯力传感,仪器仪表,3.6843076,-4.788583
1416,2025-01-27,SZ.ZB_000565,渝三峡Ａ,化学制品,3.6816761,-2.9541547
1417,2025-01-27,SH.ZB_600689,上海三毛,纺织服装,3.6812158,-3.2390912
1418,2025-01-27,SZ.ZB_002077,大港股份,半导体,3.6791563,-2.0823386
1419,2025-01-27,SH.KC_301316,慧博云通,软件开发,3.6791472,-3.8591678
1420,2025-01-27,SH.ZB_601211,国泰君安,证券,3.6787465,-2.5599566
1421,2025-01-27,SH.KC_300447,全信股份,电网设备,3.6781952,-2.4669185
1422,2025-01-27,SH.ZB_601236,红塔证券,证券,3.6765575,-2.7878244
1423,2025-01-27,SH.KC_300424,航新科技,航天航空,3.6762133,-2.3746874
1424,2025-01-27,SH.ZB_603351,威尔药业,化学制药,3.6761806,-2.8608258
1425,2025-01-27,SH.ZB_605058,澳弘电子,电子元件,3.6723046,-4.324493
1426,2025-01-27,SZ.ZB_002625,光启技术,航天航空,3.6709263,-2.5400288
1427,2025-01-27,SH.KC_301365,矩阵股份,装修装饰,3.669776,-2.8859088
1428,2025-01-27,SH.KC_300426,唐德影视,文化传媒,3.6689892,-2.794873
1429,2025-01-27,SZ.ZB_000503,国新健康,软件开发,3.6678047,-2.2645783
1430,2025-01-27,SH.ZB_603918,金桥信息,互联网服务,3.6675916,-3.4181032
1431,2025-01-27,SH.KC_300673,佩蒂股份,农牧饲渔,3.662345,-3.1878595
1432,2025-01-27,SH.KC_688028,沃尔德,通用设备,3.6591754,-3.0930688
1433,2025-01-27,SH.ZB_603806,福斯特,光伏设备,3.6587403,-2.692269
1434,2025-01-27,SH.KC_300964,本川智能,电子元件,3.6571398,-3.1889088
1435,2025-01-27,SH.KC_688661,和林微纳,半导体,3.6508932,-5.5493064
1436,2025-01-27,SZ.ZB_002859,洁美科技,电子元件,3.6506085,-2.1025677
1437,2025-01-27,SH.ZB_603408,建霖家居,装修装饰,3.6492035,-3.693897
1438,2025-01-27,SH.ZB_603086,先达股份,农药兽药,3.6490633,-2.1266558
1439,2025-01-27,SZ.ZB_002431,棕榈股份,工程建设,3.6483855,-2.2496104
1440,2025-01-27,SZ.ZB_002020,京新药业,化学制药,3.6477878,-2.5896618
1441,2025-01-27,SZ.ZB_002145,中核钛白,化学原料,3.6476002,-2.5108075
1442,2025-01-27,SZ.ZB_002686,亿利达,通用设备,3.6456451,-2.383865
1443,2025-01-27,SH.KC_300264,佳创视讯,互联网服务,3.644693,-3.226667
1444,2025-01-27,SH.KC_301307,美利信,通信设备,3.6420913,-2.8887582
1445,2025-01-27,SH.KC_688030,山石网科,软件开发,3.6412015,-3.1786106
1446,2025-01-27,SH.KC_300861,美畅股份,非金属材料,3.6344469,-2.465678
1447,2025-01-27,SH.KC_688306,均普智能,专用设备,3.6342964,-3.0561295
1448,2025-01-27,SZ.ZB_000936,华西股份,化纤行业,3.6337824,-3.3143394
1449,2025-01-27,SH.ZB_603399,永杉锂业,小金属,3.6327467,-2.1969776
1450,2025-01-27,SH.KC_688253,英诺特,生物制品,3.6312833,-1.6753793
1451,2025-01-27,SH.KC_688593,新相微,半导体,3.6306887,-2.9749644
1452,2025-01-27,SH.KC_300354,东华测试,仪器仪表,3.6299558,-4.274649
1453,2025-01-27,SH.ZB_605289,罗曼股份,装修装饰,3.6289618,-3.5516665
1454,2025-01-27,SH.KC_300578,会畅通讯,通信服务,3.627993,-2.756819
1455,2025-01-27,SH.KC_300190,维尔利,环保行业,3.625235,-1.9111285
1456,2025-01-27,SZ.ZB_002531,天顺风能,风电设备,3.6244214,-2.120311
1457,2025-01-27,SH.ZB_603983,丸美生物,美容护理,3.6214247,-2.909834
1458,2025-01-27,SH.ZB_603600,永艺股份,装修建材,3.6163404,-3.753539
1459,2025-01-27,SH.KC_300185,通裕重工,风电设备,3.615196,-2.4818063
1460,2025-01-27,SH.KC_300540,蜀道装备,专用设备,3.6144078,-2.5555668
1461,2025-01-27,SH.KC_688178,万德斯,环保行业,3.6113753,-3.389736
1462,2025-01-27,SH.KC_301252,同星科技,通用设备,3.6091328,-4.0289545
1463,2025-01-27,SH.KC_301533,威马农机,专用设备,3.6090195,-2.390947
1464,2025-01-27,SH.ZB_603089,正裕工业,汽车零部件,3.603573,-4.209259
1465,2025-01-27,SH.KC_300943,春晖智控,通用设备,3.6027536,-3.0614123
1466,2025-01-27,SH.KC_300862,蓝盾光电,仪器仪表,3.602697,-2.6807942
1467,2025-01-27,SH.ZB_603085,天成自控,汽车零部件,3.600861,-2.3491178
1468,2025-01-27,SZ.ZB_000750,国海证券,证券,3.5989985,-2.639738
1469,2025-01-27,SH.KC_301128,强瑞技术,专用设备,3.5983846,-3.532571
1470,2025-01-27,SH.KC_301591,肯特股份,塑料制品,3.5980344,-4.1240563
1471,2025-01-27,SH.KC_301202,朗威股份,通用设备,3.5953417,-4.5333004
1472,2025-01-27,SZ.ZB_002441,众业达,电网设备,3.5927474,-3.0891128
1473,2025-01-27,SZ.ZB_000723,美锦能源,煤炭行业,3.5923734,-2.5473354
1474,2025-01-27,SH.KC_688371,菲沃泰,电子元件,3.5919085,-2.8210845
1475,2025-01-27,SH.ZB_600643,爱建集团,多元金融,3.5913734,-2.7589545
1476,2025-01-27,SH.ZB_603818,曲美家居,装修建材,3.5909786,-2.5363033
1477,2025-01-27,SZ.ZB_001208,华菱线缆,电网设备,3.5904913,-4.1564054
1478,2025-01-27,SH.KC_301327,华宝新能,电源设备,3.5891294,-1.8777702
1479,2025-01-27,SH.KC_688523,航天环宇,航天航空,3.5888538,-2.4632263
1480,2025-01-27,SH.KC_300659,中孚信息,软件开发,3.5886378,-3.0586162
1481,2025-01-27,SH.KC_688450,光格科技,仪器仪表,3.5885692,-2.7936854
1482,2025-01-27,SH.ZB_600962,国投中鲁,食品饮料,3.5877943,-2.4697442
1483,2025-01-27,SH.ZB_600775,南京熊猫,通信设备,3.586416,-2.280991
1484,2025-01-27,SH.KC_688316,青云科技-U,互联网服务,3.5859942,-3.7417247
1485,2025-01-27,SH.ZB_603728,鸣志电器,电机,3.5859525,-3.8739958
1486,2025-01-27,SZ.ZB_002486,嘉麟杰,纺织服装,3.5856545,-2.887882
1487,2025-01-27,SZ.ZB_002246,北化股份,化学制品,3.5840259,-2.5019665
1488,2025-01-27,SH.KC_300865,大宏立,专用设备,3.5821662,-2.6184196
1489,2025-01-27,SH.KC_301112,信邦智能,专用设备,3.581479,-3.0744288
1490,2025-01-27,SH.KC_301389,隆扬电子,电子元件,3.5801783,-3.3325906
1491,2025-01-27,SH.KC_688213,思特威-W,半导体,3.5796106,-3.6201525
1492,2025-01-27,SZ.ZB_002390,信邦制药,中药,3.5793617,-3.3167918
1493,2025-01-27,SH.ZB_605287,德才股份,装修装饰,3.5786867,-2.9570396
1494,2025-01-27,SH.ZB_603825,华扬联众,文化传媒,3.5772338,-3.331115
1495,2025-01-27,SH.KC_301119,正强股份,汽车零部件,3.5770833,-2.4192781
1496,2025-01-27,SH.ZB_600696,岩石股份,酿酒行业,3.5750837,-0.47606117
1497,2025-01-27,SH.ZB_600774,汉商集团,商业百货,3.5750434,-2.4303153
1498,2025-01-27,SH.ZB_600259,广晟有色,小金属,3.574954,-2.4735358
1499,2025-01-27,SH.KC_300521,爱司凯,专用设备,3.57486,-3.5539646
1500,2025-01-27,SH.KC_300488,恒锋工具,通用设备,3.5706565,-4.867907
1501,2025-01-27,SH.KC_300992,泰福泵业,通用设备,3.5705328,-2.9053156
1502,2025-01-27,SH.ZB_603350,安乃达,电机,3.5705223,-2.4897456
1503,2025-01-27,SH.KC_300226,上海钢联,互联网服务,3.570266,-3.153689
1504,2025-01-27,SH.ZB_603699,纽威股份,通用设备,3.569065,-3.8434048
1505,2025-01-27,SZ.ZB_002933,新兴装备,航天航空,3.5685987,-2.7022898
1506,2025-01-27,SH.ZB_603655,朗博科技,汽车零部件,3.5679207,-2.7798078
1507,2025-01-27,SZ.ZB_002554,惠博普,采掘行业,3.5655527,-2.4418614
1508,2025-01-27,SZ.ZB_002182,宝武镁业,有色金属,3.56521,-3.0106785
1509,2025-01-27,SH.ZB_603332,苏州龙杰,化纤行业,3.5643876,-4.224823
1510,2025-01-27,SH.KC_300790,宇瞳光学,光学光电子,3.5624073,-4.158655
1511,2025-01-27,SH.KC_300775,三角防务,航天航空,3.5601244,-2.3189929
1512,2025-01-27,SH.KC_301177,迪阿股份,珠宝首饰,3.5598383,-3.0131977
1513,2025-01-27,SZ.ZB_000558,莱茵体育,旅游酒店,3.559415,-3.2021132
1514,2025-01-27,SH.KC_300188,国投智能,软件开发,3.5569935,-2.9252174
1515,2025-01-27,SH.ZB_603977,国泰集团,化学制品,3.5550773,-1.9763738
1516,2025-01-27,SH.ZB_600550,保变电气,电网设备,3.553684,-2.5861523
1517,2025-01-27,SH.KC_688682,霍莱沃,通信服务,3.5521076,-3.0490413
1518,2025-01-27,SH.ZB_600316,洪都航空,航天航空,3.5498366,-2.8514032
1519,2025-01-27,SZ.ZB_000008,神州高铁,交运设备,3.5490394,-1.6466696
1520,2025-01-27,SH.KC_300283,温州宏丰,电网设备,3.5475821,-2.367354
1521,2025-01-27,SH.KC_688530,欧莱新材,半导体,3.547512,-2.300024
1522,2025-01-27,SH.ZB_603082,北自科技,通用设备,3.5473928,-4.2342567
1523,2025-01-27,SZ.ZB_002685,华东重机,通用设备,3.5439327,-2.3575566
1524,2025-01-27,SH.ZB_603583,捷昌驱动,专用设备,3.5435677,-3.1358938
1525,2025-01-27,SZ.ZB_002201,正威新材,玻璃玻纤,3.5433412,-2.7203555
1526,2025-01-27,SZ.ZB_002466,天齐锂业,能源金属,3.5427094,-2.204438
1527,2025-01-27,SH.ZB_600661,昂立教育,教育,3.5412147,-2.3617039
1528,2025-01-27,SH.KC_688223,晶科能源,光伏设备,3.5400317,-1.9305708
1529,2025-01-27,SZ.ZB_002208,合肥城建,房地产开发,3.539528,-2.410749
1530,2025-01-27,SH.KC_688023,安恒信息,软件开发,3.538272,-3.1172206
1531,2025-01-27,SH.ZB_600439,瑞贝卡,家用轻工,3.5365014,-2.456153
1532,2025-01-27,SH.KC_300529,健帆生物,医疗器械,3.5350606,-2.094367
1533,2025-01-27,SH.KC_301072,中捷精工,汽车零部件,3.53401,-2.8310905
1534,2025-01-27,SH.KC_301360,荣旗科技,专用设备,3.5339296,-2.619496
1535,2025-01-27,SH.ZB_600133,东湖高新,工程建设,3.5336852,-3.1971807
1536,2025-01-27,SH.KC_688041,海光信息,半导体,3.5317569,-2.2380471
1537,2025-01-27,SH.KC_300732,设研院,工程咨询服务,3.5313442,-2.8819427
1538,2025-01-27,SH.KC_300066,三川智慧,仪器仪表,3.5302906,-2.369473
1539,2025-01-27,SH.ZB_600810,神马股份,化纤行业,3.5290108,-2.841323
1540,2025-01-27,SH.KC_301328,维峰电子,电子元件,3.5286427,-3.4947507
1541,2025-01-27,SH.ZB_600748,上实发展,房地产开发,3.5281613,-2.5465705
1542,2025-01-27,SH.ZB_600370,三房巷,化学制品,3.5278468,-2.2263465
1543,2025-01-27,SH.ZB_600114,东睦股份,通用设备,3.525114,-3.494546
1544,2025-01-27,SH.KC_300648,星云股份,电池,3.524898,-2.5171528
1545,2025-01-27,SH.KC_688135,利扬芯片,半导体,3.524585,-2.7621465
1546,2025-01-27,SH.KC_688249,晶合集成,半导体,3.5244017,-3.2475412
1547,2025-01-27,SH.KC_300340,科恒股份,电池,3.5232499,-2.5599732
1548,2025-01-27,SZ.ZB_000862,银星能源,电力行业,3.5226285,-2.8103507
1549,2025-01-27,SZ.ZB_002979,雷赛智能,专用设备,3.5219357,-4.3217897
1550,2025-01-27,SH.KC_300940,南极光,光学光电子,3.521906,-3.5312693
1551,2025-01-27,SH.ZB_600770,综艺股份,综合行业,3.520961,-2.5645168
1552,2025-01-27,SZ.ZB_002407,多氟多,化学制品,3.5208657,-2.433348
1553,2025-01-27,SH.ZB_600463,空港股份,房地产开发,3.5137863,-2.9396615
1554,2025-01-27,SH.KC_300576,容大感光,电子化学品,3.5119982,-2.9889092
1555,2025-01-27,SZ.ZB_002780,三夫户外,纺织服装,3.511581,-2.604486
1556,2025-01-27,SZ.ZB_000151,中成股份,贸易行业,3.5103574,-2.4950936
1557,2025-01-27,SH.KC_300210,森远股份,环保行业,3.509903,-2.8012977
1558,2025-01-27,SZ.ZB_002389,航天彩虹,航天航空,3.5098836,-2.6888254
1559,2025-01-27,SH.KC_301285,鸿日达,电子元件,3.508988,-2.4502945
1560,2025-01-27,SH.KC_688119,中钢洛耐,非金属材料,3.5076678,-2.564004
1561,2025-01-27,SH.ZB_603270,金帝股份,通用设备,3.5072117,-3.2857213
1562,2025-01-27,SH.ZB_600686,金龙汽车,汽车整车,3.506507,-3.7349577
1563,2025-01-27,SZ.ZB_000697,炼石航空,航天航空,3.5061433,-2.5707567
1564,2025-01-27,SZ.ZB_002232,启明信息,互联网服务,3.5059988,-2.5864766
1565,2025-01-27,SH.KC_688522,纳睿雷达,计算机设备,3.5047934,-2.7871525
1566,2025-01-27,SZ.ZB_000801,四川九洲,家电行业,3.5018668,-2.8507793
1567,2025-01-27,SH.KC_300503,昊志机电,通用设备,3.5013795,-3.8936536
1568,2025-01-27,SH.KC_688195,腾景科技,光学光电子,3.500095,-3.7197976
1569,2025-01-27,SH.KC_688118,普元信息,软件开发,3.4998431,-3.9481454
1570,2025-01-27,SH.ZB_605336,帅丰电器,家电行业,3.498569,-2.959142
1571,2025-01-27,SH.ZB_600630,龙头股份,纺织服装,3.498082,-2.7516603
1572,2025-01-27,SZ.ZB_002297,博云新材,航天航空,3.4975142,-2.3126526
1573,2025-01-27,SH.ZB_600185,格力地产,房地产开发,3.4973965,-1.9187734
1574,2025-01-27,SH.ZB_600438,通威股份,光伏设备,3.4964652,-2.3699212
1575,2025-01-27,SH.KC_300730,科创信息,软件开发,3.4947917,-3.2331972
1576,2025-01-27,SZ.ZB_002416,爱施德,商业百货,3.493823,-2.2473152
1577,2025-01-27,SZ.ZB_002853,皮阿诺,装修建材,3.4927084,-3.7752092
1578,2025-01-27,SH.ZB_601908,京运通,光伏设备,3.492415,-2.4385955
1579,2025-01-27,SH.KC_688016,心脉医疗,医疗器械,3.4895256,-2.5251257
1580,2025-01-27,SH.ZB_600071,凤凰光学,光学光电子,3.4884467,-3.5441036
1581,2025-01-27,SZ.ZB_002875,安奈儿,纺织服装,3.4882143,-2.168775
1582,2025-01-27,SH.ZB_601456,国联证券,证券,3.4879863,-2.5358171
1583,2025-01-27,SZ.ZB_002570,贝因美,食品饮料,3.4859805,-2.7364955
1584,2025-01-27,SH.ZB_603196,日播时尚,纺织服装,3.4851253,-2.689326
1585,2025-01-27,SZ.ZB_002225,濮耐股份,装修建材,3.484361,-3.4956613
1586,2025-01-27,SH.KC_300682,朗新集团,软件开发,3.483598,-2.3363538
1587,2025-01-27,SH.ZB_603936,博敏电子,电子元件,3.4834743,-2.2674067
1588,2025-01-27,SH.ZB_603813,原尚股份,物流行业,3.4822762,-0.82428473
1589,2025-01-27,SH.ZB_601106,中国一重,专用设备,3.4810052,-2.2582457
1590,2025-01-27,SH.KC_300022,吉峰科技,工程机械,3.4789622,-2.5723934
1591,2025-01-27,SH.KC_300796,贝斯美,农药兽药,3.4766986,-3.0242524
1592,2025-01-27,SH.ZB_601608,中信重工,专用设备,3.4754217,-2.488943
1593,2025-01-27,SH.KC_688509,正元地信,互联网服务,3.473732,-3.0520287
1594,2025-01-27,SH.KC_300538,同益股份,塑料制品,3.4727857,-2.4467895
1595,2025-01-27,SH.KC_300986,志特新材,装修装饰,3.4727738,-3.8107526
1596,2025-01-27,SZ.ZB_001287,中电港,贸易行业,3.4720242,-2.8036435
1597,2025-01-27,SH.KC_688126,沪硅产业,半导体,3.4705133,-2.106376
1598,2025-01-27,SH.KC_688084,晶品特装,专用设备,3.4691467,-2.5208185
1599,2025-01-27,SH.ZB_600571,信雅达,互联网服务,3.4672096,-2.9541984
1600,2025-01-27,SZ.ZB_002613,北玻股份,玻璃玻纤,3.4657419,-3.0720642
1601,2025-01-27,SZ.ZB_002672,东江环保,环保行业,3.4648032,-2.6029072
1602,2025-01-27,SH.KC_300511,雪榕生物,农牧饲渔,3.4640267,-2.653875
1603,2025-01-27,SH.ZB_603020,爱普股份,食品饮料,3.462778,-2.6934943
1604,2025-01-27,SH.KC_300477,合纵科技,电网设备,3.4608483,-1.6316855
1605,2025-01-27,SH.ZB_603703,盛洋科技,光学光电子,3.4591124,-3.6478956
1606,2025-01-27,SH.KC_688375,国博电子,电子元件,3.458719,-2.8814535
1607,2025-01-27,SH.KC_688328,深科达,专用设备,3.458619,-2.4619255
1608,2025-01-27,SH.KC_300614,百川畅银,环保行业,3.450726,-2.4816082
1609,2025-01-27,SH.KC_688536,思瑞浦,半导体,3.4502254,-3.051567
1610,2025-01-27,SH.KC_688768,容知日新,仪器仪表,3.4495592,-3.8964958
1611,2025-01-27,SH.KC_300895,铜牛信息,互联网服务,3.4495502,-3.0644507
1612,2025-01-27,SH.ZB_600215,派斯林,通用设备,3.4494252,-3.6553032
1613,2025-01-27,SH.ZB_605006,山东玻纤,玻璃玻纤,3.448756,-2.5754173
1614,2025-01-27,SZ.ZB_002129,TCL中环,光伏设备,3.4474149,-2.4415445
1615,2025-01-27,SH.KC_300736,百邦科技,通信服务,3.4471333,-2.6293416
1616,2025-01-27,SH.KC_688202,美迪西,医疗服务,3.4458146,-2.6942368
1617,2025-01-27,SZ.ZB_002543,万和电气,家电行业,3.4456282,-2.9158344
1618,2025-01-27,SZ.ZB_000953,河化股份,化学制药,3.4453437,-2.930963
1619,2025-01-27,SZ.ZB_001380,华纬科技,通用设备,3.4449697,-3.2367136
1620,2025-01-27,SH.KC_300649,杭州园林,工程咨询服务,3.4445615,-2.6891115
1621,2025-01-27,SH.KC_688435,英方软件,软件开发,3.4434094,-3.257268
1622,2025-01-27,SH.ZB_600588,用友网络,软件开发,3.4427867,-2.8580568
1623,2025-01-27,SH.ZB_603032,德新科技,电池,3.4427629,-2.3913271
1624,2025-01-27,SZ.ZB_001283,豪鹏科技,电池,3.4426703,-3.7247207
1625,2025-01-27,SZ.ZB_002952,亚世光电,光学光电子,3.4423604,-2.1041758
1626,2025-01-27,SZ.ZB_000677,恒天海龙,化纤行业,3.4411283,-2.5891416
1627,2025-01-27,SH.ZB_600319,亚星化学,化学原料,3.440182,-2.7471204
1628,2025-01-27,SH.KC_301369,联动科技,半导体,3.4398272,-2.5854967
1629,2025-01-27,SZ.ZB_002903,宇环数控,通用设备,3.4396544,-2.7198417
1630,2025-01-27,SZ.ZB_000638,万方发展,农牧饲渔,3.4389257,-3.1928215
1631,2025-01-27,SZ.ZB_002402,和而泰,消费电子,3.4380941,-2.7985833
1632,2025-01-27,SH.ZB_603111,康尼机电,交运设备,3.4371285,-3.9362006
1633,2025-01-27,SZ.ZB_002395,双象股份,塑料制品,3.4350529,-3.0065856
1634,2025-01-27,SH.ZB_605358,立昂微,半导体,3.433819,-2.4138744
1635,2025-01-27,SH.KC_301236,软通动力,软件开发,3.43336,-3.3510063
1636,2025-01-27,SZ.ZB_002501,利源股份,有色金属,3.4325705,-2.5027425
1637,2025-01-27,SH.KC_301587,中瑞股份,电池,3.4321382,-2.4501655
1638,2025-01-27,SH.ZB_605068,明新旭腾,汽车零部件,3.4320936,-3.159156
1639,2025-01-27,SH.KC_688206,概伦电子,软件开发,3.4313335,-3.2280092
1640,2025-01-27,SH.KC_301298,东利机械,汽车零部件,3.4305468,-3.1686072
1641,2025-01-27,SZ.ZB_002666,德联集团,化学制品,3.4281566,-3.6372776
1642,2025-01-27,SH.ZB_600841,动力新科,汽车整车,3.4277587,-2.0436056
1643,2025-01-27,SH.KC_301213,观想科技,软件开发,3.4273074,-4.1689916
1644,2025-01-27,SH.KC_301296,新巨丰,包装材料,3.4247577,-3.3769898
1645,2025-01-27,SZ.ZB_002016,世荣兆业,房地产开发,3.424497,-2.415803
1646,2025-01-27,SH.ZB_601059,信达证券,证券,3.422706,-2.5094616
1647,2025-01-27,SH.KC_301116,益客食品,食品饮料,3.4190848,-2.4480798
1648,2025-01-27,SZ.ZB_002825,纳尔股份,塑料制品,3.417106,-3.6008377
1649,2025-01-27,SZ.ZB_002981,朝阳科技,消费电子,3.413503,-2.9648292
1650,2025-01-27,SH.KC_688012,中微公司,半导体,3.4123018,-2.5352569
1651,2025-01-27,SZ.ZB_002171,楚江新材,有色金属,3.408806,-2.8241255
1652,2025-01-27,SH.KC_300475,香农芯创,电子元件,3.4085855,-2.7046375
1653,2025-01-27,SZ.ZB_002571,德力股份,家用轻工,3.4082413,-2.696052
1654,2025-01-27,SH.ZB_603679,华体科技,光学光电子,3.405498,-2.579213
1655,2025-01-27,SH.ZB_600600,青岛啤酒,酿酒行业,3.4050524,-2.2895555
1656,2025-01-27,SH.KC_300938,信测标准,专业服务,3.4047365,-4.643196
1657,2025-01-27,SH.KC_300737,科顺股份,装修建材,3.4046247,-2.5952365
1658,2025-01-27,SH.KC_301117,佳缘科技,软件开发,3.404589,-4.137997
1659,2025-01-27,SH.ZB_600171,上海贝岭,半导体,3.4041495,-2.930879
1660,2025-01-27,SH.KC_301102,兆讯传媒,文化传媒,3.4040198,-3.3301911
1661,2025-01-27,SH.ZB_600095,湘财股份,证券,3.401941,-2.351832
1662,2025-01-27,SH.KC_300942,易瑞生物,化学制药,3.401737,-2.6721637
1663,2025-01-27,SH.ZB_603626,科森科技,消费电子,3.4001515,-2.5997686
1664,2025-01-27,SZ.ZB_000572,海马汽车,汽车整车,3.3985033,-2.3831797
1665,2025-01-27,SH.KC_300842,帝科股份,光伏设备,3.397031,-2.9155917
1666,2025-01-27,SH.KC_300638,广和通,通信设备,3.396854,-7.544005
1667,2025-01-27,SH.ZB_600621,华鑫股份,证券,3.3947468,-2.831707
1668,2025-01-27,SH.KC_300417,南华仪器,仪器仪表,3.39427,-2.2305503
1669,2025-01-27,SH.ZB_600152,维科技术,电池,3.393486,-2.361666
1670,2025-01-27,SH.KC_688448,磁谷科技,通用设备,3.3926158,-2.893252
1671,2025-01-27,SH.ZB_600292,远达环保,环保行业,3.3902617,-2.8163004
1672,2025-01-27,SH.KC_300617,安靠智电,电网设备,3.390187,-3.3000793
1673,2025-01-27,SH.KC_688181,八亿时空,光学光电子,3.389524,-3.1741235
1674,2025-01-27,SH.KC_300690,双一科技,风电设备,3.384751,-2.788265
1675,2025-01-27,SH.KC_300626,华瑞股份,电机,3.3846989,-2.5729802
1676,2025-01-27,SZ.ZB_002214,大立科技,电子元件,3.383757,-2.2478223
1677,2025-01-27,SZ.ZB_002434,万里扬,汽车零部件,3.38182,-3.1534922
1678,2025-01-27,SH.KC_688158,优刻得-W,互联网服务,3.381078,-3.5243466
1679,2025-01-27,SH.KC_301603,乔锋智能,通用设备,3.380844,-3.0729885
1680,2025-01-16,SH.KC_688293,奥浦迈,专业服务,3.380762,-3.4321852
1681,2025-01-27,SZ.ZB_000727,冠捷科技,光学光电子,3.3804445,-2.3881013
1682,2025-01-27,SH.ZB_600716,凤凰股份,房地产开发,3.3803477,-2.3029935
1683,2025-01-27,SZ.ZB_002227,奥 特 迅,电源设备,3.3755078,-2.0497854
1684,2025-01-27,SH.KC_300168,万达信息,互联网服务,3.3744187,-2.8305042
1685,2025-01-27,SH.KC_300947,德必集团,专业服务,3.374371,-3.8176856
1686,2025-01-27,SH.KC_300324,旋极信息,互联网服务,3.370519,-2.5586271
1687,2025-01-27,SH.ZB_600169,太原重工,专用设备,3.3696308,-2.463616
1688,2025-01-27,SH.ZB_603206,嘉环科技,通信服务,3.3693657,-2.841955
1689,2025-01-27,SH.KC_300582,英飞特,光学光电子,3.3691838,-3.3420134
1690,2025-01-27,SZ.ZB_001311,多利科技,汽车零部件,3.367956,-2.6351173
1691,2025-01-27,SZ.ZB_000965,天保基建,房地产开发,3.366825,-2.6483233
1692,2025-01-27,SZ.ZB_002386,天原股份,化学原料,3.3664732,-2.4072566
1693,2025-01-27,SH.ZB_601136,首创证券,证券,3.3657193,-2.8382847
1694,2025-01-27,SH.ZB_603917,合力科技,汽车零部件,3.365667,-2.5649621
1695,2025-01-27,SH.KC_300531,优博讯,计算机设备,3.3651605,-2.9101968
1696,2025-01-27,SH.ZB_600498,烽火通信,通信设备,3.3651485,-2.9556985
1697,2025-01-27,SZ.ZB_000078,海王生物,医药商业,3.364937,-1.9479055
1698,2025-01-27,SH.KC_688387,信科移动-U,通信设备,3.3626199,-2.411543
1699,2025-01-27,SH.KC_300879,大叶股份,专用设备,3.3612638,-3.5180144
1700,2025-01-27,SH.KC_301078,孩子王,商业百货,3.361015,-3.9818716
1701,2025-01-27,SH.KC_301567,贝隆精密,消费电子,3.360918,-2.3418434
1702,2025-01-27,SH.KC_688096,京源环保,环保行业,3.359659,-3.1555111
1703,2025-01-27,SZ.ZB_000958,电投产融,电力行业,3.3591762,-2.6160557
1704,2025-01-27,SH.ZB_603685,晨丰科技,光学光电子,3.3584862,-3.3331041
1705,2025-01-27,SH.ZB_600617,国新能源,燃气,3.3583746,-2.1223316
1706,2025-01-27,SZ.ZB_001231,农心科技,农药兽药,3.357239,-2.9178183
1707,2025-01-27,SH.KC_688292,浩瀚深度,互联网服务,3.3566878,-3.7425869
1708,2025-01-27,SH.ZB_601519,大智慧,软件开发,3.3562706,-2.3057363
1709,2025-01-27,SH.KC_300240,飞力达,物流行业,3.3545837,-2.6818178
1710,2025-01-27,SH.KC_300564,筑博设计,工程咨询服务,3.354539,-3.100512
1711,2025-01-27,SZ.ZB_002169,智光电气,电网设备,3.3528223,-2.4673688
1712,2025-01-27,SZ.ZB_001266,宏英智能,仪器仪表,3.3524976,-2.9254713
1713,2025-01-27,SH.ZB_600611,大众交通,铁路公路,3.3513813,-2.3596363
1714,2025-01-27,SH.KC_300701,森霸传感,光学光电子,3.3476875,-3.596843
1715,2025-01-27,SH.KC_301002,崧盛股份,电网设备,3.3457503,-3.0765586
1716,2025-01-27,SH.ZB_603176,汇通集团,工程建设,3.3450544,-3.4728408
1717,2025-01-27,SH.KC_300086,康芝药业,化学制药,3.3447146,-2.0761604
1718,2025-01-27,SH.KC_688503,聚和材料,光伏设备,3.3434033,-2.978869
1719,2025-01-27,SZ.ZB_002138,顺络电子,电子元件,3.3414915,-2.646728
1720,2025-01-27,SH.KC_300539,横河精密,塑料制品,3.3398776,-3.4116893
1721,2025-01-27,SH.ZB_603123,翠微股份,多元金融,3.3361182,-2.3004727
1722,2025-01-27,SH.KC_300119,瑞普生物,农药兽药,3.3357859,-2.7151413
1723,2025-01-27,SZ.ZB_002743,富煌钢构,水泥建材,3.333509,-3.2845068
1724,2025-01-27,SH.KC_688380,中微半导,半导体,3.3312783,-3.1499758
1725,2025-01-27,SH.ZB_603885,吉祥航空,航空机场,3.330758,-3.056261
1726,2025-01-27,SH.KC_300346,南大光电,电子化学品,3.3294706,-2.6662848
1727,2025-01-27,SH.ZB_605567,春雪食品,食品饮料,3.3293037,-2.7728457
1728,2025-01-27,SZ.ZB_002150,通润装备,通用设备,3.3254504,-3.8172932
1729,2025-01-27,SZ.ZB_002587,奥拓电子,光学光电子,3.324084,-2.5386243
1730,2025-01-27,SH.KC_688055,龙腾光电,光学光电子,3.3232033,-2.4112632
1731,2025-01-27,SZ.ZB_000735,罗 牛 山,农牧饲渔,3.3215926,-2.4794958
1732,2025-01-27,SH.ZB_603335,迪生力,汽车零部件,3.321226,-2.1474013
1733,2025-01-27,SH.ZB_600604,市北高新,房地产服务,3.3188715,-2.8069007
1734,2025-01-27,SZ.ZB_000547,航天发展,通信设备,3.3185124,-2.3393643
1735,2025-01-27,SZ.ZB_000576,甘化科工,电源设备,3.3115938,-2.755353
1736,2025-01-27,SZ.ZB_002176,江特电机,电机,3.311436,-1.954331
1737,2025-01-27,SH.KC_688290,景业智能,专用设备,3.3112793,-4.9166903
1738,2025-01-27,SZ.ZB_002786,银宝山新,专用设备,3.3098624,-1.9123565
1739,2025-01-27,SZ.ZB_002413,雷科防务,通信设备,3.3097327,-2.1612506
1740,2025-01-27,SH.ZB_600745,闻泰科技,消费电子,3.3089445,-3.1311665
1741,2025-01-27,SH.KC_300099,尤洛卡,专用设备,3.3078969,-2.8547537
1742,2025-01-27,SZ.ZB_002130,沃尔核材,非金属材料,3.3060834,-4.302074
1743,2025-01-27,SH.KC_300421,力星股份,通用设备,3.3060775,-3.2326627
1744,2025-01-27,SZ.ZB_002877,智能自控,仪器仪表,3.3055663,-2.7195942
1745,2025-01-27,SH.ZB_600322,津投城开,房地产开发,3.3050923,-2.1561568
1746,2025-01-27,SH.KC_301055,张小泉,通用设备,3.304459,-2.9370909
1747,2025-01-27,SH.ZB_601233,桐昆股份,化纤行业,3.3029704,-2.602977
1748,2025-01-27,SZ.ZB_000633,合金投资,有色金属,3.3006668,-2.8192885
1749,2025-01-27,SH.KC_688443,智翔金泰-U,生物制品,3.3006444,-3.0572693
1750,2025-01-27,SH.KC_300175,朗源股份,农牧饲渔,3.300494,-2.3493962
1751,2025-01-27,SZ.ZB_002767,先锋电子,仪器仪表,3.29957,-2.3814018
1752,2025-01-27,SZ.ZB_002183,怡 亚 通,贸易行业,3.2982886,-2.3214035
1753,2025-01-27,SZ.ZB_000676,智度股份,互联网服务,3.2981231,-3.095491
1754,2025-01-27,SZ.ZB_002170,芭田股份,化肥行业,3.2979681,-2.5566082
1755,2025-01-27,SZ.ZB_002898,赛隆药业,化学制药,3.295909,-3.349578
1756,2025-01-27,SH.ZB_600006,东风股份,汽车整车,3.2927706,-2.819198
1757,2025-01-27,SH.KC_300562,乐心医疗,医疗器械,3.2910018,-2.959893
1758,2025-01-27,SH.KC_688050,爱博医疗,医疗器械,3.2908752,-3.4340937
1759,2025-01-27,SH.KC_300184,力源信息,贸易行业,3.288226,-2.5279927
1760,2025-01-27,SZ.ZB_002568,百润股份,酿酒行业,3.2854767,-3.2482107
1761,2025-01-27,SH.KC_301607,富特科技,汽车零部件,3.2850072,-2.3140047
1762,2025-01-27,SZ.ZB_000892,欢瑞世纪,文化传媒,3.2848477,-2.6174822
1763,2025-01-27,SZ.ZB_002622,皓宸医疗,医疗服务,3.2838435,-2.557975
1764,2025-01-27,SZ.ZB_002247,聚力文化,装修装饰,3.2829747,-2.9458647
1765,2025-01-27,SZ.ZB_002515,金字火腿,食品饮料,3.2824664,-2.5410388
1766,2025-01-27,SH.ZB_603738,泰晶科技,电子元件,3.2806368,-2.7559142
1767,2025-01-27,SH.ZB_603506,南都物业,房地产服务,3.279929,-3.4024608
1768,2025-01-27,SH.KC_300784,利安科技,塑料制品,3.2796888,-2.5991013
1769,2025-01-27,SH.KC_688021,奥福环保,环保行业,3.2785192,-2.9692712
1770,2025-01-27,SH.ZB_603158,腾龙股份,汽车零部件,3.2777503,-3.036768
1771,2025-01-27,SH.KC_300148,天舟文化,游戏,3.2776892,-3.301653
1772,2025-01-27,SH.KC_300450,先导智能,电池,3.2770216,-2.7821364
1773,2025-01-27,SZ.ZB_002793,罗欣药业,化学制药,3.276117,-2.3213315
1774,2025-01-27,SH.KC_688597,煜邦电力,电网设备,3.2757833,-3.2740767
1775,2025-01-27,SH.KC_688259,创耀科技,半导体,3.2751827,-3.0915399
1776,2025-01-27,SH.KC_301009,可靠股份,美容护理,3.2695904,-3.0689244
1777,2025-01-27,SH.KC_300500,启迪设计,工程咨询服务,3.2681644,-2.5719612
1778,2025-01-27,SH.KC_300731,科创新源,橡胶制品,3.2660663,-3.8739402
1779,2025-01-27,SZ.ZB_002755,奥赛康,化学制药,3.265524,-3.9336107
1780,2025-01-27,SH.KC_688500,慧辰股份,互联网服务,3.2635226,-2.461926
1781,2025-01-27,SZ.ZB_000837,秦川机床,通用设备,3.2605097,-4.0710745
1782,2025-01-27,SH.ZB_601777,力帆科技,汽车整车,3.2602146,-2.7060094
1783,2025-01-27,SZ.ZB_002868,绿康生化,农药兽药,3.258641,-2.8105576
1784,2025-01-27,SH.ZB_600460,士兰微,半导体,3.2585754,-2.8647997
1785,2025-01-27,SH.ZB_600615,丰华股份,小金属,3.257288,-2.8337803
1786,2025-01-27,SH.ZB_600743,华远地产,房地产开发,3.2571747,-2.588891
1787,2025-01-27,SH.ZB_605588,冠石科技,半导体,3.2564223,-2.8167253
1788,2025-01-27,SH.KC_300212,易华录,互联网服务,3.255482,-2.5757287
1789,2025-01-27,SH.KC_300288,朗玛信息,互联网服务,3.2547295,-2.66869
1790,2025-01-27,SH.KC_300434,金石亚药,化学制药,3.253819,-2.8406258
1791,2025-01-27,SZ.ZB_002351,漫步者,消费电子,3.2530143,-3.2441816
1792,2025-01-27,SH.ZB_600184,光电股份,专用设备,3.2528014,-3.4109461
1793,2025-01-27,SH.ZB_603036,如通股份,专用设备,3.2520235,-3.3720498
1794,2025-01-27,SZ.ZB_000428,华天酒店,旅游酒店,3.2518103,-2.0879421
1795,2025-01-27,SH.ZB_603159,上海亚虹,专用设备,3.2497973,-2.7803059
1796,2025-01-27,SH.KC_300311,任子行,软件开发,3.245379,-2.8513055
1797,2025-01-27,SZ.ZB_000420,吉林化纤,化纤行业,3.244379,-2.6828387
1798,2025-01-27,SH.KC_300838,浙江力诺,仪器仪表,3.2440856,-2.758408
1799,2025-01-27,SH.ZB_605318,法狮龙,装修装饰,3.2438815,-3.0576637
1800,2025-01-27,SH.ZB_600400,红豆股份,纺织服装,3.2430515,-2.2454545
1801,2025-01-27,SH.KC_300623,捷捷微电,半导体,3.2411292,-2.8787246
1802,2025-01-27,SZ.ZB_002623,亚玛顿,光伏设备,3.240721,-2.7351112
1803,2025-01-27,SZ.ZB_002140,东华科技,工程建设,3.2381625,-2.6512082
1804,2025-01-27,SZ.ZB_002510,天汽模,汽车零部件,3.2376812,-2.4810061
1805,2025-01-27,SH.KC_688105,诺唯赞,医疗器械,3.236258,-2.5688934
1806,2025-01-27,SH.KC_300981,中红医疗,医疗器械,3.235735,-2.1586542
1807,2025-01-27,SH.KC_688418,震有科技,通信设备,3.235437,-2.946487
1808,2025-01-27,SH.ZB_600665,天地源,房地产开发,3.2353892,-1.9581258
1809,2025-01-27,SZ.ZB_000973,佛塑科技,塑料制品,3.2341704,-2.3091662
1810,2025-01-27,SZ.ZB_002133,广宇集团,房地产开发,3.2339425,-2.2710285
1811,2025-01-27,SH.KC_300541,先进数通,互联网服务,3.231707,-3.1874738
1812,2025-01-27,SH.KC_688201,信安世纪,软件开发,3.2310174,-2.7357209
1813,2025-01-27,SH.KC_300612,宣亚国际,文化传媒,3.2304034,-3.1094835
1814,2025-01-27,SH.KC_688710,益诺思,生物制品,3.2291546,-2.6198463
1815,2025-01-27,SH.KC_688589,力合微,半导体,3.2284126,-2.2812934
1816,2025-01-27,SH.KC_301017,漱玉平民,医药商业,3.227529,-2.6711538
1817,2025-01-27,SZ.ZB_002929,润建股份,通信服务,3.2273948,-4.042245
1818,2025-01-27,SH.KC_300787,海能实业,消费电子,3.225845,-2.4003756
1819,2025-01-27,SH.KC_300567,精测电子,仪器仪表,3.224653,-2.2988868
1820,2025-01-27,SH.ZB_600390,五矿资本,多元金融,3.2232225,-2.9621253
1821,2025-01-27,SH.ZB_600837,海通证券,证券,3.2218366,-2.4982789
1822,2025-01-27,SH.KC_300747,锐科激光,电子元件,3.2209873,-2.3341773
1823,2025-01-27,SZ.ZB_002659,凯文教育,教育,3.2203288,-3.1223726
1824,2025-01-27,SH.KC_301280,珠城科技,电子元件,3.2201796,-2.951265
1825,2025-01-27,SH.KC_300912,凯龙高科,汽车零部件,3.2189534,-2.5238187
1826,2025-01-27,SH.KC_688556,高测股份,光伏设备,3.2181442,-1.9978126
1827,2025-01-27,SH.KC_301313,凡拓数创,软件开发,3.2180905,-2.5246394
1828,2025-01-27,SZ.ZB_002314,南山控股,房地产开发,3.2179966,-2.5918286
1829,2025-01-27,SZ.ZB_002782,可立克,消费电子,3.217931,-3.2462142
1830,2025-01-27,SZ.ZB_000610,西安旅游,旅游酒店,3.217031,-2.2383635
1831,2025-01-27,SZ.ZB_002785,万里石,装修建材,3.215687,-2.6584322
1832,2025-01-27,SH.KC_301372,科净源,环保行业,3.2152042,-2.51667
1833,2025-01-27,SH.KC_688192,迪哲医药-U,化学制药,3.2146082,-2.9911387
1834,2025-01-27,SH.ZB_600353,旭光电子,电子元件,3.213975,-2.2711911
1835,2025-01-27,SH.ZB_600162,香江控股,房地产开发,3.2123253,-2.6186144
1836,2025-01-27,SZ.ZB_002879,长缆科技,电网设备,3.2108858,-3.21723
1837,2025-01-27,SH.ZB_600250,南京商旅,贸易行业,3.2098696,-2.5283911
1838,2025-01-27,SH.KC_300661,圣邦股份,半导体,3.2068894,-3.9337404
1839,2025-01-27,SZ.ZB_000880,潍柴重机,通用设备,3.206399,-5.651887
1840,2025-01-27,SH.KC_688788,科思科技,通信设备,3.2053604,-3.103221
1841,2025-01-27,SZ.ZB_000863,三湘印象,房地产开发,3.2049685,-2.9715765
1842,2025-01-27,SZ.ZB_002114,罗平锌电,有色金属,3.2032952,-2.5029383
1843,2025-01-27,SH.KC_688596,正帆科技,专用设备,3.202045,-2.872333
1844,2025-01-27,SZ.ZB_002338,奥普光电,仪器仪表,3.2016635,-2.4401073
1845,2025-01-27,SZ.ZB_002698,博实股份,专用设备,3.2014205,-3.2398555
1846,2025-01-27,SH.KC_300275,梅安森,仪器仪表,3.199701,-2.8138974
1847,2025-01-27,SZ.ZB_002737,葵花药业,中药,3.1994357,-1.9489695
1848,2025-01-27,SH.KC_300433,蓝思科技,消费电子,3.199096,-4.046447
1849,2025-01-27,SZ.ZB_000831,中国稀土,小金属,3.1972632,-2.2540529
1850,2025-01-27,SH.ZB_603322,超讯通信,通信服务,3.1952097,-2.623938
1851,2025-01-27,SH.KC_300778,新城市,工程咨询服务,3.1946807,-2.6589031
1852,2025-01-27,SH.KC_300890,翔丰华,电池,3.194277,-2.4147046
1853,2025-01-27,SZ.ZB_002956,西麦食品,食品饮料,3.1940997,-3.107561
1854,2025-01-27,SH.KC_688098,申联生物,农药兽药,3.1907485,-2.8513274
1855,2025-01-27,SZ.ZB_002075,沙钢股份,钢铁行业,3.1873703,-2.1732666
1856,2025-01-27,SH.ZB_603005,晶方科技,半导体,3.186798,-2.8944998
1857,2025-01-27,SZ.ZB_000501,武商集团,商业百货,3.1865387,-2.0530229
1858,2025-01-27,SH.KC_688152,麒麟信安,软件开发,3.184524,-3.3201723
1859,2025-01-27,SH.ZB_600408,安泰集团,煤炭行业,3.1844928,-2.6887891
1860,2025-01-27,SH.KC_688251,井松智能,通用设备,3.184171,-3.4804747
1861,2025-01-27,SH.KC_301337,亚华电子,软件开发,3.1817927,-2.9399834
1862,2025-01-27,SH.ZB_603826,坤彩科技,非金属材料,3.1781287,-2.7181792
1863,2025-01-27,SH.ZB_600827,百联股份,商业百货,3.1778426,-2.2959433
1864,2025-01-27,SH.ZB_605555,德昌股份,家电行业,3.1759634,-3.9143708
1865,2025-01-27,SH.ZB_600376,首开股份,房地产开发,3.1736135,-2.4686694
1866,2025-01-27,SH.KC_300668,杰恩设计,工程咨询服务,3.171739,-2.9942338
1867,2025-01-27,SH.ZB_600592,龙溪股份,通用设备,3.1716466,-3.238009
1868,2025-01-27,SH.KC_300052,中青宝,游戏,3.169392,-2.7819762
1869,2025-01-27,SH.ZB_603906,龙蟠科技,电池,3.1687186,-2.7663722
1870,2025-01-27,SH.ZB_603359,东珠生态,环保行业,3.1685889,-2.7223253
1871,2025-01-27,SH.KC_300443,金雷股份,风电设备,3.167045,-2.6045942
1872,2025-01-27,SZ.ZB_000410,沈阳机床,通用设备,3.164749,-2.2531748
1873,2025-01-27,SZ.ZB_000017,深中华A,珠宝首饰,3.1636329,-2.1604936
1874,2025-01-27,SZ.ZB_002617,露笑科技,光伏设备,3.1634285,-4.038948
1875,2025-01-27,SH.ZB_603029,天鹅股份,专用设备,3.1617463,-3.2648761
1876,2025-01-27,SH.ZB_600773,西藏城投,房地产开发,3.158805,-2.6489542
1877,2025-01-27,SH.KC_300675,建科院,工程咨询服务,3.157556,-2.7926996
1878,2025-01-27,SH.ZB_600796,钱江生化,环保行业,3.1562612,-2.322386
1879,2025-01-27,SH.ZB_600343,航天动力,专用设备,3.1560004,-2.3083444
1880,2025-01-27,SH.KC_688352,颀中科技,半导体,3.1548233,-2.4907272
1881,2025-01-27,SH.ZB_600794,保税科技,物流行业,3.1546519,-2.2357063
1882,2025-01-27,SH.KC_300516,久之洋,电子元件,3.1545029,-2.2320318
1883,2025-01-27,SZ.ZB_002661,克明食品,食品饮料,3.1542673,-2.815313
1884,2025-01-27,SZ.ZB_001331,胜通能源,物流行业,3.1524153,-2.6581635
1885,2025-01-27,SH.KC_301161,唯万密封,塑料制品,3.1522706,-2.5111053
1886,2025-01-27,SZ.ZB_001379,腾达科技,通用设备,3.1522214,-3.0318706
1887,2025-01-27,SH.ZB_600560,金自天正,专用设备,3.1501145,-3.2938719
1888,2025-01-27,SH.KC_300257,开山股份,通用设备,3.1482577,-2.8853304
1889,2025-01-27,SH.ZB_600979,广安爱众,电力行业,3.1474411,-2.7438316
1890,2025-01-27,SH.KC_300699,光威复材,化学制品,3.1465516,-2.3977208
1891,2025-01-27,SH.KC_688312,燕麦科技,专用设备,3.146544,-2.6420906
1892,2025-01-27,SH.KC_301000,肇民科技,塑料制品,3.145486,-4.663349
1893,2025-01-27,SZ.ZB_002248,华东数控,通用设备,3.1451793,-2.6310277
1894,2025-01-27,SZ.ZB_002953,日丰股份,电网设备,3.144902,-3.2487233
1895,2025-01-27,SH.ZB_603882,金域医学,医疗服务,3.1448812,-2.157595
1896,2025-01-27,SH.KC_300515,三德科技,仪器仪表,3.1447575,-3.9012008
1897,2025-01-27,SH.KC_688686,奥普特,仪器仪表,3.1445951,-4.166836
1898,2025-01-27,SH.KC_688679,通源环境,环保行业,3.1441197,-3.2924705
1899,2025-01-27,SZ.ZB_003006,百亚股份,美容护理,3.1378403,-2.8464744
1900,2025-01-27,SH.KC_688198,佰仁医疗,医疗器械,3.137782,-2.1853936
1901,2025-01-27,SH.ZB_600186,莲花控股,食品饮料,3.1377375,-4.471807
1902,2025-01-27,SZ.ZB_002398,垒知集团,装修建材,3.1376615,-2.7557714
1903,2025-01-27,SH.ZB_603297,永新光学,光学光电子,3.1365037,-3.1948004
1904,2025-01-27,SZ.ZB_001225,和泰机电,通用设备,3.1351612,-2.8532987
1905,2025-01-27,SH.ZB_603387,基蛋生物,医疗器械,3.1349003,-2.6123238
1906,2025-01-27,SZ.ZB_002580,圣阳股份,电池,3.1337142,-3.891924
1907,2025-01-27,SH.KC_300182,捷成股份,文化传媒,3.1323924,-3.4044101
1908,2025-01-27,SH.ZB_600735,新华锦,纺织服装,3.1322896,-2.579951
1909,2025-01-27,SH.ZB_600025,华能水电,电力行业,3.132011,-2.679083
1910,2025-01-27,SH.KC_688169,石头科技,家电行业,3.1252756,-2.9092205
1911,2025-01-27,SH.ZB_603986,兆易创新,半导体,3.123188,-3.9084446
1912,2025-01-27,SH.ZB_603758,秦安股份,汽车零部件,3.12247,-3.5892022
1913,2025-01-27,SH.KC_301229,纽泰格,汽车零部件,3.122033,-2.7471879
1914,2025-01-27,SZ.ZB_002231,奥维通信,通信服务,3.1207397,-2.9427044
1915,2025-01-27,SZ.ZB_002993,奥海科技,消费电子,3.1207025,-2.9554255
1916,2025-01-27,SZ.ZB_002292,奥飞娱乐,文化传媒,3.119907,-4.318296
1917,2025-01-27,SH.KC_301281,科源制药,化学制药,3.1194866,-2.4406757
1918,2025-01-27,SZ.ZB_001319,铭科精技,汽车零部件,3.1189113,-3.3216753
1919,2025-01-27,SH.KC_300885,海昌新材,通用设备,3.1185672,-2.9282095
1920,2025-01-27,SZ.ZB_002910,庄园牧场,食品饮料,3.1176522,-2.9732628
1921,2025-01-27,SH.ZB_600736,苏州高新,房地产开发,3.1161711,-2.386065
1922,2025-01-27,SH.KC_688626,翔宇医疗,医疗器械,3.1159058,-2.815927
1923,2025-01-27,SZ.ZB_002579,中京电子,电子元件,3.115876,-2.5177028
1924,2025-01-27,SH.KC_300772,运达股份,风电设备,3.1156003,-2.818474
1925,2025-01-27,SH.ZB_600367,红星发展,化学原料,3.115532,-3.1802156
1926,2025-01-27,SZ.ZB_000955,欣龙控股,纺织服装,3.1151667,-2.099701
1927,2025-01-27,SH.ZB_603768,常青股份,汽车零部件,3.1138375,-3.01386
1928,2025-01-27,SH.ZB_600416,湘电股份,电机,3.1136022,-2.2446485
1929,2025-01-27,SH.KC_688170,德龙激光,专用设备,3.1130612,-2.6365275
1930,2025-01-27,SH.KC_301027,华蓝集团,工程咨询服务,3.112802,-4.0513353
1931,2025-01-27,SZ.ZB_002637,赞宇科技,化学制品,3.112617,-2.398363
1932,2025-01-27,SH.KC_300492,华图山鼎,工程咨询服务,3.1110406,-2.7502036
1933,2025-01-27,SH.KC_688005,容百科技,电池,3.1103253,-2.8431726
1934,2025-01-27,SZ.ZB_000777,中核科技,通用设备,3.1098292,-2.2862144
1935,2025-01-27,SH.ZB_600501,航天晨光,专用设备,3.1064181,-3.1640754
1936,2025-01-27,SH.KC_688150,莱特光电,光学光电子,3.105302,-2.9618366
1937,2025-01-27,SH.KC_301171,易点天下,互联网服务,3.1032026,-4.775096
1938,2025-01-27,SH.ZB_603833,欧派家居,装修建材,3.1023457,-2.7582676
1939,2025-01-27,SH.ZB_600337,美克家居,装修建材,3.1018422,-2.2746375
1940,2025-01-27,SH.KC_688052,纳芯微,半导体,3.101784,-3.442369
1941,2025-01-27,SH.KC_301413,安培龙,电子元件,3.1007142,-4.4455576
1942,2025-01-27,SZ.ZB_002282,博深股份,通用设备,3.1003997,-3.6647372
1943,2025-01-27,SH.ZB_605016,百龙创园,食品饮料,3.0994713,-3.293775
1944,2025-01-27,SH.KC_300011,鼎汉技术,交运设备,3.0989885,-2.8687472
1945,2025-01-27,SH.ZB_603486,科沃斯,家电行业,3.0961587,-2.124577
1946,2025-01-27,SZ.ZB_000619,海螺新材,装修建材,3.0946865,-2.6905022
1947,2025-01-27,SH.ZB_601086,国芳集团,商业百货,3.094314,-2.0730083
1948,2025-01-27,SH.KC_300334,津膜科技,环保行业,3.0941308,-2.5781353
1949,2025-01-27,SH.ZB_600336,澳柯玛,家电行业,3.0938551,-1.990015
1950,2025-01-27,SH.ZB_605388,均瑶健康,食品饮料,3.0937061,-2.107769
1951,2025-01-27,SH.ZB_600327,大东方,医疗服务,3.0935392,-2.336032
1952,2025-01-27,SZ.ZB_000715,中兴商业,商业百货,3.0917704,-2.588625
1953,2025-01-27,SH.KC_301238,瑞泰新材,电池,3.090641,-2.519645
1954,2025-01-27,SH.KC_688488,艾迪药业,生物制品,3.090158,-2.355818
1955,2025-01-27,SH.KC_688283,坤恒顺维,专用设备,3.0896664,-3.3454173
1956,2025-01-27,SH.KC_300720,海川智能,仪器仪表,3.0894756,-2.961492
1957,2025-01-27,SH.KC_301565,中仑新材,塑料制品,3.0860157,-2.2901244
1958,2025-01-27,SH.KC_688004,博汇科技,互联网服务,3.0860052,-3.4834645
1959,2025-01-27,SH.KC_688082,盛美上海,半导体,3.0859113,-2.6920536
1960,2025-01-27,SZ.ZB_002836,新宏泽,造纸印刷,3.0846045,-2.7612658
1961,2025-01-27,SH.KC_688207,格灵深瞳,软件开发,3.0843616,-3.2578442
1962,2025-01-27,SZ.ZB_002581,未名医药,生物制品,3.083931,-2.3240762
1963,2025-01-27,SH.KC_301075,多瑞医药,化学制药,3.0833647,-2.8672955
1964,2025-01-27,SZ.ZB_002470,金正大,化肥行业,3.083229,-3.178791
1965,2025-01-27,SH.KC_300726,宏达电子,电子元件,3.0830443,-2.4506762
1966,2025-01-27,SH.KC_300308,中际旭创,通信设备,3.081113,-3.1540434
1967,2025-01-27,SH.KC_300803,指南针,软件开发,3.077866,-3.1675844
1968,2025-01-27,SZ.ZB_002192,融捷股份,能源金属,3.0766666,-2.5264642
1969,2025-01-27,SZ.ZB_000886,海南高速,房地产开发,3.075187,-2.4535728
1970,2025-01-27,SH.ZB_600628,新世界,商业百货,3.0746772,-2.3476198
1971,2025-01-27,SH.KC_300966,共同药业,化学制药,3.0731587,-2.690191
1972,2025-01-27,SH.ZB_603982,泉峰汽车,汽车零部件,3.07156,-2.4846516
1973,2025-01-27,SH.KC_301448,开创电气,通用设备,3.0704126,-2.836794
1974,2025-01-27,SH.KC_300703,创源股份,家用轻工,3.0702739,-4.1988354
1975,2025-01-27,SH.KC_300480,光力科技,专用设备,3.069669,-2.3202493
1976,2025-01-27,SH.KC_300712,永福股份,工程建设,3.0682564,-3.0059514
1977,2025-01-27,SH.KC_300937,药易购,医药商业,3.068237,-2.7024817
1978,2025-01-27,SH.KC_301070,开勒股份,专用设备,3.0681148,-3.6189876
1979,2025-01-27,SH.ZB_600960,渤海汽车,汽车零部件,3.0674055,-2.2450414
1980,2025-01-27,SH.KC_301192,泰祥股份,汽车零部件,3.0649676,-4.4988537
1981,2025-01-27,SH.ZB_600983,惠而浦,家电行业,3.06468,-2.6604495
1982,2025-01-27,SH.KC_300601,康泰生物,生物制品,3.0628517,-2.0286157
1983,2025-01-27,SZ.ZB_000981,山子高科,汽车零部件,3.0605345,-1.8799456
1984,2025-01-27,SH.KC_301418,协昌科技,专用设备,3.059572,-2.5342946
1985,2025-01-27,SH.KC_301333,诺思格,医疗服务,3.058289,-3.285135
1986,2025-01-27,SH.ZB_603341,龙旗科技,消费电子,3.0577838,-3.1995454
1987,2025-01-27,SH.KC_300409,道氏技术,非金属材料,3.0576155,-2.6414175
1988,2025-01-27,SZ.ZB_002688,金河生物,农药兽药,3.0567288,-3.0360718
1989,2025-01-27,SH.KC_301381,赛维时代,互联网服务,3.0565157,-3.2141514
1990,2025-01-27,SZ.ZB_002244,滨江集团,房地产开发,3.0564456,-2.9932885
1991,2025-01-27,SH.ZB_603678,火炬电子,电子元件,3.0559988,-2.023244
1992,2025-01-27,SZ.ZB_002180,纳思达,计算机设备,3.0545712,-2.5844088
1993,2025-01-27,SH.ZB_603617,君禾股份,通用设备,3.054419,-4.2066298
1994,2025-01-27,SZ.ZB_001308,康冠科技,消费电子,3.0526757,-2.8589878
1995,2025-01-27,SH.KC_301390,经纬股份,电网设备,3.0519128,-2.7087197
1996,2025-01-27,SH.ZB_600640,国脉文化,文化传媒,3.0516207,-2.963954
1997,2025-01-27,SZ.ZB_000534,万泽股份,生物制品,3.050892,-4.117962
1998,2025-01-27,SH.ZB_600392,盛和资源,小金属,3.0503154,-2.5383759
1999,2025-01-27,SH.KC_300082,奥克股份,化学原料,3.0487955,-2.558634
2000,2025-01-27,SH.KC_301172,君逸数码,软件开发,3.0481174,-3.3171191
2001,2025-01-27,SZ.ZB_002281,光迅科技,通信设备,3.0470326,-2.8472695
2002,2025-01-27,SH.KC_300971,博亚精工,通用设备,3.0462518,-2.683917
2003,2025-01-27,SH.KC_300149,睿智医药,医疗服务,3.04538,-2.6678786
2004,2025-01-27,SZ.ZB_002460,赣锋锂业,能源金属,3.0449405,-2.3760285
2005,2025-01-27,SZ.ZB_002537,海联金汇,汽车零部件,3.0446038,-2.5071428
2006,2025-01-27,SH.ZB_603529,爱玛科技,交运设备,3.044194,-3.439974
2007,2025-01-27,SH.ZB_600540,新赛股份,农牧饲渔,3.042592,-2.6369545
2008,2025-01-27,SZ.ZB_002856,美芝股份,装修装饰,3.0420854,-3.0438716
2009,2025-01-27,SH.KC_300351,永贵电器,交运设备,3.0383422,-2.8157995
2010,2025-01-27,SH.KC_688309,恒誉环保,环保行业,3.038019,-2.8719316
2011,2025-01-27,SH.ZB_600525,长园集团,电网设备,3.0368135,-2.545297
2012,2025-01-27,SH.KC_688610,埃科光电,仪器仪表,3.0366406,-2.888744
2013,2025-01-27,SH.ZB_600468,百利电气,电网设备,3.0362859,-1.891771
2014,2025-01-27,SH.KC_301155,海力风电,风电设备,3.0359254,-2.5360243
2015,2025-01-27,SZ.ZB_001339,智微智能,计算机设备,3.0354471,-3.2838886
2016,2025-01-27,SZ.ZB_002210,飞马国际,环保行业,3.0346036,-2.05087
2017,2025-01-27,SH.KC_301122,采纳股份,医疗器械,3.0332506,-2.5192337
2018,2025-01-27,SH.KC_300850,新强联,风电设备,3.0300288,-3.3795516
2019,2025-01-27,SH.ZB_600200,江苏吴中,化学制药,3.0293016,-2.4147234
2020,2025-01-27,SH.ZB_603186,华正新材,电子元件,3.0275285,-2.6118703
2021,2025-01-27,SH.ZB_603843,正平股份,工程建设,3.0267968,-2.9636328
2022,2025-01-27,SH.KC_300394,天孚通信,通信设备,3.0234947,-3.5790946
2023,2025-01-27,SZ.ZB_000519,中兵红箭,专用设备,3.022243,-2.241169
2024,2025-01-27,SH.KC_688699,明微电子,半导体,3.0216172,-2.7035847
2025,2025-01-27,SH.KC_300543,朗科智能,消费电子,3.0210257,-3.0361354
2026,2025-01-27,SH.ZB_600815,厦工股份,工程机械,3.017144,-2.2262394
2027,2025-01-27,SH.KC_301488,豪恩汽电,汽车零部件,3.01653,-2.5539973
2028,2025-01-27,SH.KC_301626,苏州天脉,消费电子,3.0144916,-2.6167166
2029,2025-01-27,SH.KC_688656,浩欧博,医疗器械,3.013763,-1.8816835
2030,2025-01-27,SH.KC_301232,飞沃科技,风电设备,3.012094,-2.4328544
2031,2025-01-27,SH.KC_300291,百纳千成,文化传媒,3.0112505,-2.8576126
2032,2025-01-27,SZ.ZB_002673,西部证券,证券,3.010857,-2.6671753
2033,2025-01-27,SH.KC_300535,达威股份,化学制品,3.0093164,-2.8977356
2034,2025-01-27,SH.ZB_600429,三元股份,食品饮料,3.0053542,-2.5125532
2035,2025-01-27,SH.KC_300187,永清环保,环保行业,3.0046537,-2.86858
2036,2025-01-27,SH.KC_688081,兴图新科,通信服务,3.0023887,-4.324012
2037,2025-01-27,SH.KC_300083,创世纪,通用设备,3.0018659,-2.4711435
2038,2025-01-27,SH.ZB_603628,清源股份,光伏设备,3.001368,-2.802334
2039,2025-01-27,SH.KC_300136,信维通信,消费电子,3.0013428,-2.9244432
2040,2025-01-27,SH.ZB_600719,大连热电,电力行业,3.0012622,-2.124225
2041,2025-01-27,SH.KC_300281,金明精机,专用设备,3.001216,-2.857533
2042,2025-01-27,SH.KC_688573,信宇人,电池,2.9994755,-3.4364653
2043,2025-01-27,SH.ZB_600415,小商品城,商业百货,2.9989064,-2.672495
2044,2025-01-27,SZ.ZB_002584,西陇科学,电子化学品,2.9986172,-2.9360032
2045,2025-01-27,SH.ZB_601616,广电电气,电网设备,2.9985995,-2.778447
2046,2025-01-27,SH.KC_300696,爱乐达,航天航空,2.9968052,-2.4904115
2047,2025-01-27,SH.KC_300074,华平股份,软件开发,2.996728,-2.9409435
2048,2025-01-27,SZ.ZB_002960,青鸟消防,专用设备,2.9955149,-2.739441
2049,2025-01-27,SZ.ZB_000969,安泰科技,通用设备,2.995357,-2.9996834
2050,2025-01-27,SZ.ZB_002735,王子新材,包装材料,2.9936507,-2.9162316
2051,2025-01-27,SH.KC_301269,华大九天,软件开发,2.9934957,-2.6436815
2052,2025-01-27,SH.ZB_603390,通达电气,汽车零部件,2.9929862,-2.6972673
2053,2025-01-27,SZ.ZB_002165,红 宝 丽,化学制品,2.991691,-3.02645
2054,2025-01-27,SZ.ZB_002121,科陆电子,电网设备,2.9915392,-2.0387177
2055,2025-01-27,SH.ZB_605300,佳禾食品,食品饮料,2.9906182,-3.304277
2056,2025-01-27,SH.ZB_600859,王府井,商业百货,2.9901578,-1.9943379
2057,2025-01-27,SH.KC_300722,新余国科,航天航空,2.988775,-2.3794198
2058,2025-01-27,SH.KC_300248,新开普,互联网服务,2.9884517,-4.479077
2059,2025-01-27,SZ.ZB_002949,华阳国际,工程咨询服务,2.9880538,-3.8258965
2060,2025-01-27,SH.KC_301139,元道通信,通信服务,2.9866009,-2.9403203
2061,2025-01-27,SH.ZB_603319,湘油泵,汽车零部件,2.983533,-3.5180588
2062,2025-01-27,SH.ZB_605566,福莱蒽特,化学制品,2.983162,-3.1082232
2063,2025-01-27,SZ.ZB_002716,湖南白银,贵金属,2.9824913,-2.4847157
2064,2025-01-27,SH.KC_301613,新铝时代,汽车零部件,2.982047,-2.4718535
2065,2025-01-27,SH.KC_301319,唯特偶,电子元件,2.9818864,-2.8961656
2066,2025-01-27,SH.ZB_600490,鹏欣资源,有色金属,2.9816837,-2.5922213
2067,2025-01-27,SH.KC_688370,丛麟科技,环保行业,2.9812784,-2.7595139
2068,2025-01-27,SH.KC_688565,力源科技,环保行业,2.9811754,-3.4733188
2069,2025-01-27,SH.KC_301211,亨迪药业,化学制药,2.9811635,-2.4608448
2070,2025-01-27,SH.ZB_600830,香溢融通,多元金融,2.9807792,-2.5462453
2071,2025-01-27,SH.KC_300565,科信技术,通信设备,2.980341,-2.8973372
2072,2025-01-27,SH.KC_300217,东方电热,家电行业,2.9791474,-2.1553843
2073,2025-01-27,SH.ZB_600354,敦煌种业,农牧饲渔,2.9784112,-2.750284
2074,2025-01-27,SH.ZB_603126,中材节能,环保行业,2.9772818,-2.236383
2075,2025-01-27,SZ.ZB_000905,厦门港务,航运港口,2.9741466,-2.9442244
2076,2025-01-27,SH.ZB_600548,深高速,铁路公路,2.9740334,-2.415889
2077,2025-01-27,SH.KC_301548,崇德科技,通用设备,2.9716372,-2.8464117
2078,2025-01-27,SH.KC_300700,岱勒新材,通用设备,2.971086,-2.655642
2079,2025-01-27,SH.KC_300397,天和防务,通信设备,2.970557,-2.5439963
2080,2025-01-27,SH.KC_688669,聚石化学,塑料制品,2.970518,-2.6582878
2081,2025-01-27,SH.ZB_601965,中国汽研,汽车服务,2.9696882,-2.9806159
2082,2025-01-27,SH.ZB_603026,石大胜华,化学制品,2.9655278,-2.4916327
2083,2025-01-27,SH.KC_300284,苏交科,工程咨询服务,2.9651358,-2.6921089
2084,2025-01-27,SH.ZB_600935,华塑股份,化学原料,2.964516,-2.0820293
2085,2025-01-27,SH.ZB_600641,万业企业,房地产开发,2.9638216,-2.5854692
2086,2025-01-27,SZ.ZB_002195,岩山科技,互联网服务,2.963741,-2.5292888
2087,2025-01-27,SH.KC_300073,当升科技,电池,2.9637039,-2.2458541
2088,2025-01-27,SZ.ZB_002162,悦心健康,装修建材,2.9633448,-2.4127088
2089,2025-01-27,SH.KC_300100,双林股份,汽车零部件,2.962719,-4.229027
2090,2025-01-27,SZ.ZB_002830,名雕股份,装修装饰,2.9574335,-3.7016795
2091,2025-01-27,SZ.ZB_002928,华夏航空,航空机场,2.95735,-2.3321211
2092,2025-01-27,SH.KC_688617,惠泰医疗,医疗器械,2.9542804,-3.7475386
2093,2025-01-27,SZ.ZB_002895,川恒股份,化学原料,2.9510946,-2.6856723
2094,2025-01-27,SH.KC_301162,国能日新,软件开发,2.9456496,-2.9726982
2095,2025-01-27,SH.KC_300669,沪宁股份,专用设备,2.9453218,-3.0599465
2096,2025-01-27,SH.KC_300844,山水比德,工程咨询服务,2.9446855,-3.0069654
2097,2025-01-27,SH.KC_688010,福光股份,光学光电子,2.9439063,-5.0753226
2098,2025-01-27,SH.KC_688310,迈得医疗,专用设备,2.942635,-2.5191574
2099,2025-01-27,SH.ZB_603019,中科曙光,计算机设备,2.942574,-3.175028
2100,2025-01-27,SH.ZB_600581,八一钢铁,钢铁行业,2.9424639,-2.6746788
2101,2025-01-27,SH.KC_300931,通用电梯,专用设备,2.942039,-2.754102
2102,2025-01-27,SH.KC_300158,振东制药,化学制药,2.9401734,-2.1501784
2103,2025-01-27,SH.ZB_603097,江苏华辰,电网设备,2.9394567,-2.8401246
2104,2025-01-27,SH.KC_300258,精锻科技,汽车零部件,2.9392884,-3.095275
2105,2025-01-27,SH.ZB_600366,宁波韵升,小金属,2.9377818,-2.483594
2106,2025-01-27,SZ.ZB_002695,煌上煌,食品饮料,2.9346852,-2.3940606
2107,2025-01-27,SH.KC_301510,固高科技,仪器仪表,2.9342248,-3.3380997
2108,2025-01-27,SH.ZB_600594,益佰制药,中药,2.9325829,-2.573678
2109,2025-01-27,SH.ZB_603061,金海通,半导体,2.9317646,-2.9531524
2110,2025-01-27,SH.KC_688432,有研硅,半导体,2.9312625,-2.449319
2111,2025-01-27,SH.KC_300139,晓程科技,贵金属,2.9307797,-2.764131
2112,2025-01-27,SZ.ZB_000605,渤海股份,公用事业,2.9303446,-2.4444551
2113,2025-01-27,SZ.ZB_002997,瑞鹄模具,汽车零部件,2.9294252,-2.800544
2114,2025-01-27,SH.KC_300609,汇纳科技,互联网服务,2.9276729,-3.702285
2115,2025-01-27,SH.KC_300075,数字政通,软件开发,2.9265165,-2.3214965
2116,2025-01-27,SZ.ZB_002337,赛象科技,专用设备,2.925749,-3.0331795
2117,2025-01-27,SZ.ZB_002975,博杰股份,专用设备,2.925396,-3.4993668
2118,2025-01-27,SZ.ZB_002858,力盛体育,文化传媒,2.9250503,-3.3158143
2119,2025-01-27,SZ.ZB_000595,宝塔实业,通用设备,2.9244378,-0.099192746
2120,2025-01-27,SH.KC_300298,三诺生物,医疗器械,2.9228091,-2.398757
2121,2025-01-27,SH.KC_300988,津荣天宇,通用设备,2.919884,-3.4414914
2122,2025-01-27,SH.ZB_600857,宁波中百,商业百货,2.9194787,-3.063503
2123,2025-01-27,SH.KC_300109,新开源,化学制品,2.9189005,-2.5031295
2124,2025-01-27,SZ.ZB_000798,中水渔业,农牧饲渔,2.918595,-2.4581308
2125,2025-01-27,SZ.ZB_002263,大东南,塑料制品,2.9183059,-2.3117464
2126,2025-01-27,SZ.ZB_002815,崇达技术,电子元件,2.9150605,-2.863205
2127,2025-01-27,SH.KC_301522,上大股份,有色金属,2.913697,-2.5718014
2128,2025-01-27,SZ.ZB_002128,电投能源,煤炭行业,2.909471,-2.8958817
2129,2025-01-27,SH.KC_688189,南新制药,化学制药,2.9091358,-2.497809
2130,2025-01-27,SH.ZB_603139,康惠制药,中药,2.9087515,-2.3809896
2131,2025-01-27,SZ.ZB_002132,恒星科技,通用设备,2.9077635,-2.569262
2132,2025-01-27,SH.KC_300891,惠云钛业,化学原料,2.907221,-2.7448826
2133,2025-01-27,SH.KC_300133,华策影视,文化传媒,2.9071524,-3.4296916
2134,2025-01-27,SH.KC_300315,掌趣科技,游戏,2.9054925,-2.9535642
2135,2025-01-27,SH.ZB_600048,保利发展,房地产开发,2.9047875,-2.5724697
2136,2025-01-27,SH.KC_300837,浙矿股份,专用设备,2.9044151,-3.5707679
2137,2025-01-27,SZ.ZB_002648,卫星化学,化学原料,2.903366,-3.1810906
2138,2025-01-27,SH.KC_688216,气派科技,半导体,2.903168,-2.7155616
2139,2025-01-27,SH.KC_688302,海创药业-U,生物制品,2.9008775,-3.1415105
2140,2025-01-27,SH.KC_300802,矩子科技,专用设备,2.8999672,-2.8278356
2141,2025-01-27,SZ.ZB_002946,新乳业,食品饮料,2.8996854,-2.822111
2142,2025-01-27,SH.ZB_601555,东吴证券,证券,2.8992221,-2.877259
2143,2025-01-27,SZ.ZB_000839,中信国安,综合行业,2.8990612,-2.567736
2144,2025-01-27,SH.KC_688779,五矿新能,电池,2.8986068,-2.0651515
2145,2025-01-27,SH.ZB_600651,飞乐音响,光学光电子,2.8984249,-2.359922
2146,2025-01-27,SH.KC_300547,川环科技,橡胶制品,2.8969526,-7.161767
2147,2025-01-27,SH.KC_688548,广钢气体,电子化学品,2.8958306,-2.7051423
2148,2025-01-27,SH.KC_300151,昌红科技,专用设备,2.8894544,-2.904499
2149,2025-01-27,SH.KC_300520,科大国创,软件开发,2.8894231,-3.866122
2150,2025-01-27,SH.ZB_603315,福鞍股份,通用设备,2.8876038,-2.648829
2151,2025-01-27,SH.KC_301016,雷尔伟,交运设备,2.8874145,-2.853112
2152,2025-01-27,SZ.ZB_002563,森马服饰,纺织服装,2.8872118,-2.473065
2153,2025-01-27,SZ.ZB_002481,双塔食品,食品饮料,2.885416,-2.666599
2154,2025-01-27,SZ.ZB_002203,海亮股份,有色金属,2.8841586,-2.8619478
2155,2025-01-27,SH.ZB_600459,贵研铂业,小金属,2.8825283,-2.1731627
2156,2025-01-27,SH.ZB_600894,广日股份,专用设备,2.8804927,-2.6255577
2157,2025-01-27,SZ.ZB_000417,合百集团,商业百货,2.8798997,-2.5614433
2158,2025-01-27,SH.ZB_603901,永创智能,专用设备,2.8793721,-4.211408
2159,2025-01-27,SZ.ZB_000159,国际实业,石油行业,2.8791323,-2.0535345
2160,2025-01-27,SH.KC_301136,招标股份,工程咨询服务,2.8786645,-2.535441
2161,2025-01-27,SH.KC_300201,海伦哲,工程机械,2.876787,-2.4865143
2162,2025-01-27,SH.ZB_603688,石英股份,非金属材料,2.8763413,-2.7376528
2163,2025-01-27,SH.ZB_600237,铜峰电子,电子元件,2.8757408,-2.727863
2164,2025-01-27,SH.KC_300227,光韵达,电子元件,2.8749301,-2.381681
2165,2025-01-27,SH.KC_688008,澜起科技,半导体,2.8712585,-3.194131
2166,2025-01-27,SH.KC_300685,艾德生物,医疗器械,2.870743,-2.2464168
2167,2025-01-27,SH.ZB_603135,中重科技,专用设备,2.868475,-3.5294852
2168,2025-01-27,SH.ZB_603958,哈森股份,纺织服装,2.8673186,-2.2175002
2169,2025-01-27,SH.ZB_600132,重庆啤酒,酿酒行业,2.866359,-2.1608305
2170,2025-01-27,SH.ZB_601698,中国卫通,通信服务,2.8659046,-2.9263895
2171,2025-01-27,SZ.ZB_002831,裕同科技,造纸印刷,2.86531,-3.0921187
2172,2025-01-27,SZ.ZB_002161,远 望 谷,电子元件,2.8649316,-2.2695556
2173,2025-01-27,SH.KC_300126,锐奇股份,通用设备,2.8646245,-2.5513234
2174,2025-01-27,SH.ZB_603268,松发股份,装修建材,2.8641925,-3.528412
2175,2025-01-27,SH.KC_300973,立高食品,食品饮料,2.8622746,-3.401428
2176,2025-01-27,SH.ZB_605376,博迁新材,小金属,2.8619602,-2.6719313
2177,2025-01-27,SZ.ZB_002696,百洋股份,农牧饲渔,2.861458,-2.8818603
2178,2025-01-27,SH.KC_300223,北京君正,半导体,2.861157,-2.8252232
2179,2025-01-27,SH.KC_300142,沃森生物,生物制品,2.861002,-2.3889823
2180,2025-01-27,SZ.ZB_000034,神州数码,计算机设备,2.8605506,-3.0197842
2181,2025-01-27,SH.ZB_603708,家家悦,商业百货,2.8603494,-2.1968353
2182,2025-01-27,SH.KC_300919,中伟股份,电池,2.8572707,-2.4231558
2183,2025-01-27,SH.KC_688079,美迪凯,光学光电子,2.8561935,-2.9045331
2184,2025-01-27,SH.ZB_600864,哈投股份,证券,2.8559372,-2.5645063
2185,2025-01-27,SH.ZB_600984,建设机械,工程机械,2.8547034,-2.0246603
2186,2025-01-27,SZ.ZB_000529,广弘控股,食品饮料,2.854076,-2.5859118
2187,2025-01-27,SH.ZB_600522,中天科技,通信设备,2.8528676,-2.6369648
2188,2025-01-27,SH.ZB_600148,长春一东,汽车零部件,2.8519943,-2.0828648
2189,2025-01-27,SH.KC_688133,泰坦科技,专业服务,2.8504088,-2.8037152
2190,2025-01-27,SH.ZB_601665,齐鲁银行,银行,2.8494134,-3.1501637
2191,2025-01-27,SH.KC_300855,图南股份,有色金属,2.8491185,-2.5219162
2192,2025-01-27,SH.KC_301361,众智科技,电网设备,2.848126,-3.0292153
2193,2025-01-27,SZ.ZB_002136,安 纳 达,化学原料,2.8477356,-2.7608464
2194,2025-01-27,SH.KC_301606,绿联科技,消费电子,2.846405,-4.0553436
2195,2025-01-27,SZ.ZB_002166,莱茵生物,中药,2.8461843,-2.5866964
2196,2025-01-27,SH.ZB_603356,华菱精工,专用设备,2.8455586,-2.267355
2197,2025-01-27,SH.KC_301292,海科新源,化学制品,2.8441324,-2.6317039
2198,2025-01-27,SZ.ZB_002482,广田集团,装修装饰,2.842404,-1.877793
2199,2025-01-27,SH.KC_300858,科拓生物,食品饮料,2.8420062,-2.143738
2200,2025-01-27,SH.ZB_600552,凯盛科技,光学光电子,2.8418036,-2.6622436
2201,2025-01-27,SH.KC_688025,杰普特,电子元件,2.841617,-2.538384
2202,2025-01-27,SH.ZB_601929,吉视传媒,文化传媒,2.8413937,-2.4874973
2203,2025-01-27,SH.KC_300444,双杰电气,电网设备,2.8400688,-2.459839
2204,2025-01-27,SH.ZB_601015,陕西黑猫,煤炭行业,2.8395624,-2.9522278
2205,2025-01-27,SH.ZB_600137,浪莎股份,纺织服装,2.838871,-2.6822345
2206,2025-01-27,SH.KC_300683,海特生物,生物制品,2.8375506,-2.5779312
2207,2025-01-27,SH.KC_688602,康鹏科技,化学制品,2.8370275,-2.4291542
2208,2025-01-27,SH.KC_300131,英唐智控,消费电子,2.835889,-2.8810532
2209,2025-01-27,SH.ZB_605089,味知香,食品饮料,2.8345704,-2.117797
2210,2025-01-27,SZ.ZB_000821,京山轻机,光伏设备,2.8327777,-2.7714496
2211,2025-01-27,SH.ZB_603960,克来机电,专用设备,2.832383,-2.5809278
2212,2025-01-27,SH.KC_300568,星源材质,电池,2.8322353,-2.5781963
2213,2025-01-27,SZ.ZB_002167,东方锆业,小金属,2.832149,-2.4698782
2214,2025-01-27,SH.KC_300793,佳禾智能,消费电子,2.831614,-2.7164779
2215,2025-01-27,SH.KC_300102,乾照光电,光学光电子,2.831234,-3.4957085
2216,2025-01-27,SH.KC_300809,华辰装备,通用设备,2.83114,-3.8320277
2217,2025-01-27,SH.KC_300831,派瑞股份,半导体,2.831073,-2.7242787
2218,2025-01-27,SH.KC_688728,格科微,半导体,2.830428,-2.5021446
2219,2025-01-27,SH.ZB_603213,镇洋发展,化学原料,2.8301477,-3.0123632
2220,2025-01-27,SH.KC_688301,奕瑞科技,医疗器械,2.8298483,-3.5766807
2221,2025-01-27,SH.ZB_600216,浙江医药,化学制药,2.8295426,-2.4493635
2222,2025-01-27,SH.KC_300616,尚品宅配,装修建材,2.8290749,-2.7494717
2223,2025-01-27,SH.ZB_600272,开开实业,医药商业,2.8289511,-3.1438663
2224,2025-01-27,SH.ZB_600246,万通发展,房地产开发,2.8286874,-0.7826977
2225,2025-01-27,SH.ZB_603255,鼎际得,化学制品,2.8282762,-2.465909
2226,2025-01-27,SZ.ZB_002560,通达股份,电网设备,2.8278887,-2.181522
2227,2025-01-27,SZ.ZB_002153,石基信息,软件开发,2.8275757,-2.8310602
2228,2025-01-27,SH.KC_301132,满坤科技,电子元件,2.8258085,-2.7971153
2229,2025-01-27,SZ.ZB_002878,元隆雅图,文化传媒,2.825184,-3.319718
2230,2025-01-27,SZ.ZB_000032,深桑达Ａ,通信设备,2.8244228,-2.6359773
2231,2025-01-27,SZ.ZB_001268,联合精密,通用设备,2.824001,-3.288262
2232,2025-01-27,SZ.ZB_002970,锐明技术,计算机设备,2.8235822,-2.6660056
2233,2025-01-27,SH.KC_301231,荣信文化,文化传媒,2.8235765,-3.0365074
2234,2025-01-27,SH.KC_688638,誉辰智能,电池,2.8210907,-2.5976927
2235,2025-01-27,SH.ZB_603028,赛福天,通用设备,2.819261,-2.7676792
2236,2025-01-27,SH.KC_301012,扬电科技,电网设备,2.8167872,-3.344963
2237,2025-01-27,SH.KC_301358,湖南裕能,电池,2.8157845,-2.7009926
2238,2025-01-27,SH.KC_300027,华谊兄弟,文化传媒,2.8121023,-2.582559
2239,2025-01-27,SH.ZB_600884,杉杉股份,电子元件,2.811186,-1.6107
2240,2025-01-27,SH.KC_300686,智动力,消费电子,2.8097823,-2.5181115
2241,2025-01-27,SZ.ZB_000301,东方盛虹,化学原料,2.808994,-2.6102707
2242,2025-01-27,SH.ZB_603669,灵康药业,化学制药,2.808824,-2.5395806
2243,2025-01-27,SH.ZB_600866,星湖科技,化学制品,2.8073282,-2.7747746
2244,2025-01-27,SZ.ZB_000048,京基智农,农牧饲渔,2.8051376,-2.3115792
2245,2025-01-27,SH.ZB_600467,好当家,农牧饲渔,2.8026297,-2.4186506
2246,2025-01-27,SH.KC_300274,阳光电源,光伏设备,2.8023198,-2.9619868
2247,2025-01-27,SZ.ZB_002654,万润科技,文化传媒,2.8021545,-2.635971
2248,2025-01-27,SH.KC_300684,中石科技,消费电子,2.8021245,-3.6759775
2249,2025-01-27,SH.KC_688683,莱尔科技,消费电子,2.798304,-2.858007
2250,2025-01-27,SH.KC_688209,英集芯,半导体,2.797021,-3.1105201
2251,2025-01-27,SH.ZB_600111,北方稀土,小金属,2.7970135,-2.4057853
2252,2025-01-27,SH.ZB_605117,德业股份,光伏设备,2.795662,-3.3827226
2253,2025-01-27,SH.ZB_600635,大众公用,燃气,2.7955606,-2.3090265
2254,2025-01-27,SH.KC_688020,方邦股份,电子元件,2.795379,-2.1694748
2255,2025-01-27,SH.KC_688377,迪威尔,专用设备,2.7950406,-4.0331626
2256,2025-01-27,SH.ZB_600562,国睿科技,通信设备,2.7943358,-2.759875
2257,2025-01-27,SH.ZB_603858,步长制药,中药,2.7942672,-2.31353
2258,2025-01-27,SH.KC_301079,邵阳液压,通用设备,2.793336,-2.656053
2259,2025-01-27,SH.KC_300602,飞荣达,消费电子,2.7926102,-3.2721295
2260,2025-01-27,SH.ZB_600825,新华传媒,文化传媒,2.790235,-2.4649923
2261,2025-01-27,SH.KC_300014,亿纬锂能,电池,2.7895079,-2.0921907
2262,2025-01-27,SH.ZB_603660,苏州科达,计算机设备,2.78911,-3.0909414
2263,2025-01-27,SH.ZB_600078,澄星股份,化肥行业,2.7888372,-2.5160637
2264,2025-01-27,SZ.ZB_000807,云铝股份,有色金属,2.7880445,-3.3402295
2265,2025-01-27,SH.ZB_603151,邦基科技,农牧饲渔,2.7877479,-3.1035514
2266,2025-01-27,SH.KC_300246,宝莱特,医疗器械,2.7871518,-2.7918983
2267,2025-01-27,SH.KC_300517,海波重科,工程建设,2.7856083,-3.4492533
2268,2025-01-27,SZ.ZB_000617,中油资本,多元金融,2.7855575,-2.9094553
2269,2025-01-27,SH.KC_300560,中富通,通信服务,2.7841642,-3.0006967
2270,2025-01-27,SH.ZB_603080,新疆火炬,燃气,2.7827487,-2.6085305
2271,2025-01-27,SH.KC_688538,和辉光电-U,光学光电子,2.7816222,-2.4961646
2272,2025-01-27,SZ.ZB_000782,恒申新材,化纤行业,2.7808607,-2.1662858
2273,2025-01-27,SH.KC_300269,联建光电,互联网服务,2.7803316,-2.5995016
2274,2025-01-27,SH.KC_301311,昆船智能,通用设备,2.7800336,-2.6829243
2275,2025-01-27,SZ.ZB_002387,维信诺,光学光电子,2.77991,-2.2834885
2276,2025-01-27,SH.KC_300059,东方财富,互联网服务,2.7790875,-3.1261125
2277,2025-01-27,SZ.ZB_000970,中科三环,小金属,2.7787342,-2.383897
2278,2025-01-27,SZ.ZB_000820,神雾节能,环保行业,2.7784526,-0.36595407
2279,2025-01-27,SZ.ZB_002922,伊戈尔,电子元件,2.7781487,-3.2163963
2280,2025-01-27,SZ.ZB_002038,双鹭药业,生物制品,2.7774498,-2.4483032
2281,2025-01-27,SZ.ZB_000429,粤高速Ａ,铁路公路,2.776812,-2.7392337
2282,2025-01-27,SZ.ZB_002585,双星新材,塑料制品,2.7736723,-2.4198515
2283,2025-01-27,SH.ZB_603991,至正股份,塑料制品,2.7732267,-3.463371
2284,2025-01-27,SZ.ZB_001696,宗申动力,交运设备,2.7719557,-2.5979447
2285,2025-01-27,SZ.ZB_003010,若羽臣,互联网服务,2.7719274,-3.7718778
2286,2025-01-27,SZ.ZB_002271,东方雨虹,装修建材,2.7718678,-2.4464574
2287,2025-01-27,SZ.ZB_000570,苏常柴Ａ,汽车零部件,2.771832,-2.3653936
2288,2025-01-27,SH.ZB_603612,索通发展,非金属材料,2.7691603,-3.1431615
2289,2025-01-27,SH.KC_688295,中复神鹰,化纤行业,2.7686641,-2.501821
2290,2025-01-27,SZ.ZB_000011,深物业A,房地产开发,2.7686253,-2.3056936
2291,2025-01-27,SH.ZB_600241,时代万恒,电池,2.7679892,-2.487378
2292,2025-01-27,SH.ZB_603696,安记食品,食品饮料,2.767627,-2.7550213
2293,2025-01-27,SH.KC_300724,捷佳伟创,光伏设备,2.7669668,-2.9172182
2294,2025-01-27,SZ.ZB_000007,全新好,房地产服务,2.7655423,-3.0614643
2295,2025-01-27,SH.KC_301105,鸿铭股份,专用设备,2.7654648,-2.7818453
2296,2025-01-27,SH.KC_300164,通源石油,采掘行业,2.7650504,-2.6535134
2297,2025-01-27,SH.KC_688456,有研粉材,有色金属,2.7635112,-2.886977
2298,2025-01-27,SH.KC_300279,和晶科技,消费电子,2.7630284,-2.8611062
2299,2025-01-27,SH.KC_688321,微芯生物,化学制药,2.762875,-2.367987
2300,2025-01-27,SZ.ZB_001360,南矿集团,专用设备,2.761446,-2.2245686
2301,2025-01-27,SH.ZB_600738,丽尚国潮,商业百货,2.7610555,-2.2014992
2302,2025-01-27,SZ.ZB_000985,大庆华科,化学制品,2.7608871,-2.7092426
2303,2025-01-27,SZ.ZB_002802,洪汇新材,化学制品,2.7606144,-2.933362
2304,2025-01-27,SZ.ZB_002792,通宇通讯,通信设备,2.7602077,-2.7938795
2305,2025-01-27,SH.ZB_605196,华通线缆,电网设备,2.7584388,-2.8708427
2306,2025-01-27,SZ.ZB_002019,亿帆医药,化学制药,2.7534902,-2.8718796
2307,2025-01-27,SH.KC_301199,迈赫股份,专用设备,2.7511806,-4.478215
2308,2025-01-27,SH.ZB_603178,圣龙股份,汽车零部件,2.750936,-2.271464
2309,2025-01-27,SH.KC_688420,美腾科技,专用设备,2.7501612,-1.8856034
2310,2025-01-27,SH.KC_300969,恒帅股份,汽车零部件,2.7495651,-3.7263632
2311,2025-01-27,SH.ZB_600819,耀皮玻璃,玻璃玻纤,2.7486846,-2.85469
2312,2025-01-27,SH.KC_300238,冠昊生物,医疗器械,2.7485967,-2.8033643
2313,2025-01-27,SZ.ZB_000029,深深房Ａ,房地产开发,2.7479484,-2.3736084
2314,2025-01-27,SZ.ZB_002055,得润电子,消费电子,2.7463584,-1.5855076
2315,2025-01-27,SH.ZB_603190,亚通精工,汽车零部件,2.7461708,-3.0759459
2316,2025-01-27,SH.KC_688130,晶华微,半导体,2.7459443,-2.6875608
2317,2025-01-27,SH.ZB_603283,赛腾股份,专用设备,2.7444468,-2.4426458
2318,2025-01-27,SH.KC_688006,杭可科技,电池,2.7438893,-2.4169433
2319,2025-01-27,SH.ZB_601198,东兴证券,证券,2.743146,-2.8369727
2320,2025-01-27,SH.KC_301118,恒光股份,化学原料,2.7416408,-2.282929
2321,2025-01-27,SZ.ZB_002669,康达新材,化学制品,2.7415574,-3.1920497
2322,2025-01-27,SH.KC_688276,百克生物,生物制品,2.7402818,-2.3020015
2323,2025-01-27,SH.ZB_600082,海泰发展,房地产开发,2.7401507,-2.9166634
2324,2025-01-27,SH.KC_301031,中熔电气,电网设备,2.739358,-4.2267237
2325,2025-01-27,SZ.ZB_002995,天地在线,文化传媒,2.738896,-2.5456443
2326,2025-01-27,SH.ZB_600676,交运股份,汽车零部件,2.7382627,-2.283169
2327,2025-01-27,SH.ZB_603076,乐惠国际,专用设备,2.7368531,-2.758979
2328,2025-01-27,SH.KC_300195,长荣股份,专用设备,2.7359128,-2.5353851
2329,2025-01-27,SH.ZB_600822,上海物贸,汽车服务,2.735053,-2.7723317
2330,2025-01-27,SZ.ZB_000408,藏格矿业,化肥行业,2.7301536,-3.5859222
2331,2025-01-27,SH.ZB_600038,中直股份,航天航空,2.728571,-2.0955398
2332,2025-01-27,SZ.ZB_002173,创新医疗,医疗服务,2.726719,-2.302504
2333,2025-01-27,SH.KC_301469,恒达新材,造纸印刷,2.7263284,-3.2851827
2334,2025-01-27,SH.ZB_600909,华安证券,证券,2.7258887,-2.6978517
2335,2025-01-27,SH.ZB_600268,国电南自,电网设备,2.7256832,-3.381072
2336,2025-01-27,SZ.ZB_002307,北新路桥,工程建设,2.7255864,-2.3247578
2337,2025-01-27,SZ.ZB_001209,洪兴股份,纺织服装,2.7255402,-2.0034726
2338,2025-01-27,SZ.ZB_001979,招商蛇口,房地产开发,2.7245536,-2.6873646
2339,2025-01-27,SH.KC_688543,国科军工,航天航空,2.723205,-2.8518887
2340,2025-01-27,SH.ZB_605086,龙高股份,采掘行业,2.722688,-3.1431563
2341,2025-01-27,SZ.ZB_002787,华源控股,包装材料,2.7224734,-2.7463782
2342,2025-01-27,SH.KC_301008,宏昌科技,家电行业,2.7220263,-2.6658232
2343,2025-01-27,SH.ZB_601799,星宇股份,汽车零部件,2.7216508,-2.625023
2344,2025-01-27,SZ.ZB_002240,盛新锂能,能源金属,2.72163,-2.1636896
2345,2025-01-27,SZ.ZB_000050,深天马Ａ,光学光电子,2.7214363,-2.0490131
2346,2025-01-27,SH.KC_688630,芯碁微装,专用设备,2.7208686,-2.7501988
2347,2025-01-27,SZ.ZB_002375,亚厦股份,装修装饰,2.7196736,-2.810814
2348,2025-01-27,SH.ZB_600785,新华百货,商业百货,2.7167692,-2.1402771
2349,2025-01-27,SZ.ZB_002800,天顺股份,物流行业,2.716528,-2.8496568
2350,2025-01-27,SH.ZB_605128,上海沿浦,汽车零部件,2.715829,-2.6223347
2351,2025-01-27,SZ.ZB_001359,平安电工,非金属材料,2.7152658,-3.2152474
2352,2025-01-27,SH.KC_688403,汇成股份,半导体,2.712971,-2.6675084
2353,2025-01-27,SH.KC_300004,南风股份,专用设备,2.710822,-2.9172611
2354,2025-01-27,SH.ZB_605060,联德股份,通用设备,2.7108102,-4.1259193
2355,2025-01-27,SH.KC_300233,金城医药,化学制药,2.7106986,-4.1565733
2356,2025-01-27,SH.ZB_605339,南侨食品,食品饮料,2.7104392,-2.980385
2357,2025-01-27,SH.ZB_601827,三峰环境,环保行业,2.709253,-2.7649126
2358,2025-01-27,SH.ZB_603004,鼎龙科技,化学原料,2.7091682,-3.6202095
2359,2025-01-27,SH.KC_300908,仲景食品,食品饮料,2.7086034,-2.481335
2360,2025-01-27,SZ.ZB_002107,沃华医药,中药,2.708027,-2.844319
2361,2025-01-27,SZ.ZB_000733,振华科技,电子元件,2.7074025,-2.7679381
2362,2025-01-27,SH.KC_301446,福事特,通用设备,2.7071104,-2.2499218
2363,2025-01-27,SH.KC_300390,天华新能,能源金属,2.7057648,-2.4299872
2364,2025-01-27,SZ.ZB_002851,麦格米特,电源设备,2.7053998,-2.860263
2365,2025-01-27,SH.KC_300948,冠中生态,环保行业,2.7049155,-2.6438794
2366,2025-01-27,SH.KC_688395,正弦电气,电机,2.704762,-2.6139264
2367,2025-01-27,SH.KC_300755,华致酒行,贸易行业,2.7032003,-3.0218644
2368,2025-01-27,SZ.ZB_002198,嘉应制药,中药,2.7023702,-2.4570565
2369,2025-01-27,SH.ZB_605378,野马电池,电池,2.702254,-3.5502386
2370,2025-01-27,SH.ZB_600340,华夏幸福,房地产开发,2.7008204,-2.1835556
2371,2025-01-27,SH.KC_688217,睿昂基因,医疗器械,2.700737,-2.8747263
2372,2025-01-27,SH.ZB_603042,华脉科技,通信设备,2.70015,-4.6828327
2373,2025-01-27,SZ.ZB_002059,云南旅游,旅游酒店,2.69939,-2.2103324
2374,2025-01-27,SZ.ZB_002574,明牌珠宝,珠宝首饰,2.6965156,-2.724621
2375,2025-01-27,SH.ZB_603633,徕木股份,汽车零部件,2.69645,-3.1018457
2376,2025-01-27,SH.ZB_600649,城投控股,房地产开发,2.695991,-2.6211128
2377,2025-01-27,SH.ZB_603517,绝味食品,食品饮料,2.6950746,-2.1564996
2378,2025-01-27,SZ.ZB_000652,泰达股份,综合行业,2.6946366,-2.3940265
2379,2025-01-27,SH.ZB_603160,汇顶科技,半导体,2.694036,-3.0071282
2380,2025-01-27,SZ.ZB_002255,海陆重工,电源设备,2.6897237,-2.9090612
2381,2025-01-27,SH.KC_301035,润丰股份,农药兽药,2.6894107,-2.9338572
2382,2025-01-27,SH.ZB_600478,科力远,电子元件,2.6875825,-2.8458304
2383,2025-01-27,SH.KC_301227,森鹰窗业,装修建材,2.687119,-3.4757934
2384,2025-01-27,SH.ZB_603421,鼎信通讯,通信服务,2.6839182,-3.1109822
2385,2025-01-27,SH.ZB_601020,华钰矿业,有色金属,2.6827707,-3.5689683
2386,2025-01-27,SH.ZB_603339,四方科技,通用设备,2.681829,-3.0921347
2387,2025-01-27,SZ.ZB_002104,恒宝股份,通信设备,2.6813552,-2.623196
2388,2025-01-27,SH.ZB_600081,东风科技,汽车零部件,2.6806622,-2.6843746
2389,2025-01-27,SH.KC_688388,嘉元科技,电池,2.6804938,-3.4271047
2390,2025-01-27,SH.ZB_603223,恒通股份,物流行业,2.6743128,-2.6464925
2391,2025-01-27,SH.ZB_603527,众源新材,有色金属,2.674006,-2.6542444
2392,2025-01-27,SZ.ZB_000036,华联控股,房地产开发,2.673869,-2.8466568
2393,2025-01-27,SZ.ZB_002046,国机精工,通用设备,2.6721194,-2.8347547
2394,2025-01-27,SH.ZB_603992,松霖科技,装修建材,2.6709704,-2.9433467
2395,2025-01-27,SH.ZB_601718,际华集团,纺织服装,2.6707873,-2.0911791
2396,2025-01-27,SH.KC_300364,中文在线,文化传媒,2.6701555,-3.246853
2397,2025-01-27,SH.ZB_600879,航天电子,航天航空,2.669716,-2.3934186
2398,2025-01-27,SZ.ZB_002205,国统股份,水泥建材,2.669315,-2.562574
2399,2025-01-27,SZ.ZB_001215,千味央厨,食品饮料,2.6691139,-2.4829576
2400,2025-01-27,SH.KC_300645,正元智慧,互联网服务,2.6690423,-3.296741
2401,2025-01-27,SH.KC_300692,中环环保,环保行业,2.665153,-2.6637259
2402,2025-01-27,SH.KC_300121,阳谷华泰,橡胶制品,2.6632576,-2.6121063
2403,2025-01-27,SH.ZB_600816,建元信托,多元金融,2.661109,-2.689579
2404,2025-01-27,SH.KC_300826,测绘股份,工程咨询服务,2.6602104,-2.4920137
2405,2025-01-27,SH.ZB_605208,永茂泰,汽车零部件,2.659826,-2.665514
2406,2025-01-27,SZ.ZB_002451,摩恩电气,电网设备,2.6589751,-2.5124366
2407,2025-01-27,SZ.ZB_001229,魅视科技,计算机设备,2.6589737,-2.914247
2408,2025-01-27,SH.KC_300676,华大基因,医疗器械,2.6584148,-2.4154232
2409,2025-01-27,SZ.ZB_000917,电广传媒,文化传媒,2.6576133,-3.9454966
2410,2025-01-27,SH.ZB_600828,茂业商业,商业百货,2.656716,-2.062743
2411,2025-01-27,SH.KC_300347,泰格医药,医疗服务,2.6566534,-2.142119
2412,2025-01-27,SH.ZB_600448,华纺股份,纺织服装,2.6565268,-2.7927542
2413,2025-01-27,SZ.ZB_002977,天箭科技,通信设备,2.656433,-2.5675564
2414,2025-01-27,SH.KC_300729,乐歌股份,家用轻工,2.6528,-2.3097076
2415,2025-01-27,SH.KC_300132,青松股份,美容护理,2.651991,-2.7181416
2416,2025-01-27,SH.ZB_603507,振江股份,风电设备,2.6514485,-3.1271975
2417,2025-01-27,SZ.ZB_002185,华天科技,半导体,2.650906,-2.6548672
2418,2025-01-27,SH.KC_300213,佳讯飞鸿,通信设备,2.650784,-2.6738482
2419,2025-01-27,SH.ZB_603767,中马传动,汽车零部件,2.6501803,-2.4545028
2420,2025-01-27,SH.KC_688475,萤石网络,家电行业,2.6471183,-4.4808445
2421,2025-01-27,SZ.ZB_000987,越秀资本,多元金融,2.6438012,-2.656186
2422,2025-01-27,SH.ZB_605007,五洲特纸,造纸印刷,2.6437237,-3.0379994
2423,2025-01-27,SZ.ZB_001279,强邦新材,造纸印刷,2.6436791,-2.3670208
2424,2025-01-27,SZ.ZB_000911,广农糖业,食品饮料,2.6425586,-2.301858
2425,2025-01-27,SH.ZB_603303,得邦照明,家电行业,2.642207,-2.590477
2426,2025-01-27,SH.ZB_600481,双良节能,光伏设备,2.6411548,-2.9230223
2427,2025-01-27,SH.ZB_603078,江化微,电子化学品,2.6408792,-2.7493105
2428,2025-01-27,SH.ZB_600179,安通控股,物流行业,2.640821,-2.5873911
2429,2025-01-27,SZ.ZB_002664,信质集团,汽车零部件,2.6395054,-2.8793647
2430,2025-01-27,SH.KC_300199,翰宇药业,化学制药,2.637118,-2.4589295
2431,2025-01-27,SZ.ZB_002474,榕基软件,互联网服务,2.6343346,-3.0057693
2432,2025-01-27,SH.ZB_600595,中孚实业,有色金属,2.6333332,-3.7951417
2433,2025-01-27,SZ.ZB_002352,顺丰控股,物流行业,2.6331873,-2.4591732
2434,2025-01-27,SH.KC_300462,华铭智能,交运设备,2.633165,-2.856021
2435,2025-01-27,SH.KC_688692,达梦数据,软件开发,2.6328087,-3.9376383
2436,2025-01-27,SZ.ZB_000020,深华发Ａ,光学光电子,2.6320205,-3.0750234
2437,2025-01-27,SZ.ZB_000768,中航西飞,航天航空,2.6313589,-2.2959971
2438,2025-01-27,SZ.ZB_000952,广济药业,化学制药,2.6305974,-3.490461
2439,2025-01-27,SH.KC_688607,康众医疗,医疗器械,2.6296825,-3.137562
2440,2025-01-27,SH.ZB_605111,新洁能,半导体,2.629213,-2.5029016
2441,2025-01-27,SZ.ZB_002066,瑞泰科技,装修建材,2.624868,-2.5728629
2442,2025-01-27,SZ.ZB_000818,航锦科技,化学原料,2.6235223,-2.3357584
2443,2025-01-27,SH.KC_688112,鼎阳科技,仪器仪表,2.6221857,-2.9140418
2444,2025-01-27,SH.KC_301509,金凯生科,生物制品,2.621825,-2.2993152
2445,2025-01-27,SH.KC_688265,南模生物,生物制品,2.6215553,-3.2255979
2446,2025-01-27,SZ.ZB_002512,达华智能,计算机设备,2.621144,-2.080887
2447,2025-01-27,SZ.ZB_002004,华邦健康,农药兽药,2.620709,-1.7909586
2448,2025-01-27,SH.ZB_603172,万丰股份,化学原料,2.6206121,-2.6283753
2449,2025-01-27,SH.KC_300843,胜蓝股份,消费电子,2.6197493,-4.5036087
2450,2025-01-27,SZ.ZB_000812,陕西金叶,包装材料,2.61973,-2.9556518
2451,2025-01-27,SZ.ZB_002635,安洁科技,消费电子,2.6187272,-2.7730095
2452,2025-01-27,SZ.ZB_000639,西王食品,食品饮料,2.6181235,-0.56368876
2453,2025-01-27,SH.KC_301592,六九一二,软件开发,2.6179254,-2.6801965
2454,2025-01-27,SH.ZB_600821,金开新能,电力行业,2.6177778,-2.8140767
2455,2025-01-27,SH.ZB_600173,卧龙地产,房地产开发,2.6177406,-3.3171039
2456,2025-01-27,SZ.ZB_000557,西部创业,物流行业,2.617675,-2.6692197
2457,2025-01-27,SH.ZB_605168,三人行,文化传媒,2.616173,-2.7098968
2458,2025-01-27,SH.KC_301308,江波龙,半导体,2.613172,-2.624899
2459,2025-01-27,SH.ZB_600329,达仁堂,中药,2.612722,-2.128902
2460,2025-01-27,SH.KC_688478,晶升股份,半导体,2.6125164,-2.9102933
2461,2025-01-27,SH.KC_300207,欣旺达,电池,2.611783,-2.8742309
2462,2025-01-27,SH.ZB_603137,恒尚节能,装修建材,2.6110456,-2.5163286
2463,2025-01-27,SZ.ZB_002561,徐家汇,商业百货,2.610767,-2.0680058
2464,2025-01-27,SH.KC_688070,纵横股份,航天航空,2.607298,-2.9761903
2465,2025-01-27,SH.ZB_603787,新日股份,交运设备,2.6068954,-2.5738902
2466,2025-01-27,SH.KC_688239,航宇科技,航天航空,2.6064067,-3.704296
2467,2025-01-27,SH.ZB_600782,新钢股份,钢铁行业,2.6062937,-3.396527
2468,2025-01-27,SH.KC_300946,恒而达,通用设备,2.6059344,-2.7683127
2469,2025-01-27,SH.KC_688557,兰剑智能,通用设备,2.6038482,-2.7134511
2470,2025-01-27,SH.ZB_600683,京投发展,房地产开发,2.6028724,-2.5057447
2471,2025-01-27,SH.KC_300782,卓胜微,半导体,2.6021628,-1.985036
2472,2025-01-27,SH.ZB_603311,金海高科,家电行业,2.601613,-2.701339
2473,2025-01-27,SH.ZB_603610,麒盛科技,装修建材,2.6005359,-2.7135966
2474,2025-01-27,SZ.ZB_002998,优彩资源,化纤行业,2.5993733,-2.8631113
2475,2025-01-27,SH.ZB_600435,北方导航,通信设备,2.5990918,-2.6731603
2476,2025-01-27,SH.ZB_603267,鸿远电子,电子元件,2.5987296,-2.4529188
2477,2025-01-27,SH.KC_688695,中创股份,软件开发,2.5984764,-2.881455
2478,2025-01-27,SH.KC_300705,九典制药,化学制药,2.598332,-1.8615978
2479,2025-01-27,SH.ZB_603281,江瀚新材,化学制品,2.5982885,-2.4424174
2480,2025-01-27,SH.KC_300412,迦南科技,专用设备,2.5971115,-2.6705067
2481,2025-01-27,SH.ZB_600079,人福医药,化学制药,2.5957882,-2.5558274
2482,2025-01-27,SH.KC_688137,近岸蛋白,生物制品,2.5957851,-2.3750231
2483,2025-01-27,SH.ZB_601108,财通证券,证券,2.5943935,-2.6164038
2484,2025-01-27,SH.KC_301189,奥尼电子,通信设备,2.5931418,-2.3849423
2485,2025-01-27,SH.ZB_600776,东方通信,通信设备,2.5925012,-2.5422761
2486,2025-01-27,SH.KC_688125,安达智能,专用设备,2.5918813,-4.0306315
2487,2025-01-27,SH.ZB_603989,艾华集团,电子元件,2.5915444,-2.611363
2488,2025-01-27,SH.KC_688076,诺泰生物,医疗服务,2.5907664,-2.6987736
2489,2025-01-27,SH.ZB_600855,航天长峰,计算机设备,2.5903807,-2.3582227
2490,2025-01-27,SH.ZB_600938,中国海油,石油行业,2.5884657,-2.4053645
2491,2025-01-27,SH.KC_301212,联盛化学,化学制品,2.5874705,-2.7742019
2492,2025-01-27,SZ.ZB_000517,荣安地产,房地产开发,2.5872722,-1.7612745
2493,2025-01-27,SH.KC_688428,诺诚健华-U,生物制品,2.5866046,-2.7157736
2494,2025-01-27,SH.ZB_601028,玉龙股份,贵金属,2.5852144,-3.0221896
2495,2025-01-27,SH.KC_300343,联创股份,化学制品,2.5841103,-3.1997793
2496,2025-01-27,SH.ZB_603095,越剑智能,专用设备,2.5836303,-3.0805156
2497,2025-01-27,SH.KC_301077,星华新材,化学制品,2.581987,-2.920035
2498,2025-01-27,SZ.ZB_002927,泰永长征,电网设备,2.5814414,-2.9357085
2499,2025-01-27,SZ.ZB_000925,众合科技,交运设备,2.580163,-2.2567995
2500,2025-01-27,SH.ZB_600386,北巴传媒,汽车服务,2.5792897,-3.0453603
2501,2025-01-27,SH.ZB_600805,悦达投资,综合行业,2.5787458,-2.5490897
2502,2025-01-27,SH.KC_688307,中润光学,光学光电子,2.5787368,-3.0562887
2503,2025-01-27,SZ.ZB_002127,南极电商,贸易行业,2.578102,-4.20057
2504,2025-01-27,SZ.ZB_001318,阳光乳业,食品饮料,2.578065,-2.5029714
2505,2025-01-27,SH.KC_688013,天臣医疗,医疗器械,2.5761068,-3.8848565
2506,2025-01-27,SH.ZB_601728,中国电信,通信服务,2.5756345,-3.1214628
2507,2025-01-27,SZ.ZB_002885,京泉华,消费电子,2.5737836,-2.7237732
2508,2025-01-27,SH.KC_688051,佳华科技,互联网服务,2.5725574,-3.3663254
2509,2025-01-27,SZ.ZB_002163,海南发展,玻璃玻纤,2.5719955,-2.1997602
2510,2025-01-27,SZ.ZB_002286,保龄宝,食品饮料,2.5710106,-2.7562313
2511,2025-01-27,SZ.ZB_003022,联泓新科,化学制品,2.5708346,-2.1311944
2512,2025-01-27,SZ.ZB_003026,中晶科技,半导体,2.5708005,-2.0983605
2513,2025-01-27,SH.ZB_600787,中储股份,物流行业,2.5700285,-2.3375287
2514,2025-01-27,SH.ZB_605299,舒华体育,家用轻工,2.5677934,-2.976085
2515,2025-01-27,SH.KC_688789,宏华数科,专用设备,2.5677218,-3.1967118
2516,2025-01-27,SH.KC_301050,雷电微力,半导体,2.5670364,-2.4535687
2517,2025-01-27,SH.KC_301178,天亿马,软件开发,2.5662394,-2.9866898
2518,2025-01-27,SH.KC_300869,康泰医学,医疗器械,2.5661616,-2.364926
2519,2025-01-27,SZ.ZB_000762,西藏矿业,能源金属,2.5660753,-2.4528496
2520,2025-01-27,SH.KC_300824,北鼎股份,家电行业,2.5657983,-2.5048487
2521,2025-01-27,SH.ZB_600217,中再资环,环保行业,2.5654302,-2.3160741
2522,2025-01-27,SZ.ZB_000598,兴蓉环境,公用事业,2.5650308,-2.7694924
2523,2025-01-27,SH.KC_301539,宏鑫科技,汽车零部件,2.564393,-2.4214473
2524,2025-01-27,SH.ZB_605158,华达新材,钢铁行业,2.5642574,-2.5673163
2525,2025-01-27,SZ.ZB_002218,拓日新能,光伏设备,2.5634959,-2.302315
2526,2025-01-27,SH.ZB_603956,威派格,专用设备,2.5634527,-2.7966146
2527,2025-01-27,SZ.ZB_002328,新朋股份,汽车零部件,2.5628269,-2.6910784
2528,2025-01-27,SH.ZB_600606,绿地控股,房地产开发,2.562642,-2.140185
2529,2025-01-27,SH.KC_301555,惠柏新材,化学制品,2.562493,-2.9036372
2530,2025-01-27,SZ.ZB_002283,天润工业,汽车零部件,2.5615602,-2.979524
2531,2025-01-27,SZ.ZB_002976,瑞玛精密,汽车零部件,2.5613024,-2.505712
2532,2025-01-27,SH.KC_688219,会通股份,塑料制品,2.5598288,-3.0636919
2533,2025-01-27,SH.KC_688358,祥生医疗,医疗器械,2.5595949,-4.0164175
2534,2025-01-27,SH.KC_301023,江南奕帆,电机,2.559556,-3.0668547
2535,2025-01-27,SH.KC_300120,经纬辉开,光学光电子,2.5573955,-2.3540087
2536,2025-01-27,SH.KC_688068,热景生物,医疗器械,2.5561838,-3.4481685
2537,2025-01-27,SH.ZB_603690,至纯科技,专用设备,2.5556087,-1.6584992
2538,2025-01-27,SZ.ZB_002397,梦洁股份,纺织服装,2.5554373,-3.4841585
2539,2025-01-27,SZ.ZB_002326,永太科技,化学制品,2.5553017,-2.1057692
2540,2025-01-27,SZ.ZB_002391,长青股份,农药兽药,2.5538697,-2.756946
2541,2025-01-27,SZ.ZB_002475,立讯精密,消费电子,2.5506616,-2.9031265
2542,2025-01-27,SH.KC_688363,华熙生物,美容护理,2.5500014,-2.313553
2543,2025-01-27,SH.KC_300006,莱美药业,化学制药,2.549857,-2.0853994
2544,2025-01-27,SZ.ZB_002989,中天精装,装修装饰,2.5494604,-3.911808
2545,2025-01-27,SH.KC_300286,安科瑞,电网设备,2.5491939,-2.9137514
2546,2025-01-27,SH.KC_300241,瑞丰光电,光学光电子,2.5490494,-2.8699136
2547,2025-01-27,SH.KC_300929,华骐环保,环保行业,2.5489852,-2.905313
2548,2025-01-27,SH.KC_300611,美力科技,汽车零部件,2.5471597,-3.3636403
2549,2025-01-27,SH.ZB_603227,雪峰科技,化学制品,2.5468423,-2.523254
2550,2025-01-27,SH.ZB_603333,尚纬股份,电网设备,2.546458,-2.6488743
2551,2025-01-27,SH.KC_688177,百奥泰,生物制品,2.5460124,-2.3711653
2552,2025-01-27,SZ.ZB_001260,坤泰股份,汽车零部件,2.5460124,-3.0601544
2553,2025-01-27,SZ.ZB_002809,红墙股份,化学制品,2.5455878,-3.0666778
2554,2025-01-27,SZ.ZB_001965,招商公路,铁路公路,2.5455549,-2.374782
2555,2025-01-27,SH.KC_688578,艾力斯,化学制药,2.5441215,-3.9385781
2556,2025-01-27,SH.KC_300253,卫宁健康,软件开发,2.54305,-2.72824
2557,2025-01-27,SH.ZB_600155,华创云信,证券,2.5423794,-2.1456213
2558,2025-01-27,SH.ZB_603396,金辰股份,光伏设备,2.5420785,-2.5360255
2559,2025-01-27,SH.KC_300329,海伦钢琴,家用轻工,2.5420322,-3.4735587
2560,2025-01-27,SZ.ZB_000025,特  力Ａ,珠宝首饰,2.541563,-2.4442825
2561,2025-01-27,SZ.ZB_002219,新里程,医疗服务,2.5390341,-2.5418732
2562,2025-01-27,SH.ZB_601567,三星医疗,电网设备,2.5388062,-2.8219194
2563,2025-01-27,SH.ZB_603220,中贝通信,通信服务,2.538684,-3.339839
2564,2025-01-27,SH.ZB_601279,英利汽车,汽车零部件,2.537544,-2.1269393
2565,2025-01-27,SH.KC_301221,光庭信息,软件开发,2.536571,-2.7296517
2566,2025-01-27,SZ.ZB_002085,万丰奥威,汽车零部件,2.5351286,-2.4879715
2567,2025-01-27,SH.KC_300970,华绿生物,农牧饲渔,2.5332942,-2.6190765
2568,2025-01-27,SZ.ZB_002380,科远智慧,互联网服务,2.5329337,-2.6612747
2569,2025-01-27,SH.ZB_600100,同方股份,计算机设备,2.5323062,-2.9051025
2570,2025-01-27,SH.ZB_600958,东方证券,证券,2.5322213,-2.626358
2571,2025-01-27,SH.KC_688612,威迈斯,汽车零部件,2.5316105,-2.7958465
2572,2025-01-27,SZ.ZB_000701,厦门信达,商业百货,2.5312648,-1.8207381
2573,2025-01-27,SZ.ZB_002544,普天科技,通信服务,2.5302901,-3.1165195
2574,2025-01-27,SH.ZB_603286,日盈电子,汽车零部件,2.5299997,-5.0798826
2575,2025-01-27,SZ.ZB_002945,华林证券,证券,2.5288672,-4.4575706
2576,2025-01-27,SH.ZB_601992,金隅集团,水泥建材,2.5276423,-2.7281668
2577,2025-01-27,SZ.ZB_002023,海特高新,航天航空,2.5243223,-2.541456
2578,2025-01-27,SH.KC_688056,莱伯泰科,仪器仪表,2.5241957,-3.250498
2579,2025-01-27,SH.KC_688636,智明达,互联网服务,2.5241032,-3.099757
2580,2025-01-27,SZ.ZB_002035,华帝股份,家电行业,2.523452,-2.2217486
2581,2025-01-27,SH.ZB_600602,云赛智联,软件开发,2.5212407,-3.3339453
2582,2025-01-27,SH.ZB_600576,祥源文旅,旅游酒店,2.5212123,-3.130743
2583,2025-01-27,SH.KC_688131,皓元医药,化学制药,2.521099,-3.4584374
2584,2025-01-27,SZ.ZB_002724,海洋王,电子元件,2.5210202,-1.7992563
2585,2025-01-27,SH.ZB_600010,包钢股份,钢铁行业,2.5183291,-2.7910466
2586,2025-01-27,SZ.ZB_000626,远大控股,贸易行业,2.5181592,-2.3328538
2587,2025-01-27,SH.KC_301289,国缆检测,专业服务,2.5173573,-2.758264
2588,2025-01-27,SH.KC_300214,日科化学,塑料制品,2.5171175,-2.3295052
2589,2025-01-27,SH.KC_688739,成大生物,生物制品,2.5169075,-2.7649415
2590,2025-01-27,SZ.ZB_003003,天元股份,包装材料,2.5164843,-3.2352552
2591,2025-01-27,SH.KC_301519,舜禹股份,专用设备,2.515857,-2.3730965
2592,2025-01-27,SZ.ZB_000975,山金国际,贵金属,2.515392,-2.7761188
2593,2025-01-27,SZ.ZB_002279,久其软件,软件开发,2.515392,-3.5720263
2594,2025-01-27,SH.KC_300513,恒实科技,通信服务,2.514571,-2.6708345
2595,2025-01-27,SH.KC_300957,贝泰妮,美容护理,2.5141926,-2.2375948
2596,2025-01-27,SH.KC_301067,显盈科技,消费电子,2.5134473,-3.0066342
2597,2025-01-27,SH.ZB_600391,航发科技,航天航空,2.5132,-2.334597
2598,2025-01-27,SH.KC_300928,华安鑫创,汽车零部件,2.5129259,-2.3077364
2599,2025-01-27,SH.ZB_601996,丰林集团,装修建材,2.5127082,-2.3647416
2600,2025-01-27,SH.KC_301163,宏德股份,风电设备,2.5114357,-2.7409794
2601,2025-01-27,SH.ZB_603677,奇精机械,家电行业,2.5110767,-2.9032395
2602,2025-01-27,SH.ZB_600616,金枫酒业,酿酒行业,2.5106966,-2.4538286
2603,2025-01-27,SH.KC_300135,宝利国际,化学制品,2.510509,-2.880898
2604,2025-01-27,SZ.ZB_002541,鸿路钢构,水泥建材,2.509676,-3.0938993
2605,2025-01-27,SH.KC_688472,阿特斯,光伏设备,2.5092795,-2.3247073
2606,2025-01-27,SH.ZB_601588,北辰实业,房地产服务,2.5087655,-2.438924
2607,2025-01-27,SH.KC_688484,南芯科技,半导体,2.5084362,-2.8362305
2608,2025-01-27,SH.KC_688631,莱斯信息,软件开发,2.5083377,-3.4287848
2609,2025-01-27,SZ.ZB_002961,瑞达期货,多元金融,2.5069013,-2.896401
2610,2025-01-27,SH.ZB_601156,东航物流,物流行业,2.506657,-3.2571416
2611,2025-01-27,SH.KC_300319,麦捷科技,光学光电子,2.5036545,-3.026155
2612,2025-01-27,SH.KC_688222,成都先导,医疗服务,2.503583,-3.108193
2613,2025-01-27,SH.KC_688238,和元生物,医疗服务,2.5035546,-2.4498475
2614,2025-01-27,SH.KC_688582,芯动联科,电子元件,2.5033474,-3.3067384
2615,2025-01-27,SZ.ZB_002405,四维图新,软件开发,2.5027857,-2.4519157
2616,2025-01-27,SH.KC_300321,同大股份,化学制品,2.502358,-3.2550778
2617,2025-01-27,SH.KC_300048,合康新能,专用设备,2.5023208,-2.505134
2618,2025-01-27,SH.KC_300018,中元股份,电网设备,2.5011494,-2.7662601
2619,2025-01-27,SH.ZB_605377,华旺科技,造纸印刷,2.500382,-2.267404
2620,2025-01-27,SH.KC_301387,光大同创,消费电子,2.5003657,-2.4559398
2621,2025-01-27,SH.ZB_600662,外服控股,专业服务,2.4999306,-2.678906
2622,2025-01-27,SZ.ZB_002679,福建金森,农牧饲渔,2.4995341,-2.6855028
2623,2025-01-27,SH.ZB_603301,振德医疗,医疗器械,2.4995162,-2.572232
2624,2025-01-27,SZ.ZB_000532,华金资本,综合行业,2.4985776,-2.9313302
2625,2025-01-27,SH.KC_301391,卡莱特,计算机设备,2.498427,-3.5833426
2626,2025-01-27,SH.KC_301188,力诺药包,玻璃玻纤,2.4978967,-2.9475946
2627,2025-01-27,SH.KC_300749,顶固集创,装修建材,2.496928,-3.1011698
2628,2025-01-27,SH.ZB_603697,有友食品,食品饮料,2.495712,-3.1171935
2629,2025-01-27,SH.KC_300587,天铁科技,橡胶制品,2.4950848,-2.1760008
2630,2025-01-27,SH.KC_300254,仟源医药,化学制药,2.4948776,-2.4792173
2631,2025-01-27,SZ.ZB_002918,蒙娜丽莎,装修建材,2.4944603,-2.0589938
2632,2025-01-27,SH.KC_300122,智飞生物,生物制品,2.4943457,-2.3288312
2633,2025-01-27,SH.KC_688356,键凯科技,化学制药,2.4935274,-2.269408
2634,2025-01-27,SH.KC_300836,佰奥智能,专用设备,2.4925754,-3.3880816
2635,2025-01-27,SH.KC_301089,拓新药业,化学制药,2.4913058,-2.5226884
2636,2025-01-27,SZ.ZB_000037,深南电A,电力行业,2.489862,-2.3351066
2637,2025-01-27,SH.ZB_600099,林海股份,交运设备,2.489719,-2.8104656
2638,2025-01-27,SH.ZB_601696,中银证券,证券,2.4896607,-2.6944706
2639,2025-01-27,SH.ZB_600707,彩虹股份,光学光电子,2.489525,-3.9895065
2640,2025-01-27,SH.KC_301113,雅艺科技,装修装饰,2.4879978,-2.876983
2641,2025-01-27,SZ.ZB_001296,长江材料,非金属材料,2.4848223,-3.1807284
2642,2025-01-27,SZ.ZB_000933,神火股份,有色金属,2.4845421,-2.9556105
2643,2025-01-27,SH.ZB_600860,京城股份,通用设备,2.4832249,-2.5272427
2644,2025-01-27,SH.KC_300008,天海防务,船舶制造,2.483113,-2.2288475
2645,2025-01-27,SH.ZB_601399,国机重装,专用设备,2.4806693,-2.2265844
2646,2025-01-27,SH.ZB_601375,中原证券,证券,2.4806187,-2.3893378
2647,2025-01-27,SH.KC_688678,福立旺,消费电子,2.479644,-3.29799
2648,2025-01-27,SH.KC_688271,联影医疗,医疗器械,2.4791746,-2.7975469
2649,2025-01-27,SH.KC_688186,广大特材,风电设备,2.4776907,-3.3456404
2650,2025-01-27,SH.KC_688349,三一重能,风电设备,2.4774642,-1.9727923
2651,2025-01-27,SH.KC_300767,震安科技,橡胶制品,2.4762182,-3.4528806
2652,2025-01-27,SH.KC_300570,太辰光,通信设备,2.4761498,-6.607086
2653,2025-01-27,SH.KC_300244,迪安诊断,医疗服务,2.4759798,-2.6096737
2654,2025-01-27,SH.KC_300596,利安隆,塑料制品,2.4759367,-2.633527
2655,2025-01-27,SZ.ZB_000852,石化机械,专用设备,2.4753392,-2.754555
2656,2025-01-27,SH.ZB_601778,晶科科技,电力行业,2.4753242,-2.3383806
2657,2025-01-27,SH.ZB_603976,正川股份,医疗器械,2.4740682,-2.7140326
2658,2025-01-27,SZ.ZB_002324,普利特,塑料制品,2.4721951,-2.7780359
2659,2025-01-27,SH.KC_300740,水羊股份,美容护理,2.4717286,-2.23855
2660,2025-01-27,SH.ZB_603663,三祥新材,化学原料,2.4710922,-3.0224078
2661,2025-01-27,SZ.ZB_000620,新华联,房地产开发,2.4710326,-2.6000216
2662,2025-01-27,SH.KC_301032,新柴股份,通用设备,2.469729,-2.377086
2663,2025-01-27,SH.ZB_603198,迎驾贡酒,酿酒行业,2.4692252,-2.9367716
2664,2025-01-27,SZ.ZB_002962,五方光电,光学光电子,2.4685874,-2.7119164
2665,2025-01-27,SZ.ZB_002067,景兴纸业,造纸印刷,2.4683728,-2.5435398
2666,2025-01-27,SH.KC_300111,向日葵,化学制药,2.4680467,-2.614515
2667,2025-01-27,SH.KC_688247,宣泰医药,生物制品,2.4668827,-3.0966191
2668,2025-01-27,SH.ZB_600650,锦江在线,铁路公路,2.4663448,-2.4332664
2669,2025-01-27,SH.ZB_600760,中航沈飞,航天航空,2.4648488,-2.7052636
2670,2025-01-27,SH.KC_301332,德尔玛,家电行业,2.464731,-2.4584775
2671,2025-01-27,SH.ZB_605188,国光连锁,商业百货,2.4646952,-2.414814
2672,2025-01-27,SZ.ZB_002194,武汉凡谷,通信设备,2.4634137,-2.3482897
2673,2025-01-27,SH.KC_688550,瑞联新材,电子化学品,2.4628134,-2.8549137
2674,2025-01-27,SH.ZB_603256,宏和科技,玻璃玻纤,2.4624004,-3.0531983
2675,2025-01-27,SH.KC_688563,航材股份,航天航空,2.4622858,-2.459996
2676,2025-01-27,SZ.ZB_002813,路畅科技,汽车零部件,2.462168,-2.219503
2677,2025-01-27,SZ.ZB_002360,同德化工,化学制品,2.4614363,-2.326272
2678,2025-01-27,SH.KC_300005,探路者,纺织服装,2.4607718,-2.6353626
2679,2025-01-27,SH.KC_688280,精进电动-UW,汽车零部件,2.4607406,-2.6772654
2680,2025-01-27,SH.ZB_605056,咸亨国际,仪器仪表,2.4605408,-3.0841844
2681,2025-01-27,SH.ZB_601336,新华保险,保险,2.4605303,-3.0362544
2682,2025-01-27,SH.ZB_603365,水星家纺,纺织服装,2.4600208,-2.339342
2683,2025-01-27,SZ.ZB_002939,长城证券,证券,2.459918,-2.6976006
2684,2025-01-27,SZ.ZB_002795,永和智控,通用设备,2.4589553,-4.2464876
2685,2025-01-27,SH.KC_300407,凯发电气,电网设备,2.458766,-2.451686
2686,2025-01-27,SZ.ZB_002692,远程股份,电网设备,2.458471,-2.323567
2687,2025-01-27,SH.ZB_603683,晶华新材,化学制品,2.458167,-3.0275393
2688,2025-01-27,SH.KC_301160,翔楼新材,汽车零部件,2.4565682,-3.4482586
2689,2025-01-27,SH.ZB_601155,新城控股,房地产开发,2.455847,-2.6404512
2690,2025-01-27,SH.KC_300110,华仁药业,化学制药,2.4555936,-1.0331355
2691,2025-01-27,SH.KC_300680,隆盛科技,汽车零部件,2.4553685,-5.242088
2692,2025-01-27,SZ.ZB_000657,中钨高新,小金属,2.4552286,-2.6598828
2693,2025-01-27,SZ.ZB_000718,苏宁环球,房地产开发,2.4552166,-2.4607463
2694,2025-01-27,SH.KC_301258,富士莱,化学制药,2.4543195,-2.759566
2695,2025-01-27,SZ.ZB_002017,东信和平,通信设备,2.453682,-2.4225304
2696,2025-01-27,SH.KC_688576,西山科技,医疗器械,2.4530678,-2.512092
2697,2025-01-27,SH.KC_688197,首药控股-U,生物制品,2.4519622,-3.0287304
2698,2025-01-27,SH.ZB_601788,光大证券,证券,2.4510756,-2.4814415
2699,2025-01-27,SZ.ZB_002846,英联股份,包装材料,2.4507463,-2.5865405
2700,2025-01-27,SZ.ZB_000811,冰轮环境,通用设备,2.4506183,-3.3834994
2701,2025-01-27,SH.KC_300880,迦南智能,电网设备,2.4503827,-2.717269
2702,2025-01-27,SZ.ZB_000607,华媒控股,文化传媒,2.450262,-2.765655
2703,2025-01-27,SZ.ZB_002906,华阳集团,汽车零部件,2.4493277,-2.3181224
2704,2025-01-27,SZ.ZB_002852,道道全,食品饮料,2.446568,-2.808348
2705,2025-01-27,SH.KC_300911,亿田智能,家电行业,2.4462686,-3.0797791
2706,2025-01-27,SH.KC_300905,宝丽迪,塑料制品,2.4453297,-2.4987996
2707,2025-01-27,SZ.ZB_002761,浙江建投,工程建设,2.4449527,-2.4710855
2708,2025-01-27,SH.KC_300181,佐力药业,中药,2.4443402,-2.4458516
2709,2025-01-27,SH.ZB_600527,江南高纤,化纤行业,2.4440675,-2.4453564
2710,2025-01-27,SH.ZB_601377,兴业证券,证券,2.4439797,-2.7179816
2711,2025-01-27,SZ.ZB_002243,力合科创,美容护理,2.4439633,-2.5744078
2712,2025-01-27,SH.KC_300342,天银机电,家电行业,2.4436593,-2.795037
2713,2025-01-27,SH.ZB_600812,华北制药,化学制药,2.4432824,-3.4131818
2714,2025-01-27,SZ.ZB_002315,焦点科技,互联网服务,2.442275,-4.1903315
2715,2025-01-27,SH.ZB_605255,天普股份,汽车零部件,2.4419591,-2.736485
2716,2025-01-27,SZ.ZB_002643,万润股份,电子化学品,2.439001,-2.2393644
2717,2025-01-27,SH.KC_300641,正丹股份,化学制品,2.438292,-3.3140004
2718,2025-01-27,SH.ZB_600061,国投资本,证券,2.4368896,-2.71516
2719,2025-01-27,SH.KC_688067,爱威科技,医疗器械,2.4337947,-3.4585686
2720,2025-01-27,SH.KC_688185,康希诺,生物制品,2.4322524,-2.88706
2721,2025-01-27,SH.KC_688506,百利天恒-U,生物制品,2.4306178,-2.8051584
2722,2025-01-27,SH.ZB_603755,日辰股份,食品饮料,2.4305418,-2.6631327
2723,2025-01-27,SH.ZB_603590,康辰药业,生物制品,2.4302273,-3.2799568
2724,2025-01-27,SZ.ZB_002487,大金重工,风电设备,2.4289637,-2.646338
2725,2025-01-27,SH.KC_301057,汇隆新材,化纤行业,2.4285629,-2.7808197
2726,2025-01-27,SH.ZB_603803,瑞斯康达,通信设备,2.4281712,-4.879728
2727,2025-01-27,SH.KC_301359,东南电子,电子元件,2.4266033,-2.7038896
2728,2025-01-27,SH.KC_688558,国盛智科,通用设备,2.4261951,-2.9499028
2729,2025-01-27,SH.ZB_600739,辽宁成大,贸易行业,2.4257393,-2.3663468
2730,2025-01-27,SH.KC_688419,耐科装备,专用设备,2.42455,-3.226642
2731,2025-01-27,SH.ZB_600567,山鹰国际,造纸印刷,2.4234817,-1.9797239
2732,2025-01-27,SH.ZB_603385,惠达卫浴,装修装饰,2.4231524,-3.0864937
2733,2025-01-27,SH.ZB_603577,汇金通,电网设备,2.4224625,-2.8761415
2734,2025-01-27,SH.ZB_603578,三星新材,家电行业,2.422078,-2.4284406
2735,2025-01-27,SH.ZB_605258,协和电子,电子元件,2.421461,-2.8990417
2736,2025-01-27,SZ.ZB_002801,微光股份,电机,2.4211123,-3.2895036
2737,2025-01-27,SH.ZB_600783,鲁信创投,非金属材料,2.420868,-2.3163085
2738,2025-01-27,SH.KC_301090,华润材料,化学原料,2.4202406,-2.4270082
2739,2025-01-27,SH.KC_300586,美联新材,塑料制品,2.4189591,-2.6922681
2740,2025-01-27,SH.KC_301137,哈焊华通,通用设备,2.418898,-2.4672842
2741,2025-01-27,SZ.ZB_002957,科瑞技术,专用设备,2.4181828,-2.7631788
2742,2025-01-27,SH.ZB_600854,春兰股份,家电行业,2.418071,-2.4855456
2743,2025-01-27,SH.ZB_603727,博迈科,采掘行业,2.4176211,-2.9297605
2744,2025-01-27,SZ.ZB_002573,清新环境,环保行业,2.417524,-2.6424568
2745,2025-01-27,SH.KC_688357,建龙微纳,非金属材料,2.4174228,-2.7685046
2746,2025-01-27,SH.ZB_603709,中源家居,装修建材,2.4172096,-3.451489
2747,2025-01-27,SH.KC_688120,华海清科,半导体,2.4158702,-2.3024414
2748,2025-01-27,SH.ZB_600007,中国国贸,房地产开发,2.4147062,-3.030759
2749,2025-01-27,SH.ZB_603931,格林达,电子化学品,2.4142966,-2.459703
2750,2025-01-27,SZ.ZB_002249,大洋电机,电机,2.413878,-2.6521351
2751,2025-01-27,SH.ZB_600768,宁波富邦,有色金属,2.413547,-2.7949057
2752,2025-01-27,SH.ZB_600728,佳都科技,软件开发,2.4123728,-2.9763367
2753,2025-01-27,SZ.ZB_002044,美年健康,医疗服务,2.4117813,-2.3264143
2754,2025-01-27,SH.ZB_603580,艾艾精工,塑料制品,2.4111657,-2.4593935
2755,2025-01-27,SH.ZB_603052,可川科技,电子元件,2.4102972,-2.8944693
2756,2025-01-27,SH.KC_301398,星源卓镁,汽车零部件,2.4087622,-2.915059
2757,2025-01-27,SZ.ZB_002600,领益智造,消费电子,2.406499,-3.1517248
2758,2025-01-27,SH.ZB_605028,世茂能源,电力行业,2.4060993,-2.5336468
2759,2025-01-27,SH.KC_300566,激智科技,光学光电子,2.4059682,-3.3656087
2760,2025-01-27,SH.KC_300745,欣锐科技,汽车零部件,2.405438,-2.600679
2761,2025-01-27,SH.KC_300907,康平科技,电机,2.4048195,-2.7985282
2762,2025-01-27,SZ.ZB_002090,金智科技,电网设备,2.4046376,-2.6154258
2763,2025-01-27,SH.ZB_600784,鲁银投资,综合行业,2.404581,-3.0284302
2764,2025-01-27,SH.ZB_603345,安井食品,食品饮料,2.4040847,-2.3227289
2765,2025-01-27,SH.ZB_600992,贵绳股份,通用设备,2.4036674,-2.2341418
2766,2025-01-27,SH.ZB_603290,斯达半导,半导体,2.4032295,-2.2868898
2767,2025-01-27,SH.KC_688163,赛伦生物,生物制品,2.4014056,-2.580873
2768,2025-01-27,SH.ZB_603098,森特股份,工程建设,2.4012299,-2.720696
2769,2025-01-27,SH.ZB_600814,杭州解百,商业百货,2.400954,-2.4349883
2770,2025-01-27,SH.ZB_600103,青山纸业,造纸印刷,2.3988888,-2.5161426
2771,2025-01-27,SH.KC_300400,劲拓股份,专用设备,2.398014,-2.9443471
2772,2025-01-27,SZ.ZB_000722,湖南发展,电力行业,2.3972778,-2.379656
2773,2025-01-27,SZ.ZB_002333,罗普斯金,装修建材,2.3972466,-3.1164634
2774,2025-01-27,SH.KC_688601,力芯微,半导体,2.3966312,-2.418943
2775,2025-01-27,SH.ZB_603686,福龙马,环保行业,2.3955703,-3.3051703
2776,2025-01-27,SH.KC_301322,绿通科技,交运设备,2.392073,-2.5257573
2777,2025-01-27,SH.KC_301388,欣灵电气,电网设备,2.3908882,-2.6090438
2778,2025-01-27,SH.ZB_603088,宁波精达,通用设备,2.3906097,-2.5791967
2779,2025-01-27,SH.KC_688646,逸飞激光,专用设备,2.3899868,-3.9927912
2780,2025-01-27,SH.ZB_600515,海南机场,航空机场,2.388437,-2.407451
2781,2025-01-27,SH.KC_301378,通达海,软件开发,2.3871825,-2.6875753
2782,2025-01-27,SH.ZB_600771,广誉远,中药,2.387011,-2.568099
2783,2025-01-27,SH.KC_301135,瑞德智能,消费电子,2.3863225,-2.591018
2784,2025-01-27,SH.KC_688061,灿瑞科技,半导体,2.384837,-2.7898455
2785,2025-01-27,SH.KC_301086,鸿富瀚,消费电子,2.3839593,-2.8690665
2786,2025-01-27,SH.KC_300483,首华燃气,燃气,2.3835824,-2.2627604
2787,2025-01-27,SH.KC_301025,读客文化,文化传媒,2.380842,-3.5340607
2788,2025-01-27,SH.KC_300183,东软载波,通信服务,2.3806498,-2.9609795
2789,2025-01-27,SH.ZB_603296,华勤技术,消费电子,2.3796334,-4.505401
2790,2025-01-27,SH.KC_301051,信濠光电,玻璃玻纤,2.379331,-2.5043883
2791,2025-01-27,SH.KC_688591,泰凌微,半导体,2.378571,-4.0658755
2792,2025-01-27,SH.KC_688323,瑞华泰,塑料制品,2.3773968,-3.4584045
2793,2025-01-27,SH.ZB_601326,秦港股份,航运港口,2.376318,-2.6391962
2794,2025-01-27,SH.KC_688586,江航装备,航天航空,2.3735285,-2.6917174
2795,2025-01-27,SZ.ZB_002676,顺威股份,家电行业,2.3732708,-3.0032222
2796,2025-01-27,SH.KC_300828,锐新科技,有色金属,2.3716853,-2.4785044
2797,2025-01-27,SH.KC_688036,传音控股,消费电子,2.3708954,-3.199643
2798,2025-01-27,SH.KC_300644,南京聚隆,塑料制品,2.369617,-2.8531435
2799,2025-01-27,SH.KC_688353,华盛锂电,化学制品,2.3695335,-2.2973187
2800,2025-01-27,SH.KC_688655,迅捷兴,电子元件,2.3693502,-2.9415898
2801,2025-01-27,SH.KC_300955,嘉亨家化,美容护理,2.3673086,-2.5427704
2802,2025-01-27,SZ.ZB_001219,青岛食品,食品饮料,2.3660212,-2.4019637
2803,2025-01-27,SH.KC_300665,飞鹿股份,化学制品,2.3626776,-2.567141
2804,2025-01-27,SH.KC_300978,东箭科技,汽车零部件,2.3623273,-2.5920272
2805,2025-01-27,SZ.ZB_002535,林州重机,专用设备,2.3605301,-2.3820567
2806,2025-01-27,SH.ZB_603757,大元泵业,通用设备,2.360253,-2.7889483
2807,2025-01-27,SH.KC_688171,纬德信息,软件开发,2.3601294,-2.981592
2808,2025-01-27,SH.KC_300618,寒锐钴业,能源金属,2.3589268,-2.4264193
2809,2025-01-27,SZ.ZB_002301,齐心集团,家用轻工,2.3588195,-2.5191195
2810,2025-01-27,SH.KC_688248,南网科技,电网设备,2.3581982,-2.49797
2811,2025-01-27,SH.KC_301386,未来电器,电源设备,2.3577049,-2.2004778
2812,2025-01-27,SH.KC_300221,银禧科技,塑料制品,2.357687,-3.9842765
2813,2025-01-27,SH.ZB_600346,恒力石化,化纤行业,2.357465,-2.7291965
2814,2025-01-27,SH.ZB_603119,浙江荣泰,非金属材料,2.357404,-4.8043327
2815,2025-01-27,SZ.ZB_002302,西部建设,水泥建材,2.3568778,-2.3850994
2816,2025-01-27,SZ.ZB_001288,运机集团,工程机械,2.3567498,-2.7014532
2817,2025-01-27,SZ.ZB_002344,海宁皮城,商业百货,2.3564637,-2.097125
2818,2025-01-27,SH.KC_301156,美农生物,农牧饲渔,2.3560703,-2.6900299
2819,2025-01-27,SH.KC_688391,钜泉科技,半导体,2.3555665,-2.6161249
2820,2025-01-27,SZ.ZB_002697,红旗连锁,商业百货,2.3550496,-1.991019
2821,2025-01-27,SZ.ZB_000717,中南股份,钢铁行业,2.3549929,-2.1384768
2822,2025-01-27,SZ.ZB_000563,陕国投Ａ,多元金融,2.354823,-2.8758924
2823,2025-01-27,SH.ZB_600325,华发股份,房地产开发,2.352509,-2.6754384
2824,2025-01-27,SH.KC_688212,澳华内镜,医疗器械,2.3524551,-3.0811284
2825,2025-01-27,SH.ZB_600106,重庆路桥,铁路公路,2.3508072,-2.5436313
2826,2025-01-27,SZ.ZB_001238,浙江正特,装修建材,2.3463786,-4.234527
2827,2025-01-27,SZ.ZB_002888,惠威科技,消费电子,2.3452237,-2.8328228
2828,2025-01-27,SZ.ZB_000822,山东海化,化学原料,2.3428931,-1.8878113
2829,2025-01-27,SZ.ZB_002703,浙江世宝,汽车零部件,2.3418784,-2.6857748
2830,2025-01-27,SH.KC_300534,陇神戎发,中药,2.3411856,-2.380008
2831,2025-01-27,SZ.ZB_002378,章源钨业,小金属,2.3404598,-2.3385904
2832,2025-01-27,SZ.ZB_002823,凯中精密,电机,2.34036,-3.163647
2833,2025-01-27,SZ.ZB_000655,金岭矿业,钢铁行业,2.339779,-3.161272
2834,2025-01-27,SZ.ZB_002546,新联电子,电网设备,2.3393602,-3.3739104
2835,2025-01-27,SZ.ZB_000926,福星股份,房地产开发,2.338925,-2.4552925
2836,2025-01-27,SH.KC_300105,龙源技术,电源设备,2.3387089,-2.0530365
2837,2025-01-27,SH.KC_300469,信息发展,软件开发,2.3384242,-3.7617624
2838,2025-01-27,SH.KC_300972,万辰集团,农牧饲渔,2.3382769,-5.9975333
2839,2025-01-27,SH.ZB_601068,中铝国际,工程建设,2.3377748,-2.3126867
2840,2025-01-27,SZ.ZB_002709,天赐材料,化学制品,2.3376822,-2.4326856
2841,2025-01-27,SH.KC_688606,奥泰生物,医疗器械,2.3366065,-3.2844834
2842,2025-01-27,SH.KC_300327,中颖电子,半导体,2.335553,-2.520347
2843,2025-01-27,SH.KC_688338,赛科希德,医疗器械,2.3340106,-2.3927324
2844,2025-01-27,SH.ZB_600227,赤天化,化肥行业,2.3336263,-2.2459283
2845,2025-01-27,SH.KC_688600,皖仪科技,仪器仪表,2.3331628,-3.2233677
2846,2025-01-27,SH.ZB_603416,信捷电气,专用设备,2.3318067,-3.4087818
2847,2025-01-27,SZ.ZB_002644,佛慈制药,中药,2.3315206,-2.615685
2848,2025-01-27,SH.KC_688315,诺禾致源,医疗服务,2.3309498,-2.9106777
2849,2025-01-27,SH.ZB_605266,健之佳,医药商业,2.3308158,-3.166389
2850,2025-01-27,SH.ZB_605399,晨光新材,化学制品,2.3303137,-2.5984352
2851,2025-01-27,SH.KC_300423,昇辉科技,电网设备,2.3290992,-2.6599224
2852,2025-01-27,SH.KC_300575,中旗股份,农药兽药,2.3283436,-2.5729594
2853,2025-01-27,SH.ZB_603701,德宏股份,汽车零部件,2.3280442,-2.352566
2854,2025-01-27,SZ.ZB_002440,闰土股份,化学制品,2.3278208,-3.2970734
2855,2025-01-27,SZ.ZB_000546,金圆股份,环保行业,2.3267314,-2.5310035
2856,2025-01-27,SZ.ZB_002840,华统股份,食品饮料,2.3267179,-2.457547
2857,2025-01-27,SH.KC_688718,唯赛勃,专用设备,2.3264618,-2.4514365
2858,2025-01-27,SH.KC_688116,天奈科技,化学制品,2.3255916,-2.7408707
2859,2025-01-27,SZ.ZB_002828,贝肯能源,采掘行业,2.3252652,-2.390021
2860,2025-01-27,SZ.ZB_002890,弘宇股份,专用设备,2.322474,-3.1795907
2861,2025-01-27,SH.KC_301314,科瑞思,通信设备,2.3200228,-2.7466385
2862,2025-01-27,SH.KC_688255,凯尔达,专用设备,2.3198292,-6.7261295
2863,2025-01-27,SZ.ZB_000881,中广核技,化学制品,2.3194938,-2.5714283
2864,2025-01-27,SH.KC_300225,金力泰,化学制品,2.3183374,-2.93009
2865,2025-01-27,SH.ZB_603055,台华新材,纺织服装,2.3157506,-2.5277507
2866,2025-01-27,SH.KC_300545,联得装备,光学光电子,2.3143797,-2.9105794
2867,2025-01-27,SH.KC_688382,益方生物-U,生物制品,2.3133085,-3.2084436
2868,2025-01-27,SH.KC_688507,索辰科技,软件开发,2.3131773,-4.08139
2869,2025-01-27,SH.ZB_600266,城建发展,房地产开发,2.3128316,-2.4101446
2870,2025-01-27,SH.ZB_603520,司太立,化学制药,2.3125231,-2.7289145
2871,2025-01-27,SH.ZB_603229,奥翔药业,化学制药,2.312337,-2.354074
2872,2025-01-27,SH.KC_688516,奥特维,光伏设备,2.3119717,-2.6449473
2873,2025-01-27,SH.KC_301097,天益医疗,医疗器械,2.3090034,-2.753543
2874,2025-01-27,SH.ZB_601111,中国国航,航空机场,2.3062646,-2.5338967
2875,2025-01-27,SH.KC_301060,兰卫医学,医疗器械,2.306202,-2.3927672
2876,2025-01-27,SH.KC_300389,艾比森,光学光电子,2.304481,-2.4545274
2877,2025-01-27,SH.ZB_605298,必得科技,交运设备,2.3034976,-2.4506843
2878,2025-01-27,SH.KC_688668,鼎通科技,通信设备,2.3028746,-5.105744
2879,2025-01-27,SH.ZB_601138,工业富联,消费电子,2.3003325,-3.5397358
2880,2025-01-27,SH.KC_300088,长信科技,光学光电子,2.2997067,-2.688539
2881,2025-01-27,SH.KC_300079,数码视讯,互联网服务,2.2995353,-3.058668
2882,2025-01-27,SH.KC_688389,普门科技,医疗器械,2.2992194,-2.6911232
2883,2025-01-27,SH.KC_301505,苏州规划,工程咨询服务,2.2990136,-2.3547423
2884,2025-01-27,SH.ZB_600886,国投电力,电力行业,2.2976801,-2.2553937
2885,2025-01-27,SH.ZB_600072,中船科技,风电设备,2.29692,-1.9942082
2886,2025-01-27,SH.KC_301138,华研精机,专用设备,2.2962644,-2.8839583
2887,2025-01-27,SZ.ZB_002963,豪尔赛,装修装饰,2.296257,-2.3739493
2888,2025-01-27,SH.KC_301323,新莱福,塑料制品,2.2954836,-4.191614
2889,2025-01-27,SH.KC_300585,奥联电子,汽车零部件,2.2941782,-2.739722
2890,2025-01-27,SH.KC_300320,海达股份,橡胶制品,2.2935345,-2.5571494
2891,2025-01-27,SH.ZB_601066,中信建投,证券,2.2923186,-2.4082732
2892,2025-01-27,SH.KC_301256,华融化学,化学原料,2.2908435,-2.410409
2893,2025-01-27,SH.KC_688501,青达环保,专用设备,2.2907763,-2.8707893
2894,2025-01-27,SH.ZB_603909,建发合诚,工程咨询服务,2.2900627,-2.8929348
2895,2025-01-27,SH.ZB_600717,天津港,航运港口,2.2897959,-2.452018
2896,2025-01-27,SH.KC_301083,百胜智能,专用设备,2.289462,-2.5656683
2897,2025-01-27,SH.KC_300817,双飞集团,通用设备,2.288027,-3.0570836
2898,2025-01-27,SH.ZB_600039,四川路桥,工程建设,2.2877307,-2.5656774
2899,2025-01-27,SH.KC_688211,中科微至,物流行业,2.2866964,-2.7150745
2900,2025-01-27,SH.KC_688268,华特气体,电子化学品,2.2857845,-2.3143845
2901,2025-01-27,SH.KC_300725,药石科技,化学制药,2.2839308,-2.7668598
2902,2025-01-27,SZ.ZB_002985,北摩高科,航天航空,2.282983,-2.4349658
2903,2025-01-27,SH.KC_688233,神工股份,半导体,2.282928,-2.2460198
2904,2025-01-27,SH.KC_300549,优德精密,专用设备,2.2828877,-2.5568516
2905,2025-01-27,SH.KC_300140,节能环境,环保行业,2.2817924,-2.5891287
2906,2025-01-27,SZ.ZB_002444,巨星科技,通用设备,2.2814722,-2.569547
2907,2025-01-27,SH.KC_688689,银河微电,半导体,2.281432,-2.61099
2908,2025-01-27,SH.KC_300485,赛升药业,生物制品,2.2811725,-2.6640394
2909,2025-01-27,SH.KC_688127,蓝特光学,光学光电子,2.2785873,-3.3962786
2910,2025-01-27,SH.ZB_603676,卫信康,化学制药,2.277854,-2.548474
2911,2025-01-27,SH.ZB_600118,中国卫星,航天航空,2.2774606,-2.1898086
2912,2025-01-27,SH.KC_688220,翱捷科技-U,半导体,2.2768974,-6.5138416
2913,2025-01-27,SH.KC_688681,科汇股份,电网设备,2.2767692,-3.26708
2914,2025-01-27,SH.ZB_603337,杰克股份,专用设备,2.276598,-3.2195606
2915,2025-01-27,SZ.ZB_002590,万安科技,汽车零部件,2.2764177,-2.1910663
2916,2025-01-27,SH.ZB_603006,联明股份,汽车零部件,2.275814,-2.8570337
2917,2025-01-27,SH.ZB_600157,永泰能源,电力行业,2.2753046,-2.4953036
2918,2025-01-27,SH.KC_301371,敷尔佳,美容护理,2.2750928,-2.5069964
2919,2025-01-27,SZ.ZB_000767,晋控电力,电力行业,2.2716582,-2.8526762
2920,2025-01-27,SZ.ZB_002606,大连电瓷,电网设备,2.2706838,-3.0516744
2921,2025-01-27,SH.KC_688690,纳微科技,化学制药,2.2697344,-2.8260813
2922,2025-01-27,SH.ZB_601901,方正证券,证券,2.269116,-2.5234158
2923,2025-01-27,SH.KC_688236,春立医疗,医疗器械,2.2688105,-2.3524885
2924,2025-01-27,SH.ZB_603786,科博达,汽车零部件,2.2685304,-3.2028263
2925,2025-01-27,SH.KC_301209,联合化学,化学原料,2.2675543,-3.4110103
2926,2025-01-27,SH.KC_301503,智迪科技,消费电子,2.2672758,-4.1167936
2927,2025-01-27,SH.KC_300234,开尔新材,装修建材,2.2669063,-2.4430552
2928,2025-01-27,SZ.ZB_002363,隆基机械,汽车零部件,2.2666306,-2.9609833
2929,2025-01-27,SH.ZB_605369,拱东医疗,医疗器械,2.2663534,-3.2400687
2930,2025-01-27,SH.KC_301237,和顺科技,塑料制品,2.265805,-2.5710127
2931,2025-01-27,SH.ZB_603327,福蓉科技,消费电子,2.2648528,-2.672757
2932,2025-01-27,SH.ZB_603900,莱绅通灵,珠宝首饰,2.263513,-2.2556736
2933,2025-01-27,SZ.ZB_000922,佳电股份,电机,2.2631078,-2.7446623
2934,2025-01-27,SH.KC_300523,辰安科技,互联网服务,2.2616296,-2.532407
2935,2025-01-27,SZ.ZB_002652,扬子新材,装修建材,2.2610352,-2.5691614
2936,2025-01-27,SZ.ZB_002146,荣盛发展,房地产开发,2.2609174,-2.0611672
2937,2025-01-27,SZ.ZB_002739,万达电影,文化传媒,2.2603168,-2.6199255
2938,2025-01-27,SH.KC_300512,中亚股份,专用设备,2.2599669,-2.7323666
2939,2025-01-27,SZ.ZB_002845,同兴达,光学光电子,2.258928,-2.805557
2940,2025-01-27,SZ.ZB_002480,新筑股份,通用设备,2.2584274,-3.352893
2941,2025-01-27,SZ.ZB_002908,德生科技,软件开发,2.25811,-3.3912892
2942,2025-01-27,SH.ZB_603193,润本股份,美容护理,2.2572966,-3.7418022
2943,2025-01-27,SH.ZB_600566,济川药业,中药,2.255994,-2.3751693
2944,2025-01-27,SZ.ZB_002869,金溢科技,电子元件,2.2548363,-2.2960498
2945,2025-01-27,SH.ZB_600682,南京新百,商业百货,2.2546873,-2.1212492
2946,2025-01-27,SH.ZB_603606,东方电缆,电网设备,2.2545576,-2.1222625
2947,2025-01-27,SH.KC_688372,伟测科技,半导体,2.254255,-4.6277037
2948,2025-01-27,SH.KC_688562,航天软件,互联网服务,2.2530928,-2.6353085
2949,2025-01-27,SH.KC_300369,绿盟科技,软件开发,2.2502198,-3.2690265
2950,2025-01-27,SH.KC_300070,碧水源,环保行业,2.2489548,-2.244848
2951,2025-01-27,SH.KC_688083,中望软件,软件开发,2.2473307,-3.5486991
2952,2025-01-27,SH.KC_301278,快可电子,光伏设备,2.246575,-2.6231196
2953,2025-01-27,SH.KC_688230,芯导科技,半导体,2.2464395,-2.7176316
2954,2025-01-27,SZ.ZB_002245,蔚蓝锂芯,电池,2.2459044,-4.550717
2955,2025-01-27,SH.ZB_603601,再升科技,玻璃玻纤,2.2454216,-2.5906591
2956,2025-01-27,SH.ZB_601878,浙商证券,证券,2.2446916,-2.3715832
2957,2025-01-27,SZ.ZB_002653,海思科,化学制药,2.2439406,-2.6312578
2958,2025-01-27,SZ.ZB_000751,锌业股份,有色金属,2.2421613,-2.2416122
2959,2025-01-27,SZ.ZB_002926,华西证券,证券,2.2407606,-2.9913902
2960,2025-01-27,SH.ZB_605198,安德利,食品饮料,2.238755,-2.749452
2961,2025-01-27,SZ.ZB_002889,东方嘉盛,物流行业,2.2359638,-2.5890584
2962,2025-01-27,SZ.ZB_002239,奥特佳,汽车零部件,2.235788,-2.4629674
2963,2025-01-27,SZ.ZB_002565,顺灏股份,包装材料,2.2340908,-2.6687884
2964,2025-01-27,SH.ZB_600561,江西长运,铁路公路,2.233067,-2.7881663
2965,2025-01-27,SH.ZB_600298,安琪酵母,食品饮料,2.2327752,-2.6553056
2966,2025-01-27,SZ.ZB_000505,京粮控股,农牧饲渔,2.2318885,-2.2648942
2967,2025-01-27,SZ.ZB_002971,和远气体,化学制品,2.2313714,-2.4873204
2968,2025-01-27,SH.KC_300054,鼎龙股份,电子化学品,2.2290766,-3.2018666
2969,2025-01-27,SZ.ZB_002262,恩华药业,化学制药,2.2287533,-2.2855713
2970,2025-01-27,SH.ZB_601137,博威合金,有色金属,2.227929,-3.2456188
2971,2025-01-27,SH.ZB_601218,吉鑫科技,风电设备,2.2276654,-2.249805
2972,2025-01-27,SH.ZB_603933,睿能科技,半导体,2.2276208,-2.9025612
2973,2025-01-27,SH.ZB_600030,中信证券,证券,2.227375,-2.4342167
2974,2025-01-27,SZ.ZB_000766,通化金马,化学制药,2.2273674,-3.0366333
2975,2025-01-27,SH.KC_688015,交控科技,交运设备,2.224502,-2.4986062
2976,2025-01-27,SH.ZB_603998,方盛制药,中药,2.2229507,-2.4683983
2977,2025-01-27,SH.KC_300833,浩洋股份,专用设备,2.2227316,-2.9656758
2978,2025-01-27,SH.ZB_603619,中曼石油,采掘行业,2.2186904,-2.170623
2979,2025-01-27,SH.ZB_603260,合盛硅业,非金属材料,2.2172465,-2.2940435
2980,2025-01-27,SH.KC_688366,昊海生科,医疗器械,2.2154524,-2.671324
2981,2025-01-27,SZ.ZB_002728,特一药业,中药,2.2151918,-2.1556356
2982,2025-01-27,SZ.ZB_002105,信隆健康,交运设备,2.2144988,-2.342193
2983,2025-01-27,SH.KC_688039,当虹科技,互联网服务,2.2142887,-3.0176158
2984,2025-01-27,SH.ZB_601002,晋亿实业,通用设备,2.2133424,-2.3975785
2985,2025-01-27,SH.ZB_600765,中航重机,航天航空,2.212253,-2.4128463
2986,2025-01-27,SH.KC_688696,极米科技,家电行业,2.2102146,-4.1489196
2987,2025-01-27,SH.ZB_603721,中广天择,文化传媒,2.2093966,-3.2857447
2988,2025-01-27,SZ.ZB_000957,中通客车,汽车整车,2.2085695,-3.1470277
2989,2025-01-27,SZ.ZB_002646,天佑德酒,酿酒行业,2.2076607,-2.3198414
2990,2025-01-27,SH.KC_688628,优利德,仪器仪表,2.2072463,-3.088801
2991,2025-01-27,SH.KC_688469,芯联集成-U,半导体,2.205512,-2.0844054
2992,2025-01-27,SH.KC_688653,康希通信,半导体,2.2051811,-2.118236
2993,2025-01-27,SH.KC_301515,港通医疗,医疗器械,2.204135,-2.6361184
2994,2025-01-27,SH.ZB_600406,国电南瑞,电网设备,2.2037625,-2.378305
2995,2025-01-27,SH.KC_688793,倍轻松,家电行业,2.2014751,-2.208096
2996,2025-01-27,SH.KC_300092,科新机电,通用设备,2.1999016,-2.4981883
2997,2025-01-27,SZ.ZB_001210,金房能源,公用事业,2.1998777,-2.7057524
2998,2025-01-27,SH.KC_300768,迪普科技,软件开发,2.1978781,-3.316462
2999,2025-01-27,SH.KC_300791,仙乐健康,食品饮料,2.197595,-2.287044
3000,2025-01-27,SZ.ZB_002824,和胜股份,有色金属,2.1975815,-2.2579942
3001,2025-01-27,SZ.ZB_000423,东阿阿胶,中药,2.1975741,-2.6021826
3002,2025-01-27,SH.KC_300441,鲍斯股份,通用设备,2.197279,-2.7335126
3003,2025-01-27,SZ.ZB_002317,众生药业,中药,2.1972404,-1.8440641
3004,2025-01-27,SZ.ZB_000967,盈峰环境,环保行业,2.195473,-2.5816891
3005,2025-01-27,SH.KC_301026,浩通科技,小金属,2.193831,-2.2960052
3006,2025-01-27,SZ.ZB_000049,德赛电池,电池,2.19381,-2.3558974
3007,2025-01-27,SZ.ZB_002725,跃岭股份,汽车零部件,2.1932974,-2.6601546
3008,2025-01-27,SH.ZB_600569,安阳钢铁,钢铁行业,2.191481,-2.3681037
3009,2025-01-27,SH.ZB_600675,中华企业,房地产开发,2.1912546,-2.6341968
3010,2025-01-27,SH.ZB_601606,长城军工,专用设备,2.1909058,-1.9719962
3011,2025-01-27,SH.KC_300642,透景生命,医疗器械,2.1899476,-2.6015174
3012,2025-01-27,SZ.ZB_000523,红棉股份,食品饮料,2.189839,-2.3094788
3013,2025-01-27,SH.KC_300633,开立医疗,医疗器械,2.1897197,-2.8952448
3014,2025-01-27,SH.ZB_600055,万东医疗,医疗器械,2.1895244,-2.4465501
3015,2025-01-27,SZ.ZB_002151,北斗星通,通信设备,2.1891594,-2.1650016
3016,2025-01-27,SH.KC_300872,天阳科技,互联网服务,2.187945,-3.245537
3017,2025-01-27,SH.ZB_600853,龙建股份,工程建设,2.1879122,-2.7249527
3018,2025-01-27,SH.ZB_600176,中国巨石,玻璃玻纤,2.1878138,-2.322561
3019,2025-01-27,SH.KC_688121,卓然股份,专用设备,2.1869526,-2.3528078
3020,2025-01-27,SZ.ZB_002837,英维克,专用设备,2.186422,-4.306208
3021,2025-01-27,SH.KC_300527,中船应急,专用设备,2.1856399,-2.3360505
3022,2025-01-27,SH.ZB_600789,鲁抗医药,化学制药,2.1852539,-2.4381166
3023,2025-01-27,SZ.ZB_002469,三维化学,化学原料,2.1848426,-2.6064136
3024,2025-01-27,SH.ZB_603567,珍宝岛,中药,2.1826088,-2.3886867
3025,2025-01-27,SZ.ZB_002050,三花智控,家电行业,2.1825657,-4.0127735
3026,2025-01-27,SZ.ZB_002763,汇洁股份,纺织服装,2.1821811,-2.7900867
3027,2025-01-27,SH.ZB_603266,天龙股份,塑料制品,2.1820173,-2.7033577
3028,2025-01-27,SZ.ZB_002968,新大正,房地产服务,2.1812603,-2.8915358
3029,2025-01-27,SH.KC_688002,睿创微纳,半导体,2.181214,-2.6858513
3030,2025-01-27,SH.KC_300414,中光防雷,通信设备,2.1803439,-2.6271076
3031,2025-01-27,SZ.ZB_000045,深纺织Ａ,光学光电子,2.1797597,-2.2331972
3032,2025-01-27,SZ.ZB_002101,广东鸿图,汽车零部件,2.176051,-2.344108
3033,2025-01-27,SH.ZB_603069,海汽集团,铁路公路,2.175361,-2.2908778
3034,2025-01-27,SZ.ZB_002276,万马股份,电网设备,2.1752431,-3.2066472
3035,2025-01-27,SH.KC_300909,汇创达,光学光电子,2.1751478,-2.6869528
3036,2025-01-27,SZ.ZB_002966,苏州银行,银行,2.1742911,-2.5499814
3037,2025-01-27,SH.ZB_603798,康普顿,石油行业,2.1739647,-2.9027598
3038,2025-01-27,SH.KC_301045,天禄科技,光学光电子,2.1731987,-3.4431126
3039,2025-01-27,SH.KC_301218,华是科技,软件开发,2.1720006,-2.8221698
3040,2025-01-27,SZ.ZB_000533,顺钠股份,电网设备,2.1715508,-5.185991
3041,2025-01-27,SH.ZB_603219,富佳股份,家电行业,2.1709158,-2.7181954
3042,2025-01-27,SZ.ZB_002756,永兴材料,钢铁行业,2.1703973,-2.8776379
3043,2025-01-27,SH.ZB_600399,抚顺特钢,钢铁行业,2.1685288,-2.2103064
3044,2025-01-27,SZ.ZB_002429,兆驰股份,家电行业,2.167389,-2.8657713
3045,2025-01-27,SZ.ZB_002174,游族网络,游戏,2.1660895,-2.7471955
3046,2025-01-27,SH.KC_300868,杰美特,电子元件,2.1657362,-2.1937025
3047,2025-01-27,SH.ZB_603317,天味食品,食品饮料,2.1645472,-3.1221395
3048,2025-01-27,SZ.ZB_000002,万  科Ａ,房地产开发,2.1636276,-3.1702983
3049,2025-01-27,SH.ZB_603324,盛剑科技,环保行业,2.1634789,-2.7109668
3050,2025-01-27,SH.ZB_600900,长江电力,电力行业,2.1629379,-2.78622
3051,2025-01-27,SH.KC_300243,瑞丰高材,塑料制品,2.162887,-2.3390598
3052,2025-01-27,SH.ZB_600893,航发动力,航天航空,2.162364,-2.0791237
3053,2025-01-27,SZ.ZB_002736,国信证券,证券,2.1617115,-2.4732106
3054,2025-01-27,SH.KC_300604,长川科技,半导体,2.1612093,-2.8315454
3055,2025-01-27,SH.KC_300752,隆利科技,光学光电子,2.1606193,-2.9151604
3056,2025-01-27,SZ.ZB_000906,浙商中拓,物流行业,2.1594822,-2.2447774
3057,2025-01-27,SH.KC_300916,朗特智能,消费电子,2.158998,-3.17968
3058,2025-01-27,SH.KC_688396,华润微,半导体,2.1589398,-2.5951548
3059,2025-01-27,SH.ZB_600756,浪潮软件,互联网服务,2.1572053,-3.0596147
3060,2025-01-27,SH.KC_300958,建工修复,环保行业,2.1571293,-2.3976076
3061,2025-01-27,SH.KC_688575,亚辉龙,医疗器械,2.1570787,-2.3804407
3062,2025-01-27,SH.ZB_605183,确成股份,橡胶制品,2.1564946,-2.6378062
3063,2025-01-27,SZ.ZB_002026,山东威达,通用设备,2.1561413,-2.9093213
3064,2025-01-27,SH.ZB_600369,西南证券,证券,2.155845,-2.5236473
3065,2025-01-27,SZ.ZB_002559,亚威股份,通用设备,2.1540866,-3.151688
3066,2025-01-27,SZ.ZB_002419,天虹股份,商业百货,2.154055,-1.9347436
3067,2025-01-27,SZ.ZB_002467,二六三,通信服务,2.1525621,-2.3587835
3068,2025-01-27,SH.ZB_603712,七一二,通信设备,2.1501615,-2.3415253
3069,2025-01-27,SH.KC_300915,海融科技,食品饮料,2.1496043,-2.511264
3070,2025-01-27,SZ.ZB_002056,横店东磁,光伏设备,2.1492348,-2.7552848
3071,2025-01-27,SZ.ZB_002379,宏创控股,有色金属,2.148232,-4.711267
3072,2025-01-27,SH.KC_300037,新宙邦,电池,2.1478488,-2.8307076
3073,2025-01-27,SH.ZB_600285,羚锐制药,中药,2.1467938,-2.807489
3074,2025-01-27,SH.ZB_603127,昭衍新药,医疗服务,2.1462395,-2.686713
3075,2025-01-27,SH.KC_300507,苏奥传感,汽车零部件,2.146156,-2.4123359
3076,2025-01-27,SH.KC_300326,凯利泰,医疗器械,2.145642,-3.0125957
3077,2025-01-27,SH.KC_688210,统联精密,电子元件,2.1455183,-2.258159
3078,2025-01-27,SH.ZB_603022,新通联,包装材料,2.1453114,-3.014905
3079,2025-01-27,SZ.ZB_000069,华侨城Ａ,房地产开发,2.1447525,-2.379003
3080,2025-01-27,SH.ZB_603188,亚邦股份,化学制品,2.144225,-2.807655
3081,2025-01-27,SH.ZB_603489,八方股份,电机,2.1441593,-2.000695
3082,2025-01-27,SZ.ZB_002159,三特索道,旅游酒店,2.1439924,-2.2375598
3083,2025-01-27,SH.ZB_600201,生物股份,农药兽药,2.1412551,-2.8539355
3084,2025-01-27,SZ.ZB_002871,伟隆股份,通用设备,2.1409721,-2.7506611
3085,2025-01-27,SZ.ZB_000850,华茂股份,纺织服装,2.140303,-2.554202
3086,2025-01-27,SZ.ZB_000978,桂林旅游,旅游酒店,2.139257,-2.464548
3087,2025-01-27,SZ.ZB_000993,闽东电力,电力行业,2.1377504,-2.2483854
3088,2025-01-27,SH.KC_688702,盛科通信-U,半导体,2.1368906,-3.8652763
3089,2025-01-27,SZ.ZB_000035,中国天楹,环保行业,2.1340399,-2.225507
3090,2025-01-27,SZ.ZB_002955,鸿合科技,光学光电子,2.1337912,-2.505853
3091,2025-01-27,SH.KC_301058,中粮科工,工程建设,2.1334066,-2.6836247
3092,2025-01-27,SZ.ZB_000927,中国铁物,物流行业,2.132696,-2.6077104
3093,2025-01-27,SH.ZB_603801,志邦家居,装修建材,2.1325052,-2.4946547
3094,2025-01-27,SH.ZB_603881,数据港,互联网服务,2.132292,-4.1894717
3095,2025-01-27,SH.ZB_603113,金能科技,化学原料,2.1321237,-2.4474967
3096,2025-01-27,SZ.ZB_001205,盛航股份,航运港口,2.131094,-2.7666602
3097,2025-01-27,SH.KC_301320,豪江智能,电子元件,2.1299064,-2.3126197
3098,2025-01-27,SZ.ZB_002494,华斯股份,纺织服装,2.1295502,-2.5846553
3099,2025-01-27,SZ.ZB_002649,博彦科技,互联网服务,2.1293135,-3.2826893
3100,2025-01-27,SH.KC_301096,百诚医药,医疗服务,2.1265194,-2.1925178
3101,2025-01-27,SH.ZB_600293,三峡新材,玻璃玻纤,2.1264343,-3.0488555
3102,2025-01-27,SH.KC_688510,航亚科技,航天航空,2.1262228,-2.8698463
3103,2025-01-27,SH.ZB_603225,新凤鸣,化纤行业,2.125603,-2.7454405
3104,2025-01-27,SH.KC_300810,中科海讯,软件开发,2.1244674,-3.4237292
3105,2025-01-27,SH.ZB_600012,皖通高速,铁路公路,2.1234274,-2.531023
3106,2025-01-27,SH.KC_300304,云意电气,汽车零部件,2.1229715,-2.7984087
3107,2025-01-27,SH.ZB_601069,西部黄金,贵金属,2.1229296,-2.4563496
3108,2025-01-27,SH.KC_688305,科德数控,通用设备,2.1225214,-2.6988585
3109,2025-01-27,SH.KC_300505,川金诺,化肥行业,2.1216898,-2.9337354
3110,2025-01-27,SH.KC_688078,龙软科技,软件开发,2.121684,-3.1127236
3111,2025-01-27,SZ.ZB_002534,西子洁能,电源设备,2.120985,-2.5457666
3112,2025-01-27,SH.KC_300920,润阳科技,塑料制品,2.1205187,-2.9834793
3113,2025-01-27,SH.ZB_600221,海航控股,航空机场,2.1194146,-2.2899127
3114,2025-01-27,SH.KC_300559,佳发教育,软件开发,2.1188066,-3.3781047
3115,2025-01-27,SH.KC_301201,诚达药业,医疗服务,2.117908,-2.536093
3116,2025-01-27,SH.ZB_603938,三孚股份,化学制品,2.117689,-2.4075842
3117,2025-01-27,SH.KC_300445,康斯特,仪器仪表,2.116941,-2.9319563
3118,2025-01-27,SH.ZB_603168,莎普爱思,化学制药,2.116181,-2.3486633
3119,2025-01-27,SH.ZB_603353,和顺石油,石油行业,2.1152973,-2.1604168
3120,2025-01-27,SH.KC_688157,松井股份,化学制品,2.1135778,-2.925399
3121,2025-01-27,SH.KC_301272,英华特,专用设备,2.112478,-2.3131251
3122,2025-01-27,SZ.ZB_002042,华孚时尚,纺织服装,2.1119623,-3.0325997
3123,2025-01-27,SH.KC_688190,云路股份,小金属,2.1111698,-2.7744694
3124,2025-01-27,SH.KC_301370,国科恒泰,贸易行业,2.1107242,-2.4567082
3125,2025-01-27,SH.ZB_605166,聚合顺,化学制品,2.1106348,-3.1174538
3126,2025-01-27,SZ.ZB_002373,千方科技,互联网服务,2.1094143,-1.7542843
3127,2025-01-27,SZ.ZB_002668,TCL智家,家电行业,2.1076188,-2.716195
3128,2025-01-27,SH.ZB_603383,顶点软件,软件开发,2.1075277,-2.7703507
3129,2025-01-27,SH.KC_300371,汇中股份,仪器仪表,2.1067202,-2.6223466
3130,2025-01-27,SZ.ZB_002305,南国置业,房地产开发,2.1067023,-1.0825146
3131,2025-01-27,SH.ZB_603871,嘉友国际,物流行业,2.1040246,-2.6349921
3132,2025-01-27,SH.ZB_603060,国检集团,专业服务,2.1030412,-2.3800652
3133,2025-01-27,SH.ZB_603211,晋拓股份,汽车零部件,2.1024942,-7.6791787
3134,2025-01-27,SH.KC_688347,华虹公司,半导体,2.1023378,-2.693108
3135,2025-01-27,SH.KC_688007,光峰科技,消费电子,2.1012335,-2.3546286
3136,2025-01-27,SZ.ZB_002886,沃特股份,塑料制品,2.100542,-3.5118363
3137,2025-01-27,SH.ZB_603081,大丰实业,专用设备,2.099143,-2.8904037
3138,2025-01-27,SZ.ZB_000931,中 关 村,化学制药,2.0986676,-2.4208405
3139,2025-01-27,SH.KC_300455,航天智装,计算机设备,2.0972638,-2.568635
3140,2025-01-27,SZ.ZB_002073,软控股份,专用设备,2.0947442,-2.8775895
3141,2025-01-27,SH.ZB_603173,福斯达,通用设备,2.0939171,-2.8193512
3142,2025-01-27,SH.KC_688093,世华科技,电子元件,2.0937264,-2.74964
3143,2025-01-27,SH.ZB_603122,合富中国,医药商业,2.0931854,-2.6417751
3144,2025-01-27,SZ.ZB_000885,城发环境,环保行业,2.091986,-2.651616
3145,2025-01-27,SH.KC_300236,上海新阳,电子化学品,2.0918682,-2.6605628
3146,2025-01-27,SH.KC_300550,和仁科技,软件开发,2.0915523,-3.3481545
3147,2025-01-27,SH.ZB_603025,大豪科技,专用设备,2.0903735,-2.98268
3148,2025-01-27,SH.KC_301107,瑜欣电子,通用设备,2.089578,-3.146017
3149,2025-01-27,SH.KC_301538,骏鼎达,塑料制品,2.089186,-2.8227355
3150,2025-01-27,SH.KC_300021,大禹节水,农牧饲渔,2.088113,-2.3468275
3151,2025-01-27,SH.ZB_600906,财达证券,证券,2.0870895,-2.3653069
3152,2025-01-27,SH.ZB_603530,神马电力,电网设备,2.0856574,-3.8116555
3153,2025-01-27,SZ.ZB_000783,长江证券,证券,2.085495,-2.5031853
3154,2025-01-27,SH.KC_300906,日月明,交运设备,2.085334,-3.0549414
3155,2025-01-27,SH.ZB_603161,科华控股,汽车零部件,2.0851388,-2.5588295
3156,2025-01-27,SH.KC_300658,延江股份,美容护理,2.0839067,-2.6805096
3157,2025-01-27,SZ.ZB_000528,柳    工,工程机械,2.0836964,-2.4097981
3158,2025-01-27,SH.ZB_601369,陕鼓动力,通用设备,2.0836427,-2.2727501
3159,2025-01-27,SH.KC_300899,上海凯鑫,环保行业,2.0834804,-2.8168056
3160,2025-01-27,SH.ZB_600516,方大炭素,非金属材料,2.0831988,-2.1398344
3161,2025-01-27,SH.ZB_603279,景津装备,专用设备,2.0813437,-2.3749032
3162,2025-01-27,SH.KC_688425,铁建重工,工程机械,2.0809815,-1.9247711
3163,2025-01-27,SZ.ZB_003018,金富科技,塑料制品,2.080922,-2.8277566
3164,2025-01-27,SH.ZB_605020,永和股份,化学制品,2.0799189,-3.6480017
3165,2025-01-27,SH.KC_301303,真兰仪表,仪器仪表,2.0798504,-2.4092083
3166,2025-01-27,SH.KC_300174,元力股份,化学制品,2.0792007,-2.8327863
3167,2025-01-27,SH.ZB_605100,华丰股份,通用设备,2.0782769,-2.708071
3168,2025-01-27,SH.ZB_600861,北京人力,专业服务,2.078016,-2.705807
3169,2025-01-27,SH.KC_688161,威高骨科,医疗器械,2.0777776,-3.3065844
3170,2025-01-27,SH.KC_688619,罗普特,互联网服务,2.0776153,-3.4357865
3171,2025-01-27,SH.KC_301525,儒竞科技,通用设备,2.0771146,-3.021028
3172,2025-01-27,SH.ZB_603949,雪龙集团,汽车零部件,2.0769687,-2.4265778
3173,2025-01-27,SH.KC_300204,舒泰神,生物制品,2.0763888,-2.308085
3174,2025-01-27,SZ.ZB_000686,东北证券,证券,2.0760746,-2.8139987
3175,2025-01-27,SZ.ZB_002983,芯瑞达,光学光电子,2.0736754,-2.1031756
3176,2025-01-27,SH.ZB_603169,兰石重装,专用设备,2.0736246,-2.5987177
3177,2025-01-27,SH.ZB_603201,常润股份,汽车零部件,2.0735474,-2.7124655
3178,2025-01-27,SH.ZB_600207,安彩高科,光伏设备,2.0735145,-2.5231807
3179,2025-01-27,SH.ZB_600301,华锡有色,小金属,2.073057,-2.6229002
3180,2025-01-27,SZ.ZB_002230,科大讯飞,软件开发,2.072905,-3.1763785
3181,2025-01-27,SZ.ZB_002155,湖南黄金,贵金属,2.0710633,-2.60889
3182,2025-01-27,SZ.ZB_002500,山西证券,证券,2.0696788,-2.643012
3183,2025-01-27,SH.ZB_600403,大有能源,煤炭行业,2.0695658,-2.6001618
3184,2025-01-27,SH.KC_300897,山科智能,仪器仪表,2.0691156,-2.6659992
3185,2025-01-27,SH.ZB_603093,南华期货,多元金融,2.0688639,-3.175258
3186,2025-01-27,SH.KC_688011,新光光电,光学光电子,2.0687847,-2.3994915
3187,2025-01-27,SH.KC_301233,盛帮股份,橡胶制品,2.0662189,-2.8451192
3188,2025-01-27,SZ.ZB_001324,长青科技,交运设备,2.0658672,-2.9917262
3189,2025-01-27,SZ.ZB_002639,雪人股份,通用设备,2.0655453,-2.5754743
3190,2025-01-27,SZ.ZB_000401,冀东水泥,水泥建材,2.065362,-2.5057626
3191,2025-01-27,SZ.ZB_002873,新天药业,中药,2.0650313,-2.6837018
3192,2025-01-27,SH.ZB_603501,韦尔股份,半导体,2.0640001,-3.0731616
3193,2025-01-27,SH.KC_300960,通业科技,交运设备,2.0626397,-2.6456254
3194,2025-01-27,SH.KC_301098,金埔园林,工程建设,2.0624309,-2.9528308
3195,2025-01-27,SH.ZB_600208,衢州发展,房地产开发,2.062008,-2.2547405
3196,2025-01-27,SZ.ZB_002032,苏 泊 尔,家电行业,2.061014,-2.553314
3197,2025-01-27,SZ.ZB_000637,茂化实华,石油行业,2.059105,-2.4986808
3198,2025-01-27,SZ.ZB_003038,鑫铂股份,有色金属,2.0568058,-2.8213482
3199,2025-01-27,SH.KC_300743,天地数码,非金属材料,2.0558505,-2.854337
3200,2025-01-27,SH.KC_300016,北陆药业,化学制药,2.0556166,-2.4449427
3201,2025-01-27,SZ.ZB_000402,金 融 街,房地产开发,2.055457,-2.5110214
3202,2025-01-27,SH.ZB_601116,三江购物,商业百货,2.0536036,-2.082567
3203,2025-01-27,SH.ZB_603208,江山欧派,装修建材,2.0535007,-2.0338054
3204,2025-01-27,SH.ZB_601918,新集能源,煤炭行业,2.0530553,-2.5591242
3205,2025-01-27,SH.ZB_600252,中恒集团,中药,2.0526438,-2.225319
3206,2025-01-27,SH.KC_300982,苏文电能,工程建设,2.05241,-3.2038376
3207,2025-01-27,SH.ZB_600993,马应龙,中药,2.051404,-2.4417317
3208,2025-01-27,SH.ZB_600235,民丰特纸,造纸印刷,2.0513563,-2.704705
3209,2025-01-27,SH.KC_688335,复洁环保,环保行业,2.0502732,-2.6534107
3210,2025-01-27,SH.ZB_600383,金地集团,房地产开发,2.0501778,-2.9645748
3211,2025-01-27,SH.ZB_601368,绿城水务,公用事业,2.0496979,-2.3881588
3212,2025-01-27,SZ.ZB_002270,华明装备,电网设备,2.0492435,-2.4885123
3213,2025-01-27,SH.ZB_605151,西上海,汽车零部件,2.0489633,-2.3431964
3214,2025-01-27,SH.KC_301293,三博脑科,医疗服务,2.0488381,-2.8590462
3215,2025-01-27,SZ.ZB_002088,鲁阳节能,装修建材,2.0484595,-2.6149116
3216,2025-01-27,SH.ZB_603077,和邦生物,化学原料,2.0480976,-2.2253318
3217,2025-01-27,SZ.ZB_002607,中公教育,教育,2.0467253,-3.056
3218,2025-01-27,SH.ZB_603579,荣泰健康,家电行业,2.0461977,-2.3947568
3219,2025-01-27,SH.KC_300349,金卡智能,仪器仪表,2.0459785,-2.4174187
3220,2025-01-27,SZ.ZB_002683,广东宏大,采掘行业,2.0423696,-2.9990478
3221,2025-01-27,SH.ZB_601633,长城汽车,汽车整车,2.040659,-2.2149036
3222,2025-01-27,SH.ZB_603057,紫燕食品,食品饮料,2.0398393,-1.9113083
3223,2025-01-27,SH.ZB_600436,片仔癀,中药,2.0390778,-2.309592
3224,2025-01-27,SH.ZB_603515,欧普照明,家电行业,2.0377502,-2.2914572
3225,2025-01-27,SH.KC_688468,科美诊断,医疗器械,2.0352795,-2.7654302
3226,2025-01-27,SH.KC_300595,欧普康视,医疗器械,2.0348623,-2.3347788
3227,2025-01-27,SZ.ZB_002078,太阳纸业,造纸印刷,2.033709,-2.4624317
3228,2025-01-27,SH.ZB_600338,西藏珠峰,有色金属,2.0330758,-2.2298274
3229,2025-01-27,SZ.ZB_001255,博菲电气,化学原料,2.0325258,-3.0532093
3230,2025-01-27,SH.ZB_600378,昊华科技,化学制品,2.0319476,-2.2820635
3231,2025-01-27,SZ.ZB_000949,新乡化纤,化纤行业,2.0313592,-2.9824398
3232,2025-01-27,SH.KC_301295,美硕科技,电网设备,2.0310297,-2.3131926
3233,2025-01-27,SH.ZB_603209,兴通股份,航运港口,2.030319,-2.3693461
3234,2025-01-27,SH.ZB_601881,中国银河,证券,2.0285115,-2.5694363
3235,2025-01-27,SZ.ZB_002212,天融信,软件开发,2.0281792,-3.4629688
3236,2025-01-27,SH.ZB_601216,君正集团,化学原料,2.0277202,-2.8538895
3237,2025-01-27,SH.ZB_603075,热威股份,家电行业,2.0266845,-2.680201
3238,2025-01-27,SZ.ZB_000713,丰乐种业,农牧饲渔,2.0261154,-2.8277607
3239,2025-01-27,SH.ZB_605366,宏柏新材,化学制品,2.0215602,-2.7973962
3240,2025-01-27,SH.KC_688182,灿勤科技,通信设备,2.021429,-2.8732696
3241,2025-01-27,SH.KC_301125,腾亚精工,通用设备,2.0205185,-2.5957081
3242,2025-01-27,SZ.ZB_002655,共达电声,消费电子,2.0201623,-2.6572342
3243,2025-01-27,SZ.ZB_002093,国脉科技,通信服务,2.018559,-2.841603
3244,2025-01-27,SZ.ZB_002074,国轩高科,电池,2.0184665,-2.5832598
3245,2025-01-27,SH.KC_300976,达瑞电子,消费电子,2.0184307,-3.145263
3246,2025-01-27,SH.KC_301282,金禄电子,电子元件,2.01789,-2.987243
3247,2025-01-27,SH.KC_300871,回盛生物,农药兽药,2.0171955,-2.5928926
3248,2025-01-27,SH.KC_300631,久吾高科,环保行业,2.0143256,-2.6205711
3249,2025-01-27,SH.KC_688355,明志科技,通用设备,2.0132647,-2.9178777
3250,2025-01-27,SH.KC_688376,美埃科技,环保行业,2.012472,-2.8140185
3251,2025-01-27,SZ.ZB_001234,泰慕士,纺织服装,2.0123556,-2.8324022
3252,2025-01-27,SH.KC_300398,飞凯材料,电子化学品,2.0112052,-2.712991
3253,2025-01-27,SH.ZB_600029,南方航空,航空机场,2.010472,-2.4022303
3254,2025-01-27,SZ.ZB_002172,澳洋健康,医疗服务,2.0067677,-2.5973537
3255,2025-01-27,SH.KC_688179,阿拉丁,化学制品,2.006571,-3.44209
3256,2025-01-27,SH.KC_300913,兆龙互连,通信设备,2.0063863,-3.9959264
3257,2025-01-27,SH.KC_300036,超图软件,软件开发,2.0061553,-2.6432185
3258,2025-01-27,SH.KC_301589,诺瓦星云,计算机设备,2.0058646,-3.309522
3259,2025-01-27,SZ.ZB_000921,海信家电,家电行业,2.005817,-3.000683
3260,2025-01-27,SZ.ZB_002079,苏州固锝,半导体,2.0047321,-2.1214862
3261,2025-01-27,SZ.ZB_003009,中天火箭,航天航空,2.0045817,-2.363007
3262,2025-01-27,SH.ZB_603630,拉芳家化,美容护理,2.0039394,-2.9185872
3263,2025-01-27,SH.KC_688479,友车科技,汽车服务,2.002491,-2.8859851
3264,2025-01-27,SH.ZB_601963,重庆银行,银行,2.0020797,-2.659124
3265,2025-01-27,SZ.ZB_002548,金新农,农牧饲渔,2.0019577,-2.3753798
3266,2025-01-27,SZ.ZB_002818,富森美,商业百货,2.0019338,-2.0052261
3267,2025-01-27,SH.KC_301273,瑞晨环保,通用设备,2.0008087,-3.117309
3268,2025-01-27,SH.ZB_603238,诺邦股份,美容护理,1.9997671,-2.540315
3269,2025-01-27,SZ.ZB_002202,金风科技,风电设备,1.9977198,-2.0584946
3270,2025-01-27,SZ.ZB_002996,顺博合金,有色金属,1.9966528,-2.6630366
3271,2025-01-27,SH.KC_301377,鼎泰高科,通用设备,1.9963727,-3.3871963
3272,2025-01-27,SH.ZB_605580,恒盛能源,电力行业,1.9945011,-2.7425294
3273,2025-01-27,SZ.ZB_002893,京能热力,公用事业,1.9940839,-2.1785862
3274,2025-01-27,SH.ZB_600222,太龙药业,中药,1.9922584,-2.9816272
3275,2025-01-27,SH.ZB_600570,恒生电子,软件开发,1.9919932,-2.8791692
3276,2025-01-27,SZ.ZB_002215,诺 普 信,农药兽药,1.9903078,-2.4603353
3277,2025-01-27,SZ.ZB_001316,润贝航科,贸易行业,1.9902513,-2.715859
3278,2025-01-27,SH.KC_300573,兴齐眼药,化学制药,1.9899756,-2.566964
3279,2025-01-27,SH.ZB_600684,珠江股份,房地产服务,1.9891157,-2.5090013
3280,2025-01-27,SH.KC_301338,凯格精机,专用设备,1.9889281,-2.5324588
3281,2025-01-27,SH.ZB_603275,众辰科技,仪器仪表,1.9865706,-2.6590927
3282,2025-01-27,SH.ZB_600663,陆家嘴,房地产开发,1.9841105,-2.514094
3283,2025-01-27,SZ.ZB_000823,超声电子,电子元件,1.9826442,-2.77579
3284,2025-01-27,SZ.ZB_001277,速达股份,专用设备,1.9819572,-2.677599
3285,2025-01-27,SH.ZB_600088,中视传媒,文化传媒,1.9812331,-2.8143065
3286,2025-01-27,SH.KC_300373,扬杰科技,半导体,1.9804776,-2.7500741
3287,2025-01-27,SH.ZB_603759,海天股份,公用事业,1.9804404,-2.4175892
3288,2025-01-27,SZ.ZB_002069,獐子岛,农牧饲渔,1.9801378,-2.463444
3289,2025-01-27,SH.KC_301580,爱迪特,医疗器械,1.9792408,-2.5340993
3290,2025-01-27,SH.ZB_600310,广西能源,电力行业,1.9778774,-2.007062
3291,2025-01-27,SH.ZB_600282,南钢股份,钢铁行业,1.977706,-2.9664297
3292,2025-01-27,SZ.ZB_000516,国际医学,医疗服务,1.975584,-2.0938065
3293,2025-01-27,SZ.ZB_000021,深科技,消费电子,1.9755766,-3.1663823
3294,2025-01-27,SH.KC_688325,赛微微电,半导体,1.9754841,-3.0922096
3295,2025-01-27,SZ.ZB_001300,三柏硕,家用轻工,1.9752175,-2.363352
3296,2025-01-27,SH.KC_300259,新天科技,仪器仪表,1.9750729,-2.1699302
3297,2025-01-27,SH.KC_688221,前沿生物-U,化学制药,1.9737303,-2.7666113
3298,2025-01-27,SZ.ZB_002913,奥士康,电子元件,1.9733697,-2.7752378
3299,2025-01-27,SH.KC_300425,中建环能,环保行业,1.973033,-2.234324
3300,2025-01-27,SH.KC_688018,乐鑫科技,半导体,1.9727826,-6.38671
3301,2025-01-27,SH.ZB_603181,皇马科技,塑料制品,1.9711494,-2.7874696
3302,2025-01-27,SH.ZB_603586,金麒麟,汽车零部件,1.9695892,-2.5293865
3303,2025-01-27,SH.KC_688319,欧林生物,生物制品,1.968652,-2.9297185
3304,2025-01-27,SH.ZB_600121,郑州煤电,煤炭行业,1.9678965,-2.3095114
3305,2025-01-27,SH.KC_300627,华测导航,通信设备,1.967691,-2.8618815
3306,2025-01-27,SZ.ZB_000895,双汇发展,食品饮料,1.9674017,-2.1600888
3307,2025-01-27,SH.ZB_600085,同仁堂,中药,1.9668772,-2.2447999
3308,2025-01-27,SH.ZB_601512,中新集团,房地产开发,1.9667804,-2.434375
3309,2025-01-27,SZ.ZB_002553,南方精工,汽车零部件,1.9656569,-3.3830733
3310,2025-01-27,SH.KC_688455,科捷智能,通用设备,1.9653738,-2.981744
3311,2025-01-27,SZ.ZB_000738,航发控制,航天航空,1.9643575,-2.0920205
3312,2025-01-27,SH.ZB_600876,凯盛新能,光伏设备,1.9637048,-2.5501366
3313,2025-01-27,SH.ZB_603218,日月股份,风电设备,1.9626424,-2.6220157
3314,2025-01-27,SH.KC_300533,冰川网络,游戏,1.9624963,-3.8076885
3315,2025-01-27,SH.ZB_603189,网达软件,软件开发,1.9623458,-3.0966647
3316,2025-01-27,SH.ZB_600753,庚星股份,贸易行业,1.9609332,0.6784858
3317,2025-01-27,SZ.ZB_002125,湘潭电化,化学原料,1.9607887,-2.301337
3318,2025-01-27,SH.ZB_601333,广深铁路,物流行业,1.960443,-2.559055
3319,2025-01-27,SH.KC_300632,光莆股份,光学光电子,1.9584789,-2.8006582
3320,2025-01-27,SH.ZB_600261,阳光照明,家电行业,1.9582555,-1.908302
3321,2025-01-27,SH.ZB_605598,上海港湾,工程建设,1.9580529,-2.7751594
3322,2025-01-27,SH.ZB_603607,京华激光,造纸印刷,1.9578308,-2.9409451
3323,2025-01-27,SH.ZB_601096,宏盛华源,电网设备,1.9573659,-2.3518922
3324,2025-01-27,SZ.ZB_002753,永东股份,橡胶制品,1.9569546,-2.5776482
3325,2025-01-27,SH.KC_301317,鑫磊股份,通用设备,1.9561634,-2.8589478
3326,2025-01-27,SH.ZB_603299,苏盐井神,化学原料,1.9548863,-2.7459362
3327,2025-01-27,SH.ZB_605123,派克新材,通用设备,1.9545779,-2.2662103
3328,2025-01-27,SH.ZB_600335,国机汽车,汽车服务,1.9539938,-2.9140937
3329,2025-01-27,SZ.ZB_002179,中航光电,电子元件,1.9525096,-2.5228167
3330,2025-01-27,SH.ZB_603300,海南华铁,专用设备,1.9519494,-2.1111388
3331,2025-01-27,SH.ZB_603968,醋化股份,化学制品,1.9513025,-2.4781802
3332,2025-01-27,SH.KC_301170,锡南科技,汽车零部件,1.951082,-2.618138
3333,2025-01-27,SH.ZB_600350,山东高速,铁路公路,1.9507855,-3.0399318
3334,2025-01-27,SH.KC_300741,华宝股份,食品饮料,1.9506917,-1.4766759
3335,2025-01-27,SH.KC_688069,德林海,环保行业,1.9503727,-2.1725366
3336,2025-01-27,SZ.ZB_002442,龙星科技,橡胶制品,1.9479797,-2.9072433
3337,2025-01-27,SZ.ZB_000521,长虹美菱,家电行业,1.9468904,-2.129304
3338,2025-01-27,SH.ZB_600758,辽宁能源,煤炭行业,1.9449368,-2.4582193
3339,2025-01-27,SZ.ZB_002097,山河智能,工程机械,1.9448116,-2.262854
3340,2025-01-27,SZ.ZB_002941,新疆交建,工程建设,1.9435465,-2.4544857
3341,2025-01-27,SZ.ZB_002054,德美化工,化学制品,1.9433856,-2.6732745
3342,2025-01-27,SH.KC_301508,中机认检,专业服务,1.9427524,-2.7858253
3343,2025-01-27,SH.KC_688129,东来技术,化学制品,1.9426703,-3.155913
3344,2025-01-27,SZ.ZB_001216,华瓷股份,装修建材,1.9424305,-2.9160485
3345,2025-01-27,SH.ZB_600790,轻纺城,商业百货,1.9423515,-2.01098
3346,2025-01-27,SZ.ZB_002343,慈文传媒,文化传媒,1.9418746,-2.9429572
3347,2025-01-27,SZ.ZB_002076,星光股份,家电行业,1.9410596,-4.6492352
3348,2025-01-27,SH.ZB_603102,百合股份,食品饮料,1.9409583,-2.4152668
3349,2025-01-27,SH.KC_301099,雅创电子,贸易行业,1.9408629,-2.5905252
3350,2025-01-27,SH.ZB_600326,西藏天路,水泥建材,1.9399092,-2.4478111
3351,2025-01-27,SZ.ZB_001914,招商积余,房地产服务,1.9390061,-2.733016
3352,2025-01-27,SZ.ZB_003002,壶化股份,化学制品,1.938957,-2.8223164
3353,2025-01-27,SH.KC_301331,恩威医药,中药,1.9385815,-2.7791138
3354,2025-01-27,SZ.ZB_002139,拓邦股份,消费电子,1.9371033,-3.344778
3355,2025-01-27,SH.KC_301234,五洲医疗,医疗器械,1.9346163,-2.8818433
3356,2025-01-27,SH.KC_688111,金山办公,软件开发,1.9314736,-3.6813517
3357,2025-01-27,SH.ZB_601898,中煤能源,煤炭行业,1.9311011,-2.5600526
3358,2025-01-27,SH.ZB_603207,小方制药,化学制药,1.9307196,-2.5520432
3359,2025-01-27,SH.KC_300993,玉马科技,家用轻工,1.9297912,-2.8011756
3360,2025-01-27,SH.ZB_601825,沪农商行,银行,1.9289166,-2.7482753
3361,2025-01-27,SH.ZB_601995,中金公司,证券,1.9287825,-2.2266452
3362,2025-01-27,SZ.ZB_001256,炜冈科技,专用设备,1.9268602,-2.7551146
3363,2025-01-27,SZ.ZB_002758,浙农股份,综合行业,1.9253418,-2.6123357
3364,2025-01-27,SH.ZB_603369,今世缘,酿酒行业,1.9251273,-2.378104
3365,2025-01-27,SH.KC_301290,东星医疗,医疗器械,1.9250526,-3.0099375
3366,2025-01-27,SZ.ZB_002438,江苏神通,通用设备,1.9245684,-2.7154987
3367,2025-01-27,SH.KC_688359,三孚新科,电子化学品,1.9241959,-4.10843
3368,2025-01-27,SH.KC_688625,呈和科技,化学制品,1.9226208,-2.872406
3369,2025-01-27,SH.KC_300228,富瑞特装,专用设备,1.9223481,-2.7535756
3370,2025-01-27,SH.KC_300467,迅游科技,游戏,1.9219458,-2.931378
3371,2025-01-27,SH.ZB_603903,中持股份,环保行业,1.9217879,-2.8628054
3372,2025-01-27,SH.ZB_600109,国金证券,证券,1.920618,-2.4664981
3373,2025-01-27,SH.ZB_605177,东亚药业,化学制药,1.9205108,-3.162006
3374,2025-01-27,SZ.ZB_002589,瑞康医药,医药商业,1.9205048,-2.3687682
3375,2025-01-27,SH.KC_301100,风光股份,化学制品,1.9200325,-2.3425922
3376,2025-01-27,SH.ZB_600862,中航高科,航天航空,1.9199342,-2.2940767
3377,2025-01-27,SZ.ZB_003032,传智教育,教育,1.9174769,-1.1446456
3378,2025-01-27,SH.ZB_600433,冠豪高新,造纸印刷,1.91717,-2.799026
3379,2025-01-27,SZ.ZB_002492,恒基达鑫,物流行业,1.9169166,-2.6684875
3380,2025-01-27,SH.ZB_600131,国网信通,互联网服务,1.9160643,-2.4612288
3381,2025-01-27,SH.KC_301039,中集车辆,汽车整车,1.9160569,-2.4039412
3382,2025-01-27,SZ.ZB_002817,黄山胶囊,医疗器械,1.9130588,-2.608743
3383,2025-01-27,SZ.ZB_001259,利仁科技,家电行业,1.9127831,-2.7912912
3384,2025-01-27,SH.ZB_601857,中国石油,石油行业,1.9108906,-2.1738756
3385,2025-01-27,SZ.ZB_002798,帝欧家居,装修建材,1.9102901,-2.3951476
3386,2025-01-27,SZ.ZB_001376,百通能源,公用事业,1.9100652,-2.710218
3387,2025-01-27,SZ.ZB_000755,山西高速,铁路公路,1.9097672,-2.618904
3388,2025-01-27,SZ.ZB_000543,皖能电力,电力行业,1.908575,-2.7648818
3389,2025-01-27,SH.KC_688799,华纳药厂,化学制药,1.908496,-2.597668
3390,2025-01-27,SH.KC_300877,金春股份,纺织服装,1.9080102,-2.8290343
3391,2025-01-27,SH.KC_688663,新风光,电网设备,1.9079998,-2.9677172
3392,2025-01-27,SH.KC_301151,冠龙节能,通用设备,1.9071951,-2.1670089
3393,2025-01-27,SH.ZB_600618,氯碱化工,化学原料,1.9066244,-3.4568589
3394,2025-01-27,SH.ZB_603618,杭电股份,电网设备,1.9063725,-3.8546317
3395,2025-01-27,SH.ZB_603277,银都股份,通用设备,1.9054368,-2.8706632
3396,2025-01-27,SH.ZB_603866,桃李面包,食品饮料,1.9053473,-2.244997
3397,2025-01-27,SH.ZB_600063,皖维高新,化纤行业,1.9050837,-2.495537
3398,2025-01-27,SH.ZB_603009,北特科技,汽车零部件,1.9045949,-3.7500873
3399,2025-01-27,SH.ZB_603131,上海沪工,通用设备,1.9043162,-2.6179762
3400,2025-01-27,SZ.ZB_002671,龙泉股份,水泥建材,1.9039541,-2.9821332
3401,2025-01-27,SZ.ZB_002651,利君股份,专用设备,1.9026563,-2.2683446
3402,2025-01-27,SH.KC_300800,力合科技,环保行业,1.9014761,-3.0354855
3403,2025-01-27,SZ.ZB_002777,久远银海,互联网服务,1.9006759,-2.7201116
3404,2025-01-27,SZ.ZB_000559,万向钱潮,汽车零部件,1.899396,-2.2939703
3405,2025-01-27,SH.KC_300428,立中集团,汽车零部件,1.8990979,-2.5823429
3406,2025-01-27,SH.KC_688045,必易微,半导体,1.8987105,-2.8743272
3407,2025-01-27,SH.ZB_603569,长久物流,物流行业,1.898618,-2.1481402
3408,2025-01-27,SZ.ZB_000596,古井贡酒,酿酒行业,1.8976152,-2.3920171
3409,2025-01-27,SH.ZB_600115,中国东航,航空机场,1.897344,-2.283428
3410,2025-01-27,SH.KC_688651,盛邦安全,软件开发,1.8949032,-4.367795
3411,2025-01-27,SZ.ZB_002241,歌尔股份,消费电子,1.8924028,-3.3931472
3412,2025-01-27,SH.ZB_600875,东方电气,电源设备,1.8890947,-2.361813
3413,2025-01-27,SH.KC_300777,中简科技,化纤行业,1.8884971,-3.6010866
3414,2025-01-27,SH.ZB_600518,康美药业,中药,1.8859327,-2.2426968
3415,2025-01-27,SH.KC_300813,泰林生物,医疗器械,1.8845409,-2.6618578
3416,2025-01-27,SZ.ZB_002826,易明医药,中药,1.884304,-2.8413143
3417,2025-01-27,SH.ZB_600586,金晶科技,玻璃玻纤,1.8842697,-2.4101088
3418,2025-01-27,SH.ZB_600104,上汽集团,汽车整车,1.88341,-2.4875426
3419,2025-01-27,SH.ZB_603222,济民健康,化学制药,1.8828928,-2.8378644
3420,2025-01-27,SZ.ZB_002008,大族激光,通用设备,1.8827245,-2.564046
3421,2025-01-27,SH.ZB_603288,海天味业,食品饮料,1.8817097,-1.8019674
3422,2025-01-27,SH.KC_300759,康龙化成,医疗服务,1.8813401,-2.846409
3423,2025-01-27,SH.KC_688486,龙迅股份,半导体,1.8811971,-5.1500044
3424,2025-01-27,SH.ZB_600189,泉阳泉,食品饮料,1.880528,-1.9997816
3425,2025-01-27,SH.ZB_600559,老白干酒,酿酒行业,1.8779323,-2.3187735
3426,2025-01-27,SH.ZB_603179,新泉股份,汽车零部件,1.8770725,-2.9171176
3427,2025-01-27,SZ.ZB_000898,鞍钢股份,钢铁行业,1.8750801,-2.3750212
3428,2025-01-27,SH.ZB_600379,宝光股份,电网设备,1.8748224,-2.5633144
3429,2025-01-27,SH.ZB_600779,水井坊,酿酒行业,1.8748059,-2.2135015
3430,2025-01-27,SH.ZB_603739,蔚蓝生物,农牧饲渔,1.873745,-2.570035
3431,2025-01-27,SZ.ZB_001239,永达股份,专用设备,1.8719733,-2.088817
3432,2025-01-27,SZ.ZB_001228,永泰运,物流行业,1.8718019,-2.5798712
3433,2025-01-27,SH.ZB_603878,武进不锈,钢铁行业,1.8712997,-2.3462627
3434,2025-01-27,SH.ZB_603477,巨星农牧,农牧饲渔,1.8707886,-2.77661
3435,2025-01-27,SH.ZB_601021,春秋航空,航空机场,1.8703312,-2.5871868
3436,2025-01-27,SH.ZB_603980,吉华集团,化学制品,1.8701464,-2.5549026
3437,2025-01-27,SH.KC_300402,宝色股份,专用设备,1.8696084,-2.2886367
3438,2025-01-27,SH.KC_688033,天宜上佳,光伏设备,1.8685937,-1.983875
3439,2025-01-27,SH.KC_688088,虹软科技,互联网服务,1.8673434,-5.715652
3440,2025-01-27,SH.ZB_603500,祥和实业,交运设备,1.8667355,-2.2680335
3441,2025-01-27,SH.ZB_603466,风语筑,文化传媒,1.8663571,-3.0917237
3442,2025-01-27,SZ.ZB_002984,森麒麟,橡胶制品,1.8650472,-2.5946565
3443,2025-01-27,SH.KC_300854,中兰环保,环保行业,1.8645138,-2.951979
3444,2025-01-27,SH.ZB_603650,彤程新材,橡胶制品,1.8625631,-2.6939294
3445,2025-01-27,SH.KC_300230,永利股份,塑料制品,1.8611298,-2.6180837
3446,2025-01-27,SH.ZB_603338,浙江鼎力,工程机械,1.8600895,-2.8225415
3447,2025-01-27,SH.ZB_601969,海南矿业,钢铁行业,1.8600538,-2.8703184
3448,2025-01-27,SH.ZB_600877,电科芯片,半导体,1.8599973,-2.2375946
3449,2025-01-27,SH.ZB_600563,法拉电子,电子元件,1.8597722,-2.5573905
3450,2025-01-27,SH.KC_301528,多浦乐,仪器仪表,1.859051,-2.1645637
3451,2025-01-27,SH.KC_688639,华恒生物,化学制品,1.8589407,-2.2374449
3452,2025-01-27,SH.ZB_603167,渤海轮渡,航运港口,1.8585756,-2.4765618
3453,2025-01-27,SH.KC_301130,西点药业,化学制药,1.8585637,-3.5136302
3454,2025-01-27,SH.ZB_603378,亚士创能,装修建材,1.8579767,-2.6561077
3455,2025-01-27,SH.ZB_600969,郴电国际,电力行业,1.8579185,-2.1932945
3456,2025-01-27,SH.ZB_601990,南京证券,证券,1.8577218,-2.565279
3457,2025-01-27,SH.ZB_605296,神农集团,农牧饲渔,1.8572152,-2.0653288
3458,2025-01-27,SH.KC_688505,复旦张江,化学制药,1.8560483,-2.459168
3459,2025-01-27,SH.ZB_600108,亚盛集团,农牧饲渔,1.8558369,-2.5350456
3460,2025-01-27,SH.ZB_600887,伊利股份,食品饮料,1.8543646,-2.025703
3461,2025-01-27,SH.KC_300963,中洲特材,有色金属,1.8533468,-2.6676912
3462,2025-01-27,SZ.ZB_001896,豫能控股,电力行业,1.851146,-2.540307
3463,2025-01-27,SZ.ZB_002796,世嘉科技,专用设备,1.8499732,-2.58727
3464,2025-01-27,SH.KC_300049,福瑞股份,医疗器械,1.8494666,-2.4659827
3465,2025-01-27,SH.KC_688296,和达科技,软件开发,1.8480704,-3.4559097
3466,2025-01-27,SH.KC_300332,天壕能源,燃气,1.8479004,-2.2604911
3467,2025-01-27,SZ.ZB_000683,远兴能源,化学原料,1.8474013,-2.5757365
3468,2025-01-27,SH.KC_301103,何氏眼科,医疗服务,1.8472924,-2.424582
3469,2025-01-27,SZ.ZB_002947,恒铭达,消费电子,1.8463745,-3.0586333
3470,2025-01-27,SH.KC_301108,洁雅股份,纺织服装,1.8448979,-2.6146715
3471,2025-01-27,SH.ZB_603855,华荣股份,专用设备,1.8447518,-3.0202866
3472,2025-01-27,SH.KC_688139,海尔生物,医疗器械,1.8445923,-2.46453
3473,2025-01-27,SH.ZB_600143,金发科技,塑料制品,1.8432782,-2.868849
3474,2025-01-27,SH.ZB_600721,百花医药,医疗服务,1.8432528,-3.0904691
3475,2025-01-27,SH.KC_301355,南王科技,造纸印刷,1.8431842,-2.2657127
3476,2025-01-27,SH.KC_300717,华信新材,塑料制品,1.8422008,-2.7329133
3477,2025-01-27,SZ.ZB_002707,众信旅游,旅游酒店,1.8407032,-3.2456253
3478,2025-01-27,SH.KC_688136,科兴制药,生物制品,1.8399849,-2.8604774
3479,2025-01-27,SZ.ZB_002458,益生股份,农牧饲渔,1.839845,-2.0630484
3480,2025-01-27,SH.KC_688128,中国电研,专用设备,1.839456,-2.6293674
3481,2025-01-27,SH.KC_300408,三环集团,电子元件,1.839386,-2.6104398
3482,2025-01-27,SH.KC_300303,聚飞光电,光学光电子,1.8389926,-3.3376195
3483,2025-01-27,SH.KC_301363,美好医疗,医疗器械,1.8370762,-2.969518
3484,2025-01-27,SH.ZB_600575,淮河能源,物流行业,1.8367097,-2.3005736
3485,2025-01-27,SZ.ZB_002907,华森制药,中药,1.8360212,-2.141485
3486,2025-01-27,SH.KC_688439,振华风光,半导体,1.8360152,-2.3403258
3487,2025-01-27,SZ.ZB_002106,莱宝高科,光学光电子,1.8350885,-2.477489
3488,2025-01-27,SH.KC_300401,花园生物,化学制药,1.8326805,-2.268418
3489,2025-01-27,SH.KC_300470,中密控股,通用设备,1.832062,-2.6062865
3490,2025-01-27,SH.KC_688155,先惠技术,电池,1.8300042,-2.9884934
3491,2025-01-27,SZ.ZB_002331,皖通科技,互联网服务,1.8284009,-2.2672772
3492,2025-01-27,SZ.ZB_002126,银轮股份,汽车零部件,1.8279374,-3.2276106
3493,2025-01-27,SZ.ZB_000090,天健集团,房地产开发,1.8265009,-2.5173101
3494,2025-01-27,SH.KC_688272,富吉瑞,光学光电子,1.8259659,-2.9364843
3495,2025-01-27,SH.KC_300193,佳士科技,通用设备,1.8253416,-2.574432
3496,2025-01-27,SZ.ZB_002598,山东章鼓,通用设备,1.8253028,-2.3457475
3497,2025-01-27,SH.ZB_603605,珀莱雅,美容护理,1.8252776,-2.7545443
3498,2025-01-27,SZ.ZB_000407,胜利股份,燃气,1.8239886,-2.6252282
3499,2025-01-27,SH.KC_688059,华锐精密,通用设备,1.8231108,-3.8659647
3500,2025-01-27,SH.ZB_603883,老百姓,医药商业,1.8230081,-2.3936048
3501,2025-01-27,SZ.ZB_001323,慕思股份,家用轻工,1.8229797,-2.8634229
3502,2025-01-27,SH.ZB_603867,新化股份,化学制品,1.8197387,-2.6453743
3503,2025-01-27,SH.KC_301267,华厦眼科,医疗服务,1.819025,-2.333261
3504,2025-01-27,SH.KC_688772,珠海冠宇,电池,1.8188848,-2.3035884
3505,2025-01-27,SH.KC_688616,西力科技,电网设备,1.8172755,-2.7995818
3506,2025-01-27,SH.KC_300306,远方信息,仪器仪表,1.815638,-2.709579
3507,2025-01-27,SH.ZB_600382,广东明珠,钢铁行业,1.814811,-2.5770564
3508,2025-01-27,SZ.ZB_002186,全 聚 德,旅游酒店,1.8137321,-2.2941484
3509,2025-01-27,SH.KC_301046,能辉科技,光伏设备,1.8127337,-2.6097772
3510,2025-01-27,SH.ZB_600476,湘邮科技,软件开发,1.8122778,-2.743676
3511,2025-01-27,SH.ZB_600558,大西洋,通用设备,1.8122584,-3.006416
3512,2025-01-27,SH.ZB_603816,顾家家居,装修建材,1.812154,-3.1517756
3513,2025-01-27,SZ.ZB_003043,华亚智能,通用设备,1.8118232,-2.202897
3514,2025-01-27,SH.ZB_603040,新坐标,汽车零部件,1.8116593,-2.9183197
3515,2025-01-27,SH.KC_688592,司南导航,计算机设备,1.8094271,-3.4456935
3516,2025-01-27,SH.ZB_600809,山西汾酒,酿酒行业,1.8086627,-2.2538524
3517,2025-01-27,SH.KC_300387,富邦科技,化肥行业,1.8069565,-2.9583492
3518,2025-01-27,SZ.ZB_002264,新 华 都,互联网服务,1.8054202,-2.6087809
3519,2025-01-27,SH.KC_688580,伟思医疗,医疗器械,1.8047259,-2.502339
3520,2025-01-27,SZ.ZB_002883,中设股份,工程咨询服务,1.8029377,-2.901318
3521,2025-01-27,SH.KC_300569,天能重工,风电设备,1.8024161,-1.4767381
3522,2025-01-27,SH.ZB_600846,同济科技,工程建设,1.8023179,-2.4477606
3523,2025-01-27,SH.ZB_605122,四方新材,水泥建材,1.8023044,-3.2963436
3524,2025-01-27,SH.ZB_601888,中国中免,旅游酒店,1.8010765,-2.2627926
3525,2025-01-27,SZ.ZB_000779,甘咨询,工程咨询服务,1.7987251,-2.7810028
3526,2025-01-27,SZ.ZB_000593,德龙汇能,燃气,1.7985687,-2.8429558
3527,2025-01-27,SH.ZB_601118,海南橡胶,橡胶制品,1.7968923,-2.1794076
3528,2025-01-27,SZ.ZB_002614,奥佳华,家电行业,1.7965093,-2.2838264
3529,2025-01-27,SH.ZB_600927,永安期货,多元金融,1.7954097,-2.7271078
3530,2025-01-27,SH.ZB_600257,大湖股份,农牧饲渔,1.7952353,-2.387521
3531,2025-01-27,SH.ZB_601330,绿色动力,环保行业,1.7943084,-2.5459018
3532,2025-01-27,SZ.ZB_001278,一彬科技,汽车零部件,1.7942578,-2.4741447
3533,2025-01-27,SH.KC_688099,晶晨股份,半导体,1.7936498,-3.7390456
3534,2025-01-27,SZ.ZB_000411,英特集团,医药商业,1.7930164,-2.6171672
3535,2025-01-27,SH.KC_301167,建研设计,工程咨询服务,1.7926335,-2.7330081
3536,2025-01-27,SZ.ZB_000628,高新发展,工程建设,1.7920628,-3.7291355
3537,2025-01-27,SH.KC_688019,安集科技,电子化学品,1.7912343,-3.0571504
3538,2025-01-27,SH.KC_301158,德石股份,专用设备,1.7911062,-2.781642
3539,2025-01-27,SZ.ZB_000333,美的集团,家电行业,1.7892196,-2.4095874
3540,2025-01-27,SH.KC_300519,新光药业,中药,1.7847687,-2.4730613
3541,2025-01-27,SH.ZB_603045,福达合金,有色金属,1.7831013,-4.183702
3542,2025-01-27,SH.KC_300848,美瑞新材,化学制品,1.7815576,-3.1757221
3543,2025-01-27,SH.KC_300643,万通智控,汽车零部件,1.7805622,-2.5943944
3544,2025-01-27,SH.KC_300292,吴通控股,通信服务,1.7804056,-3.2499633
3545,2025-01-27,SH.ZB_603439,贵州三力,中药,1.7803416,-2.690132
3546,2025-01-27,SH.KC_300481,濮阳惠成,电子化学品,1.7789378,-2.4263241
3547,2025-01-27,SZ.ZB_003816,中国广核,电力行业,1.7787546,-2.307097
3548,2025-01-27,SZ.ZB_003019,宸展光电,光学光电子,1.778692,-2.794535
3549,2025-01-27,SH.ZB_603797,联泰环保,环保行业,1.7779396,-2.5252202
3550,2025-01-27,SH.KC_300750,宁德时代,电池,1.776427,-2.796385
3551,2025-01-27,SH.ZB_600918,中泰证券,证券,1.775983,-2.3445258
3552,2025-01-27,SZ.ZB_000488,晨鸣纸业,造纸印刷,1.7755389,-1.5911934
3553,2025-01-27,SH.ZB_603192,汇得科技,化学制品,1.7751902,-3.0543299
3554,2025-01-27,SH.KC_688232,新点软件,软件开发,1.7750055,-2.849671
3555,2025-01-27,SH.KC_688168,安博通,软件开发,1.7743483,-3.2733135
3556,2025-01-27,SH.ZB_605507,国邦医药,化学制药,1.7730222,-3.09245
3557,2025-01-27,SH.ZB_601968,宝钢包装,包装材料,1.7723918,-2.3426607
3558,2025-01-27,SH.ZB_600792,云煤能源,煤炭行业,1.7716199,-2.1400795
3559,2025-01-27,SZ.ZB_002479,富春环保,环保行业,1.7714143,-2.5664828
3560,2025-01-27,SH.KC_300239,东宝生物,生物制品,1.7685801,-2.884015
3561,2025-01-27,SZ.ZB_002049,紫光国微,半导体,1.7657444,-2.056465
3562,2025-01-27,SH.ZB_603638,艾迪精密,工程机械,1.76422,-2.6030536
3563,2025-01-27,SZ.ZB_002472,双环传动,汽车零部件,1.7630637,-3.5209477
3564,2025-01-27,SH.ZB_600966,博汇纸业,造纸印刷,1.7628655,-2.3319454
3565,2025-01-27,SZ.ZB_002064,华峰化学,化纤行业,1.7612472,-2.5232766
3566,2025-01-27,SZ.ZB_002557,洽洽食品,食品饮料,1.7605335,-2.155732
3567,2025-01-27,SH.KC_688561,奇安信-U,软件开发,1.7591462,-2.7408938
3568,2025-01-27,SH.ZB_605162,新中港,公用事业,1.7587707,-2.9164863
3569,2025-01-27,SH.KC_688401,路维光电,半导体,1.7581314,-2.7991164
3570,2025-01-27,SH.KC_301093,华兰股份,医疗器械,1.7578155,-3.1394622
3571,2025-01-27,SH.KC_300801,泰和科技,化学制品,1.7573907,-2.358637
3572,2025-01-27,SH.KC_300446,航天智造,汽车零部件,1.7573565,-2.666271
3573,2025-01-27,SZ.ZB_002641,公元股份,装修建材,1.7571926,-2.4524555
3574,2025-01-27,SH.ZB_600547,山东黄金,贵金属,1.7552793,-2.7708428
3575,2025-01-27,SH.ZB_600262,北方股份,专用设备,1.7552644,-2.3925412
3576,2025-01-27,SH.ZB_600549,厦门钨业,小金属,1.7546952,-2.0910387
3577,2025-01-27,SZ.ZB_001337,四川黄金,贵金属,1.7545865,-2.4277043
3578,2025-01-27,SH.KC_301065,本立科技,化学原料,1.7538905,-2.5996284
3579,2025-01-27,SH.ZB_601699,潞安环能,煤炭行业,1.7532796,-2.0141635
3580,2025-01-27,SH.KC_301056,森赫股份,专用设备,1.7527401,-2.9644818
3581,2025-01-27,SZ.ZB_002850,科达利,电池,1.7526329,-4.192074
3582,2025-01-27,SH.KC_300129,泰胜风能,风电设备,1.7515256,-2.3941617
3583,2025-01-27,SH.KC_688367,工大高科,交运设备,1.7512367,-2.969873
3584,2025-01-27,SH.ZB_600120,浙江东方,多元金融,1.7499223,-3.1655066
3585,2025-01-27,SH.ZB_600089,特变电工,电网设备,1.7494545,-2.0652997
3586,2025-01-27,SH.ZB_603861,白云电器,电网设备,1.7476618,-2.2608593
3587,2025-01-27,SH.ZB_603995,甬金股份,钢铁行业,1.7476425,-3.6743765
3588,2025-01-27,SH.ZB_603348,文灿股份,汽车零部件,1.7473787,-2.4555516
3589,2025-01-27,SZ.ZB_002722,物产金轮,纺织服装,1.7467082,-2.4945793
3590,2025-01-27,SH.KC_301279,金道科技,通用设备,1.7454773,-3.2772946
3591,2025-01-27,SH.ZB_603381,永臻股份,光伏设备,1.7452493,-2.6060739
3592,2025-01-27,SZ.ZB_002057,中钢天源,非金属材料,1.7428532,-2.3546643
3593,2025-01-27,SH.ZB_601008,连云港,航运港口,1.7420799,-2.273459
3594,2025-01-27,SH.ZB_600073,光明肉业,食品饮料,1.7420247,-2.1775465
3595,2025-01-27,SH.KC_301088,戎美股份,纺织服装,1.7419279,-2.581007
3596,2025-01-27,SH.ZB_600226,亨通股份,农药兽药,1.7418027,-3.9851475
3597,2025-01-27,SH.ZB_600963,岳阳林纸,造纸印刷,1.7417445,-2.6881423
3598,2025-01-27,SH.ZB_600674,川投能源,电力行业,1.741384,-2.252162
3599,2025-01-27,SH.ZB_600639,浦东金桥,房地产开发,1.7396212,-2.6575363
3600,2025-01-27,SH.ZB_600278,东方创业,贸易行业,1.739037,-2.25172
3601,2025-01-27,SH.KC_300191,潜能恒信,采掘行业,1.7382338,-2.4993968
3602,2025-01-27,SZ.ZB_002234,民和股份,农牧饲渔,1.7380073,-1.9983418
3603,2025-01-27,SH.ZB_603488,展鹏科技,专用设备,1.7375082,-2.3701854
3604,2025-01-27,SZ.ZB_001336,楚环科技,专用设备,1.7373741,-2.6633341
3605,2025-01-27,SZ.ZB_001258,立新能源,电力行业,1.736775,-2.2127328
3606,2025-01-27,SH.ZB_600642,申能股份,电力行业,1.7367496,-2.3946595
3607,2025-01-27,SH.ZB_603908,牧高笛,纺织服装,1.7361939,-2.9255853
3608,2025-01-27,SH.ZB_603939,益丰药房,医药商业,1.7358944,-2.3333113
3609,2025-01-27,SZ.ZB_000860,顺鑫农业,酿酒行业,1.7347381,-2.2755334
3610,2025-01-27,SH.ZB_600183,生益科技,电子元件,1.7335548,-4.3514752
3611,2025-01-27,SZ.ZB_002752,昇兴股份,包装材料,1.7321676,-2.687545
3612,2025-01-27,SH.KC_301186,超达装备,汽车零部件,1.731415,-2.6844907
3613,2025-01-27,SH.ZB_601133,柏诚股份,工程建设,1.7311633,-2.6420054
3614,2025-01-27,SZ.ZB_002011,盾安环境,家电行业,1.7311618,-2.9328098
3615,2025-01-27,SH.ZB_601001,晋控煤业,煤炭行业,1.7305791,-2.5218787
3616,2025-01-27,SZ.ZB_002935,天奥电子,通信设备,1.7287493,-2.3080797
3617,2025-01-27,SZ.ZB_002550,千红制药,化学制药,1.7284706,-2.2751284
3618,2025-01-27,SH.ZB_603725,天安新材,化学制品,1.7283231,-2.453214
3619,2025-01-27,SH.KC_301052,果麦文化,文化传媒,1.7274632,-3.351446
3620,2025-01-27,SH.ZB_600746,江苏索普,化学原料,1.7267168,-2.9049587
3621,2025-01-27,SH.ZB_603897,长城科技,电网设备,1.7260998,-2.730485
3622,2025-01-27,SH.ZB_600645,中源协和,生物制品,1.7242923,-3.0759287
3623,2025-01-27,SH.ZB_600660,福耀玻璃,玻璃玻纤,1.7241776,-2.412363
3624,2025-01-27,SH.KC_300951,博硕科技,消费电子,1.7232463,-2.6456187
3625,2025-01-27,SH.ZB_605169,洪通燃气,燃气,1.7220289,-2.7421436
3626,2025-01-27,SH.KC_300463,迈克生物,医疗器械,1.7218456,-2.189813
3627,2025-01-27,SH.ZB_600017,日照港,航运港口,1.7218083,-2.4798863
3628,2025-01-27,SH.ZB_600517,国网英大,多元金融,1.7205566,-2.4721272
3629,2025-01-27,SZ.ZB_002876,三利谱,光学光电子,1.720199,-3.9616804
3630,2025-01-27,SZ.ZB_002863,今飞凯达,汽车零部件,1.7175794,-2.6074998
3631,2025-01-27,SH.ZB_600999,招商证券,证券,1.7172053,-2.6434402
3632,2025-01-27,SZ.ZB_003025,思进智能,通用设备,1.7170936,-2.6169832
3633,2025-01-27,SZ.ZB_002867,周大生,珠宝首饰,1.7153814,-2.3712902
3634,2025-01-27,SH.KC_300218,安利股份,塑料制品,1.7149105,-2.859557
3635,2025-01-27,SH.ZB_603458,勘设股份,工程咨询服务,1.7136723,-2.344805
3636,2025-01-27,SH.KC_301193,家联科技,塑料制品,1.7129138,-2.3886752
3637,2025-01-27,SH.KC_301087,可孚医疗,医疗器械,1.7125413,-2.3589692
3638,2025-01-27,SH.ZB_603203,快克智能,专用设备,1.7120347,-2.6476953
3639,2025-01-27,SH.KC_688777,中控技术,软件开发,1.7119513,-3.7117732
3640,2025-01-27,SH.ZB_605077,华康股份,食品饮料,1.7113686,-2.1703475
3641,2025-01-27,SH.KC_301206,三元生物,食品饮料,1.7105252,-2.4214606
3642,2025-01-27,SH.KC_300422,博世科,环保行业,1.7097592,-2.3700585
3643,2025-01-27,SH.KC_300416,苏试试验,专业服务,1.7095015,-2.4488475
3644,2025-01-27,SH.KC_688273,麦澜德,医疗器械,1.7090619,-2.8849454
3645,2025-01-27,SH.ZB_600496,精工钢构,水泥建材,1.708898,-2.801393
3646,2025-01-27,SZ.ZB_002476,宝莫股份,化学制品,1.70642,-2.5073524
3647,2025-01-27,SH.KC_300893,松原股份,汽车零部件,1.7043517,-2.8047895
3648,2025-01-27,SZ.ZB_000612,焦作万方,有色金属,1.7034874,-3.0197608
3649,2025-01-27,SH.KC_301133,金钟股份,汽车零部件,1.7031819,-2.5407937
3650,2025-01-27,SH.ZB_600967,内蒙一机,交运设备,1.7023966,-2.8788784
3651,2025-01-27,SZ.ZB_002516,旷达科技,汽车零部件,1.7022669,-2.2047758
3652,2025-01-27,SH.ZB_603602,纵横通信,通信服务,1.7019465,-2.5838687
3653,2025-01-27,SH.KC_301219,腾远钴业,能源金属,1.700148,-2.594479
3654,2025-01-27,SH.KC_688199,久日新材,化学制品,1.699993,-2.5223217
3655,2025-01-27,SH.ZB_600803,新奥股份,燃气,1.6989827,-3.5199552
3656,2025-01-27,SH.KC_300363,博腾股份,化学制药,1.6986907,-2.9999704
3657,2025-01-27,SZ.ZB_002911,佛燃能源,燃气,1.6982124,-2.6116333
3658,2025-01-27,SH.ZB_601005,重庆钢铁,钢铁行业,1.6978576,-2.5254664
3659,2025-01-27,SH.ZB_600834,申通地铁,铁路公路,1.697819,-2.206853
3660,2025-01-27,SH.ZB_605001,威奥股份,交运设备,1.6966224,-2.6485763
3661,2025-01-27,SH.ZB_601528,瑞丰银行,银行,1.6951575,-2.656437
3662,2025-01-27,SH.ZB_600976,健民集团,中药,1.694633,-2.521911
3663,2025-01-27,SH.ZB_603125,常青科技,化学制品,1.6943052,-2.6945882
3664,2025-01-27,SZ.ZB_002950,奥美医疗,医疗器械,1.6923159,-2.808366
3665,2025-01-27,SH.ZB_600418,江淮汽车,汽车整车,1.6921818,-3.8928998
3666,2025-01-27,SH.KC_688618,三旺通信,通信设备,1.6919031,-2.6197412
3667,2025-01-27,SH.ZB_603889,新澳股份,纺织服装,1.6910896,-2.3061545
3668,2025-01-27,SH.ZB_603027,千禾味业,食品饮料,1.690203,-2.4038177
3669,2025-01-27,SH.KC_301379,天山电子,光学光电子,1.6896591,-2.9474638
3670,2025-01-27,SZ.ZB_002043,兔 宝 宝,装修建材,1.6894042,-2.479761
3671,2025-01-27,SH.ZB_603937,丽岛新材,有色金属,1.6893373,-2.6667912
3672,2025-01-27,SZ.ZB_002595,豪迈科技,专用设备,1.6892672,-2.7998264
3673,2025-01-27,SZ.ZB_000776,广发证券,证券,1.6890228,-2.434232
3674,2025-01-27,SZ.ZB_000009,中国宝安,综合行业,1.6878098,-1.9850049
3675,2025-01-27,SH.ZB_600333,长春燃气,燃气,1.6868562,-2.226273
3676,2025-01-27,SZ.ZB_002870,香山股份,汽车零部件,1.686655,-2.6253626
3677,2025-01-27,SZ.ZB_002371,北方华创,半导体,1.6834662,-2.090013
3678,2025-01-27,SH.ZB_601366,利群股份,商业百货,1.6829743,-2.0929637
3679,2025-01-27,SZ.ZB_000541,佛山照明,家电行业,1.6823918,-2.8584785
3680,2025-01-27,SH.KC_300041,回天新材,化学制品,1.6823783,-2.3092844
3681,2025-01-27,SH.ZB_600455,博通股份,教育,1.681818,-2.7258422
3682,2025-01-27,SH.KC_688046,药康生物,生物制品,1.6814663,-3.1419945
3683,2025-01-27,SH.KC_300196,长海股份,玻璃玻纤,1.6808182,-2.288936
3684,2025-01-27,SH.KC_301015,百洋医药,医药商业,1.6804695,-2.3851843
3685,2025-01-27,SH.KC_688289,圣湘生物,医疗器械,1.6795725,-2.33693
3686,2025-01-27,SH.ZB_600980,北矿科技,小金属,1.6789212,-2.4102814
3687,2025-01-27,SH.ZB_600667,太极实业,工程建设,1.6787827,-2.5461576
3688,2025-01-27,SZ.ZB_000708,中信特钢,钢铁行业,1.6786456,-2.531442
3689,2025-01-27,SH.ZB_603071,物产环能,贸易行业,1.6783357,-2.7155483
3690,2025-01-27,SH.ZB_600956,新天绿能,燃气,1.6755953,-2.4631743
3691,2025-01-27,SH.KC_688267,中触媒,化学原料,1.6755432,-2.992054
3692,2025-01-27,SH.KC_688466,金科环境,环保行业,1.6749561,-3.1971834
3693,2025-01-27,SH.ZB_600000,浦发银行,银行,1.6730235,-2.7169342
3694,2025-01-27,SH.ZB_600064,南京高科,房地产开发,1.6716585,-2.5648487
3695,2025-01-27,SZ.ZB_000498,山东路桥,工程建设,1.6711488,-2.485568
3696,2025-01-27,SH.KC_301222,浙江恒威,电池,1.6701579,-2.6697528
3697,2025-01-27,SH.ZB_601228,广州港,航运港口,1.6695633,-2.2536278
3698,2025-01-27,SH.ZB_600668,尖峰集团,水泥建材,1.6666561,-2.7903607
3699,2025-01-27,SH.ZB_603285,键邦股份,化学制品,1.6664356,-3.0628264
3700,2025-01-27,SH.ZB_600197,伊力特,酿酒行业,1.665169,-2.3074465
3701,2025-01-27,SZ.ZB_002488,金固股份,汽车零部件,1.6639799,-3.300419
3702,2025-01-27,SH.KC_300272,开能健康,家电行业,1.6638324,-2.2846732
3703,2025-01-27,SH.KC_301059,金三江,化学原料,1.6633317,-2.5052364
3704,2025-01-27,SZ.ZB_000915,华特达因,化学制药,1.6627967,-2.9199662
3705,2025-01-27,SZ.ZB_002572,索菲亚,装修建材,1.6625822,-2.8932824
3706,2025-01-27,SH.ZB_603331,百达精工,通用设备,1.6619682,-2.4666314
3707,2025-01-27,SH.KC_300138,晨光生物,农牧饲渔,1.6611248,-2.5056856
3708,2025-01-27,SH.ZB_603836,海程邦达,物流行业,1.6605496,-3.3324723
3709,2025-01-27,SH.KC_688648,中邮科技,通用设备,1.6599462,-2.5551918
3710,2025-01-27,SZ.ZB_002340,格林美,能源金属,1.6596243,-2.4226906
3711,2025-01-27,SH.ZB_600835,上海机电,专用设备,1.6585543,-2.7975578
3712,2025-01-27,SH.KC_300357,我武生物,生物制品,1.6582042,-2.6654594
3713,2025-01-27,SH.ZB_601113,华鼎股份,化纤行业,1.6553924,-3.1751997
3714,2025-01-27,SH.ZB_600230,沧州大化,化学制品,1.6531065,-2.4911783
3715,2025-01-27,SZ.ZB_002980,华盛昌,仪器仪表,1.6504973,-2.5741522
3716,2025-01-27,SH.ZB_600231,凌钢股份,钢铁行业,1.6472354,-2.8032944
3717,2025-01-27,SH.KC_688060,云涌科技,软件开发,1.6469479,-3.2047913
3718,2025-01-27,SH.ZB_601599,浙文影业,纺织服装,1.6469226,-2.3833144
3719,2025-01-27,SH.ZB_601018,宁波港,航运港口,1.6467497,-2.2447574
3720,2025-01-27,SH.ZB_603681,永冠新材,化学制品,1.6449406,-2.7725732
3721,2025-01-27,SH.ZB_600249,两面针,美容护理,1.6444623,-2.5265183
3722,2025-01-27,SZ.ZB_002999,天禾股份,化肥行业,1.644364,-2.6893935
3723,2025-01-27,SZ.ZB_002160,常铝股份,有色金属,1.6438141,-2.3572843
3724,2025-01-27,SH.KC_300995,奇德新材,塑料制品,1.6420767,-2.7365422
3725,2025-01-27,SH.KC_301235,华康医疗,医疗服务,1.6413317,-2.727865
3726,2025-01-27,SH.KC_688331,荣昌生物,生物制品,1.6411111,-2.7220585
3727,2025-01-27,SH.ZB_603535,嘉诚国际,物流行业,1.6398773,-2.916462
3728,2025-01-27,SH.KC_688180,君实生物-U,生物制品,1.6391993,-2.6239383
3729,2025-01-27,SZ.ZB_002290,禾盛新材,家电行业,1.6381278,-2.4729898
3730,2025-01-27,SH.ZB_600648,外高桥,房地产开发,1.6374588,-2.573035
3731,2025-01-27,SH.ZB_601500,通用股份,橡胶制品,1.6363189,-3.1127408
3732,2025-01-27,SH.ZB_600583,海油工程,采掘行业,1.6346409,-2.331913
3733,2025-01-27,SH.ZB_600933,爱柯迪,汽车零部件,1.6323938,-3.6048062
3734,2025-01-27,SH.ZB_603112,华翔股份,家电行业,1.6321748,-2.6451979
3735,2025-01-27,SH.KC_688569,铁科轨道,交运设备,1.6317174,-2.324679
3736,2025-01-27,SZ.ZB_003036,泰坦股份,专用设备,1.6309679,-3.2437193
3737,2025-01-27,SH.KC_300979,华利集团,纺织服装,1.630728,-2.9548776
3738,2025-01-27,SH.ZB_603321,梅轮电梯,专用设备,1.6291275,-2.627573
3739,2025-01-27,SH.ZB_603162,海通发展,航运港口,1.6288593,-2.549197
3740,2025-01-27,SH.ZB_603058,永吉股份,造纸印刷,1.6286433,-2.7931447
3741,2025-01-27,SH.KC_300821,东岳硅材,化学制品,1.6284436,-2.4561596
3742,2025-01-27,SH.KC_300546,雄帝科技,计算机设备,1.628241,-2.8934908
3743,2025-01-27,SH.ZB_603130,云中马,纺织服装,1.6260296,-2.2819703
3744,2025-01-27,SZ.ZB_002916,深南电路,电子元件,1.624538,-3.8804908
3745,2025-01-27,SZ.ZB_000065,北方国际,工程建设,1.6240448,-2.5335033
3746,2025-01-27,SZ.ZB_000100,TCL科技,光学光电子,1.6239212,-2.8171518
3747,2025-01-27,SH.ZB_600872,中炬高新,食品饮料,1.6228497,-2.3204398
3748,2025-01-27,SZ.ZB_002864,盘龙药业,中药,1.6223818,-2.4209654
3749,2025-01-27,SH.KC_300019,硅宝科技,化学制品,1.6211019,-2.3728564
3750,2025-01-27,SZ.ZB_000019,深粮控股,贸易行业,1.6210735,-2.4727244
3751,2025-01-27,SH.ZB_600166,福田汽车,汽车整车,1.6208336,-1.9016813
3752,2025-01-27,SH.KC_301265,华新环保,环保行业,1.6190767,-2.4606845
3753,2025-01-27,SZ.ZB_000055,方大集团,装修装饰,1.6160831,-2.5824194
3754,2025-01-27,SZ.ZB_002662,京威股份,汽车零部件,1.6153991,-2.3677924
3755,2025-01-27,SZ.ZB_000778,新兴铸管,钢铁行业,1.6140296,-2.5280879
3756,2025-01-27,SH.ZB_600493,凤竹纺织,纺织服装,1.6135424,-2.5750723
3757,2025-01-27,SH.ZB_605589,圣泉集团,化学制品,1.6133428,-3.346589
3758,2025-01-27,SH.ZB_600685,中船防务,船舶制造,1.612483,-2.732208
3759,2025-01-27,SH.ZB_600223,福瑞达,生物制品,1.6121745,-2.7621455
3760,2025-01-27,SH.ZB_601000,唐山港,航运港口,1.6121179,-2.4393811
3761,2025-01-27,SH.KC_301428,世纪恒通,互联网服务,1.612015,-3.2217727
3762,2025-01-27,SH.KC_300171,东富龙,医疗器械,1.6108632,-2.348717
3763,2025-01-27,SZ.ZB_002349,精华制药,中药,1.6099781,-2.1317725
3764,2025-01-27,SH.KC_300335,迪森股份,环保行业,1.6098962,-2.6148825
3765,2025-01-27,SZ.ZB_002987,京北方,软件开发,1.606442,-2.9912884
3766,2025-01-27,SH.ZB_601016,节能风电,电力行业,1.6059071,-2.299591
3767,2025-01-27,SH.ZB_600928,西安银行,银行,1.6052558,-2.512384
3768,2025-01-27,SH.KC_301305,朗坤环境,环保行业,1.6049161,-2.7350397
3769,2025-01-27,SH.KC_688517,金冠电气,电网设备,1.6044126,-2.6703644
3770,2025-01-27,SH.ZB_600725,云维股份,煤炭行业,1.6017705,-2.0332804
3771,2025-01-27,SZ.ZB_002062,宏润建设,工程建设,1.5975461,-3.1162572
3772,2025-01-27,SH.KC_301335,天元宠物,家用轻工,1.596731,-2.066595
3773,2025-01-27,SZ.ZB_001328,登康口腔,美容护理,1.5950263,-3.060974
3774,2025-01-27,SZ.ZB_002937,兴瑞科技,消费电子,1.5947328,-2.531199
3775,2025-01-27,SH.KC_689009,九号公司-WD,交运设备,1.59045,-3.3295677
3776,2025-01-27,SH.ZB_600372,中航机载,航天航空,1.589854,-2.2333915
3777,2025-01-27,SH.KC_300358,楚天科技,医疗器械,1.5893191,-2.1572173
3778,2025-01-27,SZ.ZB_000928,中钢国际,工程咨询服务,1.5870795,-2.8170702
3779,2025-01-27,SZ.ZB_002566,益盛药业,中药,1.5849262,-2.4745793
3780,2025-01-27,SZ.ZB_000568,泸州老窖,酿酒行业,1.5838549,-2.126338
3781,2025-01-27,SZ.ZB_002990,盛视科技,软件开发,1.5816674,-2.9489996
3782,2025-01-27,SH.ZB_603890,春秋电子,消费电子,1.5815973,-3.6694634
3783,2025-01-27,SH.ZB_603153,上海建科,工程咨询服务,1.580955,-2.6997952
3784,2025-01-27,SH.ZB_605333,沪光股份,汽车零部件,1.5799239,-3.336763
3785,2025-01-27,SH.ZB_601339,百隆东方,纺织服装,1.578541,-2.506617
3786,2025-01-27,SZ.ZB_002216,三全食品,食品饮料,1.5782402,-2.1528935
3787,2025-01-27,SH.ZB_601139,深圳燃气,燃气,1.5779257,-2.549606
3788,2025-01-27,SH.ZB_603379,三美股份,化学制品,1.5773386,-3.5563588
3789,2025-01-27,SH.ZB_600059,古越龙山,酿酒行业,1.577124,-2.3175397
3790,2025-01-27,SH.ZB_600279,重庆港,航运港口,1.5759647,-2.6764994
3791,2025-01-27,SH.KC_300664,鹏鹞环保,环保行业,1.5758991,-2.2653744
3792,2025-01-27,SZ.ZB_002562,兄弟科技,化学制品,1.5756547,-2.195021
3793,2025-01-27,SZ.ZB_002919,名臣健康,游戏,1.5749409,-3.7636626
3794,2025-01-27,SH.KC_301459,丰茂股份,橡胶制品,1.574868,-3.3452744
3795,2025-01-27,SH.KC_688623,双元科技,专用设备,1.573807,-2.0480425
3796,2025-01-27,SZ.ZB_000651,格力电器,家电行业,1.5722871,-2.326619
3797,2025-01-27,SH.ZB_600015,华夏银行,银行,1.5685022,-2.46508
3798,2025-01-27,SH.KC_300200,高盟新材,化学制品,1.5672356,-2.8009913
3799,2025-01-27,SZ.ZB_000524,岭南控股,旅游酒店,1.5664146,-2.3693209
3800,2025-01-27,SZ.ZB_002772,众兴菌业,农牧饲渔,1.5661299,-2.576672
3801,2025-01-27,SH.KC_301277,新天地,化学制药,1.5654951,-2.5867205
3802,2025-01-27,SZ.ZB_002920,德赛西威,汽车零部件,1.5622765,-2.7723782
3803,2025-01-27,SH.KC_688109,品茗科技,软件开发,1.5615642,-3.617325
3804,2025-01-27,SH.ZB_605222,起帆电缆,电网设备,1.5615344,-2.739101
3805,2025-01-27,SH.KC_300896,爱美客,美容护理,1.5612199,-2.0084634
3806,2025-01-27,SH.KC_300031,宝通科技,游戏,1.560916,-2.66379
3807,2025-01-27,SH.ZB_600512,腾达建设,工程建设,1.5608146,-2.4929514
3808,2025-01-27,SZ.ZB_002497,雅化集团,化学制品,1.5607864,-3.1776357
3809,2025-01-27,SH.ZB_600491,龙元建设,工程建设,1.5579238,-3.1651344
3810,2025-01-27,SH.ZB_601058,赛轮轮胎,橡胶制品,1.5578792,-2.9333167
3811,2025-01-27,SH.KC_300146,汤臣倍健,食品饮料,1.55745,-1.9368801
3812,2025-01-27,SZ.ZB_002730,电光科技,专用设备,1.5566677,-11.121621
3813,2025-01-27,SH.KC_300589,江龙船艇,船舶制造,1.556258,-2.4397783
3814,2025-01-27,SH.ZB_601838,成都银行,银行,1.5558869,-2.6549897
3815,2025-01-27,SH.ZB_601890,亚星锚链,船舶制造,1.5540689,-2.3478332
3816,2025-01-27,SH.KC_688329,艾隆科技,专用设备,1.5526384,-2.976812
3817,2025-01-27,SH.KC_300882,万胜智能,电网设备,1.5516295,-2.396791
3818,2025-01-27,SZ.ZB_000403,派林生物,生物制品,1.5512512,-2.572667
3819,2025-01-27,SH.ZB_603609,禾丰股份,农牧饲渔,1.5501037,-2.4662228
3820,2025-01-27,SZ.ZB_002882,金龙羽,电网设备,1.5497833,-2.2162027
3821,2025-01-27,SZ.ZB_001222,源飞宠物,家用轻工,1.549618,-2.3640585
3822,2025-01-27,SZ.ZB_002273,水晶光电,光学光电子,1.5494257,-3.3322492
3823,2025-01-27,SH.KC_301106,骏成科技,光学光电子,1.5480592,-2.4857936
3824,2025-01-27,SH.ZB_603997,继峰股份,汽车零部件,1.5459597,-2.5730226
3825,2025-01-27,SH.ZB_603919,金徽酒,酿酒行业,1.5455947,-2.6424353
3826,2025-01-27,SH.KC_688585,上纬新材,塑料制品,1.5430524,-2.4605978
3827,2025-01-27,SH.KC_300381,溢多利,化学制药,1.5429332,-2.7416635
3828,2025-01-27,SH.ZB_605268,王力安防,家用轻工,1.5424714,-2.7641778
3829,2025-01-27,SH.ZB_600848,上海临港,房地产开发,1.5416026,-2.5480225
3830,2025-01-27,SH.KC_300501,海顺新材,包装材料,1.5414119,-2.5616698
3831,2025-01-27,SH.ZB_600135,乐凯胶片,塑料制品,1.5409067,-2.1218824
3832,2025-01-27,SH.KC_688786,悦安新材,有色金属,1.5408635,-2.9533944
3833,2025-01-27,SH.KC_300819,聚杰微纤,纺织服装,1.5399903,-2.469794
3834,2025-01-27,SH.ZB_603790,雅运股份,化学制品,1.5399724,-3.584633
3835,2025-01-27,SZ.ZB_000507,珠海港,航运港口,1.5395433,-2.2353635
3836,2025-01-27,SH.ZB_603183,建研院,专业服务,1.5378922,-2.4919198
3837,2025-01-27,SH.ZB_603326,我乐家居,装修建材,1.5375361,-3.0446463
3838,2025-01-27,SZ.ZB_002900,哈三联,化学制药,1.5375092,-2.421883
3839,2025-01-27,SH.ZB_601886,江河集团,装修装饰,1.5373006,-2.4951167
3840,2025-01-27,SH.ZB_600449,宁夏建材,水泥建材,1.5365422,-2.8054914
3841,2025-01-27,SH.KC_300318,博晖创新,医疗器械,1.5352533,-2.583295
3842,2025-01-27,SH.ZB_601225,陕西煤业,煤炭行业,1.5352249,-2.5178246
3843,2025-01-27,SZ.ZB_000548,湖南投资,铁路公路,1.5347362,-2.435774
3844,2025-01-27,SZ.ZB_002969,嘉美包装,包装材料,1.5343382,-2.797442
3845,2025-01-27,SH.KC_301006,迈拓股份,仪器仪表,1.5337124,-2.6652246
3846,2025-01-27,SH.KC_301207,华兰疫苗,生物制品,1.532954,-2.3766406
3847,2025-01-27,SH.ZB_600258,首旅酒店,旅游酒店,1.5325308,-2.1954286
3848,2025-01-27,SH.ZB_600477,杭萧钢构,水泥建材,1.532054,-2.5083501
3849,2025-01-27,SZ.ZB_002152,广电运通,计算机设备,1.5306205,-2.3743815
3850,2025-01-27,SH.KC_301053,远信工业,专用设备,1.5304118,-3.0170987
3851,2025-01-27,SZ.ZB_002376,新北洋,计算机设备,1.5300975,-2.4774916
3852,2025-01-27,SH.KC_300316,晶盛机电,光伏设备,1.5296922,-2.600424
3853,2025-01-27,SH.KC_301179,泽宇智能,软件开发,1.5286014,-2.7851043
3854,2025-01-27,SZ.ZB_000554,泰山石油,石油行业,1.5246882,-2.2208397
3855,2025-01-27,SH.KC_300922,天秦装备,塑料制品,1.5246437,-2.462976
3856,2025-01-27,SH.KC_688298,东方生物,医疗器械,1.5245318,-2.3100262
3857,2025-01-27,SZ.ZB_002948,青岛银行,银行,1.5244842,-2.9004612
3858,2025-01-27,SH.KC_300584,海辰药业,化学制药,1.5234962,-2.6093698
3859,2025-01-27,SH.KC_300514,友讯达,电网设备,1.5216589,-2.6572442
3860,2025-01-27,SH.KC_300509,新美星,专用设备,1.521045,-3.6537971
3861,2025-01-27,SH.KC_301518,长华化学,化学制品,1.5205576,-2.2975347
3862,2025-01-27,SH.ZB_603237,五芳斋,食品饮料,1.5205443,-1.9622319
3863,2025-01-27,SZ.ZB_002311,海大集团,农牧饲渔,1.5200422,-2.9917836
3864,2025-01-27,SH.KC_301500,飞南资源,环保行业,1.5191883,-2.4457507
3865,2025-01-27,SH.KC_301353,普莱得,通用设备,1.518084,-2.5576267
3866,2025-01-27,SH.ZB_605577,龙版传媒,文化传媒,1.5180633,-2.7145245
3867,2025-01-27,SZ.ZB_002412,汉森制药,中药,1.518026,-2.5155725
3868,2025-01-27,SH.KC_300765,新诺威,食品饮料,1.5179024,-3.2063026
3869,2025-01-27,SH.ZB_603799,华友钴业,能源金属,1.5176997,-2.207966
3870,2025-01-27,SH.KC_300003,乐普医疗,医疗器械,1.5164644,-1.874008
3871,2025-01-27,SH.ZB_600573,惠泉啤酒,酿酒行业,1.516135,-2.354436
3872,2025-01-27,SH.KC_688722,同益中,化纤行业,1.5159533,-2.5465472
3873,2025-01-27,SH.KC_688285,高铁电气,交运设备,1.5153706,-2.842739
3874,2025-01-27,SH.ZB_601579,会稽山,酿酒行业,1.5123711,-2.2199795
3875,2025-01-27,SH.ZB_600488,津药药业,化学制药,1.5120969,-2.7230325
3876,2025-01-27,SZ.ZB_000900,现代投资,铁路公路,1.5096098,-2.2394912
3877,2025-01-27,SZ.ZB_001227,兰州银行,银行,1.5094116,-2.6347785
3878,2025-01-27,SH.KC_300666,江丰电子,半导体,1.5077367,-2.4877796
3879,2025-01-27,SH.KC_301115,建科股份,专业服务,1.5023246,-2.361957
3880,2025-01-27,SH.ZB_603565,中谷物流,物流行业,1.5019014,-2.8230038
3881,2025-01-27,SH.ZB_600826,兰生股份,贸易行业,1.5015497,-2.386448
3882,2025-01-27,SH.ZB_601866,中远海发,航运港口,1.5008523,-2.340604
3883,2025-01-27,SH.KC_301345,涛涛车业,交运设备,1.4993145,-3.1063554
3884,2025-01-27,SH.KC_300930,屹通新材,有色金属,1.49692,-2.5846083
3885,2025-01-27,SH.ZB_603726,朗迪集团,家电行业,1.4961824,-2.563064
3886,2025-01-27,SH.ZB_600426,华鲁恒升,化学原料,1.4960513,-2.4933372
3887,2025-01-27,SH.KC_688697,纽威数控,通用设备,1.4943242,-2.6907692
3888,2025-01-27,SZ.ZB_000166,申万宏源,证券,1.4938325,-2.348296
3889,2025-01-27,SH.ZB_603115,海星股份,电子元件,1.492907,-2.4949338
3890,2025-01-27,SH.ZB_603817,海峡环保,环保行业,1.4919221,-2.719217
3891,2025-01-27,SH.ZB_605189,富春染织,纺织服装,1.4916301,-2.9045975
3892,2025-01-27,SH.ZB_603087,甘李药业,生物制品,1.4914141,-2.8592803
3893,2025-01-27,SZ.ZB_003035,南网能源,专业服务,1.4905586,-2.2959645
3894,2025-01-27,SH.ZB_605080,浙江自然,纺织服装,1.4904454,-4.650468
3895,2025-01-27,SH.KC_300206,理邦仪器,医疗器械,1.4892414,-2.620339
3896,2025-01-27,SZ.ZB_002821,凯莱英,医疗服务,1.4882579,-2.8249204
3897,2025-01-27,SH.KC_300773,拉卡拉,软件开发,1.487787,-3.0106757
3898,2025-01-27,SH.KC_301309,万得凯,通用设备,1.4875457,-2.4898417
3899,2025-01-27,SH.KC_688671,碧兴物联,仪器仪表,1.4857306,-2.4612558
3900,2025-01-27,SH.KC_301063,海锅股份,风电设备,1.4843509,-2.5128384
3901,2025-01-27,SH.ZB_603595,东尼电子,消费电子,1.481904,-3.0830379
3902,2025-01-27,SH.KC_301367,怡和嘉业,医疗器械,1.480338,-2.7388825
3903,2025-01-27,SH.KC_301330,熵基科技,软件开发,1.4798611,-2.7063954
3904,2025-01-27,SZ.ZB_002925,盈趣科技,消费电子,1.4775455,-2.5385768
3905,2025-01-27,SH.ZB_601956,东贝集团,家电行业,1.4758795,-2.2875874
3906,2025-01-27,SH.ZB_603048,浙江黎明,汽车零部件,1.4758289,-2.5553172
3907,2025-01-27,SH.ZB_601288,农业银行,银行,1.4732987,-2.5705383
3908,2025-01-27,SH.KC_301260,格力博,专用设备,1.4730155,-2.4861596
3909,2025-01-27,SZ.ZB_003041,真爱美家,纺织服装,1.472795,-3.701267
3910,2025-01-27,SZ.ZB_002632,道明光学,塑料制品,1.4727682,-2.4838572
3911,2025-01-27,SH.KC_300404,博济医药,医疗服务,1.4726653,-2.602231
3912,2025-01-27,SZ.ZB_003028,振邦智能,消费电子,1.4719903,-2.6795154
3913,2025-01-27,SH.ZB_603979,金诚信,采掘行业,1.4719367,-2.8601584
3914,2025-01-27,SH.KC_300845,捷安高科,软件开发,1.4715717,-2.7727928
3915,2025-01-27,SZ.ZB_002766,索菱股份,互联网服务,1.4684246,-3.0116253
3916,2025-01-27,SH.ZB_603105,芯能科技,光伏设备,1.4678881,-2.6233857
3917,2025-01-27,SH.ZB_600356,恒丰纸业,造纸印刷,1.4678508,-2.2425785
3918,2025-01-27,SH.KC_301257,普蕊斯,医疗服务,1.4676839,-2.574355
3919,2025-01-27,SH.KC_688200,华峰测控,半导体,1.4675975,-3.7009478
3920,2025-01-27,SH.ZB_600730,中国高科,教育,1.4672309,-2.4328334
3921,2025-01-27,SH.ZB_605138,盛泰集团,纺织服装,1.4660583,-2.8345292
3922,2025-01-27,SH.ZB_601985,中国核电,电力行业,1.4644787,-2.7611048
3923,2025-01-27,SZ.ZB_000948,南天信息,软件开发,1.4640391,-2.5396771
3924,2025-01-27,SH.KC_300360,炬华科技,电网设备,1.4623239,-2.4610937
3925,2025-01-27,SH.KC_300999,金龙鱼,食品饮料,1.4621675,-1.9992166
3926,2025-01-27,SH.KC_301181,标榜股份,汽车零部件,1.4619529,-2.515295
3927,2025-01-27,SZ.ZB_000555,神州信息,互联网服务,1.4605806,-3.1049328
3928,2025-01-27,SH.ZB_603066,音飞储存,物流行业,1.4603257,-1.9077073
3929,2025-01-27,SH.ZB_605155,西大门,家用轻工,1.4597311,-2.355151
3930,2025-01-27,SZ.ZB_000858,五 粮 液,酿酒行业,1.4581919,-2.248103
3931,2025-01-27,SH.KC_300873,海晨股份,物流行业,1.4565513,-2.507698
3932,2025-01-27,SZ.ZB_002591,恒大高新,互联网服务,1.4557034,-2.4956086
3933,2025-01-27,SH.ZB_600396,华电辽能,电力行业,1.4551699,-2.8236947
3934,2025-01-27,SH.ZB_600883,博闻科技,农牧饲渔,1.4548466,-2.5446374
3935,2025-01-27,SH.ZB_603199,九华旅游,旅游酒店,1.453893,-2.8890288
3936,2025-01-27,SZ.ZB_002448,中原内配,汽车零部件,1.4533311,-2.5177014
3937,2025-01-27,SH.KC_300841,康华生物,生物制品,1.452437,-2.3107011
3938,2025-01-27,SH.KC_300983,尤安设计,工程咨询服务,1.4506727,-2.1916587
3939,2025-01-27,SH.KC_300888,稳健医疗,美容护理,1.4497147,-2.8408237
3940,2025-01-27,SH.ZB_600703,三安光电,光学光电子,1.4490098,-2.2943249
3941,2025-01-27,SH.KC_688579,山大地纬,软件开发,1.4459014,-2.8908267
3942,2025-01-27,SH.ZB_600011,华能国际,电力行业,1.4452264,-2.132865
3943,2025-01-27,SH.KC_300886,华业香料,美容护理,1.4441401,-2.962539
3944,2025-01-27,SH.KC_300651,金陵体育,家用轻工,1.4419496,-2.6898942
3945,2025-01-27,SH.KC_300143,盈康生命,医疗服务,1.4415488,-2.601164
3946,2025-01-27,SH.ZB_601766,中国中车,交运设备,1.4407516,-2.2157109
3947,2025-01-27,SZ.ZB_001358,兴欣新材,化学原料,1.4406548,-2.3610573
3948,2025-01-27,SZ.ZB_002015,协鑫能科,电力行业,1.4399602,-2.3897324
3949,2025-01-27,SZ.ZB_002120,韵达股份,物流行业,1.4390558,-2.4807203
3950,2025-01-27,SH.KC_300771,智莱科技,计算机设备,1.4385924,-2.3791904
3951,2025-01-27,SH.KC_688215,瑞晟智能,专用设备,1.4384315,-3.3818011
3952,2025-01-27,SH.KC_301215,中汽股份,汽车服务,1.4383092,-2.4133623
3953,2025-01-27,SZ.ZB_002483,润邦股份,专用设备,1.4379203,-3.1962705
3954,2025-01-27,SZ.ZB_002930,宏川智慧,物流行业,1.4375389,-2.3458529
3955,2025-01-27,SH.KC_300653,正海生物,医疗器械,1.4373899,-2.3129096
3956,2025-01-27,SH.ZB_601600,中国铝业,有色金属,1.4372468,-2.6619973
3957,2025-01-27,SH.ZB_600461,洪城环境,公用事业,1.4363527,-2.830281
3958,2025-01-27,SH.ZB_600267,海正药业,化学制药,1.4349594,-3.1312835
3959,2025-01-27,SZ.ZB_002224,三 力 士,橡胶制品,1.4337823,-2.557595
3960,2025-01-27,SZ.ZB_002627,三峡旅游,旅游酒店,1.4330015,-2.4713748
3961,2025-01-27,SH.ZB_603037,凯众股份,汽车零部件,1.4329777,-2.596584
3962,2025-01-27,SH.ZB_600308,华泰股份,造纸印刷,1.432617,-2.3025687
3963,2025-01-27,SH.KC_688657,浩辰软件,软件开发,1.4305696,-3.194983
3964,2025-01-27,SZ.ZB_002284,亚太股份,汽车零部件,1.4290049,-2.6688888
3965,2025-01-27,SZ.ZB_002768,国恩股份,塑料制品,1.426141,-2.7837846
3966,2025-01-27,SZ.ZB_002144,宏达高科,纺织服装,1.4257252,-2.2257252
3967,2025-01-27,SH.ZB_600987,航民股份,纺织服装,1.4247015,-2.5534916
3968,2025-01-27,SZ.ZB_002972,科安达,交运设备,1.4235451,-3.4059856
3969,2025-01-27,SZ.ZB_002409,雅克科技,电子化学品,1.4229685,-3.2274752
3970,2025-01-27,SH.ZB_600523,贵航股份,汽车零部件,1.4221802,-2.6782465
3971,2025-01-27,SH.KC_300375,鹏翎股份,汽车零部件,1.4218628,-2.8477862
3972,2025-01-27,SH.ZB_601107,四川成渝,铁路公路,1.4193938,-2.3516085
3973,2025-01-27,SH.ZB_600035,楚天高速,铁路公路,1.4191985,-2.419277
3974,2025-01-27,SH.ZB_601208,东材科技,塑料制品,1.4177352,-3.0536017
3975,2025-01-27,SH.ZB_603993,洛阳钼业,小金属,1.4165252,-2.6636784
3976,2025-01-27,SH.KC_688399,硕世生物,医疗器械,1.4158621,-2.4253783
3977,2025-01-27,SH.KC_300721,怡达股份,化学制品,1.4147818,-3.1719875
3978,2025-01-27,SH.ZB_601601,中国太保,保险,1.4143199,-2.3816319
3979,2025-01-27,SZ.ZB_002406,远东传动,汽车零部件,1.414144,-2.2481182
3980,2025-01-27,SH.ZB_601991,大唐发电,电力行业,1.411797,-2.5614543
3981,2025-01-27,SZ.ZB_002626,金达威,食品饮料,1.4114931,-2.1069915
3982,2025-01-27,SH.KC_688398,赛特新材,化学制品,1.4102802,-2.9948587
3983,2025-01-27,SH.ZB_603318,水发燃气,燃气,1.4101431,-2.4750237
3984,2025-01-27,SZ.ZB_002452,长高电新,电网设备,1.4096811,-2.6010687
3985,2025-01-27,SH.ZB_605319,无锡振华,汽车零部件,1.409483,-3.255134
3986,2025-01-27,SH.ZB_601088,中国神华,煤炭行业,1.409468,-2.5779698
3987,2025-01-27,SH.ZB_601200,上海环境,环保行业,1.4085159,-2.507891
3988,2025-01-27,SH.ZB_605365,立达信,家电行业,1.4080107,-2.1450422
3989,2025-01-27,SH.ZB_601688,华泰证券,证券,1.4061973,-2.5214384
3990,2025-01-27,SH.KC_300860,锋尚文化,文化传媒,1.4061525,-2.8695307
3991,2025-01-27,SH.KC_300487,蓝晓科技,塑料制品,1.4048874,-2.9394758
3992,2025-01-27,SH.KC_300453,三鑫医疗,医疗器械,1.4043853,-2.6401908
3993,2025-01-27,SH.ZB_605088,冠盛股份,汽车零部件,1.4041915,-3.1857836
3994,2025-01-27,SZ.ZB_000426,兴业银锡,有色金属,1.4021113,-2.6494656
3995,2025-01-27,SH.KC_301043,绿岛风,专用设备,1.4019921,-2.6201658
3996,2025-01-27,SH.ZB_603698,航天工程,专业服务,1.4012784,-2.2806182
3997,2025-01-27,SH.ZB_600256,广汇能源,石油行业,1.4004037,-2.1455379
3998,2025-01-27,SZ.ZB_000729,燕京啤酒,酿酒行业,1.3995006,-2.829036
3999,2025-01-27,SZ.ZB_000707,双环科技,化学原料,1.3991222,-2.1605964
4000,2025-01-27,SZ.ZB_000089,深圳机场,航空机场,1.3961852,-2.7360957
4001,2025-01-27,SH.ZB_600444,国机通用,专用设备,1.3960884,-2.303748
4002,2025-01-27,SH.ZB_605389,长龄液压,工程机械,1.3929695,-3.3468616
4003,2025-01-27,SH.KC_300679,电连技术,消费电子,1.391989,-3.1142569
4004,2025-01-27,SZ.ZB_002522,浙江众成,塑料制品,1.3918668,-2.3704417
4005,2025-01-27,SH.ZB_603282,亚光股份,专用设备,1.3897047,-2.467174
4006,2025-01-27,SH.ZB_601880,辽港股份,航运港口,1.3893247,-2.3368528
4007,2025-01-27,SH.ZB_600613,神奇制药,化学制药,1.3890237,-2.1829882
4008,2025-01-27,SH.ZB_601816,京沪高铁,铁路公路,1.3883367,-2.0814722
4009,2025-01-27,SH.ZB_600075,新疆天业,化学原料,1.3856053,-2.4302378
4010,2025-01-27,SH.KC_300650,太龙股份,光学光电子,1.3847306,-2.2082868
4011,2025-01-27,SH.KC_300194,福安药业,化学制药,1.3842895,-2.3177347
4012,2025-01-27,SH.ZB_603010,万盛股份,化学制品,1.3839364,-2.3042793
4013,2025-01-27,SZ.ZB_002367,康力电梯,专用设备,1.3830259,-2.4044476
4014,2025-01-27,SH.ZB_600998,九州通,医药商业,1.3825641,-2.5677783
4015,2025-01-27,SH.KC_688552,航天南湖,通信设备,1.3821974,-2.184732
4016,2025-01-27,SH.KC_301246,宏源药业,化学制药,1.3802797,-2.3636231
4017,2025-01-27,SH.ZB_601388,怡球资源,有色金属,1.3794825,-1.9676212
4018,2025-01-27,SH.ZB_603380,易德龙,消费电子,1.378867,-3.0877655
4019,2025-01-27,SH.KC_300867,圣元环保,环保行业,1.37818,-2.551098
4020,2025-01-27,SH.ZB_600903,贵州燃气,燃气,1.377511,-2.1727312
4021,2025-01-27,SZ.ZB_002498,汉缆股份,电网设备,1.3769984,-2.2443445
4022,2025-01-27,SZ.ZB_000966,长源电力,电力行业,1.3767421,-2.2717564
4023,2025-01-27,SH.KC_300610,晨化股份,塑料制品,1.3766632,-2.4984713
4024,2025-01-27,SZ.ZB_001230,劲旅环境,环保行业,1.3742656,-2.9045246
4025,2025-01-27,SH.KC_300806,斯迪克,塑料制品,1.3730764,-4.1698737
4026,2025-01-27,SH.ZB_600499,科达制造,专用设备,1.3726339,-2.6681
4027,2025-01-27,SZ.ZB_002706,良信股份,电网设备,1.3724059,-2.633793
4028,2025-01-27,SH.KC_300034,钢研高纳,有色金属,1.3724059,-2.1730638
4029,2025-01-27,SH.ZB_605055,迎丰股份,纺织服装,1.3722211,-3.2986715
4030,2025-01-27,SH.ZB_600051,宁波联合,综合行业,1.3713048,-2.5237978
4031,2025-01-27,SZ.ZB_002783,凯龙股份,化学制品,1.3701186,-2.2163754
4032,2025-01-27,SH.KC_300525,博思软件,软件开发,1.3685137,-2.8163595
4033,2025-01-27,SZ.ZB_002099,海翔药业,化学制药,1.3677135,-2.1691585
4034,2025-01-27,SZ.ZB_001211,双枪科技,家用轻工,1.3664618,-3.7442982
4035,2025-01-27,SH.ZB_600557,康缘药业,中药,1.3654814,-2.430583
4036,2025-01-27,SH.ZB_601188,龙江交通,铁路公路,1.3640091,-2.1614313
4037,2025-01-27,SH.ZB_600697,欧亚集团,商业百货,1.3639927,-1.9663626
4038,2025-01-27,SH.KC_300625,三雄极光,家电行业,1.3627753,-2.4487581
4039,2025-01-27,SZ.ZB_002010,传化智联,物流行业,1.3617963,-2.279674
4040,2025-01-27,SH.ZB_600269,赣粤高速,铁路公路,1.3612137,-2.4994757
4041,2025-01-27,SH.ZB_600150,中国船舶,船舶制造,1.3607353,-2.8295324
4042,2025-01-27,SH.ZB_600377,宁沪高速,铁路公路,1.3606131,-2.5351143
4043,2025-01-27,SZ.ZB_002029,七 匹 狼,纺织服装,1.3595074,-2.2763686
4044,2025-01-27,SH.ZB_605286,同力日升,专用设备,1.3580918,-2.7382057
4045,2025-01-27,SH.ZB_601872,招商轮船,航运港口,1.3579593,-2.8471148
4046,2025-01-27,SH.ZB_600763,通策医疗,医疗服务,1.3576195,-2.3607044
4047,2025-01-27,SH.KC_300823,建科智能,专用设备,1.356499,-2.5096216
4048,2025-01-27,SZ.ZB_000682,东方电子,电网设备,1.3559952,-2.1752348
4049,2025-01-27,SH.KC_688191,智洋创新,电网设备,1.3548285,-3.160115
4050,2025-01-27,SZ.ZB_000661,长春高新,生物制品,1.3545856,-2.2084944
4051,2025-01-27,SH.ZB_603235,天新药业,食品饮料,1.3539984,-2.8347578
4052,2025-01-27,SZ.ZB_002223,鱼跃医疗,医疗器械,1.3524368,-2.6131995
4053,2025-01-27,SH.ZB_600795,国电电力,电力行业,1.3522565,-2.0969782
4054,2025-01-27,SH.KC_300015,爱尔眼科,医疗服务,1.3512955,-2.3927455
4055,2025-01-27,SH.ZB_603927,中科软,软件开发,1.350601,-2.8118463
4056,2025-01-27,SZ.ZB_002909,集泰股份,化学制品,1.349932,-2.97851
4057,2025-01-27,SH.KC_301529,福赛科技,汽车零部件,1.3497859,-2.432378
4058,2025-01-27,SZ.ZB_000786,北新建材,装修建材,1.3486445,-2.861782
4059,2025-01-27,SH.ZB_601177,杭齿前进,通用设备,1.3480737,-2.979554
4060,2025-01-27,SH.ZB_600694,大商股份,商业百货,1.3477266,-3.3774056
4061,2025-01-27,SZ.ZB_000001,平安银行,银行,1.3463035,-2.3247354
4062,2025-01-27,SZ.ZB_003027,同兴科技,环保行业,1.3460755,-2.5921435
4063,2025-01-27,SH.ZB_600019,宝钢股份,钢铁行业,1.3458207,-2.589324
4064,2025-01-27,SZ.ZB_002060,广东建工,工程建设,1.3450608,-2.339987
4065,2025-01-27,SZ.ZB_002454,松芝股份,汽车零部件,1.3450533,-2.5419662
4066,2025-01-27,SZ.ZB_000026,飞亚达,珠宝首饰,1.3447285,-2.430053
4067,2025-01-27,SH.KC_300816,艾可蓝,汽车零部件,1.3439983,-2.831023
4068,2025-01-27,SH.ZB_600456,宝钛股份,小金属,1.3431907,-2.9005134
4069,2025-01-27,SH.KC_688106,金宏气体,电子化学品,1.3418362,-2.5604434
4070,2025-01-27,SZ.ZB_003023,彩虹集团,家电行业,1.3404622,-2.2400007
4071,2025-01-27,SH.ZB_600505,西昌电力,电力行业,1.3399392,-2.4957447
4072,2025-01-27,SH.ZB_605003,众望布艺,纺织服装,1.3395474,-2.4451964
4073,2025-01-27,SH.KC_300294,博雅生物,生物制品,1.3395176,-2.432876
4074,2025-01-27,SH.KC_301362,民爆光电,家电行业,1.3384998,-2.1653428
4075,2025-01-27,SH.ZB_603373,安邦护卫,专业服务,1.3365462,-2.6060662
4076,2025-01-27,SZ.ZB_000888,峨眉山Ａ,旅游酒店,1.3358757,-2.376831
4077,2025-01-27,SH.ZB_603276,恒兴新材,化学原料,1.3355479,-2.129433
4078,2025-01-27,SH.KC_300039,上海凯宝,中药,1.3344631,-2.4559612
4079,2025-01-27,SH.ZB_600320,振华重工,专用设备,1.3338685,-2.4011283
4080,2025-01-27,SZ.ZB_002154,报 喜 鸟,纺织服装,1.3334527,-2.4205844
4081,2025-01-27,SH.KC_301131,聚赛龙,塑料制品,1.332377,-2.4713147
4082,2025-01-27,SZ.ZB_002803,吉宏股份,文化传媒,1.3306425,-2.6084814
4083,2025-01-27,SH.ZB_601089,福元医药,化学制药,1.3285205,-2.7319756
4084,2025-01-27,SH.ZB_600248,陕建股份,工程建设,1.3261437,-2.6082478
4085,2025-01-27,SH.ZB_603926,铁流股份,汽车零部件,1.3257802,-2.5719798
4086,2025-01-27,SH.KC_688266,泽璟制药-U,化学制药,1.3255224,-3.2055213
4087,2025-01-27,SH.ZB_600863,内蒙华电,电力行业,1.3245299,-2.3192239
4088,2025-01-27,SZ.ZB_000951,中国重汽,汽车整车,1.3235762,-2.6009622
4089,2025-01-27,SZ.ZB_002037,保利联合,化学制品,1.3235316,-2.5524578
4090,2025-01-27,SH.ZB_600299,安迪苏,化学制品,1.3234959,-2.4557335
4091,2025-01-27,SH.KC_300760,迈瑞医疗,医疗器械,1.3231649,-2.3641171
4092,2025-01-27,SH.ZB_605167,利柏特,专用设备,1.3202459,-2.5369418
4093,2025-01-27,SH.KC_300834,星辉环材,化学原料,1.3200357,-2.5573292
4094,2025-01-27,SZ.ZB_000088,盐 田 港,航运港口,1.3176531,-2.316093
4095,2025-01-27,SH.ZB_603639,海利尔,农药兽药,1.3175414,-2.6747088
4096,2025-01-27,SH.ZB_603722,阿科力,塑料制品,1.3160884,-2.6514356
4097,2025-01-27,SZ.ZB_002942,新农股份,农药兽药,1.3153658,-3.4102187
4098,2025-01-27,SH.ZB_603519,立霸股份,家电行业,1.3143911,-2.2779717
4099,2025-01-27,SZ.ZB_002457,青龙管业,装修建材,1.3132021,-3.149163
4100,2025-01-27,SZ.ZB_002860,星帅尔,家电行业,1.3125763,-2.5235617
4101,2025-01-27,SZ.ZB_002368,太极股份,互联网服务,1.3120413,-3.2061121
4102,2025-01-27,SZ.ZB_002833,弘亚数控,专用设备,1.3114228,-2.6400764
4103,2025-01-27,SZ.ZB_002051,中工国际,工程建设,1.3109312,-2.3779578
4104,2025-01-27,SZ.ZB_002258,利尔化学,农药兽药,1.3097465,-2.8675835
4105,2025-01-27,SZ.ZB_002303,美盈森,包装材料,1.3095766,-2.5382814
4106,2025-01-27,SH.ZB_600519,贵州茅台,酿酒行业,1.308462,-2.1607094
4107,2025-01-27,SH.ZB_601900,南方传媒,文化传媒,1.3080404,-3.5006313
4108,2025-01-27,SH.ZB_603848,好太太,家用轻工,1.3072624,-2.1921487
4109,2025-01-27,SH.KC_688102,斯瑞新材,有色金属,1.306501,-3.2957182
4110,2025-01-27,SZ.ZB_000700,模塑科技,汽车零部件,1.3062344,-2.4846246
4111,2025-01-27,SZ.ZB_002594,比亚迪,汽车整车,1.3062046,-2.50533
4112,2025-01-27,SH.ZB_600236,桂冠电力,电力行业,1.3058915,-2.4454827
4113,2025-01-27,SH.ZB_601187,厦门银行,银行,1.3056145,-2.4438198
4114,2025-01-27,SZ.ZB_002597,金禾实业,食品饮料,1.3051345,-2.6376975
4115,2025-01-27,SH.ZB_600975,新五丰,农牧饲渔,1.3049155,-2.2720008
4116,2025-01-27,SZ.ZB_002102,能特科技,化学制药,1.302886,-2.3646047
4117,2025-01-27,SH.ZB_603657,春光科技,家电行业,1.3018503,-3.0434272
4118,2025-01-27,SH.KC_300508,维宏股份,互联网服务,1.3017297,-3.1439245
4119,2025-01-27,SH.ZB_601298,青岛港,航运港口,1.3014481,-3.0393608
4120,2025-01-27,SZ.ZB_002838,道恩股份,塑料制品,1.3007627,-2.4899697
4121,2025-01-27,SH.ZB_600101,明星电力,电力行业,1.300484,-2.241012
4122,2025-01-27,SZ.ZB_002135,东南网架,工程建设,1.3001308,-2.574824
4123,2025-01-27,SH.KC_301190,善水科技,化学制品,1.299864,-2.7760074
4124,2025-01-27,SH.KC_688520,神州细胞-U,生物制品,1.2998074,-3.397042
4125,2025-01-27,SZ.ZB_002204,大连重工,工程机械,1.2997061,-2.3450613
4126,2025-01-27,SZ.ZB_000960,锡业股份,小金属,1.298666,-2.2797055
4127,2025-01-27,SZ.ZB_002608,江苏国信,电力行业,1.2972012,-2.4249787
4128,2025-01-27,SZ.ZB_002437,誉衡药业,化学制药,1.2959852,-2.7933388
4129,2025-01-27,SZ.ZB_002061,浙江交科,工程建设,1.2942314,-2.2669048
4130,2025-01-27,SZ.ZB_002365,永安药业,化学制药,1.2942165,-2.6288714
4131,2025-01-27,SH.ZB_600885,宏发股份,电网设备,1.2931466,-3.1522136
4132,2025-01-27,SH.ZB_603156,养元饮品,食品饮料,1.2912601,-2.4298763
4133,2025-01-27,SZ.ZB_000848,承德露露,食品饮料,1.2909636,-2.3244615
4134,2025-01-27,SH.KC_688176,亚虹医药-U,生物制品,1.2896075,-2.3222256
4135,2025-01-27,SH.ZB_603096,新经典,文化传媒,1.2892916,-2.6228511
4136,2025-01-27,SH.KC_688089,嘉必优,食品饮料,1.2886181,-2.9227104
4137,2025-01-27,SH.ZB_601700,风范股份,电网设备,1.2876823,-2.0173113
4138,2025-01-27,SZ.ZB_000963,华东医药,化学制药,1.2860179,-2.7662349
4139,2025-01-27,SH.KC_300548,博创科技,通信设备,1.2854383,-6.233897
4140,2025-01-27,SH.ZB_603355,莱克电气,家电行业,1.2834728,-2.3144252
4141,2025-01-27,SH.ZB_603065,宿迁联盛,化学原料,1.2828066,-2.328131
4142,2025-01-27,SH.KC_688146,中船特气,电子化学品,1.2827351,-2.549117
4143,2025-01-27,SH.KC_688513,苑东生物,化学制药,1.282385,-2.6678016
4144,2025-01-27,SH.ZB_600452,涪陵电力,电力行业,1.2811244,-2.087694
4145,2025-01-27,SH.KC_300406,九强生物,医疗器械,1.2808845,-2.5116284
4146,2025-01-27,SZ.ZB_000625,长安汽车,汽车整车,1.2780473,-2.2119513
4147,2025-01-27,SH.ZB_600495,晋西车轴,交运设备,1.2770325,-2.0611265
4148,2025-01-27,SH.ZB_601998,中信银行,银行,1.2768775,-2.1839647
4149,2025-01-27,SZ.ZB_002410,广联达,软件开发,1.275894,-3.2375388
4150,2025-01-27,SH.ZB_600572,康恩贝,中药,1.2756004,-2.471283
4151,2025-01-27,SZ.ZB_002658,雪迪龙,仪器仪表,1.2753248,-2.7287712
4152,2025-01-27,SH.ZB_600510,黑牡丹,房地产开发,1.2752249,-2.659828
4153,2025-01-27,SH.ZB_600210,紫江企业,包装材料,1.2749016,-2.403815
4154,2025-01-27,SZ.ZB_001289,龙源电力,电力行业,1.273331,-2.1582127
4155,2025-01-27,SH.KC_688101,三达膜,环保行业,1.2722343,-2.6496685
4156,2025-01-27,SZ.ZB_003012,东鹏控股,装修建材,1.2714952,-2.4775033
4157,2025-01-27,SH.KC_688553,汇宇制药-W,化学制药,1.2711093,-2.255268
4158,2025-01-27,SH.ZB_600167,联美控股,公用事业,1.2684808,-2.3825762
4159,2025-01-27,SZ.ZB_002294,信立泰,化学制药,1.2684464,-2.3249402
4160,2025-01-27,SH.ZB_600749,西藏旅游,旅游酒店,1.2671127,-2.4224637
4161,2025-01-27,SH.ZB_600475,华光环能,电源设备,1.2641191,-1.922442
4162,2025-01-27,SH.KC_688393,安必平,医疗器械,1.2635052,-2.5193903
4163,2025-01-27,SH.KC_688622,禾信仪器,仪器仪表,1.2630448,-6.180513
4164,2025-01-27,SZ.ZB_002790,瑞尔特,装修建材,1.262857,-2.4062011
4165,2025-01-27,SH.KC_688092,爱科科技,专用设备,1.2623727,-2.429101
4166,2025-01-27,SH.KC_301033,迈普医学,医疗服务,1.2608111,-3.249146
4167,2025-01-27,SH.ZB_605499,东鹏饮料,食品饮料,1.2589544,-2.9690113
4168,2025-01-27,SH.ZB_603815,交建股份,工程建设,1.2587726,-2.9511611
4169,2025-01-27,SH.ZB_600655,豫园股份,珠宝首饰,1.2585773,-1.4798222
4170,2025-01-27,SH.ZB_605259,绿田机械,通用设备,1.2584776,-2.656667
4171,2025-01-27,SH.KC_688009,中国通号,交运设备,1.2577385,-2.379205
4172,2025-01-27,SZ.ZB_002065,东华软件,软件开发,1.2562275,-2.5929518
4173,2025-01-27,SH.KC_688151,华强科技,专用设备,1.2561336,-1.9601064
4174,2025-01-27,SH.ZB_605011,杭州热电,公用事业,1.2549251,-2.155655
4175,2025-01-27,SH.KC_688196,卓越新能,化学制品,1.2548923,-3.0282009
4176,2025-01-27,SH.ZB_603298,杭叉集团,工程机械,1.2547419,-2.452197
4177,2025-01-27,SZ.ZB_000552,甘肃能化,煤炭行业,1.2535646,-2.2700791
4178,2025-01-27,SZ.ZB_002938,鹏鼎控股,电子元件,1.2532101,-3.4054146
4179,2025-01-27,SH.ZB_603191,望变电气,电网设备,1.2527436,-3.7989795
4180,2025-01-27,SH.ZB_603309,维力医疗,医疗器械,1.2526498,-2.483628
4181,2025-01-27,SH.KC_300203,聚光科技,环保行业,1.2511283,-3.543851
4182,2025-01-27,SH.KC_300761,立华股份,农牧饲渔,1.2508124,-2.2120543
4183,2025-01-27,SH.KC_301551,无线传媒,文化传媒,1.2478918,-2.4309955
4184,2025-01-27,SH.ZB_601199,江南水务,公用事业,1.2453303,-2.140787
4185,2025-01-27,SH.ZB_601988,中国银行,银行,1.2447119,-2.5247824
4186,2025-01-27,SH.ZB_600578,京能电力,电力行业,1.2441128,-2.3797474
4187,2025-01-27,SH.ZB_601518,吉林高速,铁路公路,1.2435287,-2.4270318
4188,2025-01-27,SH.KC_300577,开润股份,纺织服装,1.2431726,-3.450844
4189,2025-01-27,SH.KC_688330,宏力达,电网设备,1.2427375,-2.4824026
4190,2025-01-27,SH.ZB_600845,宝信软件,互联网服务,1.2408509,-3.2063556
4191,2025-01-27,SH.ZB_601179,中国西电,电网设备,1.2403979,-2.389193
4192,2025-01-27,SH.KC_300636,同和药业,化学制药,1.2403264,-2.6687
4193,2025-01-27,SH.ZB_605050,福然德,物流行业,1.2395322,-2.5334117
4194,2025-01-27,SZ.ZB_002749,国光股份,农药兽药,1.2372315,-2.858595
4195,2025-01-27,SH.KC_688187,时代电气,交运设备,1.2361541,-2.9489908
4196,2025-01-27,SH.KC_301020,密封科技,汽车零部件,1.2359262,-2.484737
4197,2025-01-27,SH.ZB_600820,隧道股份,工程建设,1.2351006,-2.3314767
4198,2025-01-27,SH.KC_301376,致欧科技,家用轻工,1.2344077,-2.6158073
4199,2025-01-27,SH.ZB_600526,菲达环保,环保行业,1.2331575,-2.5987124
4200,2025-01-27,SH.KC_300797,钢研纳克,专业服务,1.2320697,-2.5443747
4201,2025-01-27,SZ.ZB_000728,国元证券,证券,1.2320027,-2.4581077
4202,2025-01-27,SH.KC_300788,中信出版,文化传媒,1.2316539,-2.597484
4203,2025-01-27,SZ.ZB_002832,比音勒芬,纺织服装,1.2313843,-2.377489
4204,2025-01-27,SH.ZB_603456,九洲药业,化学制药,1.2311041,-2.3394756
4205,2025-01-27,SH.ZB_600713,南京医药,医药商业,1.2308941,-2.6263666
4206,2025-01-27,SZ.ZB_002615,哈尔斯,家用轻工,1.229836,-2.8074644
4207,2025-01-27,SH.ZB_601319,中国人保,保险,1.2293667,-2.6587558
4208,2025-01-27,SH.KC_300815,玉禾田,环保行业,1.2287647,-2.5289855
4209,2025-01-27,SH.ZB_601318,中国平安,保险,1.2284234,-2.3662043
4210,2025-01-27,SH.KC_300847,中船汉光,消费电子,1.2282372,-2.3530674
4211,2025-01-27,SH.ZB_603528,多伦科技,软件开发,1.227443,-3.1607344
4212,2025-01-27,SZ.ZB_001226,拓山重工,工程机械,1.2272179,-2.7582412
4213,2025-01-27,SZ.ZB_001267,汇绿生态,工程建设,1.2263715,-5.3011336
4214,2025-01-27,SH.ZB_601628,中国人寿,保险,1.2245119,-2.7373376
4215,2025-01-27,SZ.ZB_002891,中宠股份,农牧饲渔,1.2243062,-3.0308259
4216,2025-01-27,SH.KC_301197,工大科雅,软件开发,1.2230947,-2.8448179
4217,2025-01-27,SH.KC_301408,华人健康,医药商业,1.22187,-2.5555794
4218,2025-01-27,SH.ZB_603613,国联股份,互联网服务,1.2217581,-3.033206
4219,2025-01-27,SH.ZB_603551,奥普科技,家电行业,1.2210891,-2.3387887
4220,2025-01-27,SH.ZB_600851,海欣股份,化学制药,1.21855,-3.9747863
4221,2025-01-27,SH.ZB_601398,工商银行,银行,1.218231,-2.6411378
4222,2025-01-27,SH.ZB_600729,重庆百货,商业百货,1.2179241,-2.585787
4223,2025-01-27,SH.ZB_605099,共创草坪,家用轻工,1.2174115,-2.7719831
4224,2025-01-27,SZ.ZB_002887,绿茵生态,环保行业,1.2164905,-2.5696783
4225,2025-01-27,SZ.ZB_000731,四川美丰,化肥行业,1.2158201,-2.2732315
4226,2025-01-27,SH.KC_301200,大族数控,专用设备,1.2150719,-3.114716
4227,2025-01-27,SH.ZB_603280,南方路机,专用设备,1.2130394,-2.3337877
4228,2025-01-27,SH.KC_300962,中金辐照,专业服务,1.2120352,-2.5445971
4229,2025-01-27,SH.KC_688235,百济神州-U,生物制品,1.2101815,-3.5822005
4230,2025-01-27,SH.KC_688336,三生国健,生物制品,1.2097046,-3.2071133
4231,2025-01-27,SZ.ZB_002254,泰和新材,化纤行业,1.2096226,-2.2124903
4232,2025-01-27,SH.KC_300870,欧陆通,电源设备,1.2092054,-4.774069
4233,2025-01-27,SZ.ZB_000623,吉林敖东,化学制药,1.2089238,-2.2034473
4234,2025-01-27,SZ.ZB_002238,天威视讯,文化传媒,1.208365,-2.505671
4235,2025-01-27,SZ.ZB_003000,劲仔食品,食品饮料,1.2078732,-2.071017
4236,2025-01-27,SZ.ZB_000883,湖北能源,电力行业,1.2076364,-2.459628
4237,2025-01-27,SH.KC_300677,英科医疗,医疗器械,1.206763,-3.155312
4238,2025-01-27,SH.KC_688459,哈铁科技,交运设备,1.2060955,-2.2874324
4239,2025-01-27,SH.ZB_603648,畅联股份,物流行业,1.205492,-2.613532
4240,2025-01-27,SZ.ZB_002332,仙琚制药,化学制药,1.2037218,-2.3542764
4241,2025-01-27,SH.ZB_600479,千金药业,中药,1.2036115,-2.2597044
4242,2025-01-27,SH.ZB_600027,华电国际,电力行业,1.2029111,-2.6131318
4243,2025-01-27,SZ.ZB_002320,海峡股份,航运港口,1.2019992,-2.6234102
4244,2025-01-27,SZ.ZB_003017,大洋生物,化学原料,1.2019217,-3.0829518
4245,2025-01-27,SZ.ZB_002556,辉隆股份,化肥行业,1.2003839,-2.5977583
4246,2025-01-27,SH.ZB_603050,科林电气,电网设备,1.1981726,-2.3943968
4247,2025-01-27,SZ.ZB_002988,豪美新材,有色金属,1.1976495,-2.5328705
4248,2025-01-27,SZ.ZB_002022,科华生物,医疗器械,1.1970848,-2.0082998
4249,2025-01-27,SZ.ZB_000603,盛达资源,有色金属,1.196523,-3.3184977
4250,2025-01-27,SZ.ZB_000650,仁和药业,中药,1.1963651,-2.2032292
4251,2025-01-27,SZ.ZB_002912,中新赛克,互联网服务,1.1959836,-3.619631
4252,2025-01-27,SH.ZB_600062,华润双鹤,化学制药,1.195544,-2.5067225
4253,2025-01-27,SH.ZB_600750,江中药业,中药,1.1955142,-2.4032829
4254,2025-01-27,SZ.ZB_002959,小熊电器,家电行业,1.1943326,-2.197232
4255,2025-01-27,SZ.ZB_002461,珠江啤酒,酿酒行业,1.1938915,-2.5407732
4256,2025-01-27,SZ.ZB_000601,韶能股份,电力行业,1.1917875,-3.01848
4257,2025-01-27,SH.ZB_603860,中公高科,工程咨询服务,1.1909485,-2.3837879
4258,2025-01-27,SH.KC_301349,信德新材,化学制品,1.1906431,-4.0840645
4259,2025-01-27,SZ.ZB_000876,新 希 望,农牧饲渔,1.1887133,-2.1208699
4260,2025-01-27,SZ.ZB_000703,恒逸石化,化纤行业,1.1866345,-2.630585
4261,2025-01-27,SH.KC_688269,凯立新材,化学制品,1.1796057,-2.4008303
4262,2025-01-27,SH.KC_300160,秀强股份,家电行业,1.1795626,-2.075898
4263,2025-01-27,SH.ZB_600489,中金黄金,贵金属,1.1786892,-2.5541313
4264,2025-01-27,SH.KC_688080,映翰通,通信设备,1.1774406,-2.8185604
4265,2025-01-27,SH.ZB_600309,万华化学,化学制品,1.176636,-2.3447468
4266,2025-01-27,SH.ZB_603589,口子窖,酿酒行业,1.1761472,-2.072494
4267,2025-01-27,SH.KC_300215,电科院,专业服务,1.1761427,-2.3417656
4268,2025-01-27,SH.ZB_600917,重庆燃气,燃气,1.1757612,-2.4399824
4269,2025-01-27,SH.ZB_600352,浙江龙盛,化学制品,1.1741593,-2.3736854
4270,2025-01-27,SH.ZB_600612,老凤祥,珠宝首饰,1.1734352,-2.8336897
4271,2025-01-27,SZ.ZB_000338,潍柴动力,汽车零部件,1.1732459,-2.3627763
4272,2025-01-27,SH.ZB_603876,鼎胜新材,有色金属,1.170455,-1.9817342
4273,2025-01-27,SH.ZB_601006,大秦铁路,物流行业,1.1703849,-2.3547175
4274,2025-01-27,SH.KC_301166,优宁维,生物制品,1.1698232,-2.4806256
4275,2025-01-27,SH.ZB_600359,新农开发,农牧饲渔,1.167962,-2.3257403
4276,2025-01-27,SH.ZB_603313,梦百合,装修建材,1.1669531,-2.3959768
4277,2025-01-27,SH.ZB_600509,天富能源,电力行业,1.1657014,-2.6188595
4278,2025-01-27,SZ.ZB_001332,锡装股份,专用设备,1.1651695,-2.5265343
4279,2025-01-27,SH.ZB_603916,苏博特,化学制品,1.1641532,-2.4726157
4280,2025-01-27,SH.KC_301300,远翔新材,化学制品,1.1623293,-2.865864
4281,2025-01-27,SH.ZB_600633,浙数文化,游戏,1.1593521,-2.3973715
4282,2025-01-27,SH.ZB_603053,成都燃气,燃气,1.1591837,-2.4775858
4283,2025-01-27,SH.ZB_600153,建发股份,贸易行业,1.1588603,-2.2878897
4284,2025-01-27,SH.KC_301468,博盈特焊,专用设备,1.1576042,-2.2227418
4285,2025-01-27,SZ.ZB_000997,新 大 陆,互联网服务,1.1565685,-2.9660962
4286,2025-01-27,SZ.ZB_002884,凌霄泵业,通用设备,1.1562139,-2.2881444
4287,2025-01-27,SH.ZB_603217,元利科技,化学制品,1.156126,-2.4579952
4288,2025-01-27,SZ.ZB_001317,三羊马,物流行业,1.1553273,-2.3040075
4289,2025-01-27,SZ.ZB_002111,威海广泰,专用设备,1.1551247,-2.1899083
4290,2025-01-27,SZ.ZB_002881,美格智能,消费电子,1.154603,-4.7192297
4291,2025-01-27,SH.ZB_600808,马钢股份,钢铁行业,1.1534125,-2.7487266
4292,2025-01-27,SH.KC_300388,节能国祯,环保行业,1.1531979,-2.521344
4293,2025-01-27,SH.KC_300910,瑞丰新材,化学制品,1.1506915,-3.497212
4294,2025-01-27,SZ.ZB_002519,银河电子,通信设备,1.1503711,-1.3015347
4295,2025-01-27,SH.ZB_601101,昊华能源,煤炭行业,1.1481494,-2.4981985
4296,2025-01-27,SH.ZB_601618,中国中冶,工程建设,1.1462464,-2.3319917
4297,2025-01-27,SZ.ZB_000425,徐工机械,工程机械,1.1447072,-2.1192389
4298,2025-01-27,SH.ZB_600182,S佳通,橡胶制品,1.1446788,-2.1789496
4299,2025-01-27,SH.ZB_600941,中国移动,通信服务,1.1446669,-2.6641014
4300,2025-01-27,SZ.ZB_002267,陕天然气,燃气,1.1437148,-2.433062
4301,2025-01-27,SH.ZB_603329,上海雅仕,物流行业,1.1428342,-3.0490935
4302,2025-01-27,SZ.ZB_000910,大亚圣象,装修建材,1.1417522,-2.1267555
4303,2025-01-27,SH.KC_300144,宋城演艺,旅游酒店,1.1410222,-2.3423595
4304,2025-01-27,SZ.ZB_002080,中材科技,玻璃玻纤,1.1408224,-2.252868
4305,2025-01-27,SH.ZB_603823,百合花,化学制品,1.1398242,-2.4078374
4306,2025-01-27,SZ.ZB_000819,岳阳兴长,石油行业,1.1393652,-2.305895
4307,2025-01-27,SZ.ZB_002385,大北农,农牧饲渔,1.1391892,-2.2453632
4308,2025-01-27,SH.KC_301507,民生健康,化学制药,1.1386797,-2.3615823
4309,2025-01-27,SH.KC_688611,杭州柯林,电网设备,1.1356652,-3.2003455
4310,2025-01-27,SH.KC_300314,戴维医疗,医疗器械,1.1348844,-2.415381
4311,2025-01-27,SH.ZB_601899,紫金矿业,有色金属,1.1331604,-2.4719086
4312,2025-01-27,SZ.ZB_000636,风华高科,电子元件,1.1328444,-2.3787122
4313,2025-01-27,SH.ZB_600551,时代出版,文化传媒,1.1320114,-2.471414
4314,2025-01-27,SH.KC_688687,凯因科技,生物制品,1.1287004,-2.8637881
4315,2025-01-27,SH.KC_300994,久祺股份,交运设备,1.1285081,-2.4188974
4316,2025-01-27,SH.ZB_603001,奥康国际,纺织服装,1.1276557,-2.232913
4317,2025-01-27,SH.ZB_600020,中原高速,铁路公路,1.1270537,-2.4159014
4318,2025-01-27,SZ.ZB_000012,南  玻Ａ,玻璃玻纤,1.1263967,-2.2715173
4319,2025-01-27,SH.ZB_600096,云天化,化肥行业,1.1259749,-2.7219439
4320,2025-01-27,SH.ZB_600688,上海石化,石油行业,1.1232748,-2.1547894
4321,2025-01-27,SH.ZB_603558,健盛集团,纺织服装,1.1221752,-2.734665
4322,2025-01-27,SZ.ZB_002675,东诚药业,化学制药,1.1195451,-2.7959592
4323,2025-01-27,SH.ZB_600780,通宝能源,电力行业,1.119107,-2.3958035
4324,2025-01-27,SH.ZB_603018,华设集团,工程咨询服务,1.1189163,-3.416368
4325,2025-01-23,SH.KC_300065,海兰信,船舶制造,1.1187553,-2.9798224
4326,2025-01-27,SH.KC_301216,万凯新材,化学制品,1.1153831,-1.9363482
4327,2025-01-27,SH.ZB_600521,华海药业,化学制药,1.1140869,-2.3892593
4328,2025-01-27,SH.ZB_600339,中油工程,采掘行业,1.1131301,-2.2044995
4329,2025-01-27,SH.KC_300939,秋田微,光学光电子,1.1122777,-2.5884342
4330,2025-01-27,SZ.ZB_001367,海森药业,化学制药,1.1116936,-2.6254215
4331,2025-01-27,SH.ZB_600328,中盐化工,化学原料,1.1109099,-2.2061243
4332,2025-01-27,SZ.ZB_002108,沧州明珠,塑料制品,1.1105464,-2.0172806
4333,2025-01-27,SH.KC_300923,研奥股份,交运设备,1.1089637,-2.5441089
4334,2025-01-27,SH.KC_300285,国瓷材料,化学制品,1.1085749,-2.4366975
4335,2025-01-27,SH.ZB_600737,中粮糖业,食品饮料,1.1085703,-2.1391094
4336,2025-01-27,SH.KC_301276,嘉曼服饰,纺织服装,1.1078537,-2.527326
4337,2025-01-27,SH.ZB_603259,药明康德,医疗服务,1.1077762,-3.1187663
4338,2025-01-27,SZ.ZB_002468,申通快递,物流行业,1.1056767,-2.9324627
4339,2025-01-27,SH.ZB_600740,山西焦化,煤炭行业,1.1041179,-2.3896308
4340,2025-01-27,SZ.ZB_000739,普洛药业,化学制药,1.1027083,-2.3872404
4341,2025-01-27,SH.KC_301185,鸥玛软件,软件开发,1.101835,-3.0159621
4342,2025-01-27,SH.ZB_600829,人民同泰,医药商业,1.1017412,-2.583684
4343,2025-01-27,SH.ZB_600125,铁龙物流,物流行业,1.1015385,-2.2666264
4344,2025-01-27,SZ.ZB_002827,高争民爆,化学制品,1.1011229,-2.2991683
4345,2025-01-27,SZ.ZB_002040,南 京 港,航运港口,1.0996372,-2.333761
4346,2025-01-27,SH.KC_688122,西部超导,有色金属,1.0990113,-2.3894289
4347,2025-01-27,SZ.ZB_000153,丰原药业,化学制药,1.0987833,-2.307486
4348,2025-01-27,SH.KC_301092,争光股份,化学制品,1.0984927,-2.2888007
4349,2025-01-27,SH.ZB_603611,诺力股份,工程机械,1.0980308,-2.2041502
4350,2025-01-27,SH.ZB_605288,凯迪股份,专用设备,1.096581,-2.3974004
4351,2025-01-27,SH.ZB_603733,仙鹤股份,造纸印刷,1.0962784,-3.0948617
4352,2025-01-27,SH.ZB_600871,石化油服,采掘行业,1.095228,-2.2668366
4353,2025-01-27,SZ.ZB_001326,联域股份,光学光电子,1.0940299,-2.2022572
4354,2025-01-27,SH.ZB_603707,健友股份,化学制药,1.0938392,-3.5920386
4355,2025-01-27,SH.ZB_603013,亚普股份,汽车零部件,1.0936081,-2.4489696
4356,2025-01-27,SZ.ZB_002511,中顺洁柔,造纸印刷,1.0924742,-2.3936138
4357,2025-01-27,SZ.ZB_002250,联化科技,农药兽药,1.0922998,-3.212815
4358,2025-01-27,SH.KC_688100,威胜信息,通信设备,1.0859728,-2.6584914
4359,2025-01-27,SZ.ZB_002293,罗莱生活,纺织服装,1.0837942,-2.3267603
4360,2025-01-27,SH.ZB_600971,恒源煤电,煤炭行业,1.0820792,-2.443374
4361,2025-01-27,SH.ZB_600018,上港集团,航运港口,1.0819972,-2.3199034
4362,2025-01-27,SH.ZB_600141,兴发集团,化肥行业,1.0819942,-2.6195705
4363,2025-01-27,SZ.ZB_000756,新华制药,化学制药,1.0807484,-2.242695
4364,2025-01-27,SH.KC_301225,恒勃股份,汽车零部件,1.0783181,-2.4407873
4365,2025-01-27,SZ.ZB_002408,齐翔腾达,化学制品,1.0779083,-2.1611712
4366,2025-01-27,SH.KC_300295,三六五网,互联网服务,1.0773718,-2.9237223
4367,2025-01-27,SH.ZB_605500,森林包装,造纸印刷,1.0770752,-2.387282
4368,2025-01-27,SZ.ZB_002507,涪陵榨菜,食品饮料,1.0758758,-1.9806206
4369,2025-01-27,SH.ZB_601689,拓普集团,汽车零部件,1.0756598,-4.756979
4370,2025-01-27,SH.ZB_600276,恒瑞医药,化学制药,1.0740027,-2.6005495
4371,2025-01-27,SH.ZB_600219,南山铝业,有色金属,1.0735065,-2.3737729
4372,2025-01-27,SH.ZB_600873,梅花生物,化学制品,1.0727197,-2.4187868
4373,2025-01-27,SZ.ZB_002081,金 螳 螂,装修装饰,1.0725617,-2.4536233
4374,2025-01-27,SH.ZB_600307,酒钢宏兴,钢铁行业,1.072,-2.2659817
4375,2025-01-27,SZ.ZB_000705,浙江震元,医药商业,1.0712073,-2.25031
4376,2025-01-27,SH.ZB_603856,东宏股份,装修建材,1.0709226,-2.4703803
4377,2025-01-27,SH.KC_688026,洁特生物,塑料制品,1.0706947,-2.930155
4378,2025-01-27,SZ.ZB_000028,国药一致,医药商业,1.0687917,-2.0494528
4379,2025-01-27,SH.ZB_603700,宁水集团,仪器仪表,1.0685728,-2.2910607
4380,2025-01-27,SH.ZB_603599,广信股份,农药兽药,1.0678813,-2.4761903
4381,2025-01-27,SH.ZB_600021,上海电力,电力行业,1.0676816,-2.432868
4382,2025-01-27,SH.ZB_601238,广汽集团,汽车整车,1.0656848,-1.9627575
4383,2025-01-27,SH.ZB_603017,中衡设计,工程咨询服务,1.0629072,-2.4612296
4384,2025-01-27,SZ.ZB_003039,顺控发展,公用事业,1.0628297,-2.238428
4385,2025-01-27,SH.ZB_600982,宁波能源,电力行业,1.0596931,-2.3699007
4386,2025-01-27,SH.ZB_605066,天正电气,电网设备,1.0580852,-2.2959914
4387,2025-01-27,SH.ZB_600284,浦东建设,工程建设,1.057139,-2.3419964
4388,2025-01-27,SH.ZB_600996,贵广网络,文化传媒,1.056844,-2.4289067
4389,2025-01-27,SH.KC_301382,蜂助手,互联网服务,1.0547012,-4.0347223
4390,2025-01-27,SZ.ZB_002624,完美世界,游戏,1.0541081,-2.7405858
4391,2025-01-27,SH.ZB_603896,寿仙谷,中药,1.053217,-2.1013424
4392,2025-01-27,SH.ZB_603391,力聚热能,通用设备,1.0519356,-2.241483
4393,2025-01-27,SZ.ZB_002300,太阳电缆,电网设备,1.0517762,-2.13864
4394,2025-01-27,SH.ZB_600497,驰宏锌锗,有色金属,1.0509074,-1.9881268
4395,2025-01-27,SH.KC_301028,东亚机械,通用设备,1.0506318,-2.7862306
4396,2025-01-27,SH.KC_301048,金鹰重工,交运设备,1.0491133,-2.1688824
4397,2025-01-27,SZ.ZB_002357,富临运业,铁路公路,1.0476604,-2.682306
4398,2025-01-27,SH.ZB_603091,众鑫股份,家用轻工,1.0464714,-2.6959527
4399,2025-01-27,SH.ZB_600511,国药股份,医药商业,1.0436684,-2.532297
4400,2025-01-27,SH.KC_301559,中集环科,通用设备,1.0432422,-2.0465932
4401,2025-01-27,SH.ZB_603970,中农立华,农药兽药,1.0430753,-2.1279917
4402,2025-01-27,SH.ZB_600170,上海建工,工程建设,1.043056,-2.2796202
4403,2025-01-27,SH.ZB_601975,招商南油,航运港口,1.0414495,-2.2486389
4404,2025-01-27,SH.ZB_600066,宇通客车,汽车整车,1.0403335,-3.2337852
4405,2025-01-27,SZ.ZB_000597,东北制药,化学制药,1.0394037,-2.2561233
4406,2025-01-27,SH.ZB_603180,金牌家居,装修建材,1.0392711,-2.4468427
4407,2025-01-27,SZ.ZB_000937,冀中能源,煤炭行业,1.0384605,-2.3763516
4408,2025-01-27,SH.ZB_600127,金健米业,农牧饲渔,1.0369644,-2.0714312
4409,2025-01-27,SH.KC_301393,昊帆生物,生物制品,1.0364757,-2.259741
4410,2025-01-27,SH.KC_300863,卡倍亿,汽车零部件,1.0362699,-2.4594157
4411,2025-01-27,SH.ZB_600867,通化东宝,生物制品,1.0362357,-2.3177524
4412,2025-01-27,SZ.ZB_002677,浙江美大,家电行业,1.0353506,-2.2085557
4413,2025-01-27,SH.ZB_600959,江苏有线,文化传媒,1.0341614,-2.4799838
4414,2025-01-27,SZ.ZB_000920,沃顿科技,环保行业,1.034075,-2.4827268
4415,2025-01-27,SH.KC_300002,神州泰岳,游戏,1.0338545,-3.4087684
4416,2025-01-27,SZ.ZB_002687,乔治白,纺织服装,1.0335042,-2.4896274
4417,2025-01-27,SH.ZB_603239,浙江仙通,汽车零部件,1.0331438,-2.337089
4418,2025-01-27,SH.KC_300864,南大环境,环保行业,1.0329425,-2.3102038
4419,2025-01-27,SH.ZB_600901,江苏金租,多元金融,1.0322124,-2.714683
4420,2025-01-27,SH.ZB_603713,密尔克卫,物流行业,1.0321736,-2.8576307
4421,2025-01-27,SZ.ZB_000919,金陵药业,中药,1.031153,-2.2799973
4422,2025-01-27,SH.ZB_600961,株冶集团,有色金属,1.0298536,-2.5011814
4423,2025-01-27,SZ.ZB_000537,中绿电,电力行业,1.029767,-2.2240193
4424,2025-01-27,SZ.ZB_002810,山东赫达,化学制品,1.0293648,-2.3175833
4425,2025-01-27,SZ.ZB_002841,视源股份,消费电子,1.0288999,-2.3006227
4426,2025-01-27,SH.KC_300856,科思股份,美容护理,1.0284126,-2.2043796
4427,2025-01-27,SH.KC_688480,赛恩斯,环保行业,1.0252833,-3.3355904
4428,2025-01-27,SH.ZB_601007,金陵饭店,旅游酒店,1.0233893,-2.1633255
4429,2025-01-27,SH.KC_301223,中荣股份,包装材料,1.0232717,-2.5000505
4430,2025-01-27,SH.KC_301373,凌玮科技,化学制品,1.021503,-2.447302
4431,2025-01-27,SH.KC_688203,海正生材,化纤行业,1.0213897,-2.4122295
4432,2025-01-27,SH.ZB_600985,淮北矿业,煤炭行业,1.0199592,-2.6186104
4433,2025-01-27,SZ.ZB_002779,中坚科技,专用设备,1.0162026,-4.78307
4434,2025-01-27,SH.ZB_603182,嘉华股份,农牧饲渔,1.0160222,-2.6196334
4435,2025-01-27,SZ.ZB_002936,郑州银行,银行,1.0154873,-2.3407235
4436,2025-01-27,SH.ZB_603588,高能环境,环保行业,1.0120064,-2.692638
4437,2025-01-27,SH.ZB_600368,五洲交通,铁路公路,1.0112569,-2.3771102
4438,2025-01-27,SZ.ZB_002612,朗姿股份,纺织服装,1.0108113,-2.3118987
4439,2025-01-27,SH.KC_300597,吉大通信,通信服务,1.0097414,-2.720722
4440,2025-01-27,SZ.ZB_001206,依依股份,美容护理,1.0095372,-3.5104294
4441,2025-01-27,SH.ZB_601789,宁波建工,工程建设,1.00839,-1.9906394
4442,2025-01-27,SZ.ZB_002228,合兴包装,包装材料,1.0071635,-2.4565458
4443,2025-01-27,SH.ZB_603987,康德莱,医疗器械,1.0054185,-2.4786408
4444,2025-01-27,SH.ZB_600097,开创国际,农牧饲渔,1.00514,-2.4363327
4445,2025-01-27,SH.ZB_600032,浙江新能,电力行业,1.0041132,-2.2423825
4446,2025-01-27,SH.ZB_601619,嘉泽新能,电力行业,1.0028467,-2.908713
4447,2025-01-27,SZ.ZB_000538,云南白药,中药,1.0007292,-2.3506541
4448,2025-01-27,SH.ZB_601860,紫金银行,银行,1.0005862,-2.4348748
4449,2025-01-27,SZ.ZB_002532,天山铝业,有色金属,0.99864155,-3.014014
4450,2025-01-27,SZ.ZB_000591,太阳能,电力行业,0.9982273,-2.214675
4451,2025-01-27,SZ.ZB_001378,德冠新材,塑料制品,0.997819,-2.1939077
4452,2025-01-27,SH.KC_688568,中科星图,互联网服务,0.9954259,-2.7056723
4453,2025-01-27,SZ.ZB_000400,许继电气,电网设备,0.99345,-2.6384766
4454,2025-01-27,SZ.ZB_002296,辉煌科技,通信设备,0.9918004,-3.2358117
4455,2025-01-27,SZ.ZB_002958,青农商行,银行,0.9909421,-2.3198934
4456,2025-01-27,SH.ZB_600168,武汉控股,公用事业,0.9908661,-2.0020192
4457,2025-01-27,SH.ZB_600470,六国化工,化肥行业,0.9895608,-2.2742217
4458,2025-01-27,SH.ZB_603585,苏利股份,农药兽药,0.9885147,-3.288718
4459,2025-01-27,SZ.ZB_002774,快意电梯,专用设备,0.9885058,-2.431683
4460,2025-01-27,SH.KC_688531,日联科技,专用设备,0.9866923,-2.8657632
4461,2025-01-27,SZ.ZB_002158,汉钟精机,通用设备,0.9855628,-2.0053222
4462,2025-01-27,SZ.ZB_000404,长虹华意,家电行业,0.98476857,-2.3196318
4463,2025-01-27,SH.ZB_600726,华电能源,电力行业,0.9843707,-2.3719463
4464,2025-01-27,SH.ZB_601611,中国核建,工程建设,0.98416805,-2.5110369
4465,2025-01-27,SH.ZB_601128,常熟银行,银行,0.9793505,-2.4245186
4466,2025-01-27,SZ.ZB_002157,正邦科技,农牧饲渔,0.97890943,-2.099924
4467,2025-01-27,SH.ZB_600833,第一医药,医药商业,0.97846687,-2.5751853
4468,2025-01-27,SZ.ZB_002226,江南化工,化学制品,0.97399503,-2.9808698
4469,2025-01-27,SH.ZB_600535,天士力,中药,0.97361207,-2.54093
4470,2025-01-27,SH.ZB_600008,首创环保,公用事业,0.9734526,-2.2186518
4471,2025-01-27,SH.KC_301175,中科环保,环保行业,0.97194314,-2.6209786
4472,2025-01-27,SH.ZB_603689,皖天然气,燃气,0.97167045,-2.335716
4473,2025-01-27,SH.ZB_600332,白云山,中药,0.9714559,-2.1177025
4474,2025-01-27,SH.ZB_601158,重庆水务,公用事业,0.9700328,-2.0383098
4475,2025-01-27,SH.ZB_603658,安图生物,医疗器械,0.96939355,-2.0744557
4476,2025-01-27,SH.ZB_600123,兰花科创,煤炭行业,0.9692356,-2.1957352
4477,2025-01-27,SZ.ZB_000828,东莞控股,铁路公路,0.9680554,-2.2523506
4478,2025-01-27,SH.ZB_601022,宁波远洋,航运港口,0.96778274,-2.2681303
4479,2025-01-27,SH.ZB_603062,麦加芯彩,化学原料,0.9671241,-3.333291
4480,2025-01-27,SH.ZB_600315,上海家化,美容护理,0.96691847,-1.2717465
4481,2025-01-27,SH.ZB_603680,今创集团,交运设备,0.96554756,-2.6297898
4482,2025-01-27,SH.KC_300439,美康生物,医疗器械,0.96520185,-2.3670716
4483,2025-01-27,SH.ZB_600388,龙净环保,环保行业,0.9634778,-2.6621082
4484,2025-01-27,SH.ZB_601858,中国科传,文化传媒,0.9623483,-2.5667167
4485,2025-01-27,SH.KC_301588,美新科技,家用轻工,0.9597838,-2.2268493
4486,2025-01-27,SZ.ZB_002465,海格通信,通信设备,0.9597704,-2.1726928
4487,2025-01-27,SZ.ZB_000792,盐湖股份,化肥行业,0.95671415,-2.320116
4488,2025-01-27,SH.KC_301287,康力源,家用轻工,0.9555325,-2.4070566
4489,2025-01-27,SH.ZB_603368,柳药集团,医药商业,0.95489323,-2.2617967
4490,2025-01-27,SH.KC_300528,幸福蓝海,文化传媒,0.9524748,-3.8607016
4491,2025-01-27,SH.ZB_600251,冠农股份,农牧饲渔,0.9522766,-1.9896444
4492,2025-01-27,SH.ZB_600704,物产中大,物流行业,0.94979703,-2.206287
4493,2025-01-27,SH.ZB_600160,巨化股份,化学制品,0.9467006,-2.9814587
4494,2025-01-27,SZ.ZB_002601,龙佰集团,化学原料,0.94555616,-2.4835272
4495,2025-01-27,SH.ZB_600233,圆通速递,物流行业,0.94381124,-2.4742346
4496,2025-01-27,SH.ZB_603230,内蒙新华,文化传媒,0.94326884,-2.6582935
4497,2025-01-27,SH.ZB_600742,一汽富维,汽车零部件,0.94209313,-2.118605
4498,2025-01-27,SH.ZB_603310,巍华新材,化学原料,0.94209313,-2.4862278
4499,2025-01-27,SH.ZB_600995,南网储能,电力行业,0.9412199,-2.3835893
4500,2025-01-27,SH.ZB_600057,厦门象屿,物流行业,0.9402707,-2.2857883
4501,2025-01-27,SZ.ZB_000968,蓝焰控股,燃气,0.9382531,-2.2874973
4502,2025-01-27,SH.ZB_603216,梦天家居,装修装饰,0.93759745,-2.8290637
4503,2025-01-27,SH.ZB_605009,豪悦护理,美容护理,0.93750507,-2.6178315
4504,2025-01-27,SH.ZB_600232,金鹰股份,纺织服装,0.93672425,-2.5191903
4505,2025-01-27,SH.ZB_603325,博隆技术,通用设备,0.9351775,-2.4330037
4506,2025-01-27,SH.KC_300702,天宇股份,化学制药,0.93450993,-3.061322
4507,2025-01-27,SH.KC_300440,运达科技,互联网服务,0.9283319,-3.0362153
4508,2025-01-27,SH.KC_300001,特锐德,电网设备,0.9283319,-2.8962011
4509,2025-01-27,SH.ZB_601038,一拖股份,专用设备,0.9271696,-2.3069115
4510,2025-01-27,SH.KC_688188,柏楚电子,软件开发,0.92633516,-3.5367196
4511,2025-01-27,SH.ZB_601800,中国交建,工程建设,0.92589706,-2.1046643
4512,2025-01-27,SH.ZB_603538,美诺华,化学制药,0.92279315,-2.5634313
4513,2025-01-27,SZ.ZB_000630,铜陵有色,有色金属,0.9220764,-2.04704
4514,2025-01-27,SH.ZB_603822,嘉澳环保,化学制品,0.9219453,-3.4811091
4515,2025-01-27,SH.ZB_600908,无锡银行,银行,0.9217486,-2.368805
4516,2025-01-27,SH.ZB_600483,福能股份,电力行业,0.92118233,-2.263698
4517,2025-01-27,SH.ZB_600425,青松建化,水泥建材,0.91967434,-2.2451797
4518,2025-01-27,SH.ZB_601808,中海油服,采掘行业,0.9191483,-2.112205
4519,2025-01-27,SH.ZB_600916,中国黄金,珠宝首饰,0.9178132,-2.415047
4520,2025-01-27,SH.KC_688075,安旭生物,医疗器械,0.91637224,-2.507433
4521,2025-01-27,SH.ZB_600211,西藏药业,生物制品,0.91416687,-2.5041168
4522,2025-01-27,SH.KC_301283,聚胶股份,化学制品,0.9120479,-2.4696398
4523,2025-01-27,SZ.ZB_002003,伟星股份,纺织服装,0.9115398,-2.9443872
4524,2025-01-27,SH.ZB_603163,圣晖集成,工程建设,0.909847,-2.5255132
4525,2025-01-27,SH.KC_301081,严牌股份,环保行业,0.90485513,-3.0322933
4526,2025-01-27,SH.ZB_601668,中国建筑,工程建设,0.9034589,-2.282151
4527,2025-01-27,SZ.ZB_002422,科伦药业,化学制药,0.9011507,-2.1781232
4528,2025-01-27,SH.ZB_601999,出版传媒,文化传媒,0.9010121,-2.8644378
4529,2025-01-27,SH.ZB_603056,德邦股份,物流行业,0.9006068,-2.536669
4530,2025-01-27,SH.ZB_600398,海澜之家,纺织服装,0.89839995,-4.0769258
4531,2025-01-27,SH.ZB_600690,海尔智家,家电行业,0.8976504,-2.3385587
4532,2025-01-27,SZ.ZB_002266,浙富控股,环保行业,0.8973658,-2.2080424
4533,2025-01-27,SH.KC_300396,迪瑞医疗,医疗器械,0.8972883,-2.102575
4534,2025-01-27,SH.ZB_600970,中材国际,工程建设,0.8962974,-2.3574922
4535,2025-01-27,SZ.ZB_000409,云鼎科技,互联网服务,0.8951247,-3.595668
4536,2025-01-27,SH.KC_688658,悦康药业,化学制药,0.894244,-1.8131365
4537,2025-01-27,SZ.ZB_002027,分众传媒,文化传媒,0.893797,-2.486777
4538,2025-01-27,SH.ZB_600283,钱江水利,公用事业,0.8932218,-2.1733258
4539,2025-01-27,SZ.ZB_000788,北大医药,化学制药,0.89056045,-2.3032458
4540,2025-01-27,SH.ZB_605488,福莱新材,塑料制品,0.8904338,-8.296653
4541,2025-01-27,SH.ZB_601678,滨化股份,化学原料,0.88872313,-2.5831327
4542,2025-01-27,SH.ZB_600380,健康元,化学制药,0.88842213,-2.378461
4543,2025-01-27,SZ.ZB_001203,大中矿业,钢铁行业,0.8871913,-2.5575428
4544,2025-01-27,SH.ZB_605090,九丰能源,燃气,0.88635087,-2.7021744
4545,2025-01-27,SZ.ZB_002807,江阴银行,银行,0.8861199,-2.5466685
4546,2025-01-27,SH.ZB_603258,电魂网络,游戏,0.8855432,-3.1579986
4547,2025-01-27,SZ.ZB_002399,海普瑞,化学制药,0.8839622,-2.117122
4548,2025-01-27,SZ.ZB_002788,鹭燕医药,医药商业,0.88143647,-2.393367
4549,2025-01-27,SZ.ZB_002191,劲嘉股份,包装材料,0.8798346,-2.4226685
4550,2025-01-27,SH.KC_301042,安联锐视,计算机设备,0.8798152,-2.2574744
4551,2025-01-27,SZ.ZB_002880,卫光生物,生物制品,0.8789763,-2.4412057
4552,2025-01-27,SH.KC_300851,交大思诺,交运设备,0.87718666,-1.9616978
4553,2025-01-23,SH.KC_688720,艾森股份,半导体,0.8762896,-2.2852142
4554,2025-01-27,SH.ZB_603043,广州酒家,食品饮料,0.876075,-2.3387878
4555,2025-01-27,SH.KC_301395,仁信新材,化学原料,0.8757442,-2.5378797
4556,2025-01-27,SH.ZB_601121,宝地矿业,钢铁行业,0.87367445,-2.5189679
4557,2025-01-27,SH.ZB_601126,四方股份,电网设备,0.8723557,-2.36258
4558,2025-01-27,SH.ZB_600699,均胜电子,汽车零部件,0.87156296,-3.055342
4559,2025-01-27,SH.KC_300774,倍杰特,环保行业,0.8680612,-2.5212612
4560,2025-01-27,SH.ZB_603693,江苏新能,电力行业,0.86527616,-2.62091
4561,2025-01-27,SZ.ZB_002053,云南能投,综合行业,0.8649826,-2.3795056
4562,2025-01-27,SH.ZB_600546,山煤国际,煤炭行业,0.86310655,-2.115657
4563,2025-01-27,SZ.ZB_002940,昂利康,化学制药,0.8628994,-2.2971947
4564,2025-01-27,SH.KC_688257,新锐股份,有色金属,0.86187124,-3.243732
4565,2025-01-27,SH.ZB_603706,东方环宇,燃气,0.86087435,-2.3903818
4566,2025-01-27,SH.ZB_603886,元祖股份,食品饮料,0.86067766,-2.1192768
4567,2025-01-27,SH.ZB_603360,百傲化学,农药兽药,0.8604914,-3.5147722
4568,2025-01-27,SH.ZB_600486,扬农化工,农药兽药,0.85478425,-2.754152
4569,2025-01-27,SZ.ZB_000998,隆平高科,农牧饲渔,0.85472465,-2.0949163
4570,2025-01-27,SH.ZB_601212,白银有色,有色金属,0.8542523,-2.0373297
4571,2025-01-27,SH.ZB_600644,乐山电力,电力行业,0.8534521,-2.521994
4572,2025-01-27,SH.ZB_603100,川仪股份,仪器仪表,0.85216016,-2.4079244
4573,2025-01-27,SH.ZB_600764,中国海防,计算机设备,0.8503318,-2.4235427
4574,2025-01-27,SZ.ZB_002432,九安医疗,医疗器械,0.8498028,-2.3149009
4575,2025-01-27,SH.ZB_600798,宁波海运,航运港口,0.8494139,-2.26792
4576,2025-01-27,SH.ZB_603811,诚意药业,化学制药,0.8465022,-2.4757102
4577,2025-01-27,SH.ZB_601717,郑煤机,汽车零部件,0.8455038,-2.2706287
4578,2025-01-27,SH.KC_300482,万孚生物,医疗器械,0.8441657,-2.2936144
4579,2025-01-27,SH.ZB_600195,中牧股份,农药兽药,0.84330887,-2.1752424
4580,2025-01-27,SZ.ZB_002063,远光软件,软件开发,0.83805174,-2.5864666
4581,2025-01-27,SH.ZB_603788,宁波高发,汽车零部件,0.8378327,-2.3767252
4582,2025-01-27,SH.ZB_605005,合兴股份,汽车零部件,0.83655715,-2.1017175
4583,2025-01-27,SH.ZB_601231,环旭电子,消费电子,0.8349359,-2.7833934
4584,2025-01-27,SH.ZB_600028,中国石化,石油行业,0.8336291,-2.0791342
4585,2025-01-27,SH.ZB_603107,上海汽配,汽车零部件,0.8304134,-2.0093138
4586,2025-01-27,SZ.ZB_000719,中原传媒,文化传媒,0.823541,-2.5958533
4587,2025-01-27,SH.ZB_600801,华新水泥,水泥建材,0.82300156,-2.540382
4588,2025-01-27,SZ.ZB_000600,建投能源,电力行业,0.8224651,-2.756685
4589,2025-01-27,SZ.ZB_000629,钒钛股份,钢铁行业,0.8199826,-2.4903865
4590,2025-01-27,SH.ZB_600710,苏美达,贸易行业,0.8184299,-2.8778787
4591,2025-01-27,SZ.ZB_002732,燕塘乳业,食品饮料,0.8183867,-2.0276968
4592,2025-01-27,SH.ZB_605368,蓝天燃气,燃气,0.8180767,-2.313181
4593,2025-01-27,SZ.ZB_002839,张家港行,银行,0.81784874,-2.3578122
4594,2025-01-27,SZ.ZB_002401,中远海科,互联网服务,0.81755966,-2.3005526
4595,2025-01-27,SZ.ZB_002007,华兰生物,生物制品,0.81598014,-2.2379625
4596,2025-01-27,SH.KC_688581,安杰思,医疗器械,0.8143559,-2.801436
4597,2025-01-27,SZ.ZB_002773,康弘药业,化学制药,0.8142218,-2.4318855
4598,2025-01-27,SH.KC_301149,隆华新材,化学原料,0.81371814,-2.6215065
4599,2025-01-27,SH.ZB_600529,山东药玻,医疗器械,0.8129686,-2.3241024
4600,2025-01-27,SZ.ZB_000550,江铃汽车,汽车整车,0.81237704,-2.3552938
4601,2025-01-27,SZ.ZB_002567,唐人神,农牧饲渔,0.8119717,-1.9781783
4602,2025-01-27,SZ.ZB_000930,中粮科技,农牧饲渔,0.8100793,-2.2539628
4603,2025-01-27,SZ.ZB_000800,一汽解放,汽车整车,0.810045,-2.0059998
4604,2025-01-27,SZ.ZB_002540,亚太科技,有色金属,0.8095145,-2.1117785
4605,2025-01-27,SZ.ZB_001299,美能能源,燃气,0.80825984,-2.2894433
4606,2025-01-27,SH.ZB_600919,江苏银行,银行,0.8064717,-2.6746926
4607,2025-01-27,SH.ZB_600500,中化国际,化学制品,0.80453455,-1.9532893
4608,2025-01-27,SH.ZB_603041,美思德,化学制品,0.8036509,-2.7693582
4609,2025-01-27,SH.KC_301047,义翘神州,生物制品,0.8036047,-2.2567046
4610,2025-01-27,SZ.ZB_002986,宇新股份,化学制品,0.8031428,-2.3860466
4611,2025-01-27,SH.ZB_603839,安正时尚,纺织服装,0.8014217,-2.0966475
4612,2025-01-27,SZ.ZB_002746,仙坛股份,农牧饲渔,0.79978704,-2.2949398
4613,2025-01-27,SH.ZB_601186,中国铁建,工程建设,0.7992372,-2.1978514
4614,2025-01-27,SH.ZB_603067,振华股份,化学原料,0.79823434,-3.0891278
4615,2025-01-27,SZ.ZB_002382,蓝帆医疗,医疗器械,0.79750866,-1.9256909
4616,2025-01-27,SH.ZB_600997,开滦股份,煤炭行业,0.7971361,-2.4594715
4617,2025-01-27,SH.ZB_601117,中国化学,工程建设,0.7970318,-2.1506414
4618,2025-01-27,SZ.ZB_000725,京东方Ａ,光学光电子,0.79500973,-2.8307137
4619,2025-01-27,SZ.ZB_002028,思源电气,电网设备,0.7930577,-3.3123267
4620,2025-01-27,SH.ZB_603008,喜临门,装修建材,0.79269856,-2.6883948
4621,2025-01-27,SH.ZB_603392,万泰生物,生物制品,0.79185665,-2.100134
4622,2025-01-27,SZ.ZB_002392,北京利尔,装修建材,0.7915765,-2.7146115
4623,2025-01-27,SH.ZB_603829,洛凯股份,电网设备,0.79117566,-2.2185318
4624,2025-01-27,SH.ZB_600874,创业环保,环保行业,0.78966767,-2.2381756
4625,2025-01-27,SZ.ZB_001387,雪祺电气,家电行业,0.78745186,-2.0550575
4626,2025-01-27,SH.ZB_601595,上海电影,文化传媒,0.78528076,-2.9298165
4627,2025-01-27,SH.ZB_600587,新华医疗,医疗器械,0.7846013,-2.0879884
4628,2025-01-27,SZ.ZB_002489,浙江永强,家用轻工,0.7843867,-2.766819
4629,2025-01-27,SH.ZB_601801,皖新传媒,文化传媒,0.7820189,-2.5423775
4630,2025-01-27,SH.ZB_605116,奥锐特,化学制药,0.77895373,-2.7349858
4631,2025-01-27,SH.KC_300950,德固特,专用设备,0.77833384,-2.7577944
4632,2025-01-27,SZ.ZB_000060,中金岭南,有色金属,0.7727891,-2.2651439
4633,2025-01-27,SH.ZB_601702,华峰铝业,有色金属,0.7724941,-3.4336336
4634,2025-01-27,SH.ZB_603233,大参林,医药商业,0.7707596,-2.2109802
4635,2025-01-27,SH.KC_301148,嘉戎技术,环保行业,0.77029914,-2.6158514
4636,2025-01-27,SZ.ZB_002304,洋河股份,酿酒行业,0.77005327,-2.1190915
4637,2025-01-27,SZ.ZB_002533,金杯电工,电网设备,0.7696375,-2.158762
4638,2025-01-27,SZ.ZB_000758,中色股份,有色金属,0.76956004,-2.463386
4639,2025-01-27,SH.ZB_603505,金石资源,采掘行业,0.7689297,-3.099247
4640,2025-01-27,SZ.ZB_003020,立方制药,化学制药,0.7684991,-2.5553384
4641,2025-01-27,SZ.ZB_000582,北部湾港,航运港口,0.7659897,-2.8502402
4642,2025-01-27,SH.KC_688767,博拓生物,医疗器械,0.7639289,-3.4786646
4643,2025-01-27,SZ.ZB_002455,百川股份,化学制品,0.7618278,-2.2941518
4644,2025-01-27,SH.KC_300009,安科生物,生物制品,0.76156706,-2.2626498
4645,2025-01-27,SH.ZB_600761,安徽合力,工程机械,0.76022446,-2.3432071
4646,2025-01-27,SZ.ZB_000581,威孚高科,汽车零部件,0.7585913,-2.3957875
4647,2025-01-27,SH.ZB_601966,玲珑轮胎,橡胶制品,0.75677335,-2.5329938
4648,2025-01-27,SZ.ZB_000539,粤电力Ａ,电力行业,0.7563934,-2.172656
4649,2025-01-27,SZ.ZB_000983,山西焦煤,煤炭行业,0.75546354,-2.059575
4650,2025-01-27,SZ.ZB_002690,美亚光电,专用设备,0.7549226,-2.374363
4651,2025-01-27,SH.ZB_601390,中国中铁,工程建设,0.75491667,-2.1102626
4652,2025-01-27,SH.ZB_600623,华谊集团,化学原料,0.751777,-2.2110841
4653,2025-01-27,SH.ZB_601077,渝农商行,银行,0.7504791,-2.8947499
4654,2025-01-27,SZ.ZB_002901,大博医疗,医疗器械,0.74995756,-3.3679764
4655,2025-01-27,SZ.ZB_000155,川能动力,电力行业,0.74879825,-1.8938687
4656,2025-01-27,SZ.ZB_000899,赣能股份,电力行业,0.7470831,-2.333303
4657,2025-01-27,SZ.ZB_000999,华润三九,中药,0.745894,-2.4833033
4658,2025-01-27,SH.ZB_603367,辰欣药业,化学制药,0.74510574,-2.3310554
4659,2025-01-27,SH.ZB_601989,中国重工,船舶制造,0.74409544,-2.40537
4660,2025-01-27,SH.ZB_601100,恒立液压,工程机械,0.74397326,-3.4195871
4661,2025-01-27,SH.ZB_600741,华域汽车,汽车零部件,0.7421166,-2.170409
4662,2025-01-27,SH.KC_301263,泰恩康,医药商业,0.739713,-3.074524
4663,2025-01-27,SH.KC_300532,今天国际,互联网服务,0.7383004,-2.6954231
4664,2025-01-27,SZ.ZB_000990,诚志股份,化学原料,0.738129,-2.1536443
4665,2025-01-27,SZ.ZB_002236,大华股份,计算机设备,0.73744804,-2.283985
4666,2025-01-27,SZ.ZB_000950,重药控股,医药商业,0.73307604,-2.1041882
4667,2025-01-27,SH.ZB_603231,索宝蛋白,农牧饲渔,0.7322967,-2.393373
4668,2025-01-23,SH.KC_300069,金利华电,电网设备,0.73159635,-2.5488758
4669,2025-01-27,SH.KC_301203,国泰环保,环保行业,0.73105246,-2.965623
4670,2025-01-27,SZ.ZB_002034,旺能环境,环保行业,0.72766393,-2.3552387
4671,2025-01-27,SZ.ZB_002048,宁波华翔,汽车零部件,0.72759837,-2.1758704
4672,2025-01-27,SZ.ZB_001872,招商港口,航运港口,0.72582066,-2.3314846
4673,2025-01-27,SZ.ZB_002274,华昌化工,化肥行业,0.7258132,-3.02842
4674,2025-01-27,SZ.ZB_001213,中铁特货,物流行业,0.72312355,-2.300422
4675,2025-01-27,SH.ZB_600582,天地科技,专用设备,0.72309077,-2.0813253
4676,2025-01-27,SH.ZB_600023,浙能电力,电力行业,0.7227525,-2.2970972
4677,2025-01-27,SZ.ZB_002745,木林森,光学光电子,0.720565,-2.1136549
4678,2025-01-27,SH.ZB_600513,联环药业,化学制药,0.7194385,-2.4156315
4679,2025-01-27,SH.ZB_603132,金徽股份,有色金属,0.7170722,-2.4201968
4680,2025-01-27,SH.ZB_600817,宇通重工,工程机械,0.71661323,-1.9922994
4681,2025-01-27,SH.ZB_600312,平高电气,电网设备,0.7160187,-2.1552093
4682,2025-01-27,SH.ZB_603328,依顿电子,电子元件,0.7160023,-2.8237321
4683,2025-01-27,SZ.ZB_000672,上峰水泥,水泥建材,0.7156551,-2.313491
4684,2025-01-27,SH.KC_300558,贝达药业,化学制药,0.7144004,-2.926747
4685,2025-01-27,SH.ZB_600664,哈药股份,化学制药,0.7099837,-2.198441
4686,2025-01-27,SH.KC_300452,山河药辅,化学制药,0.7086441,-2.3651552
4687,2025-01-27,SZ.ZB_002237,恒邦股份,贵金属,0.7071778,-2.4926555
4688,2025-01-27,SH.ZB_600925,苏能股份,煤炭行业,0.7062718,-2.2600448
4689,2025-01-27,SH.KC_688526,科前生物,农药兽药,0.70397407,-2.5541234
4690,2025-01-27,SZ.ZB_002701,奥瑞金,包装材料,0.7037282,-2.6150322
4691,2025-01-27,SZ.ZB_002588,史丹利,化肥行业,0.7017657,-2.380345
4692,2025-01-27,SH.ZB_601609,金田股份,有色金属,0.7007301,-2.4668458
4693,2025-01-27,SZ.ZB_002609,捷顺科技,互联网服务,0.700213,-2.4300253
4694,2025-01-27,SH.ZB_603730,岱美股份,汽车零部件,0.69814324,-2.3898149
4695,2025-01-27,SZ.ZB_001218,丽臣实业,化学制品,0.6955296,-2.4495313
4696,2025-01-27,SZ.ZB_002287,奇正藏药,中药,0.69053024,-2.4511065
4697,2025-01-27,SH.ZB_603737,三棵树,装修建材,0.68916976,-3.3469572
4698,2025-01-27,SZ.ZB_000923,河钢资源,钢铁行业,0.6878972,-2.5223174
4699,2025-01-27,SH.ZB_601607,上海医药,医药商业,0.6848112,-2.3745387
4700,2025-01-27,SZ.ZB_000913,钱江摩托,交运设备,0.6831899,-3.6536953
4701,2025-01-27,SZ.ZB_000531,穗恒运Ａ,电力行业,0.68042576,-2.6483927
4702,2025-01-27,SH.ZB_603073,彩蝶实业,纺织服装,0.680317,-2.659018
4703,2025-01-27,SH.KC_301550,斯菱股份,汽车零部件,0.6789684,-4.150307
4704,2025-01-27,SH.ZB_600196,复星医药,化学制药,0.67780167,-2.2316813
4705,2025-01-27,SH.ZB_603999,读者传媒,文化传媒,0.67774206,-2.904045
4706,2025-01-27,SH.ZB_601328,交通银行,银行,0.6775975,-2.3755019
4707,2025-01-27,SH.ZB_600138,中青旅,旅游酒店,0.676474,-2.602753
4708,2025-01-27,SH.KC_301126,达嘉维康,医药商业,0.6749615,-2.5165975
4709,2025-01-27,SZ.ZB_000869,张  裕Ａ,酿酒行业,0.67477524,-2.1298687
4710,2025-01-27,SZ.ZB_002508,老板电器,家电行业,0.67424774,-2.1418984
4711,2025-01-27,SH.ZB_603155,新亚强,化学制品,0.6736666,-3.392299
4712,2025-01-27,SH.ZB_601916,浙商银行,银行,0.6728977,-2.3583314
4713,2025-01-27,SH.KC_688819,天能股份,电池,0.66974163,-2.269027
4714,2025-01-27,SZ.ZB_001389,广合科技,电子元件,0.66812634,-5.189675
4715,2025-01-27,SH.ZB_600720,中交设计,工程咨询服务,0.66670924,-2.187577
4716,2025-01-27,SH.KC_688570,天玛智控,软件开发,0.665769,-2.6287746
4717,2025-01-27,SH.ZB_603966,法兰泰克,专用设备,0.6648347,-2.2924044
4718,2025-01-27,SH.ZB_600050,中国联通,通信服务,0.6644547,-2.212191
4719,2025-01-27,SH.ZB_600754,锦江酒店,旅游酒店,0.66382885,-2.6704402
4720,2025-01-27,SH.ZB_600757,长江传媒,文化传媒,0.6620094,-2.945966
4721,2025-01-27,SH.ZB_601877,正泰电器,电网设备,0.6594941,-2.2955024
4722,2025-01-27,SZ.ZB_002370,亚太药业,化学制药,0.65852255,-2.9542692
4723,2025-01-27,SZ.ZB_002252,上海莱士,生物制品,0.6566465,-2.2505965
4724,2025-01-27,SH.ZB_600300,维维股份,食品饮料,0.65467954,-2.2916112
4725,2025-01-27,SH.ZB_600016,民生银行,银行,0.65217316,-2.4872267
4726,2025-01-27,SH.KC_688508,芯朋微,半导体,0.64804107,-3.3770673
4727,2025-01-27,SZ.ZB_000422,湖北宜化,化学原料,0.64780265,-2.165432
4728,2025-01-27,SH.KC_301339,通行宝,软件开发,0.6471336,-2.8986692
4729,2025-01-27,SZ.ZB_000027,深圳能源,电力行业,0.64548105,-2.1970515
4730,2025-01-27,SH.KC_301003,江苏博云,塑料制品,0.64478517,-2.443769
4731,2025-01-27,SH.ZB_601677,明泰铝业,有色金属,0.6440401,-2.4286592
4732,2025-01-27,SH.KC_300926,博俊科技,汽车零部件,0.6427884,-3.367257
4733,2025-01-27,SH.ZB_601009,南京银行,银行,0.63990504,-2.3675296
4734,2025-01-27,SH.ZB_603103,横店影视,文化传媒,0.63817054,-3.8671575
4735,2025-01-27,SZ.ZB_000726,鲁  泰Ａ,纺织服装,0.63671917,-2.2843962
4736,2025-01-27,SH.KC_688571,杭华股份,化学制品,0.6344944,-3.635711
4737,2025-01-27,SH.ZB_600009,上海机场,航空机场,0.634335,-2.1343431
4738,2025-01-27,SZ.ZB_000157,中联重科,工程机械,0.63137263,-2.1302655
4739,2025-01-27,SH.ZB_601952,苏垦农发,农牧饲渔,0.6297305,-2.450601
4740,2025-01-27,SZ.ZB_000685,中山公用,公用事业,0.6272659,-2.2579014
4741,2025-01-27,SH.ZB_603323,苏农银行,银行,0.6250575,-2.6974363
4742,2025-01-27,SH.ZB_600850,电科数字,互联网服务,0.62460303,-2.984589
4743,2025-01-27,SH.ZB_605098,行动教育,教育,0.6245658,-2.5614955
4744,2025-01-27,SZ.ZB_000912,泸天化,化肥行业,0.624384,-2.3363369
4745,2025-01-27,SZ.ZB_001202,炬申股份,物流行业,0.6235257,-2.7127788
4746,2025-01-27,SH.KC_688087,英科再生,塑料制品,0.6234333,-2.7421887
4747,2025-01-27,SH.ZB_601061,中信金属,贸易行业,0.61795115,-2.1054554
4748,2025-01-27,SH.ZB_601311,骆驼股份,电池,0.6166816,-2.2908044
4749,2025-01-27,SZ.ZB_000551,创元科技,环保行业,0.6159976,-2.5156188
4750,2025-01-27,SH.ZB_600718,东软集团,互联网服务,0.61231405,-2.5972185
4751,2025-01-27,SH.ZB_600004,白云机场,航空机场,0.6076187,-2.3052242
4752,2025-01-27,SH.ZB_600305,恒顺醋业,食品饮料,0.60714483,-1.8500097
4753,2025-01-27,SH.ZB_603556,海兴电力,电网设备,0.60679615,-2.6690102
4754,2025-01-27,SZ.ZB_000875,吉电股份,电力行业,0.6058648,-2.2574909
4755,2025-01-27,SZ.ZB_000030,富奥股份,汽车零部件,0.6055221,-2.1425235
4756,2025-01-27,SH.KC_301196,唯科科技,塑料制品,0.6046161,-2.976333
4757,2025-01-27,SH.KC_301301,川宁生物,生物制品,0.60203224,-2.558778
4758,2025-01-27,SZ.ZB_000877,天山股份,水泥建材,0.6003529,-2.40791
4759,2025-01-27,SH.ZB_600469,风神股份,橡胶制品,0.59785694,-2.193566
4760,2025-01-27,SH.ZB_600482,中国动力,船舶制造,0.5974382,-2.830373
4761,2025-01-27,SH.ZB_601658,邮储银行,银行,0.5939454,-2.5394213
4762,2025-01-27,SH.ZB_603187,海容冷链,通用设备,0.59086084,-2.092867
4763,2025-01-27,SH.KC_688334,西高院,专业服务,0.58959424,-2.368868
4764,2025-01-27,SZ.ZB_003007,直真科技,软件开发,0.5886659,-2.9938452
4765,2025-01-27,SH.KC_300628,亿联网络,通信设备,0.5852908,-2.7690792
4766,2025-01-27,SH.ZB_600988,赤峰黄金,贵金属,0.5849153,-3.0189629
4767,2025-01-27,SH.ZB_601669,中国电建,工程建设,0.5824551,-2.1541443
4768,2025-01-27,SZ.ZB_002242,九阳股份,家电行业,0.58086216,-2.066968
4769,2025-01-27,SH.KC_300251,光线传媒,文化传媒,0.5800307,-2.948964
4770,2025-01-27,SZ.ZB_000878,云南铜业,有色金属,0.57739615,-2.174371
4771,2025-01-27,SH.KC_688279,峰岹科技,半导体,0.57545304,-5.0288763
4772,2025-01-27,SZ.ZB_000882,华联股份,商业百货,0.5753383,-6.8056517
4773,2025-01-27,SH.ZB_600597,光明乳业,食品饮料,0.571318,-1.9576099
4774,2025-01-27,SH.ZB_600033,福建高速,铁路公路,0.56910366,-2.3741257
4775,2025-01-27,SH.KC_300832,新产业,医疗器械,0.5654529,-2.576391
4776,2025-01-27,SH.ZB_601958,金钼股份,小金属,0.56141317,-2.200724
4777,2025-01-27,SZ.ZB_002616,长青集团,电力行业,0.5613446,-2.842753
4778,2025-01-27,SH.ZB_600361,创新新材,有色金属,0.554128,-2.1859827
4779,2025-01-27,SZ.ZB_002714,牧原股份,农牧饲渔,0.5536556,-2.402448
4780,2025-01-27,SZ.ZB_002738,中矿资源,能源金属,0.5535051,-2.8092198
4781,2025-01-27,SH.ZB_601997,贵阳银行,银行,0.5531952,-2.1609251
4782,2025-01-27,SZ.ZB_002091,江苏国泰,贸易行业,0.5504057,-2.0559525
4783,2025-01-27,SH.ZB_600420,国药现代,化学制药,0.55000186,-2.3954988
4784,2025-01-27,SH.ZB_600026,中远海能,航运港口,0.54980516,-2.0510542
4785,2025-01-27,SH.ZB_600229,城市传媒,文化传媒,0.54971725,-2.2769604
4786,2025-01-27,SH.ZB_601083,锦江航运,航运港口,0.5492702,-2.4368272
4787,2025-01-27,SZ.ZB_002033,丽江股份,旅游酒店,0.54795593,-2.2428799
4788,2025-01-27,SH.KC_688160,步科股份,专用设备,0.5438581,-5.4963365
4789,2025-01-27,SZ.ZB_002705,新宝股份,家电行业,0.54378957,-2.3914192
4790,2025-01-27,SH.ZB_600965,福成股份,农牧饲渔,0.5428627,-2.1478708
4791,2025-01-27,SZ.ZB_002558,巨人网络,游戏,0.5421564,-3.2200434
4792,2025-01-27,SZ.ZB_002381,双箭股份,橡胶制品,0.541389,-2.3894365
4793,2025-01-27,SZ.ZB_002233,塔牌集团,水泥建材,0.53632855,-2.523346
4794,2025-01-27,SZ.ZB_001368,通达创智,塑料制品,0.53436905,-2.3655415
4795,2025-01-27,SH.ZB_600323,瀚蓝环境,环保行业,0.5314782,-2.5712073
4796,2025-01-27,SH.ZB_600528,中铁工业,交运设备,0.5301684,-2.2750516
4797,2025-01-27,SH.ZB_600905,三峡能源,电力行业,0.52966624,-2.1977599
4798,2025-01-27,SH.KC_688291,金橙子,软件开发,0.5278826,-3.2851982
4799,2025-01-27,SH.ZB_605118,力鼎光电,光学光电子,0.52737,-3.7955806
4800,2025-01-27,SZ.ZB_000589,贵州轮胎,橡胶制品,0.5272135,-2.0409975
4801,2025-01-27,SH.ZB_600031,三一重工,工程机械,0.52592605,-2.4592142
4802,2025-01-27,SZ.ZB_002327,富安娜,纺织服装,0.5238235,-2.4156613
4803,2025-01-27,SH.ZB_600598,北大荒,农牧饲渔,0.52381307,-2.4881399
4804,2025-01-27,SH.ZB_601868,中国能建,工程建设,0.5184129,-2.437334
4805,2025-01-27,SZ.ZB_000690,宝新能源,电力行业,0.51716566,-2.3113508
4806,2025-01-27,SZ.ZB_001338,永顺泰,农牧饲渔,0.5143374,-2.6085057
4807,2025-01-27,SZ.ZB_002393,力生制药,化学制药,0.5142048,-2.339299
4808,2025-01-27,SZ.ZB_002430,杭氧股份,专用设备,0.5074233,-2.1042225
4809,2025-01-27,SH.ZB_600022,山东钢铁,钢铁行业,0.5072877,-2.468001
4810,2025-01-27,SZ.ZB_002978,安宁股份,有色金属,0.5062327,-2.8003747
4811,2025-01-27,SH.ZB_600161,天坛生物,生物制品,0.5055919,-3.4015503
4812,2025-01-27,SZ.ZB_002345,潮宏基,珠宝首饰,0.50518215,-2.2680755
4813,2025-01-27,SZ.ZB_002555,三七互娱,游戏,0.50468594,-2.2928894
4814,2025-01-27,SH.ZB_600389,江山股份,农药兽药,0.5006358,-2.527835
4815,2025-01-27,SH.KC_688317,之江生物,医疗器械,0.5005777,-2.175535
4816,2025-01-27,SH.ZB_601168,西部矿业,有色金属,0.4975736,-2.439936
4817,2025-01-27,SZ.ZB_002771,真视通,互联网服务,0.49336106,-3.597888
4818,2025-01-27,SZ.ZB_000709,河钢股份,钢铁行业,0.4901752,-2.4592812
4819,2025-01-27,SH.ZB_603357,设计总院,工程咨询服务,0.48318952,-2.1591647
4820,2025-01-27,SH.ZB_601919,中远海控,航运港口,0.47763437,-2.240791
4821,2025-01-27,SZ.ZB_002967,广电计量,专业服务,0.47762543,-3.316764
4822,2025-01-27,SH.ZB_600348,华阳股份,煤炭行业,0.47683716,-2.265515
4823,2025-01-27,SH.ZB_603766,隆鑫通用,交运设备,0.475578,-3.9430478
4824,2025-01-27,SH.ZB_600502,安徽建工,工程建设,0.4732594,-2.2264054
4825,2025-01-27,SZ.ZB_002538,司尔特,化肥行业,0.47096908,-2.3705833
4826,2025-01-27,SH.ZB_605008,长鸿高科,塑料制品,0.4695505,-2.0142202
4827,2025-01-27,SH.ZB_601939,建设银行,银行,0.46774,-2.5074408
4828,2025-01-27,SH.ZB_600098,广州发展,电力行业,0.4664719,-2.2400572
4829,2025-01-27,SH.ZB_600351,亚宝药业,中药,0.46489686,-2.1911764
4830,2025-01-27,SH.ZB_601033,永兴股份,环保行业,0.4643172,-2.1451707
4831,2025-01-27,SH.ZB_603587,地素时尚,纺织服装,0.4605025,-2.2870135
4832,2025-01-27,SH.KC_301262,海看股份,文化传媒,0.4600346,-2.7738507
4833,2025-01-27,SH.ZB_603508,思维列控,软件开发,0.45788735,-3.201056
4834,2025-01-27,SH.KC_300012,华测检测,专业服务,0.44870973,-2.615462
4835,2025-01-27,SH.KC_688278,特宝生物,生物制品,0.4471898,-3.685214
4836,2025-01-27,SH.ZB_600428,中远海特,航运港口,0.44623315,-2.2676952
4837,2025-01-27,SH.ZB_603136,天目湖,旅游酒店,0.44297874,-2.3641632
4838,2025-01-27,SH.KC_301520,万邦医药,医疗服务,0.44095665,-2.3626533
4839,2025-01-27,SH.ZB_600596,新安股份,农药兽药,0.4392311,-1.8069699
4840,2025-01-27,SH.ZB_603393,新天然气,燃气,0.43706745,-2.9358943
4841,2025-01-27,SH.ZB_603899,晨光股份,家用轻工,0.42833984,-2.1088223
4842,2025-01-27,SZ.ZB_002545,东方铁塔,化肥行业,0.42806417,-2.3497157
4843,2025-01-27,SH.KC_301195,北路智控,软件开发,0.4237458,-2.8624291
4844,2025-01-27,SH.ZB_600955,维远股份,化学原料,0.41651875,-2.2208703
4845,2025-01-27,SZ.ZB_000544,中原环保,公用事业,0.41279644,-2.1709871
4846,2025-01-27,SH.ZB_601222,林洋能源,仪器仪表,0.41106343,-2.3231306
4847,2025-01-27,SZ.ZB_002116,中国海诚,工程咨询服务,0.40655136,-2.376362
4848,2025-01-27,SH.ZB_600508,上海能源,煤炭行业,0.40066987,-2.2584715
4849,2025-01-27,SZ.ZB_002299,圣农发展,农牧饲渔,0.39692074,-1.9800749
4850,2025-01-27,SH.ZB_601636,旗滨集团,玻璃玻纤,0.38928837,-2.2629387
4851,2025-01-27,SH.KC_688057,金达莱,环保行业,0.3877282,-2.0507958
4852,2025-01-27,SH.KC_688566,吉贝尔,化学制药,0.38543493,-1.974396
4853,2025-01-27,SH.ZB_600929,雪天盐业,化学原料,0.38516223,-2.1376843
4854,2025-01-27,SZ.ZB_002415,海康威视,计算机设备,0.38337857,-2.4333339
4855,2025-01-27,SH.KC_301109,军信股份,环保行业,0.3787741,-2.3686676
4856,2025-01-27,SH.KC_300498,温氏股份,农牧饲渔,0.36885738,-2.1637695
4857,2025-01-27,SZ.ZB_002030,达安基因,医疗器械,0.36278367,-1.8279976
4858,2025-01-27,SH.ZB_601666,平煤股份,煤炭行业,0.35675615,-2.1937609
4859,2025-01-27,SH.ZB_600036,招商银行,银行,0.35073757,-2.3118572
4860,2025-01-27,SH.ZB_600422,昆药集团,中药,0.3505692,-2.8267517
4861,2025-01-27,SH.ZB_603661,恒林股份,装修建材,0.3495559,-2.1822314
4862,2025-01-27,SZ.ZB_002275,桂林三金,中药,0.34744143,-2.0454817
4863,2025-01-27,SH.ZB_601818,光大银行,银行,0.3398776,-2.9765193
4864,2025-01-27,SH.ZB_605599,菜百股份,珠宝首饰,0.33124387,-2.5356426
4865,2025-01-27,SZ.ZB_002001,新 和 成,化学制药,0.33047795,-2.9687223
4866,2025-01-27,SZ.ZB_000959,首钢股份,钢铁行业,0.32961965,-2.373157
4867,2025-01-27,SH.ZB_601928,凤凰传媒,文化传媒,0.32436848,-2.7631953
4868,2025-01-27,SH.KC_300695,兆丰股份,汽车零部件,0.32340735,-2.8906274
4869,2025-01-27,SH.ZB_603566,普莱柯,农药兽药,0.3201872,-2.365466
4870,2025-01-27,SH.ZB_601166,兴业银行,银行,0.31626225,-2.5533001
4871,2025-01-27,SH.KC_300413,芒果超媒,文化传媒,0.31493306,-3.0745103
4872,2025-01-27,SZ.ZB_002404,嘉欣丝绸,纺织服装,0.31130165,-2.2820454
4873,2025-01-27,SH.ZB_601229,上海银行,银行,0.31033456,-2.5953457
4874,2025-01-27,SH.ZB_600056,中国医药,医药商业,0.30953884,-2.0807486
4875,2025-01-27,SH.ZB_603165,荣晟环保,造纸印刷,0.30454695,-2.6197004
4876,2025-01-27,SH.KC_300172,中电环保,环保行业,0.29488206,-2.236672
4877,2025-01-27,SZ.ZB_002318,久立特材,钢铁行业,0.2877131,-2.9528112
4878,2025-01-27,SZ.ZB_002268,电科网安,软件开发,0.28357655,-2.9905183
4879,2025-01-27,SH.ZB_600158,中体产业,文化传媒,0.28121918,-2.2306626
4880,2025-01-27,SZ.ZB_002014,永新股份,包装材料,0.28058738,-2.1037698
4881,2025-01-27,SH.ZB_603306,华懋科技,汽车零部件,0.27486086,-3.7277143
4882,2025-01-27,SH.ZB_600531,豫光金铅,有色金属,0.259988,-2.231205
4883,2025-01-27,SH.ZB_600273,嘉化能源,化学制品,0.25389344,-2.2118275
4884,2025-01-27,SH.ZB_600897,厦门空港,航空机场,0.25102794,-2.1033666
4885,2025-01-27,SH.ZB_600755,厦门国贸,贸易行业,0.24880767,-2.187236
4886,2025-01-27,SH.KC_688065,凯赛生物,化学制品,0.24734288,-3.6239
4887,2025-01-27,SH.ZB_600271,航天信息,互联网服务,0.24492294,-2.238197
4888,2025-01-27,SH.ZB_603035,常熟汽饰,汽车零部件,0.24371743,-2.256331
4889,2025-01-27,SH.ZB_600188,兖矿能源,煤炭行业,0.24252534,-2.214629
4890,2025-01-27,SH.ZB_603948,建业股份,化学制品,0.24190843,-2.5596092
4891,2025-01-27,SZ.ZB_000830,鲁西化工,化学原料,0.23951381,-1.8581398
4892,2025-01-27,SH.ZB_600409,三友化工,化学原料,0.23451746,-2.004508
4893,2025-01-27,SZ.ZB_002142,宁波银行,银行,0.20615757,-2.4909956
4894,2025-01-27,SZ.ZB_002727,一心堂,医药商业,0.19228756,-2.2111309
4895,2025-01-27,SH.ZB_600295,鄂尔多斯,钢铁行业,0.17925501,-2.5997713
4896,2025-01-27,SH.ZB_603150,万朗磁塑,塑料制品,0.17421544,-2.4061797
4897,2025-01-27,SH.ZB_601949,中国出版,文化传媒,0.16932338,-2.2551076
4898,2025-01-27,SZ.ZB_000791,甘肃能源,电力行业,0.16375631,-2.5144584
4899,2025-01-27,SZ.ZB_002039,黔源电力,电力行业,0.16307384,-1.9085277
4900,2025-01-27,SH.ZB_603128,华贸物流,物流行业,0.16185045,-2.034406
4901,2025-01-27,SZ.ZB_002206,海 利 得,化纤行业,0.1592055,-2.2630248
4902,2025-01-27,SH.ZB_603444,吉比特,游戏,0.15666932,-2.2434313
4903,2025-01-27,SH.KC_300454,深信服,软件开发,0.1524046,-3.4399514
4904,2025-01-27,SH.ZB_603195,公牛集团,家用轻工,0.14838427,-2.2738233
4905,2025-01-27,SH.ZB_601568,北元集团,化学原料,0.14799982,-1.991716
4906,2025-01-27,SZ.ZB_002734,利民股份,农药兽药,0.14549196,-2.4078777
4907,2025-01-27,SH.ZB_601065,江盐集团,化学原料,0.1429677,-2.1579716
4908,2025-01-27,SZ.ZB_000825,太钢不锈,钢铁行业,0.13497919,-2.1705687
4909,2025-01-27,SH.ZB_600060,海信视像,家电行业,0.1323834,-3.6375582
4910,2025-01-27,SZ.ZB_002372,伟星新材,装修建材,0.12766868,-2.1705713
4911,2025-01-27,SZ.ZB_001286,陕西能源,电力行业,0.1126647,-2.5030103
4912,2025-01-27,SZ.ZB_000902,新洋丰,化肥行业,0.11172444,-2.5345433
4913,2025-01-27,SH.KC_688677,海泰新光,医疗器械,0.10677129,-4.027741
4914,2025-01-27,SH.KC_301080,百普赛斯,医疗服务,0.10302812,-3.336282
4915,2025-01-27,SH.ZB_603568,伟明环保,环保行业,0.09982884,-2.2844286
4916,2025-01-27,SH.ZB_600116,三峡水利,电力行业,0.09150356,-2.186917
4917,2025-01-27,SH.ZB_600054,黄山旅游,旅游酒店,0.07810295,-2.1204233
4918,2025-01-27,SZ.ZB_000156,华数传媒,文化传媒,0.07170439,-2.4888325
4919,2025-01-27,SH.ZB_601019,山东出版,文化传媒,0.06505698,-3.2243378
4920,2025-01-27,SH.ZB_601003,柳钢股份,钢铁行业,0.061535835,-2.0449905
4921,2025-01-27,SH.ZB_600977,中国电影,文化传媒,0.059585273,-2.6432204
4922,2025-01-27,SZ.ZB_002083,孚日股份,纺织服装,0.056648254,-2.2349162
4923,2025-01-27,SH.ZB_600888,新疆众和,有色金属,0.046238303,-1.9304891
4924,2025-01-27,SH.ZB_600362,江西铜业,有色金属,0.034748018,-2.0589314
4925,2025-01-27,SH.KC_688314,康拓医疗,医疗器械,0.03131181,-2.5753412
4926,2025-01-27,SH.KC_688029,南微医学,医疗器械,0.029276311,-2.6168296
4927,2025-01-27,SH.ZB_601921,浙版传媒,文化传媒,0.027491152,-2.3357463
4928,2025-01-27,SH.ZB_601169,北京银行,银行,0.016915798,-2.2301269
4929,2025-01-27,SH.ZB_603888,新华网,文化传媒,0.016473234,-2.3927956
4930,2025-01-27,SZ.ZB_000513,丽珠集团,化学制药,0.015988946,-2.282213
4931,2025-01-27,SH.ZB_601686,友发集团,钢铁行业,0.0068813562,-2.4343436
4932,2025-01-27,SH.ZB_601566,九牧王,纺织服装,0.005066395,-2.0884576
4933,2025-01-27,SZ.ZB_002443,金洲管道,钢铁行业,0.00084489584,-2.4095232
4934,2025-01-27,SH.ZB_600373,中文传媒,文化传媒,-0.00083744526,-2.3997943
4935,2025-01-27,SH.KC_688485,九州一轨,环保行业,-0.013421476,-3.895463
4936,2025-01-27,SZ.ZB_002463,沪电股份,电子元件,-0.027610362,-3.0685449
4937,2025-01-27,SZ.ZB_002539,云图控股,化肥行业,-0.036746264,-2.473712
4938,2025-01-27,SH.KC_300984,金沃股份,通用设备,-0.044214725,-5.4062657
4939,2025-01-27,SZ.ZB_002100,天康生物,农牧饲渔,-0.055010617,-2.0674138
4940,2025-01-27,SZ.ZB_002484,江海股份,电子元件,-0.055404007,-3.9976366
4941,2025-01-27,SH.ZB_603687,大胜达,包装材料,-0.07118285,-2.5020661
4942,2025-01-27,SH.ZB_600177,雅戈尔,纺织服装,-0.08046627,-2.1625583
4943,2025-01-27,SH.KC_300804,广康生化,农药兽药,-0.09993315,-2.3322527
4944,2025-01-27,SH.ZB_600037,歌华有线,文化传媒,-0.100930035,-2.4037893
4945,2025-01-27,SH.KC_300502,新易盛,通信设备,-0.1037702,-3.319827
4946,2025-01-27,SH.ZB_600585,海螺水泥,水泥建材,-0.10481477,-2.391922
4947,2025-01-27,SZ.ZB_003008,开普检测,专业服务,-0.10496378,-2.6118708
4948,2025-01-27,SH.ZB_603967,中创物流,物流行业,-0.11443645,-2.362197
4949,2025-01-27,SZ.ZB_002478,常宝股份,钢铁行业,-0.12789369,-2.1837604
4950,2025-01-27,SH.KC_300789,唐源电气,软件开发,-0.13522357,-2.9294875
4951,2025-01-27,SZ.ZB_002517,恺英网络,游戏,-0.1381576,-3.1246731
4952,2025-01-27,SH.ZB_603000,人民网,文化传媒,-0.14292002,-2.4908657
4953,2025-01-27,SH.KC_300476,胜宏科技,电子元件,-0.14529377,-4.361905
4954,2025-01-27,SH.ZB_601598,中国外运,物流行业,-0.15000552,-2.2510908
4955,2025-01-27,SH.ZB_600637,东方明珠,文化传媒,-0.16197264,-2.3239686
4956,2025-01-27,SH.ZB_600926,杭州银行,银行,-0.17154068,-1.9613706
4957,2025-01-27,SH.KC_300766,每日互动,互联网服务,-0.17824471,-5.7050905
4958,2025-01-27,SH.KC_300770,新媒股份,文化传媒,-0.18336475,-2.3250487
4959,2025-01-27,SH.ZB_603228,景旺电子,电子元件,-0.20004809,-4.099536
4960,2025-01-27,SH.ZB_600681,百川能源,燃气,-0.20772964,-2.029385
4961,2025-01-27,SH.ZB_601577,长沙银行,银行,-0.20949692,-2.923907
4962,2025-01-27,SZ.ZB_002462,嘉事堂,医药商业,-0.21983534,-2.1957316
4963,2025-01-27,SZ.ZB_002110,三钢闽光,钢铁行业,-0.25070608,-2.0693436
4964,2025-01-27,SH.ZB_600395,盘江股份,煤炭行业,-0.25755167,-2.148764
4965,2025-01-27,SH.ZB_601811,新华文轩,文化传媒,-0.27511865,-2.6536484
4966,2025-01-27,SZ.ZB_002932,明德生物,医疗器械,-0.27679354,-1.8412094
4967,2025-01-27,SZ.ZB_003005,竞业达,互联网服务,-0.285165,-2.8078477
4968,2025-01-27,SH.KC_301291,明阳电气,电网设备,-0.38797855,-3.7520897
4969,2025-01-27,SH.ZB_601098,中南传媒,文化传媒,-0.40567368,-2.6063516
4970,2025-01-27,SZ.ZB_000789,万年青,水泥建材,-0.44019073,-1.9676406
4971,2025-01-27,SH.ZB_601163,三角轮胎,橡胶制品,-0.59303045,-2.127859
4972,2025-01-27,SH.ZB_605398,新炬网络,互联网服务,-0.6736696,-5.27421
4973,2025-01-27,SZ.ZB_001333,光华股份,化学制品,-0.7997006,-1.9243255
4974,2025-01-27,SZ.ZB_002322,理工能科,软件开发,-1.0918782,-2.4792082
4975,2025-01-27,SH.ZB_605277,新亚电子,消费电子,-1.19178,-4.423726
4976,2025-01-27,SH.ZB_600507,方大特钢,钢铁行业,-1.3926253,-2.2839003
