,Datetime,code,name,bankuai,optimistic,pessimistic
0,2025-01-27,SH.ZB_603398,沐邦高科,光伏设备,23.13034,-0.6627988
1,2025-01-27,SH.KC_300344,立方数科,软件开发,22.114845,-2.927672
2,2025-01-27,SZ.ZB_000668,荣丰控股,房地产开发,19.983118,-2.969245
3,2025-01-27,SZ.ZB_000856,冀东装备,专用设备,19.659443,-10.998483
4,2025-01-27,SZ.ZB_002496,辉丰股份,农药兽药,18.754457,0.6627523
5,2025-01-27,SH.KC_300634,彩讯股份,互联网服务,18.459879,-7.134408
6,2025-01-27,SH.ZB_603777,来伊份,食品饮料,18.036385,-2.8779678
7,2025-01-27,SZ.ZB_000759,中百集团,商业百货,17.824503,-3.5160766
8,2025-01-27,SH.KC_300857,协创数据,消费电子,17.472805,-4.7174983
9,2025-01-14,SH.KC_300307,慈星股份,专用设备,17.409163,-5.1168094
10,2025-01-27,SH.ZB_603261,立航科技,航天航空,16.899021,-1.254364
11,2025-01-27,SH.ZB_600539,狮头股份,环保行业,16.846548,-2.9976516
12,2025-01-27,SH.ZB_600892,大晟文化,游戏,16.515789,-2.4938488
13,2025-01-27,SH.KC_301512,智信精密,专用设备,16.33368,-4.5739226
14,2025-01-27,SH.KC_300902,国安达,专用设备,16.079428,-0.10647196
15,2025-01-27,SH.KC_300654,世纪天鸿,文化传媒,15.830125,-5.975903
16,2025-01-27,SZ.ZB_001270,铖昌科技,半导体,15.810798,-0.43593776
17,2025-01-27,SZ.ZB_002691,冀凯股份,专用设备,15.706162,-8.219153
18,2025-01-27,SH.KC_301248,杰创智能,软件开发,15.563207,-5.8839417
19,2025-01-27,SH.ZB_600128,苏豪弘业,贸易行业,15.499045,-1.6610454
20,2025-01-27,SZ.ZB_000016,深康佳Ａ,家电行业,15.492709,-0.7301157
21,2025-01-27,SH.KC_300159,新研股份,航天航空,15.28116,-0.3304653
22,2025-01-27,SZ.ZB_000691,亚太实业,化学制品,15.100484,-1.1164352
23,2025-01-27,SZ.ZB_002253,川大智胜,软件开发,14.891003,-0.23303777
24,2025-01-27,SZ.ZB_002529,海源复材,专用设备,14.681135,-0.68988466
25,2025-01-27,SH.ZB_600130,波导股份,消费电子,14.679135,0.66472816
26,2025-01-27,SH.KC_300249,依米康,软件开发,14.636161,-5.36257
27,2025-01-27,SH.KC_301356,天振股份,塑料制品,14.528258,-5.29945
28,2025-01-27,SZ.ZB_002418,康盛股份,家电行业,14.504684,-1.8161532
29,2025-01-27,SZ.ZB_000890,法尔胜,通用设备,14.475222,-3.9261215
30,2025-01-27,SH.ZB_600243,青海华鼎,通用设备,14.443644,-0.409171
31,2025-01-27,SH.ZB_600076,康欣新材,装修建材,14.328472,-3.9254918
32,2025-01-27,SZ.ZB_002122,汇洲智能,通用设备,14.272661,-1.729503
33,2025-01-27,SH.KC_688620,安凯微,半导体,14.260252,-6.591731
34,2025-01-27,SZ.ZB_002789,建艺集团,装修装饰,14.0413685,0.021849573
35,2025-01-27,SH.KC_688229,博睿数据,互联网服务,13.93369,-4.8686624
36,2025-01-27,SZ.ZB_000816,智慧农业,通用设备,13.872938,-1.2316859
37,2025-01-27,SZ.ZB_002816,和科达,专用设备,13.735162,-3.7926297
38,2025-01-27,SZ.ZB_000736,中交地产,房地产开发,13.498284,-0.13332236
39,2025-01-27,SH.ZB_600228,返利科技,互联网服务,13.472663,-0.85441864
40,2025-01-27,SZ.ZB_002848,高斯贝尔,家电行业,13.461683,0.61666316
41,2025-01-27,SZ.ZB_002306,中科云网,旅游酒店,13.428505,0.3574174
42,2025-01-27,SH.KC_688426,康为世纪,生物制品,13.398539,-2.517551
43,2025-01-27,SH.KC_300996,普联软件,软件开发,13.354657,-8.680069
44,2025-01-27,SZ.ZB_000004,国华网安,软件开发,13.32071,-0.47544837
45,2025-01-27,SH.ZB_600778,友好集团,商业百货,13.236157,-1.1728991
46,2025-01-27,SH.ZB_603682,锦和商管,房地产服务,13.208021,-1.5144958
47,2025-01-27,SH.KC_300608,思特奇,软件开发,13.139407,-4.9416146
48,2025-01-27,SH.KC_300055,万邦达,环保行业,12.949707,-4.637003
49,2025-01-27,SH.ZB_600238,海南椰岛,酿酒行业,12.858171,-0.08894615
50,2025-01-27,SH.KC_300333,兆日科技,软件开发,12.782417,-4.1305766
51,2025-01-27,SH.ZB_600421,华嵘控股,通用设备,12.714897,-0.7916065
52,2025-01-27,SH.KC_301286,侨源股份,化学原料,12.608086,-3.466639
53,2025-01-27,SH.ZB_605033,美邦股份,农药兽药,12.580071,-2.1784618
54,2025-01-27,SH.KC_300652,雷迪克,汽车零部件,12.54101,-4.5799003
55,2025-01-27,SH.KC_300499,高澜股份,专用设备,12.535445,-2.6284804
56,2025-01-27,SH.KC_688143,长盈通,电子元件,12.387588,-6.5293846
57,2025-01-27,SZ.ZB_002667,威领股份,能源金属,12.346272,-2.619117
58,2025-01-27,SH.ZB_605018,长华集团,汽车零部件,12.215708,-6.9613338
59,2025-01-27,SH.KC_301511,德福科技,电池,12.196345,-3.519208
60,2025-01-27,SH.KC_300093,金刚光伏,光伏设备,12.169348,-1.1631881
61,2025-01-27,SZ.ZB_002199,东晶电子,电子元件,12.120851,-0.4147094
62,2025-01-27,SH.ZB_603928,兴业股份,塑料制品,11.910136,-8.779494
63,2025-01-27,SZ.ZB_002265,建设工业,汽车零部件,11.894963,-5.482115
64,2025-01-27,SH.ZB_600693,东百集团,商业百货,11.774079,-3.3067148
65,2025-01-27,SH.KC_301030,仕净科技,专用设备,11.657972,-0.508691
66,2025-01-27,SH.KC_300391,长药控股,中药,11.618291,-0.4619565
67,2025-01-27,SH.KC_300853,申昊科技,通用设备,11.580465,-2.073901
68,2025-01-27,SH.KC_688408,中信博,光伏设备,11.517419,-1.2360195
69,2025-01-27,SZ.ZB_002820,桂发祥,食品饮料,11.506309,-3.5479262
70,2025-01-27,SH.KC_300493,润欣科技,贸易行业,11.42299,-4.7390075
71,2025-01-27,SH.ZB_600358,国旅联合,互联网服务,11.356051,-1.2437788
72,2025-01-27,SH.ZB_600052,东望时代,公用事业,11.354007,-4.0473657
73,2025-01-27,SH.KC_688716,中研股份,塑料制品,11.34191,-5.0467634
74,2025-01-27,SZ.ZB_000826,启迪环境,环保行业,11.303284,-2.0135918
75,2025-01-27,SH.ZB_600858,银座股份,商业百货,11.30036,-2.9208138
76,2025-01-27,SH.KC_300959,线上线下,通信服务,11.19781,-2.5133855
77,2025-01-27,SH.KC_301157,华塑科技,计算机设备,11.189793,-3.238882
78,2025-01-27,SZ.ZB_000716,黑芝麻,食品饮料,11.187429,-3.1542752
79,2025-01-27,SH.ZB_603789,星光农机,专用设备,11.107593,0.7836804
80,2025-01-27,SH.KC_688362,甬矽电子,半导体,11.106963,-1.0556259
81,2025-01-27,SH.ZB_605179,一鸣食品,食品饮料,11.096941,-4.052087
82,2025-01-27,SZ.ZB_002733,雄韬股份,电池,11.082174,-3.5090399
83,2025-01-27,SH.ZB_600191,华资实业,农牧饲渔,11.075635,-6.520061
84,2025-01-27,SH.KC_301018,申菱环境,专用设备,11.0513735,-3.3305104
85,2025-01-27,SH.ZB_600187,国中水务,公用事业,11.041154,-1.6335435
86,2025-01-27,SH.ZB_600556,天下秀,文化传媒,10.996987,-2.3098886
87,2025-01-27,SH.ZB_600734,实达集团,通信设备,10.99018,-4.2100325
88,2025-01-27,SZ.ZB_002636,金安国纪,电子元件,10.94891,-1.979669
89,2025-01-27,SH.KC_300222,科大智能,电网设备,10.877447,-6.2320504
90,2025-01-27,SH.ZB_600636,国新文化,教育,10.873209,-0.9116808
91,2025-01-27,SZ.ZB_000793,华闻集团,文化传媒,10.843669,-2.2879333
92,2025-01-27,SH.ZB_600714,金瑞矿业,化学原料,10.732291,-1.9593858
93,2025-01-27,SH.KC_688165,埃夫特-U,通用设备,10.633151,-4.2955694
94,2025-01-27,SH.KC_300716,泉为科技,光伏设备,10.627662,-3.7920804
95,2025-01-27,SH.ZB_600405,动力源,电源设备,10.60705,-1.7727249
96,2025-01-27,SH.ZB_600811,东方集团,农牧饲渔,10.509207,-0.674255
97,2025-01-27,SH.KC_300840,酷特智能,纺织服装,10.508175,-8.001618
98,2025-01-27,SZ.ZB_002184,海得控制,专用设备,10.503851,-2.3418703
99,2025-01-27,SZ.ZB_002861,瀛通通讯,消费电子,10.477133,-6.6550045
100,2025-01-27,SH.KC_300127,银河磁体,小金属,10.462282,-2.5938797
101,2025-01-27,SH.KC_688053,思科瑞,电子元件,10.415803,-0.8850144
102,2025-01-27,SZ.ZB_002058,威尔泰,电网设备,10.342489,-0.15097335
103,2025-01-27,SH.KC_300607,拓斯达,通用设备,10.326676,-3.218589
104,2025-01-27,SH.KC_300561,汇金科技,软件开发,10.315127,-3.9266965
105,2025-01-27,SZ.ZB_000010,美丽生态,工程建设,10.259186,-3.7228472
106,2025-01-27,SH.ZB_603068,博通集成,半导体,10.254468,-5.2013216
107,2025-01-27,SH.ZB_603015,弘讯科技,专用设备,10.240458,-3.5998232
108,2025-01-27,SH.KC_301336,趣睡科技,家用轻工,10.223081,-5.350333
109,2025-01-27,SH.KC_300154,瑞凌股份,通用设备,10.218837,-2.2468019
110,2025-01-27,SH.KC_300071,福石控股,文化传媒,10.175927,-4.493093
111,2025-01-27,SZ.ZB_000627,天茂集团,保险,10.093726,-5.3293715
112,2025-01-27,SH.KC_301397,溯联股份,汽车零部件,10.082565,-5.4761586
113,2025-01-27,SZ.ZB_000573,粤宏远Ａ,房地产开发,10.054986,-8.768551
114,2025-01-27,SH.KC_300161,华中数控,通用设备,10.029907,-3.5295658
115,2025-01-27,SZ.ZB_002762,金发拉比,纺织服装,9.951501,-1.0907211
116,2025-01-27,SH.ZB_603177,德创环保,环保行业,9.916146,-0.5859019
117,2025-01-27,SH.KC_301600,慧翰股份,通信设备,9.897746,-3.2733958
118,2025-01-27,SH.KC_688511,天微电子,电子元件,9.897698,-1.1256497
119,2025-01-27,SZ.ZB_002973,侨银股份,环保行业,9.888549,-4.9837723
120,2025-01-27,SH.KC_301318,维海德,消费电子,9.880374,-4.5776
121,2025-01-27,SH.ZB_603598,引力传媒,文化传媒,9.840004,-6.0003533
122,2025-01-27,SH.KC_688095,福昕软件,软件开发,9.816091,-5.348676
123,2025-01-27,SH.KC_301315,威士顿,软件开发,9.800978,-3.8195417
124,2025-01-27,SZ.ZB_002175,东方智造,仪器仪表,9.72396,-3.2989032
125,2025-01-27,SH.ZB_603101,汇嘉时代,商业百货,9.670572,-1.4299132
126,2025-01-27,SZ.ZB_002068,黑猫股份,橡胶制品,9.666939,-1.9587044
127,2025-01-27,SZ.ZB_000419,通程控股,商业百货,9.63964,-3.128758
128,2025-01-27,SH.KC_300377,赢时胜,软件开发,9.625723,-2.3932695
129,2025-01-27,SH.ZB_600355,精伦电子,通信设备,9.619649,-0.8727623
130,2025-01-27,SH.ZB_603729,龙韵股份,文化传媒,9.615495,-5.30845
131,2025-01-27,SH.KC_300792,壹网壹创,互联网服务,9.583942,-3.0724883
132,2025-01-27,SH.KC_300697,电工合金,有色金属,9.577181,-6.384823
133,2025-01-27,SZ.ZB_002693,双成药业,生物制品,9.572514,-0.9889109
134,2025-01-27,SH.KC_688429,时创能源,光伏设备,9.5160675,-2.7021568
135,2025-01-27,SH.KC_301001,凯淳股份,互联网服务,9.510149,-4.6511045
136,2025-01-27,SH.ZB_603838,四通股份,装修建材,9.503643,-1.7250859
137,2025-01-27,SH.KC_300949,奥雅股份,工程咨询服务,9.487899,-2.5562239
138,2025-01-27,SH.ZB_600446,金证股份,互联网服务,9.487049,-1.3915387
139,2025-01-27,SZ.ZB_002640,跨境通,贸易行业,9.474529,-2.0214715
140,2025-01-27,SH.KC_300985,致远新能,通用设备,9.468241,-2.4585884
141,2025-01-27,SH.KC_300276,三丰智能,专用设备,9.45148,-3.822491
142,2025-01-27,SZ.ZB_002552,宝鼎科技,通用设备,9.437461,-2.416349
143,2025-01-27,SZ.ZB_001236,弘业期货,多元金融,9.433497,-3.8973398
144,2025-01-27,SZ.ZB_002530,金财互联,互联网服务,9.412636,-4.8750544
145,2025-01-27,SH.ZB_600423,柳化股份,化学原料,9.385072,-1.0552094
146,2025-01-27,SZ.ZB_002760,凤形股份,通用设备,9.383278,-2.8557875
147,2025-01-27,SH.KC_301288,清研环境,环保行业,9.36146,0.50078964
148,2025-01-27,SH.ZB_603800,洪田股份,专用设备,9.328087,-2.9667714
149,2025-01-27,SZ.ZB_003015,日久光电,光学光电子,9.316783,-4.340977
150,2025-01-27,SH.KC_301536,星宸科技,半导体,9.312876,-4.7317786
151,2025-01-27,SH.ZB_600198,大唐电信,通信设备,9.259351,-1.68848
152,2025-01-27,SH.KC_688085,三友医疗,医疗器械,9.237711,-2.095976
153,2025-01-27,SZ.ZB_002449,国星光电,光学光电子,9.20005,-2.3460348
154,2025-01-27,SH.KC_301082,久盛电气,电网设备,9.154336,-2.6654372
155,2025-01-27,SZ.ZB_002549,凯美特气,化学制品,9.1532545,-3.2662063
156,2025-01-27,SZ.ZB_002137,实益达,电子元件,9.143405,-2.7383525
157,2025-01-27,SZ.ZB_002403,爱仕达,家电行业,9.095518,-3.2918289
158,2025-01-27,SH.ZB_600610,中毅达,化学原料,9.071567,-2.3106825
159,2025-01-27,SH.KC_300479,神思电子,计算机设备,9.065803,-3.2487202
160,2025-01-27,SH.KC_688313,仕佳光子,通信设备,9.050213,-5.6799436
161,2025-01-27,SZ.ZB_002009,天奇股份,专用设备,9.037738,-3.408644
162,2025-01-27,SZ.ZB_002453,华软科技,化学制品,9.033604,-5.4982357
163,2025-01-27,SH.ZB_600824,益民集团,商业百货,9.024243,-2.0214028
164,2025-01-27,SZ.ZB_000795,英洛华,小金属,9.003304,-2.9645097
165,2025-01-27,SH.KC_300753,爱朋医疗,医疗器械,8.997054,-2.9542792
166,2025-01-27,SH.KC_688717,艾罗能源,光伏设备,8.99161,-3.558941
167,2025-01-27,SH.KC_300068,南都电源,电池,8.98474,-1.2310097
168,2025-01-27,SH.KC_300399,天利科技,互联网服务,8.9739485,-4.2694583
169,2025-01-27,SZ.ZB_002291,遥望科技,互联网服务,8.97002,-1.6949002
170,2025-01-27,SH.KC_300798,锦鸡股份,化学制品,8.968274,-3.3512614
171,2025-01-27,SZ.ZB_003030,祖名股份,食品饮料,8.9601145,-1.9894997
172,2025-01-27,SZ.ZB_002717,岭南股份,环保行业,8.941086,-2.0056162
173,2025-01-27,SH.ZB_600053,九鼎投资,多元金融,8.932803,-2.661261
174,2025-01-27,SH.ZB_603978,深圳新星,有色金属,8.932302,-2.528284
175,2025-01-27,SH.KC_301123,奕东电子,消费电子,8.92915,-2.8888934
176,2025-01-27,SH.KC_688226,威腾电气,电网设备,8.927218,-5.386751
177,2025-01-27,SH.KC_688766,普冉股份,半导体,8.911551,-3.9304283
178,2025-01-27,SH.KC_300812,易天股份,消费电子,8.905649,-2.259062
179,2025-01-27,SH.ZB_603716,塞力医疗,医药商业,8.9003725,-3.173309
180,2025-01-27,SZ.ZB_002229,鸿博股份,造纸印刷,8.896564,-1.858345
181,2025-01-27,SH.ZB_600172,黄河旋风,非金属材料,8.895373,-1.8355181
182,2025-01-27,SH.KC_301024,霍普股份,工程建设,8.8813305,-2.7971168
183,2025-01-27,SZ.ZB_002583,海能达,通信设备,8.87987,-2.9614778
184,2025-01-27,SH.ZB_603389,亚振家居,装修建材,8.879333,-1.2954327
185,2025-01-27,SH.KC_300537,广信材料,电子化学品,8.874221,-1.4900186
186,2025-01-27,SH.KC_300299,富春股份,游戏,8.872167,-3.1738114
187,2025-01-27,SZ.ZB_002187,广百股份,商业百货,8.831321,-2.0267775
188,2025-01-27,SZ.ZB_001282,三联锻造,汽车零部件,8.821152,-6.193179
189,2025-01-27,SH.KC_300378,鼎捷数智,软件开发,8.807199,-5.718823
190,2025-01-27,SH.KC_300386,飞天诚信,软件开发,8.798388,-3.1175852
191,2025-01-27,SZ.ZB_002757,南兴股份,专用设备,8.791836,-4.2874365
192,2025-01-27,SH.ZB_603429,集友股份,造纸印刷,8.786343,-3.8630269
193,2025-01-27,SH.KC_688365,光云科技,互联网服务,8.773403,-3.9067287
194,2025-01-27,SH.KC_300170,汉得信息,互联网服务,8.772474,-9.336653
195,2025-01-27,SH.KC_300211,亿通科技,通信服务,8.76473,-2.7439334
196,2025-01-27,SH.ZB_605081,太和水,环保行业,8.719298,-0.17728731
197,2025-01-27,SH.KC_300085,银之杰,软件开发,8.709399,-2.4190245
198,2025-01-27,SH.KC_300084,海默科技,采掘行业,8.698867,-2.873645
199,2025-01-27,SH.KC_300733,西菱动力,汽车零部件,8.683687,-4.2936726
200,2025-01-27,SH.ZB_600868,梅雁吉祥,电力行业,8.672331,-4.0294595
201,2025-01-27,SH.KC_301076,新瀚新材,化学原料,8.655535,-4.8118224
202,2025-01-27,SH.KC_300242,佳云科技,文化传媒,8.630231,-3.0004442
203,2025-01-27,SH.KC_300688,创业黑马,教育,8.624986,-4.550831
204,2025-01-27,SZ.ZB_000158,常山北明,综合行业,8.590438,-2.184603
205,2025-01-13,SH.KC_688073,毕得医药,生物制品,8.580257,-3.6368728
206,2025-01-27,SH.KC_688400,凌云光,专用设备,8.547533,-5.1659718
207,2025-01-27,SH.KC_301183,东田微,光学光电子,8.523125,-3.0978541
208,2025-01-27,SH.KC_688115,思林杰,仪器仪表,8.515475,-2.2845793
209,2025-01-27,SH.KC_301061,匠心家居,家电行业,8.514182,-5.220885
210,2025-01-27,SH.ZB_603887,城地香江,互联网服务,8.506732,-2.9615512
211,2025-01-27,SH.ZB_600692,亚通股份,房地产开发,8.495558,-2.42501
212,2025-01-27,SZ.ZB_002354,天娱数科,互联网服务,8.467014,-3.6338239
213,2025-01-27,SH.ZB_600624,复旦复华,综合行业,8.441605,-1.5718642
214,2025-01-27,SH.KC_300827,上能电气,光伏设备,8.434357,-1.0309339
215,2025-01-27,SH.KC_301037,保立佳,化学制品,8.427275,-2.1631298
216,2025-01-27,SH.ZB_600094,大名城,房地产开发,8.422502,-1.9459391
217,2025-01-27,SZ.ZB_000659,珠海中富,包装材料,8.421443,-1.6477767
218,2025-01-27,SH.ZB_603106,恒银科技,计算机设备,8.40933,-3.4169555
219,2025-01-27,SZ.ZB_002657,中科金财,互联网服务,8.40763,-3.9427445
220,2025-01-27,SZ.ZB_002313,日海智能,通信设备,8.390936,-2.6934884
221,2025-01-27,SH.ZB_605069,正和生态,环保行业,8.385335,-3.441634
222,2025-01-27,SH.KC_300080,易成新能,通用设备,8.346451,-1.968104
223,2025-01-27,SH.KC_301129,瑞纳智能,仪器仪表,8.3387985,-1.796391
224,2025-01-27,SH.ZB_600881,亚泰集团,水泥建材,8.338483,-1.6001191
225,2025-01-27,SZ.ZB_002542,中化岩土,工程建设,8.312581,-1.8383887
226,2025-01-27,SH.KC_300323,华灿光电,光学光电子,8.298694,-1.7025124
227,2025-01-27,SZ.ZB_002134,天津普林,电子元件,8.290924,-2.903633
228,2025-01-27,SZ.ZB_001309,德明利,半导体,8.272616,-4.0401073
229,2025-01-27,SH.ZB_600802,福建水泥,水泥建材,8.227966,-3.5476878
230,2025-01-27,SH.KC_300250,初灵信息,互联网服务,8.22316,-3.7820964
231,2025-01-27,SH.KC_300945,曼卡龙,珠宝首饰,8.203286,-2.3411236
232,2025-01-27,SH.ZB_600800,渤海化学,化学制品,8.19739,-1.9875275
233,2025-01-27,SH.KC_301220,亚香股份,化学制品,8.196421,-6.000119
234,2025-01-27,SH.KC_688502,茂莱光学,光学光电子,8.171632,-3.984391
235,2025-01-23,SH.KC_688350,富淼科技,化学制品,8.156216,-3.904946
236,2025-01-27,SH.KC_300153,科泰电源,电源设备,8.142664,-4.2837152
237,2025-01-27,SH.ZB_600626,申达股份,汽车零部件,8.141404,-2.3814857
238,2025-01-27,SH.ZB_603118,共进股份,通信设备,8.122842,-3.0523918
239,2025-01-27,SH.KC_300076,GQY视讯,光学光电子,8.118531,-2.477486
240,2025-01-27,SH.KC_688691,灿芯股份,半导体,8.110714,-2.3764064
241,2025-01-27,SZ.ZB_002364,中恒电气,电源设备,8.094324,-4.297821
242,2025-01-27,SH.ZB_603200,上海洗霸,环保行业,8.090347,-3.7094972
243,2025-01-27,SH.KC_300656,民德电子,电子元件,8.081992,-2.1522164
244,2025-01-27,SH.KC_300256,星星科技,消费电子,8.080027,-1.2031187
245,2025-01-27,SH.KC_301182,凯旺科技,消费电子,8.071932,-3.1597004
246,2025-01-27,SH.KC_300296,利亚德,光学光电子,8.069775,-3.5055041
247,2025-01-27,SH.KC_688320,禾川科技,仪器仪表,8.037068,-4.1249557
248,2025-01-27,SZ.ZB_002799,环球印务,包装材料,8.035027,-2.1517417
249,2025-01-27,SH.ZB_603070,万控智造,电网设备,8.034306,-3.2431598
250,2025-01-27,SH.ZB_603718,海利生物,农药兽药,8.028081,-3.5824254
251,2025-01-27,SH.ZB_603615,茶花股份,塑料制品,8.020325,-3.8148053
252,2025-01-27,SZ.ZB_002117,东港股份,造纸印刷,8.003219,-3.7836053
253,2025-01-27,SH.KC_301366,一博科技,电子元件,8.000498,-2.830588
254,2025-01-27,SH.ZB_603511,爱慕股份,纺织服装,7.9862638,-1.1685131
255,2025-01-27,SZ.ZB_002578,闽发铝业,有色金属,7.9725027,-1.9789085
256,2025-01-27,SH.KC_688800,瑞可达,电子元件,7.9579754,-4.6188602
257,2025-01-27,SZ.ZB_002526,山东矿机,专用设备,7.9422565,-3.0096676
258,2025-01-27,SZ.ZB_002518,科士达,电源设备,7.9376383,-2.83769
259,2025-01-27,SH.ZB_603880,南卫股份,医疗器械,7.934825,-4.0315657
260,2025-01-27,SH.KC_688512,慧智微-U,半导体,7.9273624,-3.0651753
261,2025-01-27,SH.KC_300141,和顺电气,电网设备,7.9176483,-2.0014548
262,2025-01-27,SZ.ZB_000509,华塑控股,光学光电子,7.9097567,-2.786745
263,2025-01-27,SH.KC_300694,蠡湖股份,汽车零部件,7.8957186,-2.420361
264,2025-01-27,SZ.ZB_002193,如意集团,纺织服装,7.89057,-2.1128883
265,2025-01-27,SH.ZB_603079,圣达生物,化学制品,7.886648,-3.0378716
266,2025-01-27,SH.ZB_603717,天域生物,农牧饲渔,7.885212,-2.896743
267,2025-01-27,SZ.ZB_000995,皇台酒业,酿酒行业,7.8776655,-2.4092896
268,2025-01-27,SH.KC_300435,中泰股份,燃气,7.8737097,-3.3042912
269,2025-01-27,SZ.ZB_001301,尚太科技,非金属材料,7.873541,-1.8639462
270,2025-01-27,SH.KC_300460,惠伦晶体,电子元件,7.8602166,-2.1549046
271,2025-01-27,SZ.ZB_002593,日上集团,汽车零部件,7.84152,-2.4431336
272,2025-01-27,SH.KC_300990,同飞股份,通用设备,7.8282013,-3.187559
273,2025-01-27,SH.KC_688369,致远互联,软件开发,7.8256025,-4.7527194
274,2025-01-27,SH.ZB_600724,宁波富达,房地产开发,7.81787,-1.0104613
275,2025-01-27,SZ.ZB_000526,学大教育,教育,7.8152018,-3.0580032
276,2025-01-27,SH.KC_688709,成都华微,半导体,7.8101606,-1.8861297
277,2025-01-27,SH.KC_301152,天力锂能,电池,7.8073473,-1.5248781
278,2025-01-27,SH.ZB_603021,山东华鹏,玻璃玻纤,7.8053145,-2.7512023
279,2025-01-27,SH.KC_300152,新动力,环保行业,7.8046546,-2.1780717
280,2025-01-27,SZ.ZB_002335,科华数据,电源设备,7.7919393,-2.5499372
281,2025-01-27,SH.KC_688062,迈威生物-U,生物制品,7.7885256,-1.3631322
282,2025-01-27,SH.KC_300289,利德曼,医疗器械,7.7863083,-3.0421462
283,2025-01-27,SZ.ZB_001366,播恩集团,农牧饲渔,7.785049,-3.5449228
284,2025-01-27,SH.ZB_600255,鑫科材料,有色金属,7.7836037,-4.403081
285,2025-01-27,SZ.ZB_002495,佳隆股份,食品饮料,7.7815876,-2.945582
286,2025-01-27,SH.ZB_600751,海航科技,航运港口,7.771607,-2.7184517
287,2025-01-27,SZ.ZB_002047,宝鹰股份,装修装饰,7.7711434,-2.4237607
288,2025-01-27,SH.KC_300106,西部牧业,食品饮料,7.763232,-2.5057955
289,2025-01-27,SZ.ZB_002190,成飞集成,汽车零部件,7.7428102,-1.3555436
290,2025-01-27,SH.ZB_603291,联合水务,公用事业,7.724008,-2.736971
291,2025-01-27,SH.KC_300901,中胤时尚,纺织服装,7.723823,-2.5737941
292,2025-01-27,SH.KC_300255,常山药业,化学制药,7.7176914,-2.741164
293,2025-01-27,SZ.ZB_002188,中天服务,房地产服务,7.7168016,-2.9647005
294,2025-01-27,SH.ZB_603719,良品铺子,食品饮料,7.6982126,-3.4111216
295,2025-01-27,SH.KC_301325,曼恩斯特,电池,7.695964,-3.4025695
296,2025-01-27,SH.KC_300989,蕾奥规划,工程咨询服务,7.6754646,-2.4216852
297,2025-01-27,SH.ZB_600653,申华控股,汽车服务,7.6699986,-3.1626444
298,2025-01-27,SH.KC_301486,致尚科技,消费电子,7.6647997,-2.8958373
299,2025-01-27,SH.KC_300829,金丹科技,食品饮料,7.6596246,-0.99988526
300,2025-01-27,SH.KC_300123,亚光科技,船舶制造,7.6564255,-2.0335329
301,2025-01-27,SZ.ZB_002723,小崧股份,家电行业,7.636225,-2.845367
302,2025-01-27,SH.KC_300437,清水源,化学制品,7.628353,-1.1913357
303,2025-01-27,SH.ZB_601515,东峰集团,包装材料,7.6245146,-1.7024841
304,2025-01-27,SH.ZB_600666,奥瑞德,光学光电子,7.602395,-2.2787006
305,2025-01-27,SH.KC_300583,赛托生物,化学制药,7.5974984,-0.8593211
306,2025-01-27,SZ.ZB_002358,森源电气,电网设备,7.585059,-3.7102911
307,2025-01-27,SH.KC_300814,中富电路,电子元件,7.575348,-3.2680464
308,2025-01-27,SH.ZB_605338,巴比食品,食品饮料,7.574479,-2.7523668
309,2025-01-27,SZ.ZB_000608,阳光股份,房地产服务,7.573557,-2.3927815
310,2025-01-27,SH.ZB_603665,康隆达,纺织服装,7.5627074,-4.789164
311,2025-01-27,SZ.ZB_002446,盛路通信,通信设备,7.550247,-1.7618004
312,2025-01-27,SH.KC_688244,永信至诚,软件开发,7.5501485,-3.1187155
313,2025-01-27,SH.KC_300748,金力永磁,小金属,7.5328827,-3.605454
314,2025-01-27,SZ.ZB_002164,宁波东力,通用设备,7.5095654,-2.738625
315,2025-01-27,SH.KC_300147,香雪制药,中药,7.5047746,-2.154688
316,2025-01-27,SZ.ZB_000056,皇庭国际,房地产服务,7.503299,-2.50232
317,2025-01-27,SH.KC_300245,天玑科技,互联网服务,7.5004935,-3.417898
318,2025-01-27,SH.KC_301611,珂玛科技,非金属材料,7.4938626,-2.9152896
319,2025-01-27,SH.KC_300290,荣科科技,互联网服务,7.492733,-3.154417
320,2025-01-27,SH.KC_300044,赛为智能,互联网服务,7.4851794,-2.2037847
321,2025-01-27,SZ.ZB_002575,群兴玩具,房地产服务,7.4840026,-2.6394312
322,2025-01-27,SH.KC_301556,托普云农,软件开发,7.4815216,-4.7757425
323,2025-01-27,SH.ZB_600698,湖南天雁,汽车零部件,7.477531,-1.8683089
324,2025-01-27,SH.KC_300763,锦浪科技,光伏设备,7.473025,-1.9629992
325,2025-01-27,SH.KC_300581,晨曦航空,航天航空,7.4721427,-1.8905206
326,2025-01-27,SH.KC_300278,华昌达,通用设备,7.4645476,-2.4608
327,2025-01-27,SH.ZB_603895,天永智能,专用设备,7.4643044,-3.3733108
328,2025-01-27,SH.KC_300224,正海磁材,小金属,7.444629,-2.3684692
329,2025-01-27,SZ.ZB_000681,视觉中国,文化传媒,7.4351416,-3.649011
330,2025-01-27,SH.KC_301210,金杨股份,电池,7.4333863,-6.102554
331,2025-01-27,SZ.ZB_000006,深振业Ａ,房地产开发,7.4295597,-2.5563674
332,2025-01-27,SH.ZB_603166,福达股份,汽车零部件,7.428828,-4.0500307
333,2025-01-27,SH.KC_688390,固德威,光伏设备,7.4225187,-3.6940324
334,2025-01-27,SH.ZB_603221,爱丽家居,塑料制品,7.4154334,-3.5703068
335,2025-01-27,SH.ZB_605199,葫芦娃,中药,7.4151096,-2.55159
336,2025-01-27,SH.KC_688205,德科立,光学光电子,7.404049,-5.993466
337,2025-01-27,SH.ZB_603922,金鸿顺,汽车零部件,7.4032145,-2.6364868
338,2025-01-27,SH.KC_688288,鸿泉物联,计算机设备,7.3927584,-3.6145787
339,2025-01-27,SZ.ZB_000665,湖北广电,文化传媒,7.386586,-3.024301
340,2025-01-27,SH.ZB_600889,南京化纤,化纤行业,7.3831363,-5.338697
341,2025-01-27,SZ.ZB_000518,四环生物,生物制品,7.349308,-1.7962784
342,2025-01-27,SZ.ZB_000702,正虹科技,农牧饲渔,7.347949,-2.8299992
343,2025-01-27,SZ.ZB_002811,郑中设计,专业服务,7.3469667,-3.7226162
344,2025-01-27,SZ.ZB_001330,博纳影业,文化传媒,7.341908,-2.8811352
345,2025-01-27,SH.KC_688311,盟升电子,通信设备,7.3325067,-1.4592326
346,2025-01-27,SH.KC_300198,纳川股份,装修建材,7.32799,-2.17518
347,2025-01-27,SH.KC_300231,银信科技,互联网服务,7.3207574,-2.7710893
348,2025-01-27,SZ.ZB_002356,赫美集团,贸易行业,7.312648,-2.2283938
349,2025-01-27,SH.KC_300098,高新兴,软件开发,7.3065743,-2.051037
350,2025-01-27,SH.KC_301487,盟固利,电池,7.3024645,-1.4225224
351,2025-01-27,SZ.ZB_000564,供销大集,商业百货,7.3009787,-1.8913349
352,2025-01-27,SH.KC_300473,德尔股份,汽车零部件,7.3004246,-2.2867494
353,2025-01-27,SH.KC_301010,晶雪节能,装修建材,7.291803,-2.4424076
354,2025-01-27,SH.KC_300157,新锦动力,采掘行业,7.283954,-2.7256584
355,2025-01-27,SH.ZB_600397,安源煤业,煤炭行业,7.2837353,-3.2801151
356,2025-01-27,SH.KC_300655,晶瑞电材,电子化学品,7.2828574,-1.5324726
357,2025-01-27,SZ.ZB_002577,雷柏科技,消费电子,7.2789474,-2.7315395
358,2025-01-27,SH.KC_688258,卓易信息,互联网服务,7.272263,-4.302722
359,2025-01-27,SZ.ZB_002256,兆新股份,电网设备,7.270776,-1.9244369
360,2025-01-27,SH.KC_301326,捷邦科技,消费电子,7.2673903,-3.0675545
361,2025-01-27,SH.KC_300155,安居宝,计算机设备,7.2551937,-2.440974
362,2025-01-27,SH.ZB_603129,春风动力,交运设备,7.2393923,-4.6567273
363,2025-01-27,SH.KC_300903,科翔股份,电子元件,7.2317066,-2.4198225
364,2025-01-27,SZ.ZB_002346,柘中股份,电网设备,7.23156,-1.3567848
365,2025-01-27,SH.KC_300474,景嘉微,电子元件,7.2286725,-1.5984178
366,2025-01-27,SH.KC_300898,熊猫乳品,食品饮料,7.191187,-2.2972288
367,2025-01-27,SH.ZB_600708,光明地产,房地产开发,7.1774335,-2.586494
368,2025-01-27,SH.ZB_600601,方正科技,电子元件,7.162608,-3.1973019
369,2025-01-27,SZ.ZB_000632,三木集团,综合行业,7.162325,-3.2821388
370,2025-01-27,SH.ZB_603269,海鸥股份,通用设备,7.1608067,-3.2411556
371,2025-01-27,SH.KC_300094,国联水产,食品饮料,7.1569295,-2.01855
372,2025-01-27,SZ.ZB_000720,新能泰山,电网设备,7.156797,-3.0241604
373,2025-01-27,SH.KC_688629,华丰科技,电子元件,7.1548223,-3.4850016
374,2025-01-27,SZ.ZB_000031,大悦城,房地产开发,7.1539626,-1.6677685
375,2025-01-27,SH.ZB_603915,国茂股份,通用设备,7.1365776,-5.2416615
376,2025-01-27,SZ.ZB_002931,锋龙股份,通用设备,7.133432,-2.8635166
377,2025-01-27,SZ.ZB_000796,凯撒旅业,旅游酒店,7.121642,-1.6733669
378,2025-01-27,SZ.ZB_003013,地铁设计,工程咨询服务,7.112494,-1.7461859
379,2025-01-27,SH.KC_301396,宏景科技,互联网服务,7.1073904,-3.8917503
380,2025-01-27,SH.ZB_605136,丽人丽妆,商业百货,7.102996,-1.703266
381,2025-01-27,SH.KC_688433,华曙高科,通用设备,7.1005507,-3.3748899
382,2025-01-27,SH.KC_300805,电声股份,文化传媒,7.094084,-3.291095
383,2025-01-27,SH.KC_688228,开普云,互联网服务,7.092528,-3.9518337
384,2025-01-27,SZ.ZB_002098,浔兴股份,纺织服装,7.08933,-2.753746
385,2025-01-27,SH.KC_300875,捷强装备,专用设备,7.087572,-1.9642185
386,2025-01-27,SH.KC_300007,汉威科技,仪器仪表,7.082242,-4.332287
387,2025-01-27,SZ.ZB_002514,宝馨科技,通用设备,7.077305,-3.795318
388,2025-01-27,SH.KC_688058,宝兰德,软件开发,7.0690928,-3.0121212
389,2025-01-27,SZ.ZB_000803,山高环能,综合行业,7.041894,-2.391154
390,2025-01-27,SZ.ZB_000068,华控赛格,环保行业,7.021147,-3.0745668
391,2025-01-27,SH.KC_688700,东威科技,专用设备,7.0198298,-2.1878963
392,2025-01-27,SH.KC_300510,金冠股份,电网设备,7.018921,-1.7214491
393,2025-01-27,SZ.ZB_000678,襄阳轴承,汽车零部件,7.01859,-3.1904175
394,2025-01-27,SH.KC_300472,新元科技,专用设备,7.010171,-1.8741207
395,2025-01-27,SH.KC_688521,芯原股份,半导体,7.009582,-3.148282
396,2025-01-27,SZ.ZB_000833,粤桂股份,综合行业,7.0084424,-3.1152275
397,2025-01-27,SH.KC_300605,恒锋信息,软件开发,7.006411,-3.416605
398,2025-01-27,SH.KC_300420,五洋自控,通用设备,7.0039287,-1.1761454
399,2025-01-27,SZ.ZB_002103,广博股份,家用轻工,6.9990396,-2.9454668
400,2025-01-27,SZ.ZB_002917,金奥博,化学制品,6.989463,-6.0211363
401,2025-01-27,SZ.ZB_002611,东方精工,专用设备,6.980367,-4.205231
402,2025-01-27,SH.KC_301502,华阳智能,电机,6.9760127,-0.48084316
403,2025-01-27,SH.KC_688787,海天瑞声,互联网服务,6.972447,-7.038368
404,2025-01-27,SZ.ZB_002298,中电兴发,软件开发,6.954025,-2.444734
405,2025-01-27,SH.KC_301251,威尔高,电子元件,6.953308,-2.6696856
406,2025-01-27,SH.KC_301268,铭利达,通用设备,6.953016,-1.7045912
407,2025-01-27,SH.KC_301399,英特科技,通用设备,6.950846,-2.5111318
408,2025-01-27,SZ.ZB_000929,兰州黄河,酿酒行业,6.9418116,-1.5558804
409,2025-01-27,SH.ZB_600579,中化装备,专用设备,6.9413915,-3.7815683
410,2025-01-27,SH.KC_300956,英力股份,消费电子,6.9394274,-2.6743503
411,2025-01-27,SH.ZB_603012,创力集团,专用设备,6.9393916,-2.9194973
412,2025-01-27,SH.ZB_600865,百大集团,商业百货,6.9361553,-3.0989337
413,2025-01-27,SH.KC_300382,斯莱克,专用设备,6.920151,-1.7964367
414,2025-01-27,SH.KC_300464,星徽股份,互联网服务,6.9188013,-1.9163679
415,2025-01-27,SH.KC_688037,芯源微,半导体,6.9173975,-1.9486632
416,2025-01-27,SH.KC_688733,壹石通,非金属材料,6.912059,-2.1392968
417,2025-01-27,SH.KC_301380,挖金客,互联网服务,6.900382,-3.394454
418,2025-01-27,SH.ZB_600847,万里股份,电池,6.8986325,-2.954556
419,2025-01-27,SZ.ZB_000670,盈方微,半导体,6.896129,-1.6512145
420,2025-01-27,SH.KC_300442,润泽科技,互联网服务,6.8933725,-4.9118714
421,2025-01-27,SH.KC_688256,寒武纪-U,半导体,6.889652,-1.9752846
422,2025-01-27,SH.KC_688598,金博股份,光伏设备,6.889385,-2.3051395
423,2025-01-27,SH.ZB_603499,翔港科技,造纸印刷,6.8864675,-4.23952
424,2025-01-27,SH.KC_300710,万隆光电,通信设备,6.880674,-2.251854
425,2025-01-27,SH.KC_688184,帕瓦股份,电池,6.879669,-2.2320647
426,2025-01-27,SH.KC_300359,全通教育,教育,6.871018,-2.7606006
427,2025-01-27,SH.ZB_600679,上海凤凰,交运设备,6.859189,-2.007187
428,2025-01-27,SH.KC_300961,深水海纳,环保行业,6.854901,-2.0418973
429,2025-01-27,SZ.ZB_002086,东方海洋,农牧饲渔,6.8545966,-1.5284946
430,2025-01-27,SH.ZB_603893,瑞芯微,半导体,6.853697,-6.353937
431,2025-01-27,SH.KC_301577,美信科技,电子元件,6.839244,-2.1197248
432,2025-01-27,SH.KC_688022,瀚川智能,专用设备,6.832786,-2.1531713
433,2025-01-27,SH.KC_300808,久量股份,光学光电子,6.8319006,-3.3203716
434,2025-01-27,SH.ZB_600793,宜宾纸业,造纸印刷,6.831023,-2.6205482
435,2025-01-27,SZ.ZB_002355,兴民智通,汽车零部件,6.829944,-2.886088
436,2025-01-27,SH.KC_300708,聚灿光电,光学光电子,6.829582,-3.6531634
437,2025-01-27,SH.ZB_605108,同庆楼,旅游酒店,6.8274393,-2.8020885
438,2025-01-27,SZ.ZB_002520,日发精机,通用设备,6.8246884,-2.6865315
439,2025-01-27,SH.KC_300042,朗科科技,半导体,6.822708,-1.3151262
440,2025-01-27,SH.ZB_603629,利通电子,消费电子,6.8185806,-2.5285037
441,2025-01-27,SH.KC_301456,盘古智能,风电设备,6.8071365,-3.0811958
442,2025-01-27,SH.KC_301230,泓博医药,生物制品,6.804131,-3.6504579
443,2025-01-27,SH.KC_300667,必创科技,仪器仪表,6.80311,-2.0476499
444,2025-01-27,SH.ZB_600973,宝胜股份,电网设备,6.803067,-2.9021893
445,2025-01-27,SZ.ZB_002599,盛通股份,包装材料,6.8010626,-2.8545873
446,2025-01-27,SZ.ZB_000695,滨海能源,造纸印刷,6.799224,-1.8049135
447,2025-01-27,SZ.ZB_002829,星网宇达,通信设备,6.791194,-1.6548368
448,2025-01-27,SZ.ZB_002892,科力尔,电机,6.776725,-3.3045683
449,2025-01-27,SZ.ZB_002899,英派斯,家用轻工,6.774706,-3.3101864
450,2025-01-27,SH.ZB_603110,东方材料,化学制品,6.763813,-3.08931
451,2025-01-27,SZ.ZB_002459,晶澳科技,光伏设备,6.7580566,-2.0780756
452,2025-01-27,SH.KC_300383,光环新网,互联网服务,6.753263,-4.2860045
453,2025-01-27,SH.KC_300103,达刚控股,专用设备,6.749728,-2.6298704
454,2025-01-27,SH.KC_300077,国民技术,半导体,6.7490635,-1.9869947
455,2025-01-27,SH.ZB_600981,汇鸿集团,贸易行业,6.738868,-2.0510495
456,2025-01-27,SH.KC_300917,特发服务,房地产服务,6.738518,-2.6956027
457,2025-01-27,SH.KC_688286,敏芯股份,半导体,6.736022,-4.032544
458,2025-01-27,SH.KC_300663,科蓝软件,软件开发,6.7352457,-2.602381
459,2025-01-27,SZ.ZB_002031,巨轮智能,专用设备,6.7349105,-3.4614973
460,2025-01-27,SZ.ZB_002902,铭普光磁,通信设备,6.7287908,-2.5074656
461,2025-01-27,SH.ZB_603030,全筑股份,装修装饰,6.727248,-2.5180397
462,2025-01-24,SH.KC_300839,博汇股份,石油行业,6.72622,-4.10214
463,2025-01-27,SH.KC_300179,四方达,通用设备,6.7234726,-2.2494607
464,2025-01-27,SZ.ZB_002213,大为股份,半导体,6.7196817,-2.6890974
465,2025-01-27,SH.ZB_600839,四川长虹,家电行业,6.7190914,-2.384114
466,2025-01-27,SH.KC_300783,三只松鼠,食品饮料,6.7157655,-1.9568281
467,2025-01-27,SH.KC_300229,拓尔思,软件开发,6.713794,-2.6847334
468,2025-01-27,SZ.ZB_002629,仁智股份,采掘行业,6.7045135,-5.603403
469,2025-01-27,SH.KC_688031,星环科技-U,软件开发,6.694539,-4.7345695
470,2025-01-27,SH.KC_300615,欣天科技,通信设备,6.694049,-1.6657442
471,2025-01-27,SZ.ZB_000561,烽火电子,通信设备,6.692073,-1.4305075
472,2025-01-27,SH.KC_301558,三态股份,贸易行业,6.684527,-2.6523519
473,2025-01-27,SZ.ZB_002603,以岭药业,中药,6.6807227,-0.9991021
474,2025-01-27,SZ.ZB_002849,威星智能,仪器仪表,6.679453,-1.9967175
475,2025-01-27,SH.ZB_603912,佳力图,专用设备,6.677559,-3.1045704
476,2025-01-27,SH.KC_300449,汉邦高科,计算机设备,6.669052,-2.8993154
477,2025-01-27,SZ.ZB_002115,三维通信,互联网服务,6.66675,-2.7355573
478,2025-01-27,SZ.ZB_001217,华尔泰,化学原料,6.6636353,-1.4299238
479,2025-01-27,SH.ZB_603819,神力股份,电机,6.663321,-1.9956632
480,2025-01-27,SH.KC_301176,逸豪新材,电子元件,6.6613555,-2.1168275
481,2025-01-27,SH.KC_301383,天键股份,电子元件,6.6581683,-4.3039737
482,2025-01-27,SH.KC_300553,集智股份,仪器仪表,6.6579266,-2.929578
483,2025-01-27,SZ.ZB_002277,友阿股份,商业百货,6.657313,-2.1501138
484,2025-01-27,SZ.ZB_000698,沈阳化工,石油行业,6.653529,-2.4640002
485,2025-01-27,SZ.ZB_002272,川润股份,工程机械,6.647751,-1.8033173
486,2025-01-27,SH.KC_300379,东方通,软件开发,6.6447005,-2.7593944
487,2025-01-27,SH.KC_300551,古鳌科技,计算机设备,6.6431837,-1.811201
488,2025-01-27,SH.KC_300266,兴源环境,环保行业,6.642644,-2.4861553
489,2025-01-27,SH.KC_300496,中科创达,互联网服务,6.63622,-4.4266953
490,2025-01-27,SH.KC_688141,杰华特,半导体,6.629117,-3.284453
491,2025-01-27,SH.KC_300427,红相股份,电网设备,6.625667,-2.5567384
492,2025-01-27,SZ.ZB_000710,贝瑞基因,医疗器械,6.615031,-2.4864426
493,2025-01-27,SZ.ZB_002674,兴业科技,纺织服装,6.611273,-3.4611542
494,2025-01-27,SH.KC_300941,创识科技,互联网服务,6.6104293,-3.223658
495,2025-01-27,SH.KC_688172,燕东微,半导体,6.60833,-2.7496367
496,2025-01-27,SZ.ZB_002765,蓝黛科技,光学光电子,6.6081123,-3.375537
497,2025-01-27,SZ.ZB_000785,居然智家,商业百货,6.598385,-2.3219328
498,2025-01-27,SH.ZB_601865,福莱特,光伏设备,6.596376,-2.4723282
499,2025-01-27,SZ.ZB_000042,中洲控股,房地产开发,6.5919476,-3.0728037
500,2025-01-27,SH.KC_688737,中自科技,化学制品,6.585473,-2.3910854
501,2025-01-27,SH.ZB_603950,长源东谷,汽车零部件,6.5853744,-3.4458299
502,2025-01-27,SH.ZB_600180,瑞茂通,物流行业,6.580488,-2.455429
503,2025-01-27,SH.KC_688003,天准科技,通用设备,6.580317,-3.2052922
504,2025-01-27,SH.KC_688721,龙图光罩,半导体,6.5665154,-1.8629521
505,2025-01-27,SZ.ZB_002423,中粮资本,多元金融,6.566101,-3.4029238
506,2025-01-27,SZ.ZB_003021,兆威机电,电机,6.5625353,-3.9367824
507,2025-01-27,SH.KC_300459,汤姆猫,游戏,6.5595956,-3.3853602
508,2025-01-27,SH.KC_301552,科力装备,汽车零部件,6.553385,-2.5002859
509,2025-01-27,SH.ZB_603016,新宏泰,电网设备,6.544204,-2.142887
510,2025-01-27,SH.ZB_600589,大位科技,互联网服务,6.5429807,-1.8759698
511,2025-01-27,SH.KC_300592,华凯易佰,互联网服务,6.530669,-4.122514
512,2025-01-27,SH.ZB_600593,大连圣亚,旅游酒店,6.52775,-1.626987
513,2025-01-27,SH.KC_300177,中海达,计算机设备,6.5275745,-2.3297753
514,2025-01-27,SZ.ZB_003001,中岩大地,工程咨询服务,6.521426,-2.5462508
515,2025-01-27,SH.KC_301141,中科磁业,小金属,6.5203576,-2.7934475
516,2025-01-27,SH.ZB_603988,中电电机,电机,6.5169992,-2.3845422
517,2025-01-27,SH.KC_688097,博众精工,专用设备,6.5149145,-2.9077466
518,2025-01-27,SH.ZB_600744,华银电力,电力行业,6.509295,-2.4451044
519,2025-01-27,SH.KC_300056,中创环保,环保行业,6.508945,-3.1657577
520,2025-01-27,SH.KC_688159,有方科技,通信设备,6.506577,-4.2026014
521,2025-01-27,SZ.ZB_002119,康强电子,半导体,6.502889,-2.3306186
522,2025-01-27,SH.KC_301421,波长光电,光学光电子,6.500721,-2.153663
523,2025-01-27,SH.ZB_603366,日出东方,家电行业,6.49744,-2.329577
524,2025-01-27,SH.KC_688499,利元亨,电池,6.497021,-2.2354674
525,2025-01-27,SH.ZB_600722,金牛化工,化学原料,6.4947753,-3.3184574
526,2025-01-27,SH.KC_300331,苏大维格,光学光电子,6.491117,-1.7412925
527,2025-01-27,SH.KC_300647,超频三,消费电子,6.490293,-1.8407269
528,2025-01-27,SH.KC_300494,盛天网络,游戏,6.483352,-3.5439215
529,2025-01-27,SH.KC_301021,英诺激光,电子元件,6.4821706,-2.9262433
530,2025-01-27,SH.ZB_600151,航天机电,光伏设备,6.479719,-2.0987504
531,2025-01-27,SZ.ZB_002369,卓翼科技,消费电子,6.4765973,-2.1709967
532,2025-01-27,SZ.ZB_001306,夏厦精密,通用设备,6.474577,-4.092762
533,2025-01-27,SH.KC_300050,世纪鼎利,通信服务,6.4696493,-2.4539363
534,2025-01-27,SZ.ZB_003040,楚天龙,通信设备,6.466648,-3.213767
535,2025-01-27,SH.ZB_600769,祥龙电业,工程建设,6.4649715,-2.8647962
536,2025-01-27,SH.ZB_601162,天风证券,证券,6.464247,-2.5290105
537,2025-01-27,SH.KC_300894,火星人,家电行业,6.461957,-2.5574353
538,2025-01-27,SH.KC_300935,盈建科,软件开发,6.461832,-2.8270655
539,2025-01-27,SH.KC_300237,美晨科技,汽车零部件,6.4608293,-1.9267347
540,2025-01-27,SH.KC_688107,安路科技,半导体,6.45131,-2.5319064
541,2025-01-27,SH.KC_301165,锐捷网络,通信设备,6.447941,-2.5015254
542,2025-01-27,SH.KC_300572,安车检测,专业服务,6.446192,-1.3055195
543,2025-01-27,SZ.ZB_000980,众泰汽车,汽车整车,6.444791,-1.6131375
544,2025-01-27,SH.ZB_600844,丹化科技,化学原料,6.439394,-2.5681388
545,2025-01-27,SH.KC_688665,四方光电,仪器仪表,6.4376755,-2.199951
546,2025-01-27,SH.ZB_603536,惠发食品,食品饮料,6.432432,-2.1233883
547,2025-01-27,SZ.ZB_002819,东方中科,仪器仪表,6.4319315,-1.9925677
548,2025-01-27,SH.KC_688535,华海诚科,半导体,6.4253063,-2.4000316
549,2025-01-27,SH.KC_300287,飞利信,互联网服务,6.423354,-2.8790936
550,2025-01-27,SZ.ZB_000599,青岛双星,橡胶制品,6.4233303,-2.2101195
551,2025-01-27,SH.ZB_605186,健麾信息,医疗服务,6.4197154,-3.3218489
552,2025-01-27,SH.KC_300173,福能东方,专用设备,6.417124,-2.375975
553,2025-01-27,SH.KC_300465,高伟达,软件开发,6.4160094,-4.608488
554,2025-01-27,SH.KC_300317,珈伟新能,光伏设备,6.4158187,-2.1640606
555,2025-01-27,SZ.ZB_002319,乐通股份,化学制品,6.413111,-3.9226937
556,2025-01-27,SH.KC_300624,万兴科技,软件开发,6.409539,-4.0019712
557,2025-01-27,SH.KC_688627,精智达,专用设备,6.4001813,-1.752745
558,2025-01-27,SH.KC_300192,科德教育,教育,6.394823,-3.5892684
559,2025-01-27,SH.ZB_600939,重庆建工,工程建设,6.3889,-2.3571956
560,2025-01-27,SZ.ZB_001322,箭牌家居,装修建材,6.388736,-2.4239986
561,2025-01-27,SH.ZB_600206,有研新材,小金属,6.3877835,-1.7901543
562,2025-01-27,SZ.ZB_000692,惠天热电,公用事业,6.384297,-2.4513595
563,2025-01-27,SZ.ZB_002329,皇氏集团,食品饮料,6.383638,-1.559833
564,2025-01-27,SH.ZB_600654,中安科,软件开发,6.3811975,-2.174324
565,2025-01-27,SH.KC_688300,联瑞新材,非金属材料,6.3701706,-1.9442365
566,2025-01-27,SZ.ZB_002312,川发龙蟒,化肥行业,6.3699484,-2.5130415
567,2025-01-27,SZ.ZB_002915,中欣氟材,化学制品,6.3685417,-2.9997497
568,2025-01-27,SH.KC_301069,凯盛新材,化学原料,6.3669147,-2.7465637
569,2025-01-27,SH.KC_301071,力量钻石,非金属材料,6.3631177,-3.4156363
570,2025-01-27,SH.ZB_601226,华电科工,工程机械,6.354241,-2.137124
571,2025-01-27,SH.ZB_603109,神驰机电,通用设备,6.3529387,-2.152921
572,2025-01-27,SZ.ZB_002123,梦网科技,通信服务,6.3505516,-2.6220713
573,2025-01-27,SZ.ZB_002036,联创电子,光学光电子,6.3437657,-2.4488118
574,2025-01-27,SH.ZB_600657,信达地产,房地产开发,6.3396397,-2.7581196
575,2025-01-27,SH.KC_688123,聚辰股份,半导体,6.3349338,-3.975655
576,2025-01-27,SH.KC_688373,盟科药业-U,生物制品,6.3345404,-2.48179
577,2025-01-27,SZ.ZB_002778,中晟高科,石油行业,6.3326716,-2.0687535
578,2025-01-27,SH.KC_301498,乖宝宠物,农牧饲渔,6.332138,-4.8740005
579,2025-01-27,SH.KC_688332,中科蓝讯,半导体,6.3241763,-3.6323116
580,2025-01-27,SH.KC_688103,国力股份,电子元件,6.3217044,-2.5676503
581,2025-01-27,SH.KC_300846,首都在线,互联网服务,6.321372,-3.120863
582,2025-01-27,SH.ZB_600629,华建集团,工程咨询服务,6.3183966,-2.8455977
583,2025-01-27,SH.KC_300220,金运激光,电子元件,6.3137918,-2.0176592
584,2025-01-27,SH.ZB_600371,万向德农,农牧饲渔,6.3118234,-3.5391226
585,2025-01-27,SH.ZB_603809,豪能股份,汽车零部件,6.3099,-4.0868826
586,2025-01-27,SH.KC_301127,天源环保,环保行业,6.3066854,-2.5923133
587,2025-01-27,SH.KC_300593,新雷能,电源设备,6.303391,-1.7331
588,2025-01-27,SH.KC_688227,品高股份,软件开发,6.290905,-4.0391145
589,2025-01-27,SH.KC_301568,思泰克,专用设备,6.2886686,-2.289236
590,2025-01-27,SZ.ZB_002109,兴化股份,化学原料,6.288062,-2.4861984
591,2025-01-27,SZ.ZB_000868,安凯客车,汽车整车,6.275736,-3.185479
592,2025-01-27,SH.ZB_603637,镇海股份,工程建设,6.274426,-3.296833
593,2025-01-27,SH.KC_300859,西域旅游,旅游酒店,6.2736154,-1.9793402
594,2025-01-27,SZ.ZB_002759,天际股份,电池,6.272413,-2.2884119
595,2025-01-27,SH.KC_688110,东芯股份,半导体,6.267558,-2.9323728
596,2025-01-27,SH.ZB_600192,长城电工,电网设备,6.2675056,-2.2854466
597,2025-01-27,SH.ZB_603215,比依股份,家电行业,6.262064,-2.1091747
598,2025-01-27,SH.KC_300461,田中精机,专用设备,6.2520833,-2.408414
599,2025-01-27,SH.KC_300925,法本信息,软件开发,6.2459736,-3.8027413
600,2025-01-27,SH.KC_300554,三超新材,通用设备,6.2395544,-2.0089784
601,2025-01-27,SH.KC_300046,台基股份,半导体,6.2370987,-2.042397
602,2025-01-27,SH.ZB_600080,金花股份,中药,6.2344713,-1.3741065
603,2025-01-27,SH.ZB_605228,神通科技,汽车零部件,6.233336,-2.3414981
604,2025-01-27,SH.KC_300588,熙菱信息,软件开发,6.232071,-2.1198437
605,2025-01-27,SZ.ZB_000962,东方钽业,小金属,6.231423,-2.5908568
606,2025-01-27,SZ.ZB_001269,欧晶科技,光伏设备,6.2227206,-2.1231103
607,2025-01-27,SZ.ZB_000061,农 产 品,贸易行业,6.221995,-1.8603895
608,2025-01-27,SH.KC_300556,丝路视觉,软件开发,6.221555,-3.1644042
609,2025-01-27,SZ.ZB_000545,金浦钛业,化学原料,6.220992,-1.6085213
610,2025-01-27,SZ.ZB_002775,文科股份,工程建设,6.219393,-1.9299343
611,2025-01-27,SH.KC_688167,炬光科技,半导体,6.215477,-2.7238798
612,2025-01-27,SZ.ZB_000815,美利云,造纸印刷,6.202981,-3.0163956
613,2025-01-27,SZ.ZB_002689,远大智能,专用设备,6.2014594,-2.449506
614,2025-01-27,SH.KC_300067,安诺其,化学制品,6.195341,-1.8629923
615,2025-01-27,SH.ZB_600673,东阳光,综合行业,6.195083,-3.5449717
616,2025-01-27,SZ.ZB_002181,粤 传 媒,文化传媒,6.193179,-2.484899
617,2025-01-27,SH.ZB_600545,卓郎智能,专用设备,6.1777086,-3.0978935
618,2025-01-27,SZ.ZB_000903,云内动力,汽车零部件,6.176305,-0.80399346
619,2025-01-27,SH.KC_300280,紫天科技,文化传媒,6.1758547,-2.5116265
620,2025-01-27,SH.KC_300681,英搏尔,汽车零部件,6.173922,-3.3643088
621,2025-01-27,SH.KC_301255,通力科技,通用设备,6.166796,-2.7930405
622,2025-01-27,SH.ZB_603011,合锻智能,专用设备,6.1641617,-2.6862752
623,2025-01-27,SH.KC_300603,立昂技术,通信服务,6.159638,-3.5246625
624,2025-01-27,SH.KC_300904,威力传动,风电设备,6.1593323,-2.1588943
625,2025-01-27,SH.KC_300640,德艺文创,家用轻工,6.1548023,-2.2298684
626,2025-01-27,SH.KC_300484,蓝海华腾,专用设备,6.143215,-2.373629
627,2025-01-27,SZ.ZB_002741,光华科技,电子化学品,6.1369495,-2.221767
628,2025-01-27,SH.ZB_603969,银龙股份,通用设备,6.136942,-2.4385204
629,2025-01-27,SH.KC_688577,浙海德曼,通用设备,6.132078,-4.5435843
630,2025-01-27,SZ.ZB_002348,高乐股份,家用轻工,6.129746,-2.9547772
631,2025-01-27,SZ.ZB_002400,省广集团,文化传媒,6.128535,-2.1797721
632,2025-01-27,SZ.ZB_002638,勤上股份,光学光电子,6.128481,-1.893083
633,2025-01-27,SH.KC_300927,江天化学,化学原料,6.1249943,-3.599784
634,2025-01-27,SH.KC_300302,同有科技,软件开发,6.1219306,-2.229647
635,2025-01-27,SH.ZB_600990,四创电子,通信设备,6.1205163,-2.6977432
636,2025-01-27,SZ.ZB_002427,尤夫股份,化纤行业,6.1191425,-1.9488261
637,2025-01-27,SH.KC_300045,华力创通,计算机设备,6.117311,-1.9642092
638,2025-01-27,SH.KC_688035,德邦科技,电子元件,6.112541,-2.1598554
639,2025-01-27,SH.KC_301302,华如科技,软件开发,6.109174,-2.9837868
640,2025-01-27,SH.KC_688339,亿华通-U,电池,6.1083407,-1.7018169
641,2025-01-27,SH.KC_301357,北方长龙,汽车零部件,6.107673,-1.7264671
642,2025-01-27,SH.KC_300051,琏升科技,光伏设备,6.101878,-2.2109346
643,2025-01-27,SZ.ZB_002923,润都股份,化学制药,6.0932026,-4.2002544
644,2025-01-27,SH.KC_300776,帝尔激光,光伏设备,6.0899363,-2.4416282
645,2025-01-27,SH.KC_688327,云从科技-UW,软件开发,6.0891867,-3.5284414
646,2025-01-27,SH.KC_688038,中科通达,软件开发,6.0856223,-4.3188133
647,2025-01-27,SZ.ZB_003004,声迅股份,计算机设备,6.0822697,-3.7123506
648,2025-01-27,SH.KC_300884,狄耐克,计算机设备,6.077364,-2.4910336
649,2025-01-27,SH.KC_300436,广生堂,化学制药,6.0761185,-2.9424105
650,2025-01-27,SH.KC_300781,因赛集团,文化传媒,6.075299,-4.0386124
651,2025-01-27,SH.KC_300466,赛摩智能,电网设备,6.0746627,-2.2769697
652,2025-01-27,SH.KC_300403,汉宇集团,家电行业,6.072015,-4.362128
653,2025-01-27,SZ.ZB_002177,御银股份,计算机设备,6.0676975,-2.6142762
654,2025-01-27,SZ.ZB_002445,中南文化,通用设备,6.067258,-1.9958949
655,2025-01-27,SZ.ZB_002361,神剑股份,塑料制品,6.0664177,-2.3549528
656,2025-01-27,SH.KC_300040,九洲集团,电网设备,6.0522394,-1.4433514
657,2025-01-27,SZ.ZB_000520,凤凰航运,航运港口,6.0509353,-2.034843
658,2025-01-27,SZ.ZB_000096,广聚能源,石油行业,6.048055,-2.8486946
659,2025-01-27,SH.KC_300530,领湃科技,电池,6.040655,-1.5567789
660,2025-01-27,SH.KC_301392,汇成真空,专用设备,6.0400634,-2.6550195
661,2025-01-27,SZ.ZB_002096,易普力,化学制品,6.0388,-1.5415007
662,2025-01-27,SZ.ZB_002072,凯瑞德,贸易行业,6.0378866,-2.5331187
663,2025-01-27,SH.KC_300620,光库科技,通信设备,6.034188,-2.6657462
664,2025-01-27,SZ.ZB_002414,高德红外,电子元件,6.032878,-1.2156416
665,2025-01-27,SZ.ZB_000635,英 力 特,化学原料,6.0295954,-2.2945666
666,2025-01-27,SH.ZB_600605,汇通能源,房地产服务,6.0270367,-2.8391542
667,2025-01-27,SH.KC_688072,拓荆科技,半导体,6.0233564,-1.9952118
668,2025-01-27,SH.KC_300322,硕贝德,消费电子,6.019874,-2.444734
669,2025-01-27,SH.ZB_600126,杭钢股份,钢铁行业,6.0187845,-3.4440167
670,2025-01-27,SH.ZB_600265,景谷林业,农牧饲渔,6.018609,-2.3584201
671,2025-01-27,SH.KC_300613,富瀚微,半导体,6.015891,-3.2968369
672,2025-01-27,SH.KC_301101,明月镜片,家用轻工,6.0134873,-2.9317365
673,2025-01-27,SH.KC_301007,德迈仕,汽车零部件,6.0122685,-3.436184
674,2025-01-27,SH.KC_301068,大地海洋,环保行业,6.0121746,-2.9212322
675,2025-01-27,SZ.ZB_002426,胜利精密,通用设备,6.011665,-1.3346792
676,2025-01-27,SH.KC_688318,财富趋势,软件开发,6.0095267,-3.0155578
677,2025-01-27,SH.ZB_600520,文一科技,专用设备,6.0078087,-2.9564261
678,2025-01-27,SH.KC_688262,国芯科技,半导体,6.0052247,-2.2975965
679,2025-01-27,SH.ZB_603990,麦迪科技,软件开发,6.0027823,-3.5572686
680,2025-01-27,SZ.ZB_002021,中捷资源,专用设备,5.99661,-2.200936
681,2025-01-27,SH.ZB_603305,旭升集团,汽车零部件,5.9951663,-3.7833745
682,2025-01-27,SZ.ZB_002211,宏达新材,化学制品,5.987422,-2.2341938
683,2025-01-27,SZ.ZB_000988,华工科技,电子元件,5.98661,-2.6880102
684,2025-01-27,SH.KC_300393,中来股份,光伏设备,5.9826417,-2.0623777
685,2025-01-27,SH.KC_300687,赛意信息,互联网服务,5.9807897,-3.4081843
686,2025-01-27,SH.KC_300043,星辉娱乐,游戏,5.980554,-2.6860266
687,2025-01-27,SH.KC_688361,中科飞测,半导体,5.980554,-2.8503423
688,2025-01-27,SH.KC_301168,通灵股份,光伏设备,5.9789376,-2.700243
689,2025-01-27,SH.KC_688299,长阳科技,光学光电子,5.977768,-2.1311243
690,2025-01-27,SZ.ZB_000859,国风新材,塑料制品,5.977742,-2.4648118
691,2025-01-27,SH.ZB_603002,宏昌电子,电子化学品,5.973983,-2.3033624
692,2025-01-27,SH.KC_300713,英可瑞,电源设备,5.9739575,-2.2203755
693,2025-01-27,SH.ZB_603985,恒润股份,风电设备,5.972433,-1.8417444
694,2025-01-27,SH.ZB_603038,华立股份,装修装饰,5.9661283,-2.4228432
695,2025-01-27,SH.KC_688608,恒玄科技,半导体,5.958785,-4.4527035
696,2025-01-27,SZ.ZB_002353,杰瑞股份,专用设备,5.95697,-3.262814
697,2025-01-27,SH.KC_688533,上声电子,汽车零部件,5.9532866,-2.3270874
698,2025-01-27,SZ.ZB_000802,北京文化,文化传媒,5.9472365,-1.9808894
699,2025-01-27,SH.KC_300130,新国都,计算机设备,5.946666,-2.6492162
700,2025-01-27,SH.ZB_600410,华胜天成,互联网服务,5.940634,-5.229325
701,2025-01-27,SZ.ZB_002025,航天电器,电子元件,5.930592,-1.9681334
702,2025-01-27,SH.KC_300370,安控科技,仪器仪表,5.929437,-1.5992213
703,2025-01-27,SH.ZB_605337,李子园,食品饮料,5.927816,-2.2497947
704,2025-01-27,SH.KC_688676,金盘科技,电网设备,5.9244485,-2.7994747
705,2025-01-27,SH.KC_300438,鹏辉能源,电池,5.919072,-1.7601281
706,2025-01-27,SZ.ZB_000721,西安饮食,旅游酒店,5.913788,-1.8164526
707,2025-01-27,SZ.ZB_002012,凯恩股份,造纸印刷,5.9117737,-2.8258243
708,2025-01-27,SH.KC_300933,中辰股份,电网设备,5.9094205,-2.6332593
709,2025-01-27,SH.KC_301191,菲菱科思,通信设备,5.900176,-2.4160652
710,2025-01-27,SZ.ZB_002769,普路通,物流行业,5.8997407,-2.2131953
711,2025-01-27,SH.ZB_603863,松炀资源,造纸印刷,5.8970957,-2.0829349
712,2025-01-27,SH.KC_300490,华自科技,电网设备,5.895236,-1.9862033
713,2025-01-27,SH.KC_300746,汉嘉设计,工程咨询服务,5.891368,-2.2773569
714,2025-01-27,SH.KC_300571,平治信息,通信服务,5.8838515,-3.1380274
715,2025-01-27,SH.KC_301004,嘉益股份,家用轻工,5.8808103,-3.19914
716,2025-01-27,SH.KC_688153,唯捷创芯,半导体,5.8741584,-2.5282166
717,2025-01-27,SH.KC_300197,节能铁汉,环保行业,5.873324,-2.02105
718,2025-01-27,SH.KC_688392,骄成超声,专用设备,5.867688,-2.257886
719,2025-01-27,SH.KC_688066,航天宏图,航天航空,5.8652134,-1.1603808
720,2025-01-27,SZ.ZB_002383,合众思壮,计算机设备,5.8638887,-1.7645285
721,2025-01-27,SH.KC_301329,信音电子,电子元件,5.8631926,-2.54233
722,2025-01-27,SH.KC_301036,双乐股份,化学制品,5.861187,-3.1845217
723,2025-01-27,SH.ZB_603236,移远通信,通信设备,5.848855,-4.6833
724,2025-01-27,SH.ZB_600159,大龙地产,房地产开发,5.8461723,-2.3492432
725,2025-01-27,SZ.ZB_002551,尚荣医疗,医疗器械,5.845483,-2.4817946
726,2025-01-27,SH.KC_300429,强力新材,电子化学品,5.8420734,-1.6215509
727,2025-01-27,SH.KC_300339,润和软件,软件开发,5.838744,-2.8647487
728,2025-01-27,SH.KC_300921,南凌科技,通信服务,5.838409,-3.9654064
729,2025-01-27,SH.KC_688693,锴威特,半导体,5.8372035,-1.8285418
730,2025-01-27,SZ.ZB_000430,张家界,旅游酒店,5.835827,-2.3907247
731,2025-01-27,SH.KC_300410,正业科技,专用设备,5.8330445,-1.6392531
732,2025-01-27,SH.ZB_600620,天宸股份,综合行业,5.832091,-2.2234347
733,2025-01-27,SH.KC_688322,奥比中光-UW,电子元件,5.8315697,-4.5783052
734,2025-01-27,SH.KC_688525,佰维存储,半导体,5.831218,-2.9958167
735,2025-01-27,SZ.ZB_002620,瑞和股份,装修装饰,5.8303432,-1.774591
736,2025-01-27,SH.KC_300563,神宇股份,通信设备,5.8273077,-2.5551221
737,2025-01-27,SZ.ZB_000880,潍柴重机,通用设备,5.8271675,-4.2247095
738,2025-01-27,SZ.ZB_002547,春兴精工,汽车零部件,5.8264956,-1.8347508
739,2025-01-27,SH.ZB_600622,光大嘉宝,房地产开发,5.822861,-2.7196047
740,2025-01-27,SZ.ZB_002645,华宏科技,环保行业,5.821754,-2.5642798
741,2025-01-27,SH.KC_301208,中亦科技,软件开发,5.819616,-3.5305552
742,2025-01-27,SH.KC_300451,创业慧康,软件开发,5.818921,-1.7358164
743,2025-01-27,SH.KC_301217,铜冠铜箔,电子元件,5.818811,-2.1945765
744,2025-01-27,SH.ZB_600506,统一股份,石油行业,5.8188095,-2.872011
745,2025-01-27,SH.KC_300657,弘信电子,电子元件,5.817579,-2.9396434
746,2025-01-27,SH.ZB_601010,文峰股份,商业百货,5.8174686,-2.3044367
747,2025-01-27,SH.KC_300458,全志科技,半导体,5.8157115,-4.9172187
748,2025-01-27,SH.KC_300822,贝仕达克,消费电子,5.809942,-4.0028877
749,2025-01-27,SH.KC_300968,格林精密,消费电子,5.8065834,-2.8467464
750,2025-01-27,SZ.ZB_002420,毅昌科技,家电行业,5.8031783,-4.415234
751,2025-01-27,SH.KC_688275,万润新能,电池,5.797182,-1.8807056
752,2025-01-27,SH.KC_300807,天迈科技,计算机设备,5.794276,-1.8860708
753,2025-01-27,SH.KC_300671,富满微,半导体,5.788489,-1.8245826
754,2025-01-27,SH.KC_300709,精研科技,消费电子,5.7869687,-3.1906922
755,2025-01-27,SH.KC_688071,华依科技,汽车零部件,5.784649,-4.0616894
756,2025-01-27,SH.KC_688183,生益电子,电子元件,5.7838707,-2.3032198
757,2025-01-27,SH.KC_300252,金信诺,通信设备,5.778125,-3.282345
758,2025-01-27,SH.KC_688303,大全能源,光伏设备,5.777201,-2.0455303
759,2025-01-27,SH.KC_300017,网宿科技,互联网服务,5.7734027,-4.558729
760,2025-01-27,SZ.ZB_002323,雅博股份,装修建材,5.77147,-2.4669428
761,2025-01-27,SZ.ZB_000590,启迪药业,中药,5.7694855,-2.6736865
762,2025-01-27,SH.KC_300374,中铁装配,装修装饰,5.7691364,-2.4808264
763,2025-01-27,SH.KC_300952,恒辉安防,纺织服装,5.7688847,-3.4243975
764,2025-01-27,SH.KC_300786,国林科技,环保行业,5.767496,-2.4831367
765,2025-01-27,SH.KC_300997,欢乐家,食品饮料,5.764434,-2.086273
766,2025-01-27,SH.KC_300892,品渥食品,食品饮料,5.7549267,-2.0329266
767,2025-01-27,SZ.ZB_002006,精工科技,专用设备,5.753659,-1.977564
768,2025-01-27,SH.KC_300328,宜安科技,小金属,5.7535024,-2.6463253
769,2025-01-27,SZ.ZB_002767,先锋电子,仪器仪表,5.7508545,-1.5479072
770,2025-01-27,SH.ZB_603386,骏亚科技,电子元件,5.7484717,-2.1008484
771,2025-01-27,SZ.ZB_002295,精艺股份,有色金属,5.7421503,-3.331701
772,2025-01-27,SH.ZB_600212,绿能慧充,电力行业,5.739826,-2.024045
773,2025-01-27,SH.KC_300900,广联航空,航天航空,5.7378635,-1.5204501
774,2025-01-27,SH.KC_300053,航宇微,半导体,5.737644,-2.0822234
775,2025-01-27,SH.KC_300352,北信源,软件开发,5.734062,-2.9089785
776,2025-01-27,SZ.ZB_000813,德展健康,化学制药,5.732745,-2.3190625
777,2025-01-27,SH.KC_300718,长盛轴承,工程机械,5.732143,-8.483108
778,2025-01-27,SH.KC_688218,江苏北人,专用设备,5.7306395,-3.522663
779,2025-01-27,SZ.ZB_000421,南京公用,燃气,5.7246475,-2.0345044
780,2025-01-27,SH.KC_300081,恒信东方,通信服务,5.7224555,-2.6418104
781,2025-01-27,SH.KC_300795,米奥会展,文化传媒,5.720949,-3.0831017
782,2025-01-27,SH.KC_300751,迈为股份,光伏设备,5.719577,-1.6060697
783,2025-01-27,SH.KC_688047,龙芯中科,半导体,5.7187333,-2.0611749
784,2025-01-27,SH.ZB_600702,舍得酒业,酿酒行业,5.716948,-1.5262955
785,2025-01-27,SH.KC_300024,机器人,通用设备,5.716565,-2.4727619
786,2025-01-27,SH.ZB_603636,南威软件,互联网服务,5.715756,-2.395284
787,2025-01-27,SH.KC_688277,天智航-U,医疗器械,5.71,-3.4907274
788,2025-01-27,SZ.ZB_002865,钧达股份,光伏设备,5.7086244,-3.2331486
789,2025-01-27,SH.ZB_600732,爱旭股份,光伏设备,5.7019606,-2.3598487
790,2025-01-27,SZ.ZB_000553,安道麦A,农药兽药,5.7016344,-1.7241325
791,2025-01-27,SZ.ZB_002347,泰尔股份,通用设备,5.7009892,-3.095768
792,2025-01-27,SH.KC_688343,云天励飞-U,软件开发,5.6997538,-4.3878937
793,2025-01-27,SH.ZB_603033,三维股份,橡胶制品,5.69503,-2.841232
794,2025-01-27,SH.KC_300113,顺网科技,游戏,5.694282,-3.9949796
795,2025-01-27,SH.ZB_600807,济高发展,医疗器械,5.6865635,-1.8911288
796,2025-01-27,SH.KC_300033,同花顺,软件开发,5.682413,-3.6043487
797,2025-01-27,SZ.ZB_000757,浩物股份,汽车服务,5.676344,-2.6991446
798,2025-01-27,SH.ZB_601933,永辉超市,商业百货,5.673321,-2.7021682
799,2025-01-27,SZ.ZB_003016,欣贺股份,纺织服装,5.670087,-1.3610559
800,2025-01-27,SH.ZB_603808,歌力思,纺织服装,5.6692123,-1.4732565
801,2025-01-27,SH.ZB_600869,远东股份,电网设备,5.6665196,-2.7818718
802,2025-01-27,SH.KC_300991,创益通,电子元件,5.666466,-3.215992
803,2025-01-27,SH.KC_301439,泓淋电力,电网设备,5.665693,-3.8961167
804,2025-01-27,SH.KC_300518,新迅达,互联网服务,5.662906,-2.4087803
805,2025-01-27,SZ.ZB_002678,珠江钢琴,家用轻工,5.660689,-2.3810055
806,2025-01-27,SZ.ZB_002041,登海种业,农牧饲渔,5.658293,-2.5215416
807,2025-01-27,SH.KC_300293,蓝英装备,专用设备,5.6579323,-2.0310025
808,2025-01-27,SH.ZB_603316,诚邦股份,工程建设,5.6571336,-2.204625
809,2025-01-27,SH.ZB_603496,恒为科技,互联网服务,5.654392,-2.3316355
810,2025-01-27,SZ.ZB_002596,海南瑞泽,水泥建材,5.647139,-2.8893483
811,2025-01-27,SH.ZB_600419,天润乳业,食品饮料,5.644092,-2.1144245
812,2025-01-27,SH.KC_688778,厦钨新能,电池,5.644083,-2.5405588
813,2025-01-27,SH.KC_301062,上海艾录,包装材料,5.6436195,-1.4341487
814,2025-01-27,SH.KC_688114,华大智造,医疗器械,5.6408896,-1.8186082
815,2025-01-27,SH.ZB_600843,上工申贝,专用设备,5.6382627,-1.5767611
816,2025-01-27,SH.KC_300232,洲明科技,光学光电子,5.632168,-3.1720698
817,2025-01-27,SH.KC_301120,新特电气,电网设备,5.6314826,-1.8466423
818,2025-01-27,SH.KC_688261,东微半导,半导体,5.628292,-2.1527064
819,2025-01-27,SH.ZB_600105,永鼎股份,通信设备,5.6282563,-2.608452
820,2025-01-27,SH.ZB_600163,中闽能源,电力行业,5.627896,-2.6608732
821,2025-01-27,SZ.ZB_000901,航天科技,汽车零部件,5.627546,-2.2704937
822,2025-01-27,SH.ZB_600203,福日电子,消费电子,5.624382,-1.8966364
823,2025-01-27,SZ.ZB_002991,甘源食品,食品饮料,5.620465,-2.3036747
824,2025-01-27,SZ.ZB_000820,神雾节能,环保行业,5.618869,0.7297553
825,2025-01-27,SH.KC_688776,国光电气,电子元件,5.6113405,-3.0406828
826,2025-01-27,SH.KC_300260,新莱应材,通用设备,5.6108594,-1.8273361
827,2025-01-27,SH.ZB_605303,园林股份,工程建设,5.6066647,-2.8442907
828,2025-01-27,SZ.ZB_002660,茂硕电源,消费电子,5.597189,-3.0862029
829,2025-01-27,SZ.ZB_002149,西部材料,小金属,5.59486,-2.288109
830,2025-01-27,SZ.ZB_002094,青岛金王,美容护理,5.5894523,-2.316316
831,2025-01-27,SH.KC_688297,中无人机,航天航空,5.588652,-2.0543606
832,2025-01-27,SH.KC_688270,臻镭科技,半导体,5.586439,-2.6148818
833,2025-01-27,SH.ZB_603920,世运电路,电子元件,5.5854707,-2.6685517
834,2025-01-27,SH.ZB_603063,禾望电气,风电设备,5.582979,-5.404334
835,2025-01-27,SH.KC_300405,科隆股份,化学制品,5.580382,-2.426669
836,2025-01-27,SH.KC_300134,大富科技,通信设备,5.579236,-2.2434947
837,2025-01-27,SH.KC_300735,光弘科技,消费电子,5.574487,-2.3598833
838,2025-01-27,SH.KC_300918,南山智尚,纺织服装,5.5723577,-3.0952892
839,2025-01-27,SH.KC_688603,天承科技,电子化学品,5.5693984,-1.775186
840,2025-01-27,SZ.ZB_002965,祥鑫科技,通用设备,5.5690885,-5.275219
841,2025-01-27,SH.KC_300072,海新能科,化学制品,5.568266,-1.4659898
842,2025-01-27,SH.KC_301429,森泰股份,装修建材,5.5644674,-3.8117938
843,2025-01-27,SH.KC_300715,凯伦股份,装修建材,5.562216,-4.103949
844,2025-01-27,SH.KC_301312,智立方,专用设备,5.5610895,-2.5308137
845,2025-01-27,SH.KC_688379,华光新材,通用设备,5.558598,-2.0305772
846,2025-01-27,SH.ZB_603813,原尚股份,物流行业,5.556725,0.08100215
847,2025-01-27,SH.KC_300522,世名科技,化学制品,5.555573,-2.989182
848,2025-01-27,SH.KC_688193,仁度生物,生物制品,5.5545883,-2.1158323
849,2025-01-27,SH.KC_300504,天邑股份,通信设备,5.5535736,-1.8309537
850,2025-01-27,SH.KC_301259,艾布鲁,环保行业,5.5528045,-2.648514
851,2025-01-27,SZ.ZB_002842,翔鹭钨业,小金属,5.548477,-2.259065
852,2025-01-27,SH.ZB_600706,曲江文旅,旅游酒店,5.5462437,-1.7722514
853,2025-01-27,SZ.ZB_000063,中兴通讯,通信设备,5.544929,-2.9855354
854,2025-01-27,SZ.ZB_002847,盐津铺子,食品饮料,5.54442,-1.4262202
855,2025-01-27,SZ.ZB_002992,宝明科技,光学光电子,5.5386066,-2.2487295
856,2025-01-27,SH.KC_301187,欧圣电气,家电行业,5.5360227,-3.1032438
857,2025-01-27,SH.KC_300598,诚迈科技,软件开发,5.532773,-2.4624078
858,2025-01-27,SH.KC_301226,祥明智能,电机,5.5304213,-2.6621792
859,2025-01-27,SZ.ZB_002681,奋达科技,消费电子,5.5285635,-2.930067
860,2025-01-27,SH.KC_300811,铂科新材,小金属,5.526777,-2.503622
861,2025-01-27,SZ.ZB_000530,冰山冷热,通用设备,5.5236235,-3.0655603
862,2025-01-27,SH.ZB_601727,上海电气,电源设备,5.523032,-3.149597
863,2025-01-27,SZ.ZB_002897,意华股份,光伏设备,5.5206566,-2.6760907
864,2025-01-27,SH.KC_300619,金银河,电池,5.5162177,-1.9266477
865,2025-01-27,SH.KC_300936,中英科技,电子元件,5.5142984,-2.2797878
866,2025-01-27,SH.KC_688148,芳源股份,电池,5.5141597,-2.117813
867,2025-01-27,SH.ZB_600113,浙江东日,综合行业,5.514157,-3.094718
868,2025-01-27,SH.ZB_600936,广西广电,文化传媒,5.513006,-4.6057215
869,2025-01-27,SH.KC_300606,金太阳,通用设备,5.5119886,-1.8586421
870,2025-01-27,SH.KC_688113,联测科技,专用设备,5.508652,-2.535109
871,2025-01-27,SH.KC_300432,富临精工,汽车零部件,5.5069194,-3.0423758
872,2025-01-27,SH.KC_300662,科锐国际,专业服务,5.504927,-2.0101774
873,2025-01-27,SH.KC_688117,圣诺生物,化学制药,5.5034237,-2.3148336
874,2025-01-27,SH.KC_688132,邦彦技术,通信设备,5.501872,-3.4291987
875,2025-01-27,SH.ZB_600986,浙文互联,文化传媒,5.50137,-3.7633955
876,2025-01-27,SH.KC_300095,华伍股份,通用设备,5.4978757,-2.0054412
877,2025-01-27,SH.KC_300876,蒙泰高新,化纤行业,5.496201,-2.1622236
878,2025-01-27,SH.KC_688175,高凌信息,通信设备,5.4944263,-2.3029187
879,2025-01-27,SZ.ZB_002634,棒杰股份,纺织服装,5.4923906,-2.4318988
880,2025-01-27,SZ.ZB_002682,龙洲股份,物流行业,5.487491,-2.208412
881,2025-01-27,SH.KC_300061,旗天科技,文化传媒,5.4851875,-2.2456307
882,2025-01-27,SH.KC_300980,祥源新材,塑料制品,5.4837866,-5.093345
883,2025-01-27,SH.KC_300852,四会富仕,电子元件,5.4822264,-2.9067385
884,2025-01-27,SZ.ZB_003033,征和工业,汽车零部件,5.480088,-4.6174884
885,2025-01-27,SH.KC_301095,广立微,半导体,5.4790897,-1.7438972
886,2025-01-27,SZ.ZB_002943,宇晶股份,通用设备,5.4708285,-1.9491652
887,2025-01-27,SZ.ZB_002261,拓维信息,软件开发,5.468726,-2.2711563
888,2025-01-27,SH.ZB_603667,五洲新春,通用设备,5.462751,-6.9417343
889,2025-01-27,SH.KC_300380,安硕信息,软件开发,5.4608464,-2.6842701
890,2025-01-27,SH.KC_300145,中金环境,通用设备,5.459547,-2.0729308
891,2025-01-27,SH.KC_688077,大地熊,小金属,5.4594917,-2.3175135
892,2025-01-27,SZ.ZB_002374,中锐股份,包装材料,5.457515,-1.6707056
893,2025-01-27,SZ.ZB_002130,沃尔核材,非金属材料,5.454487,-3.0923107
894,2025-01-27,SH.KC_300590,移为通信,通信设备,5.450408,-3.1479049
895,2025-01-27,SH.KC_688726,拉普拉斯,光伏设备,5.44973,-2.1877098
896,2025-01-27,SH.KC_300629,新劲刚,通信设备,5.4463506,-2.386162
897,2025-01-27,SH.KC_688680,海优新材,光伏设备,5.4447756,-2.1516552
898,2025-01-27,SH.ZB_603320,迪贝电气,电机,5.4443984,-2.1381364
899,2025-01-27,SH.ZB_605218,伟时电子,光学光电子,5.443162,-2.6879506
900,2025-01-27,SH.KC_300987,川网传媒,文化传媒,5.4427547,-4.8273015
901,2025-01-27,SZ.ZB_002719,麦趣尔,食品饮料,5.438398,-1.9176583
902,2025-01-27,SH.ZB_600712,南宁百货,商业百货,5.4383903,-1.385474
903,2025-01-27,SH.KC_301306,西测测试,专业服务,5.4327445,-2.0347168
904,2025-01-27,SZ.ZB_002269,美邦服饰,纺织服装,5.4294124,-1.725078
905,2025-01-27,SZ.ZB_001313,粤海饲料,农牧饲渔,5.4275556,-2.1847732
906,2025-01-27,SZ.ZB_000592,平潭发展,农牧饲渔,5.423628,-2.4503984
907,2025-01-27,SZ.ZB_000797,中国武夷,房地产开发,5.4198623,-2.4218214
908,2025-01-27,SH.KC_301516,中远通,电源设备,5.4190545,-1.6192749
909,2025-01-27,SZ.ZB_002628,成都路桥,工程建设,5.4170446,-1.9865863
910,2025-01-27,SH.ZB_603226,菲林格尔,装修建材,5.4149685,-4.164504
911,2025-01-27,SZ.ZB_002536,飞龙股份,汽车零部件,5.4119334,-3.209532
912,2025-01-27,SZ.ZB_002857,三晖电气,电网设备,5.405144,-1.6503439
913,2025-01-27,SH.KC_300418,昆仑万维,互联网服务,5.4037867,-2.574119
914,2025-01-27,SH.KC_300779,惠城环保,环保行业,5.3977294,-2.6585994
915,2025-01-27,SZ.ZB_003037,三和管桩,水泥建材,5.397585,-1.3229995
916,2025-01-27,SZ.ZB_000066,中国长城,计算机设备,5.39754,-2.1286497
917,2025-01-27,SH.ZB_603059,倍加洁,美容护理,5.397369,-1.8545873
918,2025-01-27,SZ.ZB_002670,国盛金控,证券,5.3963842,-3.1446192
919,2025-01-27,SZ.ZB_002713,东易日盛,装修装饰,5.396019,-1.1649429
920,2025-01-27,SZ.ZB_000977,浪潮信息,计算机设备,5.3926125,-3.610922
921,2025-01-27,SZ.ZB_002702,海欣食品,食品饮料,5.3911867,-1.8015249
922,2025-01-27,SH.KC_300348,长亮科技,软件开发,5.385217,-2.4230106
923,2025-01-27,SZ.ZB_000663,永安林业,装修建材,5.3849907,-2.5119715
924,2025-01-27,SH.ZB_600733,北汽蓝谷,汽车整车,5.382158,-2.362357
925,2025-01-27,SH.KC_300169,天晟新材,化学制品,5.3807216,-2.0784929
926,2025-01-27,SZ.ZB_002131,利欧股份,互联网服务,5.380073,-3.6576946
927,2025-01-27,SZ.ZB_002527,新时达,专用设备,5.379489,-3.3162844
928,2025-01-27,SH.KC_301180,万祥科技,消费电子,5.3793654,-2.5899448
929,2025-01-27,SH.ZB_605289,罗曼股份,装修装饰,5.378908,-2.2941294
930,2025-01-27,SH.KC_300998,宁波方正,汽车零部件,5.377677,-2.3193712
931,2025-01-27,SH.KC_300091,金通灵,通用设备,5.37678,-1.0046383
932,2025-01-27,SH.ZB_600696,岩石股份,酿酒行业,5.3756104,0.22203773
933,2025-01-27,SH.KC_688410,山外山,医疗器械,5.3741083,-2.1444476
934,2025-01-27,SH.KC_688147,微导纳米,光伏设备,5.372196,-2.3770998
935,2025-01-27,SH.ZB_600727,鲁北化工,化学原料,5.371107,-2.416848
936,2025-01-27,SH.KC_688661,和林微纳,半导体,5.369349,-4.8588333
937,2025-01-27,SH.ZB_600503,华丽家族,房地产开发,5.369185,-2.2196152
938,2025-01-27,SH.KC_301266,宇邦新材,光伏设备,5.366871,-2.0880077
939,2025-01-27,SH.KC_300707,威唐工业,汽车零部件,5.36499,-2.4591806
940,2025-01-27,SH.KC_300058,蓝色光标,文化传媒,5.364573,-3.4804199
941,2025-01-27,SH.KC_300757,罗博特科,专用设备,5.3622203,-2.8894105
942,2025-01-27,SH.KC_301270,汉仪股份,互联网服务,5.358264,-2.6626973
943,2025-01-27,SH.ZB_600218,全柴动力,汽车零部件,5.352533,-2.1611035
944,2025-01-27,SH.ZB_603868,飞科电器,家电行业,5.351347,-1.1506248
945,2025-01-27,SH.KC_301066,万事利,纺织服装,5.351126,-3.1009703
946,2025-01-27,SH.ZB_603278,大业股份,通用设备,5.3477435,-4.7714696
947,2025-01-27,SH.ZB_601011,宝泰隆,煤炭行业,5.346611,-2.148149
948,2025-01-27,SH.ZB_600129,太极集团,中药,5.3459034,-0.8920411
949,2025-01-27,SH.KC_300468,四方精创,软件开发,5.344562,-2.6468754
950,2025-01-27,SH.ZB_605305,中际联合,风电设备,5.3377824,-2.5634382
951,2025-01-27,SZ.ZB_000712,锦龙股份,证券,5.3293004,-2.1870253
952,2025-01-27,SZ.ZB_002439,启明星辰,软件开发,5.3282247,-2.51315
953,2025-01-27,SZ.ZB_002428,云南锗业,小金属,5.32648,-2.1211398
954,2025-01-27,SH.ZB_605058,澳弘电子,电子元件,5.32352,-3.606277
955,2025-01-27,SH.ZB_600530,交大昂立,食品饮料,5.319038,-2.6953464
956,2025-01-27,SH.KC_301121,紫建电子,电池,5.3174553,-2.4176626
957,2025-01-27,SH.KC_300780,德恩精工,通用设备,5.316068,-2.122047
958,2025-01-27,SH.ZB_603518,锦泓集团,纺织服装,5.3155646,-2.5629811
959,2025-01-27,SZ.ZB_000567,海德股份,多元金融,5.313297,-1.6462852
960,2025-01-27,SH.KC_688048,长光华芯,半导体,5.313133,-4.3181124
961,2025-01-27,SH.KC_300270,中威电子,计算机设备,5.309677,-2.4012017
962,2025-01-27,SZ.ZB_002491,通鼎互联,通信设备,5.306633,-2.6456332
963,2025-01-27,SH.ZB_603272,联翔股份,装修装饰,5.3064165,-4.4926534
964,2025-01-27,SH.KC_688348,昱能科技,光伏设备,5.3028765,-2.546904
965,2025-01-27,SH.KC_688660,电气风电,风电设备,5.2984877,-3.2669573
966,2025-01-27,SH.KC_688281,华秦科技,非金属材料,5.2937894,-1.6405661
967,2025-01-27,SZ.ZB_002806,华锋股份,汽车零部件,5.2900715,-2.2760174
968,2025-01-27,SH.KC_301628,强达电路,电子元件,5.289082,-5.688214
969,2025-01-27,SH.KC_300762,上海瀚讯,通信设备,5.2887735,-2.5017722
970,2025-01-27,SH.ZB_600638,新黄浦,房地产开发,5.2868648,-2.4489636
971,2025-01-27,SH.ZB_603197,保隆科技,汽车零部件,5.2858086,-2.1105907
972,2025-01-27,SZ.ZB_002196,方正电机,电机,5.279076,-2.6855512
973,2025-01-27,SZ.ZB_002805,丰元股份,电池,5.2756457,-1.6918268
974,2025-01-27,SZ.ZB_002855,捷荣技术,消费电子,5.2707405,-1.9082457
975,2025-01-27,SH.ZB_603117,万林物流,物流行业,5.268641,-1.9785775
976,2025-01-27,SH.ZB_603776,永安行,专业服务,5.265343,-2.2374923
977,2025-01-27,SH.KC_300365,恒华科技,软件开发,5.26298,-2.0694559
978,2025-01-27,SH.KC_300261,雅本化学,农药兽药,5.261895,-1.6161118
979,2025-01-27,SH.KC_688173,希荻微,半导体,5.258085,-1.9717839
980,2025-01-27,SZ.ZB_000938,紫光股份,互联网服务,5.2540884,-3.0661442
981,2025-01-27,SH.ZB_600584,长电科技,半导体,5.253939,-2.140479
982,2025-01-27,SZ.ZB_002812,恩捷股份,电池,5.2533627,-1.5939437
983,2025-01-27,SH.KC_688529,豪森智能,专用设备,5.2523656,-3.2403827
984,2025-01-27,SH.ZB_600193,创兴资源,装修装饰,5.2508607,-0.18349904
985,2025-01-27,SH.ZB_600968,海油发展,采掘行业,5.244744,-2.313285
986,2025-01-27,SZ.ZB_000679,大连友谊,商业百货,5.2436786,-2.9641206
987,2025-01-27,SH.KC_688798,艾为电子,半导体,5.2427826,-3.0486026
988,2025-01-27,SH.KC_300118,东方日升,光伏设备,5.241844,-2.1283853
989,2025-01-27,SZ.ZB_002576,通达动力,电机,5.239932,-2.2944014
990,2025-01-27,SZ.ZB_000586,汇源通信,通信设备,5.2378697,-3.3904128
991,2025-01-27,SZ.ZB_000510,新金路,化学原料,5.2368584,-2.0530567
992,2025-01-27,SH.KC_300580,贝斯特,汽车零部件,5.236359,-4.0383587
993,2025-01-27,SH.KC_688701,卓锦股份,环保行业,5.2363367,-3.6735172
994,2025-01-27,SH.KC_300114,中航电测,航天航空,5.2348213,-2.03555
995,2025-01-27,SH.ZB_600580,卧龙电驱,电机,5.233389,-3.399243
996,2025-01-27,SH.KC_688609,九联科技,通信设备,5.232926,-2.2514806
997,2025-01-27,SH.ZB_600288,大恒科技,电子元件,5.225033,-2.2567196
998,2025-01-27,SH.ZB_603330,天洋新材,光伏设备,5.223939,-2.3621674
999,2025-01-27,SH.ZB_603898,好莱客,装修建材,5.221656,-2.5211346
1000,2025-01-27,SH.KC_301566,达利凯普,电子元件,5.221458,-1.2120055
1001,2025-01-27,SH.KC_301419,阿莱德,通信设备,5.2187233,-2.8753247
1002,2025-01-27,SH.KC_300491,通合科技,电源设备,5.217147,-3.1379733
1003,2025-01-27,SH.KC_300112,万讯自控,仪器仪表,5.2162247,-2.0097618
1004,2025-01-27,SH.KC_300385,雪浪环境,环保行业,5.216041,-2.5766637
1005,2025-01-27,SZ.ZB_000799,酒鬼酒,酿酒行业,5.21265,-1.5004491
1006,2025-01-27,SH.ZB_603083,剑桥科技,通信设备,5.209683,-2.538667
1007,2025-01-27,SH.KC_300497,富祥药业,化学制药,5.2076025,-2.0533178
1008,2025-01-27,SZ.ZB_002747,埃斯顿,通用设备,5.2067595,-2.1726198
1009,2025-01-27,SZ.ZB_002285,世联行,房地产服务,5.204682,-2.125264
1010,2025-01-27,SH.ZB_603955,大千生态,工程建设,5.201684,-2.8311377
1011,2025-01-27,SH.KC_688032,禾迈股份,光伏设备,5.200954,-2.1588976
1012,2025-01-27,SH.KC_301489,思泉新材,消费电子,5.199389,-2.2440553
1013,2025-01-27,SH.ZB_600658,电子城,房地产服务,5.1973763,-2.0344145
1014,2025-01-27,SZ.ZB_000631,顺发恒业,房地产开发,5.195582,-2.1938195
1015,2025-01-27,SH.KC_688237,超卓航科,航天航空,5.192651,-1.9927919
1016,2025-01-27,SH.KC_300305,裕兴股份,光伏设备,5.1871924,-2.7273068
1017,2025-01-27,SH.KC_301517,陕西华达,电子元件,5.1862507,-2.2648454
1018,2025-01-27,SH.ZB_603662,柯力传感,仪器仪表,5.1860647,-4.2695484
1019,2025-01-27,SZ.ZB_003011,海象新材,塑料制品,5.185841,-2.6582024
1020,2025-01-27,SH.ZB_600882,妙可蓝多,食品饮料,5.176802,-2.480391
1021,2025-01-27,SZ.ZB_002663,普邦股份,工程建设,5.1713495,-1.8375725
1022,2025-01-27,SH.KC_300818,耐普矿机,专用设备,5.169687,-1.8897716
1023,2025-01-27,SH.KC_300025,华星创业,通信服务,5.169584,-1.74243
1024,2025-01-27,SZ.ZB_002396,星网锐捷,通信设备,5.166465,-2.7223775
1025,2025-01-27,SZ.ZB_001283,豪鹏科技,电池,5.166194,-2.7439222
1026,2025-01-27,SH.KC_688613,奥精医疗,医疗器械,5.162911,-1.921955
1027,2025-01-27,SH.KC_301608,博实结,计算机设备,5.161378,-2.575757
1028,2025-01-27,SH.ZB_603358,华达科技,汽车零部件,5.1606836,-2.2985487
1029,2025-01-27,SH.ZB_600609,金杯汽车,汽车零部件,5.1605062,-2.429412
1030,2025-01-27,SH.KC_688584,上海合晶,半导体,5.159864,-1.6403288
1031,2025-01-27,SH.KC_301159,三维天地,软件开发,5.158907,-2.544185
1032,2025-01-27,SH.ZB_600330,天通股份,非金属材料,5.15884,-2.2384224
1033,2025-01-27,SH.ZB_600318,新力金融,多元金融,5.157259,-2.4850295
1034,2025-01-27,SH.KC_688308,欧科亿,通用设备,5.1560717,-1.8270793
1035,2025-01-27,SH.ZB_600691,阳煤化工,化肥行业,5.1560106,-2.2563736
1036,2025-01-27,SH.KC_688498,源杰科技,半导体,5.155963,-2.8460214
1037,2025-01-27,SH.ZB_603711,香飘飘,食品饮料,5.1530824,-1.7748773
1038,2025-01-27,SH.ZB_603859,能科科技,软件开发,5.152528,-4.516937
1039,2025-01-27,SH.KC_688345,博力威,电池,5.1514597,-2.197848
1040,2025-01-27,SH.KC_688599,天合光能,光伏设备,5.1497355,-1.9527454
1041,2025-01-27,SZ.ZB_002384,东山精密,电子元件,5.146371,-4.1149325
1042,2025-01-27,SH.KC_301085,亚康股份,互联网服务,5.143052,-3.1642973
1043,2025-01-27,SH.KC_688252,天德钰,半导体,5.142723,-1.9129716
1044,2025-01-27,SZ.ZB_001373,翔腾新材,光学光电子,5.141899,-2.3675556
1045,2025-01-27,SH.ZB_603214,爱婴室,商业百货,5.140385,-3.3343754
1046,2025-01-27,SH.KC_301110,青木科技,互联网服务,5.1356554,-4.029139
1047,2025-01-27,SH.ZB_603344,星德胜,电机,5.130133,-2.468098
1048,2025-01-27,SZ.ZB_002334,英威腾,专用设备,5.127688,-2.3744547
1049,2025-01-27,SH.KC_688595,芯海科技,半导体,5.1266537,-2.2740567
1050,2025-01-27,SH.KC_688253,英诺特,生物制品,5.125801,-0.9126341
1051,2025-01-27,SH.ZB_603039,泛微网络,软件开发,5.124785,-4.0524287
1052,2025-01-27,SH.KC_301040,中环海陆,风电设备,5.121464,-2.1864681
1053,2025-01-27,SH.KC_688208,道通科技,计算机设备,5.1190643,-3.9624856
1054,2025-01-27,SH.KC_300678,中科信息,互联网服务,5.117591,-2.777222
1055,2025-01-27,SH.KC_301013,利和兴,专用设备,5.116971,-2.556178
1056,2025-01-27,SH.KC_301368,丰立智能,通用设备,5.114333,-4.233164
1057,2025-01-27,SH.KC_300395,菲利华,非金属材料,5.114268,-1.7638001
1058,2025-01-27,SH.KC_301228,实朴检测,专业服务,5.1122293,-3.4885411
1059,2025-01-27,SZ.ZB_002729,好利科技,电子元件,5.1112084,-4.925044
1060,2025-01-27,SH.KC_300448,浩云科技,互联网服务,5.109982,-2.7719426
1061,2025-01-27,SH.KC_300739,明阳电路,电子元件,5.1097736,-2.0653398
1062,2025-01-27,SH.KC_688381,帝奥微,半导体,5.1096363,-1.754027
1063,2025-01-27,SH.KC_300471,厚普股份,专用设备,5.108337,-1.4367744
1064,2025-01-27,SZ.ZB_000753,漳州发展,汽车服务,5.10364,-2.176425
1065,2025-01-27,SZ.ZB_002178,延华智能,软件开发,5.1029043,-2.0342124
1066,2025-01-27,SH.KC_300180,华峰超纤,塑料制品,5.1025553,-1.9358999
1067,2025-01-27,SH.KC_300128,锦富技术,光学光电子,5.102269,-1.8103491
1068,2025-01-27,SH.ZB_603516,淳中科技,计算机设备,5.100806,-4.742608
1069,2025-01-27,SH.ZB_600705,中航产融,多元金融,5.1005573,-2.7996318
1070,2025-01-27,SZ.ZB_002631,德尔未来,装修建材,5.0995274,-1.6684942
1071,2025-01-27,SH.KC_300599,雄塑科技,装修建材,5.098507,-2.40534
1072,2025-01-27,SH.ZB_603778,国晟科技,光伏设备,5.0965014,-2.4392915
1073,2025-01-27,SH.ZB_600895,张江高科,房地产开发,5.0939426,-1.9416945
1074,2025-01-27,SH.ZB_600199,金种子酒,酿酒行业,5.0933957,-1.511677
1075,2025-01-27,SH.KC_688138,清溢光电,半导体,5.0912695,-3.3237445
1076,2025-01-27,SH.KC_301005,超捷股份,汽车零部件,5.087565,-2.2276275
1077,2025-01-27,SH.KC_300672,国科微,半导体,5.085619,-2.9264088
1078,2025-01-27,SH.ZB_605178,时空科技,装修装饰,5.08513,-3.1033156
1079,2025-01-27,SZ.ZB_000932,华菱钢铁,钢铁行业,5.0848737,-2.8053143
1080,2025-01-27,SH.KC_300706,阿石创,半导体,5.0848155,-2.1537633
1081,2025-01-27,SH.KC_688156,路德环境,农牧饲渔,5.084358,-1.7789861
1082,2025-01-27,SH.KC_688662,富信科技,电子元件,5.0726533,-3.1284711
1083,2025-01-27,SZ.ZB_002582,好想你,食品饮料,5.07033,-4.6738925
1084,2025-01-27,SH.KC_300967,晓鸣股份,农牧饲渔,5.066657,-2.6921277
1085,2025-01-27,SH.KC_301252,同星科技,通用设备,5.0654397,-3.227245
1086,2025-01-27,SZ.ZB_000790,华神科技,中药,5.064522,-2.0461438
1087,2025-01-27,SH.KC_300415,伊之密,专用设备,5.0631747,-2.3472106
1088,2025-01-27,SH.ZB_603170,宝立食品,食品饮料,5.062592,-2.1303375
1089,2025-01-27,SH.KC_688458,美芯晟,半导体,5.062148,-2.7266989
1090,2025-01-27,SZ.ZB_002712,思美传媒,文化传媒,5.059515,-2.749165
1091,2025-01-27,SZ.ZB_002342,巨力索具,通用设备,5.054404,-1.3516742
1092,2025-01-27,SH.KC_300670,大烨智能,电网设备,5.0533757,-2.4724996
1093,2025-01-27,SH.KC_688615,合合信息,软件开发,5.052574,-5.7190676
1094,2025-01-27,SH.ZB_600536,中国软件,软件开发,5.050525,-2.3781013
1095,2025-01-27,SH.KC_301073,君亭酒店,旅游酒店,5.0493402,-2.4775033
1096,2025-01-27,SZ.ZB_002625,光启技术,航天航空,5.0483823,-1.7868528
1097,2025-01-27,SH.KC_300849,锦盛新材,美容护理,5.0443068,-2.1035743
1098,2025-01-27,SH.ZB_603121,华培动力,汽车零部件,5.0420136,-3.1882715
1099,2025-01-27,SH.KC_300062,中能电气,电网设备,5.040391,-1.888385
1100,2025-01-27,SH.KC_300758,七彩化学,化学制品,5.039063,-3.003654
1101,2025-01-27,SH.KC_300660,江苏雷利,电机,5.034897,-4.334546
1102,2025-01-27,SZ.ZB_000536,华映科技,光学光电子,5.029735,-1.7889026
1103,2025-01-27,SZ.ZB_002330,得利斯,食品饮料,5.0291243,-1.8393894
1104,2025-01-27,SH.KC_688337,普源精电,仪器仪表,5.0271945,-1.6099159
1105,2025-01-27,SH.ZB_603232,格尔软件,软件开发,5.027191,-2.645901
1106,2025-01-27,SH.ZB_603090,宏盛股份,通用设备,5.0268116,-2.6607416
1107,2025-01-27,SH.KC_300394,天孚通信,通信设备,5.0231752,-2.707694
1108,2025-01-27,SZ.ZB_003029,吉大正元,软件开发,5.0203414,-2.4213336
1109,2025-01-27,SH.ZB_600533,栖霞建设,房地产开发,5.019291,-2.142173
1110,2025-01-27,SH.ZB_600239,云南城投,房地产服务,5.016409,-2.1483808
1111,2025-01-27,SH.KC_688360,德马科技,通用设备,5.0161524,-3.3920743
1112,2025-01-27,SH.ZB_600107,美尔雅,纺织服装,5.014935,-1.986789
1113,2025-01-27,SH.KC_300486,东杰智能,专用设备,5.0140142,-1.9206094
1114,2025-01-27,SZ.ZB_002580,圣阳股份,电池,5.0135283,-3.0418835
1115,2025-01-27,SH.ZB_603773,沃格光电,光学光电子,5.012445,-2.406478
1116,2025-01-27,SZ.ZB_002862,实丰文化,家用轻工,5.0122185,-5.4260197
1117,2025-01-27,SH.KC_688515,裕太微-U,半导体,5.010967,-2.5635135
1118,2025-01-27,SH.KC_688588,凌志软件,软件开发,5.0109224,-3.490469
1119,2025-01-27,SH.KC_300947,德必集团,专业服务,5.009259,-2.9136367
1120,2025-01-27,SH.KC_688162,巨一科技,专用设备,5.0074024,-1.817173
1121,2025-01-27,SH.KC_300866,安克创新,消费电子,5.006079,-3.222616
1122,2025-01-27,SH.KC_688090,瑞松科技,专用设备,5.0055623,-2.2090383
1123,2025-01-27,SH.ZB_603825,华扬联众,文化传媒,5.004533,-2.5283835
1124,2025-01-27,SH.ZB_601798,蓝科高新,专用设备,5.0040693,-1.7042464
1125,2025-01-27,SZ.ZB_000514,渝 开 发,房地产开发,5.0038652,-2.0060685
1126,2025-01-27,SH.KC_301029,怡合达,通用设备,5.0036163,-2.6177816
1127,2025-01-27,SH.KC_300350,华鹏飞,物流行业,5.0008135,-2.0979958
1128,2025-01-27,SZ.ZB_000697,炼石航空,航天航空,5.000381,-1.6579489
1129,2025-01-27,SZ.ZB_002521,齐峰新材,造纸印刷,4.9954576,-2.028819
1130,2025-01-27,SZ.ZB_002207,准油股份,采掘行业,4.9928427,-2.1028497
1131,2025-01-27,SH.ZB_600302,标准股份,专用设备,4.9916134,-2.3367784
1132,2025-01-27,SH.KC_300719,安达维尔,航天航空,4.99122,-2.1953351
1133,2025-01-27,SH.KC_688368,晶丰明源,半导体,4.991086,-2.170911
1134,2025-01-27,SH.ZB_600686,金龙汽车,汽车整车,4.990317,-2.6454396
1135,2025-01-27,SH.ZB_603212,赛伍技术,光伏设备,4.986599,-2.5059538
1136,2025-01-27,SZ.ZB_002715,登云股份,汽车零部件,4.985613,-1.823179
1137,2025-01-27,SH.KC_688633,星球石墨,专用设备,4.984878,-1.553927
1138,2025-01-27,SH.KC_688981,中芯国际,半导体,4.9803586,-2.19648
1139,2025-01-27,SH.KC_300115,长盈精密,消费电子,4.9786463,-3.6891243
1140,2025-01-27,SH.ZB_603656,泰禾智能,专用设备,4.9775558,-2.9900439
1141,2025-01-27,SZ.ZB_002321,华英农业,农牧饲渔,4.976575,-2.287681
1142,2025-01-27,SH.KC_300026,红日药业,中药,4.9751015,-1.7235819
1143,2025-01-27,SH.KC_300265,通光线缆,电网设备,4.9740868,-2.4016383
1144,2025-01-27,SZ.ZB_003042,中农联合,农药兽药,4.9726887,-2.3906815
1145,2025-01-27,SH.KC_688378,奥来德,专用设备,4.971063,-1.9330103
1146,2025-01-27,SH.ZB_600119,长江投资,物流行业,4.9682913,-2.6054647
1147,2025-01-27,SH.KC_300489,光智科技,光学光电子,4.968095,-1.6744217
1148,2025-01-27,SH.ZB_600117,西宁特钢,钢铁行业,4.9660387,-2.1461577
1149,2025-01-27,SZ.ZB_002531,天顺风能,风电设备,4.965912,-1.5189683
1150,2025-01-27,SH.ZB_600577,精达股份,电网设备,4.963921,-3.185815
1151,2025-01-27,SH.KC_300635,中达安,工程咨询服务,4.960066,-2.1994166
1152,2025-01-27,SH.KC_688489,三未信安,电子元件,4.957263,-1.8328422
1153,2025-01-27,SH.KC_688522,纳睿雷达,计算机设备,4.956159,-2.1201828
1154,2025-01-27,SH.KC_300621,维业股份,装修装饰,4.9549327,-2.2106256
1155,2025-01-27,SH.KC_300355,蒙草生态,环保行业,4.9507484,-2.0827417
1156,2025-01-27,SH.ZB_601099,太平洋,证券,4.9484057,-2.3151736
1157,2025-01-27,SH.ZB_603051,鹿山新材,塑料制品,4.9443083,-2.518339
1158,2025-01-27,SZ.ZB_000838,财信发展,房地产开发,4.942542,-2.1636329
1159,2025-01-27,SH.ZB_600838,上海九百,商业百货,4.941396,-1.8566219
1160,2025-01-27,SZ.ZB_000810,创维数字,通信设备,4.934475,-2.2200003
1161,2025-01-27,SH.KC_300166,东方国信,互联网服务,4.9327464,-3.618461
1162,2025-01-27,SH.KC_301198,喜悦智行,塑料制品,4.9297705,-2.4808276
1163,2025-01-27,SZ.ZB_002390,信邦制药,中药,4.926108,-2.6818302
1164,2025-01-27,SH.ZB_603185,弘元绿能,光伏设备,4.9256697,-2.2331991
1165,2025-01-27,SH.ZB_600619,海立股份,家电行业,4.925111,-2.4395072
1166,2025-01-27,SZ.ZB_002513,蓝丰生化,农药兽药,4.924798,-1.7661407
1167,2025-01-27,SH.KC_301571,国科天成,电子元件,4.9237266,-1.8005748
1168,2025-01-27,SH.KC_300542,新晨科技,软件开发,4.9232526,-2.4036145
1169,2025-01-27,SZ.ZB_002235,安妮股份,造纸印刷,4.921268,-2.136855
1170,2025-01-27,SZ.ZB_002523,天桥起重,专用设备,4.9180894,-2.0894332
1171,2025-01-27,SH.ZB_600590,泰豪科技,电网设备,4.914999,-1.6268833
1172,2025-01-27,SZ.ZB_002797,第一创业,证券,4.9142404,-2.8592935
1173,2025-01-27,SH.KC_300711,广哈通信,通信设备,4.9137845,-2.8551543
1174,2025-01-27,SH.KC_688519,南亚新材,电子元件,4.913509,-2.5859904
1175,2025-01-27,SZ.ZB_001223,欧克科技,专用设备,4.9127636,-2.8286645
1176,2025-01-27,SH.KC_300769,德方纳米,电池,4.910265,-1.9474974
1177,2025-01-27,SH.KC_300913,兆龙互连,通信设备,4.9091964,-2.6261117
1178,2025-01-27,SH.KC_300594,朗进科技,交运设备,4.90866,-2.1928785
1179,2025-01-27,SH.KC_688590,新致软件,软件开发,4.9067574,-4.011889
1180,2025-01-27,SH.KC_300622,博士眼镜,商业百货,4.9048004,-2.1081657
1181,2025-01-27,SH.KC_300557,理工光科,仪器仪表,4.904513,-2.9176831
1182,2025-01-27,SH.ZB_603099,长白山,旅游酒店,4.9026594,-1.8418412
1183,2025-01-27,SZ.ZB_000059,华锦股份,石油行业,4.902168,-2.1186826
1184,2025-01-27,SH.KC_301348,蓝箭电子,半导体,4.9009905,-1.9866515
1185,2025-01-27,SH.KC_688652,京仪装备,半导体,4.896373,-1.9390168
1186,2025-01-27,SH.ZB_605180,华生科技,纺织服装,4.8951583,-3.536611
1187,2025-01-27,SH.KC_301526,国际复材,玻璃玻纤,4.8922462,-2.0440056
1188,2025-01-27,SZ.ZB_000688,国城矿业,有色金属,4.8868985,-1.8922247
1189,2025-01-27,SH.KC_300977,深圳瑞捷,工程咨询服务,4.8867407,-2.4500248
1190,2025-01-27,SH.KC_300457,赢合科技,电池,4.8856215,-2.3594966
1191,2025-01-27,SH.ZB_600110,诺德股份,电池,4.8845606,-1.8133909
1192,2025-01-27,SH.KC_301128,强瑞技术,专用设备,4.8835936,-2.6688082
1193,2025-01-27,SH.KC_300267,尔康制药,化学制药,4.883218,-1.6665733
1194,2025-01-27,SZ.ZB_002456,欧菲光,光学光电子,4.881671,-2.5555582
1195,2025-01-27,SZ.ZB_002278,神开股份,专用设备,4.880831,-2.1787882
1196,2025-01-27,SH.KC_300529,健帆生物,医疗器械,4.8803897,-1.3213929
1197,2025-01-27,SZ.ZB_002708,光洋股份,汽车零部件,4.8755198,-2.709974
1198,2025-01-27,SH.KC_301049,超越科技,环保行业,4.8752127,-1.7491279
1199,2025-01-27,SZ.ZB_002221,东华能源,石油行业,4.872374,-2.1962514
1200,2025-01-27,SH.KC_688260,昀冢科技,消费电子,4.871477,-2.1819026
1201,2025-01-27,SH.ZB_600280,中央商场,商业百货,4.871379,-1.1708275
1202,2025-01-27,SH.KC_300727,润禾材料,化学制品,4.867567,-2.9246967
1203,2025-01-27,SH.ZB_601882,海天精工,通用设备,4.866995,-1.8659551
1204,2025-01-27,SZ.ZB_002543,万和电气,家电行业,4.865694,-2.1476257
1205,2025-01-27,SH.ZB_603307,扬州金泉,纺织服装,4.8612595,-2.3768516
1206,2025-01-27,SZ.ZB_002362,汉王科技,软件开发,4.856108,-3.2499838
1207,2025-01-27,SZ.ZB_002436,兴森科技,电子元件,4.853177,-2.3829055
1208,2025-01-27,SZ.ZB_002225,濮耐股份,装修建材,4.8527837,-2.708909
1209,2025-01-27,SZ.ZB_000058,深 赛 格,商业百货,4.8501134,-2.0302958
1210,2025-01-27,SZ.ZB_002421,达实智能,软件开发,4.8499556,-2.168834
1211,2025-01-27,SH.KC_300310,宜通世纪,通信服务,4.848631,-2.5528336
1212,2025-01-27,SH.KC_300430,诚益通,通用设备,4.848251,-2.2658134
1213,2025-01-27,SH.KC_300862,蓝盾光电,仪器仪表,4.8462987,-1.8791559
1214,2025-01-27,SH.KC_300932,三友联众,电网设备,4.8459544,-1.7123228
1215,2025-01-27,SH.KC_688108,赛诺医疗,医疗器械,4.8459425,-2.7886574
1216,2025-01-27,SH.KC_301586,佳力奇,航天航空,4.8452587,-1.9637147
1217,2025-01-27,SH.KC_300637,扬帆新材,电子化学品,4.84474,-2.3741522
1218,2025-01-27,SZ.ZB_002843,泰嘉股份,消费电子,4.8414764,-3.7656024
1219,2025-01-27,SZ.ZB_000981,山子高科,汽车零部件,4.8389435,-1.1459559
1220,2025-01-27,SH.KC_301041,金百泽,电子元件,4.828176,-2.188634
1221,2025-01-27,SH.KC_300189,神农种业,农牧饲渔,4.8266454,-2.087159
1222,2025-01-27,SZ.ZB_001298,好上好,电子元件,4.8243136,-1.731734
1223,2025-01-27,SH.KC_301150,中一科技,电池,4.8231616,-1.9404408
1224,2025-01-27,SH.ZB_603089,正裕工业,汽车零部件,4.822409,-3.476654
1225,2025-01-27,SH.KC_300738,奥飞数据,互联网服务,4.821539,-3.6801445
1226,2025-01-27,SH.KC_301153,中科江南,软件开发,4.8209324,-2.8298235
1227,2025-01-27,SH.KC_300190,维尔利,环保行业,4.8206387,-1.2485769
1228,2025-01-27,SH.KC_300515,三德科技,仪器仪表,4.81998,-2.9906173
1229,2025-01-27,SH.KC_300101,振芯科技,通信设备,4.8190117,-1.9007143
1230,2025-01-27,SH.ZB_600743,华远地产,房地产开发,4.8172894,-1.8275204
1231,2025-01-27,SZ.ZB_000829,天音控股,贸易行业,4.814078,-1.6139034
1232,2025-01-27,SH.KC_688567,孚能科技,电池,4.813561,-1.9636557
1233,2025-01-27,SH.KC_688670,金迪克,化学制药,4.812719,-2.147544
1234,2025-01-27,SH.KC_300078,思创医惠,互联网服务,4.811801,-2.594115
1235,2025-01-27,SH.KC_688409,富创精密,半导体,4.807043,-2.084208
1236,2025-01-27,SH.KC_301022,海泰科,汽车零部件,4.806729,-2.572403
1237,2025-01-27,SH.KC_300345,华民股份,光伏设备,4.8063755,-1.9576596
1238,2025-01-27,SH.KC_300693,盛弘股份,电源设备,4.8030825,-3.997261
1239,2025-01-27,SH.KC_688017,绿的谐波,通用设备,4.8019915,-4.66356
1240,2025-01-27,SZ.ZB_002148,北纬科技,通信服务,4.800153,-3.8713603
1241,2025-01-27,SZ.ZB_000014,沙河股份,房地产开发,4.7977314,-2.1161659
1242,2025-01-27,SZ.ZB_002471,中超控股,电网设备,4.7965674,-1.8754992
1243,2025-01-27,SH.KC_300887,谱尼测试,专业服务,4.794906,-2.7676506
1244,2025-01-27,SH.KC_300943,春晖智控,通用设备,4.7947855,-2.3002517
1245,2025-01-27,SZ.ZB_000935,四川双马,水泥建材,4.793505,-2.3067164
1246,2025-01-27,SH.KC_301019,宁波色母,塑料制品,4.793319,-2.249547
1247,2025-01-27,SH.ZB_600538,国发股份,农药兽药,4.7917366,-2.310991
1248,2025-01-27,SH.ZB_600178,东安动力,汽车零部件,4.7902627,-1.8297759
1249,2025-01-27,SH.ZB_600543,莫高股份,酿酒行业,4.7892647,-2.4831274
1250,2025-01-27,SH.KC_300162,雷曼光电,光学光电子,4.7890005,-2.0563614
1251,2025-01-27,SZ.ZB_002630,华西能源,电源设备,4.7868385,-2.57752
1252,2025-01-27,SZ.ZB_002506,协鑫集成,光伏设备,4.786424,-2.3394334
1253,2025-01-27,SH.KC_300540,蜀道装备,专用设备,4.7841935,-1.6941134
1254,2025-01-27,SH.KC_300424,航新科技,航天航空,4.783599,-1.6775055
1255,2025-01-27,SH.KC_688234,天岳先进,半导体,4.7833247,-2.695044
1256,2025-01-27,SH.ZB_600818,中路股份,交运设备,4.7822804,-1.9360437
1257,2025-01-27,SH.KC_688518,联赢激光,专用设备,4.77951,-2.6500375
1258,2025-01-27,SZ.ZB_002377,国创高新,化学制品,4.7775087,-2.522884
1259,2025-01-27,SH.KC_300308,中际旭创,通信设备,4.7761006,-2.3021395
1260,2025-01-27,SH.KC_688416,恒烁股份,半导体,4.771745,-3.0470796
1261,2025-01-27,SZ.ZB_002222,福晶科技,光学光电子,4.771675,-2.7250857
1262,2025-01-27,SZ.ZB_002112,三变科技,电网设备,4.7697573,-3.6681793
1263,2025-01-27,SH.KC_688539,高华科技,电子元件,4.7684984,-2.3483648
1264,2025-01-27,SH.KC_688698,伟创电气,专用设备,4.768391,-3.9663963
1265,2025-01-27,SH.KC_300247,融捷健康,家电行业,4.76781,-2.403972
1266,2025-01-27,SH.ZB_603336,宏辉果蔬,农牧饲渔,4.7670393,-2.7448533
1267,2025-01-27,SH.KC_300035,中科电气,非金属材料,4.765527,-2.5834684
1268,2025-01-27,SH.KC_300030,阳普医疗,医疗器械,4.7619267,-2.2444763
1269,2025-01-27,SH.KC_301038,深水规院,工程建设,4.7613306,-2.1098864
1270,2025-01-27,SH.KC_300878,维康药业,中药,4.7603683,-1.7876198
1271,2025-01-27,SZ.ZB_000887,中鼎股份,汽车零部件,4.759857,-3.0470572
1272,2025-01-27,SH.KC_300057,万顺新材,有色金属,4.75941,-2.000271
1273,2025-01-27,SH.ZB_605336,帅丰电器,家电行业,4.759227,-2.083483
1274,2025-01-27,SH.KC_301236,软通动力,软件开发,4.756327,-2.5542183
1275,2025-01-27,SH.ZB_603668,天马科技,农牧饲渔,4.755743,-3.2242994
1276,2025-01-27,SH.KC_301205,联特科技,光学光电子,4.7540383,-3.5683825
1277,2025-01-27,SZ.ZB_002339,积成电子,电网设备,4.749383,-1.9329885
1278,2025-01-27,SH.KC_301261,恒工精密,通用设备,4.747452,-3.782489
1279,2025-01-27,SH.KC_300552,万集科技,软件开发,4.745322,-2.1811604
1280,2025-01-27,SH.KC_300889,爱克股份,光学光电子,4.745193,-3.0345795
1281,2025-01-27,SH.ZB_600759,洲际油气,石油行业,4.7443943,-1.5689592
1282,2025-01-27,SH.ZB_603031,安孚科技,电池,4.7438664,-3.0046709
1283,2025-01-27,SH.KC_688621,阳光诺和,医疗服务,4.7437773,-2.0546336
1284,2025-01-27,SH.KC_301389,隆扬电子,电子元件,4.7435565,-2.7047045
1285,2025-01-27,SZ.ZB_002281,光迅科技,通信设备,4.743022,-1.8639157
1286,2025-01-27,SH.KC_300411,金盾股份,专用设备,4.739307,-2.1859007
1287,2025-01-27,SZ.ZB_000761,本钢板材,钢铁行业,4.738931,-2.3907998
1288,2025-01-27,SZ.ZB_000897,津滨发展,房地产开发,4.7380238,-2.3504782
1289,2025-01-27,SH.KC_301316,慧博云通,软件开发,4.735798,-2.8191876
1290,2025-01-27,SH.ZB_603273,天元智能,专用设备,4.7337728,-2.7297072
1291,2025-01-27,SZ.ZB_000415,渤海租赁,多元金融,4.733455,-2.3035536
1292,2025-01-27,SH.ZB_600537,亿晶光电,光伏设备,4.733071,-1.5974443
1293,2025-01-27,SZ.ZB_000571,新大洲A,煤炭行业,4.732156,-2.4252017
1294,2025-01-27,SH.KC_300938,信测标准,专业服务,4.725504,-3.825768
1295,2025-01-27,SZ.ZB_002791,坚朗五金,装修建材,4.7243,-2.9379115
1296,2025-01-27,SZ.ZB_002835,同为股份,计算机设备,4.721737,-3.146841
1297,2025-01-27,SZ.ZB_002780,三夫户外,纺织服装,4.7201767,-1.8355333
1298,2025-01-27,SH.KC_300124,汇川技术,电子元件,4.7181873,-2.8224604
1299,2025-01-27,SH.KC_300341,麦克奥迪,电网设备,4.717742,-1.8064294
1300,2025-01-27,SH.ZB_603082,北自科技,通用设备,4.716946,-3.7528913
1301,2025-01-27,SH.KC_301310,鑫宏业,电网设备,4.7156796,-4.3334503
1302,2025-01-27,SH.ZB_600259,广晟有色,小金属,4.7144575,-1.8586062
1303,2025-01-27,SH.KC_688028,沃尔德,通用设备,4.7130466,-2.9452302
1304,2025-01-27,SZ.ZB_000680,山推股份,工程机械,4.711388,-2.0551
1305,2025-01-27,SZ.ZB_000062,深圳华强,电子元件,4.7105775,-1.6144414
1306,2025-01-27,SH.ZB_603312,西典新能,电网设备,4.709044,-1.8826339
1307,2025-01-27,SH.KC_688231,隆达股份,有色金属,4.704498,-3.29436
1308,2025-01-27,SZ.ZB_002866,传艺科技,消费电子,4.703516,-1.8116127
1309,2025-01-27,SH.KC_300674,宇信科技,互联网服务,4.701932,-3.2543766
1310,2025-01-27,SZ.ZB_002685,华东重机,通用设备,4.699704,-1.7719352
1311,2025-01-27,SZ.ZB_002082,万邦德,化学制药,4.69929,-2.121689
1312,2025-01-27,SZ.ZB_001212,中旗新材,装修装饰,4.6984806,-2.6473083
1313,2025-01-27,SH.KC_688333,铂力特,通用设备,4.697047,-3.4800465
1314,2025-01-27,SH.ZB_603596,伯特利,汽车零部件,4.694523,-1.9849681
1315,2025-01-27,SH.KC_300063,天龙集团,文化传媒,4.6939416,-3.33016
1316,2025-01-27,SZ.ZB_002077,大港股份,半导体,4.6938405,-1.532087
1317,2025-01-27,SZ.ZB_000737,北方铜业,有色金属,4.693034,-2.296983
1318,2025-01-27,SH.KC_301297,富乐德,半导体,4.6909766,-2.0972853
1319,2025-01-27,SH.KC_301533,威马农机,专用设备,4.6862216,-1.489233
1320,2025-01-27,SH.KC_300975,商络电子,贸易行业,4.6862035,-2.038957
1321,2025-01-27,SH.ZB_605006,山东玻纤,玻璃玻纤,4.6838717,-2.073002
1322,2025-01-27,SH.KC_688685,迈信林,航天航空,4.6762824,-3.4560626
1323,2025-01-27,SZ.ZB_002726,龙大美食,食品饮料,4.6745462,-1.3606309
1324,2025-01-27,SH.KC_300219,鸿利智汇,光学光电子,4.6720343,-2.0433254
1325,2025-01-27,SH.KC_301067,显盈科技,消费电子,4.6709776,-1.9534423
1326,2025-01-27,SZ.ZB_000533,顺钠股份,电网设备,4.670833,-3.9183629
1327,2025-01-27,SH.KC_688063,派能科技,电池,4.667516,-2.1129353
1328,2025-01-27,SH.KC_688496,清越科技,电子元件,4.6665626,-2.0219226
1329,2025-01-27,SH.KC_301591,肯特股份,塑料制品,4.666303,-3.6425326
1330,2025-01-27,SH.ZB_600067,冠城新材,电网设备,4.665074,-1.7469108
1331,2025-01-27,SH.KC_688719,爱科赛博,电源设备,4.664536,-2.2856345
1332,2025-01-27,SH.KC_300337,银邦股份,有色金属,4.6640453,-2.0657454
1333,2025-01-27,SH.ZB_603085,天成自控,汽车零部件,4.659997,-1.4833895
1334,2025-01-27,SZ.ZB_000566,海南海药,化学制药,4.6598854,-1.8445231
1335,2025-01-27,SH.KC_300434,金石亚药,化学制药,4.659584,-2.0752735
1336,2025-01-27,SZ.ZB_001207,联科科技,橡胶制品,4.657592,-2.8198867
1337,2025-01-27,SH.KC_300723,一品红,化学制药,4.6558604,-1.4719919
1338,2025-01-27,SH.KC_300673,佩蒂股份,农牧饲渔,4.65367,-2.3953433
1339,2025-01-27,SH.ZB_600084,中信尼雅,酿酒行业,4.6490474,-1.8889582
1340,2025-01-27,SZ.ZB_002851,麦格米特,电源设备,4.648438,-1.797704
1341,2025-01-27,SZ.ZB_000558,莱茵体育,旅游酒店,4.6482177,-2.565495
1342,2025-01-27,SZ.ZB_000595,宝塔实业,通用设备,4.6479135,0.5399121
1343,2025-01-27,SZ.ZB_000099,中信海直,航空机场,4.6475263,-2.6711247
1344,2025-01-27,SH.ZB_603659,璞泰来,电池,4.6446996,-1.8092315
1345,2025-01-27,SH.KC_301091,深城交,工程咨询服务,4.642619,-2.2572055
1346,2025-01-27,SH.KC_301327,华宝新能,电源设备,4.642506,-1.288327
1347,2025-01-27,SH.KC_300698,万马科技,通信设备,4.6413617,-2.4564197
1348,2025-01-27,SH.KC_300263,隆华科技,通用设备,4.641302,-2.2388072
1349,2025-01-27,SZ.ZB_002214,大立科技,电子元件,4.640913,-1.4760873
1350,2025-01-27,SH.ZB_600487,亨通光电,通信设备,4.638469,-1.977125
1351,2025-01-27,SH.KC_688091,上海谊众,化学制药,4.636143,-2.2516322
1352,2025-01-27,SH.KC_300617,安靠智电,电网设备,4.6344743,-2.4875362
1353,2025-01-27,SH.ZB_603617,君禾股份,通用设备,4.6343102,-3.2629027
1354,2025-01-27,SH.KC_300790,宇瞳光学,光学光电子,4.6336546,-3.5203547
1355,2025-01-27,SH.KC_301499,维科精密,汽车零部件,4.631795,-2.21551
1356,2025-01-27,SH.ZB_601236,红塔证券,证券,4.630378,-2.1933658
1357,2025-01-27,SZ.ZB_002617,露笑科技,光伏设备,4.627901,-3.2847743
1358,2025-01-27,SH.KC_301365,矩阵股份,装修装饰,4.624337,-2.273481
1359,2025-01-27,SH.KC_301596,瑞迪智驱,通用设备,4.6210394,-2.9744737
1360,2025-01-27,SZ.ZB_002045,国光电器,消费电子,4.6209946,-2.6174703
1361,2025-01-27,SH.ZB_600202,哈空调,电源设备,4.617986,-1.3432399
1362,2025-01-27,SH.KC_300825,阿尔特,汽车服务,4.61729,-2.3506017
1363,2025-01-27,SH.ZB_600316,洪都航空,航天航空,4.614705,-2.2105997
1364,2025-01-27,SH.ZB_605133,嵘泰股份,汽车零部件,4.611823,-3.2128267
1365,2025-01-27,SH.ZB_600345,长江通信,通信设备,4.611683,-2.2707014
1366,2025-01-27,SH.KC_688385,复旦微电,半导体,4.608366,-2.0182886
1367,2025-01-27,SH.KC_688027,国盾量子,通信设备,4.607195,-2.5635796
1368,2025-01-27,SH.ZB_601360,三六零,软件开发,4.60518,-2.5781426
1369,2025-01-27,SH.KC_688383,新益昌,专用设备,4.603595,-1.9877009
1370,2025-01-27,SH.ZB_600880,博瑞传播,教育,4.6028404,-2.236269
1371,2025-01-27,SH.KC_688041,海光信息,半导体,4.602161,-1.6213063
1372,2025-01-27,SH.KC_301119,正强股份,汽车零部件,4.5979795,-1.9110329
1373,2025-01-27,SH.KC_300277,海联讯,互联网服务,4.5941577,-3.3208451
1374,2025-01-27,SH.ZB_600689,上海三毛,纺织服装,4.5931535,-2.59603
1375,2025-01-27,SH.KC_300235,方直科技,软件开发,4.5920534,-2.936876
1376,2025-01-27,SH.KC_300107,建新股份,化学制品,4.5918317,-2.1600873
1377,2025-01-27,SH.ZB_603116,红蜻蜓,纺织服装,4.590091,-2.6071477
1378,2025-01-27,SH.KC_688559,海目星,专用设备,4.5892806,-1.0136029
1379,2025-01-27,SH.KC_688001,华兴源创,专用设备,4.5884056,-3.3504426
1380,2025-01-27,SH.ZB_603399,永杉锂业,小金属,4.587774,-1.421693
1381,2025-01-27,SZ.ZB_002686,亿利达,通用设备,4.586187,-1.8641185
1382,2025-01-27,SH.KC_300456,赛微电子,半导体,4.5841546,-2.011406
1383,2025-01-27,SH.KC_301111,粤万年青,中药,4.5837626,-2.2557366
1384,2025-01-27,SH.KC_688560,明冠新材,光伏设备,4.5815187,-2.0440736
1385,2025-01-27,SH.KC_300881,盛德鑫泰,钢铁行业,4.5808926,-2.082701
1386,2025-01-27,SH.KC_301618,长联科技,化学制品,4.5772314,-1.933665
1387,2025-01-27,SH.ZB_600791,京能置业,房地产开发,4.575692,-2.3445935
1388,2025-01-27,SH.ZB_601908,京运通,光伏设备,4.574488,-1.8432658
1389,2025-01-27,SZ.ZB_002466,天齐锂业,能源金属,4.5734553,-1.617427
1390,2025-01-27,SH.KC_688549,中巨芯-U,电子化学品,4.571593,-2.3305748
1391,2025-01-27,SH.KC_300426,唐德影视,文化传媒,4.5684724,-2.2773848
1392,2025-01-27,SH.ZB_605378,野马电池,电池,4.5681686,-2.8062246
1393,2025-01-27,SZ.ZB_002084,海鸥住工,装修装饰,4.5653048,-2.309774
1394,2025-01-27,SH.ZB_600480,凌云股份,汽车零部件,4.5637426,-4.712031
1395,2025-01-27,SH.ZB_605016,百龙创园,食品饮料,4.560794,-2.5183682
1396,2025-01-27,SH.KC_688050,爱博医疗,医疗器械,4.55053,-2.4904478
1397,2025-01-27,SH.KC_300366,创意信息,软件开发,4.550046,-2.7265418
1398,2025-01-27,SH.KC_301239,普瑞眼科,医疗服务,4.549509,-3.136485
1399,2025-01-27,SZ.ZB_002493,荣盛石化,化纤行业,4.5492797,-2.047235
1400,2025-01-27,SH.ZB_603877,太平鸟,纺织服装,4.54724,-2.0646672
1401,2025-01-27,SH.ZB_600246,万通发展,房地产开发,4.546471,-0.05831234
1402,2025-01-27,SH.KC_688711,宏微科技,半导体,4.5460553,-1.9522469
1403,2025-01-27,SH.KC_300775,三角防务,航天航空,4.5455084,-1.6287401
1404,2025-01-27,SZ.ZB_002366,融发核电,电源设备,4.5451803,-2.3755112
1405,2025-01-27,SH.KC_300731,科创新源,橡胶制品,4.5448008,-3.4577885
1406,2025-01-27,SH.KC_301213,观想科技,软件开发,4.542142,-3.2928839
1407,2025-01-27,SH.KC_688016,心脉医疗,医疗器械,4.538107,-1.8989211
1408,2025-01-27,SH.ZB_601828,美凯龙,商业百货,4.535763,-1.7852988
1409,2025-01-27,SH.ZB_605318,法狮龙,装修装饰,4.535295,-2.0703516
1410,2025-01-27,SZ.ZB_000503,国新健康,软件开发,4.5347733,-1.8194145
1411,2025-01-27,SZ.ZB_002868,绿康生化,农药兽药,4.5314045,-1.8275037
1412,2025-01-27,SH.ZB_600731,湖南海利,农药兽药,4.530087,-2.6895854
1413,2025-01-27,SH.KC_300353,东土科技,通信设备,4.5297356,-2.8918335
1414,2025-01-27,SH.KC_301578,辰奕智能,消费电子,4.528174,-2.3426254
1415,2025-01-27,SH.ZB_600678,四川金顶,水泥建材,4.5271873,-2.0808935
1416,2025-01-27,SH.ZB_603350,安乃达,电机,4.5269504,-1.8249333
1417,2025-01-27,SZ.ZB_001208,华菱线缆,电网设备,4.5261354,-3.5647411
1418,2025-01-27,SH.ZB_600661,昂立教育,教育,4.526083,-1.7514709
1419,2025-01-27,SH.ZB_603322,超讯通信,通信服务,4.525472,-1.8533952
1420,2025-01-27,SZ.ZB_002825,纳尔股份,塑料制品,4.5241504,-2.8535829
1421,2025-01-27,SZ.ZB_002145,中核钛白,化学原料,4.5232506,-2.0480218
1422,2025-01-27,SZ.ZB_002246,北化股份,化学制品,4.5155706,-1.8415155
1423,2025-01-27,SZ.ZB_001314,亿道信息,消费电子,4.5147524,-2.7039318
1424,2025-01-27,SH.ZB_603583,捷昌驱动,专用设备,4.514587,-2.8692846
1425,2025-01-27,SH.KC_300210,森远股份,环保行业,4.513219,-2.098034
1426,2025-01-27,SH.KC_300010,豆神教育,教育,4.512881,-4.7888823
1427,2025-01-27,SZ.ZB_002694,顾地科技,装修建材,4.5112414,-2.036057
1428,2025-01-27,SH.ZB_600006,东风股份,汽车整车,4.5108275,-2.1272209
1429,2025-01-27,SH.ZB_603703,盛洋科技,光学光电子,4.5091777,-3.0903459
1430,2025-01-27,SH.ZB_603983,丸美生物,美容护理,4.5090837,-2.0396316
1431,2025-01-27,SH.ZB_600989,宝丰能源,化学原料,4.508816,-2.490411
1432,2025-01-27,SH.KC_301117,佳缘科技,软件开发,4.5071826,-3.4846096
1433,2025-01-27,SH.KC_688707,振华新材,电池,4.5050697,-1.7620451
1434,2025-01-27,SH.KC_300682,朗新集团,软件开发,4.5049443,-1.6421937
1435,2025-01-27,SH.ZB_601615,明阳智能,风电设备,4.502137,-1.4158988
1436,2025-01-27,SH.ZB_600600,青岛啤酒,酿酒行业,4.501359,-1.6347065
1437,2025-01-27,SH.KC_300691,联合光电,光学光电子,4.4990034,-2.488392
1438,2025-01-27,SH.KC_688195,腾景科技,光学光电子,4.4979334,-3.0877452
1439,2025-01-27,SH.KC_301328,维峰电子,电子元件,4.4969096,-2.9871485
1440,2025-01-27,SH.ZB_601456,国联证券,证券,4.49059,-1.8039505
1441,2025-01-27,SZ.ZB_000723,美锦能源,煤炭行业,4.4850006,-2.049582
1442,2025-01-27,SH.KC_301307,美利信,通信设备,4.484685,-2.3562787
1443,2025-01-27,SZ.ZB_002156,通富微电,半导体,4.4829726,-2.2950957
1444,2025-01-27,SZ.ZB_002743,富煌钢构,水泥建材,4.4826837,-2.5899818
1445,2025-01-27,SH.ZB_603138,海量数据,软件开发,4.4798465,-3.6693845
1446,2025-01-27,SH.ZB_600363,联创光电,光学光电子,4.478261,-3.2411945
1447,2025-01-27,SZ.ZB_002571,德力股份,家用轻工,4.4725256,-2.164615
1448,2025-01-27,SH.KC_300185,通裕重工,风电设备,4.4709864,-1.9562201
1449,2025-01-27,SH.ZB_601012,隆基绿能,光伏设备,4.4700713,-2.0911717
1450,2025-01-27,SZ.ZB_003031,中瓷电子,通信设备,4.4700055,-2.4190664
1451,2025-01-27,SH.ZB_600058,五矿发展,贸易行业,4.468335,-2.0306735
1452,2025-01-27,SH.KC_300354,东华测试,仪器仪表,4.463054,-3.7889025
1453,2025-01-27,SH.ZB_603843,正平股份,工程建设,4.462558,-2.0783663
1454,2025-01-27,SH.ZB_600186,莲花控股,食品饮料,4.46025,-3.5833955
1455,2025-01-27,SZ.ZB_002946,新乳业,食品饮料,4.458687,-1.9730207
1456,2025-01-27,SZ.ZB_002020,京新药业,化学制药,4.4585304,-1.9405993
1457,2025-01-27,SH.KC_300964,本川智能,电子元件,4.4574513,-2.575179
1458,2025-01-27,SH.KC_301177,迪阿股份,珠宝首饰,4.4529066,-2.4379282
1459,2025-01-27,SZ.ZB_002859,洁美科技,电子元件,4.4521346,-1.6769122
1460,2025-01-27,SZ.ZB_002633,申科股份,通用设备,4.451145,-2.5384307
1461,2025-01-27,SH.KC_688528,秦川物联,仪器仪表,4.4503255,-2.2037494
1462,2025-01-27,SZ.ZB_002095,生 意 宝,互联网服务,4.448177,-2.7794902
1463,2025-01-27,SZ.ZB_002416,爱施德,商业百货,4.4471784,-1.7330011
1464,2025-01-27,SZ.ZB_002524,光正眼科,医疗服务,4.444973,-2.2281156
1465,2025-01-27,SZ.ZB_002189,中光学,光学光电子,4.4427676,-1.6105065
1466,2025-01-27,SH.KC_301202,朗威股份,通用设备,4.442288,-3.866197
1467,2025-01-27,SH.KC_688380,中微半导,半导体,4.4411125,-2.4449818
1468,2025-01-27,SZ.ZB_002232,启明信息,互联网服务,4.4396834,-2.0570683
1469,2025-01-27,SH.KC_300032,金龙机电,消费电子,4.4347897,-1.9994352
1470,2025-01-27,SH.KC_301603,乔锋智能,通用设备,4.4331565,-2.4607701
1471,2025-01-27,SH.ZB_601127,赛力斯,汽车整车,4.4304566,-2.335238
1472,2025-01-27,SH.ZB_603486,科沃斯,家电行业,4.4251604,-1.4236554
1473,2025-01-27,SH.KC_300087,荃银高科,农牧饲渔,4.42491,-1.6545057
1474,2025-01-27,SH.ZB_603977,国泰集团,化学制品,4.4217052,-1.5471466
1475,2025-01-27,SH.KC_688386,泛亚微透,塑料制品,4.4183507,-2.695306
1476,2025-01-27,SZ.ZB_002431,棕榈股份,工程建设,4.4171515,-1.6877472
1477,2025-01-27,SH.ZB_603036,如通股份,专用设备,4.415682,-2.3796773
1478,2025-01-27,SH.KC_301360,荣旗科技,专用设备,4.415026,-1.9901758
1479,2025-01-27,SZ.ZB_001201,东瑞股份,农牧饲渔,4.413372,-2.286016
1480,2025-01-27,SZ.ZB_002793,罗欣药业,化学制药,4.411213,-1.537332
1481,2025-01-27,SH.ZB_601211,国泰君安,证券,4.408476,-1.9599359
1482,2025-01-27,SZ.ZB_002568,百润股份,酿酒行业,4.408124,-2.5534542
1483,2025-01-27,SH.KC_300576,容大感光,电子化学品,4.407896,-2.3405647
1484,2025-01-27,SH.KC_688768,容知日新,仪器仪表,4.4074297,-3.0966356
1485,2025-01-27,SH.KC_300271,华宇软件,互联网服务,4.4070287,-2.5002427
1486,2025-01-27,SH.ZB_600770,综艺股份,综合行业,4.406573,-1.9731166
1487,2025-01-27,SH.KC_688593,新相微,半导体,4.4062405,-2.4220557
1488,2025-01-15,SH.KC_688667,菱电电控,汽车零部件,4.404603,-2.2782152
1489,2025-01-27,SZ.ZB_002394,联发股份,纺织服装,4.4029965,-1.8272164
1490,2025-01-27,SH.KC_688084,晶品特装,专用设备,4.401676,-2.3523922
1491,2025-01-27,SZ.ZB_000560,我爱我家,房地产服务,4.3995857,-2.5122266
1492,2025-01-27,SH.ZB_601059,信达证券,证券,4.398526,-1.8183795
1493,2025-01-27,SZ.ZB_002666,德联集团,化学制品,4.3959246,-3.1315782
1494,2025-01-27,SH.KC_300648,星云股份,电池,4.390581,-1.8185318
1495,2025-01-27,SH.ZB_600156,华升股份,纺织服装,4.388662,-2.0478752
1496,2025-01-27,SH.ZB_603375,盛景微,电子元件,4.388328,-1.6544985
1497,2025-01-27,SH.KC_688223,晶科能源,光伏设备,4.3879957,-1.4467101
1498,2025-01-27,SH.ZB_603616,韩建河山,水泥建材,4.3869705,-2.5956979
1499,2025-01-27,SH.KC_300176,鸿特科技,汽车零部件,4.3851657,-2.3005095
1500,2025-01-27,SH.KC_300992,泰福泵业,通用设备,4.3830886,-2.3679814
1501,2025-01-27,SH.ZB_603986,兆易创新,半导体,4.380597,-2.8418205
1502,2025-01-27,SH.KC_300447,全信股份,电网设备,4.3781357,-1.9347351
1503,2025-01-27,SH.ZB_603270,金帝股份,通用设备,4.377678,-3.0038793
1504,2025-01-27,SZ.ZB_000727,冠捷科技,光学光电子,4.37665,-1.7435368
1505,2025-01-27,SH.KC_300591,万里马,纺织服装,4.3716803,-1.8932015
1506,2025-01-27,SH.ZB_600281,华阳新材,小金属,4.371023,-2.077442
1507,2025-01-27,SH.ZB_600215,派斯林,通用设备,4.3704257,-3.1558745
1508,2025-01-27,SZ.ZB_000151,中成股份,贸易行业,4.3691306,-1.8003099
1509,2025-01-27,SZ.ZB_002905,金逸影视,文化传媒,4.3689,-3.6835272
1510,2025-01-27,SZ.ZB_002407,多氟多,化学制品,4.3685646,-1.9146224
1511,2025-01-27,SH.ZB_600458,时代新材,风电设备,4.368231,-1.9350905
1512,2025-01-27,SH.KC_300895,铜牛信息,互联网服务,4.3674707,-2.5140798
1513,2025-01-27,SZ.ZB_002386,天原股份,化学原料,4.3663754,-1.7466035
1514,2025-01-27,SH.KC_300865,大宏立,专用设备,4.3647795,-2.0537717
1515,2025-01-27,SH.ZB_600643,爱建集团,多元金融,4.364599,-2.2815163
1516,2025-01-27,SZ.ZB_002129,TCL中环,光伏设备,4.363616,-1.8220071
1517,2025-01-27,SH.ZB_603533,掌阅科技,文化传媒,4.361884,-2.8490524
1518,2025-01-27,SH.ZB_603408,建霖家居,装修装饰,4.361041,-2.7475617
1519,2025-01-27,SH.KC_300820,英杰电气,电源设备,4.3591275,-1.7870609
1520,2025-01-27,SH.ZB_601519,大智慧,软件开发,4.358776,-2.303497
1521,2025-01-27,SH.KC_301161,唯万密封,塑料制品,4.358019,-2.0092537
1522,2025-01-27,SZ.ZB_002875,安奈儿,纺织服装,4.357906,-1.4649353
1523,2025-01-27,SH.KC_688049,炬芯科技,半导体,4.35739,-3.8209605
1524,2025-01-27,SZ.ZB_002642,荣联科技,互联网服务,4.3567777,-2.7955775
1525,2025-01-27,SZ.ZB_002209,达 意 隆,专用设备,4.3561893,-3.006584
1526,2025-01-27,SH.ZB_601106,中国一重,专用设备,4.3536572,-1.6558183
1527,2025-01-27,SZ.ZB_002150,通润装备,通用设备,4.3526783,-3.0264168
1528,2025-01-27,SH.ZB_600292,远达环保,环保行业,4.351918,-2.423797
1529,2025-01-27,SH.ZB_603159,上海亚虹,专用设备,4.350254,-1.860643
1530,2025-01-27,SH.ZB_603655,朗博科技,汽车零部件,4.3435307,-1.8496175
1531,2025-01-27,SZ.ZB_000008,神州高铁,交运设备,4.3398085,-1.7418554
1532,2025-01-27,SH.ZB_603086,先达股份,农药兽药,4.339564,-1.6645656
1533,2025-01-27,SH.KC_300478,杭州高新,塑料制品,4.333292,-2.4179423
1534,2025-01-27,SZ.ZB_002672,东江环保,环保行业,4.327607,-1.9817137
1535,2025-01-27,SZ.ZB_002389,航天彩虹,航天航空,4.323253,-2.1117795
1536,2025-01-27,SH.KC_300538,同益股份,塑料制品,4.3225365,-1.9378347
1537,2025-01-27,SZ.ZB_002231,奥维通信,通信服务,4.3216987,-2.276878
1538,2025-01-27,SH.KC_300264,佳创视讯,互联网服务,4.3192654,-2.8682203
1539,2025-01-27,SZ.ZB_000504,南华生物,医疗服务,4.3191047,-2.6527596
1540,2025-01-27,SH.KC_300699,光威复材,化学制品,4.319069,-1.6939356
1541,2025-01-27,SH.ZB_600370,三房巷,化学制品,4.3185368,-1.662559
1542,2025-01-27,SH.ZB_600171,上海贝岭,半导体,4.3172107,-2.4427624
1543,2025-01-27,SH.ZB_603936,博敏电子,电子元件,4.3169856,-1.6766951
1544,2025-01-27,SZ.ZB_002953,日丰股份,电网设备,4.3136225,-2.3724477
1545,2025-01-27,SH.KC_300565,科信技术,通信设备,4.312436,-2.0716372
1546,2025-01-27,SH.ZB_600313,农发种业,农牧饲渔,4.3117495,-1.7901398
1547,2025-01-27,SH.KC_300384,三联虹普,专业服务,4.3095975,-3.0071974
1548,2025-01-27,SH.KC_301011,华立科技,专用设备,4.3068724,-3.0924623
1549,2025-01-27,SH.KC_300668,杰恩设计,工程咨询服务,4.3045907,-2.3839958
1550,2025-01-27,SH.KC_300690,双一科技,风电设备,4.303886,-2.1847517
1551,2025-01-27,SH.KC_688351,微电生理-U,医疗器械,4.3038664,-2.6243546
1552,2025-01-27,SH.KC_688166,博瑞医药,化学制药,4.303543,-2.675664
1553,2025-01-27,SH.KC_300066,三川智慧,仪器仪表,4.3033347,-1.8514094
1554,2025-01-27,SZ.ZB_002208,合肥城建,房地产开发,4.3019443,-2.1412706
1555,2025-01-27,SZ.ZB_000619,海螺新材,装修建材,4.298961,-2.150857
1556,2025-01-27,SH.KC_300626,华瑞股份,电机,4.2977557,-2.0883718
1557,2025-01-27,SH.ZB_600983,惠而浦,家电行业,4.296933,-1.9052248
1558,2025-01-27,SZ.ZB_002879,长缆科技,电网设备,4.2959795,-2.5365386
1559,2025-01-27,SZ.ZB_002786,银宝山新,专用设备,4.2955384,-1.3594105
1560,2025-01-27,SH.KC_301112,信邦智能,专用设备,4.293805,-2.577933
1561,2025-01-27,SZ.ZB_002397,梦洁股份,纺织服装,4.29354,-2.4977348
1562,2025-01-27,SH.KC_301607,富特科技,汽车零部件,4.2929873,-1.6267008
1563,2025-01-27,SH.ZB_603929,亚翔集成,装修装饰,4.2898207,-2.4134479
1564,2025-01-27,SH.ZB_600322,津投城开,房地产开发,4.2895646,-1.8147002
1565,2025-01-27,SH.ZB_600621,华鑫股份,证券,4.2859645,-2.2547743
1566,2025-01-27,SZ.ZB_002486,嘉麟杰,纺织服装,4.282792,-2.373398
1567,2025-01-27,SH.ZB_600775,南京熊猫,通信设备,4.279619,-1.8886636
1568,2025-01-27,SH.ZB_600367,红星发展,化学原料,4.278344,-2.5228174
1569,2025-01-27,SH.KC_300567,精测电子,仪器仪表,4.2780714,-1.6724315
1570,2025-01-27,SH.ZB_603332,苏州龙杰,化纤行业,4.276608,-3.788618
1571,2025-01-27,SH.KC_300661,圣邦股份,半导体,4.275529,-3.4581125
1572,2025-01-27,SZ.ZB_002613,北玻股份,玻璃玻纤,4.2748156,-2.55796
1573,2025-01-27,SH.KC_300283,温州宏丰,电网设备,4.274379,-1.9360589
1574,2025-01-27,SZ.ZB_000750,国海证券,证券,4.2739973,-2.1083333
1575,2025-01-27,SH.KC_300879,大叶股份,专用设备,4.272188,-3.1225126
1576,2025-01-27,SH.KC_688326,经纬恒润-W,汽车零部件,4.2714596,-2.9318702
1577,2025-01-27,SH.KC_300582,英飞特,光学光电子,4.2713447,-2.7058372
1578,2025-01-27,SH.ZB_600439,瑞贝卡,家用轻工,4.270357,-2.085856
1579,2025-01-27,SH.KC_688249,晶合集成,半导体,4.2700334,-2.94533
1580,2025-01-27,SH.ZB_600071,凤凰光学,光学光电子,4.2695003,-2.8957891
1581,2025-01-27,SH.KC_688656,浩欧博,医疗器械,4.268041,-1.2520611
1582,2025-01-27,SH.KC_300883,龙利得,造纸印刷,4.2679577,-2.517899
1583,2025-01-27,SH.ZB_600463,空港股份,房地产开发,4.266286,-2.4298751
1584,2025-01-27,SZ.ZB_002282,博深股份,通用设备,4.2639656,-2.8635576
1585,2025-01-27,SH.ZB_600630,龙头股份,纺织服装,4.262565,-2.1219893
1586,2025-01-27,SH.ZB_600468,百利电气,电网设备,4.26106,-1.1707458
1587,2025-01-27,SH.KC_300346,南大光电,电子化学品,4.2598352,-2.1049664
1588,2025-01-27,SZ.ZB_002501,利源股份,有色金属,4.258594,-2.2386496
1589,2025-01-27,SH.ZB_600615,丰华股份,小金属,4.2581096,-2.2842705
1590,2025-01-27,SZ.ZB_000677,恒天海龙,化纤行业,4.256663,-2.062761
1591,2025-01-27,SH.KC_688536,思瑞浦,半导体,4.2565227,-2.573495
1592,2025-01-27,SH.KC_688530,欧莱新材,半导体,4.25646,-1.7700185
1593,2025-01-27,SH.ZB_600841,动力新科,汽车整车,4.255259,-1.5020504
1594,2025-01-27,SZ.ZB_002554,惠博普,采掘行业,4.2539597,-1.9500322
1595,2025-01-27,SZ.ZB_002921,联诚精密,汽车零部件,4.252024,-2.8933876
1596,2025-01-27,SH.ZB_603626,科森科技,消费电子,4.2514234,-1.8821739
1597,2025-01-27,SZ.ZB_002075,沙钢股份,钢铁行业,4.2482853,-1.5108694
1598,2025-01-27,SZ.ZB_002692,远程股份,电网设备,4.2474732,-1.499283
1599,2025-01-27,SH.ZB_600095,湘财股份,证券,4.2474732,-1.8702497
1600,2025-01-27,SH.KC_688012,中微公司,半导体,4.2465477,-1.9803097
1601,2025-01-27,SH.KC_300689,澄天伟业,通信设备,4.2465343,-2.4842105
1602,2025-01-27,SH.ZB_603032,德新科技,电池,4.2436404,-1.6292927
1603,2025-01-27,SH.ZB_605117,德业股份,光伏设备,4.243289,-2.4771924
1604,2025-01-27,SZ.ZB_002927,泰永长征,电网设备,4.2420893,-2.0793602
1605,2025-01-27,SH.ZB_603123,翠微股份,多元金融,4.24151,-1.6146637
1606,2025-01-27,SH.KC_300324,旋极信息,互联网服务,4.2395563,-2.0874202
1607,2025-01-27,SH.KC_301116,益客食品,食品饮料,4.239236,-1.9280685
1608,2025-01-27,SZ.ZB_000893,亚钾国际,化肥行业,4.239084,-2.8207858
1609,2025-01-27,SZ.ZB_000965,天保基建,房地产开发,4.236862,-2.0953658
1610,2025-01-27,SH.KC_300099,尤洛卡,专用设备,4.235168,-2.2187858
1611,2025-01-27,SH.ZB_600498,烽火通信,通信设备,4.235013,-2.2458456
1612,2025-01-27,SZ.ZB_002170,芭田股份,化肥行业,4.2339506,-2.0004559
1613,2025-01-27,SH.KC_688126,沪硅产业,半导体,4.2335243,-1.570943
1614,2025-01-27,SH.KC_301285,鸿日达,电子元件,4.2334332,-1.9004084
1615,2025-01-27,SZ.ZB_002949,华阳国际,工程咨询服务,4.23191,-2.7728748
1616,2025-01-27,SH.KC_688375,国博电子,电子元件,4.231672,-2.2113814
1617,2025-01-27,SH.ZB_600748,上实发展,房地产开发,4.228574,-2.1289778
1618,2025-01-27,SH.ZB_600152,维科技术,电池,4.227176,-1.7580839
1619,2025-01-27,SZ.ZB_000936,华西股份,化纤行业,4.2258425,-2.7414966
1620,2025-01-27,SH.KC_300732,设研院,工程咨询服务,4.2239413,-2.4008586
1621,2025-01-27,SH.KC_300842,帝科股份,光伏设备,4.223627,-2.3682487
1622,2025-01-27,SH.KC_688371,菲沃泰,电子元件,4.2233047,-2.2835217
1623,2025-01-27,SH.KC_301369,联动科技,半导体,4.222661,-2.0559556
1624,2025-01-27,SH.KC_688206,概伦电子,软件开发,4.220894,-2.7257495
1625,2025-01-27,SH.KC_688202,美迪西,医疗服务,4.2193904,-2.1328921
1626,2025-01-27,SZ.ZB_002661,克明食品,食品饮料,4.2170687,-2.1105006
1627,2025-01-27,SH.ZB_600550,保变电气,电网设备,4.216255,-2.1732128
1628,2025-01-27,SH.KC_688246,嘉和美康,医疗服务,4.213719,-3.3456676
1629,2025-01-27,SZ.ZB_000958,电投产融,电力行业,4.2123094,-2.1171725
1630,2025-01-27,SH.ZB_603885,吉祥航空,航空机场,4.208627,-2.4111362
1631,2025-01-27,SH.KC_300953,震裕科技,电池,4.2082534,-6.2438517
1632,2025-01-27,SZ.ZB_002929,润建股份,通信服务,4.2073803,-3.346544
1633,2025-01-27,SZ.ZB_003010,若羽臣,互联网服务,4.2066665,-2.7337513
1634,2025-01-27,SH.ZB_603126,中材节能,环保行业,4.205762,-1.6068915
1635,2025-01-27,SZ.ZB_002350,北京科锐,电网设备,4.2035623,-2.282814
1636,2025-01-27,SH.KC_688556,高测股份,光伏设备,4.2019186,-1.1364517
1637,2025-01-27,SH.KC_688312,燕麦科技,专用设备,4.199979,-2.0242975
1638,2025-01-27,SH.KC_300022,吉峰科技,工程机械,4.1997523,-1.8666393
1639,2025-01-27,SH.KC_688682,霍莱沃,通信服务,4.198469,-2.5077133
1640,2025-01-27,SH.KC_301321,翰博高新,光学光电子,4.197796,-2.3505645
1641,2025-01-27,SZ.ZB_002956,西麦食品,食品饮料,4.197456,-2.4551477
1642,2025-01-27,SH.KC_300736,百邦科技,通信服务,4.1969833,-1.9787524
1643,2025-01-27,SH.KC_300796,贝斯美,农药兽药,4.1920276,-2.2108424
1644,2025-01-27,SZ.ZB_000565,渝三峡Ａ,化学制品,4.191585,-2.4250696
1645,2025-01-27,SH.KC_301070,开勒股份,专用设备,4.1913943,-2.8306575
1646,2025-01-27,SH.ZB_600962,国投中鲁,食品饮料,4.191384,-1.8771484
1647,2025-01-27,SZ.ZB_002171,楚江新材,有色金属,4.1898117,-2.267394
1648,2025-01-27,SH.KC_300475,香农芯创,电子元件,4.1883736,-2.1140535
1649,2025-01-27,SH.KC_688659,元琛科技,环保行业,4.187168,-2.8519773
1650,2025-01-27,SH.ZB_605068,明新旭腾,汽车零部件,4.1851444,-2.5174146
1651,2025-01-27,SZ.ZB_002731,萃华珠宝,珠宝首饰,4.184185,-2.2791405
1652,2025-01-27,SH.KC_300340,科恒股份,电池,4.1838183,-2.1787193
1653,2025-01-27,SH.ZB_601608,中信重工,专用设备,4.1831746,-1.9354668
1654,2025-01-27,SH.KC_688169,石头科技,家电行业,4.1821613,-2.1111023
1655,2025-01-27,SH.KC_300521,爱司凯,专用设备,4.181826,-3.0737526
1656,2025-01-27,SZ.ZB_001287,中电港,贸易行业,4.1813493,-2.3503766
1657,2025-01-27,SH.ZB_600501,航天晨光,专用设备,4.180768,-2.394446
1658,2025-01-27,SH.ZB_605358,立昂微,半导体,4.1803107,-1.8519975
1659,2025-01-27,SH.KC_300240,飞力达,物流行业,4.179406,-2.1217577
1660,2025-01-27,SH.ZB_600114,东睦股份,通用设备,4.1784124,-2.9820662
1661,2025-01-27,SZ.ZB_002218,拓日新能,光伏设备,4.1780562,-1.5141541
1662,2025-01-27,SH.ZB_603728,鸣志电器,电机,4.1778417,-3.5010777
1663,2025-01-27,SZ.ZB_002297,博云新材,航天航空,4.176982,-1.8782871
1664,2025-01-27,SH.ZB_600390,五矿资本,多元金融,4.1765003,-2.386319
1665,2025-01-27,SH.ZB_600611,大众交通,铁路公路,4.1739807,-1.7967615
1666,2025-01-27,SH.KC_300701,森霸传感,光学光电子,4.1714373,-3.0863826
1667,2025-01-27,SH.KC_301567,贝隆精密,消费电子,4.1701393,-1.794174
1668,2025-01-27,SH.KC_300703,创源股份,家用轻工,4.1687727,-3.3367343
1669,2025-01-27,SH.ZB_600592,龙溪股份,通用设备,4.1682096,-2.6438396
1670,2025-01-27,SZ.ZB_002979,雷赛智能,专用设备,4.166289,-3.8768754
1671,2025-01-27,SZ.ZB_002918,蒙娜丽莎,装修建材,4.1648107,-1.1134862
1672,2025-01-27,SZ.ZB_002182,宝武镁业,有色金属,4.164304,-2.6605785
1673,2025-01-27,SH.KC_688435,英方软件,软件开发,4.1613207,-2.6803315
1674,2025-01-27,SH.KC_300942,易瑞生物,化学制药,4.155372,-2.1505108
1675,2025-01-27,SZ.ZB_002038,双鹭药业,生物制品,4.154809,-1.6729805
1676,2025-01-27,SH.KC_688181,八亿时空,光学光电子,4.149225,-2.7048342
1677,2025-01-27,SH.ZB_601136,首创证券,证券,4.1457505,-2.3678932
1678,2025-01-27,SH.ZB_600272,开开实业,医药商业,4.1455326,-2.1592855
1679,2025-01-27,SH.ZB_603308,应流股份,通用设备,4.1455045,-5.082906
1680,2025-01-27,SH.KC_301072,中捷精工,汽车零部件,4.1446357,-2.3614705
1681,2025-01-27,SZ.ZB_002434,万里扬,汽车零部件,4.142323,-2.5517783
1682,2025-01-27,SH.ZB_603600,永艺股份,装修建材,4.1420355,-3.1366746
1683,2025-01-27,SH.ZB_605588,冠石科技,半导体,4.1411953,-2.3513503
1684,2025-01-27,SZ.ZB_002169,智光电气,电网设备,4.141173,-1.9569424
1685,2025-01-27,SZ.ZB_001311,多利科技,汽车零部件,4.140805,-2.0279684
1686,2025-01-27,SH.KC_688551,科威尔,电源设备,4.1372643,-1.9501951
1687,2025-01-27,SH.KC_301211,亨迪药业,化学制药,4.135047,-1.6544439
1688,2025-01-27,SZ.ZB_002605,姚记科技,游戏,4.134403,-2.5352886
1689,2025-01-27,SZ.ZB_002570,贝因美,食品饮料,4.1343703,-2.345081
1690,2025-01-27,SH.ZB_603315,福鞍股份,通用设备,4.134287,-1.6669519
1691,2025-01-27,SZ.ZB_001308,康冠科技,消费电子,4.133932,-2.152377
1692,2025-01-27,SZ.ZB_002877,智能自控,仪器仪表,4.133874,-2.0830345
1693,2025-01-27,SH.KC_300531,优博讯,计算机设备,4.132345,-2.2497203
1694,2025-01-27,SH.ZB_600250,南京商旅,贸易行业,4.1286526,-1.7193485
1695,2025-01-27,SH.ZB_600162,香江控股,房地产开发,4.1284947,-1.9998736
1696,2025-01-27,SH.ZB_603529,爱玛科技,交运设备,4.127398,-2.6782
1697,2025-01-27,SH.ZB_603387,基蛋生物,医疗器械,4.124297,-2.020793
1698,2025-01-27,SH.ZB_600438,通威股份,光伏设备,4.1239185,-1.9542241
1699,2025-01-27,SZ.ZB_000078,海王生物,医药商业,4.1236773,-1.4705824
1700,2025-01-27,SH.KC_301606,绿联科技,消费电子,4.123588,-3.1101751
1701,2025-01-27,SZ.ZB_002510,天汽模,汽车零部件,4.12337,-1.9636774
1702,2025-01-27,SH.ZB_600810,神马股份,化纤行业,4.121669,-2.4092147
1703,2025-01-27,SH.ZB_600343,航天动力,专用设备,4.118624,-1.7707291
1704,2025-01-27,SH.ZB_600185,格力地产,房地产开发,4.118472,-1.3923534
1705,2025-01-27,SH.KC_301587,中瑞股份,电池,4.1184707,-1.8555856
1706,2025-01-27,SH.ZB_603958,哈森股份,纺织服装,4.116738,-1.3154631
1707,2025-01-27,SH.KC_301162,国能日新,软件开发,4.1150093,-2.1914477
1708,2025-01-27,SH.ZB_600169,太原重工,专用设备,4.114987,-2.0314007
1709,2025-01-27,SH.KC_301012,扬电科技,电网设备,4.112181,-2.6453116
1710,2025-01-27,SH.KC_688668,鼎通科技,通信设备,4.1109962,-4.0269194
1711,2025-01-27,SZ.ZB_002133,广宇集团,房地产开发,4.11014,-1.7341275
1712,2025-01-27,SH.KC_688523,航天环宇,航天航空,4.1094093,-2.0764163
1713,2025-01-27,SZ.ZB_000831,中国稀土,小金属,4.1087046,-1.6662266
1714,2025-01-27,SH.KC_688589,力合微,半导体,4.106836,-1.7472184
1715,2025-01-27,SH.KC_688150,莱特光电,光学光电子,4.1032763,-2.2974362
1716,2025-01-27,SH.KC_688509,正元地信,互联网服务,4.102899,-2.6757574
1717,2025-01-27,SH.KC_300623,捷捷微电,半导体,4.101728,-2.4541001
1718,2025-01-27,SH.ZB_600665,天地源,房地产开发,4.100354,-1.2597529
1719,2025-01-27,SH.ZB_603356,华菱精工,专用设备,4.0973215,-1.5242963
1720,2025-01-27,SZ.ZB_002314,南山控股,房地产开发,4.096308,-1.9584967
1721,2025-01-27,SH.KC_688450,光格科技,仪器仪表,4.096067,-2.2079399
1722,2025-01-27,SH.KC_688213,思特威-W,半导体,4.0947304,-3.0147564
1723,2025-01-27,SZ.ZB_002016,世荣兆业,房地产开发,4.094072,-1.8006864
1724,2025-01-27,SH.KC_688030,山石网科,软件开发,4.09248,-2.5251822
1725,2025-01-27,SH.KC_300212,易华录,互联网服务,4.091659,-2.0244062
1726,2025-01-27,SH.KC_300730,科创信息,软件开发,4.088907,-2.6700108
1727,2025-01-27,SH.KC_300579,数字认证,软件开发,4.087378,-3.011026
1728,2025-01-27,SH.KC_688597,煜邦电力,电网设备,4.0860696,-2.6708138
1729,2025-01-27,SZ.ZB_000801,四川九洲,家电行业,4.0859194,-2.7056491
1730,2025-01-27,SH.ZB_600773,西藏城投,房地产开发,4.0852127,-1.8655422
1731,2025-01-27,SH.ZB_605060,联德股份,通用设备,4.0844517,-2.9658449
1732,2025-01-27,SZ.ZB_002183,怡 亚 通,贸易行业,4.084158,-1.8600351
1733,2025-01-27,SH.KC_300639,凯普生物,医疗器械,4.0828943,-1.8360019
1734,2025-01-27,SZ.ZB_002981,朝阳科技,消费电子,4.0817485,-2.6275773
1735,2025-01-27,SH.ZB_600604,市北高新,房地产服务,4.0806637,-2.1685436
1736,2025-01-27,SH.KC_300562,乐心医疗,医疗器械,4.0801363,-2.4524214
1737,2025-01-27,SZ.ZB_000862,银星能源,电力行业,4.0796757,-2.2528803
1738,2025-01-27,SH.KC_688055,龙腾光电,光学光电子,4.079135,-1.9067165
1739,2025-01-27,SH.KC_300511,雪榕生物,农牧饲渔,4.078166,-2.112895
1740,2025-01-27,SZ.ZB_000953,河化股份,化学制药,4.0771527,-2.306581
1741,2025-01-27,SH.KC_300784,利安科技,塑料制品,4.0755258,-2.1343431
1742,2025-01-27,SZ.ZB_002338,奥普光电,仪器仪表,4.0744557,-2.0145276
1743,2025-01-27,SZ.ZB_000039,中集集团,通用设备,4.0742354,-1.2223202
1744,2025-01-27,SH.KC_688135,利扬芯片,半导体,4.071629,-2.191814
1745,2025-01-27,SH.ZB_600337,美克家居,装修建材,4.0710135,-1.7633066
1746,2025-01-27,SZ.ZB_001225,和泰机电,通用设备,4.070695,-2.1875982
1747,2025-01-27,SZ.ZB_002581,未名医药,生物制品,4.0673165,-1.7167549
1748,2025-01-27,SH.KC_300150,世纪瑞尔,互联网服务,4.0647717,-3.4927354
1749,2025-01-27,SZ.ZB_000777,中核科技,通用设备,4.064691,-1.7210361
1750,2025-01-27,SZ.ZB_002737,葵花药业,中药,4.063952,-1.3933414
1751,2025-01-27,SH.ZB_600149,廊坊发展,电力行业,4.0638313,-2.956734
1752,2025-01-27,SH.ZB_605555,德昌股份,家电行业,4.062168,-3.387516
1753,2025-01-27,SZ.ZB_002688,金河生物,农药兽药,4.061845,-2.3968549
1754,2025-01-27,SZ.ZB_002351,漫步者,消费电子,4.061806,-2.522656
1755,2025-01-27,SZ.ZB_002903,宇环数控,通用设备,4.0616975,-2.2298992
1756,2025-01-27,SZ.ZB_002138,顺络电子,电子元件,4.061286,-1.9932196
1757,2025-01-27,SH.KC_301017,漱玉平民,医药商业,4.059589,-2.0611348
1758,2025-01-27,SZ.ZB_002402,和而泰,消费电子,4.0590687,-2.576814
1759,2025-01-27,SZ.ZB_002201,正威新材,玻璃玻纤,4.0579157,-2.304005
1760,2025-01-27,SH.ZB_600460,士兰微,半导体,4.056615,-2.29467
1761,2025-01-27,SZ.ZB_000610,西安旅游,旅游酒店,4.056303,-1.5533112
1762,2025-01-27,SZ.ZB_002982,湘佳股份,农牧饲渔,4.0559425,-2.5115573
1763,2025-01-27,SZ.ZB_002623,亚玛顿,光伏设备,4.0550456,-2.0294614
1764,2025-01-27,SH.ZB_603111,康尼机电,交运设备,4.0527463,-3.5010138
1765,2025-01-27,SH.KC_688443,智翔金泰-U,生物制品,4.0525227,-2.7310271
1766,2025-01-27,SZ.ZB_001379,腾达科技,通用设备,4.052222,-2.3756156
1767,2025-01-27,SH.KC_300803,指南针,软件开发,4.0514708,-2.792166
1768,2025-01-27,SH.ZB_600617,国新能源,燃气,4.0502505,-1.5939394
1769,2025-01-27,SH.ZB_603319,湘油泵,汽车零部件,4.04868,-2.9081616
1770,2025-01-27,SH.KC_300443,金雷股份,风电设备,4.0477753,-1.9965122
1771,2025-01-27,SH.KC_688198,佰仁医疗,医疗器械,4.046087,-1.5522082
1772,2025-01-27,SH.ZB_600560,金自天正,专用设备,4.044533,-2.5965397
1773,2025-01-27,SH.ZB_603005,晶方科技,半导体,4.0438576,-2.4123785
1774,2025-01-27,SH.KC_300119,瑞普生物,农药兽药,4.0433855,-2.2207341
1775,2025-01-27,SZ.ZB_000410,沈阳机床,通用设备,4.0428104,-1.6289257
1776,2025-01-27,SH.ZB_605208,永茂泰,汽车零部件,4.0426164,-1.9274477
1777,2025-01-27,SH.ZB_601233,桐昆股份,化纤行业,4.038481,-1.8215673
1778,2025-01-27,SH.KC_300564,筑博设计,工程咨询服务,4.0384574,-2.4615715
1779,2025-01-27,SZ.ZB_002755,奥赛康,化学制药,4.03647,-3.473458
1780,2025-01-27,SH.KC_688283,坤恒顺维,专用设备,4.0330634,-2.652309
1781,2025-01-27,SH.ZB_603917,合力科技,汽车零部件,4.032069,-1.9465927
1782,2025-01-27,SH.KC_688500,慧辰股份,互联网服务,4.0282874,-2.0519686
1783,2025-01-27,SH.KC_688448,磁谷科技,通用设备,4.0269985,-2.412167
1784,2025-01-27,SH.ZB_603918,金桥信息,互联网服务,4.026279,-2.8621814
1785,2025-01-27,SH.ZB_603882,金域医学,医疗服务,4.025479,-1.620188
1786,2025-01-27,SH.KC_688096,京源环保,环保行业,4.0236025,-2.3779566
1787,2025-01-27,SZ.ZB_002622,皓宸医疗,医疗服务,4.022092,-2.1022027
1788,2025-01-27,SH.ZB_603390,通达电气,汽车零部件,4.0211573,-2.0172715
1789,2025-01-27,SH.KC_300274,阳光电源,光伏设备,4.018813,-2.2100914
1790,2025-01-27,SH.ZB_603108,润达医疗,医疗服务,4.0184064,-2.7960567
1791,2025-01-27,SZ.ZB_002885,京泉华,消费电子,4.0142045,-1.8018225
1792,2025-01-27,SH.KC_300086,康芝药业,化学制药,4.0139675,-1.744624
1793,2025-01-27,SH.KC_300861,美畅股份,非金属材料,4.0092454,-2.0323656
1794,2025-01-27,SZ.ZB_002970,锐明技术,计算机设备,4.007068,-1.818689
1795,2025-01-27,SZ.ZB_002718,友邦吊顶,装修建材,4.0069118,-5.8171988
1796,2025-01-27,SH.KC_300981,中红医疗,医疗器械,4.0062695,-1.771151
1797,2025-01-27,SH.KC_300541,先进数通,互联网服务,4.005191,-2.5738394
1798,2025-01-27,SH.KC_300503,昊志机电,通用设备,4.0049224,-3.4882848
1799,2025-01-27,SZ.ZB_002162,悦心健康,装修建材,4.0039434,-1.7854084
1800,2025-01-27,SH.KC_688788,科思科技,通信设备,4.0028853,-2.5540514
1801,2025-01-27,SH.KC_300417,南华仪器,仪器仪表,4.001631,-1.756686
1802,2025-01-27,SH.KC_301337,亚华电子,软件开发,3.9997995,-2.383171
1803,2025-01-27,SZ.ZB_002730,电光科技,专用设备,3.994672,-9.53304
1804,2025-01-27,SH.ZB_600837,海通证券,证券,3.9945543,-1.9019274
1805,2025-01-27,SH.ZB_603335,迪生力,汽车零部件,3.9945335,-1.6091992
1806,2025-01-27,SZ.ZB_002176,江特电机,电机,3.9944158,-1.4329755
1807,2025-01-27,SZ.ZB_000973,佛塑科技,塑料制品,3.99289,-2.0404181
1808,2025-01-27,SZ.ZB_002210,飞马国际,环保行业,3.9913282,-1.5070733
1809,2025-01-27,SZ.ZB_002587,奥拓电子,光学光电子,3.9905877,-2.2148376
1810,2025-01-27,SH.KC_301009,可靠股份,美容护理,3.9903774,-2.5816414
1811,2025-01-27,SH.KC_300421,力星股份,通用设备,3.9895177,-2.9178092
1812,2025-01-27,SH.KC_301102,兆讯传媒,文化传媒,3.9817035,-3.286036
1813,2025-01-27,SH.ZB_603289,泰瑞机器,专用设备,3.979081,-2.074891
1814,2025-01-27,SZ.ZB_000572,海马汽车,汽车整车,3.9765744,-1.8941138
1815,2025-01-27,SH.KC_301361,众智科技,电网设备,3.9749713,-2.250227
1816,2025-01-27,SH.KC_688105,诺唯赞,医疗器械,3.9747014,-2.0742996
1817,2025-01-27,SH.KC_300712,永福股份,工程建设,3.973773,-2.4299424
1818,2025-01-27,SH.ZB_603738,泰晶科技,电子元件,3.973715,-2.2588556
1819,2025-01-27,SZ.ZB_000017,深中华A,珠宝首饰,3.973505,-1.5156921
1820,2025-01-27,SH.ZB_600408,安泰集团,煤炭行业,3.970623,-2.1073904
1821,2025-01-27,SH.KC_688503,聚和材料,光伏设备,3.970602,-2.4525208
1822,2025-01-27,SH.ZB_603679,华体科技,光学光电子,3.9698734,-2.1078084
1823,2025-01-27,SZ.ZB_000519,中兵红箭,专用设备,3.9684951,-1.6840905
1824,2025-01-27,SH.ZB_605567,春雪食品,食品饮料,3.968078,-2.2029839
1825,2025-01-27,SH.ZB_603351,威尔药业,化学制药,3.9673612,-2.07751
1826,2025-01-27,SH.KC_688387,信科移动-U,通信设备,3.9646134,-1.9260654
1827,2025-01-27,SZ.ZB_000420,吉林化纤,化纤行业,3.9645553,-2.2573845
1828,2025-01-27,SH.ZB_600979,广安爱众,电力行业,3.9637506,-2.4928057
1829,2025-01-27,SZ.ZB_002413,雷科防务,通信设备,3.9624186,-1.7152667
1830,2025-01-27,SH.ZB_600827,百联股份,商业百货,3.9602995,-1.6365392
1831,2025-01-27,SZ.ZB_000852,石化机械,专用设备,3.9577737,-1.8122782
1832,2025-01-27,SH.KC_300351,永贵电器,交运设备,3.95571,-2.295627
1833,2025-01-27,SZ.ZB_000501,武商集团,商业百货,3.9556072,-1.4175421
1834,2025-01-27,SH.KC_688306,均普智能,专用设备,3.9550037,-3.5259457
1835,2025-01-27,SH.ZB_603906,龙蟠科技,电池,3.9543657,-2.173071
1836,2025-01-27,SH.KC_300890,翔丰华,电池,3.9532855,-1.8871168
1837,2025-01-27,SH.KC_301269,华大九天,软件开发,3.9519668,-2.0802352
1838,2025-01-27,SH.ZB_603826,坤彩科技,非金属材料,3.9517417,-1.8830225
1839,2025-01-27,SH.KC_300477,合纵科技,电网设备,3.9459734,-1.2434888
1840,2025-01-27,SH.ZB_603268,松发股份,装修建材,3.945346,-2.4226024
1841,2025-01-27,SH.ZB_603806,福斯特,光伏设备,3.943485,-2.1036704
1842,2025-01-27,SH.KC_688301,奕瑞科技,医疗器械,3.9426968,-2.6967957
1843,2025-01-27,SH.ZB_605287,德才股份,装修装饰,3.9416895,-2.4650025
1844,2025-01-27,SH.KC_300288,朗玛信息,互联网服务,3.9413855,-1.9843506
1845,2025-01-27,SH.KC_688596,正帆科技,专用设备,3.9397075,-2.2415297
1846,2025-01-27,SH.KC_300756,金马游乐,旅游酒店,3.9394543,-2.9391847
1847,2025-01-27,SH.KC_300755,华致酒行,贸易行业,3.9376006,-2.175646
1848,2025-01-27,SH.KC_300787,海能实业,消费电子,3.936465,-1.992434
1849,2025-01-27,SH.KC_688686,奥普特,仪器仪表,3.9333224,-3.501153
1850,2025-01-27,SZ.ZB_000863,三湘印象,房地产开发,3.9332643,-2.2321713
1851,2025-01-27,SH.KC_301565,中仑新材,塑料制品,3.9321184,-1.7162215
1852,2025-01-27,SH.KC_300838,浙江力诺,仪器仪表,3.93084,-2.071554
1853,2025-01-27,SH.KC_300737,科顺股份,装修建材,3.929235,-2.1047444
1854,2025-01-27,SH.KC_300830,金现代,软件开发,3.9288907,-3.9029598
1855,2025-01-27,SH.ZB_603097,江苏华辰,电网设备,3.9281635,-2.1257472
1856,2025-01-27,SH.ZB_600753,庚星股份,贸易行业,3.9276333,1.5130527
1857,2025-01-27,SH.KC_301169,零点有数,专业服务,3.9274588,-1.9007766
1858,2025-01-27,SH.KC_300785,值得买,互联网服务,3.9270818,-3.4563699
1859,2025-01-27,SH.ZB_600319,亚星化学,化学原料,3.9269016,-2.1344006
1860,2025-01-27,SH.KC_301027,华蓝集团,工程咨询服务,3.9268403,-3.1517122
1861,2025-01-27,SZ.ZB_000620,新华联,房地产开发,3.9260745,-1.894438
1862,2025-01-27,SH.ZB_600797,浙大网新,互联网服务,3.9253263,-2.5631018
1863,2025-01-27,SH.KC_688316,青云科技-U,互联网服务,3.9253206,-3.4135625
1864,2025-01-27,SH.KC_688021,奥福环保,环保行业,3.924936,-2.406804
1865,2025-01-27,SH.KC_301298,东利机械,汽车零部件,3.9240406,-2.6333525
1866,2025-01-27,SH.ZB_600400,红豆股份,纺织服装,3.9226265,-1.8115202
1867,2025-01-27,SH.KC_300052,中青宝,游戏,3.922449,-2.2192042
1868,2025-01-27,SH.KC_300809,华辰装备,通用设备,3.9214702,-3.318688
1869,2025-01-27,SH.KC_300578,会畅通讯,通信服务,3.92012,-2.253879
1870,2025-01-27,SH.KC_300772,运达股份,风电设备,3.919618,-2.2259755
1871,2025-01-27,SH.KC_300614,百川畅银,环保行业,3.918986,-1.9320266
1872,2025-01-27,SZ.ZB_002337,赛象科技,专用设备,3.9158657,-2.3660069
1873,2025-01-27,SZ.ZB_002227,奥 特 迅,电源设备,3.9157524,-1.8084371
1874,2025-01-27,SZ.ZB_002952,亚世光电,光学光电子,3.9116979,-1.5987765
1875,2025-01-27,SH.KC_300659,中孚信息,软件开发,3.909266,-2.5641413
1876,2025-01-27,SH.KC_300168,万达信息,互联网服务,3.907758,-2.6142173
1877,2025-01-27,SH.KC_688201,信安世纪,软件开发,3.9072008,-2.1627448
1878,2025-01-27,SH.ZB_600796,钱江生化,环保行业,3.9031296,-2.3450813
1879,2025-01-27,SH.KC_300649,杭州园林,工程咨询服务,3.9027393,-2.2935379
1880,2025-01-27,SH.ZB_603297,永新光学,光学光电子,3.9016037,-2.692027
1881,2025-01-27,SH.KC_300500,启迪设计,工程咨询服务,3.900826,-2.0506234
1882,2025-01-27,SZ.ZB_002165,红 宝 丽,化学制品,3.9004922,-2.5753546
1883,2025-01-27,SZ.ZB_000969,安泰科技,通用设备,3.8997934,-2.3503673
1884,2025-01-27,SH.KC_688119,中钢洛耐,非金属材料,3.8983002,-1.9143515
1885,2025-01-27,SH.KC_688352,颀中科技,半导体,3.8970306,-1.98681
1886,2025-01-27,SH.KC_301381,赛维时代,互联网服务,3.896898,-2.5823104
1887,2025-01-27,SZ.ZB_002785,万里石,装修建材,3.8952975,-1.9674447
1888,2025-01-27,SZ.ZB_002180,纳思达,计算机设备,3.8943515,-1.8543499
1889,2025-01-27,SH.ZB_600707,彩虹股份,光学光电子,3.8937986,-2.906372
1890,2025-01-27,SZ.ZB_002460,赣锋锂业,能源金属,3.8930864,-1.8025193
1891,2025-01-27,SH.ZB_600490,鹏欣资源,有色金属,3.8921118,-2.1299317
1892,2025-01-27,SH.KC_301613,新铝时代,汽车零部件,3.8918138,-1.7896459
1893,2025-01-27,SH.KC_300547,川环科技,橡胶制品,3.8892388,-6.1858897
1894,2025-01-27,SH.ZB_600331,宏达股份,有色金属,3.886552,-2.3584354
1895,2025-01-27,SH.KC_301077,星华新材,化学制品,3.8860812,-2.0871184
1896,2025-01-27,SH.KC_300986,志特新材,装修装饰,3.8845897,-3.2168553
1897,2025-01-27,SH.ZB_600184,光电股份,专用设备,3.883469,-2.9945233
1898,2025-01-27,SZ.ZB_002802,洪汇新材,化学制品,3.882964,-2.2392957
1899,2025-01-27,SH.KC_688710,益诺思,生物制品,3.8827465,-2.0832472
1900,2025-01-27,SH.ZB_600353,旭光电子,电子元件,3.882642,-1.8210381
1901,2025-01-27,SH.ZB_603678,火炬电子,电子元件,3.8825393,-1.4469604
1902,2025-01-27,SZ.ZB_002933,新兴装备,航天航空,3.8822815,-2.5348432
1903,2025-01-27,SZ.ZB_000892,欢瑞世纪,文化传媒,3.8814054,-2.3513737
1904,2025-01-27,SH.ZB_603255,鼎际得,化学制品,3.8812234,-1.9134481
1905,2025-01-27,SH.KC_301626,苏州天脉,消费电子,3.8806484,-2.021485
1906,2025-01-27,SH.KC_301313,凡拓数创,软件开发,3.8805559,-2.0205028
1907,2025-01-27,SH.KC_300601,康泰生物,生物制品,3.8764343,-1.4522763
1908,2025-01-27,SZ.ZB_002395,双象股份,塑料制品,3.8757653,-2.1848862
1909,2025-01-27,SH.KC_300158,振东制药,化学制药,3.874743,-1.4922765
1910,2025-01-27,SH.KC_301192,泰祥股份,汽车零部件,3.8743377,-3.779308
1911,2025-01-27,SH.KC_688158,优刻得-W,互联网服务,3.8738399,-3.0208807
1912,2025-01-27,SH.KC_300843,胜蓝股份,消费电子,3.8728402,-3.8618474
1913,2025-01-27,SH.KC_301238,瑞泰新材,电池,3.8719683,-1.905892
1914,2025-01-27,SH.KC_301418,协昌科技,专用设备,3.8717732,-1.8824157
1915,2025-01-27,SZ.ZB_002659,凯文教育,教育,3.8700297,-2.475675
1916,2025-01-27,SH.ZB_600774,汉商集团,商业百货,3.8699522,-1.9635221
1917,2025-01-27,SH.ZB_601777,力帆科技,汽车整车,3.8692758,-2.2602544
1918,2025-01-27,SH.KC_301281,科源制药,化学制药,3.868574,-1.8736131
1919,2025-01-27,SH.KC_300516,久之洋,电子元件,3.8660839,-1.7023746
1920,2025-01-27,SZ.ZB_002637,赞宇科技,化学制品,3.8659022,-1.9071046
1921,2025-01-27,SH.ZB_600716,凤凰股份,房地产开发,3.863509,-2.088756
1922,2025-01-27,SH.ZB_603196,日播时尚,纺织服装,3.8616762,-2.419379
1923,2025-01-27,SH.ZB_603158,腾龙股份,汽车零部件,3.8602605,-2.4828298
1924,2025-01-27,SH.KC_300184,力源信息,贸易行业,3.8599536,-1.870672
1925,2025-01-27,SH.KC_300747,锐科激光,电子元件,3.857559,-1.7816596
1926,2025-01-27,SH.KC_300298,三诺生物,医疗器械,3.8568125,-1.8184557
1927,2025-01-27,SZ.ZB_003006,百亚股份,美容护理,3.8548634,-2.247902
1928,2025-01-27,SZ.ZB_002441,众业达,电网设备,3.8531199,-2.6268308
1929,2025-01-27,SH.KC_301319,唯特偶,电子元件,3.8519204,-2.353774
1930,2025-01-27,SH.ZB_603628,清源股份,光伏设备,3.8515866,-2.1593268
1931,2025-01-27,SZ.ZB_002698,博实股份,专用设备,3.8500786,-2.844112
1932,2025-01-27,SH.ZB_605158,华达新材,钢铁行业,3.8478718,-1.8627608
1933,2025-01-27,SH.KC_300700,岱勒新材,通用设备,3.8459315,-2.0617123
1934,2025-01-27,SZ.ZB_002114,罗平锌电,有色金属,3.8442402,-2.1936483
1935,2025-01-27,SH.ZB_601086,国芳集团,商业百货,3.8426087,-1.6346749
1936,2025-01-27,SZ.ZB_002579,中京电子,电子元件,3.8416162,-2.1056776
1937,2025-01-27,SH.KC_300720,海川智能,仪器仪表,3.841281,-2.2489994
1938,2025-01-27,SH.KC_300539,横河精密,塑料制品,3.83991,-2.8934553
1939,2025-01-27,SH.KC_688259,创耀科技,半导体,3.8385959,-2.5117605
1940,2025-01-27,SH.ZB_601965,中国汽研,汽车服务,3.8369284,-2.2949712
1941,2025-01-27,SH.KC_300480,光力科技,专用设备,3.8324013,-1.7302856
1942,2025-01-27,SH.KC_300149,睿智医药,医疗服务,3.8321912,-2.0681927
1943,2025-01-27,SH.ZB_605128,上海沿浦,汽车零部件,3.8316636,-1.8157352
1944,2025-01-27,SH.KC_688543,国科军工,航天航空,3.8315787,-2.160438
1945,2025-01-27,SH.ZB_600830,香溢融通,多元金融,3.8300023,-2.1364875
1946,2025-01-27,SH.ZB_603283,赛腾股份,专用设备,3.8298578,-1.7178317
1947,2025-01-27,SH.ZB_600745,闻泰科技,消费电子,3.8280249,-2.4297009
1948,2025-01-27,SH.KC_300291,百纳千成,文化传媒,3.8277535,-2.3474004
1949,2025-01-27,SH.ZB_600857,宁波中百,商业百货,3.8247004,-2.5254028
1950,2025-01-27,SH.KC_688052,纳芯微,半导体,3.8165405,-2.8493476
1951,2025-01-27,SH.ZB_600735,新华锦,纺织服装,3.815803,-2.0651488
1952,2025-01-27,SH.KC_301055,张小泉,通用设备,3.815262,-2.2266767
1953,2025-01-27,SH.ZB_603029,天鹅股份,专用设备,3.8138971,-2.5408857
1954,2025-01-27,SZ.ZB_002563,森马服饰,纺织服装,3.8134813,-1.8430481
1955,2025-01-27,SH.ZB_603818,曲美家居,装修建材,3.8127675,-2.0241487
1956,2025-01-27,SH.ZB_603339,四方科技,通用设备,3.8124428,-2.2409995
1957,2025-01-27,SH.ZB_600794,保税科技,物流行业,3.8110242,-1.7890238
1958,2025-01-27,SZ.ZB_002192,融捷股份,能源金属,3.81044,-2.0076382
1959,2025-01-27,SH.KC_301548,崇德科技,通用设备,3.8067608,-2.189649
1960,2025-01-27,SH.ZB_601718,际华集团,纺织服装,3.806725,-1.3894215
1961,2025-01-27,SZ.ZB_000547,航天发展,通信设备,3.8057327,-1.8566661
1962,2025-01-27,SH.KC_300014,亿纬锂能,电池,3.805551,-1.3784697
1963,2025-01-27,SH.KC_688008,澜起科技,半导体,3.8036659,-2.573919
1964,2025-01-27,SZ.ZB_002856,美芝股份,装修装饰,3.8032844,-2.5681376
1965,2025-01-27,SH.ZB_603186,华正新材,电子元件,3.8019686,-1.9947671
1966,2025-01-27,SH.KC_300726,宏达电子,电子元件,3.8008437,-1.8852271
1967,2025-01-27,SH.KC_301488,豪恩汽电,汽车零部件,3.7994013,-2.0228705
1968,2025-01-27,SH.KC_300175,朗源股份,农牧饲渔,3.7991524,-1.7660247
1969,2025-01-27,SH.ZB_601929,吉视传媒,文化传媒,3.7991211,-2.0542538
1970,2025-01-27,SH.KC_301199,迈赫股份,专用设备,3.7988915,-3.81077
1971,2025-01-27,SH.KC_300311,任子行,软件开发,3.7983284,-2.3244283
1972,2025-01-27,SH.KC_300131,英唐智控,消费电子,3.7980258,-2.427977
1973,2025-01-27,SH.ZB_603359,东珠生态,环保行业,3.795606,-2.2879224
1974,2025-01-27,SH.KC_300109,新开源,化学制品,3.7932425,-2.1497562
1975,2025-01-27,SH.KC_300082,奥克股份,化学原料,3.7914946,-1.9483842
1976,2025-01-27,SH.KC_300684,中石科技,消费电子,3.790012,-3.0909717
1977,2025-01-27,SZ.ZB_002055,得润电子,消费电子,3.7856996,-1.174711
1978,2025-01-27,SZ.ZB_002716,湖南白银,贵金属,3.78353,-1.9612554
1979,2025-01-27,SZ.ZB_002664,信质集团,汽车零部件,3.7833185,-2.1709702
1980,2025-01-27,SH.KC_301078,孩子王,商业百货,3.7824318,-3.772753
1981,2025-01-27,SH.KC_688548,广钢气体,电子化学品,3.782189,-2.0752892
1982,2025-01-27,SZ.ZB_002248,华东数控,通用设备,3.7810192,-2.1228766
1983,2025-01-27,SH.KC_688118,普元信息,软件开发,3.780532,-3.7296429
1984,2025-01-27,SZ.ZB_002922,伊戈尔,电子元件,3.7800834,-2.3584442
1985,2025-01-27,SH.KC_300075,数字政通,软件开发,3.7766457,-1.6815094
1986,2025-01-27,SH.KC_688699,明微电子,半导体,3.7745953,-2.1944516
1987,2025-01-27,SH.ZB_603633,徕木股份,汽车零部件,3.773378,-2.3555508
1988,2025-01-27,SZ.ZB_002244,滨江集团,房地产开发,3.772606,-2.3329108
1989,2025-01-27,SH.ZB_601156,东航物流,物流行业,3.7716806,-2.3499885
1990,2025-01-27,SH.KC_301229,纽泰格,汽车零部件,3.771241,-2.2876337
1991,2025-01-27,SH.KC_300778,新城市,工程咨询服务,3.7704184,-2.187237
1992,2025-01-27,SH.ZB_600327,大东方,医疗服务,3.7696333,-2.1824663
1993,2025-01-27,SH.KC_300275,梅安森,仪器仪表,3.764069,-2.0513883
1994,2025-01-27,SH.KC_301387,光大同创,消费电子,3.7622616,-1.6933687
1995,2025-01-27,SH.KC_688082,盛美上海,半导体,3.7598834,-2.1747777
1996,2025-01-27,SZ.ZB_000633,合金投资,有色金属,3.7593887,-2.4630005
1997,2025-01-27,SZ.ZB_002292,奥飞娱乐,文化传媒,3.7590861,-3.8274846
1998,2025-01-27,SH.KC_300409,道氏技术,非金属材料,3.7589893,-1.954474
1999,2025-01-27,SH.ZB_600376,首开股份,房地产开发,3.758654,-1.8068277
2000,2025-01-27,SH.ZB_601015,陕西黑猫,煤炭行业,3.7568986,-2.4885976
2001,2025-01-27,SZ.ZB_000576,甘化科工,电源设备,3.7562072,-2.4202137
2002,2025-01-27,SH.KC_301333,诺思格,医疗服务,3.7555501,-2.7759457
2003,2025-01-27,SH.ZB_603960,克来机电,专用设备,3.7551448,-2.0438201
2004,2025-01-27,SH.KC_688328,深科达,专用设备,3.7534773,-1.8663125
2005,2025-01-27,SH.KC_300971,博亚精工,通用设备,3.7518635,-2.0754085
2006,2025-01-27,SZ.ZB_000735,罗 牛 山,农牧饲渔,3.75046,-2.1025968
2007,2025-01-27,SH.ZB_600392,盛和资源,小金属,3.750001,-1.9357343
2008,2025-01-27,SH.ZB_601698,中国卫通,通信服务,3.7488043,-2.289174
2009,2025-01-27,SZ.ZB_002910,庄园牧场,食品饮料,3.7482188,-2.5784683
2010,2025-01-27,SZ.ZB_000408,藏格矿业,化肥行业,3.7459671,-2.7128022
2011,2025-01-27,SZ.ZB_000676,智度股份,互联网服务,3.7428527,-2.7130022
2012,2025-01-27,SZ.ZB_000639,西王食品,食品饮料,3.7402616,0.21804273
2013,2025-01-27,SH.ZB_603506,南都物业,房地产服务,3.7385776,-2.7151
2014,2025-01-27,SH.KC_301280,珠城科技,电子元件,3.738418,-2.628921
2015,2025-01-27,SH.ZB_600719,大连热电,电力行业,3.7375793,-1.6057979
2016,2025-01-27,SH.KC_300281,金明精机,专用设备,3.7373037,-2.3467436
2017,2025-01-27,SH.ZB_603176,汇通集团,工程建设,3.7343874,-2.9727077
2018,2025-01-27,SZ.ZB_002140,东华科技,工程建设,3.734325,-2.1108537
2019,2025-01-27,SZ.ZB_002481,双塔食品,食品饮料,3.7342877,-1.9632595
2020,2025-01-27,SH.KC_300047,天源迪科,软件开发,3.733833,-2.3082268
2021,2025-01-27,SH.KC_688023,安恒信息,软件开发,3.7324758,-2.6254025
2022,2025-01-27,SH.KC_301522,上大股份,有色金属,3.7321627,-1.9332525
2023,2025-01-27,SH.KC_301390,经纬股份,电网设备,3.7317917,-2.195063
2024,2025-01-27,SH.KC_300492,华图山鼎,工程咨询服务,3.7271247,-2.2782474
2025,2025-01-27,SZ.ZB_002928,华夏航空,航空机场,3.7261412,-1.6552607
2026,2025-01-27,SH.ZB_603666,亿嘉和,专用设备,3.725177,-4.172769
2027,2025-01-27,SH.KC_300257,开山股份,通用设备,3.7250266,-2.260561
2028,2025-01-27,SH.KC_300233,金城医药,化学制药,3.7235081,-3.4964328
2029,2025-01-27,SH.KC_300100,双林股份,汽车零部件,3.7232609,-3.9890275
2030,2025-01-27,SH.KC_688178,万德斯,环保行业,3.7226348,-2.8370717
2031,2025-01-27,SH.ZB_600048,保利发展,房地产开发,3.7218094,-1.9155495
2032,2025-01-27,SH.KC_688679,通源环境,环保行业,3.7215352,-2.8484237
2033,2025-01-27,SZ.ZB_002203,海亮股份,有色金属,3.7208543,-2.0224383
2034,2025-01-27,SZ.ZB_002470,金正大,化肥行业,3.7207098,-2.5959985
2035,2025-01-27,SH.KC_300638,广和通,通信设备,3.7202806,-6.8008585
2036,2025-01-27,SH.KC_300969,恒帅股份,汽车零部件,3.7193,-3.0488462
2037,2025-01-27,SH.KC_688004,博汇科技,互联网服务,3.7190974,-2.8761039
2038,2025-01-27,SH.ZB_600336,澳柯玛,家电行业,3.7183464,-1.6451426
2039,2025-01-27,SH.KC_300450,先导智能,电池,3.716378,-2.4088185
2040,2025-01-27,SH.ZB_603991,至正股份,塑料制品,3.7141695,-2.6581483
2041,2025-01-27,SZ.ZB_000048,京基智农,农牧饲渔,3.7115679,-1.8566897
2042,2025-01-27,SZ.ZB_000517,荣安地产,房地产开发,3.71096,-0.9668776
2043,2025-01-27,SH.KC_301002,崧盛股份,电网设备,3.7106574,-2.619055
2044,2025-01-27,SH.KC_300188,国投智能,软件开发,3.7085624,-2.4768221
2045,2025-01-27,SH.ZB_603223,恒通股份,物流行业,3.708352,-1.9002179
2046,2025-01-27,SH.KC_688130,晶华微,半导体,3.7063718,-2.0296397
2047,2025-01-27,SZ.ZB_000821,京山轻机,光伏设备,3.704968,-2.0817473
2048,2025-01-27,SZ.ZB_000428,华天酒店,旅游酒店,3.7043319,-1.6107701
2049,2025-01-27,SH.KC_300258,精锻科技,汽车零部件,3.7042766,-2.581582
2050,2025-01-27,SH.KC_301132,满坤科技,电子元件,3.7033856,-2.1843803
2051,2025-01-27,SZ.ZB_000617,中油资本,多元金融,3.7026048,-2.2699955
2052,2025-01-27,SH.ZB_600984,建设机械,工程机械,3.7016778,-1.3637695
2053,2025-01-27,SH.ZB_603768,常青股份,汽车零部件,3.700155,-2.3832006
2054,2025-01-27,SH.ZB_600237,铜峰电子,电子元件,3.6988423,-2.0444005
2055,2025-01-27,SH.ZB_600736,苏州高新,房地产开发,3.6972656,-2.130194
2056,2025-01-27,SZ.ZB_002090,金智科技,电网设备,3.6970959,-2.0173428
2057,2025-01-27,SH.KC_300937,药易购,医药商业,3.6951602,-2.02191
2058,2025-01-27,SZ.ZB_000837,秦川机床,通用设备,3.6938384,-3.7059765
2059,2025-01-27,SH.KC_300422,博世科,环保行业,3.6936135,-1.4305743
2060,2025-01-27,SH.KC_300223,北京君正,半导体,3.6925645,-2.2099679
2061,2025-01-27,SH.KC_300685,艾德生物,医疗器械,3.6920502,-1.5711188
2062,2025-01-27,SZ.ZB_002673,西部证券,证券,3.6919713,-2.213343
2063,2025-01-27,SZ.ZB_000905,厦门港务,航运港口,3.6913261,-2.3109915
2064,2025-01-27,SH.ZB_605598,上海港湾,工程建设,3.691043,-1.718125
2065,2025-01-27,SZ.ZB_002735,王子新材,包装材料,3.6904812,-2.406108
2066,2025-01-27,SH.ZB_603421,鼎信通讯,通信服务,3.6902652,-2.567088
2067,2025-01-27,SZ.ZB_002960,青鸟消防,专用设备,3.6898956,-2.0958753
2068,2025-01-27,SZ.ZB_000534,万泽股份,生物制品,3.6863103,-3.437357
2069,2025-01-27,SH.KC_300151,昌红科技,专用设备,3.685048,-2.3420122
2070,2025-01-27,SH.KC_300919,中伟股份,电池,3.684853,-1.7441914
2071,2025-01-27,SZ.ZB_000007,全新好,房地产服务,3.6830873,-2.0924406
2072,2025-01-27,SZ.ZB_001319,铭科精技,汽车零部件,3.6827817,-2.6971736
2073,2025-01-27,SH.KC_300675,建科院,工程咨询服务,3.681089,-2.3180635
2074,2025-01-27,SH.KC_300059,东方财富,互联网服务,3.680995,-2.6478772
2075,2025-01-27,SH.ZB_600133,东湖高新,工程建设,3.6807313,-2.7359512
2076,2025-01-27,SH.ZB_603810,丰山集团,农药兽药,3.680554,-2.9338584
2077,2025-01-27,SH.KC_301172,君逸数码,软件开发,3.6788418,-2.6981647
2078,2025-01-27,SZ.ZB_002153,石基信息,软件开发,3.677556,-2.2965848
2079,2025-01-27,SH.KC_300284,苏交科,工程咨询服务,3.6738129,-2.1988173
2080,2025-01-27,SZ.ZB_000811,冰轮环境,通用设备,3.673491,-2.3876534
2081,2025-01-27,SH.KC_300988,津荣天宇,通用设备,3.6724358,-2.8957767
2082,2025-01-27,SH.ZB_603296,华勤技术,消费电子,3.6690176,-3.6644638
2083,2025-01-27,SH.KC_300722,新余国科,航天航空,3.6685853,-1.8068619
2084,2025-01-27,SZ.ZB_001331,胜通能源,物流行业,3.6681027,-2.0488575
2085,2025-01-27,SZ.ZB_000050,深天马Ａ,光学光电子,3.6678462,-1.4228021
2086,2025-01-27,SH.ZB_605376,博迁新材,小金属,3.6672652,-2.283792
2087,2025-01-27,SZ.ZB_002815,崇达技术,电子元件,3.6669567,-2.417216
2088,2025-01-27,SZ.ZB_002515,金字火腿,食品饮料,3.6661685,-2.0496776
2089,2025-01-27,SH.KC_300164,通源石油,采掘行业,3.6655931,-2.1217153
2090,2025-01-27,SZ.ZB_003003,天元股份,包装材料,3.6647632,-2.3615556
2091,2025-01-27,SZ.ZB_001359,平安电工,非金属材料,3.6646187,-2.4303968
2092,2025-01-27,SH.KC_301155,海力风电,风电设备,3.6598115,-1.9806336
2093,2025-01-27,SH.KC_300696,爱乐达,航天航空,3.6548927,-1.9759437
2094,2025-01-27,SH.ZB_600859,王府井,商业百货,3.6540554,-1.5037718
2095,2025-01-27,SH.ZB_600200,江苏吴中,化学制药,3.653203,-1.8960562
2096,2025-01-27,SH.KC_300488,恒锋工具,通用设备,3.6530063,-4.4901557
2097,2025-01-27,SZ.ZB_002858,力盛体育,文化传媒,3.6524863,-2.7213473
2098,2025-01-27,SH.ZB_600173,卧龙地产,房地产开发,3.6518917,-2.5774877
2099,2025-01-27,SZ.ZB_002836,新宏泽,造纸印刷,3.6502733,-2.1967893
2100,2025-01-27,SH.KC_301296,新巨丰,包装材料,3.6476479,-3.2140992
2101,2025-01-27,SZ.ZB_000798,中水渔业,农牧饲渔,3.6470428,-1.8128977
2102,2025-01-27,SZ.ZB_002585,双星新材,塑料制品,3.6454275,-1.8045534
2103,2025-01-27,SH.KC_688418,震有科技,通信设备,3.6447392,-2.3751264
2104,2025-01-27,SH.ZB_600628,新世界,商业百货,3.6438255,-1.7323563
2105,2025-01-27,SH.ZB_600429,三元股份,食品饮料,3.6411986,-1.8836274
2106,2025-01-27,SZ.ZB_000034,神州数码,计算机设备,3.6401987,-2.410309
2107,2025-01-27,SH.KC_301448,开创电气,通用设备,3.6384656,-2.2349691
2108,2025-01-27,SH.ZB_603612,索通发展,非金属材料,3.6368668,-2.2774081
2109,2025-01-27,SH.ZB_603020,爱普股份,食品饮料,3.6340654,-2.125368
2110,2025-01-27,SH.KC_300199,翰宇药业,化学制药,3.633645,-1.9428316
2111,2025-01-27,SH.KC_301592,六九一二,软件开发,3.6330044,-2.302021
2112,2025-01-27,SZ.ZB_002993,奥海科技,消费电子,3.6319017,-2.2524488
2113,2025-01-27,SH.KC_301469,恒达新材,造纸印刷,3.6313982,-2.7040477
2114,2025-01-27,SH.ZB_603779,威龙股份,酿酒行业,3.6288335,-1.8787503
2115,2025-01-27,SH.KC_688005,容百科技,电池,3.6246986,-2.2675953
2116,2025-01-27,SZ.ZB_000715,中兴商业,商业百货,3.620802,-2.0636
2117,2025-01-27,SH.ZB_603833,欧派家居,装修建材,3.620431,-2.1874168
2118,2025-01-27,SH.ZB_603026,石大胜华,化学制品,3.6203952,-2.0077999
2119,2025-01-27,SH.KC_688626,翔宇医疗,医疗器械,3.6196723,-2.162173
2120,2025-01-27,SH.KC_300083,创世纪,通用设备,3.6191776,-1.9812733
2121,2025-01-27,SH.KC_300011,鼎汉技术,交运设备,3.6187873,-2.4274235
2122,2025-01-27,SH.KC_688251,井松智能,通用设备,3.612885,-2.8974373
2123,2025-01-27,SH.ZB_603193,润本股份,美容护理,3.610602,-2.7862597
2124,2025-01-27,SZ.ZB_002560,通达股份,电网设备,3.6102414,-1.5447671
2125,2025-01-27,SZ.ZB_000952,广济药业,化学制药,3.6089494,-2.8474267
2126,2025-01-27,SH.KC_300835,龙磁科技,小金属,3.6069467,-4.5942593
2127,2025-01-27,SH.ZB_601616,广电电气,电网设备,3.6066742,-2.1214983
2128,2025-01-27,SH.ZB_605299,舒华体育,家用轻工,3.6049275,-2.1690872
2129,2025-01-27,SH.KC_300073,当升科技,电池,3.6043718,-1.6825553
2130,2025-01-27,SH.KC_300931,通用电梯,专用设备,3.603074,-2.030151
2131,2025-01-27,SH.ZB_600651,飞乐音响,光学光电子,3.6027522,-1.8057361
2132,2025-01-27,SZ.ZB_000417,合百集团,商业百货,3.602168,-2.1095467
2133,2025-01-27,SH.ZB_600960,渤海汽车,汽车零部件,3.6015363,-1.794229
2134,2025-01-27,SH.ZB_603685,晨丰科技,光学光电子,3.6010356,-2.7922199
2135,2025-01-27,SH.KC_688370,丛麟科技,环保行业,3.5999746,-2.0295162
2136,2025-01-27,SH.ZB_603982,泉峰汽车,汽车零部件,3.599216,-2.0218153
2137,2025-01-27,SH.KC_301075,多瑞医药,化学制药,3.5977511,-2.231227
2138,2025-01-27,SZ.ZB_002537,海联金汇,汽车零部件,3.5968707,-1.9808452
2139,2025-01-27,SH.ZB_600025,华能水电,电力行业,3.596768,-2.020224
2140,2025-01-27,SH.KC_688276,百克生物,生物制品,3.5965204,-1.6516113
2141,2025-01-27,SH.KC_300334,津膜科技,环保行业,3.5957189,-2.0041611
2142,2025-01-27,SH.KC_301016,雷尔伟,交运设备,3.5943255,-2.463843
2143,2025-01-27,SH.KC_688081,兴图新科,通信服务,3.5943003,-3.932967
2144,2025-01-27,SH.ZB_600111,北方稀土,小金属,3.5940945,-1.8006362
2145,2025-01-27,SZ.ZB_002584,西陇科学,电子化学品,3.5929308,-2.443703
2146,2025-01-27,SH.ZB_605388,均瑶健康,食品饮料,3.5912037,-1.7573681
2147,2025-01-27,SH.KC_300669,沪宁股份,专用设备,3.5902157,-2.3656871
2148,2025-01-27,SH.ZB_605566,福莱蒽特,化学制品,3.5891876,-2.6865966
2149,2025-01-27,SH.ZB_603135,中重科技,专用设备,3.5878391,-3.0370748
2150,2025-01-27,SH.ZB_603688,石英股份,非金属材料,3.5860658,-2.1017861
2151,2025-01-27,SH.ZB_601198,东兴证券,证券,3.5843387,-2.1728666
2152,2025-01-27,SH.ZB_600416,湘电股份,电机,3.583987,-1.5752646
2153,2025-01-27,SH.KC_688646,逸飞激光,专用设备,3.5837605,-3.124459
2154,2025-01-27,SZ.ZB_002305,南国置业,房地产开发,3.5832942,-0.4069466
2155,2025-01-27,SZ.ZB_002121,科陆电子,电网设备,3.5832286,-1.6592115
2156,2025-01-27,SH.KC_300321,同大股份,化学制品,3.5812676,-2.4568086
2157,2025-01-27,SH.KC_301372,科净源,环保行业,3.5802007,-1.9562258
2158,2025-01-27,SH.KC_300596,利安隆,塑料制品,3.5798728,-1.89197
2159,2025-01-27,SH.ZB_600815,厦工股份,工程机械,3.5797164,-1.8384762
2160,2025-01-27,SZ.ZB_002307,北新路桥,工程建设,3.579396,-1.7204301
2161,2025-01-27,SZ.ZB_002898,赛隆药业,化学制药,3.5789714,-2.8267992
2162,2025-01-27,SH.ZB_605196,华通线缆,电网设备,3.5786495,-2.2527444
2163,2025-01-27,SH.KC_688573,信宇人,电池,3.5779312,-2.8086379
2164,2025-01-27,SH.KC_688292,浩瀚深度,互联网服务,3.5766675,-3.2845736
2165,2025-01-27,SH.KC_688488,艾迪药业,生物制品,3.5755305,-1.8492267
2166,2025-01-27,SH.KC_300548,博创科技,通信设备,3.5736904,-4.672995
2167,2025-01-27,SH.ZB_603663,三祥新材,化学原料,3.5716743,-2.243559
2168,2025-01-27,SH.KC_300433,蓝思科技,消费电子,3.5707622,-3.4853332
2169,2025-01-27,SZ.ZB_001339,智微智能,计算机设备,3.5702677,-2.9886947
2170,2025-01-27,SZ.ZB_002387,维信诺,光学光电子,3.5701246,-1.5250496
2171,2025-01-27,SZ.ZB_002997,瑞鹄模具,汽车零部件,3.5700111,-2.2067704
2172,2025-01-27,SH.ZB_600828,茂业商业,商业百货,3.569542,-1.3608807
2173,2025-01-27,SH.ZB_600467,好当家,农牧饲渔,3.567408,-1.8615315
2174,2025-01-27,SH.ZB_600548,深高速,铁路公路,3.5665154,-1.6323622
2175,2025-01-27,SH.KC_300136,信维通信,消费电子,3.5660744,-2.4202578
2176,2025-01-27,SZ.ZB_002782,可立克,消费电子,3.5653875,-2.8300266
2178,2025-01-27,SH.KC_688565,力源科技,环保行业,3.5639598,-2.9934373
2177,2025-01-27,SH.KC_300074,华平股份,软件开发,3.5639598,-2.5044901
2179,2025-01-27,SH.ZB_603696,安记食品,食品饮料,3.5639377,-2.167413
2180,2025-01-27,SZ.ZB_000011,深物业A,房地产开发,3.5613,-1.6947415
2181,2025-01-27,SZ.ZB_002695,煌上煌,食品饮料,3.5598443,-1.959753
2182,2025-01-27,SZ.ZB_002167,东方锆业,小金属,3.5586834,-1.846984
2183,2025-01-27,SH.KC_688382,益方生物-U,生物制品,3.5552785,-2.9616487
2184,2025-01-27,SH.KC_300891,惠云钛业,化学原料,3.5533695,-2.1137698
2185,2025-01-27,SH.KC_300535,达威股份,化学制品,3.5530343,-2.3343291
2186,2025-01-27,SZ.ZB_002975,博杰股份,专用设备,3.5528302,-2.8356361
2187,2025-01-27,SH.KC_300602,飞荣达,消费电子,3.5518513,-2.93372
2188,2025-01-27,SH.ZB_601799,星宇股份,汽车零部件,3.5517023,-1.920639
2189,2025-01-27,SH.ZB_603803,瑞斯康达,通信设备,3.5450041,-3.8770127
2190,2025-01-27,SH.KC_300566,激智科技,光学光电子,3.54425,-2.5878441
2191,2025-01-27,SH.KC_300966,共同药业,化学制药,3.5423727,-2.1472561
2192,2025-01-27,SH.ZB_601555,东吴证券,证券,3.541261,-2.3421435
2193,2025-01-27,SH.ZB_603042,华脉科技,通信设备,3.5397916,-4.120531
2194,2025-01-27,SH.ZB_600340,华夏幸福,房地产开发,3.5373926,-1.8236872
2195,2025-01-13,SZ.ZB_000972,中基健康,食品饮料,3.537272,-2.2137332
2196,2025-01-27,SH.KC_688290,景业智能,专用设备,3.5369456,-4.5234723
2197,2025-01-27,SH.ZB_603171,税友股份,互联网服务,3.5368874,-2.8730547
2198,2025-01-27,SZ.ZB_002989,中天精装,装修装饰,3.5347118,-3.298576
2199,2025-01-27,SZ.ZB_002247,聚力文化,装修装饰,3.5342426,-2.539379
2200,2025-01-27,SH.KC_300940,南极光,光学光电子,3.533192,-2.875962
2201,2025-01-27,SH.ZB_603095,越剑智能,专用设备,3.533046,-2.2909775
2202,2025-01-27,SH.ZB_603989,艾华集团,电子元件,3.5326064,-1.8776245
2203,2025-01-27,SH.ZB_600081,东风科技,汽车零部件,3.5308003,-2.12412
2204,2025-01-27,SH.ZB_600366,宁波韵升,小金属,3.5292208,-1.9146545
2205,2025-01-27,SH.KC_301446,福事特,通用设备,3.5286472,-1.577241
2206,2025-01-27,SZ.ZB_000807,云铝股份,有色金属,3.5285978,-2.5247793
2207,2025-01-27,SZ.ZB_000782,恒申新材,化纤行业,3.5266593,-1.4886686
2208,2025-01-27,SH.KC_688302,海创药业-U,生物制品,3.5261228,-2.5750165
2209,2025-01-27,SH.KC_301232,飞沃科技,风电设备,3.5249457,-1.9454453
2210,2025-01-27,SH.KC_300837,浙矿股份,专用设备,3.5242364,-2.9944987
2211,2025-01-27,SH.KC_300802,矩子科技,专用设备,3.520277,-2.432674
2212,2025-01-27,SH.ZB_603213,镇洋发展,化学原料,3.5197482,-2.364237
2213,2025-01-27,SZ.ZB_001979,招商蛇口,房地产开发,3.5187826,-2.0518982
2214,2025-01-27,SH.ZB_603858,步长制药,中药,3.5187707,-1.755016
2215,2025-01-27,SZ.ZB_002482,广田集团,装修装饰,3.5183043,-1.7491765
2216,2025-01-27,SH.KC_688630,芯碁微装,专用设备,3.5180821,-2.0382826
2217,2025-01-27,SZ.ZB_002166,莱茵生物,中药,3.5177917,-2.0267117
2218,2025-01-27,SH.KC_300142,沃森生物,生物制品,3.5177126,-1.8080552
2219,2025-01-27,SZ.ZB_000429,粤高速Ａ,铁路公路,3.5147815,-2.0743723
2220,2025-01-27,SH.ZB_603365,水星家纺,纺织服装,3.514698,-1.6197218
2221,2025-01-27,SH.KC_688192,迪哲医药-U,化学制药,3.513436,-2.6860948
2222,2025-01-27,SH.KC_300187,永清环保,环保行业,3.5113811,-2.3516605
2223,2025-01-27,SZ.ZB_001231,农心科技,农药兽药,3.5100236,-2.4545195
2224,2025-01-27,SH.KC_300850,新强联,风电设备,3.50724,-2.9594808
2225,2025-01-27,SH.KC_300286,安科瑞,电网设备,3.5063207,-2.2044904
2226,2025-01-27,SH.ZB_603690,至纯科技,专用设备,3.506136,-0.8145776
2227,2025-01-27,SH.KC_300214,日科化学,塑料制品,3.5060034,-1.6383383
2228,2025-01-27,SH.KC_688432,有研硅,半导体,3.505677,-1.9952788
2229,2025-01-27,SH.KC_300238,冠昊生物,医疗器械,3.5054371,-2.1516144
2230,2025-01-27,SH.ZB_605086,龙高股份,采掘行业,3.5038457,-2.553518
2231,2025-01-27,SZ.ZB_001266,宏英智能,仪器仪表,3.5003319,-2.3121388
2232,2025-01-27,SH.ZB_603507,振江股份,风电设备,3.4994392,-2.4515316
2233,2025-01-27,SH.ZB_603699,纽威股份,通用设备,3.4992769,-3.0965686
2234,2025-01-27,SH.KC_688219,会通股份,塑料制品,3.499177,-2.4094224
2235,2025-01-27,SH.KC_300207,欣旺达,电池,3.4961402,-2.2430003
2236,2025-01-27,SH.ZB_600588,用友网络,软件开发,3.4959986,-2.2617016
2237,2025-01-27,SH.KC_688076,诺泰生物,医疗服务,3.4952269,-1.8253188
2238,2025-01-27,SZ.ZB_002669,康达新材,化学制品,3.4946322,-2.5791245
2239,2025-01-27,SZ.ZB_000955,欣龙控股,纺织服装,3.4939795,-2.0322912
2240,2025-01-27,SH.ZB_603708,家家悦,商业百货,3.491619,-1.5608484
2241,2025-01-27,SZ.ZB_002245,蔚蓝锂芯,电池,3.4892724,-3.9639373
2242,2025-01-27,SH.KC_688779,五矿新能,电池,3.4889295,-1.5041484
2243,2025-01-27,SH.KC_688098,申联生物,农药兽药,3.4886332,-2.245378
2244,2025-01-27,SH.ZB_600132,重庆啤酒,酿酒行业,3.4878983,-1.6251229
2245,2025-01-27,SZ.ZB_002328,新朋股份,汽车零部件,3.4878254,-1.9816504
2246,2025-01-27,SH.ZB_605089,味知香,食品饮料,3.4864216,-1.7619791
2247,2025-01-27,SH.ZB_600594,益佰制药,中药,3.4847424,-2.0540473
2248,2025-01-27,SZ.ZB_002173,创新医疗,医疗服务,3.4822776,-1.6929911
2249,2025-01-27,SH.KC_300315,掌趣科技,游戏,3.4818575,-2.590411
2250,2025-01-27,SH.KC_300269,联建光电,互联网服务,3.480859,-2.116999
2251,2025-01-27,SH.KC_300110,华仁药业,化学制药,3.4789548,-0.21975058
2252,2025-01-27,SH.ZB_600641,万业企业,房地产开发,3.4783556,-1.8353356
2253,2025-01-27,SH.KC_688683,莱尔科技,消费电子,3.4775808,-2.3762808
2254,2025-01-27,SZ.ZB_002480,新筑股份,通用设备,3.4771814,-2.2483923
2255,2025-01-27,SH.ZB_603758,秦安股份,汽车零部件,3.4764304,-2.9670198
2256,2025-01-27,SH.KC_688020,方邦股份,电子元件,3.4753575,-1.6789354
2257,2025-01-27,SH.ZB_603076,乐惠国际,专用设备,3.4729986,-1.9401445
2258,2025-01-27,SH.KC_301118,恒光股份,化学原料,3.4728363,-1.5204955
2259,2025-01-27,SZ.ZB_002830,名雕股份,装修装饰,3.468618,-3.0677557
2260,2025-01-27,SH.KC_300201,海伦哲,工程机械,3.4680815,-2.0444603
2261,2025-01-27,SH.KC_688310,迈得医疗,专用设备,3.4678683,-1.9926984
2262,2025-01-27,SZ.ZB_002837,英维克,专用设备,3.4668713,-3.3927708
2263,2025-01-27,SH.ZB_600864,哈投股份,证券,3.4667463,-2.1873891
2264,2025-01-27,SH.ZB_600217,中再资环,环保行业,3.4658625,-1.6227626
2265,2025-01-27,SZ.ZB_002136,安 纳 达,化学原料,3.4652665,-2.2142859
2266,2025-01-27,SZ.ZB_002240,盛新锂能,能源金属,3.4620702,-1.5907847
2267,2025-01-27,SZ.ZB_002373,千方科技,互联网服务,3.4614966,-1.0339254
2268,2025-01-27,SZ.ZB_001279,强邦新材,造纸印刷,3.461267,-1.7677966
2269,2025-01-27,SH.KC_688631,莱斯信息,软件开发,3.4609528,-2.7221012
2270,2025-01-27,SH.ZB_600216,浙江医药,化学制药,3.4589515,-1.9599397
2271,2025-01-27,SH.KC_301311,昆船智能,通用设备,3.457974,-2.072816
2272,2025-01-27,SZ.ZB_002648,卫星化学,化学原料,3.4552157,-2.2938771
2273,2025-01-27,SH.KC_688133,泰坦科技,专业服务,3.4548283,-2.3177016
2274,2025-01-27,SH.KC_300844,山水比德,工程咨询服务,3.453648,-2.4909892
2275,2025-01-27,SH.ZB_600571,信雅达,互联网服务,3.452103,-2.3946006
2276,2025-01-27,SH.ZB_600855,航天长峰,计算机设备,3.4511118,-1.8201971
2277,2025-01-27,SZ.ZB_002283,天润工业,汽车零部件,3.451036,-2.4976645
2278,2025-01-27,SH.ZB_600078,澄星股份,化肥行业,3.4471526,-1.9242957
2279,2025-01-27,SZ.ZB_000987,越秀资本,多元金融,3.446956,-2.0296402
2280,2025-01-27,SH.KC_688216,气派科技,半导体,3.4447327,-2.2231126
2281,2025-01-27,SH.KC_300102,乾照光电,光学光电子,3.4437747,-2.8444924
2282,2025-01-27,SH.KC_688456,有研粉材,有色金属,3.4429774,-2.2829154
2283,2025-01-27,SH.ZB_600825,新华传媒,文化传媒,3.442934,-2.2181327
2284,2025-01-27,SZ.ZB_002787,华源控股,包装材料,3.4429178,-2.2034378
2285,2025-01-27,SH.ZB_600935,华塑股份,化学原料,3.4428194,-1.8927146
2286,2025-01-27,SH.KC_301510,固高科技,仪器仪表,3.4423218,-2.866106
2287,2025-01-27,SH.KC_688702,盛科通信-U,半导体,3.440313,-3.309518
2288,2025-01-27,SH.KC_300612,宣亚国际,文化传媒,3.439878,-2.6291819
2289,2025-01-27,SH.ZB_603028,赛福天,通用设备,3.4397736,-2.3386881
2290,2025-01-27,SH.ZB_603190,亚通精工,汽车零部件,3.4373612,-2.5971105
2291,2025-01-27,SZ.ZB_002195,岩山科技,互联网服务,3.4372,-2.7942896
2292,2025-01-27,SZ.ZB_000886,海南高速,房地产开发,3.4359858,-1.9261171
2293,2025-01-27,SH.KC_300543,朗科智能,消费电子,3.4357502,-2.5843105
2294,2025-01-27,SH.ZB_600822,上海物贸,汽车服务,3.4348145,-1.9988924
2295,2025-01-27,SZ.ZB_000570,苏常柴Ａ,汽车零部件,3.4344764,-1.846728
2296,2025-01-27,SH.KC_300148,天舟文化,游戏,3.4343407,-2.9332905
2297,2025-01-27,SH.ZB_603697,有友食品,食品饮料,3.4331799,-2.290895
2298,2025-01-27,SH.ZB_600738,丽尚国潮,商业百货,3.4288793,-1.7594632
2299,2025-01-27,SH.KC_300217,东方电热,家电行业,3.4288406,-1.6829517
2300,2025-01-27,SZ.ZB_002132,恒星科技,通用设备,3.4272819,-2.1529188
2301,2025-01-27,SZ.ZB_002654,万润科技,文化传媒,3.42699,-2.2218316
2302,2025-01-27,SH.ZB_603220,中贝通信,通信服务,3.4269004,-2.6533613
2303,2025-01-27,SZ.ZB_002255,海陆重工,电源设备,3.4263043,-2.4064043
2304,2025-01-27,SH.KC_300121,阳谷华泰,橡胶制品,3.4256518,-2.0954733
2305,2025-01-27,SH.KC_300793,佳禾智能,消费电子,3.4244702,-2.0679164
2306,2025-01-27,SH.KC_688170,德龙激光,专用设备,3.421259,-1.9977527
2307,2025-01-27,SH.ZB_600552,凯盛科技,光学光电子,3.4206643,-2.0946436
2308,2025-01-27,SH.KC_301050,雷电微力,半导体,3.4202666,-1.8074642
2309,2025-01-27,SZ.ZB_002263,大东南,塑料制品,3.420049,-1.9086461
2310,2025-01-27,SH.ZB_600816,建元信托,多元金融,3.4190865,-2.090724
2311,2025-01-27,SH.ZB_600676,交运股份,汽车零部件,3.4178748,-1.6172413
2312,2025-01-27,SH.ZB_605111,新洁能,半导体,3.4173176,-1.8704817
2313,2025-01-27,SH.ZB_600789,鲁抗医药,化学制药,3.4166262,-1.6045965
2314,2025-01-27,SH.KC_688295,中复神鹰,化纤行业,3.4159393,-1.8880522
2315,2025-01-27,SZ.ZB_002004,华邦健康,农药兽药,3.4155383,-1.203589
2316,2025-01-27,SH.ZB_600635,大众公用,燃气,3.4145072,-1.9010007
2317,2025-01-27,SH.KC_688638,誉辰智能,电池,3.4136772,-1.9078698
2318,2025-01-27,SH.ZB_605300,佳禾食品,食品饮料,3.4099042,-2.8899367
2319,2025-01-27,SH.ZB_603206,嘉环科技,通信服务,3.4068778,-2.322062
2320,2025-01-27,SH.ZB_603178,圣龙股份,汽车零部件,3.4068763,-1.6775976
2321,2025-01-27,SH.KC_300824,北鼎股份,家电行业,3.406383,-1.9645896
2322,2025-01-27,SZ.ZB_000768,中航西飞,航天航空,3.4061313,-1.596418
2323,2025-01-27,SH.KC_300444,双杰电气,电网设备,3.405118,-2.0368311
2324,2025-01-27,SH.KC_688225,亚信安全,软件开发,3.4034417,-3.526993
2325,2025-01-27,SH.KC_688152,麒麟信安,软件开发,3.4004583,-2.961227
2326,2025-01-27,SH.KC_300782,卓胜微,半导体,3.3997297,-1.4907622
2327,2025-01-27,SH.KC_300560,中富通,通信服务,3.3994884,-2.5011346
2328,2025-01-27,SH.ZB_600522,中天科技,通信设备,3.3969805,-2.1287653
2329,2025-01-27,SZ.ZB_002391,长青股份,农药兽药,3.3965812,-2.2021883
2330,2025-01-27,SZ.ZB_000812,陕西金叶,包装材料,3.396295,-2.6758802
2331,2025-01-27,SH.KC_301555,惠柏新材,化学制品,3.3931122,-2.3255582
2332,2025-01-27,SH.ZB_605162,新中港,公用事业,3.3900275,-2.2320402
2333,2025-01-27,SZ.ZB_000605,渤海股份,公用事业,3.3865273,-2.2177768
2334,2025-01-27,SH.ZB_600785,新华百货,商业百货,3.3858716,-1.5543067
2335,2025-01-27,SH.KC_688189,南新制药,化学制药,3.3846588,-2.0212674
2336,2025-01-27,SH.KC_300686,智动力,消费电子,3.3803701,-2.0714054
2337,2025-01-27,SZ.ZB_002853,皮阿诺,装修建材,3.3802197,-3.4568906
2338,2025-01-27,SH.KC_688602,康鹏科技,化学制品,3.3797324,-2.0121686
2339,2025-01-27,SH.ZB_600079,人福医药,化学制药,3.3794522,-2.010183
2340,2025-01-27,SH.ZB_600148,长春一东,汽车零部件,3.3780546,-1.6127285
2341,2025-01-27,SH.KC_688209,英集芯,半导体,3.3754587,-2.5456095
2342,2025-01-27,SH.ZB_600606,绿地控股,房地产开发,3.3753216,-1.4830728
2343,2025-01-27,SH.ZB_600938,中国海油,石油行业,3.3752694,-1.7701007
2344,2025-01-27,SH.KC_688538,和辉光电-U,光学光电子,3.374301,-1.8824775
2345,2025-01-27,SZ.ZB_002724,海洋王,电子元件,3.372477,-1.1829044
2346,2025-01-27,SZ.ZB_000029,深深房Ａ,房地产开发,3.3713608,-1.7641432
2347,2025-01-27,SH.ZB_603160,汇顶科技,半导体,3.3680513,-2.5428734
2348,2025-01-27,SH.KC_688025,杰普特,电子元件,3.3680067,-1.960898
2349,2025-01-27,SH.ZB_603517,绝味食品,食品饮料,3.3661797,-1.6825273
2350,2025-01-27,SZ.ZB_002076,星光股份,家电行业,3.3646405,-3.8417127
2351,2025-01-27,SZ.ZB_001268,联合精密,通用设备,3.3643217,-2.622162
2352,2025-01-27,SH.ZB_600884,杉杉股份,电子元件,3.3639922,-1.0087148
2353,2025-01-27,SH.KC_688636,智明达,互联网服务,3.3633337,-2.4938128
2354,2025-01-27,SH.KC_688018,乐鑫科技,半导体,3.3628225,-4.886366
2355,2025-01-27,SH.KC_688420,美腾科技,专用设备,3.3623443,-1.1864483
2356,2025-01-27,SZ.ZB_002271,东方雨虹,装修建材,3.3622086,-1.8628774
2357,2025-01-27,SH.ZB_600879,航天电子,航天航空,3.3618793,-1.8420753
2358,2025-01-27,SH.KC_688377,迪威尔,专用设备,3.3591762,-3.3640091
2359,2025-01-27,SH.ZB_600241,时代万恒,电池,3.3586292,-1.9346306
2360,2025-01-27,SH.KC_300641,正丹股份,化学制品,3.3575802,-2.512197
2361,2025-01-27,SZ.ZB_002333,罗普斯金,装修建材,3.3571184,-2.5661154
2362,2025-01-27,SZ.ZB_002405,四维图新,软件开发,3.355831,-1.845278
2363,2025-01-27,SZ.ZB_001360,南矿集团,专用设备,3.3557625,-1.6361151
2364,2025-01-27,SH.ZB_600540,新赛股份,农牧饲渔,3.3544421,-2.2298026
2365,2025-01-27,SZ.ZB_002085,万丰奥威,汽车零部件,3.3537612,-1.853971
2366,2025-01-27,SH.ZB_600860,京城股份,通用设备,3.3534303,-1.9267652
2367,2025-01-27,SH.ZB_600909,华安证券,证券,3.353101,-2.1242998
2368,2025-01-27,SH.KC_301358,湖南裕能,电池,3.3525438,-2.2445686
2369,2025-01-27,SZ.ZB_000970,中科三环,小金属,3.3524349,-1.9022084
2370,2025-01-27,SH.ZB_600894,广日股份,专用设备,3.3523157,-2.1345448
2371,2025-01-27,SH.KC_300483,首华燃气,燃气,3.3520355,-1.6410553
2372,2025-01-27,SH.KC_301139,元道通信,通信服务,3.3502803,-2.5272624
2373,2025-01-27,SH.KC_688403,汇成股份,半导体,3.3457577,-2.1052706
2374,2025-01-27,SH.ZB_603527,众源新材,有色金属,3.3424034,-2.3781319
2375,2025-01-27,SZ.ZB_001277,速达股份,专用设备,3.3415437,-1.782446
2376,2025-01-27,SH.KC_300570,太辰光,通信设备,3.3389359,-5.419893
2377,2025-01-27,SZ.ZB_002205,国统股份,水泥建材,3.3383846,-1.918092
2378,2025-01-27,SH.KC_300182,捷成股份,文化传媒,3.338033,-3.049335
2379,2025-01-27,SH.ZB_600038,中直股份,航天航空,3.3375635,-1.3466309
2380,2025-01-27,SZ.ZB_000032,深桑达Ａ,通信设备,3.3340588,-2.0727885
2381,2025-01-27,SZ.ZB_001215,千味央厨,食品饮料,3.334038,-1.8761526
2382,2025-01-27,SZ.ZB_000985,大庆华科,化学制品,3.3312738,-1.9583807
2383,2025-01-27,SH.KC_300616,尚品宅配,装修建材,3.3310308,-2.2044916
2384,2025-01-27,SH.KC_688356,键凯科技,化学制药,3.330955,-1.762742
2385,2025-01-27,SH.KC_688692,达梦数据,软件开发,3.3304884,-3.6072593
2386,2025-01-27,SH.ZB_605188,国光连锁,商业百货,3.3278823,-1.9892912
2387,2025-01-27,SZ.ZB_000159,国际实业,石油行业,3.3275576,-1.4592667
2388,2025-01-27,SZ.ZB_002475,立讯精密,消费电子,3.327498,-2.364863
2389,2025-01-27,SZ.ZB_002474,榕基软件,互联网服务,3.3252106,-2.4744701
2390,2025-01-27,SZ.ZB_002945,华林证券,证券,3.3250332,-3.9205995
2391,2025-01-27,SH.ZB_600459,贵研铂业,小金属,3.324324,-1.5324671
2392,2025-01-27,SH.KC_300912,凯龙高科,汽车零部件,3.322783,-2.010013
2393,2025-01-27,SH.KC_300004,南风股份,专用设备,3.3219352,-2.3893712
2394,2025-01-27,SH.ZB_600391,航发科技,航天航空,3.32077,-1.6432246
2395,2025-01-27,SH.KC_688127,蓝特光学,光学光电子,3.3206358,-2.630814
2396,2025-01-27,SH.KC_300885,海昌新材,通用设备,3.3191607,-2.4021397
2397,2025-01-27,SH.ZB_603901,永创智能,专用设备,3.3178701,-3.9212556
2398,2025-01-27,SZ.ZB_002792,通宇通讯,通信设备,3.317435,-2.4178593
2399,2025-01-27,SH.KC_301519,舜禹股份,专用设备,3.3169851,-1.6472988
2400,2025-01-27,SZ.ZB_000036,华联控股,房地产开发,3.3153355,-2.2326322
2401,2025-01-27,SH.ZB_600415,小商品城,商业百货,3.3141584,-2.3885198
2402,2025-01-27,SZ.ZB_002219,新里程,医疗服务,3.3137918,-2.0800629
2403,2025-01-27,SH.KC_688321,微芯生物,化学制药,3.3134909,-1.8010389
2404,2025-01-27,SH.KC_688484,南芯科技,半导体,3.3132806,-2.2164118
2405,2025-01-27,SH.ZB_600819,耀皮玻璃,玻璃玻纤,3.3076258,-2.1282847
2406,2025-01-27,SH.KC_301292,海科新源,化学制品,3.3075304,-2.1145666
2407,2025-01-27,SH.KC_688478,晶升股份,半导体,3.3075066,-2.3752592
2408,2025-01-27,SZ.ZB_002067,景兴纸业,造纸印刷,3.3074632,-2.1173105
2409,2025-01-27,SH.KC_301371,敷尔佳,美容护理,3.3070683,-1.8365731
2410,2025-01-27,SH.KC_688678,福立旺,消费电子,3.306088,-2.4363742
2411,2025-01-27,SH.KC_300390,天华新能,能源金属,3.3048346,-1.9592437
2412,2025-01-27,SZ.ZB_002544,普天科技,通信服务,3.3048167,-2.466918
2413,2025-01-27,SZ.ZB_001696,宗申动力,交运设备,3.30448,-2.242329
2414,2025-01-27,SZ.ZB_002831,裕同科技,造纸印刷,3.3037767,-2.239017
2415,2025-01-27,SZ.ZB_002895,川恒股份,化学原料,3.302206,-2.0884662
2416,2025-01-27,SH.KC_688079,美迪凯,光学光电子,3.3014774,-2.3742518
2417,2025-01-27,SZ.ZB_000839,中信国安,综合行业,3.2949657,-2.0820718
2418,2025-01-27,SH.ZB_605168,三人行,文化传媒,3.2939315,-2.1464121
2419,2025-01-27,SH.ZB_600082,海泰发展,房地产开发,3.29251,-2.3770554
2420,2025-01-27,SH.KC_300227,光韵达,电子元件,3.2918959,-1.8315753
2421,2025-01-27,SH.KC_301289,国缆检测,专业服务,3.288509,-2.3565927
2422,2025-01-27,SH.KC_688112,鼎阳科技,仪器仪表,3.2881558,-2.2218444
2423,2025-01-27,SZ.ZB_000762,西藏矿业,能源金属,3.283806,-1.8874861
2424,2025-01-27,SZ.ZB_002035,华帝股份,家电行业,3.2837212,-1.5722834
2425,2025-01-27,SH.ZB_600805,悦达投资,综合行业,3.2805429,-1.9628706
2426,2025-01-27,SH.KC_300027,华谊兄弟,文化传媒,3.2802596,-2.165824
2427,2025-01-27,SZ.ZB_002249,大洋电机,电机,3.2799973,-1.9462225
2428,2025-01-27,SH.KC_300683,海特生物,生物制品,3.2784567,-1.9646297
2429,2025-01-27,SZ.ZB_000638,万方发展,农牧饲渔,3.2771156,-2.8029838
2430,2025-01-27,SH.KC_300767,震安科技,橡胶制品,3.275731,-2.789851
2431,2025-01-27,SH.KC_301188,力诺药包,玻璃玻纤,3.273919,-2.2823033
2432,2025-01-27,SH.KC_301122,采纳股份,医疗器械,3.2737837,-2.084312
2433,2025-01-27,SZ.ZB_000301,东方盛虹,化学原料,3.27273,-1.6703234
2434,2025-01-27,SZ.ZB_000529,广弘控股,食品饮料,3.2719135,-2.1014805
2435,2025-01-27,SH.KC_688363,华熙生物,美容护理,3.2711148,-1.6686194
2436,2025-01-27,SH.ZB_603256,宏和科技,玻璃玻纤,3.2707558,-2.392443
2437,2025-01-27,SH.ZB_601588,北辰实业,房地产服务,3.2704546,-1.8267813
2438,2025-01-27,SH.ZB_600760,中航沈飞,航天航空,3.2701402,-2.0101647
2439,2025-01-27,SH.ZB_600683,京投发展,房地产开发,3.269832,-1.9328624
2440,2025-01-27,SH.KC_301160,翔楼新材,汽车零部件,3.269577,-2.8871164
2441,2025-01-27,SH.KC_688137,近岸蛋白,生物制品,3.2685308,-1.8045304
2442,2025-01-27,SH.KC_688309,恒誉环保,环保行业,3.268145,-2.2692652
2443,2025-01-27,SH.KC_688617,惠泰医疗,医疗器械,3.2660155,-3.3428066
2444,2025-01-27,SH.ZB_600933,爱柯迪,汽车零部件,3.2659159,-2.7552438
2445,2025-01-27,SZ.ZB_002375,亚厦股份,装修装饰,3.2652588,-2.2544074
2446,2025-01-27,SH.ZB_603956,威派格,专用设备,3.2651231,-2.1004705
2447,2025-01-27,SH.ZB_603396,金辰股份,光伏设备,3.262478,-1.8620061
2448,2025-01-27,SH.ZB_600103,青山纸业,造纸印刷,3.2619045,-1.8920164
2449,2025-01-27,SZ.ZB_002906,华阳集团,汽车零部件,3.26086,-1.6065084
2450,2025-01-27,SH.ZB_603019,中科曙光,计算机设备,3.2604842,-2.613429
2451,2025-01-27,SH.KC_301136,招标股份,工程咨询服务,3.2597349,-2.0979927
2452,2025-01-27,SH.KC_300139,晓程科技,贵金属,3.2596335,-2.3160582
2453,2025-01-27,SH.ZB_603061,金海通,半导体,3.256698,-2.5303495
2454,2025-01-27,SH.KC_688612,威迈斯,汽车零部件,3.2540054,-2.3248827
2455,2025-01-27,SH.KC_301079,邵阳液压,通用设备,3.2534137,-2.1321428
2456,2025-01-27,SH.KC_688789,宏华数科,专用设备,3.2529712,-2.3611057
2457,2025-01-27,SH.KC_301539,宏鑫科技,汽车零部件,3.2521381,-1.8408507
2458,2025-01-27,SH.KC_300692,中环环保,环保行业,3.2520041,-2.076121
2459,2025-01-27,SZ.ZB_002185,华天科技,半导体,3.2503889,-2.0960937
2460,2025-01-27,SH.ZB_601155,新城控股,房地产开发,3.2503142,-1.9565699
2461,2025-01-16,SH.KC_688293,奥浦迈,专业服务,3.2496645,-2.7745159
2462,2025-01-27,SH.ZB_603683,晶华新材,化学制品,3.248571,-2.4419227
2463,2025-01-27,SH.ZB_600649,城投控股,房地产开发,3.2485008,-2.105302
2464,2025-01-27,SH.KC_301105,鸿铭股份,专用设备,3.2479181,-2.169535
2465,2025-01-27,SH.KC_301509,金凯生科,生物制品,3.2475576,-1.6491774
2466,2025-01-27,SH.ZB_600784,鲁银投资,综合行业,3.2466383,-2.4868143
2467,2025-01-27,SH.KC_688056,莱伯泰科,仪器仪表,3.245373,-2.5473378
2468,2025-01-27,SH.ZB_600179,安通控股,物流行业,3.2441707,-2.095968
2469,2025-01-27,SH.ZB_600478,科力远,电子元件,3.2436087,-2.435521
2470,2025-01-27,SH.ZB_600567,山鹰国际,造纸印刷,3.242533,-1.4151994
2471,2025-01-27,SH.ZB_600354,敦煌种业,农牧饲渔,3.2419517,-2.0972447
2472,2025-01-27,SH.ZB_605339,南侨食品,食品饮料,3.2418013,-2.4250903
2473,2025-01-27,SZ.ZB_002635,安洁科技,消费电子,3.2413542,-2.2460585
2474,2025-01-27,SH.KC_300676,华大基因,医疗器械,3.2413065,-1.8178111
2475,2025-01-27,SH.ZB_601788,光大证券,证券,3.2410293,-1.8548839
2476,2025-01-27,SH.KC_688395,正弦电气,电机,3.2403038,-2.1271486
2477,2025-01-27,SH.KC_300855,图南股份,有色金属,3.2364786,-1.8693421
2478,2025-01-27,SH.ZB_600435,北方导航,通信设备,3.234662,-2.0776582
2479,2025-01-27,SH.ZB_601279,英利汽车,汽车零部件,3.2341764,-1.5152723
2480,2025-01-27,SH.ZB_600562,国睿科技,通信设备,3.2325447,-2.2724342
2481,2025-01-27,SZ.ZB_002444,巨星科技,通用设备,3.2322497,-1.6286893
2482,2025-01-27,SH.KC_300319,麦捷科技,光学光电子,3.2313287,-2.3571029
2483,2025-01-27,SH.ZB_603767,中马传动,汽车零部件,3.2308607,-1.9795289
2484,2025-01-27,SH.KC_300957,贝泰妮,美容护理,3.2304182,-1.6901181
2485,2025-01-27,SH.KC_301089,拓新药业,化学制药,3.229791,-1.9355814
2486,2025-01-27,SH.KC_300513,恒实科技,通信服务,3.2296405,-2.1789858
2487,2025-01-27,SH.KC_300048,合康新能,专用设备,3.229542,-1.921818
2488,2025-01-27,SZ.ZB_002813,路畅科技,汽车零部件,3.2281816,-1.600648
2489,2025-01-27,SH.ZB_600595,中孚实业,有色金属,3.2269387,-3.2870162
2490,2025-01-27,SH.KC_301503,智迪科技,消费电子,3.2268047,-3.523655
2491,2025-01-27,SZ.ZB_002451,摩恩电气,电网设备,3.2265677,-1.9995828
2492,2025-01-27,SH.KC_300908,仲景食品,食品饮料,3.2243207,-1.8783103
2493,2025-01-27,SZ.ZB_002161,远 望 谷,电子元件,3.223957,-2.061388
2494,2025-01-27,SH.ZB_603341,龙旗科技,消费电子,3.2236233,-2.7288282
2495,2025-01-27,SH.ZB_601028,玉龙股份,贵金属,3.2225788,-2.5944338
2496,2025-01-27,SH.KC_300740,水羊股份,美容护理,3.2214105,-1.6289089
2497,2025-01-27,SH.ZB_600155,华创云信,证券,3.2198474,-1.6174856
2498,2025-01-27,SH.KC_300831,派瑞股份,半导体,3.2196746,-2.4254599
2499,2025-01-27,SZ.ZB_000822,山东海化,化学原料,3.2194748,-1.2689639
2500,2025-01-27,SZ.ZB_003022,联泓新科,化学制品,3.2132282,-1.5194099
2501,2025-01-27,SH.KC_300973,立高食品,食品饮料,3.2127352,-2.7554638
2502,2025-01-27,SH.ZB_600137,浪莎股份,纺织服装,3.210789,-2.0937486
2503,2025-01-27,SZ.ZB_002668,TCL智家,家电行业,3.2103806,-1.9150922
2504,2025-01-27,SH.KC_688068,热景生物,医疗器械,3.2083557,-3.5878181
2505,2025-01-27,SH.ZB_601137,博威合金,有色金属,3.2083526,-2.2899163
2506,2025-01-27,SH.ZB_601108,财通证券,证券,3.208141,-2.0635033
2507,2025-01-27,SH.KC_301137,哈焊华通,通用设备,3.20694,-1.8270828
2508,2025-01-27,SH.ZB_603078,江化微,电子化学品,3.2060027,-2.2355301
2509,2025-01-27,SZ.ZB_002561,徐家汇,商业百货,3.204374,-1.5576385
2510,2025-01-27,SH.KC_300869,康泰医学,医疗器械,3.2042966,-1.7784486
2511,2025-01-27,SH.ZB_603267,鸿远电子,电子元件,3.2037423,-1.8861535
2512,2025-01-27,SH.KC_301377,鼎泰高科,通用设备,3.2035007,-2.5409117
2513,2025-01-27,SZ.ZB_001296,长江材料,非金属材料,3.202729,-2.4499283
2514,2025-01-27,SH.ZB_601992,金隅集团,水泥建材,3.2018616,-2.1641974
2515,2025-01-27,SH.KC_301308,江波龙,半导体,3.2002761,-2.0241015
2516,2025-01-27,SH.ZB_603229,奥翔药业,化学制药,3.1980767,-1.8068306
2517,2025-01-27,SZ.ZB_002573,清新环境,环保行业,3.1979396,-2.0258493
2518,2025-01-27,SH.ZB_603786,科博达,汽车零部件,3.193848,-2.5156574
2519,2025-01-27,SZ.ZB_000020,深华发Ａ,光学光电子,3.1936617,-2.6343536
2520,2025-01-27,SZ.ZB_000652,泰达股份,综合行业,3.1921997,-1.8409328
2521,2025-01-27,SH.KC_300122,智飞生物,生物制品,3.1920478,-1.7115828
2522,2025-01-27,SH.KC_688472,阿特斯,光伏设备,3.188321,-1.9268217
2523,2025-01-27,SH.KC_300836,佰奥智能,专用设备,3.184794,-2.6371477
2524,2025-01-27,SH.ZB_600576,祥源文旅,旅游酒店,3.181982,-2.701529
2525,2025-01-27,SZ.ZB_000881,中广核技,化学制品,3.1818285,-1.972262
2526,2025-01-27,SZ.ZB_001238,浙江正特,装修建材,3.1812458,-3.6890376
2527,2025-01-27,SH.KC_301231,荣信文化,文化传媒,3.1809,-2.5330198
2528,2025-01-27,SZ.ZB_002352,顺丰控股,物流行业,3.180182,-1.6477644
2529,2025-01-27,SH.KC_301413,安培龙,电子元件,3.1773164,-4.6090918
2530,2025-01-27,SH.ZB_605258,协和电子,电子元件,3.1763747,-2.2159252
2531,2025-01-27,SH.ZB_600616,金枫酒业,酿酒行业,3.1763077,-1.8860201
2532,2025-01-27,SH.KC_300279,和晶科技,消费电子,3.175427,-2.4269576
2533,2025-01-27,SZ.ZB_000718,苏宁环球,房地产开发,3.1741366,-1.7731041
2534,2025-01-27,SZ.ZB_002279,久其软件,软件开发,3.1738102,-3.04169
2535,2025-01-27,SH.KC_300244,迪安诊断,医疗服务,3.1734242,-1.9401265
2536,2025-01-27,SH.KC_688307,中润光学,光学光电子,3.172128,-2.423577
2537,2025-01-27,SH.ZB_603677,奇精机械,家电行业,3.17204,-2.3546705
2538,2025-01-27,SH.ZB_600814,杭州解百,商业百货,3.1713054,-1.7599052
2539,2025-01-27,SH.ZB_603303,得邦照明,家电行业,3.1706915,-2.1112676
2540,2025-01-27,SH.ZB_601138,工业富联,消费电子,3.1663299,-2.942314
2541,2025-01-27,SH.KC_301008,宏昌科技,家电行业,3.1650827,-2.1731431
2542,2025-01-27,SH.KC_300195,长荣股份,专用设备,3.1636357,-2.0954387
2543,2025-01-27,SH.ZB_603227,雪峰科技,化学制品,3.1633496,-1.899696
2544,2025-01-27,SH.KC_300246,宝莱特,医疗器械,3.1597316,-2.275175
2545,2025-01-27,SH.ZB_601696,中银证券,证券,3.157793,-2.0984895
2546,2025-01-27,SH.ZB_600992,贵绳股份,通用设备,3.1566634,-1.5544819
2547,2025-01-27,SH.KC_300826,测绘股份,工程咨询服务,3.1557486,-2.0851185
2548,2025-01-27,SH.ZB_600010,包钢股份,钢铁行业,3.1544895,-2.0999317
2549,2025-01-27,SZ.ZB_002317,众生药业,中药,3.1541095,-1.0817817
2550,2025-01-27,SZ.ZB_002146,荣盛发展,房地产开发,3.1533406,-1.4306968
2551,2025-01-27,SH.ZB_601111,中国国航,航空机场,3.152752,-1.8642105
2552,2025-01-27,SH.KC_301051,信濠光电,玻璃玻纤,3.152719,-2.0868418
2553,2025-01-27,SZ.ZB_002379,宏创控股,有色金属,3.1507044,-3.427203
2554,2025-01-27,SZ.ZB_002574,明牌珠宝,珠宝首饰,3.149955,-2.245862
2555,2025-01-27,SH.KC_688265,南模生物,生物制品,3.1493738,-2.7166498
2556,2025-01-27,SH.KC_688051,佳华科技,互联网服务,3.1487317,-2.8532283
2557,2025-01-27,SZ.ZB_002728,特一药业,中药,3.1477914,-1.4286677
2558,2025-01-27,SH.ZB_600581,八一钢铁,钢铁行业,3.146632,-2.0050387
2559,2025-01-27,SZ.ZB_000607,华媒控股,文化传媒,3.146389,-2.2620184
2560,2025-01-27,SH.ZB_605580,恒盛能源,电力行业,3.1458616,-2.0322747
2561,2025-01-27,SH.KC_300225,金力泰,化学制品,3.1445637,-2.2107935
2562,2025-01-27,SZ.ZB_000733,振华科技,电子元件,3.1445131,-2.1409311
2563,2025-01-27,SH.KC_688212,澳华内镜,医疗器械,3.1428888,-2.4407306
2564,2025-01-27,SH.ZB_600602,云赛智联,软件开发,3.1415298,-2.7204478
2565,2025-01-27,SZ.ZB_000933,神火股份,有色金属,3.1411262,-2.1521053
2566,2025-01-27,SH.ZB_601728,中国电信,通信服务,3.1405106,-2.4582522
2567,2025-01-27,SZ.ZB_001965,招商公路,铁路公路,3.1393156,-1.7394133
2568,2025-01-27,SZ.ZB_001318,阳光乳业,食品饮料,3.1388104,-1.9099817
2569,2025-01-27,SH.KC_301212,联盛化学,化学制品,3.1375945,-2.3594756
2570,2025-01-27,SH.ZB_603139,康惠制药,中药,3.137435,-1.7882288
2571,2025-01-27,SH.ZB_600527,江南高纤,化纤行业,3.136854,-1.8545704
2572,2025-01-27,SH.KC_300253,卫宁健康,软件开发,3.1357453,-2.1156013
2573,2025-01-27,SZ.ZB_002023,海特高新,航天航空,3.1350672,-1.9392269
2574,2025-01-27,SH.ZB_603172,万丰股份,化学原料,3.1350567,-2.0553327
2575,2025-01-27,SH.ZB_603004,鼎龙科技,化学原料,3.1338663,-3.591856
2576,2025-01-27,SH.KC_301355,南王科技,造纸印刷,3.1321301,-1.5369489
2577,2025-01-27,SZ.ZB_002878,元隆雅图,文化传媒,3.131783,-2.970062
2578,2025-01-27,SH.ZB_600640,国脉文化,文化传媒,3.130932,-2.4702032
2579,2025-01-27,SH.ZB_601399,国机重装,专用设备,3.130673,-1.5724792
2580,2025-01-27,SH.KC_688222,成都先导,医疗服务,3.1286716,-2.4342299
2581,2025-01-27,SH.KC_688247,宣泰医药,生物制品,3.127812,-2.393146
2582,2025-01-27,SH.KC_301398,星源卓镁,汽车零部件,3.126171,-2.2582552
2583,2025-01-27,SZ.ZB_002324,普利特,塑料制品,3.1237469,-2.599594
2584,2025-01-27,SH.ZB_600958,东方证券,证券,3.1236038,-2.0630107
2585,2025-01-27,SH.ZB_603151,邦基科技,农牧饲渔,3.1211927,-2.589556
2586,2025-01-27,SZ.ZB_000025,特  力Ａ,珠宝首饰,3.1210184,-1.9907978
2587,2025-01-27,SH.KC_300347,泰格医药,医疗服务,3.1191156,-1.6384721
2588,2025-01-27,SZ.ZB_002059,云南旅游,旅游酒店,3.118503,-1.6450338
2589,2025-01-27,SZ.ZB_002800,天顺股份,物流行业,3.1173258,-2.3458898
2590,2025-01-27,SZ.ZB_002128,电投能源,煤炭行业,3.1140625,-2.230436
2591,2025-01-27,SZ.ZB_002643,万润股份,电子化学品,3.113909,-1.9611124
2592,2025-01-27,SZ.ZB_001209,洪兴股份,纺织服装,3.1128228,-1.9999189
2593,2025-01-27,SH.KC_688388,嘉元科技,电池,3.112565,-3.2330618
2594,2025-01-27,SH.ZB_600386,北巴传媒,汽车服务,3.112486,-2.4186778
2595,2025-01-27,SH.KC_300517,海波重科,工程建设,3.1118422,-2.9899669
2596,2025-01-27,SH.KC_300948,冠中生态,环保行业,3.1114683,-2.0508966
2597,2025-01-27,SH.ZB_603088,宁波精达,通用设备,3.110084,-2.2077107
2598,2025-01-27,SH.ZB_601827,三峰环境,环保行业,3.1093404,-2.1624653
2599,2025-01-27,SH.ZB_603198,迎驾贡酒,酿酒行业,3.108643,-2.285319
2600,2025-01-27,SH.ZB_601375,中原证券,证券,3.108518,-1.8462205
2601,2025-01-27,SH.KC_300397,天和防务,通信设备,3.107789,-2.171266
2602,2025-01-27,SH.KC_301299,卓创资讯,互联网服务,3.1076088,-4.9132094
2603,2025-01-27,SH.KC_300054,鼎龙股份,电子化学品,3.1075015,-2.463049
2604,2025-01-27,SH.ZB_603577,汇金通,电网设备,3.1073763,-2.3608701
2605,2025-01-27,SH.KC_301332,德尔玛,家电行业,3.1050339,-1.89637
2606,2025-01-27,SZ.ZB_003026,中晶科技,半导体,3.1019642,-1.5245227
2607,2025-01-27,SZ.ZB_003032,传智教育,教育,3.1003222,-0.7143393
2608,2025-01-27,SH.KC_688695,中创股份,软件开发,3.0987859,-2.388381
2609,2025-01-27,SH.KC_300126,锐奇股份,通用设备,3.0978112,-2.0555866
2610,2025-01-27,SZ.ZB_002976,瑞玛精密,汽车零部件,3.096217,-1.9669387
2611,2025-01-27,SH.ZB_605056,咸亨国际,仪器仪表,3.0952916,-2.4568117
2612,2025-01-27,SH.ZB_603757,大元泵业,通用设备,3.0947268,-1.9844857
2613,2025-01-27,SH.KC_300905,宝丽迪,塑料制品,3.0946283,-1.9802743
2614,2025-01-27,SH.KC_300868,杰美特,电子元件,3.0920684,-1.3508546
2615,2025-01-27,SH.KC_688197,首药控股-U,生物制品,3.0901148,-2.3394718
2616,2025-01-27,SH.KC_688239,航宇科技,航天航空,3.0899076,-3.1093464
2617,2025-01-27,SZ.ZB_002104,恒宝股份,通信设备,3.0898929,-2.1146812
2618,2025-01-27,SH.KC_300880,迦南智能,电网设备,3.0895426,-2.2507653
2619,2025-01-27,SZ.ZB_002696,百洋股份,农牧饲渔,3.0867248,-2.4232461
2620,2025-01-27,SZ.ZB_002763,汇洁股份,纺织服装,3.0846252,-2.1502738
2621,2025-01-27,SH.ZB_603669,灵康药业,化学制药,3.0809119,-2.5117419
2622,2025-01-27,SZ.ZB_001288,运机集团,工程机械,3.0799046,-1.9792057
2623,2025-01-27,SZ.ZB_002823,凯中精密,电机,3.0794039,-2.499263
2624,2025-01-27,SZ.ZB_002845,同兴达,光学光电子,3.0789285,-2.152905
2625,2025-01-27,SZ.ZB_002326,永太科技,化学制品,3.0784383,-1.6188476
2626,2025-01-27,SH.ZB_603311,金海高科,家电行业,3.0781775,-2.2187197
2627,2025-01-27,SH.KC_300520,科大国创,软件开发,3.0781732,-3.5778859
2628,2025-01-27,SH.ZB_601336,新华保险,保险,3.0764313,-2.4954188
2629,2025-01-27,SZ.ZB_002066,瑞泰科技,装修建材,3.0747504,-2.253185
2630,2025-01-27,SH.KC_301086,鸿富瀚,消费电子,3.0746446,-2.287753
2631,2025-01-27,SH.KC_301178,天亿马,软件开发,3.074038,-2.5877674
2632,2025-01-27,SZ.ZB_003002,壶化股份,化学制品,3.074032,-1.87773
2633,2025-01-27,SZ.ZB_002215,诺 普 信,农药兽药,3.0740275,-1.7189513
2634,2025-01-27,SH.KC_300241,瑞丰光电,光学光电子,3.072746,-2.3589387
2635,2025-01-27,SH.ZB_603787,新日股份,交运设备,3.0726552,-2.0056522
2636,2025-01-27,SH.KC_688217,睿昂基因,医疗器械,3.0691624,-2.3886797
2637,2025-01-27,SH.KC_688793,倍轻松,家电行业,3.0687122,-1.5401083
2638,2025-01-27,SH.KC_688501,青达环保,专用设备,3.0682862,-2.1841817
2639,2025-01-27,SZ.ZB_001255,博菲电气,化学原料,3.068006,-2.5713997
2640,2025-01-27,SZ.ZB_002939,长城证券,证券,3.066215,-2.0743747
2641,2025-01-27,SH.KC_688238,和元生物,医疗服务,3.065452,-1.8028855
2642,2025-01-27,SH.ZB_605020,永和股份,化学制品,3.0653849,-2.7761352
2643,2025-01-27,SZ.ZB_002019,亿帆医药,化学制药,3.0648768,-2.3027382
2644,2025-01-27,SZ.ZB_001229,魅视科技,计算机设备,3.0645192,-2.5549133
2645,2025-01-27,SH.ZB_603207,小方制药,化学制药,3.063239,-1.6871337
2646,2025-01-27,SZ.ZB_000917,电广传媒,文化传媒,3.062941,-3.5446427
2647,2025-01-27,SH.KC_300609,汇纳科技,互联网服务,3.0623555,-3.0686817
2648,2025-01-27,SH.KC_301171,易点天下,互联网服务,3.0622454,-4.496952
2649,2025-01-27,SH.KC_688576,西山科技,医疗器械,3.062062,-1.7948436
2650,2025-01-27,SH.KC_300412,迦南科技,专用设备,3.060709,-2.542041
2651,2025-01-27,SH.KC_688186,广大特材,风电设备,3.0602515,-3.186814
2652,2025-01-27,SH.KC_688550,瑞联新材,电子化学品,3.0601368,-2.1355937
2653,2025-01-27,SZ.ZB_002046,国机精工,通用设备,3.0595853,-2.8746545
2654,2025-01-27,SH.ZB_600118,中国卫星,航天航空,3.058864,-1.4999844
2655,2025-01-27,SZ.ZB_002127,南极电商,贸易行业,3.0573816,-3.8546145
2656,2025-01-27,SZ.ZB_002962,五方光电,光学光电子,3.0573578,-2.1742845
2657,2025-01-27,SH.KC_688190,云路股份,小金属,3.0560641,-1.9483186
2658,2025-01-27,SH.KC_300611,美力科技,汽车零部件,3.0546694,-2.8128505
2659,2025-01-27,SZ.ZB_002739,万达电影,文化传媒,3.0541465,-2.0034363
2660,2025-01-27,SZ.ZB_002977,天箭科技,通信设备,3.0528216,-2.0598814
2661,2025-01-27,SZ.ZB_002846,英联股份,包装材料,3.0512228,-1.9314457
2662,2025-01-27,SH.KC_688669,聚石化学,塑料制品,3.0508995,-2.1127408
2663,2025-01-27,SH.ZB_605377,华旺科技,造纸印刷,3.0462668,-1.6988608
2664,2025-01-27,SH.KC_688628,优利德,仪器仪表,3.0461788,-2.3165069
2665,2025-01-27,SH.KC_688557,兰剑智能,通用设备,3.0446558,-2.164019
2666,2025-01-27,SH.KC_688248,南网科技,电网设备,3.0384614,-1.9010395
2667,2025-01-27,SH.ZB_603333,尚纬股份,电网设备,3.0379071,-2.151447
2668,2025-01-27,SH.KC_300680,隆盛科技,汽车零部件,3.0361102,-4.6113677
2669,2025-01-27,SH.KC_300327,中颖电子,半导体,3.035587,-1.9625545
2670,2025-01-27,SH.KC_300618,寒锐钴业,能源金属,3.0333967,-1.8400742
2671,2025-01-27,SZ.ZB_002198,嘉应制药,中药,3.0320227,-1.9511793
2672,2025-01-27,SH.KC_300364,中文在线,文化传媒,3.0319004,-2.7380002
2673,2025-01-27,SH.ZB_600227,赤天化,化肥行业,3.030789,-1.5486385
2674,2025-01-27,SH.KC_688136,科兴制药,生物制品,3.0298247,-1.9625658
2675,2025-01-27,SH.ZB_603219,富佳股份,家电行业,3.028649,-1.9854866
2676,2025-01-27,SH.KC_300132,青松股份,美容护理,3.027822,-2.2613444
2677,2025-01-27,SZ.ZB_002995,天地在线,文化传媒,3.0268297,-1.8056812
2678,2025-01-27,SH.KC_300858,科拓生物,食品饮料,3.025344,-1.642262
2679,2025-01-27,SZ.ZB_000975,山金国际,贵金属,3.0220256,-2.3173802
2680,2025-01-27,SH.ZB_603798,康普顿,石油行业,3.0199318,-2.2532713
2681,2025-01-27,SH.KC_300946,恒而达,通用设备,3.0197964,-2.2801013
2682,2025-01-27,SH.ZB_603500,祥和实业,交运设备,3.0192792,-1.3427924
2683,2025-01-27,SH.KC_688486,龙迅股份,半导体,3.0186205,-4.180603
2684,2025-01-27,SH.KC_688653,康希通信,半导体,3.0183568,-1.4934262
2685,2025-01-27,SZ.ZB_002957,科瑞技术,专用设备,3.0142202,-2.1033053
2686,2025-01-27,SH.ZB_603225,新凤鸣,化纤行业,3.0140638,-1.9510249
2687,2025-01-27,SZ.ZB_002360,同德化工,化学制品,3.0120955,-1.7959459
2688,2025-01-27,SH.KC_301060,兰卫医学,医疗器械,3.011963,-1.8140264
2689,2025-01-27,SH.KC_300645,正元智慧,互联网服务,3.0119374,-2.6724496
2690,2025-01-27,SH.ZB_600072,中船科技,风电设备,3.0119047,-1.3777375
2691,2025-01-27,SH.KC_688006,杭可科技,电池,3.0118227,-1.8732177
2692,2025-01-27,SH.ZB_603580,艾艾精工,塑料制品,3.010407,-1.9042276
2693,2025-01-27,SH.ZB_603520,司太立,化学制药,3.0078993,-2.2510252
2694,2025-01-27,SH.ZB_600650,锦江在线,铁路公路,3.0063808,-2.0056746
2695,2025-01-27,SH.ZB_601377,兴业证券,证券,3.0058055,-2.185464
2696,2025-01-27,SH.KC_301023,江南奕帆,电机,3.0050502,-2.4555757
2697,2025-01-27,SH.KC_301227,森鹰窗业,装修建材,3.0034974,-2.9796183
2698,2025-01-27,SH.ZB_603290,斯达半导,半导体,3.0027418,-1.7794437
2699,2025-01-27,SZ.ZB_002908,德生科技,软件开发,3.0023754,-2.742725
2700,2025-01-27,SZ.ZB_002107,沃华医药,中药,3.0020237,-2.405036
2701,2025-01-27,SH.KC_301090,华润材料,化学原料,3.0019715,-1.8706232
2702,2025-01-27,SH.KC_300226,上海钢联,互联网服务,3.0016913,-2.7654188
2703,2025-01-27,SH.KC_300705,九典制药,化学制药,2.9991508,-1.6168847
2704,2025-01-27,SH.KC_300213,佳讯飞鸿,通信设备,2.9975982,-2.1828926
2705,2025-01-27,SZ.ZB_002429,兆驰股份,家电行业,2.9971466,-2.1535993
2706,2025-01-27,SZ.ZB_002703,浙江世宝,汽车零部件,2.9970064,-2.077494
2707,2025-01-27,SH.ZB_601778,晶科科技,电力行业,2.9954388,-1.78573
2708,2025-01-27,SH.KC_300111,向日葵,化学制药,2.995144,-2.055287
2709,2025-01-27,SH.KC_301031,中熔电气,电网设备,2.9947474,-3.681735
2710,2025-01-27,SZ.ZB_000701,厦门信达,商业百货,2.993393,-1.387634
2711,2025-01-27,SH.ZB_600866,星湖科技,化学制品,2.9933066,-2.1834848
2712,2025-01-27,SH.ZB_600776,东方通信,通信设备,2.9929771,-2.0596287
2713,2025-01-27,SH.ZB_600061,国投资本,证券,2.992405,-2.2123964
2714,2025-01-27,SZ.ZB_000926,福星股份,房地产开发,2.9906511,-1.8923111
2715,2025-01-27,SH.ZB_600325,华发股份,房地产开发,2.9903934,-2.075847
2716,2025-01-27,SH.KC_301032,新柴股份,通用设备,2.9903202,-1.6518248
2717,2025-01-27,SH.KC_688349,三一重能,风电设备,2.9898062,-1.5230999
2718,2025-01-27,SH.KC_688610,埃科光电,仪器仪表,2.9885962,-2.4696023
2719,2025-01-27,SH.KC_301322,绿通科技,交运设备,2.987975,-2.0511706
2720,2025-01-27,SH.ZB_601996,丰林集团,装修建材,2.9872775,-1.9032426
2721,2025-01-27,SZ.ZB_002056,横店东磁,光伏设备,2.9872105,-2.1231995
2722,2025-01-27,SH.KC_688419,耐科装备,专用设备,2.9870005,-2.6201627
2723,2025-01-27,SZ.ZB_002487,大金重工,风电设备,2.9863863,-2.0738013
2724,2025-01-27,SZ.ZB_002286,保龄宝,食品饮料,2.9855728,-2.263811
2725,2025-01-27,SH.ZB_600481,双良节能,光伏设备,2.9833808,-2.6061046
2726,2025-01-27,SH.KC_300037,新宙邦,电池,2.9823632,-2.2816515
2727,2025-01-27,SH.ZB_600739,辽宁成大,贸易行业,2.981101,-1.7679423
2728,2025-01-27,SH.KC_688358,祥生医疗,医疗器械,2.9790506,-3.4987326
2729,2025-01-27,SH.KC_688207,格灵深瞳,软件开发,2.9780552,-2.742077
2730,2025-01-27,SH.ZB_600515,海南机场,航空机场,2.9772565,-1.9302924
2731,2025-01-27,SZ.ZB_002896,中大力德,通用设备,2.9769273,-6.159169
2732,2025-01-27,SH.ZB_603712,七一二,通信设备,2.9758782,-1.8300157
2733,2025-01-27,SH.KC_688211,中科微至,物流行业,2.975583,-2.1476302
2734,2025-01-27,SH.ZB_600787,中储股份,物流行业,2.9752164,-1.8881658
2735,2025-01-27,SH.ZB_603881,数据港,互联网服务,2.9741154,-3.3910713
2736,2025-01-27,SH.KC_688268,华特气体,电子化学品,2.9729843,-1.6217375
2737,2025-01-27,SH.KC_300120,经纬辉开,光学光电子,2.9714153,-1.821376
2738,2025-01-27,SH.KC_301189,奥尼电子,通信设备,2.9705837,-1.7944353
2739,2025-01-27,SH.KC_688600,皖仪科技,仪器仪表,2.9686615,-2.5509696
2740,2025-01-27,SZ.ZB_000766,通化金马,化学制药,2.966073,-2.2944796
2741,2025-01-27,SH.ZB_603931,格林达,电子化学品,2.9659033,-1.8471714
2742,2025-01-27,SH.KC_301538,骏鼎达,塑料制品,2.9657497,-2.1822972
2743,2025-01-27,SH.KC_688391,钜泉科技,半导体,2.9652238,-2.0460424
2744,2025-01-27,SH.ZB_603327,福蓉科技,消费电子,2.9651105,-2.1044168
2745,2025-01-27,SZ.ZB_002607,中公教育,教育,2.9649959,-2.4969532
2746,2025-01-27,SH.KC_300633,开立医疗,医疗器械,2.9648974,-2.3795063
2747,2025-01-27,SZ.ZB_002998,优彩资源,化纤行业,2.9644399,-2.2344663
2748,2025-01-27,SH.KC_688689,银河微电,半导体,2.9641435,-2.0655537
2749,2025-01-27,SH.KC_300724,捷佳伟创,光伏设备,2.9637547,-2.118341
2750,2025-01-27,SH.KC_300644,南京聚隆,塑料制品,2.963139,-2.39437
2751,2025-01-27,SH.ZB_600346,恒力石化,化纤行业,2.962859,-1.9139154
2752,2025-01-27,SH.KC_301113,雅艺科技,装修装饰,2.9626117,-2.2400937
2753,2025-01-27,SH.ZB_603345,安井食品,食品饮料,2.9623091,-1.6672362
2754,2025-01-27,SH.ZB_600298,安琪酵母,食品饮料,2.961156,-1.967407
2755,2025-01-27,SZ.ZB_002961,瑞达期货,多元金融,2.9600382,-2.3146493
2756,2025-01-27,SH.KC_688507,索辰科技,软件开发,2.9598773,-3.7579753
2757,2025-01-27,SH.ZB_601066,中信建投,证券,2.956596,-1.8245049
2758,2025-01-27,SH.KC_300342,天银机电,家电行业,2.9562712,-2.267161
2759,2025-01-27,SZ.ZB_002546,新联电子,电网设备,2.9560952,-2.7837415
2760,2025-01-27,SZ.ZB_000911,广农糖业,食品饮料,2.9550762,-1.8727157
2761,2025-01-27,SH.KC_301163,宏德股份,风电设备,2.9540405,-2.226073
2762,2025-01-27,SH.KC_300586,美联新材,塑料制品,2.9537706,-2.070337
2763,2025-01-27,SH.KC_300568,星源材质,电池,2.952908,-2.007938
2764,2025-01-27,SZ.ZB_000657,中钨高新,小金属,2.9494672,-2.1328964
2765,2025-01-27,SZ.ZB_000717,中南股份,钢铁行业,2.9488416,-1.6032603
2766,2025-01-27,SH.KC_300005,探路者,纺织服装,2.9487596,-2.1602182
2767,2025-01-27,SZ.ZB_001219,青岛食品,食品饮料,2.9465942,-1.7521206
2768,2025-01-27,SH.KC_300400,劲拓股份,专用设备,2.9462843,-2.3353727
2769,2025-01-27,SH.KC_688177,百奥泰,生物制品,2.9458747,-1.9026799
2770,2025-01-27,SZ.ZB_002963,豪尔赛,装修装饰,2.9456258,-1.6881804
2771,2025-01-27,SH.ZB_605298,必得科技,交运设备,2.9453025,-2.0316823
2772,2025-01-27,SH.KC_300978,东箭科技,汽车零部件,2.9440894,-2.0479984
2773,2025-01-27,SH.KC_300907,康平科技,电机,2.9437408,-2.107268
2774,2025-01-27,SH.ZB_600854,春兰股份,家电行业,2.9432237,-1.8887079
2775,2025-01-27,SZ.ZB_002194,武汉凡谷,通信设备,2.942893,-2.0318835
2776,2025-01-27,SZ.ZB_000655,金岭矿业,钢铁行业,2.9428139,-2.6727502
2777,2025-01-27,SZ.ZB_002541,鸿路钢构,水泥建材,2.9425428,-2.676163
2778,2025-01-27,SH.ZB_605399,晨光新材,化学制品,2.939646,-1.9677304
2779,2025-01-27,SH.KC_300183,东软载波,通信服务,2.9392169,-2.4949079
2780,2025-01-27,SH.ZB_605255,天普股份,汽车零部件,2.937907,-2.1148205
2781,2025-01-27,SH.KC_300133,华策影视,文化传媒,2.935913,-2.8102965
2782,2025-01-27,SH.KC_688607,康众医疗,医疗器械,2.9349685,-2.6084266
2783,2025-01-27,SZ.ZB_002535,林州重机,专用设备,2.934724,-2.0243096
2784,2025-01-27,SZ.ZB_002239,奥特佳,汽车零部件,2.9346123,-1.9318826
2785,2025-01-27,SH.ZB_600100,同方股份,计算机设备,2.93369,-2.4357429
2786,2025-01-27,SH.KC_688131,皓元医药,化学制药,2.9332294,-2.7883687
2787,2025-01-27,SZ.ZB_002697,红旗连锁,商业百货,2.9314547,-1.3862259
2788,2025-01-27,SH.KC_300928,华安鑫创,汽车零部件,2.9291794,-1.7176472
2789,2025-01-27,SH.ZB_600266,城建发展,房地产开发,2.9281662,-1.7883632
2790,2025-01-27,SH.ZB_600886,国投电力,电力行业,2.9267774,-1.6872376
2791,2025-01-27,SH.ZB_603173,福斯达,通用设备,2.9260411,-2.0883913
2792,2025-01-27,SH.KC_300326,凯利泰,医疗器械,2.924235,-2.3986268
2793,2025-01-27,SZ.ZB_002159,三特索道,旅游酒店,2.9217408,-1.5026952
2794,2025-01-27,SH.KC_688389,普门科技,医疗器械,2.9215693,-2.1002855
2795,2025-01-27,SH.KC_300088,长信科技,光学光电子,2.9213204,-2.0903468
2796,2025-01-27,SH.ZB_600765,中航重机,航天航空,2.9182777,-1.7879318
2797,2025-01-27,SZ.ZB_000626,远大控股,贸易行业,2.917844,-1.9844707
2798,2025-01-27,SH.KC_688220,翱捷科技-U,半导体,2.9173717,-5.5880175
2799,2025-01-27,SH.ZB_601901,方正证券,证券,2.9166863,-1.9697763
2800,2025-01-27,SZ.ZB_002679,福建金森,农牧饲渔,2.9156313,-2.2136993
2801,2025-01-27,SH.ZB_603098,森特股份,工程建设,2.9147625,-2.0804136
2802,2025-01-27,SH.ZB_603416,信捷电气,专用设备,2.9132338,-2.8777866
2803,2025-01-27,SZ.ZB_002243,力合科创,美容护理,2.9119163,-2.0208926
2804,2025-01-27,SH.KC_300006,莱美药业,化学制药,2.9112072,-1.8765234
2805,2025-01-27,SH.KC_688506,百利天恒-U,生物制品,2.9106288,-2.5437684
2806,2025-01-27,SH.KC_301323,新莱福,塑料制品,2.9099345,-3.5734038
2807,2025-01-27,SH.KC_688516,奥特维,光伏设备,2.909884,-1.9388629
2808,2025-01-27,SH.ZB_603619,中曼石油,采掘行业,2.907917,-1.5760586
2809,2025-01-27,SH.ZB_600268,国电南自,电网设备,2.9073386,-2.8540046
2810,2025-01-27,SH.ZB_605100,华丰股份,通用设备,2.9058979,-2.093435
2811,2025-01-27,SZ.ZB_002302,西部建设,水泥建材,2.9030175,-1.8251365
2812,2025-01-27,SH.KC_300587,天铁科技,橡胶制品,2.9030175,-1.6764213
2813,2025-01-27,SH.ZB_603188,亚邦股份,化学制品,2.9027343,-2.3356297
2814,2025-01-27,SH.KC_301388,欣灵电气,电网设备,2.9016047,-2.123556
2815,2025-01-27,SZ.ZB_002709,天赐材料,化学制品,2.9007003,-1.877497
2816,2025-01-27,SH.ZB_605369,拱东医疗,医疗器械,2.89817,-2.6481292
2817,2025-01-27,SH.ZB_601878,浙商证券,证券,2.897118,-1.7414212
2818,2025-01-27,SZ.ZB_000546,金圆股份,环保行业,2.8942213,-1.8431985
2819,2025-01-27,SH.KC_300425,中建环能,环保行业,2.8934538,-1.5895542
2820,2025-01-27,SH.KC_688562,航天软件,互联网服务,2.8934107,-2.1659846
2821,2025-01-27,SH.ZB_600157,永泰能源,电力行业,2.8926625,-1.9364029
2822,2025-01-27,SH.KC_300828,锐新科技,有色金属,2.8913841,-2.131681
2823,2025-01-27,SH.ZB_600293,三峡新材,玻璃玻纤,2.891183,-2.3932717
2824,2025-01-27,SH.KC_688323,瑞华泰,塑料制品,2.8891177,-3.0172906
2825,2025-01-27,SH.ZB_600783,鲁信创投,非金属材料,2.8878675,-1.7540504
2826,2025-01-27,SZ.ZB_002017,东信和平,通信设备,2.8872728,-1.9499954
2827,2025-01-27,SH.KC_300768,迪普科技,软件开发,2.887094,-2.6257858
2828,2025-01-27,SH.KC_300018,中元股份,电网设备,2.8867455,-2.259508
2829,2025-01-27,SH.KC_300079,数码视讯,互联网服务,2.8864338,-2.5804715
2830,2025-01-27,SH.KC_300407,凯发电气,电网设备,2.8856323,-1.8150877
2831,2025-01-27,SH.ZB_600812,华北制药,化学制药,2.8805957,-2.730951
2832,2025-01-27,SH.ZB_600207,安彩高科,光伏设备,2.8802738,-1.884933
2833,2025-01-27,SH.KC_688558,国盛智科,通用设备,2.8794646,-2.3071945
2834,2025-01-27,SH.ZB_603069,海汽集团,铁路公路,2.8785632,-1.8199911
2835,2025-01-27,SH.KC_300534,陇神戎发,中药,2.8769255,-1.93852
2836,2025-01-27,SZ.ZB_000037,深南电A,电力行业,2.8763518,-1.7805051
2837,2025-01-27,SZ.ZB_002440,闰土股份,化学制品,2.87617,-2.7123408
2838,2025-01-27,SZ.ZB_002852,道道全,食品饮料,2.875486,-2.4711678
2839,2025-01-27,SH.KC_688168,安博通,软件开发,2.875395,-2.3861938
2840,2025-01-27,SH.ZB_603317,天味食品,食品饮料,2.8728902,-2.5194962
2841,2025-01-27,SH.ZB_600378,昊华科技,化学制品,2.8728576,-1.5587792
2842,2025-01-27,SH.ZB_603755,日辰股份,食品饮料,2.8724818,-2.024935
2843,2025-01-27,SH.KC_688586,江航装备,航天航空,2.8718903,-2.1634464
2844,2025-01-27,SH.KC_688728,格科微,半导体,2.8715,-2.0180128
2845,2025-01-27,SH.KC_688601,力芯微,半导体,2.8713493,-2.0706146
2846,2025-01-27,SH.KC_301278,快可电子,光伏设备,2.8707476,-2.030631
2847,2025-01-27,SH.ZB_601665,齐鲁银行,银行,2.8700857,-2.4744413
2848,2025-01-27,SZ.ZB_002565,顺灏股份,包装材料,2.8691306,-2.03836
2849,2025-01-27,SH.KC_300441,鲍斯股份,通用设备,2.8661907,-2.1312973
2850,2025-01-27,SH.KC_301363,美好医疗,医疗器械,2.8652577,-2.0554402
2851,2025-01-27,SH.KC_300389,艾比森,光学光电子,2.864951,-1.8055723
2852,2025-01-27,SZ.ZB_000922,佳电股份,电机,2.8633595,-2.197095
2853,2025-01-27,SH.KC_301386,未来电器,电源设备,2.8627708,-1.6003227
2854,2025-01-27,SZ.ZB_000423,东阿阿胶,中药,2.8623269,-1.8901248
2855,2025-01-27,SZ.ZB_000925,众合科技,交运设备,2.8613315,-1.9172724
2856,2025-01-27,SZ.ZB_000069,华侨城Ａ,房地产开发,2.861133,-1.7198656
2857,2025-01-27,SH.KC_300181,佐力药业,中药,2.8607056,-1.9808652
2858,2025-01-27,SZ.ZB_002926,华西证券,证券,2.8606744,-2.446086
2859,2025-01-27,SH.ZB_601068,中铝国际,工程建设,2.8597429,-1.7169902
2860,2025-01-27,SH.KC_688120,华海清科,半导体,2.8581083,-1.8599149
2861,2025-01-27,SZ.ZB_002683,广东宏大,采掘行业,2.8569713,-2.280834
2862,2025-01-27,SH.KC_300092,科新机电,通用设备,2.8567924,-1.8636403
2863,2025-01-27,SH.KC_688338,赛科希德,医疗器械,2.8566718,-1.9124193
2864,2025-01-27,SH.KC_300070,碧水源,环保行业,2.8547347,-1.6735084
2865,2025-01-27,SZ.ZB_002590,万安科技,汽车零部件,2.8537915,-1.6797446
2866,2025-01-27,SH.KC_688061,灿瑞科技,半导体,2.8526082,-2.320209
2867,2025-01-27,SH.KC_688396,华润微,半导体,2.8525665,-1.9770685
2868,2025-01-27,SH.ZB_603179,新泉股份,汽车零部件,2.8508558,-1.9775712
2869,2025-01-27,SH.KC_688366,昊海生科,医疗器械,2.8504238,-2.0148478
2870,2025-01-27,SH.KC_688578,艾力斯,化学制药,2.8496788,-3.4195662
2871,2025-01-27,SH.KC_688013,天臣医疗,医疗器械,2.8491244,-3.4099157
2872,2025-01-27,SH.KC_300982,苏文电能,工程建设,2.848859,-2.6421566
2873,2025-01-27,SH.ZB_601606,长城军工,专用设备,2.8478549,-1.4109037
2874,2025-01-27,SH.ZB_603606,东方电缆,电网设备,2.8478413,-1.5857064
2875,2025-01-27,SH.ZB_603686,福龙马,环保行业,2.8464243,-2.9932709
2876,2025-01-27,SH.KC_300955,嘉亨家化,美容护理,2.8425932,-1.9458042
2877,2025-01-27,SH.KC_688575,亚辉龙,医疗器械,2.8411448,-1.764803
2878,2025-01-27,SZ.ZB_000557,西部创业,物流行业,2.8390975,-2.2376082
2879,2025-01-27,SH.KC_300140,节能环境,环保行业,2.838169,-2.0586228
2880,2025-01-27,SZ.ZB_002888,惠威科技,消费电子,2.837719,-2.204526
2881,2025-01-27,SH.ZB_605007,五洲特纸,造纸印刷,2.8370724,-2.5142078
2882,2025-01-27,SH.ZB_600030,中信证券,证券,2.8369412,-1.8855512
2883,2025-01-27,SZ.ZB_002809,红墙股份,化学制品,2.8368518,-2.4266284
2884,2025-01-27,SH.KC_300929,华骐环保,环保行业,2.8342872,-2.3509538
2885,2025-01-27,SZ.ZB_002916,深南电路,电子元件,2.8339953,-2.872303
2886,2025-01-27,SH.KC_688606,奥泰生物,医疗器械,2.833949,-2.6252384
2887,2025-01-27,SH.KC_688185,康希诺,生物制品,2.8339102,-2.466088
2888,2025-01-27,SH.KC_688230,芯导科技,半导体,2.8334901,-2.1469939
2889,2025-01-27,SH.ZB_600771,广誉远,中药,2.8332114,-2.0844166
2890,2025-01-27,SH.KC_688718,唯赛勃,专用设备,2.8328404,-1.8679447
2891,2025-01-27,SH.ZB_600448,华纺股份,纺织服装,2.8319387,-2.2974253
2892,2025-01-27,SH.ZB_603324,盛剑科技,环保行业,2.8305159,-2.1309454
2893,2025-01-27,SH.KC_688591,泰凌微,半导体,2.8288677,-3.3542686
2894,2025-01-27,SH.KC_300135,宝利国际,化学制品,2.8281748,-2.6551282
2895,2025-01-27,SH.ZB_600301,华锡有色,小金属,2.8276503,-1.9013455
2896,2025-01-27,SH.ZB_603383,顶点软件,软件开发,2.8270931,-2.256704
2897,2025-01-27,SH.KC_688325,赛微微电,半导体,2.825615,-2.339871
2898,2025-01-27,SH.ZB_600099,林海股份,交运设备,2.8247893,-2.2316642
2899,2025-01-27,SH.KC_688357,建龙微纳,非金属材料,2.8233676,-2.1970623
2900,2025-01-27,SH.ZB_600893,航发动力,航天航空,2.8223543,-1.5234178
2901,2025-01-27,SH.KC_301201,诚达药业,医疗服务,2.8219671,-1.9075364
2902,2025-01-27,SZ.ZB_002756,永兴材料,钢铁行业,2.8204784,-2.2093318
2903,2025-01-27,SH.ZB_600675,中华企业,房地产开发,2.8202877,-2.016067
2904,2025-01-27,SH.KC_301138,华研精机,专用设备,2.8190985,-2.4800038
2905,2025-01-27,SH.ZB_603610,麒盛科技,装修建材,2.818355,-2.0651069
2906,2025-01-27,SZ.ZB_002966,苏州银行,银行,2.8133705,-1.9623469
2907,2025-01-27,SH.ZB_601218,吉鑫科技,风电设备,2.8132782,-1.6480409
2908,2025-01-27,SH.KC_301000,肇民科技,塑料制品,2.8125093,-5.3335066
2909,2025-01-27,SZ.ZB_002512,达华智能,计算机设备,2.8121843,-1.5284804
2910,2025-01-27,SZ.ZB_002363,隆基机械,汽车零部件,2.811794,-2.4330091
2911,2025-01-27,SH.KC_301258,富士莱,化学制药,2.8114228,-2.2777681
2912,2025-01-27,SH.ZB_603501,韦尔股份,半导体,2.8108597,-2.3842406
2913,2025-01-27,SH.KC_300343,联创股份,化学制品,2.8092191,-3.1839736
2914,2025-01-27,SH.ZB_600406,国电南瑞,电网设备,2.8090432,-1.8223832
2915,2025-01-27,SZ.ZB_002202,金风科技,风电设备,2.8077512,-1.2994798
2916,2025-01-27,SZ.ZB_002378,章源钨业,小金属,2.807559,-1.8796464
2917,2025-01-27,SH.KC_300469,信息发展,软件开发,2.807495,-3.487607
2918,2025-01-27,SH.KC_300105,龙源技术,电源设备,2.8070478,-1.5808122
2919,2025-01-27,SZ.ZB_002606,大连电瓷,电网设备,2.8061583,-2.5199194
2920,2025-01-27,SZ.ZB_000563,陕国投Ａ,多元金融,2.8044686,-2.2623124
2921,2025-01-27,SH.ZB_603301,振德医疗,医疗器械,2.8019547,-1.8686464
2922,2025-01-27,SH.ZB_600853,龙建股份,工程建设,2.8012528,-1.9310365
2923,2025-01-27,SH.KC_300349,金卡智能,仪器仪表,2.8008327,-1.721345
2924,2025-01-27,SZ.ZB_000823,超声电子,电子元件,2.8005853,-2.0854447
2925,2025-01-27,SH.ZB_603080,新疆火炬,燃气,2.8000817,-1.9683052
2926,2025-01-27,SZ.ZB_002646,天佑德酒,酿酒行业,2.7974815,-1.6980745
2927,2025-01-27,SZ.ZB_000049,德赛电池,电池,2.7972684,-1.7464846
2928,2025-01-27,SZ.ZB_000002,万  科Ａ,房地产开发,2.7955353,-2.527176
2929,2025-01-27,SH.KC_301359,东南电子,电子元件,2.795401,-2.265877
2930,2025-01-27,SH.ZB_600782,新钢股份,钢铁行业,2.7949438,-2.8386707
2931,2025-01-27,SZ.ZB_002761,浙江建投,工程建设,2.794911,-2.2280684
2932,2025-01-27,SH.KC_301391,卡莱特,计算机设备,2.7945564,-2.8675365
2933,2025-01-27,SH.KC_300817,双飞集团,通用设备,2.7925298,-2.5551825
2934,2025-01-27,SH.KC_688376,美埃科技,环保行业,2.7917533,-2.1764145
2935,2025-01-27,SZ.ZB_002736,国信证券,证券,2.791533,-1.8504128
2936,2025-01-27,SZ.ZB_002163,海南发展,玻璃玻纤,2.7912722,-2.1937213
2937,2025-01-27,SH.ZB_603137,恒尚节能,装修建材,2.790694,-1.9896493
2938,2025-01-27,SH.KC_300585,奥联电子,汽车零部件,2.7897744,-2.1504273
2939,2025-01-27,SH.ZB_605333,沪光股份,汽车零部件,2.7893126,-2.42187
2940,2025-01-27,SH.ZB_600728,佳都科技,软件开发,2.7889087,-2.4508631
2941,2025-01-27,SH.KC_688010,福光股份,光学光电子,2.788639,-4.802812
2942,2025-01-27,SH.ZB_600369,西南证券,证券,2.7866273,-1.9257175
2943,2025-01-27,SH.KC_301135,瑞德智能,消费电子,2.7853475,-2.1313224
2944,2025-01-27,SH.KC_300545,联得装备,光学光电子,2.7835205,-2.3882964
2945,2025-01-27,SZ.ZB_002919,名臣健康,游戏,2.7786493,-2.91701
2946,2025-01-27,SH.KC_688475,萤石网络,家电行业,2.7780726,-3.9326317
2947,2025-01-27,SZ.ZB_002174,游族网络,游戏,2.778016,-2.1756933
2948,2025-01-27,SZ.ZB_000921,海信家电,家电行业,2.7774334,-2.1647007
2949,2025-01-27,SH.KC_300527,中船应急,专用设备,2.7768388,-1.7214818
2950,2025-01-27,SH.KC_300872,天阳科技,互联网服务,2.7767255,-2.6800365
2951,2025-01-27,SH.KC_300455,航天智装,计算机设备,2.7756066,-1.9756969
2952,2025-01-27,SH.KC_688210,统联精密,电子元件,2.7717204,-1.5750755
2953,2025-01-27,SH.ZB_603169,兰石重装,专用设备,2.7702107,-1.9722255
2954,2025-01-27,SH.KC_300745,欣锐科技,汽车零部件,2.7697399,-2.129259
2955,2025-01-27,SZ.ZB_002985,北摩高科,航天航空,2.7695775,-1.830195
2956,2025-01-27,SH.ZB_603277,银都股份,通用设备,2.7694016,-2.05875
2957,2025-01-27,SH.ZB_603025,大豪科技,专用设备,2.7685478,-2.4287574
2958,2025-01-27,SH.ZB_600007,中国国贸,房地产开发,2.7683153,-2.321899
2959,2025-01-27,SH.KC_688563,航材股份,航天航空,2.766931,-2.145359
2960,2025-01-27,SH.KC_688582,芯动联科,电子元件,2.7663379,-2.9281445
2961,2025-01-27,SH.ZB_603567,珍宝岛,中药,2.766286,-1.8351041
2962,2025-01-27,SZ.ZB_000967,盈峰环境,环保行业,2.764526,-1.8981829
2963,2025-01-27,SZ.ZB_000402,金 融 街,房地产开发,2.763842,-1.9166555
2964,2025-01-27,SH.KC_300897,山科智能,仪器仪表,2.7628899,-1.9520435
2965,2025-01-27,SZ.ZB_000488,晨鸣纸业,造纸印刷,2.7628362,-0.7582981
2966,2025-01-27,SH.ZB_603607,京华激光,造纸印刷,2.7603612,-2.1859372
2967,2025-01-27,SH.KC_301237,和顺科技,塑料制品,2.7603283,-2.0494409
2968,2025-01-27,SZ.ZB_002828,贝肯能源,采掘行业,2.758357,-1.8193938
2969,2025-01-27,SH.KC_301096,百诚医药,医疗服务,2.7582078,-1.6678456
2970,2025-01-27,SH.KC_688125,安达智能,专用设备,2.757965,-3.2423496
2971,2025-01-27,SH.KC_300320,海达股份,橡胶制品,2.7568638,-2.0306876
2972,2025-01-27,SH.KC_688469,芯联集成-U,半导体,2.756618,-1.6711347
2973,2025-01-27,SH.KC_300204,舒泰神,生物制品,2.7563944,-1.7233353
2974,2025-01-27,SH.ZB_603890,春秋电子,消费电子,2.7563765,-2.8011794
2975,2025-01-27,SZ.ZB_000598,兴蓉环境,公用事业,2.7547717,-2.11693
2976,2025-01-27,SH.ZB_600399,抚顺特钢,钢铁行业,2.754435,-1.5910741
2977,2025-01-27,SH.KC_688163,赛伦生物,生物制品,2.753742,-2.128054
2978,2025-01-27,SZ.ZB_002996,顺博合金,有色金属,2.7533398,-2.11899
2979,2025-01-27,SH.ZB_603385,惠达卫浴,装修装饰,2.7532756,-2.465228
2980,2025-01-27,SH.ZB_605028,世茂能源,电力行业,2.7531133,-2.263821
2981,2025-01-27,SH.KC_300549,优德精密,专用设备,2.7527437,-2.1202128
2982,2025-01-27,SH.KC_300791,仙乐健康,食品饮料,2.7508645,-1.6501572
2983,2025-01-27,SH.KC_300254,仟源医药,化学制药,2.7500243,-1.8566178
2984,2025-01-27,SH.KC_301026,浩通科技,小金属,2.749975,-1.6247717
2985,2025-01-27,SZ.ZB_002469,三维化学,化学原料,2.7488158,-2.228743
2986,2025-01-27,SH.KC_688372,伟测科技,半导体,2.7485938,-3.9997306
2987,2025-01-27,SH.ZB_601216,君正集团,化学原料,2.7481408,-2.1619773
2988,2025-01-27,SH.KC_301045,天禄科技,光学光电子,2.7480304,-2.7083397
2989,2025-01-27,SZ.ZB_002155,湖南黄金,贵金属,2.7469919,-2.1849048
2990,2025-01-27,SZ.ZB_002074,国轩高科,电池,2.7446866,-1.897389
2991,2025-01-27,SH.ZB_600329,达仁堂,中药,2.7442455,-1.3207309
2992,2025-01-27,SZ.ZB_002126,银轮股份,汽车零部件,2.7442203,-2.4020698
2993,2025-01-27,SH.KC_301256,华融化学,化学原料,2.7403429,-2.046094
2994,2025-01-27,SH.ZB_600525,长园集团,电网设备,2.7397842,-2.1675851
2995,2025-01-27,SZ.ZB_002639,雪人股份,通用设备,2.739735,-1.7559698
2996,2025-01-27,SZ.ZB_002886,沃特股份,塑料制品,2.7386591,-3.0074046
2997,2025-01-27,SH.KC_300642,透景生命,医疗器械,2.7377903,-1.953765
2998,2025-01-27,SH.KC_300423,昇辉科技,电网设备,2.7377367,-2.044655
2999,2025-01-27,SH.ZB_603933,睿能科技,半导体,2.7372212,-2.385946
3000,2025-01-27,SH.KC_688083,中望软件,软件开发,2.7360127,-3.0579934
3001,2025-01-27,SH.ZB_600106,重庆路桥,铁路公路,2.736011,-2.0563006
3002,2025-01-27,SH.ZB_600285,羚锐制药,中药,2.7354388,-2.3052258
3003,2025-01-27,SH.KC_688655,迅捷兴,电子元件,2.7354212,-2.4395945
3004,2025-01-27,SH.KC_301058,中粮科工,工程建设,2.7351544,-2.0203278
3005,2025-01-27,SH.KC_300993,玉马科技,家用轻工,2.7334719,-2.1255226
3006,2025-01-27,SZ.ZB_000722,湖南发展,电力行业,2.7325258,-1.9783309
3007,2025-01-27,SH.KC_301303,真兰仪表,仪器仪表,2.7320728,-1.6871406
3008,2025-01-27,SH.KC_301589,诺瓦星云,计算机设备,2.7294383,-2.6522453
3009,2025-01-27,SH.ZB_603660,苏州科达,计算机设备,2.7285292,-2.440772
3010,2025-01-27,SH.KC_300236,上海新阳,电子化学品,2.725646,-2.0727687
3011,2025-01-27,SZ.ZB_002644,佛慈制药,中药,2.725151,-2.1810877
3012,2025-01-27,SH.ZB_600383,金地集团,房地产开发,2.724582,-2.318803
3013,2025-01-27,SH.ZB_603578,三星新材,家电行业,2.7240946,-1.9667417
3014,2025-01-27,SH.KC_300462,华铭智能,交运设备,2.7215972,-2.4205756
3015,2025-01-27,SH.KC_301097,天益医疗,医疗器械,2.7201982,-2.0799518
3016,2025-01-27,SZ.ZB_002419,天虹股份,商业百货,2.7199998,-1.4182128
3017,2025-01-27,SZ.ZB_002438,江苏神通,通用设备,2.719842,-1.9338286
3018,2025-01-27,SH.KC_300729,乐歌股份,家用轻工,2.7195647,-1.6399194
3019,2025-01-27,SH.ZB_600088,中视传媒,文化传媒,2.7195156,-2.1284347
3020,2025-01-27,SH.KC_688428,诺诚健华-U,生物制品,2.7186916,-2.5558348
3021,2025-01-27,SH.ZB_603208,江山欧派,装修建材,2.7184353,-1.4934927
3022,2025-01-27,SH.KC_300234,开尔新材,装修建材,2.7181878,-1.9128469
3023,2025-01-27,SH.KC_688592,司南导航,计算机设备,2.7173429,-2.819869
3024,2025-01-27,SH.ZB_601567,三星医疗,电网设备,2.7169585,-2.3116841
3025,2025-01-27,SH.KC_300008,天海防务,船舶制造,2.7160957,-1.6705159
3026,2025-01-27,SH.KC_688171,纬德信息,软件开发,2.7158604,-2.2900765
3027,2025-01-27,SH.KC_301314,科瑞思,通信设备,2.715595,-2.2597158
3028,2025-01-27,SH.ZB_600900,长江电力,电力行业,2.7151093,-2.1250982
3029,2025-01-27,SZ.ZB_002101,广东鸿图,汽车零部件,2.7132318,-1.8557906
3030,2025-01-27,SZ.ZB_002676,顺威股份,家电行业,2.7118802,-2.692553
3031,2025-01-27,SZ.ZB_000783,长江证券,证券,2.711445,-1.8739674
3032,2025-01-27,SZ.ZB_002707,众信旅游,旅游酒店,2.711132,-2.646306
3033,2025-01-27,SH.KC_300243,瑞丰高材,塑料制品,2.7103767,-1.7344426
3034,2025-01-27,SH.KC_300970,华绿生物,农牧饲渔,2.7101965,-2.1095004
3035,2025-01-27,SH.ZB_605296,神农集团,农牧饲渔,2.7095497,-1.41594
3036,2025-01-27,SZ.ZB_002971,和远气体,化学制品,2.7093515,-1.9466333
3037,2025-01-27,SH.ZB_603900,莱绅通灵,珠宝首饰,2.7074947,-1.7667774
3038,2025-01-27,SH.ZB_603709,中源家居,装修建材,2.7064338,-2.919123
3039,2025-01-27,SZ.ZB_002301,齐心集团,家用轻工,2.703397,-2.1097224
3040,2025-01-27,SZ.ZB_000035,中国天楹,环保行业,2.7027354,-1.6721781
3041,2025-01-27,SH.KC_688157,松井股份,化学制品,2.7003632,-2.3647807
3042,2025-01-27,SH.KC_688271,联影医疗,医疗器械,2.6974976,-2.4536698
3043,2025-01-27,SH.ZB_603976,正川股份,医疗器械,2.697295,-2.074752
3044,2025-01-27,SH.KC_301035,润丰股份,农药兽药,2.6968746,-2.3052247
3045,2025-01-27,SH.ZB_603590,康辰药业,生物制品,2.695556,-2.8013463
3046,2025-01-27,SH.ZB_603260,合盛硅业,非金属材料,2.6954784,-1.6523086
3047,2025-01-27,SZ.ZB_001260,坤泰股份,汽车零部件,2.6949553,-2.3747523
3048,2025-01-27,SZ.ZB_002600,领益智造,消费电子,2.694279,-2.6162863
3049,2025-01-27,SZ.ZB_002824,和胜股份,有色金属,2.6939006,-1.7623401
3050,2025-01-27,SZ.ZB_002276,万马股份,电网设备,2.6928663,-2.6643267
3051,2025-01-27,SZ.ZB_000767,晋控电力,电力行业,2.692184,-2.3606594
3052,2025-01-27,SH.KC_301233,盛帮股份,橡胶制品,2.6913433,-2.454904
3053,2025-01-27,SH.KC_301293,三博脑科,医疗服务,2.6900575,-2.3144631
3054,2025-01-27,SH.ZB_600566,济川药业,中药,2.6895418,-1.7451869
3055,2025-01-27,SH.KC_301107,瑜欣电子,通用设备,2.6856601,-2.5200806
3056,2025-01-27,SH.ZB_603801,志邦家居,装修建材,2.6837854,-1.964746
3057,2025-01-27,SH.KC_300523,辰安科技,互联网服务,2.6832178,-2.1066933
3058,2025-01-27,SH.ZB_600516,方大炭素,非金属材料,2.6806488,-1.4049755
3059,2025-01-27,SZ.ZB_002889,东方嘉盛,物流行业,2.6794984,-2.181908
3060,2025-01-27,SZ.ZB_002890,弘宇股份,专用设备,2.6779876,-2.4865482
3061,2025-01-27,SH.ZB_600029,南方航空,航空机场,2.6771755,-1.7451386
3062,2025-01-27,SH.KC_688690,纳微科技,化学制药,2.6770995,-2.3560348
3063,2025-01-27,SH.ZB_603286,日盈电子,汽车零部件,2.6767597,-4.6447177
3064,2025-01-27,SH.KC_300036,超图软件,软件开发,2.6756077,-1.8560205
3065,2025-01-27,SH.KC_300445,康斯特,仪器仪表,2.6746824,-2.4216914
3066,2025-01-27,SZ.ZB_002442,龙星科技,橡胶制品,2.6739955,-2.3077197
3067,2025-01-27,SZ.ZB_002913,奥士康,电子元件,2.6739194,-2.2265933
3068,2025-01-27,SZ.ZB_002801,微光股份,电机,2.6730566,-2.7338657
3069,2025-01-27,SH.KC_688353,华盛锂电,化学制品,2.672495,-2.1889005
3070,2025-01-27,SH.ZB_600012,皖通高速,铁路公路,2.6721046,-1.8446734
3071,2025-01-27,SH.ZB_600039,四川路桥,工程建设,2.671808,-1.989554
3072,2025-01-27,SZ.ZB_000045,深纺织Ａ,光学光电子,2.6710482,-1.8658075
3073,2025-01-27,SH.ZB_603266,天龙股份,塑料制品,2.670504,-2.1379652
3074,2025-01-27,SH.KC_300595,欧普康视,医疗器械,2.67023,-1.8323245
3075,2025-01-27,SH.ZB_603866,桃李面包,食品饮料,2.6692107,-1.598499
3076,2025-01-27,SH.ZB_600618,氯碱化工,化学原料,2.6668265,-2.6968234
3077,2025-01-27,SH.ZB_600221,海航控股,航空机场,2.6666656,-2.0221634
3078,2025-01-27,SH.KC_301378,通达海,软件开发,2.6665702,-2.2001803
3079,2025-01-27,SH.KC_688070,纵横股份,航天航空,2.6662707,-2.6754074
3080,2025-01-27,SH.ZB_603238,诺邦股份,美容护理,2.665329,-1.8631039
3081,2025-01-27,SZ.ZB_000505,京粮控股,农牧饲渔,2.6647,-1.8542141
3082,2025-01-27,SH.ZB_603998,方盛制药,中药,2.6596456,-1.9244168
3083,2025-01-27,SZ.ZB_002344,海宁皮城,商业百货,2.6593075,-1.9103706
3084,2025-01-27,SH.ZB_603281,江瀚新材,化学制品,2.6590064,-1.763685
3085,2025-01-27,SZ.ZB_002968,新大正,房地产服务,2.6587725,-2.268526
3086,2025-01-27,SH.KC_300604,长川科技,半导体,2.6583269,-2.3389351
3087,2025-01-27,SZ.ZB_000628,高新发展,工程建设,2.657339,-3.147953
3088,2025-01-27,SH.KC_688233,神工股份,半导体,2.6568964,-1.6309556
3089,2025-01-27,SZ.ZB_002105,信隆健康,交运设备,2.6549683,-1.6555856
3090,2025-01-27,SH.KC_301093,华兰股份,医疗器械,2.653983,-2.3681467
3091,2025-01-27,SH.ZB_605266,健之佳,医药商业,2.6539178,-2.6640086
3092,2025-01-27,SZ.ZB_002548,金新农,农牧饲渔,2.6520042,-1.7615536
3093,2025-01-27,SH.KC_300228,富瑞特装,专用设备,2.6519775,-2.127884
3094,2025-01-27,SH.KC_300485,赛升药业,生物制品,2.6502967,-2.1478386
3095,2025-01-27,SZ.ZB_002500,山西证券,证券,2.6499763,-2.0881362
3096,2025-01-27,SH.KC_300329,海伦钢琴,家用轻工,2.6496992,-3.0064313
3097,2025-01-27,SH.KC_688772,珠海冠宇,电池,2.64941,-1.6415106
3098,2025-01-27,SH.ZB_603055,台华新材,纺织服装,2.6491747,-1.8289421
3099,2025-01-27,SH.KC_688347,华虹公司,半导体,2.6475282,-2.2640352
3100,2025-01-27,SH.ZB_601002,晋亿实业,通用设备,2.6474686,-1.7925925
3101,2025-01-27,SH.KC_300550,和仁科技,软件开发,2.6458905,-2.545587
3102,2025-01-27,SH.KC_688255,凯尔达,专用设备,2.6456192,-6.389929
3103,2025-01-27,SH.KC_301057,汇隆新材,化纤行业,2.6444569,-2.1329434
3104,2025-01-27,SH.KC_688619,罗普特,互联网服务,2.6443272,-2.9555175
3105,2025-01-27,SH.ZB_600055,万东医疗,医疗器械,2.6426778,-1.9159913
3106,2025-01-27,SH.ZB_605123,派克新材,通用设备,2.63934,-1.576626
3107,2025-01-27,SH.KC_300373,扬杰科技,半导体,2.6386886,-2.1387799
3108,2025-01-27,SH.KC_300369,绿盟科技,软件开发,2.6370466,-2.7267194
3109,2025-01-27,SH.KC_300559,佳发教育,软件开发,2.635476,-2.8743649
3110,2025-01-27,SH.ZB_603369,今世缘,酿酒行业,2.6352434,-1.8928015
3111,2025-01-27,SZ.ZB_002032,苏 泊 尔,家电行业,2.6343658,-1.9301012
3112,2025-01-27,SH.KC_688739,成大生物,生物制品,2.6339278,-2.2024515
3113,2025-01-27,SH.KC_688002,睿创微纳,半导体,2.633722,-2.1079943
3114,2025-01-27,SH.KC_301099,雅创电子,贸易行业,2.6333392,-1.9432591
3115,2025-01-27,SZ.ZB_000957,中通客车,汽车整车,2.6323364,-2.720513
3116,2025-01-27,SH.KC_301345,涛涛车业,交运设备,2.6322947,-2.1096241
3117,2025-01-27,SZ.ZB_000521,长虹美菱,家电行业,2.6302323,-1.4364301
3118,2025-01-27,SH.KC_689009,九号公司-WD,交运设备,2.6299074,-2.1453226
3119,2025-01-27,SZ.ZB_002054,德美化工,化学制品,2.628608,-1.947893
3120,2025-01-27,SH.KC_300960,通业科技,交运设备,2.6285007,-2.0998173
3121,2025-01-27,SH.KC_300909,汇创达,光学光电子,2.6277423,-2.0817094
3122,2025-01-27,SH.KC_301515,港通医疗,医疗器械,2.627696,-2.102563
3123,2025-01-27,SH.ZB_603052,可川科技,电子元件,2.6266098,-2.2390015
3124,2025-01-27,SH.KC_300371,汇中股份,仪器仪表,2.6264966,-2.026428
3125,2025-01-27,SH.ZB_600906,财达证券,证券,2.625744,-1.8476284
3126,2025-01-27,SH.KC_300976,达瑞电子,消费电子,2.6253433,-2.5642843
3127,2025-01-27,SZ.ZB_000596,古井贡酒,酿酒行业,2.6241155,-1.7359267
3128,2025-01-27,SZ.ZB_002044,美年健康,医疗服务,2.6231422,-1.8225336
3129,2025-01-27,SZ.ZB_000738,航发控制,航天航空,2.6229172,-1.4297235
3130,2025-01-27,SZ.ZB_002270,华明装备,电网设备,2.622658,-1.893914
3131,2025-01-27,SZ.ZB_002595,豪迈科技,专用设备,2.6224346,-1.8657446
3132,2025-01-27,SH.ZB_600821,金开新能,电力行业,2.6222944,-2.1218784
3133,2025-01-27,SH.KC_300915,海融科技,食品饮料,2.6202826,-1.9104717
3134,2025-01-27,SH.KC_688007,光峰科技,消费电子,2.6197538,-1.9057188
3135,2025-01-27,SH.ZB_600570,恒生电子,软件开发,2.6191025,-2.3417478
3136,2025-01-27,SZ.ZB_002151,北斗星通,通信设备,2.6185184,-1.6319331
3137,2025-01-27,SZ.ZB_002559,亚威股份,通用设备,2.615735,-2.8517148
3138,2025-01-27,SH.ZB_603855,华荣股份,专用设备,2.6152537,-2.2269473
3139,2025-01-27,SH.KC_301083,百胜智能,专用设备,2.6147857,-2.1350865
3140,2025-01-27,SH.KC_300725,药石科技,化学制药,2.612336,-2.3052216
3141,2025-01-27,SH.KC_301209,联合化学,化学原料,2.6121364,-2.9776015
3142,2025-01-27,SH.KC_688315,诺禾致源,医疗服务,2.611652,-2.4159265
3143,2025-01-27,SH.ZB_603618,杭电股份,电网设备,2.6114523,-3.340939
3144,2025-01-27,SH.KC_301505,苏州规划,工程咨询服务,2.6108966,-2.1114442
3145,2025-01-27,SH.ZB_603122,合富中国,医药商业,2.610892,-2.1631093
3146,2025-01-27,SH.ZB_600684,珠江股份,房地产服务,2.6104941,-1.8062892
3147,2025-01-27,SZ.ZB_000978,桂林旅游,旅游酒店,2.6101649,-1.9503021
3148,2025-01-27,SH.KC_300665,飞鹿股份,化学制品,2.6078627,-2.072756
3149,2025-01-27,SZ.ZB_002983,芯瑞达,光学光电子,2.607633,-1.5605329
3150,2025-01-27,SH.KC_688305,科德数控,通用设备,2.6070788,-2.1553466
3151,2025-01-27,SZ.ZB_002655,共达电声,消费电子,2.6059837,-2.070906
3152,2025-01-27,SH.ZB_603759,海天股份,公用事业,2.6050494,-1.8779888
3153,2025-01-27,SH.KC_301370,国科恒泰,贸易行业,2.6048927,-1.8557131
3154,2025-01-27,SH.ZB_600662,外服控股,专业服务,2.6048794,-2.0536418
3155,2025-01-27,SH.KC_300470,中密控股,通用设备,2.6044936,-1.9518878
3156,2025-01-27,SH.KC_688510,航亚科技,航天航空,2.6013403,-2.2819927
3157,2025-01-27,SH.KC_688093,世华科技,电子元件,2.5990024,-2.1719348
3158,2025-01-27,SH.ZB_600721,百花医药,医疗服务,2.5978909,-2.376538
3159,2025-01-27,SH.ZB_603379,三美股份,化学制品,2.597055,-2.6074865
3160,2025-01-27,SH.ZB_600201,生物股份,农药兽药,2.5951266,-2.1841114
3161,2025-01-27,SH.ZB_603871,嘉友国际,物流行业,2.5941954,-2.0304942
3162,2025-01-27,SZ.ZB_001896,豫能控股,电力行业,2.5919647,-1.9314418
3163,2025-01-27,SH.ZB_603077,和邦生物,化学原料,2.5918617,-1.6345422
3164,2025-01-27,SH.KC_301508,中机认检,专业服务,2.5916622,-2.2461157
3165,2025-01-27,SZ.ZB_002893,京能热力,公用事业,2.590792,-1.7042575
3166,2025-01-27,SZ.ZB_002026,山东威达,通用设备,2.5896282,-2.584383
3167,2025-01-27,SZ.ZB_002869,金溢科技,电子元件,2.5895178,-1.9476911
3168,2025-01-27,SZ.ZB_002725,跃岭股份,汽车零部件,2.5894344,-2.0981584
3169,2025-01-27,SH.ZB_605198,安德利,食品饮料,2.5893166,-2.5649016
3170,2025-01-27,SH.ZB_601020,华钰矿业,有色金属,2.588859,-3.2133713
3171,2025-01-27,SH.KC_300916,朗特智能,消费电子,2.588211,-2.682859
3172,2025-01-27,SH.ZB_600326,西藏天路,水泥建材,2.5869102,-1.8678656
3173,2025-01-27,SH.ZB_605151,西上海,汽车零部件,2.5856347,-1.8610991
3174,2025-01-27,SZ.ZB_002172,澳洋健康,医疗服务,2.5856347,-2.1097615
3175,2025-01-27,SH.ZB_603201,常润股份,汽车零部件,2.5846972,-1.9820918
3176,2025-01-27,SZ.ZB_002818,富森美,商业百货,2.5841787,-1.349606
3177,2025-01-27,SH.KC_301331,恩威医药,中药,2.5828629,-2.1606266
3178,2025-01-27,SH.ZB_603701,德宏股份,汽车零部件,2.581945,-1.9752066
3179,2025-01-27,SH.KC_300777,中简科技,化纤行业,2.5809512,-2.9016602
3180,2025-01-27,SH.KC_301221,光庭信息,软件开发,2.5803387,-2.427843
3181,2025-01-27,SH.KC_300174,元力股份,化学制品,2.5777922,-2.346902
3182,2025-01-27,SH.ZB_600862,中航高科,航天航空,2.5773704,-1.6582355
3183,2025-01-27,SZ.ZB_001376,百通能源,公用事业,2.5773585,-2.0009677
3184,2025-01-27,SH.KC_688121,卓然股份,专用设备,2.5769427,-1.8948748
3185,2025-01-27,SH.KC_688179,阿拉丁,化学制品,2.5762036,-2.8519018
3186,2025-01-27,SH.ZB_603676,卫信康,化学制药,2.575931,-1.9378908
3187,2025-01-27,SH.KC_300810,中科海讯,软件开发,2.5754795,-2.9236326
3188,2025-01-27,SH.KC_301282,金禄电子,电子元件,2.5739148,-2.440381
3189,2025-01-27,SH.ZB_603275,众辰科技,仪器仪表,2.5722458,-2.1987963
3190,2025-01-27,SH.ZB_603057,紫燕食品,食品饮料,2.5713727,-1.3283379
3191,2025-01-27,SH.ZB_601633,长城汽车,汽车整车,2.5704563,-1.6195474
3192,2025-01-27,SZ.ZB_001210,金房能源,公用事业,2.5703177,-1.9593596
3193,2025-01-27,SH.KC_300512,中亚股份,专用设备,2.5700033,-2.131768
3194,2025-01-27,SH.KC_300759,康龙化成,医疗服务,2.5692449,-2.1924577
3195,2025-01-27,SH.ZB_605183,确成股份,橡胶制品,2.569045,-2.0197768
3196,2025-01-27,SH.ZB_603075,热威股份,家电行业,2.5679202,-2.090855
3197,2025-01-27,SH.ZB_600645,中源协和,生物制品,2.5673792,-2.3238437
3198,2025-01-27,SH.KC_688625,呈和科技,化学制品,2.5669246,-2.1747773
3199,2025-01-27,SH.ZB_603909,建发合诚,工程咨询服务,2.5657654,-2.2665474
3200,2025-01-27,SZ.ZB_002651,利君股份,专用设备,2.5655673,-1.6403605
3201,2025-01-27,SZ.ZB_000401,冀东水泥,水泥建材,2.564417,-1.8380032
3202,2025-01-27,SZ.ZB_002042,华孚时尚,纺织服装,2.5643513,-2.5620081
3203,2025-01-27,SH.KC_688280,精进电动-UW,汽车零部件,2.5618286,-2.2811868
3204,2025-01-27,SH.KC_688663,新风光,电网设备,2.5607274,-2.3239923
3205,2025-01-27,SZ.ZB_002817,黄山胶囊,医疗器械,2.5604532,-2.0499594
3206,2025-01-27,SH.ZB_600131,国网信通,互联网服务,2.5601969,-1.9267989
3207,2025-01-27,SH.KC_300575,中旗股份,农药兽药,2.5596037,-2.1505198
3208,2025-01-27,SH.KC_688067,爱威科技,医疗器械,2.5591269,-2.9128916
3209,2025-01-27,SH.ZB_601021,春秋航空,航空机场,2.5584147,-1.9439297
3210,2025-01-27,SH.KC_688078,龙软科技,软件开发,2.5578485,-2.5608237
3211,2025-01-27,SH.ZB_600561,江西长运,铁路公路,2.557197,-2.3099632
3212,2025-01-27,SH.ZB_603161,科华控股,汽车零部件,2.55647,-1.6878482
3213,2025-01-27,SZ.ZB_000927,中国铁物,物流行业,2.5547326,-2.0745533
3214,2025-01-27,SH.ZB_600768,宁波富邦,有色金属,2.5538192,-2.3474536
3215,2025-01-27,SH.ZB_601857,中国石油,石油行业,2.5511293,-1.4901149
3216,2025-01-27,SH.KC_300958,建工修复,环保行业,2.551037,-1.8019769
3217,2025-01-27,SH.ZB_603209,兴通股份,航运港口,2.550961,-1.7745217
3218,2025-01-27,SH.KC_301025,读客文化,文化传媒,2.550933,-3.1073775
3219,2025-01-27,SH.KC_300248,新开普,互联网服务,2.5490835,-4.1428847
3220,2025-01-27,SH.ZB_600436,片仔癀,中药,2.5490417,-1.6593091
3221,2025-01-27,SZ.ZB_000751,锌业股份,有色金属,2.5488198,-1.7789675
3222,2025-01-27,SH.ZB_600963,岳阳林纸,造纸印刷,2.5477424,-2.039126
3223,2025-01-27,SH.ZB_603218,日月股份,风电设备,2.5471628,-1.9195888
3224,2025-01-27,SH.KC_300911,亿田智能,家电行业,2.5438428,-2.531834
3225,2025-01-27,SZ.ZB_000906,浙商中拓,物流行业,2.5435328,-1.7396185
3226,2025-01-27,SH.ZB_603992,松霖科技,装修建材,2.5412843,-2.284288
3227,2025-01-27,SH.ZB_603279,景津装备,专用设备,2.5402472,-1.7126758
3228,2025-01-27,SZ.ZB_000528,柳    工,工程机械,2.5384233,-1.810415
3229,2025-01-27,SZ.ZB_000637,茂化实华,石油行业,2.5378494,-1.9022849
3230,2025-01-27,SZ.ZB_002850,科达利,电池,2.5369883,-3.5573885
3231,2025-01-27,SH.KC_300920,润阳科技,塑料制品,2.5369496,-2.2710712
3232,2025-01-27,SZ.ZB_002553,南方精工,汽车零部件,2.5354445,-3.24223
3233,2025-01-27,SZ.ZB_002262,恩华药业,化学制药,2.5344565,-1.6984824
3234,2025-01-27,SZ.ZB_001258,立新能源,电力行业,2.5339797,-1.6035868
3235,2025-01-27,SZ.ZB_003041,真爱美家,纺织服装,2.5333314,-4.0667114
3236,2025-01-27,SH.KC_301580,爱迪特,医疗器械,2.5324912,-1.8689291
3237,2025-01-27,SH.KC_688355,明志科技,通用设备,2.530384,-2.262048
3238,2025-01-27,SH.KC_688129,东来技术,化学制品,2.5298133,-2.521963
3239,2025-01-27,SH.ZB_601369,陕鼓动力,通用设备,2.5292172,-1.61186
3240,2025-01-27,SH.ZB_600208,衢州发展,房地产开发,2.5279834,-1.9603978
3241,2025-01-27,SH.KC_300414,中光防雷,通信设备,2.5257826,-2.1891725
3242,2025-01-27,SZ.ZB_000931,中 关 村,化学制药,2.5248587,-1.8931901
3243,2025-01-27,SZ.ZB_002598,山东章鼓,通用设备,2.5239573,-1.8501822
3244,2025-01-27,SH.KC_300221,银禧科技,塑料制品,2.52358,-3.557545
3245,2025-01-27,SZ.ZB_002840,华统股份,食品饮料,2.523358,-2.0863116
3246,2025-01-27,SH.ZB_603630,拉芳家化,美容护理,2.5231452,-2.3775244
3247,2025-01-27,SH.ZB_603081,大丰实业,专用设备,2.521801,-2.3192267
3248,2025-01-27,SH.ZB_600310,广西能源,电力行业,2.5217369,-1.4786949
3249,2025-01-27,SH.ZB_601133,柏诚股份,工程建设,2.520144,-1.9856496
3250,2025-01-27,SH.ZB_600559,老白干酒,酿酒行业,2.5201366,-1.7101772
3251,2025-01-27,SH.ZB_603093,南华期货,多元金融,2.5190024,-2.5709932
3252,2025-01-27,SH.ZB_603353,和顺石油,石油行业,2.5150716,-1.844779
3253,2025-01-27,SZ.ZB_002093,国脉科技,通信服务,2.5146484,-2.312229
3254,2025-01-27,SH.KC_688468,科美诊断,医疗器械,2.514641,-2.2229092
3255,2025-01-27,SH.ZB_603601,再升科技,玻璃玻纤,2.5129452,-2.029517
3256,2025-01-27,SH.KC_300041,回天新材,化学制品,2.5128274,-1.6029773
3257,2025-01-27,SZ.ZB_002534,西子洁能,电源设备,2.5112941,-2.0921652
3258,2025-01-27,SH.KC_300218,安利股份,塑料制品,2.5109382,-1.9487821
3259,2025-01-27,SZ.ZB_000559,万向钱潮,汽车零部件,2.5096357,-1.6606983
3260,2025-01-27,SH.KC_301130,西点药业,化学制药,2.509062,-2.939136
3261,2025-01-27,SZ.ZB_002876,三利谱,光学光电子,2.5086493,-3.3354492
3262,2025-01-27,SH.KC_301338,凯格精机,专用设备,2.5085642,-1.9453596
3263,2025-01-27,SH.ZB_600876,凯盛新能,光伏设备,2.5075839,-1.9094282
3264,2025-01-27,SZ.ZB_002871,伟隆股份,通用设备,2.5062635,-2.043826
3265,2025-01-27,SH.KC_300304,云意电气,汽车零部件,2.5061398,-2.344436
3266,2025-01-27,SH.ZB_603338,浙江鼎力,工程机械,2.505897,-2.0956874
3267,2025-01-27,SH.KC_300016,北陆药业,化学制药,2.505274,-1.8950481
3268,2025-01-27,SH.ZB_603006,联明股份,汽车零部件,2.5025666,-2.3455088
3269,2025-01-27,SH.KC_688651,盛邦安全,软件开发,2.5009468,-3.712644
3270,2025-01-27,SZ.ZB_003038,鑫铂股份,有色金属,2.4997444,-2.1768088
3271,2025-01-27,SZ.ZB_000021,深科技,消费电子,2.4995089,-2.7412708
3272,2025-01-27,SH.ZB_603288,海天味业,食品饮料,2.499281,-1.2977675
3273,2025-01-27,SH.KC_301156,美农生物,农牧饲渔,2.4986207,-2.1972556
3274,2025-01-27,SH.ZB_600403,大有能源,煤炭行业,2.4985597,-2.046326
3275,2025-01-27,SZ.ZB_001914,招商积余,房地产服务,2.4982438,-2.0180993
3276,2025-01-27,SH.ZB_603721,中广天择,文化传媒,2.4952843,-2.6715853
3277,2025-01-27,SZ.ZB_002125,湘潭电化,化学原料,2.494745,-1.8532356
3278,2025-01-27,SH.ZB_603477,巨星农牧,农牧饲渔,2.4945707,-2.13322
3279,2025-01-27,SH.ZB_600517,国网英大,多元金融,2.494122,-1.8289719
3280,2025-01-27,SH.ZB_601326,秦港股份,航运港口,2.494043,-2.0639212
3281,2025-01-27,SH.KC_688425,铁建重工,工程机械,2.493696,-1.4363117
3282,2025-01-27,SZ.ZB_000523,红棉股份,食品饮料,2.4922907,-1.8295195
3283,2025-01-27,SH.KC_688267,中触媒,化学原料,2.4919734,-2.136957
3284,2025-01-27,SH.ZB_600222,太龙药业,中药,2.4905787,-2.3810415
3285,2025-01-27,SH.KC_301170,锡南科技,汽车零部件,2.4903746,-1.9888854
3286,2025-01-27,SH.KC_300741,华宝股份,食品饮料,2.489382,-0.71440226
3287,2025-01-27,SZ.ZB_001216,华瓷股份,装修建材,2.4885833,-2.4057827
3288,2025-01-27,SH.ZB_603515,欧普照明,家电行业,2.4884298,-1.5949816
3289,2025-01-27,SH.ZB_605080,浙江自然,纺织服装,2.4865463,-3.5206563
3290,2025-01-27,SH.KC_300398,飞凯材料,电子化学品,2.483809,-2.1209404
3291,2025-01-27,SH.KC_688069,德林海,环保行业,2.4836512,-1.4932318
3292,2025-01-27,SZ.ZB_002371,北方华创,半导体,2.4834886,-1.4413373
3293,2025-01-27,SH.KC_301100,风光股份,化学制品,2.4810865,-1.728398
3294,2025-01-27,SH.ZB_600226,亨通股份,农药兽药,2.4810166,-3.3735843
3295,2025-01-27,SH.ZB_603285,键邦股份,化学制品,2.4808617,-2.3946233
3296,2025-01-27,SH.ZB_600183,生益科技,电子元件,2.4795578,-3.5317092
3297,2025-01-27,SH.ZB_600109,国金证券,证券,2.4791405,-1.8880386
3298,2025-01-27,SZ.ZB_000100,TCL科技,光学光电子,2.4787233,-2.0308797
3299,2025-01-27,SH.ZB_601995,中金公司,证券,2.4779365,-1.6365625
3300,2025-01-27,SH.KC_301158,德石股份,专用设备,2.4768174,-2.148445
3301,2025-01-27,SH.KC_300428,立中集团,汽车零部件,2.4760067,-1.9374443
3302,2025-01-27,SH.ZB_603535,嘉诚国际,物流行业,2.4759426,-2.1589072
3303,2025-01-27,SH.KC_688015,交控科技,交运设备,2.4758532,-2.0976985
3304,2025-01-27,SZ.ZB_002078,太阳纸业,造纸印刷,2.4752288,-1.8069718
3305,2025-01-27,SH.ZB_603727,博迈科,采掘行业,2.4744332,-2.4732127
3306,2025-01-27,SZ.ZB_000516,国际医学,医疗服务,2.4742217,-1.5836788
3307,2025-01-27,SH.KC_688439,振华风光,半导体,2.4740562,-1.6972497
3308,2025-01-27,SZ.ZB_002179,中航光电,电子元件,2.4734588,-1.9963663
3309,2025-01-27,SH.ZB_603939,益丰药房,医药商业,2.4696038,-1.5338087
3310,2025-01-27,SH.ZB_601969,海南矿业,钢铁行业,2.469258,-2.383975
3311,2025-01-27,SH.KC_301272,英华特,专用设备,2.4685905,-1.680761
3312,2025-01-27,SH.ZB_603938,三孚股份,化学制品,2.4658918,-1.8586973
3313,2025-01-27,SH.KC_300129,泰胜风能,风电设备,2.4646804,-1.7770585
3314,2025-01-27,SH.ZB_600335,国机汽车,汽车服务,2.4636836,-2.2865417
3315,2025-01-27,SZ.ZB_000850,华茂股份,纺织服装,2.4636462,-2.014665
3316,2025-01-27,SH.KC_688116,天奈科技,化学制品,2.4634213,-2.4360914
3317,2025-01-27,SH.KC_688777,中控技术,软件开发,2.461581,-3.0019846
3318,2025-01-27,SZ.ZB_002652,扬子新材,装修建材,2.4614334,-2.0932908
3319,2025-01-27,SH.ZB_600993,马应龙,中药,2.4606228,-1.9587685
3320,2025-01-27,SH.ZB_603131,上海沪工,通用设备,2.4605274,-1.9834814
3321,2025-01-27,SZ.ZB_001328,登康口腔,美容护理,2.4582849,-2.1661777
3322,2025-01-27,SH.KC_300752,隆利科技,光学光电子,2.4578304,-2.4823956
3323,2025-01-27,SZ.ZB_001324,长青科技,交运设备,2.457395,-2.8018687
3324,2025-01-27,SH.KC_300899,上海凯鑫,环保行业,2.4572716,-2.2739866
3325,2025-01-27,SH.KC_300402,宝色股份,专用设备,2.4554105,-1.6817348
3326,2025-01-27,SH.KC_688319,欧林生物,生物制品,2.4552777,-2.4175012
3327,2025-01-27,SZ.ZB_000686,东北证券,证券,2.4550617,-2.2953496
3328,2025-01-27,SZ.ZB_000333,美的集团,家电行业,2.454564,-1.64552
3329,2025-01-27,SH.KC_300749,顶固集创,装修建材,2.4536161,-2.6848514
3330,2025-01-27,SZ.ZB_003009,中天火箭,航天航空,2.452138,-1.793529
3331,2025-01-27,SZ.ZB_000818,航锦科技,化学原料,2.451749,-2.159177
3332,2025-01-27,SH.ZB_600121,郑州煤电,煤炭行业,2.4515436,-1.7421339
3333,2025-01-27,SH.ZB_600586,金晶科技,玻璃玻纤,2.4515436,-1.8331105
3334,2025-01-27,SZ.ZB_002671,龙泉股份,水泥建材,2.451402,-2.347635
3335,2025-01-27,SH.ZB_603579,荣泰健康,家电行业,2.4506092,-1.7849677
3336,2025-01-27,SH.ZB_600338,西藏珠峰,有色金属,2.449809,-1.7087684
3337,2025-01-27,SH.KC_688036,传音控股,消费电子,2.4497166,-2.6185696
3338,2025-01-27,SH.KC_688401,路维光电,半导体,2.4481773,-2.2609866
3339,2025-01-27,SH.KC_688359,三孚新科,电子化学品,2.44738,-3.3310895
3340,2025-01-27,SZ.ZB_002069,獐子岛,农牧饲渔,2.447182,-2.0188022
3341,2025-01-27,SH.ZB_600252,中恒集团,中药,2.4469824,-1.7072201
3342,2025-01-27,SZ.ZB_002494,华斯股份,纺织服装,2.4447546,-2.082465
3343,2025-01-27,SH.ZB_600558,大西洋,通用设备,2.4437442,-2.5254648
3344,2025-01-27,SH.ZB_601116,三江购物,商业百货,2.4421706,-1.4770821
3345,2025-01-27,SH.ZB_601881,中国银河,证券,2.4411082,-2.0803611
3346,2025-01-27,SH.KC_301125,腾亚精工,通用设备,2.4403975,-1.7769709
3347,2025-01-27,SH.ZB_600682,南京新百,商业百货,2.4400249,-1.7458193
3348,2025-01-27,SH.KC_300230,永利股份,塑料制品,2.4392457,-2.1426063
3349,2025-01-27,SH.ZB_605499,东鹏饮料,食品饮料,2.438657,-2.124281
3350,2025-01-27,SH.KC_688455,科捷智能,通用设备,2.4382546,-2.3773172
3351,2025-01-27,SZ.ZB_002753,永东股份,橡胶制品,2.4380221,-1.9663066
3352,2025-01-27,SZ.ZB_002873,新天药业,中药,2.4374292,-2.1200864
3353,2025-01-27,SH.ZB_603127,昭衍新药,医疗服务,2.43603,-2.006916
3354,2025-01-27,SH.KC_300533,冰川网络,游戏,2.4359956,-3.2528508
3355,2025-01-27,SH.ZB_600115,中国东航,航空机场,2.4346426,-1.6767726
3356,2025-01-27,SH.KC_300627,华测导航,通信设备,2.434355,-2.2068148
3357,2025-01-27,SH.KC_300467,迅游科技,游戏,2.434112,-2.4002225
3358,2025-01-27,SH.KC_301088,戎美股份,纺织服装,2.433759,-1.8068697
3359,2025-01-27,SZ.ZB_002795,永和智控,通用设备,2.433437,-3.883777
3360,2025-01-27,SZ.ZB_002186,全 聚 德,旅游酒店,2.4320931,-1.8339677
3361,2025-01-27,SH.KC_301525,儒竞科技,通用设备,2.4317026,-2.46656
3362,2025-01-27,SH.KC_688681,科汇股份,电网设备,2.4305806,-2.830085
3363,2025-01-27,SH.ZB_603181,皇马科技,塑料制品,2.4295955,-2.270159
3364,2025-01-27,SH.ZB_600085,同仁堂,中药,2.4281397,-1.661788
3365,2025-01-27,SH.ZB_605366,宏柏新材,化学制品,2.4279282,-2.190717
3366,2025-01-27,SH.KC_688479,友车科技,汽车服务,2.4271548,-2.368655
3367,2025-01-27,SH.KC_300239,东宝生物,生物制品,2.426876,-2.2118456
3368,2025-01-27,SH.ZB_601699,潞安环能,煤炭行业,2.425179,-1.4040337
3369,2025-01-27,SH.KC_688046,药康生物,生物制品,2.4251177,-2.601526
3370,2025-01-27,SH.ZB_603739,蔚蓝生物,农牧饲渔,2.424881,-1.987404
3371,2025-01-27,SH.KC_300507,苏奥传感,汽车零部件,2.4241521,-1.987816
3372,2025-01-27,SH.ZB_601096,宏盛华源,电网设备,2.4230986,-1.8076442
3373,2025-01-27,SH.ZB_603119,浙江荣泰,非金属材料,2.4222062,-4.1226835
3374,2025-01-27,SH.KC_688161,威高骨科,医疗器械,2.4208858,-2.7832778
3375,2025-01-27,SZ.ZB_001205,盛航股份,航运港口,2.4202957,-2.0434256
3376,2025-01-27,SZ.ZB_002653,海思科,化学制药,2.4193435,-2.238483
3377,2025-01-27,SZ.ZB_001234,泰慕士,纺织服装,2.4178653,-2.2108746
3378,2025-01-27,SH.KC_300833,浩洋股份,专用设备,2.4171247,-2.2153492
3379,2025-01-27,SH.KC_300569,天能重工,风电设备,2.416116,-0.81841576
3380,2025-01-27,SZ.ZB_002984,森麒麟,橡胶制品,2.4154484,-1.8237826
3381,2025-01-27,SH.ZB_600877,电科芯片,半导体,2.4145155,-1.7149727
3382,2025-01-27,SH.ZB_600927,永安期货,多元金融,2.4114861,-2.0396996
3383,2025-01-27,SH.KC_300750,宁德时代,电池,2.411431,-2.1124163
3384,2025-01-27,SH.ZB_605177,东亚药业,化学制药,2.411057,-2.6700263
3385,2025-01-27,SH.ZB_600104,上汽集团,汽车整车,2.4109557,-1.9023391
3386,2025-01-27,SH.KC_301305,朗坤环境,环保行业,2.410327,-1.8913445
3387,2025-01-27,SZ.ZB_002796,世嘉科技,专用设备,2.4090185,-1.9245777
3388,2025-01-27,SH.KC_300259,新天科技,仪器仪表,2.4085522,-1.635487
3389,2025-01-27,SH.ZB_603968,醋化股份,化学制品,2.4077342,-1.8563684
3390,2025-01-27,SH.KC_301098,金埔园林,工程建设,2.406238,-2.4106371
3391,2025-01-27,SH.KC_688182,灿勤科技,通信设备,2.4051979,-2.221269
3392,2025-01-27,SZ.ZB_001323,慕思股份,家用轻工,2.4042547,-2.2873845
3393,2025-01-27,SZ.ZB_002073,软控股份,专用设备,2.4023712,-2.2682662
3394,2025-01-27,SH.KC_300743,天地数码,非金属材料,2.399756,-2.0787864
3395,2025-01-27,SH.KC_688011,新光光电,光学光电子,2.399452,-1.9146683
3396,2025-01-27,SH.KC_301179,泽宇智能,软件开发,2.3993626,-2.1216788
3397,2025-01-27,SZ.ZB_002340,格林美,能源金属,2.3989825,-1.724834
3398,2025-01-27,SZ.ZB_002557,洽洽食品,食品饮料,2.3983016,-1.4503566
3399,2025-01-27,SH.KC_301320,豪江智能,电子元件,2.3972483,-1.8097821
3400,2025-01-27,SZ.ZB_000949,新乡化纤,化纤行业,2.3968265,-2.5659137
3401,2025-01-27,SZ.ZB_001256,炜冈科技,专用设备,2.3961828,-2.3754566
3402,2025-01-27,SH.ZB_600176,中国巨石,玻璃玻纤,2.3952618,-1.6822885
3403,2025-01-27,SH.ZB_603168,莎普爱思,化学制药,2.3949356,-1.8769466
3404,2025-01-27,SH.ZB_603378,亚士创能,装修建材,2.3934393,-2.1075249
3405,2025-01-27,SZ.ZB_001337,四川黄金,贵金属,2.3924499,-1.8609693
3406,2025-01-27,SH.ZB_603949,雪龙集团,汽车零部件,2.3918583,-2.2399457
3407,2025-01-27,SH.ZB_603650,彤程新材,橡胶制品,2.3913667,-2.0968716
3408,2025-01-27,SH.KC_301218,华是科技,软件开发,2.3903682,-2.374899
3409,2025-01-27,SH.ZB_603530,神马电力,电网设备,2.3899748,-3.155748
3410,2025-01-27,SH.KC_300401,花园生物,化学制药,2.3899257,-1.697376
3411,2025-01-27,SH.KC_688019,安集科技,电子化学品,2.389331,-2.4351158
3412,2025-01-27,SZ.ZB_002662,京威股份,汽车零部件,2.3890524,-1.5963905
3413,2025-01-27,SH.ZB_603867,新化股份,化学制品,2.3890316,-1.9788746
3414,2025-01-27,SH.ZB_600189,泉阳泉,食品饮料,2.3872585,-1.6820211
3415,2025-01-27,SZ.ZB_001316,润贝航科,贸易行业,2.3862646,-2.1078968
3416,2025-01-27,SH.ZB_600333,长春燃气,燃气,2.3837805,-1.5308464
3417,2025-01-27,SH.KC_300573,兴齐眼药,化学制药,2.383019,-2.123215
3418,2025-01-27,SH.KC_301267,华厦眼科,医疗服务,2.381672,-1.8064568
3419,2025-01-27,SZ.ZB_000541,佛山照明,家电行业,2.380815,-2.2599123
3420,2025-01-27,SH.KC_300800,力合科技,环保行业,2.379623,-2.479889
3421,2025-01-27,SH.ZB_600223,福瑞达,生物制品,2.379255,-2.123966
3422,2025-01-27,SH.KC_300631,久吾高科,环保行业,2.3791165,-1.995708
3423,2025-01-27,SH.ZB_603299,苏盐井神,化学原料,2.3771331,-2.1088552
3424,2025-01-27,SH.ZB_603979,金诚信,采掘行业,2.3771152,-2.229949
3425,2025-01-27,SH.ZB_600433,冠豪高新,造纸印刷,2.3769364,-2.2587576
3426,2025-01-27,SH.KC_301103,何氏眼科,医疗服务,2.3750737,-1.8027499
3427,2025-01-27,SH.ZB_600476,湘邮科技,软件开发,2.3748636,-2.1715603
3428,2025-01-27,SH.ZB_601368,绿城水务,公用事业,2.374518,-1.8226442
3429,2025-01-27,SH.ZB_600660,福耀玻璃,玻璃玻纤,2.3743882,-1.6623881
3430,2025-01-27,SZ.ZB_002062,宏润建设,工程建设,2.373606,-2.3817654
3431,2025-01-27,SH.ZB_600717,天津港,航运港口,2.3734198,-1.8569055
3432,2025-01-27,SH.ZB_603222,济民健康,化学制药,2.3730292,-2.373989
3433,2025-01-27,SH.KC_300893,松原股份,汽车零部件,2.3725004,-2.1003163
3434,2025-01-27,SH.KC_301222,浙江恒威,电池,2.3708775,-2.076394
3435,2025-01-27,SH.ZB_600547,山东黄金,贵金属,2.3706958,-2.1538374
3436,2025-01-27,SZ.ZB_002516,旷达科技,汽车零部件,2.366464,-1.6391526
3437,2025-01-27,SH.ZB_603203,快克智能,专用设备,2.3655236,-1.9732952
3438,2025-01-27,SZ.ZB_001380,华纬科技,通用设备,2.3652568,-2.6489296
3439,2025-01-27,SH.ZB_600569,安阳钢铁,钢铁行业,2.3642168,-1.6232375
3440,2025-01-27,SZ.ZB_002049,紫光国微,半导体,2.3637295,-1.4470642
3441,2025-01-27,SH.ZB_600779,水井坊,酿酒行业,2.3596718,-1.7071776
3442,2025-01-27,SZ.ZB_000729,燕京啤酒,酿酒行业,2.3561702,-2.0411968
3443,2025-01-27,SZ.ZB_002519,银河电子,通信设备,2.3554041,-0.71087235
3444,2025-01-27,SH.ZB_601500,通用股份,橡胶制品,2.355361,-2.4124403
3445,2025-01-27,SH.KC_300870,欧陆通,电源设备,2.3507013,-3.9368668
3446,2025-01-27,SZ.ZB_000713,丰乐种业,农牧饲渔,2.348417,-2.1983056
3447,2025-01-27,SZ.ZB_003043,华亚智能,通用设备,2.3479848,-1.5764889
3448,2025-01-27,SH.KC_300446,航天智造,汽车零部件,2.3473592,-1.9317361
3449,2025-01-27,SH.KC_301379,天山电子,光学光电子,2.345942,-2.3608153
3450,2025-01-27,SH.ZB_603790,雅运股份,化学制品,2.345893,-2.7919326
3451,2025-01-27,SH.ZB_603569,长久物流,物流行业,2.3439379,-1.6707056
3452,2025-01-27,SH.ZB_603489,八方股份,电机,2.3431792,-1.5163956
3453,2025-01-27,SZ.ZB_002273,水晶光电,光学光电子,2.3428187,-2.6479006
3454,2025-01-27,SH.ZB_603211,晋拓股份,汽车零部件,2.3401947,-7.129073
3455,2025-01-27,SZ.ZB_002264,新 华 都,互联网服务,2.33801,-2.0970693
3456,2025-01-27,SH.KC_688045,必易微,半导体,2.3374467,-2.3155503
3457,2025-01-27,SH.ZB_600887,伊利股份,食品饮料,2.3354783,-1.4298422
3458,2025-01-27,SH.KC_300408,三环集团,电子元件,2.3354099,-1.9361073
3459,2025-01-27,SH.KC_300813,泰林生物,医疗器械,2.334319,-1.9854937
3460,2025-01-27,SH.ZB_603903,中持股份,环保行业,2.3334563,-2.2897892
3461,2025-01-27,SH.KC_688236,春立医疗,医疗器械,2.331677,-1.737706
3462,2025-01-27,SH.KC_688696,极米科技,家电行业,2.331017,-3.9352362
3463,2025-01-27,SH.ZB_603878,武进不锈,钢铁行业,2.3302822,-1.6937361
3464,2025-01-27,SH.ZB_603605,珀莱雅,美容护理,2.3284123,-2.2026482
3465,2025-01-27,SH.KC_301056,森赫股份,专用设备,2.3282409,-2.3473854
3466,2025-01-27,SZ.ZB_002758,浙农股份,综合行业,2.3279457,-1.7896861
3467,2025-01-27,SH.KC_688033,天宜上佳,光伏设备,2.3274615,-1.4588646
3468,2025-01-27,SH.ZB_605589,圣泉集团,化学制品,2.3272543,-2.7431104
3469,2025-01-27,SH.ZB_600725,云维股份,煤炭行业,2.326958,-1.4912475
3470,2025-01-27,SH.KC_301273,瑞晨环保,通用设备,2.3252487,-2.4047697
3471,2025-01-27,SH.ZB_603638,艾迪精密,工程机械,2.3248062,-2.127225
3472,2025-01-27,SZ.ZB_000993,闽东电力,电力行业,2.3229942,-1.5855603
3473,2025-01-27,SH.ZB_601963,重庆银行,银行,2.3223147,-2.1378233
3474,2025-01-27,SH.ZB_601888,中国中免,旅游酒店,2.3222208,-1.7636552
3475,2025-01-27,SH.ZB_600350,山东高速,铁路公路,2.3202553,-2.4660652
3476,2025-01-27,SZ.ZB_000009,中国宝安,综合行业,2.3189604,-1.2408879
3477,2025-01-27,SH.ZB_600663,陆家嘴,房地产开发,2.3186312,-1.8928988
3478,2025-01-27,SH.ZB_600518,康美药业,中药,2.3179352,-1.7652663
3479,2025-01-27,SZ.ZB_000898,鞍钢股份,钢铁行业,2.3171067,-1.86115
3480,2025-01-27,SH.ZB_600809,山西汾酒,酿酒行业,2.3168042,-1.6351064
3481,2025-01-27,SH.ZB_603586,金麒麟,汽车零部件,2.3164108,-1.9642653
3482,2025-01-27,SH.ZB_600846,同济科技,工程建设,2.3155854,-1.8721951
3483,2025-01-27,SZ.ZB_002079,苏州固锝,半导体,2.3134336,-1.807389
3484,2025-01-27,SH.KC_301290,东星医疗,医疗器械,2.3122907,-2.499925
3485,2025-01-27,SH.KC_300906,日月明,交运设备,2.3116992,-2.8649032
3486,2025-01-27,SH.ZB_603439,贵州三力,中药,2.31079,-2.0963376
3487,2025-01-27,SH.KC_688580,伟思医疗,医疗器械,2.3097084,-1.8429866
3488,2025-01-27,SH.ZB_603102,百合股份,食品饮料,2.3089006,-1.9913174
3489,2025-01-27,SH.KC_688639,华恒生物,化学制品,2.3079886,-1.7171443
3490,2025-01-27,SH.ZB_603060,国检集团,专业服务,2.307196,-1.871258
3491,2025-01-27,SH.ZB_600861,北京人力,专业服务,2.3047104,-2.1048076
3492,2025-01-27,SH.KC_300848,美瑞新材,化学制品,2.303876,-2.5027578
3493,2025-01-27,SZ.ZB_002139,拓邦股份,消费电子,2.3008883,-2.8660848
3494,2025-01-27,SZ.ZB_002097,山河智能,工程机械,2.2992537,-1.8608679
3495,2025-01-27,SZ.ZB_002941,新疆交建,工程建设,2.297242,-1.8364275
3496,2025-01-27,SZ.ZB_002008,大族激光,通用设备,2.296181,-1.8593751
3497,2025-01-27,SH.ZB_601001,晋控煤业,煤炭行业,2.2961543,-1.9094712
3498,2025-01-27,SZ.ZB_002589,瑞康医药,医药商业,2.294977,-1.9254903
3499,2025-01-27,SH.ZB_600872,中炬高新,食品饮料,2.2947564,-1.6697426
3500,2025-01-27,SH.ZB_601918,新集能源,煤炭行业,2.293162,-1.9596189
3501,2025-01-27,SH.ZB_601330,绿色动力,环保行业,2.291967,-1.8987907
3502,2025-01-27,SH.KC_300332,天壕能源,燃气,2.2914739,-1.7044885
3503,2025-01-27,SH.KC_300643,万通智控,汽车零部件,2.2911162,-2.0114205
3504,2025-01-27,SZ.ZB_003018,金富科技,塑料制品,2.2908642,-2.2082033
3505,2025-01-27,SZ.ZB_002722,物产金轮,纺织服装,2.2889047,-2.0123963
3506,2025-01-27,SH.ZB_603889,新澳股份,纺织服装,2.2856684,-1.6442018
3507,2025-01-27,SZ.ZB_002942,新农股份,农药兽药,2.2852108,-2.722052
3508,2025-01-27,SH.KC_688128,中国电研,专用设备,2.2837534,-2.00526
3509,2025-01-27,SH.ZB_603609,禾丰股份,农牧饲渔,2.2837474,-1.8251168
3510,2025-01-27,SH.ZB_603125,常青科技,化学制品,2.2835045,-2.1399467
3511,2025-01-27,SH.ZB_605166,聚合顺,化学制品,2.283062,-2.47707
3512,2025-01-27,SH.ZB_600235,民丰特纸,造纸印刷,2.2787719,-2.1138332
3513,2025-01-27,SH.KC_688289,圣湘生物,医疗器械,2.2778914,-1.8786765
3514,2025-01-27,SZ.ZB_000612,焦作万方,有色金属,2.2760377,-2.4067514
3515,2025-01-27,SH.KC_300972,万辰集团,农牧饲渔,2.2755742,-5.2967625
3516,2025-01-27,SH.ZB_603022,新通联,包装材料,2.2747114,-2.4464445
3517,2025-01-27,SH.KC_300632,光莆股份,光学光电子,2.2732556,-2.3000302
3518,2025-01-27,SZ.ZB_002864,盘龙药业,中药,2.2725954,-1.7271377
3519,2025-01-27,SZ.ZB_002550,千红制药,化学制药,2.2701666,-1.6181201
3520,2025-01-27,SH.KC_300316,晶盛机电,光伏设备,2.2699847,-1.9815967
3521,2025-01-27,SH.KC_688139,海尔生物,医疗器械,2.2688582,-1.9797839
3522,2025-01-27,SH.ZB_603189,网达软件,软件开发,2.268213,-2.4508176
3523,2025-01-27,SH.ZB_605001,威奥股份,交运设备,2.2680118,-2.1065004
3524,2025-01-27,SH.KC_301046,能辉科技,光伏设备,2.2679925,-1.9785821
3525,2025-01-27,SH.KC_300463,迈克生物,医疗器械,2.2658496,-1.4879831
3526,2025-01-27,SH.KC_301087,可孚医疗,医疗器械,2.2641764,-1.6933912
3527,2025-01-27,SH.KC_300306,远方信息,仪器仪表,2.2638142,-2.0976145
3528,2025-01-27,SH.ZB_600792,云煤能源,煤炭行业,2.2626698,-1.6042328
3529,2025-01-27,SZ.ZB_002752,昇兴股份,包装材料,2.2612839,-1.8480027
3530,2025-01-27,SH.ZB_600803,新奥股份,燃气,2.2603183,-2.8416615
3531,2025-01-27,SH.ZB_601366,利群股份,商业百货,2.2595615,-1.6408749
3532,2025-01-27,SZ.ZB_002106,莱宝高科,光学光电子,2.2584512,-1.8458737
3533,2025-01-27,SH.ZB_600918,中泰证券,证券,2.257739,-1.7860787
3534,2025-01-27,SH.ZB_600282,南钢股份,钢铁行业,2.2576675,-2.2329247
3535,2025-01-27,SH.ZB_600549,厦门钨业,小金属,2.2572174,-1.4481688
3536,2025-01-27,SZ.ZB_002088,鲁阳节能,装修建材,2.25707,-2.0224674
3537,2025-01-27,SH.ZB_601069,西部黄金,贵金属,2.2556515,-1.919627
3538,2025-01-27,SH.ZB_603113,金能科技,化学原料,2.2553935,-1.7502421
3539,2025-01-27,SH.ZB_603167,渤海轮渡,航运港口,2.2540956,-1.8491573
3540,2025-01-27,SH.KC_301528,多浦乐,仪器仪表,2.2526667,-1.6341515
3541,2025-01-27,SH.ZB_601512,中新集团,房地产开发,2.2523284,-1.9658364
3542,2025-01-27,SH.KC_300303,聚飞光电,光学光电子,2.2518039,-2.8088694
3543,2025-01-27,SH.KC_688039,当虹科技,互联网服务,2.2511556,-2.616705
3544,2025-01-27,SZ.ZB_002488,金固股份,汽车零部件,2.249427,-2.864512
3545,2025-01-27,SH.KC_301317,鑫磊股份,通用设备,2.24891,-2.4134376
3546,2025-01-27,SH.ZB_603300,海南华铁,专用设备,2.2479997,-1.6528752
3547,2025-01-27,SH.ZB_600999,招商证券,证券,2.2472992,-2.068659
3548,2025-01-27,SH.KC_688505,复旦张江,化学制药,2.2469373,-1.8936783
3549,2025-01-27,SH.KC_688648,中邮科技,通用设备,2.2464454,-1.817689
3550,2025-01-27,SH.KC_300193,佳士科技,通用设备,2.2461607,-2.0299222
3551,2025-01-27,SH.KC_301108,洁雅股份,纺织服装,2.2457986,-2.0292943
3552,2025-01-27,SH.KC_300951,博硕科技,消费电子,2.2455559,-2.110314
3553,2025-01-27,SZ.ZB_000885,城发环境,环保行业,2.2435129,-2.1067224
3554,2025-01-27,SH.ZB_603337,杰克股份,专用设备,2.2424011,-2.7765274
3555,2025-01-27,SZ.ZB_002043,兔 宝 宝,装修建材,2.2419424,-1.7888982
3556,2025-01-27,SH.ZB_600642,申能股份,电力行业,2.2395225,-1.7455928
3557,2025-01-27,SH.ZB_600575,淮河能源,物流行业,2.2377014,-1.8047681
3558,2025-01-27,SH.ZB_600257,大湖股份,农牧饲渔,2.2373974,-1.8000871
3559,2025-01-27,SH.ZB_605122,四方新材,水泥建材,2.2361696,-2.7064323
3560,2025-01-27,SH.KC_688786,悦安新材,有色金属,2.235134,-2.1819317
3561,2025-01-27,SH.ZB_601898,中煤能源,煤炭行业,2.234456,-2.0617735
3562,2025-01-27,SH.ZB_600967,内蒙一机,交运设备,2.2329166,-2.2387152
3563,2025-01-27,SZ.ZB_002955,鸿合科技,光学光电子,2.231796,-2.082856
3564,2025-01-27,SH.ZB_603466,风语筑,文化传媒,2.2316113,-2.6295075
3565,2025-01-27,SH.ZB_603199,九华旅游,旅游酒店,2.231285,-2.0884678
3566,2025-01-27,SH.KC_688099,晶晨股份,半导体,2.2296355,-2.978088
3567,2025-01-27,SH.KC_688335,复洁环保,环保行业,2.2288516,-2.0598564
3568,2025-01-27,SZ.ZB_000776,广发证券,证券,2.224867,-1.8276688
3569,2025-01-27,SH.ZB_601990,南京证券,证券,2.224794,-1.9178469
3570,2025-01-27,SH.KC_300801,泰和科技,化学制品,2.2234588,-1.7206861
3571,2025-01-27,SH.KC_300505,川金诺,化肥行业,2.222891,-2.452385
3572,2025-01-27,SH.KC_301219,腾远钴业,能源金属,2.2222683,-1.9802276
3573,2025-01-27,SH.KC_300481,濮阳惠成,电子化学品,2.2196815,-1.8255938
3574,2025-01-27,SH.ZB_600966,博汇纸业,造纸印刷,2.2161543,-1.7422246
3575,2025-01-27,SH.ZB_603058,永吉股份,造纸印刷,2.2154555,-2.46137
3576,2025-01-27,SH.ZB_605268,王力安防,家用轻工,2.2152872,-2.0998943
3577,2025-01-27,SZ.ZB_000593,德龙汇能,燃气,2.214837,-2.2888992
3578,2025-01-27,SZ.ZB_002907,华森制药,中药,2.2138982,-1.4895079
3579,2025-01-27,SH.KC_300363,博腾股份,化学制药,2.2136302,-2.4739592
3580,2025-01-27,SZ.ZB_000090,天健集团,房地产开发,2.2132442,-1.8565532
3581,2025-01-27,SH.ZB_603153,上海建科,工程咨询服务,2.2094846,-2.0061016
3582,2025-01-27,SZ.ZB_003019,宸展光电,光学光电子,2.2087648,-2.2037957
3583,2025-01-27,SH.ZB_600756,浪潮软件,互联网服务,2.207382,-2.5028546
3584,2025-01-27,SH.KC_688221,前沿生物-U,化学制药,2.2070243,-2.55473
3585,2025-01-27,SZ.ZB_002867,周大生,珠宝首饰,2.2058294,-1.689094
3586,2025-01-27,SH.ZB_601113,华鼎股份,化纤行业,2.2054865,-2.5844567
3587,2025-01-27,SH.ZB_601968,宝钢包装,包装材料,2.2014513,-1.7262107
3588,2025-01-27,SH.ZB_603040,新坐标,汽车零部件,2.1969318,-2.4594095
3589,2025-01-27,SZ.ZB_002230,科大讯飞,软件开发,2.1955297,-2.4039884
3590,2025-01-27,SH.KC_301059,金三江,化学原料,2.1896408,-1.9139398
3591,2025-01-27,SZ.ZB_002798,帝欧家居,装修建材,2.1895752,-1.9295629
3592,2025-01-27,SH.KC_301367,怡和嘉业,医疗器械,2.188115,-2.0625408
3593,2025-01-27,SH.ZB_600639,浦东金桥,房地产开发,2.1866784,-1.9914303
3594,2025-01-27,SH.ZB_600197,伊力特,酿酒行业,2.183807,-1.7718667
3595,2025-01-27,SZ.ZB_002241,歌尔股份,消费电子,2.1833375,-2.7465332
3596,2025-01-27,SH.KC_300584,海辰药业,化学制药,2.18264,-1.9577054
3597,2025-01-27,SH.ZB_601333,广深铁路,物流行业,2.1826253,-1.9443127
3598,2025-01-27,SH.ZB_601005,重庆钢铁,钢铁行业,2.1810114,-1.9753743
3599,2025-01-27,SH.ZB_603997,继峰股份,汽车零部件,2.1802247,-1.8253419
3600,2025-01-27,SZ.ZB_002826,易明医药,中药,2.1801457,-2.400973
3601,2025-01-27,SH.KC_301193,家联科技,塑料制品,2.1799235,-1.654153
3602,2025-01-27,SH.ZB_603381,永臻股份,光伏设备,2.1791742,-2.0662525
3603,2025-01-27,SH.ZB_600969,郴电国际,电力行业,2.1776154,-1.7279202
3604,2025-01-27,SH.KC_688799,华纳药厂,化学制药,2.1772876,-1.9745718
3605,2025-01-27,SZ.ZB_002492,恒基达鑫,物流行业,2.1771476,-2.1184664
3606,2025-01-27,SZ.ZB_000779,甘咨询,工程咨询服务,2.1770864,-2.2104387
3607,2025-01-27,SZ.ZB_000755,山西高速,铁路公路,2.1770358,-2.0950966
3608,2025-01-27,SZ.ZB_002863,今飞凯达,汽车零部件,2.1769257,-1.9790516
3609,2025-01-27,SZ.ZB_002343,慈文传媒,文化传媒,2.174668,-2.4170911
3610,2025-01-27,SH.KC_301235,华康医疗,医疗服务,2.172099,-2.210047
3611,2025-01-27,SH.ZB_600063,皖维高新,化纤行业,2.1710067,-1.9756049
3612,2025-01-27,SH.KC_300963,中洲特材,有色金属,2.1695986,-2.203621
3613,2025-01-27,SZ.ZB_001278,一彬科技,汽车零部件,2.169159,-1.9143124
3614,2025-01-27,SH.KC_300658,延江股份,美容护理,2.167985,-2.2755797
3615,2025-01-27,SZ.ZB_000403,派林生物,生物制品,2.1668644,-1.9338713
3616,2025-01-27,SH.KC_300589,江龙船艇,船舶制造,2.1647394,-1.8213428
3617,2025-01-27,SH.ZB_601208,东材科技,塑料制品,2.1631434,-2.4415243
3618,2025-01-27,SH.ZB_600563,法拉电子,电子元件,2.162458,-2.0261774
3619,2025-01-27,SH.KC_301500,飞南资源,环保行业,2.1623878,-1.768172
3620,2025-01-27,SH.KC_301151,冠龙节能,通用设备,2.160339,-1.5705956
3621,2025-01-27,SH.KC_300416,苏试试验,专业服务,2.1597862,-1.9628953
3622,2025-01-27,SH.ZB_601825,沪农商行,银行,2.157733,-2.1506069
3623,2025-01-27,SH.KC_688088,虹软科技,互联网服务,2.1566377,-5.1830926
3624,2025-01-27,SH.ZB_603009,北特科技,汽车零部件,2.1565542,-3.6790688
3625,2025-01-27,SH.KC_301295,美硕科技,电网设备,2.1564946,-1.8064548
3626,2025-01-27,SZ.ZB_002766,索菱股份,互联网服务,2.1553233,-2.496913
3627,2025-01-27,SH.ZB_603883,老百姓,医药商业,2.1543593,-1.8081493
3628,2025-01-27,SH.KC_301353,普莱得,通用设备,2.1538913,-1.6627165
3629,2025-01-27,SH.ZB_603348,文灿股份,汽车零部件,2.14867,-1.9350711
3630,2025-01-27,SH.KC_301065,本立科技,化学原料,2.1461873,-1.9681208
3631,2025-01-27,SH.KC_300979,华利集团,纺织服装,2.1454618,-2.282607
3632,2025-01-27,SH.ZB_603797,联泰环保,环保行业,2.1448686,-1.863754
3633,2025-01-27,SZ.ZB_000778,新兴铸管,钢铁行业,2.1446183,-1.9521359
3634,2025-01-27,SH.ZB_603027,千禾味业,食品饮料,2.1415293,-1.8265705
3635,2025-01-27,SZ.ZB_000407,胜利股份,燃气,2.1393867,-2.0324044
3636,2025-01-27,SZ.ZB_002290,禾盛新材,家电行业,2.138403,-1.9731481
3637,2025-01-27,SZ.ZB_000895,双汇发展,食品饮料,2.1374135,-1.5059854
3638,2025-01-27,SH.KC_688059,华锐精密,通用设备,2.1366239,-3.1888387
3639,2025-01-27,SH.ZB_603071,物产环能,贸易行业,2.1361067,-2.0560079
3640,2025-01-27,SH.KC_301459,丰茂股份,橡胶制品,2.1358788,-2.6340218
3641,2025-01-27,SZ.ZB_002935,天奥电子,通信设备,2.135253,-1.7973795
3642,2025-01-27,SH.ZB_600667,太极实业,工程建设,2.1337123,-1.9799755
3643,2025-01-27,SH.ZB_600262,北方股份,专用设备,2.1335258,-1.7982702
3644,2025-01-27,SH.KC_301167,建研设计,工程咨询服务,2.1331415,-2.273365
3645,2025-01-27,SH.KC_301279,金道科技,通用设备,2.1306367,-2.8580632
3646,2025-01-27,SZ.ZB_000860,顺鑫农业,酿酒行业,2.1281288,-1.6579151
3647,2025-01-27,SH.ZB_603908,牧高笛,纺织服装,2.127488,-2.3179471
3648,2025-01-27,SH.KC_300877,金春股份,纺织服装,2.1266847,-2.2605636
3649,2025-01-27,SH.ZB_601058,赛轮轮胎,橡胶制品,2.1234303,-2.1685128
3650,2025-01-27,SH.ZB_603816,顾家家居,装修建材,2.1206543,-2.5267437
3651,2025-01-27,SZ.ZB_002920,德赛西威,汽车零部件,2.1204576,-2.128654
3652,2025-01-27,SH.ZB_600089,特变电工,电网设备,2.118583,-1.4092749
3653,2025-01-27,SZ.ZB_002212,天融信,软件开发,2.1170497,-2.8184772
3654,2025-01-27,SH.KC_300138,晨光生物,农牧饲渔,2.116555,-1.9197321
3655,2025-01-27,SH.ZB_601869,长飞光纤,通信设备,2.1157637,-3.9913335
3656,2025-01-27,SH.ZB_603488,展鹏科技,专用设备,2.114041,-1.8310819
3657,2025-01-27,SH.KC_300519,新光药业,中药,2.1117182,-1.8556118
3658,2025-01-27,SZ.ZB_002882,金龙羽,电网设备,2.1112993,-1.5169711
3659,2025-01-27,SH.KC_301349,信德新材,化学制品,2.107756,-3.3944395
3660,2025-01-27,SZ.ZB_000055,方大集团,装修装饰,2.1074817,-2.0930338
3661,2025-01-27,SZ.ZB_000651,格力电器,家电行业,2.1073194,-1.642156
3662,2025-01-27,SZ.ZB_002467,二六三,通信服务,2.1071255,-2.1653173
3663,2025-01-27,SH.ZB_603066,音飞储存,物流行业,2.1062567,-1.1615033
3664,2025-01-27,SH.ZB_600379,宝光股份,电网设备,2.1054893,-2.0213337
3665,2025-01-27,SH.ZB_600449,宁夏建材,水泥建材,2.104999,-2.13283
3666,2025-01-27,SH.ZB_600073,光明肉业,食品饮料,2.103652,-1.5796553
3667,2025-01-27,SH.KC_301207,华兰疫苗,生物制品,2.103129,-1.6803668
3668,2025-01-27,SH.KC_300357,我武生物,生物制品,2.1022096,-2.0741346
3669,2025-01-27,SH.ZB_600875,东方电气,电源设备,2.1011248,-1.903218
3670,2025-01-27,SH.KC_300003,乐普医疗,医疗器械,2.101101,-1.1508062
3671,2025-01-27,SH.ZB_600278,东方创业,贸易行业,2.0986855,-1.5944597
3672,2025-01-27,SH.ZB_605319,无锡振华,汽车零部件,2.09838,-2.558131
3673,2025-01-27,SZ.ZB_002472,双环传动,汽车零部件,2.0975218,-2.9655483
3674,2025-01-27,SZ.ZB_000411,英特集团,医药商业,2.0973504,-2.070849
3675,2025-01-27,SZ.ZB_000683,远兴能源,化学原料,2.0965993,-1.8893102
3676,2025-01-27,SH.KC_300143,盈康生命,医疗服务,2.096012,-1.9760215
3677,2025-01-27,SH.ZB_603861,白云电器,电网设备,2.0957499,-1.667833
3678,2025-01-27,SH.ZB_600583,海油工程,采掘行业,2.0947113,-1.6780362
3679,2025-01-27,SZ.ZB_001239,永达股份,专用设备,2.0940542,-1.4113977
3680,2025-01-27,SZ.ZB_002641,公元股份,装修建材,2.0936265,-1.9974527
3681,2025-01-27,SH.ZB_603897,长城科技,电网设备,2.0929441,-2.5202281
3682,2025-01-27,SZ.ZB_002632,道明光学,塑料制品,2.0921679,-1.820563
3683,2025-01-27,SH.KC_300871,回盛生物,农药兽药,2.0920515,-2.0583224
3684,2025-01-27,SH.ZB_600372,中航机载,航天航空,2.0899563,-1.6721442
3685,2025-01-27,SH.ZB_600499,科达制造,专用设备,2.0883515,-1.9713637
3686,2025-01-27,SZ.ZB_002649,博彦科技,互联网服务,2.0883293,-2.72665
3687,2025-01-27,SH.KC_301335,天元宠物,家用轻工,2.0879955,-1.9388937
3688,2025-01-27,SH.ZB_600258,首旅酒店,旅游酒店,2.0875068,-1.6024709
3689,2025-01-27,SH.KC_301234,五洲医疗,医疗器械,2.0842285,-2.3614008
3690,2025-01-27,SH.ZB_603657,春光科技,家电行业,2.083087,-2.5140798
3691,2025-01-27,SZ.ZB_002947,恒铭达,消费电子,2.0826056,-2.4195683
3692,2025-01-27,SH.KC_688296,和达科技,软件开发,2.082178,-2.8163364
3693,2025-01-27,SZ.ZB_002591,恒大高新,互联网服务,2.0818248,-1.8434744
3694,2025-01-27,SH.KC_300200,高盟新材,化学制品,2.0812063,-2.1985757
3695,2025-01-27,SH.KC_688616,西力科技,电网设备,2.0806818,-2.3742385
3696,2025-01-27,SZ.ZB_001358,兴欣新材,化学原料,2.080348,-1.6344864
3697,2025-01-27,SZ.ZB_002870,香山股份,汽车零部件,2.0788982,-2.035871
3698,2025-01-27,SH.ZB_600418,江淮汽车,汽车整车,2.0785272,-3.0664096
3699,2025-01-27,SZ.ZB_002479,富春环保,环保行业,2.0760133,-1.9526935
3700,2025-01-27,SH.ZB_600108,亚盛集团,农牧饲渔,2.0752594,-1.9901928
3701,2025-01-27,SZ.ZB_002706,良信股份,电网设备,2.075222,-1.9305028
3702,2025-01-27,SH.KC_300806,斯迪克,塑料制品,2.0738199,-3.5829597
3703,2025-01-27,SH.KC_688155,先惠技术,电池,2.0715654,-2.4443572
3704,2025-01-27,SH.ZB_603836,海程邦达,物流行业,2.0715058,-2.8687546
3705,2025-01-27,SZ.ZB_002064,华峰化学,化纤行业,2.0708754,-1.8694453
3706,2025-01-27,SZ.ZB_002409,雅克科技,电子化学品,2.070819,-2.507379
3707,2025-01-27,SH.KC_300664,鹏鹞环保,环保行业,2.0698786,-1.6347326
3708,2025-01-27,SH.KC_300888,稳健医疗,美容护理,2.0672083,-2.3002312
3709,2025-01-27,SH.ZB_600980,北矿科技,小金属,2.0657256,-1.8181973
3710,2025-01-27,SH.KC_688466,金科环境,环保行业,2.0656586,-2.8411386
3711,2025-01-27,SH.ZB_600746,江苏索普,化学原料,2.0654738,-2.272359
3712,2025-01-27,SH.KC_300360,炬华科技,电网设备,2.0621538,-1.7513089
3713,2025-01-27,SH.KC_301015,百洋医药,医药商业,2.0610378,-1.8455774
3714,2025-01-27,SH.ZB_603321,梅轮电梯,专用设备,2.0594761,-1.9725773
3715,2025-01-27,SZ.ZB_000915,华特达因,化学制药,2.0582333,-2.2092478
3716,2025-01-27,SH.KC_300039,上海凯宝,中药,2.0571291,-1.7323345
3717,2025-01-27,SZ.ZB_002050,三花智控,家电行业,2.0571172,-3.659163
3718,2025-01-27,SH.ZB_600064,南京高科,房地产开发,2.0560458,-1.91805
3719,2025-01-27,SZ.ZB_000543,皖能电力,电力行业,2.0558863,-2.3823862
3720,2025-01-27,SZ.ZB_003025,思进智能,通用设备,2.0534828,-2.1458628
3721,2025-01-27,SH.KC_300146,汤臣倍健,食品饮料,2.0517542,-1.3553463
3722,2025-01-27,SH.KC_300863,卡倍亿,汽车零部件,2.051702,-1.7570101
3723,2025-01-27,SH.KC_688272,富吉瑞,光学光电子,2.051352,-2.4359417
3724,2025-01-27,SH.ZB_601228,广州港,航运港口,2.0501301,-1.691936
3725,2025-01-27,SH.KC_301428,世纪恒通,互联网服务,2.0498724,-2.8055577
3726,2025-01-27,SZ.ZB_002311,海大集团,农牧饲渔,2.0487933,-2.3474016
3727,2025-01-27,SZ.ZB_002614,奥佳华,家电行业,2.0481527,-1.7586907
3728,2025-01-27,SH.ZB_603725,天安新材,化学制品,2.0465791,-1.8684236
3729,2025-01-27,SZ.ZB_002476,宝莫股份,化学制品,2.0464122,-1.9080788
3730,2025-01-27,SH.ZB_600790,轻纺城,商业百货,2.0460784,-1.6241007
3731,2025-01-27,SH.ZB_600491,龙元建设,工程建设,2.0460413,-2.7778792
3732,2025-01-27,SH.KC_300821,东岳硅材,化学制品,2.0430446,-1.8986652
3733,2025-01-27,SH.KC_301133,金钟股份,汽车零部件,2.0407052,-1.9678572
3734,2025-01-27,SH.ZB_600166,福田汽车,汽车整车,2.0389662,-1.3542643
3735,2025-01-27,SH.ZB_600231,凌钢股份,钢铁行业,2.0386293,-2.1971493
3736,2025-01-27,SZ.ZB_000948,南天信息,软件开发,2.03536,-1.8442693
3737,2025-01-27,SH.ZB_603130,云中马,纺织服装,2.0351038,-1.840565
3738,2025-01-27,SH.ZB_603162,海通发展,航运港口,2.0346746,-2.0299354
3739,2025-01-27,SH.ZB_600685,中船防务,船舶制造,2.033168,-2.1326182
3740,2025-01-27,SZ.ZB_002497,雅化集团,化学制品,2.0318985,-2.7131972
3741,2025-01-27,SZ.ZB_002011,盾安环境,家电行业,2.0303102,-2.3421326
3742,2025-01-27,SH.KC_300272,开能健康,家电行业,2.0284743,-1.8119808
3743,2025-01-27,SH.ZB_603980,吉华集团,化学制品,2.0280316,-1.9989216
3744,2025-01-27,SH.ZB_603937,丽岛新材,有色金属,2.0277843,-2.1540303
3745,2025-01-27,SH.ZB_600135,乐凯胶片,塑料制品,2.0275295,-1.4826573
3746,2025-01-27,SH.ZB_603639,海利尔,农药兽药,2.0273566,-1.9311858
3747,2025-01-27,SH.KC_688520,神州细胞-U,生物制品,2.0258262,-2.735186
3748,2025-01-27,SZ.ZB_000707,双环科技,化学原料,2.025321,-1.5386567
3749,2025-01-27,SH.KC_300546,雄帝科技,计算机设备,2.0250587,-2.21433
3750,2025-01-27,SH.ZB_600976,健民集团,中药,2.0240993,-1.9228743
3751,2025-01-27,SH.ZB_600279,重庆港,航运港口,2.022873,-2.158256
3752,2025-01-27,SZ.ZB_002234,民和股份,农牧饲渔,2.0217106,-1.6747162
3753,2025-01-27,SH.ZB_603112,华翔股份,家电行业,2.0206003,-2.0148916
3754,2025-01-27,SH.KC_688569,铁科轨道,交运设备,2.0203605,-1.7765473
3755,2025-01-27,SH.KC_300387,富邦科技,化肥行业,2.0185933,-2.3976233
3756,2025-01-27,SH.ZB_603192,汇得科技,化学制品,2.015698,-2.518088
3757,2025-01-27,SZ.ZB_001300,三柏硕,家用轻工,2.0153477,-1.9260204
3758,2025-01-27,SH.ZB_603183,建研院,专业服务,2.0147815,-1.834915
3759,2025-01-27,SH.ZB_603105,芯能科技,光伏设备,2.0143344,-2.0203352
3760,2025-01-27,SH.KC_688367,工大高科,交运设备,2.011177,-2.4908514
3761,2025-01-27,SH.ZB_600573,惠泉啤酒,酿酒行业,2.010639,-1.7040399
3762,2025-01-27,SH.ZB_605077,华康股份,食品饮料,2.009478,-1.6183485
3763,2025-01-27,SZ.ZB_002458,益生股份,农牧饲渔,2.0083249,-1.7467614
3764,2025-01-27,SZ.ZB_000166,申万宏源,证券,2.0082593,-1.7526689
3765,2025-01-27,SZ.ZB_002057,中钢天源,非金属材料,2.0080314,-1.7707464
3766,2025-01-27,SZ.ZB_001222,源飞宠物,家用轻工,2.0075574,-2.0389721
3767,2025-01-27,SH.ZB_601139,深圳燃气,燃气,2.0071566,-1.9294188
3768,2025-01-27,SH.ZB_600674,川投能源,电力行业,2.0057082,-1.6604472
3769,2025-01-27,SH.KC_301206,三元生物,食品饮料,2.0050077,-1.8869474
3770,2025-01-27,SZ.ZB_002406,远东传动,汽车零部件,2.0042822,-1.5795794
3771,2025-01-27,SH.ZB_600848,上海临港,房地产开发,2.004224,-1.858237
3772,2025-01-27,SZ.ZB_002594,比亚迪,汽车整车,2.0040379,-1.8071445
3773,2025-01-27,SH.ZB_601225,陕西煤业,煤炭行业,2.0033314,-2.0209527
3774,2025-01-27,SH.ZB_600956,新天绿能,燃气,2.0022764,-1.8242776
3775,2025-01-27,SH.ZB_603815,交建股份,工程建设,2.000019,-2.2185922
3776,2025-01-27,SZ.ZB_000858,五 粮 液,酿酒行业,1.9981339,-1.6962144
3777,2025-01-27,SZ.ZB_001211,双枪科技,家用轻工,1.997894,-3.1203759
3778,2025-01-27,SZ.ZB_002772,众兴菌业,农牧饲渔,1.9964411,-1.9524012
3779,2025-01-27,SH.KC_688180,君实生物-U,生物制品,1.9952044,-2.1265798
3780,2025-01-27,SH.KC_301039,中集车辆,汽车整车,1.9946277,-1.8192894
3781,2025-01-27,SH.ZB_600017,日照港,航运港口,1.992382,-1.9702177
3782,2025-01-27,SZ.ZB_002911,佛燃能源,燃气,1.9923375,-1.960504
3783,2025-01-27,SH.ZB_600496,精工钢构,水泥建材,1.9922779,-2.275134
3784,2025-01-27,SH.KC_688561,奇安信-U,软件开发,1.9917057,-2.2274597
3785,2025-01-27,SH.KC_300196,长海股份,玻璃玻纤,1.9903674,-1.6246772
3786,2025-01-27,SH.KC_688060,云涌科技,软件开发,1.9894793,-2.5888405
3787,2025-01-27,SZ.ZB_002216,三全食品,食品饮料,1.9863904,-1.5617352
3788,2025-01-27,SZ.ZB_002454,松芝股份,汽车零部件,1.9861817,-1.9230558
3789,2025-01-27,SH.ZB_600059,古越龙山,酿酒行业,1.9847021,-1.7578284
3790,2025-01-27,SH.KC_300653,正海生物,医疗器械,1.9835339,-1.6860607
3791,2025-01-27,SH.ZB_603298,杭叉集团,工程机械,1.9832447,-1.7152753
3792,2025-01-27,SH.KC_300501,海顺新材,包装材料,1.9814894,-1.8878314
3793,2025-01-27,SH.ZB_601118,海南橡胶,橡胶制品,1.9813031,-1.6590126
3794,2025-01-27,SH.ZB_603602,纵横通信,通信服务,1.9810677,-1.9972805
3795,2025-01-27,SH.ZB_601890,亚星锚链,船舶制造,1.9791975,-1.9123282
3796,2025-01-27,SH.ZB_601008,连云港,航运港口,1.9789472,-1.7194046
3797,2025-01-27,SZ.ZB_002160,常铝股份,有色金属,1.9788682,-1.85502
3798,2025-01-27,SH.KC_688200,华峰测控,半导体,1.9720807,-3.028958
3799,2025-01-27,SH.ZB_600456,宝钛股份,小金属,1.9711182,-2.2871032
3800,2025-01-27,SZ.ZB_002959,小熊电器,家电行业,1.9694567,-1.4300612
3801,2025-01-27,SH.KC_300019,硅宝科技,化学制品,1.9692093,-1.9838446
3802,2025-01-27,SH.KC_300896,爱美客,美容护理,1.9673691,-1.4740372
3803,2025-01-27,SH.KC_688623,双元科技,专用设备,1.9661949,-1.4488163
3804,2025-01-27,SH.ZB_603045,福达合金,有色金属,1.9656434,-3.6763914
3805,2025-01-27,SZ.ZB_002950,奥美医疗,医疗器械,1.965332,-2.2653313
3806,2025-01-27,SZ.ZB_002284,亚太股份,汽车零部件,1.9642115,-2.1211464
3807,2025-01-27,SZ.ZB_002925,盈趣科技,消费电子,1.9641593,-2.079574
3808,2025-01-27,SH.KC_300021,大禹节水,农牧饲渔,1.963985,-1.782048
3809,2025-01-27,SH.ZB_601018,宁波港,航运港口,1.9638807,-1.6594827
3810,2025-01-27,SZ.ZB_002315,焦点科技,互联网服务,1.9635782,-3.5615187
3811,2025-01-27,SH.ZB_605169,洪通燃气,燃气,1.9635767,-2.1054838
3812,2025-01-27,SZ.ZB_000524,岭南控股,旅游酒店,1.9632518,-1.7985367
3813,2025-01-27,SH.ZB_601016,节能风电,电力行业,1.9613729,-1.7803073
3814,2025-01-27,SZ.ZB_002349,精华制药,中药,1.9612923,-1.6920004
3815,2025-01-27,SH.ZB_600512,腾达建设,工程建设,1.9612342,-1.945544
3816,2025-01-27,SH.ZB_600808,马钢股份,钢铁行业,1.9591465,-2.052347
3817,2025-01-27,SZ.ZB_002572,索菲亚,装修建材,1.9579039,-2.3576596
3818,2025-01-27,SH.KC_688232,新点软件,软件开发,1.9555271,-2.3332553
3819,2025-01-27,SH.ZB_600826,兰生股份,贸易行业,1.9553349,-1.5336835
3820,2025-01-27,SZ.ZB_002937,兴瑞科技,消费电子,1.9540832,-2.0113869
3821,2025-01-27,SH.KC_300854,中兰环保,环保行业,1.9539267,-2.308832
3822,2025-01-27,SH.KC_300717,华信新材,塑料制品,1.9513905,-2.1631093
3823,2025-01-27,SH.ZB_600835,上海机电,专用设备,1.94944,-2.419338
3824,2025-01-27,SH.ZB_603993,洛阳钼业,小金属,1.947756,-2.1092978
3825,2025-01-27,SZ.ZB_002783,凯龙股份,化学制品,1.9473791,-1.426648
3826,2025-01-27,SZ.ZB_002980,华盛昌,仪器仪表,1.9472077,-1.9326452
3827,2025-01-27,SZ.ZB_003816,中国广核,电力行业,1.9467816,-1.7420477
3828,2025-01-27,SH.ZB_601599,浙文影业,纺织服装,1.9458339,-1.8826019
3829,2025-01-27,SH.KC_300882,万胜智能,电网设备,1.9453317,-1.7918587
3830,2025-01-27,SH.ZB_600523,贵航股份,汽车零部件,1.9443125,-2.054177
3831,2025-01-27,SH.ZB_600703,三安光电,光学光电子,1.9395902,-1.6788651
3832,2025-01-27,SH.ZB_600000,浦发银行,银行,1.9379169,-2.1546001
3833,2025-01-27,SH.KC_688585,上纬新材,塑料制品,1.9371257,-1.8661972
3834,2025-01-27,SH.KC_300404,博济医药,医疗服务,1.9369811,-2.019834
3835,2025-01-27,SH.KC_300922,天秦装备,塑料制品,1.9361451,-1.9427731
3836,2025-01-27,SH.KC_300318,博晖创新,医疗器械,1.93557,-2.1969345
3837,2025-01-27,SH.KC_301052,果麦文化,文化传媒,1.9352005,-2.8145788
3838,2025-01-27,SH.KC_301265,华新环保,环保行业,1.9351244,-1.894995
3839,2025-01-27,SH.KC_300760,迈瑞医疗,医疗器械,1.9341737,-1.7002921
3840,2025-01-27,SZ.ZB_000568,泸州老窖,酿酒行业,1.9320414,-1.588903
3841,2025-01-27,SH.KC_301551,无线传媒,文化传媒,1.9288629,-1.8783584
3842,2025-01-27,SZ.ZB_002884,凌霄泵业,通用设备,1.9278824,-1.3327019
3843,2025-01-27,SH.KC_301277,新天地,化学制药,1.9278437,-1.9955767
3844,2025-01-27,SZ.ZB_000065,北方国际,工程建设,1.9221113,-1.9279695
3845,2025-01-27,SZ.ZB_000951,中国重汽,汽车整车,1.9209757,-2.082883
3846,2025-01-27,SH.ZB_603360,百傲化学,农药兽药,1.9195571,-2.8531842
3847,2025-01-27,SH.KC_301006,迈拓股份,仪器仪表,1.9189417,-2.0724354
3848,2025-01-27,SZ.ZB_002452,长高电新,电网设备,1.9160376,-2.0539453
3849,2025-01-27,SH.ZB_600763,通策医疗,医疗服务,1.915738,-1.6917243
3850,2025-01-27,SH.ZB_603919,金徽酒,酿酒行业,1.9153283,-2.0758004
3851,2025-01-27,SH.KC_688199,久日新材,化学制品,1.9141033,-2.1379147
3852,2025-01-27,SH.ZB_601886,江河集团,装修装饰,1.9129813,-1.8330194
3853,2025-01-27,SH.KC_688618,三旺通信,通信设备,1.9114375,-2.0572572
3854,2025-01-27,SH.ZB_603237,五芳斋,食品饮料,1.9105941,-1.57884
3855,2025-01-27,SH.KC_300666,江丰电子,半导体,1.9104853,-1.9619532
3856,2025-01-27,SH.ZB_601766,中国中车,交运设备,1.9093201,-1.7052432
3857,2025-01-27,SZ.ZB_002883,中设股份,工程咨询服务,1.9091592,-2.2690768
3858,2025-01-27,SH.ZB_600834,申通地铁,铁路公路,1.908709,-1.5863296
3859,2025-01-27,SH.ZB_603995,甬金股份,钢铁行业,1.9078062,-3.0267565
3860,2025-01-27,SH.KC_300206,理邦仪器,医疗器械,1.904191,-2.15258
3861,2025-01-27,SH.ZB_601866,中远海发,航运港口,1.903668,-1.8166248
3862,2025-01-27,SH.ZB_601838,成都银行,银行,1.9034237,-2.0691843
3863,2025-01-27,SH.KC_300995,奇德新材,塑料制品,1.9010663,-2.1517987
3864,2025-01-27,SH.ZB_603331,百达精工,通用设备,1.9001961,-1.9172274
3865,2025-01-27,SZ.ZB_000498,山东路桥,工程建设,1.8980414,-1.8360506
3866,2025-01-27,SH.ZB_600143,金发科技,塑料制品,1.8974453,-2.2214034
3867,2025-01-27,SH.KC_301215,中汽股份,汽车服务,1.8933237,-1.806052
3868,2025-01-27,SH.KC_688697,纽威数控,通用设备,1.8923507,-2.1693506
3869,2025-01-27,SH.ZB_601880,辽港股份,航运港口,1.8923209,-1.7935823
3870,2025-01-27,SH.ZB_603010,万盛股份,化学制品,1.8897325,-1.6375754
3871,2025-01-27,SH.ZB_601339,百隆东方,纺织服装,1.889208,-1.8533736
3872,2025-01-27,SH.KC_300841,康华生物,生物制品,1.8891335,-1.6913083
3873,2025-01-27,SZ.ZB_000019,深粮控股,贸易行业,1.888381,-1.8056091
3874,2025-01-27,SH.ZB_603380,易德龙,消费电子,1.8862218,-2.5464785
3875,2025-01-27,SH.KC_300335,迪森股份,环保行业,1.8843561,-2.0513196
3876,2025-01-27,SH.ZB_605003,众望布艺,纺织服装,1.8843442,-1.8782818
3877,2025-01-27,SZ.ZB_003035,南网能源,专业服务,1.8838882,-1.6427983
3878,2025-01-27,SZ.ZB_000756,新华制药,化学制药,1.8832817,-1.4636725
3879,2025-01-27,SH.KC_300191,潜能恒信,采掘行业,1.8816739,-1.8895854
3880,2025-01-27,SH.ZB_603458,勘设股份,工程咨询服务,1.880224,-1.7799191
3881,2025-01-27,SH.ZB_601579,会稽山,酿酒行业,1.8794894,-1.6862754
3882,2025-01-27,SH.ZB_600648,外高桥,房地产开发,1.878491,-1.998971
3883,2025-01-27,SH.KC_688722,同益中,化纤行业,1.8782377,-2.1179233
3884,2025-01-27,SZ.ZB_002972,科安达,交运设备,1.8774807,-2.8748436
3885,2025-01-27,SH.KC_688657,浩辰软件,软件开发,1.8769354,-2.6499524
3886,2025-01-27,SH.KC_301115,建科股份,专业服务,1.8763766,-1.8348083
3887,2025-01-27,SH.ZB_600455,博通股份,教育,1.875177,-2.2470844
3888,2025-01-27,SZ.ZB_002658,雪迪龙,仪器仪表,1.874572,-2.046344
3889,2025-01-27,SZ.ZB_003036,泰坦股份,专用设备,1.8739924,-2.824489
3890,2025-01-27,SZ.ZB_002930,宏川智慧,物流行业,1.8738449,-1.7200937
3891,2025-01-27,SH.ZB_600382,广东明珠,钢铁行业,1.8731713,-2.360966
3892,2025-01-27,SH.KC_300171,东富龙,医疗器械,1.8729494,-1.8473297
3893,2025-01-27,SH.KC_301518,长华化学,化学制品,1.8727138,-1.765269
3894,2025-01-27,SH.KC_688517,金冠电气,电网设备,1.8719703,-2.1365893
3895,2025-01-27,SZ.ZB_002448,中原内配,汽车零部件,1.8711865,-2.012046
3896,2025-01-27,SZ.ZB_002777,久远银海,互联网服务,1.8685073,-2.3448477
3897,2025-01-27,SH.ZB_601688,华泰证券,证券,1.8679366,-1.9342377
3898,2025-01-27,SZ.ZB_000700,模塑科技,汽车零部件,1.8678218,-1.8365413
3899,2025-01-27,SH.KC_300816,艾可蓝,汽车零部件,1.8675804,-2.1267862
3900,2025-01-27,SH.KC_300514,友讯达,电网设备,1.8674135,-2.110649
3901,2025-01-27,SZ.ZB_002562,兄弟科技,化学制品,1.8658385,-1.5179291
3902,2025-01-27,SZ.ZB_002144,宏达高科,纺织服装,1.8657148,-1.6065305
3903,2025-01-27,SH.ZB_600903,贵州燃气,燃气,1.8620282,-1.557948
3904,2025-01-27,SH.ZB_603799,华友钴业,能源金属,1.8598006,-1.5708439
3905,2025-01-27,SH.KC_301190,善水科技,化学制品,1.858601,-2.1459622
3906,2025-01-27,SZ.ZB_002367,康力电梯,专用设备,1.8579886,-1.7223157
3907,2025-01-27,SH.ZB_600928,西安银行,银行,1.8579557,-1.9973625
3908,2025-01-27,SH.ZB_600477,杭萧钢构,水泥建材,1.8576756,-1.9881742
3909,2025-01-27,SZ.ZB_003000,劲仔食品,食品饮料,1.857029,-1.4063694
3910,2025-01-27,SZ.ZB_002999,天禾股份,化肥行业,1.8565148,-1.944835
3911,2025-01-27,SZ.ZB_002948,青岛银行,银行,1.8556461,-2.3146384
3912,2025-01-27,SH.ZB_603318,水发燃气,燃气,1.8551916,-2.0181293
3913,2025-01-27,SZ.ZB_002522,浙江众成,塑料制品,1.8534839,-1.7928418
3914,2025-01-27,SH.KC_300873,海晨股份,物流行业,1.8529341,-1.9598013
3915,2025-01-27,SH.KC_300358,楚天科技,医疗器械,1.8520236,-1.7339585
3916,2025-01-27,SZ.ZB_002483,润邦股份,专用设备,1.8502281,-2.5843256
3917,2025-01-27,SH.ZB_603001,奥康国际,纺织服装,1.8496022,-1.4685788
3918,2025-01-27,SZ.ZB_002938,鹏鼎控股,电子元件,1.8484294,-2.6425536
3919,2025-01-27,SH.KC_301309,万得凯,通用设备,1.848337,-1.8109809
3920,2025-01-27,SZ.ZB_001336,楚环科技,专用设备,1.8483326,-2.0194912
3921,2025-01-27,SH.ZB_600150,中国船舶,船舶制造,1.8481255,-2.2304983
3922,2025-01-27,SH.ZB_603087,甘李药业,生物制品,1.8467367,-2.2416742
3923,2025-01-27,SH.ZB_600396,华电辽能,电力行业,1.8453047,-2.2794642
3924,2025-01-27,SH.KC_688671,碧兴物联,仪器仪表,1.84374,-1.8543806
3925,2025-01-27,SZ.ZB_002821,凯莱英,医疗服务,1.8425896,-2.2142859
3926,2025-01-27,SH.KC_300292,吴通控股,通信服务,1.8422842,-2.6358354
3927,2025-01-27,SH.ZB_600377,宁沪高速,铁路公路,1.8408194,-1.8610656
3928,2025-01-27,SH.KC_300773,拉卡拉,软件开发,1.8406659,-2.3596451
3929,2025-01-27,SH.ZB_601528,瑞丰银行,银行,1.8384725,-2.1231263
3930,2025-01-27,SH.ZB_603565,中谷物流,物流行业,1.8371582,-2.388707
3931,2025-01-27,SH.KC_688273,麦澜德,医疗器械,1.8365786,-2.3387113
3932,2025-01-27,SH.KC_300721,怡达股份,化学制品,1.8357708,-2.6611826
3933,2025-01-27,SZ.ZB_000888,峨眉山Ａ,旅游酒店,1.8356621,-1.7810125
3934,2025-01-27,SH.ZB_605286,同力日升,专用设备,1.8339008,-1.9619498
3935,2025-01-27,SH.KC_300910,瑞丰新材,化学制品,1.8318727,-2.715794
3936,2025-01-27,SH.KC_300375,鹏翎股份,汽车零部件,1.8316388,-2.3359454
3937,2025-01-27,SZ.ZB_000708,中信特钢,钢铁行业,1.8305659,-1.8059525
3938,2025-01-27,SH.ZB_600613,神奇制药,化学制药,1.8305361,-1.55993
3939,2025-01-27,SH.KC_300999,金龙鱼,食品饮料,1.8261939,-1.4937377
3940,2025-01-27,SZ.ZB_002900,哈三联,化学制药,1.8250138,-1.8258501
3941,2025-01-27,SH.ZB_600299,安迪苏,化学制品,1.8245175,-1.6805984
3942,2025-01-27,SH.KC_301200,大族数控,专用设备,1.8245012,-2.4393263
3943,2025-01-27,SZ.ZB_000555,神州信息,互联网服务,1.823467,-2.5147407
3944,2025-01-27,SZ.ZB_002891,中宠股份,农牧饲渔,1.822953,-2.1637154
3945,2025-01-27,SH.ZB_600210,紫江企业,包装材料,1.8221304,-1.8117418
3946,2025-01-27,SH.ZB_605222,起帆电缆,电网设备,1.8213272,-2.306133
3947,2025-01-27,SH.KC_301529,福赛科技,汽车零部件,1.8174201,-1.7436419
3948,2025-01-27,SH.ZB_603681,永冠新材,化学制品,1.816462,-2.2225547
3949,2025-01-27,SH.KC_300525,博思软件,软件开发,1.811105,-2.1591864
3950,2025-01-27,SH.ZB_600160,巨化股份,化学制品,1.8097415,-2.1277633
3951,2025-01-27,SH.KC_300860,锋尚文化,文化传媒,1.8092573,-2.305903
3952,2025-01-27,SH.ZB_600249,两面针,美容护理,1.8077955,-2.0476854
3953,2025-01-27,SZ.ZB_002204,大连重工,工程机械,1.8073156,-1.8935097
3954,2025-01-27,SH.KC_301181,标榜股份,汽车零部件,1.8065498,-1.9258085
3955,2025-01-27,SZ.ZB_002376,新北洋,计算机设备,1.8063843,-1.9775169
3956,2025-01-27,SH.ZB_600795,国电电力,电力行业,1.8059194,-1.4622321
3957,2025-01-27,SH.ZB_600230,沧州大化,化学制品,1.8041164,-1.95201
3958,2025-01-27,SH.ZB_600493,凤竹纺织,纺织服装,1.8028587,-2.011589
3959,2025-01-27,SH.ZB_600236,桂冠电力,电力行业,1.8021852,-1.869657
3960,2025-01-27,SH.ZB_603096,新经典,文化传媒,1.8020406,-2.0371237
3961,2025-01-27,SH.KC_300015,爱尔眼科,医疗服务,1.800947,-1.7771006
3962,2025-01-27,SH.ZB_603048,浙江黎明,汽车零部件,1.8004864,-1.9811269
3963,2025-01-27,SH.KC_300845,捷安高科,软件开发,1.7974482,-2.2252889
3964,2025-01-27,SZ.ZB_002597,金禾实业,食品饮料,1.795429,-1.9243715
3965,2025-01-27,SH.ZB_600557,康缘药业,中药,1.7943308,-1.9116012
3966,2025-01-27,SH.KC_300819,聚杰微纤,纺织服装,1.7925322,-2.1108286
3967,2025-01-27,SZ.ZB_002827,高争民爆,化学制品,1.7912433,-1.5679549
3968,2025-01-27,SZ.ZB_000554,泰山石油,石油行业,1.7906561,-1.6101751
3969,2025-01-27,SH.KC_688331,荣昌生物,生物制品,1.7897189,-2.5656202
3970,2025-01-27,SH.ZB_600015,华夏银行,银行,1.7872467,-1.9361656
3971,2025-01-27,SZ.ZB_002152,广电运通,计算机设备,1.7868414,-1.9990523
3972,2025-01-27,SZ.ZB_002037,保利联合,化学制品,1.7862334,-2.0607076
3973,2025-01-27,SH.KC_300487,蓝晓科技,塑料制品,1.7859042,-2.3366818
3974,2025-01-27,SH.KC_301106,骏成科技,光学光电子,1.7845005,-1.8710803
3975,2025-01-27,SH.KC_688399,硕世生物,医疗器械,1.7843976,-1.7834563
3976,2025-01-27,SH.KC_688513,苑东生物,化学制药,1.7839656,-2.0357065
3977,2025-01-27,SH.ZB_600845,宝信软件,互联网服务,1.7824739,-2.5541115
3978,2025-01-27,SH.KC_688188,柏楚电子,软件开发,1.7807513,-2.5265317
3979,2025-01-27,SH.ZB_601816,京沪高铁,铁路公路,1.7767653,-1.6858306
3980,2025-01-27,SZ.ZB_002626,金达威,食品饮料,1.7764196,-1.5307012
3981,2025-01-27,SZ.ZB_000426,兴业银锡,有色金属,1.7763466,-2.2472847
3982,2025-01-27,SH.ZB_601600,中国铝业,有色金属,1.774864,-2.0382214
3983,2025-01-27,SZ.ZB_002412,汉森制药,中药,1.7741859,-1.9927346
3984,2025-01-27,SH.KC_300381,溢多利,化学制药,1.7738447,-2.1821418
3985,2025-01-27,SZ.ZB_002461,珠江啤酒,酿酒行业,1.7730266,-1.8768331
3986,2025-01-27,SZ.ZB_001389,广合科技,电子元件,1.7715261,-4.3081737
3987,2025-01-27,SZ.ZB_000960,锡业股份,小金属,1.7714069,-1.6274009
3988,2025-01-27,SZ.ZB_002120,韵达股份,物流行业,1.7712653,-1.812771
3989,2025-01-27,SH.KC_688298,东方生物,医疗器械,1.7708077,-1.7979294
3990,2025-01-27,SH.KC_301043,绿岛风,专用设备,1.7706707,-2.0372438
3991,2025-01-27,SZ.ZB_002293,罗莱生活,纺织服装,1.7703459,-1.6188607
3992,2025-01-27,SH.ZB_605167,利柏特,专用设备,1.769711,-1.8728992
3993,2025-01-27,SH.ZB_600655,豫园股份,珠宝首饰,1.7695904,-0.654589
3994,2025-01-27,SH.ZB_603551,奥普科技,家电行业,1.7692223,-1.6837139
3995,2025-01-27,SH.ZB_600519,贵州茅台,酿酒行业,1.767446,-1.547238
3996,2025-01-27,SH.ZB_600987,航民股份,纺织服装,1.7665774,-1.9190699
3997,2025-01-27,SH.ZB_601601,中国太保,保险,1.7658591,-1.83663
3998,2025-01-27,SZ.ZB_002380,科远智慧,互联网服务,1.7649665,-2.1336339
3999,2025-01-27,SH.ZB_603595,东尼电子,消费电子,1.7644674,-2.50847
4000,2025-01-27,SH.KC_300049,福瑞股份,医疗器械,1.7641649,-2.1334295
4001,2025-01-27,SH.ZB_601288,农业银行,银行,1.7635896,-1.980818
4002,2025-01-27,SH.KC_300509,新美星,专用设备,1.763253,-2.9195101
4003,2025-01-27,SH.ZB_603927,中科软,软件开发,1.7631903,-2.1931267
4004,2025-01-27,SH.KC_300294,博雅生物,生物制品,1.7614722,-1.8884137
4005,2025-01-27,SZ.ZB_000900,现代投资,铁路公路,1.7614112,-1.6772032
4006,2025-01-27,SH.ZB_600256,广汇能源,石油行业,1.7607703,-1.5711129
4007,2025-01-27,SZ.ZB_002832,比音勒芬,纺织服装,1.7595754,-1.630133
4008,2025-01-27,SZ.ZB_000966,长源电力,电力行业,1.7595723,-1.6956683
4009,2025-01-27,SZ.ZB_002987,京北方,软件开发,1.7578185,-2.3204749
4010,2025-01-27,SZ.ZB_002437,誉衡药业,化学制药,1.7558813,-2.2639775
4011,2025-01-27,SZ.ZB_002615,哈尔斯,家用轻工,1.7554,-2.1815574
4012,2025-01-27,SZ.ZB_002154,报 喜 鸟,纺织服装,1.751782,-1.8191341
4013,2025-01-27,SH.ZB_600426,华鲁恒升,化学原料,1.7516166,-1.7905647
4014,2025-01-27,SZ.ZB_000532,华金资本,综合行业,1.7516017,-2.745842
4015,2025-01-27,SZ.ZB_002111,威海广泰,专用设备,1.7513976,-1.5652213
4016,2025-01-27,SH.ZB_600444,国机通用,专用设备,1.7493904,-1.6719732
4017,2025-01-27,SH.ZB_600308,华泰股份,造纸印刷,1.7489061,-1.760076
4018,2025-01-27,SH.KC_300983,尤安设计,工程咨询服务,1.748313,-1.5388651
4019,2025-01-27,SH.KC_300577,开润股份,纺织服装,1.7474844,-2.7662876
4020,2025-01-27,SZ.ZB_000625,长安汽车,汽车整车,1.745677,-1.591713
4021,2025-01-27,SZ.ZB_002990,盛视科技,软件开发,1.7440706,-2.5335615
4022,2025-01-27,SZ.ZB_002749,国光股份,农药兽药,1.7403901,-2.187692
4023,2025-01-27,SH.ZB_600668,尖峰集团,水泥建材,1.7396718,-2.224022
4024,2025-01-27,SH.ZB_600694,大商股份,商业百货,1.7384499,-2.6607366
4025,2025-01-27,SZ.ZB_000928,中钢国际,工程咨询服务,1.7383635,-2.1862268
4026,2025-01-27,SH.ZB_603091,众鑫股份,家用轻工,1.737693,-1.9913945
4027,2025-01-27,SH.ZB_603326,我乐家居,装修建材,1.7375276,-2.4580164
4028,2025-01-27,SZ.ZB_002254,泰和新材,化纤行业,1.7369344,-1.4295812
4029,2025-01-27,SH.KC_301033,迈普医学,医疗服务,1.7363131,-2.7917979
4030,2025-01-27,SH.ZB_600066,宇通客车,汽车整车,1.7350183,-2.530781
4031,2025-01-27,SH.ZB_603191,望变电气,电网设备,1.7328844,-3.1869953
4032,2025-01-27,SZ.ZB_002010,传化智联,物流行业,1.7321467,-1.7258286
4033,2025-01-27,SH.ZB_603050,科林电气,电网设备,1.7309711,-1.6503053
4034,2025-01-27,SZ.ZB_000848,承德露露,食品饮料,1.7292247,-1.6396593
4035,2025-01-27,SZ.ZB_000661,长春高新,生物制品,1.7278165,-1.6110911
4036,2025-01-27,SH.KC_688102,斯瑞新材,有色金属,1.7275438,-2.7241285
4037,2025-01-27,SH.KC_300867,圣元环保,环保行业,1.7274096,-1.9941144
4038,2025-01-27,SH.ZB_601107,四川成渝,铁路公路,1.7268747,-1.7680794
4039,2025-01-27,SZ.ZB_000507,珠海港,航运港口,1.7268002,-1.7879194
4040,2025-01-27,SH.ZB_600488,津药药业,化学制药,1.7257184,-2.1736445
4041,2025-01-27,SH.KC_688106,金宏气体,电子化学品,1.7255664,-1.950449
4042,2025-01-27,SH.ZB_601388,怡球资源,有色金属,1.7253234,-1.4900655
4043,2025-01-27,SZ.ZB_002768,国恩股份,塑料制品,1.7237113,-2.0577257
4044,2025-01-27,SZ.ZB_002833,弘亚数控,专用设备,1.7230346,-2.0419264
4045,2025-01-27,SZ.ZB_002135,东南网架,工程建设,1.7218008,-2.1365952
4046,2025-01-27,SZ.ZB_002566,益盛药业,中药,1.7203317,-1.9694195
4047,2025-01-27,SH.KC_688101,三达膜,环保行业,1.719451,-2.1092877
4048,2025-01-27,SH.ZB_603259,药明康德,医疗服务,1.7191976,-2.4722962
4049,2025-01-27,SH.ZB_605577,龙版传媒,文化传媒,1.7190888,-2.2323408
4050,2025-01-27,SZ.ZB_002303,美盈森,包装材料,1.7190099,-2.0301058
4051,2025-01-27,SH.ZB_601956,东贝集团,家电行业,1.7178357,-1.7922239
4052,2025-01-27,SZ.ZB_000338,潍柴动力,汽车零部件,1.7175466,-1.5717232
4053,2025-01-27,SZ.ZB_000703,恒逸石化,化纤行业,1.717107,-1.8943312
4054,2025-01-27,SH.KC_300031,宝通科技,游戏,1.7162516,-2.2453063
4055,2025-01-27,SH.KC_301260,格力博,专用设备,1.7162412,-1.929559
4056,2025-01-27,SH.ZB_600510,黑牡丹,房地产开发,1.7128243,-2.1339703
4057,2025-01-27,SH.ZB_600829,人民同泰,医药商业,1.711844,-1.8579086
4058,2025-01-27,SZ.ZB_000548,湖南投资,铁路公路,1.7097757,-1.9672148
4059,2025-01-27,SH.ZB_603722,阿科力,塑料制品,1.7092168,-1.9229956
4060,2025-01-27,SH.ZB_601200,上海环境,环保行业,1.7080098,-1.8693563
4061,2025-01-27,SH.ZB_600749,西藏旅游,旅游酒店,1.7075926,-1.7674593
4062,2025-01-27,SH.ZB_603726,朗迪集团,家电行业,1.7070651,-1.9792273
4063,2025-01-27,SH.KC_688109,品茗科技,软件开发,1.70473,-3.1313055
4064,2025-01-27,SH.KC_300651,金陵体育,家用轻工,1.7042965,-2.1385229
4065,2025-01-27,SH.KC_301408,华人健康,医药商业,1.7004132,-1.8769596
4066,2025-01-27,SZ.ZB_000682,东方电子,电网设备,1.699619,-1.705556
4067,2025-01-27,SH.ZB_601088,中国神华,煤炭行业,1.6992793,-1.9527832
4068,2025-01-27,SZ.ZB_002051,中工国际,工程建设,1.697041,-1.7720553
4069,2025-01-27,SH.ZB_603156,养元饮品,食品饮料,1.6968324,-1.7991515
4070,2025-01-27,SH.KC_301257,普蕊斯,医疗服务,1.6964525,-2.0146368
4071,2025-01-27,SH.ZB_601000,唐山港,航运港口,1.695317,-1.8452319
4072,2025-01-27,SH.ZB_601985,中国核电,电力行业,1.6951531,-2.143999
4073,2025-01-27,SZ.ZB_003027,同兴科技,环保行业,1.6934857,-2.1108341
4074,2025-01-27,SH.KC_300194,福安药业,化学制药,1.6929835,-1.7234389
4075,2025-01-27,SH.ZB_600352,浙江龙盛,化学制品,1.6926155,-1.6990889
4076,2025-01-27,SH.ZB_601872,招商轮船,航运港口,1.6925544,-2.1991816
4077,2025-01-27,SH.KC_688329,艾隆科技,专用设备,1.6907082,-2.4619973
4078,2025-01-27,SH.ZB_603589,口子窖,酿酒行业,1.6906947,-1.4056396
4079,2025-01-27,SZ.ZB_000786,北新建材,装修建材,1.6904384,-2.209147
4080,2025-01-27,SH.ZB_600998,九州通,医药商业,1.685831,-2.0343845
4081,2025-01-27,SH.ZB_605507,国邦医药,化学制药,1.6855166,-2.6565332
4082,2025-01-27,SZ.ZB_002368,太极股份,互联网服务,1.6853943,-2.7697191
4083,2025-01-27,SH.ZB_603115,海星股份,电子元件,1.6835854,-1.9228005
4084,2025-01-27,SH.KC_688622,禾信仪器,仪器仪表,1.6834915,-5.4159603
4085,2025-01-27,SH.ZB_605189,富春染织,纺织服装,1.6795397,-2.3625188
4086,2025-01-27,SH.ZB_603013,亚普股份,汽车零部件,1.6755253,-1.8413914
4087,2025-01-27,SH.ZB_605155,西大门,家用轻工,1.6753271,-2.1167157
4088,2025-01-27,SH.ZB_603528,多伦科技,软件开发,1.6743407,-2.6542976
4089,2025-01-27,SH.KC_300610,晨化股份,塑料制品,1.6734719,-1.8877599
4090,2025-01-27,SZ.ZB_000636,风华高科,电子元件,1.6726762,-1.709171
4091,2025-01-27,SH.ZB_605055,迎丰股份,纺织服装,1.6720817,-2.6964839
4092,2025-01-27,SZ.ZB_002015,协鑫能科,电力行业,1.671736,-1.9381158
4093,2025-01-27,SH.ZB_600505,西昌电力,电力行业,1.6712234,-2.0249698
4094,2025-01-27,SH.ZB_605389,长龄液压,工程机械,1.6710148,-3.0551145
4095,2025-01-27,SZ.ZB_002498,汉缆股份,电网设备,1.6703069,-1.7458793
4096,2025-01-27,SH.KC_301186,超达装备,汽车零部件,1.6692624,-2.1105618
4097,2025-01-27,SZ.ZB_002294,信立泰,化学制药,1.6688198,-1.7763238
4098,2025-01-27,SH.ZB_600526,菲达环保,环保行业,1.6684741,-2.0767949
4099,2025-01-27,SH.KC_301197,工大科雅,软件开发,1.6672164,-2.179627
4100,2025-01-27,SZ.ZB_002224,三 力 士,橡胶制品,1.6672105,-1.970557
4101,2025-01-27,SZ.ZB_000089,深圳机场,航空机场,1.6668186,-2.2283182
4102,2025-01-27,SH.KC_688285,高铁电气,交运设备,1.6663268,-2.347988
4103,2025-01-27,SH.KC_300508,维宏股份,互联网服务,1.6647518,-2.7265623
4104,2025-01-27,SZ.ZB_002238,天威视讯,文化传媒,1.6641527,-1.9060895
4105,2025-01-27,SH.KC_300034,钢研高纳,有色金属,1.6633525,-1.6263489
4106,2025-01-27,SZ.ZB_001227,兰州银行,银行,1.6631424,-2.170773
4107,2025-01-27,SZ.ZB_000819,岳阳兴长,石油行业,1.6629905,-1.6703241
4108,2025-01-27,SH.KC_688146,中船特气,电子化学品,1.6627759,-1.9260013
4109,2025-01-27,SH.ZB_605050,福然德,物流行业,1.6618118,-1.9221067
4110,2025-01-27,SH.ZB_605088,冠盛股份,汽车零部件,1.6606987,-2.49204
4111,2025-01-27,SZ.ZB_002102,能特科技,化学制药,1.6591833,-1.8625293
4112,2025-01-27,SH.ZB_601177,杭齿前进,通用设备,1.6587615,-2.423972
4113,2025-01-27,SH.ZB_603648,畅联股份,物流行业,1.6566262,-1.9555295
4114,2025-01-27,SH.ZB_600398,海澜之家,纺织服装,1.6563028,-3.1801045
4115,2025-01-27,SH.KC_301330,熵基科技,软件开发,1.6562805,-2.2690914
4116,2025-01-27,SH.ZB_605138,盛泰集团,纺织服装,1.653564,-2.2935224
4117,2025-01-27,SH.ZB_601089,福元医药,化学制药,1.6526923,-2.130063
4118,2025-01-27,SH.ZB_605365,立达信,家电行业,1.6525507,-1.5453566
4119,2025-01-27,SH.ZB_601298,青岛港,航运港口,1.6520665,-2.3823044
4120,2025-01-27,SZ.ZB_002060,广东建工,工程建设,1.6510189,-1.7423961
4121,2025-01-27,SH.KC_300930,屹通新材,有色金属,1.650551,-1.8664767
4122,2025-01-27,SZ.ZB_003023,彩虹集团,家电行业,1.6499355,-1.7142229
4123,2025-01-27,SH.ZB_600011,华能国际,电力行业,1.648201,-1.4503291
4124,2025-01-27,SH.ZB_603373,安邦护卫,专业服务,1.6448438,-2.1285205
4125,2025-01-27,SZ.ZB_002029,七 匹 狼,纺织服装,1.6444385,-1.9243822
4126,2025-01-27,SZ.ZB_002258,利尔化学,农药兽药,1.6443267,-2.4707832
4127,2025-01-27,SZ.ZB_002909,集泰股份,化学制品,1.6437352,-2.3468106
4128,2025-01-27,SZ.ZB_001230,劲旅环境,环保行业,1.6427517,-2.3062706
4129,2025-01-27,SZ.ZB_002860,星帅尔,家电行业,1.6408443,-1.9777242
4130,2025-01-27,SH.ZB_600309,万华化学,化学制品,1.639904,-1.6379278
4131,2025-01-27,SH.ZB_603817,海峡环保,环保行业,1.639457,-2.1077807
4132,2025-01-27,SH.ZB_600612,老凤祥,珠宝首饰,1.6376406,-2.1940355
4133,2025-01-27,SH.ZB_600461,洪城环境,公用事业,1.637587,-2.2106042
4134,2025-01-27,SH.ZB_600267,海正药业,化学制药,1.6359105,-2.5980604
4135,2025-01-27,SH.ZB_605259,绿田机械,通用设备,1.6349211,-1.9044796
4136,2025-01-27,SH.ZB_603456,九洲药业,化学制药,1.6310632,-1.7561966
4137,2025-01-27,SZ.ZB_000001,平安银行,银行,1.6279504,-1.7852142
4138,2025-01-27,SH.ZB_600035,楚天高速,铁路公路,1.6259879,-1.7673194
4139,2025-01-27,SH.KC_300962,中金辐照,专业服务,1.6245232,-2.1265364
4140,2025-01-27,SZ.ZB_002061,浙江交科,工程建设,1.6229749,-1.6403072
4141,2025-01-27,SZ.ZB_002080,中材科技,玻璃玻纤,1.6221538,-1.6017605
4142,2025-01-27,SH.KC_688393,安必平,医疗器械,1.6213968,-1.8417349
4143,2025-01-27,SZ.ZB_002969,嘉美包装,包装材料,1.6201019,-2.1946313
4144,2025-01-27,SH.KC_300528,幸福蓝海,文化传媒,1.61964,-3.4745812
4145,2025-01-27,SH.ZB_600141,兴发集团,化肥行业,1.6176715,-1.9092898
4146,2025-01-27,SH.KC_300625,三雄极光,家电行业,1.6164079,-1.9053036
4147,2025-01-27,SH.ZB_603391,力聚热能,通用设备,1.6141727,-1.4999963
4148,2025-01-27,SH.ZB_603355,莱克电气,家电行业,1.6138375,-1.654055
4149,2025-01-27,SH.ZB_603599,广信股份,农药兽药,1.613307,-1.9409305
4150,2025-01-27,SH.ZB_603282,亚光股份,专用设备,1.6110331,-1.9392054
4151,2025-01-27,SZ.ZB_002457,青龙管业,装修建材,1.6107619,-2.7251
4152,2025-01-27,SH.KC_301063,海锅股份,风电设备,1.606904,-1.9483613
4153,2025-01-27,SH.KC_301246,宏源药业,化学制药,1.6063974,-1.9492563
4154,2025-01-27,SH.KC_300453,三鑫医疗,医疗器械,1.6019866,-2.0551865
4155,2025-01-27,SH.ZB_600356,恒丰纸业,造纸印刷,1.6019315,-1.8712118
4156,2025-01-27,SZ.ZB_001202,炬申股份,物流行业,1.6011105,-1.8415589
4157,2025-01-27,SH.ZB_600975,新五丰,农牧饲渔,1.6004652,-1.7073072
4158,2025-01-27,SZ.ZB_000728,国元证券,证券,1.6002848,-1.9276156
4159,2025-01-27,SH.ZB_600320,振华重工,专用设备,1.5998735,-1.7104275
4160,2025-01-27,SH.KC_300771,智莱科技,计算机设备,1.5997171,-1.8750284
4161,2025-01-27,SH.ZB_601188,龙江交通,铁路公路,1.5993311,-1.5703583
4162,2025-01-27,SH.ZB_600051,宁波联合,综合行业,1.598005,-1.8123727
4163,2025-01-27,SH.ZB_600248,陕建股份,工程建设,1.596573,-2.0070517
4164,2025-01-27,SH.ZB_603558,健盛集团,纺织服装,1.5962825,-1.994038
4165,2025-01-27,SH.ZB_601991,大唐发电,电力行业,1.5954822,-1.9009644
4166,2025-01-27,SZ.ZB_000537,中绿电,电力行业,1.5941427,-1.5479821
4167,2025-01-27,SH.ZB_601121,宝地矿业,钢铁行业,1.5940458,-1.755683
4168,2025-01-27,SZ.ZB_000997,新 大 陆,互联网服务,1.5939429,-2.4149055
4169,2025-01-27,SH.KC_300295,三六五网,互联网服务,1.5935585,-2.5535707
4170,2025-01-27,SZ.ZB_001228,永泰运,物流行业,1.5926659,-1.9673791
4171,2025-01-27,SH.KC_300285,国瓷材料,化学制品,1.5915364,-1.7477261
4172,2025-01-27,SH.KC_300797,钢研纳克,专业服务,1.5911863,-1.8908733
4173,2025-01-27,SH.KC_688266,泽璟制药-U,化学制药,1.5904278,-2.6612222
4174,2025-01-27,SH.ZB_601998,中信银行,银行,1.5901997,-1.7131209
4175,2025-01-27,SH.ZB_603313,梦百合,装修建材,1.5900284,-1.7719377
4176,2025-01-27,SH.KC_300636,同和药业,化学制药,1.5877783,-2.1330686
4177,2025-01-27,SH.ZB_603037,凯众股份,汽车零部件,1.5838399,-2.0355053
4178,2025-01-27,SZ.ZB_002250,联化科技,农药兽药,1.5838295,-2.6791546
4179,2025-01-27,SH.ZB_603698,航天工程,专业服务,1.5834496,-1.8537711
4180,2025-01-27,SH.ZB_601179,中国西电,电网设备,1.5825629,-1.8448875
4181,2025-01-27,SH.ZB_600452,涪陵电力,电力行业,1.5780032,-1.5435084
4182,2025-01-27,SH.ZB_600062,华润双鹤,化学制药,1.5774846,-1.8324573
4183,2025-01-27,SZ.ZB_002022,科华生物,医疗器械,1.5773296,-1.3798338
4184,2025-01-27,SH.KC_300939,秋田微,光学光电子,1.5764087,-1.9986678
4185,2025-01-27,SH.ZB_603276,恒兴新材,化学原料,1.5760988,-1.4677558
4186,2025-01-27,SH.KC_300886,华业香料,美容护理,1.5752465,-2.5366445
4187,2025-01-27,SH.KC_301020,密封科技,汽车零部件,1.5751451,-1.9046035
4188,2025-01-27,SH.ZB_600885,宏发股份,电网设备,1.5745878,-2.511762
4189,2025-01-27,SZ.ZB_000597,东北制药,化学制药,1.5738636,-1.7270349
4190,2025-01-27,SH.KC_300834,星辉环材,化学原料,1.5730113,-1.996029
4191,2025-01-27,SZ.ZB_002331,皖通科技,互联网服务,1.5725344,-1.881494
4192,2025-01-27,SH.ZB_600153,建发股份,贸易行业,1.5725166,-1.6318023
4193,2025-01-27,SH.KC_301166,优宁维,生物制品,1.5708103,-1.909656
4194,2025-01-27,SH.KC_688579,山大地纬,软件开发,1.5697062,-2.4398515
4195,2025-01-27,SH.ZB_600269,赣粤高速,铁路公路,1.5693426,-1.9286385
4196,2025-01-27,SH.KC_300215,电科院,专业服务,1.5669733,-1.7455124
4197,2025-01-27,SZ.ZB_002838,道恩股份,塑料制品,1.5662744,-1.8804613
4198,2025-01-27,SZ.ZB_002223,鱼跃医疗,医疗器械,1.5642405,-1.7929139
4199,2025-01-27,SZ.ZB_000026,飞亚达,珠宝首饰,1.5642092,-1.9306034
4200,2025-01-27,SH.KC_688009,中国通号,交运设备,1.5640721,-1.8323243
4201,2025-01-27,SH.ZB_601318,中国平安,保险,1.5629783,-1.7945623
4202,2025-01-27,SZ.ZB_000603,盛达资源,有色金属,1.5616357,-2.6982763
4203,2025-01-27,SH.ZB_605011,杭州热电,公用事业,1.5611515,-1.5374714
4204,2025-01-27,SZ.ZB_001267,汇绿生态,工程建设,1.5607059,-4.9971
4205,2025-01-27,SH.KC_300650,太龙股份,光学光电子,1.560478,-1.6806403
4206,2025-01-27,SH.ZB_605099,共创草坪,家用轻工,1.5603989,-1.9403776
4207,2025-01-27,SH.KC_300788,中信出版,文化传媒,1.5590936,-1.8048089
4208,2025-01-27,SH.ZB_600820,隧道股份,工程建设,1.5588179,-1.6650194
4209,2025-01-27,SZ.ZB_000739,普洛药业,化学制药,1.5571401,-1.7197765
4210,2025-01-27,SZ.ZB_003028,振邦智能,消费电子,1.5554652,-2.3689198
4211,2025-01-27,SH.KC_301468,博盈特焊,专用设备,1.5545726,-1.6072807
4212,2025-01-27,SZ.ZB_001259,利仁科技,家电行业,1.5533537,-2.343368
4213,2025-01-27,SH.ZB_600368,五洲交通,铁路公路,1.5517563,-1.7963393
4214,2025-01-27,SH.KC_688187,时代电气,交运设备,1.5486791,-2.3485014
4215,2025-01-27,SH.KC_300406,九强生物,医疗器械,1.5477657,-1.940662
4216,2025-01-27,SH.KC_300203,聚光科技,环保行业,1.5466199,-2.8420038
4217,2025-01-27,SZ.ZB_002912,中新赛克,互联网服务,1.5446856,-3.193821
4218,2025-01-27,SH.ZB_600489,中金黄金,贵金属,1.5424178,-1.9995755
4219,2025-01-27,SZ.ZB_002790,瑞尔特,装修建材,1.5409336,-1.8271734
4220,2025-01-27,SH.ZB_603329,上海雅仕,物流行业,1.5406444,-2.462374
4221,2025-01-27,SZ.ZB_002065,东华软件,软件开发,1.540184,-2.0010765
4222,2025-01-27,SH.KC_301362,民爆光电,家电行业,1.5389309,-1.6426831
4223,2025-01-27,SH.ZB_601899,紫金矿业,有色金属,1.5364542,-1.812661
4224,2025-01-27,SH.ZB_601199,江南水务,公用事业,1.5358224,-1.5812691
4225,2025-01-27,SH.KC_688336,三生国健,生物制品,1.5334561,-2.6081505
4226,2025-01-27,SH.ZB_600871,石化油服,采掘行业,1.5328974,-1.6762879
4227,2025-01-27,SZ.ZB_002803,吉宏股份,文化传媒,1.531832,-2.1545277
4228,2025-01-27,SH.KC_301203,国泰环保,环保行业,1.5311852,-2.372655
4229,2025-01-27,SH.KC_688398,赛特新材,化学制品,1.5303165,-2.5622525
4230,2025-01-27,SH.KC_300847,中船汉光,消费电子,1.5299394,-1.8884592
4231,2025-01-27,SH.KC_688176,亚虹医药-U,生物制品,1.5294359,-1.8064615
4232,2025-01-27,SH.KC_301276,嘉曼服饰,纺织服装,1.5288383,-1.9193698
4233,2025-01-27,SZ.ZB_000012,南  玻Ａ,玻璃玻纤,1.5269071,-1.6786155
4234,2025-01-27,SH.ZB_603309,维力医疗,医疗器械,1.5257329,-1.9275643
4235,2025-01-27,SZ.ZB_000552,甘肃能化,煤炭行业,1.5245781,-1.6463962
4236,2025-01-27,SH.KC_688215,瑞晟智能,专用设备,1.5231595,-2.8374557
4237,2025-01-27,SH.ZB_600863,内蒙华电,电力行业,1.5221164,-1.6059694
4238,2025-01-27,SZ.ZB_001332,锡装股份,专用设备,1.5218079,-1.8327404
4239,2025-01-27,SH.ZB_600851,海欣股份,化学制药,1.5211582,-3.2127335
4240,2025-01-27,SH.ZB_603876,鼎胜新材,有色金属,1.5200303,-1.4424422
4241,2025-01-27,SH.ZB_601808,中海油服,采掘行业,1.5165836,-1.3622394
4242,2025-01-27,SH.ZB_601618,中国中冶,工程建设,1.5154436,-1.751394
4243,2025-01-27,SH.ZB_600941,中国移动,通信服务,1.5151262,-2.013574
4244,2025-01-27,SH.KC_300761,立华股份,农牧饲渔,1.5149087,-1.6633958
4245,2025-01-27,SH.KC_688191,智洋创新,电网设备,1.5126258,-2.526228
4246,2025-01-27,SH.ZB_600713,南京医药,医药商业,1.5125871,-2.1468039
4247,2025-01-27,SZ.ZB_002410,广联达,软件开发,1.5118911,-2.570955
4248,2025-01-27,SZ.ZB_002887,绿茵生态,环保行业,1.5112966,-1.8425093
4249,2025-01-27,SH.KC_688100,威胜信息,通信设备,1.5108571,-1.9791728
4250,2025-01-27,SZ.ZB_002988,豪美新材,有色金属,1.508531,-2.1005208
4251,2025-01-27,SH.ZB_600101,明星电力,电力行业,1.5067607,-1.7276149
4252,2025-01-27,SZ.ZB_003012,东鹏控股,装修建材,1.5064611,-1.9330403
4253,2025-01-27,SZ.ZB_000425,徐工机械,工程机械,1.5051305,-1.460649
4254,2025-01-27,SH.KC_688151,华强科技,专用设备,1.5038087,-1.3932269
4255,2025-01-27,SZ.ZB_000088,盐 田 港,航运港口,1.5037686,-1.7351382
4256,2025-01-27,SH.ZB_600697,欧亚集团,商业百货,1.5016079,-1.3790194
4257,2025-01-27,SH.KC_688196,卓越新能,化学制品,1.50138,-2.886692
4258,2025-01-27,SH.ZB_603822,嘉澳环保,化学制品,1.4999211,-2.456782
4259,2025-01-27,SZ.ZB_000920,沃顿科技,环保行业,1.4992088,-1.8941153
4260,2025-01-27,SZ.ZB_001317,三羊马,物流行业,1.4968872,-1.7932961
4261,2025-01-27,SH.KC_688553,汇宇制药-W,化学制药,1.4966116,-1.6844498
4262,2025-01-27,SH.ZB_600521,华海药业,化学制药,1.4965326,-1.8524075
4263,2025-01-27,SZ.ZB_002158,汉钟精机,通用设备,1.4961541,-1.3989518
4264,2025-01-27,SH.ZB_603217,元利科技,化学制品,1.4949725,-1.9988
4265,2025-01-27,SH.KC_300823,建科智能,专用设备,1.4949441,-1.9685719
4266,2025-01-27,SH.ZB_600901,江苏金租,多元金融,1.4946699,-2.066964
4267,2025-01-27,SH.KC_688269,凯立新材,化学制品,1.4944866,-1.7894057
4268,2025-01-27,SH.KC_300677,英科医疗,医疗器械,1.4943987,-2.6473188
4269,2025-01-27,SH.ZB_601628,中国人寿,保险,1.4937148,-2.1613371
4270,2025-01-27,SH.ZB_601398,工商银行,银行,1.4934733,-2.0600867
4271,2025-01-27,SH.KC_301053,远信工业,专用设备,1.4922678,-2.4454556
4272,2025-01-27,SH.ZB_600167,联美控股,公用事业,1.4916182,-1.7276319
4273,2025-01-27,SH.ZB_603848,好太太,家用轻工,1.4886647,-1.6994331
4274,2025-01-27,SH.ZB_600261,阳光照明,家电行业,1.4861524,-1.2682273
4275,2025-01-27,SH.ZB_600982,宁波能源,电力行业,1.4845059,-1.6817924
4276,2025-01-27,SH.KC_300815,玉禾田,环保行业,1.4842838,-1.919959
4277,2025-01-27,SH.ZB_605066,天正电气,电网设备,1.4832973,-1.6599793
4278,2025-01-27,SH.ZB_600339,中油工程,采掘行业,1.4831855,-1.6184051
4279,2025-01-27,SH.ZB_601700,风范股份,电网设备,1.4826224,-1.5141819
4280,2025-01-27,SZ.ZB_002157,正邦科技,农牧饲渔,1.4826149,-1.4491309
4281,2025-01-27,SH.ZB_600996,贵广网络,文化传媒,1.482065,-1.8753437
4282,2025-01-27,SH.ZB_600027,华电国际,电力行业,1.4798045,-2.0302143
4283,2025-01-27,SZ.ZB_002677,浙江美大,家电行业,1.4790535,-1.5758073
4284,2025-01-27,SZ.ZB_000937,冀中能源,煤炭行业,1.4789298,-1.7947025
4285,2025-01-27,SH.ZB_600219,南山铝业,有色金属,1.4758676,-1.6998373
4286,2025-01-27,SH.ZB_600075,新疆天业,化学原料,1.4757469,-1.8114318
4287,2025-01-27,SH.ZB_600479,千金药业,中药,1.4753089,-1.727972
4288,2025-01-27,SH.ZB_600917,重庆燃气,燃气,1.4740036,-1.8071582
4289,2025-01-27,SH.ZB_600019,宝钢股份,钢铁行业,1.4734089,-1.9449403
4290,2025-01-27,SH.KC_688459,哈铁科技,交运设备,1.4724746,-1.7071165
4291,2025-01-27,SH.KC_688687,凯因科技,生物制品,1.4703407,-2.3573096
4292,2025-01-27,SH.ZB_603613,国联股份,互联网服务,1.4690578,-2.3241415
4293,2025-01-27,SZ.ZB_002511,中顺洁柔,造纸印刷,1.4685601,-1.7944425
4294,2025-01-27,SZ.ZB_002267,陕天然气,燃气,1.4677256,-1.8503859
4295,2025-01-27,SH.KC_688568,中科星图,互联网服务,1.4673724,-2.3082218
4296,2025-01-27,SH.ZB_601231,环旭电子,消费电子,1.4668479,-2.0311537
4297,2025-01-27,SH.ZB_600737,中粮糖业,食品饮料,1.4664233,-1.5883114
4298,2025-01-27,SH.KC_300314,戴维医疗,医疗器械,1.4663591,-1.8241193
4299,2025-01-27,SH.ZB_603053,成都燃气,燃气,1.4643073,-1.8169596
4300,2025-01-27,SH.KC_301131,聚赛龙,塑料制品,1.4629259,-2.0022428
4301,2025-01-27,SZ.ZB_002556,辉隆股份,化肥行业,1.4620826,-2.1139302
4302,2025-01-27,SH.ZB_600509,天富能源,电力行业,1.4615998,-2.0661843
4303,2025-01-27,SZ.ZB_002099,海翔药业,化学制药,1.4612556,-1.6393588
4304,2025-01-27,SH.KC_688122,西部超导,有色金属,1.4586852,-1.83217
4305,2025-01-27,SH.ZB_601975,招商南油,航运港口,1.4584988,-1.6572537
4306,2025-01-27,SH.ZB_603926,铁流股份,汽车零部件,1.4583439,-1.9611063
4307,2025-01-27,SH.ZB_603611,诺力股份,工程机械,1.4583349,-1.617333
4308,2025-01-27,SH.ZB_600833,第一医药,医药商业,1.4567584,-1.811821
4309,2025-01-27,SH.ZB_601988,中国银行,银行,1.4542983,-1.9217966
4310,2025-01-27,SH.ZB_600729,重庆百货,商业百货,1.4542401,-2.2391648
4311,2025-01-27,SH.ZB_600959,江苏有线,文化传媒,1.4529421,-1.9511037
4312,2025-01-27,SH.KC_688087,英科再生,塑料制品,1.4522984,-1.8542072
4313,2025-01-27,SZ.ZB_002810,山东赫达,化学制品,1.4519274,-1.6546047
4314,2025-01-27,SH.ZB_603163,圣晖集成,工程建设,1.4517963,-1.9190743
4315,2025-01-27,SZ.ZB_002332,仙琚制药,化学制药,1.447466,-1.7971185
4316,2025-01-27,SZ.ZB_002627,三峡旅游,旅游酒店,1.4466763,-1.9510783
4317,2025-01-27,SH.KC_300994,久祺股份,交运设备,1.4443889,-1.7253028
4318,2025-01-27,SH.ZB_601319,中国人保,保险,1.4429599,-2.1140678
4319,2025-01-27,SH.KC_688080,映翰通,通信设备,1.442884,-2.291957
4320,2025-01-27,SH.ZB_600328,中盐化工,化学原料,1.4410198,-1.5473185
4321,2025-01-27,SH.KC_301376,致欧科技,家用轻工,1.4406786,-2.0142524
4322,2025-01-27,SH.ZB_600572,康恩贝,中药,1.440309,-1.8828554
4323,2025-01-27,SH.ZB_600182,S佳通,橡胶制品,1.4397532,-1.7503533
4324,2025-01-27,SZ.ZB_002108,沧州明珠,塑料制品,1.4389977,-1.4205084
4325,2025-01-27,SZ.ZB_000731,四川美丰,化肥行业,1.4370456,-1.5742313
4326,2025-01-27,SH.ZB_603588,高能环境,环保行业,1.4369428,-2.008904
4327,2025-01-27,SZ.ZB_002612,朗姿股份,纺织服装,1.4359818,-1.6540028
4328,2025-01-27,SH.ZB_603239,浙江仙通,汽车零部件,1.4356985,-1.7302275
4329,2025-01-27,SH.KC_688552,航天南湖,通信设备,1.4356866,-1.8606972
4330,2025-01-27,SH.KC_688111,金山办公,软件开发,1.4355928,-3.2222562
4331,2025-01-27,SH.ZB_600961,株冶集团,有色金属,1.4349713,-1.8989427
4332,2025-01-27,SZ.ZB_002507,涪陵榨菜,食品饮料,1.4338896,-1.3269678
4333,2025-01-27,SH.ZB_603823,百合花,化学制品,1.4327242,-1.7945812
4334,2025-01-27,SH.ZB_600883,博闻科技,农牧饲渔,1.4306068,-2.023629
4335,2025-01-27,SZ.ZB_002081,金 螳 螂,装修装饰,1.4305532,-1.826745
4336,2025-01-27,SH.ZB_600307,酒钢宏兴,钢铁行业,1.4304593,-1.6532719
4337,2025-01-27,SH.ZB_600495,晋西车轴,交运设备,1.4293671,-1.501548
4338,2025-01-27,SZ.ZB_002385,大北农,农牧饲渔,1.4285237,-1.6511023
4339,2025-01-27,SZ.ZB_000650,仁和药业,中药,1.4283941,-1.5960839
4340,2025-01-27,SH.KC_300864,南大环境,环保行业,1.427716,-1.6654614
4341,2025-01-27,SH.KC_300926,博俊科技,汽车零部件,1.4275193,-2.5680375
4342,2025-01-27,SZ.ZB_003017,大洋生物,化学原料,1.4255955,-2.5249465
4343,2025-01-27,SZ.ZB_002468,申通快递,物流行业,1.4254615,-2.1412332
4344,2025-01-27,SH.ZB_600021,上海电力,电力行业,1.4243186,-1.8297861
4345,2025-01-27,SH.ZB_600578,京能电力,电力行业,1.4241769,-1.7004083
4346,2025-01-27,SH.KC_688257,新锐股份,有色金属,1.4240935,-2.8380942
4347,2025-01-27,SH.ZB_600551,时代出版,文化传媒,1.4232755,-2.017694
4348,2025-01-27,SH.ZB_603733,仙鹤股份,造纸印刷,1.4200165,-2.4309614
4349,2025-01-27,SH.ZB_600529,山东药玻,医疗器械,1.4198035,-1.5474406
4350,2025-01-27,SZ.ZB_002779,中坚科技,专用设备,1.418969,-4.7372146
4351,2025-01-27,SH.KC_301092,争光股份,化学制品,1.4170692,-1.817594
4352,2025-01-27,SH.KC_301373,凌玮科技,化学制品,1.4129549,-1.8690231
4353,2025-01-27,SZ.ZB_002320,海峡股份,航运港口,1.4103339,-2.1774855
4354,2025-01-27,SH.KC_688480,赛恩斯,环保行业,1.4091477,-2.7248707
4355,2025-01-27,SH.ZB_603065,宿迁联盛,化学原料,1.4089674,-1.7425627
4356,2025-01-27,SH.ZB_600664,哈药股份,化学制药,1.4076442,-1.4157629
4357,2025-01-27,SH.ZB_600388,龙净环保,环保行业,1.4055417,-1.8579237
4358,2025-01-27,SZ.ZB_000028,国药一致,医药商业,1.4025345,-1.5340172
4359,2025-01-27,SH.KC_301507,民生健康,化学制药,1.4023751,-1.8367603
4360,2025-01-27,SH.ZB_600699,均胜电子,汽车零部件,1.4004455,-2.2936006
4361,2025-01-27,SH.ZB_603235,天新药业,食品饮料,1.399374,-2.4314442
4362,2025-01-27,SZ.ZB_000725,京东方Ａ,光学光电子,1.3984964,-2.1279147
4363,2025-01-27,SH.KC_301559,中集环科,通用设备,1.3973012,-1.3794237
4364,2025-01-27,SH.ZB_603916,苏博特,化学制品,1.3972789,-1.8874831
4365,2025-01-27,SH.ZB_601038,一拖股份,专用设备,1.3965621,-1.5546179
4366,2025-01-27,SZ.ZB_002608,江苏国信,电力行业,1.3959632,-1.7724576
4367,2025-01-27,SH.ZB_600764,中国海防,计算机设备,1.3944342,-1.7845012
4368,2025-01-27,SH.ZB_601101,昊华能源,煤炭行业,1.392746,-1.9895879
4369,2025-01-27,SH.KC_688330,宏力达,电网设备,1.3914361,-2.0094562
4370,2025-01-27,SH.ZB_601518,吉林高速,铁路公路,1.3908968,-1.8011119
4371,2025-01-27,SZ.ZB_001378,德冠新材,塑料制品,1.3895795,-1.572989
4372,2025-01-27,SH.ZB_603856,东宏股份,装修建材,1.3895168,-1.9379094
4373,2025-01-27,SZ.ZB_001289,龙源电力,电力行业,1.3875335,-1.5397056
4374,2025-01-27,SZ.ZB_002408,齐翔腾达,化学制品,1.3868958,-1.5348393
4375,2025-01-27,SH.ZB_601611,中国核建,工程建设,1.3866708,-1.9248376
4376,2025-01-27,SH.ZB_603062,麦加芯彩,化学原料,1.3864563,-2.7141106
4377,2025-01-27,SZ.ZB_000876,新 希 望,农牧饲渔,1.3860404,-1.4504439
4378,2025-01-27,SH.KC_688531,日联科技,专用设备,1.3859689,-2.264155
4379,2025-01-27,SH.ZB_600867,通化东宝,生物制品,1.3849034,-1.6675478
4380,2025-01-27,SH.ZB_600710,苏美达,贸易行业,1.384373,-2.2085457
4381,2025-01-27,SH.KC_301149,隆华新材,化学原料,1.3843491,-1.8962346
4382,2025-01-27,SH.ZB_600690,海尔智家,家电行业,1.3823376,-1.6732868
4383,2025-01-27,SH.KC_301175,中科环保,环保行业,1.3807907,-1.9488672
4384,2025-01-27,SH.ZB_601100,恒立液压,工程机械,1.3796985,-2.7942827
4385,2025-01-27,SZ.ZB_000400,许继电气,电网设备,1.379624,-2.12655
4386,2025-01-27,SH.ZB_603538,美诺华,化学制药,1.3789103,-1.9083451
4387,2025-01-27,SZ.ZB_002690,美亚光电,专用设备,1.3788283,-1.5911812
4388,2025-01-27,SH.KC_688026,洁特生物,塑料制品,1.3786421,-2.3979068
4389,2025-01-27,SZ.ZB_001206,依依股份,美容护理,1.3782144,-3.0609813
4390,2025-01-27,SH.ZB_603018,华设集团,工程咨询服务,1.3782114,-2.9778147
4391,2025-01-27,SH.ZB_600470,六国化工,化肥行业,1.3772383,-1.8827906
4392,2025-01-27,SH.ZB_601187,厦门银行,银行,1.3769567,-1.9823515
4393,2025-01-27,SH.ZB_600497,驰宏锌锗,有色金属,1.373902,-1.4135145
4394,2025-01-27,SZ.ZB_001367,海森药业,化学制药,1.3734728,-1.967083
4395,2025-01-27,SH.ZB_601619,嘉泽新能,电力行业,1.3727591,-2.3335648
4396,2025-01-27,SH.ZB_600513,联环药业,化学制药,1.3717487,-1.7089767
4397,2025-01-27,SH.ZB_603180,金牌家居,装修建材,1.3709337,-1.8070297
4398,2025-01-27,SH.ZB_600020,中原高速,铁路公路,1.366514,-1.8061125
4399,2025-01-27,SH.ZB_600486,扬农化工,农药兽药,1.364322,-2.0270078
4400,2025-01-27,SZ.ZB_003039,顺控发展,公用事业,1.3636723,-1.6059637
4401,2025-01-27,SH.ZB_603155,新亚强,化学制品,1.3633265,-2.7792501
4402,2025-01-27,SZ.ZB_002701,奥瑞金,包装材料,1.3628318,-1.8532448
4403,2025-01-27,SZ.ZB_002365,永安药业,化学制药,1.3614044,-2.007885
4404,2025-01-27,SH.ZB_601900,南方传媒,文化传媒,1.3583376,-2.8834848
4405,2025-01-27,SH.ZB_600233,圆通速递,物流行业,1.3577104,-1.7112427
4406,2025-01-27,SZ.ZB_002675,东诚药业,化学制药,1.3567581,-2.198129
4407,2025-01-27,SZ.ZB_000788,北大医药,化学制药,1.355958,-1.7558972
4408,2025-01-27,SZ.ZB_001226,拓山重工,工程机械,1.3559089,-2.1516786
4409,2025-01-27,SH.KC_688092,爱科科技,专用设备,1.3542428,-1.8559943
4410,2025-01-27,SZ.ZB_000153,丰原药业,化学制药,1.3512135,-1.7294371
4411,2025-01-27,SH.ZB_605005,合兴股份,汽车零部件,1.3505862,-1.391024
4412,2025-01-27,SH.ZB_600758,辽宁能源,煤炭行业,1.3493822,-1.9510893
4413,2025-01-27,SH.ZB_600475,华光环能,电源设备,1.34767,-1.3561414
4414,2025-01-27,SH.ZB_600359,新农开发,农牧饲渔,1.3473749,-1.7275902
4415,2025-01-27,SH.ZB_601006,大秦铁路,物流行业,1.3462961,-1.6577647
4416,2025-01-27,SH.ZB_600726,华电能源,电力行业,1.3452291,-1.7922144
4417,2025-01-27,SH.ZB_600750,江中药业,中药,1.3451412,-1.6184205
4418,2025-01-27,SZ.ZB_000591,太阳能,电力行业,1.3449907,-1.6191251
4419,2025-01-27,SZ.ZB_000910,大亚圣象,装修建材,1.343514,-1.718178
4420,2025-01-27,SZ.ZB_000883,湖北能源,电力行业,1.3430045,-1.8283982
4421,2025-01-27,SH.KC_301550,斯菱股份,汽车零部件,1.3420417,-3.3128598
4422,2025-01-27,SH.ZB_605009,豪悦护理,美容护理,1.3416499,-2.0219254
4423,2025-01-27,SZ.ZB_000581,威孚高科,汽车零部件,1.3370156,-1.6759266
4424,2025-01-27,SH.ZB_600120,浙江东方,多元金融,1.3368279,-2.8451917
4425,2025-01-27,SH.ZB_603310,巍华新材,化学原料,1.3363287,-1.9583921
4426,2025-01-27,SH.ZB_603519,立霸股份,家电行业,1.3348699,-1.8274744
4427,2025-01-27,SH.ZB_603043,广州酒家,食品饮料,1.3344393,-1.6741451
4428,2025-01-27,SH.ZB_603100,川仪股份,仪器仪表,1.3339803,-1.6668293
4429,2025-01-27,SZ.ZB_002432,九安医疗,医疗器械,1.331374,-1.6033964
4430,2025-01-27,SH.ZB_603700,宁水集团,仪器仪表,1.3306632,-1.6534421
4431,2025-01-27,SH.KC_688089,嘉必优,食品饮料,1.329726,-2.2931585
4432,2025-01-27,SH.ZB_603860,中公高科,工程咨询服务,1.3290598,-1.8309126
4433,2025-01-27,SZ.ZB_002300,太阳电缆,电网设备,1.3248072,-1.6271188
4434,2025-01-27,SZ.ZB_002398,垒知集团,装修建材,1.3237089,-2.4779687
4435,2025-01-27,SH.ZB_600170,上海建工,工程建设,1.3235853,-1.6501702
4436,2025-01-27,SH.ZB_600211,西藏药业,生物制品,1.3233111,-1.780984
4437,2025-01-27,SZ.ZB_000600,建投能源,电力行业,1.3222919,-2.1517262
4438,2025-01-27,SH.ZB_601007,金陵饭店,旅游酒店,1.3215363,-1.5561249
4439,2025-01-27,SZ.ZB_002053,云南能投,综合行业,1.320909,-1.6276472
4440,2025-01-27,SH.ZB_603107,上海汽配,汽车零部件,1.3155327,-1.3043242
4441,2025-01-27,SH.ZB_600123,兰花科创,煤炭行业,1.3110266,-1.624203
4442,2025-01-27,SH.KC_300923,研奥股份,交运设备,1.310806,-2.0459945
4443,2025-01-27,SH.ZB_600730,中国高科,教育,1.30817,-2.0690162
4444,2025-01-27,SH.ZB_603505,金石资源,采掘行业,1.3077333,-2.5745404
4445,2025-01-27,SH.KC_300388,节能国祯,环保行业,1.3076097,-1.9261647
4446,2025-01-27,SH.KC_301393,昊帆生物,生物制品,1.3054416,-1.7488297
4447,2025-01-27,SH.ZB_603280,南方路机,专用设备,1.3010293,-1.8049492
4448,2025-01-27,SH.ZB_605118,力鼎光电,光学光电子,1.2999982,-3.124288
4449,2025-01-27,SH.ZB_603658,安图生物,医疗器械,1.2992992,-1.3729979
4450,2025-01-27,SZ.ZB_000705,浙江震元,医药商业,1.2988791,-1.7530355
4451,2025-01-27,SZ.ZB_002228,合兴包装,包装材料,1.2948141,-1.843515
4452,2025-01-27,SZ.ZB_000623,吉林敖东,化学制药,1.2918367,-1.6716964
4453,2025-01-27,SH.ZB_600097,开创国际,农牧饲渔,1.2915447,-1.7990161
4454,2025-01-27,SZ.ZB_002357,富临运业,铁路公路,1.2914926,-2.0327601
4455,2025-01-27,SH.ZB_600096,云天化,化肥行业,1.2895272,-1.9947973
4456,2025-01-27,SH.ZB_600276,恒瑞医药,化学制药,1.2882501,-2.1444721
4457,2025-01-27,SH.ZB_600028,中国石化,石油行业,1.284185,-1.4045013
4458,2025-01-27,SZ.ZB_002370,亚太药业,化学制药,1.2826219,-2.3382664
4459,2025-01-27,SH.ZB_600742,一汽富维,汽车零部件,1.2824088,-1.5390186
4460,2025-01-27,SZ.ZB_002465,海格通信,通信设备,1.2818456,-1.6821826
4461,2025-01-27,SZ.ZB_002003,伟星股份,纺织服装,1.2804776,-2.2059934
4462,2025-01-27,SH.ZB_600780,通宝能源,电力行业,1.2801856,-1.7591074
4463,2025-01-27,SH.ZB_601858,中国科传,文化传媒,1.2800038,-2.066985
4464,2025-01-27,SH.ZB_605288,凯迪股份,专用设备,1.2799293,-1.7338676
4465,2025-01-27,SH.KC_300679,电连技术,消费电子,1.2786613,-2.744958
4466,2025-01-27,SH.ZB_601702,华峰铝业,有色金属,1.2782559,-2.8406794
4467,2025-01-27,SH.KC_301048,金鹰重工,交运设备,1.2778089,-1.6545594
4468,2025-01-27,SH.KC_301028,东亚机械,通用设备,1.2771621,-2.2514913
4469,2025-01-27,SH.KC_300160,秀强股份,家电行业,1.2756362,-1.5634272
4470,2025-01-27,SZ.ZB_000629,钒钛股份,钢铁行业,1.2751818,-1.8435123
4471,2025-01-27,SH.KC_300856,科思股份,美容护理,1.2751162,-1.6282071
4472,2025-01-27,SZ.ZB_000968,蓝焰控股,燃气,1.2749925,-1.656498
4473,2025-01-27,SH.ZB_601158,重庆水务,公用事业,1.2737975,-1.3502113
4474,2025-01-27,SH.ZB_603585,苏利股份,农药兽药,1.2658328,-2.905181
4475,2025-01-27,SZ.ZB_002687,乔治白,纺织服装,1.2627676,-1.8658111
4476,2025-01-27,SH.KC_300765,新诺威,食品饮料,1.2626112,-3.1893275
4477,2025-01-27,SH.ZB_600688,上海石化,石油行业,1.2624741,-1.5212218
4478,2025-01-27,SZ.ZB_000828,东莞控股,铁路公路,1.2618989,-1.6688447
4479,2025-01-27,SH.ZB_605098,行动教育,教育,1.2579203,-1.7901
4480,2025-01-27,SH.ZB_601717,郑煤机,汽车零部件,1.2572616,-1.5111581
4481,2025-01-27,SH.ZB_600483,福能股份,电力行业,1.2562559,-1.6757997
4482,2025-01-27,SH.ZB_605116,奥锐特,化学制药,1.255305,-2.1588297
4483,2025-01-27,SZ.ZB_000919,金陵药业,中药,1.2523637,-1.7223969
4484,2025-01-27,SH.ZB_600704,物产中大,物流行业,1.2515233,-1.6427308
4485,2025-01-27,SH.KC_300002,神州泰岳,游戏,1.251319,-2.9133036
4486,2025-01-27,SZ.ZB_002027,分众传媒,文化传媒,1.2503579,-1.9290794
4487,2025-01-27,SH.KC_688581,安杰思,医疗器械,1.2500137,-2.1434565
4488,2025-01-27,SZ.ZB_000404,长虹华意,家电行业,1.2495697,-1.6977124
4489,2025-01-27,SH.ZB_603896,寿仙谷,中药,1.2487411,-1.5837945
4490,2025-01-27,SH.KC_688611,杭州柯林,电网设备,1.246351,-2.657199
4491,2025-01-27,SZ.ZB_000601,韶能股份,电力行业,1.2456939,-2.5240822
4492,2025-01-27,SZ.ZB_002191,劲嘉股份,包装材料,1.2454436,-1.8630409
4493,2025-01-27,SZ.ZB_000913,钱江摩托,交运设备,1.2422934,-2.826198
4494,2025-01-27,SZ.ZB_002040,南 京 港,航运港口,1.2422488,-1.8642968
4495,2025-01-27,SH.KC_301216,万凯新材,化学制品,1.2419403,-1.2861876
4496,2025-01-27,SZ.ZB_000963,华东医药,化学制药,1.2416289,-2.2946727
4497,2025-01-27,SH.ZB_601800,中国交建,工程建设,1.2382567,-1.5464582
4498,2025-01-27,SH.ZB_601668,中国建筑,工程建设,1.2362063,-1.674098
4499,2025-01-27,SH.ZB_600008,首创环保,公用事业,1.2354805,-1.5423537
4500,2025-01-27,SH.ZB_600740,山西焦化,煤炭行业,1.2352496,-1.8620379
4501,2025-01-27,SH.ZB_603680,今创集团,交运设备,1.2335525,-2.1983416
4502,2025-01-27,SZ.ZB_001326,联域股份,光学光电子,1.2325227,-1.7212198
4503,2025-01-27,SZ.ZB_000550,江铃汽车,汽车整车,1.2305945,-1.7430087
4504,2025-01-27,SH.KC_300597,吉大通信,通信服务,1.2304947,-2.190248
4505,2025-01-27,SH.ZB_600127,金健米业,农牧饲渔,1.2303114,-1.4574946
4506,2025-01-27,SH.KC_300832,新产业,医疗器械,1.2301564,-1.9385787
4507,2025-01-27,SH.ZB_600798,宁波海运,航运港口,1.2299345,-1.7099615
4508,2025-01-27,SH.ZB_601126,四方股份,电网设备,1.2293353,-1.8249717
4509,2025-01-27,SH.KC_688203,海正生材,化纤行业,1.2280896,-1.7864276
4510,2025-01-27,SH.KC_301223,中荣股份,包装材料,1.2272253,-1.9319217
4511,2025-01-23,SH.KC_300065,海兰信,船舶制造,1.2264013,-2.4320467
4512,2025-01-27,SZ.ZB_002266,浙富控股,环保行业,1.2258515,-1.5593381
4513,2025-01-27,SH.ZB_603258,电魂网络,游戏,1.2246281,-2.46769
4514,2025-01-27,SH.ZB_600018,上港集团,航运港口,1.2232497,-1.6289662
4515,2025-01-27,SH.ZB_601801,皖新传媒,文化传媒,1.2230843,-1.9395083
4516,2025-01-27,SH.ZB_603713,密尔克卫,物流行业,1.2221084,-2.1726713
4517,2025-01-27,SZ.ZB_000630,铜陵有色,有色金属,1.2216121,-1.5529873
4518,2025-01-27,SZ.ZB_002226,江南化工,化学制品,1.2202978,-2.3127408
4519,2025-01-27,SH.ZB_603230,内蒙新华,文化传媒,1.2158871,-2.0855608
4520,2025-01-27,SZ.ZB_000792,盐湖股份,化肥行业,1.215832,-1.5569128
4521,2025-01-27,SH.ZB_600332,白云山,中药,1.2120724,-1.4983517
4522,2025-01-27,SZ.ZB_000538,云南白药,中药,1.2117996,-1.6924458
4523,2025-01-27,SZ.ZB_002007,华兰生物,生物制品,1.2110009,-1.586834
4524,2025-01-27,SH.ZB_603182,嘉华股份,农牧饲渔,1.2100667,-2.0779028
4525,2025-01-27,SH.KC_300439,美康生物,医疗器械,1.2086942,-1.7940264
4526,2025-01-27,SH.ZB_601966,玲珑轮胎,橡胶制品,1.2071743,-1.8180006
4527,2025-01-27,SH.KC_301225,恒勃股份,汽车零部件,1.2064769,-1.9031651
4528,2025-01-27,SH.ZB_603987,康德莱,医疗器械,1.2060463,-1.8077725
4529,2025-01-27,SH.ZB_600380,健康元,化学制药,1.2031108,-1.7428778
4530,2025-01-27,SH.ZB_601238,广汽集团,汽车整车,1.2027011,-1.682965
4531,2025-01-27,SZ.ZB_002936,郑州银行,银行,1.2006998,-1.9007137
4532,2025-01-27,SH.ZB_600761,安徽合力,工程机械,1.1993513,-1.6159064
4533,2025-01-27,SH.KC_300774,倍杰特,环保行业,1.1987402,-1.947413
4534,2025-01-27,SH.KC_300144,宋城演艺,旅游酒店,1.19804,-1.7316318
4535,2025-01-27,SH.KC_300396,迪瑞医疗,医疗器械,1.1955903,-1.49605
4536,2025-01-27,SZ.ZB_000983,山西焦煤,煤炭行业,1.1953413,-1.3499361
4537,2025-01-27,SH.ZB_603328,依顿电子,电子元件,1.1951818,-2.185059
4538,2025-01-27,SH.ZB_601022,宁波远洋,航运港口,1.195088,-1.6957814
4539,2025-01-27,SH.ZB_603788,宁波高发,汽车零部件,1.193443,-1.8157164
4540,2025-01-27,SH.ZB_600873,梅花生物,化学制品,1.1920631,-1.7971963
4541,2025-01-27,SH.ZB_600500,中化国际,化学制品,1.1887834,-1.279525
4542,2025-01-27,SH.ZB_600546,山煤国际,煤炭行业,1.1865602,-1.5481895
4543,2025-01-27,SH.ZB_600057,厦门象屿,物流行业,1.1861056,-1.8740684
4544,2025-01-27,SZ.ZB_002841,视源股份,消费电子,1.1847377,-1.671315
4545,2025-01-27,SZ.ZB_002624,完美世界,游戏,1.180862,-2.3036551
4546,2025-01-27,SH.ZB_601789,宁波建工,工程建设,1.1770278,-1.5224373
4547,2025-01-27,SH.ZB_600251,冠农股份,农牧饲渔,1.1759132,-1.3802878
4548,2025-01-27,SH.ZB_603216,梦天家居,装修装饰,1.1740878,-1.8728148
4549,2025-01-27,SZ.ZB_002774,快意电梯,专用设备,1.1717826,-1.8532999
4550,2025-01-27,SZ.ZB_002616,长青集团,电力行业,1.1716471,-2.2666776
4551,2025-01-27,SH.ZB_603392,万泰生物,生物制品,1.1703044,-1.6188488
4552,2025-01-27,SZ.ZB_000531,穗恒运Ａ,电力行业,1.170008,-2.019506
4553,2025-01-27,SZ.ZB_000998,隆平高科,农牧饲渔,1.1695683,-1.4000775
4554,2025-01-27,SZ.ZB_002399,海普瑞,化学制药,1.1682093,-1.6203467
4555,2025-01-27,SH.ZB_605090,九丰能源,燃气,1.1679173,-1.9920458
4556,2025-01-27,SH.ZB_600315,上海家化,美容护理,1.1606858,-0.45747012
4557,2025-01-27,SH.KC_301042,安联锐视,计算机设备,1.1594981,-1.7630715
4558,2025-01-27,SH.ZB_603970,中农立华,农药兽药,1.1554852,-1.5195215
4559,2025-01-27,SH.KC_688235,百济神州-U,生物制品,1.1552781,-3.0103345
4560,2025-01-27,SZ.ZB_002274,华昌化工,化肥行业,1.1540308,-2.4793036
4561,2025-01-27,SH.ZB_600168,武汉控股,公用事业,1.1521206,-1.4392327
4562,2025-01-27,SH.KC_688075,安旭生物,医疗器械,1.1515214,-1.9465218
4563,2025-01-27,SH.ZB_601117,中国化学,工程建设,1.1504366,-1.5432416
4564,2025-01-27,SH.ZB_603325,博隆技术,通用设备,1.1500702,-1.9047532
4565,2025-01-27,SH.KC_301047,义翘神州,生物制品,1.1476368,-1.65907
4566,2025-01-27,SH.ZB_600916,中国黄金,珠宝首饰,1.146172,-1.8013932
4567,2025-01-27,SH.ZB_603067,振华股份,化学原料,1.1442528,-2.438893
4568,2025-01-27,SZ.ZB_000899,赣能股份,电力行业,1.1437759,-1.7605093
4569,2025-01-27,SH.ZB_601678,滨化股份,化学原料,1.1422575,-1.932339
4570,2025-01-27,SH.ZB_603017,中衡设计,工程咨询服务,1.1404321,-1.9159731
4571,2025-01-27,SH.ZB_600741,华域汽车,汽车零部件,1.1371062,-1.4218588
4572,2025-01-27,SZ.ZB_002382,蓝帆医疗,医疗器械,1.1363953,-1.3408813
4573,2025-01-27,SH.KC_688570,天玛智控,软件开发,1.1345774,-2.1088672
4574,2025-01-27,SH.ZB_600511,国药股份,医药商业,1.1331811,-2.078445
4575,2025-01-27,SH.KC_301382,蜂助手,互联网服务,1.1304557,-3.3344333
4576,2025-01-27,SZ.ZB_000060,中金岭南,有色金属,1.1301041,-1.6444865
4577,2025-01-27,SH.ZB_600125,铁龙物流,物流行业,1.1269674,-1.7070521
4578,2025-01-27,SZ.ZB_002048,宁波华翔,汽车零部件,1.1257126,-1.4975897
4579,2025-01-27,SZ.ZB_002236,大华股份,计算机设备,1.1246413,-1.59943
4580,2025-01-27,SZ.ZB_002601,龙佰集团,化学原料,1.1236534,-1.7540576
4581,2025-01-27,SH.ZB_603730,岱美股份,汽车零部件,1.1227474,-1.6903821
4582,2025-01-27,SH.KC_301185,鸥玛软件,软件开发,1.1209891,-2.3620074
4583,2025-01-27,SH.ZB_600425,青松建化,水泥建材,1.116699,-1.5787812
4584,2025-01-27,SH.KC_301300,远翔新材,化学制品,1.1153803,-2.521229
4585,2025-01-27,SH.KC_301283,聚胶股份,化学制品,1.1142552,-2.0236702
4586,2025-01-27,SH.ZB_600032,浙江新能,电力行业,1.1128201,-1.5696708
4587,2025-01-27,SH.KC_688571,杭华股份,化学制品,1.1121438,-3.040454
4588,2025-01-27,SH.ZB_605500,森林包装,造纸印刷,1.112017,-1.7068479
4589,2025-01-27,SH.ZB_600754,锦江酒店,旅游酒店,1.111655,-2.0436594
4590,2025-01-27,SH.ZB_603706,东方环宇,燃气,1.1106282,-1.9177798
4591,2025-01-27,SZ.ZB_002392,北京利尔,装修建材,1.110579,-2.208074
4592,2025-01-27,SH.ZB_603689,皖天然气,燃气,1.1095836,-1.7071407
4593,2025-01-27,SH.ZB_600535,天士力,中药,1.1092856,-1.8672235
4594,2025-01-27,SH.ZB_600195,中牧股份,农药兽药,1.1082993,-1.4857584
4595,2025-01-27,SH.KC_300009,安科生物,生物制品,1.1071265,-1.5940634
4596,2025-01-27,SH.ZB_600995,南网储能,电力行业,1.106751,-1.7271751
4597,2025-01-27,SZ.ZB_002958,青农商行,银行,1.1066363,-1.79643
4598,2025-01-27,SZ.ZB_003020,立方制药,化学制药,1.1066332,-1.984923
4599,2025-01-27,SZ.ZB_002567,唐人神,农牧饲渔,1.1059656,-1.3092282
4600,2025-01-27,SH.KC_300628,亿联网络,通信设备,1.1033967,-2.029952
4601,2025-01-27,SZ.ZB_002880,卫光生物,生物制品,1.1033132,-1.7953035
4602,2025-01-27,SH.ZB_603103,横店影视,文化传媒,1.1024565,-3.4288
4603,2025-01-27,SZ.ZB_002508,老板电器,家电行业,1.0999129,-1.4472213
4604,2025-01-27,SH.ZB_600284,浦东建设,工程建设,1.0990217,-1.6488317
4605,2025-01-27,SZ.ZB_002588,史丹利,化肥行业,1.0986179,-1.6885219
4606,2025-01-27,SZ.ZB_002532,天山铝业,有色金属,1.0978029,-2.4061823
4607,2025-01-27,SZ.ZB_002745,木林森,光学光电子,1.0968223,-1.5222636
4608,2025-01-27,SH.KC_300950,德固特,专用设备,1.0922298,-2.1552336
4609,2025-01-27,SH.ZB_603041,美思德,化学制品,1.091291,-2.287449
4610,2025-01-27,SZ.ZB_000582,北部湾港,航运港口,1.0903627,-2.1748946
4611,2025-01-27,SH.KC_300482,万孚生物,医疗器械,1.0902152,-1.6943253
4612,2025-01-27,SH.ZB_601128,常熟银行,银行,1.0887623,-1.84871
4613,2025-01-27,SH.ZB_600312,平高电气,电网设备,1.0880246,-1.6038064
4614,2025-01-27,SZ.ZB_002540,亚太科技,有色金属,1.0873959,-1.6443197
4615,2025-01-27,SH.ZB_601186,中国铁建,工程建设,1.0868818,-1.6643472
4616,2025-01-27,SZ.ZB_002807,江阴银行,银行,1.085706,-1.9797126
4617,2025-01-27,SZ.ZB_000551,创元科技,环保行业,1.0845959,-1.9051578
4618,2025-01-27,SH.ZB_600908,无锡银行,银行,1.0839701,-1.8077579
4619,2025-01-27,SH.ZB_603737,三棵树,装修建材,1.082392,-2.9039729
4620,2025-01-27,SZ.ZB_002422,科伦药业,化学制药,1.0778397,-1.8163402
4621,2025-01-27,SH.ZB_601860,紫金银行,银行,1.077105,-1.9344313
4622,2025-01-27,SZ.ZB_000930,中粮科技,农牧饲渔,1.0760903,-1.6993496
4623,2025-01-27,SH.ZB_600587,新华医疗,医疗器械,1.0754659,-1.6034514
4624,2025-01-27,SZ.ZB_001203,大中矿业,钢铁行业,1.0720611,-1.9861162
4625,2025-01-27,SH.ZB_600138,中青旅,旅游酒店,1.0691285,-2.059593
4626,2025-01-27,SZ.ZB_002609,捷顺科技,互联网服务,1.0660976,-1.9414414
4627,2025-01-27,SZ.ZB_002940,昂利康,化学制药,1.0637,-1.6567564
4628,2025-01-27,SZ.ZB_000999,华润三九,中药,1.0628238,-1.7940316
4629,2025-01-27,SH.KC_300532,今天国际,互联网服务,1.0608032,-2.2848997
4630,2025-01-27,SZ.ZB_000800,一汽解放,汽车整车,1.0602906,-1.4266751
4631,2025-01-27,SH.KC_301263,泰恩康,医药商业,1.0578349,-2.6445978
4632,2025-01-27,SH.ZB_600971,恒源煤电,煤炭行业,1.0571136,-1.7675512
4633,2025-01-27,SH.ZB_601212,白银有色,有色金属,1.0534316,-1.4708104
4634,2025-01-27,SZ.ZB_001338,永顺泰,农牧饲渔,1.0487616,-1.9595824
4635,2025-01-27,SH.KC_301395,仁信新材,化学原料,1.0487571,-1.9398377
4636,2025-01-27,SH.ZB_603707,健友股份,化学制药,1.0458052,-2.950298
4637,2025-01-27,SH.ZB_601390,中国中铁,工程建设,1.0454655,-1.5584145
4638,2025-01-27,SH.ZB_603132,金徽股份,有色金属,1.0438979,-1.8126243
4639,2025-01-27,SH.KC_688334,西高院,专业服务,1.043664,-1.6783189
4640,2025-01-27,SH.ZB_605368,蓝天燃气,燃气,1.0428503,-1.5296824
4641,2025-01-27,SH.ZB_600633,浙数文化,游戏,1.0355308,-1.9505252
4642,2025-01-27,SH.ZB_600026,中远海能,航运港口,1.0318921,-1.3081001
4643,2025-01-27,SZ.ZB_002034,旺能环境,环保行业,1.0313048,-1.6827457
4644,2025-01-27,SZ.ZB_002901,大博医疗,医疗器械,1.0309964,-2.8221223
4645,2025-01-27,SH.KC_688508,芯朋微,半导体,1.0309398,-2.8237517
4646,2025-01-27,SH.ZB_603008,喜临门,装修建材,1.0291562,-2.126205
4647,2025-01-27,SZ.ZB_002304,洋河股份,酿酒行业,1.0262012,-1.5025923
4648,2025-01-27,SH.KC_688819,天能股份,电池,1.0250733,-1.5821673
4649,2025-01-27,SH.ZB_600970,中材国际,工程建设,1.024577,-1.7613218
4650,2025-01-27,SH.ZB_601999,出版传媒,文化传媒,1.0198712,-2.3620346
4651,2025-01-27,SZ.ZB_000758,中色股份,有色金属,1.0197729,-1.9410106
4652,2025-01-27,SZ.ZB_002746,仙坛股份,农牧饲渔,1.019311,-1.6988893
4653,2025-01-27,SH.ZB_603886,元祖股份,食品饮料,1.0185943,-1.5469037
4654,2025-01-27,SH.ZB_600623,华谊集团,化学原料,1.0182514,-1.5692506
4655,2025-01-27,SH.ZB_603368,柳药集团,医药商业,1.0152847,-1.7207798
4656,2025-01-27,SZ.ZB_002533,金杯电工,电网设备,1.0152445,-1.531344
4657,2025-01-27,SH.ZB_603693,江苏新能,电力行业,1.0136709,-2.007173
4658,2025-01-27,SH.KC_301339,通行宝,软件开发,1.0078728,-2.3085105
4659,2025-01-27,SH.ZB_600925,苏能股份,煤炭行业,1.0073543,-1.6460373
4660,2025-01-27,SH.ZB_601958,金钼股份,小金属,1.0071084,-1.4845629
4661,2025-01-27,SZ.ZB_002463,沪电股份,电子元件,1.0051503,-2.2056112
4662,2025-01-27,SH.ZB_600985,淮北矿业,煤炭行业,1.0046377,-1.9367383
4663,2025-01-27,SZ.ZB_002738,中矿资源,能源金属,1.0040194,-2.20015
4664,2025-01-27,SH.ZB_601677,明泰铝业,有色金属,1.003781,-1.8354725
4665,2025-01-27,SH.ZB_601989,中国重工,船舶制造,1.00189,-1.7984729
4666,2025-01-23,SH.KC_688720,艾森股份,半导体,0.9997174,-1.7925137
4667,2025-01-27,SZ.ZB_002296,辉煌科技,通信设备,0.998728,-3.1007218
4668,2025-01-27,SH.ZB_600050,中国联通,通信服务,0.99116564,-1.5376382
4669,2025-01-27,SH.KC_688767,博拓生物,医疗器械,0.9896755,-3.0514991
4670,2025-01-27,SH.KC_688526,科前生物,农药兽药,0.98645985,-2.072672
4671,2025-01-27,SH.ZB_600718,东软集团,互联网服务,0.9861931,-2.0303948
4672,2025-01-27,SH.ZB_600874,创业环保,环保行业,0.98065585,-1.5383861
4673,2025-01-27,SZ.ZB_001299,美能能源,燃气,0.9803042,-1.6080956
4674,2025-01-27,SH.ZB_603839,安正时尚,纺织服装,0.9736702,-1.4557091
4675,2025-01-27,SZ.ZB_002788,鹭燕医药,医药商业,0.9716749,-1.7837113
4676,2025-01-27,SH.ZB_603231,索宝蛋白,农牧饲渔,0.9708598,-1.7694212
4677,2025-01-27,SZ.ZB_002489,浙江永强,家用轻工,0.9693578,-2.2052455
4678,2025-01-27,SZ.ZB_002237,恒邦股份,贵金属,0.9684071,-1.869599
4679,2025-01-27,SH.KC_300702,天宇股份,化学制药,0.96808225,-2.4999948
4680,2025-01-27,SH.KC_300502,新易盛,通信设备,0.967969,-2.4468877
4681,2025-01-27,SH.ZB_603966,法兰泰克,专用设备,0.9655386,-1.6548462
4682,2025-01-27,SZ.ZB_002732,燕塘乳业,食品饮料,0.9642899,-1.4140078
4683,2025-01-27,SZ.ZB_001387,雪祺电气,家电行业,0.9621814,-1.4717224
4684,2025-01-27,SH.ZB_600033,福建高速,铁路公路,0.9610057,-1.6649574
4685,2025-01-27,SH.ZB_601168,西部矿业,有色金属,0.95974654,-1.7764919
4686,2025-01-27,SH.ZB_600232,金鹰股份,纺织服装,0.9594768,-1.8946502
4687,2025-01-27,SH.KC_688278,特宝生物,生物制品,0.95883906,-2.7937577
4688,2025-01-27,SZ.ZB_002401,中远海科,互联网服务,0.95766187,-1.8679831
4689,2025-01-27,SH.ZB_601077,渝农商行,银行,0.95630586,-2.348291
4690,2025-01-27,SH.ZB_600009,上海机场,航空机场,0.95392615,-1.526671
4691,2025-01-27,SH.ZB_600644,乐山电力,电力行业,0.95383376,-1.9888833
4692,2025-01-27,SH.ZB_600801,华新水泥,水泥建材,0.95318705,-1.8466301
4693,2025-01-27,SH.ZB_600582,天地科技,专用设备,0.9518519,-1.3862929
4694,2025-01-27,SH.KC_300001,特锐德,电网设备,0.9490326,-2.2336102
4695,2025-01-27,SZ.ZB_000539,粤电力Ａ,电力行业,0.94682425,-1.4918398
4696,2025-01-27,SH.ZB_600283,钱江水利,公用事业,0.94296485,-1.5030893
4697,2025-01-27,SH.ZB_600997,开滦股份,煤炭行业,0.94188005,-1.8475477
4698,2025-01-27,SH.ZB_600919,江苏银行,银行,0.94138086,-2.0251417
4699,2025-01-27,SZ.ZB_002455,百川股份,化学制品,0.9413034,-1.7821752
4700,2025-01-27,SH.ZB_600817,宇通重工,工程机械,0.9408653,-1.3042516
4701,2025-01-27,SH.ZB_601595,上海电影,文化传媒,0.9405121,-2.383695
4702,2025-01-27,SH.KC_301148,嘉戎技术,环保行业,0.9375289,-2.0507689
4703,2025-01-27,SZ.ZB_002773,康弘药业,化学制药,0.93738884,-1.8195239
4704,2025-01-27,SZ.ZB_000672,上峰水泥,水泥建材,0.93678087,-1.6898468
4705,2025-01-27,SH.ZB_605008,长鸿高科,塑料制品,0.9364158,-1.3780805
4706,2025-01-27,SH.ZB_603508,思维列控,软件开发,0.9352073,-2.4762666
4707,2025-01-27,SZ.ZB_002978,安宁股份,有色金属,0.9351313,-2.1593645
4708,2025-01-27,SZ.ZB_002327,富安娜,纺织服装,0.9345144,-1.7096668
4709,2025-01-27,SH.KC_301196,唯科科技,塑料制品,0.93345195,-2.4532943
4710,2025-01-27,SH.ZB_600196,复星医药,化学制药,0.93188286,-1.6350356
4711,2025-01-27,SH.KC_300452,山河药辅,化学制药,0.93037486,-1.7965268
4712,2025-01-27,SH.KC_300012,华测检测,专业服务,0.9302214,-1.9168814
4713,2025-01-27,SH.ZB_601689,拓普集团,汽车零部件,0.93016624,-4.287312
4714,2025-01-27,SZ.ZB_000719,中原传媒,文化传媒,0.92921555,-2.019824
4715,2025-01-27,SH.ZB_603056,德邦股份,物流行业,0.9241834,-1.7820233
4716,2025-01-27,SZ.ZB_002986,宇新股份,化学制品,0.92344284,-1.7924964
4717,2025-01-27,SZ.ZB_002839,张家港行,银行,0.92267543,-1.8220464
4718,2025-01-27,SH.ZB_603999,读者传媒,文化传媒,0.92191845,-2.255927
4719,2025-01-27,SH.KC_301081,严牌股份,环保行业,0.91962665,-2.3522594
4720,2025-01-27,SH.ZB_601328,交通银行,银行,0.9190604,-1.8284917
4721,2025-01-27,SH.ZB_603306,华懋科技,汽车零部件,0.91771483,-3.059709
4722,2025-01-27,SZ.ZB_002063,远光软件,软件开发,0.91763884,-2.0899627
4723,2025-01-27,SZ.ZB_002287,奇正藏药,中药,0.91603845,-1.8498193
4724,2025-01-27,SH.ZB_600004,白云机场,航空机场,0.9157479,-1.710487
4725,2025-01-27,SZ.ZB_000027,深圳能源,电力行业,0.915429,-1.5609761
4726,2025-01-27,SH.KC_300251,光线传媒,文化传媒,0.91328025,-2.514983
4727,2025-01-27,SH.ZB_601311,骆驼股份,电池,0.9130046,-1.6703593
4728,2025-01-27,SZ.ZB_000912,泸天化,化肥行业,0.9123042,-1.8199993
4729,2025-01-27,SH.ZB_600031,三一重工,工程机械,0.9107277,-1.8250823
4730,2025-01-27,SZ.ZB_002714,牧原股份,农牧饲渔,0.9107128,-1.7426904
4731,2025-01-27,SH.ZB_601061,中信金属,贸易行业,0.9103641,-1.4993137
4732,2025-01-27,SZ.ZB_001213,中铁特货,物流行业,0.90833455,-1.6730626
4733,2025-01-27,SZ.ZB_002430,杭氧股份,专用设备,0.906682,-1.3371735
4734,2025-01-27,SZ.ZB_000409,云鼎科技,互联网服务,0.9059146,-3.1407495
4735,2025-01-27,SZ.ZB_002705,新宝股份,家电行业,0.9045735,-1.6590044
4736,2025-01-27,SZ.ZB_001368,通达创智,塑料制品,0.90378225,-1.6883698
4737,2025-01-27,SH.ZB_600720,中交设计,工程咨询服务,0.89901984,-1.5793927
4738,2025-01-27,SH.KC_301301,川宁生物,生物制品,0.8982077,-1.9336783
4739,2025-01-27,SH.ZB_600757,长江传媒,文化传媒,0.8961454,-2.3746126
4740,2025-01-27,SH.ZB_601952,苏垦农发,农牧饲渔,0.8945331,-1.8351138
4741,2025-01-23,SH.KC_300069,金利华电,电网设备,0.89298934,-2.0921223
4742,2025-01-27,SZ.ZB_000869,张  裕Ａ,酿酒行业,0.89285225,-1.5496061
4743,2025-01-27,SZ.ZB_001218,丽臣实业,化学制品,0.89280754,-1.8590828
4744,2025-01-27,SZ.ZB_002030,达安基因,医疗器械,0.8890927,-1.0893234
4745,2025-01-27,SZ.ZB_000155,川能动力,电力行业,0.8874357,-1.541014
4746,2025-01-27,SH.ZB_603811,诚意药业,化学制药,0.88715553,-1.808751
4747,2025-01-27,SZ.ZB_000726,鲁  泰Ａ,纺织服装,0.8868262,-1.6627196
4748,2025-01-27,SH.KC_301126,达嘉维康,医药商业,0.88467747,-1.9679378
4749,2025-01-27,SH.KC_688658,悦康药业,化学制药,0.88439584,-1.4210371
4750,2025-01-27,SH.KC_300851,交大思诺,交运设备,0.8814454,-1.502422
4751,2025-01-27,SH.ZB_600161,天坛生物,生物制品,0.880903,-2.789995
4752,2025-01-27,SH.ZB_600469,风神股份,橡胶制品,0.88039637,-1.6150422
4753,2025-01-27,SH.ZB_600361,创新新材,有色金属,0.87762177,-1.5818003
4754,2025-01-27,SZ.ZB_002033,丽江股份,旅游酒店,0.87331384,-1.6252801
4755,2025-01-27,SH.ZB_600016,民生银行,银行,0.8701399,-1.9646198
4756,2025-01-27,SZ.ZB_002555,三七互娱,游戏,0.86835325,-1.7431508
4757,2025-01-27,SZ.ZB_002967,广电计量,专业服务,0.8682355,-2.655525
4758,2025-01-27,SH.ZB_603948,建业股份,化学制品,0.8677766,-1.7711442
4759,2025-01-27,SH.ZB_601033,永兴股份,环保行业,0.8662686,-1.4884754
4760,2025-01-27,SH.ZB_601609,金田股份,有色金属,0.8651763,-1.8518707
4761,2025-01-27,SH.ZB_600323,瀚蓝环境,环保行业,0.86233616,-1.8312414
4762,2025-01-27,SZ.ZB_002091,江苏国泰,贸易行业,0.85725486,-1.4064262
4763,2025-01-27,SH.ZB_603829,洛凯股份,电网设备,0.85470676,-1.659086
4764,2025-01-27,SH.KC_301588,美新科技,家用轻工,0.85360557,-1.7948575
4765,2025-01-27,SH.ZB_603587,地素时尚,纺织服装,0.8526057,-1.5888045
4766,2025-01-27,SH.ZB_600965,福成股份,农牧饲渔,0.85191727,-1.5972648
4767,2025-01-27,SH.ZB_600597,光明乳业,食品饮料,0.85041225,-1.332081
4768,2025-01-27,SH.ZB_601877,正泰电器,电网设备,0.85033625,-1.632762
4769,2025-01-27,SZ.ZB_000990,诚志股份,化学原料,0.84928274,-1.6377857
4770,2025-01-27,SZ.ZB_002242,九阳股份,家电行业,0.84878504,-1.4806187
4771,2025-01-27,SZ.ZB_000422,湖北宜化,化学原料,0.8485764,-1.5280662
4772,2025-01-27,SZ.ZB_000030,富奥股份,汽车零部件,0.8476436,-1.5309101
4773,2025-01-27,SZ.ZB_002393,力生制药,化学制药,0.84703565,-1.7373774
4774,2025-01-27,SH.ZB_601083,锦江航运,航运港口,0.8395791,-1.8390855
4775,2025-01-27,SH.ZB_601919,中远海控,航运港口,0.83868057,-1.6574922
4776,2025-01-27,SH.ZB_603233,大参林,医药商业,0.83453953,-1.589315
4777,2025-01-27,SH.ZB_603187,海容冷链,通用设备,0.83324164,-1.2854447
4778,2025-01-27,SZ.ZB_000157,中联重科,工程机械,0.8271888,-1.4806445
4779,2025-01-27,SH.KC_301003,江苏博云,塑料制品,0.82687885,-1.9205997
4780,2025-01-27,SZ.ZB_000923,河钢资源,钢铁行业,0.8245513,-1.8941061
4781,2025-01-27,SH.ZB_603367,辰欣药业,化学制药,0.8235872,-1.7271651
4782,2025-01-27,SH.ZB_600988,赤峰黄金,贵金属,0.82273483,-2.5049553
4783,2025-01-27,SH.ZB_601009,南京银行,银行,0.821802,-1.8151011
4784,2025-01-27,SH.ZB_600422,昆药集团,中药,0.8216247,-2.0656028
4785,2025-01-27,SZ.ZB_002252,上海莱士,生物制品,0.81944615,-1.7420545
4786,2025-01-27,SZ.ZB_002028,思源电气,电网设备,0.8128926,-2.774486
4787,2025-01-27,SH.ZB_601658,邮储银行,银行,0.81280917,-2.0486872
4788,2025-01-27,SH.ZB_600023,浙能电力,电力行业,0.81238896,-1.6227915
4789,2025-01-27,SH.ZB_601669,中国电建,工程建设,0.80928355,-1.4904608
4790,2025-01-27,SH.ZB_600905,三峡能源,电力行业,0.8082256,-1.5438186
4791,2025-01-27,SH.ZB_601916,浙商银行,银行,0.80742985,-1.8222406
4792,2025-01-27,SZ.ZB_000950,重药控股,医药商业,0.8050665,-1.6172539
4793,2025-01-27,SH.ZB_603556,海兴电力,电网设备,0.80112517,-2.2046633
4794,2025-01-27,SH.ZB_600850,电科数字,互联网服务,0.7997066,-2.4103117
4795,2025-01-27,SZ.ZB_000875,吉电股份,电力行业,0.7976249,-1.6459343
4796,2025-01-27,SH.KC_688317,之江生物,医疗器械,0.79701394,-1.5797532
4797,2025-01-27,SH.KC_301080,百普赛斯,医疗服务,0.79087913,-2.6880832
4798,2025-01-27,SZ.ZB_001872,招商港口,航运港口,0.7902056,-1.8038347
4799,2025-01-27,SH.KC_301287,康力源,家用轻工,0.7885307,-1.7584685
4800,2025-01-27,SZ.ZB_000878,云南铜业,有色金属,0.783813,-1.561605
4801,2025-01-27,SH.ZB_600482,中国动力,船舶制造,0.7833451,-2.235962
4802,2025-01-27,SH.ZB_600389,江山股份,农药兽药,0.7798165,-1.9709806
4803,2025-01-27,SH.ZB_603323,苏农银行,银行,0.7792279,-2.1438441
4804,2025-01-27,SH.ZB_603766,隆鑫通用,交运设备,0.77818185,-3.0265965
4805,2025-01-27,SH.KC_688291,金橙子,软件开发,0.773713,-2.6293318
4806,2025-01-27,SZ.ZB_002381,双箭股份,橡胶制品,0.7677227,-1.7104603
4807,2025-01-27,SH.KC_300558,贝达药业,化学制药,0.7666409,-2.6514046
4808,2025-01-27,SH.ZB_600598,北大荒,农牧饲渔,0.7664159,-1.836223
4809,2025-01-27,SH.ZB_600305,恒顺醋业,食品饮料,0.766328,-1.2598546
4810,2025-01-27,SZ.ZB_002345,潮宏基,珠宝首饰,0.7660955,-1.6989787
4811,2025-01-27,SH.KC_301195,北路智控,软件开发,0.7587537,-2.1815648
4812,2025-01-27,SH.ZB_600348,华阳股份,煤炭行业,0.7580653,-1.6223162
4813,2025-01-27,SH.ZB_603899,晨光股份,家用轻工,0.7561773,-1.4774845
4814,2025-01-27,SH.ZB_601868,中国能建,工程建设,0.75448304,-1.8086917
4815,2025-01-27,SH.ZB_600022,山东钢铁,钢铁行业,0.7525623,-1.919249
4816,2025-01-27,SZ.ZB_000709,河钢股份,钢铁行业,0.750792,-1.8197123
4817,2025-01-27,SZ.ZB_002484,江海股份,电子元件,0.7491097,-3.3460937
4818,2025-01-27,SZ.ZB_002771,真视通,互联网服务,0.74775964,-3.259413
4819,2025-01-27,SH.ZB_601939,建设银行,银行,0.7408038,-1.9469573
4820,2025-01-27,SZ.ZB_002116,中国海诚,工程咨询服务,0.73648095,-1.7761382
4821,2025-01-27,SH.ZB_600229,城市传媒,文化传媒,0.7323623,-1.7988917
4822,2025-01-27,SH.KC_300440,运达科技,互联网服务,0.731422,-2.728898
4823,2025-01-27,SH.ZB_601222,林洋能源,仪器仪表,0.7306501,-1.6363171
4824,2025-01-27,SH.ZB_603136,天目湖,旅游酒店,0.72912574,-1.7542763
4825,2025-01-27,SZ.ZB_003007,直真科技,软件开发,0.72176605,-2.507429
4826,2025-01-27,SZ.ZB_000877,天山股份,水泥建材,0.70575625,-1.80938
4827,2025-01-27,SH.ZB_603357,设计总院,工程咨询服务,0.69663227,-1.5503991
4828,2025-01-27,SH.ZB_601997,贵阳银行,银行,0.68638027,-1.6127026
4829,2025-01-27,SZ.ZB_002275,桂林三金,中药,0.685519,-1.403453
4830,2025-01-27,SZ.ZB_000685,中山公用,公用事业,0.6842345,-1.7030284
4831,2025-01-27,SH.ZB_600528,中铁工业,交运设备,0.67810714,-1.6828597
4832,2025-01-27,SZ.ZB_000690,宝新能源,电力行业,0.67736804,-1.7169095
4833,2025-01-27,SH.ZB_600428,中远海特,航运港口,0.67031085,-1.6261892
4834,2025-01-27,SZ.ZB_002558,巨人网络,游戏,0.6689623,-2.7089596
4835,2025-01-27,SH.ZB_605488,福莱新材,塑料制品,0.66717863,-8.100044
4836,2025-01-27,SH.ZB_600056,中国医药,医药商业,0.6646842,-1.4526091
4837,2025-01-27,SZ.ZB_002415,海康威视,计算机设备,0.6584197,-1.8133273
4838,2025-01-27,SZ.ZB_002404,嘉欣丝绸,纺织服装,0.6582305,-1.6740044
4839,2025-01-27,SH.ZB_600596,新安股份,农药兽药,0.6550759,-1.157921
4840,2025-01-27,SH.ZB_600351,亚宝药业,中药,0.64974576,-1.6190621
4841,2025-01-27,SH.ZB_603035,常熟汽饰,汽车零部件,0.64599663,-1.6540965
4842,2025-01-27,SH.KC_688279,峰岹科技,半导体,0.64478815,-4.409079
4843,2025-01-27,SH.ZB_600955,维远股份,化学原料,0.64299107,-1.5223812
4844,2025-01-27,SH.KC_300498,温氏股份,农牧饲渔,0.6355494,-1.514819
4845,2025-01-27,SZ.ZB_002001,新 和 成,化学制药,0.6298393,-2.296952
4846,2025-01-27,SZ.ZB_002268,电科网安,软件开发,0.62941164,-2.3826187
4847,2025-01-27,SH.KC_301262,海看股份,文化传媒,0.62702,-2.3078837
4848,2025-01-27,SH.ZB_600060,海信视像,家电行业,0.6256148,-2.7580247
4849,2025-01-27,SH.ZB_601607,上海医药,医药商业,0.62261224,-1.8454669
4850,2025-01-27,SH.ZB_603228,景旺电子,电子元件,0.61722547,-3.0730257
4851,2025-01-27,SZ.ZB_000589,贵州轮胎,橡胶制品,0.6153494,-1.4160315
4852,2025-01-27,SH.ZB_600502,安徽建工,工程建设,0.61450154,-1.5535005
4853,2025-01-27,SH.ZB_603566,普莱柯,农药兽药,0.6128341,-1.7264168
4854,2025-01-27,SH.ZB_603073,彩蝶实业,纺织服装,0.6112218,-2.1994343
4855,2025-01-27,SH.ZB_600420,国药现代,化学制药,0.60409904,-1.7834153
4856,2025-01-27,SH.ZB_603444,吉比特,游戏,0.5985141,-1.5991747
4857,2025-01-27,SH.KC_301520,万邦医药,医疗服务,0.5984679,-1.7760774
4858,2025-01-27,SH.ZB_601636,旗滨集团,玻璃玻纤,0.59571266,-1.587535
4859,2025-01-27,SH.KC_300695,兆丰股份,汽车零部件,0.5879,-2.3616822
4860,2025-01-27,SH.ZB_601666,平煤股份,煤炭行业,0.57926774,-1.609743
4861,2025-01-27,SH.KC_300984,金沃股份,通用设备,0.5743921,-5.7195387
4862,2025-01-27,SH.KC_300476,胜宏科技,电子元件,0.57248324,-3.5876102
4863,2025-01-27,SH.KC_688057,金达莱,环保行业,0.567995,-1.4057095
4864,2025-01-27,SZ.ZB_002233,塔牌集团,水泥建材,0.5669221,-1.8479469
4865,2025-01-27,SZ.ZB_002538,司尔特,化肥行业,0.5633369,-1.9136055
4866,2025-01-27,SH.ZB_603165,荣晟环保,造纸印刷,0.5632639,-2.029672
4867,2025-01-27,SH.ZB_600929,雪天盐业,化学原料,0.5591616,-1.5075353
4868,2025-01-27,SZ.ZB_002545,东方铁塔,化肥行业,0.5573407,-1.8613319
4869,2025-01-27,SZ.ZB_002372,伟星新材,装修建材,0.55178404,-1.4911807
4870,2025-01-27,SH.ZB_603568,伟明环保,环保行业,0.5473107,-1.616006
4871,2025-01-27,SH.KC_300172,中电环保,环保行业,0.5464539,-1.6847998
4872,2025-01-27,SH.ZB_600755,厦门国贸,贸易行业,0.53681284,-1.5680873
4873,2025-01-27,SH.ZB_601928,凤凰传媒,文化传媒,0.5360022,-2.1383595
4874,2025-01-27,SZ.ZB_000959,首钢股份,钢铁行业,0.5284652,-1.7343113
4875,2025-01-27,SH.ZB_601166,兴业银行,银行,0.5266458,-2.0019186
4876,2025-01-27,SZ.ZB_002299,圣农发展,农牧饲渔,0.5202308,-1.4979043
4877,2025-01-27,SZ.ZB_000544,中原环保,公用事业,0.51918924,-1.4960537
4878,2025-01-27,SH.ZB_600271,航天信息,互联网服务,0.5183369,-1.6590841
4879,2025-01-27,SH.ZB_601818,光大银行,银行,0.5126342,-2.5250158
4880,2025-01-27,SH.ZB_603661,恒林股份,装修建材,0.50661117,-1.5233544
4881,2025-01-27,SH.ZB_603393,新天然气,燃气,0.4973486,-2.408155
4882,2025-01-27,SH.ZB_600036,招商银行,银行,0.49553216,-1.750807
4883,2025-01-27,SH.ZB_600508,上海能源,煤炭行业,0.49482435,-1.6566228
4884,2025-01-27,SH.KC_688677,海泰新光,医疗器械,0.49052387,-3.53649
4885,2025-01-27,SH.ZB_600098,广州发展,电力行业,0.46852082,-1.64537
4886,2025-01-27,SH.KC_300454,深信服,软件开发,0.46067983,-2.7157354
4887,2025-01-27,SH.ZB_601568,北元集团,化学原料,0.45259595,-1.3537214
4888,2025-01-27,SH.ZB_600531,豫光金铅,有色金属,0.44754297,-1.6597741
4889,2025-01-27,SH.ZB_600273,嘉化能源,化学制品,0.44531375,-1.5927104
4890,2025-01-27,SZ.ZB_002206,海 利 得,化纤行业,0.44246167,-1.5588686
4891,2025-01-27,SH.KC_688160,步科股份,专用设备,0.4417181,-5.3689084
4892,2025-01-27,SH.ZB_600158,中体产业,文化传媒,0.43901652,-1.6918864
4893,2025-01-27,SH.KC_688029,南微医学,医疗器械,0.42387396,-1.8792841
4894,2025-01-27,SH.ZB_601229,上海银行,银行,0.41934252,-2.1288996
4895,2025-01-27,SH.ZB_600188,兖矿能源,煤炭行业,0.41294396,-1.5776585
4896,2025-01-27,SZ.ZB_002014,永新股份,包装材料,0.41133463,-1.2913537
4897,2025-01-27,SH.ZB_600300,维维股份,食品饮料,0.40600002,-1.7461745
4898,2025-01-27,SH.KC_300413,芒果超媒,文化传媒,0.4029706,-2.6382847
4899,2025-01-27,SZ.ZB_000882,华联股份,商业百货,0.39497614,-6.308443
4900,2025-01-27,SH.ZB_603687,大胜达,包装材料,0.39040744,-2.021352
4901,2025-01-27,SH.KC_688566,吉贝尔,化学制药,0.37490726,-1.3255769
4902,2025-01-27,SH.ZB_601065,江盐集团,化学原料,0.37258565,-1.4434916
4903,2025-01-27,SH.ZB_600897,厦门空港,航空机场,0.35219043,-1.4546764
4904,2025-01-27,SH.ZB_603128,华贸物流,物流行业,0.34988075,-1.5170107
4905,2025-01-27,SZ.ZB_000902,新洋丰,化肥行业,0.34669787,-1.7749131
4906,2025-01-27,SH.ZB_600373,中文传媒,文化传媒,0.33103675,-1.8087828
4907,2025-01-27,SH.ZB_600295,鄂尔多斯,钢铁行业,0.32638162,-1.9168506
4908,2025-01-27,SH.ZB_601921,浙版传媒,文化传媒,0.32325685,-1.6723119
4909,2025-01-27,SH.KC_688314,康拓医疗,医疗器械,0.31519234,-2.0832071
4910,2025-01-27,SH.ZB_603150,万朗磁塑,塑料制品,0.30756146,-1.7804787
4911,2025-01-27,SZ.ZB_002318,久立特材,钢铁行业,0.3004253,-2.298771
4912,2025-01-27,SZ.ZB_002734,利民股份,农药兽药,0.28985143,-1.8823326
4913,2025-01-27,SZ.ZB_002083,孚日股份,纺织服装,0.2855897,-1.6168866
4914,2025-01-27,SH.ZB_601019,山东出版,文化传媒,0.28090775,-2.6125064
4915,2025-01-27,SZ.ZB_000791,甘肃能源,电力行业,0.27460754,-1.8060379
4916,2025-01-27,SZ.ZB_002727,一心堂,医药商业,0.266926,-1.65372
4917,2025-01-27,SH.ZB_605599,菜百股份,珠宝首饰,0.2643183,-1.8906196
4918,2025-01-27,SH.KC_688485,九州一轨,环保行业,0.25009066,-3.3377104
4919,2025-01-27,SH.ZB_600177,雅戈尔,纺织服装,0.24463832,-1.4819002
4920,2025-01-27,SH.KC_301109,军信股份,环保行业,0.24309903,-1.6394813
4921,2025-01-27,SH.ZB_601949,中国出版,文化传媒,0.2419576,-1.8188394
4922,2025-01-27,SZ.ZB_000825,太钢不锈,钢铁行业,0.23941994,-1.5212753
4923,2025-01-27,SH.ZB_600362,江西铜业,有色金属,0.23333877,-1.4561539
4924,2025-01-27,SH.ZB_600116,三峡水利,电力行业,0.23236126,-1.5363852
4925,2025-01-27,SZ.ZB_002881,美格智能,消费电子,0.23081452,-4.477257
4926,2025-01-27,SH.ZB_600409,三友化工,化学原料,0.22256374,-1.3127664
4927,2025-01-27,SZ.ZB_002039,黔源电力,电力行业,0.20684898,-1.2704507
4928,2025-01-27,SH.KC_688065,凯赛生物,化学制品,0.2036959,-3.0619774
4929,2025-01-27,SH.ZB_600054,黄山旅游,旅游酒店,0.20320714,-1.4933158
4930,2025-01-27,SH.KC_301291,明阳电气,电网设备,0.19604564,-3.1904292
4931,2025-01-27,SH.ZB_601566,九牧王,纺织服装,0.18883198,-1.4444135
4932,2025-01-27,SH.ZB_603195,公牛集团,家用轻工,0.1665324,-1.6295185
4933,2025-01-27,SH.ZB_600888,新疆众和,有色金属,0.15977174,-1.3841672
4934,2025-01-27,SZ.ZB_000513,丽珠集团,化学制药,0.15120804,-1.6215
4935,2025-01-27,SZ.ZB_002517,恺英网络,游戏,0.14153123,-2.6449685
4936,2025-01-27,SZ.ZB_002443,金洲管道,钢铁行业,0.14116913,-1.7919326
4937,2025-01-27,SH.ZB_601686,友发集团,钢铁行业,0.13751388,-1.8173126
4938,2025-01-27,SZ.ZB_002142,宁波银行,银行,0.13009906,-1.820905
4939,2025-01-27,SZ.ZB_001286,陕西能源,电力行业,0.12628734,-1.9424047
4940,2025-01-27,SH.ZB_601169,北京银行,银行,0.12626499,-1.6148701
4941,2025-01-27,SZ.ZB_000156,华数传媒,文化传媒,0.12327731,-1.8971812
4942,2025-01-27,SZ.ZB_002100,天康生物,农牧饲渔,0.121976435,-1.4294937
4943,2025-01-27,SZ.ZB_002539,云图控股,化肥行业,0.11781901,-1.815507
4944,2025-01-27,SH.ZB_601003,柳钢股份,钢铁行业,0.087453425,-1.3204432
4945,2025-01-27,SH.ZB_600637,东方明珠,文化传媒,0.08561909,-1.769392
4946,2025-01-27,SH.ZB_600977,中国电影,文化传媒,0.073075294,-2.0709178
4947,2025-01-27,SH.ZB_600037,歌华有线,文化传媒,0.062428415,-1.8369008
4948,2025-01-27,SZ.ZB_000830,鲁西化工,化学原料,0.035257638,-1.0226328
4949,2025-01-27,SH.ZB_601598,中国外运,物流行业,0.033007562,-1.5727656
4950,2025-01-27,SH.KC_300789,唐源电气,软件开发,0.021110475,-2.3393402
4951,2025-01-27,SZ.ZB_002478,常宝股份,钢铁行业,-0.0043854117,-1.516035
4952,2025-01-27,SH.ZB_600585,海螺水泥,水泥建材,-0.026153028,-1.695035
4953,2025-01-27,SH.ZB_601811,新华文轩,文化传媒,-0.0351578,-1.9532611
4954,2025-01-27,SH.KC_300770,新媒股份,文化传媒,-0.044971704,-1.7877346
4955,2025-01-27,SH.ZB_603967,中创物流,物流行业,-0.04771799,-1.6764567
4956,2025-01-27,SH.KC_300804,广康生化,农药兽药,-0.066787004,-1.8209434
4957,2025-01-27,SH.ZB_601098,中南传媒,文化传媒,-0.06759018,-2.0191486
4958,2025-01-27,SH.ZB_600681,百川能源,燃气,-0.08625388,-1.394661
4959,2025-01-27,SZ.ZB_003008,开普检测,专业服务,-0.09123087,-2.082351
4960,2025-01-27,SH.ZB_603000,人民网,文化传媒,-0.12138784,-2.0097542
4961,2025-01-27,SH.ZB_603888,新华网,文化传媒,-0.15874654,-1.8681421
4962,2025-01-27,SH.ZB_601577,长沙银行,银行,-0.16463995,-2.4399884
4963,2025-01-27,SH.ZB_600395,盘江股份,煤炭行业,-0.16878545,-1.4483669
4964,2025-01-27,SH.ZB_600926,杭州银行,银行,-0.1693517,-1.2938573
4965,2025-01-27,SZ.ZB_002462,嘉事堂,医药商业,-0.17794669,-1.7520255
4966,2025-01-27,SZ.ZB_002932,明德生物,医疗器械,-0.19688904,-1.0513237
4967,2025-01-27,SZ.ZB_002110,三钢闽光,钢铁行业,-0.2580434,-1.3821536
4968,2025-01-27,SZ.ZB_000789,万年青,水泥建材,-0.5788028,-1.3961104
4969,2025-01-27,SH.ZB_601163,三角轮胎,橡胶制品,-0.6552264,-1.4849511
4970,2025-01-27,SZ.ZB_001333,光华股份,化学制品,-0.8450344,-1.2859167
4971,2025-01-27,SZ.ZB_003005,竞业达,互联网服务,-0.85184723,-2.3984797
4972,2025-01-27,SZ.ZB_002322,理工能科,软件开发,-1.0669961,-1.7712846
4973,2025-01-27,SH.ZB_600507,方大特钢,钢铁行业,-1.3611243,-1.6426941
4974,2025-01-27,SH.KC_300766,每日互动,互联网服务,-1.5614822,-5.5143585
4975,2025-01-27,SH.ZB_605277,新亚电子,消费电子,-1.7265484,-3.99574
4976,2025-01-27,SH.ZB_605398,新炬网络,互联网服务,-2.6283236,-5.4437513
