,index,Datetime,code,name,bankuai,expext
0,3124,2025-01-27,600753,庚星股份,贸易行业,0.6784858
1,4617,2025-01-27,600130,波导股份,消费电子,0.106442906
2,4376,2025-01-27,595,宝塔实业,通用设备,-0.099192746
3,2703,2025-01-27,2848,高斯贝尔,家电行业,-0.31363684
4,2423,2025-01-27,2306,中科云网,旅游酒店,-0.35321918
5,1192,2025-01-27,820,神雾节能,环保行业,-0.36595407
6,107,2025-01-27,2496,辉丰股份,农药兽药,-0.40005985
7,2559,2025-01-27,600238,海南椰岛,酿酒行业,-0.43750983
8,3848,2025-01-27,603789,星光农机,专用设备,-0.4543023
9,1193,2025-01-27,301288,清研环境,环保行业,-0.46462473
10,2563,2025-01-27,600696,岩石股份,酿酒行业,-0.47606117
11,2362,2025-01-27,639,西王食品,食品饮料,-0.56368876
12,1588,2025-01-27,2789,建艺集团,装修装饰,-0.6594367
13,2879,2025-01-27,300159,新研股份,航天航空,-0.7575892
14,2503,2025-01-27,600246,万通发展,房地产开发,-0.7826977
15,1491,2025-01-27,603813,原尚股份,物流行业,-0.82428473
16,1604,2025-01-27,600193,创兴资源,装修装饰,-0.91697925
17,4258,2025-01-27,600243,青海华鼎,通用设备,-0.91882163
18,4708,2025-01-27,2199,东晶电子,电子元件,-0.961457
19,4458,2025-01-27,1270,铖昌科技,半导体,-0.9885425
20,990,2025-01-27,300110,华仁药业,化学制药,-1.0331355
21,3801,2025-01-27,300902,国安达,专用设备,-1.0412538
22,2937,2025-01-27,2253,川大智胜,软件开发,-1.0642412
23,2501,2025-01-27,2305,南国置业,房地产开发,-1.0825146
24,575,2025-01-27,600811,东方集团,农牧饲渔,-1.1011478
25,3488,2025-01-27,903,云内动力,汽车零部件,-1.1029648
26,2995,2025-01-27,4,国华网安,软件开发,-1.1264583
27,3348,2025-01-27,3032,传智教育,教育,-1.1446456
28,1191,2025-01-27,605081,太和水,环保行业,-1.1461623
29,1668,2025-01-27,2693,双成药业,生物制品,-1.1891507
30,4872,2025-01-27,600355,精伦电子,通信设备,-1.2174689
31,3239,2025-01-27,2058,威尔泰,电网设备,-1.2200981
32,2502,2025-01-27,736,中交地产,房地产开发,-1.223968
33,1331,2025-01-27,600315,上海家化,美容护理,-1.2717465
34,4941,2025-01-27,2519,银河电子,通信设备,-1.3015347
35,1120,2025-01-27,603177,德创环保,环保行业,-1.3198485
36,4778,2025-01-27,688053,思科瑞,电子元件,-1.3441586
37,1266,2025-01-27,300391,长药控股,中药,-1.3445626
38,4958,2025-01-27,301502,华阳智能,电机,-1.3488643
39,3820,2025-01-27,301030,仕净科技,专用设备,-1.3978534
40,4229,2025-01-27,600421,华嵘控股,通用设备,-1.4182683
41,3625,2025-01-27,2529,海源复材,专用设备,-1.4596853
42,2358,2025-01-27,300741,华宝股份,食品饮料,-1.4766759
43,3328,2025-01-27,300569,天能重工,风电设备,-1.4767381
44,1752,2025-01-27,600655,豫园股份,珠宝首饰,-1.4798222
45,1897,2025-01-27,300437,清水源,化学制品,-1.5213861
46,3341,2025-01-27,600636,国新文化,教育,-1.5242723
47,4325,2025-01-27,300091,金通灵,通用设备,-1.5302835
48,4745,2025-01-27,688511,天微电子,电子元件,-1.575071
49,4695,2025-01-27,2055,得润电子,消费电子,-1.5855076
50,611,2025-01-27,488,晨鸣纸业,造纸印刷,-1.5911934
51,1261,2025-01-27,600129,太极集团,中药,-1.5950763
52,1605,2025-01-27,2713,东易日盛,装修装饰,-1.6015284
53,2133,2025-01-27,600228,返利科技,互联网服务,-1.60232
54,4790,2025-01-27,600884,杉杉股份,电子元件,-1.6107
55,4828,2025-01-27,600202,哈空调,电源设备,-1.6203738
56,3249,2025-01-27,300477,合纵科技,电网设备,-1.6316855
57,2809,2025-01-27,8,神州高铁,交运设备,-1.6466696
58,1829,2025-01-27,691,亚太实业,化学制品,-1.6468374
59,3844,2025-01-27,603690,至纯科技,专用设备,-1.6584992
60,1629,2025-01-27,688253,英诺特,生物制品,-1.6753793
61,1644,2025-01-27,688062,迈威生物-U,生物制品,-1.7141383
62,2088,2025-01-27,301062,上海艾录,包装材料,-1.7241739
63,2669,2025-01-27,603868,飞科电器,家电行业,-1.7285396
64,729,2025-01-27,600423,柳化股份,化学原料,-1.7323719
65,3832,2025-01-27,688559,海目星,专用设备,-1.7473584
66,2155,2025-01-27,2373,千方科技,互联网服务,-1.7542843
67,2500,2025-01-27,517,荣安地产,房地产开发,-1.7612745
68,363,2025-01-27,603389,亚振家居,装修建材,-1.7660488
69,1257,2025-01-27,2603,以岭药业,中药,-1.7689102
70,4059,2025-01-27,300370,安控科技,仪器仪表,-1.7716516
71,2896,2025-01-27,688066,航天宏图,航天航空,-1.7727662
72,2743,2025-01-27,16,深康佳Ａ,家电行业,-1.7865766
73,2475,2025-01-27,600724,宁波富达,房地产开发,-1.7892954
74,4733,2025-01-27,2414,高德红外,电子元件,-1.7904464
75,131,2025-01-27,2004,华邦健康,农药兽药,-1.7909586
76,4645,2025-01-27,300256,星星科技,消费电子,-1.793528
77,4718,2025-01-27,2724,海洋王,电子元件,-1.7992563
78,2310,2025-01-27,603288,海天味业,食品饮料,-1.8019674
79,999,2025-01-27,2762,金发拉比,纺织服装,-1.8020041
80,4724,2025-01-27,301566,达利凯普,电子元件,-1.8043002
81,135,2025-01-27,600596,新安股份,农药兽药,-1.8069699
82,901,2025-01-27,688658,悦康药业,化学制药,-1.8131365
83,3159,2025-01-27,600280,中央商场,商业百货,-1.8164144
84,3160,2025-01-27,701,厦门信达,商业百货,-1.8207381
85,853,2025-01-27,2030,达安基因,医疗器械,-1.8279976
86,4145,2025-01-27,300827,上能电气,光伏设备,-1.8362645
87,754,2025-01-27,2932,明德生物,医疗器械,-1.8412094
88,1263,2025-01-27,2317,众生药业,中药,-1.8440641
89,2286,2025-01-27,600305,恒顺醋业,食品饮料,-1.8500097
90,670,2025-01-27,830,鲁西化工,化学原料,-1.8581398
91,952,2025-01-27,300705,九典制药,化学制药,-1.8615978
92,849,2025-01-27,300003,乐普医疗,医疗器械,-1.874008
93,4833,2025-01-27,301327,华宝新能,电源设备,-1.8777702
94,1594,2025-01-27,2482,广田集团,装修装饰,-1.877793
95,1068,2025-01-27,603511,爱慕股份,纺织服装,-1.8799384
96,3584,2025-01-27,981,山子高科,汽车零部件,-1.8799456
97,845,2025-01-27,688656,浩欧博,医疗器械,-1.8816835
98,1568,2025-01-27,2542,中化岩土,工程建设,-1.8850814
99,3725,2025-01-27,688420,美腾科技,专用设备,-1.8856034
100,1059,2025-01-27,3016,欣贺股份,纺织服装,-1.885885
101,2312,2025-01-27,2726,龙大美食,食品饮料,-1.8859543
102,686,2025-01-27,822,山东海化,化学原料,-1.8878113
103,3305,2025-01-27,600468,百利电气,电网设备,-1.891771
104,227,2025-01-27,155,川能动力,电力行业,-1.8938687
105,2577,2025-01-27,600166,福田汽车,汽车整车,-1.9016813
106,1490,2025-01-27,603066,音飞储存,物流行业,-1.9077073
107,2664,2025-01-27,600261,阳光照明,家电行业,-1.908302
108,213,2025-01-27,2039,黔源电力,电力行业,-1.9085277
109,1155,2025-01-27,300190,维尔利,环保行业,-1.9111285
110,2262,2025-01-27,603057,紫燕食品,食品饮料,-1.9113083
111,3794,2025-01-27,2786,银宝山新,专用设备,-1.9123565
112,2753,2025-01-27,300572,安车检测,专业服务,-1.9172297
113,2430,2025-01-27,600185,格力地产,房地产开发,-1.9187734
114,4827,2025-01-27,600475,华光环能,电源设备,-1.922442
115,1850,2025-01-27,1333,光华股份,化学制品,-1.9243255
116,2515,2025-01-27,688425,铁建重工,工程机械,-1.9247711
117,799,2025-01-27,2382,蓝帆医疗,医疗器械,-1.9256909
118,1998,2025-01-27,600888,新疆众和,有色金属,-1.9304891
119,4137,2025-01-27,688223,晶科能源,光伏设备,-1.9305708
120,4132,2025-01-27,603398,沐邦高科,光伏设备,-1.9343343
121,3149,2025-01-27,2419,天虹股份,商业百货,-1.9347436
122,3319,2025-01-27,601615,明阳智能,风电设备,-1.9357754
123,1872,2025-01-27,301216,万凯新材,化学制品,-1.9363482
124,2327,2025-01-27,300146,汤臣倍健,食品饮料,-1.9368801
125,2322,2025-01-27,2329,皇氏集团,食品饮料,-1.9418521
126,275,2025-01-27,78,海王生物,医药商业,-1.9479055
127,1249,2025-01-27,2737,葵花药业,中药,-1.9489695
128,1891,2025-01-27,600500,中化国际,化学制品,-1.9532893
129,4957,2025-01-27,2176,江特电机,电机,-1.954331
130,2283,2025-01-27,600597,光明乳业,食品饮料,-1.9576099
131,2497,2025-01-27,600665,天地源,房地产开发,-1.9581258
132,3685,2025-01-27,688151,华强科技,专用设备,-1.9601064
133,27,2025-01-27,600926,杭州银行,银行,-1.9613706
134,2783,2025-01-27,300851,交大思诺,交运设备,-1.9616978
135,2287,2025-01-27,603237,五芳斋,食品饮料,-1.9622319
136,2568,2025-01-27,601238,广汽集团,汽车整车,-1.9627575
137,3134,2025-01-27,600697,欧亚集团,商业百货,-1.9663626
138,1991,2025-01-27,601388,怡球资源,有色金属,-1.9676212
139,422,2025-01-27,789,万年青,水泥建材,-1.9676406
140,3719,2025-01-27,601606,长城军工,专用设备,-1.9719962
141,4231,2025-01-27,2342,巨力索具,通用设备,-1.9721873
142,4192,2025-01-27,300093,金刚光伏,光伏设备,-1.9725431
143,3310,2025-01-27,688349,三一重能,风电设备,-1.9727923
144,967,2025-01-27,300583,赛托生物,化学制药,-1.9735307
145,894,2025-01-27,688566,吉贝尔,化学制药,-1.974396
146,4015,2025-01-27,301487,盟固利,电池,-1.9750797
147,1860,2025-01-27,603977,国泰集团,化学制品,-1.9763738
148,560,2025-01-27,2567,唐人神,农牧饲渔,-1.9781783
149,600,2025-01-27,600567,山鹰国际,造纸印刷,-1.9797239
150,518,2025-01-27,2299,圣农发展,农牧饲渔,-1.9800749
151,2314,2025-01-27,2507,涪陵榨菜,食品饮料,-1.9806206
152,2009,2025-01-27,603876,鼎胜新材,有色金属,-1.9817342
153,4149,2025-01-27,688033,天宜上佳,光伏设备,-1.983875
154,1734,2025-01-27,9,中国宝安,综合行业,-1.9850049
155,4538,2025-01-27,300782,卓胜微,半导体,-1.985036
156,4871,2025-01-27,2829,星网宇达,通信设备,-1.9865841
157,2026,2025-01-27,600497,驰宏锌锗,有色金属,-1.9881268
158,520,2025-01-27,600251,冠农股份,农牧饲渔,-1.9896444
159,2713,2025-01-27,600336,澳柯玛,家电行业,-1.990015
160,1531,2025-01-27,601789,宁波建工,工程建设,-1.9906394
161,3161,2025-01-27,2697,红旗连锁,商业百货,-1.991019
162,709,2025-01-27,601568,北元集团,化学原料,-1.991716
163,2510,2025-01-27,600817,宇通重工,工程机械,-1.9922994
164,3316,2025-01-27,600072,中船科技,风电设备,-1.9942082
165,3141,2025-01-27,600859,王府井,商业百货,-1.9943379
166,4191,2025-01-27,688556,高测股份,光伏设备,-1.9978126
167,532,2025-01-27,2234,民和股份,农牧饲渔,-1.9983418
168,2318,2025-01-27,300999,金龙鱼,食品饮料,-1.9992166
169,2317,2025-01-27,600189,泉阳泉,食品饮料,-1.9997816
170,4952,2025-01-27,603489,八方股份,电机,-2.000695
171,489,2025-01-27,600168,武汉控股,公用事业,-2.0020192
172,1056,2025-01-27,1209,洪兴股份,纺织服装,-2.0034726
173,3913,2025-01-27,536,华映科技,光学光电子,-2.004029
174,679,2025-01-27,600409,三友化工,化学原料,-2.004508
175,3132,2025-01-27,2818,富森美,商业百货,-2.0052261
176,4252,2025-01-27,2158,汉钟精机,通用设备,-2.0053222
177,1067,2025-01-27,2193,如意集团,纺织服装,-2.0058296
178,2572,2025-01-27,800,一汽解放,汽车整车,-2.0059998
179,261,2025-01-27,600310,广西能源,电力行业,-2.007062
180,4584,2025-01-27,688362,甬矽电子,半导体,-2.0078058
181,830,2025-01-27,2022,科华生物,医疗器械,-2.0082998
182,1320,2025-01-27,300896,爱美客,美容护理,-2.0084634
183,2326,2025-01-27,300829,金丹科技,食品饮料,-2.0091746
184,3433,2025-01-27,603107,上海汽配,汽车零部件,-2.0093138
185,3891,2025-01-27,2189,中光学,光学光电子,-2.0107448
186,3129,2025-01-27,600790,轻纺城,商业百货,-2.01098
187,569,2025-01-27,2086,东方海洋,农牧饲渔,-2.012501
188,93,2025-01-27,601699,潞安环能,煤炭行业,-2.0141635
189,2612,2025-01-27,605008,长鸿高科,塑料制品,-2.0142202
190,3127,2025-01-27,603101,汇嘉时代,商业百货,-2.015488
191,2609,2025-01-27,2108,沧州明珠,塑料制品,-2.0172806
192,3199,2025-01-27,601700,风范股份,电网设备,-2.0173113
193,4715,2025-01-27,603678,火炬电子,电子元件,-2.023244
194,2526,2025-01-27,600984,建设机械,工程机械,-2.0246603
195,2274,2025-01-27,600887,伊利股份,食品饮料,-2.025703
196,2261,2025-01-27,2732,燕塘乳业,食品饮料,-2.0276968
197,2557,2025-01-27,600199,金种子酒,酿酒行业,-2.027741
198,1655,2025-01-27,300601,康泰生物,生物制品,-2.0286157
199,58,2025-01-27,600681,百川能源,燃气,-2.029385
200,2076,2025-01-27,659,珠海中富,包装材料,-2.0313013
201,97,2025-01-27,600725,云维股份,煤炭行业,-2.0332804
202,345,2025-01-27,603208,江山欧派,装修建材,-2.0338054
203,3614,2025-01-27,300537,广信材料,电子化学品,-2.0339484
204,1473,2025-01-27,603128,华贸物流,物流行业,-2.034406
205,4483,2025-01-27,301095,广立微,半导体,-2.0354445
206,2405,2025-01-27,600593,大连圣亚,旅游酒店,-2.0362413
207,2018,2025-01-27,601212,白银有色,有色金属,-2.0373297
208,485,2025-01-27,601158,重庆水务,公用事业,-2.0383098
209,3208,2025-01-27,2121,科陆电子,电网设备,-2.0387177
210,910,2025-01-27,300723,一品红,化学制药,-2.0392373
211,2368,2025-01-27,589,贵州轮胎,橡胶制品,-2.0409975
212,1938,2025-01-27,600800,渤海化学,化学制品,-2.0415616
213,2575,2025-01-27,600841,动力新科,汽车整车,-2.0436056
214,3788,2025-01-27,600843,上工申贝,专用设备,-2.0442493
215,154,2025-01-27,601003,柳钢股份,钢铁行业,-2.0449905
216,1235,2025-01-27,2275,桂林三金,中药,-2.0454817
217,4235,2025-01-27,301559,中集环科,通用设备,-2.0465932
218,2000,2025-01-27,630,铜陵有色,有色金属,-2.04704
219,3669,2025-01-27,688623,双元科技,专用设备,-2.0480425
220,3903,2025-01-27,50,深天马Ａ,光学光电子,-2.0490131
221,279,2025-01-27,28,国药一致,医药商业,-2.0494528
222,4840,2025-01-27,2227,奥 特 迅,电源设备,-2.0497854
223,1135,2025-01-27,688057,金达莱,环保行业,-2.0507958
224,1159,2025-01-27,2210,飞马国际,环保行业,-2.05087
225,474,2025-01-27,600026,中远海能,航运港口,-2.0510542
226,3142,2025-01-27,501,武商集团,商业百货,-2.0530229
227,4832,2025-01-27,300105,龙源技术,电源设备,-2.0530365
228,620,2025-01-27,159,国际实业,石油行业,-2.0535345
229,2686,2025-01-27,1387,雪祺电气,家电行业,-2.0550575
230,3099,2025-01-27,2091,江苏国泰,贸易行业,-2.0559525
231,4476,2025-01-27,2049,紫光国微,半导体,-2.056465
232,3326,2025-01-27,2202,金风科技,风电设备,-2.0584946
233,2002,2025-01-27,600362,江西铜业,有色金属,-2.0589314
234,369,2025-01-27,2918,蒙娜丽莎,装修建材,-2.0589938
235,98,2025-01-27,983,山西焦煤,煤炭行业,-2.059575
236,2780,2025-01-27,600495,晋西车轴,交运设备,-2.0611265
237,2482,2025-01-27,2146,荣盛发展,房地产开发,-2.0611672
238,3252,2025-01-27,300040,九洲集团,电网设备,-2.0618536
239,3140,2025-01-27,600828,茂业商业,商业百货,-2.062743
240,509,2025-01-27,2458,益生股份,农牧饲渔,-2.0630484
241,3123,2025-01-27,2640,跨境通,贸易行业,-2.0645094
242,4014,2025-01-27,688779,五矿新能,电池,-2.0651515
243,3215,2025-01-27,600089,特变电工,电网设备,-2.0652997
244,565,2025-01-27,605296,神农集团,农牧饲渔,-2.0653288
245,657,2025-01-27,301335,天元宠物,家用轻工,-2.066595
246,2695,2025-01-27,2242,九阳股份,家电行业,-2.066968
247,555,2025-01-27,2100,天康生物,农牧饲渔,-2.0674138
248,3157,2025-01-27,2561,徐家汇,商业百货,-2.0680058
249,156,2025-01-27,2110,三钢闽光,钢铁行业,-2.0693436
250,2304,2025-01-27,3000,劲仔食品,食品饮料,-2.071017
251,537,2025-01-27,600127,金健米业,农牧饲渔,-2.0714312
252,2555,2025-01-27,603589,口子窖,酿酒行业,-2.072494
253,3154,2025-01-27,601086,国芳集团,商业百货,-2.0730083
254,802,2025-01-27,603658,安图生物,医疗器械,-2.0744557
255,3542,2025-01-27,2547,春兴精工,汽车零部件,-2.0758731
256,2693,2025-01-27,300160,秀强股份,家电行业,-2.075898
257,947,2025-01-27,300086,康芝药业,化学制药,-2.0761604
258,2859,2025-01-27,600893,航发动力,航天航空,-2.0791237
259,618,2025-01-27,600028,中国石化,石油行业,-2.0791342
260,294,2025-01-27,600056,中国医药,医药商业,-2.0807486
261,3349,2025-01-27,2512,达华智能,计算机设备,-2.080887
262,3640,2025-01-27,600582,天地科技,专用设备,-2.0813253
263,407,2025-01-27,601816,京沪高铁,铁路公路,-2.0814722
264,719,2025-01-27,600935,华塑股份,化学原料,-2.0820293
265,4515,2025-01-27,2077,大港股份,半导体,-2.0823386
266,3136,2025-01-27,601116,三江购物,商业百货,-2.082567
267,3512,2025-01-27,600148,长春一东,汽车零部件,-2.0828648
268,4486,2025-01-27,688469,芯联集成-U,半导体,-2.0844054
269,365,2025-01-27,2631,德尔未来,装修建材,-2.08502
270,940,2025-01-27,300006,莱美药业,化学制药,-2.0853994
271,2872,2025-01-27,300900,广联航空,航天航空,-2.086306
272,4837,2025-01-27,300820,英杰电气,电源设备,-2.0868266
273,210,2025-01-27,600452,涪陵电力,电力行业,-2.087694
274,2395,2025-01-27,428,华天酒店,旅游酒店,-2.0879421
275,803,2025-01-27,600587,新华医疗,医疗器械,-2.0879884
276,1009,2025-01-27,601566,九牧王,纺织服装,-2.0884576
277,4904,2025-01-27,300101,振芯科技,通信设备,-2.0887334
278,3637,2025-01-27,1239,永达股份,专用设备,-2.088817
279,4469,2025-01-27,2371,北方华创,半导体,-2.090013
280,4093,2025-01-27,600549,厦门钨业,小金属,-2.0910387
281,1079,2025-01-27,601718,际华集团,纺织服装,-2.0911791
282,2866,2025-01-27,738,航发控制,航天航空,-2.0920205
283,3967,2025-01-27,300014,亿纬锂能,电池,-2.0921907
284,2529,2025-01-27,603779,威龙股份,酿酒行业,-2.0928292
285,4207,2025-01-27,603187,海容冷链,通用设备,-2.092867
286,3146,2025-01-27,601366,利群股份,商业百货,-2.0929637
287,1786,2025-01-27,516,国际医学,医疗服务,-2.0938065
288,826,2025-01-27,300529,健帆生物,医疗器械,-2.094367
289,544,2025-01-27,998,隆平高科,农牧饲渔,-2.0949163
290,2888,2025-01-27,600038,中直股份,航天航空,-2.0955398
291,3135,2025-01-27,600712,南宁百货,商业百货,-2.0955517
292,4495,2025-01-27,670,盈方微,半导体,-2.0962532
293,1007,2025-01-27,603839,安正时尚,纺织服装,-2.0966475
294,244,2025-01-27,600795,国电电力,电力行业,-2.0969782
295,3147,2025-01-27,2344,海宁皮城,商业百货,-2.097125
296,4473,2025-01-27,3026,中晶科技,半导体,-2.0983605
297,1032,2025-01-27,955,欣龙控股,纺织服装,-2.099701
298,550,2025-01-27,2157,正邦科技,农牧饲渔,-2.099924
299,1645,2025-01-27,603392,万泰生物,生物制品,-2.100134
300,1237,2025-01-27,603896,寿仙谷,中药,-2.1013424
301,3457,2025-01-27,605005,合兴股份,汽车零部件,-2.1017175
302,4746,2025-01-27,2859,洁美科技,电子元件,-2.1025677
303,776,2025-01-27,300396,迪瑞医疗,医疗器械,-2.102575
304,4891,2025-01-27,561,烽火电子,通信设备,-2.1026742
305,3897,2025-01-27,2983,芯瑞达,光学光电子,-2.1031756
306,2060,2025-01-27,600897,厦门空港,航空机场,-2.1033666
307,2073,2025-01-27,2014,永新股份,包装材料,-2.1037698
308,3863,2025-01-27,2952,亚世光电,光学光电子,-2.1041758
309,281,2025-01-27,950,重药控股,医药商业,-2.1041882
310,3691,2025-01-27,2430,杭氧股份,专用设备,-2.1042225
311,1529,2025-01-27,601800,中国交建,工程建设,-2.1046643
312,2581,2025-01-27,980,众泰汽车,汽车整车,-2.1048508
313,3102,2025-01-27,601061,中信金属,贸易行业,-2.1054554
314,4448,2025-01-27,600172,黄河旋风,非金属材料,-2.1055763
315,1907,2025-01-27,2326,永太科技,化学制品,-2.1057692
316,2215,2025-01-27,600358,国旅联合,互联网服务,-2.1058369
317,4478,2025-01-27,688126,沪硅产业,半导体,-2.106376
318,4195,2025-01-27,39,中集集团,通用设备,-2.1064022
319,2295,2025-01-27,2626,金达威,食品饮料,-2.1069915
320,2296,2025-01-27,605388,均瑶健康,食品饮料,-2.107769
321,652,2025-01-27,603899,晨光股份,家用轻工,-2.1088223
322,1536,2025-01-27,601390,中国中铁,工程建设,-2.1102626
323,3655,2025-01-27,603300,海南华铁,专用设备,-2.1111388
324,3970,2025-01-27,688275,万润新能,电池,-2.1115394
325,1992,2025-01-27,2540,亚太科技,有色金属,-2.1117785
326,1684,2025-01-27,601808,中海油服,采掘行业,-2.112205
327,3870,2025-01-27,300489,光智科技,光学光电子,-2.112268
328,3880,2025-01-27,2745,木林森,光学光电子,-2.1136549
329,88,2025-01-27,600546,山煤国际,煤炭行业,-2.115657
330,963,2025-01-27,2399,海普瑞,化学制药,-2.117122
331,1230,2025-01-27,600332,白云山,中药,-2.1177025
332,2308,2025-01-27,605089,味知香,食品饮料,-2.117797
333,4479,2025-01-27,688653,康希通信,半导体,-2.118236
334,4888,2025-01-27,600198,大唐电信,通信设备,-2.1184678
335,3444,2025-01-27,600742,一汽富维,汽车零部件,-2.118605
336,2537,2025-01-27,2304,洋河股份,酿酒行业,-2.1190915
337,2511,2025-01-27,425,徐工机械,工程机械,-2.1192389
338,2271,2025-01-27,603886,元祖股份,食品饮料,-2.1192768
339,426,2025-01-27,3037,三和管桩,水泥建材,-2.1192963
340,3322,2025-01-27,2531,天顺风能,风电设备,-2.120311
341,2397,2025-01-27,600054,黄山旅游,旅游酒店,-2.1204233
342,521,2025-01-27,876,新 希 望,农牧饲渔,-2.1208699
343,3133,2025-01-27,600682,南京新百,商业百货,-2.1212492
344,4477,2025-01-27,2079,苏州固锝,半导体,-2.1214862
345,2610,2025-01-27,600135,乐凯胶片,塑料制品,-2.1218824
346,3226,2025-01-27,603606,东方电缆,电网设备,-2.1222625
347,62,2025-01-27,600617,国新能源,燃气,-2.1223316
348,251,2025-01-27,600719,大连热电,电力行业,-2.124225
349,2714,2025-01-27,603486,科沃斯,家电行业,-2.124577
350,2535,2025-01-27,568,泸州老窖,酿酒行业,-2.126338
351,128,2025-01-27,603086,先达股份,农药兽药,-2.1266558
352,347,2025-01-27,910,大亚圣象,装修建材,-2.1267555
353,3467,2025-01-27,601279,英利汽车,汽车零部件,-2.1269393
354,1642,2025-01-27,518,四环生物,生物制品,-2.127066
355,2366,2025-01-27,601163,三角轮胎,橡胶制品,-2.127859
356,117,2025-01-27,603970,中农立华,农药兽药,-2.1279917
357,1206,2025-01-27,600329,达仁堂,中药,-2.128902
358,2694,2025-01-27,521,长虹美菱,家电行业,-2.129304
359,704,2025-01-27,603276,恒兴新材,化学原料,-2.129433
360,2538,2025-01-27,869,张  裕Ａ,酿酒行业,-2.1298687
361,2506,2025-01-27,157,中联重科,工程机械,-2.1302655
362,1930,2025-01-27,3022,联泓新科,化学制品,-2.1311944
363,1239,2025-01-27,2349,精华制药,中药,-2.1317725
364,4050,2025-01-27,688337,普源精电,仪器仪表,-2.1320503
365,194,2025-01-27,600011,华能国际,电力行业,-2.132865
366,2065,2025-01-27,600009,上海机场,航空机场,-2.1343431
367,4146,2025-01-27,688408,中信博,光伏设备,-2.1346636
368,742,2025-01-27,600807,济高发展,医疗器械,-2.1364503
369,4782,2025-01-27,62,深圳华强,电子元件,-2.137131
370,695,2025-01-27,600929,雪天盐业,化学原料,-2.1376843
371,2533,2025-01-27,929,兰州黄河,酿酒行业,-2.13798
372,160,2025-01-27,717,中南股份,钢铁行业,-2.1384768
373,3204,2025-01-27,2300,太阳电缆,电网设备,-2.13864
374,2281,2025-01-27,600737,中粮糖业,食品饮料,-2.1391094
375,624,2025-01-27,600759,洲际油气,石油行业,-2.139437
376,4434,2025-01-27,600516,方大炭素,非金属材料,-2.1398344
377,92,2025-01-27,600792,云煤能源,煤炭行业,-2.1400795
378,2498,2025-01-27,600606,绿地控股,房地产开发,-2.140185
379,3138,2025-01-27,600785,新华百货,商业百货,-2.1402771
380,488,2025-01-27,601199,江南水务,公用事业,-2.140787
381,1238,2025-01-27,2907,华森制药,中药,-2.141485
382,2560,2025-01-27,799,酒鬼酒,酿酒行业,-2.1415784
383,2690,2025-01-27,2508,老板电器,家电行业,-2.1418984
384,1780,2025-01-27,300347,泰格医药,医疗服务,-2.142119
385,3429,2025-01-27,30,富奥股份,汽车零部件,-2.1425235
386,3747,2025-01-27,300471,厚普股份,专用设备,-2.1434286
387,2294,2025-01-27,300858,科拓生物,食品饮料,-2.143738
388,2841,2025-01-27,300025,华星创业,通信服务,-2.144056
389,2705,2025-01-27,605365,立达信,家电行业,-2.1450422
390,1152,2025-01-27,601033,永兴股份,环保行业,-2.1451707
391,2414,2025-01-27,796,凯撒旅业,旅游酒店,-2.1454978
392,619,2025-01-27,600256,广汇能源,石油行业,-2.1455379
393,4420,2025-01-27,600155,华创云信,证券,-2.1456213
394,3441,2025-01-27,603335,迪生力,汽车零部件,-2.1474013
395,553,2025-01-27,600965,福成股份,农牧饲渔,-2.1478708
396,601,2025-01-27,695,滨海能源,造纸印刷,-2.148027
397,1472,2025-01-27,603569,长久物流,物流行业,-2.1481402
398,82,2025-01-27,600395,盘江股份,煤炭行业,-2.148764
399,912,2025-01-27,300267,尔康制药,化学制药,-2.1498666
400,953,2025-01-27,300158,振东制药,化学制药,-2.1501784
401,3617,2025-01-27,300655,晶瑞电材,电子化学品,-2.1503437
402,1538,2025-01-27,601117,中国化学,工程建设,-2.1506414
403,2558,2025-01-27,600702,舍得酒业,酿酒行业,-2.1520054
404,2290,2025-01-27,2216,三全食品,食品饮料,-2.1528935
405,4567,2025-01-27,688584,上海合晶,半导体,-2.1534948
406,712,2025-01-27,990,诚志股份,化学原料,-2.1536443
407,1528,2025-01-27,601669,中国电建,工程建设,-2.1541443
408,615,2025-01-27,600688,上海石化,石油行业,-2.1547894
409,3273,2025-01-27,600590,泰豪科技,电网设备,-2.1551802
410,3217,2025-01-27,600312,平高电气,电网设备,-2.1552093
411,1947,2025-01-27,300072,海新能科,化学制品,-2.1552405
412,2712,2025-01-27,300217,东方电热,家电行业,-2.1553843
413,1255,2025-01-27,2728,特一药业,中药,-2.1556356
414,490,2025-01-27,605011,杭州热电,公用事业,-2.155655
415,2300,2025-01-27,2557,洽洽食品,食品饮料,-2.155732
416,2481,2025-01-27,600322,津投城开,房地产开发,-2.1561568
417,2340,2025-01-27,603517,绝味食品,食品饮料,-2.1564996
418,790,2025-01-27,300358,楚天科技,医疗器械,-2.1572173
419,1806,2025-01-27,603882,金域医学,医疗服务,-2.157595
420,698,2025-01-27,601065,江盐集团,化学原料,-2.1579716
421,208,2025-01-27,1289,龙源电力,电力行业,-2.1582127
422,3525,2025-01-27,2190,成飞集成,汽车零部件,-2.1583889
423,801,2025-01-27,300981,中红医疗,医疗器械,-2.1586542
424,3219,2025-01-27,2533,金杯电工,电网设备,-2.158762
425,1284,2025-01-27,603357,设计总院,工程咨询服务,-2.1591647
426,2256,2025-01-27,895,双汇发展,食品饮料,-2.1600888
427,623,2025-01-27,603353,和顺石油,石油行业,-2.1604168
428,1744,2025-01-27,17,深中华A,珠宝首饰,-2.1604936
429,713,2025-01-27,707,双环科技,化学原料,-2.1605964
430,2541,2025-01-27,600519,贵州茅台,酿酒行业,-2.1607094
431,2530,2025-01-27,600132,重庆啤酒,酿酒行业,-2.1608305
432,38,2025-01-27,601997,贵阳银行,银行,-2.1609251
433,1870,2025-01-27,2408,齐翔腾达,化学制品,-2.1611712
434,4885,2025-01-27,2413,雷科防务,通信设备,-2.1612506
435,404,2025-01-27,601188,龙江交通,铁路公路,-2.1614313
436,1029,2025-01-27,600177,雅戈尔,纺织服装,-2.1625583
437,2396,2025-01-27,601007,金陵饭店,旅游酒店,-2.1633255
438,1341,2025-01-27,2240,盛新锂能,能源金属,-2.1636896
439,541,2025-01-27,300498,温氏股份,农牧饲渔,-2.1637695
440,4042,2025-01-27,301528,多浦乐,仪器仪表,-2.1645637
441,4877,2025-01-27,2151,北斗星通,通信设备,-2.1650016
442,2698,2025-01-27,301362,民爆光电,家电行业,-2.1653428
443,699,2025-01-27,422,湖北宜化,化学原料,-2.165432
444,1703,2025-01-27,782,恒申新材,化纤行业,-2.1662858
445,4215,2025-01-27,301151,冠龙节能,通用设备,-2.1670089
446,1053,2025-01-27,2875,安奈儿,纺织服装,-2.168775
447,2791,2025-01-27,301048,金鹰重工,交运设备,-2.1688824
448,867,2025-01-27,2099,海翔药业,化学制药,-2.1691585
449,4766,2025-01-27,688020,方邦股份,电子元件,-2.1694748
450,3144,2025-01-27,601828,美凯龙,商业百货,-2.1697283
451,4045,2025-01-27,300259,新天科技,仪器仪表,-2.1699302
452,2279,2025-01-27,605077,华康股份,食品饮料,-2.1703475
453,3405,2025-01-27,600741,华域汽车,汽车零部件,-2.170409
454,167,2025-01-27,825,太钢不锈,钢铁行业,-2.1705687
455,355,2025-01-27,2372,伟星新材,装修建材,-2.1705713
456,1683,2025-01-27,603619,中曼石油,采掘行业,-2.170623
457,483,2025-01-27,544,中原环保,公用事业,-2.1709871
458,2525,2025-01-27,2272,川润股份,工程机械,-2.1713963
459,1181,2025-01-27,688069,德林海,环保行业,-2.1725366
460,212,2025-01-27,539,粤电力Ａ,电力行业,-2.172656
461,4882,2025-01-27,2465,海格通信,通信设备,-2.1726928
462,65,2025-01-27,600903,贵州燃气,燃气,-2.1727312
463,2020,2025-01-27,300034,钢研高纳,有色金属,-2.1730638
464,4086,2025-01-27,600459,贵研铂业,小金属,-2.1731627
465,187,2025-01-27,2075,沙钢股份,钢铁行业,-2.1732666
466,482,2025-01-27,600283,钱江水利,公用事业,-2.1733258
467,4123,2025-01-27,600537,亿晶光电,光伏设备,-2.1737573
468,616,2025-01-27,601857,中国石油,石油行业,-2.1738756
469,1997,2025-01-27,878,云南铜业,有色金属,-2.174371
470,3240,2025-01-27,682,东方电子,电网设备,-2.1752348
471,122,2025-01-27,600195,中牧股份,农药兽药,-2.1752424
472,789,2025-01-27,688317,之江生物,医疗器械,-2.175535
473,3409,2025-01-27,2048,宁波华翔,汽车零部件,-2.1758704
474,2370,2025-01-27,300587,天铁科技,橡胶制品,-2.1760008
475,3763,2025-01-27,300410,正业科技,专用设备,-2.176312
476,2273,2025-01-27,600073,光明肉业,食品饮料,-2.1775465
477,932,2025-01-27,2422,科伦药业,化学制药,-2.1781232
478,492,2025-01-27,2893,京能热力,公用事业,-2.1785862
479,2386,2025-01-27,600182,S佳通,橡胶制品,-2.1789496
480,4554,2025-01-27,300042,朗科科技,半导体,-2.1789804
481,2369,2025-01-27,601118,海南橡胶,橡胶制品,-2.1794076
482,3236,2025-01-27,2560,通达股份,电网设备,-2.181522
483,344,2025-01-27,603661,恒林股份,装修建材,-2.1822314
484,880,2025-01-27,600613,神奇制药,化学制药,-2.1829882
485,2494,2025-01-27,600340,华夏幸福,房地产开发,-2.1835556
486,168,2025-01-27,2478,常宝股份,钢铁行业,-2.1837604
487,11,2025-01-27,601998,中信银行,银行,-2.1839647
488,4879,2025-01-27,688552,航天南湖,通信设备,-2.184732
489,772,2025-01-27,688198,佰仁医疗,医疗器械,-2.1853936
490,2014,2025-01-27,600361,创新新材,有色金属,-2.1859827
491,237,2025-01-27,600116,三峡水利,电力行业,-2.186917
492,3097,2025-01-27,600755,厦门国贸,贸易行业,-2.187236
493,1277,2025-01-27,600720,中交设计,工程咨询服务,-2.187577
494,2873,2025-01-27,600118,中国卫星,航天航空,-2.1898086
495,764,2025-01-27,300463,迈克生物,医疗器械,-2.189813
496,3730,2025-01-27,2111,威海广泰,专用设备,-2.1899083
497,3494,2025-01-27,2590,万安科技,汽车零部件,-2.1910663
498,1233,2025-01-27,600351,亚宝药业,中药,-2.1911764
499,1292,2025-01-27,300983,尤安设计,工程咨询服务,-2.1916587
500,644,2025-01-27,603848,好太太,家用轻工,-2.1921487
501,1794,2025-01-27,301096,百诚医药,医疗服务,-2.1925178
502,240,2025-01-27,600969,郴电国际,电力行业,-2.1932945
503,4886,2025-01-27,688311,盟升电子,通信设备,-2.1933782
504,2374,2025-01-27,600469,风神股份,橡胶制品,-2.193566
505,4714,2025-01-27,300868,杰美特,电子元件,-2.1937025
506,94,2025-01-27,601666,平煤股份,煤炭行业,-2.1937609
507,2057,2025-01-27,753,漳州发展,汽车服务,-2.1938767
508,2611,2025-01-27,1378,德冠新材,塑料制品,-2.1939077
509,3997,2025-01-27,2812,恩捷股份,电池,-2.1943812
510,1844,2025-01-27,2562,兄弟科技,化学制品,-2.195021
511,2401,2025-01-27,600258,首旅酒店,旅游酒店,-2.1954286
512,288,2025-01-27,2462,嘉事堂,医药商业,-2.1957316
513,96,2025-01-27,600123,兰花科创,煤炭行业,-2.1957352
514,3139,2025-01-27,603708,家家悦,商业百货,-2.1968353
515,4099,2025-01-27,603399,永杉锂业,小金属,-2.1969776
516,248,2025-01-27,27,深圳能源,电力行业,-2.1970515
517,2708,2025-01-27,2959,小熊电器,家电行业,-2.197232
518,243,2025-01-27,600905,三峡能源,电力行业,-2.1977599
519,1532,2025-01-27,601186,中国铁建,工程建设,-2.1978514
520,929,2025-01-27,600664,哈药股份,化学制药,-2.198441
521,1763,2025-01-27,2163,海南发展,玻璃玻纤,-2.1997602
522,4831,2025-01-27,301386,未来电器,电源设备,-2.2004778
523,4089,2025-01-27,601958,金钼股份,小金属,-2.200724
524,3150,2025-01-27,600738,丽尚国潮,商业百货,-2.2014992
525,3877,2025-01-27,1326,联域股份,光学光电子,-2.2022572
526,4009,2025-01-27,301152,天力锂能,电池,-2.2026908
527,4261,2025-01-27,3043,华亚智能,通用设备,-2.202897
528,1232,2025-01-27,650,仁和药业,中药,-2.2032292
529,4238,2025-01-27,816,智慧农业,通用设备,-2.2033134
530,893,2025-01-27,623,吉林敖东,化学制药,-2.2034473
531,2519,2025-01-27,603611,诺力股份,工程机械,-2.2041502
532,1315,2025-01-27,300856,科思股份,美容护理,-2.2043796
533,1337,2025-01-27,2466,天齐锂业,能源金属,-2.204438
534,1691,2025-01-27,600339,中油工程,采掘行业,-2.2044995
535,3534,2025-01-27,2516,旷达科技,汽车零部件,-2.2047758
536,3205,2025-01-27,600067,冠城新材,电网设备,-2.2048767
537,1054,2025-01-27,603808,歌力思,纺织服装,-2.206108
538,693,2025-01-27,600328,中盐化工,化学原料,-2.2061243
539,1467,2025-01-27,600704,物产中大,物流行业,-2.206287
540,3173,2025-01-27,564,供销大集,商业百货,-2.206609
541,403,2025-01-27,600834,申通地铁,铁路公路,-2.206853
542,1187,2025-01-27,2717,岭南股份,环保行业,-2.2072198
543,1333,2025-01-27,603799,华友钴业,能源金属,-2.207966
544,1150,2025-01-27,2266,浙富控股,环保行业,-2.2080424
545,2719,2025-01-27,688793,倍轻松,家电行业,-2.208096
546,3882,2025-01-27,300650,太龙股份,光学光电子,-2.2082868
547,1639,2025-01-27,661,长春高新,生物制品,-2.2084944
548,2683,2025-01-27,2677,浙江美大,家电行业,-2.2085557
549,184,2025-01-27,600399,抚顺特钢,钢铁行业,-2.2103064
550,2392,2025-01-27,2059,云南旅游,旅游酒店,-2.2103324
551,269,2025-01-27,603233,大参林,医药商业,-2.2109802
552,694,2025-01-27,600623,华谊集团,化学原料,-2.2110841
553,271,2025-01-27,2727,一心堂,医药商业,-2.2111309
554,3246,2025-01-27,300510,金冠股份,电网设备,-2.2111506
555,1868,2025-01-27,600273,嘉化能源,化学制品,-2.2118275
556,2570,2025-01-27,625,长安汽车,汽车整车,-2.2119513
557,519,2025-01-27,300761,立华股份,农牧饲渔,-2.2120543
558,2827,2025-01-27,600050,中国联通,通信服务,-2.212191
559,1719,2025-01-27,2254,泰和新材,化纤行业,-2.2124903
560,258,2025-01-27,1258,立新能源,电力行业,-2.2127328
561,1840,2025-01-27,2096,易普力,化学制品,-2.2131927
562,2547,2025-01-27,600779,水井坊,酿酒行业,-2.2135015
563,85,2025-01-27,600188,兖矿能源,煤炭行业,-2.214629
564,245,2025-01-27,591,太阳能,电力行业,-2.214675
565,2567,2025-01-27,601633,长城汽车,汽车整车,-2.2149036
566,714,2025-01-27,545,金浦钛业,化学原料,-2.215168
567,2788,2025-01-27,601766,中国中车,交运设备,-2.2157109
568,3237,2025-01-27,2882,金龙羽,电网设备,-2.2162027
569,1893,2025-01-27,2783,凯龙股份,化学制品,-2.2163754
570,2089,2025-01-27,2374,中锐股份,包装材料,-2.2166827
571,3184,2025-01-27,2346,柘中股份,电网设备,-2.2168858
572,1050,2025-01-27,603958,哈森股份,纺织服装,-2.2175002
573,3482,2025-01-27,301357,北方长龙,汽车零部件,-2.2181811
574,3192,2025-01-27,603829,洛凯股份,电网设备,-2.2185318
575,487,2025-01-27,600008,首创环保,公用事业,-2.2186518
576,3436,2025-01-27,2813,路畅科技,汽车零部件,-2.219503
577,2536,2025-01-27,601579,会稽山,酿酒行业,-2.2199795
578,622,2025-01-27,554,泰山石油,石油行业,-2.2208397
579,701,2025-01-27,600955,维远股份,化学原料,-2.2208703
580,2701,2025-01-27,2035,华帝股份,家电行业,-2.2217486
581,3680,2025-01-27,301468,博盈特焊,专用设备,-2.2227418
582,3644,2025-01-27,601798,蓝科高新,专用设备,-2.222856
583,259,2025-01-27,537,中绿电,电力行业,-2.2240193
584,3650,2025-01-27,1360,南矿集团,专用设备,-2.2245686
585,1251,2025-01-27,600252,中恒集团,中药,-2.225319
586,708,2025-01-27,603077,和邦生物,化学原料,-2.2253318
587,1151,2025-01-27,35,中国天楹,环保行业,-2.225507
588,1006,2025-01-27,2144,宏达高科,纺织服装,-2.2257252
589,2512,2025-01-27,600815,厦工股份,工程机械,-2.2262394
590,68,2025-01-27,600333,长春燃气,燃气,-2.226273
591,1863,2025-01-27,600370,三房巷,化学制品,-2.2263465
592,1522,2025-01-27,600502,安徽建工,工程建设,-2.2264054
593,3795,2025-01-27,601399,国机重装,专用设备,-2.2265844
594,4394,2025-01-27,601995,中金公司,证券,-2.2266452
595,639,2025-01-27,301588,美新科技,家用轻工,-2.2268493
596,1194,2025-01-27,300008,天海防务,船舶制造,-2.2288475
597,2021,2025-01-27,600338,西藏珠峰,有色金属,-2.2298274
598,21,2025-01-27,601169,北京银行,银行,-2.2301269
599,4043,2025-01-27,300417,南华仪器,仪器仪表,-2.2305503
600,1379,2025-01-27,600158,中体产业,文化传媒,-2.2306626
601,2005,2025-01-27,600531,豫光金铅,有色金属,-2.231205
602,933,2025-01-27,600196,复星医药,化学制药,-2.2316813
603,4310,2025-01-27,300420,五洋自控,通用设备,-2.2319608
604,4759,2025-01-27,300516,久之洋,电子元件,-2.2320318
605,1000,2025-01-27,603001,奥康国际,纺织服装,-2.232913
606,3892,2025-01-27,45,深纺织Ａ,光学光电子,-2.2331972
607,2865,2025-01-27,600372,中航机载,航天航空,-2.2333915
608,4279,2025-01-27,600992,贵绳股份,通用设备,-2.2341418
609,1168,2025-01-27,300425,中建环能,环保行业,-2.234324
610,1022,2025-01-27,2083,孚日股份,纺织服装,-2.2349162
611,456,2025-01-27,507,珠海港,航运港口,-2.2353635
612,1452,2025-01-27,600794,保税科技,物流行业,-2.2357063
613,1178,2025-01-27,603126,中材节能,环保行业,-2.236383
614,1149,2025-01-27,300172,中电环保,环保行业,-2.236672
615,1925,2025-01-27,688639,华恒生物,化学制品,-2.2374449
616,2422,2025-01-27,2159,三特索道,旅游酒店,-2.2375598
617,4490,2025-01-27,600877,电科芯片,半导体,-2.2375946
618,1327,2025-01-27,300957,贝泰妮,美容护理,-2.2375948
619,1621,2025-01-27,2007,华兰生物,生物制品,-2.2379625
620,4513,2025-01-27,688041,海光信息,半导体,-2.2380471
621,1098,2025-01-27,600874,创业环保,环保行业,-2.2381756
622,2171,2025-01-27,600271,航天信息,互联网服务,-2.238197
623,2406,2025-01-27,610,西安旅游,旅游酒店,-2.2383635
624,491,2025-01-27,3039,顺控发展,公用事业,-2.238428
625,1321,2025-01-27,300740,水羊股份,美容护理,-2.23855
626,3616,2025-01-27,300429,强力新材,电子化学品,-2.2387967
627,3613,2025-01-27,2643,万润股份,电子化学品,-2.2393644
628,397,2025-01-27,900,现代投资,铁路公路,-2.2394912
629,2700,2025-01-27,3023,彩虹集团,家电行业,-2.2400007
630,220,2025-01-27,600098,广州发展,电力行业,-2.2400572
631,469,2025-01-27,601919,中远海控,航运港口,-2.240791
632,236,2025-01-27,600101,明星电力,电力行业,-2.241012
633,3712,2025-01-27,519,中兵红箭,专用设备,-2.241169
634,4230,2025-01-27,603391,力聚热能,通用设备,-2.241483
635,1988,2025-01-27,751,锌业股份,有色金属,-2.2416122
636,216,2025-01-27,600032,浙江新能,电力行业,-2.2423825
637,587,2025-01-27,600356,恒丰纸业,造纸印刷,-2.2425785
638,954,2025-01-27,756,新华制药,化学制药,-2.242695
639,1242,2025-01-27,600518,康美药业,中药,-2.2426968
640,2398,2025-01-27,2033,丽江股份,旅游酒店,-2.2428799
641,2102,2025-01-27,603444,吉比特,游戏,-2.2434313
642,3225,2025-01-27,2498,汉缆股份,电网设备,-2.2443445
643,4954,2025-01-27,600416,湘电股份,电机,-2.2446485
644,450,2025-01-27,601018,宁波港,航运港口,-2.2447574
645,1462,2025-01-27,906,浙商中拓,物流行业,-2.2447774
646,1223,2025-01-27,600085,同仁堂,中药,-2.2447999
647,1174,2025-01-27,300070,碧水源,环保行业,-2.244848
648,2330,2025-01-27,603866,桃李面包,食品饮料,-2.244997
649,3485,2025-01-27,600960,渤海汽车,汽车零部件,-2.2450414
650,3817,2025-01-27,300382,斯莱克,专用设备,-2.2451437
651,419,2025-01-27,600425,青松建化,水泥建材,-2.2451797
652,533,2025-01-27,2385,大北农,农牧饲渔,-2.2453632
653,1063,2025-01-27,600400,红豆股份,纺织服装,-2.2454545
654,1246,2025-01-27,600080,金花股份,中药,-2.2457209
655,4003,2025-01-27,300073,当升科技,电池,-2.2458541
656,310,2025-01-27,600227,赤天化,化肥行业,-2.2459283
657,4531,2025-01-27,688233,神工股份,半导体,-2.2460198
658,3117,2025-01-27,829,天音控股,贸易行业,-2.2463942
659,139,2025-01-27,300261,雅本化学,农药兽药,-2.246405
660,794,2025-01-27,300685,艾德生物,医疗器械,-2.2464168
661,2913,2025-01-27,567,海德股份,多元金融,-2.2467442
662,3163,2025-01-27,2416,爱施德,商业百货,-2.2473152
663,4723,2025-01-27,2214,大立科技,电子元件,-2.2478223
664,2546,2025-01-27,858,五 粮 液,酿酒行业,-2.248103
665,3489,2025-01-27,2406,远东传动,汽车零部件,-2.2481182
666,958,2025-01-27,566,海南海药,化学制药,-2.2481658
667,200,2025-01-27,993,闽东电力,电力行业,-2.2483854
668,467,2025-01-27,601975,招商南油,航运港口,-2.2486389
669,1545,2025-01-27,2431,棕榈股份,工程建设,-2.2496104
670,3311,2025-01-27,601218,吉鑫科技,风电设备,-2.249805
671,4269,2025-01-27,301446,福事特,通用设备,-2.2499218
672,280,2025-01-27,705,浙江震元,医药商业,-2.25031
673,4028,2025-01-27,300068,南都电源,电池,-2.2505293
674,1615,2025-01-27,2252,上海莱士,生物制品,-2.2505965
675,1469,2025-01-27,601598,中国外运,物流行业,-2.2510908
676,3096,2025-01-27,600278,东方创业,贸易行业,-2.25172
677,193,2025-01-27,600674,川投能源,电力行业,-2.252162
678,410,2025-01-27,828,东莞控股,铁路公路,-2.2523506
679,1765,2025-01-27,2080,中材科技,玻璃玻纤,-2.252868
680,4289,2025-01-27,410,沈阳机床,通用设备,-2.2531748
681,3019,2025-01-27,300451,创业慧康,软件开发,-2.2534506
682,463,2025-01-27,601228,广州港,航运港口,-2.2536278
683,2553,2025-01-27,600809,山西汾酒,酿酒行业,-2.2538524
684,535,2025-01-27,930,中粮科技,农牧饲渔,-2.2539628
685,4748,2025-01-27,603375,盛景微,电子元件,-2.253974
686,4107,2025-01-27,831,中国稀土,小金属,-2.2540529
687,3993,2025-01-27,2805,丰元股份,电池,-2.2540815
688,372,2025-01-27,603838,四通股份,装修建材,-2.2546828
689,2460,2025-01-27,600208,衢州发展,房地产开发,-2.2547405
690,1390,2025-01-27,601949,中国出版,文化传媒,-2.2551076
691,951,2025-01-27,688553,汇宇制药-W,化学制药,-2.255268
692,209,2025-01-27,600886,国投电力,电力行业,-2.2553937
693,1749,2025-01-27,603900,莱绅通灵,珠宝首饰,-2.2556736
694,921,2025-01-27,597,东北制药,化学制药,-2.2561233
695,3431,2025-01-27,603035,常熟汽饰,汽车零部件,-2.256331
696,1646,2025-01-27,301047,义翘神州,生物制品,-2.2567046
697,2789,2025-01-27,925,众合科技,交运设备,-2.2567995
698,3362,2025-01-27,301042,安联锐视,计算机设备,-2.2574744
699,254,2025-01-27,875,吉电股份,电力行业,-2.2574909
700,486,2025-01-27,685,中山公用,公用事业,-2.2579014
701,2030,2025-01-27,2824,和胜股份,有色金属,-2.2579942
702,4728,2025-01-27,688210,统联精密,电子元件,-2.258159
703,3727,2025-01-27,601106,中国一重,专用设备,-2.2582457
704,90,2025-01-27,600508,上海能源,煤炭行业,-2.2584715
705,4900,2025-01-27,2446,盛路通信,通信设备,-2.2593446
706,1214,2025-01-27,600479,千金药业,中药,-2.2597044
707,1632,2025-01-27,301393,昊帆生物,生物制品,-2.259741
708,91,2025-01-27,600925,苏能股份,煤炭行业,-2.2600448
709,525,2025-01-27,300087,荃银高科,农牧饲渔,-2.2604153
710,63,2025-01-27,300332,天壕能源,燃气,-2.2604911
711,3235,2025-01-27,603861,白云电器,电网设备,-2.2608593
712,278,2025-01-27,603368,柳药集团,医药商业,-2.2617967
713,4839,2025-01-27,301516,中远通,电源设备,-2.2622705
714,1624,2025-01-27,300009,安科生物,生物制品,-2.2626498
715,67,2025-01-27,300483,首华燃气,燃气,-2.2627604
716,2408,2025-01-27,601888,中国中免,旅游酒店,-2.2627926
717,2522,2025-01-27,2097,山河智能,工程机械,-2.262854
718,1756,2025-01-27,601636,旗滨集团,玻璃玻纤,-2.2629387
719,1704,2025-01-27,2206,海 利 得,化纤行业,-2.2630248
720,228,2025-01-27,600483,福能股份,电力行业,-2.263698
721,2987,2025-01-27,503,国新健康,软件开发,-2.2645783
722,531,2025-01-27,505,京粮控股,农牧饲渔,-2.2648942
723,2001,2025-01-27,60,中金岭南,有色金属,-2.2651439
724,1133,2025-01-27,300664,鹏鹞环保,环保行业,-2.2653744
725,95,2025-01-27,600348,华阳股份,煤炭行业,-2.265515
726,603,2025-01-27,301355,南王科技,造纸印刷,-2.2657127
727,178,2025-01-27,600307,酒钢宏兴,钢铁行业,-2.2659817
728,4256,2025-01-27,605123,派克新材,通用设备,-2.2662103
729,1454,2025-01-27,600125,铁龙物流,物流行业,-2.2666264
730,1031,2025-01-27,300591,万里马,纺织服装,-2.2668345
731,1682,2025-01-27,600871,石化油服,采掘行业,-2.2668366
732,1539,2025-01-27,2061,浙江交科,工程建设,-2.2669048
733,2130,2025-01-27,2331,皖通科技,互联网服务,-2.2672772
734,3707,2025-01-27,603356,华菱精工,专用设备,-2.267355
735,586,2025-01-27,605377,华旺科技,造纸印刷,-2.267404
736,4753,2025-01-27,603936,博敏电子,电子元件,-2.2674067
737,461,2025-01-27,600428,中远海特,航运港口,-2.2676952
738,466,2025-01-27,600798,宁波海运,航运港口,-2.26792
739,2786,2025-01-27,603500,祥和实业,交运设备,-2.2680335
740,1746,2025-01-27,2345,潮宏基,珠宝首饰,-2.2680755
741,459,2025-01-27,601022,宁波远洋,航运港口,-2.2681303
742,3738,2025-01-27,2651,利君股份,专用设备,-2.2683446
743,900,2025-01-27,300401,花园生物,化学制药,-2.268418
744,3121,2025-01-27,600128,苏豪弘业,贸易行业,-2.2687013
745,3977,2025-01-27,688819,天能股份,电池,-2.269027
746,968,2025-01-27,688356,键凯科技,化学制药,-2.269408
747,4752,2025-01-27,2161,远 望 谷,电子元件,-2.2695556
748,78,2025-01-27,552,甘肃能化,煤炭行业,-2.2700791
749,3423,2025-01-27,601717,郑煤机,汽车零部件,-2.2706287
750,2444,2025-01-27,2133,广宇集团,房地产开发,-2.2710285
751,4750,2025-01-27,600353,旭光电子,电子元件,-2.2711911
752,3522,2025-01-27,603178,圣龙股份,汽车零部件,-2.271464
753,1758,2025-01-27,12,南  玻Ａ,玻璃玻纤,-2.2715173
754,3167,2025-01-27,605136,丽人丽妆,商业百货,-2.2717438
755,231,2025-01-27,966,长源电力,电力行业,-2.2717564
756,547,2025-01-27,600975,新五丰,农牧饲渔,-2.2720008
757,4210,2025-01-27,601369,陕鼓动力,通用设备,-2.2727501
758,3964,2025-01-27,603659,璞泰来,电池,-2.273222
759,302,2025-01-27,731,四川美丰,化肥行业,-2.2732315
760,455,2025-01-27,601008,连云港,航运港口,-2.273459
761,638,2025-01-27,603195,公牛集团,家用轻工,-2.2738233
762,315,2025-01-27,600470,六国化工,化肥行业,-2.2742217
763,2339,2025-01-27,2847,盐津铺子,食品饮料,-2.2742224
764,382,2025-01-27,600337,美克家居,装修建材,-2.2746375
765,2781,2025-01-27,600528,中铁工业,交运设备,-2.2750516
766,889,2025-01-27,2550,千红制药,化学制药,-2.2751284
767,2540,2025-01-27,860,顺鑫农业,酿酒行业,-2.2755334
768,3971,2025-01-27,300530,领湃科技,电池,-2.2762146
769,1045,2025-01-27,2029,七 匹 狼,纺织服装,-2.2763686
770,1399,2025-01-27,600229,城市传媒,文化传媒,-2.2769604
771,2671,2025-01-27,603519,立霸股份,家电行业,-2.2779717
772,1527,2025-01-27,600170,上海建工,工程建设,-2.2796202
773,1476,2025-01-27,2010,传化智联,物流行业,-2.279674
774,4088,2025-01-27,960,锡业股份,小金属,-2.2797055
775,1244,2025-01-27,919,金陵药业,中药,-2.2799973
776,1735,2025-01-27,600624,复旦复华,综合行业,-2.2804487
777,2747,2025-01-27,603698,航天工程,专业服务,-2.2806182
778,4889,2025-01-27,600775,南京熊猫,通信设备,-2.280991
779,4558,2025-01-27,688589,力合微,半导体,-2.2812934
780,1039,2025-01-27,603130,云中马,纺织服装,-2.2819703
781,1016,2025-01-27,2404,嘉欣丝绸,纺织服装,-2.2820454
782,1919,2025-01-27,600378,昊华科技,化学制品,-2.2820635
783,1524,2025-01-27,601668,中国建筑,工程建设,-2.282151
784,892,2025-01-27,513,丽珠集团,化学制药,-2.282213
785,3662,2025-01-27,688633,星球石墨,专用设备,-2.2824223
786,716,2025-01-27,301118,恒光股份,化学原料,-2.282929
787,3493,2025-01-27,600676,交运股份,汽车零部件,-2.283169
788,3872,2025-01-27,2638,勤上股份,光学光电子,-2.2834113
789,2064,2025-01-27,600115,中国东航,航空机场,-2.283428
790,3888,2025-01-27,2387,维信诺,光学光电子,-2.2834885
791,2689,2025-01-27,2614,奥佳华,家电行业,-2.2838264
792,171,2025-01-27,600507,方大特钢,钢铁行业,-2.2839003
793,3371,2025-01-27,2236,大华股份,计算机设备,-2.283985
794,1005,2025-01-27,726,鲁  泰Ａ,纺织服装,-2.2843962
795,1160,2025-01-27,603568,伟明环保,环保行业,-2.2844286
796,2710,2025-01-27,300272,开能健康,家电行业,-2.2846732
797,4467,2025-01-23,688720,艾森股份,半导体,-2.2852142
798,862,2025-01-27,2262,恩华药业,化学制药,-2.2855713
799,1457,2025-01-27,600057,厦门象屿,物流行业,-2.2857883
800,4291,2025-01-27,777,中核科技,通用设备,-2.2862144
801,4510,2025-01-27,603290,斯达半导,半导体,-2.2868898
802,1026,2025-01-27,603587,地素时尚,纺织服装,-2.2870135
803,2301,2025-01-27,300791,仙乐健康,食品饮料,-2.287044
804,142,2025-01-27,553,安道麦A,农药兽药,-2.2871282
805,1041,2025-01-27,600156,华升股份,纺织服装,-2.2872357
806,2790,2025-01-27,688459,哈铁科技,交运设备,-2.2874324
807,60,2025-01-27,968,蓝焰控股,燃气,-2.2874973
808,2691,2025-01-27,601956,东贝集团,家电行业,-2.2875874
809,3098,2025-01-27,600153,建发股份,贸易行业,-2.2878897
810,4213,2025-01-27,2884,凌霄泵业,通用设备,-2.2881444
811,3137,2025-01-27,58,深 赛 格,商业百货,-2.2886071
812,3734,2025-01-27,300402,宝色股份,专用设备,-2.2886367
813,1884,2025-01-27,301092,争光股份,化学制品,-2.2888007
814,1757,2025-01-27,300196,长海股份,玻璃玻纤,-2.288936
815,496,2025-01-27,600187,国中水务,公用事业,-2.289072
816,50,2025-01-27,1299,美能能源,燃气,-2.2894433
817,2548,2025-01-27,600600,青岛啤酒,酿酒行业,-2.2895555
818,2063,2025-01-27,600221,海航控股,航空机场,-2.2899127
819,2646,2025-01-27,301565,中仑新材,塑料制品,-2.2901244
820,3969,2025-01-27,601311,骆驼股份,电池,-2.2908044
821,412,2025-01-27,603069,海汽集团,铁路公路,-2.2908778
822,4037,2025-01-27,603700,宁水集团,仪器仪表,-2.2910607
823,2668,2025-01-27,603515,欧普照明,家电行业,-2.2914572
824,2255,2025-01-27,600300,维维股份,食品饮料,-2.2916112
825,3708,2025-01-27,603966,法兰泰克,专用设备,-2.2924044
826,2105,2025-01-27,2555,三七互娱,游戏,-2.2928894
827,778,2025-01-27,300482,万孚生物,医疗器械,-2.2936144
828,3523,2025-01-27,559,万向钱潮,汽车零部件,-2.2939703
829,4431,2025-01-27,603260,合盛硅业,非金属材料,-2.2940435
830,2875,2025-01-27,600862,中航高科,航天航空,-2.2940767
831,2413,2025-01-27,2186,全 聚 德,旅游酒店,-2.2941484
832,1881,2025-01-27,2455,百川股份,化学制品,-2.2941518
833,3898,2025-01-27,600703,三安光电,光学光电子,-2.2943249
834,514,2025-01-27,2746,仙坛股份,农牧饲渔,-2.2949398
835,4004,2025-01-27,688339,亿华通-U,电池,-2.295024
836,1256,2025-01-27,300878,维康药业,中药,-2.2953653
837,3206,2025-01-27,601877,正泰电器,电网设备,-2.2955024
838,3162,2025-01-27,600827,百联股份,商业百货,-2.2959433
839,2746,2025-01-27,3035,南网能源,专业服务,-2.2959645
840,3220,2025-01-27,605066,天正电气,电网设备,-2.2959914
841,2863,2025-01-27,768,中航西飞,航天航空,-2.2959971
842,4095,2025-01-27,301026,浩通科技,小金属,-2.2960052
843,4734,2025-01-27,2869,金溢科技,电子元件,-2.2960498
844,4559,2025-01-27,688381,帝奥微,半导体,-2.2963886
845,198,2025-01-27,600023,浙能电力,电力行业,-2.2970972
846,891,2025-01-27,2940,昂利康,化学制药,-2.2971947
847,1889,2025-01-27,688353,华盛锂电,化学制品,-2.2973187
848,1936,2025-01-27,301518,长华化学,化学制品,-2.2975347
849,4064,2025-01-27,300567,精测电子,仪器仪表,-2.2988868
850,1896,2025-01-27,2827,高争民爆,化学制品,-2.2991683
851,1631,2025-01-27,301509,金凯生科,生物制品,-2.2993152
852,232,2025-01-27,601016,节能风电,电力行业,-2.299591
853,4553,2025-01-27,688530,欧莱新材,半导体,-2.300024
854,1459,2025-01-27,1213,中铁特货,物流行业,-2.300422
855,2902,2025-01-27,603123,翠微股份,多元金融,-2.3004727
856,2157,2025-01-27,2401,中远海科,互联网服务,-2.3005526
857,1450,2025-01-27,600575,淮河能源,物流行业,-2.3005736
858,4616,2025-01-27,2841,视源股份,消费电子,-2.3006227
859,732,2025-01-27,2125,湘潭电化,化学原料,-2.301337
860,2275,2025-01-27,911,广农糖业,食品饮料,-2.301858
861,1662,2025-01-27,688276,百克生物,生物制品,-2.3020015
862,4164,2025-01-27,2218,拓日新能,光伏设备,-2.302315
863,4471,2025-01-27,688120,华海清科,半导体,-2.3024414
864,1789,2025-01-27,2173,创新医疗,医疗服务,-2.302504
865,589,2025-01-27,600308,华泰股份,造纸印刷,-2.3025687
866,2437,2025-01-27,600716,凤凰股份,房地产开发,-2.3029935
867,914,2025-01-27,788,北大医药,化学制药,-2.3032458
868,3986,2025-01-27,688772,珠海冠宇,电池,-2.3035884
869,3382,2025-01-27,300551,古鳌科技,计算机设备,-2.3036246
870,3689,2025-01-27,600444,国机通用,专用设备,-2.303748
871,2416,2025-01-27,603099,长白山,旅游酒店,-2.3037531
872,1463,2025-01-27,1317,三羊马,物流行业,-2.3040075
873,1871,2025-01-27,603010,万盛股份,化学制品,-2.3042793
874,4557,2025-01-27,688173,希荻微,半导体,-2.3043501
875,2062,2025-01-27,600004,白云机场,航空机场,-2.3052242
876,2455,2025-01-27,11,深物业A,房地产开发,-2.3056936
877,3063,2025-01-27,601519,大智慧,软件开发,-2.3057363
878,629,2025-01-27,819,岳阳兴长,石油行业,-2.305895
879,1038,2025-01-27,603889,新澳股份,纺织服装,-2.3061545
880,3656,2025-01-27,601038,一拖股份,专用设备,-2.3069115
881,203,2025-01-27,3816,中国广核,电力行业,-2.307097
882,2551,2025-01-27,600197,伊力特,酿酒行业,-2.3074465
883,890,2025-01-27,153,丰原药业,化学制药,-2.307486
884,3460,2025-01-27,300928,华安鑫创,汽车零部件,-2.3077364
885,4866,2025-01-27,2935,天奥电子,通信设备,-2.3080797
886,1620,2025-01-27,300204,舒泰神,生物制品,-2.308085
887,3702,2025-01-27,600343,航天动力,专用设备,-2.3083444
888,66,2025-01-27,600635,大众公用,燃气,-2.3090265
889,2648,2025-01-27,973,佛塑科技,塑料制品,-2.3091662
890,1948,2025-01-27,300041,回天新材,化学制品,-2.3092844
891,2307,2025-01-27,523,红棉股份,食品饮料,-2.3094788
892,101,2025-01-27,600121,郑州煤电,煤炭行业,-2.3095114
893,1216,2025-01-27,600436,片仔癀,中药,-2.309592
894,633,2025-01-27,300729,乐歌股份,家用轻工,-2.3097076
895,784,2025-01-27,688298,东方生物,医疗器械,-2.3100262
896,1144,2025-01-27,300864,南大环境,环保行业,-2.3102038
897,1656,2025-01-27,300841,康华生物,生物制品,-2.3107011
898,224,2025-01-27,690,宝新能源,电力行业,-2.3113508
899,568,2025-01-27,48,京基智农,农牧饲渔,-2.3115792
900,2601,2025-01-27,2263,大东南,塑料制品,-2.3117464
901,33,2025-01-27,600036,招商银行,银行,-2.3118572
902,1042,2025-01-27,2612,朗姿股份,纺织服装,-2.3118987
903,4722,2025-01-27,301320,豪江智能,电子元件,-2.3126197
904,2864,2025-01-27,2297,博云新材,航天航空,-2.3126526
905,1552,2025-01-27,601068,中铝国际,工程建设,-2.3126867
906,814,2025-01-27,300653,正海生物,医疗器械,-2.3129096
907,3683,2025-01-27,301272,英华特,专用设备,-2.3131251
908,47,2025-01-27,605368,蓝天燃气,燃气,-2.313181
909,3190,2025-01-27,301295,美硕科技,电网设备,-2.3131926
910,424,2025-01-27,672,上峰水泥,水泥建材,-2.313491
911,1247,2025-01-27,603858,步长制药,中药,-2.31353
912,1328,2025-01-27,688363,华熙生物,美容护理,-2.313553
913,3543,2025-01-27,301607,富特科技,汽车零部件,-2.3140047
914,3610,2025-01-27,688268,华特气体,电子化学品,-2.3143845
915,2673,2025-01-27,603355,莱克电气,家电行业,-2.3144252
916,824,2025-01-27,2432,九安医疗,医疗器械,-2.3149009
917,1180,2025-01-27,600217,中再资环,环保行业,-2.3160741
918,452,2025-01-27,88,盐 田 港,航运港口,-2.316093
919,3207,2025-01-27,2857,三晖电气,电网设备,-2.3162293
920,4433,2025-01-27,600783,鲁信创投,非金属材料,-2.3163085
921,2543,2025-01-27,600059,古越龙山,酿酒行业,-2.3175397
922,1913,2025-01-27,2810,山东赫达,化学制品,-2.3175833
923,908,2025-01-27,300194,福安药业,化学制药,-2.3177347
924,1641,2025-01-27,600867,通化东宝,生物制品,-2.3177524
925,4163,2025-01-27,300751,迈为股份,光伏设备,-2.3179226
926,3477,2025-01-27,2906,华阳集团,汽车零部件,-2.3181224
927,4808,2025-01-27,300474,景嘉微,电子元件,-2.3184412
928,2552,2025-01-27,600559,老白干酒,酿酒行业,-2.3187735
929,2883,2025-01-27,300775,三角防务,航天航空,-2.3189929
930,202,2025-01-27,600863,内蒙华电,电力行业,-2.3192239
931,2688,2025-01-27,404,长虹华意,家电行业,-2.3196318
932,2544,2025-01-27,2646,天佑德酒,酿酒行业,-2.3198414
933,32,2025-01-27,2958,青农商行,银行,-2.3198934
934,444,2025-01-27,600018,上港集团,航运港口,-2.3199034
935,301,2025-01-27,792,盐湖股份,化肥行业,-2.320116
936,3744,2025-01-27,300480,光力科技,专用设备,-2.3202493
937,2292,2025-01-27,600872,中炬高新,食品饮料,-2.3204398
938,439,2025-01-27,600881,亚泰集团,水泥建材,-2.3213246
939,985,2025-01-27,2793,罗欣药业,化学制药,-2.3213315
940,3114,2025-01-27,2183,怡 亚 通,贸易行业,-2.3214035
941,3082,2025-01-27,300075,数字政通,软件开发,-2.3214965
942,1638,2025-01-27,688176,亚虹医药-U,生物制品,-2.3222256
943,1141,2025-01-27,600796,钱江生化,环保行业,-2.322386
944,1753,2025-01-27,600176,中国巨石,玻璃玻纤,-2.322561
945,2323,2025-01-27,603345,安井食品,食品饮料,-2.3227289
946,4034,2025-01-27,601222,林洋能源,仪器仪表,-2.3231306
947,2210,2025-01-27,600589,大位科技,互联网服务,-2.3235514
948,3202,2025-01-27,2692,远程股份,电网设备,-2.323567
949,1389,2025-01-27,600637,东方明珠,文化传媒,-2.3239686
950,1672,2025-01-27,2581,未名医药,生物制品,-2.3240762
951,819,2025-01-27,600529,山东药玻,医疗器械,-2.3241024
952,2266,2025-01-27,848,承德露露,食品饮料,-2.3244615
953,2801,2025-01-27,688569,铁科轨道,交运设备,-2.324679
954,4124,2025-01-27,688472,阿特斯,光伏设备,-2.3247073
955,28,2025-01-27,1,平安银行,银行,-2.3247354
956,1549,2025-01-27,2307,北新路桥,工程建设,-2.3247578
957,936,2025-01-27,2294,信立泰,化学制药,-2.3249402
958,1375,2025-01-27,300770,新媒股份,文化传媒,-2.3250487
959,534,2025-01-27,600359,新农开发,农牧饲渔,-2.3257403
960,1848,2025-01-27,2360,同德化工,化学制品,-2.326272
961,1774,2025-01-27,2044,美年健康,医疗服务,-2.3264143
962,2678,2025-01-27,651,格力电器,家电行业,-2.326619
963,1025,2025-01-27,2293,罗莱生活,纺织服装,-2.3267603
964,4760,2025-01-27,301571,国科天成,电子元件,-2.3268807
965,2473,2025-01-27,600094,大名城,房地产开发,-2.327644
966,689,2025-01-27,603065,宿迁联盛,化学原料,-2.328131
967,1651,2025-01-27,300122,智飞生物,生物制品,-2.3288312
968,2619,2025-01-27,300214,日科化学,塑料制品,-2.3295052
969,878,2025-01-27,603367,辰欣药业,化学制药,-2.3310554
970,1521,2025-01-27,600820,隧道股份,工程建设,-2.3314767
971,454,2025-01-27,1872,招商港口,航运港口,-2.3314846
972,3996,2025-01-27,688707,振华新材,电池,-2.331751
973,1680,2025-01-27,600583,海油工程,采掘行业,-2.331913
974,595,2025-01-27,600966,博汇纸业,造纸印刷,-2.3319454
975,1537,2025-01-27,601618,中国中冶,工程建设,-2.3319917
976,2067,2025-01-27,2928,华夏航空,航空机场,-2.3321211
977,130,2025-01-27,300804,广康生化,农药兽药,-2.3322527
978,3101,2025-01-27,626,远大控股,贸易行业,-2.3328538
979,1799,2025-01-27,301267,华厦眼科,医疗服务,-2.333261
980,255,2025-01-27,899,赣能股份,电力行业,-2.333303
981,282,2025-01-27,603939,益丰药房,医药商业,-2.3333113
982,460,2025-01-27,2040,南 京 港,航运港口,-2.333761
983,3647,2025-01-27,603280,南方路机,专用设备,-2.3337877
984,4764,2025-01-27,300747,锐科激光,电子元件,-2.3341773
985,1147,2025-01-27,301049,超越科技,环保行业,-2.334289
986,2870,2025-01-27,600391,航发科技,航天航空,-2.334597
987,850,2025-01-27,300595,欧普康视,医疗器械,-2.3347788
988,233,2025-01-27,37,深南电A,电力行业,-2.3351066
989,52,2025-01-27,603689,皖天然气,燃气,-2.335716
990,1384,2025-01-27,601921,浙版传媒,文化传媒,-2.3357463
991,667,2025-01-27,818,航锦科技,化学原料,-2.3357584
992,1813,2025-01-27,600327,大东方,医疗服务,-2.336032
993,3716,2025-01-27,300527,中船应急,专用设备,-2.3360505
994,1274,2025-01-27,3013,地铁设计,工程咨询服务,-2.3361874
995,303,2025-01-27,912,泸天化,化肥行业,-2.3363369
996,3080,2025-01-27,300682,朗新集团,软件开发,-2.3363538
997,462,2025-01-27,601880,辽港股份,航运港口,-2.3368528
998,839,2025-01-27,688289,圣湘生物,医疗器械,-2.33693
999,3418,2025-01-27,603239,浙江仙通,汽车零部件,-2.337089
1000,1486,2025-01-27,600787,中储股份,物流行业,-2.3375287
1001,247,2025-01-27,601778,晶科科技,电力行业,-2.3383806
1002,2682,2025-01-27,600690,海尔智家,家电行业,-2.3385587
1003,4104,2025-01-27,2378,章源钨业,小金属,-2.3385904
1004,2284,2025-01-27,603043,广州酒家,食品饮料,-2.3387878
1005,2699,2025-01-27,603551,奥普科技,家电行业,-2.3387887
1006,4664,2025-01-27,600203,福日电子,消费电子,-2.3388536
1007,2624,2025-01-27,300243,瑞丰高材,塑料制品,-2.3390598
1008,3838,2025-01-27,2006,精工科技,专用设备,-2.3391175
1009,133,2025-01-27,2513,蓝丰生化,农药兽药,-2.3392456
1010,903,2025-01-27,2393,力生制药,化学制药,-2.339299
1011,1019,2025-01-27,603365,水星家纺,纺织服装,-2.339342
1012,4873,2025-01-27,547,航天发展,通信设备,-2.3393643
1013,956,2025-01-27,603456,九洲药业,化学制药,-2.3394756
1014,1530,2025-01-27,2060,广东建工,工程建设,-2.339987
1015,4511,2025-01-27,688439,振华风光,半导体,-2.3403258
1016,471,2025-01-27,601866,中远海发,航运港口,-2.340604
1017,39,2025-01-27,2936,郑州银行,银行,-2.3407235
1018,4896,2025-01-27,603712,七一二,通信设备,-2.3415253
1019,2761,2025-01-27,300215,电科院,专业服务,-2.3417656
1020,4651,2025-01-27,301567,贝隆精密,消费电子,-2.3418434
1021,1512,2025-01-27,600284,浦东建设,工程建设,-2.3419964
1022,2784,2025-01-27,2105,信隆健康,交运设备,-2.342193
1023,2391,2025-01-27,300144,宋城演艺,旅游酒店,-2.3423595
1024,1901,2025-01-27,301100,风光股份,化学制品,-2.3425922
1025,2078,2025-01-27,601968,宝钢包装,包装材料,-2.3426607
1026,3412,2025-01-27,605151,西上海,汽车零部件,-2.3431964
1027,2514,2025-01-27,600761,安徽合力,工程机械,-2.3432071
1028,2855,2025-01-27,603261,立航科技,航天航空,-2.3435097
1029,3513,2025-01-27,2101,广东鸿图,汽车零部件,-2.344108
1030,4378,2025-01-27,600918,中泰证券,证券,-2.3445258
1031,1855,2025-01-27,600309,万华化学,化学制品,-2.3447468
1032,1278,2025-01-27,603458,勘设股份,工程咨询服务,-2.344805
1033,2520,2025-01-27,2204,大连重工,工程机械,-2.3450613
1034,4287,2025-01-27,2598,山东章鼓,通用设备,-2.3457475
1035,1461,2025-01-27,2930,宏川智慧,物流行业,-2.3458529
1036,3455,2025-01-27,2715,登云股份,汽车零部件,-2.3460395
1037,173,2025-01-27,603878,武进不锈,钢铁行业,-2.3462627
1038,3384,2025-01-27,2383,合众思壮,计算机设备,-2.3462675
1039,505,2025-01-27,300021,大禹节水,农牧饲渔,-2.3468275
1040,3151,2025-01-27,600628,新世界,商业百货,-2.3476198
1041,4761,2025-01-27,1298,好上好,电子元件,-2.347631
1042,1200,2025-01-27,601890,亚星锚链,船舶制造,-2.3478332
1043,4902,2025-01-27,2194,武汉凡谷,通信设备,-2.3482897
1044,4382,2025-01-27,166,申万宏源,证券,-2.348296
1045,3536,2025-01-27,600178,东安动力,汽车零部件,-2.3485358
1046,918,2025-01-27,603168,莎普爱思,化学制药,-2.3486633
1047,816,2025-01-27,300171,东富龙,医疗器械,-2.348717
1048,3591,2025-01-27,603085,天成自控,汽车零部件,-2.3491178
1049,528,2025-01-27,300175,朗源股份,农牧饲渔,-2.3493962
1050,312,2025-01-27,2545,东方铁塔,化肥行业,-2.3497157
1051,1213,2025-01-27,538,云南白药,中药,-2.3506541
1052,2072,2025-01-27,601515,东峰集团,包装材料,-2.3508358
1053,400,2025-01-27,601107,四川成渝,铁路公路,-2.3516085
1054,4413,2025-01-27,600095,湘财股份,证券,-2.351832
1055,3227,2025-01-27,601096,宏盛华源,电网设备,-2.3518922
1056,748,2025-01-27,688236,春立医疗,医疗器械,-2.3524885
1057,3443,2025-01-27,603701,德宏股份,汽车零部件,-2.352566
1058,3704,2025-01-27,688121,卓然股份,专用设备,-2.3528078
1059,4626,2025-01-27,300847,中船汉光,消费电子,-2.3530674
1060,3873,2025-01-27,300120,经纬辉开,光学光电子,-2.3540087
1061,919,2025-01-27,603229,奥翔药业,化学制药,-2.354074
1062,887,2025-01-27,2332,仙琚制药,化学制药,-2.3542764
1063,2534,2025-01-27,600573,惠泉啤酒,酿酒行业,-2.354436
1064,4637,2025-01-27,688007,光峰科技,消费电子,-2.3546286
1065,4430,2025-01-27,2057,中钢天源,非金属材料,-2.3546643
1066,1440,2025-01-27,601006,大秦铁路,物流行业,-2.3547175
1067,1293,2025-01-27,301505,苏州规划,工程咨询服务,-2.3547423
1068,651,2025-01-27,605155,西大门,家用轻工,-2.355151
1069,1132,2025-01-27,2034,旺能环境,环保行业,-2.3552387
1070,2574,2025-01-27,550,江铃汽车,汽车整车,-2.3552938
1071,1623,2025-01-27,688488,艾迪药业,生物制品,-2.355818
1072,3984,2025-01-27,49,德赛电池,电池,-2.3558974
1073,1994,2025-01-27,2160,常铝股份,有色金属,-2.3572843
1074,1523,2025-01-27,600970,中材国际,工程建设,-2.3574922
1075,4304,2025-01-27,2685,华东重机,通用设备,-2.3575566
1076,26,2025-01-27,2839,张家港行,银行,-2.3578122
1077,3373,2025-01-27,600855,航天长峰,计算机设备,-2.3582227
1078,31,2025-01-27,601916,浙商银行,银行,-2.3583314
1079,1892,2025-01-27,300801,泰和科技,化学制品,-2.358637
1080,2828,2025-01-27,2467,二六三,通信服务,-2.3587835
1081,4634,2025-01-27,2866,传艺科技,消费电子,-2.3588612
1082,792,2025-01-27,301087,可孚医疗,医疗器械,-2.3589692
1083,414,2025-01-27,600611,大众交通,铁路公路,-2.3596363
1084,3894,2025-01-27,600651,飞乐音响,光学光电子,-2.359922
1085,1803,2025-01-27,600763,通策医疗,医疗服务,-2.3607044
1086,700,2025-01-27,1358,兴欣新材,化学原料,-2.3610573
1087,944,2025-01-27,301507,民生健康,化学制药,-2.3615823
1088,3980,2025-01-27,600152,维科技术,电池,-2.361666
1089,3342,2025-01-27,600661,昂立教育,教育,-2.3617039
1090,4318,2025-01-27,301268,铭利达,通用设备,-2.3617978
1091,4830,2025-01-27,600875,东方电气,电源设备,-2.361813
1092,2750,2025-01-27,301115,建科股份,专业服务,-2.361957
1093,1456,2025-01-27,603967,中创物流,物流行业,-2.362197
1094,3212,2025-01-27,601126,四方股份,电网设备,-2.36258
1095,1776,2025-01-27,301520,万邦医药,医疗服务,-2.3626533
1096,4005,2025-01-27,300769,德方纳米,电池,-2.3627174
1097,3415,2025-01-27,338,潍柴动力,汽车零部件,-2.3627763
1098,2867,2025-01-27,3009,中天火箭,航天航空,-2.363007
1099,640,2025-01-27,1300,三柏硕,家用轻工,-2.363352
1100,950,2025-01-27,301246,宏源药业,化学制药,-2.3636231
1101,4339,2025-01-27,300179,四方达,通用设备,-2.3640363
1102,654,2025-01-27,1222,源飞宠物,家用轻工,-2.3640585
1103,823,2025-01-27,300760,迈瑞医疗,医疗器械,-2.3641171
1104,2399,2025-01-27,603136,天目湖,旅游酒店,-2.3641632
1105,930,2025-01-27,2102,能特科技,化学制药,-2.3646047
1106,358,2025-01-27,601996,丰林集团,装修建材,-2.3647416
1107,829,2025-01-27,300869,康泰医学,医疗器械,-2.364926
1108,915,2025-01-27,300452,山河药辅,化学制药,-2.3651552
1109,4395,2025-01-27,600906,财达证券,证券,-2.3653069
1110,3437,2025-01-27,570,苏常柴Ａ,汽车零部件,-2.3653936
1111,127,2025-01-27,603566,普莱柯,农药兽药,-2.365466
1112,2618,2025-01-27,1368,通达创智,塑料制品,-2.3655415
1113,3956,2025-01-27,601318,中国平安,保险,-2.3662043
1114,3112,2025-01-27,600739,辽宁成大,贸易行业,-2.3663468
1115,604,2025-01-27,1279,强邦新材,造纸印刷,-2.3670208
1116,791,2025-01-27,300439,美康生物,医疗器械,-2.3670716
1117,3256,2025-01-27,300283,温州宏丰,电网设备,-2.367354
1118,22,2025-01-27,601009,南京银行,银行,-2.3675296
1119,3490,2025-01-27,2662,京威股份,汽车零部件,-2.3677924
1120,976,2025-01-27,688321,微芯生物,化学制药,-2.367987
1121,149,2025-01-27,600569,安阳钢铁,钢铁行业,-2.3681037
1122,1091,2025-01-27,301109,军信股份,环保行业,-2.3686676
1123,292,2025-01-27,2589,瑞康医药,医药商业,-2.3687682
1124,15,2025-01-27,600908,无锡银行,银行,-2.368805
1125,2759,2025-01-27,688334,西高院,专业服务,-2.368868
1126,2403,2025-01-27,524,岭南控股,旅游酒店,-2.3693209
1127,457,2025-01-27,603209,兴通股份,航运港口,-2.3693461
1128,4056,2025-01-27,300066,三川智慧,仪器仪表,-2.369473
1129,241,2025-01-27,600982,宁波能源,电力行业,-2.3699007
1130,4138,2025-01-27,600438,通威股份,光伏设备,-2.3699212
1131,1189,2025-01-27,300422,博世科,环保行业,-2.3700585
1132,3695,2025-01-27,603488,展鹏科技,专用设备,-2.3701854
1133,1571,2025-01-27,2663,普邦股份,工程建设,-2.370306
1134,2625,2025-01-27,2522,浙江众成,塑料制品,-2.3704417
1135,311,2025-01-27,2538,司尔特,化肥行业,-2.3705833
1136,1627,2025-01-27,688177,百奥泰,生物制品,-2.3711653
1137,1740,2025-01-27,2867,周大生,珠宝首饰,-2.3712902
1138,4400,2025-01-27,601878,浙商证券,证券,-2.3715832
1139,226,2025-01-27,600726,华电能源,电力行业,-2.3719463
1140,1929,2025-01-27,300019,硅宝科技,化学制品,-2.3728564
1141,3684,2025-01-27,301519,舜禹股份,专用设备,-2.3730965
1142,162,2025-01-27,959,首钢股份,钢铁行业,-2.373157
1143,2454,2025-01-27,29,深深房Ａ,房地产开发,-2.3736084
1144,1905,2025-01-27,600352,浙江龙盛,化学制品,-2.3736854
1145,1987,2025-01-27,600219,南山铝业,有色金属,-2.3737729
1146,1602,2025-01-27,2963,豪尔赛,装修装饰,-2.3739493
1147,405,2025-01-27,600033,福建高速,铁路公路,-2.3741257
1148,3694,2025-01-27,2690,美亚光电,专用设备,-2.374363
1149,3370,2025-01-27,2152,广电运通,计算机设备,-2.3743815
1150,268,2025-01-27,601607,上海医药,医药商业,-2.3745387
1151,2895,2025-01-27,300424,航新科技,航天航空,-2.3746874
1152,395,2025-01-27,1965,招商公路,铁路公路,-2.374782
1153,3646,2025-01-27,603279,景津装备,专用设备,-2.3749032
1154,183,2025-01-27,898,鞍钢股份,钢铁行业,-2.3750212
1155,1643,2025-01-27,688137,近岸蛋白,生物制品,-2.3750231
1156,1204,2025-01-27,600566,济川药业,中药,-2.3751693
1157,557,2025-01-27,2548,金新农,农牧饲渔,-2.3753798
1158,29,2025-01-27,601328,交通银行,银行,-2.3755019
1159,3758,2025-01-27,688627,精智达,专用设备,-2.3758378
1160,1339,2025-01-27,2460,赣锋锂业,能源金属,-2.3760285
1161,83,2025-01-27,937,冀中能源,煤炭行业,-2.3763516
1162,1286,2025-01-27,2116,中国海诚,工程咨询服务,-2.376362
1163,3269,2025-01-27,2471,中超控股,电网设备,-2.3764925
1164,1625,2025-01-27,301207,华兰疫苗,生物制品,-2.3766406
1165,3421,2025-01-27,603788,宁波高发,汽车零部件,-2.3767252
1166,2402,2025-01-27,888,峨眉山Ａ,旅游酒店,-2.376831
1167,4270,2025-01-27,301032,新柴股份,通用设备,-2.377086
1168,408,2025-01-27,600368,五洲交通,铁路公路,-2.3771102
1169,1306,2025-01-27,603059,倍加洁,美容护理,-2.3773
1170,1034,2025-01-27,2832,比音勒芬,纺织服装,-2.377489
1171,1541,2025-01-27,2051,中工国际,工程建设,-2.3779578
1172,2550,2025-01-27,603369,今世缘,酿酒行业,-2.378104
1173,3229,2025-01-27,600406,国电南瑞,电网设备,-2.378305
1174,909,2025-01-27,600380,健康元,化学制药,-2.378461
1175,1262,2025-01-27,300026,红日药业,中药,-2.3785977
1176,4730,2025-01-27,636,风华高科,电子元件,-2.3787122
1177,2477,2025-01-27,69,华侨城Ａ,房地产开发,-2.379003
1178,3363,2025-01-27,300771,智莱科技,计算机设备,-2.3791904
1179,2794,2025-01-27,688009,中国通号,交运设备,-2.379205
1180,2861,2025-01-27,300722,新余国科,航天航空,-2.3794198
1181,1728,2025-01-27,2053,云南能投,综合行业,-2.3795056
1182,252,2025-01-27,722,湖南发展,电力行业,-2.379656
1183,205,2025-01-27,600578,京能电力,电力行业,-2.3797474
1184,1248,2025-01-27,300534,陇神戎发,中药,-2.380008
1185,2745,2025-01-27,603060,国检集团,专业服务,-2.3800652
1186,308,2025-01-27,2588,史丹利,化肥行业,-2.380345
1187,813,2025-01-27,688575,亚辉龙,医疗器械,-2.3804407
1188,1241,2025-01-27,603139,康惠制药,中药,-2.3809896
1189,4061,2025-01-27,2767,先锋电子,仪器仪表,-2.3814018
1190,3957,2025-01-27,601601,中国太保,保险,-2.3816319
1191,4762,2025-01-27,300227,光韵达,电子元件,-2.381681
1192,4670,2025-01-27,2855,捷荣技术,消费电子,-2.3819253
1193,3745,2025-01-27,2535,林州重机,专用设备,-2.3820567
1194,479,2025-01-27,600167,联美控股,公用事业,-2.3825762
1195,2580,2025-01-27,572,海马汽车,汽车整车,-2.3831797
1196,1040,2025-01-27,601599,浙文影业,纺织服装,-2.3833144
1197,217,2025-01-27,600995,南网储能,电力行业,-2.3835893
1198,1280,2025-01-27,603860,中公高科,工程咨询服务,-2.3837879
1199,4265,2025-01-27,2686,亿利达,通用设备,-2.383865
1200,4102,2025-01-27,970,中科三环,小金属,-2.383897
1201,4874,2025-01-27,301189,奥尼电子,通信设备,-2.3849423
1202,433,2025-01-27,2302,西部建设,水泥建材,-2.3850994
1203,283,2025-01-27,301015,百洋医药,医药商业,-2.3851843
1204,4844,2025-01-27,300593,新雷能,电源设备,-2.3854744
1205,1843,2025-01-27,2986,宇新股份,化学制品,-2.3860466
1206,2479,2025-01-27,600736,苏州高新,房地产开发,-2.386065
1207,3107,2025-01-27,600826,兰生股份,贸易行业,-2.386448
1208,897,2025-01-27,739,普洛药业,化学制药,-2.3872404
1209,591,2025-01-27,605500,森林包装,造纸印刷,-2.387282
1210,561,2025-01-27,600257,大湖股份,农牧饲渔,-2.387521
1211,1560,2025-01-27,2628,成都路桥,工程建设,-2.3877854
1212,3926,2025-01-27,727,冠捷科技,光学光电子,-2.3881013
1213,481,2025-01-27,601368,绿城水务,公用事业,-2.3881588
1214,2599,2025-01-27,301193,家联科技,塑料制品,-2.3886752
1215,1231,2025-01-27,603567,珍宝岛,中药,-2.3886867
1216,1666,2025-01-27,300142,沃森生物,生物制品,-2.3889823
1217,3244,2025-01-27,601179,中国西电,电网设备,-2.389193
1218,949,2025-01-27,600521,华海药业,化学制药,-2.3892593
1219,4405,2025-01-27,601375,中原证券,证券,-2.3893378
1220,2008,2025-01-27,688122,西部超导,有色金属,-2.3894289
1221,2365,2025-01-27,2381,双箭股份,橡胶制品,-2.3894365
1222,86,2025-01-27,600740,山西焦化,煤炭行业,-2.3896308
1223,238,2025-01-27,2015,协鑫能科,电力行业,-2.3897324
1224,3430,2025-01-27,603730,岱美股份,汽车零部件,-2.3898149
1225,827,2025-01-27,688114,华大智造,医疗器械,-2.3899221
1226,1679,2025-01-27,2828,贝肯能源,采掘行业,-2.390021
1227,51,2025-01-27,603706,东方环宇,燃气,-2.3903818
1228,3748,2025-01-27,301533,威马农机,专用设备,-2.390947
1229,3989,2025-01-27,603032,德新科技,电池,-2.3913271
1230,2685,2025-01-27,2705,新宝股份,家电行业,-2.3914192
1231,420,2025-01-27,600585,海螺水泥,水泥建材,-2.391922
1232,2545,2025-01-27,596,古井贡酒,酿酒行业,-2.3920171
1233,3532,2025-01-27,300237,美晨科技,汽车零部件,-2.3923564
1234,3645,2025-01-27,600262,北方股份,专用设备,-2.3925412
1235,804,2025-01-27,688338,赛科希德,医疗器械,-2.3927324
1236,1791,2025-01-27,300015,爱尔眼科,医疗服务,-2.3927455
1237,817,2025-01-27,301060,兰卫医学,医疗器械,-2.3927672
1238,1365,2025-01-27,603888,新华网,文化传媒,-2.3927956
1239,3284,2025-01-27,300341,麦克奥迪,电网设备,-2.3929732
1240,272,2025-01-27,2788,鹭燕医药,医药商业,-2.393367
1241,536,2025-01-27,603231,索宝蛋白,农牧饲渔,-2.393373
1242,2882,2025-01-27,600879,航天电子,航天航空,-2.3934186
1243,285,2025-01-27,603883,老百姓,医药商业,-2.3936048
1244,598,2025-01-27,2511,中顺洁柔,造纸印刷,-2.3936138
1245,1727,2025-01-27,652,泰达股份,综合行业,-2.3940265
1246,2335,2025-01-27,2695,煌上煌,食品饮料,-2.3940606
1247,3315,2025-01-27,300129,泰胜风能,风电设备,-2.3941617
1248,3214,2025-01-27,603050,科林电气,电网设备,-2.3943968
1249,206,2025-01-27,600642,申能股份,电力行业,-2.3946595
1250,2706,2025-01-27,603579,荣泰健康,家电行业,-2.3947568
1251,361,2025-01-27,2798,帝欧家居,装修建材,-2.3951476
1252,896,2025-01-27,600420,国药现代,化学制药,-2.3954988
1253,3416,2025-01-27,581,威孚高科,汽车零部件,-2.3957875
1254,214,2025-01-27,600780,通宝能源,电力行业,-2.3958035
1255,387,2025-01-27,603313,梦百合,装修建材,-2.3959768
1256,2298,2025-01-27,2330,得利斯,食品饮料,-2.3964067
1257,3224,2025-01-27,300882,万胜智能,电网设备,-2.396791
1258,2101,2025-01-27,600633,浙数文化,游戏,-2.3973715
1259,3653,2025-01-27,605288,凯迪股份,专用设备,-2.3974004
1260,4225,2025-01-27,601002,晋亿实业,通用设备,-2.3975785
1261,1161,2025-01-27,300958,建工修复,环保行业,-2.3976076
1262,1954,2025-01-27,300699,光威复材,化学制品,-2.3977208
1263,4144,2025-01-27,688599,天合光能,光伏设备,-2.3981183
1264,1894,2025-01-27,2637,赞宇科技,化学制品,-2.398363
1265,4783,2025-01-27,688489,三未信安,电子元件,-2.3984957
1266,836,2025-01-27,300298,三诺生物,医疗器械,-2.398757
1267,3896,2025-01-27,688011,新光光电,光学光电子,-2.3994915
1268,1363,2025-01-27,600373,中文传媒,文化传媒,-2.3997943
1269,4669,2025-01-27,300787,海能实业,消费电子,-2.4003756
1270,1869,2025-01-27,688269,凯立新材,化学制品,-2.4008303
1271,3642,2025-01-27,600320,振华重工,专用设备,-2.4011283
1272,2305,2025-01-27,1219,青岛食品,食品饮料,-2.4019637
1273,2069,2025-01-27,600029,南方航空,航空机场,-2.4022303
1274,538,2025-01-27,2714,牧原股份,农牧饲渔,-2.402448
1275,4838,2025-01-27,688551,科威尔,电源设备,-2.4029288
1276,1203,2025-01-27,600750,江中药业,中药,-2.4032829
1277,1381,2025-01-27,600037,歌华有线,文化传媒,-2.4037893
1278,2091,2025-01-27,600210,紫江企业,包装材料,-2.403815
1279,2303,2025-01-27,603027,千禾味业,食品饮料,-2.4038177
1280,2565,2025-01-27,301039,中集车辆,汽车整车,-2.4039412
1281,3711,2025-01-27,2367,康力电梯,专用设备,-2.4044476
1282,617,2025-01-27,600938,中国海油,石油行业,-2.4053645
1283,1197,2025-01-27,601989,中国重工,船舶制造,-2.40537
1284,706,2025-01-27,510,新金路,化学原料,-2.4054675
1285,2343,2025-01-27,603711,香飘飘,食品饮料,-2.4056773
1286,4106,2025-01-27,600111,北方稀土,小金属,-2.4057853
1287,3044,2025-01-27,300098,高新兴,软件开发,-2.4061143
1288,2604,2025-01-27,603150,万朗磁塑,塑料制品,-2.4061797
1289,357,2025-01-27,2790,瑞尔特,装修建材,-2.4062011
1290,637,2025-01-27,301287,康力源,家用轻工,-2.4070566
1291,697,2025-01-27,2386,天原股份,化学原料,-2.4072566
1292,2066,2025-01-27,600515,海南机场,航空机场,-2.407451
1293,1874,2025-01-27,603938,三孚股份,化学制品,-2.4075842
1294,1856,2025-01-27,603823,百合花,化学制品,-2.4078374
1295,121,2025-01-27,2734,利民股份,农药兽药,-2.4078777
1296,416,2025-01-27,877,天山股份,水泥建材,-2.40791
1297,4041,2025-01-27,603100,川仪股份,仪器仪表,-2.4079244
1298,4397,2025-01-27,601066,中信建投,证券,-2.4082732
1299,4057,2025-01-27,301303,真兰仪表,仪器仪表,-2.4092083
1300,174,2025-01-27,2443,金洲管道,钢铁行业,-2.4095232
1301,2672,2025-01-27,333,美的集团,家电行业,-2.4095874
1302,2509,2025-01-27,528,柳    工,工程机械,-2.4097981
1303,1761,2025-01-27,600586,金晶科技,玻璃玻纤,-2.4101088
1304,2456,2025-01-27,600266,城建发展,房地产开发,-2.4101446
1305,4094,2025-01-27,600980,北矿科技,小金属,-2.4102814
1306,710,2025-01-27,301256,华融化学,化学原料,-2.410409
1307,2465,2025-01-27,2208,合肥城建,房地产开发,-2.410749
1308,3919,2025-01-27,688055,龙腾光电,光学光电子,-2.4112632
1309,4898,2025-01-27,688387,信科移动-U,通信设备,-2.411543
1310,1705,2025-01-27,688203,海正生材,化纤行业,-2.4122295
1311,3472,2025-01-27,300507,苏奥传感,汽车零部件,-2.4123359
1312,1759,2025-01-27,600660,福耀玻璃,玻璃玻纤,-2.412363
1313,380,2025-01-27,2162,悦心健康,装修建材,-2.4127088
1314,2881,2025-01-27,600765,中航重机,航天航空,-2.4128463
1315,2052,2025-01-27,301215,中汽股份,汽车服务,-2.4133623
1316,4572,2025-01-27,605358,立昂微,半导体,-2.4138744
1317,2017,2025-01-27,688,国城矿业,有色金属,-2.413988
1318,1708,2025-01-27,2427,尤夫股份,化纤行业,-2.414393
1319,4001,2025-01-27,300890,翔丰华,电池,-2.4147046
1320,923,2025-01-27,600200,江苏吴中,化学制药,-2.4147234
1321,3143,2025-01-27,605188,国光连锁,商业百货,-2.414814
1322,1742,2025-01-27,600916,中国黄金,珠宝首饰,-2.415047
1323,2277,2025-01-27,603102,百合股份,食品饮料,-2.4152668
1324,780,2025-01-27,300314,戴维医疗,医疗器械,-2.415381
1325,807,2025-01-27,300676,华大基因,医疗器械,-2.4154232
1326,904,2025-01-27,600513,联环药业,化学制药,-2.4156315
1327,1014,2025-01-27,2327,富安娜,纺织服装,-2.4156613
1328,2439,2025-01-27,2016,世荣兆业,房地产开发,-2.415803
1329,411,2025-01-27,600548,深高速,铁路公路,-2.415889
1330,401,2025-01-27,600020,中原高速,铁路公路,-2.4159014
1331,3987,2025-01-27,688006,杭可科技,电池,-2.4169433
1332,4058,2025-01-27,300349,金卡智能,仪器仪表,-2.4174187
1333,493,2025-01-27,603759,海天股份,公用事业,-2.4175892
1334,573,2025-01-27,600467,好当家,农牧饲渔,-2.4186506
1335,1838,2025-01-27,600873,梅花生物,化学制品,-2.4187868
1336,2799,2025-01-27,300994,久祺股份,交运设备,-2.4188974
1337,4526,2025-01-27,688601,力芯微,半导体,-2.418943
1338,390,2025-01-27,600035,楚天高速,铁路公路,-2.419277
1339,3459,2025-01-27,301119,正强股份,汽车零部件,-2.4192781
1340,1576,2025-01-27,2620,瑞和股份,装修装饰,-2.419795
1341,2621,2025-01-27,2585,双星新材,塑料制品,-2.4198515
1342,1995,2025-01-27,603132,金徽股份,有色金属,-2.4201968
1343,1176,2025-01-27,300355,蒙草生态,环保行业,-2.4205453
1344,1061,2025-01-27,2154,报 喜 鸟,纺织服装,-2.4205844
1345,931,2025-01-27,931,中 关 村,化学制药,-2.4208405
1346,747,2025-01-27,300639,凯普生物,医疗器械,-2.420959
1347,1250,2025-01-27,2864,盘龙药业,中药,-2.4209654
1348,3254,2025-01-27,300062,中能电气,电网设备,-2.4211774
1349,3497,2025-01-27,301539,宏鑫科技,汽车零部件,-2.4214473
1350,2280,2025-01-27,301206,三元生物,食品饮料,-2.4214606
1351,879,2025-01-27,2900,哈三联,化学制药,-2.421883
1352,545,2025-01-27,300189,神农种业,农牧饲渔,-2.4223707
1353,2404,2025-01-27,600749,西藏旅游,旅游酒店,-2.4224637
1354,4884,2025-01-27,2017,东信和平,通信设备,-2.4225304
1355,2084,2025-01-27,2191,劲嘉股份,包装材料,-2.4226685
1356,1343,2025-01-27,2340,格林美,能源金属,-2.4226906
1357,3999,2025-01-27,300919,中伟股份,电池,-2.4231558
1358,3364,2025-01-27,600764,中国海防,计算机设备,-2.4235427
1359,2531,2025-01-27,600084,中信尼雅,酿酒行业,-2.424517
1360,24,2025-01-27,601128,常熟银行,银行,-2.4245186
1361,1779,2025-01-27,301103,何氏眼科,医疗服务,-2.424582
1362,201,2025-01-27,2608,江苏国信,电力行业,-2.4249787
1363,4494,2025-01-27,300456,赛微电子,半导体,-2.4253232
1364,783,2025-01-27,688399,硕世生物,医疗器械,-2.4253783
1365,3596,2025-01-27,300481,濮阳惠成,电子化学品,-2.4263241
1366,1338,2025-01-27,300618,寒锐钴业,能源金属,-2.4264193
1367,3498,2025-01-27,603949,雪龙集团,汽车零部件,-2.4265778
1368,718,2025-01-27,301090,华润材料,化学原料,-2.4270082
1369,396,2025-01-27,601518,吉林高速,铁路公路,-2.4270318
1370,4294,2025-01-27,688308,欧科亿,通用设备,-2.4270837
1371,1821,2025-01-27,1337,四川黄金,贵金属,-2.4277043
1372,2696,2025-01-27,603578,三星新材,家电行业,-2.4284406
1373,2003,2025-01-27,601677,明泰铝业,有色金属,-2.4286592
1374,1386,2025-01-27,600996,贵广网络,文化传媒,-2.4289067
1375,3679,2025-01-27,688092,爱科科技,专用设备,-2.429101
1376,1908,2025-01-27,688602,康鹏科技,化学制品,-2.4291542
1377,3092,2025-01-27,61,农 产 品,贸易行业,-2.4293537
1378,2315,2025-01-27,603156,养元饮品,食品饮料,-2.4298763
1379,3187,2025-01-27,300932,三友联众,电网设备,-2.4299762
1380,1340,2025-01-27,300390,天华新能,能源金属,-2.4299872
1381,2170,2025-01-27,2609,捷顺科技,互联网服务,-2.4300253
1382,1743,2025-01-27,26,飞亚达,珠宝首饰,-2.430053
1383,687,2025-01-27,600075,新疆天业,化学原料,-2.4302378
1384,4170,2025-01-27,300118,东方日升,光伏设备,-2.430244
1385,3130,2025-01-27,600774,汉商集团,商业百货,-2.4303153
1386,1228,2025-01-27,600557,康缘药业,中药,-2.430583
1387,1398,2025-01-27,301551,无线传媒,文化传媒,-2.4309955
1388,3697,2025-01-27,2774,快意电梯,专用设备,-2.431683
1389,886,2025-01-27,2773,康弘药业,化学制药,-2.4318855
1390,3453,2025-01-27,301529,福赛科技,汽车零部件,-2.432378
1391,1939,2025-01-27,2709,天赐材料,化学制品,-2.4326856
1392,3336,2025-01-27,600730,中国高科,教育,-2.4328334
1393,3318,2025-01-27,301232,飞沃科技,风电设备,-2.4328544
1394,250,2025-01-27,600021,上海电力,电力行业,-2.432868
1395,1637,2025-01-27,300294,博雅生物,生物制品,-2.432876
1396,4219,2025-01-27,603325,博隆技术,通用设备,-2.4330037
1397,48,2025-01-27,2267,陕天然气,燃气,-2.433062
1398,413,2025-01-27,600650,锦江在线,铁路公路,-2.4332664
1399,3359,2025-01-27,2415,海康威视,计算机设备,-2.4333339
1400,1937,2025-01-27,2407,多氟多,化学制品,-2.433348
1401,4537,2025-01-27,300671,富满微,半导体,-2.433644
1402,4398,2025-01-27,600030,中信证券,证券,-2.4342167
1403,4379,2025-01-27,776,广发证券,证券,-2.434232
1404,163,2025-01-27,601686,友发集团,钢铁行业,-2.4343436
1405,2434,2025-01-27,601512,中新集团,房地产开发,-2.434375
1406,30,2025-01-27,601860,紫金银行,银行,-2.4348748
1407,2857,2025-01-27,2985,北摩高科,航天航空,-2.4349658
1408,3153,2025-01-27,600814,杭州解百,商业百货,-2.4349883
1409,402,2025-01-27,548,湖南投资,铁路公路,-2.435774
1410,546,2025-01-27,600097,开创国际,农牧饲渔,-2.4363327
1411,4564,2025-01-27,300077,国民技术,半导体,-2.436391
1412,1911,2025-01-27,300285,国瓷材料,化学制品,-2.4366975
1413,458,2025-01-27,601083,锦江航运,航运港口,-2.4368272
1414,1533,2025-01-27,601868,中国能建,工程建设,-2.437334
1415,2435,2025-01-27,31,大悦城,房地产开发,-2.4379802
1416,948,2025-01-27,600789,鲁抗医药,化学制药,-2.4381166
1417,4156,2025-01-27,601908,京运通,光伏设备,-2.4385955
1418,4910,2025-01-27,300504,天邑股份,通信设备,-2.4387412
1419,1499,2025-01-27,601588,北辰实业,房地产服务,-2.438924
1420,442,2025-01-27,601000,唐山港,航运港口,-2.4393811
1421,1201,2025-01-27,300589,江龙船艇,船舶制造,-2.4397783
1422,2004,2025-01-27,601168,西部矿业,有色金属,-2.439936
1423,55,2025-01-27,600917,重庆燃气,燃气,-2.4399824
1424,4069,2025-01-27,2338,奥普光电,仪器仪表,-2.4401073
1425,961,2025-01-27,301281,科源制药,化学制药,-2.4406757
1426,3424,2025-01-27,301225,恒勃股份,汽车零部件,-2.4407873
1427,1636,2025-01-27,2880,卫光生物,生物制品,-2.4412057
1428,4152,2025-01-27,2129,TCL中环,光伏设备,-2.4415445
1429,1224,2025-01-27,600993,马应龙,中药,-2.4417317
1430,1685,2025-01-27,2554,惠博普,采掘行业,-2.4418614
1431,3602,2025-01-27,688603,天承科技,电子化学品,-2.4420965
1432,1832,2025-01-27,603281,江瀚新材,化学制品,-2.4424174
1433,3780,2025-01-27,603283,赛腾股份,专用设备,-2.4426458
1434,384,2025-01-27,300234,开尔新材,装修建材,-2.4430552
1435,71,2025-01-27,600971,恒源煤电,煤炭行业,-2.443374
1436,4017,2025-01-27,300438,鹏辉能源,电池,-2.4434025
1437,2608,2025-01-27,301003,江苏博云,塑料制品,-2.443769
1438,9,2025-01-27,601187,厦门银行,银行,-2.4438198
1439,1748,2025-01-27,25,特  力Ａ,珠宝首饰,-2.4442825
1440,494,2025-01-27,605,渤海股份,公用事业,-2.4444551
1441,906,2025-01-27,300016,北陆药业,化学制药,-2.4449427
1442,1046,2025-01-27,605003,众望布艺,纺织服装,-2.4451964
1443,1714,2025-01-27,600527,江南高纤,化纤行业,-2.4453564
1444,211,2025-01-27,600236,桂冠电力,电力行业,-2.4454827
1445,1165,2025-01-27,301500,飞南资源,环保行业,-2.4457507
1446,1243,2025-01-27,300181,佐力药业,中药,-2.4458516
1447,339,2025-01-27,2271,东方雨虹,装修建材,-2.4464574
1448,822,2025-01-27,600055,万东医疗,医疗器械,-2.4465501
1449,2649,2025-01-27,300538,同益股份,塑料制品,-2.4467895
1450,371,2025-01-27,603180,金牌家居,装修建材,-2.4468427
1451,1883,2025-01-27,301373,凌玮科技,化学制品,-2.447302
1452,674,2025-01-27,603113,金能科技,化学原料,-2.4474967
1453,1547,2025-01-27,600846,同济科技,工程建设,-2.4477606
1454,434,2025-01-27,600326,西藏天路,水泥建材,-2.4478111
1455,2338,2025-01-27,301116,益客食品,食品饮料,-2.4480798
1456,3264,2025-01-27,2339,积成电子,电网设备,-2.448117
1457,1667,2025-01-27,2038,双鹭药业,生物制品,-2.4483032
1458,1478,2025-01-27,2682,龙洲股份,物流行业,-2.448365
1459,2704,2025-01-27,300625,三雄极光,家电行业,-2.4487581
1460,2763,2025-01-27,300416,苏试试验,专业服务,-2.4488475
1461,3509,2025-01-27,603013,亚普股份,汽车零部件,-2.4489696
1462,4522,2025-01-27,688432,有研硅,半导体,-2.449319
1463,4065,2025-01-27,301129,瑞纳智能,仪器仪表,-2.4493234
1464,875,2025-01-27,600216,浙江医药,化学制药,-2.4493635
1465,1849,2025-01-27,1218,丽臣实业,化学制品,-2.4495313
1466,1784,2025-01-27,688238,和元生物,医疗服务,-2.4498475
1467,1330,2025-01-27,2094,青岛金王,美容护理,-2.450126
1468,3978,2025-01-27,301587,中瑞股份,电池,-2.4501655
1469,4717,2025-01-27,301285,鸿日达,电子元件,-2.4502945
1470,549,2025-01-27,601952,苏垦农发,农牧饲渔,-2.450601
1471,4747,2025-01-27,300726,宏达电子,电子元件,-2.4506762
1472,2796,2025-01-27,605298,必得科技,交运设备,-2.4506843
1473,1215,2025-01-27,2287,奇正藏药,中药,-2.4511065
1474,3696,2025-01-27,688718,唯赛勃,专用设备,-2.4514365
1475,3230,2025-01-27,300407,凯发电气,电网设备,-2.451686
1476,2990,2025-01-27,2405,四维图新,软件开发,-2.4519157
1477,443,2025-01-27,600717,天津港,航运港口,-2.452018
1478,2516,2025-01-27,603298,杭叉集团,工程机械,-2.452197
1479,4547,2025-01-27,688047,龙芯中科,半导体,-2.4523997
1480,359,2025-01-27,2641,公元股份,装修建材,-2.4524555
1481,1336,2025-01-27,762,西藏矿业,能源金属,-2.4528496
1482,4754,2025-01-27,603267,鸿远电子,电子元件,-2.4529188
1483,1862,2025-01-27,603725,天安新材,化学制品,-2.453214
1484,4529,2025-01-27,301050,雷电微力,半导体,-2.4535687
1485,2431,2025-01-27,886,海南高速,房地产开发,-2.4535728
1486,1587,2025-01-27,2081,金 螳 螂,装修装饰,-2.4536233
1487,2549,2025-01-27,600616,金枫酒业,酿酒行业,-2.4538286
1488,1543,2025-01-27,2941,新疆交建,工程建设,-2.4544857
1489,3520,2025-01-27,603767,中马传动,汽车零部件,-2.4545028
1490,4586,2025-01-27,688721,龙图光罩,半导体,-2.454515
1491,3910,2025-01-27,300389,艾比森,光学光电子,-2.4545274
1492,2451,2025-01-27,926,福星股份,房地产开发,-2.4552925
1493,3442,2025-01-27,603348,文灿股份,汽车零部件,-2.4555516
1494,1854,2025-01-27,600299,安迪苏,化学制品,-2.4557335
1495,4649,2025-01-27,301387,光大同创,消费电子,-2.4559398
1496,1253,2025-01-27,300039,上海凯宝,中药,-2.4559612
1497,662,2025-01-27,600439,瑞贝卡,家用轻工,-2.456153
1498,1928,2025-01-27,300821,东岳硅材,化学制品,-2.4561596
1499,1815,2025-01-27,601069,西部黄金,贵金属,-2.4563496
1500,2080,2025-01-27,2228,合兴包装,包装材料,-2.4565458
1501,3105,2025-01-27,301370,国科恒泰,贸易行业,-2.4567082
1502,3950,2025-01-27,300331,苏大维格,光学光电子,-2.4568682
1503,1218,2025-01-27,2198,嘉应制药,中药,-2.4570565
1504,2268,2025-01-27,2840,华统股份,食品饮料,-2.457547
1505,1899,2025-01-27,603217,元利科技,化学制品,-2.4579952
1506,4386,2025-01-27,728,国元证券,证券,-2.4581077
1507,571,2025-01-27,798,中水渔业,农牧饲渔,-2.4581308
1508,70,2025-01-27,600758,辽宁能源,煤炭行业,-2.4582193
1509,2726,2025-01-27,301332,德尔玛,家电行业,-2.4584775
1510,977,2025-01-27,300199,翰宇药业,化学制药,-2.4589295
1511,4010,2025-01-27,600110,诺德股份,电池,-2.459057
1512,965,2025-01-27,688505,复旦张江,化学制药,-2.459168
1513,1445,2025-01-27,2352,顺丰控股,物流行业,-2.4591732
1514,2517,2025-01-27,600031,三一重工,工程机械,-2.4592142
1515,166,2025-01-27,709,河钢股份,钢铁行业,-2.4592812
1516,2617,2025-01-27,603580,艾艾精工,塑料制品,-2.4593935
1517,3567,2025-01-27,300863,卡倍亿,汽车零部件,-2.4594157
1518,80,2025-01-27,600997,开滦股份,煤炭行业,-2.4594715
1519,207,2025-01-27,883,湖北能源,电力行业,-2.459628
1520,3599,2025-01-27,603931,格林达,电子化学品,-2.459703
1521,3266,2025-01-27,300444,双杰电气,电网设备,-2.459839
1522,2860,2025-01-27,688563,航材股份,航天航空,-2.459996
1523,145,2025-01-27,2215,诺 普 信,农药兽药,-2.4603353
1524,2887,2025-01-27,300581,晨曦航空,航天航空,-2.460379
1525,2622,2025-01-27,688585,上纬新材,塑料制品,-2.4605978
1526,1127,2025-01-27,301265,华新环保,环保行业,-2.4606845
1527,2442,2025-01-27,718,苏宁环球,房地产开发,-2.4607463
1528,982,2025-01-27,301211,亨迪药业,化学制药,-2.4608448
1529,3260,2025-01-27,300360,炬华科技,电网设备,-2.4610937
1530,2193,2025-01-27,600131,国网信通,互联网服务,-2.4612288
1531,1276,2025-01-27,603017,中衡设计,工程咨询服务,-2.4612296
1532,4040,2025-01-27,688671,碧兴物联,仪器仪表,-2.4612558
1533,3651,2025-01-27,688328,深科达,专用设备,-2.4619255
1534,2230,2025-01-27,688500,慧辰股份,互联网服务,-2.461926
1535,2420,2025-01-27,300859,西域旅游,旅游酒店,-2.4623868
1536,581,2025-01-27,2078,太阳纸业,造纸印刷,-2.4624317
1537,3511,2025-01-27,2239,奥特佳,汽车零部件,-2.4629674
1538,2635,2025-01-27,300922,天秦装备,塑料制品,-2.462976
1539,53,2025-01-27,600956,新天绿能,燃气,-2.4631743
1540,2884,2025-01-27,688523,航天环宇,航天航空,-2.4632263
1541,2010,2025-01-27,758,中色股份,有色金属,-2.463386
1542,572,2025-01-27,2069,獐子岛,农牧饲渔,-2.463444
1543,3736,2025-01-27,600169,太原重工,专用设备,-2.463616
1544,2028,2025-01-27,300057,万顺新材,有色金属,-2.4638817
1545,4330,2025-01-27,300260,新莱应材,通用设备,-2.4640515
1546,785,2025-01-27,688139,海尔生物,医疗器械,-2.46453
1547,2394,2025-01-27,978,桂林旅游,旅游酒店,-2.464548
1548,1427,2025-01-27,600825,新华传媒,文化传媒,-2.4649923
1549,5,2025-01-27,600015,华夏银行,银行,-2.46508
1550,4440,2025-01-27,300861,美畅股份,非金属材料,-2.465678
1551,1887,2025-01-27,603255,鼎际得,化学制品,-2.465909
1552,808,2025-01-27,300049,福瑞股份,医疗器械,-2.4659827
1553,542,2025-01-27,603609,禾丰股份,农牧饲渔,-2.4662228
1554,3255,2025-01-27,301120,新特电气,电网设备,-2.4662807
1555,1236,2025-01-27,790,华神科技,中药,-2.4663844
1556,2167,2025-01-27,600446,金证股份,互联网服务,-2.4664543
1557,4396,2025-01-27,600109,国金证券,证券,-2.4664981
1558,3486,2025-01-27,600698,湖南天雁,汽车零部件,-2.4665685
1559,4218,2025-01-27,603331,百达精工,通用设备,-2.4666314
1560,3172,2025-01-27,600778,友好集团,商业百货,-2.4667003
1561,1996,2025-01-27,601609,金田股份,有色金属,-2.4668458
1562,3277,2025-01-27,300447,全信股份,电网设备,-2.4669185
1563,3667,2025-01-27,603282,亚光股份,专用设备,-2.467174
1564,4296,2025-01-27,301137,哈焊华通,通用设备,-2.4672842
1565,3238,2025-01-27,2169,智光电气,电网设备,-2.4673688
1566,169,2025-01-27,600022,山东钢铁,钢铁行业,-2.468001
1567,1217,2025-01-27,603998,方盛制药,中药,-2.4683983
1568,2426,2025-01-27,600376,首开股份,房地产开发,-2.4686694
1569,4640,2025-01-27,300032,金龙机电,消费电子,-2.4691484
1570,69,2025-01-27,421,南京公用,燃气,-2.4692972
1571,1902,2025-01-27,301283,聚胶股份,化学制品,-2.4696398
1572,2272,2025-01-27,600962,国投中鲁,食品饮料,-2.4697442
1573,1047,2025-01-27,300819,聚杰微纤,纺织服装,-2.469794
1574,4091,2025-01-27,2167,东方锆业,小金属,-2.4698782
1575,353,2025-01-27,603856,东宏股份,装修建材,-2.4703803
1576,377,2025-01-27,300198,纳川股份,装修建材,-2.4707031
1577,1544,2025-01-27,2761,浙江建投,工程建设,-2.4710855
1578,4308,2025-01-27,300083,创世纪,通用设备,-2.4711435
1579,1212,2025-01-27,600572,康恩贝,中药,-2.471283
1580,2630,2025-01-27,301131,聚赛龙,塑料制品,-2.4713147
1581,2393,2025-01-27,2627,三峡旅游,旅游酒店,-2.4713748
1582,1364,2025-01-27,600551,时代出版,文化传媒,-2.471414
1583,3524,2025-01-27,301613,新铝时代,汽车零部件,-2.4718535
1584,1982,2025-01-27,601899,紫金矿业,有色金属,-2.4719086
1585,2910,2025-01-27,600517,国网英大,多元金融,-2.4721272
1586,1852,2025-01-27,603916,苏博特,化学制品,-2.4726157
1587,3094,2025-01-27,19,深粮控股,贸易行业,-2.4727244
1588,2697,2025-01-27,2290,禾盛新材,家电行业,-2.4729898
1589,1245,2025-01-27,300519,新光药业,中药,-2.4730613
1590,1012,2025-01-27,2563,森马服饰,纺织服装,-2.473065
1591,4406,2025-01-27,2736,国信证券,证券,-2.4732106
1592,3619,2025-01-27,2741,光华科技,电子化学品,-2.4734042
1593,4109,2025-01-27,600259,广晟有色,小金属,-2.4735358
1594,4443,2025-01-27,688281,华秦科技,非金属材料,-2.473557
1595,307,2025-01-27,2539,云图控股,化肥行业,-2.473712
1596,2748,2025-01-27,301169,零点有数,专业服务,-2.4741092
1597,3462,2025-01-27,1278,一彬科技,汽车零部件,-2.4741447
1598,1453,2025-01-27,600233,圆通速递,物流行业,-2.4742346
1599,1209,2025-01-27,2566,益盛药业,中药,-2.4745793
1600,64,2025-01-27,603318,水发燃气,燃气,-2.4750237
1601,870,2025-01-27,603811,诚意药业,化学制药,-2.4757102
1602,125,2025-01-27,603599,广信股份,农药兽药,-2.4761903
1603,446,2025-01-27,603167,渤海轮渡,航运港口,-2.4765618
1604,4578,2025-01-27,688037,芯源微,半导体,-2.4766634
1605,431,2025-01-27,600678,四川金顶,水泥建材,-2.477171
1606,3893,2025-01-27,2106,莱宝高科,光学光电子,-2.477489
1607,3365,2025-01-27,2376,新北洋,计算机设备,-2.4774916
1608,343,2025-01-27,3012,东鹏控股,装修建材,-2.4775033
1609,49,2025-01-27,603053,成都燃气,燃气,-2.4775858
1610,1846,2025-01-27,603968,醋化股份,化学制品,-2.4781802
1611,2036,2025-01-27,300828,锐新科技,有色金属,-2.4785044
1612,4551,2025-01-27,688711,宏微科技,半导体,-2.478622
1613,763,2025-01-27,603987,康德莱,医疗器械,-2.4786408
1614,2946,2025-01-27,2322,理工能科,软件开发,-2.4792082
1615,869,2025-01-27,300254,仟源医药,化学制药,-2.4792173
1616,516,2025-01-27,735,罗 牛 山,农牧饲渔,-2.4794958
1617,336,2025-01-27,2043,兔 宝 宝,装修建材,-2.479761
1618,451,2025-01-27,600017,日照港,航运港口,-2.4798863
1619,1402,2025-01-27,600959,江苏有线,文化传媒,-2.4799838
1620,1626,2025-01-27,301166,优宁维,生物制品,-2.4806256
1621,1458,2025-01-27,2120,韵达股份,物流行业,-2.4807203
1622,3538,2025-01-27,2510,天汽模,汽车零部件,-2.4810061
1623,3976,2025-01-27,300619,金银河,电池,-2.4811563
1624,2316,2025-01-27,300908,仲景食品,食品饮料,-2.481335
1625,4408,2025-01-27,601788,光大证券,证券,-2.4814415
1626,1101,2025-01-27,300614,百川畅银,环保行业,-2.4816082
1627,3324,2025-01-27,300185,通裕重工,风电设备,-2.4818063
1628,3216,2025-01-27,688330,宏力达,电网设备,-2.4824026
1629,735,2025-01-27,1217,华尔泰,化学原料,-2.482428
1630,1123,2025-01-27,920,沃顿科技,环保行业,-2.4827268
1631,2334,2025-01-27,1215,千味央厨,食品饮料,-2.4829576
1632,1240,2025-01-27,999,华润三九,中药,-2.4833033
1633,682,2025-01-27,2601,龙佰集团,化学原料,-2.4835272
1634,4097,2025-01-27,600366,宁波韵升,小金属,-2.483594
1635,765,2025-01-27,603309,维力医疗,医疗器械,-2.483628
1636,2641,2025-01-27,2632,道明光学,塑料制品,-2.4838572
1637,3470,2025-01-27,700,模塑科技,汽车零部件,-2.4846246
1638,3463,2025-01-27,603982,泉峰汽车,汽车零部件,-2.4846516
1639,1825,2025-01-27,2716,湖南白银,贵金属,-2.4847157
1640,3448,2025-01-27,301020,密封科技,汽车零部件,-2.484737
1641,4588,2025-01-27,688709,成都华微,半导体,-2.4855142
1642,2684,2025-01-27,600854,春兰股份,家电行业,-2.4855456
1643,1519,2025-01-27,498,山东路桥,工程建设,-2.485568
1644,3865,2025-01-27,301106,骏成科技,光学光电子,-2.4857936
1645,3699,2025-01-27,301260,格力博,专用设备,-2.4861596
1646,723,2025-01-27,603310,巍华新材,化学原料,-2.4862278
1647,2524,2025-01-27,300201,海伦哲,工程机械,-2.4865143
1648,1354,2025-01-27,2027,分众传媒,文化传媒,-2.486777
1649,25,2025-01-27,600016,民生银行,银行,-2.4872267
1650,1945,2025-01-27,2971,和远气体,化学制品,-2.4873204
1651,3966,2025-01-27,600241,时代万恒,电池,-2.487378
1652,1415,2025-01-27,601929,吉视传媒,文化传媒,-2.4874973
1653,2566,2025-01-27,600104,上汽集团,汽车整车,-2.4875426
1654,4474,2025-01-27,300666,江丰电子,半导体,-2.4877796
1655,3517,2025-01-27,2085,万丰奥威,汽车零部件,-2.4879715
1656,523,2025-01-27,600598,北大荒,农牧饲渔,-2.4881399
1657,3258,2025-01-27,2270,华明装备,电网设备,-2.4885123
1658,1370,2025-01-27,156,华数传媒,文化传媒,-2.4888325
1659,3713,2025-01-27,601608,中信重工,专用设备,-2.488943
1660,1020,2025-01-27,2687,乔治白,纺织服装,-2.4896274
1661,4965,2025-01-27,603350,安乃达,电机,-2.4897456
1662,4241,2025-01-27,301309,万得凯,通用设备,-2.4898417
1663,2606,2025-01-27,2838,道恩股份,塑料制品,-2.4899697
1664,182,2025-01-27,629,钒钛股份,钢铁行业,-2.4903865
1665,2869,2025-01-27,300696,爱乐达,航天航空,-2.4904115
1666,4577,2025-01-27,688352,颀中科技,半导体,-2.4907272
1667,1382,2025-01-27,603000,人民网,文化传媒,-2.4908657
1668,4671,2025-01-27,300647,超频三,消费电子,-2.4909918
1669,8,2025-01-27,2142,宁波银行,银行,-2.4909956
1670,1507,2025-01-27,56,皇庭国际,房地产服务,-2.491041
1671,1861,2025-01-27,600230,沧州大化,化学制品,-2.4911783
1672,1944,2025-01-27,603026,石大胜华,化学制品,-2.4916327
1673,2755,2025-01-27,603183,建研院,专业服务,-2.4919198
1674,1291,2025-01-27,300826,测绘股份,工程咨询服务,-2.4920137
1675,1818,2025-01-27,2237,恒邦股份,贵金属,-2.4926555
1676,1550,2025-01-27,600512,腾达建设,工程建设,-2.4929514
1677,677,2025-01-27,600426,华鲁恒升,化学原料,-2.4933372
1678,1057,2025-01-27,2722,物产金轮,纺织服装,-2.4945793
1679,340,2025-01-27,603801,志邦家居,装修建材,-2.4946547
1680,4712,2025-01-27,603115,海星股份,电子元件,-2.4949338
1681,3109,2025-01-27,151,中成股份,贸易行业,-2.4950936
1682,1580,2025-01-27,601886,江河集团,装修装饰,-2.4951167
1683,253,2025-01-27,600157,永泰能源,电力行业,-2.4953036
1684,1701,2025-01-27,600063,皖维高新,化纤行业,-2.495537
1685,2194,2025-01-27,2591,恒大高新,互联网服务,-2.4956086
1686,249,2025-01-27,600505,西昌电力,电力行业,-2.4957447
1687,3875,2025-01-27,688538,和辉光电-U,光学光电子,-2.4961646
1688,1505,2025-01-27,600658,电子城,房地产服务,-2.496455
1689,907,2025-01-27,688189,南新制药,化学制药,-2.497809
1690,3279,2025-01-27,688248,南网科技,电网设备,-2.49797
1691,4587,2025-01-27,688693,锴威特,半导体,-2.498104
1692,4262,2025-01-27,300092,科新机电,通用设备,-2.4981883
1693,84,2025-01-27,601101,昊华能源,煤炭行业,-2.4981985
1694,4403,2025-01-27,600837,海通证券,证券,-2.4982789
1695,2620,2025-01-27,300610,晨化股份,塑料制品,-2.4984713
1696,2811,2025-01-27,688015,交控科技,交运设备,-2.4986062
1697,626,2025-01-27,637,茂化实华,石油行业,-2.4986808
1698,2640,2025-01-27,300905,宝丽迪,塑料制品,-2.4987996
1699,1677,2025-01-27,300191,潜能恒信,采掘行业,-2.4993968
1700,394,2025-01-27,600269,赣粤高速,铁路公路,-2.4994757
1701,1474,2025-01-27,603117,万林物流,物流行业,-2.499965
1702,2081,2025-01-27,301223,中荣股份,包装材料,-2.5000505
1703,4111,2025-01-27,600206,有研新材,小金属,-2.5011132
1704,2013,2025-01-27,600961,株冶集团,有色金属,-2.5011814
1705,1713,2025-01-27,688295,中复神鹰,化纤行业,-2.501821
1706,3329,2025-01-27,603985,恒润股份,风电设备,-2.5019045
1707,1960,2025-01-27,2246,北化股份,化学制品,-2.5019665
1708,2097,2025-01-27,603687,大胜达,包装材料,-2.5020661
1709,4460,2025-01-27,688728,格科微,半导体,-2.5021446
1710,795,2025-01-27,688580,伟思医疗,医疗器械,-2.502339
1711,2039,2025-01-27,2501,利源股份,有色金属,-2.5027425
1712,664,2025-01-27,300640,德艺文创,家用轻工,-2.5028112
1713,4504,2025-01-27,605111,新洁能,半导体,-2.5029016
1714,2007,2025-01-27,2114,罗平锌电,有色金属,-2.5029383
1715,2302,2025-01-27,1318,阳光乳业,食品饮料,-2.5029714
1716,239,2025-01-27,1286,陕西能源,电力行业,-2.5030103
1717,1957,2025-01-27,300109,新开源,化学制品,-2.5031295
1718,4416,2025-01-27,783,长江证券,证券,-2.5031853
1719,1617,2025-01-27,600211,西藏药业,生物制品,-2.5041168
1720,1770,2025-01-27,301051,信濠光电,玻璃玻纤,-2.5043883
1721,2716,2025-01-27,300824,北鼎股份,家电行业,-2.5048487
1722,3769,2025-01-27,300048,合康新能,专用设备,-2.505134
1723,724,2025-01-27,301059,金三江,化学原料,-2.5052364
1724,2576,2025-01-27,2594,比亚迪,汽车整车,-2.50533
1725,1407,2025-01-27,2238,天威视讯,文化传媒,-2.505671
1726,556,2025-01-27,300138,晨光生物,农牧饲渔,-2.5056856
1727,3471,2025-01-27,2976,瑞玛精密,汽车零部件,-2.505712
1728,2468,2025-01-27,600683,京投发展,房地产开发,-2.5057447
1729,428,2025-01-27,401,冀东水泥,水泥建材,-2.5057626
1730,3871,2025-01-27,2955,鸿合科技,光学光电子,-2.505853
1731,2348,2025-01-27,300094,国联水产,食品饮料,-2.5062711
1732,1011,2025-01-27,601339,百隆东方,纺织服装,-2.506617
1733,905,2025-01-27,600062,华润双鹤,化学制药,-2.5067225
1734,1324,2025-01-27,301371,敷尔佳,美容护理,-2.5069964
1735,3450,2025-01-27,2537,海联金汇,汽车零部件,-2.5071428
1736,1853,2025-01-27,2476,宝莫股份,化学制品,-2.5073524
1737,788,2025-01-27,688075,安旭生物,医疗器械,-2.507433
1738,16,2025-01-27,601939,建设银行,银行,-2.5074408
1739,621,2025-01-27,59,华锦股份,石油行业,-2.5076573
1740,1480,2025-01-27,300873,海晨股份,物流行业,-2.507698
1741,1115,2025-01-27,601200,上海环境,环保行业,-2.507891
1742,437,2025-01-27,600477,杭萧钢构,水泥建材,-2.5083501
1743,1500,2025-01-27,600684,珠江股份,房地产服务,-2.5090013
1744,4418,2025-01-27,601059,信达证券,证券,-2.5094616
1745,3672,2025-01-27,300823,建科智能,专用设备,-2.5096216
1746,725,2025-01-27,2145,中核钛白,化学原料,-2.5108075
1747,2433,2025-01-27,402,金 融 街,房地产开发,-2.5110214
1748,1553,2025-01-27,601611,中国核建,工程建设,-2.5110369
1749,2633,2025-01-27,301161,唯万密封,塑料制品,-2.5111053
1750,2329,2025-01-27,300915,海融科技,食品饮料,-2.511264
1751,769,2025-01-27,300406,九强生物,医疗器械,-2.5116284
1752,2325,2025-01-27,2719,麦趣尔,食品饮料,-2.511826
1753,805,2025-01-27,688576,西山科技,医疗器械,-2.512092
1754,19,2025-01-27,600928,西安银行,银行,-2.512384
1755,3233,2025-01-27,2451,摩恩电气,电网设备,-2.5124366
1756,2297,2025-01-27,600429,三元股份,食品饮料,-2.5125532
1757,3309,2025-01-27,301063,海锅股份,风电设备,-2.5128384
1758,4136,2025-01-27,300345,华民股份,光伏设备,-2.513353
1759,2043,2025-01-27,2578,闽发铝业,有色金属,-2.5137203
1760,2432,2025-01-27,600663,陆家嘴,房地产开发,-2.514094
1761,242,2025-01-27,791,甘肃能源,电力行业,-2.5144584
1762,1895,2025-01-27,2211,宏达新材,化学制品,-2.515102
1763,3449,2025-01-27,301181,标榜股份,汽车零部件,-2.515295
1764,3383,2025-01-27,300045,华力创通,计算机设备,-2.515438
1765,1220,2025-01-27,2412,汉森制药,中药,-2.5155725
1766,1172,2025-01-27,551,创元科技,环保行业,-2.5156188
1767,298,2025-01-27,600078,澄星股份,化肥行业,-2.5160637
1768,597,2025-01-27,600103,青山纸业,造纸印刷,-2.5161426
1769,331,2025-01-27,603137,恒尚节能,装修建材,-2.5163286
1770,286,2025-01-27,301126,达嘉维康,医药商业,-2.5165975
1771,1118,2025-01-27,301372,科净源,环保行业,-2.51667
1772,4565,2025-01-27,688072,拓荆科技,半导体,-2.516859
1773,4002,2025-01-27,300648,星云股份,电池,-2.5171528
1774,2436,2025-01-27,90,天健集团,房地产开发,-2.5173101
1775,3783,2025-01-27,300486,东杰智能,专用设备,-2.5173965
1776,3307,2025-01-27,600458,时代新材,风电设备,-2.5176153
1777,3476,2025-01-27,2448,中原内配,汽车零部件,-2.5177014
1778,4751,2025-01-27,2579,中京电子,电子元件,-2.5177028
1779,87,2025-01-27,601225,陕西煤业,煤炭行业,-2.5178246
1780,4623,2025-01-27,300686,智动力,消费电子,-2.5181115
1781,4283,2025-01-27,601882,海天精工,通用设备,-2.518798
1782,180,2025-01-27,601121,宝地矿业,钢铁行业,-2.5189679
1783,663,2025-01-27,2301,齐心集团,家用轻工,-2.5191195
1784,3723,2025-01-27,688310,迈得医疗,专用设备,-2.5191574
1785,1028,2025-01-27,600232,金鹰股份,纺织服装,-2.5191903
1786,760,2025-01-27,301122,采纳股份,医疗器械,-2.5192337
1787,842,2025-01-27,688393,安必平,医疗器械,-2.5193903
1788,3988,2025-01-27,301238,瑞泰新材,电池,-2.519645
1789,4541,2025-01-27,300327,中颖电子,半导体,-2.520347
1790,4925,2025-01-27,600487,亨通光电,通信设备,-2.5203683
1791,2493,2025-01-27,600895,张江高科,房地产开发,-2.520405
1792,3821,2025-01-27,688084,晶品特装,专用设备,-2.5208185
1793,4281,2025-01-27,300080,易成新能,通用设备,-2.5210154
1794,1136,2025-01-27,300774,倍杰特,环保行业,-2.5212612
1795,1766,2025-01-27,301526,国际复材,玻璃玻纤,-2.5212798
1796,1124,2025-01-27,300388,节能国祯,环保行业,-2.521344
1797,4380,2025-01-27,601688,华泰证券,证券,-2.5214384
1798,89,2025-01-27,601001,晋控煤业,煤炭行业,-2.5218787
1799,1229,2025-01-27,600976,健民集团,中药,-2.521911
1800,1993,2025-01-27,300855,图南股份,有色金属,-2.5219162
1801,234,2025-01-27,600644,乐山电力,电力行业,-2.521994
1802,170,2025-01-27,923,河钢资源,钢铁行业,-2.5223174
1803,1933,2025-01-27,688199,久日新材,化学制品,-2.5223217
1804,3104,2025-01-27,600058,五矿发展,贸易行业,-2.5224383
1805,957,2025-01-27,301089,拓新药业,化学制药,-2.5226884
1806,4720,2025-01-27,2179,中航光电,电子元件,-2.5228167
1807,4141,2025-01-27,600207,安彩高科,光伏设备,-2.5231807
1808,1834,2025-01-27,603227,雪峰科技,化学制品,-2.523254
1809,1697,2025-01-27,2064,华峰化学,化纤行业,-2.5232766
1810,430,2025-01-27,2233,塔牌集团,水泥建材,-2.523346
1811,4389,2025-01-27,601901,方正证券,证券,-2.5234158
1812,2680,2025-01-27,2860,星帅尔,家电行业,-2.5235617
1813,4407,2025-01-27,600369,西南证券,证券,-2.5236473
1814,1723,2025-01-27,600051,宁波联合,综合行业,-2.5237978
1815,3407,2025-01-27,300912,凯龙高科,汽车零部件,-2.5238187
1816,2963,2025-01-27,301313,凡拓数创,软件开发,-2.5246394
1817,1,2025-01-27,601988,中国银行,银行,-2.5247824
1818,834,2025-01-27,688016,心脉医疗,医疗器械,-2.5251257
1819,1105,2025-01-27,603797,联泰环保,环保行业,-2.5252202
1820,175,2025-01-27,601005,重庆钢铁,钢铁行业,-2.5254664
1821,1557,2025-01-27,603163,圣晖集成,工程建设,-2.5255132
1822,2807,2025-01-27,301322,绿通科技,交运设备,-2.5257573
1823,4128,2025-01-27,688303,大全能源,光伏设备,-2.5258005
1824,1342,2025-01-27,2192,融捷股份,能源金属,-2.5264642
1825,1312,2025-01-27,600249,两面针,美容护理,-2.5265183
1826,3648,2025-01-27,1332,锡装股份,专用设备,-2.5265343
1827,4239,2025-01-27,600860,京城股份,通用设备,-2.5272427
1828,1037,2025-01-27,301276,嘉曼服饰,纺织服装,-2.527326
1829,998,2025-01-27,603055,台华新材,纺织服装,-2.5277507
1830,123,2025-01-27,600389,江山股份,农药兽药,-2.527835
1831,3115,2025-01-27,300184,力源信息,贸易行业,-2.5279927
1832,181,2025-01-27,778,新兴铸管,钢铁行业,-2.5280879
1833,3111,2025-01-27,600250,南京商旅,贸易行业,-2.5283911
1834,1113,2025-01-27,300815,玉禾田,环保行业,-2.5289855
1835,2166,2025-01-27,2195,岩山科技,互联网服务,-2.5292888
1836,3549,2025-01-27,603586,金麒麟,汽车零部件,-2.5293865
1837,512,2025-01-27,688156,路德环境,农牧饲渔,-2.5298004
1838,1129,2025-01-27,546,金圆股份,环保行业,-2.5310035
1839,393,2025-01-27,600012,皖通高速,铁路公路,-2.531023
1840,4627,2025-01-27,2937,兴瑞科技,消费电子,-2.531199
1841,153,2025-01-27,708,中信特钢,钢铁行业,-2.531442
1842,277,2025-01-27,600511,国药股份,医药商业,-2.532297
1843,2185,2025-01-27,300523,辰安科技,互联网服务,-2.532407
1844,3759,2025-01-27,301338,凯格精机,专用设备,-2.5324588
1845,1501,2025-01-27,2285,世联行,房地产服务,-2.532558
1846,1989,2025-01-27,2988,豪美新材,有色金属,-2.5328705
1847,2378,2025-01-27,601966,玲珑轮胎,橡胶制品,-2.5329938
1848,2336,2025-01-27,300892,品渥食品,食品饮料,-2.5332775
1849,1464,2025-01-27,605050,福然德,物流行业,-2.5334117
1850,1525,2025-01-27,65,北方国际,工程建设,-2.5335033
1851,225,2025-01-27,605028,世茂能源,电力行业,-2.5336468
1852,4359,2025-01-27,2426,胜利精密,通用设备,-2.5337956
1853,2068,2025-01-27,601111,中国国航,航空机场,-2.5338967
1854,375,2025-01-27,2694,顾地科技,装修建材,-2.534041
1855,818,2025-01-27,301580,爱迪特,医疗器械,-2.5340993
1856,3718,2025-01-27,301418,协昌科技,专用设备,-2.5342946
1857,304,2025-01-27,902,新洋丰,化肥行业,-2.5345433
1858,517,2025-01-27,600108,亚盛集团,农牧饲渔,-2.5350456
1859,398,2025-01-27,600377,宁沪高速,铁路公路,-2.5351143
1860,4534,2025-01-27,688012,中微公司,半导体,-2.5352569
1861,502,2025-01-27,600313,农发种业,农牧饲渔,-2.535285
1862,3743,2025-01-27,300195,长荣股份,专用设备,-2.5353851
1863,1282,2025-01-27,301136,招标股份,工程咨询服务,-2.535441
1864,1741,2025-01-27,605599,菜百股份,珠宝首饰,-2.5356426
1865,4414,2025-01-27,601456,国联证券,证券,-2.5358171
1866,3312,2025-01-27,301155,海力风电,风电设备,-2.5360243
1867,4155,2025-01-27,603396,金辰股份,光伏设备,-2.5360255
1868,1800,2025-01-27,301201,诚达药业,医疗服务,-2.536093
1869,326,2025-01-27,603818,曲美家居,装修建材,-2.5363033
1870,3890,2025-01-27,300162,雷曼光电,光学光电子,-2.5365856
1871,1442,2025-01-27,603056,德邦股份,物流行业,-2.536669
1872,3666,2025-01-27,605167,利柏特,专用设备,-2.5369418
1873,690,2025-01-27,301395,仁信新材,化学原料,-2.5378797
1874,2086,2025-01-27,2303,美盈森,包装材料,-2.5382814
1875,4105,2025-01-27,600392,盛和资源,小金属,-2.5383759
1876,4772,2025-01-27,688025,杰普特,电子元件,-2.538384
1877,4635,2025-01-27,2925,盈趣科技,消费电子,-2.5385768
1878,3895,2025-01-27,2587,奥拓电子,光学光电子,-2.5386243
1879,4445,2025-01-27,688733,壹石通,非金属材料,-2.539229
1880,1969,2025-01-27,300169,天晟新材,化学制品,-2.5392358
1881,35,2025-01-27,601658,邮储银行,银行,-2.5394213
1882,943,2025-01-27,603669,灵康药业,化学制药,-2.5395806
1883,846,2025-01-27,688410,山外山,医疗器械,-2.5396726
1884,2992,2025-01-27,948,南天信息,软件开发,-2.5396771
1885,3165,2025-01-27,600838,上海九百,商业百货,-2.5397708
1886,2871,2025-01-27,2625,光启技术,航天航空,-2.5400288
1887,263,2025-01-27,1896,豫能控股,电力行业,-2.540307
1888,1319,2025-01-27,603238,诺邦股份,美容护理,-2.540315
1889,418,2025-01-27,600801,华新水泥,水泥建材,-2.540382
1890,2539,2025-01-27,2461,珠江啤酒,酿酒行业,-2.5407732
1891,3445,2025-01-27,301133,金钟股份,汽车零部件,-2.5407937
1892,1208,2025-01-27,600535,天士力,中药,-2.54093
1893,2267,2025-01-27,2515,金字火腿,食品饮料,-2.5410388
1894,2886,2025-01-27,2023,海特高新,航天航空,-2.541456
1895,3180,2025-01-27,2256,兆新股份,电网设备,-2.5414681
1896,1802,2025-01-27,2219,新里程,医疗服务,-2.5418732
1897,3491,2025-01-27,2454,松芝股份,汽车零部件,-2.5419662
1898,4901,2025-01-27,600776,东方通信,通信设备,-2.5422761
1899,1371,2025-01-27,601801,皖新传媒,文化传媒,-2.5423775
1900,1317,2025-01-27,300955,嘉亨家化,美容护理,-2.5427704
1901,609,2025-01-27,2067,景兴纸业,造纸印刷,-2.5435398
1902,409,2025-01-27,600106,重庆路桥,铁路公路,-2.5436313
1903,4865,2025-01-27,300397,天和防务,通信设备,-2.5439963
1904,2803,2025-01-27,300923,研奥股份,交运设备,-2.5441089
1905,2757,2025-01-27,300797,钢研纳克,专业服务,-2.5443747
1906,2762,2025-01-27,300962,中金辐照,专业服务,-2.5445971
1907,551,2025-01-27,600883,博闻科技,农牧饲渔,-2.5446374
1908,607,2025-01-27,2229,鸿博股份,造纸印刷,-2.5447671
1909,3186,2025-01-27,600525,长园集团,电网设备,-2.545297
1910,1372,2025-01-27,2995,天地在线,文化传媒,-2.5456443
1911,4836,2025-01-27,2534,西子洁能,电源设备,-2.5457666
1912,1146,2025-01-27,601330,绿色动力,环保行业,-2.5459018
1913,1562,2025-01-27,600667,太极实业,工程建设,-2.5461576
1914,2909,2025-01-27,600830,香溢融通,多元金融,-2.5462453
1915,1717,2025-01-27,688722,同益中,化纤行业,-2.5465472
1916,2459,2025-01-27,600748,上实发展,房地产开发,-2.5465705
1917,14,2025-01-27,2807,江阴银行,银行,-2.5466685
1918,100,2025-01-27,723,美锦能源,煤炭行业,-2.5473354
1919,2467,2025-01-27,600848,上海临港,房地产开发,-2.5480225
1920,2349,2025-01-27,300997,欢乐家,食品饮料,-2.548384
1921,863,2025-01-27,603676,卫信康,化学制药,-2.548474
1922,3200,2025-01-23,300069,金利华电,电网设备,-2.5488758
1923,3275,2025-01-27,300490,华自科技,电网设备,-2.5490289
1924,1725,2025-01-27,600805,悦达投资,综合行业,-2.5490897
1925,3597,2025-01-27,688146,中船特气,电子化学品,-2.549117
1926,464,2025-01-27,603162,海通发展,航运港口,-2.549197
1927,56,2025-01-27,601139,深圳燃气,燃气,-2.549606
1928,20,2025-01-27,2966,苏州银行,银行,-2.5499814
1929,4130,2025-01-27,600876,凯盛新能,光伏设备,-2.5501366
1930,4073,2025-01-27,300112,万讯自控,仪器仪表,-2.5503795
1931,1968,2025-01-27,301618,长联科技,化学制品,-2.5508115
1932,3909,2025-01-27,300128,锦富技术,光学光电子,-2.5509522
1933,1148,2025-01-27,300867,圣元环保,环保行业,-2.551098
1934,4228,2025-01-27,300126,锐奇股份,通用设备,-2.5513234
1935,981,2025-01-27,603207,小方制药,化学制药,-2.5520432
1936,1202,2025-01-27,300123,亚光科技,船舶制造,-2.552357
1937,1879,2025-01-27,2037,保利联合,化学制品,-2.5524578
1938,1078,2025-01-27,2269,美邦服饰,纺织服装,-2.5529504
1939,40,2025-01-27,601166,兴业银行,银行,-2.5533001
1940,2676,2025-01-27,2032,苏 泊 尔,家电行业,-2.553314
1941,1002,2025-01-27,600987,航民股份,纺织服装,-2.5534916
1942,3541,2025-01-27,301488,豪恩汽电,汽车零部件,-2.5539973
1943,140,2025-01-27,688526,科前生物,农药兽药,-2.5541234
1944,4737,2025-01-27,688496,清越科技,电子元件,-2.5541286
1945,1816,2025-01-27,600489,中金黄金,贵金属,-2.5541313
1946,4585,2025-01-27,300046,台基股份,半导体,-2.5541437
1947,1033,2025-01-27,850,华茂股份,纺织服装,-2.554202
1948,3332,2025-01-27,300904,威力传动,风电设备,-2.5544298
1949,1830,2025-01-27,603980,吉华集团,化学制品,-2.5549026
1950,4285,2025-01-27,688648,中邮科技,通用设备,-2.5551918
1951,3427,2025-01-27,603048,浙江黎明,汽车零部件,-2.5553172
1952,883,2025-01-27,3020,立方制药,化学制药,-2.5553384
1953,3688,2025-01-27,300540,蜀道装备,专用设备,-2.5555668
1954,291,2025-01-27,301408,华人健康,医药商业,-2.5555794
1955,1951,2025-01-27,300067,安诺其,化学制品,-2.5557346
1956,960,2025-01-27,600079,人福医药,化学制药,-2.5558274
1957,319,2025-01-27,2170,芭田股份,化肥行业,-2.5566082
1958,3776,2025-01-27,300549,优德精密,专用设备,-2.5568516
1959,2382,2025-01-27,300320,海达股份,橡胶制品,-2.5571494
1960,703,2025-01-27,300834,星辉环材,化学原料,-2.5573292
1961,4710,2025-01-27,600563,法拉电子,电子元件,-2.5573905
1962,161,2025-01-27,1203,大中矿业,钢铁行业,-2.5575428
1963,2373,2025-01-27,2224,三 力 士,橡胶制品,-2.557595
1964,4250,2025-01-27,301353,普莱得,通用设备,-2.5576267
1965,4267,2025-01-27,300095,华伍股份,通用设备,-2.5577567
1966,1809,2025-01-27,2622,皓宸医疗,医疗服务,-2.557975
1967,2211,2025-01-27,300324,旋极信息,互联网服务,-2.5586271
1968,734,2025-01-27,300082,奥克股份,化学原料,-2.558634
1969,1633,2025-01-27,301301,川宁生物,生物制品,-2.558778
1970,3428,2025-01-27,603161,科华控股,汽车零部件,-2.5588295
1971,1443,2025-01-27,601333,广深铁路,物流行业,-2.559055
1972,77,2025-01-27,601918,新集能源,煤炭行业,-2.5591242
1973,1873,2025-01-27,603948,建业股份,化学制品,-2.5596092
1974,2412,2025-01-27,600706,曲江文旅,旅游酒店,-2.5598812
1975,4410,2025-01-27,601211,国泰君安,证券,-2.5599566
1976,3985,2025-01-27,300340,科恒股份,电池,-2.5599732
1977,76,2025-01-27,601898,中煤能源,煤炭行业,-2.5600526
1978,3598,2025-01-27,688106,金宏气体,电子化学品,-2.5604434
1979,4000,2025-01-27,301150,中一科技,电池,-2.5607429
1980,3155,2025-01-27,417,合百集团,商业百货,-2.5614433
1981,192,2025-01-27,601991,大唐发电,电力行业,-2.5614543
1982,3339,2025-01-27,605098,行动教育,教育,-2.5614955
1983,1509,2025-01-27,603682,锦和商管,房地产服务,-2.5615852
1984,2090,2025-01-27,300501,海顺新材,包装材料,-2.5616698
1985,427,2025-01-27,2205,国统股份,水泥建材,-2.562574
1986,2692,2025-01-27,603726,朗迪集团,家电行业,-2.563064
1987,3197,2025-01-27,600379,宝光股份,电网设备,-2.5633144
1988,928,2025-01-27,603538,美诺华,化学制药,-2.5634313
1989,4427,2025-01-27,688119,中钢洛耐,非金属材料,-2.564004
1990,4233,2025-01-27,2008,大族激光,通用设备,-2.564046
1991,2203,2025-01-27,300044,赛为智能,互联网服务,-2.5642078
1992,4411,2025-01-27,600864,哈投股份,证券,-2.5645063
1993,1731,2025-01-27,600770,综艺股份,综合行业,-2.5645168
1994,2440,2025-01-27,600064,南京高科,房地产开发,-2.5648487
1995,3478,2025-01-27,603917,合力科技,汽车零部件,-2.5649621
1996,4377,2025-01-27,601990,南京证券,证券,-2.565279
1997,3764,2025-01-27,301083,百胜智能,专用设备,-2.5656683
1998,1516,2025-01-27,600039,四川路桥,工程建设,-2.5656774
1999,1092,2025-01-27,2479,富春环保,环保行业,-2.5664828
2000,1387,2025-01-27,601858,中国科传,文化传媒,-2.5667167
2001,971,2025-01-27,300573,兴齐眼药,化学制药,-2.566964
2002,1909,2025-01-27,300665,飞鹿股份,化学制品,-2.567141
2003,164,2025-01-27,605158,华达新材,钢铁行业,-2.5673163
2004,4110,2025-01-27,2428,云南锗业,小金属,-2.5675018
2005,4864,2025-01-27,2977,天箭科技,通信设备,-2.5675564
2006,1730,2025-01-27,839,中信国安,综合行业,-2.567736
2007,274,2025-01-27,600998,九州通,医药商业,-2.5677783
2008,1254,2025-01-27,600771,广誉远,中药,-2.568099
2009,2345,2025-01-27,2702,海欣食品,食品饮料,-2.5682862
2010,3372,2025-01-27,300455,航天智装,计算机设备,-2.568635
2011,838,2025-01-27,688105,诺唯赞,医疗器械,-2.5688934
2012,335,2025-01-27,2652,扬子新材,装修建材,-2.5691614
2013,4217,2025-01-27,2132,恒星科技,通用设备,-2.569262
2014,4388,2025-01-27,601881,中国银河,证券,-2.5694363
2015,4212,2025-01-27,2444,巨星科技,通用设备,-2.569547
2016,1095,2025-01-27,2887,绿茵生态,环保行业,-2.5696783
2017,558,2025-01-27,603739,蔚蓝生物,农牧饲渔,-2.570035
2018,3119,2025-01-27,300975,商络电子,贸易行业,-2.5701666
2019,2464,2025-01-27,14,沙河股份,房地产开发,-2.5702999
2020,4,2025-01-27,601288,农业银行,银行,-2.5705383
2021,4437,2025-01-27,300395,菲利华,非金属材料,-2.570641
2022,2858,2025-01-27,697,炼石航空,航天航空,-2.5707567
2023,2627,2025-01-27,301237,和顺科技,塑料制品,-2.5710127
2024,1112,2025-01-27,600323,瀚蓝环境,环保行业,-2.5712073
2025,2885,2025-01-27,301586,佳力奇,航天航空,-2.571317
2026,1903,2025-01-27,881,中广核技,化学制品,-2.5714283
2027,2034,2025-01-27,301522,上大股份,有色金属,-2.5718014
2028,1287,2025-01-27,300500,启迪设计,工程咨询服务,-2.5719612
2029,3402,2025-01-27,603926,铁流股份,汽车零部件,-2.5719798
2030,4843,2025-01-27,300713,英可瑞,电源设备,-2.5719826
2031,757,2025-01-27,603301,振德医疗,医疗器械,-2.572232
2032,2507,2025-01-27,300022,吉峰科技,工程机械,-2.5723934
2033,2476,2025-01-27,600048,保利发展,房地产开发,-2.5724697
2034,1654,2025-01-27,403,派林生物,生物制品,-2.572667
2035,4707,2025-01-27,2025,航天电器,电子元件,-2.5727088
2036,373,2025-01-27,2066,瑞泰科技,装修建材,-2.5728629
2037,112,2025-01-27,300575,中旗股份,农药兽药,-2.5729594
2038,4955,2025-01-27,300626,华瑞股份,电机,-2.5729802
2039,3434,2025-01-27,603997,继峰股份,汽车零部件,-2.5730226
2040,2428,2025-01-27,600648,外高桥,房地产开发,-2.573035
2041,3631,2025-01-27,603289,泰瑞机器,专用设备,-2.5730438
2042,1211,2025-01-27,600594,益佰制药,中药,-2.573678
2043,2785,2025-01-27,603787,新日股份,交运设备,-2.5738902
2044,4038,2025-01-27,2980,华盛昌,仪器仪表,-2.5741522
2045,1792,2025-01-27,301257,普蕊斯,医疗服务,-2.574355
2046,1323,2025-01-27,2243,力合科创,美容护理,-2.5744078
2047,4251,2025-01-27,300193,佳士科技,通用设备,-2.574432
2048,1540,2025-01-27,2135,东南网架,工程建设,-2.574824
2049,1015,2025-01-27,600493,凤竹纺织,纺织服装,-2.5750723
2050,287,2025-01-27,600833,第一医药,医药商业,-2.5751853
2051,793,2025-01-27,688314,康拓医疗,医疗器械,-2.5753412
2052,1768,2025-01-27,605006,山东玻纤,玻璃玻纤,-2.5754173
2053,4234,2025-01-27,2639,雪人股份,通用设备,-2.5754743
2054,2223,2025-01-27,300212,易华录,互联网服务,-2.5757287
2055,678,2025-01-27,683,远兴能源,化学原料,-2.5757365
2056,843,2025-01-27,300832,新产业,医疗器械,-2.576391
2057,515,2025-01-27,2772,众兴菌业,农牧饲渔,-2.576672
2058,177,2025-01-27,600382,广东明珠,钢铁行业,-2.5770564
2059,2376,2025-01-27,2753,永东股份,橡胶制品,-2.5776482
2060,1619,2025-01-27,300683,海特生物,生物制品,-2.5779312
2061,75,2025-01-27,601088,中国神华,煤炭行业,-2.5779698
2062,1166,2025-01-27,300334,津膜科技,环保行业,-2.5781353
2063,3961,2025-01-27,300568,星源材质,电池,-2.5781963
2064,4303,2025-01-27,603088,宁波精达,通用设备,-2.5791967
2065,3886,2025-01-27,603679,华体科技,光学光电子,-2.579213
2066,3046,2025-01-27,300552,万集科技,软件开发,-2.5792322
2067,3885,2025-01-27,688299,长阳科技,光学光电子,-2.5797317
2068,1441,2025-01-27,1228,永泰运,物流行业,-2.5798712
2069,1072,2025-01-27,600735,新华锦,纺织服装,-2.579951
2070,3789,2025-01-27,2523,天桥起重,专用设备,-2.5807214
2071,1649,2025-01-27,688163,赛伦生物,生物制品,-2.580873
2072,3779,2025-01-27,603960,克来机电,专用设备,-2.5809278
2073,4090,2025-01-27,600281,华阳新材,小金属,-2.5809882
2074,1058,2025-01-27,301088,戎美股份,纺织服装,-2.581007
2075,1130,2025-01-27,967,盈峰环境,环保行业,-2.5816891
2076,3465,2025-01-27,300428,立中集团,汽车零部件,-2.5823429
2077,1589,2025-01-27,55,方大集团,装修装饰,-2.5824194
2078,1408,2025-01-27,300027,华谊兄弟,文化传媒,-2.582559
2079,707,2025-01-27,601678,滨化股份,化学原料,-2.5831327
2080,3982,2025-01-27,2074,国轩高科,电池,-2.5832598
2081,4139,2025-01-27,688560,明冠新材,光伏设备,-2.5832918
2082,781,2025-01-27,300318,博晖创新,医疗器械,-2.583295
2083,293,2025-01-27,600829,人民同泰,医药商业,-2.583684
2084,2834,2025-01-27,603602,纵横通信,通信服务,-2.5838687
2085,3358,2025-01-27,2180,纳思达,计算机设备,-2.5844088
2086,1980,2025-01-27,300930,屹通新材,有色金属,-2.5846083
2087,1043,2025-01-27,2494,华斯股份,纺织服装,-2.5846553
2088,2489,2025-01-27,600641,万业企业,房地产开发,-2.5854692
2089,4499,2025-01-27,301369,联动科技,半导体,-2.5854967
2090,3156,2025-01-27,600729,重庆百货,商业百货,-2.585787
2091,2282,2025-01-27,529,广弘控股,食品饮料,-2.5859118
2092,3265,2025-01-27,600550,保变电气,电网设备,-2.5861523
2093,2957,2025-01-27,2063,远光软件,软件开发,-2.5864666
2094,2218,2025-01-27,2232,启明信息,互联网服务,-2.5864766
2095,2087,2025-01-27,2846,英联股份,包装材料,-2.5865405
2096,1258,2025-01-27,2166,莱茵生物,中药,-2.5866964
2097,913,2025-01-27,301277,新天地,化学制药,-2.5867205
2098,2061,2025-01-27,601021,春秋航空,航空机场,-2.5871868
2099,3698,2025-01-27,2796,世嘉科技,专用设备,-2.58727
2100,1484,2025-01-27,600179,安通控股,物流行业,-2.5873911
2101,3904,2025-01-27,300939,秋田微,光学光电子,-2.5884342
2102,3145,2025-01-27,715,中兴商业,商业百货,-2.588625
2103,2484,2025-01-27,600743,华远地产,房地产开发,-2.588891
2104,1487,2025-01-27,2889,东方嘉盛,物流行业,-2.5890584
2105,1170,2025-01-27,300140,节能环境,环保行业,-2.5891287
2106,1712,2025-01-27,677,恒天海龙,化纤行业,-2.5891416
2107,152,2025-01-27,600019,宝钢股份,钢铁行业,-2.589324
2108,103,2025-01-27,601011,宝泰隆,煤炭行业,-2.5895283
2109,871,2025-01-27,2020,京新药业,化学制药,-2.5896618
2110,2675,2025-01-27,603303,得邦照明,家电行业,-2.590477
2111,3110,2025-01-27,301099,雅创电子,贸易行业,-2.5905252
2112,1754,2025-01-27,603601,再升科技,玻璃玻纤,-2.5906591
2113,4622,2025-01-27,301135,瑞德智能,消费电子,-2.591018
2114,3010,2025-01-27,2178,延华智能,软件开发,-2.591745
2115,4562,2025-01-27,301348,蓝箭电子,半导体,-2.5917647
2116,2480,2025-01-27,2314,南山控股,房地产开发,-2.5918286
2117,3510,2025-01-27,300978,东箭科技,汽车零部件,-2.5920272
2118,1137,2025-01-27,3027,同兴科技,环保行业,-2.5921435
2119,4363,2025-01-27,2122,汇洲智能,通用设备,-2.5922139
2120,2027,2025-01-27,600490,鹏欣资源,有色金属,-2.5922213
2121,1179,2025-01-27,300197,节能铁汉,环保行业,-2.5925992
2122,113,2025-01-27,300871,回盛生物,农药兽药,-2.5928926
2123,2966,2025-01-27,2065,东华软件,软件开发,-2.5929518
2124,3499,2025-01-27,300643,万通智控,汽车零部件,-2.5943944
2125,1335,2025-01-27,301219,腾远钴业,能源金属,-2.594479
2126,2371,2025-01-27,2984,森麒麟,橡胶制品,-2.5946565
2127,4492,2025-01-27,688396,华润微,半导体,-2.5951548
2128,354,2025-01-27,300737,科顺股份,装修建材,-2.5952365
2129,36,2025-01-27,601229,上海银行,银行,-2.5953457
2130,4221,2025-01-27,301125,腾亚精工,通用设备,-2.5957081
2131,1356,2025-01-27,719,中原传媒,文化传媒,-2.5958533
2132,4066,2025-01-27,2849,威星智能,仪器仪表,-2.5960488
2133,3411,2025-01-27,603037,凯众股份,汽车零部件,-2.596584
2134,2175,2025-01-27,600718,东软集团,互联网服务,-2.5972185
2135,4011,2025-01-27,688148,芳源股份,电池,-2.5973225
2136,1778,2025-01-27,2172,澳洋健康,医疗服务,-2.5973537
2137,1369,2025-01-27,300788,中信出版,文化传媒,-2.597484
2138,866,2025-01-27,688799,华纳药厂,化学制药,-2.597668
2139,3994,2025-01-27,688638,誉辰智能,电池,-2.5976927
2140,305,2025-01-27,2556,辉隆股份,化肥行业,-2.5977583
2141,2814,2025-01-27,1696,宗申动力,交运设备,-2.5979447
2142,1922,2025-01-27,605399,晨光新材,化学制品,-2.5984352
2143,1128,2025-01-27,600526,菲达环保,环保行业,-2.5987124
2144,3754,2025-01-27,603169,兰石重装,专用设备,-2.5987177
2145,2654,2025-01-27,300784,利安科技,塑料制品,-2.5991013
2146,2195,2025-01-27,300269,联建光电,互联网服务,-2.5995016
2147,726,2025-01-27,301065,本立科技,化学原料,-2.5996284
2148,4655,2025-01-27,603626,科森科技,消费电子,-2.5997686
2149,159,2025-01-27,600295,鄂尔多斯,钢铁行业,-2.5997713
2150,2499,2025-01-27,620,新华联,房地产开发,-2.6000216
2151,79,2025-01-27,600403,大有能源,煤炭行业,-2.6001618
2152,4140,2025-01-27,300316,晶盛机电,光伏设备,-2.600424
2153,927,2025-01-27,600276,恒瑞医药,化学制药,-2.6005495
2154,3479,2025-01-27,300745,欣锐科技,汽车零部件,-2.600679
2155,2573,2025-01-27,951,中国重汽,汽车整车,-2.6009622
2156,3241,2025-01-27,2452,长高电新,电网设备,-2.6010687
2157,1795,2025-01-27,300143,盈康生命,医疗服务,-2.601164
2158,2229,2025-01-27,300464,星徽股份,互联网服务,-2.601287
2159,809,2025-01-27,300642,透景生命,医疗器械,-2.6015174
2160,1207,2025-01-27,423,东阿阿胶,中药,-2.6021826
2161,1788,2025-01-27,300404,博济医药,医疗服务,-2.602231
2162,2400,2025-01-27,600138,中青旅,旅游酒店,-2.602753
2163,1110,2025-01-27,2672,东江环保,环保行业,-2.6029072
2164,1696,2025-01-27,601233,桐昆股份,化纤行业,-2.602977
2165,2518,2025-01-27,603638,艾迪精密,工程机械,-2.6030536
2166,1065,2025-01-27,2780,三夫户外,纺织服装,-2.604486
2167,3331,2025-01-27,300443,金雷股份,风电设备,-2.6045942
2168,4914,2025-01-27,300134,大富科技,通信设备,-2.6051683
2169,4667,2025-01-27,301578,辰奕智能,消费电子,-2.6053746
2170,4159,2025-01-27,1269,欧晶科技,光伏设备,-2.6058202
2171,2760,2025-01-27,603373,安邦护卫,专业服务,-2.6060662
2172,4134,2025-01-27,603381,永臻股份,光伏设备,-2.6060739
2173,4286,2025-01-27,300470,中密控股,通用设备,-2.6062865
2174,1368,2025-01-27,601098,中南传媒,文化传媒,-2.6063516
2175,721,2025-01-27,2469,三维化学,化学原料,-2.6064136
2176,3454,2025-01-27,2863,今飞凯达,汽车零部件,-2.6074998
2177,1468,2025-01-27,927,中国铁物,物流行业,-2.6077104
2178,3375,2025-01-27,300155,安居宝,计算机设备,-2.6078405
2179,3720,2025-01-27,688378,奥来德,专用设备,-2.608117
2180,4532,2025-01-27,688409,富创精密,半导体,-2.6082363
2181,1517,2025-01-27,600248,陕建股份,工程建设,-2.6082478
2182,4569,2025-01-27,688262,国芯科技,半导体,-2.608364
2183,1406,2025-01-27,2803,吉宏股份,文化传媒,-2.6084814
2184,564,2025-01-27,1338,永顺泰,农牧饲渔,-2.6085057
2185,43,2025-01-27,603080,新疆火炬,燃气,-2.6085305
2186,774,2025-01-27,2817,黄山胶囊,医疗器械,-2.608743
2187,2180,2025-01-27,2264,新 华 都,互联网服务,-2.6087809
2188,1823,2025-01-27,2155,湖南黄金,贵金属,-2.60889
2189,3247,2025-01-27,301388,欣灵电气,电网设备,-2.6090438
2190,946,2025-01-27,300584,海辰药业,化学制药,-2.6093698
2191,1810,2025-01-27,300244,迪安诊断,医疗服务,-2.6096737
2192,4030,2025-01-27,2819,东方中科,仪器仪表,-2.609682
2193,4131,2025-01-27,301046,能辉科技,光伏设备,-2.6097772
2194,991,2025-01-27,2394,联发股份,纺织服装,-2.6099021
2195,672,2025-01-27,301,东方盛虹,化学原料,-2.6102707
2196,3753,2025-01-27,688383,新益昌,专用设备,-2.610274
2197,4738,2025-01-27,300408,三环集团,电子元件,-2.6104398
2198,4509,2025-01-27,688689,银河微电,半导体,-2.61099
2199,3020,2025-01-27,600654,中安科,软件开发,-2.611224
2200,4785,2025-01-27,603989,艾华集团,电子元件,-2.611363
2201,44,2025-01-27,2911,佛燃能源,燃气,-2.6116333
2202,4725,2025-01-27,603186,华正新材,电子元件,-2.6118703
2203,2752,2025-01-27,3008,开普检测,专业服务,-2.6118708
2204,2388,2025-01-27,300121,阳谷华泰,橡胶制品,-2.6121063
2205,786,2025-01-27,603387,基蛋生物,医疗器械,-2.6123238
2206,1724,2025-01-27,2758,浙农股份,综合行业,-2.6123357
2207,3189,2025-01-27,2350,北京科锐,电网设备,-2.6131008
2208,204,2025-01-27,600027,华电国际,电力行业,-2.6131318
2209,750,2025-01-27,2223,鱼跃医疗,医疗器械,-2.6131995
2210,3807,2025-01-27,300293,蓝英装备,专用设备,-2.6132145
2211,1479,2025-01-27,603648,畅联股份,物流行业,-2.613532
2212,4956,2025-01-27,688395,正弦电气,电机,-2.6139264
2213,2738,2025-01-27,2418,康盛股份,家电行业,-2.6140223
2214,872,2025-01-27,300111,向日葵,化学制药,-2.614515
2215,1003,2025-01-27,301108,洁雅股份,纺织服装,-2.6146715
2216,1111,2025-01-27,300335,迪森股份,环保行业,-2.6148825
2217,325,2025-01-27,2088,鲁阳节能,装修建材,-2.6149116
2218,2082,2025-01-27,2701,奥瑞金,包装材料,-2.6150322
2219,3203,2025-01-27,2090,金智科技,电网设备,-2.6154258
2220,2758,2025-01-27,300012,华测检测,专业服务,-2.615462
2221,1227,2025-01-27,2644,佛慈制药,中药,-2.615685
2222,648,2025-01-27,301376,致欧科技,家用轻工,-2.6158073
2223,1122,2025-01-27,301148,嘉戎技术,环保行业,-2.6158514
2224,266,2025-01-27,958,电投产融,电力行业,-2.6160557
2225,4519,2025-01-27,688391,钜泉科技,半导体,-2.6161249
2226,4390,2025-01-27,601108,财通证券,证券,-2.6164038
2227,4676,2025-01-27,301626,苏州天脉,消费电子,-2.6167166
2228,800,2025-01-27,688029,南微医学,医疗器械,-2.6168296
2229,4253,2025-01-27,3025,思进智能,通用设备,-2.6169832
2230,276,2025-01-27,411,英特集团,医药商业,-2.6171672
2231,4488,2025-01-27,301297,富乐德,半导体,-2.6173792
2232,1403,2025-01-27,892,欢瑞世纪,文化传媒,-2.6174822
2233,1316,2025-01-27,605009,豪悦护理,美容护理,-2.6178315
2234,4263,2025-01-27,603131,上海沪工,通用设备,-2.6179762
2235,2628,2025-01-27,300230,永利股份,塑料制品,-2.6180837
2236,3481,2025-01-27,301170,锡南科技,汽车零部件,-2.618138
2237,3752,2025-01-27,300865,大宏立,专用设备,-2.6184196
2238,73,2025-01-27,600985,淮北矿业,煤炭行业,-2.6186104
2239,2487,2025-01-27,600162,香江控股,房地产开发,-2.6186144
2240,4334,2025-01-27,300606,金太阳,通用设备,-2.6186914
2241,256,2025-01-27,600509,天富能源,电力行业,-2.6188595
2242,399,2025-01-27,755,山西高速,铁路公路,-2.618904
2243,529,2025-01-27,300970,华绿生物,农牧饲渔,-2.6190765
2244,3739,2025-01-27,301360,荣旗科技,专用设备,-2.619496
2245,306,2025-01-27,600141,兴发集团,化肥行业,-2.6195705
2246,539,2025-01-27,603182,嘉华股份,农牧饲渔,-2.6196334
2247,596,2025-01-27,603165,荣晟环保,造纸印刷,-2.6197004
2248,4905,2025-01-27,688618,三旺通信,通信设备,-2.6197412
2249,1660,2025-01-27,688710,益诺思,生物制品,-2.6198463
2250,1417,2025-01-27,2739,万达电影,文化传媒,-2.6199255
2251,3095,2025-01-27,600981,汇鸿集团,贸易行业,-2.6200113
2252,3661,2025-01-27,301043,绿岛风,专用设备,-2.6201658
2253,832,2025-01-27,300206,理邦仪器,医疗器械,-2.620339
2254,1107,2025-01-27,300631,久吾高科,环保行业,-2.6205711
2255,2153,2025-01-27,2291,遥望科技,互联网服务,-2.620613
2256,221,2025-01-27,603693,江苏新能,电力行业,-2.62091
2257,1156,2025-01-27,301175,中科环保,环保行业,-2.6209786
2258,2447,2025-01-27,600649,城投控股,房地产开发,-2.6211128
2259,720,2025-01-27,301149,隆华新材,化学原料,-2.6215065
2260,3313,2025-01-27,603218,日月股份,风电设备,-2.6220157
2261,4172,2025-01-27,301266,宇邦新材,光伏设备,-2.6221468
2262,3492,2025-01-27,605128,上海沿浦,汽车零部件,-2.6223347
2263,4048,2025-01-27,300371,汇中股份,仪器仪表,-2.6223466
2264,1376,2025-01-27,603096,新经典,文化传媒,-2.6228511
2265,4098,2025-01-27,600301,华锡有色,小金属,-2.6229002
2266,4143,2025-01-27,301278,快可电子,光伏设备,-2.6231196
2267,4881,2025-01-27,2104,恒宝股份,通信设备,-2.623196
2268,4129,2025-01-27,603105,芯能科技,光伏设备,-2.6233857
2269,465,2025-01-27,2320,海峡股份,航运港口,-2.6234102
2270,2826,2025-01-27,603322,超讯通信,通信服务,-2.623938
2271,1648,2025-01-27,688180,君实生物-U,生物制品,-2.6239383
2272,4523,2025-01-27,301308,江波龙,半导体,-2.624899
2273,3417,2025-01-27,601799,星宇股份,汽车零部件,-2.625023
2274,54,2025-01-27,407,胜利股份,燃气,-2.6252282
2275,3496,2025-01-27,2870,香山股份,汽车零部件,-2.6253626
2276,885,2025-01-27,1367,海森药业,化学制药,-2.6254215
2277,3633,2025-01-27,600894,广日股份,专用设备,-2.6255577
2278,2800,2025-01-27,600818,中路股份,交运设备,-2.6263182
2279,4384,2025-01-27,600958,东方证券,证券,-2.626358
2280,273,2025-01-27,600713,南京医药,医药商业,-2.6263666
2281,4890,2025-01-27,300414,中光防雷,通信设备,-2.6271076
2282,3975,2025-01-27,2759,天际股份,电池,-2.6275678
2283,3690,2025-01-27,603321,梅轮电梯,专用设备,-2.627573
2284,1259,2025-01-27,301111,粤万年青,中药,-2.627999
2285,722,2025-01-27,603172,万丰股份,化学原料,-2.6283753
2286,2978,2025-01-27,688570,天玛智控,软件开发,-2.6287746
2287,873,2025-01-27,2365,永安药业,化学制药,-2.6288714
2288,2830,2025-01-27,300736,百邦科技,通信服务,-2.6293416
2289,3755,2025-01-27,688128,中国电研,专用设备,-2.6293674
2290,3936,2025-01-27,301421,波长光电,光学光电子,-2.6294723
2291,4169,2025-01-27,300393,中来股份,光伏设备,-2.6296134
2292,2798,2025-01-27,603680,今创集团,交运设备,-2.6297898
2293,2418,2025-01-27,721,西安饮食,旅游酒店,-2.630239
2294,1707,2025-01-27,703,恒逸石化,化纤行业,-2.630585
2295,4277,2025-01-27,2248,华东数控,通用设备,-2.6310277
2296,881,2025-01-27,2653,海思科,化学制药,-2.6312578
2297,996,2025-01-27,600107,美尔雅,纺织服装,-2.6314366
2298,1910,2025-01-27,301292,海科新源,化学制品,-2.6317039
2299,1797,2025-01-27,688621,阳光诺和,医疗服务,-2.631851
2300,970,2025-01-27,688670,金迪克,化学制药,-2.6331787
2301,3387,2025-01-27,66,中国长城,计算机设备,-2.6332238
2302,2634,2025-01-27,300596,利安隆,塑料制品,-2.633527
2303,3250,2025-01-27,2706,良信股份,电网设备,-2.633793
2304,2463,2025-01-27,600675,中华企业,房地产开发,-2.6341968
2305,23,2025-01-27,1227,兰州银行,银行,-2.6347785
2306,1444,2025-01-27,603871,嘉友国际,物流行业,-2.6349921
2307,3519,2025-01-27,1311,多利科技,汽车零部件,-2.6351173
2308,2188,2025-01-27,688562,航天软件,互联网服务,-2.6353085
2309,1060,2025-01-27,300005,探路者,纺织服装,-2.6353626
2310,1432,2025-01-27,2654,万润科技,文化传媒,-2.635971
2311,4897,2025-01-27,32,深桑达Ａ,通信设备,-2.6359773
2312,797,2025-01-27,301515,港通医疗,医疗器械,-2.6361184
2313,3703,2025-01-27,688170,德龙激光,专用设备,-2.6365275
2314,1489,2025-01-27,2769,普路通,物流行业,-2.6366482
2315,552,2025-01-27,600540,新赛股份,农牧饲渔,-2.6369545
2316,4893,2025-01-27,600522,中天科技,通信设备,-2.6369648
2317,2269,2025-01-27,2597,金禾实业,食品饮料,-2.6376975
2318,2364,2025-01-27,605183,确成股份,橡胶制品,-2.6378062
2319,3232,2025-01-27,400,许继电气,电网设备,-2.6384766
2320,448,2025-01-27,601326,秦港股份,航运港口,-2.6391962
2321,4385,2025-01-27,750,国海证券,证券,-2.639738
2322,3693,2025-01-27,2833,弘亚数控,专用设备,-2.6400764
2323,755,2025-01-27,300453,三鑫医疗,医疗器械,-2.6401908
2324,2474,2025-01-27,601155,新城控股,房地产开发,-2.6404512
2325,4542,2025-01-27,688385,复旦微电,半导体,-2.6410604
2326,6,2025-01-27,601398,工商银行,银行,-2.6411378
2327,2889,2025-01-27,688297,中无人机,航天航空,-2.6413717
2328,4439,2025-01-27,300409,道氏技术,非金属材料,-2.6414175
2329,284,2025-01-27,603122,合富中国,医药商业,-2.6417751
2330,1563,2025-01-27,601133,柏诚股份,工程建设,-2.6420054
2331,3833,2025-01-27,688312,燕麦科技,专用设备,-2.6420906
2332,2542,2025-01-27,603919,金徽酒,酿酒行业,-2.6424353
2333,1104,2025-01-27,2573,清新环境,环保行业,-2.6424568
2334,4393,2025-01-27,2500,山西证券,证券,-2.643012
2335,3062,2025-01-27,300036,超图软件,软件开发,-2.6432185
2336,1362,2025-01-27,600977,中国电影,文化传媒,-2.6432204
2337,4383,2025-01-27,600999,招商证券,证券,-2.6434402
2338,3023,2025-01-27,301269,华大九天,软件开发,-2.6436815
2339,2735,2025-01-27,603366,日出东方,家电行业,-2.643693
2340,1121,2025-01-27,300948,冠中生态,环保行业,-2.6438794
2341,4142,2025-01-27,688516,奥特维,光伏设备,-2.6449473
2342,2667,2025-01-27,603112,华翔股份,家电行业,-2.6451979
2343,1867,2025-01-27,603867,新化股份,化学制品,-2.6453743
2344,4647,2025-01-27,300951,博硕科技,消费电子,-2.6456187
2345,2806,2025-01-27,300960,通业科技,交运设备,-2.6456254
2346,3628,2025-01-27,688162,巨一科技,专用设备,-2.6459427
2347,3314,2025-01-27,2487,大金重工,风电设备,-2.646338
2348,1482,2025-01-27,603223,恒通股份,物流行业,-2.6464925
2349,4757,2025-01-27,2138,顺络电子,电子元件,-2.646728
2350,3772,2025-01-27,603203,快克智能,专用设备,-2.6476953
2351,3825,2025-01-27,300875,捷强装备,专用设备,-2.647916
2352,2462,2025-01-27,965,天保基建,房地产开发,-2.6483233
2353,260,2025-01-27,531,穗恒运Ａ,电力行业,-2.6483927
2354,1567,2025-01-27,2775,文科股份,工程建设,-2.6485646
2355,2793,2025-01-27,605001,威奥股份,交运设备,-2.6485763
2356,4297,2025-01-27,603315,福鞍股份,通用设备,-2.648829
2357,3213,2025-01-27,603333,尚纬股份,电网设备,-2.6488743
2358,2469,2025-01-27,600773,西藏城投,房地产开发,-2.6489542
2359,2029,2025-01-27,426,兴业银锡,有色金属,-2.6494656
2360,4787,2025-01-27,301577,美信科技,电子元件,-2.649553
2361,1154,2025-01-27,688101,三达膜,环保行业,-2.6496685
2362,2445,2025-01-27,838,财信发展,房地产开发,-2.650908
2363,1518,2025-01-27,2140,东华科技,工程建设,-2.6512082
2364,2623,2025-01-27,603722,阿科力,塑料制品,-2.6514356
2365,1108,2025-01-27,885,城发环境,环保行业,-2.651616
2366,4962,2025-01-27,2249,大洋电机,电机,-2.6521351
2367,1485,2025-01-27,300350,华鹏飞,物流行业,-2.6531215
2368,4842,2025-01-27,688719,爱科赛博,电源设备,-2.653403
2369,1158,2025-01-27,688335,复洁环保,环保行业,-2.6534107
2370,1692,2025-01-27,300164,通源石油,采掘行业,-2.6535134
2371,1357,2025-01-27,601811,新华文轩,文化传媒,-2.6536484
2372,524,2025-01-27,300511,雪榕生物,农牧饲渔,-2.653875
2373,2041,2025-01-27,603527,众源新材,有色金属,-2.6542444
2374,4527,2025-01-27,2185,华天科技,半导体,-2.6548672
2375,7,2025-01-27,601838,成都银行,银行,-2.6549897
2376,2331,2025-01-27,600298,安琪酵母,食品饮料,-2.6553056
2377,4284,2025-01-27,300700,岱勒新材,通用设备,-2.655642
2378,4240,2025-01-27,301079,邵阳液压,通用设备,-2.656053
2379,379,2025-01-27,603378,亚士创能,装修建材,-2.6561077
2380,2908,2025-01-27,987,越秀资本,多元金融,-2.656186
2381,2306,2025-01-13,972,中基健康,食品饮料,-2.6561935
2382,12,2025-01-27,601528,瑞丰银行,银行,-2.656437
2383,4205,2025-01-27,605259,绿田机械,通用设备,-2.656667
2384,4650,2025-01-27,2655,共达电声,消费电子,-2.6572342
2385,3242,2025-01-27,300514,友讯达,电网设备,-2.6572442
2386,2438,2025-01-27,600639,浦东金桥,房地产开发,-2.6575363
2387,1448,2025-01-27,1331,胜通能源,物流行业,-2.6581635
2388,2592,2025-01-27,688669,聚石化学,塑料制品,-2.6582878
2389,1367,2025-01-27,603230,内蒙新华,文化传媒,-2.6582935
2390,378,2025-01-27,2785,万里石,装修建材,-2.6584322
2391,4875,2025-01-27,688100,威胜信息,通信设备,-2.6584914
2392,3955,2025-01-27,601319,中国人保,保险,-2.6587558
2393,1288,2025-01-27,300778,新城市,工程咨询服务,-2.6589031
2394,1021,2025-01-27,603073,彩蝶实业,纺织服装,-2.659018
2395,4067,2025-01-27,603275,众辰科技,仪器仪表,-2.6590927
2396,3,2025-01-27,601963,重庆银行,银行,-2.659124
2397,2457,2025-01-27,600510,黑牡丹,房地产开发,-2.659828
2398,4101,2025-01-27,657,中钨高新,小金属,-2.6598828
2399,3195,2025-01-27,300423,昇辉科技,电网设备,-2.6599224
2400,3403,2025-01-27,2725,跃岭股份,汽车零部件,-2.6601546
2401,2876,2025-01-27,688237,超卓航科,航天航空,-2.6601906
2402,2504,2025-01-27,680,山推股份,工程机械,-2.6603174
2403,2715,2025-01-27,600983,惠而浦,家电行业,-2.6604495
2404,3605,2025-01-27,300236,上海新阳,电子化学品,-2.6605628
2405,4580,2025-01-27,688368,晶丰明源,半导体,-2.6606722
2406,3030,2025-01-27,2421,达实智能,软件开发,-2.6607018
2407,2128,2025-01-27,2380,科远智慧,互联网服务,-2.6612747
2408,811,2025-01-27,300813,泰林生物,医疗器械,-2.6618578
2409,2031,2025-01-27,601600,中国铝业,有色金属,-2.6619973
2410,4555,2025-01-27,300053,航宇微,半导体,-2.6620946
2411,1103,2025-01-27,600388,龙净环保,环保行业,-2.6621082
2412,3914,2025-01-27,600552,凯盛科技,光学光电子,-2.6622436
2413,2659,2025-01-27,300180,华峰超纤,塑料制品,-2.662247
2414,4081,2025-01-27,300667,必创科技,仪器仪表,-2.6627178
2415,2022,2025-01-27,2996,顺博合金,有色金属,-2.6630366
2416,2293,2025-01-27,603755,日辰股份,食品饮料,-2.6631327
2417,3657,2025-01-27,1336,楚环科技,专用设备,-2.6633341
2418,4096,2025-01-27,603993,洛阳钼业,小金属,-2.6636784
2419,1140,2025-01-27,300692,中环环保,环保行业,-2.6637259
2420,2107,2025-01-27,300031,宝通科技,游戏,-2.66379
2421,1614,2025-01-27,300485,赛升药业,生物制品,-2.6640394
2422,2823,2025-01-27,600941,中国移动,通信服务,-2.6641014
2423,4046,2025-01-27,301006,迈拓股份,仪器仪表,-2.6652246
2424,1661,2025-01-27,300357,我武生物,生物制品,-2.6654594
2425,3530,2025-01-27,605208,永茂泰,汽车零部件,-2.665514
2426,4582,2025-01-27,688261,东微半导,半导体,-2.6656415
2427,4337,2025-01-27,300554,三超新材,通用设备,-2.6657329
2428,2717,2025-01-27,301008,宏昌科技,家电行业,-2.6658232
2429,4052,2025-01-27,300897,山科智能,仪器仪表,-2.6659992
2430,3357,2025-01-27,2970,锐明技术,计算机设备,-2.6660056
2431,3473,2025-01-27,300446,航天智造,汽车零部件,-2.666271
2432,3615,2025-01-27,300346,南大光电,电子化学品,-2.6662848
2433,4216,2025-01-27,2943,宇晶股份,通用设备,-2.6663787
2434,2320,2025-01-27,2481,双塔食品,食品饮料,-2.666599
2435,1999,2025-01-27,603937,丽岛新材,有色金属,-2.6667912
2436,4409,2025-01-27,2673,西部证券,证券,-2.6671753
2437,4520,2025-01-27,688403,汇成股份,半导体,-2.6675084
2438,2025,2025-01-27,300963,中洲特材,有色金属,-2.6676912
2439,966,2025-01-27,688513,苑东生物,化学制药,-2.6678016
2440,1801,2025-01-27,300149,睿智医药,医疗服务,-2.6678786
2441,3726,2025-01-27,600499,科达制造,专用设备,-2.6681
2442,4768,2025-01-27,600288,大恒科技,电子元件,-2.6682546
2443,1447,2025-01-27,2492,恒基达鑫,物流行业,-2.6684875
2444,2242,2025-01-27,300288,朗玛信息,互联网服务,-2.66869
2445,888,2025-01-27,300636,同和药业,化学制药,-2.6687
2446,2079,2025-01-27,2565,顺灏股份,包装材料,-2.6687884
2447,3466,2025-01-27,2284,亚太股份,汽车零部件,-2.6688888
2448,3209,2025-01-27,603556,海兴电力,电网设备,-2.6690102
2449,1455,2025-01-27,557,西部创业,物流行业,-2.6692197
2450,3793,2025-01-27,300173,福能东方,专用设备,-2.6694472
2451,3983,2025-01-27,301222,浙江恒威,电池,-2.6697528
2452,4845,2025-01-27,600405,动力源,电源设备,-2.6697571
2453,3210,2025-01-27,688517,金冠电气,电网设备,-2.6703644
2454,2411,2025-01-27,600754,锦江酒店,旅游酒店,-2.6704402
2455,3732,2025-01-27,300412,迦南科技,专用设备,-2.6705067
2456,4147,2025-01-27,2459,晶澳科技,光伏设备,-2.6708305
2457,2835,2025-01-27,300513,恒实科技,通信服务,-2.6708345
2458,296,2025-01-27,301017,漱玉平民,医药商业,-2.6711538
2459,837,2025-01-27,688366,昊海生科,医疗器械,-2.671324
2460,4108,2025-01-27,605376,博迁新材,小金属,-2.6719313
2461,980,2025-01-27,300942,易瑞生物,化学制药,-2.6721637
2462,3164,2025-01-27,600415,小商品城,商业百货,-2.672495
2463,4646,2025-01-27,603327,福蓉科技,消费电子,-2.672757
2464,1162,2025-01-27,826,启迪环境,环保行业,-2.6727843
2465,4878,2025-01-27,600435,北方导航,通信设备,-2.6731603
2466,1858,2025-01-27,2054,德美化工,化学制品,-2.6732745
2467,2453,2025-01-27,631,顺发恒业,房地产开发,-2.6735852
2468,1952,2025-01-27,300107,建新股份,化学制品,-2.6737146
2469,4887,2025-01-27,300213,佳讯飞鸿,通信设备,-2.6738482
2470,150,2025-01-27,600581,八一钢铁,钢铁行业,-2.6746788
2471,13,2025-01-27,600919,江苏银行,银行,-2.6746926
2472,124,2025-01-27,603639,海利尔,农药兽药,-2.6747088
2473,4133,2025-01-27,601012,隆基绿能,光伏设备,-2.674726
2474,2470,2025-01-27,600325,华发股份,房地产开发,-2.6754384
2475,4548,2025-01-27,300706,阿石创,半导体,-2.6756284
2476,2768,2025-01-27,603776,永安行,专业服务,-2.6763728
2477,468,2025-01-27,600279,重庆港,航运港口,-2.6764994
2478,2471,2025-01-27,600503,华丽家族,房地产开发,-2.6767106
2479,3438,2025-01-27,688280,精进电动-UW,汽车零部件,-2.6772654
2480,1514,2025-01-27,301038,深水规院,工程建设,-2.677568
2481,3733,2025-01-27,1277,速达股份,专用设备,-2.677599
2482,3447,2025-01-27,600523,贵航股份,汽车零部件,-2.6782465
2483,3439,2025-01-27,600609,金杯汽车,汽车零部件,-2.6788342
2484,2749,2025-01-27,600662,外服控股,专业服务,-2.678906
2485,195,2025-01-27,600025,华能水电,电力行业,-2.679083
2486,4633,2025-01-27,3028,振邦智能,消费电子,-2.6795154
2487,3053,2025-01-27,301592,六九一二,软件开发,-2.6801965
2488,2718,2025-01-27,603075,热威股份,家电行业,-2.680201
2489,1314,2025-01-27,300658,延江股份,美容护理,-2.6805096
2490,4075,2025-01-27,300862,蓝盾光电,仪器仪表,-2.6807942
2491,1475,2025-01-27,300240,飞力达,物流行业,-2.6818178
2492,1010,2025-01-27,600137,浪莎股份,纺织服装,-2.6822345
2493,392,2025-01-27,2357,富临运业,铁路公路,-2.682306
2494,1715,2025-01-27,420,吉林化纤,化纤行业,-2.6828387
2495,4278,2025-01-27,301311,昆船智能,通用设备,-2.6829243
2496,1556,2025-01-27,301058,中粮科工,工程建设,-2.6836247
2497,1221,2025-01-27,2873,新天药业,中药,-2.6837018
2498,3751,2025-01-27,300818,耐普矿机,专用设备,-2.6838655
2499,4259,2025-01-27,300971,博亚精工,通用设备,-2.683917
2500,3506,2025-01-27,600081,东风科技,汽车零部件,-2.6843746
2501,3404,2025-01-27,301186,超达装备,汽车零部件,-2.6844907
2502,1422,2025-01-27,793,华闻集团,文化传媒,-2.6850858
2503,522,2025-01-27,2679,福建金森,农牧饲渔,-2.6855028
2504,675,2025-01-27,2895,川恒股份,化学原料,-2.6856723
2505,3507,2025-01-27,2703,浙江世宝,汽车零部件,-2.6857748
2506,4465,2025-01-27,688002,睿创微纳,半导体,-2.6858513
2507,3171,2025-01-27,2277,友阿股份,商业百货,-2.686283
2508,1504,2025-01-27,600239,云南城投,房地产服务,-2.686538
2509,1773,2025-01-27,603127,昭衍新药,医疗服务,-2.686713
2510,4758,2025-01-27,300220,金运激光,电子元件,-2.6867855
2511,3887,2025-01-27,300909,汇创达,光学光电子,-2.6869528
2512,4599,2025-01-27,688256,寒武纪-U,半导体,-2.6870348
2513,2483,2025-01-27,1979,招商蛇口,房地产开发,-2.6873646
2514,1689,2025-01-27,2207,准油股份,采掘行业,-2.6874504
2515,2083,2025-01-27,2752,昇兴股份,包装材料,-2.687545
2516,4525,2025-01-27,688130,晶华微,半导体,-2.6875608
2517,2967,2025-01-27,301378,通达海,软件开发,-2.6875753
2518,3925,2025-01-27,300219,鸿利智汇,光学光电子,-2.6879902
2519,746,2025-01-27,688085,三友医疗,医疗器械,-2.6880667
2520,593,2025-01-27,600963,岳阳林纸,造纸印刷,-2.6881423
2521,349,2025-01-27,603008,喜临门,装修建材,-2.6883948
2522,3916,2025-01-27,300088,长信科技,光学光电子,-2.688539
2523,81,2025-01-27,600408,安泰集团,煤炭行业,-2.6887891
2524,2880,2025-01-27,2389,航天彩虹,航天航空,-2.6888254
2525,4780,2025-01-27,301041,金百泽,电子元件,-2.688976
2526,1281,2025-01-27,300649,杭州园林,工程咨询服务,-2.6891115
2527,1052,2025-01-27,603196,日播时尚,纺织服装,-2.689326
2528,313,2025-01-27,2999,天禾股份,化肥行业,-2.6893935
2529,2903,2025-01-27,600816,建元信托,多元金融,-2.689579
2530,2458,2025-01-27,514,渝 开 发,房地产开发,-2.6898293
2531,656,2025-01-27,300651,金陵体育,家用轻工,-2.6898942
2532,527,2025-01-27,301156,美农生物,农牧饲渔,-2.6900299
2533,1225,2025-01-27,603439,贵州三力,中药,-2.690132
2534,922,2025-01-27,300966,共同药业,化学制药,-2.690191
2535,4923,2025-01-27,600345,长江通信,通信设备,-2.6903653
2536,367,2025-01-27,619,海螺新材,装修建材,-2.6905022
2537,4282,2025-01-27,688697,纽威数控,通用设备,-2.6907692
2538,3565,2025-01-27,2328,新朋股份,汽车零部件,-2.6910784
2539,815,2025-01-27,688389,普门科技,医疗器械,-2.6911232
2540,2878,2025-01-27,688586,江航装备,航天航空,-2.6917174
2541,4545,2025-01-27,688082,盛美上海,半导体,-2.6920536
2542,1299,2025-01-27,300284,苏交科,工程咨询服务,-2.6921089
2543,2631,2025-01-27,300586,美联新材,塑料制品,-2.6922681
2544,4125,2025-01-27,603806,福斯特,光伏设备,-2.692269
2545,1134,2025-01-27,603588,高能环境,环保行业,-2.692638
2546,4544,2025-01-27,688347,华虹公司,半导体,-2.693108
2547,473,2025-01-27,520,凤凰航运,航运港口,-2.693118
2548,2263,2025-01-27,603020,爱普股份,食品饮料,-2.6934943
2549,2387,2025-01-27,603650,彤程新材,橡胶制品,-2.6939294
2550,4915,2025-01-27,300615,欣天科技,通信设备,-2.6942248
2551,1808,2025-01-27,688202,美迪西,医疗服务,-2.6942368
2552,4404,2025-01-27,601696,中银证券,证券,-2.6944706
2553,1926,2025-01-27,603125,常青科技,化学制品,-2.6945882
2554,4801,2025-01-27,603386,骏亚科技,电子元件,-2.6947215
2555,3560,2025-01-27,2806,华锋股份,汽车零部件,-2.6947591
2556,2169,2025-01-27,300532,今天国际,互联网服务,-2.6954231
2557,2569,2025-01-27,601127,赛力斯,汽车整车,-2.6955607
2558,660,2025-01-27,603091,众鑫股份,家用轻工,-2.6959527
2559,661,2025-01-27,2571,德力股份,家用轻工,-2.696052
2560,4432,2025-01-27,1301,尚太科技,非金属材料,-2.6968744
2561,1733,2025-01-27,600620,天宸股份,综合行业,-2.6971664
2562,4967,2025-01-27,603819,神力股份,电机,-2.6972082
2563,3555,2025-01-27,603390,通达电气,汽车零部件,-2.6972673
2564,34,2025-01-27,603323,苏农银行,银行,-2.6974363
2565,4402,2025-01-27,2939,长城证券,证券,-2.6976006
2566,4412,2025-01-27,600909,华安证券,证券,-2.6978517
2567,4625,2025-01-27,688260,昀冢科技,消费电子,-2.6984856
2568,1781,2025-01-27,688076,诺泰生物,医疗服务,-2.6987736
2569,4280,2025-01-27,688305,科德数控,通用设备,-2.6988585
2570,1296,2025-01-27,603153,上海建科,工程咨询服务,-2.6997952
2571,3963,2025-01-27,301358,湖南裕能,电池,-2.7009926
2572,2677,2025-01-27,603311,金海高科,家电行业,-2.701339
2573,3621,2025-01-27,603002,宏昌电子,电子化学品,-2.7014375
2574,2513,2025-01-27,1288,运机集团,工程机械,-2.7014532
2575,46,2025-01-27,605090,九丰能源,燃气,-2.7021744
2576,2874,2025-01-27,2933,新兴装备,航天航空,-2.7022898
2577,289,2025-01-27,300937,药易购,医药商业,-2.7024817
2578,2632,2025-01-27,603266,天龙股份,塑料制品,-2.7033577
2579,4516,2025-01-27,688699,明微电子,半导体,-2.7035847
2580,4721,2025-01-27,301359,东南电子,电子元件,-2.7038896
2581,4773,2025-01-27,300475,香农芯创,电子元件,-2.7046375
2582,582,2025-01-27,600235,民丰特纸,造纸印刷,-2.704705
2583,3607,2025-01-27,688548,广钢气体,电子化学品,-2.7051423
2584,3243,2025-01-27,603312,西典新能,电网设备,-2.7051446
2585,2868,2025-01-27,600760,中航沈飞,航天航空,-2.7052636
2586,4514,2025-01-27,688252,天德钰,半导体,-2.7054026
2587,2176,2025-01-27,688568,中科星图,互联网服务,-2.7056723
2588,478,2025-01-27,1210,金房能源,公用事业,-2.7057524
2589,2751,2025-01-27,600861,北京人力,专业服务,-2.705807
2590,2582,2025-01-27,601777,力帆科技,汽车整车,-2.7060094
2591,2949,2025-01-27,301330,熵基科技,软件开发,-2.7063954
2592,4174,2025-01-27,688680,海优新材,光伏设备,-2.707795
2593,4275,2025-01-27,605100,华丰股份,通用设备,-2.708071
2594,4333,2025-01-27,300145,中金环境,通用设备,-2.7084017
2595,3271,2025-01-27,301390,经纬股份,电网设备,-2.7087197
2596,973,2025-01-27,2082,万邦德,化学制药,-2.7091777
2597,4158,2025-01-27,300317,珈伟新能,光伏设备,-2.7092333
2598,1841,2025-01-27,985,大庆华科,化学制品,-2.7092426
2599,4055,2025-01-27,300306,远方信息,仪器仪表,-2.709579
2600,1413,2025-01-27,605168,三人行,文化传媒,-2.7098968
2601,495,2025-01-27,1376,百通能源,公用事业,-2.710218
2602,2998,2025-01-27,300365,恒华科技,软件开发,-2.7102685
2603,1173,2025-01-27,603324,盛剑科技,环保行业,-2.7109668
2604,3906,2025-01-27,2962,五方光电,光学光电子,-2.7119164
2605,3435,2025-01-27,603201,常润股份,汽车零部件,-2.7124655
2606,1477,2025-01-27,1202,炬申股份,物流行业,-2.7127788
2607,3608,2025-01-27,300398,飞凯材料,电子化学品,-2.712991
2608,4288,2025-01-27,688557,兰剑智能,通用设备,-2.7134511
2609,324,2025-01-27,603610,麒盛科技,装修建材,-2.7135966
2610,584,2025-01-27,2521,齐峰新材,造纸印刷,-2.713697
2611,752,2025-01-27,603976,正川股份,医疗器械,-2.7140326
2612,1395,2025-01-27,605577,龙版传媒,文化传媒,-2.7145245
2613,366,2025-01-27,2392,北京利尔,装修建材,-2.7146115
2614,2898,2025-01-27,600901,江苏金租,多元金融,-2.714683
2615,1483,2025-01-27,688211,中科微至,物流行业,-2.7150745
2616,136,2025-01-27,300119,瑞普生物,农药兽药,-2.7151413
2617,4391,2025-01-27,600061,国投资本,证券,-2.71516
2618,4301,2025-01-27,2438,江苏神通,通用设备,-2.7154987
2619,3106,2025-01-27,603071,物产环能,贸易行业,-2.7155483
2620,4508,2025-01-27,688216,气派科技,半导体,-2.7155616
2621,1650,2025-01-27,688428,诺诚健华-U,生物制品,-2.7157736
2622,3100,2025-01-27,1316,润贝航科,贸易行业,-2.715859
2623,4451,2025-01-27,688300,联瑞新材,非金属材料,-2.7160816
2624,4528,2025-01-27,688595,芯海科技,半导体,-2.7161386
2625,2707,2025-01-27,2668,TCL智家,家电行业,-2.716195
2626,4656,2025-01-27,300793,佳禾智能,消费电子,-2.7164779
2627,2,2025-01-27,600000,浦发银行,银行,-2.7169342
2628,2429,2025-01-27,600708,光明地产,房地产开发,-2.7171595
2629,3263,2025-01-27,300880,迦南智能,电网设备,-2.717269
2630,4517,2025-01-27,688230,芯导科技,半导体,-2.7176316
2631,4387,2025-01-27,601377,兴业证券,证券,-2.7179816
2632,1313,2025-01-27,300132,青松股份,美容护理,-2.7181416
2633,4429,2025-01-27,603826,坤彩科技,非金属材料,-2.7181792
2634,2724,2025-01-27,603219,富佳股份,家电行业,-2.7181954
2635,4971,2025-01-27,603988,中电电机,电机,-2.7190852
2636,1096,2025-01-27,603817,海峡环保,环保行业,-2.719217
2637,3388,2025-01-27,300177,中海达,计算机设备,-2.7193556
2638,4070,2025-01-27,2877,智能自控,仪器仪表,-2.7195942
2639,4299,2025-01-27,2903,宇环数控,通用设备,-2.7198417
2640,4154,2025-01-27,300051,琏升科技,光伏设备,-2.7199142
2641,2154,2025-01-27,2777,久远银海,互联网服务,-2.7201116
2642,1762,2025-01-27,2201,正威新材,玻璃玻纤,-2.7203555
2643,1554,2025-01-27,603098,森特股份,工程建设,-2.720696
2644,2832,2025-01-27,300597,吉大通信,通信服务,-2.720722
2645,1782,2025-01-27,2524,光正眼科,医疗服务,-2.7210543
2646,165,2025-01-27,600117,西宁特钢,钢铁行业,-2.7213292
2647,1607,2025-01-27,688373,盟科药业-U,生物制品,-2.7216885
2648,309,2025-01-27,600096,云天化,化肥行业,-2.7219439
2649,1635,2025-01-27,688331,荣昌生物,生物制品,-2.7220585
2650,1116,2025-01-27,603359,东珠生态,环保行业,-2.7223253
2651,2311,2025-01-27,300783,三只松鼠,食品饮料,-2.723021
2652,865,2025-01-27,600488,津药药业,化学制药,-2.7230325
2653,4681,2025-01-27,2885,京泉华,消费电子,-2.7237732
2654,4470,2025-01-27,300831,派瑞股份,半导体,-2.7242787
2655,1747,2025-01-27,2574,明牌珠宝,珠宝首饰,-2.724621
2656,1526,2025-01-27,600853,龙建股份,工程建设,-2.7249527
2657,4013,2025-01-27,688063,派能科技,电池,-2.7257128
2658,3338,2025-01-27,600455,博通股份,教育,-2.7258422
2659,2769,2025-01-27,301306,西测测试,专业服务,-2.7261295
2660,3419,2025-01-27,603596,伯特利,汽车零部件,-2.7263877
2661,2906,2025-01-27,600927,永安期货,多元金融,-2.7271078
2662,4166,2025-01-27,600151,航天机电,光伏设备,-2.7275932
2663,4743,2025-01-27,600237,铜峰电子,电子元件,-2.727863
2664,1785,2025-01-27,301235,华康医疗,医疗服务,-2.727865
2665,429,2025-01-27,601992,金隅集团,水泥建材,-2.7281668
2666,2959,2025-01-27,300253,卫宁健康,软件开发,-2.72824
2667,3938,2025-01-27,300323,华灿光电,光学光电子,-2.7283528
2668,4033,2025-01-27,2658,雪迪龙,仪器仪表,-2.7287712
2669,972,2025-01-27,603520,司太立,化学制药,-2.7289145
2670,1698,2025-01-27,600346,恒力石化,化纤行业,-2.7291965
2671,2942,2025-01-27,301221,光庭信息,软件开发,-2.7296517
2672,3276,2025-01-27,603897,长城科技,电网设备,-2.730485
2673,882,2025-01-27,601089,福元医药,化学制药,-2.7319756
2674,1196,2025-01-27,600685,中船防务,船舶制造,-2.732208
2675,3731,2025-01-27,300512,中亚股份,专用设备,-2.7323666
2676,2603,2025-01-27,300717,华信新材,塑料制品,-2.7329133
2677,1283,2025-01-27,301167,建研设计,工程咨询服务,-2.7330081
2678,1496,2025-01-27,1914,招商积余,房地产服务,-2.733016
2679,4248,2025-01-27,300441,鲍斯股份,通用设备,-2.7335126
2680,628,2025-01-27,2221,东华能源,石油行业,-2.7341125
2681,1018,2025-01-27,603558,健盛集团,纺织服装,-2.734665
2682,3077,2025-01-27,300377,赢时胜,软件开发,-2.7348278
2683,941,2025-01-27,605116,奥锐特,化学制药,-2.7349858
2684,1157,2025-01-27,301305,朗坤环境,环保行业,-2.7350397
2685,4153,2025-01-27,2623,亚玛顿,光伏设备,-2.7351112
2686,1513,2025-01-27,603316,诚邦股份,工程建设,-2.7355826
2687,3040,2025-01-27,688201,信安世纪,软件开发,-2.7357209
2688,2059,2025-01-27,89,深圳机场,航空机场,-2.7360957
2689,3432,2025-01-27,605255,天普股份,汽车零部件,-2.736485
2690,2347,2025-01-27,2570,贝因美,食品饮料,-2.7364955
2691,2607,2025-01-27,300995,奇德新材,塑料制品,-2.7365422
2692,3958,2025-01-27,601628,中国人寿,保险,-2.7373376
2693,4447,2025-01-27,603688,石英股份,非金属材料,-2.7376528
2694,1628,2025-01-27,688193,仁度生物,生物制品,-2.7377837
2695,3735,2025-01-27,605286,同力日升,专用设备,-2.7382057
2696,1188,2025-01-27,300961,深水海纳,环保行业,-2.7384303
2697,841,2025-01-27,301367,怡和嘉业,医疗器械,-2.7388825
2698,3262,2025-01-27,605222,起帆电缆,电网设备,-2.739101
2699,391,2025-01-27,429,粤高速Ａ,铁路公路,-2.7392337
2700,3774,2025-01-27,2960,青鸟消防,专用设备,-2.739441
2701,3483,2025-01-27,300585,奥联电子,汽车零部件,-2.739722
2702,189,2025-01-27,300881,盛德鑫泰,钢铁行业,-2.7405138
2703,2099,2025-01-27,2624,完美世界,游戏,-2.7405858
2704,1864,2025-01-27,688116,天奈科技,化学制品,-2.7408707
2705,3000,2025-01-27,688561,奇安信-U,软件开发,-2.7408938
2706,3321,2025-01-27,301163,宏德股份,风电设备,-2.7409794
2707,874,2025-01-27,300381,溢多利,化学制药,-2.7416635
2708,320,2025-01-27,2312,川发龙蟒,化肥行业,-2.7418787
2709,45,2025-01-27,605169,洪通燃气,燃气,-2.7421436
2710,2616,2025-01-27,688087,英科再生,塑料制品,-2.7421887
2711,215,2025-01-27,605580,恒盛能源,电力行业,-2.7425294
2712,2997,2025-01-27,600476,湘邮科技,软件开发,-2.743676
2713,264,2025-01-27,600979,广安爱众,电力行业,-2.7438316
2714,4960,2025-01-27,922,佳电股份,电机,-2.7446623
2715,711,2025-01-27,300891,惠云钛业,化学原料,-2.7448826
2716,1709,2025-01-27,603225,新凤鸣,化纤行业,-2.7454405
2717,4835,2025-01-27,2366,融发核电,电源设备,-2.7454746
2718,684,2025-01-27,603299,苏盐井神,化学原料,-2.7459362
2719,2092,2025-01-27,2787,华源控股,包装材料,-2.7463782
2720,4883,2025-01-27,301314,科瑞思,通信设备,-2.7466385
2721,676,2025-01-27,600319,亚星化学,化学原料,-2.7471204
2722,3500,2025-01-27,301229,纽泰格,汽车零部件,-2.7471879
2723,2108,2025-01-27,2174,游族网络,游戏,-2.7471955
2724,3884,2025-01-27,1373,翔腾新材,光学光电子,-2.7474399
2725,223,2025-01-27,600744,华银电力,电力行业,-2.747849
2726,10,2025-01-27,601825,沪农商行,银行,-2.7482753
2727,176,2025-01-27,600808,马钢股份,钢铁行业,-2.7487266
2728,4771,2025-01-27,300739,明阳电路,电子元件,-2.7489736
2729,2332,2025-01-27,600419,天润乳业,食品饮料,-2.7491565
2730,3611,2025-01-27,603078,江化微,电子化学品,-2.7493105
2731,2333,2025-01-27,605198,安德利,食品饮料,-2.749452
2732,388,2025-01-27,300616,尚品宅配,装修建材,-2.7494717
2733,3992,2025-01-27,688345,博力威,电池,-2.7495751
2734,4729,2025-01-27,688093,世华科技,电子元件,-2.74964
2735,4498,2025-01-27,300373,扬杰科技,半导体,-2.7500741
2736,3796,2025-01-27,688630,芯碁微装,专用设备,-2.7501988
2737,1269,2025-01-27,300492,华图山鼎,工程咨询服务,-2.7502036
2738,510,2025-01-27,600354,敦煌种业,农牧饲渔,-2.750284
2739,4214,2025-01-27,2871,伟隆股份,通用设备,-2.7506611
2740,265,2025-01-27,600212,绿能慧充,电力行业,-2.751369
2741,1062,2025-01-27,600630,龙头股份,纺织服装,-2.7516603
2742,2891,2025-01-27,300719,安达维尔,航天航空,-2.7535195
2743,787,2025-01-27,301097,天益医疗,医疗器械,-2.753543
2744,3729,2025-01-27,300228,富瑞特装,专用设备,-2.7535756
2745,3781,2025-01-27,300931,通用电梯,专用设备,-2.754102
2746,129,2025-01-27,600486,扬农化工,农药兽药,-2.754152
2747,1329,2025-01-27,603605,珀莱雅,美容护理,-2.7545443
2748,3533,2025-01-27,300176,鸿特科技,汽车零部件,-2.7545507
2749,3803,2025-01-27,852,石化机械,专用设备,-2.754555
2750,2321,2025-01-27,603696,安记食品,食品饮料,-2.7550213
2751,383,2025-01-27,2323,雅博股份,装修建材,-2.7550914
2752,3664,2025-01-27,1256,炜冈科技,专用设备,-2.7551146
2753,4135,2025-01-27,2056,横店东磁,光伏设备,-2.7552848
2754,4829,2025-01-27,576,甘化科工,电源设备,-2.755353
2755,4199,2025-01-27,2445,中南文化,通用设备,-2.7554262
2756,321,2025-01-27,2398,垒知集团,装修建材,-2.7557714
2757,4769,2025-01-27,603738,泰晶科技,电子元件,-2.7559142
2758,1695,2025-01-27,2493,荣盛石化,化纤行业,-2.7559233
2759,2265,2025-01-27,2286,保龄宝,食品饮料,-2.7562313
2760,246,2025-01-27,600,建投能源,电力行业,-2.756685
2761,2833,2025-01-27,300578,会畅通讯,通信服务,-2.756819
2762,134,2025-01-27,2391,长青股份,农药兽药,-2.756946
2763,3701,2025-01-27,300950,德固特,专用设备,-2.7577944
2764,4343,2025-01-27,2520,日发精机,通用设备,-2.758005
2765,2505,2025-01-27,1226,拓山重工,工程机械,-2.7582412
2766,3290,2025-01-27,300466,赛摩智能,电网设备,-2.7582557
2767,2770,2025-01-27,301289,国缆检测,专业服务,-2.758264
2768,329,2025-01-27,603833,欧派家居,装修建材,-2.7582676
2769,4032,2025-01-27,300838,浙江力诺,仪器仪表,-2.758408
2770,2907,2025-01-27,600643,爱建集团,多元金融,-2.7589545
2771,3686,2025-01-27,603076,乐惠国际,专用设备,-2.758979
2772,1143,2025-01-27,688370,丛麟科技,环保行业,-2.7595139
2773,937,2025-01-27,301258,富士莱,化学制药,-2.759566
2774,4870,2025-01-27,600562,国睿科技,通信设备,-2.759875
2775,680,2025-01-27,2136,安 纳 达,化学原料,-2.7608464
2776,199,2025-01-27,601985,中国核电,电力行业,-2.7611048
2777,594,2025-01-27,2836,新宏泽,造纸印刷,-2.7612658
2778,318,2025-01-27,600691,阳煤化工,化肥行业,-2.7618833
2779,1665,2025-01-27,600223,福瑞达,生物制品,-2.7621455
2780,4481,2025-01-27,688135,利扬芯片,半导体,-2.7621465
2781,1298,2025-01-27,300746,汉嘉设计,工程咨询服务,-2.762207
2782,4150,2025-01-27,600732,爱旭股份,光伏设备,-2.762441
2783,3778,2025-01-27,2957,科瑞技术,专用设备,-2.7631788
2784,1383,2025-01-27,601928,凤凰传媒,文化传媒,-2.7631953
2785,1820,2025-01-27,300139,晓程科技,贵金属,-2.764131
2786,647,2025-01-27,605268,王力安防,家用轻工,-2.7641778
2787,855,2025-01-27,688613,奥精医疗,医疗器械,-2.7642493
2788,230,2025-01-27,543,皖能电力,电力行业,-2.7648818
2789,1094,2025-01-27,601827,三峰环境,环保行业,-2.7649126
2790,1609,2025-01-27,688739,成大生物,生物制品,-2.7649415
2791,825,2025-01-27,688468,科美诊断,医疗器械,-2.7654302
2792,1412,2025-01-27,607,华媒控股,文化传媒,-2.765655
2793,864,2025-01-27,963,华东医药,化学制药,-2.7662349
2794,3268,2025-01-27,300018,中元股份,电网设备,-2.7662601
2795,4016,2025-01-27,603906,龙蟠科技,电池,-2.7663722
2796,4113,2025-01-27,688077,大地熊,小金属,-2.7665117
2797,916,2025-01-27,688221,前沿生物-U,化学制药,-2.7666113
2798,445,2025-01-27,1205,盛航股份,航运港口,-2.7666602
2799,3923,2025-01-27,600666,奥瑞德,光学光电子,-2.7666726
2800,645,2025-01-27,2489,浙江永强,家用轻工,-2.766819
2801,959,2025-01-27,300725,药石科技,化学制药,-2.7668598
2802,4224,2025-01-27,603028,赛福天,通用设备,-2.7676792
2803,4711,2025-01-27,733,振华科技,电子元件,-2.7679381
2804,3929,2025-01-27,2036,联创电子,光学光电子,-2.7682004
2805,4249,2025-01-27,300946,恒而达,通用设备,-2.7683127
2806,4438,2025-01-27,688357,建龙微纳,非金属材料,-2.7685046
2807,4755,2025-01-27,300936,中英科技,电子元件,-2.7685144
2808,4869,2025-01-27,300628,亿联网络,通信设备,-2.7690792
2809,1880,2025-01-27,603041,美思德,化学制品,-2.7693582
2810,1738,2025-01-27,158,常山北明,综合行业,-2.769454
2811,476,2025-01-27,598,兴蓉环境,公用事业,-2.7694924
2812,4496,2025-01-27,2156,通富微电,半导体,-2.7699351
2813,4183,2025-01-27,688726,拉普拉斯,光伏设备,-2.7701738
2814,3028,2025-01-27,603383,顶点软件,软件开发,-2.7703507
2815,1824,2025-01-27,600547,山东黄金,贵金属,-2.7708428
2816,2257,2025-01-27,603170,宝立食品,食品饮料,-2.7712557
2817,4160,2025-01-27,821,京山轻机,光伏设备,-2.7714496
2818,641,2025-01-27,605099,共创草坪,家用轻工,-2.7719831
2819,2056,2025-01-27,600822,上海物贸,汽车服务,-2.7723317
2820,3292,2025-01-27,300141,和顺电气,电网设备,-2.7723641
2821,3515,2025-01-27,2920,德赛西威,汽车零部件,-2.7723782
2822,1878,2025-01-27,603681,永冠新材,化学制品,-2.7725732
2823,2968,2025-01-27,300845,捷安高科,软件开发,-2.7727928
2824,2289,2025-01-27,605567,春雪食品,食品饮料,-2.7728457
2825,728,2025-01-27,600610,中毅达,化学原料,-2.772977
2826,4673,2025-01-27,2635,安洁科技,消费电子,-2.7730095
2827,1400,2025-01-27,301262,海看股份,文化传媒,-2.7738507
2828,4415,2025-01-27,601099,太平洋,证券,-2.773953
2829,1920,2025-01-27,301212,联盛化学,化学制品,-2.7742019
2830,4092,2025-01-27,688190,云路股份,小金属,-2.7744694
2831,1842,2025-01-27,600866,星湖科技,化学制品,-2.7747746
2832,1561,2025-01-27,605598,上海港湾,工程建设,-2.7751594
2833,4749,2025-01-27,2913,奥士康,电子元件,-2.7752378
2834,4740,2025-01-27,823,超声电子,电子元件,-2.77579
2835,4309,2025-01-27,300780,德恩精工,通用设备,-2.7758944
2836,1906,2025-01-27,301190,善水科技,化学制品,-2.7760074
2837,1817,2025-01-27,975,山金国际,贵金属,-2.7761188
2838,705,2025-01-27,600714,金瑞矿业,化学原料,-2.7765703
2839,548,2025-01-27,603477,巨星农牧,农牧饲渔,-2.77661
2840,2372,2025-01-27,599,青岛双星,橡胶制品,-2.7771564
2841,2645,2025-01-27,2324,普利特,塑料制品,-2.7780359
2842,3293,2025-01-27,601616,广电电气,电网设备,-2.778447
2843,4375,2025-01-27,2747,埃斯顿,通用设备,-2.778608
2844,4356,2025-01-27,300853,申昊科技,通用设备,-2.7789264
2845,1260,2025-01-27,301331,恩威医药,中药,-2.7791138
2846,3406,2025-01-27,603655,朗博科技,汽车零部件,-2.7798078
2847,3660,2025-01-27,603159,上海亚虹,专用设备,-2.7803059
2848,1700,2025-01-27,301057,汇隆新材,化纤行业,-2.7808197
2849,1279,2025-01-27,779,甘咨询,工程咨询服务,-2.7810028
2850,798,2025-01-27,300030,阳普医疗,医疗器械,-2.7813435
2851,3665,2025-01-27,301158,德石股份,专用设备,-2.781642
2852,3714,2025-01-27,301105,鸿铭股份,专用设备,-2.7818453
2853,2111,2025-01-27,300052,中青宝,游戏,-2.7819762
2854,4006,2025-01-27,300450,先导智能,电池,-2.7821364
2855,4624,2025-01-27,601231,环旭电子,消费电子,-2.7833934
2856,2597,2025-01-27,2768,国恩股份,塑料制品,-2.7837846
2857,3055,2025-01-27,300588,熙菱信息,软件开发,-2.7847726
2858,3009,2025-01-27,301179,泽宇智能,软件开发,-2.7851043
2859,2765,2025-01-27,301508,中机认检,专业服务,-2.7858253
2860,196,2025-01-27,600900,长江电力,电力行业,-2.78622
2861,4243,2025-01-27,301028,东亚机械,通用设备,-2.7862306
2862,3352,2025-01-27,688522,纳睿雷达,计算机设备,-2.7871525
2863,4786,2025-01-27,300460,惠伦晶体,电子元件,-2.7874074
2864,2598,2025-01-27,603181,皇马科技,塑料制品,-2.7874696
2865,4399,2025-01-27,601236,红塔证券,证券,-2.7878244
2866,3546,2025-01-27,603197,保隆科技,汽车零部件,-2.7879066
2867,406,2025-01-27,600561,江西长运,铁路公路,-2.7881663
2868,3325,2025-01-27,300690,双一科技,风电设备,-2.788265
2869,4274,2025-01-27,603757,大元泵业,通用设备,-2.7889483
2870,4913,2025-01-27,688609,九联科技,通信设备,-2.7893147
2871,1344,2025-01-27,802,北京文化,文化传媒,-2.789523
2872,926,2025-01-27,688091,上海谊众,化学制药,-2.7896738
2873,4543,2025-01-27,688061,灿瑞科技,半导体,-2.7898455
2874,1064,2025-01-27,2763,汇洁股份,纺织服装,-2.7900867
2875,423,2025-01-27,600668,尖峰集团,水泥建材,-2.7903607
2876,4776,2025-01-27,301176,逸豪新材,电子元件,-2.7905746
2877,186,2025-01-27,600010,包钢股份,钢铁行业,-2.7910466
2878,2674,2025-01-27,1259,利仁科技,家电行业,-2.7912912
2879,812,2025-01-27,300246,宝莱特,医疗器械,-2.7918983
2880,1290,2025-01-27,300675,建科院,工程咨询服务,-2.7926996
2881,1017,2025-01-27,600448,华纺股份,纺织服装,-2.7927542
2882,608,2025-01-27,603058,永吉股份,造纸印刷,-2.7931447
2883,3737,2025-01-27,300411,金盾股份,专用设备,-2.793216
2884,964,2025-01-27,2437,誉衡药业,化学制药,-2.7933388
2885,2734,2025-01-27,600839,四川长虹,家电行业,-2.7934878
2886,4039,2025-01-27,688450,光格科技,仪器仪表,-2.7936854
2887,4909,2025-01-27,2792,通宇通讯,通信设备,-2.7938795
2888,3912,2025-01-27,3019,宸展光电,光学光电子,-2.794535
2889,1394,2025-01-27,300426,唐德影视,文化传媒,-2.794873
2890,1983,2025-01-27,600768,宁波富邦,有色金属,-2.7949057
2891,2722,2025-01-27,300342,天银机电,家电行业,-2.795037
2892,2417,2025-01-27,430,张家界,旅游酒店,-2.79504
2893,3558,2025-01-27,688612,威迈斯,汽车零部件,-2.7958465
2894,895,2025-01-27,2675,东诚药业,化学制药,-2.7959592
2895,3991,2025-01-27,300750,宁德时代,电池,-2.796385
2896,3715,2025-01-27,603956,威派格,专用设备,-2.7966146
2897,3800,2025-01-27,688090,瑞松科技,专用设备,-2.7969484
2898,4763,2025-01-27,301132,满坤科技,电子元件,-2.7971153
2899,1857,2025-01-27,605366,宏柏新材,化学制品,-2.7973962
2900,2075,2025-01-27,2969,嘉美包装,包装材料,-2.797442
2901,758,2025-01-27,688271,联影医疗,医疗器械,-2.7975469
2902,3710,2025-01-27,600835,上海机电,专用设备,-2.7975578
2903,3544,2025-01-27,300473,德尔股份,汽车零部件,-2.7977014
2904,3527,2025-01-27,300304,云意电气,汽车零部件,-2.7984087
2905,4959,2025-01-27,300907,康平科技,电机,-2.7985282
2906,4680,2025-01-27,2402,和而泰,消费电子,-2.7985833
2907,592,2025-01-27,600433,冠豪高新,造纸印刷,-2.799026
2908,4524,2025-01-27,688401,路维光电,半导体,-2.7991164
2909,3228,2025-01-27,688616,西力科技,电网设备,-2.7995818
2910,2817,2025-01-27,300594,朗进科技,交运设备,-2.7997506
2911,995,2025-01-27,603877,太平鸟,纺织服装,-2.7997904
2912,3676,2025-01-27,2595,豪迈科技,专用设备,-2.7998264
2913,2012,2025-01-27,2978,安宁股份,有色金属,-2.8003747
2914,3458,2025-01-27,2997,瑞鹄模具,汽车零部件,-2.800544
2915,3918,2025-01-27,300632,光莆股份,光学光电子,-2.8006582
2916,1751,2025-01-27,300945,曼卡龙,珠宝首饰,-2.800798
2917,1935,2025-01-27,300200,高盟新材,化学制品,-2.8009913
2918,658,2025-01-27,300993,玉马科技,家用轻工,-2.8011756
2919,1182,2025-01-27,300210,森远股份,环保行业,-2.8012977
2920,425,2025-01-27,600496,精工钢构,水泥建材,-2.801393
2921,770,2025-01-27,688581,安杰思,医疗器械,-2.801436
2922,3717,2025-01-27,2278,神开股份,专用设备,-2.8014617
2923,4583,2025-01-27,600584,长电科技,半导体,-2.801668
2924,3808,2025-01-27,2689,远大智能,专用设备,-2.802064
2925,1955,2025-01-27,301037,保立佳,化学制品,-2.8022192
2926,4151,2025-01-27,603628,清源股份,光伏设备,-2.802334
2927,179,2025-01-27,600231,凌钢股份,钢铁行业,-2.8032944
2928,833,2025-01-27,300238,冠昊生物,医疗器械,-2.8033643
2929,3113,2025-01-27,1287,中电港,贸易行业,-2.8036435
2930,2767,2025-01-27,688133,泰坦科技,专业服务,-2.8037152
2931,3636,2025-01-27,300472,新元科技,专用设备,-2.8037238
2932,440,2025-01-27,935,四川双马,水泥建材,-2.8041594
2933,3461,2025-01-27,300893,松原股份,汽车零部件,-2.8047895
2934,1653,2025-01-27,688506,百利天恒-U,生物制品,-2.8051584
2935,435,2025-01-27,600449,宁夏建材,水泥建材,-2.8054914
2936,3924,2025-01-27,2845,同兴达,光学光电子,-2.805557
2937,1739,2025-01-27,2731,萃华珠宝,珠宝首饰,-2.8066325
2938,1502,2025-01-27,600604,市北高新,房地产服务,-2.8069007
2939,646,2025-01-27,2615,哈尔斯,家用轻工,-2.8074644
2940,1219,2025-01-27,600285,羚锐制药,中药,-2.807489
2941,1959,2025-01-27,603188,亚邦股份,化学制品,-2.807655
2942,2125,2025-01-27,3005,竞业达,互联网服务,-2.8078477
2943,2309,2025-01-27,2852,道道全,食品饮料,-2.808348
2944,777,2025-01-27,2950,奥美医疗,医疗器械,-2.808366
2945,4049,2025-01-27,688528,秦川物联,仪器仪表,-2.8088245
2946,1334,2025-01-27,2738,中矿资源,能源金属,-2.8092198
2947,1429,2025-01-27,300061,旗天科技,文化传媒,-2.8096755
2948,222,2025-01-27,862,银星能源,电力行业,-2.8103507
2949,2779,2025-01-27,600099,林海股份,交运设备,-2.8104656
2950,141,2025-01-27,2868,绿康生化,农药兽药,-2.8105576
2951,1584,2025-01-27,2375,亚厦股份,装修装饰,-2.810814
2952,3962,2025-01-27,688567,孚能科技,电池,-2.81127
2953,2991,2025-01-27,603927,中科软,软件开发,-2.8118463
2954,1184,2025-01-27,300152,新动力,环保行业,-2.8118997
2955,605,2025-01-27,603863,松炀资源,造纸印刷,-2.8128145
2956,1302,2025-01-27,301091,深城交,工程咨询服务,-2.8128188
2957,4035,2025-01-27,300275,梅安森,仪器仪表,-2.8138974
2958,2838,2025-01-27,300310,宜通世纪,通信服务,-2.8139222
2959,4381,2025-01-27,686,东北证券,证券,-2.8139987
2960,1177,2025-01-27,688376,美埃科技,环保行业,-2.8140185
2961,191,2025-01-27,600821,金开新能,电力行业,-2.8140767
2962,1460,2025-01-27,600180,瑞茂通,物流行业,-2.8140917
2963,1410,2025-01-27,600088,中视传媒,文化传媒,-2.8143065
2964,2324,2025-01-27,2661,克明食品,食品饮料,-2.815313
2965,2816,2025-01-27,300351,永贵电器,交运设备,-2.8157995
2966,775,2025-01-27,688626,翔宇医疗,医疗器械,-2.815927
2967,590,2025-01-27,2235,安妮股份,造纸印刷,-2.8161025
2968,1185,2025-01-27,600292,远达环保,环保行业,-2.8163004
2969,3002,2025-01-27,300525,博思软件,软件开发,-2.8163595
2970,4800,2025-01-27,688035,德邦科技,电子元件,-2.816646
2971,4505,2025-01-27,605588,冠石科技,半导体,-2.8167253
2972,1142,2025-01-27,300899,上海凯鑫,环保行业,-2.8168056
2973,3670,2025-01-27,600302,标准股份,专用设备,-2.8169713
2974,1268,2025-01-27,928,中钢国际,工程咨询服务,-2.8170702
2975,3878,2025-01-27,100,TCL科技,光学光电子,-2.8171518
2976,4068,2025-01-27,688115,思林杰,仪器仪表,-2.817208
2977,4916,2025-01-27,810,创维数字,通信设备,-2.817403
2978,4344,2025-01-27,688379,华光新材,通用设备,-2.818134
2979,3317,2025-01-27,300772,运达股份,风电设备,-2.818474
2980,4894,2025-01-27,688080,映翰通,通信设备,-2.8185604
2981,2584,2025-01-27,600006,东风股份,汽车整车,-2.819198
2982,1990,2025-01-27,633,合金投资,有色金属,-2.8192885
2983,4227,2025-01-27,603173,福斯达,通用设备,-2.8193512
2984,4167,2025-01-27,2506,协鑫集成,光伏设备,-2.8194313
2985,4177,2025-01-27,300763,锦浪科技,光伏设备,-2.8201904
2986,4683,2025-01-27,301489,思泉新材,消费电子,-2.8205674
2987,4735,2025-01-27,688371,菲沃泰,电子元件,-2.8210845
2988,2019,2025-01-27,3038,鑫铂股份,有色金属,-2.8213482
2989,3659,2025-01-27,688700,东威科技,专用设备,-2.8214478
2990,1601,2025-01-27,603038,华立股份,装修装饰,-2.8215406
2991,3188,2025-01-27,601567,三星医疗,电网设备,-2.8219194
2992,4777,2025-01-27,301217,铜冠铜箔,电子元件,-2.8220973
2993,2313,2025-01-27,2946,新乳业,食品饮料,-2.822111
2994,4685,2025-01-27,300812,易天股份,消费电子,-2.8221283
2995,2964,2025-01-27,301218,华是科技,软件开发,-2.8221698
2996,1866,2025-01-27,3002,壶化股份,化学制品,-2.8223164
2997,2508,2025-01-27,603338,浙江鼎力,工程机械,-2.8225415
2998,2650,2025-01-27,301538,骏鼎达,塑料制品,-2.8227355
2999,2441,2025-01-27,600791,京能置业,房地产开发,-2.8228714
3000,1451,2025-01-27,603565,中谷物流,物流行业,-2.8230038
3001,229,2025-01-27,600396,华电辽能,电力行业,-2.8236947
3002,1510,2025-01-27,603955,大千生态,工程建设,-2.8237054
3003,4741,2025-01-27,603328,依顿电子,电子元件,-2.8237321
3004,2038,2025-01-27,2171,楚江新材,有色金属,-2.8241255
3005,1790,2025-01-27,2821,凯莱英,医疗服务,-2.8249204
3006,4550,2025-01-27,300223,北京君正,半导体,-2.8252232
3007,4100,2025-01-27,2842,翔鹭钨业,小金属,-2.8260229
3008,979,2025-01-27,688690,纳微科技,化学制药,-2.8260813
3009,3093,2025-01-27,2356,赫美集团,贸易行业,-2.826661
3010,1234,2025-01-27,600422,昆药集团,中药,-2.8267517
3011,2595,2025-01-27,3018,金富科技,塑料制品,-2.8277566
3012,513,2025-01-27,713,丰乐种业,农牧饲渔,-2.8277607
3013,3784,2025-01-27,300802,矩子科技,专用设备,-2.8278356
3014,1596,2025-01-27,300621,维业股份,装修装饰,-2.8284032
3015,1027,2025-01-27,300877,金春股份,纺织服装,-2.8290343
3016,2554,2025-01-27,729,燕京啤酒,酿酒行业,-2.829036
3017,1581,2025-01-27,603216,梦天家居,装修装饰,-2.8290637
3018,1949,2025-01-27,300405,科隆股份,化学制品,-2.8294153
3019,1199,2025-01-27,600150,中国船舶,船舶制造,-2.8295324
3020,477,2025-01-27,600461,洪城环境,公用事业,-2.830281
3021,1195,2025-01-27,600482,中国动力,船舶制造,-2.830373
3022,2190,2025-01-27,300168,万达信息,互联网服务,-2.8305042
3023,4008,2025-01-27,300037,新宙邦,电池,-2.8307076
3024,3876,2025-01-27,725,京东方Ａ,光学光电子,-2.8307137
3025,3484,2025-01-27,300816,艾可蓝,汽车零部件,-2.831023
3026,3047,2025-01-27,2153,石基信息,软件开发,-2.8310602
3027,3508,2025-01-27,301072,中捷精工,汽车零部件,-2.8310905
3028,4497,2025-01-27,300604,长川科技,半导体,-2.8315454
3029,4422,2025-01-27,600621,华鑫股份,证券,-2.831707
3030,1013,2025-01-27,1234,泰慕士,纺织服装,-2.8324022
3031,1963,2025-01-27,300174,元力股份,化学制品,-2.8327863
3032,1430,2025-01-27,600556,天下秀,文化传媒,-2.8328152
3033,4629,2025-01-27,2888,惠威科技,消费电子,-2.8328228
3034,1745,2025-01-27,600612,老凤祥,珠宝首饰,-2.8336897
3035,4103,2025-01-27,600615,丰华股份,小金属,-2.8337803
3036,1023,2025-01-27,605138,盛泰集团,纺织服装,-2.8345292
3037,4317,2025-01-27,2046,国机精工,通用设备,-2.8347547
3038,2270,2025-01-27,603235,天新药业,食品饮料,-2.8347578
3039,3869,2025-01-27,301321,翰博高新,光学光电子,-2.8356328
3040,1183,2025-01-27,300786,国林科技,环保行业,-2.8358266
3041,4549,2025-01-27,688484,南芯科技,半导体,-2.8362305
3042,3152,2025-01-27,300622,博士眼镜,商业百货,-2.836342
3043,4300,2025-01-27,301448,开创电气,通用设备,-2.836794
3044,4421,2025-01-27,601198,东兴证券,证券,-2.8369727
3045,4530,2025-01-27,688652,京仪装备,半导体,-2.837274
3046,898,2025-01-27,603222,济民健康,化学制药,-2.8378644
3047,2741,2025-01-27,600619,海立股份,家电行业,-2.8382118
3048,4419,2025-01-27,601136,首创证券,证券,-2.8382847
3049,1978,2025-01-27,600331,宏达股份,有色金属,-2.8398998
3050,3274,2025-01-27,603097,江苏华辰,电网设备,-2.8401246
3051,983,2025-01-27,300434,金石亚药,化学制药,-2.8406258
3052,1309,2025-01-27,300888,稳健医疗,美容护理,-2.8408237
3053,1222,2025-01-27,2826,易明医药,中药,-2.8413143
3054,1710,2025-01-27,600810,神马股份,化纤行业,-2.841323
3055,2843,2025-01-27,2093,国脉科技,通信服务,-2.841603
3056,1285,2025-01-27,300635,中达安,工程咨询服务,-2.8416765
3057,2821,2025-01-27,603206,嘉环科技,通信服务,-2.841955
3058,2795,2025-01-27,688285,高铁电气,交运设备,-2.842739
3059,257,2025-01-27,2616,长青集团,电力行业,-2.842753
3060,61,2025-01-27,593,德龙汇能,燃气,-2.8429558
3061,3990,2025-01-27,688005,容百科技,电池,-2.8431726
3062,2472,2025-01-27,600159,大龙地产,房地产开发,-2.843702
3063,1573,2025-01-27,2047,宝鹰股份,装修装饰,-2.8440118
3064,3547,2025-01-27,301499,维科精密,汽车零部件,-2.8442125
3065,1205,2025-01-27,2107,沃华医药,中药,-2.844319
3066,2050,2025-01-27,300825,阿尔特,汽车服务,-2.8444946
3067,3528,2025-01-27,901,航天科技,汽车零部件,-2.8448148
3068,2983,2025-01-27,301197,工大科雅,软件开发,-2.8448179
3069,2384,2025-01-27,301233,盛帮股份,橡胶制品,-2.8451192
3070,4732,2025-01-27,600478,科力远,电子元件,-2.8458304
3071,1811,2025-01-27,300759,康龙化成,医疗服务,-2.846409
3072,4292,2025-01-27,301548,崇德科技,通用设备,-2.8464117
3073,1322,2025-01-27,3006,百亚股份,美容护理,-2.8464744
3074,2478,2025-01-27,36,华联控股,房地产开发,-2.8466568
3075,449,2025-01-27,601872,招商轮船,航运港口,-2.8471148
3076,4932,2025-01-27,2281,光迅科技,通信设备,-2.8472695
3077,3452,2025-01-27,300375,鹏翎股份,汽车零部件,-2.8477862
3078,2488,2025-01-27,600533,栖霞建设,房地产开发,-2.848083
3079,1307,2025-01-27,300849,锦盛新材,美容护理,-2.8483994
3080,4446,2025-01-27,600330,天通股份,非金属材料,-2.8490877
3081,1967,2025-01-27,688737,中自科技,化学制品,-2.8493297
3082,1465,2025-01-27,2800,天顺股份,物流行业,-2.8496568
3083,2981,2025-01-27,688232,新点软件,软件开发,-2.849671
3084,453,2025-01-27,582,北部湾港,航运港口,-2.8502402
3085,2732,2025-01-27,801,四川九洲,家电行业,-2.8507793
3086,3024,2025-01-27,300311,任子行,软件开发,-2.8513055
3087,115,2025-01-27,688098,申联生物,农药兽药,-2.8513274
3088,2892,2025-01-27,600316,洪都航空,航天航空,-2.8514032
3089,2890,2025-01-27,688543,国科军工,航天航空,-2.8518887
3090,614,2025-01-27,698,沈阳化工,石油行业,-2.8519144
3091,218,2025-01-27,767,晋控电力,电力行业,-2.8526762
3092,2771,2025-01-27,300662,科锐国际,专业服务,-2.8530626
3093,2813,2025-01-27,301016,雷尔伟,交运设备,-2.853112
3094,2653,2025-01-27,300644,南京聚隆,塑料制品,-2.8531435
3095,3539,2025-01-27,301005,超捷股份,汽车零部件,-2.8531516
3096,3618,2025-01-27,688549,中巨芯-U,电子化学品,-2.853271
3097,4244,2025-01-27,1225,和泰机电,通用设备,-2.8532987
3098,730,2025-01-27,601216,君正集团,化学原料,-2.8538895
3099,119,2025-01-27,600201,生物股份,农药兽药,-2.8539355
3100,4428,2025-01-27,300743,天地数码,非金属材料,-2.854337
3101,1755,2025-01-27,600819,耀皮玻璃,玻璃玻纤,-2.85469
3102,3782,2025-01-27,300099,尤洛卡,专用设备,-2.8547537
3103,3601,2025-01-27,688550,瑞联新材,电子化学品,-2.8549137
3104,2044,2025-01-27,300337,银邦股份,有色金属,-2.8551562
3105,3248,2025-01-27,600192,长城电工,电网设备,-2.8555202
3106,2804,2025-01-27,300462,华铭智能,交运设备,-2.856021
3107,3413,2025-01-27,603006,联明股份,汽车零部件,-2.8570337
3108,1226,2025-01-27,300147,香雪制药,中药,-2.8572254
3109,3750,2025-01-27,300281,金明精机,专用设备,-2.857533
3110,1433,2025-01-27,300291,百纳千成,文化传媒,-2.8576126
3111,1449,2025-01-27,603713,密尔克卫,物流行业,-2.8576307
3112,4638,2025-01-27,688683,莱尔科技,消费电子,-2.858007
3113,2961,2025-01-27,600588,用友网络,软件开发,-2.8580568
3114,2721,2025-01-27,541,佛山照明,家电行业,-2.8584785
3115,114,2025-01-27,2749,国光股份,农药兽药,-2.858595
3116,4226,2025-01-27,301317,鑫磊股份,通用设备,-2.8589478
3117,4657,2025-01-27,1308,康冠科技,消费电子,-2.8589878
3118,1812,2025-01-27,301293,三博脑科,医疗服务,-2.8590462
3119,1616,2025-01-27,603087,甘李药业,生物制品,-2.8592803
3120,2636,2025-01-27,300218,安利股份,塑料制品,-2.859557
3121,1690,2025-01-27,603979,金诚信,采掘行业,-2.8601584
3122,4849,2025-01-27,2851,麦格米特,电源设备,-2.860263
3123,1663,2025-01-27,688136,科兴制药,生物制品,-2.8604774
3124,858,2025-01-27,603351,威尔药业,化学制药,-2.8608258
3125,4643,2025-01-27,300279,和晶科技,消费电子,-2.8611062
3126,137,2025-01-27,600538,国发股份,农药兽药,-2.8615015
3127,333,2025-01-27,786,北新建材,装修建材,-2.861782
3128,4867,2025-01-27,300627,华测导航,通信设备,-2.8618815
3129,1986,2025-01-27,2203,海亮股份,有色金属,-2.8619478
3130,2976,2025-01-27,301195,北路智控,软件开发,-2.8624291
3131,1126,2025-01-27,603903,中持股份,环保行业,-2.8628054
3132,1706,2025-01-27,2998,优彩资源,化纤行业,-2.8631113
3133,4798,2025-01-27,2815,崇达技术,电子元件,-2.863205
3134,643,2025-01-27,1323,慕思股份,家用轻工,-2.8634229
3135,1652,2025-01-27,688687,凯因科技,生物制品,-2.8637881
3136,1366,2025-01-27,601999,出版传媒,文化传媒,-2.8644378
3137,4539,2025-01-27,600460,士兰微,半导体,-2.8647997
3138,3728,2025-01-27,688531,日联科技,专用设备,-2.8657632
3139,2729,2025-01-27,2429,兆驰股份,家电行业,-2.8657713
3140,1851,2025-01-27,301300,远翔新材,化学制品,-2.865864
3141,955,2025-01-27,301075,多瑞医药,化学制药,-2.8672955
3142,126,2025-01-27,2258,利尔化学,农药兽药,-2.8675835
3143,860,2025-01-27,300497,富祥药业,化学制药,-2.8685148
3144,1106,2025-01-27,300187,永清环保,环保行业,-2.86858
3145,2802,2025-01-27,300011,鼎汉技术,交运设备,-2.8687472
3146,2600,2025-01-27,600143,金发科技,塑料制品,-2.868849
3147,4666,2025-01-27,301086,鸿富瀚,消费电子,-2.8690665
3148,1401,2025-01-27,300860,锋尚文化,文化传媒,-2.8695307
3149,2877,2025-01-27,688510,航亚科技,航天航空,-2.8698463
3150,3920,2025-01-27,300241,瑞丰光电,光学光电子,-2.8699136
3151,185,2025-01-27,601969,海南矿业,钢铁行业,-2.8703184
3152,3330,2025-01-27,301040,中环海陆,风电设备,-2.870458
3153,4223,2025-01-27,603277,银都股份,通用设备,-2.8706632
3154,3724,2025-01-27,688501,青达环保,专用设备,-2.8707893
3155,3221,2025-01-27,605196,华通线缆,电网设备,-2.8708427
3156,1586,2025-01-27,2084,海鸥住工,装修装饰,-2.8711362
3157,1051,2025-01-27,603116,红蜻蜓,纺织服装,-2.8714464
3158,876,2025-01-27,2019,亿帆医药,化学制药,-2.8718796
3159,1090,2025-01-27,688309,恒誉环保,环保行业,-2.8719316
3160,3768,2025-01-27,688596,正帆科技,专用设备,-2.872333
3161,1876,2025-01-27,688625,呈和科技,化学制品,-2.872406
3162,526,2025-01-27,1201,东瑞股份,农牧饲渔,-2.8724186
3163,1030,2025-01-27,2634,棒杰股份,纺织服装,-2.8725493
3164,4895,2025-01-27,688182,灿勤科技,通信设备,-2.8732696
3165,4007,2025-01-27,300207,欣旺达,电池,-2.8742309
3166,4507,2025-01-27,688045,必易微,半导体,-2.8743272
3167,806,2025-01-27,688217,睿昂基因,医疗器械,-2.8747263
3168,1265,2025-01-27,605199,葫芦娃,中药,-2.8756523
3169,2901,2025-01-27,563,陕国投Ａ,多元金融,-2.8758924
3170,3231,2025-01-27,603577,汇金通,电网设备,-2.8761415
3171,3979,2025-01-27,688499,利元亨,电池,-2.8764422
3172,1590,2025-01-27,301113,雅艺科技,装修装饰,-2.876983
3173,857,2025-01-27,688117,圣诺生物,化学制药,-2.8771865
3174,4401,2025-01-27,601555,东吴证券,证券,-2.877259
3175,3682,2025-01-27,2073,软控股份,专用设备,-2.8775895
3176,188,2025-01-27,2756,永兴材料,钢铁行业,-2.8776379
3177,3108,2025-01-27,600710,苏美达,贸易行业,-2.8778787
3178,4546,2025-01-27,300623,捷捷微电,半导体,-2.8787246
3179,4329,2025-01-27,300263,隆华科技,通用设备,-2.8787959
3180,2805,2025-01-27,600967,内蒙一机,交运设备,-2.8788784
3181,3026,2025-01-27,600570,恒生电子,软件开发,-2.8791692
3182,3582,2025-01-27,2664,信质集团,汽车零部件,-2.8793647
3183,1914,2025-01-27,300135,宝利国际,化学制品,-2.880898
3184,4636,2025-01-27,300131,英唐智控,消费电子,-2.8810532
3185,4791,2025-01-27,688375,国博电子,电子元件,-2.8814535
3186,3014,2025-01-27,688695,中创股份,软件开发,-2.881455
3187,2352,2025-01-27,605337,李子园,食品饮料,-2.8815455
3188,2730,2025-01-27,300247,融捷健康,家电行业,-2.8818216
3189,762,2025-01-27,301234,五洲医疗,医疗器械,-2.8818433
3190,554,2025-01-27,2696,百洋股份,农牧饲渔,-2.8818603
3191,1289,2025-01-27,300732,设研院,工程咨询服务,-2.8819427
3192,2443,2025-01-27,897,津滨发展,房地产开发,-2.8820305
3193,3742,2025-01-27,301138,华研精机,专用设备,-2.8839583
3194,4903,2025-01-27,3031,中瓷电子,通信设备,-2.8839917
3195,4360,2025-01-27,300154,瑞凌股份,通用设备,-2.8840094
3196,1640,2025-01-27,300239,东宝生物,生物制品,-2.884015
3197,1597,2025-01-27,603030,全筑股份,装修装饰,-2.8840954
3198,779,2025-01-27,688273,麦澜德,医疗器械,-2.8849454
3199,4311,2025-01-27,300257,开山股份,通用设备,-2.8853304
3200,1603,2025-01-27,301365,矩阵股份,装修装饰,-2.8859088
3201,2054,2025-01-27,688479,友车科技,汽车服务,-2.8859851
3202,3078,2025-01-27,300085,银之杰,软件开发,-2.886876
3203,2015,2025-01-27,688456,有研粉材,有色金属,-2.886977
3204,1658,2025-01-27,688185,康希诺,生物制品,-2.88706
3205,4792,2025-01-27,301517,陕西华达,电子元件,-2.8873472
3206,1044,2025-01-27,2486,嘉麟杰,纺织服装,-2.887882
3207,4031,2025-01-27,688610,埃科光电,仪器仪表,-2.888744
3208,4907,2025-01-27,301307,美利信,通信设备,-2.8887582
3209,2410,2025-01-27,603199,九华旅游,旅游酒店,-2.8890288
3210,3687,2025-01-27,603081,大丰实业,专用设备,-2.8904037
3211,2831,2025-01-27,300081,恒信东方,通信服务,-2.890494
3212,3446,2025-01-27,300695,兆丰股份,汽车零部件,-2.8906274
3213,2969,2025-01-27,688579,山大地纬,软件开发,-2.8908267
3214,761,2025-01-27,688351,微电生理-U,医疗器械,-2.890835
3215,1494,2025-01-27,2968,新大正,房地产服务,-2.8915358
3216,3251,2025-01-27,300670,大烨智能,电网设备,-2.8916903
3217,1271,2025-01-27,603909,建发合诚,工程咨询服务,-2.8929348
3218,4568,2025-01-27,688270,臻镭科技,半导体,-2.8931088
3219,4319,2025-01-27,688448,磁谷科技,通用设备,-2.893252
3220,332,2025-01-27,2572,索菲亚,装修建材,-2.8932824
3221,4788,2025-01-27,300656,民德电子,电子元件,-2.8934104
3222,2380,2025-01-27,2068,黑猫股份,橡胶制品,-2.8934557
3223,3360,2025-01-27,300546,雄帝科技,计算机设备,-2.8934908
3224,4716,2025-01-27,603052,可川科技,电子元件,-2.8944693
3225,4552,2025-01-27,603005,晶方科技,半导体,-2.8944998
3226,3379,2025-01-27,300270,中威电子,计算机设备,-2.894723
3227,18,2025-01-27,601077,渝农商行,银行,-2.8947499
3228,848,2025-01-27,300633,开立医疗,医疗器械,-2.8952448
3229,2452,2025-01-27,797,中国武夷,房地产开发,-2.8954492
3230,72,2025-01-27,2128,电投能源,煤炭行业,-2.8958817
3231,4765,2025-01-27,301319,唯特偶,电子元件,-2.8961656
3232,3193,2025-01-27,300001,特锐德,电网设备,-2.8962011
3233,4012,2025-01-27,300457,赢合科技,电池,-2.8962033
3234,2900,2025-01-27,2961,瑞达期货,多元金融,-2.896401
3235,4899,2025-01-27,300565,科信技术,通信设备,-2.8973372
3236,1295,2025-01-27,300977,深圳瑞捷,工程咨询服务,-2.8976655
3237,1886,2025-01-27,300535,达威股份,化学制品,-2.8977356
3238,2979,2025-01-27,301339,通行宝,软件开发,-2.8986692
3239,4731,2025-01-27,605258,协和电子,电子元件,-2.8990417
3240,4126,2025-01-27,603778,国晟科技,光伏设备,-2.9002743
3241,17,2025-01-27,2948,青岛银行,银行,-2.9004612
3242,4087,2025-01-27,600456,宝钛股份,小金属,-2.9005134
3243,3400,2025-01-27,603358,华达科技,汽车零部件,-2.900859
3244,4161,2025-01-27,603185,弘元绿能,光伏设备,-2.9008844
3245,1270,2025-01-27,2883,中设股份,工程咨询服务,-2.901318
3246,2033,2025-01-27,737,北方铜业,有色金属,-2.901628
3247,4912,2025-01-27,300710,万隆光电,通信设备,-2.901645
3248,4112,2025-01-27,2149,西部材料,小金属,-2.901949
3249,942,2025-01-27,813,德展健康,化学制药,-2.9019935
3250,4502,2025-01-27,603933,睿能科技,半导体,-2.9025612
3251,627,2025-01-27,603798,康普顿,石油行业,-2.9027598
3252,4642,2025-01-27,2475,立讯精密,消费电子,-2.9031265
3253,2709,2025-01-27,603677,奇精机械,家电行业,-2.9032395
3254,1934,2025-01-27,301555,惠柏新材,化学制品,-2.9036372
3255,1377,2025-01-27,603999,读者传媒,文化传媒,-2.904045
3256,3787,2025-01-27,300151,昌红科技,专用设备,-2.904499
3257,1099,2025-01-27,1230,劲旅环境,环保行业,-2.9045246
3258,3922,2025-01-27,688079,美迪凯,光学光电子,-2.9045331
3259,1024,2025-01-27,605189,富春染织,纺织服装,-2.9045975
3260,685,2025-01-27,600746,江苏索普,化学原料,-2.9049587
3261,3366,2025-01-27,600100,同方股份,计算机设备,-2.9051025
3262,1119,2025-01-27,300929,华骐环保,环保行业,-2.905313
3263,4209,2025-01-27,300992,泰福泵业,通用设备,-2.9053156
3264,3344,2025-01-27,600880,博瑞传播,教育,-2.9062586
3265,4180,2025-01-27,688032,禾迈股份,光伏设备,-2.9069037
3266,2379,2025-01-27,2442,龙星科技,橡胶制品,-2.9072433
3267,235,2025-01-27,601619,嘉泽新能,电力行业,-2.908713
3268,4834,2025-01-27,2255,海陆重工,电源设备,-2.9090612
3269,2687,2025-01-27,688169,石头科技,家电行业,-2.9092205
3270,4272,2025-01-27,2026,山东威达,通用设备,-2.9093213
3271,2912,2025-01-27,617,中油资本,多元金融,-2.9094553
3272,1305,2025-01-27,603983,丸美生物,美容护理,-2.909834
3273,1088,2025-01-27,300266,兴源环境,环保行业,-2.9100454
3274,3374,2025-01-27,300531,优博讯,计算机设备,-2.9101968
3275,4512,2025-01-27,688478,晶升股份,半导体,-2.9102933
3276,3917,2025-01-27,300545,联得装备,光学光电子,-2.9105794
3277,1793,2025-01-27,688315,诺禾致源,医疗服务,-2.9106777
3278,2842,2025-01-27,300050,世纪鼎利,通信服务,-2.9114988
3279,338,2025-01-27,663,永安林业,装修建材,-2.9122088
3280,3280,2025-01-27,300286,安科瑞,电网设备,-2.9137514
3281,4072,2025-01-27,688112,鼎阳科技,仪器仪表,-2.9140418
3282,2051,2025-01-27,600335,国机汽车,汽车服务,-2.9140937
3283,3367,2025-01-27,1229,魅视科技,计算机设备,-2.914247
3284,2160,2025-01-27,600797,浙大网新,互联网服务,-2.914955
3285,3514,2025-01-27,301398,星源卓镁,汽车零部件,-2.915059
3286,3883,2025-01-27,300752,隆利科技,光学光电子,-2.9151604
3287,3354,2025-01-27,300884,狄耐克,计算机设备,-2.9155452
3288,4157,2025-01-27,300842,帝科股份,光伏设备,-2.9155917
3289,2728,2025-01-27,2543,万和电气,家电行业,-2.9158344
3290,356,2025-01-27,1216,华瓷股份,装修建材,-2.9160485
3291,2094,2025-01-27,2735,王子新材,包装材料,-2.9162316
3292,1471,2025-01-27,603535,嘉诚国际,物流行业,-2.916462
3293,497,2025-01-27,605162,新中港,公用事业,-2.9164863
3294,2450,2025-01-27,600082,海泰发展,房地产开发,-2.9166634
3295,3468,2025-01-27,603179,新泉股份,汽车零部件,-2.9171176
3296,4122,2025-01-27,300724,捷佳伟创,光伏设备,-2.9172182
3297,3706,2025-01-27,300004,南风股份,专用设备,-2.9172611
3298,105,2025-01-27,1231,农心科技,农药兽药,-2.9178183
3299,4264,2025-01-27,688355,明志科技,通用设备,-2.9178777
3300,3503,2025-01-27,603040,新坐标,汽车零部件,-2.9183197
3301,1318,2025-01-27,603630,拉芳家化,美容护理,-2.9185872
3302,969,2025-01-27,915,华特达因,化学制药,-2.9199662
3303,1923,2025-01-27,301077,星华新材,化学制品,-2.920035
3304,696,2025-01-27,635,英 力 特,化学原料,-2.9201176
3305,576,2025-01-27,600265,景谷林业,农牧饲渔,-2.9206
3306,2259,2025-01-27,688089,嘉必优,食品饮料,-2.9227104
3307,4181,2025-01-27,600481,双良节能,光伏设备,-2.9230223
3308,1506,2025-01-27,608,阳光股份,房地产服务,-2.9230895
3309,2163,2025-01-27,300295,三六五网,互联网服务,-2.9237223
3310,37,2025-01-27,601577,长沙银行,银行,-2.923907
3311,4675,2025-01-27,300136,信维通信,消费电子,-2.9244432
3312,4201,2025-01-27,2633,申科股份,通用设备,-2.9248703
3313,2947,2025-01-27,300188,国投智能,软件开发,-2.9252174
3314,1953,2025-01-27,688157,松井股份,化学制品,-2.925399
3315,4029,2025-01-27,1266,宏英智能,仪器仪表,-2.9254713
3316,1055,2025-01-27,603908,牧高笛,纺织服装,-2.9255853
3317,649,2025-01-27,2678,珠江钢琴,家用轻工,-2.9256394
3318,2587,2025-01-27,301019,宁波色母,塑料制品,-2.9262104
3319,2840,2025-01-27,601698,中国卫通,通信服务,-2.9263895
3320,3771,2025-01-27,2021,中捷资源,专用设备,-2.9267223
3321,902,2025-01-27,300558,贝达药业,化学制药,-2.926747
3322,744,2025-01-27,2551,尚荣医疗,医疗器械,-2.9273124
3323,4574,2025-01-27,688981,中芯国际,半导体,-2.9276638
3324,4305,2025-01-27,300885,海昌新材,通用设备,-2.9282095
3325,543,2025-01-27,1313,粤海饲料,农牧饲渔,-2.9287698
3326,630,2025-01-27,2778,中晟高科,石油行业,-2.9289408
3327,4121,2025-01-27,300224,正海磁材,小金属,-2.928975
3328,2556,2025-01-27,600543,莫高股份,酿酒行业,-2.9290814
3329,2985,2025-01-27,300789,唐源电气,软件开发,-2.9294875
3330,1610,2025-01-27,688319,欧林生物,生物制品,-2.9297185
3331,1678,2025-01-27,603727,博迈科,采掘行业,-2.9297605
3332,1374,2025-01-27,601595,上海电影,文化传媒,-2.9298165
3333,1918,2025-01-27,300225,金力泰,化学制品,-2.93009
3334,2615,2025-01-27,688026,洁特生物,塑料制品,-2.930155
3335,4579,2025-01-27,600171,上海贝岭,半导体,-2.930879
3336,938,2025-01-27,953,河化股份,化学制药,-2.930963
3337,1721,2025-01-27,532,华金资本,综合行业,-2.9313302
3338,2115,2025-01-27,300467,迅游科技,游戏,-2.931378
3339,4060,2025-01-27,300445,康斯特,仪器仪表,-2.9319563
3340,4184,2025-01-27,688598,金博股份,光伏设备,-2.9322174
3341,1466,2025-01-27,2468,申通快递,物流行业,-2.9324627
3342,1676,2025-01-27,600968,海油发展,采掘行业,-2.932766
3343,2702,2025-01-27,2011,盾安环境,家电行业,-2.9328098
3344,3861,2025-01-27,2992,宝明科技,光学光电子,-2.9332263
3345,2377,2025-01-27,601058,赛轮轮胎,橡胶制品,-2.9333167
3346,1943,2025-01-27,2802,洪汇新材,化学制品,-2.933362
3347,4919,2025-01-27,300629,新劲刚,通信设备,-2.9335506
3348,300,2025-01-27,300505,川金诺,化肥行业,-2.9337354
3349,109,2025-01-27,301035,润丰股份,农药兽药,-2.9338572
3350,4313,2025-01-27,300430,诚益通,通用设备,-2.9356065
3351,3802,2025-01-27,688392,骄成超声,专用设备,-2.9356787
3352,3286,2025-01-27,2927,泰永长征,电网设备,-2.9357085
3353,57,2025-01-27,603393,新天然气,燃气,-2.9358943
3354,3603,2025-01-27,2584,西陇科学,电子化学品,-2.9360032
3355,3889,2025-01-27,688272,富吉瑞,光学光电子,-2.9364843
3356,2532,2025-01-27,603198,迎驾贡酒,酿酒行业,-2.9367716
3357,4202,2025-01-27,301055,张小泉,通用设备,-2.9370909
3358,1171,2025-01-27,301127,天源环保,环保行业,-2.937572
3359,3065,2025-01-27,600536,中国软件,软件开发,-2.937654
3360,2626,2025-01-27,300487,蓝晓科技,塑料制品,-2.9394758
3361,2491,2025-01-27,600463,空港股份,房地产开发,-2.9396615
3362,3011,2025-01-27,301337,亚华电子,软件开发,-2.9399834
3363,351,2025-01-27,300599,雄塑科技,装修建材,-2.9402661
3364,2845,2025-01-27,301139,元道通信,通信服务,-2.9403203
3365,3007,2025-01-27,300074,华平股份,软件开发,-2.9409435
3366,610,2025-01-27,603607,京华激光,造纸印刷,-2.9409451
3367,4742,2025-01-27,688655,迅捷兴,电子元件,-2.9415898
3368,3927,2025-01-27,300691,联合光电,光学光电子,-2.9417996
3369,2836,2025-01-27,2231,奥维通信,通信服务,-2.9427044
3370,1373,2025-01-27,2343,慈文传媒,文化传媒,-2.9429572
3371,3839,2025-01-27,2526,山东矿机,专用设备,-2.9432595
3372,323,2025-01-27,603992,松霖科技,装修建材,-2.9433467
3373,4365,2025-01-27,300024,机器人,通用设备,-2.9436991
3374,470,2025-01-27,905,厦门港务,航运港口,-2.9442244
3375,3741,2025-01-27,300400,劲拓股份,专用设备,-2.9443471
3376,1036,2025-01-27,2003,伟星股份,纺织服装,-2.9443872
3377,1582,2025-01-27,2247,聚力文化,装修装饰,-2.9458647
3378,4795,2025-01-27,2636,金安国纪,电子元件,-2.9459233
3379,1361,2025-01-27,600757,长江传媒,文化传媒,-2.945966
3380,4859,2025-01-27,688418,震有科技,通信设备,-2.946487
3381,3899,2025-01-27,301379,天山电子,光学光电子,-2.9474638
3382,1767,2025-01-27,301188,力诺药包,玻璃玻纤,-2.9475946
3383,1378,2025-01-27,300251,光线传媒,文化传媒,-2.948964
3384,2797,2025-01-27,688187,时代电气,交运设备,-2.9489908
3385,2958,2025-01-27,2990,盛视科技,软件开发,-2.9489996
3386,3297,2025-01-27,301082,久盛电气,电网设备,-2.9495437
3387,3408,2025-01-27,300998,宁波方正,汽车零部件,-2.949724
3388,4271,2025-01-27,688558,国盛智科,通用设备,-2.9499028
3389,1551,2025-01-27,603815,交建股份,工程建设,-2.9511611
3390,4779,2025-01-27,301280,珠城科技,电子元件,-2.951265
3391,1102,2025-01-27,300854,中兰环保,环保行业,-2.951979
3392,99,2025-01-27,601015,陕西黑猫,煤炭行业,-2.9522278
3393,2222,2025-01-27,603496,恒为科技,互联网服务,-2.9527586
3394,2894,2025-01-27,300114,中航电测,航天航空,-2.9527664
3395,157,2025-01-27,2318,久立特材,钢铁行业,-2.9528112
3396,1548,2025-01-27,301098,金埔园林,工程建设,-2.9528308
3397,4489,2025-01-27,603061,金海通,半导体,-2.9531524
3398,2024,2025-01-27,688786,悦安新材,有色金属,-2.9533944
3399,2112,2025-01-27,300315,掌趣科技,游戏,-2.9535642
3400,1845,2025-01-27,565,渝三峡Ａ,化学制品,-2.9541547
3401,2132,2025-01-27,600571,信雅达,互联网服务,-2.9541984
3402,917,2025-01-27,2370,亚太药业,化学制药,-2.9542692
3403,1004,2025-01-27,300979,华利集团,纺织服装,-2.9548776
3404,1498,2025-01-27,560,我爱我家,房地产服务,-2.9548888
3405,4615,2025-01-27,2993,奥海科技,消费电子,-2.9554255
3406,1981,2025-01-27,933,神火股份,有色金属,-2.9556105
3407,2093,2025-01-27,812,陕西金叶,包装材料,-2.9556518
3408,4927,2025-01-27,600498,烽火通信,通信设备,-2.9556985
3409,3526,2025-01-27,600218,全柴动力,汽车零部件,-2.955987
3410,4593,2025-01-27,688535,华海诚科,半导体,-2.956494
3411,1583,2025-01-27,605287,德才股份,装修装饰,-2.9570396
3412,4340,2025-01-27,2347,泰尔股份,通用设备,-2.9572318
3413,1520,2025-01-27,600939,重庆建工,工程建设,-2.9575307
3414,4892,2025-01-27,688175,高凌信息,通信设备,-2.9580657
3415,4968,2025-01-27,2576,通达动力,电机,-2.9583347
3416,314,2025-01-27,300387,富邦科技,化肥行业,-2.9583492
3417,2527,2025-01-27,601226,华电科工,工程机械,-2.9589674
3418,2725,2025-01-27,605336,帅丰电器,家电行业,-2.959142
3419,432,2025-01-27,603616,韩建河山,水泥建材,-2.9592907
3420,852,2025-01-27,300562,乐心医疗,医疗器械,-2.959893
3421,2847,2025-01-27,300183,东软载波,通信服务,-2.9609795
3422,3480,2025-01-27,2363,隆基机械,汽车零部件,-2.9609833
3423,4054,2025-01-27,300720,海川智能,仪器仪表,-2.961492
3424,3566,2025-01-27,2708,光洋股份,汽车零部件,-2.9615324
3425,4689,2025-01-27,300322,硕贝德,消费电子,-2.9617977
3426,3901,2025-01-27,688150,莱特光电,光学光电子,-2.9618366
3427,4168,2025-01-27,300274,阳光电源,光伏设备,-2.9619868
3428,2915,2025-01-27,600390,五矿资本,多元金融,-2.9621253
3429,1311,2025-01-27,300886,华业香料,美容护理,-2.962539
3430,4858,2025-01-27,300689,澄天伟业,通信设备,-2.9632878
3431,1570,2025-01-27,603843,正平股份,工程建设,-2.9636328
3432,1360,2025-01-27,600640,国脉文化,文化传媒,-2.963954
3433,3671,2025-01-27,301056,森赫股份,专用设备,-2.9644818
3434,2449,2025-01-27,600383,金地集团,房地产开发,-2.9645748
3435,4648,2025-01-27,2981,朝阳科技,消费电子,-2.9648292
3436,1139,2025-01-27,301203,国泰环保,环保行业,-2.965623
3437,3634,2025-01-27,300833,浩洋股份,专用设备,-2.9656758
3438,2161,2025-01-27,997,新 大 陆,互联网服务,-2.9660962
3439,147,2025-01-27,600282,南钢股份,钢铁行业,-2.9664297
3440,2319,2025-01-27,300106,西部牧业,食品饮料,-2.9674985
3441,1600,2025-01-27,300374,中铁装配,装修装饰,-2.9676876
3442,3267,2025-01-27,688663,新风光,电网设备,-2.9677172
3443,924,2025-01-27,2001,新 和 成,化学制药,-2.9687223
3444,2276,2025-01-27,605499,东鹏饮料,食品饮料,-2.9690113
3445,1950,2025-01-27,2377,国创高新,化学制品,-2.969226
3446,1175,2025-01-27,688021,奥福环保,环保行业,-2.9692712
3447,782,2025-01-27,301363,美好医疗,医疗器械,-2.969518
3448,2787,2025-01-27,688367,工大高科,交运设备,-2.969873
3449,2209,2025-01-27,300078,思创医惠,互联网服务,-2.9709215
3450,2485,2025-01-27,863,三湘印象,房地产开发,-2.9715765
3451,3294,2025-01-27,300265,通光线缆,电网设备,-2.972307
3452,1301,2025-01-27,3001,中岩大地,工程咨询服务,-2.9726737
3453,3015,2025-01-27,301162,国能日新,软件开发,-2.9726982
3454,2285,2025-01-27,2910,庄园牧场,食品饮料,-2.9732628
3455,3174,2025-01-27,2187,广百股份,商业百货,-2.9734063
3456,1694,2025-01-27,300876,蒙泰高新,化纤行业,-2.9738421
3457,4767,2025-01-27,688539,高华科技,电子元件,-2.9739711
3458,4466,2025-01-27,688593,新相微,半导体,-2.9749644
3459,659,2025-01-27,605299,舒华体育,家用轻工,-2.976085
3460,2862,2025-01-27,688070,纵横股份,航天航空,-2.9761903
3461,2614,2025-01-27,301196,唯科科技,塑料制品,-2.976333
3462,2973,2025-01-27,600728,佳都科技,软件开发,-2.9763367
3463,41,2025-01-27,601818,光大银行,银行,-2.9765193
3464,3658,2025-01-27,688329,艾隆科技,专用设备,-2.976812
3465,1865,2025-01-27,2909,集泰股份,化学制品,-2.97851
3466,4175,2025-01-27,688503,聚和材料,光伏设备,-2.978869
3467,3552,2025-01-27,2283,天润工业,汽车零部件,-2.979524
3468,4245,2025-01-27,601177,杭齿前进,通用设备,-2.979554
3469,1198,2025-01-23,300065,海兰信,船舶制造,-2.9798224
3470,2341,2025-01-27,605339,南侨食品,食品饮料,-2.980385
3471,2058,2025-01-27,601965,中国汽研,汽车服务,-2.9806159
3472,1837,2025-01-27,2226,江南化工,化学制品,-2.9808698
3473,1875,2025-01-27,600160,巨化股份,化学制品,-2.9814587
3474,2962,2025-01-27,688171,纬德信息,软件开发,-2.981592
3475,1210,2025-01-27,600222,太龙药业,中药,-2.9816272
3476,3830,2025-01-27,301392,汇成真空,专用设备,-2.9816372
3477,4247,2025-01-27,688455,科捷智能,通用设备,-2.981744
3478,2905,2025-01-27,415,渤海租赁,多元金融,-2.9820902
3479,441,2025-01-27,2671,龙泉股份,水泥建材,-2.9821332
3480,1711,2025-01-27,949,新乡化纤,化纤行业,-2.9824398
3481,3036,2025-01-27,2298,中电兴发,软件开发,-2.9826066
3482,3757,2025-01-27,603025,大豪科技,专用设备,-2.98268
3483,2602,2025-01-27,300920,润阳科技,塑料制品,-2.9834793
3484,4178,2025-01-27,688147,微导纳米,光伏设备,-2.983879
3485,2165,2025-01-27,600850,电科数字,互联网服务,-2.984589
3486,2996,2025-01-27,301178,天亿马,软件开发,-2.9866898
3487,4739,2025-01-27,301282,金禄电子,电子元件,-2.987243
3488,4423,2025-01-27,712,锦龙股份,证券,-2.988028
3489,3972,2025-01-27,688155,先惠技术,电池,-2.9884934
3490,3620,2025-01-27,300576,容大感光,电子化学品,-2.9889092
3491,4774,2025-01-27,2436,兴森科技,电子元件,-2.9897969
3492,3003,2025-01-27,2268,电科网安,软件开发,-2.9905183
3493,683,2025-01-27,600727,鲁北化工,化学原料,-2.9905689
3494,934,2025-01-27,688192,迪哲医药-U,化学制药,-2.9911387
3495,2956,2025-01-27,2987,京北方,软件开发,-2.9912884
3496,4392,2025-01-27,2926,华西证券,证券,-2.9913902
3497,4794,2025-01-27,688183,生益电子,电子元件,-2.9914613
3498,2808,2025-01-27,1324,长青科技,交运设备,-2.9917262
3499,567,2025-01-27,2311,海大集团,农牧饲渔,-2.9917836
3500,717,2025-01-27,688267,中触媒,化学原料,-2.992054
3501,2461,2025-01-27,2244,滨江集团,房地产开发,-2.9932885
3502,2975,2025-01-27,3007,直真科技,软件开发,-2.9938452
3503,1300,2025-01-27,300668,杰恩设计,工程咨询服务,-2.9942338
3504,472,2025-01-27,600751,海航科技,航运港口,-2.9945638
3505,1921,2025-01-27,688398,赛特新材,化学制品,-2.9948587
3506,2490,2025-01-27,600622,光大嘉宝,房地产开发,-2.9959457
3507,1687,2025-01-27,2683,广东宏大,采掘行业,-2.9990478
3508,3425,2025-01-15,688667,菱电电控,汽车零部件,-2.9992003
3509,4324,2025-01-27,969,安泰科技,通用设备,-2.9996834
3510,974,2025-01-27,300363,博腾股份,化学制药,-2.9999704
3511,2666,2025-01-27,921,海信家电,家电行业,-3.000683
3512,2846,2025-01-27,300560,中富通,通信服务,-3.0006967
3513,4182,2025-01-27,601865,福莱特,光伏设备,-3.0019226
3514,3814,2025-01-27,300461,田中精机,专用设备,-3.0029523
3515,3253,2025-01-27,300427,红相股份,电网设备,-3.0031228
3516,3051,2025-01-27,301159,三维天地,软件开发,-3.0032034
3517,2720,2025-01-27,2676,顺威股份,家电行业,-3.0032222
3518,4911,2025-01-27,688027,国盾量子,通信设备,-3.0038338
3519,2191,2025-01-27,2474,榕基软件,互联网服务,-3.0057693
3520,1566,2025-01-27,300712,永福股份,工程建设,-3.0059514
3521,4237,2025-01-27,600558,大西洋,通用设备,-3.006416
3522,2613,2025-01-27,2395,双象股份,塑料制品,-3.0065856
3523,4698,2025-01-27,301067,显盈科技,消费电子,-3.0066342
3524,1297,2025-01-27,300844,山水比德,工程咨询服务,-3.0069654
3525,4503,2025-01-27,603160,汇顶科技,半导体,-3.0071282
3526,810,2025-01-27,301290,东星医疗,医疗器械,-3.0099375
3527,2993,2025-01-27,300773,拉卡拉,软件开发,-3.0106757
3528,2046,2025-01-27,2182,宝武镁业,有色金属,-3.0106785
3529,2184,2025-01-27,2766,索菱股份,互联网服务,-3.0116253
3530,570,2025-01-27,592,平潭发展,农牧饲渔,-3.0116656
3531,715,2025-01-27,603213,镇洋发展,化学原料,-3.0123632
3532,4561,2025-01-27,688691,灿芯股份,半导体,-3.0123782
3533,767,2025-01-27,300326,凯利泰,医疗器械,-3.0125957
3534,1750,2025-01-27,301177,迪阿股份,珠宝首饰,-3.0131977
3535,3502,2025-01-27,603768,常青股份,汽车零部件,-3.01386
3536,1984,2025-01-27,2532,天山铝业,有色金属,-3.014014
3537,2077,2025-01-27,603022,新通联,包装材料,-3.014905
3538,2948,2025-01-27,301185,鸥玛软件,软件开发,-3.0159621
3539,3638,2025-01-27,301053,远信工业,专用设备,-3.0170987
3540,2164,2025-01-27,688039,当虹科技,互联网服务,-3.0176158
3541,2448,2025-01-27,600638,新黄浦,房地产开发,-3.0183616
3542,197,2025-01-27,601,韶能股份,电力行业,-3.01848
3543,1819,2025-01-27,600988,赤峰黄金,贵金属,-3.0189629
3544,4920,2025-01-27,600105,永鼎股份,通信设备,-3.0197105
3545,2037,2025-01-27,612,焦作万方,有色金属,-3.0197608
3546,3380,2025-01-27,34,神州数码,计算机设备,-3.0197842
3547,3700,2025-01-27,603855,华荣股份,专用设备,-3.0202866
3548,4276,2025-01-27,301525,儒竞科技,通用设备,-3.021028
3549,3116,2025-01-27,300755,华致酒行,贸易行业,-3.0218644
3550,1822,2025-01-27,601028,玉龙股份,贵金属,-3.0221896
3551,733,2025-01-27,603663,三祥新材,化学原料,-3.0224078
3552,2590,2025-01-27,300478,杭州高新,塑料制品,-3.0233793
3553,110,2025-01-27,300796,贝斯美,农药兽药,-3.0242524
3554,3606,2025-01-27,300637,扬帆新材,电子化学品,-3.0245044
3555,506,2025-01-27,2321,华英农业,农牧饲渔,-3.0256243
3556,3921,2025-01-27,300319,麦捷科技,光学光电子,-3.026155
3557,1961,2025-01-27,2165,红 宝 丽,化学制品,-3.02645
3558,4424,2025-01-27,601162,天风证券,证券,-3.026687
3559,1946,2025-01-27,603683,晶华新材,化学制品,-3.0275393
3560,1962,2025-01-27,688196,卓越新能,化学制品,-3.0282009
3561,317,2025-01-27,2274,华昌化工,化肥行业,-3.02842
3562,1726,2025-01-27,600784,鲁银投资,综合行业,-3.0284302
3563,2095,2025-01-27,2799,环球印务,包装材料,-3.0284524
3564,1671,2025-01-27,688197,首药控股-U,生物制品,-3.0287304
3565,4797,2025-01-27,300903,科翔股份,电子元件,-3.0287478
3566,3259,2025-01-27,301361,众智科技,电网设备,-3.0292153
3567,370,2025-01-27,1322,箭牌家居,装修建材,-3.0302148
3568,1783,2025-01-27,504,南华生物,医疗服务,-3.0302553
3569,2427,2025-01-27,600007,中国国贸,房地产开发,-3.030759
3570,540,2025-01-27,2891,中宠股份,农牧饲渔,-3.0308259
3571,4260,2025-01-27,1379,腾达科技,通用设备,-3.0318706
3572,4631,2025-01-27,2045,国光电器,消费电子,-3.0319338
3573,1097,2025-01-27,301081,严牌股份,环保行业,-3.0322933
3574,1048,2025-01-27,2042,华孚时尚,纺织服装,-3.0325997
3575,3766,2025-01-27,2337,赛象科技,专用设备,-3.0331795
3576,2152,2025-01-27,603613,国联股份,互联网服务,-3.033206
3577,4684,2025-01-27,300735,光弘科技,消费电子,-3.0336993
3578,1167,2025-01-27,300800,力合科技,环保行业,-3.0354855
3579,4025,2025-01-27,688184,帕瓦股份,电池,-3.035683
3580,118,2025-01-27,2688,金河生物,农药兽药,-3.0360718
3581,4674,2025-01-27,300543,朗科智能,消费电子,-3.0361354
3582,2151,2025-01-27,300440,运达科技,互联网服务,-3.0362153
3583,3959,2025-01-27,601336,新华保险,保险,-3.0362544
3584,1405,2025-01-27,301231,荣信文化,文化传媒,-3.0365074
3585,939,2025-01-27,766,通化金马,化学制药,-3.0366333
3586,3531,2025-01-27,603158,腾龙股份,汽车零部件,-3.036768
3587,588,2025-01-27,605007,五洲特纸,造纸印刷,-3.0379994
3588,447,2025-01-27,601298,青岛港,航运港口,-3.0393608
3589,4020,2025-01-27,688778,厦钨新能,电池,-3.0395615
3590,389,2025-01-27,600350,山东高速,铁路公路,-3.0399318
3591,2772,2025-01-27,300887,谱尼测试,专业服务,-3.041793
3592,4613,2025-01-27,2369,卓翼科技,消费电子,-3.0429697
3593,2727,2025-01-27,603657,春光科技,家电行业,-3.0434272
3594,1595,2025-01-27,2856,美芝股份,装修装饰,-3.0438716
3595,348,2025-01-27,603326,我乐家居,装修建材,-3.0446463
3596,2055,2025-01-27,600386,北巴传媒,汽车服务,-3.0453603
3597,4536,2025-01-27,2119,康强电子,半导体,-3.0459902
3598,1764,2025-01-27,600293,三峡新材,玻璃玻纤,-3.0488555
3599,2844,2025-01-27,688682,霍莱沃,通信服务,-3.0490413
3600,1470,2025-01-27,603329,上海雅仕,物流行业,-3.0490935
3601,158,2025-01-27,761,本钢板材,钢铁行业,-3.0496368
3602,4592,2025-01-27,688107,安路科技,半导体,-3.0513809
3603,4570,2025-01-27,688536,思瑞浦,半导体,-3.051567
3604,3222,2025-01-27,2606,大连电瓷,电网设备,-3.0516744
3605,2205,2025-01-27,688509,正元地信,互联网服务,-3.0520287
3606,4335,2025-01-27,301399,英特科技,通用设备,-3.0525153
3607,4332,2025-01-27,300278,华昌达,通用设备,-3.0526292
3608,1769,2025-01-27,603256,宏和科技,玻璃玻纤,-3.0531983
3609,736,2025-01-27,1255,博菲电气,化学原料,-3.0532093
3610,2651,2025-01-27,601208,东材科技,塑料制品,-3.0536017
3611,1877,2025-01-27,603192,汇得科技,化学制品,-3.0543299
3612,2812,2025-01-27,300906,日月明,交运设备,-3.0549414
3613,3495,2025-01-27,600699,均胜电子,汽车零部件,-3.055342
3614,484,2025-01-27,692,惠天热电,公用事业,-3.055797
3615,3343,2025-01-27,2607,中公教育,教育,-3.056
3616,3652,2025-01-27,688306,均普智能,专用设备,-3.0561295
3617,2070,2025-01-27,603885,吉祥航空,航空机场,-3.056261
3618,3930,2025-01-27,688307,中润光学,光学光电子,-3.0562887
3619,4314,2025-01-27,300817,双飞集团,通用设备,-3.0570836
3620,3600,2025-01-27,688019,安集科技,电子化学品,-3.0571504
3621,1669,2025-01-27,688443,智翔金泰-U,生物制品,-3.0572693
3622,1591,2025-01-27,605318,法狮龙,装修装饰,-3.0576637
3623,2984,2025-01-27,300659,中孚信息,软件开发,-3.0586162
3624,4628,2025-01-27,2947,恒铭达,消费电子,-3.0586333
3625,2213,2025-01-27,300079,数码视讯,互联网服务,-3.058668
3626,2144,2025-01-27,600756,浪潮软件,互联网服务,-3.0596147
3627,3632,2025-01-27,300669,沪宁股份,专用设备,-3.0599465
3628,3401,2025-01-27,1260,坤泰股份,汽车零部件,-3.0601544
3629,1310,2025-01-27,1328,登康口腔,美容护理,-3.060974
3630,3578,2025-01-27,2593,日上集团,汽车零部件,-3.06109
3631,911,2025-01-27,300702,天宇股份,化学制药,-3.061322
3632,4273,2025-01-27,300943,春晖智控,通用设备,-3.0614123
3633,1497,2025-01-27,7,全新好,房地产服务,-3.0614643
3634,2564,2025-01-27,600733,北汽蓝谷,汽车整车,-3.0622742
3635,1942,2025-01-27,603285,键邦股份,化学制品,-3.0628264
3636,3158,2025-01-27,600857,宁波中百,商业百货,-3.063503
3637,2652,2025-01-27,688219,会通股份,塑料制品,-3.0636919
3638,1294,2025-01-27,300989,蕾奥规划,工程咨询服务,-3.063965
3639,2227,2025-01-27,300895,铜牛信息,互联网服务,-3.0644507
3640,3385,2025-01-27,2177,御银股份,计算机设备,-3.0645282
3641,2220,2025-01-27,300448,浩云科技,互联网服务,-3.0650735
3642,1836,2025-01-27,2809,红墙股份,化学制品,-3.0666778
3643,3809,2025-01-27,688518,联赢激光,专用设备,-3.0667799
3644,4964,2025-01-27,301023,江南奕帆,电机,-3.0668547
3645,1169,2025-01-27,300385,雪浪环境,环保行业,-3.0671284
3646,3381,2025-01-27,300807,天迈科技,计算机设备,-3.067181
3647,2145,2025-01-27,300418,昆仑万维,互联网服务,-3.0672562
3648,4818,2025-01-27,2463,沪电股份,电子元件,-3.0685449
3649,1326,2025-01-27,301009,可靠股份,美容护理,-3.0689244
3650,3170,2025-01-27,601010,文峰股份,商业百货,-3.0700483
3651,1760,2025-01-27,2613,北玻股份,玻璃玻纤,-3.0720642
3652,2914,2025-01-27,600318,新力金融,多元金融,-3.072339
3653,3765,2025-01-27,300415,伊之密,专用设备,-3.0729501
3654,4321,2025-01-27,301603,乔锋智能,通用设备,-3.0729885
3655,4491,2025-01-27,603501,韦尔股份,半导体,-3.0731616
3656,2421,2025-01-27,301073,君亭酒店,旅游酒店,-3.0740144
3657,3786,2025-01-27,301112,信邦智能,专用设备,-3.0744288
3658,1397,2025-01-27,300413,芒果超媒,文化传媒,-3.0745103
3659,290,2025-01-27,301263,泰恩康,医药商业,-3.074524
3660,3868,2025-01-27,20,深华发Ａ,光学光电子,-3.0750234
3661,1659,2025-01-27,600645,中源协和,生物制品,-3.0759287
3662,3537,2025-01-27,603190,亚通精工,汽车零部件,-3.0759459
3663,3218,2025-01-27,301002,崧盛股份,电网设备,-3.0765586
3664,3831,2025-01-27,2334,英威腾,专用设备,-3.0774047
3665,2819,2025-01-27,600679,上海凤凰,交运设备,-3.0785475
3666,2665,2025-01-27,300911,亿田智能,家电行业,-3.0797791
3667,3770,2025-01-27,603095,越剑智能,专用设备,-3.0805156
3668,773,2025-01-27,688212,澳华内镜,医疗器械,-3.0811284
3669,2228,2025-01-27,2095,生 意 宝,互联网服务,-3.0816052
3670,692,2025-01-27,3017,大洋生物,化学原料,-3.0829518
3671,4618,2025-01-27,603595,东尼电子,消费电子,-3.0830379
3672,4047,2025-01-27,605056,咸亨国际,仪器仪表,-3.0841844
3673,1579,2025-01-27,603385,惠达卫浴,装修装饰,-3.0864937
3674,3399,2025-01-27,600626,申达股份,汽车零部件,-3.086758
3675,4654,2025-01-27,603380,易德龙,消费电子,-3.0877655
3676,4051,2025-01-27,688628,优利德,仪器仪表,-3.088801
3677,3295,2025-01-27,2441,众业达,电网设备,-3.0891128
3678,691,2025-01-27,603067,振华股份,化学原料,-3.0891278
3679,4706,2025-01-27,688103,国力股份,电子元件,-3.0893383
3680,1066,2025-01-27,603307,扬州金泉,纺织服装,-3.0902205
3681,1777,2025-01-27,600721,百花医药,医疗服务,-3.0904691
3682,3353,2025-01-27,603660,苏州科达,计算机设备,-3.0909414
3683,702,2025-01-27,2109,兴化股份,化学原料,-3.0910864
3684,104,2025-01-27,3042,中农联合,农药兽药,-3.0913885
3685,4500,2025-01-27,688259,创耀科技,半导体,-3.0915399
3686,1414,2025-01-27,603466,风语筑,文化传媒,-3.0917237
3687,580,2025-01-27,2831,裕同科技,造纸印刷,-3.0921187
3688,4307,2025-01-27,603339,四方科技,通用设备,-3.0921347
3689,4535,2025-01-27,688325,赛微微电,半导体,-3.0922096
3690,868,2025-01-27,605507,国邦医药,化学制药,-3.09245
3691,4357,2025-01-27,688028,沃尔德,通用设备,-3.0930688
3692,2737,2025-01-27,603215,比依股份,家电行业,-3.0932324
3693,1420,2025-01-27,2400,省广集团,文化传媒,-3.0933359
3694,3016,2025-01-27,2439,启明星辰,软件开发,-3.0934203
3695,2129,2025-01-27,603636,南威软件,互联网服务,-3.0936446
3696,421,2025-01-27,2541,鸿路钢构,水泥建材,-3.0938993
3697,585,2025-01-27,603733,仙鹤股份,造纸印刷,-3.0948617
3698,3572,2025-01-27,300258,精锻科技,汽车零部件,-3.095275
3699,2179,2025-01-27,676,智度股份,互联网服务,-3.095491
3700,1634,2025-01-27,688247,宣泰医药,生物制品,-3.0966191
3701,2971,2025-01-27,603189,网达软件,软件开发,-3.0966647
3702,4148,2025-01-27,300776,帝尔激光,光伏设备,-3.097663
3703,3103,2025-01-27,2072,凯瑞德,贸易行业,-3.098987
3704,1688,2025-01-27,603505,金石资源,采掘行业,-3.099247
3705,2224,2025-01-27,688636,智明达,互联网服务,-3.099757
3706,1304,2025-01-27,300564,筑博设计,工程咨询服务,-3.100512
3707,342,2025-01-27,300749,顶固集创,装修建材,-3.1011698
3708,3551,2025-01-27,603633,徕木股份,汽车零部件,-3.1018457
3709,4921,2025-01-27,300762,上海瀚讯,通信设备,-3.1021218
3710,4078,2025-01-27,688665,四方光电,仪器仪表,-3.1025054
3711,4906,2025-01-27,688788,科思科技,通信设备,-3.103221
3712,562,2025-01-27,603151,邦基科技,农牧饲渔,-3.1035514
3713,2216,2025-01-27,300271,华宇软件,互联网服务,-3.104849
3714,2162,2025-01-27,555,神州信息,互联网服务,-3.1049328
3715,2810,2025-01-27,301345,涛涛车业,交运设备,-3.1063554
3716,2930,2025-01-27,300047,天源迪科,软件开发,-3.1066287
3717,3588,2025-01-27,605228,神通科技,汽车零部件,-3.106684
3718,4556,2025-01-27,688458,美芯晟,半导体,-3.106752
3719,4571,2025-01-27,688153,唯捷创芯,半导体,-3.1072836
3720,2342,2025-01-27,2956,西麦食品,食品饮料,-3.107561
3721,1807,2025-01-27,688222,成都先导,医疗服务,-3.108193
3722,1833,2025-01-27,605566,福莱蒽特,化学制品,-3.1082232
3723,1418,2025-01-27,300612,宣亚国际,文化传媒,-3.1094835
3724,4176,2025-01-27,603212,赛伍技术,光伏设备,-3.1103053
3725,4533,2025-01-27,688209,英集芯,半导体,-3.1105201
3726,2849,2025-01-27,603421,鼎信通讯,通信服务,-3.1109822
3727,3005,2025-01-27,688078,龙软科技,软件开发,-3.1127236
3728,2381,2025-01-27,601500,通用股份,橡胶制品,-3.1127408
3729,3811,2025-01-27,300484,蓝海华腾,专用设备,-3.112883
3730,3064,2025-01-27,2261,拓维信息,软件开发,-3.1138012
3731,4595,2025-01-27,688515,裕太微-U,半导体,-3.1139898
3732,3944,2025-01-27,2456,欧菲光,光学光电子,-3.114126
3733,4620,2025-01-27,300679,电连技术,消费电子,-3.1142569
3734,3722,2025-01-27,301200,大族数控,专用设备,-3.114716
3735,3846,2025-01-27,688022,瀚川智能,专用设备,-3.11477
3736,2096,2025-01-27,2599,盛通股份,包装材料,-3.115068
3737,74,2025-01-27,571,新大洲A,煤炭行业,-3.115487
3738,1558,2025-01-27,2062,宏润建设,工程建设,-3.1162572
3739,381,2025-01-27,2333,罗普斯金,装修建材,-3.1164634
3740,2839,2025-01-27,2544,普天科技,通信服务,-3.1165195
3741,4349,2025-01-27,2164,宁波东力,通用设备,-3.1165826
3742,2346,2025-01-27,603697,有友食品,食品饮料,-3.1171935
3743,2944,2025-01-27,688023,安恒信息,软件开发,-3.1172206
3744,4220,2025-01-27,301273,瑞晨环保,通用设备,-3.117309
3745,1839,2025-01-27,605166,聚合顺,化学制品,-3.1174538
3746,1798,2025-01-27,603259,药明康德,医疗服务,-3.1187663
3747,2350,2025-01-27,603536,惠发食品,食品饮料,-3.1199992
3748,2822,2025-01-27,601728,中国电信,通信服务,-3.1214628
3749,3071,2025-01-27,300542,新晨科技,软件开发,-3.1220198
3750,2291,2025-01-27,603317,天味食品,食品饮料,-3.1221395
3751,3340,2025-01-27,2659,凯文教育,教育,-3.1223726
3752,4826,2025-01-27,2630,华西能源,电源设备,-3.124269
3753,599,2025-01-27,300883,龙利得,造纸印刷,-3.1243422
3754,2104,2025-01-27,2517,恺英网络,游戏,-3.1246731
3755,3942,2025-01-27,300076,GQY视讯,光学光电子,-3.1257186
3756,2234,2025-01-27,300059,东方财富,互联网服务,-3.1261125
3757,3323,2025-01-27,603507,振江股份,风电设备,-3.1271975
3758,673,2025-01-27,600844,丹化科技,化学原料,-3.1279254
3759,745,2025-01-27,688108,赛诺医疗,医疗器械,-3.1299584
3760,3176,2025-01-27,601933,永辉超市,商业百货,-3.1303353
3761,2407,2025-01-27,600576,祥源文旅,旅游酒店,-3.130743
3762,4677,2025-01-27,600745,闻泰科技,消费电子,-3.1311665
3763,899,2025-01-27,600267,海正药业,化学制药,-3.1312835
3764,3822,2025-01-27,603011,合锻智能,专用设备,-3.1330128
3765,1732,2025-01-27,803,山高环能,综合行业,-3.1349664
3766,3835,2025-01-27,603583,捷昌驱动,专用设备,-3.1358938
3767,2045,2025-01-27,603978,深圳新星,有色金属,-3.1359851
3768,831,2025-01-27,688607,康众医疗,医疗器械,-3.137562
3769,1675,2025-01-27,300157,新锦动力,采掘行业,-3.1380627
3770,820,2025-01-27,301093,华兰股份,医疗器械,-3.1394622
3771,2071,2025-01-27,99,中信海直,航空机场,-3.1396215
3772,3575,2025-01-27,688533,上声电子,汽车零部件,-3.1405735
3773,1664,2025-01-27,688302,海创药业-U,生物制品,-3.1415105
3774,1674,2025-01-27,688046,药康生物,生物制品,-3.1419945
3775,3169,2025-01-27,600824,益民集团,商业百货,-3.142044
3776,1686,2025-01-27,605086,龙高股份,采掘行业,-3.1431563
3777,4435,2025-01-27,603612,索通发展,非金属材料,-3.1431615
3778,295,2025-01-27,600272,开开实业,医药商业,-3.1438663
3779,2182,2025-01-27,300508,维宏股份,互联网服务,-3.1439245
3780,4639,2025-01-27,300976,达瑞电子,消费电子,-3.145263
3781,4257,2025-01-27,301107,瑜欣电子,通用设备,-3.146017
3782,4966,2025-01-27,603344,星德胜,电机,-3.1462307
3783,3056,2025-01-27,300348,长亮科技,软件开发,-3.1468914
3784,2571,2025-01-27,957,中通客车,汽车整车,-3.1470277
3785,507,2025-01-27,2982,湘佳股份,农牧饲渔,-3.1474848
3786,2264,2025-01-27,2991,甘源食品,食品饮料,-3.148532
3787,341,2025-01-27,2457,青龙管业,装修建材,-3.149163
3788,2848,2025-01-27,2123,梦网科技,通信服务,-3.14921
3789,4540,2025-01-27,688380,中微半导,半导体,-3.1499758
3790,0,2025-01-27,601665,齐鲁银行,银行,-3.1501637
3791,2238,2025-01-27,300231,银信科技,互联网服务,-3.1510067
3792,4290,2025-01-27,2559,亚威股份,通用设备,-3.151688
3793,4665,2025-01-27,2600,领益智造,消费电子,-3.1517248
3794,328,2025-01-27,603816,顾家家居,装修建材,-3.1517756
3795,3211,2025-01-27,600885,宏发股份,电网设备,-3.1522136
3796,3540,2025-01-27,2434,万里扬,汽车零部件,-3.1534922
3797,2138,2025-01-27,300226,上海钢联,互联网服务,-3.153689
3798,4946,2025-01-27,300308,中际旭创,通信设备,-3.1540434
3799,821,2025-01-27,300677,英科医疗,医疗器械,-3.155312
3800,1109,2025-01-27,688096,京源环保,环保行业,-3.1555111
3801,2919,2025-01-27,300229,拓尔思,软件开发,-3.155718
3802,1885,2025-01-27,688129,东来技术,化学制品,-3.155913
3803,768,2025-01-27,710,贝瑞基因,医疗器械,-3.1567295
3804,4120,2025-01-27,300127,银河磁体,小金属,-3.1578648
3805,2100,2025-01-27,603258,电魂网络,游戏,-3.1579986
3806,2922,2025-01-27,601360,三六零,软件开发,-3.159057
3807,3548,2025-01-27,605068,明新旭腾,汽车零部件,-3.159156
3808,3257,2025-01-27,688191,智洋创新,电网设备,-3.160115
3809,2980,2025-01-27,603528,多伦科技,软件开发,-3.1607344
3810,172,2025-01-27,655,金岭矿业,钢铁行业,-3.161272
3811,925,2025-01-27,605177,东亚药业,化学制药,-3.162006
3812,4021,2025-01-27,301121,紫建电子,电池,-3.162124
3813,4961,2025-01-27,2823,凯中精密,电机,-3.163647
3814,3709,2025-01-27,600501,航天晨光,专用设备,-3.1640754
3815,1555,2025-01-27,600491,龙元建设,工程建设,-3.1651344
3816,2897,2025-01-27,600120,浙江东方,多元金融,-3.1655066
3817,4591,2025-01-27,688172,燕东微,半导体,-3.1657062
3818,740,2025-01-27,301069,凯盛新材,化学原料,-3.1663597
3819,4668,2025-01-27,21,深科技,消费电子,-3.1663823
3820,270,2025-01-27,605266,健之佳,医药商业,-3.166389
3821,3806,2025-01-27,688097,博众精工,专用设备,-3.1666443
3822,3576,2025-01-27,300707,威唐工业,汽车零部件,-3.16712
3823,3006,2025-01-27,300803,指南针,软件开发,-3.1675844
3824,3866,2025-01-27,509,华塑控股,光学光电子,-3.1679082
3825,3943,2025-01-27,2222,福晶科技,光学光电子,-3.1683073
3826,3426,2025-01-27,301298,东利机械,汽车零部件,-3.1686072
3827,3867,2025-01-27,603773,沃格光电,光学光电子,-3.1693048
3828,1542,2025-01-27,600769,祥龙电业,工程建设,-3.1697783
3829,984,2025-01-27,300255,常山药业,化学制药,-3.1698208
3830,4947,2025-01-27,300563,神宇股份,通信设备,-3.1700418
3831,2591,2025-01-27,3011,海象新材,塑料制品,-3.170162
3832,2486,2025-01-27,2,万  科Ａ,房地产开发,-3.1702983
3833,3074,2025-01-27,300598,诚迈科技,软件开发,-3.171014
3834,1940,2025-01-27,300721,怡达股份,化学制品,-3.1719875
3835,3935,2025-01-27,688181,八亿时空,光学光电子,-3.1741235
3836,4857,2025-01-27,300698,万马科技,通信设备,-3.1749513
3837,3356,2025-01-27,603019,中科曙光,计算机设备,-3.175028
3838,1716,2025-01-27,601113,华鼎股份,化纤行业,-3.1751997
3839,2904,2025-01-27,603093,南华期货,多元金融,-3.175258
3840,4686,2025-01-27,300968,格林精密,消费电子,-3.1755633
3841,1900,2025-01-27,300848,美瑞新材,化学制品,-3.1757221
3842,2939,2025-01-27,2230,科大讯飞,软件开发,-3.1763785
3843,1904,2025-01-27,2497,雅化集团,化学制品,-3.1776357
3844,2986,2025-01-27,688030,山石网科,软件开发,-3.1786106
3845,316,2025-01-27,2470,金正大,化肥行业,-3.178791
3846,3654,2025-01-27,2890,弘宇股份,专用设备,-3.1795907
3847,4652,2025-01-27,300916,朗特智能,消费电子,-3.17968
3848,2110,2025-01-27,300043,星辉娱乐,游戏,-3.1800113
3849,737,2025-01-27,600367,红星发展,化学原料,-3.1802156
3850,4442,2025-01-27,1296,长江材料,非金属材料,-3.1807284
3851,671,2025-01-27,2648,卫星化学,化学原料,-3.1810906
3852,4929,2025-01-27,2902,铭普光磁,通信设备,-3.1816826
3853,3070,2025-01-27,300379,东方通,软件开发,-3.1827211
3854,3581,2025-01-27,301552,科力装备,汽车零部件,-3.1836216
3855,3410,2025-01-27,605088,冠盛股份,汽车零部件,-3.1857836
3856,4936,2025-01-27,2491,通鼎互联,通信设备,-3.186245
3857,2219,2025-01-27,300541,先进数通,互联网服务,-3.1874738
3858,4918,2025-01-27,301419,阿莱德,通信设备,-3.1877913
3859,530,2025-01-27,300673,佩蒂股份,农牧饲渔,-3.1878595
3860,1736,2025-01-27,833,粤桂股份,综合行业,-3.1879644
3861,4719,2025-01-27,300964,本川智能,电子元件,-3.1889088
3862,3798,2025-01-27,301312,智立方,专用设备,-3.1893227
3863,3573,2025-01-27,300694,蠡湖股份,汽车零部件,-3.1907432
3864,2186,2025-01-27,2131,利欧股份,互联网服务,-3.1920075
3865,1958,2025-01-27,2669,康达新材,化学制品,-3.1920497
3866,4933,2025-01-27,603083,剑桥科技,通信设备,-3.1924262
3867,503,2025-01-27,638,万方发展,农牧饲渔,-3.1928215
3868,4970,2025-01-27,301226,祥明智能,电机,-3.193993
3869,3083,2025-01-27,300302,同有科技,软件开发,-3.1941247
3870,4573,2025-01-27,688008,澜起科技,半导体,-3.194131
3871,4693,2025-01-27,2681,奋达科技,消费电子,-3.194301
3872,3933,2025-01-27,603297,永新光学,光学光电子,-3.1948004
3873,3022,2025-01-27,688657,浩辰软件,软件开发,-3.194983
3874,3677,2025-01-27,2483,润邦股份,专用设备,-3.1962705
3875,3639,2025-01-27,688789,宏华数科,专用设备,-3.1967118
3876,1535,2025-01-27,600133,东湖高新,工程建设,-3.1971807
3877,1163,2025-01-27,688466,金科环境,环保行业,-3.1971834
3878,1252,2025-01-27,590,启迪药业,中药,-3.1977117
3879,3037,2025-01-27,3029,吉大正元,软件开发,-3.1984634
3880,4612,2025-01-27,603341,龙旗科技,消费电子,-3.1995454
3881,4614,2025-01-27,688036,传音控股,消费电子,-3.199643
3882,1915,2025-01-27,300343,联创股份,化学制品,-3.1997793
3883,3191,2025-01-27,688611,杭州柯林,电网设备,-3.2003455
3884,2740,2025-01-27,300894,火星人,家电行业,-3.2006173
3885,1508,2025-01-27,300917,特发服务,房地产服务,-3.200759
3886,2989,2025-01-27,603508,思维列控,软件开发,-3.201056
3887,3451,2025-01-27,301022,海泰科,汽车零部件,-3.2017727
3888,3612,2025-01-27,300054,鼎龙股份,电子化学品,-3.2018666
3889,2409,2025-01-27,558,莱茵体育,旅游酒店,-3.2021132
3890,2260,2025-01-27,600882,妙可蓝多,食品饮料,-3.2021697
3891,3464,2025-01-27,603786,科博达,汽车零部件,-3.2028263
3892,1564,2025-01-27,300982,苏文电能,工程建设,-3.2038376
3893,2953,2025-01-27,688060,云涌科技,软件开发,-3.2047913
3894,945,2025-01-27,688266,泽璟制药-U,化学制药,-3.2055213
3895,2196,2025-01-27,2368,太极股份,互联网服务,-3.2061121
3896,2288,2025-01-27,300765,新诺威,食品饮料,-3.2063026
3897,2197,2025-01-27,600845,宝信软件,互联网服务,-3.2063556
3898,1593,2025-01-27,603929,亚翔集成,装修装饰,-3.2064655
3899,3287,2025-01-27,2276,万马股份,电网设备,-3.2066472
3900,1611,2025-01-27,688336,三生国健,生物制品,-3.2071133
3901,1647,2025-01-27,688382,益方生物-U,生物制品,-3.2084436
3902,4127,2025-01-27,300305,裕兴股份,光伏设备,-3.2085538
3903,4770,2025-01-27,688519,南亚新材,电子元件,-3.2093968
3904,144,2025-01-27,605033,美邦股份,农药兽药,-3.2097378
3905,4501,2025-01-27,688167,炬光科技,半导体,-3.2098134
3906,3008,2025-01-27,300380,安硕信息,软件开发,-3.2100332
3907,2113,2025-01-27,2605,姚记科技,游戏,-3.2106943
3908,337,2025-01-27,603898,好莱客,装修建材,-3.2117817
3909,116,2025-01-27,2250,联化科技,农药兽药,-3.212815
3910,4726,2025-01-27,301329,信音电子,电子元件,-3.2131362
3911,4969,2025-01-27,603320,迪贝电气,电机,-3.2138574
3912,2225,2025-01-27,301381,赛维时代,互联网服务,-3.2141514
3913,4441,2025-01-27,1359,平安电工,非金属材料,-3.2152474
3914,4793,2025-01-27,2922,伊戈尔,电子元件,-3.2163963
3915,2351,2025-01-27,300898,熊猫乳品,食品饮料,-3.2170844
3916,3296,2025-01-27,2879,长缆科技,电网设备,-3.21723
3917,1190,2025-01-27,2645,华宏科技,环保行业,-3.2182567
3918,2647,2025-01-27,859,国风新材,塑料制品,-3.218301
3919,4338,2025-01-27,301029,怡合达,通用设备,-3.2187529
3920,3663,2025-01-27,603337,杰克股份,专用设备,-3.2195606
3921,501,2025-01-27,300967,晓鸣股份,农牧饲渔,-3.2199078
3922,2103,2025-01-27,2558,巨人网络,游戏,-3.2200434
3923,2174,2025-01-27,301428,世纪恒通,互联网服务,-3.2217727
3924,4461,2025-01-27,688234,天岳先进,半导体,-3.2224689
3925,3773,2025-01-27,301013,利和兴,专用设备,-3.2231693
3926,859,2025-01-27,688166,博瑞医药,化学制药,-3.2233126
3927,4044,2025-01-27,688600,皖仪科技,仪器仪表,-3.2233677
3928,1353,2025-01-27,601019,山东出版,文化传媒,-3.2243378
3929,4165,2025-01-27,603330,天洋新材,光伏设备,-3.2247622
3930,4678,2025-01-27,301180,万祥科技,消费电子,-3.2249992
3931,1657,2025-01-27,688265,南模生物,生物制品,-3.2255979
3932,3389,2025-01-27,301608,博实结,计算机设备,-3.2261896
3933,3767,2025-01-27,688419,耐科装备,专用设备,-3.226642
3934,2204,2025-01-27,300264,佳创视讯,互联网服务,-3.226667
3935,3609,2025-01-27,2409,雅克科技,电子化学品,-3.2274752
3936,3518,2025-01-27,2126,银轮股份,汽车零部件,-3.2276106
3937,3061,2025-01-27,688206,概伦电子,软件开发,-3.2280092
3938,2415,2025-01-27,605108,同庆楼,旅游酒店,-3.2292695
3939,4254,2025-01-27,603109,神驰机电,通用设备,-3.2299109
3940,1503,2025-01-27,2575,群兴玩具,房地产服务,-3.2303925
3941,4856,2025-01-27,600990,四创电子,通信设备,-3.232066
3942,2496,2025-01-27,6,深振业Ａ,房地产开发,-3.2323356
3943,2644,2025-01-27,301198,喜悦智行,塑料制品,-3.2325857
3944,4320,2025-01-27,300421,力星股份,通用设备,-3.2326627
3945,4114,2025-01-27,300328,宜安科技,小金属,-3.232844
3946,2492,2025-01-27,600692,亚通股份,房地产开发,-3.2330766
3947,3027,2025-01-27,300730,科创信息,软件开发,-3.2331972
3948,2578,2025-01-27,600066,宇通客车,汽车整车,-3.2337852
3949,4118,2025-01-27,795,英洛华,小金属,-3.2349017
3950,2085,2025-01-27,3003,天元股份,包装材料,-3.2352552
3951,4868,2025-01-27,2296,辉煌科技,通信设备,-3.2358117
3952,4193,2025-01-27,1380,华纬科技,通用设备,-3.2367136
3953,3345,2025-01-27,300359,全通教育,教育,-3.237366
3954,2941,2025-01-27,2410,广联达,软件开发,-3.2375388
3955,4323,2025-01-27,600592,龙溪股份,通用设备,-3.238009
3956,4799,2025-01-27,300124,汇川技术,电子元件,-3.2390003
3957,1035,2025-01-27,600689,上海三毛,纺织服装,-3.2390912
3958,3815,2025-01-27,2698,博实股份,专用设备,-3.2398555
3959,756,2025-01-27,605369,拱东医疗,医疗器械,-3.2400687
3960,3017,2025-01-27,300366,创意信息,软件开发,-3.243675
3961,3643,2025-01-27,3036,泰坦股份,专用设备,-3.2437193
3962,2040,2025-01-27,688257,新锐股份,有色金属,-3.243732
3963,4672,2025-01-27,2351,漫步者,消费电子,-3.2441816
3964,2208,2025-01-27,300872,天阳科技,互联网服务,-3.245537
3965,2048,2025-01-27,601137,博威合金,有色金属,-3.2456188
3966,2419,2025-01-27,2707,众信旅游,旅游酒店,-3.2456253
3967,4660,2025-01-27,2782,可立克,消费电子,-3.2462142
3968,1416,2025-01-27,300364,中文在线,文化传媒,-3.246853
3969,4566,2025-01-27,688249,晶合集成,半导体,-3.2475412
3970,2561,2025-01-27,2568,百润股份,酿酒行业,-3.2482107
3971,3746,2025-01-27,300103,达刚控股,专用设备,-3.2486544
3972,3282,2025-01-27,2953,日丰股份,电网设备,-3.2487233
3973,4809,2025-01-27,2137,实益达,电子元件,-3.2489107
3974,1796,2025-01-27,301033,迈普医学,医疗服务,-3.249146
3975,2825,2025-01-27,300292,吴通控股,通信服务,-3.2499633
3976,4053,2025-01-27,688056,莱伯泰科,仪器仪表,-3.250498
3977,2655,2025-01-27,2361,神剑股份,塑料制品,-3.2513835
3978,4186,2025-01-27,688429,时创能源,光伏设备,-3.2531574
3979,3398,2025-01-27,603922,金鸿顺,汽车零部件,-3.2533507
3980,1932,2025-01-27,300321,同大股份,化学制品,-3.2550778
3981,3501,2025-01-27,605319,无锡振华,汽车零部件,-3.255134
3982,4173,2025-01-27,688348,昱能科技,光伏设备,-3.255752
3983,1488,2025-01-27,601156,东航物流,物流行业,-3.2571416
3984,3050,2025-01-27,688435,英方软件,软件开发,-3.257268
3985,4972,2025-01-27,2196,方正电机,电机,-3.2573633
3986,2932,2025-01-27,688207,格灵深瞳,软件开发,-3.2578442
3987,1446,2025-01-27,600119,长江投资,物流行业,-3.2610025
3988,2226,2025-01-27,300678,中科信息,互联网服务,-3.2631762
3989,3649,2025-01-27,603029,天鹅股份,专用设备,-3.2648761
3990,4266,2025-01-27,603969,银龙股份,通用设备,-3.2666721
3991,3198,2025-01-27,688681,科汇股份,电网设备,-3.26708
3992,4815,2025-01-27,603920,世运电路,电子元件,-3.2671378
3993,111,2025-01-27,600731,湖南海利,农药兽药,-3.268495
3994,1332,2025-01-27,2667,威领股份,能源金属,-3.2688246
3995,2999,2025-01-27,300369,绿盟科技,软件开发,-3.2690265
3996,2355,2025-01-27,3030,祖名股份,食品饮料,-3.2691453
3997,3081,2025-01-27,300663,科蓝软件,软件开发,-3.2701678
3998,2495,2025-01-27,600657,信达地产,房地产开发,-3.2711208
3999,4116,2025-01-27,962,东方钽业,小金属,-3.271887
4000,4682,2025-01-27,300602,飞荣达,消费电子,-3.2721295
4001,4937,2025-01-27,301191,菲菱科思,通信设备,-3.2723129
4002,3361,2025-01-27,300130,新国都,计算机设备,-3.272401
4003,3054,2025-01-27,688168,安博通,软件开发,-3.2733135
4004,3272,2025-01-27,688597,煜邦电力,电网设备,-3.2740767
4005,3761,2025-01-27,688113,联测科技,专用设备,-3.274095
4006,2139,2025-01-27,300518,新迅达,互联网服务,-3.2772596
4007,4255,2025-01-27,301279,金道科技,通用设备,-3.2772946
4008,1608,2025-01-27,603590,康辰药业,生物制品,-3.2799568
4009,1771,2025-01-27,603021,山东华鹏,玻璃玻纤,-3.2816074
4010,2168,2025-01-27,2649,博彦科技,互联网服务,-3.2826893
4011,4862,2025-01-27,300353,东土科技,通信设备,-3.2834508
4012,3378,2025-01-27,1339,智微智能,计算机设备,-3.2838886
4013,751,2025-01-27,688606,奥泰生物,医疗器械,-3.2844834
4014,438,2025-01-27,2743,富煌钢构,水泥建材,-3.2845068
4015,1805,2025-01-27,301333,诺思格,医疗服务,-3.285135
4016,602,2025-01-27,301469,恒达新材,造纸印刷,-3.2851827
4017,2994,2025-01-27,688291,金橙子,软件开发,-3.2851982
4018,4322,2025-01-27,603270,金帝股份,通用设备,-3.2857213
4019,1391,2025-01-27,603721,中广天择,文化传媒,-3.2857447
4020,4236,2025-01-27,1268,联合精密,通用设备,-3.288262
4021,132,2025-01-27,603585,苏利股份,农药兽药,-3.288718
4022,4115,2025-01-27,301141,中科磁业,小金属,-3.288989
4023,4953,2025-01-27,2801,微光股份,电机,-3.2895036
4024,4606,2025-01-27,688498,源杰科技,半导体,-3.2909412
4025,1423,2025-01-27,2181,粤 传 媒,文化传媒,-3.2923315
4026,1153,2025-01-27,688679,通源环境,环保行业,-3.2924705
4027,2344,2025-01-27,605016,百龙创园,食品饮料,-3.293775
4028,3762,2025-01-27,600560,金自天正,专用设备,-3.2938719
4029,3270,2025-01-27,603016,新宏泰,电网设备,-3.2944546
4030,1076,2025-01-27,300952,恒辉安防,纺织服装,-3.2945492
4031,2198,2025-01-27,2642,荣联科技,互联网服务,-3.2945733
4032,2147,2025-01-27,603171,税友股份,互联网服务,-3.2952926
4033,2032,2025-01-27,688102,斯瑞新材,有色金属,-3.2957182
4034,436,2025-01-27,605122,四方新材,水泥建材,-3.2963436
4035,2173,2025-01-27,300645,正元智慧,互联网服务,-3.296741
4036,1835,2025-01-27,2440,闰土股份,化学制品,-3.2970734
4037,4663,2025-01-27,688678,福立旺,消费电子,-3.29799
4038,1069,2025-01-27,605055,迎丰股份,纺织服装,-3.2986715
4039,3291,2025-01-27,300617,安靠智电,电网设备,-3.3000793
4040,3456,2025-01-27,2488,金固股份,汽车零部件,-3.300419
4041,4444,2025-01-27,300035,中科电气,非金属材料,-3.3004682
4042,2109,2025-01-27,300148,天舟文化,游戏,-3.301653
4043,665,2025-01-27,2103,广博股份,家用轻工,-3.30179
4044,4926,2025-01-27,2313,日海智能,通信设备,-3.3024404
4045,4246,2025-01-27,300985,致远新能,通用设备,-3.3030353
4046,2658,2025-01-27,603051,鹿山新材,塑料制品,-3.3039343
4047,2899,2025-01-27,600053,九鼎投资,多元金融,-3.3039608
4048,2328,2025-01-27,605300,佳禾食品,食品饮料,-3.304277
4049,4358,2025-01-27,300607,拓斯达,通用设备,-3.304883
4050,1186,2025-01-27,603686,福龙马,环保行业,-3.3051703
4051,3057,2025-01-27,301153,中科江南,软件开发,-3.3055873
4052,847,2025-01-27,688161,威高骨科,医疗器械,-3.3065844
4053,4727,2025-01-27,688582,芯动联科,电子元件,-3.3067384
4054,4576,2025-01-27,688361,中科飞测,半导体,-3.3087683
4055,3368,2025-01-27,301589,诺瓦星云,计算机设备,-3.309522
4056,4819,2025-01-27,301021,英诺激光,电子元件,-3.3114567
4057,3949,2025-01-27,2449,国星光电,光学光电子,-3.3121011
4058,3196,2025-01-27,2028,思源电气,电网设备,-3.3123267
4059,4345,2025-01-27,301596,瑞迪智驱,通用设备,-3.3126705
4060,563,2025-01-27,603336,宏辉果蔬,农牧饲渔,-3.3131328
4061,3440,2025-01-27,2355,兴民智通,汽车零部件,-3.3132799
4062,1912,2025-01-27,300641,正丹股份,化学制品,-3.3140004
4063,3308,2025-01-27,605305,中际联合,风电设备,-3.314045
4064,1702,2025-01-27,936,华西股份,化纤行业,-3.3143394
4065,1421,2025-01-27,2858,力盛体育,文化传媒,-3.3158143
4066,3029,2025-01-27,300768,迪普科技,软件开发,-3.316462
4067,2764,2025-01-27,2967,广电计量,专业服务,-3.316764
4068,1264,2025-01-27,2390,信邦制药,中药,-3.3167918
4069,2466,2025-01-27,600173,卧龙地产,房地产开发,-3.3171039
4070,3012,2025-01-27,301172,君逸数码,软件开发,-3.3171191
4071,3760,2025-01-27,603273,天元智能,专用设备,-3.3177276
4072,1073,2025-01-27,300901,中胤时尚,纺织服装,-3.3177524
4073,1138,2025-01-27,688659,元琛科技,环保行业,-3.3180804
4074,2011,2025-01-27,603,盛达资源,有色金属,-3.3184977
4075,1775,2025-01-27,603108,润达医疗,医疗服务,-3.318974
4076,1385,2025-01-27,2878,元隆雅图,文化传媒,-3.319718
4077,4931,2025-01-27,300502,新易盛,通信设备,-3.319827
4078,2733,2025-01-27,2723,小崧股份,家电行业,-3.319915
4079,3025,2025-01-27,688152,麒麟信安,软件开发,-3.3201723
4080,2049,2025-01-27,757,浩物股份,汽车服务,-3.3213603
4081,3521,2025-01-27,1319,铭科精技,汽车零部件,-3.3216753
4082,417,2025-01-27,2596,海南瑞泽,水泥建材,-3.3239293
4083,631,2025-01-27,600506,统一股份,石油行业,-3.3242218
4084,2815,2025-01-27,689009,九号公司-WD,交运设备,-3.3295677
4085,1424,2025-01-27,301102,兆讯传媒,文化传媒,-3.3301911
4086,1396,2025-01-27,603825,华扬联众,文化传媒,-3.331115
4087,3911,2025-01-27,2273,水晶光电,光学光电子,-3.3322492
4088,1481,2025-01-27,603836,海程邦达,物流行业,-3.3324723
4089,4775,2025-01-27,301389,隆扬电子,电子元件,-3.3325906
4090,3864,2025-01-27,603685,晨丰科技,光学光电子,-3.3331041
4091,727,2025-01-27,603062,麦加芯彩,化学原料,-3.333291
4092,3041,2025-01-27,600602,云赛智联,软件开发,-3.3339453
4093,4816,2025-01-27,301251,威尔高,电子元件,-3.3344178
4094,1164,2025-01-27,688480,赛恩斯,环保行业,-3.3355904
4095,1787,2025-01-27,301080,百普赛斯,医疗服务,-3.336282
4096,3504,2025-01-27,605333,沪光股份,汽车零部件,-3.336763
4097,3862,2025-01-27,605218,伟时电子,光学光电子,-3.3371735
4098,3908,2025-01-27,300303,聚飞光电,光学光电子,-3.3376195
4099,4062,2025-01-27,301510,固高科技,仪器仪表,-3.3380997
4100,2853,2025-01-27,603220,中贝通信,通信服务,-3.339839
4101,1979,2025-01-27,807,云铝股份,有色金属,-3.3402295
4102,3940,2025-01-27,300582,英飞特,光学光电子,-3.3420134
4103,4661,2025-01-27,2139,拓邦股份,消费电子,-3.344778
4104,2199,2025-01-27,301270,汉仪股份,互联网服务,-3.3448577
4105,3281,2025-01-27,301012,扬电科技,电网设备,-3.344963
4106,2383,2025-01-27,301459,丰茂股份,橡胶制品,-3.3452744
4107,3756,2025-01-27,688283,坤恒顺维,专用设备,-3.3454173
4108,3320,2025-01-27,688186,广大特材,风电设备,-3.3456404
4109,1966,2025-01-27,605589,圣泉集团,化学制品,-3.346589
4110,2521,2025-01-27,605389,长龄液压,工程机械,-3.3468616
4111,368,2025-01-27,603737,三棵树,装修建材,-3.3469572
4112,2938,2025-01-27,300550,和仁科技,软件开发,-3.3481545
4113,4601,2025-01-27,688512,慧智微-U,半导体,-3.3484387
4114,884,2025-01-27,2898,赛隆药业,化学制药,-3.349578
4115,1070,2025-01-27,603518,锦泓集团,纺织服装,-3.350129
4116,3559,2025-01-27,688326,经纬恒润-W,汽车零部件,-3.350604
4117,2390,2025-01-27,300756,金马游乐,旅游酒店,-3.350864
4118,3067,2025-01-27,301236,软通动力,软件开发,-3.3510063
4119,1404,2025-01-27,301052,果麦文化,文化传媒,-3.351446
4120,4679,2025-01-27,603629,利通电子,消费电子,-3.352192
4121,4242,2025-01-27,2480,新筑股份,通用设备,-3.352893
4122,2934,2025-01-27,603232,格尔软件,软件开发,-3.3547633
4123,3535,2025-01-27,2921,联诚精密,汽车零部件,-3.3558578
4124,559,2025-01-27,2041,登海种业,农牧饲渔,-3.3568354
4125,4851,2025-01-27,601727,上海电气,电源设备,-3.3586588
4126,583,2025-01-27,2012,凯恩股份,造纸印刷,-3.3618684
4127,3516,2025-01-27,300611,美力科技,汽车零部件,-3.3636403
4128,4930,2025-01-27,2583,海能达,通信设备,-3.3644483
4129,3915,2025-01-27,300566,激智科技,光学光电子,-3.3656087
4130,2214,2025-01-27,688051,佳华科技,互联网服务,-3.3663254
4131,3474,2025-01-27,300926,博俊科技,汽车零部件,-3.367257
4132,840,2025-01-27,2901,大博医疗,医疗器械,-3.3679764
4133,653,2025-01-27,2348,高乐股份,家用轻工,-3.3690372
4134,3721,2025-01-27,603036,如通股份,专用设备,-3.3720498
4135,3201,2025-01-27,2546,新联电子,电网设备,-3.3739104
4136,669,2025-01-27,600722,金牛化工,化学原料,-3.375855
4137,2337,2025-01-27,2495,佳隆股份,食品饮料,-3.3768463
4138,2074,2025-01-27,301296,新巨丰,包装材料,-3.3769898
4139,4493,2025-01-27,688508,芯朋微,半导体,-3.3770673
4140,3128,2025-01-27,600694,大商股份,商业百货,-3.3774056
4141,3004,2025-01-27,300559,佳发教育,软件开发,-3.3781047
4142,3285,2025-01-27,300933,中辰股份,电网设备,-3.3784444
4143,1575,2025-01-27,1212,中旗新材,装修装饰,-3.3791358
4144,3327,2025-01-27,300850,新强联,风电设备,-3.3795516
4145,3183,2025-01-27,600268,国电南自,电网设备,-3.381072
4146,4619,2025-01-27,1314,亿道信息,消费电子,-3.3813112
4147,3678,2025-01-27,688215,瑞晟智能,专用设备,-3.3818011
4148,4171,2025-01-27,605117,德业股份,光伏设备,-3.3827226
4149,3580,2025-01-27,2553,南方精工,汽车零部件,-3.3830733
4150,4316,2025-01-27,811,冰轮环境,通用设备,-3.3834994
4151,993,2025-01-27,301066,万事利,纺织服装,-3.3835106
4152,219,2025-01-27,600149,廊坊发展,电力行业,-3.3849933
4153,3529,2025-01-27,605133,嵘泰股份,汽车零部件,-3.3869054
4154,4327,2025-01-27,301377,鼎泰高科,通用设备,-3.3871963
4155,3668,2025-01-27,300836,佰奥智能,专用设备,-3.3880816
4156,3001,2025-01-27,300235,方直科技,软件开发,-3.388522
4157,1093,2025-01-27,688178,万德斯,环保行业,-3.389736
4158,1515,2025-01-27,605303,园林股份,工程建设,-3.3903058
4159,2988,2025-01-27,2908,德生科技,软件开发,-3.3912892
4160,4117,2025-01-27,300811,铂科新材,小金属,-3.3913336
4161,2278,2025-01-27,605338,巴比食品,食品饮料,-3.392065
4162,1927,2025-01-27,603155,新亚强,化学制品,-3.392299
4163,4630,2025-01-27,2241,歌尔股份,消费电子,-3.3931472
4164,4596,2025-01-27,2213,大为股份,半导体,-3.394952
4165,2098,2025-01-27,600892,大晟文化,游戏,-3.395208
4166,3900,2025-01-27,688127,蓝特光学,光学光电子,-3.3962786
4167,3705,2025-01-27,600520,文一科技,专用设备,-3.3963456
4168,151,2025-01-27,600782,新钢股份,钢铁行业,-3.396527
4169,1670,2025-01-27,688520,神州细胞-U,生物制品,-3.397042
4170,2258,2025-01-27,300973,立高食品,食品饮料,-3.401428
4171,1618,2025-01-27,600161,天坛生物,生物制品,-3.4015503
4172,1493,2025-01-27,603506,南都物业,房地产服务,-3.4024608
4173,297,2025-01-27,893,亚钾国际,化肥行业,-3.4036443
4174,1388,2025-01-27,300182,捷成股份,文化传媒,-3.4044101
4175,4744,2025-01-27,2938,鹏鼎控股,电子元件,-3.4054146
4176,2792,2025-01-27,2972,科安达,交运设备,-3.4059856
4177,190,2025-01-27,600163,中闽能源,电力行业,-3.4071493
4178,606,2025-01-27,815,美利云,造纸印刷,-3.4081473
4179,2106,2025-01-27,300002,神州泰岳,游戏,-3.4087684
4180,3792,2025-01-27,603416,信捷电气,专用设备,-3.4087818
4181,3790,2025-01-27,301568,思泰克,专用设备,-3.4097335
4182,143,2025-01-27,2942,新农股份,农药兽药,-3.4102187
4183,3813,2025-01-27,600184,光电股份,专用设备,-3.4109461
4184,681,2025-01-27,301209,联合化学,化学原料,-3.4110103
4185,1431,2025-01-27,300280,紫天科技,文化传媒,-3.4110937
4186,2657,2025-01-27,300539,横河精密,塑料制品,-3.4116893
4187,4417,2025-01-27,2797,第一创业,证券,-3.4125316
4188,861,2025-01-27,600812,华北制药,化学制药,-3.4131818
4189,3148,2025-01-27,785,居然智家,商业百货,-3.4144473
4190,668,2025-01-27,600989,宝丰能源,化学原料,-3.4148536
4191,1275,2025-01-27,603018,华设集团,工程咨询服务,-3.416368
4192,2146,2025-01-27,603918,金桥信息,互联网服务,-3.4181032
4193,4348,2025-01-27,301255,通力科技,通用设备,-3.4184515
4194,2523,2025-01-27,601100,恒立液压,工程机械,-3.4195871
4195,3852,2025-01-27,2031,巨轮智能,专用设备,-3.4200504
4196,2972,2025-01-27,300810,中科海讯,软件开发,-3.4237292
4197,3834,2025-01-27,2184,海得控制,专用设备,-3.4264796
4198,4018,2025-01-27,688388,嘉元科技,电池,-3.4271047
4199,3045,2025-01-27,688631,莱斯信息,软件开发,-3.4287848
4200,1436,2025-01-27,1330,博纳影业,文化传媒,-3.4291534
4201,1352,2025-01-27,300133,华策影视,文化传媒,-3.4296916
4202,4880,2025-01-27,688132,邦彦技术,通信设备,-3.4306564
4203,2754,2025-01-16,688293,奥浦迈,专业服务,-3.4321852
4204,2016,2025-01-27,601702,华峰铝业,有色金属,-3.4336336
4205,856,2025-01-27,688050,爱博医疗,医疗器械,-3.4340937
4206,3860,2025-01-27,300889,爱克股份,光学光电子,-3.4354951
4207,2202,2025-01-27,688619,罗普特,互联网服务,-3.4357865
4208,3974,2025-01-27,688573,信宇人,电池,-3.4364653
4209,480,2025-01-27,603291,联合水务,公用事业,-3.4374113
4210,3120,2025-01-27,301558,三态股份,贸易行业,-3.4388716
4211,2952,2025-01-27,300454,深信服,软件开发,-3.4399514
4212,2777,2025-01-27,603529,爱玛科技,交运设备,-3.439974
4213,2363,2025-01-27,603033,三维股份,橡胶制品,-3.441037
4214,4302,2025-01-27,300988,津荣天宇,通用设备,-3.4414914
4215,3261,2025-01-27,600869,远东股份,电网设备,-3.441986
4216,1916,2025-01-27,688179,阿拉丁,化学制品,-3.44209
4217,4475,2025-01-27,688052,纳芯微,半导体,-3.442369
4218,4560,2025-01-27,300672,国科微,半导体,-3.443065
4219,3874,2025-01-27,301045,天禄科技,光学光电子,-3.4431126
4220,2917,2025-01-27,600705,中航产融,多元金融,-3.4453433
4221,3377,2025-01-27,688592,司南导航,计算机设备,-3.4456935
4222,796,2025-01-27,688068,热景生物,医疗器械,-3.4481685
4223,3563,2025-01-27,301160,翔楼新材,汽车零部件,-3.4482586
4224,4076,2025-01-27,300557,理工光科,仪器仪表,-3.4492247
4225,1559,2025-01-27,300517,海波重科,工程建设,-3.4492533
4226,4784,2025-01-27,688776,国光电气,电子元件,-3.449748
4227,1049,2025-01-27,300577,开润股份,纺织服装,-3.450844
4228,352,2025-01-27,603709,中源家居,装修建材,-3.451489
4229,2385,2025-01-27,300767,震安科技,橡胶制品,-3.4528806
4230,2965,2025-01-27,688296,和达科技,软件开发,-3.4559097
4231,731,2025-01-27,600618,氯碱化工,化学原料,-3.4568589
4232,148,2025-01-27,932,华菱钢铁,钢铁行业,-3.4568715
4233,3629,2025-01-27,603656,泰禾智能,专用设备,-3.4574244
4234,2643,2025-01-27,688323,瑞华泰,塑料制品,-3.4584045
4235,935,2025-01-27,688131,皓元医药,化学制药,-3.4584374
4236,766,2025-01-27,688067,爱威科技,医疗器械,-3.4585686
4237,634,2025-01-27,301101,明月镜片,家用轻工,-3.4586172
4238,2299,2025-01-27,600530,交大昂立,食品饮料,-3.4604077
4239,2562,2025-01-27,995,皇台酒业,酿酒行业,-3.4620113
4240,2927,2025-01-27,2212,天融信,软件开发,-3.4629688
4241,2639,2025-01-27,603991,至正股份,塑料制品,-3.463371
4242,4179,2025-01-27,301168,通灵股份,光伏设备,-3.4637291
4243,3998,2025-01-27,600847,万里股份,电池,-3.464716
4244,3058,2025-01-27,300935,盈建科,软件开发,-3.4662166
4245,3069,2025-01-27,300468,四方精创,软件开发,-3.4668536
4246,2593,2025-01-27,688386,泛亚微透,塑料制品,-3.471867
4247,1534,2025-01-27,603176,汇通集团,工程建设,-3.4728408
4248,1125,2025-01-27,688565,力源科技,环保行业,-3.4733188
4249,650,2025-01-27,300329,海伦钢琴,家用轻工,-3.4735587
4250,2935,2025-01-27,301302,华如科技,软件开发,-3.4745004
4251,376,2025-01-27,301227,森鹰窗业,装修建材,-3.4757934
4252,3126,2025-01-27,679,大连友谊,商业百货,-3.4763064
4253,3185,2025-01-27,720,新能泰山,电网设备,-3.476829
4254,771,2025-01-27,688767,博拓生物,医疗器械,-3.4786646
4255,4293,2025-01-27,688251,井松智能,通用设备,-3.4804747
4256,1882,2025-01-27,603822,嘉澳环保,化学制品,-3.4811091
4257,2200,2025-01-27,688004,博汇科技,互联网服务,-3.4834645
4258,1075,2025-01-27,2397,梦洁股份,纺织服装,-3.4841585
4259,1303,2025-01-27,300949,奥雅股份,工程咨询服务,-3.4852133
4260,978,2025-01-27,952,广济药业,化学制药,-3.490461
4261,4306,2025-01-27,600114,东睦股份,通用设备,-3.494546
4262,4802,2025-01-27,301328,维峰电子,电子元件,-3.4947507
4263,1606,2025-01-27,688426,康为世纪,生物制品,-3.4947681
4264,364,2025-01-27,2225,濮耐股份,装修建材,-3.4956613
4265,3881,2025-01-27,300102,乾照光电,光学光电子,-3.4957085
4266,1931,2025-01-27,300910,瑞丰新材,化学制品,-3.497212
4267,4688,2025-01-27,300956,英力股份,消费电子,-3.4979663
4268,1087,2025-01-27,300779,惠城环保,环保行业,-3.4991488
4269,4188,2025-01-27,2897,意华股份,光伏设备,-3.4992762
4270,3777,2025-01-27,2975,博杰股份,专用设备,-3.4993668
4271,1351,2025-01-27,601900,南方传媒,文化传媒,-3.5006313
4272,3785,2025-01-27,603012,创力集团,专用设备,-3.5048037
4273,3333,2025-01-27,688660,电气风电,风电设备,-3.5054033
4274,1392,2025-01-27,2712,思美传媒,文化传媒,-3.506057
4275,2233,2025-01-27,2115,三维通信,互联网服务,-3.5064988
4276,3021,2025-01-27,300352,北信源,软件开发,-3.507787
4277,3079,2025-01-27,688318,财富趋势,软件开发,-3.5088856
4278,1308,2025-01-27,1206,依依股份,美容护理,-3.5104294
4279,2656,2025-01-27,2886,沃特股份,塑料制品,-3.5118363
4280,1145,2025-01-27,301259,艾布鲁,环保行业,-3.5127215
4281,975,2025-01-27,301130,西点药业,化学制药,-3.5136302
4282,4817,2025-01-27,988,华工科技,电子元件,-3.5140767
4283,138,2025-01-27,603360,百傲化学,农药兽药,-3.5147722
4284,2124,2025-01-27,300287,飞利信,互联网服务,-3.5174608
4285,3818,2025-01-27,300879,大叶股份,专用设备,-3.5180144
4286,3562,2025-01-27,603319,湘油泵,汽车零部件,-3.5180588
4287,4810,2025-01-27,300657,弘信电子,电子元件,-3.5181801
4288,59,2025-01-27,600803,新奥股份,燃气,-3.5199552
4289,327,2025-01-27,2791,坚朗五金,装修建材,-3.5203774
4290,3469,2025-01-27,2472,双环传动,汽车零部件,-3.5209477
4291,2181,2025-01-27,688158,优刻得-W,互联网服务,-3.5243466
4292,2354,2025-01-27,603777,来伊份,食品饮料,-3.5282574
4293,374,2025-01-27,603268,松发股份,装修建材,-3.528412
4294,2367,2025-01-27,1207,联科科技,橡胶制品,-3.528907
4295,3791,2025-01-27,603135,中重科技,专用设备,-3.5294852
4296,108,2025-01-27,603810,丰山集团,农药兽药,-3.5299606
4297,3879,2025-01-27,300940,南极光,光学光电子,-3.5312693
4298,3829,2025-01-27,301128,强瑞技术,专用设备,-3.532571
4299,386,2025-01-27,301010,晶雪节能,装修建材,-3.532705
4300,1393,2025-01-27,301025,读客文化,文化传媒,-3.5340607
4301,2945,2025-01-27,688188,柏楚电子,软件开发,-3.5367196
4302,4449,2025-01-27,301611,珂玛科技,非金属材料,-3.537168
4303,4699,2025-01-27,601138,工业富联,消费电子,-3.5397358
4304,1972,2025-01-27,2915,中欣氟材,化学制品,-3.541692
4305,2053,2025-01-27,600653,申华控股,汽车服务,-3.543385
4306,1117,2025-01-27,300203,聚光科技,环保行业,-3.543851
4307,3931,2025-01-27,600071,凤凰光学,光学光电子,-3.5441036
4308,3043,2025-01-27,688058,宝兰德,软件开发,-3.544154
4309,4922,2025-01-27,2396,星网锐捷,通信设备,-3.5449073
4310,4194,2025-01-27,2760,凤形股份,通用设备,-3.5474546
4311,3013,2025-01-27,688083,中望软件,软件开发,-3.5486991
4312,2820,2025-01-27,300211,亿通科技,通信服务,-3.5491314
4313,3928,2025-01-27,2765,蓝黛科技,光学光电子,-3.5493455
4314,4022,2025-01-27,605378,野马电池,电池,-3.5502386
4315,1599,2025-01-27,605289,罗曼股份,装修装饰,-3.5516665
4316,3749,2025-01-27,300521,爱司凯,专用设备,-3.5539646
4317,1859,2025-01-27,603379,三美股份,化学制品,-3.5563588
4318,1380,2025-01-27,665,湖北广电,文化传媒,-3.5591822
4319,3842,2025-01-27,688218,江苏北人,专用设备,-3.560093
4320,3035,2025-01-27,300579,数字认证,软件开发,-3.5639975
4321,1681,2025-01-27,300084,海默科技,采掘行业,-3.564107
4322,4162,2025-01-27,2865,钧达股份,光伏设备,-3.5657015
4323,3068,2025-01-27,300339,润和软件,软件开发,-3.566538
4324,2119,2025-01-27,300459,汤姆猫,游戏,-3.5668597
4325,2035,2025-01-27,601020,华钰矿业,有色金属,-3.5689683
4326,3740,2025-01-27,300837,浙矿股份,专用设备,-3.5707679
4327,4697,2025-01-27,2577,雷柏科技,消费电子,-3.570988
4328,4917,2025-01-27,300711,广哈通信,通信设备,-3.5710747
4329,1492,2025-01-27,600605,汇通能源,房地产服务,-3.5715983
4330,3031,2025-01-27,2279,久其软件,软件开发,-3.5720263
4331,3981,2025-01-27,603031,安孚科技,电池,-3.5732334
4332,613,2025-01-27,96,广聚能源,石油行业,-3.5752847
4333,835,2025-01-27,688301,奕瑞科技,医疗器械,-3.5766807
4334,2940,2025-01-27,688225,亚信安全,软件开发,-3.5769198
4335,4949,2025-01-27,300394,天孚通信,通信设备,-3.5790946
4336,1613,2025-01-27,688235,百济神州-U,生物制品,-3.5822005
4337,3355,2025-01-27,301391,卡莱特,计算机设备,-3.5833426
4338,4938,2025-01-27,300620,光库科技,通信设备,-3.584034
4339,1924,2025-01-27,603790,雅运股份,化学制品,-3.584633
4340,3487,2025-01-27,603121,华培动力,汽车零部件,-3.585168
4341,299,2025-01-27,408,藏格矿业,化肥行业,-3.5859222
4342,4850,2025-01-27,2335,科华数据,电源设备,-3.5860453
4343,4863,2025-01-27,301600,慧翰股份,通信设备,-3.5864286
4344,4709,2025-01-27,300852,四会富仕,电子元件,-3.588664
4345,1729,2025-01-27,632,三木集团,综合行业,-3.5890505
4346,3505,2025-01-27,603758,秦安股份,汽车零部件,-3.5892022
4347,920,2025-01-27,603707,健友股份,化学制药,-3.5920386
4348,3836,2025-01-27,688529,豪森智能,专用设备,-3.5951078
4349,2158,2025-01-27,409,云鼎科技,互联网服务,-3.595668
4350,2824,2025-01-27,300571,平治信息,通信服务,-3.5965483
4351,3902,2025-01-27,300701,森霸传感,光学光电子,-3.596843
4352,2189,2025-01-27,2771,真视通,互联网服务,-3.597888
4353,4940,2025-01-27,301165,锐捷网络,通信设备,-3.597901
4354,1569,2025-01-27,301024,霍普股份,工程建设,-3.598186
4355,4861,2025-01-27,3040,楚天龙,通信设备,-3.5994601
4356,3641,2025-01-27,1223,欧克科技,专用设备,-3.6000934
4357,2637,2025-01-27,2825,纳尔股份,塑料制品,-3.6008377
4358,3837,2025-01-27,300276,三丰智能,专用设备,-3.6009092
4359,1718,2025-01-27,300777,中简科技,化纤行业,-3.6010866
4360,3692,2025-01-27,2209,达 意 隆,专用设备,-3.603153
4361,4211,2025-01-27,603090,宏盛股份,通用设备,-3.6044261
4362,3550,2025-01-27,600933,爱柯迪,汽车零部件,-3.6048062
4363,1804,2025-01-27,301239,普瑞眼科,医疗服务,-3.6060448
4364,3681,2025-01-27,688001,华兴源创,专用设备,-3.6096117
4365,759,2025-01-27,300289,利德曼,医疗器械,-3.611029
4366,3299,2025-01-27,600973,宝胜股份,电网设备,-3.611219
4367,1814,2025-01-27,688246,嘉和美康,医疗服务,-3.6116145
4368,1495,2025-01-27,2188,中天服务,房地产服务,-3.6142614
4369,504,2025-01-27,702,正虹科技,农牧饲渔,-3.6146443
4370,1941,2025-01-27,300758,七彩化学,化学制品,-3.614657
4371,2950,2025-01-27,688109,品茗科技,软件开发,-3.617325
4372,3797,2025-01-27,301070,开勒股份,专用设备,-3.6189876
4373,2192,2025-01-27,2912,中新赛克,互联网服务,-3.619631
4374,4485,2025-01-27,688213,思特威-W,半导体,-3.6201525
4375,738,2025-01-27,603004,鼎龙科技,化学原料,-3.6202095
4376,992,2025-01-27,2098,浔兴股份,纺织服装,-3.6235988
4377,1847,2025-01-27,688065,凯赛生物,化学制品,-3.6239
4378,854,2025-01-27,300753,爱朋医疗,医疗器械,-3.6242228
4379,1074,2025-01-27,300918,南山智尚,纺织服装,-3.6288083
4380,1888,2025-01-27,688571,杭华股份,化学制品,-3.635711
4381,1358,2025-01-27,603533,掌阅科技,文化传媒,-3.637047
4382,1956,2025-01-27,2666,德联集团,化学制品,-3.6372776
4383,2679,2025-01-27,600060,海信视像,家电行业,-3.6375582
4384,4694,2025-01-27,301182,凯旺科技,消费电子,-3.640865
4385,3937,2025-01-27,603703,盛洋科技,光学光电子,-3.6478956
4386,1898,2025-01-27,605020,永和股份,化学制品,-3.6480017
4387,267,2025-01-27,603716,塞力医疗,医药商业,-3.6504283
4388,2742,2025-01-27,2403,爱仕达,家电行业,-3.6508164
4389,2778,2025-01-27,913,钱江摩托,交运设备,-3.6536953
4390,3675,2025-01-27,300509,新美星,专用设备,-3.6537971
4391,2357,2025-01-27,716,黑芝麻,食品饮料,-3.65427
4392,4326,2025-01-27,600215,派斯林,通用设备,-3.6553032
4393,3335,2025-01-27,526,学大教育,教育,-3.6553848
4394,4696,2025-01-27,2660,茂硕电源,消费电子,-3.6601171
4395,1100,2025-01-27,301068,大地海洋,环保行业,-3.6614976
4396,3583,2025-01-27,678,襄阳轴承,汽车零部件,-3.6645732
4397,4295,2025-01-27,2282,博深股份,通用设备,-3.6647372
4398,3805,2025-01-27,301011,华立科技,专用设备,-3.667573
4399,4658,2025-01-27,603890,春秋电子,消费电子,-3.6694634
4400,155,2025-01-27,603995,甬金股份,钢铁行业,-3.6743765
4401,4692,2025-01-27,300684,中石科技,消费电子,-3.6759775
4402,4813,2025-01-27,301366,一博科技,电子元件,-3.6808133
4403,4590,2025-01-27,688110,东芯股份,半导体,-3.6811645
4404,2931,2025-01-27,688111,金山办公,软件开发,-3.6813517
4405,2852,2025-01-27,300959,线上线下,通信服务,-3.6824923
4406,1612,2025-01-27,688278,特宝生物,生物制品,-3.685214
4407,4315,2025-01-27,688165,埃夫特-U,通用设备,-3.689217
4408,3574,2025-01-27,300432,富临精工,汽车零部件,-3.6894433
4409,1574,2025-01-27,603408,建霖家居,装修装饰,-3.693897
4410,3376,2025-01-27,603106,恒银科技,计算机设备,-3.696632
4411,4598,2025-01-27,688521,芯原股份,半导体,-3.6986694
4412,1722,2025-01-27,600113,浙江东日,综合行业,-3.6995072
4413,4468,2025-01-27,688200,华峰测控,半导体,-3.7009478
4414,3905,2025-01-27,600363,联创光电,光学光电子,-3.701133
4415,1071,2025-01-27,3041,真爱美家,纺织服装,-3.701267
4416,1578,2025-01-27,2830,名雕股份,装修装饰,-3.7016795
4417,2142,2025-01-27,300609,汇纳科技,互联网服务,-3.702285
4418,2360,2025-01-27,2820,桂发祥,食品饮料,-3.7040076
4419,2893,2025-01-27,688239,航宇科技,航天航空,-3.704296
4420,1973,2025-01-27,300522,世名科技,化学制品,-3.7073846
4421,1089,2025-01-27,300056,中创环保,环保行业,-3.710976
4422,3060,2025-01-27,603990,麦迪科技,软件开发,-3.7112622
4423,3038,2025-01-27,688777,中控技术,软件开发,-3.7117732
4424,1114,2025-01-27,68,华控赛格,环保行业,-3.7140105
4425,4371,2025-01-27,2552,宝鼎科技,通用设备,-3.7160783
4426,3946,2025-01-27,688195,腾景科技,光学光电子,-3.7197976
4427,2425,2025-01-27,42,中洲控股,房地产开发,-3.7206213
4428,4908,2025-01-27,300590,移为通信,通信设备,-3.7229445
4429,3965,2025-01-27,1283,豪鹏科技,电池,-3.7247207
4430,2579,2025-01-27,868,安凯客车,汽车整车,-3.7252574
4431,3570,2025-01-27,300969,恒帅股份,汽车零部件,-3.7263632
4432,3475,2025-01-27,603306,华懋科技,汽车零部件,-3.7277143
4433,2047,2025-01-27,688231,隆达股份,有色金属,-3.728158
4434,1572,2025-01-27,628,高新发展,工程建设,-3.7291355
4435,3303,2025-01-27,600577,精达股份,电网设备,-3.729628
4436,3855,2025-01-27,300757,罗博特科,专用设备,-3.7311237
4437,2585,2025-01-27,600686,金龙汽车,汽车整车,-3.7349577
4438,4506,2025-01-27,688099,晶晨股份,半导体,-3.7390456
4439,4063,2025-01-27,300553,集智股份,仪器仪表,-3.7408538
4440,2201,2025-01-27,688316,青云科技-U,互联网服务,-3.7417247
4441,1831,2025-01-27,603110,东方材料,化学制品,-3.7417643
4442,1325,2025-01-27,603193,润本股份,美容护理,-3.7418022
4443,2756,2025-01-27,300384,三联虹普,专业服务,-3.7422943
4444,2178,2025-01-27,688292,浩瀚深度,互联网服务,-3.7425869
4445,2136,2025-01-27,300277,海联讯,互联网服务,-3.7427506
4446,3306,2025-01-27,301456,盘古智能,风电设备,-3.7441692
4447,655,2025-01-27,1211,双枪科技,家用轻工,-3.7442982
4448,753,2025-01-27,688617,惠泰医疗,医疗器械,-3.7475386
4449,1828,2025-01-27,603079,圣达生物,化学制品,-3.7482884
4450,3579,2025-01-27,603009,北特科技,汽车零部件,-3.7500873
4451,3234,2025-01-27,301291,明阳电气,电网设备,-3.7520897
4452,1585,2025-01-27,605178,时空科技,装修装饰,-3.7532063
4453,334,2025-01-27,603600,永艺股份,装修建材,-3.753539
4454,4594,2025-01-27,688525,佰维存储,半导体,-3.754233
4455,2236,2025-01-27,300846,首都在线,互联网服务,-3.7565815
4456,3039,2025-01-27,300469,信息发展,软件开发,-3.7617624
4457,2240,2025-01-27,300792,壹网壹创,互联网服务,-3.7626987
4458,2117,2025-01-27,2919,名臣健康,游戏,-3.7636626
4459,3390,2025-01-27,300449,汉邦高科,计算机设备,-3.766546
4460,4362,2025-01-27,688003,天准科技,通用设备,-3.7672865
4461,3350,2025-01-27,2835,同为股份,计算机设备,-3.768501
4462,1438,2025-01-27,300242,佳云科技,文化传媒,-3.768865
4463,2177,2025-01-27,3010,若羽臣,互联网服务,-3.7718778
4464,577,2025-01-27,600793,宜宾纸业,造纸印刷,-3.7725124
4465,385,2025-01-27,2853,皮阿诺,装修建材,-3.7752092
4466,4080,2025-01-27,2175,东方智造,仪器仪表,-3.7759879
4467,4705,2025-01-27,2134,天津普林,电子元件,-3.7777822
4468,42,2025-01-27,300435,中泰股份,燃气,-3.7827394
4469,3392,2025-01-27,300479,神思电子,计算机设备,-3.7842133
4470,3034,2025-01-27,300556,丝路视觉,软件开发,-3.7851796
4471,2954,2025-01-27,2362,汉王科技,软件开发,-3.790845
4472,2006,2025-01-27,600595,中孚实业,有色金属,-3.7951417
4473,3907,2025-01-27,605118,力鼎光电,光学光电子,-3.7955806
4474,3223,2025-01-27,603191,望变电气,电网设备,-3.7989795
4475,3300,2025-01-27,688676,金盘科技,电网设备,-3.799426
4476,1434,2025-01-27,300058,蓝色光标,文化传媒,-3.7995393
4477,2118,2025-01-27,300533,冰川网络,游戏,-3.8076885
4478,566,2025-01-27,603717,天域生物,农牧饲渔,-3.8081412
4479,1598,2025-01-27,300986,志特新材,装修装饰,-3.8107526
4480,3194,2025-01-27,603530,神马电力,电网设备,-3.8116555
4481,2670,2025-01-27,301187,欧圣电气,家电行业,-3.8137794
4482,4298,2025-01-27,688360,德马科技,通用设备,-3.8144178
4483,1355,2025-01-27,2905,金逸影视,文化传媒,-3.8154855
4484,4336,2025-01-27,2150,通润装备,通用设备,-3.8172932
4485,2766,2025-01-27,300947,德必集团,专业服务,-3.8176856
4486,3947,2025-01-27,300232,洲明科技,光学光电子,-3.818322
4487,4691,2025-01-27,300709,精研科技,消费电子,-3.8183846
4488,4841,2025-01-27,300491,通合科技,电源设备,-3.8199537
4489,4450,2025-01-27,301071,力量钻石,非金属材料,-3.8201241
4490,4563,2025-01-27,688798,艾为电子,半导体,-3.8214314
4491,574,2025-01-27,603668,天马科技,农牧饲渔,-3.8239696
4492,4521,2025-01-27,688416,恒烁股份,半导体,-3.8245604
4493,1272,2025-01-27,2949,华阳国际,工程咨询服务,-3.8258965
4494,2135,2025-01-27,300687,赛意信息,互联网服务,-3.8267627
4495,3178,2025-01-27,600865,百大集团,商业百货,-3.8314052
4496,4347,2025-01-27,300809,华辰装备,通用设备,-3.8320277
4497,4973,2025-01-27,2892,科力尔,电机,-3.8335838
4498,3561,2025-01-27,301007,德迈仕,汽车零部件,-3.8352537
4499,3577,2025-01-27,887,中鼎股份,汽车零部件,-3.837866
4500,4934,2025-01-27,63,中兴通讯,通信设备,-3.8382485
4501,2239,2025-01-27,300674,宇信科技,互联网服务,-3.838386
4502,4621,2025-01-27,301326,捷邦科技,消费电子,-3.8385158
4503,3823,2025-01-27,600545,卓郎智能,专用设备,-3.8415062
4504,3125,2025-01-27,419,通程控股,商业百货,-3.8420968
4505,4196,2025-01-27,603699,纽威股份,通用设备,-3.8434048
4506,844,2025-01-27,688277,天智航-U,医疗器械,-3.8436623
4507,4703,2025-01-27,301123,奕东电子,消费电子,-3.8476439
4508,4701,2025-01-27,301486,致尚科技,消费电子,-3.8476932
4509,2246,2025-01-27,300290,荣科科技,互联网服务,-3.8529105
4510,3283,2025-01-27,603618,杭电股份,电网设备,-3.8546317
4511,1437,2025-01-27,300795,米奥会展,文化传媒,-3.8558621
4512,3042,2025-01-27,301316,慧博云通,软件开发,-3.8591678
4513,1085,2025-01-27,600539,狮头股份,环保行业,-3.8599484
4514,1426,2025-01-27,300528,幸福蓝海,文化传媒,-3.8607016
4515,4632,2025-01-27,300822,贝仕达克,消费电子,-3.861708
4516,4806,2025-01-27,688662,富信科技,电子元件,-3.8632147
4517,4803,2025-01-27,300991,创益通,电子元件,-3.8635268
4518,1971,2025-01-27,300727,润禾材料,化学制品,-3.8641796
4519,4575,2025-01-27,688702,盛科通信-U,半导体,-3.8652763
4520,4208,2025-01-27,688059,华锐精密,通用设备,-3.8659647
4521,2970,2025-01-27,300520,科大国创,软件开发,-3.866122
4522,1411,2025-01-27,603103,横店影视,文化传媒,-3.8671575
4523,2120,2025-01-27,300299,富春股份,游戏,-3.8690276
4524,1081,2025-01-27,605069,正和生态,环保行业,-3.8698583
4525,3799,2025-01-27,603895,天永智能,专用设备,-3.8698726
4526,3073,2025-01-27,300386,飞天诚信,软件开发,-3.8709111
4527,2389,2025-01-27,300731,科创新源,橡胶制品,-3.8739402
4528,4975,2025-01-27,603728,鸣志电器,电机,-3.8739958
4529,4853,2025-01-27,2518,科士达,电源设备,-3.878193
4530,4811,2025-01-27,2916,深南电路,电子元件,-3.8804908
4531,4736,2025-01-27,688629,华丰科技,电子元件,-3.8804955
4532,3840,2025-01-27,603912,佳力图,专用设备,-3.8807333
4533,1985,2025-01-27,2295,精艺股份,有色金属,-3.8839269
4534,749,2025-01-27,688013,天臣医疗,医疗器械,-3.8848565
4535,1964,2025-01-27,301036,双乐股份,化学制品,-3.8906496
4536,4019,2025-01-27,2580,圣阳股份,电池,-3.891924
4537,2583,2025-01-27,600418,江淮汽车,汽车整车,-3.8928998
4538,4355,2025-01-27,300503,昊志机电,通用设备,-3.8936536
4539,1917,2025-01-27,300798,锦鸡股份,化学制品,-3.8952153
4540,1131,2025-01-27,688485,九州一轨,环保行业,-3.895463
4541,4071,2025-01-27,688768,容知日新,仪器仪表,-3.8964958
4542,3856,2025-01-27,300499,高澜股份,专用设备,-3.9003007
4543,1267,2025-01-27,600629,华建集团,工程咨询服务,-3.9010777
4544,4074,2025-01-27,300515,三德科技,仪器仪表,-3.9012008
4545,4518,2025-01-27,603986,兆易创新,半导体,-3.9084446
4546,1592,2025-01-27,2989,中天精装,装修装饰,-3.911808
4547,2736,2025-01-27,605555,德昌股份,家电行业,-3.9143708
4548,3626,2025-01-27,603800,洪田股份,专用设备,-3.9180856
4549,2244,2025-01-27,938,紫光股份,互联网服务,-3.921883
4550,1511,2025-01-27,603637,镇海股份,工程建设,-3.9225354
4551,3592,2025-01-27,2536,飞龙股份,汽车零部件,-3.9247618
4552,4589,2025-01-27,688138,清溢光电,半导体,-3.9288442
4553,3048,2025-01-27,300830,金现代,软件开发,-3.9311423
4554,1826,2025-01-27,2549,凯美特气,化学制品,-3.931591
4555,986,2025-01-27,2755,奥赛康,化学制药,-3.9336107
4556,4602,2025-01-27,300661,圣邦股份,半导体,-3.9337404
4557,2818,2025-01-27,603111,康尼机电,交运设备,-3.9362006
4558,3076,2025-01-27,688692,达梦数据,软件开发,-3.9376383
4559,877,2025-01-27,688578,艾力斯,化学制药,-3.9385781
4560,4464,2025-01-27,300613,富瀚微,半导体,-3.9398663
4561,4200,2025-01-27,530,冰山冷热,通用设备,-3.9419029
4562,2782,2025-01-27,603766,隆鑫通用,交运设备,-3.9430478
4563,2926,2025-01-27,688244,永信至诚,软件开发,-3.9445918
4564,1409,2025-01-27,917,电广传媒,文化传媒,-3.9454966
4565,3032,2025-01-27,688118,普元信息,软件开发,-3.9481454
4566,4928,2025-01-27,300252,金信诺,通信设备,-3.9482243
4567,1772,2025-01-27,605186,健麾信息,医疗服务,-3.9523687
4568,3828,2025-01-27,2527,新时达,专用设备,-3.9535902
4569,3939,2025-01-27,2876,三利谱,光学光电子,-3.9616804
4570,2916,2025-01-27,2423,中粮资本,多元金融,-3.9652698
4571,4600,2025-01-27,688141,杰华特,半导体,-3.969597
4572,4611,2025-01-27,300866,安克创新,消费电子,-3.9735475
4573,962,2025-01-27,600851,海欣股份,化学制药,-3.9747863
4574,3168,2025-01-27,301078,孩子王,商业百货,-3.9818716
4575,2594,2025-01-27,300221,银禧科技,塑料制品,-3.9842765
4576,346,2025-01-27,600076,康欣新材,装修建材,-3.9843965
4577,2424,2025-01-27,668,荣丰控股,房地产开发,-3.9846756
4578,120,2025-01-27,600226,亨通股份,农药兽药,-3.9851475
4579,3932,2025-01-27,600707,彩虹股份,光学光电子,-3.9895065
4580,4963,2025-01-27,600580,卧龙电驱,电机,-3.991472
4581,2143,2025-01-27,300150,世纪瑞尔,互联网服务,-3.9927375
4582,3819,2025-01-27,688646,逸飞激光,专用设备,-3.9927912
4583,4119,2025-01-27,300748,金力永磁,小金属,-3.9953399
4584,4948,2025-01-27,300913,兆龙互连,通信设备,-3.9959264
4585,4822,2025-01-27,2484,江海股份,电子元件,-3.9976366
4586,3953,2025-01-27,301183,东田微,光学光电子,-4.0014505
4587,3386,2025-01-27,688288,鸿泉物联,计算机设备,-4.002807
4588,415,2025-01-27,600802,福建水泥,水泥建材,-4.0053964
4589,4331,2025-01-27,2931,锋龙股份,通用设备,-4.0072985
4590,4942,2025-01-27,603118,共进股份,通信设备,-4.0118256
4591,2731,2025-01-27,2050,三花智控,家电行业,-4.0127735
4592,1348,2025-01-27,600986,浙文互联,文化传媒,-4.014518
4593,851,2025-01-27,688358,祥生医疗,医疗器械,-4.0164175
4594,2933,2025-01-27,688590,新致软件,软件开发,-4.01734
4595,3066,2025-01-27,603138,海量数据,软件开发,-4.0182137
4596,2116,2025-01-27,300494,盛天网络,游戏,-4.019376
4597,828,2025-01-27,688677,海泰新光,医疗器械,-4.027741
4598,4352,2025-01-27,301252,同星科技,通用设备,-4.0289545
4599,3635,2025-01-27,688125,安达智能,专用设备,-4.0306315
4600,2250,2025-01-27,300245,天玑科技,互联网服务,-4.0306764
4601,3674,2025-01-27,688377,迪威尔,专用设备,-4.0331626
4602,2149,2025-01-27,301382,蜂助手,互联网服务,-4.0347223
4603,1425,2025-01-27,300805,电声股份,文化传媒,-4.0354123
4604,3849,2025-01-27,2009,天奇股份,专用设备,-4.0355606
4605,4796,2025-01-27,600601,方正科技,电子元件,-4.037386
4606,4185,2025-01-27,2617,露笑科技,光伏设备,-4.038948
4607,2850,2025-01-27,2929,润建股份,通信服务,-4.042245
4608,1419,2025-01-27,300063,天龙集团,文化传媒,-4.0440593
4609,2249,2025-01-27,300166,东方国信,互联网服务,-4.0447035
4610,4222,2025-01-27,688333,铂力特,通用设备,-4.045501
4611,4641,2025-01-27,300433,蓝思科技,消费电子,-4.046447
4612,3859,2025-01-27,300808,久量股份,光学光电子,-4.0466824
4613,1273,2025-01-27,301027,华蓝集团,工程咨询服务,-4.0513353
4614,4653,2025-01-27,301606,绿联科技,消费电子,-4.0553436
4615,1630,2025-01-13,688073,毕得医药,生物制品,-4.061676
4616,1720,2025-01-27,600889,南京化纤,化纤行业,-4.061794
4617,2235,2025-01-27,301085,亚康股份,互联网服务,-4.0635223
4618,579,2025-01-27,603429,集友股份,造纸印刷,-4.063678
4619,4484,2025-01-27,688591,泰凌微,半导体,-4.0658755
4620,2245,2025-01-27,300941,创识科技,互联网服务,-4.068961
4621,4312,2025-01-27,837,秦川机床,通用设备,-4.0710745
4622,2774,2025-01-27,301228,实朴检测,专业服务,-4.0723076
4623,3084,2025-01-27,300033,同花顺,软件开发,-4.074353
4624,3175,2025-01-27,600858,银座股份,商业百货,-4.0747857
4625,1001,2025-01-27,600398,海澜之家,纺织服装,-4.0769258
4626,1008,2025-01-27,605180,华生科技,纺织服装,-4.0800443
4627,2925,2025-01-27,300605,恒锋信息,软件开发,-4.080069
4628,3049,2025-01-27,688507,索辰科技,软件开发,-4.08139
4629,4425,2025-01-27,2670,国盛金控,证券,-4.082005
4630,4026,2025-01-27,301325,曼恩斯特,电池,-4.082139
4631,1965,2025-01-27,301349,信德新材,化学制品,-4.0840645
4632,4943,2025-01-27,586,汇源通信,通信设备,-4.085157
4633,688,2025-01-27,300927,江天化学,化学原料,-4.087205
4634,3166,2025-01-27,603214,爱婴室,商业百货,-4.0879664
4635,3033,2025-01-27,688327,云从科技-UW,软件开发,-4.0884385
4636,4812,2025-01-27,603228,景旺电子,电子元件,-4.099536
4637,3075,2025-01-27,688588,凌志软件,软件开发,-4.0999985
4638,2134,2025-01-27,2354,天娱数科,互联网服务,-4.102416
4639,3604,2025-01-27,688359,三孚新科,电子化学品,-4.10843
4640,2829,2025-01-27,300603,立昂技术,通信服务,-4.1103435
4641,3841,2025-01-27,2816,和科达,专用设备,-4.1114116
4642,1080,2025-01-27,2674,兴业科技,纺织服装,-4.1138005
4643,4659,2025-01-27,301503,智迪科技,消费电子,-4.1167936
4644,1673,2025-01-27,534,万泽股份,生物制品,-4.117962
4645,2660,2025-01-27,301591,肯特股份,塑料制品,-4.1240563
4646,4373,2025-01-27,605060,联德股份,通用设备,-4.1259193
4647,2955,2025-01-27,301208,中亦科技,软件开发,-4.1289544
4648,632,2025-01-27,301004,嘉益股份,家用轻工,-4.132246
4649,3351,2025-01-27,3004,声迅股份,计算机设备,-4.1338043
4650,3018,2025-01-27,301117,佳缘科技,软件开发,-4.137997
4651,3850,2025-01-27,603015,弘讯科技,专用设备,-4.14039
4652,2359,2025-01-27,605179,一鸣食品,食品饮料,-4.1453543
4653,2711,2025-01-27,688696,极米科技,家电行业,-4.1489196
4654,4197,2025-01-27,300161,华中数控,通用设备,-4.1500764
4655,3554,2025-01-27,301550,斯菱股份,汽车零部件,-4.150307
4656,3289,2025-01-27,1208,华菱线缆,电网设备,-4.1564054
4657,987,2025-01-27,300233,金城医药,化学制药,-4.1565733
4658,3941,2025-01-27,300790,宇瞳光学,光学光电子,-4.158655
4659,4341,2025-01-27,688433,华曙高科,通用设备,-4.1652822
4660,4079,2025-01-27,688686,奥普特,仪器仪表,-4.166836
4661,4023,2025-01-27,301511,德福科技,电池,-4.167272
4662,2982,2025-01-27,301213,观想科技,软件开发,-4.1689916
4663,4820,2025-01-27,300814,中富电路,电子元件,-4.1696334
4664,2642,2025-01-27,300806,斯迪克,塑料制品,-4.1698737
4665,4364,2025-01-27,300990,同飞股份,通用设备,-4.1792445
4666,3557,2025-01-27,300681,英搏尔,汽车零部件,-4.1803436
4667,2212,2025-01-27,688228,开普云,互联网服务,-4.181037
4668,3845,2025-01-27,2611,东方精工,专用设备,-4.1830697
4669,2023,2025-01-27,603045,福达合金,有色金属,-4.183702
4670,2221,2025-01-27,603881,数据港,互联网服务,-4.1894717
4671,2131,2025-01-27,2315,焦点科技,互联网服务,-4.1903315
4672,4662,2025-01-27,2843,泰嘉股份,消费电子,-4.190858
4673,2629,2025-01-27,301323,新莱福,塑料制品,-4.191614
4674,3995,2025-01-27,2850,科达利,电池,-4.192074
4675,2148,2025-01-27,300785,值得买,互联网服务,-4.196111
4676,666,2025-01-27,300703,创源股份,家用轻工,-4.1988354
4677,3118,2025-01-27,2127,南极电商,贸易行业,-4.20057
4678,3627,2025-01-27,2353,杰瑞股份,专用设备,-4.206458
4679,4350,2025-01-27,603617,君禾股份,通用设备,-4.2066298
4680,2856,2025-01-27,688685,迈信林,航天航空,-4.207004
4681,1622,2025-01-27,301230,泓博医药,生物制品,-4.2073174
4682,3586,2025-01-27,603089,正裕工业,汽车零部件,-4.209259
4683,3775,2025-01-27,603901,永创智能,专用设备,-4.211408
4684,3091,2025-01-27,300344,立方数科,软件开发,-4.2150984
4685,106,2025-01-27,603718,海利生物,农药兽药,-4.2199483
4686,508,2025-01-27,1366,播恩集团,农牧饲渔,-4.220397
4687,3564,2025-01-27,603305,旭升集团,汽车零部件,-4.2237267
4688,1699,2025-01-27,603332,苏州龙杰,化纤行业,-4.224823
4689,4190,2025-01-27,300716,泉为科技,光伏设备,-4.2250347
4690,3278,2025-01-27,301031,中熔电气,电网设备,-4.2267237
4691,3568,2025-01-27,300100,双林股份,汽车零部件,-4.229027
4692,739,2025-01-27,301286,侨源股份,化学原料,-4.229833
4693,4346,2025-01-27,603082,北自科技,通用设备,-4.2342567
4694,350,2025-01-27,1238,浙江正特,装修建材,-4.234527
4695,500,2025-01-27,600371,万向德农,农牧饲渔,-4.235255
4696,3952,2025-01-27,301205,联特科技,光学光电子,-4.2365055
4697,3131,2025-01-27,759,中百集团,商业百货,-4.242765
4698,636,2025-01-27,2899,英派斯,家用轻工,-4.2440133
4699,1086,2025-01-27,688701,卓锦股份,环保行业,-4.2450786
4700,2237,2025-01-27,300250,初灵信息,互联网服务,-4.2451916
4701,4206,2025-01-27,2795,永和智控,通用设备,-4.2464876
4702,2243,2025-01-27,603887,城地香江,互联网服务,-4.25122
4703,2596,2025-01-27,603221,爱丽家居,塑料制品,-4.255453
4704,4342,2025-01-27,301261,恒工精密,通用设备,-4.256607
4705,3298,2025-01-27,603070,万控智造,电网设备,-4.25839
4706,4351,2025-01-27,603269,海鸥股份,通用设备,-4.273592
4707,4077,2025-01-27,300354,东华测试,仪器仪表,-4.274649
4708,4687,2025-01-27,300115,长盈精密,消费电子,-4.277196
4709,4232,2025-01-27,890,法尔胜,通用设备,-4.2800097
4710,3590,2025-01-27,300580,贝斯特,汽车零部件,-4.2838798
4711,2241,2025-01-27,300738,奥飞数据,互联网服务,-4.285786
4712,2248,2025-01-27,301380,挖金客,互联网服务,-4.2896824
4713,4187,2025-01-27,688717,艾罗能源,光伏设备,-4.2984343
4714,3347,2025-01-27,300192,科德教育,教育,-4.298904
4715,1546,2025-01-27,10,美丽生态,工程建设,-4.300944
4716,3945,2025-01-27,300296,利亚德,光学光电子,-4.3014946
4717,4452,2025-01-27,2130,沃尔核材,非金属材料,-4.302074
4718,3853,2025-01-27,2837,英维克,专用设备,-4.306208
4719,3954,2025-01-27,688502,茂莱光学,光学光电子,-4.313225
4720,146,2025-01-27,600126,杭钢股份,钢铁行业,-4.317075
4721,2924,2025-01-27,688227,品高股份,软件开发,-4.317775
4722,1435,2025-01-27,2292,奥飞娱乐,文化传媒,-4.318296
4723,3810,2025-01-27,2979,雷赛智能,专用设备,-4.3217897
4724,360,2025-01-27,301429,森泰股份,装修建材,-4.32201
4725,2837,2025-01-27,688081,兴图新科,通信服务,-4.324012
4726,4814,2025-01-27,605058,澳弘电子,电子元件,-4.324493
4727,4189,2025-01-27,688390,固德威,光伏设备,-4.3461704
4728,4756,2025-01-27,600183,生益科技,电子元件,-4.3514752
4729,4821,2025-01-27,300476,胜宏科技,电子元件,-4.361905
4730,3827,2025-01-27,688698,伟创电气,专用设备,-4.366007
4731,3059,2025-01-27,688651,盛邦安全,软件开发,-4.367795
4732,2356,2025-01-27,603719,良品铺子,食品饮料,-4.368608
4733,2150,2025-01-27,2657,中科金财,互联网服务,-4.37149
4734,4367,2025-01-27,603278,大业股份,通用设备,-4.3728576
4735,988,2025-01-27,300436,广生堂,化学制药,-4.3756304
4736,1084,2025-01-27,603200,上海洗霸,环保行业,-4.388985
4737,1345,2025-01-27,681,视觉中国,文化传媒,-4.391443
4738,3086,2025-01-27,300561,汇金科技,软件开发,-4.3976903
4739,102,2025-01-27,600397,安源煤业,煤炭行业,-4.4098487
4740,3301,2025-01-27,2358,森源电气,电网设备,-4.4117107
4741,3052,2025-01-27,688031,星环科技-U,软件开发,-4.412264
4742,4976,2025-01-27,3021,兆威机电,电机,-4.4139395
4743,3369,2025-01-27,977,浪潮信息,计算机设备,-4.414369
4744,4860,2025-01-27,600734,实达集团,通信设备,-4.419561
4745,612,2025-01-27,2117,东港股份,造纸印刷,-4.421837
4746,4702,2025-01-27,605277,新亚电子,消费电子,-4.423726
4747,3812,2025-01-27,603666,亿嘉和,专用设备,-4.4381866
4748,4805,2025-01-27,301413,安培龙,电子元件,-4.4455576
4749,4426,2025-01-27,2945,华林证券,证券,-4.4575706
4750,2911,2025-01-27,1236,弘业期货,多元金融,-4.458569
4751,475,2025-01-27,600052,东望时代,公用事业,-4.4624805
4752,2114,2025-01-27,300113,顺网科技,游戏,-4.4651737
4753,3391,2025-01-27,688208,道通科技,计算机设备,-4.4700174
4754,2353,2025-01-27,600186,莲花控股,食品饮料,-4.471807
4755,3587,2025-01-27,603950,长源东谷,汽车零部件,-4.4733763
4756,3414,2025-01-27,688071,华依科技,汽车零部件,-4.473412
4757,3804,2025-01-27,301199,迈赫股份,专用设备,-4.478215
4758,2183,2025-01-27,300248,新开普,互联网服务,-4.479077
4759,3181,2025-01-27,2112,三变科技,电网设备,-4.480513
4760,4354,2025-01-27,1306,夏厦精密,通用设备,-4.480823
4761,2681,2025-01-27,688475,萤石网络,家电行业,-4.4808445
4762,4457,2025-01-27,688286,敏芯股份,半导体,-4.481899
4763,3556,2025-01-27,301192,泰祥股份,汽车零部件,-4.4988537
4764,4700,2025-01-27,300843,胜蓝股份,消费电子,-4.5036087
4765,4690,2025-01-27,603296,华勤技术,消费电子,-4.505401
4766,4268,2025-01-27,2514,宝馨科技,通用设备,-4.517103
4767,4083,2025-01-27,688320,禾川科技,仪器仪表,-4.5223875
4768,4482,2025-01-27,688049,炬芯科技,半导体,-4.5233784
4769,3857,2025-01-27,301018,申菱环境,专用设备,-4.530019
4770,4854,2025-01-27,601869,长飞光纤,通信设备,-4.5317607
4771,4353,2025-01-27,301202,朗威股份,通用设备,-4.5333004
4772,2589,2025-01-27,603615,茶花股份,塑料制品,-4.536192
4773,4024,2025-01-27,2245,蔚蓝锂芯,电池,-4.550717
4774,1970,2025-01-27,2319,乐通股份,化学制品,-4.5513353
4775,3851,2025-01-27,600579,中化装备,专用设备,-4.553639
4776,625,2025-01-24,300839,博汇股份,石油行业,-4.553755
4777,743,2025-01-27,603880,南卫股份,医疗器械,-4.5579834
4778,2775,2025-01-27,2811,郑中设计,专业服务,-4.5591955
4779,1349,2025-01-27,300781,因赛集团,文化传媒,-4.5595465
4780,262,2025-01-27,600868,梅雁吉祥,电力行业,-4.5691204
4781,1737,2025-01-27,600673,东阳光,综合行业,-4.575572
4782,2977,2025-01-27,300624,万兴科技,软件开发,-4.5956216
4783,3288,2025-01-27,301310,鑫宏业,电网设备,-4.602209
4784,3948,2025-01-27,300708,聚灿光电,光学光电子,-4.603652
4785,2851,2025-01-27,2148,北纬科技,通信服务,-4.609568
4786,2854,2025-01-27,300921,南凌科技,通信服务,-4.6154437
4787,2920,2025-01-27,603039,泛微网络,软件开发,-4.617169
4788,2159,2025-01-27,301396,宏景科技,互联网服务,-4.626167
4789,4581,2025-01-27,688372,伟测科技,半导体,-4.6277037
4790,3394,2025-01-27,301157,华塑科技,计算机设备,-4.628653
4791,2232,2025-01-27,688258,卓易信息,互联网服务,-4.6294174
4792,2773,2025-01-27,300938,信测标准,专业服务,-4.643196
4793,2739,2025-01-27,2076,星光股份,家电行业,-4.6492352
4794,997,2025-01-27,605080,浙江自然,纺织服装,-4.650468
4795,3088,2025-01-27,300333,兆日科技,软件开发,-4.655572
4796,2638,2025-01-27,301000,肇民科技,塑料制品,-4.663349
4797,3569,2025-01-27,600480,凌云股份,汽车零部件,-4.6761956
4798,4472,2025-01-27,688332,中科蓝讯,半导体,-4.678206
4799,4847,2025-01-27,300693,盛弘股份,电源设备,-4.680685
4800,4944,2025-01-27,603042,华脉科技,通信设备,-4.6828327
4801,4804,2025-01-27,688322,奥比中光-UW,电子元件,-4.689519
4802,4974,2025-01-27,300660,江苏雷利,电机,-4.6902447
4803,578,2025-01-27,603499,翔港科技,造纸印刷,-4.6914673
4804,2744,2025-01-27,300403,汉宇集团,家电行业,-4.693533
4805,2187,2025-01-27,300592,华凯易佰,互联网服务,-4.6960053
4806,3396,2025-01-27,603809,豪能股份,汽车零部件,-4.69678
4807,4027,2025-01-27,2733,雄韬股份,电池,-4.7015624
4808,1890,2025-01-23,688350,富淼科技,化学制品,-4.7092743
4809,1977,2025-01-27,2379,宏创控股,有色金属,-4.711267
4810,2974,2025-01-27,300925,法本信息,软件开发,-4.7187414
4811,4609,2025-01-27,2881,美格智能,消费电子,-4.7192297
4812,3630,2025-01-27,2757,南兴股份,专用设备,-4.741583
4813,3589,2025-01-27,603166,福达股份,汽车零部件,-4.7459817
4814,4366,2025-01-27,301368,丰立智能,通用设备,-4.7506237
4815,3420,2025-01-27,601689,拓普集团,汽车零部件,-4.756979
4816,4607,2025-01-27,688048,长光华芯,半导体,-4.7597313
4817,4852,2025-01-27,300870,欧陆通,电源设备,-4.774069
4818,2207,2025-01-27,301171,易点天下,互联网服务,-4.775096
4819,3089,2025-01-27,301315,威士顿,软件开发,-4.782665
4820,3854,2025-01-27,2779,中坚科技,专用设备,-4.78307
4821,1428,2025-01-27,300071,福石控股,文化传媒,-4.78529
4822,4082,2025-01-27,603662,柯力传感,仪器仪表,-4.788583
4823,989,2025-01-27,2923,润都股份,化学制药,-4.797126
4824,4436,2025-01-27,603119,浙江荣泰,非金属材料,-4.8043327
4825,4603,2025-01-27,688123,聚辰股份,半导体,-4.812929
4826,2951,2025-01-27,603859,能科科技,软件开发,-4.813017
4827,2723,2025-01-27,2420,毅昌科技,家电行业,-4.8148103
4828,3302,2025-01-27,301439,泓淋电力,电网设备,-4.8220267
4829,4368,2025-01-27,688017,绿的谐波,通用设备,-4.849467
4830,4203,2025-01-27,300488,恒锋工具,通用设备,-4.867907
4831,2253,2025-01-27,300399,天利科技,互联网服务,-4.874297
4832,4945,2025-01-27,603803,瑞斯康达,通信设备,-4.879728
4833,4608,2025-01-27,688766,普冉股份,半导体,-4.8989096
4834,3177,2025-01-27,600693,东百集团,商业百货,-4.907862
4835,3816,2025-01-27,688290,景业智能,专用设备,-4.9166903
4836,2943,2025-01-27,688038,中科通达,软件开发,-4.9300466
4837,3422,2025-01-27,300733,西菱动力,汽车零部件,-4.9305544
4838,330,2025-01-27,603226,菲林格尔,装修建材,-4.9322085
4839,4462,2025-01-27,1309,德明利,半导体,-4.939915
4840,1577,2025-01-27,603272,联翔股份,装修装饰,-4.9524283
4841,2928,2025-01-27,688369,致远互联,软件开发,-4.972353
4842,2217,2025-01-27,688365,光云科技,互联网服务,-4.9894137
4843,3072,2025-01-27,688343,云天励飞-U,软件开发,-4.989845
4844,1077,2025-01-27,603665,康隆达,纺织服装,-4.9947066
4845,4610,2025-01-27,301318,维海德,消费电子,-5.0122395
4846,4939,2025-01-27,688159,有方科技,通信设备,-5.01454
4847,4604,2025-01-27,688279,峰岹科技,半导体,-5.0288763
4848,4781,2025-01-27,2384,东山精密,电子元件,-5.0558763
4849,4085,2025-01-27,300835,龙磁科技,小金属,-5.069023
4850,3571,2025-01-27,3033,征和工业,汽车零部件,-5.071903
4851,3934,2025-01-27,688010,福光股份,光学光电子,-5.0753226
4852,3594,2025-01-27,603286,日盈电子,汽车零部件,-5.0798826
4853,2137,2025-01-27,301110,青木科技,互联网服务,-5.0808883
4854,3337,2025-01-27,300010,豆神教育,教育,-5.0952544
4855,4950,2025-01-27,688668,鼎通科技,通信设备,-5.105744
4856,3395,2025-01-27,300652,雷迪克,汽车零部件,-5.113473
4857,4361,2025-01-27,688577,浙海德曼,通用设备,-5.1272774
4858,4597,2025-01-27,688486,龙迅股份,半导体,-5.1500044
4859,4084,2025-01-27,300007,汉威科技,仪器仪表,-5.151639
4860,2231,2025-01-27,300496,中科创达,互联网服务,-5.1583185
4861,3346,2025-01-27,300688,创业黑马,教育,-5.1613836
4862,362,2025-01-27,300715,凯伦股份,装修建材,-5.1666923
4863,3304,2025-01-27,533,顺钠股份,电网设备,-5.185991
4864,4807,2025-01-27,1389,广合科技,电子元件,-5.189675
4865,1346,2025-01-27,600936,广西广电,文化传媒,-5.1930842
4866,2141,2025-01-27,600410,华胜天成,互联网服务,-5.2241535
4867,2361,2025-01-27,2582,好想你,食品饮料,-5.226592
4868,2923,2025-01-27,301556,托普云农,软件开发,-5.229204
4869,2251,2025-01-27,300017,网宿科技,互联网服务,-5.2323008
4870,1082,2025-01-27,300055,万邦达,环保行业,-5.2386365
4871,3585,2025-01-27,300680,隆盛科技,汽车零部件,-5.242088
4872,741,2025-01-27,301076,新瀚新材,化学原料,-5.256632
4873,3858,2025-01-27,3015,日久光电,光学光电子,-5.259828
4874,2122,2025-01-27,301299,卓创资讯,互联网服务,-5.265453
4875,2126,2025-01-27,605398,新炬网络,互联网服务,-5.27421
4876,1439,2025-01-27,300987,川网传媒,文化传媒,-5.2865086
4877,2042,2025-01-27,600255,鑫科材料,有色金属,-5.3004956
4878,1565,2025-01-27,1267,汇绿生态,工程建设,-5.3011336
4879,3622,2025-01-27,301512,智信精密,专用设备,-5.3264866
4880,2252,2025-01-27,300383,光环新网,互联网服务,-5.355444
4881,3087,2025-01-27,300465,高伟达,软件开发,-5.3631415
4882,2247,2025-01-27,301001,凯淳股份,互联网服务,-5.3728523
4883,4328,2025-01-27,300984,金沃股份,通用设备,-5.4062657
4884,2254,2025-01-27,688229,博睿数据,互联网服务,-5.457634
4885,2929,2025-01-27,300608,思特奇,软件开发,-5.471065
4886,2776,2025-01-27,603129,春风动力,交运设备,-5.479768
4887,4372,2025-01-27,603915,国茂股份,通用设备,-5.496164
4888,3826,2025-01-27,688160,步科股份,专用设备,-5.4963365
4889,4823,2025-01-27,688800,瑞可达,电子元件,-5.5210524
4890,4605,2025-01-27,688661,和林微纳,半导体,-5.5493064
4891,4789,2025-01-27,2729,好利科技,电子元件,-5.561054
4892,4455,2025-01-27,688608,恒玄科技,半导体,-5.566557
4893,4848,2025-01-27,2364,中恒电气,电源设备,-5.5681725
4894,2588,2025-01-27,300980,祥源新材,塑料制品,-5.5880704
4895,1350,2025-01-27,603729,龙韵股份,文化传媒,-5.6199617
4896,3393,2025-01-27,603516,淳中科技,计算机设备,-5.628631
4897,4369,2025-01-27,880,潍柴重机,通用设备,-5.651887
4898,2121,2025-01-27,300766,每日互动,互联网服务,-5.7050905
4899,2206,2025-01-27,688088,虹软科技,互联网服务,-5.715652
4900,3847,2025-01-27,688400,凌云光,专用设备,-5.719472
4901,4704,2025-01-27,300857,协创数据,消费电子,-5.7215757
4902,2662,2025-01-27,688716,中研股份,塑料制品,-5.722602
4903,2127,2025-01-27,2530,金财互联,互联网服务,-5.7813025
4904,499,2025-01-27,301498,乖宝宠物,农牧饲渔,-5.784262
4905,3960,2025-01-27,627,天茂集团,保险,-5.7938123
4906,4480,2025-01-27,300458,全志科技,半导体,-5.7946496
4907,1083,2025-01-27,2973,侨银股份,环保行业,-5.7962866
4908,3673,2025-01-14,300307,慈星股份,专用设备,-5.833182
4909,4855,2025-01-27,603236,移远通信,通信设备,-5.8718705
4910,1974,2025-01-27,2453,华软科技,化学制品,-5.8733387
4911,4713,2025-01-27,301383,天键股份,电子元件,-5.8753824
4912,2936,2025-01-27,300378,鼎捷数智,软件开发,-5.9180856
4913,4454,2025-01-27,603068,博通集成,半导体,-5.918551
4914,4846,2025-01-27,300153,科泰电源,电源设备,-5.91899
4915,3085,2025-01-27,688095,福昕软件,软件开发,-5.9197555
4916,511,2025-01-27,300972,万辰集团,农牧饲渔,-5.9975333
4917,1693,2025-01-27,2629,仁智股份,采掘行业,-6.0204563
4918,4370,2025-01-27,2965,祥鑫科技,通用设备,-6.056337
4919,2663,2025-01-27,301061,匠心家居,家电行业,-6.0948367
4920,3182,2025-01-27,300222,科大智能,电网设备,-6.0951414
4921,2586,2025-01-27,301356,天振股份,塑料制品,-6.1282
4922,4204,2025-01-27,603308,应流股份,通用设备,-6.149105
4923,4036,2025-01-27,688622,禾信仪器,仪器仪表,-6.180513
4924,4463,2025-01-27,301536,星宸科技,半导体,-6.1911054
4925,2960,2025-01-27,688615,合合信息,软件开发,-6.2133656
4926,3595,2025-01-27,301397,溯联股份,汽车零部件,-6.223114
4927,4935,2025-01-27,300548,博创科技,通信设备,-6.233897
4928,3545,2025-01-27,2265,建设工业,汽车零部件,-6.270843
4929,4824,2025-01-27,301628,强达电路,电子元件,-6.2902
4930,2172,2025-01-27,300442,润泽科技,互联网服务,-6.2912726
4931,3973,2025-01-27,300953,震裕科技,电池,-6.310378
4932,3245,2025-01-27,688226,威腾电气,电网设备,-6.313172
4933,635,2025-01-27,2862,实丰文化,家用轻工,-6.3221164
4934,3090,2025-01-27,300249,依米康,软件开发,-6.3356066
4935,2921,2025-01-27,301248,杰创智能,软件开发,-6.3596716
4936,4198,2025-01-27,2896,中大力德,通用设备,-6.36527
4937,4487,2025-01-27,688018,乐鑫科技,半导体,-6.38671
4938,3553,2025-01-27,1282,三联锻造,汽车零部件,-6.4128675
4939,322,2025-01-27,2718,友邦吊顶,装修建材,-6.450147
4940,4459,2025-01-27,688220,翱捷科技-U,半导体,-6.5138416
4941,3334,2025-01-27,603063,禾望电气,风电设备,-6.5161524
4942,1827,2025-01-27,301220,亚香股份,化学制品,-6.5540075
4943,3122,2025-01-27,300493,润欣科技,贸易行业,-6.5931892
4944,4924,2025-01-27,300570,太辰光,通信设备,-6.607086
4945,3968,2025-01-27,301210,金杨股份,电池,-6.6451893
4946,642,2025-01-27,301336,趣睡科技,家用轻工,-6.646879
4947,1347,2025-01-27,300654,世纪天鸿,文化传媒,-6.6622367
4948,3824,2025-01-27,688255,凯尔达,专用设备,-6.7261295
4949,4951,2025-01-27,688313,仕佳光子,通信设备,-6.7420936
4950,1975,2025-01-27,2917,金奥博,化学制品,-6.783953
4951,3179,2025-01-27,882,华联股份,商业百货,-6.8056517
4952,4374,2025-01-27,603667,五洲新春,通用设备,-6.834019
4953,3951,2025-01-27,688205,德科立,光学光电子,-6.8733244
4954,1359,2025-01-27,603598,引力传媒,文化传媒,-6.977453
4955,2375,2025-01-27,300547,川环科技,橡胶制品,-7.161767
4956,4825,2025-01-27,688143,长盈通,电子元件,-7.1816354
4957,1976,2025-01-27,300697,电工合金,有色金属,-7.2205186
4958,4453,2025-01-27,688620,安凯微,半导体,-7.35092
4959,3397,2025-01-27,605018,长华集团,汽车零部件,-7.4250846
4960,498,2025-01-27,600191,华资实业,农牧饲渔,-7.505128
4961,4876,2025-01-27,300638,广和通,通信设备,-7.544005
4962,4644,2025-01-27,2861,瀛通通讯,消费电子,-7.5483074
4963,2123,2025-01-27,300634,彩讯股份,互联网服务,-7.54952
4964,4456,2025-01-27,603893,瑞芯微,半导体,-7.5528936
4965,3593,2025-01-27,603211,晋拓股份,汽车零部件,-7.6791787
4966,2140,2025-01-27,688787,海天瑞声,互联网服务,-7.768932
4967,994,2025-01-27,300840,酷特智能,纺织服装,-7.9794326
4968,2605,2025-01-27,605488,福莱新材,塑料制品,-8.296653
4969,2918,2025-01-27,300996,普联软件,软件开发,-8.980123
4970,2528,2025-01-27,300718,长盛轴承,工程机械,-9.047452
4971,3624,2025-01-27,2691,冀凯股份,专用设备,-9.113242
4972,2661,2025-01-27,603928,兴业股份,塑料制品,-9.475731
4973,2446,2025-01-27,573,粤宏远Ａ,房地产开发,-9.716535
4974,2156,2025-01-27,300170,汉得信息,互联网服务,-10.060523
4975,3843,2025-01-27,2730,电光科技,专用设备,-11.121621
4976,3623,2025-01-27,856,冀东装备,专用设备,-11.64722
