,Datetime,code,name,expext
0,2025-01-27,603398,沐邦高科,0.2127111
1,2025-01-27,300344,立方数科,0.20853058
2,2025-01-27,603777,来伊份,0.19352654
3,2025-01-27,668,荣丰控股,0.18635663
4,2025-01-23,300344,立方数科,0.18302402
5,2025-01-27,2496,辉丰股份,0.17583317
6,2025-01-27,856,冀东装备,0.1747585
7,2025-01-24,688143,长盈通,0.17457265
8,2025-01-23,856,冀东装备,0.17089745
9,2025-01-27,600892,大晟文化,0.1697546
10,2025-01-27,300857,协创数据,0.1627073
11,2025-01-23,603838,四通股份,0.15731394
12,2025-01-27,603261,立航科技,0.15707502
13,2025-01-24,605033,美邦股份,0.15493035
14,2025-01-24,301248,杰创智能,0.15150467
15,2025-01-23,301310,鑫宏业,0.1507445
16,2025-01-24,301397,溯联股份,0.15004894
17,2025-01-27,1270,铖昌科技,0.14954725
18,2025-01-24,300688,创业黑马,0.1488902
19,2025-01-27,600128,苏豪弘业,0.14883482
20,2025-01-27,300634,彩讯股份,0.14873028
21,2025-01-24,688229,博睿数据,0.14801067
22,2025-01-27,300249,依米康,0.1476737
23,2025-01-27,600539,狮头股份,0.14766979
24,2025-01-27,2691,冀凯股份,0.14744803
25,2025-01-24,668,荣丰控股,0.1467121
26,2025-01-27,2253,川大智胜,0.14563453
27,2025-01-24,2122,汇洲智能,0.14555213
28,2025-01-24,688590,新致软件,0.14513463
29,2025-01-23,605162,新中港,0.1446085
30,2025-01-27,16,深康佳Ａ,0.14423907
31,2025-01-24,2529,海源复材,0.1438061
32,2025-01-23,2857,三晖电气,0.14210823
33,2025-01-24,688228,开普云,0.14197198
34,2025-01-27,300902,国安达,0.14046732
35,2025-01-27,605033,美邦股份,0.14019611
36,2025-01-27,2418,康盛股份,0.14007252
37,2025-01-27,301512,智信精密,0.13996002
38,2025-01-23,2358,森源电气,0.13948056
39,2025-01-23,603398,沐邦高科,0.13943636
40,2025-01-24,300391,长药控股,0.13914105
41,2025-01-24,600243,青海华鼎,0.13913697
42,2025-01-24,301396,宏景科技,0.1387868
43,2025-01-24,600539,狮头股份,0.13861707
44,2025-01-24,688031,星环科技-U,0.13859159
45,2025-01-27,300159,新研股份,0.13827321
46,2025-01-24,688522,纳睿雷达,0.1376341
47,2025-01-27,691,亚太实业,0.1374008
48,2025-01-23,736,中交地产,0.13627833
49,2025-01-13,300307,慈星股份,0.13627648
50,2025-01-24,603398,沐邦高科,0.1362747
51,2025-01-24,300250,初灵信息,0.13623443
52,2025-01-24,3033,征和工业,0.13593039
53,2025-01-27,301248,杰创智能,0.13592696
54,2025-01-24,300654,世纪天鸿,0.1356948
55,2025-01-27,600076,康欣新材,0.13513699
56,2025-01-24,1270,铖昌科技,0.13512799
57,2025-01-14,300307,慈星股份,0.1347737
58,2025-01-24,300378,鼎捷数智,0.13447526
59,2025-01-24,600130,波导股份,0.13361174
60,2025-01-27,688620,安凯微,0.13347775
61,2025-01-27,759,中百集团,0.13347137
62,2025-01-27,600130,波导股份,0.13244969
63,2025-01-24,600238,海南椰岛,0.13172826
64,2025-01-24,736,中交地产,0.1315831
65,2025-01-24,300496,中科创达,0.12991822
66,2025-01-23,688143,长盈通,0.12986332
67,2025-01-27,301356,天振股份,0.12975827
68,2025-01-24,688290,景业智能,0.12947223
69,2025-01-24,603286,日盈电子,0.12885696
70,2025-01-27,2816,和科达,0.12862426
71,2025-01-23,668,荣丰控股,0.12840056
72,2025-01-23,1208,华菱线缆,0.12784448
73,2025-01-27,600228,返利科技,0.12770098
74,2025-01-27,688229,博睿数据,0.1276266
75,2025-01-23,300987,川网传媒,0.12761027
76,2025-01-27,300654,世纪天鸿,0.12754998
77,2025-01-23,301600,慧翰股份,0.12717229
78,2025-01-24,300608,思特奇,0.12717089
79,2025-01-23,600130,波导股份,0.12716237
80,2025-01-27,2848,高斯贝尔,0.1270864
81,2025-01-27,300996,普联软件,0.12707496
82,2025-01-23,301413,安培龙,0.12697253
83,2025-01-24,688326,经纬恒润-W,0.12690839
84,2025-01-23,603042,华脉科技,0.12671793
85,2025-01-23,605018,长华集团,0.12659204
86,2025-01-27,890,法尔胜,0.12629941
87,2025-01-27,2529,海源复材,0.12625659
88,2025-01-27,603928,兴业股份,0.1258227
89,2025-01-27,300333,兆日科技,0.12576166
90,2025-01-23,2917,金奥博,0.12572598
91,2025-01-27,600243,青海华鼎,0.12541947
92,2025-01-24,2306,中科云网,0.12527981
93,2025-01-27,4,国华网安,0.12525272
94,2025-01-27,736,中交地产,0.12521386
95,2025-01-24,300634,彩讯股份,0.12486872
96,2025-01-23,301315,威士顿,0.12443504
97,2025-01-24,603211,晋拓股份,0.12421429
98,2025-01-23,300399,天利科技,0.12413183
99,2025-01-27,300055,万邦达,0.12403548
100,2025-01-24,688333,铂力特,0.12348321
101,2025-01-24,603687,大胜达,0.1227864
102,2025-01-24,600228,返利科技,0.1221405
103,2025-01-24,16,深康佳Ａ,0.12181714
104,2025-01-24,603777,来伊份,0.12171036
105,2025-01-23,600243,青海华鼎,0.12147263
106,2025-01-23,1270,铖昌科技,0.121356755
107,2025-01-27,2122,汇洲智能,0.12126508
108,2025-01-27,603682,锦和商管,0.12109253
109,2025-01-24,691,亚太实业,0.12072685
110,2025-01-27,300093,金刚光伏,0.11907908
111,2025-01-24,759,中百集团,0.118864655
112,2025-01-24,300465,高伟达,0.11865732
113,2025-01-27,2306,中科云网,0.11861628
114,2025-01-23,2691,冀凯股份,0.11853725
115,2025-01-27,816,智慧农业,0.11825326
116,2025-01-24,300017,网宿科技,0.1182054
117,2025-01-27,301286,侨源股份,0.11780089
118,2025-01-27,2789,建艺集团,0.11771071
119,2025-01-27,300391,长药控股,0.116766006
120,2025-01-23,2418,康盛股份,0.11602038
121,2025-01-24,600636,国新文化,0.115763426
122,2025-01-27,600421,华嵘控股,0.11565429
123,2025-01-23,605033,美邦股份,0.11548945
124,2025-01-23,2184,海得控制,0.114494145
125,2025-01-24,2861,瀛通通讯,0.114436865
126,2025-01-24,300159,新研股份,0.114194214
127,2025-01-24,681,视觉中国,0.113768846
128,2025-01-27,688143,长盈通,0.11357787
129,2025-01-23,300996,普联软件,0.113263935
130,2025-01-27,2820,桂发祥,0.11316794
131,2025-01-23,691,亚太实业,0.11312848
132,2025-01-27,301511,德福科技,0.11307219
133,2025-01-23,300840,酷特智能,0.112948686
134,2025-01-27,600238,海南椰岛,0.11238229
135,2025-01-23,4,国华网安,0.11227766
136,2025-01-27,603789,星光农机,0.11190787
137,2025-01-24,300840,酷特智能,0.111875534
138,2025-01-23,688160,步科股份,0.11164373
139,2025-01-23,882,华联股份,0.11125392
140,2025-01-27,301030,仕净科技,0.11110455
141,2025-01-27,627,天茂集团,0.11089283
142,2025-01-27,300222,科大智能,0.10950482
143,2025-01-27,600556,天下秀,0.10949254
144,2025-01-23,759,中百集团,0.10859564
145,2025-01-27,688426,康为世纪,0.108504444
146,2025-01-27,301315,威士顿,0.1084525
147,2025-01-27,300959,线上线下,0.10810596
148,2025-01-23,600421,华嵘控股,0.108064234
149,2025-01-24,2789,建艺集团,0.10801315
150,2025-01-27,300499,高澜股份,0.10762885
151,2025-01-27,300652,雷迪克,0.10757533
152,2025-01-23,300159,新研股份,0.10752973
153,2025-01-24,4,国华网安,0.107449144
154,2025-01-23,300830,金现代,0.10735777
155,2025-01-24,600128,苏豪弘业,0.1073302
156,2025-01-24,2418,康盛股份,0.10729787
157,2025-01-27,2199,东晶电子,0.10707319
158,2025-01-24,300624,万兴科技,0.106983185
159,2025-01-23,2729,好利科技,0.10693991
160,2025-01-27,605179,一鸣食品,0.106624305
161,2025-01-24,688327,云从科技-UW,0.1065214
162,2025-01-24,605069,正和生态,0.10599315
163,2025-01-27,600811,东方集团,0.10561615
164,2025-01-27,300608,思特奇,0.105427295
165,2025-01-23,600238,海南椰岛,0.10536054
166,2025-01-23,600936,广西广电,0.10527256
167,2025-01-23,300660,江苏雷利,0.10525185
168,2025-01-27,716,黑芝麻,0.1051549
169,2025-01-23,688390,固德威,0.1051282
170,2025-01-27,600778,友好集团,0.10505837
171,2025-01-27,300561,汇金科技,0.10503355
172,2025-01-24,688085,三友医疗,0.104690194
173,2025-01-24,820,神雾节能,0.104677916
174,2025-01-23,300827,上能电气,0.10458845
175,2025-01-27,600358,国旅联合,0.104456276
176,2025-01-27,793,华闻集团,0.104424685
177,2025-01-24,300822,贝仕达克,0.104227155
178,2025-01-24,816,智慧农业,0.10416034
179,2025-01-27,300792,壹网壹创,0.103811026
180,2025-01-27,2058,威尔泰,0.103550464
181,2025-01-24,603101,汇嘉时代,0.10333449
182,2025-01-23,2861,瀛通通讯,0.10286376
183,2025-01-24,2853,皮阿诺,0.10283658
184,2025-01-24,300996,普联软件,0.102535576
185,2025-01-23,2625,光启技术,0.102375895
186,2025-01-27,600858,银座股份,0.10232571
187,2025-01-27,2453,华软科技,0.10197008
188,2025-01-24,688429,时创能源,0.10185081
189,2025-01-24,301600,慧翰股份,0.101736456
190,2025-01-23,2199,东晶电子,0.10169226
191,2025-01-24,2199,东晶电子,0.101334006
192,2025-01-23,600579,中化装备,0.10122585
193,2025-01-24,2718,友邦吊顶,0.10114473
194,2025-01-24,688656,浩欧博,0.10111874
195,2025-01-23,632,三木集团,0.10104284
196,2025-01-27,600052,东望时代,0.101022005
197,2025-01-27,300716,泉为科技,0.10094029
198,2025-01-23,300170,汉得信息,0.1009025
199,2025-01-24,300344,立方数科,0.100854814
200,2025-01-27,605018,长华集团,0.10078615
201,2025-01-23,2253,川大智胜,0.10040343
202,2025-01-27,826,启迪环境,0.10027927
203,2025-01-27,301288,清研环境,0.100195825
204,2025-01-23,300010,豆神教育,0.10018113
205,2025-01-24,688369,致远互联,0.10007191
206,2025-01-27,300071,福石控股,0.10000697
207,2025-01-27,688716,中研股份,0.09991565
208,2025-01-24,600421,华嵘控股,0.09984434
209,2025-01-23,301511,德福科技,0.099592626
210,2025-01-23,600778,友好集团,0.099583626
211,2025-01-27,300127,银河磁体,0.09954968
212,2025-01-24,605018,长华集团,0.099514574
213,2025-01-27,300853,申昊科技,0.09950611
214,2025-01-27,603015,弘讯科技,0.09931758
215,2025-01-23,688426,康为世纪,0.099306464
216,2025-01-27,300399,天利科技,0.09911907
217,2025-01-23,659,珠海中富,0.09890166
218,2025-01-23,603717,天域生物,0.09885731
219,2025-01-27,2667,威领股份,0.09867433
220,2025-01-23,2789,建艺集团,0.098327726
221,2025-01-23,816,智慧农业,0.098082244
222,2025-01-24,300226,上海钢联,0.09796217
223,2025-01-27,688165,埃夫特-U,0.097928524
224,2025-01-27,688095,福昕软件,0.09785944
225,2025-01-23,300377,赢时胜,0.09785563
226,2025-01-24,300785,值得买,0.09773585
227,2025-01-23,300248,新开普,0.09767786
228,2025-01-23,300422,博世科,0.097608
229,2025-01-27,688408,中信博,0.097604126
230,2025-01-24,688313,仕佳光子,0.097433805
231,2025-01-27,300493,润欣科技,0.097408056
232,2025-01-24,688426,康为世纪,0.09718704
233,2025-01-27,688362,甬矽电子,0.097106755
234,2025-01-24,300071,福石控股,0.097087115
235,2025-01-24,688400,凌云光,0.09708455
236,2025-01-24,603042,华脉科技,0.096952975
237,2025-01-27,600187,国中水务,0.09689239
238,2025-01-23,688717,艾罗能源,0.09672156
239,2025-01-27,2265,建设工业,0.096644014
240,2025-01-23,600355,精伦电子,0.096366525
241,2025-01-27,301397,溯联股份,0.096075594
242,2025-01-27,600191,华资实业,0.096037745
243,2025-01-27,301018,申菱环境,0.09601617
244,2025-01-23,688651,盛邦安全,0.09588513
245,2025-01-27,688053,思科瑞,0.095870644
246,2025-01-24,600811,东方集团,0.095757484
247,2025-01-24,603665,康隆达,0.09562755
248,2025-01-24,300296,利亚德,0.09560111
249,2025-01-27,603729,龙韵股份,0.09494066
250,2025-01-24,600355,精伦电子,0.094725996
251,2025-01-27,603598,引力传媒,0.09449127
252,2025-01-27,301001,凯淳股份,0.09442815
253,2025-01-24,1282,三联锻造,0.0943692
254,2025-01-23,300835,龙磁科技,0.09426835
255,2025-01-27,301600,慧翰股份,0.09414953
256,2025-01-24,2575,群兴玩具,0.09348962
257,2025-01-24,688258,卓易信息,0.09329486
258,2025-01-24,2253,川大智胜,0.093274236
259,2025-01-27,300607,拓斯达,0.09321487
260,2025-01-27,300840,酷特智能,0.09320018
261,2025-01-24,1330,博纳影业,0.092995346
262,2025-01-23,603777,来伊份,0.09272939
263,2025-01-24,2496,辉丰股份,0.09272644
264,2025-01-27,301157,华塑科技,0.09270969
265,2025-01-24,688118,普元信息,0.092498064
266,2025-01-24,603021,山东华鹏,0.09240866
267,2025-01-27,2640,跨境通,0.09235245
268,2025-01-24,301000,肇民科技,0.09227574
269,2025-01-27,600714,金瑞矿业,0.09224257
270,2025-01-24,2453,华软科技,0.092237025
271,2025-01-27,2733,雄韬股份,0.09213221
272,2025-01-24,603666,亿嘉和,0.09199974
273,2025-01-24,600734,实达集团,0.09188235
274,2025-01-24,300556,丝路视觉,0.09175342
275,2025-01-27,573,粤宏远Ａ,0.09161359
276,2025-01-27,600446,金证股份,0.0915893
277,2025-01-24,688511,天微电子,0.091498256
278,2025-01-24,300276,三丰智能,0.091241896
279,2025-01-24,620,新华联,0.09118268
280,2025-01-27,10,美丽生态,0.090646386
281,2025-01-27,600636,国新文化,0.09062439
282,2025-01-24,301205,联特科技,0.090557754
283,2025-01-23,603389,亚振家居,0.09050417
284,2025-01-24,301261,恒工精密,0.09037992
285,2025-01-27,300242,佳云科技,0.090271175
286,2025-01-27,1236,弘业期货,0.09017983
287,2025-01-23,300561,汇金科技,0.090162605
288,2025-01-23,2816,和科达,0.089972675
289,2025-01-23,2830,名雕股份,0.089961916
290,2025-01-24,2599,盛通股份,0.08983213
291,2025-01-23,300499,高澜股份,0.08982581
292,2025-01-27,600693,东百集团,0.08980152
293,2025-01-24,2439,启明星辰,0.08960715
294,2025-01-23,688787,海天瑞声,0.08958313
295,2025-01-27,600355,精伦电子,0.08952114
296,2025-01-27,688511,天微电子,0.0895153
297,2025-01-23,603682,锦和商管,0.08936605
298,2025-01-27,600405,动力源,0.08925229
299,2025-01-27,301318,维海德,0.08921695
300,2025-01-23,300547,川环科技,0.08920771
301,2025-01-23,2193,如意集团,0.089175016
302,2025-01-27,600889,南京化纤,0.08911669
303,2025-01-27,2693,双成药业,0.08908254
304,2025-01-27,688502,茂莱光学,0.08907208
305,2025-01-23,688085,三友医疗,0.08900297
306,2025-01-24,300113,顺网科技,0.08897689
307,2025-01-27,300161,华中数控,0.088972956
308,2025-01-27,300377,赢时胜,0.0889374
309,2025-01-23,300902,国安达,0.08885679
310,2025-01-23,600228,返利科技,0.08883262
311,2025-01-27,419,通程控股,0.088664144
312,2025-01-27,600734,实达集团,0.08862889
313,2025-01-24,300170,汉得信息,0.088626325
314,2025-01-27,605081,太和水,0.08860922
315,2025-01-27,603101,汇嘉时代,0.08824617
316,2025-01-24,301001,凯淳股份,0.08808151
317,2025-01-27,2717,岭南股份,0.08803794
318,2025-01-23,600128,苏豪弘业,0.08793318
319,2025-01-24,688225,亚信安全,0.08789024
320,2025-01-27,2175,东方智造,0.087846786
321,2025-01-24,300299,富春股份,0.087751985
322,2025-01-24,300857,协创数据,0.087582886
323,2025-01-23,301397,溯联股份,0.08722523
324,2025-01-27,603021,山东华鹏,0.087183714
325,2025-01-24,2816,和科达,0.08715537
326,2025-01-27,2636,金安国纪,0.08701414
327,2025-01-27,2583,海能达,0.08694103
328,2025-01-27,301082,久盛电气,0.08694002
329,2025-01-23,688408,中信博,0.08679739
330,2025-01-23,600191,华资实业,0.08677754
331,2025-01-23,605488,福莱新材,0.08664894
332,2025-01-23,603895,天永智能,0.08645886
333,2025-01-27,603177,德创环保,0.08645621
334,2025-01-27,300299,富春股份,0.08641863
335,2025-01-24,688053,思科瑞,0.08635563
336,2025-01-27,600053,九鼎投资,0.08630046
337,2025-01-23,820,神雾节能,0.086102605
338,2025-01-24,2640,跨境通,0.086100936
339,2025-01-24,2693,双成药业,0.08606222
340,2025-01-27,300154,瑞凌股份,0.086060554
341,2025-01-23,605389,长龄液压,0.085885584
342,2025-01-27,2757,南兴股份,0.0858365
343,2025-01-27,300085,银之杰,0.08575523
344,2025-01-23,2346,柘中股份,0.08573103
345,2025-01-24,601515,东峰集团,0.08560538
346,2025-01-27,2184,海得控制,0.085455865
347,2025-01-27,795,英洛华,0.08536357
348,2025-01-24,603682,锦和商管,0.08531645
349,2025-01-24,300902,国安达,0.085262805
350,2025-01-24,300987,川网传媒,0.08523068
351,2025-01-27,300068,南都电源,0.08503705
352,2025-01-27,2973,侨银股份,0.084997326
353,2025-01-23,300697,电工合金,0.084937066
354,2025-01-27,301037,保立佳,0.08493531
355,2025-01-24,2193,如意集团,0.08479902
356,2025-01-27,688365,光云科技,0.084762424
357,2025-01-24,688017,绿的谐波,0.084667265
358,2025-01-27,603838,四通股份,0.08453345
359,2025-01-24,300248,新开普,0.08453184
360,2025-01-24,300687,赛意信息,0.08449462
361,2025-01-24,2578,闽发铝业,0.08447045
362,2025-01-24,300265,通光线缆,0.08445251
363,2025-01-23,301037,保立佳,0.084355384
364,2025-01-27,688429,时创能源,0.08435139
365,2025-01-27,600423,柳化股份,0.084178895
366,2025-01-27,2137,实益达,0.084004015
367,2025-01-27,300985,致远新能,0.08396274
368,2025-01-27,688717,艾罗能源,0.08393335
369,2025-01-09,688073,毕得医药,0.083853066
370,2025-01-27,1282,三联锻造,0.083845764
371,2025-01-27,603800,洪田股份,0.08376899
372,2025-01-24,301368,丰立智能,0.08370313
373,2025-01-24,300830,金现代,0.08349794
374,2025-01-27,2762,金发拉比,0.08347505
375,2025-01-24,300188,国投智能,0.083468705
376,2025-01-27,301076,新瀚新材,0.0834603
377,2025-01-23,2582,好想你,0.08338523
378,2025-01-27,300276,三丰智能,0.083381504
379,2025-01-27,2009,天奇股份,0.08336213
380,2025-01-23,300572,安车检测,0.08331609
381,2025-01-24,688058,宝兰德,0.08325815
382,2025-01-23,2265,建设工业,0.08322847
383,2025-01-27,300084,海默科技,0.08319092
384,2025-01-27,2068,黑猫股份,0.08317551
385,2025-01-24,688696,极米科技,0.08302939
386,2025-01-24,300229,拓尔思,0.0828262
387,2025-01-23,16,深康佳Ａ,0.08250314
388,2025-01-27,603389,亚振家居,0.0824742
389,2025-01-24,300959,线上线下,0.08240551
390,2025-01-27,688320,禾川科技,0.08221573
391,2025-01-27,300753,爱朋医疗,0.08207005
392,2025-01-27,603978,深圳新星,0.081878334
393,2025-01-23,688053,思科瑞,0.08159554
394,2025-01-27,300386,飞天诚信,0.081531554
395,2025-01-23,688320,禾川科技,0.08152372
396,2025-01-27,301024,霍普股份,0.08134359
397,2025-01-13,688073,毕得医药,0.08123717
398,2025-01-24,2265,建设工业,0.08101085
399,2025-01-27,688766,普冉股份,0.080948114
400,2025-01-23,603010,万盛股份,0.08094281
401,2025-01-27,600172,黄河旋风,0.080800325
402,2025-01-27,2291,遥望科技,0.080749035
403,2025-01-27,2403,爱仕达,0.08067399
404,2025-01-27,2657,中科金财,0.08050883
405,2025-01-23,301141,中科磁业,0.0805082
406,2025-01-27,3015,日久光电,0.08037773
407,2025-01-27,2313,日海智能,0.08032426
408,2025-01-27,688313,仕佳光子,0.08026156
409,2025-01-24,603803,瑞斯康达,0.08025712
410,2025-01-27,300170,汉得信息,0.08018234
411,2025-01-27,301336,趣睡科技,0.08013788
412,2025-01-24,600797,浙大网新,0.08013266
413,2025-01-24,300795,米奥会展,0.08003479
414,2025-01-24,301159,三维天地,0.079970896
415,2025-01-24,573,粤宏远Ａ,0.07981235
416,2025-01-24,793,华闻集团,0.07979971
417,2025-01-24,301220,亚香股份,0.07971412
418,2025-01-27,600198,大唐电信,0.07966718
419,2025-01-23,890,法尔胜,0.07965925
420,2025-01-24,300418,昆仑万维,0.07958773
421,2025-01-27,300812,易天股份,0.079557806
422,2025-01-27,603068,博通集成,0.079506904
423,2025-01-23,603135,中重科技,0.07949433
424,2025-01-27,2449,国星光电,0.079470694
425,2025-01-24,600802,福建水泥,0.07946494
426,2025-01-24,600094,大名城,0.07945675
427,2025-01-23,300153,科泰电源,0.079390705
428,2025-01-27,158,常山北明,0.07930145
429,2025-01-23,573,粤宏远Ａ,0.079217166
430,2025-01-23,2674,兴业科技,0.079151064
431,2025-01-23,603021,山东华鹏,0.07886723
432,2025-01-24,603389,亚振家居,0.0788542
433,2025-01-23,688244,永信至诚,0.07884222
434,2025-01-24,600593,大连圣亚,0.07883263
435,2025-01-24,603838,四通股份,0.07882175
436,2025-01-24,603598,引力传媒,0.07860431
437,2025-01-27,300949,奥雅股份,0.07859996
438,2025-01-27,1366,播恩集团,0.0785971
439,2025-01-23,688511,天微电子,0.078421116
440,2025-01-27,688400,凌云光,0.07841602
441,2025-01-27,301123,奕东电子,0.07840425
442,2025-01-24,2009,天奇股份,0.07839808
443,2025-01-27,2229,鸿博股份,0.078359425
444,2025-01-24,3040,楚天龙,0.07830426
445,2025-01-24,600556,天下秀,0.078303784
446,2025-01-23,301210,金杨股份,0.07821587
447,2025-01-24,603667,五洲新春,0.078109324
448,2025-01-27,603716,塞力医疗,0.07800934
449,2025-01-24,603895,天永智能,0.07793492
450,2025-01-10,688073,毕得医药,0.0778667
451,2025-01-24,603717,天域生物,0.07779354
452,2025-01-24,300885,海昌新材,0.07775256
453,2025-01-24,2364,中恒电气,0.07763487
454,2025-01-27,2760,凤形股份,0.07761833
455,2025-01-27,603106,恒银科技,0.07754013
456,2025-01-24,882,华联股份,0.07745111
457,2025-01-23,300843,胜蓝股份,0.07737768
458,2025-01-24,688615,合合信息,0.07737476
459,2025-01-27,2917,金奥博,0.07734159
460,2025-01-24,600410,华胜天成,0.077322304
461,2025-01-27,300296,利亚德,0.07732016
462,2025-01-24,605188,国光连锁,0.07726672
463,2025-01-23,600094,大名城,0.07723042
464,2025-01-23,300959,线上线下,0.077206284
465,2025-01-27,2115,三维通信,0.07719362
466,2025-01-23,300472,新元科技,0.0770897
467,2025-01-24,600588,用友网络,0.07708576
468,2025-01-24,1306,夏厦精密,0.0769189
469,2025-01-24,300242,佳云科技,0.076856196
470,2025-01-24,3041,真爱美家,0.07671505
471,2025-01-23,688502,茂莱光学,0.07663086
472,2025-01-27,688115,思林杰,0.076624125
473,2025-01-24,600722,金牛化工,0.076612234
474,2025-01-23,300680,隆盛科技,0.07655996
475,2025-01-23,688800,瑞可达,0.07645428
476,2025-01-24,2865,钧达股份,0.07645264
477,2025-01-27,300733,西菱动力,0.07636154
478,2025-01-24,300571,平治信息,0.07636127
479,2025-01-23,600601,方正科技,0.07624611
480,2025-01-27,2354,天娱数科,0.07622251
481,2025-01-24,300130,新国都,0.07615495
482,2025-01-23,300152,新动力,0.07609281
483,2025-01-27,2542,中化岩土,0.07608953
484,2025-01-27,2549,凯美特气,0.07607907
485,2025-01-27,600624,复旦复华,0.0760732
486,2025-01-27,301182,凯旺科技,0.07607186
487,2025-01-27,300290,荣科科技,0.07603145
488,2025-01-27,300945,曼卡龙,0.07585114
489,2025-01-23,600889,南京化纤,0.07582387
490,2025-01-23,603598,引力传媒,0.07582006
491,2025-01-27,603915,国茂股份,0.075751334
492,2025-01-27,2530,金财互联,0.07570049
493,2025-01-24,600423,柳化股份,0.0756993
494,2025-01-27,2526,山东矿机,0.07569024
495,2025-01-24,3001,中岩大地,0.07566318
496,2025-01-27,3030,祖名股份,0.07559168
497,2025-01-23,688017,绿的谐波,0.07552433
498,2025-01-27,300245,天玑科技,0.07551396
499,2025-01-27,603429,集友股份,0.07523948
500,2025-01-24,2358,森源电气,0.075179845
501,2025-01-24,300853,申昊科技,0.075134814
502,2025-01-27,301061,匠心家居,0.075119555
503,2025-01-27,600610,中毅达,0.07510066
504,2025-01-24,600076,康欣新材,0.075089395
505,2025-01-27,301183,东田微,0.07500386
506,2025-01-24,301030,仕净科技,0.0749391
507,2025-01-27,688390,固德威,0.07490656
508,2025-01-27,2164,宁波东力,0.074775726
509,2025-01-27,2552,宝鼎科技,0.07477227
510,2025-01-23,600358,国旅联合,0.07472247
511,2025-01-27,300798,锦鸡股份,0.0747211
512,2025-01-27,600800,渤海化学,0.07466012
513,2025-01-27,2187,广百股份,0.0746544
514,2025-01-27,603665,康隆达,0.07458025
515,2025-01-24,301037,保立佳,0.07454687
516,2025-01-27,600579,中化装备,0.074540496
517,2025-01-27,603719,良品铺子,0.07447535
518,2025-01-23,605108,同庆楼,0.07435125
519,2025-01-24,600358,国旅联合,0.07432866
520,2025-01-27,300435,中泰股份,0.07418102
521,2025-01-24,300805,电声股份,0.074174225
522,2025-01-27,688184,帕瓦股份,0.07411355
523,2025-01-27,688085,三友医疗,0.074101895
524,2025-01-27,509,华塑控股,0.07407057
525,2025-01-23,688256,寒武纪-U,0.074008524
526,2025-01-24,300173,福能东方,0.07396087
527,2025-01-24,632,三木集团,0.0739536
528,2025-01-23,300583,赛托生物,0.073936164
529,2025-01-24,688246,嘉和美康,0.07392657
530,2025-01-24,688226,威腾电气,0.07383117
531,2025-01-23,301157,华塑科技,0.07378852
532,2025-01-24,600778,友好集团,0.0736621
533,2025-01-23,300918,南山智尚,0.07359165
534,2025-01-23,2170,芭田股份,0.073539585
535,2025-01-24,2295,精艺股份,0.07349068
536,2025-01-27,688226,威腾电气,0.07346159
537,2025-01-23,826,启迪环境,0.073424816
538,2025-01-27,300044,赛为智能,0.07330981
539,2025-01-24,2354,天娱数科,0.073293984
540,2025-01-27,600881,亚泰集团,0.073257506
541,2025-01-23,300323,华灿光电,0.07321653
542,2025-01-27,2117,东港股份,0.07311562
543,2025-01-27,600868,梅雁吉祥,0.07311022
544,2025-01-23,300085,银之杰,0.07297826
545,2025-01-27,300080,易成新能,0.07296449
546,2025-01-24,600187,国中水务,0.07288724
547,2025-01-23,688629,华丰科技,0.0728533
548,2025-01-23,688362,甬矽电子,0.07284978
549,2025-01-27,632,三木集团,0.07282984
550,2025-01-24,301021,英诺激光,0.072824806
551,2025-01-24,518,四环生物,0.07276103
552,2025-01-24,688362,甬矽电子,0.07274014
553,2025-01-23,2453,华软科技,0.0724754
554,2025-01-24,2717,岭南股份,0.07242447
555,2025-01-27,2611,东方精工,0.072413445
556,2025-01-27,300378,鼎捷数智,0.07237148
557,2025-01-24,688551,科威尔,0.07236692
558,2025-01-23,603988,中电电机,0.07235101
559,2025-01-27,300007,汉威科技,0.072164476
560,2025-01-27,688691,灿芯股份,0.07209605
561,2025-01-23,300805,电声股份,0.07208851
562,2025-01-24,300748,金力永磁,0.07203776
563,2025-01-27,688512,慧智微-U,0.07197246
564,2025-01-24,300592,华凯易佰,0.07195318
565,2025-01-23,688350,富淼科技,0.07189059
566,2025-01-27,2193,如意集团,0.07180458
567,2025-01-23,300913,兆龙互连,0.07175651
568,2025-01-23,603322,超讯通信,0.0717372
569,2025-01-24,600255,鑫科材料,0.0717361
570,2025-01-24,2862,实丰文化,0.07173169
571,2025-01-24,688408,中信博,0.07163146
572,2025-01-27,603887,城地香江,0.07156098
573,2025-01-24,300607,拓斯达,0.07155466
574,2025-01-24,300379,东方通,0.07153624
575,2025-01-24,856,冀东装备,0.0715141
576,2025-01-24,2678,珠江钢琴,0.07149321
577,2025-01-27,2358,森源电气,0.071472794
578,2025-01-27,300076,GQY视讯,0.07144475
579,2025-01-24,688717,艾罗能源,0.07143605
580,2025-01-23,600722,金牛化工,0.071311235
581,2025-01-23,600076,康欣新材,0.0713104
582,2025-01-24,688512,慧智微-U,0.07122487
583,2025-01-23,603278,大业股份,0.07120404
584,2025-01-23,2667,威领股份,0.07112411
585,2025-01-24,300473,德尔股份,0.07104629
586,2025-01-23,2862,实丰文化,0.07101378
587,2025-01-27,300437,清水源,0.07100037
588,2025-01-27,301366,一博科技,0.07095873
589,2025-01-23,793,华闻集团,0.07093042
590,2025-01-27,300106,西部牧业,0.07092723
591,2025-01-27,300479,神思电子,0.0709123
592,2025-01-24,2973,侨银股份,0.07088992
593,2025-01-27,2861,瀛通通讯,0.07083908
594,2025-01-27,995,皇台酒业,0.07080993
595,2025-01-23,603211,晋拓股份,0.070785254
596,2025-01-23,600187,国中水务,0.07078323
597,2025-01-24,603729,龙韵股份,0.07074121
598,2025-01-27,603615,茶花股份,0.07073733
599,2025-01-27,603718,海利生物,0.07073316
600,2025-01-23,300127,银河磁体,0.07066998
601,2025-01-23,802,北京文化,0.0705902
602,2025-01-27,300805,电声股份,0.07055846
603,2025-01-27,600824,益民集团,0.0705505
604,2025-01-24,300798,锦鸡股份,0.07051891
605,2025-01-27,603070,万控智造,0.07048273
606,2025-01-27,688787,海天瑞声,0.07043758
607,2025-01-27,2674,兴业科技,0.07042372
608,2025-01-27,603166,福达股份,0.070415705
609,2025-01-23,2577,雷柏科技,0.07038471
610,2025-01-27,301152,天力锂能,0.07037574
611,2025-01-23,2117,东港股份,0.07035428
612,2025-01-23,600198,大唐电信,0.070313394
613,2025-01-27,300901,中胤时尚,0.070250034
614,2025-01-24,300825,阿尔特,0.07022989
615,2025-01-24,1309,德明利,0.070207
616,2025-01-24,2291,遥望科技,0.07019371
617,2025-01-27,301556,托普云农,0.07013512
618,2025-01-27,301611,珂玛科技,0.07013297
619,2025-01-24,688343,云天励飞-U,0.07010615
620,2025-01-23,600622,光大嘉宝,0.07009071
621,2025-01-24,600714,金瑞矿业,0.070058405
622,2025-01-27,300231,银信科技,0.07005608
623,2025-01-27,300697,电工合金,0.07004568
624,2025-01-27,300224,正海磁材,0.06986958
625,2025-01-27,603895,天永智能,0.06986806
626,2025-01-23,300333,兆日科技,0.06985429
627,2025-01-23,300242,佳云科技,0.06983435
628,2025-01-24,2068,黑猫股份,0.06983426
629,2025-01-23,688691,灿芯股份,0.0698193
630,2025-01-27,2098,浔兴股份,0.069818854
631,2025-01-27,300537,广信材料,0.06979683
632,2025-01-27,603079,圣达生物,0.06975746
633,2025-01-27,586,汇源通信,0.06974709
634,2025-01-23,2693,双成药业,0.069681406
635,2025-01-24,603518,锦泓集团,0.06966609
636,2025-01-23,603880,南卫股份,0.06965664
637,2025-01-27,526,学大教育,0.06952503
638,2025-01-27,300383,光环新网,0.069420695
639,2025-01-27,300123,亚光科技,0.06937683
640,2025-01-27,300289,利德曼,0.06931257
641,2025-01-23,600463,空港股份,0.0692718
642,2025-01-27,300688,创业黑马,0.06921908
643,2025-01-24,603813,原尚股份,0.06921071
644,2025-01-27,564,供销大集,0.069194734
645,2025-01-24,300190,维尔利,0.06914219
646,2025-01-27,300460,惠伦晶体,0.06913903
647,2025-01-24,300494,盛天网络,0.069132954
648,2025-01-24,2184,海得控制,0.06906974
649,2025-01-23,603086,先达股份,0.069050044
650,2025-01-27,2134,天津普林,0.069021285
651,2025-01-24,300852,四会富仕,0.06900117
652,2025-01-23,300570,太辰光,0.068986356
653,2025-01-27,301486,致尚科技,0.06888166
654,2025-01-23,605305,中际联合,0.06887308
655,2025-01-27,300250,初灵信息,0.06887174
656,2025-01-27,2103,广博股份,0.06886622
657,2025-01-27,600653,申华控股,0.068856776
658,2025-01-23,300688,创业黑马,0.06883061
659,2025-01-24,600732,爱旭股份,0.0687606
660,2025-01-23,2571,德力股份,0.06866294
661,2025-01-23,601515,东峰集团,0.06859833
662,2025-01-24,2137,实益达,0.0685713
663,2025-01-23,2853,皮阿诺,0.06856042
664,2025-01-24,300403,汉宇集团,0.06826052
665,2025-01-27,2031,巨轮智能,0.06824979
666,2025-01-24,603305,旭升集团,0.068229705
667,2025-01-23,2076,星光股份,0.068217516
668,2025-01-27,56,皇庭国际,0.068208605
669,2025-01-27,688062,迈威生物-U,0.068192095
670,2025-01-24,826,启迪环境,0.06814748
671,2025-01-23,688400,凌云光,0.06811592
672,2025-01-24,2491,通鼎互联,0.06801683
673,2025-01-27,603118,共进股份,0.06800076
674,2025-01-24,2642,荣联科技,0.067970246
675,2025-01-27,300255,常山药业,0.06796074
676,2025-01-27,301536,星宸科技,0.06788847
677,2025-01-24,2674,兴业科技,0.067886144
678,2025-01-24,603880,南卫股份,0.06779286
679,2025-01-24,659,珠海中富,0.06778613
680,2025-01-23,600881,亚泰集团,0.06775099
681,2025-01-23,605180,华生科技,0.06774351
682,2025-01-23,603269,海鸥股份,0.067729264
683,2025-01-24,300384,三联虹普,0.067703635
684,2025-01-23,688165,埃夫特-U,0.0676935
685,2025-01-24,605068,明新旭腾,0.06762126
686,2025-01-23,2575,群兴玩具,0.06758022
687,2025-01-27,2593,日上集团,0.06752372
688,2025-01-27,300656,民德电子,0.067510694
689,2025-01-23,300071,福石控股,0.06739074
690,2025-01-24,300420,五洋自控,0.06734154
691,2025-01-27,300198,纳川股份,0.067300856
692,2025-01-27,300748,金力永磁,0.067294925
693,2025-01-23,2090,金智科技,0.06728396
694,2025-01-27,608,阳光股份,0.067270935
695,2025-01-24,688095,福昕软件,0.06725508
696,2025-01-23,300829,金丹科技,0.06718868
697,2025-01-24,603269,海鸥股份,0.06718546
698,2025-01-23,2335,科华数据,0.067174524
699,2025-01-27,659,珠海中富,0.06706402
700,2025-01-27,300147,香雪制药,0.067049295
701,2025-01-23,300803,指南针,0.06697211
702,2025-01-23,2780,三夫户外,0.06693542
703,2025-01-24,2518,科士达,0.066912204
704,2025-01-27,300256,星星科技,0.06690472
705,2025-01-24,2660,茂硕电源,0.06685698
706,2025-01-27,2446,盛路通信,0.066853315
707,2025-01-27,2520,日发精机,0.06681946
708,2025-01-23,300518,新迅达,0.06669095
709,2025-01-24,301171,易点天下,0.0666835
710,2025-01-24,2459,晶澳科技,0.06662151
711,2025-01-27,600666,奥瑞德,0.06661624
712,2025-01-23,688311,盟升电子,0.06646499
713,2025-01-23,301589,诺瓦星云,0.06645769
714,2025-01-27,600692,亚通股份,0.066434205
715,2025-01-24,2799,环球印务,0.06642148
716,2025-01-27,2811,郑中设计,0.0664013
717,2025-01-27,2188,中天服务,0.066395104
718,2025-01-24,605303,园林股份,0.06639296
719,2025-01-27,1330,博纳影业,0.066310614
720,2025-01-27,300464,星徽股份,0.06628856
721,2025-01-27,688205,德科立,0.06626558
722,2025-01-27,300605,恒锋信息,0.06626162
723,2025-01-24,600881,亚泰集团,0.066259444
724,2025-01-24,603278,大业股份,0.06623796
725,2025-01-23,2364,中恒电气,0.06617674
726,2025-01-27,688521,芯原股份,0.06616488
727,2025-01-24,300613,富瀚微,0.06609762
728,2025-01-24,688244,永信至诚,0.06609365
729,2025-01-23,600714,金瑞矿业,0.06609219
730,2025-01-27,601515,东峰集团,0.066084296
731,2025-01-27,702,正虹科技,0.06604722
732,2025-01-27,300152,新动力,0.06603953
733,2025-01-27,600371,万向德农,0.0659889
734,2025-01-23,1282,三联锻造,0.06592724
735,2025-01-23,300245,天玑科技,0.065909
736,2025-01-27,603291,联合水务,0.06590733
737,2025-01-24,300479,神思电子,0.06590253
738,2025-01-27,688258,卓易信息,0.065855026
739,2025-01-24,2536,飞龙股份,0.0658502
740,2025-01-23,688290,景业智能,0.06584996
741,2025-01-27,300989,蕾奥规划,0.065829575
742,2025-01-23,688627,精智达,0.065702915
743,2025-01-23,681,视觉中国,0.065686435
744,2025-01-24,688629,华丰科技,0.065616935
745,2025-01-23,2896,中大力德,0.06559613
746,2025-01-24,600589,大位科技,0.065552264
747,2025-01-24,688165,埃夫特-U,0.06554496
748,2025-01-23,688577,浙海德曼,0.065531135
749,2025-01-24,2603,以岭药业,0.06552562
750,2025-01-24,300437,清水源,0.0654279
751,2025-01-27,603880,南卫股份,0.06536564
752,2025-01-27,301210,金杨股份,0.06535804
753,2025-01-27,300583,赛托生物,0.065330714
754,2025-01-24,300677,英科医疗,0.06532505
755,2025-01-24,301129,瑞纳智能,0.06531009
756,2025-01-27,600751,海航科技,0.06530118
757,2025-01-23,300256,星星科技,0.06529558
758,2025-01-27,300211,亿通科技,0.065262765
759,2025-01-27,600626,申达股份,0.065244496
760,2025-01-27,300323,华灿光电,0.065216005
761,2025-01-27,2335,科华数据,0.0650703
762,2025-01-24,688231,隆达股份,0.065059215
763,2025-01-24,300093,金刚光伏,0.06503114
764,2025-01-27,603278,大业股份,0.065013796
765,2025-01-27,300763,锦浪科技,0.06486255
766,2025-01-27,2514,宝馨科技,0.06481454
767,2025-01-24,603779,威龙股份,0.06480244
768,2025-01-23,1267,汇绿生态,0.06477299
769,2025-01-24,688303,大全能源,0.06475213
770,2025-01-23,600202,哈空调,0.06474942
771,2025-01-27,300961,深水海纳,0.06472209
772,2025-01-24,603177,德创环保,0.06472188
773,2025-01-27,600094,大名城,0.06471935
774,2025-01-23,300391,长药控股,0.06464428
775,2025-01-27,300278,华昌达,0.064627886
776,2025-01-24,300727,润禾材料,0.06456962
777,2025-01-27,688256,寒武纪-U,0.06455946
778,2025-01-27,678,襄阳轴承,0.06454995
779,2025-01-23,603273,天元智能,0.064539164
780,2025-01-24,2403,爱仕达,0.06446889
781,2025-01-27,518,四环生物,0.064453274
782,2025-01-24,2292,奥飞娱乐,0.064434856
783,2025-01-24,601211,国泰君安,0.06439018
784,2025-01-24,2921,联诚精密,0.06438807
785,2025-01-27,301396,宏景科技,0.06438583
786,2025-01-27,300474,景嘉微,0.064358264
787,2025-01-24,603108,润达医疗,0.06428546
788,2025-01-27,300459,汤姆猫,0.064269245
789,2025-01-24,601865,福莱特,0.06425011
790,2025-01-23,603813,原尚股份,0.06424165
791,2025-01-27,603511,爱慕股份,0.06421754
792,2025-01-24,300921,南凌科技,0.06417945
793,2025-01-27,300058,蓝色光标,0.064174086
794,2025-01-10,300307,慈星股份,0.06416336
795,2025-01-24,2881,美格智能,0.06408721
796,2025-01-27,301325,曼恩斯特,0.06408051
797,2025-01-27,300846,首都在线,0.06405485
798,2025-01-23,2446,盛路通信,0.06402543
799,2025-01-24,603015,弘讯科技,0.06400123
800,2025-01-24,600580,卧龙电驱,0.06399375
801,2025-01-27,301129,瑞纳智能,0.063982815
802,2025-01-23,533,顺钠股份,0.06397161
803,2025-01-24,2896,中大力德,0.06397146
804,2025-01-24,301210,金杨股份,0.063934445
805,2025-01-27,68,华控赛格,0.06392327
806,2025-01-23,10,美丽生态,0.06391135
807,2025-01-23,300044,赛为智能,0.063786
808,2025-01-27,300157,新锦动力,0.06377655
809,2025-01-27,688709,成都华微,0.06369269
810,2025-01-27,605108,同庆楼,0.06363985
811,2025-01-27,2629,仁智股份,0.06363389
812,2025-01-24,600172,黄河旋风,0.063620806
813,2025-01-23,600636,国新文化,0.063608944
814,2025-01-23,2757,南兴股份,0.06360233
815,2025-01-23,300989,蕾奥规划,0.06359628
816,2025-01-24,2729,好利科技,0.063592136
817,2025-01-24,785,居然智家,0.06358379
818,2025-01-27,2131,利欧股份,0.063559264
819,2025-01-24,688320,禾川科技,0.063536525
820,2025-01-27,300359,全通教育,0.06349674
821,2025-01-27,2582,好想你,0.06348896
822,2025-01-24,301157,华塑科技,0.06348184
823,2025-01-27,2356,赫美集团,0.06345773
824,2025-01-27,600679,上海凤凰,0.063450694
825,2025-01-23,688522,纳睿雷达,0.063445896
826,2025-01-24,688183,生益电子,0.06343368
827,2025-01-24,890,法尔胜,0.06342596
828,2025-01-24,300901,中胤时尚,0.063412845
829,2025-01-27,301380,挖金客,0.06327134
830,2025-01-27,600802,福建水泥,0.063257694
831,2025-01-27,300694,蠡湖股份,0.06323272
832,2025-01-23,605369,拱东医疗,0.063154936
833,2025-01-27,688369,致远互联,0.06312686
834,2025-01-23,300785,值得买,0.06312433
835,2025-01-27,600839,四川长虹,0.06311852
836,2025-01-27,605069,正和生态,0.06310022
837,2025-01-27,2578,闽发铝业,0.06309587
838,2025-01-23,603101,汇嘉时代,0.063082606
839,2025-01-27,3004,声迅股份,0.063019276
840,2025-01-24,301082,久盛电气,0.06301755
841,2025-01-27,600698,湖南天雁,0.063016474
842,2025-01-24,2086,东方海洋,0.06295347
843,2025-01-27,300663,科蓝软件,0.06292915
844,2025-01-24,300881,盛德鑫泰,0.062897176
845,2025-01-24,300255,常山药业,0.06289393
846,2025-01-27,2423,中粮资本,0.06287283
847,2025-01-24,603171,税友股份,0.06281829
848,2025-01-23,300437,清水源,0.06280276
849,2025-01-27,796,凯撒旅业,0.062763035
850,2025-01-27,300141,和顺电气,0.06275141
851,2025-01-24,603429,集友股份,0.06271213
852,2025-01-27,603922,金鸿顺,0.06270456
853,2025-01-24,603012,创力集团,0.06263736
854,2025-01-27,2420,毅昌科技,0.06262234
855,2025-01-27,300581,晨曦航空,0.06259528
856,2025-01-23,688529,豪森智能,0.062568724
857,2025-01-24,603121,华培动力,0.062543005
858,2025-01-27,2723,小崧股份,0.06253472
859,2025-01-23,2825,纳尔股份,0.06252527
860,2025-01-24,688358,祥生医疗,0.062511176
861,2025-01-27,603200,上海洗霸,0.062472075
862,2025-01-24,300442,润泽科技,0.062468827
863,2025-01-24,300245,天玑科技,0.06243661
864,2025-01-24,2131,利欧股份,0.062411517
865,2025-01-23,603666,亿嘉和,0.062403202
866,2025-01-24,2733,雄韬股份,0.062399507
867,2025-01-27,2346,柘中股份,0.06239894
868,2025-01-27,300814,中富电路,0.062386483
869,2025-01-24,603662,柯力传感,0.06238231
870,2025-01-27,300098,高新兴,0.062339306
871,2025-01-27,301127,天源环保,0.062327325
872,2025-01-23,600698,湖南天雁,0.06227395
873,2025-01-27,2256,兆新股份,0.062215507
874,2025-01-27,688800,瑞可达,0.062203646
875,2025-01-23,2733,雄韬股份,0.06218967
876,2025-01-27,300710,万隆光电,0.06218773
877,2025-01-27,688244,永信至诚,0.062179953
878,2025-01-23,2068,黑猫股份,0.06217894
879,2025-01-24,600691,阳煤化工,0.062175423
880,2025-01-24,605081,太和水,0.06216237
881,2025-01-24,2229,鸿博股份,0.062161356
882,2025-01-23,678,襄阳轴承,0.062131375
883,2025-01-27,688003,天准科技,0.06206721
884,2025-01-23,301076,新瀚新材,0.062062442
885,2025-01-27,600265,景谷林业,0.06205675
886,2025-01-27,301456,盘古智能,0.06204483
887,2025-01-27,2577,雷柏科技,0.062040895
888,2025-01-23,603015,弘讯科技,0.062026113
889,2025-01-23,688668,鼎通科技,0.06202364
890,2025-01-27,2190,成飞集成,0.061986774
891,2025-01-27,600724,宁波富达,0.0619843
892,2025-01-23,300607,拓斯达,0.06197223
893,2025-01-23,300839,博汇股份,0.06195873
894,2025-01-24,600624,复旦复华,0.061945647
895,2025-01-27,603499,翔港科技,0.061944157
896,2025-01-27,600708,光明地产,0.061939538
897,2025-01-27,301141,中科磁业,0.061920524
898,2025-01-24,603086,先达股份,0.061920375
899,2025-01-24,2723,小崧股份,0.061915368
900,2025-01-27,600589,大位科技,0.06186995
901,2025-01-23,2148,北纬科技,0.0618563
902,2025-01-27,300875,捷强装备,0.061845213
903,2025-01-27,301399,英特科技,0.061831564
904,2025-01-23,600610,中毅达,0.061809927
905,2025-01-27,301251,威尔高,0.061776012
906,2025-01-24,301252,同星科技,0.061775148
907,2025-01-27,300033,同花顺,0.061741084
908,2025-01-27,301487,盟固利,0.061739057
909,2025-01-23,301327,华宝新能,0.06172946
910,2025-01-23,688270,臻镭科技,0.061729282
911,2025-01-23,301082,久盛电气,0.06172359
912,2025-01-27,300403,汉宇集团,0.061687082
913,2025-01-27,300917,特发服务,0.06166905
914,2025-01-27,720,新能泰山,0.061653197
915,2025-01-27,600410,华胜天成,0.06159076
916,2025-01-24,2175,东方智造,0.06155336
917,2025-01-24,688022,瀚川智能,0.06154248
918,2025-01-27,300708,聚灿光电,0.061525017
919,2025-01-27,2645,华宏科技,0.06145549
920,2025-01-24,301062,上海艾录,0.061448693
921,2025-01-27,605136,丽人丽妆,0.061411053
922,2025-01-27,300331,苏大维格,0.061389178
923,2025-01-23,301025,读客文化,0.06136
924,2025-01-23,2717,岭南股份,0.06124556
925,2025-01-27,688058,宝兰德,0.061178595
926,2025-01-23,300473,德尔股份,0.06107402
927,2025-01-24,603516,淳中科技,0.06106916
928,2025-01-27,688318,财富趋势,0.06104529
929,2025-01-24,300579,数字认证,0.06103933
930,2025-01-23,2423,中粮资本,0.0609771
931,2025-01-27,301628,强达电路,0.060976982
932,2025-01-23,2542,中化岩土,0.060967684
933,2025-01-24,300792,壹网壹创,0.06091678
934,2025-01-24,605128,上海沿浦,0.06090361
935,2025-01-24,688010,福光股份,0.060798198
936,2025-01-27,603366,日出东方,0.060789764
937,2025-01-27,605199,葫芦娃,0.06077212
938,2025-01-24,300839,博汇股份,0.060766727
939,2025-01-24,2164,宁波东力,0.0607602
940,2025-01-23,2354,天娱数科,0.060758233
941,2025-01-27,603990,麦迪科技,0.060673267
942,2025-01-23,301152,天力锂能,0.06065753
943,2025-01-27,605338,巴比食品,0.06061372
944,2025-01-27,300898,熊猫乳品,0.060598105
945,2025-01-23,301018,申菱环境,0.06058705
946,2025-01-27,600847,万里股份,0.06058547
947,2025-01-27,301230,泓博医药,0.060581088
948,2025-01-27,300808,久量股份,0.06056854
949,2025-01-27,670,盈方微,0.060560673
950,2025-01-27,2047,宝鹰股份,0.060551763
951,2025-01-23,300652,雷迪克,0.060539544
952,2025-01-24,300322,硕贝德,0.060521662
953,2025-01-24,301316,慧博云通,0.060495853
954,2025-01-27,688598,金博股份,0.06048578
955,2025-01-27,665,湖北广电,0.060465366
956,2025-01-27,300287,飞利信,0.060436875
957,2025-01-24,795,英洛华,0.060432285
958,2025-01-27,300990,同飞股份,0.060431212
959,2025-01-27,833,粤桂股份,0.060412973
960,2025-01-23,688698,伟创电气,0.060394973
961,2025-01-27,300667,必创科技,0.060373247
962,2025-01-27,603221,爱丽家居,0.06036836
963,2025-01-27,300155,安居宝,0.060356945
964,2025-01-27,688288,鸿泉物联,0.060351253
965,2025-01-27,600865,百大集团,0.060351044
966,2025-01-24,300056,中创环保,0.06032583
967,2025-01-27,688172,燕东微,0.060294747
968,2025-01-23,421,南京公用,0.06027305
969,2025-01-24,688062,迈威生物-U,0.060219854
970,2025-01-23,300949,奥雅股份,0.060202777
971,2025-01-27,300781,因赛集团,0.060141265
972,2025-01-27,605186,健麾信息,0.060140997
973,2025-01-23,603665,康隆达,0.06012526
974,2025-01-24,600202,哈空调,0.060111374
975,2025-01-27,301069,凯盛新材,0.060092896
976,2025-01-23,2771,真视通,0.060072094
977,2025-01-27,603110,东方材料,0.06004709
978,2025-01-24,1301,尚太科技,0.05992487
979,2025-01-27,2765,蓝黛科技,0.05992475
980,2025-01-23,600824,益民集团,0.05989471
981,2025-01-24,2530,金财互联,0.059839517
982,2025-01-27,301392,汇成真空,0.05983433
983,2025-01-23,688068,热景生物,0.05982423
984,2025-01-27,603988,中电电机,0.059764832
985,2025-01-27,3033,征和工业,0.059764653
986,2025-01-27,2599,盛通股份,0.0597561
987,2025-01-27,300918,南山智尚,0.059705317
988,2025-01-27,2518,科士达,0.05968693
989,2025-01-27,31,大悦城,0.05965683
990,2025-01-23,300932,三友联众,0.059641927
991,2025-01-23,2449,国星光电,0.05963984
992,2025-01-27,300473,德尔股份,0.059639186
993,2025-01-23,603166,福达股份,0.059638947
994,2025-01-23,3001,中岩大地,0.059630573
995,2025-01-23,688048,长光华芯,0.05956474
996,2025-01-27,695,滨海能源,0.059514463
997,2025-01-27,300903,科翔股份,0.059447616
998,2025-01-27,600601,方正科技,0.0594081
999,2025-01-23,601727,上海电气,0.059386045
1000,2025-01-27,2272,川润股份,0.059340626
1001,2025-01-27,688159,有方科技,0.05934021
1002,2025-01-24,301502,华阳智能,0.059327126
1003,2025-01-27,600545,卓郎智能,0.059286475
1004,2025-01-24,300583,赛托生物,0.059209287
1005,2025-01-24,802,北京文化,0.059203
1006,2025-01-27,300094,国联水产,0.059202462
1007,2025-01-27,300551,古鳌科技,0.059172124
1008,2025-01-27,300449,汉邦高科,0.059160292
1009,2025-01-27,929,兰州黄河,0.059136093
1010,2025-01-27,2355,兴民智通,0.059116274
1011,2025-01-24,603291,联合水务,0.05910787
1012,2025-01-24,300154,瑞凌股份,0.05908647
1013,2025-01-27,803,山高环能,0.05908543
1014,2025-01-27,300956,英力股份,0.059078693
1015,2025-01-27,300192,科德教育,0.05904576
1016,2025-01-27,2298,中电兴发,0.059039235
1017,2025-01-27,688311,盟升电子,0.059019357
1018,2025-01-23,1225,和泰机电,0.05896309
1019,2025-01-27,688665,四方光电,0.05896175
1020,2025-01-27,300987,川网传媒,0.058945656
1021,2025-01-24,688038,中科通达,0.058945358
1022,2025-01-23,300537,广信材料,0.058939338
1023,2025-01-24,300247,融捷健康,0.05892986
1024,2025-01-27,301010,晶雪节能,0.058918
1025,2025-01-24,300827,上能电气,0.05890268
1026,2025-01-27,601727,上海电气,0.05880621
1027,2025-01-21,688350,富淼科技,0.058793902
1028,2025-01-24,688698,伟创电气,0.058754504
1029,2025-01-27,3021,兆威机电,0.05873221
1030,2025-01-23,603336,宏辉果蔬,0.058689803
1031,2025-01-23,688010,福光股份,0.05861205
1032,2025-01-24,603721,中广天择,0.058611184
1033,2025-01-23,603151,邦基科技,0.058528155
1034,2025-01-24,803,山高环能,0.058488548
1035,2025-01-23,2130,沃尔核材,0.05846551
1036,2025-01-27,600397,安源煤业,0.058431715
1037,2025-01-27,600180,瑞茂通,0.058386326
1038,2025-01-24,688475,萤石网络,0.0583359
1039,2025-01-27,300379,东方通,0.058326453
1040,2025-01-24,3037,三和管桩,0.05831924
1041,2025-01-23,2229,鸿博股份,0.058312595
1042,2025-01-24,676,智度股份,0.05830744
1043,2025-01-27,300179,四方达,0.058304697
1044,2025-01-24,600080,金花股份,0.05825135
1045,2025-01-27,2799,环球印务,0.058249593
1046,2025-01-24,2848,高斯贝尔,0.058248192
1047,2025-01-27,688629,华丰科技,0.05822751
1048,2025-01-27,603129,春风动力,0.05821106
1049,2025-01-24,2117,东港股份,0.058196604
1050,2025-01-27,300077,国民技术,0.058181763
1051,2025-01-24,603214,爱婴室,0.058158576
1052,2025-01-23,603955,大千生态,0.058143646
1053,2025-01-27,600605,汇通能源,0.05811566
1054,2025-01-27,688737,中自科技,0.058092892
1055,2025-01-27,300472,新元科技,0.05809191
1056,2025-01-23,3013,地铁设计,0.05807203
1057,2025-01-27,3013,地铁设计,0.058065504
1058,2025-01-27,688577,浙海德曼,0.058041185
1059,2025-01-27,600654,中安科,0.057986796
1060,2025-01-27,688218,江苏北人,0.057940304
1061,2025-01-24,158,常山北明,0.057938784
1062,2025-01-27,300266,兴源环境,0.057933778
1063,2025-01-27,688721,龙图光罩,0.05791557
1064,2025-01-24,600837,海通证券,0.0578821
1065,2025-01-27,688022,瀚川智能,0.05788055
1066,2025-01-23,2279,久其软件,0.05787787
1067,2025-01-27,1309,德明利,0.05785361
1068,2025-01-24,2346,柘中股份,0.05783841
1069,2025-01-23,300853,申昊科技,0.057807595
1070,2025-01-24,300751,迈为股份,0.05780393
1071,2025-01-27,601162,天风证券,0.057783186
1072,2025-01-23,301160,翔楼新材,0.05773887
1073,2025-01-27,300827,上能电气,0.057720393
1074,2025-01-27,301552,科力装备,0.057703435
1075,2025-01-24,2829,星网宇达,0.057662636
1076,2025-01-27,300952,恒辉安防,0.057650536
1077,2025-01-23,600624,复旦复华,0.057649344
1078,2025-01-23,300810,中科海讯,0.05764258
1079,2025-01-27,1322,箭牌家居,0.05760643
1080,2025-01-24,2762,金发拉比,0.05757898
1081,2025-01-27,2892,科力尔,0.057572573
1082,2025-01-27,688227,品高股份,0.05755049
1083,2025-01-27,603912,佳力图,0.05753514
1084,2025-01-23,603687,大胜达,0.05750218
1085,2025-01-24,688498,源杰科技,0.05749464
1086,2025-01-27,300580,贝斯特,0.05749032
1087,2025-01-23,600589,大位科技,0.057466477
1088,2025-01-27,2086,东方海洋,0.057462692
1089,2025-01-27,698,沈阳化工,0.05741608
1090,2025-01-23,300917,特发服务,0.057411224
1091,2025-01-27,688017,绿的谐波,0.057369113
1092,2025-01-27,421,南京公用,0.057345003
1093,2025-01-27,1301,尚太科技,0.057323545
1094,2025-01-23,600184,光电股份,0.05726731
1095,2025-01-24,2313,日海智能,0.05723843
1096,2025-01-23,605069,正和生态,0.05723831
1097,2025-01-27,300465,高伟达,0.057232767
1098,2025-01-24,300561,汇金科技,0.057195902
1099,2025-01-27,300681,英搏尔,0.057192236
1100,2025-01-23,605555,德昌股份,0.057176232
1101,2025-01-23,300822,贝仕达克,0.057150185
1102,2025-01-27,300592,华凯易佰,0.05712056
1103,2025-01-27,430,张家界,0.057099193
1104,2025-01-24,300703,创源股份,0.057058543
1105,2025-01-23,688114,华大智造,0.05704719
1106,2025-01-27,603629,利通电子,0.057042927
1107,2025-01-27,599,青岛双星,0.057038754
1108,2025-01-27,603637,镇海股份,0.05698383
1109,2025-01-27,688097,博众精工,0.056979865
1110,2025-01-24,603135,中重科技,0.05697015
1111,2025-01-27,600744,华银电力,0.056966692
1112,2025-01-24,2170,芭田股份,0.056956798
1113,2025-01-27,300024,机器人,0.056951344
1114,2025-01-27,300382,斯莱克,0.05694586
1115,2025-01-27,96,广聚能源,0.056922942
1116,2025-01-24,300550,和仁科技,0.05692154
1117,2025-01-23,631,顺发恒业,0.056916445
1118,2025-01-24,300451,创业慧康,0.056906372
1119,2025-01-27,300339,润和软件,0.056851268
1120,2025-01-24,421,南京公用,0.056794554
1121,2025-01-23,929,兰州黄河,0.056787163
1122,2025-01-24,300812,易天股份,0.05674386
1123,2025-01-24,600052,东望时代,0.056712985
1124,2025-01-27,300829,金丹科技,0.056702107
1125,2025-01-23,688590,新致软件,0.056676954
1126,2025-01-27,600844,丹化科技,0.056675643
1127,2025-01-23,688172,燕东微,0.056617916
1128,2025-01-27,601865,福莱特,0.05658841
1129,2025-01-27,2730,电光科技,0.056569427
1130,2025-01-24,688167,炬光科技,0.056543887
1131,2025-01-24,688691,灿芯股份,0.0565435
1132,2025-01-27,688627,精智达,0.056532025
1133,2025-01-24,929,兰州黄河,0.056524575
1134,2025-01-27,2829,星网宇达,0.056512624
1135,2025-01-24,600800,渤海化学,0.056485474
1136,2025-01-27,300280,紫天科技,0.05646941
1137,2025-01-23,2225,濮耐股份,0.056461275
1138,2025-01-27,301071,力量钻石,0.05645618
1139,2025-01-27,980,众泰汽车,0.056452394
1140,2025-01-27,300302,同有科技,0.056451976
1141,2025-01-23,603045,福达合金,0.056445777
1142,2025-01-24,600698,湖南天雁,0.056433022
1143,2025-01-27,600939,重庆建工,0.056420326
1144,2025-01-23,600811,东方集团,0.056397438
1145,2025-01-27,2495,佳隆股份,0.05639687
1146,2025-01-27,300365,恒华科技,0.056384355
1147,2025-01-24,605060,联德股份,0.056381494
1148,2025-01-27,301165,锐捷网络,0.05637926
1149,2025-01-23,301336,趣睡科技,0.056376457
1150,2025-01-27,603033,三维股份,0.05629626
1151,2025-01-27,300442,润泽科技,0.056164563
1152,2025-01-24,300953,震裕科技,0.056144267
1153,2025-01-27,603030,全筑股份,0.056119174
1154,2025-01-27,600126,杭钢股份,0.056117743
1155,2025-01-24,301413,安培龙,0.056067914
1156,2025-01-24,600751,海航科技,0.05602157
1157,2025-01-27,688343,云天励飞-U,0.056009382
1158,2025-01-27,600769,祥龙电业,0.055995017
1159,2025-01-23,688615,合合信息,0.055958927
1160,2025-01-27,300647,超频三,0.055956304
1161,2025-01-24,301139,元道通信,0.0559538
1162,2025-01-24,600193,创兴资源,0.05594507
1163,2025-01-27,2312,川发龙蟒,0.055943042
1164,2025-01-27,300935,盈建科,0.05591008
1165,2025-01-23,605398,新炬网络,0.055907816
1166,2025-01-27,561,烽火电子,0.055894077
1167,2025-01-24,300249,依米康,0.055883765
1168,2025-01-27,600990,四创电子,0.055819154
1169,2025-01-27,300588,熙菱信息,0.055790424
1170,2025-01-27,2181,粤 传 媒,0.05578804
1171,2025-01-23,300043,星辉娱乐,0.055782735
1172,2025-01-23,300061,旗天科技,0.05578065
1173,2025-01-23,2923,润都股份,0.055769503
1174,2025-01-27,300328,宜安科技,0.0557653
1175,2025-01-27,1217,华尔泰,0.055752963
1176,2025-01-24,2830,名雕股份,0.055750817
1177,2025-01-24,300166,东方国信,0.055730164
1178,2025-01-27,688066,航天宏图,0.05572602
1179,2025-01-27,688535,华海诚科,0.05567321
1180,2025-01-24,300612,宣亚国际,0.055648476
1181,2025-01-27,301498,乖宝宠物,0.05564633
1182,2025-01-24,300518,新迅达,0.055635482
1183,2025-01-27,300941,创识科技,0.05562851
1184,2025-01-24,78,海王生物,0.055627257
1185,2025-01-27,815,美利云,0.05557695
1186,2025-01-23,2762,金发拉比,0.055526465
1187,2025-01-27,2575,群兴玩具,0.055524915
1188,2025-01-24,688716,中研股份,0.05552122
1189,2025-01-27,300017,网宿科技,0.055507213
1190,2025-01-27,2295,精艺股份,0.05549735
1191,2025-01-27,6,深振业Ａ,0.05547753
1192,2025-01-23,301299,卓创资讯,0.055467516
1193,2025-01-27,2006,精工科技,0.055464983
1194,2025-01-27,2277,友阿股份,0.055455
1195,2025-01-27,300709,精研科技,0.05544725
1196,2025-01-27,301255,通力科技,0.055430442
1197,2025-01-27,2459,晶澳科技,0.05539885
1198,2025-01-27,603012,创力集团,0.055380404
1199,2025-01-23,561,烽火电子,0.05537486
1200,2025-01-27,600622,光大嘉宝,0.055356324
1201,2025-01-27,300050,世纪鼎利,0.055351377
1202,2025-01-27,688733,壹石通,0.055348754
1203,2025-01-27,301268,铭利达,0.055328935
1204,2025-01-27,688107,安路科技,0.0553253
1205,2025-01-23,300276,三丰智能,0.055321425
1206,2025-01-27,2923,润都股份,0.055294424
1207,2025-01-27,300177,中海达,0.055263758
1208,2025-01-24,2362,汉王科技,0.055255294
1209,2025-01-23,603729,龙韵股份,0.055230886
1210,2025-01-24,600184,光电股份,0.05522868
1211,2025-01-27,688037,芯源微,0.05522406
1212,2025-01-23,300123,亚光科技,0.05520928
1213,2025-01-24,603316,诚邦股份,0.05519125
1214,2025-01-23,688716,中研股份,0.055169016
1215,2025-01-23,300687,赛意信息,0.05515963
1216,2025-01-24,688651,盛邦安全,0.05515629
1217,2025-01-27,2323,雅博股份,0.055153042
1218,2025-01-23,603990,麦迪科技,0.055145353
1219,2025-01-27,600793,宜宾纸业,0.05509174
1220,2025-01-27,2902,铭普光磁,0.05506736
1221,2025-01-27,688522,纳睿雷达,0.05505243
1222,2025-01-27,301577,美信科技,0.05504954
1223,2025-01-27,301191,菲菱科思,0.055034995
1224,2025-01-24,300672,国科微,0.055018127
1225,2025-01-27,688123,聚辰股份,0.05501184
1226,2025-01-27,600722,金牛化工,0.054983348
1227,2025-01-27,603536,惠发食品,0.054976344
1228,2025-01-24,301591,肯特股份,0.05496341
1229,2025-01-24,688114,华大智造,0.05495271
1230,2025-01-27,301004,嘉益股份,0.05489379
1231,2025-01-24,665,湖北广电,0.05486819
1232,2025-01-24,300889,爱克股份,0.054819167
1233,2025-01-27,688031,星环科技-U,0.054794163
1234,2025-01-27,300461,田中精机,0.054790944
1235,2025-01-27,300894,火星人,0.05478695
1236,2025-01-27,300655,晶瑞电材,0.0547857
1237,2025-01-23,2150,通润装备,0.05477026
1238,2025-01-27,688700,东威科技,0.05476722
1239,2025-01-27,2400,省广集团,0.05474037
1240,2025-01-27,300420,五洋自控,0.054730922
1241,2025-01-27,300554,三超新材,0.05472517
1242,2025-01-27,300466,赛摩智能,0.05472228
1243,2025-01-27,962,东方钽业,0.054695368
1244,2025-01-24,688292,浩瀚深度,0.054635882
1245,2025-01-24,600692,亚通股份,0.054625303
1246,2025-01-24,600745,闻泰科技,0.054608256
1247,2025-01-24,688132,邦彦技术,0.054606915
1248,2025-01-27,3001,中岩大地,0.054602027
1249,2025-01-27,688499,利元亨,0.05460021
1250,2025-01-27,300061,旗天科技,0.054596454
1251,2025-01-27,688228,开普云,0.054594725
1252,2025-01-27,2915,中欣氟材,0.054582983
1253,2025-01-24,300989,蕾奥规划,0.054575354
1254,2025-01-27,300046,台基股份,0.0545716
1255,2025-01-27,820,神雾节能,0.05455908
1256,2025-01-27,300510,金冠股份,0.054542035
1257,2025-01-24,603990,麦迪科技,0.05452904
1258,2025-01-27,600255,鑫科材料,0.054510206
1259,2025-01-27,300103,达刚控股,0.05450982
1260,2025-01-27,300352,北信源,0.05449885
1261,2025-01-23,300753,爱朋医疗,0.054480046
1262,2025-01-27,2849,威星智能,0.054470003
1263,2025-01-27,600657,信达地产,0.05441934
1264,2025-01-24,2542,中化岩土,0.05437377
1265,2025-01-27,688286,敏芯股份,0.054362655
1266,2025-01-23,688661,和林微纳,0.05432871
1267,2025-01-24,300010,豆神教育,0.054311335
1268,2025-01-27,301421,波长光电,0.05430454
1269,2025-01-27,603038,华立股份,0.054298848
1270,2025-01-24,600744,华银电力,0.054210156
1271,2025-01-27,300640,德艺文创,0.054199785
1272,2025-01-24,603859,能科科技,0.054192573
1273,2025-01-27,300553,集智股份,0.05418989
1274,2025-01-27,2778,中晟高科,0.054189682
1275,2025-01-23,301486,致尚科技,0.05418834
1276,2025-01-24,688502,茂莱光学,0.054173976
1277,2025-01-24,2221,东华能源,0.054171383
1278,2025-01-22,688656,浩欧博,0.054157555
1279,2025-01-27,600080,金花股份,0.054147065
1280,2025-01-23,301123,奕东电子,0.05407101
1281,2025-01-23,688205,德科立,0.054044038
1282,2025-01-27,603667,五洲新春,0.054001927
1283,2025-01-27,300660,江苏雷利,0.0539847
1284,2025-01-27,710,贝瑞基因,0.05396855
1285,2025-01-27,300374,中铁装配,0.053955972
1286,2025-01-27,603226,菲林格尔,0.053948164
1287,2025-01-27,600973,宝胜股份,0.053948015
1288,2025-01-27,2364,中恒电气,0.053931653
1289,2025-01-27,2547,春兴精工,0.05393058
1290,2025-01-23,603106,恒银科技,0.05390951
1291,2025-01-23,2843,泰嘉股份,0.053893417
1292,2025-01-27,688277,天智航-U,0.053890288
1293,2025-01-27,2177,御银股份,0.053875327
1294,2025-01-27,603819,神力股份,0.053872615
1295,2025-01-27,300380,安硕信息,0.053853482
1296,2025-01-27,2899,英派斯,0.053837717
1297,2025-01-27,2369,卓翼科技,0.053789288
1298,2025-01-27,605228,神通科技,0.053786367
1299,2025-01-27,688141,杰华特,0.053775817
1300,2025-01-27,300593,新雷能,0.053772748
1301,2025-01-23,300879,大叶股份,0.05375135
1302,2025-01-27,688433,华曙高科,0.053717524
1303,2025-01-27,859,国风新材,0.053707868
1304,2025-01-27,300859,西域旅游,0.05369842
1305,2025-01-23,600405,动力源,0.05365643
1306,2025-01-27,2769,普路通,0.053628415
1307,2025-01-24,592,平潭发展,0.05362737
1308,2025-01-27,300317,珈伟新能,0.053587854
1309,2025-01-23,301004,嘉益股份,0.053565055
1310,2025-01-24,2446,盛路通信,0.05355215
1311,2025-01-27,688373,盟科药业-U,0.05354175
1312,2025-01-27,300921,南凌科技,0.053540736
1313,2025-01-27,2348,高乐股份,0.053536832
1314,2025-01-27,2319,乐通股份,0.053533196
1315,2025-01-24,10,美丽生态,0.05352217
1316,2025-01-27,600843,上工申贝,0.05351311
1317,2025-01-24,627,天茂集团,0.05348459
1318,2025-01-27,2603,以岭药业,0.053478003
1319,2025-01-27,688048,长光华芯,0.05347216
1320,2025-01-23,300881,盛德鑫泰,0.05346924
1321,2025-01-24,300211,亿通科技,0.053438187
1322,2025-01-27,2211,宏达新材,0.05343771
1323,2025-01-27,300783,三只松鼠,0.053437203
1324,2025-01-23,600857,宁波中百,0.05339101
1325,2025-01-27,301101,明月镜片,0.05335033
1326,2025-01-27,300715,凯伦股份,0.053349137
1327,2025-01-27,300494,盛天网络,0.05333051
1328,2025-01-27,600702,舍得酒业,0.053302675
1329,2025-01-27,688299,长阳科技,0.053292036
1330,2025-01-27,42,中洲控股,0.05328831
1331,2025-01-27,603496,恒为科技,0.05326909
1332,2025-01-27,300997,欢乐家,0.053254426
1333,2025-01-27,635,英 力 特,0.053249776
1334,2025-01-23,603082,北自科技,0.053249
1335,2025-01-27,2383,合众思壮,0.05324334
1336,2025-01-24,603173,福斯达,0.053240597
1337,2025-01-23,300655,晶瑞电材,0.05314541
1338,2025-01-27,603809,豪能股份,0.053141028
1339,2025-01-23,300766,每日互动,0.053140253
1340,2025-01-27,300980,祥源新材,0.053131253
1341,2025-01-27,603011,合锻智能,0.05312544
1342,2025-01-24,300155,安居宝,0.053120047
1343,2025-01-27,600673,东阳光,0.053115427
1344,2025-01-23,300385,雪浪环境,0.053111464
1345,2025-01-27,600593,大连圣亚,0.053082198
1346,2025-01-24,2779,中坚科技,0.053068846
1347,2025-01-27,301176,逸豪新材,0.053015023
1348,2025-01-27,2123,梦网科技,0.05298856
1349,2025-01-27,300045,华力创通,0.052984238
1350,2025-01-27,2329,皇氏集团,0.05295077
1351,2025-01-24,300044,赛为智能,0.05292961
1352,2025-01-27,688110,东芯股份,0.05290696
1353,2025-01-23,2637,赞宇科技,0.052893043
1354,2025-01-23,300493,润欣科技,0.052851677
1355,2025-01-27,300925,法本信息,0.052819014
1356,2025-01-23,301001,凯淳股份,0.052758813
1357,2025-01-27,603272,联翔股份,0.05275145
1358,2025-01-27,600629,华建集团,0.052751034
1359,2025-01-27,301228,实朴检测,0.05272928
1360,2025-01-23,2718,友邦吊顶,0.052717596
1361,2025-01-27,301062,上海艾录,0.052716106
1362,2025-01-27,300322,硕贝德,0.0527094
1363,2025-01-24,688039,当虹科技,0.0526779
1364,2025-01-27,603516,淳中科技,0.052675188
1365,2025-01-24,688695,中创股份,0.052668393
1366,2025-01-27,300438,鹏辉能源,0.05262679
1367,2025-01-27,300237,美晨科技,0.05259663
1368,2025-01-24,2637,赞宇科技,0.052551
1369,2025-01-24,603636,南威软件,0.05255097
1370,2025-01-27,603950,长源东谷,0.052541554
1371,2025-01-27,301066,万事利,0.052536845
1372,2025-01-23,300435,中泰股份,0.052524865
1373,2025-01-27,300884,狄耐克,0.052518994
1374,2025-01-27,688035,德邦科技,0.052515537
1375,2025-01-24,678,襄阳轴承,0.05250287
1376,2025-01-27,2638,勤上股份,0.05249706
1377,2025-01-24,300537,广信材料,0.052491575
1378,2025-01-24,300985,致远新能,0.052488655
1379,2025-01-23,603118,共进股份,0.0524576
1380,2025-01-27,301187,欧圣电气,0.052457333
1381,2025-01-23,603516,淳中科技,0.052451104
1382,2025-01-27,545,金浦钛业,0.052444905
1383,2025-01-23,603667,五洲新春,0.05244291
1384,2025-01-23,600556,天下秀,0.052438706
1385,2025-01-27,301558,三态股份,0.05243349
1386,2025-01-23,605055,迎丰股份,0.052405417
1387,2025-01-24,600446,金证股份,0.05240038
1388,2025-01-24,1313,粤海饲料,0.05240032
1389,2025-01-27,301326,捷邦科技,0.05239275
1390,2025-01-24,300043,星辉娱乐,0.052392274
1391,2025-01-27,300904,威力传动,0.052366316
1392,2025-01-27,600192,长城电工,0.052315056
1393,2025-01-24,1314,亿道信息,0.052307278
1394,2025-01-23,300825,阿尔特,0.052302748
1395,2025-01-27,1269,欧晶科技,0.052279085
1396,2025-01-27,300892,品渥食品,0.05227557
1397,2025-01-23,601869,长飞光纤,0.052252173
1398,2025-01-23,300723,一品红,0.05224669
1399,2025-01-23,301171,易点天下,0.052221864
1400,2025-01-27,2036,联创电子,0.05219546
1401,2025-01-24,2825,纳尔股份,0.052174956
1402,2025-01-24,1255,博菲电气,0.052158564
1403,2025-01-27,301110,青木科技,0.05213365
1404,2025-01-23,300231,银信科技,0.0521248
1405,2025-01-23,600800,渤海化学,0.052105963
1406,2025-01-27,300572,安车检测,0.052101642
1407,2025-01-27,2678,珠江钢琴,0.052087218
1408,2025-01-27,2931,锋龙股份,0.05208543
1409,2025-01-24,2819,东方中科,0.052084446
1410,2025-01-24,300766,每日互动,0.0520249
1411,2025-01-24,2072,凯瑞德,0.052012622
1412,2025-01-24,2329,皇氏集团,0.052003115
1413,2025-01-24,688433,华曙高科,0.052001357
1414,2025-01-23,600769,祥龙电业,0.051965773
1415,2025-01-27,300427,红相股份,0.05196345
1416,2025-01-24,1380,华纬科技,0.05194524
1417,2025-01-23,300386,飞天诚信,0.05191526
1418,2025-01-24,301302,华如科技,0.051912755
1419,2025-01-27,301220,亚香股份,0.051888525
1420,2025-01-27,688270,臻镭科技,0.051879317
1421,2025-01-23,600705,中航产融,0.05186823
1422,2025-01-27,300786,国林科技,0.05186799
1423,2025-01-27,301007,德迈仕,0.051843196
1424,2025-01-23,2552,宝鼎科技,0.051840276
1425,2025-01-23,688709,成都华微,0.05179906
1426,2025-01-24,2765,蓝黛科技,0.051766068
1427,2025-01-27,688047,龙芯中科,0.051760465
1428,2025-01-27,603808,歌力思,0.051751763
1429,2025-01-27,601933,永辉超市,0.051745117
1430,2025-01-27,300040,九洲集团,0.051736683
1431,2025-01-23,300081,恒信东方,0.051735997
1432,2025-01-27,600212,绿能慧充,0.05173078
1433,2025-01-24,301011,华立科技,0.05170831
1434,2025-01-24,600889,南京化纤,0.05168599
1435,2025-01-27,600113,浙江东日,0.05167243
1436,2025-01-24,603915,国茂股份,0.051658332
1437,2025-01-24,688153,唯捷创芯,0.051633745
1438,2025-01-27,2775,文科股份,0.05162865
1439,2025-01-24,300366,创意信息,0.05162847
1440,2025-01-27,688529,豪森智能,0.051619887
1441,2025-01-23,688047,龙芯中科,0.051611304
1442,2025-01-27,2109,兴化股份,0.051599205
1443,2025-01-23,603922,金鸿顺,0.051545292
1444,2025-01-24,2667,威领股份,0.051540345
1445,2025-01-27,688693,锴威特,0.051530927
1446,2025-01-27,301502,华阳智能,0.051487625
1447,2025-01-23,818,航锦科技,0.051475912
1448,2025-01-27,3016,欣贺股份,0.05142334
1449,2025-01-27,601226,华电科工,0.051413685
1450,2025-01-27,300220,金运激光,0.051412582
1451,2025-01-23,603016,新宏泰,0.05139348
1452,2025-01-24,2400,省广集团,0.051352978
1453,2025-01-24,300986,志特新材,0.051350325
1454,2025-01-23,2420,毅昌科技,0.05134484
1455,2025-01-24,2031,巨轮智能,0.05132976
1456,2025-01-27,603717,天域生物,0.051317424
1457,2025-01-24,300127,银河磁体,0.051315874
1458,2025-01-23,300154,瑞凌股份,0.051310986
1459,2025-01-23,300563,神宇股份,0.051274627
1460,2025-01-27,300598,诚迈科技,0.051247954
1461,2025-01-27,2718,友邦吊顶,0.05123043
1462,2025-01-27,603636,南威软件,0.05121407
1463,2025-01-23,600255,鑫科材料,0.051211715
1464,2025-01-24,2514,宝馨科技,0.051198363
1465,2025-01-23,300050,世纪鼎利,0.05118692
1466,2025-01-27,301259,艾布鲁,0.051186502
1467,2025-01-23,301502,华阳智能,0.051086634
1468,2025-01-24,2225,濮耐股份,0.051076263
1469,2025-01-27,301310,鑫宏业,0.05106008
1470,2025-01-24,300058,蓝色光标,0.051052302
1471,2025-01-24,688660,电气风电,0.05103159
1472,2025-01-27,603059,倍加洁,0.051023126
1473,2025-01-24,300415,伊之密,0.051016957
1474,2025-01-27,301021,英诺激光,0.05101469
1475,2025-01-24,300836,佰奥智能,0.05097276
1476,2025-01-27,300348,长亮科技,0.050971836
1477,2025-01-27,300746,汉嘉设计,0.050971508
1478,2025-01-24,300333,兆日科技,0.05094427
1479,2025-01-27,600193,创兴资源,0.050927848
1480,2025-01-27,600520,文一科技,0.050922662
1481,2025-01-27,603214,爱婴室,0.050919652
1482,2025-01-27,300169,天晟新材,0.050904244
1483,2025-01-23,600593,大连圣亚,0.05089265
1484,2025-01-24,301259,艾布鲁,0.05088857
1485,2025-01-24,600463,空港股份,0.05087921
1486,2025-01-24,300710,万隆光电,0.05086568
1487,2025-01-24,600724,宁波富达,0.05086097
1488,2025-01-27,2551,尚荣医疗,0.050836235
1489,2025-01-24,688172,燕东微,0.05083409
1490,2025-01-24,300776,帝尔激光,0.050814986
1491,2025-01-24,300949,奥雅股份,0.05080083
1492,2025-01-24,301315,威士顿,0.05079326
1493,2025-01-24,300578,会畅通讯,0.050787956
1494,2025-01-23,688252,天德钰,0.050730497
1495,2025-01-27,688275,万润新能,0.050688446
1496,2025-01-27,300405,科隆股份,0.050676703
1497,2025-01-24,300998,宁波方正,0.050662935
1498,2025-01-23,2611,东方精工,0.05062425
1499,2025-01-24,3013,地铁设计,0.05058804
1500,2025-01-24,600653,申华控股,0.05058661
1501,2025-01-27,2747,埃斯顿,0.050581902
1502,2025-01-23,603316,诚邦股份,0.05057317
1503,2025-01-27,2021,中捷资源,0.05056569
1504,2025-01-24,300433,蓝思科技,0.050530553
1505,2025-01-27,600206,有研新材,0.05052933
1506,2025-01-27,300043,星辉娱乐,0.050528318
1507,2025-01-27,301036,双乐股份,0.050516397
1508,2025-01-24,300081,恒信东方,0.05051583
1509,2025-01-27,2096,易普力,0.050508797
1510,2025-01-24,300781,因赛集团,0.05050829
1511,2025-01-23,600851,海欣股份,0.050504148
1512,2025-01-10,972,中基健康,0.05049357
1513,2025-01-24,688001,华兴源创,0.05047816
1514,2025-01-27,688300,联瑞新材,0.05047813
1515,2025-01-27,2347,泰尔股份,0.05046478
1516,2025-01-23,300992,泰福泵业,0.050427914
1517,2025-01-27,520,凤凰航运,0.05042565
1518,2025-01-24,688115,思林杰,0.05039984
1519,2025-01-27,603893,瑞芯微,0.050393373
1520,2025-01-27,2427,尤夫股份,0.05037096
1521,2025-01-27,688613,奥精医疗,0.05036688
1522,2025-01-27,688253,英诺特,0.050361037
1523,2025-01-24,301152,天力锂能,0.05033484
1524,2025-01-24,2993,奥海科技,0.050323606
1525,2025-01-27,301429,森泰股份,0.050314933
1526,2025-01-23,628,高新发展,0.05030662
1527,2025-01-27,603813,原尚股份,0.050301224
1528,2025-01-27,300522,世名科技,0.050280273
1529,2025-01-24,301010,晶雪节能,0.050265342
1530,2025-01-27,2426,胜利精密,0.050240904
1531,2025-01-27,603215,比依股份,0.05022502
1532,2025-01-23,300403,汉宇集团,0.05020663
1533,2025-01-23,603089,正裕工业,0.05020362
1534,2025-01-23,603272,联翔股份,0.05019793
1535,2025-01-24,688339,亿华通-U,0.050178587
1536,2025-01-27,2095,生 意 宝,0.050177842
1537,2025-01-27,300190,维尔利,0.050153077
1538,2025-01-27,600936,广西广电,0.05014822
1539,2025-01-27,605337,李子园,0.05014339
1540,2025-01-27,600981,汇鸿集团,0.050112665
1541,2025-01-23,2851,麦格米特,0.050088376
1542,2025-01-23,2847,盐津铺子,0.050068706
1543,2025-01-24,600487,亨通光电,0.05006346
1544,2025-01-23,688127,蓝特光学,0.050044
1545,2025-01-23,603191,望变电气,0.05003476
1546,2025-01-27,692,惠天热电,0.049988836
1547,2025-01-23,2187,广百股份,0.049987912
1548,2025-01-23,301596,瑞迪智驱,0.049978822
1549,2025-01-27,977,浪潮信息,0.049961895
1550,2025-01-27,688726,拉普拉斯,0.049952686
1551,2025-01-24,301095,广立微,0.049944192
1552,2025-01-27,603002,宏昌电子,0.04994312
1553,2025-01-23,600793,宜宾纸业,0.049933314
1554,2025-01-23,2536,飞龙股份,0.049919903
1555,2025-01-24,600302,标准股份,0.049912363
1556,2025-01-24,603106,恒银科技,0.04991129
1557,2025-01-23,301556,托普云农,0.049910545
1558,2025-01-27,688588,凌志软件,0.049889058
1559,2025-01-24,300670,大烨智能,0.049879313
1560,2025-01-23,688062,迈威生物-U,0.04987812
1561,2025-01-27,688072,拓荆科技,0.049851447
1562,2025-01-23,300211,亿通科技,0.04984361
1563,2025-01-23,2313,日海智能,0.049830467
1564,2025-01-23,300733,西菱动力,0.049824774
1565,2025-01-27,300418,昆仑万维,0.049817234
1566,2025-01-23,600708,光明地产,0.049810022
1567,2025-01-23,603291,联合水务,0.049809307
1568,2025-01-27,300310,宜通世纪,0.04980269
1569,2025-01-24,2917,金奥博,0.049800783
1570,2025-01-23,300378,鼎捷数智,0.04976785
1571,2025-01-27,300056,中创环保,0.049761474
1572,2025-01-23,881,中广核技,0.04969585
1573,2025-01-24,605055,迎丰股份,0.049693197
1574,2025-01-24,300123,亚光科技,0.049687803
1575,2025-01-27,2445,中南文化,0.04966542
1576,2025-01-27,688262,国芯科技,0.049660116
1577,2025-01-24,301313,凡拓数创,0.049644917
1578,2025-01-27,600733,北汽蓝谷,0.04964471
1579,2025-01-27,688071,华依科技,0.049640775
1580,2025-01-27,300197,节能铁汉,0.049625188
1581,2025-01-24,603615,茶花股份,0.04962337
1582,2025-01-27,301208,中亦科技,0.04961267
1583,2025-01-24,688111,金山办公,0.04959756
1584,2025-01-24,605180,华生科技,0.049595803
1585,2025-01-24,688335,复洁环保,0.049560577
1586,2025-01-27,785,居然智家,0.049559742
1587,2025-01-27,688379,华光新材,0.049553126
1588,2025-01-23,300177,中海达,0.04954633
1589,2025-01-23,603529,爱玛科技,0.04951802
1590,2025-01-23,301392,汇成真空,0.049483806
1591,2025-01-23,603836,海程邦达,0.049459666
1592,2025-01-27,300530,领湃科技,0.049453527
1593,2025-01-23,300128,锦富技术,0.049452513
1594,2025-01-27,300436,广生堂,0.049449563
1595,2025-01-27,938,紫光股份,0.049449265
1596,2025-01-24,688322,奥比中光-UW,0.049428344
1597,2025-01-23,2811,郑中设计,0.049408406
1598,2025-01-27,300385,雪浪环境,0.04939428
1599,2025-01-27,2094,青岛金王,0.049387455
1600,2025-01-23,2403,爱仕达,0.049383253
1601,2025-01-23,603868,飞科电器,0.049380153
1602,2025-01-27,603898,好莱客,0.04937616
1603,2025-01-27,688361,中科飞测,0.049361765
1604,2025-01-27,300563,神宇股份,0.04936081
1605,2025-01-23,2759,天际股份,0.04933867
1606,2025-01-23,301069,凯盛新材,0.049337983
1607,2025-01-24,301127,天源环保,0.049333096
1608,2025-01-27,2527,新时达,0.049267083
1609,2025-01-23,503,国新健康,0.049261034
1610,2025-01-27,300468,四方精创,0.0492512
1611,2025-01-27,300051,琏升科技,0.049245656
1612,2025-01-24,300359,全通教育,0.04924217
1613,2025-01-23,600744,华银电力,0.049241155
1614,2025-01-23,2921,联诚精密,0.049232364
1615,2025-01-23,300474,景嘉微,0.049205452
1616,2025-01-23,688733,壹石通,0.04916358
1617,2025-01-23,600080,金花股份,0.049139798
1618,2025-01-24,688529,豪森智能,0.049133867
1619,2025-01-27,688339,亿华通-U,0.049132407
1620,2025-01-27,1306,夏厦精密,0.049129993
1621,2025-01-27,688676,金盘科技,0.04912892
1622,2025-01-27,2041,登海种业,0.049121678
1623,2025-01-27,600105,永鼎股份,0.04911837
1624,2025-01-24,2050,三花智控,0.049115658
1625,2025-01-27,300542,新晨科技,0.049106658
1626,2025-01-27,603386,骏亚科技,0.049093395
1627,2025-01-27,603109,神驰机电,0.049084336
1628,2025-01-27,603305,旭升集团,0.049060345
1629,2025-01-27,301633,港迪技术,0.0490458
1630,2025-01-27,300484,蓝海华腾,0.049040765
1631,2025-01-24,600610,中毅达,0.04903823
1632,2025-01-24,603758,秦安股份,0.049030274
1633,2025-01-27,600129,太极集团,0.049021482
1634,2025-01-27,300620,光库科技,0.049013227
1635,2025-01-23,688181,八亿时空,0.049011886
1636,2025-01-24,688372,伟测科技,0.04900101
1637,2025-01-27,301357,北方长龙,0.04899174
1638,2025-01-27,300490,华自科技,0.048984915
1639,2025-01-24,2279,久其软件,0.048981667
1640,2025-01-24,300572,安车检测,0.048974633
1641,2025-01-27,300822,贝仕达克,0.04893303
1642,2025-01-27,2681,奋达科技,0.04892406
1643,2025-01-27,300429,强力新材,0.048915744
1644,2025-01-24,300352,北信源,0.04891017
1645,2025-01-27,688303,大全能源,0.048906744
1646,2025-01-27,300718,长盛轴承,0.048903048
1647,2025-01-27,688533,上声电子,0.048901707
1648,2025-01-27,300624,万兴科技,0.048885614
1649,2025-01-27,603955,大千生态,0.04886946
1650,2025-01-24,300235,方直科技,0.0488514
1651,2025-01-27,688183,生益电子,0.048844248
1652,2025-01-23,603789,星光农机,0.048817724
1653,2025-01-27,688776,国光电气,0.048813105
1654,2025-01-27,603089,正裕工业,0.048810154
1655,2025-01-23,300037,新宙邦,0.04879558
1656,2025-01-23,903,云内动力,0.048795193
1657,2025-01-23,600653,申华控股,0.048777282
1658,2025-01-27,301168,通灵股份,0.048769772
1659,2025-01-23,2164,宁波东力,0.048762947
1660,2025-01-27,688701,卓锦股份,0.04875949
1661,2025-01-27,603969,银龙股份,0.048746854
1662,2025-01-27,300448,浩云科技,0.048736364
1663,2025-01-27,300067,安诺其,0.048730254
1664,2025-01-24,2629,仁智股份,0.048723787
1665,2025-01-23,300634,彩讯股份,0.048718214
1666,2025-01-27,300713,英可瑞,0.04871264
1667,2025-01-23,2645,华宏科技,0.048695087
1668,2025-01-24,301511,德福科技,0.048685074
1669,2025-01-27,603316,诚邦股份,0.048683286
1670,2025-01-24,603533,掌阅科技,0.048678577
1671,2025-01-27,300795,米奥会展,0.04867494
1672,2025-01-24,688361,中科飞测,0.04863295
1673,2025-01-23,688337,普源精电,0.04861912
1674,2025-01-23,688246,嘉和美康,0.048615336
1675,2025-01-27,2261,拓维信息,0.048612803
1676,2025-01-27,603063,禾望电气,0.048578322
1677,2025-01-23,688167,炬光科技,0.048562467
1678,2025-01-24,300063,天龙集团,0.048550844
1679,2025-01-27,2713,东易日盛,0.04854098
1680,2025-01-24,301230,泓博医药,0.048528105
1681,2025-01-24,600793,宜宾纸业,0.048502803
1682,2025-01-24,300753,爱朋医疗,0.048481137
1683,2025-01-27,2712,思美传媒,0.04847324
1684,2025-01-24,301110,青木科技,0.04846546
1685,2025-01-24,603806,福斯特,0.048460305
1686,2025-01-27,603269,海鸥股份,0.048427165
1687,2025-01-27,600986,浙文互联,0.048402786
1688,2025-01-24,2878,元隆雅图,0.048371673
1689,2025-01-27,2269,美邦服饰,0.04836148
1690,2025-01-23,3016,欣贺股份,0.048356235
1691,2025-01-24,603386,骏亚科技,0.04823771
1692,2025-01-24,300467,迅游科技,0.04822281
1693,2025-01-24,601869,长飞光纤,0.048217922
1694,2025-01-23,603030,全筑股份,0.048199028
1695,2025-01-23,2945,华林证券,0.048194766
1696,2025-01-27,300497,富祥药业,0.048194766
1697,2025-01-24,688256,寒武纪-U,0.04818967
1698,2025-01-27,721,西安饮食,0.048179895
1699,2025-01-27,688103,国力股份,0.04816562
1700,2025-01-27,300678,中科信息,0.048164517
1701,2025-01-27,300072,海新能科,0.048164397
1702,2025-01-27,300042,朗科科技,0.0481458
1703,2025-01-24,300365,恒华科技,0.048143655
1704,2025-01-23,301010,晶雪节能,0.04813865
1705,2025-01-23,301239,普瑞眼科,0.04811892
1706,2025-01-27,301383,天键股份,0.04804045
1707,2025-01-27,300277,海联讯,0.04802367
1708,2025-01-27,300232,洲明科技,0.048011154
1709,2025-01-27,663,永安林业,0.048004895
1710,2025-01-23,300613,富瀚微,0.047980994
1711,2025-01-27,300603,立昂技术,0.04797715
1712,2025-01-27,300173,福能东方,0.047971606
1713,2025-01-23,2285,世联行,0.047959626
1714,2025-01-23,605333,沪光股份,0.047945857
1715,2025-01-27,590,启迪药业,0.04794529
1716,2025-01-27,301302,华如科技,0.047926128
1717,2025-01-27,603859,能科科技,0.04792589
1718,2025-01-27,300629,新劲刚,0.047918975
1719,2025-01-27,66,中国长城,0.047914714
1720,2025-01-24,688659,元琛科技,0.047911346
1721,2025-01-24,2115,三维通信,0.04790157
1722,2025-01-23,301183,东田微,0.047897905
1723,2025-01-27,300757,罗博特科,0.04788974
1724,2025-01-23,300667,必创科技,0.047889024
1725,2025-01-27,600151,航天机电,0.047879934
1726,2025-01-24,2261,拓维信息,0.047854483
1727,2025-01-27,600696,岩石股份,0.047849894
1728,2025-01-27,300260,新莱应材,0.047839165
1729,2025-01-23,2775,文科股份,0.04783362
1730,2025-01-24,600198,大唐电信,0.047812432
1731,2025-01-27,2897,意华股份,0.047799557
1732,2025-01-24,688090,瑞松科技,0.04779464
1733,2025-01-24,600858,银座股份,0.04778105
1734,2025-01-24,600345,长江通信,0.047774136
1735,2025-01-27,2634,棒杰股份,0.047768146
1736,2025-01-27,603985,恒润股份,0.047766328
1737,2025-01-23,601011,宝泰隆,0.047755837
1738,2025-01-23,300076,GQY视讯,0.04774931
1739,2025-01-24,300968,格林精密,0.047749043
1740,2025-01-27,300410,正业科技,0.047747046
1741,2025-01-27,300556,丝路视觉,0.04773727
1742,2025-01-27,603330,天洋新材,0.047659636
1743,2025-01-27,603336,宏辉果蔬,0.047656298
1744,2025-01-27,601011,宝泰隆,0.04764718
1745,2025-01-23,301628,强达电路,0.047646493
1746,2025-01-27,300687,赛意信息,0.047642052
1747,2025-01-27,813,德展健康,0.047608852
1748,2025-01-24,301076,新瀚新材,0.047608286
1749,2025-01-27,2819,东方中科,0.047597945
1750,2025-01-23,688515,裕太微-U,0.047574133
1751,2025-01-27,868,安凯客车,0.04757008
1752,2025-01-27,2865,钧达股份,0.047564298
1753,2025-01-23,300420,五洋自控,0.04755822
1754,2025-01-27,2628,成都路桥,0.047554106
1755,2025-01-27,300053,航宇微,0.04753959
1756,2025-01-23,300198,纳川股份,0.047534496
1757,2025-01-24,2775,文科股份,0.047530234
1758,2025-01-23,600807,济高发展,0.047517806
1759,2025-01-23,2723,小崧股份,0.047508895
1760,2025-01-27,688038,中科通达,0.047508806
1761,2025-01-27,799,酒鬼酒,0.047495335
1762,2025-01-24,300887,谱尼测试,0.047474742
1763,2025-01-23,2829,星网宇达,0.04747209
1764,2025-01-24,600480,凌云股份,0.04746464
1765,2025-01-23,300647,超频三,0.04744965
1766,2025-01-27,300967,晓鸣股份,0.04743582
1767,2025-01-24,301558,三态股份,0.047418863
1768,2025-01-23,688303,大全能源,0.047404796
1769,2025-01-24,688218,江苏北人,0.047404498
1770,2025-01-24,688627,精智达,0.047392815
1771,2025-01-23,688115,思林杰,0.047388583
1772,2025-01-24,2965,祥鑫科技,0.0473828
1773,2025-01-27,600117,西宁特钢,0.0473817
1774,2025-01-27,300776,帝尔激光,0.047381103
1775,2025-01-24,688030,山石网科,0.047376603
1776,2025-01-27,300393,中来股份,0.047361642
1777,2025-01-24,600626,申达股份,0.047353774
1778,2025-01-23,1255,博菲电气,0.0473316
1779,2025-01-23,688591,泰凌微,0.047303498
1780,2025-01-23,688622,禾信仪器,0.04729736
1781,2025-01-27,603668,天马科技,0.04728368
1782,2025-01-24,688227,品高股份,0.04727322
1783,2025-01-24,2187,广百股份,0.04727
1784,2025-01-27,300751,迈为股份,0.04726231
1785,2025-01-09,972,中基健康,0.04726222
1786,2025-01-23,300551,古鳌科技,0.047261417
1787,2025-01-27,2596,海南瑞泽,0.047258765
1788,2025-01-23,688162,巨一科技,0.047249794
1789,2025-01-23,2583,海能达,0.047245353
1790,2025-01-27,300876,蒙泰高新,0.047243387
1791,2025-01-27,300615,欣天科技,0.04722318
1792,2025-01-24,688503,聚和材料,0.04721576
1793,2025-01-27,2119,康强电子,0.047214508
1794,2025-01-27,300674,宇信科技,0.04721108
1795,2025-01-27,3042,中农联合,0.04718387
1796,2025-01-24,300047,天源迪科,0.04717949
1797,2025-01-27,688525,佰维存储,0.047172636
1798,2025-01-27,603051,鹿山新材,0.047158986
1799,2025-01-27,688117,圣诺生物,0.04712814
1800,2025-01-23,301062,上海艾录,0.047119647
1801,2025-01-24,603033,三维股份,0.047075927
1802,2025-01-24,688670,金迪克,0.047037035
1803,2025-01-24,603059,倍加洁,0.047026783
1804,2025-01-24,932,华菱钢铁,0.047016025
1805,2025-01-24,688345,博力威,0.04700464
1806,2025-01-23,300528,幸福蓝海,0.047002047
1807,2025-01-27,300968,格林精密,0.046999693
1808,2025-01-23,600390,五矿资本,0.046978354
1809,2025-01-23,2660,茂硕电源,0.046976805
1810,2025-01-27,2682,龙洲股份,0.046973526
1811,2025-01-27,2689,远大智能,0.046971053
1812,2025-01-27,901,航天科技,0.0469597
1813,2025-01-24,603039,泛微网络,0.046949297
1814,2025-01-23,300094,国联水产,0.046946466
1815,2025-01-27,301270,汉仪股份,0.04689747
1816,2025-01-24,688377,迪威尔,0.04689032
1817,2025-01-27,688332,中科蓝讯,0.046849072
1818,2025-01-27,300293,蓝英装备,0.04684609
1819,2025-01-27,301608,博实结,0.04684049
1820,2025-01-27,688603,天承科技,0.046825796
1821,2025-01-23,600545,卓郎智能,0.046821177
1822,2025-01-23,1330,博纳影业,0.046812296
1823,2025-01-27,2806,华锋股份,0.046809614
1824,2025-01-24,300647,超频三,0.0467996
1825,2025-01-27,2536,飞龙股份,0.046777934
1826,2025-01-27,2178,延华智能,0.04677561
1827,2025-01-23,603496,恒为科技,0.04675418
1828,2025-01-24,300098,高新兴,0.046741366
1829,2025-01-23,962,东方钽业,0.046732128
1830,2025-01-23,63,中兴通讯,0.046720296
1831,2025-01-24,300652,雷迪克,0.0467152
1832,2025-01-24,688591,泰凌微,0.04671043
1833,2025-01-24,600824,益民集团,0.04670337
1834,2025-01-24,301141,中科磁业,0.04669702
1835,2025-01-23,2427,尤夫股份,0.046681732
1836,2025-01-27,301306,西测测试,0.04667753
1837,2025-01-27,753,漳州发展,0.046663254
1838,2025-01-24,603922,金鸿顺,0.046657145
1839,2025-01-27,688077,大地熊,0.04665476
1840,2025-01-24,603360,百傲化学,0.04665196
1841,2025-01-27,301040,中环海陆,0.046643913
1842,2025-01-27,757,浩物股份,0.046626657
1843,2025-01-27,301419,阿莱德,0.04662186
1844,2025-01-24,2600,领益智造,0.0466052
1845,2025-01-24,688021,奥福环保,0.046602458
1846,2025-01-23,2058,威尔泰,0.04660067
1847,2025-01-23,301285,鸿日达,0.04659605
1848,2025-01-23,603486,科沃斯,0.0465914
1849,2025-01-23,301259,艾布鲁,0.046582997
1850,2025-01-24,608,阳光股份,0.04657525
1851,2025-01-23,688659,元琛科技,0.04656416
1852,2025-01-27,2759,天际股份,0.04655561
1853,2025-01-24,688068,热景生物,0.046548784
1854,2025-01-27,300811,铂科新材,0.04654309
1855,2025-01-27,2148,北纬科技,0.04654011
1856,2025-01-24,300723,一品红,0.046520084
1857,2025-01-27,688327,云从科技-UW,0.04651594
1858,2025-01-24,605108,同庆楼,0.046515375
1859,2025-01-27,300134,大富科技,0.046512812
1860,2025-01-27,600536,中国软件,0.046509087
1861,2025-01-27,300662,科锐国际,0.046508044
1862,2025-01-27,553,安道麦A,0.046492934
1863,2025-01-27,2663,普邦股份,0.046473205
1864,2025-01-24,300638,广和通,0.04645592
1865,2025-01-27,688261,东微半导,0.04645446
1866,2025-01-27,2012,凯恩股份,0.046453357
1867,2025-01-27,301180,万祥科技,0.046432942
1868,2025-01-23,600172,黄河旋风,0.046418846
1869,2025-01-24,300992,泰福泵业,0.046391368
1870,2025-01-24,818,航锦科技,0.04637277
1871,2025-01-23,688603,天承科技,0.04636678
1872,2025-01-23,31,大悦城,0.046360463
1873,2025-01-23,600654,中安科,0.04635498
1874,2025-01-23,300442,润泽科技,0.04633069
1875,2025-01-24,688004,博汇科技,0.046329677
1876,2025-01-27,301068,大地海洋,0.046328515
1877,2025-01-24,603978,深圳新星,0.04632318
1878,2025-01-27,300451,创业慧康,0.046318144
1879,2025-01-24,3032,传智教育,0.046316892
1880,2025-01-23,2666,德联集团,0.046305805
1881,2025-01-23,2795,永和智控,0.04629597
1882,2025-01-14,688667,菱电电控,0.046286434
1883,2025-01-27,300496,中科创达,0.046260327
1884,2025-01-23,2694,顾地科技,0.04625696
1885,2025-01-24,603868,飞科电器,0.046252936
1886,2025-01-27,761,本钢板材,0.046248615
1887,2025-01-27,688153,唯捷创芯,0.046242774
1888,2025-01-27,600968,海油发展,0.04622847
1889,2025-01-23,688051,佳华科技,0.046227902
1890,2025-01-27,603868,飞科电器,0.04622668
1891,2025-01-27,688237,超卓航科,0.046205997
1892,2025-01-27,603656,泰禾智能,0.046204776
1893,2025-01-23,300465,高伟达,0.04620266
1894,2025-01-27,300166,东方国信,0.04620266
1895,2025-01-27,2855,捷荣技术,0.04619637
1896,2025-01-23,1231,农心科技,0.046192408
1897,2025-01-23,695,滨海能源,0.046182126
1898,2025-01-24,603496,恒为科技,0.046171516
1899,2025-01-24,688084,晶品特装,0.04616669
1900,2025-01-27,688322,奥比中光-UW,0.04613599
1901,2025-01-23,300098,高新兴,0.046126902
1902,2025-01-24,1208,华菱线缆,0.046126425
1903,2025-01-24,300095,华伍股份,0.04612598
1904,2025-01-24,628,高新发展,0.046108216
1905,2025-01-24,688392,骄成超声,0.04610455
1906,2025-01-23,688041,海光信息,0.04609999
1907,2025-01-24,603583,捷昌驱动,0.046086013
1908,2025-01-23,3037,三和管桩,0.04608491
1909,2025-01-24,688316,青云科技-U,0.046083957
1910,2025-01-24,300460,惠伦晶体,0.046073258
1911,2025-01-24,300900,广联航空,0.04603991
1912,2025-01-24,1267,汇绿生态,0.046037436
1913,2025-01-27,300938,信测标准,0.046032935
1914,2025-01-27,301226,祥明智能,0.046023518
1915,2025-01-23,603728,鸣志电器,0.04602307
1916,2025-01-24,300177,中海达,0.046019822
1917,2025-01-27,600705,中航产融,0.046017498
1918,2025-01-27,300118,东方日升,0.046014577
1919,2025-01-27,2729,好利科技,0.04598528
1920,2025-01-23,603986,兆易创新,0.04594764
1921,2025-01-27,2149,西部材料,0.045939833
1922,2025-01-27,301368,丰立智能,0.045939
1923,2025-01-24,688737,中自科技,0.04591611
1924,2025-01-27,600159,大龙地产,0.045913488
1925,2025-01-23,688225,亚信安全,0.045912176
1926,2025-01-27,300081,恒信东方,0.045911252
1927,2025-01-24,600654,中安科,0.045908064
1928,2025-01-27,300370,安控科技,0.045902908
1929,2025-01-23,603629,利通电子,0.0459013
1930,2025-01-13,688667,菱电电控,0.04589808
1931,2025-01-24,300940,南极光,0.04589516
1932,2025-01-24,688016,心脉医疗,0.045894563
1933,2025-01-24,561,烽火电子,0.04588449
1934,2025-01-23,605060,联德股份,0.04587522
1935,2025-01-23,688218,江苏北人,0.045874953
1936,2025-01-24,688311,盟升电子,0.045871824
1937,2025-01-27,600658,电子城,0.045863748
1938,2025-01-23,2,万  科Ａ,0.045857817
1939,2025-01-24,300080,易成新能,0.045851648
1940,2025-01-24,300152,新动力,0.04584065
1941,2025-01-27,300261,雅本化学,0.045832634
1942,2025-01-24,2153,石基信息,0.04581833
1943,2025-01-27,603803,瑞斯康达,0.0458062
1944,2025-01-24,761,本钢板材,0.045794576
1945,2025-01-27,300113,顺网科技,0.04578644
1946,2025-01-24,2820,桂发祥,0.045764655
1947,2025-01-27,300252,金信诺,0.04575202
1948,2025-01-27,903,云内动力,0.045745134
1949,2025-01-24,2467,二六三,0.04573807
1950,2025-01-24,300115,长盈精密,0.04573378
1951,2025-01-24,2189,中光学,0.045713574
1952,2025-01-24,300405,科隆股份,0.04571262
1953,2025-01-23,301323,新莱福,0.04568386
1954,2025-01-27,300735,光弘科技,0.04567477
1955,2025-01-27,2285,世联行,0.045661524
1956,2025-01-24,887,中鼎股份,0.045646295
1957,2025-01-27,300762,上海瀚讯,0.045642555
1958,2025-01-24,300288,朗玛信息,0.04562828
1959,2025-01-23,688486,龙迅股份,0.045627624
1960,2025-01-27,603085,天成自控,0.045613453
1961,2025-01-27,300458,全志科技,0.04561296
1962,2025-01-24,688500,慧辰股份,0.04556361
1963,2025-01-27,61,农 产 品,0.04555577
1964,2025-01-23,300189,神农种业,0.04553671
1965,2025-01-27,688,国城矿业,0.045513406
1966,2025-01-23,301049,超越科技,0.045513272
1967,2025-01-27,301266,宇邦新材,0.04550764
1968,2025-01-27,688297,中无人机,0.045496732
1969,2025-01-24,2123,梦网科技,0.04549609
1970,2025-01-27,300180,华峰超纤,0.045492873
1971,2025-01-27,688132,邦彦技术,0.045481354
1972,2025-01-24,300503,昊志机电,0.04548061
1973,2025-01-27,2374,中锐股份,0.045470566
1974,2025-01-23,301568,思泰克,0.045458227
1975,2025-01-24,300459,汤姆猫,0.045428187
1976,2025-01-27,688231,隆达股份,0.045423552
1977,2025-01-27,688113,联测科技,0.04541816
1978,2025-01-24,533,顺钠股份,0.045408368
1979,2025-01-27,603016,新宏泰,0.045406714
1980,2025-01-23,603669,灵康药业,0.04539317
1981,2025-01-27,988,华工科技,0.04537852
1982,2025-01-27,688661,和林微纳,0.045370087
1983,2025-01-23,688113,联测科技,0.045360997
1984,2025-01-27,300619,金银河,0.045349598
1985,2025-01-27,679,大连友谊,0.045348555
1986,2025-01-27,2862,实丰文化,0.04533741
1987,2025-01-27,300518,新迅达,0.045326874
1988,2025-01-24,3007,直真科技,0.045325607
1989,2025-01-27,605303,园林股份,0.04532534
1990,2025-01-27,300671,富满微,0.0453234
1991,2025-01-24,2620,瑞和股份,0.04532267
1992,2025-01-27,688032,禾迈股份,0.045284808
1993,2025-01-24,300559,佳发教育,0.04527022
1994,2025-01-23,2272,川润股份,0.04525289
1995,2025-01-27,301085,亚康股份,0.04523301
1996,2025-01-24,688337,普源精电,0.045212388
1997,2025-01-27,603711,香飘飘,0.04520127
1998,2025-01-24,600129,太极集团,0.045196548
1999,2025-01-23,601500,通用股份,0.045189053
2000,2025-01-27,712,锦龙股份,0.04518482
2001,2025-01-24,688083,中望软件,0.045183957
2002,2025-01-27,301005,超捷股份,0.04514718
2003,2025-01-27,3037,三和管桩,0.045136437
2004,2025-01-27,300818,耐普矿机,0.045117006
2005,2025-01-24,300232,洲明科技,0.04510668
2006,2025-01-24,688636,智明达,0.045101613
2007,2025-01-24,688686,奥普特,0.045098618
2008,2025-01-27,300991,创益通,0.045052096
2009,2025-01-24,300679,电连技术,0.045046583
2010,2025-01-24,600693,东百集团,0.045033738
2011,2025-01-24,301025,读客文化,0.045031086
2012,2025-01-23,688313,仕佳光子,0.045024455
2013,2025-01-23,301182,凯旺科技,0.045004487
2014,2025-01-27,600163,中闽能源,0.045004427
2015,2025-01-27,600620,天宸股份,0.045002833
2016,2025-01-24,2582,好想你,0.04499969
2017,2025-01-27,2719,麦趣尔,0.04499969
2018,2025-01-24,300663,科蓝软件,0.044997513
2019,2025-01-27,300270,中威电子,0.044963703
2020,2025-01-24,300040,九洲集团,0.04496321
2021,2025-01-27,688360,德马科技,0.04494439
2022,2025-01-23,300763,锦浪科技,0.044935435
2023,2025-01-27,688193,仁度生物,0.04491043
2024,2025-01-24,600706,曲江文旅,0.044905335
2025,2025-01-24,2190,成飞集成,0.04489696
2026,2025-01-24,2989,中天精装,0.04488784
2027,2025-01-27,300432,富临精工,0.044887632
2028,2025-01-24,688239,航宇科技,0.044886038
2029,2025-01-23,603004,鼎龙科技,0.044859335
2030,2025-01-27,600619,海立股份,0.044842467
2031,2025-01-27,688680,海优新材,0.044811055
2032,2025-01-27,2620,瑞和股份,0.04479958
2033,2025-01-23,301067,显盈科技,0.04479459
2034,2025-01-27,3040,楚天龙,0.04478234
2035,2025-01-23,545,金浦钛业,0.044771984
2036,2025-01-23,600696,岩石股份,0.044755355
2037,2025-01-23,301110,青木科技,0.04474598
2038,2025-01-27,1313,粤海饲料,0.044735014
2039,2025-01-27,300879,大叶股份,0.04471031
2040,2025-01-27,688108,赛诺医疗,0.04470724
2041,2025-01-27,600732,爱旭股份,0.04470539
2042,2025-01-27,600199,金种子酒,0.04470305
2043,2025-01-27,300063,天龙集团,0.044700786
2044,2025-01-24,2319,乐通股份,0.044697464
2045,2025-01-24,603901,永创智能,0.04468608
2046,2025-01-23,301516,中远通,0.044681594
2047,2025-01-24,2947,恒铭达,0.044673666
2048,2025-01-24,603819,神力股份,0.044670567
2049,2025-01-24,2241,歌尔股份,0.0446575
2050,2025-01-27,301073,君亭酒店,0.044625387
2051,2025-01-27,301516,中远通,0.04462421
2052,2025-01-23,2640,跨境通,0.04462242
2053,2025-01-27,681,视觉中国,0.044619888
2054,2025-01-23,601882,海天精工,0.04460983
2055,2025-01-23,603177,德创环保,0.04460475
2056,2025-01-24,301310,鑫宏业,0.044604078
2057,2025-01-24,600601,方正科技,0.04458776
2058,2025-01-23,605303,园林股份,0.04458615
2059,2025-01-27,59,华锦股份,0.04458469
2060,2025-01-27,603863,松炀资源,0.044581264
2061,2025-01-27,600807,济高发展,0.044568256
2062,2025-01-24,603151,邦基科技,0.04455872
2063,2025-01-23,2630,华西能源,0.044553846
2064,2025-01-27,2670,国盛金控,0.044549122
2065,2025-01-24,2713,东易日盛,0.044547215
2066,2025-01-27,603358,华达科技,0.044539407
2067,2025-01-27,300606,金太阳,0.044535086
2068,2025-01-27,2521,齐峰新材,0.044521883
2069,2025-01-27,688615,合合信息,0.044509172
2070,2025-01-23,300510,金冠股份,0.04450856
2071,2025-01-27,603083,剑桥科技,0.044506162
2072,2025-01-24,600107,美尔雅,0.044501588
2073,2025-01-24,520,凤凰航运,0.04450129
2074,2025-01-27,688662,富信科技,0.044494927
2075,2025-01-24,600807,济高发展,0.044492677
2076,2025-01-24,300622,博士眼镜,0.044490382
2077,2025-01-27,3011,海象新材,0.04448743
2078,2025-01-27,600203,福日电子,0.044484183
2079,2025-01-27,301029,怡合达,0.044474676
2080,2025-01-24,600438,通威股份,0.0444697
2081,2025-01-27,603138,海量数据,0.04446359
2082,2025-01-24,603955,大千生态,0.0444614
2083,2025-01-27,300707,威唐工业,0.04445675
2084,2025-01-23,301127,天源环保,0.044441298
2085,2025-01-23,300588,熙菱信息,0.04441783
2086,2025-01-24,300222,科大智能,0.044414297
2087,2025-01-27,2491,通鼎互联,0.044403806
2088,2025-01-27,600691,阳煤化工,0.044400647
2089,2025-01-27,2741,光华科技,0.044395432
2090,2025-01-27,300130,新国都,0.044381335
2091,2025-01-24,300884,狄耐克,0.044380978
2092,2025-01-24,688208,道通科技,0.044377863
2093,2025-01-23,688031,星环科技-U,0.044370383
2094,2025-01-23,300952,恒辉安防,0.04436381
2095,2025-01-27,2965,祥鑫科技,0.04436046
2096,2025-01-27,600215,派斯林,0.044344306
2097,2025-01-24,688588,凌志软件,0.044323534
2098,2025-01-23,300758,七彩化学,0.044311374
2099,2025-01-24,300112,万讯自控,0.04430324
2100,2025-01-27,600753,庚星股份,0.044297457
2101,2025-01-24,600212,绿能慧充,0.044289127
2102,2025-01-24,2004,华邦健康,0.044287547
2103,2025-01-23,300716,泉为科技,0.0442691
2104,2025-01-23,688778,厦钨新能,0.0442608
2105,2025-01-27,600506,统一股份,0.044256344
2106,2025-01-27,600706,曲江文旅,0.04424794
2107,2025-01-23,300488,恒锋工具,0.044233248
2108,2025-01-24,603629,利通电子,0.044232905
2109,2025-01-24,2038,双鹭药业,0.044230193
2110,2025-01-27,300780,德恩精工,0.04421264
2111,2025-01-27,300900,广联航空,0.04420823
2112,2025-01-27,300025,华星创业,0.044187978
2113,2025-01-24,300153,科泰电源,0.044180885
2114,2025-01-27,571,新大洲A,0.044162825
2115,2025-01-23,601162,天风证券,0.044158295
2116,2025-01-23,600371,万向德农,0.04414414
2117,2025-01-24,2712,思美传媒,0.04411605
2118,2025-01-27,301120,新特电气,0.044112176
2119,2025-01-24,603659,璞泰来,0.044109896
2120,2025-01-23,300550,和仁科技,0.044105202
2121,2025-01-22,300839,博汇股份,0.044086754
2122,2025-01-24,688573,信宇人,0.04406555
2123,2025-01-23,300380,安硕信息,0.044053197
2124,2025-01-24,603836,海程邦达,0.044052288
2125,2025-01-23,688361,中科飞测,0.04403311
2126,2025-01-27,301049,超越科技,0.04402198
2127,2025-01-24,2611,东方精工,0.044020385
2128,2025-01-23,300746,汉嘉设计,0.044017047
2129,2025-01-27,2991,甘源食品,0.0439969
2130,2025-01-27,688173,希荻微,0.043989122
2131,2025-01-24,600604,市北高新,0.04397516
2132,2025-01-24,2735,王子新材,0.043966383
2133,2025-01-27,2213,大为股份,0.043962345
2134,2025-01-27,300010,豆神教育,0.043962
2135,2025-01-24,301357,北方长龙,0.043954387
2136,2025-01-24,301005,超捷股份,0.043922305
2137,2025-01-23,3015,日久光电,0.043916613
2138,2025-01-27,63,中兴通讯,0.043905333
2139,2025-01-24,300464,星徽股份,0.043883815
2140,2025-01-27,300145,中金环境,0.043857694
2141,2025-01-27,688410,山外山,0.04385534
2142,2025-01-24,300932,三友联众,0.043841764
2143,2025-01-24,905,厦门港务,0.04383707
2144,2025-01-27,688114,华大智造,0.043828472
2145,2025-01-27,880,潍柴重机,0.04381834
2146,2025-01-27,600318,新力金融,0.043817252
2147,2025-01-23,2075,沙钢股份,0.043798
2148,2025-01-27,605178,时空科技,0.043780655
2149,2025-01-24,603337,杰克股份,0.043767184
2150,2025-01-23,300147,香雪制药,0.043764964
2151,2025-01-27,932,华菱钢铁,0.04375258
2152,2025-01-27,688584,上海合晶,0.043746516
2153,2025-01-27,631,顺发恒业,0.043739676
2154,2025-01-24,300945,曼卡龙,0.04373531
2155,2025-01-24,688766,普冉股份,0.04370743
2156,2025-01-24,2211,宏达新材,0.043702662
2157,2025-01-27,300591,万里马,0.043698847
2158,2025-01-27,300112,万讯自控,0.043685436
2159,2025-01-27,688348,昱能科技,0.043679833
2160,2025-01-27,2825,纳尔股份,0.04366809
2161,2025-01-27,300849,锦盛新材,0.04366237
2162,2025-01-24,2356,赫美集团,0.043657705
2163,2025-01-27,300881,盛德鑫泰,0.0436548
2164,2025-01-23,300382,斯莱克,0.04365158
2165,2025-01-27,600503,华丽家族,0.043642223
2166,2025-01-24,300645,正元智慧,0.04363799
2167,2025-01-27,600107,美尔雅,0.0436358
2168,2025-01-23,300017,网宿科技,0.043624535
2169,2025-01-23,2123,梦网科技,0.043614328
2170,2025-01-27,300682,朗新集团,0.043599248
2171,2025-01-27,600480,凌云股份,0.043594494
2172,2025-01-23,688981,中芯国际,0.043587685
2173,2025-01-27,300078,思创医惠,0.043580353
2174,2025-01-23,301120,新特电气,0.0435742
2175,2025-01-23,600609,金杯汽车,0.043569937
2176,2025-01-23,300945,曼卡龙,0.04356453
2177,2025-01-27,300571,平治信息,0.043539748
2178,2025-01-27,600463,空港股份,0.043520316
2179,2025-01-27,510,新金路,0.043502346
2180,2025-01-23,1283,豪鹏科技,0.043488443
2181,2025-01-24,300746,汉嘉设计,0.04348673
2182,2025-01-23,2221,东华能源,0.043483064
2183,2025-01-24,2737,葵花药业,0.043460682
2184,2025-01-27,688208,道通科技,0.04345496
2185,2025-01-27,605180,华生科技,0.04344733
2186,2025-01-27,802,北京文化,0.043442205
2187,2025-01-23,300379,东方通,0.043424383
2188,2025-01-27,688148,芳源股份,0.043422073
2189,2025-01-27,300738,奥飞数据,0.043420255
2190,2025-01-27,300933,中辰股份,0.043418348
2191,2025-01-23,605081,太和水,0.04341118
2192,2025-01-23,600751,海航科技,0.043383062
2193,2025-01-23,300080,易成新能,0.043374553
2194,2025-01-23,2298,中电兴发,0.04336238
2195,2025-01-27,3029,吉大正元,0.043351308
2196,2025-01-27,603920,世运电路,0.043348134
2197,2025-01-27,688686,奥普特,0.0433456
2198,2025-01-23,2912,中新赛克,0.04334478
2199,2025-01-23,688300,联瑞新材,0.043344617
2200,2025-01-27,2631,德尔未来,0.043341696
2201,2025-01-23,688677,海泰新光,0.04332751
2202,2025-01-27,688778,厦钨新能,0.04332684
2203,2025-01-23,2943,宇晶股份,0.043326586
2204,2025-01-27,601519,大智慧,0.043320358
2205,2025-01-27,301153,中科江南,0.043315724
2206,2025-01-27,2222,福晶科技,0.04331021
2207,2025-01-27,600638,新黄浦,0.0433086
2208,2025-01-23,300188,国投智能,0.043295696
2209,2025-01-27,2428,云南锗业,0.043289483
2210,2025-01-24,300007,汉威科技,0.04325904
2211,2025-01-27,2361,神剑股份,0.04325266
2212,2025-01-27,300977,深圳瑞捷,0.043251336
2213,2025-01-24,2138,顺络电子,0.043228075
2214,2025-01-27,2571,德力股份,0.04322295
2215,2025-01-24,2945,华林证券,0.043207496
2216,2025-01-24,300520,科大国创,0.043198347
2217,2025-01-24,603099,长白山,0.04318045
2218,2025-01-27,603212,赛伍技术,0.043173984
2219,2025-01-23,603825,华扬联众,0.04316421
2220,2025-01-23,300935,盈建科,0.04315409
2221,2025-01-23,2291,遥望科技,0.043142393
2222,2025-01-27,688175,高凌信息,0.04313989
2223,2025-01-27,2471,中超控股,0.04313703
2224,2025-01-27,301213,观想科技,0.04313472
2225,2025-01-27,301236,软通动力,0.043131232
2226,2025-01-24,603800,洪田股份,0.04312843
2227,2025-01-27,600609,金杯汽车,0.043103874
2228,2025-01-24,300551,古鳌科技,0.043096572
2229,2025-01-27,301312,智立方,0.04307659
2230,2025-01-23,300033,同花顺,0.04306197
2231,2025-01-27,2394,联发股份,0.043056786
2232,2025-01-27,600727,鲁北化工,0.043049708
2233,2025-01-27,300552,万集科技,0.043034256
2234,2025-01-27,600530,交大昂立,0.043027073
2235,2025-01-23,300581,晨曦航空,0.043024495
2236,2025-01-27,301596,瑞迪智驱,0.043021247
2237,2025-01-27,603197,保隆科技,0.043004677
2238,2025-01-27,300719,安达维尔,0.04298763
2239,2025-01-23,600617,国新能源,0.042987347
2240,2025-01-27,935,四川双马,0.04298401
2241,2025-01-27,2439,启明星辰,0.042970806
2242,2025-01-27,300189,神农种业,0.042950794
2243,2025-01-23,688633,星球石墨,0.042944312
2244,2025-01-23,688193,仁度生物,0.04293537
2245,2025-01-24,300489,光智科技,0.042918473
2246,2025-01-27,2702,海欣食品,0.042893097
2247,2025-01-24,301208,中亦科技,0.042893052
2248,2025-01-27,603270,金帝股份,0.04289137
2249,2025-01-23,300640,德艺文创,0.04287678
2250,2025-01-23,300748,金力永磁,0.042874858
2251,2025-01-23,2329,皇氏集团,0.042872757
2252,2025-01-24,2312,川发龙蟒,0.042868987
2253,2025-01-24,2495,佳隆股份,0.042855576
2254,2025-01-23,301258,富士莱,0.042852566
2255,2025-01-27,600678,四川金顶,0.042848065
2256,2025-01-23,301368,丰立智能,0.042839244
2257,2025-01-27,2843,泰嘉股份,0.0428361
2258,2025-01-24,600397,安源煤业,0.042831346
2259,2025-01-27,600577,精达股份,0.04282458
2260,2025-01-27,300790,宇瞳光学,0.04282278
2261,2025-01-27,688515,裕太微-U,0.04280877
2262,2025-01-27,300807,天迈科技,0.042807713
2263,2025-01-27,536,华映科技,0.04280573
2264,2025-01-23,2547,春兴精工,0.04279226
2265,2025-01-24,2285,世联行,0.042788416
2266,2025-01-23,300040,九洲集团,0.042782977
2267,2025-01-24,737,北方铜业,0.042778373
2268,2025-01-27,2334,英威腾,0.04275851
2269,2025-01-23,600215,派斯林,0.042756587
2270,2025-01-24,600180,瑞茂通,0.042743474
2271,2025-01-24,635,英 力 特,0.042739958
2272,2025-01-27,2396,星网锐捷,0.042734683
2273,2025-01-27,300486,东杰智能,0.04272376
2274,2025-01-23,300715,凯伦股份,0.042720065
2275,2025-01-23,518,四环生物,0.042699456
2276,2025-01-27,99,中信海直,0.042692617
2277,2025-01-24,2571,德力股份,0.04269153
2278,2025-01-24,631,顺发恒业,0.042688146
2279,2025-01-23,300087,荃银高科,0.042680323
2280,2025-01-27,301091,深城交,0.042672932
2281,2025-01-23,300580,贝斯特,0.042657375
2282,2025-01-24,688193,仁度生物,0.04263653
2283,2025-01-24,600759,洲际油气,0.042621613
2284,2025-01-27,797,中国武夷,0.042617917
2285,2025-01-24,301031,中熔电气,0.04260795
2286,2025-01-27,300128,锦富技术,0.042606294
2287,2025-01-27,2414,高德红外,0.04259886
2288,2025-01-24,2041,登海种业,0.04256755
2289,2025-01-23,2306,中科云网,0.042547703
2290,2025-01-27,300305,裕兴股份,0.042544693
2291,2025-01-24,688365,光云科技,0.04253505
2292,2025-01-27,300489,光智科技,0.04252161
2293,2025-01-23,600618,氯碱化工,0.042518765
2294,2025-01-27,300350,华鹏飞,0.04251282
2295,2025-01-23,301439,泓淋电力,0.042511404
2296,2025-01-27,688147,微导纳米,0.042483225
2297,2025-01-27,601010,文峰股份,0.042467594
2298,2025-01-27,688668,鼎通科技,0.042456597
2299,2025-01-24,300674,宇信科技,0.042442888
2300,2025-01-23,300953,震裕科技,0.04241255
2301,2025-01-24,300422,博世科,0.042408958
2302,2025-01-27,605555,德昌股份,0.04240498
2303,2025-01-27,688392,骄成超声,0.042403758
2304,2025-01-27,2377,国创高新,0.042402357
2305,2025-01-27,600184,光电股份,0.042390123
2306,2025-01-24,300084,海默科技,0.04238133
2307,2025-01-24,300990,同飞股份,0.04237248
2308,2025-01-27,1208,华菱线缆,0.042361096
2309,2025-01-24,300548,博创科技,0.042330533
2310,2025-01-23,300353,东土科技,0.04231879
2311,2025-01-27,603116,红蜻蜓,0.0423176
2312,2025-01-23,2190,成飞集成,0.04230793
2313,2025-01-27,688599,天合光能,0.04230237
2314,2025-01-24,301202,朗威股份,0.042300493
2315,2025-01-27,605305,中际联合,0.042295367
2316,2025-01-27,300590,移为通信,0.04229109
2317,2025-01-27,1207,联科科技,0.042290643
2318,2025-01-24,300106,西部牧业,0.04228632
2319,2025-01-24,2109,兴化股份,0.0422754
2320,2025-01-27,2235,安妮股份,0.042273626
2321,2025-01-23,301027,华蓝集团,0.042256713
2322,2025-01-27,301177,迪阿股份,0.042254657
2323,2025-01-23,688429,时创能源,0.042231366
2324,2025-01-27,301095,广立微,0.042218745
2325,2025-01-24,600609,金杯汽车,0.04221064
2326,2025-01-23,600419,天润乳业,0.042206436
2327,2025-01-27,300426,唐德影视,0.04220289
2328,2025-01-23,301567,贝隆精密,0.04219514
2329,2025-01-23,688372,伟测科技,0.042185962
2330,2025-01-27,300779,惠城环保,0.042175367
2331,2025-01-27,2362,汉王科技,0.042167008
2332,2025-01-27,600882,妙可蓝多,0.04216349
2333,2025-01-23,300233,金城医药,0.04216239
2334,2025-01-27,688381,帝奥微,0.042154774
2335,2025-01-27,600869,远东股份,0.042133003
2336,2025-01-27,601360,三六零,0.042129323
2337,2025-01-27,688608,恒玄科技,0.042126402
2338,2025-01-27,300769,德方纳米,0.042124942
2339,2025-01-23,2400,省广集团,0.04212427
2340,2025-01-23,56,皇庭国际,0.04212168
2341,2025-01-24,301004,嘉益股份,0.0421187
2342,2025-01-27,301159,三维天地,0.04210253
2343,2025-01-27,300308,中际旭创,0.042082325
2344,2025-01-23,688621,阳光诺和,0.042078346
2345,2025-01-23,2122,汇洲智能,0.04207614
2346,2025-01-27,688090,瑞松科技,0.042072177
2347,2025-01-27,301128,强瑞技术,0.04206653
2348,2025-01-27,300026,红日药业,0.042061493
2349,2025-01-27,600895,张江高科,0.0420516
2350,2025-01-24,300231,银信科技,0.042040437
2351,2025-01-27,2842,翔鹭钨业,0.042028636
2352,2025-01-27,300091,金通灵,0.04202348
2353,2025-01-24,2995,天地在线,0.04202108
2354,2025-01-27,2373,千方科技,0.04201612
2355,2025-01-24,300278,华昌达,0.04200664
2356,2025-01-23,785,居然智家,0.042005718
2357,2025-01-24,600708,光明地产,0.042000234
2358,2025-01-23,300812,易天股份,0.04199548
2359,2025-01-23,2457,青龙管业,0.041969612
2360,2025-01-27,567,海德股份,0.041959554
2361,2025-01-27,2072,凯瑞德,0.04195854
2362,2025-01-24,688296,和达科技,0.041949973
2363,2025-01-27,2321,华英农业,0.041937694
2364,2025-01-22,688350,富淼科技,0.041924343
2365,2025-01-23,603090,宏盛股份,0.04192257
2366,2025-01-24,300716,泉为科技,0.041905016
2367,2025-01-27,301217,铜冠铜箔,0.04189287
2368,2025-01-24,300665,飞鹿股份,0.041879475
2369,2025-01-27,688621,阳光诺和,0.041875407
2370,2025-01-24,31,大悦城,0.041874275
2371,2025-01-27,2791,坚朗五金,0.041859
2372,2025-01-27,2660,茂硕电源,0.041856647
2373,2025-01-24,2520,日发精机,0.04185559
2374,2025-01-27,300927,江天化学,0.041848868
2375,2025-01-23,917,电广传媒,0.0418393
2376,2025-01-27,2666,德联集团,0.041838124
2377,2025-01-27,1373,翔腾新材,0.04183097
2378,2025-01-27,300264,佳创视讯,0.041826352
2379,2025-01-23,3042,中农联合,0.041825205
2380,2025-01-27,2523,天桥起重,0.04182306
2381,2025-01-27,2513,蓝丰生化,0.041816726
2382,2025-01-24,603031,安孚科技,0.04181163
2383,2025-01-27,301121,紫建电子,0.04180965
2384,2025-01-27,2231,奥维通信,0.04180391
2385,2025-01-27,603117,万林物流,0.041803822
2386,2025-01-27,2366,融发核电,0.04180099
2387,2025-01-24,1283,豪鹏科技,0.041800454
2388,2025-01-27,600302,标准股份,0.04176797
2389,2025-01-24,301101,明月镜片,0.041759342
2390,2025-01-27,688206,概伦电子,0.041749686
2391,2025-01-23,603119,浙江荣泰,0.04174921
2392,2025-01-27,301568,思泰克,0.04174234
2393,2025-01-24,301153,中科江南,0.041734546
2394,2025-01-27,688670,金迪克,0.041729733
2395,2025-01-27,300337,银邦股份,0.04171647
2396,2025-01-27,688458,美芯晟,0.041705936
2397,2025-01-27,600468,百利电气,0.04170057
2398,2025-01-24,301027,华蓝集团,0.041700497
2399,2025-01-24,980,众泰汽车,0.041668788
2400,2025-01-24,688561,奇安信-U,0.041662768
2401,2025-01-27,300101,振芯科技,0.04165791
2402,2025-01-24,2096,易普力,0.041652516
2403,2025-01-23,2020,京新药业,0.041648075
2404,2025-01-27,600533,栖霞建设,0.041647285
2405,2025-01-23,300427,红相股份,0.04164529
2406,2025-01-27,603662,柯力传感,0.041640177
2407,2025-01-24,600133,东湖高新,0.041637585
2408,2025-01-24,300198,纳川股份,0.041615218
2409,2025-01-23,608,阳光股份,0.04160118
2410,2025-01-24,688390,固德威,0.041595653
2411,2025-01-23,2765,蓝黛科技,0.041574806
2412,2025-01-23,300591,万里马,0.041568607
2413,2025-01-23,688322,奥比中光-UW,0.041567937
2414,2025-01-27,2330,得利斯,0.04153627
2415,2025-01-23,688084,晶品特装,0.041534945
2416,2025-01-27,300411,金盾股份,0.041529432
2417,2025-01-27,300557,理工光科,0.041527107
2418,2025-01-27,688337,普源精电,0.04152088
2419,2025-01-27,301489,思泉新材,0.041513443
2420,2025-01-23,600378,昊华科技,0.04151015
2421,2025-01-23,300857,协创数据,0.041503027
2422,2025-01-23,795,英洛华,0.04150209
2423,2025-01-23,688345,博力威,0.04148288
2424,2025-01-27,300030,阳普医疗,0.041468784
2425,2025-01-24,688515,裕太微-U,0.04145053
2426,2025-01-27,300657,弘信电子,0.041435555
2427,2025-01-27,300504,天邑股份,0.04141514
2428,2025-01-27,688195,腾景科技,0.041408077
2429,2025-01-27,300711,广哈通信,0.041406095
2430,2025-01-27,688260,昀冢科技,0.041393593
2431,2025-01-23,300837,浙矿股份,0.041390985
2432,2025-01-24,903,云内动力,0.041386887
2433,2025-01-24,688768,容知日新,0.041380838
2434,2025-01-27,2943,宇晶股份,0.041380525
2435,2025-01-27,300057,万顺新材,0.04136139
2436,2025-01-27,300288,朗玛信息,0.041339234
2437,2025-01-24,601011,宝泰隆,0.04132606
2438,2025-01-24,603138,海量数据,0.041318297
2439,2025-01-23,300100,双林股份,0.041305855
2440,2025-01-23,3004,声迅股份,0.041299835
2441,2025-01-27,605289,罗曼股份,0.041295886
2442,2025-01-24,300730,科创信息,0.041295752
2443,2025-01-27,688660,电气风电,0.04129465
2444,2025-01-23,2398,垒知集团,0.041293383
2445,2025-01-23,2383,合众思壮,0.041290388
2446,2025-01-23,603808,歌力思,0.041283086
2447,2025-01-27,688489,三未信安,0.041279167
2448,2025-01-27,2225,濮耐股份,0.041267127
2449,2025-01-24,603596,伯特利,0.04126276
2450,2025-01-27,600838,上海九百,0.04125914
2451,2025-01-24,600868,梅雁吉祥,0.041258886
2452,2025-01-27,301329,信音电子,0.041257843
2453,2025-01-27,688028,沃尔德,0.04124275
2454,2025-01-23,600657,信达地产,0.041236088
2455,2025-01-27,688050,爱博医疗,0.041231215
2456,2025-01-24,300780,德恩精工,0.041223675
2457,2025-01-23,301286,侨源股份,0.04122299
2458,2025-01-27,301102,兆讯传媒,0.041196674
2459,2025-01-23,2004,华邦健康,0.041182443
2460,2025-01-27,688449,联芸科技,0.041181773
2461,2025-01-27,2708,光洋股份,0.041177824
2462,2025-01-27,301198,喜悦智行,0.041168332
2463,2025-01-27,300706,阿石创,0.0411627
2464,2025-01-24,600053,九鼎投资,0.04116197
2465,2025-01-23,300593,新雷能,0.041158646
2466,2025-01-27,600712,南宁百货,0.041153118
2467,2025-01-24,300667,必创科技,0.04113485
2468,2025-01-24,300189,神农种业,0.04112102
2469,2025-01-27,600239,云南城投,0.041116983
2470,2025-01-23,600858,银座股份,0.04111263
2471,2025-01-27,600178,东安动力,0.041091472
2472,2025-01-27,503,国新健康,0.041090786
2473,2025-01-27,300424,航新科技,0.04108806
2474,2025-01-27,2196,方正电机,0.041086316
2475,2025-01-27,603135,中重科技,0.041083083
2476,2025-01-27,1223,欧克科技,0.041083038
2477,2025-01-27,300803,指南针,0.041079238
2478,2025-01-27,688981,中芯国际,0.041077003
2479,2025-01-24,688123,聚辰股份,0.041067585
2480,2025-01-23,61,农 产 品,0.04106593
2481,2025-01-27,688308,欧科亿,0.04106362
2482,2025-01-27,300324,旋极信息,0.041052237
2483,2025-01-27,601099,太平洋,0.04104443
2484,2025-01-24,300488,恒锋工具,0.04104124
2485,2025-01-24,300875,捷强装备,0.041039094
2486,2025-01-23,600423,柳化股份,0.041025788
2487,2025-01-27,600590,泰豪科技,0.041024104
2488,2025-01-23,300077,国民技术,0.04102193
2489,2025-01-23,6,深振业Ａ,0.041015565
2490,2025-01-24,2420,毅昌科技,0.040997207
2491,2025-01-24,695,滨海能源,0.04099354
2492,2025-01-27,688652,京仪装备,0.040988475
2493,2025-01-23,2109,兴化股份,0.04098752
2494,2025-01-24,2649,博彦科技,0.040986866
2495,2025-01-24,300271,华宇软件,0.040956497
2496,2025-01-27,790,华神科技,0.040944427
2497,2025-01-23,603387,基蛋生物,0.040937483
2498,2025-01-27,300739,明阳电路,0.040936455
2499,2025-01-24,300749,顶固集创,0.040928334
2500,2025-01-23,600892,大晟文化,0.040921837
2501,2025-01-27,301019,宁波色母,0.040919766
2502,2025-01-27,300599,雄塑科技,0.040879726
2503,2025-01-23,603214,爱婴室,0.040870935
2504,2025-01-27,600156,华升股份,0.040868625
2505,2025-01-23,2374,中锐股份,0.040849015
2506,2025-01-23,2741,光华科技,0.040847674
2507,2025-01-24,300253,卫宁健康,0.040839776
2508,2025-01-27,600218,全柴动力,0.040837526
2509,2025-01-27,688609,九联科技,0.04082331
2510,2025-01-24,601933,永辉超市,0.040823087
2511,2025-01-24,2441,众业达,0.040823072
2512,2025-01-24,6,深振业Ａ,0.040821016
2513,2025-01-27,603616,韩建河山,0.04079905
2514,2025-01-27,2456,欧菲光,0.040797397
2515,2025-01-27,2694,顾地科技,0.04078947
2516,2025-01-27,688156,路德环境,0.040755272
2517,2025-01-24,300224,正海磁材,0.04075487
2518,2025-01-23,600052,东望时代,0.040750816
2519,2025-01-27,300895,铜牛信息,0.040747017
2520,2025-01-27,300539,横河精密,0.040745914
2521,2025-01-24,300659,中孚信息,0.040741846
2522,2025-01-24,300448,浩云科技,0.040722564
2523,2025-01-27,810,创维数字,0.040695384
2524,2025-01-27,300731,科创新源,0.04069455
2525,2025-01-27,301439,泓淋电力,0.04069145
2526,2025-01-27,300124,汇川技术,0.040686175
2527,2025-01-24,1366,播恩集团,0.040685207
2528,2025-01-24,2047,宝鹰股份,0.040667295
2529,2025-01-23,2713,东易日盛,0.04066074
2530,2025-01-27,2182,宝武镁业,0.040659815
2531,2025-01-24,2494,华斯股份,0.04065977
2532,2025-01-27,300271,华宇软件,0.040654555
2533,2025-01-27,2812,恩捷股份,0.040644497
2534,2025-01-24,301486,致尚科技,0.040619373
2535,2025-01-23,558,莱茵体育,0.040615007
2536,2025-01-23,2047,宝鹰股份,0.04061222
2537,2025-01-24,300565,科信技术,0.04060757
2538,2025-01-23,2866,传艺科技,0.040605947
2539,2025-01-23,2486,嘉麟杰,0.04059857
2540,2025-01-24,300220,金运激光,0.040586457
2541,2025-01-27,300353,东土科技,0.040585667
2542,2025-01-24,688156,路德环境,0.040582806
2543,2025-01-27,601718,际华集团,0.040572345
2544,2025-01-23,300169,天晟新材,0.040571854
2545,2025-01-23,688058,宝兰德,0.040565565
2546,2025-01-23,688358,祥生医疗,0.040543318
2547,2025-01-24,300626,华瑞股份,0.040541425
2548,2025-01-27,688556,高测股份,0.040537953
2549,2025-01-27,2246,北化股份,0.040530726
2550,2025-01-23,509,华塑控股,0.040514335
2551,2025-01-27,603170,宝立食品,0.040512577
2552,2025-01-27,603778,国晟科技,0.040492386
2553,2025-01-27,688798,艾为电子,0.040466383
2554,2025-01-23,300901,中胤时尚,0.040454626
2555,2025-01-24,892,欢瑞世纪,0.040450186
2556,2025-01-23,603221,爱丽家居,0.04044825
2557,2025-01-24,300925,法本信息,0.040444583
2558,2025-01-27,603090,宏盛股份,0.040428787
2559,2025-01-24,603887,城地香江,0.040426284
2560,2025-01-24,301169,零点有数,0.04041311
2561,2025-01-27,603776,永安行,0.040409833
2562,2025-01-27,300594,朗进科技,0.0404025
2563,2025-01-27,300341,麦克奥迪,0.04039803
2564,2025-01-27,300878,维康药业,0.040395975
2565,2025-01-24,300472,新元科技,0.04039091
2566,2025-01-27,603825,华扬联众,0.040383056
2567,2025-01-24,603718,海利生物,0.040379494
2568,2025-01-27,688559,海目星,0.04037632
2569,2025-01-24,301183,东田微,0.0403689
2570,2025-01-27,533,顺钠股份,0.040366754
2571,2025-01-27,300693,盛弘股份,0.040353626
2572,2025-01-24,300182,捷成股份,0.04034871
2573,2025-01-24,603215,比依股份,0.040340826
2574,2025-01-27,300947,德必集团,0.04031819
2575,2025-01-27,600538,国发股份,0.040298462
2576,2025-01-24,688800,瑞可达,0.040289953
2577,2025-01-24,2426,胜利精密,0.04028602
2578,2025-01-27,300210,森远股份,0.040284842
2579,2025-01-23,688088,虹软科技,0.04028423
2580,2025-01-27,600810,神马股份,0.040256277
2581,2025-01-24,600661,昂立教育,0.040256053
2582,2025-01-23,300278,华昌达,0.040245354
2583,2025-01-27,688692,达梦数据,0.04024388
2584,2025-01-23,600053,九鼎投资,0.04023142
2585,2025-01-23,2799,环球印务,0.040210977
2586,2025-01-24,601965,中国汽研,0.04020807
2587,2025-01-27,600119,长江投资,0.040205836
2588,2025-01-27,688595,芯海科技,0.04019779
2589,2025-01-23,2086,东方海洋,0.040196702
2590,2025-01-27,600689,上海三毛,0.040183038
2591,2025-01-27,603082,北自科技,0.04018089
2592,2025-01-23,1301,尚太科技,0.040174678
2593,2025-01-24,300510,金冠股份,0.040164024
2594,2025-01-23,301358,湖南裕能,0.04015577
2595,2025-01-27,301252,同星科技,0.04011786
2596,2025-01-23,603800,洪田股份,0.040110618
2597,2025-01-27,688719,爱科赛博,0.0401043
2598,2025-01-24,2298,中电兴发,0.04008667
2599,2025-01-24,3016,欣贺股份,0.040082276
2600,2025-01-24,301168,通灵股份,0.0400739
2601,2025-01-24,688577,浙海德曼,0.040071934
2602,2025-01-24,2374,中锐股份,0.04006821
2603,2025-01-27,592,平潭发展,0.040064305
2604,2025-01-27,600759,洲际油气,0.04006356
2605,2025-01-24,679,大连友谊,0.04003702
2606,2025-01-24,2605,姚记科技,0.040021375
2607,2025-01-23,688103,国力股份,0.040008113
2608,2025-01-27,605218,伟时电子,0.040004387
2609,2025-01-23,600521,华海药业,0.039989576
2610,2025-01-23,301248,杰创智能,0.03997779
2611,2025-01-27,300265,通光线缆,0.03995338
2612,2025-01-27,2847,盐津铺子,0.039947838
2613,2025-01-27,603307,扬州金泉,0.039946944
2614,2025-01-24,603322,超讯通信,0.039942443
2615,2025-01-24,688598,金博股份,0.039936587
2616,2025-01-27,603518,锦泓集团,0.039928183
2617,2025-01-27,301517,陕西华达,0.039920762
2618,2025-01-23,603059,倍加洁,0.03991799
2619,2025-01-23,600186,莲花控股,0.03991784
2620,2025-01-27,688500,慧辰股份,0.039904937
2621,2025-01-24,603166,福达股份,0.039893776
2622,2025-01-27,300107,建新股份,0.039892793
2623,2025-01-24,603929,亚翔集成,0.039881065
2624,2025-01-23,300429,强力新材,0.039880186
2625,2025-01-23,300126,锐奇股份,0.03987731
2626,2025-01-24,300323,华灿光电,0.03987384
2627,2025-01-27,603728,鸣志电器,0.03987296
2628,2025-01-27,603086,先达股份,0.03986998
2629,2025-01-27,600288,大恒科技,0.03986846
2630,2025-01-27,600330,天通股份,0.039843127
2631,2025-01-23,2094,青岛金王,0.039842516
2632,2025-01-24,603289,泰瑞机器,0.039838254
2633,2025-01-27,301117,佳缘科技,0.039827272
2634,2025-01-27,2082,万邦德,0.03982091
2635,2025-01-23,688383,新益昌,0.03981304
2636,2025-01-23,300359,全通教育,0.039810076
2637,2025-01-27,301526,国际复材,0.039804295
2638,2025-01-27,2421,达实智能,0.039799795
2639,2025-01-23,688275,万润新能,0.039797053
2640,2025-01-24,300738,奥飞数据,0.039785296
2641,2025-01-23,2045,国光电器,0.03977929
2642,2025-01-27,600818,中路股份,0.039776266
2643,2025-01-24,300640,德艺文创,0.03977397
2644,2025-01-27,688518,联赢激光,0.039760366
2645,2025-01-27,8,神州高铁,0.039760277
2646,2025-01-27,600419,天润乳业,0.039758354
2647,2025-01-27,300153,科泰电源,0.03973587
2648,2025-01-27,838,财信发展,0.039735496
2649,2025-01-27,2466,天齐锂业,0.03971626
2650,2025-01-27,2130,沃尔核材,0.03970681
2651,2025-01-27,605058,澳弘电子,0.039665833
2652,2025-01-27,603031,安孚科技,0.039661735
2653,2025-01-24,96,广聚能源,0.03965658
2654,2025-01-27,600171,上海贝岭,0.039651215
2655,2025-01-27,600292,远达环保,0.03964679
2656,2025-01-27,301239,普瑞眼科,0.039635226
2657,2025-01-27,300635,中达安,0.0396311
2658,2025-01-27,2979,雷赛智能,0.03962545
2659,2025-01-23,301030,仕净科技,0.039625213
2660,2025-01-24,300256,星星科技,0.039618373
2661,2025-01-27,603111,康尼机电,0.039607048
2662,2025-01-24,600769,祥龙电业,0.039596066
2663,2025-01-27,603273,天元智能,0.03959532
2664,2025-01-23,600981,汇鸿集团,0.039587736
2665,2025-01-23,301313,凡拓数创,0.039584413
2666,2025-01-27,300621,维业股份,0.039578795
2667,2025-01-23,605580,恒盛能源,0.039577916
2668,2025-01-23,300790,宇瞳光学,0.039569408
2669,2025-01-27,300235,方直科技,0.039568916
2670,2025-01-24,600696,岩石股份,0.03956163
2671,2025-01-24,300581,晨曦航空,0.039559603
2672,2025-01-27,300219,鸿利智汇,0.039555892
2673,2025-01-27,300471,厚普股份,0.039554656
2674,2025-01-23,605007,五洲特纸,0.039553612
2675,2025-01-24,688410,山外山,0.039546773
2676,2025-01-27,2992,宝明科技,0.039545864
2677,2025-01-27,300355,蒙草生态,0.03954114
2678,2025-01-23,510,新金路,0.039521873
2679,2025-01-23,688377,迪威尔,0.039515793
2680,2025-01-27,301365,矩阵股份,0.039504707
2681,2025-01-23,2484,江海股份,0.03949666
2682,2025-01-27,2945,华林证券,0.03948912
2683,2025-01-23,300355,蒙草生态,0.03947808
2684,2025-01-27,600202,哈空调,0.039460033
2685,2025-01-24,300678,中科信息,0.039459497
2686,2025-01-27,300062,中能电气,0.03945759
2687,2025-01-23,600629,华建集团,0.039450377
2688,2025-01-27,2576,通达动力,0.039441124
2689,2025-01-24,300450,先导智能,0.039439455
2690,2025-01-27,566,海南海药,0.03943102
2691,2025-01-23,600078,澄星股份,0.039425552
2692,2025-01-27,723,美锦能源,0.039418936
2693,2025-01-24,300756,金马游乐,0.03941095
2694,2025-01-27,300075,数字政通,0.03940673
2695,2025-01-27,2025,航天电器,0.039379
2696,2025-01-24,300393,中来股份,0.03937258
2697,2025-01-23,2421,达实智能,0.039367333
2698,2025-01-27,2353,杰瑞股份,0.039364934
2699,2025-01-27,300637,扬帆新材,0.039359674
2700,2025-01-24,300927,江天化学,0.039354354
2701,2025-01-24,688253,英诺特,0.039353535
2702,2025-01-24,2933,新兴装备,0.039351135
2703,2025-01-27,2797,第一创业,0.03934127
2704,2025-01-23,688161,威高骨科,0.0393406
2705,2025-01-24,603863,松炀资源,0.039340198
2706,2025-01-27,2221,东华能源,0.039329425
2707,2025-01-27,688549,中巨芯-U,0.039305612
2708,2025-01-23,2593,日上集团,0.03929417
2709,2025-01-24,697,炼石航空,0.03928274
2710,2025-01-27,300229,拓尔思,0.039259985
2711,2025-01-24,300267,尔康制药,0.039259702
2712,2025-01-23,300751,迈为股份,0.039258823
2713,2025-01-27,600731,湖南海利,0.03925112
2714,2025-01-27,688167,炬光科技,0.03924957
2715,2025-01-27,300936,中英科技,0.039238498
2716,2025-01-27,603312,西典新能,0.0392341
2717,2025-01-24,603885,吉祥航空,0.039228186
2718,2025-01-24,300148,天舟文化,0.0392237
2719,2025-01-24,526,学大教育,0.03921169
2720,2025-01-27,600280,中央商场,0.039206833
2721,2025-01-27,300212,易华录,0.039193496
2722,2025-01-24,603196,日播时尚,0.03919229
2723,2025-01-27,300114,中航电测,0.039178178
2724,2025-01-23,300255,常山药业,0.03917682
2725,2025-01-23,603031,安孚科技,0.03917332
2726,2025-01-23,300056,中创环保,0.039173156
2727,2025-01-27,688698,伟创电气,0.039172426
2728,2025-01-27,688063,派能科技,0.039157435
2729,2025-01-27,603773,沃格光电,0.03915432
2730,2025-01-24,600712,南宁百货,0.03915359
2731,2025-01-27,688345,博力威,0.03915134
2732,2025-01-27,300267,尔康制药,0.039145246
2733,2025-01-24,300469,信息发展,0.039142475
2734,2025-01-27,2207,准油股份,0.03913434
2735,2025-01-27,301017,漱玉平民,0.03912297
2736,2025-01-23,603606,东方电缆,0.039121836
2737,2025-01-23,300565,科信技术,0.03911993
2738,2025-01-24,600117,西宁特钢,0.039114773
2739,2025-01-27,300247,融捷健康,0.039112702
2740,2025-01-24,301566,达利凯普,0.039103627
2741,2025-01-24,2383,合众思壮,0.03909631
2742,2025-01-27,688041,海光信息,0.03908302
2743,2025-01-27,300998,宁波方正,0.03908229
2744,2025-01-23,600843,上工申贝,0.039068997
2745,2025-01-27,603099,长白山,0.039068714
2746,2025-01-23,600117,西宁特钢,0.03905928
2747,2025-01-24,300006,莱美药业,0.03904736
2748,2025-01-24,603719,良品铺子,0.03904727
2749,2025-01-23,670,盈方微,0.03904438
2750,2025-01-24,603833,欧派家居,0.039037675
2751,2025-01-24,61,农 产 品,0.03903435
2752,2025-01-24,688066,航天宏图,0.039022133
2753,2025-01-24,300370,安控科技,0.03900364
2754,2025-01-24,600543,莫高股份,0.03900127
2755,2025-01-27,300529,健帆生物,0.03899841
2756,2025-01-24,688275,万润新能,0.038997754
2757,2025-01-27,300457,赢合科技,0.038985327
2758,2025-01-27,600989,宝丰能源,0.038972184
2759,2025-01-24,893,亚钾国际,0.038971707
2760,2025-01-27,697,炼石航空,0.03897047
2761,2025-01-23,603887,城地香江,0.038964003
2762,2025-01-24,2347,泰尔股份,0.038960353
2763,2025-01-27,301591,肯特股份,0.038955808
2764,2025-01-23,2281,光迅科技,0.038952455
2765,2025-01-24,300025,华星创业,0.03894879
2766,2025-01-27,688409,富创精密,0.038944677
2767,2025-01-23,601519,大智慧,0.038941026
2768,2025-01-27,300617,安靠智电,0.038932964
2769,2025-01-27,300366,创意信息,0.038917065
2770,2025-01-27,300162,雷曼光电,0.038912684
2771,2025-01-27,300866,安克创新,0.038911507
2772,2025-01-27,688162,巨一科技,0.038908243
2773,2025-01-27,300670,大烨智能,0.038906083
2774,2025-01-24,688162,巨一科技,0.03889203
2775,2025-01-24,300147,香雪制药,0.038879856
2776,2025-01-27,958,电投产融,0.038874015
2777,2025-01-24,300085,银之杰,0.038864195
2778,2025-01-24,688381,帝奥微,0.03884977
2779,2025-01-24,688213,思特威-W,0.038843483
2780,2025-01-27,600439,瑞贝卡,0.038839266
2781,2025-01-24,300633,开立医疗,0.03883888
2782,2025-01-27,2506,协鑫集成,0.03882329
2783,2025-01-27,688435,英方软件,0.03880945
2784,2025-01-23,300738,奥飞数据,0.038808182
2785,2025-01-23,300489,光智科技,0.038790897
2786,2025-01-27,688016,心脉医疗,0.03878908
2787,2025-01-27,688651,盛邦安全,0.038784534
2788,2025-01-27,2493,荣盛石化,0.03878297
2789,2025-01-27,300732,设研院,0.038779333
2790,2025-01-27,1283,豪鹏科技,0.038773015
2791,2025-01-23,688288,鸿泉物联,0.03876266
2792,2025-01-27,2805,丰元股份,0.038760826
2793,2025-01-27,514,渝 开 发,0.038755506
2794,2025-01-27,2642,荣联科技,0.038746163
2795,2025-01-27,981,山子高科,0.038742483
2796,2025-01-23,600203,福日电子,0.038738817
2797,2025-01-27,737,北方铜业,0.038711503
2798,2025-01-24,2836,新宏泽,0.038707405
2799,2025-01-23,2785,万里石,0.03868851
2800,2025-01-27,893,亚钾国际,0.038685948
2801,2025-01-23,2177,御银股份,0.038677946
2802,2025-01-27,603600,永艺股份,0.03867668
2803,2025-01-24,2423,中粮资本,0.038657278
2804,2025-01-24,600192,长城电工,0.038652048
2805,2025-01-27,2232,启明信息,0.038649768
2806,2025-01-27,300059,东方财富,0.038649306
2807,2025-01-23,600638,新黄浦,0.03863612
2808,2025-01-27,2929,润建股份,0.038634688
2809,2025-01-27,2162,悦心健康,0.038629472
2810,2025-01-23,2942,新农股份,0.038622364
2811,2025-01-27,603703,盛洋科技,0.03862153
2812,2025-01-24,2449,国星光电,0.038621426
2813,2025-01-24,603190,亚通精工,0.038599163
2814,2025-01-23,2496,辉丰股份,0.03859575
2815,2025-01-24,603070,万控智造,0.038589016
2816,2025-01-23,2036,联创电子,0.03857413
2817,2025-01-23,300341,麦克奥迪,0.038569406
2818,2025-01-24,2513,蓝丰生化,0.03856787
2819,2025-01-27,300758,七彩化学,0.038565904
2820,2025-01-23,600458,时代新材,0.038557813
2821,2025-01-27,300095,华伍股份,0.03855373
2822,2025-01-27,300354,东华测试,0.038552523
2823,2025-01-24,688207,格灵深瞳,0.038551793
2824,2025-01-27,301571,国科天成,0.03853871
2825,2025-01-23,2353,杰瑞股份,0.038537025
2826,2025-01-27,801,四川九洲,0.038525477
2827,2025-01-23,300689,澄天伟业,0.03852132
2828,2025-01-24,688185,康希诺,0.038515076
2829,2025-01-24,2177,御银股份,0.0385029
2830,2025-01-23,300370,安控科技,0.0384942
2831,2025-01-24,603232,格尔软件,0.038483918
2832,2025-01-27,2150,通润装备,0.03848219
2833,2025-01-24,600458,时代新材,0.038480237
2834,2025-01-24,300499,高澜股份,0.038479388
2835,2025-01-24,603185,弘元绿能,0.038477942
2836,2025-01-27,1201,东瑞股份,0.03847055
2837,2025-01-27,603344,星德胜,0.038451135
2838,2025-01-24,698,沈阳化工,0.03843221
2839,2025-01-27,301578,辰奕智能,0.03842652
2840,2025-01-27,600084,中信尼雅,0.038420692
2841,2025-01-24,300935,盈建科,0.03841752
2842,2025-01-23,300093,金刚光伏,0.038400084
2843,2025-01-27,301348,蓝箭电子,0.03836316
2844,2025-01-27,300932,三友联众,0.038340896
2845,2025-01-23,688535,华海诚科,0.03833273
2846,2025-01-24,300141,和顺电气,0.038325056
2847,2025-01-27,300835,龙磁科技,0.038321182
2848,2025-01-27,603185,弘元绿能,0.038315296
2849,2025-01-24,301280,珠城科技,0.038314283
2850,2025-01-27,558,莱茵体育,0.038307905
2851,2025-01-27,300613,富瀚微,0.03830631
2852,2025-01-23,688686,奥普特,0.038296625
2853,2025-01-24,2011,盾安环境,0.038287833
2854,2025-01-24,300790,宇瞳光学,0.038286954
2855,2025-01-23,688231,隆达股份,0.03828408
2856,2025-01-24,600892,大晟文化,0.038278088
2857,2025-01-23,600216,浙江医药,0.038272545
2858,2025-01-27,688027,国盾量子,0.03826928
2859,2025-01-27,2531,天顺风能,0.038259596
2860,2025-01-27,300727,润禾材料,0.03825833
2861,2025-01-24,600191,华资实业,0.03824216
2862,2025-01-24,300849,锦盛新材,0.03823726
2863,2025-01-27,2715,登云股份,0.038232148
2864,2025-01-23,600193,创兴资源,0.03822793
2865,2025-01-27,601828,美凯龙,0.038216695
2866,2025-01-24,300715,凯伦股份,0.038211524
2867,2025-01-23,300515,三德科技,0.038210884
2868,2025-01-27,300434,金石亚药,0.038205773
2869,2025-01-27,301022,海泰科,0.038202807
2870,2025-01-24,688175,高凌信息,0.03819105
2871,2025-01-27,300883,龙利得,0.038189173
2872,2025-01-24,301270,汉仪股份,0.03818114
2873,2025-01-24,301007,德迈仕,0.038171887
2874,2025-01-23,301095,广立微,0.038166746
2875,2025-01-27,300115,长盈精密,0.038164705
2876,2025-01-23,300084,海默科技,0.038162977
2877,2025-01-23,300266,兴源环境,0.03815499
2878,2025-01-24,300061,旗天科技,0.038154915
2879,2025-01-24,2103,广博股份,0.038154215
2880,2025-01-23,635,英 力 特,0.03814812
2881,2025-01-23,688608,恒玄科技,0.03810817
2882,2025-01-27,688509,正元地信,0.038103998
2883,2025-01-24,688533,上声电子,0.038089707
2884,2025-01-27,300784,利安科技,0.03808929
2885,2025-01-27,300622,博士眼镜,0.038084075
2886,2025-01-27,887,中鼎股份,0.038083956
2887,2025-01-27,1212,中旗新材,0.038082108
2888,2025-01-27,300110,华仁药业,0.038064286
2889,2025-01-24,300591,万里马,0.038061485
2890,2025-01-23,2131,利欧股份,0.038053483
2891,2025-01-24,300807,天迈科技,0.038051873
2892,2025-01-24,796,凯撒旅业,0.038031384
2893,2025-01-27,301013,利和兴,0.03802806
2894,2025-01-27,688498,源杰科技,0.038027614
2895,2025-01-23,605117,德业股份,0.038024843
2896,2025-01-23,688262,国芯科技,0.038011894
2897,2025-01-27,2970,锐明技术,0.037989363
2898,2025-01-24,688277,天智航-U,0.037971377
2899,2025-01-24,600600,青岛啤酒,0.03797026
2900,2025-01-24,2235,安妮股份,0.037967384
2901,2025-01-27,300975,商络电子,0.03796205
2902,2025-01-27,301261,恒工精密,0.03796102
2903,2025-01-24,688680,海优新材,0.037955835
2904,2025-01-23,300557,理工光科,0.037954748
2905,2025-01-23,600539,狮头股份,0.03792806
2906,2025-01-27,301038,深水规院,0.037926137
2907,2025-01-24,688621,阳光诺和,0.037921518
2908,2025-01-27,300263,隆华科技,0.03792143
2909,2025-01-27,301566,达利凯普,0.037915453
2910,2025-01-27,301202,朗威股份,0.0379069
2911,2025-01-23,603270,金帝股份,0.0379017
2912,2025-01-27,415,渤海租赁,0.03790103
2913,2025-01-27,688659,元琛科技,0.037889764
2914,2025-01-27,301112,信邦智能,0.037880823
2915,2025-01-27,301162,国能日新,0.037880808
2916,2025-01-27,677,恒天海龙,0.03787881
2917,2025-01-24,600847,万里股份,0.037870944
2918,2025-01-27,300430,诚益通,0.03786744
2919,2025-01-23,300220,金运激光,0.037865043
2920,2025-01-27,603332,苏州龙杰,0.037860483
2921,2025-01-24,603903,中持股份,0.037858874
2922,2025-01-24,2045,国光电器,0.037856355
2923,2025-01-23,868,安凯客车,0.03785354
2924,2025-01-27,600880,博瑞传播,0.037838653
2925,2025-01-27,300825,阿尔特,0.0378235
2926,2025-01-24,300050,世纪鼎利,0.037813872
2927,2025-01-24,300859,西域旅游,0.03781052
2928,2025-01-27,2672,东江环保,0.03781028
2929,2025-01-27,300032,金龙机电,0.03779845
2930,2025-01-27,2084,海鸥住工,0.037792593
2931,2025-01-23,301176,逸豪新材,0.037779912
2932,2025-01-27,2835,同为股份,0.03777963
2933,2025-01-23,300521,爱司凯,0.037767753
2934,2025-01-27,603320,迪贝电气,0.0377668
2935,2025-01-24,301231,荣信文化,0.037761495
2936,2025-01-23,2531,天顺风能,0.03776005
2937,2025-01-24,688155,先惠技术,0.03775713
2938,2025-01-27,300698,万马科技,0.037756473
2939,2025-01-27,688234,天岳先进,0.03774868
2940,2025-01-24,2694,顾地科技,0.03773859
2941,2025-01-23,2578,闽发铝业,0.03773482
2942,2025-01-24,688078,龙软科技,0.03773333
2943,2025-01-24,564,供销大集,0.037724882
2944,2025-01-23,1322,箭牌家居,0.037695125
2945,2025-01-27,688633,星球石墨,0.03769073
2946,2025-01-27,688249,晶合集成,0.03768973
2947,2025-01-24,688509,正元地信,0.037677974
2948,2025-01-24,300758,七彩化学,0.037673295
2949,2025-01-27,300100,双林股份,0.037666976
2950,2025-01-24,603590,康辰药业,0.037659615
2951,2025-01-27,2281,光迅科技,0.037655085
2952,2025-01-24,601727,上海电气,0.03762749
2953,2025-01-24,301556,托普云农,0.037624538
2954,2025-01-23,603429,集友股份,0.03762266
2955,2025-01-23,300980,祥源新材,0.037614435
2956,2025-01-23,688737,中自科技,0.037610725
2957,2025-01-23,600506,统一股份,0.037596896
2958,2025-01-23,603927,中科软,0.037586644
2959,2025-01-24,300191,潜能恒信,0.03758447
2960,2025-01-27,2384,东山精密,0.037576407
2961,2025-01-27,2075,沙钢股份,0.037571877
2962,2025-01-24,2470,金正大,0.03756249
2963,2025-01-24,301618,长联科技,0.037557065
2964,2025-01-24,300486,东杰智能,0.0375565
2965,2025-01-27,600110,诺德股份,0.037552565
2966,2025-01-27,688711,宏微科技,0.037543684
2967,2025-01-24,601689,拓普集团,0.037543625
2968,2025-01-24,301285,鸿日达,0.03753841
2969,2025-01-24,655,金岭矿业,0.03752716
2970,2025-01-27,2905,金逸影视,0.037522927
2971,2025-01-23,2188,中天服务,0.037513316
2972,2025-01-23,300900,广联航空,0.037511975
2973,2025-01-27,603533,掌阅科技,0.037505805
2974,2025-01-23,300155,安居宝,0.03750424
2975,2025-01-27,300564,筑博设计,0.03750071
2976,2025-01-27,601908,京运通,0.03750038
2977,2025-01-27,600345,长江通信,0.037496626
2978,2025-01-24,603308,应流股份,0.037470162
2979,2025-01-23,2211,宏达新材,0.03745249
2980,2025-01-27,301297,富乐德,0.037446886
2981,2025-01-24,300490,华自科技,0.03743139
2982,2025-01-23,688593,新相微,0.037423342
2983,2025-01-27,2793,罗欣药业,0.037421912
2984,2025-01-27,2171,楚江新材,0.03742072
2985,2025-01-24,1231,农心科技,0.037412122
2986,2025-01-24,300656,民德电子,0.03741032
2987,2025-01-27,605006,山东玻纤,0.037402645
2988,2025-01-27,688138,清溢光电,0.037369892
2989,2025-01-24,300432,富临精工,0.037360772
2990,2025-01-27,300582,英飞特,0.03735958
2991,2025-01-23,603068,博通集成,0.037354603
2992,2025-01-27,530,冰山冷热,0.03734812
2993,2025-01-24,2811,郑中设计,0.03734763
2994,2025-01-23,837,秦川机床,0.037302077
2995,2025-01-24,603336,宏辉果蔬,0.037299186
2996,2025-01-23,600678,四川金顶,0.03728032
2997,2025-01-23,300222,科大智能,0.037273243
2998,2025-01-27,688281,华秦科技,0.03726171
2999,2025-01-27,600743,华远地产,0.03725767
3000,2025-01-27,2685,华东重机,0.037256405
3001,2025-01-24,603808,歌力思,0.037255287
3002,2025-01-24,300410,正业科技,0.03723693
3003,2025-01-27,688656,浩欧博,0.03723608
3004,2025-01-24,300051,琏升科技,0.037232995
3005,2025-01-23,2918,蒙娜丽莎,0.037232354
3006,2025-01-24,300385,雪浪环境,0.037225068
3007,2025-01-24,603307,扬州金泉,0.03722328
3008,2025-01-24,605287,德才股份,0.037220612
3009,2025-01-24,300977,深圳瑞捷,0.03719157
3010,2025-01-27,300395,菲利华,0.03719148
3011,2025-01-27,603986,兆易创新,0.037191316
3012,2025-01-27,2208,合肥城建,0.037182704
3013,2025-01-23,958,电投产融,0.037180185
3014,2025-01-27,603843,正平股份,0.037167773
3015,2025-01-24,300835,龙磁科技,0.03714758
3016,2025-01-24,300876,蒙泰高新,0.03713928
3017,2025-01-27,14,沙河股份,0.03713557
3018,2025-01-24,300176,鸿特科技,0.03713107
3019,2025-01-27,58,深 赛 格,0.03712274
3020,2025-01-27,600584,长电科技,0.03712192
3021,2025-01-27,605336,帅丰电器,0.037114322
3022,2025-01-24,603768,常青股份,0.037107706
3023,2025-01-27,2989,中天精装,0.037071034
3024,2025-01-27,603906,龙蟠科技,0.037069336
3025,2025-01-27,300168,万达信息,0.037060305
3026,2025-01-23,2323,雅博股份,0.037060067
3027,2025-01-23,688665,四方光电,0.03705904
3028,2025-01-27,2431,棕榈股份,0.037056208
3029,2025-01-24,2552,宝鼎科技,0.037055656
3030,2025-01-23,688141,杰华特,0.037052587
3031,2025-01-24,532,华金资本,0.037031114
3032,2025-01-23,300705,九典制药,0.03703013
3033,2025-01-24,600973,宝胜股份,0.03702584
3034,2025-01-23,601615,明阳智能,0.037003487
3035,2025-01-27,688252,天德钰,0.036996216
3036,2025-01-27,300775,三角防务,0.03699325
3037,2025-01-27,600770,综艺股份,0.03699249
3038,2025-01-27,300672,国科微,0.03699045
3039,2025-01-27,639,西王食品,0.036988482
3040,2025-01-23,688038,中科通达,0.03698215
3041,2025-01-27,603877,太平鸟,0.036982104
3042,2025-01-27,688383,新益昌,0.036981806
3043,2025-01-23,688166,博瑞医药,0.036978945
3044,2025-01-23,600743,华远地产,0.03697513
3045,2025-01-23,600530,交大昂立,0.03697394
3046,2025-01-27,603232,格尔软件,0.036973685
3047,2025-01-24,300119,瑞普生物,0.036971986
3048,2025-01-23,688536,思瑞浦,0.036966994
3049,2025-01-27,300862,蓝盾光电,0.036959797
3050,2025-01-27,688375,国博电子,0.03693396
3051,2025-01-27,2055,得润电子,0.036924392
3052,2025-01-23,603332,苏州龙杰,0.036921978
3053,2025-01-27,301618,长联科技,0.0369128
3054,2025-01-27,301150,中一科技,0.036906883
3055,2025-01-23,688676,金盘科技,0.03690535
3056,2025-01-27,301328,维峰电子,0.0369028
3057,2025-01-27,1298,好上好,0.036900923
3058,2025-01-27,534,万泽股份,0.03689994
3059,2025-01-23,688183,生益电子,0.03689909
3060,2025-01-23,2470,金正大,0.03688927
3061,2025-01-23,2494,华斯股份,0.036888197
3062,2025-01-24,2868,绿康生化,0.03688383
3063,2025-01-27,897,津滨发展,0.03687361
3064,2025-01-27,688536,思瑞浦,0.036856353
3065,2025-01-27,300699,光威复材,0.03684877
3066,2025-01-23,300157,新锦动力,0.036846757
3067,2025-01-24,2315,焦点科技,0.036844775
3068,2025-01-23,300229,拓尔思,0.036839306
3069,2025-01-24,301024,霍普股份,0.03683585
3070,2025-01-23,2670,国盛金控,0.036821097
3071,2025-01-23,301329,信音电子,0.03681788
3072,2025-01-23,600151,航天机电,0.03681785
3073,2025-01-24,688232,新点软件,0.03681214
3074,2025-01-23,600692,亚通股份,0.03680338
3075,2025-01-23,300141,和顺电气,0.03679146
3076,2025-01-27,301041,金百泽,0.036789
3077,2025-01-24,300705,九典制药,0.036786333
3078,2025-01-24,603011,合锻智能,0.036782876
3079,2025-01-24,300087,荃银高科,0.0367686
3080,2025-01-24,301266,宇邦新材,0.0367631
3081,2025-01-24,300560,中富通,0.0367468
3082,2025-01-23,605136,丽人丽妆,0.03674391
3083,2025-01-24,605318,法狮龙,0.036739826
3084,2025-01-27,301586,佳力奇,0.036738694
3085,2025-01-23,688037,芯源微,0.036736086
3086,2025-01-23,300925,法本信息,0.03673145
3087,2025-01-27,301269,华大九天,0.036728278
3088,2025-01-27,688416,恒烁股份,0.03670737
3089,2025-01-27,2189,中光学,0.03670284
3090,2025-01-27,300511,雪榕生物,0.036692485
3091,2025-01-27,300953,震裕科技,0.036667123
3092,2025-01-27,688539,高华科技,0.036649376
3093,2025-01-23,300464,星徽股份,0.036647797
3094,2025-01-23,603920,世运电路,0.036626577
3095,2025-01-27,595,宝塔实业,0.0366254
3096,2025-01-27,600367,红星发展,0.036622733
3097,2025-01-23,2215,诺 普 信,0.03662114
3098,2025-01-27,688351,微电生理-U,0.036612183
3099,2025-01-23,716,黑芝麻,0.036603823
3100,2025-01-27,603121,华培动力,0.036598966
3101,2025-01-27,862,银星能源,0.03659837
3102,2025-01-27,603583,捷昌驱动,0.036583915
3103,2025-01-27,688091,上海谊众,0.036583006
3104,2025-01-27,300690,双一科技,0.036562636
3105,2025-01-24,2645,华宏科技,0.03656058
3106,2025-01-24,300266,兴源环境,0.036554724
3107,2025-01-27,301413,安培龙,0.03655471
3108,2025-01-24,300427,红相股份,0.036539793
3109,2025-01-24,7,全新好,0.03652969
3110,2025-01-24,688077,大地熊,0.036528483
3111,2025-01-27,300887,谱尼测试,0.036519498
3112,2025-01-24,688148,芳源股份,0.03651917
3113,2025-01-23,301380,挖金客,0.03651914
3114,2025-01-27,688084,晶品特装,0.036511645
3115,2025-01-27,301603,乔锋智能,0.036503077
3116,2025-01-24,600281,华阳新材,0.0364971
3117,2025-01-23,2737,葵花药业,0.03648673
3118,2025-01-27,2856,美芝股份,0.036482856
3119,2025-01-23,2025,航天电器,0.03648162
3120,2025-01-23,576,甘化科工,0.036470056
3121,2025-01-23,688416,恒烁股份,0.03646037
3122,2025-01-24,600803,新奥股份,0.036442623
3123,2025-01-27,688166,博瑞医药,0.0364376
3124,2025-01-27,600337,美克家居,0.03641735
3125,2025-01-24,2373,千方科技,0.03641005
3126,2025-01-24,688051,佳华科技,0.036406383
3127,2025-01-23,300091,金通灵,0.03639224
3128,2025-01-24,300567,精测电子,0.036385372
3129,2025-01-24,300192,科德教育,0.03638175
3130,2025-01-24,603159,上海亚虹,0.03636518
3131,2025-01-24,600538,国发股份,0.03636034
3132,2025-01-23,688318,财富趋势,0.036353722
3133,2025-01-24,301069,凯盛新材,0.036353245
3134,2025-01-23,2991,甘源食品,0.036352634
3135,2025-01-24,995,皇台酒业,0.03634876
3136,2025-01-23,300622,博士眼镜,0.03634526
3137,2025-01-27,600686,金龙汽车,0.03634301
3138,2025-01-27,62,深圳华强,0.036334246
3139,2025-01-27,601798,蓝科高新,0.03633192
3140,2025-01-24,603809,豪能股份,0.036322623
3141,2025-01-27,2731,萃华珠宝,0.0363224
3142,2025-01-27,300661,圣邦股份,0.03631863
3143,2025-01-27,688682,霍莱沃,0.03631799
3144,2025-01-23,2797,第一创业,0.03631784
3145,2025-01-27,600487,亨通光电,0.03631246
3146,2025-01-24,510,新金路,0.036309913
3147,2025-01-24,688603,天承科技,0.03630711
3148,2025-01-27,2486,嘉麟杰,0.036294162
3149,2025-01-24,603201,常润股份,0.036290377
3150,2025-01-23,803,山高环能,0.03628044
3151,2025-01-27,688181,八亿时空,0.03627932
3152,2025-01-27,2875,安奈儿,0.036277637
3153,2025-01-27,688685,迈信林,0.036272272
3154,2025-01-27,301116,益客食品,0.036270246
3155,2025-01-27,300609,汇纳科技,0.036270022
3156,2025-01-27,680,山推股份,0.036265984
3157,2025-01-24,300158,振东制药,0.036259294
3158,2025-01-27,688519,南亚新材,0.036251232
3159,2025-01-27,2879,长缆科技,0.036250725
3160,2025-01-23,300694,蠡湖股份,0.036246598
3161,2025-01-24,3029,吉大正元,0.036243662
3162,2025-01-27,688560,明冠新材,0.036240235
3163,2025-01-27,300668,杰恩设计,0.036238164
3164,2025-01-23,600156,华升股份,0.036221057
3165,2025-01-27,2342,巨力索具,0.036218718
3166,2025-01-27,600316,洪都航空,0.03621486
3167,2025-01-23,2629,仁智股份,0.03620328
3168,2025-01-27,603004,鼎龙科技,0.036202893
3169,2025-01-27,600259,广晟有色,0.036202654
3170,2025-01-23,688378,奥来德,0.036196023
3171,2025-01-23,600354,敦煌种业,0.036190897
3172,2025-01-27,600067,冠城新材,0.03618683
3173,2025-01-27,300394,天孚通信,0.03618388
3174,2025-01-23,605268,王力安防,0.036183834
3175,2025-01-27,600370,三房巷,0.036178187
3176,2025-01-23,600619,海立股份,0.03617701
3177,2025-01-27,2170,芭田股份,0.036172673
3178,2025-01-23,688381,帝奥微,0.03616543
3179,2025-01-27,688306,均普智能,0.036157444
3180,2025-01-24,300517,海波重科,0.03615564
3181,2025-01-23,605179,一鸣食品,0.036155134
3182,2025-01-24,2391,长青股份,0.036153227
3183,2025-01-23,600658,电子城,0.03614019
3184,2025-01-27,600611,大众交通,0.036134496
3185,2025-01-27,301381,赛维时代,0.036131874
3186,2025-01-27,2501,利源股份,0.03613183
3187,2025-01-24,603083,剑桥科技,0.03612797
3188,2025-01-27,688202,美迪西,0.036127582
3189,2025-01-27,300639,凯普生物,0.036124572
3190,2025-01-23,600408,安泰集团,0.036118895
3191,2025-01-27,300576,容大感光,0.0361183
3192,2025-01-27,837,秦川机床,0.03611353
3193,2025-01-23,300072,海新能科,0.036112458
3194,2025-01-23,600107,美尔雅,0.03611192
3195,2025-01-23,301325,曼恩斯特,0.036107615
3196,2025-01-24,716,黑芝麻,0.03610626
3197,2025-01-24,300878,维康药业,0.036105886
3198,2025-01-24,2058,威尔泰,0.036101818
3199,2025-01-24,300580,贝斯特,0.036086723
3200,2025-01-24,688480,赛恩斯,0.036081
3201,2025-01-24,605338,巴比食品,0.03607884
3202,2025-01-24,688079,美迪凯,0.036075383
3203,2025-01-23,813,德展健康,0.036074594
3204,2025-01-24,600405,动力源,0.03607121
3205,2025-01-27,2982,湘佳股份,0.036057338
3206,2025-01-27,300852,四会富仕,0.03605652
3207,2025-01-24,2215,诺 普 信,0.036044523
3208,2025-01-23,2599,盛通股份,0.036041215
3209,2025-01-27,601615,明阳智能,0.036033392
3210,2025-01-27,2436,兴森科技,0.0360218
3211,2025-01-27,300648,星云股份,0.03601311
3212,2025-01-24,300913,兆龙互连,0.03598793
3213,2025-01-27,688081,兴图新科,0.03597291
3214,2025-01-27,300478,杭州高新,0.03596784
3215,2025-01-23,300468,四方精创,0.035967454
3216,2025-01-27,2633,申科股份,0.035966456
3217,2025-01-23,430,张家界,0.035964116
3218,2025-01-27,777,中核科技,0.035960466
3219,2025-01-27,2853,皮阿诺,0.03595911
3220,2025-01-24,603111,康尼机电,0.03595324
3221,2025-01-27,301078,孩子王,0.03595203
3222,2025-01-23,603223,恒通股份,0.03594041
3223,2025-01-27,2145,中核钛白,0.03593956
3224,2025-01-27,300972,万辰集团,0.035934478
3225,2025-01-27,605318,法狮龙,0.03593044
3226,2025-01-27,973,佛塑科技,0.035898924
3227,2025-01-24,300655,晶瑞电材,0.035886914
3228,2025-01-27,504,南华生物,0.03588569
3229,2025-01-24,600617,国新能源,0.03588018
3230,2025-01-24,2181,粤 传 媒,0.035879984
3231,2025-01-27,600246,万通发展,0.03587714
3232,2025-01-24,688700,东威科技,0.03586954
3233,2025-01-27,2195,岩山科技,0.035865203
3234,2025-01-27,605133,嵘泰股份,0.035857186
3235,2025-01-27,600979,广安爱众,0.035855144
3236,2025-01-27,2389,航天彩虹,0.03585252
3237,2025-01-27,300456,赛微电子,0.035831064
3238,2025-01-27,300538,同益股份,0.035819694
3239,2025-01-27,603918,金桥信息,0.03581962
3240,2025-01-27,601236,红塔证券,0.035813093
3241,2025-01-24,56,皇庭国际,0.035803974
3242,2025-01-27,300291,百纳千成,0.03579788
3243,2025-01-27,688530,欧莱新材,0.0357922
3244,2025-01-27,301307,美利信,0.03579046
3245,2025-01-27,601127,赛力斯,0.03575872
3246,2025-01-23,300112,万讯自控,0.035739616
3247,2025-01-27,300809,华辰装备,0.03573194
3248,2025-01-24,301009,可靠股份,0.035723582
3249,2025-01-24,2547,春兴精工,0.03571579
3250,2025-01-27,300503,昊志机电,0.035710707
3251,2025-01-23,301269,华大九天,0.035701707
3252,2025-01-27,688448,磁谷科技,0.035700455
3253,2025-01-27,600735,新华锦,0.035699815
3254,2025-01-27,600791,京能置业,0.035699263
3255,2025-01-23,301202,朗威股份,0.03569886
3256,2025-01-24,600408,安泰集团,0.035691902
3257,2025-01-27,688788,科思科技,0.035686582
3258,2025-01-24,880,潍柴重机,0.035626918
3259,2025-01-27,300703,创源股份,0.03562212
3260,2025-01-27,2038,双鹭药业,0.035621673
3261,2025-01-27,727,冠捷科技,0.035609722
3262,2025-01-24,301365,矩阵股份,0.0356064
3263,2025-01-27,301111,粤万年青,0.035601303
3264,2025-01-24,688150,莱特光电,0.0356005
3265,2025-01-24,688201,信安世纪,0.035579816
3266,2025-01-27,300830,金现代,0.035573065
3267,2025-01-24,688778,厦钨新能,0.03557293
3268,2025-01-23,2119,康强电子,0.035572186
3269,2025-01-27,2524,光正眼科,0.03554459
3270,2025-01-23,737,北方铜业,0.035535797
3271,2025-01-23,600212,绿能慧充,0.03552407
3272,2025-01-27,688378,奥来德,0.03551194
3273,2025-01-27,600617,国新能源,0.035511747
3274,2025-01-24,603900,莱绅通灵,0.03550622
3275,2025-01-24,300577,开润股份,0.03548217
3276,2025-01-27,301533,威马农机,0.035476267
3277,2025-01-27,300311,任子行,0.03547585
3278,2025-01-27,600537,亿晶光电,0.035461128
3279,2025-01-24,301199,迈赫股份,0.03545384
3280,2025-01-24,601777,力帆科技,0.035450935
3281,2025-01-27,2077,大港股份,0.035449132
3282,2025-01-27,601882,海天精工,0.035447106
3283,2025-01-27,301592,六九一二,0.035446033
3284,2025-01-27,600149,廊坊发展,0.035438612
3285,2025-01-27,300240,飞力达,0.035423845
3286,2025-01-24,545,金浦钛业,0.03542097
3287,2025-01-23,300807,天迈科技,0.03541571
3288,2025-01-27,2780,三夫户外,0.03541529
3289,2025-01-23,300972,万辰集团,0.035402417
3290,2025-01-23,2620,瑞和股份,0.03538555
3291,2025-01-24,430,张家界,0.035377264
3292,2025-01-27,688198,佰仁医疗,0.03536871
3293,2025-01-23,796,凯撒旅业,0.03536609
3294,2025-01-23,520,凤凰航运,0.035363123
3295,2025-01-23,301606,绿联科技,0.035359874
3296,2025-01-27,300730,科创信息,0.035354316
3297,2025-01-27,688385,复旦微电,0.035351872
3298,2025-01-27,600400,红豆股份,0.03533882
3299,2025-01-27,600363,联创光电,0.03533703
3300,2025-01-24,3006,百亚股份,0.035331085
3301,2025-01-23,600600,青岛啤酒,0.035330936
3302,2025-01-23,688339,亿华通-U,0.035326526
3303,2025-01-24,301213,观想科技,0.03532453
3304,2025-01-24,605136,丽人丽妆,0.035299957
3305,2025-01-23,600724,宁波富达,0.03528881
3306,2025-01-27,565,渝三峡Ａ,0.035283774
3307,2025-01-27,2390,信邦制药,0.03527695
3308,2025-01-27,688312,燕麦科技,0.035271138
3309,2025-01-23,300850,新强联,0.035267398
3310,2025-01-27,600006,东风股份,0.035266727
3311,2025-01-23,2077,大港股份,0.035265714
3312,2025-01-23,603803,瑞斯康达,0.035254955
3313,2025-01-27,600841,动力新科,0.035253897
3314,2025-01-23,301071,力量钻石,0.035252035
3315,2025-01-27,300737,科顺股份,0.035248533
3316,2025-01-27,301012,扬电科技,0.035241872
3317,2025-01-24,300788,中信出版,0.03522584
3318,2025-01-24,2847,盐津铺子,0.035222694
3319,2025-01-23,2459,晶澳科技,0.03521596
3320,2025-01-23,688301,奕瑞科技,0.03520225
3321,2025-01-24,2466,天齐锂业,0.03519921
3322,2025-01-27,688012,中微公司,0.03519386
3323,2025-01-23,688433,华曙高科,0.035189733
3324,2025-01-23,603776,永安行,0.03518504
3325,2025-01-23,603196,日播时尚,0.035181463
3326,2025-01-27,300066,三川智慧,0.035181195
3327,2025-01-27,603983,丸美生物,0.035166517
3328,2025-01-23,600406,国电南瑞,0.035141274
3329,2025-01-23,688126,沪硅产业,0.035132393
3330,2025-01-23,2439,启明星辰,0.03511502
3331,2025-01-27,688368,晶丰明源,0.035114318
3332,2025-01-23,600759,洲际油气,0.03510867
3333,2025-01-27,600643,爱建集团,0.03508836
3334,2025-01-27,688223,晶科能源,0.03508152
3335,2025-01-24,300531,优博讯,0.035078913
3336,2025-01-23,301220,亚香股份,0.035076097
3337,2025-01-24,688109,品茗科技,0.035070255
3338,2025-01-23,300889,爱克股份,0.03505844
3339,2025-01-23,605287,德才股份,0.03505236
3340,2025-01-24,300118,东方日升,0.035049394
3341,2025-01-24,1269,欧晶科技,0.0350464
3342,2025-01-27,300612,宣亚国际,0.035038486
3343,2025-01-27,688126,沪硅产业,0.03503716
3344,2025-01-23,688107,安路科技,0.03503178
3345,2025-01-27,2153,石基信息,0.03502983
3346,2025-01-23,66,中国长城,0.035029396
3347,2025-01-24,600658,电子城,0.035029173
3348,2025-01-27,601059,信达证券,0.035023138
3349,2025-01-24,2583,海能达,0.0350219
3350,2025-01-27,3031,中瓷电子,0.035008594
3351,2025-01-27,300820,英杰电气,0.035008565
3352,2025-01-24,688262,国芯科技,0.035005987
3353,2025-01-24,2188,中天服务,0.034995258
3354,2025-01-23,58,深 赛 格,0.034981936
3355,2025-01-23,600459,贵研铂业,0.034980536
3356,2025-01-23,620,新华联,0.03496635
3357,2025-01-27,601136,首创证券,0.03495525
3358,2025-01-23,688498,源杰科技,0.034952685
3359,2025-01-27,688593,新相微,0.03495136
3360,2025-01-23,300982,苏文电能,0.034950092
3361,2025-01-24,1319,铭科精技,0.03494875
3362,2025-01-27,917,电广传媒,0.034946278
3363,2025-01-23,688343,云天励飞-U,0.034937233
3364,2025-01-24,300860,锋尚文化,0.034935683
3365,2025-01-27,603039,泛微网络,0.0349323
3366,2025-01-23,688332,中科蓝讯,0.034916162
3367,2025-01-27,688503,聚和材料,0.034912363
3368,2025-01-27,2201,正威新材,0.034911484
3369,2025-01-23,2171,楚江新材,0.034909815
3370,2025-01-24,2171,楚江新材,0.034901828
3371,2025-01-27,301522,上大股份,0.0349008
3372,2025-01-27,605287,德才股份,0.03489265
3373,2025-01-27,300579,数字认证,0.03489092
3374,2025-01-27,603991,至正股份,0.034871638
3375,2025-01-27,603977,国泰集团,0.034871534
3376,2025-01-24,2851,麦格米特,0.03486453
3377,2025-01-27,600600,青岛啤酒,0.034861922
3378,2025-01-24,2806,华锋股份,0.034860373
3379,2025-01-24,2898,赛隆药业,0.03485854
3380,2025-01-24,2214,大立科技,0.034853965
3381,2025-01-23,300671,富满微,0.034839034
3382,2025-01-24,300513,恒实科技,0.03481759
3383,2025-01-24,2902,铭普光磁,0.034813553
3384,2025-01-27,603626,科森科技,0.034799978
3385,2025-01-27,688158,优刻得-W,0.034794107
3386,2025-01-24,688260,昀冢科技,0.03478892
3387,2025-01-27,301316,慧博云通,0.034788072
3388,2025-01-23,300237,美晨科技,0.034786448
3389,2025-01-24,2095,生 意 宝,0.034786046
3390,2025-01-23,688110,东芯股份,0.03478481
3391,2025-01-24,600615,丰华股份,0.034779564
3392,2025-01-27,301009,可靠股份,0.034778863
3393,2025-01-27,688246,嘉和美康,0.03477627
3394,2025-01-24,301178,天亿马,0.034772903
3395,2025-01-27,2210,飞马国际,0.03477034
3396,2025-01-27,605117,德业股份,0.03476651
3397,2025-01-27,600661,昂立教育,0.03475924
3398,2025-01-24,603259,药明康德,0.034745142
3399,2025-01-27,300691,联合光电,0.03474289
3400,2025-01-23,300424,航新科技,0.034738705
3401,2025-01-27,688380,中微半导,0.034732312
3402,2025-01-23,688090,瑞松科技,0.03472109
3403,2025-01-27,300447,全信股份,0.034721076
3404,2025-01-24,300426,唐德影视,0.034712717
3405,2025-01-27,688283,坤恒顺维,0.034694344
3406,2025-01-24,2577,雷柏科技,0.034687504
3407,2025-01-23,2175,东方智造,0.03467886
3408,2025-01-24,600163,中闽能源,0.034676895
3409,2025-01-27,605566,福莱蒽特,0.034671485
3410,2025-01-24,300180,华峰超纤,0.034666613
3411,2025-01-23,600537,亿晶光电,0.03466198
3412,2025-01-27,600390,五矿资本,0.034655064
3413,2025-01-23,301129,瑞纳智能,0.034651294
3414,2025-01-24,603365,水星家纺,0.034650877
3415,2025-01-23,536,华映科技,0.034643233
3416,2025-01-27,301499,维科精密,0.034637123
3417,2025-01-24,300588,熙菱信息,0.034636572
3418,2025-01-23,603657,春光科技,0.034631908
3419,2025-01-24,300237,美晨科技,0.034630537
3420,2025-01-24,301085,亚康股份,0.034620523
3421,2025-01-24,790,华神科技,0.03461644
3422,2025-01-24,603139,康惠制药,0.034612328
3423,2025-01-23,600580,卧龙电驱,0.03460996
3424,2025-01-23,600363,联创光电,0.034608245
3425,2025-01-23,2778,中晟高科,0.034603372
3426,2025-01-27,420,吉林化纤,0.03459753
3427,2025-01-24,692,惠天热电,0.034578487
3428,2025-01-24,1217,华尔泰,0.03457789
3429,2025-01-27,300185,通裕重工,0.034575358
3430,2025-01-27,936,华西股份,0.0345622
3431,2025-01-27,2851,麦格米特,0.034559384
3432,2025-01-27,688021,奥福环保,0.034542486
3433,2025-01-27,300491,通合科技,0.03454198
3434,2025-01-24,2759,天际股份,0.034538522
3435,2025-01-27,2858,力盛体育,0.034537643
3436,2025-01-27,600665,天地源,0.034528077
3437,2025-01-23,2603,以岭药业,0.034525767
3438,2025-01-24,688787,海天瑞声,0.0345255
3439,2025-01-27,600095,湘财股份,0.03452328
3440,2025-01-24,300128,锦富技术,0.034517974
3441,2025-01-27,600630,龙头股份,0.034510344
3442,2025-01-27,39,中集集团,0.034505054
3443,2025-01-27,603596,伯特利,0.03448169
3444,2025-01-27,301027,华蓝集团,0.0344757
3445,2025-01-24,300635,中达安,0.034467638
3446,2025-01-24,603061,金海通,0.03446631
3447,2025-01-27,300842,帝科股份,0.034461826
3448,2025-01-24,838,财信发展,0.034457177
3449,2025-01-27,600490,鹏欣资源,0.034454793
3450,2025-01-27,301337,亚华电子,0.034445435
3451,2025-01-23,2849,威星智能,0.034429446
3452,2025-01-27,600548,深高速,0.034425482
3453,2025-01-27,300565,科信技术,0.034415185
3454,2025-01-27,1287,中电港,0.03441228
3455,2025-01-23,300477,合纵科技,0.03441055
3456,2025-01-24,301118,恒光股份,0.034398124
3457,2025-01-27,2129,TCL中环,0.034375295
3458,2025-01-24,688126,沪硅产业,0.034373775
3459,2025-01-24,603991,至正股份,0.034362495
3460,2025-01-27,688386,泛亚微透,0.034360245
3461,2025-01-24,600963,岳阳林纸,0.034358665
3462,2025-01-27,300150,世纪瑞尔,0.034355044
3463,2025-01-24,600702,舍得酒业,0.034354717
3464,2025-01-24,2379,宏创控股,0.034351647
3465,2025-01-27,572,海马汽车,0.034349173
3466,2025-01-27,603810,丰山集团,0.034348533
3467,2025-01-27,300086,康芝药业,0.03434193
3468,2025-01-23,1238,浙江正特,0.034338117
3469,2025-01-23,300106,西部牧业,0.03433588
3470,2025-01-27,2554,惠博普,0.034331545
3471,2025-01-23,300046,台基股份,0.034327477
3472,2025-01-27,300992,泰福泵业,0.03431973
3473,2025-01-24,600151,航天机电,0.034317583
3474,2025-01-27,2339,积成电子,0.034308657
3475,2025-01-23,603386,骏亚科技,0.03430508
3476,2025-01-24,603898,好莱客,0.0343038
3477,2025-01-27,301119,正强股份,0.034302518
3478,2025-01-27,603236,移远通信,0.0343004
3479,2025-01-27,2510,天汽模,0.034297243
3480,2025-01-23,603969,银龙股份,0.034294933
3481,2025-01-23,300988,津荣天宇,0.03428662
3482,2025-01-27,688316,青云科技-U,0.034277767
3483,2025-01-23,601106,中国一重,0.03426729
3484,2025-01-27,300345,华民股份,0.034264892
3485,2025-01-24,300290,荣科科技,0.034261584
3486,2025-01-24,2622,皓宸医疗,0.03425789
3487,2025-01-23,301357,北方长龙,0.034253195
3488,2025-01-23,688153,唯捷创芯,0.034248903
3489,2025-01-27,603350,安乃达,0.03424743
3490,2025-01-24,300468,四方精创,0.034235418
3491,2025-01-24,688309,恒誉环保,0.034232065
3492,2025-01-27,688567,孚能科技,0.03422807
3493,2025-01-24,605168,三人行,0.03422305
3494,2025-01-24,688448,磁谷科技,0.034222692
3495,2025-01-27,2659,凯文教育,0.034219503
3496,2025-01-27,300673,佩蒂股份,0.03421463
3497,2025-01-23,600180,瑞茂通,0.0342108
3498,2025-01-27,2570,贝因美,0.034207925
3499,2025-01-24,603920,世运电路,0.034198463
3500,2025-01-23,2682,龙洲股份,0.034183934
3501,2025-01-27,2933,新兴装备,0.03418176
3502,2025-01-27,301631,壹连科技,0.0341741
3503,2025-01-24,2638,勤上股份,0.034169212
3504,2025-01-23,2681,奋达科技,0.034169093
3505,2025-01-27,2921,联诚精密,0.034151405
3506,2025-01-27,688001,华兴源创,0.034149036
3507,2025-01-27,300415,伊之密,0.034147337
3508,2025-01-23,600081,东风科技,0.034129634
3509,2025-01-27,750,国海证券,0.03412409
3510,2025-01-24,688373,盟科药业-U,0.034122765
3511,2025-01-24,688048,长光华芯,0.0341215
3512,2025-01-23,600325,华发股份,0.034115836
3513,2025-01-24,2119,康强电子,0.034108073
3514,2025-01-24,2760,凤形股份,0.034107193
3515,2025-01-27,301171,易点天下,0.03410594
3516,2025-01-27,2743,富煌钢构,0.034096107
3517,2025-01-23,605178,时空科技,0.03409174
3518,2025-01-27,688096,京源环保,0.034077346
3519,2025-01-27,603421,鼎信通讯,0.034077138
3520,2025-01-24,300585,奥联电子,0.03407651
3521,2025-01-23,603596,伯特利,0.03404987
3522,2025-01-27,688004,博汇科技,0.03404239
3523,2025-01-24,600622,光大嘉宝,0.03403838
3524,2025-01-23,980,众泰汽车,0.034036815
3525,2025-01-27,603666,亿嘉和,0.034032553
3526,2025-01-23,158,常山北明,0.034007102
3527,2025-01-23,2356,赫美集团,0.03400317
3528,2025-01-24,688499,利元亨,0.033998445
3529,2025-01-27,600460,士兰微,0.03399752
3530,2025-01-23,893,亚钾国际,0.03399533
3531,2025-01-27,2767,先锋电子,0.033991233
3532,2025-01-23,603707,健友股份,0.03398134
3533,2025-01-23,501,武商集团,0.033979252
3534,2025-01-23,300615,欣天科技,0.033978254
3535,2025-01-24,688435,英方软件,0.03397563
3536,2025-01-27,301211,亨迪药业,0.03395988
3537,2025-01-24,301326,捷邦科技,0.03395912
3538,2025-01-23,300068,南都电源,0.033957258
3539,2025-01-24,301177,迪阿股份,0.033949688
3540,2025-01-24,603988,中电电机,0.033944443
3541,2025-01-27,600580,卧龙电驱,0.033924326
3542,2025-01-23,2050,三花智控,0.033922628
3543,2025-01-27,300340,科恒股份,0.033917412
3544,2025-01-24,601567,三星医疗,0.033912122
3545,2025-01-27,300913,兆龙互连,0.033905804
3546,2025-01-23,600400,红豆股份,0.033900127
3547,2025-01-27,2956,西麦食品,0.033893168
3548,2025-01-23,300334,津膜科技,0.03388971
3549,2025-01-27,300964,本川智能,0.03387387
3550,2025-01-27,600984,建设机械,0.033852458
3551,2025-01-24,603028,赛福天,0.033848137
3552,2025-01-24,603486,科沃斯,0.033845767
3553,2025-01-24,777,中核科技,0.033842742
3554,2025-01-24,688378,奥来德,0.033827648
3555,2025-01-27,300689,澄天伟业,0.03382677
3556,2025-01-27,300052,中青宝,0.033825368
3557,2025-01-24,2036,联创电子,0.033822104
3558,2025-01-23,300166,东方国信,0.03381896
3559,2025-01-27,600543,莫高股份,0.033809602
3560,2025-01-24,702,正虹科技,0.033804283
3561,2025-01-27,2460,赣锋锂业,0.033801034
3562,2025-01-23,2526,山东矿机,0.033798963
3563,2025-01-24,603778,国晟科技,0.033793226
3564,2025-01-27,300659,中孚信息,0.03378749
3565,2025-01-27,600458,时代新材,0.033782467
3566,2025-01-23,564,供销大集,0.03376171
3567,2025-01-27,600550,保变电气,0.033750907
3568,2025-01-23,300997,欢乐家,0.033737853
3569,2025-01-24,2427,尤夫股份,0.033735737
3570,2025-01-24,600203,福日电子,0.03372559
3571,2025-01-24,603918,金桥信息,0.033723563
3572,2025-01-27,301510,固高科技,0.03372298
3573,2025-01-27,600498,烽火通信,0.033721566
3574,2025-01-27,300022,吉峰科技,0.03371711
3575,2025-01-23,600129,太极集团,0.03371638
3576,2025-01-24,300699,光威复材,0.03371522
3577,2025-01-27,600621,华鑫股份,0.03371246
3578,2025-01-27,603322,超讯通信,0.03371197
3579,2025-01-23,2613,北玻股份,0.033711836
3580,2025-01-23,688365,光云科技,0.03370887
3581,2025-01-27,603151,邦基科技,0.033701047
3582,2025-01-24,603020,爱普股份,0.033692837
3583,2025-01-23,600734,实达集团,0.033692047
3584,2025-01-23,600595,中孚实业,0.033688113
3585,2025-01-27,2613,北玻股份,0.03368756
3586,2025-01-24,603030,全筑股份,0.033685923
3587,2025-01-23,1201,东瑞股份,0.033674777
3588,2025-01-27,688055,龙腾光电,0.03367254
3589,2025-01-24,663,永安林业,0.03366962
3590,2025-01-27,2441,众业达,0.03365977
3591,2025-01-27,300158,振东制药,0.03365396
3592,2025-01-23,605318,法狮龙,0.03363888
3593,2025-01-27,603659,璞泰来,0.033637837
3594,2025-01-24,2991,甘源食品,0.03363043
3595,2025-01-23,300433,蓝思科技,0.033627927
3596,2025-01-23,300426,唐德影视,0.033622906
3597,2025-01-23,2631,德尔未来,0.033619672
3598,2025-01-23,2386,天原股份,0.033615604
3599,2025-01-27,2698,博实股份,0.03361009
3600,2025-01-27,688768,容知日新,0.033609778
3601,2025-01-24,301218,华是科技,0.033605024
3602,2025-01-24,301596,瑞迪智驱,0.033604696
3603,2025-01-24,688158,优刻得-W,0.03360322
3604,2025-01-24,2631,德尔未来,0.033589378
3605,2025-01-27,600327,大东方,0.033581644
3606,2025-01-27,301070,开勒股份,0.033565313
3607,2025-01-27,688551,科威尔,0.03356512
3608,2025-01-23,702,正虹科技,0.033561006
3609,2025-01-27,300889,爱克股份,0.033558592
3610,2025-01-27,688010,福光股份,0.0335543
3611,2025-01-24,600719,大连热电,0.033547744
3612,2025-01-27,560,我爱我家,0.033546954
3613,2025-01-24,2893,京能热力,0.033535555
3614,2025-01-27,600825,新华传媒,0.03352973
3615,2025-01-24,2943,宇晶股份,0.03352779
3616,2025-01-23,2361,神剑股份,0.033517346
3617,2025-01-24,2090,金智科技,0.033514008
3618,2025-01-24,688702,盛科通信-U,0.033511266
3619,2025-01-27,603213,镇洋发展,0.033506647
3620,2025-01-23,2993,奥海科技,0.03350489
3621,2025-01-24,603701,德宏股份,0.033499688
3622,2025-01-24,600638,新黄浦,0.03349583
3623,2025-01-27,688292,浩瀚深度,0.033493564
3624,2025-01-27,2866,传艺科技,0.03348957
3625,2025-01-24,2741,光华科技,0.033486888
3626,2025-01-27,2946,新乳业,0.033481047
3627,2025-01-27,301067,显盈科技,0.03347972
3628,2025-01-27,300626,华瑞股份,0.033475175
3629,2025-01-24,2682,龙洲股份,0.033474818
3630,2025-01-24,300707,威唐工业,0.03346637
3631,2025-01-23,2112,三变科技,0.033465087
3632,2025-01-23,301177,迪阿股份,0.03345442
3633,2025-01-27,576,甘化科工,0.03345324
3634,2025-01-27,300269,联建光电,0.033447117
3635,2025-01-27,300477,合纵科技,0.033445463
3636,2025-01-23,603297,永新光学,0.033441722
3637,2025-01-23,300296,利亚德,0.033437803
3638,2025-01-27,300943,春晖智控,0.033427447
3639,2025-01-24,815,美利云,0.033416957
3640,2025-01-24,600839,四川长虹,0.033415303
3641,2025-01-24,688306,均普智能,0.033411995
3642,2025-01-23,301591,肯特股份,0.03341028
3643,2025-01-24,300435,中泰股份,0.033404917
3644,2025-01-23,2634,棒杰股份,0.033403307
3645,2025-01-24,600265,景谷林业,0.03339982
3646,2025-01-27,2735,王子新材,0.033399746
3647,2025-01-27,300443,金雷股份,0.03339669
3648,2025-01-27,2568,百润股份,0.033395335
3649,2025-01-24,300529,健帆生物,0.033378303
3650,2025-01-27,600025,华能水电,0.033373013
3651,2025-01-24,300377,赢时胜,0.033372715
3652,2025-01-24,600844,丹化科技,0.03336741
3653,2025-01-24,603416,信捷电气,0.033362284
3654,2025-01-24,300616,尚品宅配,0.033362255
3655,2025-01-24,300264,佳创视讯,0.03335528
3656,2025-01-27,517,荣安地产,0.033349752
3657,2025-01-23,99,中信海直,0.03334768
3658,2025-01-27,603818,曲美家居,0.033345103
3659,2025-01-23,600719,大连热电,0.033344075
3660,2025-01-23,688521,芯原股份,0.033340856
3661,2025-01-23,300252,金信诺,0.03333734
3662,2025-01-24,688398,赛特新材,0.033336252
3663,2025-01-23,595,宝塔实业,0.033333227
3664,2025-01-27,688707,振华新材,0.033325806
3665,2025-01-24,723,美锦能源,0.033319056
3666,2025-01-23,2791,坚朗五金,0.033312112
3667,2025-01-24,300076,GQY视讯,0.033310875
3668,2025-01-27,603882,金域医学,0.03331028
3669,2025-01-27,600313,农发种业,0.03330992
3670,2025-01-27,688105,诺唯赞,0.033307612
3671,2025-01-23,300179,四方达,0.033305258
3672,2025-01-23,600592,龙溪股份,0.033302426
3673,2025-01-27,688631,莱斯信息,0.03330171
3674,2025-01-27,301606,绿联科技,0.033301443
3675,2025-01-27,600827,百联股份,0.033297002
3676,2025-01-27,301626,苏州天脉,0.033295885
3677,2025-01-24,600605,汇通能源,0.03328955
3678,2025-01-24,48,京基智农,0.033288717
3679,2025-01-27,2622,皓宸医疗,0.033278078
3680,2025-01-24,300778,新城市,0.033271655
3681,2025-01-24,300350,华鹏飞,0.03326848
3682,2025-01-27,688589,力合微,0.03326656
3683,2025-01-27,822,山东海化,0.033261657
3684,2025-01-24,600137,浪莎股份,0.033251554
3685,2025-01-27,300421,力星股份,0.03324929
3686,2025-01-27,300087,荃银高科,0.033237517
3687,2025-01-24,300139,晓程科技,0.033237144
3688,2025-01-24,2075,沙钢股份,0.033227384
3689,2025-01-27,300351,永贵电器,0.033224568
3690,2025-01-24,300168,万达信息,0.033206165
3691,2025-01-24,603511,爱慕股份,0.033202454
3692,2025-01-23,2209,达 意 隆,0.03319888
3693,2025-01-24,2596,海南瑞泽,0.033197388
3694,2025-01-27,300531,优博讯,0.03319247
3695,2025-01-24,600330,天通股份,0.03319171
3696,2025-01-24,300829,金丹科技,0.0331797
3697,2025-01-24,300270,中威电子,0.033161923
3698,2025-01-23,300876,蒙泰高新,0.033153936
3699,2025-01-24,603619,中曼石油,0.033146992
3700,2025-01-27,688049,炬芯科技,0.03314632
3701,2025-01-24,558,莱茵体育,0.033142224
3702,2025-01-24,300246,宝莱特,0.033138603
3703,2025-01-24,300157,新锦动力,0.03313619
3704,2025-01-24,603332,苏州龙杰,0.03312877
3705,2025-01-27,300723,一品红,0.03312576
3706,2025-01-24,2222,福晶科技,0.03312415
3707,2025-01-23,753,漳州发展,0.03312017
3708,2025-01-23,2218,拓日新能,0.03311099
3709,2025-01-27,2402,和而泰,0.033106357
3710,2025-01-23,2529,海源复材,0.033097
3711,2025-01-24,600159,大龙地产,0.03308934
3712,2025-01-23,300051,琏升科技,0.033088297
3713,2025-01-27,300865,大宏立,0.033083916
3714,2025-01-27,688710,益诺思,0.033079475
3715,2025-01-23,300115,长盈精密,0.033074304
3716,2025-01-27,2434,万里扬,0.033066615
3717,2025-01-23,2628,成都路桥,0.033065736
3718,2025-01-23,600620,天宸股份,0.03306514
3719,2025-01-23,301608,博实结,0.033060983
3720,2025-01-24,603079,圣达生物,0.03305897
3721,2025-01-24,688097,博众精工,0.0330569
3722,2025-01-23,600661,昂立教育,0.033055767
3723,2025-01-27,603408,建霖家居,0.033055753
3724,2025-01-24,300952,恒辉安防,0.03305553
3725,2025-01-24,2012,凯恩股份,0.03305158
3726,2025-01-23,2899,英派斯,0.03304921
3727,2025-01-23,300192,科德教育,0.03304915
3728,2025-01-27,603399,永杉锂业,0.033048302
3729,2025-01-27,2587,奥拓电子,0.03304623
3730,2025-01-27,2386,天原股份,0.033035487
3731,2025-01-27,301567,贝隆精密,0.03303218
3732,2025-01-24,603158,腾龙股份,0.033031166
3733,2025-01-24,2875,安奈儿,0.033028215
3734,2025-01-27,300284,苏交科,0.033026606
3735,2025-01-16,688293,奥浦迈,0.033023775
3736,2025-01-27,600114,东睦股份,0.033021778
3737,2025-01-27,688030,山石网科,0.03301221
3738,2025-01-27,301607,富特科技,0.033008784
3739,2025-01-23,301024,霍普股份,0.03300585
3740,2025-01-24,603881,数据港,0.03300105
3741,2025-01-27,601012,隆基绿能,0.032977924
3742,2025-01-24,688420,美腾科技,0.032972053
3743,2025-01-24,301052,果麦文化,0.03296259
3744,2025-01-27,688201,信安世纪,0.03295766
3745,2025-01-27,300233,金城医药,0.032952517
3746,2025-01-23,301192,泰祥股份,0.032941505
3747,2025-01-24,2719,麦趣尔,0.032941222
3748,2025-01-24,300382,斯莱克,0.032940716
3749,2025-01-27,2114,罗平锌电,0.032939956
3750,2025-01-23,688420,美腾科技,0.032935083
3751,2025-01-24,2084,海鸥住工,0.03292814
3752,2025-01-27,2686,亿利达,0.032927766
3753,2025-01-24,837,秦川机床,0.032919332
3754,2025-01-24,301378,通达海,0.032911316
3755,2025-01-27,2786,银宝山新,0.032900915
3756,2025-01-27,300567,精测电子,0.032898277
3757,2025-01-27,601929,吉视传媒,0.032892138
3758,2025-01-24,605580,恒盛能源,0.032888606
3759,2025-01-24,3042,中农联合,0.032874927
3760,2025-01-27,301565,中仑新材,0.032847583
3761,2025-01-23,688373,盟科药业-U,0.032840237
3762,2025-01-23,603283,赛腾股份,0.03283499
3763,2025-01-27,2654,万润科技,0.032833412
3764,2025-01-24,688599,天合光能,0.032831788
3765,2025-01-24,600231,凌钢股份,0.032830253
3766,2025-01-27,300649,杭州园林,0.032826662
3767,2025-01-27,2470,金正大,0.032818243
3768,2025-01-27,952,广济药业,0.032817215
3769,2025-01-27,603159,上海亚虹,0.032808676
3770,2025-01-24,688610,埃科光电,0.032806695
3771,2025-01-24,2207,准油股份,0.032800287
3772,2025-01-24,301049,超越科技,0.032796457
3773,2025-01-27,300940,南极光,0.03279087
3774,2025-01-24,3021,兆威机电,0.03278525
3775,2025-01-24,2630,华西能源,0.032767802
3776,2025-01-23,2256,兆新股份,0.03275469
3777,2025-01-27,78,海王生物,0.032754317
3778,2025-01-24,2805,丰元股份,0.032754034
3779,2025-01-27,300175,朗源股份,0.03275372
3780,2025-01-23,829,天音控股,0.032750443
3781,2025-01-24,300793,佳禾智能,0.032746077
3782,2025-01-27,300541,先进数通,0.03274536
3783,2025-01-24,2899,英派斯,0.03274028
3784,2025-01-27,301072,中捷精工,0.032740116
3785,2025-01-27,600186,莲花控股,0.032730505
3786,2025-01-24,688506,百利天恒-U,0.03272444
3787,2025-01-23,2207,准油股份,0.032721817
3788,2025-01-24,605006,山东玻纤,0.03271021
3789,2025-01-27,688023,安恒信息,0.032707676
3790,2025-01-23,300991,创益通,0.032707453
3791,2025-01-24,300947,德必集团,0.032704487
3792,2025-01-27,603319,湘油泵,0.032704026
3793,2025-01-27,1696,宗申动力,0.032696843
3794,2025-01-23,300883,龙利得,0.032696202
3795,2025-01-24,300838,浙江力诺,0.032695696
3796,2025-01-27,601777,力帆科技,0.032694817
3797,2025-01-27,2949,华阳国际,0.032689705
3798,2025-01-24,603117,万林物流,0.032681808
3799,2025-01-24,300397,天和防务,0.03267999
3800,2025-01-27,603032,德新科技,0.03266442
3801,2025-01-27,2953,日丰股份,0.032656834
3802,2025-01-23,42,中洲控股,0.03265412
3803,2025-01-24,300898,熊猫乳品,0.032649964
3804,2025-01-23,300503,昊志机电,0.032642603
3805,2025-01-23,603716,塞力医疗,0.032641992
3806,2025-01-27,2580,圣阳股份,0.032640442
3807,2025-01-24,301525,儒竞科技,0.032630727
3808,2025-01-24,3031,中瓷电子,0.03262481
3809,2025-01-24,301327,华宝新能,0.03262143
3810,2025-01-23,300032,金龙机电,0.032616377
3811,2025-01-24,600399,抚顺特钢,0.032614663
3812,2025-01-27,601698,中国卫通,0.032599106
3813,2025-01-24,603261,立航科技,0.032592684
3814,2025-01-27,688496,清越科技,0.032588094
3815,2025-01-27,605358,立昂微,0.03258711
3816,2025-01-27,300074,华平股份,0.03258638
3817,2025-01-24,300399,天利科技,0.032570437
3818,2025-01-24,688,国城矿业,0.03256257
3819,2025-01-23,688597,煜邦电力,0.03255725
3820,2025-01-23,2898,赛隆药业,0.032553107
3821,2025-01-23,2513,蓝丰生化,0.03255157
3822,2025-01-24,603977,国泰集团,0.032547772
3823,2025-01-27,3010,若羽臣,0.03254558
3824,2025-01-23,600939,重庆建工,0.032544643
3825,2025-01-24,300993,玉马科技,0.03254302
3826,2025-01-27,603655,朗博科技,0.032542273
3827,2025-01-24,600845,宝信软件,0.032541484
3828,2025-01-24,688103,国力股份,0.032536402
3829,2025-01-24,600757,长江传媒,0.032535836
3830,2025-01-23,300892,品渥食品,0.032535747
3831,2025-01-24,688523,航天环宇,0.03253232
3832,2025-01-24,2323,雅博股份,0.032529786
3833,2025-01-23,300941,创识科技,0.03252338
3834,2025-01-24,688222,成都先导,0.03251031
3835,2025-01-27,600152,维科技术,0.03250453
3836,2025-01-23,301355,南王科技,0.032491803
3837,2025-01-27,633,合金投资,0.032489255
3838,2025-01-27,300346,南大光电,0.032487825
3839,2025-01-27,688523,航天环宇,0.032473043
3840,2025-01-27,600071,凤凰光学,0.032472506
3841,2025-01-24,603381,永臻股份,0.032471478
3842,2025-01-27,300736,百邦科技,0.032471105
3843,2025-01-27,829,天音控股,0.032466605
3844,2025-01-27,1311,多利科技,0.032461643
3845,2025-01-27,2338,奥普光电,0.03245163
3846,2025-01-24,2402,和而泰,0.032450944
3847,2025-01-27,2020,京新药业,0.03244528
3848,2025-01-27,600748,上实发展,0.03243178
3849,2025-01-23,2278,神开股份,0.032427028
3850,2025-01-24,688297,中无人机,0.032418817
3851,2025-01-27,2981,朝阳科技,0.03241408
3852,2025-01-23,300067,安诺其,0.03241314
3853,2025-01-23,603070,万控智造,0.03241299
3854,2025-01-24,600968,海油发展,0.032409534
3855,2025-01-24,603616,韩建河山,0.03240642
3856,2025-01-24,1322,箭牌家居,0.032401443
3857,2025-01-27,688276,百克生物,0.032399997
3858,2025-01-24,300895,铜牛信息,0.032397717
3859,2025-01-24,301372,科净源,0.032375306
3860,2025-01-23,600525,长园集团,0.032363668
3861,2025-01-24,610,西安旅游,0.032357335
3862,2025-01-27,301281,科源制药,0.03235659
3863,2025-01-27,300119,瑞普生物,0.03235556
3864,2025-01-23,2210,飞马国际,0.032349825
3865,2025-01-27,892,欢瑞世纪,0.032345742
3866,2025-01-27,300176,鸿特科技,0.032342613
3867,2025-01-23,2928,华夏航空,0.03234145
3868,2025-01-27,605158,华达新材,0.03233373
3869,2025-01-27,300796,贝斯美,0.032331213
3870,2025-01-23,2638,勤上股份,0.03231187
3871,2025-01-24,638,万方发展,0.032303125
3872,2025-01-23,688305,科德数控,0.032302797
3873,2025-01-23,603859,能科科技,0.032298163
3874,2025-01-24,300570,太辰光,0.032293037
3875,2025-01-27,2314,南山控股,0.032292083
3876,2025-01-24,301567,贝隆精密,0.032291055
3877,2025-01-23,688184,帕瓦股份,0.03228727
3878,2025-01-24,600810,神马股份,0.032285944
3879,2025-01-24,603499,翔港科技,0.032279998
3880,2025-01-24,688237,超卓航科,0.03227757
3881,2025-01-27,1225,和泰机电,0.032267332
3882,2025-01-23,301252,同星科技,0.03226392
3883,2025-01-27,300488,恒锋工具,0.032259867
3884,2025-01-23,688299,长阳科技,0.032259807
3885,2025-01-24,301066,万事利,0.032252938
3886,2025-01-27,2214,大立科技,0.032252252
3887,2025-01-27,600604,市北高新,0.032250986
3888,2025-01-27,300981,中红医疗,0.032244727
3889,2025-01-27,600797,浙大网新,0.0322396
3890,2025-01-27,301285,鸿日达,0.03223875
3891,2025-01-23,300284,苏交科,0.03223227
3892,2025-01-27,300988,津荣天宇,0.03222528
3893,2025-01-27,688646,逸飞激光,0.03222379
3894,2025-01-27,1231,农心科技,0.032222763
3895,2025-01-23,688475,萤石网络,0.032206
3896,2025-01-27,831,中国稀土,0.03220524
3897,2025-01-27,300614,百川畅银,0.032204747
3898,2025-01-27,603506,南都物业,0.03220445
3899,2025-01-27,603268,松发股份,0.032191843
3900,2025-01-24,688107,安路科技,0.032184392
3901,2025-01-24,688709,成都华微,0.032178193
3902,2025-01-27,301298,东利机械,0.032156557
3903,2025-01-27,600736,苏州高新,0.03215164
3904,2025-01-24,985,大庆华科,0.032148704
3905,2025-01-24,514,渝 开 发,0.032139644
3906,2025-01-27,2623,亚玛顿,0.03213647
3907,2025-01-23,600239,云南城投,0.032135233
3908,2025-01-24,509,华塑控股,0.03213498
3909,2025-01-24,2144,宏达高科,0.032129645
3910,2025-01-24,600337,美克家居,0.032114416
3911,2025-01-27,2868,绿康生化,0.032112345
3912,2025-01-27,300099,尤洛卡,0.032112256
3913,2025-01-27,300562,乐心医疗,0.03207834
3914,2025-01-27,676,智度股份,0.032059178
3915,2025-01-27,2016,世荣兆业,0.03205508
3916,2025-01-27,600058,五矿发展,0.032051653
3917,2025-01-24,952,广济药业,0.03204806
3918,2025-01-27,965,天保基建,0.03204781
3919,2025-01-24,300478,杭州高新,0.03204143
3920,2025-01-24,688108,赛诺医疗,0.032035172
3921,2025-01-27,2245,蔚蓝锂芯,0.03203328
3922,2025-01-23,300317,珈伟新能,0.03202994
3923,2025-01-24,300969,恒帅股份,0.032028347
3924,2025-01-23,2483,润邦股份,0.032024205
3925,2025-01-24,601106,中国一重,0.03201759
3926,2025-01-23,603950,长源东谷,0.032012954
3927,2025-01-23,603123,翠微股份,0.032009885
3928,2025-01-27,2271,东方雨虹,0.03200987
3929,2025-01-27,300701,森霸传感,0.032008797
3930,2025-01-27,2192,融捷股份,0.032008022
3931,2025-01-27,1308,康冠科技,0.03200431
3932,2025-01-23,600584,长电科技,0.03199795
3933,2025-01-24,688206,概伦电子,0.031989902
3934,2025-01-27,688443,智翔金泰-U,0.031982243
3935,2025-01-24,2524,光正眼科,0.031971753
3936,2025-01-23,2523,天桥起重,0.031970963
3937,2025-01-23,605208,永茂泰,0.031967863
3938,2025-01-24,301329,信音电子,0.031959638
3939,2025-01-27,688597,煜邦电力,0.03195642
3940,2025-01-24,2407,多氟多,0.031953424
3941,2025-01-24,300972,万辰集团,0.031944722
3942,2025-01-27,605162,新中港,0.031942576
3943,2025-01-27,798,中水渔业,0.03193997
3944,2025-01-24,600156,华升股份,0.031935588
3945,2025-01-23,688070,纵横股份,0.031934485
3946,2025-01-27,688290,景业智能,0.031933486
3947,2025-01-27,2350,北京科锐,0.031919464
3948,2025-01-24,2892,科力尔,0.031919032
3949,2025-01-27,603176,汇通集团,0.031917557
3950,2025-01-23,300418,昆仑万维,0.031901553
3951,2025-01-27,410,沈阳机床,0.03189902
3952,2025-01-27,300942,易瑞生物,0.03189309
3953,2025-01-23,838,财信发展,0.031891286
3954,2025-01-27,2737,葵花药业,0.03189093
3955,2025-01-27,603617,君禾股份,0.031882077
3956,2025-01-24,688300,联瑞新材,0.031880796
3957,2025-01-27,603390,通达电气,0.031873584
3958,2025-01-27,2605,姚记科技,0.031872585
3959,2025-01-27,300283,温州宏丰,0.031872302
3960,2025-01-24,2747,埃斯顿,0.031871647
3961,2025-01-24,600986,浙文互联,0.031857237
3962,2025-01-24,603917,合力科技,0.03185445
3963,2025-01-23,600326,西藏天路,0.03185232
3964,2025-01-27,2617,露笑科技,0.031850442
3965,2025-01-27,300500,启迪设计,0.031835586
3966,2025-01-23,300603,立昂技术,0.031833157
3967,2025-01-24,600481,双良节能,0.031828746
3968,2025-01-24,2928,华夏航空,0.031826884
3969,2025-01-24,2231,奥维通信,0.031822503
3970,2025-01-23,600844,丹化科技,0.03181891
3971,2025-01-23,300460,惠伦晶体,0.03181815
3972,2025-01-27,300684,中石科技,0.031811744
3973,2025-01-27,2156,通富微电,0.03180282
3974,2025-01-27,601138,工业富联,0.031800047
3975,2025-01-27,2407,多氟多,0.031796575
3976,2025-01-27,2903,宇环数控,0.031794667
3977,2025-01-27,688192,迪哲医药-U,0.031793267
3978,2025-01-24,300682,朗新集团,0.031790584
3979,2025-01-24,688205,德科立,0.03178136
3980,2025-01-24,603686,福龙马,0.031781197
3981,2025-01-27,600796,钱江生化,0.031778276
3982,2025-01-27,603960,克来机电,0.031774342
3983,2025-01-23,727,冠捷科技,0.031773508
3984,2025-01-27,600038,中直股份,0.031769156
3985,2025-01-27,603123,翠微股份,0.03176911
3986,2025-01-23,300783,三只松鼠,0.031762317
3987,2025-01-23,600837,海通证券,0.031752914
3988,2025-01-24,603709,中源家居,0.031737626
3989,2025-01-27,2877,智能自控,0.03173463
3990,2025-01-23,300884,狄耐克,0.031715155
3991,2025-01-24,2950,奥美医疗,0.031712294
3992,2025-01-24,600640,国脉文化,0.031707466
3993,2025-01-27,603486,科沃斯,0.031707212
3994,2025-01-23,600802,福建水泥,0.0317069
3995,2025-01-27,2581,未名医药,0.03170301
3996,2025-01-24,560,我爱我家,0.031702474
3997,2025-01-27,600162,香江控股,0.031697586
3998,2025-01-27,2140,东华科技,0.031693235
3999,2025-01-24,300461,田中精机,0.03169115
4000,2025-01-24,688733,壹石通,0.03168933
4001,2025-01-23,688228,开普云,0.03168434
4002,2025-01-27,300680,隆盛科技,0.031678095
4003,2025-01-27,301587,中瑞股份,0.03167799
4004,2025-01-27,688152,麒麟信安,0.031674474
4005,2025-01-27,2183,怡 亚 通,0.031674117
4006,2025-01-23,600712,南宁百货,0.03167367
4007,2025-01-24,601012,隆基绿能,0.031672522
4008,2025-01-24,300912,凯龙高科,0.031670317
4009,2025-01-27,300258,精锻科技,0.03165868
4010,2025-01-24,688081,兴图新科,0.031655118
4011,2025-01-24,2145,中核钛白,0.031652167
4012,2025-01-24,2997,瑞鹄模具,0.031648204
4013,2025-01-24,301162,国能日新,0.031644
4014,2025-01-27,600571,信雅达,0.031642348
4015,2025-01-27,300149,睿智医药,0.031640843
4016,2025-01-24,301487,盟固利,0.031636894
4017,2025-01-23,2232,启明信息,0.031620562
4018,2025-01-27,301192,泰祥股份,0.031607255
4019,2025-01-23,301487,盟固利,0.031607077
4020,2025-01-27,2165,红 宝 丽,0.03159958
4021,2025-01-24,600577,精达股份,0.031597137
4022,2025-01-24,688308,欧科亿,0.03158699
4023,2025-01-27,735,罗 牛 山,0.031586647
4024,2025-01-27,601106,中国一重,0.03158152
4025,2025-01-24,603189,网达软件,0.03157887
4026,2025-01-23,605158,华达新材,0.031575665
4027,2025-01-27,300540,蜀道装备,0.031571686
4028,2025-01-23,300374,中铁装配,0.031565934
4029,2025-01-27,301321,翰博高新,0.031559974
4030,2025-01-23,688,国城矿业,0.031558335
4031,2025-01-24,813,德展健康,0.03155659
4032,2025-01-27,603628,清源股份,0.03155537
4033,2025-01-23,301159,三维天地,0.03155242
4034,2025-01-27,2837,英维克,0.031550914
4035,2025-01-24,688595,芯海科技,0.03154756
4036,2025-01-24,300817,双飞集团,0.031542897
4037,2025-01-23,2072,凯瑞德,0.031541735
4038,2025-01-27,2169,智光电气,0.03153895
4039,2025-01-24,688037,芯源微,0.031536818
4040,2025-01-24,600530,交大昂立,0.031536773
4041,2025-01-24,301392,汇成真空,0.031523988
4042,2025-01-23,300225,金力泰,0.031517476
4043,2025-01-23,600753,庚星股份,0.031514168
4044,2025-01-27,603351,威尔药业,0.031504706
4045,2025-01-23,665,湖北广电,0.031503677
4046,2025-01-24,300348,长亮科技,0.031501964
4047,2025-01-24,301172,君逸数码,0.031500787
4048,2025-01-23,301333,诺思格,0.031495467
4049,2025-01-27,2297,博云新材,0.031491444
4050,2025-01-23,2686,亿利达,0.031489715
4051,2025-01-24,600560,金自天正,0.031474724
4052,2025-01-23,688071,华依科技,0.031468615
4053,2025-01-27,603917,合力科技,0.03146547
4054,2025-01-24,300011,鼎汉技术,0.031463057
4055,2025-01-24,300493,润欣科技,0.0314596
4056,2025-01-23,601699,潞安环能,0.031456426
4057,2025-01-27,601456,国联证券,0.031456158
4058,2025-01-23,2115,三维通信,0.031456053
4059,2025-01-27,603296,华勤技术,0.031454638
4060,2025-01-24,688202,美迪西,0.031438187
4061,2025-01-23,2719,麦趣尔,0.031434447
4062,2025-01-23,2096,易普力,0.031433105
4063,2025-01-24,301120,新特电气,0.03142166
4064,2025-01-27,601608,中信重工,0.03142008
4065,2025-01-27,605128,上海沿浦,0.031415313
4066,2025-01-27,955,欣龙控股,0.031410083
4067,2025-01-27,603690,至纯科技,0.031406403
4068,2025-01-27,600319,亚星化学,0.03140028
4069,2025-01-23,1217,华尔泰,0.031395346
4070,2025-01-24,300732,设研院,0.03138937
4071,2025-01-24,603116,红蜻蜓,0.03138864
4072,2025-01-27,600615,丰华股份,0.0313769
4073,2025-01-24,600390,五矿资本,0.031376734
4074,2025-01-24,688178,万德斯,0.031373918
4075,2025-01-24,300491,通合科技,0.0313641
4076,2025-01-27,301172,君逸数码,0.031355664
4077,2025-01-23,2653,海思科,0.031349853
4078,2025-01-27,600281,华阳新材,0.03134781
4079,2025-01-24,2526,山东矿机,0.031341434
4080,2025-01-24,300126,锐奇股份,0.031335637
4081,2025-01-27,603387,基蛋生物,0.03133309
4082,2025-01-27,301016,雷尔伟,0.031331763
4083,2025-01-24,300091,金通灵,0.031330943
4084,2025-01-24,2563,森马服饰,0.03132066
4085,2025-01-24,688582,芯动联科,0.031319812
4086,2025-01-27,301327,华宝新能,0.031315267
4087,2025-01-24,300883,龙利得,0.03131163
4088,2025-01-27,603885,吉祥航空,0.031308323
4089,2025-01-27,688528,秦川物联,0.031303048
4090,2025-01-27,2815,崇达技术,0.031302094
4091,2025-01-23,301061,匠心家居,0.03130108
4092,2025-01-24,2025,航天电器,0.031289816
4093,2025-01-24,301111,粤万年青,0.031287804
4094,2025-01-23,96,广聚能源,0.031287074
4095,2025-01-27,863,三湘印象,0.031286627
4096,2025-01-24,603129,春风动力,0.031283826
4097,2025-01-24,600756,浪潮软件,0.03127998
4098,2025-01-27,600010,包钢股份,0.031277925
4099,2025-01-24,600400,红豆股份,0.031276643
4100,2025-01-24,300395,菲利华,0.031268895
4101,2025-01-24,42,中洲控股,0.03126575
4102,2025-01-23,2524,光正眼科,0.03126572
4103,2025-01-24,605277,新亚电子,0.031259075
4104,2025-01-27,600272,开开实业,0.03125447
4105,2025-01-23,300936,中英科技,0.031236187
4106,2025-01-23,2902,铭普光磁,0.031226844
4107,2025-01-23,300633,开立医疗,0.03121972
4108,2025-01-23,300678,中科信息,0.031219333
4109,2025-01-24,600126,杭钢股份,0.031217813
4110,2025-01-24,603787,新日股份,0.03121771
4111,2025-01-27,603297,永新光学,0.03121677
4112,2025-01-23,688588,凌志软件,0.031211168
4113,2025-01-23,688448,磁谷科技,0.031205654
4114,2025-01-27,601992,金隅集团,0.031202897
4115,2025-01-23,688081,兴图新科,0.031191856
4116,2025-01-24,603893,瑞芯微,0.031178549
4117,2025-01-23,2127,南极电商,0.031173125
4118,2025-01-24,301221,光庭信息,0.03116943
4119,2025-01-23,688118,普元信息,0.031167999
4120,2025-01-27,300623,捷捷微电,0.031165153
4121,2025-01-24,688450,光格科技,0.03114894
4122,2025-01-24,600620,天宸股份,0.03114815
4123,2025-01-23,2145,中核钛白,0.03114529
4124,2025-01-24,301286,侨源股份,0.031145245
4125,2025-01-24,603637,镇海股份,0.031144425
4126,2025-01-27,610,西安旅游,0.0311431
4127,2025-01-23,2041,登海种业,0.031128198
4128,2025-01-27,300843,胜蓝股份,0.03112708
4129,2025-01-27,2076,星光股份,0.031121671
4130,2025-01-24,300042,朗科科技,0.031117916
4131,2025-01-24,301421,波长光电,0.031116277
4132,2025-01-23,688512,慧智微-U,0.031115383
4133,2025-01-27,2292,奥飞娱乐,0.031115353
4134,2025-01-27,603097,江苏华辰,0.031112283
4135,2025-01-27,603158,腾龙股份,0.0311061
4136,2025-01-24,2457,青龙管业,0.031081349
4137,2025-01-24,300334,津膜科技,0.031081244
4138,2025-01-23,2805,丰元股份,0.031075194
4139,2025-01-24,603716,塞力医疗,0.031073943
4140,2025-01-24,2657,中科金财,0.031073675
4141,2025-01-23,2946,新乳业,0.031073198
4142,2025-01-23,600666,奥瑞德,0.031071305
4143,2025-01-27,2878,元隆雅图,0.031065926
4144,2025-01-23,301091,深城交,0.031063855
4145,2025-01-27,688543,国科军工,0.031063855
4146,2025-01-23,603083,剑桥科技,0.031063452
4147,2025-01-24,301035,润丰股份,0.031054214
4148,2025-01-23,688066,航天宏图,0.03104198
4149,2025-01-27,300596,利安隆,0.031041458
4150,2025-01-24,600939,重庆建工,0.031038553
4151,2025-01-27,301613,新铝时代,0.0310359
4152,2025-01-27,688702,盛科通信-U,0.031030744
4153,2025-01-24,300525,博思软件,0.031028181
4154,2025-01-27,2247,聚力文化,0.031022593
4155,2025-01-24,688567,孚能科技,0.031022072
4156,2025-01-23,300249,依米康,0.031021968
4157,2025-01-24,603600,永艺股份,0.031021744
4158,2025-01-24,300074,华平股份,0.031016111
4159,2025-01-23,2546,新联电子,0.031008735
4160,2025-01-27,2726,龙大美食,0.031004384
4161,2025-01-27,151,中成股份,0.031000495
4162,2025-01-23,2180,纳思达,0.030996531
4163,2025-01-24,300928,华安鑫创,0.030995607
4164,2025-01-27,601233,桐昆股份,0.030994564
4165,2025-01-24,2059,云南旅游,0.030990884
4166,2025-01-24,839,中信国安,0.03098607
4167,2025-01-23,300641,正丹股份,0.030970544
4168,2025-01-24,603051,鹿山新材,0.030964807
4169,2025-01-23,600491,龙元建设,0.030958995
4170,2025-01-27,600592,龙溪股份,0.030957684
4171,2025-01-24,600058,五矿发展,0.030952692
4172,2025-01-23,301577,美信科技,0.030948669
4173,2025-01-23,600590,泰豪科技,0.030938357
4174,2025-01-23,2082,万邦德,0.030938312
4175,2025-01-27,605378,野马电池,0.030935362
4176,2025-01-27,603080,新疆火炬,0.030922145
4177,2025-01-23,301421,波长光电,0.030921727
4178,2025-01-24,2956,西麦食品,0.030911759
4179,2025-01-27,688507,索辰科技,0.03091143
4180,2025-01-27,603126,中材节能,0.030908316
4181,2025-01-27,300616,尚品宅配,0.030902788
4182,2025-01-23,300786,国林科技,0.03089355
4183,2025-01-23,688297,中无人机,0.030879408
4184,2025-01-24,2778,中晟高科,0.03087768
4185,2025-01-24,600280,中央商场,0.0308768
4186,2025-01-24,2841,视源股份,0.030860722
4187,2025-01-24,300660,江苏雷利,0.03084591
4188,2025-01-27,600775,南京熊猫,0.03084135
4189,2025-01-24,603095,越剑智能,0.030840635
4190,2025-01-24,2828,贝肯能源,0.030830503
4191,2025-01-24,603089,正裕工业,0.030830294
4192,2025-01-23,603719,良品铺子,0.030810699
4193,2025-01-24,1259,利仁科技,0.030809209
4194,2025-01-24,2527,新时达,0.030808419
4195,2025-01-27,688051,佳华科技,0.030803084
4196,2025-01-27,301231,荣信文化,0.03080301
4197,2025-01-27,600438,通威股份,0.030801237
4198,2025-01-23,300267,尔康制药,0.030799806
4199,2025-01-23,553,安道麦A,0.030795872
4200,2025-01-27,688082,盛美上海,0.030795276
4201,2025-01-23,300736,百邦科技,0.030792922
4202,2025-01-23,688700,东威科技,0.030789658
4203,2025-01-23,688721,龙图光罩,0.030782446
4204,2025-01-27,300364,中文在线,0.030776143
4205,2025-01-27,300712,永福股份,0.030770957
4206,2025-01-27,300778,新城市,0.03076829
4207,2025-01-24,301325,曼恩斯特,0.030756682
4208,2025-01-27,2166,莱茵生物,0.030751243
4209,2025-01-27,300578,会畅通讯,0.030749619
4210,2025-01-23,603985,恒润股份,0.030747697
4211,2025-01-23,301270,汉仪股份,0.030741677
4212,2025-01-24,300022,吉峰科技,0.030740127
4213,2025-01-23,300556,丝路视觉,0.030739278
4214,2025-01-27,301360,荣旗科技,0.030735046
4215,2025-01-24,603356,华菱精工,0.030733794
4216,2025-01-27,301229,纽泰格,0.030732706
4217,2025-01-23,301302,华如科技,0.030732319
4218,2025-01-27,603936,博敏电子,0.030731231
4219,2025-01-27,2625,光启技术,0.030729279
4220,2025-01-27,603220,中贝通信,0.030728817
4221,2025-01-24,2634,棒杰股份,0.030727074
4222,2025-01-23,688701,卓锦股份,0.030724272
4223,2025-01-24,301239,普瑞眼科,0.03072396
4224,2025-01-24,600227,赤天化,0.030722246
4225,2025-01-24,688070,纵横股份,0.030713156
4226,2025-01-24,300906,日月明,0.030709982
4227,2025-01-24,688088,虹软科技,0.030705482
4228,2025-01-24,600537,亿晶光电,0.030705363
4229,2025-01-23,300045,华力创通,0.030703142
4230,2025-01-23,1298,好上好,0.03069976
4231,2025-01-27,603527,众源新材,0.030697554
4232,2025-01-23,603507,振江股份,0.030689701
4233,2025-01-24,600436,片仔癀,0.030683234
4234,2025-01-27,301418,协昌科技,0.030679658
4235,2025-01-24,688315,诺禾致源,0.030662537
4236,2025-01-27,600935,华塑股份,0.030648962
4237,2025-01-23,2466,天齐锂业,0.030647844
4238,2025-01-24,688098,申联生物,0.030646741
4239,2025-01-23,300006,莱美药业,0.0306326
4240,2025-01-24,300783,三只松鼠,0.030632138
4241,2025-01-27,300837,浙矿股份,0.030623466
4242,2025-01-24,2167,东方锆业,0.03061521
4243,2025-01-23,3040,楚天龙,0.030608237
4244,2025-01-23,300025,华星创业,0.03060773
4245,2025-01-24,2537,海联金汇,0.030607179
4246,2025-01-27,300601,康泰生物,0.030602515
4247,2025-01-27,2278,神开股份,0.030598924
4248,2025-01-27,300182,捷成股份,0.030590788
4249,2025-01-24,600689,上海三毛,0.03058973
4250,2025-01-23,688003,天准科技,0.030589387
4251,2025-01-27,603679,华体科技,0.030589134
4252,2025-01-23,301550,斯菱股份,0.030587688
4253,2025-01-27,688370,丛麟科技,0.030586109
4254,2025-01-23,688509,正元地信,0.030584037
4255,2025-01-24,301108,洁雅股份,0.030581236
4256,2025-01-27,300844,山水比德,0.030578166
4257,2025-01-23,603590,康辰药业,0.0305752
4258,2025-01-24,301356,天振股份,0.03055334
4259,2025-01-23,600159,大龙地产,0.030543923
4260,2025-01-23,2276,万马股份,0.03054361
4261,2025-01-23,2195,岩山科技,0.030541748
4262,2025-01-27,603108,润达医疗,0.030538663
4263,2025-01-23,2178,延华智能,0.03053552
4264,2025-01-23,2910,庄园牧场,0.030535161
4265,2025-01-27,2045,国光电器,0.030534953
4266,2025-01-23,300175,朗源股份,0.030534804
4267,2025-01-23,301510,固高科技,0.030533269
4268,2025-01-23,300022,吉峰科技,0.03053303
4269,2025-01-27,2413,雷科防务,0.030529454
4270,2025-01-23,2926,华西证券,0.030527413
4271,2025-01-27,2630,华西能源,0.030510217
4272,2025-01-23,600558,大西洋,0.030505612
4273,2025-01-27,2836,新宏泽,0.03050524
4274,2025-01-24,301312,智立方,0.030504152
4275,2025-01-27,300787,海能实业,0.030501112
4276,2025-01-24,301036,双乐股份,0.030494481
4277,2025-01-24,300691,联合光电,0.030493557
4278,2025-01-24,300621,维业股份,0.030487955
4279,2025-01-23,601155,新城控股,0.030485526
4280,2025-01-24,600039,四川路桥,0.030485496
4281,2025-01-27,600467,好当家,0.030464113
4282,2025-01-24,601360,三六零,0.030447423
4283,2025-01-27,969,安泰科技,0.030442879
4284,2025-01-24,553,安道麦A,0.03044255
4285,2025-01-23,300173,福能东方,0.030442357
4286,2025-01-23,300310,宜通世纪,0.030433878
4287,2025-01-27,603375,盛景微,0.030424386
4288,2025-01-24,688488,艾迪药业,0.030423552
4289,2025-01-23,688392,骄成超声,0.030422702
4290,2025-01-27,301488,豪恩汽电,0.030421585
4291,2025-01-27,603289,泰瑞机器,0.030420661
4292,2025-01-24,600590,泰豪科技,0.030412897
4293,2025-01-27,300274,阳光电源,0.030408323
4294,2025-01-24,300072,海新能科,0.03040056
4295,2025-01-24,300347,泰格医药,0.030397624
4296,2025-01-24,2174,游族网络,0.030397207
4297,2025-01-24,600199,金种子酒,0.0303943
4298,2025-01-23,688685,迈信林,0.03039132
4299,2025-01-23,301012,扬电科技,0.030388758
4300,2025-01-27,301075,多瑞医药,0.030380696
4301,2025-01-23,300119,瑞普生物,0.030377775
4302,2025-01-23,603518,锦泓集团,0.03036417
4303,2025-01-24,688633,星球石墨,0.03034313
4304,2025-01-24,2276,万马股份,0.030339941
4305,2025-01-27,2898,赛隆药业,0.030331552
4306,2025-01-27,1296,长江材料,0.030320078
4307,2025-01-23,688410,山外山,0.030319631
4308,2025-01-24,688072,拓荆科技,0.030316666
4309,2025-01-27,300602,飞荣达,0.03031592
4310,2025-01-27,300891,惠云钛业,0.030312002
4311,2025-01-23,688027,国盾量子,0.03030461
4312,2025-01-24,688166,博瑞医药,0.030293927
4313,2025-01-27,600250,南京商旅,0.030290678
4314,2025-01-27,688133,泰坦科技,0.030290172
4315,2025-01-27,688590,新致软件,0.030275702
4316,2025-01-24,605566,福莱蒽特,0.030271873
4317,2025-01-24,300763,锦浪科技,0.030271769
4318,2025-01-24,603727,博迈科,0.030261204
4319,2025-01-23,603616,韩建河山,0.030257508
4320,2025-01-24,603330,天洋新材,0.030249625
4321,2025-01-27,605068,明新旭腾,0.03024739
4322,2025-01-24,601500,通用股份,0.03024602
4323,2025-01-24,300694,蠡湖股份,0.030246004
4324,2025-01-23,300762,上海瀚讯,0.030236825
4325,2025-01-23,603885,吉祥航空,0.030230701
4326,2025-01-27,2830,名雕股份,0.030228898
4327,2025-01-23,300661,圣邦股份,0.030227005
4328,2025-01-27,2739,万达电影,0.030219331
4329,2025-01-23,2319,乐通股份,0.030214086
4330,2025-01-23,3032,传智教育,0.030210972
4331,2025-01-27,603196,日播时尚,0.030203506
4332,2025-01-27,2673,西部证券,0.030200243
4333,2025-01-24,301383,天键股份,0.030199647
4334,2025-01-23,603033,三维股份,0.030191436
4335,2025-01-24,300161,华中数控,0.030190617
4336,2025-01-24,300593,新雷能,0.030189842
4337,2025-01-24,600363,联创光电,0.030183196
4338,2025-01-27,300082,奥克股份,0.03016591
4339,2025-01-24,975,山金国际,0.03016229
4340,2025-01-24,2414,高德红外,0.030161783
4341,2025-01-24,2133,广宇集团,0.030159786
4342,2025-01-27,600540,新赛股份,0.0301577
4343,2025-01-27,300785,值得买,0.030151144
4344,2025-01-27,2543,万和电气,0.030151054
4345,2025-01-27,300475,香农芯创,0.03014505
4346,2025-01-24,601699,潞安环能,0.03014268
4347,2025-01-23,2173,创新医疗,0.030139998
4348,2025-01-24,2625,光启技术,0.030138552
4349,2025-01-27,2648,卫星化学,0.03013672
4350,2025-01-27,688076,诺泰生物,0.030126676
4351,2025-01-27,688387,信科移动-U,0.030122131
4352,2025-01-23,300656,民德电子,0.03012158
4353,2025-01-27,301155,海力风电,0.030119985
4354,2025-01-27,1279,强邦新材,0.030119464
4355,2025-01-27,301369,联动科技,0.030117527
4356,2025-01-23,300053,航宇微,0.030112192
4357,2025-01-27,688352,颀中科技,0.030106366
4358,2025-01-23,688702,盛科通信-U,0.030106157
4359,2025-01-24,2150,通润装备,0.030101418
4360,2025-01-24,688127,蓝特光学,0.030099183
4361,2025-01-24,2132,恒星科技,0.03009808
4362,2025-01-24,2286,保龄宝,0.03009282
4363,2025-01-24,2343,慈文传媒,0.030088112
4364,2025-01-24,300904,威力传动,0.030087605
4365,2025-01-23,300529,健帆生物,0.030087382
4366,2025-01-24,300466,赛摩智能,0.030086145
4367,2025-01-24,63,中兴通讯,0.03008473
4368,2025-01-24,301150,中一科技,0.030079722
4369,2025-01-27,600322,津投城开,0.03007485
4370,2025-01-27,301011,华立科技,0.030068725
4371,2025-01-27,2664,信质集团,0.030052438
4372,2025-01-23,301038,深水规院,0.030050203
4373,2025-01-23,688582,芯动联科,0.030042619
4374,2025-01-23,603600,永艺股份,0.030024648
4375,2025-01-27,600336,澳柯玛,0.030013517
4376,2025-01-27,2416,爱施德,0.030013502
4377,2025-01-27,688450,光格科技,0.030013233
4378,2025-01-27,300480,光力科技,0.030011937
4379,2025-01-24,300052,中青宝,0.030010164
4380,2025-01-23,603028,赛福天,0.030008703
4381,2025-01-23,603577,汇金通,0.03000386
4382,2025-01-23,600280,中央商场,0.029999465
4383,2025-01-23,2819,东方中科,0.029996693
4384,2025-01-27,953,河化股份,0.029993787
4385,2025-01-23,300410,正业科技,0.029985338
4386,2025-01-23,300451,创业慧康,0.029985338
4387,2025-01-24,300447,全信股份,0.029980764
4388,2025-01-24,300280,紫天科技,0.029973269
4389,2025-01-27,688456,有研粉材,0.029972643
4390,2025-01-23,2132,恒星科技,0.029968962
4391,2025-01-23,617,中油资本,0.029967412
4392,2025-01-27,605016,百龙创园,0.029966816
4393,2025-01-24,300541,先进数通,0.029961646
4394,2025-01-27,300298,三诺生物,0.029956684
4395,2025-01-27,688098,申联生物,0.029954731
4396,2025-01-27,2180,纳思达,0.029952183
4397,2025-01-24,688015,交控科技,0.029942706
4398,2025-01-27,600707,彩虹股份,0.029941916
4399,2025-01-24,300769,德方纳米,0.029940903
4400,2025-01-27,300861,美畅股份,0.02993846
4401,2025-01-23,688156,路德环境,0.02993524
4402,2025-01-23,301230,泓博医药,0.02992995
4403,2025-01-23,300623,捷捷微电,0.029925436
4404,2025-01-27,300675,建科院,0.029923439
4405,2025-01-24,917,电广传媒,0.029923141
4406,2025-01-23,782,恒申新材,0.029922768
4407,2025-01-27,300696,爱乐达,0.02991423
4408,2025-01-23,600281,华阳新材,0.02991353
4409,2025-01-27,429,粤高速Ａ,0.029902816
4410,2025-01-24,600728,佳都科技,0.02989769
4411,2025-01-24,717,中南股份,0.029885337
4412,2025-01-24,600735,新华锦,0.029879645
4413,2025-01-24,301499,维科精密,0.02987279
4414,2025-01-24,605179,一鸣食品,0.029858261
4415,2025-01-24,601226,华电科工,0.029855505
4416,2025-01-27,600408,安泰集团,0.029854879
4417,2025-01-24,688091,上海谊众,0.02984105
4418,2025-01-24,300894,火星人,0.029840603
4419,2025-01-23,603659,璞泰来,0.029839411
4420,2025-01-27,300142,沃森生物,0.02983728
4421,2025-01-23,2391,长青股份,0.029835403
4422,2025-01-27,48,京基智农,0.029834047
4423,2025-01-23,777,中核科技,0.029833555
4424,2025-01-27,600169,太原重工,0.029833198
4425,2025-01-27,603356,华菱精工,0.029830784
4426,2025-01-23,601608,中信重工,0.029828608
4427,2025-01-27,2337,赛象科技,0.029827893
4428,2025-01-23,3021,兆威机电,0.029823512
4429,2025-01-23,698,沈阳化工,0.02982308
4430,2025-01-24,603359,东珠生态,0.02982153
4431,2025-01-23,300324,旋极信息,0.029806599
4432,2025-01-27,600635,大众公用,0.029804572
4433,2025-01-24,300326,凯利泰,0.029803634
4434,2025-01-23,300769,德方纳米,0.029800966
4435,2025-01-23,301165,锐捷网络,0.029797941
4436,2025-01-23,300114,中航电测,0.0297862
4437,2025-01-24,688539,高华科技,0.029780716
4438,2025-01-27,301205,联特科技,0.02977562
4439,2025-01-27,301289,国缆检测,0.029773176
4440,2025-01-24,2421,达实智能,0.029769644
4441,2025-01-23,600868,梅雁吉祥,0.029766142
4442,2025-01-23,2806,华锋股份,0.029753223
4443,2025-01-24,688281,华秦科技,0.029746443
4444,2025-01-23,2859,洁美科技,0.029726997
4445,2025-01-23,688696,极米科技,0.02972442
4446,2025-01-23,688776,国光电气,0.029719189
4447,2025-01-23,300073,当升科技,0.029712722
4448,2025-01-23,300749,顶固集创,0.029708117
4449,2025-01-23,1236,弘业期货,0.02970691
4450,2025-01-24,300386,飞天诚信,0.029700592
4451,2025-01-23,1313,粤海饲料,0.029697493
4452,2025-01-27,603005,晶方科技,0.029696897
4453,2025-01-23,300197,节能铁汉,0.029696584
4454,2025-01-27,300315,掌趣科技,0.029695913
4455,2025-01-24,300175,朗源股份,0.029690802
4456,2025-01-24,688141,杰华特,0.029689848
4457,2025-01-27,2661,克明食品,0.029687688
4458,2025-01-27,688169,石头科技,0.02968502
4459,2025-01-24,300768,迪普科技,0.029673323
4460,2025-01-24,688585,上纬新材,0.0296669
4461,2025-01-24,600382,广东明珠,0.029659584
4462,2025-01-24,600406,国电南瑞,0.029655159
4463,2025-01-23,688472,阿特斯,0.029647931
4464,2025-01-27,300937,药易购,0.029644907
4465,2025-01-27,300131,英唐智控,0.029644504
4466,2025-01-23,2315,焦点科技,0.029642269
4467,2025-01-27,603958,哈森股份,0.029640645
4468,2025-01-23,2581,未名医药,0.029639542
4469,2025-01-27,2209,达 意 隆,0.029635161
4470,2025-01-23,301101,明月镜片,0.029633477
4471,2025-01-24,2180,纳思达,0.029625446
4472,2025-01-24,688265,南模生物,0.029611751
4473,2025-01-27,2474,榕基软件,0.02961129
4474,2025-01-23,300700,岱勒新材,0.029608697
4475,2025-01-27,2695,煌上煌,0.029607609
4476,2025-01-24,3010,若羽臣,0.029605642
4477,2025-01-24,2219,新里程,0.029600352
4478,2025-01-27,2307,北新路桥,0.029598027
4479,2025-01-24,300504,天邑股份,0.029589623
4480,2025-01-23,603208,江山欧派,0.029589146
4481,2025-01-24,2148,北纬科技,0.029587328
4482,2025-01-27,600501,航天晨光,0.029576525
4483,2025-01-24,600731,湖南海利,0.02957192
4484,2025-01-24,688198,佰仁医疗,0.029563576
4485,2025-01-27,300187,永清环保,0.029557288
4486,2025-01-23,603038,华立股份,0.029548928
4487,2025-01-23,300447,全信股份,0.029546767
4488,2025-01-24,605162,新中港,0.029542327
4489,2025-01-23,300735,光弘科技,0.029526561
4490,2025-01-27,605188,国光连锁,0.029512867
4491,2025-01-27,605300,佳禾食品,0.029509395
4492,2025-01-27,428,华天酒店,0.029504925
4493,2025-01-27,600217,中再资环,0.029503807
4494,2025-01-23,301217,铜冠铜箔,0.02949424
4495,2025-01-27,605567,春雪食品,0.029493913
4496,2025-01-27,688371,菲沃泰,0.029491276
4497,2025-01-23,2482,广田集团,0.029488355
4498,2025-01-24,2628,成都路桥,0.02948387
4499,2025-01-24,2278,神开股份,0.029468924
4500,2025-01-27,688119,中钢洛耐,0.029463366
4501,2025-01-23,300478,杭州高新,0.029461026
4502,2025-01-27,688636,智明达,0.029457018
4503,2025-01-24,603825,华扬联众,0.029453501
4504,2025-01-24,2780,三夫户外,0.029450387
4505,2025-01-24,603728,鸣志电器,0.029448763
4506,2025-01-27,300281,金明精机,0.029447287
4507,2025-01-24,603776,永安行,0.029439166
4508,2025-01-24,600120,浙江东方,0.02943793
4509,2025-01-23,300977,深圳瑞捷,0.029423505
4510,2025-01-23,603117,万林物流,0.029423252
4511,2025-01-24,300718,长盛轴承,0.029422075
4512,2025-01-24,688161,威高骨科,0.02942057
4513,2025-01-27,300483,首华燃气,0.029420093
4514,2025-01-27,301333,诺思格,0.029417247
4515,2025-01-27,2133,广宇集团,0.029412597
4516,2025-01-24,300946,恒而达,0.029405624
4517,2025-01-27,300767,震安科技,0.02940178
4518,2025-01-24,2351,漫步者,0.029401049
4519,2025-01-24,2702,海欣食品,0.029391095
4520,2025-01-23,600650,锦江在线,0.02938129
4521,2025-01-27,300164,通源石油,0.0293812
4522,2025-01-24,605178,时空科技,0.029380575
4523,2025-01-23,2530,金财互联,0.029377744
4524,2025-01-24,2094,青岛金王,0.029375806
4525,2025-01-27,688302,海创药业-U,0.029372185
4526,2025-01-24,603711,香飘飘,0.029359609
4527,2025-01-24,300523,辰安科技,0.029358268
4528,2025-01-24,600727,鲁北化工,0.029353067
4529,2025-01-27,2283,天润工业,0.029352367
4530,2025-01-23,600641,万业企业,0.029351741
4531,2025-01-27,300971,博亚精工,0.029341921
4532,2025-01-27,603929,亚翔集成,0.02934058
4533,2025-01-23,601015,陕西黑猫,0.029312447
4534,2025-01-27,300516,久之洋,0.029307783
4535,2025-01-24,1229,魅视科技,0.029292062
4536,2025-01-23,600691,阳煤化工,0.029289976
4537,2025-01-24,603191,望变电气,0.02928926
4538,2025-01-27,2857,三晖电气,0.029280007
4539,2025-01-27,2716,湖南白银,0.029279277
4540,2025-01-27,2279,久其软件,0.029276863
4541,2025-01-23,2269,美邦服饰,0.029275298
4542,2025-01-24,300649,杭州园林,0.029274866
4543,2025-01-27,301296,新巨丰,0.0292743
4544,2025-01-27,600773,西藏城投,0.029271856
4545,2025-01-27,605299,舒华体育,0.0292691
4546,2025-01-24,670,盈方微,0.029267043
4547,2025-01-27,2219,新里程,0.029264301
4548,2025-01-24,2348,高乐股份,0.029259846
4549,2025-01-24,688116,天奈科技,0.029254064
4550,2025-01-27,2112,三变科技,0.029252365
4551,2025-01-23,2683,广东宏大,0.029244572
4552,2025-01-23,600543,莫高股份,0.029242918
4553,2025-01-27,1339,智微智能,0.029240578
4554,2025-01-23,697,炼石航空,0.029235378
4555,2025-01-24,603317,天味食品,0.029234916
4556,2025-01-23,301085,亚康股份,0.029234543
4557,2025-01-27,300047,天源迪科,0.029230744
4558,2025-01-27,603339,四方科技,0.029225424
4559,2025-01-24,600885,宏发股份,0.02922465
4560,2025-01-23,723,美锦能源,0.029210344
4561,2025-01-27,600716,凤凰股份,0.029209986
4562,2025-01-27,2756,永兴材料,0.029204026
4563,2025-01-24,600185,格力地产,0.029201716
4564,2025-01-23,300657,弘信电子,0.02920048
4565,2025-01-23,2702,海欣食品,0.029199734
4566,2025-01-23,603843,正平股份,0.029198915
4567,2025-01-24,600880,博瑞传播,0.029195547
4568,2025-01-23,601336,新华保险,0.029194832
4569,2025-01-24,301096,百诚医药,0.029188931
4570,2025-01-24,2689,远大智能,0.029184818
4571,2025-01-24,688443,智翔金泰-U,0.029177874
4572,2025-01-27,688562,航天软件,0.02917689
4573,2025-01-23,1389,广合科技,0.02917023
4574,2025-01-23,2852,道道全,0.029168472
4575,2025-01-27,300755,华致酒行,0.029153526
4576,2025-01-23,688148,芳源股份,0.02914609
4577,2025-01-24,600149,廊坊发展,0.029139549
4578,2025-01-27,17,深中华A,0.02913846
4579,2025-01-27,300151,昌红科技,0.029121846
4580,2025-01-23,995,皇台酒业,0.029120922
4581,2025-01-27,601965,中国汽研,0.029117316
4582,2025-01-24,2335,科华数据,0.029112995
4583,2025-01-27,2203,海亮股份,0.029105574
4584,2025-01-27,488,晨鸣纸业,0.02910538
4585,2025-01-24,600119,长江投资,0.029102013
4586,2025-01-27,2004,华邦健康,0.029100165
4587,2025-01-27,688321,微芯生物,0.029097155
4588,2025-01-23,300961,深水海纳,0.029089317
4589,2025-01-23,603002,宏昌电子,0.029089227
4590,2025-01-24,600962,国投中鲁,0.02908884
4591,2025-01-24,601702,华峰铝业,0.02908662
4592,2025-01-24,300257,开山股份,0.029083967
4593,2025-01-27,300756,金马游乐,0.029075414
4594,2025-01-24,603789,星光农机,0.029072136
4595,2025-01-24,600629,华建集团,0.029066488
4596,2025-01-27,600641,万业企业,0.029063359
4597,2025-01-24,300733,西菱动力,0.029055089
4598,2025-01-27,300931,通用电梯,0.029054448
4599,2025-01-24,300605,恒锋信息,0.029053837
4600,2025-01-27,605,渤海股份,0.029053137
4601,2025-01-24,300031,宝通科技,0.029052883
4602,2025-01-23,600316,洪都航空,0.029046193
4603,2025-01-24,721,西安饮食,0.029044718
4604,2025-01-24,688280,精进电动-UW,0.029042855
4605,2025-01-23,2405,四维图新,0.0290263
4606,2025-01-23,301201,诚达药业,0.029023767
4607,2025-01-23,300057,万顺新材,0.029020622
4608,2025-01-27,2669,康达新材,0.029017597
4609,2025-01-24,301232,飞沃科技,0.029007167
4610,2025-01-23,601211,国泰君安,0.029006124
4611,2025-01-27,301002,崧盛股份,0.029003859
4612,2025-01-27,300027,华谊兄弟,0.029002517
4613,2025-01-23,301119,正强股份,0.028998867
4614,2025-01-24,301308,江波龙,0.028948322
4615,2025-01-23,600520,文一科技,0.028946653
4616,2025-01-27,2132,恒星科技,0.028943032
4617,2025-01-24,300521,爱司凯,0.028942019
4618,2025-01-23,300875,捷强装备,0.028940395
4619,2025-01-23,300024,机器人,0.028937101
4620,2025-01-27,603029,天鹅股份,0.02892518
4621,2025-01-24,688519,南亚新材,0.028921679
4622,2025-01-27,7,全新好,0.028917119
4623,2025-01-27,619,海螺新材,0.02891621
4624,2025-01-27,603019,中科曙光,0.02891396
4625,2025-01-23,688349,三一重能,0.028899565
4626,2025-01-24,300700,岱勒新材,0.02889742
4627,2025-01-23,688652,京仪装备,0.028891116
4628,2025-01-27,600376,首开股份,0.028880417
4629,2025-01-23,603863,松炀资源,0.028876215
4630,2025-01-27,301227,森鹰窗业,0.028869018
4631,2025-01-27,2248,华东数控,0.028861687
4632,2025-01-27,601198,东兴证券,0.02886106
4633,2025-01-27,300535,达威股份,0.028860927
4634,2025-01-24,688682,霍莱沃,0.028852
4635,2025-01-27,688301,奕瑞科技,0.028847992
4636,2025-01-23,688376,美埃科技,0.02884376
4637,2025-01-23,301618,长联科技,0.028840601
4638,2025-01-24,601882,海天精工,0.02884008
4639,2025-01-23,688660,电气风电,0.028839827
4640,2025-01-24,2149,西部材料,0.028835848
4641,2025-01-27,300417,南华仪器,0.028830647
4642,2025-01-24,603025,大豪科技,0.028828457
4643,2025-01-27,300966,共同药业,0.028821975
4644,2025-01-27,600581,八一钢铁,0.028817698
4645,2025-01-24,600239,云南城投,0.028796867
4646,2025-01-24,2692,远程股份,0.028794125
4647,2025-01-24,603660,苏州科达,0.02878964
4648,2025-01-23,688592,司南导航,0.028786391
4649,2025-01-23,688173,希荻微,0.028785259
4650,2025-01-24,3011,海象新材,0.028780714
4651,2025-01-27,36,华联控股,0.02876395
4652,2025-01-23,688599,天合光能,0.028753638
4653,2025-01-27,519,中兵红箭,0.028747976
4654,2025-01-24,300027,华谊兄弟,0.028747827
4655,2025-01-23,603662,柯力传感,0.028737381
4656,2025-01-23,603227,雪峰科技,0.028722748
4657,2025-01-27,600137,浪莎股份,0.028719828
4658,2025-01-27,600938,中国海油,0.028715447
4659,2025-01-27,688130,晶华微,0.028712437
4660,2025-01-23,300395,菲利华,0.028709263
4661,2025-01-23,935,四川双马,0.028709188
4662,2025-01-24,782,恒申新材,0.028709128
4663,2025-01-27,600822,上海物贸,0.028707251
4664,2025-01-27,600960,渤海汽车,0.028700113
4665,2025-01-23,2512,达华智能,0.028699562
4666,2025-01-27,300201,海伦哲,0.028694764
4667,2025-01-24,301517,陕西华达,0.028694272
4668,2025-01-24,688252,天德钰,0.028690353
4669,2025-01-27,688638,誉辰智能,0.028690338
4670,2025-01-23,601028,玉龙股份,0.02868092
4671,2025-01-24,688177,百奥泰,0.028679788
4672,2025-01-23,880,潍柴重机,0.028678298
4673,2025-01-23,600006,东风股份,0.028677821
4674,2025-01-27,688326,经纬恒润-W,0.028676257
4675,2025-01-24,688223,晶科能源,0.028676093
4676,2025-01-24,1212,中旗新材,0.028674707
4677,2025-01-27,688356,键凯科技,0.028671622
4678,2025-01-24,300291,百纳千成,0.028667644
4679,2025-01-27,2831,裕同科技,0.028664201
4680,2025-01-23,600536,中国软件,0.028662264
4681,2025-01-24,300305,裕兴股份,0.028647572
4682,2025-01-24,600805,悦达投资,0.028646603
4683,2025-01-23,301399,英特科技,0.028636113
4684,2025-01-27,688213,思特威-W,0.02862966
4685,2025-01-27,300083,创世纪,0.028627992
4686,2025-01-27,603193,润本股份,0.028623462
4687,2025-01-24,301119,正强股份,0.028618246
4688,2025-01-27,2802,洪汇新材,0.028617501
4689,2025-01-23,300059,东方财富,0.028610528
4690,2025-01-27,603315,福鞍股份,0.028607473
4691,2025-01-23,600577,精达股份,0.02860716
4692,2025-01-27,601211,国泰君安,0.028606221
4693,2025-01-24,300844,山水比德,0.028603762
4694,2025-01-24,300676,华大基因,0.028599814
4695,2025-01-24,2652,扬子新材,0.028597936
4696,2025-01-27,603395,红四方,0.028593123
4697,2025-01-24,300324,旋极信息,0.028591692
4698,2025-01-24,688579,山大地纬,0.028584152
4699,2025-01-27,300384,三联虹普,0.028574675
4700,2025-01-23,301517,陕西华达,0.028571114
4701,2025-01-23,300062,中能电气,0.028568864
4702,2025-01-24,300997,欢乐家,0.028559834
4703,2025-01-24,300540,蜀道装备,0.028554633
4704,2025-01-23,600119,长江投资,0.02855374
4705,2025-01-24,601137,博威合金,0.028547004
4706,2025-01-24,688489,三未信安,0.028543636
4707,2025-01-27,2167,东方锆业,0.028540388
4708,2025-01-24,2230,科大讯飞,0.028539464
4709,2025-01-23,300118,东方日升,0.028527737
4710,2025-01-24,601020,华钰矿业,0.028527707
4711,2025-01-24,2755,奥赛康,0.028525695
4712,2025-01-24,300929,华骐环保,0.028523162
4713,2025-01-27,301161,唯万密封,0.02852258
4714,2025-01-23,605006,山东玻纤,0.028517261
4715,2025-01-27,300136,信维通信,0.028510928
4716,2025-01-24,2970,锐明技术,0.028510302
4717,2025-01-27,300547,川环科技,0.028509945
4718,2025-01-24,688006,杭可科技,0.02850832
4719,2025-01-24,300283,温州宏丰,0.028504133
4720,2025-01-24,1324,长青科技,0.028497294
4721,2025-01-24,688047,龙芯中科,0.028493792
4722,2025-01-24,300094,国联水产,0.028483272
4723,2025-01-24,2218,拓日新能,0.028481707
4724,2025-01-23,300500,启迪设计,0.028480366
4725,2025-01-27,603738,泰晶科技,0.028477803
4726,2025-01-24,688676,金盘科技,0.028471112
4727,2025-01-27,301372,科净源,0.028467342
4728,2025-01-27,688219,会通股份,0.02846694
4729,2025-01-24,600768,宁波富邦,0.028462872
4730,2025-01-23,2518,科士达,0.028462544
4731,2025-01-27,839,中信国安,0.028459787
4732,2025-01-23,600176,中国巨石,0.028457284
4733,2025-01-24,688270,臻镭科技,0.028444469
4734,2025-01-27,2688,金河生物,0.028442815
4735,2025-01-24,1209,洪兴股份,0.028442577
4736,2025-01-23,2514,宝馨科技,0.028439268
4737,2025-01-23,300212,易华录,0.02843912
4738,2025-01-27,600353,旭光电子,0.028437257
4739,2025-01-23,600310,广西能源,0.028432056
4740,2025-01-24,300310,宜通世纪,0.028428063
4741,2025-01-27,688596,正帆科技,0.028426483
4742,2025-01-27,688363,华熙生物,0.028424412
4743,2025-01-27,300035,中科电气,0.028420538
4744,2025-01-27,300199,翰宇药业,0.028413266
4745,2025-01-24,2715,登云股份,0.02840145
4746,2025-01-27,300685,艾德生物,0.028400972
4747,2025-01-27,688168,安博通,0.028397247
4748,2025-01-27,603171,税友股份,0.028395742
4749,2025-01-27,600594,益佰制药,0.028394818
4750,2025-01-24,2946,新乳业,0.028390214
4751,2025-01-23,428,华天酒店,0.028389841
4752,2025-01-24,300374,中铁装配,0.0283892
4753,2025-01-23,300878,维康药业,0.028382644
4754,2025-01-23,300058,蓝色光标,0.028379917
4755,2025-01-27,605588,冠石科技,0.028378054
4756,2025-01-27,300135,宝利国际,0.028370887
4757,2025-01-23,301306,西测测试,0.02836974
4758,2025-01-27,300513,恒实科技,0.02836731
4759,2025-01-24,2574,明牌珠宝,0.02836664
4760,2025-01-24,2584,西陇科学,0.028360963
4761,2025-01-23,605336,帅丰电器,0.02835831
4762,2025-01-27,2724,海洋王,0.028349757
4763,2025-01-23,300612,宣亚国际,0.028345019
4764,2025-01-27,607,华媒控股,0.028344736
4765,2025-01-23,2487,大金重工,0.028344527
4766,2025-01-27,688013,天臣医疗,0.028342932
4767,2025-01-27,300890,翔丰华,0.02833493
4768,2025-01-27,600855,航天长峰,0.028333217
4769,2025-01-23,300866,安克创新,0.028327331
4770,2025-01-24,603843,正平股份,0.028326288
4771,2025-01-27,688008,澜起科技,0.028325692
4772,2025-01-27,300073,当升科技,0.028320864
4773,2025-01-24,3005,竞业达,0.028315857
4774,2025-01-23,601702,华峰铝业,0.028315738
4775,2025-01-27,688259,创耀科技,0.028314859
4776,2025-01-23,592,平潭发展,0.028310016
4777,2025-01-27,688578,艾力斯,0.028296292
4778,2025-01-27,603633,徕木股份,0.0282951
4779,2025-01-24,300918,南山智尚,0.028292984
4780,2025-01-27,638,万方发展,0.028280646
4781,2025-01-23,8,神州高铁,0.028269172
4782,2025-01-23,605196,华通线缆,0.028266415
4783,2025-01-23,7,全新好,0.02825728
4784,2025-01-24,2244,滨江集团,0.028254017
4785,2025-01-27,300692,中环环保,0.028252915
4786,2025-01-27,2584,西陇科学,0.028251305
4787,2025-01-27,688178,万德斯,0.028251186
4788,2025-01-27,603685,晨丰科技,0.028251141
4789,2025-01-27,300257,开山股份,0.02824825
4790,2025-01-24,2173,创新医疗,0.028245613
4791,2025-01-23,712,锦龙股份,0.028244734
4792,2025-01-23,2095,生 意 宝,0.028242022
4793,2025-01-24,300740,水羊股份,0.028241783
4794,2025-01-27,300011,鼎汉技术,0.028233007
4795,2025-01-27,300492,华图山鼎,0.028229386
4796,2025-01-27,2585,双星新材,0.028216317
4797,2025-01-27,300722,新余国科,0.028207943
4798,2025-01-23,1211,双枪科技,0.028204829
4799,2025-01-23,688213,思特威-W,0.028204024
4800,2025-01-24,603536,惠发食品,0.028201193
4801,2025-01-27,603383,顶点软件,0.028198272
4802,2025-01-27,717,中南股份,0.028197497
4803,2025-01-27,301160,翔楼新材,0.028195187
4804,2025-01-27,688255,凯尔达,0.02819404
4805,2025-01-24,301051,信濠光电,0.028189346
4806,2025-01-27,600392,盛和资源,0.028187841
4807,2025-01-24,601608,中信重工,0.028184384
4808,2025-01-24,300535,达威股份,0.028179169
4809,2025-01-24,2716,湖南白银,0.028177813
4810,2025-01-24,603655,朗博科技,0.028176561
4811,2025-01-27,50,深天马Ａ,0.028175935
4812,2025-01-24,603096,新经典,0.02817209
4813,2025-01-27,600588,用友网络,0.028171405
4814,2025-01-23,300826,测绘股份,0.028171107
4815,2025-01-24,300317,珈伟新能,0.028170615
4816,2025-01-27,2351,漫步者,0.028166443
4817,2025-01-23,301178,天亿马,0.028163642
4818,2025-01-24,600106,重庆路桥,0.028159708
4819,2025-01-27,2136,安 纳 达,0.028159276
4820,2025-01-23,2875,安奈儿,0.02815336
4821,2025-01-23,2868,绿康生化,0.028152958
4822,2025-01-24,2482,广田集团,0.02815038
4823,2025-01-24,600459,贵研铂业,0.02814892
4824,2025-01-23,2642,荣联科技,0.028148696
4825,2025-01-27,2305,南国置业,0.028145283
4826,2025-01-27,1331,胜通能源,0.02814494
4827,2025-01-24,688131,皓元医药,0.028141782
4828,2025-01-27,601015,陕西黑猫,0.028137967
4829,2025-01-24,300911,亿田智能,0.028130814
4830,2025-01-27,301389,隆扬电子,0.028118953
4831,2025-01-24,300615,欣天科技,0.028113604
4832,2025-01-27,300986,志特新材,0.028106451
4833,2025-01-24,300948,冠中生态,0.028099075
4834,2025-01-27,600331,宏达股份,0.02809596
4835,2025-01-27,600048,保利发展,0.02809146
4836,2025-01-27,600794,保税科技,0.028091207
4837,2025-01-24,301299,卓创资讯,0.028091028
4838,2025-01-24,688710,益诺思,0.02808781
4839,2025-01-24,301515,港通医疗,0.028087243
4840,2025-01-27,2927,泰永长征,0.02808471
4841,2025-01-23,603421,鼎信通讯,0.02808258
4842,2025-01-27,300188,国投智能,0.028080747
4843,2025-01-27,2227,奥 特 迅,0.028066605
4844,2025-01-23,600163,中闽能源,0.02806364
4845,2025-01-23,600649,城投控股,0.028062806
4846,2025-01-24,301608,博实结,0.028061971
4847,2025-01-27,301169,零点有数,0.028055325
4848,2025-01-27,605168,三人行,0.028054401
4849,2025-01-23,721,西安饮食,0.028054312
4850,2025-01-24,600936,广西广电,0.028052911
4851,2025-01-27,300390,天华新能,0.02805242
4852,2025-01-24,17,深中华A,0.028051674
4853,2025-01-23,599,青岛双星,0.028050289
4854,2025-01-27,600343,航天动力,0.028045267
4855,2025-01-24,301198,喜悦智行,0.028033674
4856,2025-01-23,600990,四创电子,0.02803053
4857,2025-01-24,2480,新筑股份,0.028024167
4858,2025-01-27,600415,小商品城,0.028004766
4859,2025-01-24,300846,首都在线,0.027997583
4860,2025-01-27,2240,盛新锂能,0.027996778
4861,2025-01-27,2482,广田集团,0.027996153
4862,2025-01-27,2960,青鸟消防,0.027991757
4863,2025-01-24,935,四川双马,0.027991056
4864,2025-01-27,688212,澳华内镜,0.027982771
4865,2025-01-23,1324,长青科技,0.027980268
4866,2025-01-23,2181,粤 传 媒,0.027973667
4867,2025-01-23,300158,振东制药,0.027961671
4868,2025-01-23,688418,震有科技,0.027954146
4869,2025-01-23,300099,尤洛卡,0.02794756
4870,2025-01-24,59,华锦股份,0.027934879
4871,2025-01-24,2232,启明信息,0.027934149
4872,2025-01-24,2920,德赛西威,0.027933732
4873,2025-01-24,2386,天原股份,0.027928635
4874,2025-01-24,603229,奥翔药业,0.027927697
4875,2025-01-24,822,山东海化,0.027920559
4876,2025-01-24,600981,汇鸿集团,0.027916417
4877,2025-01-24,300713,英可瑞,0.027915403
4878,2025-01-24,797,中国武夷,0.027912661
4879,2025-01-27,300109,新开源,0.027908772
4880,2025-01-27,600185,格力地产,0.027902931
4881,2025-01-27,688135,利扬芯片,0.027898505
4882,2025-01-23,603330,天洋新材,0.027895913
4883,2025-01-23,603977,国泰集团,0.027892575
4884,2025-01-27,300079,数码视讯,0.027888894
4885,2025-01-23,2876,三利谱,0.027887687
4886,2025-01-23,2897,意华股份,0.027886778
4887,2025-01-27,301390,经纬股份,0.027886286
4888,2025-01-24,688528,秦川物联,0.02788283
4889,2025-01-27,603359,东珠生态,0.027878985
4890,2025-01-14,688293,奥浦迈,0.027877688
4891,2025-01-23,2312,川发龙蟒,0.027873725
4892,2025-01-24,300212,易华录,0.02787359
4893,2025-01-23,676,智度股份,0.02787213
4894,2025-01-27,301555,惠柏新材,0.027871475
4895,2025-01-24,300412,迦南科技,0.02786997
4896,2025-01-24,301439,泓淋电力,0.02786681
4897,2025-01-23,300663,科蓝软件,0.027866185
4898,2025-01-27,617,中油资本,0.02786085
4899,2025-01-24,600567,山鹰国际,0.027851358
4900,2025-01-27,603095,越剑智能,0.02783297
4901,2025-01-23,2156,通富微电,0.02783227
4902,2025-01-23,2878,元隆雅图,0.027816772
4903,2025-01-23,601216,君正集团,0.027816102
4904,2025-01-24,600666,奥瑞德,0.027812883
4905,2025-01-23,688223,晶科能源,0.02780883
4906,2025-01-27,301122,采纳股份,0.0278081
4907,2025-01-24,300861,美畅股份,0.027807504
4908,2025-01-27,905,厦门港务,0.027806863
4909,2025-01-27,301199,迈赫股份,0.027806565
4910,2025-01-23,600259,广晟有色,0.027800784
4911,2025-01-23,300886,华业香料,0.027795196
4912,2025-01-27,300244,迪安诊断,0.027794614
4913,2025-01-24,301380,挖金客,0.027792811
4914,2025-01-23,600137,浪莎股份,0.027789116
4915,2025-01-27,2263,大东南,0.027785808
4916,2025-01-27,600745,闻泰科技,0.027778298
4917,2025-01-27,2481,双塔食品,0.027776629
4918,2025-01-23,603103,横店影视,0.027775556
4919,2025-01-27,600962,国投中鲁,0.027766407
4920,2025-01-27,688612,威迈斯,0.027763397
4921,2025-01-27,34,神州数码,0.027763277
4922,2025-01-27,600606,绿地控股,0.027758136
4923,2025-01-27,301238,瑞泰新材,0.027758121
4924,2025-01-23,688016,心脉医疗,0.027756602
4925,2025-01-24,301165,锐捷网络,0.027756318
4926,2025-01-24,688117,圣诺生物,0.027753562
4927,2025-01-27,688488,艾迪药业,0.02775304
4928,2025-01-27,603026,石大胜华,0.02775225
4929,2025-01-27,688626,翔宇医疗,0.027752131
4930,2025-01-27,688310,迈得医疗,0.027748406
4931,2025-01-24,501,武商集团,0.02773872
4932,2025-01-23,600567,山鹰国际,0.02773352
4933,2025-01-27,300334,津膜科技,0.027732015
4934,2025-01-24,600630,龙头股份,0.027727634
4935,2025-01-24,301510,固高科技,0.027726024
4936,2025-01-27,600386,北巴传媒,0.027723685
4937,2025-01-23,2779,中坚科技,0.02771838
4938,2025-01-23,2046,国机精工,0.027714744
4939,2025-01-23,688159,有方科技,0.02771467
4940,2025-01-27,603206,嘉环科技,0.02771461
4941,2025-01-24,600084,中信尼雅,0.027714252
4942,2025-01-24,600506,统一股份,0.027706265
4943,2025-01-23,2467,二六三,0.027705967
4944,2025-01-27,2042,华孚时尚,0.027702257
4945,2025-01-23,2661,克明食品,0.027699307
4946,2025-01-24,2812,恩捷股份,0.027697787
4947,2025-01-24,300725,药石科技,0.027691603
4948,2025-01-24,2311,海大集团,0.027684465
4949,2025-01-27,300720,海川智能,0.027673677
4950,2025-01-23,600227,赤天化,0.027652934
4951,2025-01-23,300859,西域旅游,0.027652591
4952,2025-01-23,600626,申达股份,0.027652353
4953,2025-01-23,600581,八一钢铁,0.027648553
4954,2025-01-24,2613,北玻股份,0.027643368
4955,2025-01-27,300321,同大股份,0.027641729
4956,2025-01-24,600525,长园集团,0.027631193
4957,2025-01-27,601555,东吴证券,0.0276286
4958,2025-01-27,603992,松霖科技,0.027617589
4959,2025-01-27,300872,天阳科技,0.027616456
4960,2025-01-27,1359,平安电工,0.027607918
4961,2025-01-23,300940,南极光,0.02760455
4962,2025-01-24,300917,特发服务,0.027584955
4963,2025-01-27,600774,汉商集团,0.0275805
4964,2025-01-24,688041,海光信息,0.027580008
4965,2025-01-24,981,山子高科,0.02757588
4966,2025-01-27,300543,朗科智能,0.02757153
4967,2025-01-24,688665,四方光电,0.027565584
4968,2025-01-27,603255,鼎际得,0.027557865
4969,2025-01-27,300869,康泰医学,0.027557477
4970,2025-01-23,300903,科翔股份,0.027555749
4971,2025-01-23,159,国际实业,0.027555376
4972,2025-01-27,688295,中复神鹰,0.027552366
4973,2025-01-27,2515,金字火腿,0.027551353
4974,2025-01-24,601908,京运通,0.027531162
4975,2025-01-23,2488,金固股份,0.027523667
4976,2025-01-23,300042,朗科科技,0.027511194
4977,2025-01-23,300471,厚普股份,0.02750896
4978,2025-01-24,300457,赢合科技,0.027504131
4979,2025-01-23,600206,有研新材,0.02749829
4980,2025-01-27,821,京山轻机,0.027493179
4981,2025-01-24,600584,长电科技,0.027491957
4982,2025-01-27,688619,罗普特,0.027488694
4983,2025-01-23,300530,领湃科技,0.027477175
4984,2025-01-27,2785,万里石,0.027475968
4985,2025-01-24,603221,爱丽家居,0.027474761
4986,2025-01-24,2724,海洋王,0.027468532
4987,2025-01-23,655,金岭矿业,0.027467817
4988,2025-01-23,300271,华宇软件,0.027462363
4989,2025-01-24,603038,华立股份,0.027452707
4990,2025-01-23,600399,抚顺特钢,0.02745241
4991,2025-01-23,688177,百奥泰,0.027451128
4992,2025-01-24,300562,乐心医疗,0.027448773
4993,2025-01-23,688772,珠海冠宇,0.02744387
4994,2025-01-24,300980,祥源新材,0.027443722
4995,2025-01-24,3004,声迅股份,0.027435407
4996,2025-01-27,605089,味知香,0.027432576
4997,2025-01-27,688186,广大特材,0.027430236
4998,2025-01-24,601801,皖新传媒,0.027428567
4999,2025-01-24,603273,天元智能,0.027425066
5000,2025-01-24,688428,诺诚健华-U,0.027416185
5001,2025-01-27,605376,博迁新材,0.0274138
5002,2025-01-24,300552,万集科技,0.027411982
5003,2025-01-27,300450,先导智能,0.027404532
5004,2025-01-23,600615,丰华股份,0.027403802
5005,2025-01-23,2992,宝明科技,0.027400002
5006,2025-01-24,688351,微电生理-U,0.02739884
5007,2025-01-27,2128,电投能源,0.027398154
5008,2025-01-27,600884,杉杉股份,0.027397111
5009,2025-01-27,2544,普天科技,0.027394146
5010,2025-01-27,600719,大连热电,0.027393878
5011,2025-01-24,688076,诺泰生物,0.027383566
5012,2025-01-23,300321,同大股份,0.027367622
5013,2025-01-24,300124,汇川技术,0.02736704
5014,2025-01-23,2865,钧达股份,0.0273626
5015,2025-01-27,2560,通达股份,0.027355522
5016,2025-01-24,300712,永福股份,0.027343556
5017,2025-01-23,600725,云维股份,0.027341038
5018,2025-01-23,301552,科力装备,0.02734083
5019,2025-01-24,2163,海南发展,0.02733767
5020,2025-01-24,688170,德龙激光,0.027334169
5021,2025-01-24,600246,万通发展,0.027330011
5022,2025-01-23,2848,高斯贝尔,0.027328968
5023,2025-01-24,600448,华纺股份,0.027324826
5024,2025-01-27,2046,国机精工,0.027324453
5025,2025-01-27,600200,江苏吴中,0.027315393
5026,2025-01-24,688005,容百科技,0.027305841
5027,2025-01-23,300383,光环新网,0.027301311
5028,2025-01-27,300772,运达股份,0.027300298
5029,2025-01-27,688207,格灵深瞳,0.027289197
5030,2025-01-24,607,华媒控股,0.027285337
5031,2025-01-24,688507,索辰科技,0.027284712
5032,2025-01-23,300484,蓝海华腾,0.027284369
5033,2025-01-23,688351,微电生理-U,0.027282089
5034,2025-01-27,401,冀东水泥,0.027281895
5035,2025-01-27,300855,图南股份,0.027265102
5036,2025-01-24,301555,惠柏新材,0.027264714
5037,2025-01-23,300348,长亮科技,0.027260736
5038,2025-01-24,301389,隆扬电子,0.027259558
5039,2025-01-23,300415,伊之密,0.027245894
5040,2025-01-27,601137,博威合金,0.027245373
5041,2025-01-24,600558,大西洋,0.027243495
5042,2025-01-23,600173,卧龙地产,0.02723883
5043,2025-01-23,300685,艾德生物,0.027236566
5044,2025-01-23,600841,动力新科,0.027234092
5045,2025-01-24,300169,天晟新材,0.027233467
5046,2025-01-27,600216,浙江医药,0.027229398
5047,2025-01-27,300223,北京君正,0.027225316
5048,2025-01-24,547,航天发展,0.027224973
5049,2025-01-24,301399,英特科技,0.027220443
5050,2025-01-23,688636,智明达,0.027218655
5051,2025-01-24,688171,纬德信息,0.027217701
5052,2025-01-24,300086,康芝药业,0.02721043
5053,2025-01-23,2369,卓翼科技,0.02720514
5054,2025-01-24,300329,海伦钢琴,0.027200982
5055,2025-01-23,688001,华兴源创,0.027194634
5056,2025-01-27,2895,川恒股份,0.027189314
5057,2025-01-24,600562,国睿科技,0.027188763
5058,2025-01-27,600864,哈投股份,0.027188182
5059,2025-01-27,600078,澄星股份,0.02718629
5060,2025-01-24,300005,探路者,0.027183294
5061,2025-01-27,2173,创新医疗,0.02718167
5062,2025-01-27,301,东方盛虹,0.027158022
5063,2025-01-27,2397,梦洁股份,0.027157813
5064,2025-01-23,2520,日发精机,0.02715598
5065,2025-01-27,300747,锐科激光,0.027155384
5066,2025-01-27,688150,莱特光电,0.027154565
5067,2025-01-27,688420,美腾科技,0.0271537
5068,2025-01-23,790,华神科技,0.027151406
5069,2025-01-24,2134,天津普林,0.027150571
5070,2025-01-24,600933,爱柯迪,0.027149186
5071,2025-01-27,600354,敦煌种业,0.027148753
5072,2025-01-27,600830,香溢融通,0.027147308
5073,2025-01-24,300539,横河精密,0.027144626
5074,2025-01-27,600787,中储股份,0.027144507
5075,2025-01-24,688147,微导纳米,0.02713731
5076,2025-01-27,301280,珠城科技,0.027134418
5077,2025-01-27,300957,贝泰妮,0.027125642
5078,2025-01-24,301360,荣旗科技,0.027122691
5079,2025-01-23,601718,际华集团,0.027120069
5080,2025-01-27,300248,新开普,0.027115226
5081,2025-01-27,300919,中伟股份,0.0271146
5082,2025-01-27,603878,武进不锈,0.027114078
5083,2025-01-24,600088,中视传媒,0.0271115
5084,2025-01-23,300681,英搏尔,0.02710794
5085,2025-01-23,603186,华正新材,0.02710779
5086,2025-01-27,1319,铭科精技,0.027107224
5087,2025-01-27,603036,如通股份,0.02710393
5088,2025-01-24,898,鞍钢股份,0.027100027
5089,2025-01-24,2082,万邦德,0.027090788
5090,2025-01-23,688382,益方生物-U,0.027087808
5091,2025-01-23,688573,信宇人,0.027087167
5092,2025-01-23,605337,李子园,0.02708438
5093,2025-01-24,503,国新健康,0.027079657
5094,2025-01-27,688695,中创股份,0.027078733
5095,2025-01-23,688525,佰维存储,0.02706331
5096,2025-01-23,688249,晶合集成,0.027060613
5097,2025-01-23,300638,广和通,0.027058274
5098,2025-01-23,301316,慧博云通,0.027055949
5099,2025-01-27,300217,东方电热,0.027055591
5100,2025-01-24,2245,蔚蓝锂芯,0.027055413
5101,2025-01-27,2995,天地在线,0.027055204
5102,2025-01-24,600576,祥源文旅,0.027050972
5103,2025-01-27,2692,远程股份,0.027049437
5104,2025-01-27,600552,凯盛科技,0.027048513
5105,2025-01-27,603173,福斯达,0.027047664
5106,2025-01-23,603668,天马科技,0.02704756
5107,2025-01-27,300234,开尔新材,0.027047008
5108,2025-01-27,301188,力诺药包,0.027045235
5109,2025-01-27,603768,常青股份,0.027044624
5110,2025-01-27,600148,长春一东,0.02704151
5111,2025-01-23,839,中信国安,0.02703482
5112,2025-01-24,603375,盛景微,0.027032837
5113,2025-01-24,601595,上海电影,0.02703017
5114,2025-01-27,301136,招标股份,0.027027339
5115,2025-01-27,301025,读客文化,0.027024195
5116,2025-01-27,2696,百洋股份,0.027008936
5117,2025-01-27,603683,晶华新材,0.027006611
5118,2025-01-23,2712,思美传媒,0.027005449
5119,2025-01-23,2214,大立科技,0.02700378
5120,2025-01-27,688239,航宇科技,0.026998982
5121,2025-01-24,301018,申菱环境,0.026998281
5122,2025-01-27,688679,通源环境,0.026995867
5123,2025-01-24,301516,中远通,0.026990488
5124,2025-01-23,300180,华峰超纤,0.02698788
5125,2025-01-24,600259,广晟有色,0.026984483
5126,2025-01-27,600805,悦达投资,0.026983634
5127,2025-01-23,300608,思特奇,0.02698329
5128,2025-01-23,300438,鹏辉能源,0.026973844
5129,2025-01-23,2271,东方雨虹,0.02696298
5130,2025-01-27,688617,惠泰医疗,0.026957467
5131,2025-01-27,688189,南新制药,0.02695097
5132,2025-01-27,603590,康辰药业,0.026950717
5133,2025-01-27,300326,凯利泰,0.026949793
5134,2025-01-27,603806,福斯特,0.026946425
5135,2025-01-27,603308,应流股份,0.026945755
5136,2025-01-23,600025,华能水电,0.0269382
5137,2025-01-23,600847,万里股份,0.026933417
5138,2025-01-24,600782,新钢股份,0.026922345
5139,2025-01-27,605339,南侨食品,0.026921168
5140,2025-01-27,603858,步长制药,0.02691944
5141,2025-01-27,603223,恒通股份,0.026919305
5142,2025-01-23,603375,盛景微,0.026914716
5143,2025-01-24,688133,泰坦科技,0.026911914
5144,2025-01-27,300570,太辰光,0.026909098
5145,2025-01-27,2910,庄园牧场,0.026908502
5146,2025-01-23,2989,中天精装,0.026899204
5147,2025-01-24,300936,中英科技,0.026888415
5148,2025-01-23,300347,泰格医药,0.026870012
5149,2025-01-23,2617,露笑科技,0.026857272
5150,2025-01-23,831,中国稀土,0.026846781
5151,2025-01-27,603709,中源家居,0.026841953
5152,2025-01-24,605305,中际联合,0.026840061
5153,2025-01-27,603020,爱普股份,0.026831523
5154,2025-01-27,600081,东风科技,0.02682969
5155,2025-01-27,301313,凡拓数创,0.02682957
5156,2025-01-27,2243,力合科创,0.026820734
5157,2025-01-27,301055,张小泉,0.026803061
5158,2025-01-23,301526,国际复材,0.026800081
5159,2025-01-27,1379,腾达科技,0.026799321
5160,2025-01-27,603009,北特科技,0.026798233
5161,2025-01-24,301317,鑫磊股份,0.02679734
5162,2025-01-24,688560,明冠新材,0.026795313
5163,2025-01-24,600673,东阳光,0.026789501
5164,2025-01-23,300494,盛天网络,0.026775748
5165,2025-01-23,300548,博创科技,0.026774824
5166,2025-01-27,1965,招商公路,0.026769876
5167,2025-01-23,975,山金国际,0.02676545
5168,2025-01-24,2785,万里石,0.026765317
5169,2025-01-24,601162,天风证券,0.026762277
5170,2025-01-24,300462,华铭智能,0.026759535
5171,2025-01-24,2395,双象股份,0.026750937
5172,2025-01-24,300724,捷佳伟创,0.026745543
5173,2025-01-27,2859,洁美科技,0.026744008
5174,2025-01-27,2085,万丰奥威,0.026735514
5175,2025-01-27,1314,亿道信息,0.026734412
5176,2025-01-24,710,贝瑞基因,0.026731074
5177,2025-01-27,2755,奥赛康,0.02673103
5178,2025-01-24,603002,宏昌电子,0.026728958
5179,2025-01-23,300682,朗新集团,0.02672647
5180,2025-01-24,301288,清研环境,0.026725814
5181,2025-01-23,300130,新国都,0.02672562
5182,2025-01-27,603517,绝味食品,0.02672346
5183,2025-01-23,601099,太平洋,0.026719838
5184,2025-01-27,300122,智飞生物,0.02671513
5185,2025-01-23,300302,同有科技,0.02671495
5186,2025-01-27,603982,泉峰汽车,0.026713848
5187,2025-01-24,300614,百川畅银,0.026707992
5188,2025-01-27,652,泰达股份,0.026694879
5189,2025-01-24,688195,腾景科技,0.026690334
5190,2025-01-24,300078,思创医惠,0.026687533
5191,2025-01-27,688388,嘉元科技,0.02668406
5192,2025-01-24,300302,同有科技,0.026679233
5193,2025-01-24,2046,国机精工,0.026678711
5194,2025-01-23,688227,品高股份,0.026669487
5195,2025-01-27,688506,百利天恒-U,0.026669115
5196,2025-01-27,2918,蒙娜丽莎,0.026661798
5197,2025-01-24,688619,罗普特,0.0266594
5198,2025-01-27,603989,艾华集团,0.02665104
5199,2025-01-24,600520,文一科技,0.026649773
5200,2025-01-24,301182,凯旺科技,0.026646852
5201,2025-01-23,688670,金迪克,0.02664423
5202,2025-01-24,300892,品渥食品,0.026640937
5203,2025-01-23,301366,一博科技,0.02663897
5204,2025-01-27,688358,祥生医疗,0.026636273
5205,2025-01-27,547,航天发展,0.026633158
5206,2025-01-23,300781,因赛集团,0.026629314
5207,2025-01-27,603696,安记食品,0.026626632
5208,2025-01-27,688068,热景生物,0.026625782
5209,2025-01-23,688507,索辰科技,0.026620612
5210,2025-01-24,2475,立讯精密,0.026615933
5211,2025-01-27,600570,恒生电子,0.026614815
5212,2025-01-27,600111,北方稀土,0.026610255
5213,2025-01-23,603618,杭电股份,0.026602477
5214,2025-01-27,301377,鼎泰高科,0.026599586
5215,2025-01-27,603678,火炬电子,0.026594266
5216,2025-01-23,300290,荣科科技,0.026592195
5217,2025-01-27,301323,新莱福,0.026587844
5218,2025-01-27,600886,国投电力,0.026587382
5219,2025-01-27,300700,岱勒新材,0.026585013
5220,2025-01-27,601799,星宇股份,0.026576385
5221,2025-01-23,717,中南股份,0.026572004
5222,2025-01-24,2114,罗平锌电,0.026559025
5223,2025-01-23,300668,杰恩设计,0.026558965
5224,2025-01-27,628,高新发展,0.026555479
5225,2025-01-27,688669,聚石化学,0.02654685
5226,2025-01-27,688251,井松智能,0.026544556
5227,2025-01-24,300430,诚益通,0.026544183
5228,2025-01-24,600592,龙溪股份,0.026542708
5229,2025-01-24,300062,中能电气,0.026538238
5230,2025-01-24,8,神州高铁,0.0265342
5231,2025-01-27,300006,莱美药业,0.026533991
5232,2025-01-27,2912,中新赛克,0.026529908
5233,2025-01-27,2127,南极电商,0.026527658
5234,2025-01-24,2942,新农股份,0.026526555
5235,2025-01-27,600340,华夏幸福,0.026512489
5236,2025-01-27,688699,明微电子,0.026510105
5237,2025-01-27,605388,均瑶健康,0.026505962
5238,2025-01-24,2659,凯文教育,0.02650547
5239,2025-01-24,2922,伊戈尔,0.02650392
5240,2025-01-27,2159,三特索道,0.026501685
5241,2025-01-23,600810,神马股份,0.026500776
5242,2025-01-27,600857,宁波中百,0.026496485
5243,2025-01-27,688323,瑞华泰,0.026493505
5244,2025-01-24,300035,中科电气,0.026491523
5245,2025-01-27,600909,华安证券,0.02648516
5246,2025-01-23,688286,敏芯股份,0.026482612
5247,2025-01-23,301099,雅创电子,0.026480436
5248,2025-01-24,2213,大为股份,0.02647625
5249,2025-01-27,2782,可立克,0.02647166
5250,2025-01-23,2652,扬子新材,0.026468366
5251,2025-01-23,603063,禾望电气,0.026454777
5252,2025-01-23,688130,晶华微,0.026448518
5253,2025-01-27,300184,力源信息,0.02644819
5254,2025-01-24,300787,海能实业,0.026447684
5255,2025-01-27,603028,赛福天,0.026444167
5256,2025-01-23,688281,华秦科技,0.026440457
5257,2025-01-23,300670,大烨智能,0.026424512
5258,2025-01-24,868,安凯客车,0.02642411
5259,2025-01-23,300552,万集科技,0.026417866
5260,2025-01-24,300483,首华燃气,0.026417717
5261,2025-01-27,300102,乾照光电,0.026412293
5262,2025-01-24,688798,艾为电子,0.026407912
5263,2025-01-27,2963,豪尔赛,0.026396707
5264,2025-01-27,603335,迪生力,0.02639556
5265,2025-01-24,600794,保税科技,0.02638641
5266,2025-01-27,688607,康众医疗,0.026386201
5267,2025-01-23,688095,福昕软件,0.026385128
5268,2025-01-27,601028,玉龙股份,0.026382715
5269,2025-01-27,3032,传智教育,0.026372
5270,2025-01-23,300432,富临精工,0.0263654
5271,2025-01-24,301628,强达电路,0.02636166
5272,2025-01-24,600343,航天动力,0.02635403
5273,2025-01-27,688209,英集芯,0.026349768
5274,2025-01-27,300669,沪宁股份,0.026345372
5275,2025-01-24,423,东阿阿胶,0.026343718
5276,2025-01-23,2760,凤形股份,0.026343659
5277,2025-01-24,688353,华盛锂电,0.026337788
5278,2025-01-23,301469,恒达新材,0.026336849
5279,2025-01-27,688307,中润光学,0.026329532
5280,2025-01-24,301318,维海德,0.026324987
5281,2025-01-24,301015,百洋医药,0.026324809
5282,2025-01-27,300641,正丹股份,0.026316926
5283,2025-01-23,603819,神力股份,0.02630508
5284,2025-01-24,300030,阳普医疗,0.026298791
5285,2025-01-24,601058,赛轮轮胎,0.026295528
5286,2025-01-24,300354,东华测试,0.026293054
5287,2025-01-24,688191,智洋创新,0.02628997
5288,2025-01-27,688137,近岸蛋白,0.026286185
5289,2025-01-27,301118,恒光股份,0.026285917
5290,2025-01-23,2360,同德化工,0.026285216
5291,2025-01-24,603123,翠微股份,0.026278704
5292,2025-01-27,2993,奥海科技,0.026269928
5293,2025-01-24,600301,华锡有色,0.026267394
5294,2025-01-23,300030,阳普医疗,0.026260614
5295,2025-01-27,600567,山鹰国际,0.026258543
5296,2025-01-23,600438,通威股份,0.02625838
5297,2025-01-27,600576,祥源文旅,0.026256293
5298,2025-01-23,300898,熊猫乳品,0.026255429
5299,2025-01-27,603178,圣龙股份,0.026254356
5300,2025-01-23,1965,招商公路,0.02624622
5301,2025-01-23,603991,至正股份,0.026244208
5302,2025-01-27,2067,景兴纸业,0.026244074
5303,2025-01-23,603009,北特科技,0.026240975
5304,2025-01-23,688450,光格科技,0.026239634
5305,2025-01-27,501,武商集团,0.026237518
5306,2025-01-23,600337,美克家居,0.026230127
5307,2025-01-27,600983,惠而浦,0.026221827
5308,2025-01-27,807,云铝股份,0.026220918
5309,2025-01-23,955,欣龙控股,0.026216388
5310,2025-01-27,2328,新朋股份,0.026209965
5311,2025-01-27,301232,飞沃科技,0.026207134
5312,2025-01-24,600173,卧龙地产,0.026204377
5313,2025-01-24,799,酒鬼酒,0.02620256
5314,2025-01-23,601020,华钰矿业,0.026191846
5315,2025-01-24,300162,雷曼光电,0.026177272
5316,2025-01-24,300533,冰川网络,0.026174992
5317,2025-01-23,688568,中科星图,0.026173234
5318,2025-01-27,300850,新强联,0.026171714
5319,2025-01-24,603081,大丰实业,0.026171654
5320,2025-01-23,600246,万通发展,0.026166648
5321,2025-01-23,300436,广生堂,0.026165947
5322,2025-01-27,300279,和晶科技,0.026165694
5323,2025-01-27,603507,振江股份,0.026161566
5324,2025-01-24,603685,晨丰科技,0.026159987
5325,2025-01-27,300319,麦捷科技,0.026159957
5326,2025-01-24,300004,南风股份,0.02615513
5327,2025-01-24,600176,中国巨石,0.026145756
5328,2025-01-27,688576,西山科技,0.026145667
5329,2025-01-27,688046,药康生物,0.026142776
5330,2025-01-24,688187,时代电气,0.026141047
5331,2025-01-27,3006,百亚股份,0.026140288
5332,2025-01-24,301306,西测测试,0.026140079
5333,2025-01-23,2169,智光电气,0.02612187
5334,2025-01-27,600815,厦工股份,0.026121706
5335,2025-01-24,2501,利源股份,0.026121065
5336,2025-01-23,600503,华丽家族,0.026109561
5337,2025-01-23,300606,金太阳,0.026109427
5338,2025-01-23,600048,保利发展,0.026101992
5339,2025-01-24,600753,庚星股份,0.02610065
5340,2025-01-23,300659,中孚信息,0.026097715
5341,2025-01-27,301130,西点药业,0.02609554
5342,2025-01-23,566,海南海药,0.026094005
5343,2025-01-23,679,大连友谊,0.026079744
5344,2025-01-24,300942,易瑞生物,0.026078686
5345,2025-01-24,2888,惠威科技,0.02607429
5346,2025-01-23,688458,美芯晟,0.026058882
5347,2025-01-27,600628,新世界,0.026056051
5348,2025-01-24,688025,杰普特,0.026052922
5349,2025-01-24,2879,长缆科技,0.026050523
5350,2025-01-27,301469,恒达新材,0.026049554
5351,2025-01-27,2176,江特电机,0.02604942
5352,2025-01-27,688779,五矿新能,0.026047006
5353,2025-01-27,2255,海陆重工,0.02603823
5354,2025-01-24,2726,龙大美食,0.026033089
5355,2025-01-24,600650,锦江在线,0.02603297
5356,2025-01-27,688432,有研硅,0.026031807
5357,2025-01-23,603111,康尼机电,0.026030302
5358,2025-01-23,603138,海量数据,0.02602823
5359,2025-01-23,300449,汉邦高科,0.02602771
5360,2025-01-23,688179,阿拉丁,0.026021287
5361,2025-01-27,603663,三祥新材,0.026014492
5362,2025-01-24,2843,泰嘉股份,0.026010856
5363,2025-01-23,300492,华图山鼎,0.026007846
5364,2025-01-23,14,沙河股份,0.026004612
5365,2025-01-24,600551,时代出版,0.026003376
5366,2025-01-27,600602,云赛智联,0.025999114
5367,2025-01-24,2858,力盛体育,0.025998518
5368,2025-01-27,300740,水羊股份,0.025996864
5369,2025-01-27,301319,唯特偶,0.025994807
5370,2025-01-27,601156,东航物流,0.025993869
5371,2025-01-27,1979,招商蛇口,0.025990218
5372,2025-01-27,603256,宏和科技,0.025989816
5373,2025-01-24,2182,宝武镁业,0.025989756
5374,2025-01-24,300057,万顺新材,0.025989115
5375,2025-01-23,301180,万祥科技,0.025987998
5376,2025-01-23,2295,精艺股份,0.025987953
5377,2025-01-27,600803,新奥股份,0.025984645
5378,2025-01-27,301139,元道通信,0.025978684
5379,2025-01-24,603077,和邦生物,0.02597718
5380,2025-01-27,2352,顺丰控股,0.025967866
5381,2025-01-24,300810,中科海讯,0.025956675
5382,2025-01-24,426,兴业银锡,0.025950015
5383,2025-01-27,300139,晓程科技,0.025945768
5384,2025-01-23,688189,南新制药,0.025944829
5385,2025-01-24,300179,四方达,0.025944307
5386,2025-01-24,586,汇源通信,0.025942132
5387,2025-01-24,603197,保隆科技,0.025931567
5388,2025-01-24,603678,火炬电子,0.025929928
5389,2025-01-23,603997,继峰股份,0.025926784
5390,2025-01-23,603011,合锻智能,0.025926739
5391,2025-01-24,600678,四川金顶,0.025923312
5392,2025-01-27,300523,辰安科技,0.025913164
5393,2025-01-24,600096,云天化,0.02591233
5394,2025-01-27,301361,众智科技,0.025909305
5395,2025-01-27,300726,宏达电子,0.025897607
5396,2025-01-23,2149,西部材料,0.025889993
5397,2025-01-23,300849,锦盛新材,0.025875688
5398,2025-01-23,301236,软通动力,0.025874883
5399,2025-01-24,300820,英杰电气,0.025874048
5400,2025-01-23,21,深科技,0.025871336
5401,2025-01-27,600429,三元股份,0.025868982
5402,2025-01-24,301268,铭利达,0.02586314
5403,2025-01-23,2247,聚力文化,0.025854528
5404,2025-01-27,159,国际实业,0.025853366
5405,2025-01-23,600895,张江高科,0.025847599
5406,2025-01-23,301566,达利凯普,0.0258407
5407,2025-01-27,2066,瑞泰科技,0.025827467
5408,2025-01-27,300521,爱司凯,0.025822222
5409,2025-01-23,2085,万丰奥威,0.02582191
5410,2025-01-24,600012,皖通高速,0.025818735
5411,2025-01-27,2244,滨江集团,0.025818393
5412,2025-01-27,2391,长青股份,0.025817424
5413,2025-01-27,688683,莱尔科技,0.025814518
5414,2025-01-27,762,西藏矿业,0.025810614
5415,2025-01-24,2915,中欣氟材,0.025806233
5416,2025-01-24,2105,信隆健康,0.02580218
5417,2025-01-24,300937,药易购,0.025794357
5418,2025-01-27,300148,天舟文化,0.02578932
5419,2025-01-24,600071,凤凰光学,0.02578035
5420,2025-01-24,601127,赛力斯,0.025779605
5421,2025-01-27,600816,建元信托,0.02577646
5422,2025-01-24,300477,合纵科技,0.025775298
5423,2025-01-27,688005,容百科技,0.025768906
5424,2025-01-23,833,粤桂股份,0.025754884
5425,2025-01-24,2208,合肥城建,0.025753126
5426,2025-01-24,688328,深科达,0.025746435
5427,2025-01-24,300429,强力新材,0.025745705
5428,2025-01-24,300067,安诺其,0.02574481
5429,2025-01-24,2390,信邦制药,0.025744066
5430,2025-01-27,1266,宏英智能,0.025739983
5431,2025-01-23,300459,汤姆猫,0.02573824
5432,2025-01-27,300054,鼎龙股份,0.025733605
5433,2025-01-27,688222,成都先导,0.02573289
5434,2025-01-27,2574,明牌珠宝,0.025732458
5435,2025-01-24,300311,任子行,0.025730655
5436,2025-01-27,600155,华创云信,0.025730148
5437,2025-01-24,300423,昇辉科技,0.02572593
5438,2025-01-24,688288,鸿泉物联,0.025725573
5439,2025-01-27,1209,洪兴股份,0.02572532
5440,2025-01-23,603858,步长制药,0.02572529
5441,2025-01-23,892,欢瑞世纪,0.025724575
5442,2025-01-24,300204,舒泰神,0.025723636
5443,2025-01-27,601728,中国电信,0.025723591
5444,2025-01-23,901,航天科技,0.025720641
5445,2025-01-24,301606,绿联科技,0.025718331
5446,2025-01-24,2431,棕榈股份,0.025710732
5447,2025-01-24,600938,中国海油,0.025708258
5448,2025-01-27,2952,亚世光电,0.02570723
5449,2025-01-23,600185,格力地产,0.025707021
5450,2025-01-27,600132,重庆啤酒,0.025703222
5451,2025-01-27,2846,英联股份,0.025700599
5452,2025-01-23,301150,中一科技,0.025697619
5453,2025-01-24,600861,北京人力,0.025694788
5454,2025-01-27,600241,时代万恒,0.025694326
5455,2025-01-24,600476,湘邮科技,0.025688916
5456,2025-01-27,300275,梅安森,0.025681198
5457,2025-01-27,600560,金自天正,0.025674582
5458,2025-01-27,688486,龙迅股份,0.025672182
5459,2025-01-24,601015,陕西黑猫,0.025665939
5460,2025-01-27,301387,光大同创,0.025659308
5461,2025-01-27,600894,广日股份,0.025651783
5462,2025-01-24,603126,中材节能,0.025642663
5463,2025-01-27,300644,南京聚隆,0.025637701
5464,2025-01-27,715,中兴商业,0.025635898
5465,2025-01-23,688308,欧科亿,0.025632963
5466,2025-01-23,2708,光洋股份,0.025615409
5467,2025-01-23,601138,工业富联,0.025614798
5468,2025-01-27,300444,双杰电气,0.025611147
5469,2025-01-24,600322,津投城开,0.02560918
5470,2025-01-23,688186,广大特材,0.025605053
5471,2025-01-24,2587,奥拓电子,0.025601536
5472,2025-01-23,2892,科力尔,0.025601462
5473,2025-01-24,600843,上工申贝,0.02559203
5474,2025-01-24,600665,天地源,0.025591344
5475,2025-01-27,600179,安通控股,0.025583819
5476,2025-01-23,600132,重庆啤酒,0.02558273
5477,2025-01-27,300286,安科瑞,0.025582582
5478,2025-01-24,603090,宏盛股份,0.025580138
5479,2025-01-23,300586,美联新材,0.02557905
5480,2025-01-27,2146,荣盛发展,0.025573894
5481,2025-01-27,2405,四维图新,0.025572851
5482,2025-01-24,301033,迈普医学,0.02557087
5483,2025-01-24,2269,美邦服饰,0.025568724
5484,2025-01-27,300409,道氏技术,0.02556482
5485,2025-01-23,2084,海鸥住工,0.025564596
5486,2025-01-27,300683,海特生物,0.025564015
5487,2025-01-23,720,新能泰山,0.0255626
5488,2025-01-27,603139,康惠制药,0.025561169
5489,2025-01-27,301548,崇德科技,0.025559843
5490,2025-01-27,2317,众生药业,0.025557801
5491,2025-01-23,603818,曲美家居,0.025556698
5492,2025-01-24,603226,菲林格尔,0.02555573
5493,2025-01-24,605337,李子园,0.02555275
5494,2025-01-23,797,中国武夷,0.02555129
5495,2025-01-23,2292,奥飞娱乐,0.025548235
5496,2025-01-23,688766,普冉股份,0.025545418
5497,2025-01-27,417,合百集团,0.025544763
5498,2025-01-27,300969,恒帅股份,0.025541559
5499,2025-01-23,603520,司太立,0.02554135
5500,2025-01-27,600133,东湖高新,0.02553767
5501,2025-01-23,603978,深圳新星,0.025532901
5502,2025-01-23,603678,火炬电子,0.025529146
5503,2025-01-24,603985,恒润股份,0.025526851
5504,2025-01-27,2375,亚厦股份,0.025523916
5505,2025-01-24,600545,卓郎智能,0.025522277
5506,2025-01-24,300037,新宙邦,0.025522038
5507,2025-01-24,688105,诺唯赞,0.025517061
5508,2025-01-24,300837,浙矿股份,0.0255135
5509,2025-01-24,300024,机器人,0.025507778
5510,2025-01-24,36,华联控股,0.025502607
5511,2025-01-24,603668,天马科技,0.025493339
5512,2025-01-24,301358,湖南裕能,0.025484785
5513,2025-01-24,301112,信邦智能,0.025482848
5514,2025-01-27,688377,迪威尔,0.02548118
5515,2025-01-27,2121,科陆电子,0.025477946
5516,2025-01-27,620,新华联,0.025477335
5517,2025-01-27,3003,天元股份,0.025474757
5518,2025-01-24,300364,中文在线,0.025472075
5519,2025-01-24,300331,苏大维格,0.025464132
5520,2025-01-23,301015,百洋医药,0.025462866
5521,2025-01-27,600399,抚顺特钢,0.025461346
5522,2025-01-24,603387,基蛋生物,0.02546011
5523,2025-01-27,601996,丰林集团,0.025445595
5524,2025-01-27,25,特  力Ａ,0.025444433
5525,2025-01-24,1225,和泰机电,0.025442228
5526,2025-01-23,600968,海油发展,0.02543974
5527,2025-01-23,600183,生益科技,0.025437593
5528,2025-01-27,2579,中京电子,0.025434121
5529,2025-01-24,603358,华达科技,0.02542822
5530,2025-01-23,300331,苏大维格,0.025424197
5531,2025-01-24,603208,江山欧派,0.025417894
5532,2025-01-23,688091,上海谊众,0.02541314
5533,2025-01-23,2414,高德红外,0.025410607
5534,2025-01-23,300578,会畅通讯,0.02541028
5535,2025-01-23,600490,鹏欣资源,0.025409877
5536,2025-01-23,301297,富乐德,0.025408626
5537,2025-01-24,301381,赛维时代,0.025408119
5538,2025-01-27,600789,鲁抗医药,0.025407463
5539,2025-01-23,2009,天奇股份,0.025405347
5540,2025-01-27,300912,凯龙高科,0.025403202
5541,2025-01-27,600329,达仁堂,0.025399685
5542,2025-01-27,301292,海科新源,0.025395885
5543,2025-01-24,600115,中国东航,0.025388807
5544,2025-01-24,300511,雪榕生物,0.025388137
5545,2025-01-23,600893,航发动力,0.025382727
5546,2025-01-23,300366,创意信息,0.02537547
5547,2025-01-24,600503,华丽家族,0.025373593
5548,2025-01-27,688602,康鹏科技,0.025356174
5549,2025-01-23,688561,奇安信-U,0.025348783
5550,2025-01-27,601665,齐鲁银行,0.025346935
5551,2025-01-27,301090,华润材料,0.02534689
5552,2025-01-23,603222,济民健康,0.025345683
5553,2025-01-27,2282,博深股份,0.02534546
5554,2025-01-27,408,藏格矿业,0.025343284
5555,2025-01-24,301382,蜂助手,0.025338084
5556,2025-01-23,151,中成股份,0.025333613
5557,2025-01-24,688036,传音控股,0.025333047
5558,2025-01-23,300929,华骐环保,0.025318533
5559,2025-01-23,300293,蓝英装备,0.025301352
5560,2025-01-23,300598,诚迈科技,0.025296748
5561,2025-01-27,782,恒申新材,0.025293052
5562,2025-01-24,688190,云路股份,0.025292546
5563,2025-01-24,605296,神农集团,0.025291279
5564,2025-01-27,301105,鸿铭股份,0.025286779
5565,2025-01-27,300036,超图软件,0.025285468
5566,2025-01-23,300214,日科化学,0.025283441
5567,2025-01-24,300355,蒙草生态,0.025282174
5568,2025-01-23,600313,农发种业,0.025280267
5569,2025-01-24,2474,榕基软件,0.025274262
5570,2025-01-23,2428,云南锗业,0.02527374
5571,2025-01-23,300592,华凯易佰,0.02527222
5572,2025-01-23,688595,芯海科技,0.02526997
5573,2025-01-24,605336,帅丰电器,0.025268897
5574,2025-01-23,2205,国统股份,0.025265783
5575,2025-01-23,600797,浙大网新,0.025263935
5576,2025-01-23,301155,海力风电,0.025262877
5577,2025-01-27,688630,芯碁微装,0.025261447
5578,2025-01-27,300121,阳谷华泰,0.025260046
5579,2025-01-27,600651,飞乐音响,0.025256753
5580,2025-01-23,300074,华平股份,0.025256157
5581,2025-01-24,603801,志邦家居,0.025255397
5582,2025-01-23,300014,亿纬锂能,0.025254533
5583,2025-01-23,688612,威迈斯,0.025253758
5584,2025-01-27,600435,北方导航,0.025251508
5585,2025-01-23,2908,德生科技,0.025249481
5586,2025-01-24,601798,蓝科高新,0.02524747
5587,2025-01-27,603767,中马传动,0.025246143
5588,2025-01-24,301337,亚华电子,0.025241151
5589,2025-01-24,402,金 融 街,0.0252392
5590,2025-01-24,600319,亚星化学,0.025238559
5591,2025-01-24,688032,禾迈股份,0.025236487
5592,2025-01-24,2988,豪美新材,0.025235891
5593,2025-01-23,300002,神州泰岳,0.02522032
5594,2025-01-23,600199,金种子酒,0.025218815
5595,2025-01-27,2563,森马服饰,0.025218636
5596,2025-01-24,603009,北特科技,0.025214672
5597,2025-01-24,2979,雷赛智能,0.025199533
5598,2025-01-27,2637,赞宇科技,0.025197282
5599,2025-01-27,300517,海波重科,0.025195703
5600,2025-01-27,601588,北辰实业,0.025193796
5601,2025-01-27,600649,城投控股,0.025182962
5602,2025-01-23,301036,双乐股份,0.025182173
5603,2025-01-27,300836,佰奥智能,0.02517651
5604,2025-01-23,300579,数字认证,0.025174543
5605,2025-01-27,301311,昆船智能,0.025174037
5606,2025-01-23,59,华锦股份,0.02517347
5607,2025-01-23,603192,汇得科技,0.025172785
5608,2025-01-24,300131,英唐智控,0.0251721
5609,2025-01-23,300101,振芯科技,0.025168553
5610,2025-01-23,300777,中简科技,0.025163919
5611,2025-01-27,300425,中建环能,0.025157124
5612,2025-01-23,300063,天龙集团,0.025155187
5613,2025-01-27,688592,司南导航,0.02515079
5614,2025-01-24,688046,药康生物,0.025149778
5615,2025-01-27,600640,国脉文化,0.025128603
5616,2025-01-24,300077,国民技术,0.025128514
5617,2025-01-27,605377,华旺科技,0.025127858
5618,2025-01-23,2715,登云股份,0.02512309
5619,2025-01-23,300808,久量股份,0.025122344
5620,2025-01-27,600012,皖通高速,0.02512215
5621,2025-01-24,300590,移为通信,0.02511403
5622,2025-01-24,301091,深城交,0.025106385
5623,2025-01-27,301538,骏鼎达,0.025104985
5624,2025-01-27,600819,耀皮玻璃,0.025103837
5625,2025-01-24,605155,西大门,0.025102824
5626,2025-01-24,600618,氯碱化工,0.02509293
5627,2025-01-24,2708,光洋股份,0.02509141
5628,2025-01-24,2842,翔鹭钨业,0.025088906
5629,2025-01-27,2928,华夏航空,0.02508539
5630,2025-01-24,301361,众智科技,0.025084376
5631,2025-01-23,688692,达梦数据,0.025079742
5632,2025-01-23,600630,龙头股份,0.02507171
5633,2025-01-27,688271,联影医疗,0.025069907
5634,2025-01-24,301586,佳力奇,0.025066674
5635,2025-01-24,688779,五矿新能,0.025063068
5636,2025-01-23,601933,永辉超市,0.025061399
5637,2025-01-23,300793,佳禾智能,0.02504097
5638,2025-01-27,603286,日盈电子,0.025031358
5639,2025-01-27,605266,健之佳,0.025022194
5640,2025-01-24,2698,博实股份,0.025019035
5641,2025-01-23,300629,新劲刚,0.025016233
5642,2025-01-24,601113,华鼎股份,0.025014594
5643,2025-01-27,600079,人福医药,0.025009349
5644,2025-01-27,688573,信宇人,0.025001734
5645,2025-01-27,600859,王府井,0.024995625
5646,2025-01-23,300280,紫天科技,0.024992228
5647,2025-01-24,603466,风语筑,0.024991736
5648,2025-01-23,600021,上海电力,0.024990812
5649,2025-01-27,300560,中富通,0.024989575
5650,2025-01-23,603319,湘油泵,0.02498801
5651,2025-01-24,688055,龙腾光电,0.024978906
5652,2025-01-27,688538,和辉光电-U,0.024974644
5653,2025-01-27,603686,福龙马,0.024973422
5654,2025-01-23,2663,普邦股份,0.02497299
5655,2025-01-27,2333,罗普斯金,0.024971604
5656,2025-01-27,301089,拓新药业,0.024971277
5657,2025-01-27,300676,华大基因,0.024966866
5658,2025-01-23,603778,国晟科技,0.024966717
5659,2025-01-24,600230,沧州大化,0.024966478
5660,2025-01-27,600569,安阳钢铁,0.024965256
5661,2025-01-24,300582,英飞特,0.024958536
5662,2025-01-27,600676,交运股份,0.024957776
5663,2025-01-27,2205,国统股份,0.024956077
5664,2025-01-24,688597,煜邦电力,0.024954066
5665,2025-01-23,300269,联建光电,0.024953842
5666,2025-01-27,768,中航西飞,0.024951339
5667,2025-01-27,301509,金凯生科,0.024946153
5668,2025-01-27,300908,仲景食品,0.024941877
5669,2025-01-23,300261,雅本化学,0.024934724
5670,2025-01-27,300238,冠昊生物,0.024930716
5671,2025-01-23,300838,浙江力诺,0.0249293
5672,2025-01-27,2302,西部建设,0.024928287
5673,2025-01-23,301213,观想科技,0.024926558
5674,2025-01-24,300500,启迪设计,0.024921596
5675,2025-01-23,300318,博晖创新,0.024917498
5676,2025-01-24,601969,海南矿业,0.024912193
5677,2025-01-27,2360,同德化工,0.02491106
5678,2025-01-23,688310,迈得医疗,0.024909914
5679,2025-01-27,605086,龙高股份,0.024906188
5680,2025-01-27,300741,华宝股份,0.024905816
5681,2025-01-23,2307,北新路桥,0.024900332
5682,2025-01-23,603506,南都物业,0.024895921
5683,2025-01-24,2918,蒙娜丽莎,0.024895817
5684,2025-01-23,600487,亨通光电,0.024894997
5685,2025-01-23,300533,冰川网络,0.024890676
5686,2025-01-27,688225,亚信安全,0.024886474
5687,2025-01-27,2324,普利特,0.024886087
5688,2025-01-27,600879,航天电子,0.02488473
5689,2025-01-23,2296,辉煌科技,0.024877638
5690,2025-01-24,603268,松发股份,0.02487664
5691,2025-01-27,603211,晋拓股份,0.024875209
5692,2025-01-23,301372,科净源,0.024870098
5693,2025-01-27,2852,道道全,0.024858713
5694,2025-01-24,1201,东瑞股份,0.02485773
5695,2025-01-24,603223,恒通股份,0.024857119
5696,2025-01-23,300956,英力股份,0.024855003
5697,2025-01-24,301117,佳缘科技,0.024854913
5698,2025-01-23,301153,中科江南,0.024847984
5699,2025-01-27,300246,宝莱特,0.02484554
5700,2025-01-27,603207,小方制药,0.024844706
5701,2025-01-24,603119,浙江荣泰,0.024840161
5702,2025-01-24,962,东方钽业,0.02483727
5703,2025-01-27,605598,上海港湾,0.024833262
5704,2025-01-24,2683,广东宏大,0.024830878
5705,2025-01-27,603025,大豪科技,0.024829611
5706,2025-01-24,2661,克明食品,0.02482462
5707,2025-01-27,300253,卫宁健康,0.024816498
5708,2025-01-24,301568,思泰克,0.024814516
5709,2025-01-24,2195,岩山科技,0.02481331
5710,2025-01-24,2396,星网锐捷,0.024801433
5711,2025-01-23,600152,维科技术,0.02479519
5712,2025-01-24,301269,华大九天,0.024786264
5713,2025-01-27,301077,星华新材,0.024784938
5714,2025-01-23,688646,逸飞激光,0.024783283
5715,2025-01-23,415,渤海租赁,0.024756372
5716,2025-01-27,688328,深科达,0.024749935
5717,2025-01-23,2213,大为股份,0.024749577
5718,2025-01-27,987,越秀资本,0.024749473
5719,2025-01-27,2440,闰土股份,0.024745464
5720,2025-01-23,688710,益诺思,0.02474539
5721,2025-01-23,688185,康希诺,0.02474302
5722,2025-01-24,688631,莱斯信息,0.024740234
5723,2025-01-27,688338,赛科希德,0.024739727
5724,2025-01-23,301319,唯特偶,0.024738863
5725,2025-01-23,2812,恩捷股份,0.024733528
5726,2025-01-24,688596,正帆科技,0.024733081
5727,2025-01-24,2360,同德化工,0.02472891
5728,2025-01-24,300943,春晖智控,0.024725527
5729,2025-01-27,2395,双象股份,0.024718672
5730,2025-01-24,688295,中复神鹰,0.024714768
5731,2025-01-27,688112,鼎阳科技,0.024711415
5732,2025-01-24,600354,敦煌种业,0.02471073
5733,2025-01-23,300027,华谊兄弟,0.024710208
5734,2025-01-27,300793,佳禾智能,0.024710178
5735,2025-01-27,688025,杰普特,0.024705857
5736,2025-01-23,600969,郴电国际,0.024699166
5737,2025-01-23,2915,中欣氟材,0.024693891
5738,2025-01-24,688472,阿特斯,0.024692953
5739,2025-01-27,605007,五洲特纸,0.024691716
5740,2025-01-23,603188,亚邦股份,0.024690107
5741,2025-01-23,688662,富信科技,0.02468887
5742,2025-01-27,603172,万丰股份,0.024686098
5743,2025-01-23,2836,新宏泽,0.024684846
5744,2025-01-27,300520,科大国创,0.024680495
5745,2025-01-27,688052,纳芯微,0.024675518
5746,2025-01-23,688004,博汇科技,0.024668783
5747,2025-01-23,301378,通达海,0.0246647
5748,2025-01-23,688380,中微半导,0.024663344
5749,2025-01-27,605196,华通线缆,0.024662897
5750,2025-01-24,688530,欧莱新材,0.024661213
5751,2025-01-23,2792,通宇通讯,0.024658427
5752,2025-01-24,2397,梦洁股份,0.024656743
5753,2025-01-27,688216,气派科技,0.024652794
5754,2025-01-24,600547,山东黄金,0.024651527
5755,2025-01-27,600237,铜峰电子,0.024650306
5756,2025-01-23,2133,广宇集团,0.024649888
5757,2025-01-23,301029,怡合达,0.024647728
5758,2025-01-23,600376,首开股份,0.024640858
5759,2025-01-24,300456,赛微电子,0.024638712
5760,2025-01-27,812,陕西金叶,0.024637073
5761,2025-01-27,301132,满坤科技,0.024630398
5762,2025-01-24,300981,中红医疗,0.02462691
5763,2025-01-27,600828,茂业商业,0.024623394
5764,2025-01-23,2846,英联股份,0.024619147
5765,2025-01-24,2056,横店东磁,0.024608955
5766,2025-01-23,600830,香溢融通,0.02460523
5767,2025-01-24,300261,雅本化学,0.024603978
5768,2025-01-24,301068,大地海洋,0.024592862
5769,2025-01-23,663,永安林业,0.024589926
5770,2025-01-27,600227,赤天化,0.024582952
5771,2025-01-27,301371,敷尔佳,0.024578452
5772,2025-01-27,2387,维信诺,0.024575949
5773,2025-01-27,301448,开创电气,0.024567649
5774,2025-01-24,603958,哈森股份,0.024562225
5775,2025-01-23,301296,新巨丰,0.024561107
5776,2025-01-23,768,中航西飞,0.024554387
5777,2025-01-27,600725,云维股份,0.024554014
5778,2025-01-24,300424,航新科技,0.024546966
5779,2025-01-24,601929,吉视传媒,0.024546236
5780,2025-01-24,600215,派斯林,0.024545878
5781,2025-01-23,603660,苏州科达,0.02454324
5782,2025-01-24,600132,重庆啤酒,0.024534196
5783,2025-01-27,300802,矩子科技,0.024529517
5784,2025-01-27,688418,震有科技,0.024527416
5785,2025-01-23,2069,獐子岛,0.024520278
5786,2025-01-27,600760,中航沈飞,0.024517834
5787,2025-01-23,600706,曲江文旅,0.02451761
5788,2025-01-27,557,西部创业,0.024515286
5789,2025-01-24,688023,安恒信息,0.024510339
5790,2025-01-27,688217,睿昂基因,0.024508998
5791,2025-01-24,2196,方正电机,0.024508357
5792,2025-01-24,603421,鼎信通讯,0.024507046
5793,2025-01-23,605300,佳禾食品,0.024504453
5794,2025-01-24,1331,胜通能源,0.024503276
5795,2025-01-23,600605,汇通能源,0.02450262
5796,2025-01-27,300768,迪普科技,0.024501413
5797,2025-01-23,600106,重庆路桥,0.024496213
5798,2025-01-24,603341,龙旗科技,0.024492264
5799,2025-01-27,603301,振德医疗,0.024490952
5800,2025-01-23,600110,诺德股份,0.024490193
5801,2025-01-24,2897,意华股份,0.024489224
5802,2025-01-27,688565,力源科技,0.024485484
5803,2025-01-27,300133,华策影视,0.024483666
5804,2025-01-24,2756,永兴材料,0.024483249
5805,2025-01-27,603186,华正新材,0.02447933
5806,2025-01-23,905,厦门港务,0.024477094
5807,2025-01-27,300037,新宙邦,0.024475649
5808,2025-01-27,1229,魅视科技,0.024472788
5809,2025-01-23,601996,丰林集团,0.024469852
5810,2025-01-24,600536,中国软件,0.024462745
5811,2025-01-27,2553,南方精工,0.024461925
5812,2025-01-24,2877,智能自控,0.024450332
5813,2025-01-27,2809,红墙股份,0.02444993
5814,2025-01-23,688201,信安世纪,0.02444017
5815,2025-01-24,688559,海目星,0.024438769
5816,2025-01-27,603688,石英股份,0.02443692
5817,2025-01-23,603679,华体科技,0.024436623
5818,2025-01-27,2975,博杰股份,0.024430811
5819,2025-01-24,833,粤桂股份,0.024427965
5820,2025-01-24,688609,九联科技,0.02442564
5821,2025-01-27,300225,金力泰,0.024421707
5822,2025-01-23,301268,铭利达,0.024417818
5823,2025-01-24,688152,麒麟信安,0.02441512
5824,2025-01-23,300490,华自科技,0.024411589
5825,2025-01-23,688768,容知日新,0.024407744
5826,2025-01-27,598,兴蓉环境,0.024404466
5827,2025-01-23,688077,大地熊,0.024404302
5828,2025-01-23,688488,艾迪药业,0.024392769
5829,2025-01-24,601838,成都银行,0.024386913
5830,2025-01-27,2023,海特高新,0.024386734
5831,2025-01-23,701,厦门信达,0.024385646
5832,2025-01-24,300693,盛弘股份,0.02438517
5833,2025-01-24,688776,国光电气,0.024379775
5834,2025-01-23,688552,航天南湖,0.024376005
5835,2025-01-23,600367,红星发展,0.02437438
5836,2025-01-24,600660,福耀玻璃,0.024367943
5837,2025-01-23,2261,拓维信息,0.024366856
5838,2025-01-24,2777,久远银海,0.024361074
5839,2025-01-23,2189,中光学,0.024361014
5840,2025-01-24,2445,中南文化,0.024358913
5841,2025-01-23,300294,博雅生物,0.024357587
5842,2025-01-24,601778,晶科科技,0.0243572
5843,2025-01-24,600818,中路股份,0.0243534
5844,2025-01-27,601616,广电电气,0.024339229
5845,2025-01-23,603232,格尔软件,0.02433829
5846,2025-01-23,2657,中科金财,0.024336815
5847,2025-01-27,300132,青松股份,0.024333805
5848,2025-01-23,688503,聚和材料,0.024333358
5849,2025-01-27,300810,中科海讯,0.024331734
5850,2025-01-27,688478,晶升股份,0.024328649
5851,2025-01-23,300599,雄塑科技,0.024326995
5852,2025-01-27,1255,博菲电气,0.024324968
5853,2025-01-23,688187,时代电气,0.024321795
5854,2025-01-23,300635,中达安,0.024316788
5855,2025-01-27,722,湖南发展,0.024309367
5856,2025-01-24,601588,北辰实业,0.024304762
5857,2025-01-27,300195,长荣股份,0.024304077
5858,2025-01-24,601225,陕西煤业,0.024303675
5859,2025-01-23,301209,联合化学,0.024300724
5860,2025-01-23,688222,成都先导,0.02429758
5861,2025-01-23,300479,神思电子,0.024294347
5862,2025-01-27,300782,卓胜微,0.024293542
5863,2025-01-24,300843,胜蓝股份,0.024293289
5864,2025-01-27,2671,龙泉股份,0.02429153
5865,2025-01-23,2685,华东重机,0.02429144
5866,2025-01-23,300346,南大光电,0.024290666
5867,2025-01-24,603669,灵康药业,0.024290368
5868,2025-01-27,301446,福事特,0.02428782
5869,2025-01-23,567,海德股份,0.024285167
5870,2025-01-23,300601,康泰生物,0.024280906
5871,2025-01-23,688680,海优新材,0.024279341
5872,2025-01-24,2975,博杰股份,0.024277225
5873,2025-01-24,600152,维科技术,0.024275541
5874,2025-01-27,301539,宏鑫科技,0.024270788
5875,2025-01-23,300575,中旗股份,0.02426584
5876,2025-01-27,603779,威龙股份,0.024264395
5877,2025-01-27,570,苏常柴Ａ,0.024263173
5878,2025-01-24,2968,新大正,0.024260342
5879,2025-01-23,426,兴业银锡,0.024258822
5880,2025-01-27,301031,中熔电气,0.02425316
5881,2025-01-27,1238,浙江正特,0.024248242
5882,2025-01-27,688548,广钢气体,0.024247825
5883,2025-01-24,300773,拉卡拉,0.024242595
5884,2025-01-27,2635,安洁科技,0.024239406
5885,2025-01-23,688295,中复神鹰,0.024226993
5886,2025-01-23,2348,高乐股份,0.024226189
5887,2025-01-23,300270,中威电子,0.024224296
5888,2025-01-24,601898,中煤能源,0.024221674
5889,2025-01-24,600649,城投控股,0.024208277
5890,2025-01-23,504,南华生物,0.024208069
5891,2025-01-27,2059,云南旅游,0.02420792
5892,2025-01-23,300820,英杰电气,0.024207443
5893,2025-01-23,600773,西藏城投,0.024204373
5894,2025-01-24,300961,深水海纳,0.024199605
5895,2025-01-27,1318,阳光乳业,0.024199307
5896,2025-01-27,603529,爱玛科技,0.024196506
5897,2025-01-27,1268,联合精密,0.024195373
5898,2025-01-24,1236,弘业期货,0.024192303
5899,2025-01-27,925,众合科技,0.024191946
5900,2025-01-23,600415,小商品城,0.024189606
5901,2025-01-27,2218,拓日新能,0.02418685
5902,2025-01-27,301163,宏德股份,0.02418466
5903,2025-01-24,301022,海泰科,0.024181306
5904,2025-01-24,300339,润和软件,0.024177983
5905,2025-01-24,300474,景嘉微,0.024176493
5906,2025-01-24,301536,星宸科技,0.02417025
5907,2025-01-24,958,电投产融,0.024166599
5908,2025-01-24,603353,和顺石油,0.024163574
5909,2025-01-27,300826,测绘股份,0.024160713
5910,2025-01-27,301058,中粮科工,0.024159595
5911,2025-01-27,300618,寒锐钴业,0.024146587
5912,2025-01-23,300095,华伍股份,0.024138168
5913,2025-01-27,688197,首药控股-U,0.024135262
5914,2025-01-23,2235,安妮股份,0.024133265
5915,2025-01-24,600169,太原重工,0.024133042
5916,2025-01-23,300870,欧陆通,0.024109975
5917,2025-01-27,605298,必得科技,0.02410902
5918,2025-01-24,2938,鹏鼎控股,0.02410528
5919,2025-01-27,300905,宝丽迪,0.024102405
5920,2025-01-27,37,深南电A,0.02409631
5921,2025-01-23,603877,太平鸟,0.024095327
5922,2025-01-27,300343,联创股份,0.024094805
5923,2025-01-27,600650,锦江在线,0.024090245
5924,2025-01-23,301261,恒工精密,0.024089277
5925,2025-01-24,300133,华策影视,0.024087906
5926,2025-01-23,301361,众智科技,0.024085164
5927,2025-01-23,603359,东珠生态,0.02408494
5928,2025-01-27,600527,江南高纤,0.024084792
5929,2025-01-23,2244,滨江集团,0.024082795
5930,2025-01-27,300008,天海防务,0.024081618
5931,2025-01-24,300855,图南股份,0.024081394
5932,2025-01-23,2678,珠江钢琴,0.024080947
5933,2025-01-27,3022,联泓新科,0.024080187
5934,2025-01-23,300440,运达科技,0.024079874
5935,2025-01-23,300162,雷曼光电,0.024078697
5936,2025-01-27,603078,江化微,0.024065048
5937,2025-01-27,2480,新筑股份,0.02406241
5938,2025-01-23,300305,裕兴股份,0.024061367
5939,2025-01-27,600837,海通证券,0.024055585
5940,2025-01-24,859,国风新材,0.024042755
5941,2025-01-24,688563,航材股份,0.024038956
5942,2025-01-27,300347,泰格医药,0.02402705
5943,2025-01-27,603365,水星家纺,0.02402535
5944,2025-01-27,688591,泰凌微,0.024022967
5945,2025-01-27,2885,京泉华,0.024018928
5946,2025-01-24,2550,千红制药,0.024016604
5947,2025-01-27,301079,邵阳液压,0.024008974
5948,2025-01-23,300981,中红医疗,0.024008825
5949,2025-01-27,529,广弘控股,0.024003208
5950,2025-01-23,300620,光库科技,0.024002
5951,2025-01-27,600618,氯碱化工,0.02399984
5952,2025-01-23,2474,榕基软件,0.023997024
5953,2025-01-27,2787,华源控股,0.023995996
5954,2025-01-24,605208,永茂泰,0.02399534
5955,2025-01-27,3041,真爱美家,0.023994833
5956,2025-01-23,2355,兴民智通,0.02398938
5957,2025-01-23,300710,万隆光电,0.023986116
5958,2025-01-24,2062,宏润建设,0.023985386
5959,2025-01-23,560,我爱我家,0.023984447
5960,2025-01-24,2264,新 华 都,0.023981929
5961,2025-01-24,301429,森泰股份,0.023978397
5962,2025-01-27,2824,和胜股份,0.02397722
5963,2025-01-27,300183,东软载波,0.023973733
5964,2025-01-23,300531,优博讯,0.023971379
5965,2025-01-23,301251,威尔高,0.023967579
5966,2025-01-23,300345,华民股份,0.02396664
5967,2025-01-27,985,大庆华科,0.023966
5968,2025-01-23,300938,信测标准,0.023963794
5969,2025-01-24,600859,王府井,0.023959816
5970,2025-01-24,300802,矩子科技,0.023956686
5971,2025-01-24,601799,星宇股份,0.023955762
5972,2025-01-24,600206,有研新材,0.023953214
5973,2025-01-27,601827,三峰环境,0.023951605
5974,2025-01-23,603637,镇海股份,0.023950681
5975,2025-01-27,603786,科博达,0.023950204
5976,2025-01-23,2929,润建股份,0.023947775
5977,2025-01-23,3006,百亚股份,0.023946226
5978,2025-01-27,2889,东方嘉盛,0.023946002
5979,2025-01-23,688198,佰仁医疗,0.023924783
5980,2025-01-27,600481,双良节能,0.02392076
5981,2025-01-23,2337,赛象科技,0.023919374
5982,2025-01-27,2276,万马股份,0.023916617
5983,2025-01-24,301355,南王科技,0.023914725
5984,2025-01-27,301299,卓创资讯,0.023913085
5985,2025-01-23,2062,宏润建设,0.02391161
5986,2025-01-23,301051,信濠光电,0.023907453
5987,2025-01-23,301298,东利机械,0.023902744
5988,2025-01-23,688021,奥福环保,0.023902223
5989,2025-01-24,688247,宣泰医药,0.02389966
5990,2025-01-27,2997,瑞鹄模具,0.02389799
5991,2025-01-24,300438,鹏辉能源,0.023889154
5992,2025-01-23,301419,阿莱德,0.023888618
5993,2025-01-24,401,冀东水泥,0.023888543
5994,2025-01-27,603826,坤彩科技,0.023887008
5995,2025-01-27,300455,航天智装,0.02388525
5996,2025-01-23,600160,巨化股份,0.023883656
5997,2025-01-27,301137,哈焊华通,0.023882642
5998,2025-01-23,300134,大富科技,0.023876742
5999,2025-01-27,601108,财通证券,0.02387625
6000,2025-01-24,300850,新强联,0.023875043
6001,2025-01-23,2262,恩华药业,0.023874998
6002,2025-01-23,300559,佳发教育,0.023873776
6003,2025-01-23,600862,中航高科,0.023873225
6004,2025-01-24,301331,恩威医药,0.023866609
6005,2025-01-27,688248,南网科技,0.023865402
6006,2025-01-27,301008,宏昌科技,0.023863688
6007,2025-01-23,301169,零点有数,0.02385974
6008,2025-01-27,300824,北鼎股份,0.023855373
6009,2025-01-24,300711,广哈通信,0.023848161
6010,2025-01-27,300973,立高食品,0.023847982
6011,2025-01-27,906,浙商中拓,0.023845196
6012,2025-01-24,300240,飞力达,0.023843318
6013,2025-01-24,2850,科达利,0.023840234
6014,2025-01-24,301040,中环海陆,0.023837209
6015,2025-01-23,603900,莱绅通灵,0.023836002
6016,2025-01-23,300792,壹网壹创,0.023831427
6017,2025-01-23,3017,大洋生物,0.023825347
6018,2025-01-23,2339,积成电子,0.02382268
6019,2025-01-23,688277,天智航-U,0.023819938
6020,2025-01-27,601778,晶科科技,0.023817271
6021,2025-01-24,2093,国脉科技,0.02381447
6022,2025-01-27,301293,三博脑科,0.023810774
6023,2025-01-24,897,津滨发展,0.023807153
6024,2025-01-27,301097,天益医疗,0.02380696
6025,2025-01-24,2456,欧菲光,0.023806125
6026,2025-01-27,2998,优彩资源,0.023805648
6027,2025-01-27,301258,富士莱,0.0237768
6028,2025-01-27,603669,灵康药业,0.023776695
6029,2025-01-24,600378,昊华科技,0.023764193
6030,2025-01-23,300168,万达信息,0.0237609
6031,2025-01-27,603190,亚通精工,0.023760393
6032,2025-01-24,2016,世荣兆业,0.02375494
6033,2025-01-23,300772,运达股份,0.023747861
6034,2025-01-23,600067,冠城新材,0.023736596
6035,2025-01-24,688683,莱尔科技,0.023732305
6036,2025-01-27,688484,南芯科技,0.023727566
6037,2025-01-27,300645,正元智慧,0.023718268
6038,2025-01-27,688211,中科微至,0.023715451
6039,2025-01-24,605158,华达新材,0.023709148
6040,2025-01-24,688626,翔宇医疗,0.023707524
6041,2025-01-23,2906,华阳集团,0.02370657
6042,2025-01-24,300284,苏交科,0.023698598
6043,2025-01-24,300845,捷安高科,0.023697361
6044,2025-01-23,600887,伊利股份,0.023696661
6045,2025-01-27,655,金岭矿业,0.02368474
6046,2025-01-24,3022,联泓新科,0.02368112
6047,2025-01-23,301040,中环海陆,0.023680031
6048,2025-01-27,603076,乐惠国际,0.023668423
6049,2025-01-24,605016,百龙创园,0.023667276
6050,2025-01-23,601801,皖新传媒,0.023660496
6051,2025-01-27,301398,星源卓镁,0.023660168
6052,2025-01-27,2800,天顺股份,0.023656592
6053,2025-01-24,601005,重庆钢铁,0.023654446
6054,2025-01-27,766,通化金马,0.023651704
6055,2025-01-27,300828,锐新科技,0.023641378
6056,2025-01-24,601330,绿色动力,0.023634985
6057,2025-01-27,300070,碧水源,0.023629084
6058,2025-01-23,300665,飞鹿股份,0.023624957
6059,2025-01-27,11,深物业A,0.023616865
6060,2025-01-24,688299,长阳科技,0.023614258
6061,2025-01-23,300322,硕贝德,0.023613095
6062,2025-01-27,301332,德尔玛,0.023609623
6063,2025-01-24,600048,保利发展,0.023601383
6064,2025-01-24,99,中信海直,0.023600996
6065,2025-01-23,301371,敷尔佳,0.023599878
6066,2025-01-27,688185,康希诺,0.023596123
6067,2025-01-24,301038,深水规院,0.023595959
6068,2025-01-27,2301,齐心集团,0.023591012
6069,2025-01-27,300587,天铁科技,0.023590937
6070,2025-01-24,688219,会通股份,0.023589045
6071,2025-01-24,301519,舜禹股份,0.023588628
6072,2025-01-23,603536,惠发食品,0.023585975
6073,2025-01-23,688105,诺唯赞,0.023581207
6074,2025-01-23,1306,夏厦精密,0.02357854
6075,2025-01-23,766,通化金马,0.023567975
6076,2025-01-27,600782,新钢股份,0.023567677
6077,2025-01-24,688707,振华新材,0.023566678
6078,2025-01-23,688335,复洁环保,0.023566395
6079,2025-01-27,300329,海伦钢琴,0.02356489
6080,2025-01-24,2240,盛新锂能,0.023563862
6081,2025-01-24,300686,智动力,0.023562655
6082,2025-01-24,603882,金域医学,0.023561522
6083,2025-01-27,300948,冠中生态,0.023559973
6084,2025-01-27,600448,华纺股份,0.023557708
6085,2025-01-24,603578,三星新材,0.023557708
6086,2025-01-27,2761,浙江建投,0.023551807
6087,2025-01-24,603818,曲美家居,0.023550749
6088,2025-01-24,2317,众生药业,0.023546606
6089,2025-01-24,601918,新集能源,0.023546115
6090,2025-01-24,603335,迪生力,0.023535699
6091,2025-01-24,601615,明阳智能,0.023534343
6092,2025-01-24,300858,科拓生物,0.023533463
6093,2025-01-24,600785,新华百货,0.023530975
6094,2025-01-27,300241,瑞丰光电,0.023528501
6095,2025-01-24,688360,德马科技,0.023527652
6096,2025-01-27,603137,恒尚节能,0.02351959
6097,2025-01-27,811,冰轮环境,0.023517728
6098,2025-01-24,66,中国长城,0.023492306
6099,2025-01-24,29,深深房Ａ,0.023489058
6100,2025-01-27,301096,百诚医药,0.023487166
6101,2025-01-24,601118,海南橡胶,0.023484737
6102,2025-01-23,300139,晓程科技,0.02348341
6103,2025-01-27,601399,国机重装,0.023474336
6104,2025-01-23,1359,平安电工,0.023473144
6105,2025-01-23,301396,宏景科技,0.023468956
6106,2025-01-23,300968,格林精密,0.023457289
6107,2025-01-27,688079,美迪凯,0.023454234
6108,2025-01-23,688333,铂力特,0.023451269
6109,2025-01-24,590,启迪药业,0.023443952
6110,2025-01-23,600100,同方股份,0.023441881
6111,2025-01-27,301086,鸿富瀚,0.023437142
6112,2025-01-24,603032,德新科技,0.023433387
6113,2025-01-27,301178,天亿马,0.023432344
6114,2025-01-23,300662,科锐国际,0.023430482
6115,2025-01-27,603757,大元泵业,0.023430124
6116,2025-01-23,1914,招商积余,0.023429781
6117,2025-01-23,300767,震安科技,0.02342482
6118,2025-01-15,688667,菱电电控,0.023424461
6119,2025-01-27,603881,数据港,0.023424342
6120,2025-01-27,601155,新城控股,0.02342172
6121,2025-01-23,2497,雅化集团,0.023417562
6122,2025-01-27,601086,国芳集团,0.023414582
6123,2025-01-27,2264,新 华 都,0.023414105
6124,2025-01-27,600616,金枫酒业,0.023413017
6125,2025-01-24,599,青岛双星,0.023412317
6126,2025-01-24,2027,分众传媒,0.023412079
6127,2025-01-24,603535,嘉诚国际,0.023410633
6128,2025-01-23,600288,大恒科技,0.02340804
6129,2025-01-23,300329,海伦钢琴,0.023404762
6130,2025-01-23,300456,赛微电子,0.023397833
6131,2025-01-24,300269,联建光电,0.023396805
6132,2025-01-27,603396,金辰股份,0.023392946
6133,2025-01-24,810,创维数字,0.023392767
6134,2025-01-24,600791,京能置业,0.023389295
6135,2025-01-24,600201,生物股份,0.02338855
6136,2025-01-24,600100,同方股份,0.023373976
6137,2025-01-27,601696,中银证券,0.023370877
6138,2025-01-23,688707,振华新材,0.0233614
6139,2025-01-24,300762,上海瀚讯,0.023357287
6140,2025-01-27,603697,有友食品,0.023352325
6141,2025-01-24,2663,普邦股份,0.023346111
6142,2025-01-27,300686,智动力,0.023345709
6143,2025-01-23,2056,横店东磁,0.023341298
6144,2025-01-27,688170,德龙激光,0.023332983
6145,2025-01-27,603607,京华激光,0.023332566
6146,2025-01-24,688168,安博通,0.023329973
6147,2025-01-27,898,鞍钢股份,0.023328602
6148,2025-01-23,603901,永创智能,0.023319513
6149,2025-01-24,600310,广西能源,0.023316711
6150,2025-01-23,601798,蓝科高新,0.02331543
6151,2025-01-27,603098,森特股份,0.02330698
6152,2025-01-24,600822,上海物贸,0.023303792
6153,2025-01-24,600657,信达地产,0.023303553
6154,2025-01-27,603160,汇顶科技,0.023302257
6155,2025-01-23,600693,东百集团,0.023300245
6156,2025-01-24,159,国际实业,0.02329944
6157,2025-01-24,301255,通力科技,0.023295462
6158,2025-01-27,601336,新华保险,0.023288101
6159,2025-01-24,600288,大恒科技,0.023283228
6160,2025-01-24,688011,新光光电,0.02328296
6161,2025-01-23,688298,东方生物,0.023282573
6162,2025-01-24,600743,华远地产,0.023280933
6163,2025-01-24,2487,大金重工,0.023280248
6164,2025-01-23,600818,中路股份,0.023278266
6165,2025-01-24,2992,宝明科技,0.023268357
6166,2025-01-23,601778,晶科科技,0.023267686
6167,2025-01-27,300014,亿纬锂能,0.023264796
6168,2025-01-27,29,深深房Ａ,0.023263514
6169,2025-01-27,600121,郑州煤电,0.023263216
6170,2025-01-24,603679,华体科技,0.023261487
6171,2025-01-24,2405,四维图新,0.02324678
6172,2025-01-27,32,深桑达Ａ,0.023245886
6173,2025-01-23,1269,欧晶科技,0.023242235
6174,2025-01-27,603045,福达合金,0.023237616
6175,2025-01-24,688721,龙图光罩,0.023235664
6176,2025-01-24,300134,大富科技,0.023234263
6177,2025-01-24,301075,多瑞医药,0.02323392
6178,2025-01-24,2672,东江环保,0.023230806
6179,2025-01-24,2440,闰土股份,0.023226455
6180,2025-01-27,2643,万润股份,0.023224458
6181,2025-01-23,571,新大洲A,0.023219317
6182,2025-01-27,301589,诺瓦星云,0.023216695
6183,2025-01-23,300405,科隆股份,0.023214236
6184,2025-01-27,603708,家家悦,0.023210749
6185,2025-01-24,600419,天润乳业,0.02320829
6186,2025-01-24,603016,新宏泰,0.023207024
6187,2025-01-27,2607,中公教育,0.023203522
6188,2025-01-27,688238,和元生物,0.023202732
6189,2025-01-23,603936,博敏电子,0.023197547
6190,2025-01-24,688279,峰岹科技,0.023197189
6191,2025-01-24,2966,苏州银行,0.023197144
6192,2025-01-27,600958,东方证券,0.023193419
6193,2025-01-24,300353,东土科技,0.023185402
6194,2025-01-27,301322,绿通科技,0.023183644
6195,2025-01-24,603877,太平鸟,0.023180038
6196,2025-01-24,301176,逸豪新材,0.023177564
6197,2025-01-24,701,厦门信达,0.02317679
6198,2025-01-23,300328,宜安科技,0.02317369
6199,2025-01-24,301102,兆讯传媒,0.023172036
6200,2025-01-24,300434,金石亚药,0.023170114
6201,2025-01-23,601698,中国卫通,0.023169428
6202,2025-01-23,601890,亚星锚链,0.023168772
6203,2025-01-24,301155,海力风电,0.023167893
6204,2025-01-23,2241,歌尔股份,0.023165807
6205,2025-01-23,600748,上实发展,0.023162812
6206,2025-01-24,601001,晋控煤业,0.023158252
6207,2025-01-23,301558,三态股份,0.02315639
6208,2025-01-23,2460,赣锋锂业,0.023153782
6209,2025-01-27,300140,节能环境,0.0231449
6210,2025-01-24,300886,华业香料,0.023144677
6211,2025-01-27,300831,派瑞股份,0.023144558
6212,2025-01-27,300422,博世科,0.023142666
6213,2025-01-22,300065,海兰信,0.023137063
6214,2025-01-24,300599,雄塑科技,0.023137048
6215,2025-01-24,600276,恒瑞医药,0.023136899
6216,2025-01-24,524,岭南控股,0.023133218
6217,2025-01-24,600619,海立股份,0.023129076
6218,2025-01-27,300018,中元股份,0.02312018
6219,2025-01-24,2541,鸿路钢构,0.02311802
6220,2025-01-24,688387,信科移动-U,0.023113698
6221,2025-01-27,600366,宁波韵升,0.023110852
6222,2025-01-23,600973,宝胜股份,0.023104697
6223,2025-01-27,2537,海联金汇,0.0231044
6224,2025-01-23,688368,晶丰明源,0.023103029
6225,2025-01-23,300369,绿盟科技,0.023099363
6226,2025-01-23,2138,顺络电子,0.02309589
6227,2025-01-24,300485,赛升药业,0.023093417
6228,2025-01-24,603997,继峰股份,0.023091406
6229,2025-01-27,603324,盛剑科技,0.023090959
6230,2025-01-23,600702,舍得酒业,0.02309081
6231,2025-01-24,301333,诺思格,0.023085713
6232,2025-01-24,600316,洪都航空,0.023075119
6233,2025-01-23,688779,五矿新能,0.023072883
6234,2025-01-24,2792,通宇通讯,0.023072422
6235,2025-01-27,2668,TCL智家,0.023069441
6236,2025-01-23,300684,中石科技,0.023068145
6237,2025-01-24,301188,力诺药包,0.023066878
6238,2025-01-23,300998,宁波方正,0.02306217
6239,2025-01-27,688247,宣泰医药,0.02305977
6240,2025-01-27,300885,海昌新材,0.023051187
6241,2025-01-27,886,海南高速,0.023050413
6242,2025-01-27,603699,纽威股份,0.0230501
6243,2025-01-24,600679,上海凤凰,0.02304706
6244,2025-01-23,600642,申能股份,0.0230411
6245,2025-01-24,603026,石大胜华,0.023038521
6246,2025-01-23,301536,星宸科技,0.023036763
6247,2025-01-23,300434,金石亚药,0.0230356
6248,2025-01-27,605296,神农集团,0.023030505
6249,2025-01-27,605028,世茂能源,0.023029849
6250,2025-01-27,600561,江西长运,0.023029476
6251,2025-01-27,600738,丽尚国潮,0.023027793
6252,2025-01-23,600828,茂业商业,0.023027658
6253,2025-01-23,688584,上海合晶,0.02301918
6254,2025-01-24,301587,中瑞股份,0.023017317
6255,2025-01-24,300111,向日葵,0.023016974
6256,2025-01-24,300132,青松股份,0.02301237
6257,2025-01-24,300631,久吾高科,0.023001447
6258,2025-01-27,688088,虹软科技,0.022998348
6259,2025-01-24,688568,中科星图,0.022996247
6260,2025-01-24,688060,云涌科技,0.022989959
6261,2025-01-23,600686,金龙汽车,0.022984102
6262,2025-01-27,626,远大控股,0.02298206
6263,2025-01-23,600383,金地集团,0.022981822
6264,2025-01-24,2248,华东数控,0.022974089
6265,2025-01-24,688525,佰维存储,0.022968143
6266,2025-01-23,300855,图南股份,0.022962987
6267,2025-01-24,600969,郴电国际,0.022947267
6268,2025-01-27,300111,向日葵,0.022942618
6269,2025-01-27,718,苏宁环球,0.022936255
6270,2025-01-24,600376,首开股份,0.022931427
6271,2025-01-27,603580,艾艾精工,0.022930622
6272,2025-01-27,603219,富佳股份,0.022930354
6273,2025-01-24,688182,灿勤科技,0.022925049
6274,2025-01-23,688306,均普智能,0.022923648
6275,2025-01-27,300369,绿盟科技,0.022921726
6276,2025-01-24,300955,嘉亨家化,0.0229159
6277,2025-01-24,530,冰山冷热,0.022913978
6278,2025-01-24,2,万  科Ａ,0.022911116
6279,2025-01-24,2906,华阳集团,0.022907242
6280,2025-01-27,300575,中旗股份,0.022905365
6281,2025-01-24,603399,永杉锂业,0.022902891
6282,2025-01-24,600841,动力新科,0.02290149
6283,2025-01-24,603297,永新光学,0.022894517
6284,2025-01-27,967,盈峰环境,0.022888795
6285,2025-01-24,1339,智微智能,0.022888258
6286,2025-01-24,603018,华设集团,0.022887588
6287,2025-01-27,605208,永茂泰,0.02288559
6288,2025-01-24,688679,通源环境,0.02288194
6289,2025-01-23,300352,北信源,0.022870585
6290,2025-01-24,603366,日出东方,0.02286686
6291,2025-01-27,600326,西藏天路,0.022865102
6292,2025-01-24,300289,利德曼,0.022864312
6293,2025-01-27,601788,光大证券,0.022862375
6294,2025-01-23,300776,帝尔激光,0.02285783
6295,2025-01-27,688376,美埃科技,0.022853613
6296,2025-01-23,300990,同飞股份,0.02284345
6297,2025-01-23,2549,凯美特气,0.022839382
6298,2025-01-23,688255,凯尔达,0.022838399
6299,2025-01-27,1215,千味央厨,0.02283281
6300,2025-01-23,600839,四川长虹,0.022829935
6301,2025-01-23,603916,苏博特,0.022828907
6302,2025-01-23,2622,皓宸医疗,0.022824958
6303,2025-01-23,688562,航天软件,0.02281648
6304,2025-01-27,601111,中国国航,0.02281642
6305,2025-01-23,600865,百大集团,0.02281101
6306,2025-01-27,600522,中天科技,0.022807375
6307,2025-01-24,2731,萃华珠宝,0.022798464
6308,2025-01-23,2198,嘉应制药,0.02279672
6309,2025-01-24,300274,阳光电源,0.022796094
6310,2025-01-23,300350,华鹏飞,0.02279137
6311,2025-01-24,829,天音控股,0.022791177
6312,2025-01-24,600792,云煤能源,0.022786975
6313,2025-01-23,2755,奥赛康,0.022777066
6314,2025-01-23,2031,巨轮智能,0.022776604
6315,2025-01-24,415,渤海租赁,0.022771299
6316,2025-01-24,300082,奥克股份,0.022770792
6317,2025-01-27,688793,倍轻松,0.022769406
6318,2025-01-24,2129,TCL中环,0.022767738
6319,2025-01-23,600538,国发股份,0.022762612
6320,2025-01-27,300005,探路者,0.022759259
6321,2025-01-23,603727,博迈科,0.022755131
6322,2025-01-23,300311,任子行,0.02275218
6323,2025-01-27,600157,永泰能源,0.022752017
6324,2025-01-27,600728,佳都科技,0.022743538
6325,2025-01-23,688799,华纳药厂,0.022742957
6326,2025-01-23,301383,天键股份,0.022735119
6327,2025-01-23,600012,皖通高速,0.022730574
6328,2025-01-23,2431,棕榈股份,0.022723913
6329,2025-01-23,801,四川九洲,0.02272202
6330,2025-01-24,300603,立昂技术,0.022720873
6331,2025-01-23,2093,国脉科技,0.022720113
6332,2025-01-23,2689,远大智能,0.02271925
6333,2025-01-27,2138,顺络电子,0.022716746
6334,2025-01-27,605399,晨光新材,0.022714242
6335,2025-01-27,2792,通宇通讯,0.022711828
6336,2025-01-27,605580,恒盛能源,0.022711083
6337,2025-01-24,600067,冠城新材,0.022710428
6338,2025-01-24,688612,威迈斯,0.022702828
6339,2025-01-27,300777,中简科技,0.022702813
6340,2025-01-24,600919,江苏银行,0.022692412
6341,2025-01-27,600765,中航重机,0.02269113
6342,2025-01-27,301237,和顺科技,0.022690997
6343,2025-01-23,600983,惠而浦,0.02268885
6344,2025-01-23,301113,雅艺科技,0.022687107
6345,2025-01-27,688309,恒誉环保,0.022687078
6346,2025-01-27,2090,金智科技,0.02268584
6347,2025-01-24,2648,卫星化学,0.022680238
6348,2025-01-23,300011,鼎汉技术,0.022674263
6349,2025-01-27,603956,威派格,0.022672862
6350,2025-01-27,605258,协和电子,0.022669464
6351,2025-01-24,948,南天信息,0.022667944
6352,2025-01-24,600455,博通股份,0.022665381
6353,2025-01-24,688238,和元生物,0.022661805
6354,2025-01-24,2483,润邦股份,0.022653833
6355,2025-01-27,301378,通达海,0.022651464
6356,2025-01-27,603061,金海通,0.022649512
6357,2025-01-24,300736,百邦科技,0.022649303
6358,2025-01-27,2019,亿帆医药,0.022641063
6359,2025-01-23,601828,美凯龙,0.022640616
6360,2025-01-24,300735,光弘科技,0.022638664
6361,2025-01-23,600340,华夏幸福,0.0226378
6362,2025-01-24,600748,上实发展,0.022632763
6363,2025-01-27,300611,美力科技,0.02263254
6364,2025-01-24,688386,泛亚微透,0.022630036
6365,2025-01-23,603399,永杉锂业,0.022629336
6366,2025-01-23,78,海王生物,0.022625476
6367,2025-01-24,605266,健之佳,0.022624627
6368,2025-01-24,600021,上海电力,0.022616223
6369,2025-01-24,2126,银轮股份,0.022612289
6370,2025-01-24,301078,孩子王,0.022607312
6371,2025-01-23,603655,朗博科技,0.02260679
6372,2025-01-23,601010,文峰股份,0.022601083
6373,2025-01-27,2548,金新农,0.022599027
6374,2025-01-27,301391,卡莱特,0.022598162
6375,2025-01-27,2845,同兴达,0.022597268
6376,2025-01-23,605122,四方新材,0.02259463
6377,2025-01-27,688006,杭可科技,0.022592515
6378,2025-01-24,300150,世纪瑞尔,0.022592306
6379,2025-01-24,600635,大众公用,0.022590712
6380,2025-01-23,688195,腾景科技,0.022584572
6381,2025-01-27,688069,德林海,0.022582948
6382,2025-01-27,600739,辽宁成大,0.022580713
6383,2025-01-24,300530,领湃科技,0.022577599
6384,2025-01-23,300904,威力传动,0.022573724
6385,2025-01-24,603707,健友股份,0.022572085
6386,2025-01-24,2926,华西证券,0.022571832
6387,2025-01-24,2166,莱茵生物,0.022568643
6388,2025-01-27,688690,纳微科技,0.022567198
6389,2025-01-27,300214,日科化学,0.022566736
6390,2025-01-24,688375,国博电子,0.02256617
6391,2025-01-24,605319,无锡振华,0.022563338
6392,2025-01-23,639,西王食品,0.022562727
6393,2025-01-24,301130,西点药业,0.022562668
6394,2025-01-24,2302,西部建设,0.0225607
6395,2025-01-23,300711,广哈通信,0.022559315
6396,2025-01-23,2413,雷科防务,0.022556618
6397,2025-01-27,2922,伊戈尔,0.022553533
6398,2025-01-23,423,东阿阿胶,0.02255255
6399,2025-01-24,953,河化股份,0.02255115
6400,2025-01-27,2679,福建金森,0.022543803
6401,2025-01-24,600641,万业企业,0.022543684
6402,2025-01-23,2559,亚威股份,0.022540867
6403,2025-01-23,2495,佳隆股份,0.022532031
6404,2025-01-24,688548,广钢气体,0.022531852
6405,2025-01-27,301060,兰卫医学,0.02253063
6406,2025-01-24,2165,红 宝 丽,0.022530213
6407,2025-01-24,688197,首药控股-U,0.022529319
6408,2025-01-24,639,西王食品,0.022527441
6409,2025-01-27,688160,步科股份,0.022526458
6410,2025-01-24,2497,雅化集团,0.022524029
6411,2025-01-23,605598,上海港湾,0.022519797
6412,2025-01-24,2531,天顺风能,0.02251701
6413,2025-01-23,600775,南京熊猫,0.022513583
6414,2025-01-24,605300,佳禾食品,0.022507668
6415,2025-01-27,601969,海南矿业,0.022504315
6416,2025-01-27,688171,纬德信息,0.022499576
6417,2025-01-23,300412,迦南科技,0.022499323
6418,2025-01-27,688366,昊海生科,0.022494286
6419,2025-01-27,688018,乐鑫科技,0.022493616
6420,2025-01-23,603903,中持股份,0.022493273
6421,2025-01-24,1300,三柏硕,0.022491544
6422,2025-01-24,688557,兰剑智能,0.022490844
6423,2025-01-23,688072,拓荆科技,0.022481382
6424,2025-01-23,605366,宏柏新材,0.022479534
6425,2025-01-27,605056,咸亨国际,0.022477657
6426,2025-01-23,603032,德新科技,0.022475049
6427,2025-01-24,2908,德生科技,0.022469938
6428,2025-01-27,2919,名臣健康,0.022468597
6429,2025-01-24,688575,亚辉龙,0.022463724
6430,2025-01-27,688070,纵横股份,0.022463262
6431,2025-01-24,600705,中航产融,0.022457555
6432,2025-01-27,600268,国电南自,0.022449076
6433,2025-01-23,301391,卡莱特,0.022447199
6434,2025-01-23,688611,杭州柯林,0.022438481
6435,2025-01-24,2709,天赐材料,0.02243781
6436,2025-01-24,300657,弘信电子,0.022436991
6437,2025-01-27,600403,大有能源,0.022436634
6438,2025-01-27,2326,永太科技,0.022436276
6439,2025-01-23,3010,若羽臣,0.022434399
6440,2025-01-24,2085,万丰奥威,0.022433579
6441,2025-01-27,2939,长城证券,0.022429377
6442,2025-01-23,601908,京运通,0.022428647
6443,2025-01-24,688192,迪哲医药-U,0.022426203
6444,2025-01-24,603927,中科软,0.022423998
6445,2025-01-24,301227,森鹰窗业,0.022422552
6446,2025-01-27,2976,瑞玛精密,0.022416517
6447,2025-01-24,55,方大集团,0.0224123
6448,2025-01-23,300210,森远股份,0.022411361
6449,2025-01-23,688499,利元亨,0.02241078
6450,2025-01-24,605389,长龄液压,0.022409037
6451,2025-01-27,688678,福立旺,0.022407934
6452,2025-01-23,300654,世纪天鸿,0.022405937
6453,2025-01-23,300287,飞利信,0.022401497
6454,2025-01-27,600515,海南机场,0.022395283
6455,2025-01-23,2698,博实股份,0.022393107
6456,2025-01-23,300669,沪宁股份,0.022387996
6457,2025-01-24,603683,晶华新材,0.022384927
6458,2025-01-23,2277,友阿股份,0.022384882
6459,2025-01-24,600078,澄星股份,0.022383988
6460,2025-01-23,688496,清越科技,0.022373646
6461,2025-01-23,688616,西力科技,0.022371307
6462,2025-01-24,2857,三晖电气,0.022371218
6463,2025-01-23,688253,英诺特,0.022366196
6464,2025-01-24,600272,开开实业,0.022365838
6465,2025-01-24,600216,浙江医药,0.022365496
6466,2025-01-27,601068,中铝国际,0.022359356
6467,2025-01-27,2908,德生科技,0.022356883
6468,2025-01-23,300461,田中精机,0.022356436
6469,2025-01-27,2161,远 望 谷,0.022356033
6470,2025-01-23,600257,大湖股份,0.022344679
6471,2025-01-23,300969,恒帅股份,0.0223414
6472,2025-01-27,2573,清新环境,0.022338927
6473,2025-01-23,301586,佳力奇,0.022336915
6474,2025-01-23,688309,恒誉环保,0.022336885
6475,2025-01-24,600379,宝光股份,0.022334963
6476,2025-01-24,688028,沃尔德,0.022333652
6477,2025-01-24,605001,威奥股份,0.022322223
6478,2025-01-24,603212,赛伍技术,0.022318333
6479,2025-01-24,600266,城建发展,0.02231726
6480,2025-01-23,688022,瀚川智能,0.022316247
6481,2025-01-23,2196,方正电机,0.02231589
6482,2025-01-24,757,浩物股份,0.022313297
6483,2025-01-24,300512,中亚股份,0.022311643
6484,2025-01-23,688030,山石网科,0.022310764
6485,2025-01-23,603958,哈森股份,0.022310048
6486,2025-01-23,603329,上海雅仕,0.02230683
6487,2025-01-24,301448,开创电气,0.022304311
6488,2025-01-27,300586,美联新材,0.022301897
6489,2025-01-24,300903,科翔股份,0.022300512
6490,2025-01-27,2957,科瑞技术,0.022300363
6491,2025-01-27,600100,同方股份,0.022300273
6492,2025-01-27,300342,天银机电,0.022298157
6493,2025-01-27,300982,苏文电能,0.022295684
6494,2025-01-27,3026,中晶科技,0.02229166
6495,2025-01-27,301212,联盛化学,0.022290632
6496,2025-01-23,688693,锴威特,0.02228883
6497,2025-01-27,300705,九典制药,0.02228719
6498,2025-01-27,688118,普元信息,0.0222864
6499,2025-01-27,2763,汇洁股份,0.022283927
6500,2025-01-27,300838,浙江力诺,0.02227293
6501,2025-01-24,420,吉林化纤,0.022270396
6502,2025-01-23,603236,移远通信,0.02226387
6503,2025-01-27,301201,诚达药业,0.022260353
6504,2025-01-27,2896,中大力德,0.02225919
6505,2025-01-23,603619,中曼石油,0.022253484
6506,2025-01-24,300287,飞利信,0.022252604
6507,2025-01-27,300227,光韵达,0.022249445
6508,2025-01-23,28,国药一致,0.02224277
6509,2025-01-27,600106,重庆路桥,0.022237629
6510,2025-01-23,688456,有研粉材,0.022234172
6511,2025-01-27,600776,东方通信,0.02222757
6512,2025-01-24,300970,华绿生物,0.022226632
6513,2025-01-27,2561,徐家汇,0.022224694
6514,2025-01-23,600343,航天动力,0.02222392
6515,2025-01-24,2247,聚力文化,0.022222266
6516,2025-01-27,301331,恩威医药,0.022220343
6517,2025-01-23,300150,世纪瑞尔,0.02221696
6518,2025-01-24,600857,宁波中百,0.022214487
6519,2025-01-27,688161,威高骨科,0.022214428
6520,2025-01-23,600963,岳阳林纸,0.022213861
6521,2025-01-27,601375,中原证券,0.022213757
6522,2025-01-27,505,京粮控股,0.022209346
6523,2025-01-27,423,东阿阿胶,0.02218996
6524,2025-01-23,600886,国投电力,0.022189707
6525,2025-01-27,300407,凯发电气,0.02218251
6526,2025-01-23,300621,维业股份,0.022180617
6527,2025-01-24,601992,金隅集团,0.02217476
6528,2025-01-27,300048,合康新能,0.022170663
6529,2025-01-23,600192,长城电工,0.02217038
6530,2025-01-24,300543,朗科智能,0.02216971
6531,2025-01-27,600814,杭州解百,0.022168547
6532,2025-01-27,600055,万东医疗,0.022168338
6533,2025-01-23,688097,博众精工,0.022157773
6534,2025-01-23,300283,温州宏丰,0.022156388
6535,2025-01-24,504,南华生物,0.022153333
6536,2025-01-27,301505,苏州规划,0.022152439
6537,2025-01-24,2271,东方雨虹,0.022151828
6538,2025-01-24,2866,传艺科技,0.022148639
6539,2025-01-27,603833,欧派家居,0.02214837
6540,2025-01-27,20,深华发Ａ,0.022142947
6541,2025-01-27,300749,顶固集创,0.02214086
6542,2025-01-23,600388,龙净环保,0.022133946
6543,2025-01-27,301135,瑞德智能,0.022133261
6544,2025-01-23,301005,超捷股份,0.02213192
6545,2025-01-23,514,渝 开 发,0.022130236
6546,2025-01-24,2568,百润股份,0.022129774
6547,2025-01-23,301066,万事利,0.022126883
6548,2025-01-24,300662,科锐国际,0.02212663
6549,2025-01-27,2107,沃华医药,0.022126287
6550,2025-01-23,300676,华大基因,0.022125617
6551,2025-01-24,600415,小商品城,0.022123158
6552,2025-01-24,2156,通富微电,0.02211988
6553,2025-01-23,601012,隆基绿能,0.022118568
6554,2025-01-23,688375,国博电子,0.022117928
6555,2025-01-24,688468,科美诊断,0.022115424
6556,2025-01-24,300238,冠昊生物,0.022110254
6557,2025-01-24,300184,力源信息,0.022105008
6558,2025-01-23,300190,维尔利,0.02210255
6559,2025-01-24,1228,永泰运,0.022102505
6560,2025-01-23,300737,科顺股份,0.022102207
6561,2025-01-27,601020,华钰矿业,0.022099063
6562,2025-01-27,2185,华天科技,0.02209419
6563,2025-01-27,2590,万安科技,0.02209349
6564,2025-01-23,688559,海目星,0.022086114
6565,2025-01-23,2240,盛新锂能,0.022083238
6566,2025-01-24,601857,中国石油,0.022079334
6567,2025-01-27,688472,阿特斯,0.022078782
6568,2025-01-24,798,中水渔业,0.022075817
6569,2025-01-23,688567,孚能科技,0.022072867
6570,2025-01-23,2927,泰永长征,0.022067636
6571,2025-01-27,603610,麒盛科技,0.022067606
6572,2025-01-27,688389,普门科技,0.022063568
6573,2025-01-24,2127,南极电商,0.022063047
6574,2025-01-23,600728,佳都科技,0.022059783
6575,2025-01-27,603619,中曼石油,0.022056028
6576,2025-01-27,300207,欣旺达,0.022050932
6577,2025-01-27,2779,中坚科技,0.022050425
6578,2025-01-24,2073,软控股份,0.022050127
6579,2025-01-23,2402,和而泰,0.022050112
6580,2025-01-24,852,石化机械,0.022049665
6581,2025-01-24,428,华天酒店,0.022045821
6582,2025-01-24,727,冠捷科技,0.022045508
6583,2025-01-23,301118,恒光股份,0.022044957
6584,2025-01-27,402,金 融 街,0.022040367
6585,2025-01-27,300004,南风股份,0.022038788
6586,2025-01-27,688403,汇成股份,0.022038192
6587,2025-01-27,688177,百奥泰,0.022038177
6588,2025-01-27,301256,华融化学,0.022035807
6589,2025-01-24,2357,富临运业,0.022034302
6590,2025-01-24,603983,丸美生物,0.022032678
6591,2025-01-23,601137,博威合金,0.022026762
6592,2025-01-27,603088,宁波精达,0.022025496
6593,2025-01-23,688152,麒麟信安,0.022014678
6594,2025-01-27,911,广农糖业,0.022006378
6595,2025-01-24,688298,东方生物,0.022002578
6596,2025-01-23,301096,百诚医药,0.02199842
6597,2025-01-27,688777,中控技术,0.021998301
6598,2025-01-23,600803,新奥股份,0.02199781
6599,2025-01-24,600579,中化装备,0.021995887
6600,2025-01-23,301060,兰卫医学,0.021995738
6601,2025-01-27,300880,迦南智能,0.021994412
6602,2025-01-24,862,银星能源,0.021989658
6603,2025-01-27,600103,青山纸业,0.02198945
6604,2025-01-24,600738,丽尚国潮,0.021989137
6605,2025-01-27,600346,恒力石化,0.021988362
6606,2025-01-23,2585,双星新材,0.021982983
6607,2025-01-24,2020,京新药业,0.021976858
6608,2025-01-24,688181,八亿时空,0.021973923
6609,2025-01-23,2856,美芝股份,0.021967188
6610,2025-01-23,600071,凤凰光学,0.021966398
6611,2025-01-23,600126,杭钢股份,0.02196014
6612,2025-01-27,852,石化机械,0.02195695
6613,2025-01-27,2703,浙江世宝,0.021954998
6614,2025-01-27,600173,卧龙地产,0.021952435
6615,2025-01-27,3002,壶化股份,0.021951139
6616,2025-01-27,605369,拱东医疗,0.021949887
6617,2025-01-23,300523,辰安科技,0.021945074
6618,2025-01-23,2390,信邦制药,0.021940753
6619,2025-01-24,28,国药一致,0.021938637
6620,2025-01-27,600900,长江电力,0.021933347
6621,2025-01-24,2066,瑞泰科技,0.021932483
6622,2025-01-23,688302,海创药业-U,0.021929726
6623,2025-01-27,970,中科三环,0.021928713
6624,2025-01-27,600082,海泰发展,0.021924019
6625,2025-01-27,2198,嘉应制药,0.021921784
6626,2025-01-23,603929,亚翔集成,0.021912083
6627,2025-01-27,2942,新农股份,0.02191025
6628,2025-01-27,2722,物产金轮,0.021901846
6629,2025-01-24,688212,澳华内镜,0.021896109
6630,2025-01-27,2469,三维化学,0.021894455
6631,2025-01-24,301113,雅艺科技,0.021883413
6632,2025-01-23,300587,天铁科技,0.021882847
6633,2025-01-27,688163,赛伦生物,0.021875814
6634,2025-01-27,926,福星股份,0.02187398
6635,2025-01-27,301355,南王科技,0.02186896
6636,2025-01-23,600266,城建发展,0.02186872
6637,2025-01-23,2978,安宁股份,0.021866247
6638,2025-01-23,300247,融捷健康,0.021866098
6639,2025-01-27,688020,方邦股份,0.021853745
6640,2025-01-24,596,古井贡酒,0.021850929
6641,2025-01-24,688359,三孚新科,0.021849707
6642,2025-01-13,972,中基健康,0.021842957
6643,2025-01-24,600491,龙元建设,0.021842942
6644,2025-01-23,601111,中国国航,0.021841556
6645,2025-01-24,419,通程控股,0.02183573
6646,2025-01-27,301233,盛帮股份,0.021835178
6647,2025-01-23,603878,武进不锈,0.021834642
6648,2025-01-24,2581,未名医药,0.021832362
6649,2025-01-27,600061,国投资本,0.02183184
6650,2025-01-23,810,创维数字,0.021831736
6651,2025-01-23,519,中兵红箭,0.021830752
6652,2025-01-27,688516,奥特维,0.021821931
6653,2025-01-23,534,万泽股份,0.021816194
6654,2025-01-23,600611,大众交通,0.021811575
6655,2025-01-24,300786,国林科技,0.021806821
6656,2025-01-24,300369,绿盟科技,0.021806777
6657,2025-01-23,1696,宗申动力,0.021806225
6658,2025-01-27,2174,游族网络,0.021801233
6659,2025-01-27,600325,华发股份,0.021800488
6660,2025-01-24,300315,掌趣科技,0.021797955
6661,2025-01-23,988,华工科技,0.021795854
6662,2025-01-23,555,神州信息,0.021793917
6663,2025-01-23,977,浪潮信息,0.021790385
6664,2025-01-27,2966,苏州银行,0.021789655
6665,2025-01-24,301611,珂玛科技,0.021787077
6666,2025-01-23,300223,北京君正,0.021780655
6667,2025-01-24,850,华茂股份,0.021777928
6668,2025-01-27,688557,兰剑智能,0.021775886
6669,2025-01-24,2797,第一创业,0.021771833
6670,2025-01-23,2035,华帝股份,0.02177076
6671,2025-01-27,603577,汇金通,0.021766752
6672,2025-01-23,2534,西子洁能,0.021766424
6673,2025-01-27,600683,京投发展,0.021765083
6674,2025-01-27,300955,嘉亨家化,0.021757051
6675,2025-01-23,2103,广博股份,0.021753252
6676,2025-01-23,603160,汇顶科技,0.021752343
6677,2025-01-27,2194,武汉凡谷,0.02174759
6678,2025-01-24,300629,新劲刚,0.021735609
6679,2025-01-23,600735,新华锦,0.021729171
6680,2025-01-24,600498,烽火通信,0.02172479
6681,2025-01-27,300462,华铭智能,0.021724671
6682,2025-01-27,603205,健尔康,0.021723703
6683,2025-01-27,688419,耐科装备,0.021723643
6684,2025-01-27,603385,惠达卫浴,0.021722868
6685,2025-01-24,605122,四方新材,0.021721467
6686,2025-01-24,600611,大众交通,0.021717727
6687,2025-01-27,300724,捷佳伟创,0.021714687
6688,2025-01-23,925,众合科技,0.021714285
6689,2025-01-24,2551,尚荣医疗,0.021709472
6690,2025-01-24,603118,共进股份,0.0217022
6691,2025-01-27,603787,新日股份,0.021701738
6692,2025-01-23,603379,三美股份,0.021697983
6693,2025-01-27,603618,杭电股份,0.021697402
6694,2025-01-23,1979,招商蛇口,0.021694422
6695,2025-01-24,600099,林海股份,0.021691993
6696,2025-01-24,2178,延华智能,0.021690339
6697,2025-01-27,2451,摩恩电气,0.021688074
6698,2025-01-24,688009,中国通号,0.021675646
6699,2025-01-23,2786,银宝山新,0.021675617
6700,2025-01-23,2933,新兴装备,0.021675482
6701,2025-01-23,605028,世茂能源,0.021674931
6702,2025-01-27,603630,拉芳家化,0.021674737
6703,2025-01-23,600879,航天电子,0.021671638
6704,2025-01-23,603268,松发股份,0.021670163
6705,2025-01-23,300363,博腾股份,0.021668226
6706,2025-01-23,2787,华源控股,0.021666557
6707,2025-01-27,975,山金国际,0.021662608
6708,2025-01-24,688356,键凯科技,0.021656781
6709,2025-01-24,688176,亚虹医药-U,0.021651939
6710,2025-01-27,601279,英利汽车,0.021650955
6711,2025-01-27,300320,海达股份,0.021646142
6712,2025-01-24,301489,思泉新材,0.021643355
6713,2025-01-27,688575,亚辉龙,0.021641076
6714,2025-01-23,688076,诺泰生物,0.021640733
6715,2025-01-27,603578,三星新材,0.02163975
6716,2025-01-27,688606,奥泰生物,0.021639168
6717,2025-01-27,2646,天佑德酒,0.021629632
6718,2025-01-24,603858,步长制药,0.021628678
6719,2025-01-27,1210,金房能源,0.02162841
6720,2025-01-24,300045,华力创通,0.021626934
6721,2025-01-27,881,中广核技,0.021624625
6722,2025-01-27,601066,中信建投,0.021622106
6723,2025-01-23,1268,联合精密,0.021620214
6724,2025-01-24,688310,迈得医疗,0.021620154
6725,2025-01-27,1896,豫能控股,0.02161774
6726,2025-01-23,300450,先导智能,0.02161397
6727,2025-01-27,933,神火股份,0.021606162
6728,2025-01-24,14,沙河股份,0.021605343
6729,2025-01-27,603378,亚士创能,0.021604612
6730,2025-01-23,300469,信息发展,0.021599725
6731,2025-01-27,2728,特一药业,0.021596164
6732,2025-01-23,603626,科森科技,0.021593973
6733,2025-01-27,603520,司太立,0.021593496
6734,2025-01-23,786,北新建材,0.021589994
6735,2025-01-23,2837,英维克,0.021588966
6736,2025-01-27,2559,亚威股份,0.021583527
6737,2025-01-24,688458,美芯晟,0.021579042
6738,2025-01-23,1314,亿道信息,0.021570027
6739,2025-01-27,2996,顺博合金,0.021568373
6740,2025-01-24,571,新大洲A,0.021568105
6741,2025-01-24,600308,华泰股份,0.021567449
6742,2025-01-24,300729,乐歌股份,0.02155964
6743,2025-01-27,688382,益方生物-U,0.021559134
6744,2025-01-27,300226,上海钢联,0.021555707
6745,2025-01-24,600796,钱江生化,0.021543846
6746,2025-01-24,688321,微芯生物,0.021540284
6747,2025-01-27,300545,联得装备,0.021534503
6748,2025-01-23,2664,信质集团,0.021532774
6749,2025-01-23,688316,青云科技-U,0.021530166
6750,2025-01-23,981,山子高科,0.021528795
6751,2025-01-23,688695,中创股份,0.021526724
6752,2025-01-23,688331,荣昌生物,0.021519095
6753,2025-01-23,301611,珂玛科技,0.021513
6754,2025-01-27,300327,中颖电子,0.021511644
6755,2025-01-27,605111,新洁能,0.02150996
6756,2025-01-23,2426,胜利精密,0.02150914
6757,2025-01-27,603677,奇精机械,0.021503344
6758,2025-01-27,2535,林州重机,0.021500185
6759,2025-01-23,600032,浙江新能,0.021499813
6760,2025-01-27,300916,朗特智能,0.02149944
6761,2025-01-24,300759,康龙化成,0.02149807
6762,2025-01-23,688168,安博通,0.021496832
6763,2025-01-27,603069,海汽集团,0.021492735
6764,2025-01-23,603318,水发燃气,0.021489501
6765,2025-01-24,688389,普门科技,0.021462247
6766,2025-01-27,603939,益丰药房,0.021459833
6767,2025-01-23,2445,中南文化,0.02145812
6768,2025-01-23,603158,腾龙股份,0.021457583
6769,2025-01-27,300970,华绿生物,0.02145502
6770,2025-01-23,2855,捷荣技术,0.021450296
6771,2025-01-24,2802,洪汇新材,0.021447912
6772,2025-01-24,768,中航西飞,0.02144526
6773,2025-01-24,2281,光迅科技,0.021444947
6774,2025-01-27,301050,雷电微力,0.021439895
6775,2025-01-27,603931,格林达,0.021435559
6776,2025-01-27,600226,亨通股份,0.021434665
6777,2025-01-27,600118,中国卫星,0.021428004
6778,2025-01-23,603288,海天味业,0.021426648
6779,2025-01-23,600336,澳柯玛,0.021410614
6780,2025-01-23,603341,龙旗科技,0.021408454
6781,2025-01-24,58,深 赛 格,0.021404192
6782,2025-01-23,2044,美年健康,0.021404162
6783,2025-01-23,2975,博杰股份,0.021397531
6784,2025-01-27,688396,华润微,0.02139631
6785,2025-01-27,300433,蓝思科技,0.021391556
6786,2025-01-23,300649,杭州园林,0.02139096
6787,2025-01-24,300745,欣锐科技,0.02138269
6788,2025-01-23,300605,恒锋信息,0.021382362
6789,2025-01-24,707,双环科技,0.02138047
6790,2025-01-24,600716,凤凰股份,0.021378413
6791,2025-01-24,603238,诺邦股份,0.021377638
6792,2025-01-27,300759,康龙化成,0.021377504
6793,2025-01-23,688018,乐鑫科技,0.021376938
6794,2025-01-23,601127,赛力斯,0.021375492
6795,2025-01-27,2977,天箭科技,0.02137521
6796,2025-01-24,688496,清越科技,0.02137205
6797,2025-01-24,603395,红四方,0.021371454
6798,2025-01-23,601865,福莱特,0.021368995
6799,2025-01-23,600855,航天长峰,0.021367267
6800,2025-01-23,2440,闰土股份,0.021362305
6801,2025-01-24,546,金圆股份,0.021361738
6802,2025-01-23,300191,潜能恒信,0.02136074
6803,2025-01-24,605377,华旺科技,0.021356687
6804,2025-01-23,300221,银禧科技,0.021351084
6805,2025-01-27,301515,港通医疗,0.021350771
6806,2025-01-23,300619,金银河,0.021350428
6807,2025-01-23,50,深天马Ａ,0.021348014
6808,2025-01-27,300120,经纬辉开,0.02134557
6809,2025-01-24,603912,佳力图,0.021344751
6810,2025-01-23,600115,中国东航,0.021342903
6811,2025-01-24,600371,万向德农,0.021341473
6812,2025-01-23,2527,新时达,0.021337003
6813,2025-01-24,688657,浩辰软件,0.021328762
6814,2025-01-27,767,晋控电力,0.021327019
6815,2025-01-23,601233,桐昆股份,0.021324813
6816,2025-01-27,301108,洁雅股份,0.021324381
6817,2025-01-23,2565,顺灏股份,0.021319702
6818,2025-01-23,2716,湖南白银,0.021311387
6819,2025-01-27,603303,得邦照明,0.021310285
6820,2025-01-27,300929,华骐环保,0.021303013
6821,2025-01-23,2966,苏州银行,0.02130121
6822,2025-01-24,301258,富士莱,0.021293655
6823,2025-01-27,600866,星湖科技,0.02129209
6824,2025-01-27,301358,湖南裕能,0.021290362
6825,2025-01-27,603188,亚邦股份,0.021277785
6826,2025-01-23,603395,红四方,0.02127546
6827,2025-01-23,300354,东华测试,0.021275014
6828,2025-01-24,2512,达华智能,0.021274328
6829,2025-01-24,688163,赛伦生物,0.021266267
6830,2025-01-27,2676,顺威股份,0.02126345
6831,2025-01-23,688523,航天环宇,0.021262586
6832,2025-01-27,603208,江山欧派,0.021260142
6833,2025-01-23,300007,汉威科技,0.02125746
6834,2025-01-27,300993,玉马科技,0.021247953
6835,2025-01-27,301113,雅艺科技,0.021247119
6836,2025-01-23,603505,金石资源,0.021246985
6837,2025-01-27,601377,兴业证券,0.021243319
6838,2025-01-23,2840,华统股份,0.021243095
6839,2025-01-24,301526,国际复材,0.021239981
6840,2025-01-24,601828,美凯龙,0.021236196
6841,2025-01-27,301138,华研精机,0.021233112
6842,2025-01-27,603341,龙旗科技,0.021232828
6843,2025-01-23,600084,中信尼雅,0.021229342
6844,2025-01-27,688395,正弦电气,0.021217227
6845,2025-01-24,1311,多利科技,0.02121438
6846,2025-01-24,2272,川润股份,0.02121067
6847,2025-01-24,543,皖能电力,0.021210149
6848,2025-01-27,300534,陇神戎发,0.021209627
6849,2025-01-24,688096,京源环保,0.021208182
6850,2025-01-24,601599,浙文影业,0.021201178
6851,2025-01-24,600416,湘电股份,0.02120085
6852,2025-01-27,300665,飞鹿股份,0.021199033
6853,2025-01-27,2876,三利谱,0.02119489
6854,2025-01-23,600604,市北高新,0.021194771
6855,2025-01-24,605333,沪光股份,0.021193624
6856,2025-01-23,600501,航天晨光,0.021192968
6857,2025-01-24,600865,百大集团,0.021190688
6858,2025-01-27,300126,锐奇股份,0.02118881
6859,2025-01-24,603227,雪峰科技,0.021188438
6860,2025-01-24,2653,海思科,0.021188363
6861,2025-01-24,300598,诚迈科技,0.021187752
6862,2025-01-27,2344,海宁皮城,0.021186873
6863,2025-01-23,600576,祥源文旅,0.021186277
6864,2025-01-27,688265,南模生物,0.021185964
6865,2025-01-27,600131,国网信通,0.021184653
6866,2025-01-27,300729,乐歌股份,0.021183714
6867,2025-01-23,2397,梦洁股份,0.021180674
6868,2025-01-24,605488,福莱新材,0.02117899
6869,2025-01-24,300073,当升科技,0.021176398
6870,2025-01-27,601699,潞安环能,0.02117318
6871,2025-01-23,300145,中金环境,0.021163002
6872,2025-01-27,300642,透景生命,0.021160081
6873,2025-01-27,603727,博迈科,0.021152526
6874,2025-01-24,1211,双枪科技,0.021150053
6875,2025-01-27,603909,建发合诚,0.02114956
6876,2025-01-23,603918,金桥信息,0.02114904
6877,2025-01-24,2971,和远气体,0.021148577
6878,2025-01-24,603222,济民健康,0.021145016
6879,2025-01-23,301070,开勒股份,0.021137789
6880,2025-01-23,2995,天地在线,0.02113682
6881,2025-01-23,603099,长白山,0.021136567
6882,2025-01-23,603036,如通股份,0.021128744
6883,2025-01-27,2591,恒大高新,0.021122202
6884,2025-01-27,600821,金开新能,0.02111663
6885,2025-01-27,600853,龙建股份,0.021108732
6886,2025-01-23,600470,六国化工,0.021103159
6887,2025-01-24,600366,宁波韵升,0.02109003
6888,2025-01-27,603798,康普顿,0.021086961
6889,2025-01-23,301198,喜悦智行,0.02108632
6890,2025-01-23,605266,健之佳,0.021085545
6891,2025-01-23,2813,路畅科技,0.021075413
6892,2025-01-24,2963,豪尔赛,0.02106671
6893,2025-01-27,600088,中视传媒,0.021066383
6894,2025-01-23,2802,洪汇新材,0.021064937
6895,2025-01-27,600310,广西能源,0.021063313
6896,2025-01-27,688750,金天钛业,0.021053344
6897,2025-01-23,603703,盛洋科技,0.021051452
6898,2025-01-24,901,航天科技,0.02104877
6899,2025-01-23,301108,洁雅股份,0.021044374
6900,2025-01-27,2906,华阳集团,0.021043256
6901,2025-01-23,600058,五矿发展,0.021043062
6902,2025-01-24,2162,悦心健康,0.02104272
6903,2025-01-24,2987,京北方,0.021038815
6904,2025-01-24,688416,恒烁股份,0.021035701
6905,2025-01-27,300181,佐力药业,0.021033436
6906,2025-01-23,2055,得润电子,0.021032274
6907,2025-01-24,301428,世纪恒通,0.02103205
6908,2025-01-23,301068,大地海洋,0.02102895
6909,2025-01-23,688323,瑞华泰,0.021026134
6910,2025-01-24,300689,澄天伟业,0.021022126
6911,2025-01-27,600566,济川药业,0.021021605
6912,2025-01-23,815,美利云,0.021020263
6913,2025-01-24,603110,东方材料,0.021019354
6914,2025-01-24,301603,乔锋智能,0.021019176
6915,2025-01-23,605058,澳弘电子,0.021018922
6916,2025-01-27,688230,芯导科技,0.021014735
6917,2025-01-27,931,中 关 村,0.021014482
6918,2025-01-24,300277,海联讯,0.021014348
6919,2025-01-24,1373,翔腾新材,0.02100639
6920,2025-01-27,300397,天和防务,0.021005496
6921,2025-01-24,300298,三诺生物,0.020996898
6922,2025-01-24,600774,汉商集团,0.020995274
6923,2025-01-23,688425,铁建重工,0.020994365
6924,2025-01-23,688565,力源科技,0.020991564
6925,2025-01-23,300732,设研院,0.020988345
6926,2025-01-27,688233,神工股份,0.020985559
6927,2025-01-24,605369,拱东医疗,0.020985171
6928,2025-01-23,300713,英可瑞,0.020981938
6929,2025-01-23,603833,欧派家居,0.020967215
6930,2025-01-23,688679,通源环境,0.02096422
6931,2025-01-23,300942,易瑞生物,0.020961106
6932,2025-01-27,300463,迈克生物,0.020953327
6933,2025-01-27,600792,云煤能源,0.020949677
6934,2025-01-23,799,酒鬼酒,0.020939186
6935,2025-01-27,301032,新柴股份,0.020938486
6936,2025-01-27,601326,秦港股份,0.02093783
6937,2025-01-27,563,陕国投Ａ,0.020937443
6938,2025-01-23,600439,瑞贝卡,0.020927936
6939,2025-01-24,595,宝塔实业,0.020927653
6940,2025-01-23,300624,万兴科技,0.020923227
6941,2025-01-27,2215,诺 普 信,0.020922601
6942,2025-01-24,970,中科三环,0.020921499
6943,2025-01-23,600318,新力金融,0.020917818
6944,2025-01-23,300675,建科院,0.020908594
6945,2025-01-23,600285,羚锐制药,0.020907044
6946,2025-01-23,2537,海联金汇,0.020906731
6947,2025-01-24,605218,伟时电子,0.020896345
6948,2025-01-24,429,粤高速Ａ,0.020896167
6949,2025-01-24,301237,和顺科技,0.020894974
6950,2025-01-23,301199,迈赫股份,0.020893723
6951,2025-01-24,603198,迎驾贡酒,0.02089277
6952,2025-01-27,301508,中机认检,0.02089122
6953,2025-01-23,2659,凯文教育,0.020890832
6954,2025-01-23,688265,南模生物,0.020887718
6955,2025-01-24,603585,苏利股份,0.020887688
6956,2025-01-24,2472,双环传动,0.020885423
6957,2025-01-24,300601,康泰生物,0.020882696
6958,2025-01-27,1360,南矿集团,0.020878538
6959,2025-01-24,2890,弘宇股份,0.0208769
6960,2025-01-24,300164,通源石油,0.020872235
6961,2025-01-23,688409,富创精密,0.020865232
6962,2025-01-23,2305,南国置业,0.020864934
6963,2025-01-24,601069,西部黄金,0.02086234
6964,2025-01-27,2644,佛慈制药,0.020861343
6965,2025-01-24,300991,创益通,0.020860657
6966,2025-01-23,300260,新莱应材,0.020858169
6967,2025-01-24,300719,安达维尔,0.020857528
6968,2025-01-27,2093,国脉科技,0.020856485
6969,2025-01-27,2172,澳洋健康,0.020854816
6970,2025-01-27,2541,鸿路钢构,0.020853236
6971,2025-01-27,603416,信捷电气,0.02085127
6972,2025-01-23,603077,和邦生物,0.020849645
6973,2025-01-23,301121,紫建电子,0.020848155
6974,2025-01-27,300485,赛升药业,0.020843372
6975,2025-01-24,301336,趣睡科技,0.02084054
6976,2025-01-27,688558,国盛智科,0.020840198
6977,2025-01-23,603213,镇洋发展,0.02083379
6978,2025-01-23,68,华控赛格,0.020833567
6979,2025-01-24,601996,丰林集团,0.020831272
6980,2025-01-27,301290,东星医疗,0.020830393
6981,2025-01-27,603976,正川股份,0.020826519
6982,2025-01-24,2301,齐心集团,0.020824745
6983,2025-01-23,546,金圆股份,0.020822823
6984,2025-01-27,603836,海程邦达,0.020816669
6985,2025-01-23,600111,北方稀土,0.020813584
6986,2025-01-23,2973,侨银股份,0.020808816
6987,2025-01-24,603058,永吉股份,0.020807296
6988,2025-01-24,831,中国稀土,0.02080001
6989,2025-01-27,300174,元力股份,0.020799667
6990,2025-01-27,603903,中持股份,0.020797446
6991,2025-01-24,301017,漱玉平民,0.020788923
6992,2025-01-24,301167,建研设计,0.020788208
6993,2025-01-27,2813,路畅科技,0.020787284
6994,2025-01-24,600730,中国高科,0.020781904
6995,2025-01-23,3029,吉大正元,0.020777881
6996,2025-01-23,301603,乔锋智能,0.020777002
6997,2025-01-27,300858,科拓生物,0.02076818
6998,2025-01-27,603198,迎驾贡酒,0.020767823
6999,2025-01-27,603227,雪峰科技,0.02076289
7000,2025-01-24,688348,昱能科技,0.020760179
7001,2025-01-24,688382,益方生物-U,0.020759553
7002,2025-01-24,600887,伊利股份,0.020759553
7003,2025-01-24,605028,世茂能源,0.020759374
7004,2025-01-24,301197,工大科雅,0.020757735
7005,2025-01-23,300639,凯普生物,0.020751968
7006,2025-01-23,301266,宇邦新材,0.020751223
7007,2025-01-23,2563,森马服饰,0.020748973
7008,2025-01-24,2205,国统股份,0.02074854
7009,2025-01-24,600886,国投电力,0.020748317
7010,2025-01-27,2697,红旗连锁,0.020747796
7011,2025-01-23,600791,京能置业,0.020746678
7012,2025-01-27,603275,众辰科技,0.02074328
7013,2025-01-27,2017,东信和平,0.020741582
7014,2025-01-24,300328,宜安科技,0.020739764
7015,2025-01-24,301222,浙江恒威,0.020736173
7016,2025-01-24,300346,南大光电,0.02073425
7017,2025-01-23,688055,龙腾光电,0.020729095
7018,2025-01-27,2202,金风科技,0.020728618
7019,2025-01-24,300618,寒锐钴业,0.020726457
7020,2025-01-24,301160,翔楼新材,0.020724952
7021,2025-01-23,2377,国创高新,0.020713612
7022,2025-01-24,2803,吉宏股份,0.02071327
7023,2025-01-27,603317,天味食品,0.020703435
7024,2025-01-24,301321,翰博高新,0.020700365
7025,2025-01-23,603190,亚通精工,0.02069749
7026,2025-01-23,600938,中国海油,0.020696506
7027,2025-01-24,301093,华兰股份,0.020693958
7028,2025-01-23,300712,永福股份,0.020692632
7029,2025-01-23,600330,天通股份,0.020691156
7030,2025-01-24,300673,佩蒂股份,0.02068922
7031,2025-01-24,2798,帝欧家居,0.020687312
7032,2025-01-23,300796,贝斯美,0.020687133
7033,2025-01-27,600655,豫园股份,0.020686045
7034,2025-01-23,300504,天邑股份,0.020682141
7035,2025-01-23,600882,妙可蓝多,0.020680025
7036,2025-01-23,2179,中航光电,0.02067852
7037,2025-01-24,688331,荣昌生物,0.02067712
7038,2025-01-27,300243,瑞丰高材,0.020674676
7039,2025-01-24,300075,数字政通,0.020662174
7040,2025-01-24,688189,南新制药,0.020660862
7041,2025-01-27,600992,贵绳股份,0.020660624
7042,2025-01-24,301136,招标股份,0.020658433
7043,2025-01-24,600998,九州通,0.020656109
7044,2025-01-24,965,天保基建,0.020653412
7045,2025-01-23,301321,翰博高新,0.02064848
7046,2025-01-23,600979,广安爱众,0.02064848
7047,2025-01-27,300204,舒泰神,0.0206455
7048,2025-01-27,301278,快可电子,0.020640656
7049,2025-01-23,605588,冠石科技,0.02063945
7050,2025-01-23,300852,四会富仕,0.020638973
7051,2025-01-24,600110,诺德股份,0.020630673
7052,2025-01-24,300720,海川智能,0.020627797
7053,2025-01-27,300505,川金诺,0.020626262
7054,2025-01-24,301187,欧圣电气,0.020624548
7055,2025-01-27,69,华侨城Ａ,0.02062267
7056,2025-01-27,301156,美农生物,0.020619854
7057,2025-01-27,2104,恒宝股份,0.020614132
7058,2025-01-24,600131,国网信通,0.020612761
7059,2025-01-24,301083,百胜智能,0.02060762
7060,2025-01-23,2636,金安国纪,0.020603538
7061,2025-01-27,993,闽东电力,0.020601377
7062,2025-01-27,301051,信濠光电,0.020600468
7063,2025-01-27,2971,和远气体,0.020599797
7064,2025-01-24,688565,力源科技,0.02059941
7065,2025-01-23,688028,沃尔德,0.020596609
7066,2025-01-27,2916,深南电路,0.02059576
7067,2025-01-27,2565,顺灏股份,0.020589769
7068,2025-01-24,300865,大宏立,0.020589262
7069,2025-01-23,300120,经纬辉开,0.020583987
7070,2025-01-23,300185,通裕重工,0.02058363
7071,2025-01-23,300238,冠昊生物,0.020583555
7072,2025-01-27,301045,天禄科技,0.020577878
7073,2025-01-27,603995,甬金股份,0.02057749
7074,2025-01-27,596,古井贡酒,0.020576239
7075,2025-01-23,2371,北方华创,0.02056995
7076,2025-01-23,300756,金马游乐,0.020559609
7077,2025-01-23,600120,浙江东方,0.020559356
7078,2025-01-24,600313,农发种业,0.020559222
7079,2025-01-24,688516,奥特维,0.020556927
7080,2025-01-23,688192,迪哲医药-U,0.020554513
7081,2025-01-27,301519,舜禹股份,0.020551115
7082,2025-01-23,688219,会通股份,0.020549223
7083,2025-01-27,603266,天龙股份,0.020545319
7084,2025-01-24,301212,联盛化学,0.020542488
7085,2025-01-23,603327,福蓉科技,0.020530418
7086,2025-01-27,2961,瑞达期货,0.020530105
7087,2025-01-27,603327,福蓉科技,0.020528212
7088,2025-01-24,600370,三房巷,0.020525798
7089,2025-01-24,536,华映科技,0.020520732
7090,2025-01-27,688305,科德数控,0.020519838
7091,2025-01-24,301029,怡合达,0.020519495
7092,2025-01-27,300549,优德精密,0.020518035
7093,2025-01-27,783,长江证券,0.020513967
7094,2025-01-24,300772,运达股份,0.02051057
7095,2025-01-27,603093,南华期货,0.020506158
7096,2025-01-23,688539,高华科技,0.020500302
7097,2025-01-24,600771,广誉远,0.020495534
7098,2025-01-27,603281,江瀚新材,0.020495221
7099,2025-01-23,2469,三维化学,0.020494536
7100,2025-01-24,300568,星源材质,0.020493716
7101,2025-01-23,952,广济药业,0.020484313
7102,2025-01-23,301168,通灵股份,0.02048412
7103,2025-01-27,301035,润丰股份,0.020480111
7104,2025-01-23,300207,欣旺达,0.020477816
7105,2025-01-24,720,新能泰山,0.02047731
7106,2025-01-23,633,合金投资,0.020472646
7107,2025-01-27,603225,新凤鸣,0.020468682
7108,2025-01-27,546,金圆股份,0.020465165
7109,2025-01-27,301428,世纪恒通,0.020463139
7110,2025-01-24,688505,复旦张江,0.020463005
7111,2025-01-23,300486,东杰智能,0.020460382
7112,2025-01-23,600770,综艺股份,0.020455047
7113,2025-01-27,688391,钜泉科技,0.020454556
7114,2025-01-24,988,华工科技,0.020448714
7115,2025-01-23,300078,思创医惠,0.020447388
7116,2025-01-27,949,新乡化纤,0.020443812
7117,2025-01-23,300911,亿田智能,0.02043897
7118,2025-01-23,2330,得利斯,0.020427689
7119,2025-01-24,300055,万邦达,0.020426527
7120,2025-01-27,688116,天奈科技,0.020426497
7121,2025-01-27,300445,康斯特,0.020425275
7122,2025-01-23,601965,中国汽研,0.02042292
7123,2025-01-27,300213,佳讯飞鸿,0.020422399
7124,2025-01-23,2735,王子新材,0.02042237
7125,2025-01-24,688261,东微半导,0.02042231
7126,2025-01-27,603612,索通发展,0.020419419
7127,2025-01-24,300101,振芯科技,0.020419419
7128,2025-01-23,680,山推股份,0.02041635
7129,2025-01-27,600547,山东黄金,0.020415738
7130,2025-01-27,600029,南方航空,0.020415664
7131,2025-01-23,301273,瑞晨环保,0.020413429
7132,2025-01-23,300496,中科创达,0.020413145
7133,2025-01-23,688032,禾迈股份,0.020408854
7134,2025-01-27,601857,中国石油,0.020408511
7135,2025-01-27,688268,华特气体,0.020406261
7136,2025-01-24,300698,万马科技,0.020403981
7137,2025-01-24,603998,方盛制药,0.020402923
7138,2025-01-24,603333,尚纬股份,0.02040191
7139,2025-01-23,688312,燕麦科技,0.020400643
7140,2025-01-23,300517,海波重科,0.020395517
7141,2025-01-23,600673,东阳光,0.020390093
7142,2025-01-23,626,远大控股,0.020386532
7143,2025-01-23,2501,利源股份,0.020386428
7144,2025-01-23,600935,华塑股份,0.020382643
7145,2025-01-24,566,海南海药,0.020370826
7146,2025-01-23,603126,中材节能,0.020369574
7147,2025-01-27,300978,东箭科技,0.020362794
7148,2025-01-23,300303,聚飞光电,0.020358682
7149,2025-01-27,300566,激智科技,0.020357043
7150,2025-01-23,600149,廊坊发展,0.020353183
7151,2025-01-24,657,中钨高新,0.020348981
7152,2025-01-23,688549,中巨芯-U,0.020340234
7153,2025-01-23,688353,华盛锂电,0.020338878
7154,2025-01-24,301236,软通动力,0.020337567
7155,2025-01-24,600960,渤海汽车,0.020337567
7156,2025-01-27,778,新兴铸管,0.020337373
7157,2025-01-23,300568,星源材质,0.020332411
7158,2025-01-27,2035,华帝股份,0.020328641
7159,2025-01-24,300960,通业科技,0.020325303
7160,2025-01-24,688283,坤恒顺维,0.020324945
7161,2025-01-27,2840,华统股份,0.020324454
7162,2025-01-23,688558,国盛智科,0.020318553
7163,2025-01-27,600223,福瑞达,0.020316884
7164,2025-01-24,603172,万丰股份,0.020316616
7165,2025-01-27,2044,美年健康,0.02031377
7166,2025-01-23,619,海螺新材,0.020311907
7167,2025-01-27,751,锌业股份,0.020310715
7168,2025-01-24,600602,云赛智联,0.020301834
7169,2025-01-24,301238,瑞泰新材,0.020296082
7170,2025-01-24,688113,联测科技,0.020295933
7171,2025-01-27,688586,江航装备,0.020285055
7172,2025-01-24,2912,中新赛克,0.020282239
7173,2025-01-24,300575,中旗股份,0.020281166
7174,2025-01-24,600111,北方稀土,0.020272762
7175,2025-01-27,300946,恒而达,0.02027078
7176,2025-01-24,300750,宁德时代,0.020268396
7177,2025-01-27,603169,兰石重装,0.020266652
7178,2025-01-24,300341,麦克奥迪,0.020265728
7179,2025-01-27,601133,柏诚股份,0.02026312
7180,2025-01-24,300982,苏文电能,0.020261437
7181,2025-01-23,600894,广日股份,0.020252705
7182,2025-01-24,605399,晨光新材,0.020252481
7183,2025-01-27,2709,天赐材料,0.020250931
7184,2025-01-27,2512,达华智能,0.020249903
7185,2025-01-23,600689,上海三毛,0.020249322
7186,2025-01-23,600796,钱江生化,0.020248696
7187,2025-01-27,603676,卫信康,0.020243928
7188,2025-01-27,603353,和顺石油,0.020235196
7189,2025-01-23,301356,天振股份,0.02022858
7190,2025-01-24,2757,南兴股份,0.02022165
7191,2025-01-27,688582,芯动联科,0.020219252
7192,2025-01-27,688728,格科微,0.020214349
7193,2025-01-24,300975,商络电子,0.02021426
7194,2025-01-23,2654,万润科技,0.020212635
7195,2025-01-23,2067,景兴纸业,0.020210594
7196,2025-01-27,603605,珀莱雅,0.020210266
7197,2025-01-24,688425,铁建重工,0.020208359
7198,2025-01-24,300737,科顺股份,0.020205423
7199,2025-01-24,688332,中科蓝讯,0.020204544
7200,2025-01-27,301098,金埔园林,0.020200372
7201,2025-01-23,603303,得邦照明,0.020199448
7202,2025-01-23,601225,陕西煤业,0.020195857
7203,2025-01-24,2593,日上集团,0.020194665
7204,2025-01-24,300497,富祥药业,0.020193934
7205,2025-01-24,300842,帝科股份,0.020187393
7206,2025-01-27,688019,安集科技,0.02018711
7207,2025-01-23,300111,向日葵,0.020186752
7208,2025-01-23,688036,传音控股,0.020186469
7209,2025-01-27,2363,隆基机械,0.020183638
7210,2025-01-27,701,厦门信达,0.020182282
7211,2025-01-27,603113,金能科技,0.020177484
7212,2025-01-24,600340,华夏幸福,0.020176917
7213,2025-01-24,300933,中辰股份,0.020175278
7214,2025-01-27,600785,新华百货,0.020173073
7215,2025-01-24,300252,金信诺,0.020168275
7216,2025-01-23,300121,阳谷华泰,0.020167023
7217,2025-01-24,2342,巨力索具,0.020165622
7218,2025-01-24,778,新兴铸管,0.02016522
7219,2025-01-23,2763,汇洁股份,0.020164102
7220,2025-01-24,301181,标榜股份,0.020158589
7221,2025-01-23,300787,海能实业,0.02015385
7222,2025-01-27,2893,京能热力,0.020152897
7223,2025-01-27,601901,方正证券,0.02015005
7224,2025-01-24,605003,众望布艺,0.020149052
7225,2025-01-27,300633,开立医疗,0.020148546
7226,2025-01-23,547,航天发展,0.020145863
7227,2025-01-24,300197,节能铁汉,0.020144626
7228,2025-01-27,600030,中信证券,0.020144582
7229,2025-01-27,605060,联德股份,0.02014415
7230,2025-01-27,600459,贵研铂业,0.020143405
7231,2025-01-23,600602,云赛智联,0.020139724
7232,2025-01-27,688056,莱伯泰科,0.02013953
7233,2025-01-23,600859,王府井,0.020138457
7234,2025-01-23,2324,普利特,0.020138353
7235,2025-01-27,688078,龙软科技,0.02013734
7236,2025-01-23,601857,中国石油,0.020133153
7237,2025-01-27,2438,江苏神通,0.020132914
7238,2025-01-24,2413,雷科防务,0.020131752
7239,2025-01-27,1267,汇绿生态,0.020127952
7240,2025-01-24,2297,博云新材,0.020117894
7241,2025-01-23,600651,飞乐音响,0.020113513
7242,2025-01-23,300562,乐心医疗,0.020110771
7243,2025-01-27,2683,广东宏大,0.02010706
7244,2025-01-27,688131,皓元医药,0.020105079
7245,2025-01-24,600368,五洲交通,0.020101994
7246,2025-01-27,600717,天津港,0.020099923
7247,2025-01-24,601928,凤凰传媒,0.020098656
7248,2025-01-23,2544,普天科技,0.020097896
7249,2025-01-27,2736,国信证券,0.020096794
7250,2025-01-23,688229,博睿数据,0.02009432
7251,2025-01-24,300549,优德精密,0.02008538
7252,2025-01-24,603213,镇洋发展,0.020084485
7253,2025-01-27,927,中国铁物,0.020080924
7254,2025-01-27,603998,方盛制药,0.020075515
7255,2025-01-27,300467,迅游科技,0.020071
7256,2025-01-24,603005,晶方科技,0.020069093
7257,2025-01-24,300100,双林股份,0.020066768
7258,2025-01-24,688289,圣湘生物,0.020060748
7259,2025-01-24,300891,惠云钛业,0.02005665
7260,2025-01-27,300745,欣锐科技,0.020054132
7261,2025-01-27,301363,美好医疗,0.020048752
7262,2025-01-23,2465,海格通信,0.02004604
7263,2025-01-23,596,古井贡酒,0.020039722
7264,2025-01-24,300979,华利集团,0.020032614
7265,2025-01-23,300520,科大国创,0.020031765
7266,2025-01-24,301552,科力装备,0.020030975
7267,2025-01-23,819,岳阳兴长,0.020026669
7268,2025-01-24,886,海南高速,0.020022795
7269,2025-01-24,600546,山煤国际,0.020022407
7270,2025-01-24,2015,协鑫能科,0.020022199
7271,2025-01-27,1219,青岛食品,0.020015597
7272,2025-01-27,600812,华北制药,0.02001524
7273,2025-01-27,603055,台华新材,0.020014048
7274,2025-01-27,601825,沪农商行,0.020013765
7275,2025-01-27,300568,星源材质,0.020007119
7276,2025-01-24,300032,金龙机电,0.020001113
7277,2025-01-27,300595,欧普康视,0.01999858
7278,2025-01-27,605333,沪光股份,0.019998193
7279,2025-01-27,601918,新集能源,0.019986764
7280,2025-01-27,516,国际医学,0.019984007
7281,2025-01-24,301369,联动科技,0.019981265
7282,2025-01-24,601399,国机重装,0.019980311
7283,2025-01-27,300725,药石科技,0.019977048
7284,2025-01-23,603737,三棵树,0.01997456
7285,2025-01-24,603657,春光科技,0.01995644
7286,2025-01-24,600586,金晶科技,0.019954294
7287,2025-01-23,600029,南方航空,0.01995264
7288,2025-01-23,29,深深房Ａ,0.01994577
7289,2025-01-24,2366,融发核电,0.019941524
7290,2025-01-23,605499,东鹏饮料,0.019940495
7291,2025-01-24,2549,凯美特气,0.019940227
7292,2025-01-27,603901,永创智能,0.019939065
7293,2025-01-23,1209,洪兴股份,0.019938335
7294,2025-01-24,600025,华能水电,0.019936278
7295,2025-01-24,2570,贝因美,0.019935742
7296,2025-01-23,600335,国机汽车,0.019932598
7297,2025-01-23,600118,中国卫星,0.019931048
7298,2025-01-23,301282,金禄电子,0.019930512
7299,2025-01-24,300826,测绘股份,0.019929975
7300,2025-01-23,2885,京泉华,0.01992938
7301,2025-01-27,603229,奥翔药业,0.01992026
7302,2025-01-23,300219,鸿利智汇,0.019918561
7303,2025-01-23,300086,康芝药业,0.019917503
7304,2025-01-27,601898,中煤能源,0.019910708
7305,2025-01-24,688726,拉普拉斯,0.019905657
7306,2025-01-27,755,山西高速,0.019903123
7307,2025-01-24,2019,亿帆医药,0.019898385
7308,2025-01-23,301000,肇民科技,0.019893855
7309,2025-01-23,603197,保隆科技,0.01989296
7310,2025-01-24,300114,中航电测,0.019891381
7311,2025-01-23,600448,华纺股份,0.019890174
7312,2025-01-23,603159,上海亚虹,0.01988697
7313,2025-01-24,603798,康普顿,0.019882292
7314,2025-01-23,2968,新大正,0.019879803
7315,2025-01-27,300221,银禧科技,0.01987937
7316,2025-01-27,300631,久吾高科,0.019877374
7317,2025-01-24,603209,兴通股份,0.019870475
7318,2025-01-23,688247,宣泰医药,0.019867584
7319,2025-01-24,2905,金逸影视,0.019864067
7320,2025-01-23,300928,华安鑫创,0.0198621
7321,2025-01-23,300393,中来股份,0.01986055
7322,2025-01-23,301102,兆讯传媒,0.019860357
7323,2025-01-23,300047,天源迪科,0.019856721
7324,2025-01-24,1965,招商公路,0.01985608
7325,2025-01-27,300604,长川科技,0.019853115
7326,2025-01-24,600935,华塑股份,0.019845307
7327,2025-01-27,1288,运机集团,0.019841433
7328,2025-01-24,600895,张江高科,0.019837618
7329,2025-01-27,301057,汇隆新材,0.019833446
7330,2025-01-23,2387,维信诺,0.01982908
7331,2025-01-23,301208,中亦科技,0.01982525
7332,2025-01-23,2302,西部建设,0.019821346
7333,2025-01-24,2486,嘉麟杰,0.01981613
7334,2025-01-27,301221,光庭信息,0.019815043
7335,2025-01-24,600331,宏达股份,0.019813761
7336,2025-01-27,603933,睿能科技,0.01981251
7337,2025-01-23,600805,悦达投资,0.019810453
7338,2025-01-24,572,海马汽车,0.019803733
7339,2025-01-27,2429,兆驰股份,0.019797623
7340,2025-01-24,300413,芒果超媒,0.019793496
7341,2025-01-24,2337,赛象科技,0.019791767
7342,2025-01-23,605086,龙高股份,0.01978977
7343,2025-01-23,2692,远程股份,0.01977183
7344,2025-01-23,688598,金博股份,0.019768566
7345,2025-01-23,2506,协鑫集成,0.019768357
7346,2025-01-27,2,万  科Ａ,0.019767135
7347,2025-01-24,688535,华海诚科,0.019763231
7348,2025-01-24,301234,五洲医疗,0.019759327
7349,2025-01-24,688220,翱捷科技-U,0.019758835
7350,2025-01-24,2846,英联股份,0.01975812
7351,2025-01-27,601633,长城汽车,0.019751132
7352,2025-01-27,603283,赛腾股份,0.019746333
7353,2025-01-23,300594,朗进科技,0.01973714
7354,2025-01-27,600383,金地集团,0.01973693
7355,2025-01-23,600540,新赛股份,0.01973392
7356,2025-01-23,2591,恒大高新,0.019733146
7357,2025-01-24,300440,运达科技,0.01973173
7358,2025-01-24,688677,海泰新光,0.01972112
7359,2025-01-24,300380,安硕信息,0.01971829
7360,2025-01-23,707,双环科技,0.019715667
7361,2025-01-24,2069,獐子岛,0.01971209
7362,2025-01-23,750,国海证券,0.019711852
7363,2025-01-27,2823,凯中精密,0.019709706
7364,2025-01-24,688521,芯原股份,0.019709587
7365,2025-01-27,603900,莱绅通灵,0.019704148
7366,2025-01-24,603580,艾艾精工,0.01970382
7367,2025-01-23,603685,晨丰科技,0.019701958
7368,2025-01-23,600148,长春一东,0.01970148
7369,2025-01-24,2246,北化股份,0.019700766
7370,2025-01-24,300538,同益股份,0.019698516
7371,2025-01-27,2239,奥特佳,0.01969418
7372,2025-01-24,528,柳    工,0.01969324
7373,2025-01-27,603075,热威股份,0.019688427
7374,2025-01-27,603883,老百姓,0.019686878
7375,2025-01-24,601512,中新集团,0.019684404
7376,2025-01-23,301607,富特科技,0.019683704
7377,2025-01-23,300567,精测电子,0.019680798
7378,2025-01-23,638,万方发展,0.019674942
7379,2025-01-27,2144,宏达高科,0.019671798
7380,2025-01-23,2016,世荣兆业,0.019670352
7381,2025-01-23,2342,巨力索具,0.019670293
7382,2025-01-24,2554,惠博普,0.019667596
7383,2025-01-23,2366,融发核电,0.019667536
7384,2025-01-27,600436,片仔癀,0.019666165
7385,2025-01-24,301067,显盈科技,0.019664511
7386,2025-01-27,688550,瑞联新材,0.019664362
7387,2025-01-23,603383,顶点软件,0.019664079
7388,2025-01-24,2852,道道全,0.019663274
7389,2025-01-27,300911,亿田智能,0.01966308
7390,2025-01-23,688202,美迪西,0.01966153
7391,2025-01-27,603609,禾丰股份,0.019658685
7392,2025-01-23,300975,商络电子,0.019658118
7393,2025-01-23,600665,天地源,0.019653708
7394,2025-01-23,603155,新亚强,0.019652978
7395,2025-01-23,603712,七一二,0.019646317
7396,2025-01-27,600266,城建发展,0.019644529
7397,2025-01-24,300185,通裕重工,0.0196376
7398,2025-01-23,2605,姚记科技,0.019634858
7399,2025-01-27,2378,章源钨业,0.019634709
7400,2025-01-24,612,焦作万方,0.019631848
7401,2025-01-24,300149,睿智医药,0.019627124
7402,2025-01-24,688184,帕瓦股份,0.019627035
7403,2025-01-27,688357,建龙微纳,0.019624352
7404,2025-01-23,300542,新晨科技,0.019622236
7405,2025-01-27,300254,仟源医药,0.01962161
7406,2025-01-23,688025,杰普特,0.019620985
7407,2025-01-23,605377,华旺科技,0.019620746
7408,2025-01-23,300326,凯利泰,0.019620657
7409,2025-01-24,603122,合富中国,0.019612625
7410,2025-01-23,688671,碧兴物联,0.019612521
7411,2025-01-23,603815,交建股份,0.01961182
7412,2025-01-24,603225,新凤鸣,0.019611657
7413,2025-01-23,300339,润和软件,0.019608453
7414,2025-01-27,601005,重庆钢铁,0.019602805
7415,2025-01-24,603656,泰禾智能,0.019601747
7416,2025-01-23,600838,上海九百,0.019599393
7417,2025-01-23,543,皖能电力,0.019599244
7418,2025-01-23,2709,天赐材料,0.019594789
7419,2025-01-23,600732,爱旭股份,0.019588068
7420,2025-01-24,601816,京沪高铁,0.019586295
7421,2025-01-23,600745,闻泰科技,0.01958488
7422,2025-01-27,921,海信家电,0.01958485
7423,2025-01-27,600282,南钢股份,0.019580275
7424,2025-01-23,603008,喜临门,0.019577071
7425,2025-01-24,603192,汇得科技,0.019576997
7426,2025-01-24,2139,拓邦股份,0.019574732
7427,2025-01-27,688786,悦安新材,0.0195688
7428,2025-01-24,688799,华纳药厂,0.019565478
7429,2025-01-23,688548,广钢气体,0.019563183
7430,2025-01-24,300014,亿纬锂能,0.019560933
7431,2025-01-23,300782,卓胜微,0.019557849
7432,2025-01-27,688315,诺禾致源,0.019557789
7433,2025-01-24,703,恒逸石化,0.019557789
7434,2025-01-24,2035,华帝股份,0.019553185
7435,2025-01-23,688171,纬德信息,0.019548833
7436,2025-01-24,301322,绿通科技,0.019548282
7437,2025-01-23,300540,蜀道装备,0.019546375
7438,2025-01-27,600333,长春燃气,0.01954566
7439,2025-01-24,633,合金投资,0.019541427
7440,2025-01-27,600595,中孚实业,0.019540116
7441,2025-01-27,688600,皖仪科技,0.019531086
7442,2025-01-23,1373,翔腾新材,0.019530788
7443,2025-01-27,957,中通客车,0.01952961
7444,2025-01-27,688349,三一重能,0.019527495
7445,2025-01-27,2707,众信旅游,0.019518912
7446,2025-01-23,600551,时代出版,0.019518718
7447,2025-01-24,300619,金银河,0.019518197
7448,2025-01-23,603917,合力科技,0.019516692
7449,2025-01-23,300618,寒锐钴业,0.019515097
7450,2025-01-23,2379,宏创控股,0.019511163
7451,2025-01-24,2380,科远智慧,0.01950857
7452,2025-01-23,601728,中国电信,0.019508153
7453,2025-01-24,605089,味知香,0.019506112
7454,2025-01-23,600478,科力远,0.019505039
7455,2025-01-27,300088,长信科技,0.019502476
7456,2025-01-23,601588,北辰实业,0.01949656
7457,2025-01-23,688619,罗普特,0.019494474
7458,2025-01-27,601878,浙商证券,0.019488811
7459,2025-01-27,301179,泽宇智能,0.019486263
7460,2025-01-24,688027,国盾量子,0.019485056
7461,2025-01-24,2210,飞马国际,0.019482777
7462,2025-01-24,300668,杰恩设计,0.019482478
7463,2025-01-24,688067,爱威科技,0.019480824
7464,2025-01-27,2652,扬子新材,0.019478261
7465,2025-01-27,9,中国宝安,0.019477397
7466,2025-01-27,603168,莎普爱思,0.019475833
7467,2025-01-24,688395,正弦电气,0.019473672
7468,2025-01-23,688369,致远互联,0.019471824
7469,2025-01-27,708,中信特钢,0.019468725
7470,2025-01-27,605198,安德利,0.019463092
7471,2025-01-23,300887,谱尼测试,0.019460097
7472,2025-01-27,603755,日辰股份,0.019455135
7473,2025-01-24,688003,天准科技,0.01944311
7474,2025-01-23,738,航发控制,0.01944074
7475,2025-01-23,2202,金风科技,0.019439116
7476,2025-01-23,300693,盛弘股份,0.01943776
7477,2025-01-24,600029,南方航空,0.019436538
7478,2025-01-24,300610,晨化股份,0.019432217
7479,2025-01-27,2886,沃特股份,0.0194294
7480,2025-01-24,11,深物业A,0.019424558
7481,2025-01-27,603058,永吉股份,0.019422218
7482,2025-01-24,600439,瑞贝卡,0.019421026
7483,2025-01-24,2676,顺威股份,0.01941605
7484,2025-01-24,300796,贝斯美,0.019411996
7485,2025-01-23,48,京基智农,0.019411057
7486,2025-01-27,603466,风语筑,0.019407168
7487,2025-01-27,2163,海南发展,0.019406065
7488,2025-01-23,603005,晶方科技,0.01939845
7489,2025-01-24,2795,永和智控,0.019395515
7490,2025-01-24,978,桂林旅游,0.019393831
7491,2025-01-23,603366,日出东方,0.01939115
7492,2025-01-23,603458,勘设股份,0.019389048
7493,2025-01-27,603077,和邦生物,0.019386545
7494,2025-01-23,2021,中捷资源,0.019384801
7495,2025-01-23,603809,豪能股份,0.019384727
7496,2025-01-24,600257,大湖股份,0.019380316
7497,2025-01-27,543,皖能电力,0.019378811
7498,2025-01-24,2155,湖南黄金,0.019372001
7499,2025-01-24,2859,洁美科技,0.01936981
7500,2025-01-24,600676,交运股份,0.019365683
7501,2025-01-23,300569,天能重工,0.019365326
7502,2025-01-24,301116,益客食品,0.019357637
7503,2025-01-27,850,华茂股份,0.019354746
7504,2025-01-27,2475,立讯精密,0.019354135
7505,2025-01-27,300958,建工修复,0.019344702
7506,2025-01-23,688279,峰岹科技,0.019343615
7507,2025-01-27,688061,灿瑞科技,0.019335836
7508,2025-01-23,300250,初灵信息,0.01933381
7509,2025-01-24,300983,尤安设计,0.01933299
7510,2025-01-24,300508,维宏股份,0.019332245
7511,2025-01-27,688428,诺诚健华-U,0.0193308
7512,2025-01-23,300026,红日药业,0.019327864
7513,2025-01-23,3022,联泓新科,0.019324109
7514,2025-01-23,600350,山东高速,0.019323021
7515,2025-01-24,603816,顾家家居,0.019319952
7516,2025-01-23,688387,信科移动-U,0.019319132
7517,2025-01-23,600226,亨通股份,0.01931791
7518,2025-01-23,300298,三诺生物,0.019317389
7519,2025-01-23,601113,华鼎股份,0.019316971
7520,2025-01-24,605186,健麾信息,0.019306958
7521,2025-01-27,1324,长青科技,0.01930429
7522,2025-01-27,2589,瑞康医药,0.019302413
7523,2025-01-27,600350,山东高速,0.019300714
7524,2025-01-27,2069,獐子岛,0.019299835
7525,2025-01-24,2256,兆新股份,0.019299433
7526,2025-01-24,301292,海科新源,0.019298136
7527,2025-01-23,688485,九州一轨,0.019294843
7528,2025-01-27,2962,五方光电,0.019284591
7529,2025-01-24,688063,派能科技,0.019277573
7530,2025-01-24,37,深南电A,0.019277155
7531,2025-01-27,301023,江南奕帆,0.019272521
7532,2025-01-27,600860,京城股份,0.019270658
7533,2025-01-23,688175,高凌信息,0.019270122
7534,2025-01-24,603506,南都物业,0.01926978
7535,2025-01-27,301267,华厦眼科,0.019266382
7536,2025-01-24,2055,得润电子,0.01926446
7537,2025-01-24,301086,鸿富瀚,0.01926203
7538,2025-01-24,301226,祥明智能,0.019261464
7539,2025-01-23,688083,中望软件,0.019261107
7540,2025-01-23,688327,云从科技-UW,0.019254714
7541,2025-01-23,300443,金雷股份,0.019251391
7542,2025-01-27,601216,君正集团,0.019248933
7543,2025-01-23,2246,北化股份,0.01924795
7544,2025-01-23,301518,长华化学,0.019244581
7545,2025-01-24,601111,中国国航,0.019243345
7546,2025-01-24,600325,华发股份,0.019229025
7547,2025-01-27,600418,江淮汽车,0.019226
7548,2025-01-24,688693,锴威特,0.019224823
7549,2025-01-23,713,丰乐种业,0.019224256
7550,2025-01-27,601963,重庆银行,0.019222751
7551,2025-01-24,301488,豪恩汽电,0.019210324
7552,2025-01-27,600378,昊华科技,0.019208148
7553,2025-01-24,603909,建发合诚,0.019207045
7554,2025-01-24,2044,美年健康,0.019204423
7555,2025-01-23,301,东方盛虹,0.019202784
7556,2025-01-23,2985,北摩高科,0.019200414
7557,2025-01-27,688601,力芯微,0.01919356
7558,2025-01-24,2314,南山控股,0.019191548
7559,2025-01-27,600768,宁波富邦,0.019190505
7560,2025-01-24,2976,瑞玛精密,0.01919049
7561,2025-01-27,301093,华兰股份,0.019188806
7562,2025-01-24,301161,唯万密封,0.019184634
7563,2025-01-27,301314,科瑞思,0.01918456
7564,2025-01-27,300021,大禹节水,0.019184351
7565,2025-01-24,300417,南华仪器,0.019179597
7566,2025-01-27,2758,浙农股份,0.019177198
7567,2025-01-27,2125,湘潭电化,0.019173741
7568,2025-01-27,601113,华鼎股份,0.019172817
7569,2025-01-23,300253,卫宁健康,0.019171
7570,2025-01-24,600178,东安动力,0.019169629
7571,2025-01-23,301587,中瑞股份,0.019168556
7572,2025-01-24,300358,楚天科技,0.019164786
7573,2025-01-27,603345,安井食品,0.019161448
7574,2025-01-27,301308,江波龙,0.019161046
7575,2025-01-24,688718,唯赛勃,0.019158125
7576,2025-01-24,779,甘咨询,0.019153118
7577,2025-01-23,300274,阳光电源,0.019151568
7578,2025-01-23,688158,优刻得-W,0.01914911
7579,2025-01-24,565,渝三峡Ａ,0.019145757
7580,2025-01-24,1223,欧克科技,0.019143611
7581,2025-01-24,600979,广安爱众,0.01914078
7582,2025-01-23,300511,雪榕生物,0.019138053
7583,2025-01-27,688015,交控科技,0.019131094
7584,2025-01-27,688155,先惠技术,0.019128233
7585,2025-01-23,2174,游族网络,0.019128218
7586,2025-01-27,600391,航发科技,0.019125
7587,2025-01-24,300760,迈瑞医疗,0.01912491
7588,2025-01-24,300587,天铁科技,0.01911974
7589,2025-01-27,600231,凌钢股份,0.019113868
7590,2025-01-27,603938,三孚股份,0.019112289
7591,2025-01-24,300542,新晨科技,0.019111037
7592,2025-01-23,603061,金海通,0.01910974
7593,2025-01-27,1216,华瓷股份,0.019109264
7594,2025-01-24,603979,金诚信,0.019102618
7595,2025-01-27,2101,广东鸿图,0.019102052
7596,2025-01-27,2968,新大正,0.019094646
7597,2025-01-27,2186,全 聚 德,0.019094571
7598,2025-01-23,605016,百龙创园,0.019084096
7599,2025-01-27,301580,爱迪特,0.019082993
7600,2025-01-24,601068,中铝国际,0.019080907
7601,2025-01-24,2695,煌上煌,0.01907982
7602,2025-01-23,2965,祥鑫科技,0.019079566
7603,2025-01-24,300002,神州泰岳,0.019079462
7604,2025-01-24,925,众合科技,0.019075856
7605,2025-01-24,600628,新世界,0.019074902
7606,2025-01-23,300184,力源信息,0.019071296
7607,2025-01-23,688046,药康生物,0.019068673
7608,2025-01-23,2441,众业达,0.0190669
7609,2025-01-23,300224,正海磁材,0.019066483
7610,2025-01-24,2998,优彩资源,0.019065544
7611,2025-01-23,688609,九联科技,0.019063324
7612,2025-01-24,301533,威马农机,0.019058377
7613,2025-01-24,688216,气派科技,0.019055903
7614,2025-01-24,603045,福达合金,0.019054502
7615,2025-01-24,300767,震安科技,0.019054294
7616,2025-01-27,2290,禾盛新材,0.01905398
7617,2025-01-27,688353,华盛锂电,0.01904364
7618,2025-01-27,688739,成大生物,0.019043118
7619,2025-01-24,600350,山东高速,0.019043013
7620,2025-01-23,300927,江天化学,0.019042477
7621,2025-01-27,688179,阿拉丁,0.0190382
7622,2025-01-27,1260,坤泰股份,0.019037157
7623,2025-01-23,603881,数据港,0.019035682
7624,2025-01-23,603358,华达科技,0.019035205
7625,2025-01-27,601368,绿城水务,0.019030645
7626,2025-01-27,600851,海欣股份,0.019030005
7627,2025-01-24,688357,建龙微纳,0.019029826
7628,2025-01-24,3002,壶化股份,0.01902768
7629,2025-01-24,2636,金安国纪,0.019027427
7630,2025-01-23,600962,国投中鲁,0.019021824
7631,2025-01-24,600684,珠江股份,0.019021407
7632,2025-01-27,300387,富邦科技,0.019017681
7633,2025-01-24,603618,杭电股份,0.019016355
7634,2025-01-24,2321,华英农业,0.019014612
7635,2025-01-27,2074,国轩高科,0.019011214
7636,2025-01-23,300288,朗玛信息,0.019008666
7637,2025-01-23,1288,运机集团,0.019006938
7638,2025-01-23,605088,冠盛股份,0.019006819
7639,2025-01-24,523,红棉股份,0.019004121
7640,2025-01-24,601825,沪农商行,0.019000754
7641,2025-01-23,301187,欧圣电气,0.019000351
7642,2025-01-27,300907,康平科技,0.018999457
7643,2025-01-27,603066,音飞储存,0.018998042
7644,2025-01-23,2988,豪美新材,0.018992037
7645,2025-01-27,605255,天普股份,0.018990159
7646,2025-01-24,603168,莎普爱思,0.018986315
7647,2025-01-23,688283,坤恒顺维,0.018984482
7648,2025-01-24,2960,青鸟消防,0.018976733
7649,2025-01-23,688023,安恒信息,0.018974915
7650,2025-01-27,688007,光峰科技,0.018974736
7651,2025-01-24,300669,沪宁股份,0.018972486
7652,2025-01-23,2059,云南旅游,0.018972054
7653,2025-01-23,301281,科源制药,0.018970162
7654,2025-01-23,688520,神州细胞-U,0.01896824
7655,2025-01-27,300332,天壕能源,0.01896508
7656,2025-01-24,301512,智信精密,0.018964842
7657,2025-01-23,590,启迪药业,0.018962607
7658,2025-01-23,300005,探路者,0.01896225
7659,2025-01-23,2219,新里程,0.01896131
7660,2025-01-23,2286,保龄宝,0.018959552
7661,2025-01-27,300400,劲拓股份,0.018956274
7662,2025-01-27,603209,兴通股份,0.018955022
7663,2025-01-27,601606,长城军工,0.01895316
7664,2025-01-24,600773,西藏城投,0.018950656
7665,2025-01-24,555,神州信息,0.018949896
7666,2025-01-23,601818,光大银行,0.018946946
7667,2025-01-23,300666,江丰电子,0.018944591
7668,2025-01-27,688335,复洁环保,0.018931657
7669,2025-01-23,2823,凯中精密,0.01892741
7670,2025-01-27,600201,生物股份,0.018923432
7671,2025-01-27,605389,长龄液压,0.018922463
7672,2025-01-24,300174,元力股份,0.018919662
7673,2025-01-24,300293,蓝英装备,0.01891905
7674,2025-01-24,300651,金陵体育,0.01891777
7675,2025-01-23,2747,埃斯顿,0.018907994
7676,2025-01-23,603979,金诚信,0.01890789
7677,2025-01-23,2574,明牌珠宝,0.018906847
7678,2025-01-24,2849,威星智能,0.018905446
7679,2025-01-24,688562,航天软件,0.018897042
7680,2025-01-23,2726,龙大美食,0.018893674
7681,2025-01-24,2223,鱼跃医疗,0.018892631
7682,2025-01-27,688799,华纳药厂,0.01889135
7683,2025-01-27,603006,联明股份,0.018890426
7684,2025-01-27,688689,银河微电,0.018889263
7685,2025-01-24,911,广农糖业,0.018878907
7686,2025-01-27,300573,兴齐眼药,0.018875614
7687,2025-01-24,600333,长春燃气,0.018873826
7688,2025-01-23,300319,麦捷科技,0.018869758
7689,2025-01-24,300492,华图山鼎,0.018868059
7690,2025-01-27,603530,神马电力,0.018865123
7691,2025-01-24,603179,新泉股份,0.01886399
7692,2025-01-23,957,中通客车,0.018863335
7693,2025-01-23,603026,石大胜华,0.018862441
7694,2025-01-23,688212,澳华内镜,0.018859386
7695,2025-01-24,603318,水发燃气,0.018856421
7696,2025-01-27,688563,航材股份,0.018849835
7697,2025-01-27,300041,回天新材,0.018846154
7698,2025-01-23,600789,鲁抗医药,0.01884517
7699,2025-01-24,2681,奋达科技,0.018841028
7700,2025-01-27,600007,中国国贸,0.0188393
7701,2025-01-27,605589,圣泉集团,0.018835813
7702,2025-01-23,688338,赛科希德,0.018834546
7703,2025-01-24,603810,丰山集团,0.018830985
7704,2025-01-24,603815,交建股份,0.018828243
7705,2025-01-23,2905,金逸影视,0.018827125
7706,2025-01-24,301105,鸿铭股份,0.018822879
7707,2025-01-24,300899,上海凯鑫,0.018822446
7708,2025-01-27,605122,四方新材,0.018820211
7709,2025-01-24,688050,爱博医疗,0.018815413
7710,2025-01-24,301320,豪江智能,0.018812045
7711,2025-01-24,300671,富满微,0.018811032
7712,2025-01-24,603458,勘设股份,0.018807232
7713,2025-01-23,2314,南山控股,0.018806532
7714,2025-01-23,603353,和顺石油,0.018805847
7715,2025-01-24,300475,香农芯创,0.018805414
7716,2025-01-23,600628,新世界,0.018803284
7717,2025-01-27,600783,鲁信创投,0.01880242
7718,2025-01-24,688593,新相微,0.018800095
7719,2025-01-24,300343,联创股份,0.01879394
7720,2025-01-23,600998,九州通,0.018793374
7721,2025-01-23,600738,丽尚国潮,0.018782422
7722,2025-01-27,45,深纺织Ａ,0.018781334
7723,2025-01-23,300199,翰宇药业,0.018780157
7724,2025-01-24,2375,亚厦股份,0.018778518
7725,2025-01-27,600525,长园集团,0.018771753
7726,2025-01-23,603636,南威软件,0.018771216
7727,2025-01-27,688121,卓然股份,0.018766358
7728,2025-01-27,688280,精进电动-UW,0.018765345
7729,2025-01-24,300234,开尔新材,0.018762589
7730,2025-01-27,689009,九号公司-WD,0.018755764
7731,2025-01-23,605155,西大门,0.018747509
7732,2025-01-27,978,桂林旅游,0.018741414
7733,2025-01-24,301257,普蕊斯,0.018735081
7734,2025-01-23,300937,药易购,0.018734679
7735,2025-01-27,600963,岳阳林纸,0.018734634
7736,2025-01-24,603379,三美股份,0.01873362
7737,2025-01-27,600072,中船科技,0.01873231
7738,2025-01-27,603122,合富中国,0.018724099
7739,2025-01-24,300701,森霸传感,0.01872392
7740,2025-01-24,300107,建新股份,0.018723339
7741,2025-01-27,603179,新泉股份,0.018720433
7742,2025-01-23,2037,保利联合,0.018718243
7743,2025-01-23,603939,益丰药房,0.018718094
7744,2025-01-27,603290,斯达半导,0.018716112
7745,2025-01-23,600550,保变电气,0.018715754
7746,2025-01-23,3005,竞业达,0.018714204
7747,2025-01-23,2326,永太科技,0.018712386
7748,2025-01-27,688221,前沿生物-U,0.01870799
7749,2025-01-24,2686,亿利达,0.018705577
7750,2025-01-24,688455,科捷智能,0.01869762
7751,2025-01-24,300869,康泰医学,0.018690065
7752,2025-01-27,300528,幸福蓝海,0.01868987
7753,2025-01-27,600039,四川路桥,0.018687472
7754,2025-01-23,688260,昀冢科技,0.018685818
7755,2025-01-27,603167,渤海轮渡,0.018683285
7756,2025-01-24,601138,工业富联,0.018663645
7757,2025-01-27,2606,大连电瓷,0.01866071
7758,2025-01-24,600367,红星发展,0.018660694
7759,2025-01-23,100,TCL科技,0.018658355
7760,2025-01-27,300218,安利股份,0.018658325
7761,2025-01-23,3002,壶化股份,0.018657371
7762,2025-01-27,1258,立新能源,0.01865673
7763,2025-01-27,600675,中华企业,0.018655568
7764,2025-01-27,603360,百傲化学,0.018655255
7765,2025-01-27,733,振华科技,0.018653333
7766,2025-01-23,600272,开开实业,0.018652543
7767,2025-01-23,300731,科创新源,0.018650025
7768,2025-01-23,688096,京源环保,0.018648878
7769,2025-01-24,600085,同仁堂,0.018639892
7770,2025-01-27,2249,大洋电机,0.018638939
7771,2025-01-27,600808,马钢股份,0.018638745
7772,2025-01-23,688190,云路股份,0.018634394
7773,2025-01-24,301008,宏昌科技,0.018633291
7774,2025-01-23,601929,吉视传媒,0.018631369
7775,2025-01-23,688267,中触媒,0.018629462
7776,2025-01-23,603906,龙蟠科技,0.018626988
7777,2025-01-23,600382,广东明珠,0.018622547
7778,2025-01-24,1337,四川黄金,0.018620968
7779,2025-01-27,600784,鲁银投资,0.018619046
7780,2025-01-24,603612,索通发展,0.018618122
7781,2025-01-27,600854,春兰股份,0.018615127
7782,2025-01-27,301305,朗坤环境,0.018614396
7783,2025-01-27,2550,千红制药,0.018614173
7784,2025-01-27,300817,双飞集团,0.018603608
7785,2025-01-27,600369,西南证券,0.018603265
7786,2025-01-24,300988,津荣天宇,0.018602818
7787,2025-01-23,973,佛塑科技,0.01859881
7788,2025-01-27,2126,银轮股份,0.01859717
7789,2025-01-23,300008,天海防务,0.018595055
7790,2025-01-24,688678,福立旺,0.018590704
7791,2025-01-24,603529,爱玛科技,0.01858905
7792,2025-01-27,600478,科力远,0.018580675
7793,2025-01-23,2452,长高电新,0.018580064
7794,2025-01-27,1205,盛航股份,0.018579945
7795,2025-01-23,688296,和达科技,0.01857318
7796,2025-01-24,301217,铜冠铜箔,0.01856932
7797,2025-01-24,300443,金雷股份,0.018564075
7798,2025-01-23,601799,星宇股份,0.018558964
7799,2025-01-24,301330,熵基科技,0.018554658
7800,2025-01-27,688157,松井股份,0.018551141
7801,2025-01-23,603356,华菱精工,0.018547446
7802,2025-01-23,603317,天味食品,0.018544093
7803,2025-01-24,300971,博亚精工,0.018544063
7804,2025-01-27,603267,鸿远电子,0.01854378
7805,2025-01-23,688211,中科微至,0.018543154
7806,2025-01-23,607,华媒控股,0.018540263
7807,2025-01-24,688349,三一重能,0.018538788
7808,2025-01-24,301123,奕东电子,0.018534377
7809,2025-01-23,2347,泰尔股份,0.01853259
7810,2025-01-27,612,焦作万方,0.018531501
7811,2025-01-23,600301,华锡有色,0.018528268
7812,2025-01-24,600976,健民集团,0.018527597
7813,2025-01-27,300304,云意电气,0.018524945
7814,2025-01-24,756,新华制药,0.018523484
7815,2025-01-27,300920,润阳科技,0.018522099
7816,2025-01-27,603657,春光科技,0.018520758
7817,2025-01-24,600875,东方电气,0.018518925
7818,2025-01-27,600746,江苏索普,0.018517569
7819,2025-01-24,301057,汇隆新材,0.018516421
7820,2025-01-27,301386,未来电器,0.018516138
7821,2025-01-23,300708,聚灿光电,0.01851578
7822,2025-01-27,300016,北陆药业,0.018514499
7823,2025-01-24,301180,万祥科技,0.018511117
7824,2025-01-24,600038,中直股份,0.018508896
7825,2025-01-23,603826,坤彩科技,0.018505901
7826,2025-01-24,300201,海伦哲,0.018503457
7827,2025-01-23,688049,炬芯科技,0.01850161
7828,2025-01-24,2955,鸿合科技,0.018498123
7829,2025-01-24,2506,协鑫集成,0.018483087
7830,2025-01-27,2487,大金重工,0.018482357
7831,2025-01-23,2297,博云新材,0.018477201
7832,2025-01-23,301007,德迈仕,0.018474594
7833,2025-01-24,301309,万得凯,0.018474013
7834,2025-01-27,688501,青达环保,0.01847379
7835,2025-01-27,688039,当虹科技,0.01847358
7836,2025-01-23,688108,赛诺医疗,0.018472686
7837,2025-01-23,300052,中青宝,0.01847206
7838,2025-01-27,300976,达瑞电子,0.018469587
7839,2025-01-27,2026,山东威达,0.018467292
7840,2025-01-27,688657,浩辰软件,0.018464148
7841,2025-01-23,603055,台华新材,0.018453822
7842,2025-01-27,600771,广誉远,0.01845327
7843,2025-01-23,565,渝三峡Ａ,0.018452942
7844,2025-01-27,688347,华虹公司,0.018449381
7845,2025-01-24,600386,北巴传媒,0.018447995
7846,2025-01-24,600770,综艺股份,0.018446892
7847,2025-01-27,1389,广合科技,0.018436074
7848,2025-01-24,600989,宝丰能源,0.018434122
7849,2025-01-24,301012,扬电科技,0.01843369
7850,2025-01-27,688655,迅捷兴,0.018432736
7851,2025-01-23,300174,元力股份,0.018432632
7852,2025-01-23,55,方大集团,0.01842615
7853,2025-01-27,300791,仙乐健康,0.018425524
7854,2025-01-23,603567,珍宝岛,0.018422246
7855,2025-01-23,600218,全柴动力,0.018419579
7856,2025-01-24,600975,新五丰,0.018419176
7857,2025-01-24,300484,蓝海华腾,0.01841253
7858,2025-01-23,2668,TCL智家,0.018406808
7859,2025-01-27,2155,湖南黄金,0.018403232
7860,2025-01-24,2786,银宝山新,0.018403023
7861,2025-01-23,603113,金能科技,0.018402383
7862,2025-01-27,300414,中光防雷,0.018401697
7863,2025-01-27,301218,华是科技,0.018400133
7864,2025-01-23,2407,多氟多,0.018399462
7865,2025-01-27,2379,宏创控股,0.018398643
7866,2025-01-27,2753,永东股份,0.018397868
7867,2025-01-27,300589,江龙船艇,0.018391967
7868,2025-01-27,603980,吉华集团,0.018389776
7869,2025-01-27,605001,威奥股份,0.018388852
7870,2025-01-23,300299,富春股份,0.018388823
7871,2025-01-24,2106,莱宝高科,0.018379599
7872,2025-01-23,301188,力诺药包,0.018375754
7873,2025-01-27,688083,中望软件,0.018371448
7874,2025-01-24,688578,艾力斯,0.018362433
7875,2025-01-27,2500,山西证券,0.018362194
7876,2025-01-24,600467,好当家,0.018361911
7877,2025-01-27,301209,联合化学,0.01835835
7878,2025-01-27,300569,天能重工,0.01835689
7879,2025-01-24,600208,衢州发展,0.01835604
7880,2025-01-23,300979,华利集团,0.018355563
7881,2025-01-23,2996,顺博合金,0.018355384
7882,2025-01-24,603488,展鹏科技,0.01835537
7883,2025-01-24,688013,天臣医疗,0.018351287
7884,2025-01-23,300142,沃森生物,0.018349126
7885,2025-01-23,2333,罗普斯金,0.018348634
7886,2025-01-24,2277,友阿股份,0.018342212
7887,2025-01-27,603739,蔚蓝生物,0.018337682
7888,2025-01-24,300053,航宇微,0.018327266
7889,2025-01-23,600221,海航控股,0.018326402
7890,2025-01-23,603801,志邦家居,0.018323734
7891,2025-01-27,603660,苏州科达,0.018321902
7892,2025-01-27,600893,航发动力,0.018321216
7893,2025-01-27,603712,七一二,0.018320888
7894,2025-01-24,605117,德业股份,0.01831983
7895,2025-01-27,300585,奥联电子,0.018315926
7896,2025-01-24,688383,新益昌,0.018311173
7897,2025-01-23,2949,华阳国际,0.018308908
7898,2025-01-23,600575,淮河能源,0.018307239
7899,2025-01-27,2798,帝欧家居,0.0183025
7900,2025-01-24,2782,可立克,0.018302351
7901,2025-01-24,2903,宇环数控,0.018301323
7902,2025-01-24,300421,力星股份,0.018297777
7903,2025-01-27,2444,巨星科技,0.018293604
7904,2025-01-24,600533,栖霞建设,0.018291667
7905,2025-01-27,603477,巨星农牧,0.018291414
7906,2025-01-24,2021,中捷资源,0.018286437
7907,2025-01-23,600756,浪潮软件,0.018284842
7908,2025-01-23,601118,海南橡胶,0.018282413
7909,2025-01-24,600825,新华传媒,0.018279552
7910,2025-01-23,688206,概伦电子,0.018279493
7911,2025-01-27,600416,湘电股份,0.018273458
7912,2025-01-23,600276,恒瑞医药,0.018273309
7913,2025-01-23,603697,有友食品,0.018265128
7914,2025-01-23,2672,东江环保,0.018264964
7915,2025-01-24,688160,步科股份,0.018264413
7916,2025-01-23,600308,华泰股份,0.01826264
7917,2025-01-23,2311,海大集团,0.018261746
7918,2025-01-27,688663,新风光,0.01825878
7919,2025-01-27,301459,丰茂股份,0.018258452
7920,2025-01-27,3038,鑫铂股份,0.018257812
7921,2025-01-27,603650,彤程新材,0.018254697
7922,2025-01-23,688150,莱特光电,0.018249378
7923,2025-01-24,301211,亨迪药业,0.01824519
7924,2025-01-24,600834,申通地铁,0.01824461
7925,2025-01-23,300203,聚光科技,0.01824364
7926,2025-01-24,603999,读者传媒,0.018239692
7927,2025-01-24,301578,辰奕智能,0.018239632
7928,2025-01-23,898,鞍钢股份,0.018236548
7929,2025-01-27,603606,东方电缆,0.018229187
7930,2025-01-24,601088,中国神华,0.018228501
7931,2025-01-27,603758,秦安股份,0.018220305
7932,2025-01-27,688067,爱威科技,0.01821892
7933,2025-01-27,2888,惠威科技,0.018218845
7934,2025-01-24,603982,泉峰汽车,0.01821813
7935,2025-01-24,300775,三角防务,0.018217951
7936,2025-01-23,605388,均瑶健康,0.01821725
7937,2025-01-27,2331,皖通科技,0.018216103
7938,2025-01-27,300236,上海新阳,0.018214464
7939,2025-01-24,2623,亚玛顿,0.0182122
7940,2025-01-24,600894,广日股份,0.018211782
7941,2025-01-27,603333,尚纬股份,0.01821135
7942,2025-01-24,300314,戴维医疗,0.018210381
7943,2025-01-23,688528,秦川物联,0.018208772
7944,2025-01-27,637,茂化实华,0.018198073
7945,2025-01-23,688533,上声电子,0.018191114
7946,2025-01-23,603029,天鹅股份,0.018189237
7947,2025-01-27,600293,三峡新材,0.018188834
7948,2025-01-27,35,中国天楹,0.018188551
7949,2025-01-24,600518,康美药业,0.018188193
7950,2025-01-24,688653,康希通信,0.018188074
7951,2025-01-27,2032,苏 泊 尔,0.018184468
7952,2025-01-27,688139,海尔生物,0.018181428
7953,2025-01-23,897,津滨发展,0.018174917
7954,2025-01-27,300389,艾比森,0.018173397
7955,2025-01-23,600251,冠农股份,0.018170476
7956,2025-01-24,301281,科源制药,0.018167421
7957,2025-01-24,603170,宝立食品,0.018167332
7958,2025-01-24,2800,天顺股份,0.018165156
7959,2025-01-24,688020,方邦股份,0.018159032
7960,2025-01-24,600621,华鑫股份,0.018156946
7961,2025-01-23,600792,云煤能源,0.018155172
7962,2025-01-27,403,派林生物,0.018152937
7963,2025-01-23,2725,跃岭股份,0.01815179
7964,2025-01-27,600298,安琪酵母,0.018148988
7965,2025-01-24,600521,华海药业,0.018147364
7966,2025-01-27,2926,华西证券,0.018146276
7967,2025-01-24,300641,正丹股份,0.018139869
7968,2025-01-23,301279,金道科技,0.018138126
7969,2025-01-23,2491,通鼎互联,0.018137857
7970,2025-01-23,600105,永鼎股份,0.018133625
7971,2025-01-24,605577,龙版传媒,0.018131122
7972,2025-01-23,600764,中国海防,0.018129364
7973,2025-01-24,600157,永泰能源,0.018127173
7974,2025-01-27,603889,新澳股份,0.018124387
7975,2025-01-24,603313,梦百合,0.018123135
7976,2025-01-23,688767,博拓生物,0.01811704
7977,2025-01-27,603602,纵横通信,0.01811622
7978,2025-01-24,300717,华信新材,0.018113539
7979,2025-01-24,600114,东睦股份,0.018112928
7980,2025-01-23,300132,青松股份,0.018112555
7981,2025-01-23,600293,三峡新材,0.018112302
7982,2025-01-27,601069,西部黄金,0.01811108
7983,2025-01-23,2362,汉王科技,0.018110216
7984,2025-01-23,600327,大东方,0.018110052
7985,2025-01-24,603029,天鹅股份,0.018107742
7986,2025-01-23,600467,好当家,0.018102989
7987,2025-01-27,300533,冰川网络,0.018099666
7988,2025-01-24,600736,苏州高新,0.018098548
7989,2025-01-27,1914,招商积余,0.01809755
7990,2025-01-27,603721,中广天择,0.018096864
7991,2025-01-23,600518,康美药业,0.018095315
7992,2025-01-27,885,城发环境,0.01809527
7993,2025-01-27,300003,乐普医疗,0.018093288
7994,2025-01-27,603801,志邦家居,0.018090725
7995,2025-01-27,600862,中航高科,0.01808463
7996,2025-01-27,2653,海思科,0.018068343
7997,2025-01-27,688466,金科环境,0.018065631
7998,2025-01-27,600099,林海股份,0.018061712
7999,2025-01-27,603949,雪龙集团,0.018060207
8000,2025-01-27,300906,日月明,0.018059745
8001,2025-01-23,605003,众望布艺,0.018056646
8002,2025-01-23,300082,奥克股份,0.018055916
8003,2025-01-24,300675,建科院,0.018053964
8004,2025-01-27,600235,民丰特纸,0.018052757
8005,2025-01-27,300092,科新机电,0.018050417
8006,2025-01-24,688687,凯因科技,0.018046856
8007,2025-01-23,2817,黄山胶囊,0.018045172
8008,2025-01-23,600422,昆药集团,0.01804088
8009,2025-01-23,603605,珀莱雅,0.018040597
8010,2025-01-24,300258,精锻科技,0.018037125
8011,2025-01-27,300230,永利股份,0.018036902
8012,2025-01-24,301335,天元宠物,0.018032566
8013,2025-01-23,600809,山西汾酒,0.01803109
8014,2025-01-24,2553,南方精工,0.01803048
8015,2025-01-24,651,格力电器,0.018029481
8016,2025-01-27,300870,欧陆通,0.018027663
8017,2025-01-27,688628,优利德,0.018024772
8018,2025-01-27,301222,浙江恒威,0.018024042
8019,2025-01-24,301509,金凯生科,0.018023342
8020,2025-01-23,2078,太阳纸业,0.018022895
8021,2025-01-23,600845,宝信软件,0.018011466
8022,2025-01-23,300894,火星人,0.018009797
8023,2025-01-23,605177,东亚药业,0.018009156
8024,2025-01-24,600872,中炬高新,0.01800704
8025,2025-01-24,603755,日辰股份,0.01800564
8026,2025-01-27,603871,嘉友国际,0.018005252
8027,2025-01-23,301578,辰奕智能,0.018002585
8028,2025-01-24,301098,金埔园林,0.018002257
8029,2025-01-23,751,锌业股份,0.018001482
8030,2025-01-27,600642,申能股份,0.018000945
8031,2025-01-27,603285,键邦股份,0.01799865
8032,2025-01-24,688325,赛微微电,0.017998487
8033,2025-01-27,600207,安彩高科,0.017995387
8034,2025-01-23,603578,三星新材,0.017992869
8035,2025-01-23,1229,魅视科技,0.017990008
8036,2025-01-27,603866,桃李面包,0.017986968
8037,2025-01-24,301156,美农生物,0.017982602
8038,2025-01-24,603378,亚士创能,0.017980397
8039,2025-01-24,300956,英力股份,0.017977744
8040,2025-01-23,600345,长江通信,0.017976388
8041,2025-01-27,2828,贝肯能源,0.017976135
8042,2025-01-27,688033,天宜上佳,0.017975405
8043,2025-01-27,603569,长久物流,0.017973915
8044,2025-01-23,300401,花园生物,0.01797235
8045,2025-01-27,300893,松原股份,0.017971694
8046,2025-01-23,603787,新日股份,0.017971173
8047,2025-01-23,603983,丸美生物,0.017967507
8048,2025-01-27,2056,横店东磁,0.017964423
8049,2025-01-23,300778,新城市,0.01796268
8050,2025-01-27,300423,昇辉科技,0.017961055
8051,2025-01-24,2585,双星新材,0.01795277
8052,2025-01-23,2587,奥拓电子,0.017951861
8053,2025-01-27,600779,水井坊,0.017951265
8054,2025-01-24,600893,航发动力,0.01795122
8055,2025-01-24,600795,国电电力,0.017948344
8056,2025-01-27,1234,泰慕士,0.017947957
8057,2025-01-24,601728,中国电信,0.017946199
8058,2025-01-24,300049,福瑞股份,0.017945409
8059,2025-01-23,603365,水星家纺,0.017941818
8060,2025-01-27,601330,绿色动力,0.017938271
8061,2025-01-23,603258,电魂网络,0.01793462
8062,2025-01-24,600819,耀皮玻璃,0.017930523
8063,2025-01-23,605199,葫芦娃,0.017929003
8064,2025-01-23,601328,交通银行,0.017927557
8065,2025-01-23,921,海信家电,0.01792726
8066,2025-01-23,603305,旭升集团,0.017925397
8067,2025-01-24,301228,实朴检测,0.017921329
8068,2025-01-27,300527,中船应急,0.017920166
8069,2025-01-27,2105,信隆健康,0.017917857
8070,2025-01-24,301296,新巨丰,0.017915905
8071,2025-01-27,301083,百胜智能,0.017914549
8072,2025-01-27,300507,苏奥传感,0.017913118
8073,2025-01-27,600221,海航控股,0.017912775
8074,2025-01-23,688639,华恒生物,0.017908454
8075,2025-01-27,2340,格林美,0.017906725
8076,2025-01-27,593,德龙汇能,0.017905638
8077,2025-01-27,407,胜利股份,0.017902091
8078,2025-01-24,300973,立高食品,0.017900363
8079,2025-01-24,300563,神宇股份,0.017897189
8080,2025-01-27,301388,欣灵电气,0.017896548
8081,2025-01-27,301103,何氏眼科,0.017894328
8082,2025-01-23,300861,美畅股份,0.017892614
8083,2025-01-23,2903,宇环数控,0.017892018
8084,2025-01-24,688558,国盛智科,0.017889887
8085,2025-01-27,300515,三德科技,0.017889544
8086,2025-01-23,300701,森霸传感,0.017886162
8087,2025-01-24,300219,鸿利智汇,0.017883569
8088,2025-01-24,605138,盛泰集团,0.017880663
8089,2025-01-27,601218,吉鑫科技,0.017873332
8090,2025-01-24,2838,道恩股份,0.017871529
8091,2025-01-24,301505,苏州规划,0.017870009
8092,2025-01-24,35,中国天楹,0.017869458
8093,2025-01-24,688630,芯碁微装,0.017864257
8094,2025-01-27,600906,财达证券,0.017861456
8095,2025-01-24,2639,雪人股份,0.017860502
8096,2025-01-24,688569,铁科轨道,0.017859146
8097,2025-01-24,688652,京仪装备,0.017857403
8098,2025-01-23,688098,申联生物,0.01785639
8099,2025-01-24,3015,日久光电,0.017853618
8100,2025-01-24,688486,龙迅股份,0.0178525
8101,2025-01-23,2121,科陆电子,0.017848402
8102,2025-01-23,677,恒天海龙,0.017840788
8103,2025-01-24,603567,珍宝岛,0.017838523
8104,2025-01-24,603738,泰晶科技,0.017834961
8105,2025-01-24,2771,真视通,0.017832309
8106,2025-01-27,600809,山西汾酒,0.017829001
8107,2025-01-24,300411,金盾股份,0.017824262
8108,2025-01-24,715,中兴商业,0.01781845
8109,2025-01-24,688409,富创精密,0.017815605
8110,2025-01-23,429,粤高速Ａ,0.017813832
8111,2025-01-27,1277,速达股份,0.017813325
8112,2025-01-27,600993,马应龙,0.01781331
8113,2025-01-23,603170,宝立食品,0.017812014
8114,2025-01-23,301376,致欧科技,0.017801866
8115,2025-01-23,2584,西陇科学,0.017798096
8116,2025-01-23,300109,新开源,0.017791554
8117,2025-01-24,2573,清新环境,0.01779002
8118,2025-01-23,300775,三角防务,0.017789572
8119,2025-01-23,300135,宝利国际,0.017788187
8120,2025-01-24,603586,金麒麟,0.017782584
8121,2025-01-23,2972,科安达,0.017776713
8122,2025-01-24,688211,中科微至,0.017775804
8123,2025-01-24,519,中兵红箭,0.017772987
8124,2025-01-24,603345,安井食品,0.017772049
8125,2025-01-24,603040,新坐标,0.017768517
8126,2025-01-23,811,冰轮环境,0.017766371
8127,2025-01-23,300149,睿智医药,0.01776588
8128,2025-01-27,300800,力合科技,0.017762199
8129,2025-01-27,603908,牧高笛,0.017757624
8130,2025-01-27,605169,洪通燃气,0.0177574
8131,2025-01-27,2097,山河智能,0.01775664
8132,2025-01-23,603212,赛伍技术,0.017754808
8133,2025-01-23,688123,聚辰股份,0.017752081
8134,2025-01-23,601512,中新集团,0.017750815
8135,2025-01-24,863,三湘印象,0.017750487
8136,2025-01-24,600683,京投发展,0.017749757
8137,2025-01-23,729,燕京啤酒,0.017748415
8138,2025-01-27,301065,本立科技,0.017745987
8139,2025-01-24,603826,坤彩科技,0.017744347
8140,2025-01-24,2076,星光股份,0.01774396
8141,2025-01-24,688510,航亚科技,0.017736569
8142,2025-01-27,2641,公元股份,0.01773581
8143,2025-01-27,603701,德宏股份,0.017734692
8144,2025-01-27,600476,湘邮科技,0.017733991
8145,2025-01-24,600651,飞乐音响,0.017732784
8146,2025-01-27,300138,晨光生物,0.017732129
8147,2025-01-23,300234,开尔新材,0.017729029
8148,2025-01-23,688630,芯碁微装,0.01772882
8149,2025-01-27,688125,安达智能,0.017726332
8150,2025-01-24,712,锦龙股份,0.01772426
8151,2025-01-23,300035,中科电气,0.017722204
8152,2025-01-27,2777,久远银海,0.017719015
8153,2025-01-24,2840,华统股份,0.017716885
8154,2025-01-27,301100,风光股份,0.017715529
8155,2025-01-24,2077,大港股份,0.017714486
8156,2025-01-24,600540,新赛股份,0.017706499
8157,2025-01-27,300373,扬杰科技,0.017703012
8158,2025-01-23,603711,香飘飘,0.017702267
8159,2025-01-23,688631,莱斯信息,0.017697439
8160,2025-01-23,2208,合肥城建,0.01769656
8161,2025-01-24,301077,星华新材,0.017696232
8162,2025-01-24,2769,普路通,0.01769109
8163,2025-01-23,2643,万润股份,0.017690763
8164,2025-01-23,600635,大众公用,0.017689213
8165,2025-01-23,300614,百川畅银,0.017688602
8166,2025-01-23,852,石化机械,0.01768732
8167,2025-01-27,600756,浪潮软件,0.017683446
8168,2025-01-23,605319,无锡振华,0.017678007
8169,2025-01-24,688169,石头科技,0.017675743
8170,2025-01-27,300909,汇创达,0.017666638
8171,2025-01-23,603229,奥翔药业,0.017665267
8172,2025-01-23,2677,浙江美大,0.017663822
8173,2025-01-24,600403,大有能源,0.01765865
8174,2025-01-23,688131,皓元医药,0.017658517
8175,2025-01-24,603329,上海雅仕,0.017657965
8176,2025-01-24,600081,东风科技,0.017652422
8177,2025-01-27,688505,复旦张江,0.017646313
8178,2025-01-23,600370,三房巷,0.01764363
8179,2025-01-24,301577,美信科技,0.017639786
8180,2025-01-27,603338,浙江鼎力,0.017637566
8181,2025-01-27,301033,迈普医学,0.017637566
8182,2025-01-27,605177,东亚药业,0.017636016
8183,2025-01-24,603878,武进不锈,0.017629296
8184,2025-01-27,301551,无线传媒,0.017623484
8185,2025-01-24,554,泰山石油,0.01762031
8186,2025-01-27,300915,海融科技,0.017619252
8187,2025-01-24,300318,博晖创新,0.017618418
8188,2025-01-23,2012,凯恩股份,0.017616004
8189,2025-01-24,688125,安达智能,0.017614633
8190,2025-01-23,301162,国能日新,0.017610893
8191,2025-01-27,300577,开润股份,0.01760742
8192,2025-01-23,300779,惠城环保,0.017606437
8193,2025-01-24,688772,珠海冠宇,0.01760611
8194,2025-01-23,300390,天华新能,0.01760605
8195,2025-01-24,300102,乾照光电,0.01760538
8196,2025-01-23,692,惠天热电,0.017604783
8197,2025-01-23,301211,亨迪药业,0.017600194
8198,2025-01-24,605,渤海股份,0.017598182
8199,2025-01-27,300899,上海凯鑫,0.01759629
8200,2025-01-24,603206,嘉环科技,0.017592475
8201,2025-01-27,301345,涛涛车业,0.017580256
8202,2025-01-27,600966,博汇纸业,0.017566472
8203,2025-01-27,2766,索菱股份,0.017564267
8204,2025-01-27,409,云鼎科技,0.017562613
8205,2025-01-24,300609,汇纳科技,0.01756017
8206,2025-01-24,688071,华依科技,0.017555937
8207,2025-01-27,2983,芯瑞达,0.017555669
8208,2025-01-27,688129,东来技术,0.01755555
8209,2025-01-27,688002,睿创微纳,0.017554909
8210,2025-01-23,688682,霍莱沃,0.017553136
8211,2025-01-27,688210,统联精密,0.017552197
8212,2025-01-27,600559,老白干酒,0.017551929
8213,2025-01-27,603201,常润股份,0.017550543
8214,2025-01-23,301031,中熔电气,0.017546475
8215,2025-01-27,300412,迦南科技,0.017546117
8216,2025-01-24,688553,汇宇制药-W,0.017539963
8217,2025-01-27,300303,聚飞光电,0.017536953
8218,2025-01-27,300584,海辰药业,0.017531961
8219,2025-01-23,2743,富煌钢构,0.017530322
8220,2025-01-24,603098,森特股份,0.017530218
8221,2025-01-23,1308,康冠科技,0.017529756
8222,2025-01-23,3031,中瓷电子,0.017525896
8223,2025-01-24,600595,中孚实业,0.017514408
8224,2025-01-24,32,深桑达Ａ,0.017512977
8225,2025-01-23,688657,浩辰软件,0.017512217
8226,2025-01-27,2911,佛燃能源,0.017512143
8227,2025-01-27,603979,金诚信,0.017511979
8228,2025-01-24,688371,菲沃泰,0.017511815
8229,2025-01-24,600511,国药股份,0.017509967
8230,2025-01-23,300814,中富电路,0.01750873
8231,2025-01-27,603022,新通联,0.017508507
8232,2025-01-23,2436,兴森科技,0.017506987
8233,2025-01-24,300680,隆盛科技,0.017505452
8234,2025-01-27,559,万向钱潮,0.017504722
8235,2025-01-27,2546,新联电子,0.017497078
8236,2025-01-27,2139,拓邦股份,0.017495826
8237,2025-01-24,688173,希荻微,0.017481074
8238,2025-01-27,300928,华安鑫创,0.017481
8239,2025-01-27,657,中钨高新,0.01747939
8240,2025-01-23,17,深中华A,0.017478675
8241,2025-01-27,688355,明志科技,0.017478675
8242,2025-01-27,601228,广州港,0.017478183
8243,2025-01-24,600883,博闻科技,0.017473191
8244,2025-01-24,922,佳电股份,0.017471626
8245,2025-01-23,2997,瑞鹄模具,0.017469615
8246,2025-01-23,300161,华中数控,0.01746948
8247,2025-01-23,300264,佳创视讯,0.017468065
8248,2025-01-24,600594,益佰制药,0.017465308
8249,2025-01-24,2169,智光电气,0.017463684
8250,2025-01-24,931,中 关 村,0.017460778
8251,2025-01-24,151,中成股份,0.017457873
8252,2025-01-23,2981,朝阳科技,0.017454565
8253,2025-01-27,600176,中国巨石,0.017452419
8254,2025-01-24,637,茂化实华,0.017449081
8255,2025-01-24,688217,睿昂基因,0.017446145
8256,2025-01-23,2151,北斗星通,0.017439723
8257,2025-01-23,688550,瑞联新材,0.017438963
8258,2025-01-27,301088,戎美股份,0.017435074
8259,2025-01-23,688082,盛美上海,0.017432526
8260,2025-01-27,600876,凯盛新能,0.017428562
8261,2025-01-23,600872,中炬高新,0.017428473
8262,2025-01-23,1331,胜通能源,0.017421395
8263,2025-01-27,688468,科美诊断,0.01742135
8264,2025-01-23,688207,格灵深瞳,0.017412812
8265,2025-01-23,600721,百花医药,0.017408714
8266,2025-01-24,301607,富特科技,0.017406747
8267,2025-01-23,2163,海南发展,0.01740545
8268,2025-01-24,601858,中国科传,0.017402679
8269,2025-01-23,688596,正帆科技,0.017396688
8270,2025-01-24,603167,渤海轮渡,0.017390296
8271,2025-01-24,300648,星云股份,0.01738225
8272,2025-01-24,603696,安记食品,0.017380267
8273,2025-01-27,688580,伟思医疗,0.017379165
8274,2025-01-23,2979,雷赛智能,0.017377228
8275,2025-01-23,600784,鲁银投资,0.017374694
8276,2025-01-23,688530,欧莱新材,0.017373562
8277,2025-01-27,600721,百花医药,0.017370284
8278,2025-01-24,600429,三元股份,0.017365783
8279,2025-01-27,688718,唯赛勃,0.017365709
8280,2025-01-27,600015,华夏银行,0.01736398
8281,2025-01-27,603968,醋化股份,0.017361507
8282,2025-01-23,300679,电连技术,0.017360479
8283,2025-01-23,2580,圣阳股份,0.017356634
8284,2025-01-27,21,深科技,0.017356008
8285,2025-01-23,601218,吉鑫科技,0.017352983
8286,2025-01-27,600969,郴电国际,0.017348677
8287,2025-01-27,600967,内蒙一机,0.017337367
8288,2025-01-24,300721,怡达股份,0.017336339
8289,2025-01-23,603185,弘元绿能,0.017335072
8290,2025-01-27,600684,珠江股份,0.017330572
8291,2025-01-23,603079,圣达生物,0.017328605
8292,2025-01-24,301272,英华特,0.017326325
8293,2025-01-27,605488,福莱新材,0.017325744
8294,2025-01-27,600338,西藏珠峰,0.017323643
8295,2025-01-23,300721,怡达股份,0.017323583
8296,2025-01-27,603311,金海高科,0.017322913
8297,2025-01-24,601881,中国银河,0.017322704
8298,2025-01-24,688286,敏芯股份,0.017319158
8299,2025-01-23,985,大庆华科,0.017318234
8300,2025-01-24,601010,文峰股份,0.01731722
8301,2025-01-23,600169,太原重工,0.017311856
8302,2025-01-27,603586,金麒麟,0.017311305
8303,2025-01-27,2796,世嘉科技,0.0173105
8304,2025-01-27,601139,深圳燃气,0.017307043
8305,2025-01-23,1896,豫能控股,0.017307013
8306,2025-01-23,601086,国芳集团,0.017305508
8307,2025-01-23,300722,新余国科,0.017301321
8308,2025-01-24,688380,中微半导,0.017299056
8309,2025-01-23,300291,百纳千成,0.017299041
8310,2025-01-23,600794,保税科技,0.017296344
8311,2025-01-27,688789,宏华数科,0.01729004
8312,2025-01-23,300964,本川智能,0.01728794
8313,2025-01-23,2176,江特电机,0.017287329
8314,2025-01-23,862,银星能源,0.01728499
8315,2025-01-23,688328,深科达,0.01728487
8316,2025-01-23,600038,中直股份,0.017284796
8317,2025-01-27,688425,铁建重工,0.017283767
8318,2025-01-23,2607,中公教育,0.017282799
8319,2025-01-27,600335,国机汽车,0.01727356
8320,2025-01-24,300564,筑博设计,0.017268598
8321,2025-01-23,301041,金百泽,0.017265141
8322,2025-01-27,600252,中恒集团,0.017262608
8323,2025-01-27,601008,连云港,0.017256305
8324,2025-01-27,301052,果麦文化,0.017252639
8325,2025-01-27,600085,同仁堂,0.017248154
8326,2025-01-24,69,华侨城Ａ,0.017244041
8327,2025-01-24,603127,昭衍新药,0.017241165
8328,2025-01-24,603055,台华新材,0.01723896
8329,2025-01-23,300103,达刚控股,0.017227381
8330,2025-01-24,600108,亚盛集团,0.01722619
8331,2025-01-23,710,贝瑞基因,0.017224967
8332,2025-01-24,2856,美芝股份,0.017220303
8333,2025-01-24,2330,得利斯,0.01721844
8334,2025-01-24,601028,玉龙股份,0.017217085
8335,2025-01-23,601279,英利汽车,0.017217025
8336,2025-01-23,600768,宁波富邦,0.017216057
8337,2025-01-27,603060,国检集团,0.017215565
8338,2025-01-27,2419,天虹股份,0.017215341
8339,2025-01-24,688110,东芯股份,0.017205998
8340,2025-01-24,600019,宝钢股份,0.017203093
8341,2025-01-23,300129,泰胜风能,0.017201677
8342,2025-01-23,300423,昇辉科技,0.017199323
8343,2025-01-27,2151,北斗星通,0.017193913
8344,2025-01-27,300801,泰和科技,0.017186508
8345,2025-01-23,657,中钨高新,0.017186016
8346,2025-01-23,603898,好莱客,0.017179474
8347,2025-01-24,600251,冠农股份,0.01717496
8348,2025-01-24,688550,瑞联新材,0.017169327
8349,2025-01-23,600570,恒生电子,0.01716736
8350,2025-01-27,688625,呈和科技,0.017167151
8351,2025-01-24,603205,健尔康,0.017162606
8352,2025-01-23,301555,惠柏新材,0.01716116
8353,2025-01-24,688456,有研粉材,0.017159507
8354,2025-01-23,600679,上海凤凰,0.017159417
8355,2025-01-27,603277,银都股份,0.017158866
8356,2025-01-24,603507,振江股份,0.017155066
8357,2025-01-23,300525,博思软件,0.017154738
8358,2025-01-24,601718,际华集团,0.017153755
8359,2025-01-21,300069,金利华电,0.01715073
8360,2025-01-23,2351,漫步者,0.017150447
8361,2025-01-24,688777,中控技术,0.017148376
8362,2025-01-23,688011,新光光电,0.01714708
8363,2025-01-23,688648,中邮科技,0.017141402
8364,2025-01-24,300890,翔丰华,0.017139941
8365,2025-01-27,605166,聚合顺,0.017139718
8366,2025-01-27,2343,慈文传媒,0.017134413
8367,2025-01-27,300752,隆利科技,0.017133802
8368,2025-01-23,922,佳电股份,0.017132714
8369,2025-01-27,600496,精工钢构,0.017124146
8370,2025-01-27,300963,中洲特材,0.017121926
8371,2025-01-23,1328,登康口腔,0.01711765
8372,2025-01-23,938,紫光股份,0.017116502
8373,2025-01-24,600882,妙可蓝多,0.017116293
8374,2025-01-23,301139,元道通信,0.017115057
8375,2025-01-23,301056,森赫股份,0.017113045
8376,2025-01-27,605100,华丰股份,0.017112955
8377,2025-01-23,2444,巨星科技,0.017112866
8378,2025-01-24,2377,国创高新,0.017108396
8379,2025-01-24,688671,碧兴物联,0.01710777
8380,2025-01-23,2888,惠威科技,0.017104015
8381,2025-01-23,688315,诺禾致源,0.017103776
8382,2025-01-24,300103,达刚控股,0.017100632
8383,2025-01-27,603867,新化股份,0.01709555
8384,2025-01-27,600433,冠豪高新,0.017094076
8385,2025-01-23,2160,常铝股份,0.017090067
8386,2025-01-23,300673,佩蒂股份,0.017089635
8387,2025-01-24,300109,新开源,0.017088354
8388,2025-01-23,301369,联动科技,0.017087594
8389,2025-01-27,2999,天禾股份,0.017087057
8390,2025-01-27,300441,鲍斯股份,0.017086715
8391,2025-01-23,600391,航发科技,0.017085537
8392,2025-01-24,603176,汇通集团,0.017082766
8393,2025-01-27,603162,海通发展,0.017075583
8394,2025-01-24,2696,百洋股份,0.017069772
8395,2025-01-27,2795,永和智控,0.017066523
8396,2025-01-24,300213,佳讯飞鸿,0.017063752
8397,2025-01-23,2114,罗平锌电,0.017045587
8398,2025-01-23,600079,人福医药,0.017043889
8399,2025-01-27,2088,鲁阳节能,0.017042115
8400,2025-01-24,300611,美力科技,0.017040908
8401,2025-01-27,603567,珍宝岛,0.017040402
8402,2025-01-23,301191,菲菱科思,0.017036915
8403,2025-01-27,688236,春立医疗,0.01702565
8404,2025-01-27,2488,金固股份,0.017023966
8405,2025-01-24,300620,光库科技,0.01702252
8406,2025-01-24,2428,云南锗业,0.017017305
8407,2025-01-24,601818,光大银行,0.017014831
8408,2025-01-27,2234,民和股份,0.017011732
8409,2025-01-23,300351,永贵电器,0.017010897
8410,2025-01-23,2481,双塔食品,0.017010882
8411,2025-01-27,601021,春秋航空,0.017010346
8412,2025-01-27,688653,康希通信,0.017008454
8413,2025-01-27,2655,共达电声,0.017007425
8414,2025-01-23,688325,赛微微电,0.017002106
8415,2025-01-24,603697,有友食品,0.01699932
8416,2025-01-23,603477,巨星农牧,0.016997874
8417,2025-01-24,2907,华森制药,0.01699762
8418,2025-01-24,2136,安 纳 达,0.016994402
8419,2025-01-24,688251,井松智能,0.016993165
8420,2025-01-23,2596,海南瑞泽,0.016992778
8421,2025-01-23,603062,麦加芯彩,0.016989887
8422,2025-01-23,301130,西点药业,0.016987652
8423,2025-01-24,603137,恒尚节能,0.016984537
8424,2025-01-23,69,华侨城Ａ,0.016979828
8425,2025-01-24,600101,明星电力,0.016976133
8426,2025-01-24,2801,微光股份,0.016973436
8427,2025-01-23,2049,紫光国微,0.016972616
8428,2025-01-24,688655,迅捷兴,0.016962767
8429,2025-01-27,3816,中国广核,0.016962752
8430,2025-01-27,600872,中炬高新,0.01696144
8431,2025-01-23,600155,华创云信,0.016958505
8432,2025-01-23,683,远兴能源,0.016958445
8433,2025-01-24,300576,容大感光,0.016952783
8434,2025-01-24,300199,翰宇药业,0.016951501
8435,2025-01-27,600927,永安期货,0.016949877
8436,2025-01-23,911,广农糖业,0.016948849
8437,2025-01-23,778,新兴铸管,0.016945705
8438,2025-01-23,301305,朗坤环境,0.016941652
8439,2025-01-27,603759,海天股份,0.016935378
8440,2025-01-23,300985,致远新能,0.016933784
8441,2025-01-23,524,岭南控股,0.016933337
8442,2025-01-27,688372,伟测科技,0.016930133
8443,2025-01-24,603385,惠达卫浴,0.016929507
8444,2025-01-24,300639,凯普生物,0.016929075
8445,2025-01-24,605133,嵘泰股份,0.016923323
8446,2025-01-24,688526,科前生物,0.016921178
8447,2025-01-24,600066,宇通客车,0.016919702
8448,2025-01-23,600782,新钢股份,0.01691465
8449,2025-01-23,300795,米奥会展,0.01691091
8450,2025-01-27,411,英特集团,0.016909748
8451,2025-01-24,600326,西藏天路,0.016909435
8452,2025-01-23,688388,嘉元科技,0.016909212
8453,2025-01-24,301580,爱迪特,0.016905442
8454,2025-01-24,2339,积成电子,0.016905159
8455,2025-01-24,955,欣龙控股,0.016903698
8456,2025-01-27,2492,恒基达鑫,0.016903281
8457,2025-01-24,300765,新诺威,0.016901761
8458,2025-01-23,688575,亚辉龙,0.016899034
8459,2025-01-23,603127,昭衍新药,0.016898528
8460,2025-01-24,2305,南国置业,0.016897142
8461,2025-01-24,600456,宝钛股份,0.016895741
8462,2025-01-24,300136,信维通信,0.016893983
8463,2025-01-24,300908,仲景食品,0.016886711
8464,2025-01-27,823,超声电子,0.016885668
8465,2025-01-23,965,天保基建,0.016885042
8466,2025-01-27,300508,维宏股份,0.016876101
8467,2025-01-23,600256,广汇能源,0.016872942
8468,2025-01-23,603909,建发合诚,0.016868949
8469,2025-01-23,600733,北汽蓝谷,0.016867235
8470,2025-01-23,688163,赛伦生物,0.016866654
8471,2025-01-23,2597,金禾实业,0.016864061
8472,2025-01-24,600221,海航控股,0.01686342
8473,2025-01-24,300791,仙乐健康,0.016858041
8474,2025-01-27,603601,再升科技,0.016857088
8475,2025-01-23,2162,悦心健康,0.016856477
8476,2025-01-27,300877,金春股份,0.01685454
8477,2025-01-27,2649,博彦科技,0.016852364
8478,2025-01-24,2201,正威新材,0.016852349
8479,2025-01-23,603931,格林达,0.016849115
8480,2025-01-27,2286,保龄宝,0.016848937
8481,2025-01-24,2984,森麒麟,0.01684551
8482,2025-01-24,605555,德昌股份,0.01683651
8483,2025-01-23,997,新 大 陆,0.016834438
8484,2025-01-24,603161,科华控股,0.01683186
8485,2025-01-23,2850,科达利,0.016830266
8486,2025-01-27,600583,海油工程,0.016829878
8487,2025-01-23,600675,中华企业,0.016823635
8488,2025-01-23,301519,舜禹股份,0.016822085
8489,2025-01-27,603057,紫燕食品,0.016821891
8490,2025-01-24,300383,光环新网,0.016819134
8491,2025-01-27,1376,百通能源,0.01681687
8492,2025-01-27,603125,常青科技,0.016813695
8493,2025-01-24,2003,伟星股份,0.016806975
8494,2025-01-24,600828,茂业商业,0.016806722
8495,2025-01-27,2516,旷达科技,0.01679869
8496,2025-01-24,600200,江苏吴中,0.016797483
8497,2025-01-24,688035,德邦科技,0.016796932
8498,2025-01-24,688418,震有科技,0.01679647
8499,2025-01-24,301090,华润材料,0.016794935
8500,2025-01-24,600015,华夏银行,0.016790628
8501,2025-01-27,2534,西子洁能,0.016786605
8502,2025-01-24,600855,航天长峰,0.016785637
8503,2025-01-27,603238,诺邦股份,0.01678446
8504,2025-01-24,603256,宏和科技,0.016784146
8505,2025-01-24,600642,申能股份,0.016783223
8506,2025-01-23,600716,凤凰股份,0.01678273
8507,2025-01-27,600562,国睿科技,0.016778946
8508,2025-01-23,605376,博迁新材,0.016774759
8509,2025-01-23,603535,嘉诚国际,0.01677297
8510,2025-01-24,605388,均瑶健康,0.016770601
8511,2025-01-24,300632,光莆股份,0.016769886
8512,2025-01-23,688321,微芯生物,0.016761601
8513,2025-01-24,300099,尤洛卡,0.01676111
8514,2025-01-24,603937,丽岛新材,0.016760185
8515,2025-01-23,300251,光线传媒,0.016757786
8516,2025-01-23,688385,复旦微电,0.016755342
8517,2025-01-24,2307,北新路桥,0.016752496
8518,2025-01-24,300214,日科化学,0.016750112
8519,2025-01-23,601658,邮储银行,0.016750038
8520,2025-01-24,300819,聚杰微纤,0.016749978
8521,2025-01-23,601236,红塔证券,0.016748995
8522,2025-01-23,603882,金域医学,0.016747385
8523,2025-01-24,300683,海特生物,0.016744599
8524,2025-01-27,600516,方大炭素,0.016740635
8525,2025-01-23,603799,华友钴业,0.016738772
8526,2025-01-24,3816,中国广核,0.016738698
8527,2025-01-23,600131,国网信通,0.016736493
8528,2025-01-24,688485,九州一轨,0.016734526
8529,2025-01-23,688613,奥精医疗,0.016733423
8530,2025-01-27,2043,兔 宝 宝,0.01672998
8531,2025-01-27,603639,海利尔,0.016728476
8532,2025-01-24,2479,富春环保,0.016725942
8533,2025-01-23,603601,再升科技,0.01672414
8534,2025-01-24,605376,博迁新材,0.016723812
8535,2025-01-23,300277,海联讯,0.0167232
8536,2025-01-23,688719,爱科赛博,0.01671806
8537,2025-01-27,603535,嘉诚国际,0.016717792
8538,2025-01-24,603383,顶点软件,0.016716823
8539,2025-01-27,603369,今世缘,0.016714454
8540,2025-01-23,610,西安旅游,0.01670985
8541,2025-01-24,576,甘化科工,0.016704306
8542,2025-01-24,301233,盛帮股份,0.016704291
8543,2025-01-24,2821,凯莱英,0.016700372
8544,2025-01-24,601086,国芳集团,0.016700312
8545,2025-01-23,2153,石基信息,0.016699523
8546,2025-01-27,2557,洽洽食品,0.016699255
8547,2025-01-27,713,丰乐种业,0.016698778
8548,2025-01-24,2766,索菱股份,0.016697854
8549,2025-01-24,603822,嘉澳环保,0.01669687
8550,2025-01-27,300363,博腾股份,0.01669629
8551,2025-01-23,300448,浩云科技,0.016695827
8552,2025-01-27,603153,上海建科,0.016695753
8553,2025-01-24,688520,神州细胞-U,0.016692862
8554,2025-01-27,1323,慕思股份,0.016691655
8555,2025-01-27,300897,山科智能,0.016690597
8556,2025-01-23,600989,宝丰能源,0.016682938
8557,2025-01-23,300295,三六五网,0.01668173
8558,2025-01-27,603127,昭衍新药,0.016681165
8559,2025-01-23,300686,智动力,0.01667744
8560,2025-01-23,600746,江苏索普,0.016677216
8561,2025-01-27,300559,佳发教育,0.01667504
8562,2025-01-24,300692,中环环保,0.01667358
8563,2025-01-27,2600,领益智造,0.01667288
8564,2025-01-21,300065,海兰信,0.016670868
8565,2025-01-23,300955,嘉亨家化,0.016667396
8566,2025-01-27,600000,浦发银行,0.016665623
8567,2025-01-24,600571,信雅达,0.016663238
8568,2025-01-24,2198,嘉应制药,0.01665479
8569,2025-01-24,300390,天华新能,0.01665324
8570,2025-01-24,300554,三超新材,0.016650781
8571,2025-01-27,738,航发控制,0.016649812
8572,2025-01-23,2551,尚荣医疗,0.016648456
8573,2025-01-23,300381,溢多利,0.016647384
8574,2025-01-24,605298,必得科技,0.016645446
8575,2025-01-23,603757,大元泵业,0.016640812
8576,2025-01-24,1266,宏英智能,0.016640067
8577,2025-01-27,301359,东南电子,0.016637102
8578,2025-01-27,301235,华康医疗,0.016635984
8579,2025-01-27,600368,五洲交通,0.01663573
8580,2025-01-24,300207,欣旺达,0.016633466
8581,2025-01-27,301099,雅创电子,0.016632125
8582,2025-01-27,2948,青岛银行,0.0166277
8583,2025-01-27,601888,中国中免,0.016625687
8584,2025-01-27,2054,德美化工,0.016625285
8585,2025-01-27,688120,华海清科,0.016622752
8586,2025-01-23,2820,桂发祥,0.016613722
8587,2025-01-23,601369,陕鼓动力,0.016612634
8588,2025-01-27,600928,西安银行,0.016609535
8589,2025-01-23,688157,松井股份,0.016606033
8590,2025-01-23,2223,鱼跃医疗,0.016600594
8591,2025-01-24,1268,联合精密,0.016597986
8592,2025-01-23,572,海马汽车,0.016596839
8593,2025-01-27,2458,益生股份,0.016593546
8594,2025-01-23,2769,普路通,0.01659298
8595,2025-01-24,301019,宁波色母,0.01658991
8596,2025-01-27,300896,爱美客,0.016584814
8597,2025-01-24,300658,延江股份,0.016583398
8598,2025-01-23,300458,全志科技,0.016580835
8599,2025-01-24,739,普洛药业,0.016579807
8600,2025-01-24,603938,三孚股份,0.016578928
8601,2025-01-24,2493,荣盛石化,0.016577348
8602,2025-01-27,601333,广深铁路,0.016576275
8603,2025-01-23,300672,国科微,0.016572818
8604,2025-01-23,1309,德明利,0.016563967
8605,2025-01-27,688510,航亚科技,0.01655963
8606,2025-01-23,600727,鲁北化工,0.016559243
8607,2025-01-27,2519,银河电子,0.01655884
8608,2025-01-24,301328,维峰电子,0.016556635
8609,2025-01-24,300958,建工修复,0.016556635
8610,2025-01-23,301226,祥明智能,0.016551062
8611,2025-01-23,601777,力帆科技,0.01654832
8612,2025-01-27,301279,金道科技,0.01654099
8613,2025-01-24,1207,联科科技,0.016534463
8614,2025-01-24,301295,美硕科技,0.016534314
8615,2025-01-23,600133,东湖高新,0.016530186
8616,2025-01-24,300684,中石科技,0.016528264
8617,2025-01-23,600566,济川药业,0.016522408
8618,2025-01-23,603338,浙江鼎力,0.016520888
8619,2025-01-27,2368,太极股份,0.016520455
8620,2025-01-27,300416,苏试试验,0.016520202
8621,2025-01-24,1298,好上好,0.016519114
8622,2025-01-27,2311,海大集团,0.016519055
8623,2025-01-23,2011,盾安环境,0.01650986
8624,2025-01-23,526,学大教育,0.016501531
8625,2025-01-27,600685,中船防务,0.016499206
8626,2025-01-27,3018,金富科技,0.016496629
8627,2025-01-23,605111,新洁能,0.016494408
8628,2025-01-24,300340,科恒股份,0.016494408
8629,2025-01-15,688293,奥浦迈,0.016484246
8630,2025-01-24,2378,章源钨业,0.016480014
8631,2025-01-23,301337,亚华电子,0.016478285
8632,2025-01-24,300241,瑞丰光电,0.016474038
8633,2025-01-23,301229,纽泰格,0.01646851
8634,2025-01-23,603096,新经典,0.01646696
8635,2025-01-24,301589,诺瓦星云,0.016460493
8636,2025-01-24,603609,禾丰股份,0.016458035
8637,2025-01-27,600285,羚锐制药,0.016457558
8638,2025-01-23,926,福星股份,0.016457096
8639,2025-01-23,300699,光威复材,0.016451642
8640,2025-01-27,2817,黄山胶囊,0.016450182
8641,2025-01-23,2475,立讯精密,0.016448021
8642,2025-01-24,753,漳州发展,0.016444057
8643,2025-01-27,600257,大湖股份,0.016439661
8644,2025-01-27,3009,中天火箭,0.016437456
8645,2025-01-27,688060,云涌科技,0.016437113
8646,2025-01-23,762,西藏矿业,0.016427875
8647,2025-01-23,812,陕西金叶,0.016422525
8648,2025-01-23,600640,国脉文化,0.016417146
8649,2025-01-27,603379,三美股份,0.01641643
8650,2025-01-24,2130,沃尔核材,0.016415268
8651,2025-01-23,300054,鼎龙股份,0.016411513
8652,2025-01-24,751,锌业股份,0.016410574
8653,2025-01-24,2192,融捷股份,0.016403764
8654,2025-01-23,300921,南凌科技,0.01639922
8655,2025-01-23,300148,天舟文化,0.016396672
8656,2025-01-27,1337,四川黄金,0.016394928
8657,2025-01-23,301382,蜂助手,0.016391203
8658,2025-01-24,301065,本立科技,0.016389146
8659,2025-01-23,600499,科达制造,0.016387448
8660,2025-01-27,603189,网达软件,0.016385242
8661,2025-01-27,688520,神州细胞-U,0.016383037
8662,2025-01-27,603199,九华旅游,0.016382068
8663,2025-01-27,2270,华明装备,0.016381398
8664,2025-01-23,300895,铜牛信息,0.016380817
8665,2025-01-23,688035,德邦科技,0.016380787
8666,2025-01-27,2078,太阳纸业,0.016380206
8667,2025-01-23,603810,丰山集团,0.016377226
8668,2025-01-23,600141,兴发集团,0.016376793
8669,2025-01-23,601607,上海医药,0.016376346
8670,2025-01-23,600967,内蒙一机,0.016373873
8671,2025-01-23,2624,完美世界,0.016373754
8672,2025-01-23,600860,京城股份,0.016372278
8673,2025-01-27,300512,中亚股份,0.016372144
8674,2025-01-23,300648,星云股份,0.016370833
8675,2025-01-23,34,神州数码,0.016367197
8676,2025-01-23,688135,利扬芯片,0.016366497
8677,2025-01-23,601881,中国银河,0.016365826
8678,2025-01-24,688584,上海合晶,0.01636073
8679,2025-01-27,605183,确成股份,0.016356006
8680,2025-01-24,600561,江西长运,0.016355664
8681,2025-01-24,300145,中金环境,0.016354546
8682,2025-01-24,300441,鲍斯股份,0.016346589
8683,2025-01-23,600827,百联股份,0.016344532
8684,2025-01-23,603137,恒尚节能,0.01633969
8685,2025-01-24,603508,思维列控,0.016335994
8686,2025-01-24,300121,阳谷华泰,0.01633589
8687,2025-01-24,300534,陇神戎发,0.016332507
8688,2025-01-24,2369,卓翼科技,0.016323417
8689,2025-01-24,2128,电投能源,0.016322285
8690,2025-01-23,532,华金资本,0.016321793
8691,2025-01-23,688005,容百科技,0.016318932
8692,2025-01-23,688078,龙软科技,0.016316712
8693,2025-01-24,301089,拓新药业,0.016314194
8694,2025-01-27,688479,友车科技,0.016314104
8695,2025-01-23,2222,福晶科技,0.016307324
8696,2025-01-24,600307,酒钢宏兴,0.016304478
8697,2025-01-23,300765,新诺威,0.016302258
8698,2025-01-23,530,冰山冷热,0.016298473
8699,2025-01-24,688368,晶丰明源,0.016298264
8700,2025-01-23,301571,国科天成,0.01629667
8701,2025-01-24,688728,格科微,0.01629448
8702,2025-01-23,688002,睿创微纳,0.016294017
8703,2025-01-23,600217,中再资环,0.016293973
8704,2025-01-23,301019,宁波色母,0.016292587
8705,2025-01-23,600562,国睿科技,0.0162915
8706,2025-01-27,600208,衢州发展,0.016287908
8707,2025-01-23,300576,容大感光,0.016285598
8708,2025-01-27,301039,中集车辆,0.016285256
8709,2025-01-23,600996,贵广网络,0.01628454
8710,2025-01-23,300254,仟源医药,0.016283527
8711,2025-01-23,603527,众源新材,0.016280532
8712,2025-01-24,300187,永清环保,0.016274914
8713,2025-01-23,600108,亚盛集团,0.01627186
8714,2025-01-23,603617,君禾股份,0.016270757
8715,2025-01-27,603181,皇马科技,0.016267195
8716,2025-01-24,300406,九强生物,0.016266108
8717,2025-01-23,603530,神马电力,0.016262665
8718,2025-01-24,300566,激智科技,0.016259044
8719,2025-01-23,1216,华瓷股份,0.01624605
8720,2025-01-23,605289,罗曼股份,0.016244099
8721,2025-01-23,688516,奥特维,0.016241342
8722,2025-01-24,2793,罗欣药业,0.01623632
8723,2025-01-27,2873,新天药业,0.016235158
8724,2025-01-23,1360,南矿集团,0.016234234
8725,2025-01-23,300384,三联虹普,0.016229019
8726,2025-01-24,600815,厦工股份,0.016223595
8727,2025-01-24,603320,迪贝电气,0.01622291
8728,2025-01-24,603986,兆易创新,0.016222775
8729,2025-01-24,603956,威派格,0.016220316
8730,2025-01-27,300349,金卡智能,0.016218603
8731,2025-01-27,600406,国电南瑞,0.016217709
8732,2025-01-27,300773,拉卡拉,0.01620163
8733,2025-01-27,49,德赛电池,0.016200796
8734,2025-01-24,688580,伟思医疗,0.016200066
8735,2025-01-24,600980,北矿科技,0.01619634
8736,2025-01-27,601001,晋控煤业,0.016194195
8737,2025-01-24,1,平安银行,0.016192332
8738,2025-01-23,2389,航天彩虹,0.016186595
8739,2025-01-23,600162,香江控股,0.016185045
8740,2025-01-27,600668,尖峰集团,0.01618047
8741,2025-01-23,605228,神通科技,0.01617907
8742,2025-01-23,300730,科创信息,0.016178697
8743,2025-01-24,603500,祥和实业,0.01617825
8744,2025-01-24,1318,阳光乳业,0.016178235
8745,2025-01-24,2962,五方光电,0.016176656
8746,2025-01-27,600382,广东明珠,0.01617013
8747,2025-01-27,601288,农业银行,0.016167179
8748,2025-01-24,688607,康众医疗,0.016165942
8749,2025-01-24,600879,航天电子,0.016165853
8750,2025-01-24,605500,森林包装,0.016159728
8751,2025-01-24,601002,晋亿实业,0.016154364
8752,2025-01-27,301370,国科恒泰,0.016150236
8753,2025-01-24,2679,福建金森,0.016150132
8754,2025-01-24,300877,金春股份,0.01614742
8755,2025-01-24,2410,广联达,0.016141921
8756,2025-01-23,600292,远达环保,0.0161414
8757,2025-01-24,601369,陕鼓动力,0.0161338
8758,2025-01-24,300862,蓝盾光电,0.016129985
8759,2025-01-23,600153,建发股份,0.016123354
8760,2025-01-27,605268,王力安防,0.016122028
8761,2025-01-24,300304,云意电气,0.016117454
8762,2025-01-24,605366,宏柏新材,0.016116992
8763,2025-01-23,603321,梅轮电梯,0.016109198
8764,2025-01-24,819,岳阳兴长,0.016106099
8765,2025-01-23,600779,水井坊,0.016105816
8766,2025-01-27,603579,荣泰健康,0.016105086
8767,2025-01-27,600279,重庆港,0.01609546
8768,2025-01-24,2258,利尔化学,0.016094938
8769,2025-01-27,600795,国电电力,0.016093463
8770,2025-01-24,735,罗 牛 山,0.016087577
8771,2025-01-23,300497,富祥药业,0.016087338
8772,2025-01-27,300813,泰林生物,0.016080126
8773,2025-01-24,688291,金橙子,0.016079322
8774,2025-01-24,600000,浦发银行,0.016079172
8775,2025-01-27,688109,品茗科技,0.016075999
8776,2025-01-27,600109,国金证券,0.01607436
8777,2025-01-24,300196,长海股份,0.016072229
8778,2025-01-23,1376,百通能源,0.016069457
8779,2025-01-24,1360,南矿集团,0.016063124
8780,2025-01-23,600684,珠江股份,0.016059995
8781,2025-01-23,688367,工大高科,0.016057655
8782,2025-01-24,300068,南都电源,0.016056225
8783,2025-01-23,688439,振华风光,0.016056135
8784,2025-01-23,2573,清新环境,0.016054034
8785,2025-01-24,301548,崇德科技,0.01605387
8786,2025-01-23,2766,索菱股份,0.016052455
8787,2025-01-24,603186,华正新材,0.01605229
8788,2025-01-27,2771,真视通,0.016046345
8789,2025-01-24,688234,天岳先进,0.01604411
8790,2025-01-23,300476,胜宏科技,0.016042337
8791,2025-01-27,521,长虹美菱,0.01604189
8792,2025-01-23,755,山西高速,0.01603946
8793,2025-01-24,2941,新疆交建,0.016037092
8794,2025-01-23,2396,星网锐捷,0.016034082
8795,2025-01-24,601155,新城控股,0.016027555
8796,2025-01-23,605218,伟时电子,0.016025752
8797,2025-01-24,688668,鼎通科技,0.016024351
8798,2025-01-24,603860,中公高科,0.016022518
8799,2025-01-27,601116,三江购物,0.016021803
8800,2025-01-24,600162,香江控股,0.016021729
8801,2025-01-27,688267,中触媒,0.016020805
8802,2025-01-23,600571,信雅达,0.016017511
8803,2025-01-24,600984,建设机械,0.016005397
8804,2025-01-23,605138,盛泰集团,0.015997559
8805,2025-01-23,2416,爱施德,0.015992448
8806,2025-01-24,600222,太龙药业,0.015990674
8807,2025-01-27,301500,飞南资源,0.015988722
8808,2025-01-24,1287,中电港,0.015982315
8809,2025-01-24,600581,八一钢铁,0.015981093
8810,2025-01-24,2523,天桥起重,0.015967816
8811,2025-01-23,637,茂化实华,0.015965238
8812,2025-01-24,977,浪潮信息,0.015964642
8813,2025-01-27,600477,杭萧钢构,0.015959933
8814,2025-01-27,603500,祥和实业,0.015959412
8815,2025-01-24,300831,派瑞股份,0.015958488
8816,2025-01-23,2579,中京电子,0.015958428
8817,2025-01-27,2598,山东章鼓,0.01595582
8818,2025-01-24,593,德龙汇能,0.015953839
8819,2025-01-27,301272,英华特,0.015952155
8820,2025-01-27,922,佳电股份,0.015951276
8821,2025-01-23,300397,天和防务,0.015949637
8822,2025-01-23,2320,海峡股份,0.015948832
8823,2025-01-24,688338,赛科希德,0.015947625
8824,2025-01-24,2176,江特电机,0.015942067
8825,2025-01-27,333,美的集团,0.015940621
8826,2025-01-23,601963,重庆银行,0.015937015
8827,2025-01-23,600157,永泰能源,0.015936315
8828,2025-01-23,300558,贝达药业,0.015932709
8829,2025-01-23,970,中科三环,0.015932292
8830,2025-01-27,600674,川投能源,0.015931144
8831,2025-01-27,600115,中国东航,0.015929341
8832,2025-01-24,688379,华光新材,0.015924811
8833,2025-01-24,603606,东方电缆,0.015924081
8834,2025-01-23,300164,通源石油,0.015923336
8835,2025-01-27,2230,科大讯飞,0.015923262
8836,2025-01-23,978,桂林旅游,0.015922204
8837,2025-01-23,301509,金凯生科,0.015920356
8838,2025-01-24,1278,一彬科技,0.015920073
8839,2025-01-24,2910,庄园牧场,0.015919402
8840,2025-01-27,600017,日照港,0.015919328
8841,2025-01-27,600645,中源协和,0.01591301
8842,2025-01-23,600223,福瑞达,0.015910149
8843,2025-01-23,688280,精进电动-UW,0.015907526
8844,2025-01-23,2558,巨人网络,0.015907243
8845,2025-01-27,688610,埃科光电,0.015907183
8846,2025-01-23,600410,华胜天成,0.015900537
8847,2025-01-23,582,北部湾港,0.015900224
8848,2025-01-23,300809,华辰装备,0.01589936
8849,2025-01-23,301312,智立方,0.015899047
8850,2025-01-23,300308,中际旭创,0.015896067
8851,2025-01-27,1300,三柏硕,0.015893564
8852,2025-01-24,601,韶能股份,0.015893415
8853,2025-01-23,2352,顺丰控股,0.015892133
8854,2025-01-27,2476,宝莫股份,0.015891597
8855,2025-01-27,300871,回盛生物,0.01588945
8856,2025-01-23,2881,美格智能,0.015887022
8857,2025-01-24,417,合百集团,0.015884236
8858,2025-01-23,300798,锦鸡股份,0.015883729
8859,2025-01-27,300833,浩洋股份,0.01588136
8860,2025-01-27,688296,和达科技,0.015879601
8861,2025-01-23,2135,东南网架,0.015879437
8862,2025-01-23,688239,航宇科技,0.01587589
8863,2025-01-27,2883,中设股份,0.015870705
8864,2025-01-27,948,南天信息,0.015869036
8865,2025-01-27,2990,盛视科技,0.015869007
8866,2025-01-27,688128,中国电研,0.015867814
8867,2025-01-23,300421,力星股份,0.01586619
8868,2025-01-24,600298,安琪酵母,0.015862316
8869,2025-01-27,2050,三花智控,0.015861914
8870,2025-01-27,600956,新天绿能,0.01586081
8871,2025-01-24,600241,时代万恒,0.015859738
8872,2025-01-23,2183,怡 亚 通,0.015857726
8873,2025-01-24,301137,哈焊华通,0.015856817
8874,2025-01-24,603156,养元饮品,0.01585558
8875,2025-01-27,601002,晋亿实业,0.015851364
8876,2025-01-27,301219,腾远钴业,0.015848354
8877,2025-01-23,757,浩物股份,0.015847296
8878,2025-01-23,600785,新华百货,0.015847176
8879,2025-01-24,300449,汉邦高科,0.015845925
8880,2025-01-24,603936,博敏电子,0.01584518
8881,2025-01-24,2949,华阳国际,0.015844822
8882,2025-01-24,2666,德联集团,0.015843883
8883,2025-01-27,600108,亚盛集团,0.015843585
8884,2025-01-24,605199,葫芦娃,0.015842393
8885,2025-01-23,300409,道氏技术,0.015842244
8886,2025-01-24,2355,兴民智通,0.015837863
8887,2025-01-24,567,海德股份,0.01583688
8888,2025-01-23,2201,正威新材,0.015836194
8889,2025-01-27,601096,宏盛华源,0.015834376
8890,2025-01-24,2460,赣锋锂业,0.01583159
8891,2025-01-23,301489,思泉新材,0.015831232
8892,2025-01-24,301419,阿莱德,0.015828907
8893,2025-01-23,601665,齐鲁银行,0.015826225
8894,2025-01-27,600517,国网英大,0.015821874
8895,2025-01-24,688045,必易微,0.015820444
8896,2025-01-23,301207,华兰疫苗,0.015820026
8897,2025-01-24,2146,荣盛发展,0.015819117
8898,2025-01-24,688209,英集芯,0.015817657
8899,2025-01-23,600302,标准股份,0.015815675
8900,2025-01-23,3038,鑫铂股份,0.015815318
8901,2025-01-23,688116,天奈科技,0.015810087
8902,2025-01-23,600660,福耀玻璃,0.015803188
8903,2025-01-27,686,东北证券,0.01580289
8904,2025-01-24,688366,昊海生科,0.015801251
8905,2025-01-24,2972,科安达,0.015798077
8906,2025-01-24,603283,赛腾股份,0.015798002
8907,2025-01-24,300110,华仁药业,0.015793338
8908,2025-01-23,603206,嘉环科技,0.01578711
8909,2025-01-24,2668,TCL智家,0.015782565
8910,2025-01-27,300371,汇中股份,0.01578182
8911,2025-01-24,301170,锡南科技,0.01578018
8912,2025-01-24,2990,盛视科技,0.015777946
8913,2025-01-27,300105,龙源技术,0.015770704
8914,2025-01-27,300357,我武生物,0.01577039
8915,2025-01-24,605567,春雪食品,0.015770197
8916,2025-01-24,301391,卡莱特,0.015767306
8917,2025-01-24,301363,美好医疗,0.015766665
8918,2025-01-27,601018,宁波港,0.015764117
8919,2025-01-27,2907,华森制药,0.015762582
8920,2025-01-24,2263,大东南,0.015753597
8921,2025-01-24,600851,海欣股份,0.015753224
8922,2025-01-23,601068,中铝国际,0.015753016
8923,2025-01-23,605056,咸亨国际,0.015752852
8924,2025-01-27,300868,杰美特,0.015743598
8925,2025-01-27,301026,浩通科技,0.015737206
8926,2025-01-27,601995,中金公司,0.015736505
8927,2025-01-24,2481,双塔食品,0.015733078
8928,2025-01-27,603299,苏盐井神,0.015731543
8929,2025-01-24,603839,安正时尚,0.015730321
8930,2025-01-24,2274,华昌化工,0.015729815
8931,2025-01-24,2590,万安科技,0.015729442
8932,2025-01-23,300890,翔丰华,0.01572895
8933,2025-01-24,601888,中国中免,0.015727758
8934,2025-01-27,2935,天奥电子,0.015727416
8935,2025-01-27,600135,乐凯胶片,0.015726358
8936,2025-01-23,2845,同兴达,0.015723929
8937,2025-01-24,688388,嘉元科技,0.015710622
8938,2025-01-23,603439,贵州三力,0.015707538
8939,2025-01-27,523,红棉股份,0.015703768
8940,2025-01-24,600229,城市传媒,0.015703142
8941,2025-01-27,301170,锡南科技,0.015699193
8942,2025-01-23,600366,宁波韵升,0.015698716
8943,2025-01-24,600866,星湖科技,0.01569584
8944,2025-01-23,600808,马钢股份,0.015695557
8945,2025-01-23,2842,翔鹭钨业,0.015695453
8946,2025-01-23,983,山西焦煤,0.015692562
8947,2025-01-27,603326,我乐家居,0.015690655
8948,2025-01-27,2913,奥士康,0.015684932
8949,2025-01-23,603122,合富中国,0.015684053
8950,2025-01-23,300457,赢合科技,0.015683457
8951,2025-01-23,2019,亿帆医药,0.015682131
8952,2025-01-23,300413,芒果超媒,0.015680954
8953,2025-01-24,600983,惠而浦,0.015675157
8954,2025-01-23,2301,齐心集团,0.015672177
8955,2025-01-24,301103,何氏眼科,0.015671194
8956,2025-01-24,600217,中再资环,0.015671104
8957,2025-01-24,301163,宏德股份,0.015666127
8958,2025-01-27,600846,同济科技,0.015663937
8959,2025-01-27,2725,跃岭股份,0.015663862
8960,2025-01-27,603937,丽岛新材,0.015662715
8961,2025-01-23,301538,骏鼎达,0.015661478
8962,2025-01-23,688347,华虹公司,0.015658587
8963,2025-01-23,300906,日月明,0.015657127
8964,2025-01-27,688616,西力科技,0.01565294
8965,2025-01-23,36,华联控股,0.015650183
8966,2025-01-27,600663,陆家嘴,0.01564981
8967,2025-01-23,301238,瑞泰新材,0.015648827
8968,2025-01-23,603311,金海高科,0.015648186
8969,2025-01-27,601866,中远海发,0.015646264
8970,2025-01-24,2159,三特索道,0.01564461
8971,2025-01-24,603272,联翔股份,0.015642598
8972,2025-01-23,2827,高争民爆,0.0156423
8973,2025-01-24,300833,浩洋股份,0.015641302
8974,2025-01-27,301215,中汽股份,0.01563701
8975,2025-01-27,2985,北摩高科,0.015636027
8976,2025-01-27,603040,新坐标,0.015635803
8977,2025-01-23,2471,中超控股,0.015634745
8978,2025-01-23,2956,西麦食品,0.015632793
8979,2025-01-24,300070,碧水源,0.015632138
8980,2025-01-23,301098,金埔园林,0.01562503
8981,2025-01-23,688689,银河微电,0.015623555
8982,2025-01-24,600327,大东方,0.015622392
8983,2025-01-24,600643,爱建集团,0.0156197995
8984,2025-01-23,603956,威派格,0.015615374
8985,2025-01-27,688102,斯瑞新材,0.015615344
8986,2025-01-23,2410,广联达,0.015613228
8987,2025-01-23,603615,茶花股份,0.01560922
8988,2025-01-23,3026,中晶科技,0.015608534
8989,2025-01-23,601226,华电科工,0.015604824
8990,2025-01-27,600887,伊利股份,0.015603945
8991,2025-01-23,761,本钢板材,0.015602067
8992,2025-01-23,603515,欧普照明,0.015601605
8993,2025-01-23,3011,海象新材,0.015601575
8994,2025-01-27,600682,南京新百,0.015597895
8995,2025-01-23,600736,苏州高新,0.015595779
8996,2025-01-24,600557,康缘药业,0.015589833
8997,2025-01-27,2262,恩华药业,0.01558885
8998,2025-01-23,301326,捷邦科技,0.015585676
8999,2025-01-24,49,德赛电池,0.015584901
9000,2025-01-27,2867,周大生,0.015583336
9001,2025-01-24,600563,法拉电子,0.015580952
9002,2025-01-24,300260,新莱应材,0.015580863
9003,2025-01-27,301087,可孚医疗,0.015580416
9004,2025-01-27,601512,中新集团,0.0155802965
9005,2025-01-24,688543,国科军工,0.015579641
9006,2025-01-23,603259,药明康德,0.015576184
9007,2025-01-24,300210,森远股份,0.015573651
9008,2025-01-24,301206,三元生物,0.015573129
9009,2025-01-23,300411,金盾股份,0.015568346
9010,2025-01-24,688602,康鹏科技,0.015567467
9011,2025-01-23,2947,恒铭达,0.015566424
9012,2025-01-23,300585,奥联电子,0.015560299
9013,2025-01-23,603721,中广天择,0.015560284
9014,2025-01-27,300019,硅宝科技,0.015559629
9015,2025-01-27,1211,双枪科技,0.015559047
9016,2025-01-23,301009,可靠股份,0.0155584365
9017,2025-01-27,688561,奇安信-U,0.015554756
9018,2025-01-24,300206,理邦仪器,0.015554726
9019,2025-01-23,688216,气派科技,0.015552223
9020,2025-01-24,600336,澳柯玛,0.0155444145
9021,2025-01-24,603270,金帝股份,0.015543193
9022,2025-01-27,600575,淮河能源,0.015543163
9023,2025-01-23,603108,润达医疗,0.015542775
9024,2025-01-24,300335,迪森股份,0.015541807
9025,2025-01-23,600392,盛和资源,0.015541017
9026,2025-01-24,34,神州数码,0.015537709
9027,2025-01-23,605,渤海股份,0.015532836
9028,2025-01-24,600279,重庆港,0.015527293
9029,2025-01-23,301308,江波龙,0.015527144
9030,2025-01-27,603288,海天味业,0.015523598
9031,2025-01-24,603266,天龙股份,0.015518874
9032,2025-01-23,601866,中远海发,0.015516907
9033,2025-01-23,600588,用友网络,0.015515104
9034,2025-01-23,600616,金枫酒业,0.015513435
9035,2025-01-23,300590,移为通信,0.015511036
9036,2025-01-24,603036,如通股份,0.015510842
9037,2025-01-23,603109,神驰机电,0.015506923
9038,2025-01-23,603019,中科曙光,0.015505448
9039,2025-01-24,2270,华明装备,0.015505239
9040,2025-01-24,300771,智莱科技,0.015503645
9041,2025-01-24,301002,崧盛股份,0.0155036
9042,2025-01-24,301060,兰卫医学,0.015501916
9043,2025-01-27,2073,软控股份,0.015501305
9044,2025-01-23,688389,普门科技,0.015500188
9045,2025-01-27,300979,华利集团,0.015499964
9046,2025-01-27,688325,赛微微电,0.015498802
9047,2025-01-24,2353,杰瑞股份,0.015498608
9048,2025-01-24,688518,联赢激光,0.015498489
9049,2025-01-24,600566,济川药业,0.0154979825
9050,2025-01-27,301189,奥尼电子,0.015496671
9051,2025-01-24,300195,长荣股份,0.015496656
9052,2025-01-27,301338,凯格精机,0.015496045
9053,2025-01-23,600546,山煤国际,0.015495047
9054,2025-01-27,300401,花园生物,0.015494838
9055,2025-01-27,603897,长城科技,0.01549454
9056,2025-01-24,688092,爱科科技,0.015493885
9057,2025-01-24,600662,外服控股,0.01549226
9058,2025-01-24,603628,清源股份,0.015489861
9059,2025-01-24,605228,神通科技,0.015488401
9060,2025-01-24,301121,紫建电子,0.01548712
9061,2025-01-27,603102,百合股份,0.015486583
9062,2025-01-24,301229,纽泰格,0.015485987
9063,2025-01-23,688182,灿勤科技,0.015484661
9064,2025-01-23,601898,中煤能源,0.015480369
9065,2025-01-24,605007,五洲特纸,0.015476674
9066,2025-01-23,301161,唯万密封,0.01547493
9067,2025-01-24,300142,沃森生物,0.015474394
9068,2025-01-27,301046,能辉科技,0.015467644
9069,2025-01-24,688203,海正生材,0.0154642165
9070,2025-01-27,600586,金晶科技,0.015461937
9071,2025-01-24,300400,劲拓股份,0.015461937
9072,2025-01-27,603052,可川科技,0.015460074
9073,2025-01-23,301212,联盛化学,0.01545389
9074,2025-01-27,300638,广和通,0.015448421
9075,2025-01-24,1979,招商蛇口,0.015447244
9076,2025-01-24,2333,罗普斯金,0.015445322
9077,2025-01-23,603087,甘李药业,0.0154418945
9078,2025-01-27,300428,立中集团,0.015439823
9079,2025-01-27,2941,新疆交建,0.01543802
9080,2025-01-24,601188,龙江交通,0.015434444
9081,2025-01-23,601156,东航物流,0.015432939
9082,2025-01-23,2828,贝肯能源,0.0154324025
9083,2025-01-27,688618,三旺通信,0.015430748
9084,2025-01-24,2203,海亮股份,0.015426666
9085,2025-01-23,600667,太极实业,0.015423968
9086,2025-01-23,2867,周大生,0.01542367
9087,2025-01-23,300908,仲景食品,0.015422419
9088,2025-01-23,603806,福斯特,0.015419275
9089,2025-01-24,603109,神驰机电,0.015402779
9090,2025-01-24,921,海信家电,0.015397102
9091,2025-01-24,767,晋控电力,0.015396774
9092,2025-01-24,300122,智飞生物,0.01539515
9093,2025-01-23,301231,荣信文化,0.015393645
9094,2025-01-24,2591,恒大高新,0.015390858
9095,2025-01-24,1215,千味央厨,0.015389696
9096,2025-01-27,603091,众鑫股份,0.015389025
9097,2025-01-24,603970,中农立华,0.015388608
9098,2025-01-23,300739,明阳电路,0.015384674
9099,2025-01-24,888,峨眉山Ａ,0.0153790265
9100,2025-01-24,600749,西藏旅游,0.01537548
9101,2025-01-27,601869,长飞光纤,0.015371606
9102,2025-01-23,603198,迎驾贡酒,0.0153698325
9103,2025-01-24,605020,永和股份,0.01536499
9104,2025-01-23,301633,港迪技术,0.015362233
9105,2025-01-24,301565,中仑新材,0.015358388
9106,2025-01-23,600594,益佰制药,0.015358359
9107,2025-01-27,603797,联泰环保,0.015353337
9108,2025-01-27,688011,新光光电,0.015351862
9109,2025-01-27,2987,京北方,0.015351012
9110,2025-01-24,2996,顺博合金,0.015348166
9111,2025-01-24,601233,桐昆股份,0.015347078
9112,2025-01-27,301303,真兰仪表,0.015345573
9113,2025-01-27,688469,芯联集成-U,0.01534237
9114,2025-01-24,603288,海天味业,0.015340298
9115,2025-01-23,949,新乡化纤,0.01533854
9116,2025-01-23,688169,石头科技,0.015336499
9117,2025-01-24,1239,永达股份,0.015335634
9118,2025-01-24,603087,甘李药业,0.015335202
9119,2025-01-24,600809,山西汾酒,0.015319452
9120,2025-01-24,603527,众源新材,0.0153187215
9121,2025-01-24,300487,蓝晓科技,0.015313834
9122,2025-01-24,600036,招商银行,0.015312016
9123,2025-01-23,301045,天禄科技,0.015310869
9124,2025-01-27,2398,垒知集团,0.0152964
9125,2025-01-23,11,深物业A,0.015293285
9126,2025-01-23,603511,爱慕股份,0.015291378
9127,2025-01-27,300519,新光药业,0.015285045
9128,2025-01-23,688711,宏微科技,0.015284598
9129,2025-01-23,2560,通达股份,0.015283406
9130,2025-01-23,300107,建新股份,0.0152805
9131,2025-01-23,600236,桂冠电力,0.015278578
9132,2025-01-24,300636,同和药业,0.015276432
9133,2025-01-23,300602,飞荣达,0.015270293
9134,2025-01-23,600765,中航重机,0.015269443
9135,2025-01-27,301107,瑜欣电子,0.015268236
9136,2025-01-27,2479,富春环保,0.015266612
9137,2025-01-23,300709,精研科技,0.01526162
9138,2025-01-23,2027,分众传媒,0.015260637
9139,2025-01-24,603439,贵州三力,0.015259922
9140,2025-01-24,603085,天成自控,0.01525864
9141,2025-01-27,600877,电科芯片,0.015258372
9142,2025-01-23,300122,智飞生物,0.015255138
9143,2025-01-24,300281,金明精机,0.015254319
9144,2025-01-23,600161,天坛生物,0.015253022
9145,2025-01-23,301429,森泰股份,0.015250668
9146,2025-01-24,601766,中国中车,0.015246689
9147,2025-01-23,2102,能特科技,0.015244126
9148,2025-01-24,300389,艾比森,0.015243396
9149,2025-01-24,301388,欣灵电气,0.015241429
9150,2025-01-24,600292,远达环保,0.015237749
9151,2025-01-23,300522,世名科技,0.01523672
9152,2025-01-27,2371,北方华创,0.015228033
9153,2025-01-23,603121,华培动力,0.015213639
9154,2025-01-24,600338,西藏珠峰,0.015212759
9155,2025-01-23,32,深桑达Ａ,0.0152107775
9156,2025-01-24,300026,红日药业,0.01520969
9157,2025-01-23,600231,凌钢股份,0.015199289
9158,2025-01-23,688112,鼎阳科技,0.015196681
9159,2025-01-23,601567,三星医疗,0.015193641
9160,2025-01-24,688536,思瑞浦,0.0151934475
9161,2025-01-23,600319,亚星化学,0.015192911
9162,2025-01-27,300848,美瑞新材,0.015191659
9163,2025-01-24,301307,美利信,0.015185341
9164,2025-01-23,300079,数码视讯,0.0151744485
9165,2025-01-23,300957,贝泰妮,0.015173122
9166,2025-01-23,300265,通光线缆,0.015173003
9167,2025-01-27,600660,福耀玻璃,0.0151719
9168,2025-01-23,300554,三超新材,0.015163466
9169,2025-01-24,603130,云中马,0.015160486
9170,2025-01-23,603676,卫信康,0.015159756
9171,2025-01-27,601890,亚星锚链,0.01515761
9172,2025-01-23,301360,荣旗科技,0.015154943
9173,2025-01-27,2212,天融信,0.015150651
9174,2025-01-27,300292,吴通控股,0.015150577
9175,2025-01-27,300200,高盟新材,0.015149042
9176,2025-01-27,601225,陕西煤业,0.0151456
9177,2025-01-23,419,通程控股,0.015143409
9178,2025-01-23,300102,乾照光电,0.015140355
9179,2025-01-27,600166,福田汽车,0.015137553
9180,2025-01-27,301367,怡和嘉业,0.015137076
9181,2025-01-24,969,安泰科技,0.015133575
9182,2025-01-23,600000,浦发银行,0.015127525
9183,2025-01-23,2472,双环传动,0.015126601
9184,2025-01-23,301328,维峰电子,0.015125483
9185,2025-01-23,300695,兆丰股份,0.015124902
9186,2025-01-24,300642,透景生命,0.0151214
9187,2025-01-27,603815,交建股份,0.015121251
9188,2025-01-27,301273,瑞晨环保,0.015120655
9189,2025-01-27,2472,双环传动,0.015119374
9190,2025-01-27,600518,康美药业,0.0151138455
9191,2025-01-27,300398,飞凯材料,0.0151115805
9192,2025-01-24,601633,长城汽车,0.0151094645
9193,2025-01-23,603225,新凤鸣,0.0151061565
9194,2025-01-24,600746,江苏索普,0.015097484
9195,2025-01-24,301107,瑜欣电子,0.015095502
9196,2025-01-23,2832,比音勒芬,0.01509437
9197,2025-01-23,2798,帝欧家居,0.015090525
9198,2025-01-24,600059,古越龙山,0.015087709
9199,2025-01-23,688551,科威尔,0.01508674
9200,2025-01-27,688272,富吉瑞,0.015082628
9201,2025-01-27,603501,韦尔股份,0.015074417
9202,2025-01-24,1216,华瓷股份,0.015074328
9203,2025-01-23,2886,沃特股份,0.015073791
9204,2025-01-27,300854,中兰环保,0.015066028
9205,2025-01-24,301189,奥尼电子,0.015064463
9206,2025-01-24,2688,金河生物,0.015061557
9207,2025-01-24,2444,巨星科技,0.015060529
9208,2025-01-24,300809,华辰装备,0.015056238
9209,2025-01-24,677,恒天海龙,0.015054032
9210,2025-01-24,600707,彩虹股份,0.015052408
9211,2025-01-23,1296,长江材料,0.015052363
9212,2025-01-23,600771,广誉远,0.0150523335
9213,2025-01-27,555,神州信息,0.015048578
9214,2025-01-23,688356,键凯科技,0.015035346
9215,2025-01-24,688501,青达环保,0.015034869
9216,2025-01-24,603276,恒兴新材,0.015033931
9217,2025-01-27,688455,科捷智能,0.015032083
9218,2025-01-27,1358,兴欣新材,0.015030414
9219,2025-01-24,300617,安靠智电,0.015029326
9220,2025-01-27,1316,润贝航科,0.015028238
9221,2025-01-24,603052,可川科技,0.015028119
9222,2025-01-23,603767,中马传动,0.015027687
9223,2025-01-27,688696,极米科技,0.015027493
9224,2025-01-27,300402,宝色股份,0.015026763
9225,2025-01-23,600103,青山纸业,0.015023798
9226,2025-01-27,603927,中科软,0.0150206685
9227,2025-01-27,301265,华新环保,0.015020445
9228,2025-01-24,2790,瑞尔特,0.015019879
9229,2025-01-27,601990,南京证券,0.01501745
9230,2025-01-27,601208,东材科技,0.015015259
9231,2025-01-24,688129,东来技术,0.015011072
9232,2025-01-23,2144,宏达高科,0.015010089
9233,2025-01-23,603583,捷昌驱动,0.014994398
9234,2025-01-24,300872,天阳科技,0.014987975
9235,2025-01-27,688180,君实生物-U,0.014987737
9236,2025-01-23,301348,蓝箭电子,0.0149865
9237,2025-01-27,600019,宝钢股份,0.014986232
9238,2025-01-27,601118,海南橡胶,0.014983773
9239,2025-01-27,300228,富瑞特装,0.014981642
9240,2025-01-23,301291,明阳电气,0.014973804
9241,2025-01-24,949,新乡化纤,0.01497364
9242,2025-01-27,601366,利群股份,0.01497227
9243,2025-01-27,2801,微光股份,0.014971957
9244,2025-01-23,1323,慕思股份,0.014965236
9245,2025-01-24,300916,朗特智能,0.014965132
9246,2025-01-23,2739,万达电影,0.01496473
9247,2025-01-23,601388,怡球资源,0.01496233
9248,2025-01-24,688329,艾隆科技,0.014958918
9249,2025-01-27,300632,光莆股份,0.014958218
9250,2025-01-24,603708,家家悦,0.014955044
9251,2025-01-24,600470,六国化工,0.014953867
9252,2025-01-24,300867,圣元环保,0.014953405
9253,2025-01-23,601888,中国中免,0.014953211
9254,2025-01-24,300709,精研科技,0.014951378
9255,2025-01-23,301498,乖宝宠物,0.014950782
9256,2025-01-24,600179,安通控股,0.014950097
9257,2025-01-24,600396,华电辽能,0.014948323
9258,2025-01-24,2728,特一药业,0.014947444
9259,2025-01-24,600148,长春一东,0.014940888
9260,2025-01-27,600222,太龙药业,0.014937431
9261,2025-01-24,603255,鼎际得,0.014936879
9262,2025-01-27,301015,百洋医药,0.014935166
9263,2025-01-24,600258,首旅酒店,0.014934793
9264,2025-01-24,688479,友车科技,0.014930233
9265,2025-01-23,301314,科瑞思,0.014925256
9266,2025-01-23,62,深圳华强,0.014920175
9267,2025-01-27,601881,中国银河,0.014916986
9268,2025-01-23,603018,华设集团,0.014914513
9269,2025-01-24,600853,龙建股份,0.014913753
9270,2025-01-27,2062,宏润建设,0.01490885
9271,2025-01-24,300586,美联新材,0.014908627
9272,2025-01-23,688238,和元生物,0.014905617
9273,2025-01-23,688690,纳微科技,0.014903918
9274,2025-01-24,600461,洪城环境,0.014902383
9275,2025-01-27,601339,百隆东方,0.014900655
9276,2025-01-24,600095,湘财股份,0.014897808
9277,2025-01-27,603458,勘设股份,0.014895394
9278,2025-01-24,2546,新联电子,0.014888942
9279,2025-01-24,688061,灿瑞科技,0.014888108
9280,2025-01-24,600860,京城股份,0.014884442
9281,2025-01-23,603380,易德龙,0.0148843825
9282,2025-01-27,605366,宏柏新材,0.014877483
9283,2025-01-23,300235,方直科技,0.014873013
9284,2025-01-24,2909,集泰股份,0.0148688555
9285,2025-01-27,300721,怡达股份,0.0148679465
9286,2025-01-27,688182,灿勤科技,0.014864966
9287,2025-01-23,2268,电科网安,0.014864668
9288,2025-01-24,301592,六九一二,0.014864162
9289,2025-01-27,301379,天山电子,0.014863014
9290,2025-01-23,600606,绿地控股,0.0148616135
9291,2025-01-24,2809,红墙股份,0.014861122
9292,2025-01-23,688261,东微半导,0.014860809
9293,2025-01-24,300254,仟源医药,0.014859155
9294,2025-01-27,301277,新天地,0.014858812
9295,2025-01-23,850,华茂股份,0.014857441
9296,2025-01-23,603686,福龙马,0.014854223
9297,2025-01-24,605196,华通线缆,0.0148523
9298,2025-01-27,300960,通业科技,0.014847368
9299,2025-01-27,300015,爱尔眼科,0.014845744
9300,2025-01-27,603528,多伦科技,0.014839128
9301,2025-01-24,2476,宝莫股份,0.0148379505
9302,2025-01-23,2493,荣盛石化,0.014835849
9303,2025-01-27,300358,楚天科技,0.014820889
9304,2025-01-27,997,新 大 陆,0.014805272
9305,2025-01-27,601838,成都银行,0.014803931
9306,2025-01-24,600010,包钢股份,0.014803469
9307,2025-01-23,600007,中国国贸,0.014802605
9308,2025-01-24,2548,金新农,0.014802277
9309,2025-01-27,300171,东富龙,0.014802232
9310,2025-01-24,601698,中国卫通,0.014799401
9311,2025-01-27,688273,麦澜德,0.01479888
9312,2025-01-24,603125,常青科技,0.014797553
9313,2025-01-24,300522,世名科技,0.014793947
9314,2025-01-27,900,现代投资,0.014791489
9315,2025-01-23,2226,江南化工,0.014788419
9316,2025-01-24,600496,精工钢构,0.014783636
9317,2025-01-23,600331,宏达股份,0.014778361
9318,2025-01-24,603626,科森科技,0.014776409
9319,2025-01-24,688285,高铁电气,0.014774874
9320,2025-01-27,603018,华设集团,0.014774248
9321,2025-01-24,688701,卓锦股份,0.014772236
9322,2025-01-27,600512,腾达建设,0.014771253
9323,2025-01-27,300643,万通智控,0.014769107
9324,2025-01-23,600774,汉商集团,0.014768362
9325,2025-01-23,300868,杰美特,0.014767572
9326,2025-01-27,600063,皖维高新,0.014765754
9327,2025-01-24,300357,我武生物,0.014765501
9328,2025-01-24,688215,瑞晟智能,0.014762193
9329,2025-01-23,688726,拉普拉斯,0.014760241
9330,2025-01-24,300008,天海防务,0.014760166
9331,2025-01-24,300803,指南针,0.014757752
9332,2025-01-23,688538,和辉光电-U,0.014756814
9333,2025-01-23,603499,翔港科技,0.014756739
9334,2025-01-23,605358,立昂微,0.0147563815
9335,2025-01-23,688718,唯赛勃,0.014751375
9336,2025-01-23,2984,森麒麟,0.014750421
9337,2025-01-23,600201,生物股份,0.014749005
9338,2025-01-23,300182,捷成股份,0.014748037
9339,2025-01-27,600301,华锡有色,0.014748007
9340,2025-01-27,601016,节能风电,0.014739126
9341,2025-01-24,300303,聚飞光电,0.014734909
9342,2025-01-24,600848,上海临港,0.014734328
9343,2025-01-24,600383,金地集团,0.0147327185
9344,2025-01-27,603192,汇得科技,0.014730647
9345,2025-01-23,300631,久吾高科,0.014727116
9346,2025-01-24,688069,德林海,0.014721796
9347,2025-01-23,688176,亚虹医药-U,0.014721274
9348,2025-01-27,301207,华兰疫苗,0.014720485
9349,2025-01-24,2436,兴森科技,0.01472041
9350,2025-01-27,688681,科汇股份,0.014716387
9351,2025-01-23,2166,莱茵生物,0.014715984
9352,2025-01-24,2238,天威视讯,0.014714688
9353,2025-01-23,2270,华明装备,0.014710635
9354,2025-01-24,2112,三变科技,0.014708266
9355,2025-01-24,600970,中材国际,0.014706999
9356,2025-01-23,603897,长城科技,0.014701977
9357,2025-01-23,300604,长川科技,0.014699295
9358,2025-01-27,300873,海晨股份,0.014697373
9359,2025-01-27,2410,广联达,0.014695868
9360,2025-01-24,301551,无线传媒,0.014694825
9361,2025-01-24,2817,黄山胶囊,0.014692619
9362,2025-01-27,2772,众兴菌业,0.014691994
9363,2025-01-27,2869,金溢科技,0.014676213
9364,2025-01-23,2616,长青集团,0.014674813
9365,2025-01-23,605151,西上海,0.014671028
9366,2025-01-23,300398,飞凯材料,0.014670938
9367,2025-01-23,300757,罗博特科,0.014670625
9368,2025-01-27,603790,雅运股份,0.0146699995
9369,2025-01-23,688519,南亚新材,0.014667839
9370,2025-01-27,3035,南网能源,0.014667258
9371,2025-01-24,603207,小方制药,0.014664739
9372,2025-01-23,688117,圣诺生物,0.014664084
9373,2025-01-23,603580,艾艾精工,0.014663577
9374,2025-01-27,300470,中密控股,0.014662355
9375,2025-01-24,600226,亨通股份,0.014661789
9376,2025-01-23,688620,安凯微,0.014659435
9377,2025-01-24,2953,日丰股份,0.014654115
9378,2025-01-24,688271,联影医疗,0.014652699
9379,2025-01-23,600561,江西长运,0.014649376
9380,2025-01-27,300295,三六五网,0.014649108
9381,2025-01-27,688188,柏楚电子,0.014646426
9382,2025-01-27,2984,森麒麟,0.014645174
9383,2025-01-23,600613,神奇制药,0.014640197
9384,2025-01-23,601088,中国神华,0.014633477
9385,2025-01-24,617,中油资本,0.014632106
9386,2025-01-27,688639,华恒生物,0.014628395
9387,2025-01-24,517,荣安地产,0.014627472
9388,2025-01-23,301272,英华特,0.014626294
9389,2025-01-24,603311,金海高科,0.014622569
9390,2025-01-27,300983,尤安设计,0.01461871
9391,2025-01-24,300471,厚普股份,0.014618054
9392,2025-01-27,600834,申通地铁,0.014613226
9393,2025-01-23,2422,科伦药业,0.014612764
9394,2025-01-23,2554,惠博普,0.014610395
9395,2025-01-27,688319,欧林生物,0.014608443
9396,2025-01-24,300854,中兰环保,0.0146029
9397,2025-01-27,605319,无锡振华,0.014600426
9398,2025-01-24,300557,理工光科,0.014598519
9399,2025-01-24,301332,德尔玛,0.014595717
9400,2025-01-24,603037,凯众股份,0.014586866
9401,2025-01-23,600560,金自天正,0.014586791
9402,2025-01-23,301033,迈普医学,0.014583528
9403,2025-01-24,300739,明阳电路,0.014581591
9404,2025-01-23,300535,达威股份,0.01458101
9405,2025-01-27,2595,豪迈科技,0.014580727
9406,2025-01-23,688122,西部超导,0.014576495
9407,2025-01-27,1,平安银行,0.014575541
9408,2025-01-23,601058,赛轮轮胎,0.014572397
9409,2025-01-23,605068,明新旭腾,0.014571637
9410,2025-01-24,600123,兰花科创,0.014570832
9411,2025-01-24,300501,海顺新材,0.014569506
9412,2025-01-23,300755,华致酒行,0.01456736
9413,2025-01-23,300966,共同药业,0.01456663
9414,2025-01-24,301223,中荣股份,0.014565736
9415,2025-01-27,603515,欧普照明,0.014560789
9416,2025-01-23,37,深南电A,0.014559716
9417,2025-01-23,600707,彩虹股份,0.01455681
9418,2025-01-24,926,福星股份,0.014556691
9419,2025-01-23,688798,艾为电子,0.014553919
9420,2025-01-24,12,南  玻Ａ,0.014553502
9421,2025-01-27,951,中国重汽,0.014552161
9422,2025-01-24,301128,强瑞技术,0.014551789
9423,2025-01-24,2867,周大生,0.014546931
9424,2025-01-27,300860,锋尚文化,0.014544383
9425,2025-01-24,601963,重庆银行,0.014543846
9426,2025-01-23,301307,美利信,0.014543682
9427,2025-01-27,600236,桂冠电力,0.014533505
9428,2025-01-23,537,中绿电,0.014532939
9429,2025-01-24,603605,珀莱雅,0.0145263225
9430,2025-01-27,301234,五洲医疗,0.014526293
9431,2025-01-27,603191,望变电气,0.014513642
9432,2025-01-24,2743,富煌钢构,0.014513284
9433,2025-01-24,300995,奇德新材,0.014505282
9434,2025-01-27,601985,中国核电,0.014502838
9435,2025-01-27,300910,瑞丰新材,0.014499515
9436,2025-01-27,600667,太极实业,0.01449874
9437,2025-01-24,601999,出版传媒,0.01449433
9438,2025-01-24,1279,强邦新材,0.01448448
9439,2025-01-23,603766,隆鑫通用,0.014483362
9440,2025-01-24,603630,拉芳家化,0.014480069
9441,2025-01-24,2952,亚世光电,0.014472857
9442,2025-01-24,600694,大商股份,0.014470503
9443,2025-01-23,603533,掌阅科技,0.014468908
9444,2025-01-24,301418,协昌科技,0.014468372
9445,2025-01-23,688653,康希通信,0.014466092
9446,2025-01-27,603096,新经典,0.014466003
9447,2025-01-24,603071,物产环能,0.0144656
9448,2025-01-24,603520,司太立,0.014465541
9449,2025-01-23,2510,天汽模,0.014462993
9450,2025-01-23,603100,川仪股份,0.01445961
9451,2025-01-23,603630,拉芳家化,0.014456093
9452,2025-01-27,601998,中信银行,0.0144547075
9453,2025-01-27,600143,金发科技,0.014453277
9454,2025-01-27,300550,和仁科技,0.0144512355
9455,2025-01-24,601658,邮储银行,0.014445737
9456,2025-01-23,2879,长缆科技,0.014439061
9457,2025-01-27,603260,合盛硅业,0.014436528
9458,2025-01-24,300596,利安隆,0.014435932
9459,2025-01-23,300466,赛摩智能,0.014435649
9460,2025-01-27,603318,水发燃气,0.014431328
9461,2025-01-27,600377,宁沪高速,0.014427125
9462,2025-01-23,301021,英诺激光,0.014423281
9463,2025-01-23,603116,红蜻蜓,0.014421403
9464,2025-01-23,2594,比亚迪,0.014420718
9465,2025-01-23,936,华西股份,0.0144182
9466,2025-01-24,601336,新华保险,0.014417589
9467,2025-01-24,68,华控赛格,0.014413774
9468,2025-01-24,601665,齐鲁银行,0.014412537
9469,2025-01-27,300664,鹏鹞环保,0.014412403
9470,2025-01-23,600718,东软集团,0.0144123435
9471,2025-01-23,300240,飞力达,0.014410406
9472,2025-01-23,301256,华融化学,0.014409617
9473,2025-01-23,300846,首都在线,0.014409289
9474,2025-01-27,507,珠海港,0.014408007
9475,2025-01-27,603218,日月股份,0.01440613
9476,2025-01-24,301203,国泰环保,0.014402494
9477,2025-01-24,300706,阿石创,0.014402136
9478,2025-01-23,969,安泰科技,0.014397234
9479,2025-01-27,603203,快克智能,0.014396086
9480,2025-01-24,409,云鼎科技,0.014395803
9481,2025-01-23,300546,雄帝科技,0.01438731
9482,2025-01-23,300653,正海生物,0.014387175
9483,2025-01-24,1210,金房能源,0.014386058
9484,2025-01-23,300343,联创股份,0.0143844485
9485,2025-01-27,300951,博硕科技,0.01438418
9486,2025-01-27,2409,雅克科技,0.014381111
9487,2025-01-23,688178,万德斯,0.014380857
9488,2025-01-27,601886,江河集团,0.014378667
9489,2025-01-23,603081,大丰实业,0.01437822
9490,2025-01-27,683,远兴能源,0.014376685
9491,2025-01-27,600189,泉阳泉,0.014368787
9492,2025-01-23,688610,埃科光电,0.014368534
9493,2025-01-24,3028,振邦智能,0.0143663585
9494,2025-01-24,2982,湘佳股份,0.014363721
9495,2025-01-23,600519,贵州茅台,0.014357686
9496,2025-01-24,301376,致欧科技,0.014351666
9497,2025-01-27,603279,景津装备,0.014351115
9498,2025-01-24,300813,泰林生物,0.01434882
9499,2025-01-27,2457,青龙管业,0.014348373
9500,2025-01-27,600918,中泰证券,0.014340237
9501,2025-01-23,300332,天壕能源,0.014337629
9502,2025-01-24,603968,醋化股份,0.014337316
9503,2025-01-27,2065,东华软件,0.014336377
9504,2025-01-24,300363,博腾股份,0.014332801
9505,2025-01-23,2137,实益达,0.014332578
9506,2025-01-23,2456,欧菲光,0.0143235475
9507,2025-01-24,300387,富邦科技,0.0143231
9508,2025-01-27,600089,特变电工,0.014317244
9509,2025-01-23,301011,华立科技,0.014315695
9510,2025-01-24,600633,浙数文化,0.014313817
9511,2025-01-27,2079,苏州固锝,0.0143137425
9512,2025-01-27,301125,腾亚精工,0.014312491
9513,2025-01-24,301209,联合化学,0.014309257
9514,2025-01-27,2179,中航光电,0.014307663
9515,2025-01-27,600197,伊力特,0.014306873
9516,2025-01-24,2376,新北洋,0.014304623
9517,2025-01-24,1218,丽臣实业,0.014304608
9518,2025-01-24,301367,怡和嘉业,0.01429981
9519,2025-01-23,603110,东方材料,0.014296338
9520,2025-01-24,1358,兴欣新材,0.014294431
9521,2025-01-24,300138,晨光生物,0.014292449
9522,2025-01-27,600903,贵州燃气,0.014292285
9523,2025-01-27,2871,伟隆股份,0.014291495
9524,2025-01-23,300740,水羊股份,0.014286563
9525,2025-01-23,2106,莱宝高科,0.014285192
9526,2025-01-23,603139,康惠制药,0.014283299
9527,2025-01-27,601872,招商轮船,0.014281303
9528,2025-01-23,600483,福能股份,0.014281154
9529,2025-01-23,600460,士兰微,0.014278039
9530,2025-01-24,2209,达 意 隆,0.014278039
9531,2025-01-24,300808,久量股份,0.014275968
9532,2025-01-24,300351,永贵电器,0.0142747015
9533,2025-01-27,605577,龙版传媒,0.01427348
9534,2025-01-23,600586,金晶科技,0.014271483
9535,2025-01-23,300417,南华仪器,0.014271155
9536,2025-01-23,300706,阿石创,0.014267653
9537,2025-01-24,619,海螺新材,0.014267445
9538,2025-01-24,688789,宏华数科,0.014265269
9539,2025-01-23,2948,青岛银行,0.014262632
9540,2025-01-23,301132,满坤科技,0.014258862
9541,2025-01-27,601968,宝钢包装,0.014257133
9542,2025-01-27,605507,国邦医药,0.014255628
9543,2025-01-24,600236,桂冠电力,0.014255479
9544,2025-01-27,300196,长海股份,0.014252678
9545,2025-01-27,300806,斯迪克,0.014252052
9546,2025-01-24,603558,健盛集团,0.014250621
9547,2025-01-24,2572,索菲亚,0.014248848
9548,2025-01-24,600183,生益科技,0.014247358
9549,2025-01-24,300181,佐力药业,0.014238402
9550,2025-01-23,300124,汇川技术,0.014238253
9551,2025-01-27,2467,二六三,0.014235511
9552,2025-01-27,2818,富森美,0.014227286
9553,2025-01-23,300818,耐普矿机,0.014223665
9554,2025-01-23,2263,大东南,0.01422289
9555,2025-01-24,600789,鲁抗医药,0.014221773
9556,2025-01-24,2017,东信和平,0.01421985
9557,2025-01-24,601388,怡球资源,0.014218599
9558,2025-01-24,600105,永鼎股份,0.014216527
9559,2025-01-23,718,苏宁环球,0.014213309
9560,2025-01-24,300444,双杰电气,0.01421237
9561,2025-01-23,300582,英飞特,0.014211595
9562,2025-01-23,767,晋控电力,0.01421082
9563,2025-01-23,301111,粤万年青,0.014210314
9564,2025-01-23,300993,玉马科技,0.014209822
9565,2025-01-24,811,冰轮环境,0.014207259
9566,2025-01-27,688232,新点软件,0.014203042
9567,2025-01-24,301398,星源卓镁,0.014199108
9568,2025-01-23,688008,澜起科技,0.014199063
9569,2025-01-24,1234,泰慕士,0.0141958445
9570,2025-01-23,300573,兴齐眼药,0.014194399
9571,2025-01-24,600729,重庆百货,0.014193192
9572,2025-01-27,55,方大集团,0.014191121
9573,2025-01-24,750,国海证券,0.014190897
9574,2025-01-23,301332,德尔玛,0.01418972
9575,2025-01-24,603279,景津装备,0.014186248
9576,2025-01-23,300217,东方电热,0.014185011
9577,2025-01-24,300402,宝色股份,0.014176145
9578,2025-01-24,582,北部湾港,0.014168188
9579,2025-01-23,2357,富临运业,0.014163405
9580,2025-01-23,600101,明星电力,0.014158994
9581,2025-01-23,2282,博深股份,0.014154628
9582,2025-01-27,2154,报 喜 鸟,0.014151067
9583,2025-01-23,301203,国泰环保,0.014148027
9584,2025-01-23,603912,佳力图,0.014146119
9585,2025-01-23,2950,奥美医疗,0.014145687
9586,2025-01-27,300653,正海生物,0.014142916
9587,2025-01-23,600835,上海机电,0.014140025
9588,2025-01-24,786,北新建材,0.014135942
9589,2025-01-24,680,山推股份,0.01413472
9590,2025-01-24,603767,中马传动,0.01413469
9591,2025-01-27,603131,上海沪工,0.014132842
9592,2025-01-24,301353,普莱得,0.014125481
9593,2025-01-23,300970,华绿生物,0.014125481
9594,2025-01-27,300658,延江股份,0.014125437
9595,2025-01-27,300845,捷安高科,0.014125332
9596,2025-01-24,2824,和胜股份,0.014122978
9597,2025-01-27,301000,肇民科技,0.014121875
9598,2025-01-24,301201,诚达药业,0.014114484
9599,2025-01-27,600011,华能国际,0.014111549
9600,2025-01-24,300140,节能环境,0.014110491
9601,2025-01-24,300223,北京君正,0.014105499
9602,2025-01-24,301026,浩通科技,0.014102057
9603,2025-01-24,300594,朗进科技,0.014097601
9604,2025-01-23,1317,三羊马,0.014096856
9605,2025-01-24,688681,科汇股份,0.014096558
9606,2025-01-24,301133,金钟股份,0.014096186
9607,2025-01-24,601009,南京银行,0.014094546
9608,2025-01-24,2761,浙江建投,0.014089644
9609,2025-01-27,601988,中国银行,0.014085174
9610,2025-01-24,301046,能辉科技,0.014084846
9611,2025-01-23,2099,海翔药业,0.014083266
9612,2025-01-23,600476,湘邮科技,0.014083028
9613,2025-01-24,603200,上海洗霸,0.014081135
9614,2025-01-27,600662,外服控股,0.014080808
9615,2025-01-27,301408,华人健康,0.014078468
9616,2025-01-23,688147,微导纳米,0.0140762925
9617,2025-01-27,688333,铂力特,0.014076084
9618,2025-01-24,600675,中华企业,0.014072239
9619,2025-01-23,603839,安正时尚,0.014071465
9620,2025-01-23,688443,智翔金泰-U,0.014065549
9621,2025-01-27,603638,艾迪精密,0.014064327
9622,2025-01-23,300480,光力科技,0.014059782
9623,2025-01-24,2332,仙琚制药,0.014058143
9624,2025-01-24,300320,海达股份,0.014057845
9625,2025-01-23,301093,华兰股份,0.014053047
9626,2025-01-23,300263,隆华科技,0.014050037
9627,2025-01-23,1215,千味央厨,0.014049053
9628,2025-01-23,688208,道通科技,0.014045924
9629,2025-01-24,600127,金健米业,0.01404576
9630,2025-01-24,2886,沃特股份,0.014044642
9631,2025-01-27,301167,建研设计,0.0140339285
9632,2025-01-24,2614,奥佳华,0.014032841
9633,2025-01-27,301282,金禄电子,0.014030591
9634,2025-01-23,688069,德林海,0.0140239
9635,2025-01-23,300768,迪普科技,0.014022887
9636,2025-01-23,603307,扬州金泉,0.014022201
9637,2025-01-27,300318,博晖创新,0.01402016
9638,2025-01-23,300407,凯发电气,0.014017031
9639,2025-01-23,301533,威马农机,0.014013782
9640,2025-01-23,603595,东尼电子,0.014010802
9641,2025-01-27,603919,金徽酒,0.013998672
9642,2025-01-23,1300,三柏硕,0.0139968395
9643,2025-01-23,688789,宏华数科,0.013996139
9644,2025-01-27,603613,国联股份,0.013988674
9645,2025-01-23,688655,迅捷兴,0.013985932
9646,2025-01-27,1328,登康口腔,0.013984397
9647,2025-01-27,603725,天安新材,0.013984188
9648,2025-01-23,688455,科捷智能,0.013977885
9649,2025-01-24,600725,云维股份,0.013973579
9650,2025-01-23,300718,长盛轴承,0.013968661
9651,2025-01-27,600845,宝信软件,0.013968244
9652,2025-01-24,603303,得邦照明,0.013967752
9653,2025-01-23,600816,建元信托,0.013966262
9654,2025-01-24,300779,惠城环保,0.0139654875
9655,2025-01-24,626,远大控股,0.013951629
9656,2025-01-24,2234,民和股份,0.013944536
9657,2025-01-27,688059,华锐精密,0.013943434
9658,2025-01-24,300243,瑞丰高材,0.013943225
9659,2025-01-24,521,长虹美菱,0.01394248
9660,2025-01-23,301588,美新科技,0.013938338
9661,2025-01-23,300485,赛升药业,0.013938099
9662,2025-01-23,688132,邦彦技术,0.013933837
9663,2025-01-23,688125,安达智能,0.013933405
9664,2025-01-27,300888,稳健医疗,0.013930321
9665,2025-01-24,603939,益丰药房,0.013928175
9666,2025-01-23,601825,沪农商行,0.0139267
9667,2025-01-23,2080,中材科技,0.01392521
9668,2025-01-24,301518,长华化学,0.0139217675
9669,2025-01-23,2931,锋龙股份,0.0139198005
9670,2025-01-27,2651,利君股份,0.01391153
9671,2025-01-24,300978,东箭科技,0.013911024
9672,2025-01-23,301505,苏州规划,0.013909683
9673,2025-01-27,605222,起帆电缆,0.013909087
9674,2025-01-24,600489,中金黄金,0.013902903
9675,2025-01-27,605151,西上海,0.013900414
9676,2025-01-27,300863,卡倍亿,0.013900295
9677,2025-01-23,603696,安记食品,0.013898492
9678,2025-01-27,605003,众望布艺,0.01389423
9679,2025-01-24,601606,长城军工,0.013893381
9680,2025-01-27,300404,博济医药,0.013888925
9681,2025-01-27,300193,佳士科技,0.0138875395
9682,2025-01-23,600548,深高速,0.013882443
9683,2025-01-23,688099,晶晨股份,0.013880402
9684,2025-01-24,300755,华致酒行,0.013875991
9685,2025-01-23,300181,佐力药业,0.013874412
9686,2025-01-27,2803,吉宏股份,0.013873845
9687,2025-01-23,601633,长城汽车,0.013870373
9688,2025-01-24,600027,华电国际,0.013870224
9689,2025-01-27,605123,派克新材,0.013868779
9690,2025-01-23,2600,领益智造,0.013868317
9691,2025-01-27,600639,浦东金桥,0.013867468
9692,2025-01-27,2972,科安达,0.013864711
9693,2025-01-24,301338,凯格精机,0.013864502
9694,2025-01-27,2662,京威股份,0.01386328
9695,2025-01-27,600493,凤竹纺织,0.013858646
9696,2025-01-24,300957,贝泰妮,0.013855949
9697,2025-01-23,688248,南网科技,0.013854831
9698,2025-01-27,600861,北京人力,0.013853192
9699,2025-01-23,301263,泰恩康,0.013852477
9700,2025-01-23,688563,航材股份,0.013850227
9701,2025-01-27,603071,物产环能,0.013849422
9702,2025-01-24,603888,新华网,0.013842076
9703,2025-01-27,688099,晶晨股份,0.013841197
9704,2025-01-27,301059,金三江,0.013840988
9705,2025-01-27,601991,大唐发电,0.013840035
9706,2025-01-24,603950,长源东谷,0.013837516
9707,2025-01-23,300806,斯迪克,0.013832331
9708,2025-01-23,300885,海昌新材,0.013832286
9709,2025-01-27,600455,博通股份,0.01383169
9710,2025-01-24,973,佛塑科技,0.013829991
9711,2025-01-27,603103,横店影视,0.013829574
9712,2025-01-24,601216,君正集团,0.013829097
9713,2025-01-27,603855,华荣股份,0.013825506
9714,2025-01-27,1227,兰州银行,0.013824567
9715,2025-01-23,300204,舒泰神,0.013816923
9716,2025-01-27,300995,奇德新材,0.013812363
9717,2025-01-24,688549,中巨芯-U,0.013811797
9718,2025-01-23,1258,立新能源,0.0138046
9719,2025-01-27,301330,熵基科技,0.013800979
9720,2025-01-23,688109,品茗科技,0.013796538
9721,2025-01-24,301262,海看股份,0.013787627
9722,2025-01-24,300279,和晶科技,0.013785258
9723,2025-01-24,2078,太阳纸业,0.013780087
9724,2025-01-24,300498,温氏股份,0.013779521
9725,2025-01-23,2186,全 聚 德,0.013779104
9726,2025-01-24,300018,中元股份,0.013777852
9727,2025-01-24,300345,华民股份,0.013775423
9728,2025-01-27,301335,天元宠物,0.013774142
9729,2025-01-24,300217,东方电热,0.013770208
9730,2025-01-27,601579,会稽山,0.013770014
9731,2025-01-27,928,中钢国际,0.013767645
9732,2025-01-24,300059,东方财富,0.013763532
9733,2025-01-23,603237,五芳斋,0.013762191
9734,2025-01-27,301550,斯菱股份,0.01376009
9735,2025-01-27,1239,永达股份,0.013759628
9736,2025-01-24,301055,张小泉,0.013756201
9737,2025-01-27,537,中绿电,0.013756037
9738,2025-01-24,529,广弘控股,0.013752818
9739,2025-01-23,2893,京能热力,0.013751894
9740,2025-01-24,600392,盛和资源,0.013749823
9741,2025-01-27,2639,雪人股份,0.013744071
9742,2025-01-24,603639,海利尔,0.013736978
9743,2025-01-24,2488,金固股份,0.01373595
9744,2025-01-23,300337,银邦股份,0.013735905
9745,2025-01-23,301339,通行宝,0.013735712
9746,2025-01-24,300519,新光药业,0.013722703
9747,2025-01-23,600436,片仔癀,0.0137220025
9748,2025-01-24,2172,澳洋健康,0.013718173
9749,2025-01-23,601827,三峰环境,0.013714537
9750,2025-01-24,62,深圳华强,0.013714224
9751,2025-01-23,605507,国邦医药,0.013708144
9752,2025-01-24,301303,真兰仪表,0.013707355
9753,2025-01-24,2037,保利联合,0.013706699
9754,2025-01-24,600072,中船科技,0.013706133
9755,2025-01-23,688489,三未信安,0.013695598
9756,2025-01-24,603057,紫燕食品,0.013691694
9757,2025-01-27,688569,铁科轨道,0.0136894435
9758,2025-01-24,600006,东风股份,0.013689339
9759,2025-01-24,300509,新美星,0.013684362
9760,2025-01-23,603758,秦安股份,0.013681382
9761,2025-01-24,821,京山轻机,0.013681337
9762,2025-01-27,300259,新天科技,0.013677284
9763,2025-01-24,300866,安克创新,0.013672128
9764,2025-01-24,1359,平安电工,0.013666794
9765,2025-01-23,301167,建研设计,0.013665393
9766,2025-01-27,600987,航民股份,0.013661683
9767,2025-01-23,601838,成都银行,0.013660207
9768,2025-01-24,600515,海南机场,0.0136562735
9769,2025-01-23,402,金 融 街,0.013655767
9770,2025-01-27,301518,长华化学,0.013654605
9771,2025-01-23,301499,维科精密,0.013653114
9772,2025-01-24,300332,天壕能源,0.013650849
9773,2025-01-24,300183,东软载波,0.01365079
9774,2025-01-27,300049,福瑞股份,0.013646066
9775,2025-01-23,603193,润本股份,0.013645649
9776,2025-01-24,301446,福事特,0.013642594
9777,2025-01-27,600307,酒钢宏兴,0.013639256
9778,2025-01-27,779,甘咨询,0.013632625
9779,2025-01-27,300930,屹通新材,0.013627604
9780,2025-01-24,2384,东山精密,0.013627365
9781,2025-01-27,731,四川美丰,0.01362206
9782,2025-01-27,300922,天秦装备,0.013616532
9783,2025-01-23,600683,京投发展,0.013615981
9784,2025-01-24,1376,百通能源,0.013613552
9785,2025-01-27,300841,康华生物,0.013613194
9786,2025-01-24,300966,共同药业,0.013610274
9787,2025-01-24,301631,壹连科技,0.013609529
9788,2025-01-23,300617,安靠智电,0.013605073
9789,2025-01-24,300048,合康新能,0.013599753
9790,2025-01-24,300800,力合科技,0.013597369
9791,2025-01-23,600178,东安动力,0.013595924
9792,2025-01-23,603350,安乃达,0.013595521
9793,2025-01-23,2507,涪陵榨菜,0.01359345
9794,2025-01-24,2416,爱施德,0.013592884
9795,2025-01-24,1308,康冠科技,0.013592377
9796,2025-01-23,300719,安达维尔,0.013590157
9797,2025-01-23,300560,中富通,0.013588548
9798,2025-01-27,1222,源飞宠物,0.013587892
9799,2025-01-24,603218,日月股份,0.013586491
9800,2025-01-23,300882,万胜智能,0.013583317
9801,2025-01-23,688348,昱能科技,0.01357837
9802,2025-01-23,300858,科拓生物,0.013570011
9803,2025-01-23,688285,高铁电气,0.013569266
9804,2025-01-23,300862,蓝盾光电,0.013568372
9805,2025-01-23,2155,湖南黄金,0.013567761
9806,2025-01-27,2863,今飞凯达,0.013559803
9807,2025-01-27,600339,中油工程,0.013559252
9808,2025-01-23,300541,先进数通,0.0135590285
9809,2025-01-27,601880,辽港股份,0.013546422
9810,2025-01-24,2669,康达新材,0.01354447
9811,2025-01-23,300012,华测检测,0.013543218
9812,2025-01-27,603321,梅轮电梯,0.01354298
9813,2025-01-27,858,五 粮 液,0.0135412365
9814,2025-01-23,600396,华电辽能,0.013540596
9815,2025-01-24,983,山西焦煤,0.013537243
9816,2025-01-24,300882,万胜智能,0.013534263
9817,2025-01-24,600103,青山纸业,0.013529882
9818,2025-01-24,2559,亚威股份,0.013526857
9819,2025-01-24,600377,宁沪高速,0.013525784
9820,2025-01-24,603725,天安新材,0.013523489
9821,2025-01-27,651,格力电器,0.013522729
9822,2025-01-24,688399,硕世生物,0.0135175735
9823,2025-01-24,600763,通策医疗,0.013510287
9824,2025-01-24,1914,招商积余,0.013508543
9825,2025-01-27,90,天健集团,0.013508424
9826,2025-01-23,600795,国电电力,0.013505757
9827,2025-01-23,409,云鼎科技,0.013503924
9828,2025-01-23,2161,远 望 谷,0.013498142
9829,2025-01-23,600880,博瑞传播,0.01349628
9830,2025-01-23,688019,安集科技,0.013495356
9831,2025-01-24,600583,海油工程,0.013487235
9832,2025-01-23,688052,纳芯微,0.0134862065
9833,2025-01-27,301115,建科股份,0.013485417
9834,2025-01-24,688033,天宜上佳,0.013473406
9835,2025-01-27,300717,华信新材,0.013469547
9836,2025-01-24,688601,力芯微,0.013464525
9837,2025-01-23,300759,康龙化成,0.013462231
9838,2025-01-27,2950,奥美医疗,0.013460025
9839,2025-01-23,301289,国缆检测,0.013457909
9840,2025-01-24,300816,艾可蓝,0.013455808
9841,2025-01-23,600480,凌云股份,0.013452664
9842,2025-01-27,603119,浙江荣泰,0.013444006
9843,2025-01-27,605189,富春染织,0.013438612
9844,2025-01-24,25,特  力Ａ,0.013437808
9845,2025-01-24,570,苏常柴Ａ,0.013435036
9846,2025-01-23,605338,巴比食品,0.0134332925
9847,2025-01-24,601827,三峰环境,0.013431311
9848,2025-01-27,300143,盈康生命,0.013430074
9849,2025-01-27,600449,宁夏建材,0.013427749
9850,2025-01-23,2941,新疆交建,0.013427183
9851,2025-01-24,600999,招商证券,0.013422266
9852,2025-01-24,600218,全柴动力,0.013416886
9853,2025-01-24,2635,安洁科技,0.013411462
9854,2025-01-24,600663,陆家嘴,0.013410926
9855,2025-01-24,2434,万里扬,0.013410553
9856,2025-01-24,537,中绿电,0.013409212
9857,2025-01-24,603551,奥普科技,0.013408333
9858,2025-01-24,2352,顺丰控股,0.013407633
9859,2025-01-24,2855,捷荣技术,0.013406917
9860,2025-01-24,300967,晓鸣股份,0.013406351
9861,2025-01-23,45,深纺织Ａ,0.013406232
9862,2025-01-24,603739,蔚蓝生物,0.013405472
9863,2025-01-27,2380,科远智慧,0.013400257
9864,2025-01-23,601136,首创证券,0.013399363
9865,2025-01-23,2146,荣盛发展,0.013393968
9866,2025-01-27,2864,盘龙药业,0.013392925
9867,2025-01-24,600846,同济科技,0.013391793
9868,2025-01-23,603260,合盛硅业,0.013390005
9869,2025-01-24,603848,好太太,0.013384849
9870,2025-01-24,688658,悦康药业,0.0133802295
9871,2025-01-23,603517,绝味食品,0.013374507
9872,2025-01-23,600569,安阳钢铁,0.01337339
9873,2025-01-24,603076,乐惠国际,0.013370767
9874,2025-01-24,2813,路畅科技,0.013370499
9875,2025-01-23,20,深华发Ａ,0.0133663565
9876,2025-01-24,300321,同大股份,0.013365656
9877,2025-01-24,688221,前沿生物-U,0.013365611
9878,2025-01-24,600256,广汇能源,0.013365194
9879,2025-01-23,301128,强瑞技术,0.01336509
9880,2025-01-27,603222,济民健康,0.013363123
9881,2025-01-23,301221,光庭信息,0.013361603
9882,2025-01-24,688199,久日新材,0.013361484
9883,2025-01-27,688298,东方生物,0.01336129
9884,2025-01-23,688155,先惠技术,0.013360783
9885,2025-01-23,600547,山东黄金,0.013359353
9886,2025-01-23,600066,宇通客车,0.0133591
9887,2025-01-27,603565,中谷物流,0.013352022
9888,2025-01-27,2900,哈三联,0.013350368
9889,2025-01-24,603797,联泰环保,0.013348952
9890,2025-01-24,600550,保变电气,0.013348505
9891,2025-01-27,600035,楚天高速,0.013348341
9892,2025-01-27,2258,利尔化学,0.01334542
9893,2025-01-24,688376,美埃科技,0.013343915
9894,2025-01-23,600010,包钢股份,0.013337672
9895,2025-01-27,300760,迈瑞医疗,0.013330296
9896,2025-01-23,2331,皖通科技,0.013328761
9897,2025-01-27,554,泰山石油,0.013327479
9898,2025-01-27,600917,重庆燃气,0.013320386
9899,2025-01-23,688336,三生国健,0.013316363
9900,2025-01-24,881,中广核技,0.013311923
9901,2025-01-23,300645,正元智慧,0.013308436
9902,2025-01-27,776,广发证券,0.013306335
9903,2025-01-24,3038,鑫铂股份,0.013304457
9904,2025-01-24,600775,南京熊猫,0.013303965
9905,2025-01-24,600339,中油工程,0.013303146
9906,2025-01-23,603995,甬金股份,0.013302252
9907,2025-01-23,300314,戴维医疗,0.013301283
9908,2025-01-27,2890,弘宇股份,0.0133006275
9909,2025-01-23,603612,索通发展,0.013300389
9910,2025-01-24,688363,华熙生物,0.013300359
9911,2025-01-23,300651,金陵体育,0.013299599
9912,2025-01-27,786,北新建材,0.013298675
9913,2025-01-27,2008,大族激光,0.01329723
9914,2025-01-23,2688,金河生物,0.013292909
9915,2025-01-23,2970,锐明技术,0.013291672
9916,2025-01-23,300444,双杰电气,0.013288856
9917,2025-01-24,505,京粮控股,0.0132884085
9918,2025-01-27,603381,永臻股份,0.013284266
9919,2025-01-24,300685,艾德生物,0.013281733
9920,2025-01-23,688601,力芯微,0.013277382
9921,2025-01-24,858,五 粮 液,0.013277009
9922,2025-01-24,910,大亚圣象,0.013276964
9923,2025-01-27,600763,通策医疗,0.013273686
9924,2025-01-24,688466,金科环境,0.013273656
9925,2025-01-27,603161,科华控股,0.0132718235
9926,2025-01-23,688063,派能科技,0.013270006
9927,2025-01-23,300215,电科院,0.0132662505
9928,2025-01-27,552,甘肃能化,0.013264447
9929,2025-01-23,300246,宝莱特,0.01326324
9930,2025-01-24,2900,哈三联,0.013259932
9931,2025-01-23,2976,瑞玛精密,0.0132599175
9932,2025-01-24,2685,华东重机,0.013259381
9933,2025-01-27,601398,工商银行,0.013255119
9934,2025-01-24,603648,畅联股份,0.013252035
9935,2025-01-23,600397,安源煤业,0.013251081
9936,2025-01-23,301386,未来电器,0.013248682
9937,2025-01-24,603969,银龙股份,0.013246089
9938,2025-01-27,601528,瑞丰银行,0.01324603
9939,2025-01-23,301318,维海德,0.013245523
9940,2025-01-27,2437,誉衡药业,0.013245136
9941,2025-01-23,300703,创源股份,0.013241395
9942,2025-01-24,603004,鼎龙科技,0.013240531
9943,2025-01-23,600322,津投城开,0.0132344365
9944,2025-01-27,3036,泰坦股份,0.013231963
9945,2025-01-24,600569,安阳钢铁,0.013230577
9946,2025-01-23,2116,中国海诚,0.013227344
9947,2025-01-27,2029,七 匹 狼,0.0132205635
9948,2025-01-24,600784,鲁银投资,0.013219938
9949,2025-01-27,600883,博闻科技,0.013217494
9950,2025-01-24,2387,维信诺,0.013216272
9951,2025-01-23,301087,可孚医疗,0.013215661
9952,2025-01-23,2858,力盛体育,0.013215557
9953,2025-01-27,2988,豪美新材,0.0132139325
9954,2025-01-27,2522,浙江众成,0.013211399
9955,2025-01-24,688157,松井股份,0.013207808
9956,2025-01-27,300206,理邦仪器,0.01320672
9957,2025-01-23,301050,雷电微力,0.013205394
9958,2025-01-23,605168,三人行,0.0132050365
9959,2025-01-23,300406,九强生物,0.013202637
9960,2025-01-27,528,柳    工,0.013202235
9961,2025-01-24,2107,沃华医药,0.013200417
9962,2025-01-23,49,德赛电池,0.013196468
9963,2025-01-27,605286,同力日升,0.013194323
9964,2025-01-23,65,北方国际,0.013191596
9965,2025-01-24,301207,华兰疫苗,0.013187602
9966,2025-01-27,603042,华脉科技,0.013186887
9967,2025-01-24,2981,朝阳科技,0.013181224
9968,2025-01-23,2165,红 宝 丽,0.013179019
9969,2025-01-23,301565,中仑新材,0.0131788105
9970,2025-01-24,603396,金辰股份,0.013178647
9971,2025-01-23,301322,绿通科技,0.01317516
9972,2025-01-27,600461,洪城环境,0.013175145
9973,2025-01-27,300146,汤臣倍健,0.013173357
9974,2025-01-24,603933,睿能科技,0.013170928
9975,2025-01-24,603650,彤程新材,0.0131702125
9976,2025-01-24,600956,新天绿能,0.0131634325
9977,2025-01-23,603773,沃格光电,0.013162315
9978,2025-01-24,601099,太平洋,0.01315777
9979,2025-01-24,2889,东方嘉盛,0.013155088
9980,2025-01-27,2870,香山股份,0.013150305
9981,2025-01-24,603517,绝味食品,0.0131486505
9982,2025-01-24,600121,郑州煤电,0.013147891
9983,2025-01-24,300722,新余国科,0.013147458
9984,2025-01-24,301073,君亭酒店,0.0131421685
9985,2025-01-27,601088,中国神华,0.013132229
9986,2025-01-24,601288,农业银行,0.013127804
9987,2025-01-24,300573,兴齐眼药,0.013120741
9988,2025-01-27,603439,贵州三力,0.013117716
9989,2025-01-27,166,申万宏源,0.013113305
9990,2025-01-23,301057,汇隆新材,0.013112396
9991,2025-01-24,938,紫光股份,0.013109237
9992,2025-01-23,300364,中文在线,0.0131088495
9993,2025-01-23,601016,节能风电,0.0131020695
9994,2025-01-27,2106,莱宝高科,0.013101742
9995,2025-01-24,2753,永东股份,0.013100699
9996,2025-01-23,2648,卫星化学,0.013100281
9997,2025-01-24,301588,美新科技,0.0130996555
9998,2025-01-24,600113,浙江东日,0.013098493
9999,2025-01-24,2412,汉森制药,0.013094619
10000,2025-01-23,300791,仙乐健康,0.013092965
10001,2025-01-23,600039,四川路桥,0.0130919665
10002,2025-01-23,300919,中伟股份,0.013088003
10003,2025-01-27,498,山东路桥,0.013085663
10004,2025-01-27,2238,天威视讯,0.013084397
10005,2025-01-27,300819,聚杰微纤,0.01308243
10006,2025-01-24,600682,南京新百,0.013080388
10007,2025-01-23,688435,英方软件,0.013079941
10008,2025-01-23,600559,老白干酒,0.013077736
10009,2025-01-27,600426,华鲁恒升,0.013076544
10010,2025-01-27,688622,禾信仪器,0.013076216
10011,2025-01-24,688130,晶华微,0.01307179
10012,2025-01-24,601021,春秋航空,0.013069078
10013,2025-01-23,1,平安银行,0.013068527
10014,2025-01-23,688210,统联精密,0.0130587965
10015,2025-01-24,600760,中航沈飞,0.013058737
10016,2025-01-23,2570,贝因美,0.013056457
10017,2025-01-27,3019,宸展光电,0.013049111
10018,2025-01-27,300360,炬华科技,0.013047874
10019,2025-01-27,301295,美硕科技,0.0130444765
10020,2025-01-24,2985,北摩高科,0.013042077
10021,2025-01-24,600089,特变电工,0.013040811
10022,2025-01-27,568,泸州老窖,0.0130371
10023,2025-01-23,25,特  力Ａ,0.013035536
10024,2025-01-23,603501,韦尔股份,0.013033479
10025,2025-01-27,895,双汇发展,0.013032436
10026,2025-01-24,600779,水井坊,0.013032317
10027,2025-01-24,603613,国联股份,0.01303044
10028,2025-01-27,603300,海南华铁,0.013029888
10029,2025-01-23,603200,上海洗霸,0.01302667
10030,2025-01-24,603906,龙蟠科技,0.013025537
10031,2025-01-23,601918,新集能源,0.013024271
10032,2025-01-23,301389,隆扬电子,0.013020858
10033,2025-01-24,603380,易德龙,0.013020501
10034,2025-01-23,603558,健盛集团,0.013018444
10035,2025-01-23,301398,星源卓镁,0.013017476
10036,2025-01-24,301305,朗坤环境,0.013015211
10037,2025-01-27,603348,文灿股份,0.013014153
10038,2025-01-23,2129,TCL中环,0.01301384
10039,2025-01-24,600477,杭萧钢构,0.013012692
10040,2025-01-27,300294,博雅生物,0.013012081
10041,2025-01-27,688585,上纬新材,0.013007835
10042,2025-01-23,300842,帝科股份,0.013004944
10043,2025-01-27,2632,道明光学,0.013001576
10044,2025-01-24,688099,晶晨股份,0.012997493
10045,2025-01-27,600523,贵航股份,0.012997374
10046,2025-01-27,600829,人民同泰,0.012996227
10047,2025-01-24,605183,确成股份,0.012994915
10048,2025-01-23,2480,新筑股份,0.012992397
10049,2025-01-24,301359,东南电子,0.01299192
10050,2025-01-24,2534,西子洁能,0.012981519
10051,2025-01-23,2332,仙琚制药,0.012981445
10052,2025-01-23,300070,碧水源,0.012980565
10053,2025-01-27,603183,建研院,0.012978882
10054,2025-01-24,600685,中船防务,0.012975648
10055,2025-01-23,2595,豪迈科技,0.012974158
10056,2025-01-23,688268,华特气体,0.012971967
10057,2025-01-27,2608,江苏国信,0.012971699
10058,2025-01-24,301366,一博科技,0.0129700005
10059,2025-01-24,300407,凯发电气,0.012968704
10060,2025-01-23,603345,安井食品,0.0129671395
10061,2025-01-24,601866,中远海发,0.012964264
10062,2025-01-27,600182,S佳通,0.012954503
10063,2025-01-27,2937,兴瑞科技,0.012944177
10064,2025-01-23,600685,中船防务,0.012938961
10065,2025-01-24,301132,满坤科技,0.012935892
10066,2025-01-24,605255,天普股份,0.012935534
10067,2025-01-23,2891,中宠股份,0.012925997
10068,2025-01-24,688267,中触媒,0.012925833
10069,2025-01-24,301279,金道科技,0.01292339
10070,2025-01-24,708,中信特钢,0.012922525
10071,2025-01-24,2923,润都股份,0.012919143
10072,2025-01-24,2927,泰永长征,0.012918055
10073,2025-01-27,605020,永和股份,0.012900636
10074,2025-01-24,301626,苏州天脉,0.012900442
10075,2025-01-27,601599,浙文影业,0.0128980875
10076,2025-01-23,688209,英集芯,0.012896061
10077,2025-01-24,688319,欧林生物,0.012894005
10078,2025-01-23,300538,同益股份,0.01289244
10079,2025-01-23,688526,科前生物,0.012889996
10080,2025-01-24,689009,九号公司-WD,0.012888074
10081,2025-01-27,600578,京能电力,0.01288645
10082,2025-01-27,2790,瑞尔特,0.012885645
10083,2025-01-27,688513,苑东生物,0.012883753
10084,2025-01-24,603617,君禾股份,0.0128825605
10085,2025-01-24,601877,正泰电器,0.012882099
10086,2025-01-24,300227,光韵达,0.0128818005
10087,2025-01-27,601369,陕鼓动力,0.012878522
10088,2025-01-27,600976,健民集团,0.012877047
10089,2025-01-24,600250,南京商旅,0.012871504
10090,2025-01-27,600863,内蒙华电,0.012861937
10091,2025-01-27,301257,普蕊斯,0.012861103
10092,2025-01-24,301135,瑞德智能,0.01286
10093,2025-01-27,300034,钢研高纳,0.012859762
10094,2025-01-27,300239,东宝生物,0.012859285
10095,2025-01-24,300408,三环集团,0.012857825
10096,2025-01-24,603477,巨星农牧,0.012850404
10097,2025-01-23,2038,双鹭药业,0.012842789
10098,2025-01-23,300831,派瑞股份,0.012841493
10099,2025-01-23,688658,悦康药业,0.012840897
10100,2025-01-23,792,盐湖股份,0.012840018
10101,2025-01-24,688139,海尔生物,0.012835696
10102,2025-01-23,2157,正邦科技,0.012831107
10103,2025-01-27,2037,保利联合,0.012830794
10104,2025-01-23,688638,誉辰智能,0.0128300935
10105,2025-01-23,1380,华纬科技,0.0128261745
10106,2025-01-27,600372,中航机载,0.012823015
10107,2025-01-24,600606,绿地控股,0.012822017
10108,2025-01-23,651,格力电器,0.012815148
10109,2025-01-24,2452,长高电新,0.012814254
10110,2025-01-24,603688,石英股份,0.012812495
10111,2025-01-23,603798,康普顿,0.012810528
10112,2025-01-24,301469,恒达新材,0.012809396
10113,2025-01-27,2442,龙星科技,0.012808502
10114,2025-01-24,2664,信质集团,0.01280202
10115,2025-01-27,301056,森赫股份,0.012800962
10116,2025-01-23,600328,中盐化工,0.012800902
10117,2025-01-24,2655,共达电声,0.012798727
10118,2025-01-23,300683,海特生物,0.012793899
10119,2025-01-24,688370,丛麟科技,0.012791052
10120,2025-01-23,2368,太极股份,0.012784272
10121,2025-01-23,300289,利德曼,0.01278311
10122,2025-01-23,301255,通力科技,0.012779191
10123,2025-01-27,300821,东岳硅材,0.012774646
10124,2025-01-23,1277,速达股份,0.012770563
10125,2025-01-24,600816,建元信托,0.0127670765
10126,2025-01-24,987,越秀资本,0.0127660185
10127,2025-01-24,2160,常铝股份,0.012763798
10128,2025-01-23,300636,同和药业,0.012762815
10129,2025-01-24,605358,立昂微,0.012756854
10130,2025-01-24,300851,交大思诺,0.012753591
10131,2025-01-24,534,万泽股份,0.012752131
10132,2025-01-23,601969,海南矿业,0.012751982
10133,2025-01-23,603738,泰晶科技,0.012741461
10134,2025-01-23,300151,昌红科技,0.012740001
10135,2025-01-27,860,顺鑫农业,0.012739241
10136,2025-01-23,301503,智迪科技,0.012734488
10137,2025-01-27,300272,开能健康,0.01273337
10138,2025-01-24,951,中国重汽,0.012732223
10139,2025-01-24,2152,广电运通,0.012729734
10140,2025-01-24,603008,喜临门,0.012728721
10141,2025-01-24,301370,国科恒泰,0.012726441
10142,2025-01-23,601005,重庆钢铁,0.012724638
10143,2025-01-23,600583,海油工程,0.012722954
10144,2025-01-23,688220,翱捷科技-U,0.01272136
10145,2025-01-27,600249,两面针,0.012721151
10146,2025-01-24,2654,万润科技,0.0127206445
10147,2025-01-24,600959,江苏有线,0.012720004
10148,2025-01-23,2454,松芝股份,0.012719989
10149,2025-01-27,600356,恒丰纸业,0.012717456
10150,2025-01-27,603010,万盛股份,0.0127131045
10151,2025-01-24,2831,裕同科技,0.012706965
10152,2025-01-23,301381,赛维时代,0.012706816
10153,2025-01-24,300135,宝利国际,0.012703568
10154,2025-01-24,601156,东航物流,0.012702167
10155,2025-01-24,603528,多伦科技,0.012681916
10156,2025-01-24,2864,盘龙药业,0.012678266
10157,2025-01-23,601398,工商银行,0.012677908
10158,2025-01-23,600295,鄂尔多斯,0.012676403
10159,2025-01-23,2623,亚玛顿,0.012675792
10160,2025-01-27,2955,鸿合科技,0.012674496
10161,2025-01-23,300948,冠中生态,0.01267384
10162,2025-01-24,688135,利扬芯片,0.012669414
10163,2025-01-27,2882,金龙羽,0.0126684755
10164,2025-01-27,300446,航天智造,0.01266326
10165,2025-01-24,603489,八方股份,0.012662545
10166,2025-01-27,603681,永冠新材,0.012662038
10167,2025-01-24,603063,禾望电气,0.012661442
10168,2025-01-23,301548,崇德科技,0.012655601
10169,2025-01-27,603799,华友钴业,0.012654483
10170,2025-01-27,2160,常铝股份,0.012650251
10171,2025-01-24,2255,海陆重工,0.012647167
10172,2025-01-27,301186,超达装备,0.012645468
10173,2025-01-23,603599,广信股份,0.012644902
10174,2025-01-24,600435,北方导航,0.012639314
10175,2025-01-23,688137,近岸蛋白,0.012639284
10176,2025-01-23,2074,国轩高科,0.012638539
10177,2025-01-27,603861,白云电器,0.0126327425
10178,2025-01-23,2662,京威股份,0.01263164
10179,2025-01-24,601236,红塔证券,0.012630999
10180,2025-01-23,2079,苏州固锝,0.012630627
10181,2025-01-23,2227,奥 特 迅,0.012624443
10182,2025-01-27,88,盐 田 港,0.012623444
10183,2025-01-27,600278,东方创业,0.012614965
10184,2025-01-27,966,长源电力,0.012613401
10185,2025-01-23,600527,江南高纤,0.012610018
10186,2025-01-27,600258,首旅酒店,0.012608826
10187,2025-01-23,600207,安彩高科,0.012607798
10188,2025-01-24,688259,创耀科技,0.01260674
10189,2025-01-23,300674,宇信科技,0.012606204
10190,2025-01-27,300481,濮阳惠成,0.012599945
10191,2025-01-23,688505,复旦张江,0.012598231
10192,2025-01-24,2616,长青集团,0.012597531
10193,2025-01-27,600262,北方股份,0.012596354
10194,2025-01-27,603816,顾家家居,0.012594536
10195,2025-01-27,301206,三元生物,0.012593627
10196,2025-01-23,688020,方邦股份,0.012593076
10197,2025-01-24,300263,隆华科技,0.012592912
10198,2025-01-23,688606,奥泰生物,0.012591943
10199,2025-01-23,688506,百利天恒-U,0.012591794
10200,2025-01-24,605086,龙高股份,0.012588993
10201,2025-01-24,2521,齐峰新材,0.012584344
10202,2025-01-23,300960,通业科技,0.012584209
10203,2025-01-23,601360,三六零,0.012582764
10204,2025-01-23,600468,百利电气,0.012576669
10205,2025-01-27,605155,西大门,0.012576476
10206,2025-01-24,600522,中天科技,0.012574881
10207,2025-01-24,600808,马钢股份,0.012573764
10208,2025-01-24,600509,天富能源,0.012569904
10209,2025-01-23,600250,南京商旅,0.012567401
10210,2025-01-24,300828,锐新科技,0.012564674
10211,2025-01-27,600104,上汽集团,0.012562975
10212,2025-01-24,603017,中衡设计,0.012560695
10213,2025-01-23,603585,苏利股份,0.01255919
10214,2025-01-24,600293,三峡新材,0.012553588
10215,2025-01-23,300365,恒华科技,0.012553483
10216,2025-01-23,420,吉林化纤,0.012548417
10217,2025-01-24,300821,东岳硅材,0.012548313
10218,2025-01-23,600883,博闻科技,0.012542263
10219,2025-01-24,300757,罗博特科,0.01253967
10220,2025-01-23,600171,上海贝岭,0.012538463
10221,2025-01-27,301528,多浦乐,0.012537703
10222,2025-01-23,603310,巍华新材,0.012536913
10223,2025-01-23,600510,黑牡丹,0.01253438
10224,2025-01-24,688367,工大高科,0.012534007
10225,2025-01-27,600315,上海家化,0.012530282
10226,2025-01-27,300867,圣元环保,0.012523904
10227,2025-01-24,688739,成大生物,0.012521625
10228,2025-01-23,688576,西山科技,0.012521341
10229,2025-01-23,603786,科博达,0.012520522
10230,2025-01-23,301387,光大同创,0.012519047
10231,2025-01-27,2468,申通快递,0.012513459
10232,2025-01-24,688056,莱伯泰科,0.012512758
10233,2025-01-23,605098,行动教育,0.012512654
10234,2025-01-24,1336,楚环科技,0.012507379
10235,2025-01-23,605020,永和股份,0.01250501
10236,2025-01-24,20,深华发Ａ,0.012499258
10237,2025-01-23,300788,中信出版,0.012498751
10238,2025-01-27,300335,迪森股份,0.012498453
10239,2025-01-24,300244,迪安诊断,0.012498155
10240,2025-01-23,301459,丰茂股份,0.012493566
10241,2025-01-24,603080,新疆火炬,0.012493402
10242,2025-01-23,603280,南方路机,0.012492597
10243,2025-01-23,2548,金新农,0.0124914795
10244,2025-01-24,600988,赤峰黄金,0.012486547
10245,2025-01-27,3025,思进智能,0.012486383
10246,2025-01-24,603203,快克智能,0.012485474
10247,2025-01-23,688357,建龙微纳,0.012484908
10248,2025-01-24,600082,海泰发展,0.012484819
10249,2025-01-24,915,华特达因,0.012484416
10250,2025-01-27,301320,豪江智能,0.012481153
10251,2025-01-23,601816,京沪高铁,0.012474418
10252,2025-01-24,300120,经纬辉开,0.012471795
10253,2025-01-24,600783,鲁信创投,0.0124708265
10254,2025-01-23,603323,苏农银行,0.012469262
10255,2025-01-27,603589,口子窖,0.012468755
10256,2025-01-23,603181,皇马科技,0.012467563
10257,2025-01-24,2140,东华科技,0.0124670565
10258,2025-01-23,688079,美迪凯,0.012465537
10259,2025-01-24,65,北方国际,0.012463391
10260,2025-01-23,1222,源飞宠物,0.012458563
10261,2025-01-27,600267,海正药业,0.01245755
10262,2025-01-23,603276,恒兴新材,0.012455061
10263,2025-01-23,2639,雪人股份,0.012451902
10264,2025-01-27,600027,华电国际,0.012447685
10265,2025-01-27,603130,云中马,0.012445793
10266,2025-01-23,301551,无线传媒,0.012441665
10267,2025-01-23,600,建投能源,0.01243715
10268,2025-01-23,600241,时代万恒,0.012435079
10269,2025-01-24,2334,英威腾,0.0124334395
10270,2025-01-27,600875,东方电气,0.012433112
10271,2025-01-23,600819,耀皮玻璃,0.012428388
10272,2025-01-23,300869,康泰医学,0.012424603
10273,2025-01-24,601890,亚星锚链,0.012415737
10274,2025-01-24,688690,纳微科技,0.012415692
10275,2025-01-23,601021,春秋航空,0.012412861
10276,2025-01-27,1256,炜冈科技,0.012410402
10277,2025-01-23,2517,恺英网络,0.012405291
10278,2025-01-24,600150,中国船舶,0.012404144
10279,2025-01-23,605296,神农集团,0.012402192
10280,2025-01-27,2064,华峰化学,0.012398779
10281,2025-01-24,300144,宋城演艺,0.012398645
10282,2025-01-24,600282,南钢股份,0.012397632
10283,2025-01-27,688475,萤石网络,0.012397349
10284,2025-01-27,605138,盛泰集团,0.012393713
10285,2025-01-24,301263,泰恩康,0.012392461
10286,2025-01-27,300886,华业香料,0.012390628
10287,2025-01-23,1358,兴欣新材,0.012386367
10288,2025-01-24,407,胜利股份,0.012385681
10289,2025-01-27,3028,振邦智能,0.012382522
10290,2025-01-27,600491,龙元建设,0.012378395
10291,2025-01-23,661,长春高新,0.012378395
10292,2025-01-24,603088,宁波精达,0.012377366
10293,2025-01-23,603628,清源股份,0.012375578
10294,2025-01-27,300306,远方信息,0.012375191
10295,2025-01-24,600798,宁波海运,0.012373179
10296,2025-01-24,600854,春兰股份,0.012373075
10297,2025-01-24,605499,东鹏饮料,0.01237148
10298,2025-01-23,2738,中矿资源,0.012362763
10299,2025-01-23,1259,利仁科技,0.012361348
10300,2025-01-23,600533,栖霞建设,0.0123607665
10301,2025-01-24,2565,顺灏股份,0.012360081
10302,2025-01-27,600999,招商证券,0.012357652
10303,2025-01-24,688273,麦澜德,0.012355477
10304,2025-01-27,548,湖南投资,0.012355089
10305,2025-01-27,603558,健盛集团,0.012354478
10306,2025-01-24,2510,天汽模,0.012353972
10307,2025-01-23,300865,大宏立,0.012347147
10308,2025-01-23,951,中国重汽,0.012346134
10309,2025-01-24,301371,敷尔佳,0.0123453885
10310,2025-01-27,300816,艾可蓝,0.012343258
10311,2025-01-23,2006,精工科技,0.01234284
10312,2025-01-24,603889,新澳股份,0.012341842
10313,2025-01-24,722,湖南发展,0.012341827
10314,2025-01-24,300804,广康生化,0.012338534
10315,2025-01-24,2063,远光软件,0.012335211
10316,2025-01-27,600613,神奇制药,0.012334019
10317,2025-01-27,300501,海顺新材,0.01233381
10318,2025-01-27,605050,福然德,0.012332246
10319,2025-01-24,603703,盛洋科技,0.012331247
10320,2025-01-27,300743,天地数码,0.012329429
10321,2025-01-23,600758,辽宁能源,0.012329087
10322,2025-01-27,600269,赣粤高速,0.012327373
10323,2025-01-23,2245,蔚蓝锂芯,0.012323782
10324,2025-01-24,300171,东富龙,0.012323052
10325,2025-01-27,603048,浙江黎明,0.012320787
10326,2025-01-23,601966,玲珑轮胎,0.012319133
10327,2025-01-24,601789,宁波建工,0.012319088
10328,2025-01-24,601519,大智慧,0.012315005
10329,2025-01-23,300976,达瑞电子,0.012313828
10330,2025-01-23,600977,中国电影,0.012313068
10331,2025-01-27,2224,三 力 士,0.012301311
10332,2025-01-24,603066,音飞储存,0.012299284
10333,2025-01-23,603551,奥普科技,0.012296587
10334,2025-01-27,3043,华亚智能,0.012287468
10335,2025-01-23,603039,泛微网络,0.012287065
10336,2025-01-23,300342,天银机电,0.012274459
10337,2025-01-23,603638,艾迪精密,0.012272745
10338,2025-01-24,301348,蓝箭电子,0.012272716
10339,2025-01-23,603176,汇通集团,0.012270674
10340,2025-01-23,300698,万马科技,0.012270123
10341,2025-01-27,2294,信立泰,0.012269869
10342,2025-01-27,301246,宏源药业,0.01226604
10343,2025-01-24,301311,昆船智能,0.01226522
10344,2025-01-23,603683,晶华新材,0.0122590065
10345,2025-01-27,300834,星辉环材,0.012256414
10346,2025-01-23,600726,华电能源,0.012252495
10347,2025-01-24,300650,太龙股份,0.012249887
10348,2025-01-27,603180,金牌家居,0.012248039
10349,2025-01-23,300609,汇纳科技,0.01224719
10350,2025-01-24,957,中通客车,0.012242019
10351,2025-01-23,300491,通合科技,0.012240723
10352,2025-01-23,600099,林海股份,0.012231767
10353,2025-01-23,601689,拓普集团,0.012231275
10354,2025-01-23,600208,衢州发展,0.01222685
10355,2025-01-27,688722,同益中,0.012226626
10356,2025-01-27,601089,福元医药,0.012225956
10357,2025-01-24,300239,东宝生物,0.012221679
10358,2025-01-23,605259,绿田机械,0.012220606
10359,2025-01-27,601567,三星医疗,0.012212992
10360,2025-01-27,301525,儒竞科技,0.012211829
10361,2025-01-24,300690,双一科技,0.012210682
10362,2025-01-24,300941,创识科技,0.012208894
10363,2025-01-23,1234,泰慕士,0.0122048855
10364,2025-01-27,605055,迎丰股份,0.012202904
10365,2025-01-24,2419,天虹股份,0.012198746
10366,2025-01-27,301197,工大科雅,0.012189999
10367,2025-01-23,600089,特变电工,0.0121881515
10368,2025-01-24,2560,通达股份,0.012188017
10369,2025-01-24,601616,广电电气,0.012184516
10370,2025-01-23,600563,法拉电子,0.012181461
10371,2025-01-24,2080,中材科技,0.012180164
10372,2025-01-23,517,荣安地产,0.012174845
10373,2025-01-23,603663,三祥新材,0.012173876
10374,2025-01-23,600026,中远海能,0.012172654
10375,2025-01-23,601229,上海银行,0.012171447
10376,2025-01-23,600435,北方导航,0.012171239
10377,2025-01-24,601998,中信银行,0.012167275
10378,2025-01-23,688276,百克生物,0.012161285
10379,2025-01-27,2930,宏川智慧,0.012153342
10380,2025-01-23,300773,拉卡拉,0.012153268
10381,2025-01-23,600338,西藏珠峰,0.012153193
10382,2025-01-23,600928,西安银行,0.012146845
10383,2025-01-27,600308,华泰股份,0.012145504
10384,2025-01-24,601398,工商银行,0.012142077
10385,2025-01-24,688613,奥精医疗,0.012141734
10386,2025-01-24,2883,中设股份,0.0121370405
10387,2025-01-27,688367,工大高科,0.012133032
10388,2025-01-23,1219,青岛食品,0.012130916
10389,2025-01-27,688199,久日新材,0.01212886
10390,2025-01-24,300458,全志科技,0.012122974
10391,2025-01-24,300919,中伟股份,0.012122095
10392,2025-01-24,301125,腾亚精工,0.012121692
10393,2025-01-23,600433,冠豪高新,0.012120932
10394,2025-01-24,603310,巍华新材,0.012119874
10395,2025-01-24,603019,中科曙光,0.0121198
10396,2025-01-24,600996,贵广网络,0.012118652
10397,2025-01-23,600822,上海物贸,0.012115777
10398,2025-01-27,601101,昊华能源,0.012115493
10399,2025-01-24,688638,誉辰智能,0.0121123195
10400,2025-01-27,524,岭南控股,0.012109026
10401,2025-01-27,2015,协鑫能科,0.0121032
10402,2025-01-24,552,甘肃能化,0.012100592
10403,2025-01-24,155,川能动力,0.01209867
10404,2025-01-24,301138,华研精机,0.012097716
10405,2025-01-23,300400,劲拓股份,0.012095362
10406,2025-01-23,987,越秀资本,0.012094155
10407,2025-01-24,300528,幸福蓝海,0.012089044
10408,2025-01-24,603408,建霖家居,0.012088627
10409,2025-01-23,600500,中化国际,0.012088254
10410,2025-01-24,2940,昂利康,0.012079984
10411,2025-01-24,688719,爱科赛博,0.012077391
10412,2025-01-27,688136,科兴制药,0.012076959
10413,2025-01-24,301539,宏鑫科技,0.01207079
10414,2025-01-27,2315,焦点科技,0.012064233
10415,2025-01-23,300760,迈瑞医疗,0.012059614
10416,2025-01-23,603759,海天股份,0.012057513
10417,2025-01-23,300844,山水比德,0.012052789
10418,2025-01-23,301218,华是科技,0.012046263
10419,2025-01-24,1289,龙源电力,0.012045324
10420,2025-01-27,600299,安迪苏,0.012043804
10421,2025-01-24,600285,羚锐制药,0.012043148
10422,2025-01-23,2042,华孚时尚,0.012036234
10423,2025-01-27,300788,中信出版,0.012035027
10424,2025-01-24,688556,高测股份,0.0120316595
10425,2025-01-24,301072,中捷精工,0.012028992
10426,2025-01-24,605268,王力安防,0.012028411
10427,2025-01-27,2627,三峡旅游,0.012026459
10428,2025-01-24,600189,泉阳泉,0.012026086
10429,2025-01-24,718,苏宁环球,0.012024224
10430,2025-01-23,600353,旭光电子,0.012023881
10431,2025-01-24,600612,老凤祥,0.01202184
10432,2025-01-24,301070,开勒股份,0.012014359
10433,2025-01-24,300083,创世纪,0.012008548
10434,2025-01-27,426,兴业银锡,0.012008116
10435,2025-01-27,600452,涪陵电力,0.012007728
10436,2025-01-27,603105,芯能科技,0.012006506
10437,2025-01-23,688578,艾力斯,0.012001112
10438,2025-01-23,300358,楚天科技,0.01200062
10439,2025-01-27,300750,宁德时代,0.012000337
10440,2025-01-23,300176,鸿特科技,0.011995584
10441,2025-01-24,2324,普利特,0.011994466
10442,2025-01-23,301367,怡和嘉业,0.011993632
10443,2025-01-24,600903,贵州燃气,0.011991337
10444,2025-01-24,605598,上海港湾,0.011989996
10445,2025-01-24,300761,立华股份,0.011988044
10446,2025-01-27,541,佛山照明,0.011987433
10447,2025-01-23,688139,海尔生物,0.011987194
10448,2025-01-24,603188,亚邦股份,0.0119803995
10449,2025-01-27,688579,山大地纬,0.011979416
10450,2025-01-27,601298,青岛港,0.011978447
10451,2025-01-27,600519,贵州茅台,0.0119731575
10452,2025-01-24,2067,景兴纸业,0.011972591
10453,2025-01-27,601200,上海环境,0.011966184
10454,2025-01-27,601107,四川成渝,0.011966124
10455,2025-01-24,600346,恒力石化,0.0119645
10456,2025-01-27,2320,海峡股份,0.011963472
10457,2025-01-23,601009,南京银行,0.011961684
10458,2025-01-23,601616,广电电气,0.011960119
10459,2025-01-27,600790,轻纺城,0.011959568
10460,2025-01-24,766,通化金马,0.011956051
10461,2025-01-24,2290,禾盛新材,0.011954367
10462,2025-01-23,2128,电投能源,0.011951864
10463,2025-01-24,1696,宗申动力,0.0119482875
10464,2025-01-23,605183,确成股份,0.0119458735
10465,2025-01-27,301151,冠龙节能,0.011945859
10466,2025-01-24,301571,国科天成,0.011943921
10467,2025-01-23,600612,老凤祥,0.011940613
10468,2025-01-23,600265,景谷林业,0.011939466
10469,2025-01-27,688289,圣湘生物,0.0119389
10470,2025-01-23,3816,中国广核,0.011938751
10471,2025-01-27,2832,比音勒芬,0.011937991
10472,2025-01-23,2248,华东数控,0.011934504
10473,2025-01-24,300888,稳健医疗,0.011932537
10474,2025-01-23,300055,万邦达,0.011932448
10475,2025-01-27,601199,江南水务,0.011931166
10476,2025-01-27,2120,韵达股份,0.011925772
10477,2025-01-27,300406,九强生物,0.011918291
10478,2025-01-23,2258,利尔化学,0.011914924
10479,2025-01-24,2233,塔牌集团,0.01191473
10480,2025-01-24,2202,金风科技,0.011910692
10481,2025-01-27,600256,广汇能源,0.011910483
10482,2025-01-24,688692,达梦数据,0.011910081
10483,2025-01-23,688133,泰坦科技,0.011904955
10484,2025-01-24,601139,深圳燃气,0.01190418
10485,2025-01-27,301193,家联科技,0.01190035
10486,2025-01-23,600676,交运股份,0.0118992925
10487,2025-01-27,600488,津药药业,0.011894971
10488,2025-01-23,688170,德龙激光,0.011893466
10489,2025-01-24,1896,豫能控股,0.011891037
10490,2025-01-23,300425,中建环能,0.01189062
10491,2025-01-23,2015,协鑫能科,0.011890486
10492,2025-01-27,2566,益盛药业,0.01188387
10493,2025-01-27,100,TCL科技,0.011883467
10494,2025-01-24,600478,科力远,0.011881739
10495,2025-01-23,2194,武汉凡谷,0.011880532
10496,2025-01-27,2969,嘉美包装,0.011877686
10497,2025-01-23,858,五 粮 液,0.01187712
10498,2025-01-24,688385,复旦微电,0.011876449
10499,2025-01-24,729,燕京啤酒,0.011873558
10500,2025-01-23,600377,宁沪高速,0.011872739
10501,2025-01-27,2152,广电运通,0.011870578
10502,2025-01-23,600815,厦工股份,0.011867017
10503,2025-01-27,2216,三全食品,0.011866927
10504,2025-01-23,301086,鸿富瀚,0.011866882
10505,2025-01-23,600072,中船科技,0.011862919
10506,2025-01-23,301512,智信精密,0.011862323
10507,2025-01-23,300943,春晖智控,0.011860907
10508,2025-01-27,2821,凯莱英,0.011856481
10509,2025-01-24,601128,常熟银行,0.011854932
10510,2025-01-23,688237,超卓航科,0.011850417
10511,2025-01-23,300088,长信科技,0.011850029
10512,2025-01-24,600985,淮北矿业,0.011849701
10513,2025-01-27,600167,联美控股,0.011845112
10514,2025-01-23,600398,海澜之家,0.0118442625
10515,2025-01-23,603078,江化微,0.011842445
10516,2025-01-23,2895,川恒股份,0.011838779
10517,2025-01-23,600095,湘财股份,0.011836112
10518,2025-01-23,688560,明冠新材,0.011836037
10519,2025-01-24,1317,三羊马,0.01183559
10520,2025-01-23,2541,鸿路钢构,0.011835158
10521,2025-01-27,600549,厦门钨业,0.011834502
10522,2025-01-24,600616,金枫酒业,0.011833295
10523,2025-01-23,600403,大有能源,0.011832908
10524,2025-01-23,1337,四川黄金,0.011831567
10525,2025-01-23,2192,融捷股份,0.011831164
10526,2025-01-27,2406,远东传动,0.011828169
10527,2025-01-23,600643,爱建集团,0.011827126
10528,2025-01-23,600639,浦东金桥,0.011820972
10529,2025-01-27,600557,康缘药业,0.01182057
10530,2025-01-24,688538,和辉光电-U,0.0118178725
10531,2025-01-23,2697,红旗连锁,0.011813849
10532,2025-01-24,301251,威尔高,0.011811271
10533,2025-01-23,600189,泉阳泉,0.011810854
10534,2025-01-24,300664,鹏鹞环保,0.011809409
10535,2025-01-24,2826,易明医药,0.011809066
10536,2025-01-27,688127,蓝特光学,0.011808693
10537,2025-01-23,1289,龙源电力,0.0118086785
10538,2025-01-24,603162,海通发展,0.011804491
10539,2025-01-24,600388,龙净环保,0.011803687
10540,2025-01-23,2463,沪电股份,0.011798829
10541,2025-01-27,603488,展鹏科技,0.011796325
10542,2025-01-27,300002,神州泰岳,0.011793628
10543,2025-01-23,3041,真爱美家,0.011792883
10544,2025-01-23,603168,莎普爱思,0.011790633
10545,2025-01-24,300696,爱乐达,0.011787623
10546,2025-01-24,603102,百合股份,0.011785105
10547,2025-01-24,2183,怡 亚 通,0.011783779
10548,2025-01-24,301339,通行宝,0.011774719
10549,2025-01-24,301277,新天地,0.011773944
10550,2025-01-23,301233,盛帮股份,0.0117711425
10551,2025-01-23,715,中兴商业,0.011769697
10552,2025-01-27,603087,甘李药业,0.011769518
10553,2025-01-23,300564,筑博设计,0.011768714
10554,2025-01-24,2870,香山股份,0.0117685795
10555,2025-01-27,2594,比亚迪,0.011766747
10556,2025-01-24,600838,上海九百,0.011758819
10557,2025-01-23,2553,南方精工,0.011757031
10558,2025-01-23,300375,鹏翎股份,0.011755824
10559,2025-01-23,2953,日丰股份,0.0117519945
10560,2025-01-24,300033,同花顺,0.011747614
10561,2025-01-27,301133,金钟股份,0.01174593
10562,2025-01-23,2203,海亮股份,0.011745498
10563,2025-01-24,600233,圆通速递,0.011745185
10564,2025-01-24,705,浙江震元,0.011743531
10565,2025-01-24,755,山西高速,0.011743352
10566,2025-01-24,600055,万东医疗,0.0117406845
10567,2025-01-23,2655,共达电声,0.01173985
10568,2025-01-24,601328,交通银行,0.011733398
10569,2025-01-24,601100,恒立液压,0.01173237
10570,2025-01-27,688331,荣昌生物,0.011732355
10571,2025-01-24,301459,丰茂股份,0.011728451
10572,2025-01-24,688089,嘉必优,0.011728406
10573,2025-01-27,2556,辉隆股份,0.011723474
10574,2025-01-23,600876,凯盛新能,0.011720195
10575,2025-01-27,300532,今天国际,0.011715993
10576,2025-01-27,600835,上海机电,0.011701584
10577,2025-01-24,2061,浙江交科,0.011695966
10578,2025-01-27,600026,中远海能,0.011694595
10579,2025-01-24,603976,正川股份,0.011691883
10580,2025-01-24,601808,中海油服,0.01169017
10581,2025-01-24,600493,凤竹纺织,0.011687815
10582,2025-01-27,300039,上海凯宝,0.011685893
10583,2025-01-23,603027,千禾味业,0.0116838515
10584,2025-01-27,603856,东宏股份,0.011683032
10585,2025-01-23,600418,江淮汽车,0.011682481
10586,2025-01-23,301080,百普赛斯,0.011681542
10587,2025-01-24,600814,杭州解百,0.01168035
10588,2025-01-23,601628,中国人寿,0.011679292
10589,2025-01-23,2429,兆驰股份,0.011675671
10590,2025-01-23,603915,国茂股份,0.011673689
10591,2025-01-27,600871,石化油服,0.0116696805
10592,2025-01-23,3003,天元股份,0.011666641
10593,2025-01-24,301166,优宁维,0.011665419
10594,2025-01-24,603949,雪龙集团,0.0116613805
10595,2025-01-24,301219,腾远钴业,0.011660367
10596,2025-01-27,600612,老凤祥,0.011659592
10597,2025-01-24,301061,匠心家居,0.011658505
10598,2025-01-24,600252,中恒集团,0.011658102
10599,2025-01-24,600850,电科数字,0.011658058
10600,2025-01-24,603231,索宝蛋白,0.01165621
10601,2025-01-27,688399,硕世生物,0.0116559565
10602,2025-01-27,661,长春高新,0.011654526
10603,2025-01-27,688122,西部超导,0.011653021
10604,2025-01-23,688292,浩瀚深度,0.011651456
10605,2025-01-24,937,冀中能源,0.011648029
10606,2025-01-23,300236,上海新阳,0.0116478205
10607,2025-01-24,601528,瑞丰银行,0.011646137
10608,2025-01-23,688045,必易微,0.011644691
10609,2025-01-23,300863,卡倍亿,0.011639982
10610,2025-01-24,300930,屹通新材,0.011639938
10611,2025-01-23,2731,萃华珠宝,0.01163578
10612,2025-01-23,600988,赤峰黄金,0.011634678
10613,2025-01-23,2384,东山精密,0.011634216
10614,2025-01-23,300483,首华燃气,0.011631936
10615,2025-01-23,603296,华勤技术,0.011631876
10616,2025-01-27,300627,华测导航,0.011630222
10617,2025-01-23,600956,新天绿能,0.011627376
10618,2025-01-24,300558,贝达药业,0.01162447
10619,2025-01-24,601136,首创证券,0.011622146
10620,2025-01-27,300636,同和药业,0.0116199255
10621,2025-01-27,729,燕京啤酒,0.011616915
10622,2025-01-27,300031,宝通科技,0.011616319
10623,2025-01-23,688197,首药控股-U,0.011615977
10624,2025-01-24,1219,青岛食品,0.011614993
10625,2025-01-27,625,长安汽车,0.011609942
10626,2025-01-27,2826,易明医药,0.011609331
10627,2025-01-24,2422,科伦药业,0.011607885
10628,2025-01-24,762,西藏矿业,0.011607289
10629,2025-01-27,603648,畅联股份,0.011602253
10630,2025-01-23,601139,深圳燃气,0.011601239
10631,2025-01-27,601766,中国中车,0.011598244
10632,2025-01-24,2320,海峡股份,0.011594176
10633,2025-01-23,300696,爱乐达,0.011591613
10634,2025-01-27,600941,中国移动,0.011589035
10635,2025-01-27,603726,朗迪集团,0.011588559
10636,2025-01-27,2891,中宠股份,0.01158829
10637,2025-01-24,300507,苏奥传感,0.011588171
10638,2025-01-27,603817,海峡环保,0.011588156
10639,2025-01-27,2376,新北洋,0.011581093
10640,2025-01-23,529,广弘控股,0.0115762055
10641,2025-01-23,600019,宝钢股份,0.011570349
10642,2025-01-27,301158,德石股份,0.011565626
10643,2025-01-23,688317,之江生物,0.011565253
10644,2025-01-24,2617,露笑科技,0.01156427
10645,2025-01-27,300847,中船汉光,0.011561587
10646,2025-01-24,301081,严牌股份,0.0115572065
10647,2025-01-23,2231,奥维通信,0.011556327
10648,2025-01-23,2882,金龙羽,0.011555463
10649,2025-01-23,2375,亚厦股份,0.011547565
10650,2025-01-23,688007,光峰科技,0.011546731
10651,2025-01-23,301234,五洲医疗,0.011546567
10652,2025-01-24,801,四川九洲,0.011545777
10653,2025-01-23,333,美的集团,0.011545762
10654,2025-01-23,600960,渤海汽车,0.011544928
10655,2025-01-24,301314,科瑞思,0.011542439
10656,2025-01-23,603960,克来机电,0.011536792
10657,2025-01-27,603733,仙鹤股份,0.0115361065
10658,2025-01-23,603998,方盛制药,0.011535704
10659,2025-01-27,605077,华康股份,0.011534721
10660,2025-01-24,300200,高盟新材,0.011533618
10661,2025-01-23,688230,芯导科技,0.011530742
10662,2025-01-27,603112,华翔股份,0.011526257
10663,2025-01-27,600703,三安光电,0.011524603
10664,2025-01-24,2023,海特高新,0.011523485
10665,2025-01-24,100,TCL科技,0.011520386
10666,2025-01-24,301186,超达装备,0.011520252
10667,2025-01-23,557,西部创业,0.0115187615
10668,2025-01-27,688036,传音控股,0.011518657
10669,2025-01-27,688393,安必平,0.011517659
10670,2025-01-24,600990,四创电子,0.011514038
10671,2025-01-23,600573,惠泉啤酒,0.011508778
10672,2025-01-24,603155,新亚强,0.011505902
10673,2025-01-23,300802,矩子科技,0.011504278
10674,2025-01-24,301023,江南奕帆,0.011497557
10675,2025-01-24,683,远兴能源,0.01149638
10676,2025-01-23,300845,捷安高科,0.011493936
10677,2025-01-23,600941,中国移动,0.011492148
10678,2025-01-23,688087,英科再生,0.011492118
10679,2025-01-23,600760,中航沈飞,0.011490092
10680,2025-01-27,629,钒钛股份,0.011489198
10681,2025-01-23,933,神火股份,0.011488497
10682,2025-01-23,300946,恒而达,0.011485472
10683,2025-01-23,2401,中远海科,0.011484355
10684,2025-01-24,860,顺鑫农业,0.011483774
10685,2025-01-24,300915,海融科技,0.011482909
10686,2025-01-23,960,锡业股份,0.011481717
10687,2025-01-23,2191,劲嘉股份,0.0114813
10688,2025-01-23,300726,宏达电子,0.01148048
10689,2025-01-24,301185,鸥玛软件,0.01147823
10690,2025-01-23,603416,信捷电气,0.011473015
10691,2025-01-27,688279,峰岹科技,0.011471644
10692,2025-01-23,688363,华熙生物,0.011467785
10693,2025-01-24,2385,大北农,0.011467665
10694,2025-01-27,688439,振华风光,0.011464372
10695,2025-01-23,2185,华天科技,0.011461467
10696,2025-01-27,603,盛达资源,0.011460543
10697,2025-01-23,600495,晋西车轴,0.011458367
10698,2025-01-23,603167,渤海轮渡,0.011455357
10699,2025-01-23,688623,双元科技,0.011455119
10700,2025-01-24,600826,兰生股份,0.011454374
10701,2025-01-23,603256,宏和科技,0.011453599
10702,2025-01-27,601000,唐山港,0.011451706
10703,2025-01-24,688648,中邮科技,0.0114506185
10704,2025-01-23,703,恒逸石化,0.011444598
10705,2025-01-27,300651,金陵体育,0.011441782
10706,2025-01-27,603489,八方股份,0.011441514
10707,2025-01-24,3027,同兴科技,0.0114411265
10708,2025-01-23,301235,华康医疗,0.011437029
10709,2025-01-24,605100,华丰股份,0.011429772
10710,2025-01-24,300088,长信科技,0.011421412
10711,2025-01-27,605080,浙江自然,0.01141718
10712,2025-01-23,300136,信维通信,0.011415511
10713,2025-01-27,301503,智迪科技,0.011413544
10714,2025-01-27,600059,古越龙山,0.011411056
10715,2025-01-23,2437,誉衡药业,0.011410087
10716,2025-01-27,2049,紫光国微,0.011409357
10717,2025-01-23,603312,西典新能,0.011408091
10718,2025-01-23,603215,比依股份,0.011404455
10719,2025-01-27,915,华特达因,0.01140359
10720,2025-01-24,301289,国缆检测,0.011403292
10721,2025-01-24,301267,华厦眼科,0.011401534
10722,2025-01-23,603279,景津装备,0.011400506
10723,2025-01-23,300316,晶盛机电,0.011396453
10724,2025-01-24,2725,跃岭股份,0.011395872
10725,2025-01-27,1336,楚环科技,0.011394367
10726,2025-01-23,2243,力合科创,0.01139386
10727,2025-01-24,601008,连云港,0.011385754
10728,2025-01-23,600493,凤竹纺织,0.011381447
10729,2025-01-24,603022,新通联,0.011381209
10730,2025-01-23,300702,天宇股份,0.011375144
10731,2025-01-24,301256,华融化学,0.011369497
10732,2025-01-24,301278,快可电子,0.011369392
10733,2025-01-24,408,藏格矿业,0.011368394
10734,2025-01-23,300589,江龙船艇,0.011367008
10735,2025-01-23,401,冀东水泥,0.011365682
10736,2025-01-24,601886,江河集团,0.011364132
10737,2025-01-23,300549,优德精密,0.011363149
10738,2025-01-23,2824,和胜股份,0.011362776
10739,2025-01-23,1319,铭科精技,0.011361241
10740,2025-01-23,2521,齐峰新材,0.01135996
10741,2025-01-27,739,普洛药业,0.011356488
10742,2025-01-24,2589,瑞康医药,0.0113527775
10743,2025-01-27,2274,华昌化工,0.0113500655
10744,2025-01-23,300947,德必集团,0.011344403
10745,2025-01-24,2671,龙泉股份,0.011342362
10746,2025-01-27,89,深圳机场,0.011335075
10747,2025-01-24,688625,呈和科技,0.011331722
10748,2025-01-24,2268,电科网安,0.01133056
10749,2025-01-27,937,冀中能源,0.011330426
10750,2025-01-24,603368,柳药集团,0.011329979
10751,2025-01-24,2832,比音勒芬,0.011327222
10752,2025-01-27,3017,大洋生物,0.0113256425
10753,2025-01-27,688101,三达膜,0.011321083
10754,2025-01-23,301529,福赛科技,0.011310175
10755,2025-01-27,300129,泰胜风能,0.0113093555
10756,2025-01-23,300729,乐歌股份,0.011309311
10757,2025-01-24,600490,鹏欣资源,0.011307791
10758,2025-01-27,2454,松芝股份,0.011306092
10759,2025-01-23,603970,中农立华,0.011303201
10760,2025-01-24,2064,华峰化学,0.011297643
10761,2025-01-27,600051,宁波联合,0.011293188
10762,2025-01-24,557,西部创业,0.011292428
10763,2025-01-27,601900,南方传媒,0.011291206
10764,2025-01-27,600150,中国船舶,0.011283457
10765,2025-01-24,603790,雅运股份,0.011280388
10766,2025-01-24,2557,洽洽食品,0.011277705
10767,2025-01-24,603610,麒盛科技,0.011276424
10768,2025-01-24,600207,安彩高科,0.011262879
10769,2025-01-24,603315,福鞍股份,0.011262402
10770,2025-01-23,301379,天山电子,0.011261672
10771,2025-01-24,601018,宁波港,0.011260629
10772,2025-01-27,2010,传化智联,0.011259705
10773,2025-01-24,603786,科博达,0.011257738
10774,2025-01-23,600123,兰花科创,0.011257693
10775,2025-01-24,1222,源飞宠物,0.011256576
10776,2025-01-23,629,钒钛股份,0.011255488
10777,2025-01-27,300316,晶盛机电,0.011249661
10778,2025-01-23,688232,新点软件,0.011247233
10779,2025-01-24,2349,精华制药,0.011244178
10780,2025-01-23,300832,新产业,0.011243209
10781,2025-01-23,688699,明微电子,0.011237621
10782,2025-01-24,600740,山西焦化,0.0112362355
10783,2025-01-23,688013,天臣医疗,0.011233628
10784,2025-01-23,603057,紫燕食品,0.011230007
10785,2025-01-23,688398,赛特新材,0.011229664
10786,2025-01-23,300146,汤臣倍健,0.011224374
10787,2025-01-27,600959,江苏有线,0.011222824
10788,2025-01-27,300999,金龙鱼,0.01121825
10789,2025-01-24,688611,杭州柯林,0.011214584
10790,2025-01-27,603329,上海雅仕,0.011214465
10791,2025-01-23,601992,金隅集团,0.011212334
10792,2025-01-27,2448,中原内配,0.0112101585
10793,2025-01-24,301079,邵阳液压,0.0112096965
10794,2025-01-27,2365,永安药业,0.011209667
10795,2025-01-24,601298,青岛港,0.011208653
10796,2025-01-23,300750,宁德时代,0.01120463
10797,2025-01-23,600482,中国动力,0.011200607
10798,2025-01-23,2134,天津普林,0.011198878
10799,2025-01-27,301529,福赛科技,0.011195958
10800,2025-01-24,301323,新莱福,0.011195913
10801,2025-01-23,603162,海通发展,0.011195824
10802,2025-01-24,605339,南侨食品,0.011190489
10803,2025-01-23,688728,格科微,0.0111836195
10804,2025-01-24,603344,星德胜,0.011183307
10805,2025-01-23,798,中水渔业,0.011181995
10806,2025-01-27,600066,宇通客车,0.011181429
10807,2025-01-27,600713,南京医药,0.01118049
10808,2025-01-24,2088,鲁阳节能,0.011179358
10809,2025-01-23,600268,国电南自,0.011177212
10810,2025-01-23,993,闽东电力,0.011175916
10811,2025-01-23,2561,徐家汇,0.011174932
10812,2025-01-24,601016,节能风电,0.011174187
10813,2025-01-24,2544,普天科技,0.011172667
10814,2025-01-24,300306,远方信息,0.0111720115
10815,2025-01-24,688750,金天钛业,0.011169761
10816,2025-01-24,2344,海宁皮城,0.011167049
10817,2025-01-24,603006,联明股份,0.011166602
10818,2025-01-24,600219,南山铝业,0.011160761
10819,2025-01-23,301515,港通医疗,0.01115346
10820,2025-01-24,2326,永太科技,0.011150792
10821,2025-01-23,688484,南芯科技,0.011148527
10822,2025-01-27,600064,南京高科,0.01114817
10823,2025-01-24,601279,英利汽车,0.0111460835
10824,2025-01-27,688623,双元科技,0.01113905
10825,2025-01-24,923,河钢资源,0.01113525
10826,2025-01-24,600335,国机汽车,0.011129677
10827,2025-01-24,601333,广深铁路,0.011126727
10828,2025-01-24,600510,黑牡丹,0.011126325
10829,2025-01-27,600379,宝光股份,0.011123419
10830,2025-01-27,2223,鱼跃医疗,0.011119947
10831,2025-01-24,688186,广大特材,0.011119127
10832,2025-01-23,603488,展鹏科技,0.011119038
10833,2025-01-23,603324,盛剑科技,0.011116818
10834,2025-01-27,603081,大丰实业,0.011115611
10835,2025-01-27,301190,善水科技,0.011115387
10836,2025-01-27,688697,纽威数控,0.011113018
10837,2025-01-24,603339,四方科技,0.011108294
10838,2025-01-24,600721,百花医药,0.01110512
10839,2025-01-23,2556,辉隆股份,0.011098564
10840,2025-01-27,688648,中邮科技,0.0110978335
10841,2025-01-24,600548,深高速,0.01109606
10842,2025-01-24,600739,辽宁成大,0.011095554
10843,2025-01-23,301032,新柴股份,0.0110845715
10844,2025-01-23,300258,精锻科技,0.011080489
10845,2025-01-27,2562,兄弟科技,0.011075497
10846,2025-01-23,2051,中工国际,0.0110705495
10847,2025-01-24,603883,老百姓,0.011066511
10848,2025-01-27,300408,三环集团,0.011066422
10849,2025-01-27,1278,一彬科技,0.0110486895
10850,2025-01-23,688395,正弦电气,0.011044785
10851,2025-01-27,601187,厦门银行,0.011041015
10852,2025-01-23,603709,中源家居,0.0110384375
10853,2025-01-24,603607,京华激光,0.011038154
10854,2025-01-23,2938,鹏鼎控股,0.01103583
10855,2025-01-24,600295,鄂尔多斯,0.011034772
10856,2025-01-24,300480,光力科技,0.011032358
10857,2025-01-27,2102,能特科技,0.01103121
10858,2025-01-24,603132,金徽股份,0.011030987
10859,2025-01-23,2372,伟星新材,0.011028454
10860,2025-01-27,2060,广东建工,0.011027843
10861,2025-01-24,3017,大洋生物,0.01102601
10862,2025-01-27,688401,路维光电,0.011024952
10863,2025-01-24,603759,海天股份,0.011020005
10864,2025-01-24,688711,宏微科技,0.011018336
10865,2025-01-23,2588,史丹利,0.011017531
10866,2025-01-23,603508,思维列控,0.011017159
10867,2025-01-27,601388,怡球资源,0.011016548
10868,2025-01-27,2511,中顺洁柔,0.0110114515
10869,2025-01-23,300113,顺网科技,0.011009648
10870,2025-01-24,600667,太极实业,0.011008412
10871,2025-01-24,301613,新铝时代,0.011005968
10872,2025-01-24,877,天山股份,0.011005878
10873,2025-01-23,603768,常青股份,0.011004835
10874,2025-01-24,603010,万盛股份,0.011003345
10875,2025-01-23,601208,东材科技,0.011002943
10876,2025-01-27,300194,福安药业,0.011000991
10877,2025-01-23,600232,金鹰股份,0.011000156
10878,2025-01-23,300138,晨光生物,0.010999918
10879,2025-01-23,1287,中电港,0.010999858
10880,2025-01-24,605588,冠石科技,0.010995984
10881,2025-01-23,603790,雅运股份,0.010986581
10882,2025-01-23,600059,古越龙山,0.0109835565
10883,2025-01-23,300467,迅游科技,0.0109834075
10884,2025-01-24,301191,菲菱科思,0.010983005
10885,2025-01-24,966,长源电力,0.010979012
10886,2025-01-27,2254,泰和新材,0.010974348
10887,2025-01-27,600123,兰花科创,0.010971159
10888,2025-01-23,563,陕国投Ａ,0.010964975
10889,2025-01-24,688586,江航装备,0.010962054
10890,2025-01-23,600282,南钢股份,0.010957673
10891,2025-01-23,2615,哈尔斯,0.010955781
10892,2025-01-27,2349,精华制药,0.010947436
10893,2025-01-23,603701,德宏股份,0.010942057
10894,2025-01-24,2371,北方华创,0.010931388
10895,2025-01-23,603220,中贝通信,0.01092872
10896,2025-01-23,505,京粮控股,0.010926709
10897,2025-01-24,603577,汇金通,0.010925204
10898,2025-01-27,601,韶能股份,0.010923371
10899,2025-01-23,301017,漱玉平民,0.010921761
10900,2025-01-27,819,岳阳兴长,0.010921031
10901,2025-01-23,301089,拓新药业,0.0109209865
10902,2025-01-23,2783,凯龙股份,0.010920569
10903,2025-01-23,2043,兔 宝 宝,0.010919452
10904,2025-01-24,603183,建研院,0.010918364
10905,2025-01-27,688285,高铁电气,0.010917857
10906,2025-01-24,603373,安邦护卫,0.010917723
10907,2025-01-24,600118,中国卫星,0.010916054
10908,2025-01-23,301488,豪恩汽电,0.010914445
10909,2025-01-23,3043,华亚智能,0.010913581
10910,2025-01-23,600496,精工钢构,0.010906741
10911,2025-01-27,2135,东南网架,0.010903701
10912,2025-01-23,301013,利和兴,0.010899857
10913,2025-01-27,2273,水晶光电,0.010899231
10914,2025-01-23,301116,益客食品,0.010899022
10915,2025-01-24,2925,盈趣科技,0.010888234
10916,2025-01-23,2649,博彦科技,0.0108858645
10917,2025-01-27,983,山西焦煤,0.010883719
10918,2025-01-23,300930,屹通新材,0.010880932
10919,2025-01-23,301219,腾远钴业,0.01088053
10920,2025-01-23,603822,嘉澳环保,0.010876164
10921,2025-01-24,603733,仙鹤股份,0.01087366
10922,2025-01-23,688399,硕世生物,0.01087065
10923,2025-01-24,300595,欧普康视,0.010870039
10924,2025-01-27,300381,溢多利,0.010868669
10925,2025-01-24,601101,昊华能源,0.010866538
10926,2025-01-27,300939,秋田微,0.010865793
10927,2025-01-27,601808,中海油服,0.010865316
10928,2025-01-24,300695,兆丰股份,0.010864243
10929,2025-01-27,300215,电科院,0.010862693
10930,2025-01-27,688045,必易微,0.010861486
10931,2025-01-24,605088,冠盛股份,0.010860652
10932,2025-01-23,600333,长春燃气,0.0108496845
10933,2025-01-27,601600,中国铝业,0.010847956
10934,2025-01-23,603228,景旺电子,0.010846183
10935,2025-01-24,600901,江苏金租,0.010843977
10936,2025-01-23,2172,澳洋健康,0.010843769
10937,2025-01-27,2614,奥佳华,0.0108432025
10938,2025-01-27,2057,中钢天源,0.010841459
10939,2025-01-24,600486,扬农化工,0.010839984
10940,2025-01-24,300880,迦南智能,0.010837674
10941,2025-01-24,600833,第一医药,0.0108367205
10942,2025-01-24,300811,铂科新材,0.010835215
10943,2025-01-27,603053,成都燃气,0.010834858
10944,2025-01-24,2677,浙江美大,0.010822684
10945,2025-01-27,1289,龙源电力,0.010814607
10946,2025-01-27,2412,汉森制药,0.010814175
10947,2025-01-27,600073,光明肉业,0.010811657
10948,2025-01-24,301273,瑞晨环保,0.010801747
10949,2025-01-23,603069,海汽集团,0.010798752
10950,2025-01-24,601107,四川成渝,0.010798708
10951,2025-01-24,301097,天益医疗,0.010796934
10952,2025-01-23,605567,春雪食品,0.010796234
10953,2025-01-23,301073,君亭酒店,0.010796174
10954,2025-01-23,603816,顾家家居,0.0107949525
10955,2025-01-27,2980,华盛昌,0.010793805
10956,2025-01-27,2901,大博医疗,0.010792211
10957,2025-01-27,28,国药一致,0.010787532
10958,2025-01-27,603997,继峰股份,0.010786489
10959,2025-01-27,600848,上海临港,0.010782585
10960,2025-01-23,601288,农业银行,0.010782346
10961,2025-01-23,688258,卓易信息,0.010781735
10962,2025-01-24,688101,三达膜,0.010778323
10963,2025-01-24,300879,大叶股份,0.010777548
10964,2025-01-23,2821,凯莱英,0.010777369
10965,2025-01-23,300110,华仁药业,0.010774523
10966,2025-01-27,600749,西藏旅游,0.01077275
10967,2025-01-27,2920,德赛西威,0.01077199
10968,2025-01-24,688266,泽璟制药-U,0.010767266
10969,2025-01-24,300230,永利股份,0.010765836
10970,2025-01-27,600933,爱柯迪,0.0107657015
10971,2025-01-24,713,丰乐种业,0.010765567
10972,2025-01-23,2707,众信旅游,0.010764614
10973,2025-01-23,570,苏常柴Ａ,0.010760963
10974,2025-01-27,600499,科达制造,0.010759145
10975,2025-01-27,600996,贵广网络,0.010754332
10976,2025-01-23,603385,惠达卫浴,0.010753006
10977,2025-01-27,601618,中国中冶,0.010752335
10978,2025-01-27,2061,浙江交科,0.010752082
10979,2025-01-23,688480,赛恩斯,0.010746688
10980,2025-01-27,688517,金冠电气,0.010746151
10981,2025-01-27,600998,九州通,0.010738775
10982,2025-01-24,2579,中京电子,0.010737851
10983,2025-01-23,2695,煌上煌,0.010737762
10984,2025-01-24,2442,龙星科技,0.010734931
10985,2025-01-27,603337,杰克股份,0.010732099
10986,2025-01-27,2027,分众传媒,0.010729939
10987,2025-01-24,999,华润三九,0.010729536
10988,2025-01-23,600279,重庆港,0.010728553
10989,2025-01-24,600519,贵州茅台,0.010728478
10990,2025-01-23,2963,豪尔赛,0.010726839
10991,2025-01-27,2040,南 京 港,0.010723531
10992,2025-01-23,301063,海锅股份,0.010718375
10993,2025-01-23,688432,有研硅,0.010718033
10994,2025-01-23,859,国风新材,0.010714605
10995,2025-01-27,2080,中材科技,0.010708988
10996,2025-01-27,2293,罗莱生活,0.010708436
10997,2025-01-27,2936,郑州银行,0.010703787
10998,2025-01-24,2873,新天药业,0.010703757
10999,2025-01-24,301265,华新环保,0.010699794
11000,2025-01-23,301072,中捷精工,0.010699719
11001,2025-01-24,301390,经纬股份,0.010696575
11002,2025-01-24,300627,华测导航,0.010690376
11003,2025-01-23,688015,交控科技,0.010689095
11004,2025-01-24,601880,辽港股份,0.010688782
11005,2025-01-23,2266,浙富控股,0.010686949
11006,2025-01-27,300514,友讯达,0.01068221
11007,2025-01-23,2887,绿茵生态,0.010679483
11008,2025-01-27,688568,中科星图,0.010677636
11009,2025-01-23,688396,华润微,0.01067467
11010,2025-01-27,300453,三鑫医疗,0.010670021
11011,2025-01-23,600498,烽火通信,0.010669261
11012,2025-01-24,300922,天秦装备,0.01066865
11013,2025-01-27,600648,外高桥,0.0106624365
11014,2025-01-23,600055,万东医疗,0.010661945
11015,2025-01-24,301106,骏成科技,0.010657713
11016,2025-01-23,600864,哈投股份,0.010656789
11017,2025-01-24,603676,卫信康,0.010651961
11018,2025-01-27,1228,永泰运,0.01064451
11019,2025-01-27,600396,华电辽能,0.010638371
11020,2025-01-24,603298,杭叉集团,0.010635868
11021,2025-01-24,603995,甬金股份,0.010632694
11022,2025-01-24,2823,凯中精密,0.01063177
11023,2025-01-24,603867,新化股份,0.010628
11024,2025-01-24,603326,我乐家居,0.010627374
11025,2025-01-24,997,新 大 陆,0.010620922
11026,2025-01-24,301020,密封科技,0.010620877
11027,2025-01-23,2869,金溢科技,0.01061213
11028,2025-01-23,822,山东海化,0.010608956
11029,2025-01-24,600028,中国石化,0.01060693
11030,2025-01-23,300958,建工修复,0.010603949
11031,2025-01-27,301260,格力博,0.010601252
11032,2025-01-24,603908,牧高笛,0.010598138
11033,2025-01-24,90,天健集团,0.010596022
11034,2025-01-24,2818,富森美,0.010592803
11035,2025-01-23,301100,风光股份,0.0105894655
11036,2025-01-27,301376,致欧科技,0.010588318
11037,2025-01-27,600210,紫江企业,0.0105867535
11038,2025-01-24,600926,杭州银行,0.010585457
11039,2025-01-23,2003,伟星股份,0.010577038
11040,2025-01-24,2151,北斗星通,0.010576725
11041,2025-01-27,688459,哈铁科技,0.010570914
11042,2025-01-23,300315,掌趣科技,0.010569245
11043,2025-01-27,601816,京沪高铁,0.010566935
11044,2025-01-23,301295,美硕科技,0.010564655
11045,2025-01-23,688217,睿昂基因,0.010563135
11046,2025-01-27,623,吉林敖东,0.010556683
11047,2025-01-27,883,湖北能源,0.010553196
11048,2025-01-27,300546,雄帝科技,0.010552287
11049,2025-01-23,2032,苏 泊 尔,0.010551989
11050,2025-01-24,993,闽东电力,0.010547236
11051,2025-01-27,603276,恒兴新材,0.010545492
11052,2025-01-23,603172,万丰股份,0.010539085
11053,2025-01-27,600425,青松建化,0.010535479
11054,2025-01-24,688336,三生国健,0.010531127
11055,2025-01-27,301131,聚赛龙,0.01052855
11056,2025-01-23,603500,祥和实业,0.010526672
11057,2025-01-24,1316,润贝航科,0.010525659
11058,2025-01-23,600663,陆家嘴,0.01052466
11059,2025-01-24,601666,平煤股份,0.010524139
11060,2025-01-23,601121,宝地矿业,0.010521337
11061,2025-01-23,301592,六九一二,0.010521054
11062,2025-01-24,629,钒钛股份,0.010520771
11063,2025-01-24,3003,天元股份,0.010520309
11064,2025-01-24,603237,五芳斋,0.010519713
11065,2025-01-23,601975,招商南油,0.010516673
11066,2025-01-24,688236,春立医疗,0.010511935
11067,2025-01-27,601975,招商南油,0.010510907
11068,2025-01-23,600114,东睦股份,0.010510221
11069,2025-01-27,601500,通用股份,0.010509014
11070,2025-01-24,300046,台基股份,0.01050818
11071,2025-01-24,600787,中储股份,0.010506049
11072,2025-01-23,688050,爱博医疗,0.010502115
11073,2025-01-23,605089,味知香,0.0104973465
11074,2025-01-24,600900,长江电力,0.010496065
11075,2025-01-24,2827,高争民爆,0.010493666
11076,2025-01-24,600016,民生银行,0.010482699
11077,2025-01-23,2125,湘潭电化,0.010482699
11078,2025-01-24,601717,郑煤机,0.010482609
11079,2025-01-23,603097,江苏华辰,0.010481507
11080,2025-01-23,688012,中微公司,0.010477304
11081,2025-01-24,2401,中远海科,0.010476932
11082,2025-01-24,688646,逸飞激光,0.010472506
11083,2025-01-24,301013,利和兴,0.010460138
11084,2025-01-23,2476,宝莫股份,0.010458544
11085,2025-01-24,300708,聚灿光电,0.010452211
11086,2025-01-23,603976,正川股份,0.010450169
11087,2025-01-24,600160,巨化股份,0.010442555
11088,2025-01-23,600359,新农开发,0.010440931
11089,2025-01-23,2255,海陆重工,0.010440707
11090,2025-01-24,2957,科瑞技术,0.010437623
11091,2025-01-24,2707,众信旅游,0.010436326
11092,2025-01-27,600497,驰宏锌锗,0.010432437
11093,2025-01-23,300075,数字政通,0.010432124
11094,2025-01-24,1328,登康口腔,0.010431528
11095,2025-01-24,2099,海翔药业,0.01043053
11096,2025-01-27,300469,信息发展,0.01042749
11097,2025-01-23,932,华菱钢铁,0.010422602
11098,2025-01-24,601121,宝地矿业,0.010420248
11099,2025-01-23,2136,安 纳 达,0.0104189515
11100,2025-01-23,300637,扬帆新材,0.010418728
11101,2025-01-27,600509,天富能源,0.010418534
11102,2025-01-23,300281,金明精机,0.01041317
11103,2025-01-27,1230,劲旅环境,0.01040341
11104,2025-01-24,300743,天地数码,0.010395989
11105,2025-01-24,2283,天润工业,0.010393769
11106,2025-01-23,300707,威唐工业,0.01038754
11107,2025-01-24,600993,马应龙,0.01038608
11108,2025-01-27,2752,昇兴股份,0.010384604
11109,2025-01-27,603163,圣晖集成,0.010380715
11110,2025-01-23,600096,云天化,0.010378003
11111,2025-01-23,603051,鹿山新材,0.010377914
11112,2025-01-24,603082,北自科技,0.010370463
11113,2025-01-23,600834,申通地铁,0.010369316
11114,2025-01-23,688289,圣湘生物,0.010369271
11115,2025-01-24,603722,阿科力,0.010368854
11116,2025-01-23,300487,蓝晓科技,0.010368213
11117,2025-01-24,300294,博雅生物,0.010364592
11118,2025-01-23,301525,儒竞科技,0.010361403
11119,2025-01-24,600353,旭光电子,0.010356396
11120,2025-01-27,301276,嘉曼服饰,0.010355726
11121,2025-01-27,2022,科华生物,0.0103548765
11122,2025-01-23,601018,宁波港,0.010354474
11123,2025-01-27,597,东北制药,0.010353088
11124,2025-01-23,601766,中国中车,0.010351241
11125,2025-01-24,301507,民生健康,0.010350034
11126,2025-01-24,688517,金冠电气,0.010349587
11127,2025-01-27,603585,苏利股份,0.01034902
11128,2025-01-24,603097,江苏华辰,0.010348082
11129,2025-01-23,601059,信达证券,0.01034753
11130,2025-01-27,600470,六国化工,0.010346293
11131,2025-01-24,300463,迈克生物,0.010343999
11132,2025-01-27,603456,九洲药业,0.010343015
11133,2025-01-27,603001,奥康国际,0.010342479
11134,2025-01-23,600030,中信证券,0.010340482
11135,2025-01-27,600505,西昌电力,0.010335013
11136,2025-01-24,601108,财通证券,0.010334104
11137,2025-01-23,2756,永兴材料,0.010332331
11138,2025-01-24,603181,皇马科技,0.01033029
11139,2025-01-23,2017,东信和平,0.010322824
11140,2025-01-23,603290,斯达半导,0.010320842
11141,2025-01-24,600908,无锡银行,0.010314286
11142,2025-01-24,688393,安必平,0.010313049
11143,2025-01-27,300761,立华股份,0.010309845
11144,2025-01-27,601121,宝地矿业,0.010309398
11145,2025-01-24,601956,东贝集团,0.010304391
11146,2025-01-23,807,云铝股份,0.010304168
11147,2025-01-27,603848,好太太,0.010299593
11148,2025-01-27,603313,梦百合,0.010289401
11149,2025-01-23,688669,聚石化学,0.010285169
11150,2025-01-24,2492,恒基达鑫,0.010281324
11151,2025-01-24,300337,银邦股份,0.010280728
11152,2025-01-23,301156,美农生物,0.010280535
11153,2025-01-23,300784,利安科技,0.010277569
11154,2025-01-24,300015,爱尔眼科,0.010275722
11155,2025-01-23,603201,常润股份,0.010275304
11156,2025-01-24,301287,康力源,0.010273859
11157,2025-01-24,601949,中国出版,0.010269165
11158,2025-01-23,300819,聚杰微纤,0.010268867
11159,2025-01-27,756,新华制药,0.010268271
11160,2025-01-24,2227,奥 特 迅,0.01026696
11161,2025-01-27,601188,龙江交通,0.010261849
11162,2025-01-27,300203,聚光科技,0.010260552
11163,2025-01-27,603698,航天工程,0.01026015
11164,2025-01-24,3025,思进智能,0.010258719
11165,2025-01-27,65,北方国际,0.010255232
11166,2025-01-27,600573,惠泉啤酒,0.0102548
11167,2025-01-24,690,宝新能源,0.01025328
11168,2025-01-23,2831,裕同科技,0.010251954
11169,2025-01-24,300319,麦捷科技,0.010250807
11170,2025-01-24,300653,正海生物,0.010250375
11171,2025-01-24,300931,通用电梯,0.010248184
11172,2025-01-27,600521,华海药业,0.010246292
11173,2025-01-23,600682,南京新百,0.010241449
11174,2025-01-24,600328,中盐化工,0.01023227
11175,2025-01-23,300131,英唐智控,0.010232195
11176,2025-01-27,792,盐湖股份,0.010231927
11177,2025-01-24,605365,立达信,0.010227844
11178,2025-01-23,301377,鼎泰高科,0.010225952
11179,2025-01-24,603105,芯能科技,0.010218084
11180,2025-01-24,601988,中国银行,0.010217056
11181,2025-01-23,301446,福事特,0.010215089
11182,2025-01-27,1203,大中矿业,0.010212585
11183,2025-01-24,601096,宏盛华源,0.010209784
11184,2025-01-27,300962,中金辐照,0.010207057
11185,2025-01-23,2340,格林美,0.010206699
11186,2025-01-23,688366,昊海生科,0.010203615
11187,2025-01-23,301002,崧盛股份,0.010201722
11188,2025-01-24,603216,梦天家居,0.010190979
11189,2025-01-27,603331,百达精工,0.010187477
11190,2025-01-24,301293,三博脑科,0.010180041
11191,2025-01-27,300525,博思软件,0.010179192
11192,2025-01-24,600391,航发科技,0.010177791
11193,2025-01-24,600961,株冶集团,0.010176197
11194,2025-01-23,863,三湘印象,0.01017563
11195,2025-01-24,2282,博深股份,0.010173485
11196,2025-01-24,2835,同为股份,0.010172382
11197,2025-01-23,2412,汉森制药,0.010169208
11198,2025-01-24,600552,凯盛科技,0.010165215
11199,2025-01-24,300275,梅安森,0.010158092
11200,2025-01-24,688355,明志科技,0.010156959
11201,2025-01-27,2497,雅化集团,0.010155469
11202,2025-01-24,603260,合盛硅业,0.010150388
11203,2025-01-23,301137,哈焊华通,0.010149851
11204,2025-01-23,300933,中辰股份,0.010148972
11205,2025-01-23,601212,白银有色,0.010142207
11206,2025-01-27,688480,赛恩斯,0.0101419985
11207,2025-01-27,910,大亚圣象,0.010140464
11208,2025-01-27,688093,世华科技,0.010139227
11209,2025-01-24,301297,富乐德,0.010138571
11210,2025-01-23,688586,江航装备,0.010136932
11211,2025-01-27,600021,上海电力,0.010136455
11212,2025-01-24,605099,共创草坪,0.010135978
11213,2025-01-27,300823,建科智能,0.010134354
11214,2025-01-24,600512,腾达建设,0.010133788
11215,2025-01-23,2212,天融信,0.010132417
11216,2025-01-24,600570,恒生电子,0.010131896
11217,2025-01-23,516,国际医学,0.010131434
11218,2025-01-24,300606,金太阳,0.0101184845
11219,2025-01-27,600183,生益科技,0.01011236
11220,2025-01-24,600726,华电能源,0.01010792
11221,2025-01-23,2338,奥普光电,0.010107145
11222,2025-01-23,300481,濮阳惠成,0.010106176
11223,2025-01-27,601858,中国科传,0.010104984
11224,2025-01-27,2452,长高电新,0.010102347
11225,2025-01-24,300016,北陆药业,0.010098815
11226,2025-01-23,603267,鸿远电子,0.0100952685
11227,2025-01-27,300771,智莱科技,0.010088667
11228,2025-01-23,600449,宁夏建材,0.010088533
11229,2025-01-24,603515,欧普照明,0.010087252
11230,2025-01-24,2250,联化科技,0.010084033
11231,2025-01-24,301298,东利机械,0.010078058
11232,2025-01-23,2317,众生药业,0.010075435
11233,2025-01-27,601518,吉林高速,0.010074884
11234,2025-01-24,300036,超图软件,0.010074571
11235,2025-01-24,960,锡业股份,0.010068297
11236,2025-01-27,300388,节能国祯,0.010067895
11237,2025-01-23,300664,鹏鹞环保,0.010065034
11238,2025-01-24,936,华西股份,0.01006262
11239,2025-01-23,603173,福斯达,0.01006186
11240,2025-01-24,661,长春高新,0.0100581795
11241,2025-01-23,2962,五方光电,0.0100573
11242,2025-01-24,603602,纵横通信,0.0100559
11243,2025-01-27,600075,新疆天业,0.010055229
11244,2025-01-27,600551,时代出版,0.010054141
11245,2025-01-24,2869,金溢科技,0.010053769
11246,2025-01-27,603298,杭叉集团,0.010052726
11247,2025-01-23,2920,德赛西威,0.010052517
11248,2025-01-23,600552,凯盛科技,0.010047659
11249,2025-01-24,625,长安汽车,0.010046065
11250,2025-01-27,688772,珠海冠宇,0.010044292
11251,2025-01-27,688176,亚虹医药-U,0.010041699
11252,2025-01-23,2669,康达新材,0.010038212
11253,2025-01-24,2293,罗莱生活,0.010027945
11254,2025-01-23,600961,株冶集团,0.010016039
11255,2025-01-27,963,华东医药,0.010016009
11256,2025-01-27,600975,新五丰,0.01001443
11257,2025-01-23,603688,石英股份,0.010010675
11258,2025-01-24,603235,天新药业,0.010004893
11259,2025-01-24,688307,中润光学,0.01000388
11260,2025-01-24,411,英特集团,0.010002077
11261,2025-01-24,601555,东吴证券,0.010001451
11262,2025-01-24,603163,圣晖集成,0.009997278
11263,2025-01-24,600862,中航高科,0.009996295
11264,2025-01-24,300623,捷捷微电,0.009993568
11265,2025-01-24,3043,华亚智能,0.009991571
11266,2025-01-24,300856,科思股份,0.009988964
11267,2025-01-27,603310,巍华新材,0.009987012
11268,2025-01-23,603698,航天工程,0.009982988
11269,2025-01-27,301507,民生健康,0.00998196
11270,2025-01-27,3012,东鹏控股,0.009981468
11271,2025-01-24,603799,华友钴业,0.009980783
11272,2025-01-23,300454,深信服,0.009976447
11273,2025-01-23,2696,百洋股份,0.009973034
11274,2025-01-24,600820,隧道股份,0.0099720955
11275,2025-01-27,2204,大连重工,0.0099630505
11276,2025-01-23,2344,海宁皮城,0.009961635
11277,2025-01-27,600730,中国高科,0.009957492
11278,2025-01-27,603373,安邦护卫,0.009953126
11279,2025-01-23,2990,盛视科技,0.00995104
11280,2025-01-23,300916,朗特智能,0.00995101
11281,2025-01-24,301528,多浦乐,0.009950712
11282,2025-01-23,300817,双飞集团,0.009950474
11283,2025-01-27,300375,鹏翎股份,0.009947941
11284,2025-01-27,2925,盈趣科技,0.009947583
11285,2025-01-23,2066,瑞泰科技,0.0099443495
11286,2025-01-27,26,飞亚达,0.009941503
11287,2025-01-27,600740,山西焦化,0.009940848
11288,2025-01-24,301633,港迪技术,0.0099387765
11289,2025-01-23,600455,博通股份,0.00993064
11290,2025-01-23,301122,采纳股份,0.009925038
11291,2025-01-24,300747,锐科激光,0.009920552
11292,2025-01-24,300777,中简科技,0.009920046
11293,2025-01-23,300912,凯龙高科,0.009919897
11294,2025-01-23,403,派林生物,0.009916484
11295,2025-01-23,2532,天山铝业,0.009909779
11296,2025-01-24,300092,科新机电,0.009907246
11297,2025-01-27,603687,大胜达,0.009902045
11298,2025-01-27,2157,正邦科技,0.009901568
11299,2025-01-24,2125,湘潭电化,0.0099006
11300,2025-01-24,603992,松霖科技,0.009900495
11301,2025-01-23,603690,至纯科技,0.009898111
11302,2025-01-27,600456,宝钛股份,0.009897277
11303,2025-01-24,1323,慕思股份,0.009897202
11304,2025-01-24,601872,招商轮船,0.009896874
11305,2025-01-23,601899,紫金矿业,0.009894669
11306,2025-01-27,605099,共创草坪,0.009892747
11307,2025-01-23,688026,洁特生物,0.00989075
11308,2025-01-23,600787,中储股份,0.009889543
11309,2025-01-24,688552,航天南湖,0.009883925
11310,2025-01-23,300387,富邦科技,0.009883836
11311,2025-01-27,601688,华泰证券,0.009881824
11312,2025-01-24,568,泸州老窖,0.009881079
11313,2025-01-27,2267,陕天然气,0.009879157
11314,2025-01-27,600980,北矿科技,0.009879038
11315,2025-01-27,2768,国恩股份,0.009878501
11316,2025-01-24,300553,集智股份,0.009874478
11317,2025-01-24,605058,澳弘电子,0.009874433
11318,2025-01-27,300251,光线传媒,0.009873807
11319,2025-01-23,605133,嵘泰股份,0.009871259
11320,2025-01-23,688401,路维光电,0.009868845
11321,2025-01-27,2687,乔治白,0.009866908
11322,2025-01-24,600575,淮河能源,0.009860441
11323,2025-01-23,300780,德恩精工,0.009859666
11324,2025-01-23,2382,蓝帆医疗,0.009858355
11325,2025-01-23,301428,世纪恒通,0.0098570585
11326,2025-01-24,300815,玉禾田,0.0098541975
11327,2025-01-24,601952,苏垦农发,0.009854093
11328,2025-01-24,600482,中国动力,0.009853929
11329,2025-01-24,688419,耐科装备,0.009846926
11330,2025-01-23,600885,宏发股份,0.009846866
11331,2025-01-27,2572,索菲亚,0.009846225
11332,2025-01-24,1299,美能能源,0.0098422915
11333,2025-01-23,300441,鲍斯股份,0.009840012
11334,2025-01-23,301035,润丰股份,0.009837404
11335,2025-01-27,688190,云路股份,0.009836972
11336,2025-01-23,688518,联赢激光,0.009836674
11337,2025-01-23,301331,恩威医药,0.009831399
11338,2025-01-23,601968,宝钢包装,0.009829387
11339,2025-01-23,2008,大族激光,0.00982818
11340,2025-01-23,600497,驰宏锌锗,0.009827748
11341,2025-01-27,603890,春秋电子,0.009824514
11342,2025-01-23,920,沃顿科技,0.009823412
11343,2025-01-24,300151,昌红科技,0.009821162
11344,2025-01-27,600261,阳光照明,0.009820029
11345,2025-01-24,601975,招商南油,0.009819344
11346,2025-01-23,300553,集智股份,0.009815082
11347,2025-01-23,300677,英科医疗,0.009812579
11348,2025-01-23,603052,可川科技,0.009811655
11349,2025-01-24,600750,江中药业,0.00980635
11350,2025-01-24,2588,史丹利,0.009803683
11351,2025-01-23,877,天山股份,0.009802774
11352,2025-01-27,600101,明星电力,0.009800434
11353,2025-01-24,601939,建设银行,0.0098003745
11354,2025-01-23,688625,呈和科技,0.009793222
11355,2025-01-27,600758,辽宁能源,0.009792939
11356,2025-01-24,601788,光大证券,0.009792894
11357,2025-01-27,603065,宿迁联盛,0.00979206
11358,2025-01-24,2468,申通快递,0.009788096
11359,2025-01-23,301112,信邦智能,0.00978148
11360,2025-01-23,600853,龙建股份,0.009777382
11361,2025-01-24,410,沈阳机床,0.00977689
11362,2025-01-23,600085,同仁堂,0.009773642
11363,2025-01-24,885,城发环境,0.009773403
11364,2025-01-24,603369,今世缘,0.009772882
11365,2025-01-23,301078,孩子王,0.009770393
11366,2025-01-27,603689,皖天然气,0.009770289
11367,2025-01-24,2098,浔兴股份,0.009769395
11368,2025-01-23,600138,中青旅,0.009766012
11369,2025-01-24,605169,洪通燃气,0.009764582
11370,2025-01-24,920,沃顿科技,0.009764507
11371,2025-01-24,301193,家联科技,0.009764239
11372,2025-01-24,600433,冠豪高新,0.009760812
11373,2025-01-23,2761,浙江建投,0.00975886
11374,2025-01-23,300475,香农芯创,0.009754881
11375,2025-01-27,876,新 希 望,0.009749204
11376,2025-01-27,301106,骏成科技,0.00974308
11377,2025-01-23,605100,华丰股份,0.009740874
11378,2025-01-24,600300,维维股份,0.009740636
11379,2025-01-27,600444,国机通用,0.009740248
11380,2025-01-23,600323,瀚蓝环境,0.009732589
11381,2025-01-23,603466,风语筑,0.009731442
11382,2025-01-23,603335,迪生力,0.009729221
11383,2025-01-24,788,北大医药,0.009723499
11384,2025-01-24,688257,新锐股份,0.009719506
11385,2025-01-24,301100,风光股份,0.009719387
11386,2025-01-27,888,峨眉山Ａ,0.009716302
11387,2025-01-24,688981,中芯国际,0.0097139925
11388,2025-01-23,601,韶能股份,0.00971365
11389,2025-01-23,408,藏格矿业,0.009711996
11390,2025-01-23,887,中鼎股份,0.009704933
11391,2025-01-23,301276,嘉曼服饰,0.009702519
11392,2025-01-23,603171,税友股份,0.009700373
11393,2025-01-23,688129,东来技术,0.009700179
11394,2025-01-27,600526,菲达环保,0.009697914
11395,2025-01-23,735,罗 牛 山,0.009697393
11396,2025-01-23,605298,必得科技,0.00969696
11397,2025-01-24,601618,中国中冶,0.009696856
11398,2025-01-27,600097,开创国际,0.009696141
11399,2025-01-24,688268,华特气体,0.009695813
11400,2025-01-23,600970,中材国际,0.009695575
11401,2025-01-23,1299,美能能源,0.009690553
11402,2025-01-24,2345,潮宏基,0.0096895695
11403,2025-01-24,301175,中科环保,0.009688929
11404,2025-01-24,600348,华阳股份,0.009685934
11405,2025-01-27,300797,钢研纳克,0.009684861
11406,2025-01-23,301205,联特科技,0.009684518
11407,2025-01-23,301363,美好医疗,0.009681255
11408,2025-01-23,600368,五洲交通,0.009678841
11409,2025-01-27,600020,中原高速,0.009676307
11410,2025-01-27,688570,天玛智控,0.009675607
11411,2025-01-24,603601,再升科技,0.009672567
11412,2025-01-24,600527,江南高纤,0.009670585
11413,2025-01-27,603309,维力医疗,0.009666413
11414,2025-01-23,300227,光韵达,0.00966458
11415,2025-01-24,600008,首创环保,0.009663045
11416,2025-01-27,688359,三孚新科,0.009662598
11417,2025-01-27,2958,青农商行,0.009660289
11418,2025-01-27,301349,信德新材,0.009658977
11419,2025-01-24,2368,太极股份,0.009657085
11420,2025-01-23,605080,浙江自然,0.009656295
11421,2025-01-24,603069,海汽集团,0.009654343
11422,2025-01-24,600356,恒丰纸业,0.009651884
11423,2025-01-27,603926,铁流股份,0.009651378
11424,2025-01-23,601231,环旭电子,0.009650156
11425,2025-01-24,300146,汤臣倍健,0.009650141
11426,2025-01-27,603876,鼎胜新材,0.009645835
11427,2025-01-23,603218,日月股份,0.009645522
11428,2025-01-24,559,万向钱潮,0.0096438825
11429,2025-01-24,2469,三维化学,0.009642988
11430,2025-01-23,601116,三江购物,0.009642646
11431,2025-01-23,601003,柳钢股份,0.009636968
11432,2025-01-23,688589,力合微,0.009633288
11433,2025-01-23,605099,共创草坪,0.009628981
11434,2025-01-24,1238,浙江正特,0.009628326
11435,2025-01-23,300133,华策影视,0.009627625
11436,2025-01-23,2999,天禾股份,0.009624839
11437,2025-01-23,301418,协昌科技,0.00962162
11438,2025-01-24,300637,扬帆新材,0.009621069
11439,2025-01-27,707,双环科技,0.009621009
11440,2025-01-24,600197,伊力特,0.009617269
11441,2025-01-23,301362,民爆光电,0.009614706
11442,2025-01-24,2350,北京科锐,0.009612203
11443,2025-01-23,600812,华北制药,0.009611577
11444,2025-01-23,603586,金麒麟,0.009607688
11445,2025-01-24,26,飞亚达,0.0096075535
11446,2025-01-23,627,天茂集团,0.009606853
11447,2025-01-23,937,冀中能源,0.009605676
11448,2025-01-23,603238,诺邦股份,0.009604692
11449,2025-01-23,300232,洲明科技,0.009603858
11450,2025-01-24,2758,浙农股份,0.009603307
11451,2025-01-27,300815,玉禾田,0.00959304
11452,2025-01-27,600833,第一医药,0.00959143
11453,2025-01-23,300727,润禾材料,0.009590119
11454,2025-01-27,300864,南大环境,0.009586841
11455,2025-01-24,792,盐湖股份,0.009582087
11456,2025-01-24,1205,盛航股份,0.009582058
11457,2025-01-23,300690,双一科技,0.009581521
11458,2025-01-24,603153,上海建科,0.009578839
11459,2025-01-27,2284,亚太股份,0.009573057
11460,2025-01-23,601599,浙文影业,0.009571835
11461,2025-01-24,600573,惠泉啤酒,0.009568498
11462,2025-01-24,2303,美盈森,0.009567782
11463,2025-01-24,688662,富信科技,0.009565085
11464,2025-01-23,688678,福立旺,0.009562939
11465,2025-01-24,301500,飞南资源,0.00955677
11466,2025-01-24,301195,北路智控,0.009554714
11467,2025-01-24,2532,天山铝业,0.009551734
11468,2025-01-24,153,丰原药业,0.009550095
11469,2025-01-24,1230,劲旅环境,0.009546354
11470,2025-01-23,301626,苏州天脉,0.0095447
11471,2025-01-27,600546,山煤国际,0.009542882
11472,2025-01-24,2562,兄弟科技,0.009542629
11473,2025-01-23,600481,双良节能,0.009541541
11474,2025-01-23,601228,广州港,0.009539112
11475,2025-01-23,605090,九丰能源,0.009536713
11476,2025-01-27,301043,绿岛风,0.009535521
11477,2025-01-24,2752,昇兴股份,0.009531677
11478,2025-01-24,2697,红旗连锁,0.009531051
11479,2025-01-23,600908,无锡银行,0.00952895
11480,2025-01-24,600332,白云山,0.009527355
11481,2025-01-27,600780,通宝能源,0.009525597
11482,2025-01-24,600269,赣粤高速,0.009522408
11483,2025-01-24,600166,福田汽车,0.009518668
11484,2025-01-27,12,南  玻Ａ,0.009518042
11485,2025-01-23,603255,鼎际得,0.009515241
11486,2025-01-27,3023,彩虹集团,0.009514242
11487,2025-01-24,600017,日照港,0.009513408
11488,2025-01-23,688119,中钢洛耐,0.0095130205
11489,2025-01-23,968,蓝焰控股,0.009509757
11490,2025-01-24,2999,天禾股份,0.00950779
11491,2025-01-23,600027,华电国际,0.0095074475
11492,2025-01-27,300487,蓝晓科技,0.00950709
11493,2025-01-23,2293,罗莱生活,0.0095065385
11494,2025-01-24,2361,神剑股份,0.009499431
11495,2025-01-24,603319,湘油泵,0.009496748
11496,2025-01-27,700,模塑科技,0.009494349
11497,2025-01-24,600104,上汽集团,0.009493589
11498,2025-01-27,2909,集泰股份,0.009487331
11499,2025-01-24,2658,雪迪龙,0.009482637
11500,2025-01-24,600188,兖矿能源,0.009482473
11501,2025-01-23,600097,开创国际,0.009481624
11502,2025-01-24,338,潍柴动力,0.009478897
11503,2025-01-23,2140,东华科技,0.009469554
11504,2025-01-24,601607,上海医药,0.009466097
11505,2025-01-27,2783,凯龙股份,0.009465009
11506,2025-01-24,301043,绿岛风,0.009464443
11507,2025-01-24,2595,豪迈科技,0.009461403
11508,2025-01-24,300021,大禹节水,0.009459987
11509,2025-01-24,300470,中密控股,0.009459451
11510,2025-01-24,2558,巨人网络,0.009452045
11511,2025-01-23,301136,招标股份,0.009451672
11512,2025-01-23,300983,尤安设计,0.009451151
11513,2025-01-24,300681,英搏尔,0.009450212
11514,2025-01-24,652,泰达股份,0.009442717
11515,2025-01-24,688305,科德数控,0.009442002
11516,2025-01-23,89,深圳机场,0.009439975
11517,2025-01-23,600452,涪陵电力,0.009433001
11518,2025-01-27,600961,株冶集团,0.009431645
11519,2025-01-27,600248,陕建股份,0.009427592
11520,2025-01-23,688579,山大地纬,0.009425193
11521,2025-01-24,603078,江化微,0.009422824
11522,2025-01-23,2461,珠江啤酒,0.009421483
11523,2025-01-23,2395,双象股份,0.0094212
11524,2025-01-27,338,潍柴动力,0.009418517
11525,2025-01-24,301032,新柴股份,0.009413317
11526,2025-01-24,301039,中集车辆,0.009411842
11527,2025-01-23,860,顺鑫农业,0.009411827
11528,2025-01-23,2562,兄弟科技,0.0094115585
11529,2025-01-27,600352,浙江龙盛,0.009411484
11530,2025-01-23,600200,江苏吴中,0.009407401
11531,2025-01-23,779,甘咨询,0.0094071925
11532,2025-01-24,301538,骏鼎达,0.009403557
11533,2025-01-24,301225,恒勃股份,0.009401917
11534,2025-01-27,688329,艾隆科技,0.009399191
11535,2025-01-23,600900,长江电力,0.009398967
11536,2025-01-24,603579,荣泰健康,0.009398401
11537,2025-01-24,688180,君实生物-U,0.009395778
11538,2025-01-24,2102,能特科技,0.00939469
11539,2025-01-23,600166,福田汽车,0.009389609
11540,2025-01-27,605500,森林包装,0.009385347
11541,2025-01-23,301106,骏成科技,0.00938037
11542,2025-01-24,498,山东路桥,0.009380072
11543,2025-01-23,300872,天阳科技,0.0093792975
11544,2025-01-24,301246,宏源药业,0.009378642
11545,2025-01-24,301393,昊帆生物,0.009374589
11546,2025-01-24,600318,新力金融,0.009373963
11547,2025-01-23,300016,北陆药业,0.009373888
11548,2025-01-27,301353,普莱得,0.009371981
11549,2025-01-23,2796,世嘉科技,0.009371519
11550,2025-01-23,600429,三元股份,0.0093676895
11551,2025-01-24,1296,长江材料,0.00936076
11552,2025-01-24,688136,科兴制药,0.009357721
11553,2025-01-23,600016,民生银行,0.009357661
11554,2025-01-27,300666,江丰电子,0.009357527
11555,2025-01-24,2763,汇洁股份,0.009356275
11556,2025-01-27,600867,通化东宝,0.009355783
11557,2025-01-27,688200,华峰测控,0.009355739
11558,2025-01-27,600309,万华化学,0.009354904
11559,2025-01-23,603163,圣晖集成,0.009354621
11560,2025-01-24,600011,华能国际,0.009349987
11561,2025-01-24,2032,苏 泊 尔,0.0093495995
11562,2025-01-23,953,河化股份,0.009347588
11563,2025-01-23,2321,华英农业,0.0093473345
11564,2025-01-24,301456,盘古智能,0.009345248
11565,2025-01-23,301288,清研环境,0.009344742
11566,2025-01-23,688221,前沿生物-U,0.009340599
11567,2025-01-27,2051,中工国际,0.009338811
11568,2025-01-24,603519,立霸股份,0.009335116
11569,2025-01-24,688318,财富趋势,0.009322688
11570,2025-01-23,688060,云涌科技,0.009319454
11571,2025-01-27,600018,上港集团,0.00931561
11572,2025-01-27,600141,兴发集团,0.0093143135
11573,2025-01-23,2107,沃华医药,0.009309709
11574,2025-01-24,301087,可孚医疗,0.009307399
11575,2025-01-27,2615,哈尔斯,0.009306312
11576,2025-01-24,927,中国铁物,0.00930503
11577,2025-01-27,828,东莞控股,0.009304583
11578,2025-01-24,688403,汇成股份,0.00930199
11579,2025-01-23,688553,汇宇制药-W,0.00929971
11580,2025-01-23,301631,壹连科技,0.009298384
11581,2025-01-23,600088,中视传媒,0.009297982
11582,2025-01-23,300394,天孚通信,0.009296775
11583,2025-01-27,603380,易德龙,0.009294897
11584,2025-01-24,959,首钢股份,0.009286925
11585,2025-01-24,688082,盛美上海,0.00928548
11586,2025-01-24,300482,万孚生物,0.009280145
11587,2025-01-27,301166,优宁维,0.009275094
11588,2025-01-27,2484,江海股份,0.009274051
11589,2025-01-23,603708,家家悦,0.00927341
11590,2025-01-24,300401,花园生物,0.009271875
11591,2025-01-27,650,仁和药业,0.009260789
11592,2025-01-23,688428,诺诚健华-U,0.00926061
11593,2025-01-24,600827,百联股份,0.009258106
11594,2025-01-23,300893,松原股份,0.009257242
11595,2025-01-24,2646,天佑德酒,0.009248674
11596,2025-01-24,301099,雅创电子,0.009247184
11597,2025-01-23,601636,旗滨集团,0.0092442185
11598,2025-01-24,2609,捷顺科技,0.009240329
11599,2025-01-24,300414,中光防雷,0.00924018
11600,2025-01-24,600971,恒源煤电,0.009233832
11601,2025-01-27,688106,金宏气体,0.009223774
11602,2025-01-23,2303,美盈森,0.009222865
11603,2025-01-24,603091,众鑫股份,0.009220615
11604,2025-01-24,300905,宝丽迪,0.009220198
11605,2025-01-24,688019,安集科技,0.009219468
11606,2025-01-24,301071,力量钻石,0.009217218
11607,2025-01-23,300143,盈康生命,0.0092168
11608,2025-01-23,300004,南风股份,0.009216726
11609,2025-01-24,300228,富瑞特装,0.009211943
11610,2025-01-24,2043,兔 宝 宝,0.009210378
11611,2025-01-23,603528,多伦科技,0.009210154
11612,2025-01-27,2749,国光股份,0.00921002
11613,2025-01-27,600558,大西洋,0.009205267
11614,2025-01-23,603209,兴通股份,0.009202436
11615,2025-01-27,2827,高争民爆,0.0092018545
11616,2025-01-23,2216,三全食品,0.009201318
11617,2025-01-24,605056,咸亨国际,0.009190828
11618,2025-01-24,603931,格林达,0.009187192
11619,2025-01-24,300292,吴通控股,0.009185672
11620,2025-01-24,603065,宿迁联盛,0.009182364
11621,2025-01-27,600062,华润双鹤,0.0091808885
11622,2025-01-24,2389,航天彩虹,0.009180486
11623,2025-01-24,2331,皖通科技,0.009179607
11624,2025-01-27,2367,康力电梯,0.009179324
11625,2025-01-24,605077,华康股份,0.00917834
11626,2025-01-24,301048,金鹰重工,0.009174138
11627,2025-01-27,705,浙江震元,0.009173125
11628,2025-01-23,603022,新通联,0.00917165
11629,2025-01-23,688092,爱科科技,0.009167522
11630,2025-01-24,883,湖北能源,0.009162977
11631,2025-01-23,600526,菲达环保,0.00916259
11632,2025-01-27,601128,常熟银行,0.009161249
11633,2025-01-23,301359,东南电子,0.009160355
11634,2025-01-27,688269,凯立新材,0.009159505
11635,2025-01-24,3012,东鹏控股,0.009159118
11636,2025-01-27,300625,三雄极光,0.009158298
11637,2025-01-24,807,云铝股份,0.009156942
11638,2025-01-27,2385,大北农,0.00915584
11639,2025-01-24,603823,百合花,0.00915128
11640,2025-01-24,301522,上大股份,0.009149954
11641,2025-01-23,600298,安琪酵母,0.009148553
11642,2025-01-27,600965,福成股份,0.009147093
11643,2025-01-24,300976,达瑞电子,0.0091462135
11644,2025-01-27,531,穗恒运Ａ,0.009140387
11645,2025-01-24,600733,北汽蓝谷,0.009138957
11646,2025-01-24,600125,铁龙物流,0.009138674
11647,2025-01-23,688029,南微医学,0.0091353655
11648,2025-01-23,301280,珠城科技,0.00913474
11649,2025-01-23,688151,华强科技,0.009134263
11650,2025-01-24,688623,双元科技,0.009131938
11651,2025-01-24,603896,寿仙谷,0.009130001
11652,2025-01-24,300625,三雄极光,0.009128466
11653,2025-01-24,300801,泰和科技,0.009127468
11654,2025-01-27,688196,卓越新能,0.009125933
11655,2025-01-23,652,泰达股份,0.00912483
11656,2025-01-23,603396,金辰股份,0.009124279
11657,2025-01-23,301172,君逸数码,0.009123415
11658,2025-01-23,2818,富森美,0.009123102
11659,2025-01-23,600197,伊力特,0.009120196
11660,2025-01-23,2883,中设股份,0.009118229
11661,2025-01-23,688352,颀中科技,0.009117156
11662,2025-01-23,2635,安洁科技,0.009110764
11663,2025-01-23,600379,宝光股份,0.009108633
11664,2025-01-23,300692,中环环保,0.0091070235
11665,2025-01-23,521,长虹美菱,0.009102061
11666,2025-01-23,2568,百润股份,0.009101197
11667,2025-01-24,600299,安迪苏,0.009100139
11668,2025-01-23,2023,海特高新,0.009095281
11669,2025-01-24,2543,万和电气,0.009092867
11670,2025-01-24,603960,克来机电,0.009089857
11671,2025-01-23,688120,华海清科,0.009089246
11672,2025-01-27,600479,千金药业,0.009081781
11673,2025-01-27,600511,国药股份,0.009079024
11674,2025-01-23,2508,老板电器,0.009074569
11675,2025-01-27,2357,富临运业,0.009068623
11676,2025-01-24,2120,韵达股份,0.00906308
11677,2025-01-23,300821,东岳硅材,0.009054035
11678,2025-01-24,603505,金石资源,0.009048849
11679,2025-01-23,301197,工大科雅,0.009046435
11680,2025-01-23,603867,新化股份,0.009045795
11681,2025-01-27,2626,金达威,0.009043649
11682,2025-01-24,603258,电魂网络,0.009042814
11683,2025-01-24,2116,中国海诚,0.009041831
11684,2025-01-27,3027,同兴科技,0.0090409815
11685,2025-01-23,300257,开山股份,0.00904052
11686,2025-01-24,2010,传化智联,0.009037599
11687,2025-01-23,688386,泛亚微透,0.009036675
11688,2025-01-23,600252,中恒集团,0.009035245
11689,2025-01-24,601116,三江购物,0.009034902
11690,2025-01-24,603100,川仪股份,0.009032875
11691,2025-01-27,300832,新产业,0.009030089
11692,2025-01-24,2266,浙富控股,0.009029314
11693,2025-01-23,300327,中颖电子,0.009029284
11694,2025-01-23,600230,沧州大化,0.009026438
11695,2025-01-23,688226,威腾电气,0.009024799
11696,2025-01-24,600,建投能源,0.009022653
11697,2025-01-23,603219,富佳股份,0.00902234
11698,2025-01-24,300964,本川智能,0.009018049
11699,2025-01-23,301117,佳缘科技,0.009016931
11700,2025-01-24,2026,山东威达,0.009015024
11701,2025-01-24,600097,开创国际,0.009014189
11702,2025-01-24,601326,秦港股份,0.00900799
11703,2025-01-23,2550,千红制药,0.009007245
11704,2025-01-23,603938,三孚股份,0.008996144
11705,2025-01-24,300516,久之洋,0.008995026
11706,2025-01-23,300627,华测导航,0.008992463
11707,2025-01-23,688006,杭可科技,0.008991167
11708,2025-01-23,998,隆平高科,0.008984432
11709,2025-01-23,600237,铜峰电子,0.008983046
11710,2025-01-23,688266,泽璟制药-U,0.008980513
11711,2025-01-27,600483,福能股份,0.008980468
11712,2025-01-23,300462,华铭智能,0.008980453
11713,2025-01-27,2567,唐人神,0.008976132
11714,2025-01-23,2826,易明医药,0.008973584
11715,2025-01-27,2303,美盈森,0.008973017
11716,2025-01-27,603062,麦加芯彩,0.008970082
11717,2025-01-24,1288,运机集团,0.008966938
11718,2025-01-24,600261,阳光照明,0.008965939
11719,2025-01-23,300508,维宏股份,0.00896287
11720,2025-01-23,2182,宝武镁业,0.00895685
11721,2025-01-27,600971,恒源煤电,0.008954436
11722,2025-01-24,600909,华安证券,0.008953556
11723,2025-01-23,688101,三达膜,0.00895229
11724,2025-01-23,600233,圆通速递,0.00894548
11725,2025-01-23,688600,皖仪科技,0.008940712
11726,2025-01-23,300973,立高食品,0.008929506
11727,2025-01-23,2152,广电运通,0.008924931
11728,2025-01-24,300105,龙源技术,0.008924827
11729,2025-01-23,601619,嘉泽新能,0.0089235455
11730,2025-01-27,600820,隧道股份,0.0089233965
11731,2025-01-27,300440,运达科技,0.008921981
11732,2025-01-27,600170,上海建工,0.008918062
11733,2025-01-27,2675,东诚药业,0.008914605
11734,2025-01-24,605288,凯迪股份,0.008911371
11735,2025-01-23,300747,锐科激光,0.008908302
11736,2025-01-23,301200,大族数控,0.008907363
11737,2025-01-27,301317,鑫磊股份,0.008903071
11738,2025-01-23,600776,东方通信,0.008899644
11739,2025-01-23,603075,热威股份,0.008896306
11740,2025-01-23,601096,宏盛华源,0.00888741
11741,2025-01-23,301158,德石股份,0.008885846
11742,2025-01-27,300650,太龙股份,0.00888522
11743,2025-01-24,2338,奥普光电,0.008883208
11744,2025-01-27,688220,翱捷科技-U,0.008882716
11745,2025-01-24,600703,三安光电,0.008873597
11746,2025-01-23,1278,一彬科技,0.008867577
11747,2025-01-23,600739,辽宁成大,0.008867189
11748,2025-01-23,600489,中金黄金,0.008866534
11749,2025-01-27,688553,汇宇制药-W,0.008865297
11750,2025-01-27,600219,南山铝业,0.008853599
11751,2025-01-27,19,深粮控股,0.008846477
11752,2025-01-24,301508,中机认检,0.00884071
11753,2025-01-23,600875,东方电气,0.00883536
11754,2025-01-23,603233,大参林,0.008834749
11755,2025-01-24,603060,国检集团,0.008828983
11756,2025-01-23,605050,福然德,0.008825123
11757,2025-01-23,300513,恒实科技,0.008822709
11758,2025-01-27,603680,今创集团,0.008822143
11759,2025-01-23,300851,交大思诺,0.008816272
11760,2025-01-23,301292,海科新源,0.008815303
11761,2025-01-23,688039,当虹科技,0.008814052
11762,2025-01-27,600688,上海石化,0.00881052
11763,2025-01-24,300416,苏试试验,0.008808717
11764,2025-01-24,688432,有研硅,0.008806512
11765,2025-01-23,300986,志特新材,0.008806363
11766,2025-01-23,603378,亚士创能,0.008806199
11767,2025-01-24,601696,中银证券,0.008798316
11768,2025-01-23,603993,洛阳钼业,0.008795381
11769,2025-01-24,2644,佛慈制药,0.0087926835
11770,2025-01-23,301390,经纬股份,0.008792192
11771,2025-01-23,601101,昊华能源,0.008786604
11772,2025-01-24,601377,兴业证券,0.008786321
11773,2025-01-23,2515,金字火腿,0.008785725
11774,2025-01-23,301528,多浦乐,0.008785516
11775,2025-01-27,728,国元证券,0.008771643
11776,2025-01-23,300408,三环集团,0.008769363
11777,2025-01-27,600997,开滦股份,0.008767933
11778,2025-01-27,3000,劲仔食品,0.0087673515
11779,2025-01-27,301181,标榜股份,0.00876528
11780,2025-01-24,688622,禾信仪器,0.008764744
11781,2025-01-27,603916,苏博特,0.008763954
11782,2025-01-24,2033,丽江股份,0.008763045
11783,2025-01-27,603595,东尼电子,0.008762777
11784,2025-01-24,600232,金鹰股份,0.008761123
11785,2025-01-24,300286,安科瑞,0.008757591
11786,2025-01-23,410,沈阳机床,0.008751601
11787,2025-01-24,2880,卫光生物,0.008748144
11788,2025-01-27,601006,大秦铁路,0.008747846
11789,2025-01-24,2607,中公教育,0.008744642
11790,2025-01-23,688508,芯朋微,0.008741915
11791,2025-01-23,2522,浙江众成,0.008739457
11792,2025-01-24,2135,东南网架,0.008739382
11793,2025-01-23,601901,方正证券,0.008738935
11794,2025-01-24,603390,通达电气,0.008735329
11795,2025-01-24,600026,中远海能,0.008730903
11796,2025-01-23,2557,洽洽食品,0.008728534
11797,2025-01-27,968,蓝焰控股,0.00872764
11798,2025-01-27,301362,民爆光电,0.008724645
11799,2025-01-23,603306,华懋科技,0.008721188
11800,2025-01-27,603237,五芳斋,0.00871855
11801,2025-01-23,600557,康缘药业,0.008718491
11802,2025-01-23,708,中信特钢,0.008718088
11803,2025-01-24,688592,司南导航,0.008713394
11804,2025-01-27,603970,中农立华,0.008709386
11805,2025-01-23,603217,元利科技,0.008707494
11806,2025-01-27,688257,新锐股份,0.008705318
11807,2025-01-24,600863,内蒙华电,0.008705303
11808,2025-01-24,2154,报 喜 鸟,0.008703381
11809,2025-01-23,603933,睿能科技,0.008695573
11810,2025-01-23,688033,天宜上佳,0.0086952895
11811,2025-01-27,603538,美诺华,0.008694127
11812,2025-01-24,600249,两面针,0.008693427
11813,2025-01-23,300015,爱尔眼科,0.008691207
11814,2025-01-23,301166,优宁维,0.008690119
11815,2025-01-24,603993,洛阳钼业,0.008689821
11816,2025-01-24,300597,吉大通信,0.008683816
11817,2025-01-24,601212,白银有色,0.00868161
11818,2025-01-27,601179,中国西电,0.008679032
11819,2025-01-24,600153,建发股份,0.008678466
11820,2025-01-24,1256,炜冈科技,0.0086749345
11821,2025-01-23,688326,经纬恒润-W,0.008669272
11822,2025-01-23,600486,扬农化工,0.008653939
11823,2025-01-23,601577,长沙银行,0.008651108
11824,2025-01-24,600776,东方通信,0.008647129
11825,2025-01-23,300650,太龙股份,0.008645251
11826,2025-01-24,600500,中化国际,0.008644804
11827,2025-01-23,688273,麦澜德,0.00863941
11828,2025-01-24,603178,圣龙股份,0.008631274
11829,2025-01-24,688233,神工股份,0.008630469
11830,2025-01-24,2594,比亚迪,0.008628145
11831,2025-01-23,300195,长荣股份,0.008626983
11832,2025-01-27,2959,小熊电器,0.008626863
11833,2025-01-23,601456,国联证券,0.008622482
11834,2025-01-23,568,泸州老窖,0.008621573
11835,2025-01-24,601007,金陵饭店,0.008621514
11836,2025-01-27,2432,九安医疗,0.008620426
11837,2025-01-23,600446,金证股份,0.008612305
11838,2025-01-27,2860,星帅尔,0.008611888
11839,2025-01-27,300314,戴维医疗,0.008610368
11840,2025-01-24,2179,中航光电,0.00860773
11841,2025-01-24,603103,横店影视,0.0086064935
11842,2025-01-24,603027,千禾味业,0.008605704
11843,2025-01-23,959,首钢股份,0.008605242
11844,2025-01-23,2913,奥士康,0.0086039305
11845,2025-01-27,300610,晨化股份,0.008601308
11846,2025-01-24,688689,银河微电,0.0085988045
11847,2025-01-24,2675,东诚药业,0.008595616
11848,2025-01-24,600686,金龙汽车,0.008593008
11849,2025-01-23,301539,宏鑫科技,0.008583143
11850,2025-01-27,1259,利仁科技,0.00858283
11851,2025-01-24,2216,三全食品,0.008581325
11852,2025-01-23,2572,索菲亚,0.008580789
11853,2025-01-27,688009,中国通号,0.008578688
11854,2025-01-23,300286,安科瑞,0.008577526
11855,2025-01-27,300191,潜能恒信,0.008573145
11856,2025-01-27,600168,武汉控股,0.00856939
11857,2025-01-27,600251,冠农股份,0.008567542
11858,2025-01-27,688146,中船特气,0.008565277
11859,2025-01-27,2241,歌尔股份,0.008563757
11860,2025-01-27,703,恒逸石化,0.008563682
11861,2025-01-24,600549,厦门钨业,0.008561149
11862,2025-01-24,688513,苑东生物,0.00856103
11863,2025-01-27,300439,美康生物,0.008560285
11864,2025-01-27,301200,大族数控,0.0085568875
11865,2025-01-23,301508,中机认检,0.008555666
11866,2025-01-23,301075,多瑞医药,0.008552074
11867,2025-01-24,50,深天马Ａ,0.008549407
11868,2025-01-27,2401,中远海科,0.008542359
11869,2025-01-23,688469,芯联集成-U,0.008539304
11870,2025-01-23,688136,科兴制药,0.008538842
11871,2025-01-23,301223,中荣股份,0.008537129
11872,2025-01-24,2687,乔治白,0.008536696
11873,2025-01-27,300509,新美星,0.00853537
11874,2025-01-27,603368,柳药集团,0.008534595
11875,2025-01-23,2139,拓邦股份,0.008533776
11876,2025-01-24,2749,国光股份,0.008531526
11877,2025-01-23,2576,通达动力,0.008530766
11878,2025-01-27,600008,首创环保,0.00852713
11879,2025-01-24,2372,伟星新材,0.008526713
11880,2025-01-27,600925,苏能股份,0.008523688
11881,2025-01-27,601956,东贝集团,0.008520022
11882,2025-01-23,688510,航亚科技,0.008519933
11883,2025-01-24,600079,人福医药,0.008518696
11884,2025-01-23,603348,文灿股份,0.008515283
11885,2025-01-24,600835,上海机电,0.008511931
11886,2025-01-27,301006,迈拓股份,0.0085118115
11887,2025-01-23,3035,南网能源,0.008509621
11888,2025-01-24,601878,浙商证券,0.008505344
11889,2025-01-23,600222,太龙药业,0.008504286
11890,2025-01-24,601339,百隆东方,0.008497328
11891,2025-01-23,600993,马应龙,0.008497164
11892,2025-01-27,603508,思维列控,0.00849627
11893,2025-01-24,603331,百达精工,0.008493215
11894,2025-01-24,300143,盈康生命,0.008492425
11895,2025-01-24,600578,京能电力,0.008490235
11896,2025-01-24,605258,协和电子,0.008488819
11897,2025-01-23,603725,天安新材,0.008485615
11898,2025-01-23,301090,华润材料,0.008478418
11899,2025-01-24,1368,通达创智,0.008470237
11900,2025-01-23,603739,蔚蓝生物,0.008466065
11901,2025-01-24,2465,海格通信,0.008464396
11902,2025-01-27,301309,万得凯,0.008463606
11903,2025-01-24,603001,奥康国际,0.008462667
11904,2025-01-24,300797,钢研纳克,0.008461654
11905,2025-01-24,600425,青松建化,0.0084605515
11906,2025-01-27,919,金陵药业,0.008460283
11907,2025-01-27,600495,晋西车轴,0.0084569305
11908,2025-01-23,600866,星湖科技,0.008452743
11909,2025-01-23,601001,晋控煤业,0.008451045
11910,2025-01-24,601368,绿城水务,0.008447766
11911,2025-01-27,601328,交通银行,0.008447483
11912,2025-01-24,688312,燕麦科技,0.008446395
11913,2025-01-23,2679,福建金森,0.008446187
11914,2025-01-23,603408,建霖家居,0.008443296
11915,2025-01-27,600023,浙能电力,0.0084414035
11916,2025-01-24,600022,山东钢铁,0.008439526
11917,2025-01-24,300726,宏达电子,0.008432567
11918,2025-01-27,603217,元利科技,0.008427471
11919,2025-01-24,603309,维力医疗,0.0084272325
11920,2025-01-24,603233,大参林,0.008424923
11921,2025-01-23,301580,爱迪特,0.00842385
11922,2025-01-27,600985,淮北矿业,0.008423194
11923,2025-01-24,1258,立新能源,0.008421496
11924,2025-01-27,605011,杭州热电,0.008418873
11925,2025-01-24,2028,思源电气,0.008416787
11926,2025-01-23,2287,奇正藏药,0.008415416
11927,2025-01-23,688391,钜泉科技,0.008413821
11928,2025-01-24,601229,上海银行,0.008412167
11929,2025-01-27,301149,隆华新材,0.00840503
11930,2025-01-23,300920,润阳科技,0.008404762
11931,2025-01-24,301115,建科股份,0.008404613
11932,2025-01-27,591,太阳能,0.008403271
11933,2025-01-23,2940,昂利康,0.008399606
11934,2025-01-24,301319,唯特偶,0.008392751
11935,2025-01-24,688617,惠泰医疗,0.008392692
11936,2025-01-23,688683,莱尔科技,0.008388743
11937,2025-01-27,601916,浙商银行,0.008388549
11938,2025-01-24,688576,西山科技,0.008388147
11939,2025-01-27,605499,东鹏饮料,0.008386627
11940,2025-01-23,688009,中国通号,0.008383423
11941,2025-01-27,600529,山东药玻,0.0083826035
11942,2025-01-24,600138,中青旅,0.008381471
11943,2025-01-23,688271,联影医疗,0.0083794445
11944,2025-01-23,600179,安通控股,0.0083780885
11945,2025-01-23,300896,爱美客,0.0083770305
11946,2025-01-27,603599,广信股份,0.008376569
11947,2025-01-24,600830,香溢融通,0.008373767
11948,2025-01-24,603277,银都股份,0.008371219
11949,2025-01-24,600674,川投能源,0.008370802
11950,2025-01-23,2264,新 华 都,0.008370131
11951,2025-01-23,601998,中信银行,0.008368552
11952,2025-01-27,600232,金鹰股份,0.008367285
11953,2025-01-23,1339,智微智能,0.008364037
11954,2025-01-27,603611,诺力股份,0.008358389
11955,2025-01-23,688093,世华科技,0.008352727
11956,2025-01-27,3039,顺控发展,0.008350849
11957,2025-01-27,603658,安图生物,0.008344203
11958,2025-01-24,688196,卓越新能,0.008341998
11959,2025-01-24,516,国际医学,0.008340895
11960,2025-01-23,600863,内蒙华电,0.0083388835
11961,2025-01-27,600032,浙江新能,0.00833872
11962,2025-01-27,2612,朗姿股份,0.008337349
11963,2025-01-23,12,南  玻Ａ,0.008331329
11964,2025-01-24,2863,今飞凯达,0.008330673
11965,2025-01-23,600976,健民集团,0.00832504
11966,2025-01-23,688466,金科环境,0.008323446
11967,2025-01-24,2051,中工国际,0.008320153
11968,2025-01-24,2783,凯龙股份,0.00831151
11969,2025-01-24,300272,开能健康,0.008304924
11970,2025-01-23,300841,康华生物,0.008304685
11971,2025-01-24,300388,节能国祯,0.008301169
11972,2025-01-23,603989,艾华集团,0.008299485
11973,2025-01-24,688786,悦安新材,0.008296818
11974,2025-01-24,300194,福安药业,0.008296058
11975,2025-01-23,1279,强邦新材,0.008295149
11976,2025-01-24,601579,会稽山,0.00829497
11977,2025-01-27,300882,万胜智能,0.008283272
11978,2025-01-27,2332,仙琚制药,0.008281112
11979,2025-01-24,2948,青岛银行,0.008279473
11980,2025-01-27,300994,久祺股份,0.008279145
11981,2025-01-23,498,山东路桥,0.008275151
11982,2025-01-23,2936,郑州银行,0.008272141
11983,2025-01-27,301092,争光股份,0.008261666
11984,2025-01-23,2073,软控股份,0.008259937
11985,2025-01-23,600082,海泰发展,0.0082579255
11986,2025-01-24,2294,信立泰,0.008257419
11987,2025-01-24,600505,西昌电力,0.008255854
11988,2025-01-23,300389,艾比森,0.008252174
11989,2025-01-24,2936,郑州银行,0.008251935
11990,2025-01-23,600861,北京人力,0.008238584
11991,2025-01-27,601999,出版传媒,0.008233845
11992,2025-01-23,301365,矩阵股份,0.008232027
11993,2025-01-27,848,承德露露,0.0082319975
11994,2025-01-27,600016,民生银行,0.008230731
11995,2025-01-24,2097,山河智能,0.008229464
11996,2025-01-24,600196,复星医药,0.008228987
11997,2025-01-24,300841,康华生物,0.008227095
11998,2025-01-23,601117,中国化学,0.008225754
11999,2025-01-23,300241,瑞丰光电,0.008222744
12000,2025-01-24,601218,吉鑫科技,0.008222371
12001,2025-01-24,601390,中国中铁,0.00822027
12002,2025-01-27,688336,三生国健,0.008220226
12003,2025-01-23,601788,光大证券,0.008219138
12004,2025-01-24,300129,泰胜风能,0.008217528
12005,2025-01-24,688248,南网科技,0.008216828
12006,2025-01-23,688314,康拓医疗,0.00821206
12007,2025-01-23,601187,厦门银行,0.008209094
12008,2025-01-24,300079,数码视讯,0.008204773
12009,2025-01-23,301028,东亚机械,0.008203328
12010,2025-01-27,601611,中国核建,0.0082016885
12011,2025-01-24,2074,国轩高科,0.008196741
12012,2025-01-24,603219,富佳股份,0.008192927
12013,2025-01-23,2777,久远银海,0.008188114
12014,2025-01-24,600758,辽宁能源,0.008187875
12015,2025-01-23,603344,星德胜,0.00818491
12016,2025-01-27,601158,重庆水务,0.008184791
12017,2025-01-23,603609,禾丰股份,0.008182883
12018,2025-01-24,605011,杭州热电,0.0081798285
12019,2025-01-27,601058,赛轮轮胎,0.008178368
12020,2025-01-27,688187,时代电气,0.008176461
12021,2025-01-23,2877,智能自控,0.008174986
12022,2025-01-23,688061,灿瑞科技,0.008166999
12023,2025-01-23,301023,江南奕帆,0.008161381
12024,2025-01-23,2419,天虹股份,0.008159474
12025,2025-01-24,2408,齐翔腾达,0.00815393
12026,2025-01-23,821,京山轻机,0.008152857
12027,2025-01-23,603677,奇精机械,0.008149892
12028,2025-01-24,300452,山河药辅,0.008148789
12029,2025-01-23,422,湖北宜化,0.008146599
12030,2025-01-23,603189,网达软件,0.008143693
12031,2025-01-23,300691,联合光电,0.008142799
12032,2025-01-27,600,建投能源,0.008139253
12033,2025-01-24,603073,彩蝶实业,0.008138165
12034,2025-01-27,603027,千禾味业,0.008135349
12035,2025-01-24,600958,东方证券,0.008128762
12036,2025-01-24,300963,中洲特材,0.0081279725
12037,2025-01-24,300371,汇中股份,0.0081239045
12038,2025-01-23,688200,华峰测控,0.008119315
12039,2025-01-24,601916,浙商银行,0.008118838
12040,2025-01-24,600267,海正药业,0.008118555
12041,2025-01-24,300962,中金辐照,0.008118451
12042,2025-01-27,2706,良信股份,0.008117139
12043,2025-01-24,603566,普莱柯,0.008114129
12044,2025-01-24,601318,中国平安,0.008113667
12045,2025-01-27,601860,紫金银行,0.008110344
12046,2025-01-24,688600,皖仪科技,0.008109912
12047,2025-01-23,688199,久日新材,0.008109584
12048,2025-01-27,688266,泽璟制药-U,0.008108884
12049,2025-01-27,2738,中矿资源,0.008102357
12050,2025-01-24,605189,富春染织,0.00810045
12051,2025-01-24,2787,华源控股,0.008096561
12052,2025-01-27,301053,远信工业,0.008095413
12053,2025-01-23,300761,立华股份,0.00809221
12054,2025-01-23,301227,森鹰窗业,0.00809212
12055,2025-01-27,600826,兰生股份,0.008092031
12056,2025-01-24,600320,振华重工,0.008089751
12057,2025-01-27,601077,渝农商行,0.008087903
12058,2025-01-23,733,振华科技,0.008079231
12059,2025-01-24,603587,地素时尚,0.008077711
12060,2025-01-23,1205,盛航股份,0.008077636
12061,2025-01-23,601319,中国人保,0.008076757
12062,2025-01-24,300446,航天智造,0.008076608
12063,2025-01-23,2545,东方铁塔,0.008075893
12064,2025-01-24,2615,哈尔斯,0.00807482
12065,2025-01-27,300285,国瓷材料,0.00807184
12066,2025-01-27,600750,江中药业,0.008069247
12067,2025-01-27,920,沃顿科技,0.0080652535
12068,2025-01-27,2507,涪陵榨菜,0.008064836
12069,2025-01-27,600801,华新水泥,0.0080631375
12070,2025-01-27,2887,绿茵生态,0.008059591
12071,2025-01-24,2641,公元股份,0.00805378
12072,2025-01-27,600489,中金黄金,0.008053467
12073,2025-01-24,300436,广生堂,0.008052513
12074,2025-01-24,600639,浦东金桥,0.008049563
12075,2025-01-27,601022,宁波远洋,0.0080444515
12076,2025-01-27,600798,宁波海运,0.008042678
12077,2025-01-27,600328,中盐化工,0.0080426335
12078,2025-01-23,605001,威奥股份,0.008040711
12079,2025-01-23,2404,嘉欣丝绸,0.008038849
12080,2025-01-27,2030,达安基因,0.008037075
12081,2025-01-24,300259,新天科技,0.008034185
12082,2025-01-24,601686,友发集团,0.008033022
12083,2025-01-27,688767,博拓生物,0.008032173
12084,2025-01-23,931,中 关 村,0.008031085
12085,2025-01-27,301216,万凯新材,0.008028612
12086,2025-01-27,600718,东软集团,0.008023828
12087,2025-01-23,600814,杭州解百,0.0080168545
12088,2025-01-24,601456,国联证券,0.008016229
12089,2025-01-23,301290,东星医疗,0.008015186
12090,2025-01-24,605151,西上海,0.008007303
12091,2025-01-27,600510,黑牡丹,0.00800693
12092,2025-01-23,948,南天信息,0.00800018
12093,2025-01-23,2373,千方科技,0.007998541
12094,2025-01-24,2296,辉煌科技,0.00799115
12095,2025-01-27,2588,史丹利,0.007990792
12096,2025-01-23,605378,野马电池,0.007989004
12097,2025-01-24,600928,西安银行,0.00798288
12098,2025-01-24,600170,上海建工,0.007982582
12099,2025-01-24,2624,完美世界,0.007979825
12100,2025-01-23,1207,联科科技,0.007977456
12101,2025-01-23,603203,快克智能,0.007976547
12102,2025-01-27,153,丰原药业,0.0079755485
12103,2025-01-24,601066,中信建投,0.007968888
12104,2025-01-24,2556,辉隆股份,0.0079681575
12105,2025-01-23,600869,远东股份,0.007964775
12106,2025-01-24,300950,德固特,0.007964402
12107,2025-01-23,601800,中国交建,0.007956013
12108,2025-01-24,2561,徐家汇,0.007953927
12109,2025-01-27,600230,沧州大化,0.007952824
12110,2025-01-23,301055,张小泉,0.0079434365
12111,2025-01-23,600346,恒力石化,0.007941663
12112,2025-01-24,688330,宏力达,0.007939771
12113,2025-01-24,3009,中天火箭,0.007939279
12114,2025-01-23,300539,横河精密,0.007938042
12115,2025-01-23,2676,顺威股份,0.007937506
12116,2025-01-23,600258,首旅酒店,0.007937476
12117,2025-01-23,300482,万孚生物,0.007937267
12118,2025-01-23,1366,播恩集团,0.007936716
12119,2025-01-24,541,佛山照明,0.007935196
12120,2025-01-24,3020,立方制药,0.007933125
12121,2025-01-27,2658,雪迪龙,0.007931918
12122,2025-01-23,603040,新坐标,0.00793165
12123,2025-01-23,603095,越剑智能,0.007929236
12124,2025-01-24,2057,中钢天源,0.007928953
12125,2025-01-27,1226,拓山重工,0.007927105
12126,2025-01-24,600508,上海能源,0.007923976
12127,2025-01-27,600916,中国黄金,0.007923573
12128,2025-01-23,2061,浙江交科,0.007922202
12129,2025-01-27,2498,汉缆股份,0.007921904
12130,2025-01-24,2791,坚朗五金,0.007918686
12131,2025-01-24,301058,中粮科工,0.0079181045
12132,2025-01-23,300828,锐新科技,0.00791803
12133,2025-01-24,2121,科陆电子,0.00791724
12134,2025-01-23,600307,酒钢宏兴,0.007916644
12135,2025-01-24,2008,大族激光,0.007915944
12136,2025-01-23,688319,欧林生物,0.007913977
12137,2025-01-23,2455,百川股份,0.007913008
12138,2025-01-23,301303,真兰仪表,0.007911086
12139,2025-01-27,539,粤电力Ａ,0.007910743
12140,2025-01-23,603779,威龙股份,0.0079104155
12141,2025-01-23,603093,南华期货,0.0079101175
12142,2025-01-23,2516,旷达科技,0.007909477
12143,2025-01-23,2159,三特索道,0.00790818
12144,2025-01-24,688620,安凯微,0.007905245
12145,2025-01-23,603360,百傲化学,0.00790298
12146,2025-01-24,2507,涪陵榨菜,0.007901743
12147,2025-01-24,600871,石化油服,0.007899329
12148,2025-01-24,600223,福瑞达,0.007890478
12149,2025-01-24,600468,百利电气,0.007885411
12150,2025-01-27,603258,电魂网络,0.007884979
12151,2025-01-24,600559,老白干酒,0.007883996
12152,2025-01-24,603690,至纯科技,0.007882923
12153,2025-01-24,688210,统联精密,0.007882521
12154,2025-01-27,2003,伟星股份,0.007879302
12155,2025-01-23,2392,北京利尔,0.007874861
12156,2025-01-27,600284,浦东建设,0.007874548
12157,2025-01-27,2833,弘亚数控,0.007873878
12158,2025-01-23,301335,天元宠物,0.007871196
12159,2025-01-23,301320,豪江智能,0.007870108
12160,2025-01-24,600141,兴发集团,0.0078692585
12161,2025-01-27,2108,沧州明珠,0.007866502
12162,2025-01-27,2228,合兴包装,0.007866055
12163,2025-01-24,601077,渝农商行,0.007864252
12164,2025-01-27,603230,内蒙新华,0.007863268
12165,2025-01-24,998,隆平高科,0.007854313
12166,2025-01-27,603505,金石资源,0.0078531355
12167,2025-01-24,600497,驰宏锌锗,0.0078498125
12168,2025-01-27,605098,行动教育,0.007846594
12169,2025-01-24,603290,斯达半导,0.007844716
12170,2025-01-23,300999,金龙鱼,0.007844612
12171,2025-01-24,2101,广东鸿图,0.007842019
12172,2025-01-27,709,河钢股份,0.007832885
12173,2025-01-24,603075,热威股份,0.007827669
12174,2025-01-24,300505,川金诺,0.007825941
12175,2025-01-27,601700,风范股份,0.007824272
12176,2025-01-23,600820,隧道股份,0.007823929
12177,2025-01-27,301373,凌玮科技,0.00782375
12178,2025-01-24,600917,重庆燃气,0.007823646
12179,2025-01-24,300834,星辉环材,0.007822767
12180,2025-01-27,2111,威海广泰,0.007819951
12181,2025-01-24,300428,立中集团,0.007816955
12182,2025-01-27,603017,中衡设计,0.007815018
12183,2025-01-23,300340,科恒股份,0.007814169
12184,2025-01-27,1317,三羊马,0.007813841
12185,2025-01-24,300409,道氏技术,0.0078124404
12186,2025-01-23,2167,东方锆业,0.007811442
12187,2025-01-27,2483,润邦股份,0.007803291
12188,2025-01-23,301135,瑞德智能,0.007801622
12189,2025-01-24,2931,锋龙股份,0.0078002214
12190,2025-01-24,603706,东方环宇,0.00779517
12191,2025-01-24,300569,天能重工,0.0077938735
12192,2025-01-23,300804,广康生化,0.0077938437
12193,2025-01-27,605118,力鼎光电,0.007788405
12194,2025-01-24,3019,宸展光电,0.0077872574
12195,2025-01-24,45,深纺织Ａ,0.0077840537
12196,2025-01-24,600501,航天晨光,0.007783875
12197,2025-01-24,333,美的集团,0.007766336
12198,2025-01-27,2839,张家港行,0.007762164
12199,2025-01-23,2987,京北方,0.0077594966
12200,2025-01-24,601375,中原证券,0.0077587813
12201,2025-01-23,600549,厦门钨业,0.0077581108
12202,2025-01-23,603871,嘉友国际,0.0077577084
12203,2025-01-23,603309,维力医疗,0.0077489614
12204,2025-01-24,688075,安旭生物,0.0077487975
12205,2025-01-23,301613,新铝时代,0.007748425
12206,2025-01-24,603267,鸿远电子,0.007745743
12207,2025-01-27,603155,新亚强,0.007745132
12208,2025-01-24,2670,国盛金控,0.0077439994
12209,2025-01-27,601628,中国人寿,0.0077408254
12210,2025-01-27,600028,中国石化,0.007736936
12211,2025-01-23,600763,通策医疗,0.0077349097
12212,2025-01-23,2801,微光股份,0.007733822
12213,2025-01-24,600668,尖峰集团,0.007733643
12214,2025-01-24,300863,卡倍亿,0.0077323616
12215,2025-01-23,300888,稳健医疗,0.0077287555
12216,2025-01-27,601619,嘉泽新能,0.007725194
12217,2025-01-24,2566,益盛药业,0.0077231675
12218,2025-01-23,2633,申科股份,0.0077230334
12219,2025-01-27,2099,海翔药业,0.007721573
12220,2025-01-23,886,海南高速,0.007717058
12221,2025-01-23,601808,中海油服,0.0077144057
12222,2025-01-27,605090,九丰能源,0.0077103823
12223,2025-01-24,688352,颀中科技,0.007708326
12224,2025-01-23,300527,中船应急,0.007707566
12225,2025-01-27,603588,高能环境,0.007703662
12226,2025-01-24,603693,江苏新能,0.007703647
12227,2025-01-23,2922,伊戈尔,0.0077023357
12228,2025-01-23,966,长源电力,0.0077016056
12229,2025-01-23,2029,七 匹 狼,0.0076977313
12230,2025-01-27,688080,映翰通,0.007693559
12231,2025-01-24,300920,润阳科技,0.0076906085
12232,2025-01-24,89,深圳机场,0.0076901466
12233,2025-01-23,600167,联美控股,0.0076895505
12234,2025-01-27,600195,中牧股份,0.0076845437
12235,2025-01-23,301338,凯格精机,0.007681504
12236,2025-01-23,2860,星帅尔,0.0076777935
12237,2025-01-23,603300,海南华铁,0.0076751113
12238,2025-01-24,603855,华荣股份,0.007672876
12239,2025-01-27,605368,蓝天燃气,0.007671058
12240,2025-01-23,2646,天佑德酒,0.0076705962
12241,2025-01-23,688180,君实生物-U,0.0076635033
12242,2025-01-24,2977,天箭科技,0.0076619834
12243,2025-01-23,300292,吴通控股,0.0076612085
12244,2025-01-24,719,中原传媒,0.0076594055
12245,2025-01-27,2489,浙江永强,0.0076580644
12246,2025-01-27,582,北部湾港,0.007657483
12247,2025-01-23,2230,科大讯飞,0.007657096
12248,2025-01-24,600876,凯盛新能,0.007652253
12249,2025-01-24,603856,东宏股份,0.007651821
12250,2025-01-23,600420,国药现代,0.0076517016
12251,2025-01-23,600884,杉杉股份,0.007651061
12252,2025-01-23,601066,中信建投,0.007650703
12253,2025-01-24,600449,宁夏建材,0.0076423436
12254,2025-01-27,2081,金 螳 螂,0.007642105
12255,2025-01-23,301232,飞沃科技,0.007641524
12256,2025-01-23,301149,隆华新材,0.007641509
12257,2025-01-24,828,东莞控股,0.0076388866
12258,2025-01-24,600168,武汉控股,0.0076386333
12259,2025-01-23,3000,劲仔食品,0.0076343864
12260,2025-01-27,601801,皖新传媒,0.0076327175
12261,2025-01-27,300923,研奥股份,0.0076279044
12262,2025-01-23,2800,天顺股份,0.007618472
12263,2025-01-27,601800,中国交建,0.0076161176
12264,2025-01-23,600871,石化油服,0.007612571
12265,2025-01-23,300414,中光防雷,0.007606685
12266,2025-01-23,603982,泉峰汽车,0.0076063573
12267,2025-01-23,603883,老百姓,0.0076031387
12268,2025-01-24,300193,佳士科技,0.0075992793
12269,2025-01-27,2494,华斯股份,0.007598847
12270,2025-01-24,603160,汇顶科技,0.0075978637
12271,2025-01-23,603331,百达精工,0.007596761
12272,2025-01-23,600121,郑州煤电,0.007592812
12273,2025-01-23,300034,钢研高纳,0.0075924546
12274,2025-01-23,688500,慧辰股份,0.0075885206
12275,2025-01-24,630,铜陵有色,0.0075865984
12276,2025-01-24,600271,航天信息,0.0075860173
12277,2025-01-24,603569,长久物流,0.0075847954
12278,2025-01-23,688501,青达环保,0.0075846463
12279,2025-01-24,600283,钱江水利,0.0075843185
12280,2025-01-23,2606,大连电瓷,0.00758332
12281,2025-01-24,3026,中晶科技,0.007574305
12282,2025-01-27,301048,金鹰重工,0.0075718015
12283,2025-01-23,301206,三元生物,0.007566914
12284,2025-01-23,688569,铁科轨道,0.007561803
12285,2025-01-24,688302,海创药业-U,0.0075558126
12286,2025-01-27,600704,物产中大,0.007555172
12287,2025-01-23,300502,新易盛,0.0075549185
12288,2025-01-27,2810,山东赫达,0.007550359
12289,2025-01-23,600219,南山铝业,0.007549137
12290,2025-01-27,2850,科达利,0.0075411946
12291,2025-01-23,601298,青岛港,0.007538736
12292,2025-01-23,600846,同济科技,0.007537976
12293,2025-01-27,672,上峰水泥,0.0075357705
12294,2025-01-24,2328,新朋股份,0.0075349063
12295,2025-01-23,603392,万泰生物,0.0075342357
12296,2025-01-23,2376,新北洋,0.0075323433
12297,2025-01-27,300774,倍杰特,0.0075289607
12298,2025-01-23,600170,上海建工,0.0075263083
12299,2025-01-23,301311,昆船智能,0.00752455
12300,2025-01-27,425,徐工机械,0.0075220764
12301,2025-01-24,601166,兴业银行,0.007521823
12302,2025-01-23,688111,金山办公,0.0075138956
12303,2025-01-24,301041,金百泽,0.0075074434
12304,2025-01-24,1203,大中矿业,0.0075065643
12305,2025-01-24,300236,上海新阳,0.0075054467
12306,2025-01-23,2408,齐翔腾达,0.0075035244
12307,2025-01-23,875,吉电股份,0.007503256
12308,2025-01-24,300999,金龙鱼,0.0075009763
12309,2025-01-23,600372,中航机载,0.0075003654
12310,2025-01-27,899,赣能股份,0.007499829
12311,2025-01-27,300856,科思股份,0.0074971914
12312,2025-01-23,9,中国宝安,0.007496774
12313,2025-01-24,603663,三祥新材,0.0074961632
12314,2025-01-23,2651,利君股份,0.0074921846
12315,2025-01-24,2191,劲嘉股份,0.0074875504
12316,2025-01-27,2807,江阴银行,0.007486686
12317,2025-01-27,600359,新农开发,0.0074866116
12318,2025-01-24,300896,爱美客,0.0074863434
12319,2025-01-27,1326,联域股份,0.00748612
12320,2025-01-27,301042,安联锐视,0.007485494
12321,2025-01-27,601899,紫金矿业,0.007485226
12322,2025-01-27,600908,无锡银行,0.0074849427
12323,2025-01-23,2064,华峰化学,0.0074791014
12324,2025-01-24,600967,内蒙一机,0.0074788183
12325,2025-01-24,600765,中航重机,0.007467538
12326,2025-01-23,601377,兴业证券,0.007467225
12327,2025-01-24,2929,润建股份,0.007466778
12328,2025-01-27,301339,通行宝,0.007466376
12329,2025-01-23,688379,华光新材,0.007462576
12330,2025-01-24,605198,安德利,0.007461101
12331,2025-01-24,875,吉电股份,0.0074599236
12332,2025-01-24,400,许继电气,0.0074596107
12333,2025-01-23,300470,中密控股,0.0074579716
12334,2025-01-23,300848,美瑞新材,0.007457122
12335,2025-01-23,2054,德美化工,0.0074537247
12336,2025-01-23,300867,圣元环保,0.0074528456
12337,2025-01-27,600644,乐山电力,0.0074517876
12338,2025-01-23,2590,万安科技,0.0074498802
12339,2025-01-24,2489,浙江永强,0.007449344
12340,2025-01-23,2982,湘佳股份,0.0074488223
12341,2025-01-23,2451,摩恩电气,0.0074445605
12342,2025-01-23,605188,国光连锁,0.0074386895
12343,2025-01-24,603,盛达资源,0.0074371397
12344,2025-01-23,603261,立航科技,0.007436037
12345,2025-01-27,600332,白云山,0.0074345022
12346,2025-01-24,688396,华润微,0.0074344277
12347,2025-01-23,300967,晓鸣股份,0.0074335784
12348,2025-01-23,600028,中国石化,0.0074294955
12349,2025-01-27,301263,泰恩康,0.0074294508
12350,2025-01-23,600023,浙能电力,0.007422939
12351,2025-01-23,603355,莱克电气,0.0074178725
12352,2025-01-24,300774,倍杰特,0.007412702
12353,2025-01-24,600369,西南证券,0.0074071735
12354,2025-01-24,1378,德冠新材,0.0074035823
12355,2025-01-27,2011,盾安环境,0.00740318
12356,2025-01-27,2880,卫光生物,0.0073987693
12357,2025-01-23,2773,康弘药业,0.0073936135
12358,2025-01-24,301045,天禄科技,0.0073839426
12359,2025-01-24,600007,中国国贸,0.007380381
12360,2025-01-23,603112,华翔股份,0.00737451
12361,2025-01-27,301185,鸥玛软件,0.007373959
12362,2025-01-27,2408,齐翔腾达,0.007371053
12363,2025-01-27,605365,立达信,0.0073673427
12364,2025-01-27,688398,赛特新材,0.007367298
12365,2025-01-24,688137,近岸蛋白,0.0073661506
12366,2025-01-24,300584,海辰药业,0.0073652565
12367,2025-01-24,2104,恒宝股份,0.0073634237
12368,2025-01-27,600153,建发股份,0.007357061
12369,2025-01-27,600995,南网储能,0.0073535442
12370,2025-01-23,1212,中旗新材,0.0073491633
12371,2025-01-23,301008,宏昌科技,0.0073443353
12372,2025-01-27,2007,华兰生物,0.007341966
12373,2025-01-27,603235,天新药业,0.007341221
12374,2025-01-27,688611,杭州柯林,0.0073410124
12375,2025-01-24,300868,杰美特,0.0073337257
12376,2025-01-24,300602,飞荣达,0.007328272
12377,2025-01-24,300215,电科院,0.007322192
12378,2025-01-23,603179,新泉股份,0.007318273
12379,2025-01-24,688093,世华科技,0.0073157996
12380,2025-01-24,603351,威尔药业,0.0073132366
12381,2025-01-27,300476,胜宏科技,0.007312387
12382,2025-01-24,2429,兆驰股份,0.0073104203
12383,2025-01-24,2885,京泉华,0.007308781
12384,2025-01-27,603156,养元饮品,0.007306114
12385,2025-01-24,603068,博通集成,0.007304862
12386,2025-01-23,688556,高测股份,0.007303104
12387,2025-01-23,963,华东医药,0.0072986484
12388,2025-01-23,2104,恒宝股份,0.0072971582
12389,2025-01-23,601700,风范股份,0.007295549
12390,2025-01-27,788,北大医药,0.0072950125
12391,2025-01-23,830,鲁西化工,0.007294655
12392,2025-01-23,301228,实朴检测,0.007294178
12393,2025-01-27,601009,南京银行,0.007293001
12394,2025-01-23,2952,亚世光电,0.007288009
12395,2025-01-27,2788,鹭燕医药,0.007285103
12396,2025-01-27,688075,安旭生物,0.0072814375
12397,2025-01-24,605299,舒华体育,0.0072704554
12398,2025-01-27,605167,利柏特,0.0072692037
12399,2025-01-23,603277,银都股份,0.007262841
12400,2025-01-24,605507,国邦医药,0.0072625577
12401,2025-01-23,600515,海南机场,0.007259503
12402,2025-01-23,600621,华鑫股份,0.007258728
12403,2025-01-23,600425,青松建化,0.0072573274
12404,2025-01-27,603551,奥普科技,0.0072558373
12405,2025-01-27,603282,亚光股份,0.0072558224
12406,2025-01-23,528,柳    工,0.0072530955
12407,2025-01-23,300335,迪森股份,0.0072525144
12408,2025-01-24,603737,三棵树,0.007251218
12409,2025-01-23,301059,金三江,0.0072503537
12410,2025-01-24,2212,天融信,0.0072420985
12411,2025-01-24,600717,天津港,0.0072368532
12412,2025-01-27,688191,智洋创新,0.007235855
12413,2025-01-24,600531,豫光金铅,0.0072303414
12414,2025-01-24,601991,大唐发电,0.0072232485
12415,2025-01-27,603037,凯众股份,0.0072224736
12416,2025-01-27,603860,中公高科,0.0072212964
12417,2025-01-24,2845,同兴达,0.0072191805
12418,2025-01-23,603333,尚纬股份,0.007218495
12419,2025-01-24,3000,劲仔食品,0.007218018
12420,2025-01-23,600664,哈药股份,0.007207945
12421,2025-01-23,603226,菲林格尔,0.007207513
12422,2025-01-23,603797,联泰环保,0.007207051
12423,2025-01-27,301223,中荣股份,0.007201433
12424,2025-01-24,601860,紫金银行,0.007200986
12425,2025-01-23,2566,益盛药业,0.0071994066
12426,2025-01-23,600278,东方创业,0.007197231
12427,2025-01-24,300923,研奥股份,0.0071925223
12428,2025-01-23,1230,劲旅环境,0.007188678
12429,2025-01-24,2471,中超控股,0.0071844757
12430,2025-01-23,603315,福鞍股份,0.007183239
12431,2025-01-23,603681,永冠新材,0.007178962
12432,2025-01-27,2399,海普瑞,0.007176906
12433,2025-01-24,600718,东软集团,0.0071768463
12434,2025-01-27,2838,道恩股份,0.007175401
12435,2025-01-23,300854,中兰环保,0.007174909
12436,2025-01-23,688329,艾隆科技,0.007163018
12437,2025-01-27,600380,健康元,0.007162437
12438,2025-01-23,300534,陇神戎发,0.0071615875
12439,2025-01-24,300454,深信服,0.0071611702
12440,2025-01-24,601186,中国铁建,0.00715667
12441,2025-01-23,300905,宝丽迪,0.007156059
12442,2025-01-23,600051,宁波联合,0.007155627
12443,2025-01-23,603060,国检集团,0.0071555376
12444,2025-01-24,601228,广州港,0.007150322
12445,2025-01-27,912,泸天化,0.0071481466
12446,2025-01-23,300800,力合科技,0.0071445554
12447,2025-01-27,603706,东方环宇,0.007144332
12448,2025-01-23,605399,晨光新材,0.007142663
12449,2025-01-23,2841,视源股份,0.0071403384
12450,2025-01-24,600051,宁波联合,0.00713858
12451,2025-01-23,300797,钢研纳克,0.007134542
12452,2025-01-27,2609,捷顺科技,0.0071325153
12453,2025-01-27,2392,北京利尔,0.007130578
12454,2025-01-24,963,华东医药,0.007125601
12455,2025-01-27,2616,长青集团,0.0071242154
12456,2025-01-24,605167,利柏特,0.0071215928
12457,2025-01-24,688122,西部超导,0.0071201622
12458,2025-01-23,2687,乔治白,0.007119894
12459,2025-01-23,300899,上海凯鑫,0.00711523
12460,2025-01-24,301158,德石股份,0.00711298
12461,2025-01-27,2250,联化科技,0.0071089566
12462,2025-01-24,300909,汇创达,0.0071057677
12463,2025-01-27,1367,海森药业,0.007105142
12464,2025-01-27,600726,华电能源,0.007104963
12465,2025-01-24,812,陕西金叶,0.007102236
12466,2025-01-24,688639,华恒生物,0.0070943683
12467,2025-01-27,682,东方电子,0.0070913583
12468,2025-01-24,601366,利群股份,0.00708504
12469,2025-01-23,601002,晋亿实业,0.007083714
12470,2025-01-24,600167,联美控股,0.0070831925
12471,2025-01-23,2835,同为股份,0.0070831925
12472,2025-01-24,688478,晶升股份,0.007082507
12473,2025-01-24,601800,中国交建,0.0070821047
12474,2025-01-24,605118,力鼎光电,0.007079333
12475,2025-01-23,2815,崇达技术,0.007074997
12476,2025-01-27,600127,金健米业,0.0070743114
12477,2025-01-23,600903,贵州燃气,0.0070668906
12478,2025-01-23,603369,今世缘,0.0070661157
12479,2025-01-24,2598,山东章鼓,0.007060379
12480,2025-01-24,603136,天目湖,0.0070571154
12481,2025-01-24,603876,鼎胜新材,0.0070548058
12482,2025-01-27,3020,立方制药,0.0070545077
12483,2025-01-23,301133,金钟股份,0.0070536137
12484,2025-01-23,300505,川金诺,0.007052198
12485,2025-01-24,2249,大洋电机,0.007050544
12486,2025-01-24,603966,法兰泰克,0.007049769
12487,2025-01-24,2606,大连电瓷,0.0070470423
12488,2025-01-24,688249,晶合集成,0.007045433
12489,2025-01-27,688203,海正生材,0.0070453733
12490,2025-01-27,603182,嘉华股份,0.0070451945
12491,2025-01-23,2053,云南能投,0.007044673
12492,2025-01-23,2961,瑞达期货,0.007038668
12493,2025-01-24,300066,三川智慧,0.007034883
12494,2025-01-24,300381,溢多利,0.007028654
12495,2025-01-24,600790,轻纺城,0.007028207
12496,2025-01-24,538,云南白药,0.00702627
12497,2025-01-27,600982,宁波能源,0.007023439
12498,2025-01-27,600160,巨化股份,0.007019356
12499,2025-01-23,688234,天岳先进,0.007019177
12500,2025-01-27,2967,广电计量,0.007016957
12501,2025-01-27,923,河钢资源,0.0070133954
12502,2025-01-27,603737,三棵树,0.0070122927
12503,2025-01-27,603355,莱克电气,0.0070111454
12504,2025-01-24,688608,恒玄科技,0.0070021898
12505,2025-01-27,600729,重庆百货,0.0070013553
12506,2025-01-24,2054,德美化工,0.007001251
12507,2025-01-24,601187,厦门银行,0.0070007145
12508,2025-01-24,600982,宁波能源,0.006995365
12509,2025-01-24,601968,宝钢包装,0.0069890767
12510,2025-01-27,600486,扬农化工,0.0069848895
12511,2025-01-23,1336,楚环科技,0.006981075
12512,2025-01-24,603348,文灿股份,0.006979361
12513,2025-01-23,688059,华锐精密,0.0069791824
12514,2025-01-24,301215,中汽股份,0.006977856
12515,2025-01-23,301317,鑫磊股份,0.0069752634
12516,2025-01-23,301193,家联科技,0.006972611
12517,2025-01-24,1286,陕西能源,0.0069714338
12518,2025-01-23,603337,杰克股份,0.006967351
12519,2025-01-23,300003,乐普医疗,0.0069615245
12520,2025-01-23,300259,新天科技,0.006959483
12521,2025-01-23,688065,凯赛生物,0.006954655
12522,2025-01-24,968,蓝焰控股,0.006953731
12523,2025-01-27,301300,远翔新材,0.0069503933
12524,2025-01-24,688112,鼎阳科技,0.006949872
12525,2025-01-23,603896,寿仙谷,0.006949395
12526,2025-01-24,301520,万邦医药,0.006947547
12527,2025-01-24,603773,沃格光电,0.0069460124
12528,2025-01-23,300971,博亚精工,0.006943941
12529,2025-01-24,600704,物产中大,0.006941512
12530,2025-01-27,600211,西藏药业,0.0069393963
12531,2025-01-24,301122,采纳股份,0.006937489
12532,2025-01-24,300251,光线传媒,0.006936863
12533,2025-01-23,756,新华制药,0.0069327652
12534,2025-01-24,2576,通达动力,0.006926447
12535,2025-01-27,301393,昊帆生物,0.0069257915
12536,2025-01-23,603726,朗迪集团,0.0069242567
12537,2025-01-23,601668,中国建筑,0.0069230497
12538,2025-01-24,301503,智迪科技,0.006922871
12539,2025-01-24,300532,今天国际,0.0069203675
12540,2025-01-23,300275,梅安森,0.0069165975
12541,2025-01-27,538,云南白药,0.0069112927
12542,2025-01-27,2461,珠江啤酒,0.006910458
12543,2025-01-27,1332,锡装股份,0.0069084466
12544,2025-01-24,300661,圣邦股份,0.006904125
12545,2025-01-24,600235,民丰特纸,0.0069024414
12546,2025-01-23,601789,宁波建工,0.006898448
12547,2025-01-24,603766,隆鑫通用,0.00689812
12548,2025-01-24,623,吉林敖东,0.0068945736
12549,2025-01-23,603129,春风动力,0.006890923
12550,2025-01-27,603259,药明康德,0.006888047
12551,2025-01-27,301588,美新科技,0.0068810135
12552,2025-01-27,2266,浙富控股,0.0068787485
12553,2025-01-23,1266,宏英智能,0.0068763345
12554,2025-01-23,603755,日辰股份,0.0068695247
12555,2025-01-24,2815,崇达技术,0.0068667084
12556,2025-01-23,300049,福瑞股份,0.006866485
12557,2025-01-23,688628,优利德,0.006866351
12558,2025-01-24,301028,东亚机械,0.006862864
12559,2025-01-24,301056,森赫股份,0.0068546236
12560,2025-01-27,600764,中国海防,0.006848559
12561,2025-01-27,601658,邮储银行,0.006847471
12562,2025-01-24,300782,卓胜微,0.006845027
12563,2025-01-23,603006,联明股份,0.006842956
12564,2025-01-24,600064,南京高科,0.0068392456
12565,2025-01-27,301175,中科环保,0.0068381727
12566,2025-01-24,601022,宁波远洋,0.006836906
12567,2025-01-23,300388,节能国祯,0.006836787
12568,2025-01-24,688317,之江生物,0.006834969
12569,2025-01-24,688767,博拓生物,0.0068340153
12570,2025-01-23,625,长安汽车,0.006832525
12571,2025-01-23,301215,中汽股份,0.0068324804
12572,2025-01-27,601668,中国建筑,0.0068207234
12573,2025-01-23,688697,纽威数控,0.006814763
12574,2025-01-23,2753,永东股份,0.006810367
12575,2025-01-27,603050,科林电气,0.006808132
12576,2025-01-24,601997,贵阳银行,0.006806478
12577,2025-01-24,600713,南京医药,0.006804988
12578,2025-01-24,688276,百克生物,0.006802246
12579,2025-01-23,301267,华厦眼科,0.0067997277
12580,2025-01-23,600168,武汉控股,0.0067965537
12581,2025-01-27,688671,碧兴物联,0.006792024
12582,2025-01-27,600901,江苏金租,0.0067916512
12583,2025-01-23,688478,晶升股份,0.0067870915
12584,2025-01-27,603993,洛阳钼业,0.0067839622
12585,2025-01-24,605098,行动教育,0.0067830235
12586,2025-01-23,301373,凌玮科技,0.0067729205
12587,2025-01-27,600873,梅花生物,0.006771162
12588,2025-01-23,2290,禾盛新材,0.0067709833
12589,2025-01-24,605177,东亚药业,0.006768763
12590,2025-01-23,603085,天成自控,0.0067641586
12591,2025-01-23,603282,亚光股份,0.006761849
12592,2025-01-23,301016,雷尔伟,0.0067616403
12593,2025-01-27,688111,金山办公,0.0067596138
12594,2025-01-24,300349,金卡智能,0.006758988
12595,2025-01-27,27,深圳能源,0.0067545623
12596,2025-01-27,301047,义翘神州,0.00674209
12597,2025-01-23,2111,威海广泰,0.006740272
12598,2025-01-27,301020,密封科技,0.0067314804
12599,2025-01-27,600572,康恩贝,0.00672549
12600,2025-01-24,600516,方大炭素,0.006725371
12601,2025-01-23,2641,公元股份,0.006724283
12602,2025-01-27,601186,中国铁建,0.006722763
12603,2025-01-24,2736,国信证券,0.006722674
12604,2025-01-23,300512,中亚股份,0.00672172
12605,2025-01-23,883,湖北能源,0.006714955
12606,2025-01-24,688106,金宏气体,0.0067138374
12607,2025-01-23,300213,佳讯飞鸿,0.006713316
12608,2025-01-23,2907,华森制药,0.0067107975
12609,2025-01-23,601669,中国电建,0.0067053437
12610,2025-01-24,403,派林生物,0.00670138
12611,2025-01-24,600278,东方创业,0.0067013353
12612,2025-01-23,2793,罗欣药业,0.0066979825
12613,2025-01-24,2142,宁波银行,0.00669235
12614,2025-01-24,600613,神奇制药,0.0066899955
12615,2025-01-23,600821,金开新能,0.0066864938
12616,2025-01-24,301408,华人健康,0.0066841096
12617,2025-01-23,605566,福莱蒽特,0.0066833645
12618,2025-01-23,300577,开润股份,0.006683156
12619,2025-01-24,603299,苏盐井神,0.006677583
12620,2025-01-23,300171,东富龙,0.006672442
12621,2025-01-27,301063,海锅股份,0.006669566
12622,2025-01-23,300239,东宝生物,0.0066682845
12623,2025-01-24,300160,秀强股份,0.006667942
12624,2025-01-27,600500,中化国际,0.0066675097
12625,2025-01-23,601019,山东出版,0.006663844
12626,2025-01-27,2601,龙佰集团,0.0066637993
12627,2025-01-24,600020,中原高速,0.0066637695
12628,2025-01-24,600186,莲花控股,0.006660253
12629,2025-01-24,603350,安乃达,0.0066594034
12630,2025-01-27,688215,瑞晟智能,0.006656587
12631,2025-01-23,300018,中元股份,0.006651625
12632,2025-01-27,603693,江苏新能,0.006651148
12633,2025-01-24,600681,百川能源,0.006649047
12634,2025-01-24,967,盈峰环境,0.0066480786
12635,2025-01-23,601186,中国铁建,0.0066470057
12636,2025-01-27,818,航锦科技,0.006645277
12637,2025-01-23,603102,百合股份,0.006643772
12638,2025-01-23,301500,飞南资源,0.0066432655
12639,2025-01-23,300856,科思股份,0.0066431463
12640,2025-01-24,2673,西部证券,0.0066417754
12641,2025-01-23,301103,何氏眼科,0.0066361725
12642,2025-01-24,300823,建科智能,0.0066346526
12643,2025-01-23,301522,上大股份,0.0066341013
12644,2025-01-24,2461,珠江啤酒,0.006633684
12645,2025-01-24,603107,上海汽配,0.006632477
12646,2025-01-23,600730,中国高科,0.0066274107
12647,2025-01-23,301170,锡南科技,0.006626159
12648,2025-01-27,1202,炬申股份,0.0066210777
12649,2025-01-23,600513,联环药业,0.0066194534
12650,2025-01-24,603677,奇精机械,0.0066185147
12651,2025-01-23,300201,海伦哲,0.006618157
12652,2025-01-24,600309,万华化学,0.006616503
12653,2025-01-24,301190,善水科技,0.006616488
12654,2025-01-23,823,超声电子,0.0066154897
12655,2025-01-23,300658,延江股份,0.006615117
12656,2025-01-27,688151,华强科技,0.0066070855
12657,2025-01-23,600300,维维股份,0.0066026747
12658,2025-01-24,600030,中信证券,0.006602645
12659,2025-01-23,603538,美诺华,0.006600976
12660,2025-01-24,688697,纽威数控,0.0065940917
12661,2025-01-24,2937,兴瑞科技,0.006590545
12662,2025-01-24,603321,梅轮电梯,0.006589353
12663,2025-01-23,688056,莱伯泰科,0.0065861344
12664,2025-01-24,601989,中国重工,0.006577134
12665,2025-01-23,688259,创耀科技,0.0065747947
12666,2025-01-23,600269,赣粤高速,0.0065618753
12667,2025-01-23,2001,新 和 成,0.0065604895
12668,2025-01-27,600398,海澜之家,0.0065582395
12669,2025-01-24,2186,全 聚 德,0.0065561384
12670,2025-01-23,2728,特一药业,0.006551802
12671,2025-01-23,600229,城市传媒,0.006550789
12672,2025-01-23,603650,彤程新材,0.0065490007
12673,2025-01-24,600488,津药药业,0.0065482706
12674,2025-01-23,605077,华康股份,0.0065466613
12675,2025-01-24,1379,腾达科技,0.0065464675
12676,2025-01-24,2365,永安药业,0.006544441
12677,2025-01-23,300065,海兰信,0.006541744
12678,2025-01-23,300048,合康新能,0.006539449
12679,2025-01-23,600623,华谊集团,0.006538704
12680,2025-01-24,1326,联域股份,0.006538406
12681,2025-01-27,600737,中粮糖业,0.006535217
12682,2025-01-23,600975,新五丰,0.006530747
12683,2025-01-27,688552,航天南湖,0.006530702
12684,2025-01-23,2294,信立泰,0.006528139
12685,2025-01-23,300752,隆利科技,0.006521702
12686,2025-01-24,300342,天银机电,0.0065204054
12687,2025-01-24,301379,天山电子,0.0065182745
12688,2025-01-24,2040,南 京 港,0.0065157115
12689,2025-01-27,1378,德冠新材,0.006515652
12690,2025-01-24,21,深科技,0.006507635
12691,2025-01-23,605116,奥锐特,0.0065053552
12692,2025-01-24,600444,国机通用,0.006505087
12693,2025-01-23,601606,长城军工,0.0065031946
12694,2025-01-24,600884,杉杉股份,0.0065015405
12695,2025-01-27,630,铜陵有色,0.0065013766
12696,2025-01-27,2382,蓝帆医疗,0.006500989
12697,2025-01-23,601100,恒立液压,0.006499812
12698,2025-01-27,688687,凯因科技,0.0064944923
12699,2025-01-27,2978,安宁股份,0.006493494
12700,2025-01-24,1226,拓山重工,0.0064927638
12701,2025-01-23,3028,振邦智能,0.006492287
12702,2025-01-27,301262,海看股份,0.006489441
12703,2025-01-24,300041,回天新材,0.006487891
12704,2025-01-23,301105,鸿铭股份,0.0064861625
12705,2025-01-23,300285,国瓷材料,0.006485358
12706,2025-01-27,688571,杭华股份,0.006476924
12707,2025-01-23,2065,东华软件,0.0064761788
12708,2025-01-24,2911,佛燃能源,0.006471291
12709,2025-01-24,2340,格林美,0.006467104
12710,2025-01-24,688146,中船特气,0.006462902
12711,2025-01-24,603324,盛剑科技,0.006461486
12712,2025-01-23,300105,龙源技术,0.0064574927
12713,2025-01-27,719,中原传媒,0.0064493716
12714,2025-01-23,605166,聚合顺,0.0064445734
12715,2025-01-24,2409,雅克科技,0.0064422637
12716,2025-01-24,600829,人民同泰,0.006441742
12717,2025-01-27,300396,迪瑞医疗,0.006440684
12718,2025-01-24,301151,冠龙节能,0.006435007
12719,2025-01-27,301468,博盈特焊,0.006430149
12720,2025-01-23,630,铜陵有色,0.0064301193
12721,2025-01-24,600526,菲达环保,0.006428778
12722,2025-01-24,731,四川美丰,0.006428346
12723,2025-01-23,300320,海达股份,0.0064256936
12724,2025-01-27,300597,吉大通信,0.006425202
12725,2025-01-24,301529,福赛科技,0.006425038
12726,2025-01-24,2437,誉衡药业,0.0064109713
12727,2025-01-27,550,江铃汽车,0.0064106733
12728,2025-01-23,600965,福成股份,0.0064088106
12729,2025-01-24,2545,东方铁塔,0.006407112
12730,2025-01-27,688235,百济神州-U,0.006405756
12731,2025-01-23,300543,朗科智能,0.006404236
12732,2025-01-24,603323,苏农银行,0.0064040124
12733,2025-01-24,688606,奥泰生物,0.006400287
12734,2025-01-27,60,中金岭南,0.006395966
12735,2025-01-24,2738,中矿资源,0.006392598
12736,2025-01-24,601117,中国化学,0.006391734
12737,2025-01-23,2749,国光股份,0.0063916
12738,2025-01-24,600023,浙能电力,0.006390512
12739,2025-01-27,603115,海星股份,0.006388575
12740,2025-01-27,603392,万泰生物,0.0063878
12741,2025-01-23,541,佛山照明,0.0063872635
12742,2025-01-27,601689,拓普集团,0.006380737
12743,2025-01-27,603987,康德莱,0.00637874
12744,2025-01-24,601668,中国建筑,0.0063786358
12745,2025-01-24,603355,莱克电气,0.0063772798
12746,2025-01-23,2589,瑞康医药,0.006376952
12747,2025-01-23,600356,恒丰纸业,0.0063725114
12748,2025-01-24,300824,北鼎股份,0.0063716173
12749,2025-01-23,600783,鲁信创投,0.0063714385
12750,2025-01-24,900,现代投资,0.006368965
12751,2025-01-23,601696,中银证券,0.006366536
12752,2025-01-23,300725,药石科技,0.0063641816
12753,2025-01-24,600664,哈药股份,0.006363526
12754,2025-01-23,35,中国天楹,0.0063628405
12755,2025-01-27,2191,劲嘉股份,0.0063582063
12756,2025-01-24,2204,大连重工,0.0063569546
12757,2025-01-27,301203,国泰环保,0.0063537806
12758,2025-01-27,601601,中国太保,0.0063514262
12759,2025-01-24,2958,青农商行,0.006350681
12760,2025-01-24,603392,万泰生物,0.006348908
12761,2025-01-24,3023,彩虹集团,0.006347999
12762,2025-01-27,601007,金陵饭店,0.0063465536
12763,2025-01-24,600420,国药现代,0.006344393
12764,2025-01-23,600681,百川能源,0.0063413233
12765,2025-01-27,2597,金禾实业,0.0063350946
12766,2025-01-23,2239,奥特佳,0.006331295
12767,2025-01-23,601916,浙商银行,0.006324336
12768,2025-01-24,603698,航天工程,0.0063215196
12769,2025-01-24,301,东方盛虹,0.006312579
12770,2025-01-23,603071,物产环能,0.0063109845
12771,2025-01-24,301377,鼎泰高科,0.0063096136
12772,2025-01-23,603444,吉比特,0.006306112
12773,2025-01-24,2157,正邦科技,0.006303668
12774,2025-01-23,300923,研奥股份,0.0062995255
12775,2025-01-24,601678,滨化股份,0.006299317
12776,2025-01-27,605009,豪悦护理,0.006292805
12777,2025-01-23,300187,永清环保,0.006291598
12778,2025-01-24,603180,金牌家居,0.006290704
12779,2025-01-24,603817,海峡环保,0.006290108
12780,2025-01-24,601089,福元医药,0.006290108
12781,2025-01-27,605088,冠盛股份,0.006287724
12782,2025-01-27,300984,金沃股份,0.006286368
12783,2025-01-24,301016,雷尔伟,0.0062847137
12784,2025-01-27,960,锡业股份,0.0062838793
12785,2025-01-23,601666,平煤股份,0.006282866
12786,2025-01-24,300404,博济医药,0.006280184
12787,2025-01-23,600210,紫江企业,0.0062796474
12788,2025-01-23,601108,财通证券,0.0062792003
12789,2025-01-27,800,一汽解放,0.0062791407
12790,2025-01-27,600757,长江传媒,0.006277129
12791,2025-01-24,688314,康拓医疗,0.006272882
12792,2025-01-23,967,盈峰环境,0.0062703043
12793,2025-01-24,601198,东兴证券,0.0062683523
12794,2025-01-23,601399,国机重装,0.0062631667
12795,2025-01-23,603908,牧高笛,0.006259963
12796,2025-01-24,603282,亚光股份,0.0062553138
12797,2025-01-24,603633,徕木股份,0.006254852
12798,2025-01-24,2022,科华生物,0.0062517673
12799,2025-01-24,601199,江南水务,0.0062501132
12800,2025-01-24,725,京东方Ａ,0.0062484443
12801,2025-01-23,600985,淮北矿业,0.00624834
12802,2025-01-24,688121,卓然股份,0.006246239
12803,2025-01-24,688007,光峰科技,0.00624305
12804,2025-01-24,2983,芯瑞达,0.0062420815
12805,2025-01-23,600966,博汇纸业,0.0062416643
12806,2025-01-23,601579,会稽山,0.0062360168
12807,2025-01-27,999,华润三九,0.006234199
12808,2025-01-24,600587,新华医疗,0.006230578
12809,2025-01-24,682,东方电子,0.00622648
12810,2025-01-27,301395,仁信新材,0.006225601
12811,2025-01-24,688151,华强科技,0.006221235
12812,2025-01-27,600475,华光环能,0.0062145144
12813,2025-01-24,600688,上海石化,0.006213814
12814,2025-01-23,3020,立方制药,0.0062125474
12815,2025-01-27,603839,安正时尚,0.0062096417
12816,2025-01-23,1332,锡装股份,0.006208971
12817,2025-01-24,600460,士兰微,0.006208524
12818,2025-01-23,910,大亚圣象,0.0062075257
12819,2025-01-27,950,重药控股,0.00620237
12820,2025-01-27,603067,振华股份,0.0061926544
12821,2025-01-24,600987,航民股份,0.00619106
12822,2025-01-24,603113,金能科技,0.006187767
12823,2025-01-27,603722,阿科力,0.006185144
12824,2025-01-23,600271,航天信息,0.0061841756
12825,2025-01-24,2029,七 匹 狼,0.0061790794
12826,2025-01-23,603183,建研院,0.0061722994
12827,2025-01-27,600694,大商股份,0.0061712414
12828,2025-01-23,601166,兴业银行,0.0061708987
12829,2025-01-23,2772,众兴菌业,0.006169766
12830,2025-01-23,301507,民生健康,0.0061678737
12831,2025-01-24,600523,贵航股份,0.0061621964
12832,2025-01-24,300994,久祺股份,0.0061612576
12833,2025-01-23,688138,清溢光电,0.006158188
12834,2025-01-23,758,中色股份,0.0061579198
12835,2025-01-24,301300,远翔新材,0.006152928
12836,2025-01-23,600409,三友化工,0.0061461776
12837,2025-01-24,301003,江苏博云,0.0061454326
12838,2025-01-27,688330,宏力达,0.0061430484
12839,2025-01-24,601985,中国核电,0.006140828
12840,2025-01-27,2947,恒铭达,0.0061381757
12841,2025-01-24,601003,柳钢股份,0.0061373264
12842,2025-01-27,2053,云南能投,0.0061362386
12843,2025-01-23,603613,国联股份,0.0061342865
12844,2025-01-24,2516,旷达科技,0.0061334223
12845,2025-01-23,2959,小熊电器,0.0061288625
12846,2025-01-24,548,湖南投资,0.0061282665
12847,2025-01-23,552,甘肃能化,0.0061219484
12848,2025-01-24,600483,福能股份,0.006116256
12849,2025-01-23,2273,水晶光电,0.0061035603
12850,2025-01-24,600158,中体产业,0.0060984343
12851,2025-01-23,600740,山西焦化,0.006094262
12852,2025-01-24,600248,陕建股份,0.0060890466
12853,2025-01-24,2443,金洲管道,0.0060846806
12854,2025-01-24,301468,博盈特焊,0.006081581
12855,2025-01-23,600873,梅花生物,0.0060771257
12856,2025-01-23,300200,高盟新材,0.006075144
12857,2025-01-27,2773,康弘药业,0.0060743093
12858,2025-01-24,600031,三一重工,0.0060723573
12859,2025-01-24,603680,今创集团,0.0060673803
12860,2025-01-23,300498,温氏股份,0.006065011
12861,2025-01-23,2925,盈趣科技,0.006064132
12862,2025-01-23,300404,博济医药,0.006062582
12863,2025-01-24,688179,阿拉丁,0.006061092
12864,2025-01-23,603098,森特股份,0.006059259
12865,2025-01-24,301550,斯菱股份,0.0060525984
12866,2025-01-23,301052,果麦文化,0.0060513467
12867,2025-01-23,2673,西部证券,0.006049067
12868,2025-01-24,2262,恩华药业,0.0060478747
12869,2025-01-24,688570,天玛智控,0.006046608
12870,2025-01-24,600063,皖维高新,0.0060441345
12871,2025-01-24,2772,众兴菌业,0.0060438365
12872,2025-01-24,300666,江丰电子,0.0060438067
12873,2025-01-23,2884,凌霄泵业,0.0060349405
12874,2025-01-23,601318,中国平安,0.0060314983
12875,2025-01-23,601858,中国科传,0.0060312003
12876,2025-01-23,690,宝新能源,0.006028235
12877,2025-01-24,600737,中粮糖业,0.006024167
12878,2025-01-23,600362,江西铜业,0.0060230643
12879,2025-01-23,301393,昊帆生物,0.0060230047
12880,2025-01-24,776,广发证券,0.0060195625
12881,2025-01-24,600171,上海贝岭,0.0060195625
12882,2025-01-23,603937,丽岛新材,0.006019473
12883,2025-01-24,301290,东星医疗,0.006018549
12884,2025-01-23,301189,奥尼电子,0.006017253
12885,2025-01-23,2275,桂林三金,0.0060161054
12886,2025-01-27,600699,均胜电子,0.0060093105
12887,2025-01-27,600057,厦门象屿,0.0060050488
12888,2025-01-23,301151,冠龙节能,0.0060046315
12889,2025-01-23,2349,精华制药,0.0060038865
12890,2025-01-24,2601,龙佰集团,0.006003633
12891,2025-01-23,600710,苏美达,0.005991772
12892,2025-01-24,300396,迪瑞医疗,0.0059844702
12893,2025-01-23,688479,友车科技,0.005981639
12894,2025-01-24,2508,老板电器,0.0059788823
12895,2025-01-24,601990,南京证券,0.005976513
12896,2025-01-24,600720,中交设计,0.0059736073
12897,2025-01-27,2063,远光软件,0.005971864
12898,2025-01-23,300196,长海股份,0.0059708953
12899,2025-01-23,301237,和顺科技,0.0059690922
12900,2025-01-23,603275,众辰科技,0.005968228
12901,2025-01-23,600329,达仁堂,0.0059663802
12902,2025-01-23,600704,物产中大,0.0059634
12903,2025-01-23,603107,上海汽配,0.0059615374
12904,2025-01-27,2624,完美世界,0.005957961
12905,2025-01-23,2960,青鸟消防,0.005957693
12906,2025-01-27,930,中粮科技,0.0059559345
12907,2025-01-24,688012,中微公司,0.005953461
12908,2025-01-27,603041,美思德,0.0059533417
12909,2025-01-24,603726,朗迪集团,0.0059498996
12910,2025-01-24,2236,大华股份,0.005945608
12911,2025-01-23,895,双汇发展,0.0059410334
12912,2025-01-24,688589,力合微,0.005940199
12913,2025-01-27,600513,联环药业,0.0059401393
12914,2025-01-24,688616,西力科技,0.0059396327
12915,2025-01-24,301179,泽宇智能,0.005935967
12916,2025-01-23,601089,福元医药,0.0059348494
12917,2025-01-23,2983,芯瑞达,0.005934626
12918,2025-01-24,600966,博汇纸业,0.005933121
12919,2025-01-27,603707,健友股份,0.005926013
12920,2025-01-24,2540,亚太科技,0.0059209615
12921,2025-01-23,600267,海正药业,0.005916834
12922,2025-01-23,603391,力聚热能,0.005913794
12923,2025-01-27,726,鲁  泰Ａ,0.005911961
12924,2025-01-27,600096,云天化,0.005911693
12925,2025-01-23,600984,建设机械,0.005909592
12926,2025-01-23,601999,出版传媒,0.0059049428
12927,2025-01-24,597,东北制药,0.0059036463
12928,2025-01-24,301053,远信工业,0.0059019625
12929,2025-01-23,600196,复星医药,0.005901322
12930,2025-01-23,603281,江瀚新材,0.0059012026
12931,2025-01-23,688543,国科军工,0.005895227
12932,2025-01-27,600022,山东钢铁,0.005887568
12933,2025-01-23,688203,海正生材,0.0058874637
12934,2025-01-27,600919,江苏银行,0.0058794618
12935,2025-01-24,2895,川恒股份,0.005879253
12936,2025-01-23,301107,瑜欣电子,0.0058721155
12937,2025-01-27,600697,欧亚集团,0.0058709383
12938,2025-01-27,603013,亚普股份,0.005870402
12939,2025-01-23,605255,天普股份,0.005868241
12940,2025-01-24,650,仁和药业,0.0058669895
12941,2025-01-23,605339,南侨食品,0.005865738
12942,2025-01-23,709,河钢股份,0.0058654547
12943,2025-01-27,603823,百合花,0.005863622
12944,2025-01-24,933,神火股份,0.005862966
12945,2025-01-27,600125,铁龙物流,0.0058592707
12946,2025-01-23,682,东方电子,0.005858302
12947,2025-01-23,601956,东贝集团,0.005851686
12948,2025-01-23,407,胜利股份,0.0058511496
12949,2025-01-27,601939,建设银行,0.005849287
12950,2025-01-27,601952,苏垦农发,0.0058404803
12951,2025-01-27,2300,太阳电缆,0.0058392584
12952,2025-01-24,301373,凌玮科技,0.0058368444
12953,2025-01-23,300243,瑞丰高材,0.005836338
12954,2025-01-24,2662,京威股份,0.005834505
12955,2025-01-23,2833,弘亚数控,0.005834043
12956,2025-01-23,601877,正泰电器,0.0058320314
12957,2025-01-27,600229,城市传媒,0.005830869
12958,2025-01-27,601117,中国化学,0.005824402
12959,2025-01-23,600332,白云山,0.0058228374
12960,2025-01-23,999,华润三九,0.0058179796
12961,2025-01-27,600850,电科数字,0.0058133006
12962,2025-01-23,2343,慈文传媒,0.005809605
12963,2025-01-24,2773,康弘药业,0.0058092624
12964,2025-01-23,688531,日联科技,0.005809188
12965,2025-01-23,600158,中体产业,0.0058084726
12966,2025-01-27,601702,华峰铝业,0.0057986975
12967,2025-01-23,848,承德露露,0.005796358
12968,2025-01-23,300452,山河药辅,0.005796209
12969,2025-01-24,895,双汇发展,0.0057956427
12970,2025-01-27,2940,昂利康,0.0057955533
12971,2025-01-24,738,航发控制,0.005794838
12972,2025-01-24,603312,西典新能,0.0057894588
12973,2025-01-23,301077,星华新材,0.0057890564
12974,2025-01-23,600986,浙文互联,0.0057879686
12975,2025-01-24,605123,派克新材,0.0057855397
12976,2025-01-24,709,河钢股份,0.005785316
12977,2025-01-27,600587,新华医疗,0.005783111
12978,2025-01-23,3007,直真科技,0.005775407
12979,2025-01-23,601988,中国银行,0.0057706237
12980,2025-01-27,300482,万孚生物,0.005769953
12981,2025-01-23,300745,欣锐科技,0.0057673454
12982,2025-01-23,603861,白云电器,0.005757749
12983,2025-01-23,603308,应流股份,0.0057537258
12984,2025-01-27,688026,洁特生物,0.005748391
12985,2025-01-23,603890,春秋电子,0.005735323
12986,2025-01-23,600488,津药药业,0.0057340264
12987,2025-01-27,600050,中国联通,0.005730927
12988,2025-01-23,605222,起帆电缆,0.005730644
12989,2025-01-24,906,浙商中拓,0.005727932
12990,2025-01-23,688557,兰剑智能,0.0057275146
12991,2025-01-24,600598,北大荒,0.00572668
12992,2025-01-24,601688,华泰证券,0.005722165
12993,2025-01-23,603860,中公高科,0.0057114214
12994,2025-01-24,2237,恒邦股份,0.005710587
12995,2025-01-24,300375,鹏翎股份,0.005699411
12996,2025-01-23,601069,西部黄金,0.0056976825
12997,2025-01-23,600062,华润双鹤,0.0056960583
12998,2025-01-27,882,华联股份,0.005695075
12999,2025-01-24,600422,昆药集团,0.0056903213
13000,2025-01-23,603602,纵横通信,0.0056888163
13001,2025-01-23,603266,天龙股份,0.005685717
13002,2025-01-23,605186,健麾信息,0.005682379
13003,2025-01-24,300784,利安科技,0.005681142
13004,2025-01-24,2304,洋河股份,0.005675718
13005,2025-01-23,603285,键邦股份,0.00567469
13006,2025-01-27,601677,明泰铝业,0.0056699663
13007,2025-01-27,600388,龙净环保,0.0056669563
13008,2025-01-27,600320,振华重工,0.0056665987
13009,2025-01-23,1379,腾达科技,0.005660206
13010,2025-01-23,603680,今创集团,0.0056599826
13011,2025-01-23,300877,金春股份,0.0056589544
13012,2025-01-24,2161,远 望 谷,0.0056555867
13013,2025-01-27,688291,金橙子,0.0056524426
13014,2025-01-24,600037,歌华有线,0.0056497604
13015,2025-01-23,301022,海泰科,0.005647838
13016,2025-01-23,600587,新华医疗,0.005640447
13017,2025-01-27,2327,富安娜,0.0056396276
13018,2025-01-23,688777,中控技术,0.005639106
13019,2025-01-23,300519,新光药业,0.005638227
13020,2025-01-24,300893,松原股份,0.0056319535
13021,2025-01-23,300083,创世纪,0.0056307167
13022,2025-01-23,603722,阿科力,0.0056295246
13023,2025-01-27,301126,达嘉维康,0.00562869
13024,2025-01-23,739,普洛药业,0.0056280643
13025,2025-01-23,300140,节能环境,0.0056278557
13026,2025-01-23,600031,三一重工,0.005627066
13027,2025-01-23,603648,畅联股份,0.005624339
13028,2025-01-23,2283,天润工业,0.0056229234
13029,2025-01-23,950,重药控股,0.005612299
13030,2025-01-24,2651,利君股份,0.005611703
13031,2025-01-23,301181,标榜股份,0.0056108534
13032,2025-01-24,603048,浙江黎明,0.005608678
13033,2025-01-27,603896,寿仙谷,0.005607307
13034,2025-01-23,2238,天威视讯,0.0056045353
13035,2025-01-23,2612,朗姿股份,0.005604252
13036,2025-01-23,686,东北证券,0.0056032687
13037,2025-01-24,2959,小熊电器,0.0056028664
13038,2025-01-27,1872,招商港口,0.0056026876
13039,2025-01-24,688272,富吉瑞,0.005600691
13040,2025-01-23,2958,青农商行,0.005597979
13041,2025-01-23,300428,立中集团,0.005595982
13042,2025-01-27,601177,杭齿前进,0.005594924
13043,2025-01-23,301065,本立科技,0.0055934787
13044,2025-01-24,603367,辰欣药业,0.0055853426
13045,2025-01-23,2935,天奥电子,0.0055807233
13046,2025-01-27,601238,广汽集团,0.00557974
13047,2025-01-24,300225,金力泰,0.0055742115
13048,2025-01-24,603053,成都燃气,0.00557065
13049,2025-01-23,601390,中国中铁,0.0055665523
13050,2025-01-24,688080,映翰通,0.0055638254
13051,2025-01-23,300230,永利股份,0.0055633634
13052,2025-01-24,603916,苏博特,0.0055615306
13053,2025-01-23,301301,川宁生物,0.00555861
13054,2025-01-24,688323,瑞华泰,0.0055485666
13055,2025-01-24,300643,万通智控,0.0055476725
13056,2025-01-24,1387,雪祺电气,0.0055449456
13057,2025-01-27,603999,读者传媒,0.0055380017
13058,2025-01-24,600428,中远海特,0.0055362135
13059,2025-01-27,601390,中国中铁,0.005530134
13060,2025-01-23,300066,三川智慧,0.0055298805
13061,2025-01-27,600535,天士力,0.005526021
13062,2025-01-24,601177,杭齿前进,0.0055216253
13063,2025-01-23,2675,东诚药业,0.005519435
13064,2025-01-24,688128,中国电研,0.0055125356
13065,2025-01-24,2939,长城证券,0.00551033
13066,2025-01-27,600563,法拉电子,0.0055016875
13067,2025-01-24,2382,蓝帆医疗,0.005501464
13068,2025-01-23,600959,江苏有线,0.0054979622
13069,2025-01-23,600662,外服控股,0.0054946244
13070,2025-01-24,601669,中国电建,0.0054852664
13071,2025-01-27,603391,力聚热能,0.0054852515
13072,2025-01-23,603180,金牌家居,0.0054807216
13073,2025-01-27,600233,圆通速递,0.005477339
13074,2025-01-27,300009,安科生物,0.0054756105
13075,2025-01-27,600276,恒瑞医药,0.0054752827
13076,2025-01-24,912,泸天化,0.005470827
13077,2025-01-23,600017,日照港,0.005469188
13078,2025-01-27,300548,博创科技,0.0054689646
13079,2025-01-23,600848,上海临港,0.0054650605
13080,2025-01-23,301125,腾亚精工,0.005462542
13081,2025-01-24,300938,信测标准,0.005458802
13082,2025-01-23,300891,惠云钛业,0.0054563284
13083,2025-01-27,300702,天宇股份,0.00545612
13084,2025-01-27,605066,天正电气,0.0054555982
13085,2025-01-27,2422,科伦药业,0.0054472536
13086,2025-01-27,2318,久立特材,0.005447194
13087,2025-01-24,2370,亚太药业,0.005446598
13088,2025-01-24,301050,雷电微力,0.0054419637
13089,2025-01-24,603689,皖天然气,0.0054395646
13090,2025-01-24,688669,聚石化学,0.005436182
13091,2025-01-27,877,天山股份,0.0054321885
13092,2025-01-27,600348,华阳股份,0.005431369
13093,2025-01-24,2081,金 螳 螂,0.005431086
13094,2025-01-23,2782,可立克,0.0054275244
13095,2025-01-23,688419,耐科装备,0.005424276
13096,2025-01-23,601872,招商轮船,0.005420029
13097,2025-01-23,301138,华研精机,0.0054171085
13098,2025-01-23,601618,中国中冶,0.005412489
13099,2025-01-24,601083,锦江航运,0.0054095834
13100,2025-01-27,600033,福建高速,0.0054080784
13101,2025-01-24,603285,键邦股份,0.005400002
13102,2025-01-23,603326,我乐家居,0.0053979307
13103,2025-01-27,2545,东方铁塔,0.0053931028
13104,2025-01-23,300813,泰林生物,0.005383253
13105,2025-01-24,601700,风范股份,0.005382955
13106,2025-01-27,155,川能动力,0.005382955
13107,2025-01-24,603050,科林电气,0.0053791106
13108,2025-01-27,301283,聚胶股份,0.0053738207
13109,2025-01-23,600790,轻纺城,0.0053735077
13110,2025-01-24,300039,上海凯宝,0.0053655356
13111,2025-01-24,2243,力合科创,0.005364403
13112,2025-01-24,603556,海兴电力,0.005364001
13113,2025-01-23,2274,华昌化工,0.005363986
13114,2025-01-23,2250,联化科技,0.00535734
13115,2025-01-23,531,穗恒运Ａ,0.005354658
13116,2025-01-23,600995,南网储能,0.0053525865
13117,2025-01-24,301216,万凯新材,0.005349204
13118,2025-01-24,2065,东华软件,0.0053482503
13119,2025-01-24,601059,信达证券,0.005341381
13120,2025-01-23,300218,安利股份,0.0053405315
13121,2025-01-24,2643,万润股份,0.005339429
13122,2025-01-23,300373,扬杰科技,0.0053296834
13123,2025-01-24,600925,苏能股份,0.0053292215
13124,2025-01-24,688002,睿创微纳,0.0053204
13125,2025-01-27,603216,梦天家居,0.005315557
13126,2025-01-27,600009,上海机场,0.005312562
13127,2025-01-23,603661,恒林股份,0.0053115636
13128,2025-01-27,601997,贵阳银行,0.005310148
13129,2025-01-24,300951,博硕科技,0.005308181
13130,2025-01-27,603713,密尔克卫,0.005307585
13131,2025-01-23,591,太阳能,0.0053063035
13132,2025-01-23,600477,杭萧钢构,0.005300835
13133,2025-01-23,301179,泽宇智能,0.005286008
13134,2025-01-24,2930,宏川智慧,0.005285591
13135,2025-01-23,603088,宁波精达,0.005272895
13136,2025-01-23,600674,川投能源,0.0052720606
13137,2025-01-23,601000,唐山港,0.0052644014
13138,2025-01-27,2236,大华股份,0.0052562803
13139,2025-01-23,301079,邵阳液压,0.0052524954
13140,2025-01-24,300003,乐普医疗,0.0052475035
13141,2025-01-24,603199,九华旅游,0.0052458793
13142,2025-01-24,601098,中南传媒,0.005234018
13143,2025-01-23,2644,佛慈制药,0.005226791
13144,2025-01-23,688067,爱威科技,0.0052265376
13145,2025-01-27,551,创元科技,0.0052208602
13146,2025-01-24,688057,金达莱,0.005220011
13147,2025-01-24,2194,武汉凡谷,0.0052180886
13148,2025-01-24,899,赣能股份,0.0052171648
13149,2025-01-23,301278,快可电子,0.0052150786
13150,2025-01-23,2063,远光软件,0.0052137226
13151,2025-01-23,2228,合兴包装,0.0052133948
13152,2025-01-23,600731,湖南海利,0.0052128136
13153,2025-01-23,603235,天新药业,0.005212784
13154,2025-01-23,605288,凯迪股份,0.005212486
13155,2025-01-23,601568,北元集团,0.0052060485
13156,2025-01-24,688391,钜泉科技,0.00520283
13157,2025-01-27,688581,安杰思,0.005201414
13158,2025-01-27,601033,永兴股份,0.0051989406
13159,2025-01-24,603300,海南华铁,0.005196467
13160,2025-01-23,605589,圣泉集团,0.005194083
13161,2025-01-27,601989,中国重工,0.0051928908
13162,2025-01-23,600909,华安证券,0.005191788
13163,2025-01-24,600210,紫江企业,0.005188778
13164,2025-01-24,600812,华北制药,0.0051869303
13165,2025-01-27,300144,宋城演艺,0.005185187
13166,2025-01-23,301163,宏德股份,0.005183339
13167,2025-01-23,601555,东吴证券,0.005182892
13168,2025-01-24,688102,斯瑞新材,0.0051724613
13169,2025-01-23,603565,中谷物流,0.0051687807
13170,2025-01-24,2108,沧州明珠,0.005168617
13171,2025-01-24,600161,天坛生物,0.005167976
13172,2025-01-27,600742,一汽富维,0.0051657706
13173,2025-01-24,688334,西高院,0.005164385
13174,2025-01-24,601899,紫金矿业,0.005163446
13175,2025-01-24,422,湖北宜化,0.005160719
13176,2025-01-23,725,京东方Ａ,0.005155936
13177,2025-01-23,603639,海利尔,0.0051490813
13178,2025-01-27,1299,美能能源,0.0051477402
13179,2025-01-27,603323,苏农银行,0.0051430315
13180,2025-01-23,301349,信德新材,0.0051307976
13181,2025-01-23,603899,晨光股份,0.0051291436
13182,2025-01-24,301395,仁信新材,0.005122736
13183,2025-01-24,2608,江苏国信,0.005116746
13184,2025-01-23,300402,宝色股份,0.005114451
13185,2025-01-24,301282,金禄电子,0.005113676
13186,2025-01-27,603519,立霸股份,0.005107641
13187,2025-01-23,600352,浙江龙盛,0.0050998926
13188,2025-01-24,603327,福蓉科技,0.005099535
13189,2025-01-24,688188,柏楚电子,0.0050974935
13190,2025-01-23,301088,戎美股份,0.0050922483
13191,2025-01-27,300677,英科医疗,0.005070552
13192,2025-01-23,301175,中科环保,0.00506936
13193,2025-01-23,2126,银轮股份,0.005068913
13194,2025-01-24,3018,金富科技,0.00506787
13195,2025-01-24,688049,炬芯科技,0.0050599277
13196,2025-01-23,301190,善水科技,0.005056098
13197,2025-01-23,2442,龙星科技,0.0050546974
13198,2025-01-24,600864,哈投股份,0.0050514787
13199,2025-01-23,600299,安迪苏,0.005049363
13200,2025-01-24,688029,南微医学,0.0050459057
13201,2025-01-23,603718,海利生物,0.0050456226
13202,2025-01-23,603131,上海沪工,0.0050423443
13203,2025-01-23,603589,口子窖,0.0050404817
13204,2025-01-23,600688,上海石化,0.005036637
13205,2025-01-24,2788,鹭燕医药,0.0050356686
13206,2025-01-23,600980,北矿科技,0.0050348043
13207,2025-01-24,603712,七一二,0.005033523
13208,2025-01-23,600456,宝钛股份,0.005032867
13209,2025-01-24,605090,九丰能源,0.005028233
13210,2025-01-27,600664,哈药股份,0.0050275177
13211,2025-01-27,2555,三七互娱,0.00502488
13212,2025-01-24,928,中钢国际,0.005023122
13213,2025-01-24,600054,黄山旅游,0.005020544
13214,2025-01-24,848,承德露露,0.005014345
13215,2025-01-24,2714,牧原股份,0.0050136745
13216,2025-01-24,605009,豪悦护理,0.0050098896
13217,2025-01-27,601789,宁波建工,0.005004555
13218,2025-01-27,605116,奥锐特,0.0049992353
13219,2025-01-27,2540,亚太科技,0.004995227
13220,2025-01-27,601919,中远海控,0.0049897283
13221,2025-01-24,688120,华海清科,0.0049894154
13222,2025-01-23,300616,尚品宅配,0.00498873
13223,2025-01-27,603132,金徽股份,0.0049881935
13224,2025-01-23,2724,海洋王,0.0049845725
13225,2025-01-27,603811,诚意药业,0.004983872
13226,2025-01-24,300752,隆利科技,0.0049827993
13227,2025-01-24,301276,嘉曼服饰,0.0049759448
13228,2025-01-24,301386,未来电器,0.004974872
13229,2025-01-27,603008,喜临门,0.004973665
13230,2025-01-23,3036,泰坦股份,0.004968241
13231,2025-01-24,600995,南网储能,0.0049669594
13232,2025-01-24,600109,国金证券,0.0049586296
13233,2025-01-23,601878,浙商证券,0.004957065
13234,2025-01-27,603239,浙江仙通,0.004951477
13235,2025-01-23,601886,江河集团,0.0049507767
13236,2025-01-23,688330,宏力达,0.00494805
13237,2025-01-27,601966,玲珑轮胎,0.0049447417
13238,2025-01-27,600623,华谊集团,0.0049417764
13239,2025-01-24,300939,秋田微,0.0049393177
13240,2025-01-23,605577,龙版传媒,0.0049379915
13241,2025-01-27,404,长虹华意,0.0049364567
13242,2025-01-23,2916,深南电路,0.0049359202
13243,2025-01-24,600874,创业环保,0.0049351603
13244,2025-01-23,300811,铂科新材,0.00491935
13245,2025-01-23,603041,美思德,0.0049155056
13246,2025-01-27,300765,新诺威,0.004912615
13247,2025-01-24,2533,金杯电工,0.0049084723
13248,2025-01-27,2158,汉钟精机,0.004898742
13249,2025-01-24,300445,康斯特,0.0048959255
13250,2025-01-24,601600,中国铝业,0.0048946887
13251,2025-01-27,600874,创业环保,0.0048924685
13252,2025-01-24,601518,吉林高速,0.0048870295
13253,2025-01-27,603056,德邦股份,0.0048846602
13254,2025-01-24,2451,摩恩电气,0.0048844814
13255,2025-01-24,603926,铁流股份,0.004881844
13256,2025-01-24,2632,道明光学,0.0048817694
13257,2025-01-27,959,首钢股份,0.0048797578
13258,2025-01-27,601212,白银有色,0.0048760176
13259,2025-01-24,603501,韦尔股份,0.0048759133
13260,2025-01-24,603230,内蒙新华,0.00487563
13261,2025-01-24,601919,中远海控,0.00487338
13262,2025-01-27,300679,电连技术,0.0048730522
13263,2025-01-27,600754,锦江酒店,0.0048707873
13264,2025-01-23,301222,浙江恒威,0.0048683137
13265,2025-01-24,601609,金田股份,0.004864335
13266,2025-01-24,603281,江瀚新材,0.0048636794
13267,2025-01-24,2768,国恩股份,0.004862964
13268,2025-01-27,600283,钱江水利,0.0048577785
13269,2025-01-27,600905,三峡能源,0.0048566163
13270,2025-01-24,603456,九洲药业,0.004855439
13271,2025-01-23,601333,广深铁路,0.0048526973
13272,2025-01-24,300233,金城医药,0.0048476458
13273,2025-01-23,600015,华夏银行,0.0048467666
13274,2025-01-24,2739,万达电影,0.0048426837
13275,2025-01-24,300295,三六五网,0.0048409402
13276,2025-01-24,300009,安科生物,0.004834652
13277,2025-01-24,688119,中钢洛耐,0.004834518
13278,2025-01-27,2532,天山铝业,0.004834339
13279,2025-01-27,600196,复星医药,0.004833266
13280,2025-01-24,301126,达嘉维康,0.0048260987
13281,2025-01-24,2837,英维克,0.004823625
13282,2025-01-24,601577,长沙银行,0.004822418
13283,2025-01-24,2555,三七互娱,0.004820466
13284,2025-01-23,688089,嘉必优,0.0048190206
13285,2025-01-24,600644,乐山电力,0.0048178136
13286,2025-01-23,2911,佛燃能源,0.004810348
13287,2025-01-27,601607,上海医药,0.004806921
13288,2025-01-23,300871,回盛生物,0.0048004687
13289,2025-01-23,603091,众鑫股份,0.0047973543
13290,2025-01-23,300279,和晶科技,0.0047967136
13291,2025-01-27,603231,索宝蛋白,0.0047946274
13292,2025-01-24,600572,康恩贝,0.004783243
13293,2025-01-23,300031,宝通科技,0.0047822744
13294,2025-01-24,600992,贵绳股份,0.0047812164
13295,2025-01-23,554,泰山石油,0.004779607
13296,2025-01-24,589,贵州轮胎,0.004776463
13297,2025-01-23,2378,章源钨业,0.0047748685
13298,2025-01-23,603949,雪龙集团,0.004774675
13299,2025-01-27,600004,白云机场,0.0047742873
13300,2025-01-23,603012,创力集团,0.0047649145
13301,2025-01-24,688566,吉贝尔,0.0047625005
13302,2025-01-23,1210,金房能源,0.0047596693
13303,2025-01-27,2677,浙江美大,0.004756719
13304,2025-01-23,923,河钢资源,0.0047553927
13305,2025-01-24,605289,罗曼股份,0.0047526807
13306,2025-01-23,2108,沧州明珠,0.004745856
13307,2025-01-27,601818,光大银行,0.004742235
13308,2025-01-24,600073,光明肉业,0.0047370493
13309,2025-01-27,601318,中国平安,0.004729852
13310,2025-01-24,601601,中国太保,0.004727334
13311,2025-01-24,600754,锦江酒店,0.004724771
13312,2025-01-24,300034,钢研高纳,0.0047218204
13313,2025-01-23,301388,欣灵电气,0.004715249
13314,2025-01-23,828,东莞控股,0.0047000647
13315,2025-01-23,301330,熵基科技,0.0046870857
13316,2025-01-27,601319,中国人保,0.004681185
13317,2025-01-27,688531,日联科技,0.0046762973
13318,2025-01-23,600386,北巴传媒,0.004675433
13319,2025-01-23,2458,益生股份,0.004672721
13320,2025-01-23,603610,麒盛科技,0.0046711564
13321,2025-01-24,1227,兰州银行,0.004666865
13322,2025-01-24,600237,铜峰电子,0.00466457
13323,2025-01-23,600036,招商银行,0.004663199
13324,2025-01-24,507,珠海港,0.0046630353
13325,2025-01-23,300272,开能健康,0.0046595186
13326,2025-01-24,601619,嘉泽新能,0.004655808
13327,2025-01-24,600061,国投资本,0.0046540946
13328,2025-01-23,300951,博硕科技,0.004653707
13329,2025-01-27,688658,悦康药业,0.0046524554
13330,2025-01-24,2367,康力电梯,0.0046517253
13331,2025-01-24,2053,云南能投,0.004641399
13332,2025-01-27,725,京东方Ａ,0.004639134
13333,2025-01-23,603132,金徽股份,0.0046369433
13334,2025-01-27,300160,秀强股份,0.004634723
13335,2025-01-27,600970,中材国际,0.004634559
13336,2025-01-23,2249,大洋电机,0.0046304166
13337,2025-01-23,601880,辽港股份,0.0046277195
13338,2025-01-27,603233,大参林,0.004626572
13339,2025-01-23,300963,中洲特材,0.004624009
13340,2025-01-24,3008,开普检测,0.0046215057
13341,2025-01-23,153,丰原药业,0.0046147853
13342,2025-01-23,300455,航天智装,0.0046073496
13343,2025-01-24,688788,科思科技,0.0046008527
13344,2025-01-23,2986,宇新股份,0.0045941323
13345,2025-01-24,600177,雅戈尔,0.0045930147
13346,2025-01-27,301559,中集环科,0.0045891255
13347,2025-01-24,601995,中金公司,0.004588321
13348,2025-01-27,2034,旺能环境,0.004581496
13349,2025-01-23,688626,翔宇医疗,0.004580587
13350,2025-01-23,600925,苏能股份,0.0045799166
13351,2025-01-24,603658,安图生物,0.0045628697
13352,2025-01-24,600361,创新新材,0.0045577437
13353,2025-01-24,601200,上海环境,0.00454019
13354,2025-01-23,600505,西昌电力,0.004529014
13355,2025-01-24,301063,海锅股份,0.0045280904
13356,2025-01-23,301283,聚胶股份,0.0045208186
13357,2025-01-24,603919,金徽酒,0.0045154393
13358,2025-01-23,601678,滨化股份,0.0045140535
13359,2025-01-23,600798,宁波海运,0.004510507
13360,2025-01-27,600720,中交设计,0.0045039654
13361,2025-01-27,605288,凯迪股份,0.004503906
13362,2025-01-24,300285,国瓷材料,0.004502207
13363,2025-01-27,600482,中国动力,0.004500881
13364,2025-01-23,688681,科汇股份,0.004497543
13365,2025-01-23,888,峨眉山Ａ,0.0044948757
13366,2025-01-24,1872,招商港口,0.0044931024
13367,2025-01-23,2803,吉宏股份,0.0044920594
13368,2025-01-27,2774,快意电梯,0.004488632
13369,2025-01-24,425,徐工机械,0.0044817775
13370,2025-01-27,600161,天坛生物,0.004480988
13371,2025-01-23,603182,嘉华股份,0.0044799596
13372,2025-01-24,603301,振德医疗,0.0044760257
13373,2025-01-27,600710,苏美达,0.0044754595
13374,2025-01-27,301195,北路智控,0.004472971
13375,2025-01-23,2746,仙坛股份,0.0044652224
13376,2025-01-23,600305,恒顺醋业,0.004463047
13377,2025-01-24,605050,福然德,0.004457414
13378,2025-01-24,605378,野马电池,0.004454404
13379,2025-01-24,300481,濮阳惠成,0.0044457167
13380,2025-01-23,600348,华阳股份,0.004444614
13381,2025-01-24,603638,艾迪精密,0.004437819
13382,2025-01-24,301088,戎美股份,0.0044370145
13383,2025-01-27,301196,唯科科技,0.0044285357
13384,2025-01-23,300931,通用电梯,0.0044285357
13385,2025-01-27,2304,洋河股份,0.004428372
13386,2025-01-23,603066,音飞储存,0.004428327
13387,2025-01-24,2871,伟隆股份,0.0044223964
13388,2025-01-23,2110,三钢闽光,0.004416138
13389,2025-01-27,2226,江南化工,0.0044142157
13390,2025-01-23,300801,泰和科技,0.0044139475
13391,2025-01-23,2142,宁波银行,0.004412502
13392,2025-01-24,2519,银河电子,0.004411742
13393,2025-01-23,600249,两面针,0.004407868
13394,2025-01-23,600825,新华传媒,0.0044056475
13395,2025-01-24,600697,欧亚集团,0.0044019967
13396,2025-01-23,600992,贵绳股份,0.0043991804
13397,2025-01-23,2543,万和电气,0.0043944716
13398,2025-01-27,2701,奥瑞金,0.004394114
13399,2025-01-27,605005,合兴股份,0.004392877
13400,2025-01-23,2538,司尔特,0.004389167
13401,2025-01-24,2767,先锋电子,0.0043860674
13402,2025-01-24,605166,聚合顺,0.0043839365
13403,2025-01-23,612,焦作万方,0.00438112
13404,2025-01-23,600905,三峡能源,0.00437434
13405,2025-01-23,155,川能动力,0.0043714195
13406,2025-01-23,2399,海普瑞,0.0043671876
13407,2025-01-23,2909,集泰股份,0.004365593
13408,2025-01-24,600050,中国联通,0.0043610036
13409,2025-01-23,600750,江中药业,0.0043607354
13410,2025-01-24,603193,润本股份,0.0043583214
13411,2025-01-24,685,中山公用,0.0043563545
13412,2025-01-23,2971,和远气体,0.0043542385
13413,2025-01-24,300731,科创新源,0.0043536425
13414,2025-01-23,2010,传化智联,0.0043360144
13415,2025-01-24,603599,广信股份,0.0043319166
13416,2025-01-27,2558,巨人网络,0.0043262094
13417,2025-01-24,301192,泰祥股份,0.0043254197
13418,2025-01-24,688159,有方科技,0.0043233335
13419,2025-01-23,593,德龙汇能,0.0043213814
13420,2025-01-27,825,太钢不锈,0.0043197125
13421,2025-01-23,600104,上汽集团,0.0043070465
13422,2025-01-23,2026,山东威达,0.0043029636
13423,2025-01-23,2334,英威腾,0.004302755
13424,2025-01-23,603080,新疆火炬,0.0042886883
13425,2025-01-23,688307,中润光学,0.0042853206
13426,2025-01-23,688371,菲沃泰,0.0042799264
13427,2025-01-23,300041,回天新材,0.0042767227
13428,2025-01-27,990,诚志股份,0.004276097
13429,2025-01-27,603367,辰欣药业,0.00427109
13430,2025-01-27,688087,英科再生,0.0042683333
13431,2025-01-23,603713,密尔克卫,0.0042680353
13432,2025-01-24,688439,振华风光,0.004266858
13433,2025-01-24,300218,安利股份,0.004264161
13434,2025-01-23,603195,公牛集团,0.004263222
13435,2025-01-23,301058,中粮科工,0.0042609572
13436,2025-01-24,600741,华域汽车,0.0042546093
13437,2025-01-27,688089,嘉必优,0.0042503476
13438,2025-01-24,603897,长城科技,0.004241988
13439,2025-01-24,600268,国电南自,0.0042393357
13440,2025-01-24,603041,美思德,0.0042391866
13441,2025-01-23,301196,唯科科技,0.0042342395
13442,2025-01-23,603156,养元饮品,0.0042307824
13443,2025-01-23,2809,红墙股份,0.004229933
13444,2025-01-24,2887,绿茵生态,0.004227832
13445,2025-01-23,601995,中金公司,0.004226029
13446,2025-01-23,600987,航民股份,0.004223019
13447,2025-01-23,603043,广州酒家,0.0042220503
13448,2025-01-23,603328,依顿电子,0.0042200387
13449,2025-01-23,600737,中粮糖业,0.004217401
13450,2025-01-23,601375,中原证券,0.0042084157
13451,2025-01-23,2752,昇兴股份,0.0042068064
13452,2025-01-23,300226,上海钢联,0.0042060763
13453,2025-01-27,603073,彩蝶实业,0.0042034835
13454,2025-01-23,2120,韵达股份,0.0041977763
13455,2025-01-23,600958,东方证券,0.004195407
13456,2025-01-23,523,红棉股份,0.004190132
13457,2025-01-23,2768,国恩股份,0.0041885823
13458,2025-01-27,605259,绿田机械,0.0041841865
13459,2025-01-23,601368,绿城水务,0.004170537
13460,2025-01-24,300054,鼎龙股份,0.004165113
13461,2025-01-27,688092,爱科科技,0.0041638166
13462,2025-01-24,2511,中顺洁柔,0.004159972
13463,2025-01-24,2415,海康威视,0.0041511357
13464,2025-01-23,603073,彩蝶实业,0.0041438043
13465,2025-01-23,1311,多利科技,0.0041403472
13466,2025-01-27,603107,上海汽配,0.004139349
13467,2025-01-24,601208,东材科技,0.0041368455
13468,2025-01-23,688788,科思科技,0.004132062
13469,2025-01-24,603062,麦加芯彩,0.004131019
13470,2025-01-24,2839,张家港行,0.004129976
13471,2025-01-27,998,隆平高科,0.00412941
13472,2025-01-23,603889,新澳股份,0.0041265637
13473,2025-01-23,603035,常熟汽饰,0.0041255355
13474,2025-01-27,601166,兴业银行,0.0041212887
13475,2025-01-24,3039,顺控发展,0.004120007
13476,2025-01-27,600633,浙数文化,0.0041189194
13477,2025-01-24,688087,英科再生,0.0041124374
13478,2025-01-27,601609,金田股份,0.00410825
13479,2025-01-24,2363,隆基机械,0.0041072518
13480,2025-01-27,2884,凌霄泵业,0.004103869
13481,2025-01-23,300507,苏奥传感,0.0041038245
13482,2025-01-23,2300,太阳电缆,0.0041012615
13483,2025-01-23,605299,舒华体育,0.004096225
13484,2025-01-23,600522,中天科技,0.0040960163
13485,2025-01-24,603093,南华期货,0.004095882
13486,2025-01-24,2980,华盛昌,0.004091814
13487,2025-01-23,2998,优彩资源,0.004091069
13488,2025-01-27,2746,仙坛股份,0.004088789
13489,2025-01-24,2746,仙坛股份,0.0040760934
13490,2025-01-24,300439,美康生物,0.004074067
13491,2025-01-24,2515,金字火腿,0.004070133
13492,2025-01-24,2913,奥士康,0.00406608
13493,2025-01-24,603182,嘉华股份,0.0040650964
13494,2025-01-23,300909,汇创达,0.0040642917
13495,2025-01-24,2876,三利谱,0.004062414
13496,2025-01-23,605128,上海沿浦,0.004055232
13497,2025-01-24,300702,天宇股份,0.004051581
13498,2025-01-23,603633,徕木股份,0.0040513277
13499,2025-01-24,3035,南网能源,0.004049912
13500,2025-01-23,600531,豫光金铅,0.004047796
13501,2025-01-27,581,威孚高科,0.0040436685
13502,2025-01-23,688720,艾森股份,0.004037708
13503,2025-01-24,2703,浙江世宝,0.0040365905
13504,2025-01-23,1378,德冠新材,0.0040363073
13505,2025-01-23,601868,中国能建,0.0040329993
13506,2025-01-23,601928,凤凰传媒,0.00403291
13507,2025-01-23,605365,立达信,0.0040267706
13508,2025-01-23,2658,雪迪龙,0.004021913
13509,2025-01-24,2039,黔源电力,0.004021406
13510,2025-01-23,600008,首创环保,0.0039981008
13511,2025-01-27,2841,视源股份,0.003997743
13512,2025-01-23,2088,鲁阳节能,0.00399746
13513,2025-01-23,688513,苑东生物,0.0039863437
13514,2025-01-24,600479,千金药业,0.0039774477
13515,2025-01-23,301046,能辉科技,0.0039684623
13516,2025-01-27,301148,嘉戎技术,0.003968373
13517,2025-01-23,300501,海顺新材,0.00396733
13518,2025-01-23,603456,九洲药业,0.0039630085
13519,2025-01-23,300571,平治信息,0.003949553
13520,2025-01-27,600596,新安股份,0.003948435
13521,2025-01-24,598,兴蓉环境,0.003946513
13522,2025-01-24,300871,回盛生物,0.0039453357
13523,2025-01-23,2767,先锋电子,0.0039435774
13524,2025-01-27,1213,中铁特货,0.003942132
13525,2025-01-24,600906,财达证券,0.003940493
13526,2025-01-23,600509,天富能源,0.0039390028
13527,2025-01-24,605259,绿田机械,0.0039374977
13528,2025-01-23,601860,紫金银行,0.003936738
13529,2025-01-27,688317,之江生物,0.0039336383
13530,2025-01-23,301092,争光股份,0.0039321333
13531,2025-01-27,758,中色股份,0.003929466
13532,2025-01-23,301186,超达装备,0.0039253533
13533,2025-01-24,688722,同益中,0.00392513
13534,2025-01-24,603112,华翔股份,0.0039129257
13535,2025-01-24,600905,三峡能源,0.003911197
13536,2025-01-24,603165,荣晟环保,0.0039110035
13537,2025-01-24,300545,联得装备,0.0039069206
13538,2025-01-23,2598,山东章鼓,0.003902018
13539,2025-01-27,300452,山河药辅,0.0039006919
13540,2025-01-27,600508,上海能源,0.0038939416
13541,2025-01-23,300922,天秦装备,0.0038920045
13542,2025-01-23,603587,地素时尚,0.0038890839
13543,2025-01-23,300824,北鼎股份,0.0038830638
13544,2025-01-24,88,盐 田 港,0.0038777739
13545,2025-01-27,600271,航天信息,0.0038606673
13546,2025-01-24,601000,唐山港,0.0038581342
13547,2025-01-24,301362,民爆光电,0.0038543493
13548,2025-01-27,2538,司尔特,0.0038521737
13549,2025-01-23,601007,金陵饭店,0.003847897
13550,2025-01-24,2049,紫光国微,0.0038465261
13551,2025-01-23,60,中金岭南,0.0038443655
13552,2025-01-24,2538,司尔特,0.0038428158
13553,2025-01-23,300724,捷佳伟创,0.0038378984
13554,2025-01-23,600729,重庆百货,0.0038287193
13555,2025-01-23,636,风华高科,0.0038287193
13556,2025-01-23,603130,云中马,0.003824845
13557,2025-01-24,789,万年青,0.0038212985
13558,2025-01-23,600906,财达证券,0.0038182437
13559,2025-01-24,600018,上港集团,0.00381805
13560,2025-01-23,603067,振华股份,0.003817618
13561,2025-01-24,603871,嘉友国际,0.0038169324
13562,2025-01-23,301300,远翔新材,0.0038055927
13563,2025-01-24,600009,上海机场,0.003787011
13564,2025-01-24,688459,哈铁科技,0.0037857443
13565,2025-01-23,2774,快意电梯,0.0037827194
13566,2025-01-23,601133,柏诚股份,0.0037806183
13567,2025-01-23,300833,浩洋股份,0.0037776828
13568,2025-01-23,601366,利群股份,0.0037744641
13569,2025-01-27,601229,上海银行,0.0037743747
13570,2025-01-24,600764,中国海防,0.0037731528
13571,2025-01-24,300527,中船应急,0.003772676
13572,2025-01-23,300995,奇德新材,0.0037724227
13573,2025-01-27,603043,广州酒家,0.0037696064
13574,2025-01-27,2233,塔牌集团,0.0037678778
13575,2025-01-24,600211,西藏药业,0.0037586093
13576,2025-01-23,600248,陕建股份,0.0037575513
13577,2025-01-23,600720,中交设计,0.0037568659
13578,2025-01-23,601098,中南传媒,0.0037504733
13579,2025-01-23,600369,西南证券,0.0037471056
13580,2025-01-24,603220,中贝通信,0.0037422478
13581,2025-01-24,601169,北京银行,0.0037377477
13582,2025-01-23,688370,丛麟科技,0.0037371814
13583,2025-01-23,600373,中文传媒,0.0037359
13584,2025-01-27,600428,中远海特,0.0037343204
13585,2025-01-24,603280,南方路机,0.0037318468
13586,2025-01-24,603713,密尔克卫,0.0037284791
13587,2025-01-23,688602,康鹏科技,0.0037258863
13588,2025-01-24,605111,新洁能,0.003723815
13589,2025-01-27,601921,浙版传媒,0.0037145168
13590,2025-01-23,603733,仙鹤股份,0.0037113875
13591,2025-01-23,688233,神工股份,0.0037093908
13592,2025-01-24,600426,华鲁恒升,0.003708437
13593,2025-01-23,2409,雅克科技,0.0037062615
13594,2025-01-24,601319,中国人保,0.0037060082
13595,2025-01-24,300221,银禧科技,0.0037040561
13596,2025-01-23,600479,千金药业,0.0036995858
13597,2025-01-23,688517,金冠电气,0.0036929548
13598,2025-01-24,2060,广东建工,0.0036915988
13599,2025-01-24,300770,新媒股份,0.0036890358
13600,2025-01-24,603538,美诺华,0.0036881417
13601,2025-01-24,601868,中国能建,0.0036833584
13602,2025-01-27,601083,锦江航运,0.0036776364
13603,2025-01-23,688580,伟思医疗,0.0036756694
13604,2025-01-23,300194,福安药业,0.0036750436
13605,2025-01-23,688100,威胜信息,0.0036740154
13606,2025-01-24,1260,坤泰股份,0.003673777
13607,2025-01-23,300430,诚益通,0.0036706924
13608,2025-01-24,878,云南铜业,0.0036688596
13609,2025-01-24,2438,江苏神通,0.0036563426
13610,2025-01-24,2224,三 力 士,0.0036516786
13611,2025-01-23,597,东北制药,0.0036506802
13612,2025-01-27,601168,西部矿业,0.003649652
13613,2025-01-27,2714,牧原股份,0.003644213
13614,2025-01-27,600138,中青旅,0.003644079
13615,2025-01-24,2006,精工科技,0.003638655
13616,2025-01-24,688230,芯导科技,0.0036217868
13617,2025-01-24,600623,华谊集团,0.0036209077
13618,2025-01-24,603681,永冠新材,0.003620252
13619,2025-01-24,825,太钢不锈,0.0036184937
13620,2025-01-24,600155,华创云信,0.0036145002
13621,2025-01-23,603313,梦百合,0.003608942
13622,2025-01-24,600075,新疆天业,0.0036067963
13623,2025-01-23,601595,上海电影,0.0036067963
13624,2025-01-24,688793,倍轻松,0.003602296
13625,2025-01-27,601126,四方股份,0.003597036
13626,2025-01-27,875,吉电股份,0.0035928637
13627,2025-01-24,601958,金钼股份,0.0035833716
13628,2025-01-23,300360,炬华科技,0.0035832673
13629,2025-01-27,2455,百川股份,0.0035646856
13630,2025-01-23,2365,永安药业,0.0035591424
13631,2025-01-24,601966,玲珑轮胎,0.0035553426
13632,2025-01-23,603076,乐惠国际,0.0035537183
13633,2025-01-24,600351,亚宝药业,0.003552094
13634,2025-01-23,300183,东软载波,0.0035489202
13635,2025-01-24,2498,汉缆股份,0.003545314
13636,2025-01-27,600469,风神股份,0.0035392344
13637,2025-01-24,301283,聚胶股份,0.003529355
13638,2025-01-23,603231,索宝蛋白,0.0035256296
13639,2025-01-24,600941,中国移动,0.003525272
13640,2025-01-23,2098,浔兴股份,0.0035149157
13641,2025-01-27,300413,芒果超媒,0.0035144985
13642,2025-01-23,601008,连云港,0.0035110116
13643,2025-01-24,300546,雄帝科技,0.0035023987
13644,2025-01-24,300864,南大环境,0.0035018027
13645,2025-01-24,2734,利民股份,0.0034943968
13646,2025-01-23,688585,上纬新材,0.0034933835
13647,2025-01-23,603050,科林电气,0.0034929365
13648,2025-01-27,301225,恒勃股份,0.0034919828
13649,2025-01-23,300446,航天智造,0.0034901649
13650,2025-01-23,603001,奥康国际,0.0034810454
13651,2025-01-24,600062,华润双鹤,0.0034796
13652,2025-01-24,688581,安杰思,0.0034741908
13653,2025-01-23,603178,圣龙股份,0.0034724325
13654,2025-01-27,600295,鄂尔多斯,0.0034699738
13655,2025-01-23,2479,富春环保,0.0034683496
13656,2025-01-23,2237,恒邦股份,0.0034659505
13657,2025-01-24,301301,川宁生物,0.0034651607
13658,2025-01-23,600064,南京高科,0.0034626722
13659,2025-01-23,300644,南京聚隆,0.003461212
13660,2025-01-23,688722,同益中,0.003459856
13661,2025-01-24,600869,远东股份,0.003459394
13662,2025-01-24,3036,泰坦股份,0.003443718
13663,2025-01-27,688526,科前生物,0.0034425855
13664,2025-01-27,603788,宁波高发,0.0034398437
13665,2025-01-24,758,中色股份,0.003439635
13666,2025-01-23,301039,中集车辆,0.0034331977
13667,2025-01-23,300880,迦南智能,0.0034310073
13668,2025-01-23,300160,秀强股份,0.0034292787
13669,2025-01-23,600703,三安光电,0.0034213066
13670,2025-01-23,600749,西藏旅游,0.003419578
13671,2025-01-24,2774,快意电梯,0.0034166127
13672,2025-01-24,688628,优利德,0.0034139007
13673,2025-01-27,301028,东亚机械,0.003413424
13674,2025-01-23,559,万向钱潮,0.0034117103
13675,2025-01-24,600499,科达制造,0.0034078658
13676,2025-01-22,300069,金利华电,0.0034040362
13677,2025-01-24,603757,大元泵业,0.0034036636
13678,2025-01-27,601669,中国电建,0.003397882
13679,2025-01-23,300416,苏试试验,0.0033932775
13680,2025-01-23,2370,亚太药业,0.0033889413
13681,2025-01-24,600352,浙江龙盛,0.0033865124
13682,2025-01-23,878,云南铜业,0.0033840537
13683,2025-01-23,603855,华荣股份,0.0033826977
13684,2025-01-27,2443,金洲管道,0.003382191
13685,2025-01-23,601985,中国核电,0.003382042
13686,2025-01-27,688100,威胜信息,0.0033775717
13687,2025-01-23,603065,宿迁联盛,0.0033768117
13688,2025-01-23,731,四川美丰,0.0033739805
13689,2025-01-23,601991,大唐发电,0.0033738166
13690,2025-01-27,2393,力生制药,0.0033656359
13691,2025-01-24,601611,中国核建,0.0033643544
13692,2025-01-23,603298,杭叉集团,0.0033601373
13693,2025-01-23,2919,名臣健康,0.0033560097
13694,2025-01-27,601678,滨化股份,0.003350839
13695,2025-01-24,603661,恒林股份,0.0033495724
13696,2025-01-27,301081,严牌股份,0.0033482313
13697,2025-01-23,688687,凯因科技,0.0033465922
13698,2025-01-24,2242,九阳股份,0.0033449084
13699,2025-01-24,603866,桃李面包,0.00334467
13700,2025-01-23,601330,绿色动力,0.003344655
13701,2025-01-24,600362,江西铜业,0.0033410043
13702,2025-01-24,2891,中宠股份,0.0033364743
13703,2025-01-23,2807,江阴银行,0.0033332258
13704,2025-01-23,300036,超图软件,0.003330782
13705,2025-01-23,2363,隆基机械,0.0033292472
13706,2025-01-23,603153,上海建科,0.0033281595
13707,2025-01-27,601717,郑煤机,0.0033254325
13708,2025-01-27,600056,中国医药,0.0033249408
13709,2025-01-23,603299,苏盐井神,0.0033245087
13710,2025-01-23,600645,中源协和,0.0033064485
13711,2025-01-24,1277,速达股份,0.003295824
13712,2025-01-27,601868,中国能建,0.003293842
13713,2025-01-23,301262,海看股份,0.0032932758
13714,2025-01-23,600997,开滦股份,0.0032866597
13715,2025-01-24,600262,北方股份,0.0032860339
13716,2025-01-23,899,赣能股份,0.003283739
13717,2025-01-23,869,张  裕Ａ,0.0032798946
13718,2025-01-23,900,现代投资,0.0032751113
13719,2025-01-23,2609,捷顺科技,0.0032739192
13720,2025-01-24,603588,高能环境,0.003265828
13721,2025-01-24,300327,中颖电子,0.0032656938
13722,2025-01-23,600933,爱柯迪,0.0032645017
13723,2025-01-27,2690,美亚光电,0.0032597631
13724,2025-01-24,300873,海晨股份,0.003256008
13725,2025-01-23,2434,万里扬,0.003255576
13726,2025-01-27,600690,海尔智家,0.0032464862
13727,2025-01-24,688301,奕瑞科技,0.0032426566
13728,2025-01-27,690,宝新能源,0.0032416284
13729,2025-01-24,601811,新华文轩,0.00324063
13730,2025-01-27,603357,设计总院,0.0032394528
13731,2025-01-27,2986,宇新股份,0.0032369643
13732,2025-01-23,600177,雅戈尔,0.0032363534
13733,2025-01-23,600309,万华化学,0.0032340884
13734,2025-01-23,600598,北大荒,0.0032318234
13735,2025-01-27,2938,鹏鼎控股,0.003225103
13736,2025-01-23,688570,天玛智控,0.0032249242
13737,2025-01-23,2154,报 喜 鸟,0.0032235235
13738,2025-01-23,603968,醋化股份,0.0032157898
13739,2025-01-24,2228,合兴包装,0.0032151341
13740,2025-01-24,600032,浙江新能,0.0032136291
13741,2025-01-23,2533,金杯电工,0.0032122433
13742,2025-01-23,688057,金达莱,0.0032085627
13743,2025-01-24,688685,迈信林,0.0032074451
13744,2025-01-23,301309,万得凯,0.003200367
13745,2025-01-24,603899,晨光股份,0.0031950027
13746,2025-01-27,301382,蜂助手,0.0031891912
13747,2025-01-24,2454,松芝股份,0.00318259
13748,2025-01-24,600035,楚天高速,0.0031760782
13749,2025-01-23,90,天健集团,0.003175959
13750,2025-01-23,1326,联域股份,0.0031756759
13751,2025-01-24,2727,一心堂,0.003170237
13752,2025-01-24,9,中国宝安,0.0031698942
13753,2025-01-23,301126,达嘉维康,0.0031688064
13754,2025-01-23,548,湖南投资,0.0031667948
13755,2025-01-24,301149,隆华新材,0.0031652153
13756,2025-01-24,600452,涪陵电力,0.0031586736
13757,2025-01-24,2079,苏州固锝,0.0031576753
13758,2025-01-27,600361,创新新材,0.0031550676
13759,2025-01-27,688057,金达莱,0.0031526685
13760,2025-01-24,2884,凌霄泵业,0.0031519234
13761,2025-01-24,600195,中牧股份,0.0031446666
13762,2025-01-23,601198,东兴证券,0.0031428933
13763,2025-01-24,600060,海信视像,0.0031385124
13764,2025-01-23,603926,铁流股份,0.0031354725
13765,2025-01-24,2833,弘亚数控,0.003131628
13766,2025-01-23,623,吉林敖东,0.0031273514
13767,2025-01-23,603656,泰禾智能,0.0031176955
13768,2025-01-23,300915,海融科技,0.003104359
13769,2025-01-23,551,创元科技,0.0030998886
13770,2025-01-23,600971,恒源煤电,0.0030982047
13771,2025-01-24,301131,聚赛龙,0.003094107
13772,2025-01-23,601611,中国核建,0.0030884743
13773,2025-01-24,869,张  裕Ａ,0.0030866861
13774,2025-01-27,600389,江山股份,0.0030866116
13775,2025-01-24,2478,常宝股份,0.0030853748
13776,2025-01-24,301047,义翘神州,0.0030834675
13777,2025-01-23,915,华特达因,0.0030803233
13778,2025-01-24,2969,嘉美包装,0.0030665845
13779,2025-01-23,2234,民和股份,0.0030461252
13780,2025-01-27,601666,平煤股份,0.0030352026
13781,2025-01-24,600517,国网英大,0.0030345172
13782,2025-01-23,300860,锋尚文化,0.003033191
13783,2025-01-24,300589,江龙船艇,0.0030301064
13784,2025-01-27,603899,晨光股份,0.0030279905
13785,2025-01-24,603357,设计总院,0.0030237287
13786,2025-01-23,601077,渝农商行,0.0030222982
13787,2025-01-27,2252,上海莱士,0.0030162334
13788,2025-01-24,539,粤电力Ａ,0.0030058175
13789,2025-01-24,800,一汽解放,0.0030049384
13790,2025-01-23,603165,荣晟环保,0.0030042976
13791,2025-01-24,688059,华锐精密,0.002998799
13792,2025-01-27,2299,圣农发展,0.0029738098
13793,2025-01-24,600927,永安期货,0.0029711574
13794,2025-01-23,488,晨鸣纸业,0.0029582083
13795,2025-01-23,688793,倍轻松,0.0029579103
13796,2025-01-24,600918,中泰证券,0.0029543936
13797,2025-01-23,605198,安德利,0.002947539
13798,2025-01-27,300851,交大思诺,0.0029444695
13799,2025-01-27,2381,双箭股份,0.0029418916
13800,2025-01-27,2142,宁波银行,0.0029375255
13801,2025-01-23,688215,瑞晟智能,0.0029307455
13802,2025-01-27,600885,宏发股份,0.0029277503
13803,2025-01-27,603328,依顿电子,0.0029276758
13804,2025-01-27,301301,川宁生物,0.0029217452
13805,2025-01-23,300019,硅宝科技,0.0029176474
13806,2025-01-23,600315,上海家化,0.0028981268
13807,2025-01-23,600389,江山股份,0.0028911978
13808,2025-01-24,600710,苏美达,0.002889976
13809,2025-01-27,601595,上海电影,0.002886653
13810,2025-01-24,2284,亚太股份,0.002880603
13811,2025-01-23,600018,上港集团,0.0028737336
13812,2025-01-27,600098,广州发展,0.0028705895
13813,2025-01-23,603568,伟明环保,0.0028699487
13814,2025-01-24,600116,三峡水利,0.0028687567
13815,2025-01-23,688360,德马科技,0.0028633177
13816,2025-01-24,600495,晋西车轴,0.0028558224
13817,2025-01-27,1387,雪祺电气,0.0028501004
13818,2025-01-24,600469,风神股份,0.0028489828
13819,2025-01-24,2796,世嘉科技,0.0028443933
13820,2025-01-23,600061,国投资本,0.0028399974
13821,2025-01-24,300870,欧陆通,0.0028396398
13822,2025-01-23,600037,歌华有线,0.0028372556
13823,2025-01-23,300349,金卡智能,0.0028370023
13824,2025-01-24,603338,浙江鼎力,0.0028284043
13825,2025-01-27,605008,长鸿高科,0.0028283447
13826,2025-01-24,301092,争光股份,0.0028273016
13827,2025-01-24,600418,江淮汽车,0.0028243214
13828,2025-01-23,603569,长久物流,0.0028211921
13829,2025-01-27,2370,亚太药业,0.002817899
13830,2025-01-24,19,深粮控股,0.0028154403
13831,2025-01-24,603115,海星股份,0.0027994215
13832,2025-01-23,2614,奥佳华,0.0027959347
13833,2025-01-23,800,一汽解放,0.002789259
13834,2025-01-23,2608,江苏国信,0.0027868748
13835,2025-01-27,603661,恒林股份,0.0027848482
13836,2025-01-23,301195,北路智控,0.002782762
13837,2025-01-23,2415,海康威视,0.0027807802
13838,2025-01-23,601188,龙江交通,0.00277552
13839,2025-01-24,600817,宇通重工,0.0027709603
13840,2025-01-24,603788,宁波高发,0.002764538
13841,2025-01-24,2882,金龙羽,0.0027641207
13842,2025-01-24,2287,奇正藏药,0.0027540475
13843,2025-01-24,919,金陵药业,0.0027456433
13844,2025-01-23,605066,天正电气,0.0027451962
13845,2025-01-23,2539,云图控股,0.0027439743
13846,2025-01-23,722,湖南发展,0.002740264
13847,2025-01-23,300625,三雄极光,0.0027372837
13848,2025-01-27,636,风华高科,0.002736941
13849,2025-01-23,688128,中国电研,0.0027328432
13850,2025-01-24,600873,梅花生物,0.0027310103
13851,2025-01-23,603048,浙江黎明,0.0027275681
13852,2025-01-24,601628,中国人寿,0.0027268082
13853,2025-01-27,688278,特宝生物,0.0027226508
13854,2025-01-24,603700,宁水集团,0.0027225465
13855,2025-01-27,400,许继电气,0.0027208328
13856,2025-01-23,600113,浙江东日,0.0027118474
13857,2025-01-24,603987,康德莱,0.0027056485
13858,2025-01-23,601169,北京银行,0.0027030557
13859,2025-01-24,600997,开滦股份,0.0027026236
13860,2025-01-23,600982,宁波能源,0.002696395
13861,2025-01-23,538,云南白药,0.0026963651
13862,2025-01-23,600022,山东钢铁,0.002696097
13863,2025-01-23,1228,永泰运,0.0026886463
13864,2025-01-23,688618,三旺通信,0.0026878566
13865,2025-01-23,600516,方大炭素,0.0026749372
13866,2025-01-24,603589,口子窖,0.002673924
13867,2025-01-27,600036,招商银行,0.0026686639
13868,2025-01-23,156,华数传媒,0.0026673377
13869,2025-01-23,600578,京能电力,0.002663508
13870,2025-01-23,912,泸天化,0.0026604533
13871,2025-01-23,2432,九安医疗,0.0026508272
13872,2025-01-27,603100,川仪股份,0.0026477575
13873,2025-01-24,603829,洛凯股份,0.0026468635
13874,2025-01-24,591,太阳能,0.002640903
13875,2025-01-27,301287,康力源,0.002639532
13876,2025-01-24,2042,华孚时尚,0.0026329905
13877,2025-01-24,601065,江盐集团,0.0026322752
13878,2025-01-23,300717,华信新材,0.0026300102
13879,2025-01-23,600109,国金证券,0.0026284456
13880,2025-01-24,688008,澜起科技,0.002624303
13881,2025-01-27,2237,恒邦股份,0.0026236326
13882,2025-01-23,1218,丽臣实业,0.0026226044
13883,2025-01-24,688699,明微电子,0.0026219338
13884,2025-01-23,603025,大豪科技,0.0026193112
13885,2025-01-27,1206,依依股份,0.00261572
13886,2025-01-24,603131,上海沪工,0.0026153922
13887,2025-01-24,990,诚志股份,0.0026106536
13888,2025-01-23,603876,鼎胜新材,0.0026007593
13889,2025-01-24,488,晨鸣纸业,0.0025815368
13890,2025-01-27,600422,昆药集团,0.0025808811
13891,2025-01-23,600833,第一医药,0.0025803596
13892,2025-01-23,300357,我武生物,0.002579689
13893,2025-01-27,688677,海泰新光,0.002575457
13894,2025-01-23,600867,通化东宝,0.0025731474
13895,2025-01-23,603239,浙江仙通,0.002570212
13896,2025-01-24,600373,中文传媒,0.0025671124
13897,2025-01-24,300910,瑞丰新材,0.0025583506
13898,2025-01-23,300516,久之洋,0.002554521
13899,2025-01-24,2612,朗姿股份,0.002553016
13900,2025-01-24,603393,新天然气,0.0025487095
13901,2025-01-27,2001,新 和 成,0.0025436431
13902,2025-01-23,603706,东方环宇,0.0025433153
13903,2025-01-24,300398,飞凯材料,0.0025427938
13904,2025-01-24,301080,百普赛斯,0.0025377125
13905,2025-01-23,600690,海尔智家,0.0025336742
13906,2025-01-23,600339,中油工程,0.0025302172
13907,2025-01-27,603587,地素时尚,0.0025301129
13908,2025-01-24,688026,洁特生物,0.0025293827
13909,2025-01-23,600999,招商证券,0.0025274605
13910,2025-01-23,600874,创业环保,0.0025185645
13911,2025-01-24,300012,华测检测,0.0025181174
13912,2025-01-27,869,张  裕Ａ,0.0025167763
13913,2025-01-24,301349,信德新材,0.002502218
13914,2025-01-24,601179,中国西电,0.002495721
13915,2025-01-23,301265,华新环保,0.002494961
13916,2025-01-23,300626,华瑞股份,0.0024926066
13917,2025-01-24,600359,新农开发,0.0024904758
13918,2025-01-27,301003,江苏博云,0.0024885535
13919,2025-01-24,603217,元利科技,0.0024875998
13920,2025-01-23,300834,星辉环材,0.002484426
13921,2025-01-27,600188,兖矿能源,0.0024829954
13922,2025-01-23,603556,海兴电力,0.002481699
13923,2025-01-23,2977,天箭科技,0.002478242
13924,2025-01-23,603037,凯众股份,0.0024751425
13925,2025-01-23,301081,严牌股份,0.0024650246
13926,2025-01-23,601238,广汽集团,0.0024591386
13927,2025-01-23,2870,香山股份,0.002458766
13928,2025-01-23,601958,金钼股份,0.0024585724
13929,2025-01-23,300193,佳士科技,0.0024540722
13930,2025-01-23,2350,北京科锐,0.0024538487
13931,2025-01-27,2039,黔源电力,0.002448082
13932,2025-01-27,601003,柳钢股份,0.0024480075
13933,2025-01-24,600916,中国黄金,0.0024397075
13934,2025-01-24,2807,江阴银行,0.0024389327
13935,2025-01-23,600668,尖峰集团,0.0024375767
13936,2025-01-24,601900,南方传媒,0.0024351627
13937,2025-01-24,601636,旗滨集团,0.002433613
13938,2025-01-23,601939,建设银行,0.0024293065
13939,2025-01-23,600854,春兰股份,0.00242877
13940,2025-01-27,1338,永顺泰,0.0024276376
13941,2025-01-24,600596,新安股份,0.0024184585
13942,2025-01-23,301345,涛涛车业,0.0024180412
13943,2025-01-23,603519,立霸股份,0.002413869
13944,2025-01-23,417,合百集团,0.0024017543
13945,2025-01-23,688750,金天钛业,0.0023975372
13946,2025-01-27,601231,环旭电子,0.002395317
13947,2025-01-23,300897,山科智能,0.002395004
13948,2025-01-23,605011,杭州热电,0.0023896545
13949,2025-01-23,300228,富瑞特装,0.0023863316
13950,2025-01-27,603700,宁水集团,0.0023748428
13951,2025-01-24,603699,纽威股份,0.0023607463
13952,2025-01-27,603886,元祖股份,0.0023579597
13953,2025-01-23,603658,安图生物,0.002356857
13954,2025-01-24,686,东北证券,0.002350673
13955,2025-01-23,705,浙江震元,0.0023502856
13956,2025-01-24,601158,重庆水务,0.0023472607
13957,2025-01-24,600535,天士力,0.0023462474
13958,2025-01-23,300001,特锐德,0.0023442954
13959,2025-01-24,600182,S佳通,0.0023434013
13960,2025-01-24,2394,联发股份,0.0023429394
13961,2025-01-24,600977,中国电影,0.0023416877
13962,2025-01-24,2393,力生制药,0.0023368597
13963,2025-01-23,601222,林洋能源,0.002332911
13964,2025-01-24,2633,申科股份,0.002331093
13965,2025-01-23,600535,天士力,0.002330333
13966,2025-01-23,300610,晨化股份,0.0023302883
13967,2025-01-24,2535,林州重机,0.0023260415
13968,2025-01-23,300771,智莱科技,0.0023213476
13969,2025-01-27,300926,博俊科技,0.0023117661
13970,2025-01-24,601921,浙版传媒,0.0023082942
13971,2025-01-23,301246,宏源药业,0.0022981465
13972,2025-01-23,601688,华泰证券,0.0022916496
13973,2025-01-24,603611,诺力股份,0.0022871047
13974,2025-01-27,601038,一拖股份,0.0022855252
13975,2025-01-23,300144,宋城演艺,0.002284795
13976,2025-01-23,2671,龙泉股份,0.0022840947
13977,2025-01-23,301456,盘古智能,0.0022747964
13978,2025-01-23,301370,国科恒泰,0.002271831
13979,2025-01-23,600697,欧亚集团,0.0022683293
13980,2025-01-23,300836,佰奥智能,0.0022658259
13981,2025-01-23,2007,华兰生物,0.002259329
13982,2025-01-23,788,北大医药,0.002244994
13983,2025-01-23,600596,新安股份,0.0022440255
13984,2025-01-27,685,中山公用,0.0022400022
13985,2025-01-23,300069,金利华电,0.002236545
13986,2025-01-24,300644,南京聚隆,0.0022363365
13987,2025-01-23,600877,电科芯片,0.0022348017
13988,2025-01-24,603967,中创物流,0.002232194
13989,2025-01-23,2438,江苏神通,0.0022321641
13990,2025-01-23,601326,秦港股份,0.0022194386
13991,2025-01-27,601686,友发集团,0.0022193491
13992,2025-01-24,300806,斯迪克,0.002217248
13993,2025-01-23,689009,九号公司-WD,0.0022076666
13994,2025-01-23,600009,上海机场,0.0021907985
13995,2025-01-23,688196,卓越新能,0.0021857172
13996,2025-01-23,688663,新风光,0.0021844804
13997,2025-01-23,300595,欧普康视,0.0021833628
13998,2025-01-23,600060,海信视像,0.0021698922
13999,2025-01-23,2385,大北农,0.002167672
14000,2025-01-24,600329,达仁堂,0.0021647364
14001,2025-01-27,688334,西高院,0.0021582544
14002,2025-01-27,2345,潮宏基,0.0021568686
14003,2025-01-27,603393,新天然气,0.0021454245
14004,2025-01-23,3019,宸展光电,0.0021435767
14005,2025-01-23,2033,丽江股份,0.0021235943
14006,2025-01-27,301520,万邦医药,0.002117321
14007,2025-01-23,2864,盘龙药业,0.0021070093
14008,2025-01-24,2462,嘉事堂,0.0020945817
14009,2025-01-27,2745,木林森,0.0020928383
14010,2025-01-24,600305,恒顺醋业,0.002087906
14011,2025-01-24,600655,豫园股份,0.0020762086
14012,2025-01-27,600598,北大荒,0.0020734072
14013,2025-01-24,600690,海尔智家,0.0020674616
14014,2025-01-23,603199,九华旅游,0.0020504445
14015,2025-01-23,600717,天津港,0.0020499378
14016,2025-01-24,157,中联重科,0.0020433813
14017,2025-01-27,600988,赤峰黄金,0.002042994
14018,2025-01-27,2287,奇正藏药,0.002031237
14019,2025-01-23,700,模塑科技,0.0020280927
14020,2025-01-24,300360,炬华科技,0.0020256788
14021,2025-01-24,605368,蓝天燃气,0.0020247102
14022,2025-01-27,688819,天能股份,0.0020197332
14023,2025-01-24,2935,天奥电子,0.0020163506
14024,2025-01-27,422,湖北宜化,0.0020040274
14025,2025-01-23,601179,中国西电,0.002001986
14026,2025-01-23,300939,秋田微,0.0020002276
14027,2025-01-24,156,华数传媒,0.00199458
14028,2025-01-27,603306,华懋科技,0.0019898862
14029,2025-01-23,2498,汉缆股份,0.0019834489
14030,2025-01-23,603207,小方制药,0.0019731075
14031,2025-01-27,600761,安徽合力,0.0019727945
14032,2025-01-23,603588,高能环境,0.0019716471
14033,2025-01-23,300873,海晨股份,0.001967162
14034,2025-01-23,600517,国网英大,0.001966849
14035,2025-01-23,2567,唐人神,0.0019642562
14036,2025-01-23,2318,久立特材,0.0019606203
14037,2025-01-24,2463,沪电股份,0.0019601285
14038,2025-01-24,301196,唯科科技,0.001959905
14039,2025-01-24,2919,名臣健康,0.0019429475
14040,2025-01-27,2732,燕塘乳业,0.0019339621
14041,2025-01-23,300597,吉大通信,0.0019083768
14042,2025-01-23,688251,井松智能,0.0019020587
14043,2025-01-23,425,徐工机械,0.0019014776
14044,2025-01-27,300001,特锐德,0.0019012094
14045,2025-01-23,600188,兖矿能源,0.0019005984
14046,2025-01-24,688618,三旺通信,0.0018999577
14047,2025-01-23,1239,永达股份,0.0018866062
14048,2025-01-24,603391,力聚热能,0.0018808842
14049,2025-01-23,2703,浙江世宝,0.0018763691
14050,2025-01-23,600897,厦门空港,0.00186795
14051,2025-01-24,300697,电工合金,0.0018623173
14052,2025-01-23,688819,天能股份,0.0018601567
14053,2025-01-23,601022,宁波远洋,0.0018521398
14054,2025-01-27,2478,常宝股份,0.0018462688
14055,2025-01-23,603689,皖天然气,0.0018447489
14056,2025-01-27,2463,沪电股份,0.0018437356
14057,2025-01-27,601928,凤凰传媒,0.0018318743
14058,2025-01-27,603280,南方路机,0.0018282533
14059,2025-01-24,783,长江证券,0.0018183589
14060,2025-01-23,300514,友讯达,0.0018128008
14061,2025-01-23,600211,西藏药业,0.0017971098
14062,2025-01-23,600063,皖维高新,0.0017945617
14063,2025-01-23,603351,威尔药业,0.0017875284
14064,2025-01-27,913,钱江摩托,0.0017846376
14065,2025-01-22,688720,艾森股份,0.0017769635
14066,2025-01-23,927,中国铁物,0.0017710775
14067,2025-01-27,2404,嘉欣丝绸,0.0017669052
14068,2025-01-24,603730,岱美股份,0.0017668158
14069,2025-01-24,601238,广汽集团,0.0017562062
14070,2025-01-24,300604,长川科技,0.0017552525
14071,2025-01-24,2458,益生股份,0.0017396212
14072,2025-01-24,2455,百川股份,0.0017302036
14073,2025-01-24,300832,新产业,0.0017291605
14074,2025-01-24,1206,依依股份,0.0017233193
14075,2025-01-24,603980,吉华集团,0.0017220229
14076,2025-01-23,3009,中天火箭,0.0017170012
14077,2025-01-27,300950,德固特,0.0017139167
14078,2025-01-27,300789,唐源电气,0.0017056912
14079,2025-01-23,688468,科美诊断,0.0016887784
14080,2025-01-23,338,潍柴动力,0.00168778
14081,2025-01-24,688347,华虹公司,0.0016835779
14082,2025-01-24,2705,新宝股份,0.0016823262
14083,2025-01-27,544,中原环保,0.0016731918
14084,2025-01-24,2810,山东赫达,0.0016661435
14085,2025-01-23,1316,润贝航科,0.0016650707
14086,2025-01-24,2860,星帅尔,0.0016645342
14087,2025-01-24,603013,亚普股份,0.0016576946
14088,2025-01-23,2328,新朋股份,0.0016557276
14089,2025-01-23,600850,电科数字,0.0016550273
14090,2025-01-23,300244,迪安诊断,0.0016452372
14091,2025-01-23,600361,创新新材,0.0016422123
14092,2025-01-24,600965,福成股份,0.0016404092
14093,2025-01-27,603444,吉比特,0.0016373396
14094,2025-01-23,603339,四方科技,0.0016331822
14095,2025-01-23,301408,华人健康,0.0016248673
14096,2025-01-23,990,诚志股份,0.0016248226
14097,2025-01-24,301345,涛涛车业,0.0016216338
14098,2025-01-24,2392,北京利尔,0.001620099
14099,2025-01-23,789,万年青,0.0016183704
14100,2025-01-23,300994,久祺股份,0.0016124696
14101,2025-01-24,600389,江山股份,0.0016119331
14102,2025-01-23,2105,信隆健康,0.0016079247
14103,2025-01-23,603700,宁水集团,0.0015974492
14104,2025-01-24,2627,三峡旅游,0.0015945733
14105,2025-01-23,603357,设计总院,0.0015939325
14106,2025-01-27,878,云南铜业,0.001591891
14107,2025-01-23,3025,思进智能,0.0015904903
14108,2025-01-23,300445,康斯特,0.0015903562
14109,2025-01-23,603058,永吉股份,0.0015891939
14110,2025-01-24,605599,菜百股份,0.0015831292
14111,2025-01-23,300743,天地数码,0.0015831143
14112,2025-01-24,563,陕国投Ａ,0.0015819669
14113,2025-01-24,603043,广州酒家,0.0015761554
14114,2025-01-23,2430,杭氧股份,0.0015750825
14115,2025-01-23,601677,明泰铝业,0.0015731752
14116,2025-01-27,2033,丽江股份,0.0015724748
14117,2025-01-23,300009,安科生物,0.0015675724
14118,2025-01-23,301083,百胜智能,0.0015614927
14119,2025-01-24,2626,金达威,0.0015595406
14120,2025-01-23,2236,大华股份,0.001557976
14121,2025-01-24,30,富奥股份,0.0015515387
14122,2025-01-27,601100,恒立液压,0.001550138
14123,2025-01-27,603136,天目湖,0.0015462786
14124,2025-01-23,603848,好太太,0.0015352964
14125,2025-01-27,300498,温氏股份,0.0015304685
14126,2025-01-23,603205,健尔康,0.0015294403
14127,2025-01-23,603489,八方股份,0.0015247762
14128,2025-01-23,2254,泰和新材,0.0015196353
14129,2025-01-23,3018,金富科技,0.0015189052
14130,2025-01-27,2533,金杯电工,0.0015038997
14131,2025-01-24,300425,中建环能,0.0015016943
14132,2025-01-23,2284,亚太股份,0.0014950335
14133,2025-01-27,600323,瀚蓝环境,0.0014949292
14134,2025-01-23,301020,密封科技,0.0014772117
14135,2025-01-27,589,贵州轮胎,0.0014747679
14136,2025-01-24,2484,江海股份,0.0014735758
14137,2025-01-24,2239,奥特佳,0.0014687479
14138,2025-01-23,2048,宁波华翔,0.0014647245
14139,2025-01-27,600312,平高电气,0.0014570951
14140,2025-01-23,2540,亚太科技,0.0014515221
14141,2025-01-24,2432,九安医疗,0.0014509559
14142,2025-01-23,300371,汇中股份,0.0014502108
14143,2025-01-23,2060,广东建工,0.0014475733
14144,2025-01-23,688106,金宏气体,0.0014460385
14145,2025-01-27,600502,安徽建工,0.0014404655
14146,2025-01-23,301043,绿岛风,0.0014397055
14147,2025-01-23,1318,阳光乳业,0.0014331192
14148,2025-01-24,2007,华兰生物,0.0014321357
14149,2025-01-27,1368,通达创智,0.0014308542
14150,2025-01-23,600917,重庆燃气,0.0014291853
14151,2025-01-24,688663,新风光,0.0014264137
14152,2025-01-24,2901,大博医疗,0.0014258623
14153,2025-01-23,601126,四方股份,0.0014234781
14154,2025-01-23,688235,百济神州-U,0.0014140159
14155,2025-01-24,2300,太阳电缆,0.0014116466
14156,2025-01-27,2048,宁波华翔,0.001409471
14157,2025-01-23,601033,永兴股份,0.0014044344
14158,2025-01-27,603730,岱美股份,0.0014036894
14159,2025-01-23,301293,三博脑科,0.0013980418
14160,2025-01-23,603216,梦天家居,0.0013975352
14161,2025-01-23,600011,华能国际,0.0013938397
14162,2025-01-23,603579,荣泰健康,0.0013813972
14163,2025-01-23,603301,振德医疗,0.0013790578
14164,2025-01-23,300962,中金辐照,0.0013779998
14165,2025-01-24,600801,华新水泥,0.0013766289
14166,2025-01-24,600135,乐凯胶片,0.0013587475
14167,2025-01-24,300373,扬杰科技,0.001351133
14168,2025-01-24,2267,陕天然气,0.0013481379
14169,2025-01-24,688138,清溢光电,0.0013449043
14170,2025-01-23,300978,东箭科技,0.0013423413
14171,2025-01-23,589,贵州轮胎,0.001338318
14172,2025-01-23,688355,明志科技,0.0013359785
14173,2025-01-24,600597,光明乳业,0.0013342798
14174,2025-01-23,601107,四川成渝,0.001332596
14175,2025-01-23,601083,锦江航运,0.0013306588
14176,2025-01-24,301235,华康医疗,0.0013301373
14177,2025-01-23,603893,瑞芯微,0.0013245344
14178,2025-01-27,600817,宇通重工,0.0013202727
14179,2025-01-27,1286,陕西能源,0.0013173223
14180,2025-01-24,601568,北元集团,0.0013167411
14181,2025-01-24,601311,骆驼股份,0.0013146102
14182,2025-01-24,300897,山科智能,0.0013087541
14183,2025-01-24,876,新 希 望,0.0013067573
14184,2025-01-23,603856,东宏股份,0.0013067126
14185,2025-01-27,2465,海格通信,0.0012919009
14186,2025-01-23,600054,黄山旅游,0.001273185
14187,2025-01-24,603000,人民网,0.0012724549
14188,2025-01-27,2268,电科网安,0.0012679845
14189,2025-01-23,2206,海 利 得,0.001260981
14190,2025-01-24,688065,凯赛生物,0.0012539327
14191,2025-01-24,600877,电科芯片,0.0012499541
14192,2025-01-23,605189,富春染织,0.0012444854
14193,2025-01-23,600572,康恩贝,0.0012387335
14194,2025-01-23,603020,爱普股份,0.0012348592
14195,2025-01-24,300019,硅宝科技,0.0012265295
14196,2025-01-24,603035,常熟汽饰,0.0012243986
14197,2025-01-24,600380,健康元,0.0012234151
14198,2025-01-23,2242,九阳股份,0.0012221634
14199,2025-01-23,300532,今天国际,0.0012220144
14200,2025-01-27,688508,芯朋微,0.001212433
14201,2025-01-27,300695,兆丰股份,0.001198113
14202,2025-01-23,605169,洪通燃气,0.0011811852
14203,2025-01-24,603565,中谷物流,0.0011678189
14204,2025-01-23,603992,松霖科技,0.0011665225
14205,2025-01-27,301080,百普赛斯,0.00116238
14206,2025-01-24,605080,浙江自然,0.0011550337
14207,2025-01-23,603811,诚意药业,0.0011546761
14208,2025-01-23,600507,方大特钢,0.0011535436
14209,2025-01-23,688403,汇成股份,0.001148656
14210,2025-01-27,300454,深信服,0.001147911
14211,2025-01-23,930,中粮科技,0.0011465102
14212,2025-01-23,605118,力鼎光电,0.0011440665
14213,2025-01-24,2500,山西证券,0.001143977
14214,2025-01-24,600513,联环药业,0.0011291951
14215,2025-01-23,2519,银河电子,0.0011229068
14216,2025-01-24,600780,通宝能源,0.001122877
14217,2025-01-24,2001,新 和 成,0.0011166483
14218,2025-01-23,601601,中国太保,0.0011084676
14219,2025-01-24,601033,永兴股份,0.0011071861
14220,2025-01-23,600633,浙数文化,0.0010904223
14221,2025-01-23,301468,博盈特焊,0.0010802448
14222,2025-01-24,600056,中国医药,0.0010800809
14223,2025-01-23,2101,广东鸿图,0.0010718554
14224,2025-01-23,1256,炜冈科技,0.0010708421
14225,2025-01-23,2555,三七互娱,0.0010625124
14226,2025-01-23,300643,万通智控,0.0010623932
14227,2025-01-24,600529,山东药玻,0.001061365
14228,2025-01-23,600648,外高桥,0.0010567904
14229,2025-01-27,2296,辉煌科技,0.0010500997
14230,2025-01-24,600742,一汽富维,0.0010329932
14231,2025-01-24,603530,神马电力,0.0010286272
14232,2025-01-24,601231,环旭电子,0.0010270178
14233,2025-01-24,2048,宁波华翔,0.0010221153
14234,2025-01-27,600741,华域汽车,0.0010211766
14235,2025-01-23,600127,金健米业,0.0010110736
14236,2025-01-23,600826,兰生股份,0.0010103285
14237,2025-01-23,2224,三 力 士,0.0010076463
14238,2025-01-23,2937,兴瑞科技,0.0010055304
14239,2025-01-23,601168,西部矿业,0.0010002702
14240,2025-01-24,603595,东尼电子,0.0009806305
14241,2025-01-27,1218,丽臣实业,0.00097601116
14242,2025-01-24,688401,路维光电,0.00097453594
14243,2025-01-24,2206,海 利 得,0.0009651482
14244,2025-01-23,300463,迈克生物,0.0009573847
14245,2025-01-27,600351,亚宝药业,0.00094112754
14246,2025-01-23,400,许继电气,0.00093083084
14247,2025-01-23,2890,弘宇股份,0.0009303689
14248,2025-01-23,2734,利民股份,0.00092992187
14249,2025-01-23,2626,金达威,0.0009227395
14250,2025-01-23,603566,普莱柯,0.0009177774
14251,2025-01-27,2242,九阳股份,0.00090943277
14252,2025-01-23,601339,百隆东方,0.0009073168
14253,2025-01-27,1380,华纬科技,0.000885427
14254,2025-01-24,27,深圳能源,0.0008851886
14255,2025-01-27,2372,伟星新材,0.0008774847
14256,2025-01-23,600529,山东药玻,0.00087471306
14257,2025-01-27,600420,国药现代,0.00087173283
14258,2025-01-23,300021,大禹节水,0.00087088346
14259,2025-01-23,650,仁和药业,0.00086669624
14260,2025-01-23,601717,郑煤机,0.00086419284
14261,2025-01-23,600050,中国联通,0.0008588284
14262,2025-01-27,300558,贝达药业,0.0008517653
14263,2025-01-23,600150,中国船舶,0.0008440316
14264,2025-01-23,2511,中顺洁柔,0.00083296
14265,2025-01-23,301042,安联锐视,0.0008315295
14266,2025-01-24,601168,西部矿业,0.00082087517
14267,2025-01-23,600380,健康元,0.0008172393
14268,2025-01-23,2535,林州重机,0.00081424415
14269,2025-01-24,1213,中铁特货,0.000813514
14270,2025-01-23,603966,法兰泰克,0.00080920756
14271,2025-01-24,600315,上海家化,0.00080658495
14272,2025-01-27,601061,中信金属,0.000802353
14273,2025-01-23,2714,牧原股份,0.0007994622
14274,2025-01-27,603325,博隆技术,0.0007994473
14275,2025-01-24,300628,亿联网络,0.0007982999
14276,2025-01-24,603239,浙江仙通,0.0007943362
14277,2025-01-24,1389,广合科技,0.00079229474
14278,2025-01-23,600235,民丰特纸,0.00079137087
14279,2025-01-23,672,上峰水泥,0.000785619
14280,2025-01-24,700,模塑科技,0.0007853359
14281,2025-01-23,550,江铃汽车,0.000774011
14282,2025-01-24,300907,康平科技,0.00077171624
14283,2025-01-24,2961,瑞达期货,0.000771597
14284,2025-01-27,2508,老板电器,0.0007671714
14285,2025-01-24,688819,天能股份,0.0007671416
14286,2025-01-24,2597,金禾实业,0.00076675415
14287,2025-01-24,600398,海澜之家,0.000758335
14288,2025-01-27,601949,中国出版,0.0007494986
14289,2025-01-23,603866,桃李面包,0.0007454604
14290,2025-01-23,600741,华域汽车,0.0007432848
14291,2025-01-23,300720,海川智能,0.0007351637
14292,2025-01-23,600757,长江传媒,0.00072464347
14293,2025-01-27,600528,中铁工业,0.00072196126
14294,2025-01-24,301109,军信股份,0.00070524216
14295,2025-01-23,600528,中铁工业,0.0007015914
14296,2025-01-27,688566,吉贝尔,0.0006994456
14297,2025-01-23,300816,艾可蓝,0.0006919503
14298,2025-01-27,2734,利民股份,0.00068709254
14299,2025-01-23,301448,开创电气,0.0006837696
14300,2025-01-24,2327,富安娜,0.0006825775
14301,2025-01-23,600829,人民同泰,0.00068216026
14302,2025-01-23,2706,良信股份,0.0006797761
14303,2025-01-23,688334,西高院,0.0006724894
14304,2025-01-23,301395,仁信新材,0.0006531477
14305,2025-01-23,513,丽珠集团,0.0006316304
14306,2025-01-24,600867,通化东宝,0.0005835593
14307,2025-01-24,2030,达安基因,0.00058211386
14308,2025-01-24,603169,兰石重装,0.0005800724
14309,2025-01-23,600057,厦门象屿,0.0005771369
14310,2025-01-23,301225,恒勃股份,0.0005708188
14311,2025-01-23,600511,国药股份,0.000564903
14312,2025-01-24,300514,友讯达,0.0005578995
14313,2025-01-23,600512,腾达建设,0.00055129826
14314,2025-01-24,2916,深南电路,0.0005479604
14315,2025-01-23,688739,成大生物,0.000547722
14316,2025-01-23,2839,张家港行,0.00054334104
14317,2025-01-23,605286,同力日升,0.0005391836
14318,2025-01-23,2967,广电计量,0.0005366206
14319,2025-01-23,301216,万凯新材,0.00053560734
14320,2025-01-23,300950,德固特,0.0005325228
14321,2025-01-27,603566,普莱柯,0.000528723
14322,2025-01-23,605258,协和电子,0.000517115
14323,2025-01-23,2873,新天药业,0.0005146414
14324,2025-01-23,600116,三峡水利,0.0005142838
14325,2025-01-24,300172,中电环保,0.00051277876
14326,2025-01-23,2632,道明光学,0.0005069822
14327,2025-01-24,688469,芯联集成-U,0.00050625205
14328,2025-01-24,600637,东方明珠,0.0005054325
14329,2025-01-24,603128,华贸物流,0.00049841404
14330,2025-01-23,600929,雪天盐业,0.00049577653
14331,2025-01-24,688052,纳芯微,0.0004928857
14332,2025-01-24,1367,海森药业,0.00047416985
14333,2025-01-23,3027,同兴科技,0.0004734844
14334,2025-01-27,600929,雪天盐业,0.00047326088
14335,2025-01-23,2900,哈三联,0.00047156215
14336,2025-01-24,688571,杭华股份,0.0004656911
14337,2025-01-23,601163,三角轮胎,0.00044983625
14338,2025-01-23,601900,南方传媒,0.00044739246
14339,2025-01-23,603325,博隆技术,0.00043286383
14340,2025-01-23,301520,万邦医药,0.0004273206
14341,2025-01-24,603444,吉比特,0.00042304397
14342,2025-01-27,301109,军信股份,0.00042060018
14343,2025-01-27,300012,华测检测,0.00041888654
14344,2025-01-23,688080,映翰通,0.0004144013
14345,2025-01-23,1367,海森药业,0.0004055053
14346,2025-01-23,688102,斯瑞新材,0.00040002167
14347,2025-01-23,300545,联得装备,0.00039987266
14348,2025-01-27,688485,九州一轨,0.00039952993
14349,2025-01-23,2705,新宝股份,0.0003977418
14350,2025-01-23,603161,科华控股,0.00039100647
14351,2025-01-27,600637,东方明珠,0.00038692355
14352,2025-01-23,301353,普莱得,0.00038564205
14353,2025-01-23,2299,圣农发展,0.00035208464
14354,2025-01-24,1202,炬申股份,0.00034232438
14355,2025-01-23,300092,科新机电,0.00033840537
14356,2025-01-24,2517,恺英网络,0.00033186376
14357,2025-01-23,600469,风神股份,0.00032667816
14358,2025-01-27,601169,北京银行,0.00032493472
14359,2025-01-23,688236,春立医疗,0.00032167137
14360,2025-01-24,672,上峰水泥,0.00031763315
14361,2025-01-24,600648,外高桥,0.00031140447
14362,2025-01-23,688146,中船特气,0.00031097233
14363,2025-01-27,2116,中国海诚,0.00031010807
14364,2025-01-23,300910,瑞丰新材,0.00030113757
14365,2025-01-24,550,江铃汽车,0.00029338896
14366,2025-01-23,2233,塔牌集团,0.00028507411
14367,2025-01-23,300304,云意电气,0.00025878847
14368,2025-01-23,688257,新锐股份,0.00025197864
14369,2025-01-23,600502,安徽建工,0.00023530424
14370,2025-01-27,2415,海康威视,0.00023454428
14371,2025-01-23,2758,浙农股份,0.0002272129
14372,2025-01-24,600582,天地科技,0.0002258122
14373,2025-01-23,300642,透景生命,0.00022181869
14374,2025-01-24,300316,晶盛机电,0.00022108853
14375,2025-01-23,2745,木林森,0.00022035837
14376,2025-01-27,791,甘肃能源,0.00021860003
14377,2025-01-24,600821,金开新能,0.00021840632
14378,2025-01-27,603165,荣晟环保,0.00021757185
14379,2025-01-27,157,中联重科,0.0002156198
14380,2025-01-23,603817,海峡环保,0.000211671
14381,2025-01-27,2705,新宝股份,0.00019814074
14382,2025-01-24,603195,公牛集团,0.0001949817
14383,2025-01-23,600926,杭州银行,0.00019283593
14384,2025-01-24,300001,特锐德,0.00019043684
14385,2025-01-27,600955,维远股份,0.00018955767
14386,2025-01-23,928,中钢国际,0.00018052757
14387,2025-01-27,601568,北元集团,0.00017900765
14388,2025-01-24,688484,南芯科技,0.00017745793
14389,2025-01-23,601811,新华文轩,0.00017559528
14390,2025-01-24,600057,厦门象屿,0.00016056001
14391,2025-01-24,600098,广州发展,0.00015313923
14392,2025-01-24,600929,雪天盐业,0.00014737248
14393,2025-01-24,2034,旺能环境,0.00013561547
14394,2025-01-24,2567,唐人神,0.00012433529
14395,2025-01-23,300396,迪瑞医疗,0.00012236834
14396,2025-01-27,603948,建业股份,0.000120058656
14397,2025-01-23,2489,浙江永强,0.000115424395
14398,2025-01-27,3007,直真科技,0.00011476874
14399,2025-01-24,300453,三鑫医疗,0.00010292232
14400,2025-01-23,603289,泰瑞机器,0.00010101497
14401,2025-01-23,603699,纽威股份,8.869171e-05
14402,2025-01-23,688291,金橙子,8.377433e-05
14403,2025-01-27,603128,华贸物流,7.793307e-05
14404,2025-01-24,603328,依顿电子,7.557869e-05
14405,2025-01-23,600195,中牧股份,7.0899725e-05
14406,2025-01-27,603766,隆鑫通用,6.815791e-05
14407,2025-01-23,2380,科远智慧,6.568432e-05
14408,2025-01-24,166,申万宏源,6.122887e-05
14409,2025-01-23,2930,宏川智慧,6.0245395e-05
14410,2025-01-24,605589,圣泉集团,4.784763e-05
14411,2025-01-27,300502,新易盛,4.7191978e-05
14412,2025-01-23,601598,中国外运,2.3186207e-05
14413,2025-01-23,300984,金沃股份,1.1757016e-05
14414,2025-01-27,2091,江苏国泰,1.2367964e-06
14415,2025-01-27,600597,光明乳业,3.5762787e-07
14416,2025-01-27,600158,中体产业,-4.351139e-06
14417,2025-01-24,2100,天康生物,-4.3153763e-05
14418,2025-01-23,600075,新疆天业,-4.3526292e-05
14419,2025-01-23,600597,光明乳业,-5.121529e-05
14420,2025-01-24,600312,平高电气,-6.869435e-05
14421,2025-01-24,601126,四方股份,-8.328259e-05
14422,2025-01-23,603368,柳药集团,-8.496642e-05
14423,2025-01-23,600754,锦江酒店,-8.739531e-05
14424,2025-01-23,601200,上海环境,-9.4130635e-05
14425,2025-01-23,600461,洪城环境,-0.000100016594
14426,2025-01-27,600531,豫光金铅,-0.00010059774
14427,2025-01-23,603611,诺力股份,-0.00010228157
14428,2025-01-24,688661,和林微纳,-0.00010254979
14429,2025-01-24,605286,同力日升,-0.00010421872
14430,2025-01-23,2838,道恩股份,-0.000107347965
14431,2025-01-24,688200,华峰测控,-0.00010997057
14432,2025-01-23,601997,贵阳银行,-0.00011023879
14433,2025-01-24,2978,安宁股份,-0.0001180619
14434,2025-01-23,2901,大博医疗,-0.00012670457
14435,2025-01-24,301200,大族数控,-0.00013104081
14436,2025-01-24,605222,起帆电缆,-0.00013391674
14437,2025-01-23,600073,光明肉业,-0.00013549626
14438,2025-01-24,600507,方大特钢,-0.00013665855
14439,2025-01-23,776,广发证券,-0.00014598668
14440,2025-01-27,603966,法兰泰克,-0.00015798211
14441,2025-01-23,603320,迪贝电气,-0.00015951693
14442,2025-01-23,600428,中远海特,-0.00018663704
14443,2025-01-27,156,华数传媒,-0.0001988709
14444,2025-01-24,603861,白云电器,-0.00020109117
14445,2025-01-24,688235,百济神州-U,-0.0002103895
14446,2025-01-23,876,新 希 望,-0.00022089481
14447,2025-01-24,2273,水晶光电,-0.00022265315
14448,2025-01-27,300172,中电环保,-0.00023372471
14449,2025-01-24,531,穗恒运Ａ,-0.00024148822
14450,2025-01-24,2406,远东传动,-0.00024487078
14451,2025-01-23,600523,贵航股份,-0.00024817884
14452,2025-01-23,600699,均胜电子,-0.00025516748
14453,2025-01-23,301257,普蕊斯,-0.0002682805
14454,2025-01-23,688571,杭华股份,-0.00027354062
14455,2025-01-23,2081,金 螳 螂,-0.00028683245
14456,2025-01-27,2517,恺英网络,-0.00029949844
14457,2025-01-23,2727,一心堂,-0.0003170669
14458,2025-01-24,2430,杭氧股份,-0.00032258034
14459,2025-01-24,2158,汉钟精机,-0.00034092367
14460,2025-01-23,2690,美亚光电,-0.0003491044
14461,2025-01-27,601636,旗滨集团,-0.0003555715
14462,2025-01-23,26,飞亚达,-0.0003579706
14463,2025-01-23,301115,建科股份,-0.00036536157
14464,2025-01-23,2158,汉钟精机,-0.00037704408
14465,2025-01-24,2111,威海广泰,-0.0003797263
14466,2025-01-24,301006,迈拓股份,-0.0003849268
14467,2025-01-23,2955,鸿合科技,-0.00038926303
14468,2025-01-23,300741,华宝股份,-0.00039061904
14469,2025-01-23,2871,伟隆股份,-0.00040017068
14470,2025-01-24,830,鲁西化工,-0.00041125715
14471,2025-01-24,2706,良信股份,-0.00041387975
14472,2025-01-27,30,富奥股份,-0.00043153763
14473,2025-01-24,600033,福建高速,-0.00043433905
14474,2025-01-24,601566,九牧王,-0.000436306
14475,2025-01-23,885,城发环境,-0.00043687224
14476,2025-01-23,411,英特集团,-0.00044319034
14477,2025-01-23,300628,亿联网络,-0.00044342875
14478,2025-01-24,301498,乖宝宠物,-0.00044704974
14479,2025-01-24,603067,振华股份,-0.00046658516
14480,2025-01-23,601128,常熟银行,-0.0004670024
14481,2025-01-27,600585,海螺水泥,-0.00046738982
14482,2025-01-23,688786,悦安新材,-0.00046916306
14483,2025-01-23,605009,豪悦护理,-0.00047045946
14484,2025-01-23,600742,一汽富维,-0.00047203898
14485,2025-01-24,300818,耐普矿机,-0.00048998
14486,2025-01-23,301277,新天地,-0.00049492717
14487,2025-01-24,300455,航天智装,-0.00051149726
14488,2025-01-23,301048,金鹰重工,-0.0005147457
14489,2025-01-24,551,创元科技,-0.00051908195
14490,2025-01-23,688607,康众医疗,-0.00052009523
14491,2025-01-24,300203,聚光科技,-0.0005235225
14492,2025-01-23,1223,欧克科技,-0.0005250275
14493,2025-01-23,2091,江苏国泰,-0.0005262345
14494,2025-01-23,688075,安旭生物,-0.0005364269
14495,2025-01-24,600502,安徽建工,-0.0005418807
14496,2025-01-23,601921,浙版传媒,-0.00054225326
14497,2025-01-23,601949,中国出版,-0.00054605305
14498,2025-01-24,600372,中航机载,-0.0005501956
14499,2025-01-23,300774,倍杰特,-0.0005553067
14500,2025-01-27,2110,三钢闽光,-0.0005591512
14501,2025-01-23,600919,江苏银行,-0.0005649626
14502,2025-01-23,603999,读者传媒,-0.00057142973
14503,2025-01-23,603980,吉华集团,-0.00058709085
14504,2025-01-23,600312,平高电气,-0.0006029308
14505,2025-01-23,1387,雪祺电气,-0.000605613
14506,2025-01-27,600977,中国电影,-0.00063176453
14507,2025-01-23,600582,天地科技,-0.0006376803
14508,2025-01-23,600918,中泰证券,-0.0006379634
14509,2025-01-23,600713,南京医药,-0.0006481409
14510,2025-01-24,301148,嘉戎技术,-0.0006506443
14511,2025-01-27,601311,骆驼股份,-0.0006649345
14512,2025-01-27,600273,嘉化能源,-0.0006650835
14513,2025-01-27,601065,江盐集团,-0.0006683767
14514,2025-01-24,2110,三钢闽光,-0.00068330765
14515,2025-01-24,600004,白云机场,-0.0007214695
14516,2025-01-23,688566,吉贝尔,-0.0007300675
14517,2025-01-23,300453,三鑫医疗,-0.00073191524
14518,2025-01-27,600305,恒顺醋业,-0.00074087083
14519,2025-01-23,603105,芯能科技,-0.00074514747
14520,2025-01-27,600373,中文传媒,-0.0007494241
14521,2025-01-23,913,钱江摩托,-0.0007586032
14522,2025-01-23,2028,思源电气,-0.00076150894
14523,2025-01-24,913,钱江摩托,-0.000768736
14524,2025-01-23,605123,派克新材,-0.0007735342
14525,2025-01-24,950,重药控股,-0.00077848136
14526,2025-01-24,300848,美瑞新材,-0.00078062713
14527,2025-01-27,601877,正泰电器,-0.0007877648
14528,2025-01-23,603,盛达资源,-0.00079360604
14529,2025-01-24,2275,桂林三金,-0.0007943064
14530,2025-01-27,603829,洛凯股份,-0.0007944852
14531,2025-01-23,2790,瑞尔特,-0.0008214265
14532,2025-01-24,688269,凯立新材,-0.0008369386
14533,2025-01-23,2601,龙佰集团,-0.0008401722
14534,2025-01-23,603693,江苏新能,-0.0008407235
14535,2025-01-24,2399,海普瑞,-0.00084130466
14536,2025-01-23,300509,新美星,-0.00085932016
14537,2025-01-24,605008,长鸿高科,-0.0008791387
14538,2025-01-27,600031,三一重工,-0.0008827895
14539,2025-01-23,600694,大商股份,-0.0008851737
14540,2025-01-23,2022,科华生物,-0.00089102983
14541,2025-01-23,301047,义翘神州,-0.0008955747
14542,2025-01-23,688272,富吉瑞,-0.0009058714
14543,2025-01-23,19,深粮控股,-0.00092086196
14544,2025-01-23,2500,山西证券,-0.0009215623
14545,2025-01-23,2863,今飞凯达,-0.0009230226
14546,2025-01-24,301559,中集环科,-0.0009391606
14547,2025-01-27,2727,一心堂,-0.0009429902
14548,2025-01-23,301287,康力源,-0.00096067786
14549,2025-01-23,1368,通达创智,-0.0009623021
14550,2025-01-23,301026,浩通科技,-0.0009634793
14551,2025-01-23,688191,智洋创新,-0.0009652376
14552,2025-01-23,825,太钢不锈,-0.0010011643
14553,2025-01-23,2039,黔源电力,-0.0010104179
14554,2025-01-27,300628,亿联网络,-0.0010109544
14555,2025-01-24,2404,嘉欣丝绸,-0.0010278374
14556,2025-01-23,600761,安徽合力,-0.0010322928
14557,2025-01-27,603195,公牛集团,-0.0010444671
14558,2025-01-23,600395,盘江股份,-0.0010473132
14559,2025-01-24,603296,华勤技术,-0.0010491014
14560,2025-01-24,300308,中际旭创,-0.0010810494
14561,2025-01-23,2732,燕塘乳业,-0.001084134
14562,2025-01-24,581,威孚高科,-0.0010890514
14563,2025-01-24,601006,大秦铁路,-0.0010900795
14564,2025-01-23,601919,中远海控,-0.0010928959
14565,2025-01-23,2057,中钢天源,-0.0010969043
14566,2025-01-23,601177,杭齿前进,-0.0011001229
14567,2025-01-23,600508,上海能源,-0.001107499
14568,2025-01-23,603390,通达电气,-0.0011094958
14569,2025-01-24,39,中集集团,-0.0011163503
14570,2025-01-23,600182,S佳通,-0.0011167079
14571,2025-01-23,688121,卓然股份,-0.0011446327
14572,2025-01-23,601600,中国铝业,-0.0011550486
14573,2025-01-23,603987,康德莱,-0.001160562
14574,2025-01-27,2539,云图控股,-0.0011658967
14575,2025-01-24,2299,圣农发展,-0.0011667609
14576,2025-01-23,603373,安邦护卫,-0.0011694282
14577,2025-01-24,2083,孚日股份,-0.0011829734
14578,2025-01-23,605500,森林包装,-0.0011838675
14579,2025-01-23,301003,江苏博云,-0.0012024492
14580,2025-01-24,601901,方正证券,-0.0012034029
14581,2025-01-23,1227,兰州银行,-0.0012102872
14582,2025-01-27,688314,康拓医疗,-0.0012212396
14583,2025-01-24,600645,中源协和,-0.0012362003
14584,2025-01-24,301059,金三江,-0.0012368858
14585,2025-01-23,600262,北方股份,-0.0012544692
14586,2025-01-23,688617,惠泰医疗,-0.0012677759
14587,2025-01-23,300596,利安隆,-0.0012696534
14588,2025-01-23,601566,九牧王,-0.0012697428
14589,2025-01-24,2318,久立特材,-0.0012773573
14590,2025-01-24,726,鲁  泰Ａ,-0.0012834817
14591,2025-01-27,601958,金钼股份,-0.0012925565
14592,2025-01-24,1332,锡装股份,-0.0013180077
14593,2025-01-23,2327,富安娜,-0.0013315231
14594,2025-01-27,600116,三峡水利,-0.0013349354
14595,2025-01-24,603306,华懋科技,-0.001343891
14596,2025-01-23,600125,铁龙物流,-0.0013457388
14597,2025-01-27,603187,海容冷链,-0.0013503283
14598,2025-01-24,2448,中原内配,-0.001356706
14599,2025-01-24,2381,双箭股份,-0.0013619959
14600,2025-01-23,603919,金徽酒,-0.001363039
14601,2025-01-27,600177,雅戈尔,-0.001367867
14602,2025-01-27,600582,天地科技,-0.0013721883
14603,2025-01-23,603367,辰欣药业,-0.0013760328
14604,2025-01-21,688720,艾森股份,-0.0013813078
14605,2025-01-24,603989,艾华集团,-0.0014165938
14606,2025-01-24,603886,元祖股份,-0.0014271289
14607,2025-01-27,300770,新媒股份,-0.0014603585
14608,2025-01-27,600409,三友化工,-0.001461193
14609,2025-01-24,600409,三友化工,-0.0014661998
14610,2025-01-23,2736,国信证券,-0.0014756918
14611,2025-01-23,600916,中国黄金,-0.0014836937
14612,2025-01-24,600143,金发科技,-0.0014873594
14613,2025-01-23,1338,永顺泰,-0.0014882982
14614,2025-01-23,603607,京华激光,-0.0014919788
14615,2025-01-27,2206,海 利 得,-0.0015125424
14616,2025-01-24,544,中原环保,-0.001515761
14617,2025-01-23,2889,东方嘉盛,-0.0015169531
14618,2025-01-24,600323,瀚蓝环境,-0.0015212893
14619,2025-01-23,300864,南大环境,-0.0015388727
14620,2025-01-24,301387,光大同创,-0.0015436858
14621,2025-01-23,688359,三孚新科,-0.0015688986
14622,2025-01-24,2522,浙江众成,-0.0015713423
14623,2025-01-27,603568,伟明环保,-0.0015817732
14624,2025-01-23,600261,阳光照明,-0.0015925169
14625,2025-01-27,600897,厦门空港,-0.0015983135
14626,2025-01-23,2462,嘉事堂,-0.0016010702
14627,2025-01-27,2100,天康生物,-0.0016070604
14628,2025-01-23,2448,中原内配,-0.0016071796
14629,2025-01-23,30,富奥股份,-0.0016153008
14630,2025-01-24,601677,明泰铝业,-0.0016460717
14631,2025-01-23,603150,万朗磁塑,-0.0016486347
14632,2025-01-24,600761,安徽合力,-0.0016612858
14633,2025-01-23,603788,宁波高发,-0.0016711056
14634,2025-01-23,601528,瑞丰银行,-0.0016787648
14635,2025-01-23,906,浙商中拓,-0.0016801655
14636,2025-01-27,605599,菜百股份,-0.0016992986
14637,2025-01-23,1226,拓山重工,-0.0017016977
14638,2025-01-23,2304,洋河股份,-0.0017136484
14639,2025-01-24,60,中金岭南,-0.0017168373
14640,2025-01-23,1286,陕西能源,-0.0017187893
14641,2025-01-23,300611,美力科技,-0.0017233342
14642,2025-01-23,300566,激智科技,-0.001742363
14643,2025-01-23,605167,利柏特,-0.0017550141
14644,2025-01-23,600444,国机通用,-0.0017796308
14645,2025-01-23,2034,旺能环境,-0.0017823726
14646,2025-01-27,2430,杭氧股份,-0.0017864555
14647,2025-01-23,601989,中国重工,-0.0017886907
14648,2025-01-24,688018,乐鑫科技,-0.0017991364
14649,2025-01-27,601019,山东出版,-0.0018010587
14650,2025-01-23,601065,江盐集团,-0.0018042177
14651,2025-01-23,2204,大连重工,-0.0018391609
14652,2025-01-27,2083,孚日股份,-0.0018402636
14653,2025-01-23,600644,乐山电力,-0.0018490851
14654,2025-01-24,301260,格力博,-0.0018686801
14655,2025-01-24,600897,厦门空港,-0.0018781424
14656,2025-01-23,600927,永安期货,-0.0018918216
14657,2025-01-23,2969,嘉美包装,-0.0019056499
14658,2025-01-27,2014,永新股份,-0.0019161254
14659,2025-01-24,2690,美亚光电,-0.0019167364
14660,2025-01-23,2957,科瑞技术,-0.0019907504
14661,2025-01-23,603730,岱美股份,-0.0019935519
14662,2025-01-24,2986,宇新股份,-0.0020149052
14663,2025-01-23,2492,恒基达鑫,-0.002017215
14664,2025-01-24,601038,一拖股份,-0.0020207763
14665,2025-01-24,2226,江南化工,-0.0020225793
14666,2025-01-27,600395,盘江股份,-0.0020343363
14667,2025-01-24,2701,奥瑞金,-0.002072364
14668,2025-01-23,2083,孚日股份,-0.002079606
14669,2025-01-24,605005,合兴股份,-0.002099231
14670,2025-01-23,300823,建科智能,-0.002109304
14671,2025-01-23,300206,理邦仪器,-0.002119869
14672,2025-01-27,600037,歌华有线,-0.0021205842
14673,2025-01-23,688393,安必平,-0.0021328777
14674,2025-01-23,600004,白云机场,-0.002136305
14675,2025-01-23,603393,新天然气,-0.002140686
14676,2025-01-27,601566,九牧王,-0.0021532923
14677,2025-01-24,603187,海容冷链,-0.0021950454
14678,2025-01-27,600926,杭州银行,-0.0022051185
14679,2025-01-23,719,中原传媒,-0.0022064
14680,2025-01-23,600901,江苏金租,-0.0022076368
14681,2025-01-23,600033,福建高速,-0.0022211075
14682,2025-01-27,902,新洋丰,-0.0022583902
14683,2025-01-23,2394,联发股份,-0.0022776872
14684,2025-01-23,600585,海螺水泥,-0.0022887886
14685,2025-01-23,688188,柏楚电子,-0.0022936463
14686,2025-01-23,2406,远东传动,-0.002302304
14687,2025-01-23,300815,玉禾田,-0.0023084134
14688,2025-01-27,603035,常熟汽饰,-0.0023124367
14689,2025-01-23,600801,华新水泥,-0.0023157448
14690,2025-01-24,603150,万朗磁塑,-0.0023459047
14691,2025-01-23,2880,卫光生物,-0.0023515522
14692,2025-01-27,600681,百川能源,-0.002361387
14693,2025-01-23,603125,常青科技,-0.0023668855
14694,2025-01-23,301185,鸥玛软件,-0.0023763627
14695,2025-01-24,2185,华天科技,-0.0023999512
14696,2025-01-27,600054,黄山旅游,-0.0024259835
14697,2025-01-24,2091,江苏国泰,-0.0024400502
14698,2025-01-23,300039,上海凯宝,-0.0024428219
14699,2025-01-23,2097,山河智能,-0.0024482757
14700,2025-01-23,2701,奥瑞金,-0.0024698526
14701,2025-01-27,2028,思源电气,-0.002475217
14702,2025-01-23,3023,彩虹集团,-0.0024828613
14703,2025-01-24,2539,云图控股,-0.0024864972
14704,2025-01-23,603888,新华网,-0.0024990886
14705,2025-01-23,605368,蓝天燃气,-0.0025002807
14706,2025-01-23,507,珠海港,-0.0025043488
14707,2025-01-27,830,鲁西化工,-0.0025227815
14708,2025-01-24,404,长虹华意,-0.0025250018
14709,2025-01-23,300439,美康生物,-0.0025258064
14710,2025-01-23,600098,广州发展,-0.0025298446
14711,2025-01-24,600284,浦东建设,-0.0025476366
14712,2025-01-24,2252,上海莱士,-0.0025660396
14713,2025-01-24,930,中粮科技,-0.0025855005
14714,2025-01-27,2275,桂林三金,-0.0026010275
14715,2025-01-24,2254,泰和新材,-0.0026031584
14716,2025-01-23,1213,中铁特货,-0.0026037842
14717,2025-01-23,603823,百合花,-0.002611652
14718,2025-01-23,2100,天康生物,-0.0026399642
14719,2025-01-27,600888,新疆众和,-0.0026590228
14720,2025-01-23,2788,鹭燕医药,-0.0026623309
14721,2025-01-24,601061,中信金属,-0.0026753843
14722,2025-01-24,600475,华光环能,-0.00268583
14723,2025-01-23,3012,东鹏控股,-0.0026878268
14724,2025-01-24,300741,华宝股份,-0.002688393
14725,2025-01-23,603230,内蒙新华,-0.0027213693
14726,2025-01-24,300789,唐源电气,-0.0027583241
14727,2025-01-23,166,申万宏源,-0.0027647614
14728,2025-01-23,2468,申通快递,-0.0027693957
14729,2025-01-23,688269,凯立新材,-0.002803728
14730,2025-01-23,600888,新疆众和,-0.0028194636
14731,2025-01-24,603890,春秋电子,-0.002827242
14732,2025-01-24,600273,嘉化能源,-0.0028339922
14733,2025-01-27,603000,人民网,-0.0028595924
14734,2025-01-27,603228,景旺电子,-0.0028938204
14735,2025-01-27,513,丽珠集团,-0.0029408038
14736,2025-01-27,600362,江西铜业,-0.0029872656
14737,2025-01-23,603967,中创物流,-0.0029880553
14738,2025-01-27,603888,新华网,-0.0029913783
14739,2025-01-24,300515,三德科技,-0.0030401647
14740,2025-01-27,603822,嘉澳环保,-0.003118813
14741,2025-01-24,823,超声电子,-0.0031451732
14742,2025-01-27,2462,嘉事堂,-0.0031473935
14743,2025-01-23,600320,振华重工,-0.0031616092
14744,2025-01-27,688065,凯赛生物,-0.0031679124
14745,2025-01-24,600585,海螺水泥,-0.003184259
14746,2025-01-23,2627,三峡旅游,-0.0031855851
14747,2025-01-27,603556,海兴电力,-0.0032275915
14748,2025-01-24,601598,中国外运,-0.003278032
14749,2025-01-23,300306,远方信息,-0.003283739
14750,2025-01-27,603150,万朗磁塑,-0.0032931864
14751,2025-01-24,688531,日联科技,-0.0032982826
14752,2025-01-23,688581,安杰思,-0.0033157766
14753,2025-01-23,605005,合兴股份,-0.003322497
14754,2025-01-23,3039,顺控发展,-0.0033420175
14755,2025-01-23,2367,康力电梯,-0.0033702403
14756,2025-01-24,600395,盘江股份,-0.0033703297
14757,2025-01-27,601222,林洋能源,-0.0033845752
14758,2025-01-23,2939,长城证券,-0.003399089
14759,2025-01-23,300632,光莆股份,-0.0034041405
14760,2025-01-23,301006,迈拓股份,-0.003421113
14761,2025-01-27,600755,厦门国贸,-0.0034280568
14762,2025-01-23,2267,陕天然气,-0.0034345835
14763,2025-01-23,2443,金洲管道,-0.0034423172
14764,2025-01-23,301053,远信工业,-0.0034525096
14765,2025-01-24,600528,中铁工业,-0.003453955
14766,2025-01-23,600817,宇通重工,-0.0034543723
14767,2025-01-24,601133,柏诚股份,-0.0034763068
14768,2025-01-23,783,长江证券,-0.0035061836
14769,2025-01-24,1333,光华股份,-0.0035125911
14770,2025-01-23,603829,洛凯股份,-0.0035517812
14771,2025-01-24,600888,新疆众和,-0.0035703927
14772,2025-01-23,603056,德邦股份,-0.0036095083
14773,2025-01-24,728,国元证券,-0.003666997
14774,2025-01-23,919,金陵药业,-0.0036718696
14775,2025-01-23,601990,南京证券,-0.0036752373
14776,2025-01-23,603381,永臻股份,-0.0036794841
14777,2025-01-23,601518,吉林高速,-0.0037010163
14778,2025-01-24,300547,川环科技,-0.003702432
14779,2025-01-23,600273,嘉化能源,-0.003730297
14780,2025-01-27,601598,中国外运,-0.0037594885
14781,2025-01-24,605066,天正电气,-0.003764525
14782,2025-01-24,300814,中富电路,-0.0037744343
14783,2025-01-24,688255,凯尔达,-0.0037849545
14784,2025-01-23,2810,山东赫达,-0.0038086623
14785,2025-01-23,603136,天目湖,-0.003811404
14786,2025-01-24,603275,众辰科技,-0.0038156211
14787,2025-01-23,600283,钱江水利,-0.0038307607
14788,2025-01-23,539,粤电力Ａ,-0.003863737
14789,2025-01-23,600351,亚宝药业,-0.0038817525
14790,2025-01-23,598,兴蓉环境,-0.0038871467
14791,2025-01-27,300804,广康生化,-0.0038895458
14792,2025-01-23,300770,新媒股份,-0.003928557
14793,2025-01-24,600755,厦门国贸,-0.003929749
14794,2025-01-24,300847,中船汉光,-0.003942877
14795,2025-01-24,1338,永顺泰,-0.003984183
14796,2025-01-23,603187,海容冷链,-0.003987685
14797,2025-01-24,600955,维远股份,-0.003988385
14798,2025-01-23,600637,东方明珠,-0.0039972514
14799,2025-01-23,600056,中国医药,-0.0040225387
14800,2025-01-23,603169,兰石重装,-0.0040304065
14801,2025-01-24,2732,燕塘乳业,-0.0040404797
14802,2025-01-24,636,风华高科,-0.00405024
14803,2025-01-24,2722,物产金轮,-0.004097581
14804,2025-01-23,600135,乐凯胶片,-0.004105836
14805,2025-01-27,600060,海信视像,-0.004114419
14806,2025-01-27,688029,南微医学,-0.0041155815
14807,2025-01-23,300584,海辰药业,-0.0041223466
14808,2025-01-23,301559,中集环科,-0.004148379
14809,2025-01-24,601163,三角轮胎,-0.0041609854
14810,2025-01-23,2478,常宝股份,-0.0041701645
14811,2025-01-23,600020,中原高速,-0.0041933954
14812,2025-01-24,513,丽珠集团,-0.0042313933
14813,2025-01-23,3008,开普检测,-0.004251942
14814,2025-01-23,2345,潮宏基,-0.0042779893
14815,2025-01-23,601311,骆驼股份,-0.004336968
14816,2025-01-23,1206,依依股份,-0.00435549
14817,2025-01-23,1203,大中矿业,-0.0043649375
14818,2025-01-27,601098,中南传媒,-0.0043694377
14819,2025-01-27,532,华金资本,-0.004392579
14820,2025-01-24,300476,胜宏科技,-0.0044404417
14821,2025-01-23,300907,康平科技,-0.0045000464
14822,2025-01-23,603115,海星股份,-0.0045077205
14823,2025-01-24,301042,安联锐视,-0.0045175403
14824,2025-01-23,600655,豫园股份,-0.0045238733
14825,2025-01-23,600780,通宝能源,-0.004571095
14826,2025-01-23,603017,中衡设计,-0.004627511
14827,2025-01-24,601222,林洋能源,-0.0046567023
14828,2025-01-23,601061,中信金属,-0.004765764
14829,2025-01-23,2722,物产金轮,-0.0047844797
14830,2025-01-23,902,新洋丰,-0.004821971
14831,2025-01-23,544,中原环保,-0.0048656613
14832,2025-01-23,301097,天益医疗,-0.004870519
14833,2025-01-23,600143,金发科技,-0.0049019754
14834,2025-01-24,601019,山东出版,-0.004903704
14835,2025-01-23,600755,厦门国贸,-0.004923582
14836,2025-01-23,2030,达安基因,-0.00495632
14837,2025-01-23,301260,格力博,-0.004957795
14838,2025-01-27,601577,长沙银行,-0.0050074607
14839,2025-01-27,601811,新华文轩,-0.0050080866
14840,2025-01-24,603811,诚意药业,-0.0050099045
14841,2025-01-24,2932,明德生物,-0.005012423
14842,2025-01-23,2980,华盛昌,-0.0051032156
14843,2025-01-27,2932,明德生物,-0.0051627606
14844,2025-01-27,603967,中创物流,-0.005176261
14845,2025-01-24,902,新洋丰,-0.0051822513
14846,2025-01-27,3008,开普检测,-0.0052145272
14847,2025-01-27,600120,浙江东方,-0.005235806
14848,2025-01-23,600426,华鲁恒升,-0.0052494854
14849,2025-01-24,733,振华科技,-0.0052642524
14850,2025-01-23,600475,华光环能,-0.0052675754
14851,2025-01-23,605599,菜百股份,-0.005372122
14852,2025-01-23,88,盐 田 港,-0.0054320246
14853,2025-01-23,600284,浦东建设,-0.005455017
14854,2025-01-23,27,深圳能源,-0.005476266
14855,2025-01-23,300847,中船汉光,-0.005518645
14856,2025-01-23,726,鲁  泰Ａ,-0.0055661052
14857,2025-01-24,791,甘肃能源,-0.0055662543
14858,2025-01-23,600416,湘电股份,-0.005573824
14859,2025-01-24,605116,奥锐特,-0.0056283027
14860,2025-01-24,603056,德邦股份,-0.005628437
14861,2025-01-23,581,威孚高科,-0.005647078
14862,2025-01-23,600035,楚天高速,-0.0056507736
14863,2025-01-23,157,中联重科,-0.005897373
14864,2025-01-23,601199,江南水务,-0.005908355
14865,2025-01-23,300926,博俊科技,-0.006036252
14866,2025-01-27,789,万年青,-0.0060723275
14867,2025-01-23,601006,大秦铁路,-0.0060823113
14868,2025-01-23,301148,嘉戎技术,-0.006101638
14869,2025-01-23,603000,人民网,-0.006192252
14870,2025-01-23,39,中集集团,-0.0061974823
14871,2025-01-23,2381,双箭股份,-0.006239012
14872,2025-01-23,601686,友发集团,-0.0064032376
14873,2025-01-23,601609,金田股份,-0.006411046
14874,2025-01-23,605008,长鸿高科,-0.0065219104
14875,2025-01-24,300984,金沃股份,-0.0065281987
14876,2025-01-23,603013,亚普股份,-0.006529346
14877,2025-01-23,301131,聚赛龙,-0.006530255
14878,2025-01-24,600699,均胜电子,-0.006559968
14879,2025-01-23,601952,苏垦农发,-0.0066699088
14880,2025-01-23,2040,南 京 港,-0.006689772
14881,2025-01-24,2580,圣阳股份,-0.0067876875
14882,2025-01-24,300926,博俊科技,-0.00680843
14883,2025-01-23,2252,上海莱士,-0.0069379658
14884,2025-01-24,603948,建业股份,-0.0069951415
14885,2025-01-24,603568,伟明环保,-0.007038042
14886,2025-01-23,2014,永新股份,-0.0071127564
14887,2025-01-23,1333,光华股份,-0.0071537197
14888,2025-01-24,603236,移远通信,-0.007162109
14889,2025-01-23,791,甘肃能源,-0.007166624
14890,2025-01-23,600955,维远股份,-0.0071680695
14891,2025-01-23,1260,坤泰股份,-0.007358372
14892,2025-01-23,688459,哈铁科技,-0.00765869
14893,2025-01-27,301291,明阳电气,-0.0076825023
14894,2025-01-24,688508,芯朋微,-0.0077048093
14895,2025-01-23,300789,唐源电气,-0.0077568293
14896,2025-01-23,300172,中电环保,-0.007874414
14897,2025-01-23,603053,成都燃气,-0.0079660565
14898,2025-01-24,2745,木林森,-0.007976219
14899,2025-01-23,688278,特宝生物,-0.008055717
14900,2025-01-23,728,国元证券,-0.008092269
14901,2025-01-23,603886,元祖股份,-0.008098528
14902,2025-01-23,1872,招商港口,-0.008101106
14903,2025-01-24,2322,理工能科,-0.008269563
14904,2025-01-23,301109,军信股份,-0.00832434
14905,2025-01-24,688100,威胜信息,-0.008464187
14906,2025-01-24,2014,永新股份,-0.00850381
14907,2025-01-23,685,中山公用,-0.008709863
14908,2025-01-27,605277,新亚电子,-0.008756608
14909,2025-01-24,603325,博隆技术,-0.0087656975
14910,2025-01-24,301291,明阳电气,-0.009165823
14911,2025-01-23,603128,华贸物流,-0.009480402
14912,2025-01-23,601038,一拖股份,-0.009571061
14913,2025-01-23,1202,炬申股份,-0.009747282
14914,2025-01-23,2393,力生制药,-0.009905398
14915,2025-01-27,601163,三角轮胎,-0.010137811
14916,2025-01-24,2967,广电计量,-0.010168165
14917,2025-01-23,404,长虹华意,-0.010301799
14918,2025-01-27,600300,维维股份,-0.0104074925
14919,2025-01-24,688278,特宝生物,-0.01055716
14920,2025-01-27,2322,理工能科,-0.011130869
14921,2025-01-24,603228,景旺电子,-0.011780411
14922,2025-01-24,300394,天孚通信,-0.012173727
14923,2025-01-27,1333,光华股份,-0.013523921
14924,2025-01-27,600507,方大特钢,-0.013692856
14925,2025-01-23,601158,重庆水务,-0.013747096
14926,2025-01-23,2322,理工能科,-0.014133692
14927,2025-01-23,2932,明德生物,-0.0144957155
14928,2025-01-23,603948,建业股份,-0.014788404
14929,2025-01-23,3030,祖名股份,-0.015234843
14930,2025-01-23,3033,征和工业,-0.01627715
14931,2025-01-24,300502,新易盛,-0.017787725
14932,2025-01-27,3005,竞业达,-0.018908218
14933,2025-01-24,2398,垒知集团,-0.019283593
14934,2025-01-23,603286,日盈电子,-0.020597786
14935,2025-01-23,2730,电光科技,-0.020983383
14936,2025-01-24,605398,新炬网络,-0.022348389
14937,2025-01-24,3030,祖名股份,-0.024884924
14938,2025-01-23,605277,新亚电子,-0.025346383
14939,2025-01-27,2881,美格智能,-0.025777727
14940,2025-01-23,586,汇源通信,-0.029792815
14941,2025-01-27,300766,每日互动,-0.031182006
14942,2025-01-27,605398,新炬网络,-0.034384727
14943,2025-01-23,603928,兴业股份,-0.03931275
14944,2025-01-24,603928,兴业股份,-0.050103843
14945,2025-01-24,2691,冀凯股份,-0.064786285
14946,2025-01-24,2730,电光科技,-0.07503834
