,Datetime,code,name,bankuai,expext
0,2025-01-27,SZ.ZB_000856,冀东装备,专用设备,20.208817
1,2025-01-24,SH.KC_688143,长盈通,电子元件,20.20268
2,2025-01-27,SH.KC_300634,彩讯股份,互联网服务,18.317722
3,2025-01-24,SH.KC_301397,溯联股份,汽车零部件,16.881674
4,2025-01-14,SH.KC_300307,慈星股份,专用设备,16.715952
5,2025-01-27,SH.ZB_603398,沐邦高科,光伏设备,16.675459
6,2025-01-27,SZ.ZB_000668,荣丰控股,房地产开发,16.182394
7,2025-01-27,SH.KC_300344,立方数科,软件开发,16.0639
8,2025-01-24,SH.KC_688590,新致软件,软件开发,15.840631
9,2025-01-24,SH.KC_301248,杰创智能,软件开发,15.713678
10,2025-01-27,SH.KC_301512,智信精密,专用设备,15.416191
11,2025-01-27,SH.KC_300654,世纪天鸿,文化传媒,15.354593
12,2025-01-24,SH.KC_300378,鼎捷数智,软件开发,15.303882
13,2025-01-24,SH.KC_300688,创业黑马,教育,15.233393
14,2025-01-27,SH.KC_301248,杰创智能,软件开发,15.035905
15,2025-01-24,SH.KC_688228,开普云,互联网服务,14.886997
16,2025-01-27,SH.ZB_600539,狮头股份,环保行业,14.856915
17,2025-01-27,SZ.ZB_002691,冀凯股份,专用设备,14.809431
18,2025-01-24,SH.KC_300654,世纪天鸿,文化传媒,14.755808
19,2025-01-24,SH.KC_688031,星环科技-U,软件开发,14.627041
20,2025-01-27,SH.KC_300996,普联软件,软件开发,14.505823
21,2025-01-24,SH.ZB_603211,晋拓股份,汽车零部件,14.335563
22,2025-01-27,SH.ZB_603777,来伊份,食品饮料,14.243741
23,2025-01-24,SH.ZB_603286,日盈电子,汽车零部件,14.20993
24,2025-01-24,SH.KC_688229,博睿数据,互联网服务,14.140148
25,2025-01-24,SH.KC_300170,汉得信息,互联网服务,14.065014
26,2025-01-24,SH.KC_688290,景业智能,专用设备,13.995175
27,2025-01-24,SH.KC_300250,初灵信息,互联网服务,13.873466
28,2025-01-13,SH.KC_300307,慈星股份,专用设备,13.824884
29,2025-01-24,SH.KC_300634,彩讯股份,互联网服务,13.652275
30,2025-01-24,SH.KC_688333,铂力特,通用设备,13.579451
31,2025-01-24,SH.KC_300840,酷特智能,纺织服装,13.505779
32,2025-01-24,SH.KC_300608,思特奇,软件开发,13.472096
33,2025-01-27,SH.KC_688620,安凯微,半导体,13.470699
34,2025-01-27,SZ.ZB_000759,中百集团,商业百货,13.416614
35,2025-01-24,SH.KC_300496,中科创达,互联网服务,13.383372
36,2025-01-24,SH.ZB_600539,狮头股份,环保行业,13.307808
37,2025-01-27,SZ.ZB_002496,辉丰股份,农药兽药,13.258801
38,2025-01-27,SH.KC_301356,天振股份,塑料制品,12.994801
39,2025-01-24,SZ.ZB_002122,汇洲智能,通用设备,12.918188
40,2025-01-27,SH.ZB_600128,苏豪弘业,贸易行业,12.89985
41,2025-01-27,SH.KC_300857,协创数据,消费电子,12.7854185
42,2025-01-27,SH.ZB_600892,大晟文化,游戏,12.750508
43,2025-01-27,SH.ZB_603261,立航科技,航天航空,12.714277
44,2025-01-24,SZ.ZB_003033,征和工业,汽车零部件,12.713824
45,2025-01-27,SZ.ZB_000691,亚太实业,化学制品,12.562468
46,2025-01-27,SZ.ZB_001270,铖昌科技,半导体,12.4008255
47,2025-01-24,SH.ZB_605033,美邦股份,农药兽药,12.3756485
48,2025-01-27,SH.KC_300608,思特奇,软件开发,12.306542
49,2025-01-27,SH.ZB_605018,长华集团,汽车零部件,12.237363
50,2025-01-24,SH.KC_688313,仕佳光子,通信设备,12.2140665
51,2025-01-24,SH.KC_301396,宏景科技,互联网服务,12.062075
52,2025-01-24,SH.KC_300017,网宿科技,互联网服务,12.040712
53,2025-01-27,SH.KC_300840,酷特智能,纺织服装,11.939327
54,2025-01-27,SH.KC_300902,国安达,专用设备,11.910687
55,2025-01-24,SH.KC_688326,经纬恒润-W,汽车零部件,11.745919
56,2025-01-27,SZ.ZB_002529,海源复材,专用设备,11.70613
57,2025-01-27,SH.KC_300652,雷迪克,汽车零部件,11.670075
58,2025-01-27,SH.KC_688143,长盈通,电子元件,11.66351
59,2025-01-27,SH.KC_300159,新研股份,航天航空,11.6572695
60,2025-01-27,SH.ZB_600076,康欣新材,装修建材,11.619608
61,2025-01-24,SH.KC_300465,高伟达,软件开发,11.613612
62,2025-01-27,SZ.ZB_000016,深康佳Ａ,家电行业,11.603327
63,2025-01-24,SZ.ZB_001270,铖昌科技,半导体,11.539413
64,2025-01-27,SZ.ZB_002122,汇洲智能,通用设备,11.493177
65,2025-01-24,SH.ZB_603777,来伊份,食品饮料,11.489023
66,2025-01-24,SH.ZB_605069,正和生态,环保行业,11.481001
67,2025-01-24,SZ.ZB_001282,三联锻造,汽车零部件,11.46446
68,2025-01-27,SZ.ZB_000890,法尔胜,通用设备,11.453225
69,2025-01-24,SH.ZB_603687,大胜达,包装材料,11.447559
70,2025-01-27,SZ.ZB_002816,和科达,专用设备,11.416121
71,2025-01-24,SZ.ZB_000681,视觉中国,文化传媒,11.37857
72,2025-01-27,SH.KC_300055,万邦达,环保行业,11.283832
73,2025-01-27,SH.ZB_600243,青海华鼎,通用设备,11.247574
74,2025-01-24,SZ.ZB_000016,深康佳Ａ,家电行业,11.230339
75,2025-01-27,SZ.ZB_002418,康盛股份,家电行业,11.228911
76,2025-01-24,SH.ZB_600243,青海华鼎,通用设备,11.215375
77,2025-01-24,SH.ZB_600238,海南椰岛,酿酒行业,11.15063
78,2025-01-27,SH.KC_688229,博睿数据,互联网服务,11.08443
79,2025-01-27,SH.KC_688426,康为世纪,生物制品,11.067753
80,2025-01-27,SZ.ZB_002253,川大智胜,软件开发,11.055295
81,2025-01-24,SZ.ZB_000856,冀东装备,专用设备,11.043628
82,2025-01-27,SH.ZB_600130,波导股份,消费电子,11.036839
83,2025-01-24,SH.KC_300822,贝仕达克,消费电子,11.032011
84,2025-01-24,SH.KC_688400,凌云光,专用设备,11.017113
85,2025-01-24,SH.KC_300624,万兴科技,软件开发,11.006625
86,2025-01-24,SZ.ZB_002853,皮阿诺,装修建材,10.942597
87,2025-01-27,SH.ZB_605033,美邦股份,农药兽药,10.900648
88,2025-01-24,SZ.ZB_002861,瀛通通讯,消费电子,10.875581
89,2025-01-27,SH.ZB_600191,华资实业,农牧饲渔,10.861276
90,2025-01-24,SH.KC_688327,云从科技-UW,软件开发,10.820074
91,2025-01-24,SZ.ZB_000573,粤宏远Ａ,房地产开发,10.775473
92,2025-01-27,SZ.ZB_002667,威领股份,能源金属,10.771201
93,2025-01-24,SZ.ZB_000882,华联股份,商业百货,10.754405
94,2025-01-24,SH.KC_300785,值得买,互联网服务,10.729669
95,2025-01-27,SH.KC_300222,科大智能,电网设备,10.727448
96,2025-01-27,SH.ZB_603928,兴业股份,塑料制品,10.675059
97,2025-01-24,SZ.ZB_002816,和科达,专用设备,10.619302
98,2025-01-24,SZ.ZB_000691,亚太实业,化学制品,10.61203
99,2025-01-24,SH.ZB_603665,康隆达,纺织服装,10.591377
100,2025-01-24,SH.ZB_603666,亿嘉和,专用设备,10.54409
101,2025-01-27,SH.ZB_600228,返利科技,互联网服务,10.541274
102,2025-01-27,SH.ZB_600734,实达集团,通信设备,10.524403
103,2025-01-27,SH.KC_300249,依米康,软件开发,10.516228
104,2025-01-24,SH.ZB_600128,苏豪弘业,贸易行业,10.487451
105,2025-01-24,SH.ZB_603667,五洲新春,通用设备,10.413406
106,2025-01-24,SZ.ZB_000759,中百集团,商业百货,10.40314
107,2025-01-27,SZ.ZB_002789,建艺集团,装修装饰,10.346
108,2025-01-24,SZ.ZB_002529,海源复材,专用设备,10.345207
109,2025-01-27,SH.ZB_603068,博通集成,半导体,10.265191
110,2025-01-27,SH.ZB_600052,东望时代,公用事业,10.232161
111,2025-01-27,SZ.ZB_000816,智慧农业,通用设备,10.202424
112,2025-01-24,SH.KC_688429,时创能源,光伏设备,10.129027
113,2025-01-27,SZ.ZB_000573,粤宏远Ａ,房地产开发,10.122607
114,2025-01-24,SZ.ZB_002896,中大力德,通用设备,10.121499
115,2025-01-24,SH.KC_301205,联特科技,光学光电子,10.108988
116,2025-01-24,SZ.ZB_000736,中交地产,房地产开发,10.10022
117,2025-01-24,SH.KC_301220,亚香股份,化学制品,10.083101
118,2025-01-24,SH.ZB_600130,波导股份,消费电子,10.081191
119,2025-01-27,SH.ZB_603729,龙韵股份,文化传媒,10.021017
120,2025-01-27,SZ.ZB_002265,建设工业,汽车零部件,10.007091
121,2025-01-24,SH.ZB_600734,实达集团,通信设备,9.949093
122,2025-01-27,SH.KC_301286,侨源股份,化学原料,9.927599
123,2025-01-24,SH.KC_300159,新研股份,航天航空,9.9231825
124,2025-01-24,SH.KC_688225,亚信安全,软件开发,9.9061775
125,2025-01-24,SH.KC_300248,新开普,互联网服务,9.882591
126,2025-01-27,SZ.ZB_000004,国华网安,软件开发,9.879027
127,2025-01-27,SH.ZB_600421,华嵘控股,通用设备,9.860836
128,2025-01-24,SH.KC_301000,肇民科技,塑料制品,9.849932
129,2025-01-24,SH.KC_301368,丰立智能,通用设备,9.837108
130,2025-01-27,SZ.ZB_002530,金财互联,互联网服务,9.819202
131,2025-01-27,SH.KC_300170,汉得信息,互联网服务,9.807451
132,2025-01-27,SH.ZB_603682,锦和商管,房地产服务,9.785531
133,2025-01-27,SZ.ZB_002973,侨银股份,环保行业,9.754564
134,2025-01-27,SH.KC_301511,德福科技,电池,9.754353
135,2025-01-24,SH.KC_300996,普联软件,软件开发,9.732936
136,2025-01-27,SH.ZB_600238,海南椰岛,酿酒行业,9.680219
137,2025-01-24,SH.ZB_603598,引力传媒,文化传媒,9.627814
138,2025-01-24,SH.KC_300987,川网传媒,文化传媒,9.606941
139,2025-01-24,SH.KC_688369,致远互联,软件开发,9.60509
140,2025-01-27,SH.KC_300378,鼎捷数智,软件开发,9.587
141,2025-01-27,SH.KC_300161,华中数控,通用设备,9.563978
142,2025-01-27,SH.KC_301318,维海德,消费电子,9.563576
143,2025-01-24,SH.KC_300226,上海钢联,互联网服务,9.548659
144,2025-01-24,SH.KC_300830,金现代,软件开发,9.52193
145,2025-01-27,SZ.ZB_002199,东晶电子,电子元件,9.4957695
146,2025-01-27,SH.ZB_603598,引力传媒,文化传媒,9.495117
147,2025-01-24,SH.KC_301261,恒工精密,通用设备,9.480063
148,2025-01-27,SH.KC_300697,电工合金,有色金属,9.474351
149,2025-01-24,SH.KC_688017,绿的谐波,通用设备,9.4639225
150,2025-01-27,SH.KC_688165,埃夫特-U,通用设备,9.434075
151,2025-01-24,SH.ZB_603729,龙韵股份,文化传媒,9.422906
152,2025-01-24,SH.KC_300113,顺网科技,游戏,9.419854
153,2025-01-24,SH.KC_688085,三友医疗,医疗器械,9.384291
154,2025-01-27,SH.ZB_600714,金瑞矿业,化学原料,9.371211
155,2025-01-27,SZ.ZB_002861,瀛通通讯,消费电子,9.348525
156,2025-01-24,SH.ZB_603398,沐邦高科,光伏设备,9.341516
157,2025-01-27,SZ.ZB_002306,中科云网,旅游酒店,9.336718
158,2025-01-24,SH.KC_688615,合合信息,软件开发,9.304561
159,2025-01-27,SH.ZB_600778,友好集团,商业百货,9.291159
160,2025-01-24,SH.KC_688522,纳睿雷达,计算机设备,9.281586
161,2025-01-27,SZ.ZB_002848,高斯贝尔,家电行业,9.268739
162,2025-01-24,SH.KC_300391,长药控股,中药,9.266872
163,2025-01-24,SZ.ZB_000668,荣丰控股,房地产开发,9.262185
164,2025-01-27,SZ.ZB_001282,三联锻造,汽车零部件,9.256108
165,2025-01-27,SH.KC_300333,兆日科技,软件开发,9.233053
166,2025-01-24,SZ.ZB_001330,博纳影业,文化传媒,9.232264
167,2025-01-27,SH.ZB_605069,正和生态,环保行业,9.225135
168,2025-01-27,SH.ZB_600556,天下秀,文化传媒,9.203665
169,2025-01-24,SH.ZB_605018,长华集团,汽车零部件,9.193971
170,2025-01-24,SZ.ZB_002865,钧达股份,光伏设备,9.156545
171,2025-01-27,SZ.ZB_002757,南兴股份,专用设备,9.151973
172,2025-01-24,SZ.ZB_002453,华软科技,化学制品,9.095876
173,2025-01-24,SH.KC_300687,赛意信息,互联网服务,9.095426
174,2025-01-24,SZ.ZB_000816,智慧农业,通用设备,9.0792675
175,2025-01-27,SH.KC_300071,福石控股,文化传媒,9.064998
176,2025-01-24,SZ.ZB_002599,盛通股份,包装材料,9.041856
177,2025-01-24,SH.KC_300299,富春股份,游戏,9.018739
178,2025-01-24,SH.ZB_600636,国新文化,教育,9.006469
179,2025-01-27,SH.KC_300493,润欣科技,贸易行业,8.9948845
180,2025-01-24,SH.KC_300071,福石控股,文化传媒,8.978464
181,2025-01-27,SH.KC_688716,中研股份,塑料制品,8.964191
182,2025-01-24,SZ.ZB_002306,中科云网,旅游酒店,8.957909
183,2025-01-27,SH.KC_300499,高澜股份,专用设备,8.957259
184,2025-01-24,SZ.ZB_002439,启明星辰,软件开发,8.926312
185,2025-01-27,SH.KC_301220,亚香股份,化学制品,8.923011
186,2025-01-24,SH.KC_301021,英诺激光,电子元件,8.896629
187,2025-01-27,SH.KC_688408,中信博,光伏设备,8.866121
188,2025-01-24,SZ.ZB_002418,康盛股份,家电行业,8.853619
189,2025-01-24,SH.KC_300556,丝路视觉,软件开发,8.832068
190,2025-01-27,SZ.ZB_002760,凤形股份,通用设备,8.817683
191,2025-01-24,SH.KC_688118,普元信息,软件开发,8.8021145
192,2025-01-27,SZ.ZB_002549,凯美特气,化学制品,8.798914
193,2025-01-24,SH.KC_688258,卓易信息,互联网服务,8.788233
194,2025-01-24,SH.KC_300276,三丰智能,专用设备,8.781491
195,2025-01-24,SZ.ZB_002575,群兴玩具,房地产服务,8.763848
196,2025-01-24,SH.KC_688426,康为世纪,生物制品,8.741142
197,2025-01-27,SH.KC_301061,匠心家居,家电行业,8.734102
198,2025-01-24,SH.KC_688511,天微电子,电子元件,8.71232
199,2025-01-27,SZ.ZB_000419,通程控股,商业百货,8.68638
200,2025-01-27,SZ.ZB_003015,日久光电,光学光电子,8.685867
201,2025-01-27,SZ.ZB_000826,启迪环境,环保行业,8.670141
202,2025-01-27,SH.ZB_600358,国旅联合,互联网服务,8.65709
203,2025-01-24,SZ.ZB_000620,新华联,房地产开发,8.652782
204,2025-01-27,SZ.ZB_002820,桂发祥,食品饮料,8.616471
205,2025-01-24,SH.KC_300857,协创数据,消费电子,8.615652
206,2025-01-27,SH.KC_300853,申昊科技,通用设备,8.613016
207,2025-01-27,SH.KC_300959,线上线下,通信服务,8.597679
208,2025-01-24,SH.ZB_603042,华脉科技,通信设备,8.589777
209,2025-01-24,SZ.ZB_002578,闽发铝业,有色金属,8.575928
210,2025-01-27,SZ.ZB_000736,中交地产,房地产开发,8.562012
211,2025-01-27,SH.ZB_603716,塞力医疗,医药商业,8.559576
212,2025-01-24,SH.ZB_603101,汇嘉时代,商业百货,8.5452585
213,2025-01-27,SH.ZB_603800,洪田股份,专用设备,8.544065
214,2025-01-24,SH.KC_688696,极米科技,家电行业,8.542174
215,2025-01-27,SH.KC_300479,神思电子,计算机设备,8.528569
216,2025-01-24,SH.ZB_603021,山东华鹏,玻璃玻纤,8.521793
217,2025-01-24,SZ.ZB_002199,东晶电子,电子元件,8.520677
218,2025-01-27,SH.KC_300093,金刚光伏,光伏设备,8.518203
219,2025-01-27,SH.ZB_603177,德创环保,环保行业,8.517337
220,2025-01-27,SZ.ZB_000010,美丽生态,工程建设,8.514648
221,2025-01-27,SH.KC_300607,拓斯达,通用设备,8.50687
222,2025-01-27,SH.KC_300792,壹网壹创,互联网服务,8.494032
223,2025-01-27,SH.ZB_600187,国中水务,公用事业,8.453277
224,2025-01-27,SH.ZB_603429,集友股份,造纸印刷,8.441681
225,2025-01-24,SH.ZB_600802,福建水泥,水泥建材,8.4401455
226,2025-01-24,SH.KC_300403,汉宇集团,家电行业,8.430813
227,2025-01-27,SH.KC_300716,泉为科技,光伏设备,8.427496
228,2025-01-24,SH.KC_301210,金杨股份,电池,8.420054
229,2025-01-27,SH.KC_300688,创业黑马,教育,8.410865
230,2025-01-27,SH.ZB_600802,福建水泥,水泥建材,8.402109
231,2025-01-24,SZ.ZB_001306,夏厦精密,通用设备,8.401073
232,2025-01-24,SZ.ZB_002718,友邦吊顶,装修建材,8.392809
233,2025-01-27,SH.KC_301397,溯联股份,汽车零部件,8.378667
234,2025-01-27,SH.ZB_603015,弘讯科技,专用设备,8.374572
235,2025-01-24,SH.KC_301600,慧翰股份,通信设备,8.367549
236,2025-01-24,SH.ZB_600094,大名城,房地产开发,8.357522
237,2025-01-27,SH.KC_688095,福昕软件,软件开发,8.356192
238,2025-01-24,SH.ZB_600228,返利科技,互联网服务,8.350037
239,2025-01-27,SH.ZB_600636,国新文化,教育,8.342864
240,2025-01-27,SZ.ZB_000716,黑芝麻,食品饮料,8.342546
241,2025-01-24,SH.KC_688226,威腾电气,电网设备,8.34052
242,2025-01-27,SH.KC_688369,致远互联,软件开发,8.329977
243,2025-01-27,SZ.ZB_000793,华闻集团,文化传媒,8.325667
244,2025-01-24,SH.KC_300571,平治信息,通信服务,8.322813
245,2025-01-24,SZ.ZB_002862,实丰文化,家用轻工,8.295356
246,2025-01-24,SH.KC_300010,豆神教育,教育,8.293001
247,2025-01-24,SH.KC_300265,通光线缆,电网设备,8.270542
248,2025-01-24,SZ.ZB_002536,飞龙股份,汽车零部件,8.265048
249,2025-01-27,SZ.ZB_001309,德明利,半导体,8.258995
250,2025-01-24,SH.KC_688058,宝兰德,软件开发,8.237119
251,2025-01-24,SZ.ZB_002789,建艺集团,装修装饰,8.236819
252,2025-01-27,SH.ZB_603880,南卫股份,医疗器械,8.236103
253,2025-01-24,SZ.ZB_000004,国华网安,软件开发,8.223367
254,2025-01-24,SZ.ZB_003040,楚天龙,通信设备,8.207109
255,2025-01-24,SH.ZB_603895,天永智能,专用设备,8.170893
256,2025-01-27,SH.ZB_600858,银座股份,商业百货,8.166819
257,2025-01-27,SH.KC_688511,天微电子,电子元件,8.156193
258,2025-01-24,SH.ZB_600410,华胜天成,互联网服务,8.155272
259,2025-01-27,SH.KC_688053,思科瑞,电子元件,8.148663
260,2025-01-27,SZ.ZB_002636,金安国纪,电子元件,8.137371
261,2025-01-27,SH.KC_301157,华塑科技,计算机设备,8.1353035
262,2025-01-27,SZ.ZB_002733,雄韬股份,电池,8.13259
263,2025-01-27,SH.KC_300276,三丰智能,专用设备,8.1257
264,2025-01-27,SH.ZB_605179,一鸣食品,食品饮料,8.122845
265,2025-01-24,SH.ZB_600556,天下秀,文化传媒,8.117988
266,2025-01-24,SH.KC_300795,米奥会展,文化传媒,8.10789
267,2025-01-24,SZ.ZB_001309,德明利,半导体,8.094253
268,2025-01-27,SH.KC_688362,甬矽电子,半导体,8.088435
269,2025-01-27,SH.ZB_600423,柳化股份,化学原料,8.084118
270,2025-01-24,SH.ZB_600722,金牛化工,化学原料,8.083815
271,2025-01-24,SZ.ZB_002009,天奇股份,专用设备,8.081958
272,2025-01-24,SH.KC_300479,神思电子,计算机设备,8.074397
273,2025-01-24,SZ.ZB_002193,如意集团,纺织服装,8.074385
274,2025-01-24,SH.KC_688717,艾罗能源,光伏设备,8.070917
275,2025-01-27,SH.KC_301600,慧翰股份,通信设备,8.068525
276,2025-01-24,SH.ZB_600421,华嵘控股,通用设备,8.065897
277,2025-01-27,SH.KC_301018,申菱环境,专用设备,8.061884
278,2025-01-24,SH.ZB_603305,旭升集团,汽车零部件,8.049984
279,2025-01-24,SH.KC_688512,慧智微-U,半导体,8.039334
280,2025-01-27,SH.KC_300127,银河磁体,小金属,8.027358
281,2025-01-27,SH.KC_688429,时创能源,光伏设备,7.999779
282,2025-01-13,SH.KC_688073,毕得医药,生物制品,7.9912305
283,2025-01-27,SH.ZB_603101,汇嘉时代,商业百货,7.9882383
284,2025-01-27,SZ.ZB_000627,天茂集团,保险,7.976435
285,2025-01-27,SH.KC_688085,三友医疗,医疗器械,7.9762936
286,2025-01-27,SH.KC_301030,仕净科技,专用设备,7.962817
287,2025-01-27,SZ.ZB_001236,弘业期货,多元金融,7.9614835
288,2025-01-24,SZ.ZB_002881,美格智能,消费电子,7.9603195
289,2025-01-24,SH.ZB_601869,长飞光纤,通信设备,7.9585567
290,2025-01-24,SH.ZB_603518,锦泓集团,纺织服装,7.9273777
291,2025-01-27,SH.KC_688400,凌云光,专用设备,7.9210773
292,2025-01-24,SZ.ZB_002364,中恒电气,电源设备,7.914832
293,2025-01-27,SZ.ZB_002354,天娱数科,互联网服务,7.913473
294,2025-01-24,SH.KC_300188,国投智能,软件开发,7.909511
295,2025-01-24,SH.ZB_603779,威龙股份,酿酒行业,7.906942
296,2025-01-27,SZ.ZB_002657,中科金财,互联网服务,7.9035416
297,2025-01-27,SZ.ZB_002762,金发拉比,纺织服装,7.899107
298,2025-01-27,SH.KC_301536,星宸科技,半导体,7.8853517
299,2025-01-24,SH.KC_300173,福能东方,专用设备,7.88313
300,2025-01-24,SH.ZB_600423,柳化股份,化学原料,7.8759747
301,2025-01-27,SZ.ZB_002175,东方智造,仪器仪表,7.8539953
302,2025-01-27,SH.KC_688226,威腾电气,电网设备,7.852684
303,2025-01-24,SZ.ZB_002640,跨境通,贸易行业,7.8473597
304,2025-01-24,SH.KC_300825,阿尔特,汽车服务,7.8332586
305,2025-01-27,SH.KC_300250,初灵信息,互联网服务,7.829076
306,2025-01-24,SZ.ZB_002973,侨银股份,环保行业,7.8225775
307,2025-01-27,SH.KC_301210,金杨股份,电池,7.809611
308,2025-01-24,SH.KC_300959,线上线下,通信服务,7.806149
309,2025-01-24,SH.KC_300384,三联虹普,专业服务,7.802281
310,2025-01-24,SZ.ZB_000820,神雾节能,环保行业,7.7946944
311,2025-01-27,SH.ZB_600693,东百集团,商业百货,7.7896
312,2025-01-24,SH.KC_300853,申昊科技,通用设备,7.78573
313,2025-01-24,SH.KC_300885,海昌新材,通用设备,7.782918
314,2025-01-27,SZ.ZB_000795,英洛华,小金属,7.7743397
315,2025-01-23,SH.KC_688350,富淼科技,化学制品,7.757552
316,2025-01-24,SH.KC_300902,国安达,专用设备,7.7572494
317,2025-01-24,SH.ZB_600355,精伦电子,通信设备,7.742673
318,2025-01-27,SH.KC_688313,仕佳光子,通信设备,7.739194
319,2025-01-27,SH.KC_300229,拓尔思,软件开发,7.735394
320,2025-01-27,SH.KC_301001,凯淳股份,互联网服务,7.7223973
321,2025-01-27,SH.KC_300798,锦鸡股份,化学制品,7.7217712
322,2025-01-27,SH.ZB_603615,茶花股份,塑料制品,7.72088
323,2025-01-24,SH.KC_688053,思科瑞,电子元件,7.696977
324,2025-01-27,SH.ZB_603129,春风动力,交运设备,7.6936693
325,2025-01-27,SH.KC_300299,富春股份,游戏,7.688232
326,2025-01-24,SZ.ZB_002660,茂硕电源,消费电子,7.666548
327,2025-01-27,SH.ZB_603718,海利生物,农药兽药,7.6637373
328,2025-01-27,SH.KC_301336,趣睡科技,家用轻工,7.6603146
329,2025-01-27,SH.ZB_603200,上海洗霸,环保行业,7.656512
330,2025-01-24,SZ.ZB_002530,金财互联,互联网服务,7.6544404
331,2025-01-27,SH.KC_300154,瑞凌股份,通用设备,7.6509757
332,2025-01-24,SH.KC_688656,浩欧博,医疗器械,7.6397076
333,2025-01-27,SH.KC_300211,亿通科技,通信服务,7.6207786
334,2025-01-24,SH.KC_301001,凯淳股份,互联网服务,7.615578
335,2025-01-24,SH.KC_300296,利亚德,光学光电子,7.613917
336,2025-01-24,SH.KC_300748,金力永磁,小金属,7.6118155
337,2025-01-27,SH.ZB_600405,动力源,电源设备,7.605879
338,2025-01-24,SH.ZB_600811,东方集团,农牧饲渔,7.601926
339,2025-01-27,SH.ZB_600355,精伦电子,通信设备,7.587813
340,2025-01-27,SZ.ZB_000681,视觉中国,文化传媒,7.580313
341,2025-01-27,SH.KC_300391,长药控股,中药,7.5725737
342,2025-01-24,SH.KC_688095,福昕软件,软件开发,7.57221
343,2025-01-27,SH.ZB_603893,瑞芯微,半导体,7.568641
344,2025-01-24,SH.KC_300592,华凯易佰,互联网服务,7.5657187
345,2025-01-27,SZ.ZB_002134,天津普林,电子元件,7.563762
346,2025-01-24,SZ.ZB_002265,建设工业,汽车零部件,7.558416
347,2025-01-10,SH.KC_688073,毕得医药,生物制品,7.5552716
348,2025-01-24,SH.ZB_600714,金瑞矿业,化学原料,7.5486064
349,2025-01-24,SH.ZB_603516,淳中科技,计算机设备,7.5370626
350,2025-01-24,SH.KC_688320,禾川科技,仪器仪表,7.531628
351,2025-01-27,SZ.ZB_002068,黑猫股份,橡胶制品,7.528402
352,2025-01-24,SH.ZB_600593,大连圣亚,旅游酒店,7.5273366
353,2025-01-27,SZ.ZB_002291,遥望科技,互联网服务,7.5251637
354,2025-01-24,SH.ZB_603662,柯力传感,仪器仪表,7.5105267
355,2025-01-24,SH.ZB_600797,浙大网新,互联网服务,7.508108
356,2025-01-27,SH.KC_300718,长盛轴承,工程机械,7.500753
357,2025-01-24,SZ.ZB_002693,双成药业,生物制品,7.4894547
358,2025-01-27,SH.KC_300435,中泰股份,燃气,7.4750915
359,2025-01-27,SH.ZB_600811,东方集团,农牧饲渔,7.474159
360,2025-01-24,SZ.ZB_000632,三木集团,综合行业,7.4722633
361,2025-01-24,SH.KC_301159,三维天地,软件开发,7.468413
362,2025-01-24,SH.KC_301171,易点天下,互联网服务,7.459295
363,2025-01-27,SH.ZB_600610,中毅达,化学原料,7.452728
364,2025-01-27,SZ.ZB_002403,爱仕达,家电行业,7.451631
365,2025-01-24,SH.ZB_603682,锦和商管,房地产服务,7.4402957
366,2025-01-27,SZ.ZB_002453,华软科技,化学制品,7.4393377
367,2025-01-27,SH.KC_688228,开普云,互联网服务,7.4315534
368,2025-01-27,SH.KC_688717,艾罗能源,光伏设备,7.4294195
369,2025-01-27,SH.ZB_603106,恒银科技,计算机设备,7.427172
370,2025-01-27,SH.ZB_600198,大唐电信,通信设备,7.426511
371,2025-01-27,SH.KC_300377,赢时胜,软件开发,7.41874
372,2025-01-27,SH.KC_301556,托普云农,软件开发,7.41232
373,2025-01-24,SH.ZB_603880,南卫股份,医疗器械,7.407014
374,2025-01-24,SH.KC_300798,锦鸡股份,化学制品,7.3950605
375,2025-01-24,SH.KC_300852,四会富仕,电子元件,7.383393
376,2025-01-24,SH.KC_300494,盛天网络,游戏,7.3812575
377,2025-01-27,SZ.ZB_002058,威尔泰,电网设备,7.3792515
378,2025-01-27,SH.ZB_605338,巴比食品,食品饮料,7.374734
379,2025-01-27,SH.KC_300561,汇金科技,软件开发,7.3728905
380,2025-01-24,SZ.ZB_002629,仁智股份,采掘行业,7.35465
381,2025-01-24,SZ.ZB_003001,中岩大地,工程咨询服务,7.351595
382,2025-01-27,SH.ZB_603079,圣达生物,化学制品,7.348068
383,2025-01-27,SZ.ZB_002693,双成药业,生物制品,7.347654
384,2025-01-27,SH.KC_300949,奥雅股份,工程咨询服务,7.3413267
385,2025-01-24,SH.KC_300805,电声股份,文化传媒,7.336384
386,2025-01-24,SH.ZB_600588,用友网络,软件开发,7.3326273
387,2025-01-24,SH.KC_300727,润禾材料,化学制品,7.328476
388,2025-01-24,SH.ZB_603915,国茂股份,通用设备,7.324387
389,2025-01-27,SZ.ZB_002009,天奇股份,专用设备,7.3240995
390,2025-01-27,SH.KC_300242,佳云科技,文化传媒,7.3176994
391,2025-01-27,SH.KC_301082,久盛电气,电网设备,7.31338
392,2025-01-24,SZ.ZB_002729,好利科技,电子元件,7.3127074
393,2025-01-27,SH.KC_688286,敏芯股份,半导体,7.303263
394,2025-01-27,SZ.ZB_002640,跨境通,贸易行业,7.2918386
395,2025-01-23,SH.KC_300839,博汇股份,石油行业,7.287602
396,2025-01-27,SH.ZB_600626,申达股份,汽车零部件,7.286052
397,2025-01-24,SZ.ZB_002674,兴业科技,纺织服装,7.2813168
398,2025-01-27,SZ.ZB_002187,广百股份,商业百货,7.266551
399,2025-01-24,SZ.ZB_001380,华纬科技,通用设备,7.26434
400,2025-01-24,SH.KC_688551,科威尔,电源设备,7.260315
401,2025-01-24,SH.KC_300242,佳云科技,文化传媒,7.254456
402,2025-01-27,SH.KC_300753,爱朋医疗,医疗器械,7.25186
403,2025-01-27,SH.KC_300084,海默科技,采掘行业,7.225414
404,2025-01-24,SH.KC_688010,福光股份,光学光电子,7.213244
405,2025-01-24,SH.ZB_600255,鑫科材料,有色金属,7.209632
406,2025-01-27,SH.ZB_600868,梅雁吉祥,电力行业,7.208963
407,2025-01-27,SH.KC_300812,易天股份,消费电子,7.2077365
408,2025-01-27,SH.ZB_603838,四通股份,装修建材,7.2067204
409,2025-01-24,SH.KC_300953,震裕科技,电池,7.1975365
410,2025-01-24,SH.ZB_600732,爱旭股份,光伏设备,7.194993
411,2025-01-27,SH.KC_688787,海天瑞声,互联网服务,7.189128
412,2025-01-24,SH.ZB_603389,亚振家居,装修建材,7.186553
413,2025-01-24,SH.ZB_603278,大业股份,通用设备,7.178414
414,2025-01-27,SH.KC_300733,西菱动力,汽车零部件,7.170889
415,2025-01-27,SZ.ZB_002229,鸿博股份,造纸印刷,7.1646914
416,2025-01-27,SH.KC_688502,茂莱光学,光学光电子,7.153021
417,2025-01-24,SH.KC_688698,伟创电气,专用设备,7.1490154
418,2025-01-27,SH.ZB_603291,联合水务,公用事业,7.147761
419,2025-01-27,SH.ZB_603499,翔港科技,造纸印刷,7.144551
420,2025-01-27,SZ.ZB_002256,兆新股份,电网设备,7.14207
421,2025-01-27,SH.ZB_603389,亚振家居,装修建材,7.1413903
422,2025-01-24,SZ.ZB_002799,环球印务,包装材料,7.1377697
423,2025-01-24,SH.ZB_603803,瑞斯康达,通信设备,7.136387
424,2025-01-24,SH.ZB_600580,卧龙电驱,电机,7.1313844
425,2025-01-27,SZ.ZB_002047,宝鹰股份,装修装饰,7.1158977
426,2025-01-27,SZ.ZB_000659,珠海中富,包装材料,7.1143417
427,2025-01-24,SZ.ZB_002518,科士达,电源设备,7.1096497
428,2025-01-27,SH.KC_688031,星环科技-U,软件开发,7.1023436
429,2025-01-24,SZ.ZB_002292,奥飞娱乐,文化传媒,7.0694265
430,2025-01-27,SH.KC_300537,广信材料,电子化学品,7.0669055
431,2025-01-24,SH.ZB_605303,园林股份,工程建设,7.0663633
432,2025-01-27,SH.ZB_603789,星光农机,专用设备,7.0636363
433,2025-01-24,SZ.ZB_002642,荣联科技,互联网服务,7.058774
434,2025-01-27,SH.KC_688766,普冉股份,半导体,7.0563197
435,2025-01-27,SH.ZB_603665,康隆达,纺织服装,7.055542
436,2025-01-24,SH.KC_300130,新国都,计算机设备,7.0541663
437,2025-01-24,SH.KC_688246,嘉和美康,医疗服务,7.053819
438,2025-01-27,SZ.ZB_002184,海得控制,专用设备,7.047443
439,2025-01-27,SZ.ZB_002137,实益达,电子元件,7.046777
440,2025-01-24,SH.KC_300418,昆仑万维,互联网服务,7.042502
441,2025-01-24,SH.KC_300607,拓斯达,通用设备,7.040493
442,2025-01-24,SZ.ZB_002491,通鼎互联,通信设备,7.0399227
443,2025-01-24,SH.KC_300921,南凌科技,通信服务,7.0373044
444,2025-01-27,SZ.ZB_000702,正虹科技,农牧饲渔,7.035756
445,2025-01-27,SH.KC_688115,思林杰,仪器仪表,7.03149
446,2025-01-27,SZ.ZB_002552,宝鼎科技,通用设备,7.0238457
447,2025-01-27,SZ.ZB_002364,中恒电气,电源设备,7.019563
448,2025-01-24,SH.ZB_603108,润达医疗,医疗服务,7.0184035
449,2025-01-27,SZ.ZB_001366,播恩集团,农牧饲渔,7.0169015
450,2025-01-24,SZ.ZB_002291,遥望科技,互联网服务,7.00475
451,2025-01-27,SH.KC_688320,禾川科技,仪器仪表,6.9978657
452,2025-01-27,SH.ZB_600410,华胜天成,互联网服务,6.9859085
453,2025-01-27,SH.KC_300085,银之杰,软件开发,6.9819
454,2025-01-27,SH.ZB_600692,亚通股份,房地产开发,6.9676027
455,2025-01-24,SH.KC_688358,祥生医疗,医疗器械,6.9640517
456,2025-01-27,SZ.ZB_002583,海能达,通信设备,6.9640427
457,2025-01-27,SH.ZB_600824,益民集团,商业百货,6.96395
458,2025-01-27,SH.ZB_603978,深圳新星,有色金属,6.9597154
459,2025-01-27,SH.KC_301024,霍普股份,工程建设,6.9475307
460,2025-01-24,SH.KC_300229,拓尔思,软件开发,6.945686
461,2025-01-27,SZ.ZB_000158,常山北明,综合行业,6.936589
462,2025-01-24,SZ.ZB_002295,精艺股份,有色金属,6.9352922
463,2025-01-27,SZ.ZB_002495,佳隆股份,食品饮料,6.934902
464,2025-01-27,SH.KC_300007,汉威科技,仪器仪表,6.9298325
465,2025-01-27,SH.KC_300985,致远新能,通用设备,6.9204016
466,2025-01-24,SH.KC_301413,安培龙,电子元件,6.919116
467,2025-01-24,SH.KC_688231,隆达股份,有色金属,6.9172606
468,2025-01-24,SH.ZB_603012,创力集团,专用设备,6.9154353
469,2025-01-24,SZ.ZB_002354,天娱数科,互联网服务,6.9140286
470,2025-01-27,SZ.ZB_000509,华塑控股,光学光电子,6.912014
471,2025-01-24,SH.KC_688022,瀚川智能,专用设备,6.910263
472,2025-01-24,SH.ZB_600076,康欣新材,装修建材,6.903112
473,2025-01-27,SZ.ZB_002164,宁波东力,通用设备,6.900875
474,2025-01-24,SH.ZB_603429,集友股份,造纸印刷,6.8983226
475,2025-01-27,SH.KC_300808,久量股份,光学光电子,6.89113
476,2025-01-27,SZ.ZB_002917,金奥博,化学制品,6.887823
477,2025-01-27,SH.KC_688512,慧智微-U,半导体,6.885497
478,2025-01-27,SH.ZB_600053,九鼎投资,多元金融,6.8843484
479,2025-01-27,SH.ZB_600722,金牛化工,化学原料,6.8701506
480,2025-01-27,SH.KC_688244,永信至诚,软件开发,6.868005
481,2025-01-24,SZ.ZB_000659,珠海中富,包装材料,6.8548694
482,2025-01-27,SH.KC_301037,保立佳,化学制品,6.8546624
483,2025-01-27,SH.KC_688629,华丰科技,电子元件,6.8476663
484,2025-01-24,SZ.ZB_000795,英洛华,小金属,6.845589
485,2025-01-24,SH.ZB_603171,税友股份,互联网服务,6.8124385
486,2025-01-27,SH.ZB_603915,国茂股份,通用设备,6.8070993
487,2025-01-24,SH.KC_300379,东方通,软件开发,6.8056955
488,2025-01-27,SH.KC_301076,新瀚新材,化学原料,6.804362
489,2025-01-27,SZ.ZB_002542,中化岩土,工程建设,6.7992225
490,2025-01-27,SH.ZB_600094,大名城,房地产开发,6.793189
491,2025-01-27,SH.KC_688205,德科立,光学光电子,6.790994
492,2025-01-27,SZ.ZB_000526,学大教育,教育,6.790739
493,2025-01-27,SH.KC_300255,常山药业,化学制药,6.790662
494,2025-01-27,SH.KC_688288,鸿泉物联,计算机设备,6.779525
495,2025-01-27,SH.KC_300605,恒锋信息,软件开发,6.7651896
496,2025-01-24,SH.KC_688408,中信博,光伏设备,6.7575665
497,2025-01-27,SH.KC_300153,科泰电源,电源设备,6.7541122
498,2025-01-27,SH.KC_300289,利德曼,医疗器械,6.748931
499,2025-01-24,SH.ZB_603177,德创环保,环保行业,6.7471147
500,2025-01-24,SZ.ZB_002779,中坚科技,专用设备,6.7423625
501,2025-01-24,SZ.ZB_000793,华闻集团,文化传媒,6.741889
502,2025-01-27,SZ.ZB_000042,中洲控股,房地产开发,6.7328706
503,2025-01-24,SH.KC_300420,五洋自控,通用设备,6.729278
504,2025-01-27,SH.ZB_600889,南京化纤,化纤行业,6.7277403
505,2025-01-24,SZ.ZB_000518,四环生物,生物制品,6.7269845
506,2025-01-24,SH.KC_688303,大全能源,光伏设备,6.7269773
507,2025-01-27,SZ.ZB_002578,闽发铝业,有色金属,6.72549
508,2025-01-27,SZ.ZB_002717,岭南股份,环保行业,6.7227545
509,2025-01-24,SH.KC_300677,英科医疗,医疗器械,6.7198873
510,2025-01-27,SZ.ZB_002188,中天服务,房地产服务,6.7194147
511,2025-01-24,SZ.ZB_002921,联诚精密,汽车零部件,6.714696
512,2025-01-27,SH.KC_688365,光云科技,互联网服务,6.705733
513,2025-01-27,SH.KC_688227,品高股份,软件开发,6.6954374
514,2025-01-24,SH.KC_300473,德尔股份,汽车零部件,6.6875725
515,2025-01-27,SH.KC_300080,易成新能,通用设备,6.6857457
516,2025-01-27,SH.KC_301456,盘古智能,风电设备,6.6831126
517,2025-01-27,SH.KC_300748,金力永磁,小金属,6.676352
518,2025-01-24,SH.ZB_601865,福莱特,光伏设备,6.667259
519,2025-01-27,SH.ZB_600255,鑫科材料,有色金属,6.6654353
520,2025-01-27,SH.KC_300287,飞利信,互联网服务,6.6636505
521,2025-01-27,SH.KC_688608,恒玄科技,半导体,6.6590996
522,2025-01-27,SH.KC_301326,捷邦科技,消费电子,6.6569223
523,2025-01-27,SZ.ZB_001301,尚太科技,非金属材料,6.6547484
524,2025-01-24,SZ.ZB_000785,居然智家,商业百货,6.646967
525,2025-01-27,SH.KC_688258,卓易信息,互联网服务,6.6467032
526,2025-01-27,SH.ZB_600751,海航科技,航运港口,6.6405907
527,2025-01-27,SH.ZB_600800,渤海化学,化学制品,6.6362886
528,2025-01-24,SH.KC_301129,瑞纳智能,仪器仪表,6.627521
529,2025-01-24,SZ.ZB_002403,爱仕达,家电行业,6.624727
530,2025-01-27,SZ.ZB_002799,环球印务,包装材料,6.622763
531,2025-01-27,SH.KC_300173,福能东方,专用设备,6.6115484
532,2025-01-24,SH.ZB_605188,国光连锁,商业百货,6.6100955
533,2025-01-27,SH.KC_300157,新锦动力,采掘行业,6.608495
534,2025-01-27,SH.ZB_603667,五洲新春,通用设备,6.5847754
535,2025-01-27,SH.KC_301183,东田微,光学光电子,6.584768
536,2025-01-24,SH.KC_688343,云天励飞-U,软件开发,6.5816107
537,2025-01-27,SH.KC_301123,奕东电子,消费电子,6.5788493
538,2025-01-24,SZ.ZB_002175,东方智造,仪器仪表,6.5762954
539,2025-01-27,SH.ZB_603039,泛微网络,软件开发,6.5760612
540,2025-01-27,SZ.ZB_002575,群兴玩具,房地产服务,6.5717087
541,2025-01-27,SZ.ZB_002098,浔兴股份,纺织服装,6.5705853
542,2025-01-27,SH.KC_301129,瑞纳智能,仪器仪表,6.5689206
543,2025-01-24,SH.ZB_603838,四通股份,装修建材,6.567298
544,2025-01-24,SH.KC_688475,萤石网络,家电行业,6.5667925
545,2025-01-27,SZ.ZB_002313,日海智能,通信设备,6.566718
546,2025-01-27,SH.KC_688433,华曙高科,通用设备,6.5650015
547,2025-01-24,SH.KC_300166,东方国信,互联网服务,6.559724
548,2025-01-24,SZ.ZB_002459,晶澳科技,光伏设备,6.5563426
549,2025-01-27,SH.ZB_600446,金证股份,互联网服务,6.551939
550,2025-01-24,SH.ZB_605060,联德股份,通用设备,6.5512896
551,2025-01-27,SH.KC_300106,西部牧业,食品饮料,6.5494375
552,2025-01-27,SH.ZB_603221,爱丽家居,塑料制品,6.547031
553,2025-01-27,SZ.ZB_003040,楚天龙,通信设备,6.546716
554,2025-01-27,SH.KC_300386,飞天诚信,软件开发,6.53439
555,2025-01-27,SH.KC_688691,灿芯股份,半导体,6.530587
556,2025-01-27,SH.ZB_603895,天永智能,专用设备,6.527735
557,2025-01-27,SH.ZB_603809,豪能股份,汽车零部件,6.5273046
558,2025-01-27,SH.KC_301498,乖宝宠物,农牧饲渔,6.526734
559,2025-01-24,SZ.ZB_002164,宁波东力,通用设备,6.52003
560,2025-01-24,SH.ZB_603717,天域生物,农牧饲渔,6.5174966
561,2025-01-24,SZ.ZB_002965,祥鑫科技,通用设备,6.5102606
562,2025-01-24,SH.KC_301252,同星科技,通用设备,6.506485
563,2025-01-27,SH.KC_300822,贝仕达克,消费电子,6.500669
564,2025-01-24,SH.ZB_603121,华培动力,汽车零部件,6.499663
565,2025-01-24,SZ.ZB_002678,珠江钢琴,家用轻工,6.49873
566,2025-01-27,SH.KC_300656,民德电子,电子元件,6.49589
567,2025-01-27,SZ.ZB_002193,如意集团,纺织服装,6.4894185
568,2025-01-27,SH.KC_301152,天力锂能,电池,6.4874263
569,2025-01-24,SH.KC_688498,源杰科技,半导体,6.4811335
570,2025-01-24,SH.KC_300986,志特新材,装修装饰,6.4793034
571,2025-01-24,SH.KC_300613,富瀚微,半导体,6.4792557
572,2025-01-27,SZ.ZB_002117,东港股份,造纸印刷,6.4779387
573,2025-01-24,SH.KC_300247,融捷健康,家电行业,6.4752607
574,2025-01-27,SH.ZB_600172,黄河旋风,非金属材料,6.473984
575,2025-01-27,SH.KC_300953,震裕科技,电池,6.472997
576,2025-01-27,SH.ZB_600793,宜宾纸业,造纸印刷,6.46701
577,2025-01-27,SH.KC_301396,宏景科技,互联网服务,6.4655557
578,2025-01-27,SZ.ZB_002346,柘中股份,电网设备,6.4646525
579,2025-01-27,SH.ZB_603922,金鸿顺,汽车零部件,6.459361
580,2025-01-27,SZ.ZB_002518,科士达,电源设备,6.4509153
581,2025-01-27,SH.ZB_600708,光明地产,房地产开发,6.450228
582,2025-01-27,SH.KC_301182,凯旺科技,消费电子,6.449756
583,2025-01-27,SH.ZB_603511,爱慕股份,纺织服装,6.4479113
584,2025-01-27,SH.ZB_603636,南威软件,互联网服务,6.438948
585,2025-01-27,SH.KC_300437,清水源,化学制品,6.4352975
586,2025-01-27,SH.KC_301230,泓博医药,生物制品,6.4345627
587,2025-01-24,SH.KC_300718,长盛轴承,工程机械,6.4345417
588,2025-01-24,SH.KC_688322,奥比中光-UW,电子元件,6.4288335
589,2025-01-27,SH.KC_301315,威士顿,软件开发,6.4240947
590,2025-01-24,SH.KC_688629,华丰科技,电子元件,6.4201384
591,2025-01-24,SZ.ZB_002031,巨轮智能,专用设备,6.4132376
592,2025-01-27,SH.KC_300442,润泽科技,互联网服务,6.4128027
593,2025-01-27,SH.ZB_603110,东方材料,化学制品,6.412497
594,2025-01-27,SZ.ZB_001330,博纳影业,文化传媒,6.410824
595,2025-01-27,SH.ZB_603236,移远通信,通信设备,6.3942404
596,2025-01-24,SZ.ZB_002050,三花智控,家电行业,6.3911066
597,2025-01-27,SH.KC_688058,宝兰德,软件开发,6.3884883
598,2025-01-27,SH.ZB_600698,湖南天雁,汽车零部件,6.3828526
599,2025-01-27,SH.KC_300123,亚光科技,船舶制造,6.3821435
600,2025-01-27,SH.ZB_605186,健麾信息,医疗服务,6.381096
601,2025-01-27,SH.KC_300687,赛意信息,互联网服务,6.3786836
602,2025-01-27,SZ.ZB_002526,山东矿机,专用设备,6.3781366
603,2025-01-24,SH.KC_688001,华兴源创,专用设备,6.3734426
604,2025-01-24,SH.KC_300093,金刚光伏,光伏设备,6.3729167
605,2025-01-27,SH.KC_301366,一博科技,电子元件,6.371865
606,2025-01-27,SH.KC_688800,瑞可达,电子元件,6.3700676
607,2025-01-27,SH.ZB_603012,创力集团,专用设备,6.3682003
608,2025-01-27,SH.KC_688062,迈威生物-U,生物制品,6.3665614
609,2025-01-24,SH.ZB_603758,秦安股份,汽车零部件,6.365457
610,2025-01-27,SH.KC_300781,因赛集团,文化传媒,6.36279
611,2025-01-27,SH.KC_300076,GQY视讯,光学光电子,6.3583612
612,2025-01-27,SH.KC_300147,香雪制药,中药,6.357634
613,2025-01-24,SZ.ZB_002137,实益达,电子元件,6.351201
614,2025-01-24,SH.ZB_603015,弘讯科技,专用设备,6.3510804
615,2025-01-27,SH.ZB_603166,福达股份,汽车零部件,6.3499017
616,2025-01-27,SH.KC_300624,万兴科技,软件开发,6.347039
617,2025-01-27,SZ.ZB_002611,东方精工,专用设备,6.3461423
618,2025-01-27,SZ.ZB_000518,四环生物,生物制品,6.3454347
619,2025-01-27,SH.KC_300496,中科创达,互联网服务,6.340587
620,2025-01-24,SH.KC_300889,爱克股份,光学光电子,6.338142
621,2025-01-27,SH.KC_300927,江天化学,化学原料,6.3372703
622,2025-01-27,SZ.ZB_000720,新能泰山,电网设备,6.335767
623,2025-01-27,SH.ZB_600881,亚泰集团,水泥建材,6.334701
624,2025-01-27,SH.KC_300399,天利科技,互联网服务,6.3253284
625,2025-01-24,SH.ZB_603859,能科科技,软件开发,6.3252597
626,2025-01-24,SZ.ZB_002253,川大智胜,软件开发,6.323132
627,2025-01-27,SH.KC_301611,珂玛科技,非金属材料,6.318021
628,2025-01-27,SZ.ZB_002356,赫美集团,贸易行业,6.313519
629,2025-01-27,SH.KC_300472,新元科技,专用设备,6.3111067
630,2025-01-24,SH.ZB_600778,友好集团,商业百货,6.309554
631,2025-01-24,SH.KC_688153,唯捷创芯,半导体,6.301208
632,2025-01-27,SZ.ZB_002446,盛路通信,通信设备,6.301208
633,2025-01-27,SZ.ZB_001306,夏厦精密,通用设备,6.299436
634,2025-01-27,SZ.ZB_002599,盛通股份,包装材料,6.298311
635,2025-01-24,SH.KC_300766,每日互动,互联网服务,6.2957883
636,2025-01-27,SH.KC_300056,中创环保,环保行业,6.29524
637,2025-01-24,SZ.ZB_002221,东华能源,石油行业,6.2875705
638,2025-01-27,SH.KC_688590,新致软件,软件开发,6.286673
639,2025-01-27,SH.KC_300901,中胤时尚,纺织服装,6.2849684
640,2025-01-24,SH.KC_300703,创源股份,家用轻工,6.2823534
641,2025-01-27,SZ.ZB_002449,国星光电,光学光电子,6.281294
642,2025-01-27,SH.KC_300827,上能电气,光伏设备,6.271021
643,2025-01-24,SH.KC_688132,邦彦技术,通信设备,6.265031
644,2025-01-27,SH.ZB_600847,万里股份,电池,6.2604623
645,2025-01-27,SH.KC_300152,新动力,环保行业,6.250377
646,2025-01-24,SH.KC_688433,华曙高科,通用设备,6.250219
647,2025-01-27,SH.KC_300945,曼卡龙,珠宝首饰,6.250146
648,2025-01-24,SH.KC_300255,常山药业,化学制药,6.246029
649,2025-01-24,SH.KC_300839,博汇股份,石油行业,6.2451215
650,2025-01-27,SZ.ZB_000056,皇庭国际,房地产服务,6.243163
651,2025-01-27,SZ.ZB_002335,科华数据,电源设备,6.2411876
652,2025-01-27,SZ.ZB_000608,阳光股份,房地产服务,6.239502
653,2025-01-27,SH.ZB_603637,镇海股份,工程建设,6.235154
654,2025-01-24,SH.KC_688502,茂莱光学,光学光电子,6.2341614
655,2025-01-24,SZ.ZB_002229,鸿博股份,造纸印刷,6.2338724
656,2025-01-27,SH.ZB_600397,安源煤业,煤炭行业,6.228739
657,2025-01-24,SH.ZB_603721,中广天择,文化传媒,6.2276883
658,2025-01-27,SH.ZB_603717,天域生物,农牧饲渔,6.2249274
659,2025-01-27,SH.KC_300980,祥源新材,塑料制品,6.219326
660,2025-01-24,SH.ZB_605068,明新旭腾,汽车零部件,6.2118516
661,2025-01-27,SH.KC_688038,中科通达,软件开发,6.2112913
662,2025-01-24,SZ.ZB_003041,真爱美家,纺织服装,6.20936
663,2025-01-27,SH.KC_300989,蕾奥规划,工程咨询服务,6.206767
664,2025-01-24,SZ.ZB_002068,黑猫股份,橡胶制品,6.2043133
665,2025-01-27,SH.ZB_600624,复旦复华,综合行业,6.2036457
666,2025-01-24,SH.ZB_600751,海航科技,航运港口,6.2029796
667,2025-01-24,SH.KC_301316,慧博云通,软件开发,6.2024713
668,2025-01-27,SH.KC_300460,惠伦晶体,电子元件,6.195389
669,2025-01-24,SH.ZB_600184,光电股份,专用设备,6.1943755
670,2025-01-24,SH.KC_300437,清水源,化学制品,6.1942697
671,2025-01-24,SH.ZB_603813,原尚股份,物流行业,6.192565
672,2025-01-24,SH.ZB_600691,阳煤化工,化肥行业,6.192185
673,2025-01-27,SZ.ZB_002819,东方中科,仪器仪表,6.1915293
674,2025-01-24,SZ.ZB_000803,山高环能,综合行业,6.190051
675,2025-01-27,SH.KC_300278,华昌达,通用设备,6.1897936
676,2025-01-24,SH.ZB_603269,海鸥股份,通用设备,6.187199
677,2025-01-24,SH.ZB_600745,闻泰科技,消费电子,6.1871886
678,2025-01-27,SH.ZB_600601,方正科技,电子元件,6.1782317
679,2025-01-27,SH.ZB_600724,宁波富达,房地产开发,6.1758385
680,2025-01-27,SH.ZB_603070,万控智造,电网设备,6.172901
681,2025-01-24,SZ.ZB_002603,以岭药业,中药,6.17227
682,2025-01-27,SZ.ZB_000632,三木集团,综合行业,6.172249
683,2025-01-27,SH.KC_300814,中富电路,电子元件,6.1700864
684,2025-01-24,SZ.ZB_000826,启迪环境,环保行业,6.168935
685,2025-01-24,SH.KC_300881,盛德鑫泰,钢铁行业,6.167947
686,2025-01-24,SH.KC_300638,广和通,通信设备,6.1646595
687,2025-01-27,SH.ZB_600371,万向德农,农牧饲渔,6.164405
688,2025-01-27,SZ.ZB_002865,钧达股份,光伏设备,6.164393
689,2025-01-27,SZ.ZB_000803,山高环能,综合行业,6.154746
690,2025-01-27,SH.KC_300592,华凯易佰,互联网服务,6.1543317
691,2025-01-24,SH.KC_300222,科大智能,电网设备,6.153719
692,2025-01-27,SH.ZB_601515,东峰集团,包装材料,6.1432137
693,2025-01-27,SZ.ZB_002629,仁智股份,采掘行业,6.1431828
694,2025-01-27,SH.KC_300256,星星科技,消费电子,6.137888
695,2025-01-27,SH.KC_300198,纳川股份,装修建材,6.1366916
696,2025-01-27,SZ.ZB_002593,日上集团,汽车零部件,6.133355
697,2025-01-27,SH.ZB_600653,申华控股,汽车服务,6.131853
698,2025-01-27,SH.KC_688390,固德威,光伏设备,6.131764
699,2025-01-27,SH.ZB_603887,城地香江,互联网服务,6.1308236
700,2025-01-24,SH.KC_688660,电气风电,风电设备,6.130354
701,2025-01-27,SH.KC_300581,晨曦航空,航天航空,6.129466
702,2025-01-27,SH.ZB_600986,浙文互联,文化传媒,6.1279354
703,2025-01-27,SZ.ZB_002765,蓝黛科技,光学光电子,6.1235948
704,2025-01-27,SZ.ZB_002031,巨轮智能,专用设备,6.1190205
705,2025-01-24,SH.ZB_601515,东峰集团,包装材料,6.1170235
706,2025-01-24,SH.KC_300063,天龙集团,文化传媒,6.1168776
707,2025-01-24,SH.KC_300007,汉威科技,仪器仪表,6.115262
708,2025-01-27,SH.KC_300044,赛为智能,互联网服务,6.106068
709,2025-01-27,SZ.ZB_002723,小崧股份,家电行业,6.1045365
710,2025-01-24,SH.ZB_601211,国泰君安,证券,6.1018867
711,2025-01-27,SZ.ZB_002811,郑中设计,专业服务,6.1006994
712,2025-01-27,SH.ZB_603021,山东华鹏,玻璃玻纤,6.1003075
713,2025-01-24,SH.KC_688165,埃夫特-U,通用设备,6.099811
714,2025-01-27,SZ.ZB_000665,湖北广电,文化传媒,6.0981183
715,2025-01-24,SH.ZB_605277,新亚电子,消费电子,6.095311
716,2025-01-24,SH.KC_688038,中科通达,软件开发,6.093791
717,2025-01-27,SZ.ZB_000068,华控赛格,环保行业,6.0927434
718,2025-01-27,SH.ZB_603719,良品铺子,食品饮料,6.0889125
719,2025-01-27,SH.KC_300473,德尔股份,汽车零部件,6.0865583
720,2025-01-27,SH.KC_300296,利亚德,光学光电子,6.084937
721,2025-01-24,SH.KC_300670,大烨智能,电网设备,6.0847445
722,2025-01-24,SZ.ZB_001255,博菲电气,化学原料,6.079574
723,2025-01-27,SH.KC_301383,天键股份,电子元件,6.0793624
724,2025-01-24,SH.KC_300901,中胤时尚,纺织服装,6.0793085
725,2025-01-24,SH.KC_301037,保立佳,化学制品,6.0746865
726,2025-01-27,SH.ZB_603305,旭升集团,汽车零部件,6.0733376
727,2025-01-27,SH.KC_300613,富瀚微,半导体,6.067084
728,2025-01-27,SZ.ZB_000929,兰州黄河,酿酒行业,6.066509
729,2025-01-27,SZ.ZB_000006,深振业Ａ,房地产开发,6.0608344
730,2025-01-24,SH.ZB_603214,爱婴室,商业百货,6.059788
731,2025-01-27,SZ.ZB_002829,星网宇达,通信设备,6.054154
732,2025-01-24,SH.KC_300245,天玑科技,互联网服务,6.053644
733,2025-01-24,SH.ZB_600358,国旅联合,互联网服务,6.0516253
734,2025-01-27,SH.KC_301486,致尚科技,消费电子,6.0461836
735,2025-01-24,SH.KC_301230,泓博医药,生物制品,6.0460033
736,2025-01-24,SH.ZB_600187,国中水务,公用事业,6.0451283
737,2025-01-24,SZ.ZB_002362,汉王科技,软件开发,6.0447874
738,2025-01-27,SH.KC_301325,曼恩斯特,电池,6.04469
739,2025-01-27,SZ.ZB_000698,沈阳化工,石油行业,6.0430927
740,2025-01-24,SZ.ZB_001301,尚太科技,非金属材料,6.041579
741,2025-01-24,SH.ZB_600889,南京化纤,化纤行业,6.040703
742,2025-01-24,SH.KC_688111,金山办公,软件开发,6.0397415
743,2025-01-27,SH.KC_688615,合合信息,软件开发,6.0362144
744,2025-01-27,SZ.ZB_003030,祖名股份,食品饮料,6.0358496
745,2025-01-27,SH.KC_300990,同飞股份,通用设备,6.0352116
746,2025-01-22,SH.KC_688350,富淼科技,化学制品,6.0327573
747,2025-01-27,SH.ZB_600744,华银电力,电力行业,6.0321884
748,2025-01-27,SH.KC_301399,英特科技,通用设备,6.024088
749,2025-01-27,SH.KC_688103,国力股份,电子元件,6.023249
750,2025-01-27,SH.KC_300224,正海磁材,小金属,6.0184345
751,2025-01-24,SZ.ZB_000678,襄阳轴承,汽车零部件,6.017983
752,2025-01-27,SZ.ZB_002899,英派斯,家用轻工,6.0178847
753,2025-01-27,SH.ZB_605136,丽人丽妆,商业百货,6.017844
754,2025-01-27,SH.ZB_600180,瑞茂通,物流行业,6.0101733
755,2025-01-24,SZ.ZB_000890,法尔胜,通用设备,6.0037794
756,2025-01-24,SH.KC_301310,鑫宏业,电网设备,6.0008183
757,2025-01-27,SZ.ZB_002190,成飞集成,汽车零部件,5.9995575
758,2025-01-27,SH.ZB_605108,同庆楼,旅游酒店,5.9974537
759,2025-01-24,SH.KC_301139,元道通信,通信服务,5.9967055
760,2025-01-27,SH.KC_300571,平治信息,通信服务,5.993749
761,2025-01-27,SH.KC_300155,安居宝,计算机设备,5.989893
762,2025-01-27,SH.KC_301558,三态股份,贸易行业,5.9783845
763,2025-01-24,SH.KC_688167,炬光科技,半导体,5.975808
764,2025-01-27,SZ.ZB_002103,广博股份,家用轻工,5.9753284
765,2025-01-27,SH.ZB_600666,奥瑞德,光学光电子,5.9737563
766,2025-01-27,SZ.ZB_002355,兴民智通,汽车零部件,5.970417
767,2025-01-24,SZ.ZB_002829,星网宇达,通信设备,5.96655
768,2025-01-27,SH.KC_300094,国联水产,食品饮料,5.9653625
769,2025-01-27,SH.KC_300805,电声股份,文化传媒,5.96443
770,2025-01-27,SH.KC_300903,科翔股份,电子元件,5.958532
771,2025-01-27,SH.KC_300494,盛天网络,游戏,5.9570894
772,2025-01-27,SH.KC_688327,云从科技-UW,软件开发,5.9551926
773,2025-01-27,SH.KC_300068,南都电源,电池,5.954799
774,2025-01-24,SH.KC_688361,中科飞测,半导体,5.9518814
775,2025-01-27,SH.KC_688700,东威科技,专用设备,5.947967
776,2025-01-27,SH.KC_300510,金冠股份,电网设备,5.94161
777,2025-01-24,SH.KC_300579,数字认证,软件开发,5.937101
778,2025-01-24,SZ.ZB_002582,好想你,食品饮料,5.9348836
779,2025-01-27,SZ.ZB_002459,晶澳科技,光伏设备,5.9345903
780,2025-01-27,SH.ZB_605081,太和水,环保行业,5.933027
781,2025-01-27,SH.KC_688373,盟科药业-U,生物制品,5.9328766
782,2025-01-24,SH.KC_301011,华立科技,专用设备,5.9306784
783,2025-01-24,SH.KC_300433,蓝思科技,消费电子,5.929245
784,2025-01-27,SH.KC_300141,和顺电气,电网设备,5.9271574
785,2025-01-27,SH.KC_688071,华依科技,汽车零部件,5.926332
786,2025-01-24,SH.KC_300322,硕贝德,消费电子,5.9260263
787,2025-01-27,SH.KC_300359,全通教育,教育,5.9251113
788,2025-01-24,SH.KC_300056,中创环保,环保行业,5.9237957
789,2025-01-24,SH.ZB_600463,空港股份,房地产开发,5.923702
790,2025-01-27,SH.KC_300266,兴源环境,环保行业,5.923663
791,2025-01-24,SH.KC_688372,伟测科技,半导体,5.922629
792,2025-01-27,SH.ZB_600629,华建集团,工程咨询服务,5.9224086
793,2025-01-27,SH.ZB_600990,四创电子,通信设备,5.921973
794,2025-01-24,SH.ZB_600881,亚泰集团,水泥建材,5.920312
795,2025-01-27,SH.ZB_600605,汇通能源,房地产服务,5.9193106
796,2025-01-27,SZ.ZB_002353,杰瑞股份,专用设备,5.918409
797,2025-01-27,SH.ZB_600126,杭钢股份,钢铁行业,5.916582
798,2025-01-24,SH.KC_688529,豪森智能,专用设备,5.9144335
799,2025-01-27,SH.KC_300403,汉宇集团,家电行业,5.9134917
800,2025-01-27,SH.ZB_601865,福莱特,光伏设备,5.9090347
801,2025-01-27,SH.KC_688311,盟升电子,通信设备,5.9055433
802,2025-01-24,SH.ZB_600345,长江通信,通信设备,5.9026318
803,2025-01-24,SH.KC_300612,宣亚国际,文化传媒,5.9024363
804,2025-01-24,SZ.ZB_000676,智度股份,互联网服务,5.89744
805,2025-01-27,SZ.ZB_002896,中大力德,通用设备,5.894527
806,2025-01-27,SZ.ZB_000031,大悦城,房地产开发,5.894512
807,2025-01-27,SH.ZB_603308,应流股份,通用设备,5.89388
808,2025-01-24,SH.ZB_600202,哈空调,电源设备,5.891305
809,2025-01-27,SH.KC_300925,法本信息,软件开发,5.8911505
810,2025-01-27,SH.KC_688332,中科蓝讯,半导体,5.8901176
811,2025-01-24,SH.KC_301558,三态股份,贸易行业,5.8817296
812,2025-01-24,SZ.ZB_001267,汇绿生态,工程建设,5.881016
813,2025-01-27,SZ.ZB_003021,兆威机电,电机,5.8804736
814,2025-01-27,SH.KC_300098,高新兴,软件开发,5.870761
815,2025-01-27,SH.KC_688709,成都华微,半导体,5.8703275
816,2025-01-27,SH.ZB_603118,共进股份,通信设备,5.8681326
817,2025-01-27,SH.KC_300583,赛托生物,化学制药,5.864735
818,2025-01-24,SH.KC_688651,盛邦安全,软件开发,5.864602
819,2025-01-24,SH.KC_300344,立方数科,软件开发,5.864452
820,2025-01-27,SH.KC_301066,万事利,纺织服装,5.863243
821,2025-01-24,SH.KC_688716,中研股份,塑料制品,5.8623834
822,2025-01-27,SZ.ZB_000833,粤桂股份,综合行业,5.857858
823,2025-01-27,SH.KC_301101,明月镜片,家用轻工,5.856164
824,2025-01-24,SH.KC_300792,壹网壹创,互联网服务,5.8552504
825,2025-01-27,SH.KC_301021,英诺激光,电子元件,5.850238
826,2025-01-24,SH.ZB_600193,创兴资源,装修装饰,5.849111
827,2025-01-27,SH.KC_300553,集智股份,仪器仪表,5.8487415
828,2025-01-27,SH.KC_300655,晶瑞电材,电子化学品,5.8464675
829,2025-01-27,SH.ZB_603859,能科科技,软件开发,5.841716
830,2025-01-27,SH.KC_688733,壹石通,非金属材料,5.8294578
831,2025-01-27,SZ.ZB_003013,地铁设计,工程咨询服务,5.829215
832,2025-01-27,SZ.ZB_000061,农 产 品,贸易行业,5.8249965
833,2025-01-24,SH.ZB_603086,先达股份,农药兽药,5.824125
834,2025-01-27,SH.ZB_603629,利通电子,消费电子,5.8224125
835,2025-01-27,SH.ZB_600769,祥龙电业,工程建设,5.8197064
836,2025-01-27,SZ.ZB_002012,凯恩股份,造纸印刷,5.8174653
837,2025-01-27,SH.KC_300290,荣科科技,互联网服务,5.8172064
838,2025-01-24,SH.KC_300812,易天股份,消费电子,5.8149605
839,2025-01-27,SH.KC_688598,金博股份,光伏设备,5.81065
840,2025-01-27,SH.ZB_605199,葫芦娃,中药,5.8052855
841,2025-01-27,SH.KC_300956,英力股份,消费电子,5.8046145
842,2025-01-24,SH.ZB_603291,联合水务,公用事业,5.8044014
843,2025-01-27,SH.KC_300379,东方通,软件开发,5.7977004
844,2025-01-27,SH.KC_688097,博众精工,专用设备,5.787855
845,2025-01-27,SH.KC_300852,四会富仕,电子元件,5.7874637
846,2025-01-24,SH.KC_688292,浩瀚深度,互联网服务,5.7849317
847,2025-01-27,SH.KC_300323,华灿光电,光学光电子,5.7847114
848,2025-01-27,SZ.ZB_002892,科力尔,电机,5.781335
849,2025-01-27,SH.KC_300010,豆神教育,教育,5.7810454
850,2025-01-27,SH.KC_300231,银信科技,互联网服务,5.779922
851,2025-01-24,SH.KC_300940,南极光,光学光电子,5.77925
852,2025-01-27,SH.KC_301487,盟固利,电池,5.7777033
853,2025-01-24,SH.ZB_603316,诚邦股份,工程建设,5.7675066
854,2025-01-24,SH.KC_300154,瑞凌股份,通用设备,5.7668076
855,2025-01-27,SZ.ZB_000995,皇台酒业,酿酒行业,5.7651596
856,2025-01-27,SZ.ZB_002358,森源电气,电网设备,5.7635026
857,2025-01-27,SH.ZB_605303,园林股份,工程建设,5.763215
858,2025-01-27,SZ.ZB_000757,浩物股份,汽车服务,5.762319
859,2025-01-24,SH.KC_300503,昊志机电,通用设备,5.760674
860,2025-01-27,SH.KC_688022,瀚川智能,专用设备,5.7602553
861,2025-01-27,SH.KC_688322,奥比中光-UW,电子元件,5.7549357
862,2025-01-24,SH.KC_301062,上海艾录,包装材料,5.7538524
863,2025-01-27,SH.KC_688132,邦彦技术,通信设备,5.7511525
864,2025-01-24,SH.KC_688362,甬矽电子,半导体,5.7499723
865,2025-01-27,SH.KC_688627,精智达,专用设备,5.7472124
866,2025-01-24,SZ.ZB_002117,东港股份,造纸印刷,5.7470574
867,2025-01-27,SH.KC_688333,铂力特,通用设备,5.7435884
868,2025-01-24,SZ.ZB_002495,佳隆股份,食品饮料,5.740042
869,2025-01-27,SH.ZB_600732,爱旭股份,光伏设备,5.7352037
870,2025-01-24,SH.KC_688062,迈威生物-U,生物制品,5.7329817
871,2025-01-24,SZ.ZB_002086,东方海洋,农牧饲渔,5.726442
872,2025-01-27,SH.KC_300829,金丹科技,食品饮料,5.724515
873,2025-01-27,SH.KC_688361,中科飞测,半导体,5.723956
874,2025-01-27,SH.KC_300603,立昂技术,通信服务,5.723667
875,2025-01-24,SZ.ZB_000929,兰州黄河,酿酒行业,5.7200894
876,2025-01-27,SH.KC_300694,蠡湖股份,汽车零部件,5.718312
877,2025-01-24,SH.ZB_600052,东望时代,公用事业,5.7156963
878,2025-01-27,SH.KC_300077,国民技术,半导体,5.7109504
879,2025-01-24,SZ.ZB_002072,凯瑞德,贸易行业,5.7106047
880,2025-01-24,SH.KC_688218,江苏北人,专用设备,5.709985
881,2025-01-27,SH.KC_300465,高伟达,软件开发,5.7096705
882,2025-01-24,SH.KC_300578,会畅通讯,通信服务,5.709438
883,2025-01-27,SH.ZB_603272,联翔股份,装修装饰,5.709386
884,2025-01-27,SZ.ZB_002348,高乐股份,家用轻工,5.7076826
885,2025-01-27,SZ.ZB_002577,雷柏科技,消费电子,5.7058516
886,2025-01-27,SH.ZB_600844,丹化科技,化学原料,5.7053447
887,2025-01-27,SH.KC_300884,狄耐克,计算机设备,5.704671
888,2025-01-27,SH.KC_300113,顺网科技,游戏,5.7010427
889,2025-01-27,SH.KC_300763,锦浪科技,光伏设备,5.695829
890,2025-01-24,SH.ZB_600480,凌云股份,汽车零部件,5.6942983
891,2025-01-24,SH.KC_300442,润泽科技,互联网服务,5.693452
892,2025-01-27,SH.KC_688172,燕东微,半导体,5.6930184
893,2025-01-24,SH.KC_688335,复洁环保,环保行业,5.6917233
894,2025-01-27,SH.ZB_600981,汇鸿集团,贸易行业,5.691616
895,2025-01-27,SZ.ZB_003001,中岩大地,工程咨询服务,5.6914196
896,2025-01-27,SZ.ZB_000796,凯撒旅业,旅游酒店,5.6909575
897,2025-01-27,SZ.ZB_002295,精艺股份,有色金属,5.6904974
898,2025-01-27,SH.KC_688017,绿的谐波,通用设备,5.6874394
899,2025-01-27,SZ.ZB_002862,实丰文化,家用轻工,5.6816473
900,2025-01-27,SH.KC_300420,五洋自控,通用设备,5.6803555
901,2025-01-27,SH.KC_688499,利元亨,电池,5.6799693
902,2025-01-24,SH.KC_300672,国科微,半导体,5.6762695
903,2025-01-27,SH.KC_300667,必创科技,仪器仪表,5.6733265
904,2025-01-27,SH.KC_300898,熊猫乳品,食品饮料,5.6701
905,2025-01-24,SH.KC_300127,银河磁体,小金属,5.665313
906,2025-01-27,SH.KC_300050,世纪鼎利,通信服务,5.6644382
907,2025-01-27,SH.KC_688521,芯原股份,半导体,5.663538
908,2025-01-24,SZ.ZB_002733,雄韬股份,电池,5.66313
909,2025-01-24,SH.KC_688392,骄成超声,专用设备,5.661094
910,2025-01-27,SH.KC_688737,中自科技,化学制品,5.6490498
911,2025-01-27,SH.KC_688037,芯源微,半导体,5.641806
912,2025-01-24,SZ.ZB_000592,平潭发展,农牧饲渔,5.638884
913,2025-01-27,SZ.ZB_002965,祥鑫科技,通用设备,5.6366444
914,2025-01-24,SH.ZB_605108,同庆楼,旅游酒店,5.636236
915,2025-01-27,SH.KC_300220,金运激光,电子元件,5.634983
916,2025-01-27,SH.KC_300459,汤姆猫,游戏,5.6323023
917,2025-01-27,SH.KC_300776,帝尔激光,光伏设备,5.632034
918,2025-01-24,SH.KC_688659,元琛科技,环保行业,5.6307974
919,2025-01-27,SH.KC_300130,新国都,计算机设备,5.6286006
920,2025-01-27,SZ.ZB_003004,声迅股份,计算机设备,5.626601
921,2025-01-27,SH.KC_301141,中科磁业,小金属,5.6242557
922,2025-01-24,SH.ZB_600837,海通证券,证券,5.6228833
923,2025-01-27,SZ.ZB_001322,箭牌家居,装修建材,5.6218357
924,2025-01-27,SH.KC_300710,万隆光电,通信设备,5.621661
925,2025-01-24,SH.KC_300043,星辉娱乐,游戏,5.620104
926,2025-01-27,SZ.ZB_000695,滨海能源,造纸印刷,5.619746
927,2025-01-27,SZ.ZB_003042,中农联合,农药兽药,5.617991
928,2025-01-27,SH.KC_300458,全志科技,半导体,5.6162834
929,2025-01-27,SZ.ZB_000678,襄阳轴承,汽车零部件,5.615947
930,2025-01-27,SH.ZB_603226,菲林格尔,装修建材,5.614285
931,2025-01-27,SH.KC_300663,科蓝软件,软件开发,5.6139827
932,2025-01-27,SH.ZB_600580,卧龙电驱,电机,5.6123123
933,2025-01-24,SH.KC_300570,太辰光,通信设备,5.60973
934,2025-01-27,SZ.ZB_000710,贝瑞基因,医疗器械,5.6093693
935,2025-01-27,SH.KC_300556,丝路视觉,软件开发,5.606331
936,2025-01-24,SH.ZB_605180,华生科技,纺织服装,5.606225
937,2025-01-24,SZ.ZB_001314,亿道信息,消费电子,5.603224
938,2025-01-24,SH.KC_301095,广立微,半导体,5.6007786
939,2025-01-27,SH.ZB_600593,大连圣亚,旅游酒店,5.599427
940,2025-01-27,SH.KC_301288,清研环境,环保行业,5.598843
941,2025-01-24,SH.KC_300550,和仁科技,软件开发,5.598757
942,2025-01-24,SH.ZB_600172,黄河旋风,非金属材料,5.5969224
943,2025-01-27,SH.KC_301127,天源环保,环保行业,5.596839
944,2025-01-27,SH.KC_300474,景嘉微,电子元件,5.593133
945,2025-01-27,SZ.ZB_000564,供销大集,商业百货,5.5864334
946,2025-01-27,SH.KC_688577,浙海德曼,通用设备,5.585955
947,2025-01-24,SH.KC_300232,洲明科技,光学光电子,5.5827036
948,2025-01-27,SH.KC_301010,晶雪节能,装修建材,5.580525
949,2025-01-27,SH.KC_300427,红相股份,电网设备,5.579428
950,2025-01-27,SH.KC_688167,炬光科技,半导体,5.5789933
951,2025-01-27,SZ.ZB_002072,凯瑞德,贸易行业,5.5758758
952,2025-01-27,SZ.ZB_002119,康强电子,半导体,5.5748553
953,2025-01-27,SH.ZB_600839,四川长虹,家电行业,5.5728154
954,2025-01-27,SH.KC_300245,天玑科技,互联网服务,5.5718346
955,2025-01-27,SH.ZB_603030,全筑股份,装修装饰,5.569871
956,2025-01-24,SZ.ZB_000158,常山北明,综合行业,5.5595264
957,2025-01-27,SH.KC_688123,聚辰股份,半导体,5.557434
958,2025-01-27,SH.KC_300103,达刚控股,专用设备,5.557409
959,2025-01-27,SH.KC_300968,格林精密,消费电子,5.5565777
960,2025-01-24,SH.ZB_600744,华银电力,电力行业,5.55622
961,2025-01-24,SZ.ZB_002329,皇氏集团,食品饮料,5.553982
962,2025-01-24,SZ.ZB_002723,小崧股份,家电行业,5.5538597
963,2025-01-27,SH.KC_301577,美信科技,电子元件,5.551864
964,2025-01-24,SH.ZB_603039,泛微网络,软件开发,5.5507674
965,2025-01-24,SH.KC_300968,格林精密,消费电子,5.5497913
966,2025-01-24,SH.ZB_600698,湖南天雁,汽车零部件,5.5427494
967,2025-01-27,SH.ZB_603269,海鸥股份,通用设备,5.542378
968,2025-01-24,SZ.ZB_002830,名雕股份,装修装饰,5.540019
969,2025-01-24,SH.KC_301076,新瀚新材,化学原料,5.5385976
970,2025-01-27,SH.KC_688275,万润新能,电池,5.538015
971,2025-01-27,SH.KC_688141,杰华特,半导体,5.5331426
972,2025-01-24,SZ.ZB_002765,蓝黛科技,光学光电子,5.532968
973,2025-01-27,SH.KC_688701,卓锦股份,环保行业,5.5323987
974,2025-01-27,SH.KC_300081,恒信东方,通信服务,5.529286
975,2025-01-27,SH.KC_300177,中海达,计算机设备,5.528915
976,2025-01-27,SZ.ZB_000599,青岛双星,橡胶制品,5.5282116
977,2025-01-24,SH.KC_688090,瑞松科技,专用设备,5.5275946
978,2025-01-24,SH.ZB_600692,亚通股份,房地产开发,5.5252657
979,2025-01-24,SZ.ZB_002819,东方中科,仪器仪表,5.5251093
980,2025-01-24,SH.KC_300927,江天化学,化学原料,5.5212736
981,2025-01-27,SH.KC_300551,古鳌科技,计算机设备,5.520612
982,2025-01-27,SH.KC_300961,深水海纳,环保行业,5.5199146
983,2025-01-24,SH.ZB_603583,捷昌驱动,专用设备,5.5191636
984,2025-01-24,SH.KC_300776,帝尔激光,光伏设备,5.517514
985,2025-01-27,SH.KC_300917,特发服务,房地产服务,5.516431
986,2025-01-27,SZ.ZB_002036,联创电子,光学光电子,5.512065
987,2025-01-27,SZ.ZB_002086,东方海洋,农牧饲渔,5.511685
988,2025-01-27,SZ.ZB_002660,茂硕电源,消费电子,5.508791
989,2025-01-27,SH.ZB_603063,禾望电气,风电设备,5.5061502
990,2025-01-27,SH.ZB_603316,诚邦股份,工程建设,5.50428
991,2025-01-24,SH.ZB_603135,中重科技,专用设备,5.5018573
992,2025-01-27,SZ.ZB_002551,尚荣医疗,医疗器械,5.494316
993,2025-01-27,SH.KC_300192,科德教育,教育,5.4933968
994,2025-01-27,SH.KC_300464,星徽股份,互联网服务,5.492453
995,2025-01-27,SH.ZB_600939,重庆建工,工程建设,5.491483
996,2025-01-27,SH.ZB_603955,大千生态,工程建设,5.4908514
997,2025-01-24,SH.KC_688039,当虹科技,互联网服务,5.489801
998,2025-01-27,SH.KC_301268,铭利达,通用设备,5.4886537
999,2025-01-27,SZ.ZB_000670,盈方微,半导体,5.4881573
1000,2025-01-27,SH.ZB_603819,神力股份,电机,5.4839983
1001,2025-01-27,SH.KC_300875,捷强装备,专用设备,5.4795666
1002,2025-01-27,SZ.ZB_002298,中电兴发,软件开发,5.4793415
1003,2025-01-27,SH.KC_301168,通灵股份,光伏设备,5.4789944
1004,2025-01-24,SH.KC_688115,思林杰,仪器仪表,5.477281
1005,2025-01-24,SH.KC_300887,谱尼测试,专业服务,5.4755316
1006,2025-01-24,SH.KC_301141,中科磁业,小金属,5.4735794
1007,2025-01-27,SH.KC_301004,嘉益股份,家用轻工,5.472794
1008,2025-01-27,SZ.ZB_002674,兴业科技,纺织服装,5.467826
1009,2025-01-27,SH.KC_688303,大全能源,光伏设备,5.4676547
1010,2025-01-24,SH.ZB_603308,应流股份,通用设备,5.4661856
1011,2025-01-24,SH.KC_301591,肯特股份,塑料制品,5.4645643
1012,2025-01-24,SH.ZB_600724,宁波富达,房地产开发,5.462995
1013,2025-01-27,SH.ZB_600807,济高发展,医疗器械,5.4628134
1014,2025-01-27,SZ.ZB_002423,中粮资本,多元金融,5.4623084
1015,2025-01-27,SZ.ZB_002445,中南文化,通用设备,5.4614964
1016,2025-01-27,SZ.ZB_002329,皇氏集团,食品饮料,5.4613814
1017,2025-01-27,SZ.ZB_002109,兴化股份,化学原料,5.4607434
1018,2025-01-24,SH.KC_688114,华大智造,医疗器械,5.4526343
1019,2025-01-27,SH.KC_301251,威尔高,电子元件,5.450563
1020,2025-01-27,SH.KC_300783,三只松鼠,食品饮料,5.4494457
1021,2025-01-24,SH.KC_688390,固德威,光伏设备,5.4473386
1022,2025-01-24,SH.ZB_603615,茶花股份,塑料制品,5.4437532
1023,2025-01-27,SH.KC_301368,丰立智能,通用设备,5.4393187
1024,2025-01-24,SH.KC_688172,燕东微,半导体,5.4337783
1025,2025-01-27,SH.ZB_600733,北汽蓝谷,汽车整车,5.432807
1026,2025-01-27,SH.ZB_603109,神驰机电,通用设备,5.4321036
1027,2025-01-24,SH.KC_688084,晶品特装,专用设备,5.431631
1028,2025-01-27,SZ.ZB_002931,锋龙股份,通用设备,5.4314656
1029,2025-01-24,SH.KC_300835,龙磁科技,小金属,5.4275126
1030,2025-01-27,SH.KC_300889,爱克股份,光学光电子,5.427404
1031,2025-01-24,SH.ZB_605055,迎丰股份,纺织服装,5.4266915
1032,2025-01-24,SH.KC_688208,道通科技,计算机设备,5.4266634
1033,2025-01-27,SH.ZB_603366,日出东方,家电行业,5.422388
1034,2025-01-27,SH.KC_301208,中亦科技,软件开发,5.4203987
1035,2025-01-27,SH.KC_300017,网宿科技,互联网服务,5.415164
1036,2025-01-27,SH.KC_688234,天岳先进,半导体,5.415006
1037,2025-01-27,SH.KC_688277,天智航-U,医疗器械,5.4139824
1038,2025-01-24,SH.KC_300415,伊之密,专用设备,5.4135365
1039,2025-01-27,SH.ZB_600657,信达地产,房地产开发,5.408712
1040,2025-01-27,SH.KC_300051,琏升科技,光伏设备,5.4057865
1041,2025-01-24,SZ.ZB_000665,湖北广电,文化传媒,5.4048524
1042,2025-01-24,SH.ZB_605081,太和水,环保行业,5.403234
1043,2025-01-24,SH.KC_300211,亿通科技,通信服务,5.402178
1044,2025-01-24,SH.ZB_605128,上海沿浦,汽车零部件,5.3978295
1045,2025-01-24,SZ.ZB_000421,南京公用,燃气,5.397639
1046,2025-01-27,SZ.ZB_002759,天际股份,电池,5.3970575
1047,2025-01-27,SH.KC_688117,圣诺生物,化学制药,5.3955407
1048,2025-01-27,SH.KC_300466,赛摩智能,电网设备,5.395265
1049,2025-01-24,SH.KC_301031,中熔电气,电网设备,5.3938227
1050,2025-01-27,SZ.ZB_000096,广聚能源,石油行业,5.393806
1051,2025-01-27,SZ.ZB_000815,美利云,造纸印刷,5.393092
1052,2025-01-27,SH.KC_688299,长阳科技,光学光电子,5.3920774
1053,2025-01-24,SH.ZB_603386,骏亚科技,电子元件,5.3913207
1054,2025-01-24,SH.KC_300155,安居宝,计算机设备,5.391297
1055,2025-01-27,SZ.ZB_000868,安凯客车,汽车整车,5.3903875
1056,2025-01-27,SH.ZB_603950,长源东谷,汽车零部件,5.3867116
1057,2025-01-24,SH.KC_300949,奥雅股份,工程咨询服务,5.382943
1058,2025-01-27,SZ.ZB_002520,日发精机,通用设备,5.381542
1059,2025-01-27,SH.KC_300382,斯莱克,专用设备,5.381134
1060,2025-01-27,SZ.ZB_001269,欧晶科技,光伏设备,5.3807216
1061,2025-01-27,SH.KC_300708,聚灿光电,光学光电子,5.378188
1062,2025-01-27,SZ.ZB_002427,尤夫股份,化纤行业,5.3781047
1063,2025-01-27,SH.ZB_603990,麦迪科技,软件开发,5.3768845
1064,2025-01-27,SZ.ZB_000430,张家界,旅游酒店,5.3763585
1065,2025-01-27,SH.KC_301068,大地海洋,环保行业,5.369936
1066,2025-01-27,SH.KC_301380,挖金客,互联网服务,5.3696914
1067,2025-01-27,SZ.ZB_002112,三变科技,电网设备,5.368653
1068,2025-01-27,SZ.ZB_000590,启迪药业,中药,5.362676
1069,2025-01-27,SZ.ZB_000561,烽火电子,通信设备,5.361372
1070,2025-01-27,SH.KC_301259,艾布鲁,环保行业,5.358112
1071,2025-01-24,SH.KC_300152,新动力,环保行业,5.35602
1072,2025-01-24,SZ.ZB_000010,美丽生态,工程建设,5.3559318
1073,2025-01-24,SZ.ZB_000887,中鼎股份,汽车零部件,5.355908
1074,2025-01-27,SH.KC_301302,华如科技,软件开发,5.3538294
1075,2025-01-27,SH.KC_300640,德艺文创,家用轻工,5.352947
1076,2025-01-27,SZ.ZB_000679,大连友谊,商业百货,5.3515615
1077,2025-01-27,SH.KC_300647,超频三,消费电子,5.3495884
1078,2025-01-27,SZ.ZB_000802,北京文化,文化传媒,5.3489
1079,2025-01-24,SZ.ZB_002542,中化岩土,工程建设,5.347045
1080,2025-01-24,SH.KC_300749,顶固集创,装修建材,5.345754
1081,2025-01-24,SZ.ZB_002358,森源电气,电网设备,5.3390265
1082,2025-01-27,SH.KC_688184,帕瓦股份,电池,5.338903
1083,2025-01-14,SH.KC_688667,菱电电控,汽车零部件,5.3382797
1084,2025-01-24,SH.KC_300366,创意信息,软件开发,5.3372755
1085,2025-01-24,SH.ZB_603337,杰克股份,专用设备,5.336262
1086,2025-01-27,SZ.ZB_000635,英 力 特,化学原料,5.3342566
1087,2025-01-24,SZ.ZB_002611,东方精工,专用设备,5.3340673
1088,2025-01-27,SZ.ZB_002369,卓翼科技,消费电子,5.3291335
1089,2025-01-24,SZ.ZB_003013,地铁设计,工程咨询服务,5.326989
1090,2025-01-27,SH.KC_300859,西域旅游,旅游酒店,5.3268285
1091,2025-01-24,SZ.ZB_002400,省广集团,文化传媒,5.325405
1092,2025-01-24,SH.KC_300081,恒信东方,通信服务,5.3238616
1093,2025-01-24,SH.KC_688377,迪威尔,专用设备,5.3233805
1094,2025-01-27,SH.KC_300846,首都在线,互联网服务,5.318354
1095,2025-01-27,SH.ZB_600192,长城电工,电网设备,5.3172336
1096,2025-01-27,SH.ZB_600520,文一科技,专用设备,5.3154125
1097,2025-01-27,SH.KC_300237,美晨科技,汽车零部件,5.312811
1098,2025-01-27,SZ.ZB_002211,宏达新材,化学制品,5.3122134
1099,2025-01-27,SH.KC_300317,珈伟新能,光伏设备,5.310623
1100,2025-01-24,SZ.ZB_002279,久其软件,软件开发,5.310312
1101,2025-01-24,SH.KC_301082,久盛电气,电网设备,5.3071737
1102,2025-01-24,SH.KC_688239,航宇科技,航天航空,5.3069296
1103,2025-01-27,SH.KC_688107,安路科技,半导体,5.3058295
1104,2025-01-24,SH.KC_301030,仕净科技,专用设备,5.3050666
1105,2025-01-24,SH.KC_300405,科隆股份,化学制品,5.303137
1106,2025-01-27,SH.ZB_601162,天风证券,证券,5.296144
1107,2025-01-24,SZ.ZB_002757,南兴股份,专用设备,5.29578
1108,2025-01-27,SH.KC_301421,波长光电,光学光电子,5.2945404
1109,2025-01-24,SH.KC_300781,因赛集团,文化传媒,5.292474
1110,2025-01-27,SH.ZB_603033,三维股份,橡胶制品,5.2886353
1111,2025-01-27,SH.ZB_600163,中闽能源,电力行业,5.2886305
1112,2025-01-27,SH.KC_688262,国芯科技,半导体,5.287707
1113,2025-01-27,SZ.ZB_000932,华菱钢铁,钢铁行业,5.2871704
1114,2025-01-24,SH.KC_301259,艾布鲁,环保行业,5.2862005
1115,2025-01-27,SZ.ZB_002902,铭普光磁,通信设备,5.284205
1116,2025-01-27,SH.KC_688218,江苏北人,专用设备,5.283247
1117,2025-01-27,SH.KC_300894,火星人,家电行业,5.282414
1118,2025-01-27,SZ.ZB_002400,省广集团,文化传媒,5.2799554
1119,2025-01-27,SH.KC_300518,新迅达,互联网服务,5.278729
1120,2025-01-27,SH.ZB_603011,合锻智能,专用设备,5.2769513
1121,2025-01-27,SZ.ZB_002915,中欣氟材,化学制品,5.2768574
1122,2025-01-27,SH.KC_301007,德迈仕,汽车零部件,5.2768216
1123,2025-01-27,SH.KC_300380,安硕信息,软件开发,5.276248
1124,2025-01-27,SZ.ZB_002992,宝明科技,光学光电子,5.2752213
1125,2025-01-27,SH.ZB_600673,东阳光,综合行业,5.2733197
1126,2025-01-27,SH.ZB_600480,凌云股份,汽车零部件,5.2731605
1127,2025-01-27,SH.KC_300935,盈建科,软件开发,5.2701697
1128,2025-01-24,SH.ZB_600487,亨通光电,通信设备,5.268224
1129,2025-01-27,SH.KC_300876,蒙泰高新,化纤行业,5.266698
1130,2025-01-27,SZ.ZB_003033,征和工业,汽车零部件,5.2656054
1131,2025-01-24,SZ.ZB_002467,二六三,通信服务,5.263813
1132,2025-01-27,SZ.ZB_002603,以岭药业,中药,5.261968
1133,2025-01-27,SH.KC_300593,新雷能,电源设备,5.259019
1134,2025-01-27,SZ.ZB_002849,威星智能,仪器仪表,5.258344
1135,2025-01-27,SZ.ZB_000785,居然智家,商业百货,5.255191
1136,2025-01-27,SZ.ZB_002420,毅昌科技,家电行业,5.2532153
1137,2025-01-24,SH.ZB_600624,复旦复华,综合行业,5.2507386
1138,2025-01-24,SZ.ZB_000627,天茂集团,保险,5.250293
1139,2025-01-27,SH.KC_301069,凯盛新材,化学原料,5.250159
1140,2025-01-27,SH.KC_301429,森泰股份,装修建材,5.247517
1141,2025-01-27,SH.ZB_600865,百大集团,商业百货,5.247037
1142,2025-01-27,SH.KC_301299,卓创资讯,互联网服务,5.2468762
1143,2025-01-24,SH.KC_300925,法本信息,软件开发,5.2468076
1144,2025-01-27,SH.KC_688153,唯捷创芯,半导体,5.245091
1145,2025-01-24,SH.ZB_603806,福斯特,光伏设备,5.2414804
1146,2025-01-27,SH.ZB_603988,中电电机,电机,5.240932
1147,2025-01-27,SH.KC_300043,星辉娱乐,游戏,5.239536
1148,2025-01-24,SZ.ZB_002446,盛路通信,通信设备,5.2376986
1149,2025-01-27,SZ.ZB_002177,御银股份,计算机设备,5.237289
1150,2025-01-27,SH.ZB_600206,有研新材,小金属,5.2369237
1151,2025-01-24,SH.KC_688503,聚和材料,光伏设备,5.236627
1152,2025-01-27,SH.KC_300681,英搏尔,汽车零部件,5.231333
1153,2025-01-24,SH.KC_300652,雷迪克,汽车零部件,5.23123
1154,2025-01-24,SZ.ZB_000932,华菱钢铁,钢铁行业,5.2312284
1155,2025-01-24,SZ.ZB_001313,粤海饲料,农牧饲渔,5.230276
1156,2025-01-24,SZ.ZB_002123,梦网科技,通信服务,5.229734
1157,2025-01-27,SZ.ZB_002312,川发龙蟒,化肥行业,5.228835
1158,2025-01-24,SH.ZB_600397,安源煤业,煤炭行业,5.228408
1159,2025-01-24,SZ.ZB_002947,恒铭达,消费电子,5.227628
1160,2025-01-27,SH.ZB_600936,广西广电,文化传媒,5.2264705
1161,2025-01-27,SZ.ZB_002638,勤上股份,光学光电子,5.226195
1162,2025-01-24,SH.KC_688123,聚辰股份,半导体,5.2259727
1163,2025-01-24,SH.ZB_600080,金花股份,中药,5.2231355
1164,2025-01-27,SH.KC_300449,汉邦高科,计算机设备,5.2230744
1165,2025-01-27,SH.KC_688721,龙图光罩,半导体,5.220857
1166,2025-01-27,SH.KC_300572,安车检测,专业服务,5.2179365
1167,2025-01-24,SH.KC_688737,中自科技,化学制品,5.217409
1168,2025-01-27,SZ.ZB_002272,川润股份,工程机械,5.2149982
1169,2025-01-27,SH.ZB_603969,银龙股份,通用设备,5.21231
1170,2025-01-24,SH.KC_300559,佳发教育,软件开发,5.211541
1171,2025-01-27,SH.KC_688535,华海诚科,半导体,5.211073
1172,2025-01-24,SZ.ZB_003037,三和管桩,水泥建材,5.2099214
1173,2025-01-27,SH.KC_300393,中来股份,光伏设备,5.2073674
1174,2025-01-24,SH.KC_300679,电连技术,消费电子,5.2070694
1175,2025-01-27,SH.ZB_603059,倍加洁,美容护理,5.20577
1176,2025-01-24,SH.KC_688670,金迪克,化学制药,5.204883
1177,2025-01-27,SH.KC_301176,逸豪新材,电子元件,5.203003
1178,2025-01-27,SH.KC_301329,信音电子,电子元件,5.200164
1179,2025-01-27,SZ.ZB_002131,利欧股份,互联网服务,5.1992207
1180,2025-01-27,SH.ZB_603912,佳力图,专用设备,5.1983147
1181,2025-01-27,SH.KC_301255,通力科技,通用设备,5.1978455
1182,2025-01-27,SH.KC_300835,龙磁科技,小金属,5.197084
1183,2025-01-27,SH.KC_688159,有方科技,通信设备,5.196227
1184,2025-01-24,SH.KC_688695,中创股份,软件开发,5.195409
1185,2025-01-27,SZ.ZB_002689,远大智能,专用设备,5.19246
1186,2025-01-24,SH.ZB_601727,上海电气,电源设备,5.1916747
1187,2025-01-27,SH.KC_301110,青木科技,互联网服务,5.1915274
1188,2025-01-24,SH.KC_301313,凡拓数创,软件开发,5.189699
1189,2025-01-27,SH.ZB_603016,新宏泰,电网设备,5.189322
1190,2025-01-27,SH.KC_300746,汉嘉设计,工程咨询服务,5.18731
1191,2025-01-27,SZ.ZB_002025,航天电器,电子元件,5.1857753
1192,2025-01-24,SH.KC_300660,江苏雷利,电机,5.1851854
1193,2025-01-24,SH.ZB_600133,东湖高新,工程建设,5.184203
1194,2025-01-24,SH.ZB_600589,大位科技,互联网服务,5.1776514
1195,2025-01-27,SH.KC_688300,联瑞新材,非金属材料,5.1760716
1196,2025-01-27,SZ.ZB_000692,惠天热电,公用事业,5.1730022
1197,2025-01-24,SH.KC_688515,裕太微-U,半导体,5.1718564
1198,2025-01-24,SH.KC_300359,全通教育,教育,5.170728
1199,2025-01-27,SH.ZB_600113,浙江东日,综合行业,5.1688223
1200,2025-01-27,SH.KC_300921,南凌科技,通信服务,5.167936
1201,2025-01-24,SZ.ZB_002600,领益智造,消费电子,5.167393
1202,2025-01-27,SZ.ZB_002319,乐通股份,化学制品,5.1627293
1203,2025-01-24,SH.KC_688004,博汇科技,互联网服务,5.162166
1204,2025-01-27,SH.KC_688665,四方光电,仪器仪表,5.161768
1205,2025-01-27,SZ.ZB_002678,珠江钢琴,家用轻工,5.1600175
1206,2025-01-24,SH.KC_688316,青云科技-U,互联网服务,5.158256
1207,2025-01-27,SH.KC_301036,双乐股份,化学制品,5.158168
1208,2025-01-27,SH.KC_300987,川网传媒,文化传媒,5.1571803
1209,2025-01-27,SZ.ZB_002991,甘源食品,食品饮料,5.1535187
1210,2025-01-27,SH.KC_688003,天准科技,通用设备,5.151251
1211,2025-01-27,SZ.ZB_002775,文科股份,工程建设,5.148196
1212,2025-01-27,SH.KC_301392,汇成真空,专用设备,5.14171
1213,2025-01-27,SZ.ZB_000962,东方钽业,小金属,5.140127
1214,2025-01-24,SH.KC_300153,科泰电源,电源设备,5.1388516
1215,2025-01-24,SH.ZB_603636,南威软件,互联网服务,5.138151
1216,2025-01-27,SH.ZB_600654,中安科,软件开发,5.137302
1217,2025-01-24,SH.KC_300751,迈为股份,光伏设备,5.13463
1218,2025-01-27,SH.KC_300713,英可瑞,电源设备,5.1334753
1219,2025-01-27,SZ.ZB_002596,海南瑞泽,水泥建材,5.13342
1220,2025-01-24,SH.KC_300665,飞鹿股份,化学制品,5.1305532
1221,2025-01-27,SH.KC_300892,品渥食品,食品饮料,5.1297903
1222,2025-01-24,SH.ZB_600706,曲江文旅,旅游酒店,5.129592
1223,2025-01-27,SH.KC_300232,洲明科技,光学光电子,5.12663
1224,2025-01-27,SZ.ZB_002439,启明星辰,软件开发,5.1264687
1225,2025-01-27,SH.KC_301261,恒工精密,通用设备,5.1256194
1226,2025-01-27,SH.KC_301357,北方长龙,汽车零部件,5.125323
1227,2025-01-27,SH.KC_300461,田中精机,专用设备,5.122006
1228,2025-01-27,SH.KC_688392,骄成超声,专用设备,5.121079
1229,2025-01-24,SZ.ZB_002494,华斯股份,纺织服装,5.120435
1230,2025-01-24,SH.KC_300148,天舟文化,游戏,5.1198645
1231,2025-01-24,SH.KC_688021,奥福环保,环保行业,5.1197157
1232,2025-01-24,SH.KC_300235,方直科技,软件开发,5.117485
1233,2025-01-27,SH.KC_688256,寒武纪-U,半导体,5.115631
1234,2025-01-27,SH.KC_300046,台基股份,半导体,5.1138444
1235,2025-01-27,SZ.ZB_002362,汉王科技,软件开发,5.10944
1236,2025-01-24,SZ.ZB_002225,濮耐股份,装修建材,5.1039653
1237,2025-01-27,SZ.ZB_000980,众泰汽车,汽车整车,5.1039324
1238,2025-01-24,SH.ZB_600800,渤海化学,化学制品,5.097969
1239,2025-01-27,SH.ZB_600159,大龙地产,房地产开发,5.0966873
1240,2025-01-27,SH.KC_688108,赛诺医疗,医疗器械,5.096397
1241,2025-01-27,SH.KC_300322,硕贝德,消费电子,5.0963564
1242,2025-01-27,SZ.ZB_000421,南京公用,燃气,5.095987
1243,2025-01-27,SH.KC_300490,华自科技,电网设备,5.0950036
1244,2025-01-27,SH.KC_688360,德马科技,通用设备,5.0935283
1245,2025-01-27,SH.ZB_605337,李子园,食品饮料,5.0918283
1246,2025-01-27,SH.KC_301552,科力装备,汽车零部件,5.090411
1247,2025-01-27,SH.ZB_603656,泰禾智能,专用设备,5.088301
1248,2025-01-27,SZ.ZB_000545,金浦钛业,化学原料,5.0879807
1249,2025-01-24,SH.KC_300224,正海磁材,小金属,5.0871058
1250,2025-01-27,SH.KC_300866,安克创新,消费电子,5.086818
1251,2025-01-24,SH.KC_300123,亚光科技,船舶制造,5.0855713
1252,2025-01-24,SH.KC_300115,长盈精密,消费电子,5.0813107
1253,2025-01-24,SH.ZB_603533,掌阅科技,文化传媒,5.080578
1254,2025-01-27,SH.ZB_600545,卓郎智能,专用设备,5.0801573
1255,2025-01-27,SZ.ZB_000530,冰山冷热,通用设备,5.075653
1256,2025-01-27,SH.KC_300904,威力传动,风电设备,5.073856
1257,2025-01-27,SH.KC_301502,华阳智能,电机,5.0718813
1258,2025-01-27,SH.KC_300179,四方达,通用设备,5.070934
1259,2025-01-27,SH.ZB_600973,宝胜股份,电网设备,5.067353
1260,2025-01-24,SH.KC_688345,博力威,电池,5.067219
1261,2025-01-27,SZ.ZB_002115,三维通信,互联网服务,5.061421
1262,2025-01-24,SH.KC_300488,恒锋工具,通用设备,5.0555286
1263,2025-01-27,SH.KC_300484,蓝海华腾,专用设备,5.054015
1264,2025-01-27,SH.ZB_600968,海油发展,采掘行业,5.0530076
1265,2025-01-24,SH.KC_300095,华伍股份,通用设备,5.052553
1266,2025-01-24,SH.ZB_603138,海量数据,软件开发,5.0521793
1267,2025-01-24,SZ.ZB_000905,厦门港务,航运港口,5.0518675
1268,2025-01-24,SZ.ZB_002735,王子新材,包装材料,5.0514846
1269,2025-01-27,SH.ZB_600589,大位科技,互联网服务,5.050616
1270,2025-01-27,SH.KC_300709,精研科技,消费电子,5.049218
1271,2025-01-27,SH.KC_688001,华兴源创,专用设备,5.049123
1272,2025-01-27,SH.KC_300058,蓝色光标,文化传媒,5.0466614
1273,2025-01-27,SZ.ZB_002843,泰嘉股份,消费电子,5.0461335
1274,2025-01-27,SH.KC_300779,惠城环保,环保行业,5.0444813
1275,2025-01-27,SH.ZB_603232,格尔软件,软件开发,5.0441685
1276,2025-01-27,SH.KC_300042,朗科科技,半导体,5.043846
1277,2025-01-27,SZ.ZB_002514,宝馨科技,通用设备,5.0425158
1278,2025-01-24,SZ.ZB_002712,思美传媒,文化传媒,5.042328
1279,2025-01-24,SH.KC_688573,信宇人,电池,5.0414233
1280,2025-01-27,SH.ZB_603002,宏昌电子,电子化学品,5.0410776
1281,2025-01-27,SH.KC_300040,九洲集团,电网设备,5.0380797
1282,2025-01-24,SZ.ZB_002762,金发拉比,纺织服装,5.0378428
1283,2025-01-27,SH.KC_688110,东芯股份,半导体,5.0374584
1284,2025-01-24,SH.KC_300459,汤姆猫,游戏,5.0372453
1285,2025-01-27,SH.KC_300530,领湃科技,电池,5.0369754
1286,2025-01-27,SH.ZB_601360,三六零,软件开发,5.036813
1287,2025-01-27,SH.KC_300405,科隆股份,化学制品,5.033089
1288,2025-01-24,SZ.ZB_002315,焦点科技,互联网服务,5.0330386
1289,2025-01-24,SH.KC_688686,奥普特,仪器仪表,5.0322337
1290,2025-01-24,SZ.ZB_002605,姚记科技,游戏,5.031772
1291,2025-01-24,SH.KC_688016,心脉医疗,医疗器械,5.030918
1292,2025-01-27,SH.KC_300374,中铁装配,装修装饰,5.0299587
1293,2025-01-27,SH.KC_688035,德邦科技,电子元件,5.0298333
1294,2025-01-27,SH.KC_300670,大烨智能,电网设备,5.0297318
1295,2025-01-24,SH.ZB_600824,益民集团,商业百货,5.0271077
1296,2025-01-24,SZ.ZB_002737,葵花药业,中药,5.026546
1297,2025-01-27,SZ.ZB_002323,雅博股份,装修建材,5.026302
1298,2025-01-27,SH.KC_300331,苏大维格,光学光电子,5.024986
1299,2025-01-27,SH.ZB_603808,歌力思,纺织服装,5.0248103
1300,2025-01-27,SH.ZB_603536,惠发食品,食品饮料,5.023946
1301,2025-01-27,SZ.ZB_000520,凤凰航运,航运港口,5.023779
1302,2025-01-24,SH.KC_301157,华塑科技,计算机设备,5.022894
1303,2025-01-27,SH.ZB_600151,航天机电,光伏设备,5.0228806
1304,2025-01-27,SH.ZB_605218,伟时电子,光学光电子,5.022426
1305,2025-01-24,SZ.ZB_002170,芭田股份,化肥行业,5.0189214
1306,2025-01-27,SH.KC_300554,三超新材,通用设备,5.0183697
1307,2025-01-27,SZ.ZB_002778,中晟高科,石油行业,5.0173163
1308,2025-01-24,SH.KC_300790,宇瞳光学,光学光电子,5.015522
1309,2025-01-24,SH.ZB_600868,梅雁吉祥,电力行业,5.015397
1310,2025-01-27,SZ.ZB_002347,泰尔股份,通用设备,5.0144153
1311,2025-01-27,SZ.ZB_000813,德展健康,化学制药,5.0133214
1312,2025-01-24,SZ.ZB_002667,威领股份,能源金属,5.012806
1313,2025-01-27,SH.KC_688343,云天励飞-U,软件开发,5.0122933
1314,2025-01-27,SZ.ZB_002123,梦网科技,通信服务,5.011602
1315,2025-01-27,SH.KC_301071,力量钻石,非金属材料,5.0107164
1316,2025-01-27,SH.ZB_600727,鲁北化工,化学原料,5.006893
1317,2025-01-24,SH.KC_300836,佰奥智能,专用设备,5.006103
1318,2025-01-27,SH.ZB_603038,华立股份,装修装饰,5.004749
1319,2025-01-27,SH.KC_688533,上声电子,汽车零部件,5.0039797
1320,2025-01-24,SH.KC_300177,中海达,计算机设备,5.0037847
1321,2025-01-27,SZ.ZB_002923,润都股份,化学制药,5.0026565
1322,2025-01-27,SH.ZB_603278,大业股份,通用设备,5.0023093
1323,2025-01-27,SZ.ZB_003011,海象新材,塑料制品,4.995926
1324,2025-01-27,SZ.ZB_002842,翔鹭钨业,小金属,4.9948363
1325,2025-01-24,SH.KC_301302,华如科技,软件开发,4.9947395
1326,2025-01-27,SH.KC_300339,润和软件,软件开发,4.9936714
1327,2025-01-27,SZ.ZB_000977,浪潮信息,计算机设备,4.9900146
1328,2025-01-27,SZ.ZB_002547,春兴精工,汽车零部件,4.9864726
1329,2025-01-27,SZ.ZB_000797,中国武夷,房地产开发,4.9850836
1330,2025-01-27,SH.ZB_601226,华电科工,工程机械,4.9835773
1331,2025-01-27,SH.KC_300067,安诺其,化学制品,4.9814625
1332,2025-01-27,SH.ZB_603518,锦泓集团,纺织服装,4.980661
1333,2025-01-24,SH.KC_300827,上能电气,光伏设备,4.9800115
1334,2025-01-24,SH.KC_688183,生益电子,电子元件,4.9794793
1335,2025-01-27,SH.ZB_605180,华生科技,纺织服装,4.978636
1336,2025-01-27,SH.ZB_600265,景谷林业,农牧饲渔,4.978247
1337,2025-01-27,SH.KC_688072,拓荆科技,半导体,4.976718
1338,2025-01-27,SH.KC_300045,华力创通,计算机设备,4.9732046
1339,2025-01-27,SH.KC_301266,宇邦新材,光伏设备,4.972997
1340,2025-01-24,SZ.ZB_002945,华林证券,证券,4.9725294
1341,2025-01-24,SH.ZB_600622,光大嘉宝,房地产开发,4.9723864
1342,2025-01-27,SH.KC_300383,光环新网,互联网服务,4.9687343
1343,2025-01-27,SH.KC_688339,亿华通-U,电池,4.9684567
1344,2025-01-24,SZ.ZB_000533,顺钠股份,电网设备,4.9665837
1345,2025-01-27,SH.KC_688776,国光电气,电子元件,4.965709
1346,2025-01-27,SZ.ZB_002096,易普力,化学制品,4.9651103
1347,2025-01-24,SH.KC_300190,维尔利,环保行业,4.964322
1348,2025-01-24,SZ.ZB_002241,歌尔股份,消费电子,4.9640746
1349,2025-01-24,SZ.ZB_002637,赞宇科技,化学制品,4.9638214
1350,2025-01-27,SH.ZB_600869,远东股份,电网设备,4.9636884
1351,2025-01-27,SH.KC_300900,广联航空,航天航空,4.9629464
1352,2025-01-27,SH.KC_300952,恒辉安防,纺织服装,4.961835
1353,2025-01-27,SH.ZB_600622,光大嘉宝,房地产开发,4.961692
1354,2025-01-24,SH.KC_300756,金马游乐,旅游酒店,4.9601345
1355,2025-01-27,SH.KC_688193,仁度生物,生物制品,4.9594164
1356,2025-01-27,SZ.ZB_000663,永安林业,装修建材,4.958457
1357,2025-01-24,SH.ZB_603031,安孚科技,电池,4.9568295
1358,2025-01-24,SZ.ZB_002423,中粮资本,多元金融,4.9563513
1359,2025-01-24,SH.KC_300288,朗玛信息,互联网服务,4.956299
1360,2025-01-24,SZ.ZB_002717,岭南股份,环保行业,4.95473
1361,2025-01-27,SH.KC_300497,富祥药业,化学制药,4.9536886
1362,2025-01-27,SH.ZB_603386,骏亚科技,电子元件,4.9513845
1363,2025-01-27,SZ.ZB_002630,华西能源,电源设备,4.950914
1364,2025-01-24,SH.KC_300047,天源迪科,软件开发,4.9501433
1365,2025-01-27,SH.KC_300698,万马科技,通信设备,4.9499884
1366,2025-01-27,SH.KC_688685,迈信林,航天航空,4.9486995
1367,2025-01-27,SH.KC_688175,高凌信息,通信设备,4.948358
1368,2025-01-27,SZ.ZB_002414,高德红外,电子元件,4.9477444
1369,2025-01-27,SH.KC_300795,米奥会展,文化传媒,4.9475164
1370,2025-01-24,SZ.ZB_002420,毅昌科技,家电行业,4.945737
1371,2025-01-24,SH.ZB_603659,璞泰来,电池,4.9445195
1372,2025-01-27,SH.KC_300590,移为通信,通信设备,4.9419627
1373,2025-01-24,SH.KC_301025,读客文化,文化传媒,4.9390597
1374,2025-01-24,SZ.ZB_002441,众业达,电网设备,4.9386516
1375,2025-01-24,SZ.ZB_000818,航锦科技,化学原料,4.9370556
1376,2025-01-24,SH.KC_300884,狄耐克,计算机设备,4.9351783
1377,2025-01-27,SZ.ZB_002536,飞龙股份,汽车零部件,4.934837
1378,2025-01-24,SZ.ZB_002131,利欧股份,互联网服务,4.93456
1379,2025-01-27,SH.ZB_603121,华培动力,汽车零部件,4.934201
1380,2025-01-27,SH.KC_300825,阿尔特,汽车服务,4.9333887
1381,2025-01-27,SH.KC_300095,华伍股份,通用设备,4.9329667
1382,2025-01-27,SH.KC_300353,东土科技,通信设备,4.932842
1383,2025-01-27,SH.KC_300580,贝斯特,汽车零部件,4.93205
1384,2025-01-27,SH.KC_301568,思泰克,专用设备,4.93121
1385,2025-01-27,SZ.ZB_001212,中旗新材,装修装饰,4.9301147
1386,2025-01-27,SH.KC_300660,江苏雷利,电机,4.9296827
1387,2025-01-27,SH.KC_688162,巨一科技,专用设备,4.9291077
1388,2025-01-24,SZ.ZB_002917,金奥博,化学制品,4.928924
1389,2025-01-27,SH.KC_688077,大地熊,小金属,4.928577
1390,2025-01-27,SH.KC_688778,厦钨新能,电池,4.928109
1391,2025-01-24,SZ.ZB_002138,顺络电子,电子元件,4.9275966
1392,2025-01-27,SZ.ZB_002670,国盛金控,证券,4.9268427
1393,2025-01-27,SH.KC_300432,富临精工,汽车零部件,4.925938
1394,2025-01-24,SH.KC_688277,天智航-U,医疗器械,4.9252567
1395,2025-01-24,SH.KC_688083,中望软件,软件开发,4.925184
1396,2025-01-24,SZ.ZB_000761,本钢板材,钢铁行业,4.92499
1397,2025-01-24,SH.ZB_603868,飞科电器,家电行业,4.9245043
1398,2025-01-27,SZ.ZB_002277,友阿股份,商业百货,4.9243765
1399,2025-01-27,SH.ZB_600620,天宸股份,综合行业,4.9237328
1400,2025-01-27,SH.KC_301217,铜冠铜箔,电子元件,4.9228134
1401,2025-01-24,SZ.ZB_000078,海王生物,医药商业,4.921876
1402,2025-01-27,SZ.ZB_002718,友邦吊顶,装修建材,4.920064
1403,2025-01-24,SH.KC_688588,凌志软件,软件开发,4.919489
1404,2025-01-27,SZ.ZB_000631,顺发恒业,房地产开发,4.9179344
1405,2025-01-24,SZ.ZB_000737,北方铜业,有色金属,4.9167128
1406,2025-01-27,SH.ZB_600080,金花股份,中药,4.916158
1407,2025-01-27,SH.KC_300967,晓鸣股份,农牧饲渔,4.9150004
1408,2025-01-27,SH.KC_688148,芳源股份,电池,4.913574
1409,2025-01-27,SH.ZB_605178,时空科技,装修装饰,4.9133883
1410,2025-01-27,SH.ZB_600679,上海凤凰,交运设备,4.909344
1411,2025-01-24,SH.KC_300640,德艺文创,家用轻工,4.9088345
1412,2025-01-24,SZ.ZB_000608,阳光股份,房地产服务,4.9084024
1413,2025-01-24,SH.ZB_600198,大唐电信,通信设备,4.9061103
1414,2025-01-27,SH.KC_300991,创益通,电子元件,4.9049406
1415,2025-01-27,SH.KC_300638,广和通,通信设备,4.903458
1416,2025-01-24,SH.KC_301152,天力锂能,电池,4.9031034
1417,2025-01-27,SZ.ZB_002712,思美传媒,文化传媒,4.900262
1418,2025-01-27,SH.KC_300936,中英科技,电子元件,4.8975663
1419,2025-01-27,SH.KC_301226,祥明智能,电机,4.896605
1420,2025-01-27,SH.ZB_603985,恒润股份,风电设备,4.894246
1421,2025-01-24,SZ.ZB_002312,川发龙蟒,化肥行业,4.8936605
1422,2025-01-27,SH.KC_688297,中无人机,航天航空,4.891795
1423,2025-01-24,SH.KC_688066,航天宏图,航天航空,4.891473
1424,2025-01-24,SH.ZB_603686,福龙马,环保行业,4.8908696
1425,2025-01-27,SH.ZB_603516,淳中科技,计算机设备,4.88908
1426,2025-01-24,SH.KC_300058,蓝色光标,文化传媒,4.887928
1427,2025-01-24,SH.ZB_603099,长白山,旅游酒店,4.8857765
1428,2025-01-27,SH.KC_300418,昆仑万维,互联网服务,4.884762
1429,2025-01-27,SZ.ZB_002021,中捷资源,专用设备,4.8843966
1430,2025-01-27,SH.KC_300370,安控科技,仪器仪表,4.8840017
1431,2025-01-27,SH.ZB_603778,国晟科技,光伏设备,4.882149
1432,2025-01-27,SH.ZB_603358,华达科技,汽车零部件,4.881354
1433,2025-01-27,SH.ZB_600345,长江通信,通信设备,4.881194
1434,2025-01-24,SZ.ZB_002825,纳尔股份,塑料制品,4.880084
1435,2025-01-24,SH.KC_300746,汉嘉设计,工程咨询服务,4.879089
1436,2025-01-24,SH.KC_688787,海天瑞声,互联网服务,4.877597
1437,2025-01-27,SH.KC_300436,广生堂,化学制药,4.876502
1438,2025-01-27,SZ.ZB_002682,龙洲股份,物流行业,4.876371
1439,2025-01-27,SH.KC_300305,裕兴股份,光伏设备,4.875338
1440,2025-01-27,SH.ZB_601869,长飞光纤,通信设备,4.873714
1441,2025-01-27,SH.KC_688090,瑞松科技,专用设备,4.871665
1442,2025-01-27,SH.ZB_603170,宝立食品,食品饮料,4.871358
1443,2025-01-27,SH.KC_301095,广立微,半导体,4.8706636
1444,2025-01-24,SH.ZB_605338,巴比食品,食品饮料,4.8705564
1445,2025-01-27,SZ.ZB_002213,大为股份,半导体,4.870446
1446,2025-01-27,SH.ZB_600638,新黄浦,房地产开发,4.869877
1447,2025-01-24,SH.ZB_600180,瑞茂通,物流行业,4.868573
1448,2025-01-27,SZ.ZB_002383,合众思壮,计算机设备,4.868473
1449,2025-01-27,SH.ZB_600119,长江投资,物流行业,4.8681126
1450,2025-01-24,SH.KC_300112,万讯自控,仪器仪表,4.866989
1451,2025-01-27,SZ.ZB_002741,光华科技,电子化学品,4.866652
1452,2025-01-27,SH.KC_300063,天龙集团,文化传媒,4.866081
1453,2025-01-24,SH.ZB_600653,申华控股,汽车服务,4.86452
1454,2025-01-24,SH.KC_300518,新迅达,互联网服务,4.8603787
1455,2025-01-24,SZ.ZB_002993,奥海科技,消费电子,4.8602953
1456,2025-01-27,SH.KC_300024,机器人,通用设备,4.8602505
1457,2025-01-27,SH.KC_300615,欣天科技,通信设备,4.860139
1458,2025-01-27,SH.KC_300620,光库科技,通信设备,4.8598127
1459,2025-01-24,SH.KC_688337,普源精电,仪器仪表,4.859711
1460,2025-01-24,SH.ZB_603151,邦基科技,农牧饲渔,4.858184
1461,2025-01-27,SH.KC_300998,宁波方正,汽车零部件,4.8575788
1462,2025-01-27,SH.ZB_603920,世运电路,电子元件,4.8558683
1463,2025-01-24,SZ.ZB_002189,中光学,光学光电子,4.855822
1464,2025-01-24,SZ.ZB_002004,华邦健康,农药兽药,4.8544497
1465,2025-01-24,SH.KC_301596,瑞迪智驱,通用设备,4.849349
1466,2025-01-27,SH.ZB_600212,绿能慧充,电力行业,4.8485637
1467,2025-01-27,SZ.ZB_002491,通鼎互联,通信设备,4.8485146
1468,2025-01-24,SH.KC_688030,山石网科,软件开发,4.847574
1469,2025-01-27,SZ.ZB_002094,青岛金王,美容护理,4.847525
1470,2025-01-27,SH.ZB_600107,美尔雅,纺织服装,4.8455834
1471,2025-01-27,SH.KC_300451,创业慧康,软件开发,4.844925
1472,2025-01-27,SH.ZB_605305,中际联合,风电设备,4.8448815
1473,2025-01-24,SZ.ZB_002346,柘中股份,电网设备,4.8440576
1474,2025-01-27,SH.KC_301187,欧圣电气,家电行业,4.8438115
1475,2025-01-24,SH.KC_688766,普冉股份,半导体,4.843259
1476,2025-01-27,SZ.ZB_002806,华锋股份,汽车零部件,4.8412175
1477,2025-01-27,SH.ZB_600706,曲江文旅,旅游酒店,4.8395634
1478,2025-01-24,SH.ZB_603929,亚翔集成,装修装饰,4.839133
1479,2025-01-24,SH.KC_688185,康希诺,生物制品,4.838267
1480,2025-01-24,SH.ZB_600438,通威股份,光伏设备,4.838234
1481,2025-01-27,SH.ZB_600609,金杯汽车,汽车零部件,4.835048
1482,2025-01-27,SZ.ZB_003016,欣贺股份,纺织服装,4.8334284
1483,2025-01-27,SH.KC_300429,强力新材,电子化学品,4.832302
1484,2025-01-27,SH.KC_300997,欢乐家,食品饮料,4.831718
1485,2025-01-27,SH.KC_688113,联测科技,专用设备,4.8308077
1486,2025-01-27,SH.KC_688048,长光华芯,半导体,4.8275247
1487,2025-01-24,SH.KC_688691,灿芯股份,半导体,4.827203
1488,2025-01-27,SZ.ZB_002181,粤 传 媒,文化传媒,4.826756
1489,2025-01-27,SH.KC_300280,紫天科技,文化传媒,4.8242226
1490,2025-01-24,SH.ZB_600458,时代新材,风电设备,4.8241034
1491,2025-01-27,SZ.ZB_002620,瑞和股份,装修装饰,4.8239098
1492,2025-01-27,SH.ZB_603898,好莱客,装修建材,4.814814
1493,2025-01-27,SH.ZB_600712,南宁百货,商业百货,4.814786
1494,2025-01-27,SH.KC_688270,臻镭科技,半导体,4.81447
1495,2025-01-27,SH.KC_688525,佰维存储,半导体,4.8140554
1496,2025-01-24,SH.KC_301556,托普云农,软件开发,4.8137383
1497,2025-01-27,SH.KC_300756,金马游乐,旅游酒店,4.811315
1498,2025-01-24,SH.ZB_603990,麦迪科技,软件开发,4.810317
1499,2025-01-24,SZ.ZB_002109,兴化股份,化学原料,4.808943
1500,2025-01-27,SH.KC_300134,大富科技,通信设备,4.8083305
1501,2025-01-24,SH.KC_301168,通灵股份,光伏设备,4.8071713
1502,2025-01-27,SH.KC_688345,博力威,电池,4.8070354
1503,2025-01-27,SH.ZB_603666,亿嘉和,专用设备,4.8065634
1504,2025-01-27,SZ.ZB_002527,新时达,专用设备,4.804617
1505,2025-01-27,SZ.ZB_000859,国风新材,塑料制品,4.804321
1506,2025-01-24,SZ.ZB_002496,辉丰股份,农药兽药,4.803568
1507,2025-01-27,SH.ZB_600843,上工申贝,专用设备,4.800753
1508,2025-01-27,SH.KC_300657,弘信电子,电子元件,4.800692
1509,2025-01-27,SH.KC_688047,龙芯中科,半导体,4.7994227
1510,2025-01-24,SH.ZB_600302,标准股份,专用设备,4.796232
1511,2025-01-24,SH.ZB_603629,利通电子,消费电子,4.7939806
1512,2025-01-27,SZ.ZB_002634,棒杰股份,纺织服装,4.7936215
1513,2025-01-27,SH.KC_300033,同花顺,软件开发,4.7928376
1514,2025-01-27,SH.KC_300053,航宇微,半导体,4.7926693
1515,2025-01-27,SH.KC_300762,上海瀚讯,通信设备,4.791753
1516,2025-01-24,SH.KC_300998,宁波方正,汽车零部件,4.790005
1517,2025-01-27,SZ.ZB_001217,华尔泰,化学原料,4.789607
1518,2025-01-27,SZ.ZB_000063,中兴通讯,通信设备,4.7858596
1519,2025-01-27,SH.ZB_603868,飞科电器,家电行业,4.7846346
1520,2025-01-27,SZ.ZB_002943,宇晶股份,通用设备,4.7818704
1521,2025-01-24,SH.KC_300548,博创科技,通信设备,4.779613
1522,2025-01-27,SZ.ZB_002149,西部材料,小金属,4.7793493
1523,2025-01-27,SH.KC_300352,北信源,软件开发,4.7780886
1524,2025-01-24,SH.KC_300989,蕾奥规划,工程咨询服务,4.7765656
1525,2025-01-24,SH.KC_300220,金运激光,电子元件,4.7762766
1526,2025-01-27,SH.KC_300786,国林科技,环保行业,4.775304
1527,2025-01-27,SH.KC_300588,熙菱信息,软件开发,4.7751307
1528,2025-01-24,SH.KC_300674,宇信科技,互联网服务,4.7739086
1529,2025-01-24,SH.KC_300647,超频三,消费电子,4.7731967
1530,2025-01-24,SH.KC_688768,容知日新,仪器仪表,4.773143
1531,2025-01-27,SH.ZB_600330,天通股份,非金属材料,4.772422
1532,2025-01-27,SH.KC_688208,道通科技,计算机设备,4.7721267
1533,2025-01-24,SH.KC_301010,晶雪节能,装修建材,4.7721014
1534,2025-01-27,SH.KC_300619,金银河,电池,4.7712564
1535,2025-01-24,SH.KC_688339,亿华通-U,电池,4.7708063
1536,2025-01-27,SZ.ZB_002384,东山精密,电子元件,4.7704906
1537,2025-01-27,SH.KC_300410,正业科技,专用设备,4.769495
1538,2025-01-24,SZ.ZB_002285,世联行,房地产服务,4.7664924
1539,2025-01-27,SH.KC_688519,南亚新材,电子元件,4.7660275
1540,2025-01-27,SZ.ZB_002857,三晖电气,电网设备,4.765822
1541,2025-01-24,SZ.ZB_002713,东易日盛,装修装饰,4.761754
1542,2025-01-27,SZ.ZB_002719,麦趣尔,食品饮料,4.760395
1543,2025-01-24,SH.KC_688227,品高股份,软件开发,4.75893
1544,2025-01-10,SZ.ZB_000972,中基健康,食品饮料,4.7587113
1545,2025-01-24,SZ.ZB_002211,宏达新材,化学制品,4.7586517
1546,2025-01-27,SH.KC_688680,海优新材,光伏设备,4.757151
1547,2025-01-27,SZ.ZB_000901,航天科技,汽车零部件,4.7570662
1548,2025-01-24,SH.KC_301127,天源环保,环保行业,4.752849
1549,2025-01-27,SH.KC_300735,光弘科技,消费电子,4.752566
1550,2025-01-27,SH.KC_300933,中辰股份,电网设备,4.751857
1551,2025-01-27,SH.ZB_600989,宝丰能源,化学原料,4.75093
1552,2025-01-24,SZ.ZB_002319,乐通股份,化学制品,4.7507033
1553,2025-01-27,SH.KC_688726,拉普拉斯,光伏设备,4.749523
1554,2025-01-27,SH.ZB_600882,妙可蓝多,食品饮料,4.7492757
1555,2025-01-24,SZ.ZB_000532,华金资本,综合行业,4.748997
1556,2025-01-27,SH.KC_300785,值得买,互联网服务,4.746002
1557,2025-01-27,SH.ZB_600506,统一股份,石油行业,4.744759
1558,2025-01-27,SZ.ZB_002221,东华能源,石油行业,4.7444015
1559,2025-01-27,SH.KC_300166,东方国信,互联网服务,4.7437577
1560,2025-01-24,SH.KC_688636,智明达,互联网服务,4.7424955
1561,2025-01-24,SH.ZB_600604,市北高新,房地产服务,4.739396
1562,2025-01-24,SH.KC_301101,明月镜片,家用轻工,4.737516
1563,2025-01-27,SH.ZB_600105,永鼎股份,通信设备,4.7371893
1564,2025-01-27,SZ.ZB_000712,锦龙股份,证券,4.7362237
1565,2025-01-27,SH.KC_300918,南山智尚,纺织服装,4.734941
1566,2025-01-27,SH.KC_688138,清溢光电,半导体,4.7335505
1567,2025-01-24,SH.KC_688088,虹软科技,互联网服务,4.7332883
1568,2025-01-27,SZ.ZB_001313,粤海饲料,农牧饲渔,4.732794
1569,2025-01-24,SH.KC_300119,瑞普生物,农药兽药,4.7272325
1570,2025-01-27,SH.KC_688261,东微半导,半导体,4.726569
1571,2025-01-27,SH.KC_300751,迈为股份,光伏设备,4.7255726
1572,2025-01-24,SH.KC_301027,华蓝集团,工程咨询服务,4.724574
1573,2025-01-24,SH.KC_688193,仁度生物,生物制品,4.7225595
1574,2025-01-24,SH.KC_300710,万隆光电,通信设备,4.7215757
1575,2025-01-24,SH.KC_300580,贝斯特,汽车零部件,4.720223
1576,2025-01-24,SZ.ZB_002898,赛隆药业,化学制药,4.7199144
1577,2025-01-27,SH.KC_688458,美芯晟,半导体,4.718575
1578,2025-01-27,SH.KC_688337,普源精电,仪器仪表,4.718427
1579,2025-01-27,SH.KC_300118,东方日升,光伏设备,4.717143
1580,2025-01-27,SH.KC_301310,鑫宏业,电网设备,4.7160745
1581,2025-01-24,SH.ZB_600693,东百集团,商业百货,4.716
1582,2025-01-24,SH.KC_688244,永信至诚,软件开发,4.7157364
1583,2025-01-27,SH.KC_300849,锦盛新材,美容护理,4.715146
1584,2025-01-27,SZ.ZB_002041,登海种业,农牧饲渔,4.7147946
1585,2025-01-27,SH.KC_688698,伟创电气,专用设备,4.7115355
1586,2025-01-24,SH.ZB_600191,华资实业,农牧饲渔,4.7099247
1587,2025-01-27,SH.KC_300504,天邑股份,通信设备,4.708642
1588,2025-01-24,SH.ZB_603106,恒银科技,计算机设备,4.707697
1589,2025-01-24,SH.KC_300716,泉为科技,光伏设备,4.7051682
1590,2025-01-27,SH.KC_688529,豪森智能,专用设备,4.7035484
1591,2025-01-27,SH.KC_300629,新劲刚,通信设备,4.703233
1592,2025-01-27,SH.KC_300491,通合科技,电源设备,4.702695
1593,2025-01-27,SH.KC_300662,科锐国际,专业服务,4.7015295
1594,2025-01-24,SH.ZB_600212,绿能慧充,电力行业,4.699981
1595,2025-01-27,SZ.ZB_000721,西安饮食,旅游酒店,4.699193
1596,2025-01-27,SH.KC_688225,亚信安全,软件开发,4.698986
1597,2025-01-27,SZ.ZB_002006,精工科技,专用设备,4.6967583
1598,2025-01-27,SH.ZB_601727,上海电气,电源设备,4.6963334
1599,2025-01-27,SZ.ZB_002645,华宏科技,环保行业,4.695104
1600,2025-01-24,SZ.ZB_002836,新宏泽,造纸印刷,4.6937885
1601,2025-01-24,SZ.ZB_002187,广百股份,商业百货,4.693283
1602,2025-01-24,SH.KC_300451,创业慧康,软件开发,4.693119
1603,2025-01-27,SH.KC_688693,锴威特,半导体,4.6922073
1604,2025-01-27,SZ.ZB_002729,好利科技,电子元件,4.691382
1605,2025-01-24,SH.KC_300249,依米康,软件开发,4.690321
1606,2025-01-24,SH.KC_688381,帝奥微,半导体,4.6898975
1607,2025-01-27,SH.KC_300293,蓝英装备,专用设备,4.689807
1608,2025-01-27,SH.KC_300270,中威电子,计算机设备,4.6865063
1609,2025-01-27,SZ.ZB_001373,翔腾新材,光学光电子,4.686293
1610,2025-01-24,SH.ZB_600759,洲际油气,石油行业,4.680194
1611,2025-01-27,SH.KC_300478,杭州高新,塑料制品,4.679142
1612,2025-01-24,SH.ZB_600543,莫高股份,酿酒行业,4.678935
1613,2025-01-27,SH.KC_300438,鹏辉能源,电池,4.6782627
1614,2025-01-27,SH.KC_301159,三维天地,软件开发,4.6749773
1615,2025-01-27,SH.ZB_600503,华丽家族,房地产开发,4.672943
1616,2025-01-24,SH.KC_300667,必创科技,仪器仪表,4.6724024
1617,2025-01-24,SH.ZB_600847,万里股份,电池,4.672323
1618,2025-01-27,SH.ZB_603031,安孚科技,电池,4.672219
1619,2025-01-27,SZ.ZB_002396,星网锐捷,通信设备,4.671179
1620,2025-01-24,SH.ZB_603307,扬州金泉,纺织服装,4.6707406
1621,2025-01-27,SH.KC_688237,超卓航科,航天航空,4.669951
1622,2025-01-27,SZ.ZB_000510,新金路,化学原料,4.669845
1623,2025-01-27,SZ.ZB_002394,联发股份,纺织服装,4.6649933
1624,2025-01-27,SH.KC_300384,三联虹普,专业服务,4.663719
1625,2025-01-27,SH.KC_301312,智立方,专用设备,4.661624
1626,2025-01-27,SZ.ZB_000790,华神科技,中药,4.660772
1627,2025-01-24,SH.KC_300040,九洲集团,电网设备,4.6596794
1628,2025-01-27,SH.KC_688609,九联科技,通信设备,4.658657
1629,2025-01-24,SH.ZB_603719,良品铺子,食品饮料,4.6585217
1630,2025-01-24,SZ.ZB_000006,深振业Ａ,房地产开发,4.657692
1631,2025-01-27,SH.KC_300415,伊之密,专用设备,4.6574087
1632,2025-01-24,SH.KC_300467,迅游科技,游戏,4.6553745
1633,2025-01-24,SH.ZB_603718,海利生物,农药兽药,4.6549397
1634,2025-01-24,SH.KC_300044,赛为智能,互联网服务,4.654719
1635,2025-01-24,SH.KC_301208,中亦科技,软件开发,4.652995
1636,2025-01-24,SH.KC_301169,零点有数,专业服务,4.652573
1637,2025-01-27,SH.KC_300385,雪浪环境,环保行业,4.6521635
1638,2025-01-27,SZ.ZB_002681,奋达科技,消费电子,4.6509547
1639,2025-01-24,SH.ZB_603819,神力股份,电机,4.6503677
1640,2025-01-27,SH.KC_300693,盛弘股份,电源设备,4.6471567
1641,2025-01-24,SZ.ZB_003032,传智教育,教育,4.645488
1642,2025-01-27,SZ.ZB_000058,深 赛 格,商业百货,4.6452255
1643,2025-01-27,SH.ZB_600203,福日电子,消费电子,4.6445847
1644,2025-01-27,SH.KC_688661,和林微纳,半导体,4.6427445
1645,2025-01-27,SH.KC_300780,德恩精工,通用设备,4.642479
1646,2025-01-27,SZ.ZB_002235,安妮股份,造纸印刷,4.6419544
1647,2025-01-24,SH.ZB_603111,康尼机电,交运设备,4.6419277
1648,2025-01-27,SH.KC_688670,金迪克,化学制药,4.640028
1649,2025-01-27,SH.ZB_603090,宏盛股份,通用设备,4.639931
1650,2025-01-24,SH.ZB_603978,深圳新星,有色金属,4.637162
1651,2025-01-27,SH.KC_300247,融捷健康,家电行业,4.6367035
1652,2025-01-27,SH.ZB_603496,恒为科技,互联网服务,4.636359
1653,2025-01-24,SH.KC_688561,奇安信-U,软件开发,4.635902
1654,2025-01-27,SH.KC_688260,昀冢科技,消费电子,4.63558
1655,2025-01-24,SZ.ZB_000635,英 力 特,化学原料,4.6351433
1656,2025-01-27,SH.KC_300252,金信诺,通信设备,4.634611
1657,2025-01-24,SZ.ZB_002103,广博股份,家用轻工,4.6344624
1658,2025-01-27,SH.KC_688318,财富趋势,软件开发,4.631992
1659,2025-01-27,SH.ZB_600658,电子城,房地产服务,4.630828
1660,2025-01-27,SH.KC_301040,中环海陆,风电设备,4.630004
1661,2025-01-24,SH.KC_300450,先导智能,电池,4.6286135
1662,2025-01-24,SH.KC_301069,凯盛新材,化学原料,4.6282873
1663,2025-01-27,SH.KC_688166,博瑞医药,化学制药,4.6281486
1664,2025-01-27,SH.ZB_603185,弘元绿能,光伏设备,4.627645
1665,2025-01-27,SH.KC_688386,泛亚微透,塑料制品,4.6266155
1666,2025-01-24,SH.KC_300278,华昌达,通用设备,4.6239796
1667,2025-01-27,SH.ZB_603108,润达医疗,医疗服务,4.6230035
1668,2025-01-27,SZ.ZB_000887,中鼎股份,汽车零部件,4.6227975
1669,2025-01-27,SH.KC_300328,宜安科技,小金属,4.621929
1670,2025-01-27,SH.KC_301165,锐捷网络,通信设备,4.620771
1671,2025-01-24,SH.KC_300945,曼卡龙,珠宝首饰,4.6194
1672,2025-01-27,SZ.ZB_002897,意华股份,光伏设备,4.6193943
1673,2025-01-24,SH.ZB_603059,倍加洁,美容护理,4.6178684
1674,2025-01-24,SZ.ZB_001259,利仁科技,家电行业,4.6156197
1675,2025-01-27,SH.ZB_603117,万林物流,物流行业,4.615316
1676,2025-01-27,SH.KC_300112,万讯自控,仪器仪表,4.6142116
1677,2025-01-27,SH.KC_300302,同有科技,软件开发,4.6135426
1678,2025-01-27,SH.KC_688114,华大智造,医疗器械,4.6130953
1679,2025-01-27,SH.KC_300072,海新能科,化学制品,4.612316
1680,2025-01-27,SH.KC_688252,天德钰,半导体,4.6108737
1681,2025-01-27,SH.KC_300715,凯伦股份,装修建材,4.6091213
1682,2025-01-27,SH.KC_300115,长盈精密,消费电子,4.6090736
1683,2025-01-27,SH.KC_300977,深圳瑞捷,工程咨询服务,4.608953
1684,2025-01-24,SH.KC_688598,金博股份,光伏设备,4.6082525
1685,2025-01-27,SH.KC_301270,汉仪股份,互联网服务,4.60746
1686,2025-01-27,SZ.ZB_000988,华工科技,电子元件,4.6074376
1687,2025-01-24,SZ.ZB_002245,蔚蓝锂芯,电池,4.6066403
1688,2025-01-24,SZ.ZB_002868,绿康生化,农药兽药,4.606317
1689,2025-01-27,SH.KC_301419,阿莱德,通信设备,4.6056614
1690,2025-01-27,SZ.ZB_002628,成都路桥,工程建设,4.605466
1691,2025-01-27,SH.KC_300758,七彩化学,化学制品,4.605016
1692,2025-01-24,SH.KC_688048,长光华芯,半导体,4.603398
1693,2025-01-27,SH.KC_301029,怡合达,通用设备,4.6032386
1694,2025-01-27,SH.KC_300197,节能铁汉,环保行业,4.6005325
1695,2025-01-27,SH.ZB_603212,赛伍技术,光伏设备,4.6001
1696,2025-01-27,SZ.ZB_002428,云南锗业,小金属,4.599178
1697,2025-01-27,SH.KC_688156,路德环境,农牧饲渔,4.5976443
1698,2025-01-27,SH.KC_688066,航天宏图,航天航空,4.597549
1699,2025-01-24,SH.KC_300723,一品红,化学制药,4.5975266
1700,2025-01-24,SZ.ZB_003007,直真科技,软件开发,4.597509
1701,2025-01-27,SH.ZB_603929,亚翔集成,装修装饰,4.5966997
1702,2025-01-24,SH.ZB_605287,德才股份,装修装饰,4.596452
1703,2025-01-27,SZ.ZB_000688,国城矿业,有色金属,4.594843
1704,2025-01-27,SZ.ZB_002791,坚朗五金,装修建材,4.594317
1705,2025-01-27,SZ.ZB_000893,亚钾国际,化肥行业,4.5935884
1706,2025-01-27,SH.KC_688348,昱能科技,光伏设备,4.5933337
1707,2025-01-27,SH.ZB_605228,神通科技,汽车零部件,4.5932665
1708,2025-01-27,SH.ZB_600731,湖南海利,农药兽药,4.5882554
1709,2025-01-27,SH.ZB_600202,哈空调,电源设备,4.5830846
1710,2025-01-24,SH.KC_300517,海波重科,工程建设,4.582159
1711,2025-01-24,SH.KC_300510,金冠股份,电网设备,4.5819163
1712,2025-01-27,SH.ZB_603773,沃格光电,光学光电子,4.58149
1713,2025-01-27,SH.KC_301228,实朴检测,专业服务,4.580642
1714,2025-01-24,SH.KC_301202,朗威股份,通用设备,4.578823
1715,2025-01-27,SZ.ZB_000761,本钢板材,钢铁行业,4.5781794
1716,2025-01-27,SZ.ZB_002835,同为股份,计算机设备,4.5774775
1717,2025-01-27,SH.KC_300671,富满微,半导体,4.577151
1718,2025-01-27,SH.KC_301205,联特科技,光学光电子,4.5768647
1719,2025-01-27,SH.ZB_603662,柯力传感,仪器仪表,4.5759754
1720,2025-01-27,SH.KC_300489,光智科技,光学光电子,4.5748415
1721,2025-01-27,SH.KC_300457,赢合科技,电池,4.574789
1722,2025-01-24,SH.KC_300581,晨曦航空,航天航空,4.5722528
1723,2025-01-27,SZ.ZB_000059,华锦股份,石油行业,4.5722322
1724,2025-01-24,SH.KC_300583,赛托生物,化学制药,4.5707703
1725,2025-01-27,SZ.ZB_000737,北方铜业,有色金属,4.570675
1726,2025-01-27,SZ.ZB_002374,中锐股份,包装材料,4.5699806
1727,2025-01-24,SH.KC_300645,正元智慧,互联网服务,4.5673056
1728,2025-01-24,SH.ZB_603089,正裕工业,汽车零部件,4.5672073
1729,2025-01-27,SZ.ZB_002812,恩捷股份,电池,4.5668855
1730,2025-01-24,SZ.ZB_002470,金正大,化肥行业,4.5668707
1731,2025-01-27,SH.KC_300395,菲利华,非金属材料,4.5666294
1732,2025-01-27,SH.KC_300277,海联讯,互联网服务,4.5662684
1733,2025-01-24,SH.KC_300663,科蓝软件,软件开发,4.564424
1734,2025-01-27,SH.KC_301022,海泰科,汽车零部件,4.564039
1735,2025-01-27,SH.ZB_601010,文峰股份,商业百货,4.5600133
1736,2025-01-27,SZ.ZB_002222,福晶科技,光学光电子,4.5588284
1737,2025-01-24,SH.KC_688533,上声电子,汽车零部件,4.557377
1738,2025-01-27,SH.ZB_603197,保隆科技,汽车零部件,4.5567913
1739,2025-01-24,SH.ZB_601933,永辉超市,商业百货,4.556781
1740,2025-01-24,SH.ZB_603232,格尔软件,软件开发,4.5566335
1741,2025-01-27,SH.KC_301439,泓淋电力,电网设备,4.555729
1742,2025-01-27,SZ.ZB_002769,普路通,物流行业,4.5544667
1743,2025-01-27,SZ.ZB_002805,丰元股份,电池,4.5534477
1744,2025-01-27,SH.KC_300570,太辰光,通信设备,4.553363
1745,2025-01-24,SH.KC_688311,盟升电子,通信设备,4.553178
1746,2025-01-24,SZ.ZB_000893,亚钾国际,化肥行业,4.552849
1747,2025-01-27,SH.KC_301062,上海艾录,包装材料,4.5528216
1748,2025-01-27,SH.ZB_600318,新力金融,多元金融,4.5526876
1749,2025-01-24,SZ.ZB_002190,成飞集成,汽车零部件,4.55056
1750,2025-01-24,SH.ZB_603955,大千生态,工程建设,4.5494275
1751,2025-01-24,SZ.ZB_002649,博彦科技,互联网服务,4.5492797
1752,2025-01-27,SH.ZB_603779,威龙股份,酿酒行业,4.545951
1753,2025-01-24,SH.ZB_603836,海程邦达,物流行业,4.544678
1754,2025-01-24,SZ.ZB_002571,德力股份,家用轻工,4.5438366
1755,2025-01-24,SH.ZB_600712,南宁百货,商业百货,4.5427175
1756,2025-01-24,SZ.ZB_002011,盾安环境,家电行业,4.541385
1757,2025-01-27,SH.KC_301191,菲菱科思,通信设备,4.541163
1758,2025-01-27,SH.KC_688147,微导纳米,光伏设备,4.5410066
1759,2025-01-27,SH.KC_300061,旗天科技,文化传媒,4.5392604
1760,2025-01-27,SZ.ZB_002285,世联行,房地产服务,4.538302
1761,2025-01-27,SH.ZB_603083,剑桥科技,通信设备,4.5367165
1762,2025-01-27,SH.ZB_600691,阳煤化工,化肥行业,4.535356
1763,2025-01-27,SZ.ZB_000553,安道麦A,农药兽药,4.5351043
1764,2025-01-27,SH.ZB_600419,天润乳业,食品饮料,4.5346932
1765,2025-01-24,SZ.ZB_002878,元隆雅图,文化传媒,4.534529
1766,2025-01-24,SH.KC_300490,华自科技,电网设备,4.534067
1767,2025-01-27,SH.KC_688599,天合光能,光伏设备,4.533234
1768,2025-01-27,SH.KC_688498,源杰科技,半导体,4.531178
1769,2025-01-27,SH.KC_300265,通光线缆,电网设备,4.5295253
1770,2025-01-24,SH.KC_300992,泰福泵业,通用设备,4.529366
1771,2025-01-27,SH.KC_688676,金盘科技,电网设备,4.5292196
1772,2025-01-24,SH.KC_300622,博士眼镜,商业百货,4.528101
1773,2025-01-27,SH.KC_300672,国科微,半导体,4.528083
1774,2025-01-24,SH.ZB_601020,华钰矿业,有色金属,4.52797
1775,2025-01-27,SH.ZB_603863,松炀资源,造纸印刷,4.5272665
1776,2025-01-27,SH.ZB_601933,永辉超市,商业百货,4.525766
1777,2025-01-27,SZ.ZB_000504,南华生物,医疗服务,4.524639
1778,2025-01-24,SH.KC_300572,安车检测,专业服务,4.524165
1779,2025-01-27,SH.KC_688798,艾为电子,半导体,4.523656
1780,2025-01-27,SH.ZB_600543,莫高股份,酿酒行业,4.5224175
1781,2025-01-24,SZ.ZB_002261,拓维信息,软件开发,4.521759
1782,2025-01-24,SH.ZB_603903,中持股份,环保行业,4.5199947
1783,2025-01-24,SH.ZB_600107,美尔雅,纺织服装,4.516691
1784,2025-01-27,SH.KC_688588,凌志软件,软件开发,4.516147
1785,2025-01-27,SZ.ZB_002521,齐峰新材,造纸印刷,4.5159726
1786,2025-01-24,SH.KC_688175,高凌信息,通信设备,4.5155616
1787,2025-01-24,SH.KC_300560,中富通,通信服务,4.5153766
1788,2025-01-27,SH.KC_301516,中远通,电源设备,4.512277
1789,2025-01-27,SH.KC_688173,希荻微,半导体,4.5089498
1790,2025-01-27,SH.KC_300599,雄塑科技,装修建材,4.508303
1791,2025-01-27,SZ.ZB_002702,海欣食品,食品饮料,4.5061827
1792,2025-01-27,SH.ZB_600530,交大昂立,食品饮料,4.5055285
1793,2025-01-27,SH.ZB_600584,长电科技,半导体,4.5050397
1794,2025-01-27,SH.KC_300707,威唐工业,汽车零部件,4.5043273
1795,2025-01-27,SH.ZB_600702,舍得酒业,酿酒行业,4.5018854
1796,2025-01-24,SH.KC_300780,德恩精工,通用设备,4.5012193
1797,2025-01-24,SH.KC_688800,瑞可达,电子元件,4.5012026
1798,2025-01-24,SZ.ZB_002276,万马股份,电网设备,4.500282
1799,2025-01-27,SH.KC_301120,新特电气,电网设备,4.499808
1800,2025-01-27,SH.KC_688567,孚能科技,电池,4.4988112
1801,2025-01-27,SZ.ZB_002207,准油股份,采掘行业,4.497956
1802,2025-01-24,SH.KC_300730,科创信息,软件开发,4.496792
1803,2025-01-24,SZ.ZB_000631,顺发恒业,房地产开发,4.4965925
1804,2025-01-24,SH.ZB_603596,伯特利,汽车零部件,4.4958234
1805,2025-01-27,SH.KC_300035,中科电气,非金属材料,4.495087
1806,2025-01-24,SH.KC_300084,海默科技,采掘行业,4.494256
1807,2025-01-24,SH.KC_688160,步科股份,专用设备,4.4941587
1808,2025-01-27,SH.ZB_603533,掌阅科技,文化传媒,4.493773
1809,2025-01-27,SH.KC_300830,金现代,软件开发,4.4932785
1810,2025-01-27,SH.KC_301306,西测测试,专业服务,4.492776
1811,2025-01-27,SH.KC_301019,宁波色母,塑料制品,4.4926586
1812,2025-01-27,SH.ZB_600302,标准股份,专用设备,4.492226
1813,2025-01-24,SH.ZB_603119,浙江荣泰,非金属材料,4.491544
1814,2025-01-27,SZ.ZB_000592,平潭发展,农牧饲渔,4.4906406
1815,2025-01-27,SH.KC_300719,安达维尔,航天航空,4.4899063
1816,2025-01-27,SH.KC_300711,广哈通信,通信设备,4.4892507
1817,2025-01-24,SH.KC_301280,珠城科技,电子元件,4.4887977
1818,2025-01-24,SZ.ZB_002356,赫美集团,贸易行业,4.4879227
1819,2025-01-27,SH.ZB_603596,伯特利,汽车零部件,4.487304
1820,2025-01-24,SH.ZB_603893,瑞芯微,半导体,4.4851346
1821,2025-01-27,SH.KC_300486,东杰智能,专用设备,4.4851155
1822,2025-01-27,SZ.ZB_002209,达 意 隆,专用设备,4.484716
1823,2025-01-24,SH.KC_300693,盛弘股份,电源设备,4.4847145
1824,2025-01-27,SH.ZB_600117,西宁特钢,钢铁行业,4.4845223
1825,2025-01-24,SH.KC_300087,荃银高科,农牧饲渔,4.484424
1826,2025-01-24,SZ.ZB_002235,安妮股份,造纸印刷,4.483363
1827,2025-01-27,SH.KC_688662,富信科技,电子元件,4.4823604
1828,2025-01-24,SH.KC_300080,易成新能,通用设备,4.4823527
1829,2025-01-27,SH.KC_688231,隆达股份,有色金属,4.4815598
1830,2025-01-27,SZ.ZB_000753,漳州发展,汽车服务,4.4793367
1831,2025-01-27,SH.KC_688308,欧科亿,通用设备,4.4784265
1832,2025-01-27,SZ.ZB_001223,欧克科技,专用设备,4.478161
1833,2025-01-24,SH.KC_300472,新元科技,专用设备,4.4768333
1834,2025-01-27,SH.KC_688603,天承科技,电子化学品,4.4740243
1835,2025-01-24,SH.KC_301266,宇邦新材,光伏设备,4.4739647
1836,2025-01-24,SH.KC_688156,路德环境,农牧饲渔,4.4738097
1837,2025-01-27,SH.KC_301252,同星科技,通用设备,4.473275
1838,2025-01-24,SH.KC_300591,万里马,纺织服装,4.472597
1839,2025-01-24,SH.ZB_601567,三星医疗,电网设备,4.472229
1840,2025-01-27,SH.ZB_603215,比依股份,家电行业,4.4701576
1841,2025-01-27,SZ.ZB_000415,渤海租赁,多元金融,4.4687734
1842,2025-01-27,SZ.ZB_002330,得利斯,食品饮料,4.4686913
1843,2025-01-27,SH.ZB_600533,栖霞建设,房地产开发,4.4665904
1844,2025-01-27,SH.KC_300468,四方精创,软件开发,4.4659867
1845,2025-01-27,SZ.ZB_000066,中国长城,计算机设备,4.4657707
1846,2025-01-27,SZ.ZB_002261,拓维信息,软件开发,4.464911
1847,2025-01-24,SH.KC_300469,信息发展,软件开发,4.4636264
1848,2025-01-27,SH.KC_300938,信测标准,专业服务,4.463391
1849,2025-01-24,SH.KC_688079,美迪凯,光学光电子,4.457802
1850,2025-01-24,SH.KC_688275,万润新能,电池,4.457204
1851,2025-01-27,SH.ZB_603877,太平鸟,纺织服装,4.4568357
1852,2025-01-27,SH.ZB_600084,中信尼雅,酿酒行业,4.452863
1853,2025-01-24,SH.KC_688621,阳光诺和,医疗服务,4.4512315
1854,2025-01-24,SZ.ZB_000520,凤凰航运,航运港口,4.450749
1855,2025-01-27,SH.KC_300169,天晟新材,化学制品,4.4492974
1856,2025-01-27,SH.KC_300598,诚迈科技,软件开发,4.4482617
1857,2025-01-27,SH.KC_300689,澄天伟业,通信设备,4.4471173
1858,2025-01-27,SH.KC_688290,景业智能,专用设备,4.446545
1859,2025-01-27,SH.KC_688595,芯海科技,半导体,4.44624
1860,2025-01-27,SH.ZB_600288,大恒科技,电子元件,4.445419
1861,2025-01-27,SH.ZB_603408,建霖家居,装修装饰,4.444611
1862,2025-01-24,SZ.ZB_002620,瑞和股份,装修装饰,4.4445095
1863,2025-01-27,SH.KC_300727,润禾材料,化学制品,4.44161
1864,2025-01-27,SH.ZB_603600,永艺股份,装修建材,4.4384227
1865,2025-01-27,SH.KC_300635,中达安,工程咨询服务,4.4369683
1866,2025-01-27,SH.KC_301011,华立科技,专用设备,4.436432
1867,2025-01-24,SH.ZB_600807,济高发展,医疗器械,4.4352756
1868,2025-01-24,SH.ZB_603185,弘元绿能,光伏设备,4.434085
1869,2025-01-24,SH.KC_688627,精智达,专用设备,4.433195
1870,2025-01-27,SZ.ZB_002642,荣联科技,互联网服务,4.4330435
1871,2025-01-27,SH.ZB_600363,联创光电,光学光电子,4.430826
1872,2025-01-27,SH.KC_300124,汇川技术,电子元件,4.4300795
1873,2025-01-27,SH.KC_300189,神农种业,农牧饲渔,4.429303
1874,2025-01-24,SH.KC_300520,科大国创,软件开发,4.4288783
1875,2025-01-27,SZ.ZB_000680,山推股份,工程机械,4.428494
1876,2025-01-24,SH.KC_688591,泰凌微,半导体,4.4268637
1877,2025-01-27,SH.ZB_603776,永安行,专业服务,4.42632
1878,2025-01-24,SH.ZB_600858,银座股份,商业百货,4.426074
1879,2025-01-24,SZ.ZB_000790,华神科技,中药,4.4256
1880,2025-01-24,SZ.ZB_002184,海得控制,专用设备,4.4238033
1881,2025-01-27,SH.ZB_603711,香飘飘,食品饮料,4.423624
1882,2025-01-24,SH.KC_301357,北方长龙,汽车零部件,4.42338
1883,2025-01-27,SZ.ZB_000880,潍柴重机,通用设备,4.42252
1884,2025-01-27,SZ.ZB_000838,财信发展,房地产开发,4.422344
1885,2025-01-27,SH.KC_300350,华鹏飞,物流行业,4.421118
1886,2025-01-27,SZ.ZB_002196,方正电机,电机,4.419552
1887,2025-01-24,SH.ZB_600192,长城电工,电网设备,4.419491
1888,2025-01-27,SZ.ZB_002633,申科股份,通用设备,4.4184165
1889,2025-01-24,SH.KC_300900,广联航空,航天航空,4.4180913
1890,2025-01-24,SH.ZB_601965,中国汽研,汽车服务,4.4162827
1891,2025-01-27,SH.KC_301038,深水规院,工程建设,4.415095
1892,2025-01-27,SH.ZB_603320,迪贝电气,电机,4.413895
1893,2025-01-24,SH.KC_300969,恒帅股份,汽车零部件,4.411745
1894,2025-01-27,SH.KC_300621,维业股份,装修装饰,4.40948
1895,2025-01-27,SH.KC_300354,东华测试,仪器仪表,4.409076
1896,2025-01-27,SZ.ZB_002855,捷荣技术,消费电子,4.408941
1897,2025-01-27,SZ.ZB_002321,华英农业,农牧饲渔,4.4087677
1898,2025-01-27,SZ.ZB_000514,渝 开 发,房地产开发,4.407893
1899,2025-01-27,SH.KC_688379,华光新材,通用设备,4.407783
1900,2025-01-27,SH.KC_301596,瑞迪智驱,通用设备,4.406166
1901,2025-01-27,SH.KC_688593,新相微,半导体,4.4056892
1902,2025-01-27,SH.KC_300145,中金环境,通用设备,4.4055967
1903,2025-01-27,SZ.ZB_000014,沙河股份,房地产开发,4.405223
1904,2025-01-27,SZ.ZB_002582,好想你,食品饮料,4.4044824
1905,2025-01-27,SH.KC_300673,佩蒂股份,农牧饲渔,4.4039755
1906,2025-01-24,SZ.ZB_002391,长青股份,农药兽药,4.40319
1907,2025-01-24,SH.ZB_603061,金海通,半导体,4.4031515
1908,2025-01-27,SH.KC_301013,利和兴,专用设备,4.402508
1909,2025-01-27,SH.KC_688410,山外山,医疗器械,4.40093
1910,2025-01-24,SZ.ZB_000560,我爱我家,房地产服务,4.400644
1911,2025-01-27,SZ.ZB_002493,荣盛石化,化纤行业,4.399602
1912,2025-01-27,SH.ZB_600791,京能置业,房地产开发,4.398191
1913,2025-01-24,SH.KC_688410,山外山,医疗器械,4.3971643
1914,2025-01-27,SZ.ZB_000897,津滨发展,房地产开发,4.396841
1915,2025-01-27,SZ.ZB_002797,第一创业,证券,4.39629
1916,2025-01-27,SZ.ZB_002426,胜利精密,通用设备,4.395443
1917,2025-01-27,SH.KC_688378,奥来德,专用设备,4.3947234
1918,2025-01-27,SZ.ZB_003037,三和管桩,水泥建材,4.393831
1919,2025-01-24,SH.ZB_603833,欧派家居,装修建材,4.3933434
1920,2025-01-27,SH.ZB_603659,璞泰来,电池,4.392572
1921,2025-01-27,SH.KC_688660,电气风电,风电设备,4.3922024
1922,2025-01-27,SH.KC_688246,嘉和美康,医疗服务,4.3917613
1923,2025-01-24,SH.KC_300182,捷成股份,文化传媒,4.3912754
1924,2025-01-24,SZ.ZB_002645,华宏科技,环保行业,4.390702
1925,2025-01-27,SH.KC_300260,新莱应材,通用设备,4.389715
1926,2025-01-24,SH.KC_688213,思特威-W,半导体,4.3877034
1927,2025-01-27,SH.ZB_600895,张江高科,房地产开发,4.386352
1928,2025-01-15,SH.KC_688667,菱电电控,汽车零部件,4.3856187
1929,2025-01-24,SH.KC_300352,北信源,软件开发,4.385312
1930,2025-01-24,SH.KC_300537,广信材料,电子化学品,4.3831644
1931,2025-01-27,SH.KC_688621,阳光诺和,医疗服务,4.381438
1932,2025-01-24,SH.KC_688523,航天环宇,航天航空,4.3799953
1933,2025-01-27,SH.KC_301628,强达电路,电子元件,4.3799877
1934,2025-01-27,SH.KC_301180,万祥科技,消费电子,4.3785543
1935,2025-01-24,SH.KC_300432,富临精工,汽车零部件,4.377219
1936,2025-01-27,SH.ZB_600538,国发股份,农药兽药,4.3764443
1937,2025-01-24,SH.ZB_603728,鸣志电器,电机,4.3758574
1938,2025-01-27,SH.KC_300678,中科信息,互联网服务,4.3744774
1939,2025-01-24,SH.KC_300189,神农种业,农牧饲渔,4.3728604
1940,2025-01-24,SH.ZB_603139,康惠制药,中药,4.3727145
1941,2025-01-27,SZ.ZB_001380,华纬科技,通用设备,4.3709188
1942,2025-01-27,SZ.ZB_002456,欧菲光,光学光电子,4.3704348
1943,2025-01-27,SH.ZB_600239,云南城投,房地产服务,4.3704286
1944,2025-01-24,SH.KC_688077,大地熊,小金属,4.370341
1945,2025-01-27,SH.ZB_601099,太平洋,证券,4.3696733
1946,2025-01-24,SH.KC_300231,银信科技,互联网服务,4.369622
1947,2025-01-24,SZ.ZB_000716,黑芝麻,食品饮料,4.3690367
1948,2025-01-27,SH.KC_301413,安培龙,电子元件,4.368819
1949,2025-01-27,SH.KC_688633,星球石墨,专用设备,4.3684034
1950,2025-01-24,SZ.ZB_000839,中信国安,综合行业,4.368386
1951,2025-01-27,SH.KC_300622,博士眼镜,商业百货,4.3679314
1952,2025-01-27,SZ.ZB_002715,登云股份,汽车零部件,4.36721
1953,2025-01-27,SH.KC_300606,金太阳,通用设备,4.367015
1954,2025-01-27,SH.KC_300062,中能电气,电网设备,4.3668313
1955,2025-01-27,SZ.ZB_003029,吉大正元,软件开发,4.3648643
1956,2025-01-24,SZ.ZB_002313,日海智能,通信设备,4.3639975
1957,2025-01-27,SH.KC_300887,谱尼测试,专业服务,4.362877
1958,2025-01-24,SH.KC_300633,开立医疗,医疗器械,4.36268
1959,2025-01-27,SH.KC_300348,长亮科技,软件开发,4.3626027
1960,2025-01-27,SH.KC_301566,达利凯普,电子元件,4.3623657
1961,2025-01-27,SH.KC_301608,博实结,计算机设备,4.3621154
1962,2025-01-27,SH.KC_300557,理工光科,仪器仪表,4.362084
1963,2025-01-24,SZ.ZB_002933,新兴装备,航天航空,4.3618364
1964,2025-01-27,SH.KC_688351,微电生理-U,医疗器械,4.360345
1965,2025-01-27,SH.KC_688539,高华科技,电子元件,4.360342
1966,2025-01-27,SZ.ZB_000903,云内动力,汽车零部件,4.358906
1967,2025-01-24,SH.ZB_600626,申达股份,汽车零部件,4.356995
1968,2025-01-24,SH.KC_300990,同飞股份,通用设备,4.3569818
1969,2025-01-24,SH.KC_300267,尔康制药,化学制药,4.3552547
1970,2025-01-27,SH.KC_300941,创识科技,互联网服务,4.35417
1971,2025-01-24,SH.KC_688279,峰岹科技,半导体,4.353221
1972,2025-01-27,SH.KC_300267,尔康制药,化学制药,4.3515325
1973,2025-01-24,SH.KC_300460,惠伦晶体,电子元件,4.3514295
1974,2025-01-24,SH.KC_300753,爱朋医疗,医疗器械,4.3509665
1975,2025-01-24,SH.ZB_600538,国发股份,农药兽药,4.349454
1976,2025-01-24,SH.ZB_600793,宜宾纸业,造纸印刷,4.3492184
1977,2025-01-27,SH.KC_301517,陕西华达,电子元件,4.347779
1978,2025-01-27,SH.ZB_603336,宏辉果蔬,农牧饲渔,4.34763
1979,2025-01-24,SZ.ZB_002012,凯恩股份,造纸印刷,4.347344
1980,2025-01-27,SH.KC_300366,创意信息,软件开发,4.3472767
1981,2025-01-27,SH.KC_301000,肇民科技,塑料制品,4.346494
1982,2025-01-27,SH.KC_301073,君亭酒店,旅游酒店,4.345804
1983,2025-01-27,SH.ZB_603728,鸣志电器,电机,4.3457565
1984,2025-01-27,SH.ZB_600838,上海九百,商业百货,4.344055
1985,2025-01-27,SH.ZB_603699,纽威股份,通用设备,4.343851
1986,2025-01-24,SH.KC_300551,古鳌科技,计算机设备,4.343417
1987,2025-01-27,SH.KC_300030,阳普医疗,医疗器械,4.3425026
1988,2025-01-24,SH.ZB_600609,金杯汽车,汽车零部件,4.3418527
1989,2025-01-27,SH.KC_300150,世纪瑞尔,互联网服务,4.3416796
1990,2025-01-27,SH.KC_688281,华秦科技,非金属材料,4.3414845
1991,2025-01-24,SH.KC_300659,中孚信息,软件开发,4.3412743
1992,2025-01-24,SZ.ZB_000638,万方发展,农牧饲渔,4.340246
1993,2025-01-27,SH.ZB_600313,农发种业,农牧饲渔,4.340106
1994,2025-01-24,SH.KC_688051,佳华科技,互联网服务,4.3393345
1995,2025-01-24,SZ.ZB_002552,宝鼎科技,通用设备,4.3391733
1996,2025-01-27,SZ.ZB_002576,通达动力,电机,4.338564
1997,2025-01-24,SH.KC_301325,曼恩斯特,电池,4.3385625
1998,2025-01-27,SH.KC_688010,福光股份,光学光电子,4.3376236
1999,2025-01-24,SH.KC_688582,芯动联科,电子元件,4.335879
2000,2025-01-27,SZ.ZB_002225,濮耐股份,装修建材,4.335503
2001,2025-01-27,SH.KC_300235,方直科技,软件开发,4.3340893
2002,2025-01-27,SH.KC_300488,恒锋工具,通用设备,4.333882
2003,2025-01-27,SH.KC_300091,金通灵,通用设备,4.3331237
2004,2025-01-27,SZ.ZB_000560,我爱我家,房地产服务,4.3324175
2005,2025-01-24,SZ.ZB_002694,顾地科技,装修建材,4.331969
2006,2025-01-24,SZ.ZB_003006,百亚股份,美容护理,4.3318453
2007,2025-01-24,SH.KC_688610,埃科光电,仪器仪表,4.3315024
2008,2025-01-27,SZ.ZB_000567,海德股份,多元金融,4.3313684
2009,2025-01-27,SZ.ZB_001207,联科科技,橡胶制品,4.3312325
2010,2025-01-24,SH.KC_688296,和达科技,软件开发,4.330614
2011,2025-01-27,SZ.ZB_002361,神剑股份,塑料制品,4.3298855
2012,2025-01-27,SH.ZB_600149,廊坊发展,电力行业,4.329105
2013,2025-01-27,SZ.ZB_002605,姚记科技,游戏,4.328328
2014,2025-01-27,SH.KC_300430,诚益通,通用设备,4.3281703
2015,2025-01-27,SH.KC_300162,雷曼光电,光学光电子,4.3266115
2016,2025-01-24,SH.KC_688680,海优新材,光伏设备,4.3246045
2017,2025-01-27,SH.KC_688409,富创精密,半导体,4.3241444
2018,2025-01-27,SZ.ZB_001283,豪鹏科技,电池,4.3236823
2019,2025-01-24,SH.ZB_603885,吉祥航空,航空机场,4.3227715
2020,2025-01-13,SZ.ZB_000972,中基健康,食品饮料,4.3220086
2021,2025-01-27,SH.KC_688652,京仪装备,半导体,4.320997
2022,2025-01-24,SH.KC_688232,新点软件,软件开发,4.319878
2023,2025-01-24,SZ.ZB_000558,莱茵体育,旅游酒店,4.318823
2024,2025-01-24,SH.ZB_600330,天通股份,非金属材料,4.318012
2025,2025-01-27,SH.KC_688981,中芯国际,半导体,4.316488
2026,2025-01-24,SH.KC_688150,莱特光电,光学光电子,4.3152122
2027,2025-01-24,SH.KC_300977,深圳瑞捷,工程咨询服务,4.3147163
2028,2025-01-27,SH.KC_301027,华蓝集团,工程咨询服务,4.314658
2029,2025-01-27,SH.ZB_603307,扬州金泉,纺织服装,4.3140426
2030,2025-01-27,SH.KC_688381,帝奥微,半导体,4.313375
2031,2025-01-24,SH.ZB_601689,拓普集团,汽车零部件,4.31246
2032,2025-01-27,SH.KC_300878,维康药业,中药,4.3118386
2033,2025-01-27,SH.KC_300807,天迈科技,计算机设备,4.311715
2034,2025-01-24,SH.ZB_603070,万控智造,电网设备,4.309951
2035,2025-01-27,SH.ZB_603806,福斯特,光伏设备,4.3088303
2036,2025-01-27,SH.ZB_603138,海量数据,软件开发,4.3083267
2037,2025-01-24,SH.ZB_603800,洪田股份,专用设备,4.3077188
2038,2025-01-27,SZ.ZB_002148,北纬科技,通信服务,4.3075933
2039,2025-01-24,SH.KC_301183,东田微,光学光电子,4.3073893
2040,2025-01-24,SZ.ZB_002119,康强电子,半导体,4.3064413
2041,2025-01-27,SH.KC_688489,三未信安,电子元件,4.3064175
2042,2025-01-24,SZ.ZB_001366,播恩集团,农牧饲渔,4.306324
2043,2025-01-27,SH.ZB_601012,隆基绿能,光伏设备,4.3063207
2044,2025-01-24,SH.ZB_600137,浪莎股份,纺织服装,4.3061333
2045,2025-01-27,SH.KC_688049,炬芯科技,半导体,4.3060927
2046,2025-01-27,SH.ZB_603810,丰山集团,农药兽药,4.3060393
2047,2025-01-24,SH.KC_301618,长联科技,化学制品,4.30578
2048,2025-01-27,SH.KC_688032,禾迈股份,光伏设备,4.305646
2049,2025-01-24,SH.KC_688148,芳源股份,电池,4.3041215
2050,2025-01-27,SZ.ZB_002278,神开股份,专用设备,4.302348
2051,2025-01-27,SZ.ZB_000536,华映科技,光学光电子,4.3023124
2052,2025-01-27,SZ.ZB_002663,普邦股份,工程建设,4.301646
2053,2025-01-27,SH.ZB_603616,韩建河山,水泥建材,4.2996182
2054,2025-01-24,SZ.ZB_000628,高新发展,工程建设,4.2990355
2055,2025-01-24,SH.KC_300486,东杰智能,专用设备,4.2957306
2056,2025-01-27,SH.ZB_603986,兆易创新,半导体,4.2948084
2057,2025-01-24,SH.ZB_600654,中安科,软件开发,4.294753
2058,2025-01-24,SZ.ZB_002374,中锐股份,包装材料,4.292932
2059,2025-01-24,SH.KC_300493,润欣科技,贸易行业,4.292169
2060,2025-01-27,SH.KC_300706,阿石创,半导体,4.2917447
2061,2025-01-27,SH.ZB_600156,华升股份,纺织服装,4.290317
2062,2025-01-24,SH.KC_301035,润丰股份,农药兽药,4.288283
2063,2025-01-24,SH.KC_300533,冰川网络,游戏,4.28808
2064,2025-01-27,SH.KC_301489,思泉新材,消费电子,4.287039
2065,2025-01-27,SZ.ZB_002084,海鸥住工,装修装饰,4.2844353
2066,2025-01-27,SH.KC_688416,恒烁股份,半导体,4.2844205
2067,2025-01-24,SH.KC_688068,热景生物,医疗器械,4.284267
2068,2025-01-27,SH.ZB_603273,天元智能,专用设备,4.282786
2069,2025-01-27,SH.ZB_603983,丸美生物,美容护理,4.2805552
2070,2025-01-27,SH.KC_688306,均普智能,专用设备,4.280551
2071,2025-01-27,SH.KC_300522,世名科技,化学制品,4.280445
2072,2025-01-24,SZ.ZB_000561,烽火电子,通信设备,4.2801304
2073,2025-01-27,SH.ZB_600458,时代新材,风电设备,4.280032
2074,2025-01-24,SH.KC_300198,纳川股份,装修建材,4.279977
2075,2025-01-27,SZ.ZB_002342,巨力索具,通用设备,4.2793126
2076,2025-01-27,SH.KC_301586,佳力奇,航天航空,4.278383
2077,2025-01-24,SH.ZB_603196,日播时尚,纺织服装,4.2778373
2078,2025-01-24,SH.KC_300076,GQY视讯,光学光电子,4.277657
2079,2025-01-24,SZ.ZB_002041,登海种业,农牧饲渔,4.277599
2080,2025-01-27,SH.KC_300674,宇信科技,互联网服务,4.2766094
2081,2025-01-27,SH.KC_688659,元琛科技,环保行业,4.275869
2082,2025-01-27,SH.ZB_601798,蓝科高新,专用设备,4.2755885
2083,2025-01-24,SH.ZB_603360,百傲化学,农药兽药,4.2755084
2084,2025-01-27,SH.KC_300637,扬帆新材,电子化学品,4.273607
2085,2025-01-27,SH.KC_300101,振芯科技,通信设备,4.272686
2086,2025-01-27,SH.KC_688326,经纬恒润-W,汽车零部件,4.272179
2087,2025-01-27,SH.KC_300100,双林股份,汽车零部件,4.271999
2088,2025-01-24,SH.ZB_603129,春风动力,交运设备,4.2713256
2089,2025-01-24,SZ.ZB_002047,宝鹰股份,装修装饰,4.271254
2090,2025-01-27,SH.KC_300261,雅本化学,农药兽药,4.2705684
2091,2025-01-24,SZ.ZB_003021,兆威机电,电机,4.270199
2092,2025-01-27,SH.KC_300986,志特新材,装修装饰,4.2665167
2093,2025-01-27,SZ.ZB_000571,新大洲A,煤炭行业,4.266411
2094,2025-01-24,SZ.ZB_000430,张家界,旅游酒店,4.265882
2095,2025-01-27,SH.KC_300433,蓝思科技,消费电子,4.265827
2096,2025-01-24,SH.ZB_603190,亚通精工,汽车零部件,4.2656393
2097,2025-01-27,SH.KC_301571,国科天成,电子元件,4.2651415
2098,2025-01-24,SH.ZB_603600,永艺股份,装修建材,4.263066
2099,2025-01-27,SH.KC_688496,清越科技,电子元件,4.262592
2100,2025-01-24,SH.KC_301326,捷邦科技,消费电子,4.2621536
2101,2025-01-27,SH.KC_688016,心脉医疗,医疗器械,4.2619886
2102,2025-01-27,SH.ZB_603214,爱婴室,商业百货,4.2615848
2103,2025-01-27,SZ.ZB_002377,国创高新,化学制品,4.260883
2104,2025-01-24,SH.ZB_603051,鹿山新材,塑料制品,4.260157
2105,2025-01-27,SH.KC_688178,万德斯,环保行业,4.2599277
2106,2025-01-27,SH.ZB_603051,鹿山新材,塑料制品,4.2596965
2107,2025-01-27,SZ.ZB_002731,萃华珠宝,珠宝首饰,4.259381
2108,2025-01-27,SH.KC_688503,聚和材料,光伏设备,4.257728
2109,2025-01-27,SZ.ZB_000810,创维数字,通信设备,4.2575374
2110,2025-01-24,SH.KC_300585,奥联电子,汽车零部件,4.2571917
2111,2025-01-24,SH.KC_688155,先惠技术,电池,4.2559013
2112,2025-01-27,SH.ZB_603330,天洋新材,光伏设备,4.2544737
2113,2025-01-27,SZ.ZB_002708,光洋股份,汽车零部件,4.2524934
2114,2025-01-27,SH.KC_301085,亚康股份,互联网服务,4.2522964
2115,2025-01-24,SH.ZB_603768,常青股份,汽车零部件,4.252116
2116,2025-01-27,SH.ZB_600536,中国软件,软件开发,4.251985
2117,2025-01-27,SH.ZB_600759,洲际油气,石油行业,4.2507915
2118,2025-01-27,SZ.ZB_002020,京新药业,化学制药,4.250027
2119,2025-01-27,SH.ZB_601882,海天精工,通用设备,4.2496023
2120,2025-01-27,SH.ZB_600316,洪都航空,航天航空,4.2483644
2121,2025-01-24,SH.KC_300006,莱美药业,化学制药,4.2475657
2122,2025-01-27,SH.ZB_603289,泰瑞机器,专用设备,4.247485
2123,2025-01-27,SH.KC_688768,容知日新,仪器仪表,4.247394
2124,2025-01-24,SH.ZB_600638,新黄浦,房地产开发,4.247257
2125,2025-01-24,SH.ZB_600265,景谷林业,农牧饲渔,4.247132
2126,2025-01-24,SH.KC_688577,浙海德曼,通用设备,4.2456045
2127,2025-01-24,SH.KC_300878,维康药业,中药,4.2450056
2128,2025-01-27,SH.KC_688515,裕太微-U,半导体,4.2447643
2129,2025-01-27,SZ.ZB_002513,蓝丰生化,农药兽药,4.2433887
2130,2025-01-27,SH.KC_300515,三德科技,仪器仪表,4.2433114
2131,2025-01-27,SH.KC_301121,紫建电子,电池,4.243024
2132,2025-01-27,SZ.ZB_002921,联诚精密,汽车零部件,4.242465
2133,2025-01-24,SH.ZB_605136,丽人丽妆,商业百货,4.242392
2134,2025-01-27,SH.KC_301526,国际复材,玻璃玻纤,4.242256
2135,2025-01-27,SH.KC_688183,生益电子,电子元件,4.2409225
2136,2025-01-27,SH.KC_301177,迪阿股份,珠宝首饰,4.239583
2137,2025-01-27,SH.ZB_605058,澳弘电子,电子元件,4.239257
2138,2025-01-24,SH.ZB_603215,比依股份,家电行业,4.2391243
2139,2025-01-27,SH.ZB_601127,赛力斯,汽车整车,4.238987
2140,2025-01-27,SH.ZB_603344,星德胜,电机,4.238653
2141,2025-01-24,SH.ZB_603496,恒为科技,互联网服务,4.23806
2142,2025-01-27,SH.KC_688528,秦川物联,仪器仪表,4.237595
2143,2025-01-27,SH.ZB_605133,嵘泰股份,汽车零部件,4.237252
2144,2025-01-27,SH.KC_300180,华峰超纤,塑料制品,4.237041
2145,2025-01-24,SH.ZB_600610,中毅达,化学原料,4.2367115
2146,2025-01-27,SH.KC_300448,浩云科技,互联网服务,4.236111
2147,2025-01-27,SH.ZB_600199,金种子酒,酿酒行业,4.2355328
2148,2025-01-24,SH.KC_301486,致尚科技,消费电子,4.2354016
2149,2025-01-27,SH.KC_688091,上海谊众,化学制药,4.2337017
2150,2025-01-24,SH.ZB_600600,青岛啤酒,酿酒行业,4.2330995
2151,2025-01-27,SH.ZB_600537,亿晶光电,光伏设备,4.2326884
2152,2025-01-24,SH.KC_300191,潜能恒信,采掘行业,4.232685
2153,2025-01-27,SH.ZB_601211,国泰君安,证券,4.232499
2154,2025-01-27,SH.KC_301150,中一科技,电池,4.23238
2155,2025-01-27,SH.KC_300579,数字认证,软件开发,4.2318597
2156,2025-01-27,SH.KC_688368,晶丰明源,半导体,4.230878
2157,2025-01-27,SH.ZB_603312,西典新能,电网设备,4.230805
2158,2025-01-24,SH.KC_301153,中科江南,软件开发,4.230438
2159,2025-01-27,SH.KC_300411,金盾股份,专用设备,4.230401
2160,2025-01-27,SZ.ZB_000099,中信海直,航空机场,4.229063
2161,2025-01-24,SH.KC_300435,中泰股份,燃气,4.2290344
2162,2025-01-27,SH.KC_300818,耐普矿机,专用设备,4.2282047
2163,2025-01-27,SZ.ZB_002436,兴森科技,电子元件,4.2281537
2164,2025-01-24,SH.KC_300050,世纪鼎利,通信服务,4.2274327
2165,2025-01-27,SH.KC_300769,德方纳米,电池,4.2268157
2166,2025-01-27,SZ.ZB_002506,协鑫集成,光伏设备,4.2264953
2167,2025-01-27,SH.ZB_603099,长白山,旅游酒店,4.2262807
2168,2025-01-24,SH.KC_300427,红相股份,电网设备,4.2261453
2169,2025-01-24,SH.KC_300758,七彩化学,化学制品,4.225643
2170,2025-01-27,SH.KC_301049,超越科技,环保行业,4.2255073
2171,2025-01-27,SZ.ZB_002543,万和电气,家电行业,4.223111
2172,2025-01-27,SH.KC_300114,中航电测,航天航空,4.2225046
2173,2025-01-27,SZ.ZB_002847,盐津铺子,食品饮料,4.2220144
2174,2025-01-27,SH.KC_300591,万里马,纺织服装,4.221544
2175,2025-01-24,SH.KC_300106,西部牧业,食品饮料,4.2214184
2176,2025-01-24,SH.KC_300656,民德电子,电子元件,4.2210536
2177,2025-01-24,SH.KC_300859,西域旅游,旅游酒店,4.2207775
2178,2025-01-24,SH.KC_300972,万辰集团,农牧饲渔,4.2197137
2179,2025-01-27,SH.ZB_600619,海立股份,家电行业,4.219361
2180,2025-01-27,SH.KC_300811,铂科新材,小金属,4.2190776
2181,2025-01-27,SH.KC_300026,红日药业,中药,4.218915
2182,2025-01-27,SZ.ZB_002979,雷赛智能,专用设备,4.216939
2183,2025-01-24,SH.KC_300464,星徽股份,互联网服务,4.2165995
2184,2025-01-27,SH.KC_300047,天源迪科,软件开发,4.2164297
2185,2025-01-27,SH.KC_688518,联赢激光,专用设备,4.2160945
2186,2025-01-27,SH.ZB_600880,博瑞传播,教育,4.214537
2187,2025-01-24,SH.KC_301111,粤万年青,中药,4.2138667
2188,2025-01-27,SZ.ZB_002082,万邦德,化学制药,4.213819
2189,2025-01-24,SZ.ZB_000892,欢瑞世纪,文化传媒,4.212746
2190,2025-01-27,SH.KC_300943,春晖智控,通用设备,4.212202
2191,2025-01-24,SZ.ZB_002177,御银股份,计算机设备,4.2118297
2192,2025-01-27,SH.ZB_605289,罗曼股份,装修装饰,4.211745
2193,2025-01-27,SH.KC_300594,朗进科技,交运设备,4.211582
2194,2025-01-24,SH.KC_300489,光智科技,光学光电子,4.2110534
2195,2025-01-27,SH.KC_300310,宜通世纪,通信服务,4.210697
2196,2025-01-24,SZ.ZB_002513,蓝丰生化,农药兽药,4.209973
2197,2025-01-27,SH.KC_301153,中科江南,软件开发,4.2095094
2198,2025-01-27,SH.KC_300503,昊志机电,通用设备,4.209177
2199,2025-01-27,SH.KC_300883,龙利得,造纸印刷,4.2091327
2200,2025-01-27,SH.KC_300426,唐德影视,文化传媒,4.20575
2201,2025-01-27,SH.KC_301078,孩子王,商业百货,4.205136
2202,2025-01-27,SH.ZB_601828,美凯龙,商业百货,4.2050347
2203,2025-01-24,SH.KC_300141,和顺电气,电网设备,4.204509
2204,2025-01-27,SH.KC_300128,锦富技术,光学光电子,4.204509
2205,2025-01-24,SZ.ZB_002153,石基信息,软件开发,4.204224
2206,2025-01-24,SH.KC_301365,矩阵股份,装修装饰,4.203917
2207,2025-01-27,SH.KC_301316,慧博云通,软件开发,4.202375
2208,2025-01-27,SZ.ZB_002145,中核钛白,化学原料,4.2021365
2209,2025-01-24,SH.ZB_603901,永创智能,专用设备,4.2007103
2210,2025-01-24,SZ.ZB_002775,文科股份,工程建设,4.198453
2211,2025-01-27,SZ.ZB_000935,四川双马,水泥建材,4.197416
2212,2025-01-27,SZ.ZB_002334,英威腾,专用设备,4.1970997
2213,2025-01-24,SZ.ZB_000702,正虹科技,农牧饲渔,4.19682
2214,2025-01-27,SH.KC_688383,新益昌,专用设备,4.196176
2215,2025-01-27,SH.KC_300790,宇瞳光学,光学光电子,4.196167
2216,2025-01-27,SH.KC_300547,川环科技,橡胶制品,4.1959925
2217,2025-01-24,SH.KC_301009,可靠股份,美容护理,4.1951194
2218,2025-01-24,SH.KC_688178,万德斯,环保行业,4.1950927
2219,2025-01-27,SZ.ZB_001314,亿道信息,消费电子,4.1949077
2220,2025-01-24,SH.ZB_603701,德宏股份,汽车零部件,4.194498
2221,2025-01-27,SH.KC_688560,明冠新材,光伏设备,4.1944637
2222,2025-01-27,SZ.ZB_002747,埃斯顿,通用设备,4.1941924
2223,2025-01-27,SZ.ZB_002523,天桥起重,专用设备,4.1938915
2224,2025-01-24,SZ.ZB_001319,铭科精技,汽车零部件,4.1920586
2225,2025-01-24,SZ.ZB_002989,中天精装,装修装饰,4.1919785
2226,2025-01-27,SH.KC_300341,麦克奥迪,电网设备,4.1916804
2227,2025-01-27,SH.ZB_601236,红塔证券,证券,4.191552
2228,2025-01-27,SH.ZB_605336,帅丰电器,家电行业,4.1914105
2229,2025-01-27,SH.KC_688063,派能科技,电池,4.1903496
2230,2025-01-27,SH.KC_301198,喜悦智行,塑料制品,4.1900353
2231,2025-01-27,SH.KC_301128,强瑞技术,专用设备,4.1878552
2232,2025-01-27,SH.ZB_603171,税友股份,互联网服务,4.187414
2233,2025-01-27,SZ.ZB_002625,光启技术,航天航空,4.185504
2234,2025-01-24,SH.ZB_603159,上海亚虹,专用设备,4.184702
2235,2025-01-27,SH.KC_301285,鸿日达,电子元件,4.183516
2236,2025-01-24,SH.ZB_601011,宝泰隆,煤炭行业,4.1815505
2237,2025-01-24,SZ.ZB_002806,华锋股份,汽车零部件,4.1812925
2238,2025-01-24,SH.ZB_600281,华阳新材,小金属,4.180257
2239,2025-01-27,SH.KC_688584,上海合晶,半导体,4.1794853
2240,2025-01-27,SH.ZB_600067,冠城新材,电网设备,4.1786237
2241,2025-01-24,SH.KC_301231,荣信文化,文化传媒,4.177597
2242,2025-01-27,SZ.ZB_003031,中瓷电子,通信设备,4.177475
2243,2025-01-27,SH.KC_300932,三友联众,电网设备,4.1771307
2244,2025-01-24,SH.KC_688162,巨一科技,专用设备,4.176876
2245,2025-01-27,SH.ZB_600689,上海三毛,纺织服装,4.1763396
2246,2025-01-27,SH.KC_300355,蒙草生态,环保行业,4.1760726
2247,2025-01-24,SH.ZB_603416,信捷电气,专用设备,4.175344
2248,2025-01-27,SZ.ZB_002524,光正眼科,医疗服务,4.1741652
2249,2025-01-24,SZ.ZB_003016,欣贺股份,纺织服装,4.172394
2250,2025-01-24,SH.KC_688480,赛恩斯,环保行业,4.171604
2251,2025-01-24,SZ.ZB_000655,金岭矿业,钢铁行业,4.1689844
2252,2025-01-27,SH.ZB_600818,中路股份,交运设备,4.1686864
2253,2025-01-27,SZ.ZB_002905,金逸影视,文化传媒,4.16764
2254,2025-01-27,SH.ZB_600110,诺德股份,电池,4.166846
2255,2025-01-27,SZ.ZB_001298,好上好,电子元件,4.1665554
2256,2025-01-27,SH.ZB_600259,广晟有色,小金属,4.1638656
2257,2025-01-24,SH.ZB_605318,法狮龙,装修装饰,4.1637735
2258,2025-01-27,SH.KC_301296,新巨丰,包装材料,4.162462
2259,2025-01-27,SH.ZB_600705,中航产融,多元金融,4.1614323
2260,2025-01-27,SH.ZB_603086,先达股份,农药兽药,4.1601152
2261,2025-01-27,SH.KC_300975,商络电子,贸易行业,4.158029
2262,2025-01-24,SH.KC_301502,华阳智能,电机,4.1578097
2263,2025-01-27,SH.ZB_600962,国投中鲁,食品饮料,4.1575375
2264,2025-01-27,SZ.ZB_000039,中集集团,通用设备,4.1568575
2265,2025-01-27,SZ.ZB_002156,通富微电,半导体,4.156077
2266,2025-01-24,SH.ZB_600058,五矿发展,贸易行业,4.155143
2267,2025-01-24,SH.ZB_601226,华电科工,工程机械,4.153803
2268,2025-01-24,SH.ZB_603808,歌力思,纺织服装,4.1529818
2269,2025-01-27,SH.ZB_603111,康尼机电,交运设备,4.152593
2270,2025-01-24,SH.ZB_600708,光明地产,房地产开发,4.1501684
2271,2025-01-27,SZ.ZB_002694,顾地科技,装修建材,4.1496696
2272,2025-01-27,SH.ZB_601011,宝泰隆,煤炭行业,4.1488366
2273,2025-01-27,SZ.ZB_002441,众业达,电网设备,4.14844
2274,2025-01-27,SH.ZB_600218,全柴动力,汽车零部件,4.1478453
2275,2025-01-24,SH.ZB_600530,交大昂立,食品饮料,4.147692
2276,2025-01-24,SH.KC_301392,汇成真空,专用设备,4.1475654
2277,2025-01-27,SZ.ZB_002666,德联集团,化学制品,4.1467204
2278,2025-01-27,SH.KC_300540,蜀道装备,专用设备,4.1460543
2279,2025-01-27,SH.KC_300025,华星创业,通信服务,4.145613
2280,2025-01-27,SH.ZB_603332,苏州龙杰,化纤行业,4.1455255
2281,2025-01-24,SH.KC_300271,华宇软件,互联网服务,4.145004
2282,2025-01-27,SH.ZB_600281,华阳新材,小金属,4.143806
2283,2025-01-24,SH.KC_688500,慧辰股份,互联网服务,4.1436524
2284,2025-01-27,SH.KC_300176,鸿特科技,汽车零部件,4.142842
2285,2025-01-24,SH.KC_300738,奥飞数据,互联网服务,4.142074
2286,2025-01-27,SH.ZB_600331,宏达股份,有色金属,4.1417108
2287,2025-01-27,SH.ZB_603116,红蜻蜓,纺织服装,4.1414814
2288,2025-01-27,SH.ZB_603082,北自科技,通用设备,4.141255
2289,2025-01-27,SZ.ZB_000566,海南海药,化学制药,4.1410027
2290,2025-01-24,SZ.ZB_002956,西麦食品,食品饮料,4.1407332
2291,2025-01-24,SH.KC_300246,宝莱特,医疗器械,4.1404247
2292,2025-01-27,SH.KC_301005,超捷股份,汽车零部件,4.1398644
2293,2025-01-27,SH.KC_300691,联合光电,光学光电子,4.1391344
2294,2025-01-27,SH.KC_688027,国盾量子,通信设备,4.1391106
2295,2025-01-24,SH.KC_688131,皓元医药,化学制药,4.138532
2296,2025-01-27,SH.ZB_600438,通威股份,光伏设备,4.1384993
2297,2025-01-24,SH.KC_688297,中无人机,航天航空,4.1384163
2298,2025-01-24,SH.KC_300894,火星人,家电行业,4.138221
2299,2025-01-24,SH.KC_688265,南模生物,生物制品,4.1379495
2300,2025-01-24,SH.KC_688309,恒誉环保,环保行业,4.13672
2301,2025-01-24,SZ.ZB_002379,宏创控股,有色金属,4.1362286
2302,2025-01-27,SH.KC_301091,深城交,工程咨询服务,4.1358113
2303,2025-01-24,SH.KC_301110,青木科技,互联网服务,4.1353254
2304,2025-01-27,SH.KC_300057,万顺新材,有色金属,4.133679
2305,2025-01-27,SZ.ZB_002178,延华智能,软件开发,4.1323543
2306,2025-01-24,SH.ZB_600735,新华锦,纺织服装,4.1315274
2307,2025-01-27,SZ.ZB_002366,融发核电,电源设备,4.1306825
2308,2025-01-24,SH.ZB_603900,莱绅通灵,珠宝首饰,4.130532
2309,2025-01-24,SH.KC_300158,振东制药,化学制药,4.1280017
2310,2025-01-27,SH.KC_300578,会畅通讯,通信服务,4.1275816
2311,2025-01-27,SH.ZB_605287,德才股份,装修装饰,4.1259317
2312,2025-01-27,SH.KC_300345,华民股份,光伏设备,4.122859
2313,2025-01-27,SH.KC_301533,威马农机,专用设备,4.121998
2314,2025-01-24,SZ.ZB_002244,滨江集团,房地产开发,4.121044
2315,2025-01-24,SH.KC_300616,尚品宅配,装修建材,4.1204424
2316,2025-01-27,SH.KC_300563,神宇股份,通信设备,4.120402
2317,2025-01-27,SZ.ZB_000558,莱茵体育,旅游酒店,4.1202364
2318,2025-01-27,SZ.ZB_002713,东易日盛,装修装饰,4.119448
2319,2025-01-24,SH.KC_300678,中科信息,互联网服务,4.119293
2320,2025-01-27,SZ.ZB_002631,德尔未来,装修建材,4.118821
2321,2025-01-24,SH.ZB_603727,博迈科,采掘行业,4.1178885
2322,2025-01-24,SZ.ZB_002115,三维通信,互联网服务,4.11762
2323,2025-01-27,SH.KC_300032,金龙机电,消费电子,4.1173773
2324,2025-01-27,SH.KC_301328,维峰电子,电子元件,4.117113
2325,2025-01-27,SH.KC_301117,佳缘科技,软件开发,4.1157393
2326,2025-01-27,SH.KC_300881,盛德鑫泰,钢铁行业,4.113014
2327,2025-01-27,SH.KC_688613,奥精医疗,医疗器械,4.111889
2328,2025-01-24,SH.ZB_600933,爱柯迪,汽车零部件,4.110679
2329,2025-01-27,SZ.ZB_002421,达实智能,软件开发,4.1102943
2330,2025-01-27,SH.KC_301192,泰祥股份,汽车零部件,4.110147
2331,2025-01-27,SH.ZB_600280,中央商场,商业百货,4.108992
2332,2025-01-24,SH.ZB_600363,联创光电,光学光电子,4.107599
2333,2025-01-27,SH.KC_301041,金百泽,电子元件,4.1050315
2334,2025-01-27,SH.ZB_600058,五矿发展,贸易行业,4.104483
2335,2025-01-24,SH.KC_688191,智洋创新,电网设备,4.1039257
2336,2025-01-27,SH.KC_301111,粤万年青,中药,4.1030183
2337,2025-01-24,SH.KC_300778,新城市,工程咨询服务,4.102805
2338,2025-01-27,SH.KC_301389,隆扬电子,电子元件,4.102415
2339,2025-01-27,SZ.ZB_000799,酒鬼酒,酿酒行业,4.1023107
2340,2025-01-27,SH.KC_688213,思特威-W,半导体,4.1016564
2341,2025-01-24,SH.ZB_600839,四川长虹,家电行业,4.101482
2342,2025-01-27,SH.ZB_605006,山东玻纤,玻璃玻纤,4.1004047
2343,2025-01-24,SH.KC_688222,成都先导,医疗服务,4.0999594
2344,2025-01-27,SH.ZB_603089,正裕工业,汽车零部件,4.099223
2345,2025-01-27,SH.KC_300964,本川智能,电子元件,4.098396
2346,2025-01-27,SH.KC_301321,翰博高新,光学光电子,4.097895
2347,2025-01-27,SH.KC_300471,厚普股份,专用设备,4.0970044
2348,2025-01-24,SH.ZB_601777,力帆科技,汽车整车,4.096189
2349,2025-01-24,SH.KC_300385,雪浪环境,环保行业,4.0960865
2350,2025-01-24,SH.KC_688107,安路科技,半导体,4.094513
2351,2025-01-24,SH.ZB_603259,药明康德,医疗服务,4.0922327
2352,2025-01-24,SH.ZB_603011,合锻智能,专用设备,4.0897684
2353,2025-01-27,SH.KC_300639,凯普生物,医疗器械,4.088503
2354,2025-01-24,SH.KC_301315,威士顿,软件开发,4.087341
2355,2025-01-24,SH.KC_688161,威高骨科,医疗器械,4.0869875
2356,2025-01-24,SH.KC_300705,九典制药,化学制药,4.0864663
2357,2025-01-27,SH.KC_300219,鸿利智汇,光学光电子,4.0859265
2358,2025-01-24,SH.ZB_600618,氯碱化工,化学原料,4.0846167
2359,2025-01-24,SH.ZB_603590,康辰药业,生物制品,4.084465
2360,2025-01-24,SH.KC_301356,天振股份,塑料制品,4.0831075
2361,2025-01-27,SH.KC_688450,光格科技,仪器仪表,4.0828915
2362,2025-01-27,SH.KC_300738,奥飞数据,互联网服务,4.08272
2363,2025-01-27,SZ.ZB_002390,信邦制药,中药,4.0818973
2364,2025-01-24,SH.KC_300393,中来股份,光伏设备,4.0801406
2365,2025-01-27,SH.KC_688549,中巨芯-U,电子化学品,4.079877
2366,2025-01-27,SH.KC_688371,菲沃泰,电子元件,4.0786877
2367,2025-01-27,SH.KC_300087,荃银高科,农牧饲渔,4.07829
2368,2025-01-24,SH.KC_300935,盈建科,软件开发,4.0780144
2369,2025-01-27,SH.ZB_600133,东湖高新,工程建设,4.0779324
2370,2025-01-24,SZ.ZB_002995,天地在线,文化传媒,4.0769114
2371,2025-01-27,SH.ZB_600590,泰豪科技,电网设备,4.0767236
2372,2025-01-27,SH.KC_688118,普元信息,软件开发,4.076701
2373,2025-01-24,SH.KC_301383,天键股份,电子元件,4.075551
2374,2025-01-24,SH.KC_300691,联合光电,光学光电子,4.075061
2375,2025-01-24,SH.KC_688499,利元亨,电池,4.0747166
2376,2025-01-27,SH.ZB_600678,四川金顶,水泥建材,4.0741177
2377,2025-01-24,SH.KC_300447,全信股份,电网设备,4.0740104
2378,2025-01-24,SH.KC_301066,万事利,纺织服装,4.073894
2379,2025-01-27,SH.KC_688030,山石网科,软件开发,4.0733976
2380,2025-01-24,SZ.ZB_001212,中旗新材,装修装饰,4.0714636
2381,2025-01-24,SH.ZB_600885,宏发股份,电网设备,4.0714264
2382,2025-01-24,SH.KC_300176,鸿特科技,汽车零部件,4.070359
2383,2025-01-24,SH.KC_688078,龙软科技,软件开发,4.0701137
2384,2025-01-27,SH.KC_300078,思创医惠,互联网服务,4.069303
2385,2025-01-27,SH.KC_688719,爱科赛博,电源设备,4.0673733
2386,2025-01-27,SZ.ZB_002471,中超控股,电网设备,4.0667877
2387,2025-01-27,SZ.ZB_002339,积成电子,电网设备,4.0657477
2388,2025-01-27,SH.KC_301202,朗威股份,通用设备,4.065646
2389,2025-01-24,SH.KC_688260,昀冢科技,消费电子,4.063806
2390,2025-01-27,SH.ZB_600367,红星发展,化学原料,4.0633993
2391,2025-01-27,SH.KC_300739,明阳电路,电子元件,4.063377
2392,2025-01-24,SZ.ZB_000838,财信发展,房地产开发,4.0623217
2393,2025-01-27,SH.KC_300107,建新股份,化学制品,4.0621176
2394,2025-01-24,SZ.ZB_000007,全新好,房地产服务,4.0620356
2395,2025-01-27,SH.ZB_603375,盛景微,电子元件,4.0617228
2396,2025-01-24,SH.KC_300849,锦盛新材,美容护理,4.061663
2397,2025-01-27,SZ.ZB_000534,万泽股份,生物制品,4.0608225
2398,2025-01-24,SH.KC_688262,国芯科技,半导体,4.0602164
2399,2025-01-27,SZ.ZB_002982,湘佳股份,农牧饲渔,4.059598
2400,2025-01-27,SZ.ZB_002389,航天彩虹,航天航空,4.05906
2401,2025-01-24,SH.ZB_600769,祥龙电业,工程建设,4.055892
2402,2025-01-24,SZ.ZB_002402,和而泰,消费电子,4.0557027
2403,2025-01-27,SH.KC_301297,富乐德,半导体,4.0549083
2404,2025-01-24,SH.KC_688567,孚能科技,电池,4.054864
2405,2025-01-27,SH.KC_688096,京源环保,环保行业,4.054503
2406,2025-01-27,SH.ZB_600487,亨通光电,通信设备,4.054193
2407,2025-01-27,SH.KC_301169,零点有数,专业服务,4.0539412
2408,2025-01-24,SH.KC_688207,格灵深瞳,软件开发,4.053427
2409,2025-01-24,SH.ZB_603033,三维股份,橡胶制品,4.0529294
2410,2025-01-27,SH.ZB_600600,青岛啤酒,酿酒行业,4.0523767
2411,2025-01-27,SH.KC_688195,腾景科技,光学光电子,4.051843
2412,2025-01-27,SH.KC_300542,新晨科技,软件开发,4.0512576
2413,2025-01-27,SZ.ZB_001208,华菱线缆,电网设备,4.050942
2414,2025-01-24,SZ.ZB_002222,福晶科技,光学光电子,4.049933
2415,2025-01-27,SH.KC_300940,南极光,光学光电子,4.0498333
2416,2025-01-27,SH.KC_300861,美畅股份,非金属材料,4.049593
2417,2025-01-27,SH.KC_301239,普瑞眼科,医疗服务,4.048297
2418,2025-01-24,SH.KC_300929,华骐环保,环保行业,4.0473447
2419,2025-01-27,SH.KC_301348,蓝箭电子,半导体,4.046048
2420,2025-01-27,SZ.ZB_002933,新兴装备,航天航空,4.0456653
2421,2025-01-24,SZ.ZB_000061,农 产 品,贸易行业,4.0456457
2422,2025-01-24,SH.KC_301036,双乐股份,化学制品,4.0445147
2423,2025-01-27,SH.KC_300365,恒华科技,软件开发,4.0414853
2424,2025-01-24,SH.KC_300793,佳禾智能,消费电子,4.0406523
2425,2025-01-27,SH.KC_688551,科威尔,电源设备,4.040021
2426,2025-01-27,SH.KC_301307,美利信,通信设备,4.0398583
2427,2025-01-24,SH.ZB_603158,腾龙股份,汽车零部件,4.0391936
2428,2025-01-24,SZ.ZB_002171,楚江新材,有色金属,4.039155
2429,2025-01-27,SH.KC_301119,正强股份,汽车零部件,4.038404
2430,2025-01-24,SZ.ZB_000510,新金路,化学原料,4.037984
2431,2025-01-27,SH.KC_300539,横河精密,塑料制品,4.037036
2432,2025-01-24,SH.KC_300883,龙利得,造纸印刷,4.0370135
2433,2025-01-27,SH.ZB_600774,汉商集团,商业百货,4.0340886
2434,2025-01-24,SZ.ZB_002747,埃斯顿,通用设备,4.033789
2435,2025-01-24,SZ.ZB_002427,尤夫股份,化纤行业,4.0326447
2436,2025-01-24,SZ.ZB_000514,渝 开 发,房地产开发,4.031384
2437,2025-01-27,SH.ZB_600577,精达股份,电网设备,4.031308
2438,2025-01-27,SH.ZB_600686,金龙汽车,汽车整车,4.0311995
2439,2025-01-27,SH.KC_300838,浙江力诺,仪器仪表,4.030809
2440,2025-01-24,SZ.ZB_000695,滨海能源,造纸印刷,4.029556
2441,2025-01-27,SH.KC_301578,辰奕智能,消费电子,4.028478
2442,2025-01-27,SZ.ZB_002613,北玻股份,玻璃玻纤,4.027863
2443,2025-01-27,SH.ZB_603583,捷昌驱动,专用设备,4.027833
2444,2025-01-24,SH.KC_300180,华峰超纤,塑料制品,4.0278196
2445,2025-01-24,SH.ZB_603173,福斯达,通用设备,4.027429
2446,2025-01-27,SH.ZB_603351,威尔药业,化学制药,4.0270357
2447,2025-01-27,SZ.ZB_000062,深圳华强,电子元件,4.024586
2448,2025-01-27,SZ.ZB_002825,纳尔股份,塑料制品,4.02454
2449,2025-01-24,SZ.ZB_002348,高乐股份,家用轻工,4.023747
2450,2025-01-27,SH.KC_300447,全信股份,电网设备,4.0235295
2451,2025-01-27,SZ.ZB_002095,生 意 宝,互联网服务,4.0204854
2452,2025-01-24,SH.ZB_600481,双良节能,光伏设备,4.020153
2453,2025-01-27,SH.KC_300992,泰福泵业,通用设备,4.0192456
2454,2025-01-27,SH.KC_300529,健帆生物,医疗器械,4.0187016
2455,2025-01-27,SH.KC_301213,观想科技,软件开发,4.01801
2456,2025-01-24,SZ.ZB_002741,光华科技,电子化学品,4.017642
2457,2025-01-24,SH.KC_688195,腾景科技,光学光电子,4.0166435
2458,2025-01-27,SH.KC_301112,信邦智能,专用设备,4.0164247
2459,2025-01-27,SH.ZB_600071,凤凰光学,光学光电子,4.016301
2460,2025-01-27,SZ.ZB_002182,宝武镁业,有色金属,4.015909
2461,2025-01-27,SH.KC_300226,上海钢联,互联网服务,4.015161
2462,2025-01-27,SH.ZB_603270,金帝股份,通用设备,4.015055
2463,2025-01-27,SH.ZB_600178,东安动力,汽车零部件,4.013826
2464,2025-01-27,SH.KC_688597,煜邦电力,电网设备,4.013732
2465,2025-01-24,SH.KC_688315,诺禾致源,医疗服务,4.013711
2466,2025-01-24,SZ.ZB_002622,皓宸医疗,医疗服务,4.0137053
2467,2025-01-24,SH.KC_688378,奥来德,专用设备,4.013178
2468,2025-01-24,SH.KC_300466,赛摩智能,电网设备,4.012309
2469,2025-01-24,SH.KC_300370,安控科技,仪器仪表,4.0121837
2470,2025-01-24,SH.ZB_600658,电子城,房地产服务,4.0118785
2471,2025-01-27,SZ.ZB_000938,紫光股份,互联网服务,4.0110154
2472,2025-01-24,SH.ZB_605006,山东玻纤,玻璃玻纤,4.00999
2473,2025-01-24,SH.ZB_600577,精达股份,电网设备,4.0099664
2474,2025-01-24,SH.KC_300147,香雪制药,中药,4.009092
2475,2025-01-27,SH.ZB_603176,汇通集团,工程建设,4.0089684
2476,2025-01-27,SH.KC_688707,振华新材,电池,4.007089
2477,2025-01-27,SH.KC_688682,霍莱沃,通信服务,4.0066705
2478,2025-01-27,SH.ZB_603758,秦安股份,汽车零部件,4.0062933
2479,2025-01-27,SH.KC_300456,赛微电子,半导体,4.0037827
2480,2025-01-27,SH.ZB_600114,东睦股份,通用设备,3.9996371
2481,2025-01-24,SH.ZB_600117,西宁特钢,钢铁行业,3.998439
2482,2025-01-24,SH.KC_688270,臻镭科技,半导体,3.9977775
2483,2025-01-24,SH.ZB_603336,宏辉果蔬,农牧饲渔,3.9967566
2484,2025-01-27,SH.KC_301591,肯特股份,塑料制品,3.996107
2485,2025-01-24,SZ.ZB_002596,海南瑞泽,水泥建材,3.995855
2486,2025-01-24,SH.KC_301270,汉仪股份,互联网服务,3.9956272
2487,2025-01-24,SZ.ZB_002084,海鸥住工,装修装饰,3.9953098
2488,2025-01-27,SZ.ZB_002171,楚江新材,有色金属,3.9949565
2489,2025-01-24,SH.ZB_600159,大龙地产,房地产开发,3.9949045
2490,2025-01-27,SH.ZB_603158,腾龙股份,汽车零部件,3.9943933
2491,2025-01-27,SH.ZB_600797,浙大网新,互联网服务,3.9940982
2492,2025-01-27,SZ.ZB_001201,东瑞股份,农牧饲渔,3.9929702
2493,2025-01-24,SZ.ZB_002811,郑中设计,专业服务,3.9916263
2494,2025-01-27,SH.ZB_600215,派斯林,通用设备,3.990668
2495,2025-01-24,SZ.ZB_000698,沈阳化工,石油行业,3.9901495
2496,2025-01-27,SH.KC_300617,安靠智电,电网设备,3.990127
2497,2025-01-24,SH.KC_300875,捷强装备,专用设备,3.9898946
2498,2025-01-27,SZ.ZB_000723,美锦能源,煤炭行业,3.9893746
2499,2025-01-27,SH.KC_688316,青云科技-U,互联网服务,3.9871483
2500,2025-01-24,SH.ZB_603289,泰瑞机器,专用设备,3.9869547
2501,2025-01-27,SZ.ZB_002686,亿利达,通用设备,3.9869442
2502,2025-01-24,SH.KC_300025,华星创业,通信服务,3.9868846
2503,2025-01-27,SH.KC_300796,贝斯美,农药兽药,3.986533
2504,2025-01-24,SH.KC_300266,兴源环境,环保行业,3.9863229
2505,2025-01-27,SH.ZB_603703,盛洋科技,光学光电子,3.983587
2506,2025-01-27,SH.KC_301102,兆讯传媒,文化传媒,3.9825275
2507,2025-01-27,SH.KC_301499,维科精密,汽车零部件,3.9824889
2508,2025-01-27,SH.ZB_600643,爱建集团,多元金融,3.9822102
2509,2025-01-27,SZ.ZB_002077,大港股份,半导体,3.9820418
2510,2025-01-27,SZ.ZB_000565,渝三峡Ａ,化学制品,3.981632
2511,2025-01-27,SH.ZB_600661,昂立教育,教育,3.981234
2512,2025-01-27,SH.KC_300659,中孚信息,软件开发,3.9811134
2513,2025-01-27,SH.ZB_600319,亚星化学,化学原料,3.9809465
2514,2025-01-24,SZ.ZB_002527,新时达,专用设备,3.9807484
2515,2025-01-27,SH.KC_300701,森霸传感,光学光电子,3.980589
2516,2025-01-24,SH.ZB_600962,国投中鲁,食品饮料,3.979455
2517,2025-01-27,SH.KC_300283,温州宏丰,电网设备,3.9787917
2518,2025-01-27,SH.ZB_603020,爱普股份,食品饮料,3.9787621
2519,2025-01-27,SZ.ZB_002486,嘉麟杰,纺织服装,3.9785206
2520,2025-01-27,SH.KC_300434,金石亚药,化学制药,3.9782047
2521,2025-01-27,SZ.ZB_000750,国海证券,证券,3.978096
2522,2025-01-27,SH.KC_300723,一品红,化学制药,3.9779975
2523,2025-01-27,SH.KC_300552,万集科技,软件开发,3.977491
2524,2025-01-24,SH.ZB_600560,金自天正,专用设备,3.977184
2525,2025-01-24,SH.KC_301299,卓创资讯,互联网服务,3.9763973
2526,2025-01-24,SH.KC_300448,浩云科技,互联网服务,3.9759846
2527,2025-01-27,SZ.ZB_002726,龙大美食,食品饮料,3.9759562
2528,2025-01-27,SZ.ZB_002129,TCL中环,光伏设备,3.9752812
2529,2025-01-27,SH.ZB_603399,永杉锂业,小金属,3.9744587
2530,2025-01-27,SH.KC_688380,中微半导,半导体,3.9742396
2531,2025-01-24,SZ.ZB_002563,森马服饰,纺织服装,3.9729223
2532,2025-01-27,SZ.ZB_000936,华西股份,化纤行业,3.9705782
2533,2025-01-27,SH.KC_300337,银邦股份,有色金属,3.9693787
2534,2025-01-27,SH.KC_688041,海光信息,半导体,3.9686294
2535,2025-01-27,SZ.ZB_002853,皮阿诺,装修建材,3.9682806
2536,2025-01-24,SH.KC_300334,津膜科技,环保行业,3.967619
2537,2025-01-24,SH.ZB_603920,世运电路,电子元件,3.9675295
2538,2025-01-27,SZ.ZB_002531,天顺风能,风电设备,3.9672165
2539,2025-01-27,SH.KC_300947,德必集团,专业服务,3.9669156
2540,2025-01-27,SH.KC_300264,佳创视讯,互联网服务,3.966549
2541,2025-01-24,SH.KC_301199,迈赫股份,专用设备,3.966324
2542,2025-01-27,SZ.ZB_001287,中电港,贸易行业,3.9652615
2543,2025-01-27,SH.KC_301327,华宝新能,电源设备,3.9652557
2544,2025-01-27,SZ.ZB_002189,中光学,光学光电子,3.96467
2545,2025-01-24,SZ.ZB_000985,大庆华科,化学制品,3.9644375
2546,2025-01-24,SH.KC_301004,嘉益股份,家用轻工,3.9631963
2547,2025-01-27,SZ.ZB_002755,奥赛康,化学制药,3.9622455
2548,2025-01-24,SZ.ZB_000815,美利云,造纸印刷,3.9622202
2549,2025-01-27,SH.KC_300340,科恒股份,电池,3.9613128
2550,2025-01-27,SH.KC_300865,大宏立,专用设备,3.9608107
2551,2025-01-27,SZ.ZB_002898,赛隆药业,化学制药,3.9605737
2552,2025-01-24,SZ.ZB_000096,广聚能源,石油行业,3.9602683
2553,2025-01-27,SH.KC_688523,航天环宇,航天航空,3.9602175
2554,2025-01-27,SH.ZB_603918,金桥信息,互联网服务,3.9592595
2555,2025-01-27,SZ.ZB_000801,四川九洲,家电行业,3.9570436
2556,2025-01-27,SH.ZB_605318,法狮龙,装修装饰,3.956905
2557,2025-01-24,SH.KC_300051,琏升科技,光伏设备,3.956826
2558,2025-01-27,SH.KC_300521,爱司凯,专用设备,3.954582
2559,2025-01-27,SH.KC_301365,矩阵股份,装修装饰,3.95426
2560,2025-01-24,SH.KC_300707,威唐工业,汽车零部件,3.9538293
2561,2025-01-27,SH.ZB_601908,京运通,光伏设备,3.95381
2562,2025-01-27,SZ.ZB_002208,合肥城建,房地产开发,3.9536014
2563,2025-01-27,SZ.ZB_002866,传艺科技,消费电子,3.953597
2564,2025-01-24,SH.KC_300577,开润股份,纺织服装,3.9529457
2565,2025-01-24,SZ.ZB_001322,箭牌家居,装修建材,3.9526284
2566,2025-01-27,SH.ZB_603159,上海亚虹,专用设备,3.9525404
2567,2025-01-27,SH.KC_300576,容大感光,电子化学品,3.9519892
2568,2025-01-24,SZ.ZB_000980,众泰汽车,汽车整车,3.951186
2569,2025-01-24,SH.ZB_603079,圣达生物,化学制品,3.9509683
2570,2025-01-27,SZ.ZB_002269,美邦服饰,纺织服装,3.9508939
2571,2025-01-24,SH.KC_688126,沪硅产业,半导体,3.9506912
2572,2025-01-27,SZ.ZB_002466,天齐锂业,能源金属,3.950374
2573,2025-01-27,SH.ZB_603668,天马科技,农牧饲渔,3.9503052
2574,2025-01-24,SZ.ZB_002383,合众思壮,计算机设备,3.950253
2575,2025-01-24,SH.ZB_603863,松炀资源,造纸印刷,3.94983
2576,2025-01-24,SH.ZB_603707,健友股份,化学制药,3.949827
2577,2025-01-24,SH.KC_301525,儒竞科技,通用设备,3.949058
2578,2025-01-27,SH.KC_301171,易点天下,互联网服务,3.949009
2579,2025-01-24,SH.KC_688597,煜邦电力,电网设备,3.947474
2580,2025-01-27,SH.ZB_603506,南都物业,房地产服务,3.9447098
2581,2025-01-24,SZ.ZB_002584,西陇科学,电子化学品,3.944297
2582,2025-01-24,SZ.ZB_002759,天际股份,电池,3.9440064
2583,2025-01-27,SH.KC_300732,设研院,工程咨询服务,3.94354
2584,2025-01-24,SH.KC_688015,交控科技,交运设备,3.9434538
2585,2025-01-24,SH.KC_688682,霍莱沃,通信服务,3.9425433
2586,2025-01-27,SH.KC_688385,复旦微电,半导体,3.9423869
2587,2025-01-24,SH.ZB_600390,五矿资本,多元金融,3.9414911
2588,2025-01-24,SH.KC_300861,美畅股份,非金属材料,3.9407043
2589,2025-01-27,SH.KC_688711,宏微科技,半导体,3.9405794
2590,2025-01-24,SH.ZB_600968,海油发展,采掘行业,3.940575
2591,2025-01-24,SH.KC_301372,科净源,环保行业,3.9401293
2592,2025-01-24,SH.KC_300478,杭州高新,塑料制品,3.9392142
2593,2025-01-27,SH.ZB_603818,曲美家居,装修建材,3.9383636
2594,2025-01-24,SH.KC_688539,高华科技,电子元件,3.9380088
2595,2025-01-24,SH.ZB_603117,万林物流,物流行业,3.9376035
2596,2025-01-24,SH.KC_688116,天奈科技,化学制品,3.937337
2597,2025-01-27,SH.ZB_600748,上实发展,房地产开发,3.9362848
2598,2025-01-27,SH.ZB_603036,如通股份,专用设备,3.935872
2599,2025-01-24,SH.KC_301510,固高科技,仪器仪表,3.9358258
2600,2025-01-27,SH.KC_300842,帝科股份,光伏设备,3.9353876
2601,2025-01-27,SH.KC_300820,英杰电气,电源设备,3.935145
2602,2025-01-24,SH.KC_300531,优博讯,计算机设备,3.9346025
2603,2025-01-24,SH.ZB_603499,翔港科技,造纸印刷,3.9342432
2604,2025-01-24,SH.KC_688141,杰华特,半导体,3.9341063
2605,2025-01-24,SH.KC_688443,智翔金泰-U,生物制品,3.933935
2606,2025-01-24,SZ.ZB_000802,北京文化,文化传媒,3.9336338
2607,2025-01-24,SH.KC_688509,正元地信,互联网服务,3.9324985
2608,2025-01-27,SH.KC_688686,奥普特,仪器仪表,3.9322422
2609,2025-01-27,SH.KC_301298,东利机械,汽车零部件,3.9320648
2610,2025-01-24,SH.ZB_603083,剑桥科技,通信设备,3.9317906
2611,2025-01-27,SH.ZB_603885,吉祥航空,航空机场,3.9315076
2612,2025-01-27,SH.KC_688249,晶合集成,半导体,3.931278
2613,2025-01-24,SH.KC_300993,玉马科技,家用轻工,3.9310575
2614,2025-01-27,SZ.ZB_002292,奥飞娱乐,文化传媒,3.930752
2615,2025-01-27,SH.ZB_603350,安乃达,电机,3.929387
2616,2025-01-27,SH.KC_300648,星云股份,电池,3.9287329
2617,2025-01-27,SZ.ZB_002698,博实股份,专用设备,3.9281473
2618,2025-01-27,SH.KC_300271,华宇软件,互联网服务,3.9271607
2619,2025-01-24,SH.KC_300035,中科电气,非金属材料,3.9253683
2620,2025-01-27,SH.ZB_603032,德新科技,电池,3.9251118
2621,2025-01-27,SH.KC_300582,英飞特,光学光电子,3.924413
2622,2025-01-27,SZ.ZB_000151,中成股份,贸易行业,3.923665
2623,2025-01-27,SH.ZB_603196,日播时尚,纺织服装,3.9232106
2624,2025-01-27,SH.ZB_600615,丰华股份,小金属,3.9225028
2625,2025-01-27,SH.KC_300185,通裕重工,风电设备,3.921999
2626,2025-01-24,SH.KC_688398,赛特新材,化学制品,3.9212213
2627,2025-01-24,SZ.ZB_002036,联创电子,光学光电子,3.9210484
2628,2025-01-24,SZ.ZB_002390,信邦制药,中药,3.919217
2629,2025-01-27,SH.KC_301618,长联科技,化学制品,3.9191828
2630,2025-01-24,SZ.ZB_002942,新农股份,农药兽药,3.9188862
2631,2025-01-27,SH.KC_688418,震有科技,通信设备,3.918773
2632,2025-01-27,SZ.ZB_002903,宇环数控,通用设备,3.9173098
2633,2025-01-27,SH.KC_300263,隆华科技,通用设备,3.9167225
2634,2025-01-27,SZ.ZB_002297,博云新材,航天航空,3.9161458
2635,2025-01-27,SH.KC_301072,中捷精工,汽车零部件,3.9161398
2636,2025-01-24,SH.ZB_600844,丹化科技,化学原料,3.915663
2637,2025-01-27,SH.KC_300757,罗博特科,专用设备,3.9156392
2638,2025-01-27,SH.KC_688052,纳芯微,半导体,3.9156227
2639,2025-01-27,SH.KC_301236,软通动力,软件开发,3.9156034
2640,2025-01-27,SZ.ZB_002402,和而泰,消费电子,3.9147868
2641,2025-01-27,SZ.ZB_000862,银星能源,电力行业,3.9146616
2642,2025-01-27,SH.KC_688220,翱捷科技-U,半导体,3.9142907
2643,2025-01-27,SZ.ZB_002130,沃尔核材,非金属材料,3.9122179
2644,2025-01-24,SH.KC_300725,药石科技,化学制药,3.9115415
2645,2025-01-27,SZ.ZB_002836,新宏泽,造纸印刷,3.9090946
2646,2025-01-24,SZ.ZB_002514,宝馨科技,通用设备,3.9068534
2647,2025-01-24,SZ.ZB_002577,雷柏科技,消费电子,3.9055734
2648,2025-01-27,SZ.ZB_002407,多氟多,化学制品,3.9055586
2649,2025-01-24,SZ.ZB_000564,供销大集,商业百货,3.9053917
2650,2025-01-27,SZ.ZB_002782,可立克,消费电子,3.9046838
2651,2025-01-24,SH.KC_688365,光云科技,互联网服务,3.903903
2652,2025-01-24,SH.ZB_600719,大连热电,电力行业,3.903213
2653,2025-01-27,SH.KC_300690,双一科技,风电设备,3.9031222
2654,2025-01-24,SH.ZB_600620,天宸股份,综合行业,3.902772
2655,2025-01-27,SH.KC_300119,瑞普生物,农药兽药,3.902504
2656,2025-01-27,SZ.ZB_000503,国新健康,软件开发,3.9019928
2657,2025-01-27,SZ.ZB_002244,滨江集团,房地产开发,3.9019034
2658,2025-01-27,SH.ZB_600770,综艺股份,综合行业,3.901069
2659,2025-01-24,SH.KC_301511,德福科技,电池,3.900525
2660,2025-01-27,SH.ZB_600775,南京熊猫,通信设备,3.900169
2661,2025-01-24,SH.KC_300192,科德教育,教育,3.8985178
2662,2025-01-24,SZ.ZB_002583,海能达,通信设备,3.897965
2663,2025-01-24,SZ.ZB_000917,电广传媒,文化传媒,3.897898
2664,2025-01-27,SH.KC_300188,国投智能,软件开发,3.8972094
2665,2025-01-24,SH.KC_688359,三孚新科,电子化学品,3.8966074
2666,2025-01-24,SZ.ZB_002828,贝肯能源,采掘行业,3.8962932
2667,2025-01-24,SH.ZB_603020,爱普股份,食品饮料,3.8945363
2668,2025-01-27,SZ.ZB_002246,北化股份,化学制品,3.8935304
2669,2025-01-27,SZ.ZB_002570,贝因美,食品饮料,3.891641
2670,2025-01-27,SH.ZB_600498,烽火通信,通信设备,3.8905025
2671,2025-01-27,SZ.ZB_002133,广宇集团,房地产开发,3.890285
2672,2025-01-24,SH.KC_300124,汇川技术,电子元件,3.890154
2673,2025-01-24,SH.KC_300397,天和防务,通信设备,3.889744
2674,2025-01-27,SZ.ZB_002859,洁美科技,电子元件,3.8893013
2675,2025-01-24,SH.KC_301566,达利凯普,电子元件,3.8888903
2676,2025-01-27,SZ.ZB_002685,华东重机,通用设备,3.8887277
2677,2025-01-27,SH.KC_300424,航新科技,航天航空,3.8882687
2678,2025-01-24,SZ.ZB_000723,美锦能源,煤炭行业,3.8877935
2679,2025-01-27,SH.KC_300421,力星股份,通用设备,3.8873224
2680,2025-01-24,SH.KC_300621,维业股份,装修装饰,3.8869426
2681,2025-01-27,SZ.ZB_002201,正威新材,玻璃玻纤,3.886664
2682,2025-01-27,SZ.ZB_000837,秦川机床,通用设备,3.8864284
2683,2025-01-27,SZ.ZB_002016,世荣兆业,房地产开发,3.8863645
2684,2025-01-27,SH.KC_300703,创源股份,家用轻工,3.8860514
2685,2025-01-27,SZ.ZB_002170,芭田股份,化肥行业,3.8836374
2686,2025-01-27,SH.KC_688328,深科达,专用设备,3.8831546
2687,2025-01-27,SZ.ZB_002431,棕榈股份,工程建设,3.8830848
2688,2025-01-27,SH.ZB_600604,市北高新,房地产服务,3.8827286
2689,2025-01-27,SH.ZB_605588,冠石科技,半导体,3.8826287
2690,2025-01-27,SH.KC_300022,吉峰科技,工程机械,3.881958
2691,2025-01-27,SH.ZB_603123,翠微股份,多元金融,3.8805678
2692,2025-01-24,SH.KC_300860,锋尚文化,文化传媒,3.880024
2693,2025-01-27,SH.KC_300623,捷捷微电,半导体,3.8794875
2694,2025-01-27,SH.ZB_603655,朗博科技,汽车零部件,3.8789675
2695,2025-01-27,SH.KC_688023,安恒信息,软件开发,3.8786383
2696,2025-01-24,SH.KC_300350,华鹏飞,物流行业,3.8783817
2697,2025-01-27,SH.KC_688536,思瑞浦,半导体,3.8766072
2698,2025-01-27,SH.ZB_601615,明阳智能,风电设备,3.8758159
2699,2025-01-27,SH.KC_688202,美迪西,医疗服务,3.8757994
2700,2025-01-27,SZ.ZB_002949,华阳国际,工程咨询服务,3.874831
2701,2025-01-27,SH.KC_300775,三角防务,航天航空,3.8748055
2702,2025-01-27,SZ.ZB_002416,爱施德,商业百货,3.8747475
2703,2025-01-24,SH.ZB_601702,华峰铝业,有色金属,3.874457
2704,2025-01-24,SZ.ZB_000679,大连友谊,商业百货,3.873937
2705,2025-01-24,SH.KC_688205,德科立,光学光电子,3.8730428
2706,2025-01-27,SZ.ZB_001266,宏英智能,仪器仪表,3.8728027
2707,2025-01-27,SH.KC_300879,大叶股份,专用设备,3.8725047
2708,2025-01-27,SZ.ZB_002568,百润股份,酿酒行业,3.8718715
2709,2025-01-24,SH.ZB_600120,浙江东方,多元金融,3.8717911
2710,2025-01-27,SZ.ZB_000863,三湘印象,房地产开发,3.8716898
2711,2025-01-27,SH.KC_300862,蓝盾光电,仪器仪表,3.8710103
2712,2025-01-27,SH.KC_301587,中瑞股份,电池,3.8706973
2713,2025-01-24,SH.KC_301239,普瑞眼科,医疗服务,3.8687944
2714,2025-01-27,SZ.ZB_001311,多利科技,汽车零部件,3.8663626
2715,2025-01-27,SH.KC_300730,科创信息,软件开发,3.8661764
2716,2025-01-27,SH.ZB_603322,超讯通信,通信服务,3.8649187
2717,2025-01-24,SH.ZB_603898,好莱客,装修建材,3.8646789
2718,2025-01-27,SH.ZB_600621,华鑫股份,证券,3.8646073
2719,2025-01-27,SH.KC_300475,香农芯创,电子元件,3.8645267
2720,2025-01-27,SH.ZB_600837,海通证券,证券,3.8642242
2721,2025-01-24,SZ.ZB_000796,凯撒旅业,旅游酒店,3.8637817
2722,2025-01-27,SH.KC_688206,概伦电子,软件开发,3.8635626
2723,2025-01-24,SH.KC_300898,熊猫乳品,食品饮料,3.8631723
2724,2025-01-24,SH.ZB_603619,中曼石油,采掘行业,3.8624616
2725,2025-01-24,SH.KC_688428,诺诚健华-U,生物制品,3.8621993
2726,2025-01-24,SZ.ZB_000610,西安旅游,旅游酒店,3.861469
2727,2025-01-27,SZ.ZB_002395,双象股份,塑料制品,3.8602324
2728,2025-01-24,SZ.ZB_002630,华西能源,电源设备,3.8596377
2729,2025-01-24,SH.ZB_600617,国新能源,燃气,3.8596199
2730,2025-01-27,SH.ZB_600810,神马股份,化纤行业,3.8592844
2731,2025-01-24,SZ.ZB_001269,欧晶科技,光伏设备,3.8589761
2732,2025-01-24,SH.KC_300374,中铁装配,装修装饰,3.8588257
2733,2025-01-24,SH.KC_301052,果麦文化,文化传媒,3.8574204
2734,2025-01-24,SH.KC_300917,特发服务,房地产服务,3.857331
2735,2025-01-27,SZ.ZB_002780,三夫户外,纺织服装,3.8572714
2736,2025-01-27,SZ.ZB_002956,西麦食品,食品饮料,3.8569093
2737,2025-01-27,SZ.ZB_000965,天保基建,房地产开发,3.8565545
2738,2025-01-27,SH.ZB_600550,保变电气,电网设备,3.855519
2739,2025-01-24,SH.ZB_603116,红蜻蜓,纺织服装,3.8554356
2740,2025-01-27,SZ.ZB_000008,神州高铁,交运设备,3.852372
2741,2025-01-27,SH.KC_300148,天舟文化,游戏,3.851527
2742,2025-01-27,SZ.ZB_000638,万方发展,农牧饲渔,3.850378
2743,2025-01-27,SH.ZB_605555,德昌股份,家电行业,3.8499892
2744,2025-01-27,SH.ZB_600579,中化装备,专用设备,3.8499072
2745,2025-01-27,SZ.ZB_002282,博深股份,通用设备,3.8498654
2746,2025-01-27,SH.KC_688126,沪硅产业,半导体,3.8488731
2747,2025-01-24,SH.ZB_600203,福日电子,消费电子,3.8485513
2748,2025-01-24,SZ.ZB_002150,通润装备,通用设备,3.8476632
2749,2025-01-27,SH.KC_301369,联动科技,半导体,3.8476615
2750,2025-01-27,SH.KC_688292,浩瀚深度,互联网服务,3.847334
2751,2025-01-27,SH.ZB_603005,晶方科技,半导体,3.8471475
2752,2025-01-24,SZ.ZB_002875,安奈儿,纺织服装,3.8464694
2753,2025-01-24,SH.KC_688202,美迪西,医疗服务,3.8463414
2754,2025-01-24,SH.KC_688109,品茗科技,软件开发,3.8463235
2755,2025-01-27,SH.KC_300942,易瑞生物,化学制药,3.846003
2756,2025-01-27,SH.KC_688028,沃尔德,通用设备,3.8455532
2757,2025-01-27,SH.ZB_603825,华扬联众,文化传媒,3.8455458
2758,2025-01-27,SH.KC_688050,爱博医疗,医疗器械,3.8451195
2759,2025-01-24,SH.KC_300329,海伦钢琴,家用轻工,3.845048
2760,2025-01-24,SH.ZB_600448,华纺股份,纺织服装,3.844571
2761,2025-01-24,SH.KC_300529,健帆生物,医疗器械,3.8428397
2762,2025-01-24,SH.KC_300011,鼎汉技术,交运设备,3.8428173
2763,2025-01-24,SZ.ZB_002902,铭普光磁,通信设备,3.8419814
2764,2025-01-27,SZ.ZB_002875,安奈儿,纺织服装,3.8415923
2765,2025-01-27,SH.KC_301360,荣旗科技,专用设备,3.8402603
2766,2025-01-24,SZ.ZB_002188,中天服务,房地产服务,3.839682
2767,2025-01-24,SZ.ZB_002219,新里程,医疗服务,3.8376226
2768,2025-01-24,SZ.ZB_002347,泰尔股份,通用设备,3.836164
2769,2025-01-24,SZ.ZB_002025,航天电器,电子元件,3.835927
2770,2025-01-24,SH.ZB_605488,福莱新材,塑料制品,3.8349242
2771,2025-01-24,SH.KC_300253,卫宁健康,软件开发,3.8345785
2772,2025-01-24,SZ.ZB_001231,农心科技,农药兽药,3.834109
2773,2025-01-24,SZ.ZB_002991,甘源食品,食品饮料,3.8329794
2774,2025-01-24,SH.ZB_600215,派斯林,通用设备,3.8327157
2775,2025-01-27,SH.ZB_603685,晨丰科技,光学光电子,3.831829
2776,2025-01-24,SH.KC_688108,赛诺医疗,医疗器械,3.8307383
2777,2025-01-24,SH.KC_688237,超卓航科,航天航空,3.8294806
2778,2025-01-24,SZ.ZB_002096,易普力,化学制品,3.8293629
2779,2025-01-27,SZ.ZB_000697,炼石航空,航天航空,3.829278
2780,2025-01-27,SZ.ZB_002045,国光电器,消费电子,3.8288713
2781,2025-01-24,SH.ZB_603030,全筑股份,装修装饰,3.8288653
2782,2025-01-27,SH.KC_300099,尤洛卡,专用设备,3.8282604
2783,2025-01-27,SH.KC_688119,中钢洛耐,非金属材料,3.8281054
2784,2025-01-27,SH.ZB_600171,上海贝岭,半导体,3.8247495
2785,2025-01-24,SH.KC_688300,联瑞新材,非金属材料,3.8230538
2786,2025-01-24,SH.KC_301007,德迈仕,汽车零部件,3.8223758
2787,2025-01-24,SZ.ZB_000048,京基智农,农牧饲渔,3.8213716
2788,2025-01-24,SH.KC_300932,三友联众,电网设备,3.8211093
2789,2025-01-27,SH.ZB_603617,君禾股份,通用设备,3.8204684
2790,2025-01-27,SZ.ZB_003006,百亚股份,美容护理,3.8201199
2791,2025-01-24,SZ.ZB_002351,漫步者,消费电子,3.8196876
2792,2025-01-24,SZ.ZB_002095,生 意 宝,互联网服务,3.819479
2793,2025-01-24,SH.KC_688098,申联生物,农药兽药,3.819394
2794,2025-01-27,SH.KC_688596,正帆科技,专用设备,3.8164945
2795,2025-01-27,SZ.ZB_002247,聚力文化,装修装饰,3.8164303
2796,2025-01-24,SZ.ZB_002466,天齐锂业,能源金属,3.8149238
2797,2025-01-27,SZ.ZB_002661,克明食品,食品饮料,3.8148985
2798,2025-01-27,SH.KC_300066,三川智慧,仪器仪表,3.8143516
2799,2025-01-27,SZ.ZB_000807,云铝股份,有色金属,3.8141563
2800,2025-01-24,SH.KC_688595,芯海科技,半导体,3.8140206
2801,2025-01-24,SZ.ZB_002286,保龄宝,食品饮料,3.8136497
2802,2025-01-24,SH.KC_688187,时代电气,交运设备,3.8123085
2803,2025-01-27,SZ.ZB_001319,铭科精技,汽车零部件,3.8119376
2804,2025-01-27,SH.KC_301603,乔锋智能,通用设备,3.8114846
2805,2025-01-24,SH.ZB_603787,新日股份,交运设备,3.8113163
2806,2025-01-27,SZ.ZB_002637,赞宇科技,化学制品,3.8111596
2807,2025-01-27,SH.KC_688435,英方软件,软件开发,3.8108766
2808,2025-01-27,SH.ZB_601608,中信重工,专用设备,3.8104086
2809,2025-01-27,SZ.ZB_002138,顺络电子,电子元件,3.8102417
2810,2025-01-24,SZ.ZB_002426,胜利精密,通用设备,3.810209
2811,2025-01-24,SH.KC_301439,泓淋电力,电网设备,3.809513
2812,2025-01-27,SH.KC_300346,南大光电,电子化学品,3.809342
2813,2025-01-24,SH.KC_688288,鸿泉物联,计算机设备,3.8085878
2814,2025-01-27,SZ.ZB_002386,天原股份,化学原料,3.8084342
2815,2025-01-24,SH.KC_688778,厦钨新能,电池,3.8084164
2816,2025-01-24,SZ.ZB_002038,双鹭药业,生物制品,3.8079262
2817,2025-01-24,SH.KC_688448,磁谷科技,通用设备,3.8075356
2818,2025-01-24,SH.KC_300817,双飞集团,通用设备,3.807293
2819,2025-01-24,SH.ZB_600696,岩石股份,酿酒行业,3.806965
2820,2025-01-24,SH.KC_300918,南山智尚,纺织服装,3.8064213
2821,2025-01-27,SH.KC_300248,新开普,互联网服务,3.8063989
2822,2025-01-24,SZ.ZB_002145,中核钛白,化学原料,3.8063078
2823,2025-01-24,SH.ZB_603637,镇海股份,工程建设,3.8062155
2824,2025-01-27,SZ.ZB_002929,润建股份,通信服务,3.8056135
2825,2025-01-24,SH.ZB_601058,赛轮轮胎,橡胶制品,3.8054764
2826,2025-01-27,SZ.ZB_002767,先锋电子,仪器仪表,3.8049445
2827,2025-01-24,SZ.ZB_000056,皇庭国际,房地产服务,3.804046
2828,2025-01-27,SZ.ZB_002993,奥海科技,消费电子,3.8032963
2829,2025-01-24,SZ.ZB_000526,学大教育,教育,3.803204
2830,2025-01-24,SZ.ZB_003031,中瓷电子,通信设备,3.8031921
2831,2025-01-24,SH.KC_300952,恒辉安防,纺织服装,3.8030877
2832,2025-01-27,SH.KC_688081,兴图新科,通信服务,3.8020716
2833,2025-01-27,SZ.ZB_000829,天音控股,贸易行业,3.8016586
2834,2025-01-27,SZ.ZB_002434,万里扬,汽车零部件,3.8014026
2835,2025-01-27,SH.KC_300649,杭州园林,工程咨询服务,3.8013473
2836,2025-01-24,SZ.ZB_002045,国光电器,消费电子,3.8013294
2837,2025-01-24,SH.ZB_603226,菲林格尔,装修建材,3.801134
2838,2025-01-27,SZ.ZB_002554,惠博普,采掘行业,3.8008764
2839,2025-01-27,SH.KC_301155,海力风电,风电设备,3.800191
2840,2025-01-27,SH.KC_688223,晶科能源,光伏设备,3.799802
2841,2025-01-24,SH.KC_688519,南亚新材,电子元件,3.79799
2842,2025-01-24,SH.KC_300290,荣科科技,互联网服务,3.797333
2843,2025-01-27,SH.ZB_600743,华远地产,房地产开发,3.7972345
2844,2025-01-24,SH.ZB_603365,水星家纺,纺织服装,3.7967415
2845,2025-01-27,SH.ZB_603936,博敏电子,电子元件,3.7957013
2846,2025-01-27,SH.ZB_603917,合力科技,汽车零部件,3.7952363
2847,2025-01-27,SH.KC_688158,优刻得-W,互联网服务,3.794825
2848,2025-01-27,SH.KC_300737,科顺股份,装修建材,3.7934766
2849,2025-01-27,SH.ZB_600630,龙头股份,纺织服装,3.7931516
2850,2025-01-27,SZ.ZB_002981,朝阳科技,消费电子,3.7924738
2851,2025-01-24,SH.KC_688488,艾迪药业,生物制品,3.7923903
2852,2025-01-27,SZ.ZB_000953,河化股份,化学制药,3.7922726
2853,2025-01-24,SH.KC_300504,天邑股份,通信设备,3.791882
2854,2025-01-27,SH.KC_300511,雪榕生物,农牧饲渔,3.791739
2855,2025-01-27,SH.KC_300240,飞力达,物流行业,3.7917018
2856,2025-01-27,SH.KC_688192,迪哲医药-U,化学制药,3.7909806
2857,2025-01-27,SH.ZB_603387,基蛋生物,医疗器械,3.7900507
2858,2025-01-27,SH.KC_688578,艾力斯,化学制药,3.7898197
2859,2025-01-27,SH.KC_300210,森远股份,环保行业,3.7898138
2860,2025-01-24,SH.KC_300126,锐奇股份,通用设备,3.789781
2861,2025-01-24,SH.ZB_603616,韩建河山,水泥建材,3.789699
2862,2025-01-24,SH.ZB_603273,天元智能,专用设备,3.789477
2863,2025-01-24,SH.KC_300098,高新兴,软件开发,3.7889957
2864,2025-01-27,SH.KC_688443,智翔金泰-U,生物制品,3.7889183
2865,2025-01-27,SZ.ZB_002659,凯文教育,教育,3.788817
2866,2025-01-27,SZ.ZB_000676,智度股份,互联网服务,3.7879915
2867,2025-01-24,SH.KC_301178,天亿马,软件开发,3.7874327
2868,2025-01-27,SH.ZB_605567,春雪食品,食品饮料,3.786932
2869,2025-01-27,SH.KC_688530,欧莱新材,半导体,3.7862525
2870,2025-01-27,SH.KC_300614,百川畅银,环保行业,3.7861154
2871,2025-01-27,SH.KC_301280,珠城科技,电子元件,3.7859812
2872,2025-01-24,SH.ZB_600149,廊坊发展,电力行业,3.7856236
2873,2025-01-27,SH.ZB_605068,明新旭腾,汽车零部件,3.7849247
2874,2025-01-27,SZ.ZB_001231,农心科技,农药兽药,3.7837772
2875,2025-01-27,SH.ZB_600095,湘财股份,证券,3.783004
2876,2025-01-24,SH.KC_688177,百奥泰,生物制品,3.7813783
2877,2025-01-24,SH.KC_301024,霍普股份,工程建设,3.781216
2878,2025-01-24,SH.KC_301318,维海德,消费电子,3.7806392
2879,2025-01-24,SZ.ZB_000697,炼石航空,航天航空,3.7800267
2880,2025-01-24,SZ.ZB_002311,海大集团,农牧饲渔,3.7795873
2881,2025-01-27,SH.KC_688448,磁谷科技,通用设备,3.7794888
2882,2025-01-27,SZ.ZB_002672,东江环保,环保行业,3.7780569
2883,2025-01-27,SH.ZB_603029,天鹅股份,专用设备,3.777641
2884,2025-01-24,SZ.ZB_000880,潍柴重机,通用设备,3.776178
2885,2025-01-27,SZ.ZB_000408,藏格矿业,化肥行业,3.776112
2886,2025-01-27,SZ.ZB_002150,通润装备,通用设备,3.7757874
2887,2025-01-27,SH.KC_300450,先导智能,电池,3.7752733
2888,2025-01-24,SH.KC_300635,中达安,工程咨询服务,3.7751822
2889,2025-01-27,SZ.ZB_002737,葵花药业,中药,3.7751496
2890,2025-01-24,SZ.ZB_002323,雅博股份,装修建材,3.7751079
2891,2025-01-27,SH.ZB_603626,科森科技,消费电子,3.7749841
2892,2025-01-24,SH.KC_300985,致远新能,通用设备,3.7746878
2893,2025-01-27,SH.KC_300531,优博讯,计算机设备,3.7746117
2894,2025-01-24,SZ.ZB_002702,海欣食品,食品饮料,3.7742064
2895,2025-01-24,SZ.ZB_002899,英派斯,家用轻工,3.7741332
2896,2025-01-27,SZ.ZB_002580,圣阳股份,电池,3.7725494
2897,2025-01-24,SZ.ZB_002950,奥美医疗,医疗器械,3.7724018
2898,2025-01-24,SH.ZB_601137,博威合金,有色金属,3.7723913
2899,2025-01-27,SH.ZB_601233,桐昆股份,化纤行业,3.7718773
2900,2025-01-27,SZ.ZB_002571,德力股份,家用轻工,3.771703
2901,2025-01-27,SH.KC_301002,崧盛股份,电网设备,3.7715719
2902,2025-01-27,SH.KC_688788,科思科技,通信设备,3.7708952
2903,2025-01-24,SH.KC_300535,达威股份,化学制品,3.7701309
2904,2025-01-27,SH.KC_300538,同益股份,塑料制品,3.7682981
2905,2025-01-27,SH.ZB_600794,保税科技,物流行业,3.7682443
2906,2025-01-24,SH.KC_300042,朗科科技,半导体,3.7667215
2907,2025-01-27,SH.KC_300492,华图山鼎,工程咨询服务,3.7661881
2908,2025-01-27,SZ.ZB_000078,海王生物,医药商业,3.7653968
2909,2025-01-27,SH.KC_688377,迪威尔,专用设备,3.7649617
2910,2025-01-27,SH.ZB_603977,国泰集团,化学制品,3.7649498
2911,2025-01-24,SH.ZB_600640,国脉文化,文化传媒,3.7648485
2912,2025-01-24,SZ.ZB_000688,国城矿业,有色金属,3.7641406
2913,2025-01-27,SZ.ZB_002214,大立科技,电子元件,3.7638636
2914,2025-01-24,SH.KC_301499,维科精密,汽车零部件,3.763102
2915,2025-01-24,SH.KC_688373,盟科药业-U,生物制品,3.7625492
2916,2025-01-27,SH.ZB_600560,金自天正,专用设备,3.7618132
2917,2025-01-27,SH.ZB_600376,首开股份,房地产开发,3.7608862
2918,2025-01-27,SH.ZB_600773,西藏城投,房地产开发,3.7604644
2919,2025-01-24,SH.ZB_600151,航天机电,光伏设备,3.7595794
2920,2025-01-27,SZ.ZB_002648,卫星化学,化学原料,3.7593887
2921,2025-01-27,SZ.ZB_000547,航天发展,通信设备,3.759338
2922,2025-01-24,SH.KC_300061,旗天科技,文化传媒,3.7592306
2923,2025-01-24,SH.KC_688306,均普智能,专用设备,3.7590623
2924,2025-01-27,SH.KC_688084,晶品特装,专用设备,3.7586198
2925,2025-01-24,SH.ZB_603778,国晟科技,光伏设备,3.7581995
2926,2025-01-24,SH.ZB_600605,汇通能源,房地产服务,3.757824
2927,2025-01-27,SH.KC_300712,永福股份,工程建设,3.7577777
2928,2025-01-27,SZ.ZB_000633,合金投资,有色金属,3.7566245
2929,2025-01-27,SH.ZB_603679,华体科技,光学光电子,3.7559166
2930,2025-01-27,SH.ZB_600716,凤凰股份,房地产开发,3.7553847
2931,2025-01-24,SH.KC_688070,纵横股份,航天航空,3.755112
2932,2025-01-27,SH.ZB_601059,信达证券,证券,3.754814
2933,2025-01-27,SH.KC_688181,八亿时空,光学光电子,3.7539573
2934,2025-01-24,SZ.ZB_002386,天原股份,化学原料,3.753604
2935,2025-01-24,SZ.ZB_002682,龙洲股份,物流行业,3.752251
2936,2025-01-24,SH.KC_300139,晓程科技,贵金属,3.7522151
2937,2025-01-27,SH.KC_300661,圣邦股份,半导体,3.7513986
2938,2025-01-27,SZ.ZB_002830,名雕股份,装修装饰,3.749168
2939,2025-01-27,SH.ZB_600184,光电股份,专用设备,3.7481875
2940,2025-01-24,SZ.ZB_002755,奥赛康,化学制药,3.745608
2941,2025-01-27,SZ.ZB_002169,智光电气,电网设备,3.74555
2942,2025-01-27,SH.ZB_603826,坤彩科技,非金属材料,3.7454412
2943,2025-01-27,SH.ZB_600595,中孚实业,有色金属,3.7451267
2944,2025-01-27,SH.KC_301116,益客食品,食品饮料,3.7448554
2945,2025-01-24,SZ.ZB_002174,游族网络,游戏,3.7441998
2946,2025-01-24,SH.KC_301040,中环海陆,风电设备,3.743981
2947,2025-01-24,SH.KC_688450,光格科技,仪器仪表,3.7438645
2948,2025-01-27,SH.KC_688135,利扬芯片,半导体,3.743091
2949,2025-01-24,SH.ZB_600408,安泰集团,煤炭行业,3.7423759
2950,2025-01-24,SH.KC_300807,天迈科技,计算机设备,3.7420897
2951,2025-01-24,SH.KC_301113,雅艺科技,装修装饰,3.7416174
2952,2025-01-24,SH.KC_300928,华安鑫创,汽车零部件,3.7409797
2953,2025-01-27,SH.KC_300184,力源信息,贸易行业,3.7399902
2954,2025-01-27,SH.KC_688251,井松智能,通用设备,3.7390842
2955,2025-01-24,SH.ZB_600973,宝胜股份,电网设备,3.7388787
2956,2025-01-27,SZ.ZB_002879,长缆科技,电网设备,3.7374945
2957,2025-01-24,SH.KC_688351,微电生理-U,医疗器械,3.7366972
2958,2025-01-27,SH.ZB_600463,空港股份,房地产开发,3.7358017
2959,2025-01-27,SH.ZB_601106,中国一重,专用设备,3.7357912
2960,2025-01-24,SH.ZB_600163,中闽能源,电力行业,3.7343993
2961,2025-01-27,SH.KC_688559,海目星,专用设备,3.7343621
2962,2025-01-24,SH.KC_300270,中威电子,计算机设备,3.7338734
2963,2025-01-27,SH.ZB_600370,三房巷,化学制品,3.7332058
2964,2025-01-24,SH.KC_300461,田中精机,专用设备,3.7325442
2965,2025-01-24,SH.KC_300906,日月明,交运设备,3.7324264
2966,2025-01-27,SH.ZB_603297,永新光学,光学光电子,3.7324116
2967,2025-01-27,SH.KC_688375,国博电子,电子元件,3.7322536
2968,2025-01-24,SZ.ZB_002526,山东矿机,专用设备,3.730856
2969,2025-01-27,SH.KC_688169,石头科技,家电行业,3.7305803
2970,2025-01-27,SH.ZB_600592,龙溪股份,通用设备,3.7305026
2971,2025-01-27,SH.KC_300612,宣亚国际,文化传媒,3.7304938
2972,2025-01-24,SH.ZB_600525,长园集团,电网设备,3.7294462
2973,2025-01-27,SZ.ZB_002351,漫步者,消费电子,3.7287817
2974,2025-01-27,SH.ZB_601456,国联证券,证券,3.728272
2975,2025-01-24,SZ.ZB_000813,德展健康,化学制药,3.7276955
2976,2025-01-27,SH.KC_688255,凯尔达,专用设备,3.727609
2977,2025-01-27,SH.ZB_600588,用友网络,软件开发,3.7275746
2978,2025-01-27,SH.KC_300736,百邦科技,通信服务,3.7265465
2979,2025-01-27,SH.ZB_603061,金海通,半导体,3.7263722
2980,2025-01-27,SZ.ZB_002314,南山控股,房地产开发,3.7263572
2981,2025-01-24,SH.ZB_600231,凌钢股份,钢铁行业,3.7262783
2982,2025-01-27,SH.KC_300684,中石科技,消费电子,3.7259638
2983,2025-01-27,SZ.ZB_002688,金河生物,农药兽药,3.7249863
2984,2025-01-27,SZ.ZB_001331,胜通能源,物流行业,3.7243752
2985,2025-01-24,SZ.ZB_002928,华夏航空,航空机场,3.7243247
2986,2025-01-24,SH.KC_300732,设研院,工程咨询服务,3.723173
2987,2025-01-27,SH.ZB_600162,香江控股,房地产开发,3.7230566
2988,2025-01-27,SH.KC_688005,容百科技,电池,3.722252
2989,2025-01-24,SH.KC_688006,杭可科技,电池,3.7216053
2990,2025-01-24,SH.ZB_605168,三人行,文化传媒,3.7215323
2991,2025-01-27,SH.KC_688012,中微公司,半导体,3.7215278
2992,2025-01-24,SZ.ZB_002805,丰元股份,电池,3.7207217
2993,2025-01-27,SH.ZB_603813,原尚股份,物流行业,3.720647
2994,2025-01-24,SH.KC_688353,华盛锂电,化学制品,3.7193775
2995,2025-01-27,SZ.ZB_002868,绿康生化,农药兽药,3.7185922
2996,2025-01-27,SH.KC_300850,新强联,风电设备,3.7179084
2997,2025-01-27,SZ.ZB_002877,智能自控,仪器仪表,3.7178144
2998,2025-01-24,SH.KC_300649,杭州园林,工程咨询服务,3.7177384
2999,2025-01-24,SZ.ZB_002149,西部材料,小金属,3.7175968
3000,2025-01-27,SH.KC_300175,朗源股份,农牧饲渔,3.7169054
3001,2025-01-24,SH.KC_300788,中信出版,文化传媒,3.7165895
3002,2025-01-27,SZ.ZB_002350,北京科锐,电网设备,3.7164822
3003,2025-01-27,SH.ZB_600745,闻泰科技,消费电子,3.7152827
3004,2025-01-27,SH.ZB_600641,万业企业,房地产开发,3.7150278
3005,2025-01-27,SH.KC_300257,开山股份,通用设备,3.71501
3006,2025-01-24,SZ.ZB_003042,中农联合,农药兽药,3.7139223
3007,2025-01-27,SH.ZB_600152,维科技术,电池,3.7137792
3008,2025-01-27,SH.ZB_603738,泰晶科技,电子元件,3.7136211
3009,2025-01-27,SH.KC_301606,绿联科技,消费电子,3.7122533
3010,2025-01-24,SH.KC_300237,美晨科技,汽车零部件,3.712076
3011,2025-01-24,SZ.ZB_000692,惠天热电,公用事业,3.7113295
3012,2025-01-27,SH.ZB_600617,国新能源,燃气,3.7109659
3013,2025-01-24,SZ.ZB_002059,云南旅游,旅游酒店,3.7105231
3014,2025-01-27,SZ.ZB_000610,西安旅游,旅游酒店,3.7105024
3015,2025-01-27,SH.ZB_600390,五矿资本,多元金融,3.710501
3016,2025-01-24,SZ.ZB_000797,中国武夷,房地产开发,3.709993
3017,2025-01-24,SH.KC_301380,挖金客,互联网服务,3.7099853
3018,2025-01-24,SH.KC_301108,洁雅股份,纺织服装,3.7098856
3019,2025-01-27,SH.KC_688259,创耀科技,半导体,3.7097573
3020,2025-01-27,SH.ZB_600841,动力新科,汽车整车,3.709601
3021,2025-01-27,SH.KC_300885,海昌新材,通用设备,3.708878
3022,2025-01-24,SH.KC_300562,乐心医疗,医疗器械,3.7086353
3023,2025-01-27,SZ.ZB_002946,新乳业,食品饮料,3.7082002
3024,2025-01-24,SH.KC_301213,观想科技,软件开发,3.7080646
3025,2025-01-24,SZ.ZB_002163,海南发展,玻璃玻纤,3.7076845
3026,2025-01-27,SH.KC_688617,惠泰医疗,医疗器械,3.7066267
3027,2025-01-27,SZ.ZB_002785,万里石,装修建材,3.7066162
3028,2025-01-24,SZ.ZB_002666,德联集团,化学制品,3.7058501
3029,2025-01-27,SZ.ZB_002623,亚玛顿,光伏设备,3.7044704
3030,2025-01-24,SH.KC_301317,鑫磊股份,通用设备,3.7039847
3031,2025-01-27,SZ.ZB_000905,厦门港务,航运港口,3.703381
3032,2025-01-27,SH.KC_300190,维尔利,环保行业,3.7032664
3033,2025-01-27,SZ.ZB_002953,日丰股份,电网设备,3.702365
3034,2025-01-27,SZ.ZB_002622,皓宸医疗,医疗服务,3.702271
3035,2025-01-27,SZ.ZB_002232,启明信息,互联网服务,3.7015126
3036,2025-01-24,SH.KC_300353,东土科技,通信设备,3.70052
3037,2025-01-24,SH.ZB_600562,国睿科技,通信设备,3.700091
3038,2025-01-24,SH.ZB_600803,新奥股份,燃气,3.6995842
3039,2025-01-27,SH.KC_688152,麒麟信安,软件开发,3.6983757
3040,2025-01-24,SH.KC_688158,优刻得-W,互联网服务,3.6982834
3041,2025-01-27,SH.ZB_600439,瑞贝卡,家用轻工,3.6981583
3042,2025-01-24,SZ.ZB_002879,长缆科技,电网设备,3.6976428
3043,2025-01-27,SZ.ZB_002398,垒知集团,装修建材,3.6972716
3044,2025-01-27,SH.ZB_603901,永创智能,专用设备,3.6962435
3045,2025-01-27,SH.ZB_603529,爱玛科技,交运设备,3.6961884
3046,2025-01-27,SH.ZB_601136,首创证券,证券,3.6955311
3047,2025-01-24,SZ.ZB_002524,光正眼科,医疗服务,3.695467
3048,2025-01-27,SZ.ZB_000576,甘化科工,电源设备,3.694968
3049,2025-01-24,SZ.ZB_002820,桂发祥,食品饮料,3.6938787
3050,2025-01-24,SH.KC_688091,上海谊众,化学制药,3.6925719
3051,2025-01-27,SH.ZB_600571,信雅达,互联网服务,3.6923199
3052,2025-01-27,SZ.ZB_000677,恒天海龙,化纤行业,3.6920757
3053,2025-01-24,SZ.ZB_001324,长青科技,交运设备,3.6912277
3054,2025-01-27,SH.KC_300912,凯龙高科,汽车零部件,3.6903052
3055,2025-01-27,SH.ZB_600983,惠而浦,家电行业,3.6900492
3056,2025-01-27,SH.ZB_603206,嘉环科技,通信服务,3.6899328
3057,2025-01-24,SH.ZB_603809,豪能股份,汽车零部件,3.6882982
3058,2025-01-27,SH.ZB_600169,太原重工,专用设备,3.6875665
3059,2025-01-27,SZ.ZB_001225,和泰机电,通用设备,3.6875083
3060,2025-01-24,SH.ZB_603922,金鸿顺,汽车零部件,3.6870673
3061,2025-01-27,SZ.ZB_002743,富煌钢构,水泥建材,3.6836936
3062,2025-01-24,SH.KC_300157,新锦动力,采掘行业,3.683345
3063,2025-01-24,SZ.ZB_002719,麦趣尔,食品饮料,3.6823006
3064,2025-01-24,SH.ZB_603359,东珠生态,环保行业,3.6818817
3065,2025-01-27,SZ.ZB_002730,电光科技,专用设备,3.6797376
3066,2025-01-24,SH.ZB_600354,敦煌种业,农牧饲渔,3.6795645
3067,2025-01-27,SH.KC_300981,中红医疗,医疗器械,3.678575
3068,2025-01-24,SH.KC_688360,德马科技,通用设备,3.676957
3069,2025-01-27,SH.ZB_600006,东风股份,汽车整车,3.6768868
3070,2025-01-24,SH.ZB_603166,福达股份,汽车零部件,3.6767735
3071,2025-01-24,SH.ZB_605336,帅丰电器,家电行业,3.6754951
3072,2025-01-24,SH.ZB_600661,昂立教育,教育,3.6747277
3073,2025-01-24,SZ.ZB_002795,永和智控,通用设备,3.6741436
3074,2025-01-24,SZ.ZB_001208,华菱线缆,电网设备,3.673868
3075,2025-01-24,SZ.ZB_003011,海象新材,塑料制品,3.6734223
3076,2025-01-27,SZ.ZB_000958,电投产融,电力行业,3.6730065
3077,2025-01-27,SH.KC_688626,翔宇医疗,医疗器械,3.672339
3078,2025-01-27,SH.KC_688387,信科移动-U,通信设备,3.6717937
3079,2025-01-27,SH.KC_688004,博汇科技,互联网服务,3.6716924
3080,2025-01-27,SH.ZB_600193,创兴资源,装修装饰,3.671083
3081,2025-01-27,SZ.ZB_000727,冠捷科技,光学光电子,3.6704555
3082,2025-01-24,SH.KC_301312,智立方,专用设备,3.6696405
3083,2025-01-24,SH.KC_688506,百利天恒-U,生物制品,3.6690845
3084,2025-01-27,SZ.ZB_000831,中国稀土,小金属,3.6690207
3085,2025-01-27,SH.KC_300772,运达股份,风电设备,3.6680074
3086,2025-01-27,SH.ZB_600460,士兰微,半导体,3.6677406
3087,2025-01-24,SH.KC_300837,浙矿股份,专用设备,3.667173
3088,2025-01-27,SH.KC_688239,航宇科技,航天航空,3.6671624
3089,2025-01-27,SH.KC_300394,天孚通信,通信设备,3.6651878
3090,2025-01-27,SH.KC_688509,正元地信,互联网服务,3.6650016
3091,2025-01-27,SH.KC_300543,朗科智能,消费电子,3.6647036
3092,2025-01-24,SH.KC_300333,兆日科技,软件开发,3.6645918
3093,2025-01-27,SH.KC_300052,中青宝,游戏,3.6639242
3094,2025-01-24,SH.KC_300593,新雷能,电源设备,3.6630929
3095,2025-01-24,SH.KC_300118,东方日升,光伏设备,3.6623359
3096,2025-01-27,SH.ZB_600736,苏州高新,房地产开发,3.6623015
3097,2025-01-24,SH.ZB_603917,合力科技,汽车零部件,3.6622672
3098,2025-01-27,SH.KC_688098,申联生物,农药兽药,3.6614716
3099,2025-01-27,SZ.ZB_002338,奥普光电,仪器仪表,3.661272
3100,2025-01-24,SH.ZB_600768,宁波富邦,有色金属,3.6611483
3101,2025-01-24,SH.ZB_600601,方正科技,电子元件,3.660816
3102,2025-01-27,SH.ZB_600392,盛和资源,小金属,3.65998
3103,2025-01-27,SH.ZB_600129,太极集团,中药,3.6593556
3104,2025-01-27,SH.KC_300168,万达信息,互联网服务,3.6589608
3105,2025-01-24,SH.KC_688585,上纬新材,塑料制品,3.6586926
3106,2025-01-27,SZ.ZB_002960,青鸟消防,专用设备,3.6580338
3107,2025-01-27,SZ.ZB_002584,西陇科学,电子化学品,3.6577656
3108,2025-01-24,SH.KC_301118,恒光股份,化学原料,3.6577032
3109,2025-01-27,SH.KC_300409,道氏技术,非金属材料,3.6574707
3110,2025-01-24,SZ.ZB_002657,中科金财,互联网服务,3.6548986
3111,2025-01-24,SH.ZB_600857,宁波中百,商业百货,3.654471
3112,2025-01-27,SH.ZB_600173,卧龙地产,房地产开发,3.6539674
3113,2025-01-27,SZ.ZB_002165,红 宝 丽,化学制品,3.6539288
3114,2025-01-27,SH.KC_300973,立高食品,食品饮料,3.653607
3115,2025-01-24,SZ.ZB_000975,山金国际,贵金属,3.6534162
3116,2025-01-24,SH.ZB_601012,隆基绿能,光伏设备,3.6532714
3117,2025-01-24,SH.KC_300876,蒙泰高新,化纤行业,3.652744
3118,2025-01-27,SH.ZB_605358,立昂微,半导体,3.652613
3119,2025-01-27,SH.KC_301070,开勒股份,专用设备,3.652291
3120,2025-01-24,SH.KC_688037,芯源微,半导体,3.6519437
3121,2025-01-24,SH.KC_301567,贝隆精密,消费电子,3.6516235
3122,2025-01-24,SH.KC_300948,冠中生态,环保行业,3.651002
3123,2025-01-27,SH.ZB_603085,天成自控,汽车零部件,3.6499887
3124,2025-01-24,SH.KC_301308,江波龙,半导体,3.6494522
3125,2025-01-24,SZ.ZB_002547,春兴精工,汽车零部件,3.6490173
3126,2025-01-24,SH.ZB_600757,长江传媒,文化传媒,3.648892
3127,2025-01-24,SH.KC_301218,华是科技,软件开发,3.6487505
3128,2025-01-27,SH.KC_688710,益诺思,生物制品,3.6487327
3129,2025-01-24,SH.ZB_600986,浙文互联,文化传媒,3.6479876
3130,2025-01-24,SH.KC_688097,博众精工,专用设备,3.6474257
3131,2025-01-24,SZ.ZB_000590,启迪药业,中药,3.6462455
3132,2025-01-27,SH.KC_301372,科净源,环保行业,3.6457524
3133,2025-01-27,SH.KC_300720,海川智能,仪器仪表,3.6445737
3134,2025-01-24,SZ.ZB_002893,京能热力,公用事业,3.6438406
3135,2025-01-27,SH.ZB_600343,航天动力,专用设备,3.6430643
3136,2025-01-27,SH.KC_688573,信宇人,电池,3.642018
3137,2025-01-27,SH.ZB_600185,格力地产,房地产开发,3.641531
3138,2025-01-27,SH.KC_300731,科创新源,橡胶制品,3.6414518
3139,2025-01-24,SH.KC_300844,山水比德,工程咨询服务,3.640598
3140,2025-01-27,SH.ZB_600408,安泰集团,煤炭行业,3.6404595
3141,2025-01-27,SH.KC_301055,张小泉,通用设备,3.6399558
3142,2025-01-24,SH.KC_688280,精进电动-UW,汽车零部件,3.6399484
3143,2025-01-24,SH.ZB_601500,通用股份,橡胶制品,3.639151
3144,2025-01-24,SZ.ZB_000042,中洲控股,房地产开发,3.6390886
3145,2025-01-27,SH.ZB_603768,常青股份,汽车零部件,3.6386938
3146,2025-01-27,SH.ZB_603833,欧派家居,装修建材,3.638339
3147,2025-01-27,SZ.ZB_000428,华天酒店,旅游酒店,3.6372304
3148,2025-01-24,SH.KC_300457,赢合科技,电池,3.636974
3149,2025-01-27,SH.ZB_600292,远达环保,环保行业,3.636031
3150,2025-01-27,SH.KC_300500,启迪设计,工程咨询服务,3.6353633
3151,2025-01-24,SH.KC_301389,隆扬电子,电子元件,3.6353335
3152,2025-01-27,SH.KC_301075,多瑞医药,化学制药,3.63497
3153,2025-01-27,SH.ZB_605300,佳禾食品,食品饮料,3.6348553
3154,2025-01-24,SH.KC_688072,拓荆科技,半导体,3.6346197
3155,2025-01-27,SH.KC_688105,诺唯赞,医疗器械,3.6344707
3156,2025-01-27,SH.KC_300895,铜牛信息,互联网服务,3.6342487
3157,2025-01-24,SZ.ZB_002094,青岛金王,美容护理,3.634009
3158,2025-01-27,SZ.ZB_002413,雷科防务,通信设备,3.6339178
3159,2025-01-27,SZ.ZB_002114,罗平锌电,有色金属,3.6333606
3160,2025-01-24,SH.KC_688005,容百科技,电池,3.6332397
3161,2025-01-27,SH.KC_300626,华瑞股份,电机,3.6325514
3162,2025-01-24,SZ.ZB_002938,鹏鼎控股,电子元件,3.6322713
3163,2025-01-27,SH.KC_300564,筑博设计,工程咨询服务,3.6321135
3164,2025-01-27,SH.KC_300182,捷成股份,文化传媒,3.63203
3165,2025-01-27,SH.KC_300417,南华仪器,仪器仪表,3.6319897
3166,2025-01-24,SH.ZB_603711,香飘飘,食品饮料,3.6318393
3167,2025-01-27,SZ.ZB_002379,宏创控股,有色金属,3.6312997
3168,2025-01-27,SH.ZB_605016,百龙创园,食品饮料,3.6310582
3169,2025-01-24,SH.ZB_600576,祥源文旅,旅游酒店,3.6302342
3170,2025-01-24,SH.KC_300912,凯龙高科,汽车零部件,3.6298604
3171,2025-01-27,SH.ZB_600353,旭光电子,电子元件,3.629838
3172,2025-01-27,SH.ZB_603119,浙江荣泰,非金属材料,3.6296992
3173,2025-01-24,SH.ZB_600039,四川路桥,工程建设,3.6295593
3174,2025-01-27,SH.KC_300311,任子行,软件开发,3.6294804
3175,2025-01-24,SH.KC_688489,三未信安,电子元件,3.629358
3176,2025-01-27,SH.KC_301238,瑞泰新材,电池,3.6288455
3177,2025-01-27,SH.ZB_600200,江苏吴中,化学制药,3.6287217
3178,2025-01-24,SH.KC_688435,英方软件,软件开发,3.6286802
3179,2025-01-24,SH.ZB_601106,中国一重,专用设备,3.628646
3180,2025-01-24,SZ.ZB_000995,皇台酒业,酿酒行业,3.6284819
3181,2025-01-24,SH.KC_688147,微导纳米,光伏设备,3.6284194
3182,2025-01-27,SH.KC_688283,坤恒顺维,专用设备,3.6277816
3183,2025-01-27,SH.KC_688565,力源科技,环保行业,3.6276922
3184,2025-01-27,SH.KC_688150,莱特光电,光学光电子,3.62643
3185,2025-01-24,SH.KC_300676,华大基因,医疗器械,3.626187
3186,2025-01-24,SZ.ZB_002979,雷赛智能,专用设备,3.6261485
3187,2025-01-24,SH.ZB_600629,华建集团,工程咨询服务,3.6259353
3188,2025-01-27,SH.KC_688309,恒誉环保,环保行业,3.6259174
3189,2025-01-24,SH.KC_300838,浙江力诺,仪器仪表,3.6258757
3190,2025-01-27,SZ.ZB_002248,华东数控,通用设备,3.625092
3191,2025-01-27,SZ.ZB_002579,中京电子,电子元件,3.6227808
3192,2025-01-27,SH.ZB_603628,清源股份,光伏设备,3.622049
3193,2025-01-24,SH.KC_688201,信安世纪,软件开发,3.6215842
3194,2025-01-24,SH.ZB_600861,北京人力,专业服务,3.6215796
3195,2025-01-24,SZ.ZB_002537,海联金汇,汽车零部件,3.6199973
3196,2025-01-27,SZ.ZB_002075,沙钢股份,钢铁行业,3.6191
3197,2025-01-27,SZ.ZB_002176,江特电机,电机,3.6188602
3198,2025-01-27,SZ.ZB_002510,天汽模,汽车零部件,3.6185608
3199,2025-01-27,SZ.ZB_000532,华金资本,综合行业,3.6181629
3200,2025-01-24,SZ.ZB_002343,慈文传媒,文化传媒,3.617306
3201,2025-01-27,SZ.ZB_002140,东华科技,工程建设,3.6169782
3202,2025-01-27,SZ.ZB_002183,怡 亚 通,贸易行业,3.6144109
3203,2025-01-24,SH.KC_301382,蜂助手,互联网服务,3.6142945
3204,2025-01-27,SZ.ZB_002515,金字火腿,食品饮料,3.6132245
3205,2025-01-27,SZ.ZB_002793,罗欣药业,化学制药,3.6131053
3206,2025-01-27,SH.KC_301567,贝隆精密,消费电子,3.6127136
3207,2025-01-27,SH.KC_301337,亚华电子,软件开发,3.6122143
3208,2025-01-27,SH.KC_688207,格灵深瞳,软件开发,3.6120863
3209,2025-01-24,SH.KC_300462,华铭智能,交运设备,3.6119938
3210,2025-01-27,SZ.ZB_002617,露笑科技,光伏设备,3.6115317
3211,2025-01-27,SH.KC_300784,利安科技,塑料制品,3.610535
3212,2025-01-24,SZ.ZB_002574,明牌珠宝,珠宝首饰,3.609769
3213,2025-01-27,SH.ZB_600796,钱江生化,环保行业,3.6093235
3214,2025-01-24,SH.KC_688047,龙芯中科,半导体,3.6084309
3215,2025-01-24,SH.KC_301421,波长光电,光学光电子,3.6079912
3216,2025-01-24,SH.KC_300820,英杰电气,电源设备,3.6073103
3217,2025-01-27,SH.ZB_600979,广安爱众,电力行业,3.6070526
3218,2025-01-24,SH.ZB_603387,基蛋生物,医疗器械,3.6070154
3219,2025-01-24,SH.ZB_600649,城投控股,房地产开发,3.606552
3220,2025-01-24,SH.ZB_605179,一鸣食品,食品饮料,3.6064625
3221,2025-01-22,SH.KC_300065,海兰信,船舶制造,3.6061049
3222,2025-01-27,SH.ZB_600025,华能水电,电力行业,3.6060736
3223,2025-01-27,SH.KC_688055,龙腾光电,光学光电子,3.6051095
3224,2025-01-24,SH.KC_688486,龙迅股份,半导体,3.6039457
3225,2025-01-24,SZ.ZB_003029,吉大正元,软件开发,3.6038265
3226,2025-01-24,SZ.ZB_002698,博实股份,专用设备,3.6034212
3227,2025-01-27,SH.ZB_600665,天地源,房地产开发,3.602697
3228,2025-01-24,SH.ZB_600731,湖南海利,农药兽药,3.6025195
3229,2025-01-27,SH.ZB_605060,联德股份,通用设备,3.6018848
3230,2025-01-27,SZ.ZB_002501,利源股份,有色金属,3.6011338
3231,2025-01-27,SH.KC_688021,奥福环保,环保行业,3.5989895
3232,2025-01-27,SH.ZB_603612,索通发展,非金属材料,3.5989716
3233,2025-01-27,SH.KC_300477,合纵科技,电网设备,3.5983026
3234,2025-01-24,SH.ZB_600129,太极集团,中药,3.5982118
3235,2025-01-27,SZ.ZB_003010,若羽臣,互联网服务,3.5979927
3236,2025-01-27,SH.ZB_600628,新世界,商业百货,3.5974457
3237,2025-01-27,SH.ZB_600576,祥源文旅,旅游酒店,3.5973072
3238,2025-01-27,SH.KC_688522,纳睿雷达,计算机设备,3.5961776
3239,2025-01-27,SH.KC_301199,迈赫股份,专用设备,3.595178
3240,2025-01-24,SZ.ZB_000031,大悦城,房地产开发,3.5951524
3241,2025-01-24,SH.ZB_603381,永臻股份,光伏设备,3.594315
3242,2025-01-27,SH.KC_688068,热景生物,医疗器械,3.5936296
3243,2025-01-27,SH.KC_300102,乾照光电,光学光电子,3.5933404
3244,2025-01-27,SH.ZB_605117,德业股份,光伏设备,3.5929785
3245,2025-01-27,SH.KC_300971,博亚精工,通用设备,3.5920992
3246,2025-01-27,SZ.ZB_000501,武商集团,商业百货,3.5918102
3247,2025-01-24,SH.ZB_603709,中源家居,装修建材,3.5915494
3248,2025-01-27,SH.ZB_600082,海泰发展,房地产开发,3.5913734
3249,2025-01-27,SH.KC_300972,万辰集团,农牧饲渔,3.588739
3250,2025-01-27,SH.KC_300675,建科院,工程咨询服务,3.5886705
3251,2025-01-27,SH.ZB_603341,龙旗科技,消费电子,3.5881667
3252,2025-01-24,SH.ZB_603660,苏州科达,计算机设备,3.5877988
3253,2025-01-27,SH.KC_688198,佰仁医疗,医疗器械,3.5875425
3254,2025-01-24,SH.KC_688105,诺唯赞,医疗器械,3.5873845
3255,2025-01-27,SZ.ZB_000420,吉林化纤,化纤行业,3.5873322
3256,2025-01-24,SH.KC_300491,通合科技,电源设备,3.586957
3257,2025-01-24,SH.KC_301167,建研设计,工程咨询服务,3.5850792
3258,2025-01-27,SH.ZB_600611,大众交通,铁路公路,3.5839067
3259,2025-01-24,SH.KC_688133,泰坦科技,专业服务,3.5838933
3260,2025-01-24,SH.KC_301005,超捷股份,汽车零部件,3.5833895
3261,2025-01-27,SZ.ZB_000969,安泰科技,通用设备,3.5824194
3262,2025-01-27,SH.ZB_603151,邦基科技,农牧饲渔,3.5821722
3263,2025-01-24,SH.KC_688256,寒武纪-U,半导体,3.5821185
3264,2025-01-27,SH.ZB_600048,保利发展,房地产开发,3.5820916
3265,2025-01-24,SH.KC_688081,兴图新科,通信服务,3.5820737
3266,2025-01-27,SH.KC_301607,富特科技,汽车零部件,3.581986
3267,2025-01-27,SZ.ZB_002997,瑞鹄模具,汽车零部件,3.581953
3268,2025-01-24,SZ.ZB_002568,百润股份,酿酒行业,3.581722
3269,2025-01-27,SZ.ZB_002587,奥拓电子,光学光电子,3.5811915
3270,2025-01-24,SH.KC_688709,成都华微,半导体,3.5810962
3271,2025-01-27,SH.KC_688548,广钢气体,电子化学品,3.5800278
3272,2025-01-27,SH.KC_300562,乐心医疗,医疗器械,3.5795152
3273,2025-01-27,SH.ZB_603268,松发股份,装修建材,3.5793438
3274,2025-01-27,SH.KC_300275,梅安森,仪器仪表,3.5791337
3275,2025-01-27,SH.ZB_600366,宁波韵升,小金属,3.578715
3276,2025-01-27,SZ.ZB_002337,赛象科技,专用设备,3.5781488
3277,2025-01-24,SZ.ZB_000002,万  科Ａ,房地产开发,3.5776987
3278,2025-01-24,SZ.ZB_002215,诺 普 信,农药兽药,3.5775156
3279,2025-01-24,SH.KC_688420,美腾科技,专用设备,3.5774872
3280,2025-01-27,SH.KC_300778,新城市,工程咨询服务,3.577213
3281,2025-01-24,SH.ZB_603002,宏昌电子,电子化学品,3.577067
3282,2025-01-24,SH.KC_688599,天合光能,光伏设备,3.5770326
3283,2025-01-27,SH.ZB_603906,龙蟠科技,电池,3.5765142
3284,2025-01-24,SZ.ZB_001229,魅视科技,计算机设备,3.5762877
3285,2025-01-27,SH.KC_300086,康芝药业,化学制药,3.5761504
3286,2025-01-27,SH.KC_300334,津膜科技,环保行业,3.5758271
3287,2025-01-27,SH.KC_300535,达威股份,化学制品,3.5754786
3288,2025-01-27,SH.ZB_601519,大智慧,软件开发,3.5747826
3289,2025-01-27,SH.KC_300787,海能实业,消费电子,3.574258
3290,2025-01-24,SZ.ZB_000063,中兴通讯,通信设备,3.5741315
3291,2025-01-24,SH.ZB_600400,红豆股份,纺织服装,3.5719724
3292,2025-01-27,SH.KC_301017,漱玉平民,医药商业,3.5716786
3293,2025-01-24,SH.ZB_601608,中信重工,专用设备,3.5716324
3294,2025-01-27,SH.KC_300937,药易购,医药商业,3.571394
3295,2025-01-24,SH.ZB_600119,长江投资,物流行业,3.5710766
3296,2025-01-27,SH.ZB_600525,长园集团,电网设备,3.57105
3297,2025-01-27,SH.KC_300844,山水比德,工程咨询服务,3.5709784
3298,2025-01-24,SH.KC_301177,迪阿股份,珠宝首饰,3.57026
3299,2025-01-27,SZ.ZB_002815,崇达技术,电子元件,3.570187
3300,2025-01-27,SH.KC_688679,通源环境,环保行业,3.5693078
3301,2025-01-24,SZ.ZB_002133,广宇集团,房地产开发,3.5676763
3302,2025-01-27,SH.ZB_600859,王府井,商业百货,3.5672233
3303,2025-01-27,SH.KC_300747,锐科激光,电子元件,3.5669386
3304,2025-01-27,SH.KC_301031,中熔电气,电网设备,3.566061
3305,2025-01-24,SH.ZB_600239,云南城投,房地产服务,3.5654783
3306,2025-01-24,SH.ZB_603716,塞力医疗,医药商业,3.5650463
3307,2025-01-27,SH.ZB_600562,国睿科技,通信设备,3.5636396
3308,2025-01-24,SH.ZB_600126,杭钢股份,钢铁行业,3.563118
3309,2025-01-24,SH.ZB_601127,赛力斯,汽车整车,3.5630286
3310,2025-01-24,SZ.ZB_002915,中欣氟材,化学制品,3.562592
3311,2025-01-27,SH.KC_300668,杰恩设计,工程咨询服务,3.561996
3312,2025-01-27,SH.KC_301448,开创电气,通用设备,3.5611317
3313,2025-01-24,SH.KC_300382,斯莱克,专用设备,3.5610585
3314,2025-01-24,SZ.ZB_002716,湖南白银,贵金属,3.5599291
3315,2025-01-27,SH.KC_688301,奕瑞科技,医疗器械,3.559616
3316,2025-01-27,SZ.ZB_002470,金正大,化肥行业,3.5584404
3317,2025-01-24,SH.KC_301232,飞沃科技,风电设备,3.5584152
3318,2025-01-27,SZ.ZB_002910,庄园牧场,食品饮料,3.5583959
3319,2025-01-27,SH.KC_688610,埃科光电,仪器仪表,3.5578296
3320,2025-01-27,SH.KC_300969,恒帅股份,汽车零部件,3.5577087
3321,2025-01-27,SH.KC_300443,金雷股份,风电设备,3.5571918
3322,2025-01-24,SH.KC_300264,佳创视讯,互联网服务,3.5567925
3323,2025-01-27,SH.KC_300803,指南针,软件开发,3.5548747
3324,2025-01-24,SH.ZB_600545,卓郎智能,专用设备,3.554286
3325,2025-01-24,SZ.ZB_002075,沙钢股份,钢铁行业,3.5541818
3326,2025-01-27,SH.ZB_601777,力帆科技,汽车整车,3.5538168
3327,2025-01-27,SZ.ZB_002831,裕同科技,造纸印刷,3.5537868
3328,2025-01-27,SH.KC_300011,鼎汉技术,交运设备,3.5527334
3329,2025-01-24,SH.KC_300997,欢乐家,食品饮料,3.5522506
3330,2025-01-24,SH.ZB_603201,常润股份,汽车零部件,3.55206
3331,2025-01-27,SH.ZB_600827,百联股份,商业百货,3.5520525
3332,2025-01-27,SZ.ZB_000777,中核科技,通用设备,3.5519288
3333,2025-01-27,SZ.ZB_002281,光迅科技,通信设备,3.551927
3334,2025-01-27,SH.KC_301319,唯特偶,电子元件,3.5518005
3335,2025-01-27,SZ.ZB_000410,沈阳机床,通用设备,3.551674
3336,2025-01-27,SH.ZB_605566,福莱蒽特,化学制品,3.551498
3337,2025-01-27,SH.KC_688253,英诺特,生物制品,3.551033
3338,2025-01-27,SZ.ZB_002128,电投能源,煤炭行业,3.5507367
3339,2025-01-27,SH.ZB_600415,小商品城,商业百货,3.549607
3340,2025-01-27,SZ.ZB_000572,海马汽车,汽车整车,3.5492241
3341,2025-01-27,SH.KC_300324,旋极信息,互联网服务,3.5481884
3342,2025-01-24,SH.KC_688700,东威科技,专用设备,3.5481856
3343,2025-01-27,SH.KC_301381,赛维时代,互联网服务,3.5481439
3344,2025-01-27,SH.KC_688370,丛麟科技,环保行业,3.5467625
3345,2025-01-27,SH.ZB_603359,东珠生态,环保行业,3.5463989
3346,2025-01-27,SH.ZB_600137,浪莎股份,纺织服装,3.5455778
3347,2025-01-24,SZ.ZB_002634,棒杰股份,纺织服装,3.5454602
3348,2025-01-24,SH.KC_688308,欧科亿,通用设备,3.544536
3349,2025-01-24,SZ.ZB_002638,勤上股份,光学光电子,3.5425396
3350,2025-01-27,SH.KC_300567,精测电子,仪器仪表,3.540574
3351,2025-01-27,SZ.ZB_002695,煌上煌,食品饮料,3.5403893
3352,2025-01-16,SH.KC_688293,奥浦迈,专业服务,3.5400822
3353,2025-01-24,SZ.ZB_002689,远大智能,专用设备,3.5395532
3354,2025-01-27,SH.KC_300966,共同药业,化学制药,3.5390093
3355,2025-01-24,SH.ZB_603685,晨丰科技,光学光电子,3.537403
3356,2025-01-27,SZ.ZB_000892,欢瑞世纪,文化传媒,3.5369306
3357,2025-01-24,SH.KC_300424,航新科技,航天航空,3.5367892
3358,2025-01-27,SH.KC_300158,振东制药,化学制药,3.5366058
3359,2025-01-27,SZ.ZB_000715,中兴商业,商业百货,3.5354078
3360,2025-01-27,SZ.ZB_002192,融捷股份,能源金属,3.5346003
3361,2025-01-24,SH.ZB_600106,重庆路桥,铁路公路,3.5343437
3362,2025-01-24,SH.KC_301378,通达海,软件开发,3.5341337
3363,2025-01-27,SH.ZB_600429,三元股份,食品饮料,3.5334036
3364,2025-01-24,SH.KC_301288,清研环境,环保行业,3.5330236
3365,2025-01-27,SH.KC_301281,科源制药,化学制药,3.5324395
3366,2025-01-27,SH.ZB_600894,广日股份,专用设备,3.5321012
3367,2025-01-24,SH.KC_300626,华瑞股份,电机,3.531505
3368,2025-01-24,SH.ZB_603038,华立股份,装修装饰,3.5311937
3369,2025-01-27,SZ.ZB_000821,京山轻机,光伏设备,3.5309567
3370,2025-01-27,SH.KC_300133,华策影视,文化传媒,3.5289838
3371,2025-01-24,SH.KC_300946,恒而达,通用设备,3.528586
3372,2025-01-27,SZ.ZB_002735,王子新材,包装材料,3.5278826
3373,2025-01-27,SH.KC_688475,萤石网络,家电行业,3.5275235
3374,2025-01-24,SH.ZB_600673,东阳光,综合行业,3.5264
3375,2025-01-27,SH.ZB_603186,华正新材,电子元件,3.5261288
3376,2025-01-27,SZ.ZB_002786,银宝山新,专用设备,3.5259871
3377,2025-01-27,SH.ZB_601965,中国汽研,汽车服务,3.5254047
3378,2025-01-24,SZ.ZB_002968,新大正,房地产服务,3.5253212
3379,2025-01-24,SH.KC_301515,港通医疗,医疗器械,3.524044
3380,2025-01-27,SH.ZB_603843,正平股份,工程建设,3.5236492
3381,2025-01-27,SH.KC_300641,正丹股份,化学制品,3.522712
3382,2025-01-27,SZ.ZB_000735,罗 牛 山,农牧饲渔,3.5225062
3383,2025-01-27,SH.KC_301469,恒达新材,造纸印刷,3.5214038
3384,2025-01-27,SH.KC_301009,可靠股份,美容护理,3.5212948
3385,2025-01-27,SH.KC_688488,艾迪药业,生物制品,3.5202444
3386,2025-01-27,SH.KC_300284,苏交科,工程咨询服务,3.5201147
3387,2025-01-27,SH.KC_301313,凡拓数创,软件开发,3.519602
3388,2025-01-27,SH.KC_300351,永贵电器,交运设备,3.5170302
3389,2025-01-27,SH.ZB_600132,重庆啤酒,酿酒行业,3.5164104
3390,2025-01-27,SH.ZB_600250,南京商旅,贸易行业,3.5163403
3391,2025-01-24,SH.ZB_603229,奥翔药业,化学制药,3.515473
3392,2025-01-27,SZ.ZB_000007,全新好,房地产服务,3.514649
3393,2025-01-27,SH.KC_300669,沪宁股份,专用设备,3.5134687
3394,2025-01-24,SH.ZB_603881,数据港,互联网服务,3.5128653
3395,2025-01-27,SH.ZB_600594,益佰制药,中药,3.5120382
3396,2025-01-27,SH.ZB_600696,岩石股份,酿酒行业,3.5115287
3397,2025-01-27,SH.ZB_600354,敦煌种业,农牧饲渔,3.511344
3398,2025-01-27,SH.KC_300726,宏达电子,电子元件,3.5112097
3399,2025-01-27,SH.KC_300274,阳光电源,光伏设备,3.5102413
3400,2025-01-27,SH.KC_300696,爱乐达,航天航空,3.509973
3401,2025-01-27,SH.ZB_600322,津投城开,房地产开发,3.50952
3402,2025-01-27,SH.ZB_601616,广电电气,电网设备,3.5094798
3403,2025-01-24,SZ.ZB_002475,立讯精密,消费电子,3.5094752
3404,2025-01-27,SH.ZB_603882,金域医学,医疗服务,3.50845
3405,2025-01-24,SH.ZB_600592,龙溪股份,通用设备,3.5081341
3406,2025-01-27,SZ.ZB_002989,中天精装,装修装饰,3.5072505
3407,2025-01-27,SZ.ZB_002231,奥维通信,通信服务,3.5070016
3408,2025-01-24,SZ.ZB_002182,宝武镁业,有色金属,3.5054162
3409,2025-01-24,SZ.ZB_002997,瑞鹄模具,汽车零部件,3.5039008
3410,2025-01-24,SH.KC_301221,光庭信息,软件开发,3.5035386
3411,2025-01-27,SZ.ZB_002673,西部证券,证券,3.5033436
3412,2025-01-27,SH.ZB_600216,浙江医药,化学制药,3.5033016
3413,2025-01-27,SH.KC_301333,诺思格,医疗服务,3.5021753
3414,2025-01-27,SH.KC_300890,翔丰华,电池,3.5017982
3415,2025-01-24,SH.KC_301015,百洋医药,医药商业,3.5014913
3416,2025-01-24,SH.ZB_603801,志邦家居,装修建材,3.5013497
3417,2025-01-27,SH.ZB_600540,新赛股份,农牧饲渔,3.5009832
3418,2025-01-24,SH.KC_300904,威力传动,风电设备,3.5008998
3419,2025-01-27,SZ.ZB_002581,未名医药,生物制品,3.5004332
3420,2025-01-27,SZ.ZB_002255,海陆重工,电源设备,3.5001397
3421,2025-01-27,SH.ZB_603319,湘油泵,汽车零部件,3.5000517
3422,2025-01-24,SH.ZB_603081,大丰实业,专用设备,3.4997642
3423,2025-01-24,SH.ZB_603810,丰山集团,农药兽药,3.498283
3424,2025-01-24,SZ.ZB_000547,航天发展,通信设备,3.4973173
3425,2025-01-27,SH.KC_688201,信安世纪,软件开发,3.4971728
3426,2025-01-27,SZ.ZB_002537,海联金汇,汽车零部件,3.4966245
3427,2025-01-24,SH.ZB_600657,信达地产,房地产开发,3.4962058
3428,2025-01-24,SH.KC_300590,移为通信,通信设备,3.495933
3429,2025-01-27,SH.ZB_600735,新华锦,纺织服装,3.4959168
3430,2025-01-24,SH.KC_300257,开山股份,通用设备,3.495723
3431,2025-01-24,SZ.ZB_002778,中晟高科,石油行业,3.4942076
3432,2025-01-27,SH.KC_301161,唯万密封,塑料制品,3.4941583
3433,2025-01-27,SH.KC_688582,芯动联科,电子元件,3.4935489
3434,2025-01-27,SZ.ZB_002460,赣锋锂业,能源金属,3.49337
3435,2025-01-24,SH.KC_300305,裕兴股份,光伏设备,3.4931169
3436,2025-01-24,SH.KC_301329,信音电子,电子元件,3.492847
3437,2025-01-24,SH.ZB_600084,中信尼雅,酿酒行业,3.4928129
3438,2025-01-27,SH.ZB_600400,红豆股份,纺织服装,3.4926682
3439,2025-01-24,SH.KC_301333,诺思格,医疗服务,3.4920976
3440,2025-01-24,SZ.ZB_002812,恩捷股份,电池,3.4912765
3441,2025-01-24,SH.KC_688025,杰普特,电子元件,3.491208
3442,2025-01-27,SZ.ZB_000886,海南高速,房地产开发,3.489895
3443,2025-01-27,SZ.ZB_000973,佛塑科技,塑料制品,3.4897819
3444,2025-01-24,SH.KC_688206,概伦电子,软件开发,3.48915
3445,2025-01-24,SZ.ZB_002922,伊戈尔,电子元件,3.4890041
3446,2025-01-27,SH.KC_300187,永清环保,环保行业,3.4883425
3447,2025-01-24,SZ.ZB_000607,华媒控股,文化传媒,3.4881978
3448,2025-01-24,SH.KC_300410,正业科技,专用设备,3.4867718
3449,2025-01-24,SH.KC_688103,国力股份,电子元件,3.486307
3450,2025-01-24,SZ.ZB_002457,青龙管业,装修建材,3.486261
3451,2025-01-27,SZ.ZB_001339,智微智能,计算机设备,3.4854963
3452,2025-01-24,SH.KC_300395,菲利华,非金属材料,3.4851267
3453,2025-01-27,SH.ZB_605388,均瑶健康,食品饮料,3.4848735
3454,2025-01-27,SH.ZB_603678,火炬电子,电子元件,3.4843936
3455,2025-01-24,SH.KC_688710,益诺思,生物制品,3.4841135
3456,2025-01-24,SH.ZB_600280,中央商场,商业百货,3.4831538
3457,2025-01-27,SH.KC_301358,湖南裕能,电池,3.48292
3458,2025-01-24,SH.KC_688170,德龙激光,专用设备,3.4828439
3459,2025-01-27,SZ.ZB_002856,美芝股份,装修装饰,3.4823134
3460,2025-01-24,SH.ZB_600071,凤凰光学,光学光电子,3.4822555
3461,2025-01-24,SH.KC_300810,中科海讯,软件开发,3.4821482
3462,2025-01-27,SH.ZB_605339,南侨食品,食品饮料,3.4818933
3463,2025-01-24,SH.KC_300947,德必集团,专业服务,3.4818723
3464,2025-01-24,SH.ZB_603332,苏州龙杰,化纤行业,3.4811869
3465,2025-01-27,SH.KC_688646,逸飞激光,专用设备,3.4811318
3466,2025-01-24,SH.KC_300412,迦南科技,专用设备,3.48109
3467,2025-01-24,SH.ZB_600981,汇鸿集团,贸易行业,3.4808068
3468,2025-01-24,SH.ZB_603189,网达软件,软件开发,3.4803345
3469,2025-01-27,SH.KC_300517,海波重科,工程建设,3.4802094
3470,2025-01-24,SH.KC_688677,海泰新光,医疗器械,3.47998
3471,2025-01-24,SZ.ZB_000036,华联控股,房地产开发,3.4782557
3472,2025-01-27,SZ.ZB_002166,莱茵生物,中药,3.4778297
3473,2025-01-24,SH.ZB_600319,亚星化学,化学原料,3.4773185
3474,2025-01-27,SH.KC_301172,君逸数码,软件开发,3.477101
3475,2025-01-27,SZ.ZB_002928,华夏航空,航空机场,3.476213
3476,2025-01-24,SH.KC_300168,万达信息,互联网服务,3.4749837
3477,2025-01-27,SZ.ZB_002563,森马服饰,纺织服装,3.4742653
3478,2025-01-24,SH.ZB_603375,盛景微,电子元件,3.4727201
3479,2025-01-24,SH.ZB_600859,王府井,商业百货,3.4727142
3480,2025-01-24,SH.KC_300161,华中数控,通用设备,3.472425
3481,2025-01-24,SH.KC_301172,君逸数码,软件开发,3.4723892
3482,2025-01-27,SH.KC_688170,德龙激光,专用设备,3.4718752
3483,2025-01-24,SH.ZB_600794,保税科技,物流行业,3.4718082
3484,2025-01-24,SZ.ZB_002652,扬子新材,装修建材,3.4717367
3485,2025-01-24,SH.KC_301285,鸿日达,电子元件,3.4715817
3486,2025-01-27,SZ.ZB_000619,海螺新材,装修建材,3.4710646
3487,2025-01-24,SH.ZB_605555,德昌股份,家电行业,3.4709601
3488,2025-01-27,SH.ZB_603211,晋拓股份,汽车零部件,3.4705803
3489,2025-01-27,SH.ZB_600490,鹏欣资源,有色金属,3.4694612
3490,2025-01-24,SH.KC_300468,四方精创,软件开发,3.4689798
3491,2025-01-27,SZ.ZB_001379,腾达科技,通用设备,3.4686565
3492,2025-01-24,SH.ZB_600156,华升股份,纺织服装,3.4685283
3493,2025-01-24,SZ.ZB_000509,华塑控股,光学光电子,3.4680276
3494,2025-01-24,SH.KC_300031,宝通科技,游戏,3.4674585
3495,2025-01-27,SH.KC_300480,光力科技,专用设备,3.4667983
3496,2025-01-27,SH.KC_688186,广大特材,风电设备,3.466794
3497,2025-01-27,SZ.ZB_001268,联合精密,通用设备,3.4667702
3498,2025-01-24,SH.KC_300052,中青宝,游戏,3.466442
3499,2025-01-27,SH.KC_301418,协昌科技,专用设备,3.4652457
3500,2025-01-27,SH.KC_300722,新余国科,航天航空,3.4642549
3501,2025-01-24,SH.ZB_600963,岳阳林纸,造纸印刷,3.463061
3502,2025-01-27,SH.KC_300699,光威复材,化学制品,3.4626677
3503,2025-01-24,SH.KC_300582,英飞特,光学光电子,3.462133
3504,2025-01-24,SH.KC_300699,光威复材,化学制品,3.462091
3505,2025-01-27,SH.ZB_605196,华通线缆,电网设备,3.460917
3506,2025-01-24,SH.KC_688375,国博电子,电子元件,3.4604683
3507,2025-01-27,SZ.ZB_002180,纳思达,计算机设备,3.4600048
3508,2025-01-27,SH.ZB_600640,国脉文化,文化传媒,3.4591184
3509,2025-01-27,SH.KC_300837,浙矿股份,专用设备,3.458199
3510,2025-01-24,SH.KC_300942,易瑞生物,化学制药,3.457661
3511,2025-01-27,SH.ZB_603213,镇洋发展,化学原料,3.4567013
3512,2025-01-27,SH.KC_300298,三诺生物,医疗器械,3.456168
3513,2025-01-27,SH.KC_688131,皓元医药,化学制药,3.4560277
3514,2025-01-27,SH.ZB_600268,国电南自,电网设备,3.455633
3515,2025-01-24,SH.KC_301096,百诚医药,医疗服务,3.4551575
3516,2025-01-27,SH.KC_301139,元道通信,通信服务,3.4546316
3517,2025-01-24,SH.ZB_600785,新华百货,商业百货,3.4546032
3518,2025-01-24,SH.ZB_600322,津投城开,房地产开发,3.454478
3519,2025-01-27,SZ.ZB_002132,恒星科技,通用设备,3.4542532
3520,2025-01-27,SH.ZB_601698,中国卫通,通信服务,3.4541056
3521,2025-01-27,SH.KC_301510,固高科技,仪器仪表,3.4540086
3522,2025-01-24,SZ.ZB_002456,欧菲光,光学光电子,3.4538105
3523,2025-01-27,SH.KC_688668,鼎通科技,通信设备,3.4533188
3524,2025-01-27,SZ.ZB_002696,百洋股份,农牧饲渔,3.4523025
3525,2025-01-24,SH.KC_300074,华平股份,软件开发,3.4520864
3526,2025-01-27,SH.KC_688209,英集芯,半导体,3.4487472
3527,2025-01-27,SZ.ZB_002203,海亮股份,有色金属,3.4482167
3528,2025-01-24,SH.KC_300937,药易购,医药商业,3.4476728
3529,2025-01-24,SH.KC_300072,海新能科,化学制品,3.4474537
3530,2025-01-24,SH.ZB_600288,大恒科技,电子元件,3.4469292
3531,2025-01-27,SH.KC_300149,睿智医药,医疗服务,3.4468129
3532,2025-01-27,SZ.ZB_002127,南极电商,贸易行业,3.4465818
3533,2025-01-27,SH.KC_300988,津荣天宇,通用设备,3.446558
3534,2025-01-24,SH.KC_300513,恒实科技,通信服务,3.446181
3535,2025-01-27,SZ.ZB_001359,平安电工,非金属材料,3.445892
3536,2025-01-27,SH.ZB_601555,东吴证券,证券,3.4457266
3537,2025-01-27,SZ.ZB_002922,伊戈尔,电子元件,3.4453259
3538,2025-01-24,SH.ZB_600399,抚顺特钢,钢铁行业,3.444755
3539,2025-01-27,SZ.ZB_002878,元隆雅图,文化传媒,3.4447358
3540,2025-01-27,SH.KC_688125,安达智能,专用设备,3.444235
3541,2025-01-27,SH.ZB_600501,航天晨光,专用设备,3.4442112
3542,2025-01-24,SH.ZB_601001,晋控煤业,煤炭行业,3.4441783
3543,2025-01-24,SH.KC_688281,华秦科技,非金属材料,3.44401
3544,2025-01-27,SH.KC_688699,明微电子,半导体,3.4430816
3545,2025-01-27,SZ.ZB_000017,深中华A,珠宝首饰,3.4426928
3546,2025-01-27,SH.ZB_600416,湘电股份,电机,3.4424052
3547,2025-01-24,SH.ZB_600436,片仔癀,中药,3.4422815
3548,2025-01-27,SH.KC_300281,金明精机,专用设备,3.4419165
3549,2025-01-27,SZ.ZB_000011,深物业A,房地产开发,3.4415393
3550,2025-01-27,SH.ZB_603858,步长制药,中药,3.4410312
3551,2025-01-27,SH.KC_301229,纽泰格,汽车零部件,3.4403682
3552,2025-01-27,SH.KC_301361,众智科技,电网设备,3.4402058
3553,2025-01-24,SZ.ZB_002850,科达利,电池,3.4397392
3554,2025-01-27,SH.KC_301232,飞沃科技,风电设备,3.439176
3555,2025-01-27,SH.ZB_600337,美克家居,装修建材,3.438972
3556,2025-01-27,SH.KC_688018,乐鑫科技,半导体,3.4388885
3557,2025-01-27,SH.KC_688789,宏华数科,专用设备,3.4381852
3558,2025-01-24,SH.KC_301198,喜悦智行,塑料制品,3.4381137
3559,2025-01-27,SH.KC_300082,奥克股份,化学原料,3.4379377
3560,2025-01-24,SH.ZB_605266,健之佳,医药商业,3.4378126
3561,2025-01-24,SH.KC_300715,凯伦股份,装修建材,3.437564
3562,2025-01-24,SH.KC_301586,佳力奇,航天航空,3.4375458
3563,2025-01-24,SH.ZB_600459,贵研铂业,小金属,3.4359484
3564,2025-01-27,SH.KC_688082,盛美上海,半导体,3.4359365
3565,2025-01-24,SZ.ZB_002841,视源股份,消费电子,3.4358203
3566,2025-01-27,SZ.ZB_000617,中油资本,多元金融,3.4357653
3567,2025-01-24,SH.KC_301078,孩子王,商业百货,3.4355073
3568,2025-01-27,SH.KC_301548,崇德科技,通用设备,3.4345865
3569,2025-01-24,SH.KC_300713,英可瑞,电源设备,3.4318895
3570,2025-01-24,SH.ZB_600337,美克家居,装修建材,3.4314127
3571,2025-01-24,SH.ZB_600048,保利发展,房地产开发,3.430879
3572,2025-01-27,SH.KC_300109,新开源,化学制品,3.4305022
3573,2025-01-27,SZ.ZB_002136,安 纳 达,化学原料,3.4302309
3574,2025-01-27,SH.ZB_600857,宁波中百,商业百货,3.4294293
3575,2025-01-24,SZ.ZB_000663,永安林业,装修建材,3.429371
3576,2025-01-24,SZ.ZB_002892,科力尔,电机,3.428264
3577,2025-01-27,SZ.ZB_002481,双塔食品,食品饮料,3.4279451
3578,2025-01-24,SH.KC_300430,诚益通,通用设备,3.426473
3579,2025-01-27,SZ.ZB_002227,奥 特 迅,电源设备,3.4261227
3580,2025-01-27,SH.KC_300136,信维通信,消费电子,3.4260094
3581,2025-01-27,SH.KC_300609,汇纳科技,互联网服务,3.42592
3582,2025-01-27,SH.ZB_600186,莲花控股,食品饮料,3.4247265
3583,2025-01-27,SZ.ZB_000586,汇源通信,通信设备,3.4241006
3584,2025-01-27,SZ.ZB_001979,招商蛇口,房地产开发,3.4239054
3585,2025-01-27,SH.ZB_601665,齐鲁银行,银行,3.423734
3586,2025-01-27,SH.ZB_600237,铜峰电子,电子元件,3.4235253
3587,2025-01-27,SH.KC_300397,天和防务,通信设备,3.4229488
3588,2025-01-24,SH.KC_300540,蜀道装备,专用设备,3.422685
3589,2025-01-27,SH.ZB_603991,至正股份,塑料制品,3.421086
3590,2025-01-24,SZ.ZB_000029,深深房Ａ,房地产开发,3.4210012
3591,2025-01-27,SH.KC_300724,捷佳伟创,光伏设备,3.4202337
3592,2025-01-24,SH.ZB_600584,长电科技,半导体,3.4200952
3593,2025-01-27,SH.KC_688310,迈得医疗,专用设备,3.4194946
3594,2025-01-27,SH.KC_300074,华平股份,软件开发,3.4192176
3595,2025-01-24,SH.ZB_600619,海立股份,家电行业,3.4173653
3596,2025-01-24,SH.KC_301130,西点药业,化学制药,3.4169302
3597,2025-01-24,SH.KC_300283,温州宏丰,电网设备,3.4157186
3598,2025-01-27,SZ.ZB_000985,大庆华科,化学制品,3.415701
3599,2025-01-24,SH.KC_688679,通源环境,环保行业,3.414443
3600,2025-01-27,SH.KC_300258,精锻科技,汽车零部件,3.4142284
3601,2025-01-24,SH.KC_301487,盟固利,电池,3.4128501
3602,2025-01-27,SH.KC_300321,同大股份,化学制品,3.412652
3603,2025-01-27,SZ.ZB_002787,华源控股,包装材料,3.412138
3604,2025-01-27,SH.KC_301390,经纬股份,电网设备,3.4120395
3605,2025-01-27,SH.KC_301012,扬电科技,电网设备,3.4116015
3606,2025-01-27,SH.ZB_603696,安记食品,食品饮料,3.4104943
3607,2025-01-24,SZ.ZB_002180,纳思达,计算机设备,3.4103765
3608,2025-01-27,SH.ZB_603139,康惠制药,中药,3.409861
3609,2025-01-27,SH.ZB_600459,贵研铂业,小金属,3.4097478
3610,2025-01-24,SZ.ZB_002449,国星光电,光学光电子,3.4097373
3611,2025-01-27,SH.ZB_605378,野马电池,电池,3.4088984
3612,2025-01-27,SH.ZB_603688,石英股份,非金属材料,3.408362
3613,2025-01-24,SZ.ZB_002943,宇晶股份,通用设备,3.4079566
3614,2025-01-27,SH.KC_300233,金城医药,化学制药,3.4061894
3615,2025-01-24,SH.KC_300783,三只松鼠,食品饮料,3.4056635
3616,2025-01-27,SH.KC_301488,豪恩汽电,汽车零部件,3.4055367
3617,2025-01-27,SH.KC_300541,先进数通,互联网服务,3.4049406
3618,2025-01-24,SH.KC_300712,永福股份,工程建设,3.4048228
3619,2025-01-27,SZ.ZB_002858,力盛体育,文化传媒,3.4043982
3620,2025-01-27,SH.KC_300516,久之洋,电子元件,3.4043863
3621,2025-01-24,SH.KC_688190,云路股份,小金属,3.4043775
3622,2025-01-27,SH.KC_300755,华致酒行,贸易行业,3.404376
3623,2025-01-27,SH.KC_300288,朗玛信息,互联网服务,3.4025297
3624,2025-01-27,SH.ZB_603198,迎驾贡酒,酿酒行业,3.402336
3625,2025-01-27,SH.ZB_603982,泉峰汽车,汽车零部件,3.401813
3626,2025-01-24,SH.ZB_600259,广晟有色,小金属,3.4018114
3627,2025-01-24,SH.ZB_600641,万业企业,房地产开发,3.4015133
3628,2025-01-24,SH.KC_688779,五矿新能,电池,3.4013257
3629,2025-01-27,SH.KC_688589,力合微,半导体,3.3994496
3630,2025-01-27,SH.ZB_601799,星宇股份,汽车零部件,3.3990562
3631,2025-01-27,SZ.ZB_002895,川恒股份,化学原料,3.3989503
3632,2025-01-27,SH.KC_301132,满坤科技,电子元件,3.398499
3633,2025-01-24,SZ.ZB_002056,横店东磁,光伏设备,3.396289
3634,2025-01-27,SZ.ZB_002975,博杰股份,专用设备,3.3946202
3635,2025-01-24,SZ.ZB_000543,皖能电力,电力行业,3.3930407
3636,2025-01-27,SH.ZB_603486,科沃斯,家电行业,3.3927188
3637,2025-01-24,SH.KC_300858,科拓生物,食品饮料,3.392467
3638,2025-01-27,SZ.ZB_002210,飞马国际,环保行业,3.3920958
3639,2025-01-27,SH.ZB_603669,灵康药业,化学制药,3.3915772
3640,2025-01-24,SZ.ZB_002046,国机精工,通用设备,3.390856
3641,2025-01-24,SZ.ZB_002708,光洋股份,汽车零部件,3.3904865
3642,2025-01-27,SH.KC_300164,通源石油,采掘行业,3.3904836
3643,2025-01-27,SH.ZB_603097,江苏华辰,电网设备,3.3898904
3644,2025-01-24,SH.ZB_605337,李子园,食品饮料,3.3894718
3645,2025-01-27,SZ.ZB_002050,三花智控,家电行业,3.3891292
3646,2025-01-24,SH.ZB_600590,泰豪科技,电网设备,3.3887372
3647,2025-01-24,SH.KC_688036,传音控股,消费电子,3.3880398
3648,2025-01-24,SZ.ZB_002726,龙大美食,食品饮料,3.3877997
3649,2025-01-27,SH.KC_688133,泰坦科技,专业服务,3.3872814
3650,2025-01-27,SH.KC_300682,朗新集团,软件开发,3.3862739
3651,2025-01-24,SH.ZB_603016,新宏泰,电网设备,3.3858404
3652,2025-01-27,SH.KC_300131,英唐智控,消费电子,3.3853247
3653,2025-01-27,SH.ZB_600819,耀皮玻璃,玻璃玻纤,3.3839493
3654,2025-01-27,SH.KC_688189,南新制药,化学制药,3.3839285
3655,2025-01-27,SZ.ZB_000839,中信国安,综合行业,3.3837304
3656,2025-01-27,SH.KC_300565,科信技术,通信设备,3.3833055
3657,2025-01-27,SH.KC_300700,岱勒新材,通用设备,3.3821404
3658,2025-01-24,SH.ZB_600096,云天化,化肥行业,3.3815742
3659,2025-01-27,SH.ZB_603042,华脉科技,通信设备,3.381449
3660,2025-01-27,SH.KC_688025,杰普特,电子元件,3.381224
3661,2025-01-24,SH.KC_301091,深城交,工程咨询服务,3.3806384
3662,2025-01-27,SH.ZB_603026,石大胜华,化学制品,3.380063
3663,2025-01-24,SZ.ZB_002278,神开股份,专用设备,3.3793955
3664,2025-01-27,SZ.ZB_000519,中兵红箭,专用设备,3.3792377
3665,2025-01-24,SH.KC_301068,大地海洋,环保行业,3.3788562
3666,2025-01-27,SH.KC_300315,掌趣科技,游戏,3.378372
3667,2025-01-27,SH.KC_300212,易华录,互联网服务,3.3768163
3668,2025-01-27,SH.ZB_600336,澳柯玛,家电行业,3.375268
3669,2025-01-27,SH.ZB_603660,苏州科达,计算机设备,3.3751817
3670,2025-01-27,SZ.ZB_000048,京基智农,农牧饲渔,3.3750057
3671,2025-01-27,SZ.ZB_001308,康冠科技,消费电子,3.3747883
3672,2025-01-27,SZ.ZB_002315,焦点科技,互联网服务,3.3745244
3673,2025-01-24,SH.ZB_603776,永安行,专业服务,3.3742905
3674,2025-01-27,SH.KC_300126,锐奇股份,通用设备,3.3739552
3675,2025-01-27,SH.ZB_600111,北方稀土,小金属,3.3737092
3676,2025-01-24,SH.ZB_600728,佳都科技,软件开发,3.3735023
3677,2025-01-27,SH.KC_301626,苏州天脉,消费电子,3.373003
3678,2025-01-27,SZ.ZB_000036,华联控股,房地产开发,3.3729255
3679,2025-01-24,SH.ZB_600630,龙头股份,纺织服装,3.3720374
3680,2025-01-24,SH.KC_688563,航材股份,航天航空,3.371705
3681,2025-01-27,SH.KC_300568,星源材质,电池,3.3710644
3682,2025-01-27,SZ.ZB_002019,亿帆医药,化学制药,3.3699617
3683,2025-01-27,SH.ZB_600327,大东方,医疗服务,3.3684895
3684,2025-01-27,SH.KC_300919,中伟股份,电池,3.367509
3685,2025-01-24,SH.KC_300682,朗新集团,软件开发,3.367324
3686,2025-01-24,SH.KC_300062,中能电气,电网设备,3.367248
3687,2025-01-27,SZ.ZB_000605,渤海股份,公用事业,3.3671246
3688,2025-01-27,SZ.ZB_000417,合百集团,商业百货,3.3665702
3689,2025-01-27,SZ.ZB_002286,保龄宝,食品饮料,3.366524
3690,2025-01-27,SH.KC_688056,莱伯泰科,仪器仪表,3.3662484
3691,2025-01-24,SH.ZB_603026,石大胜华,化学制品,3.3661797
3692,2025-01-27,SH.KC_300831,派瑞股份,半导体,3.3661604
3693,2025-01-24,SZ.ZB_002127,南极电商,贸易行业,3.3657386
3694,2025-01-27,SZ.ZB_002121,科陆电子,电网设备,3.3655076
3695,2025-01-24,SH.ZB_600650,锦江在线,铁路公路,3.3650577
3696,2025-01-27,SZ.ZB_002952,亚世光电,光学光电子,3.3640518
3697,2025-01-27,SH.KC_300004,南风股份,专用设备,3.3639178
3698,2025-01-27,SH.KC_300891,惠云钛业,化学原料,3.3637152
3699,2025-01-24,SH.ZB_605218,伟时电子,光学光电子,3.3636615
3700,2025-01-27,SZ.ZB_002970,锐明技术,计算机设备,3.3636303
3701,2025-01-24,SH.ZB_600595,中孚实业,有色金属,3.3633485
3702,2025-01-27,SH.ZB_603019,中科曙光,计算机设备,3.3629642
3703,2025-01-24,SZ.ZB_002397,梦洁股份,纺织服装,3.362742
3704,2025-01-27,SZ.ZB_000029,深深房Ａ,房地产开发,3.3624663
3705,2025-01-27,SH.KC_688543,国科军工,航天航空,3.3620238
3706,2025-01-24,SH.ZB_600382,广东明珠,钢铁行业,3.3610463
3707,2025-01-27,SH.ZB_605376,博迁新材,小金属,3.3606694
3708,2025-01-27,SZ.ZB_000955,欣龙控股,纺织服装,3.3604548
3709,2025-01-27,SZ.ZB_002307,北新路桥,工程建设,3.359641
3710,2025-01-24,SH.KC_300131,英唐智控,消费电子,3.3594966
3711,2025-01-24,SH.KC_688176,亚虹医药-U,生物制品,3.3594654
3712,2025-01-27,SH.KC_688312,燕麦科技,专用设备,3.3583732
3713,2025-01-27,SH.KC_301188,力诺药包,玻璃玻纤,3.3577979
3714,2025-01-27,SZ.ZB_002716,湖南白银,贵金属,3.3573792
3715,2025-01-24,SH.KC_688166,博瑞医药,化学制药,3.3560185
3716,2025-01-24,SZ.ZB_000426,兴业银锡,有色金属,3.355831
3717,2025-01-27,SH.ZB_600241,时代万恒,电池,3.3558085
3718,2025-01-27,SH.KC_301227,森鹰窗业,装修建材,3.355117
3719,2025-01-27,SZ.ZB_002802,洪汇新材,化学制品,3.3550172
3720,2025-01-27,SH.KC_300802,矩子科技,专用设备,3.3549354
3721,2025-01-24,SH.KC_300913,兆龙互连,通信设备,3.354846
3722,2025-01-24,SH.ZB_603126,中材节能,环保行业,3.354758
3723,2025-01-27,SZ.ZB_001238,浙江正特,装修建材,3.354682
3724,2025-01-27,SZ.ZB_000768,中航西飞,航天航空,3.3533037
3725,2025-01-24,SH.KC_688548,广钢气体,电子化学品,3.353104
3726,2025-01-24,SZ.ZB_002541,鸿路钢构,水泥建材,3.3525095
3727,2025-01-27,SH.KC_300683,海特生物,生物制品,3.35204
3728,2025-01-24,SH.KC_301255,通力科技,通用设备,3.3519955
3729,2025-01-27,SZ.ZB_000970,中科三环,小金属,3.3519177
3730,2025-01-24,SH.ZB_600665,天地源,房地产开发,3.3514886
3731,2025-01-27,SH.KC_301016,雷尔伟,交运设备,3.3512473
3732,2025-01-27,SH.KC_300611,美力科技,汽车零部件,3.350617
3733,2025-01-24,SH.ZB_605178,时空科技,装修装饰,3.3504977
3734,2025-01-27,SH.ZB_600719,大连热电,电力行业,3.3496664
3735,2025-01-27,SH.ZB_601198,东兴证券,证券,3.3491492
3736,2025-01-24,SH.KC_301227,森鹰窗业,装修建材,3.3490272
3737,2025-01-27,SH.ZB_605089,味知香,食品饮料,3.3481061
3738,2025-01-27,SH.KC_300601,康泰生物,生物制品,3.3480735
3739,2025-01-27,SH.KC_688088,虹软科技,互联网服务,3.3475087
3740,2025-01-24,SH.KC_688579,山大地纬,软件开发,3.3474028
3741,2025-01-24,SH.KC_688683,莱尔科技,消费电子,3.3473656
3742,2025-01-24,SH.KC_300936,中英科技,电子元件,3.346589
3743,2025-01-24,SH.ZB_603511,爱慕股份,纺织服装,3.3451736
3744,2025-01-27,SH.ZB_600649,城投控股,房地产开发,3.3449008
3745,2025-01-27,SH.KC_300073,当升科技,电池,3.3430145
3746,2025-01-27,SH.ZB_601728,中国电信,通信服务,3.3420234
3747,2025-01-27,SH.KC_300602,飞荣达,消费电子,3.341642
3748,2025-01-27,SH.KC_300444,双杰电气,电网设备,3.3414273
3749,2025-01-24,SH.ZB_600782,新钢股份,钢铁行业,3.3413396
3750,2025-01-24,SZ.ZB_002715,登云股份,汽车零部件,3.3412561
3751,2025-01-27,SZ.ZB_000529,广弘控股,食品饮料,3.3410444
3752,2025-01-24,SH.ZB_603095,越剑智能,专用设备,3.3403172
3753,2025-01-27,SH.ZB_603286,日盈电子,汽车零部件,3.340058
3754,2025-01-27,SH.KC_301077,星华新材,化学制品,3.3398614
3755,2025-01-24,SH.ZB_603977,国泰集团,化学制品,3.3392177
3756,2025-01-27,SH.ZB_600481,双良节能,光伏设备,3.3391924
3757,2025-01-24,SZ.ZB_002207,准油股份,采掘行业,3.33886
3758,2025-01-24,SZ.ZB_000897,津滨发展,房地产开发,3.338787
3759,2025-01-27,SH.ZB_605007,五洲特纸,造纸印刷,3.338471
3760,2025-01-24,SH.ZB_603991,至正股份,塑料制品,3.3379927
3761,2025-01-27,SZ.ZB_000818,航锦科技,化学原料,3.336893
3762,2025-01-24,SZ.ZB_002482,广田集团,装修装饰,3.3362195
3763,2025-01-24,SH.ZB_600567,山鹰国际,造纸印刷,3.335835
3764,2025-01-24,SH.KC_300323,华灿光电,光学光电子,3.335543
3765,2025-01-24,SH.ZB_600230,沧州大化,化学制品,3.3354669
3766,2025-01-27,SZ.ZB_002162,悦心健康,装修建材,3.334859
3767,2025-01-24,SH.ZB_600880,博瑞传播,教育,3.334552
3768,2025-01-27,SH.KC_301269,华大九天,软件开发,3.334525
3769,2025-01-24,SH.KC_300769,德方纳米,电池,3.3334181
3770,2025-01-24,SH.ZB_600185,格力地产,房地产开发,3.3332362
3771,2025-01-27,SH.ZB_601015,陕西黑猫,煤炭行业,3.33322
3772,2025-01-24,SH.ZB_600266,城建发展,房地产开发,3.331946
3773,2025-01-27,SH.KC_301231,荣信文化,文化传媒,3.3317657
3774,2025-01-24,SH.KC_301102,兆讯传媒,文化传媒,3.3315434
3775,2025-01-24,SH.KC_688733,壹石通,非金属材料,3.3310027
3776,2025-01-27,SH.ZB_603708,家家悦,商业百货,3.3309534
3777,2025-01-24,SZ.ZB_002407,多氟多,化学制品,3.330329
3778,2025-01-27,SH.KC_301565,中仑新材,塑料制品,3.3300982
3779,2025-01-27,SH.KC_300793,佳禾智能,消费电子,3.3290684
3780,2025-01-27,SZ.ZB_002851,麦格米特,电源设备,3.328857
3781,2025-01-27,SH.KC_688358,祥生医疗,医疗器械,3.3277287
3782,2025-01-27,SH.ZB_600812,华北制药,化学制药,3.3274457
3783,2025-01-27,SH.ZB_603960,克来机电,专用设备,3.32672
3784,2025-01-24,SH.ZB_600406,国电南瑞,电网设备,3.3266976
3785,2025-01-24,SH.KC_300521,爱司凯,专用设备,3.326346
3786,2025-01-24,SH.KC_300543,朗科智能,消费电子,3.3258662
3787,2025-01-24,SH.ZB_600021,上海电力,电力行业,3.3255339
3788,2025-01-27,SZ.ZB_000034,神州数码,计算机设备,3.3247173
3789,2025-01-27,SH.KC_301212,联盛化学,化学制品,3.324069
3790,2025-01-27,SH.KC_688013,天臣医疗,医疗器械,3.323245
3791,2025-01-27,SH.KC_300809,华辰装备,通用设备,3.3230736
3792,2025-01-24,SH.KC_300629,新劲刚,通信设备,3.3230052
3793,2025-01-27,SH.KC_300223,北京君正,半导体,3.322859
3794,2025-01-27,SH.KC_300520,科大国创,软件开发,3.322497
3795,2025-01-27,SZ.ZB_002375,亚厦股份,装修装饰,3.3222988
3796,2025-01-27,SH.KC_300931,通用电梯,专用设备,3.3218145
3797,2025-01-24,SH.ZB_600939,重庆建工,工程建设,3.3211782
3798,2025-01-27,SH.KC_301023,江南奕帆,电机,3.3208058
3799,2025-01-24,SH.KC_300022,吉峰科技,工程机械,3.3206835
3800,2025-01-27,SH.ZB_605056,咸亨国际,仪器仪表,3.320618
3801,2025-01-27,SH.ZB_601020,华钰矿业,有色金属,3.3194706
3802,2025-01-24,SZ.ZB_002648,卫星化学,化学原料,3.3193932
3803,2025-01-27,SH.ZB_600435,北方导航,通信设备,3.319356
3804,2025-01-24,SZ.ZB_000501,武商集团,商业百货,3.319174
3805,2025-01-27,SH.KC_688079,美迪凯,光学光电子,3.3179402
3806,2025-01-27,SZ.ZB_000429,粤高速Ａ,铁路公路,3.3175066
3807,2025-01-24,SZ.ZB_000553,安道麦A,农药兽药,3.316702
3808,2025-01-27,SH.KC_688265,南模生物,生物制品,3.3155828
3809,2025-01-27,SH.ZB_603004,鼎龙科技,化学原料,3.3155217
3810,2025-01-27,SH.KC_688352,颀中科技,半导体,3.3153996
3811,2025-01-24,SH.ZB_603322,超讯通信,通信服务,3.3148348
3812,2025-01-27,SH.KC_301292,海科新源,化学制品,3.3139527
3813,2025-01-27,SH.ZB_600960,渤海汽车,汽车零部件,3.3138468
3814,2025-01-24,SH.ZB_600227,赤天化,化肥行业,3.3116624
3815,2025-01-24,SZ.ZB_000415,渤海租赁,多元金融,3.3115058
3816,2025-01-24,SH.KC_301628,强达电路,电子元件,3.3112705
3817,2025-01-24,SH.KC_301517,陕西华达,电子元件,3.310342
3818,2025-01-27,SH.ZB_600651,飞乐音响,光学光电子,3.3094823
3819,2025-01-27,SH.KC_688008,澜起科技,半导体,3.3081622
3820,2025-01-24,SH.ZB_603353,和顺石油,石油行业,3.3080592
3821,2025-01-24,SH.KC_301516,中远通,电源设备,3.3078372
3822,2025-01-27,SH.KC_301136,招标股份,工程咨询服务,3.3074617
3823,2025-01-27,SH.ZB_603507,振江股份,风电设备,3.3074543
3824,2025-01-24,SH.KC_688295,中复神鹰,化纤行业,3.3073947
3825,2025-01-27,SH.ZB_603303,得邦照明,家电行业,3.3073082
3826,2025-01-27,SH.KC_300291,百纳千成,文化传媒,3.3072858
3827,2025-01-27,SZ.ZB_002271,东方雨虹,装修建材,3.3071756
3828,2025-01-24,SH.KC_300426,唐德影视,文化传媒,3.30548
3829,2025-01-27,SH.ZB_600552,凯盛科技,光学光电子,3.3054233
3830,2025-01-24,SH.KC_300802,矩子科技,专用设备,3.3047647
3831,2025-01-24,SZ.ZB_002181,粤 传 媒,文化传媒,3.304559
3832,2025-01-24,SH.KC_300740,水羊股份,美容护理,3.3044367
3833,2025-01-27,SH.ZB_600340,华夏幸福,房地产开发,3.3041863
3834,2025-01-27,SZ.ZB_002669,康达新材,化学制品,3.3041835
3835,2025-01-24,SH.KC_300005,探路者,纺织服装,3.3038588
3836,2025-01-24,SH.KC_300423,昇辉科技,电网设备,3.3030941
3837,2025-01-27,SH.ZB_603135,中重科技,专用设备,3.3027797
3838,2025-01-24,SH.ZB_600875,东方电气,电源设备,3.302522
3839,2025-01-27,SH.ZB_603223,恒通股份,物流行业,3.302388
3840,2025-01-24,SH.KC_300523,辰安科技,互联网服务,3.302008
3841,2025-01-27,SH.KC_688591,泰凌微,半导体,3.3019872
3842,2025-01-24,SH.KC_300765,新诺威,食品饮料,3.3018336
3843,2025-01-27,SH.KC_688550,瑞联新材,电子化学品,3.3013954
3844,2025-01-27,SZ.ZB_002792,通宇通讯,通信设备,3.3013911
3845,2025-01-27,SH.ZB_600866,星湖科技,化学制品,3.301388
3846,2025-01-27,SH.ZB_600738,丽尚国潮,商业百货,3.3008442
3847,2025-01-24,SZ.ZB_001209,洪兴股份,纺织服装,3.3008366
3848,2025-01-24,SH.KC_688528,秦川物联,仪器仪表,3.3000498
3849,2025-01-24,SH.KC_300355,蒙草生态,环保行业,3.299676
3850,2025-01-27,SH.ZB_600815,厦工股份,工程机械,3.29912
3851,2025-01-27,SH.ZB_605258,协和电子,电子元件,3.2989383
3852,2025-01-24,SZ.ZB_000962,东方钽业,小金属,3.2987385
3853,2025-01-27,SH.KC_300014,亿纬锂能,电池,3.2987266
3854,2025-01-24,SH.ZB_603077,和邦生物,化学原料,3.298594
3855,2025-01-27,SZ.ZB_000301,东方盛虹,化学原料,3.2985597
3856,2025-01-27,SZ.ZB_002195,岩山科技,互联网服务,3.298554
3857,2025-01-27,SH.ZB_600581,八一钢铁,钢铁行业,3.2983124
3858,2025-01-27,SZ.ZB_002391,长青股份,农药兽药,3.2983093
3859,2025-01-27,SH.KC_301162,国能日新,软件开发,3.2980232
3860,2025-01-24,SH.ZB_600316,洪都航空,航天航空,3.2979517
3861,2025-01-27,SZ.ZB_000981,山子高科,汽车零部件,3.2978086
3862,2025-01-27,SZ.ZB_002107,沃华医药,中药,3.2977417
3863,2025-01-27,SH.KC_688219,会通股份,塑料制品,3.2965257
3864,2025-01-24,SH.KC_300280,紫天科技,文化传媒,3.2964005
3865,2025-01-27,SZ.ZB_002795,永和智控,通用设备,3.296146
3866,2025-01-27,SH.KC_300083,创世纪,通用设备,3.2955363
3867,2025-01-27,SH.KC_688395,正弦电气,电机,3.2954826
3868,2025-01-27,SH.KC_300139,晓程科技,贵金属,3.2954812
3869,2025-01-27,SH.KC_300836,佰奥智能,专用设备,3.295356
3870,2025-01-27,SH.KC_300246,宝莱特,医疗器械,3.294985
3871,2025-01-27,SZ.ZB_002038,双鹭药业,生物制品,3.2944129
3872,2025-01-27,SH.ZB_600707,彩虹股份,光学光电子,3.293115
3873,2025-01-24,SH.KC_300291,百纳千成,文化传媒,3.2926366
3874,2025-01-27,SZ.ZB_000032,深桑达Ａ,通信设备,3.2924056
3875,2025-01-24,SZ.ZB_000953,河化股份,化学制药,3.2923846
3876,2025-01-27,SH.ZB_603339,四方科技,通用设备,3.292203
3877,2025-01-24,SH.KC_301117,佳缘科技,软件开发,3.291522
3878,2025-01-27,SH.KC_300217,东方电热,家电行业,3.2907293
3879,2025-01-27,SH.KC_688456,有研粉材,有色金属,3.2905073
3880,2025-01-27,SH.KC_300686,智动力,消费电子,3.2891943
3881,2025-01-27,SH.ZB_600548,深高速,铁路公路,3.2891407
3882,2025-01-24,SH.KC_300892,品渥食品,食品饮料,3.2891302
3883,2025-01-24,SZ.ZB_003010,若羽臣,互联网服务,3.2890618
3884,2025-01-27,SH.ZB_603296,华勤技术,消费电子,3.2885895
3885,2025-01-24,SH.KC_688046,药康生物,生物制品,3.288269
3886,2025-01-27,SH.KC_300279,和晶科技,消费电子,3.2879875
3887,2025-01-27,SH.ZB_601086,国芳集团,商业百货,3.2877893
3888,2025-01-24,SH.ZB_603668,天马科技,农牧饲渔,3.286548
3889,2025-01-24,SH.KC_301162,国能日新,软件开发,3.2862484
3890,2025-01-27,SH.KC_300329,海伦钢琴,家用轻工,3.2852635
3891,2025-01-24,SZ.ZB_002858,力盛体育,文化传媒,3.284976
3892,2025-01-27,SZ.ZB_001296,长江材料,非金属材料,3.284441
3893,2025-01-24,SH.KC_688067,爱威科技,医疗器械,3.2842054
3894,2025-01-24,SH.KC_300347,泰格医药,医疗服务,3.2842011
3895,2025-01-27,SH.KC_300843,胜蓝股份,消费电子,3.2839344
3896,2025-01-24,SZ.ZB_000782,恒申新材,化纤行业,3.283541
3897,2025-01-27,SH.KC_301613,新铝时代,汽车零部件,3.2829807
3898,2025-01-27,SH.KC_688669,聚石化学,塑料制品,3.2825782
3899,2025-01-24,SH.ZB_603536,惠发食品,食品饮料,3.2821908
3900,2025-01-27,SH.KC_300142,沃森生物,生物制品,3.2816143
3901,2025-01-24,SZ.ZB_002975,博杰股份,专用设备,3.2815309
3902,2025-01-27,SH.KC_688606,奥泰生物,医疗器械,3.2809958
3903,2025-01-24,SH.KC_688328,深科达,专用设备,3.2788978
3904,2025-01-27,SH.ZB_600822,上海物贸,汽车服务,3.278868
3905,2025-01-27,SH.KC_301035,润丰股份,农药兽药,3.2786474
3906,2025-01-24,SZ.ZB_002165,红 宝 丽,化学制品,3.2783642
3907,2025-01-27,SH.KC_688696,极米科技,家电行业,3.2782106
3908,2025-01-24,SH.KC_300525,博思软件,软件开发,3.2779336
3909,2025-01-27,SH.KC_688216,气派科技,半导体,3.277886
3910,2025-01-27,SH.KC_688683,莱尔科技,消费电子,3.2777443
3911,2025-01-24,SZ.ZB_002847,盐津铺子,食品饮料,3.2763867
3912,2025-01-24,SH.KC_300024,机器人,通用设备,3.2759607
3913,2025-01-27,SH.KC_301008,宏昌科技,家电行业,3.2759337
3914,2025-01-24,SH.KC_300768,迪普科技,软件开发,3.2757297
3915,2025-01-24,SH.KC_688468,科美诊断,医疗器械,3.2753408
3916,2025-01-24,SH.KC_300100,双林股份,汽车零部件,3.275323
3917,2025-01-24,SH.ZB_605300,佳禾食品,食品饮料,3.2747402
3918,2025-01-24,SH.KC_300132,青松股份,美容护理,3.2746494
3919,2025-01-27,SZ.ZB_002245,蔚蓝锂芯,电池,3.274399
3920,2025-01-27,SH.KC_688388,嘉元科技,电池,3.2740488
3921,2025-01-27,SH.ZB_601827,三峰环境,环保行业,3.2740088
3922,2025-01-27,SH.ZB_600272,开开实业,医药商业,3.2739773
3923,2025-01-27,SH.ZB_603028,赛福天,通用设备,3.2738283
3924,2025-01-27,SH.ZB_603076,乐惠国际,专用设备,3.2737672
3925,2025-01-27,SH.KC_688638,誉辰智能,电池,3.2737062
3926,2025-01-27,SZ.ZB_003003,天元股份,包装材料,3.2730415
3927,2025-01-24,SH.KC_300655,晶瑞电材,电子化学品,3.272912
3928,2025-01-24,SH.ZB_600851,海欣股份,化学制药,3.2724798
3929,2025-01-27,SH.ZB_603989,艾华集团,电子元件,3.2724216
3930,2025-01-27,SZ.ZB_000933,神火股份,有色金属,3.2722383
3931,2025-01-24,SH.ZB_600756,浪潮软件,互联网服务,3.271632
3932,2025-01-27,SZ.ZB_002482,广田集团,装修装饰,3.2714202
3933,2025-01-24,SH.KC_301051,信濠光电,玻璃玻纤,3.2710598
3934,2025-01-27,SH.ZB_603958,哈森股份,纺织服装,3.2709897
3935,2025-01-27,SH.KC_688602,康鹏科技,化学制品,3.2706335
3936,2025-01-27,SH.ZB_603356,华菱精工,专用设备,3.2703161
3937,2025-01-24,SH.ZB_600748,上实发展,房地产开发,3.269638
3938,2025-01-27,SH.KC_688302,海创药业-U,生物制品,3.269197
3939,2025-01-27,SH.KC_300151,昌红科技,专用设备,3.2689466
3940,2025-01-27,SH.ZB_600478,科力远,电子元件,3.2687097
3941,2025-01-27,SH.KC_300685,艾德生物,医疗器械,3.268665
3942,2025-01-27,SH.KC_688428,诺诚健华-U,生物制品,3.2683463
3943,2025-01-24,SZ.ZB_002480,新筑股份,通用设备,3.2681837
3944,2025-01-24,SZ.ZB_002395,双象股份,塑料制品,3.268066
3945,2025-01-27,SZ.ZB_002801,微光股份,电机,3.2678351
3946,2025-01-27,SH.KC_688432,有研硅,半导体,3.2664373
3947,2025-01-24,SH.ZB_603816,顾家家居,装修建材,3.2662213
3948,2025-01-27,SZ.ZB_002283,天润工业,汽车零部件,3.2660975
3949,2025-01-27,SZ.ZB_000798,中水渔业,农牧饲渔,3.2650142
3950,2025-01-27,SH.KC_301122,采纳股份,医疗器械,3.2649426
3951,2025-01-27,SZ.ZB_000020,深华发Ａ,光学光电子,3.2646284
3952,2025-01-24,SH.ZB_603988,中电电机,电机,3.2642097
3953,2025-01-27,SH.KC_688217,睿昂基因,医疗器械,3.263238
3954,2025-01-27,SH.ZB_600816,建元信托,多元金融,3.2631562
3955,2025-01-24,SH.ZB_603985,恒润股份,风电设备,3.2631383
3956,2025-01-27,SZ.ZB_002059,云南旅游,旅游酒店,3.2631025
3957,2025-01-24,SZ.ZB_002126,银轮股份,汽车零部件,3.2625437
3958,2025-01-27,SH.ZB_603172,万丰股份,化学原料,3.2616005
3959,2025-01-27,SH.KC_688070,纵横股份,航天航空,3.2611654
3960,2025-01-24,SH.KC_301085,亚康股份,互联网服务,3.261067
3961,2025-01-27,SH.ZB_600938,中国海油,石油行业,3.2609508
3962,2025-01-24,SH.ZB_601699,潞安环能,煤炭行业,3.2597675
3963,2025-01-27,SH.ZB_600864,哈投股份,证券,3.2596066
3964,2025-01-24,SH.ZB_603918,金桥信息,互联网服务,3.2594786
3965,2025-01-27,SZ.ZB_000812,陕西金叶,包装材料,3.2587125
3966,2025-01-27,SZ.ZB_002397,梦洁股份,纺织服装,3.2585292
3967,2025-01-24,SZ.ZB_002302,西部建设,水泥建材,3.2574983
3968,2025-01-27,SH.KC_300238,冠昊生物,医疗器械,3.2568872
3969,2025-01-24,SH.KC_301608,博实结,计算机设备,3.255619
3970,2025-01-24,SZ.ZB_002317,众生药业,中药,3.255123
3971,2025-01-27,SZ.ZB_000782,恒申新材,化纤行业,3.2546327
3972,2025-01-24,SZ.ZB_002062,宏润建设,工程建设,3.2545686
3973,2025-01-27,SH.ZB_603315,福鞍股份,通用设备,3.2544956
3974,2025-01-27,SH.ZB_603335,迪生力,汽车零部件,3.2543092
3975,2025-01-27,SH.KC_688630,芯碁微装,专用设备,3.254023
3976,2025-01-24,SH.KC_300605,恒锋信息,软件开发,3.2536955
3977,2025-01-27,SH.ZB_600830,香溢融通,多元金融,3.2534406
3978,2025-01-27,SH.ZB_603126,中材节能,环保行业,3.2522752
3979,2025-01-27,SZ.ZB_000911,广农糖业,食品饮料,3.2520578
3980,2025-01-24,SH.KC_688609,九联科技,通信设备,3.2515168
3981,2025-01-27,SH.KC_300308,中际旭创,通信设备,3.2510295
3982,2025-01-27,SH.ZB_600448,华纺股份,纺织服装,3.250897
3983,2025-01-27,SH.ZB_600683,京投发展,房地产开发,3.2506764
3984,2025-01-24,SH.KC_301049,超越科技,环保行业,3.2505333
3985,2025-01-24,SZ.ZB_000545,金浦钛业,化学原料,3.2499447
3986,2025-01-24,SZ.ZB_002247,聚力文化,装修装饰,3.2497718
3987,2025-01-27,SH.KC_300201,海伦哲,工程机械,3.2494352
3988,2025-01-27,SZ.ZB_000987,越秀资本,多元金融,3.2479076
3989,2025-01-27,SH.KC_688600,皖仪科技,仪器仪表,3.2471685
3990,2025-01-27,SH.KC_688382,益方生物-U,生物制品,3.2467797
3991,2025-01-24,SH.KC_688668,鼎通科技,通信设备,3.2465518
3992,2025-01-27,SH.ZB_600079,人福医药,化学制药,3.246498
3993,2025-01-27,SH.KC_301211,亨迪药业,化学制药,3.2451854
3994,2025-01-27,SH.ZB_600522,中天科技,通信设备,3.2450988
3995,2025-01-27,SH.KC_688538,和辉光电-U,光学光电子,3.244643
3996,2025-01-27,SH.ZB_600078,澄星股份,化肥行业,3.2444403
3997,2025-01-27,SH.KC_688486,龙迅股份,半导体,3.2442703
3998,2025-01-27,SH.KC_688006,杭可科技,电池,3.2439575
3999,2025-01-27,SZ.ZB_002387,维信诺,光学光电子,3.2438085
4000,2025-01-27,SH.KC_300616,尚品宅配,装修建材,3.2435596
4001,2025-01-24,SH.KC_688181,八亿时空,光学光电子,3.242612
4002,2025-01-24,SH.KC_300700,岱勒新材,通用设备,3.2425404
4003,2025-01-24,SH.KC_301033,迈普医学,医疗服务,3.2417998
4004,2025-01-27,SH.KC_688556,高测股份,光伏设备,3.2415047
4005,2025-01-27,SH.ZB_600467,好当家,农牧饲渔,3.2414362
4006,2025-01-24,SH.ZB_600067,冠城新材,电网设备,3.24056
4007,2025-01-27,SH.ZB_600785,新华百货,商业百货,3.2404587
4008,2025-01-24,SZ.ZB_002988,豪美新材,有色金属,3.2403827
4009,2025-01-24,SH.KC_688626,翔宇医疗,医疗器械,3.2400622
4010,2025-01-27,SH.KC_688779,五矿新能,电池,3.2400117
4011,2025-01-24,SH.KC_688125,安达智能,专用设备,3.2396822
4012,2025-01-24,SZ.ZB_000935,四川双马,水泥建材,3.2383606
4013,2025-01-24,SZ.ZB_002963,豪尔赛,装修装饰,3.2382534
4014,2025-01-24,SH.KC_300724,捷佳伟创,光伏设备,3.2376318
4015,2025-01-24,SH.KC_301029,怡合达,通用设备,3.2372072
4016,2025-01-24,SH.ZB_600173,卧龙地产,房地产开发,3.236462
4017,2025-01-24,SH.ZB_600132,重庆啤酒,酿酒行业,3.2362773
4018,2025-01-27,SH.KC_301323,新莱福,塑料制品,3.2351494
4019,2025-01-27,SZ.ZB_002352,顺丰控股,物流行业,3.2347248
4020,2025-01-27,SH.KC_688607,康众医疗,医疗器械,3.2333226
4021,2025-01-24,SZ.ZB_000059,华锦股份,石油行业,3.2327845
4022,2025-01-27,SZ.ZB_001360,南矿集团,专用设备,3.232655
4023,2025-01-24,SH.ZB_600689,上海三毛,纺织服装,3.2320902
4024,2025-01-27,SZ.ZB_002161,远 望 谷,电子元件,3.2318444
4025,2025-01-24,SZ.ZB_002843,泰嘉股份,消费电子,3.230983
4026,2025-01-27,SZ.ZB_002574,明牌珠宝,珠宝首饰,3.2309532
4027,2025-01-27,SH.KC_300929,华骐环保,环保行业,3.2309518
4028,2025-01-27,SZ.ZB_000050,深天马Ａ,光学光电子,3.23067
4029,2025-01-27,SZ.ZB_002961,瑞达期货,多元金融,3.2302394
4030,2025-01-24,SH.ZB_600206,有研新材,小金属,3.2299802
4031,2025-01-27,SH.ZB_603787,新日股份,交运设备,3.2294512
4032,2025-01-24,SZ.ZB_000612,焦作万方,有色金属,3.2294378
4033,2025-01-27,SH.ZB_601028,玉龙股份,贵金属,3.2292187
4034,2025-01-24,SH.KC_300348,长亮科技,软件开发,3.2292008
4035,2025-01-24,SH.KC_688011,新光光电,光学光电子,3.2274902
4036,2025-01-27,SZ.ZB_002475,立讯精密,消费电子,3.227459
4037,2025-01-24,SH.ZB_600246,万通发展,房地产开发,3.2274172
4038,2025-01-27,SH.KC_300132,青松股份,美容护理,3.227359
4039,2025-01-24,SH.KC_300085,银之杰,软件开发,3.227289
4040,2025-01-27,SH.ZB_600909,华安证券,证券,3.226693
4041,2025-01-27,SZ.ZB_001696,宗申动力,交运设备,3.2245352
4042,2025-01-24,SH.KC_300027,华谊兄弟,文化传媒,3.223753
4043,2025-01-27,SH.ZB_601155,新城控股,房地产开发,3.2236502
4044,2025-01-27,SH.KC_688127,蓝特光学,光学光电子,3.2235475
4045,2025-01-24,SH.ZB_600313,农发种业,农牧饲渔,3.223218
4046,2025-01-24,SH.KC_301360,荣旗科技,专用设备,3.223023
4047,2025-01-24,SH.KC_300970,华绿生物,农牧饲渔,3.2230005
4048,2025-01-24,SH.KC_301361,众智科技,电网设备,3.22202
4049,2025-01-24,SH.ZB_603317,天味食品,食品饮料,3.2216682
4050,2025-01-24,SH.KC_300091,金通灵,通用设备,3.221336
4051,2025-01-24,SH.KC_301429,森泰股份,装修建材,3.2212093
4052,2025-01-24,SH.KC_688197,首药控股-U,生物制品,3.2208352
4053,2025-01-27,SH.KC_300908,仲景食品,食品饮料,3.2204435
4054,2025-01-27,SH.ZB_603686,福龙马,环保行业,3.22015
4055,2025-01-27,SZ.ZB_000811,冰轮环境,通用设备,3.220074
4056,2025-01-27,SH.ZB_600007,中国国贸,房地产开发,3.2200396
4057,2025-01-27,SH.ZB_605158,华达新材,钢铁行业,3.2199695
4058,2025-01-24,SH.ZB_603090,宏盛股份,通用设备,3.2195256
4059,2025-01-27,SH.KC_688372,伟测科技,半导体,3.2182918
4060,2025-01-24,SZ.ZB_002093,国脉科技,通信服务,3.218168
4061,2025-01-27,SH.ZB_603193,润本股份,美容护理,3.218141
4062,2025-01-27,SZ.ZB_001229,魅视科技,计算机设备,3.2181158
4063,2025-01-27,SH.ZB_603160,汇顶科技,半导体,3.2175407
4064,2025-01-27,SH.KC_301079,邵阳液压,通用设备,3.2171817
4065,2025-01-27,SH.KC_688036,传音控股,消费电子,3.217134
4066,2025-01-27,SH.ZB_600782,新钢股份,钢铁行业,3.2166586
4067,2025-01-24,SH.KC_688076,诺泰生物,医疗服务,3.2165556
4068,2025-01-27,SH.ZB_603256,宏和科技,玻璃玻纤,3.2165363
4069,2025-01-27,SZ.ZB_002800,天顺股份,物流行业,3.216508
4070,2025-01-27,SH.KC_688067,爱威科技,医疗器械,3.2164917
4071,2025-01-24,SH.KC_300094,国联水产,食品饮料,3.2164261
4072,2025-01-27,SH.ZB_605128,上海沿浦,汽车零部件,3.2159314
4073,2025-01-27,SH.KC_300225,金力泰,化学制品,3.2150955
4074,2025-01-27,SH.KC_300207,欣旺达,电池,3.215064
4075,2025-01-24,SH.KC_300680,隆盛科技,汽车零部件,3.2149553
4076,2025-01-27,SH.KC_300111,向日葵,化学制药,3.2139943
4077,2025-01-24,SH.ZB_600551,时代出版,文化传媒,3.213881
4078,2025-01-27,SZ.ZB_002263,大东南,塑料制品,3.2138214
4079,2025-01-24,SH.ZB_601588,北辰实业,房地产服务,3.2138095
4080,2025-01-27,SH.KC_300364,中文在线,文化传媒,3.2135234
4081,2025-01-27,SZ.ZB_002654,万润科技,文化传媒,3.2126725
4082,2025-01-24,SH.ZB_601599,浙文影业,纺织服装,3.2126143
4083,2025-01-27,SH.ZB_603311,金海高科,家电行业,3.212586
4084,2025-01-24,SH.KC_300331,苏大维格,光学光电子,3.2125816
4085,2025-01-27,SZ.ZB_002995,天地在线,文化传媒,3.2123208
4086,2025-01-27,SZ.ZB_002664,信质集团,汽车零部件,3.2122493
4087,2025-01-24,SH.KC_300364,中文在线,文化传媒,3.2121255
4088,2025-01-24,SZ.ZB_001283,豪鹏科技,电池,3.2117054
4089,2025-01-27,SH.KC_300412,迦南科技,专用设备,3.2111554
4090,2025-01-24,SH.KC_300911,亿田智能,家电行业,3.2105758
4091,2025-01-27,SH.ZB_603577,汇金通,电网设备,3.210497
4092,2025-01-24,SZ.ZB_002230,科大讯飞,软件开发,3.2096982
4093,2025-01-24,SH.KC_688389,普门科技,医疗器械,3.2094433
4094,2025-01-27,SH.KC_688631,莱斯信息,软件开发,3.2094016
4095,2025-01-27,SH.KC_300006,莱美药业,化学制药,3.208369
4096,2025-01-24,SH.ZB_600791,京能置业,房地产开发,3.208132
4097,2025-01-27,SH.ZB_603633,徕木股份,汽车零部件,3.2077208
4098,2025-01-27,SH.ZB_600635,大众公用,燃气,3.2076983
4099,2025-01-27,SH.KC_300227,光韵达,电子元件,3.2073827
4100,2025-01-24,SH.KC_300030,阳普医疗,医疗器械,3.206706
4101,2025-01-24,SZ.ZB_002497,雅化集团,化学制品,3.2060413
4102,2025-01-27,SZ.ZB_002240,盛新锂能,能源金属,3.2059863
4103,2025-01-27,SZ.ZB_000975,山金国际,贵金属,3.2056541
4104,2025-01-27,SH.ZB_603255,鼎际得,化学制品,3.2051623
4105,2025-01-27,SH.ZB_603767,中马传动,汽车零部件,3.204988
4106,2025-01-27,SZ.ZB_000917,电广传媒,文化传媒,3.2044723
4107,2025-01-24,SH.ZB_603578,三星新材,家电行业,3.2044053
4108,2025-01-27,SH.ZB_603078,江化微,电子化学品,3.2042413
4109,2025-01-24,SH.KC_300238,冠昊生物,医疗器械,3.2041073
4110,2025-01-24,SZ.ZB_000903,云内动力,汽车零部件,3.2038913
4111,2025-01-27,SH.ZB_603190,亚通精工,汽车零部件,3.2036946
4112,2025-01-27,SH.KC_300948,冠中生态,环保行业,3.2034264
4113,2025-01-27,SZ.ZB_002451,摩恩电气,电网设备,3.202884
4114,2025-01-24,SH.KC_300175,朗源股份,农牧饲渔,3.2023952
4115,2025-01-24,SH.ZB_600503,华丽家族,房地产开发,3.201653
4116,2025-01-24,SZ.ZB_000017,深中华A,珠宝首饰,3.2016144
4117,2025-01-24,SH.KC_300961,深水海纳,环保行业,3.2009006
4118,2025-01-27,SH.KC_300749,顶固集创,装修建材,3.2008708
4119,2025-01-27,SZ.ZB_002560,通达股份,电网设备,3.2007575
4120,2025-01-27,SZ.ZB_002104,恒宝股份,通信设备,3.200482
4121,2025-01-27,SH.KC_688321,微芯生物,化学制药,3.2001524
4122,2025-01-27,SH.ZB_603421,鼎信通讯,通信服务,3.2000928
4123,2025-01-24,SH.ZB_600415,小商品城,商业百货,3.1994045
4124,2025-01-27,SH.KC_688020,方邦股份,电子元件,3.1985745
4125,2025-01-27,SH.ZB_600760,中航沈飞,航天航空,3.1983316
4126,2025-01-24,SZ.ZB_000701,厦门信达,商业百货,3.1975956
4127,2025-01-27,SH.ZB_603390,通达电气,汽车零部件,3.1969414
4128,2025-01-24,SH.ZB_600520,文一科技,专用设备,3.1958132
4129,2025-01-27,SZ.ZB_002198,嘉应制药,中药,3.1955407
4130,2025-01-24,SH.KC_688560,明冠新材,光伏设备,3.1951294
4131,2025-01-27,SH.ZB_603227,雪峰科技,化学制品,3.1950772
4132,2025-01-27,SH.KC_688500,慧辰股份,互联网服务,3.194417
4133,2025-01-27,SH.ZB_603416,信捷电气,专用设备,3.1940446
4134,2025-01-24,SH.KC_688798,艾为电子,半导体,3.1940162
4135,2025-01-27,SZ.ZB_002035,华帝股份,家电行业,3.1937613
4136,2025-01-24,SH.ZB_600774,汉商集团,商业百货,3.1934156
4137,2025-01-24,SH.KC_300004,南风股份,专用设备,3.1928942
4138,2025-01-27,SH.KC_300946,恒而达,通用设备,3.192842
4139,2025-01-24,SH.ZB_600325,华发股份,房地产开发,3.192842
4140,2025-01-24,SH.KC_301075,多瑞医药,化学制药,3.1924753
4141,2025-01-24,SH.KC_300057,万顺新材,有色金属,3.1923816
4142,2025-01-27,SZ.ZB_000733,振华科技,电子元件,3.191775
4143,2025-01-27,SH.KC_300319,麦捷科技,光学光电子,3.1916828
4144,2025-01-27,SH.ZB_600879,航天电子,航天航空,3.1914725
4145,2025-01-24,SH.KC_300492,华图山鼎,工程咨询服务,3.1912818
4146,2025-01-24,SH.ZB_600176,中国巨石,玻璃玻纤,3.1911552
4147,2025-01-27,SH.KC_300213,佳讯飞鸿,通信设备,3.1900792
4148,2025-01-24,SH.KC_300164,通源石油,采掘行业,3.1900434
4149,2025-01-27,SH.KC_688076,诺泰生物,医疗服务,3.1892924
4150,2025-01-24,SZ.ZB_002132,恒星科技,通用设备,3.1884134
4151,2025-01-27,SH.KC_688692,达梦数据,软件开发,3.1881795
4152,2025-01-27,SH.ZB_603992,松霖科技,装修建材,3.1880245
4153,2025-01-27,SH.ZB_603337,杰克股份,专用设备,3.1879292
4154,2025-01-24,SH.ZB_603198,迎驾贡酒,酿酒行业,3.187734
4155,2025-01-27,SH.KC_688557,兰剑智能,通用设备,3.1874
4156,2025-01-24,SH.ZB_605016,百龙创园,食品饮料,3.1871781
4157,2025-01-27,SH.ZB_600984,建设机械,工程机械,3.1871424
4158,2025-01-24,SZ.ZB_000159,国际实业,石油行业,3.1865687
4159,2025-01-24,SH.KC_300787,海能实业,消费电子,3.186418
4160,2025-01-24,SH.ZB_600615,丰华股份,小金属,3.1860723
4161,2025-01-24,SH.ZB_600376,首开股份,房地产开发,3.1860576
4162,2025-01-24,SH.ZB_603843,正平股份,工程建设,3.1857371
4163,2025-01-27,SZ.ZB_002167,东方锆业,小金属,3.1838193
4164,2025-01-24,SH.KC_300599,雄塑科技,装修建材,3.183092
4165,2025-01-27,SZ.ZB_002809,红墙股份,化学制品,3.1827197
4166,2025-01-27,SH.ZB_605086,龙高股份,采掘行业,3.1827152
4167,2025-01-27,SH.ZB_605168,三人行,文化传媒,3.1808138
4168,2025-01-24,SH.ZB_603679,华体科技,光学光电子,3.1805725
4169,2025-01-27,SH.ZB_605028,世茂能源,电力行业,3.180562
4170,2025-01-27,SH.ZB_603137,恒尚节能,装修建材,3.179519
4171,2025-01-27,SH.ZB_603677,奇精机械,家电行业,3.1793282
4172,2025-01-24,SH.KC_300933,中辰股份,电网设备,3.1791239
4173,2025-01-24,SH.ZB_601360,三六零,软件开发,3.179115
4174,2025-01-24,SH.ZB_601918,新集能源,煤炭行业,3.1790643
4175,2025-01-27,SZ.ZB_002692,远程股份,电网设备,3.1788125
4176,2025-01-24,SH.KC_688559,海目星,专用设备,3.1783938
4177,2025-01-27,SH.ZB_601567,三星医疗,电网设备,3.1782122
4178,2025-01-24,SH.KC_300673,佩蒂股份,农牧饲渔,3.1775787
4179,2025-01-27,SZ.ZB_000159,国际实业,石油行业,3.17716
4180,2025-01-27,SH.KC_688563,航材股份,航天航空,3.176166
4181,2025-01-24,SH.KC_300567,精测电子,仪器仪表,3.176123
4182,2025-01-27,SZ.ZB_002173,创新医疗,医疗服务,3.1759605
4183,2025-01-24,SH.ZB_601015,陕西黑猫,煤炭行业,3.1757593
4184,2025-01-24,SH.KC_300541,先进数通,互联网服务,3.1752677
4185,2025-01-24,SH.KC_301120,新特电气,电网设备,3.1751587
4186,2025-01-24,SZ.ZB_000099,中信海直,航空机场,3.1748607
4187,2025-01-27,SH.KC_300195,长荣股份,专用设备,3.1744375
4188,2025-01-24,SH.KC_688189,南新制药,化学制药,3.1742215
4189,2025-01-24,SZ.ZB_000530,冰山冷热,通用设备,3.173925
4190,2025-01-27,SH.KC_688247,宣泰医药,生物制品,3.1735806
4191,2025-01-27,SH.KC_300286,安科瑞,电网设备,3.1715274
4192,2025-01-24,SZ.ZB_000419,通程控股,商业百货,3.1713352
4193,2025-01-27,SH.ZB_600805,悦达投资,综合行业,3.17128
4194,2025-01-24,SH.ZB_601898,中煤能源,煤炭行业,3.1703546
4195,2025-01-24,SZ.ZB_002661,克明食品,食品饮料,3.1701908
4196,2025-01-27,SH.ZB_603683,晶华新材,化学制品,3.1696305
4197,2025-01-24,SH.ZB_601162,天风证券,证券,3.1691148
4198,2025-01-24,SH.ZB_603958,哈森股份,纺织服装,3.16879
4199,2025-01-24,SH.ZB_600199,金种子酒,酿酒行业,3.1685724
4200,2025-01-24,SH.KC_300477,合纵科技,电网设备,3.1681523
4201,2025-01-24,SH.ZB_601225,陕西煤业,煤炭行业,3.16789
4202,2025-01-27,SH.ZB_603052,可川科技,电子元件,3.1670496
4203,2025-01-24,SH.ZB_600845,宝信软件,互联网服务,3.167002
4204,2025-01-27,SH.KC_301391,卡莱特,计算机设备,3.1664834
4205,2025-01-27,SH.ZB_601108,财通证券,证券,3.1658502
4206,2025-01-24,SZ.ZB_000014,沙河股份,房地产开发,3.1651542
4207,2025-01-27,SH.KC_688728,格科微,半导体,3.1650946
4208,2025-01-27,SZ.ZB_002333,罗普斯金,装修建材,3.1650767
4209,2025-01-24,SH.KC_300735,光弘科技,消费电子,3.1648145
4210,2025-01-27,SH.KC_301189,奥尼电子,通信设备,3.1644373
4211,2025-01-24,SZ.ZB_001331,胜通能源,物流行业,3.1644359
4212,2025-01-24,SH.ZB_600201,生物股份,农药兽药,3.1634197
4213,2025-01-24,SH.KC_688386,泛亚微透,塑料制品,3.1630964
4214,2025-01-24,SH.KC_300326,凯利泰,医疗器械,3.1629233
4215,2025-01-27,SH.KC_300027,华谊兄弟,文化传媒,3.1620889
4216,2025-01-24,SZ.ZB_000721,西安饮食,旅游酒店,3.1615615
4217,2025-01-27,SH.ZB_605080,浙江自然,纺织服装,3.16156
4218,2025-01-27,SH.KC_301311,昆船智能,通用设备,3.161533
4219,2025-01-24,SH.ZB_600738,丽尚国潮,商业百货,3.1608105
4220,2025-01-27,SH.ZB_601588,北辰实业,房地产服务,3.1608076
4221,2025-01-27,SH.ZB_600099,林海股份,交运设备,3.1606958
4222,2025-01-24,SH.KC_300204,舒泰神,生物制品,3.1597347
4223,2025-01-27,SH.KC_688130,晶华微,半导体,3.1594753
4224,2025-01-27,SZ.ZB_002546,新联电子,电网设备,3.159234
4225,2025-01-27,SH.ZB_600784,鲁银投资,综合行业,3.1590998
4226,2025-01-24,SH.ZB_600702,舍得酒业,酿酒行业,3.158617
4227,2025-01-27,SZ.ZB_002998,优彩资源,化纤行业,3.1585813
4228,2025-01-27,SH.KC_300680,隆盛科技,汽车零部件,3.1583548
4229,2025-01-27,SZ.ZB_000598,兴蓉环境,公用事业,3.1581402
4230,2025-01-24,SH.KC_300651,金陵体育,家用轻工,3.1580553
4231,2025-01-24,SH.ZB_603221,爱丽家居,塑料制品,3.1578436
4232,2025-01-24,SH.KC_301150,中一科技,电池,3.1578348
4233,2025-01-24,SZ.ZB_000868,安凯客车,汽车整车,3.15769
4234,2025-01-24,SH.KC_300657,弘信电子,电子元件,3.1574547
4235,2025-01-24,SH.KC_688530,欧莱新材,半导体,3.1573162
4236,2025-01-24,SZ.ZB_003004,声迅股份,计算机设备,3.15717
4237,2025-01-24,SZ.ZB_002213,大为股份,半导体,3.1567483
4238,2025-01-24,SZ.ZB_002073,软控股份,专用设备,3.1566083
4239,2025-01-24,SZ.ZB_002877,智能自控,仪器仪表,3.154859
4240,2025-01-27,SH.KC_688222,成都先导,医疗服务,3.154713
4241,2025-01-27,SH.ZB_603385,惠达卫浴,装修装饰,3.154263
4242,2025-01-27,SZ.ZB_002585,双星新材,塑料制品,3.1533256
4243,2025-01-24,SH.KC_300955,嘉亨家化,美容护理,3.1533136
4244,2025-01-27,SH.ZB_603365,水星家纺,纺织服装,3.1531885
4245,2025-01-24,SH.KC_300895,铜牛信息,互联网服务,3.153071
4246,2025-01-24,SH.KC_688027,国盾量子,通信设备,3.152892
4247,2025-01-27,SH.KC_301105,鸿铭股份,专用设备,3.1528606
4248,2025-01-27,SZ.ZB_002185,华天科技,半导体,3.1524494
4249,2025-01-27,SZ.ZB_002205,国统股份,水泥建材,3.152436
4250,2025-01-27,SH.ZB_603709,中源家居,装修建材,3.1520023
4251,2025-01-24,SH.ZB_601801,皖新传媒,文化传媒,3.151369
4252,2025-01-27,SH.ZB_603663,三祥新材,化学原料,3.1511083
4253,2025-01-24,SH.ZB_601512,中新集团,房地产开发,3.150621
4254,2025-01-27,SH.KC_300911,亿田智能,家电行业,3.1503856
4255,2025-01-27,SH.KC_688636,智明达,互联网服务,3.1503513
4256,2025-01-27,SH.KC_300858,科拓生物,食品饮料,3.150083
4257,2025-01-24,SH.ZB_603466,风语筑,文化传媒,3.150022
4258,2025-01-27,SZ.ZB_002977,天箭科技,通信设备,3.1495705
4259,2025-01-27,SZ.ZB_000570,苏常柴Ａ,汽车零部件,3.148894
4260,2025-01-24,SH.ZB_600822,上海物贸,汽车服务,3.147991
4261,2025-01-24,SH.KC_300485,赛升药业,生物制品,3.1479225
4262,2025-01-24,SZ.ZB_003005,竞业达,互联网服务,3.1474113
4263,2025-01-27,SH.KC_300676,华大基因,医疗器械,3.1470551
4264,2025-01-24,SZ.ZB_002016,世荣兆业,房地产开发,3.146769
4265,2025-01-24,SH.KC_300354,东华测试,仪器仪表,3.1466603
4266,2025-01-27,SZ.ZB_002153,石基信息,软件开发,3.1466112
4267,2025-01-24,SH.ZB_601778,晶科科技,电力行业,3.146465
4268,2025-01-24,SZ.ZB_000524,岭南控股,旅游酒店,3.146018
4269,2025-01-27,SZ.ZB_000626,远大控股,贸易行业,3.1455069
4270,2025-01-27,SH.KC_300343,联创股份,化学制品,3.1453996
4271,2025-01-27,SZ.ZB_000607,华媒控股,文化传媒,3.145106
4272,2025-01-27,SH.KC_300645,正元智慧,互联网服务,3.144908
4273,2025-01-27,SH.KC_300462,华铭智能,交运设备,3.144549
4274,2025-01-24,SH.KC_300077,国民技术,半导体,3.1444728
4275,2025-01-24,SH.KC_300512,中亚股份,专用设备,3.1444206
4276,2025-01-24,SZ.ZB_000420,吉林化纤,化纤行业,3.144321
4277,2025-01-27,SH.KC_301113,雅艺科技,装修装饰,3.144245
4278,2025-01-24,SH.KC_300631,久吾高科,环保行业,3.1439304
4279,2025-01-24,SH.ZB_600169,太原重工,专用设备,3.1438813
4280,2025-01-27,SH.KC_300566,激智科技,光学光电子,3.1438456
4281,2025-01-27,SH.KC_688419,耐科装备,专用设备,3.1434371
4282,2025-01-24,SH.KC_300162,雷曼光电,光学光电子,3.1434088
4283,2025-01-24,SZ.ZB_000833,粤桂股份,综合行业,3.1429677
4284,2025-01-27,SZ.ZB_000718,苏宁环球,房地产开发,3.1428008
4285,2025-01-27,SH.ZB_600935,华塑股份,化学原料,3.14257
4286,2025-01-24,SH.KC_300618,寒锐钴业,能源金属,3.1421826
4287,2025-01-24,SH.ZB_600705,中航产融,多元金融,3.142108
4288,2025-01-24,SH.KC_688510,航亚科技,航天航空,3.142041
4289,2025-01-27,SH.ZB_600828,茂业商业,商业百货,3.1419425
4290,2025-01-24,SH.ZB_600771,广誉远,中药,3.1418397
4291,2025-01-24,SH.ZB_603192,汇得科技,化学制品,3.1417012
4292,2025-01-27,SH.ZB_601336,新华保险,保险,3.1416564
4293,2025-01-27,SH.KC_688112,鼎阳科技,仪器仪表,3.1405628
4294,2025-01-24,SH.ZB_600099,林海股份,交运设备,3.1398325
4295,2025-01-24,SZ.ZB_002628,成都路桥,工程建设,3.1397715
4296,2025-01-24,SZ.ZB_000657,中钨高新,小金属,3.1390548
4297,2025-01-24,SH.ZB_600379,宝光股份,电网设备,3.1387105
4298,2025-01-27,SH.ZB_605299,舒华体育,家用轻工,3.1384335
4299,2025-01-24,SH.ZB_603032,德新科技,电池,3.13738
4300,2025-01-24,SH.KC_300184,力源信息,贸易行业,3.137064
4301,2025-01-27,SZ.ZB_002066,瑞泰科技,装修建材,3.1370254
4302,2025-01-27,SH.KC_688403,汇成股份,半导体,3.1364129
4303,2025-01-24,SZ.ZB_002960,青鸟消防,专用设备,3.1363964
4304,2025-01-27,SZ.ZB_002219,新里程,医疗服务,3.135857
4305,2025-01-27,SH.KC_300121,阳谷华泰,橡胶制品,3.1352832
4306,2025-01-24,SH.KC_688192,迪哲医药-U,化学制药,3.1352072
4307,2025-01-24,SH.KC_300174,元力股份,化学制品,3.1344862
4308,2025-01-27,SH.ZB_600821,金开新能,电力行业,3.13386
4309,2025-01-27,SZ.ZB_002474,榕基软件,互联网服务,3.1336637
4310,2025-01-27,SH.KC_688177,百奥泰,生物制品,3.1333401
4311,2025-01-27,SZ.ZB_002635,安洁科技,消费电子,3.1330838
4312,2025-01-27,SH.ZB_600081,东风科技,汽车零部件,3.1327872
4313,2025-01-24,SZ.ZB_002218,拓日新能,光伏设备,3.1325312
4314,2025-01-27,SH.ZB_603956,威派格,专用设备,3.132452
4315,2025-01-27,SH.KC_300135,宝利国际,化学制品,3.132254
4316,2025-01-24,SZ.ZB_000958,电投产融,电力行业,3.1317651
4317,2025-01-27,SH.ZB_600616,金枫酒业,酿酒行业,3.1304286
4318,2025-01-24,SH.KC_688096,京源环保,环保行业,3.1300352
4319,2025-01-24,SH.ZB_603506,南都物业,房地产服务,3.1298728
4320,2025-01-27,SH.KC_688137,近岸蛋白,生物制品,3.1296506
4321,2025-01-24,SZ.ZB_002842,翔鹭钨业,小金属,3.1290622
4322,2025-01-27,SH.ZB_603590,康辰药业,生物制品,3.1284122
4323,2025-01-24,SZ.ZB_002587,奥拓电子,光学光电子,3.1282723
4324,2025-01-24,SH.KC_300745,欣锐科技,汽车零部件,3.128138
4325,2025-01-27,SH.KC_300390,天华新能,能源金属,3.1280444
4326,2025-01-24,SZ.ZB_000058,深 赛 格,商业百货,3.1278
4327,2025-01-24,SH.KC_300500,启迪设计,工程咨询服务,3.1276524
4328,2025-01-27,SH.KC_688695,中创股份,软件开发,3.1272545
4329,2025-01-24,SZ.ZB_002971,和远气体,化学制品,3.127183
4330,2025-01-24,SZ.ZB_001228,永泰运,物流行业,3.127165
4331,2025-01-27,SH.KC_688739,成大生物,生物制品,3.1271055
4332,2025-01-24,SH.KC_688536,思瑞浦,半导体,3.1269088
4333,2025-01-27,SH.KC_300548,博创科技,通信设备,3.1267257
4334,2025-01-27,SH.KC_688678,福立旺,消费电子,3.126575
4335,2025-01-27,SH.KC_300855,图南股份,有色金属,3.1261728
4336,2025-01-27,SH.KC_300214,日科化学,塑料制品,3.125906
4337,2025-01-27,SH.KC_300560,中富通,通信服务,3.1256258
4338,2025-01-24,SH.KC_688252,天德钰,半导体,3.1255796
4339,2025-01-27,SH.KC_301509,金凯生科,生物制品,3.1245887
4340,2025-01-24,SH.ZB_603238,诺邦股份,美容护理,3.1245456
4341,2025-01-27,SH.KC_301522,上大股份,有色金属,3.1238794
4342,2025-01-24,SH.KC_300086,康芝药业,化学制药,3.1229317
4343,2025-01-24,SZ.ZB_002920,德赛西威,汽车零部件,3.122744
4344,2025-01-24,SZ.ZB_002240,盛新锂能,能源金属,3.1226232
4345,2025-01-24,SH.ZB_600301,华锡有色,小金属,3.1224654
4346,2025-01-24,SH.ZB_600308,华泰股份,造纸印刷,3.1219378
4347,2025-01-27,SZ.ZB_002444,巨星科技,通用设备,3.1214907
4348,2025-01-24,SH.KC_688247,宣泰医药,生物制品,3.1211123
4349,2025-01-27,SH.ZB_605369,拱东医疗,医疗器械,3.1194031
4350,2025-01-27,SH.ZB_600038,中直股份,航天航空,3.1193078
4351,2025-01-27,SZ.ZB_000655,金岭矿业,钢铁行业,3.1192036
4352,2025-01-27,SH.KC_688655,迅捷兴,电子元件,3.1191692
4353,2025-01-27,SZ.ZB_002561,徐家汇,商业百货,3.1186833
4354,2025-01-27,SH.KC_688295,中复神鹰,化纤行业,3.1186833
4355,2025-01-27,SH.ZB_600662,外服控股,专业服务,3.1180472
4356,2025-01-24,SH.ZB_603208,江山欧派,装修建材,3.1176672
4357,2025-01-27,SH.KC_300342,天银机电,家电行业,3.117411
4358,2025-01-24,SZ.ZB_001311,多利科技,汽车零部件,3.1170204
4359,2025-01-24,SH.ZB_600635,大众公用,燃气,3.1169965
4360,2025-01-27,SH.ZB_600958,东方证券,证券,3.1169057
4361,2025-01-27,SZ.ZB_000557,西部创业,物流行业,3.1168075
4362,2025-01-27,SH.ZB_603095,越剑智能,专用设备,3.1145022
4363,2025-01-27,SZ.ZB_000652,泰达股份,综合行业,3.1138554
4364,2025-01-24,SZ.ZB_000810,创维数字,通信设备,3.1128333
4365,2025-01-27,SH.ZB_600650,锦江在线,铁路公路,3.1120448
4366,2025-01-24,SH.ZB_600843,上工申贝,专用设备,3.1116858
4367,2025-01-24,SZ.ZB_000008,神州高铁,交运设备,3.1114368
4368,2025-01-24,SH.KC_300694,蠡湖股份,汽车零部件,3.1108499
4369,2025-01-24,SH.KC_688612,威迈斯,汽车零部件,3.1103878
4370,2025-01-27,SH.ZB_603976,正川股份,医疗器械,3.1102598
4371,2025-01-24,SH.KC_300128,锦富技术,光学光电子,3.1099916
4372,2025-01-27,SZ.ZB_001318,阳光乳业,食品饮料,3.1094537
4373,2025-01-27,SZ.ZB_002023,海特高新,航天航空,3.1085835
4374,2025-01-24,SZ.ZB_002520,日发精机,通用设备,3.1084776
4375,2025-01-24,SH.KC_301296,新巨丰,包装材料,3.1074882
4376,2025-01-24,SH.KC_300365,恒华科技,软件开发,3.10739
4377,2025-01-24,SZ.ZB_000837,秦川机床,通用设备,3.1071484
4378,2025-01-27,SH.KC_688357,建龙微纳,非金属材料,3.1070604
4379,2025-01-27,SH.KC_301555,惠柏新材,化学制品,3.106749
4380,2025-01-27,SH.ZB_600148,长春一东,汽车零部件,3.1067326
4381,2025-01-24,SZ.ZB_002501,利源股份,有色金属,3.106208
4382,2025-01-27,SH.ZB_605111,新洁能,半导体,3.1058402
4383,2025-01-27,SH.ZB_600179,安通控股,物流行业,3.1051965
4384,2025-01-24,SH.ZB_603123,翠微股份,多元金融,3.104715
4385,2025-01-24,SH.KC_688171,纬德信息,软件开发,3.1044812
4386,2025-01-27,SH.KC_301359,东南电子,电子元件,3.104475
4387,2025-01-24,SZ.ZB_002570,贝因美,食品饮料,3.1031399
4388,2025-01-27,SH.KC_301446,福事特,通用设备,3.103037
4389,2025-01-27,SZ.ZB_000762,西藏矿业,能源金属,3.1027064
4390,2025-01-24,SH.ZB_601595,上海电影,文化传媒,3.1026647
4391,2025-01-24,SH.ZB_600115,中国东航,航空机场,3.1017885
4392,2025-01-24,SZ.ZB_002792,通宇通讯,通信设备,3.1016157
4393,2025-01-24,SZ.ZB_002760,凤形股份,通用设备,3.1013787
4394,2025-01-27,SH.ZB_601929,吉视传媒,文化传媒,3.1012847
4395,2025-01-27,SH.KC_300824,北鼎股份,家电行业,3.1012206
4396,2025-01-24,SH.KC_301258,富士莱,化学制药,3.0998363
4397,2025-01-24,SZ.ZB_002335,科华数据,电源设备,3.099659
4398,2025-01-24,SH.ZB_603655,朗博科技,汽车零部件,3.099531
4399,2025-01-27,SH.ZB_603727,博迈科,采掘行业,3.0992494
4400,2025-01-27,SZ.ZB_002004,华邦健康,农药兽药,3.0986576
4401,2025-01-27,SZ.ZB_002046,国机精工,通用设备,3.0981393
4402,2025-01-27,SZ.ZB_002541,鸿路钢构,水泥建材,3.0981274
4403,2025-01-27,SZ.ZB_002067,景兴纸业,造纸印刷,3.0977383
4404,2025-01-27,SZ.ZB_001260,坤泰股份,汽车零部件,3.0974672
4405,2025-01-27,SZ.ZB_002056,横店东磁,光伏设备,3.0973554
4406,2025-01-27,SZ.ZB_002945,华林证券,证券,3.0973182
4407,2025-01-24,SH.ZB_600276,恒瑞医药,化学制药,3.0969248
4408,2025-01-24,SH.KC_688526,科前生物,农药兽药,3.096409
4409,2025-01-27,SZ.ZB_002600,领益智造,消费电子,3.0963154
4410,2025-01-27,SH.ZB_603755,日辰股份,食品饮料,3.096278
4411,2025-01-27,SH.ZB_603803,瑞斯康达,通信设备,3.096062
4412,2025-01-24,SH.KC_688152,麒麟信安,软件开发,3.0951633
4413,2025-01-27,SH.ZB_603697,有友食品,食品饮料,3.094785
4414,2025-01-24,SH.KC_688416,恒烁股份,半导体,3.0936837
4415,2025-01-24,SZ.ZB_002840,华统股份,食品饮料,3.0936062
4416,2025-01-27,SH.ZB_603931,格林达,电子化学品,3.0935988
4417,2025-01-24,SH.ZB_603272,联翔股份,装修装饰,3.093569
4418,2025-01-27,SH.KC_688276,百克生物,生物制品,3.093107
4419,2025-01-27,SZ.ZB_001215,千味央厨,食品饮料,3.0923843
4420,2025-01-27,SH.KC_688420,美腾科技,专用设备,3.0922904
4421,2025-01-27,SH.KC_300692,中环环保,环保行业,3.0919373
4422,2025-01-27,SH.KC_688197,首药控股-U,生物制品,3.0916035
4423,2025-01-24,SH.KC_301238,瑞泰新材,电池,3.091106
4424,2025-01-24,SH.KC_301555,惠柏新材,化学制品,3.090483
4425,2025-01-27,SH.ZB_605208,永茂泰,汽车零部件,3.090343
4426,2025-01-27,SH.KC_300665,飞鹿股份,化学制品,3.090301
4427,2025-01-27,SH.KC_300469,信息发展,软件开发,3.0891955
4428,2025-01-24,SH.ZB_603822,嘉澳环保,化学制品,3.0887156
4429,2025-01-24,SH.KC_300855,图南股份,有色金属,3.0886173
4430,2025-01-24,SZ.ZB_000863,三湘印象,房地产开发,3.0882537
4431,2025-01-24,SZ.ZB_000978,桂林旅游,旅游酒店,3.0882523
4432,2025-01-24,SH.KC_688321,微芯生物,化学制药,3.0879006
4433,2025-01-24,SZ.ZB_002214,大立科技,电子元件,3.0878515
4434,2025-01-24,SH.ZB_603341,龙旗科技,消费电子,3.0876875
4435,2025-01-27,SH.KC_301178,天亿马,软件开发,3.0873134
4436,2025-01-24,SH.ZB_600810,神马股份,化纤行业,3.087142
4437,2025-01-24,SH.KC_300561,汇金科技,软件开发,3.0871139
4438,2025-01-24,SH.ZB_605155,西大门,家用轻工,3.0869112
4439,2025-01-24,SH.KC_301212,联盛化学,化学制品,3.0867443
4440,2025-01-24,SZ.ZB_002360,同德化工,化学制品,3.086567
4441,2025-01-27,SH.ZB_600676,交运股份,汽车零部件,3.0850992
4442,2025-01-27,SH.ZB_603009,北特科技,汽车零部件,3.0848444
4443,2025-01-24,SH.ZB_600976,健民集团,中药,3.084755
4444,2025-01-27,SH.KC_688307,中润光学,光学光电子,3.0846686
4445,2025-01-27,SH.KC_688051,佳华科技,互联网服务,3.0836298
4446,2025-01-27,SH.KC_688484,南芯科技,半导体,3.0834198
4447,2025-01-27,SZ.ZB_002360,同德化工,化学制品,3.0831933
4448,2025-01-24,SH.ZB_603096,新经典,文化传媒,3.083168
4449,2025-01-24,SH.KC_300614,百川畅银,环保行业,3.0828938
4450,2025-01-27,SH.KC_300181,佐力药业,中药,3.0828297
4451,2025-01-27,SH.KC_300059,东方财富,互联网服务,3.0825467
4452,2025-01-24,SH.KC_688032,禾迈股份,光伏设备,3.0823855
4453,2025-01-27,SZ.ZB_002927,泰永长征,电网设备,3.082265
4454,2025-01-27,SH.KC_300221,银禧科技,塑料制品,3.0821233
4455,2025-01-27,SH.KC_301258,富士莱,化学制药,3.0819626
4456,2025-01-24,SH.KC_301022,海泰科,汽车零部件,3.0815496
4457,2025-01-24,SH.KC_300879,大叶股份,专用设备,3.0814722
4458,2025-01-27,SH.KC_300423,昇辉科技,电网设备,3.0813484
4459,2025-01-24,SH.ZB_603585,苏利股份,农药兽药,3.0805678
4460,2025-01-24,SH.KC_688557,兰剑智能,通用设备,3.080301
4461,2025-01-24,SH.KC_688707,振华新材,电池,3.079313
4462,2025-01-27,SH.ZB_603517,绝味食品,食品饮料,3.0792685
4463,2025-01-24,SZ.ZB_002709,天赐材料,化学制品,3.0792327
4464,2025-01-24,SH.KC_300169,天晟新材,化学制品,3.0791566
4465,2025-01-24,SZ.ZB_002756,永兴材料,钢铁行业,3.0785308
4466,2025-01-27,SZ.ZB_002249,大洋电机,电机,3.077507
4467,2025-01-24,SH.KC_301234,五洲医疗,医疗器械,3.0774937
4468,2025-01-24,SH.KC_301292,海科新源,化学制品,3.077197
4469,2025-01-24,SZ.ZB_002683,广东宏大,采掘行业,3.077121
4470,2025-01-27,SH.KC_300826,测绘股份,工程咨询服务,3.0766203
4471,2025-01-24,SH.KC_300511,雪榕生物,农牧饲渔,3.0764446
4472,2025-01-24,SZ.ZB_001300,三柏硕,家用轻工,3.0763893
4473,2025-01-24,SH.KC_688505,复旦张江,化学制药,3.076358
4474,2025-01-24,SZ.ZB_002676,顺威股份,家电行业,3.0762434
4475,2025-01-27,SZ.ZB_000563,陕国投Ａ,多元金融,3.0743628
4476,2025-01-24,SZ.ZB_002695,煌上煌,食品饮料,3.074287
4477,2025-01-27,SH.KC_301519,舜禹股份,专用设备,3.073512
4478,2025-01-27,SZ.ZB_002440,闰土股份,化学制品,3.0732484
4479,2025-01-27,SZ.ZB_002679,福建金森,农牧饲渔,3.0726657
4480,2025-01-27,SH.ZB_603219,富佳股份,家电行业,3.0726612
4481,2025-01-27,SH.ZB_600266,城建发展,房地产开发,3.072217
4482,2025-01-24,SH.KC_688127,蓝特光学,光学光电子,3.071873
4483,2025-01-24,SH.ZB_601113,华鼎股份,化纤行业,3.0714645
4484,2025-01-27,SH.KC_688116,天奈科技,化学制品,3.0706434
4485,2025-01-24,SH.KC_300711,广哈通信,通信设备,3.07056
4486,2025-01-24,SH.ZB_600405,动力源,电源设备,3.0698001
4487,2025-01-27,SH.ZB_601377,兴业证券,证券,3.0695887
4488,2025-01-24,SH.KC_300082,奥克股份,化学原料,3.0691788
4489,2025-01-24,SH.KC_688117,圣诺生物,化学制药,3.069085
4490,2025-01-24,SZ.ZB_002298,中电兴发,软件开发,3.0688941
4491,2025-01-27,SZ.ZB_002487,大金重工,风电设备,3.0688434
4492,2025-01-27,SZ.ZB_000701,厦门信达,商业百货,3.0674636
4493,2025-01-27,SZ.ZB_002085,万丰奥威,汽车零部件,3.0672266
4494,2025-01-27,SH.ZB_600386,北巴传媒,汽车服务,3.0669599
4495,2025-01-24,SH.KC_688596,正帆科技,专用设备,3.0665545
4496,2025-01-27,SZ.ZB_000657,中钨高新,小金属,3.0658677
4497,2025-01-24,SZ.ZB_000768,中航西飞,航天航空,3.0656471
4498,2025-01-24,SH.ZB_600208,衢州发展,房地产开发,3.064923
4499,2025-01-24,SZ.ZB_003015,日久光电,光学光电子,3.0648544
4500,2025-01-27,SH.ZB_601696,中银证券,证券,3.064829
4501,2025-01-27,SH.ZB_603396,金辰股份,光伏设备,3.064753
4502,2025-01-27,SH.KC_300833,浩洋股份,专用设备,3.0646815
4503,2025-01-24,SZ.ZB_002167,东方锆业,小金属,3.064324
4504,2025-01-24,SZ.ZB_002659,凯文教育,教育,3.064294
4505,2025-01-24,SH.KC_301306,西测测试,专业服务,3.0638516
4506,2025-01-27,SH.ZB_600860,京城股份,通用设备,3.063777
4507,2025-01-24,SH.ZB_601118,海南橡胶,橡胶制品,3.0633779
4508,2025-01-24,SZ.ZB_000715,中兴商业,商业百货,3.0629337
4509,2025-01-27,SH.ZB_603333,尚纬股份,电网设备,3.0629172
4510,2025-01-24,SH.KC_300719,安达维尔,航天航空,3.0628383
4511,2025-01-24,SH.ZB_600371,万向德农,农牧饲渔,3.0623481
4512,2025-01-24,SZ.ZB_000779,甘咨询,工程咨询服务,3.0623019
4513,2025-01-27,SH.KC_688238,和元生物,医疗服务,3.0619905
4514,2025-01-27,SH.KC_301118,恒光股份,化学原料,3.0614734
4515,2025-01-24,SH.KC_300133,华策影视,文化传媒,3.0607195
4516,2025-01-27,SZ.ZB_001209,洪兴股份,纺织服装,3.0600176
4517,2025-01-27,SH.ZB_601788,光大证券,证券,3.0595198
4518,2025-01-24,SH.KC_300256,星星科技,消费电子,3.0591593
4519,2025-01-24,SH.KC_300298,三诺生物,医疗器械,3.0590177
4520,2025-01-24,SH.KC_300903,科翔股份,电子元件,3.0587406
4521,2025-01-24,SH.ZB_600506,统一股份,石油行业,3.058651
4522,2025-01-27,SH.ZB_603283,赛腾股份,专用设备,3.058587
4523,2025-01-27,SZ.ZB_002846,英联股份,包装材料,3.0578823
4524,2025-01-27,SZ.ZB_000952,广济药业,化学制药,3.0573754
4525,2025-01-24,SZ.ZB_000757,浩物股份,汽车服务,3.0572386
4526,2025-01-24,SH.KC_300539,横河精密,塑料制品,3.0569031
4527,2025-01-27,SH.KC_688576,西山科技,医疗器械,3.0567229
4528,2025-01-27,SH.KC_300970,华绿生物,农牧饲渔,3.0564218
4529,2025-01-24,SH.KC_688799,华纳药厂,化学制药,3.0563726
4530,2025-01-27,SH.ZB_600100,同方股份,计算机设备,3.0563295
4531,2025-01-24,SZ.ZB_000798,中水渔业,农牧饲渔,3.056319
4532,2025-01-24,SH.ZB_601908,京运通,光伏设备,3.0555634
4533,2025-01-27,SH.KC_301308,江波龙,半导体,3.0552492
4534,2025-01-27,SH.KC_301086,鸿富瀚,消费电子,3.054954
4535,2025-01-27,SH.KC_301503,智迪科技,消费电子,3.0546472
4536,2025-01-24,SH.ZB_603858,步长制药,中药,3.0543551
4537,2025-01-27,SH.ZB_603610,麒盛科技,装修建材,3.0538247
4538,2025-01-27,SH.KC_301050,雷电微力,半导体,3.053811
4539,2025-01-24,SZ.ZB_002581,未名医药,生物制品,3.0532048
4540,2025-01-24,SH.ZB_600366,宁波韵升,小金属,3.0530229
4541,2025-01-24,SH.KC_688234,天岳先进,半导体,3.0514016
4542,2025-01-27,SH.KC_300400,劲拓股份,专用设备,3.0509949
4543,2025-01-24,SH.KC_688472,阿特斯,光伏设备,3.0509353
4544,2025-01-24,SH.ZB_605186,健麾信息,医疗服务,3.0507326
4545,2025-01-27,SH.ZB_600783,鲁信创投,非金属材料,3.050293
4546,2025-01-27,SH.ZB_603527,众源新材,有色金属,3.0496864
4547,2025-01-27,SH.KC_300880,迦南智能,电网设备,3.0491977
4548,2025-01-27,SZ.ZB_001965,招商公路,铁路公路,3.0488656
4549,2025-01-27,SZ.ZB_000025,特  力Ａ,珠宝首饰,3.0487194
4550,2025-01-27,SZ.ZB_002328,新朋股份,汽车零部件,3.0478418
4551,2025-01-27,SH.ZB_600391,航发科技,航天航空,3.0477822
4552,2025-01-24,SH.KC_688575,亚辉龙,医疗器械,3.0472755
4553,2025-01-24,SH.KC_300632,光莆股份,光学光电子,3.0472293
4554,2025-01-24,SH.KC_688113,联测科技,专用设备,3.0468748
4555,2025-01-24,SZ.ZB_002015,协鑫能科,电力行业,3.0466974
4556,2025-01-27,SH.KC_300005,探路者,纺织服装,3.046657
4557,2025-01-27,SH.KC_300585,奥联电子,汽车零部件,3.0464382
4558,2025-01-24,SZ.ZB_000423,东阿阿胶,中药,3.0462503
4559,2025-01-27,SH.ZB_605255,天普股份,汽车零部件,3.046164
4560,2025-01-24,SH.ZB_600883,博闻科技,农牧饲渔,3.046134
4561,2025-01-27,SZ.ZB_002939,长城证券,证券,3.044808
4562,2025-01-24,SH.KC_688776,国光电气,电子元件,3.0442505
4563,2025-01-24,SH.ZB_603197,保隆科技,汽车零部件,3.044012
4564,2025-01-24,SH.KC_688182,灿勤科技,通信设备,3.043017
4565,2025-01-27,SH.KC_688612,威迈斯,汽车零部件,3.0428052
4566,2025-01-24,SH.ZB_603028,赛福天,通用设备,3.0427604
4567,2025-01-24,SH.KC_300588,熙菱信息,软件开发,3.0424938
4568,2025-01-27,SZ.ZB_003022,联泓新科,化学制品,3.042431
4569,2025-01-27,SH.KC_688656,浩欧博,医疗器械,3.042294
4570,2025-01-27,SZ.ZB_002676,顺威股份,家电行业,3.0422225
4571,2025-01-27,SH.KC_301289,国缆检测,专业服务,3.0418396
4572,2025-01-27,SH.KC_688681,科汇股份,电网设备,3.0417547
4573,2025-01-27,SZ.ZB_000852,石化机械,专用设备,3.0415564
4574,2025-01-24,SH.ZB_600038,中直股份,航天航空,3.0414894
4575,2025-01-27,SH.KC_300241,瑞丰光电,光学光电子,3.0411556
4576,2025-01-24,SH.KC_300434,金石亚药,化学制药,3.0394926
4577,2025-01-27,SH.ZB_605188,国光连锁,商业百货,3.0392065
4578,2025-01-27,SH.KC_301160,翔楼新材,汽车零部件,3.0387237
4579,2025-01-24,SH.KC_301112,信邦智能,专用设备,3.038007
4580,2025-01-27,SH.ZB_603080,新疆火炬,燃气,3.0379996
4581,2025-01-27,SH.KC_300018,中元股份,电网设备,3.0378685
4582,2025-01-27,SH.KC_688507,索辰科技,软件开发,3.0378118
4583,2025-01-24,SH.ZB_600716,凤凰股份,房地产开发,3.037621
4584,2025-01-24,SH.KC_688507,索辰科技,软件开发,3.0367553
4585,2025-01-24,SH.KC_300150,世纪瑞尔,互联网服务,3.036703
4586,2025-01-24,SH.KC_301448,开创电气,通用设备,3.036505
4587,2025-01-27,SH.KC_300048,合康新能,专用设备,3.0360057
4588,2025-01-27,SH.ZB_600325,华发股份,房地产开发,3.0355647
4589,2025-01-27,SZ.ZB_002344,海宁皮城,商业百货,3.0354202
4590,2025-01-24,SH.ZB_600088,中视传媒,文化传媒,3.0353994
4591,2025-01-27,SZ.ZB_002606,大连电瓷,电网设备,3.0351832
4592,2025-01-27,SH.ZB_600246,万通发展,房地产开发,3.034991
4593,2025-01-27,SZ.ZB_001279,强邦新材,造纸印刷,3.034523
4594,2025-01-27,SH.ZB_600776,东方通信,通信设备,3.0343504
4595,2025-01-27,SH.KC_300269,联建光电,互联网服务,3.0329852
4596,2025-01-27,SZ.ZB_002573,清新环境,环保行业,3.0329094
4597,2025-01-27,SH.KC_688558,国盛智科,通用设备,3.0323653
4598,2025-01-27,SZ.ZB_002823,凯中精密,电机,3.0309186
4599,2025-01-24,SH.KC_300284,苏交科,工程咨询服务,3.0309155
4600,2025-01-24,SH.KC_301381,赛维时代,互联网服务,3.0309007
4601,2025-01-24,SH.KC_301217,铜冠铜箔,电子元件,3.0300915
4602,2025-01-27,SH.ZB_603267,鸿远电子,电子元件,3.0298874
4603,2025-01-24,SH.ZB_603909,建发合诚,工程咨询服务,3.0296028
4604,2025-01-24,SZ.ZB_000523,红棉股份,食品饮料,3.0293272
4605,2025-01-27,SH.KC_688586,江航装备,航天航空,3.0290813
4606,2025-01-24,SH.KC_688298,东方生物,医疗器械,3.0281723
4607,2025-01-27,SH.KC_688280,精进电动-UW,汽车零部件,3.0263796
4608,2025-01-24,SZ.ZB_002396,星网锐捷,通信设备,3.0263379
4609,2025-01-27,SH.KC_300407,凯发电气,电网设备,3.0259178
4610,2025-01-27,SH.KC_301045,天禄科技,光学光电子,3.0254035
4611,2025-01-27,SZ.ZB_002380,科远智慧,互联网服务,3.025353
4612,2025-01-24,SH.ZB_600547,山东黄金,贵金属,3.0250564
4613,2025-01-24,SH.KC_688299,长阳科技,光学光电子,3.0246675
4614,2025-01-27,SH.ZB_600515,海南机场,航空机场,3.0243487
4615,2025-01-24,SZ.ZB_003022,联泓新科,化学制品,3.024271
4616,2025-01-24,SH.KC_300750,宁德时代,电池,3.0238762
4617,2025-01-27,SH.ZB_600061,国投资本,证券,3.022565
4618,2025-01-27,SH.ZB_600814,杭州解百,商业百货,3.0224233
4619,2025-01-27,SZ.ZB_000423,东阿阿胶,中药,3.0216708
4620,2025-01-24,SH.KC_688184,帕瓦股份,电池,3.0209036
4621,2025-01-24,SZ.ZB_002888,惠威科技,消费电子,3.020601
4622,2025-01-27,SZ.ZB_002480,新筑股份,通用设备,3.020513
4623,2025-01-27,SH.ZB_601992,金隅集团,水泥建材,3.0201123
4624,2025-01-27,SH.KC_301398,星源卓镁,汽车零部件,3.0196116
4625,2025-01-27,SH.ZB_600606,绿地控股,房地产开发,3.0195222
4626,2025-01-24,SZ.ZB_001373,翔腾新材,光学光电子,3.0194788
4627,2025-01-24,SZ.ZB_000777,中核科技,通用设备,3.0188634
4628,2025-01-24,SZ.ZB_002196,方正电机,电机,3.018509
4629,2025-01-27,SH.KC_688212,澳华内镜,医疗器械,3.018509
4630,2025-01-27,SH.KC_688271,联影医疗,医疗器械,3.0174062
4631,2025-01-24,SZ.ZB_000055,方大集团,装修装饰,3.0171766
4632,2025-01-24,SZ.ZB_002139,拓邦股份,消费电子,3.017117
4633,2025-01-27,SH.KC_301539,宏鑫科技,汽车零部件,3.0168831
4634,2025-01-27,SH.ZB_605266,健之佳,医药商业,3.0156107
4635,2025-01-27,SZ.ZB_002405,四维图新,软件开发,3.015165
4636,2025-01-27,SH.KC_688472,阿特斯,光伏设备,3.0149117
4637,2025-01-27,SH.KC_301221,光庭信息,软件开发,3.0145004
4638,2025-01-24,SH.KC_300483,首华燃气,燃气,3.0142455
4639,2025-01-27,SH.ZB_600768,宁波富邦,有色金属,3.0139625
4640,2025-01-24,SZ.ZB_002144,宏达高科,纺织服装,3.0136375
4641,2025-01-24,SH.KC_688163,赛伦生物,生物制品,3.0131042
4642,2025-01-27,SZ.ZB_002544,普天科技,通信服务,3.01297
4643,2025-01-27,SH.KC_300122,智飞生物,生物制品,3.0116172
4644,2025-01-24,SH.KC_301587,中瑞股份,电池,3.0115843
4645,2025-01-27,SH.KC_300120,经纬辉开,光学光电子,3.0114264
4646,2025-01-27,SH.KC_688478,晶升股份,半导体,3.011255
4647,2025-01-27,SH.KC_688185,康希诺,生物制品,3.0109196
4648,2025-01-24,SH.KC_300846,首都在线,互联网服务,3.009787
4649,2025-01-24,SH.ZB_600683,京投发展,房地产开发,3.009501
4650,2025-01-27,SZ.ZB_002890,弘宇股份,专用设备,3.009467
4651,2025-01-27,SH.KC_301209,联合化学,化学原料,3.0092418
4652,2025-01-27,SH.ZB_603301,振德医疗,医疗器械,3.0091777
4653,2025-01-27,SH.ZB_601156,东航物流,物流行业,3.0090823
4654,2025-01-24,SH.ZB_600100,同方股份,计算机设备,3.008017
4655,2025-01-27,SZ.ZB_002218,拓日新能,光伏设备,3.007418
4656,2025-01-27,SH.KC_301057,汇隆新材,化纤行业,3.007029
4657,2025-01-24,SH.KC_300729,乐歌股份,家用轻工,3.006959
4658,2025-01-24,SH.KC_688219,会通股份,塑料制品,3.006786
4659,2025-01-27,SZ.ZB_002017,东信和平,通信设备,3.0064955
4660,2025-01-24,SH.ZB_600818,中路股份,交运设备,3.0061736
4661,2025-01-27,SH.ZB_603281,江瀚新材,化学制品,3.0055733
4662,2025-01-24,SH.KC_688055,龙腾光电,光学光电子,3.005369
4663,2025-01-24,SH.KC_300456,赛微电子,半导体,3.005269
4664,2025-01-27,SH.KC_688315,诺禾致源,医疗服务,3.0049653
4665,2025-01-24,SZ.ZB_002551,尚荣医疗,医疗器械,3.004533
4666,2025-01-27,SH.KC_300729,乐歌股份,家用轻工,3.0045004
4667,2025-01-27,SH.ZB_603345,安井食品,食品饮料,3.004037
4668,2025-01-27,SH.KC_300326,凯利泰,医疗器械,3.0038447
4669,2025-01-24,SZ.ZB_002890,弘宇股份,专用设备,3.003666
4670,2025-01-27,SH.ZB_601778,晶科科技,电力行业,3.0034423
4671,2025-01-27,SZ.ZB_001219,青岛食品,食品饮料,3.0030699
4672,2025-01-24,SH.KC_301589,诺瓦星云,计算机设备,3.0030518
4673,2025-01-27,SZ.ZB_002279,久其软件,软件开发,3.002894
4674,2025-01-27,SH.ZB_601375,中原证券,证券,3.0022292
4675,2025-01-24,SH.KC_301399,英特科技,通用设备,3.002061
4676,2025-01-24,SZ.ZB_002066,瑞泰科技,装修建材,3.0018182
4677,2025-01-27,SH.ZB_605198,安德利,食品饮料,3.0016809
4678,2025-01-24,SH.ZB_603009,北特科技,汽车零部件,3.001611
4679,2025-01-27,SH.KC_300767,震安科技,橡胶制品,3.0011907
4680,2025-01-24,SZ.ZB_002173,创新医疗,医疗服务,3.0002742
4681,2025-01-24,SZ.ZB_002798,帝欧家居,装修建材,2.999264
4682,2025-01-24,SH.KC_301327,华宝新能,电源设备,2.999027
4683,2025-01-24,SH.ZB_600558,大西洋,通用设备,2.9989316
4684,2025-01-24,SZ.ZB_000546,金圆股份,环保行业,2.9986217
4685,2025-01-27,SH.KC_301067,显盈科技,消费电子,2.9982538
4686,2025-01-24,SH.ZB_600660,福耀玻璃,玻璃玻纤,2.9981687
4687,2025-01-24,SH.ZB_603330,天洋新材,光伏设备,2.9981585
4688,2025-01-24,SZ.ZB_002297,博云新材,航天航空,2.9980705
4689,2025-01-27,SH.ZB_600346,恒力石化,化纤行业,2.9974864
4690,2025-01-27,SZ.ZB_002957,科瑞技术,专用设备,2.9973075
4691,2025-01-27,SH.ZB_600039,四川路桥,工程建设,2.9961557
4692,2025-01-24,SH.ZB_600938,中国海油,石油行业,2.9950247
4693,2025-01-27,SZ.ZB_000766,通化金马,化学制药,2.9949412
4694,2025-01-24,SZ.ZB_002114,罗平锌电,有色金属,2.993132
4695,2025-01-27,SH.KC_301371,敷尔佳,美容护理,2.9930935
4696,2025-01-27,SH.ZB_605377,华旺科技,造纸印刷,2.9930756
4697,2025-01-27,SH.KC_300347,泰格医药,医疗服务,2.9930248
4698,2025-01-24,SH.ZB_600272,开开实业,医药商业,2.992989
4699,2025-01-24,SH.ZB_603617,君禾股份,通用设备,2.992776
4700,2025-01-27,SH.ZB_600854,春兰股份,家电行业,2.9926987
4701,2025-01-24,SH.KC_301119,正强股份,汽车零部件,2.9924572
4702,2025-01-24,SH.KC_300341,麦克奥迪,电网设备,2.992341
4703,2025-01-24,SH.ZB_605580,恒盛能源,电力行业,2.9919312
4704,2025-01-24,SH.ZB_605001,威奥股份,交运设备,2.991332
4705,2025-01-24,SH.KC_300568,星源材质,电池,2.9910207
4706,2025-01-24,SH.ZB_603268,松发股份,装修建材,2.9906483
4707,2025-01-24,SH.KC_300886,华业香料,美容护理,2.989985
4708,2025-01-24,SZ.ZB_000727,冠捷科技,光学光电子,2.989979
4709,2025-01-24,SH.KC_688603,天承科技,电子化学品,2.9894457
4710,2025-01-24,SZ.ZB_002134,天津普林,电子元件,2.9893637
4711,2025-01-27,SH.ZB_600468,百利电气,电网设备,2.9889092
4712,2025-01-27,SH.KC_688190,云路股份,小金属,2.988556
4713,2025-01-24,SZ.ZB_001339,智微智能,计算机设备,2.9869928
4714,2025-01-24,SZ.ZB_002613,北玻股份,玻璃玻纤,2.986972
4715,2025-01-24,SH.ZB_601838,成都银行,银行,2.9867306
4716,2025-01-27,SH.KC_300545,联得装备,光学光电子,2.9866292
4717,2025-01-27,SZ.ZB_002976,瑞玛精密,汽车零部件,2.9863775
4718,2025-01-24,SH.ZB_601069,西部黄金,贵金属,2.9863522
4719,2025-01-27,SZ.ZB_000037,深南电A,电力行业,2.9863284
4720,2025-01-24,SZ.ZB_002357,富临运业,铁路公路,2.9855907
4721,2025-01-27,SH.KC_688171,纬德信息,软件开发,2.9854074
4722,2025-01-27,SZ.ZB_002090,金智科技,电网设备,2.9847145
4723,2025-01-27,SH.KC_300253,卫宁健康,软件开发,2.9845953
4724,2025-01-24,SH.ZB_605333,沪光股份,汽车零部件,2.9844642
4725,2025-01-24,SZ.ZB_000707,双环科技,化学原料,2.9843018
4726,2025-01-27,SH.ZB_605488,福莱新材,塑料制品,2.983859
4727,2025-01-27,SH.KC_300907,康平科技,电机,2.983503
4728,2025-01-24,SH.ZB_603882,金域医学,医疗服务,2.9834166
4729,2025-01-24,SH.ZB_603168,莎普爱思,化学制药,2.9823751
4730,2025-01-24,SH.ZB_603818,曲美家居,装修建材,2.9821932
4731,2025-01-27,SZ.ZB_002512,达华智能,计算机设备,2.981229
4732,2025-01-27,SH.KC_300817,双飞集团,通用设备,2.9806092
4733,2025-01-24,SZ.ZB_002487,大金重工,风电设备,2.9795275
4734,2025-01-27,SH.ZB_603088,宁波精达,通用设备,2.9794528
4735,2025-01-27,SH.KC_688353,华盛锂电,化学制品,2.9789388
4736,2025-01-27,SH.ZB_600285,羚锐制药,中药,2.9787884
4737,2025-01-27,SH.KC_301278,快可电子,光伏设备,2.9785247
4738,2025-01-27,SH.KC_688163,赛伦生物,生物制品,2.9784262
4739,2025-01-27,SH.KC_688501,青达环保,专用设备,2.9783561
4740,2025-01-24,SH.KC_688565,力源科技,环保行业,2.9781609
4741,2025-01-27,SH.ZB_603098,森特股份,工程建设,2.9781535
4742,2025-01-24,SH.KC_300662,科锐国际,专业服务,2.9780717
4743,2025-01-24,SH.ZB_603798,康普顿,石油行业,2.9780269
4744,2025-01-24,SH.KC_688535,华海诚科,半导体,2.9779732
4745,2025-01-24,SH.ZB_600805,悦达投资,综合行业,2.9765294
4746,2025-01-24,SZ.ZB_000850,华茂股份,纺织服装,2.9758124
4747,2025-01-27,SH.ZB_603578,三星新材,家电行业,2.9757693
4748,2025-01-24,SZ.ZB_002198,嘉应制药,中药,2.975221
4749,2025-01-27,SH.KC_688359,三孚新科,电子化学品,2.9751778
4750,2025-01-24,SH.ZB_600887,伊利股份,食品饮料,2.9750392
4751,2025-01-27,SZ.ZB_002326,永太科技,化学制品,2.9748247
4752,2025-01-27,SH.ZB_603220,中贝通信,通信服务,2.9745789
4753,2025-01-24,SZ.ZB_000886,海南高速,房地产开发,2.9745414
4754,2025-01-24,SZ.ZB_002785,万里石,装修建材,2.9745235
4755,2025-01-27,SH.KC_301388,欣灵电气,电网设备,2.9734478
4756,2025-01-24,SH.ZB_600611,大众交通,铁路公路,2.973263
4757,2025-01-27,SH.ZB_603178,圣龙股份,汽车零部件,2.973041
4758,2025-01-27,SH.KC_688389,普门科技,医疗器械,2.9728546
4759,2025-01-24,SH.ZB_603535,嘉诚国际,物流行业,2.9724405
4760,2025-01-27,SH.ZB_603530,神马电力,电网设备,2.9718235
4761,2025-01-27,SH.KC_301135,瑞德智能,消费电子,2.971728
4762,2025-01-24,SH.KC_300575,中旗股份,农药兽药,2.971232
4763,2025-01-24,SH.ZB_603333,尚纬股份,电网设备,2.9709787
4764,2025-01-27,SH.KC_300513,恒实科技,通信服务,2.9708238
4765,2025-01-24,SH.KC_300261,雅本化学,农药兽药,2.9705315
4766,2025-01-27,SH.KC_301322,绿通科技,交运设备,2.9703677
4767,2025-01-24,SH.KC_300429,强力新材,电子化学品,2.9700546
4768,2025-01-24,SZ.ZB_000670,盈方微,半导体,2.9690921
4769,2025-01-27,SH.ZB_600566,济川药业,中药,2.9680192
4770,2025-01-24,SZ.ZB_000898,鞍钢股份,钢铁行业,2.9677362
4771,2025-01-27,SZ.ZB_002852,道道全,食品饮料,2.9671178
4772,2025-01-27,SH.KC_301332,德尔玛,家电行业,2.9656813
4773,2025-01-27,SH.KC_300075,数字政通,软件开发,2.9653728
4774,2025-01-27,SZ.ZB_002828,贝肯能源,采掘行业,2.9653118
4775,2025-01-24,SZ.ZB_002431,棕榈股份,工程建设,2.9651031
4776,2025-01-24,SH.KC_300641,正丹股份,化学制品,2.9649944
4777,2025-01-24,SZ.ZB_002926,华西证券,证券,2.9646993
4778,2025-01-27,SZ.ZB_000926,福星股份,房地产开发,2.9643342
4779,2025-01-27,SH.KC_300869,康泰医学,医疗器械,2.9637218
4780,2025-01-24,SH.ZB_600114,东睦股份,通用设备,2.9633894
4781,2025-01-27,SZ.ZB_002534,西子洁能,电源设备,2.9632494
4782,2025-01-27,SZ.ZB_000002,万  科Ａ,房地产开发,2.9630914
4783,2025-01-27,SH.ZB_605020,永和股份,化学制品,2.9619007
4784,2025-01-27,SH.ZB_600329,达仁堂,中药,2.9617057
4785,2025-01-27,SH.ZB_600855,航天长峰,计算机设备,2.961637
4786,2025-01-24,SH.ZB_603172,万丰股份,化学原料,2.960895
4787,2025-01-24,SH.KC_300762,上海瀚讯,通信设备,2.9608579
4788,2025-01-27,SH.ZB_600771,广誉远,中药,2.9607906
4789,2025-01-24,SH.KC_301358,湖南裕能,电池,2.96046
4790,2025-01-24,SH.ZB_605122,四方新材,水泥建材,2.9602394
4791,2025-01-27,SH.ZB_600222,太龙药业,中药,2.960208
4792,2025-01-27,SH.KC_300254,仟源医药,化学制药,2.9595897
4793,2025-01-27,SH.KC_688319,欧林生物,生物制品,2.9593647
4794,2025-01-27,SZ.ZB_002968,新大正,房地产服务,2.958636
4795,2025-01-24,SH.KC_688261,东微半导,半导体,2.9580102
4796,2025-01-24,SH.ZB_605319,无锡振华,汽车零部件,2.9579625
4797,2025-01-27,SH.KC_300596,利安隆,塑料制品,2.957286
4798,2025-01-27,SH.ZB_603317,天味食品,食品饮料,2.9570758
4799,2025-01-24,SH.ZB_600340,华夏幸福,房地产开发,2.9568896
4800,2025-01-27,SH.KC_688516,奥特维,光伏设备,2.9565647
4801,2025-01-24,SH.KC_300557,理工光科,仪器仪表,2.9549673
4802,2025-01-27,SZ.ZB_000957,中通客车,汽车整车,2.9542356
4803,2025-01-24,SZ.ZB_002035,华帝股份,家电行业,2.9540687
4804,2025-01-27,SH.ZB_603606,东方电缆,电网设备,2.953987
4805,2025-01-24,SZ.ZB_002208,合肥城建,房地产开发,2.9538527
4806,2025-01-27,SH.ZB_600120,浙江东方,多元金融,2.9530034
4807,2025-01-24,SZ.ZB_002232,启明信息,互联网服务,2.9529169
4808,2025-01-24,SZ.ZB_000952,广济药业,化学制药,2.9526248
4809,2025-01-24,SH.ZB_600969,郴电国际,电力行业,2.9524355
4810,2025-01-24,SZ.ZB_000901,航天科技,汽车零部件,2.9524014
4811,2025-01-24,SH.KC_300134,大富科技,通信设备,2.9522374
4812,2025-01-27,SH.ZB_600787,中储股份,物流行业,2.9519498
4813,2025-01-24,SZ.ZB_002269,美邦服饰,纺织服装,2.951458
4814,2025-01-27,SZ.ZB_002906,华阳集团,汽车零部件,2.951026
4815,2025-01-27,SH.ZB_603619,中曼石油,采掘行业,2.950789
4816,2025-01-24,SH.ZB_600628,新世界,商业百货,2.9497876
4817,2025-01-24,SH.ZB_603082,北自科技,通用设备,2.949612
4818,2025-01-27,SH.KC_300183,东软载波,通信服务,2.9493392
4819,2025-01-24,SH.ZB_601857,中国石油,石油行业,2.9492452
4820,2025-01-24,SZ.ZB_000829,天音控股,贸易行业,2.9488757
4821,2025-01-27,SH.ZB_601996,丰林集团,装修建材,2.9488444
4822,2025-01-27,SH.KC_301089,拓新药业,化学制药,2.9487581
4823,2025-01-27,SH.KC_301314,科瑞思,通信设备,2.9483988
4824,2025-01-27,SZ.ZB_002163,海南发展,玻璃玻纤,2.9481158
4825,2025-01-24,SZ.ZB_000720,新能泰山,电网设备,2.9480605
4826,2025-01-27,SH.ZB_603277,银都股份,通用设备,2.9478953
4827,2025-01-24,SH.ZB_603887,城地香江,互联网服务,2.9478357
4828,2025-01-27,SZ.ZB_002044,美年健康,医疗服务,2.9472306
4829,2025-01-27,SZ.ZB_002926,华西证券,证券,2.946727
4830,2025-01-24,SZ.ZB_002156,通富微电,半导体,2.9466152
4831,2025-01-27,SH.KC_300586,美联新材,塑料制品,2.9466019
4832,2025-01-27,SZ.ZB_002324,普利特,塑料制品,2.9465497
4833,2025-01-27,SZ.ZB_002703,浙江世宝,汽车零部件,2.9447854
4834,2025-01-27,SZ.ZB_002643,万润股份,电子化学品,2.9447005
4835,2025-01-24,SH.KC_688655,迅捷兴,电子元件,2.9444172
4836,2025-01-24,SZ.ZB_002082,万邦德,化学制药,2.9439359
4837,2025-01-24,SH.ZB_600298,安琪酵母,食品饮料,2.94386
4838,2025-01-27,SH.ZB_601111,中国国航,航空机场,2.9437006
4839,2025-01-24,SH.ZB_600919,江苏银行,银行,2.9432714
4840,2025-01-27,SZ.ZB_002243,力合科创,美容护理,2.9432387
4841,2025-01-24,SH.KC_300078,思创医惠,互联网服务,2.943109
4842,2025-01-27,SH.ZB_603225,新凤鸣,化纤行业,2.9427795
4843,2025-01-27,SH.KC_301163,宏德股份,风电设备,2.9420927
4844,2025-01-24,SH.KC_688216,气派科技,半导体,2.942066
4845,2025-01-27,SH.KC_688083,中望软件,软件开发,2.9417024
4846,2025-01-24,SH.KC_688371,菲沃泰,电子元件,2.9414608
4847,2025-01-27,SZ.ZB_002813,路畅科技,汽车零部件,2.9402912
4848,2025-01-27,SZ.ZB_003026,中晶科技,半导体,2.9400752
4849,2025-01-27,SH.KC_300550,和仁科技,软件开发,2.9400692
4850,2025-01-24,SZ.ZB_000528,柳    工,工程机械,2.9400258
4851,2025-01-24,SH.KC_300303,聚飞光电,光学光电子,2.9399142
4852,2025-01-24,SZ.ZB_000703,恒逸石化,化纤行业,2.9397516
4853,2025-01-24,SH.ZB_600727,鲁北化工,化学原料,2.939394
4854,2025-01-24,SH.ZB_601155,新城控股,房地产开发,2.939336
4855,2025-01-24,SH.KC_300274,阳光电源,光伏设备,2.9377446
4856,2025-01-24,SH.ZB_600367,红星发展,化学原料,2.9376314
4857,2025-01-24,SH.KC_688009,中国通号,交运设备,2.937612
4858,2025-01-27,SH.KC_301051,信濠光电,玻璃玻纤,2.9370918
4859,2025-01-27,SH.ZB_600561,江西长运,铁路公路,2.9370115
4860,2025-01-27,SH.KC_688363,华熙生物,美容护理,2.9364214
4861,2025-01-24,SH.ZB_600841,动力新科,汽车整车,2.9355974
4862,2025-01-27,SH.KC_300244,迪安诊断,医疗服务,2.935162
4863,2025-01-27,SZ.ZB_002962,五方光电,光学光电子,2.9341788
4864,2025-01-27,SZ.ZB_000546,金圆股份,环保行业,2.9339938
4865,2025-01-27,SH.ZB_600217,中再资环,环保行业,2.9329405
4866,2025-01-24,SZ.ZB_001217,华尔泰,化学原料,2.9327512
4867,2025-01-24,SZ.ZB_002897,意华股份,光伏设备,2.932042
4868,2025-01-24,SH.KC_300055,万邦达,环保行业,2.931796
4869,2025-01-24,SH.ZB_605028,世茂能源,电力行业,2.9312983
4870,2025-01-27,SZ.ZB_000767,晋控电力,电力行业,2.9309855
4871,2025-01-24,SH.ZB_600012,皖通高速,铁路公路,2.930969
4872,2025-01-24,SH.KC_300760,迈瑞医疗,医疗器械,2.9304595
4873,2025-01-27,SH.ZB_603881,数据港,互联网服务,2.9303923
4874,2025-01-24,SH.ZB_603877,太平鸟,纺织服装,2.929516
4875,2025-01-27,SH.KC_300957,贝泰妮,美容护理,2.9293344
4876,2025-01-27,SH.KC_301525,儒竞科技,通用设备,2.9283583
4877,2025-01-27,SH.KC_688179,阿拉丁,化学制品,2.9279127
4878,2025-01-27,SH.KC_301025,读客文化,文化传媒,2.9278562
4879,2025-01-27,SH.ZB_603757,大元泵业,通用设备,2.9276087
4880,2025-01-27,SZ.ZB_002918,蒙娜丽莎,装修建材,2.9270961
4881,2025-01-27,SZ.ZB_002985,北摩高科,航天航空,2.9266863
4882,2025-01-27,SH.KC_300955,嘉亨家化,美容护理,2.9264479
4883,2025-01-24,SH.ZB_605566,福莱蒽特,化学制品,2.92639
4884,2025-01-24,SZ.ZB_000035,中国天楹,环保行业,2.9263496
4885,2025-01-27,SZ.ZB_002888,惠威科技,消费电子,2.9262753
4886,2025-01-24,SH.ZB_603297,永新光学,光学光电子,2.9259696
4887,2025-01-27,SH.KC_300559,佳发教育,软件开发,2.9248714
4888,2025-01-27,SH.KC_301515,港通医疗,医疗器械,2.9241443
4889,2025-01-24,SZ.ZB_002998,优彩资源,化纤行业,2.9235692
4890,2025-01-24,SH.KC_300538,同益股份,塑料制品,2.9234543
4891,2025-01-24,SH.ZB_600111,北方稀土,小金属,2.923277
4892,2025-01-24,SH.ZB_601330,绿色动力,环保行业,2.923049
4893,2025-01-24,SZ.ZB_002105,信隆健康,交运设备,2.9229448
4894,2025-01-27,SZ.ZB_002194,武汉凡谷,通信设备,2.9229016
4895,2025-01-27,SH.KC_688689,银河微电,半导体,2.9224708
4896,2025-01-27,SZ.ZB_002908,德生科技,软件开发,2.9222488
4897,2025-01-24,SZ.ZB_002155,湖南黄金,贵金属,2.9220552
4898,2025-01-27,SH.KC_688211,中科微至,物流行业,2.9218106
4899,2025-01-27,SZ.ZB_002378,章源钨业,小金属,2.9216437
4900,2025-01-24,SH.KC_301156,美农生物,农牧饲渔,2.9215693
4901,2025-01-27,SH.ZB_603567,珍宝岛,中药,2.9214575
4902,2025-01-27,SH.KC_301137,哈焊华通,通用设备,2.920939
4903,2025-01-27,SZ.ZB_000820,神雾节能,环保行业,2.9201283
4904,2025-01-27,SH.ZB_600010,包钢股份,钢铁行业,2.9200912
4905,2025-01-27,SZ.ZB_002302,西部建设,水泥建材,2.9200792
4906,2025-01-27,SH.KC_300604,长川科技,半导体,2.9192553
4907,2025-01-27,SH.KC_300745,欣锐科技,汽车零部件,2.9188678
4908,2025-01-27,SH.ZB_600383,金地集团,房地产开发,2.918756
4909,2025-01-24,SH.KC_301155,海力风电,风电设备,2.9185534
4910,2025-01-24,SH.KC_688223,晶科能源,光伏设备,2.9172688
4911,2025-01-27,SH.KC_300054,鼎龙股份,电子化学品,2.9172347
4912,2025-01-24,SH.ZB_603005,晶方科技,半导体,2.9170573
4913,2025-01-27,SH.KC_300618,寒锐钴业,能源金属,2.9169037
4914,2025-01-27,SH.ZB_600900,长江电力,电力行业,2.915962
4915,2025-01-24,SH.KC_688357,建龙微纳,非金属材料,2.9158115
4916,2025-01-27,SZ.ZB_002761,浙江建投,工程建设,2.9157817
4917,2025-01-27,SZ.ZB_002472,双环传动,汽车零部件,2.9149652
4918,2025-01-24,SH.ZB_600152,维科技术,电池,2.9140725
4919,2025-01-27,SZ.ZB_002363,隆基机械,汽车零部件,2.9139028
4920,2025-01-27,SH.ZB_600739,辽宁成大,贸易行业,2.9130697
4921,2025-01-24,SH.KC_300317,珈伟新能,光伏设备,2.9126213
4922,2025-01-24,SH.KC_300658,延江股份,美容护理,2.9121904
4923,2025-01-27,SH.KC_300088,长信科技,光学光电子,2.9114113
4924,2025-01-27,SH.KC_300199,翰宇药业,化学制药,2.9109762
4925,2025-01-24,SH.ZB_600476,湘邮科技,软件开发,2.9105425
4926,2025-01-24,SZ.ZB_002851,麦格米特,电源设备,2.9104187
4927,2025-01-27,SH.ZB_600118,中国卫星,航天航空,2.910283
4928,2025-01-27,SZ.ZB_002845,同兴达,光学光电子,2.909997
4929,2025-01-24,SH.KC_688665,四方光电,仪器仪表,2.9094875
4930,2025-01-27,SH.KC_688120,华海清科,半导体,2.9085085
4931,2025-01-24,SH.ZB_600537,亿晶光电,光伏设备,2.9080331
4932,2025-01-27,SZ.ZB_002276,万马股份,电网设备,2.9079766
4933,2025-01-27,SH.ZB_600103,青山纸业,造纸印刷,2.9079304
4934,2025-01-27,SZ.ZB_000978,桂林旅游,旅游酒店,2.9078007
4935,2025-01-24,SH.ZB_600848,上海临港,房地产开发,2.9077902
4936,2025-01-27,SH.KC_301138,华研精机,专用设备,2.9073238
4937,2025-01-27,SH.KC_688338,赛科希德,医疗器械,2.9073029
4938,2025-01-24,SH.ZB_603669,灵康药业,化学制药,2.907063
4939,2025-01-24,SZ.ZB_000859,国风新材,塑料制品,2.9067562
4940,2025-01-24,SZ.ZB_002777,久远银海,互联网服务,2.906306
4941,2025-01-24,SH.KC_301057,汇隆新材,化纤行业,2.9062495
4942,2025-01-27,SH.KC_688628,优利德,仪器仪表,2.9059305
4943,2025-01-27,SH.KC_300740,水羊股份,美容护理,2.9056594
4944,2025-01-27,SH.ZB_603022,新通联,包装材料,2.9054656
4945,2025-01-27,SH.KC_301592,六九一二,软件开发,2.9046507
4946,2025-01-27,SH.KC_300905,宝丽迪,塑料制品,2.9038577
4947,2025-01-27,SH.ZB_603520,司太立,化学制药,2.9035568
4948,2025-01-27,SH.ZB_600106,重庆路桥,铁路公路,2.9035285
4949,2025-01-24,SH.KC_300850,新强联,风电设备,2.903329
4950,2025-01-24,SH.ZB_603222,济民健康,化学制药,2.9027522
4951,2025-01-27,SH.ZB_600675,中华企业,房地产开发,2.9019997
4952,2025-01-24,SZ.ZB_000572,海马汽车,汽车整车,2.9019818
4953,2025-01-24,SH.KC_300185,通裕重工,风电设备,2.901931
4954,2025-01-24,SH.KC_688631,莱斯信息,软件开发,2.9014616
4955,2025-01-27,SH.ZB_600602,云赛智联,软件开发,2.9009013
4956,2025-01-27,SZ.ZB_001255,博菲电气,化学原料,2.900672
4957,2025-01-27,SH.ZB_603055,台华新材,纺织服装,2.9005601
4958,2025-01-24,SZ.ZB_000605,渤海股份,公用事业,2.9003634
4959,2025-01-27,SH.KC_688349,三一重能,风电设备,2.9000685
4960,2025-01-27,SZ.ZB_002644,佛慈制药,中药,2.8999164
4961,2025-01-24,SH.ZB_603329,上海雅仕,物流行业,2.8996766
4962,2025-01-27,SZ.ZB_002886,沃特股份,塑料制品,2.899611
4963,2025-01-27,SH.KC_688061,灿瑞科技,半导体,2.8977976
4964,2025-01-24,SH.KC_300956,英力股份,消费电子,2.8976753
4965,2025-01-24,SH.KC_301526,国际复材,玻璃玻纤,2.8959692
4966,2025-01-27,SH.ZB_601901,方正证券,证券,2.8945744
4967,2025-01-27,SZ.ZB_002668,TCL智家,家电行业,2.8942764
4968,2025-01-24,SH.ZB_603018,华设集团,工程咨询服务,2.8942585
4969,2025-01-24,SH.KC_300661,圣邦股份,半导体,2.8927147
4970,2025-01-24,SH.ZB_603567,珍宝岛,中药,2.8925896
4971,2025-01-24,SH.KC_688050,爱博医疗,医疗器械,2.8919413
4972,2025-01-27,SH.KC_688356,键凯科技,化学制药,2.8916762
4973,2025-01-24,SH.KC_300369,绿盟科技,软件开发,2.8916492
4974,2025-01-27,SZ.ZB_002139,拓邦股份,消费电子,2.8912053
4975,2025-01-27,SZ.ZB_002565,顺灏股份,包装材料,2.8896065
4976,2025-01-27,SH.ZB_600789,鲁抗医药,化学制药,2.8892682
4977,2025-01-27,SH.KC_300782,卓胜微,半导体,2.888006
4978,2025-01-24,SH.ZB_600895,张江高科,房地产开发,2.887994
4979,2025-01-24,SH.KC_688516,奥特维,光伏设备,2.8876991
4980,2025-01-27,SH.KC_300752,隆利科技,光学光电子,2.8875768
4981,2025-01-24,SH.ZB_603225,新凤鸣,化纤行业,2.887492
4982,2025-01-24,SZ.ZB_002731,萃华珠宝,珠宝首饰,2.887401
4983,2025-01-27,SH.KC_301107,瑜欣电子,通用设备,2.8871388
4984,2025-01-27,SZ.ZB_002881,美格智能,消费电子,2.8871357
4985,2025-01-27,SH.ZB_603580,艾艾精工,塑料制品,2.886322
4986,2025-01-27,SH.KC_300978,东箭科技,汽车零部件,2.8862998
4987,2025-01-24,SH.ZB_600498,烽火通信,通信设备,2.885525
4988,2025-01-27,SH.KC_688690,纳微科技,化学制药,2.885455
4989,2025-01-24,SH.KC_300346,南大光电,电子化学品,2.885285
4990,2025-01-24,SH.ZB_603612,索通发展,非金属材料,2.8851733
4991,2025-01-27,SH.ZB_603701,德宏股份,汽车零部件,2.8850703
4992,2025-01-24,SH.ZB_603191,望变电气,电网设备,2.8849812
4993,2025-01-24,SH.ZB_605007,五洲特纸,造纸印刷,2.8843834
4994,2025-01-27,SH.KC_300725,药石科技,化学制药,2.8838084
4995,2025-01-27,SH.KC_301097,天益医疗,医疗器械,2.88336
4996,2025-01-24,SH.KC_300212,易华录,互联网服务,2.883193
4997,2025-01-24,SZ.ZB_002375,亚厦股份,装修装饰,2.8828666
4998,2025-01-27,SH.KC_688230,芯导科技,半导体,2.882853
4999,2025-01-27,SH.KC_688601,力芯微,半导体,2.8826923
5000,2025-01-27,SH.ZB_600825,新华传媒,文化传媒,2.882062
5001,2025-01-27,SH.ZB_603909,建发合诚,工程咨询服务,2.8817086
5002,2025-01-27,SH.ZB_600201,生物股份,农药兽药,2.8816118
5003,2025-01-27,SZ.ZB_002649,博彦科技,互联网服务,2.881311
5004,2025-01-27,SH.KC_300928,华安鑫创,汽车零部件,2.8812065
5005,2025-01-27,SH.ZB_601066,中信建投,证券,2.8810189
5006,2025-01-24,SZ.ZB_002069,獐子岛,农牧饲渔,2.880931
5007,2025-01-27,SZ.ZB_002697,红旗连锁,商业百货,2.880709
5008,2025-01-24,SZ.ZB_000717,中南股份,钢铁行业,2.8795645
5009,2025-01-24,SH.ZB_603683,晶华新材,化学制品,2.8795018
5010,2025-01-24,SH.ZB_603255,鼎际得,化学制品,2.8794096
5011,2025-01-27,SZ.ZB_002026,山东威达,通用设备,2.878748
5012,2025-01-27,SH.ZB_603006,联明股份,汽车零部件,2.8781877
5013,2025-01-27,SZ.ZB_002126,银轮股份,汽车零部件,2.8775945
5014,2025-01-27,SH.ZB_600728,佳都科技,软件开发,2.8774233
5015,2025-01-27,SH.KC_688323,瑞华泰,塑料制品,2.8772235
5016,2025-01-27,SH.ZB_603798,康普顿,石油行业,2.8770552
5017,2025-01-27,SZ.ZB_002559,亚威股份,通用设备,2.8767138
5018,2025-01-24,SH.ZB_601100,恒立液压,工程机械,2.8763652
5019,2025-01-24,SH.ZB_600416,湘电股份,电机,2.8754518
5020,2025-01-27,SZ.ZB_002652,扬子新材,装修建材,2.874367
5021,2025-01-24,SH.ZB_603826,坤彩科技,非金属材料,2.874258
5022,2025-01-24,SH.KC_300302,同有科技,软件开发,2.8742208
5023,2025-01-24,SH.KC_688289,圣湘生物,医疗器械,2.8739944
5024,2025-01-24,SH.KC_300615,欣天科技,通信设备,2.8734848
5025,2025-01-27,SH.ZB_600567,山鹰国际,造纸印刷,2.873294
5026,2025-01-27,SH.ZB_600298,安琪酵母,食品饮料,2.87261
5027,2025-01-27,SH.KC_300768,迪普科技,软件开发,2.8722315
5028,2025-01-24,SH.KC_300603,立昂技术,通信服务,2.8720856
5029,2025-01-27,SH.KC_300512,中亚股份,专用设备,2.8718903
5030,2025-01-24,SZ.ZB_002019,亿帆医药,化学制药,2.8718338
5031,2025-01-24,SZ.ZB_002631,德尔未来,装修建材,2.8715909
5032,2025-01-24,SH.ZB_603025,大豪科技,专用设备,2.8713927
5033,2025-01-24,SZ.ZB_000596,古井贡酒,酿酒行业,2.870831
5034,2025-01-24,SH.ZB_600586,金晶科技,玻璃玻纤,2.8703704
5035,2025-01-27,SH.KC_300533,冰川网络,游戏,2.870202
5036,2025-01-27,SZ.ZB_000921,海信家电,家电行业,2.8701096
5037,2025-01-24,SH.KC_300549,优德精密,专用设备,2.8698995
5038,2025-01-24,SH.KC_300497,富祥药业,化学制药,2.8697178
5039,2025-01-27,SH.KC_688099,晶晨股份,半导体,2.8696299
5040,2025-01-24,SH.KC_300310,宜通世纪,通信服务,2.8688192
5041,2025-01-24,SH.ZB_603200,上海洗霸,环保行业,2.8685584
5042,2025-01-24,SH.KC_301321,翰博高新,光学光电子,2.8682873
5043,2025-01-24,SH.ZB_605199,葫芦娃,中药,2.8681948
5044,2025-01-27,SZ.ZB_002840,华统股份,食品饮料,2.8679729
5045,2025-01-27,SH.KC_300587,天铁科技,橡胶制品,2.8675988
5046,2025-01-27,SZ.ZB_002763,汇洁股份,纺织服装,2.8663993
5047,2025-01-27,SH.ZB_600893,航发动力,航天航空,2.8657422
5048,2025-01-27,SH.KC_300327,中颖电子,半导体,2.8648212
5049,2025-01-24,SH.KC_688383,新益昌,专用设备,2.8646693
5050,2025-01-24,SH.KC_300339,润和软件,软件开发,2.8645754
5051,2025-01-27,SZ.ZB_002725,跃岭股份,汽车零部件,2.8644397
5052,2025-01-24,SH.KC_301233,盛帮股份,橡胶制品,2.864018
5053,2025-01-24,SH.ZB_600461,洪城环境,公用事业,2.8639793
5054,2025-01-27,SH.KC_300549,优德精密,专用设备,2.8633504
5055,2025-01-27,SH.ZB_603676,卫信康,化学制药,2.862546
5056,2025-01-24,SZ.ZB_000576,甘化科工,电源设备,2.8625176
5057,2025-01-27,SH.KC_301156,美农生物,农牧饲渔,2.8617516
5058,2025-01-27,SZ.ZB_000881,中广核技,化学制品,2.8614788
5059,2025-01-27,SH.ZB_603786,科博达,汽车零部件,2.8606699
5060,2025-01-24,SH.ZB_600108,亚盛集团,农牧饲渔,2.8605132
5061,2025-01-27,SH.ZB_603093,南华期货,多元金融,2.8603554
5062,2025-01-24,SH.ZB_600694,大商股份,商业百货,2.8597965
5063,2025-01-24,SH.ZB_605138,盛泰集团,纺织服装,2.8596952
5064,2025-01-27,SH.KC_300916,朗特智能,消费电子,2.8590693
5065,2025-01-27,SH.ZB_603327,福蓉科技,消费电子,2.8590336
5066,2025-01-24,SH.ZB_601005,重庆钢铁,钢铁行业,2.8584912
5067,2025-01-27,SZ.ZB_002850,科达利,电池,2.8581798
5068,2025-01-27,SZ.ZB_001324,长青科技,交运设备,2.8578117
5069,2025-01-27,SH.ZB_600155,华创云信,证券,2.8576999
5070,2025-01-24,SZ.ZB_002696,百洋股份,农牧饲渔,2.8573604
5071,2025-01-24,SH.KC_301165,锐捷网络,通信设备,2.8573334
5072,2025-01-27,SH.ZB_600183,生益科技,电子元件,2.8573184
5073,2025-01-24,SH.KC_300499,高澜股份,专用设备,2.8572083
5074,2025-01-24,SH.KC_300413,芒果超媒,文化传媒,2.8565884
5075,2025-01-27,SH.KC_300092,科新机电,通用设备,2.856259
5076,2025-01-27,SH.KC_688575,亚辉龙,医疗器械,2.8559387
5077,2025-01-24,SH.ZB_603458,勘设股份,工程咨询服务,2.8559194
5078,2025-01-27,SZ.ZB_000922,佳电股份,电机,2.8557062
5079,2025-01-27,SH.ZB_600884,杉杉股份,电子元件,2.8553963
5080,2025-01-24,SH.ZB_600879,航天电子,航天航空,2.8550446
5081,2025-01-24,SH.KC_300975,商络电子,贸易行业,2.8544545
5082,2025-01-24,SH.KC_300002,神州泰岳,游戏,2.8543801
5083,2025-01-24,SH.KC_300708,聚灿光电,光学光电子,2.8542624
5084,2025-01-27,SH.KC_300534,陇神戎发,中药,2.8537319
5085,2025-01-27,SH.KC_300485,赛升药业,生物制品,2.8533413
5086,2025-01-24,SH.KC_300576,容大感光,电子化学品,2.8532848
5087,2025-01-27,SH.KC_300909,汇创达,光学光电子,2.852735
5088,2025-01-24,SZ.ZB_002248,华东数控,通用设备,2.8525128
5089,2025-01-24,SZ.ZB_002166,莱茵生物,中药,2.8523371
5090,2025-01-27,SH.KC_300445,康斯特,仪器仪表,2.8522074
5091,2025-01-24,SH.ZB_603063,禾望电气,风电设备,2.851735
5092,2025-01-27,SH.ZB_605399,晨光新材,化学制品,2.8506682
5093,2025-01-27,SH.KC_300644,南京聚隆,塑料制品,2.849789
5094,2025-01-24,SH.KC_301093,华兰股份,医疗器械,2.849771
5095,2025-01-27,SH.ZB_600176,中国巨石,玻璃玻纤,2.849312
5096,2025-01-27,SH.KC_688019,安集科技,电子化学品,2.8489828
5097,2025-01-24,SH.KC_301323,新莱福,塑料制品,2.8485446
5098,2025-01-24,SH.KC_301083,百胜智能,专用设备,2.8475075
5099,2025-01-24,SH.KC_301489,思泉新材,消费电子,2.8474853
5100,2025-01-24,SH.KC_300475,香农芯创,电子元件,2.8470516
5101,2025-01-27,SZ.ZB_000925,众合科技,交运设备,2.8468518
5102,2025-01-27,SZ.ZB_002212,天融信,软件开发,2.8467968
5103,2025-01-27,SH.KC_300920,润阳科技,塑料制品,2.8463454
5104,2025-01-24,SH.ZB_601615,明阳智能,风电设备,2.8459713
5105,2025-01-24,SH.ZB_605366,宏柏新材,化学制品,2.8457046
5106,2025-01-27,SZ.ZB_002073,软控股份,专用设备,2.8444216
5107,2025-01-27,SZ.ZB_002971,和远气体,化学制品,2.84414
5108,2025-01-24,SH.KC_300737,科顺股份,装修建材,2.843967
5109,2025-01-24,SZ.ZB_002314,南山控股,房地产开发,2.8434725
5110,2025-01-27,SH.ZB_601326,秦港股份,航运港口,2.8434336
5111,2025-01-24,SH.ZB_603678,火炬电子,电子元件,2.8434024
5112,2025-01-27,SH.ZB_603324,盛剑科技,环保行业,2.8431907
5113,2025-01-27,SH.KC_688366,昊海生科,医疗器械,2.8424397
5114,2025-01-24,SH.KC_300315,掌趣科技,游戏,2.8418348
5115,2025-01-24,SH.ZB_601996,丰林集团,装修建材,2.8415337
5116,2025-01-27,SH.KC_300369,绿盟科技,软件开发,2.8415322
5117,2025-01-27,SZ.ZB_000069,华侨城Ａ,房地产开发,2.841404
5118,2025-01-27,SZ.ZB_000517,荣安地产,房地产开发,2.841358
5119,2025-01-24,SH.ZB_603098,森特股份,工程建设,2.8406262
5120,2025-01-24,SH.KC_300552,万集科技,软件开发,2.8402283
5121,2025-01-27,SH.ZB_600853,龙建股份,工程建设,2.8397262
5122,2025-01-24,SH.KC_300363,博腾股份,化学制药,2.8394446
5123,2025-01-27,SZ.ZB_001210,金房能源,公用事业,2.8386846
5124,2025-01-24,SH.ZB_600975,新五丰,农牧饲渔,2.8382154
5125,2025-01-27,SZ.ZB_000620,新华联,房地产开发,2.8372571
5126,2025-01-27,SH.KC_300743,天地数码,非金属材料,2.8366776
5127,2025-01-27,SH.KC_301378,通达海,软件开发,2.835402
5128,2025-01-27,SH.KC_688039,当虹科技,互联网服务,2.8350472
5129,2025-01-27,SH.KC_300008,天海防务,船舶制造,2.8348267
5130,2025-01-27,SH.KC_300505,川金诺,化肥行业,2.8347998
5131,2025-01-27,SZ.ZB_002837,英维克,专用设备,2.8347538
5132,2025-01-24,SH.KC_688550,瑞联新材,电子化学品,2.8347194
5133,2025-01-27,SH.ZB_600618,氯碱化工,化学原料,2.8327823
5134,2025-01-27,SZ.ZB_002963,豪尔赛,装修装饰,2.8325558
5135,2025-01-27,SZ.ZB_002966,苏州银行,银行,2.832243
5136,2025-01-27,SH.KC_688718,唯赛勃,专用设备,2.8321683
5137,2025-01-27,SH.KC_688506,百利天恒-U,生物制品,2.831802
5138,2025-01-24,SZ.ZB_002192,融捷股份,能源金属,2.8314962
5139,2025-01-24,SH.KC_300717,华信新材,塑料制品,2.831255
5140,2025-01-27,SH.ZB_601068,中铝国际,工程建设,2.8306558
5141,2025-01-27,SZ.ZB_002653,海思科,化学制药,2.8296828
5142,2025-01-24,SH.ZB_603213,镇洋发展,化学原料,2.8291821
5143,2025-01-24,SH.ZB_600110,诺德股份,电池,2.8284416
5144,2025-01-24,SH.KC_300686,智动力,消费电子,2.8280377
5145,2025-01-24,SH.ZB_600222,太龙药业,中药,2.8279767
5146,2025-01-27,SH.KC_300575,中旗股份,农药兽药,2.8278246
5147,2025-01-24,SH.ZB_601969,海南矿业,钢铁行业,2.827628
5148,2025-01-24,SH.ZB_600979,广安爱众,电力行业,2.8274968
5149,2025-01-24,SZ.ZB_002377,国创高新,化学制品,2.8273046
5150,2025-01-27,SH.ZB_603179,新泉股份,汽车零部件,2.8265805
5151,2025-01-24,SH.KC_300443,金雷股份,风电设备,2.8262198
5152,2025-01-24,SH.ZB_600378,昊华科技,化学制品,2.8261125
5153,2025-01-27,SH.ZB_601002,晋亿实业,通用设备,2.825813
5154,2025-01-27,SH.KC_300140,节能环境,环保行业,2.82543
5155,2025-01-24,SZ.ZB_000988,华工科技,电子元件,2.8252215
5156,2025-01-24,SZ.ZB_001979,招商蛇口,房地产开发,2.8247728
5157,2025-01-27,SH.ZB_603933,睿能科技,半导体,2.824697
5158,2025-01-27,SZ.ZB_002873,新天药业,中药,2.8246493
5159,2025-01-27,SZ.ZB_002885,京泉华,消费电子,2.8237536
5160,2025-01-27,SH.KC_301233,盛帮股份,橡胶制品,2.823451
5161,2025-01-27,SH.KC_301032,新柴股份,通用设备,2.8225212
5162,2025-01-27,SZ.ZB_002262,恩华药业,化学制药,2.8220594
5163,2025-01-27,SH.KC_300791,仙乐健康,食品饮料,2.821937
5164,2025-01-27,SH.ZB_603379,三美股份,化学制品,2.8217702
5165,2025-01-27,SH.ZB_600717,天津港,航运港口,2.821736
5166,2025-01-27,SH.KC_688248,南网科技,电网设备,2.8212116
5167,2025-01-27,SH.ZB_600527,江南高纤,化纤行业,2.8211384
5168,2025-01-27,SH.KC_301386,未来电器,电源设备,2.8211026
5169,2025-01-24,SH.KC_300983,尤安设计,工程咨询服务,2.821046
5170,2025-01-27,SH.KC_688002,睿创微纳,半导体,2.820489
5171,2025-01-24,SH.KC_300240,飞力达,物流行业,2.8202057
5172,2025-01-24,SZ.ZB_000066,中国长城,计算机设备,2.8200462
5173,2025-01-24,SZ.ZB_002955,鸿合科技,光学光电子,2.8198867
5174,2025-01-27,SH.ZB_603290,斯达半导,半导体,2.8196125
5175,2025-01-24,SH.ZB_603058,永吉股份,造纸印刷,2.8194726
5176,2025-01-24,SH.ZB_603212,赛伍技术,光伏设备,2.819462
5177,2025-01-27,SH.KC_301387,光大同创,消费电子,2.818942
5178,2025-01-27,SH.ZB_600993,马应龙,中药,2.8186827
5179,2025-01-24,SZ.ZB_002223,鱼跃医疗,医疗器械,2.8181195
5180,2025-01-24,SH.ZB_601828,美凯龙,商业百货,2.8173566
5181,2025-01-24,SH.ZB_600511,国药股份,医药商业,2.8171806
5182,2025-01-27,SZ.ZB_002646,天佑德酒,酿酒行业,2.8170183
5183,2025-01-24,SH.KC_688368,晶丰明源,半导体,2.8168545
5184,2025-01-24,SH.KC_688238,和元生物,医疗服务,2.816783
5185,2025-01-24,SH.ZB_601068,中铝国际,工程建设,2.816628
5186,2025-01-27,SH.ZB_601138,工业富联,消费电子,2.8161764
5187,2025-01-24,SH.ZB_600678,四川金顶,水泥建材,2.8156385
5188,2025-01-24,SZ.ZB_002918,蒙娜丽莎,装修建材,2.815415
5189,2025-01-27,SH.ZB_600208,衢州发展,房地产开发,2.8152823
5190,2025-01-27,SH.ZB_600293,三峡新材,玻璃玻纤,2.8152778
5191,2025-01-24,SZ.ZB_000965,天保基建,房地产开发,2.81505
5192,2025-01-24,SZ.ZB_002301,齐心集团,家用轻工,2.814053
5193,2025-01-24,SH.KC_688633,星球石墨,专用设备,2.8139977
5194,2025-01-24,SH.ZB_603605,珀莱雅,美容护理,2.8137698
5195,2025-01-24,SZ.ZB_002486,嘉麟杰,纺织服装,2.812873
5196,2025-01-27,SH.ZB_600030,中信证券,证券,2.8128476
5197,2025-01-24,SH.KC_300073,当升科技,电池,2.8123245
5198,2025-01-24,SH.KC_688425,铁建重工,工程机械,2.8123095
5199,2025-01-27,SZ.ZB_002869,金溢科技,电子元件,2.8123066
5200,2025-01-27,SH.KC_301060,兰卫医学,医疗器械,2.812095
5201,2025-01-27,SZ.ZB_002709,天赐材料,化学制品,2.8119712
5202,2025-01-27,SH.ZB_605580,恒盛能源,电力行业,2.8119445
5203,2025-01-27,SH.KC_300236,上海新阳,电子化学品,2.8111353
5204,2025-01-27,SZ.ZB_002889,东方嘉盛,物流行业,2.8111324
5205,2025-01-24,SH.KC_688215,瑞晟智能,专用设备,2.8107657
5206,2025-01-24,SH.KC_301355,南王科技,造纸印刷,2.8104544
5207,2025-01-27,SH.ZB_603188,亚邦股份,化学制品,2.810131
5208,2025-01-24,SH.KC_688525,佰维存储,半导体,2.8093905
5209,2025-01-24,SH.ZB_601882,海天精工,通用设备,2.8090074
5210,2025-01-27,SH.ZB_601878,浙商证券,证券,2.8088927
5211,2025-01-24,SH.KC_300201,海伦哲,工程机械,2.8088853
5212,2025-01-27,SH.ZB_600682,南京新百,商业百货,2.8079405
5213,2025-01-24,SH.ZB_600666,奥瑞德,光学光电子,2.8072252
5214,2025-01-27,SH.KC_301293,三博脑科,医疗服务,2.806869
5215,2025-01-27,SH.KC_688391,钜泉科技,半导体,2.8065965
5216,2025-01-27,SH.KC_300828,锐新科技,有色金属,2.8063326
5217,2025-01-27,SH.ZB_603260,合盛硅业,非金属材料,2.8063
5218,2025-01-24,SH.KC_300358,楚天科技,医疗器械,2.8059483
5219,2025-01-24,SH.KC_300109,新开源,化学制品,2.8053448
5220,2025-01-24,SZ.ZB_000756,新华制药,化学制药,2.8053389
5221,2025-01-24,SH.ZB_603122,合富中国,医药商业,2.804561
5222,2025-01-27,SH.ZB_603229,奥翔药业,化学制药,2.8042078
5223,2025-01-24,SH.KC_301237,和顺科技,塑料制品,2.804099
5224,2025-01-27,SH.KC_688702,盛科通信-U,半导体,2.8038428
5225,2025-01-24,SH.KC_300566,激智科技,光学光电子,2.803415
5226,2025-01-27,SZ.ZB_000049,德赛电池,电池,2.8032808
5227,2025-01-24,SZ.ZB_000888,峨眉山Ａ,旅游酒店,2.8028474
5228,2025-01-27,SH.ZB_605183,确成股份,橡胶制品,2.8021262
5229,2025-01-24,SH.KC_688578,艾力斯,化学制药,2.8019235
5230,2025-01-24,SZ.ZB_000428,华天酒店,旅游酒店,2.80108
5231,2025-01-27,SZ.ZB_002469,三维化学,化学原料,2.8009698
5232,2025-01-27,SH.KC_301505,苏州规划,工程咨询服务,2.8008475
5233,2025-01-27,SZ.ZB_002535,林州重机,专用设备,2.7991176
5234,2025-01-24,SZ.ZB_000402,金 融 街,房地产开发,2.7989597
5235,2025-01-24,SH.KC_301188,力诺药包,玻璃玻纤,2.798587
5236,2025-01-27,SH.KC_688268,华特气体,电子化学品,2.7985797
5237,2025-01-24,SH.ZB_605305,中际联合,风电设备,2.7985528
5238,2025-01-27,SH.KC_300389,艾比森,光学光电子,2.7982922
5239,2025-01-24,SH.ZB_601399,国机重装,专用设备,2.7981102
5240,2025-01-24,SH.KC_301328,维峰电子,电子元件,2.7979627
5241,2025-01-27,SH.ZB_601399,国机重装,专用设备,2.797705
5242,2025-01-27,SH.ZB_603801,志邦家居,装修建材,2.7972116
5243,2025-01-24,SH.KC_301331,恩威医药,中药,2.797179
5244,2025-01-27,SH.ZB_601718,际华集团,纺织服装,2.7971716
5245,2025-01-24,SH.KC_301568,思泰克,专用设备,2.7969332
5246,2025-01-27,SH.ZB_605298,必得科技,交运设备,2.7967618
5247,2025-01-24,SZ.ZB_002549,凯美特气,化学制品,2.796638
5248,2025-01-27,SH.ZB_600886,国投电力,电力行业,2.7965531
5249,2025-01-24,SZ.ZB_002848,高斯贝尔,家电行业,2.7961075
5250,2025-01-27,SH.KC_301317,鑫磊股份,通用设备,2.7949915
5251,2025-01-24,SH.ZB_600518,康美药业,中药,2.7945967
5252,2025-01-24,SH.KC_300833,浩洋股份,专用设备,2.793473
5253,2025-01-27,SH.ZB_603900,莱绅通灵,珠宝首饰,2.7933092
5254,2025-01-24,SH.ZB_600343,航天动力,专用设备,2.793008
5255,2025-01-27,SH.ZB_603721,中广天择,文化传媒,2.7926505
5256,2025-01-27,SZ.ZB_000686,东北证券,证券,2.7922466
5257,2025-01-27,SH.ZB_600227,赤天化,化肥行业,2.7921052
5258,2025-01-24,SH.ZB_603488,展鹏科技,专用设备,2.7918756
5259,2025-01-24,SZ.ZB_000565,渝三峡Ａ,化学制品,2.791755
5260,2025-01-24,SH.KC_688387,信科移动-U,通信设备,2.79122
5261,2025-01-27,SZ.ZB_001288,运机集团,工程机械,2.7910142
5262,2025-01-24,SH.KC_688251,井松智能,通用设备,2.7909875
5263,2025-01-27,SZ.ZB_002756,永兴材料,钢铁行业,2.7899027
5264,2025-01-27,SH.KC_688161,威高骨科,医疗器械,2.7893975
5265,2025-01-24,SZ.ZB_002421,达实智能,软件开发,2.7893648
5266,2025-01-27,SH.KC_301237,和顺科技,塑料制品,2.7891011
5267,2025-01-24,SH.KC_300377,赢时胜,软件开发,2.7885346
5268,2025-01-27,SH.ZB_603501,韦尔股份,半导体,2.7882605
5269,2025-01-24,SH.KC_688553,汇宇制药-W,化学制药,2.787839
5270,2025-01-27,SH.KC_688325,赛微微电,半导体,2.7861834
5271,2025-01-27,SZ.ZB_002728,特一药业,中药,2.7856991
5272,2025-01-27,SH.ZB_600406,国电南瑞,电网设备,2.7855575
5273,2025-01-24,SH.ZB_600730,中国高科,教育,2.7847126
5274,2025-01-24,SH.ZB_601816,京沪高铁,铁路公路,2.784422
5275,2025-01-24,SZ.ZB_000970,中科三环,小金属,2.7834563
5276,2025-01-27,SZ.ZB_000528,柳    工,工程机械,2.7817159
5277,2025-01-24,SH.KC_301136,招标股份,工程咨询服务,2.7816117
5278,2025-01-24,SZ.ZB_000639,西王食品,食品饮料,2.7810187
5279,2025-01-27,SZ.ZB_002055,得润电子,消费电子,2.7809634
5280,2025-01-24,SH.KC_300773,拉卡拉,软件开发,2.7806447
5281,2025-01-24,SH.KC_688310,迈得医疗,专用设备,2.7803495
5282,2025-01-27,SZ.ZB_002553,南方精工,汽车零部件,2.7803361
5283,2025-01-24,SZ.ZB_000831,中国稀土,小金属,2.7796223
5284,2025-01-24,SH.ZB_600429,三元股份,食品饮料,2.7793913
5285,2025-01-24,SH.KC_300899,上海凯鑫,环保行业,2.7789712
5286,2025-01-27,SH.ZB_603081,大丰实业,专用设备,2.7782679
5287,2025-01-27,SH.KC_688468,科美诊断,医疗器械,2.7782083
5288,2025-01-24,SH.KC_301105,鸿铭股份,专用设备,2.77818
5289,2025-01-24,SH.KC_300136,信维通信,消费电子,2.777928
5290,2025-01-24,SH.ZB_600350,山东高速,铁路公路,2.7778997
5291,2025-01-27,SZ.ZB_002146,荣盛发展,房地产开发,2.7767704
5292,2025-01-24,SH.KC_300611,美力科技,汽车零部件,2.776666
5293,2025-01-24,SH.KC_688060,云涌科技,软件开发,2.7763858
5294,2025-01-24,SH.KC_300289,利德曼,医疗器械,2.7751565
5295,2025-01-27,SH.KC_301090,华润材料,化学原料,2.7750359
5296,2025-01-27,SH.ZB_600369,西南证券,证券,2.774857
5297,2025-01-24,SH.ZB_603040,新坐标,汽车零部件,2.7747974
5298,2025-01-27,SH.ZB_600157,永泰能源,电力行业,2.7747512
5299,2025-01-24,SZ.ZB_000566,海南海药,化学制药,2.7736635
5300,2025-01-24,SH.ZB_600792,云煤能源,煤炭行业,2.773492
5301,2025-01-24,SZ.ZB_002801,微光股份,电机,2.7732
5302,2025-01-24,SH.KC_300547,川环科技,橡胶制品,2.7730718
5303,2025-01-24,SH.KC_301369,联动科技,半导体,2.7727113
5304,2025-01-27,SH.ZB_603353,和顺石油,石油行业,2.772686
5305,2025-01-27,SZ.ZB_002174,游族网络,游戏,2.7726622
5306,2025-01-24,SH.ZB_603345,安井食品,食品饮料,2.7724981
5307,2025-01-24,SZ.ZB_002663,普邦股份,工程建设,2.772151
5308,2025-01-24,SH.ZB_600216,浙江医药,化学制药,2.7720108
5309,2025-01-24,SH.ZB_603586,金麒麟,汽车零部件,2.7716055
5310,2025-01-24,SH.KC_300877,金春股份,纺织服装,2.7715847
5311,2025-01-27,SH.KC_688168,安博通,软件开发,2.771236
5312,2025-01-27,SH.ZB_600765,中航重机,航天航空,2.7709067
5313,2025-01-24,SH.KC_300759,康龙化成,医疗服务,2.7706206
5314,2025-01-27,SH.KC_688111,金山办公,软件开发,2.770433
5315,2025-01-24,SH.ZB_603970,中农立华,农药兽药,2.7698324
5316,2025-01-27,SZ.ZB_002301,齐心集团,家用轻工,2.769427
5317,2025-01-27,SZ.ZB_000722,湖南发展,电力行业,2.7688444
5318,2025-01-27,SZ.ZB_002230,科大讯飞,软件开发,2.768378
5319,2025-01-24,SH.KC_300689,澄天伟业,通信设备,2.7680845
5320,2025-01-27,SZ.ZB_002241,歌尔股份,消费电子,2.7680218
5321,2025-01-24,SH.KC_301002,崧盛股份,电网设备,2.7679682
5322,2025-01-24,SH.ZB_600029,南方航空,航空机场,2.7676225
5323,2025-01-24,SH.KC_300111,向日葵,化学制药,2.767594
5324,2025-01-24,SH.KC_688348,昱能科技,光伏设备,2.767542
5325,2025-01-24,SZ.ZB_001201,东瑞股份,农牧饲渔,2.7661653
5326,2025-01-27,SH.ZB_603369,今世缘,酿酒行业,2.765432
5327,2025-01-27,SH.KC_300976,达瑞电子,消费电子,2.7647285
5328,2025-01-27,SZ.ZB_000402,金 融 街,房地产开发,2.7644038
5329,2025-01-27,SH.KC_688078,龙软科技,软件开发,2.764401
5330,2025-01-24,SH.ZB_600729,重庆百货,商业百货,2.7643814
5331,2025-01-24,SH.ZB_603176,汇通集团,工程建设,2.7642698
5332,2025-01-24,SH.ZB_600893,航发动力,航天航空,2.7641506
5333,2025-01-24,SZ.ZB_000028,国药一致,医药商业,2.7638764
5334,2025-01-24,SH.ZB_600834,申通地铁,铁路公路,2.763784
5335,2025-01-24,SH.KC_300440,运达科技,互联网服务,2.7637303
5336,2025-01-24,SH.KC_301320,豪江智能,电子元件,2.7636423
5337,2025-01-24,SZ.ZB_002838,道恩股份,塑料制品,2.7633085
5338,2025-01-27,SH.KC_688510,航亚科技,航天航空,2.7630732
5339,2025-01-27,SH.ZB_603279,景津装备,专用设备,2.762921
5340,2025-01-24,SH.KC_688198,佰仁医疗,医疗器械,2.7626023
5341,2025-01-27,SH.ZB_605166,聚合顺,化学制品,2.7621775
5342,2025-01-24,SH.ZB_603860,中公高科,工程咨询服务,2.7621522
5343,2025-01-24,SH.ZB_603385,惠达卫浴,装修装饰,2.7617826
5344,2025-01-24,SH.KC_688220,翱捷科技-U,半导体,2.761595
5345,2025-01-27,SH.KC_688129,东来技术,化学制品,2.7612834
5346,2025-01-24,SH.KC_301181,标榜股份,汽车零部件,2.761279
5347,2025-01-27,SH.ZB_601137,博威合金,有色金属,2.7608485
5348,2025-01-27,SZ.ZB_002955,鸿合科技,光学光电子,2.7602077
5349,2025-01-27,SZ.ZB_002419,天虹股份,商业百货,2.7573333
5350,2025-01-27,SH.ZB_603266,天龙股份,塑料制品,2.7571142
5351,2025-01-24,SZ.ZB_002474,榕基软件,互联网服务,2.7568073
5352,2025-01-24,SH.KC_300045,华力创通,计算机设备,2.755934
5353,2025-01-24,SH.KC_300390,天华新能,能源金属,2.7558775
5354,2025-01-24,SH.ZB_603223,恒通股份,物流行业,2.7555199
5355,2025-01-24,SZ.ZB_002271,东方雨虹,装修建材,2.7550771
5356,2025-01-27,SH.KC_301218,华是科技,软件开发,2.7545645
5357,2025-01-24,SH.ZB_600078,澄星股份,化肥行业,2.754499
5358,2025-01-27,SH.KC_688479,友车科技,汽车服务,2.7541518
5359,2025-01-27,SH.ZB_601279,英利汽车,汽车零部件,2.754137
5360,2025-01-27,SH.KC_300079,数码视讯,互联网服务,2.7538464
5361,2025-01-24,SH.KC_688687,凯因科技,生物制品,2.7537556
5362,2025-01-24,SH.ZB_603313,梦百合,装修建材,2.753374
5363,2025-01-27,SZ.ZB_002736,国信证券,证券,2.753231
5364,2025-01-27,SH.KC_300642,透景生命,医疗器械,2.7530134
5365,2025-01-24,SH.KC_300324,旋极信息,互联网服务,2.7529864
5366,2025-01-27,SZ.ZB_002042,华孚时尚,纺织服装,2.7529404
5367,2025-01-24,SZ.ZB_002923,润都股份,化学制药,2.7527392
5368,2025-01-24,SH.KC_300037,新宙邦,电池,2.7526186
5369,2025-01-24,SH.KC_688395,正弦电气,电机,2.7522326
5370,2025-01-24,SH.KC_688041,海光信息,半导体,2.7522013
5371,2025-01-24,SH.KC_688286,敏芯股份,半导体,2.7510657
5372,2025-01-24,SH.ZB_605399,晨光新材,化学制品,2.7507617
5373,2025-01-24,SH.ZB_605500,森林包装,造纸印刷,2.7498932
5374,2025-01-27,SZ.ZB_002270,华明装备,电网设备,2.7496264
5375,2025-01-27,SH.ZB_600221,海航控股,航空机场,2.749367
5376,2025-01-24,SH.KC_301606,绿联科技,消费电子,2.7490644
5377,2025-01-27,SZ.ZB_003018,金富科技,塑料制品,2.7486057
5378,2025-01-24,SH.KC_301226,祥明智能,电机,2.7485297
5379,2025-01-27,SH.KC_301093,华兰股份,医疗器械,2.7481213
5380,2025-01-24,SH.KC_301257,普蕊斯,医疗服务,2.7469501
5381,2025-01-27,SH.ZB_603122,合富中国,医药商业,2.7468548
5382,2025-01-24,SH.ZB_600684,珠江股份,房地产服务,2.7467875
5383,2025-01-24,SH.KC_300869,康泰医学,医疗器械,2.7466714
5384,2025-01-24,SH.KC_300980,祥源新材,塑料制品,2.7465358
5385,2025-01-27,SH.KC_688210,统联精密,电子元件,2.746357
5386,2025-01-27,SH.KC_300234,开尔新材,装修建材,2.7462437
5387,2025-01-27,SH.KC_301256,华融化学,化学原料,2.7458847
5388,2025-01-27,SZ.ZB_000751,锌业股份,有色金属,2.7456417
5389,2025-01-27,SZ.ZB_002724,海洋王,电子元件,2.7455077
5390,2025-01-27,SH.KC_688376,美埃科技,环保行业,2.7452588
5391,2025-01-27,SZ.ZB_003038,鑫铂股份,有色金属,2.7445123
5392,2025-01-24,SZ.ZB_002472,双环传动,汽车零部件,2.744241
5393,2025-01-27,SZ.ZB_000967,盈峰环境,环保行业,2.7437315
5394,2025-01-27,SH.ZB_603168,莎普爱思,化学制药,2.7431936
5395,2025-01-27,SZ.ZB_002500,山西证券,证券,2.7427897
5396,2025-01-27,SZ.ZB_002074,国轩高科,电池,2.742754
5397,2025-01-27,SH.ZB_603338,浙江鼎力,工程机械,2.7419493
5398,2025-01-27,SH.KC_301273,瑞晨环保,通用设备,2.7417989
5399,2025-01-24,SH.KC_300421,力星股份,通用设备,2.741684
5400,2025-01-27,SH.KC_300398,飞凯材料,电子化学品,2.741237
5401,2025-01-27,SH.KC_688347,华虹公司,半导体,2.7410536
5402,2025-01-27,SH.KC_300705,九典制药,化学制药,2.7409508
5403,2025-01-24,SH.KC_301286,侨源股份,化学原料,2.740556
5404,2025-01-27,SZ.ZB_002871,伟隆股份,通用设备,2.7404442
5405,2025-01-24,SH.KC_301488,豪恩汽电,汽车零部件,2.7400627
5406,2025-01-24,SZ.ZB_002129,TCL中环,光伏设备,2.7400599
5407,2025-01-27,SH.KC_300627,华测导航,通信设备,2.7400584
5408,2025-01-27,SH.KC_300441,鲍斯股份,通用设备,2.7400494
5409,2025-01-27,SZ.ZB_001234,泰慕士,纺织服装,2.7398527
5410,2025-01-24,SH.KC_300845,捷安高科,软件开发,2.7397454
5411,2025-01-27,SZ.ZB_002172,澳洋健康,医疗服务,2.738972
5412,2025-01-27,SH.KC_301083,百胜智能,专用设备,2.7382464
5413,2025-01-27,SH.ZB_603045,福达合金,有色金属,2.7380884
5414,2025-01-24,SH.KC_300565,科信技术,通信设备,2.7380095
5415,2025-01-24,SH.KC_301335,天元宠物,家用轻工,2.7378962
5416,2025-01-27,SH.ZB_603161,科华控股,汽车零部件,2.7375624
5417,2025-01-27,SZ.ZB_000927,中国铁物,物流行业,2.7374506
5418,2025-01-24,SH.ZB_600533,栖霞建设,房地产开发,2.7374074
5419,2025-01-27,SH.ZB_603601,再升科技,玻璃玻纤,2.7372746
5420,2025-01-27,SZ.ZB_002818,富森美,商业百货,2.736722
5421,2025-01-27,SH.ZB_600992,贵绳股份,通用设备,2.7366624
5422,2025-01-24,SZ.ZB_000069,华侨城Ａ,房地产开发,2.7365878
5423,2025-01-27,SZ.ZB_000505,京粮控股,农牧饲渔,2.7361512
5424,2025-01-27,SH.ZB_600418,江淮汽车,汽车整车,2.736032
5425,2025-01-27,SH.ZB_601512,中新集团,房地产开发,2.7353718
5426,2025-01-27,SH.ZB_603218,日月股份,风电设备,2.735181
5427,2025-01-24,SH.KC_301077,星华新材,化学制品,2.735004
5428,2025-01-24,SH.ZB_601798,蓝科高新,专用设备,2.734895
5429,2025-01-27,SH.ZB_601918,新集能源,煤炭行业,2.7347775
5430,2025-01-27,SH.ZB_603208,江山欧派,装修建材,2.734354
5431,2025-01-27,SZ.ZB_002607,中公教育,教育,2.7340963
5432,2025-01-27,SH.KC_301377,鼎泰高科,通用设备,2.733822
5433,2025-01-27,SZ.ZB_002947,恒铭达,消费电子,2.7326002
5434,2025-01-27,SH.KC_301282,金禄电子,电子元件,2.7312682
5435,2025-01-24,SH.ZB_600331,宏达股份,有色金属,2.730742
5436,2025-01-24,SH.KC_688061,灿瑞科技,半导体,2.7303205
5437,2025-01-27,SZ.ZB_002497,雅化集团,化学制品,2.7284026
5438,2025-01-27,SZ.ZB_002429,兆驰股份,家电行业,2.727537
5439,2025-01-27,SH.ZB_600436,片仔癀,中药,2.7267873
5440,2025-01-24,SZ.ZB_000651,格力电器,家电行业,2.7264879
5441,2025-01-24,SH.ZB_601928,凤凰传媒,文化传媒,2.7262182
5442,2025-01-27,SH.ZB_600861,北京人力,专业服务,2.7259932
5443,2025-01-27,SZ.ZB_000850,华茂股份,纺织服装,2.7259855
5444,2025-01-27,SH.KC_300304,云意电气,汽车零部件,2.7258248
5445,2025-01-24,SH.KC_301505,苏州规划,工程咨询服务,2.725789
5446,2025-01-27,SH.KC_300303,聚飞光电,光学光电子,2.7257338
5447,2025-01-24,SH.ZB_600310,广西能源,电力行业,2.7250676
5448,2025-01-24,SH.KC_300067,安诺其,化学制品,2.7250543
5449,2025-01-27,SH.ZB_603025,大豪科技,专用设备,2.725008
5450,2025-01-24,SH.KC_301176,逸豪新材,电子元件,2.7247934
5451,2025-01-24,SH.ZB_603439,贵州三力,中药,2.7245924
5452,2025-01-27,SH.KC_688015,交控科技,交运设备,2.7240753
5453,2025-01-27,SZ.ZB_002442,龙星科技,橡胶制品,2.7239964
5454,2025-01-24,SH.KC_688678,福立旺,消费电子,2.7239337
5455,2025-01-27,SH.ZB_600335,国机汽车,汽车服务,2.7236924
5456,2025-01-27,SH.KC_688799,华纳药厂,化学制药,2.7233586
5457,2025-01-27,SZ.ZB_002032,苏 泊 尔,家电行业,2.723223
5458,2025-01-27,SH.KC_300658,延江股份,美容护理,2.7229354
5459,2025-01-27,SH.ZB_600207,安彩高科,光伏设备,2.722454
5460,2025-01-27,SZ.ZB_001216,华瓷股份,装修建材,2.7217999
5461,2025-01-24,SZ.ZB_000911,广农糖业,食品饮料,2.7214124
5462,2025-01-24,SH.KC_301098,金埔园林,工程建设,2.721329
5463,2025-01-27,SH.ZB_603903,中持股份,环保行业,2.7210786
5464,2025-01-24,SH.KC_300943,春晖智控,通用设备,2.721031
5465,2025-01-24,SZ.ZB_000922,佳电股份,电机,2.720362
5466,2025-01-24,SH.KC_688607,康众医疗,医疗器械,2.720137
5467,2025-01-24,SH.KC_300675,建科院,工程咨询服务,2.720101
5468,2025-01-27,SH.KC_300320,海达股份,橡胶制品,2.719991
5469,2025-01-24,SH.ZB_603335,迪生力,汽车零部件,2.7199416
5470,2025-01-27,SZ.ZB_002590,万安科技,汽车零部件,2.7197003
5471,2025-01-27,SH.KC_301363,美好医疗,医疗器械,2.7183578
5472,2025-01-24,SH.ZB_600736,苏州高新,房地产开发,2.7180223
5473,2025-01-24,SH.KC_300234,开尔新材,装修建材,2.717826
5474,2025-01-24,SH.KC_300213,佳讯飞鸿,通信设备,2.7175844
5475,2025-01-27,SZ.ZB_002467,二六三,通信服务,2.7175546
5476,2025-01-24,SH.KC_688630,芯碁微装,专用设备,2.7174501
5477,2025-01-24,SZ.ZB_002148,北纬科技,通信服务,2.7169437
5478,2025-01-27,SH.KC_688455,科捷智能,通用设备,2.7167737
5479,2025-01-24,SH.KC_688063,派能科技,电池,2.7165504
5480,2025-01-27,SH.ZB_601218,吉鑫科技,风电设备,2.716413
5481,2025-01-24,SH.ZB_600561,江西长运,铁路公路,2.7160466
5482,2025-01-24,SH.KC_688718,唯赛勃,专用设备,2.715607
5483,2025-01-24,SZ.ZB_002246,北化股份,化学制品,2.7152882
5484,2025-01-24,SH.KC_300114,中航电测,航天航空,2.714783
5485,2025-01-27,SH.KC_300915,海融科技,食品饮料,2.7138293
5486,2025-01-27,SH.KC_301099,雅创电子,贸易行业,2.713652
5487,2025-01-27,SZ.ZB_000885,城发环境,环保行业,2.7135923
5488,2025-01-24,SH.KC_688217,睿昂基因,医疗器械,2.713202
5489,2025-01-24,SH.ZB_603118,共进股份,通信设备,2.7130828
5490,2025-01-24,SH.ZB_603358,华达科技,汽车零部件,2.7130618
5491,2025-01-24,SH.ZB_603766,隆鑫通用,交运设备,2.7123795
5492,2025-01-27,SZ.ZB_002913,奥士康,电子元件,2.7123616
5493,2025-01-24,SZ.ZB_000401,冀东水泥,水泥建材,2.711624
5494,2025-01-27,SH.KC_301096,百诚医药,医疗服务,2.711618
5495,2025-01-24,SH.ZB_600796,钱江生化,环保行业,2.7111397
5496,2025-01-27,SH.KC_300371,汇中股份,仪器仪表,2.7110605
5497,2025-01-27,SZ.ZB_002093,国脉科技,通信服务,2.7110085
5498,2025-01-27,SH.KC_688663,新风光,电网设备,2.7109907
5499,2025-01-27,SH.ZB_600235,民丰特纸,造纸印刷,2.7109041
5500,2025-01-24,SZ.ZB_002076,星光股份,家电行业,2.710569
5501,2025-01-24,SZ.ZB_002966,苏州银行,银行,2.7101622
5502,2025-01-27,SH.ZB_603075,热威股份,家电行业,2.709219
5503,2025-01-24,SH.KC_688619,罗普特,互联网服务,2.7090445
5504,2025-01-27,SZ.ZB_001256,炜冈科技,专用设备,2.7083292
5505,2025-01-24,SH.ZB_600662,外服控股,专业服务,2.7082562
5506,2025-01-27,SH.KC_301589,诺瓦星云,计算机设备,2.7077703
5507,2025-01-24,SH.KC_300049,福瑞股份,医疗器械,2.707325
5508,2025-01-27,SZ.ZB_000523,红棉股份,食品饮料,2.707316
5509,2025-01-24,SH.ZB_600085,同仁堂,中药,2.7071714
5510,2025-01-27,SZ.ZB_003009,中天火箭,航天航空,2.707143
5511,2025-01-24,SH.KC_688676,金盘科技,电网设备,2.7068496
5512,2025-01-24,SH.KC_301603,乔锋智能,通用设备,2.7064278
5513,2025-01-24,SH.KC_688283,坤恒顺维,专用设备,2.7063994
5514,2025-01-27,SH.KC_300906,日月明,交运设备,2.706182
5515,2025-01-27,SZ.ZB_000755,山西高速,铁路公路,2.705978
5516,2025-01-27,SH.ZB_603069,海汽集团,铁路公路,2.7056887
5517,2025-01-27,SH.ZB_603998,方盛制药,中药,2.7056546
5518,2025-01-27,SZ.ZB_000713,丰乐种业,农牧饲渔,2.7053118
5519,2025-01-24,SH.KC_301163,宏德股份,风电设备,2.7050762
5520,2025-01-24,SH.KC_688332,中科蓝讯,半导体,2.7047992
5521,2025-01-27,SH.ZB_600378,昊华科技,化学制品,2.7040095
5522,2025-01-27,SH.KC_688335,复洁环保,环保行业,2.703172
5523,2025-01-27,SH.ZB_603607,京华激光,造纸印刷,2.702862
5524,2025-01-24,SZ.ZB_002553,南方精工,汽车零部件,2.702579
5525,2025-01-24,SZ.ZB_000504,南华生物,医疗服务,2.7013228
5526,2025-01-24,SH.ZB_605003,众望布艺,纺织服装,2.7009516
5527,2025-01-27,SH.KC_688011,新光光电,光学光电子,2.700591
5528,2025-01-24,SZ.ZB_000862,银星能源,电力行业,2.7003975
5529,2025-01-27,SH.ZB_605598,上海港湾,工程建设,2.6999786
5530,2025-01-27,SH.ZB_603515,欧普照明,家电行业,2.6996493
5531,2025-01-27,SH.KC_301026,浩通科技,小金属,2.698438
5532,2025-01-27,SZ.ZB_002984,森麒麟,橡胶制品,2.698417
5533,2025-01-27,SH.KC_300777,中简科技,化纤行业,2.6984005
5534,2025-01-27,SH.ZB_601881,中国银河,证券,2.6982546
5535,2025-01-27,SH.ZB_603201,常润股份,汽车零部件,2.697377
5536,2025-01-24,SZ.ZB_000915,华特达因,化学制药,2.6972442
5537,2025-01-27,SH.ZB_601216,君正集团,化学原料,2.696885
5538,2025-01-24,SZ.ZB_000582,北部湾港,航运港口,2.6966424
5539,2025-01-27,SH.ZB_600684,珠江股份,房地产服务,2.6964173
5540,2025-01-27,SH.ZB_600862,中航高科,航天航空,2.6962683
5541,2025-01-27,SZ.ZB_001205,盛航股份,航运港口,2.695808
5542,2025-01-27,SH.ZB_600226,亨通股份,农药兽药,2.6956587
5543,2025-01-24,SZ.ZB_002195,岩山科技,互联网服务,2.695334
5544,2025-01-27,SH.ZB_600350,山东高速,铁路公路,2.6950836
5545,2025-01-24,SH.KC_300519,新光药业,中药,2.6947737
5546,2025-01-24,SZ.ZB_001218,丽臣实业,化学制品,2.6944308
5547,2025-01-27,SH.KC_300633,开立医疗,医疗器械,2.6937947
5548,2025-01-24,SH.ZB_605133,嵘泰股份,汽车零部件,2.6937604
5549,2025-01-24,SH.ZB_600386,北巴传媒,汽车服务,2.6936383
5550,2025-01-24,SH.KC_688023,安恒信息,软件开发,2.6935697
5551,2025-01-27,SH.KC_688233,神工股份,半导体,2.6932092
5552,2025-01-27,SH.KC_300899,上海凯鑫,环保行业,2.6931791
5553,2025-01-27,SZ.ZB_002639,雪人股份,通用设备,2.693145
5554,2025-01-27,SH.KC_688396,华润微,半导体,2.6930094
5555,2025-01-24,SH.KC_300564,筑博设计,工程咨询服务,2.6924477
5556,2025-01-27,SH.ZB_603181,皇马科技,塑料制品,2.6921406
5557,2025-01-24,SH.ZB_603366,日出东方,家电行业,2.692069
5558,2025-01-27,SZ.ZB_000533,顺钠股份,电网设备,2.6918545
5559,2025-01-24,SH.ZB_600491,龙元建设,工程建设,2.6915505
5560,2025-01-27,SZ.ZB_002076,星光股份,家电行业,2.69133
5561,2025-01-24,SH.ZB_603303,得邦照明,家电行业,2.6904001
5562,2025-01-27,SH.KC_688653,康希通信,半导体,2.6900723
5563,2025-01-24,SH.ZB_601111,中国国航,航空机场,2.6898816
5564,2025-01-24,SZ.ZB_002625,光启技术,航天航空,2.6895702
5565,2025-01-24,SH.KC_300960,通业科技,交运设备,2.6894615
5566,2025-01-24,SH.KC_300842,帝科股份,光伏设备,2.6891217
5567,2025-01-27,SH.KC_688121,卓然股份,专用设备,2.6885018
5568,2025-01-27,SZ.ZB_001914,招商积余,房地产服务,2.68849
5569,2025-01-24,SH.KC_301008,宏昌科技,家电行业,2.68832
5570,2025-01-27,SH.ZB_600399,抚顺特钢,钢铁行业,2.6882126
5571,2025-01-24,SH.KC_300311,任子行,软件开发,2.6878386
5572,2025-01-27,SZ.ZB_002683,广东宏大,采掘行业,2.687797
5573,2025-01-24,SZ.ZB_002946,新乳业,食品饮料,2.687739
5574,2025-01-24,SH.KC_300772,运达股份,风电设备,2.6876316
5575,2025-01-27,SZ.ZB_000637,茂化实华,石油行业,2.6874795
5576,2025-01-27,SH.ZB_603383,顶点软件,软件开发,2.6874497
5577,2025-01-24,SH.ZB_603227,雪峰科技,化学制品,2.6873424
5578,2025-01-27,SZ.ZB_000595,宝塔实业,通用设备,2.6872098
5579,2025-01-24,SH.KC_300501,海顺新材,包装材料,2.6870399
5580,2025-01-24,SH.KC_300991,创益通,电子元件,2.6869192
5581,2025-01-24,SH.KC_300829,金丹科技,食品饮料,2.6869164
5582,2025-01-24,SZ.ZB_002440,闰土股份,化学制品,2.6866465
5583,2025-01-24,SH.KC_300534,陇神戎发,中药,2.6859193
5584,2025-01-24,SH.ZB_601216,君正集团,化学原料,2.6858597
5585,2025-01-24,SH.ZB_605377,华旺科技,造纸印刷,2.6856482
5586,2025-01-24,SZ.ZB_000037,深南电A,电力行业,2.6855216
5587,2025-01-24,SZ.ZB_002780,三夫户外,纺织服装,2.6854544
5588,2025-01-24,SH.ZB_603737,三棵树,装修建材,2.6850848
5589,2025-01-24,SZ.ZB_000710,贝瑞基因,医疗器械,2.68486
5590,2025-01-24,SZ.ZB_002912,中新赛克,互联网服务,2.6847987
5591,2025-01-27,SH.KC_300897,山科智能,仪器仪表,2.6847095
5592,2025-01-27,SH.KC_301320,豪江智能,电子元件,2.6844873
5593,2025-01-24,SH.KC_300014,亿纬锂能,电池,2.6843758
5594,2025-01-24,SH.KC_301281,科源制药,化学制药,2.6836708
5595,2025-01-24,SH.ZB_603938,三孚股份,化学制品,2.6832833
5596,2025-01-27,SH.KC_301058,中粮科工,工程建设,2.683276
5597,2025-01-24,SZ.ZB_000599,青岛双星,橡胶制品,2.6827722
5598,2025-01-27,SH.KC_300292,吴通控股,通信服务,2.6827633
5599,2025-01-27,SH.KC_300872,天阳科技,互联网服务,2.682373
5600,2025-01-27,SH.ZB_605177,东亚药业,化学制药,2.682075
5601,2025-01-27,SH.KC_301234,五洲医疗,医疗器械,2.68206
5602,2025-01-27,SH.KC_300414,中光防雷,通信设备,2.6815817
5603,2025-01-27,SZ.ZB_002105,信隆健康,交运设备,2.681303
5604,2025-01-27,SH.KC_300958,建工修复,环保行业,2.6810856
5605,2025-01-24,SH.KC_300791,仙乐健康,食品饮料,2.6809306
5606,2025-01-27,SH.KC_300810,中科海讯,软件开发,2.680713
5607,2025-01-24,SH.KC_301580,爱迪特,医疗器械,2.6806087
5608,2025-01-27,SH.ZB_600301,华锡有色,小金属,2.6804745
5609,2025-01-27,SH.ZB_601606,长城军工,专用设备,2.6803522
5610,2025-01-27,SH.ZB_600721,百花医药,医疗服务,2.6799023
5611,2025-01-27,SH.KC_688182,灿勤科技,通信设备,2.6797965
5612,2025-01-27,SZ.ZB_002494,华斯股份,纺织服装,2.6793733
5613,2025-01-24,SZ.ZB_001337,四川黄金,贵金属,2.679193
5614,2025-01-24,SZ.ZB_001215,千味央厨,食品饮料,2.6787117
5615,2025-01-27,SH.KC_300349,金卡智能,仪器仪表,2.6784034
5616,2025-01-24,SH.ZB_601799,星宇股份,汽车零部件,2.678223
5617,2025-01-24,SH.KC_688045,必易微,半导体,2.677545
5618,2025-01-27,SH.KC_300105,龙源技术,电源设备,2.676846
5619,2025-01-24,SH.KC_301017,漱玉平民,医药商业,2.676715
5620,2025-01-24,SH.ZB_603755,日辰股份,食品饮料,2.676496
5621,2025-01-27,SZ.ZB_002824,和胜股份,有色金属,2.675779
5622,2025-01-24,SH.KC_688690,纳微科技,化学制药,2.6754112
5623,2025-01-27,SH.ZB_603816,顾家家居,装修建材,2.6753023
5624,2025-01-27,SH.ZB_600663,陆家嘴,房地产开发,2.6747644
5625,2025-01-27,SH.KC_688236,春立医疗,医疗器械,2.673842
5626,2025-01-27,SZ.ZB_002069,獐子岛,农牧饲渔,2.6732848
5627,2025-01-27,SZ.ZB_000823,超声电子,电子元件,2.6726336
5628,2025-01-27,SH.ZB_601369,陕鼓动力,通用设备,2.6723459
5629,2025-01-27,SZ.ZB_001277,速达股份,专用设备,2.6719437
5630,2025-01-27,SZ.ZB_002239,奥特佳,汽车零部件,2.6713715
5631,2025-01-27,SH.KC_301098,金埔园林,工程建设,2.671069
5632,2025-01-27,SZ.ZB_002151,北斗星通,通信设备,2.6709273
5633,2025-01-27,SZ.ZB_000035,中国天楹,环保行业,2.670835
5634,2025-01-24,SH.KC_300865,大宏立,专用设备,2.6707768
5635,2025-01-27,SH.KC_688355,明志科技,通用设备,2.6707575
5636,2025-01-27,SZ.ZB_002088,鲁阳节能,装修建材,2.6704998
5637,2025-01-27,SH.KC_300204,舒泰神,生物制品,2.6698976
5638,2025-01-27,SH.KC_301167,建研设计,工程咨询服务,2.6696875
5639,2025-01-24,SH.ZB_603022,新通联,包装材料,2.6687741
5640,2025-01-27,SZ.ZB_000596,古井贡酒,酿酒行业,2.668637
5641,2025-01-27,SZ.ZB_000717,中南股份,钢铁行业,2.6682882
5642,2025-01-27,SH.KC_300070,碧水源,环保行业,2.6682587
5643,2025-01-24,SH.ZB_603399,永杉锂业,小金属,2.6679397
5644,2025-01-27,SZ.ZB_000045,深纺织Ａ,光学光电子,2.6679277
5645,2025-01-27,SH.ZB_603871,嘉友国际,物流行业,2.6670723
5646,2025-01-27,SH.ZB_603060,国检集团,专业服务,2.666992
5647,2025-01-24,SH.KC_301548,崇德科技,通用设备,2.6667132
5648,2025-01-27,SH.KC_301370,国科恒泰,贸易行业,2.6665196
5649,2025-01-24,SH.KC_300684,中石科技,消费电子,2.666284
5650,2025-01-24,SH.ZB_603421,鼎信通讯,通信服务,2.666214
5651,2025-01-24,SZ.ZB_002231,奥维通信,通信服务,2.6654885
5652,2025-01-24,SH.ZB_600101,明星电力,电力行业,2.6654334
5653,2025-01-27,SZ.ZB_000822,山东海化,化学原料,2.6641726
5654,2025-01-24,SZ.ZB_002003,伟星股份,纺织服装,2.664131
5655,2025-01-24,SH.KC_688681,科汇股份,电网设备,2.6637344
5656,2025-01-24,SZ.ZB_000032,深桑达Ａ,通信设备,2.6633873
5657,2025-01-27,SH.ZB_603790,雅运股份,化学制品,2.6633308
5658,2025-01-27,SH.KC_688625,呈和科技,化学制品,2.6630998
5659,2025-01-27,SH.ZB_603127,昭衍新药,医疗服务,2.6621132
5660,2025-01-27,SZ.ZB_000949,新乡化纤,化纤行业,2.662103
5661,2025-01-24,SZ.ZB_001298,好上好,电子元件,2.6618316
5662,2025-01-24,SZ.ZB_002688,金河生物,农药兽药,2.66165
5663,2025-01-27,SH.KC_300174,元力股份,化学制品,2.6614995
5664,2025-01-27,SZ.ZB_002758,浙农股份,综合行业,2.661121
5665,2025-01-24,SH.ZB_605089,味知香,食品饮料,2.6610687
5666,2025-01-24,SH.ZB_605567,春雪食品,食品饮料,2.6604295
5667,2025-01-27,SH.ZB_600012,皖通高速,铁路公路,2.660236
5668,2025-01-24,SZ.ZB_002321,华英农业,农牧饲渔,2.6597605
5669,2025-01-27,SH.KC_301125,腾亚精工,通用设备,2.6597097
5670,2025-01-27,SH.ZB_603169,兰石重装,专用设备,2.6594253
5671,2025-01-27,SH.ZB_603855,华荣股份,专用设备,2.658771
5672,2025-01-24,SZ.ZB_002769,普路通,物流行业,2.6587322
5673,2025-01-27,SH.ZB_601633,长城汽车,汽车整车,2.6576817
5674,2025-01-24,SH.ZB_600066,宇通客车,汽车整车,2.657436
5675,2025-01-27,SZ.ZB_002078,太阳纸业,造纸印刷,2.6570945
5676,2025-01-24,SH.KC_300698,万马科技,通信设备,2.6567488
5677,2025-01-27,SH.ZB_601116,三江购物,商业百货,2.6567192
5678,2025-01-27,SZ.ZB_002155,湖南黄金,贵金属,2.6564538
5679,2025-01-24,SH.KC_301388,欣灵电气,电网设备,2.6563077
5680,2025-01-24,SZ.ZB_002992,宝明科技,光学光电子,2.6562676
5681,2025-01-27,SH.ZB_603500,祥和实业,交运设备,2.6559293
5682,2025-01-24,SZ.ZB_000981,山子高科,汽车零部件,2.655734
5683,2025-01-24,SH.KC_300721,怡达股份,化学制品,2.6555166
5684,2025-01-24,SH.KC_688366,昊海生科,医疗器械,2.6553094
5685,2025-01-24,SH.ZB_601728,中国电信,通信服务,2.654624
5686,2025-01-24,SH.KC_688211,中科微至,物流行业,2.6545258
5687,2025-01-24,SH.ZB_603618,杭电股份,电网设备,2.6543214
5688,2025-01-24,SH.ZB_601010,文峰股份,商业百货,2.6541576
5689,2025-01-24,SH.KC_300854,中兰环保,环保行业,2.6539757
5690,2025-01-27,SH.ZB_601857,中国石油,石油行业,2.6534185
5691,2025-01-24,SH.ZB_600496,精工钢构,水泥建材,2.6529074
5692,2025-01-27,SH.KC_300982,苏文电能,工程建设,2.6523619
5693,2025-01-27,SZ.ZB_000612,焦作万方,有色金属,2.6513622
5694,2025-01-27,SH.KC_301201,诚达药业,医疗服务,2.6509776
5695,2025-01-24,SH.KC_300958,建工修复,环保行业,2.6508822
5696,2025-01-24,SZ.ZB_002886,沃特股份,塑料制品,2.6506886
5697,2025-01-24,SH.ZB_600383,金地集团,房地产开发,2.6502683
5698,2025-01-24,SH.ZB_601825,沪农商行,银行,2.6494815
5699,2025-01-27,SH.ZB_600055,万东医疗,医疗器械,2.648802
5700,2025-01-24,SH.KC_300484,蓝海华腾,专用设备,2.648735
5701,2025-01-24,SH.KC_300973,立高食品,食品饮料,2.648543
5702,2025-01-27,SZ.ZB_003002,壶化股份,化学制品,2.6484146
5703,2025-01-27,SH.KC_300016,北陆药业,化学制药,2.647993
5704,2025-01-24,SZ.ZB_002907,华森制药,中药,2.64782
5705,2025-01-27,SZ.ZB_002826,易明医药,中药,2.6474862
5706,2025-01-24,SH.KC_300610,晨化股份,塑料制品,2.647467
5707,2025-01-27,SH.KC_301580,爱迪特,医疗器械,2.6472464
5708,2025-01-27,SH.ZB_603949,雪龙集团,汽车零部件,2.647078
5709,2025-01-27,SH.KC_300507,苏奥传感,汽车零部件,2.6470556
5710,2025-01-24,SZ.ZB_000517,荣安地产,房地产开发,2.6470275
5711,2025-01-24,SH.KC_300908,仲景食品,食品饮料,2.6465044
5712,2025-01-27,SH.KC_301295,美硕科技,电网设备,2.6464343
5713,2025-01-24,SZ.ZB_002976,瑞玛精密,汽车零部件,2.6460946
5714,2025-01-24,SZ.ZB_002337,赛象科技,专用设备,2.6454375
5715,2025-01-27,SH.KC_300913,兆龙互连,通信设备,2.6440964
5716,2025-01-27,SH.ZB_603938,三孚股份,化学制品,2.6437016
5717,2025-01-24,SZ.ZB_002953,日丰股份,电网设备,2.64294
5718,2025-01-27,SH.KC_300373,扬杰科技,半导体,2.6427374
5719,2025-01-27,SH.ZB_600072,中船科技,风电设备,2.6424618
5720,2025-01-27,SZ.ZB_002996,顺博合金,有色金属,2.6421978
5721,2025-01-27,SZ.ZB_000993,闽东电力,电力行业,2.641423
5722,2025-01-24,SH.ZB_600663,陆家嘴,房地产开发,2.6411653
5723,2025-01-27,SH.KC_300573,兴齐眼药,化学制药,2.640401
5724,2025-01-24,SH.KC_300179,四方达,通用设备,2.640289
5725,2025-01-24,SH.ZB_600984,建设机械,工程机械,2.6402564
5726,2025-01-24,SH.ZB_600546,山煤国际,煤炭行业,2.640076
5727,2025-01-24,SH.ZB_603738,泰晶科技,电子元件,2.6398196
5728,2025-01-24,SH.KC_300763,锦浪科技,光伏设备,2.6394963
5729,2025-01-27,SH.ZB_601368,绿城水务,公用事业,2.6391685
5730,2025-01-24,SH.ZB_600241,时代万恒,电池,2.637975
5731,2025-01-24,SZ.ZB_002270,华明装备,电网设备,2.6378155
5732,2025-01-27,SH.ZB_600906,财达证券,证券,2.6378095
5733,2025-01-24,SH.ZB_600251,冠农股份,农牧饲渔,2.6373239
5734,2025-01-24,SZ.ZB_001236,弘业期货,多元金融,2.6365652
5735,2025-01-27,SZ.ZB_000683,远兴能源,化学原料,2.636084
5736,2025-01-27,SZ.ZB_002492,恒基达鑫,物流行业,2.635379
5737,2025-01-27,SH.ZB_605151,西上海,汽车零部件,2.6352077
5738,2025-01-27,SH.KC_300993,玉马科技,家用轻工,2.634993
5739,2025-01-27,SH.ZB_603618,杭电股份,电网设备,2.6345446
5740,2025-01-24,SH.ZB_601992,金隅集团,水泥建材,2.634418
5741,2025-01-24,SH.ZB_600536,中国软件,软件开发,2.634363
5742,2025-01-27,SH.KC_301290,东星医疗,医疗器械,2.6341825
5743,2025-01-27,SZ.ZB_002101,广东鸿图,汽车零部件,2.63405
5744,2025-01-27,SH.ZB_603690,至纯科技,专用设备,2.6339173
5745,2025-01-27,SH.ZB_603908,牧高笛,纺织服装,2.6338637
5746,2025-01-24,SH.KC_300800,力合科技,环保行业,2.633789
5747,2025-01-27,SH.ZB_600563,法拉电子,电子元件,2.6337147
5748,2025-01-24,SH.ZB_600676,交运股份,汽车零部件,2.6328654
5749,2025-01-27,SH.KC_301158,德石股份,专用设备,2.6327105
5750,2025-01-27,SH.KC_300631,久吾高科,环保行业,2.6325135
5751,2025-01-24,SH.KC_688203,海正生材,化纤行业,2.6323483
5752,2025-01-27,SZ.ZB_000783,长江证券,证券,2.6322246
5753,2025-01-24,SH.KC_300196,长海股份,玻璃玻纤,2.631484
5754,2025-01-27,SZ.ZB_002817,黄山胶囊,医疗器械,2.6314676
5755,2025-01-24,SZ.ZB_002085,万丰奥威,汽车零部件,2.6312783
5756,2025-01-27,SZ.ZB_002054,德美化工,化学制品,2.631271
5757,2025-01-27,SH.KC_300854,中兰环保,环保行业,2.6312172
5758,2025-01-24,SH.ZB_603656,泰禾智能,专用设备,2.631186
5759,2025-01-27,SH.KC_300813,泰林生物,医疗器械,2.6311457
5760,2025-01-24,SH.ZB_600439,瑞贝卡,家用轻工,2.6311293
5761,2025-01-27,SH.KC_688305,科德数控,通用设备,2.6310027
5762,2025-01-27,SH.ZB_601898,中煤能源,煤炭行业,2.6308537
5763,2025-01-24,SH.KC_688496,清越科技,电子元件,2.6302085
5764,2025-01-24,SH.KC_300720,海川智能,仪器仪表,2.6300206
5765,2025-01-27,SH.KC_301379,天山电子,光学光电子,2.629736
5766,2025-01-24,SH.KC_300890,翔丰华,电池,2.629529
5767,2025-01-27,SH.KC_301338,凯格精机,专用设备,2.6288822
5768,2025-01-27,SH.ZB_603579,荣泰健康,家电行业,2.6288078
5769,2025-01-24,SH.KC_688382,益方生物-U,生物制品,2.6282787
5770,2025-01-24,SH.KC_300107,建新股份,化学制品,2.628161
5771,2025-01-27,SH.KC_300871,回盛生物,农药兽药,2.6276157
5772,2025-01-27,SH.ZB_600933,爱柯迪,汽车零部件,2.6273594
5773,2025-01-27,SH.ZB_600252,中恒集团,中药,2.62706
5774,2025-01-24,SH.KC_300101,振芯科技,通信设备,2.6269703
5775,2025-01-24,SH.KC_301322,绿通科技,交运设备,2.6269376
5776,2025-01-24,SH.ZB_600773,西藏城投,房地产开发,2.6267097
5777,2025-01-27,SH.ZB_600403,大有能源,煤炭行业,2.6262255
5778,2025-01-27,SH.ZB_605122,四方新材,水泥建材,2.6260524
5779,2025-01-24,SZ.ZB_002623,亚玛顿,光伏设备,2.625987
5780,2025-01-27,SH.ZB_603102,百合股份,食品饮料,2.625534
5781,2025-01-27,SZ.ZB_002317,众生药业,中药,2.625376
5782,2025-01-27,SH.ZB_603275,众辰科技,仪器仪表,2.625376
5783,2025-01-27,SH.ZB_601069,西部黄金,贵金属,2.6251316
5784,2025-01-24,SZ.ZB_000619,海螺新材,装修建材,2.62447
5785,2025-01-24,SZ.ZB_002941,新疆交建,工程建设,2.6242063
5786,2025-01-24,SH.KC_300018,中元股份,电网设备,2.6238813
5787,2025-01-27,SH.ZB_601058,赛轮轮胎,橡胶制品,2.623281
5788,2025-01-27,SH.ZB_600516,方大炭素,非金属材料,2.623193
5789,2025-01-27,SH.ZB_600085,同仁堂,中药,2.623056
5790,2025-01-24,SH.ZB_600467,好当家,农牧饲渔,2.622436
5791,2025-01-24,SH.ZB_600292,远达环保,环保行业,2.6215405
5792,2025-01-24,SH.ZB_600960,渤海汽车,汽车零部件,2.6215105
5793,2025-01-24,SZ.ZB_002909,集泰股份,化学制品,2.6214197
5794,2025-01-24,SZ.ZB_002106,莱宝高科,光学光电子,2.6208446
5795,2025-01-27,SH.ZB_601333,广深铁路,物流行业,2.620758
5796,2025-01-24,SH.ZB_603696,安记食品,食品饮料,2.620019
5797,2025-01-24,SH.KC_300757,罗博特科,专用设备,2.619274
5798,2025-01-24,SH.KC_688173,希荻微,半导体,2.6188269
5799,2025-01-27,SZ.ZB_001316,润贝航科,贸易行业,2.618456
5800,2025-01-27,SH.ZB_600282,南钢股份,钢铁行业,2.6183665
5801,2025-01-27,SH.KC_300960,通业科技,交运设备,2.6179924
5802,2025-01-24,SZ.ZB_002906,华阳集团,汽车零部件,2.6175067
5803,2025-01-27,SH.ZB_603057,紫燕食品,食品饮料,2.6174798
5804,2025-01-24,SH.ZB_600179,安通控股,物流行业,2.6171432
5805,2025-01-24,SH.KC_301376,致欧科技,家用轻工,2.617009
5806,2025-01-24,SH.KC_688789,宏华数科,专用设备,2.616875
5807,2025-01-24,SH.ZB_600333,长春燃气,燃气,2.6168108
5808,2025-01-27,SH.ZB_603439,贵州三力,中药,2.6159272
5809,2025-01-24,SH.KC_688455,科捷智能,通用设备,2.6158915
5810,2025-01-24,SH.ZB_603486,科沃斯,家电行业,2.6156247
5811,2025-01-24,SH.KC_688458,美芯晟,半导体,2.6154742
5812,2025-01-27,SZ.ZB_002950,奥美医疗,医疗器械,2.6153908
5813,2025-01-24,SH.KC_300406,九强生物,医疗器械,2.6153684
5814,2025-01-27,SH.ZB_601963,重庆银行,银行,2.6151493
5815,2025-01-27,SH.KC_300483,首华燃气,燃气,2.6145504
5816,2025-01-27,SH.ZB_600639,浦东金桥,房地产开发,2.614279
5817,2025-01-27,SZ.ZB_002159,三特索道,旅游酒店,2.6139066
5818,2025-01-24,SH.ZB_600770,综艺股份,综合行业,2.6136293
5819,2025-01-27,SZ.ZB_002671,龙泉股份,水泥建材,2.613391
5820,2025-01-24,SH.KC_688092,爱科科技,专用设备,2.6131973
5821,2025-01-27,SH.ZB_600756,浪潮软件,互联网服务,2.612555
5822,2025-01-27,SH.KC_300037,新宙邦,电池,2.6123152
5823,2025-01-24,SH.ZB_600563,法拉电子,电子元件,2.6112185
5824,2025-01-24,SH.KC_300786,国林科技,环保行业,2.6108906
5825,2025-01-24,SH.KC_300736,百邦科技,通信服务,2.610524
5826,2025-01-24,SH.KC_301536,星宸科技,半导体,2.6100607
5827,2025-01-27,SZ.ZB_002739,万达电影,文化传媒,2.6091516
5828,2025-01-24,SH.ZB_605117,德业股份,光伏设备,2.6085467
5829,2025-01-27,SH.KC_688296,和达科技,软件开发,2.6081488
5830,2025-01-24,SH.ZB_601086,国芳集团,商业百货,2.6079462
5831,2025-01-27,SH.ZB_600115,中国东航,航空机场,2.6079133
5832,2025-01-24,SZ.ZB_002493,荣盛石化,化纤行业,2.607295
5833,2025-01-27,SH.ZB_601500,通用股份,橡胶制品,2.6064456
5834,2025-01-24,SZ.ZB_000417,合百集团,商业百货,2.6062324
5835,2025-01-24,SH.KC_300293,蓝英装备,专用设备,2.6061044
5836,2025-01-27,SH.ZB_600976,健民集团,中药,2.6060581
5837,2025-01-24,SZ.ZB_002554,惠博普,采掘行业,2.6060178
5838,2025-01-27,SH.KC_300868,杰美特,电子元件,2.6059673
5839,2025-01-24,SH.ZB_600257,大湖股份,农牧饲渔,2.605909
5840,2025-01-27,SH.ZB_603040,新坐标,汽车零部件,2.605641
5841,2025-01-24,SH.KC_300227,光韵达,电子元件,2.605638
5842,2025-01-24,SH.KC_301211,亨迪药业,化学制药,2.6052861
5843,2025-01-27,SH.KC_300228,富瑞特装,专用设备,2.6051834
5844,2025-01-24,SH.KC_300121,阳谷华泰,橡胶制品,2.6050553
5845,2025-01-24,SH.KC_688693,锴威特,半导体,2.6047454
5846,2025-01-27,SZ.ZB_000931,中 关 村,化学制药,2.604732
5847,2025-01-24,SH.ZB_600819,耀皮玻璃,玻璃玻纤,2.6044414
5848,2025-01-27,SZ.ZB_002941,新疆交建,工程建设,2.6042416
5849,2025-01-24,SH.ZB_603110,东方材料,化学制品,2.6041732
5850,2025-01-27,SH.ZB_603995,甬金股份,钢铁行业,2.6039572
5851,2025-01-24,SH.KC_301295,美硕科技,电网设备,2.60344
5852,2025-01-24,SZ.ZB_001296,长江材料,非金属材料,2.602747
5853,2025-01-27,SH.KC_688059,华锐精密,通用设备,2.6026084
5854,2025-01-24,SH.ZB_603256,宏和科技,玻璃玻纤,2.6020317
5855,2025-01-27,SZ.ZB_001259,利仁科技,家电行业,2.6019692
5856,2025-01-24,SH.KC_301086,鸿富瀚,消费电子,2.6019156
5857,2025-01-27,SH.KC_688562,航天软件,互联网服务,2.6014419
5858,2025-01-27,SZ.ZB_002179,中航光电,电子元件,2.6007771
5859,2025-01-24,SH.KC_688653,康希通信,半导体,2.5985746
5860,2025-01-24,SH.ZB_603052,可川科技,电子元件,2.5979877
5861,2025-01-24,SH.ZB_600200,江苏吴中,化学制药,2.5957897
5862,2025-01-27,SH.KC_300800,力合科技,环保行业,2.5954156
5863,2025-01-27,SH.KC_301130,西点药业,化学制药,2.5946915
5864,2025-01-24,SH.ZB_603697,有友食品,食品饮料,2.5941281
5865,2025-01-27,SZ.ZB_002753,永东股份,橡胶制品,2.5932565
5866,2025-01-24,SZ.ZB_002802,洪汇新材,化学制品,2.5928588
5867,2025-01-27,SH.ZB_603209,兴通股份,航运港口,2.5920258
5868,2025-01-27,SH.ZB_600029,南方航空,航空机场,2.5918484
5869,2025-01-24,SH.KC_301209,联合化学,化学原料,2.591589
5870,2025-01-24,SH.ZB_600866,星湖科技,化学制品,2.591291
5871,2025-01-27,SH.KC_301331,恩威医药,中药,2.5911272
5872,2025-01-27,SH.KC_688619,罗普特,互联网服务,2.591124
5873,2025-01-24,SZ.ZB_002330,得利斯,食品饮料,2.5908828
5874,2025-01-27,SH.ZB_603299,苏盐井神,化学原料,2.5903986
5875,2025-01-24,SH.KC_300206,理邦仪器,医疗器械,2.5898993
5876,2025-01-24,SH.KC_688199,久日新材,化学制品,2.589199
5877,2025-01-27,SH.ZB_600558,大西洋,通用设备,2.5889635
5878,2025-01-27,SH.ZB_603189,网达软件,软件开发,2.588874
5879,2025-01-24,SH.KC_300775,三角防务,航天航空,2.588472
5880,2025-01-24,SH.KC_688622,禾信仪器,仪器仪表,2.588448
5881,2025-01-27,SH.ZB_600559,老白干酒,酿酒行业,2.5882795
5882,2025-01-27,SH.KC_300546,雄帝科技,计算机设备,2.5880978
5883,2025-01-24,SH.KC_300304,云意电气,汽车零部件,2.58784
5884,2025-01-27,SH.ZB_600876,凯盛新能,光伏设备,2.5876582
5885,2025-01-27,SH.ZB_603192,汇得科技,化学制品,2.5863454
5886,2025-01-24,SH.KC_301061,匠心家居,家电行业,2.5855482
5887,2025-01-27,SH.KC_688093,世华科技,电子元件,2.5854528
5888,2025-01-27,SZ.ZB_000021,深科技,消费电子,2.5854304
5889,2025-01-24,SZ.ZB_002800,天顺股份,物流行业,2.5852873
5890,2025-01-24,SH.KC_300979,华利集团,纺织服装,2.5848315
5891,2025-01-27,SH.KC_301272,英华特,专用设备,2.5848196
5892,2025-01-24,SH.ZB_600743,华远地产,房地产开发,2.5847733
5893,2025-01-27,SZ.ZB_002488,金固股份,汽车零部件,2.584681
5894,2025-01-27,SZ.ZB_002595,豪迈科技,专用设备,2.5833652
5895,2025-01-27,SH.ZB_600143,金发科技,塑料制品,2.5831223
5896,2025-01-24,SZ.ZB_002264,新 华 都,互联网服务,2.581142
5897,2025-01-24,SH.KC_301268,铭利达,通用设备,2.5810614
5898,2025-01-27,SH.ZB_600433,冠豪高新,造纸印刷,2.5807307
5899,2025-01-27,SH.KC_301039,中集车辆,汽车整车,2.5805607
5900,2025-01-27,SH.KC_688045,必易微,半导体,2.5798798
5901,2025-01-24,SH.ZB_600675,中华企业,房地产开发,2.5798693
5902,2025-01-27,SH.ZB_605333,沪光股份,汽车零部件,2.5787234
5903,2025-01-24,SZ.ZB_000011,深物业A,房地产开发,2.578689
5904,2025-01-27,SH.KC_688272,富吉瑞,光学光电子,2.5783167
5905,2025-01-27,SH.ZB_600790,轻纺城,商业百货,2.577062
5906,2025-01-27,SH.KC_688592,司南导航,计算机设备,2.5769963
5907,2025-01-27,SH.KC_300523,辰安科技,互联网服务,2.5766745
5908,2025-01-24,SH.ZB_601877,正泰电器,电网设备,2.5754883
5909,2025-01-24,SH.ZB_603156,养元饮品,食品饮料,2.5754719
5910,2025-01-27,SH.ZB_603866,桃李面包,食品饮料,2.5752022
5911,2025-01-24,SZ.ZB_002653,海思科,化学制药,2.57487
5912,2025-01-27,SH.KC_688793,倍轻松,家电行业,2.5746524
5913,2025-01-27,SH.KC_300191,潜能恒信,采掘行业,2.5745199
5914,2025-01-27,SZ.ZB_000090,天健集团,房地产开发,2.5745049
5915,2025-01-24,SH.ZB_605388,均瑶健康,食品饮料,2.574493
5916,2025-01-27,SH.ZB_605366,宏柏新材,化学制品,2.5744035
5917,2025-01-24,SH.ZB_600419,天润乳业,食品饮料,2.5743604
5918,2025-01-27,SH.KC_688128,中国电研,专用设备,2.574298
5919,2025-01-24,SH.KC_688409,富创精密,半导体,2.5742917
5920,2025-01-27,SZ.ZB_001228,永泰运,物流行业,2.5742233
5921,2025-01-27,SH.KC_688200,华峰测控,半导体,2.5739863
5922,2025-01-27,SH.ZB_603238,诺邦股份,美容护理,2.5738506
5923,2025-01-27,SH.KC_301459,丰茂股份,橡胶制品,2.5738344
5924,2025-01-24,SH.KC_688721,龙图光罩,半导体,2.5734754
5925,2025-01-24,SH.ZB_605339,南侨食品,食品饮料,2.5733516
5926,2025-01-24,SH.KC_301038,深水规院,工程建设,2.5731728
5927,2025-01-24,SH.KC_300530,领湃科技,电池,2.5730073
5928,2025-01-24,SH.KC_300891,惠云钛业,化学原料,2.5729284
5929,2025-01-24,SH.ZB_605577,龙版传媒,文化传媒,2.5728717
5930,2025-01-27,SH.ZB_603173,福斯达,通用设备,2.5725336
5931,2025-01-24,SH.KC_688285,高铁电气,交运设备,2.5721312
5932,2025-01-24,SZ.ZB_002543,万和电气,家电行业,2.5718584
5933,2025-01-24,SZ.ZB_002782,可立克,消费电子,2.571468
5934,2025-01-27,SH.KC_688469,芯联集成-U,半导体,2.5712833
5935,2025-01-24,SH.ZB_600621,华鑫股份,证券,2.5706708
5936,2025-01-27,SH.ZB_603131,上海沪工,通用设备,2.5702744
5937,2025-01-27,SZ.ZB_000738,航发控制,航天航空,2.5699675
5938,2025-01-27,SZ.ZB_002707,众信旅游,旅游酒店,2.5699422
5939,2025-01-24,SZ.ZB_002512,达华智能,计算机设备,2.5693984
5940,2025-01-24,SH.KC_301309,万得凯,通用设备,2.5693462
5941,2025-01-24,SH.ZB_603580,艾艾精工,塑料制品,2.569188
5942,2025-01-24,SH.ZB_600157,永泰能源,电力行业,2.5681973
5943,2025-01-24,SH.KC_301519,舜禹股份,专用设备,2.568178
5944,2025-01-27,SH.KC_301108,洁雅股份,纺织服装,2.5678844
5945,2025-01-27,SH.ZB_603167,渤海轮渡,航运港口,2.5670514
5946,2025-01-27,SH.ZB_603077,和邦生物,化学原料,2.5667489
5947,2025-01-24,SZ.ZB_002573,清新环境,环保行业,2.5665865
5948,2025-01-27,SH.ZB_600758,辽宁能源,煤炭行业,2.5654435
5949,2025-01-27,SH.ZB_601021,春秋航空,航空机场,2.5653079
5950,2025-01-27,SZ.ZB_002655,共达电声,消费电子,2.5651364
5951,2025-01-24,SH.ZB_600998,九州通,医药商业,2.5649846
5952,2025-01-24,SZ.ZB_000429,粤高速Ａ,铁路公路,2.5648594
5953,2025-01-24,SH.KC_301370,国科恒泰,贸易行业,2.5646687
5954,2025-01-27,SH.KC_300527,中船应急,专用设备,2.5637224
5955,2025-01-27,SZ.ZB_000516,国际医学,医疗服务,2.5633945
5956,2025-01-24,SH.KC_301459,丰茂股份,橡胶制品,2.5623724
5957,2025-01-27,SH.ZB_603968,醋化股份,化学制品,2.56207
5958,2025-01-24,SZ.ZB_002028,思源电气,电网设备,2.561614
5959,2025-01-27,SZ.ZB_002079,苏州固锝,半导体,2.5613234
5960,2025-01-24,SH.KC_688558,国盛智科,通用设备,2.5612712
5961,2025-01-24,SZ.ZB_000931,中 关 村,化学制药,2.5612488
5962,2025-01-27,SH.ZB_600875,东方电气,电源设备,2.5611475
5963,2025-01-24,SH.ZB_600025,华能水电,电力行业,2.5609703
5964,2025-01-27,SZ.ZB_000906,浙商中拓,物流行业,2.560833
5965,2025-01-27,SH.KC_301538,骏鼎达,塑料制品,2.559632
5966,2025-01-24,SH.KC_300241,瑞丰光电,光学光电子,2.5594325
5967,2025-01-24,SH.ZB_600865,百大集团,商业百货,2.5592864
5968,2025-01-24,SZ.ZB_002534,西子洁能,电源设备,2.5590658
5969,2025-01-24,SH.ZB_603998,方盛制药,中药,2.5589182
5970,2025-01-27,SH.KC_300759,康龙化成,医疗服务,2.558598
5971,2025-01-27,SH.ZB_600694,大商股份,商业百货,2.5578408
5972,2025-01-24,SH.ZB_600396,华电辽能,电力行业,2.5577142
5973,2025-01-24,SH.ZB_600651,飞乐音响,光学光电子,2.5572836
5974,2025-01-27,SH.KC_300467,迅游科技,游戏,2.5572195
5975,2025-01-24,SZ.ZB_002728,特一药业,中药,2.5571914
5976,2025-01-27,SH.KC_300455,航天智装,计算机设备,2.5567412
5977,2025-01-27,SZ.ZB_000593,德龙汇能,燃气,2.5564523
5978,2025-01-27,SZ.ZB_002011,盾安环境,家电行业,2.5562615
5979,2025-01-24,SH.KC_300819,聚杰微纤,纺织服装,2.5562139
5980,2025-01-24,SZ.ZB_001376,百通能源,公用事业,2.5561645
5981,2025-01-24,SH.ZB_600183,生益科技,电子元件,2.5560691
5982,2025-01-24,SZ.ZB_002460,赣锋锂业,能源金属,2.5559187
5983,2025-01-24,SZ.ZB_000767,晋控电力,电力行业,2.5558977
5984,2025-01-27,SH.ZB_600109,国金证券,证券,2.5558338
5985,2025-01-24,SH.KC_301065,本立科技,化学原料,2.5556235
5986,2025-01-27,SH.KC_301345,涛涛车业,交运设备,2.5555387
5987,2025-01-24,SH.ZB_601088,中国神华,煤炭行业,2.5550828
5988,2025-01-24,SZ.ZB_000852,石化机械,专用设备,2.5545611
5989,2025-01-24,SH.ZB_600970,中材国际,工程建设,2.55453
5990,2025-01-27,SH.KC_300877,金春股份,纺织服装,2.553618
5991,2025-01-24,SZ.ZB_002531,天顺风能,风电设备,2.5536046
5992,2025-01-27,SZ.ZB_002106,莱宝高科,光学光电子,2.5535955
5993,2025-01-24,SH.ZB_603320,迪贝电气,电机,2.5535822
5994,2025-01-24,SH.KC_300149,睿智医药,医疗服务,2.5533617
5995,2025-01-24,SZ.ZB_001914,招商积余,房地产服务,2.553186
5996,2025-01-24,SH.ZB_600594,益佰制药,中药,2.5527909
5997,2025-01-24,SH.ZB_603356,华菱精工,专用设备,2.5524826
5998,2025-01-24,SH.KC_300340,科恒股份,电池,2.5519595
5999,2025-01-27,SH.KC_301303,真兰仪表,仪器仪表,2.5518372
6000,2025-01-27,SH.KC_300848,美瑞新材,化学制品,2.551426
6001,2025-01-24,SH.KC_688701,卓锦股份,环保行业,2.5513515
6002,2025-01-24,SH.ZB_603815,交建股份,工程建设,2.5512128
6003,2025-01-24,SH.ZB_601028,玉龙股份,贵金属,2.5511503
6004,2025-01-24,SH.KC_300417,南华仪器,仪器仪表,2.550064
6005,2025-01-27,SH.ZB_603630,拉芳家化,美容护理,2.5499015
6006,2025-01-24,SH.ZB_603708,家家悦,商业百货,2.549596
6007,2025-01-24,SZ.ZB_002201,正威新材,玻璃玻纤,2.5494204
6008,2025-01-27,SH.ZB_601096,宏盛华源,电网设备,2.5485902
6009,2025-01-24,SZ.ZB_002614,奥佳华,家电行业,2.5479152
6010,2025-01-24,SH.ZB_601881,中国银河,证券,2.547905
6011,2025-01-27,SH.ZB_600064,南京高科,房地产开发,2.5478272
6012,2025-01-24,SZ.ZB_002378,章源钨业,小金属,2.547808
6013,2025-01-27,SH.KC_300243,瑞丰高材,塑料制品,2.5476232
6014,2025-01-24,SZ.ZB_000408,藏格矿业,化肥行业,2.5473595
6015,2025-01-24,SZ.ZB_002859,洁美科技,电子元件,2.5468156
6016,2025-01-27,SH.ZB_600104,上汽集团,汽车整车,2.5458858
6017,2025-01-27,SH.ZB_603222,济民健康,化学制药,2.5454938
6018,2025-01-27,SH.ZB_601001,晋控煤业,煤炭行业,2.5452523
6019,2025-01-24,SH.ZB_605020,永和股份,化学制品,2.544631
6020,2025-01-27,SZ.ZB_002062,宏润建设,工程建设,2.5444343
6021,2025-01-27,SH.KC_300632,光莆股份,光学光电子,2.5442853
6022,2025-01-24,SH.ZB_601818,光大银行,银行,2.5439858
6023,2025-01-24,SH.KC_300110,华仁药业,化学制药,2.5437117
6024,2025-01-27,SZ.ZB_002125,湘潭电化,化学原料,2.5432422
6025,2025-01-24,SH.ZB_603085,天成自控,汽车零部件,2.543074
6026,2025-01-27,SH.KC_688157,松井股份,化学制品,2.5426195
6027,2025-01-27,SH.KC_301046,能辉科技,光伏设备,2.5422857
6028,2025-01-24,SH.KC_301123,奕东电子,消费电子,2.5421038
6029,2025-01-24,SZ.ZB_002044,美年健康,医疗服务,2.5418832
6030,2025-01-27,SZ.ZB_002215,诺 普 信,农药兽药,2.5413857
6031,2025-01-27,SH.KC_300049,福瑞股份,医疗器械,2.5410666
6032,2025-01-24,SH.KC_688399,硕世生物,医疗器械,2.5407627
6033,2025-01-24,SZ.ZB_000778,新兴铸管,钢铁行业,2.5399997
6034,2025-01-27,SH.ZB_601825,沪农商行,银行,2.539648
6035,2025-01-27,SZ.ZB_000401,冀东水泥,水泥建材,2.5391474
6036,2025-01-24,SH.ZB_600602,云赛智联,软件开发,2.538842
6037,2025-01-27,SH.KC_301170,锡南科技,汽车零部件,2.5388286
6038,2025-01-27,SH.ZB_600586,金晶科技,玻璃玻纤,2.5387108
6039,2025-01-24,SH.KC_688349,三一重能,风电设备,2.5384083
6040,2025-01-24,SZ.ZB_002672,东江环保,环保行业,2.5382087
6041,2025-01-27,SH.KC_688155,先惠技术,电池,2.5378332
6042,2025-01-24,SH.ZB_601021,春秋航空,航空机场,2.5371165
6043,2025-01-24,SH.KC_688089,嘉必优,食品饮料,2.53686
6044,2025-01-24,SZ.ZB_002333,罗普斯金,装修建材,2.5368466
6045,2025-01-27,SH.KC_300408,三环集团,电子元件,2.5368407
6046,2025-01-27,SH.ZB_600967,内蒙一机,交运设备,2.5367022
6047,2025-01-27,SZ.ZB_000521,长虹美菱,家电行业,2.5364757
6048,2025-01-27,SH.ZB_600379,宝光股份,电网设备,2.536361
6049,2025-01-27,SH.KC_300509,新美星,专用设备,2.5360255
6050,2025-01-24,SH.ZB_603161,科华控股,汽车零部件,2.5356069
6051,2025-01-27,SH.KC_688267,中触媒,化学原料,2.5349169
6052,2025-01-27,SZ.ZB_002548,金新农,农牧饲渔,2.534826
6053,2025-01-27,SZ.ZB_001376,百通能源,公用事业,2.5347724
6054,2025-01-27,SZ.ZB_000915,华特达因,化学制药,2.5346293
6055,2025-01-24,SH.ZB_600221,海航控股,航空机场,2.5339081
6056,2025-01-24,SH.KC_300335,迪森股份,环保行业,2.5339036
6057,2025-01-24,SH.ZB_600370,三房巷,化学制品,2.5338457
6058,2025-01-24,SZ.ZB_001318,阳光乳业,食品饮料,2.5335715
6059,2025-01-24,SH.ZB_600455,博通股份,教育,2.533351
6060,2025-01-27,SH.ZB_603638,艾迪精密,工程机械,2.5323496
6061,2025-01-24,SH.KC_300487,蓝晓科技,塑料制品,2.5323436
6062,2025-01-24,SH.KC_300458,全志科技,半导体,2.5319233
6063,2025-01-24,SH.ZB_600809,山西汾酒,酿酒行业,2.5308967
6064,2025-01-24,SH.KC_688657,浩辰软件,软件开发,2.530618
6065,2025-01-24,SH.ZB_600082,海泰发展,房地产开发,2.5301948
6066,2025-01-27,SH.KC_688007,光峰科技,消费电子,2.5300503
6067,2025-01-24,SH.ZB_603983,丸美生物,美容护理,2.5300012
6068,2025-01-27,SH.ZB_600927,永安期货,多元金融,2.5299118
6069,2025-01-24,SH.KC_300601,康泰生物,生物制品,2.529782
6070,2025-01-27,SH.KC_300806,斯迪克,塑料制品,2.5292203
6071,2025-01-24,SH.KC_688772,珠海冠宇,电池,2.5286703
6072,2025-01-24,SH.ZB_603657,春光科技,家电行业,2.528666
6073,2025-01-24,SH.KC_300683,海特生物,生物制品,2.528551
6074,2025-01-24,SZ.ZB_002905,金逸影视,文化传媒,2.528505
6075,2025-01-24,SH.ZB_600935,华塑股份,化学原料,2.528143
6076,2025-01-24,SZ.ZB_002826,易明医药,中药,2.5273218
6077,2025-01-24,SZ.ZB_002250,联化科技,农药兽药,2.5272012
6078,2025-01-27,SH.ZB_603712,七一二,通信设备,2.5261686
6079,2025-01-24,SH.KC_688569,铁科轨道,交运设备,2.525714
6080,2025-01-24,SZ.ZB_000637,茂化实华,石油行业,2.5254025
6081,2025-01-24,SH.ZB_600749,西藏旅游,旅游酒店,2.5239139
6082,2025-01-27,SH.ZB_600063,皖维高新,化纤行业,2.5237665
6083,2025-01-24,SZ.ZB_000921,海信家电,家电行业,2.5232644
6084,2025-01-24,SH.KC_300343,联创股份,化学制品,2.5230274
6085,2025-01-27,SH.KC_688622,禾信仪器,仪器仪表,2.523005
6086,2025-01-27,SZ.ZB_002311,海大集团,农牧饲渔,2.5229514
6087,2025-01-24,SZ.ZB_002339,积成电子,电网设备,2.5228903
6088,2025-01-27,SH.ZB_603535,嘉诚国际,物流行业,2.5218234
6089,2025-01-27,SH.ZB_600223,福瑞达,生物制品,2.521807
6090,2025-01-24,SH.ZB_601665,齐鲁银行,银行,2.5217443
6091,2025-01-24,SZ.ZB_002987,京北方,软件开发,2.521725
6092,2025-01-24,SZ.ZB_002962,五方光电,光学光电子,2.5210097
6093,2025-01-27,SZ.ZB_002343,慈文传媒,文化传媒,2.52029
6094,2025-01-24,SZ.ZB_002067,景兴纸业,造纸印刷,2.5199904
6095,2025-01-27,SH.KC_300129,泰胜风能,风电设备,2.5197
6096,2025-01-24,SZ.ZB_002416,爱施德,商业百货,2.519287
6097,2025-01-24,SH.KC_688728,格科微,半导体,2.5190995
6098,2025-01-24,SH.ZB_600403,大有能源,煤炭行业,2.5183783
6099,2025-01-27,SH.ZB_600518,康美药业,中药,2.5177836
6100,2025-01-27,SZ.ZB_003019,宸展光电,光学光电子,2.517161
6101,2025-01-24,SZ.ZB_002908,德生科技,软件开发,2.516708
6102,2025-01-24,SH.KC_688388,嘉元科技,电池,2.5166705
6103,2025-01-24,SH.KC_301578,辰奕智能,消费电子,2.516161
6104,2025-01-24,SH.KC_688266,泽璟制药-U,化学制药,2.5156603
6105,2025-01-24,SH.KC_688273,麦澜德,医疗器械,2.5155857
6106,2025-01-24,SZ.ZB_002481,双塔食品,食品饮料,2.5150611
6107,2025-01-27,SH.KC_300259,新天科技,仪器仪表,2.5150075
6108,2025-01-24,SH.KC_688325,赛微微电,半导体,2.5146916
6109,2025-01-24,SH.KC_301187,欧圣电气,家电行业,2.514024
6110,2025-01-27,SH.KC_301508,中机认检,专业服务,2.513492
6111,2025-01-27,SZ.ZB_000895,双汇发展,食品饮料,2.5132358
6112,2025-01-24,SH.KC_300642,透景生命,医疗器械,2.5122702
6113,2025-01-27,SZ.ZB_002983,芯瑞达,光学光电子,2.5118186
6114,2025-01-24,SH.KC_300813,泰林生物,医疗器械,2.5113537
6115,2025-01-24,SZ.ZB_002883,中设股份,工程咨询服务,2.5105999
6116,2025-01-27,SH.KC_300470,中密控股,通用设备,2.5104477
6117,2025-01-24,SH.KC_300701,森霸传感,光学光电子,2.5103495
6118,2025-01-24,SZ.ZB_002412,汉森制药,中药,2.5098891
6119,2025-01-27,SZ.ZB_000543,皖能电力,电力行业,2.5098517
6120,2025-01-24,SZ.ZB_001266,宏英智能,仪器仪表,2.5094419
6121,2025-01-27,SH.KC_300021,大禹节水,农牧饲渔,2.5086687
6122,2025-01-24,SZ.ZB_002258,利尔化学,农药兽药,2.5084212
6123,2025-01-24,SH.KC_301469,恒达新材,造纸印刷,2.5078325
6124,2025-01-24,SH.ZB_600540,新赛股份,农牧饲渔,2.5076523
6125,2025-01-27,SZ.ZB_002919,名臣健康,游戏,2.5074258
6126,2025-01-24,SZ.ZB_002209,达 意 隆,专用设备,2.5073528
6127,2025-01-24,SZ.ZB_002679,福建金森,农牧饲渔,2.5072336
6128,2025-01-24,SH.KC_301272,英华特,专用设备,2.5069997
6129,2025-01-24,SH.KC_301116,益客食品,食品饮料,2.5063798
6130,2025-01-24,SZ.ZB_002479,富春环保,环保行业,2.505283
6131,2025-01-24,SH.KC_688549,中巨芯-U,电子化学品,2.505207
6132,2025-01-24,SH.ZB_603029,天鹅股份,专用设备,2.5047512
6133,2025-01-24,SH.KC_688020,方邦股份,电子元件,2.504699
6134,2025-01-24,SZ.ZB_001268,联合精密,通用设备,2.5040402
6135,2025-01-27,SH.ZB_605507,国邦医药,化学制药,2.5039568
6136,2025-01-27,SH.ZB_603207,小方制药,化学制药,2.5033488
6137,2025-01-27,SH.KC_300193,佳士科技,通用设备,2.502513
6138,2025-01-24,SH.KC_300981,中红医疗,医疗器械,2.5021746
6139,2025-01-24,SZ.ZB_002686,亿利达,通用设备,2.5018647
6140,2025-01-24,SH.ZB_600486,扬农化工,农药兽药,2.5016875
6141,2025-01-24,SH.KC_300197,节能铁汉,环保行业,2.5010676
6142,2025-01-27,SH.KC_300765,新诺威,食品饮料,2.500458
6143,2025-01-24,SH.KC_300966,共同药业,化学制药,2.5000691
6144,2025-01-24,SH.KC_301089,拓新药业,化学制药,2.4994538
6145,2025-01-24,SH.ZB_603999,读者传媒,文化传媒,2.498275
6146,2025-01-27,SH.KC_300963,中洲特材,有色金属,2.4980366
6147,2025-01-24,SH.KC_300400,劲拓股份,专用设备,2.4978235
6148,2025-01-27,SH.KC_300428,立中集团,汽车零部件,2.4975166
6149,2025-01-24,SH.KC_300314,戴维医疗,医疗器械,2.4973526
6150,2025-01-24,SH.KC_688726,拉普拉斯,光伏设备,2.496457
6151,2025-01-27,SH.ZB_600809,山西汾酒,酿酒行业,2.496338
6152,2025-01-27,SH.ZB_600803,新奥股份,燃气,2.4956331
6153,2025-01-27,SZ.ZB_000779,甘咨询,工程咨询服务,2.4954722
6154,2025-01-27,SZ.ZB_002876,三利谱,光学光电子,2.4946914
6155,2025-01-27,SH.KC_688425,铁建重工,工程机械,2.4946303
6156,2025-01-27,SZ.ZB_002483,润邦股份,专用设备,2.4945393
6157,2025-01-24,SH.KC_300916,朗特智能,消费电子,2.494453
6158,2025-01-24,SH.KC_688580,伟思医疗,医疗器械,2.494265
6159,2025-01-24,SZ.ZB_002593,日上集团,汽车零部件,2.4937973
6160,2025-01-27,SZ.ZB_002057,中钢天源,非金属材料,2.4932444
6161,2025-01-27,SH.KC_688232,新点软件,软件开发,2.4932384
6162,2025-01-27,SZ.ZB_002438,江苏神通,通用设备,2.492848
6163,2025-01-24,SH.ZB_600682,南京新百,商业百货,2.4928317
6164,2025-01-27,SH.ZB_600648,外高桥,房地产开发,2.4927483
6165,2025-01-24,SZ.ZB_002027,分众传媒,文化传媒,2.4923205
6166,2025-01-24,SH.ZB_605296,神农集团,农牧饲渔,2.4921312
6167,2025-01-27,SH.KC_300717,华信新材,塑料制品,2.4918423
6168,2025-01-24,SH.ZB_601888,中国中免,旅游酒店,2.4917378
6169,2025-01-24,SH.ZB_600053,九鼎投资,多元金融,2.4915667
6170,2025-01-27,SZ.ZB_003025,思进智能,通用设备,2.4910078
6171,2025-01-24,SZ.ZB_000065,北方国际,工程建设,2.4909184
6172,2025-01-24,SZ.ZB_002205,国统股份,水泥建材,2.4907424
6173,2025-01-27,SZ.ZB_000100,TCL科技,光学光电子,2.4905682
6174,2025-01-24,SH.ZB_600178,东安动力,汽车零部件,2.4904206
6175,2025-01-24,SZ.ZB_002384,东山精密,电子元件,2.489978
6176,2025-01-27,SH.KC_301206,三元生物,食品饮料,2.489923
6177,2025-01-24,SH.KC_301332,德尔玛,家电行业,2.4890065
6178,2025-01-27,SH.ZB_603113,金能科技,化学原料,2.4888515
6179,2025-01-24,SH.KC_300598,诚迈科技,软件开发,2.4883971
6180,2025-01-24,SH.ZB_600760,中航沈飞,航天航空,2.4883912
6181,2025-01-27,SH.ZB_603477,巨星农牧,农牧饲渔,2.4882913
6182,2025-01-24,SH.ZB_603071,物产环能,贸易行业,2.4882271
6183,2025-01-24,SH.ZB_600081,东风科技,汽车零部件,2.4879262
6184,2025-01-24,SH.KC_301236,软通动力,软件开发,2.487156
6185,2025-01-24,SH.ZB_600162,香江控股,房地产开发,2.4870844
6186,2025-01-27,SH.KC_301186,超达装备,汽车零部件,2.4869442
6187,2025-01-24,SZ.ZB_002797,第一创业,证券,2.4865017
6188,2025-01-27,SH.ZB_601113,华鼎股份,化纤行业,2.486451
6189,2025-01-24,SH.KC_688586,江航装备,航天航空,2.4861784
6190,2025-01-27,SH.ZB_600660,福耀玻璃,玻璃玻纤,2.4860218
6191,2025-01-27,SH.ZB_603489,八方股份,电机,2.4860203
6192,2025-01-27,SH.ZB_603027,千禾味业,食品饮料,2.4854422
6193,2025-01-27,SH.KC_301279,金道科技,通用设备,2.4849489
6194,2025-01-27,SH.ZB_603650,彤程新材,橡胶制品,2.4845972
6195,2025-01-27,SH.ZB_603381,永臻股份,光伏设备,2.4844408
6196,2025-01-24,SH.KC_301533,威马农机,专用设备,2.4843125
6197,2025-01-24,SZ.ZB_000529,广弘控股,食品饮料,2.4843023
6198,2025-01-24,SH.ZB_600103,青山纸业,造纸印刷,2.4841995
6199,2025-01-24,SH.ZB_603927,中科软,软件开发,2.4839191
6200,2025-01-27,SH.ZB_605169,洪通燃气,燃气,2.4838984
6201,2025-01-27,SH.KC_300893,松原股份,汽车零部件,2.4835243
6202,2025-01-24,SH.KC_688129,东来技术,化学制品,2.483289
6203,2025-01-27,SZ.ZB_002008,大族激光,通用设备,2.4827645
6204,2025-01-27,SH.ZB_600189,泉阳泉,食品饮料,2.4824276
6205,2025-01-27,SH.KC_300387,富邦科技,化肥行业,2.481854
6206,2025-01-24,SZ.ZB_003028,振邦智能,消费电子,2.481623
6207,2025-01-24,SH.KC_300145,中金环境,通用设备,2.4815366
6208,2025-01-27,SH.ZB_601366,利群股份,商业百货,2.481307
6209,2025-01-24,SZ.ZB_002277,友阿股份,商业百货,2.4809732
6210,2025-01-24,SZ.ZB_002790,瑞尔特,装修建材,2.4799168
6211,2025-01-27,SH.ZB_603586,金麒麟,汽车零部件,2.4799094
6212,2025-01-27,SZ.ZB_001896,豫能控股,电力行业,2.4798722
6213,2025-01-27,SH.ZB_600382,广东明珠,钢铁行业,2.4792762
6214,2025-01-27,SH.ZB_600645,中源协和,生物制品,2.479236
6215,2025-01-27,SH.KC_300750,宁德时代,电池,2.4789796
6216,2025-01-27,SH.ZB_600088,中视传媒,文化传媒,2.4781256
6217,2025-01-27,SZ.ZB_002598,山东章鼓,通用设备,2.4779544
6218,2025-01-27,SH.ZB_601995,中金公司,证券,2.4776294
6219,2025-01-24,SH.KC_300971,博亚精工,通用设备,2.4774208
6220,2025-01-27,SZ.ZB_000407,胜利股份,燃气,2.4773927
6221,2025-01-24,SH.KC_301577,美信科技,电子元件,2.4770663
6222,2025-01-24,SH.KC_300862,蓝盾光电,仪器仪表,2.4766266
6223,2025-01-27,SH.KC_688505,复旦张江,化学制药,2.4762511
6224,2025-01-24,SZ.ZB_002846,英联股份,包装材料,2.4747775
6225,2025-01-27,SH.ZB_600326,西藏天路,水泥建材,2.474691
6226,2025-01-24,SZ.ZB_002128,电投能源,煤炭行业,2.4742975
6227,2025-01-27,SH.ZB_603569,长久物流,物流行业,2.4741902
6228,2025-01-27,SH.ZB_603285,键邦股份,化学制品,2.473779
6229,2025-01-24,SH.KC_300620,光库科技,通信设备,2.4737656
6230,2025-01-24,SH.ZB_603408,建霖家居,装修装饰,2.4729862
6231,2025-01-24,SH.KC_301509,金凯生科,生物制品,2.4723992
6232,2025-01-24,SH.KC_300032,金龙机电,消费电子,2.472274
6233,2025-01-27,SH.KC_688139,海尔生物,医疗器械,2.4722695
6234,2025-01-24,SH.KC_301512,智信精密,专用设备,2.4718285
6235,2025-01-27,SH.ZB_600496,精工钢构,水泥建材,2.4713442
6236,2025-01-24,SZ.ZB_002550,千红制药,化学制药,2.4713426
6237,2025-01-24,SH.KC_300554,三超新材,通用设备,2.4710104
6238,2025-01-27,SH.ZB_603836,海程邦达,物流行业,2.4704158
6239,2025-01-24,SH.ZB_603167,渤海轮渡,航运港口,2.4703696
6240,2025-01-27,SH.KC_300446,航天智造,汽车零部件,2.4702384
6241,2025-01-27,SH.ZB_603815,交建股份,工程建设,2.4696112
6242,2025-01-27,SH.KC_300425,中建环能,环保行业,2.4690926
6243,2025-01-27,SH.KC_300363,博腾股份,化学制药,2.4690719
6244,2025-01-24,SH.KC_688518,联赢激光,专用设备,2.4689496
6245,2025-01-24,SH.KC_688013,天臣医疗,医疗器械,2.468875
6246,2025-01-24,SZ.ZB_000925,众合科技,交运设备,2.467774
6247,2025-01-24,SZ.ZB_000151,中成股份,贸易行业,2.4676993
6248,2025-01-24,SH.KC_300474,景嘉微,电子元件,2.4674714
6249,2025-01-24,SH.ZB_603137,恒尚节能,装修建材,2.467391
6250,2025-01-27,SZ.ZB_001300,三柏硕,家用轻工,2.4670303
6251,2025-01-27,SH.KC_301056,森赫股份,专用设备,2.4667456
6252,2025-01-24,SZ.ZB_001287,中电港,贸易行业,2.466002
6253,2025-01-27,SH.ZB_600570,恒生电子,软件开发,2.4652064
6254,2025-01-27,SZ.ZB_002479,富春环保,环保行业,2.4650142
6255,2025-01-24,SH.KC_688520,神州细胞-U,生物制品,2.4649456
6256,2025-01-27,SZ.ZB_002722,物产金轮,纺织服装,2.4646387
6257,2025-01-24,SH.ZB_600127,金健米业,农牧饲渔,2.4644017
6258,2025-01-27,SH.KC_301219,腾远钴业,能源金属,2.4643943
6259,2025-01-27,SH.KC_300239,东宝生物,生物制品,2.4643018
6260,2025-01-27,SH.ZB_600999,招商证券,证券,2.4635255
6261,2025-01-27,SZ.ZB_000333,美的集团,家电行业,2.463183
6262,2025-01-27,SH.ZB_605589,圣泉集团,化学制品,2.4630547
6263,2025-01-27,SH.ZB_600338,西藏珠峰,有色金属,2.4629548
6264,2025-01-24,SZ.ZB_002903,宇环数控,通用设备,2.4625912
6265,2025-01-27,SH.ZB_600779,水井坊,酿酒行业,2.462405
6266,2025-01-27,SH.ZB_600846,同济科技,工程建设,2.4616883
6267,2025-01-27,SZ.ZB_000065,北方国际,工程建设,2.4613664
6268,2025-01-27,SH.ZB_605100,华丰股份,通用设备,2.460879
6269,2025-01-24,SH.KC_688319,欧林生物,生物制品,2.4606957
6270,2025-01-24,SH.KC_688003,天准科技,通用设备,2.4602368
6271,2025-01-24,SH.ZB_600882,妙可蓝多,食品饮料,2.4597108
6272,2025-01-24,SH.KC_300254,仟源医药,化学制药,2.4591758
6273,2025-01-24,SZ.ZB_000786,北新建材,装修建材,2.459106
6274,2025-01-24,SH.KC_301336,趣睡科技,家用轻工,2.4588852
6275,2025-01-27,SH.ZB_600455,博通股份,教育,2.4579778
6276,2025-01-24,SH.KC_300357,我武生物,生物制品,2.4576128
6277,2025-01-24,SZ.ZB_000799,酒鬼酒,酿酒行业,2.4571152
6278,2025-01-27,SZ.ZB_002883,中设股份,工程咨询服务,2.456644
6279,2025-01-27,SH.KC_300401,花园生物,化学制药,2.4563327
6280,2025-01-24,SH.KC_301206,三元生物,食品饮料,2.4561822
6281,2025-01-27,SH.KC_688616,西力科技,电网设备,2.4561465
6282,2025-01-27,SH.KC_688772,珠海冠宇,电池,2.455835
6283,2025-01-24,SH.KC_300026,红日药业,中药,2.4557443
6284,2025-01-24,SZ.ZB_002414,高德红外,电子元件,2.4556384
6285,2025-01-27,SZ.ZB_002796,世嘉科技,专用设备,2.4554982
6286,2025-01-24,SH.KC_300796,贝斯美,农药兽药,2.4548755
6287,2025-01-27,SZ.ZB_001328,登康口腔,美容护理,2.4547875
6288,2025-01-24,SH.ZB_603997,继峰股份,汽车零部件,2.454777
6289,2025-01-27,SH.KC_300519,新光药业,中药,2.4544806
6290,2025-01-24,SH.KC_301081,严牌股份,环保行业,2.4539576
6291,2025-01-24,SH.ZB_603206,嘉环科技,通信服务,2.4538531
6292,2025-01-24,SH.ZB_600089,特变电工,电网设备,2.4533973
6293,2025-01-24,SH.KC_300408,三环集团,电子元件,2.453284
6294,2025-01-27,SZ.ZB_002064,华峰化学,化纤行业,2.4530544
6295,2025-01-24,SH.KC_688035,德邦科技,电子元件,2.4523706
6296,2025-01-24,SH.KC_301107,瑜欣电子,通用设备,2.4521098
6297,2025-01-27,SZ.ZB_000411,英特集团,医药商业,2.4515257
6298,2025-01-24,SH.KC_301359,东南电子,电子元件,2.4513154
6299,2025-01-27,SH.KC_300306,远方信息,仪器仪表,2.451165
6300,2025-01-27,SH.KC_688221,前沿生物-U,化学制药,2.45108
6301,2025-01-24,SH.KC_688110,东芯股份,半导体,2.4509013
6302,2025-01-24,SH.KC_300070,碧水源,环保行业,2.450861
6303,2025-01-27,SZ.ZB_001206,依依股份,美容护理,2.450429
6304,2025-01-24,SZ.ZB_002985,北摩高科,航天航空,2.4503694
6305,2025-01-27,SH.ZB_601990,南京证券,证券,2.449706
6306,2025-01-27,SH.KC_301100,风光股份,化学制品,2.4494157
6307,2025-01-24,SZ.ZB_002949,华阳国际,工程咨询服务,2.44938
6308,2025-01-24,SH.KC_688380,中微半导,半导体,2.4493203
6309,2025-01-24,SH.KC_300639,凯普生物,医疗器械,2.4490504
6310,2025-01-24,SH.KC_688611,杭州柯林,电网设备,2.4489655
6311,2025-01-27,SH.ZB_603980,吉华集团,化学制品,2.4484024
6312,2025-01-24,SH.ZB_600368,五洲交通,铁路公路,2.4483428
6313,2025-01-27,SZ.ZB_003036,泰坦股份,专用设备,2.4482756
6314,2025-01-24,SZ.ZB_001336,楚环科技,专用设备,2.4475322
6315,2025-01-24,SZ.ZB_002803,吉宏股份,文化传媒,2.4474905
6316,2025-01-24,SH.ZB_603982,泉峰汽车,汽车零部件,2.4474754
6317,2025-01-27,SH.KC_688651,盛邦安全,软件开发,2.446927
6318,2025-01-27,SH.KC_688367,工大高科,交运设备,2.4467573
6319,2025-01-27,SZ.ZB_002614,奥佳华,家电行业,2.4465919
6320,2025-01-24,SZ.ZB_003816,中国广核,电力行业,2.446434
6321,2025-01-24,SZ.ZB_001210,金房能源,公用事业,2.4464235
6322,2025-01-24,SH.ZB_600258,首旅酒店,旅游酒店,2.4461956
6323,2025-01-24,SH.ZB_600894,广日股份,专用设备,2.4459586
6324,2025-01-27,SH.ZB_603725,天安新材,化学制品,2.4450526
6325,2025-01-27,SZ.ZB_000559,万向钱潮,汽车零部件,2.4450243
6326,2025-01-27,SH.ZB_601689,拓普集团,汽车零部件,2.4448051
6327,2025-01-27,SH.ZB_603897,长城科技,电网设备,2.444613
6328,2025-01-24,SH.KC_688209,英集芯,半导体,2.4444103
6329,2025-01-24,SH.ZB_600989,宝丰能源,化学原料,2.4441571
6330,2025-01-24,SH.ZB_600515,海南机场,航空机场,2.4440958
6331,2025-01-24,SH.ZB_601698,中国卫通,通信服务,2.443491
6332,2025-01-27,SH.ZB_603890,春秋电子,消费电子,2.4429665
6333,2025-01-24,SH.KC_300826,测绘股份,工程咨询服务,2.4427624
6334,2025-01-27,SH.KC_688580,伟思医疗,医疗器械,2.4427028
6335,2025-01-27,SH.ZB_601969,海南矿业,钢铁行业,2.4426966
6336,2025-01-24,SH.KC_300239,东宝生物,生物制品,2.4425342
6337,2025-01-27,SH.ZB_600569,安阳钢铁,钢铁行业,2.4423912
6338,2025-01-27,SH.ZB_603466,风语筑,文化传媒,2.4417937
6339,2025-01-24,SH.KC_688485,九州一轨,环保行业,2.4413168
6340,2025-01-24,SZ.ZB_002793,罗欣药业,化学制药,2.4411485
6341,2025-01-24,SZ.ZB_002428,云南锗业,小金属,2.4409862
6342,2025-01-27,SZ.ZB_000639,西王食品,食品饮料,2.4408832
6343,2025-01-27,SH.KC_300230,永利股份,塑料制品,2.440536
6344,2025-01-27,SH.ZB_603979,金诚信,采掘行业,2.440481
6345,2025-01-27,SH.ZB_603739,蔚蓝生物,农牧饲渔,2.4403439
6346,2025-01-27,SH.KC_301235,华康医疗,医疗服务,2.43984
6347,2025-01-24,SZ.ZB_002413,雷科防务,通信设备,2.4395928
6348,2025-01-24,SZ.ZB_000519,中兵红箭,专用设备,2.4394364
6349,2025-01-24,SH.KC_301337,亚华电子,软件开发,2.4392753
6350,2025-01-27,SH.ZB_600310,广西能源,电力行业,2.4390488
6351,2025-01-27,SH.ZB_605319,无锡振华,汽车零部件,2.4387255
6352,2025-01-24,SZ.ZB_000554,泰山石油,石油行业,2.4384305
6353,2025-01-24,SH.ZB_605158,华达新材,钢铁行业,2.437982
6354,2025-01-27,SZ.ZB_002097,山河智能,工程机械,2.437271
6355,2025-01-24,SH.KC_300140,节能环境,环保行业,2.4366646
6356,2025-01-27,SZ.ZB_002589,瑞康医药,医药商业,2.4365127
6357,2025-01-24,SH.KC_688638,誉辰智能,电池,2.4364874
6358,2025-01-24,SH.ZB_600477,杭萧钢构,水泥建材,2.4356544
6359,2025-01-27,SH.ZB_603378,亚士创能,装修建材,2.4354293
6360,2025-01-24,SZ.ZB_002559,亚威股份,通用设备,2.4354248
6361,2025-01-27,SH.KC_688401,路维光电,半导体,2.435261
6362,2025-01-24,SZ.ZB_000601,韶能股份,电力行业,2.435185
6363,2025-01-24,SZ.ZB_000617,中油资本,多元金融,2.4349809
6364,2025-01-24,SH.KC_688253,英诺特,生物制品,2.434814
6365,2025-01-24,SH.ZB_600059,古越龙山,酿酒行业,2.434653
6366,2025-01-27,SH.ZB_600491,龙元建设,工程建设,2.4334238
6367,2025-01-24,SH.ZB_600643,爱建集团,多元金融,2.433422
6368,2025-01-24,SH.KC_300183,东软载波,通信服务,2.4333386
6369,2025-01-27,SZ.ZB_002202,金风科技,风电设备,2.433072
6370,2025-01-27,SH.ZB_603867,新化股份,化学制品,2.4327233
6371,2025-01-27,SH.ZB_601330,绿色动力,环保行业,2.4326787
6372,2025-01-24,SH.KC_300258,精锻科技,汽车零部件,2.432087
6373,2025-01-24,SZ.ZB_002307,北新路桥,工程建设,2.4319544
6374,2025-01-24,SZ.ZB_002821,凯莱英,医疗服务,2.431725
6375,2025-01-27,SH.ZB_600642,申能股份,电力行业,2.4313955
6376,2025-01-27,SZ.ZB_002893,京能热力,公用事业,2.4299412
6377,2025-01-27,SH.KC_300036,超图软件,软件开发,2.4296627
6378,2025-01-24,SH.KC_300804,广康生化,农药兽药,2.429244
6379,2025-01-27,SZ.ZB_001323,慕思股份,家用轻工,2.4292395
6380,2025-01-27,SZ.ZB_002572,索菲亚,装修建材,2.4290352
6381,2025-01-24,SH.KC_300880,迦南智能,电网设备,2.428815
6382,2025-01-24,SH.KC_301060,兰卫医学,医疗器械,2.4286985
6383,2025-01-27,SZ.ZB_002777,久远银海,互联网服务,2.4283066
6384,2025-01-24,SZ.ZB_002107,沃华医药,中药,2.4279191
6385,2025-01-27,SH.ZB_603058,永吉股份,造纸印刷,2.4278119
6386,2025-01-27,SZ.ZB_000055,方大集团,装修装饰,2.4273872
6387,2025-01-24,SZ.ZB_002274,华昌化工,化肥行业,2.4272814
6388,2025-01-27,SH.ZB_600887,伊利股份,食品饮料,2.4270759
6389,2025-01-27,SH.KC_300218,安利股份,塑料制品,2.4258718
6390,2025-01-27,SZ.ZB_000776,广发证券,证券,2.4258523
6391,2025-01-24,SH.ZB_603179,新泉股份,汽车零部件,2.4257228
6392,2025-01-24,SH.KC_300509,新美星,专用设备,2.4256139
6393,2025-01-24,SH.KC_300195,长荣股份,专用设备,2.4254904
6394,2025-01-27,SH.ZB_600963,岳阳林纸,造纸印刷,2.4254098
6395,2025-01-24,SH.ZB_600980,北矿科技,小金属,2.4253533
6396,2025-01-27,SH.ZB_600197,伊力特,酿酒行业,2.4249122
6397,2025-01-24,SH.KC_301189,奥尼电子,通信设备,2.424811
6398,2025-01-27,SH.ZB_603759,海天股份,公用事业,2.4247675
6399,2025-01-24,SZ.ZB_002349,精华制药,中药,2.4247675
6400,2025-01-27,SH.KC_300402,宝色股份,专用设备,2.4241433
6401,2025-01-24,SH.KC_688028,沃尔德,通用设备,2.4239824
6402,2025-01-27,SH.KC_301103,何氏眼科,医疗服务,2.4236917
6403,2025-01-27,SH.KC_301528,多浦乐,仪器仪表,2.4229183
6404,2025-01-24,SH.ZB_600784,鲁银投资,综合行业,2.4228902
6405,2025-01-24,SH.KC_300279,和晶科技,消费电子,2.4227648
6406,2025-01-27,SH.ZB_603125,常青科技,化学制品,2.42244
6407,2025-01-27,SH.ZB_600549,厦门钨业,小金属,2.4221137
6408,2025-01-27,SH.ZB_601968,宝钢包装,包装材料,2.4213479
6409,2025-01-27,SH.KC_301052,果麦文化,文化传媒,2.4212599
6410,2025-01-24,SH.KC_300207,欣旺达,电池,2.4201214
6411,2025-01-24,SH.KC_300102,乾照光电,光学光电子,2.4196653
6412,2025-01-24,SH.KC_300219,鸿利智汇,光学光电子,2.4190097
6413,2025-01-27,SH.ZB_603112,华翔股份,家电行业,2.4187446
6414,2025-01-24,SH.ZB_605208,永茂泰,汽车零部件,2.4181306
6415,2025-01-24,SH.ZB_601929,吉视传媒,文化传媒,2.4179459
6416,2025-01-24,SH.KC_300573,兴齐眼药,化学制药,2.417943
6417,2025-01-24,SH.KC_688370,丛麟科技,环保行业,2.4176807
6418,2025-01-24,SH.KC_688466,金科环境,环保行业,2.4173498
6419,2025-01-27,SH.ZB_600230,沧州大化,化学制品,2.4170728
6420,2025-01-24,SH.ZB_603218,日月股份,风电设备,2.4157941
6421,2025-01-24,SH.ZB_605228,神通科技,汽车零部件,2.4155438
6422,2025-01-24,SZ.ZB_002681,奋达科技,消费电子,2.4153562
6423,2025-01-24,SH.ZB_600815,厦工股份,工程机械,2.4153426
6424,2025-01-24,SH.KC_300389,艾比森,光学光电子,2.4151728
6425,2025-01-27,SH.ZB_600980,北矿科技,小金属,2.4150774
6426,2025-01-24,SZ.ZB_000049,德赛电池,电池,2.4146988
6427,2025-01-27,SH.ZB_600257,大湖股份,农牧饲渔,2.414681
6428,2025-01-24,SH.KC_300995,奇德新材,塑料制品,2.4145722
6429,2025-01-24,SZ.ZB_002889,东方嘉盛,物流行业,2.4134696
6430,2025-01-27,SH.ZB_600131,国网信通,互联网服务,2.4134264
6431,2025-01-27,SH.ZB_600918,中泰证券,证券,2.4129062
6432,2025-01-24,SH.KC_301182,凯旺科技,消费电子,2.412875
6433,2025-01-24,SZ.ZB_002159,三特索道,旅游酒店,2.412805
6434,2025-01-24,SH.KC_688593,新相微,半导体,2.4125218
6435,2025-01-24,SH.KC_300882,万胜智能,电网设备,2.4124012
6436,2025-01-27,SH.ZB_600746,江苏索普,化学原料,2.4121375
6437,2025-01-27,SH.KC_300203,聚光科技,环保行业,2.4118946
6438,2025-01-27,SH.ZB_601133,柏诚股份,工程建设,2.4110138
6439,2025-01-27,SH.ZB_603797,联泰环保,环保行业,2.4109602
6440,2025-01-24,SH.KC_301391,卡莱特,计算机设备,2.410619
6441,2025-01-24,SZ.ZB_002752,昇兴股份,包装材料,2.4101138
6442,2025-01-24,SH.ZB_603186,华正新材,电子元件,2.4098575
6443,2025-01-27,SH.ZB_600108,亚盛集团,农牧饲渔,2.4097457
6444,2025-01-24,SZ.ZB_002786,银宝山新,专用设备,2.409555
6445,2025-01-24,SZ.ZB_001234,泰慕士,纺织服装,2.4089785
6446,2025-01-24,SH.KC_301223,中荣股份,包装材料,2.4082735
6447,2025-01-24,SH.KC_300210,森远股份,环保行业,2.4074495
6448,2025-01-27,SH.ZB_601699,潞安环能,煤炭行业,2.407302
6449,2025-01-24,SH.KC_301219,腾远钴业,能源金属,2.4072812
6450,2025-01-24,SZ.ZB_001211,双枪科技,家用轻工,2.4067447
6451,2025-01-27,SH.KC_688777,中控技术,软件开发,2.4066732
6452,2025-01-27,SH.KC_688466,金科环境,环保行业,2.404523
6453,2025-01-24,SH.KC_300075,数字政通,软件开发,2.4043784
6454,2025-01-27,SH.KC_300481,濮阳惠成,电子化学品,2.4037094
6455,2025-01-24,SH.KC_300982,苏文电能,工程建设,2.4036393
6456,2025-01-24,SH.ZB_600988,赤峰黄金,贵金属,2.4031355
6457,2025-01-24,SH.KC_688602,康鹏科技,化学制品,2.4026916
6458,2025-01-27,SH.KC_688235,百济神州-U,生物制品,2.4026453
6459,2025-01-27,SH.KC_301087,可孚医疗,医疗器械,2.4022534
6460,2025-01-24,SH.KC_301203,国泰环保,环保行业,2.4018347
6461,2025-01-27,SH.KC_688273,麦澜德,医疗器械,2.401121
6462,2025-01-24,SH.ZB_600846,同济科技,工程建设,2.4009972
6463,2025-01-24,SZ.ZB_000593,德龙汇能,燃气,2.4006858
6464,2025-01-27,SZ.ZB_000729,燕京啤酒,酿酒行业,2.4005785
6465,2025-01-24,SZ.ZB_000683,远兴能源,化学原料,2.3997977
6466,2025-01-24,SH.ZB_603216,梦天家居,装修装饰,2.3994298
6467,2025-01-24,SH.KC_301269,华大九天,软件开发,2.398628
6468,2025-01-24,SH.ZB_603937,丽岛新材,有色金属,2.3986056
6469,2025-01-24,SH.ZB_601188,龙江交通,铁路公路,2.3982704
6470,2025-01-27,SZ.ZB_002969,嘉美包装,包装材料,2.3982227
6471,2025-01-27,SH.ZB_603605,珀莱雅,美容护理,2.3980572
6472,2025-01-27,SZ.ZB_002752,昇兴股份,包装材料,2.3979545
6473,2025-01-27,SH.ZB_600000,浦发银行,银行,2.396448
6474,2025-01-27,SZ.ZB_002651,利君股份,专用设备,2.3963675
6475,2025-01-24,SH.KC_301273,瑞晨环保,通用设备,2.3957684
6476,2025-01-24,SH.KC_688601,力芯微,半导体,2.3957238
6477,2025-01-24,SH.KC_300122,智飞生物,生物制品,2.395174
6478,2025-01-24,SH.ZB_600550,保变电气,电网设备,2.395147
6479,2025-01-24,SH.ZB_600853,龙建股份,工程建设,2.3950398
6480,2025-01-24,SH.KC_301023,江南奕帆,电机,2.3946285
6481,2025-01-27,SZ.ZB_002186,全 聚 德,旅游酒店,2.3933382
6482,2025-01-24,SH.ZB_600746,江苏索普,化学原料,2.3931906
6483,2025-01-27,SH.ZB_600121,郑州煤电,煤炭行业,2.3929448
6484,2025-01-24,SH.KC_300328,宜安科技,小金属,2.392845
6485,2025-01-24,SH.KC_300915,海融科技,食品饮料,2.3925633
6486,2025-01-24,SH.KC_301222,浙江恒威,电池,2.3922653
6487,2025-01-27,SZ.ZB_001336,楚环科技,专用设备,2.3905575
6488,2025-01-27,SZ.ZB_001211,双枪科技,家用轻工,2.3903205
6489,2025-01-24,SZ.ZB_002572,索菲亚,装修建材,2.3900642
6490,2025-01-27,SZ.ZB_001267,汇绿生态,工程建设,2.389978
6491,2025-01-27,SH.KC_300643,万通智控,汽车零部件,2.3892522
6492,2025-01-24,SH.KC_301166,优宁维,生物制品,2.3888395
6493,2025-01-24,SH.ZB_600392,盛和资源,小金属,2.3887231
6494,2025-01-27,SZ.ZB_000628,高新发展,工程建设,2.388388
6495,2025-01-24,SH.ZB_603288,海天味业,食品饮料,2.3883195
6496,2025-01-27,SH.ZB_603919,金徽酒,酿酒行业,2.3882434
6497,2025-01-27,SH.ZB_600073,光明肉业,食品饮料,2.388151
6498,2025-01-24,SH.ZB_603235,天新药业,食品饮料,2.387239
6499,2025-01-24,SZ.ZB_001279,强邦新材,造纸印刷,2.3868933
6500,2025-01-24,SH.ZB_601827,三峰环境,环保行业,2.3866847
6501,2025-01-24,SH.ZB_603968,醋化股份,化学制品,2.3865104
6502,2025-01-27,SH.ZB_603883,老百姓,医药商业,2.3863242
6503,2025-01-27,SH.KC_301267,华厦眼科,医疗服务,2.386105
6504,2025-01-27,SH.ZB_605162,新中港,公用事业,2.385764
6505,2025-01-24,SH.ZB_605389,长龄液压,工程机械,2.3854434
6506,2025-01-24,SH.KC_300706,阿石创,半导体,2.3854284
6507,2025-01-24,SH.ZB_603298,杭叉集团,工程机械,2.3852243
6508,2025-01-27,SZ.ZB_002916,深南电路,电子元件,2.3849964
6509,2025-01-24,SH.KC_688056,莱伯泰科,仪器仪表,2.3848863
6510,2025-01-27,SH.ZB_600956,新天绿能,燃气,2.3846283
6511,2025-01-24,SH.ZB_603825,华扬联众,文化传媒,2.3845627
6512,2025-01-27,SH.ZB_603199,九华旅游,旅游酒店,2.3844929
6513,2025-01-27,SH.KC_301305,朗坤环境,环保行业,2.383366
6514,2025-01-27,SZ.ZB_002305,南国置业,房地产开发,2.3833587
6515,2025-01-24,SH.ZB_603017,中衡设计,工程咨询服务,2.3831308
6516,2025-01-24,SH.KC_688291,金橙子,软件开发,2.3827047
6517,2025-01-27,SZ.ZB_000541,佛山照明,家电行业,2.382669
6518,2025-01-27,SH.ZB_600877,电科芯片,半导体,2.3822606
6519,2025-01-27,SH.ZB_603300,海南华铁,专用设备,2.3816123
6520,2025-01-24,SH.KC_300831,派瑞股份,半导体,2.3813725
6521,2025-01-27,SH.KC_688033,天宜上佳,光伏设备,2.3806782
6522,2025-01-24,SZ.ZB_002864,盘龙药业,中药,2.3803725
6523,2025-01-24,SH.ZB_600521,华海药业,化学制药,2.3803487
6524,2025-01-24,SH.KC_300522,世名科技,化学制品,2.380228
6525,2025-01-27,SH.ZB_603071,物产环能,贸易行业,2.3798957
6526,2025-01-27,SH.ZB_603288,海天味业,食品饮料,2.3796096
6527,2025-01-24,SZ.ZB_002256,兆新股份,电网设备,2.379261
6528,2025-01-24,SZ.ZB_001223,欧克科技,专用设备,2.3791432
6529,2025-01-27,SH.KC_301106,骏成科技,光学光电子,2.3786201
6530,2025-01-24,SH.KC_688069,德林海,环保行业,2.3785875
6531,2025-01-27,SZ.ZB_002867,周大生,珠宝首饰,2.3783789
6532,2025-01-24,SH.ZB_601002,晋亿实业,通用设备,2.3783624
6533,2025-01-24,SZ.ZB_000633,合金投资,有色金属,2.3783073
6534,2025-01-27,SZ.ZB_002557,洽洽食品,食品饮料,2.3783073
6535,2025-01-24,SZ.ZB_001216,华瓷股份,装修建材,2.3779497
6536,2025-01-24,SH.ZB_600338,西藏珠峰,有色金属,2.3779228
6537,2025-01-24,SH.KC_300617,安靠智电,电网设备,2.377513
6538,2025-01-24,SH.ZB_600633,浙数文化,游戏,2.376859
6539,2025-01-27,SZ.ZB_002043,兔 宝 宝,装修建材,2.376175
6540,2025-01-24,SH.KC_688135,利扬芯片,半导体,2.3760796
6541,2025-01-24,SH.ZB_603008,喜临门,装修建材,2.3758724
6542,2025-01-24,SH.ZB_605183,确成股份,橡胶制品,2.3737385
6543,2025-01-27,SH.KC_688398,赛特新材,化学制品,2.3735702
6544,2025-01-24,SH.KC_300668,杰恩设计,工程咨询服务,2.3725748
6545,2025-01-24,SH.ZB_603688,石英股份,非金属材料,2.3725166
6546,2025-01-24,SH.KC_301228,实朴检测,专业服务,2.3723826
6547,2025-01-24,SH.ZB_600252,中恒集团,中药,2.3723185
6548,2025-01-27,SH.ZB_600969,郴电国际,电力行业,2.3722932
6549,2025-01-27,SH.ZB_600476,湘邮科技,软件开发,2.3720713
6550,2025-01-27,SH.ZB_600089,特变电工,电网设备,2.3712919
6551,2025-01-24,SZ.ZB_000555,神州信息,互联网服务,2.3702593
6552,2025-01-27,SH.KC_301015,百洋医药,医药商业,2.3702383
6553,2025-01-24,SH.ZB_603055,台华新材,纺织服装,2.3700624
6554,2025-01-24,SH.ZB_600956,新天绿能,燃气,2.3700356
6555,2025-01-24,SH.KC_301073,君亭酒店,旅游酒店,2.369678
6556,2025-01-27,SH.KC_301053,远信工业,专用设备,2.3694305
6557,2025-01-24,SH.KC_300957,贝泰妮,美容护理,2.3677082
6558,2025-01-27,SH.ZB_603203,快克智能,专用设备,2.3676932
6559,2025-01-24,SH.ZB_603379,三美股份,化学制品,2.3674204
6560,2025-01-27,SH.KC_688060,云涌科技,软件开发,2.3673341
6561,2025-01-24,SZ.ZB_002332,仙琚制药,化学制药,2.367191
6562,2025-01-24,SZ.ZB_000926,福星股份,房地产开发,2.3669481
6563,2025-01-24,SZ.ZB_000536,华映科技,光学光电子,2.3669376
6564,2025-01-27,SZ.ZB_000860,顺鑫农业,酿酒行业,2.366905
6565,2025-01-24,SH.ZB_603378,亚士创能,装修建材,2.366674
6566,2025-01-24,SH.ZB_600983,惠而浦,家电行业,2.3665607
6567,2025-01-24,SH.ZB_603209,兴通股份,航运港口,2.365777
6568,2025-01-27,SZ.ZB_000498,山东路桥,工程建设,2.365735
6569,2025-01-24,SH.ZB_603318,水发燃气,燃气,2.3657084
6570,2025-01-24,SH.KC_300144,宋城演艺,旅游酒店,2.3656397
6571,2025-01-24,SZ.ZB_000955,欣龙控股,纺织服装,2.3654983
6572,2025-01-24,SH.KC_688568,中科星图,互联网服务,2.3651645
6573,2025-01-27,SZ.ZB_002907,华森制药,中药,2.3649797
6574,2025-01-27,SZ.ZB_002798,帝欧家居,装修建材,2.3649096
6575,2025-01-27,SH.KC_301222,浙江恒威,电池,2.364652
6576,2025-01-24,SH.KC_301197,工大科雅,软件开发,2.3626895
6577,2025-01-24,SZ.ZB_002984,森麒麟,橡胶制品,2.361843
6578,2025-01-27,SH.KC_688191,智洋创新,电网设备,2.3616374
6579,2025-01-27,SH.KC_300595,欧普康视,医疗器械,2.3606448
6580,2025-01-27,SH.ZB_605077,华康股份,食品饮料,2.3594246
6581,2025-01-27,SH.ZB_600547,山东黄金,贵金属,2.3592682
6582,2025-01-24,SH.ZB_601616,广电电气,电网设备,2.3582592
6583,2025-01-27,SH.ZB_603105,芯能科技,光伏设备,2.3582294
6584,2025-01-24,SH.ZB_603127,昭衍新药,医疗服务,2.3578672
6585,2025-01-27,SH.KC_300766,每日互动,互联网服务,2.3574398
6586,2025-01-27,SH.ZB_600262,北方股份,专用设备,2.357398
6587,2025-01-24,SH.ZB_600795,国电电力,电力行业,2.3565664
6588,2025-01-27,SH.ZB_600835,上海机电,专用设备,2.3562222
6589,2025-01-24,SH.ZB_603628,清源股份,光伏设备,2.3558438
6590,2025-01-24,SH.KC_301611,珂玛科技,非金属材料,2.3556843
6591,2025-01-24,SH.KC_300411,金盾股份,专用设备,2.3555608
6592,2025-01-24,SZ.ZB_000735,罗 牛 山,农牧饲渔,2.3552597
6593,2025-01-24,SZ.ZB_002020,京新药业,化学制药,2.3551583
6594,2025-01-24,SZ.ZB_000999,华润三九,中药,2.3546367
6595,2025-01-27,SH.ZB_601888,中国中免,旅游酒店,2.354422
6596,2025-01-24,SH.KC_300138,晨光生物,农牧饲渔,2.354145
6597,2025-01-27,SH.ZB_600517,国网英大,多元金融,2.3540602
6598,2025-01-24,SH.KC_688168,安博通,软件开发,2.3536339
6599,2025-01-27,SH.KC_688215,瑞晟智能,专用设备,2.3533792
6600,2025-01-27,SH.KC_300335,迪森股份,环保行业,2.353157
6601,2025-01-24,SH.ZB_600814,杭州解百,商业百货,2.3531258
6602,2025-01-27,SH.ZB_600573,惠泉啤酒,酿酒行业,2.3530796
6603,2025-01-24,SZ.ZB_002982,湘佳股份,农牧饲渔,2.3525834
6604,2025-01-24,SZ.ZB_000751,锌业股份,有色金属,2.3523822
6605,2025-01-27,SH.ZB_603326,我乐家居,装修建材,2.3521214
6606,2025-01-27,SH.ZB_601139,深圳燃气,燃气,2.3521066
6607,2025-01-27,SH.ZB_600261,阳光照明,家电行业,2.352047
6608,2025-01-24,SH.ZB_601138,工业富联,消费电子,2.351506
6609,2025-01-27,SH.ZB_603602,纵横通信,通信服务,2.3504615
6610,2025-01-24,SZ.ZB_000729,燕京啤酒,酿酒行业,2.350165
6611,2025-01-24,SH.KC_688652,京仪装备,半导体,2.3500905
6612,2025-01-27,SH.KC_300357,我武生物,生物制品,2.3500621
6613,2025-01-24,SH.ZB_600489,中金黄金,贵金属,2.3497403
6614,2025-01-24,SZ.ZB_002546,新联电子,电网设备,2.3496463
6615,2025-01-27,SZ.ZB_001239,永达股份,专用设备,2.34866
6616,2025-01-24,SZ.ZB_003017,大洋生物,化学原料,2.348493
6617,2025-01-27,SZ.ZB_002863,今飞凯达,汽车零部件,2.3482277
6618,2025-01-24,SH.ZB_603170,宝立食品,食品饮料,2.3478746
6619,2025-01-24,SZ.ZB_002506,协鑫集成,光伏设备,2.3474245
6620,2025-01-27,SZ.ZB_002980,华盛昌,仪器仪表,2.346903
6621,2025-01-24,SH.KC_300671,富满微,半导体,2.3468091
6622,2025-01-24,SZ.ZB_002023,海特高新,航天航空,2.346778
6623,2025-01-27,SZ.ZB_001278,一彬科技,汽车零部件,2.3458018
6624,2025-01-27,SH.ZB_601872,招商轮船,航运港口,2.3457124
6625,2025-01-27,SZ.ZB_000898,鞍钢股份,钢铁行业,2.345705
6626,2025-01-24,SZ.ZB_001278,一彬科技,汽车零部件,2.345544
6627,2025-01-27,SH.ZB_603488,展鹏科技,专用设备,2.3455038
6628,2025-01-27,SH.KC_688517,金冠电气,电网设备,2.3453758
6629,2025-01-27,SH.KC_301088,戎美股份,纺织服装,2.3453326
6630,2025-01-24,SZ.ZB_002940,昂利康,化学制药,2.3452594
6631,2025-01-27,SH.KC_300332,天壕能源,燃气,2.3445263
6632,2025-01-24,SZ.ZB_002809,红墙股份,化学制品,2.3445158
6633,2025-01-24,SH.ZB_600113,浙江东日,综合行业,2.344352
6634,2025-01-24,SH.ZB_603639,海利尔,农药兽药,2.3441792
6635,2025-01-24,SH.ZB_603906,龙蟠科技,电池,2.344039
6636,2025-01-27,SH.ZB_600848,上海临港,房地产开发,2.3439214
6637,2025-01-24,SZ.ZB_001965,招商公路,铁路公路,2.3438618
6638,2025-01-27,SH.ZB_601838,成都银行,银行,2.3430765
6639,2025-01-27,SH.ZB_601528,瑞丰银行,银行,2.342683
6640,2025-01-27,SH.KC_689009,九号公司-WD,交运设备,2.3423374
6641,2025-01-24,SH.KC_301128,强瑞技术,专用设备,2.3420022
6642,2025-01-24,SZ.ZB_002856,美芝股份,装修装饰,2.341883
6643,2025-01-24,SH.KC_301161,唯万密封,塑料制品,2.3415208
6644,2025-01-24,SH.KC_300867,圣元环保,环保行业,2.3403347
6645,2025-01-24,SZ.ZB_000712,锦龙股份,证券,2.3401365
6646,2025-01-24,SH.ZB_603722,阿科力,塑料制品,2.340032
6647,2025-01-24,SH.KC_300181,佐力药业,中药,2.3399339
6648,2025-01-27,SZ.ZB_003043,华亚智能,通用设备,2.3398967
6649,2025-01-24,SZ.ZB_000948,南天信息,软件开发,2.3397803
6650,2025-01-27,SH.ZB_600667,太极实业,工程建设,2.3397088
6651,2025-01-27,SH.KC_301428,世纪恒通,互联网服务,2.3396373
6652,2025-01-24,SZ.ZB_000819,岳阳兴长,石油行业,2.338934
6653,2025-01-27,SH.ZB_605123,派克新材,通用设备,2.33853
6654,2025-01-24,SH.KC_300441,鲍斯股份,通用设备,2.3384004
6655,2025-01-27,SZ.ZB_002911,佛燃能源,燃气,2.3383946
6656,2025-01-27,SZ.ZB_002273,水晶光电,光学光电子,2.338305
6657,2025-01-27,SH.ZB_600685,中船防务,船舶制造,2.337995
6658,2025-01-24,SH.KC_300988,津荣天宇,通用设备,2.337855
6659,2025-01-27,SH.ZB_605001,威奥股份,交运设备,2.3375988
6660,2025-01-24,SZ.ZB_000521,长虹美菱,家电行业,2.3374186
6661,2025-01-27,SZ.ZB_002870,香山股份,汽车零部件,2.3374007
6662,2025-01-27,SH.ZB_600583,海油工程,采掘行业,2.3372798
6663,2025-01-24,SH.ZB_601886,江河集团,装修装饰,2.3371906
6664,2025-01-24,SH.ZB_601766,中国中车,交运设备,2.336976
6665,2025-01-27,SH.ZB_603937,丽岛新材,有色金属,2.3368492
6666,2025-01-24,SH.KC_300214,日科化学,塑料制品,2.3364902
6667,2025-01-27,SZ.ZB_000651,格力电器,家电行业,2.3360431
6668,2025-01-27,SH.KC_300416,苏试试验,专业服务,2.3359509
6669,2025-01-24,SH.ZB_603949,雪龙集团,汽车零部件,2.3358047
6670,2025-01-24,SH.KC_300709,精研科技,消费电子,2.3356662
6671,2025-01-24,SH.KC_300619,金银河,电池,2.3352191
6672,2025-01-24,SZ.ZB_000885,城发环境,环保行业,2.3352013
6673,2025-01-24,SH.ZB_603517,绝味食品,食品饮料,2.3349895
6674,2025-01-27,SH.KC_688266,泽璟制药-U,化学制药,2.3347526
6675,2025-01-24,SH.ZB_603979,金诚信,采掘行业,2.3346617
6676,2025-01-27,SH.KC_688199,久日新材,化学制品,2.3346453
6677,2025-01-24,SH.ZB_600153,建发股份,贸易行业,2.3338823
6678,2025-01-24,SZ.ZB_002078,太阳纸业,造纸印刷,2.3338766
6679,2025-01-27,SH.ZB_603681,永冠新材,化学制品,2.3333087
6680,2025-01-27,SZ.ZB_002948,青岛银行,银行,2.3330688
6681,2025-01-24,SH.KC_688739,成大生物,生物制品,2.3330584
6682,2025-01-27,SH.KC_300200,高盟新材,化学制品,2.332343
6683,2025-01-27,SH.ZB_601118,海南橡胶,橡胶制品,2.3320675
6684,2025-01-24,SH.ZB_600510,黑牡丹,房地产开发,2.3320436
6685,2025-01-27,SH.KC_300801,泰和科技,化学制品,2.330841
6686,2025-01-24,SH.KC_300142,沃森生物,生物制品,2.330604
6687,2025-01-27,SZ.ZB_001337,四川黄金,贵金属,2.3303242
6688,2025-01-27,SH.ZB_603993,洛阳钼业,小金属,2.3303003
6689,2025-01-27,SH.KC_688109,品茗科技,软件开发,2.3297176
6690,2025-01-27,SZ.ZB_002409,雅克科技,电子化学品,2.3297012
6691,2025-01-24,SZ.ZB_002639,雪人股份,通用设备,2.3295388
6692,2025-01-24,SH.ZB_600027,华电国际,电力行业,2.329445
6693,2025-01-24,SH.ZB_603276,恒兴新材,化学原料,2.328597
6694,2025-01-24,SZ.ZB_000012,南  玻Ａ,玻璃玻纤,2.3285894
6695,2025-01-24,SH.ZB_600639,浦东金桥,房地产开发,2.3284435
6696,2025-01-24,SH.KC_688338,赛科希德,医疗器械,2.3279696
6697,2025-01-24,SH.KC_688671,碧兴物联,仪器仪表,2.3277059
6698,2025-01-27,SH.KC_300951,博硕科技,消费电子,2.3276105
6699,2025-01-24,SH.ZB_603500,祥和实业,交运设备,2.3274765
6700,2025-01-24,SH.KC_300821,东岳硅材,化学制品,2.3274243
6701,2025-01-27,SH.ZB_600668,尖峰集团,水泥建材,2.3268864
6702,2025-01-24,SZ.ZB_002130,沃尔核材,非金属材料,2.3267598
6703,2025-01-27,SZ.ZB_002641,公元股份,装修建材,2.3260608
6704,2025-01-24,SZ.ZB_000762,西藏矿业,能源金属,2.3257284
6705,2025-01-24,SH.KC_300636,同和药业,化学制药,2.325648
6706,2025-01-27,SH.ZB_603087,甘李药业,生物制品,2.325642
6707,2025-01-27,SH.KC_301355,南王科技,造纸印刷,2.325581
6708,2025-01-27,SH.KC_300679,电连技术,消费电子,2.3244233
6709,2025-01-27,SH.KC_301065,本立科技,化学原料,2.324371
6710,2025-01-27,SH.KC_688561,奇安信-U,软件开发,2.3243203
6711,2025-01-24,SH.KC_300263,隆华科技,通用设备,2.3237154
6712,2025-01-24,SZ.ZB_000025,特  力Ａ,珠宝首饰,2.323547
6713,2025-01-24,SH.KC_300587,天铁科技,橡胶制品,2.323422
6714,2025-01-27,SZ.ZB_002458,益生股份,农牧饲渔,2.3230896
6715,2025-01-24,SZ.ZB_002233,塔牌集团,水泥建材,2.3229883
6716,2025-01-27,SZ.ZB_000928,中钢国际,工程咨询服务,2.3226738
6717,2025-01-24,SZ.ZB_002823,凯中精密,电机,2.3226023
6718,2025-01-27,SZ.ZB_001222,源飞宠物,家用轻工,2.322042
6719,2025-01-24,SH.ZB_600855,航天长峰,计算机设备,2.3213313
6720,2025-01-27,SH.ZB_600267,海正药业,化学制药,2.3203611
6721,2025-01-24,SH.ZB_603207,小方制药,化学制药,2.3200943
6722,2025-01-27,SH.ZB_603939,益丰药房,医药商业,2.3200884
6723,2025-01-27,SH.ZB_600792,云煤能源,煤炭行业,2.3198411
6724,2025-01-27,SH.ZB_603878,武进不锈,钢铁行业,2.319573
6725,2025-01-24,SH.ZB_605358,立昂微,半导体,2.3194656
6726,2025-01-27,SH.ZB_600017,日照港,航运港口,2.318129
6727,2025-01-27,SH.KC_300381,溢多利,化学制药,2.318032
6728,2025-01-24,SH.ZB_601866,中远海发,航运港口,2.3168802
6729,2025-01-24,SH.ZB_600267,海正药业,化学制药,2.3167193
6730,2025-01-27,SZ.ZB_000568,泸州老窖,酿酒行业,2.3164585
6731,2025-01-24,SZ.ZB_002344,海宁皮城,商业百货,2.316244
6732,2025-01-27,SH.ZB_600725,云维股份,煤炭行业,2.3157313
6733,2025-01-24,SH.ZB_600019,宝钢股份,钢铁行业,2.3153872
6734,2025-01-24,SH.ZB_603036,如通股份,专用设备,2.3150518
6735,2025-01-27,SH.KC_300316,晶盛机电,光伏设备,2.3148656
6736,2025-01-24,SH.ZB_603725,天安新材,化学制品,2.3146896
6737,2025-01-27,SZ.ZB_002412,汉森制药,中药,2.3146777
6738,2025-01-24,SH.KC_688658,悦康药业,化学制药,2.3146167
6739,2025-01-27,SH.KC_688136,科兴制药,生物制品,2.3138807
6740,2025-01-24,SH.ZB_600233,圆通速递,物流行业,2.313514
6741,2025-01-24,SH.KC_688329,艾隆科技,专用设备,2.313149
6742,2025-01-24,SH.ZB_603950,长源东谷,汽车零部件,2.3130462
6743,2025-01-24,SH.ZB_603279,景津装备,专用设备,2.312276
6744,2025-01-27,SZ.ZB_000403,派林生物,生物制品,2.3119524
6745,2025-01-24,SH.ZB_600217,中再资环,环保行业,2.3114264
6746,2025-01-24,SH.ZB_600642,申能股份,电力行业,2.311337
6747,2025-01-24,SH.ZB_600838,上海九百,商业百货,2.3110733
6748,2025-01-27,SZ.ZB_002987,京北方,软件开发,2.310933
6749,2025-01-27,SZ.ZB_002264,新 华 都,互联网服务,2.3106172
6750,2025-01-27,SH.KC_300138,晨光生物,农牧饲渔,2.3101106
6751,2025-01-27,SH.ZB_603191,望变电气,电网设备,2.3100824
6752,2025-01-24,SH.KC_301170,锡南科技,汽车零部件,2.309321
6753,2025-01-24,SZ.ZB_000949,新乡化纤,化纤行业,2.309282
6754,2025-01-27,SH.KC_301133,金钟股份,汽车零部件,2.3092701
6755,2025-01-24,SZ.ZB_002749,国光股份,农药兽药,2.3092613
6756,2025-01-24,SH.ZB_603936,博敏电子,电子元件,2.308786
6757,2025-01-24,SH.KC_300387,富邦科技,化肥行业,2.308756
6758,2025-01-24,SH.KC_688356,键凯科技,化学制药,2.3084462
6759,2025-01-27,SH.KC_688069,德林海,环保行业,2.3079128
6760,2025-01-27,SH.KC_301006,迈拓股份,仪器仪表,2.3078532
6761,2025-01-24,SH.ZB_600862,中航高科,航天航空,2.3059263
6762,2025-01-27,SH.ZB_600372,中航机载,航天航空,2.305852
6763,2025-01-24,SZ.ZB_002753,永东股份,橡胶制品,2.3056507
6764,2025-01-27,SH.ZB_600966,博汇纸业,造纸印刷,2.3054674
6765,2025-01-24,SH.ZB_603551,奥普科技,家电行业,2.305019
6766,2025-01-24,SH.ZB_600008,首创环保,公用事业,2.3040607
6767,2025-01-24,SZ.ZB_002162,悦心健康,装修建材,2.3037806
6768,2025-01-27,SH.ZB_600885,宏发股份,电网设备,2.30356
6769,2025-01-27,SH.ZB_600059,古越龙山,酿酒行业,2.3033051
6770,2025-01-27,SH.KC_301151,冠龙节能,通用设备,2.3032517
6771,2025-01-24,SH.ZB_603527,众源新材,有色金属,2.3030117
6772,2025-01-24,SH.KC_688702,盛科通信-U,半导体,2.302991
6773,2025-01-24,SH.KC_300498,温氏股份,农牧饲渔,2.302958
6774,2025-01-24,SH.ZB_600055,万东医疗,医疗器械,2.302809
6775,2025-01-24,SH.KC_301263,泰恩康,医药商业,2.302675
6776,2025-01-24,SZ.ZB_002952,亚世光电,光学光电子,2.3026288
6777,2025-01-27,SH.ZB_603889,新澳股份,纺织服装,2.3018255
6778,2025-01-24,SZ.ZB_002873,新天药业,中药,2.3016825
6779,2025-01-24,SZ.ZB_000969,安泰科技,通用设备,2.3012593
6780,2025-01-27,SH.ZB_600575,淮河能源,物流行业,2.300343
6781,2025-01-27,SH.ZB_601599,浙文影业,纺织服装,2.2996159
6782,2025-01-24,SZ.ZB_002419,天虹股份,商业百货,2.2996128
6783,2025-01-27,SZ.ZB_000019,深粮控股,贸易行业,2.2994905
6784,2025-01-24,SH.ZB_603956,威派格,专用设备,2.299349
6785,2025-01-27,SH.ZB_601339,百隆东方,纺织服装,2.29924
6786,2025-01-24,SH.ZB_600826,兰生股份,贸易行业,2.298595
6787,2025-01-24,SH.KC_301229,纽泰格,汽车零部件,2.2985518
6788,2025-01-27,SH.ZB_603997,继峰股份,汽车零部件,2.298452
6789,2025-01-27,SH.KC_300979,华利集团,纺织服装,2.2984028
6790,2025-01-24,SZ.ZB_002320,海峡股份,航运港口,2.2983716
6791,2025-01-24,SH.ZB_600566,济川药业,中药,2.2977085
6792,2025-01-24,SZ.ZB_002255,海陆重工,电源设备,2.2973433
6793,2025-01-24,SH.ZB_600828,茂业商业,商业百货,2.2972896
6794,2025-01-27,SH.ZB_600249,两面针,美容护理,2.2971988
6795,2025-01-27,SZ.ZB_002516,旷达科技,汽车零部件,2.2970572
6796,2025-01-24,SH.ZB_603606,东方电缆,电网设备,2.2968383
6797,2025-01-27,SH.KC_688648,中邮科技,通用设备,2.2963822
6798,2025-01-27,SZ.ZB_002371,北方华创,半导体,2.2953763
6799,2025-01-27,SH.KC_301367,怡和嘉业,医疗器械,2.2948608
6800,2025-01-24,SH.KC_301090,华润材料,化学原料,2.2946715
6801,2025-01-24,SH.ZB_600557,康缘药业,中药,2.2945776
6802,2025-01-27,SH.ZB_605296,神农集团,农牧饲渔,2.2945256
6803,2025-01-24,SZ.ZB_002080,中材科技,玻璃玻纤,2.2944956
6804,2025-01-24,SH.ZB_600583,海油工程,采掘行业,2.2941737
6805,2025-01-24,SH.ZB_603992,松霖科技,装修建材,2.2926464
6806,2025-01-24,SH.KC_300444,双杰电气,电网设备,2.2925317
6807,2025-01-24,SZ.ZB_002761,浙江建投,工程建设,2.292435
6808,2025-01-24,SH.ZB_600825,新华传媒,文化传媒,2.291733
6809,2025-01-27,SH.ZB_600851,海欣股份,化学制药,2.2912667
6810,2025-01-24,SH.KC_301367,怡和嘉业,医疗器械,2.2910535
6811,2025-01-27,SH.ZB_605189,富春染织,纺织服装,2.2888467
6812,2025-01-27,SH.ZB_600278,东方创业,贸易行业,2.288714
6813,2025-01-24,SH.ZB_603027,千禾味业,食品饮料,2.288237
6814,2025-01-24,SZ.ZB_000068,华控赛格,环保行业,2.2880821
6815,2025-01-24,SH.ZB_603648,畅联股份,物流行业,2.2875533
6816,2025-01-24,SH.ZB_600104,上汽集团,汽车整车,2.287382
6817,2025-01-27,SH.KC_300110,华仁药业,化学制药,2.286619
6818,2025-01-24,SH.ZB_601718,际华集团,纺织服装,2.2865324
6819,2025-01-24,SH.KC_688271,联影医疗,医疗器械,2.2861838
6820,2025-01-24,SH.ZB_605086,龙高股份,采掘行业,2.2860022
6821,2025-01-24,SH.ZB_603380,易德龙,消费电子,2.2859528
6822,2025-01-24,SH.KC_688212,澳华内镜,医疗器械,2.285698
6823,2025-01-27,SZ.ZB_000708,中信特钢,钢铁行业,2.28554
6824,2025-01-24,SZ.ZB_002169,智光电气,电网设备,2.2853062
6825,2025-01-24,SH.ZB_605499,东鹏饮料,食品饮料,2.2848935
6826,2025-01-24,SH.KC_301353,普莱得,通用设备,2.2844687
6827,2025-01-27,SZ.ZB_003816,中国广核,电力行业,2.2840798
6828,2025-01-24,SH.ZB_603368,柳药集团,医药商业,2.284038
6829,2025-01-24,SZ.ZB_000090,天健集团,房地产开发,2.283564
6830,2025-01-24,SH.ZB_600783,鲁信创投,非金属材料,2.2833273
6831,2025-01-24,SZ.ZB_001358,兴欣新材,化学原料,2.283244
6832,2025-01-24,SH.KC_301588,美新科技,家用轻工,2.2831202
6833,2025-01-27,SZ.ZB_002821,凯莱英,医疗服务,2.2826343
6834,2025-01-24,SH.KC_688521,芯原股份,半导体,2.2824988
6835,2025-01-24,SH.ZB_600686,金龙汽车,汽车整车,2.2821903
6836,2025-01-24,SH.KC_300771,智莱科技,计算机设备,2.2821188
6837,2025-01-27,SH.KC_688329,艾隆科技,专用设备,2.2813275
6838,2025-01-27,SH.KC_301353,普莱得,通用设备,2.2811174
6839,2025-01-27,SH.ZB_603321,梅轮电梯,专用设备,2.2804453
6840,2025-01-24,SH.ZB_600854,春兰股份,家电行业,2.2804127
6841,2025-01-27,SH.KC_688618,三旺通信,通信设备,2.279301
6842,2025-01-27,SZ.ZB_002566,益盛药业,中药,2.278395
6843,2025-01-27,SH.ZB_600674,川投能源,电力行业,2.2782354
6844,2025-01-27,SZ.ZB_000089,深圳机场,航空机场,2.277936
6845,2025-01-27,SH.ZB_600449,宁夏建材,水泥建材,2.2778153
6846,2025-01-24,SH.ZB_600606,绿地控股,房地产开发,2.277665
6847,2025-01-24,SZ.ZB_002021,中捷资源,专用设备,2.2766113
6848,2025-01-27,SH.ZB_601005,重庆钢铁,钢铁行业,2.2765815
6849,2025-01-27,SZ.ZB_002942,新农股份,农药兽药,2.2764893
6850,2025-01-24,SH.ZB_603759,海天股份,公用事业,2.2763371
6851,2025-01-24,SH.KC_300244,迪安诊断,医疗服务,2.2762372
6852,2025-01-24,SZ.ZB_002305,南国置业,房地产开发,2.2757754
6853,2025-01-24,SH.KC_300669,沪宁股份,专用设备,2.2756815
6854,2025-01-27,SZ.ZB_002935,天奥电子,通信设备,2.2755237
6855,2025-01-24,SH.ZB_603311,金海高科,家电行业,2.275522
6856,2025-01-24,SH.KC_300320,海达股份,橡胶制品,2.273874
6857,2025-01-24,SZ.ZB_001225,和泰机电,通用设备,2.2737935
6858,2025-01-27,SH.KC_688786,悦安新材,有色金属,2.2734194
6859,2025-01-27,SZ.ZB_002349,精华制药,中药,2.273418
6860,2025-01-24,SZ.ZB_002380,科远智慧,互联网服务,2.2730918
6861,2025-01-27,SH.KC_300196,长海股份,玻璃玻纤,2.2726908
6862,2025-01-27,SH.KC_688046,药康生物,生物制品,2.2724018
6863,2025-01-24,SH.KC_688169,石头科技,家电行业,2.272357
6864,2025-01-27,SZ.ZB_002891,中宠股份,农牧饲渔,2.2722914
6865,2025-01-27,SH.KC_300995,奇德新材,塑料制品,2.2721217
6866,2025-01-24,SH.KC_300053,航宇微,半导体,2.2718847
6867,2025-01-27,SZ.ZB_000951,中国重汽,汽车整车,2.2714927
6868,2025-01-24,SH.ZB_600763,通策医疗,医疗服务,2.2709205
6869,2025-01-24,SH.KC_300695,兆丰股份,汽车零部件,2.270706
6870,2025-01-24,SH.KC_688479,友车科技,汽车服务,2.2706537
6871,2025-01-27,SH.KC_300041,回天新材,化学制品,2.2706196
6872,2025-01-27,SH.ZB_603565,中谷物流,物流行业,2.2704692
6873,2025-01-24,SH.ZB_600339,中油工程,采掘行业,2.2704124
6874,2025-01-24,SH.KC_301607,富特科技,汽车零部件,2.2701473
6875,2025-01-24,SH.KC_300217,东方电热,家电行业,2.2698925
6876,2025-01-27,SH.KC_300821,东岳硅材,化学制品,2.2698298
6877,2025-01-24,SZ.ZB_002058,威尔泰,电网设备,2.2695093
6878,2025-01-24,SH.ZB_600509,天富能源,电力行业,2.2684515
6879,2025-01-27,SZ.ZB_003028,振邦智能,消费电子,2.2676616
6880,2025-01-27,SH.ZB_601000,唐山港,航运港口,2.2665248
6881,2025-01-24,SZ.ZB_000858,五 粮 液,酿酒行业,2.2665203
6882,2025-01-27,SH.ZB_605222,起帆电缆,电网设备,2.2663786
6883,2025-01-24,SZ.ZB_000571,新大洲A,煤炭行业,2.2663488
6884,2025-01-27,SZ.ZB_002550,千红制药,化学制药,2.2653863
6885,2025-01-27,SZ.ZB_002476,宝莫股份,化学制品,2.2650094
6886,2025-01-24,SZ.ZB_000062,深圳华强,电子元件,2.2643507
6887,2025-01-27,SH.ZB_601008,连云港,航运港口,2.264291
6888,2025-01-24,SH.ZB_605255,天普股份,汽车零部件,2.2638485
6889,2025-01-27,SZ.ZB_002160,常铝股份,有色金属,2.2637904
6890,2025-01-27,SZ.ZB_002216,三全食品,食品饮料,2.263774
6891,2025-01-27,SH.ZB_600493,凤竹纺织,纺织服装,2.2637277
6892,2025-01-27,SZ.ZB_000524,岭南控股,旅游酒店,2.263358
6893,2025-01-24,SZ.ZB_002669,康达新材,化学制品,2.2631497
6894,2025-01-24,SH.ZB_601333,广深铁路,物流行业,2.2631302
6895,2025-01-27,SZ.ZB_003032,传智教育,教育,2.2629948
6896,2025-01-27,SZ.ZB_002120,韵达股份,物流行业,2.2623167
6897,2025-01-27,SH.KC_300501,海顺新材,包装材料,2.2623003
6898,2025-01-27,SZ.ZB_002938,鹏鼎控股,电子元件,2.2620678
6899,2025-01-24,SZ.ZB_002405,四维图新,软件开发,2.2617147
6900,2025-01-27,SZ.ZB_002340,格林美,能源金属,2.2615983
6901,2025-01-24,SH.KC_300692,中环环保,环保行业,2.2613435
6902,2025-01-24,SH.KC_688543,国科军工,航天航空,2.2608564
6903,2025-01-24,SH.KC_300609,汇纳科技,互联网服务,2.2607179
6904,2025-01-27,SH.ZB_601225,陕西煤业,煤炭行业,2.260676
6905,2025-01-24,SH.KC_300690,双一科技,风电设备,2.2604227
6906,2025-01-24,SH.ZB_600470,六国化工,化肥行业,2.2594543
6907,2025-01-24,SH.KC_300722,新余国科,航天航空,2.25932
6908,2025-01-27,SH.KC_688289,圣湘生物,医疗器械,2.2591324
6909,2025-01-27,SZ.ZB_002049,紫光国微,半导体,2.2590756
6910,2025-01-27,SZ.ZB_000778,新兴铸管,钢铁行业,2.2590384
6911,2025-01-24,SH.KC_301103,何氏眼科,医疗服务,2.2589207
6912,2025-01-24,SZ.ZB_002077,大港股份,半导体,2.2586942
6913,2025-01-24,SH.ZB_600250,南京商旅,贸易行业,2.2586794
6914,2025-01-24,SH.ZB_600072,中船科技,风电设备,2.258469
6915,2025-01-24,SH.ZB_601233,桐昆股份,化纤行业,2.258283
6916,2025-01-27,SH.ZB_605088,冠盛股份,汽车零部件,2.2581756
6917,2025-01-27,SH.ZB_600461,洪城环境,公用事业,2.2579699
6918,2025-01-24,SH.KC_300586,美联新材,塑料制品,2.2573829
6919,2025-01-24,SH.ZB_605507,国邦医药,化学制药,2.256961
6920,2025-01-24,SH.ZB_603797,联泰环保,环保行业,2.2566915
6921,2025-01-24,SH.KC_300761,立华股份,农牧饲渔,2.2566185
6922,2025-01-24,SZ.ZB_001207,联科科技,橡胶制品,2.2563338
6923,2025-01-27,SH.KC_301260,格力博,专用设备,2.256009
6924,2025-01-24,SH.ZB_603057,紫燕食品,食品饮料,2.255924
6925,2025-01-27,SH.KC_300888,稳健医疗,美容护理,2.2558675
6926,2025-01-27,SZ.ZB_002864,盘龙药业,中药,2.2550316
6927,2025-01-27,SH.KC_300514,友讯达,电网设备,2.2546797
6928,2025-01-27,SH.ZB_603348,文灿股份,汽车零部件,2.2540598
6929,2025-01-27,SH.ZB_603380,易德龙,消费电子,2.2535653
6930,2025-01-27,SZ.ZB_002937,兴瑞科技,消费电子,2.2528038
6931,2025-01-27,SZ.ZB_002768,国恩股份,塑料制品,2.2518396
6932,2025-01-24,SH.ZB_603558,健盛集团,纺织服装,2.2513225
6933,2025-01-24,SH.ZB_601999,出版传媒,文化传媒,2.2508488
6934,2025-01-24,SH.ZB_603130,云中马,纺织服装,2.2507682
6935,2025-01-24,SZ.ZB_000713,丰乐种业,农牧饲渔,2.2506907
6936,2025-01-27,SH.ZB_601177,杭齿前进,通用设备,2.2500098
6937,2025-01-24,SH.ZB_603507,振江股份,风电设备,2.2500052
6938,2025-01-24,SH.ZB_603369,今世缘,酿酒行业,2.2499905
6939,2025-01-27,SH.ZB_603115,海星股份,电子元件,2.2499785
6940,2025-01-27,SH.KC_301265,华新环保,环保行业,2.2496521
6941,2025-01-27,SH.ZB_603458,勘设股份,工程咨询服务,2.249144
6942,2025-01-24,SZ.ZB_002176,江特电机,电机,2.2490115
6943,2025-01-24,SZ.ZB_002900,哈三联,化学制药,2.2480936
6944,2025-01-27,SZ.ZB_002766,索菱股份,互联网服务,2.2470937
6945,2025-01-24,SH.ZB_603839,安正时尚,纺织服装,2.246864
6946,2025-01-24,SH.ZB_603088,宁波精达,通用设备,2.2467585
6947,2025-01-24,SH.KC_300407,凯发电气,电网设备,2.2466807
6948,2025-01-24,SH.KC_301071,力量钻石,非金属材料,2.2461624
6949,2025-01-24,SH.KC_688139,海尔生物,医疗器械,2.2460446
6950,2025-01-24,SH.ZB_601101,昊华能源,煤炭行业,2.245991
6951,2025-01-24,SH.KC_688767,博拓生物,医疗器械,2.2459044
6952,2025-01-24,SH.ZB_600999,招商证券,证券,2.2456572
6953,2025-01-27,SZ.ZB_000786,北新建材,装修建材,2.24555
6954,2025-01-27,SH.ZB_603331,百达精工,通用设备,2.245523
6955,2025-01-24,SZ.ZB_001222,源飞宠物,家用轻工,2.2454023
6956,2025-01-27,SH.ZB_600826,兰生股份,贸易行业,2.244094
6957,2025-01-27,SZ.ZB_002779,中坚科技,专用设备,2.244085
6958,2025-01-24,SH.ZB_601096,宏盛华源,电网设备,2.2437677
6959,2025-01-24,SH.ZB_603520,司太立,化学制药,2.2431388
6960,2025-01-24,SH.KC_300733,西菱动力,汽车零部件,2.242446
6961,2025-01-27,SH.KC_301500,飞南资源,环保行业,2.242285
6962,2025-01-27,SH.ZB_601886,江河集团,装修装饰,2.2418976
6963,2025-01-24,SH.ZB_603607,京华激光,造纸印刷,2.241385
6964,2025-01-24,SZ.ZB_002990,盛视科技,软件开发,2.2411525
6965,2025-01-24,SH.KC_688517,金冠电气,电网设备,2.2405252
6966,2025-01-24,SH.ZB_600993,马应龙,中药,2.2395685
6967,2025-01-27,SH.ZB_601018,宁波港,航运港口,2.2395089
6968,2025-01-24,SH.ZB_601658,邮储银行,银行,2.2378192
6969,2025-01-27,SH.ZB_600488,津药药业,化学制药,2.2377775
6970,2025-01-24,SH.ZB_600236,桂冠电力,电力行业,2.23777
6971,2025-01-24,SZ.ZB_002523,天桥起重,专用设备,2.237639
6972,2025-01-27,SH.ZB_603799,华友钴业,能源金属,2.236657
6973,2025-01-27,SH.KC_301277,新天地,化学制药,2.2358344
6974,2025-01-27,SZ.ZB_002900,哈三联,化学制药,2.235818
6975,2025-01-24,SZ.ZB_002203,海亮股份,有色金属,2.2353485
6976,2025-01-27,SZ.ZB_001230,劲旅环境,环保行业,2.2350101
6977,2025-01-24,SH.KC_688501,青达环保,专用设备,2.2346065
6978,2025-01-27,SH.KC_688180,君实生物-U,生物制品,2.2337809
6979,2025-01-24,SH.KC_300187,永清环保,环保行业,2.2337422
6980,2025-01-27,SH.KC_688439,振华风光,半导体,2.2329316
6981,2025-01-24,SZ.ZB_000503,国新健康,软件开发,2.231966
6982,2025-01-27,SH.ZB_600258,首旅酒店,旅游酒店,2.2316723
6983,2025-01-24,SH.KC_688385,复旦微电,半导体,2.2312
6984,2025-01-24,SH.ZB_603109,神驰机电,通用设备,2.2307947
6985,2025-01-24,SH.KC_300252,金信诺,通信设备,2.230239
6986,2025-01-24,SH.KC_688367,工大高科,交运设备,2.2300258
6987,2025-01-27,SZ.ZB_002999,天禾股份,化肥行业,2.2297173
6988,2025-01-27,SH.ZB_600279,重庆港,航运港口,2.229333
6989,2025-01-27,SH.KC_301349,信德新材,化学制品,2.2287025
6990,2025-01-24,SH.ZB_600256,广汇能源,石油行业,2.2285774
6991,2025-01-24,SH.ZB_601369,陕鼓动力,通用设备,2.2283196
6992,2025-01-24,SZ.ZB_002342,巨力索具,通用设备,2.2279515
6993,2025-01-24,SH.KC_300542,新晨科技,软件开发,2.227631
6994,2025-01-24,SH.ZB_603066,音飞储存,物流行业,2.2273495
6995,2025-01-24,SH.KC_300306,远方信息,仪器仪表,2.2270904
6996,2025-01-24,SZ.ZB_002120,韵达股份,物流行业,2.2268982
6997,2025-01-27,SH.KC_300171,东富龙,医疗器械,2.226852
6998,2025-01-27,SH.KC_300463,迈克生物,医疗器械,2.226764
6999,2025-01-24,SZ.ZB_002210,飞马国际,环保行业,2.2263572
7000,2025-01-24,SZ.ZB_003038,鑫铂股份,有色金属,2.2254155
7001,2025-01-24,SZ.ZB_002707,众信旅游,旅游酒店,2.2252872
7002,2025-01-24,SZ.ZB_003027,同兴科技,环保行业,2.2249355
7003,2025-01-24,SH.ZB_600779,水井坊,酿酒行业,2.224785
7004,2025-01-27,SH.KC_300019,硅宝科技,化学制品,2.224657
7005,2025-01-27,SH.KC_301193,家联科技,塑料制品,2.2242694
7006,2025-01-27,SH.ZB_601208,东材科技,塑料制品,2.224256
7007,2025-01-27,SZ.ZB_002290,禾盛新材,家电行业,2.2237315
7008,2025-01-27,SZ.ZB_000858,五 粮 液,酿酒行业,2.2237287
7009,2025-01-24,SH.KC_300978,东箭科技,汽车零部件,2.2230818
7010,2025-01-27,SH.ZB_600987,航民股份,纺织服装,2.2227392
7011,2025-01-24,SH.KC_688101,三达膜,环保行业,2.2225976
7012,2025-01-27,SH.ZB_601890,亚星锚链,船舶制造,2.2219567
7013,2025-01-24,SH.KC_300281,金明精机,专用设备,2.2216082
7014,2025-01-24,SH.KC_688403,汇成股份,半导体,2.2215605
7015,2025-01-27,SZ.ZB_002972,科安达,交运设备,2.2212253
7016,2025-01-24,SH.ZB_600295,鄂尔多斯,钢铁行业,2.2201867
7017,2025-01-27,SH.KC_301257,普蕊斯,医疗服务,2.220179
7018,2025-01-24,SH.KC_688363,华熙生物,美容护理,2.2200108
7019,2025-01-27,SZ.ZB_002597,金禾实业,食品饮料,2.2199333
7020,2025-01-27,SH.ZB_603817,海峡环保,环保行业,2.2199154
7021,2025-01-27,SH.KC_301207,华兰疫苗,生物制品,2.2186623
7022,2025-01-24,SH.KC_688556,高测股份,光伏设备,2.2183359
7023,2025-01-27,SH.ZB_605268,王力安防,家用轻工,2.218184
7024,2025-01-27,SH.ZB_603162,海通发展,航运港口,2.2179008
7025,2025-01-24,SH.ZB_600229,城市传媒,文化传媒,2.217187
7026,2025-01-24,SZ.ZB_001359,平安电工,非金属材料,2.217014
7027,2025-01-24,SH.ZB_601236,红塔证券,证券,2.216658
7028,2025-01-24,SZ.ZB_000860,顺鑫农业,酿酒行业,2.216412
7029,2025-01-27,SH.ZB_600834,申通地铁,铁路公路,2.2161558
7030,2025-01-27,SZ.ZB_001258,立新能源,电力行业,2.2161186
7031,2025-01-24,SH.KC_300099,尤洛卡,专用设备,2.2160232
7032,2025-01-27,SH.ZB_603595,东尼电子,消费电子,2.215606
7033,2025-01-24,SH.KC_301330,熵基科技,软件开发,2.2154405
7034,2025-01-24,SH.ZB_605198,安德利,食品饮料,2.215311
7035,2025-01-24,SZ.ZB_000001,平安银行,银行,2.2146583
7036,2025-01-24,SH.KC_300269,联建光电,互联网服务,2.214469
7037,2025-01-24,SH.ZB_605088,冠盛股份,汽车零部件,2.214451
7038,2025-01-27,SH.KC_300677,英科医疗,医疗器械,2.2143512
7039,2025-01-27,SH.KC_301200,大族数控,专用设备,2.2139966
7040,2025-01-27,SZ.ZB_002772,众兴菌业,农牧饲渔,2.213961
7041,2025-01-24,SH.KC_300321,同大股份,化学制品,2.2136734
7042,2025-01-24,SZ.ZB_002434,万里扬,汽车零部件,2.213271
7043,2025-01-27,SH.KC_300577,开润股份,纺织服装,2.213004
7044,2025-01-24,SH.KC_301428,世纪恒通,互联网服务,2.212833
7045,2025-01-27,SH.ZB_603861,白云电器,电网设备,2.2127495
7046,2025-01-27,SZ.ZB_000166,申万宏源,证券,2.2120879
7047,2025-01-27,SZ.ZB_002990,盛视科技,软件开发,2.2117643
7048,2025-01-27,SH.KC_688639,华恒生物,化学制品,2.2112906
7049,2025-01-27,SH.KC_301033,迈普医学,医疗服务,2.2105157
7050,2025-01-27,SZ.ZB_001226,拓山重工,工程机械,2.2105098
7051,2025-01-24,SZ.ZB_002831,裕同科技,造纸印刷,2.2095547
7052,2025-01-24,SH.ZB_600391,航发科技,航天航空,2.2093132
7053,2025-01-24,SZ.ZB_002766,索菱股份,互联网服务,2.209221
7054,2025-01-24,SH.KC_301132,满坤科技,电子元件,2.2091641
7055,2025-01-24,SH.ZB_603912,佳力图,专用设备,2.209115
7056,2025-01-27,SH.ZB_600398,海澜之家,纺织服装,2.2088752
7057,2025-01-27,SH.KC_300360,炬华科技,电网设备,2.207646
7058,2025-01-27,SZ.ZB_002920,德赛西威,汽车零部件,2.2073255
7059,2025-01-27,SH.ZB_603726,朗迪集团,家电行业,2.2072077
7060,2025-01-27,SH.KC_300206,理邦仪器,医疗器械,2.2070498
7061,2025-01-24,SH.ZB_603087,甘李药业,生物制品,2.2070348
7062,2025-01-27,SH.ZB_601298,青岛港,航运港口,2.206883
7063,2025-01-27,SZ.ZB_002860,星帅尔,家电行业,2.206546
7064,2025-01-24,SH.ZB_600833,第一医药,医药商业,2.2063375
7065,2025-01-24,SH.ZB_600789,鲁抗医药,化学制药,2.2052631
7066,2025-01-24,SH.KC_688646,逸飞激光,专用设备,2.205217
7067,2025-01-27,SH.ZB_601016,节能风电,电力行业,2.2039547
7068,2025-01-24,SZ.ZB_000753,漳州发展,汽车服务,2.2039442
7069,2025-01-27,SH.ZB_600872,中炬高新,食品饮料,2.2038891
7070,2025-01-27,SH.KC_300666,江丰电子,半导体,2.2032619
7071,2025-01-27,SH.KC_300039,上海凯宝,中药,2.2028074
7072,2025-01-27,SH.ZB_601688,华泰证券,证券,2.202326
7073,2025-01-27,SZ.ZB_000426,兴业银锡,有色金属,2.2016778
7074,2025-01-27,SZ.ZB_002448,中原内配,汽车零部件,2.2016077
7075,2025-01-24,SH.ZB_600739,辽宁成大,贸易行业,2.2015781
7076,2025-01-27,SH.ZB_600512,腾达建设,工程建设,2.2011817
7077,2025-01-24,SH.KC_688625,呈和科技,化学制品,2.200383
7078,2025-01-24,SH.ZB_600123,兰花科创,煤炭行业,2.1998553
7079,2025-01-24,SH.ZB_600283,钱江水利,公用事业,2.199438
7080,2025-01-24,SH.ZB_600493,凤竹纺织,纺织服装,2.1993904
7081,2025-01-24,SH.KC_688662,富信科技,电子元件,2.1989658
7082,2025-01-27,SZ.ZB_002468,申通快递,物流行业,2.1974697
7083,2025-01-24,SZ.ZB_000567,海德股份,多元金融,2.1973982
7084,2025-01-24,SZ.ZB_002866,传艺科技,消费电子,2.1971822
7085,2025-01-27,SH.KC_301063,海锅股份,风电设备,2.1968246
7086,2025-01-24,SH.ZB_600356,恒丰纸业,造纸印刷,2.1962657
7087,2025-01-27,SH.KC_300882,万胜智能,电网设备,2.1957622
7088,2025-01-24,SH.KC_300438,鹏辉能源,电池,2.1939085
7089,2025-01-24,SH.ZB_601633,长城汽车,汽车整车,2.193658
7090,2025-01-27,SH.KC_301115,建科股份,专业服务,2.1935985
7091,2025-01-24,SZ.ZB_000801,四川九洲,家电行业,2.193433
7092,2025-01-24,SZ.ZB_002385,大北农,农牧饲渔,2.1934018
7093,2025-01-27,SH.ZB_603235,天新药业,食品饮料,2.1927073
7094,2025-01-24,SZ.ZB_002097,山河智能,工程机械,2.192101
7095,2025-01-24,SH.ZB_603037,凯众股份,汽车零部件,2.1920874
7096,2025-01-24,SH.KC_300171,东富龙,医疗器械,2.1920772
7097,2025-01-24,SH.ZB_603102,百合股份,食品饮料,2.1919682
7098,2025-01-27,SH.KC_300272,开能健康,家电行业,2.189055
7099,2025-01-24,SH.ZB_603489,八方股份,电机,2.188687
7100,2025-01-27,SZ.ZB_000882,华联股份,商业百货,2.188386
7101,2025-01-24,SH.ZB_600892,大晟文化,游戏,2.1882997
7102,2025-01-24,SH.KC_688071,华依科技,汽车零部件,2.1879525
7103,2025-01-24,SZ.ZB_002468,申通快递,物流行业,2.187468
7104,2025-01-27,SH.ZB_600928,西安银行,银行,2.1874368
7105,2025-01-27,SH.ZB_603733,仙鹤股份,造纸印刷,2.1872668
7106,2025-01-24,SH.ZB_603125,常青科技,化学制品,2.1870003
7107,2025-01-24,SZ.ZB_002590,万安科技,汽车零部件,2.18651
7108,2025-01-27,SH.KC_300584,海辰药业,化学制药,2.1864638
7109,2025-01-24,SH.KC_301565,中仑新材,塑料制品,2.1863952
7110,2025-01-27,SH.ZB_603048,浙江黎明,汽车零部件,2.1863685
7111,2025-01-24,SH.ZB_603004,鼎龙科技,化学原料,2.1863534
7112,2025-01-24,SH.ZB_603889,新澳股份,纺织服装,2.1863236
7113,2025-01-24,SH.ZB_603556,海兴电力,电网设备,2.1862373
7114,2025-01-24,SH.ZB_603848,好太太,家用轻工,2.1860526
7115,2025-01-27,SH.ZB_601600,中国铝业,有色金属,2.1859736
7116,2025-01-24,SH.KC_300048,合康新能,专用设备,2.1848023
7117,2025-01-24,SH.KC_300967,晓鸣股份,农牧饲渔,2.1846712
7118,2025-01-24,SH.ZB_605077,华康股份,食品饮料,2.1844878
7119,2025-01-24,SH.ZB_600478,科力远,电子元件,2.1840482
7120,2025-01-27,SH.ZB_603237,五芳斋,食品饮料,2.1839738
7121,2025-01-24,SH.ZB_600232,金鹰股份,纺织服装,2.183579
7122,2025-01-24,SH.ZB_601789,宁波建工,工程建设,2.183336
7123,2025-01-24,SH.KC_300402,宝色股份,专用设备,2.1830604
7124,2025-01-24,SH.KC_301012,扬电科技,电网设备,2.1829977
7125,2025-01-27,SH.ZB_601088,中国神华,煤炭行业,2.1823466
7126,2025-01-27,SH.ZB_601228,广州港,航运港口,2.1819398
7127,2025-01-27,SH.KC_300358,楚天科技,医疗器械,2.181834
7128,2025-01-24,SZ.ZB_000910,大亚圣象,装修建材,2.1815434
7129,2025-01-24,SZ.ZB_002817,黄山胶囊,医疗器械,2.181369
7130,2025-01-24,SZ.ZB_002410,广联达,软件开发,2.181326
7131,2025-01-24,SH.KC_301137,哈焊华通,通用设备,2.1799936
7132,2025-01-27,SH.ZB_605138,盛泰集团,纺织服装,2.1792278
7133,2025-01-27,SH.ZB_601579,会稽山,酿酒行业,2.179198
7134,2025-01-27,SH.ZB_603639,海利尔,农药兽药,2.1791444
7135,2025-01-24,SH.ZB_603266,天龙股份,塑料制品,2.1785588
7136,2025-01-24,SH.ZB_600332,白云山,中药,2.1784604
7137,2025-01-27,SH.ZB_603130,云中马,纺织服装,2.178028
7138,2025-01-24,SH.ZB_600985,淮北矿业,煤炭行业,2.1778643
7139,2025-01-24,SH.ZB_600189,泉阳泉,食品饮料,2.177614
7140,2025-01-27,SH.ZB_600510,黑牡丹,房地产开发,2.1773577
7141,2025-01-27,SH.KC_688697,纽威数控,通用设备,2.1771936
7142,2025-01-24,SZ.ZB_000750,国海证券,证券,2.1770477
7143,2025-01-24,SH.KC_301287,康力源,家用轻工,2.1767826
7144,2025-01-24,SH.ZB_603080,新疆火炬,燃气,2.1766214
7145,2025-01-27,SH.ZB_603183,建研院,专业服务,2.1763518
7146,2025-01-24,SH.ZB_600328,中盐化工,化学原料,2.1760793
7147,2025-01-27,SH.KC_688722,同益中,化纤行业,2.175349
7148,2025-01-24,SH.ZB_601018,宁波港,航运港口,2.1749437
7149,2025-01-24,SH.ZB_600816,建元信托,多元金融,2.1745696
7150,2025-01-27,SH.KC_300860,锋尚文化,文化传媒,2.1742032
7151,2025-01-24,SZ.ZB_002996,顺博合金,有色金属,2.1739662
7152,2025-01-24,SH.KC_300275,梅安森,仪器仪表,2.1739216
7153,2025-01-27,SH.KC_300146,汤臣倍健,食品饮料,2.1737485
7154,2025-01-24,SH.ZB_600775,南京熊猫,通信设备,2.1736145
7155,2025-01-24,SZ.ZB_002677,浙江美大,家电行业,2.1734624
7156,2025-01-27,SH.KC_688569,铁科轨道,交运设备,2.1732702
7157,2025-01-24,SH.KC_688259,创耀科技,半导体,2.172847
7158,2025-01-24,SH.KC_301106,骏成科技,光学光电子,2.1712317
7159,2025-01-24,SH.ZB_600573,惠泉啤酒,酿酒行业,2.1710172
7160,2025-01-24,SH.ZB_603396,金辰股份,光伏设备,2.1698997
7161,2025-01-24,SH.ZB_603326,我乐家居,装修建材,2.1692455
7162,2025-01-27,SH.ZB_600231,凌钢股份,钢铁行业,2.168764
7163,2025-01-24,SH.ZB_600753,庚星股份,贸易行业,2.168423
7164,2025-01-27,SZ.ZB_000548,湖南投资,铁路公路,2.167976
7165,2025-01-27,SH.KC_300773,拉卡拉,软件开发,2.1679342
7166,2025-01-24,SZ.ZB_002160,常铝股份,有色金属,2.167648
7167,2025-01-24,SH.KC_301338,凯格精机,专用设备,2.1676393
7168,2025-01-24,SH.ZB_600422,昆药集团,中药,2.166842
7169,2025-01-27,SH.KC_300873,海晨股份,物流行业,2.166429
7170,2025-01-27,SH.ZB_601601,中国太保,保险,2.1659732
7171,2025-01-15,SH.KC_688293,奥浦迈,专业服务,2.165708
7172,2025-01-24,SH.KC_688267,中触媒,化学原料,2.1657019
7173,2025-01-27,SH.KC_688336,三生国健,生物制品,2.1654785
7174,2025-01-24,SH.ZB_603203,快克智能,专用设备,2.1652966
7175,2025-01-24,SH.KC_300103,达刚控股,专用设备,2.1652074
7176,2025-01-24,SH.KC_301307,美利信,通信设备,2.1649837
7177,2025-01-27,SH.KC_688671,碧兴物联,仪器仪表,2.1649585
7178,2025-01-27,SH.KC_688298,东方生物,医疗器械,2.1639915
7179,2025-01-24,SH.ZB_603733,仙鹤股份,造纸印刷,2.163665
7180,2025-01-24,SH.ZB_601890,亚星锚链,船舶制造,2.1635995
7181,2025-01-24,SH.KC_300815,玉禾田,环保行业,2.1635413
7182,2025-01-24,SH.KC_688179,阿拉丁,化学制品,2.163346
7183,2025-01-24,SH.KC_300135,宝利国际,化学制品,2.1633341
7184,2025-01-24,SZ.ZB_000034,神州数码,计算机设备,2.1632016
7185,2025-01-27,SH.ZB_600523,贵航股份,汽车零部件,2.1630645
7186,2025-01-24,SH.KC_300508,维宏股份,互联网服务,2.1624923
7187,2025-01-24,SZ.ZB_000739,普洛药业,化学制药,2.1624775
7188,2025-01-27,SZ.ZB_002234,民和股份,农牧饲渔,2.162312
7189,2025-01-27,SH.ZB_605499,东鹏饮料,食品饮料,2.1614313
7190,2025-01-24,SH.KC_301133,金钟股份,汽车零部件,2.1611242
7191,2025-01-27,SH.KC_301518,长华化学,化学制品,2.1607847
7192,2025-01-24,SZ.ZB_002635,安洁科技,消费电子,2.1602778
7193,2025-01-27,SH.ZB_600066,宇通客车,汽车整车,2.1595643
7194,2025-01-24,SZ.ZB_002857,三晖电气,电网设备,2.159463
7195,2025-01-24,SZ.ZB_001316,润贝航科,贸易行业,2.1592288
7196,2025-01-24,SH.ZB_601606,长城军工,专用设备,2.1592274
7197,2025-01-24,SZ.ZB_001219,青岛食品,食品饮料,2.159165
7198,2025-01-24,SH.ZB_600036,招商银行,银行,2.158697
7199,2025-01-24,SH.ZB_603519,立霸股份,家电行业,2.1581798
7200,2025-01-27,SH.KC_300143,盈康生命,医疗服务,2.1575837
7201,2025-01-27,SZ.ZB_000888,峨眉山Ａ,旅游酒店,2.1566808
7202,2025-01-27,SZ.ZB_001358,兴欣新材,化学原料,2.1565332
7203,2025-01-27,SH.KC_300886,华业香料,美容护理,2.1564708
7204,2025-01-27,SZ.ZB_002376,新北洋,计算机设备,2.1563933
7205,2025-01-27,SH.KC_688285,高铁电气,交运设备,2.1560192
7206,2025-01-27,SH.ZB_605286,同力日升,专用设备,2.15548
7207,2025-01-27,SH.KC_301309,万得凯,通用设备,2.1552668
7208,2025-01-27,SH.ZB_603698,航天工程,专业服务,2.1551683
7209,2025-01-24,SH.ZB_600377,宁沪高速,铁路公路,2.1548703
7210,2025-01-27,SH.KC_300664,鹏鹞环保,环保行业,2.1547244
7211,2025-01-27,SH.ZB_600730,中国高科,教育,2.1546304
7212,2025-01-27,SH.KC_301179,泽宇智能,软件开发,2.154419
7213,2025-01-24,SH.KC_300088,长信科技,光学光电子,2.1536126
7214,2025-01-24,SH.ZB_605369,拱东医疗,医疗器械,2.1535845
7215,2025-01-24,SH.KC_301277,新天地,化学制药,2.1529868
7216,2025-01-24,SZ.ZB_002970,锐明技术,计算机设备,2.1529481
7217,2025-01-24,SZ.ZB_002436,兴森科技,电子元件,2.152917
7218,2025-01-24,SH.ZB_600300,维维股份,食品饮料,2.15289
7219,2025-01-27,SH.KC_688399,硕世生物,医疗器械,2.152504
7220,2025-01-24,SH.ZB_600186,莲花控股,食品饮料,2.152464
7221,2025-01-24,SH.ZB_600131,国网信通,互联网服务,2.1524384
7222,2025-01-24,SH.ZB_600150,中国船舶,船舶制造,2.151647
7223,2025-01-27,SZ.ZB_000554,泰山石油,石油行业,2.151598
7224,2025-01-24,SZ.ZB_002476,宝莫股份,化学制品,2.1511464
7225,2025-01-24,SH.ZB_600000,浦发银行,银行,2.150847
7226,2025-01-24,SH.KC_300243,瑞丰高材,塑料制品,2.1507235
7227,2025-01-24,SH.KC_301366,一博科技,电子元件,2.1505892
7228,2025-01-27,SZ.ZB_002882,金龙羽,电网设备,2.1499708
7229,2025-01-24,SH.ZB_603896,寿仙谷,中药,2.1492095
7230,2025-01-24,SZ.ZB_002178,延华智能,软件开发,2.149178
7231,2025-01-27,SH.ZB_603282,亚光股份,专用设备,2.1478982
7232,2025-01-27,SH.KC_300487,蓝晓科技,塑料制品,2.1478937
7233,2025-01-27,SH.ZB_600499,科达制造,专用设备,2.1478102
7234,2025-01-24,SH.ZB_601963,重庆银行,银行,2.1469922
7235,2025-01-24,SH.KC_300294,博雅生物,生物制品,2.146922
7236,2025-01-27,SZ.ZB_002452,长高电新,电网设备,2.146697
7237,2025-01-24,SH.ZB_603283,赛腾股份,专用设备,2.1465003
7238,2025-01-27,SH.ZB_600477,杭萧钢构,水泥建材,2.1463885
7239,2025-01-27,SH.ZB_600377,宁沪高速,铁路公路,2.1461353
7240,2025-01-24,SH.ZB_601388,怡球资源,有色金属,2.1460786
7241,2025-01-24,SH.ZB_605298,必得科技,交运设备,2.1460028
7242,2025-01-24,SH.KC_688099,晶晨股份,半导体,2.144742
7243,2025-01-24,SH.ZB_601678,滨化股份,化学原料,2.1445885
7244,2025-01-27,SH.KC_300318,博晖创新,医疗器械,2.144213
7245,2025-01-24,SZ.ZB_002303,美盈森,包装材料,2.1441922
7246,2025-01-24,SH.KC_300287,飞利信,互联网服务,2.143687
7247,2025-01-24,SH.ZB_603790,雅运股份,化学制品,2.1436765
7248,2025-01-27,SH.KC_301330,熵基科技,软件开发,2.1436706
7249,2025-01-27,SH.KC_688331,荣昌生物,生物制品,2.1433563
7250,2025-01-27,SZ.ZB_002015,协鑫能科,电力行业,2.143161
7251,2025-01-24,SH.ZB_603650,彤程新材,橡胶制品,2.1430955
7252,2025-01-27,SH.ZB_600557,康缘药业,中药,2.142854
7253,2025-01-24,SH.ZB_603976,正川股份,医疗器械,2.1423922
7254,2025-01-24,SH.KC_301046,能辉科技,光伏设备,2.1422162
7255,2025-01-27,SH.ZB_603153,上海建科,工程咨询服务,2.1419928
7256,2025-01-24,SH.ZB_601298,青岛港,航运港口,2.1419897
7257,2025-01-27,SH.KC_300404,博济医药,医疗服务,2.1414518
7258,2025-01-24,SH.KC_301518,长华化学,化学制品,2.1408782
7259,2025-01-24,SH.KC_301135,瑞德智能,消费电子,2.1406202
7260,2025-01-24,SH.KC_300272,开能健康,家电行业,2.1402493
7261,2025-01-24,SH.KC_300008,天海防务,船舶制造,2.140139
7262,2025-01-24,SH.ZB_600886,国投电力,电力行业,2.139184
7263,2025-01-27,SH.KC_300375,鹏翎股份,汽车零部件,2.1388128
7264,2025-01-24,SH.ZB_600336,澳柯玛,家电行业,2.1384284
7265,2025-01-27,SH.ZB_600396,华电辽能,电力行业,2.1383748
7266,2025-01-24,SH.KC_300650,太龙股份,光学光电子,2.137877
7267,2025-01-27,SZ.ZB_002662,京威股份,汽车零部件,2.1377592
7268,2025-01-27,SH.KC_301043,绿岛风,专用设备,2.1377072
7269,2025-01-24,SH.KC_300318,博晖创新,医疗器械,2.1376371
7270,2025-01-24,SH.ZB_601156,东航物流,物流行业,2.1375923
7271,2025-01-24,SH.KC_688196,卓越新能,化学制品,2.1375403
7272,2025-01-24,SH.KC_300332,天壕能源,燃气,2.1375208
7273,2025-01-27,SH.KC_300031,宝通科技,游戏,2.1374822
7274,2025-01-27,SH.ZB_600808,马钢股份,钢铁行业,2.1374345
7275,2025-01-27,SZ.ZB_002749,国光股份,农药兽药,2.1370127
7276,2025-01-24,SH.KC_688393,安必平,医疗器械,2.1369412
7277,2025-01-24,SZ.ZB_002064,华峰化学,化纤行业,2.1365688
7278,2025-01-24,SZ.ZB_002088,鲁阳节能,装修建材,2.1353438
7279,2025-01-27,SH.ZB_600998,九州通,医药商业,2.1343052
7280,2025-01-27,SH.ZB_600308,华泰股份,造纸印刷,2.1341636
7281,2025-01-27,SZ.ZB_002833,弘亚数控,专用设备,2.134049
7282,2025-01-24,SH.KC_688082,盛美上海,半导体,2.1339357
7283,2025-01-24,SZ.ZB_000400,许继电气,电网设备,2.1336288
7284,2025-01-24,SH.ZB_600505,西昌电力,电力行业,2.133341
7285,2025-01-27,SH.KC_688657,浩辰软件,软件开发,2.1329343
7286,2025-01-27,SH.KC_300721,怡达股份,化学制品,2.1329224
7287,2025-01-27,SH.ZB_601089,福元医药,化学制药,2.1327808
7288,2025-01-24,SH.ZB_600667,太极实业,工程建设,2.1327586
7289,2025-01-27,SZ.ZB_002331,皖通科技,互联网服务,2.1326766
7290,2025-01-24,SH.ZB_600685,中船防务,船舶制造,2.1326094
7291,2025-01-24,SH.ZB_603162,海通发展,航运港口,2.1324306
7292,2025-01-27,SZ.ZB_003041,真爱美家,纺织服装,2.1323652
7293,2025-01-24,SH.KC_301246,宏源药业,化学制药,2.1323442
7294,2025-01-24,SH.ZB_603739,蔚蓝生物,农牧饲渔,2.1321163
7295,2025-01-24,SH.ZB_603183,建研院,专业服务,2.1318793
7296,2025-01-27,SH.ZB_600248,陕建股份,工程建设,2.1318288
7297,2025-01-24,SZ.ZB_002565,顺灏股份,包装材料,2.1315217
7298,2025-01-27,SZ.ZB_002461,珠江啤酒,酿酒行业,2.1309748
7299,2025-01-24,SH.KC_300922,天秦装备,塑料制品,2.130784
7300,2025-01-24,SH.KC_300558,贝达药业,化学制药,2.1307156
7301,2025-01-24,SH.KC_688711,宏微科技,半导体,2.1305025
7302,2025-01-24,SH.KC_300223,北京君正,半导体,2.1302195
7303,2025-01-24,SH.ZB_605196,华通线缆,电网设备,2.1297872
7304,2025-01-27,SZ.ZB_002284,亚太股份,汽车零部件,2.1290436
7305,2025-01-24,SZ.ZB_002136,安 纳 达,化学原料,2.1289825
7306,2025-01-24,SZ.ZB_002532,天山铝业,有色金属,2.1286874
7307,2025-01-27,SH.KC_300823,建科智能,专用设备,2.1285057
7308,2025-01-27,SH.KC_688585,上纬新材,塑料制品,2.1279707
7309,2025-01-27,SH.KC_301181,标榜股份,汽车零部件,2.1277964
7310,2025-01-24,SH.ZB_603626,科森科技,消费电子,2.127789
7311,2025-01-24,SH.ZB_600010,包钢股份,钢铁行业,2.127418
7312,2025-01-27,SH.KC_301376,致欧科技,家用轻工,2.1273897
7313,2025-01-24,SH.KC_300105,龙源技术,电源设备,2.1271467
7314,2025-01-24,SH.ZB_603767,中马传动,汽车零部件,2.1266937
7315,2025-01-24,SH.KC_301303,真兰仪表,仪器仪表,2.126573
7316,2025-01-24,SH.KC_301265,华新环保,环保行业,2.1264286
7317,2025-01-27,SH.ZB_600703,三安光电,光学光电子,2.1263614
7318,2025-01-27,SH.ZB_600051,宁波联合,综合行业,2.126348
7319,2025-01-27,SH.KC_300922,天秦装备,塑料制品,2.1258144
7320,2025-01-24,SH.KC_300129,泰胜风能,风电设备,2.1251812
7321,2025-01-27,SH.ZB_601985,中国核电,电力行业,2.124338
7322,2025-01-24,SZ.ZB_002870,香山股份,汽车零部件,2.1242545
7323,2025-01-27,SZ.ZB_002925,盈趣科技,消费电子,2.1241336
7324,2025-01-24,SH.KC_300594,朗进科技,交运设备,2.1238222
7325,2025-01-24,SH.ZB_603823,百合花,化学制品,2.1237552
7326,2025-01-24,SH.KC_300851,交大思诺,交运设备,2.1234288
7327,2025-01-27,SH.KC_688106,金宏气体,电子化学品,2.1231503
7328,2025-01-24,SZ.ZB_002183,怡 亚 通,贸易行业,2.1229773
7329,2025-01-24,SZ.ZB_002869,金溢科技,电子元件,2.1229088
7330,2025-01-24,SH.ZB_600307,酒钢宏兴,钢铁行业,2.122648
7331,2025-01-24,SH.ZB_601336,新华保险,保险,2.1224499
7332,2025-01-24,SH.ZB_600064,南京高科,房地产开发,2.1224499
7333,2025-01-27,SZ.ZB_002373,千方科技,互联网服务,2.122432
7334,2025-01-24,SH.ZB_601808,中海油服,采掘行业,2.1214366
7335,2025-01-24,SZ.ZB_001239,永达股份,专用设备,2.1214306
7336,2025-01-27,SH.ZB_600613,神奇制药,化学制药,2.1207988
7337,2025-01-24,SZ.ZB_002366,融发核电,电源设备,2.1207185
7338,2025-01-24,SZ.ZB_002324,普利特,塑料制品,2.1206841
7339,2025-01-24,SZ.ZB_000987,越秀资本,多元金融,2.120632
7340,2025-01-27,SZ.ZB_000555,神州信息,互联网服务,2.1205678
7341,2025-01-24,SZ.ZB_002032,苏 泊 尔,家电行业,2.1205082
7342,2025-01-24,SH.ZB_601139,深圳燃气,燃气,2.120471
7343,2025-01-24,SH.ZB_600226,亨通股份,农药兽药,2.1195383
7344,2025-01-24,SH.ZB_601008,连云港,航运港口,2.11951
7345,2025-01-27,SH.ZB_601900,南方传媒,文化传媒,2.1193953
7346,2025-01-27,SH.KC_300845,捷安高科,软件开发,2.119343
7347,2025-01-27,SH.ZB_600160,巨化股份,化学制品,2.1193252
7348,2025-01-27,SZ.ZB_002258,利尔化学,农药兽药,2.1190076
7349,2025-01-27,SH.ZB_600015,华夏银行,银行,2.1189108
7350,2025-01-27,SZ.ZB_000507,珠海港,航运港口,2.1187158
7351,2025-01-27,SH.KC_300819,聚杰微纤,纺织服装,2.1183953
7352,2025-01-27,SH.ZB_601200,上海环境,环保行业,2.1179974
7353,2025-01-24,SZ.ZB_002791,坚朗五金,装修建材,2.1179333
7354,2025-01-24,SZ.ZB_002724,海洋王,电子元件,2.1175697
7355,2025-01-24,SH.KC_300637,扬帆新材,电子化学品,2.1168158
7356,2025-01-27,SH.ZB_605577,龙版传媒,文化传媒,2.1163776
7357,2025-01-24,SZ.ZB_002606,大连电瓷,电网设备,2.1157117
7358,2025-01-24,SH.ZB_600512,腾达建设,工程建设,2.1156325
7359,2025-01-24,SH.ZB_600901,江苏金租,多元金融,2.1152318
7360,2025-01-24,SH.ZB_601952,苏垦农发,农牧饲渔,2.115026
7361,2025-01-24,SZ.ZB_001230,劲旅环境,环保行业,2.1149187
7362,2025-01-24,SZ.ZB_000705,浙江震元,医药商业,2.1143854
7363,2025-01-27,SZ.ZB_002562,兄弟科技,化学制品,2.113913
7364,2025-01-24,SH.ZB_601956,东贝集团,家电行业,2.1136568
7365,2025-01-24,SZ.ZB_000407,胜利股份,燃气,2.1134348
7366,2025-01-24,SZ.ZB_000951,中国重汽,汽车整车,2.1125703
7367,2025-01-27,SZ.ZB_002706,良信股份,电网设备,2.1125183
7368,2025-01-24,SH.KC_301293,三博脑科,医疗服务,2.1123915
7369,2025-01-27,SH.ZB_601107,四川成渝,铁路公路,2.1119013
7370,2025-01-27,SH.KC_300841,康华生物,生物制品,2.1117733
7371,2025-01-24,SH.KC_688331,荣昌生物,生物制品,2.1115735
7372,2025-01-24,SH.KC_301180,万祥科技,消费电子,2.1113873
7373,2025-01-24,SZ.ZB_002510,天汽模,汽车零部件,2.111301
7374,2025-01-24,SZ.ZB_003002,壶化股份,化学制品,2.11076
7375,2025-01-24,SH.KC_300828,锐新科技,有色金属,2.1102428
7376,2025-01-24,SH.KC_688584,上海合晶,半导体,2.1101415
7377,2025-01-24,SH.KC_300938,信测标准,专业服务,2.1097512
7378,2025-01-27,SH.ZB_603298,杭叉集团,工程机械,2.1094294
7379,2025-01-24,SH.ZB_603315,福鞍股份,通用设备,2.1081672
7380,2025-01-27,SH.ZB_601288,农业银行,银行,2.1081119
7381,2025-01-24,SH.ZB_600095,湘财股份,证券,2.1081104
7382,2025-01-24,SH.ZB_603508,思维列控,软件开发,2.1074607
7383,2025-01-27,SZ.ZB_002250,联化科技,农药兽药,2.1068885
7384,2025-01-24,SH.ZB_600125,铁龙物流,物流行业,2.1067605
7385,2025-01-24,SZ.ZB_000409,云鼎科技,互联网服务,2.106546
7386,2025-01-24,SH.KC_688777,中控技术,软件开发,2.106443
7387,2025-01-24,SH.KC_688236,春立医疗,医疗器械,2.1061003
7388,2025-01-27,SH.KC_300650,太龙股份,光学光电子,2.105981
7389,2025-01-24,SZ.ZB_002017,东信和平,通信设备,2.1052585
7390,2025-01-24,SZ.ZB_002981,朝阳科技,消费电子,2.105215
7391,2025-01-27,SZ.ZB_000900,现代投资,铁路公路,2.1050408
7392,2025-01-27,SH.ZB_600426,华鲁恒升,化学原料,2.104728
7393,2025-01-24,SZ.ZB_002813,路畅科技,汽车零部件,2.1046505
7394,2025-01-24,SZ.ZB_000498,山东路桥,工程建设,2.104561
7395,2025-01-24,SH.KC_300739,明阳电路,电子元件,2.1039605
7396,2025-01-24,SH.KC_300199,翰宇药业,化学制药,2.103856
7397,2025-01-24,SZ.ZB_000937,冀中能源,煤炭行业,2.1036954
7398,2025-01-27,SH.KC_300870,欧陆通,电源设备,2.103536
7399,2025-01-27,SZ.ZB_002457,青龙管业,装修建材,2.1035135
7400,2025-01-27,SH.KC_300569,天能重工,风电设备,2.1019504
7401,2025-01-24,SH.KC_301456,盘古智能,风电设备,2.1019354
7402,2025-01-24,SZ.ZB_001289,龙源电力,电力行业,2.1016777
7403,2025-01-24,SH.ZB_601136,首创证券,证券,2.1013901
7404,2025-01-24,SH.ZB_600552,凯盛科技,光学光电子,2.1012201
7405,2025-01-24,SH.KC_688418,震有科技,通信设备,2.1011412
7406,2025-01-27,SH.KC_300589,江龙船艇,船舶制造,2.1010697
7407,2025-01-27,SZ.ZB_000026,飞亚达,珠宝首饰,2.1009266
7408,2025-01-24,SZ.ZB_002697,红旗连锁,商业百货,2.1009178
7409,2025-01-27,SZ.ZB_002909,集泰股份,化学制品,2.1008298
7410,2025-01-27,SH.ZB_600356,恒丰纸业,造纸印刷,2.100563
7411,2025-01-24,SH.KC_301175,中科环保,环保行业,2.1002755
7412,2025-01-24,SH.ZB_600616,金枫酒业,酿酒行业,2.0995617
7413,2025-01-24,SZ.ZB_000685,中山公用,公用事业,2.099438
7414,2025-01-27,SH.ZB_603318,水发燃气,燃气,2.0993738
7415,2025-01-24,SZ.ZB_002398,垒知集团,装修建材,2.0979524
7416,2025-01-27,SZ.ZB_002437,誉衡药业,化学制药,2.0975947
7417,2025-01-24,SZ.ZB_002033,丽江股份,旅游酒店,2.0975783
7418,2025-01-27,SH.ZB_605055,迎丰股份,纺织服装,2.0973802
7419,2025-01-27,SH.ZB_603609,禾丰股份,农牧饲渔,2.0970702
7420,2025-01-24,SH.ZB_601009,南京银行,银行,2.09679
7421,2025-01-27,SH.KC_688623,双元科技,专用设备,2.0967438
7422,2025-01-24,SH.KC_300260,新莱应材,通用设备,2.096191
7423,2025-01-27,SH.KC_688089,嘉必优,食品饮料,2.0958276
7424,2025-01-24,SH.ZB_600812,华北制药,化学制药,2.0954802
7425,2025-01-27,SH.ZB_600456,宝钛股份,小金属,2.0953999
7426,2025-01-24,SH.KC_300351,永贵电器,交运设备,2.0953894
7427,2025-01-24,SZ.ZB_000936,华西股份,化纤行业,2.0951896
7428,2025-01-24,SH.ZB_603566,普莱柯,农药兽药,2.0945475
7429,2025-01-24,SZ.ZB_001696,宗申动力,交运设备,2.0943866
7430,2025-01-24,SH.KC_300696,爱乐达,航天航空,2.0943432
7431,2025-01-24,SZ.ZB_002345,潮宏基,珠宝首饰,2.0939841
7432,2025-01-27,SH.ZB_601319,中国人保,保险,2.0935416
7433,2025-01-27,SH.KC_688101,三达膜,环保行业,2.0931795
7434,2025-01-27,SH.KC_300653,正海生物,医疗器械,2.0931304
7435,2025-01-27,SH.KC_688176,亚虹医药-U,生物制品,2.0930185
7436,2025-01-27,SZ.ZB_000009,中国宝安,综合行业,2.0922766
7437,2025-01-24,SZ.ZB_000595,宝塔实业,通用设备,2.0922735
7438,2025-01-24,SZ.ZB_000957,中通客车,汽车整车,2.0920424
7439,2025-01-24,SZ.ZB_002818,富森美,商业百货,2.091846
7440,2025-01-27,SZ.ZB_002303,美盈森,包装材料,2.0913317
7441,2025-01-27,SZ.ZB_002367,康力电梯,专用设备,2.0907984
7442,2025-01-24,SH.KC_301371,敷尔佳,美容护理,2.0906596
7443,2025-01-24,SH.KC_300747,锐科激光,电子元件,2.0906076
7444,2025-01-24,SH.KC_300194,福安药业,化学制药,2.0899506
7445,2025-01-27,SZ.ZB_003035,南网能源,专业服务,2.0885408
7446,2025-01-24,SH.ZB_603078,江化微,电子化学品,2.0883293
7447,2025-01-24,SZ.ZB_002589,瑞康医药,医药商业,2.087991
7448,2025-01-27,SZ.ZB_002223,鱼跃医疗,医疗器械,2.087638
7449,2025-01-24,SH.ZB_600141,兴发集团,化肥行业,2.0869823
7450,2025-01-24,SH.ZB_605099,共创草坪,家用轻工,2.086766
7451,2025-01-24,SH.ZB_600121,郑州煤电,煤炭行业,2.0867453
7452,2025-01-27,SH.KC_300194,福安药业,化学制药,2.086252
7453,2025-01-24,SH.ZB_600028,中国石化,石油行业,2.0850585
7454,2025-01-24,SZ.ZB_000690,宝新能源,电力行业,2.084583
7455,2025-01-27,SZ.ZB_002051,中工国际,工程建设,2.0841866
7456,2025-01-27,SH.KC_300867,圣元环保,环保行业,2.083832
7457,2025-01-27,SH.KC_688579,山大地纬,软件开发,2.0826266
7458,2025-01-27,SH.ZB_600729,重庆百货,商业百货,2.0823927
7459,2025-01-27,SZ.ZB_002224,三 力 士,橡胶制品,2.0822809
7460,2025-01-27,SZ.ZB_000960,锡业股份,小金属,2.0821362
7461,2025-01-24,SZ.ZB_002452,长高电新,电网设备,2.0819902
7462,2025-01-27,SZ.ZB_000848,承德露露,食品饮料,2.0818696
7463,2025-01-24,SH.KC_300856,科思股份,美容护理,2.0816162
7464,2025-01-24,SH.ZB_601099,太平洋,证券,2.0809963
7465,2025-01-27,SH.ZB_601866,中远海发,航运港口,2.080986
7466,2025-01-27,SH.KC_300294,博雅生物,生物制品,2.080965
7467,2025-01-24,SH.ZB_605398,新炬网络,互联网服务,2.080491
7468,2025-01-24,SH.ZB_600967,内蒙一机,交运设备,2.0800443
7469,2025-01-24,SH.ZB_603045,福达合金,有色金属,2.0798683
7470,2025-01-24,SH.ZB_603610,麒盛科技,装修建材,2.079855
7471,2025-01-24,SH.KC_300016,北陆药业,化学制药,2.0796432
7472,2025-01-24,SH.ZB_600522,中天科技,通信设备,2.079414
7473,2025-01-24,SH.KC_300743,天地数码,非金属材料,2.0787835
7474,2025-01-27,SH.ZB_600269,赣粤高速,铁路公路,2.0783334
7475,2025-01-27,SZ.ZB_001227,兰州银行,银行,2.078259
7476,2025-01-27,SH.ZB_600210,紫江企业,包装材料,2.0778537
7477,2025-01-27,SH.ZB_600236,桂冠电力,电力行业,2.0776763
7478,2025-01-24,SZ.ZB_002116,中国海诚,工程咨询服务,2.0775466
7479,2025-01-24,SZ.ZB_002824,和胜股份,有色金属,2.0773783
7480,2025-01-24,SH.ZB_605365,立达信,家电行业,2.077304
7481,2025-01-24,SH.ZB_600820,隧道股份,工程建设,2.0772204
7482,2025-01-27,SH.KC_688513,苑东生物,化学制药,2.0770192
7483,2025-01-24,SZ.ZB_002326,永太科技,化学制品,2.076879
7484,2025-01-27,SH.KC_300453,三鑫医疗,医疗器械,2.0765767
7485,2025-01-27,SH.ZB_605050,福然德,物流行业,2.0765557
7486,2025-01-24,SH.KC_301055,张小泉,通用设备,2.075459
7487,2025-01-24,SH.KC_301026,浩通科技,小金属,2.0754366
7488,2025-01-27,SH.ZB_603037,凯众股份,汽车零部件,2.0749197
7489,2025-01-24,SH.KC_301571,国科天成,电子元件,2.0747395
7490,2025-01-24,SH.KC_301305,朗坤环境,环保行业,2.07469
7491,2025-01-27,SH.ZB_600572,康恩贝,中药,2.0743713
7492,2025-01-27,SH.ZB_603050,科林电气,电网设备,2.0733862
7493,2025-01-24,SH.ZB_605189,富春染织,纺织服装,2.0727203
7494,2025-01-24,SH.KC_301039,中集车辆,汽车整车,2.0726755
7495,2025-01-24,SH.ZB_600740,山西焦化,煤炭行业,2.0720034
7496,2025-01-27,SH.ZB_603558,健盛集团,纺织服装,2.0718246
7497,2025-01-24,SH.ZB_600903,贵州燃气,燃气,2.07164
7498,2025-01-24,SH.KC_300648,星云股份,电池,2.0709753
7499,2025-01-24,SZ.ZB_002227,奥 特 迅,电源设备,2.070938
7500,2025-01-24,SH.KC_300755,华致酒行,贸易行业,2.0708084
7501,2025-01-27,SH.KC_301382,蜂助手,互联网服务,2.0706086
7502,2025-01-27,SH.KC_688279,峰岹科技,半导体,2.0704403
7503,2025-01-27,SH.ZB_600299,安迪苏,化学制品,2.070211
7504,2025-01-27,SH.ZB_605167,利柏特,专用设备,2.0698667
7505,2025-01-27,SH.ZB_600883,博闻科技,农牧饲渔,2.0697668
7506,2025-01-24,SH.KC_301072,中捷精工,汽车零部件,2.068685
7507,2025-01-24,SZ.ZB_000603,盛达资源,有色金属,2.068299
7508,2025-01-27,SZ.ZB_002632,道明光学,塑料制品,2.0681798
7509,2025-01-24,SZ.ZB_002743,富煌钢构,水泥建材,2.06742
7510,2025-01-24,SH.KC_300779,惠城环保,环保行业,2.067101
7511,2025-01-27,SH.ZB_600075,新疆天业,化学原料,2.0669937
7512,2025-01-24,SH.KC_300507,苏奥传感,汽车零部件,2.0666971
7513,2025-01-24,SZ.ZB_000722,湖南发展,电力行业,2.0657241
7514,2025-01-24,SH.KC_301311,昆船智能,通用设备,2.0657167
7515,2025-01-27,SZ.ZB_002135,东南网架,工程建设,2.0648644
7516,2025-01-24,SZ.ZB_002355,兴民智通,汽车零部件,2.0647197
7517,2025-01-24,SH.ZB_601326,秦港股份,航运港口,2.0645545
7518,2025-01-24,SH.KC_300595,欧普康视,医疗器械,2.0637603
7519,2025-01-24,SZ.ZB_000155,川能动力,电力行业,2.063246
7520,2025-01-24,SH.KC_300200,高盟新材,化学制品,2.0632327
7521,2025-01-24,SZ.ZB_002488,金固股份,汽车零部件,2.0631776
7522,2025-01-24,SZ.ZB_000411,英特集团,医药商业,2.063085
7523,2025-01-24,SH.ZB_603267,鸿远电子,电子元件,2.0625367
7524,2025-01-27,SZ.ZB_000603,盛达资源,有色金属,2.062498
7525,2025-01-24,SZ.ZB_002387,维信诺,光学光电子,2.061887
7526,2025-01-24,SH.ZB_603602,纵横通信,通信服务,2.06175
7527,2025-01-27,SZ.ZB_003027,同兴科技,环保行业,2.061677
7528,2025-01-27,SH.ZB_600166,福田汽车,汽车整车,2.0605922
7529,2025-01-27,SZ.ZB_002594,比亚迪,汽车整车,2.0603166
7530,2025-01-24,SH.ZB_605258,协和电子,电子元件,2.0601704
7531,2025-01-27,SH.ZB_600519,贵州茅台,酿酒行业,2.059856
7532,2025-01-24,SH.ZB_603373,安邦护卫,专业服务,2.0598516
7533,2025-01-27,SH.ZB_603259,药明康德,医疗服务,2.0596132
7534,2025-01-24,SH.KC_688617,惠泰医疗,医疗器械,2.0587234
7535,2025-01-24,SH.ZB_603579,荣泰健康,家电行业,2.0584152
7536,2025-01-27,SH.ZB_603355,莱克电气,家电行业,2.0581677
7537,2025-01-24,SH.KC_301507,民生健康,化学制药,2.057673
7538,2025-01-27,SH.ZB_600011,华能国际,电力行业,2.0574942
7539,2025-01-24,SH.KC_300380,安硕信息,软件开发,2.0573928
7540,2025-01-24,SH.ZB_600798,宁波海运,航运港口,2.0569177
7541,2025-01-24,SH.ZB_600327,大东方,医疗服务,2.0567431
7542,2025-01-27,SH.ZB_600150,中国船舶,船舶制造,2.0565464
7543,2025-01-24,SH.ZB_600279,重庆港,航运港口,2.0558224
7544,2025-01-24,SH.ZB_600353,旭光电子,电子元件,2.0557046
7545,2025-01-24,SH.ZB_600335,国机汽车,汽车服务,2.0555391
7546,2025-01-27,SH.ZB_603722,阿科力,塑料制品,2.0554543
7547,2025-01-24,SH.ZB_600285,羚锐制药,中药,2.0549626
7548,2025-01-24,SH.KC_300386,飞天诚信,软件开发,2.054639
7549,2025-01-24,SZ.ZB_002234,民和股份,农牧饲渔,2.0543842
7550,2025-01-24,SH.KC_688157,松井股份,化学制品,2.0541086
7551,2025-01-24,SH.ZB_603993,洛阳钼业,小金属,2.0539954
7552,2025-01-27,SH.KC_300610,晨化股份,塑料制品,2.0535378
7553,2025-01-27,SH.KC_300625,三雄极光,家电行业,2.0533414
7554,2025-01-24,SZ.ZB_001360,南矿集团,专用设备,2.0532475
7555,2025-01-27,SH.KC_300999,金龙鱼,食品饮料,2.0529912
7556,2025-01-27,SH.ZB_601991,大唐发电,电力行业,2.0528927
7557,2025-01-27,SH.ZB_600256,广汇能源,石油行业,2.05279
7558,2025-01-24,SH.ZB_603888,新华网,文化传媒,2.0526395
7559,2025-01-27,SH.ZB_600035,楚天高速,铁路公路,2.0525262
7560,2025-01-24,SH.ZB_601368,绿城水务,公用事业,2.052237
7561,2025-01-24,SH.ZB_600148,长春一东,汽车零部件,2.0521476
7562,2025-01-27,SZ.ZB_002532,天山铝业,有色金属,2.0515666
7563,2025-01-27,SH.ZB_600845,宝信软件,互联网服务,2.0512834
7564,2025-01-24,SH.KC_300337,银邦股份,有色金属,2.051042
7565,2025-01-24,SH.ZB_600388,龙净环保,环保行业,2.050683
7566,2025-01-24,SZ.ZB_002442,龙星科技,橡胶制品,2.0497084
7567,2025-01-27,SH.KC_301246,宏源药业,化学制药,2.049668
7568,2025-01-27,SZ.ZB_003017,大洋生物,化学原料,2.0495443
7569,2025-01-24,SH.KC_300625,三雄极光,家电行业,2.0494864
7570,2025-01-27,SH.KC_300815,玉禾田,环保行业,2.0493448
7571,2025-01-27,SZ.ZB_002498,汉缆股份,电网设备,2.0490317
7572,2025-01-24,SZ.ZB_000708,中信特钢,钢铁行业,2.0485268
7573,2025-01-24,SH.KC_688330,宏力达,电网设备,2.0481348
7574,2025-01-27,SH.ZB_605155,西大门,家用轻工,2.0481124
7575,2025-01-24,SH.KC_300319,麦捷科技,光学光电子,2.0476625
7576,2025-01-27,SH.ZB_600489,中金黄金,贵金属,2.046697
7577,2025-01-24,SH.ZB_600197,伊力特,酿酒行业,2.0464644
7578,2025-01-27,SH.ZB_603096,新经典,文化传媒,2.0456731
7579,2025-01-24,SH.KC_300083,创世纪,通用设备,2.0455077
7580,2025-01-24,SH.KC_301419,阿莱德,通信设备,2.0444498
7581,2025-01-27,SZ.ZB_002627,三峡旅游,旅游酒店,2.0439177
7582,2025-01-27,SH.ZB_601956,东贝集团,家电行业,2.0433397
7583,2025-01-27,SH.KC_688196,卓越新能,化学制品,2.0432086
7584,2025-01-24,SH.ZB_600219,南山铝业,有色金属,2.0432055
7585,2025-01-27,SH.KC_300015,爱尔眼科,医疗服务,2.042742
7586,2025-01-24,SZ.ZB_002334,英威腾,专用设备,2.0423338
7587,2025-01-24,SZ.ZB_002422,科伦药业,化学制药,2.042
7588,2025-01-24,SH.KC_301278,快可电子,光伏设备,2.0417452
7589,2025-01-24,SH.ZB_603188,亚邦股份,化学制品,2.0414724
7590,2025-01-27,SZ.ZB_002615,哈尔斯,家用轻工,2.0412729
7591,2025-01-27,SH.KC_301190,善水科技,化学制品,2.04124
7592,2025-01-24,SH.KC_300919,中伟股份,电池,2.0407438
7593,2025-01-27,SZ.ZB_000703,恒逸石化,化纤行业,2.0407007
7594,2025-01-27,SZ.ZB_002152,广电运通,计算机设备,2.0401611
7595,2025-01-27,SH.KC_300508,维宏股份,互联网服务,2.039875
7596,2025-01-24,SH.KC_688538,和辉光电-U,光学光电子,2.0390332
7597,2025-01-27,SH.ZB_600612,老凤祥,珠宝首饰,2.038555
7598,2025-01-24,SZ.ZB_002266,浙富控股,环保行业,2.0383477
7599,2025-01-27,SZ.ZB_002626,金达威,食品饮料,2.0382195
7600,2025-01-24,SZ.ZB_002061,浙江交科,工程建设,2.038148
7601,2025-01-24,SH.ZB_605011,杭州热电,公用事业,2.0380526
7602,2025-01-27,SH.ZB_603156,养元饮品,食品饮料,2.0377054
7603,2025-01-27,SH.ZB_603010,万盛股份,化学制品,2.0371304
7604,2025-01-24,SZ.ZB_003009,中天火箭,航天航空,2.0367875
7605,2025-01-24,SZ.ZB_000821,京山轻机,光伏设备,2.0366297
7606,2025-01-24,SH.KC_301314,科瑞思,通信设备,2.0365403
7607,2025-01-27,SH.ZB_600320,振华重工,专用设备,2.0364568
7608,2025-01-24,SZ.ZB_002051,中工国际,工程建设,2.0363793
7609,2025-01-27,SH.KC_300910,瑞丰新材,化学制品,2.0363405
7610,2025-01-27,SH.ZB_601766,中国中车,交运设备,2.036041
7611,2025-01-24,SH.ZB_600418,江淮汽车,汽车整车,2.0353005
7612,2025-01-24,SZ.ZB_002099,海翔药业,化学制药,2.035287
7613,2025-01-24,SZ.ZB_002925,盈趣科技,消费电子,2.0347447
7614,2025-01-27,SH.KC_301335,天元宠物,家用轻工,2.0346136
7615,2025-01-27,SZ.ZB_002410,广联达,软件开发,2.0336375
7616,2025-01-24,SZ.ZB_002849,威星智能,仪器仪表,2.0333037
7617,2025-01-24,SZ.ZB_000026,飞亚达,珠宝首饰,2.033241
7618,2025-01-27,SH.ZB_600526,菲达环保,环保行业,2.032885
7619,2025-01-27,SH.KC_688520,神州细胞-U,生物制品,2.0327926
7620,2025-01-27,SH.ZB_600749,西藏旅游,旅游酒店,2.032417
7621,2025-01-24,SZ.ZB_002562,兄弟科技,化学制品,2.032274
7622,2025-01-24,SH.KC_301018,申菱环境,专用设备,2.0316885
7623,2025-01-24,SH.KC_300528,幸福蓝海,文化传媒,2.0315886
7624,2025-01-24,SH.ZB_601107,四川成渝,铁路公路,2.03121
7625,2025-01-27,SH.ZB_605365,立达信,家电行业,2.0311236
7626,2025-01-27,SH.ZB_601880,辽港股份,航运港口,2.0308108
7627,2025-01-24,SH.ZB_601858,中国科传,文化传媒,2.0308018
7628,2025-01-24,SH.ZB_603355,莱克电气,家电行业,2.0307288
7629,2025-01-24,SH.ZB_601555,东吴证券,证券,2.0305157
7630,2025-01-27,SZ.ZB_000963,华东医药,化学制药,2.03048
7631,2025-01-27,SH.KC_300406,九强生物,医疗器械,2.0304441
7632,2025-01-27,SH.KC_300930,屹通新材,有色金属,2.0303755
7633,2025-01-24,SH.ZB_600737,中粮糖业,食品饮料,2.0302474
7634,2025-01-27,SZ.ZB_000948,南天信息,软件开发,2.0300255
7635,2025-01-27,SH.ZB_600444,国机通用,专用设备,2.0299509
7636,2025-01-24,SZ.ZB_002560,通达股份,电网设备,2.0294144
7637,2025-01-27,SZ.ZB_002930,宏川智慧,物流行业,2.0293534
7638,2025-01-24,SZ.ZB_002999,天禾股份,化肥行业,2.0292282
7639,2025-01-24,SH.KC_300482,万孚生物,医疗器械,2.0287247
7640,2025-01-27,SH.KC_301215,中汽股份,汽车服务,2.0286992
7641,2025-01-27,SH.KC_688146,中船特气,电子化学品,2.0286367
7642,2025-01-24,SZ.ZB_002492,恒基达鑫,物流行业,2.0284996
7643,2025-01-27,SZ.ZB_002154,报 喜 鸟,纺织服装,2.027905
7644,2025-01-24,SH.ZB_603237,五芳斋,食品饮料,2.0275905
7645,2025-01-24,SH.KC_688613,奥精医疗,医疗器械,2.0262704
7646,2025-01-27,SZ.ZB_002658,雪迪龙,仪器仪表,2.0260482
7647,2025-01-27,SZ.ZB_002803,吉宏股份,文化传媒,2.0254717
7648,2025-01-24,SH.ZB_603181,皇马科技,塑料制品,2.0254433
7649,2025-01-24,SZ.ZB_002216,三全食品,食品饮料,2.0251796
7650,2025-01-24,SH.KC_688033,天宜上佳,光伏设备,2.02491
7651,2025-01-24,SZ.ZB_002957,科瑞技术,专用设备,2.0246835
7652,2025-01-24,SZ.ZB_002146,荣盛发展,房地产开发,2.0246716
7653,2025-01-24,SH.ZB_603231,索宝蛋白,农牧饲渔,2.024193
7654,2025-01-24,SZ.ZB_002353,杰瑞股份,专用设备,2.0239816
7655,2025-01-27,SZ.ZB_002010,传化智联,物流行业,2.0237505
7656,2025-01-27,SZ.ZB_000700,模塑科技,汽车零部件,2.023396
7657,2025-01-24,SH.ZB_600293,三峡新材,玻璃玻纤,2.0232499
7658,2025-01-24,SZ.ZB_002282,博深股份,通用设备,2.0230503
7659,2025-01-27,SH.ZB_603280,南方路机,专用设备,2.0229907
7660,2025-01-24,SH.ZB_600776,东方通信,通信设备,2.022685
7661,2025-01-27,SH.ZB_603373,安邦护卫,专业服务,2.022259
7662,2025-01-27,SZ.ZB_002294,信立泰,化学制药,2.0220847
7663,2025-01-24,SH.KC_688112,鼎阳科技,仪器仪表,2.0213933
7664,2025-01-27,SH.ZB_601318,中国平安,保险,2.0212247
7665,2025-01-24,SH.ZB_603153,上海建科,工程咨询服务,2.0210118
7666,2025-01-24,SZ.ZB_000923,河钢资源,钢铁行业,2.0209193
7667,2025-01-27,SH.ZB_603018,华设集团,工程咨询服务,2.020821
7668,2025-01-27,SH.KC_300651,金陵体育,家用轻工,2.0207152
7669,2025-01-24,SZ.ZB_001317,三羊马,物流行业,2.0206928
7670,2025-01-24,SZ.ZB_000718,苏宁环球,房地产开发,2.0204246
7671,2025-01-27,SH.ZB_600019,宝钢股份,钢铁行业,2.0202682
7672,2025-01-24,SH.KC_301138,华研精机,专用设备,2.020183
7673,2025-01-24,SZ.ZB_002655,共达电声,消费电子,2.0200803
7674,2025-01-27,SH.ZB_603329,上海雅仕,物流行业,2.0198436
7675,2025-01-24,SH.ZB_600138,中青旅,旅游酒店,2.0188541
7676,2025-01-24,SZ.ZB_002202,金风科技,风电设备,2.0187676
7677,2025-01-24,SH.ZB_603897,长城科技,电网设备,2.0181804
7678,2025-01-24,SH.ZB_600433,冠豪高新,造纸印刷,2.0164475
7679,2025-01-27,SZ.ZB_000966,长源电力,电力行业,2.0163894
7680,2025-01-27,SH.KC_688102,斯瑞新材,有色金属,2.0162866
7681,2025-01-24,SH.ZB_600051,宁波联合,综合行业,2.015622
7682,2025-01-27,SZ.ZB_002454,松芝股份,汽车零部件,2.0155623
7683,2025-01-24,SH.KC_301207,华兰疫苗,生物制品,2.0152316
7684,2025-01-24,SH.KC_688130,晶华微,半导体,2.0152152
7685,2025-01-24,SZ.ZB_002832,比音勒芬,纺织服装,2.0150735
7686,2025-01-27,SZ.ZB_002406,远东传动,汽车零部件,2.0146222
7687,2025-01-24,SH.KC_300777,中简科技,化纤行业,2.014582
7688,2025-01-24,SH.KC_688221,前沿生物-U,化学制药,2.01398
7689,2025-01-24,SZ.ZB_001206,依依股份,美容护理,2.0133436
7690,2025-01-24,SZ.ZB_002566,益盛药业,中药,2.0128205
7691,2025-01-24,SH.KC_688233,神工股份,半导体,2.0125241
7692,2025-01-24,SZ.ZB_002376,新北洋,计算机设备,2.011788
7693,2025-01-27,SH.ZB_600713,南京医药,医药商业,2.0104542
7694,2025-01-24,SH.ZB_601717,郑煤机,汽车零部件,2.0096211
7695,2025-01-24,SZ.ZB_002444,巨星科技,通用设备,2.0093427
7696,2025-01-27,SH.KC_300984,金沃股份,通用设备,2.0090535
7697,2025-01-24,SH.KC_688093,世华科技,电子元件,2.0085244
7698,2025-01-27,SZ.ZB_000707,双环科技,化学原料,2.0079165
7699,2025-01-24,SZ.ZB_002263,大东南,塑料制品,2.007562
7700,2025-01-24,SH.ZB_601528,瑞丰银行,银行,2.0073519
7701,2025-01-24,SH.KC_301125,腾亚精工,通用设备,2.007185
7702,2025-01-27,SH.KC_300983,尤安设计,工程咨询服务,2.0065725
7703,2025-01-24,SZ.ZB_002585,双星新材,塑料制品,2.00565
7704,2025-01-27,SH.ZB_605003,众望布艺,纺织服装,2.005595
7705,2025-01-27,SH.KC_300896,爱美客,美容护理,2.0055935
7706,2025-01-27,SH.ZB_600479,千金药业,中药,2.0054936
7707,2025-01-24,SH.KC_688352,颀中科技,半导体,2.0054743
7708,2025-01-24,SH.ZB_600787,中储股份,物流行业,2.005236
7709,2025-01-24,SH.ZB_600679,上海凤凰,交运设备,2.0051315
7710,2025-01-27,SZ.ZB_000601,韶能股份,电力行业,2.0037441
7711,2025-01-27,SZ.ZB_002365,永安药业,化学制药,2.0034134
7712,2025-01-24,SH.ZB_601016,节能风电,电力行业,2.0031571
7713,2025-01-27,SH.ZB_600901,江苏金租,多元金融,2.002628
7714,2025-01-24,SH.ZB_600668,尖峰集团,水泥建材,2.0025597
7715,2025-01-27,SH.ZB_603585,苏利股份,农药兽药,2.00219
7716,2025-01-24,SH.KC_688268,华特气体,电子化学品,2.0021021
7717,2025-01-27,SH.ZB_603528,多伦科技,软件开发,2.0016418
7718,2025-01-24,SH.KC_300553,集智股份,仪器仪表,2.0016103
7719,2025-01-24,SZ.ZB_002102,能特科技,化学制药,2.0012975
7720,2025-01-24,SZ.ZB_002152,广电运通,计算机设备,2.001193
7721,2025-01-24,SH.ZB_603676,卫信康,化学制药,2.0011067
7722,2025-01-24,SZ.ZB_000153,丰原药业,化学制药,2.0010576
7723,2025-01-24,SH.KC_301348,蓝箭电子,半导体,2.0007386
7724,2025-01-24,SH.KC_688432,有研硅,半导体,2.0005286
7725,2025-01-24,SZ.ZB_002172,澳洋健康,医疗服务,1.9999549
7726,2025-01-27,SH.KC_688611,杭州柯林,电网设备,1.9996107
7727,2025-01-24,SZ.ZB_002461,珠江啤酒,酿酒行业,1.9995183
7728,2025-01-24,SH.ZB_601618,中国中冶,工程建设,1.9987315
7729,2025-01-27,SH.KC_688080,映翰通,通信设备,1.9982741
7730,2025-01-27,SZ.ZB_002675,东诚药业,化学制药,1.9980624
7731,2025-01-24,SH.KC_301191,菲菱科思,通信设备,1.997988
7732,2025-01-24,SZ.ZB_003012,东鹏控股,装修建材,1.997596
7733,2025-01-24,SH.ZB_601872,招商轮船,航运港口,1.9971325
7734,2025-01-27,SH.ZB_601100,恒立液压,工程机械,1.9964173
7735,2025-01-24,SH.ZB_600581,八一钢铁,钢铁行业,1.9960612
7736,2025-01-27,SZ.ZB_002144,宏达高科,纺织服装,1.9949079
7737,2025-01-24,SZ.ZB_002671,龙泉股份,水泥建材,1.9937962
7738,2025-01-24,SH.KC_300120,经纬辉开,光学光电子,1.9936695
7739,2025-01-24,SH.ZB_601607,上海医药,医药商业,1.9933999
7740,2025-01-24,SH.ZB_603855,华荣股份,专用设备,1.9933224
7741,2025-01-24,SZ.ZB_002616,长青集团,电力行业,1.9933045
7742,2025-01-24,SH.ZB_601116,三江购物,商业百货,1.9932181
7743,2025-01-27,SH.KC_688552,航天南湖,通信设备,1.9931362
7744,2025-01-24,SZ.ZB_000537,中绿电,电力行业,1.9929588
7745,2025-01-27,SZ.ZB_002099,海翔药业,化学制药,1.9928485
7746,2025-01-24,SZ.ZB_002588,史丹利,化肥行业,1.9925267
7747,2025-01-27,SH.KC_300761,立华股份,农牧饲渔,1.992315
7748,2025-01-24,SZ.ZB_001323,慕思股份,家用轻工,1.9919858
7749,2025-01-27,SH.KC_300771,智莱科技,计算机设备,1.991354
7750,2025-01-27,SH.ZB_603519,立霸股份,家电行业,1.9911826
7751,2025-01-24,SH.ZB_601390,中国中铁,工程建设,1.9910529
7752,2025-01-24,SZ.ZB_002835,同为股份,计算机设备,1.9901588
7753,2025-01-24,SZ.ZB_002445,中南文化,通用设备,1.9895762
7754,2025-01-24,SH.KC_300236,上海新阳,电子化学品,1.9892603
7755,2025-01-24,SH.ZB_600261,阳光照明,家电行业,1.9891679
7756,2025-01-24,SH.ZB_600612,老凤祥,珠宝首饰,1.9891248
7757,2025-01-24,SH.KC_300963,中洲特材,有色金属,1.9888744
7758,2025-01-27,SZ.ZB_000488,晨鸣纸业,造纸印刷,1.988563
7759,2025-01-24,SH.ZB_600249,两面针,美容护理,1.988247
7760,2025-01-24,SZ.ZB_000538,云南白药,中药,1.9882247
7761,2025-01-27,SH.ZB_600750,江中药业,中药,1.9880548
7762,2025-01-27,SZ.ZB_002783,凯龙股份,化学制品,1.9877806
7763,2025-01-27,SH.ZB_605259,绿田机械,通用设备,1.9875795
7764,2025-01-24,SH.ZB_600168,武汉控股,公用事业,1.9873947
7765,2025-01-24,SH.ZB_603100,川仪股份,仪器仪表,1.9872934
7766,2025-01-24,SH.ZB_603883,老百姓,医药商业,1.9871861
7767,2025-01-27,SH.KC_688330,宏力达,电网设备,1.9865006
7768,2025-01-27,SH.ZB_603657,春光科技,家电行业,1.9864589
7769,2025-01-24,SH.KC_301500,飞南资源,环保行业,1.9864142
7770,2025-01-27,SZ.ZB_002901,大博医疗,医疗器械,1.9861267
7771,2025-01-27,SH.KC_300003,乐普医疗,医疗器械,1.9850864
7772,2025-01-24,SH.ZB_600482,中国动力,船舶制造,1.9848138
7773,2025-01-24,SZ.ZB_002558,巨人网络,游戏,1.9847363
7774,2025-01-27,SH.ZB_600135,乐凯胶片,塑料制品,1.9846439
7775,2025-01-27,SZ.ZB_000001,平安银行,银行,1.9840866
7776,2025-01-27,SH.KC_301203,国泰环保,环保行业,1.983954
7777,2025-01-24,SZ.ZB_002668,TCL智家,家电行业,1.9834578
7778,2025-01-27,SZ.ZB_000728,国元证券,证券,1.9833579
7779,2025-01-24,SH.ZB_600707,彩虹股份,光学光电子,1.983042
7780,2025-01-27,SH.ZB_600863,内蒙华电,电力行业,1.982972
7781,2025-01-24,SH.ZB_603477,巨星农牧,农牧饲渔,1.9825623
7782,2025-01-24,SH.KC_300146,汤臣倍健,食品饮料,1.9824207
7783,2025-01-24,SH.KC_300726,宏达电子,电子元件,1.9824042
7784,2025-01-27,SZ.ZB_002832,比音勒芬,纺织服装,1.9821674
7785,2025-01-27,SH.ZB_601816,京沪高铁,铁路公路,1.981929
7786,2025-01-24,SH.ZB_600449,宁夏建材,水泥建材,1.9817784
7787,2025-01-24,SH.KC_300872,天阳科技,互联网服务,1.9816384
7788,2025-01-24,SZ.ZB_002469,三维化学,化学原料,1.9816011
7789,2025-01-24,SH.ZB_600790,轻纺城,商业百货,1.9815729
7790,2025-01-27,SH.ZB_600505,西昌电力,电力行业,1.9811541
7791,2025-01-27,SH.KC_300760,迈瑞医疗,医疗器械,1.9809113
7792,2025-01-24,SH.KC_300841,康华生物,生物制品,1.9808815
7793,2025-01-27,SZ.ZB_002060,广东建工,工程建设,1.980412
7794,2025-01-24,SZ.ZB_002140,东华科技,工程建设,1.9791037
7795,2025-01-27,SH.ZB_600763,通策医疗,医疗服务,1.978682
7796,2025-01-27,SH.KC_688480,赛恩斯,环保行业,1.9786582
7797,2025-01-27,SZ.ZB_002608,江苏国信,电力行业,1.9782529
7798,2025-01-27,SH.ZB_603926,铁流股份,汽车零部件,1.9776478
7799,2025-01-24,SH.ZB_603006,联明股份,汽车零部件,1.9775674
7800,2025-01-24,SH.KC_301418,协昌科技,专用设备,1.9774988
7801,2025-01-27,SZ.ZB_001317,三羊马,物流行业,1.9773632
7802,2025-01-27,SH.KC_300788,中信出版,文化传媒,1.9771904
7803,2025-01-24,SZ.ZB_000927,中国铁物,物流行业,1.9771844
7804,2025-01-24,SZ.ZB_002758,浙农股份,综合行业,1.9771695
7805,2025-01-27,SZ.ZB_002102,能特科技,化学制药,1.9771338
7806,2025-01-27,SH.KC_300834,星辉环材,化学原料,1.977089
7807,2025-01-24,SZ.ZB_000875,吉电股份,电力行业,1.9767807
7808,2025-01-24,SH.ZB_603609,禾丰股份,农牧饲渔,1.9763186
7809,2025-01-24,SH.KC_301503,智迪科技,消费电子,1.9762844
7810,2025-01-24,SZ.ZB_000661,长春高新,生物制品,1.9761115
7811,2025-01-27,SZ.ZB_002061,浙江交科,工程建设,1.9758433
7812,2025-01-24,SZ.ZB_003019,宸展光电,光学光电子,1.9758075
7813,2025-01-27,SH.KC_301166,优宁维,生物制品,1.9757301
7814,2025-01-24,SH.KC_688106,金宏气体,电子化学品,1.9755588
7815,2025-01-24,SH.ZB_600166,福田汽车,汽车整车,1.9755185
7816,2025-01-27,SZ.ZB_003012,东鹏控股,装修建材,1.9753546
7817,2025-01-24,SH.ZB_601377,兴业证券,证券,1.9752502
7818,2025-01-24,SH.ZB_600269,赣粤高速,铁路公路,1.9747943
7819,2025-01-27,SZ.ZB_002037,保利联合,化学制品,1.9734547
7820,2025-01-27,SH.ZB_600096,云天化,化肥行业,1.973319
7821,2025-01-24,SH.ZB_600017,日照港,航运港口,1.973252
7822,2025-01-24,SH.KC_300627,华测导航,通信设备,1.9730375
7823,2025-01-27,SH.ZB_600101,明星电力,电力行业,1.972945
7824,2025-01-24,SH.ZB_603076,乐惠国际,专用设备,1.9728854
7825,2025-01-27,SH.KC_688092,爱科科技,专用设备,1.9728363
7826,2025-01-24,SH.ZB_605100,华丰股份,通用设备,1.9726708
7827,2025-01-27,SH.KC_301131,聚赛龙,塑料制品,1.9726052
7828,2025-01-27,SH.ZB_600062,华润双鹤,化学制药,1.972188
7829,2025-01-24,SZ.ZB_002972,科安达,交运设备,1.971154
7830,2025-01-24,SH.KC_300797,钢研纳克,专业服务,1.970701
7831,2025-01-24,SH.KC_688648,中邮科技,通用设备,1.9706964
7832,2025-01-27,SH.KC_300001,特锐德,电网设备,1.9705027
7833,2025-01-27,SH.ZB_600333,长春燃气,燃气,1.9704475
7834,2025-01-24,SH.KC_688146,中船特气,电子化学品,1.9702822
7835,2025-01-24,SZ.ZB_000993,闽东电力,电力行业,1.9701213
7836,2025-01-24,SH.KC_301319,唯特偶,电子元件,1.9699067
7837,2025-01-27,SH.KC_688687,凯因科技,生物制品,1.969552
7838,2025-01-24,SH.ZB_603219,富佳股份,家电行业,1.9689173
7839,2025-01-27,SH.ZB_601619,嘉泽新能,电力行业,1.9683347
7840,2025-01-27,SH.KC_300797,钢研纳克,专业服务,1.9683077
7841,2025-01-24,SH.KC_688419,耐科装备,专用设备,1.9673109
7842,2025-01-24,SZ.ZB_000973,佛塑科技,塑料制品,1.9669384
7843,2025-01-24,SZ.ZB_002125,湘潭电化,化学原料,1.9668072
7844,2025-01-27,SZ.ZB_002790,瑞尔特,装修建材,1.9662589
7845,2025-01-27,SH.ZB_601628,中国人寿,保险,1.965034
7846,2025-01-27,SZ.ZB_000661,长春高新,生物制品,1.9649029
7847,2025-01-27,SH.KC_301408,华人健康,医药商业,1.9645125
7848,2025-01-27,SH.KC_301059,金三江,化学原料,1.9644783
7849,2025-01-24,SZ.ZB_002057,中钢天源,非金属材料,1.9640341
7850,2025-01-24,SZ.ZB_000877,天山股份,水泥建材,1.9639075
7851,2025-01-24,SZ.ZB_000977,浪潮信息,计算机设备,1.9638314
7852,2025-01-24,SH.KC_301225,恒勃股份,汽车零部件,1.9638286
7853,2025-01-27,SH.ZB_600795,国电电力,电力行业,1.9628614
7854,2025-01-24,SZ.ZB_002272,川润股份,工程机械,1.9618839
7855,2025-01-24,SH.ZB_600282,南钢股份,钢铁行业,1.9617617
7856,2025-01-24,SZ.ZB_002931,锋龙股份,通用设备,1.9614592
7857,2025-01-24,SH.KC_300910,瑞丰新材,化学制品,1.9610927
7858,2025-01-27,SH.ZB_601398,工商银行,银行,1.9606993
7859,2025-01-24,SH.KC_300021,大禹节水,农牧饲渔,1.9603624
7860,2025-01-24,SZ.ZB_000983,山西焦煤,煤炭行业,1.9600213
7861,2025-01-27,SZ.ZB_000625,长安汽车,汽车整车,1.960002
7862,2025-01-24,SH.KC_300286,安科瑞,电网设备,1.9598737
7863,2025-01-24,SZ.ZB_001286,陕西能源,电力行业,1.9596964
7864,2025-01-24,SH.KC_300806,斯迪克,塑料制品,1.9592657
7865,2025-01-24,SH.KC_688689,银河微电,半导体,1.9592152
7866,2025-01-24,SH.ZB_600598,北大荒,农牧饲渔,1.9591033
7867,2025-01-24,SH.KC_301185,鸥玛软件,软件开发,1.9587173
7868,2025-01-24,SH.KC_301508,中机认检,专业服务,1.9585774
7869,2025-01-24,SH.ZB_600750,江中药业,中药,1.9579663
7870,2025-01-24,SH.ZB_600446,金证股份,互联网服务,1.9576504
7871,2025-01-24,SH.ZB_603260,合盛硅业,非金属材料,1.9576027
7872,2025-01-24,SZ.ZB_002855,捷荣技术,消费电子,1.9568965
7873,2025-01-27,SH.ZB_600027,华电国际,电力行业,1.9568443
7874,2025-01-24,SZ.ZB_002010,传化智联,物流行业,1.9560158
7875,2025-01-27,SZ.ZB_001332,锡装股份,专用设备,1.9558892
7876,2025-01-24,SZ.ZB_002561,徐家汇,商业百货,1.9558042
7877,2025-01-24,SH.ZB_600863,内蒙华电,电力行业,1.9550755
7878,2025-01-24,SZ.ZB_002489,浙江永强,家用轻工,1.9546896
7879,2025-01-24,SZ.ZB_002238,天威视讯,文化传媒,1.9545331
7880,2025-01-27,SH.KC_300741,华宝股份,食品饮料,1.95387
7881,2025-01-24,SH.KC_301262,海看股份,文化传媒,1.9529283
7882,2025-01-27,SH.ZB_603927,中科软,软件开发,1.9521624
7883,2025-01-24,SH.KC_301201,诚达药业,医疗服务,1.9520357
7884,2025-01-24,SZ.ZB_000755,山西高速,铁路公路,1.9519955
7885,2025-01-27,SZ.ZB_002267,陕天然气,燃气,1.9514904
7886,2025-01-27,SH.KC_688187,时代电气,交运设备,1.9510136
7887,2025-01-24,SH.KC_688307,中润光学,光学光电子,1.9503981
7888,2025-01-24,SH.KC_301398,星源卓镁,汽车零部件,1.9499466
7889,2025-01-24,SZ.ZB_000682,东方电子,电网设备,1.9490435
7890,2025-01-24,SZ.ZB_002617,露笑科技,光伏设备,1.9480064
7891,2025-01-24,SH.ZB_600860,京城股份,通用设备,1.9465208
7892,2025-01-24,SH.KC_300516,久之洋,电子元件,1.9458503
7893,2025-01-24,SH.ZB_600320,振华重工,专用设备,1.9456059
7894,2025-01-27,SZ.ZB_000650,仁和药业,中药,1.9448504
7895,2025-01-24,SH.KC_300292,吴通控股,通信服务,1.9448147
7896,2025-01-27,SH.ZB_603456,九洲药业,化学制药,1.9448072
7897,2025-01-24,SH.KC_688075,安旭生物,医疗器械,1.9444764
7898,2025-01-23,SH.KC_300065,海兰信,船舶制造,1.9444764
7899,2025-01-27,SH.ZB_601179,中国西电,电网设备,1.9443288
7900,2025-01-24,SH.KC_300039,上海凯宝,中药,1.944232
7901,2025-01-24,SH.KC_688379,华光新材,通用设备,1.9441277
7902,2025-01-24,SH.ZB_603348,文灿股份,汽车零部件,1.9440532
7903,2025-01-24,SH.KC_300816,艾可蓝,汽车零部件,1.94401
7904,2025-01-24,SZ.ZB_002675,东诚药业,化学制药,1.9439876
7905,2025-01-24,SH.ZB_600519,贵州茅台,酿酒行业,1.943633
7906,2025-01-27,SH.ZB_603309,维力医疗,医疗器械,1.9435093
7907,2025-01-27,SZ.ZB_000338,潍柴动力,汽车零部件,1.943472
7908,2025-01-24,SH.ZB_603878,武进不锈,钢铁行业,1.9433081
7909,2025-01-27,SH.ZB_603276,恒兴新材,化学原料,1.9431382
7910,2025-01-24,SH.ZB_600909,华安证券,证券,1.943095
7911,2025-01-24,SH.KC_301300,远翔新材,化学制品,1.942867
7912,2025-01-27,SZ.ZB_000088,盐 田 港,航运港口,1.9427508
7913,2025-01-24,SZ.ZB_002521,齐峰新材,造纸印刷,1.9423336
7914,2025-01-27,SH.ZB_600153,建发股份,贸易行业,1.9420788
7915,2025-01-24,SZ.ZB_000677,恒天海龙,化纤行业,1.9420445
7916,2025-01-24,SZ.ZB_000788,北大医药,化学制药,1.9414856
7917,2025-01-24,SZ.ZB_001308,康冠科技,消费电子,1.9410536
7918,2025-01-24,SZ.ZB_000505,京粮控股,农牧饲渔,1.9404516
7919,2025-01-24,SH.KC_300452,山河药辅,化学制药,1.9403487
7920,2025-01-27,SZ.ZB_002204,大连重工,工程机械,1.9401312
7921,2025-01-24,SH.ZB_600326,西藏天路,水泥建材,1.9393399
7922,2025-01-24,SZ.ZB_000625,长安汽车,汽车整车,1.9391328
7923,2025-01-24,SH.KC_301160,翔楼新材,汽车零部件,1.939097
7924,2025-01-27,SH.ZB_601899,紫金矿业,有色金属,1.9382133
7925,2025-01-27,SH.ZB_600975,新五丰,农牧饲渔,1.9372776
7926,2025-01-24,SH.ZB_601186,中国铁建,工程建设,1.9368098
7927,2025-01-27,SH.ZB_600829,人民同泰,医药商业,1.936698
7928,2025-01-24,SH.ZB_603069,海汽集团,铁路公路,1.9366026
7929,2025-01-24,SH.KC_300399,天利科技,互联网服务,1.9361138
7930,2025-01-27,SH.ZB_600697,欧亚集团,商业百货,1.9360557
7931,2025-01-24,SH.ZB_601128,常熟银行,银行,1.9357636
7932,2025-01-24,SH.KC_300563,神宇股份,通信设备,1.9352764
7933,2025-01-24,SH.KC_300233,金城医药,化学制药,1.9350588
7934,2025-01-24,SH.ZB_603577,汇金通,电网设备,1.9350276
7935,2025-01-24,SH.KC_688376,美埃科技,环保行业,1.9343048
7936,2025-01-27,SH.ZB_603599,广信股份,农药兽药,1.9340664
7937,2025-01-27,SH.KC_300962,中金辐照,专业服务,1.9336655
7938,2025-01-24,SH.KC_301349,信德新材,化学制品,1.933372
7939,2025-01-27,SZ.ZB_002591,恒大高新,互联网服务,1.9331336
7940,2025-01-24,SZ.ZB_002644,佛慈制药,中药,1.9330502
7941,2025-01-27,SH.ZB_600219,南山铝业,有色金属,1.9329369
7942,2025-01-24,SH.ZB_600987,航民股份,纺织服装,1.9329041
7943,2025-01-24,SH.KC_688608,恒玄科技,半导体,1.9327581
7944,2025-01-27,SZ.ZB_002029,七 匹 狼,纺织服装,1.932697
7945,2025-01-27,SH.ZB_603648,畅联股份,物流行业,1.9317701
7946,2025-01-24,SZ.ZB_002055,得润电子,消费电子,1.9312665
7947,2025-01-27,SZ.ZB_002887,绿茵生态,环保行业,1.931207
7948,2025-01-24,SH.ZB_603933,睿能科技,半导体,1.9308776
7949,2025-01-27,SH.KC_688531,日联科技,专用设备,1.9305899
7950,2025-01-24,SZ.ZB_000541,佛山照明,家电行业,1.9305587
7951,2025-01-24,SH.KC_688180,君实生物-U,生物制品,1.9305215
7952,2025-01-24,SH.KC_301289,国缆检测,专业服务,1.930356
7953,2025-01-27,SH.KC_300525,博思软件,软件开发,1.9301102
7954,2025-01-24,SZ.ZB_002090,金智科技,电网设备,1.9294605
7955,2025-01-24,SH.KC_301100,风光股份,化学制品,1.9290298
7956,2025-01-24,SZ.ZB_002579,中京电子,电子元件,1.9288838
7957,2025-01-27,SH.KC_301300,远翔新材,化学制品,1.9281626
7958,2025-01-27,SZ.ZB_002332,仙琚制药,化学制药,1.9279852
7959,2025-01-24,SH.ZB_603132,金徽股份,有色金属,1.9275367
7960,2025-01-27,SH.ZB_603551,奥普科技,家电行业,1.926589
7961,2025-01-24,SZ.ZB_002880,卫光生物,生物制品,1.9258618
7962,2025-01-27,SH.ZB_601199,江南水务,公用事业,1.9257694
7963,2025-01-27,SH.KC_300939,秋田微,光学光电子,1.9251227
7964,2025-01-24,SH.ZB_600971,恒源煤电,煤炭行业,1.9241288
7965,2025-01-27,SZ.ZB_002522,浙江众成,塑料制品,1.9236817
7966,2025-01-27,SH.ZB_600509,天富能源,电力行业,1.9235522
7967,2025-01-24,SH.ZB_603799,华友钴业,能源金属,1.9235224
7968,2025-01-24,SZ.ZB_000570,苏常柴Ａ,汽车零部件,1.9221053
7969,2025-01-24,SZ.ZB_002548,金新农,农牧饲渔,1.9214466
7970,2025-01-27,SH.KC_688160,步科股份,专用设备,1.9212797
7971,2025-01-24,SH.KC_688513,苑东生物,化学制药,1.920922
7972,2025-01-27,SH.ZB_601101,昊华能源,煤炭行业,1.9208267
7973,2025-01-27,SH.ZB_603217,元利科技,化学制品,1.9204245
7974,2025-01-24,SZ.ZB_000652,泰达股份,综合行业,1.9203007
7975,2025-01-24,SZ.ZB_000568,泸州老窖,酿酒行业,1.9200027
7976,2025-01-24,SH.KC_301256,华融化学,化学原料,1.9198209
7977,2025-01-24,SZ.ZB_002389,航天彩虹,航天航空,1.9192145
7978,2025-01-24,SZ.ZB_000020,深华发Ａ,光学光电子,1.9188911
7979,2025-01-24,SH.KC_301267,华厦眼科,医疗服务,1.9185855
7980,2025-01-24,SH.ZB_600420,国药现代,化学制药,1.9185588
7981,2025-01-27,SH.ZB_603013,亚普股份,汽车零部件,1.9185529
7982,2025-01-24,SH.KC_300767,震安科技,橡胶制品,1.9182398
7983,2025-01-24,SH.KC_689009,九号公司-WD,交运设备,1.9181103
7984,2025-01-24,SZ.ZB_003003,天元股份,包装材料,1.9181087
7985,2025-01-24,SH.KC_301097,天益医疗,医疗器械,1.9179881
7986,2025-01-27,SZ.ZB_003000,劲仔食品,食品饮料,1.9177244
7987,2025-01-27,SZ.ZB_001289,龙源电力,电力行业,1.9176722
7988,2025-01-24,SZ.ZB_000792,盐湖股份,化肥行业,1.9173056
7989,2025-01-27,SH.ZB_600941,中国移动,通信服务,1.9169197
7990,2025-01-24,SH.ZB_603817,海峡环保,环保行业,1.9160404
7991,2025-01-24,SH.ZB_601398,工商银行,银行,1.9155517
7992,2025-01-24,SH.KC_300623,捷捷微电,半导体,1.915431
7993,2025-01-27,SZ.ZB_000913,钱江摩托,交运设备,1.9153506
7994,2025-01-24,SH.ZB_603310,巍华新材,化学原料,1.9152164
7995,2025-01-27,SH.KC_300002,神州泰岳,游戏,1.9150525
7996,2025-01-27,SH.ZB_605099,共创草坪,家用轻工,1.9146115
7997,2025-01-24,SH.KC_688019,安集科技,电子化学品,1.9144461
7998,2025-01-24,SH.KC_300230,永利股份,塑料制品,1.9144297
7999,2025-01-27,SH.KC_300636,同和药业,化学制药,1.9139483
8000,2025-01-27,SH.KC_300422,博世科,环保行业,1.9134805
8001,2025-01-27,SH.ZB_601187,厦门银行,银行,1.913476
8002,2025-01-24,SZ.ZB_002601,龙佰集团,化学原料,1.9134417
8003,2025-01-27,SH.ZB_601188,龙江交通,铁路公路,1.9133687
8004,2025-01-24,SZ.ZB_000534,万泽股份,生物制品,1.9130483
8005,2025-01-27,SH.ZB_601988,中国银行,银行,1.9127562
8006,2025-01-27,SH.KC_301550,斯菱股份,汽车零部件,1.9126892
8007,2025-01-24,SZ.ZB_002867,周大生,珠宝首饰,1.912327
8008,2025-01-27,SH.KC_688393,安必平,医疗器械,1.9122913
8009,2025-01-24,SH.KC_300664,鹏鹞环保,环保行业,1.9115537
8010,2025-01-27,SH.ZB_603182,嘉华股份,农牧饲渔,1.9113481
8011,2025-01-27,SH.ZB_600578,京能电力,电力行业,1.9112661
8012,2025-01-27,SH.ZB_603053,成都燃气,燃气,1.9111305
8013,2025-01-27,SH.ZB_600276,恒瑞医药,化学制药,1.9101455
8014,2025-01-24,SH.ZB_601108,财通证券,证券,1.9098818
8015,2025-01-27,SH.ZB_600917,重庆燃气,燃气,1.9094974
8016,2025-01-24,SH.ZB_601880,辽港股份,航运港口,1.9091755
8017,2025-01-24,SH.KC_300999,金龙鱼,食品饮料,1.9086838
8018,2025-01-24,SZ.ZB_000883,湖北能源,电力行业,1.9086137
8019,2025-01-27,SH.ZB_601702,华峰铝业,有色金属,1.9084587
8020,2025-01-27,SH.ZB_603713,密尔克卫,物流行业,1.9083903
8021,2025-01-27,SZ.ZB_000883,湖北能源,电力行业,1.9083366
8022,2025-01-24,SZ.ZB_002687,乔治白,纺织服装,1.9081845
8023,2025-01-24,SZ.ZB_000557,西部创业,物流行业,1.9077599
8024,2025-01-24,SZ.ZB_002763,汇洁股份,纺织服装,1.907654
8025,2025-01-27,SH.KC_688188,柏楚电子,软件开发,1.9074395
8026,2025-01-24,SH.KC_300160,秀强股份,家电行业,1.9073904
8027,2025-01-24,SH.KC_688600,皖仪科技,仪器仪表,1.907146
8028,2025-01-24,SH.ZB_603299,苏盐井神,化学原料,1.9058913
8029,2025-01-27,SZ.ZB_002884,凌霄泵业,通用设备,1.9056692
8030,2025-01-27,SH.KC_301529,福赛科技,汽车零部件,1.9053922
8031,2025-01-27,SZ.ZB_000597,东北制药,化学制药,1.9050211
8032,2025-01-27,SH.KC_301276,嘉曼服饰,纺织服装,1.9049838
8033,2025-01-24,SZ.ZB_000960,锡业股份,小金属,1.9046247
8034,2025-01-24,SH.ZB_600571,信雅达,互联网服务,1.9042656
8035,2025-01-24,SH.ZB_603073,彩蝶实业,纺织服装,1.9041419
8036,2025-01-27,SH.KC_301020,密封科技,汽车零部件,1.9036903
8037,2025-01-24,SH.ZB_605169,洪通燃气,燃气,1.9033327
8038,2025-01-24,SH.KC_300931,通用电梯,专用设备,1.9032091
8039,2025-01-24,SH.KC_688272,富吉瑞,光学光电子,1.9015536
8040,2025-01-24,SH.ZB_603587,地素时尚,纺织服装,1.9013703
8041,2025-01-27,SZ.ZB_002320,海峡股份,航运港口,1.9004673
8042,2025-01-27,SH.ZB_605066,天正电气,电网设备,1.900141
8043,2025-01-27,SH.KC_301185,鸥玛软件,软件开发,1.8997341
8044,2025-01-24,SZ.ZB_000552,甘肃能化,煤炭行业,1.8997207
8045,2025-01-27,SZ.ZB_002080,中材科技,玻璃玻纤,1.89946
8046,2025-01-24,SH.KC_300702,天宇股份,化学制药,1.898843
8047,2025-01-27,SH.ZB_603360,百傲化学,农药兽药,1.8988147
8048,2025-01-27,SH.ZB_601975,招商南油,航运港口,1.8979177
8049,2025-01-24,SZ.ZB_001226,拓山重工,工程机械,1.8970385
8050,2025-01-27,SH.ZB_600141,兴发集团,化肥行业,1.8969804
8051,2025-01-27,SZ.ZB_001389,广合科技,电子元件,1.8969268
8052,2025-01-27,SH.KC_301373,凌玮科技,化学制品,1.8955171
8053,2025-01-27,SZ.ZB_000552,甘肃能化,煤炭行业,1.8951163
8054,2025-01-24,SH.KC_301538,骏鼎达,塑料制品,1.8949494
8055,2025-01-24,SH.KC_300597,吉大通信,通信服务,1.8945485
8056,2025-01-24,SH.ZB_600346,恒力石化,化纤行业,1.8943697
8057,2025-01-24,SZ.ZB_000920,沃顿科技,环保行业,1.8943489
8058,2025-01-24,SZ.ZB_001328,登康口腔,美容护理,1.8940375
8059,2025-01-27,SH.KC_688767,博拓生物,医疗器械,1.8937737
8060,2025-01-24,SZ.ZB_000626,远大控股,贸易行业,1.8936187
8061,2025-01-27,SH.ZB_603613,国联股份,互联网服务,1.8934876
8062,2025-01-27,SH.ZB_600167,联美控股,公用事业,1.8932209
8063,2025-01-27,SZ.ZB_002368,太极股份,互联网服务,1.892522
8064,2025-01-27,SZ.ZB_000682,东方电子,电网设备,1.8923297
8065,2025-01-27,SH.ZB_600753,庚星股份,贸易行业,1.8922284
8066,2025-01-24,SH.ZB_600900,长江电力,电力行业,1.8915921
8067,2025-01-24,SH.ZB_601975,招商南油,航运港口,1.8915787
8068,2025-01-27,SZ.ZB_002003,伟星股份,纺织服装,1.8915057
8069,2025-01-27,SH.ZB_600820,隧道股份,工程建设,1.8910587
8070,2025-01-24,SH.ZB_600908,无锡银行,银行,1.8909976
8071,2025-01-27,SH.KC_301197,工大科雅,软件开发,1.8905594
8072,2025-01-27,SH.ZB_603258,电魂网络,游戏,1.8903732
8073,2025-01-27,SH.ZB_603065,宿迁联盛,化学原料,1.8903255
8074,2025-01-24,SH.ZB_600007,中国国贸,房地产开发,1.890187
8075,2025-01-27,SZ.ZB_002293,罗莱生活,纺织服装,1.889579
8076,2025-01-24,SH.KC_301393,昊帆生物,生物制品,1.8895612
8077,2025-01-27,SZ.ZB_000012,南  玻Ａ,玻璃玻纤,1.8895447
8078,2025-01-24,SZ.ZB_002154,报 喜 鸟,纺织服装,1.8894897
8079,2025-01-27,SH.ZB_601618,中国中冶,工程建设,1.8893093
8080,2025-01-27,SH.ZB_600452,涪陵电力,电力行业,1.8890812
8081,2025-01-27,SH.ZB_603066,音飞储存,物流行业,1.8890188
8082,2025-01-27,SZ.ZB_000623,吉林敖东,化学制药,1.8889561
8083,2025-01-24,SZ.ZB_002365,永安药业,化学制药,1.8888444
8084,2025-01-27,SH.ZB_603707,健友股份,化学制药,1.888834
8085,2025-01-24,SH.KC_301020,密封科技,汽车零部件,1.8885672
8086,2025-01-24,SH.ZB_603693,江苏新能,电力行业,1.8884435
8087,2025-01-24,SH.ZB_603163,圣晖集成,工程建设,1.8878609
8088,2025-01-27,SH.KC_688553,汇宇制药-W,化学制药,1.8877894
8089,2025-01-27,SH.ZB_601518,吉林高速,铁路公路,1.8871918
8090,2025-01-24,SH.ZB_601668,中国建筑,工程建设,1.8867776
8091,2025-01-27,SZ.ZB_002556,辉隆股份,化肥行业,1.8865392
8092,2025-01-24,SH.KC_300480,光力科技,专用设备,1.8858075
8093,2025-01-24,SH.ZB_605056,咸亨国际,仪器仪表,1.8855691
8094,2025-01-24,SH.ZB_600196,复星医药,化学制药,1.885432
8095,2025-01-27,SZ.ZB_002677,浙江美大,家电行业,1.8851727
8096,2025-01-24,SZ.ZB_002098,浔兴股份,纺织服装,1.8847108
8097,2025-01-27,SH.ZB_600021,上海电力,电力行业,1.8845842
8098,2025-01-27,SH.ZB_603860,中公高科,工程咨询服务,1.8845141
8099,2025-01-24,SH.ZB_605288,凯迪股份,专用设备,1.8844321
8100,2025-01-27,SH.ZB_603062,麦加芯彩,化学原料,1.8843756
8101,2025-01-27,SZ.ZB_002296,辉煌科技,通信设备,1.8835022
8102,2025-01-24,SH.ZB_600726,华电能源,电力行业,1.8830492
8103,2025-01-27,SH.ZB_603700,宁水集团,仪器仪表,1.8824399
8104,2025-01-24,SH.ZB_601007,金陵饭店,旅游酒店,1.8822954
8105,2025-01-24,SH.KC_688456,有研粉材,有色金属,1.8822342
8106,2025-01-27,SH.ZB_601006,大秦铁路,物流行业,1.881741
8107,2025-01-27,SH.ZB_600551,时代出版,文化传媒,1.881741
8108,2025-01-24,SH.KC_301079,邵阳液压,通用设备,1.8807783
8109,2025-01-24,SH.ZB_600717,天津港,航运港口,1.8800571
8110,2025-01-27,SZ.ZB_002838,道恩股份,塑料制品,1.8800542
8111,2025-01-24,SZ.ZB_000586,汇源通信,通信设备,1.8799975
8112,2025-01-27,SZ.ZB_000756,新华制药,化学制药,1.8792719
8113,2025-01-24,SH.ZB_600188,兖矿能源,煤炭行业,1.8786579
8114,2025-01-24,SZ.ZB_002429,兆驰股份,家电行业,1.8784553
8115,2025-01-24,SH.KC_301528,多浦乐,仪器仪表,1.8780634
8116,2025-01-24,SH.ZB_603233,大参林,医药商业,1.8778965
8117,2025-01-24,SH.ZB_605268,王力安防,家用轻工,1.87767
8118,2025-01-24,SZ.ZB_002533,金杯电工,电网设备,1.8775418
8119,2025-01-24,SH.ZB_603390,通达电气,汽车零部件,1.8760264
8120,2025-01-27,SH.ZB_603916,苏博特,化学制品,1.8755168
8121,2025-01-24,SH.ZB_600097,开创国际,农牧饲渔,1.8750876
8122,2025-01-24,SH.ZB_600488,津药药业,化学制药,1.8749416
8123,2025-01-24,SH.KC_300888,稳健医疗,美容护理,1.8749104
8124,2025-01-24,SH.ZB_601212,白银有色,有色金属,1.874368
8125,2025-01-24,SZ.ZB_003000,劲仔食品,食品饮料,1.8739865
8126,2025-01-24,SH.ZB_603515,欧普照明,家电行业,1.8735185
8127,2025-01-27,SH.ZB_600475,华光环能,电源设备,1.8735065
8128,2025-01-24,SZ.ZB_000966,长源电力,电力行业,1.873447
8129,2025-01-27,SH.ZB_600309,万华化学,化学制品,1.8730998
8130,2025-01-24,SH.ZB_600572,康恩贝,中药,1.8729478
8131,2025-01-27,SH.ZB_601998,中信银行,银行,1.8726349
8132,2025-01-24,SH.ZB_603986,兆易创新,半导体,1.8723696
8133,2025-01-27,SH.KC_300926,博俊科技,汽车零部件,1.8720851
8134,2025-01-24,SH.ZB_601288,农业银行,银行,1.8719687
8135,2025-01-24,SZ.ZB_002191,劲嘉股份,包装材料,1.871778
8136,2025-01-27,SZ.ZB_000997,新 大 陆,互联网服务,1.8714354
8137,2025-01-24,SH.ZB_603931,格林达,电子化学品,1.8714056
8138,2025-01-24,SH.KC_301363,美好医疗,医疗器械,1.8712535
8139,2025-01-24,SH.ZB_603663,三祥新材,化学原料,1.8711567
8140,2025-01-24,SZ.ZB_002507,涪陵榨菜,食品饮料,1.8711001
8141,2025-01-24,SH.KC_300950,德固特,专用设备,1.8700153
8142,2025-01-24,SZ.ZB_000998,隆平高科,农牧饲渔,1.8699751
8143,2025-01-24,SZ.ZB_003025,思进智能,通用设备,1.8687711
8144,2025-01-24,SH.ZB_600073,光明肉业,食品饮料,1.8686444
8145,2025-01-24,SH.ZB_603939,益丰药房,医药商业,1.8676355
8146,2025-01-27,SH.KC_300388,节能国祯,环保行业,1.8676013
8147,2025-01-27,SH.KC_301362,民爆光电,家电行业,1.8672242
8148,2025-01-24,SH.KC_688719,爱科赛博,电源设备,1.8667608
8149,2025-01-27,SH.ZB_600511,国药股份,医药商业,1.8666818
8150,2025-01-24,SH.KC_688249,晶合集成,半导体,1.8655791
8151,2025-01-24,SH.ZB_600020,中原高速,铁路公路,1.8655345
8152,2025-01-24,SH.ZB_600548,深高速,铁路公路,1.8647641
8153,2025-01-24,SH.KC_300449,汉邦高科,计算机设备,1.8635273
8154,2025-01-27,SH.ZB_603589,口子窖,酿酒行业,1.8630252
8155,2025-01-24,SH.KC_301121,紫建电子,电池,1.8622756
8156,2025-01-24,SZ.ZB_000822,山东海化,化学原料,1.8617675
8157,2025-01-24,SZ.ZB_002369,卓翼科技,消费电子,1.8615752
8158,2025-01-24,SH.ZB_601985,中国核电,电力行业,1.8607557
8159,2025-01-24,SH.KC_300068,南都电源,电池,1.8604577
8160,2025-01-24,SH.ZB_600527,江南高纤,化纤行业,1.8604457
8161,2025-01-27,SZ.ZB_000636,风华高科,电子元件,1.8599198
8162,2025-01-24,SH.ZB_601121,宝地矿业,钢铁行业,1.8597677
8163,2025-01-24,SH.KC_301539,宏鑫科技,汽车零部件,1.8596246
8164,2025-01-24,SZ.ZB_000301,东方盛虹,化学原料,1.8593297
8165,2025-01-27,SZ.ZB_002988,豪美新材,有色金属,1.8588036
8166,2025-01-24,SH.ZB_603829,洛凯股份,电网设备,1.8579617
8167,2025-01-24,SH.ZB_600015,华夏银行,银行,1.8566833
8168,2025-01-27,SH.KC_300994,久祺股份,交运设备,1.8558993
8169,2025-01-27,SZ.ZB_002357,富临运业,铁路公路,1.8552675
8170,2025-01-24,SZ.ZB_002910,庄园牧场,食品饮料,1.8551276
8171,2025-01-27,SH.ZB_600535,天士力,中药,1.8542335
8172,2025-01-27,SH.KC_301081,严牌股份,环保行业,1.8537297
8173,2025-01-27,SH.KC_688269,凯立新材,化学制品,1.852809
8174,2025-01-24,SH.ZB_600872,中炬高新,食品饮料,1.8521547
8175,2025-01-27,SH.ZB_605500,森林包装,造纸印刷,1.8518895
8176,2025-01-27,SZ.ZB_003023,彩虹集团,家电行业,1.8515124
8177,2025-01-24,SH.ZB_603199,九华旅游,旅游酒店,1.8513024
8178,2025-01-24,SH.ZB_603703,盛洋科技,光学光电子,1.8509477
8179,2025-01-24,SH.ZB_600765,中航重机,航天航空,1.850821
8180,2025-01-24,SH.ZB_603630,拉芳家化,美容护理,1.8504276
8181,2025-01-27,SH.KC_300847,中船汉光,消费电子,1.8501937
8182,2025-01-24,SH.ZB_601666,平煤股份,煤炭行业,1.8497527
8183,2025-01-24,SH.KC_688257,新锐股份,有色金属,1.8473357
8184,2025-01-24,SH.KC_301613,新铝时代,汽车零部件,1.8471315
8185,2025-01-27,SH.KC_300816,艾可蓝,汽车零部件,1.8470631
8186,2025-01-24,SH.ZB_603290,斯达半导,半导体,1.8469542
8187,2025-01-27,SH.KC_300285,国瓷材料,化学制品,1.8467754
8188,2025-01-27,SH.KC_688009,中国通号,交运设备,1.8467412
8189,2025-01-24,SH.ZB_603908,牧高笛,纺织服装,1.8463612
8190,2025-01-24,SZ.ZB_002483,润邦股份,专用设备,1.8463001
8191,2025-01-27,SH.KC_300034,钢研高纳,有色金属,1.8461301
8192,2025-01-24,SH.ZB_600118,中国卫星,航天航空,1.8460498
8193,2025-01-24,SH.KC_688305,科德数控,通用设备,1.8454671
8194,2025-01-24,SH.ZB_603065,宿迁联盛,化学原料,1.8452615
8195,2025-01-24,SH.KC_300436,广生堂,化学制药,1.8450052
8196,2025-01-24,SH.ZB_603726,朗迪集团,家电行业,1.8447742
8197,2025-01-27,SZ.ZB_002511,中顺洁柔,造纸印刷,1.844065
8198,2025-01-24,SH.ZB_603323,苏农银行,银行,1.8438444
8199,2025-01-24,SH.ZB_600348,华阳股份,煤炭行业,1.8437833
8200,2025-01-24,SZ.ZB_001896,豫能控股,电力行业,1.8434078
8201,2025-01-27,SZ.ZB_000739,普洛药业,化学制药,1.8425002
8202,2025-01-24,SZ.ZB_002037,保利联合,化学制品,1.8420696
8203,2025-01-24,SH.KC_301019,宁波色母,塑料制品,1.8419415
8204,2025-01-27,SH.KC_301092,争光股份,化学制品,1.8418521
8205,2025-01-24,SH.KC_301446,福事特,通用设备,1.8415644
8206,2025-01-27,SH.ZB_600352,浙江龙盛,化学制品,1.8412828
8207,2025-01-24,SZ.ZB_002063,远光软件,软件开发,1.8409
8208,2025-01-24,SZ.ZB_002408,齐翔腾达,化学制品,1.8398672
8209,2025-01-24,SH.KC_300416,苏试试验,专业服务,1.8394977
8210,2025-01-27,SH.ZB_600873,梅花生物,化学制品,1.839392
8211,2025-01-24,SH.ZB_603136,天目湖,旅游酒店,1.8392205
8212,2025-01-27,SH.ZB_600699,均胜电子,汽车零部件,1.83914
8213,2025-01-24,SH.KC_300033,同花顺,软件开发,1.8387094
8214,2025-01-27,SZ.ZB_002065,东华软件,软件开发,1.8381357
8215,2025-01-24,SH.ZB_600961,株冶集团,有色金属,1.8380866
8216,2025-01-24,SH.KC_300015,爱尔眼科,医疗服务,1.8380761
8217,2025-01-27,SZ.ZB_001367,海森药业,化学制药,1.8378272
8218,2025-01-24,SH.KC_300409,道氏技术,非金属材料,1.8374771
8219,2025-01-27,SZ.ZB_000725,京东方Ａ,光学光电子,1.837106
8220,2025-01-24,SH.ZB_603097,江苏华辰,电网设备,1.8367217
8221,2025-01-24,SZ.ZB_002179,中航光电,电子元件,1.8366337
8222,2025-01-24,SH.KC_300584,海辰药业,化学制药,1.8356369
8223,2025-01-27,SH.KC_300160,秀强股份,家电行业,1.8353119
8224,2025-01-27,SZ.ZB_000937,冀中能源,煤炭行业,1.8345401
8225,2025-01-24,SH.KC_301298,东利机械,汽车零部件,1.8344715
8226,2025-01-24,SH.ZB_600435,北方导航,通信设备,1.8340573
8227,2025-01-24,SZ.ZB_000623,吉林敖东,化学制药,1.8337533
8228,2025-01-24,SZ.ZB_002340,格林美,能源金属,1.833211
8229,2025-01-24,SH.ZB_601991,大唐发电,电力行业,1.8331826
8230,2025-01-24,SH.ZB_600011,华能国际,电力行业,1.8329694
8231,2025-01-27,SH.ZB_605288,凯迪股份,专用设备,1.8329531
8232,2025-01-24,SH.KC_300388,节能国祯,环保行业,1.832515
8233,2025-01-24,SZ.ZB_000650,仁和药业,中药,1.8323958
8234,2025-01-24,SZ.ZB_000559,万向钱潮,汽车零部件,1.8319383
8235,2025-01-24,SZ.ZB_000598,兴蓉环境,公用事业,1.8317475
8236,2025-01-27,SH.ZB_605389,长龄液压,工程机械,1.831618
8237,2025-01-27,SZ.ZB_000538,云南白药,中药,1.83108
8238,2025-01-24,SH.KC_300041,回天新材,化学制品,1.8310561
8239,2025-01-27,SH.ZB_601388,怡球资源,有色金属,1.830858
8240,2025-01-27,SH.ZB_603001,奥康国际,纺织服装,1.8301203
8241,2025-01-24,SZ.ZB_002043,兔 宝 宝,装修建材,1.8286302
8242,2025-01-24,SH.KC_688592,司南导航,计算机设备,1.8285424
8243,2025-01-24,SZ.ZB_002646,天佑德酒,酿酒行业,1.8285081
8244,2025-01-27,SH.ZB_601700,风范股份,电网设备,1.8280655
8245,2025-01-24,SH.ZB_601968,宝钢包装,包装材料,1.8279717
8246,2025-01-27,SH.ZB_600495,晋西车轴,交运设备,1.8277466
8247,2025-01-24,SZ.ZB_002594,比亚迪,汽车整车,1.8274128
8248,2025-01-24,SH.KC_301390,经纬股份,电网设备,1.8271163
8249,2025-01-24,SZ.ZB_000089,深圳机场,航空机场,1.8270373
8250,2025-01-24,SH.KC_300092,科新机电,通用设备,1.8270344
8251,2025-01-27,SH.KC_300597,吉大通信,通信服务,1.8264681
8252,2025-01-24,SH.KC_301013,利和兴,专用设备,1.826246
8253,2025-01-27,SZ.ZB_000400,许继电气,电网设备,1.826182
8254,2025-01-27,SH.KC_300215,电科院,专业服务,1.8260493
8255,2025-01-27,SH.ZB_605011,杭州热电,公用事业,1.8259869
8256,2025-01-27,SH.KC_301507,民生健康,化学制药,1.8258736
8257,2025-01-27,SH.ZB_600125,铁龙物流,物流行业,1.8252208
8258,2025-01-27,SH.KC_301468,博盈特焊,专用设备,1.8249259
8259,2025-01-27,SH.ZB_600020,中原高速,铁路公路,1.8246233
8260,2025-01-27,SZ.ZB_002385,大北农,农牧饲渔,1.8246084
8261,2025-01-24,SH.KC_301043,绿岛风,专用设备,1.824291
8262,2025-01-24,SH.ZB_600703,三安光电,光学光电子,1.8236816
8263,2025-01-24,SH.ZB_600031,三一重工,工程机械,1.8234879
8264,2025-01-24,SH.ZB_603075,热威股份,家电行业,1.8231199
8265,2025-01-24,SZ.ZB_000963,华东医药,化学制药,1.822336
8266,2025-01-27,SH.ZB_600359,新农开发,农牧饲渔,1.821904
8267,2025-01-24,SH.KC_300446,航天智造,汽车零部件,1.8218265
8268,2025-01-24,SZ.ZB_002615,哈尔斯,家用轻工,1.8212914
8269,2025-01-24,SH.ZB_601339,百隆东方,纺织服装,1.8210828
8270,2025-01-27,SZ.ZB_002254,泰和新材,化纤行业,1.8210754
8271,2025-01-27,SZ.ZB_002081,金 螳 螂,装修装饰,1.8208935
8272,2025-01-24,SH.KC_300414,中光防雷,通信设备,1.8199265
8273,2025-01-24,SH.ZB_600170,上海建工,工程建设,1.8197477
8274,2025-01-24,SZ.ZB_002290,禾盛新材,家电行业,1.8195659
8275,2025-01-24,SZ.ZB_000968,蓝焰控股,燃气,1.8193052
8276,2025-01-24,SH.ZB_601600,中国铝业,有色金属,1.8188357
8277,2025-01-24,SH.ZB_600460,士兰微,半导体,1.8187032
8278,2025-01-24,SH.KC_300866,安克创新,消费电子,1.8182993
8279,2025-01-24,SH.KC_688562,航天软件,互联网服务,1.8182204
8280,2025-01-27,SH.KC_300144,宋城演艺,旅游酒店,1.8181756
8281,2025-01-27,SH.ZB_603239,浙江仙通,汽车零部件,1.8177927
8282,2025-01-27,SH.KC_300314,戴维医疗,医疗器械,1.817663
8283,2025-01-24,SH.ZB_603160,汇顶科技,半导体,1.8173561
8284,2025-01-24,SH.ZB_603613,国联股份,互联网服务,1.8171221
8285,2025-01-24,SH.ZB_603309,维力医疗,医疗器械,1.8168449
8286,2025-01-27,SZ.ZB_002028,思源电气,电网设备,1.8166304
8287,2025-01-27,SH.ZB_603822,嘉澳环保,化学制品,1.8161371
8288,2025-01-27,SH.KC_688026,洁特生物,塑料制品,1.8161267
8289,2025-01-27,SH.ZB_603180,金牌家居,装修建材,1.8157482
8290,2025-01-27,SH.ZB_600961,株冶集团,有色金属,1.8155887
8291,2025-01-24,SH.ZB_603677,奇精机械,家电行业,1.8148527
8292,2025-01-27,SZ.ZB_002912,中新赛克,互联网服务,1.8146455
8293,2025-01-24,SH.KC_301279,金道科技,通用设备,1.8141121
8294,2025-01-24,SH.ZB_600681,百川能源,燃气,1.8138438
8295,2025-01-24,SH.KC_300808,久量股份,光学光电子,1.813674
8296,2025-01-24,SH.KC_300823,建科智能,专用设备,1.8130422
8297,2025-01-24,SH.KC_301626,苏州天脉,消费电子,1.8123984
8298,2025-01-24,SH.KC_300905,宝丽迪,塑料制品,1.8122792
8299,2025-01-24,SH.ZB_600079,人福医药,化学制药,1.8120036
8300,2025-01-24,SZ.ZB_002054,德美化工,化学制品,1.8118888
8301,2025-01-27,SZ.ZB_000876,新 希 望,农牧饲渔,1.8113301
8302,2025-01-24,SZ.ZB_002372,伟星新材,装修建材,1.8110917
8303,2025-01-24,SH.KC_300277,海联讯,互联网服务,1.8100113
8304,2025-01-27,SH.KC_301263,泰恩康,医药商业,1.8096566
8305,2025-01-27,SH.ZB_600737,中粮糖业,食品饮料,1.8094957
8306,2025-01-27,SZ.ZB_000919,金陵药业,中药,1.8090725
8307,2025-01-27,SH.KC_301225,恒勃股份,汽车零部件,1.8087804
8308,2025-01-27,SZ.ZB_002687,乔治白,纺织服装,1.8081234
8309,2025-01-27,SH.KC_688151,华强科技,专用设备,1.8080518
8310,2025-01-24,SH.ZB_600060,海信视像,家电行业,1.807946
8311,2025-01-24,SH.KC_301063,海锅股份,风电设备,1.8078909
8312,2025-01-24,SH.ZB_600578,京能电力,电力行业,1.8075719
8313,2025-01-27,SH.KC_301028,东亚机械,通用设备,1.8072321
8314,2025-01-24,SZ.ZB_002352,顺丰控股,物流行业,1.8072233
8315,2025-01-27,SH.ZB_603017,中衡设计,工程咨询服务,1.8067644
8316,2025-01-24,SZ.ZB_002815,崇达技术,电子元件,1.8066928
8317,2025-01-27,SH.ZB_600985,淮北矿业,煤炭行业,1.8056542
8318,2025-01-27,SH.ZB_600182,S佳通,橡胶制品,1.8056169
8319,2025-01-24,SH.ZB_603324,盛剑科技,环保行业,1.8055856
8320,2025-01-27,SZ.ZB_002111,威海广泰,专用设备,1.8054128
8321,2025-01-24,SZ.ZB_002437,誉衡药业,化学制药,1.8047333
8322,2025-01-24,SZ.ZB_002283,天润工业,汽车零部件,1.8046782
8323,2025-01-27,SH.ZB_600233,圆通速递,物流行业,1.8045932
8324,2025-01-24,SH.ZB_603919,金徽酒,酿酒行业,1.804164
8325,2025-01-27,SH.KC_300923,研奥股份,交运设备,1.8031492
8326,2025-01-24,SH.KC_301251,威尔高,电子元件,1.8019869
8327,2025-01-24,SH.ZB_603529,爱玛科技,交运设备,1.8019631
8328,2025-01-24,SH.ZB_600248,陕建股份,工程建设,1.8018693
8329,2025-01-24,SH.ZB_603270,金帝股份,通用设备,1.801768
8330,2025-01-24,SH.KC_301053,远信工业,专用设备,1.8017471
8331,2025-01-27,SH.ZB_600903,贵州燃气,燃气,1.8011689
8332,2025-01-24,SH.KC_688697,纽威数控,通用设备,1.8010154
8333,2025-01-24,SH.ZB_600754,锦江酒店,旅游酒店,1.8001169
8334,2025-01-24,SH.ZB_605588,冠石科技,半导体,1.8001034
8335,2025-01-24,SZ.ZB_002237,恒邦股份,贵金属,1.7994493
8336,2025-01-24,SH.ZB_600105,永鼎股份,通信设备,1.7993897
8337,2025-01-24,SZ.ZB_000895,双汇发展,食品饮料,1.7989725
8338,2025-01-24,SH.KC_300046,台基股份,半导体,1.7987669
8339,2025-01-24,SZ.ZB_002508,老板电器,家电行业,1.7979681
8340,2025-01-24,SZ.ZB_002845,同兴达,光学光电子,1.7979085
8341,2025-01-27,SZ.ZB_002226,江南化工,化学制品,1.7976835
8342,2025-01-24,SH.ZB_603165,荣晟环保,造纸印刷,1.7975986
8343,2025-01-24,SH.KC_300801,泰和科技,化学制品,1.7968267
8344,2025-01-24,SZ.ZB_002081,金 螳 螂,装修装饰,1.7964349
8345,2025-01-24,SZ.ZB_000600,建投能源,电力行业,1.7963066
8346,2025-01-27,SH.KC_301223,中荣股份,包装材料,1.7962918
8347,2025-01-27,SZ.ZB_002959,小熊电器,家电行业,1.7959058
8348,2025-01-24,SH.KC_301552,科力装备,汽车零部件,1.7957761
8349,2025-01-27,SH.ZB_600780,通宝能源,电力行业,1.7956138
8350,2025-01-24,SH.KC_688396,华润微,半导体,1.7956004
8351,2025-01-27,SZ.ZB_000531,穗恒运Ａ,电力行业,1.7948598
8352,2025-01-24,SZ.ZB_002852,道道全,食品饮料,1.7946734
8353,2025-01-27,SZ.ZB_002827,高争民爆,化学制品,1.794222
8354,2025-01-27,SH.ZB_603896,寿仙谷,中药,1.7941489
8355,2025-01-27,SH.ZB_603588,高能环境,环保行业,1.7936602
8356,2025-01-24,SZ.ZB_002927,泰永长征,电网设备,1.7928228
8357,2025-01-27,SH.ZB_600867,通化东宝,生物制品,1.7923445
8358,2025-01-27,SZ.ZB_001326,联域股份,光学光电子,1.7920866
8359,2025-01-24,SZ.ZB_002863,今飞凯达,汽车零部件,1.7915338
8360,2025-01-27,SH.ZB_600633,浙数文化,游戏,1.7911166
8361,2025-01-24,SZ.ZB_000766,通化金马,化学制药,1.7906815
8362,2025-01-24,SH.ZB_600006,东风股份,汽车整车,1.7898709
8363,2025-01-27,SH.ZB_600388,龙净环保,环保行业,1.7895863
8364,2025-01-24,SZ.ZB_002783,凯龙股份,化学制品,1.7893463
8365,2025-01-24,SH.ZB_600713,南京医药,医药商业,1.7890618
8366,2025-01-27,SH.KC_688508,芯朋微,半导体,1.7889977
8367,2025-01-24,SH.ZB_605378,野马电池,电池,1.7888725
8368,2025-01-27,SH.ZB_603163,圣晖集成,工程建设,1.788856
8369,2025-01-27,SZ.ZB_002238,天威视讯,文化传媒,1.788701
8370,2025-01-24,SH.ZB_603916,苏博特,化学制品,1.7873571
8371,2025-01-24,SZ.ZB_000630,铜陵有色,有色金属,1.7864555
8372,2025-01-24,SZ.ZB_000100,TCL科技,光学光电子,1.786229
8373,2025-01-24,SZ.ZB_001368,通达创智,塑料制品,1.7862246
8374,2025-01-27,SH.KC_688100,威胜信息,通信设备,1.7861545
8375,2025-01-24,SH.KC_301087,可孚医疗,医疗器械,1.785484
8376,2025-01-24,SH.ZB_600704,物产中大,物流行业,1.7852888
8377,2025-01-24,SH.ZB_603193,润本股份,美容护理,1.7851994
8378,2025-01-24,SZ.ZB_002685,华东重机,通用设备,1.7848387
8379,2025-01-27,SZ.ZB_002519,银河电子,通信设备,1.7847643
8380,2025-01-27,SH.ZB_603856,东宏股份,装修建材,1.7846107
8381,2025-01-24,SH.ZB_603867,新化股份,化学制品,1.7843113
8382,2025-01-27,SH.KC_688075,安旭生物,医疗器械,1.7839775
8383,2025-01-24,SH.ZB_603105,芯能科技,光伏设备,1.7835081
8384,2025-01-27,SH.KC_688122,西部超导,有色金属,1.7831564
8385,2025-01-27,SH.ZB_603216,梦天家居,装修装饰,1.7828538
8386,2025-01-27,SH.ZB_600211,西藏药业,生物制品,1.7828405
8387,2025-01-24,SH.ZB_603367,辰欣药业,化学制药,1.7826631
8388,2025-01-24,SH.ZB_600235,民丰特纸,造纸印刷,1.782377
8389,2025-01-24,SH.KC_301048,金鹰重工,交运设备,1.7821
8390,2025-01-27,SH.ZB_603313,梦百合,装修建材,1.7820776
8391,2025-01-24,SZ.ZB_002293,罗莱生活,纺织服装,1.7815576
8392,2025-01-24,SH.ZB_600613,神奇制药,化学制药,1.7806977
8393,2025-01-24,SZ.ZB_002738,中矿资源,能源金属,1.7801017
8394,2025-01-24,SZ.ZB_000811,冰轮环境,通用设备,1.7794609
8395,2025-01-27,SZ.ZB_000153,丰原药业,化学制药,1.7791837
8396,2025-01-24,SH.KC_688639,华恒生物,化学制品,1.7789274
8397,2025-01-24,SH.KC_301032,新柴股份,通用设备,1.7786458
8398,2025-01-24,SZ.ZB_002465,海格通信,通信设备,1.7776728
8399,2025-01-27,SH.ZB_600368,五洲交通,铁路公路,1.7775983
8400,2025-01-27,SH.ZB_603823,百合花,化学制品,1.7769665
8401,2025-01-24,SH.ZB_603966,法兰泰克,专用设备,1.7769098
8402,2025-01-24,SH.ZB_605299,舒华体育,家用轻工,1.7763033
8403,2025-01-27,SH.ZB_603611,诺力股份,工程机械,1.7757535
8404,2025-01-24,SH.ZB_600210,紫江企业,包装材料,1.7748654
8405,2025-01-24,SH.KC_300401,花园生物,化学制药,1.7739147
8406,2025-01-24,SZ.ZB_002557,洽洽食品,食品饮料,1.7737017
8407,2025-01-24,SH.ZB_600559,老白干酒,酿酒行业,1.7729461
8408,2025-01-24,SZ.ZB_003043,华亚智能,通用设备,1.7728016
8409,2025-01-24,SH.ZB_600456,宝钛股份,小金属,1.7721832
8410,2025-01-24,SH.ZB_600575,淮河能源,物流行业,1.7721102
8411,2025-01-24,SH.KC_300834,星辉环材,化学原料,1.7717063
8412,2025-01-24,SH.ZB_600982,宁波能源,电力行业,1.7716274
8413,2025-01-27,SH.ZB_600971,恒源煤电,煤炭行业,1.7712295
8414,2025-01-27,SZ.ZB_000920,沃顿科技,环保行业,1.7707795
8415,2025-01-24,SH.ZB_605376,博迁新材,小金属,1.7701998
8416,2025-01-24,SH.ZB_600063,皖维高新,化纤行业,1.7689437
8417,2025-01-24,SH.ZB_600990,四创电子,通信设备,1.768446
8418,2025-01-24,SZ.ZB_002204,大连重工,工程机械,1.7682046
8419,2025-01-27,SH.ZB_603680,今创集团,交运设备,1.7666922
8420,2025-01-27,SZ.ZB_000582,北部湾港,航运港口,1.7657413
8421,2025-01-27,SH.ZB_600740,山西焦化,煤炭行业,1.7653257
8422,2025-01-27,SZ.ZB_002228,合兴包装,包装材料,1.7651424
8423,2025-01-27,SH.ZB_601678,滨化股份,化学原料,1.764366
8424,2025-01-27,SH.ZB_600328,中盐化工,化学原料,1.7641604
8425,2025-01-24,SZ.ZB_002212,天融信,软件开发,1.7640545
8426,2025-01-27,SH.ZB_600726,华电能源,电力行业,1.7639294
8427,2025-01-24,SH.KC_300470,中密控股,通用设备,1.7638057
8428,2025-01-27,SH.ZB_603100,川仪股份,仪器仪表,1.7636523
8429,2025-01-24,SH.ZB_600500,中化国际,化学制品,1.7625302
8430,2025-01-27,SH.ZB_600332,白云山,中药,1.7621562
8431,2025-01-27,SZ.ZB_000731,四川美丰,化肥行业,1.7616957
8432,2025-01-24,SH.KC_688692,达梦数据,软件开发,1.7616048
8433,2025-01-27,SH.ZB_603056,德邦股份,物流行业,1.7614291
8434,2025-01-24,SH.ZB_600309,万华化学,化学制品,1.7611907
8435,2025-01-24,SH.ZB_600869,远东股份,电网设备,1.7606318
8436,2025-01-24,SH.ZB_600160,巨化股份,化学制品,1.7604232
8437,2025-01-24,SZ.ZB_001238,浙江正特,装修建材,1.7602398
8438,2025-01-27,SZ.ZB_000425,徐工机械,工程机械,1.7597735
8439,2025-01-27,SZ.ZB_002040,南 京 港,航运港口,1.7576724
8440,2025-01-24,SH.ZB_600835,上海机电,专用设备,1.757586
8441,2025-01-24,SZ.ZB_002556,辉隆股份,化肥行业,1.7566905
8442,2025-01-24,SH.KC_688336,三生国健,生物制品,1.756528
8443,2025-01-27,SZ.ZB_002300,太阳电缆,电网设备,1.7563834
8444,2025-01-24,SZ.ZB_002664,信质集团,汽车零部件,1.7557933
8445,2025-01-24,SH.KC_300342,天银机电,家电行业,1.7552838
8446,2025-01-24,SZ.ZB_002370,亚太药业,化学制药,1.7552078
8447,2025-01-24,SH.KC_300909,汇创达,光学光电子,1.7549946
8448,2025-01-24,SZ.ZB_002654,万润科技,文化传媒,1.754874
8449,2025-01-27,SH.KC_300558,贝达药业,化学制药,1.7543197
8450,2025-01-24,SZ.ZB_002281,光迅科技,通信设备,1.7537355
8451,2025-01-27,SZ.ZB_000910,大亚圣象,装修建材,1.7521411
8452,2025-01-27,SH.ZB_603987,康德莱,医疗器械,1.7512665
8453,2025-01-24,SH.ZB_600508,上海能源,煤炭行业,1.7509506
8454,2025-01-24,SZ.ZB_001256,炜冈科技,专用设备,1.7506704
8455,2025-01-24,SH.KC_688248,南网科技,电网设备,1.7503619
8456,2025-01-27,SH.KC_688459,哈铁科技,交运设备,1.7501042
8457,2025-01-24,SZ.ZB_002104,恒宝股份,通信设备,1.7494962
8458,2025-01-27,SH.KC_301175,中科环保,环保行业,1.7486572
8459,2025-01-24,SH.KC_688210,统联精密,电子元件,1.7480686
8460,2025-01-24,SH.ZB_600161,天坛生物,生物制品,1.7479434
8461,2025-01-24,SH.KC_301276,嘉曼服饰,纺织服装,1.7476931
8462,2025-01-24,SH.ZB_603282,亚光股份,专用设备,1.7476008
8463,2025-01-24,SH.KC_300685,艾德生物,医疗器械,1.7473876
8464,2025-01-24,SH.KC_688136,科兴制药,生物制品,1.7472103
8465,2025-01-27,SH.ZB_601238,广汽集团,汽车整车,1.7465711
8466,2025-01-27,SH.ZB_600833,第一医药,医药商业,1.7463267
8467,2025-01-24,SH.ZB_600062,华润双鹤,化学制药,1.7460406
8468,2025-01-24,SH.KC_300962,中金辐照,专业服务,1.7459617
8469,2025-01-27,SZ.ZB_000819,岳阳兴长,石油行业,1.7457396
8470,2025-01-24,SH.KC_300681,英搏尔,汽车零部件,1.7453923
8471,2025-01-24,SH.ZB_603060,国检集团,专业服务,1.7451153
8472,2025-01-27,SH.ZB_600970,中材国际,工程建设,1.7449305
8473,2025-01-24,SH.ZB_603690,至纯科技,专用设备,1.744917
8474,2025-01-24,SZ.ZB_002121,科陆电子,电网设备,1.7445519
8475,2025-01-24,SH.ZB_601077,渝农商行,银行,1.7443583
8476,2025-01-24,SH.KC_300059,东方财富,互联网服务,1.744324
8477,2025-01-27,SH.KC_301393,昊帆生物,生物制品,1.7443225
8478,2025-01-24,SH.ZB_600425,青松建化,水泥建材,1.7442808
8479,2025-01-27,SH.ZB_603848,好太太,家用轻工,1.7442286
8480,2025-01-27,SH.ZB_600284,浦东建设,工程建设,1.7438426
8481,2025-01-24,SH.ZB_601800,中国交建,工程建设,1.7435879
8482,2025-01-27,SH.KC_300702,天宇股份,化学制药,1.742594
8483,2025-01-24,SH.KC_301058,中粮科工,工程建设,1.7425046
8484,2025-01-24,SH.KC_301028,东亚机械,通用设备,1.7423481
8485,2025-01-24,SZ.ZB_000548,湖南投资,铁路公路,1.7401427
8486,2025-01-24,SH.KC_300259,新天科技,仪器仪表,1.7380252
8487,2025-01-24,SH.ZB_603528,多伦科技,软件开发,1.7378078
8488,2025-01-24,SH.ZB_603277,银都股份,通用设备,1.7375185
8489,2025-01-24,SH.ZB_600959,江苏有线,文化传媒,1.7361134
8490,2025-01-27,SH.KC_300440,运达科技,互联网服务,1.7359331
8491,2025-01-27,SH.KC_688203,海正生材,化纤行业,1.7356291
8492,2025-01-24,SH.KC_300505,川金诺,化肥行业,1.7348886
8493,2025-01-24,SH.ZB_603789,星光农机,专用设备,1.734601
8494,2025-01-27,SH.ZB_603970,中农立华,农药兽药,1.7341807
8495,2025-01-27,SH.ZB_601999,出版传媒,文化传媒,1.733856
8496,2025-01-24,SH.ZB_603062,麦加芯彩,化学原料,1.7311349
8497,2025-01-24,SH.ZB_600829,人民同泰,医药商业,1.7309442
8498,2025-01-27,SH.ZB_600300,维维股份,食品饮料,1.7299116
8499,2025-01-27,SH.ZB_601007,金陵饭店,旅游酒店,1.72963
8500,2025-01-24,SH.KC_300349,金卡智能,仪器仪表,1.7294765
8501,2025-01-24,SH.ZB_603093,南华期货,多元金融,1.7292604
8502,2025-01-24,SH.KC_688552,航天南湖,通信设备,1.7285019
8503,2025-01-27,SH.ZB_601611,中国核建,工程建设,1.7278836
8504,2025-01-24,SH.ZB_603180,金牌家居,装修建材,1.7277718
8505,2025-01-27,SH.ZB_603505,金石资源,采掘行业,1.7276778
8506,2025-01-24,SH.KC_300143,盈康生命,医疗服务,1.7276555
8507,2025-01-24,SH.ZB_600026,中远海能,航运港口,1.7271891
8508,2025-01-24,SZ.ZB_000812,陕西金叶,包装材料,1.7269194
8509,2025-01-24,SH.ZB_600725,云维股份,煤炭行业,1.7268941
8510,2025-01-24,SH.KC_688186,广大特材,风电设备,1.7266824
8511,2025-01-24,SH.ZB_600054,黄山旅游,旅游酒店,1.7260283
8512,2025-01-24,SH.ZB_603010,万盛股份,化学制品,1.7259822
8513,2025-01-24,SZ.ZB_001299,美能能源,燃气,1.7259493
8514,2025-01-27,SZ.ZB_002967,广电计量,专业服务,1.7257676
8515,2025-01-24,SH.ZB_601117,中国化学,工程建设,1.7256588
8516,2025-01-27,SZ.ZB_000705,浙江震元,医药商业,1.7252505
8517,2025-01-27,SH.ZB_603788,宁波高发,汽车零部件,1.7249033
8518,2025-01-24,SH.ZB_603689,皖天然气,燃气,1.7247424
8519,2025-01-24,SH.ZB_601229,上海银行,银行,1.7245784
8520,2025-01-27,SZ.ZB_002774,快意电梯,专用设备,1.7243087
8521,2025-01-24,SZ.ZB_002074,国轩高科,电池,1.7235146
8522,2025-01-24,SZ.ZB_002135,东南网架,工程建设,1.7227709
8523,2025-01-24,SH.KC_300471,厚普股份,专用设备,1.7225176
8524,2025-01-24,SH.ZB_601218,吉鑫科技,风电设备,1.7211185
8525,2025-01-24,SH.ZB_600299,安迪苏,化学制品,1.7203212
8526,2025-01-24,SH.ZB_601279,英利汽车,汽车零部件,1.719059
8527,2025-01-24,SH.ZB_601788,光大证券,证券,1.7186298
8528,2025-01-24,SH.KC_300228,富瑞特装,专用设备,1.7185702
8529,2025-01-27,SZ.ZB_002274,华昌化工,化肥行业,1.718232
8530,2025-01-24,SH.ZB_600710,苏美达,贸易行业,1.7177925
8531,2025-01-24,SH.ZB_605009,豪悦护理,美容护理,1.7176971
8532,2025-01-27,SH.ZB_603067,振华股份,化学原料,1.717642
8533,2025-01-27,SH.ZB_600470,六国化工,化肥行业,1.7174363
8534,2025-01-27,SH.ZB_601808,中海油服,采掘行业,1.717174
8535,2025-01-27,SH.ZB_603876,鼎胜新材,有色金属,1.717104
8536,2025-01-27,SH.ZB_600018,上港集团,航运港口,1.7168477
8537,2025-01-24,SH.ZB_600688,上海石化,石油行业,1.7145767
8538,2025-01-24,SH.ZB_601696,中银证券,证券,1.7136186
8539,2025-01-24,SH.KC_300371,汇中股份,仪器仪表,1.7135129
8540,2025-01-27,SH.ZB_603310,巍华新材,化学原料,1.7134473
8541,2025-01-27,SH.KC_688087,英科再生,塑料制品,1.7131388
8542,2025-01-27,SH.ZB_600057,厦门象屿,物流行业,1.7124369
8543,2025-01-24,SZ.ZB_002101,广东鸿图,汽车零部件,1.7122298
8544,2025-01-27,SH.ZB_605009,豪悦护理,美容护理,1.712115
8545,2025-01-24,SH.ZB_603321,梅轮电梯,专用设备,1.7119036
8546,2025-01-27,SH.ZB_600688,上海石化,石油行业,1.7117903
8547,2025-01-24,SH.ZB_605167,利柏特,专用设备,1.7116115
8548,2025-01-27,SZ.ZB_000028,国药一致,医药商业,1.7115667
8549,2025-01-24,SH.ZB_600850,电科数字,互联网服务,1.7113731
8550,2025-01-27,SZ.ZB_002108,沧州明珠,塑料制品,1.7110243
8551,2025-01-24,SH.KC_688052,纳芯微,半导体,1.7110229
8552,2025-01-27,SH.ZB_605090,九丰能源,燃气,1.710762
8553,2025-01-27,SH.ZB_603689,皖天然气,燃气,1.7105669
8554,2025-01-24,SH.ZB_600674,川投能源,电力行业,1.709941
8555,2025-01-24,SH.ZB_605598,上海港湾,工程建设,1.7096192
8556,2025-01-27,SH.ZB_605116,奥锐特,化学制药,1.7080321
8557,2025-01-27,SZ.ZB_003039,顺控发展,公用事业,1.707837
8558,2025-01-27,SZ.ZB_000600,建投能源,电力行业,1.7071352
8559,2025-01-24,SH.KC_301099,雅创电子,贸易行业,1.7068118
8560,2025-01-24,SH.KC_300428,立中集团,汽车零部件,1.7067105
8561,2025-01-27,SH.KC_300864,南大环境,环保行业,1.7066628
8562,2025-01-27,SH.ZB_603766,隆鑫通用,交运设备,1.7061919
8563,2025-01-27,SH.KC_300856,科思股份,美容护理,1.7059863
8564,2025-01-24,SH.ZB_600351,亚宝药业,中药,1.7058716
8565,2025-01-24,SH.KC_301290,东星医疗,医疗器械,1.7057016
8566,2025-01-27,SH.KC_300774,倍杰特,环保行业,1.7056181
8567,2025-01-24,SH.KC_688138,清溢光电,半导体,1.7055601
8568,2025-01-27,SH.ZB_600704,物产中大,物流行业,1.7048881
8569,2025-01-24,SH.ZB_601328,交通银行,银行,1.704663
8570,2025-01-24,SZ.ZB_002969,嘉美包装,包装材料,1.7044246
8571,2025-01-27,SH.ZB_600916,中国黄金,珠宝首饰,1.703924
8572,2025-01-27,SZ.ZB_000968,蓝焰控股,燃气,1.7033786
8573,2025-01-27,SH.ZB_600170,上海建工,工程建设,1.7027915
8574,2025-01-24,SH.ZB_600664,哈药股份,化学制药,1.7021909
8575,2025-01-24,SZ.ZB_002151,北斗星通,通信设备,1.7021492
8576,2025-01-24,SH.KC_688439,振华风光,半导体,1.70196
8577,2025-01-24,SH.ZB_601669,中国电建,工程建设,1.7018929
8578,2025-01-24,SH.ZB_600917,重庆燃气,燃气,1.7016218
8579,2025-01-27,SH.ZB_603091,众鑫股份,家用轻工,1.7015054
8580,2025-01-24,SH.ZB_601939,建设银行,银行,1.7014966
8581,2025-01-27,SH.ZB_601717,郑煤机,汽车零部件,1.7003268
8582,2025-01-24,SH.KC_300422,博世科,环保行业,1.7002656
8583,2025-01-27,SH.ZB_601668,中国建筑,工程建设,1.7000482
8584,2025-01-27,SZ.ZB_002624,完美世界,游戏,1.6994402
8585,2025-01-24,SZ.ZB_002714,牧原股份,农牧饲渔,1.6993552
8586,2025-01-24,SH.ZB_601949,中国出版,文化传媒,1.6990767
8587,2025-01-24,SH.ZB_600697,欧亚集团,商业百货,1.6982541
8588,2025-01-27,SH.ZB_600982,宁波能源,电力行业,1.698181
8589,2025-01-24,SH.KC_688981,中芯国际,半导体,1.6979665
8590,2025-01-24,SH.ZB_600318,新力金融,多元金融,1.69767
8591,2025-01-27,SZ.ZB_000404,长虹华意,家电行业,1.6972274
8592,2025-01-24,SZ.ZB_002544,普天科技,通信服务,1.697129
8593,2025-01-24,SZ.ZB_000807,云铝股份,有色金属,1.6970441
8594,2025-01-24,SH.ZB_600720,中交设计,工程咨询服务,1.6970009
8595,2025-01-27,SH.KC_301283,聚胶股份,化学制品,1.696828
8596,2025-01-27,SH.ZB_600380,健康元,化学制药,1.6964346
8597,2025-01-27,SH.KC_688581,安杰思,医疗器械,1.6962216
8598,2025-01-24,SZ.ZB_000959,首钢股份,钢铁行业,1.6958907
8599,2025-01-27,SZ.ZB_002601,龙佰集团,化学原料,1.6957834
8600,2025-01-24,SH.KC_300151,昌红科技,专用设备,1.695709
8601,2025-01-27,SH.ZB_600339,中油工程,采掘行业,1.6957045
8602,2025-01-24,SH.ZB_600733,北汽蓝谷,汽车整车,1.6956582
8603,2025-01-27,SH.ZB_600919,江苏银行,银行,1.6948714
8604,2025-01-27,SH.ZB_603538,美诺华,化学制药,1.6943485
8605,2025-01-24,SH.ZB_601988,中国银行,银行,1.6942829
8606,2025-01-24,SH.KC_301282,金禄电子,电子元件,1.6936779
8607,2025-01-24,SH.ZB_600827,百联股份,商业百货,1.6935855
8608,2025-01-24,SH.ZB_600167,联美控股,公用事业,1.693505
8609,2025-01-27,SZ.ZB_002507,涪陵榨菜,食品饮料,1.6931146
8610,2025-01-27,SZ.ZB_002191,劲嘉股份,包装材料,1.6929209
8611,2025-01-27,SZ.ZB_000999,华润三九,中药,1.6927451
8612,2025-01-24,SH.ZB_600926,杭州银行,银行,1.6925766
8613,2025-01-27,SH.ZB_600008,首创环保,公用事业,1.692158
8614,2025-01-24,SH.KC_300923,研奥股份,交运设备,1.691559
8615,2025-01-24,SH.KC_688391,钜泉科技,半导体,1.6915083
8616,2025-01-24,SH.ZB_603178,圣龙股份,汽车零部件,1.691401
8617,2025-01-27,SZ.ZB_003020,立方制药,化学制药,1.6912832
8618,2025-01-27,SZ.ZB_000591,太阳能,电力行业,1.6904101
8619,2025-01-24,SH.ZB_600497,驰宏锌锗,有色金属,1.690109
8620,2025-01-27,SZ.ZB_002157,正邦科技,农牧饲渔,1.6899794
8621,2025-01-24,SH.ZB_603569,长久物流,物流行业,1.689683
8622,2025-01-24,SH.KC_301373,凌玮科技,化学制品,1.6894728
8623,2025-01-27,SH.KC_300528,幸福蓝海,文化传媒,1.6884162
8624,2025-01-24,SZ.ZB_000597,东北制药,化学制药,1.6878515
8625,2025-01-24,SZ.ZB_003020,立方制药,化学制药,1.6870842
8626,2025-01-24,SH.ZB_603053,成都燃气,燃气,1.6865224
8627,2025-01-24,SZ.ZB_000629,钒钛股份,钢铁行业,1.6859128
8628,2025-01-27,SZ.ZB_002370,亚太药业,化学制药,1.685819
8629,2025-01-24,SH.KC_300193,佳士科技,通用设备,1.6856104
8630,2025-01-24,SH.KC_301520,万邦医药,医疗服务,1.6842558
8631,2025-01-24,SH.KC_300569,天能重工,风电设备,1.6842141
8632,2025-01-27,SZ.ZB_000537,中绿电,电力行业,1.6840055
8633,2025-01-24,SH.KC_301190,善水科技,化学制品,1.683955
8634,2025-01-24,SH.ZB_601375,中原证券,证券,1.6839252
8635,2025-01-27,SZ.ZB_002738,中矿资源,能源金属,1.6836479
8636,2025-01-24,SH.ZB_600479,千金药业,中药,1.6824172
8637,2025-01-24,SH.ZB_600569,安阳钢铁,钢铁行业,1.6817675
8638,2025-01-24,SZ.ZB_002576,通达动力,电机,1.6817242
8639,2025-01-27,SH.ZB_601860,紫金银行,银行,1.6816721
8640,2025-01-27,SH.ZB_600871,石化油服,采掘行业,1.6806841
8641,2025-01-27,SZ.ZB_002940,昂利康,化学制药,1.6796172
8642,2025-01-24,SH.ZB_600531,豫光金铅,有色金属,1.6796157
8643,2025-01-24,SH.KC_688029,南微医学,医疗器械,1.679404
8644,2025-01-27,SH.ZB_600521,华海药业,化学制药,1.6790674
8645,2025-01-24,SH.KC_300345,华民股份,光伏设备,1.678729
8646,2025-01-27,SZ.ZB_000409,云鼎科技,互联网服务,1.6785994
8647,2025-01-27,SZ.ZB_002810,山东赫达,化学制品,1.6785011
8648,2025-01-24,SH.ZB_600075,新疆天业,化学原料,1.6784132
8649,2025-01-24,SH.ZB_601089,福元医药,化学制药,1.67723
8650,2025-01-27,SH.KC_301551,无线传媒,文化传媒,1.6768903
8651,2025-01-27,SH.KC_300950,德固特,专用设备,1.6763642
8652,2025-01-24,SZ.ZB_002498,汉缆股份,电网设备,1.676245
8653,2025-01-24,SZ.ZB_002787,华源控股,包装材料,1.6760617
8654,2025-01-24,SH.KC_688786,悦安新材,有色金属,1.6757503
8655,2025-01-24,SH.ZB_601611,中国核建,工程建设,1.674676
8656,2025-01-27,SZ.ZB_002408,齐翔腾达,化学制品,1.6743944
8657,2025-01-24,SZ.ZB_002249,大洋电机,电机,1.6743288
8658,2025-01-24,SZ.ZB_002228,合兴包装,包装材料,1.6743213
8659,2025-01-27,SH.ZB_600127,金健米业,农牧饲渔,1.674068
8660,2025-01-24,SZ.ZB_002959,小熊电器,家电行业,1.6740412
8661,2025-01-27,SZ.ZB_000792,盐湖股份,化肥行业,1.672791
8662,2025-01-24,SH.ZB_601022,宁波远洋,航运港口,1.6726449
8663,2025-01-24,SH.ZB_601166,兴业银行,银行,1.6725421
8664,2025-01-24,SH.ZB_603331,百达精工,通用设备,1.6724482
8665,2025-01-24,SH.ZB_603113,金能科技,化学原料,1.6717345
8666,2025-01-27,SH.ZB_603693,江苏新能,电力行业,1.6710625
8667,2025-01-24,SZ.ZB_002936,郑州银行,银行,1.6709238
8668,2025-01-27,SH.ZB_603325,博隆技术,通用设备,1.6708881
8669,2025-01-27,SH.ZB_603043,广州酒家,食品饮料,1.6701117
8670,2025-01-24,SH.KC_688347,华虹公司,半导体,1.6700075
8671,2025-01-27,SH.ZB_600995,南网储能,电力行业,1.66962
8672,2025-01-24,SZ.ZB_002022,科华生物,医疗器械,1.6695664
8673,2025-01-24,SZ.ZB_002409,雅克科技,电子化学品,1.6689465
8674,2025-01-24,SZ.ZB_002161,远 望 谷,电子元件,1.6688049
8675,2025-01-24,SZ.ZB_002338,奥普光电,仪器仪表,1.6685903
8676,2025-01-27,SH.ZB_603041,美思德,化学制品,1.6684756
8677,2025-01-27,SH.ZB_600483,福能股份,电力行业,1.6682699
8678,2025-01-24,SH.KC_301016,雷尔伟,交运设备,1.6663164
8679,2025-01-24,SZ.ZB_001387,雪祺电气,家电行业,1.66623
8680,2025-01-24,SZ.ZB_000789,万年青,水泥建材,1.6652584
8681,2025-01-24,SH.KC_301216,万凯新材,化学制品,1.6650245
8682,2025-01-24,SZ.ZB_000928,中钢国际,工程咨询服务,1.6642764
8683,2025-01-24,SH.ZB_600535,天士力,中药,1.6642556
8684,2025-01-24,SZ.ZB_002643,万润股份,电子化学品,1.6640395
8685,2025-01-27,SH.ZB_603328,依顿电子,电子元件,1.6637534
8686,2025-01-27,SH.KC_301216,万凯新材,化学制品,1.6635761
8687,2025-01-24,SH.ZB_603068,博通集成,半导体,1.662296
8688,2025-01-24,SZ.ZB_000680,山推股份,工程机械,1.6612977
8689,2025-01-27,SH.ZB_600425,青松建化,水泥建材,1.661186
8690,2025-01-24,SH.ZB_603995,甬金股份,钢铁行业,1.6611159
8691,2025-01-27,SH.ZB_600996,贵广网络,文化传媒,1.661095
8692,2025-01-24,SH.ZB_601989,中国重工,船舶制造,1.6610339
8693,2025-01-27,SZ.ZB_002612,朗姿股份,纺织服装,1.660952
8694,2025-01-24,SZ.ZB_002029,七 匹 狼,纺织服装,1.6601369
8695,2025-01-27,SH.ZB_601077,渝农商行,银行,1.65997
8696,2025-01-24,SH.KC_300653,正海生物,医疗器械,1.659806
8697,2025-01-27,SZ.ZB_002022,科华生物,医疗器械,1.6594961
8698,2025-01-24,SH.KC_301297,富乐德,半导体,1.6592278
8699,2025-01-27,SH.ZB_603368,柳药集团,医药商业,1.657924
8700,2025-01-24,SZ.ZB_002511,中顺洁柔,造纸印刷,1.6574562
8701,2025-01-24,SH.KC_688151,华强科技,专用设备,1.6568706
8702,2025-01-27,SH.ZB_601231,环旭电子,消费电子,1.6564101
8703,2025-01-24,SH.ZB_601919,中远海控,航运港口,1.6556174
8704,2025-01-27,SH.KC_688278,特宝生物,生物制品,1.655133
8705,2025-01-27,SH.KC_300863,卡倍亿,汽车零部件,1.6549454
8706,2025-01-24,SZ.ZB_002773,康弘药业,化学制药,1.6548753
8707,2025-01-27,SH.KC_300628,亿联网络,通信设备,1.6542375
8708,2025-01-24,SH.KC_688128,中国电研,专用设备,1.6536802
8709,2025-01-27,SH.ZB_601158,重庆水务,公用事业,1.6536772
8710,2025-01-24,SZ.ZB_002977,天箭科技,通信设备,1.6536325
8711,2025-01-24,SH.KC_688606,奥泰生物,医疗器械,1.6530991
8712,2025-01-24,SH.ZB_603530,神马电力,电网设备,1.6527027
8713,2025-01-27,SH.KC_301048,金鹰重工,交运设备,1.6520009
8714,2025-01-24,SZ.ZB_002304,洋河股份,酿酒行业,1.6516387
8715,2025-01-24,SH.ZB_603706,东方环宇,燃气,1.6516283
8716,2025-01-24,SH.ZB_601686,友发集团,钢铁行业,1.6514033
8717,2025-01-24,SH.ZB_603393,新天然气,燃气,1.6513556
8718,2025-01-24,SH.ZB_600022,山东钢铁,钢铁行业,1.6511843
8719,2025-01-27,SH.ZB_600690,海尔智家,家电行业,1.6501799
8720,2025-01-27,SH.KC_300439,美康生物,医疗器械,1.6501501
8721,2025-01-24,SZ.ZB_001203,大中矿业,钢铁行业,1.6498953
8722,2025-01-24,SH.ZB_603001,奥康国际,纺织服装,1.6496851
8723,2025-01-24,SH.KC_300964,本川智能,电子元件,1.6488731
8724,2025-01-24,SH.ZB_600587,新华医疗,医疗器械,1.6482399
8725,2025-01-27,SH.ZB_601595,上海电影,文化传媒,1.6481191
8726,2025-01-24,SH.ZB_601228,广州港,航运港口,1.6476959
8727,2025-01-24,SH.ZB_600958,东方证券,证券,1.6475409
8728,2025-01-24,SZ.ZB_003008,开普检测,专业服务,1.64745
8729,2025-01-24,SH.ZB_600237,铜峰电子,电子元件,1.6472667
8730,2025-01-24,SH.ZB_600905,三峡能源,电力行业,1.6468257
8731,2025-01-27,SH.ZB_601800,中国交建,工程建设,1.6465992
8732,2025-01-24,SH.KC_688080,映翰通,通信设备,1.6461387
8733,2025-01-24,SH.ZB_601868,中国能建,工程建设,1.645726
8734,2025-01-24,SH.ZB_600490,鹏欣资源,有色金属,1.6455636
8735,2025-01-27,SH.ZB_603737,三棵树,装修建材,1.6455024
8736,2025-01-24,SH.ZB_601878,浙商证券,证券,1.6453788
8737,2025-01-24,SH.KC_301193,家联科技,塑料制品,1.6449049
8738,2025-01-27,SH.KC_301395,仁信新材,化学原料,1.6444832
8739,2025-01-27,SZ.ZB_000828,东莞控股,铁路公路,1.6425669
8740,2025-01-24,SZ.ZB_003039,顺控发展,公用事业,1.6421884
8741,2025-01-24,SH.KC_688623,双元科技,专用设备,1.6419008
8742,2025-01-24,SH.KC_300225,金力泰,化学制品,1.6413734
8743,2025-01-24,SZ.ZB_002451,摩恩电气,电网设备,1.6408429
8744,2025-01-24,SZ.ZB_000333,美的集团,家电行业,1.640603
8745,2025-01-27,SH.KC_688571,杭华股份,化学制品,1.640378
8746,2025-01-24,SH.KC_301122,采纳股份,医疗器械,1.6400874
8747,2025-01-27,SH.ZB_603886,元祖股份,食品饮料,1.6395524
8748,2025-01-27,SH.ZB_603811,诚意药业,化学制药,1.6393036
8749,2025-01-24,SH.ZB_603050,科林电气,电网设备,1.6391172
8750,2025-01-24,SH.KC_688317,之江生物,医疗器械,1.6388581
8751,2025-01-24,SZ.ZB_000410,沈阳机床,通用设备,1.6387612
8752,2025-01-24,SZ.ZB_000045,深纺织Ａ,光学光电子,1.6386435
8753,2025-01-27,SH.KC_300295,三六五网,互联网服务,1.6384453
8754,2025-01-24,SZ.ZB_002608,江苏国信,电力行业,1.6384333
8755,2025-01-27,SH.ZB_601038,一拖股份,专用设备,1.6383797
8756,2025-01-24,SH.KC_300896,爱美客,美容护理,1.638031
8757,2025-01-27,SH.ZB_600486,扬农化工,农药兽药,1.637821
8758,2025-01-27,SZ.ZB_002027,分众传媒,文化传媒,1.6377807
8759,2025-01-27,SZ.ZB_002807,江阴银行,银行,1.6377032
8760,2025-01-27,SH.KC_301149,隆华新材,化学原料,1.6374588
8761,2025-01-24,SZ.ZB_002636,金安国纪,电子元件,1.6374276
8762,2025-01-27,SZ.ZB_002053,云南能投,综合行业,1.6372695
8763,2025-01-24,SZ.ZB_000731,四川美丰,化肥行业,1.6366422
8764,2025-01-27,SH.ZB_603008,喜临门,装修建材,1.6364872
8765,2025-01-27,SH.ZB_603391,力聚热能,通用设备,1.6358719
8766,2025-01-27,SH.ZB_600644,乐山电力,电力行业,1.635778
8767,2025-01-27,SH.ZB_600232,金鹰股份,纺织服装,1.634799
8768,2025-01-27,SH.KC_301287,康力源,家用轻工,1.6345158
8769,2025-01-24,SH.ZB_600468,百利电气,电网设备,1.6344637
8770,2025-01-24,SZ.ZB_002112,三变科技,电网设备,1.6341283
8771,2025-01-24,SH.KC_688121,卓然股份,专用设备,1.6330347
8772,2025-01-24,SH.ZB_601577,长沙银行,银行,1.6322241
8773,2025-01-27,SZ.ZB_001378,德冠新材,塑料制品,1.6321883
8774,2025-01-24,SH.KC_301529,福赛科技,汽车零部件,1.6317501
8775,2025-01-27,SH.ZB_600251,冠农股份,农牧饲渔,1.6310006
8776,2025-01-24,SH.ZB_603588,高能环境,环保行业,1.6306772
8777,2025-01-27,SH.ZB_600123,兰花科创,煤炭行业,1.6303957
8778,2025-01-27,SH.KC_688257,新锐股份,有色金属,1.630184
8779,2025-01-27,SH.KC_300482,万孚生物,医疗器械,1.6300573
8780,2025-01-24,SH.KC_301215,中汽股份,汽车服务,1.6299993
8781,2025-01-24,SH.ZB_600369,西南证券,证券,1.62995
8782,2025-01-24,SH.KC_300396,迪瑞医疗,医疗器械,1.6297624
8783,2025-01-27,SZ.ZB_000788,北大医药,化学制药,1.62974
8784,2025-01-24,SZ.ZB_000933,神火股份,有色金属,1.6294837
8785,2025-01-24,SH.ZB_600428,中远海特,航运港口,1.6293585
8786,2025-01-24,SH.ZB_603601,再升科技,玻璃玻纤,1.6291783
8787,2025-01-24,SH.KC_688302,海创药业-U,生物制品,1.6290814
8788,2025-01-24,SH.ZB_601366,利群股份,商业百货,1.6289055
8789,2025-01-24,SH.ZB_603112,华翔股份,家电行业,1.6287804
8790,2025-01-24,SH.KC_300596,利安隆,塑料制品,1.6285062
8791,2025-01-27,SH.ZB_603306,华懋科技,汽车零部件,1.6282902
8792,2025-01-24,SH.ZB_603041,美思德,化学制品,1.627925
8793,2025-01-27,SH.ZB_600307,酒钢宏兴,钢铁行业,1.6279012
8794,2025-01-24,SH.ZB_603281,江瀚新材,化学制品,1.6278014
8795,2025-01-27,SZ.ZB_002880,卫光生物,生物制品,1.627627
8796,2025-01-24,SH.KC_300398,飞凯材料,电子化学品,1.626636
8797,2025-01-24,SH.KC_301003,江苏博云,塑料制品,1.6258359
8798,2025-01-27,SH.ZB_600032,浙江新能,电力行业,1.625222
8799,2025-01-27,SH.ZB_601022,宁波远洋,航运港口,1.6250402
8800,2025-01-24,SZ.ZB_000828,东莞控股,铁路公路,1.6249373
8801,2025-01-27,SH.KC_301559,中集环科,通用设备,1.6246095
8802,2025-01-27,SH.ZB_603155,新亚强,化学制品,1.6241789
8803,2025-01-24,SH.KC_300930,屹通新材,有色金属,1.6235397
8804,2025-01-24,SH.ZB_605222,起帆电缆,电网设备,1.6225427
8805,2025-01-24,SZ.ZB_002641,公元股份,装修建材,1.6223862
8806,2025-01-24,SZ.ZB_000422,湖北宜化,化学原料,1.6223401
8807,2025-01-24,SZ.ZB_002788,鹭燕医药,医药商业,1.6223087
8808,2025-01-27,SZ.ZB_002788,鹭燕医药,医药商业,1.6218007
8809,2025-01-24,SH.ZB_600278,东方创业,贸易行业,1.621598
8810,2025-01-24,SH.ZB_605090,九丰能源,燃气,1.6215235
8811,2025-01-24,SZ.ZB_002948,青岛银行,银行,1.6210228
8812,2025-01-27,SZ.ZB_002958,青农商行,银行,1.6188667
8813,2025-01-24,SH.ZB_600874,创业环保,环保行业,1.618132
8814,2025-01-27,SH.ZB_600028,中国石化,石油行业,1.6179234
8815,2025-01-24,SH.KC_301050,雷电微力,半导体,1.6177744
8816,2025-01-27,SH.ZB_600959,江苏有线,文化传媒,1.6176254
8817,2025-01-24,SH.ZB_603383,顶点软件,软件开发,1.6165525
8818,2025-01-27,SH.KC_301588,美新科技,家用轻工,1.6156867
8819,2025-01-27,SH.ZB_600908,无锡银行,银行,1.6152694
8820,2025-01-27,SZ.ZB_002287,奇正藏药,中药,1.614727
8821,2025-01-27,SH.KC_301148,嘉戎技术,环保行业,1.6136795
8822,2025-01-24,SH.KC_300774,倍杰特,环保行业,1.6132712
8823,2025-01-24,SH.ZB_603392,万泰生物,生物制品,1.6132698
8824,2025-01-27,SZ.ZB_002841,视源股份,消费电子,1.6127095
8825,2025-01-27,SZ.ZB_000630,铜陵有色,有色金属,1.6105876
8826,2025-01-24,SH.ZB_603339,四方科技,通用设备,1.6098812
8827,2025-01-24,SH.KC_300001,特锐德,电网设备,1.609394
8828,2025-01-27,SH.ZB_600097,开创国际,农牧饲渔,1.609242
8829,2025-01-24,SH.KC_688120,华海清科,半导体,1.6091897
8830,2025-01-27,SH.ZB_601128,常熟银行,银行,1.6091526
8831,2025-01-24,SH.KC_301186,超达装备,汽车零部件,1.6089559
8832,2025-01-24,SH.ZB_603220,中贝通信,通信服务,1.6089485
8833,2025-01-24,SH.ZB_600871,石化油服,采掘行业,1.608938
8834,2025-01-27,SH.ZB_600801,华新水泥,水泥建材,1.6085505
8835,2025-01-24,SZ.ZB_002350,北京科锐,电网设备,1.6083658
8836,2025-01-24,SZ.ZB_002008,大族激光,通用设备,1.6083195
8837,2025-01-27,SZ.ZB_002158,汉钟精机,通用设备,1.6074405
8838,2025-01-27,SH.ZB_603706,东方环宇,燃气,1.6071453
8839,2025-01-27,SH.ZB_601858,中国科传,文化传媒,1.6069009
8840,2025-01-27,SZ.ZB_002304,洋河股份,酿酒行业,1.6064435
8841,2025-01-24,SH.ZB_600758,辽宁能源,煤炭行业,1.6062617
8842,2025-01-24,SH.ZB_605058,澳弘电子,电子元件,1.6061649
8843,2025-01-27,SZ.ZB_001203,大中矿业,钢铁行业,1.6048834
8844,2025-01-24,SH.KC_688012,中微公司,半导体,1.6047702
8845,2025-01-27,SH.ZB_603230,内蒙新华,文化传媒,1.6040921
8846,2025-01-24,SH.KC_301379,天山电子,光学光电子,1.6039238
8847,2025-01-24,SH.ZB_603182,嘉华股份,农牧饲渔,1.6033068
8848,2025-01-24,SH.KC_301339,通行宝,软件开发,1.6029372
8849,2025-01-27,SH.ZB_605098,行动教育,教育,1.6026735
8850,2025-01-27,SH.ZB_600710,苏美达,贸易行业,1.6024977
8851,2025-01-24,SH.ZB_603698,航天工程,专业服务,1.6016632
8852,2025-01-24,SH.KC_300939,秋田微,光学光电子,1.6015425
8853,2025-01-27,SH.ZB_601126,四方股份,电网设备,1.6013741
8854,2025-01-24,SH.ZB_605177,东亚药业,化学制药,1.6012251
8855,2025-01-24,SH.ZB_605050,福然德,物流行业,1.6010985
8856,2025-01-24,SZ.ZB_000157,中联重科,工程机械,1.6007051
8857,2025-01-27,SH.ZB_600754,锦江酒店,旅游酒店,1.6005709
8858,2025-01-27,SZ.ZB_002465,海格通信,通信设备,1.600127
8859,2025-01-27,SH.ZB_600742,一汽富维,汽车零部件,1.5994236
8860,2025-01-24,SH.ZB_603456,九洲药业,化学制药,1.5992866
8861,2025-01-24,SH.KC_688159,有方科技,通信设备,1.5990019
8862,2025-01-27,SH.ZB_603556,海兴电力,电网设备,1.5987947
8863,2025-01-24,SH.ZB_601518,吉林高速,铁路公路,1.5987426
8864,2025-01-24,SZ.ZB_000938,紫光股份,互联网服务,1.5984044
8865,2025-01-24,SZ.ZB_002887,绿茵生态,环保行业,1.5981152
8866,2025-01-27,SZ.ZB_001299,美能能源,燃气,1.5977919
8867,2025-01-27,SZ.ZB_002007,华兰生物,生物制品,1.5977814
8868,2025-01-24,SH.ZB_600721,百花医药,医疗服务,1.597628
8869,2025-01-24,SZ.ZB_002243,力合科创,美容护理,1.597117
8870,2025-01-24,SH.KC_688722,同益中,化纤行业,1.5961438
8871,2025-01-24,SZ.ZB_000881,中广核技,化学制品,1.5950217
8872,2025-01-24,SZ.ZB_002939,长城证券,证券,1.5950024
8873,2025-01-24,SZ.ZB_002268,电科网安,软件开发,1.59491
8874,2025-01-24,SZ.ZB_000919,金陵药业,中药,1.5941963
8875,2025-01-24,SH.ZB_603505,金石资源,采掘行业,1.5940711
8876,2025-01-24,SH.KC_300824,北鼎股份,家电行业,1.5934348
8877,2025-01-24,SZ.ZB_001379,腾达科技,通用设备,1.5931308
8878,2025-01-24,SZ.ZB_002929,润建股份,通信服务,1.5929252
8879,2025-01-24,SH.ZB_603856,东宏股份,装修建材,1.5922234
8880,2025-01-24,SH.ZB_603344,星德胜,电机,1.5915737
8881,2025-01-24,SH.ZB_603019,中科曙光,计算机设备,1.5915647
8882,2025-01-24,SH.KC_301283,聚胶股份,化学制品,1.5910864
8883,2025-01-24,SH.ZB_601688,华泰证券,证券,1.5910566
8884,2025-01-24,SH.ZB_600644,乐山电力,电力行业,1.5909374
8885,2025-01-27,SH.ZB_601789,宁波建工,工程建设,1.5906453
8886,2025-01-24,SH.ZB_601198,东兴证券,证券,1.589577
8887,2025-01-24,SH.KC_688007,光峰科技,消费电子,1.589176
8888,2025-01-24,SH.ZB_601609,金田股份,有色金属,1.5885353
8889,2025-01-24,SH.ZB_600023,浙能电力,电力行业,1.5884548
8890,2025-01-24,SZ.ZB_002545,东方铁塔,化肥行业,1.5881956
8891,2025-01-24,SH.KC_300285,国瓷材料,化学制品,1.5878737
8892,2025-01-27,SH.ZB_600546,山煤国际,煤炭行业,1.5868142
8893,2025-01-24,SH.ZB_603876,鼎胜新材,有色金属,1.58678
8894,2025-01-24,SH.KC_301115,建科股份,专业服务,1.5864983
8895,2025-01-27,SH.ZB_600168,武汉控股,公用事业,1.586473
8896,2025-01-24,SH.ZB_601456,国联证券,证券,1.5862718
8897,2025-01-24,SH.ZB_600016,民生银行,银行,1.5860945
8898,2025-01-27,SH.ZB_600497,驰宏锌锗,有色金属,1.5853435
8899,2025-01-24,SH.KC_301592,六九一二,软件开发,1.5839815
8900,2025-01-24,SZ.ZB_001872,招商港口,航运港口,1.5838339
8901,2025-01-24,SH.ZB_601916,浙商银行,银行,1.5826688
8902,2025-01-24,SZ.ZB_002980,华盛昌,仪器仪表,1.5823364
8903,2025-01-27,SH.ZB_600138,中青旅,旅游酒店,1.5822858
8904,2025-01-27,SH.ZB_601966,玲珑轮胎,橡胶制品,1.582107
8905,2025-01-24,SH.ZB_601200,上海环境,环保行业,1.5820966
8906,2025-01-27,SZ.ZB_002936,郑州银行,银行,1.5819714
8907,2025-01-24,SH.ZB_603757,大元泵业,通用设备,1.5818626
8908,2025-01-24,SZ.ZB_000403,派林生物,生物制品,1.5817807
8909,2025-01-24,SH.ZB_600177,雅戈尔,纺织服装,1.5815005
8910,2025-01-27,SH.ZB_600283,钱江水利,公用事业,1.5794649
8911,2025-01-27,SZ.ZB_002489,浙江永强,家用轻工,1.5786126
8912,2025-01-27,SZ.ZB_002392,北京利尔,装修建材,1.578243
8913,2025-01-24,SH.KC_688566,吉贝尔,化学制药,1.5768394
8914,2025-01-24,SH.ZB_600195,中牧股份,农药兽药,1.5767202
8915,2025-01-27,SZ.ZB_000550,江铃汽车,汽车整车,1.5762851
8916,2025-01-24,SH.ZB_605166,聚合顺,化学制品,1.5750422
8917,2025-01-27,SH.KC_688568,中科星图,互联网服务,1.5749588
8918,2025-01-24,SH.KC_300383,光环新网,互联网服务,1.5732155
8919,2025-01-24,SZ.ZB_000338,潍柴动力,汽车零部件,1.573047
8920,2025-01-24,SH.ZB_600526,菲达环保,环保行业,1.5712187
8921,2025-01-24,SH.KC_301408,华人健康,医药商业,1.5712053
8922,2025-01-24,SH.KC_688026,洁特生物,塑料制品,1.5711055
8923,2025-01-27,SZ.ZB_002432,九安医疗,医疗器械,1.5709803
8924,2025-01-27,SH.KC_688658,悦康药业,化学制药,1.5709221
8925,2025-01-24,SH.ZB_605151,西上海,汽车零部件,1.5706182
8926,2025-01-24,SH.ZB_600018,上港集团,航运港口,1.5705273
8927,2025-01-24,SH.ZB_601177,杭齿前进,通用设备,1.5692294
8928,2025-01-24,SH.KC_301041,金百泽,电子元件,1.5685529
8929,2025-01-24,SH.ZB_600549,厦门钨业,小金属,1.5683725
8930,2025-01-24,SH.ZB_601179,中国西电,电网设备,1.5683323
8931,2025-01-27,SZ.ZB_002773,康弘药业,化学制药,1.568295
8932,2025-01-24,SH.KC_300036,超图软件,软件开发,1.568289
8933,2025-01-24,SZ.ZB_002983,芯瑞达,光学光电子,1.5670226
8934,2025-01-24,SH.ZB_601619,嘉泽新能,电力行业,1.5670016
8935,2025-01-24,SH.KC_300009,安科生物,生物制品,1.5669972
8936,2025-01-24,SH.KC_688314,康拓医疗,医疗器械,1.5669137
8937,2025-01-24,SZ.ZB_002746,仙坛股份,农牧饲渔,1.5663848
8938,2025-01-24,SH.KC_688230,芯导科技,半导体,1.5658587
8939,2025-01-24,SH.KC_300994,久祺股份,交运设备,1.56506
8940,2025-01-24,SH.ZB_601199,江南水务,公用事业,1.5649841
8941,2025-01-24,SH.KC_688122,西部超导,有色金属,1.5644267
8942,2025-01-24,SH.KC_300606,金太阳,通用设备,1.564379
8943,2025-01-24,SH.ZB_600995,南网储能,电力行业,1.5636146
8944,2025-01-27,SH.ZB_603658,安图生物,医疗器械,1.5631586
8945,2025-01-27,SZ.ZB_000899,赣能股份,电力行业,1.5628233
8946,2025-01-24,SH.ZB_600808,马钢股份,钢铁行业,1.5622303
8947,2025-01-27,SH.ZB_603829,洛凯股份,电网设备,1.5619233
8948,2025-01-27,SZ.ZB_002399,海普瑞,化学制药,1.5618577
8949,2025-01-24,SZ.ZB_002328,新朋股份,汽车零部件,1.5615135
8950,2025-01-24,SH.ZB_601579,会稽山,酿酒行业,1.5613244
8951,2025-01-24,SH.ZB_601187,厦门银行,银行,1.5609994
8952,2025-01-24,SH.ZB_601066,中信建投,证券,1.5598357
8953,2025-01-24,SH.KC_300864,南大环境,环保行业,1.559481
8954,2025-01-24,SH.KC_688235,百济神州-U,生物制品,1.5586004
8955,2025-01-24,SH.ZB_600207,安彩高科,光伏设备,1.5581548
8956,2025-01-24,SH.KC_300843,胜蓝股份,消费电子,1.555778
8957,2025-01-24,SH.ZB_605162,新中港,公用事业,1.5557408
8958,2025-01-24,SH.KC_300381,溢多利,化学制药,1.5555084
8959,2025-01-27,SH.ZB_601186,中国铁建,工程建设,1.5553445
8960,2025-01-24,SH.KC_688478,晶升股份,半导体,1.5546113
8961,2025-01-27,SZ.ZB_002266,浙富控股,环保行业,1.5545309
8962,2025-01-27,SH.KC_300009,安科生物,生物制品,1.5530586
8963,2025-01-24,SH.ZB_600884,杉杉股份,电子元件,1.5526757
8964,2025-01-24,SH.ZB_603969,银龙股份,通用设备,1.5522704
8965,2025-01-24,SH.KC_301395,仁信新材,化学原料,1.5516043
8966,2025-01-27,SH.ZB_600988,赤峰黄金,贵金属,1.5515298
8967,2025-01-27,SH.ZB_600798,宁波海运,航运港口,1.551351
8968,2025-01-22,SH.KC_300069,金利华电,电网设备,1.5506909
8969,2025-01-24,SH.ZB_600966,博汇纸业,造纸印刷,1.5497789
8970,2025-01-24,SH.KC_300782,卓胜微,半导体,1.5493021
8971,2025-01-24,SH.KC_688119,中钢洛耐,非金属材料,1.5489147
8972,2025-01-27,SH.KC_301047,义翘神州,生物制品,1.5483425
8973,2025-01-24,SZ.ZB_002382,蓝帆医疗,医疗器械,1.548022
8974,2025-01-24,SH.ZB_600830,香溢融通,多元金融,1.5461057
8975,2025-01-27,SZ.ZB_002732,燕塘乳业,食品饮料,1.5455365
8976,2025-01-27,SZ.ZB_000581,威孚高科,汽车零部件,1.5454441
8977,2025-01-24,SZ.ZB_002827,高争民爆,化学制品,1.5445962
8978,2025-01-27,SH.ZB_603231,索宝蛋白,农牧饲渔,1.544194
8979,2025-01-24,SH.ZB_603658,安图生物,医疗器械,1.5431597
8980,2025-01-24,SZ.ZB_000019,深粮控股,贸易行业,1.5418901
8981,2025-01-24,SH.ZB_601158,重庆水务,公用事业,1.5416489
8982,2025-01-24,SZ.ZB_002692,远程股份,电网设备,1.5409603
8983,2025-01-27,SZ.ZB_002237,恒邦股份,贵金属,1.5405387
8984,2025-01-24,SZ.ZB_002371,北方华创,半导体,1.5402466
8985,2025-01-24,SH.ZB_600596,新安股份,农药兽药,1.5399665
8986,2025-01-24,SZ.ZB_002040,南 京 港,航运港口,1.5398905
8987,2025-01-27,SH.ZB_600997,开滦股份,煤炭行业,1.5390903
8988,2025-01-24,SZ.ZB_002736,国信证券,证券,1.5390708
8989,2025-01-27,SZ.ZB_002533,金杯电工,电网设备,1.5384064
8990,2025-01-24,SZ.ZB_001326,联域股份,光学光电子,1.5378237
8991,2025-01-24,SH.ZB_603350,安乃达,电机,1.537694
8992,2025-01-24,SZ.ZB_002186,全 聚 德,旅游酒店,1.5376151
8993,2025-01-27,SH.ZB_600529,山东药玻,医疗器械,1.535961
8994,2025-01-24,SH.ZB_605289,罗曼股份,装修装饰,1.5359297
8995,2025-01-27,SZ.ZB_002063,远光软件,软件开发,1.5358493
8996,2025-01-24,SZ.ZB_000869,张  裕Ａ,酿酒行业,1.535435
8997,2025-01-27,SZ.ZB_001218,丽臣实业,化学制品,1.5341103
8998,2025-01-24,SZ.ZB_002538,司尔特,化肥行业,1.533179
8999,2025-01-24,SH.ZB_603960,克来机电,专用设备,1.5330896
9000,2025-01-24,SH.ZB_603599,广信股份,农药兽药,1.5327036
9001,2025-01-24,SZ.ZB_002860,星帅尔,家电行业,1.5321121
9002,2025-01-24,SZ.ZB_002287,奇正藏药,中药,1.5320673
9003,2025-01-24,SZ.ZB_000725,京东方Ａ,光学光电子,1.5314326
9004,2025-01-27,SH.ZB_603367,辰欣药业,化学制药,1.5309721
9005,2025-01-24,SH.KC_300602,飞荣达,消费电子,1.5306681
9006,2025-01-24,SZ.ZB_000589,贵州轮胎,橡胶制品,1.5305936
9007,2025-01-27,SH.ZB_603839,安正时尚,纺织服装,1.5304416
9008,2025-01-24,SZ.ZB_002540,亚太科技,有色金属,1.5301242
9009,2025-01-24,SH.KC_301126,达嘉维康,医药商业,1.529391
9010,2025-01-27,SH.ZB_605368,蓝天燃气,燃气,1.5290409
9011,2025-01-24,SH.KC_301498,乖宝宠物,农牧饲渔,1.5287623
9012,2025-01-24,SH.KC_688057,金达莱,环保行业,1.5282466
9013,2025-01-24,SH.KC_300545,联得装备,光学光电子,1.5268669
9014,2025-01-27,SZ.ZB_002455,百川股份,化学制品,1.5262797
9015,2025-01-24,SZ.ZB_002937,兴瑞科技,消费电子,1.5261561
9016,2025-01-24,SH.KC_300439,美康生物,医疗器械,1.5259326
9017,2025-01-24,SZ.ZB_000967,盈峰环境,环保行业,1.5256673
9018,2025-01-24,SZ.ZB_001205,盛航股份,航运港口,1.5255004
9019,2025-01-27,SH.KC_300452,山河药辅,化学制药,1.5251114
9020,2025-01-27,SH.ZB_600757,长江传媒,文化传媒,1.5250399
9021,2025-01-24,SZ.ZB_002885,京泉华,消费电子,1.5243902
9022,2025-01-27,SH.KC_301196,唯科科技,塑料制品,1.5241683
9023,2025-01-27,SH.ZB_600761,安徽合力,工程机械,1.5240326
9024,2025-01-27,SH.ZB_600482,中国动力,船舶制造,1.523818
9025,2025-01-27,SH.ZB_603730,岱美股份,汽车零部件,1.5236199
9026,2025-01-24,SZ.ZB_002833,弘亚数控,专用设备,1.5232787
9027,2025-01-24,SZ.ZB_002670,国盛金控,证券,1.5227824
9028,2025-01-27,SZ.ZB_000930,中粮科技,农牧饲渔,1.522702
9029,2025-01-27,SH.KC_688677,海泰新光,医疗器械,1.521647
9030,2025-01-24,SH.KC_300643,万通智控,汽车零部件,1.5207782
9031,2025-01-24,SH.KC_300871,回盛生物,农药兽药,1.5203819
9032,2025-01-24,SH.ZB_603638,艾迪精密,工程机械,1.518923
9033,2025-01-27,SH.ZB_600060,海信视像,家电行业,1.5186324
9034,2025-01-24,SH.ZB_600864,哈投股份,证券,1.5184686
9035,2025-01-24,SZ.ZB_002673,西部证券,证券,1.5175521
9036,2025-01-24,SZ.ZB_000776,广发证券,证券,1.5168756
9037,2025-01-27,SH.ZB_601117,中国化学,工程建设,1.5159458
9038,2025-01-24,SZ.ZB_002727,一心堂,医药商业,1.515837
9039,2025-01-24,SZ.ZB_002768,国恩股份,塑料制品,1.5155643
9040,2025-01-27,SH.ZB_600764,中国海防,计算机设备,1.5154972
9041,2025-01-24,SH.ZB_601700,风范股份,电网设备,1.5154302
9042,2025-01-27,SZ.ZB_001872,招商港口,航运港口,1.5151024
9043,2025-01-24,SZ.ZB_000912,泸天化,化肥行业,1.514852
9044,2025-01-24,SH.ZB_600268,国电南自,电网设备,1.5145526
9045,2025-01-27,SZ.ZB_002690,美亚光电,专用设备,1.5142322
9046,2025-01-24,SZ.ZB_000900,现代投资,铁路公路,1.5142083
9047,2025-01-24,SZ.ZB_000848,承德露露,食品饮料,1.5139029
9048,2025-01-24,SH.ZB_601998,中信银行,银行,1.5136824
9049,2025-01-24,SZ.ZB_002224,三 力 士,橡胶制品,1.5136108
9050,2025-01-24,SZ.ZB_002236,大华股份,计算机设备,1.5135139
9051,2025-01-27,SH.ZB_601121,宝地矿业,钢铁行业,1.5134811
9052,2025-01-24,SH.ZB_600305,恒顺醋业,食品饮料,1.5132322
9053,2025-01-27,SH.ZB_601390,中国中铁,工程建设,1.512687
9054,2025-01-27,SH.ZB_603103,横店影视,文化传媒,1.5125424
9055,2025-01-24,SH.ZB_605123,派克新材,通用设备,1.5117333
9056,2025-01-24,SH.ZB_600623,华谊集团,化学原料,1.5113652
9057,2025-01-27,SH.ZB_603392,万泰生物,生物制品,1.5110626
9058,2025-01-24,SH.ZB_601636,旗滨集团,玻璃玻纤,1.5108063
9059,2025-01-24,SZ.ZB_003023,彩虹集团,家电行业,1.5106454
9060,2025-01-24,SZ.ZB_000719,中原传媒,文化传媒,1.5106394
9061,2025-01-24,SZ.ZB_000021,深科技,消费电子,1.5099585
9062,2025-01-24,SZ.ZB_002772,众兴菌业,农牧饲渔,1.5093923
9063,2025-01-27,SZ.ZB_000758,中色股份,有色金属,1.5092552
9064,2025-01-24,SZ.ZB_002651,利君股份,专用设备,1.509124
9065,2025-01-27,SH.KC_300396,迪瑞医疗,医疗器械,1.5087798
9066,2025-01-27,SH.ZB_600161,天坛生物,生物制品,1.508601
9067,2025-01-27,SZ.ZB_002705,新宝股份,家电行业,1.5080124
9068,2025-01-24,SH.ZB_600030,中信证券,证券,1.50754
9069,2025-01-24,SZ.ZB_000758,中色股份,有色金属,1.5073433
9070,2025-01-24,SH.KC_300784,利安科技,塑料制品,1.5072391
9071,2025-01-24,SH.KC_300951,博硕科技,消费电子,1.505369
9072,2025-01-24,SH.ZB_603700,宁水集团,仪器仪表,1.5052214
9073,2025-01-27,SZ.ZB_000869,张  裕Ａ,酿酒行业,1.5048206
9074,2025-01-24,SH.KC_301195,北路智控,软件开发,1.5047059
9075,2025-01-27,SZ.ZB_000998,隆平高科,农牧饲渔,1.5024632
9076,2025-01-27,SH.ZB_600664,哈药股份,化学制药,1.502198
9077,2025-01-24,SH.ZB_603115,海星股份,电子元件,1.5021861
9078,2025-01-24,SH.ZB_600116,三峡水利,电力行业,1.5021265
9079,2025-01-27,SZ.ZB_002034,旺能环境,环保行业,1.5018642
9080,2025-01-27,SZ.ZB_000719,中原传媒,文化传媒,1.5016689
9081,2025-01-24,SH.ZB_601208,东材科技,塑料制品,1.5013546
9082,2025-01-24,SH.ZB_601990,南京证券,证券,1.5004025
9083,2025-01-24,SZ.ZB_003026,中晶科技,半导体,1.5003264
9084,2025-01-27,SZ.ZB_001202,炬申股份,物流行业,1.499702
9085,2025-01-24,SH.ZB_601083,锦江航运,航运港口,1.4996469
9086,2025-01-27,SZ.ZB_002540,亚太科技,有色金属,1.4988348
9087,2025-01-24,SH.ZB_603967,中创物流,物流行业,1.4983773
9088,2025-01-24,SH.KC_688616,西力科技,电网设备,1.4980584
9089,2025-01-27,SZ.ZB_000800,一汽解放,汽车整车,1.4977306
9090,2025-01-24,SH.KC_300752,隆利科技,光学光电子,1.4974401
9091,2025-01-24,SH.KC_300218,安利股份,塑料制品,1.4972613
9092,2025-01-27,SZ.ZB_001213,中铁特货,物流行业,1.4969885
9093,2025-01-27,SZ.ZB_002422,科伦药业,化学制药,1.4959633
9094,2025-01-24,SH.ZB_601000,唐山港,航运港口,1.4959425
9095,2025-01-24,SH.KC_688312,燕麦科技,专用设备,1.4957681
9096,2025-01-24,SZ.ZB_002294,信立泰,化学制药,1.4952884
9097,2025-01-24,SH.KC_688334,西高院,专业服务,1.4950469
9098,2025-01-24,SZ.ZB_000990,诚志股份,化学原料,1.4948785
9099,2025-01-27,SH.ZB_601311,骆驼股份,电池,1.4946535
9100,2025-01-24,SH.ZB_603866,桃李面包,食品饮料,1.4942899
9101,2025-01-27,SZ.ZB_002048,宁波华翔,汽车零部件,1.4932678
9102,2025-01-24,SH.ZB_601126,四方股份,电网设备,1.4930218
9103,2025-01-24,SH.ZB_600061,国投资本,证券,1.4925092
9104,2025-01-24,SZ.ZB_002060,广东建工,工程建设,1.492092
9105,2025-01-27,SH.ZB_603999,读者传媒,文化传媒,1.4920264
9106,2025-01-24,SZ.ZB_002401,中远海科,互联网服务,1.4917105
9107,2025-01-24,SZ.ZB_002598,山东章鼓,通用设备,1.4916956
9108,2025-01-24,SZ.ZB_002053,云南能投,综合行业,1.4916346
9109,2025-01-27,SZ.ZB_002616,长青集团,电力行业,1.4913052
9110,2025-01-24,SH.KC_300445,康斯特,仪器仪表,1.4912949
9111,2025-01-24,SZ.ZB_000563,陕国投Ａ,多元金融,1.4909208
9112,2025-01-24,SH.ZB_603357,设计总院,工程咨询服务,1.4906034
9113,2025-01-27,SZ.ZB_002588,史丹利,化肥行业,1.4899492
9114,2025-01-27,SH.ZB_603073,彩蝶实业,纺织服装,1.4896572
9115,2025-01-24,SH.ZB_600361,创新新材,有色金属,1.4884427
9116,2025-01-27,SH.ZB_601609,金田股份,有色金属,1.4878184
9117,2025-01-24,SH.KC_301345,涛涛车业,交运设备,1.487574
9118,2025-01-27,SZ.ZB_002746,仙坛股份,农牧饲渔,1.4868572
9119,2025-01-27,SZ.ZB_000685,中山公用,公用事业,1.4866769
9120,2025-01-27,SH.ZB_600874,创业环保,环保行业,1.4854461
9121,2025-01-27,SH.ZB_601677,明泰铝业,有色金属,1.4846578
9122,2025-01-24,SZ.ZB_000899,赣能股份,电力行业,1.4845163
9123,2025-01-27,SH.KC_300851,交大思诺,交运设备,1.4844388
9124,2025-01-27,SZ.ZB_000060,中金岭南,有色金属,1.4843732
9125,2025-01-24,SH.ZB_603351,威尔药业,化学制药,1.4841244
9126,2025-01-24,SH.KC_301047,义翘神州,生物制品,1.484096
9127,2025-01-24,SH.KC_300984,金沃股份,通用设备,1.4821917
9128,2025-01-24,SZ.ZB_002810,山东赫达,化学制品,1.4790595
9129,2025-01-24,SZ.ZB_003036,泰坦股份,专用设备,1.4784827
9130,2025-01-24,SH.KC_300404,博济医药,医疗服务,1.4781013
9131,2025-01-24,SZ.ZB_002519,银河电子,通信设备,1.4780416
9132,2025-01-24,SH.ZB_600109,国金证券,证券,1.4770164
9133,2025-01-24,SH.ZB_603013,亚普股份,汽车零部件,1.4762774
9134,2025-01-24,SH.ZB_605259,绿田机械,通用设备,1.4757514
9135,2025-01-24,SZ.ZB_002242,九阳股份,家电行业,1.4751897
9136,2025-01-24,SH.KC_300360,炬华科技,电网设备,1.4744848
9137,2025-01-27,SH.ZB_605005,合兴股份,汽车零部件,1.4742539
9138,2025-01-24,SZ.ZB_001288,运机集团,工程机械,1.473172
9139,2025-01-27,SH.ZB_600587,新华医疗,医疗器械,1.4729202
9140,2025-01-27,SH.KC_301339,通行宝,软件开发,1.4722407
9141,2025-01-24,SH.KC_300920,润阳科技,塑料制品,1.4721751
9142,2025-01-27,SZ.ZB_000539,粤电力Ａ,电力行业,1.4716238
9143,2025-01-27,SH.ZB_601989,中国重工,船舶制造,1.4712884
9144,2025-01-24,SH.KC_688065,凯赛生物,化学制品,1.4703169
9145,2025-01-24,SH.ZB_600996,贵广网络,文化传媒,1.469776
9146,2025-01-27,SZ.ZB_002745,木林森,光学光电子,1.4695823
9147,2025-01-24,SZ.ZB_002443,金洲管道,钢铁行业,1.468131
9148,2025-01-27,SH.ZB_600623,华谊集团,化学原料,1.4676481
9149,2025-01-27,SH.ZB_601801,皖新传媒,文化传媒,1.4668658
9150,2025-01-27,SH.KC_301301,川宁生物,生物制品,1.4663935
9151,2025-01-27,SZ.ZB_000157,中联重科,工程机械,1.4663622
9152,2025-01-24,SH.ZB_600690,海尔智家,家电行业,1.466228
9153,2025-01-24,SH.KC_688137,近岸蛋白,生物制品,1.4657245
9154,2025-01-24,SZ.ZB_002705,新宝股份,家电行业,1.4643073
9155,2025-01-24,SZ.ZB_002471,中超控股,电网设备,1.4639184
9156,2025-01-24,SZ.ZB_002595,豪迈科技,专用设备,1.4630451
9157,2025-01-24,SZ.ZB_002706,良信股份,电网设备,1.4629722
9158,2025-01-24,SZ.ZB_002658,雪迪龙,仪器仪表,1.4629424
9159,2025-01-24,SH.ZB_603681,永冠新材,化学制品,1.4629066
9160,2025-01-24,SZ.ZB_002515,金字火腿,食品饮料,1.4626324
9161,2025-01-24,SZ.ZB_002361,神剑股份,塑料制品,1.4622033
9162,2025-01-27,SH.ZB_600195,中牧股份,农药兽药,1.4615462
9163,2025-01-24,SH.ZB_600928,西安银行,银行,1.4608576
9164,2025-01-27,SZ.ZB_002839,张家港行,银行,1.4604673
9165,2025-01-27,SH.ZB_600196,复星医药,化学制药,1.459223
9166,2025-01-27,SH.ZB_603107,上海汽配,汽车零部件,1.4590845
9167,2025-01-24,SZ.ZB_000516,国际医学,医疗服务,1.45808
9168,2025-01-24,SH.ZB_600032,浙江新能,电力行业,1.4579699
9169,2025-01-24,SZ.ZB_002393,力生制药,化学制药,1.4571295
9170,2025-01-27,SH.ZB_600741,华域汽车,汽车零部件,1.455848
9171,2025-01-24,SH.KC_688576,西山科技,医疗器械,1.4552786
9172,2025-01-24,SH.ZB_600223,福瑞达,生物制品,1.4552653
9173,2025-01-24,SZ.ZB_002734,利民股份,农药兽药,1.4552429
9174,2025-01-27,SH.KC_301042,安联锐视,计算机设备,1.4548302
9175,2025-01-24,SH.ZB_600741,华域汽车,汽车零部件,1.4545784
9176,2025-01-24,SZ.ZB_000738,航发控制,航天航空,1.4537051
9177,2025-01-27,SH.ZB_601877,正泰电器,电网设备,1.453343
9178,2025-01-24,SZ.ZB_002157,正邦科技,农牧饲渔,1.4523342
9179,2025-01-24,SZ.ZB_000800,一汽解放,汽车整车,1.4521837
9180,2025-01-24,SH.ZB_601065,江盐集团,化学原料,1.45133
9181,2025-01-27,SH.KC_301126,达嘉维康,医药商业,1.4505237
9182,2025-01-24,SH.ZB_605599,菜百股份,珠宝首饰,1.4499336
9183,2025-01-24,SH.ZB_600648,外高桥,房地产开发,1.4496133
9184,2025-01-24,SH.KC_301158,德石股份,专用设备,1.4489621
9185,2025-01-24,SZ.ZB_000686,东北证券,证券,1.4489517
9186,2025-01-24,SZ.ZB_002484,江海股份,电子元件,1.4489472
9187,2025-01-24,SZ.ZB_002368,太极股份,互联网服务,1.4480605
9188,2025-01-27,SH.ZB_601212,白银有色,有色金属,1.4480352
9189,2025-01-27,SH.ZB_600422,昆药集团,中药,1.4477432
9190,2025-01-27,SZ.ZB_000629,钒钛股份,钢铁行业,1.4466748
9191,2025-01-27,SH.KC_300251,光线传媒,文化传媒,1.4459445
9192,2025-01-24,SH.ZB_603258,电魂网络,游戏,1.4458686
9193,2025-01-24,SH.KC_300976,达瑞电子,消费电子,1.4458597
9194,2025-01-24,SH.KC_688620,安凯微,半导体,1.4457464
9195,2025-01-27,SH.ZB_600720,中交设计,工程咨询服务,1.4452562
9196,2025-01-27,SZ.ZB_002558,巨人网络,游戏,1.4450564
9197,2025-01-27,SH.ZB_600655,豫园股份,珠宝首饰,1.4445484
9198,2025-01-24,SZ.ZB_002837,英维克,专用设备,1.4444679
9199,2025-01-24,SH.ZB_603091,众鑫股份,家用轻工,1.4439553
9200,2025-01-24,SZ.ZB_002367,康力电梯,专用设备,1.4436513
9201,2025-01-24,SH.KC_301067,显盈科技,消费电子,1.4436498
9202,2025-01-27,SH.KC_300532,今天国际,互联网服务,1.4423623
9203,2025-01-24,SH.ZB_603285,键邦股份,化学制品,1.4420226
9204,2025-01-24,SH.KC_301149,隆华新材,化学原料,1.4416158
9205,2025-01-24,SH.KC_300375,鹏翎股份,汽车零部件,1.4415369
9206,2025-01-24,SH.ZB_600516,方大炭素,非金属材料,1.441376
9207,2025-01-24,SH.ZB_603280,南方路机,专用设备,1.4413118
9208,2025-01-27,SH.ZB_603233,大参林,医药商业,1.4412403
9209,2025-01-27,SH.ZB_603132,金徽股份,有色金属,1.4399856
9210,2025-01-24,SH.ZB_603680,今创集团,交运设备,1.4395461
9211,2025-01-24,SH.ZB_601860,紫金银行,银行,1.4390498
9212,2025-01-24,SH.KC_300327,中颖电子,半导体,1.4386044
9213,2025-01-27,SZ.ZB_000875,吉电股份,电力行业,1.4378533
9214,2025-01-27,SZ.ZB_000923,河钢资源,钢铁行业,1.4369518
9215,2025-01-24,SZ.ZB_002725,跃岭股份,汽车零部件,1.4368415
9216,2025-01-24,SH.KC_301377,鼎泰高科,通用设备,1.4365077
9217,2025-01-24,SZ.ZB_002895,川恒股份,化学原料,1.4357
9218,2025-01-27,SZ.ZB_002033,丽江股份,旅游酒店,1.4354527
9219,2025-01-24,SZ.ZB_002194,武汉凡谷,通信设备,1.4350607
9220,2025-01-27,SZ.ZB_000672,上峰水泥,水泥建材,1.4343605
9221,2025-01-24,SZ.ZB_002516,旷达科技,汽车零部件,1.4339924
9222,2025-01-24,SH.KC_301070,开勒股份,专用设备,1.4330626
9223,2025-01-27,SH.ZB_600500,中化国际,化学制品,1.4324262
9224,2025-01-27,SH.ZB_600582,天地科技,专用设备,1.4317915
9225,2025-01-24,SZ.ZB_002978,安宁股份,有色金属,1.4316008
9226,2025-01-24,SH.ZB_600211,西藏药业,生物制品,1.4304445
9227,2025-01-24,SZ.ZB_001378,德冠新材,塑料制品,1.428832
9228,2025-01-27,SZ.ZB_000983,山西焦煤,煤炭行业,1.4287919
9229,2025-01-24,SH.ZB_603301,振德医疗,医疗器械,1.4287279
9230,2025-01-27,SZ.ZB_000155,川能动力,电力行业,1.4286294
9231,2025-01-24,SH.ZB_600218,全柴动力,汽车零部件,1.428163
9232,2025-01-27,SH.ZB_603966,法兰泰克,专用设备,1.4280617
9233,2025-01-24,SH.KC_301301,川宁生物,生物制品,1.4280424
9234,2025-01-27,SZ.ZB_002233,塔牌集团,水泥建材,1.427944
9235,2025-01-27,SH.ZB_601168,西部矿业,有色金属,1.427874
9236,2025-01-24,SH.ZB_600876,凯盛新能,光伏设备,1.4270113
9237,2025-01-24,SH.KC_300893,松原股份,汽车零部件,1.4268651
9238,2025-01-24,SH.ZB_600873,梅花生物,化学制品,1.4264569
9239,2025-01-24,SZ.ZB_001258,立新能源,电力行业,1.4249132
9240,2025-01-27,SZ.ZB_002252,上海莱士,生物制品,1.4243677
9241,2025-01-24,SH.ZB_600655,豫园股份,珠宝首饰,1.4241264
9242,2025-01-24,SH.ZB_600050,中国联通,通信服务,1.4240727
9243,2025-01-27,SH.ZB_603323,苏农银行,银行,1.4230788
9244,2025-01-27,SZ.ZB_002327,富安娜,纺织服装,1.4223382
9245,2025-01-27,SH.KC_301080,百普赛斯,医疗服务,1.420419
9246,2025-01-24,SZ.ZB_002609,捷顺科技,互联网服务,1.41996
9247,2025-01-24,SZ.ZB_002591,恒大高新,互联网服务,1.4190793
9248,2025-01-24,SZ.ZB_000507,珠海港,航运港口,1.4185951
9249,2025-01-24,SH.ZB_603633,徕木股份,汽车零部件,1.4184237
9250,2025-01-27,SH.ZB_600023,浙能电力,电力行业,1.4173895
9251,2025-01-27,SH.ZB_601958,金钼股份,小金属,1.4169306
9252,2025-01-24,SH.ZB_603312,西典新能,电网设备,1.4160767
9253,2025-01-24,SZ.ZB_002049,紫光国微,半导体,1.4155045
9254,2025-01-24,SH.KC_301551,无线传媒,文化传媒,1.4138653
9255,2025-01-24,SZ.ZB_002394,联发股份,纺织服装,1.4135613
9256,2025-01-24,SH.ZB_600597,光明乳业,食品饮料,1.413162
9257,2025-01-27,SZ.ZB_002508,老板电器,家电行业,1.4127195
9258,2025-01-24,SH.ZB_605080,浙江自然,纺织服装,1.4125929
9259,2025-01-22,SH.KC_688720,艾森股份,半导体,1.4113605
9260,2025-01-27,SH.KC_301003,江苏博云,塑料制品,1.4108076
9261,2025-01-27,SZ.ZB_002701,奥瑞金,包装材料,1.4107585
9262,2025-01-27,SH.ZB_601952,苏垦农发,农牧饲渔,1.4104426
9263,2025-01-27,SZ.ZB_000551,创元科技,环保行业,1.4103279
9264,2025-01-27,SH.ZB_601061,中信金属,贸易行业,1.409261
9265,2025-01-27,SH.ZB_600050,中国联通,通信服务,1.4088303
9266,2025-01-27,SH.ZB_601868,中国能建,工程建设,1.4087393
9267,2025-01-24,SH.KC_300034,钢研高纳,有色金属,1.4081016
9268,2025-01-24,SH.ZB_600398,海澜之家,纺织服装,1.408036
9269,2025-01-24,SH.KC_688459,哈铁科技,交运设备,1.4075265
9270,2025-01-27,SZ.ZB_001338,永顺泰,农牧饲渔,1.4070735
9271,2025-01-24,SH.ZB_601311,骆驼股份,电池,1.4065907
9272,2025-01-24,SH.KC_300546,雄帝科技,计算机设备,1.4063969
9273,2025-01-24,SH.KC_301386,未来电器,电源设备,1.4061108
9274,2025-01-27,SH.ZB_600312,平高电气,电网设备,1.4060364
9275,2025-01-27,SZ.ZB_000027,深圳能源,电力行业,1.4047623
9276,2025-01-27,SZ.ZB_002382,蓝帆医疗,医疗器械,1.4046922
9277,2025-01-24,SH.ZB_600352,浙江龙盛,化学制品,1.4040515
9278,2025-01-24,SH.ZB_600469,风神股份,橡胶制品,1.404044
9279,2025-01-24,SH.KC_688401,路维光电,半导体,1.4036804
9280,2025-01-27,SH.KC_688526,科前生物,农药兽药,1.4034957
9281,2025-01-27,SZ.ZB_000726,鲁  泰Ａ,纺织服装,1.4034226
9282,2025-01-27,SH.ZB_603393,新天然气,燃气,1.4031782
9283,2025-01-24,SH.KC_688669,聚石化学,塑料制品,1.4021442
9284,2025-01-27,SH.KC_688291,金橙子,软件开发,1.401791
9285,2025-01-24,SH.KC_300481,濮阳惠成,电子化学品,1.401645
9286,2025-01-24,SH.KC_300666,江丰电子,半导体,1.4013171
9287,2025-01-24,SZ.ZB_000009,中国宝安,综合行业,1.4012203
9288,2025-01-24,SZ.ZB_000878,云南铜业,有色金属,1.4010355
9289,2025-01-27,SH.KC_688819,天能股份,电池,1.4008939
9290,2025-01-24,SH.ZB_603043,广州酒家,食品饮料,1.4004841
9291,2025-01-27,SZ.ZB_001387,雪祺电气,家电行业,1.4004678
9292,2025-01-24,SZ.ZB_002026,山东威达,通用设备,1.3994589
9293,2025-01-27,SH.KC_688570,天玛智控,软件开发,1.3982117
9294,2025-01-24,SH.ZB_600362,江西铜业,有色金属,1.3975501
9295,2025-01-24,SZ.ZB_000425,徐工机械,工程机械,1.3970077
9296,2025-01-27,SH.ZB_600004,白云机场,航空机场,1.3967798
9297,2025-01-24,SZ.ZB_000539,粤电力Ａ,电力行业,1.3965636
9298,2025-01-24,SH.ZB_600389,江山股份,农药兽药,1.3965116
9299,2025-01-24,SH.KC_300811,铂科新材,小金属,1.3960302
9300,2025-01-24,SH.KC_300514,友讯达,电网设备,1.394479
9301,2025-01-23,SH.KC_688720,艾森股份,半导体,1.3942897
9302,2025-01-27,SH.KC_688334,西高院,专业服务,1.3941393
9303,2025-01-24,SH.KC_300215,电科院,专业服务,1.3933063
9304,2025-01-27,SH.ZB_603508,思维列控,软件开发,1.3923466
9305,2025-01-27,SH.ZB_600009,上海机场,航空机场,1.3914376
9306,2025-01-24,SH.ZB_600483,福能股份,电力行业,1.3911307
9307,2025-01-24,SZ.ZB_002871,伟隆股份,通用设备,1.3908968
9308,2025-01-24,SH.KC_688788,科思科技,通信设备,1.3898641
9309,2025-01-27,SH.ZB_601009,南京银行,银行,1.3897419
9310,2025-01-24,SH.KC_300003,乐普医疗,医疗器械,1.3896213
9311,2025-01-24,SH.KC_300809,华辰装备,通用设备,1.3895184
9312,2025-01-24,SH.KC_688819,天能股份,电池,1.3894453
9313,2025-01-27,SZ.ZB_002986,宇新股份,化学制品,1.3894424
9314,2025-01-24,SZ.ZB_002438,江苏神通,通用设备,1.3882265
9315,2025-01-24,SZ.ZB_002142,宁波银行,银行,1.3870001
9316,2025-01-27,SH.ZB_600513,联环药业,化学制药,1.3869956
9317,2025-01-24,SH.ZB_600380,健康元,化学制药,1.3869569
9318,2025-01-24,SZ.ZB_002597,金禾实业,食品饮料,1.3866693
9319,2025-01-24,SH.ZB_603230,内蒙新华,文化传媒,1.3859286
9320,2025-01-24,SH.ZB_605111,新洁能,半导体,1.3856083
9321,2025-01-24,SZ.ZB_002262,恩华药业,化学制药,1.3855383
9322,2025-01-27,SZ.ZB_002567,唐人神,农牧饲渔,1.3854861
9323,2025-01-24,SH.KC_688581,安杰思,医疗器械,1.3848438
9324,2025-01-24,SZ.ZB_000591,太阳能,电力行业,1.3838842
9325,2025-01-24,SH.KC_301045,天禄科技,光学光电子,1.3836637
9326,2025-01-27,SZ.ZB_001368,通达创智,塑料制品,1.3831959
9327,2025-01-27,SH.ZB_600033,福建高速,铁路公路,1.382874
9328,2025-01-27,SH.ZB_600925,苏能股份,煤炭行业,1.3825252
9329,2025-01-24,SH.ZB_603103,横店影视,文化传媒,1.382488
9330,2025-01-27,SH.ZB_600850,电科数字,互联网服务,1.3822153
9331,2025-01-24,SH.ZB_600570,恒生电子,软件开发,1.3818592
9332,2025-01-27,SH.ZB_600598,北大荒,农牧饲渔,1.3799787
9333,2025-01-27,SZ.ZB_002001,新 和 成,化学制药,1.3798654
9334,2025-01-27,SH.ZB_600420,国药现代,化学制药,1.3796985
9335,2025-01-24,SH.ZB_603217,元利科技,化学制品,1.37963
9336,2025-01-24,SH.ZB_603501,韦尔股份,半导体,1.3794363
9337,2025-01-24,SH.KC_300066,三川智慧,仪器仪表,1.3793886
9338,2025-01-24,SZ.ZB_002001,新 和 成,化学制药,1.3786882
9339,2025-01-24,SZ.ZB_002462,嘉事堂,医药商业,1.3783753
9340,2025-01-24,SH.KC_688663,新风光,电网设备,1.3781816
9341,2025-01-24,SZ.ZB_002363,隆基机械,汽车零部件,1.3781607
9342,2025-01-24,SH.ZB_601997,贵阳银行,银行,1.3771176
9343,2025-01-24,SH.ZB_603987,康德莱,医疗器械,1.3770819
9344,2025-01-27,SH.ZB_601083,锦江航运,航运港口,1.3770089
9345,2025-01-24,SZ.ZB_002632,道明光学,塑料制品,1.3751686
9346,2025-01-27,SZ.ZB_002978,安宁股份,有色金属,1.3748839
9347,2025-01-27,SH.ZB_600016,民生银行,银行,1.373826
9348,2025-01-24,SH.ZB_601238,广汽集团,汽车整车,1.3736084
9349,2025-01-24,SZ.ZB_000544,中原环保,公用事业,1.3728783
9350,2025-01-24,SH.ZB_603107,上海汽配,汽车零部件,1.3725668
9351,2025-01-24,SH.KC_301131,聚赛龙,塑料制品,1.3725221
9352,2025-01-24,SZ.ZB_002607,中公教育,教育,1.3720081
9353,2025-01-24,SH.KC_688323,瑞华泰,塑料制品,1.371877
9354,2025-01-27,SZ.ZB_000878,云南铜业,有色金属,1.371695
9355,2025-01-24,SH.ZB_600801,华新水泥,水泥建材,1.3704956
9356,2025-01-27,SH.ZB_601607,上海医药,医药商业,1.3698667
9357,2025-01-24,SH.ZB_603712,七一二,通信设备,1.3697594
9358,2025-01-24,SZ.ZB_002703,浙江世宝,汽车零部件,1.3681159
9359,2025-01-27,SH.ZB_601328,交通银行,银行,1.3675421
9360,2025-01-27,SZ.ZB_002236,大华股份,计算机设备,1.3672218
9361,2025-01-24,SH.ZB_601003,柳钢股份,钢铁行业,1.366651
9362,2025-01-24,SZ.ZB_002455,百川股份,化学制品,1.3654158
9363,2025-01-24,SZ.ZB_002961,瑞达期货,多元金融,1.3652906
9364,2025-01-24,SZ.ZB_000709,河钢股份,钢铁行业,1.3642178
9365,2025-01-24,SH.ZB_603786,科博达,汽车零部件,1.3637006
9366,2025-01-27,SZ.ZB_002401,中远海科,互联网服务,1.3623714
9367,2025-01-24,SH.ZB_600780,通宝能源,电力行业,1.3612598
9368,2025-01-24,SH.ZB_605368,蓝天燃气,燃气,1.3611331
9369,2025-01-24,SZ.ZB_001367,海森药业,化学制药,1.3609424
9370,2025-01-24,SH.ZB_600444,国机通用,专用设备,1.3603046
9371,2025-01-24,SH.ZB_600171,上海贝岭,半导体,1.3572559
9372,2025-01-24,SH.ZB_600098,广州发展,电力行业,1.3563395
9373,2025-01-24,SH.ZB_601995,中金公司,证券,1.3549447
9374,2025-01-27,SH.ZB_603136,天目湖,旅游酒店,1.3548672
9375,2025-01-24,SH.ZB_603565,中谷物流,物流行业,1.3534725
9376,2025-01-27,SZ.ZB_002242,九阳股份,家电行业,1.3524458
9377,2025-01-27,SZ.ZB_002484,江海股份,电子元件,1.3516412
9378,2025-01-24,SH.ZB_603048,浙江黎明,汽车零部件,1.3510451
9379,2025-01-27,SH.ZB_601916,浙商银行,银行,1.3507292
9380,2025-01-27,SZ.ZB_000877,天山股份,水泥建材,1.3505683
9381,2025-01-27,SZ.ZB_002609,捷顺科技,互联网服务,1.3492763
9382,2025-01-27,SH.ZB_603587,地素时尚,纺织服装,1.3490885
9383,2025-01-24,SH.ZB_600426,华鲁恒升,化学原料,1.3488531
9384,2025-01-27,SZ.ZB_002714,牧原股份,农牧饲渔,1.3487384
9385,2025-01-24,SH.KC_688661,和林微纳,半导体,1.3460279
9386,2025-01-27,SH.ZB_605398,新炬网络,互联网服务,1.3455913
9387,2025-01-24,SH.KC_300221,银禧科技,塑料制品,1.3448462
9388,2025-01-24,SH.ZB_603319,湘油泵,汽车零部件,1.343231
9389,2025-01-27,SZ.ZB_002393,力生制药,化学制药,1.3429672
9390,2025-01-27,SH.ZB_601658,邮储银行,银行,1.3413638
9391,2025-01-24,SZ.ZB_002774,快意电梯,专用设备,1.3400912
9392,2025-01-27,SH.ZB_600817,宇通重工,工程机械,1.3398602
9393,2025-01-24,SH.ZB_600009,上海机场,航空机场,1.3384328
9394,2025-01-27,SH.KC_301520,万邦医药,医疗服务,1.3382137
9395,2025-01-27,SZ.ZB_000030,富奥股份,汽车零部件,1.3379902
9396,2025-01-24,SZ.ZB_002612,朗姿股份,纺织服装,1.3378487
9397,2025-01-24,SH.KC_688628,优利德,仪器仪表,1.3374716
9398,2025-01-24,SH.ZB_600821,金开新能,电力行业,1.337403
9399,2025-01-24,SH.ZB_603327,福蓉科技,消费电子,1.3372853
9400,2025-01-27,SH.ZB_603187,海容冷链,通用设备,1.3370142
9401,2025-01-24,SH.ZB_600817,宇通重工,工程机械,1.3369546
9402,2025-01-24,SH.ZB_601958,金钼股份,小金属,1.3369486
9403,2025-01-27,SH.ZB_600351,亚宝药业,中药,1.3368726
9404,2025-01-27,SH.ZB_601669,中国电建,工程建设,1.3363435
9405,2025-01-27,SH.ZB_605118,力鼎光电,光学光电子,1.3361067
9406,2025-01-24,SH.KC_301468,博盈特焊,专用设备,1.3358712
9407,2025-01-24,SH.KC_300054,鼎龙股份,电子化学品,1.3342812
9408,2025-01-24,SH.KC_301522,上大股份,有色金属,1.3339117
9409,2025-01-24,SH.ZB_601059,信达证券,证券,1.3328314
9410,2025-01-27,SZ.ZB_002091,江苏国泰,贸易行业,1.332286
9411,2025-01-27,SH.ZB_600718,东软集团,互联网服务,1.3322651
9412,2025-01-27,SH.ZB_600323,瀚蓝环境,环保行业,1.3297051
9413,2025-01-24,SH.ZB_600916,中国黄金,珠宝首饰,1.3285071
9414,2025-01-27,SZ.ZB_000912,泸天化,化肥行业,1.3279305
9415,2025-01-27,SH.KC_300012,华测检测,专业服务,1.3278828
9416,2025-01-27,SH.ZB_600022,山东钢铁,钢铁行业,1.3277203
9417,2025-01-24,SH.ZB_600992,贵绳股份,通用设备,1.327543
9418,2025-01-24,SZ.ZB_002267,陕天然气,燃气,1.3262734
9419,2025-01-24,SZ.ZB_002911,佛燃能源,燃气,1.3262272
9420,2025-01-24,SZ.ZB_002958,青农商行,银行,1.3261185
9421,2025-01-24,SZ.ZB_002913,奥士康,电子元件,1.3258934
9422,2025-01-27,SH.ZB_600597,光明乳业,食品饮料,1.3254418
9423,2025-01-27,SZ.ZB_000690,宝新能源,电力行业,1.3238356
9424,2025-01-24,SZ.ZB_002415,海康威视,计算机设备,1.3234705
9425,2025-01-24,SZ.ZB_000997,新 大 陆,互联网服务,1.323153
9426,2025-01-24,SH.KC_688355,明志科技,通用设备,1.3225853
9427,2025-01-24,SH.ZB_600645,中源协和,生物制品,1.3211355
9428,2025-01-24,SH.ZB_603773,沃格光电,光学光电子,1.3199359
9429,2025-01-24,SZ.ZB_002626,金达威,食品饮料,1.3197885
9430,2025-01-24,SH.KC_688618,三旺通信,通信设备,1.3196125
9431,2025-01-24,SH.KC_301362,民爆光电,家电行业,1.3194189
9432,2025-01-24,SZ.ZB_002624,完美世界,游戏,1.3192892
9433,2025-01-24,SH.ZB_600906,财达证券,证券,1.3189151
9434,2025-01-27,SZ.ZB_002345,潮宏基,珠宝首饰,1.3188839
9435,2025-01-24,SH.ZB_603899,晨光股份,家用轻工,1.3167129
9436,2025-01-24,SH.ZB_601899,紫金矿业,有色金属,1.3164744
9437,2025-01-24,SH.KC_301092,争光股份,化学制品,1.316449
9438,2025-01-24,SH.ZB_603538,美诺华,化学制药,1.3160095
9439,2025-01-27,SZ.ZB_000990,诚志股份,化学原料,1.3132141
9440,2025-01-24,SH.KC_688793,倍轻松,家电行业,1.3119712
9441,2025-01-24,SH.ZB_600037,歌华有线,文化传媒,1.3118937
9442,2025-01-27,SH.ZB_601222,林洋能源,仪器仪表,1.3114259
9443,2025-01-24,SH.ZB_600925,苏能股份,煤炭行业,1.3099313
9444,2025-01-27,SH.ZB_600905,三峡能源,电力行业,1.3092532
9445,2025-01-27,SH.ZB_600469,风神股份,橡胶制品,1.3082459
9446,2025-01-24,SH.ZB_603926,铁流股份,汽车零部件,1.308079
9447,2025-01-24,SH.ZB_600057,厦门象屿,物流行业,1.3070538
9448,2025-01-24,SH.ZB_600155,华创云信,证券,1.3070375
9449,2025-01-27,SH.ZB_600389,江山股份,农药兽药,1.3066604
9450,2025-01-24,SH.KC_300203,聚光科技,环保行业,1.3061315
9451,2025-01-24,SZ.ZB_002284,亚太股份,汽车零部件,1.3052537
9452,2025-01-24,SH.ZB_600035,楚天高速,铁路公路,1.304321
9453,2025-01-24,SH.KC_300454,深信服,软件开发,1.3027936
9454,2025-01-24,SZ.ZB_002771,真视通,互联网服务,1.3026729
9455,2025-01-27,SZ.ZB_000950,重药控股,医药商业,1.3023422
9456,2025-01-24,SH.KC_688301,奕瑞科技,医疗器械,1.2996227
9457,2025-01-27,SZ.ZB_000422,湖北宜化,化学原料,1.2977153
9458,2025-01-24,SH.KC_300012,华测检测,专业服务,1.2975514
9459,2025-01-24,SH.ZB_600359,新农开发,农牧饲渔,1.2969241
9460,2025-01-24,SH.KC_301148,嘉戎技术,环保行业,1.2966096
9461,2025-01-24,SZ.ZB_002108,沧州明珠,塑料制品,1.2956545
9462,2025-01-24,SZ.ZB_002882,金龙羽,电网设备,1.2950122
9463,2025-01-27,SH.ZB_600305,恒顺醋业,食品饮料,1.2931631
9464,2025-01-24,SH.ZB_603713,密尔克卫,物流行业,1.2928202
9465,2025-01-27,SH.ZB_600031,三一重工,工程机械,1.2921319
9466,2025-01-27,SH.KC_301195,北路智控,软件开发,1.2908608
9467,2025-01-24,SZ.ZB_002039,黔源电力,电力行业,1.2906373
9468,2025-01-24,SH.ZB_600329,达仁堂,中药,1.2903645
9469,2025-01-24,SH.KC_300079,数码视讯,互联网服务,1.2901872
9470,2025-01-27,SH.ZB_601939,建设银行,银行,1.2901455
9471,2025-01-24,SH.ZB_600997,开滦股份,煤炭行业,1.289238
9472,2025-01-24,SZ.ZB_002901,大博医疗,医疗器械,1.2890086
9473,2025-01-27,SZ.ZB_003007,直真科技,软件开发,1.2879074
9474,2025-01-27,SH.KC_300832,新产业,医疗器械,1.2877733
9475,2025-01-24,SZ.ZB_002807,江阴银行,银行,1.2877375
9476,2025-01-24,SH.ZB_600941,中国移动,通信服务,1.2874796
9477,2025-01-27,SH.KC_688065,凯赛生物,化学制品,1.2871578
9478,2025-01-24,SZ.ZB_002275,桂林三金,中药,1.2871339
9479,2025-01-24,SH.KC_301088,戎美股份,纺织服装,1.2870818
9480,2025-01-27,SH.ZB_601636,旗滨集团,玻璃玻纤,1.2867332
9481,2025-01-24,SH.KC_688685,迈信林,航天航空,1.2847602
9482,2025-01-24,SZ.ZB_000088,盐 田 港,航运港口,1.2840762
9483,2025-01-24,SZ.ZB_002300,太阳电缆,电网设备,1.283653
9484,2025-01-24,SH.ZB_603661,恒林股份,装修建材,1.2828916
9485,2025-01-24,SZ.ZB_002079,苏州固锝,半导体,1.2822717
9486,2025-01-27,SH.KC_688317,之江生物,医疗器械,1.281783
9487,2025-01-24,SH.KC_300644,南京聚隆,塑料制品,1.2782619
9488,2025-01-24,SH.ZB_600158,中体产业,文化传媒,1.2762785
9489,2025-01-24,SH.ZB_600764,中国海防,计算机设备,1.2762115
9490,2025-01-27,SH.KC_300695,兆丰股份,汽车零部件,1.2754753
9491,2025-01-24,SH.ZB_600927,永安期货,多元金融,1.2745708
9492,2025-01-27,SH.ZB_603165,荣晟环保,造纸印刷,1.2725532
9493,2025-01-24,SH.KC_301200,大族数控,专用设备,1.2722999
9494,2025-01-24,SH.ZB_600918,中泰证券,证券,1.2701601
9495,2025-01-27,SH.KC_301262,海看股份,文化传媒,1.2695163
9496,2025-01-27,SZ.ZB_002771,真视通,互联网服务,1.2685552
9497,2025-01-27,SH.ZB_600026,中远海能,航运港口,1.2684852
9498,2025-01-24,SH.ZB_601966,玲珑轮胎,橡胶制品,1.265408
9499,2025-01-24,SH.KC_300373,扬杰科技,半导体,1.2634128
9500,2025-01-24,SH.ZB_603861,白云电器,电网设备,1.2611568
9501,2025-01-24,SZ.ZB_001227,兰州银行,银行,1.2600436
9502,2025-01-24,SH.KC_300868,杰美特,电子元件,1.2579813
9503,2025-01-24,SH.ZB_603300,海南华铁,专用设备,1.2574806
9504,2025-01-27,SZ.ZB_002538,司尔特,化肥行业,1.2567788
9505,2025-01-27,SH.ZB_600502,安徽建工,工程建设,1.256068
9506,2025-01-27,SZ.ZB_002381,双箭股份,橡胶制品,1.2548059
9507,2025-01-27,SH.ZB_600528,中铁工业,交运设备,1.2545958
9508,2025-01-24,SH.ZB_603589,口子窖,酿酒行业,1.2542635
9509,2025-01-24,SH.ZB_600501,航天晨光,专用设备,1.2530341
9510,2025-01-24,SH.KC_688699,明微电子,半导体,1.2529864
9511,2025-01-24,SH.KC_301151,冠龙节能,通用设备,1.2529135
9512,2025-01-24,SH.ZB_600372,中航机载,航天航空,1.252684
9513,2025-01-27,SH.ZB_600098,广州发展,电力行业,1.252599
9514,2025-01-27,SH.ZB_601919,中远海控,航运港口,1.2522652
9515,2025-01-24,SH.KC_300019,硅宝科技,化学制品,1.2518853
9516,2025-01-24,SH.KC_300527,中船应急,专用设备,1.2516155
9517,2025-01-24,SH.ZB_600517,国网英大,多元金融,1.2513413
9518,2025-01-27,SH.ZB_600315,上海家化,美容护理,1.2511373
9519,2025-01-24,SH.KC_300172,中电环保,环保行业,1.2501478
9520,2025-01-27,SZ.ZB_002116,中国海诚,工程咨询服务,1.2486309
9521,2025-01-24,SZ.ZB_002627,三峡旅游,旅游酒店,1.2482613
9522,2025-01-24,SZ.ZB_002891,中宠股份,农牧饲渔,1.2461305
9523,2025-01-27,SH.ZB_601033,永兴股份,环保行业,1.2443632
9524,2025-01-24,SH.ZB_603128,华贸物流,物流行业,1.2443393
9525,2025-01-24,SH.ZB_600582,天地科技,专用设备,1.2402043
9526,2025-01-24,SH.KC_300628,亿联网络,通信设备,1.23737
9527,2025-01-27,SZ.ZB_002545,东方铁塔,化肥行业,1.2366891
9528,2025-01-24,SZ.ZB_002839,张家港行,银行,1.2359977
9529,2025-01-27,SH.ZB_601818,光大银行,银行,1.2351439
9530,2025-01-24,SH.ZB_600877,电科芯片,半导体,1.2342304
9531,2025-01-27,SH.ZB_600229,城市传媒,文化传媒,1.2329533
9532,2025-01-24,SZ.ZB_000700,模塑科技,汽车零部件,1.2328506
9533,2025-01-24,SH.KC_300873,海晨股份,物流行业,1.232636
9534,2025-01-24,SZ.ZB_002662,京威股份,汽车零部件,1.2325406
9535,2025-01-27,SH.ZB_600361,创新新材,有色金属,1.2317955
9536,2025-01-24,SH.ZB_605589,圣泉集团,化学制品,1.2309998
9537,2025-01-24,SH.ZB_603886,元祖股份,食品饮料,1.2284682
9538,2025-01-24,SZ.ZB_002392,北京利尔,装修建材,1.2278721
9539,2025-01-24,SH.ZB_605098,行动教育,教育,1.2268692
9540,2025-01-27,SH.ZB_601997,贵阳银行,银行,1.2262911
9541,2025-01-27,SH.ZB_600348,华阳股份,煤炭行业,1.2255147
9542,2025-01-27,SZ.ZB_002555,三七互娱,游戏,1.2230263
9543,2025-01-27,SH.KC_300413,芒果超媒,文化传媒,1.2225106
9544,2025-01-27,SH.ZB_603357,设计总院,工程咨询服务,1.2220428
9545,2025-01-24,SZ.ZB_002930,宏川智慧,物流行业,1.2218267
9546,2025-01-24,SH.ZB_600742,一汽富维,汽车零部件,1.2215898
9547,2025-01-24,SZ.ZB_001213,中铁特货,物流行业,1.2194469
9548,2025-01-24,SH.ZB_600867,通化东宝,生物制品,1.2147055
9549,2025-01-24,SH.ZB_601231,环旭电子,消费电子,1.2144208
9550,2025-01-27,SZ.ZB_002430,杭氧股份,专用设备,1.2143642
9551,2025-01-24,SH.KC_300251,光线传媒,文化传媒,1.2133703
9552,2025-01-24,SZ.ZB_001338,永顺泰,农牧饲渔,1.2110577
9553,2025-01-27,SZ.ZB_000709,河钢股份,钢铁行业,1.2102292
9554,2025-01-24,SZ.ZB_002884,凌霄泵业,通用设备,1.2078464
9555,2025-01-24,SH.ZB_603131,上海沪工,通用设备,1.2077496
9556,2025-01-24,SH.ZB_600315,上海家化,美容护理,1.2076646
9557,2025-01-27,SH.KC_301109,军信股份,环保行业,1.2069464
9558,2025-01-27,SZ.ZB_000544,中原环保,公用事业,1.2062802
9559,2025-01-23,SH.KC_300069,金利华电,电网设备,1.2060046
9560,2025-01-27,SH.ZB_600036,招商银行,银行,1.2053549
9561,2025-01-24,SH.ZB_600056,中国医药,医药商业,1.2047589
9562,2025-01-24,SH.KC_301109,军信股份,环保行业,1.204668
9563,2025-01-24,SH.ZB_600761,安徽合力,工程机械,1.2034416
9564,2025-01-24,SH.ZB_600929,雪天盐业,化学原料,1.2026443
9565,2025-01-24,SZ.ZB_002034,旺能环境,环保行业,1.2018607
9566,2025-01-24,SH.KC_688276,百克生物,生物制品,1.2009249
9567,2025-01-24,SH.ZB_603611,诺力股份,工程机械,1.2004316
9568,2025-01-24,SH.ZB_603699,纽威股份,通用设备,1.2004032
9569,2025-01-24,SH.ZB_600523,贵航股份,汽车零部件,1.2002871
9570,2025-01-24,SH.ZB_600262,北方股份,专用设备,1.1991813
9571,2025-01-24,SH.ZB_603195,公牛集团,家用轻工,1.1987627
9572,2025-01-24,SH.ZB_603980,吉华集团,化学制品,1.1983216
9573,2025-01-24,SH.ZB_601319,中国人保,保险,1.197496
9574,2025-01-27,SH.ZB_605599,菜百股份,珠宝首饰,1.1910274
9575,2025-01-24,SH.KC_300532,今天国际,互联网服务,1.1901349
9576,2025-01-24,SZ.ZB_002555,三七互娱,游戏,1.189065
9577,2025-01-24,SZ.ZB_002206,海 利 得,化纤行业,1.1880264
9578,2025-01-24,SH.KC_300515,三德科技,仪器仪表,1.1878922
9579,2025-01-24,SH.ZB_600502,安徽建工,工程建设,1.1872544
9580,2025-01-24,SZ.ZB_000783,长江证券,证券,1.1868312
9581,2025-01-24,SH.ZB_600182,S佳通,橡胶制品,1.1867449
9582,2025-01-24,SZ.ZB_000830,鲁西化工,化学原料,1.1863663
9583,2025-01-27,SZ.ZB_002404,嘉欣丝绸,纺织服装,1.185754
9584,2025-01-27,SH.ZB_600428,中远海特,航运港口,1.1847153
9585,2025-01-24,SZ.ZB_001260,坤泰股份,汽车零部件,1.184176
9586,2025-01-24,SZ.ZB_000876,新 希 望,农牧饲渔,1.1834294
9587,2025-01-24,SH.ZB_603328,依顿电子,电子元件,1.183188
9588,2025-01-24,SH.ZB_601038,一拖股份,专用设备,1.1823118
9589,2025-01-24,SH.KC_688200,华峰测控,半导体,1.1821165
9590,2025-01-24,SH.ZB_601318,中国平安,保险,1.1813834
9591,2025-01-27,SH.KC_300498,温氏股份,农牧饲渔,1.1796072
9592,2025-01-27,SH.ZB_601928,凤凰传媒,文化传媒,1.1794641
9593,2025-01-27,SZ.ZB_002318,久立特材,钢铁行业,1.1774331
9594,2025-01-27,SH.ZB_601166,兴业银行,银行,1.176311
9595,2025-01-24,SH.KC_301006,迈拓股份,仪器仪表,1.1715233
9596,2025-01-24,SZ.ZB_002500,山西证券,证券,1.1706486
9597,2025-01-24,SH.ZB_605066,天正电气,电网设备,1.1691167
9598,2025-01-24,SH.ZB_601169,北京银行,银行,1.1676862
9599,2025-01-24,SH.KC_688589,力合微,半导体,1.1670947
9600,2025-01-24,SZ.ZB_000913,钱江摩托,交运设备,1.1661396
9601,2025-01-24,SZ.ZB_000550,江铃汽车,汽车整车,1.1656091
9602,2025-01-24,SH.KC_300832,新产业,医疗器械,1.1626735
9603,2025-01-27,SZ.ZB_002415,海康威视,计算机设备,1.1591554
9604,2025-01-24,SZ.ZB_002399,海普瑞,化学制药,1.1588931
9605,2025-01-24,SZ.ZB_002478,常宝股份,钢铁行业,1.1587157
9606,2025-01-24,SZ.ZB_000531,穗恒运Ａ,电力行业,1.1570126
9607,2025-01-27,SZ.ZB_002299,圣农发展,农牧饲渔,1.1564658
9608,2025-01-24,SZ.ZB_000825,太钢不锈,钢铁行业,1.1561722
9609,2025-01-24,SH.KC_688469,芯联集成-U,半导体,1.1555135
9610,2025-01-24,SZ.ZB_002701,奥瑞金,包装材料,1.1538551
9611,2025-01-24,SZ.ZB_000027,深圳能源,电力行业,1.1526809
9612,2025-01-24,SH.ZB_600143,金发科技,塑料制品,1.1523277
9613,2025-01-24,SZ.ZB_002239,奥特佳,汽车零部件,1.1499748
9614,2025-01-27,SH.ZB_600955,维远股份,化学原料,1.1463672
9615,2025-01-24,SH.ZB_600495,晋西车轴,交运设备,1.1462659
9616,2025-01-27,SZ.ZB_002275,桂林三金,中药,1.1447623
9617,2025-01-24,SZ.ZB_003018,金富科技,塑料制品,1.144278
9618,2025-01-24,SZ.ZB_002296,辉煌科技,通信设备,1.1402979
9619,2025-01-24,SH.KC_688102,斯瑞新材,有色金属,1.1401846
9620,2025-01-24,SZ.ZB_002006,精工科技,专用设备,1.1394799
9621,2025-01-24,SH.KC_688002,睿创微纳,半导体,1.1363834
9622,2025-01-24,SZ.ZB_002083,孚日股份,纺织服装,1.136288
9623,2025-01-27,SH.ZB_600508,上海能源,煤炭行业,1.1328429
9624,2025-01-24,SH.KC_688484,南芯科技,半导体,1.1324495
9625,2025-01-24,SZ.ZB_000551,创元科技,环保行业,1.1322737
9626,2025-01-27,SZ.ZB_000589,贵州轮胎,橡胶制品,1.1315197
9627,2025-01-24,SH.KC_688318,财富趋势,软件开发,1.1308417
9628,2025-01-24,SH.KC_688571,杭华股份,化学制品,1.1296377
9629,2025-01-24,SH.KC_300941,创识科技,互联网服务,1.1294574
9630,2025-01-24,SH.KC_688008,澜起科技,半导体,1.1284292
9631,2025-01-27,SH.ZB_601229,上海银行,银行,1.1276081
9632,2025-01-27,SH.ZB_600965,福成股份,农牧饲渔,1.1260718
9633,2025-01-24,SZ.ZB_002432,九安医疗,医疗器械,1.1258855
9634,2025-01-24,SH.ZB_603788,宁波高发,汽车零部件,1.1231616
9635,2025-01-27,SH.ZB_603899,晨光股份,家用轻工,1.1225774
9636,2025-01-24,SH.ZB_603155,新亚强,化学制品,1.1223986
9637,2025-01-24,SZ.ZB_000672,上峰水泥,水泥建材,1.1221125
9638,2025-01-27,SH.ZB_600755,厦门国贸,贸易行业,1.1221037
9639,2025-01-27,SH.ZB_603566,普莱柯,农药兽药,1.118508
9640,2025-01-24,SH.KC_301235,华康医疗,医疗服务,1.1169732
9641,2025-01-24,SH.KC_688049,炬芯科技,半导体,1.1167258
9642,2025-01-24,SH.KC_688255,凯尔达,专用设备,1.1165454
9643,2025-01-24,SH.ZB_603989,艾华集团,电子元件,1.1150867
9644,2025-01-24,SH.KC_300589,江龙船艇,船舶制造,1.1132345
9645,2025-01-24,SZ.ZB_002030,达安基因,医疗器械,1.1123762
9646,2025-01-27,SH.ZB_605008,长鸿高科,塑料制品,1.111424
9647,2025-01-24,SZ.ZB_002252,上海莱士,生物制品,1.1111543
9648,2025-01-24,SZ.ZB_001202,炬申股份,物流行业,1.1103585
9649,2025-01-24,SH.ZB_605118,力鼎光电,光学光电子,1.1093587
9650,2025-01-24,SZ.ZB_000030,富奥股份,汽车零部件,1.1084929
9651,2025-01-27,SH.KC_688057,金达莱,环保行业,1.1075542
9652,2025-01-24,SH.ZB_600033,福建高速,铁路公路,1.1074617
9653,2025-01-27,SH.ZB_603661,恒林股份,装修建材,1.1064157
9654,2025-01-27,SH.ZB_601666,平煤股份,煤炭行业,1.1051446
9655,2025-01-24,SH.ZB_603730,岱美股份,汽车零部件,1.1051431
9656,2025-01-24,SZ.ZB_002100,天康生物,农牧饲渔,1.1041224
9657,2025-01-24,SZ.ZB_000156,华数传媒,文化传媒,1.1040733
9658,2025-01-24,SH.KC_300814,中富电路,电子元件,1.1039764
9659,2025-01-24,SH.KC_300463,迈克生物,医疗器械,1.1016428
9660,2025-01-27,SH.ZB_600273,嘉化能源,化学制品,1.0957778
9661,2025-01-27,SH.KC_300172,中电环保,环保行业,1.0949969
9662,2025-01-24,SZ.ZB_002796,世嘉科技,专用设备,1.0947838
9663,2025-01-24,SH.ZB_600475,华光环能,电源设备,1.0944188
9664,2025-01-24,SH.ZB_603595,东尼电子,消费电子,1.0884404
9665,2025-01-27,SH.KC_688566,吉贝尔,化学制药,1.0870681
9666,2025-01-27,SH.KC_300454,深信服,软件开发,1.0831654
9667,2025-01-27,SH.ZB_603228,景旺电子,电子元件,1.0829077
9668,2025-01-24,SH.ZB_603871,嘉友国际,物流行业,1.0819316
9669,2025-01-27,SH.ZB_600056,中国医药,医药商业,1.0793775
9670,2025-01-24,SZ.ZB_002327,富安娜,纺织服装,1.0791034
9671,2025-01-24,SH.ZB_601566,九牧王,纺织服装,1.0788441
9672,2025-01-27,SZ.ZB_000959,首钢股份,钢铁行业,1.0785713
9673,2025-01-24,SH.ZB_600409,三友化工,化学原料,1.0781914
9674,2025-01-24,SH.ZB_601568,北元集团,化学原料,1.076807
9675,2025-01-27,SH.ZB_600188,兖矿能源,煤炭行业,1.0765731
9676,2025-01-27,SH.KC_300476,胜宏科技,电子元件,1.0763615
9677,2025-01-24,SZ.ZB_002535,林州重机,专用设备,1.0752231
9678,2025-01-24,SH.KC_300863,卡倍亿,汽车零部件,1.0750592
9679,2025-01-24,SH.ZB_603169,兰石重装,专用设备,1.0738864
9680,2025-01-24,SZ.ZB_002935,天奥电子,通信设备,1.0734513
9681,2025-01-24,SZ.ZB_000726,鲁  泰Ａ,纺织服装,1.0734051
9682,2025-01-24,SH.ZB_600271,航天信息,互联网服务,1.0719866
9683,2025-01-27,SZ.ZB_002142,宁波银行,银行,1.0713726
9684,2025-01-27,SZ.ZB_000791,甘肃能源,电力行业,1.0702431
9685,2025-01-24,SZ.ZB_002048,宁波华翔,汽车零部件,1.0633558
9686,2025-01-27,SH.ZB_603948,建业股份,化学制品,1.0631099
9687,2025-01-24,SH.KC_301196,唯科科技,塑料制品,1.0610952
9688,2025-01-24,SH.ZB_600499,科达制造,专用设备,1.0574772
9689,2025-01-24,SH.ZB_603035,常熟汽饰,汽车零部件,1.057443
9690,2025-01-24,SZ.ZB_002373,千方科技,互联网服务,1.0566487
9691,2025-01-24,SZ.ZB_002454,松芝股份,汽车零部件,1.055567
9692,2025-01-24,SZ.ZB_001277,速达股份,专用设备,1.0534062
9693,2025-01-24,SH.ZB_601006,大秦铁路,物流行业,1.0522455
9694,2025-01-24,SH.ZB_600897,厦门空港,航空机场,1.0512948
9695,2025-01-24,SZ.ZB_002007,华兰生物,生物制品,1.0504827
9696,2025-01-24,SH.KC_301080,百普赛斯,医疗服务,1.049675
9697,2025-01-24,SH.ZB_601811,新华文轩,文化传媒,1.049459
9698,2025-01-24,SH.ZB_603239,浙江仙通,汽车零部件,1.0473341
9699,2025-01-24,SH.KC_300897,山科智能,仪器仪表,1.0460585
9700,2025-01-24,SZ.ZB_000404,长虹华意,家电行业,1.0459199
9701,2025-01-27,SH.ZB_600929,雪天盐业,化学原料,1.0458976
9702,2025-01-24,SH.ZB_603067,振华股份,化学原料,1.0435865
9703,2025-01-27,SH.ZB_600531,豫光金铅,有色金属,1.0428116
9704,2025-01-24,SH.KC_300848,美瑞新材,化学制品,1.0416657
9705,2025-01-24,SH.ZB_605286,同力日升,专用设备,1.0407567
9706,2025-01-24,SH.ZB_600273,嘉化能源,化学制品,1.0395646
9707,2025-01-27,SZ.ZB_002268,电科网安,软件开发,1.0382146
9708,2025-01-27,SH.ZB_603128,华贸物流,物流行业,1.0377243
9709,2025-01-24,SH.KC_301260,格力博,专用设备,1.0370702
9710,2025-01-27,SH.KC_688029,南微医学,医疗器械,1.0368242
9711,2025-01-24,SH.ZB_600323,瀚蓝环境,环保行业,1.0363235
9712,2025-01-24,SH.ZB_600513,联环药业,化学制药,1.032938
9713,2025-01-27,SH.ZB_603150,万朗磁塑,塑料制品,1.0325611
9714,2025-01-24,SH.ZB_605008,长鸿高科,塑料制品,1.0320172
9715,2025-01-24,SH.ZB_600452,涪陵电力,电力行业,1.031606
9716,2025-01-27,SH.KC_301291,明阳电气,电网设备,1.0305375
9717,2025-01-27,SZ.ZB_002734,利民股份,农药兽药,1.0295346
9718,2025-01-24,SZ.ZB_002226,江南化工,化学制品,1.0276645
9719,2025-01-27,SZ.ZB_002372,伟星新材,装修建材,1.0272846
9720,2025-01-27,SH.ZB_603035,常熟汽饰,汽车零部件,1.024966
9721,2025-01-27,SH.KC_688485,九州一轨,环保行业,1.0248929
9722,2025-01-24,SZ.ZB_002065,东华软件,软件开发,1.0247469
9723,2025-01-24,SH.ZB_601061,中信金属,贸易行业,1.0244042
9724,2025-01-27,SH.ZB_600897,厦门空港,航空机场,1.0235459
9725,2025-01-24,SZ.ZB_002916,深南电路,电子元件,1.02171
9726,2025-01-27,SZ.ZB_002206,海 利 得,化纤行业,1.0216087
9727,2025-01-24,SH.KC_688508,芯朋微,半导体,1.0188758
9728,2025-01-24,SH.KC_688570,天玛智控,软件开发,1.0183811
9729,2025-01-24,SH.ZB_600312,平高电气,电网设备,1.0176837
9730,2025-01-24,SH.ZB_601519,大智慧,软件开发,1.0175288
9731,2025-01-24,SZ.ZB_002042,华孚时尚,纺织服装,1.0160491
9732,2025-01-24,SH.ZB_603338,浙江鼎力,工程机械,1.0155663
9733,2025-01-24,SZ.ZB_002567,唐人神,农牧饲渔,1.0152712
9734,2025-01-27,SZ.ZB_002727,一心堂,医药商业,1.0152161
9735,2025-01-24,SH.ZB_601033,永兴股份,环保行业,1.0134175
9736,2025-01-24,SH.KC_688087,英科再生,塑料制品,1.0127201
9737,2025-01-27,SZ.ZB_002014,永新股份,包装材料,1.0126545
9738,2025-01-24,SH.KC_300741,华宝股份,食品饮料,1.0109007
9739,2025-01-24,SZ.ZB_001389,广合科技,电子元件,1.010643
9740,2025-01-27,SZ.ZB_001286,陕西能源,电力行业,1.0105014
9741,2025-01-24,SH.KC_301059,金三江,化学原料,1.0090933
9742,2025-01-24,SH.ZB_601098,中南传媒,文化传媒,1.0059774
9743,2025-01-24,SZ.ZB_003035,南网能源,专业服务,1.0003254
9744,2025-01-24,SH.ZB_600507,方大特钢,钢铁行业,0.9995356
9745,2025-01-24,SH.ZB_601628,中国人寿,保险,0.9987369
9746,2025-01-24,SH.ZB_603150,万朗磁塑,塑料制品,0.99770576
9747,2025-01-24,SH.ZB_603000,人民网,文化传媒,0.9958446
9748,2025-01-24,SH.ZB_600965,福成股份,农牧饲渔,0.993222
9749,2025-01-24,SH.ZB_600284,浦东建设,工程建设,0.99315345
9750,2025-01-24,SH.ZB_603296,华勤技术,消费电子,0.99155307
9751,2025-01-24,SH.KC_688531,日联科技,专用设备,0.9911686
9752,2025-01-24,SZ.ZB_002185,华天科技,半导体,0.98921806
9753,2025-01-24,SH.ZB_600585,海螺水泥,水泥建材,0.98822266
9754,2025-01-24,SZ.ZB_002539,云图控股,化肥行业,0.9823203
9755,2025-01-24,SH.KC_300453,三鑫医疗,医疗器械,0.9813577
9756,2025-01-24,SH.KC_300604,长川科技,半导体,0.98128915
9757,2025-01-27,SH.ZB_600295,鄂尔多斯,钢铁行业,0.9804934
9758,2025-01-24,SH.KC_688059,华锐精密,通用设备,0.9795591
9759,2025-01-24,SH.ZB_600529,山东药玻,医疗器械,0.9766489
9760,2025-01-24,SH.ZB_601900,南方传媒,文化传媒,0.97411275
9761,2025-01-27,SZ.ZB_003005,竞业达,互联网服务,0.97364336
9762,2025-01-24,SH.KC_300316,晶盛机电,光伏设备,0.97279996
9763,2025-01-24,SH.KC_300907,康平科技,电机,0.972715
9764,2025-01-27,SH.KC_688314,康拓医疗,医疗器械,0.97228885
9765,2025-01-24,SH.ZB_601168,西部矿业,有色金属,0.97164214
9766,2025-01-24,SZ.ZB_002091,江苏国泰,贸易行业,0.9671539
9767,2025-01-24,SH.ZB_600718,东软集团,互联网服务,0.9665862
9768,2025-01-24,SZ.ZB_002430,杭氧股份,专用设备,0.96556395
9769,2025-01-24,SZ.ZB_002273,水晶光电,光学光电子,0.9641871
9770,2025-01-24,SH.KC_300770,新媒股份,文化传媒,0.96411705
9771,2025-01-27,SH.ZB_600596,新安股份,农药兽药,0.9611055
9772,2025-01-27,SH.ZB_600054,黄山旅游,旅游酒店,0.9607822
9773,2025-01-24,SH.ZB_601598,中国外运,物流行业,0.9581581
9774,2025-01-24,SZ.ZB_002986,宇新股份,化学制品,0.9531319
9775,2025-01-24,SZ.ZB_002633,申科股份,通用设备,0.9516567
9776,2025-01-27,SH.ZB_600116,三峡水利,电力行业,0.95130503
9777,2025-01-24,SH.KC_301550,斯菱股份,汽车零部件,0.94949305
9778,2025-01-24,SH.ZB_600755,厦门国贸,贸易行业,0.9490609
9779,2025-01-24,SZ.ZB_002463,沪电股份,电子元件,0.9437233
9780,2025-01-27,SH.ZB_603195,公牛集团,家用轻工,0.93652457
9781,2025-01-24,SZ.ZB_001333,光华股份,化学制品,0.93247145
9782,2025-01-24,SH.ZB_601601,中国太保,保险,0.9320274
9783,2025-01-24,SZ.ZB_002158,汉钟精机,通用设备,0.93117803
9784,2025-01-24,SZ.ZB_000513,丽珠集团,化学制药,0.92819035
9785,2025-01-27,SZ.ZB_002083,孚日股份,纺织服装,0.9278834
9786,2025-01-24,SZ.ZB_002404,嘉欣丝绸,纺织服装,0.92686117
9787,2025-01-27,SH.ZB_600409,三友化工,化学原料,0.92647225
9788,2025-01-24,SZ.ZB_000636,风华高科,电子元件,0.92526525
9789,2025-01-24,SZ.ZB_002458,益生股份,农牧饲渔,0.92445016
9790,2025-01-24,SZ.ZB_002299,圣农发展,农牧饲渔,0.9191513
9791,2025-01-24,SH.KC_688269,凯立新材,化学制品,0.91768354
9792,2025-01-24,SH.KC_300803,指南针,软件开发,0.91731846
9793,2025-01-27,SH.ZB_600158,中体产业,文化传媒,0.91724545
9794,2025-01-27,SZ.ZB_003008,开普检测,专业服务,0.91560185
9795,2025-01-24,SH.KC_301387,光大同创,消费电子,0.915055
9796,2025-01-24,SZ.ZB_002448,中原内配,汽车零部件,0.9143248
9797,2025-01-27,SZ.ZB_002030,达安基因,医疗器械,0.9113401
9798,2025-01-24,SZ.ZB_000906,浙商中拓,物流行业,0.9112343
9799,2025-01-27,SH.ZB_601065,江盐集团,化学原料,0.910826
9800,2025-01-24,SH.KC_301056,森赫股份,专用设备,0.90985596
9801,2025-01-27,SZ.ZB_000513,丽珠集团,化学制药,0.90700686
9802,2025-01-24,SZ.ZB_002381,双箭股份,橡胶制品,0.90551525
9803,2025-01-24,SZ.ZB_002522,浙江众成,塑料制品,0.9046301
9804,2025-01-27,SH.ZB_603444,吉比特,游戏,0.8978322
9805,2025-01-24,SZ.ZB_000050,深天马Ａ,光学光电子,0.8918926
9806,2025-01-24,SZ.ZB_000950,重药控股,医药商业,0.8907214
9807,2025-01-27,SH.ZB_601019,山东出版,文化传媒,0.8877903
9808,2025-01-27,SZ.ZB_000902,新洋丰,化肥行业,0.8807972
9809,2025-01-24,SH.ZB_601163,三角轮胎,橡胶制品,0.88003874
9810,2025-01-27,SH.ZB_600585,海螺水泥,水泥建材,0.87691694
9811,2025-01-24,SH.ZB_600004,白云机场,航空机场,0.87638795
9812,2025-01-27,SZ.ZB_000156,华数传媒,文化传媒,0.8745238
9813,2025-01-27,SH.ZB_603568,伟明环保,环保行业,0.8728534
9814,2025-01-27,SZ.ZB_002517,恺英网络,游戏,0.87171197
9815,2025-01-24,SZ.ZB_002254,泰和新材,化纤行业,0.86968094
9816,2025-01-24,SH.KC_301179,泽宇智能,软件开发,0.8677885
9817,2025-01-24,SH.ZB_603275,众辰科技,仪器仪表,0.86696297
9818,2025-01-24,SZ.ZB_002406,远东传动,汽车零部件,0.86586624
9819,2025-01-27,SH.ZB_600362,江西铜业,有色金属,0.8635968
9820,2025-01-27,SH.KC_300789,唐源电气,软件开发,0.862208
9821,2025-01-27,SH.ZB_600271,航天信息,互联网服务,0.8621231
9822,2025-01-24,SH.ZB_603261,立航科技,航天航空,0.8591607
9823,2025-01-27,SZ.ZB_002539,云图控股,化肥行业,0.8523911
9824,2025-01-24,SH.ZB_600955,维远股份,化学原料,0.84796995
9825,2025-01-24,SZ.ZB_000733,振华科技,电子元件,0.84781796
9826,2025-01-27,SH.ZB_601949,中国出版,文化传媒,0.8468002
9827,2025-01-27,SZ.ZB_002039,黔源电力,电力行业,0.8462623
9828,2025-01-24,SZ.ZB_000930,中粮科技,农牧饲渔,0.8439958
9829,2025-01-24,SH.ZB_603811,诚意药业,化学制药,0.8439645
9830,2025-01-24,SH.KC_301559,中集环科,通用设备,0.8410096
9831,2025-01-27,SZ.ZB_000830,鲁西化工,化学原料,0.8375555
9832,2025-01-24,SZ.ZB_000166,申万宏源,证券,0.82637966
9833,2025-01-27,SH.ZB_603967,中创物流,物流行业,0.8252531
9834,2025-01-27,SH.ZB_601169,北京银行,银行,0.823766
9835,2025-01-24,SH.ZB_600135,乐凯胶片,塑料制品,0.8235663
9836,2025-01-27,SH.ZB_603888,新华网,文化传媒,0.8232966
9837,2025-01-27,SH.ZB_601568,北元集团,化学原料,0.82032084
9838,2025-01-24,SZ.ZB_002110,三钢闽光,钢铁行业,0.8167103
9839,2025-01-24,SH.KC_688188,柏楚电子,软件开发,0.8163959
9840,2025-01-24,SZ.ZB_000902,新洋丰,化肥行业,0.8123502
9841,2025-01-24,SH.ZB_601133,柏诚股份,工程建设,0.81226975
9842,2025-01-27,SH.ZB_601566,九牧王,纺织服装,0.81061274
9843,2025-01-27,SZ.ZB_002463,沪电股份,电子元件,0.80278516
9844,2025-01-24,SZ.ZB_001332,锡装股份,专用设备,0.80126226
9845,2025-01-24,SH.ZB_601677,明泰铝业,有色金属,0.80109686
9846,2025-01-27,SH.ZB_600977,中国电影,文化传媒,0.80043525
9847,2025-01-24,SH.ZB_603187,海容冷链,通用设备,0.7979259
9848,2025-01-27,SZ.ZB_000825,太钢不锈,钢铁行业,0.7959381
9849,2025-01-24,SZ.ZB_002732,燕塘乳业,食品饮料,0.79310536
9850,2025-01-27,SH.ZB_603000,人民网,文化传媒,0.79098195
9851,2025-01-24,SH.KC_300425,中建环能,环保行业,0.7896364
9852,2025-01-27,SZ.ZB_002443,金洲管道,钢铁行业,0.7883057
9853,2025-01-24,SZ.ZB_002318,久立特材,钢铁行业,0.7881701
9854,2025-01-24,SH.ZB_603890,春秋电子,消费电子,0.7869065
9855,2025-01-27,SH.KC_300502,新易盛,通信设备,0.7855743
9856,2025-01-27,SH.ZB_601598,中国外运,物流行业,0.7847518
9857,2025-01-24,SH.KC_301192,泰祥股份,汽车零部件,0.782308
9858,2025-01-27,SH.KC_300804,广康生化,农药兽药,0.77780783
9859,2025-01-24,SH.KC_300926,博俊科技,汽车零部件,0.77515244
9860,2025-01-24,SZ.ZB_000060,中金岭南,有色金属,0.77218115
9861,2025-01-24,SH.ZB_600373,中文传媒,文化传媒,0.7721141
9862,2025-01-27,SH.ZB_601686,友发集团,钢铁行业,0.7706389
9863,2025-01-24,SH.ZB_600888,新疆众和,有色金属,0.7682264
9864,2025-01-27,SH.ZB_600177,雅戈尔,纺织服装,0.7668078
9865,2025-01-27,SH.ZB_600888,新疆众和,有色金属,0.76523274
9866,2025-01-27,SH.ZB_603687,大胜达,包装材料,0.76453537
9867,2025-01-24,SZ.ZB_002919,名臣健康,游戏,0.76200813
9868,2025-01-27,SH.ZB_600037,歌华有线,文化传媒,0.76039135
9869,2025-01-24,SZ.ZB_002111,威海广泰,专用设备,0.75890124
9870,2025-01-24,SZ.ZB_002739,万达电影,文化传媒,0.75838417
9871,2025-01-27,SH.ZB_600373,中文传媒,文化传媒,0.7549882
9872,2025-01-24,SH.ZB_603056,德邦股份,物流行业,0.75457394
9873,2025-01-24,SZ.ZB_000039,中集集团,通用设备,0.747402
9874,2025-01-24,SH.ZB_603391,力聚热能,通用设备,0.74518025
9875,2025-01-24,SZ.ZB_002876,三利谱,光学光电子,0.74513704
9876,2025-01-24,SZ.ZB_002722,物产金轮,纺织服装,0.7433921
9877,2025-01-24,SH.ZB_600528,中铁工业,交运设备,0.73913187
9878,2025-01-24,SZ.ZB_002690,美亚光电,专用设备,0.7299736
9879,2025-01-24,SH.ZB_601901,方正证券,证券,0.72799474
9880,2025-01-24,SH.KC_300697,电工合金,有色金属,0.72639585
9881,2025-01-24,SZ.ZB_000791,甘肃能源,电力行业,0.72529465
9882,2025-01-24,SZ.ZB_000728,国元证券,证券,0.7233724
9883,2025-01-27,SH.ZB_601577,长沙银行,银行,0.72079
9884,2025-01-24,SH.KC_300847,中船汉光,消费电子,0.71202517
9885,2025-01-24,SZ.ZB_002331,皖通科技,互联网服务,0.7097736
9886,2025-01-27,SH.ZB_601003,柳钢股份,钢铁行业,0.6959006
9887,2025-01-24,SZ.ZB_000823,超声电子,电子元件,0.6937295
9888,2025-01-24,SH.ZB_600395,盘江股份,煤炭行业,0.6915286
9889,2025-01-24,SH.ZB_603948,建业股份,化学制品,0.6908521
9890,2025-01-27,SH.KC_300770,新媒股份,文化传媒,0.6890431
9891,2025-01-24,SH.ZB_600637,东方明珠,文化传媒,0.68311244
9892,2025-01-27,SZ.ZB_002100,天康生物,农牧饲渔,0.6809473
9893,2025-01-24,SZ.ZB_002932,明德生物,医疗器械,0.67193806
9894,2025-01-24,SH.KC_300295,三六五网,互联网服务,0.66539943
9895,2025-01-24,SH.ZB_601222,林洋能源,仪器仪表,0.65715015
9896,2025-01-27,SH.ZB_600681,百川能源,燃气,0.6492749
9897,2025-01-24,SH.ZB_605005,合兴股份,汽车零部件,0.64670146
9898,2025-01-24,SH.ZB_600977,中国电影,文化传媒,0.6456524
9899,2025-01-27,SH.ZB_601921,浙版传媒,文化传媒,0.6420508
9900,2025-01-24,SH.KC_300476,胜宏科技,电子元件,0.629285
9901,2025-01-24,SH.ZB_605116,奥锐特,化学制药,0.6259799
9902,2025-01-27,SH.ZB_600637,东方明珠,文化传媒,0.6232932
9903,2025-01-27,SH.ZB_601811,新华文轩,文化传媒,0.61481297
9904,2025-01-24,SH.KC_300731,科创新源,橡胶制品,0.6029472
9905,2025-01-27,SH.ZB_600395,盘江股份,煤炭行业,0.60052574
9906,2025-01-24,SZ.ZB_000581,威孚高科,汽车零部件,0.595513
9907,2025-01-27,SZ.ZB_002462,嘉事堂,医药商业,0.593625
9908,2025-01-24,SH.ZB_603444,吉比特,游戏,0.5816236
9909,2025-01-27,SZ.ZB_002478,常宝股份,钢铁行业,0.5801216
9910,2025-01-24,SH.KC_300818,耐普矿机,专用设备,0.5666226
9911,2025-01-24,SH.ZB_603236,移远通信,通信设备,0.5636513
9912,2025-01-24,SH.ZB_601921,浙版传媒,文化传媒,0.5535528
9913,2025-01-24,SH.ZB_600579,中化装备,专用设备,0.55141747
9914,2025-01-24,SZ.ZB_002014,永新股份,包装材料,0.55001974
9915,2025-01-24,SZ.ZB_002517,恺英网络,游戏,0.5428359
9916,2025-01-27,SH.ZB_600926,杭州银行,银行,0.5415693
9917,2025-01-24,SH.KC_300789,唐源电气,软件开发,0.5208641
9918,2025-01-27,SH.ZB_601098,中南传媒,文化传媒,0.51823854
9919,2025-01-24,SH.KC_688278,特宝生物,生物制品,0.49829334
9920,2025-01-24,SH.KC_300455,航天智装,计算机设备,0.49654096
9921,2025-01-24,SZ.ZB_002967,广电计量,专业服务,0.4958436
9922,2025-01-24,SH.ZB_603228,景旺电子,电子元件,0.48824698
9923,2025-01-24,SH.KC_300394,天孚通信,通信设备,0.48461258
9924,2025-01-24,SH.KC_301291,明阳电气,电网设备,0.46886057
9925,2025-01-24,SH.ZB_603306,华懋科技,汽车零部件,0.45142025
9926,2025-01-27,SZ.ZB_002932,明德生物,医疗器械,0.43866783
9927,2025-01-27,SZ.ZB_002110,三钢闽光,钢铁行业,0.4381776
9928,2025-01-24,SH.ZB_600699,均胜电子,汽车零部件,0.4378155
9929,2025-01-24,SH.ZB_601019,山东出版,文化传媒,0.3890559
9930,2025-01-27,SZ.ZB_000789,万年青,水泥建材,0.38891286
9931,2025-01-24,SH.ZB_603928,兴业股份,塑料制品,0.37547052
9932,2025-01-24,SH.KC_688100,威胜信息,通信设备,0.36954433
9933,2025-01-24,SH.ZB_603568,伟明环保,环保行业,0.3684938
9934,2025-01-24,SH.KC_301042,安联锐视,计算机设备,0.36740154
9935,2025-01-24,SH.ZB_603325,博隆技术,通用设备,0.36683232
9936,2025-01-24,SH.KC_688018,乐鑫科技,半导体,0.36002696
9937,2025-01-24,SH.KC_300870,欧陆通,电源设备,0.33248812
9938,2025-01-24,SH.KC_300308,中际旭创,通信设备,0.32711327
9939,2025-01-24,SZ.ZB_002745,木林森,光学光电子,0.3035128
9940,2025-01-27,SH.ZB_601163,三角轮胎,橡胶制品,0.29021204
9941,2025-01-24,SZ.ZB_002580,圣阳股份,电池,0.25765598
9942,2025-01-27,SH.ZB_605277,新亚电子,消费电子,0.2421856
9943,2025-01-24,SZ.ZB_000488,晨鸣纸业,造纸印刷,0.21360517
9944,2025-01-27,SZ.ZB_001333,光华股份,化学制品,0.12955666
9945,2025-01-24,SZ.ZB_002322,理工能科,软件开发,-0.04223138
9946,2025-01-27,SZ.ZB_002322,理工能科,软件开发,-0.06920695
9947,2025-01-24,SH.ZB_600936,广西广电,文化传媒,-0.11702478
9948,2025-01-27,SH.ZB_600507,方大特钢,钢铁行业,-0.34120977
9949,2025-01-24,SZ.ZB_002767,先锋电子,仪器仪表,-0.43942928
9950,2025-01-24,SH.KC_300502,新易盛,通信设备,-1.0511205
9951,2025-01-24,SZ.ZB_003030,祖名股份,食品饮料,-2.4481103
9952,2025-01-24,SZ.ZB_002730,电光科技,专用设备,-3.293617
9953,2025-01-24,SZ.ZB_002691,冀凯股份,专用设备,-5.418662
