,Datetime,code,name,bankuai,expext
0,2025-01-24,SZ.ZB_002496,辉丰股份,农药兽药,1.5749354
1,2025-01-24,SZ.ZB_001270,铖昌科技,半导体,0.22253506
2,2025-01-24,SZ.ZB_002848,高斯贝尔,家电行业,0.21883175
3,2025-01-27,SH.ZB_600753,庚星股份,贸易行业,0.07346384
4,2025-01-24,SH.ZB_603261,立航科技,航天航空,0.041284785
5,2025-01-24,SZ.ZB_002253,川大智胜,软件开发,-0.013051927
6,2025-01-24,SH.ZB_600130,波导股份,消费电子,-0.32687634
7,2025-01-27,SH.ZB_600130,波导股份,消费电子,-0.34115016
8,2025-01-24,SH.KC_300902,国安达,专用设备,-0.5298339
9,2025-01-24,SH.KC_300159,新研股份,航天航空,-0.5537145
10,2025-01-24,SZ.ZB_002058,威尔泰,电网设备,-0.5575592
11,2025-01-27,SZ.ZB_000595,宝塔实业,通用设备,-0.60106444
12,2025-01-24,SZ.ZB_002789,建艺集团,装修装饰,-0.6476076
13,2025-01-24,SH.ZB_600892,大晟文化,游戏,-0.6495373
14,2025-01-27,SH.ZB_603789,星光农机,专用设备,-0.69353896
15,2025-01-27,SZ.ZB_000820,神雾节能,环保行业,-0.70301425
16,2025-01-27,SZ.ZB_002848,高斯贝尔,家电行业,-0.7062854
17,2025-01-24,SH.KC_301030,仕净科技,专用设备,-0.7209159
18,2025-01-27,SZ.ZB_002306,中科云网,旅游酒店,-0.85309035
19,2025-01-24,SZ.ZB_000004,国华网安,软件开发,-0.87263846
20,2025-01-27,SZ.ZB_000639,西王食品,食品饮料,-0.8726511
21,2025-01-24,SZ.ZB_002199,东晶电子,电子元件,-0.87779164
22,2025-01-27,SZ.ZB_002496,辉丰股份,农药兽药,-0.8789636
23,2025-01-24,SH.ZB_603789,星光农机,专用设备,-0.88624805
24,2025-01-27,SH.ZB_600696,岩石股份,酿酒行业,-0.9279329
25,2025-01-27,SZ.ZB_002789,建艺集团,装修装饰,-0.9431087
26,2025-01-27,SH.KC_301288,清研环境,环保行业,-0.97926784
27,2025-01-24,SZ.ZB_000691,亚太实业,化学制品,-1.0377593
28,2025-01-27,SH.ZB_603813,原尚股份,物流行业,-1.052879
29,2025-01-24,SH.ZB_600421,华嵘控股,通用设备,-1.0960739
30,2025-01-27,SZ.ZB_002199,东晶电子,电子元件,-1.103285
31,2025-01-27,SH.ZB_600238,海南椰岛,酿酒行业,-1.1051472
32,2025-01-27,SH.KC_300159,新研股份,航天航空,-1.1373076
33,2025-01-27,SH.KC_300902,国安达,专用设备,-1.1476715
34,2025-01-27,SH.ZB_600243,青海华鼎,通用设备,-1.2332761
35,2025-01-24,SH.KC_688253,英诺特,生物制品,-1.2677276
36,2025-01-27,SH.ZB_600193,创兴资源,装修装饰,-1.3115778
37,2025-01-24,SZ.ZB_002762,金发拉比,纺织服装,-1.3250936
38,2025-01-27,SH.ZB_600246,万通发展,房地产开发,-1.3526946
39,2025-01-27,SZ.ZB_002305,南国置业,房地产开发,-1.3691244
40,2025-01-24,SH.ZB_600753,庚星股份,贸易行业,-1.3743755
41,2025-01-27,SZ.ZB_000004,国华网安,软件开发,-1.3899416
42,2025-01-27,SH.KC_300110,华仁药业,化学制药,-1.3917103
43,2025-01-27,SZ.ZB_001270,铖昌科技,半导体,-1.401142
44,2025-01-24,SZ.ZB_002693,双成药业,生物制品,-1.4085919
45,2025-01-24,SZ.ZB_002306,中科云网,旅游酒店,-1.411975
46,2025-01-27,SZ.ZB_002058,威尔泰,电网设备,-1.4218316
47,2025-01-24,SH.ZB_600129,太极集团,中药,-1.430371
48,2025-01-24,SZ.ZB_000488,晨鸣纸业,造纸印刷,-1.457832
49,2025-01-24,SH.ZB_600228,返利科技,互联网服务,-1.4666597
50,2025-01-27,SZ.ZB_002253,川大智胜,软件开发,-1.4918424
51,2025-01-27,SZ.ZB_003032,传智教育,教育,-1.5178945
52,2025-01-27,SH.ZB_605081,太和水,环保行业,-1.5260293
53,2025-01-27,SH.ZB_600315,上海家化,美容护理,-1.5302732
54,2025-01-24,SH.KC_688053,思科瑞,电子元件,-1.5410907
55,2025-01-27,SZ.ZB_000903,云内动力,汽车零部件,-1.5428563
56,2025-01-24,SZ.ZB_002373,千方科技,互联网服务,-1.5510463
57,2025-01-27,SH.KC_301502,华阳智能,电机,-1.5682346
58,2025-01-24,SH.ZB_600355,精伦电子,通信设备,-1.5955487
59,2025-01-24,SZ.ZB_000822,山东海化,化学原料,-1.5981728
60,2025-01-24,SH.KC_300437,清水源,化学制品,-1.6010972
61,2025-01-24,SH.ZB_600238,海南椰岛,酿酒行业,-1.6073039
62,2025-01-24,SH.KC_688276,百克生物,生物制品,-1.608136
63,2025-01-27,SH.ZB_600811,东方集团,农牧饲渔,-1.6120539
64,2025-01-27,SH.ZB_603177,德创环保,环保行业,-1.6212258
65,2025-01-27,SZ.ZB_002519,银河电子,通信设备,-1.6222358
66,2025-01-27,SH.KC_688053,思科瑞,电子元件,-1.624532
67,2025-01-27,SZ.ZB_000736,中交地产,房地产开发,-1.6365621
68,2025-01-27,SH.ZB_600355,精伦电子,通信设备,-1.6569446
69,2025-01-24,SH.ZB_603389,亚振家居,装修建材,-1.6592075
70,2025-01-24,SH.ZB_603398,沐邦高科,光伏设备,-1.6607043
71,2025-01-24,SZ.ZB_000903,云内动力,汽车零部件,-1.7093744
72,2025-01-27,SH.ZB_600421,华嵘控股,通用设备,-1.7126368
73,2025-01-27,SH.KC_300391,长药控股,中药,-1.7195195
74,2025-01-24,SH.ZB_603177,德创环保,环保行业,-1.7247915
75,2025-01-24,SH.ZB_600725,云维股份,煤炭行业,-1.7263803
76,2025-01-24,SH.KC_300463,迈克生物,医疗器械,-1.7304398
77,2025-01-27,SZ.ZB_002693,双成药业,生物制品,-1.7388921
78,2025-01-24,SZ.ZB_000906,浙商中拓,物流行业,-1.7498221
79,2025-01-27,SH.ZB_600655,豫园股份,珠宝首饰,-1.7523494
80,2025-01-24,SH.ZB_603868,飞科电器,家电行业,-1.7566552
81,2025-01-27,SH.KC_301030,仕净科技,专用设备,-1.7615209
82,2025-01-24,SH.ZB_603838,四通股份,装修建材,-1.7769098
83,2025-01-24,SH.KC_688408,中信博,光伏设备,-1.7774386
84,2025-01-24,SH.ZB_600800,渤海化学,化学制品,-1.7781228
85,2025-01-24,SH.ZB_600624,复旦复华,综合行业,-1.7813841
86,2025-01-24,SH.KC_688062,迈威生物-U,生物制品,-1.7823495
87,2025-01-24,SH.ZB_600243,青海华鼎,通用设备,-1.7872397
88,2025-01-24,SZ.ZB_000826,启迪环境,环保行业,-1.7902806
89,2025-01-24,SZ.ZB_000595,宝塔实业,通用设备,-1.79146
90,2025-01-24,SH.KC_300425,中建环能,环保行业,-1.7921114
91,2025-01-24,SH.ZB_603682,锦和商管,房地产服务,-1.8126085
92,2025-01-24,SH.KC_688511,天微电子,电子元件,-1.817337
93,2025-01-27,SH.KC_300569,天能重工,风电设备,-1.817804
94,2025-01-27,SH.ZB_600228,返利科技,互联网服务,-1.8195338
95,2025-01-24,SH.ZB_600702,舍得酒业,酿酒行业,-1.8362072
96,2025-01-24,SZ.ZB_000799,酒鬼酒,酿酒行业,-1.8521987
97,2025-01-27,SZ.ZB_002529,海源复材,专用设备,-1.8542181
98,2025-01-27,SH.KC_300741,华宝股份,食品饮料,-1.8549852
99,2025-01-27,SH.ZB_600724,宁波富达,房地产开发,-1.8574883
100,2025-01-24,SH.KC_300829,金丹科技,食品饮料,-1.8609196
101,2025-01-24,SZ.ZB_002471,中超控股,电网设备,-1.86126
102,2025-01-24,SH.KC_301487,盟固利,电池,-1.862935
103,2025-01-27,SH.ZB_600636,国新文化,教育,-1.8873066
104,2025-01-24,SH.KC_300261,雅本化学,农药兽药,-1.8923532
105,2025-01-24,SZ.ZB_002121,科陆电子,电网设备,-1.8974301
106,2025-01-27,SH.ZB_600129,太极集团,中药,-1.9080635
107,2025-01-27,SH.KC_300437,清水源,化学制品,-1.9146972
108,2025-01-24,SH.KC_300256,星星科技,消费电子,-1.9160924
109,2025-01-24,SH.ZB_600793,宜宾纸业,造纸印刷,-1.9166164
110,2025-01-27,SH.KC_300091,金通灵,通用设备,-1.9171495
111,2025-01-27,SH.KC_688511,天微电子,电子元件,-1.9190729
112,2025-01-24,SH.KC_300147,香雪制药,中药,-1.9305149
113,2025-01-27,SZ.ZB_002055,得润电子,消费电子,-1.9344677
114,2025-01-27,SZ.ZB_000691,亚太实业,化学制品,-1.9388784
115,2025-01-24,SZ.ZB_002603,以岭药业,中药,-1.9436612
116,2025-01-24,SZ.ZB_003016,欣贺股份,纺织服装,-1.94536
117,2025-01-27,SH.ZB_600884,杉杉股份,电子元件,-1.9480699
118,2025-01-24,SH.KC_301152,天力锂能,电池,-1.9484855
119,2025-01-27,SZ.ZB_000488,晨鸣纸业,造纸印刷,-1.9519795
120,2025-01-24,SH.KC_300190,维尔利,环保行业,-1.9578509
121,2025-01-27,SH.ZB_603690,至纯科技,专用设备,-1.9632319
122,2025-01-24,SZ.ZB_002096,易普力,化学制品,-1.9706156
123,2025-01-27,SH.ZB_603868,飞科电器,家电行业,-1.9743158
124,2025-01-27,SZ.ZB_000981,山子高科,汽车零部件,-1.9751983
125,2025-01-24,SH.KC_300896,爱美客,美容护理,-1.9760288
126,2025-01-24,SH.ZB_600807,济高发展,医疗器械,-1.9770279
127,2025-01-27,SH.ZB_600725,云维股份,煤炭行业,-1.9786432
128,2025-01-27,SZ.ZB_002713,东易日盛,装修装饰,-1.9840406
129,2025-01-24,SZ.ZB_002542,中化岩土,工程建设,-1.9853215
130,2025-01-24,SH.ZB_600475,华光环能,电源设备,-1.9880304
131,2025-01-27,SH.ZB_603389,亚振家居,装修建材,-1.9890255
132,2025-01-24,SZ.ZB_002210,飞马国际,环保行业,-1.9935366
133,2025-01-27,SH.KC_301566,达利凯普,电子元件,-1.9953675
134,2025-01-24,SZ.ZB_002342,巨力索具,通用设备,-1.9954387
135,2025-01-27,SH.ZB_600202,哈空调,电源设备,-1.9956479
136,2025-01-24,SH.ZB_603866,桃李面包,食品饮料,-1.9971721
137,2025-01-24,SZ.ZB_000695,滨海能源,造纸印刷,-1.9990087
138,2025-01-24,SH.KC_300530,领湃科技,电池,-1.9997067
139,2025-01-24,SH.ZB_600202,哈空调,电源设备,-2.001893
140,2025-01-24,SH.ZB_600199,金种子酒,酿酒行业,-2.009279
141,2025-01-24,SZ.ZB_000816,智慧农业,通用设备,-2.009318
142,2025-01-27,SH.ZB_600423,柳化股份,化学原料,-2.0117574
143,2025-01-24,SH.ZB_600881,亚泰集团,水泥建材,-2.0129275
144,2025-01-24,SH.ZB_600827,百联股份,商业百货,-2.0164783
145,2025-01-24,SH.KC_688793,倍轻松,家电行业,-2.0201657
146,2025-01-24,SZ.ZB_003013,地铁设计,工程咨询服务,-2.020606
147,2025-01-27,SZ.ZB_002762,金发拉比,纺织服装,-2.020973
148,2025-01-24,SH.ZB_600446,金证股份,互联网服务,-2.0235069
149,2025-01-24,SH.KC_301566,达利凯普,电子元件,-2.023878
150,2025-01-27,SZ.ZB_002603,以岭药业,中药,-2.0239859
151,2025-01-27,SZ.ZB_000517,荣安地产,房地产开发,-2.0241659
152,2025-01-24,SH.ZB_600372,中航机载,航天航空,-2.0254319
153,2025-01-24,SH.ZB_600452,涪陵电力,电力行业,-2.0267367
154,2025-01-24,SZ.ZB_002458,益生股份,农牧饲渔,-2.027
155,2025-01-24,SH.ZB_600567,山鹰国际,造纸印刷,-2.0273402
156,2025-01-24,SH.ZB_600118,中国卫星,航天航空,-2.0307553
157,2025-01-24,SZ.ZB_002256,兆新股份,电网设备,-2.032266
158,2025-01-27,SH.KC_688253,英诺特,生物制品,-2.0323176
159,2025-01-24,SZ.ZB_000421,南京公用,燃气,-2.0329905
160,2025-01-24,SH.KC_688137,近岸蛋白,生物制品,-2.0331097
161,2025-01-24,SH.ZB_600280,中央商场,商业百货,-2.034458
162,2025-01-24,SZ.ZB_002529,海源复材,专用设备,-2.0357084
163,2025-01-24,SH.ZB_600724,宁波富达,房地产开发,-2.0390694
164,2025-01-27,SH.ZB_600280,中央商场,商业百货,-2.0393503
165,2025-01-24,SZ.ZB_000670,盈方微,半导体,-2.0405502
166,2025-01-24,SH.ZB_600811,东方集团,农牧饲渔,-2.042006
167,2025-01-24,SH.KC_300477,合纵科技,电网设备,-2.04433
168,2025-01-24,SH.ZB_601828,美凯龙,商业百货,-2.0487356
169,2025-01-27,SZ.ZB_002004,华邦健康,农药兽药,-2.0505369
170,2025-01-24,SH.KC_300581,晨曦航空,航天航空,-2.0508816
171,2025-01-27,SH.KC_300827,上能电气,光伏设备,-2.0574172
172,2025-01-27,SH.KC_300477,合纵科技,电网设备,-2.0615466
173,2025-01-27,SZ.ZB_000830,鲁西化工,化学原料,-2.0650134
174,2025-01-24,SH.ZB_600370,三房巷,化学制品,-2.0684972
175,2025-01-24,SH.KC_300601,康泰生物,生物制品,-2.0727782
176,2025-01-24,SH.ZB_601199,江南水务,公用事业,-2.0752842
177,2025-01-24,SZ.ZB_002369,卓翼科技,消费电子,-2.0772347
178,2025-01-24,SZ.ZB_000545,金浦钛业,化学原料,-2.0776749
179,2025-01-24,SH.KC_688311,盟升电子,通信设备,-2.0787287
180,2025-01-24,SH.ZB_603208,江山欧派,装修建材,-2.0809069
181,2025-01-24,SZ.ZB_002272,川润股份,工程机械,-2.0822234
182,2025-01-27,SH.KC_300256,星星科技,消费电子,-2.0841508
183,2025-01-24,SH.KC_301355,南王科技,造纸印刷,-2.0890071
184,2025-01-27,SZ.ZB_002932,明德生物,医疗器械,-2.0907662
185,2025-01-24,SH.KC_300705,九典制药,化学制药,-2.0919766
186,2025-01-24,SH.ZB_605296,神农集团,农牧饲渔,-2.0920885
187,2025-01-24,SH.ZB_600965,福成股份,农牧饲渔,-2.0928695
188,2025-01-24,SH.KC_300985,致远新能,通用设备,-2.0930555
189,2025-01-27,SZ.ZB_002724,海洋王,电子元件,-2.0936017
190,2025-01-24,SH.KC_300438,鹏辉能源,电池,-2.0952556
191,2025-01-27,SH.KC_300420,五洋自控,通用设备,-2.0958185
192,2025-01-24,SH.ZB_600935,华塑股份,化学原料,-2.0962386
193,2025-01-24,SH.ZB_600696,岩石股份,酿酒行业,-2.09739
194,2025-01-27,SZ.ZB_002373,千方科技,互联网服务,-2.099683
195,2025-01-24,SZ.ZB_002557,洽洽食品,食品饮料,-2.0998275
196,2025-01-24,SH.KC_300080,易成新能,通用设备,-2.101699
197,2025-01-24,SH.KC_300569,天能重工,风电设备,-2.1019175
198,2025-01-24,SZ.ZB_000659,珠海中富,包装材料,-2.1050856
199,2025-01-27,SZ.ZB_002414,高德红外,电子元件,-2.1070108
200,2025-01-27,SZ.ZB_002030,达安基因,医疗器械,-2.1100717
201,2025-01-27,SH.KC_300583,赛托生物,化学制药,-2.1122773
202,2025-01-24,SH.ZB_601633,长城汽车,汽车整车,-2.112388
203,2025-01-24,SZ.ZB_000428,华天酒店,旅游酒店,-2.11246
204,2025-01-24,SH.ZB_600594,益佰制药,中药,-2.1128304
205,2025-01-27,SH.KC_688066,航天宏图,航天航空,-2.1131117
206,2025-01-24,SZ.ZB_002305,南国置业,房地产开发,-2.1154683
207,2025-01-24,SH.ZB_600405,动力源,电源设备,-2.1156356
208,2025-01-24,SH.ZB_601228,广州港,航运港口,-2.1165342
209,2025-01-24,SH.ZB_603678,火炬电子,电子元件,-2.117022
210,2025-01-24,SH.KC_301386,未来电器,电源设备,-2.1178787
211,2025-01-27,SZ.ZB_000816,智慧农业,通用设备,-2.1187158
212,2025-01-24,SZ.ZB_000876,新 希 望,农牧饲渔,-2.1189787
213,2025-01-27,SH.KC_688362,甬矽电子,半导体,-2.1191072
214,2025-01-24,SH.KC_300471,厚普股份,专用设备,-2.1192424
215,2025-01-27,SH.KC_300705,九典制药,化学制药,-2.1209142
216,2025-01-24,SH.ZB_600185,格力地产,房地产开发,-2.1212425
217,2025-01-24,SZ.ZB_002418,康盛股份,家电行业,-2.122956
218,2025-01-24,SZ.ZB_002918,蒙娜丽莎,装修建材,-2.1250746
219,2025-01-24,SZ.ZB_000031,大悦城,房地产开发,-2.12542
220,2025-01-24,SZ.ZB_000566,海南海药,化学制药,-2.1263373
221,2025-01-24,SZ.ZB_002667,威领股份,能源金属,-2.1275456
222,2025-01-24,SH.ZB_600884,杉杉股份,电子元件,-2.1278098
223,2025-01-24,SZ.ZB_002895,川恒股份,化学原料,-2.1286488
224,2025-01-24,SH.KC_300158,振东制药,化学制药,-2.1293855
225,2025-01-27,SH.KC_300003,乐普医疗,医疗器械,-2.1298826
226,2025-01-24,SH.KC_301116,益客食品,食品饮料,-2.1308486
227,2025-01-27,SZ.ZB_002317,众生药业,中药,-2.1322067
228,2025-01-24,SH.ZB_603288,海天味业,食品饮料,-2.1355004
229,2025-01-24,SH.KC_300685,艾德生物,医疗器械,-2.1356907
230,2025-01-27,SH.ZB_600596,新安股份,农药兽药,-2.1360776
231,2025-01-27,SH.KC_688420,美腾科技,专用设备,-2.1368976
232,2025-01-24,SZ.ZB_002466,天齐锂业,能源金属,-2.1373982
233,2025-01-24,SH.ZB_600067,冠城新材,电网设备,-2.1378555
234,2025-01-24,SH.KC_300957,贝泰妮,美容护理,-2.1381235
235,2025-01-24,SZ.ZB_002855,捷荣技术,消费电子,-2.1383471
236,2025-01-27,SH.KC_300829,金丹科技,食品饮料,-2.1393628
237,2025-01-24,SH.KC_300197,节能铁汉,环保行业,-2.1411982
238,2025-01-24,SH.ZB_603517,绝味食品,食品饮料,-2.142456
239,2025-01-27,SH.KC_688658,悦康药业,化学制药,-2.1426597
240,2025-01-24,SH.KC_300892,品渥食品,食品饮料,-2.146645
241,2025-01-24,SH.KC_300040,九洲集团,电网设备,-2.14673
242,2025-01-27,SZ.ZB_003016,欣贺股份,纺织服装,-2.1474833
243,2025-01-24,SH.ZB_600678,四川金顶,水泥建材,-2.1477234
244,2025-01-27,SH.ZB_603107,上海汽配,汽车零部件,-2.1482067
245,2025-01-24,SH.ZB_600128,苏豪弘业,贸易行业,-2.1484475
246,2025-01-24,SH.ZB_600886,国投电力,电力行业,-2.1486819
247,2025-01-24,SH.KC_301509,金凯生科,生物制品,-2.1487727
248,2025-01-24,SH.KC_300619,金银河,电池,-2.1498241
249,2025-01-27,SH.ZB_600261,阳光照明,家电行业,-2.1504858
250,2025-01-24,SH.KC_688223,晶科能源,光伏设备,-2.1512523
251,2025-01-24,SZ.ZB_002307,北新路桥,工程建设,-2.1551726
252,2025-01-24,SH.KC_300878,维康药业,中药,-2.156304
253,2025-01-24,SH.KC_300775,三角防务,航天航空,-2.1572747
254,2025-01-27,SH.KC_300723,一品红,化学制药,-2.1573703
255,2025-01-27,SZ.ZB_002086,东方海洋,农牧饲渔,-2.1598704
256,2025-01-27,SH.KC_688559,海目星,专用设备,-2.160379
257,2025-01-24,SZ.ZB_003035,南网能源,专业服务,-2.161096
258,2025-01-24,SZ.ZB_002732,燕塘乳业,食品饮料,-2.1617503
259,2025-01-24,SH.KC_300066,三川智慧,仪器仪表,-2.162219
260,2025-01-24,SH.ZB_600187,国中水务,公用事业,-2.1626012
261,2025-01-27,SH.KC_301327,华宝新能,电源设备,-2.16283
262,2025-01-24,SZ.ZB_002460,赣锋锂业,能源金属,-2.163516
263,2025-01-24,SZ.ZB_000039,中集集团,通用设备,-2.1640084
264,2025-01-24,SH.KC_300529,健帆生物,医疗器械,-2.1641011
265,2025-01-24,SH.KC_300026,红日药业,中药,-2.1643863
266,2025-01-27,SH.ZB_600593,大连圣亚,旅游酒店,-2.1650581
267,2025-01-24,SH.ZB_605089,味知香,食品饮料,-2.165214
268,2025-01-27,SH.ZB_600305,恒顺醋业,食品饮料,-2.1654599
269,2025-01-27,SH.KC_688151,华强科技,专用设备,-2.1665025
270,2025-01-24,SZ.ZB_002146,荣盛发展,房地产开发,-2.166584
271,2025-01-24,SH.KC_300198,纳川股份,装修建材,-2.1674
272,2025-01-24,SZ.ZB_000929,兰州黄河,酿酒行业,-2.169283
273,2025-01-24,SH.KC_688589,力合微,半导体,-2.1695967
274,2025-01-24,SZ.ZB_002646,天佑德酒,酿酒行业,-2.1696467
275,2025-01-24,SH.KC_300818,耐普矿机,专用设备,-2.170238
276,2025-01-24,SZ.ZB_000059,华锦股份,石油行业,-2.172147
277,2025-01-24,SH.ZB_603977,国泰集团,化学制品,-2.1732965
278,2025-01-24,SH.KC_300474,景嘉微,电子元件,-2.173355
279,2025-01-27,SH.KC_688062,迈威生物-U,生物制品,-2.17417
280,2025-01-24,SH.KC_300763,锦浪科技,光伏设备,-2.174231
281,2025-01-27,SH.ZB_600817,宇通重工,工程机械,-2.174618
282,2025-01-24,SH.ZB_600759,洲际油气,石油行业,-2.1767542
283,2025-01-24,SH.KC_300653,正海生物,医疗器械,-2.1770437
284,2025-01-27,SZ.ZB_002122,汇洲智能,通用设备,-2.1771722
285,2025-01-24,SZ.ZB_000796,凯撒旅业,旅游酒店,-2.1776357
286,2025-01-27,SH.ZB_600468,百利电气,电网设备,-2.1779954
287,2025-01-24,SH.KC_688047,龙芯中科,半导体,-2.178367
288,2025-01-24,SH.ZB_603878,武进不锈,钢铁行业,-2.1788325
289,2025-01-24,SH.KC_301049,超越科技,环保行业,-2.1799235
290,2025-01-24,SZ.ZB_002567,唐人神,农牧饲渔,-2.1799335
291,2025-01-24,SH.KC_300003,乐普医疗,医疗器械,-2.1801598
292,2025-01-24,SH.ZB_603882,金域医学,医疗服务,-2.1826208
293,2025-01-24,SZ.ZB_000507,珠海港,航运港口,-2.1835573
294,2025-01-27,SH.ZB_600567,山鹰国际,造纸印刷,-2.183742
295,2025-01-24,SH.ZB_600053,九鼎投资,多元金融,-2.1857262
296,2025-01-24,SZ.ZB_002726,龙大美食,食品饮料,-2.185926
297,2025-01-24,SH.KC_300671,富满微,半导体,-2.18626
298,2025-01-27,SH.ZB_600475,华光环能,电源设备,-2.186941
299,2025-01-24,SH.ZB_600315,上海家化,美容护理,-2.1870043
300,2025-01-24,SZ.ZB_000738,航发控制,航天航空,-2.1871307
301,2025-01-24,SH.KC_300122,智飞生物,生物制品,-2.1873777
302,2025-01-27,SH.ZB_603288,海天味业,食品饮料,-2.1875625
303,2025-01-24,SZ.ZB_002330,得利斯,食品饮料,-2.1885343
304,2025-01-24,SH.ZB_600500,中化国际,化学制品,-2.1894536
305,2025-01-27,SH.ZB_600185,格力地产,房地产开发,-2.1895354
306,2025-01-27,SH.KC_301216,万凯新材,化学制品,-2.1901774
307,2025-01-24,SH.ZB_600765,中航重机,航天航空,-2.1911225
308,2025-01-27,SZ.ZB_000822,山东海化,化学原料,-2.1915934
309,2025-01-27,SH.KC_300006,莱美药业,化学制药,-2.1929717
310,2025-01-24,SH.ZB_600135,乐凯胶片,塑料制品,-2.1938603
311,2025-01-24,SH.ZB_600955,维远股份,化学原料,-2.1967344
312,2025-01-24,SH.ZB_600371,万向德农,农牧饲渔,-2.1968293
313,2025-01-24,SH.ZB_603366,日出东方,家电行业,-2.1994312
314,2025-01-27,SZ.ZB_001239,永达股份,专用设备,-2.2009742
315,2025-01-24,SZ.ZB_000008,神州高铁,交运设备,-2.2022843
316,2025-01-24,SZ.ZB_002431,棕榈股份,工程建设,-2.2024071
317,2025-01-24,SZ.ZB_002414,高德红外,电子元件,-2.2040288
318,2025-01-27,SH.KC_688223,晶科能源,光伏设备,-2.204968
319,2025-01-24,SZ.ZB_000980,众泰汽车,汽车整车,-2.2049818
320,2025-01-24,SZ.ZB_002004,华邦健康,农药兽药,-2.2056894
321,2025-01-24,SH.KC_301522,上大股份,有色金属,-2.2063882
322,2025-01-27,SH.ZB_603066,音飞储存,物流行业,-2.207056
323,2025-01-24,SZ.ZB_002329,皇氏集团,食品饮料,-2.2076771
324,2025-01-27,SZ.ZB_002039,黔源电力,电力行业,-2.208939
325,2025-01-24,SZ.ZB_000639,西王食品,食品饮料,-2.2091281
326,2025-01-24,SZ.ZB_000516,国际医学,医疗服务,-2.2092023
327,2025-01-24,SZ.ZB_000159,国际实业,石油行业,-2.2092962
328,2025-01-27,SZ.ZB_002382,蓝帆医疗,医疗器械,-2.2095013
329,2025-01-24,SH.KC_300106,西部牧业,食品饮料,-2.2096674
330,2025-01-24,SZ.ZB_002561,徐家汇,商业百货,-2.2100036
331,2025-01-24,SZ.ZB_000537,中绿电,电力行业,-2.2106652
332,2025-01-24,SZ.ZB_002162,悦心健康,装修建材,-2.2111459
333,2025-01-27,SH.ZB_600166,福田汽车,汽车整车,-2.2114987
334,2025-01-24,SH.ZB_600310,广西能源,电力行业,-2.2115304
335,2025-01-27,SH.KC_300190,维尔利,环保行业,-2.2135391
336,2025-01-27,SH.ZB_600597,光明乳业,食品饮料,-2.2137215
337,2025-01-27,SZ.ZB_002512,达华智能,计算机设备,-2.2137752
338,2025-01-24,SH.KC_300847,中船汉光,消费电子,-2.213779
339,2025-01-27,SH.ZB_600665,天地源,房地产开发,-2.2149866
340,2025-01-24,SH.KC_301571,国科天成,电子元件,-2.2154224
341,2025-01-24,SZ.ZB_002702,海欣食品,食品饮料,-2.2158976
342,2025-01-27,SH.ZB_600500,中化国际,化学制品,-2.2166624
343,2025-01-24,SH.ZB_600467,好当家,农牧饲渔,-2.217201
344,2025-01-24,SZ.ZB_002382,蓝帆医疗,医疗器械,-2.2174268
345,2025-01-24,SZ.ZB_000950,重药控股,医药商业,-2.2176821
346,2025-01-24,SH.ZB_603589,口子窖,酿酒行业,-2.2191002
347,2025-01-24,SH.ZB_600966,博汇纸业,造纸印刷,-2.2194579
348,2025-01-27,SH.ZB_600828,茂业商业,商业百货,-2.2204275
349,2025-01-27,SZ.ZB_003037,三和管桩,水泥建材,-2.2204413
350,2025-01-24,SH.KC_300429,强力新材,电子化学品,-2.220564
351,2025-01-24,SH.ZB_605081,太和水,环保行业,-2.2222743
352,2025-01-24,SH.ZB_600189,泉阳泉,食品饮料,-2.2223668
353,2025-01-24,SH.ZB_603057,紫燕食品,食品饮料,-2.2231395
354,2025-01-24,SH.ZB_600843,上工申贝,专用设备,-2.2231903
355,2025-01-24,SH.KC_301526,国际复材,玻璃玻纤,-2.2239707
356,2025-01-24,SZ.ZB_002638,勤上股份,光学光电子,-2.2264957
357,2025-01-24,SH.ZB_605388,均瑶健康,食品饮料,-2.226509
358,2025-01-24,SZ.ZB_002183,怡 亚 通,贸易行业,-2.2268288
359,2025-01-24,SZ.ZB_002157,正邦科技,农牧饲渔,-2.2268329
360,2025-01-24,SH.KC_300510,金冠股份,电网设备,-2.2269568
361,2025-01-27,SZ.ZB_000717,中南股份,钢铁行业,-2.2273154
362,2025-01-24,SH.KC_688151,华强科技,专用设备,-2.2274635
363,2025-01-27,SZ.ZB_002567,唐人神,农牧饲渔,-2.2275965
364,2025-01-24,SH.KC_300094,国联水产,食品饮料,-2.227655
365,2025-01-24,SZ.ZB_000688,国城矿业,有色金属,-2.2279322
366,2025-01-24,SH.KC_688584,上海合晶,半导体,-2.2281868
367,2025-01-27,SH.ZB_603489,八方股份,电机,-2.229274
368,2025-01-24,SH.ZB_603569,长久物流,物流行业,-2.229283
369,2025-01-27,SH.KC_301062,上海艾录,包装材料,-2.2310798
370,2025-01-24,SH.ZB_601368,绿城水务,公用事业,-2.2316232
371,2025-01-27,SH.ZB_603187,海容冷链,通用设备,-2.231786
372,2025-01-27,SH.ZB_601699,潞安环能,煤炭行业,-2.232131
373,2025-01-27,SH.ZB_600681,百川能源,燃气,-2.232355
374,2025-01-27,SH.ZB_600888,新疆众和,有色金属,-2.2326634
375,2025-01-27,SZ.ZB_001333,光华股份,化学制品,-2.2327487
376,2025-01-27,SZ.ZB_002121,科陆电子,电网设备,-2.2333484
377,2025-01-27,SZ.ZB_002737,葵花药业,中药,-2.2334292
378,2025-01-27,SH.ZB_600984,建设机械,工程机械,-2.2337055
379,2025-01-27,SZ.ZB_002697,红旗连锁,商业百货,-2.2344651
380,2025-01-27,SZ.ZB_000016,深康佳Ａ,家电行业,-2.2345786
381,2025-01-24,SZ.ZB_003026,中晶科技,半导体,-2.2348757
382,2025-01-27,SZ.ZB_002419,天虹股份,商业百货,-2.234945
383,2025-01-24,SH.KC_301062,上海艾录,包装材料,-2.235575
384,2025-01-27,SH.KC_300146,汤臣倍健,食品饮料,-2.2356431
385,2025-01-27,SH.KC_301487,盟固利,电池,-2.23604
386,2025-01-27,SH.KC_688349,三一重能,风电设备,-2.2363532
387,2025-01-24,SZ.ZB_000509,华塑控股,光学光电子,-2.2369008
388,2025-01-24,SH.ZB_600841,动力新科,汽车整车,-2.2371178
389,2025-01-24,SZ.ZB_002234,民和股份,农牧饲渔,-2.2378619
390,2025-01-27,SH.KC_688425,铁建重工,工程机械,-2.2394512
391,2025-01-24,SH.KC_688362,甬矽电子,半导体,-2.2397609
392,2025-01-24,SH.ZB_601033,永兴股份,环保行业,-2.2398908
393,2025-01-24,SH.KC_300591,万里马,纺织服装,-2.2401161
394,2025-01-27,SH.ZB_600409,三友化工,化学原料,-2.2416468
395,2025-01-27,SH.ZB_600251,冠农股份,农牧饲渔,-2.2423806
396,2025-01-24,SZ.ZB_002697,红旗连锁,商业百货,-2.2433712
397,2025-01-24,SZ.ZB_002263,大东南,塑料制品,-2.243784
398,2025-01-27,SH.ZB_601615,明阳智能,风电设备,-2.2452273
399,2025-01-24,SH.ZB_603876,鼎胜新材,有色金属,-2.2453992
400,2025-01-24,SZ.ZB_000536,华映科技,光学光电子,-2.2456982
401,2025-01-27,SZ.ZB_002329,皇氏集团,食品饮料,-2.2458146
402,2025-01-27,SZ.ZB_000983,山西焦煤,煤炭行业,-2.2488966
403,2025-01-24,SH.ZB_603899,晨光股份,家用轻工,-2.2493615
404,2025-01-24,SH.ZB_600617,国新能源,燃气,-2.2495718
405,2025-01-27,SH.ZB_600118,中国卫星,航天航空,-2.2498522
406,2025-01-27,SZ.ZB_002918,蒙娜丽莎,装修建材,-2.2498593
407,2025-01-27,SZ.ZB_000589,贵州轮胎,橡胶制品,-2.2499442
408,2025-01-24,SH.ZB_600246,万通发展,房地产开发,-2.250847
409,2025-01-24,SZ.ZB_000672,上峰水泥,水泥建材,-2.251347
410,2025-01-24,SH.ZB_600004,白云机场,航空机场,-2.2523153
411,2025-01-24,SH.KC_688576,西山科技,医疗器械,-2.2526426
412,2025-01-27,SH.KC_688033,天宜上佳,光伏设备,-2.2528594
413,2025-01-24,SH.ZB_601158,重庆水务,公用事业,-2.2530117
414,2025-01-24,SH.ZB_600828,茂业商业,商业百货,-2.253039
415,2025-01-27,SH.ZB_600926,杭州银行,银行,-2.253153
416,2025-01-27,SZ.ZB_000701,厦门信达,商业百货,-2.253321
417,2025-01-27,SZ.ZB_002342,巨力索具,通用设备,-2.2534661
418,2025-01-24,SH.ZB_601998,中信银行,银行,-2.2537034
419,2025-01-24,SZ.ZB_001258,立新能源,电力行业,-2.253869
420,2025-01-27,SH.ZB_603128,华贸物流,物流行业,-2.254001
421,2025-01-24,SZ.ZB_000813,德展健康,化学制药,-2.2541852
422,2025-01-24,SH.KC_300025,华星创业,通信服务,-2.2544217
423,2025-01-24,SH.ZB_600775,南京熊猫,通信设备,-2.2544446
424,2025-01-24,SH.ZB_600132,重庆啤酒,酿酒行业,-2.2550814
425,2025-01-27,SH.KC_688566,吉贝尔,化学制药,-2.255088
426,2025-01-24,SH.ZB_601568,北元集团,化学原料,-2.2551832
427,2025-01-27,SH.ZB_603511,爱慕股份,纺织服装,-2.2554073
428,2025-01-24,SZ.ZB_002077,大港股份,半导体,-2.2557397
429,2025-01-24,SH.ZB_603716,塞力医疗,医药商业,-2.2564642
430,2025-01-27,SZ.ZB_002829,星网宇达,通信设备,-2.2569354
431,2025-01-24,SZ.ZB_002326,永太科技,化学制品,-2.257203
432,2025-01-24,SZ.ZB_001279,强邦新材,造纸印刷,-2.2576962
433,2025-01-24,SH.ZB_600527,江南高纤,化纤行业,-2.2583897
434,2025-01-24,SH.ZB_600483,福能股份,电力行业,-2.2592676
435,2025-01-24,SZ.ZB_002641,公元股份,装修建材,-2.2595487
436,2025-01-24,SH.KC_688356,键凯科技,化学制药,-2.2599635
437,2025-01-27,SH.ZB_601158,重庆水务,公用事业,-2.2601864
438,2025-01-27,SH.ZB_600072,中船科技,风电设备,-2.2604759
439,2025-01-24,SH.KC_688338,赛科希德,医疗器械,-2.2610948
440,2025-01-24,SH.ZB_600939,重庆建工,工程建设,-2.2615523
441,2025-01-24,SH.ZB_603086,先达股份,农药兽药,-2.2626355
442,2025-01-24,SH.ZB_600089,特变电工,电网设备,-2.263285
443,2025-01-24,SZ.ZB_000717,中南股份,钢铁行业,-2.2636943
444,2025-01-24,SH.ZB_600180,瑞茂通,物流行业,-2.264629
445,2025-01-24,SH.KC_300783,三只松鼠,食品饮料,-2.2648587
446,2025-01-24,SH.KC_300332,天壕能源,燃气,-2.2649257
447,2025-01-24,SH.ZB_600838,上海九百,商业百货,-2.264932
448,2025-01-24,SH.ZB_600195,中牧股份,农药兽药,-2.2660997
449,2025-01-24,SH.KC_300999,金龙鱼,食品饮料,-2.266362
450,2025-01-24,SZ.ZB_002816,和科达,专用设备,-2.2664719
451,2025-01-24,SH.KC_300267,尔康制药,化学制药,-2.2665677
452,2025-01-27,SZ.ZB_001387,雪祺电气,家电行业,-2.2666442
453,2025-01-24,SH.KC_688425,铁建重工,工程机械,-2.2669797
454,2025-01-27,SH.ZB_600549,厦门钨业,小金属,-2.2671452
455,2025-01-24,SH.ZB_600516,方大炭素,非金属材料,-2.267533
456,2025-01-24,SH.ZB_600336,澳柯玛,家电行业,-2.269382
457,2025-01-24,SZ.ZB_000930,中粮科技,农牧饲渔,-2.2696195
458,2025-01-27,SZ.ZB_000039,中集集团,通用设备,-2.2696636
459,2025-01-27,SH.KC_688556,高测股份,光伏设备,-2.2696888
460,2025-01-24,SH.KC_300692,中环环保,环保行业,-2.2697463
461,2025-01-24,SH.KC_300072,海新能科,化学制品,-2.2698674
462,2025-01-24,SH.ZB_600566,济川药业,中药,-2.2699447
463,2025-01-24,SZ.ZB_002511,中顺洁柔,造纸印刷,-2.2706828
464,2025-01-24,SH.ZB_601857,中国石油,石油行业,-2.2708669
465,2025-01-24,SH.KC_688363,华熙生物,美容护理,-2.2710881
466,2025-01-24,SH.ZB_600426,华鲁恒升,化学原料,-2.2712066
467,2025-01-24,SZ.ZB_000519,中兵红箭,专用设备,-2.271508
468,2025-01-24,SH.ZB_603399,永杉锂业,小金属,-2.2715173
469,2025-01-24,SH.ZB_603939,益丰药房,医药商业,-2.2718363
470,2025-01-24,SH.KC_300639,凯普生物,医疗器械,-2.2718713
471,2025-01-24,SH.ZB_600613,神奇制药,化学制药,-2.2726414
472,2025-01-24,SH.ZB_600198,大唐电信,通信设备,-2.2732399
473,2025-01-24,SZ.ZB_002672,东江环保,环保行业,-2.2736633
474,2025-01-24,SH.KC_301502,华阳智能,电机,-2.2739205
475,2025-01-24,SZ.ZB_002932,明德生物,医疗器械,-2.2742946
476,2025-01-24,SZ.ZB_002724,海洋王,电子元件,-2.2743251
477,2025-01-24,SZ.ZB_002176,江特电机,电机,-2.27443
478,2025-01-24,SZ.ZB_002229,鸿博股份,造纸印刷,-2.2746115
479,2025-01-27,SZ.ZB_002507,涪陵榨菜,食品饮料,-2.2747166
480,2025-01-27,SH.KC_300370,安控科技,仪器仪表,-2.2750998
481,2025-01-27,SH.ZB_603678,火炬电子,电子元件,-2.2754972
482,2025-01-27,SH.KC_300040,九洲集团,电网设备,-2.2761555
483,2025-01-24,SZ.ZB_002055,得润电子,消费电子,-2.2764065
484,2025-01-24,SZ.ZB_002722,物产金轮,纺织服装,-2.2764823
485,2025-01-24,SZ.ZB_002352,顺丰控股,物流行业,-2.2767956
486,2025-01-24,SZ.ZB_002321,华英农业,农牧饲渔,-2.2769501
487,2025-01-27,SH.ZB_601568,北元集团,化学原料,-2.277447
488,2025-01-27,SH.ZB_603101,汇嘉时代,商业百货,-2.2788374
489,2025-01-24,SH.ZB_601699,潞安环能,煤炭行业,-2.2792883
490,2025-01-24,SH.ZB_600559,老白干酒,酿酒行业,-2.279563
491,2025-01-24,SZ.ZB_002760,凤形股份,通用设备,-2.2797472
492,2025-01-27,SH.KC_300896,爱美客,美容护理,-2.2806923
493,2025-01-24,SZ.ZB_000333,美的集团,家电行业,-2.281053
494,2025-01-24,SZ.ZB_000088,盐 田 港,航运港口,-2.2812414
495,2025-01-24,SH.KC_688349,三一重能,风电设备,-2.2813246
496,2025-01-27,SZ.ZB_000159,国际实业,石油行业,-2.2816873
497,2025-01-24,SH.ZB_600076,康欣新材,装修建材,-2.2819724
498,2025-01-27,SZ.ZB_002075,沙钢股份,钢铁行业,-2.2826207
499,2025-01-24,SZ.ZB_003039,顺控发展,公用事业,-2.2840493
500,2025-01-27,SZ.ZB_002732,燕塘乳业,食品饮料,-2.284848
501,2025-01-27,SH.KC_688623,双元科技,专用设备,-2.2852826
502,2025-01-24,SH.KC_300997,欢乐家,食品饮料,-2.285332
503,2025-01-27,SZ.ZB_002827,高争民爆,化学制品,-2.2854137
504,2025-01-24,SH.ZB_600790,轻纺城,商业百货,-2.2863972
505,2025-01-27,SZ.ZB_002430,杭氧股份,专用设备,-2.2866309
506,2025-01-27,SZ.ZB_002091,江苏国泰,贸易行业,-2.2871327
507,2025-01-24,SH.KC_688119,中钢洛耐,非金属材料,-2.2877886
508,2025-01-24,SH.ZB_600795,国电电力,电力行业,-2.287838
509,2025-01-24,SH.ZB_601615,明阳智能,风电设备,-2.2878838
510,2025-01-24,SH.ZB_600780,通宝能源,电力行业,-2.2880466
511,2025-01-27,SZ.ZB_002176,江特电机,电机,-2.2884297
512,2025-01-27,SH.KC_300537,广信材料,电子化学品,-2.2885406
513,2025-01-27,SH.ZB_600038,中直股份,航天航空,-2.2887545
514,2025-01-24,SZ.ZB_002014,永新股份,包装材料,-2.2887995
515,2025-01-24,SH.KC_300722,新余国科,航天航空,-2.2891295
516,2025-01-24,SZ.ZB_002812,恩捷股份,电池,-2.289363
517,2025-01-24,SZ.ZB_002829,星网宇达,通信设备,-2.290162
518,2025-01-24,SH.ZB_600166,福田汽车,汽车整车,-2.2904673
519,2025-01-24,SZ.ZB_002728,特一药业,中药,-2.2905166
520,2025-01-24,SZ.ZB_002108,沧州明珠,塑料制品,-2.2905638
521,2025-01-27,SH.KC_300025,华星创业,通信服务,-2.2909741
522,2025-01-27,SZ.ZB_002108,沧州明珠,塑料制品,-2.2921472
523,2025-01-24,SZ.ZB_000955,欣龙控股,纺织服装,-2.2922385
524,2025-01-27,SH.ZB_600168,武汉控股,公用事业,-2.2925262
525,2025-01-27,SZ.ZB_002100,天康生物,农牧饲渔,-2.2925806
526,2025-01-27,SZ.ZB_000501,武商集团,商业百货,-2.2934034
527,2025-01-24,SZ.ZB_002445,中南文化,通用设备,-2.2940156
528,2025-01-24,SZ.ZB_002631,德尔未来,装修建材,-2.2942073
529,2025-01-24,SH.ZB_605011,杭州热电,公用事业,-2.2944055
530,2025-01-27,SH.ZB_601388,怡球资源,有色金属,-2.2944515
531,2025-01-24,SZ.ZB_002626,金达威,食品饮料,-2.2945628
532,2025-01-24,SH.KC_688126,沪硅产业,半导体,-2.29462
533,2025-01-24,SZ.ZB_002427,尤夫股份,化纤行业,-2.2947402
534,2025-01-24,SH.ZB_600072,中船科技,风电设备,-2.295218
535,2025-01-24,SZ.ZB_002849,威星智能,仪器仪表,-2.2954836
536,2025-01-24,SZ.ZB_002246,北化股份,化学制品,-2.2955024
537,2025-01-24,SZ.ZB_001239,永达股份,专用设备,-2.295507
538,2025-01-24,SZ.ZB_000900,现代投资,铁路公路,-2.2957666
539,2025-01-27,SH.ZB_600965,福成股份,农牧饲渔,-2.2960577
540,2025-01-24,SH.ZB_601116,三江购物,商业百货,-2.2963812
541,2025-01-24,SH.KC_300396,迪瑞医疗,医疗器械,-2.2965002
542,2025-01-27,SH.ZB_600028,中国石化,石油行业,-2.297076
543,2025-01-27,SH.ZB_601700,风范股份,电网设备,-2.2977161
544,2025-01-27,SH.ZB_603276,恒兴新材,化学原料,-2.298104
545,2025-01-27,SZ.ZB_002726,龙大美食,食品饮料,-2.2983265
546,2025-01-24,SZ.ZB_002374,中锐股份,包装材料,-2.2985523
547,2025-01-24,SH.ZB_600817,宇通重工,工程机械,-2.2985744
548,2025-01-27,SH.ZB_605008,长鸿高科,塑料制品,-2.298686
549,2025-01-27,SH.ZB_600859,王府井,商业百货,-2.2991228
550,2025-01-27,SZ.ZB_002818,富森美,商业百货,-2.2991903
551,2025-01-24,SZ.ZB_002824,和胜股份,有色金属,-2.2993186
552,2025-01-27,SZ.ZB_000800,一汽解放,汽车整车,-2.299617
553,2025-01-24,SZ.ZB_002737,葵花药业,中药,-2.2996552
554,2025-01-24,SZ.ZB_000782,恒申新材,化纤行业,-2.2998626
555,2025-01-27,SH.KC_301559,中集环科,通用设备,-2.2999384
556,2025-01-24,SH.ZB_600337,美克家居,装修建材,-2.3000543
557,2025-01-24,SH.ZB_600792,云煤能源,煤炭行业,-2.3007195
558,2025-01-24,SZ.ZB_002299,圣农发展,农牧饲渔,-2.3010979
559,2025-01-27,SZ.ZB_002077,大港股份,半导体,-2.3011994
560,2025-01-24,SZ.ZB_002620,瑞和股份,装修装饰,-2.3015366
561,2025-01-24,SH.ZB_600818,中路股份,交运设备,-2.3024924
562,2025-01-24,SZ.ZB_002007,华兰生物,生物制品,-2.3030314
563,2025-01-24,SZ.ZB_002930,宏川智慧,物流行业,-2.3035798
564,2025-01-27,SH.ZB_600624,复旦复华,综合行业,-2.3038046
565,2025-01-27,SH.ZB_600516,方大炭素,非金属材料,-2.303828
566,2025-01-24,SH.KC_688426,康为世纪,生物制品,-2.3042493
567,2025-01-24,SH.KC_301058,中粮科工,工程建设,-2.3043454
568,2025-01-24,SZ.ZB_002419,天虹股份,商业百货,-2.3043997
569,2025-01-27,SH.KC_300601,康泰生物,生物制品,-2.3050911
570,2025-01-24,SZ.ZB_002628,成都路桥,工程建设,-2.305159
571,2025-01-24,SZ.ZB_000553,安道麦A,农药兽药,-2.3052552
572,2025-01-24,SH.KC_300217,东方电热,家电行业,-2.3054588
573,2025-01-24,SH.KC_688173,希荻微,半导体,-2.3061693
574,2025-01-27,SH.KC_300396,迪瑞医疗,医疗器械,-2.3062558
575,2025-01-24,SH.ZB_601700,风范股份,电网设备,-2.3063698
576,2025-01-24,SH.KC_300981,中红医疗,医疗器械,-2.3065631
577,2025-01-27,SH.ZB_605011,杭州热电,公用事业,-2.3068807
578,2025-01-24,SH.KC_300741,华宝股份,食品饮料,-2.3076396
579,2025-01-24,SZ.ZB_002086,东方海洋,农牧饲渔,-2.3077097
580,2025-01-24,SZ.ZB_000599,青岛双星,橡胶制品,-2.3077757
581,2025-01-24,SH.KC_300782,卓胜微,半导体,-2.308815
582,2025-01-27,SH.ZB_603876,鼎胜新材,有色金属,-2.3091867
583,2025-01-27,SH.ZB_600089,特变电工,电网设备,-2.3093195
584,2025-01-24,SZ.ZB_000050,深天马Ａ,光学光电子,-2.3095686
585,2025-01-24,SH.KC_300101,振芯科技,通信设备,-2.3104901
586,2025-01-27,SZ.ZB_002202,金风科技,风电设备,-2.311018
587,2025-01-24,SH.KC_300537,广信材料,电子化学品,-2.3112204
588,2025-01-27,SZ.ZB_000738,航发控制,航天航空,-2.3117983
589,2025-01-27,SZ.ZB_002210,飞马国际,环保行业,-2.3121412
590,2025-01-24,SZ.ZB_002875,安奈儿,纺织服装,-2.312329
591,2025-01-27,SH.ZB_600697,欧亚集团,商业百货,-2.3131
592,2025-01-24,SZ.ZB_002593,日上集团,汽车零部件,-2.3132176
593,2025-01-24,SH.ZB_601579,会稽山,酿酒行业,-2.3134112
594,2025-01-24,SZ.ZB_000505,京粮控股,农牧饲渔,-2.3134608
595,2025-01-27,SZ.ZB_000009,中国宝安,综合行业,-2.3140101
596,2025-01-27,SZ.ZB_000078,海王生物,医药商业,-2.3140352
597,2025-01-27,SH.KC_300529,健帆生物,医疗器械,-2.3143382
598,2025-01-24,SH.ZB_600168,武汉控股,公用事业,-2.3144217
599,2025-01-24,SH.ZB_600929,雪天盐业,化学原料,-2.3149445
600,2025-01-24,SH.KC_301089,拓新药业,化学制药,-2.315532
601,2025-01-24,SZ.ZB_000652,泰达股份,综合行业,-2.3156288
602,2025-01-24,SH.ZB_600596,新安股份,农药兽药,-2.3166018
603,2025-01-24,SZ.ZB_002935,天奥电子,通信设备,-2.317181
604,2025-01-24,SZ.ZB_000009,中国宝安,综合行业,-2.3173082
605,2025-01-24,SH.ZB_600423,柳化股份,化学原料,-2.317893
606,2025-01-24,SH.ZB_600877,电科芯片,半导体,-2.318544
607,2025-01-24,SH.KC_300401,花园生物,化学制药,-2.3189778
608,2025-01-24,SH.KC_300008,天海防务,船舶制造,-2.3191931
609,2025-01-24,SZ.ZB_002151,北斗星通,通信设备,-2.3193653
610,2025-01-24,SH.ZB_601218,吉鑫科技,风电设备,-2.3203864
611,2025-01-27,SZ.ZB_000980,众泰汽车,汽车整车,-2.321085
612,2025-01-24,SH.KC_300310,宜通世纪,通信服务,-2.3217852
613,2025-01-24,SH.ZB_600938,中国海油,石油行业,-2.3218596
614,2025-01-24,SH.KC_300157,新锦动力,采掘行业,-2.321905
615,2025-01-27,SH.KC_300851,交大思诺,交运设备,-2.3224502
616,2025-01-24,SH.KC_300554,三超新材,通用设备,-2.3226883
617,2025-01-24,SZ.ZB_002262,恩华药业,化学制药,-2.3226988
618,2025-01-27,SZ.ZB_002158,汉钟精机,通用设备,-2.3228798
619,2025-01-27,SZ.ZB_003000,劲仔食品,食品饮料,-2.3231819
620,2025-01-24,SH.KC_301565,中仑新材,塑料制品,-2.323224
621,2025-01-24,SZ.ZB_002531,天顺风能,风电设备,-2.3233242
622,2025-01-24,SH.ZB_600305,恒顺醋业,食品饮料,-2.3236685
623,2025-01-27,SH.ZB_603839,安正时尚,纺织服装,-2.32404
624,2025-01-24,SH.KC_300146,汤臣倍健,食品饮料,-2.3242486
625,2025-01-27,SZ.ZB_002907,华森制药,中药,-2.3244011
626,2025-01-24,SH.KC_300046,台基股份,半导体,-2.3247473
627,2025-01-27,SH.ZB_601003,柳钢股份,钢铁行业,-2.3252
628,2025-01-24,SH.KC_300006,莱美药业,化学制药,-2.3254325
629,2025-01-24,SZ.ZB_000062,深圳华强,电子元件,-2.325893
630,2025-01-24,SZ.ZB_002060,广东建工,工程建设,-2.326029
631,2025-01-27,SZ.ZB_002242,九阳股份,家电行业,-2.3261232
632,2025-01-27,SH.ZB_603658,安图生物,医疗器械,-2.3263502
633,2025-01-24,SH.ZB_600035,楚天高速,铁路公路,-2.326411
634,2025-01-24,SH.ZB_601061,中信金属,贸易行业,-2.3269105
635,2025-01-24,SZ.ZB_002043,兔 宝 宝,装修建材,-2.3273327
636,2025-01-27,SH.ZB_603057,紫燕食品,食品饮料,-2.327344
637,2025-01-24,SZ.ZB_001872,招商港口,航运港口,-2.3274474
638,2025-01-24,SH.KC_300086,康芝药业,化学制药,-2.3284483
639,2025-01-27,SH.ZB_605296,神农集团,农牧饲渔,-2.3284805
640,2025-01-27,SH.KC_688057,金达莱,环保行业,-2.3285058
641,2025-01-24,SZ.ZB_002203,海亮股份,有色金属,-2.3287456
642,2025-01-24,SZ.ZB_000503,国新健康,软件开发,-2.3287606
643,2025-01-24,SH.KC_688469,芯联集成-U,半导体,-2.3288655
644,2025-01-24,SH.ZB_600815,厦工股份,工程机械,-2.3291833
645,2025-01-24,SH.ZB_600616,金枫酒业,酿酒行业,-2.3291953
646,2025-01-24,SZ.ZB_002515,金字火腿,食品饮料,-2.3292031
647,2025-01-27,SZ.ZB_002275,桂林三金,中药,-2.3292172
648,2025-01-24,SH.ZB_605008,长鸿高科,塑料制品,-2.3292592
649,2025-01-24,SH.KC_301281,科源制药,化学制药,-2.3294914
650,2025-01-27,SH.ZB_603589,口子窖,酿酒行业,-2.329553
651,2025-01-27,SH.KC_688779,五矿新能,电池,-2.329606
652,2025-01-24,SZ.ZB_002254,泰和新材,化纤行业,-2.3296957
653,2025-01-24,SH.ZB_600859,王府井,商业百货,-2.3300328
654,2025-01-27,SH.ZB_601606,长城军工,专用设备,-2.3304322
655,2025-01-24,SH.KC_300683,海特生物,生物制品,-2.330941
656,2025-01-24,SH.KC_300260,新莱应材,通用设备,-2.331025
657,2025-01-24,SH.ZB_603708,家家悦,商业百货,-2.3310907
658,2025-01-24,SH.KC_688639,华恒生物,化学制品,-2.3311424
659,2025-01-27,SZ.ZB_000876,新 希 望,农牧饲渔,-2.3313913
660,2025-01-24,SH.ZB_600529,山东药玻,医疗器械,-2.3318048
661,2025-01-24,SZ.ZB_002242,九阳股份,家电行业,-2.3323703
662,2025-01-27,SZ.ZB_000929,兰州黄河,酿酒行业,-2.332831
663,2025-01-24,SZ.ZB_000027,深圳能源,电力行业,-2.3328836
664,2025-01-24,SZ.ZB_002907,华森制药,中药,-2.3331819
665,2025-01-24,SH.ZB_601388,怡球资源,有色金属,-2.3332086
666,2025-01-24,SZ.ZB_002493,荣盛石化,化纤行业,-2.333216
667,2025-01-24,SH.ZB_600893,航发动力,航天航空,-2.3334985
668,2025-01-24,SH.ZB_603759,海天股份,公用事业,-2.3335009
669,2025-01-27,SH.KC_301151,冠龙节能,通用设备,-2.3335621
670,2025-01-24,SH.ZB_600990,四创电子,通信设备,-2.3335927
671,2025-01-27,SH.ZB_600497,驰宏锌锗,有色金属,-2.3341494
672,2025-01-24,SZ.ZB_000981,山子高科,汽车零部件,-2.3343458
673,2025-01-24,SH.KC_300593,新雷能,电源设备,-2.3345857
674,2025-01-24,SH.KC_300869,康泰医学,医疗器械,-2.3347173
675,2025-01-24,SH.ZB_600479,千金药业,中药,-2.334744
676,2025-01-27,SH.ZB_603399,永杉锂业,小金属,-2.3347528
677,2025-01-27,SH.KC_300105,龙源技术,电源设备,-2.334832
678,2025-01-27,SZ.ZB_002022,科华生物,医疗器械,-2.3354604
679,2025-01-24,SZ.ZB_002560,通达股份,电网设备,-2.3357625
680,2025-01-24,SH.KC_688623,双元科技,专用设备,-2.3359084
681,2025-01-27,SZ.ZB_000670,盈方微,半导体,-2.3363204
682,2025-01-27,SZ.ZB_000008,神州高铁,交运设备,-2.3368711
683,2025-01-27,SH.KC_300782,卓胜微,半导体,-2.3371475
684,2025-01-24,SZ.ZB_002216,三全食品,食品饮料,-2.3373468
685,2025-01-24,SZ.ZB_000762,西藏矿业,能源金属,-2.3376148
686,2025-01-24,SZ.ZB_002371,北方华创,半导体,-2.3377023
687,2025-01-24,SH.ZB_600395,盘江股份,煤炭行业,-2.338118
688,2025-01-24,SH.ZB_603178,圣龙股份,汽车零部件,-2.3381896
689,2025-01-24,SZ.ZB_000568,泸州老窖,酿酒行业,-2.3382254
690,2025-01-24,SH.ZB_600597,光明乳业,食品饮料,-2.3384337
691,2025-01-27,SH.ZB_600582,天地科技,专用设备,-2.338502
692,2025-01-24,SH.ZB_600712,南宁百货,商业百货,-2.3385785
693,2025-01-24,SZ.ZB_002521,齐峰新材,造纸印刷,-2.3391109
694,2025-01-27,SH.ZB_600127,金健米业,农牧饲渔,-2.339356
695,2025-01-24,SH.KC_301357,北方长龙,汽车零部件,-2.3394487
696,2025-01-24,SZ.ZB_000625,长安汽车,汽车整车,-2.3396215
697,2025-01-24,SZ.ZB_000521,长虹美菱,家电行业,-2.339687
698,2025-01-27,SH.KC_688656,浩欧博,医疗器械,-2.3397155
699,2025-01-27,SH.ZB_601163,三角轮胎,橡胶制品,-2.3399332
700,2025-01-24,SZ.ZB_002190,成飞集成,汽车零部件,-2.3401017
701,2025-01-24,SH.KC_300019,硅宝科技,化学制品,-2.3401554
702,2025-01-24,SH.KC_301371,敷尔佳,美容护理,-2.3404088
703,2025-01-24,SH.ZB_601366,利群股份,商业百货,-2.34074
704,2025-01-24,SZ.ZB_002813,路畅科技,汽车零部件,-2.3410034
705,2025-01-24,SH.ZB_603358,华达科技,汽车零部件,-2.341118
706,2025-01-24,SH.ZB_600717,天津港,航运港口,-2.3416128
707,2025-01-24,SH.ZB_600798,宁波海运,航运港口,-2.3416452
708,2025-01-24,SH.KC_301268,铭利达,通用设备,-2.3416662
709,2025-01-27,SZ.ZB_002146,荣盛发展,房地产开发,-2.3422885
710,2025-01-24,SZ.ZB_000800,一汽解放,汽车整车,-2.3432584
711,2025-01-27,SH.ZB_601212,白银有色,有色金属,-2.3433118
712,2025-01-24,SH.ZB_603001,奥康国际,纺织服装,-2.3433754
713,2025-01-24,SH.KC_301151,冠龙节能,通用设备,-2.3434033
714,2025-01-24,SH.ZB_601018,宁波港,航运港口,-2.343729
715,2025-01-27,SH.KC_300999,金龙鱼,食品饮料,-2.344537
716,2025-01-27,SH.ZB_601116,三江购物,商业百货,-2.3446627
717,2025-01-27,SH.KC_300014,亿纬锂能,电池,-2.3453002
718,2025-01-24,SH.ZB_601238,广汽集团,汽车整车,-2.345353
719,2025-01-27,SZ.ZB_002189,中光学,光学光电子,-2.3453918
720,2025-01-24,SH.KC_300516,久之洋,电子元件,-2.345439
721,2025-01-24,SH.ZB_601800,中国交建,工程建设,-2.3455982
722,2025-01-27,SZ.ZB_000659,珠海中富,包装材料,-2.345929
723,2025-01-24,SH.KC_301297,富乐德,半导体,-2.3459506
724,2025-01-27,SH.ZB_605005,合兴股份,汽车零部件,-2.3462505
725,2025-01-24,SH.KC_300298,三诺生物,医疗器械,-2.3464282
726,2025-01-24,SZ.ZB_000591,太阳能,电力行业,-2.3465474
727,2025-01-24,SZ.ZB_000911,广农糖业,食品饮料,-2.3470874
728,2025-01-24,SH.KC_300105,龙源技术,电源设备,-2.3473585
729,2025-01-24,SH.ZB_600888,新疆众和,有色金属,-2.3477938
730,2025-01-27,SH.ZB_603375,盛景微,电子元件,-2.349085
731,2025-01-27,SH.ZB_603335,迪生力,汽车零部件,-2.3495703
732,2025-01-24,SH.ZB_600425,青松建化,水泥建材,-2.3497217
733,2025-01-27,SH.ZB_600332,白云山,中药,-2.3497272
734,2025-01-27,SZ.ZB_002049,紫光国微,半导体,-2.3497415
735,2025-01-24,SZ.ZB_000720,新能泰山,电网设备,-2.3498058
736,2025-01-27,SH.ZB_603977,国泰集团,化学制品,-2.3501966
737,2025-01-24,SH.KC_300589,江龙船艇,船舶制造,-2.3502336
738,2025-01-24,SZ.ZB_000718,苏宁环球,房地产开发,-2.3503366
739,2025-01-24,SH.KC_301613,新铝时代,汽车零部件,-2.350399
740,2025-01-27,SH.ZB_600881,亚泰集团,水泥建材,-2.3505847
741,2025-01-24,SZ.ZB_002297,博云新材,航天航空,-2.351125
742,2025-01-24,SZ.ZB_002240,盛新锂能,能源金属,-2.351569
743,2025-01-27,SH.ZB_603899,晨光股份,家用轻工,-2.352267
744,2025-01-24,SH.ZB_600409,三友化工,化学原料,-2.3524332
745,2025-01-27,SZ.ZB_002786,银宝山新,专用设备,-2.3526971
746,2025-01-27,SH.ZB_600300,维维股份,食品饮料,-2.3527045
747,2025-01-24,SH.ZB_603799,华友钴业,能源金属,-2.3531604
748,2025-01-27,SZ.ZB_002426,胜利精密,通用设备,-2.353172
749,2025-01-27,SH.ZB_601958,金钼股份,小金属,-2.3537123
750,2025-01-24,SH.KC_300696,爱乐达,航天航空,-2.3545792
751,2025-01-24,SZ.ZB_002091,江苏国泰,贸易行业,-2.354617
752,2025-01-24,SH.ZB_600844,丹化科技,化学原料,-2.3554525
753,2025-01-24,SH.KC_300801,泰和科技,化学制品,-2.355601
754,2025-01-24,SZ.ZB_000722,湖南发展,电力行业,-2.357112
755,2025-01-24,SZ.ZB_000967,盈峰环境,环保行业,-2.3571947
756,2025-01-24,SZ.ZB_000570,苏常柴Ａ,汽车零部件,-2.3577304
757,2025-01-27,SH.KC_301386,未来电器,电源设备,-2.3577466
758,2025-01-27,SZ.ZB_000998,隆平高科,农牧饲渔,-2.3582892
759,2025-01-24,SH.KC_300664,鹏鹞环保,环保行业,-2.358526
760,2025-01-27,SZ.ZB_002547,春兴精工,汽车零部件,-2.3588293
761,2025-01-24,SH.KC_301087,可孚医疗,医疗器械,-2.3589108
762,2025-01-24,SZ.ZB_000983,山西焦煤,煤炭行业,-2.3592803
763,2025-01-24,SH.ZB_600676,交运股份,汽车零部件,-2.3593795
764,2025-01-27,SH.ZB_600329,达仁堂,中药,-2.3594382
765,2025-01-27,SH.ZB_600778,友好集团,商业百货,-2.3597765
766,2025-01-24,SH.ZB_600992,贵绳股份,通用设备,-2.3601954
767,2025-01-24,SZ.ZB_002144,宏达高科,纺织服装,-2.3602695
768,2025-01-27,SH.ZB_600195,中牧股份,农药兽药,-2.3602855
769,2025-01-27,SH.ZB_600459,贵研铂业,小金属,-2.3605418
770,2025-01-27,SH.ZB_601718,际华集团,纺织服装,-2.3606153
771,2025-01-24,SH.ZB_603107,上海汽配,汽车零部件,-2.361022
772,2025-01-24,SZ.ZB_002006,精工科技,专用设备,-2.3612
773,2025-01-24,SH.ZB_600284,浦东建设,工程建设,-2.3613403
774,2025-01-24,SH.KC_300045,华力创通,计算机设备,-2.3614793
775,2025-01-24,SH.ZB_603456,九洲药业,化学制药,-2.3616943
776,2025-01-24,SZ.ZB_002075,沙钢股份,钢铁行业,-2.3617117
777,2025-01-27,SH.ZB_600795,国电电力,电力行业,-2.3619208
778,2025-01-27,SH.ZB_600452,涪陵电力,电力行业,-2.363119
779,2025-01-24,SZ.ZB_000544,中原环保,公用事业,-2.3632798
780,2025-01-24,SH.ZB_600688,上海石化,石油行业,-2.3633878
781,2025-01-24,SZ.ZB_000576,甘化科工,电源设备,-2.363543
782,2025-01-27,SH.ZB_600198,大唐电信,通信设备,-2.3637166
783,2025-01-24,SH.KC_300199,翰宇药业,化学制药,-2.363779
784,2025-01-24,SZ.ZB_002399,海普瑞,化学制药,-2.363962
785,2025-01-24,SH.ZB_601798,蓝科高新,专用设备,-2.3643386
786,2025-01-27,SH.ZB_601033,永兴股份,环保行业,-2.3644705
787,2025-01-24,SH.ZB_603886,元祖股份,食品饮料,-2.3649042
788,2025-01-27,SH.ZB_600676,交运股份,汽车零部件,-2.3652315
789,2025-01-27,SH.KC_300900,广联航空,航天航空,-2.365372
790,2025-01-24,SZ.ZB_002300,太阳电缆,电网设备,-2.365409
791,2025-01-24,SH.ZB_600984,建设机械,工程机械,-2.3656542
792,2025-01-24,SH.ZB_600758,辽宁能源,煤炭行业,-2.365667
793,2025-01-27,SZ.ZB_000521,长虹美菱,家电行业,-2.3657076
794,2025-01-24,SH.ZB_600009,上海机场,航空机场,-2.3657422
795,2025-01-24,SH.KC_300041,回天新材,化学制品,-2.3663375
796,2025-01-24,SH.ZB_600080,金花股份,中药,-2.3664377
797,2025-01-27,SH.ZB_600741,华域汽车,汽车零部件,-2.366474
798,2025-01-24,SH.ZB_600326,西藏天路,水泥建材,-2.3665216
799,2025-01-24,SH.ZB_600252,中恒集团,中药,-2.3666954
800,2025-01-27,SH.ZB_601789,宁波建工,工程建设,-2.3668225
801,2025-01-27,SH.ZB_600893,航发动力,航天航空,-2.3669112
802,2025-01-27,SZ.ZB_000789,万年青,水泥建材,-2.3670459
803,2025-01-24,SH.ZB_600925,苏能股份,煤炭行业,-2.3670866
804,2025-01-27,SH.ZB_600617,国新能源,燃气,-2.3672748
805,2025-01-24,SH.ZB_600400,红豆股份,纺织服装,-2.3673162
806,2025-01-24,SH.ZB_601022,宁波远洋,航运港口,-2.3673263
807,2025-01-24,SZ.ZB_002827,高争民爆,化学制品,-2.367562
808,2025-01-24,SH.ZB_603818,曲美家居,装修建材,-2.3678052
809,2025-01-27,SH.KC_300572,安车检测,专业服务,-2.3681324
810,2025-01-27,SZ.ZB_002875,安奈儿,纺织服装,-2.368268
811,2025-01-24,SH.ZB_600085,同仁堂,中药,-2.3685827
812,2025-01-24,SH.ZB_600787,中储股份,物流行业,-2.3686528
813,2025-01-24,SZ.ZB_000968,蓝焰控股,燃气,-2.3688152
814,2025-01-27,SZ.ZB_002048,宁波华翔,汽车零部件,-2.3695617
815,2025-01-24,SH.KC_688658,悦康药业,化学制药,-2.370313
816,2025-01-27,SZ.ZB_000428,华天酒店,旅游酒店,-2.3704455
817,2025-01-24,SZ.ZB_002513,蓝丰生化,农药兽药,-2.370773
818,2025-01-24,SH.ZB_600075,新疆天业,化学原料,-2.3708503
819,2025-01-24,SH.KC_688299,长阳科技,光学光电子,-2.3713489
820,2025-01-27,SH.ZB_600199,金种子酒,酿酒行业,-2.371353
821,2025-01-27,SH.ZB_600395,盘江股份,煤炭行业,-2.371697
822,2025-01-24,SZ.ZB_002178,延华智能,软件开发,-2.3717146
823,2025-01-27,SZ.ZB_002227,奥 特 迅,电源设备,-2.371759
824,2025-01-27,SH.ZB_600955,维远股份,化学原料,-2.371924
825,2025-01-24,SH.ZB_600549,厦门钨业,小金属,-2.372239
826,2025-01-24,SZ.ZB_002331,皖通科技,互联网服务,-2.372301
827,2025-01-24,SH.KC_301516,中远通,电源设备,-2.3725393
828,2025-01-24,SZ.ZB_000564,供销大集,商业百货,-2.3726752
829,2025-01-27,SZ.ZB_002728,特一药业,中药,-2.3726907
830,2025-01-27,SH.ZB_600310,广西能源,电力行业,-2.3727152
831,2025-01-24,SH.KC_688538,和辉光电-U,光学光电子,-2.3727562
832,2025-01-24,SH.ZB_600495,晋西车轴,交运设备,-2.3728027
833,2025-01-27,SZ.ZB_002542,中化岩土,工程建设,-2.3728776
834,2025-01-24,SH.KC_300179,四方达,通用设备,-2.3730316
835,2025-01-24,SZ.ZB_002211,宏达新材,化学制品,-2.3732858
836,2025-01-27,SH.ZB_600362,江西铜业,有色金属,-2.373437
837,2025-01-24,SZ.ZB_002047,宝鹰股份,装修装饰,-2.3735187
838,2025-01-24,SH.KC_300123,亚光科技,船舶制造,-2.3735476
839,2025-01-24,SZ.ZB_000028,国药一致,医药商业,-2.3737102
840,2025-01-27,SH.ZB_601808,中海油服,采掘行业,-2.373752
841,2025-01-27,SZ.ZB_000518,四环生物,生物制品,-2.3738942
842,2025-01-24,SZ.ZB_002349,精华制药,中药,-2.3739264
843,2025-01-27,SH.ZB_603001,奥康国际,纺织服装,-2.373949
844,2025-01-24,SZ.ZB_002344,海宁皮城,商业百货,-2.374073
845,2025-01-24,SH.ZB_603980,吉华集团,化学制品,-2.3742247
846,2025-01-24,SH.KC_300587,天铁科技,橡胶制品,-2.3743813
847,2025-01-24,SZ.ZB_002549,凯美特气,化学制品,-2.3752072
848,2025-01-24,SH.ZB_600329,达仁堂,中药,-2.3756244
849,2025-01-24,SH.ZB_600662,外服控股,专业服务,-2.3756306
850,2025-01-24,SH.ZB_600328,中盐化工,化学原料,-2.3757856
851,2025-01-27,SZ.ZB_002557,洽洽食品,食品饮料,-2.375888
852,2025-01-24,SZ.ZB_000723,美锦能源,煤炭行业,-2.3766313
853,2025-01-27,SH.KC_688337,普源精电,仪器仪表,-2.3767352
854,2025-01-27,SZ.ZB_000050,深天马Ａ,光学光电子,-2.3773599
855,2025-01-24,SZ.ZB_002277,友阿股份,商业百货,-2.377442
856,2025-01-27,SH.ZB_600887,伊利股份,食品饮料,-2.3776457
857,2025-01-24,SH.KC_300527,中船应急,专用设备,-2.3782845
858,2025-01-24,SH.ZB_600871,石化油服,采掘行业,-2.3782966
859,2025-01-24,SH.ZB_600708,光明地产,房地产开发,-2.3786802
860,2025-01-24,SZ.ZB_002952,亚世光电,光学光电子,-2.3787947
861,2025-01-24,SZ.ZB_002507,涪陵榨菜,食品饮料,-2.3790555
862,2025-01-24,SH.ZB_600736,苏州高新,房地产开发,-2.3795314
863,2025-01-24,SH.ZB_600278,东方创业,贸易行业,-2.3798616
864,2025-01-24,SH.KC_301418,协昌科技,专用设备,-2.3803182
865,2025-01-27,SH.ZB_600546,山煤国际,煤炭行业,-2.3803182
866,2025-01-24,SZ.ZB_002612,朗姿股份,纺织服装,-2.3808355
867,2025-01-27,SH.ZB_600792,云煤能源,煤炭行业,-2.3814268
868,2025-01-27,SH.ZB_600148,长春一东,汽车零部件,-2.3815129
869,2025-01-27,SH.ZB_603208,江山欧派,装修建材,-2.3815553
870,2025-01-24,SH.ZB_600600,青岛啤酒,酿酒行业,-2.381601
871,2025-01-27,SZ.ZB_002157,正邦科技,农牧饲渔,-2.3816376
872,2025-01-24,SH.ZB_601919,中远海控,航运港口,-2.3816724
873,2025-01-27,SH.ZB_600495,晋西车轴,交运设备,-2.3816864
874,2025-01-27,SH.ZB_601566,九牧王,纺织服装,-2.3818076
875,2025-01-24,SZ.ZB_002360,同德化工,化学制品,-2.3822985
876,2025-01-27,SZ.ZB_002014,永新股份,包装材料,-2.3823097
877,2025-01-27,SZ.ZB_003026,中晶科技,半导体,-2.3824625
878,2025-01-24,SH.ZB_603848,好太太,家用轻工,-2.3825843
879,2025-01-24,SZ.ZB_002021,中捷资源,专用设备,-2.383017
880,2025-01-24,SH.ZB_600519,贵州茅台,酿酒行业,-2.3831758
881,2025-01-24,SH.KC_301090,华润材料,化学原料,-2.3832896
882,2025-01-27,SH.ZB_600826,兰生股份,贸易行业,-2.383691
883,2025-01-24,SH.KC_688210,统联精密,电子元件,-2.38379
884,2025-01-27,SH.ZB_605365,立达信,家电行业,-2.3837962
885,2025-01-24,SZ.ZB_002049,紫光国微,半导体,-2.3841326
886,2025-01-27,SZ.ZB_000155,川能动力,电力行业,-2.3841403
887,2025-01-24,SH.KC_300572,安车检测,专业服务,-2.3844903
888,2025-01-27,SZ.ZB_000422,湖北宜化,化学原料,-2.3846152
889,2025-01-27,SH.KC_300983,尤安设计,工程咨询服务,-2.384715
890,2025-01-27,SZ.ZB_000157,中联重科,工程机械,-2.3847237
891,2025-01-24,SZ.ZB_002016,世荣兆业,房地产开发,-2.3848286
892,2025-01-27,SH.ZB_600026,中远海能,航运港口,-2.3849041
893,2025-01-24,SH.ZB_600779,水井坊,酿酒行业,-2.38513
894,2025-01-27,SH.ZB_600897,厦门空港,航空机场,-2.3851619
895,2025-01-27,SH.ZB_603896,寿仙谷,中药,-2.385168
896,2025-01-24,SH.ZB_601606,长城军工,专用设备,-2.3855188
897,2025-01-27,SZ.ZB_002783,凯龙股份,化学制品,-2.3859525
898,2025-01-27,SZ.ZB_002346,柘中股份,电网设备,-2.386085
899,2025-01-24,SZ.ZB_002512,达华智能,计算机设备,-2.386372
900,2025-01-24,SH.ZB_601006,大秦铁路,物流行业,-2.3864548
901,2025-01-27,SH.ZB_600177,雅戈尔,纺织服装,-2.386564
902,2025-01-24,SH.ZB_600429,三元股份,食品饮料,-2.3866355
903,2025-01-24,SH.ZB_603536,惠发食品,食品饮料,-2.386756
904,2025-01-24,SH.KC_301387,光大同创,消费电子,-2.3868423
905,2025-01-24,SH.KC_301216,万凯新材,化学制品,-2.3868437
906,2025-01-24,SH.KC_688198,佰仁医疗,医疗器械,-2.3872483
907,2025-01-24,SZ.ZB_002208,合肥城建,房地产开发,-2.3872483
908,2025-01-24,SH.ZB_600774,汉商集团,商业百货,-2.3877785
909,2025-01-24,SZ.ZB_002810,山东赫达,化学制品,-2.3880057
910,2025-01-24,SZ.ZB_000650,仁和药业,中药,-2.3883927
911,2025-01-24,SH.ZB_600540,新赛股份,农牧饲渔,-2.3884742
912,2025-01-24,SH.ZB_600011,华能国际,电力行业,-2.3885305
913,2025-01-27,SZ.ZB_002408,齐翔腾达,化学制品,-2.3886542
914,2025-01-24,SZ.ZB_002386,天原股份,化学原料,-2.3888388
915,2025-01-27,SZ.ZB_000869,张  裕Ａ,酿酒行业,-2.3888397
916,2025-01-24,SH.ZB_600821,金开新能,电力行业,-2.3889842
917,2025-01-24,SZ.ZB_000060,中金岭南,有色金属,-2.389247
918,2025-01-24,SH.KC_688488,艾迪药业,生物制品,-2.389326
919,2025-01-27,SH.ZB_601061,中信金属,贸易行业,-2.3893611
920,2025-01-27,SZ.ZB_000516,国际医学,医疗服务,-2.389372
921,2025-01-24,SH.ZB_600017,日照港,航运港口,-2.3894374
922,2025-01-24,SZ.ZB_002030,达安基因,医疗器械,-2.3895469
923,2025-01-27,SZ.ZB_002110,三钢闽光,钢铁行业,-2.3898473
924,2025-01-27,SH.KC_300267,尔康制药,化学制药,-2.389855
925,2025-01-27,SH.ZB_601065,江盐集团,化学原料,-2.390018
926,2025-01-27,SZ.ZB_002299,圣农发展,农牧饲渔,-2.3907938
927,2025-01-27,SZ.ZB_002562,兄弟科技,化学制品,-2.3909276
928,2025-01-24,SZ.ZB_003000,劲仔食品,食品饮料,-2.3911965
929,2025-01-24,SH.ZB_600178,东安动力,汽车零部件,-2.391268
930,2025-01-24,SZ.ZB_000597,东北制药,化学制药,-2.3914442
931,2025-01-24,SZ.ZB_000061,农 产 品,贸易行业,-2.3918285
932,2025-01-27,SH.ZB_600080,金花股份,中药,-2.3921833
933,2025-01-27,SZ.ZB_002007,华兰生物,生物制品,-2.3928194
934,2025-01-24,SH.KC_688275,万润新能,电池,-2.3928986
935,2025-01-24,SZ.ZB_002547,春兴精工,汽车零部件,-2.3931499
936,2025-01-24,SZ.ZB_000557,西部创业,物流行业,-2.3932517
937,2025-01-27,SZ.ZB_002216,三全食品,食品饮料,-2.3932981
938,2025-01-27,SH.ZB_600790,轻纺城,商业百货,-2.3934274
939,2025-01-24,SH.KC_300898,熊猫乳品,食品饮料,-2.3934538
940,2025-01-24,SH.KC_300091,金通灵,通用设备,-2.3935432
941,2025-01-24,SZ.ZB_002133,广宇集团,房地产开发,-2.393713
942,2025-01-24,SZ.ZB_000037,深南电A,电力行业,-2.393758
943,2025-01-27,SH.ZB_603356,华菱精工,专用设备,-2.393943
944,2025-01-27,SH.ZB_600182,S佳通,橡胶制品,-2.3941853
945,2025-01-24,SZ.ZB_003009,中天火箭,航天航空,-2.3951876
946,2025-01-27,SH.ZB_603392,万泰生物,生物制品,-2.3952181
947,2025-01-27,SH.KC_300158,振东制药,化学制药,-2.3952787
948,2025-01-24,SZ.ZB_002271,东方雨虹,装修建材,-2.395644
949,2025-01-24,SH.KC_301559,中集环科,通用设备,-2.3957033
950,2025-01-27,SH.ZB_600742,一汽富维,汽车零部件,-2.3959112
951,2025-01-24,SZ.ZB_003037,三和管桩,水泥建材,-2.395963
952,2025-01-24,SZ.ZB_000539,粤电力Ａ,电力行业,-2.3961868
953,2025-01-24,SH.ZB_603858,步长制药,中药,-2.396286
954,2025-01-24,SH.ZB_600636,国新文化,教育,-2.3963048
955,2025-01-27,SZ.ZB_000028,国药一致,医药商业,-2.3964183
956,2025-01-24,SH.KC_300655,晶瑞电材,电子化学品,-2.396438
957,2025-01-24,SH.ZB_600251,冠农股份,农牧饲渔,-2.3966954
958,2025-01-24,SZ.ZB_001387,雪祺电气,家电行业,-2.3967543
959,2025-01-27,SZ.ZB_002508,老板电器,家电行业,-2.3968837
960,2025-01-27,SH.ZB_603086,先达股份,农药兽药,-2.3974438
961,2025-01-24,SH.ZB_600028,中国石化,石油行业,-2.3974884
962,2025-01-24,SH.ZB_603128,华贸物流,物流行业,-2.3979347
963,2025-01-24,SH.KC_300480,光力科技,专用设备,-2.3980408
964,2025-01-24,SH.ZB_600502,安徽建工,工程建设,-2.3983147
965,2025-01-27,SH.ZB_600009,上海机场,航空机场,-2.3983493
966,2025-01-27,SH.KC_300498,温氏股份,农牧饲渔,-2.3983924
967,2025-01-27,SZ.ZB_000425,徐工机械,工程机械,-2.3984163
968,2025-01-24,SH.ZB_601968,宝钢包装,包装材料,-2.3985398
969,2025-01-27,SZ.ZB_000950,重药控股,医药商业,-2.3991942
970,2025-01-24,SH.ZB_603059,倍加洁,美容护理,-2.3998647
971,2025-01-27,SH.ZB_601857,中国石油,石油行业,-2.4004369
972,2025-01-27,SH.ZB_600011,华能国际,电力行业,-2.4008002
973,2025-01-24,SH.KC_301267,华厦眼科,医疗服务,-2.4008176
974,2025-01-24,SH.KC_300341,麦克奥迪,电网设备,-2.4009109
975,2025-01-27,SZ.ZB_002344,海宁皮城,商业百货,-2.4010763
976,2025-01-27,SZ.ZB_002540,亚太科技,有色金属,-2.4010863
977,2025-01-27,SH.KC_688311,盟升电子,通信设备,-2.401231
978,2025-01-24,SH.ZB_603345,安井食品,食品饮料,-2.4019241
979,2025-01-24,SH.ZB_600023,浙能电力,电力行业,-2.4019706
980,2025-01-24,SH.ZB_600697,欧亚集团,商业百货,-2.402097
981,2025-01-24,SH.ZB_600867,通化东宝,生物制品,-2.4025278
982,2025-01-24,SH.ZB_603276,恒兴新材,化学原料,-2.4026294
983,2025-01-24,SH.KC_300873,海晨股份,物流行业,-2.4026737
984,2025-01-27,SZ.ZB_000421,南京公用,燃气,-2.4029534
985,2025-01-27,SH.ZB_600606,绿地控股,房地产开发,-2.4030087
986,2025-01-24,SZ.ZB_000993,闽东电力,电力行业,-2.4030225
987,2025-01-24,SZ.ZB_000726,鲁  泰Ａ,纺织服装,-2.4032521
988,2025-01-24,SH.KC_300272,开能健康,家电行业,-2.4033542
989,2025-01-24,SH.KC_300905,宝丽迪,塑料制品,-2.40353
990,2025-01-27,SZ.ZB_000030,富奥股份,汽车零部件,-2.4035459
991,2025-01-27,SH.ZB_601188,龙江交通,铁路公路,-2.4036598
992,2025-01-27,SH.ZB_600132,重庆啤酒,酿酒行业,-2.4037955
993,2025-01-27,SZ.ZB_001378,德冠新材,塑料制品,-2.4037962
994,2025-01-27,SZ.ZB_002371,北方华创,半导体,-2.4041157
995,2025-01-24,SH.ZB_603335,迪生力,汽车零部件,-2.4044528
996,2025-01-24,SH.ZB_600853,龙建股份,工程建设,-2.40504
997,2025-01-24,SZ.ZB_002685,华东重机,通用设备,-2.4053655
998,2025-01-27,SH.ZB_600278,东方创业,贸易行业,-2.4054396
999,2025-01-24,SH.ZB_601107,四川成渝,铁路公路,-2.4057362
1000,2025-01-24,SH.KC_300142,沃森生物,生物制品,-2.4059143
1001,2025-01-27,SH.ZB_600054,黄山旅游,旅游酒店,-2.4062183
1002,2025-01-24,SZ.ZB_000056,皇庭国际,房地产服务,-2.4063795
1003,2025-01-27,SZ.ZB_002159,三特索道,旅游酒店,-2.406494
1004,2025-01-24,SH.KC_300053,航宇微,半导体,-2.4067063
1005,2025-01-24,SH.ZB_600056,中国医药,医药商业,-2.4067972
1006,2025-01-27,SZ.ZB_000568,泸州老窖,酿酒行业,-2.4068904
1007,2025-01-27,SH.ZB_603866,桃李面包,食品饮料,-2.4070063
1008,2025-01-24,SH.ZB_603985,恒润股份,风电设备,-2.4070184
1009,2025-01-27,SZ.ZB_002240,盛新锂能,能源金属,-2.4071252
1010,2025-01-24,SZ.ZB_000751,锌业股份,有色金属,-2.4071758
1011,2025-01-24,SZ.ZB_002882,金龙羽,电网设备,-2.407201
1012,2025-01-27,SZ.ZB_002959,小熊电器,家电行业,-2.4076722
1013,2025-01-27,SH.ZB_601669,中国电建,工程建设,-2.407753
1014,2025-01-27,SZ.ZB_002234,民和股份,农牧饲渔,-2.407827
1015,2025-01-24,SZ.ZB_002643,万润股份,电子化学品,-2.407977
1016,2025-01-27,SH.ZB_601390,中国中铁,工程建设,-2.4081166
1017,2025-01-24,SZ.ZB_002793,罗欣药业,化学制药,-2.4081688
1018,2025-01-24,SZ.ZB_002389,航天彩虹,航天航空,-2.4083178
1019,2025-01-24,SZ.ZB_002977,天箭科技,通信设备,-2.4083204
1020,2025-01-27,SH.ZB_603611,诺力股份,工程机械,-2.4083304
1021,2025-01-24,SH.ZB_600098,广州发展,电力行业,-2.408603
1022,2025-01-27,SZ.ZB_000707,双环科技,化学原料,-2.4087965
1023,2025-01-27,SH.KC_688069,德林海,环保行业,-2.408962
1024,2025-01-24,SH.ZB_603207,小方制药,化学制药,-2.409
1025,2025-01-24,SH.ZB_600227,赤天化,化肥行业,-2.4090798
1026,2025-01-27,SH.ZB_603357,设计总院,工程咨询服务,-2.4093099
1027,2025-01-27,SZ.ZB_000825,太钢不锈,钢铁行业,-2.4094203
1028,2025-01-27,SH.ZB_603486,科沃斯,家电行业,-2.409703
1029,2025-01-24,SH.KC_688602,康鹏科技,化学制品,-2.409831
1030,2025-01-27,SZ.ZB_000630,铜陵有色,有色金属,-2.410189
1031,2025-01-24,SH.KC_300057,万顺新材,有色金属,-2.4103994
1032,2025-01-24,SH.ZB_600250,南京商旅,贸易行业,-2.4104764
1033,2025-01-24,SZ.ZB_000721,西安饮食,旅游酒店,-2.410507
1034,2025-01-27,SH.ZB_600785,新华百货,商业百货,-2.4105825
1035,2025-01-27,SH.ZB_601199,江南水务,公用事业,-2.410688
1036,2025-01-27,SH.KC_300463,迈克生物,医疗器械,-2.4107032
1037,2025-01-27,SH.ZB_600841,动力新科,汽车整车,-2.41087
1038,2025-01-27,SZ.ZB_002214,大立科技,电子元件,-2.410899
1039,2025-01-27,SH.ZB_601800,中国交建,工程建设,-2.411039
1040,2025-01-24,SZ.ZB_000927,中国铁物,物流行业,-2.4111385
1041,2025-01-24,SZ.ZB_002224,三 力 士,橡胶制品,-2.4111693
1042,2025-01-27,SZ.ZB_002374,中锐股份,包装材料,-2.4112396
1043,2025-01-24,SH.ZB_600737,中粮糖业,食品饮料,-2.4113376
1044,2025-01-24,SH.ZB_603658,安图生物,医疗器械,-2.4115982
1045,2025-01-27,SZ.ZB_000688,国城矿业,有色金属,-2.411745
1046,2025-01-27,SH.ZB_603077,和邦生物,化学原料,-2.411844
1047,2025-01-27,SH.ZB_600056,中国医药,医药商业,-2.4119127
1048,2025-01-27,SH.KC_301118,恒光股份,化学原料,-2.4121237
1049,2025-01-24,SZ.ZB_000858,五 粮 液,酿酒行业,-2.4121869
1050,2025-01-24,SZ.ZB_002317,众生药业,中药,-2.4123893
1051,2025-01-27,SH.KC_300425,中建环能,环保行业,-2.4125006
1052,2025-01-24,SZ.ZB_001965,招商公路,铁路公路,-2.412798
1053,2025-01-24,SZ.ZB_002510,天汽模,汽车零部件,-2.4128027
1054,2025-01-24,SZ.ZB_002275,桂林三金,中药,-2.4128351
1055,2025-01-27,SH.KC_301446,福事特,通用设备,-2.4129307
1056,2025-01-24,SH.ZB_600674,川投能源,电力行业,-2.4129815
1057,2025-01-24,SZ.ZB_002772,众兴菌业,农牧饲渔,-2.413449
1058,2025-01-24,SH.ZB_605136,丽人丽妆,商业百货,-2.4136412
1059,2025-01-27,SH.ZB_600283,钱江水利,公用事业,-2.4137092
1060,2025-01-24,SH.KC_300481,濮阳惠成,电子化学品,-2.413854
1061,2025-01-24,SH.KC_301100,风光股份,化学制品,-2.4139795
1062,2025-01-24,SZ.ZB_002695,煌上煌,食品饮料,-2.4140944
1063,2025-01-24,SH.ZB_603233,大参林,医药商业,-2.4141002
1064,2025-01-24,SH.ZB_600073,光明肉业,食品饮料,-2.4142072
1065,2025-01-27,SH.ZB_600587,新华医疗,医疗器械,-2.414346
1066,2025-01-24,SH.KC_300014,亿纬锂能,电池,-2.4144597
1067,2025-01-24,SH.ZB_600997,开滦股份,煤炭行业,-2.4147727
1068,2025-01-27,SH.KC_688126,沪硅产业,半导体,-2.4149191
1069,2025-01-27,SH.KC_688408,中信博,光伏设备,-2.4158082
1070,2025-01-27,SH.ZB_600008,首创环保,公用事业,-2.4159994
1071,2025-01-27,SZ.ZB_000017,深中华A,珠宝首饰,-2.4160452
1072,2025-01-24,SH.KC_300034,钢研高纳,有色金属,-2.4164212
1073,2025-01-24,SH.ZB_601279,英利汽车,汽车零部件,-2.4171515
1074,2025-01-24,SH.ZB_603357,设计总院,工程咨询服务,-2.4172168
1075,2025-01-24,SZ.ZB_002818,富森美,商业百货,-2.4172294
1076,2025-01-27,SH.KC_300160,秀强股份,家电行业,-2.417412
1077,2025-01-24,SZ.ZB_002832,比音勒芬,纺织服装,-2.4178433
1078,2025-01-27,SZ.ZB_001289,龙源电力,电力行业,-2.4179409
1079,2025-01-27,SH.ZB_600712,南宁百货,商业百货,-2.4180622
1080,2025-01-24,SH.KC_300900,广联航空,航天航空,-2.4180672
1081,2025-01-24,SH.ZB_601059,信达证券,证券,-2.4182203
1082,2025-01-24,SZ.ZB_002227,奥 特 迅,电源设备,-2.4186664
1083,2025-01-24,SZ.ZB_000623,吉林敖东,化学制药,-2.4187078
1084,2025-01-24,SH.KC_301115,建科股份,专业服务,-2.4190302
1085,2025-01-24,SH.ZB_600015,华夏银行,银行,-2.4190717
1086,2025-01-24,SH.ZB_600121,郑州煤电,煤炭行业,-2.4194207
1087,2025-01-24,SH.ZB_600623,华谊集团,化学原料,-2.4194968
1088,2025-01-27,SZ.ZB_002304,洋河股份,酿酒行业,-2.419658
1089,2025-01-27,SH.ZB_600613,神奇制药,化学制药,-2.4199486
1090,2025-01-24,SZ.ZB_001298,好上好,电子元件,-2.4202585
1091,2025-01-24,SH.ZB_601778,晶科科技,电力行业,-2.4203842
1092,2025-01-24,SH.KC_300871,回盛生物,农药兽药,-2.4218855
1093,2025-01-27,SH.ZB_600537,亿晶光电,光伏设备,-2.421985
1094,2025-01-27,SH.ZB_600929,雪天盐业,化学原料,-2.4222138
1095,2025-01-24,SH.ZB_601566,九牧王,纺织服装,-2.42222
1096,2025-01-27,SH.KC_301528,多浦乐,仪器仪表,-2.422288
1097,2025-01-24,SZ.ZB_000860,顺鑫农业,酿酒行业,-2.4227438
1098,2025-01-24,SH.KC_300070,碧水源,环保行业,-2.4229264
1099,2025-01-24,SZ.ZB_002100,天康生物,农牧饲渔,-2.4232128
1100,2025-01-24,SZ.ZB_000151,中成股份,贸易行业,-2.423218
1101,2025-01-24,SH.ZB_600256,广汇能源,石油行业,-2.4234366
1102,2025-01-24,SZ.ZB_002408,齐翔腾达,化学制品,-2.4239144
1103,2025-01-27,SH.ZB_603886,元祖股份,食品饮料,-2.4239454
1104,2025-01-24,SZ.ZB_002323,雅博股份,装修建材,-2.4240482
1105,2025-01-27,SH.ZB_600273,嘉化能源,化学制品,-2.424078
1106,2025-01-27,SH.KC_301509,金凯生科,生物制品,-2.4241173
1107,2025-01-27,SH.KC_300093,金刚光伏,光伏设备,-2.4244847
1108,2025-01-24,SH.KC_301446,福事特,通用设备,-2.424772
1109,2025-01-24,SH.ZB_600655,豫园股份,珠宝首饰,-2.424956
1110,2025-01-24,SH.ZB_600368,五洲交通,铁路公路,-2.424964
1111,2025-01-24,SH.KC_300856,科思股份,美容护理,-2.425121
1112,2025-01-24,SZ.ZB_002198,嘉应制药,中药,-2.4252388
1113,2025-01-24,SH.ZB_605006,山东玻纤,玻璃玻纤,-2.4253275
1114,2025-01-27,SH.ZB_600469,风神股份,橡胶制品,-2.4254284
1115,2025-01-27,SH.ZB_600519,贵州茅台,酿酒行业,-2.425482
1116,2025-01-27,SZ.ZB_002533,金杯电工,电网设备,-2.4256058
1117,2025-01-27,SZ.ZB_000539,粤电力Ａ,电力行业,-2.4257393
1118,2025-01-27,SH.KC_688653,康希通信,半导体,-2.4259176
1119,2025-01-24,SH.ZB_603861,白云电器,电网设备,-2.4259753
1120,2025-01-24,SH.ZB_600353,旭光电子,电子元件,-2.4261217
1121,2025-01-27,SZ.ZB_000788,北大医药,化学制药,-2.4262679
1122,2025-01-24,SH.KC_300841,康华生物,生物制品,-2.426409
1123,2025-01-24,SH.KC_300175,朗源股份,农牧饲渔,-2.4264328
1124,2025-01-24,SH.KC_688562,航天软件,互联网服务,-2.4267137
1125,2025-01-24,SZ.ZB_002796,世嘉科技,专用设备,-2.4268677
1126,2025-01-24,SZ.ZB_002523,天桥起重,专用设备,-2.4272308
1127,2025-01-24,SH.KC_301017,漱玉平民,医药商业,-2.4276009
1128,2025-01-27,SH.ZB_601997,贵阳银行,银行,-2.4276328
1129,2025-01-24,SZ.ZB_002192,融捷股份,能源金属,-2.4277139
1130,2025-01-24,SH.ZB_600537,亿晶光电,光伏设备,-2.4278734
1131,2025-01-27,SH.ZB_600688,上海石化,石油行业,-2.427993
1132,2025-01-27,SZ.ZB_003022,联泓新科,化学制品,-2.4280484
1133,2025-01-24,SH.KC_301201,诚达药业,医疗服务,-2.4281788
1134,2025-01-24,SZ.ZB_000698,沈阳化工,石油行业,-2.4283211
1135,2025-01-27,SZ.ZB_000544,中原环保,公用事业,-2.4284163
1136,2025-01-27,SZ.ZB_002300,太阳电缆,电网设备,-2.4288192
1137,2025-01-27,SH.ZB_600227,赤天化,化肥行业,-2.4288814
1138,2025-01-24,SH.ZB_600658,电子城,房地产服务,-2.4294333
1139,2025-01-24,SZ.ZB_002061,浙江交科,工程建设,-2.4295063
1140,2025-01-27,SH.ZB_601279,英利汽车,汽车零部件,-2.4295568
1141,2025-01-24,SZ.ZB_002025,航天电器,电子元件,-2.4297254
1142,2025-01-24,SH.ZB_600719,大连热电,电力行业,-2.4298365
1143,2025-01-27,SH.ZB_600702,舍得酒业,酿酒行业,-2.4298716
1144,2025-01-24,SH.KC_300966,共同药业,化学制药,-2.4300146
1145,2025-01-24,SH.ZB_600346,恒力石化,化纤行业,-2.430045
1146,2025-01-27,SH.ZB_603606,东方电缆,电网设备,-2.4301465
1147,2025-01-24,SH.ZB_600436,片仔癀,中药,-2.4302073
1148,2025-01-24,SZ.ZB_002381,双箭股份,橡胶制品,-2.4304028
1149,2025-01-27,SH.ZB_600358,国旅联合,互联网服务,-2.4306092
1150,2025-01-24,SZ.ZB_000630,铜陵有色,有色金属,-2.4306521
1151,2025-01-27,SH.ZB_600737,中粮糖业,食品饮料,-2.4306672
1152,2025-01-27,SZ.ZB_000610,西安旅游,旅游酒店,-2.4306796
1153,2025-01-24,SZ.ZB_002608,江苏国信,电力行业,-2.43097
1154,2025-01-24,SZ.ZB_001217,华尔泰,化学原料,-2.4314363
1155,2025-01-27,SZ.ZB_002745,木林森,光学光电子,-2.4316077
1156,2025-01-24,SH.KC_300009,安科生物,生物制品,-2.4318898
1157,2025-01-24,SH.ZB_600084,中信尼雅,酿酒行业,-2.4320264
1158,2025-01-24,SH.ZB_600794,保税科技,物流行业,-2.4322107
1159,2025-01-24,SH.KC_301038,深水规院,工程建设,-2.4322858
1160,2025-01-24,SH.ZB_600332,白云山,中药,-2.432386
1161,2025-01-24,SH.ZB_601065,江盐集团,化学原料,-2.432419
1162,2025-01-24,SH.ZB_600720,中交设计,工程咨询服务,-2.4326987
1163,2025-01-24,SH.ZB_600283,钱江水利,公用事业,-2.4327488
1164,2025-01-27,SZ.ZB_002884,凌霄泵业,通用设备,-2.4332101
1165,2025-01-27,SZ.ZB_002626,金达威,食品饮料,-2.4333394
1166,2025-01-27,SH.KC_300072,海新能科,化学制品,-2.4337406
1167,2025-01-24,SH.ZB_600969,郴电国际,电力行业,-2.4337623
1168,2025-01-24,SH.ZB_600008,首创环保,公用事业,-2.4338841
1169,2025-01-24,SH.ZB_601996,丰林集团,装修建材,-2.4340253
1170,2025-01-24,SZ.ZB_002081,金 螳 螂,装修装饰,-2.434047
1171,2025-01-24,SH.KC_688693,锴威特,半导体,-2.4340682
1172,2025-01-27,SH.ZB_600623,华谊集团,化学原料,-2.434238
1173,2025-01-24,SH.ZB_605005,合兴股份,汽车零部件,-2.4343996
1174,2025-01-27,SH.KC_301152,天力锂能,电池,-2.4348671
1175,2025-01-24,SH.ZB_603260,合盛硅业,非金属材料,-2.4350774
1176,2025-01-24,SZ.ZB_002585,双星新材,塑料制品,-2.435179
1177,2025-01-24,SH.KC_300390,天华新能,能源金属,-2.4353194
1178,2025-01-27,SH.ZB_601238,广汽集团,汽车整车,-2.4354496
1179,2025-01-27,SH.ZB_601118,海南橡胶,橡胶制品,-2.4357278
1180,2025-01-27,SZ.ZB_000990,诚志股份,化学原料,-2.435808
1181,2025-01-27,SH.KC_688317,之江生物,医疗器械,-2.4359639
1182,2025-01-24,SZ.ZB_000768,中航西飞,航天航空,-2.4360073
1183,2025-01-24,SZ.ZB_002761,浙江建投,工程建设,-2.4360244
1184,2025-01-24,SH.ZB_600273,嘉化能源,化学制品,-2.436083
1185,2025-01-24,SZ.ZB_000790,华神科技,中药,-2.436094
1186,2025-01-27,SZ.ZB_000625,长安汽车,汽车整车,-2.4361184
1187,2025-01-27,SZ.ZB_002639,雪人股份,通用设备,-2.4363894
1188,2025-01-24,SZ.ZB_002959,小熊电器,家电行业,-2.4364672
1189,2025-01-27,SH.ZB_600336,澳柯玛,家电行业,-2.436579
1190,2025-01-27,SH.ZB_603970,中农立华,农药兽药,-2.4369006
1191,2025-01-27,SH.ZB_600135,乐凯胶片,塑料制品,-2.4369452
1192,2025-01-24,SH.ZB_600587,新华医疗,医疗器械,-2.437288
1193,2025-01-27,SZ.ZB_000756,新华制药,化学制药,-2.437426
1194,2025-01-24,SH.ZB_600897,厦门空港,航空机场,-2.4375868
1195,2025-01-27,SH.KC_301026,浩通科技,小金属,-2.4378018
1196,2025-01-27,SH.ZB_605368,蓝天燃气,燃气,-2.4379394
1197,2025-01-24,SZ.ZB_002304,洋河股份,酿酒行业,-2.4381611
1198,2025-01-24,SZ.ZB_002446,盛路通信,通信设备,-2.438366
1199,2025-01-24,SZ.ZB_002136,安 纳 达,化学原料,-2.43837
1200,2025-01-27,SH.ZB_600188,兖矿能源,煤炭行业,-2.4385557
1201,2025-01-27,SH.ZB_601717,郑煤机,汽车零部件,-2.4386334
1202,2025-01-24,SH.KC_300039,上海凯宝,中药,-2.4392617
1203,2025-01-24,SZ.ZB_002252,上海莱士,生物制品,-2.4393027
1204,2025-01-24,SZ.ZB_002158,汉钟精机,通用设备,-2.4393067
1205,2025-01-27,SH.ZB_600600,青岛啤酒,酿酒行业,-2.4393315
1206,2025-01-27,SH.ZB_601117,中国化学,工程建设,-2.439364
1207,2025-01-24,SZ.ZB_000869,张  裕Ａ,酿酒行业,-2.4393692
1208,2025-01-24,SH.ZB_600742,一汽富维,汽车零部件,-2.4394507
1209,2025-01-27,SH.ZB_603587,地素时尚,纺织服装,-2.4395483
1210,2025-01-27,SH.ZB_600502,安徽建工,工程建设,-2.4396222
1211,2025-01-27,SH.ZB_605006,山东玻纤,玻璃玻纤,-2.439668
1212,2025-01-24,SH.ZB_600569,安阳钢铁,钢铁行业,-2.4398098
1213,2025-01-27,SH.ZB_600256,广汇能源,石油行业,-2.4398122
1214,2025-01-27,SH.ZB_605089,味知香,食品饮料,-2.4399757
1215,2025-01-27,SH.ZB_603123,翠微股份,多元金融,-2.4402168
1216,2025-01-27,SZ.ZB_002326,永太科技,化学制品,-2.4402287
1217,2025-01-27,SH.ZB_600328,中盐化工,化学原料,-2.4403534
1218,2025-01-27,SH.ZB_600123,兰花科创,煤炭行业,-2.4404328
1219,2025-01-24,SH.KC_300042,朗科科技,半导体,-2.4408267
1220,2025-01-24,SH.KC_688269,凯立新材,化学制品,-2.4409196
1221,2025-01-24,SH.ZB_603281,江瀚新材,化学制品,-2.4412935
1222,2025-01-27,SH.ZB_600719,大连热电,电力行业,-2.4413772
1223,2025-01-27,SZ.ZB_000650,仁和药业,中药,-2.4415548
1224,2025-01-24,SH.KC_300534,陇神戎发,中药,-2.4416773
1225,2025-01-24,SZ.ZB_002110,三钢闽光,钢铁行业,-2.441926
1226,2025-01-27,SH.ZB_600759,洲际油气,石油行业,-2.4420505
1227,2025-01-24,SZ.ZB_002302,西部建设,水泥建材,-2.4422343
1228,2025-01-24,SH.ZB_600439,瑞贝卡,家用轻工,-2.4424355
1229,2025-01-27,SZ.ZB_002590,万安科技,汽车零部件,-2.4425359
1230,2025-01-24,SH.ZB_603077,和邦生物,化学原料,-2.4426243
1231,2025-01-27,SH.ZB_603838,四通股份,装修建材,-2.4427145
1232,2025-01-27,SH.ZB_603848,好太太,家用轻工,-2.4429739
1233,2025-01-27,SH.ZB_601666,平煤股份,煤炭行业,-2.4430082
1234,2025-01-24,SZ.ZB_002078,太阳纸业,造纸印刷,-2.4432664
1235,2025-01-27,SH.ZB_601579,会稽山,酿酒行业,-2.4434059
1236,2025-01-24,SZ.ZB_000661,长春高新,生物制品,-2.4434476
1237,2025-01-24,SZ.ZB_000966,长源电力,电力行业,-2.4434586
1238,2025-01-27,SZ.ZB_002307,北新路桥,工程建设,-2.4438272
1239,2025-01-24,SZ.ZB_002589,瑞康医药,医药商业,-2.4442048
1240,2025-01-24,SH.KC_301577,美信科技,电子元件,-2.4442503
1241,2025-01-27,SZ.ZB_002151,北斗星通,通信设备,-2.4445386
1242,2025-01-24,SH.KC_300410,正业科技,专用设备,-2.444744
1243,2025-01-24,SZ.ZB_001289,龙源电力,电力行业,-2.4448411
1244,2025-01-27,SZ.ZB_002824,和胜股份,有色金属,-2.444993
1245,2025-01-24,SH.KC_300784,利安科技,塑料制品,-2.4452555
1246,2025-01-24,SH.ZB_600873,梅花生物,化学制品,-2.4455795
1247,2025-01-27,SZ.ZB_002561,徐家汇,商业百货,-2.4456534
1248,2025-01-24,SH.ZB_600916,中国黄金,珠宝首饰,-2.4457715
1249,2025-01-27,SH.KC_300868,杰美特,电子元件,-2.4459288
1250,2025-01-24,SZ.ZB_002769,普路通,物流行业,-2.4459317
1251,2025-01-27,SZ.ZB_000878,云南铜业,有色金属,-2.4462662
1252,2025-01-24,SZ.ZB_002686,亿利达,通用设备,-2.4462798
1253,2025-01-27,SZ.ZB_002254,泰和新材,化纤行业,-2.4463372
1254,2025-01-27,SH.ZB_603391,力聚热能,通用设备,-2.4463553
1255,2025-01-24,SZ.ZB_002406,远东传动,汽车零部件,-2.4467626
1256,2025-01-24,SH.ZB_600197,伊力特,酿酒行业,-2.4468596
1257,2025-01-27,SH.ZB_603260,合盛硅业,非金属材料,-2.4470272
1258,2025-01-24,SH.ZB_600578,京能电力,电力行业,-2.4473186
1259,2025-01-24,SH.ZB_603279,景津装备,专用设备,-2.4474905
1260,2025-01-24,SZ.ZB_000733,振华科技,电子元件,-2.4479852
1261,2025-01-27,SH.ZB_603500,祥和实业,交运设备,-2.448257
1262,2025-01-27,SH.KC_301353,普莱得,通用设备,-2.4482884
1263,2025-01-27,SH.KC_300791,仙乐健康,食品饮料,-2.4483385
1264,2025-01-27,SH.KC_300009,安科生物,生物制品,-2.4485166
1265,2025-01-24,SH.ZB_600300,维维股份,食品饮料,-2.4485285
1266,2025-01-24,SH.KC_301538,骏鼎达,塑料制品,-2.4487007
1267,2025-01-24,SZ.ZB_000518,四环生物,生物制品,-2.4487112
1268,2025-01-24,SH.ZB_601456,国联证券,证券,-2.4489105
1269,2025-01-24,SZ.ZB_002010,传化智联,物流行业,-2.449054
1270,2025-01-24,SH.ZB_601975,招商南油,航运港口,-2.4492588
1271,2025-01-27,SH.ZB_600258,首旅酒店,旅游酒店,-2.4496226
1272,2025-01-27,SH.ZB_600351,亚宝药业,中药,-2.4496593
1273,2025-01-24,SZ.ZB_000017,深中华A,珠宝首饰,-2.449828
1274,2025-01-24,SH.ZB_600704,物产中大,物流行业,-2.4498622
1275,2025-01-24,SH.ZB_600928,西安银行,银行,-2.4498641
1276,2025-01-24,SH.KC_301060,兰卫医学,医疗器械,-2.450437
1277,2025-01-24,SH.KC_301047,义翘神州,生物制品,-2.45049
1278,2025-01-27,SZ.ZB_002478,常宝股份,钢铁行业,-2.4505603
1279,2025-01-24,SH.KC_300769,德方纳米,电池,-2.4505687
1280,2025-01-24,SH.ZB_600796,钱江生化,环保行业,-2.4507601
1281,2025-01-24,SH.KC_688012,中微公司,半导体,-2.4508162
1282,2025-01-24,SH.ZB_600148,长春一东,汽车零部件,-2.4509406
1283,2025-01-27,SH.ZB_603300,海南华铁,专用设备,-2.4510438
1284,2025-01-27,SZ.ZB_002144,宏达高科,纺织服装,-2.4515352
1285,2025-01-27,SZ.ZB_002812,恩捷股份,电池,-2.4516551
1286,2025-01-24,SZ.ZB_002404,嘉欣丝绸,纺织服装,-2.4519727
1287,2025-01-24,SH.KC_300293,蓝英装备,专用设备,-2.4521182
1288,2025-01-24,SH.ZB_603889,新澳股份,纺织服装,-2.4523008
1289,2025-01-24,SH.ZB_603777,来伊份,食品饮料,-2.4525058
1290,2025-01-24,SH.KC_301348,蓝箭电子,半导体,-2.4527774
1291,2025-01-27,SZ.ZB_002516,旷达科技,汽车零部件,-2.4529073
1292,2025-01-27,SH.KC_300932,三友联众,电网设备,-2.45299
1293,2025-01-24,SH.ZB_600561,江西长运,铁路公路,-2.45299
1294,2025-01-24,SH.ZB_600956,新天绿能,燃气,-2.4532583
1295,2025-01-24,SH.ZB_600063,皖维高新,化纤行业,-2.453338
1296,2025-01-24,SH.ZB_600262,北方股份,专用设备,-2.4534006
1297,2025-01-24,SH.ZB_601669,中国电建,工程建设,-2.453485
1298,2025-01-24,SH.ZB_600748,上实发展,房地产开发,-2.4535408
1299,2025-01-24,SH.ZB_601866,中远海发,航运港口,-2.4537635
1300,2025-01-27,SH.ZB_600755,厦门国贸,贸易行业,-2.4538648
1301,2025-01-27,SH.ZB_600116,三峡水利,电力行业,-2.45392
1302,2025-01-24,SH.ZB_603123,翠微股份,多元金融,-2.4540453
1303,2025-01-27,SH.ZB_600361,创新新材,有色金属,-2.454079
1304,2025-01-27,SZ.ZB_002266,浙富控股,环保行业,-2.4542415
1305,2025-01-24,SH.ZB_603711,香飘飘,食品饮料,-2.4546287
1306,2025-01-24,SH.ZB_600032,浙江新能,电力行业,-2.4547033
1307,2025-01-27,SH.ZB_601007,金陵饭店,旅游酒店,-2.4549096
1308,2025-01-24,SZ.ZB_002540,亚太科技,有色金属,-2.4553406
1309,2025-01-27,SZ.ZB_000545,金浦钛业,化学原料,-2.4554112
1310,2025-01-24,SZ.ZB_002583,海能达,通信设备,-2.4554324
1311,2025-01-27,SH.ZB_603799,华友钴业,能源金属,-2.4555848
1312,2025-01-24,SH.KC_300439,美康生物,医疗器械,-2.455696
1313,2025-01-24,SH.KC_688162,巨一科技,专用设备,-2.4558284
1314,2025-01-24,SZ.ZB_000550,江铃汽车,汽车整车,-2.455859
1315,2025-01-27,SH.KC_300259,新天科技,仪器仪表,-2.4559028
1316,2025-01-24,SH.KC_300726,宏达电子,电子元件,-2.4559147
1317,2025-01-24,SH.ZB_600903,贵州燃气,燃气,-2.45598
1318,2025-01-24,SH.KC_300015,爱尔眼科,医疗服务,-2.4560776
1319,2025-01-27,SH.KC_300347,泰格医药,医疗服务,-2.4564044
1320,2025-01-27,SZ.ZB_002466,天齐锂业,能源金属,-2.4564571
1321,2025-01-27,SH.KC_301393,昊帆生物,生物制品,-2.456691
1322,2025-01-27,SZ.ZB_002882,金龙羽,电网设备,-2.4567575
1323,2025-01-24,SZ.ZB_002786,银宝山新,专用设备,-2.4570735
1324,2025-01-24,SH.KC_300511,雪榕生物,农牧饲渔,-2.45735
1325,2025-01-24,SH.KC_300538,同益股份,塑料制品,-2.457482
1326,2025-01-24,SZ.ZB_002936,郑州银行,银行,-2.4574986
1327,2025-01-24,SZ.ZB_002413,雷科防务,通信设备,-2.4575021
1328,2025-01-27,SZ.ZB_000799,酒鬼酒,酿酒行业,-2.457596
1329,2025-01-27,SH.ZB_600518,康美药业,中药,-2.4576247
1330,2025-01-27,SZ.ZB_002080,中材科技,玻璃玻纤,-2.4576273
1331,2025-01-27,SH.KC_688793,倍轻松,家电行业,-2.4579222
1332,2025-01-24,SZ.ZB_002522,浙江众成,塑料制品,-2.4583507
1333,2025-01-24,SH.ZB_600309,万华化学,化学制品,-2.4583938
1334,2025-01-24,SZ.ZB_002327,富安娜,纺织服装,-2.4585323
1335,2025-01-24,SH.KC_301408,华人健康,医药商业,-2.4585752
1336,2025-01-27,SZ.ZB_000860,顺鑫农业,酿酒行业,-2.4591882
1337,2025-01-27,SH.ZB_601022,宁波远洋,航运港口,-2.4593322
1338,2025-01-27,SH.KC_300587,天铁科技,橡胶制品,-2.4594266
1339,2025-01-24,SH.KC_300500,启迪设计,工程咨询服务,-2.4595912
1340,2025-01-24,SZ.ZB_002663,普邦股份,工程建设,-2.459817
1341,2025-01-27,SH.ZB_600508,上海能源,煤炭行业,-2.4599223
1342,2025-01-24,SZ.ZB_001269,欧晶科技,光伏设备,-2.460056
1343,2025-01-24,SH.KC_688321,微芯生物,化学制药,-2.46026
1344,2025-01-24,SZ.ZB_002432,九安医疗,医疗器械,-2.4602652
1345,2025-01-27,SZ.ZB_000537,中绿电,电力行业,-2.4603004
1346,2025-01-27,SH.KC_300471,厚普股份,专用设备,-2.4605224
1347,2025-01-27,SH.ZB_601169,北京银行,银行,-2.4606092
1348,2025-01-24,SZ.ZB_002840,华统股份,食品饮料,-2.4607706
1349,2025-01-24,SH.ZB_600123,兰花科创,煤炭行业,-2.4607732
1350,2025-01-27,SH.ZB_600843,上工申贝,专用设备,-2.4608982
1351,2025-01-27,SZ.ZB_000960,锡业股份,小金属,-2.4609442
1352,2025-01-24,SH.ZB_600078,澄星股份,化肥行业,-2.4610038
1353,2025-01-27,SH.KC_688198,佰仁医疗,医疗器械,-2.4612098
1354,2025-01-24,SZ.ZB_001896,豫能控股,电力行业,-2.4615378
1355,2025-01-27,SH.KC_688469,芯联集成-U,半导体,-2.461694
1356,2025-01-24,SH.ZB_601186,中国铁建,工程建设,-2.4617064
1357,2025-01-27,SZ.ZB_002431,棕榈股份,工程建设,-2.4619386
1358,2025-01-27,SH.ZB_603398,沐邦高科,光伏设备,-2.4620645
1359,2025-01-27,SZ.ZB_000552,甘肃能化,煤炭行业,-2.4621537
1360,2025-01-27,SZ.ZB_000623,吉林敖东,化学制药,-2.4621732
1361,2025-01-24,SH.ZB_600575,淮河能源,物流行业,-2.4621859
1362,2025-01-27,SH.ZB_605077,华康股份,食品饮料,-2.4622288
1363,2025-01-27,SZ.ZB_000782,恒申新材,化纤行业,-2.4623764
1364,2025-01-24,SH.ZB_600905,三峡能源,电力行业,-2.4625232
1365,2025-01-24,SH.KC_300747,锐科激光,电子元件,-2.4625268
1366,2025-01-27,SH.ZB_601366,利群股份,商业百货,-2.462648
1367,2025-01-24,SH.KC_688373,盟科药业-U,生物制品,-2.46292
1368,2025-01-27,SH.ZB_600189,泉阳泉,食品饮料,-2.4630141
1369,2025-01-24,SZ.ZB_002498,汉缆股份,电网设备,-2.4632213
1370,2025-01-24,SZ.ZB_001213,中铁特货,物流行业,-2.4632313
1371,2025-01-24,SZ.ZB_002590,万安科技,汽车零部件,-2.463285
1372,2025-01-27,SH.KC_301468,博盈特焊,专用设备,-2.463384
1373,2025-01-24,SH.ZB_603609,禾丰股份,农牧饲渔,-2.4634352
1374,2025-01-27,SH.ZB_600339,中油工程,采掘行业,-2.4634995
1375,2025-01-24,SZ.ZB_002758,浙农股份,综合行业,-2.463519
1376,2025-01-27,SZ.ZB_002560,通达股份,电网设备,-2.463977
1377,2025-01-27,SZ.ZB_002035,华帝股份,家电行业,-2.4640794
1378,2025-01-24,SH.ZB_600682,南京新百,商业百货,-2.4644828
1379,2025-01-27,SH.ZB_603708,家家悦,商业百货,-2.4645483
1380,2025-01-24,SZ.ZB_001215,千味央厨,食品饮料,-2.4645681
1381,2025-01-24,SZ.ZB_001219,青岛食品,食品饮料,-2.4645844
1382,2025-01-27,SH.ZB_600196,复星医药,化学制药,-2.4651294
1383,2025-01-24,SZ.ZB_002080,中材科技,玻璃玻纤,-2.4651613
1384,2025-01-24,SZ.ZB_000919,金陵药业,中药,-2.4652073
1385,2025-01-24,SZ.ZB_000605,渤海股份,公用事业,-2.4652636
1386,2025-01-27,SH.KC_300358,楚天科技,医疗器械,-2.4654007
1387,2025-01-24,SZ.ZB_002154,报 喜 鸟,纺织服装,-2.4655993
1388,2025-01-27,SZ.ZB_002677,浙江美大,家电行业,-2.4656022
1389,2025-01-27,SZ.ZB_002531,天顺风能,风电设备,-2.4658597
1390,2025-01-27,SH.ZB_600372,中航机载,航天航空,-2.466103
1391,2025-01-24,SH.ZB_600157,永泰能源,电力行业,-2.4661872
1392,2025-01-24,SH.ZB_600648,外高桥,房地产开发,-2.4669647
1393,2025-01-24,SH.ZB_601808,中海油服,采掘行业,-2.4675846
1394,2025-01-27,SH.ZB_603808,歌力思,纺织服装,-2.4675856
1395,2025-01-27,SH.ZB_600905,三峡能源,电力行业,-2.4676116
1396,2025-01-24,SZ.ZB_002943,宇晶股份,通用设备,-2.4676132
1397,2025-01-24,SZ.ZB_002039,黔源电力,电力行业,-2.467637
1398,2025-01-24,SH.KC_300791,仙乐健康,食品饮料,-2.467958
1399,2025-01-27,SZ.ZB_002096,易普力,化学制品,-2.4681978
1400,2025-01-24,SH.KC_300172,中电环保,环保行业,-2.4682229
1401,2025-01-27,SH.ZB_600370,三房巷,化学制品,-2.4682474
1402,2025-01-24,SH.KC_301096,百诚医药,医疗服务,-2.4682982
1403,2025-01-24,SZ.ZB_000633,合金投资,有色金属,-2.4684782
1404,2025-01-24,SZ.ZB_002082,万邦德,化学制药,-2.4685104
1405,2025-01-27,SZ.ZB_000031,大悦城,房地产开发,-2.4686332
1406,2025-01-24,SH.KC_300240,飞力达,物流行业,-2.4689405
1407,2025-01-24,SZ.ZB_000899,赣能股份,电力行业,-2.4689589
1408,2025-01-24,SH.KC_300062,中能电气,电网设备,-2.4689944
1409,2025-01-27,SH.ZB_601218,吉鑫科技,风电设备,-2.4690106
1410,2025-01-27,SH.KC_300042,朗科科技,半导体,-2.4690444
1411,2025-01-27,SZ.ZB_003043,华亚智能,通用设备,-2.4692123
1412,2025-01-24,SH.KC_300919,中伟股份,电池,-2.4693558
1413,2025-01-24,SH.KC_301211,亨迪药业,化学制药,-2.4694507
1414,2025-01-27,SH.KC_300878,维康药业,中药,-2.4694524
1415,2025-01-24,SH.KC_300699,光威复材,化学制品,-2.4696977
1416,2025-01-24,SH.KC_688033,天宜上佳,光伏设备,-2.4697442
1417,2025-01-24,SH.ZB_600606,绿地控股,房地产开发,-2.4699693
1418,2025-01-24,SH.KC_688575,亚辉龙,医疗器械,-2.4700263
1419,2025-01-27,SZ.ZB_002983,芯瑞达,光学光电子,-2.470187
1420,2025-01-24,SZ.ZB_003023,彩虹集团,家电行业,-2.4702356
1421,2025-01-24,SH.KC_301103,何氏眼科,医疗服务,-2.470386
1422,2025-01-24,SZ.ZB_000990,诚志股份,化学原料,-2.4707675
1423,2025-01-27,SZ.ZB_000910,大亚圣象,装修建材,-2.4708748
1424,2025-01-27,SH.ZB_603900,莱绅通灵,珠宝首饰,-2.4712548
1425,2025-01-27,SH.KC_688819,天能股份,电池,-2.4715796
1426,2025-01-24,SH.KC_688007,光峰科技,消费电子,-2.4716432
1427,2025-01-24,SH.KC_301370,国科恒泰,贸易行业,-2.4717484
1428,2025-01-24,SH.ZB_600739,辽宁成大,贸易行业,-2.4717875
1429,2025-01-27,SH.ZB_600399,抚顺特钢,钢铁行业,-2.4722397
1430,2025-01-27,SH.ZB_600664,哈药股份,化学制药,-2.4725142
1431,2025-01-24,SH.KC_300370,安控科技,仪器仪表,-2.4728267
1432,2025-01-24,SZ.ZB_002032,苏 泊 尔,家电行业,-2.4728527
1433,2025-01-24,SH.ZB_600820,隧道股份,工程建设,-2.4729035
1434,2025-01-24,SZ.ZB_002022,科华生物,医疗器械,-2.473389
1435,2025-01-27,SH.KC_300740,水羊股份,美容护理,-2.4734175
1436,2025-01-24,SH.ZB_600170,上海建工,工程建设,-2.4735842
1437,2025-01-24,SZ.ZB_000862,银星能源,电力行业,-2.4736543
1438,2025-01-24,SZ.ZB_001227,兰州银行,银行,-2.4740145
1439,2025-01-27,SZ.ZB_002859,洁美科技,电子元件,-2.474083
1440,2025-01-27,SH.KC_300856,科思股份,美容护理,-2.4743054
1441,2025-01-27,SH.ZB_601598,中国外运,物流行业,-2.4744208
1442,2025-01-27,SZ.ZB_003039,顺控发展,公用事业,-2.4745605
1443,2025-01-24,SZ.ZB_002094,青岛金王,美容护理,-2.4746737
1444,2025-01-24,SH.KC_300411,金盾股份,专用设备,-2.4746745
1445,2025-01-27,SZ.ZB_000027,深圳能源,电力行业,-2.474887
1446,2025-01-27,SZ.ZB_002133,广宇集团,房地产开发,-2.475046
1447,2025-01-24,SZ.ZB_000910,大亚圣象,装修建材,-2.4752817
1448,2025-01-24,SZ.ZB_002846,英联股份,包装材料,-2.4756317
1449,2025-01-24,SZ.ZB_002481,双塔食品,食品饮料,-2.4758284
1450,2025-01-27,SZ.ZB_000682,东方电子,电网设备,-2.4758725
1451,2025-01-24,SZ.ZB_002554,惠博普,采掘行业,-2.475968
1452,2025-01-27,SH.ZB_603882,金域医学,医疗服务,-2.4759996
1453,2025-01-24,SZ.ZB_003022,联泓新科,化学制品,-2.4761875
1454,2025-01-27,SH.ZB_603619,中曼石油,采掘行业,-2.4763308
1455,2025-01-27,SH.ZB_600935,华塑股份,化学原料,-2.4768174
1456,2025-01-24,SZ.ZB_002214,大立科技,电子元件,-2.4768662
1457,2025-01-24,SH.KC_300834,星辉环材,化学原料,-2.477082
1458,2025-01-27,SH.ZB_600368,五洲交通,铁路公路,-2.4772882
1459,2025-01-24,SH.ZB_603010,万盛股份,化学制品,-2.4774072
1460,2025-01-24,SZ.ZB_000422,湖北宜化,化学原料,-2.4776504
1461,2025-01-24,SZ.ZB_000425,徐工机械,工程机械,-2.4777882
1462,2025-01-24,SH.KC_300406,九强生物,医疗器械,-2.4784412
1463,2025-01-24,SZ.ZB_002367,康力电梯,专用设备,-2.4789355
1464,2025-01-27,SH.ZB_600682,南京新百,商业百货,-2.478971
1465,2025-01-27,SH.KC_300474,景嘉微,电子元件,-2.4791586
1466,2025-01-24,SZ.ZB_002186,全 聚 德,旅游酒店,-2.4792292
1467,2025-01-24,SZ.ZB_002097,山河智能,工程机械,-2.4794424
1468,2025-01-27,SH.ZB_600073,光明肉业,食品饮料,-2.479801
1469,2025-01-27,SH.ZB_600992,贵绳股份,通用设备,-2.4799616
1470,2025-01-24,SH.KC_688721,龙图光罩,半导体,-2.4800322
1471,2025-01-24,SH.KC_300110,华仁药业,化学制药,-2.4800832
1472,2025-01-27,SZ.ZB_000554,泰山石油,石油行业,-2.4801726
1473,2025-01-27,SH.ZB_603861,白云电器,电网设备,-2.4801743
1474,2025-01-24,SZ.ZB_002102,能特科技,化学制药,-2.4801877
1475,2025-01-27,SZ.ZB_002349,精华制药,中药,-2.4802153
1476,2025-01-24,SH.KC_300719,安达维尔,航天航空,-2.4804938
1477,2025-01-27,SH.ZB_600425,青松建化,水泥建材,-2.4806306
1478,2025-01-24,SZ.ZB_001318,阳光乳业,食品饮料,-2.4806554
1479,2025-01-27,SH.ZB_600590,泰豪科技,电网设备,-2.4808981
1480,2025-01-27,SH.ZB_600704,物产中大,物流行业,-2.4811382
1481,2025-01-24,SZ.ZB_002745,木林森,光学光电子,-2.4811628
1482,2025-01-27,SH.ZB_603661,恒林股份,装修建材,-2.4812708
1483,2025-01-27,SZ.ZB_002372,伟星新材,装修建材,-2.481587
1484,2025-01-27,SH.ZB_603517,绝味食品,食品饮料,-2.4816084
1485,2025-01-24,SH.ZB_601992,金隅集团,水泥建材,-2.481708
1486,2025-01-27,SH.ZB_600720,中交设计,工程咨询服务,-2.4819798
1487,2025-01-27,SH.ZB_600170,上海建工,工程建设,-2.4819965
1488,2025-01-24,SZ.ZB_000755,山西高速,铁路公路,-2.4820752
1489,2025-01-27,SH.KC_301048,金鹰重工,交运设备,-2.4821591
1490,2025-01-24,SH.ZB_603611,诺力股份,工程机械,-2.4825315
1491,2025-01-27,SH.ZB_600874,创业环保,环保行业,-2.4827743
1492,2025-01-24,SH.ZB_600982,宁波能源,电力行业,-2.4828982
1493,2025-01-27,SH.ZB_600050,中国联通,通信服务,-2.4830356
1494,2025-01-24,SH.ZB_600362,江西铜业,有色金属,-2.4830897
1495,2025-01-27,SH.ZB_603353,和顺石油,石油行业,-2.4834518
1496,2025-01-24,SZ.ZB_002566,益盛药业,中药,-2.4838808
1497,2025-01-24,SZ.ZB_002239,奥特佳,汽车零部件,-2.4839947
1498,2025-01-27,SH.KC_300981,中红医疗,医疗器械,-2.4842849
1499,2025-01-24,SH.ZB_600359,新农开发,农牧饲渔,-2.4845054
1500,2025-01-24,SH.ZB_600127,金健米业,农牧饲渔,-2.4846294
1501,2025-01-24,SH.ZB_601139,深圳燃气,燃气,-2.4846482
1502,2025-01-27,SH.ZB_601018,宁波港,航运港口,-2.4849572
1503,2025-01-27,SH.ZB_600529,山东药玻,医疗器械,-2.4849825
1504,2025-01-24,SZ.ZB_002451,摩恩电气,电网设备,-2.485013
1505,2025-01-27,SH.KC_300510,金冠股份,电网设备,-2.4851556
1506,2025-01-24,SH.ZB_603626,科森科技,消费电子,-2.4851766
1507,2025-01-24,SH.ZB_601880,辽港股份,航运港口,-2.4851923
1508,2025-01-24,SH.ZB_600380,健康元,化学制药,-2.4852626
1509,2025-01-24,SH.KC_300266,兴源环境,环保行业,-2.485294
1510,2025-01-24,SZ.ZB_000731,四川美丰,化肥行业,-2.4856517
1511,2025-01-24,SH.ZB_601390,中国中铁,工程建设,-2.4856591
1512,2025-01-27,SZ.ZB_002399,海普瑞,化学制药,-2.4857123
1513,2025-01-24,SH.KC_300961,深水海纳,环保行业,-2.4858487
1514,2025-01-24,SH.ZB_600217,中再资环,环保行业,-2.4859314
1515,2025-01-24,SH.ZB_603032,德新科技,电池,-2.4860077
1516,2025-01-27,SH.ZB_601038,一拖股份,专用设备,-2.4861205
1517,2025-01-24,SZ.ZB_000552,甘肃能化,煤炭行业,-2.4863322
1518,2025-01-27,SH.KC_301096,百诚医药,医疗服务,-2.4864674
1519,2025-01-24,SH.ZB_601200,上海环境,环保行业,-2.4864738
1520,2025-01-24,SZ.ZB_002783,凯龙股份,化学制品,-2.486753
1521,2025-01-24,SZ.ZB_002867,周大生,珠宝首饰,-2.4869106
1522,2025-01-27,SH.KC_688584,上海合晶,半导体,-2.4869556
1523,2025-01-27,SH.ZB_601816,京沪高铁,铁路公路,-2.4871106
1524,2025-01-24,SZ.ZB_000753,漳州发展,汽车服务,-2.4876642
1525,2025-01-24,SH.KC_301122,采纳股份,医疗器械,-2.487722
1526,2025-01-24,SH.KC_301019,宁波色母,塑料制品,-2.4877374
1527,2025-01-27,SH.ZB_600779,水井坊,酿酒行业,-2.48889
1528,2025-01-27,SZ.ZB_002864,盘龙药业,中药,-2.488909
1529,2025-01-27,SH.ZB_601877,正泰电器,电网设备,-2.4891176
1530,2025-01-27,SZ.ZB_000661,长春高新,生物制品,-2.489127
1531,2025-01-24,SZ.ZB_002719,麦趣尔,食品饮料,-2.4892454
1532,2025-01-24,SZ.ZB_000709,河钢股份,钢铁行业,-2.489396
1533,2025-01-27,SH.ZB_600982,宁波能源,电力行业,-2.4897158
1534,2025-01-24,SH.ZB_600872,中炬高新,食品饮料,-2.4898014
1535,2025-01-27,SH.ZB_605388,均瑶健康,食品饮料,-2.4899514
1536,2025-01-24,SZ.ZB_000926,福星股份,房地产开发,-2.489956
1537,2025-01-27,SH.KC_300068,南都电源,电池,-2.4900568
1538,2025-01-24,SH.ZB_605158,华达新材,钢铁行业,-2.4903069
1539,2025-01-27,SH.ZB_605066,天正电气,电网设备,-2.490403
1540,2025-01-24,SH.ZB_600917,重庆燃气,燃气,-2.4904914
1541,2025-01-27,SH.ZB_603233,大参林,医药商业,-2.4905176
1542,2025-01-24,SH.KC_301092,争光股份,化学制品,-2.4905605
1543,2025-01-27,SH.ZB_600827,百联股份,商业百货,-2.490666
1544,2025-01-27,SZ.ZB_002206,海 利 得,化纤行业,-2.4906695
1545,2025-01-24,SZ.ZB_002911,佛燃能源,燃气,-2.4908867
1546,2025-01-24,SH.ZB_603060,国检集团,专业服务,-2.490943
1547,2025-01-24,SH.KC_300358,楚天科技,医疗器械,-2.49108
1548,2025-01-27,SH.ZB_603700,宁水集团,仪器仪表,-2.4911125
1549,2025-01-27,SH.KC_688275,万润新能,电池,-2.491263
1550,2025-01-27,SH.ZB_600798,宁波海运,航运港口,-2.4914515
1551,2025-01-24,SH.ZB_600863,内蒙华电,电力行业,-2.491558
1552,2025-01-24,SZ.ZB_002048,宁波华翔,汽车零部件,-2.4918141
1553,2025-01-24,SZ.ZB_002519,银河电子,通信设备,-2.492226
1554,2025-01-24,SZ.ZB_000410,沈阳机床,通用设备,-2.4922874
1555,2025-01-27,SZ.ZB_001326,联域股份,光学光电子,-2.4924684
1556,2025-01-27,SH.ZB_600085,同仁堂,中药,-2.4924757
1557,2025-01-24,SZ.ZB_002339,积成电子,电网设备,-2.4925642
1558,2025-01-24,SZ.ZB_000937,冀中能源,煤炭行业,-2.4928908
1559,2025-01-27,SH.ZB_601399,国机重装,专用设备,-2.493013
1560,2025-01-24,SH.KC_688566,吉贝尔,化学制药,-2.4930422
1561,2025-01-27,SH.KC_300008,天海防务,船舶制造,-2.493337
1562,2025-01-24,SH.KC_300864,南大环境,环保行业,-2.4934351
1563,2025-01-27,SZ.ZB_002928,华夏航空,航空机场,-2.4935625
1564,2025-01-24,SH.ZB_600172,黄河旋风,非金属材料,-2.4937134
1565,2025-01-24,SH.ZB_600993,马应龙,中药,-2.493789
1566,2025-01-27,SZ.ZB_002385,大北农,农牧饲渔,-2.493811
1567,2025-01-27,SH.KC_688020,方邦股份,电子元件,-2.4938703
1568,2025-01-27,SH.ZB_600155,华创云信,证券,-2.4942074
1569,2025-01-27,SZ.ZB_001258,立新能源,电力行业,-2.4943004
1570,2025-01-27,SZ.ZB_002906,华阳集团,汽车零部件,-2.4943562
1571,2025-01-27,SZ.ZB_002646,天佑德酒,酿酒行业,-2.4946127
1572,2025-01-27,SH.KC_688210,统联精密,电子元件,-2.4948368
1573,2025-01-27,SZ.ZB_000968,蓝焰控股,燃气,-2.4949274
1574,2025-01-24,SH.ZB_605368,蓝天燃气,燃气,-2.4949899
1575,2025-01-27,SH.KC_300172,中电环保,环保行业,-2.4953303
1576,2025-01-24,SH.KC_688337,普源精电,仪器仪表,-2.4955497
1577,2025-01-24,SH.KC_300149,睿智医药,医疗服务,-2.4957278
1578,2025-01-27,SZ.ZB_002099,海翔药业,化学制药,-2.4958997
1579,2025-01-27,SH.ZB_603099,长白山,旅游酒店,-2.4959219
1580,2025-01-24,SZ.ZB_001360,南矿集团,专用设备,-2.496001
1581,2025-01-27,SH.ZB_600348,华阳股份,煤炭行业,-2.4960372
1582,2025-01-27,SH.ZB_600761,安徽合力,工程机械,-2.4960642
1583,2025-01-24,SH.KC_301193,家联科技,塑料制品,-2.4962265
1584,2025-01-27,SZ.ZB_000536,华映科技,光学光电子,-2.4964287
1585,2025-01-24,SZ.ZB_000701,厦门信达,商业百货,-2.4964616
1586,2025-01-24,SH.ZB_600874,创业环保,环保行业,-2.4964879
1587,2025-01-24,SZ.ZB_000402,金 融 街,房地产开发,-2.4965198
1588,2025-01-27,SH.ZB_600098,广州发展,电力行业,-2.49668
1589,2025-01-24,SH.ZB_603871,嘉友国际,物流行业,-2.49673
1590,2025-01-24,SH.ZB_600887,伊利股份,食品饮料,-2.4970167
1591,2025-01-24,SZ.ZB_002986,宇新股份,化学制品,-2.4971073
1592,2025-01-24,SH.KC_300263,隆华科技,通用设备,-2.4971395
1593,2025-01-24,SZ.ZB_000498,山东路桥,工程建设,-2.4972682
1594,2025-01-27,SZ.ZB_002612,朗姿股份,纺织服装,-2.497406
1595,2025-01-24,SZ.ZB_000973,佛塑科技,塑料制品,-2.4976172
1596,2025-01-27,SZ.ZB_002272,川润股份,工程机械,-2.4977438
1597,2025-01-27,SH.ZB_601919,中远海控,航运港口,-2.497936
1598,2025-01-27,SZ.ZB_000768,中航西飞,航天航空,-2.4981132
1599,2025-01-27,SH.KC_300261,雅本化学,农药兽药,-2.498215
1600,2025-01-27,SZ.ZB_002404,嘉欣丝绸,纺织服装,-2.4983926
1601,2025-01-24,SH.ZB_600152,维科技术,电池,-2.4984918
1602,2025-01-24,SH.KC_301607,富特科技,汽车零部件,-2.4986067
1603,2025-01-27,SZ.ZB_002813,路畅科技,汽车零部件,-2.4986808
1604,2025-01-24,SH.KC_300016,北陆药业,化学制药,-2.4990852
1605,2025-01-24,SH.ZB_600177,雅戈尔,纺织服装,-2.4991999
1606,2025-01-27,SH.ZB_600483,福能股份,电力行业,-2.4992423
1607,2025-01-27,SZ.ZB_002631,德尔未来,装修建材,-2.4993253
1608,2025-01-24,SZ.ZB_000735,罗 牛 山,农牧饲渔,-2.4994445
1609,2025-01-24,SZ.ZB_002864,盘龙药业,中药,-2.4998193
1610,2025-01-24,SH.ZB_601766,中国中车,交运设备,-2.4999554
1611,2025-01-24,SZ.ZB_000998,隆平高科,农牧饲渔,-2.499958
1612,2025-01-24,SH.ZB_600879,航天电子,航天航空,-2.5000253
1613,2025-01-27,SH.KC_301047,义翘神州,生物制品,-2.5000865
1614,2025-01-24,SH.ZB_603808,歌力思,纺织服装,-2.5000982
1615,2025-01-24,SZ.ZB_000157,中联重科,工程机械,-2.5001292
1616,2025-01-24,SZ.ZB_000831,中国稀土,小金属,-2.5002663
1617,2025-01-27,SH.ZB_601369,陕鼓动力,通用设备,-2.5003242
1618,2025-01-27,SZ.ZB_000507,珠海港,航运港口,-2.5003936
1619,2025-01-24,SH.ZB_600733,北汽蓝谷,汽车整车,-2.501013
1620,2025-01-27,SH.KC_301095,广立微,半导体,-2.5010192
1621,2025-01-24,SH.ZB_603392,万泰生物,生物制品,-2.5010319
1622,2025-01-27,SH.ZB_603365,水星家纺,纺织服装,-2.5011923
1623,2025-01-24,SH.ZB_600162,香江控股,房地产开发,-2.5014396
1624,2025-01-24,SH.ZB_601016,节能风电,电力行业,-2.5015912
1625,2025-01-27,SZ.ZB_000813,德展健康,化学制药,-2.5016534
1626,2025-01-27,SZ.ZB_002161,远 望 谷,电子元件,-2.5016913
1627,2025-01-27,SH.ZB_600252,中恒集团,中药,-2.501933
1628,2025-01-24,SH.ZB_603239,浙江仙通,汽车零部件,-2.5023952
1629,2025-01-24,SH.KC_688459,哈铁科技,交运设备,-2.502417
1630,2025-01-24,SZ.ZB_002338,奥普光电,仪器仪表,-2.5025103
1631,2025-01-24,SZ.ZB_001231,农心科技,农药兽药,-2.5026393
1632,2025-01-27,SH.KC_300664,鹏鹞环保,环保行业,-2.502652
1633,2025-01-27,SZ.ZB_002458,益生股份,农牧饲渔,-2.5027108
1634,2025-01-27,SZ.ZB_002105,信隆健康,交运设备,-2.502734
1635,2025-01-24,SH.KC_688707,振华新材,电池,-2.5028386
1636,2025-01-27,SH.ZB_600312,平高电气,电网设备,-2.502879
1637,2025-01-24,SZ.ZB_003816,中国广核,电力行业,-2.5029242
1638,2025-01-27,SZ.ZB_002413,雷科防务,通信设备,-2.5029676
1639,2025-01-24,SZ.ZB_002385,大北农,农牧饲渔,-2.5032244
1640,2025-01-27,SH.ZB_601828,美凯龙,商业百货,-2.503407
1641,2025-01-24,SZ.ZB_002314,南山控股,房地产开发,-2.503536
1642,2025-01-27,SZ.ZB_000591,太阳能,电力行业,-2.5036044
1643,2025-01-24,SZ.ZB_000677,恒天海龙,化纤行业,-2.5036356
1644,2025-01-27,SH.ZB_600783,鲁信创投,非金属材料,-2.503727
1645,2025-01-27,SH.ZB_600569,安阳钢铁,钢铁行业,-2.5041685
1646,2025-01-27,SZ.ZB_000895,双汇发展,食品饮料,-2.5042117
1647,2025-01-24,SZ.ZB_000825,太钢不锈,钢铁行业,-2.5042183
1648,2025-01-27,SH.ZB_601186,中国铁建,工程建设,-2.5047607
1649,2025-01-24,SH.ZB_603126,中材节能,环保行业,-2.504807
1650,2025-01-27,SZ.ZB_002498,汉缆股份,电网设备,-2.5049376
1651,2025-01-27,SZ.ZB_001217,华尔泰,化学原料,-2.5049603
1652,2025-01-24,SZ.ZB_001322,箭牌家居,装修建材,-2.5049634
1653,2025-01-24,SH.ZB_600651,飞乐音响,光学光电子,-2.5050466
1654,2025-01-27,SH.ZB_601228,广州港,航运港口,-2.50518
1655,2025-01-24,SZ.ZB_002839,张家港行,银行,-2.5051804
1656,2025-01-24,SH.ZB_603896,寿仙谷,中药,-2.5054536
1657,2025-01-24,SH.KC_300194,福安药业,化学制药,-2.5055294
1658,2025-01-24,SZ.ZB_000581,威孚高科,汽车零部件,-2.505606
1659,2025-01-24,SZ.ZB_000301,东方盛虹,化学原料,-2.5056863
1660,2025-01-24,SH.ZB_600389,江山股份,农药兽药,-2.5057926
1661,2025-01-24,SZ.ZB_002035,华帝股份,家电行业,-2.5058427
1662,2025-01-24,SH.ZB_601901,方正证券,证券,-2.5061278
1663,2025-01-24,SH.ZB_601326,秦港股份,航运港口,-2.5064058
1664,2025-01-27,SZ.ZB_000858,五 粮 液,酿酒行业,-2.5065477
1665,2025-01-24,SZ.ZB_002293,罗莱生活,纺织服装,-2.5066056
1666,2025-01-27,SZ.ZB_002061,浙江交科,工程建设,-2.5066066
1667,2025-01-24,SZ.ZB_000513,丽珠集团,化学制药,-2.5066285
1668,2025-01-24,SZ.ZB_002057,中钢天源,非金属材料,-2.5066621
1669,2025-01-27,SH.ZB_603237,五芳斋,食品饮料,-2.506799
1670,2025-01-27,SZ.ZB_002513,蓝丰生化,农药兽药,-2.5068676
1671,2025-01-24,SH.ZB_600356,恒丰纸业,造纸印刷,-2.5070016
1672,2025-01-27,SH.KC_300685,艾德生物,医疗器械,-2.5071025
1673,2025-01-24,SH.KC_688189,南新制药,化学制药,-2.5072708
1674,2025-01-27,SZ.ZB_002465,海格通信,通信设备,-2.5073195
1675,2025-01-27,SH.ZB_600115,中国东航,航空机场,-2.5074434
1676,2025-01-27,SH.KC_300489,光智科技,光学光电子,-2.5075803
1677,2025-01-24,SZ.ZB_000883,湖北能源,电力行业,-2.5076475
1678,2025-01-24,SH.ZB_600182,S佳通,橡胶制品,-2.5079377
1679,2025-01-27,SH.ZB_600871,石化油服,采掘行业,-2.5082507
1680,2025-01-27,SH.KC_300410,正业科技,专用设备,-2.5083628
1681,2025-01-24,SZ.ZB_000710,贝瑞基因,医疗器械,-2.5083938
1682,2025-01-24,SZ.ZB_000739,普洛药业,化学制药,-2.5085075
1683,2025-01-24,SH.ZB_605377,华旺科技,造纸印刷,-2.508582
1684,2025-01-27,SH.ZB_603238,诺邦股份,美容护理,-2.5087693
1685,2025-01-27,SH.ZB_600428,中远海特,航运港口,-2.5089076
1686,2025-01-27,SH.ZB_603829,洛凯股份,电网设备,-2.5090196
1687,2025-01-24,SH.ZB_600188,兖矿能源,煤炭行业,-2.509212
1688,2025-01-24,SH.KC_300404,博济医药,医疗服务,-2.5093577
1689,2025-01-24,SH.ZB_600503,华丽家族,房地产开发,-2.5096762
1690,2025-01-27,SH.ZB_600479,千金药业,中药,-2.5099366
1691,2025-01-27,SZ.ZB_002111,威海广泰,专用设备,-2.509957
1692,2025-01-27,SH.KC_300204,舒泰神,生物制品,-2.510261
1693,2025-01-24,SZ.ZB_001914,招商积余,房地产服务,-2.510388
1694,2025-01-24,SH.KC_300032,金龙机电,消费电子,-2.510505
1695,2025-01-27,SZ.ZB_002173,创新医疗,医疗服务,-2.5106587
1696,2025-01-24,SH.ZB_600755,厦门国贸,贸易行业,-2.5108588
1697,2025-01-27,SH.ZB_600975,新五丰,农牧饲渔,-2.5109556
1698,2025-01-27,SH.ZB_601998,中信银行,银行,-2.5113497
1699,2025-01-24,SH.KC_300868,杰美特,电子元件,-2.5113962
1700,2025-01-24,SH.KC_301059,金三江,化学原料,-2.5114098
1701,2025-01-27,SZ.ZB_002893,京能热力,公用事业,-2.5117955
1702,2025-01-27,SZ.ZB_002059,云南旅游,旅游酒店,-2.511813
1703,2025-01-24,SH.ZB_600960,渤海汽车,汽车零部件,-2.5118313
1704,2025-01-27,SZ.ZB_002236,大华股份,计算机设备,-2.5119948
1705,2025-01-27,SH.ZB_600326,西藏天路,水泥建材,-2.5121696
1706,2025-01-27,SH.KC_300087,荃银高科,农牧饲渔,-2.512416
1707,2025-01-24,SH.ZB_603676,卫信康,化学制药,-2.5125296
1708,2025-01-24,SH.ZB_603712,七一二,通信设备,-2.5126674
1709,2025-01-24,SH.KC_688432,有研硅,半导体,-2.5128114
1710,2025-01-27,SH.KC_301533,威马农机,专用设备,-2.5131276
1711,2025-01-24,SH.ZB_603661,恒林股份,装修建材,-2.5131373
1712,2025-01-27,SZ.ZB_000597,东北制药,化学制药,-2.5134766
1713,2025-01-27,SH.ZB_600337,美克家居,装修建材,-2.5140088
1714,2025-01-24,SH.KC_688699,明微电子,半导体,-2.5140095
1715,2025-01-24,SH.ZB_603960,克来机电,专用设备,-2.514135
1716,2025-01-27,SZ.ZB_002079,苏州固锝,半导体,-2.5142462
1717,2025-01-27,SH.ZB_600800,渤海化学,化学制品,-2.5143876
1718,2025-01-24,SZ.ZB_002508,老板电器,家电行业,-2.5144799
1719,2025-01-27,SH.ZB_600172,黄河旋风,非金属材料,-2.51448
1720,2025-01-24,SZ.ZB_000598,兴蓉环境,公用事业,-2.514577
1721,2025-01-24,SH.ZB_600783,鲁信创投,非金属材料,-2.5146246
1722,2025-01-27,SH.ZB_603010,万盛股份,化学制品,-2.5147336
1723,2025-01-24,SH.ZB_600611,大众交通,铁路公路,-2.51477
1724,2025-01-24,SH.KC_300908,仲景食品,食品饮料,-2.5147915
1725,2025-01-24,SH.ZB_600469,风神股份,橡胶制品,-2.5150049
1726,2025-01-24,SH.ZB_600726,华电能源,电力行业,-2.5151691
1727,2025-01-24,SH.ZB_600018,上港集团,航运港口,-2.5151808
1728,2025-01-24,SH.KC_300237,美晨科技,汽车零部件,-2.5153685
1729,2025-01-24,SH.KC_301215,中汽股份,汽车服务,-2.515438
1730,2025-01-27,SZ.ZB_000727,冠捷科技,光学光电子,-2.5155063
1731,2025-01-24,SH.ZB_600038,中直股份,航天航空,-2.5156374
1732,2025-01-24,SZ.ZB_002715,登云股份,汽车零部件,-2.5156875
1733,2025-01-24,SH.KC_301039,中集车辆,汽车整车,-2.5157597
1734,2025-01-24,SH.KC_688268,华特气体,电子化学品,-2.5159857
1735,2025-01-27,SH.ZB_603936,博敏电子,电子元件,-2.5162385
1736,2025-01-27,SZ.ZB_000875,吉电股份,电力行业,-2.516356
1737,2025-01-24,SZ.ZB_003012,东鹏控股,装修建材,-2.5165062
1738,2025-01-27,SH.KC_300858,科拓生物,食品饮料,-2.5165424
1739,2025-01-24,SH.ZB_603209,兴通股份,航运港口,-2.5165558
1740,2025-01-27,SH.ZB_600059,古越龙山,酿酒行业,-2.5167131
1741,2025-01-27,SH.ZB_600101,明星电力,电力行业,-2.5168533
1742,2025-01-27,SH.KC_301272,英华特,专用设备,-2.5168765
1743,2025-01-27,SZ.ZB_002406,远东传动,汽车零部件,-2.517223
1744,2025-01-27,SH.ZB_600925,苏能股份,煤炭行业,-2.5173578
1745,2025-01-24,SH.ZB_600743,华远地产,房地产开发,-2.5174527
1746,2025-01-27,SH.ZB_601995,中金公司,证券,-2.5175955
1747,2025-01-24,SH.ZB_601618,中国中冶,工程建设,-2.5176175
1748,2025-01-27,SZ.ZB_002702,海欣食品,食品饮料,-2.5176673
1749,2025-01-27,SH.KC_300402,宝色股份,专用设备,-2.517679
1750,2025-01-27,SZ.ZB_000060,中金岭南,有色金属,-2.5177257
1751,2025-01-24,SH.KC_301237,和顺科技,塑料制品,-2.5179577
1752,2025-01-27,SH.KC_688276,百克生物,生物制品,-2.5180113
1753,2025-01-27,SH.KC_300530,领湃科技,电池,-2.518272
1754,2025-01-27,SH.ZB_600834,申通地铁,铁路公路,-2.5183804
1755,2025-01-24,SH.ZB_601003,柳钢股份,钢铁行业,-2.5184295
1756,2025-01-24,SH.KC_688117,圣诺生物,化学制药,-2.5186782
1757,2025-01-27,SZ.ZB_000900,现代投资,铁路公路,-2.5187201
1758,2025-01-27,SH.ZB_603178,圣龙股份,汽车零部件,-2.518774
1759,2025-01-27,SZ.ZB_002614,奥佳华,家电行业,-2.5188785
1760,2025-01-27,SH.KC_300655,晶瑞电材,电子化学品,-2.519017
1761,2025-01-27,SZ.ZB_000919,金陵药业,中药,-2.5190876
1762,2025-01-27,SZ.ZB_002010,传化智联,物流行业,-2.5192463
1763,2025-01-27,SH.ZB_600531,豫光金铅,有色金属,-2.5193527
1764,2025-01-27,SH.ZB_600559,老白干酒,酿酒行业,-2.5194016
1765,2025-01-27,SH.ZB_603659,璞泰来,电池,-2.5194318
1766,2025-01-27,SH.ZB_600307,酒钢宏兴,钢铁行业,-2.5194893
1767,2025-01-27,SZ.ZB_001299,美能能源,燃气,-2.5196087
1768,2025-01-27,SH.ZB_603569,长久物流,物流行业,-2.5196645
1769,2025-01-27,SH.ZB_600809,山西汾酒,酿酒行业,-2.5198824
1770,2025-01-24,SH.ZB_600572,康恩贝,中药,-2.5199623
1771,2025-01-24,SH.ZB_600679,上海凤凰,交运设备,-2.5199804
1772,2025-01-27,SZ.ZB_002432,九安医疗,医疗器械,-2.5201516
1773,2025-01-27,SH.KC_300994,久祺股份,交运设备,-2.5201979
1774,2025-01-24,SH.ZB_603255,鼎际得,化学制品,-2.5205276
1775,2025-01-24,SH.KC_300077,国民技术,半导体,-2.5207326
1776,2025-01-24,SH.KC_300584,海辰药业,化学制药,-2.5210104
1777,2025-01-27,SH.KC_688639,华恒生物,化学制品,-2.5210657
1778,2025-01-24,SZ.ZB_000567,海德股份,多元金融,-2.5211263
1779,2025-01-27,SH.ZB_601311,骆驼股份,电池,-2.5211408
1780,2025-01-24,SH.KC_300244,迪安诊断,医疗服务,-2.5211885
1781,2025-01-27,SH.ZB_601975,招商南油,航运港口,-2.5212326
1782,2025-01-24,SH.ZB_600010,包钢股份,钢铁行业,-2.521615
1783,2025-01-27,SH.ZB_600125,铁龙物流,物流行业,-2.5217333
1784,2025-01-24,SH.ZB_600117,西宁特钢,钢铁行业,-2.5219944
1785,2025-01-24,SH.ZB_600025,华能水电,电力行业,-2.5220437
1786,2025-01-24,SH.ZB_600760,中航沈飞,航天航空,-2.5220847
1787,2025-01-24,SH.ZB_600497,驰宏锌锗,有色金属,-2.5225704
1788,2025-01-24,SH.KC_301246,宏源药业,化学制药,-2.5227451
1789,2025-01-27,SZ.ZB_002291,遥望科技,互联网服务,-2.522767
1790,2025-01-24,SH.ZB_600681,百川能源,燃气,-2.5228376
1791,2025-01-27,SZ.ZB_002940,昂利康,化学制药,-2.5228596
1792,2025-01-24,SH.KC_688236,春立医疗,医疗器械,-2.5229833
1793,2025-01-27,SH.ZB_600152,维科技术,电池,-2.523039
1794,2025-01-27,SZ.ZB_000513,丽珠集团,化学制药,-2.5230865
1795,2025-01-24,SH.KC_300637,扬帆新材,电子化学品,-2.5231407
1796,2025-01-24,SH.ZB_600829,人民同泰,医药商业,-2.5232422
1797,2025-01-24,SZ.ZB_000830,鲁西化工,化学原料,-2.5234754
1798,2025-01-24,SH.ZB_605567,春雪食品,食品饮料,-2.523575
1799,2025-01-27,SH.ZB_600575,淮河能源,物流行业,-2.523656
1800,2025-01-27,SH.ZB_601636,旗滨集团,玻璃玻纤,-2.5236766
1801,2025-01-27,SZ.ZB_002550,千红制药,化学制药,-2.5239167
1802,2025-01-24,SH.KC_300259,新天科技,仪器仪表,-2.5239174
1803,2025-01-24,SZ.ZB_002267,陕天然气,燃气,-2.5239952
1804,2025-01-27,SZ.ZB_001358,兴欣新材,化学原料,-2.5240614
1805,2025-01-24,SH.KC_300855,图南股份,有色金属,-2.524132
1806,2025-01-24,SZ.ZB_000828,东莞控股,铁路公路,-2.5242243
1807,2025-01-24,SZ.ZB_002029,七 匹 狼,纺织服装,-2.5245228
1808,2025-01-27,SH.KC_301516,中远通,电源设备,-2.524532
1809,2025-01-27,SZ.ZB_001360,南矿集团,专用设备,-2.5246525
1810,2025-01-24,SH.ZB_601117,中国化学,工程建设,-2.5247989
1811,2025-01-24,SH.ZB_600876,凯盛新能,光伏设备,-2.5248022
1812,2025-01-27,SH.KC_300034,钢研高纳,有色金属,-2.525034
1813,2025-01-24,SZ.ZB_002393,力生制药,化学制药,-2.5252972
1814,2025-01-27,SH.ZB_600032,浙江新能,电力行业,-2.5255063
1815,2025-01-24,SZ.ZB_000019,深粮控股,贸易行业,-2.5255105
1816,2025-01-27,SZ.ZB_002033,丽江股份,旅游酒店,-2.5255313
1817,2025-01-27,SH.ZB_605123,派克新材,通用设备,-2.5255556
1818,2025-01-24,SZ.ZB_002383,合众思壮,计算机设备,-2.5255775
1819,2025-01-24,SZ.ZB_002340,格林美,能源金属,-2.5256839
1820,2025-01-27,SZ.ZB_002482,广田集团,装修装饰,-2.5259576
1821,2025-01-27,SZ.ZB_002252,上海莱士,生物制品,-2.5260897
1822,2025-01-24,SH.KC_301207,华兰疫苗,生物制品,-2.5261018
1823,2025-01-24,SH.ZB_600814,杭州解百,商业百货,-2.5261114
1824,2025-01-27,SZ.ZB_000062,深圳华强,电子元件,-2.526277
1825,2025-01-24,SZ.ZB_002079,苏州固锝,半导体,-2.5264192
1826,2025-01-27,SZ.ZB_002215,诺 普 信,农药兽药,-2.5270078
1827,2025-01-24,SH.ZB_601008,连云港,航运港口,-2.5270832
1828,2025-01-27,SZ.ZB_001213,中铁特货,物流行业,-2.5272477
1829,2025-01-27,SZ.ZB_002810,山东赫达,化学制品,-2.5272927
1830,2025-01-24,SZ.ZB_000635,英 力 特,化学原料,-2.5277023
1831,2025-01-27,SZ.ZB_000685,中山公用,公用事业,-2.5278285
1832,2025-01-24,SH.ZB_600057,厦门象屿,物流行业,-2.5279055
1833,2025-01-27,SH.KC_301362,民爆光电,家电行业,-2.5279162
1834,2025-01-24,SH.ZB_600313,农发种业,农牧饲渔,-2.528105
1835,2025-01-24,SH.KC_300082,奥克股份,化学原料,-2.528202
1836,2025-01-24,SZ.ZB_000166,申万宏源,证券,-2.5282066
1837,2025-01-27,SH.KC_300122,智飞生物,生物制品,-2.5282617
1838,2025-01-27,SH.KC_300761,立华股份,农牧饲渔,-2.5283341
1839,2025-01-24,SZ.ZB_002169,智光电气,电网设备,-2.5283766
1840,2025-01-24,SH.ZB_601086,国芳集团,商业百货,-2.5284312
1841,2025-01-27,SH.ZB_600153,建发股份,贸易行业,-2.528578
1842,2025-01-24,SH.ZB_600460,士兰微,半导体,-2.5286798
1843,2025-01-24,SH.KC_688779,五矿新能,电池,-2.528942
1844,2025-01-24,SH.ZB_601677,明泰铝业,有色金属,-2.52896
1845,2025-01-27,SZ.ZB_000899,赣能股份,电力行业,-2.5290272
1846,2025-01-24,SH.ZB_600033,福建高速,铁路公路,-2.5291774
1847,2025-01-27,SH.ZB_603966,法兰泰克,专用设备,-2.529312
1848,2025-01-27,SH.ZB_600969,郴电国际,电力行业,-2.529316
1849,2025-01-27,SH.ZB_603035,常熟汽饰,汽车零部件,-2.5293205
1850,2025-01-27,SZ.ZB_000930,中粮科技,农牧饲渔,-2.5294206
1851,2025-01-24,SZ.ZB_002551,尚荣医疗,医疗器械,-2.5295124
1852,2025-01-27,SH.KC_300482,万孚生物,医疗器械,-2.5297377
1853,2025-01-24,SH.KC_300737,科顺股份,装修建材,-2.5297587
1854,2025-01-27,SH.KC_300086,康芝药业,化学制药,-2.5299807
1855,2025-01-27,SH.ZB_600820,隧道股份,工程建设,-2.5300603
1856,2025-01-27,SH.ZB_601633,长城汽车,汽车整车,-2.5300603
1857,2025-01-27,SH.ZB_601008,连云港,航运港口,-2.5302196
1858,2025-01-24,SZ.ZB_000589,贵州轮胎,橡胶制品,-2.5303235
1859,2025-01-24,SH.KC_688711,宏微科技,半导体,-2.5303316
1860,2025-01-24,SZ.ZB_002020,京新药业,化学制药,-2.5303853
1861,2025-01-27,SH.ZB_603566,普莱柯,农药兽药,-2.5305703
1862,2025-01-24,SH.ZB_600167,联美控股,公用事业,-2.5306027
1863,2025-01-24,SH.KC_301306,西测测试,专业服务,-2.5308409
1864,2025-01-24,SH.KC_300214,日科化学,塑料制品,-2.5308895
1865,2025-01-27,SH.ZB_603126,中材节能,环保行业,-2.531006
1866,2025-01-24,SH.ZB_603883,老百姓,医药商业,-2.5310793
1867,2025-01-27,SH.KC_300041,回天新材,化学制品,-2.5310845
1868,2025-01-24,SZ.ZB_002161,远 望 谷,电子元件,-2.5311165
1869,2025-01-27,SH.ZB_601766,中国中车,交运设备,-2.5312335
1870,2025-01-24,SH.KC_300243,瑞丰高材,塑料制品,-2.5312743
1871,2025-01-27,SH.ZB_600867,通化东宝,生物制品,-2.5314262
1872,2025-01-27,SZ.ZB_002727,一心堂,医药商业,-2.5314434
1873,2025-01-24,SZ.ZB_000025,特  力Ａ,珠宝首饰,-2.5321536
1874,2025-01-27,SH.ZB_600018,上港集团,航运港口,-2.5322137
1875,2025-01-24,SH.KC_300932,三友联众,电网设备,-2.5322464
1876,2025-01-24,SZ.ZB_000798,中水渔业,农牧饲渔,-2.5323248
1877,2025-01-24,SH.KC_301528,多浦乐,仪器仪表,-2.5324495
1878,2025-01-24,SH.ZB_600666,奥瑞德,光学光电子,-2.5326896
1879,2025-01-24,SH.ZB_601991,大唐发电,电力行业,-2.5327942
1880,2025-01-27,SH.ZB_600863,内蒙华电,电力行业,-2.532818
1881,2025-01-27,SH.ZB_600023,浙能电力,电力行业,-2.5329604
1882,2025-01-27,SZ.ZB_002935,天奥电子,通信设备,-2.5330062
1883,2025-01-24,SZ.ZB_001358,兴欣新材,化学原料,-2.5332744
1884,2025-01-24,SH.KC_300676,华大基因,医疗器械,-2.5335178
1885,2025-01-24,SZ.ZB_001696,宗申动力,交运设备,-2.5335207
1886,2025-01-24,SZ.ZB_002562,兄弟科技,化学制品,-2.533673
1887,2025-01-24,SZ.ZB_000012,南  玻Ａ,玻璃玻纤,-2.5339034
1888,2025-01-24,SH.KC_301587,中瑞股份,电池,-2.533989
1889,2025-01-24,SH.ZB_601588,北辰实业,房地产服务,-2.5340452
1890,2025-01-24,SH.KC_300706,阿石创,半导体,-2.5342982
1891,2025-01-27,SH.ZB_600960,渤海汽车,汽车零部件,-2.534424
1892,2025-01-24,SH.ZB_601816,京沪高铁,铁路公路,-2.5344656
1893,2025-01-24,SZ.ZB_002727,一心堂,医药商业,-2.5344808
1894,2025-01-24,SZ.ZB_002034,旺能环境,环保行业,-2.5346422
1895,2025-01-24,SZ.ZB_002690,美亚光电,专用设备,-2.534666
1896,2025-01-24,SH.KC_300455,航天智装,计算机设备,-2.5347962
1897,2025-01-24,SH.ZB_603579,荣泰健康,家电行业,-2.534813
1898,2025-01-27,SH.KC_688772,珠海冠宇,电池,-2.5349946
1899,2025-01-27,SH.ZB_600807,济高发展,医疗器械,-2.535485
1900,2025-01-27,SH.ZB_603689,皖天然气,燃气,-2.5355072
1901,2025-01-27,SH.ZB_600862,中航高科,航天航空,-2.5355096
1902,2025-01-24,SH.ZB_603237,五芳斋,食品饮料,-2.5356026
1903,2025-01-24,SH.KC_300044,赛为智能,互联网服务,-2.5361834
1904,2025-01-24,SH.ZB_603938,三孚股份,化学制品,-2.536289
1905,2025-01-27,SH.KC_300751,迈为股份,光伏设备,-2.536292
1906,2025-01-24,SH.ZB_601668,中国建筑,工程建设,-2.5366306
1907,2025-01-27,SH.ZB_601106,中国一重,专用设备,-2.5371525
1908,2025-01-24,SH.KC_688420,美腾科技,专用设备,-2.5371685
1909,2025-01-27,SH.ZB_600309,万华化学,化学制品,-2.5373948
1910,2025-01-24,SH.ZB_605123,派克新材,通用设备,-2.5374572
1911,2025-01-24,SH.KC_300647,超频三,消费电子,-2.537688
1912,2025-01-27,SZ.ZB_002690,美亚光电,专用设备,-2.537701
1913,2025-01-24,SZ.ZB_002101,广东鸿图,汽车零部件,-2.5377908
1914,2025-01-24,SH.ZB_601518,吉林高速,铁路公路,-2.538014
1915,2025-01-24,SZ.ZB_002545,东方铁塔,化肥行业,-2.5383208
1916,2025-01-27,SH.KC_300653,正海生物,医疗器械,-2.5383894
1917,2025-01-24,SH.ZB_603217,元利科技,化学制品,-2.5384312
1918,2025-01-24,SH.KC_688193,仁度生物,生物制品,-2.538584
1919,2025-01-24,SH.ZB_603168,莎普爱思,化学制药,-2.538684
1920,2025-01-27,SZ.ZB_003035,南网能源,专业服务,-2.538761
1921,2025-01-24,SH.ZB_600458,时代新材,风电设备,-2.5388718
1922,2025-01-27,SH.ZB_603889,新澳股份,纺织服装,-2.5389097
1923,2025-01-27,SZ.ZB_002832,比音勒芬,纺织服装,-2.538956
1924,2025-01-27,SH.KC_300451,创业慧康,软件开发,-2.5390086
1925,2025-01-27,SH.ZB_601222,林洋能源,仪器仪表,-2.5390387
1926,2025-01-24,SH.ZB_600050,中国联通,通信服务,-2.5392103
1927,2025-01-24,SH.KC_688728,格科微,半导体,-2.5392895
1928,2025-01-24,SH.KC_300662,科锐国际,专业服务,-2.5393727
1929,2025-01-24,SZ.ZB_002228,合兴包装,包装材料,-2.5395253
1930,2025-01-27,SH.ZB_600470,六国化工,化肥行业,-2.5399518
1931,2025-01-27,SH.ZB_600743,华远地产,房地产开发,-2.5399961
1932,2025-01-24,SH.ZB_600361,创新新材,有色金属,-2.540229
1933,2025-01-27,SZ.ZB_002383,合众思壮,计算机设备,-2.54033
1934,2025-01-24,SH.KC_300377,赢时胜,软件开发,-2.5403929
1935,2025-01-27,SH.KC_301357,北方长龙,汽车零部件,-2.5406578
1936,2025-01-24,SH.ZB_600269,赣粤高速,铁路公路,-2.5407503
1937,2025-01-24,SH.ZB_603113,金能科技,化学原料,-2.5408053
1938,2025-01-24,SZ.ZB_000792,盐湖股份,化肥行业,-2.540874
1939,2025-01-24,SZ.ZB_000045,深纺织Ａ,光学光电子,-2.5410068
1940,2025-01-24,SZ.ZB_002159,三特索道,旅游酒店,-2.5410821
1941,2025-01-24,SH.ZB_600995,南网储能,电力行业,-2.541089
1942,2025-01-24,SH.ZB_600307,酒钢宏兴,钢铁行业,-2.5411515
1943,2025-01-27,SH.ZB_605136,丽人丽妆,商业百货,-2.5413465
1944,2025-01-27,SH.KC_300217,东方电热,家电行业,-2.5418892
1945,2025-01-24,SZ.ZB_000965,天保基建,房地产开发,-2.541905
1946,2025-01-24,SZ.ZB_002482,广田集团,装修装饰,-2.5422025
1947,2025-01-27,SZ.ZB_002841,视源股份,消费电子,-2.542222
1948,2025-01-24,SH.KC_688310,迈得医疗,专用设备,-2.542234
1949,2025-01-24,SH.KC_301518,长华化学,化学制品,-2.5423012
1950,2025-01-24,SH.KC_301500,飞南资源,环保行业,-2.5423312
1951,2025-01-24,SH.KC_300416,苏试试验,专业服务,-2.5425088
1952,2025-01-27,SZ.ZB_002154,报 喜 鸟,纺织服装,-2.542604
1953,2025-01-24,SZ.ZB_002088,鲁阳节能,装修建材,-2.5427575
1954,2025-01-27,SZ.ZB_002963,豪尔赛,装修装饰,-2.5427737
1955,2025-01-24,SH.ZB_600399,抚顺特钢,钢铁行业,-2.5428512
1956,2025-01-24,SZ.ZB_000685,中山公用,公用事业,-2.5429265
1957,2025-01-27,SH.KC_301087,可孚医疗,医疗器械,-2.5429313
1958,2025-01-27,SH.KC_300101,振芯科技,通信设备,-2.5431645
1959,2025-01-24,SH.ZB_603170,宝立食品,食品饮料,-2.5434291
1960,2025-01-27,SH.KC_301355,南王科技,造纸印刷,-2.5434844
1961,2025-01-27,SZ.ZB_000690,宝新能源,电力行业,-2.5437052
1962,2025-01-24,SH.KC_300648,星云股份,电池,-2.5439496
1963,2025-01-27,SZ.ZB_000828,东莞控股,铁路公路,-2.5439653
1964,2025-01-24,SH.ZB_605399,晨光新材,化学制品,-2.54423
1965,2025-01-27,SH.KC_300073,当升科技,电池,-2.5442936
1966,2025-01-27,SZ.ZB_002867,周大生,珠宝首饰,-2.5443993
1967,2025-01-24,SH.ZB_603983,丸美生物,美容护理,-2.5444257
1968,2025-01-24,SZ.ZB_000529,广弘控股,食品饮料,-2.544612
1969,2025-01-24,SH.KC_688385,复旦微电,半导体,-2.5446453
1970,2025-01-27,SH.ZB_603043,广州酒家,食品饮料,-2.5447183
1971,2025-01-27,SZ.ZB_002057,中钢天源,非金属材料,-2.5447373
1972,2025-01-24,SH.KC_688599,天合光能,光伏设备,-2.5448866
1973,2025-01-27,SZ.ZB_000561,烽火电子,通信设备,-2.5448923
1974,2025-01-24,SH.ZB_600221,海航控股,航空机场,-2.5449045
1975,2025-01-27,SZ.ZB_002381,双箭股份,橡胶制品,-2.544936
1976,2025-01-27,SH.KC_688176,亚虹医药-U,生物制品,-2.5451188
1977,2025-01-24,SH.ZB_601000,唐山港,航运港口,-2.5451708
1978,2025-01-27,SH.KC_300957,贝泰妮,美容护理,-2.5452216
1979,2025-01-27,SZ.ZB_002952,亚世光电,光学光电子,-2.5454268
1980,2025-01-24,SH.KC_301048,金鹰重工,交运设备,-2.545443
1981,2025-01-27,SZ.ZB_002805,丰元股份,电池,-2.5455601
1982,2025-01-24,SZ.ZB_002428,云南锗业,小金属,-2.5456696
1983,2025-01-24,SH.ZB_603390,通达电气,汽车零部件,-2.545729
1984,2025-01-24,SZ.ZB_000014,沙河股份,房地产开发,-2.5458257
1985,2025-01-27,SH.ZB_603858,步长制药,中药,-2.5458634
1986,2025-01-27,SH.KC_300070,碧水源,环保行业,-2.5462298
1987,2025-01-27,SH.ZB_600284,浦东建设,工程建设,-2.5463197
1988,2025-01-27,SH.ZB_601668,中国建筑,工程建设,-2.546325
1989,2025-01-24,SH.ZB_603351,威尔药业,化学制药,-2.5464883
1990,2025-01-27,SZ.ZB_000993,闽东电力,电力行业,-2.5465043
1991,2025-01-24,SH.KC_300107,建新股份,化学制品,-2.5465565
1992,2025-01-27,SH.KC_300841,康华生物,生物制品,-2.5467916
1993,2025-01-27,SZ.ZB_002293,罗莱生活,纺织服装,-2.546798
1994,2025-01-27,SZ.ZB_000751,锌业股份,有色金属,-2.5470037
1995,2025-01-24,SH.ZB_601339,百隆东方,纺织服装,-2.5470312
1996,2025-01-24,SH.ZB_600642,申能股份,电力行业,-2.5470915
1997,2025-01-27,SH.ZB_600444,国机通用,专用设备,-2.5472097
1998,2025-01-24,SH.ZB_600490,鹏欣资源,有色金属,-2.54721
1999,2025-01-24,SZ.ZB_002478,常宝股份,钢铁行业,-2.5472584
2000,2025-01-24,SH.ZB_600789,鲁抗医药,化学制药,-2.5472832
2001,2025-01-24,SH.ZB_601860,紫金银行,银行,-2.5472856
2002,2025-01-24,SH.KC_300904,威力传动,风电设备,-2.5473478
2003,2025-01-24,SH.KC_300138,晨光生物,农牧饲渔,-2.547379
2004,2025-01-27,SH.KC_300215,电科院,专业服务,-2.5475268
2005,2025-01-24,SH.ZB_600583,海油工程,采掘行业,-2.547635
2006,2025-01-24,SH.KC_300853,申昊科技,通用设备,-2.5478296
2007,2025-01-24,SH.KC_688122,西部超导,有色金属,-2.5478663
2008,2025-01-27,SH.KC_688041,海光信息,半导体,-2.5479662
2009,2025-01-27,SH.ZB_605377,华旺科技,造纸印刷,-2.548079
2010,2025-01-24,SH.KC_300140,节能环境,环保行业,-2.5480845
2011,2025-01-24,SH.ZB_603187,海容冷链,通用设备,-2.5482428
2012,2025-01-27,SH.KC_688488,艾迪药业,生物制品,-2.5482543
2013,2025-01-27,SH.KC_301125,腾亚精工,通用设备,-2.5483418
2014,2025-01-27,SZ.ZB_000848,承德露露,食品饮料,-2.5484703
2015,2025-01-24,SH.KC_300340,科恒股份,电池,-2.5488265
2016,2025-01-24,SH.ZB_601212,白银有色,有色金属,-2.548913
2017,2025-01-27,SH.ZB_603519,立霸股份,家电行业,-2.5489159
2018,2025-01-24,SH.ZB_600257,大湖股份,农牧饲渔,-2.5489445
2019,2025-01-24,SZ.ZB_000058,深 赛 格,商业百货,-2.5490098
2020,2025-01-24,SZ.ZB_002266,浙富控股,环保行业,-2.5491812
2021,2025-01-27,SZ.ZB_002083,孚日股份,纺织服装,-2.5493352
2022,2025-01-24,SZ.ZB_000878,云南铜业,有色金属,-2.5494206
2023,2025-01-27,SH.ZB_600521,华海药业,化学制药,-2.549665
2024,2025-01-27,SH.ZB_600004,白云机场,航空机场,-2.55004
2025,2025-01-24,SZ.ZB_002202,金风科技,风电设备,-2.5501223
2026,2025-01-27,SH.ZB_600029,南方航空,航空机场,-2.550197
2027,2025-01-27,SH.ZB_603239,浙江仙通,汽车零部件,-2.5503476
2028,2025-01-24,SH.ZB_603053,成都燃气,燃气,-2.5504925
2029,2025-01-24,SH.KC_300287,飞利信,互联网服务,-2.5505607
2030,2025-01-24,SH.KC_300482,万孚生物,医疗器械,-2.5505757
2031,2025-01-24,SH.ZB_601188,龙江交通,铁路公路,-2.5506914
2032,2025-01-27,SH.ZB_600340,华夏幸福,房地产开发,-2.5506995
2033,2025-01-27,SH.ZB_601086,国芳集团,商业百货,-2.5507495
2034,2025-01-24,SH.ZB_600352,浙江龙盛,化学制品,-2.5508587
2035,2025-01-27,SH.ZB_605288,凯迪股份,专用设备,-2.55102
2036,2025-01-24,SZ.ZB_002040,南 京 港,航运港口,-2.5511413
2037,2025-01-24,SH.KC_300294,博雅生物,生物制品,-2.5511436
2038,2025-01-27,SH.KC_301109,军信股份,环保行业,-2.551161
2039,2025-01-27,SH.ZB_600903,贵州燃气,燃气,-2.5515685
2040,2025-01-24,SH.KC_300160,秀强股份,家电行业,-2.5517197
2041,2025-01-24,SZ.ZB_000931,中 关 村,化学制药,-2.5517852
2042,2025-01-24,SZ.ZB_000788,北大医药,化学制药,-2.5521297
2043,2025-01-27,SH.KC_688709,成都华微,半导体,-2.5521505
2044,2025-01-27,SH.ZB_600067,冠城新材,电网设备,-2.5522459
2045,2025-01-27,SZ.ZB_000011,深物业A,房地产开发,-2.5523195
2046,2025-01-24,SH.KC_688613,奥精医疗,医疗器械,-2.5524654
2047,2025-01-27,SH.ZB_600400,红豆股份,纺织服装,-2.553069
2048,2025-01-27,SZ.ZB_000966,长源电力,电力行业,-2.5532393
2049,2025-01-24,SH.ZB_600533,栖霞建设,房地产开发,-2.5533545
2050,2025-01-27,SZ.ZB_000695,滨海能源,造纸印刷,-2.5536244
2051,2025-01-27,SH.KC_300214,日科化学,塑料制品,-2.5537074
2052,2025-01-27,SH.ZB_603345,安井食品,食品饮料,-2.5537226
2053,2025-01-27,SH.ZB_600583,海油工程,采掘行业,-2.5539207
2054,2025-01-24,SZ.ZB_002847,盐津铺子,食品饮料,-2.5539534
2055,2025-01-24,SH.ZB_600055,万东医疗,医疗器械,-2.553973
2056,2025-01-27,SH.ZB_603730,岱美股份,汽车零部件,-2.5543053
2057,2025-01-27,SZ.ZB_000519,中兵红箭,专用设备,-2.554459
2058,2025-01-24,SH.ZB_600351,亚宝药业,中药,-2.5544646
2059,2025-01-24,SH.ZB_603681,永冠新材,化学制品,-2.5545049
2060,2025-01-24,SZ.ZB_002791,坚朗五金,装修建材,-2.5545745
2061,2025-01-24,SH.ZB_601908,京运通,光伏设备,-2.554584
2062,2025-01-27,SH.KC_688268,华特气体,电子化学品,-2.554733
2063,2025-01-27,SZ.ZB_000538,云南白药,中药,-2.5549836
2064,2025-01-24,SH.KC_688069,德林海,环保行业,-2.555018
2065,2025-01-27,SZ.ZB_002367,康力电梯,专用设备,-2.5550551
2066,2025-01-24,SH.KC_688409,富创精密,半导体,-2.5550978
2067,2025-01-24,SH.ZB_600518,康美药业,中药,-2.555277
2068,2025-01-27,SH.ZB_600436,片仔癀,中药,-2.5556293
2069,2025-01-27,SH.ZB_603939,益丰药房,医药商业,-2.555793
2070,2025-01-24,SH.ZB_600428,中远海特,航运港口,-2.5563543
2071,2025-01-27,SZ.ZB_001317,三羊马,物流行业,-2.5564342
2072,2025-01-27,SH.KC_300567,精测电子,仪器仪表,-2.5564454
2073,2025-01-24,SH.KC_300347,泰格医药,医疗服务,-2.5564723
2074,2025-01-24,SH.ZB_600770,综艺股份,综合行业,-2.5566359
2075,2025-01-24,SH.ZB_600508,上海能源,煤炭行业,-2.5566638
2076,2025-01-24,SZ.ZB_000829,天音控股,贸易行业,-2.5567043
2077,2025-01-24,SH.KC_301505,苏州规划,工程咨询服务,-2.5569732
2078,2025-01-24,SH.ZB_603365,水星家纺,纺织服装,-2.557077
2079,2025-01-27,SH.ZB_601908,京运通,光伏设备,-2.5574534
2080,2025-01-24,SH.ZB_601007,金陵饭店,旅游酒店,-2.5575154
2081,2025-01-24,SH.ZB_601106,中国一重,专用设备,-2.5576134
2082,2025-01-24,SH.KC_301037,保立佳,化学制品,-2.5576704
2083,2025-01-24,SZ.ZB_002355,兴民智通,汽车零部件,-2.557818
2084,2025-01-27,SH.KC_300775,三角防务,航天航空,-2.5578613
2085,2025-01-27,SH.ZB_603967,中创物流,物流行业,-2.5579417
2086,2025-01-24,SH.ZB_603056,德邦股份,物流行业,-2.5579617
2087,2025-01-27,SH.ZB_603488,展鹏科技,专用设备,-2.5581625
2088,2025-01-27,SH.ZB_603060,国检集团,专业服务,-2.558169
2089,2025-01-24,SH.ZB_601328,交通银行,银行,-2.5583143
2090,2025-01-27,SH.ZB_600197,伊力特,酿酒行业,-2.558358
2091,2025-01-24,SH.KC_300723,一品红,化学制药,-2.5583646
2092,2025-01-24,SH.KC_688295,中复神鹰,化纤行业,-2.5584192
2093,2025-01-27,SH.ZB_603195,公牛集团,家用轻工,-2.5584464
2094,2025-01-27,SH.ZB_600703,三安光电,光学光电子,-2.558511
2095,2025-01-24,SH.KC_300827,上能电气,光伏设备,-2.5586395
2096,2025-01-24,SH.KC_300614,百川畅银,环保行业,-2.559021
2097,2025-01-24,SH.ZB_601133,柏诚股份,工程建设,-2.5590718
2098,2025-01-24,SH.KC_688238,和元生物,医疗服务,-2.559076
2099,2025-01-24,SZ.ZB_002746,仙坛股份,农牧饲渔,-2.5592082
2100,2025-01-24,SH.ZB_603839,安正时尚,纺织服装,-2.559248
2101,2025-01-27,SH.ZB_600886,国投电力,电力行业,-2.5594563
2102,2025-01-27,SZ.ZB_002345,潮宏基,珠宝首饰,-2.559469
2103,2025-01-24,SH.KC_300181,佐力药业,中药,-2.5596225
2104,2025-01-27,SZ.ZB_000906,浙商中拓,物流行业,-2.5597146
2105,2025-01-24,SH.ZB_603369,今世缘,酿酒行业,-2.5597599
2106,2025-01-24,SZ.ZB_000011,深物业A,房地产开发,-2.5597801
2107,2025-01-24,SH.KC_301586,佳力奇,航天航空,-2.559786
2108,2025-01-27,SZ.ZB_000831,中国稀土,小金属,-2.5598216
2109,2025-01-24,SH.ZB_600746,江苏索普,化学原料,-2.5601165
2110,2025-01-24,SH.ZB_600589,大位科技,互联网服务,-2.5603893
2111,2025-01-24,SH.KC_300490,华自科技,电网设备,-2.5604753
2112,2025-01-24,SH.ZB_603982,泉峰汽车,汽车零部件,-2.5605314
2113,2025-01-24,SH.ZB_603489,八方股份,电机,-2.560844
2114,2025-01-27,SH.ZB_603456,九洲药业,化学制药,-2.5611029
2115,2025-01-27,SH.KC_300196,长海股份,玻璃玻纤,-2.5611746
2116,2025-01-24,SH.KC_688057,金达莱,环保行业,-2.5614421
2117,2025-01-24,SZ.ZB_001326,联域股份,光学光电子,-2.5617979
2118,2025-01-27,SZ.ZB_000035,中国天楹,环保行业,-2.5620334
2119,2025-01-27,SZ.ZB_002847,盐津铺子,食品饮料,-2.5622363
2120,2025-01-27,SZ.ZB_002190,成飞集成,汽车零部件,-2.5622678
2121,2025-01-27,SH.ZB_600352,浙江龙盛,化学制品,-2.562689
2122,2025-01-27,SZ.ZB_002294,信立泰,化学制药,-2.5629177
2123,2025-01-24,SZ.ZB_002714,牧原股份,农牧饲渔,-2.563209
2124,2025-01-24,SH.ZB_601888,中国中免,旅游酒店,-2.563421
2125,2025-01-24,SH.KC_301529,福赛科技,汽车零部件,-2.5635135
2126,2025-01-24,SZ.ZB_002983,芯瑞达,光学光电子,-2.5636168
2127,2025-01-24,SH.KC_300171,东富龙,医疗器械,-2.5640817
2128,2025-01-27,SZ.ZB_002053,云南能投,综合行业,-2.5641549
2129,2025-01-27,SH.ZB_603515,欧普照明,家电行业,-2.5642285
2130,2025-01-27,SH.KC_688627,精智达,专用设备,-2.5642285
2131,2025-01-27,SH.KC_688553,汇宇制药-W,化学制药,-2.5642323
2132,2025-01-24,SZ.ZB_000001,平安银行,银行,-2.5645566
2133,2025-01-24,SH.ZB_600548,深高速,铁路公路,-2.5645797
2134,2025-01-24,SH.ZB_601088,中国神华,煤炭行业,-2.564733
2135,2025-01-27,SZ.ZB_000718,苏宁环球,房地产开发,-2.564889
2136,2025-01-27,SH.KC_301320,豪江智能,电子元件,-2.5651238
2137,2025-01-27,SZ.ZB_000001,平安银行,银行,-2.5652304
2138,2025-01-24,SZ.ZB_002114,罗平锌电,有色金属,-2.5652635
2139,2025-01-24,SH.ZB_601997,贵阳银行,银行,-2.5653903
2140,2025-01-27,SH.ZB_600271,航天信息,互联网服务,-2.565426
2141,2025-01-24,SH.KC_688037,芯源微,半导体,-2.565461
2142,2025-01-27,SH.ZB_603712,七一二,通信设备,-2.5654852
2143,2025-01-24,SZ.ZB_002356,赫美集团,贸易行业,-2.5654893
2144,2025-01-24,SH.ZB_600862,中航高科,航天航空,-2.565538
2145,2025-01-24,SZ.ZB_002673,西部证券,证券,-2.5655801
2146,2025-01-24,SH.ZB_601989,中国重工,船舶制造,-2.5656543
2147,2025-01-24,SZ.ZB_001203,大中矿业,钢铁行业,-2.5657396
2148,2025-01-24,SH.KC_300796,贝斯美,农药兽药,-2.5657635
2149,2025-01-24,SH.ZB_600512,腾达建设,工程建设,-2.5657988
2150,2025-01-24,SH.KC_300739,明阳电路,电子元件,-2.5658157
2151,2025-01-24,SH.KC_301088,戎美股份,纺织服装,-2.5661707
2152,2025-01-24,SH.KC_300317,珈伟新能,光伏设备,-2.566269
2153,2025-01-24,SH.KC_300185,通裕重工,风电设备,-2.5664077
2154,2025-01-27,SH.KC_300804,广康生化,农药兽药,-2.5664184
2155,2025-01-24,SH.KC_301256,华融化学,化学原料,-2.566441
2156,2025-01-24,SH.ZB_603043,广州酒家,食品饮料,-2.5666173
2157,2025-01-27,SH.ZB_600343,航天动力,专用设备,-2.5667424
2158,2025-01-27,SH.ZB_600872,中炬高新,食品饮料,-2.5669765
2159,2025-01-24,SZ.ZB_002550,千红制药,化学制药,-2.56701
2160,2025-01-24,SH.ZB_600975,新五丰,农牧饲渔,-2.5670404
2161,2025-01-24,SH.ZB_603444,吉比特,游戏,-2.5671835
2162,2025-01-24,SH.ZB_603606,东方电缆,电网设备,-2.5673509
2163,2025-01-24,SZ.ZB_002140,东华科技,工程建设,-2.5676603
2164,2025-01-27,SZ.ZB_000731,四川美丰,化肥行业,-2.5678954
2165,2025-01-27,SZ.ZB_002796,世嘉科技,专用设备,-2.5680633
2166,2025-01-24,SH.ZB_601096,宏盛华源,电网设备,-2.5681798
2167,2025-01-24,SH.KC_688317,之江生物,医疗器械,-2.568194
2168,2025-01-24,SZ.ZB_000690,宝新能源,电力行业,-2.5681984
2169,2025-01-27,SH.KC_301607,富特科技,汽车零部件,-2.5683093
2170,2025-01-24,SH.ZB_600110,诺德股份,电池,-2.5684826
2171,2025-01-27,SZ.ZB_000012,南  玻Ａ,玻璃玻纤,-2.568544
2172,2025-01-24,SH.ZB_600586,金晶科技,玻璃玻纤,-2.568553
2173,2025-01-24,SZ.ZB_000596,古井贡酒,酿酒行业,-2.5687888
2174,2025-01-24,SH.ZB_600761,安徽合力,工程机械,-2.5687914
2175,2025-01-24,SZ.ZB_002044,美年健康,医疗服务,-2.5689743
2176,2025-01-24,SH.ZB_603916,苏博特,化学制品,-2.5689888
2177,2025-01-27,SH.ZB_600353,旭光电子,电子元件,-2.5690193
2178,2025-01-24,SH.KC_300761,立华股份,农牧饲渔,-2.569043
2179,2025-01-24,SH.ZB_600744,华银电力,电力行业,-2.569055
2180,2025-01-24,SH.KC_300575,中旗股份,农药兽药,-2.5691113
2181,2025-01-27,SZ.ZB_002034,旺能环境,环保行业,-2.5692215
2182,2025-01-24,SH.ZB_601995,中金公司,证券,-2.569396
2183,2025-01-24,SH.KC_688063,派能科技,电池,-2.5694158
2184,2025-01-24,SH.ZB_600116,三峡水利,电力行业,-2.5695534
2185,2025-01-27,SZ.ZB_000410,沈阳机床,通用设备,-2.569783
2186,2025-01-24,SH.ZB_600582,天地科技,专用设备,-2.5699093
2187,2025-01-27,SH.KC_301295,美硕科技,电网设备,-2.5699544
2188,2025-01-27,SZ.ZB_000523,红棉股份,食品饮料,-2.570277
2189,2025-01-27,SH.ZB_601798,蓝科高新,专用设备,-2.5703158
2190,2025-01-24,SZ.ZB_002601,龙佰集团,化学原料,-2.570362
2191,2025-01-27,SH.ZB_600338,西藏珠峰,有色金属,-2.5704565
2192,2025-01-27,SH.KC_688459,哈铁科技,交运设备,-2.5704916
2193,2025-01-24,SH.ZB_600716,凤凰股份,房地产开发,-2.5707054
2194,2025-01-24,SH.KC_688120,华海清科,半导体,-2.570817
2195,2025-01-24,SZ.ZB_000035,中国天楹,环保行业,-2.5710828
2196,2025-01-24,SZ.ZB_000420,吉林化纤,化纤行业,-2.5711164
2197,2025-01-24,SH.KC_300729,乐歌股份,家用轻工,-2.5711265
2198,2025-01-24,SH.KC_301567,贝隆精密,消费电子,-2.5711277
2199,2025-01-24,SH.ZB_600327,大东方,医疗服务,-2.571452
2200,2025-01-27,SH.ZB_603279,景津装备,专用设备,-2.571688
2201,2025-01-24,SH.ZB_603689,皖天然气,燃气,-2.5717046
2202,2025-01-24,SH.ZB_603076,乐惠国际,专用设备,-2.5717134
2203,2025-01-24,SH.KC_301533,威马农机,专用设备,-2.5719604
2204,2025-01-27,SH.ZB_600378,昊华科技,化学制品,-2.5720925
2205,2025-01-24,SH.ZB_600403,大有能源,煤炭行业,-2.5722814
2206,2025-01-24,SH.ZB_600339,中油工程,采掘行业,-2.572305
2207,2025-01-27,SZ.ZB_000726,鲁  泰Ａ,纺织服装,-2.572438
2208,2025-01-27,SH.KC_300417,南华仪器,仪器仪表,-2.572542
2209,2025-01-27,SH.ZB_600416,湘电股份,电机,-2.5726902
2210,2025-01-27,SZ.ZB_003013,地铁设计,工程咨询服务,-2.573016
2211,2025-01-24,SH.ZB_605077,华康股份,食品饮料,-2.5735426
2212,2025-01-24,SZ.ZB_002516,旷达科技,汽车零部件,-2.5735886
2213,2025-01-24,SH.ZB_603375,盛景微,电子元件,-2.5736635
2214,2025-01-27,SH.KC_300332,天壕能源,燃气,-2.573796
2215,2025-01-27,SH.ZB_600815,厦工股份,工程机械,-2.5743477
2216,2025-01-24,SH.ZB_603300,海南华铁,专用设备,-2.5744054
2217,2025-01-27,SH.ZB_600877,电科芯片,半导体,-2.5745523
2218,2025-01-24,SZ.ZB_002548,金新农,农牧饲渔,-2.574904
2219,2025-01-24,SH.ZB_603936,博敏电子,电子元件,-2.5749068
2220,2025-01-27,SH.ZB_600528,中铁工业,交运设备,-2.5749307
2221,2025-01-27,SZ.ZB_001278,一彬科技,汽车零部件,-2.5750487
2222,2025-01-24,SH.ZB_600690,海尔智家,家电行业,-2.5751917
2223,2025-01-24,SH.KC_300349,金卡智能,仪器仪表,-2.575202
2224,2025-01-27,SH.ZB_600359,新农开发,农牧饲渔,-2.5753322
2225,2025-01-24,SZ.ZB_002703,浙江世宝,汽车零部件,-2.5753784
2226,2025-01-24,SZ.ZB_000407,胜利股份,燃气,-2.5755162
2227,2025-01-27,SH.ZB_600128,苏豪弘业,贸易行业,-2.5755742
2228,2025-01-27,SH.KC_300864,南大环境,环保行业,-2.575606
2229,2025-01-24,SZ.ZB_002189,中光学,光学光电子,-2.575669
2230,2025-01-27,SH.ZB_600794,保税科技,物流行业,-2.57575
2231,2025-01-27,SH.ZB_600507,方大特钢,钢铁行业,-2.575975
2232,2025-01-27,SZ.ZB_000153,丰原药业,化学制药,-2.5761864
2233,2025-01-27,SH.KC_688530,欧莱新材,半导体,-2.5766008
2234,2025-01-24,SZ.ZB_002501,利源股份,有色金属,-2.5767934
2235,2025-01-24,SH.ZB_603167,渤海轮渡,航运港口,-2.576794
2236,2025-01-24,SH.ZB_600097,开创国际,农牧饲渔,-2.576814
2237,2025-01-27,SZ.ZB_002262,恩华药业,化学制药,-2.5768988
2238,2025-01-24,SH.ZB_605336,帅丰电器,家电行业,-2.5770698
2239,2025-01-24,SH.KC_300201,海伦哲,工程机械,-2.5770764
2240,2025-01-27,SH.ZB_603444,吉比特,游戏,-2.5770855
2241,2025-01-27,SH.KC_300516,久之洋,电子元件,-2.5774739
2242,2025-01-27,SH.ZB_600616,金枫酒业,酿酒行业,-2.5774825
2243,2025-01-27,SH.ZB_600736,苏州高新,房地产开发,-2.5776818
2244,2025-01-24,SH.ZB_601163,三角轮胎,橡胶制品,-2.577706
2245,2025-01-27,SZ.ZB_000559,万向钱潮,汽车零部件,-2.5777335
2246,2025-01-24,SH.KC_300595,欧普康视,医疗器械,-2.5778933
2247,2025-01-27,SZ.ZB_000338,潍柴动力,汽车零部件,-2.5779295
2248,2025-01-27,SZ.ZB_001368,通达创智,塑料制品,-2.5779393
2249,2025-01-27,SZ.ZB_000404,长虹华意,家电行业,-2.5779552
2250,2025-01-24,SH.ZB_601963,重庆银行,银行,-2.5780053
2251,2025-01-27,SH.ZB_601618,中国中冶,工程建设,-2.5780146
2252,2025-01-24,SH.ZB_601598,中国外运,物流行业,-2.578162
2253,2025-01-24,SH.KC_300120,经纬辉开,光学光电子,-2.5783272
2254,2025-01-24,SH.KC_300983,尤安设计,工程咨询服务,-2.5784123
2255,2025-01-27,SH.ZB_600257,大湖股份,农牧饲渔,-2.57842
2256,2025-01-24,SZ.ZB_000629,钒钛股份,钢铁行业,-2.5785663
2257,2025-01-27,SH.ZB_600036,招商银行,银行,-2.578827
2258,2025-01-27,SZ.ZB_000911,广农糖业,食品饮料,-2.5788295
2259,2025-01-27,SH.KC_688363,华熙生物,美容护理,-2.5788338
2260,2025-01-27,SH.KC_688016,心脉医疗,医疗器械,-2.5790975
2261,2025-01-27,SH.ZB_603032,德新科技,电池,-2.5791168
2262,2025-01-24,SZ.ZB_000538,云南白药,中药,-2.579347
2263,2025-01-24,SH.ZB_600333,长春燃气,燃气,-2.5796902
2264,2025-01-27,SH.KC_688233,神工股份,半导体,-2.5797176
2265,2025-01-24,SH.ZB_600196,复星医药,化学制药,-2.579811
2266,2025-01-27,SZ.ZB_002857,三晖电气,电网设备,-2.5798674
2267,2025-01-27,SH.KC_300452,山河药辅,化学制药,-2.5803127
2268,2025-01-27,SZ.ZB_002462,嘉事堂,医药商业,-2.5803468
2269,2025-01-24,SH.ZB_601038,一拖股份,专用设备,-2.5804634
2270,2025-01-27,SH.ZB_601006,大秦铁路,物流行业,-2.5805342
2271,2025-01-24,SH.KC_300690,双一科技,风电设备,-2.5805483
2272,2025-01-27,SZ.ZB_002102,能特科技,化学制药,-2.5806048
2273,2025-01-24,SH.KC_301578,辰奕智能,消费电子,-2.5806682
2274,2025-01-24,SZ.ZB_002701,奥瑞金,包装材料,-2.5807362
2275,2025-01-27,SH.ZB_600075,新疆天业,化学原料,-2.5808492
2276,2025-01-24,SZ.ZB_002394,联发股份,纺织服装,-2.5808868
2277,2025-01-27,SZ.ZB_000818,航锦科技,化学原料,-2.581406
2278,2025-01-24,SZ.ZB_000572,海马汽车,汽车整车,-2.5815523
2279,2025-01-27,SZ.ZB_002360,同德化工,化学制品,-2.581623
2280,2025-01-24,SH.ZB_600550,保变电气,电网设备,-2.5816891
2281,2025-01-27,SZ.ZB_002446,盛路通信,通信设备,-2.5817878
2282,2025-01-24,SZ.ZB_002185,华天科技,半导体,-2.581923
2283,2025-01-27,SH.ZB_600661,昂立教育,教育,-2.582114
2284,2025-01-24,SZ.ZB_002958,青农商行,银行,-2.5821435
2285,2025-01-24,SH.ZB_603117,万林物流,物流行业,-2.582262
2286,2025-01-27,SZ.ZB_002331,皖通科技,互联网服务,-2.5823197
2287,2025-01-24,SH.ZB_600528,中铁工业,交运设备,-2.5833244
2288,2025-01-27,SH.KC_301092,争光股份,化学制品,-2.5833528
2289,2025-01-27,SH.ZB_603985,恒润股份,风电设备,-2.583527
2290,2025-01-24,SH.KC_300021,大禹节水,农牧饲渔,-2.5835493
2291,2025-01-24,SH.ZB_600200,江苏吴中,化学制药,-2.5835543
2292,2025-01-24,SH.KC_301327,华宝新能,电源设备,-2.583677
2293,2025-01-27,SH.KC_300144,宋城演艺,旅游酒店,-2.583929
2294,2025-01-27,SZ.ZB_000069,华侨城Ａ,房地产开发,-2.5841036
2295,2025-01-24,SZ.ZB_000401,冀东水泥,水泥建材,-2.584136
2296,2025-01-27,SH.KC_300349,金卡智能,仪器仪表,-2.5841513
2297,2025-01-24,SH.KC_300073,当升科技,电池,-2.5843406
2298,2025-01-24,SH.KC_301539,宏鑫科技,汽车零部件,-2.5845623
2299,2025-01-24,SH.KC_688115,思林杰,仪器仪表,-2.5846264
2300,2025-01-27,SZ.ZB_002793,罗欣药业,化学制药,-2.584635
2301,2025-01-24,SH.KC_300551,古鳌科技,计算机设备,-2.5847402
2302,2025-01-27,SZ.ZB_002717,岭南股份,环保行业,-2.5851333
2303,2025-01-27,SH.ZB_600527,江南高纤,化纤行业,-2.5851874
2304,2025-01-24,SH.ZB_600308,华泰股份,造纸印刷,-2.5852716
2305,2025-01-27,SZ.ZB_002218,拓日新能,光伏设备,-2.5852742
2306,2025-01-24,SZ.ZB_000925,众合科技,交运设备,-2.5853548
2307,2025-01-24,SZ.ZB_000517,荣安地产,房地产开发,-2.585397
2308,2025-01-24,SH.ZB_600340,华夏幸福,房地产开发,-2.5854335
2309,2025-01-27,SH.KC_300194,福安药业,化学制药,-2.5855486
2310,2025-01-27,SZ.ZB_000792,盐湖股份,化肥行业,-2.5855522
2311,2025-01-27,SH.ZB_600726,华电能源,电力行业,-2.5856779
2312,2025-01-27,SH.KC_300422,博世科,环保行业,-2.586052
2313,2025-01-27,SZ.ZB_002651,利君股份,专用设备,-2.5861888
2314,2025-01-27,SZ.ZB_000088,盐 田 港,航运港口,-2.586315
2315,2025-01-24,SZ.ZB_002111,威海广泰,专用设备,-2.5863957
2316,2025-01-24,SZ.ZB_000069,华侨城Ａ,房地产开发,-2.5865674
2317,2025-01-24,SZ.ZB_003043,华亚智能,通用设备,-2.5866528
2318,2025-01-24,SH.KC_300820,英杰电气,电源设备,-2.5866919
2319,2025-01-27,SH.ZB_603368,柳药集团,医药商业,-2.58671
2320,2025-01-27,SH.ZB_600573,惠泉啤酒,酿酒行业,-2.5869997
2321,2025-01-27,SH.KC_688114,华大智造,医疗器械,-2.5870225
2322,2025-01-27,SZ.ZB_003023,彩虹集团,家电行业,-2.5877483
2323,2025-01-24,SH.KC_300204,舒泰神,生物制品,-2.587777
2324,2025-01-24,SH.ZB_603183,建研院,专业服务,-2.5877874
2325,2025-01-27,SZ.ZB_000777,中核科技,通用设备,-2.587857
2326,2025-01-27,SZ.ZB_002044,美年健康,医疗服务,-2.5878968
2327,2025-01-24,SH.ZB_603970,中农立华,农药兽药,-2.5879285
2328,2025-01-27,SH.KC_300021,大禹节水,农牧饲渔,-2.5879996
2329,2025-01-24,SZ.ZB_001333,光华股份,化学制品,-2.588162
2330,2025-01-27,SH.ZB_600217,中再资环,环保行业,-2.5881674
2331,2025-01-27,SZ.ZB_000651,格力电器,家电行业,-2.5883808
2332,2025-01-27,SH.ZB_600873,梅花生物,化学制品,-2.5884
2333,2025-01-24,SH.KC_688366,昊海生科,医疗器械,-2.5884035
2334,2025-01-27,SH.ZB_603367,辰欣药业,化学制药,-2.588426
2335,2025-01-24,SH.ZB_600348,华阳股份,煤炭行业,-2.58849
2336,2025-01-27,SZ.ZB_003009,中天火箭,航天航空,-2.5885198
2337,2025-01-27,SH.ZB_601880,辽港股份,航运港口,-2.5889206
2338,2025-01-27,SZ.ZB_000581,威孚高科,汽车零部件,-2.588962
2339,2025-01-24,SH.ZB_601233,桐昆股份,化纤行业,-2.5890577
2340,2025-01-24,SZ.ZB_002191,劲嘉股份,包装材料,-2.5893385
2341,2025-01-27,SH.ZB_603878,武进不锈,钢铁行业,-2.5893803
2342,2025-01-27,SH.KC_301587,中瑞股份,电池,-2.5894246
2343,2025-01-24,SH.ZB_600062,华润双鹤,化学制药,-2.5894415
2344,2025-01-27,SH.ZB_603701,德宏股份,汽车零部件,-2.5894797
2345,2025-01-27,SZ.ZB_000796,凯撒旅业,旅游酒店,-2.58948
2346,2025-01-24,SH.KC_688383,新益昌,专用设备,-2.5895422
2347,2025-01-27,SH.ZB_600308,华泰股份,造纸印刷,-2.5898833
2348,2025-01-27,SH.ZB_600467,好当家,农牧饲渔,-2.59019
2349,2025-01-27,SH.ZB_601778,晶科科技,电力行业,-2.5901928
2350,2025-01-27,SH.KC_300882,万胜智能,电网设备,-2.5903933
2351,2025-01-24,SH.KC_688041,海光信息,半导体,-2.5904264
2352,2025-01-27,SZ.ZB_000636,风华高科,电子元件,-2.5906184
2353,2025-01-27,SH.ZB_601599,浙文影业,纺织服装,-2.5907054
2354,2025-01-27,SH.KC_301520,万邦医药,医疗服务,-2.5907352
2355,2025-01-24,SH.KC_300897,山科智能,仪器仪表,-2.59082
2356,2025-01-24,SH.KC_301468,博盈特焊,专用设备,-2.5908787
2357,2025-01-27,SZ.ZB_002060,广东建工,工程建设,-2.591329
2358,2025-01-24,SH.ZB_600236,桂冠电力,电力行业,-2.5913372
2359,2025-01-24,SH.KC_300879,大叶股份,专用设备,-2.5915685
2360,2025-01-24,SZ.ZB_000901,航天科技,汽车零部件,-2.5917313
2361,2025-01-27,SH.ZB_600429,三元股份,食品饮料,-2.5919518
2362,2025-01-24,SH.ZB_600376,首开股份,房地产开发,-2.5920494
2363,2025-01-27,SH.ZB_600738,丽尚国潮,商业百货,-2.5920918
2364,2025-01-24,SH.ZB_605365,立达信,家电行业,-2.592188
2365,2025-01-24,SH.ZB_600248,陕建股份,工程建设,-2.5922756
2366,2025-01-24,SH.ZB_603639,海利尔,农药兽药,-2.592377
2367,2025-01-27,SH.KC_300401,花园生物,化学制药,-2.5923777
2368,2025-01-24,SZ.ZB_002486,嘉麟杰,纺织服装,-2.5924559
2369,2025-01-27,SH.KC_688238,和元生物,医疗服务,-2.592668
2370,2025-01-27,SH.ZB_600739,辽宁成大,贸易行业,-2.5927129
2371,2025-01-27,SH.KC_300760,迈瑞医疗,医疗器械,-2.5931294
2372,2025-01-27,SH.ZB_603568,伟明环保,环保行业,-2.5932999
2373,2025-01-27,SH.ZB_600875,东方电气,电源设备,-2.5933127
2374,2025-01-24,SH.KC_300460,惠伦晶体,电子元件,-2.593506
2375,2025-01-27,SH.KC_300855,图南股份,有色金属,-2.5935102
2376,2025-01-27,SH.ZB_600158,中体产业,文化传媒,-2.5936522
2377,2025-01-27,SZ.ZB_001872,招商港口,航运港口,-2.5937152
2378,2025-01-24,SH.KC_300618,寒锐钴业,能源金属,-2.59393
2379,2025-01-24,SH.KC_301362,民爆光电,家电行业,-2.5940113
2380,2025-01-27,SH.ZB_600628,新世界,商业百货,-2.5941439
2381,2025-01-27,SZ.ZB_002936,郑州银行,银行,-2.5944812
2382,2025-01-27,SH.ZB_601866,中远海发,航运港口,-2.5945382
2383,2025-01-24,SH.ZB_603679,华体科技,光学光电子,-2.594589
2384,2025-01-24,SH.ZB_600378,昊华科技,化学制品,-2.5952232
2385,2025-01-27,SH.ZB_601609,金田股份,有色金属,-2.595266
2386,2025-01-27,SZ.ZB_002588,史丹利,化肥行业,-2.595551
2387,2025-01-24,SH.ZB_600027,华电国际,电力行业,-2.5956936
2388,2025-01-24,SH.ZB_603182,嘉华股份,农牧饲渔,-2.5957341
2389,2025-01-24,SH.KC_688130,晶华微,半导体,-2.595872
2390,2025-01-24,SH.ZB_600377,宁沪高速,铁路公路,-2.5959837
2391,2025-01-27,SH.KC_300820,英杰电气,电源设备,-2.5960877
2392,2025-01-24,SH.KC_688559,海目星,专用设备,-2.5962155
2393,2025-01-24,SZ.ZB_002999,天禾股份,化肥行业,-2.596252
2394,2025-01-24,SH.ZB_603180,金牌家居,装修建材,-2.5967371
2395,2025-01-27,SH.ZB_603579,荣泰健康,家电行业,-2.5967789
2396,2025-01-24,SZ.ZB_001378,德冠新材,塑料制品,-2.59682
2397,2025-01-24,SH.ZB_600322,津投城开,房地产开发,-2.5969632
2398,2025-01-24,SH.KC_301588,美新科技,家用轻工,-2.5974534
2399,2025-01-27,SH.ZB_603139,康惠制药,中药,-2.5976598
2400,2025-01-27,SH.KC_688589,力合微,半导体,-2.5977964
2401,2025-01-27,SZ.ZB_000819,岳阳兴长,石油行业,-2.5980184
2402,2025-01-27,SZ.ZB_002297,博云新材,航天航空,-2.5981617
2403,2025-01-24,SH.KC_688270,臻镭科技,半导体,-2.598251
2404,2025-01-24,SZ.ZB_000897,津滨发展,房地产开发,-2.5983853
2405,2025-01-24,SZ.ZB_000778,新兴铸管,钢铁行业,-2.5984921
2406,2025-01-24,SH.KC_688121,卓然股份,专用设备,-2.5988157
2407,2025-01-27,SH.ZB_600176,中国巨石,玻璃玻纤,-2.5988345
2408,2025-01-24,SZ.ZB_000548,湖南投资,铁路公路,-2.5990849
2409,2025-01-27,SH.ZB_603458,勘设股份,工程咨询服务,-2.5991092
2410,2025-01-27,SH.ZB_600157,永泰能源,电力行业,-2.5992236
2411,2025-01-24,SH.KC_688653,康希通信,半导体,-2.5993903
2412,2025-01-24,SZ.ZB_002172,澳洋健康,医疗服务,-2.5994027
2413,2025-01-27,SH.KC_301207,华兰疫苗,生物制品,-2.5994778
2414,2025-01-24,SH.ZB_603567,珍宝岛,中药,-2.5996125
2415,2025-01-24,SH.KC_300498,温氏股份,农牧饲渔,-2.5997338
2416,2025-01-24,SH.ZB_600022,山东钢铁,钢铁行业,-2.5997434
2417,2025-01-24,SZ.ZB_000898,鞍钢股份,钢铁行业,-2.5997539
2418,2025-01-27,SH.ZB_600566,济川药业,中药,-2.599834
2419,2025-01-24,SH.ZB_601169,北京银行,银行,-2.599959
2420,2025-01-27,SH.KC_300439,美康生物,医疗器械,-2.6001816
2421,2025-01-24,SH.ZB_600622,光大嘉宝,房地产开发,-2.6002114
2422,2025-01-24,SH.ZB_601066,中信建投,证券,-2.6002855
2423,2025-01-24,SH.ZB_601068,中铝国际,工程建设,-2.6003637
2424,2025-01-27,SZ.ZB_002663,普邦股份,工程建设,-2.6006732
2425,2025-01-24,SZ.ZB_002556,辉隆股份,化肥行业,-2.6007075
2426,2025-01-27,SH.KC_300272,开能健康,家电行业,-2.600717
2427,2025-01-27,SZ.ZB_000829,天音控股,贸易行业,-2.6007233
2428,2025-01-24,SZ.ZB_000030,富奥股份,汽车零部件,-2.6007712
2429,2025-01-27,SH.ZB_601588,北辰实业,房地产服务,-2.6008334
2430,2025-01-27,SH.ZB_605500,森林包装,造纸印刷,-2.6011374
2431,2025-01-27,SZ.ZB_002880,卫光生物,生物制品,-2.6011915
2432,2025-01-24,SH.ZB_603038,华立股份,装修装饰,-2.601196
2433,2025-01-24,SZ.ZB_002287,奇正藏药,中药,-2.601621
2434,2025-01-24,SZ.ZB_002099,海翔药业,化学制药,-2.6016977
2435,2025-01-24,SH.ZB_600338,西藏珠峰,有色金属,-2.6018374
2436,2025-01-27,SH.ZB_603050,科林电气,电网设备,-2.6019502
2437,2025-01-27,SH.KC_300591,万里马,纺织服装,-2.602199
2438,2025-01-24,SH.KC_300055,万邦达,环保行业,-2.6023312
2439,2025-01-24,SH.ZB_603322,超讯通信,通信服务,-2.6023934
2440,2025-01-27,SH.ZB_603551,奥普科技,家电行业,-2.6024761
2441,2025-01-24,SH.ZB_605111,新洁能,半导体,-2.6026483
2442,2025-01-24,SH.KC_301592,六九一二,软件开发,-2.602666
2443,2025-01-24,SZ.ZB_000559,万向钱潮,汽车零部件,-2.6026704
2444,2025-01-27,SH.KC_688489,三未信安,电子元件,-2.6026738
2445,2025-01-27,SH.KC_301518,长华化学,化学制品,-2.6027083
2446,2025-01-24,SH.ZB_603538,美诺华,化学制药,-2.6028984
2447,2025-01-24,SH.KC_301042,安联锐视,计算机设备,-2.6030037
2448,2025-01-27,SH.KC_688339,亿华通-U,电池,-2.6030924
2449,2025-01-27,SZ.ZB_002548,金新农,农牧饲渔,-2.6031094
2450,2025-01-24,SH.ZB_601101,昊华能源,煤炭行业,-2.6032019
2451,2025-01-24,SZ.ZB_002054,德美化工,化学制品,-2.6033533
2452,2025-01-24,SH.KC_688709,成都华微,半导体,-2.603436
2453,2025-01-27,SH.ZB_603355,莱克电气,家电行业,-2.603585
2454,2025-01-27,SH.KC_301519,舜禹股份,专用设备,-2.6037564
2455,2025-01-24,SH.ZB_600546,山煤国际,煤炭行业,-2.6037621
2456,2025-01-27,SH.KC_300648,星云股份,电池,-2.603841
2457,2025-01-24,SZ.ZB_002469,三维化学,化学原料,-2.6038506
2458,2025-01-24,SH.KC_688308,欧科亿,通用设备,-2.603948
2459,2025-01-24,SH.ZB_600259,广晟有色,小金属,-2.6040666
2460,2025-01-24,SH.ZB_600741,华域汽车,汽车零部件,-2.604225
2461,2025-01-27,SZ.ZB_002705,新宝股份,家电行业,-2.6045046
2462,2025-01-24,SZ.ZB_002430,杭氧股份,专用设备,-2.6045125
2463,2025-01-24,SZ.ZB_000683,远兴能源,化学原料,-2.6046507
2464,2025-01-24,SZ.ZB_000651,格力电器,家电行业,-2.6050248
2465,2025-01-24,SZ.ZB_000875,吉电股份,电力行业,-2.6053689
2466,2025-01-27,SH.KC_300429,强力新材,电子化学品,-2.6054108
2467,2025-01-27,SH.ZB_601968,宝钢包装,包装材料,-2.6055229
2468,2025-01-24,SZ.ZB_002817,黄山胶囊,医疗器械,-2.6056564
2469,2025-01-27,SH.ZB_603231,索宝蛋白,农牧饲渔,-2.6057909
2470,2025-01-24,SH.KC_688739,成大生物,生物制品,-2.605799
2471,2025-01-24,SH.ZB_601886,江河集团,装修装饰,-2.6058764
2472,2025-01-24,SH.ZB_603565,中谷物流,物流行业,-2.6060662
2473,2025-01-27,SZ.ZB_003816,中国广核,电力行业,-2.6061144
2474,2025-01-27,SH.KC_300480,光力科技,专用设备,-2.606182
2475,2025-01-27,SH.KC_301042,安联锐视,计算机设备,-2.6063292
2476,2025-01-27,SZ.ZB_002511,中顺洁柔,造纸印刷,-2.6063974
2477,2025-01-24,SH.ZB_603948,建业股份,化学制品,-2.6066778
2478,2025-01-24,SH.ZB_600740,山西焦化,煤炭行业,-2.606706
2479,2025-01-27,SH.ZB_603779,威龙股份,酿酒行业,-2.6067114
2480,2025-01-24,SZ.ZB_002180,纳思达,计算机设备,-2.6067824
2481,2025-01-27,SZ.ZB_002869,金溢科技,电子元件,-2.6068342
2482,2025-01-27,SH.KC_688298,东方生物,医疗器械,-2.6069138
2483,2025-01-27,SZ.ZB_000596,古井贡酒,酿酒行业,-2.606943
2484,2025-01-24,SZ.ZB_002290,禾盛新材,家电行业,-2.6069465
2485,2025-01-27,SZ.ZB_000937,冀中能源,煤炭行业,-2.606978
2486,2025-01-24,SH.ZB_600235,民丰特纸,造纸印刷,-2.606995
2487,2025-01-24,SH.ZB_600635,大众公用,燃气,-2.6070526
2488,2025-01-27,SH.ZB_600674,川投能源,电力行业,-2.6072667
2489,2025-01-27,SH.ZB_601096,宏盛华源,电网设备,-2.607403
2490,2025-01-24,SH.ZB_603519,立霸股份,家电行业,-2.6074302
2491,2025-01-24,SH.KC_688146,中船特气,电子化学品,-2.6074398
2492,2025-01-24,SZ.ZB_000705,浙江震元,医药商业,-2.6075103
2493,2025-01-27,SH.ZB_601068,中铝国际,工程建设,-2.607526
2494,2025-01-27,SH.ZB_600706,曲江文旅,旅游酒店,-2.607943
2495,2025-01-27,SZ.ZB_000503,国新健康,软件开发,-2.6081119
2496,2025-01-27,SZ.ZB_002930,宏川智慧,物流行业,-2.608227
2497,2025-01-24,SZ.ZB_000682,东方电子,电网设备,-2.6083367
2498,2025-01-24,SZ.ZB_002181,粤 传 媒,文化传媒,-2.6085603
2499,2025-01-24,SZ.ZB_002856,美芝股份,装修装饰,-2.6087523
2500,2025-01-27,SH.KC_301246,宏源药业,化学制药,-2.6087751
2501,2025-01-24,SZ.ZB_002873,新天药业,中药,-2.6089783
2502,2025-01-24,SH.KC_300573,兴齐眼药,化学制药,-2.6089907
2503,2025-01-24,SH.ZB_600809,山西汾酒,酿酒行业,-2.6090503
2504,2025-01-24,SZ.ZB_002679,福建金森,农牧饲渔,-2.6092312
2505,2025-01-24,SZ.ZB_002565,顺灏股份,包装材料,-2.6092591
2506,2025-01-24,SH.ZB_601333,广深铁路,物流行业,-2.60926
2507,2025-01-24,SH.ZB_600020,中原高速,铁路公路,-2.6092942
2508,2025-01-24,SH.KC_688261,东微半导,半导体,-2.6096601
2509,2025-01-24,SH.ZB_600979,广安爱众,电力行业,-2.6096818
2510,2025-01-24,SH.KC_300030,阳普医疗,医疗器械,-2.609793
2511,2025-01-24,SH.KC_688297,中无人机,航天航空,-2.6098616
2512,2025-01-27,SH.KC_300650,太龙股份,光学光电子,-2.609886
2513,2025-01-27,SZ.ZB_002186,全 聚 德,旅游酒店,-2.6099973
2514,2025-01-27,SZ.ZB_002958,青农商行,银行,-2.6100695
2515,2025-01-24,SH.KC_300289,利德曼,医疗器械,-2.6102326
2516,2025-01-24,SH.ZB_600895,张江高科,房地产开发,-2.6102676
2517,2025-01-24,SZ.ZB_002407,多氟多,化学制品,-2.6103086
2518,2025-01-24,SZ.ZB_002571,德力股份,家用轻工,-2.6107328
2519,2025-01-27,SH.ZB_600380,健康元,化学制药,-2.6108055
2520,2025-01-24,SH.KC_300489,光智科技,光学光电子,-2.6108468
2521,2025-01-27,SZ.ZB_000166,申万宏源,证券,-2.610904
2522,2025-01-24,SH.ZB_600826,兰生股份,贸易行业,-2.6110644
2523,2025-01-24,SZ.ZB_000885,城发环境,环保行业,-2.6112437
2524,2025-01-24,SZ.ZB_000153,丰原药业,化学制药,-2.6113982
2525,2025-01-24,SH.ZB_600981,汇鸿集团,贸易行业,-2.6114182
2526,2025-01-27,SH.ZB_600918,中泰证券,证券,-2.6116278
2527,2025-01-27,SH.KC_300593,新雷能,电源设备,-2.611914
2528,2025-01-27,SH.ZB_600121,郑州煤电,煤炭行业,-2.6119442
2529,2025-01-27,SH.KC_300227,光韵达,电子元件,-2.6120446
2530,2025-01-24,SH.KC_300456,赛微电子,半导体,-2.612108
2531,2025-01-24,SH.KC_300452,山河药辅,化学制药,-2.6121979
2532,2025-01-27,SZ.ZB_000705,浙江震元,医药商业,-2.6122437
2533,2025-01-27,SH.ZB_603168,莎普爱思,化学制药,-2.6124244
2534,2025-01-27,SH.KC_301507,民生健康,化学制药,-2.612473
2535,2025-01-24,SZ.ZB_002375,亚厦股份,装修装饰,-2.6126423
2536,2025-01-24,SH.KC_300497,富祥药业,化学制药,-2.6127322
2537,2025-01-24,SH.ZB_600663,陆家嘴,房地产开发,-2.6127462
2538,2025-01-24,SH.ZB_600444,国机通用,专用设备,-2.6129262
2539,2025-01-27,SH.KC_300676,华大基因,医疗器械,-2.612952
2540,2025-01-27,SH.ZB_603136,天目湖,旅游酒店,-2.6131325
2541,2025-01-27,SZ.ZB_002746,仙坛股份,农牧饲渔,-2.6132252
2542,2025-01-27,SH.KC_300747,锐科激光,电子元件,-2.613278
2543,2025-01-24,SH.ZB_603353,和顺石油,石油行业,-2.6133516
2544,2025-01-24,SH.ZB_601666,平煤股份,煤炭行业,-2.613479
2545,2025-01-27,SZ.ZB_000564,供销大集,商业百货,-2.613925
2546,2025-01-27,SH.KC_300175,朗源股份,农牧饲渔,-2.614022
2547,2025-01-27,SH.ZB_600167,联美控股,公用事业,-2.6141238
2548,2025-01-27,SH.ZB_601083,锦江航运,航运港口,-2.614285
2549,2025-01-24,SZ.ZB_002023,海特高新,航天航空,-2.6144166
2550,2025-01-24,SH.KC_300740,水羊股份,美容护理,-2.614508
2551,2025-01-27,SH.ZB_600980,北矿科技,小金属,-2.6145337
2552,2025-01-24,SH.ZB_600517,国网英大,多元金融,-2.6146402
2553,2025-01-27,SH.KC_688707,振华新材,电池,-2.614703
2554,2025-01-27,SZ.ZB_001219,青岛食品,食品饮料,-2.6147034
2555,2025-01-24,SZ.ZB_002037,保利联合,化学制品,-2.6147485
2556,2025-01-27,SH.KC_688236,春立医疗,医疗器械,-2.6147609
2557,2025-01-27,SH.KC_300314,戴维医疗,医疗器械,-2.6147795
2558,2025-01-24,SH.ZB_600051,宁波联合,综合行业,-2.6148248
2559,2025-01-27,SH.KC_300919,中伟股份,电池,-2.614853
2560,2025-01-27,SZ.ZB_002081,金 螳 螂,装修装饰,-2.614909
2561,2025-01-27,SH.ZB_601916,浙商银行,银行,-2.6149483
2562,2025-01-24,SH.ZB_601916,浙商银行,银行,-2.6151142
2563,2025-01-24,SH.ZB_600585,海螺水泥,水泥建材,-2.615184
2564,2025-01-24,SH.KC_300210,森远股份,环保行业,-2.6151915
2565,2025-01-24,SH.KC_688819,天能股份,电池,-2.615201
2566,2025-01-24,SH.ZB_601636,旗滨集团,玻璃玻纤,-2.6153033
2567,2025-01-27,SH.KC_301287,康力源,家用轻工,-2.6157832
2568,2025-01-24,SH.ZB_600095,湘财股份,证券,-2.615882
2569,2025-01-27,SZ.ZB_002662,京威股份,汽车零部件,-2.6160855
2570,2025-01-27,SH.ZB_601956,东贝集团,家电行业,-2.6161559
2571,2025-01-27,SH.KC_301032,新柴股份,通用设备,-2.6161604
2572,2025-01-27,SZ.ZB_000049,德赛电池,电池,-2.6164198
2573,2025-01-27,SH.KC_300171,东富龙,医疗器械,-2.616474
2574,2025-01-24,SZ.ZB_000404,长虹华意,家电行业,-2.6165109
2575,2025-01-27,SH.KC_688334,西高院,专业服务,-2.616605
2576,2025-01-27,SZ.ZB_002422,科伦药业,化学制药,-2.61675
2577,2025-01-27,SH.KC_300801,泰和科技,化学制品,-2.6167545
2578,2025-01-24,SZ.ZB_000848,承德露露,食品饮料,-2.6170347
2579,2025-01-27,SH.ZB_600642,申能股份,电力行业,-2.6171484
2580,2025-01-24,SH.KC_300804,广康生化,农药兽药,-2.617206
2581,2025-01-27,SH.ZB_603997,继峰股份,汽车零部件,-2.6172335
2582,2025-01-27,SZ.ZB_002585,双星新材,塑料制品,-2.617303
2583,2025-01-27,SZ.ZB_002162,悦心健康,装修建材,-2.6174858
2584,2025-01-24,SZ.ZB_000510,新金路,化学原料,-2.617758
2585,2025-01-27,SH.ZB_600763,通策医疗,医疗服务,-2.618028
2586,2025-01-27,SZ.ZB_000333,美的集团,家电行业,-2.618095
2587,2025-01-24,SZ.ZB_002042,华孚时尚,纺织服装,-2.618114
2588,2025-01-24,SH.ZB_600030,中信证券,证券,-2.6181285
2589,2025-01-27,SH.KC_300039,上海凯宝,中药,-2.6182213
2590,2025-01-24,SH.ZB_603587,地素时尚,纺织服装,-2.6182747
2591,2025-01-27,SH.KC_688439,振华风光,半导体,-2.6183214
2592,2025-01-27,SH.ZB_600320,振华重工,专用设备,-2.6184192
2593,2025-01-24,SH.ZB_600054,黄山旅游,旅游酒店,-2.618498
2594,2025-01-27,SH.ZB_600333,长春燃气,燃气,-2.61851
2595,2025-01-27,SZ.ZB_000567,海德股份,多元金融,-2.619422
2596,2025-01-24,SH.ZB_600801,华新水泥,水泥建材,-2.619685
2597,2025-01-27,SZ.ZB_002985,北摩高科,航天航空,-2.6196926
2598,2025-01-27,SZ.ZB_002393,力生制药,化学制药,-2.6197412
2599,2025-01-27,SH.ZB_600966,博汇纸业,造纸印刷,-2.6199837
2600,2025-01-24,SZ.ZB_002461,珠江啤酒,酿酒行业,-2.6203134
2601,2025-01-24,SZ.ZB_002243,力合科创,美容护理,-2.6203263
2602,2025-01-27,SZ.ZB_000045,深纺织Ａ,光学光电子,-2.6205134
2603,2025-01-24,SH.KC_688499,利元亨,电池,-2.6205215
2604,2025-01-27,SH.ZB_600322,津投城开,房地产开发,-2.6206021
2605,2025-01-24,SH.KC_300087,荃银高科,农牧饲渔,-2.6207857
2606,2025-01-27,SH.KC_301049,超越科技,环保行业,-2.6208777
2607,2025-01-24,SH.ZB_600513,联环药业,化学制药,-2.6208875
2608,2025-01-27,SH.ZB_600262,北方股份,专用设备,-2.6210744
2609,2025-01-24,SH.ZB_601528,瑞丰银行,银行,-2.621138
2610,2025-01-24,SZ.ZB_002538,司尔特,化肥行业,-2.621147
2611,2025-01-24,SH.KC_688271,联影医疗,医疗器械,-2.6211507
2612,2025-01-24,SH.KC_688352,颀中科技,半导体,-2.621151
2613,2025-01-24,SH.KC_688472,阿特斯,光伏设备,-2.6211991
2614,2025-01-24,SH.ZB_603065,宿迁联盛,化学原料,-2.6215277
2615,2025-01-27,SH.ZB_600578,京能电力,电力行业,-2.6221051
2616,2025-01-24,SH.KC_300195,长荣股份,专用设备,-2.622224
2617,2025-01-24,SH.ZB_600927,永安期货,多元金融,-2.6223605
2618,2025-01-24,SZ.ZB_000895,双汇发展,食品饮料,-2.622426
2619,2025-01-24,SH.KC_300453,三鑫医疗,医疗器械,-2.6224382
2620,2025-01-27,SZ.ZB_000550,江铃汽车,汽车整车,-2.6225526
2621,2025-01-27,SH.KC_300682,朗新集团,软件开发,-2.6226027
2622,2025-01-24,SH.ZB_600987,航民股份,纺织服装,-2.6226673
2623,2025-01-24,SH.ZB_603290,斯达半导,半导体,-2.6227655
2624,2025-01-24,SH.KC_301235,华康医疗,医疗服务,-2.6227887
2625,2025-01-27,SH.KC_688321,微芯生物,化学制药,-2.6228225
2626,2025-01-24,SH.KC_300417,南华仪器,仪器仪表,-2.6230059
2627,2025-01-27,SZ.ZB_002386,天原股份,化学原料,-2.623084
2628,2025-01-24,SH.KC_300915,海融科技,食品饮料,-2.6231558
2629,2025-01-27,SH.KC_688552,航天南湖,通信设备,-2.6232681
2630,2025-01-24,SH.KC_688733,壹石通,非金属材料,-2.6236181
2631,2025-01-24,SH.ZB_600866,星湖科技,化学制品,-2.6236522
2632,2025-01-24,SH.ZB_603811,诚意药业,化学制药,-2.623738
2633,2025-01-24,SH.KC_688626,翔宇医疗,医疗器械,-2.623786
2634,2025-01-27,SZ.ZB_002352,顺丰控股,物流行业,-2.6238964
2635,2025-01-27,SH.ZB_603209,兴通股份,航运港口,-2.6239517
2636,2025-01-27,SZ.ZB_000626,远大控股,贸易行业,-2.6239784
2637,2025-01-24,SH.KC_300519,新光药业,中药,-2.6239834
2638,2025-01-24,SH.ZB_600664,哈药股份,化学制药,-2.624124
2639,2025-01-27,SZ.ZB_002097,山河智能,工程机械,-2.6241834
2640,2025-01-24,SH.ZB_603098,森特股份,工程建设,-2.6242225
2641,2025-01-27,SH.ZB_600879,航天电子,航天航空,-2.6243505
2642,2025-01-24,SZ.ZB_002083,孚日股份,纺织服装,-2.6245124
2643,2025-01-27,SH.KC_300869,康泰医学,医疗器械,-2.6245391
2644,2025-01-27,SH.KC_688569,铁科轨道,交运设备,-2.6247206
2645,2025-01-24,SH.ZB_600918,中泰证券,证券,-2.6248865
2646,2025-01-27,SH.ZB_600650,锦江在线,铁路公路,-2.6249056
2647,2025-01-24,SH.KC_300275,梅安森,仪器仪表,-2.625241
2648,2025-01-24,SH.KC_688114,华大智造,医疗器械,-2.625407
2649,2025-01-27,SH.KC_301303,真兰仪表,仪器仪表,-2.625739
2650,2025-01-24,SH.ZB_605338,巴比食品,食品饮料,-2.625739
2651,2025-01-24,SH.KC_300786,国林科技,环保行业,-2.62585
2652,2025-01-24,SH.ZB_603978,深圳新星,有色金属,-2.6258993
2653,2025-01-27,SZ.ZB_000547,航天发展,通信设备,-2.625961
2654,2025-01-24,SH.ZB_601021,春秋航空,航空机场,-2.6260748
2655,2025-01-24,SZ.ZB_002807,江阴银行,银行,-2.626136
2656,2025-01-24,SZ.ZB_002887,绿茵生态,环保行业,-2.6264164
2657,2025-01-27,SZ.ZB_000629,钒钛股份,钢铁行业,-2.6265318
2658,2025-01-24,SH.ZB_601607,上海医药,医药商业,-2.626747
2659,2025-01-27,SH.ZB_601888,中国中免,旅游酒店,-2.6267602
2660,2025-01-27,SH.ZB_600775,南京熊猫,通信设备,-2.6269522
2661,2025-01-24,SH.ZB_601921,浙版传媒,文化传媒,-2.6274025
2662,2025-01-24,SH.ZB_603580,艾艾精工,塑料制品,-2.627607
2663,2025-01-24,SH.ZB_603102,百合股份,食品饮料,-2.627653
2664,2025-01-27,SZ.ZB_000672,上峰水泥,水泥建材,-2.627692
2665,2025-01-27,SH.ZB_600970,中材国际,工程建设,-2.627752
2666,2025-01-24,SZ.ZB_000877,天山股份,水泥建材,-2.6277618
2667,2025-01-27,SH.ZB_600814,杭州解百,商业百货,-2.6278443
2668,2025-01-27,SH.KC_301567,贝隆精密,消费电子,-2.628129
2669,2025-01-24,SH.ZB_603700,宁水集团,仪器仪表,-2.628174
2670,2025-01-24,SZ.ZB_002125,湘潭电化,化学原料,-2.6283052
2671,2025-01-27,SH.ZB_603280,南方路机,专用设备,-2.6284199
2672,2025-01-27,SH.ZB_601921,浙版传媒,文化传媒,-2.628479
2673,2025-01-27,SH.KC_688381,帝奥微,半导体,-2.6287436
2674,2025-01-27,SH.ZB_600035,楚天高速,铁路公路,-2.6287537
2675,2025-01-27,SZ.ZB_002263,大东南,塑料制品,-2.628765
2676,2025-01-24,SH.ZB_603367,辰欣药业,化学制药,-2.6288388
2677,2025-01-27,SZ.ZB_002471,中超控股,电网设备,-2.629256
2678,2025-01-27,SH.ZB_601016,节能风电,电力行业,-2.6293228
2679,2025-01-24,SH.ZB_600206,有研新材,小金属,-2.629666
2680,2025-01-27,SH.ZB_600690,海尔智家,家电行业,-2.6296859
2681,2025-01-27,SZ.ZB_000151,中成股份,贸易行业,-2.6297255
2682,2025-01-27,SH.KC_688356,键凯科技,化学制药,-2.6299708
2683,2025-01-24,SH.ZB_600125,铁龙物流,物流行业,-2.629972
2684,2025-01-24,SH.ZB_603801,志邦家居,装修建材,-2.6301079
2685,2025-01-24,SZ.ZB_002860,星帅尔,家电行业,-2.6302478
2686,2025-01-27,SZ.ZB_000959,首钢股份,钢铁行业,-2.6303008
2687,2025-01-24,SH.ZB_600288,大恒科技,电子元件,-2.6305323
2688,2025-01-24,SZ.ZB_000546,金圆股份,环保行业,-2.630676
2689,2025-01-27,SH.ZB_601328,交通银行,银行,-2.6310542
2690,2025-01-27,SH.ZB_603065,宿迁联盛,化学原料,-2.6314526
2691,2025-01-24,SZ.ZB_002978,安宁股份,有色金属,-2.6315246
2692,2025-01-27,SH.KC_300527,中船应急,专用设备,-2.6315532
2693,2025-01-24,SH.KC_688719,爱科赛博,电源设备,-2.6316264
2694,2025-01-24,SH.KC_301238,瑞泰新材,电池,-2.6317
2695,2025-01-24,SH.KC_300640,德艺文创,家用轻工,-2.6317523
2696,2025-01-27,SH.ZB_600651,飞乐音响,光学光电子,-2.6318662
2697,2025-01-27,SZ.ZB_002455,百川股份,化学制品,-2.6318884
2698,2025-01-27,SZ.ZB_000505,京粮控股,农牧饲渔,-2.6319995
2699,2025-01-24,SH.ZB_603919,金徽酒,酿酒行业,-2.6320477
2700,2025-01-24,SZ.ZB_002128,电投能源,煤炭行业,-2.6323032
2701,2025-01-24,SZ.ZB_002107,沃华医药,中药,-2.6323254
2702,2025-01-24,SH.KC_301393,昊帆生物,生物制品,-2.6325986
2703,2025-01-27,SH.KC_300481,濮阳惠成,电子化学品,-2.6326125
2704,2025-01-24,SH.ZB_600271,航天信息,互联网服务,-2.632767
2705,2025-01-27,SH.ZB_600406,国电南瑞,电网设备,-2.632813
2706,2025-01-27,SZ.ZB_000739,普洛药业,化学制药,-2.6328392
2707,2025-01-27,SH.KC_301115,建科股份,专业服务,-2.6331122
2708,2025-01-27,SH.ZB_601368,绿城水务,公用事业,-2.6331232
2709,2025-01-27,SH.ZB_600420,国药现代,化学制药,-2.633181
2710,2025-01-24,SZ.ZB_002539,云图控股,化肥行业,-2.6333942
2711,2025-01-24,SH.ZB_600906,财达证券,证券,-2.6334617
2712,2025-01-27,SH.ZB_601002,晋亿实业,通用设备,-2.6335452
2713,2025-01-27,SH.KC_301370,国科恒泰,贸易行业,-2.6337287
2714,2025-01-27,SH.KC_301189,奥尼电子,通信设备,-2.6338284
2715,2025-01-27,SH.ZB_601686,友发集团,钢铁行业,-2.6339161
2716,2025-01-24,SH.ZB_600521,华海药业,化学制药,-2.6339757
2717,2025-01-24,SH.KC_301311,昆船智能,通用设备,-2.6340792
2718,2025-01-27,SH.ZB_600765,中航重机,航天航空,-2.6341934
2719,2025-01-27,SZ.ZB_002038,双鹭药业,生物制品,-2.634714
2720,2025-01-27,SH.ZB_600094,大名城,房地产开发,-2.634719
2721,2025-01-24,SZ.ZB_002320,海峡股份,航运港口,-2.6348283
2722,2025-01-24,SH.ZB_600854,春兰股份,家电行业,-2.634855
2723,2025-01-24,SZ.ZB_000590,启迪药业,中药,-2.6350133
2724,2025-01-24,SZ.ZB_002588,史丹利,化肥行业,-2.6350873
2725,2025-01-27,SH.ZB_600391,航发科技,航天航空,-2.635653
2726,2025-01-27,SH.KC_301116,益客食品,食品饮料,-2.6357234
2727,2025-01-24,SZ.ZB_002120,韵达股份,物流行业,-2.6357486
2728,2025-01-24,SH.ZB_603515,欧普照明,家电行业,-2.6357875
2729,2025-01-24,SZ.ZB_002074,国轩高科,电池,-2.635865
2730,2025-01-27,SZ.ZB_000925,众合科技,交运设备,-2.6360493
2731,2025-01-27,SH.ZB_601009,南京银行,银行,-2.6362095
2732,2025-01-27,SH.KC_688308,欧科亿,通用设备,-2.636253
2733,2025-01-24,SH.ZB_603229,奥翔药业,化学制药,-2.636438
2734,2025-01-24,SH.KC_300327,中颖电子,半导体,-2.636786
2735,2025-01-24,SH.KC_301136,招标股份,工程咨询服务,-2.6369576
2736,2025-01-24,SH.ZB_603026,石大胜华,化学制品,-2.6371403
2737,2025-01-27,SH.KC_300928,华安鑫创,汽车零部件,-2.6371443
2738,2025-01-24,SH.ZB_603725,天安新材,化学制品,-2.6371605
2739,2025-01-27,SH.ZB_603290,斯达半导,半导体,-2.6372204
2740,2025-01-27,SH.ZB_603567,珍宝岛,中药,-2.63726
2741,2025-01-24,SZ.ZB_002713,东易日盛,装修装饰,-2.6374032
2742,2025-01-27,SH.ZB_600187,国中水务,公用事业,-2.6375313
2743,2025-01-24,SZ.ZB_000850,华茂股份,纺织服装,-2.637538
2744,2025-01-24,SH.ZB_600111,北方稀土,小金属,-2.6376188
2745,2025-01-27,SH.ZB_600917,重庆燃气,燃气,-2.6378844
2746,2025-01-24,SZ.ZB_003042,中农联合,农药兽药,-2.6379275
2747,2025-01-27,SH.KC_688006,杭可科技,电池,-2.6379309
2748,2025-01-24,SH.ZB_601375,中原证券,证券,-2.638005
2749,2025-01-24,SH.ZB_603162,海通发展,航运港口,-2.6381505
2750,2025-01-27,SZ.ZB_002734,利民股份,农药兽药,-2.6381783
2751,2025-01-24,SH.ZB_603706,东方环宇,燃气,-2.6382685
2752,2025-01-24,SH.ZB_600210,紫江企业,包装材料,-2.6382723
2753,2025-01-24,SH.ZB_601155,新城控股,房地产开发,-2.6383102
2754,2025-01-24,SH.KC_300187,永清环保,环保行业,-2.6386092
2755,2025-01-24,SZ.ZB_000090,天健集团,房地产开发,-2.638687
2756,2025-01-24,SH.ZB_601369,陕鼓动力,通用设备,-2.6387076
2757,2025-01-27,SZ.ZB_000888,峨眉山Ａ,旅游酒店,-2.6387799
2758,2025-01-27,SH.KC_301215,中汽股份,汽车服务,-2.6388288
2759,2025-01-24,SH.KC_300826,测绘股份,工程咨询服务,-2.6388988
2760,2025-01-27,SH.ZB_603100,川仪股份,仪器仪表,-2.6389174
2761,2025-01-27,SH.ZB_600916,中国黄金,珠宝首饰,-2.6389751
2762,2025-01-27,SH.KC_301100,风光股份,化学制品,-2.6390514
2763,2025-01-24,SH.ZB_603757,大元泵业,通用设备,-2.639284
2764,2025-01-24,SH.ZB_600239,云南城投,房地产服务,-2.6394234
2765,2025-01-27,SZ.ZB_000620,新华联,房地产开发,-2.6394386
2766,2025-01-27,SZ.ZB_002839,张家港行,银行,-2.6395228
2767,2025-01-24,SH.ZB_600064,南京高科,房地产开发,-2.639597
2768,2025-01-27,SH.ZB_600956,新天绿能,燃气,-2.6396236
2769,2025-01-27,SZ.ZB_002986,宇新股份,化学制品,-2.6396399
2770,2025-01-27,SH.ZB_600829,人民同泰,医药商业,-2.6397622
2771,2025-01-24,SH.ZB_600639,浦东金桥,房地产开发,-2.6398008
2772,2025-01-27,SH.KC_300847,中船汉光,消费电子,-2.6398215
2773,2025-01-24,SZ.ZB_002372,伟星新材,装修建材,-2.6399374
2774,2025-01-24,SH.KC_301024,霍普股份,工程建设,-2.640123
2775,2025-01-27,SH.KC_300015,爱尔眼科,医疗服务,-2.6402376
2776,2025-01-27,SZ.ZB_002191,劲嘉股份,包装材料,-2.640336
2777,2025-01-24,SH.KC_300402,宝色股份,专用设备,-2.640424
2778,2025-01-27,SZ.ZB_000553,安道麦A,农药兽药,-2.6404834
2779,2025-01-24,SH.KC_300859,西域旅游,旅游酒店,-2.6406555
2780,2025-01-27,SZ.ZB_002638,勤上股份,光学光电子,-2.640754
2781,2025-01-24,SZ.ZB_002173,创新医疗,医疗服务,-2.6410382
2782,2025-01-24,SZ.ZB_002294,信立泰,化学制药,-2.6411912
2783,2025-01-27,SH.ZB_600833,第一医药,医药商业,-2.6411963
2784,2025-01-24,SH.ZB_603867,新化股份,化学制品,-2.6412902
2785,2025-01-24,SZ.ZB_000801,四川九洲,家电行业,-2.6413765
2786,2025-01-27,SH.ZB_603860,中公高科,工程咨询服务,-2.64151
2787,2025-01-24,SZ.ZB_002940,昂利康,化学制药,-2.6416786
2788,2025-01-24,SH.ZB_600179,安通控股,物流行业,-2.6417947
2789,2025-01-27,SH.KC_301193,家联科技,塑料制品,-2.6419685
2790,2025-01-27,SZ.ZB_002538,司尔特,化肥行业,-2.64205
2791,2025-01-24,SH.ZB_600104,上汽集团,汽车整车,-2.6421287
2792,2025-01-27,SH.KC_688580,伟思医疗,医疗器械,-2.6421585
2793,2025-01-24,SZ.ZB_002739,万达电影,文化传媒,-2.6422958
2794,2025-01-24,SH.KC_300876,蒙泰高新,化纤行业,-2.6423829
2795,2025-01-24,SH.KC_688020,方邦股份,电子元件,-2.642428
2796,2025-01-27,SZ.ZB_002941,新疆交建,工程建设,-2.6425257
2797,2025-01-27,SH.KC_688575,亚辉龙,医疗器械,-2.6425686
2798,2025-01-27,SH.KC_300120,经纬辉开,光学光电子,-2.6426265
2799,2025-01-27,SH.ZB_600971,恒源煤电,煤炭行业,-2.6427667
2800,2025-01-27,SH.KC_300294,博雅生物,生物制品,-2.6429002
2801,2025-01-24,SH.ZB_603195,公牛集团,家用轻工,-2.6429436
2802,2025-01-27,SH.ZB_603298,杭叉集团,工程机械,-2.6430662
2803,2025-01-27,SH.ZB_601989,中国重工,船舶制造,-2.643259
2804,2025-01-27,SZ.ZB_002819,东方中科,仪器仪表,-2.6432786
2805,2025-01-27,SH.ZB_600219,南山铝业,有色金属,-2.6434195
2806,2025-01-24,SH.ZB_600048,保利发展,房地产开发,-2.6437302
2807,2025-01-27,SH.ZB_600780,通宝能源,电力行业,-2.6438568
2808,2025-01-27,SH.KC_300722,新余国科,航天航空,-2.6440072
2809,2025-01-24,SH.ZB_603312,西典新能,电网设备,-2.6441076
2810,2025-01-24,SH.ZB_603599,广信股份,农药兽药,-2.644485
2811,2025-01-24,SH.ZB_601225,陕西煤业,煤炭行业,-2.644496
2812,2025-01-24,SH.KC_300760,迈瑞医疗,医疗器械,-2.644501
2813,2025-01-24,SZ.ZB_000543,皖能电力,电力行业,-2.6445997
2814,2025-01-24,SH.ZB_605358,立昂微,半导体,-2.6446123
2815,2025-01-27,SZ.ZB_000570,苏常柴Ａ,汽车零部件,-2.644737
2816,2025-01-24,SH.ZB_601727,上海电气,电源设备,-2.6447387
2817,2025-01-27,SH.ZB_600660,福耀玻璃,玻璃玻纤,-2.6450548
2818,2025-01-27,SZ.ZB_002510,天汽模,汽车零部件,-2.6451416
2819,2025-01-27,SH.ZB_605399,晨光新材,化学制品,-2.6451507
2820,2025-01-24,SH.KC_300103,达刚控股,专用设备,-2.6457772
2821,2025-01-24,SH.KC_688105,诺唯赞,医疗器械,-2.645809
2822,2025-01-27,SZ.ZB_002632,道明光学,塑料制品,-2.64581
2823,2025-01-27,SH.KC_300389,艾比森,光学光电子,-2.6460187
2824,2025-01-27,SZ.ZB_000061,农 产 品,贸易行业,-2.6461453
2825,2025-01-27,SZ.ZB_002116,中国海诚,工程咨询服务,-2.6462097
2826,2025-01-24,SH.ZB_601187,厦门银行,银行,-2.646428
2827,2025-01-24,SH.KC_300162,雷曼光电,光学光电子,-2.6466017
2828,2025-01-24,SZ.ZB_000707,双环科技,化学原料,-2.6467884
2829,2025-01-27,SZ.ZB_000970,中科三环,小金属,-2.6469495
2830,2025-01-24,SZ.ZB_002941,新疆交建,工程建设,-2.6469965
2831,2025-01-27,SH.ZB_603313,梦百合,装修建材,-2.6470308
2832,2025-01-24,SZ.ZB_002166,莱茵生物,中药,-2.6472
2833,2025-01-27,SZ.ZB_000566,海南海药,化学制药,-2.6472561
2834,2025-01-27,SH.KC_301267,华厦眼科,医疗服务,-2.6473153
2835,2025-01-24,SH.KC_300215,电科院,专业服务,-2.647494
2836,2025-01-27,SH.ZB_600853,龙建股份,工程建设,-2.6476395
2837,2025-01-27,SZ.ZB_002378,章源钨业,小金属,-2.6476557
2838,2025-01-24,SH.KC_688530,欧莱新材,半导体,-2.6477697
2839,2025-01-24,SH.ZB_603739,蔚蓝生物,农牧饲渔,-2.648
2840,2025-01-24,SZ.ZB_000501,武商集团,商业百货,-2.6480048
2841,2025-01-27,SZ.ZB_002415,海康威视,计算机设备,-2.648188
2842,2025-01-27,SH.ZB_600111,北方稀土,小金属,-2.6483176
2843,2025-01-24,SH.ZB_600241,时代万恒,电池,-2.648348
2844,2025-01-24,SH.ZB_600103,青山纸业,造纸印刷,-2.6484523
2845,2025-01-27,SH.ZB_601512,中新集团,房地产开发,-2.6484945
2846,2025-01-24,SH.KC_300049,福瑞股份,医疗器械,-2.6485274
2847,2025-01-27,SH.KC_301571,国科天成,电子元件,-2.648573
2848,2025-01-24,SH.ZB_600875,东方电气,电源设备,-2.6488435
2849,2025-01-27,SH.KC_300519,新光药业,中药,-2.6488798
2850,2025-01-27,SH.ZB_600084,中信尼雅,酿酒行业,-2.64924
2851,2025-01-24,SH.KC_300169,天晟新材,化学制品,-2.649387
2852,2025-01-27,SH.KC_300770,新媒股份,文化传媒,-2.6494641
2853,2025-01-24,SH.ZB_600470,六国化工,化肥行业,-2.6494713
2854,2025-01-24,SH.ZB_603998,方盛制药,中药,-2.6494942
2855,2025-01-27,SH.ZB_603788,宁波高发,汽车零部件,-2.6497269
2856,2025-01-24,SH.ZB_600864,哈投股份,证券,-2.6498346
2857,2025-01-27,SZ.ZB_002051,中工国际,工程建设,-2.6500099
2858,2025-01-24,SZ.ZB_002416,爱施德,商业百货,-2.6500757
2859,2025-01-27,SH.ZB_600740,山西焦化,煤炭行业,-2.6503046
2860,2025-01-24,SZ.ZB_002193,如意集团,纺织服装,-2.6503947
2861,2025-01-24,SH.ZB_600822,上海物贸,汽车服务,-2.6505668
2862,2025-01-27,SH.KC_301060,兰卫医学,医疗器械,-2.6507645
2863,2025-01-24,SH.KC_688396,华润微,半导体,-2.6507738
2864,2025-01-24,SH.ZB_601288,农业银行,银行,-2.650863
2865,2025-01-24,SH.KC_688035,德邦科技,电子元件,-2.6510816
2866,2025-01-27,SH.ZB_600749,西藏旅游,旅游酒店,-2.6510935
2867,2025-01-27,SZ.ZB_002828,贝肯能源,采掘行业,-2.6511116
2868,2025-01-27,SH.ZB_603150,万朗磁塑,塑料制品,-2.6511977
2869,2025-01-24,SH.ZB_605001,威奥股份,交运设备,-2.6512237
2870,2025-01-24,SH.ZB_600900,长江电力,电力行业,-2.6512341
2871,2025-01-27,SH.ZB_603130,云中马,纺织服装,-2.651465
2872,2025-01-27,SH.ZB_603085,天成自控,汽车零部件,-2.6515603
2873,2025-01-27,SH.ZB_600229,城市传媒,文化传媒,-2.651719
2874,2025-01-27,SH.KC_300026,红日药业,中药,-2.651737
2875,2025-01-24,SZ.ZB_000680,山推股份,工程机械,-2.6517694
2876,2025-01-27,SZ.ZB_002460,赣锋锂业,能源金属,-2.6518826
2877,2025-01-27,SH.ZB_603167,渤海轮渡,航运港口,-2.6520536
2878,2025-01-24,SH.ZB_600211,西藏药业,生物制品,-2.6521437
2879,2025-01-27,SH.KC_301206,三元生物,食品饮料,-2.652373
2880,2025-01-24,SZ.ZB_002687,乔治白,纺织服装,-2.652456
2881,2025-01-27,SH.KC_688585,上纬新材,塑料制品,-2.6524963
2882,2025-01-27,SH.ZB_601179,中国西电,电网设备,-2.6526575
2883,2025-01-27,SZ.ZB_002302,西部建设,水泥建材,-2.6531532
2884,2025-01-24,SZ.ZB_002205,国统股份,水泥建材,-2.6533816
2885,2025-01-24,SZ.ZB_000026,飞亚达,珠宝首饰,-2.65343
2886,2025-01-24,SZ.ZB_001367,海森药业,化学制药,-2.6534665
2887,2025-01-27,SZ.ZB_002407,多氟多,化学制品,-2.6534848
2888,2025-01-24,SZ.ZB_002068,黑猫股份,橡胶制品,-2.6536505
2889,2025-01-24,SH.KC_300875,捷强装备,专用设备,-2.6538625
2890,2025-01-24,SH.ZB_601118,海南橡胶,橡胶制品,-2.6539679
2891,2025-01-24,SZ.ZB_000789,万年青,水泥建材,-2.6546955
2892,2025-01-27,SH.ZB_600908,无锡银行,银行,-2.654722
2893,2025-01-24,SZ.ZB_002051,中工国际,工程建设,-2.654773
2894,2025-01-24,SZ.ZB_002398,垒知集团,装修建材,-2.6548524
2895,2025-01-27,SZ.ZB_002608,江苏国信,电力行业,-2.6551445
2896,2025-01-24,SZ.ZB_002614,奥佳华,家电行业,-2.6552787
2897,2025-01-24,SH.KC_300962,中金辐照,专业服务,-2.6553397
2898,2025-01-24,SH.KC_301026,浩通科技,小金属,-2.655361
2899,2025-01-27,SZ.ZB_001300,三柏硕,家用轻工,-2.6556501
2900,2025-01-24,SZ.ZB_002966,苏州银行,银行,-2.6556811
2901,2025-01-24,SH.KC_301508,中机认检,专业服务,-2.656026
2902,2025-01-24,SH.ZB_600882,妙可蓝多,食品饮料,-2.656129
2903,2025-01-24,SH.KC_300219,鸿利智汇,光学光电子,-2.6561453
2904,2025-01-24,SH.ZB_603987,康德莱,医疗器械,-2.6565795
2905,2025-01-27,SH.ZB_603180,金牌家居,装修建材,-2.6566403
2906,2025-01-27,SZ.ZB_000999,华润三九,中药,-2.6568458
2907,2025-01-27,SH.ZB_601126,四方股份,电网设备,-2.6569414
2908,2025-01-27,SZ.ZB_002040,南 京 港,航运港口,-2.6570704
2909,2025-01-27,SZ.ZB_002522,浙江众成,塑料制品,-2.6570728
2910,2025-01-27,SZ.ZB_002339,积成电子,电网设备,-2.6571233
2911,2025-01-24,SH.KC_688113,联测科技,专用设备,-2.6571736
2912,2025-01-27,SH.KC_688137,近岸蛋白,生物制品,-2.6573436
2913,2025-01-27,SH.ZB_603958,哈森股份,纺织服装,-2.6575446
2914,2025-01-27,SH.KC_300614,百川畅银,环保行业,-2.657873
2915,2025-01-27,SH.ZB_600585,海螺水泥,水泥建材,-2.657931
2916,2025-01-24,SH.KC_301265,华新环保,环保行业,-2.6583726
2917,2025-01-24,SH.ZB_600773,西藏城投,房地产开发,-2.6584542
2918,2025-01-24,SH.ZB_600855,航天长峰,计算机设备,-2.658466
2919,2025-01-24,SH.ZB_603968,醋化股份,化学制品,-2.658473
2920,2025-01-27,SZ.ZB_002327,富安娜,纺织服装,-2.6584737
2921,2025-01-27,SH.ZB_600033,福建高速,铁路公路,-2.6585064
2922,2025-01-27,SH.KC_688122,西部超导,有色金属,-2.658756
2923,2025-01-24,SH.ZB_600391,航发科技,航天航空,-2.6588564
2924,2025-01-24,SH.ZB_601868,中国能建,工程建设,-2.658971
2925,2025-01-27,SH.KC_688399,硕世生物,医疗器械,-2.6589718
2926,2025-01-24,SH.ZB_600216,浙江医药,化学制药,-2.6591544
2927,2025-01-27,SH.KC_300769,德方纳米,电池,-2.65931
2928,2025-01-24,SZ.ZB_002053,云南能投,综合行业,-2.6597896
2929,2025-01-27,SH.ZB_601107,四川成渝,铁路公路,-2.6599712
2930,2025-01-27,SZ.ZB_002685,华东重机,通用设备,-2.6600387
2931,2025-01-24,SH.ZB_600557,康缘药业,中药,-2.6601386
2932,2025-01-27,SH.ZB_600458,时代新材,风电设备,-2.6602128
2933,2025-01-27,SH.KC_688092,爱科科技,专用设备,-2.6602702
2934,2025-01-24,SZ.ZB_000708,中信特钢,钢铁行业,-2.6602905
2935,2025-01-24,SZ.ZB_000902,新洋丰,化肥行业,-2.660373
2936,2025-01-27,SH.KC_301565,中仑新材,塑料制品,-2.6605916
2937,2025-01-27,SH.KC_688269,凯立新材,化学制品,-2.6606202
2938,2025-01-24,SH.ZB_603282,亚光股份,专用设备,-2.6606495
2939,2025-01-24,SH.ZB_603931,格林达,电子化学品,-2.6609185
2940,2025-01-27,SH.ZB_600995,南网储能,电力行业,-2.6609807
2941,2025-01-24,SH.ZB_600155,华创云信,证券,-2.661244
2942,2025-01-24,SZ.ZB_002535,林州重机,专用设备,-2.6612856
2943,2025-01-27,SH.ZB_600846,同济科技,工程建设,-2.6613202
2944,2025-01-27,SH.KC_301103,何氏眼科,医疗服务,-2.6613774
2945,2025-01-27,SH.KC_301137,哈焊华通,通用设备,-2.661575
2946,2025-01-24,SH.ZB_600459,贵研铂业,小金属,-2.6616766
2947,2025-01-27,SH.ZB_603053,成都燃气,燃气,-2.6618607
2948,2025-01-27,SH.ZB_600513,联环药业,化学制药,-2.662104
2949,2025-01-24,SZ.ZB_002662,京威股份,汽车零部件,-2.6622708
2950,2025-01-27,SH.KC_300438,鹏辉能源,电池,-2.6622884
2951,2025-01-27,SH.KC_301039,中集车辆,汽车整车,-2.6627986
2952,2025-01-27,SZ.ZB_002340,格林美,能源金属,-2.6628258
2953,2025-01-24,SH.ZB_600833,第一医药,医药商业,-2.6629384
2954,2025-01-24,SH.ZB_603976,正川股份,医疗器械,-2.6629672
2955,2025-01-27,SH.ZB_603706,东方环宇,燃气,-2.6630049
2956,2025-01-24,SH.ZB_601788,光大证券,证券,-2.6631026
2957,2025-01-27,SH.KC_300395,菲利华,非金属材料,-2.663315
2958,2025-01-24,SH.ZB_601222,林洋能源,仪器仪表,-2.6634195
2959,2025-01-24,SH.KC_688710,益诺思,生物制品,-2.6634476
2960,2025-01-27,SH.ZB_601518,吉林高速,铁路公路,-2.6636212
2961,2025-01-27,SH.KC_300930,屹通新材,有色金属,-2.6640642
2962,2025-01-24,SH.ZB_601952,苏垦农发,农牧饲渔,-2.6640813
2963,2025-01-27,SH.KC_300958,建工修复,环保行业,-2.664197
2964,2025-01-27,SZ.ZB_002401,中远海科,互联网服务,-2.6642992
2965,2025-01-24,SZ.ZB_000818,航锦科技,化学原料,-2.6643662
2966,2025-01-27,SH.ZB_600586,金晶科技,玻璃玻纤,-2.6644192
2967,2025-01-24,SH.ZB_600107,美尔雅,纺织服装,-2.6647706
2968,2025-01-27,SH.ZB_603759,海天股份,公用事业,-2.6649034
2969,2025-01-24,SZ.ZB_002059,云南旅游,旅游酒店,-2.664923
2970,2025-01-27,SZ.ZB_002714,牧原股份,农牧饲渔,-2.6649659
2971,2025-01-27,SH.ZB_600906,财达证券,证券,-2.6660078
2972,2025-01-24,SZ.ZB_002734,利民股份,农药兽药,-2.6661136
2973,2025-01-27,SH.ZB_603823,百合花,化学制品,-2.6662295
2974,2025-01-27,SZ.ZB_002444,巨星科技,通用设备,-2.6663394
2975,2025-01-27,SH.ZB_601952,苏垦农发,农牧饲渔,-2.6663861
2976,2025-01-27,SZ.ZB_002643,万润股份,电子化学品,-2.6664004
2977,2025-01-27,SH.ZB_600178,东安动力,汽车零部件,-2.6664093
2978,2025-01-27,SZ.ZB_002752,昇兴股份,包装材料,-2.6664932
2979,2025-01-27,SH.ZB_600097,开创国际,农牧饲渔,-2.6665144
2980,2025-01-27,SH.ZB_601996,丰林集团,装修建材,-2.6666105
2981,2025-01-27,SZ.ZB_002228,合兴包装,包装材料,-2.6666365
2982,2025-01-27,SH.ZB_601515,东峰集团,包装材料,-2.6666782
2983,2025-01-24,SZ.ZB_002880,卫光生物,生物制品,-2.6667647
2984,2025-01-27,SZ.ZB_002101,广东鸿图,汽车零部件,-2.6667938
2985,2025-01-27,SH.ZB_601878,浙商证券,证券,-2.6668842
2986,2025-01-24,SH.ZB_600249,两面针,美容护理,-2.6669788
2987,2025-01-27,SH.KC_688177,百奥泰,生物制品,-2.6670651
2988,2025-01-27,SZ.ZB_001896,豫能控股,电力行业,-2.6670766
2989,2025-01-24,SH.ZB_603213,镇洋发展,化学原料,-2.6676483
2990,2025-01-27,SZ.ZB_002709,天赐材料,化学制品,-2.66765
2991,2025-01-24,SZ.ZB_000881,中广核技,化学制品,-2.6676812
2992,2025-01-27,SH.ZB_600750,江中药业,中药,-2.6677198
2993,2025-01-24,SH.KC_301277,新天地,化学制药,-2.6678233
2994,2025-01-24,SH.ZB_600233,圆通速递,物流行业,-2.6679442
2995,2025-01-24,SH.ZB_600515,海南机场,航空机场,-2.6680238
2996,2025-01-24,SZ.ZB_002332,仙琚制药,化学制药,-2.668024
2997,2025-01-27,SZ.ZB_002443,金洲管道,钢铁行业,-2.6680942
2998,2025-01-27,SH.ZB_601318,中国平安,保险,-2.6681414
2999,2025-01-24,SH.KC_300407,凯发电气,电网设备,-2.668272
3000,2025-01-24,SH.KC_300350,华鹏飞,物流行业,-2.6683445
3001,2025-01-24,SZ.ZB_002752,昇兴股份,包装材料,-2.6687686
3002,2025-01-24,SH.ZB_600846,同济科技,工程建设,-2.6688032
3003,2025-01-27,SH.KC_300129,泰胜风能,风电设备,-2.668903
3004,2025-01-24,SZ.ZB_002736,国信证券,证券,-2.668921
3005,2025-01-27,SH.KC_300823,建科智能,专用设备,-2.668932
3006,2025-01-27,SZ.ZB_002555,三七互娱,游戏,-2.6689594
3007,2025-01-24,SH.ZB_601126,四方股份,电网设备,-2.6690376
3008,2025-01-27,SH.ZB_600997,开滦股份,煤炭行业,-2.669085
3009,2025-01-24,SZ.ZB_000702,正虹科技,农牧饲渔,-2.6692274
3010,2025-01-27,SH.ZB_605167,利柏特,专用设备,-2.6692538
3011,2025-01-27,SZ.ZB_002695,煌上煌,食品饮料,-2.6694717
3012,2025-01-27,SH.ZB_603183,建研院,专业服务,-2.6694727
3013,2025-01-24,SH.ZB_603356,华菱精工,专用设备,-2.6695127
3014,2025-01-27,SZ.ZB_002741,光华科技,电子化学品,-2.6696427
3015,2025-01-24,SH.KC_301137,哈焊华通,通用设备,-2.6696544
3016,2025-01-27,SH.KC_300863,卡倍亿,汽车零部件,-2.6696591
3017,2025-01-27,SZ.ZB_002085,万丰奥威,汽车零部件,-2.669706
3018,2025-01-27,SZ.ZB_001298,好上好,电子元件,-2.6697373
3019,2025-01-24,SH.ZB_600325,华发股份,房地产开发,-2.6697564
3020,2025-01-27,SZ.ZB_002790,瑞尔特,装修建材,-2.6701524
3021,2025-01-24,SZ.ZB_002415,海康威视,计算机设备,-2.6701949
3022,2025-01-27,SH.ZB_601111,中国国航,航空机场,-2.6704028
3023,2025-01-27,SH.KC_688551,科威尔,电源设备,-2.670425
3024,2025-01-27,SH.ZB_600938,中国海油,石油行业,-2.6704352
3025,2025-01-24,SH.ZB_601330,绿色动力,环保行业,-2.6705055
3026,2025-01-27,SH.ZB_600764,中国海防,计算机设备,-2.670585
3027,2025-01-24,SH.ZB_603391,力聚热能,通用设备,-2.670792
3028,2025-01-27,SZ.ZB_002183,怡 亚 通,贸易行业,-2.6711042
3029,2025-01-27,SH.ZB_600110,诺德股份,电池,-2.6713092
3030,2025-01-27,SH.ZB_601868,中国能建,工程建设,-2.671341
3031,2025-01-27,SZ.ZB_002016,世荣兆业,房地产开发,-2.6714032
3032,2025-01-27,SZ.ZB_002267,陕天然气,燃气,-2.6714728
3033,2025-01-27,SH.ZB_601607,上海医药,医药商业,-2.67148
3034,2025-01-24,SH.KC_300084,海默科技,采掘行业,-2.671795
3035,2025-01-27,SH.ZB_601066,中信建投,证券,-2.6718068
3036,2025-01-24,SH.ZB_600169,太原重工,专用设备,-2.6720383
3037,2025-01-27,SH.ZB_600236,桂冠电力,电力行业,-2.6721509
3038,2025-01-27,SZ.ZB_000037,深南电A,电力行业,-2.6723127
3039,2025-01-24,SZ.ZB_002455,百川股份,化学制品,-2.6724858
3040,2025-01-24,SH.ZB_601899,紫金矿业,有色金属,-2.6725378
3041,2025-01-27,SZ.ZB_002405,四维图新,软件开发,-2.6725981
3042,2025-01-27,SH.KC_688146,中船特气,电子化学品,-2.6727152
3043,2025-01-24,SH.ZB_603856,东宏股份,装修建材,-2.6731172
3044,2025-01-27,SH.ZB_600611,大众交通,铁路公路,-2.673445
3045,2025-01-27,SH.KC_688055,龙腾光电,光学光电子,-2.6736376
3046,2025-01-27,SH.ZB_600983,惠而浦,家电行业,-2.6738145
3047,2025-01-24,SH.KC_300388,节能国祯,环保行业,-2.674277
3048,2025-01-27,SH.KC_301371,敷尔佳,美容护理,-2.6743057
3049,2025-01-24,SH.ZB_600153,建发股份,贸易行业,-2.6743217
3050,2025-01-24,SH.ZB_605298,必得科技,交运设备,-2.6743538
3051,2025-01-27,SH.KC_688203,海正生材,化纤行业,-2.6744802
3052,2025-01-27,SH.KC_300551,古鳌科技,计算机设备,-2.6747043
3053,2025-01-27,SH.ZB_600020,中原高速,铁路公路,-2.6747053
3054,2025-01-24,SH.KC_301120,新特电气,电网设备,-2.674713
3055,2025-01-24,SH.KC_301148,嘉戎技术,环保行业,-2.6749392
3056,2025-01-24,SZ.ZB_002350,北京科锐,电网设备,-2.6749632
3057,2025-01-27,SZ.ZB_002539,云图控股,化肥行业,-2.6749675
3058,2025-01-27,SZ.ZB_002256,兆新股份,电网设备,-2.6751149
3059,2025-01-24,SH.KC_300891,惠云钛业,化学原料,-2.6752007
3060,2025-01-24,SH.KC_688082,盛美上海,半导体,-2.675238
3061,2025-01-24,SH.ZB_600108,亚盛集团,农牧饲渔,-2.6752975
3062,2025-01-27,SH.ZB_600758,辽宁能源,煤炭行业,-2.675432
3063,2025-01-27,SZ.ZB_000877,天山股份,水泥建材,-2.6756606
3064,2025-01-27,SH.ZB_603968,醋化股份,化学制品,-2.6756897
3065,2025-01-24,SH.ZB_600675,中华企业,房地产开发,-2.6758704
3066,2025-01-27,SH.KC_688009,中国通号,交运设备,-2.6759303
3067,2025-01-27,SH.ZB_603350,安乃达,电机,-2.676005
3068,2025-01-24,SH.ZB_603800,洪田股份,专用设备,-2.6760483
3069,2025-01-24,SZ.ZB_002970,锐明技术,计算机设备,-2.676112
3070,2025-01-24,SZ.ZB_002555,三七互娱,游戏,-2.676126
3071,2025-01-24,SZ.ZB_002753,永东股份,橡胶制品,-2.6762671
3072,2025-01-27,SZ.ZB_002589,瑞康医药,医药商业,-2.6763124
3073,2025-01-24,SH.ZB_601985,中国核电,电力行业,-2.6765103
3074,2025-01-24,SH.ZB_603690,至纯科技,专用设备,-2.676605
3075,2025-01-24,SZ.ZB_001201,东瑞股份,农牧饲渔,-2.6766636
3076,2025-01-24,SH.ZB_601898,中煤能源,煤炭行业,-2.6767948
3077,2025-01-24,SH.KC_301292,海科新源,化学制品,-2.6768262
3078,2025-01-27,SZ.ZB_002900,哈三联,化学制药,-2.676846
3079,2025-01-24,SH.KC_300227,光韵达,电子元件,-2.6768744
3080,2025-01-24,SH.KC_300022,吉峰科技,工程机械,-2.6769822
3081,2025-01-27,SH.ZB_600021,上海电力,电力行业,-2.6770196
3082,2025-01-24,SH.ZB_603568,伟明环保,环保行业,-2.677203
3083,2025-01-24,SH.KC_300061,旗天科技,文化传媒,-2.677269
3084,2025-01-24,SZ.ZB_000959,首钢股份,钢铁行业,-2.677322
3085,2025-01-27,SZ.ZB_001965,招商公路,铁路公路,-2.6774123
3086,2025-01-27,SH.ZB_603156,养元饮品,食品饮料,-2.6774886
3087,2025-01-27,SH.KC_300243,瑞丰高材,塑料制品,-2.6776695
3088,2025-01-27,SH.KC_300075,数字政通,软件开发,-2.6777122
3089,2025-01-27,SZ.ZB_000697,炼石航空,航天航空,-2.6778672
3090,2025-01-24,SZ.ZB_002682,龙洲股份,物流行业,-2.6779861
3091,2025-01-27,SH.KC_301015,百洋医药,医药商业,-2.6780005
3092,2025-01-24,SH.ZB_601136,首创证券,证券,-2.6780314
3093,2025-01-24,SH.KC_300625,三雄极光,家电行业,-2.6783943
3094,2025-01-24,SH.ZB_603101,汇嘉时代,商业百货,-2.6784177
3095,2025-01-27,SH.ZB_603027,千禾味业,食品饮料,-2.6784365
3096,2025-01-24,SZ.ZB_002985,北摩高科,航天航空,-2.6787014
3097,2025-01-27,SH.ZB_603987,康德莱,医疗器械,-2.6787188
3098,2025-01-27,SH.ZB_603938,三孚股份,化学制品,-2.6787229
3099,2025-01-27,SH.KC_301166,优宁维,生物制品,-2.67883
3100,2025-01-24,SZ.ZB_000958,电投产融,电力行业,-2.679054
3101,2025-01-24,SH.ZB_601789,宁波建工,工程建设,-2.6790826
3102,2025-01-27,SZ.ZB_002332,仙琚制药,化学制药,-2.6791253
3103,2025-01-27,SH.KC_688648,中邮科技,通用设备,-2.679217
3104,2025-01-24,SH.ZB_600369,西南证券,证券,-2.6792362
3105,2025-01-27,SZ.ZB_002581,未名医药,生物制品,-2.67926
3106,2025-01-27,SH.KC_688599,天合光能,光伏设备,-2.6795468
3107,2025-01-27,SH.ZB_600717,天津港,航运港口,-2.6797738
3108,2025-01-27,SH.KC_300019,硅宝科技,化学制品,-2.6799128
3109,2025-01-24,SH.KC_301166,优宁维,生物制品,-2.6799128
3110,2025-01-27,SH.ZB_605336,帅丰电器,家电行业,-2.679998
3111,2025-01-27,SZ.ZB_000931,中 关 村,化学制药,-2.6800053
3112,2025-01-27,SZ.ZB_000524,岭南控股,旅游酒店,-2.6800587
3113,2025-01-27,SH.KC_688173,希荻微,半导体,-2.6800919
3114,2025-01-24,SH.ZB_605222,起帆电缆,电网设备,-2.680188
3115,2025-01-24,SH.KC_300435,中泰股份,燃气,-2.6804144
3116,2025-01-24,SH.ZB_605151,西上海,汽车零部件,-2.6806097
3117,2025-01-27,SH.ZB_600230,沧州大化,化学制品,-2.6806636
3118,2025-01-27,SH.KC_688011,新光光电,光学光电子,-2.6807628
3119,2025-01-27,SH.ZB_603017,中衡设计,工程咨询服务,-2.6808956
3120,2025-01-27,SH.KC_301529,福赛科技,汽车零部件,-2.6810572
3121,2025-01-24,SH.ZB_603387,基蛋生物,医疗器械,-2.6810749
3122,2025-01-27,SH.ZB_605003,众望布艺,纺织服装,-2.6813552
3123,2025-01-27,SZ.ZB_002330,得利斯,食品饮料,-2.6815414
3124,2025-01-24,SZ.ZB_002366,融发核电,电源设备,-2.6815681
3125,2025-01-24,SH.KC_688391,钜泉科技,半导体,-2.681696
3126,2025-01-24,SH.ZB_601083,锦江航运,航运港口,-2.6817427
3127,2025-01-24,SZ.ZB_002570,贝因美,食品饮料,-2.6819158
3128,2025-01-27,SZ.ZB_001279,强邦新材,造纸印刷,-2.68192
3129,2025-01-27,SZ.ZB_000029,深深房Ａ,房地产开发,-2.681983
3130,2025-01-24,SH.ZB_600058,五矿发展,贸易行业,-2.6820354
3131,2025-01-24,SH.ZB_603698,航天工程,专业服务,-2.6820774
3132,2025-01-24,SH.ZB_603324,盛剑科技,环保行业,-2.682271
3133,2025-01-27,SH.KC_301223,中荣股份,包装材料,-2.6823032
3134,2025-01-24,SH.ZB_600703,三安光电,光学光电子,-2.6824465
3135,2025-01-24,SH.KC_301097,天益医疗,医疗器械,-2.6824975
3136,2025-01-24,SH.KC_688563,航材股份,航天航空,-2.6825058
3137,2025-01-24,SH.KC_300606,金太阳,通用设备,-2.6825762
3138,2025-01-24,SH.KC_300564,筑博设计,工程咨询服务,-2.6826713
3139,2025-01-27,SZ.ZB_002719,麦趣尔,食品饮料,-2.682764
3140,2025-01-27,SH.KC_688633,星球石墨,专用设备,-2.6830573
3141,2025-01-27,SH.KC_300589,江龙船艇,船舶制造,-2.6830623
3142,2025-01-27,SH.KC_300285,国瓷材料,化学制品,-2.683489
3143,2025-01-24,SH.ZB_603350,安乃达,电机,-2.6836343
3144,2025-01-27,SH.KC_300142,沃森生物,生物制品,-2.6836503
3145,2025-01-24,SH.ZB_600258,首旅酒店,旅游酒店,-2.6838071
3146,2025-01-24,SH.KC_301095,广立微,半导体,-2.683912
3147,2025-01-24,SH.ZB_600323,瀚蓝环境,环保行业,-2.6839497
3148,2025-01-27,SH.ZB_601069,西部黄金,贵金属,-2.68403
3149,2025-01-27,SH.ZB_601949,中国出版,文化传媒,-2.6841607
3150,2025-01-24,SH.KC_300890,翔丰华,电池,-2.6841934
3151,2025-01-24,SZ.ZB_002937,兴瑞科技,消费电子,-2.684205
3152,2025-01-24,SH.KC_300642,透景生命,医疗器械,-2.6843984
3153,2025-01-27,SZ.ZB_002193,如意集团,纺织服装,-2.684831
3154,2025-01-27,SH.ZB_603609,禾丰股份,农牧饲渔,-2.684839
3155,2025-01-24,SH.ZB_603169,兰石重装,专用设备,-2.6849124
3156,2025-01-27,SH.ZB_600211,西藏药业,生物制品,-2.6849828
3157,2025-01-27,SH.ZB_601966,玲珑轮胎,橡胶制品,-2.6851046
3158,2025-01-27,SH.ZB_600589,大位科技,互联网服务,-2.6856232
3159,2025-01-24,SH.KC_688726,拉普拉斯,光伏设备,-2.6858337
3160,2025-01-27,SH.KC_300407,凯发电气,电网设备,-2.6859107
3161,2025-01-27,SH.KC_300625,三雄极光,家电行业,-2.6859684
3162,2025-01-27,SH.KC_301225,恒勃股份,汽车零部件,-2.6861038
3163,2025-01-27,SH.KC_301580,爱迪特,医疗器械,-2.6861439
3164,2025-01-24,SH.KC_301219,腾远钴业,能源金属,-2.6862319
3165,2025-01-27,SZ.ZB_002120,韵达股份,物流行业,-2.6865177
3166,2025-01-27,SH.ZB_601860,紫金银行,银行,-2.6865475
3167,2025-01-24,SH.KC_301206,三元生物,食品饮料,-2.6866028
3168,2025-01-24,SZ.ZB_002500,山西证券,证券,-2.6867151
3169,2025-01-27,SH.ZB_600426,华鲁恒升,化学原料,-2.6867309
3170,2025-01-27,SH.ZB_603282,亚光股份,专用设备,-2.6867375
3171,2025-01-27,SH.ZB_600838,上海九百,商业百货,-2.6869059
3172,2025-01-24,SH.KC_300324,旋极信息,互联网服务,-2.6869094
3173,2025-01-24,SH.ZB_603797,联泰环保,环保行业,-2.6869915
3174,2025-01-27,SH.ZB_600684,珠江股份,房地产服务,-2.6871262
3175,2025-01-24,SH.ZB_603566,普莱柯,农药兽药,-2.6872509
3176,2025-01-24,SH.ZB_601686,友发集团,钢铁行业,-2.6873755
3177,2025-01-27,SH.ZB_600548,深高速,铁路公路,-2.6875048
3178,2025-01-27,SH.KC_300618,寒锐钴业,能源金属,-2.6875057
3179,2025-01-27,SH.ZB_601128,常熟银行,银行,-2.6875706
3180,2025-01-27,SZ.ZB_002637,赞宇科技,化学制品,-2.6875749
3181,2025-01-24,SH.KC_301507,民生健康,化学制药,-2.6877024
3182,2025-01-24,SH.KC_301488,豪恩汽电,汽车零部件,-2.6877356
3183,2025-01-24,SZ.ZB_002633,申科股份,通用设备,-2.687871
3184,2025-01-24,SH.ZB_600019,宝钢股份,钢铁行业,-2.687998
3185,2025-01-27,SH.ZB_603333,尚纬股份,电网设备,-2.688008
3186,2025-01-24,SH.KC_300821,东岳硅材,化学制品,-2.688011
3187,2025-01-27,SZ.ZB_000652,泰达股份,综合行业,-2.6880383
3188,2025-01-27,SZ.ZB_002017,东信和平,通信设备,-2.688057
3189,2025-01-27,SH.KC_300821,东岳硅材,化学制品,-2.6881325
3190,2025-01-24,SH.KC_301260,格力博,专用设备,-2.68825
3191,2025-01-27,SZ.ZB_002545,东方铁塔,化肥行业,-2.6883764
3192,2025-01-27,SH.ZB_600635,大众公用,燃气,-2.6884115
3193,2025-01-24,SH.KC_300552,万集科技,软件开发,-2.6887505
3194,2025-01-24,SH.KC_688180,君实生物-U,生物制品,-2.6887627
3195,2025-01-27,SZ.ZB_000019,深粮控股,贸易行业,-2.6887944
3196,2025-01-24,SH.ZB_603301,振德医疗,医疗器械,-2.6889062
3197,2025-01-27,SH.KC_301588,美新科技,家用轻工,-2.68918
3198,2025-01-27,SZ.ZB_000926,福星股份,房地产开发,-2.689208
3199,2025-01-27,SH.ZB_600774,汉商集团,商业百货,-2.6895456
3200,2025-01-24,SH.ZB_601216,君正集团,化学原料,-2.6895869
3201,2025-01-27,SZ.ZB_000898,鞍钢股份,钢铁行业,-2.6896787
3202,2025-01-24,SH.ZB_600000,浦发银行,银行,-2.6896942
3203,2025-01-27,SH.ZB_600203,福日电子,消费电子,-2.6898766
3204,2025-01-27,SZ.ZB_002773,康弘药业,化学制药,-2.6899347
3205,2025-01-24,SH.KC_300828,锐新科技,有色金属,-2.6899529
3206,2025-01-27,SZ.ZB_002322,理工能科,软件开发,-2.6899621
3207,2025-01-27,SH.KC_301285,鸿日达,电子元件,-2.689963
3208,2025-01-24,SZ.ZB_002285,世联行,房地产服务,-2.68999
3209,2025-01-27,SH.KC_300298,三诺生物,医疗器械,-2.690116
3210,2025-01-24,SH.ZB_603303,得邦照明,家电行业,-2.6901767
3211,2025-01-27,SH.KC_300610,晨化股份,塑料制品,-2.690262
3212,2025-01-24,SH.KC_300485,赛升药业,生物制品,-2.6903422
3213,2025-01-27,SH.KC_300671,富满微,半导体,-2.6903436
3214,2025-01-24,SZ.ZB_002893,京能热力,公用事业,-2.690419
3215,2025-01-24,SH.KC_301150,中一科技,电池,-2.6906333
3216,2025-01-27,SH.KC_688603,天承科技,电子化学品,-2.6907318
3217,2025-01-27,SH.ZB_603369,今世缘,酿酒行业,-2.6907701
3218,2025-01-27,SH.KC_300729,乐歌股份,家用轻工,-2.6908915
3219,2025-01-24,SZ.ZB_002651,利君股份,专用设备,-2.6909733
3220,2025-01-27,SH.ZB_600557,康缘药业,中药,-2.6910675
3221,2025-01-27,SZ.ZB_002246,北化股份,化学制品,-2.691141
3222,2025-01-27,SH.KC_300424,航新科技,航天航空,-2.6912212
3223,2025-01-27,SH.KC_688538,和辉光电-U,光学光电子,-2.6912484
3224,2025-01-24,SH.KC_300967,晓鸣股份,农牧饲渔,-2.6912515
3225,2025-01-24,SH.KC_688177,百奥泰,生物制品,-2.6914482
3226,2025-01-24,SH.ZB_600785,新华百货,商业百货,-2.691482
3227,2025-01-27,SZ.ZB_002125,湘潭电化,化学原料,-2.6915827
3228,2025-01-24,SH.ZB_600908,无锡银行,银行,-2.691723
3229,2025-01-27,SH.KC_300939,秋田微,光学光电子,-2.691789
3230,2025-01-24,SH.ZB_603163,圣晖集成,工程建设,-2.6919403
3231,2025-01-27,SZ.ZB_000498,山东路桥,工程建设,-2.6922827
3232,2025-01-27,SZ.ZB_000048,京基智农,农牧饲渔,-2.6923776
3233,2025-01-24,SH.KC_300851,交大思诺,交运设备,-2.6924524
3234,2025-01-24,SZ.ZB_000565,渝三峡Ａ,化学制品,-2.6925447
3235,2025-01-24,SH.ZB_600343,航天动力,专用设备,-2.6925874
3236,2025-01-27,SH.KC_300341,麦克奥迪,电网设备,-2.692639
3237,2025-01-27,SZ.ZB_001337,四川黄金,贵金属,-2.6928806
3238,2025-01-24,SZ.ZB_000960,锡业股份,小金属,-2.6929195
3239,2025-01-27,SZ.ZB_002229,鸿博股份,造纸印刷,-2.6929557
3240,2025-01-24,SH.KC_688543,国科军工,航天航空,-2.6930325
3241,2025-01-24,SZ.ZB_000411,英特集团,医药商业,-2.6932025
3242,2025-01-27,SZ.ZB_000798,中水渔业,农牧饲渔,-2.693269
3243,2025-01-24,SH.KC_301125,腾亚精工,通用设备,-2.6932726
3244,2025-01-27,SH.ZB_600637,东方明珠,文化传媒,-2.6933622
3245,2025-01-24,SZ.ZB_000838,财信发展,房地产开发,-2.6933742
3246,2025-01-27,SH.KC_300483,首华燃气,燃气,-2.6934304
3247,2025-01-27,SH.ZB_603725,天安新材,化学制品,-2.6934655
3248,2025-01-24,SZ.ZB_002233,塔牌集团,水泥建材,-2.6934671
3249,2025-01-27,SZ.ZB_000721,西安饮食,旅游酒店,-2.6935496
3250,2025-01-24,SH.ZB_603619,中曼石油,采掘行业,-2.6936479
3251,2025-01-27,SH.ZB_600233,圆通速递,物流行业,-2.6939769
3252,2025-01-27,SH.ZB_600210,紫江企业,包装材料,-2.6940265
3253,2025-01-27,SZ.ZB_002180,纳思达,计算机设备,-2.6940954
3254,2025-01-27,SH.KC_300109,新开源,化学制品,-2.6943493
3255,2025-01-27,SZ.ZB_000700,模塑科技,汽车零部件,-2.6945
3256,2025-01-24,SH.ZB_603989,艾华集团,电子元件,-2.6945193
3257,2025-01-27,SH.KC_300904,威力传动,风电设备,-2.6947088
3258,2025-01-27,SH.KC_300787,海能实业,消费电子,-2.6948242
3259,2025-01-24,SH.ZB_600620,天宸股份,综合行业,-2.6948328
3260,2025-01-27,SZ.ZB_000709,河钢股份,钢铁行业,-2.6949377
3261,2025-01-27,SH.KC_300771,智莱科技,计算机设备,-2.694983
3262,2025-01-24,SH.ZB_600026,中远海能,航运港口,-2.6950057
3263,2025-01-27,SH.ZB_600051,宁波联合,综合行业,-2.6950107
3264,2025-01-24,SH.ZB_600477,杭萧钢构,水泥建材,-2.6952467
3265,2025-01-27,SZ.ZB_002715,登云股份,汽车零部件,-2.6953642
3266,2025-01-24,SZ.ZB_003020,立方制药,化学制药,-2.6954825
3267,2025-01-24,SH.KC_300621,维业股份,装修装饰,-2.695924
3268,2025-01-27,SZ.ZB_002866,传艺科技,消费电子,-2.6960504
3269,2025-01-24,SH.KC_300994,久祺股份,交运设备,-2.6962056
3270,2025-01-24,SH.ZB_601179,中国西电,电网设备,-2.696233
3271,2025-01-27,SH.KC_300534,陇神戎发,中药,-2.6964147
3272,2025-01-24,SH.ZB_601398,工商银行,银行,-2.6964252
3273,2025-01-24,SH.ZB_601958,金钼股份,小金属,-2.6965005
3274,2025-01-24,SH.ZB_601799,星宇股份,汽车零部件,-2.696644
3275,2025-01-27,SH.ZB_600512,腾达建设,工程建设,-2.6966891
3276,2025-01-27,SH.ZB_603580,艾艾精工,塑料制品,-2.6967843
3277,2025-01-10,SZ.ZB_000972,中基健康,食品饮料,-2.6968973
3278,2025-01-24,SH.ZB_601611,中国核建,工程建设,-2.6969743
3279,2025-01-27,SH.ZB_601375,中原证券,证券,-2.6971648
3280,2025-01-24,SH.ZB_603877,太平鸟,纺织服装,-2.697176
3281,2025-01-24,SH.KC_688580,伟思医疗,医疗器械,-2.6972086
3282,2025-01-27,SH.KC_300507,苏奥传感,汽车零部件,-2.6973062
3283,2025-01-27,SH.KC_300538,同益股份,塑料制品,-2.6978433
3284,2025-01-24,SH.ZB_600971,恒源煤电,煤炭行业,-2.6979785
3285,2025-01-27,SZ.ZB_002461,珠江啤酒,酿酒行业,-2.6981657
3286,2025-01-24,SH.KC_300428,立中集团,汽车零部件,-2.6983051
3287,2025-01-27,SZ.ZB_002692,远程股份,电网设备,-2.6986766
3288,2025-01-27,SZ.ZB_001318,阳光乳业,食品饮料,-2.6987407
3289,2025-01-24,SZ.ZB_002573,清新环境,环保行业,-2.6988075
3290,2025-01-24,SH.ZB_600039,四川路桥,工程建设,-2.6988177
3291,2025-01-24,SZ.ZB_002884,凌霄泵业,通用设备,-2.69899
3292,2025-01-27,SZ.ZB_002601,龙佰集团,化学原料,-2.6990478
3293,2025-01-27,SH.ZB_600961,株冶集团,有色金属,-2.699065
3294,2025-01-27,SZ.ZB_002387,维信诺,光学光电子,-2.6991253
3295,2025-01-24,SH.ZB_603605,珀莱雅,美容护理,-2.699391
3296,2025-01-24,SZ.ZB_002645,华宏科技,环保行业,-2.6999598
3297,2025-01-24,SZ.ZB_002069,獐子岛,农牧饲渔,-2.7000256
3298,2025-01-27,SH.ZB_600221,海航控股,航空机场,-2.7000523
3299,2025-01-27,SZ.ZB_000883,湖北能源,电力行业,-2.7001116
3300,2025-01-24,SH.ZB_603309,维力医疗,医疗器械,-2.7001367
3301,2025-01-24,SH.KC_301332,德尔玛,家电行业,-2.7002392
3302,2025-01-24,SZ.ZB_000637,茂化实华,石油行业,-2.700241
3303,2025-01-27,SZ.ZB_002287,奇正藏药,中药,-2.7002854
3304,2025-01-24,SH.ZB_603130,云中马,纺织服装,-2.7005439
3305,2025-01-24,SH.ZB_601988,中国银行,银行,-2.7006128
3306,2025-01-24,SZ.ZB_000423,东阿阿胶,中药,-2.7009463
3307,2025-01-27,SH.ZB_603883,老百姓,医药商业,-2.7010381
3308,2025-01-27,SH.ZB_603281,江瀚新材,化学制品,-2.7013621
3309,2025-01-27,SH.KC_300360,炬华科技,电网设备,-2.7014124
3310,2025-01-24,SZ.ZB_002889,东方嘉盛,物流行业,-2.7015707
3311,2025-01-27,SZ.ZB_002160,常铝股份,有色金属,-2.701969
3312,2025-01-27,SH.ZB_600598,北大荒,农牧饲渔,-2.7020683
3313,2025-01-27,SZ.ZB_000026,飞亚达,珠宝首饰,-2.7020698
3314,2025-01-24,SH.KC_301456,盘古智能,风电设备,-2.702231
3315,2025-01-27,SH.ZB_603916,苏博特,化学制品,-2.702429
3316,2025-01-24,SH.ZB_600763,通策医疗,医疗服务,-2.7024605
3317,2025-01-27,SH.KC_300581,晨曦航空,航天航空,-2.7024636
3318,2025-01-27,SH.KC_300237,美晨科技,汽车零部件,-2.702527
3319,2025-01-27,SZ.ZB_002106,莱宝高科,光学光电子,-2.7025583
3320,2025-01-27,SH.KC_301268,铭利达,通用设备,-2.7025673
3321,2025-01-24,SH.KC_300398,飞凯材料,电子化学品,-2.7026448
3322,2025-01-24,SH.ZB_601717,郑煤机,汽车零部件,-2.7026496
3323,2025-01-27,SH.KC_300388,节能国祯,环保行业,-2.7027102
3324,2025-01-24,SH.KC_688621,阳光诺和,医疗服务,-2.7027774
3325,2025-01-27,SH.ZB_601000,唐山港,航运港口,-2.7028396
3326,2025-01-27,SZ.ZB_002237,恒邦股份,贵金属,-2.7028408
3327,2025-01-27,SZ.ZB_002566,益盛药业,中药,-2.7031443
3328,2025-01-24,SH.ZB_605066,天正电气,电网设备,-2.7031782
3329,2025-01-24,SZ.ZB_000728,国元证券,证券,-2.7032652
3330,2025-01-24,SH.ZB_600176,中国巨石,玻璃玻纤,-2.7036934
3331,2025-01-24,SZ.ZB_002201,正威新材,玻璃玻纤,-2.7037406
3332,2025-01-27,SH.KC_688120,华海清科,半导体,-2.7039578
3333,2025-01-27,SZ.ZB_002224,三 力 士,橡胶制品,-2.7040005
3334,2025-01-27,SH.ZB_600031,三一重工,工程机械,-2.7040887
3335,2025-01-27,SZ.ZB_002427,尤夫股份,化纤行业,-2.7042706
3336,2025-01-27,SH.ZB_600376,首开股份,房地产开发,-2.7043557
3337,2025-01-27,SH.KC_688601,力芯微,半导体,-2.704534
3338,2025-01-24,SH.KC_300865,大宏立,专用设备,-2.7049763
3339,2025-01-24,SH.ZB_600581,八一钢铁,钢铁行业,-2.7052472
3340,2025-01-24,SH.KC_300736,百邦科技,通信服务,-2.705265
3341,2025-01-24,SH.ZB_600834,申通地铁,铁路公路,-2.70547
3342,2025-01-24,SH.ZB_600059,古越龙山,酿酒行业,-2.7054775
3343,2025-01-24,SZ.ZB_002291,遥望科技,互联网服务,-2.7056117
3344,2025-01-24,SH.ZB_600488,津药药业,化学制药,-2.705623
3345,2025-01-27,SH.ZB_605151,西上海,汽车零部件,-2.7056718
3346,2025-01-27,SZ.ZB_000776,广发证券,证券,-2.705703
3347,2025-01-27,SZ.ZB_002840,华统股份,食品饮料,-2.7057912
3348,2025-01-27,SZ.ZB_000973,佛塑科技,塑料制品,-2.7059999
3349,2025-01-27,SZ.ZB_002591,恒大高新,互联网服务,-2.7060611
3350,2025-01-27,SH.ZB_601677,明泰铝业,有色金属,-2.7061772
3351,2025-01-27,SZ.ZB_002239,奥特佳,汽车零部件,-2.706549
3352,2025-01-27,SH.KC_688523,航天环宇,航天航空,-2.7066388
3353,2025-01-24,SH.ZB_601827,三峰环境,环保行业,-2.7068343
3354,2025-01-24,SZ.ZB_000777,中核科技,通用设备,-2.7068381
3355,2025-01-24,SZ.ZB_002644,佛慈制药,中药,-2.706855
3356,2025-01-27,SH.KC_300416,苏试试验,专业服务,-2.7069094
3357,2025-01-24,SH.KC_300713,英可瑞,电源设备,-2.7069654
3358,2025-01-27,SH.ZB_600572,康恩贝,中药,-2.7072725
3359,2025-01-24,SH.ZB_603099,长白山,旅游酒店,-2.7073288
3360,2025-01-27,SH.KC_300138,晨光生物,农牧饲渔,-2.7073507
3361,2025-01-24,SH.KC_688570,天玛智控,软件开发,-2.707505
3362,2025-01-24,SZ.ZB_002961,瑞达期货,多元金融,-2.7075117
3363,2025-01-27,SH.KC_300699,光威复材,化学制品,-2.7075138
3364,2025-01-27,SH.KC_301613,新铝时代,汽车零部件,-2.7077754
3365,2025-01-24,SH.ZB_600203,福日电子,消费电子,-2.707983
3366,2025-01-27,SH.KC_300406,九强生物,医疗器械,-2.7082064
3367,2025-01-24,SH.KC_300109,新开源,化学制品,-2.7082348
3368,2025-01-24,SZ.ZB_000610,西安旅游,旅游酒店,-2.708279
3369,2025-01-27,SH.KC_301088,戎美股份,纺织服装,-2.7083025
3370,2025-01-24,SZ.ZB_000999,华润三九,中药,-2.708314
3371,2025-01-27,SH.KC_688505,复旦张江,化学制药,-2.7083466
3372,2025-01-27,SZ.ZB_002716,湖南白银,贵金属,-2.7083502
3373,2025-01-24,SH.KC_688339,亿华通-U,电池,-2.7084265
3374,2025-01-27,SH.ZB_603318,水发燃气,燃气,-2.7086363
3375,2025-01-24,SH.KC_300355,蒙草生态,环保行业,-2.7090878
3376,2025-01-27,SH.ZB_603917,合力科技,汽车零部件,-2.7091045
3377,2025-01-24,SZ.ZB_002677,浙江美大,家电行业,-2.7091398
3378,2025-01-24,SH.ZB_600282,南钢股份,钢铁行业,-2.7092495
3379,2025-01-27,SH.KC_301237,和顺科技,塑料制品,-2.7092676
3380,2025-01-24,SH.KC_301258,富士莱,化学制药,-2.7092962
3381,2025-01-24,SZ.ZB_000987,越秀资本,多元金融,-2.709298
3382,2025-01-27,SZ.ZB_002598,山东章鼓,通用设备,-2.7093294
3383,2025-01-24,SH.KC_300668,杰恩设计,工程咨询服务,-2.7096481
3384,2025-01-24,SZ.ZB_000928,中钢国际,工程咨询服务,-2.7098475
3385,2025-01-27,SH.KC_688156,路德环境,农牧饲渔,-2.7098787
3386,2025-01-27,SH.ZB_603207,小方制药,化学制药,-2.7098918
3387,2025-01-27,SH.ZB_600017,日照港,航运港口,-2.710181
3388,2025-01-27,SZ.ZB_000708,中信特钢,钢铁行业,-2.7101965
3389,2025-01-27,SH.ZB_600446,金证股份,互联网服务,-2.7102013
3390,2025-01-27,SH.KC_300092,科新机电,通用设备,-2.7102363
3391,2025-01-24,SH.KC_300937,药易购,医药商业,-2.710634
3392,2025-01-24,SH.ZB_601512,中新集团,房地产开发,-2.7107277
3393,2025-01-27,SH.ZB_600438,通威股份,光伏设备,-2.710822
3394,2025-01-24,SZ.ZB_000756,新华制药,化学制药,-2.7109973
3395,2025-01-27,SH.ZB_603818,曲美家居,装修建材,-2.7111452
3396,2025-01-24,SH.KC_300134,大富科技,通信设备,-2.7113092
3397,2025-01-27,SH.KC_300016,北陆药业,化学制药,-2.7113726
3398,2025-01-27,SH.KC_301500,飞南资源,环保行业,-2.7113914
3399,2025-01-27,SH.ZB_603132,金徽股份,有色金属,-2.7114105
3400,2025-01-24,SH.ZB_600628,新世界,商业百货,-2.7116964
3401,2025-01-27,SZ.ZB_002069,獐子岛,农牧饲渔,-2.711763
3402,2025-01-27,SH.KC_301119,正强股份,汽车零部件,-2.711786
3403,2025-01-27,SZ.ZB_002788,鹭燕医药,医药商业,-2.7118378
3404,2025-01-27,SH.ZB_603811,诚意药业,化学制药,-2.7119
3405,2025-01-27,SH.KC_300066,三川智慧,仪器仪表,-2.7119002
3406,2025-01-24,SH.KC_688248,南网科技,电网设备,-2.7122877
3407,2025-01-27,SH.ZB_600299,安迪苏,化学制品,-2.7123456
3408,2025-01-24,SH.KC_300930,屹通新材,有色金属,-2.7126312
3409,2025-01-27,SZ.ZB_002758,浙农股份,综合行业,-2.712704
3410,2025-01-24,SH.ZB_601878,浙商证券,证券,-2.7127986
3411,2025-01-27,SZ.ZB_002481,双塔食品,食品饮料,-2.7128167
3412,2025-01-24,SH.KC_301421,波长光电,光学光电子,-2.713033
3413,2025-01-24,SH.KC_300285,国瓷材料,化学制品,-2.7131267
3414,2025-01-24,SH.ZB_600713,南京医药,医药商业,-2.7135215
3415,2025-01-27,SH.KC_300199,翰宇药业,化学制药,-2.713564
3416,2025-01-24,SH.KC_301118,恒光股份,化学原料,-2.7137063
3417,2025-01-24,SZ.ZB_000631,顺发恒业,房地产开发,-2.7137961
3418,2025-01-27,SH.KC_301332,德尔玛,家电行业,-2.7139003
3419,2025-01-24,SH.ZB_603331,百达精工,通用设备,-2.7139628
3420,2025-01-24,SH.KC_300746,汉嘉设计,工程咨询服务,-2.7140517
3421,2025-01-24,SH.KC_301276,嘉曼服饰,纺织服装,-2.7140565
3422,2025-01-24,SH.KC_301322,绿通科技,交运设备,-2.7140777
3423,2025-01-24,SH.ZB_605108,同庆楼,旅游酒店,-2.7140954
3424,2025-01-27,SH.ZB_600030,中信证券,证券,-2.7141516
3425,2025-01-27,SH.ZB_603229,奥翔药业,化学制药,-2.7142801
3426,2025-01-24,SH.ZB_600237,铜峰电子,电子元件,-2.7143192
3427,2025-01-24,SH.KC_688439,振华风光,半导体,-2.7144167
3428,2025-01-27,SZ.ZB_002523,天桥起重,专用设备,-2.7144208
3429,2025-01-24,SZ.ZB_000619,海螺新材,装修建材,-2.7144732
3430,2025-01-24,SH.KC_300331,苏大维格,光学光电子,-2.7145739
3431,2025-01-27,SH.KC_300962,中金辐照,专业服务,-2.7146208
3432,2025-01-24,SZ.ZB_000636,风华高科,电子元件,-2.7147558
3433,2025-01-27,SH.KC_301131,聚赛龙,塑料制品,-2.7147827
3434,2025-01-24,SZ.ZB_002900,哈三联,化学制药,-2.7147913
3435,2025-01-24,SH.ZB_600193,创兴资源,装修装饰,-2.7148302
3436,2025-01-27,SH.ZB_603888,新华网,文化传媒,-2.7150815
3437,2025-01-27,SH.ZB_603267,鸿远电子,电子元件,-2.715167
3438,2025-01-27,SH.KC_688007,光峰科技,消费电子,-2.7151968
3439,2025-01-27,SH.KC_688338,赛科希德,医疗器械,-2.7152066
3440,2025-01-27,SH.KC_300283,温州宏丰,电网设备,-2.715393
3441,2025-01-27,SH.KC_301020,密封科技,汽车零部件,-2.7154188
3442,2025-01-27,SH.ZB_600517,国网英大,多元金融,-2.7155766
3443,2025-01-24,SZ.ZB_002788,鹭燕医药,医药商业,-2.715655
3444,2025-01-24,SZ.ZB_001979,招商蛇口,房地产开发,-2.7157414
3445,2025-01-24,SZ.ZB_001368,通达创智,塑料制品,-2.7157702
3446,2025-01-24,SH.ZB_600392,盛和资源,小金属,-2.715829
3447,2025-01-27,SZ.ZB_002129,TCL中环,光伏设备,-2.715927
3448,2025-01-24,SH.KC_300824,北鼎股份,家电行业,-2.715944
3449,2025-01-24,SZ.ZB_000155,川能动力,电力行业,-2.7159457
3450,2025-01-24,SH.KC_301109,军信股份,环保行业,-2.7162452
3451,2025-01-24,SZ.ZB_001337,四川黄金,贵金属,-2.7163193
3452,2025-01-24,SZ.ZB_002866,传艺科技,消费电子,-2.7163517
3453,2025-01-27,SH.KC_301090,华润材料,化学原料,-2.716505
3454,2025-01-24,SH.ZB_600319,亚星化学,化学原料,-2.7165456
3455,2025-01-27,SH.ZB_600855,航天长峰,计算机设备,-2.7166512
3456,2025-01-27,SH.ZB_600793,宜宾纸业,造纸印刷,-2.7166512
3457,2025-01-24,SH.ZB_603922,金鸿顺,汽车零部件,-2.7168028
3458,2025-01-24,SH.ZB_600109,国金证券,证券,-2.7169256
3459,2025-01-27,SZ.ZB_002029,七 匹 狼,纺织服装,-2.7171414
3460,2025-01-27,SH.KC_301283,聚胶股份,化学制品,-2.7171752
3461,2025-01-24,SZ.ZB_002869,金溢科技,电子元件,-2.717181
3462,2025-01-24,SZ.ZB_002563,森马服饰,纺织服装,-2.717301
3463,2025-01-27,SH.KC_300062,中能电气,电网设备,-2.717412
3464,2025-01-24,SH.KC_688489,三未信安,电子元件,-2.7176306
3465,2025-01-24,SH.KC_300092,科新机电,通用设备,-2.7177022
3466,2025-01-27,SH.ZB_603648,畅联股份,物流行业,-2.7179246
3467,2025-01-24,SH.ZB_600776,东方通信,通信设备,-2.7179956
3468,2025-01-24,SH.ZB_601956,东贝集团,家电行业,-2.7180016
3469,2025-01-24,SZ.ZB_002206,海 利 得,化纤行业,-2.7180295
3470,2025-01-24,SZ.ZB_001300,三柏硕,家用轻工,-2.7180698
3471,2025-01-24,SZ.ZB_000886,海南高速,房地产开发,-2.7180796
3472,2025-01-27,SZ.ZB_000637,茂化实华,石油行业,-2.7183375
3473,2025-01-27,SH.ZB_603687,大胜达,包装材料,-2.718345
3474,2025-01-24,SH.KC_300371,汇中股份,仪器仪表,-2.718475
3475,2025-01-24,SH.ZB_600598,北大荒,农牧饲渔,-2.7185333
3476,2025-01-24,SH.ZB_603355,莱克电气,家电行业,-2.7185676
3477,2025-01-27,SH.KC_300022,吉峰科技,工程机械,-2.7185912
3478,2025-01-27,SZ.ZB_002761,浙江建投,工程建设,-2.718605
3479,2025-01-24,SH.ZB_600573,惠泉啤酒,酿酒行业,-2.7187207
3480,2025-01-27,SH.ZB_603013,亚普股份,汽车零部件,-2.71873
3481,2025-01-24,SZ.ZB_000626,远大控股,贸易行业,-2.7187507
3482,2025-01-24,SH.ZB_600805,悦达投资,综合行业,-2.7188246
3483,2025-01-24,SZ.ZB_000608,阳光股份,房地产服务,-2.7188997
3484,2025-01-24,SH.ZB_603906,龙蟠科技,电池,-2.7189028
3485,2025-01-27,SZ.ZB_002687,乔治白,纺织服装,-2.718999
3486,2025-01-24,SZ.ZB_001323,慕思股份,家用轻工,-2.7190237
3487,2025-01-27,SH.ZB_601601,中国太保,保险,-2.719057
3488,2025-01-27,SH.ZB_605298,必得科技,交运设备,-2.719079
3489,2025-01-27,SZ.ZB_002205,国统股份,水泥建材,-2.7192295
3490,2025-01-27,SH.KC_688289,圣湘生物,医疗器械,-2.7193174
3491,2025-01-24,SZ.ZB_000776,广发证券,证券,-2.7193892
3492,2025-01-27,SH.ZB_603787,新日股份,交运设备,-2.7194657
3493,2025-01-27,SH.ZB_600369,西南证券,证券,-2.7195048
3494,2025-01-24,SZ.ZB_000066,中国长城,计算机设备,-2.7195518
3495,2025-01-27,SH.KC_301063,海锅股份,风电设备,-2.7198534
3496,2025-01-27,SZ.ZB_002006,精工科技,专用设备,-2.7200239
3497,2025-01-27,SH.KC_300408,三环集团,电子元件,-2.720091
3498,2025-01-24,SZ.ZB_000783,长江证券,证券,-2.7201545
3499,2025-01-27,SH.KC_301373,凌玮科技,化学制品,-2.7201734
3500,2025-01-27,SH.ZB_600366,宁波韵升,小金属,-2.7203865
3501,2025-01-24,SH.KC_300083,创世纪,通用设备,-2.7204711
3502,2025-01-24,SH.ZB_600141,兴发集团,化肥行业,-2.7206373
3503,2025-01-27,SZ.ZB_001215,千味央厨,食品饮料,-2.72064
3504,2025-01-24,SH.KC_300345,华民股份,光伏设备,-2.720644
3505,2025-01-24,SZ.ZB_002115,三维通信,互联网服务,-2.7207608
3506,2025-01-24,SZ.ZB_000700,模塑科技,汽车零部件,-2.7207966
3507,2025-01-27,SH.KC_688393,安必平,医疗器械,-2.720962
3508,2025-01-24,SZ.ZB_002906,华阳集团,汽车零部件,-2.721101
3509,2025-01-24,SH.KC_688560,明冠新材,光伏设备,-2.7211485
3510,2025-01-27,SH.KC_300726,宏达电子,电子元件,-2.7211595
3511,2025-01-24,SH.ZB_600419,天润乳业,食品饮料,-2.7214224
3512,2025-01-27,SH.ZB_603115,海星股份,电子元件,-2.7214353
3513,2025-01-24,SZ.ZB_002492,恒基达鑫,物流行业,-2.7214484
3514,2025-01-27,SH.KC_688162,巨一科技,专用设备,-2.7216625
3515,2025-01-24,SZ.ZB_000429,粤高速Ａ,铁路公路,-2.7219124
3516,2025-01-24,SH.KC_300832,新产业,医疗器械,-2.7219737
3517,2025-01-24,SZ.ZB_000531,穗恒运Ａ,电力行业,-2.7220938
3518,2025-01-27,SH.KC_300504,天邑股份,通信设备,-2.7221487
3519,2025-01-27,SH.KC_301539,宏鑫科技,汽车零部件,-2.7221608
3520,2025-01-27,SH.ZB_600200,江苏吴中,化学制药,-2.7222633
3521,2025-01-27,SZ.ZB_000090,天健集团,房地产开发,-2.7223701
3522,2025-01-24,SH.ZB_600535,天士力,中药,-2.722411
3523,2025-01-27,SH.ZB_603105,芯能科技,光伏设备,-2.7224379
3524,2025-01-27,SH.KC_300423,昇辉科技,电网设备,-2.7227108
3525,2025-01-24,SH.ZB_600649,城投控股,房地产开发,-2.7227943
3526,2025-01-24,SZ.ZB_002204,大连重工,工程机械,-2.7228117
3527,2025-01-27,SH.ZB_603310,巍华新材,化学原料,-2.7228117
3528,2025-01-24,SZ.ZB_002731,萃华珠宝,珠宝首饰,-2.7228675
3529,2025-01-24,SZ.ZB_000547,航天发展,通信设备,-2.7230072
3530,2025-01-27,SZ.ZB_002277,友阿股份,商业百货,-2.7230308
3531,2025-01-27,SH.ZB_600663,陆家嘴,房地产开发,-2.7231145
3532,2025-01-27,SZ.ZB_002169,智光电气,电网设备,-2.7232752
3533,2025-01-24,SH.KC_301131,聚赛龙,塑料制品,-2.7232933
3534,2025-01-24,SZ.ZB_002019,亿帆医药,化学制药,-2.7234268
3535,2025-01-24,SZ.ZB_002160,常铝股份,有色金属,-2.7235467
3536,2025-01-27,SH.KC_688119,中钢洛耐,非金属材料,-2.7235754
3537,2025-01-24,SH.ZB_600668,尖峰集团,水泥建材,-2.7236109
3538,2025-01-27,SH.ZB_600787,中储股份,物流行业,-2.7236655
3539,2025-01-27,SH.ZB_600818,中路股份,交运设备,-2.7236748
3540,2025-01-27,SZ.ZB_000402,金 融 街,房地产开发,-2.7238076
3541,2025-01-27,SH.KC_300619,金银河,电池,-2.7239356
3542,2025-01-27,SZ.ZB_000790,华神科技,中药,-2.723953
3543,2025-01-27,SH.KC_688728,格科微,半导体,-2.724046
3544,2025-01-24,SH.ZB_600816,建元信托,多元金融,-2.724082
3545,2025-01-24,SH.KC_688230,芯导科技,半导体,-2.7242754
3546,2025-01-24,SH.KC_300656,民德电子,电子元件,-2.7245317
3547,2025-01-27,SH.KC_301099,雅创电子,贸易行业,-2.7245362
3548,2025-01-27,SH.ZB_600388,龙净环保,环保行业,-2.7247782
3549,2025-01-27,SH.ZB_603069,海汽集团,铁路公路,-2.7248244
3550,2025-01-24,SH.ZB_605299,舒华体育,家用轻工,-2.7248468
3551,2025-01-24,SH.ZB_605183,确成股份,橡胶制品,-2.7248566
3552,2025-01-24,SZ.ZB_002773,康弘药业,化学制药,-2.725117
3553,2025-01-24,SZ.ZB_002132,恒星科技,通用设备,-2.7251706
3554,2025-01-27,SZ.ZB_002537,海联金汇,汽车零部件,-2.725216
3555,2025-01-24,SZ.ZB_000791,甘肃能源,电力行业,-2.7254944
3556,2025-01-27,SH.ZB_603797,联泰环保,环保行业,-2.7257214
3557,2025-01-24,SH.KC_301073,君亭酒店,旅游酒店,-2.7257717
3558,2025-01-24,SZ.ZB_002632,道明光学,塑料制品,-2.7258515
3559,2025-01-24,SH.KC_688586,江航装备,航天航空,-2.7259994
3560,2025-01-27,SH.ZB_600109,国金证券,证券,-2.7260265
3561,2025-01-24,SH.KC_300254,仟源医药,化学制药,-2.7261205
3562,2025-01-24,SH.ZB_600531,豫光金铅,有色金属,-2.7262635
3563,2025-01-24,SH.KC_300644,南京聚隆,塑料制品,-2.7262871
3564,2025-01-27,SZ.ZB_001218,丽臣实业,化学制品,-2.7267246
3565,2025-01-24,SZ.ZB_002104,恒宝股份,通信设备,-2.7267299
3566,2025-01-27,SH.KC_301265,华新环保,环保行业,-2.7269204
3567,2025-01-24,SH.ZB_600830,香溢融通,多元金融,-2.7270968
3568,2025-01-24,SH.KC_301032,新柴股份,通用设备,-2.727286
3569,2025-01-27,SH.ZB_601456,国联证券,证券,-2.727418
3570,2025-01-24,SH.KC_300409,道氏技术,非金属材料,-2.7274966
3571,2025-01-24,SH.ZB_603368,柳药集团,医药商业,-2.7275145
3572,2025-01-27,SZ.ZB_002641,公元股份,装修建材,-2.727606
3573,2025-01-24,SH.ZB_603267,鸿远电子,电子元件,-2.7276402
3574,2025-01-24,SH.KC_300732,设研院,工程咨询服务,-2.7276545
3575,2025-01-24,SH.KC_300234,开尔新材,装修建材,-2.7277339
3576,2025-01-24,SH.ZB_605337,李子园,食品饮料,-2.7277794
3577,2025-01-27,SH.KC_300955,嘉亨家化,美容护理,-2.7279608
3578,2025-01-24,SH.ZB_600771,广誉远,中药,-2.7279828
3579,2025-01-27,SH.KC_300774,倍杰特,环保行业,-2.728378
3580,2025-01-27,SH.ZB_600860,京城股份,通用设备,-2.7293377
3581,2025-01-24,SH.ZB_603601,再升科技,玻璃玻纤,-2.729391
3582,2025-01-24,SH.KC_300588,熙菱信息,软件开发,-2.7296026
3583,2025-01-24,SH.KC_301373,凌玮科技,化学制品,-2.7296267
3584,2025-01-27,SH.KC_688281,华秦科技,非金属材料,-2.7297277
3585,2025-01-27,SH.ZB_601139,深圳燃气,燃气,-2.7297332
3586,2025-01-27,SH.KC_300149,睿智医药,医疗服务,-2.7297556
3587,2025-01-24,SH.KC_300365,恒华科技,软件开发,-2.7297971
3588,2025-01-24,SZ.ZB_000923,河钢资源,钢铁行业,-2.7298179
3589,2025-01-27,SH.ZB_600015,华夏银行,银行,-2.729964
3590,2025-01-27,SH.ZB_603331,百达精工,通用设备,-2.7299755
3591,2025-01-24,SH.KC_688237,超卓航科,航天航空,-2.7304385
3592,2025-01-24,SZ.ZB_002749,国光股份,农药兽药,-2.7306688
3593,2025-01-27,SZ.ZB_002194,武汉凡谷,通信设备,-2.7307804
3594,2025-01-27,SH.ZB_600022,山东钢铁,钢铁行业,-2.7308066
3595,2025-01-27,SZ.ZB_002303,美盈森,包装材料,-2.7308817
3596,2025-01-24,SH.ZB_603917,合力科技,汽车零部件,-2.730887
3597,2025-01-24,SZ.ZB_001311,多利科技,汽车零部件,-2.7310736
3598,2025-01-24,SH.ZB_603488,展鹏科技,专用设备,-2.731362
3599,2025-01-27,SZ.ZB_002064,华峰化学,化纤行业,-2.7313821
3600,2025-01-27,SZ.ZB_002037,保利联合,化学制品,-2.7314622
3601,2025-01-27,SH.ZB_601886,江河集团,装修装饰,-2.7314992
3602,2025-01-24,SH.ZB_601609,金田股份,有色金属,-2.7315247
3603,2025-01-24,SH.KC_301072,中捷精工,汽车零部件,-2.7315714
3604,2025-01-27,SH.KC_301505,苏州规划,工程咨询服务,-2.731631
3605,2025-01-24,SZ.ZB_002194,武汉凡谷,通信设备,-2.7318466
3606,2025-01-27,SZ.ZB_001209,洪兴股份,纺织服装,-2.7319617
3607,2025-01-27,SH.KC_688303,大全能源,光伏设备,-2.7320657
3608,2025-01-24,SZ.ZB_002759,天际股份,电池,-2.7321107
3609,2025-01-24,SH.ZB_605366,宏柏新材,化学制品,-2.7321913
3610,2025-01-27,SH.ZB_601788,光大证券,证券,-2.732371
3611,2025-01-24,SH.KC_688370,丛麟科技,环保行业,-2.7325318
3612,2025-01-27,SH.KC_688671,碧兴物联,仪器仪表,-2.7327867
3613,2025-01-27,SZ.ZB_000728,国元证券,证券,-2.7329047
3614,2025-01-24,SZ.ZB_000912,泸天化,化肥行业,-2.733032
3615,2025-01-27,SZ.ZB_002020,京新药业,化学制药,-2.7332675
3616,2025-01-24,SZ.ZB_000859,国风新材,塑料制品,-2.733718
3617,2025-01-24,SH.KC_300472,新元科技,专用设备,-2.7337217
3618,2025-01-24,SH.ZB_605007,五洲特纸,造纸印刷,-2.7337987
3619,2025-01-27,SZ.ZB_002270,华明装备,电网设备,-2.7338676
3620,2025-01-27,SH.ZB_600773,西藏城投,房地产开发,-2.7339022
3621,2025-01-24,SH.ZB_600643,爱建集团,多元金融,-2.733969
3622,2025-01-27,SZ.ZB_002043,兔 宝 宝,装修建材,-2.7342265
3623,2025-01-24,SZ.ZB_002980,华盛昌,仪器仪表,-2.734393
3624,2025-01-24,SH.ZB_603588,高能环境,环保行业,-2.7344894
3625,2025-01-24,SH.KC_300434,金石亚药,化学制药,-2.734626
3626,2025-01-27,SH.ZB_603113,金能科技,化学原料,-2.7347765
3627,2025-01-27,SH.ZB_600535,天士力,中药,-2.7348132
3628,2025-01-24,SH.ZB_601311,骆驼股份,电池,-2.7349997
3629,2025-01-27,SH.ZB_603698,航天工程,专业服务,-2.735017
3630,2025-01-24,SZ.ZB_002443,金洲管道,钢铁行业,-2.735087
3631,2025-01-27,SH.ZB_601200,上海环境,环保行业,-2.7352383
3632,2025-01-24,SZ.ZB_001338,永顺泰,农牧饲渔,-2.7354927
3633,2025-01-24,SH.KC_301626,苏州天脉,消费电子,-2.735536
3634,2025-01-27,SH.ZB_603059,倍加洁,美容护理,-2.7356257
3635,2025-01-27,SH.KC_300331,苏大维格,光学光电子,-2.7356298
3636,2025-01-27,SH.ZB_601339,百隆东方,纺织服装,-2.7356546
3637,2025-01-27,SH.ZB_600789,鲁抗医药,化学制药,-2.735747
3638,2025-01-27,SZ.ZB_002628,成都路桥,工程建设,-2.735781
3639,2025-01-24,SH.ZB_600967,内蒙一机,交运设备,-2.7358603
3640,2025-01-27,SZ.ZB_002172,澳洋健康,医疗服务,-2.7359827
3641,2025-01-27,SH.ZB_600259,广晟有色,小金属,-2.736009
3642,2025-01-24,SH.ZB_601939,建设银行,银行,-2.7360723
3643,2025-01-27,SH.ZB_603102,百合股份,食品饮料,-2.736299
3644,2025-01-27,SH.ZB_603711,香飘飘,食品饮料,-2.7364657
3645,2025-01-24,SH.ZB_600819,耀皮玻璃,玻璃玻纤,-2.7364705
3646,2025-01-24,SZ.ZB_002790,瑞尔特,装修建材,-2.7365167
3647,2025-01-24,SH.KC_688027,国盾量子,通信设备,-2.736557
3648,2025-01-27,SH.ZB_603682,锦和商管,房地产服务,-2.7365928
3649,2025-01-24,SH.KC_301278,快可电子,光伏设备,-2.7366745
3650,2025-01-27,SZ.ZB_002984,森麒麟,橡胶制品,-2.7370412
3651,2025-01-24,SH.KC_688638,誉辰智能,电池,-2.7372186
3652,2025-01-24,SH.ZB_600230,沧州大化,化学制品,-2.7374043
3653,2025-01-24,SH.KC_300774,倍杰特,环保行业,-2.737567
3654,2025-01-27,SH.KC_688718,唯赛勃,专用设备,-2.737637
3655,2025-01-27,SH.KC_300390,天华新能,能源金属,-2.7377064
3656,2025-01-24,SH.KC_301305,朗坤环境,环保行业,-2.7381701
3657,2025-01-24,SH.ZB_600983,惠而浦,家电行业,-2.7381709
3658,2025-01-27,SH.ZB_603982,泉峰汽车,汽车零部件,-2.7381766
3659,2025-01-27,SZ.ZB_002563,森马服饰,纺织服装,-2.7382135
3660,2025-01-24,SH.KC_300196,长海股份,玻璃玻纤,-2.7382433
3661,2025-01-24,SZ.ZB_000029,深深房Ａ,房地产开发,-2.7382612
3662,2025-01-27,SH.ZB_600837,海通证券,证券,-2.7384243
3663,2025-01-27,SH.KC_300915,海融科技,食品饮料,-2.7387078
3664,2025-01-27,SZ.ZB_000762,西藏矿业,能源金属,-2.7387161
3665,2025-01-24,SH.ZB_601608,中信重工,专用设备,-2.7388134
3666,2025-01-27,SH.ZB_601890,亚星锚链,船舶制造,-2.738885
3667,2025-01-24,SH.KC_301283,聚胶股份,化学制品,-2.738896
3668,2025-01-24,SZ.ZB_001287,中电港,贸易行业,-2.7389436
3669,2025-01-24,SZ.ZB_000078,海王生物,医药商业,-2.7389479
3670,2025-01-24,SZ.ZB_002346,柘中股份,电网设备,-2.7389736
3671,2025-01-27,SH.ZB_601939,建设银行,银行,-2.7390401
3672,2025-01-24,SH.ZB_600961,株冶集团,有色金属,-2.7390423
3673,2025-01-13,SZ.ZB_000972,中基健康,食品饮料,-2.739099
3674,2025-01-27,SH.ZB_605001,威奥股份,交运设备,-2.7391515
3675,2025-01-27,SH.KC_300873,海晨股份,物流行业,-2.7392259
3676,2025-01-27,SH.ZB_600241,时代万恒,电池,-2.7392395
3677,2025-01-27,SH.KC_301372,科净源,环保行业,-2.7392395
3678,2025-01-27,SH.KC_688075,安旭生物,医疗器械,-2.739268
3679,2025-01-27,SH.KC_300897,山科智能,仪器仪表,-2.7393363
3680,2025-01-27,SH.ZB_601168,西部矿业,有色金属,-2.7393837
3681,2025-01-24,SZ.ZB_002768,国恩股份,塑料制品,-2.7397559
3682,2025-01-27,SZ.ZB_002204,大连重工,工程机械,-2.7398207
3683,2025-01-27,SH.KC_301309,万得凯,通用设备,-2.7399092
3684,2025-01-24,SH.ZB_603628,清源股份,光伏设备,-2.739925
3685,2025-01-27,SZ.ZB_002142,宁波银行,银行,-2.7400956
3686,2025-01-27,SZ.ZB_000572,海马汽车,汽车整车,-2.7401783
3687,2025-01-24,SZ.ZB_000532,华金资本,综合行业,-2.740311
3688,2025-01-24,SH.ZB_601929,吉视传媒,文化传媒,-2.740421
3689,2025-01-24,SH.ZB_603829,洛凯股份,电网设备,-2.7404218
3690,2025-01-27,SZ.ZB_002198,嘉应制药,中药,-2.74046
3691,2025-01-27,SH.ZB_603055,台华新材,纺织服装,-2.7405338
3692,2025-01-24,SH.KC_300858,科拓生物,食品饮料,-2.7407851
3693,2025-01-27,SH.KC_301089,拓新药业,化学制药,-2.7408535
3694,2025-01-24,SH.KC_688381,帝奥微,半导体,-2.7409718
3695,2025-01-24,SH.KC_301016,雷尔伟,交运设备,-2.7409952
3696,2025-01-24,SH.KC_300447,全信股份,电网设备,-2.7410288
3697,2025-01-27,SZ.ZB_000520,凤凰航运,航运港口,-2.741057
3698,2025-01-27,SH.KC_300032,金龙机电,消费电子,-2.7412019
3699,2025-01-27,SH.ZB_605111,新洁能,半导体,-2.741256
3700,2025-01-24,SH.ZB_603231,索宝蛋白,农牧饲渔,-2.7414706
3701,2025-01-27,SZ.ZB_002701,奥瑞金,包装材料,-2.7414904
3702,2025-01-24,SH.ZB_603116,红蜻蜓,纺织服装,-2.7416382
3703,2025-01-27,SH.KC_301232,飞沃科技,风电设备,-2.7417097
3704,2025-01-27,SZ.ZB_002620,瑞和股份,装修装饰,-2.7417734
3705,2025-01-24,SH.KC_300862,蓝盾光电,仪器仪表,-2.7417989
3706,2025-01-27,SH.ZB_600301,华锡有色,小金属,-2.7418032
3707,2025-01-24,SH.KC_300631,久吾高科,环保行业,-2.7418249
3708,2025-01-27,SZ.ZB_000058,深 赛 格,商业百货,-2.7420125
3709,2025-01-24,SH.ZB_603486,科沃斯,家电行业,-2.7420852
3710,2025-01-27,SH.ZB_603218,日月股份,风电设备,-2.742133
3711,2025-01-27,SZ.ZB_001286,陕西能源,电力行业,-2.7422175
3712,2025-01-24,SZ.ZB_002627,三峡旅游,旅游酒店,-2.742218
3713,2025-01-24,SH.ZB_600318,新力金融,多元金融,-2.742307
3714,2025-01-24,SH.ZB_603823,百合花,化学制品,-2.7423909
3715,2025-01-27,SH.ZB_600095,湘财股份,证券,-2.7424893
3716,2025-01-24,SZ.ZB_002587,奥拓电子,光学光电子,-2.7425098
3717,2025-01-27,SH.ZB_600876,凯盛新能,光伏设备,-2.742594
3718,2025-01-27,SH.ZB_601899,紫金矿业,有色金属,-2.742633
3719,2025-01-27,SH.KC_301418,协昌科技,专用设备,-2.7427554
3720,2025-01-27,SH.KC_300404,博济医药,医疗服务,-2.7430294
3721,2025-01-27,SH.ZB_600016,民生银行,银行,-2.743043
3722,2025-01-24,SZ.ZB_002725,跃岭股份,汽车零部件,-2.7431216
3723,2025-01-27,SH.KC_688733,壹石通,非金属材料,-2.7431643
3724,2025-01-24,SH.KC_300189,神农种业,农牧饲渔,-2.7431803
3725,2025-01-27,SH.ZB_600883,博闻科技,农牧饲渔,-2.7433271
3726,2025-01-27,SZ.ZB_002798,帝欧家居,装修建材,-2.7433724
3727,2025-01-27,SH.ZB_601059,信达证券,证券,-2.7435143
3728,2025-01-27,SH.ZB_600266,城建发展,房地产开发,-2.7435806
3729,2025-01-24,SH.KC_301580,爱迪特,医疗器械,-2.7436528
3730,2025-01-27,SH.KC_688576,西山科技,医疗器械,-2.7436805
3731,2025-01-24,SZ.ZB_002581,未名医药,生物制品,-2.7437181
3732,2025-01-24,SH.ZB_605169,洪通燃气,燃气,-2.7437503
3733,2025-01-27,SH.KC_688310,迈得医疗,专用设备,-2.7438886
3734,2025-01-24,SH.KC_300971,博亚精工,通用设备,-2.7439725
3735,2025-01-27,SH.KC_300908,仲景食品,食品饮料,-2.7440434
3736,2025-01-24,SH.ZB_600764,中国海防,计算机设备,-2.744268
3737,2025-01-27,SH.KC_301003,江苏博云,塑料制品,-2.744362
3738,2025-01-27,SH.KC_301211,亨迪药业,化学制药,-2.7444868
3739,2025-01-27,SH.KC_300083,创世纪,通用设备,-2.744491
3740,2025-01-24,SH.ZB_603197,保隆科技,汽车零部件,-2.744498
3741,2025-01-27,SH.KC_688328,深科达,专用设备,-2.744628
3742,2025-01-27,SH.ZB_603261,立航科技,航天航空,-2.7448583
3743,2025-01-24,SH.ZB_601990,南京证券,证券,-2.7448907
3744,2025-01-24,SH.KC_300483,首华燃气,燃气,-2.745011
3745,2025-01-27,SH.KC_688047,龙芯中科,半导体,-2.745051
3746,2025-01-27,SH.KC_300692,中环环保,环保行业,-2.7450833
3747,2025-01-27,SH.KC_300892,品渥食品,食品饮料,-2.7451568
3748,2025-01-27,SH.ZB_601121,宝地矿业,钢铁行业,-2.7451677
3749,2025-01-27,SZ.ZB_000546,金圆股份,环保行业,-2.7452092
3750,2025-01-27,SZ.ZB_000528,柳    工,工程机械,-2.745258
3751,2025-01-27,SH.KC_300234,开尔新材,装修建材,-2.7453947
3752,2025-01-27,SH.ZB_600389,江山股份,农药兽药,-2.7453954
3753,2025-01-27,SZ.ZB_002023,海特高新,航天航空,-2.7456179
3754,2025-01-24,SH.ZB_603080,新疆火炬,燃气,-2.7456236
3755,2025-01-24,SH.ZB_600941,中国移动,通信服务,-2.7457747
3756,2025-01-27,SH.ZB_600208,衢州发展,房地产开发,-2.745792
3757,2025-01-24,SH.ZB_600507,方大特钢,钢铁行业,-2.7458375
3758,2025-01-27,SH.KC_300184,力源信息,贸易行业,-2.7458925
3759,2025-01-24,SH.KC_300320,海达股份,橡胶制品,-2.7459192
3760,2025-01-24,SH.ZB_600509,天富能源,电力行业,-2.7460382
3761,2025-01-27,SH.ZB_603048,浙江黎明,汽车零部件,-2.7460504
3762,2025-01-24,SH.ZB_600958,东方证券,证券,-2.7462656
3763,2025-01-27,SZ.ZB_000407,胜利股份,燃气,-2.7463517
3764,2025-01-27,SZ.ZB_002772,众兴菌业,农牧饲渔,-2.746392
3765,2025-01-27,SH.ZB_603578,三星新材,家电行业,-2.746509
3766,2025-01-27,SH.KC_688387,信科移动-U,通信设备,-2.7466145
3767,2025-01-27,SZ.ZB_002625,光启技术,航天航空,-2.7473009
3768,2025-01-27,SH.KC_300181,佐力药业,中药,-2.7473428
3769,2025-01-27,SH.ZB_600057,厦门象屿,物流行业,-2.7475328
3770,2025-01-27,SH.KC_301238,瑞泰新材,电池,-2.7475667
3771,2025-01-27,SH.ZB_601088,中国神华,煤炭行业,-2.7476234
3772,2025-01-24,SH.ZB_603659,璞泰来,电池,-2.7476819
3773,2025-01-24,SH.KC_688690,纳微科技,化学制药,-2.7480667
3774,2025-01-27,SH.ZB_603159,上海亚虹,专用设备,-2.7482767
3775,2025-01-24,SH.KC_688139,海尔生物,医疗器械,-2.748462
3776,2025-01-27,SH.KC_300201,海伦哲,工程机械,-2.748504
3777,2025-01-27,SH.ZB_600373,中文传媒,文化传媒,-2.7490242
3778,2025-01-24,SH.ZB_600094,大名城,房地产开发,-2.7490351
3779,2025-01-27,SZ.ZB_002594,比亚迪,汽车整车,-2.749209
3780,2025-01-27,SH.KC_301169,零点有数,专业服务,-2.749228
3781,2025-01-24,SZ.ZB_000727,冠捷科技,光学光电子,-2.749425
3782,2025-01-24,SZ.ZB_000430,张家界,旅游酒店,-2.749436
3783,2025-01-27,SH.ZB_600037,歌华有线,文化传媒,-2.7495356
3784,2025-01-27,SH.KC_688548,广钢气体,电子化学品,-2.749557
3785,2025-01-24,SH.ZB_601121,宝地矿业,钢铁行业,-2.7496912
3786,2025-01-24,SH.ZB_603477,巨星农牧,农牧饲渔,-2.7497559
3787,2025-01-27,SZ.ZB_002078,太阳纸业,造纸印刷,-2.7498205
3788,2025-01-27,SH.ZB_605158,华达新材,钢铁行业,-2.749882
3789,2025-01-27,SZ.ZB_002855,捷荣技术,消费电子,-2.749896
3790,2025-01-24,SH.KC_301372,科净源,环保行业,-2.7502825
3791,2025-01-24,SH.ZB_600706,曲江文旅,旅游酒店,-2.7503607
3792,2025-01-27,SH.KC_300162,雷曼光电,光学光电子,-2.750606
3793,2025-01-27,SH.ZB_603856,东宏股份,装修建材,-2.7508097
3794,2025-01-24,SH.KC_688393,安必平,医疗器械,-2.7508855
3795,2025-01-24,SZ.ZB_000767,晋控电力,电力行业,-2.7509887
3796,2025-01-24,SH.ZB_600839,四川长虹,家电行业,-2.7510724
3797,2025-01-24,SZ.ZB_001331,胜通能源,物流行业,-2.7513714
3798,2025-01-27,SH.KC_688472,阿特斯,光伏设备,-2.751738
3799,2025-01-24,SZ.ZB_000663,永安林业,装修建材,-2.7518425
3800,2025-01-27,SZ.ZB_002736,国信证券,证券,-2.7519357
3801,2025-01-24,SZ.ZB_002179,中航光电,电子元件,-2.7519894
3802,2025-01-27,SH.KC_300647,超频三,消费电子,-2.752041
3803,2025-01-24,SZ.ZB_002798,帝欧家居,装修建材,-2.7520576
3804,2025-01-27,SZ.ZB_002233,塔牌集团,水泥建材,-2.7521496
3805,2025-01-27,SZ.ZB_002357,富临运业,铁路公路,-2.7521572
3806,2025-01-24,SH.ZB_600637,东方明珠,文化传媒,-2.7522304
3807,2025-01-24,SZ.ZB_002405,四维图新,软件开发,-2.752354
3808,2025-01-27,SH.ZB_600698,湖南天雁,汽车零部件,-2.7523685
3809,2025-01-27,SH.ZB_600641,万业企业,房地产开发,-2.7527463
3810,2025-01-27,SH.KC_301257,普蕊斯,医疗服务,-2.7528117
3811,2025-01-24,SH.KC_688601,力芯微,半导体,-2.752815
3812,2025-01-27,SH.KC_301260,格力博,专用设备,-2.7529974
3813,2025-01-27,SH.ZB_600156,华升股份,纺织服装,-2.753289
3814,2025-01-24,SH.KC_300464,星徽股份,互联网服务,-2.7536116
3815,2025-01-27,SH.ZB_603216,梦天家居,装修装饰,-2.753642
3816,2025-01-24,SH.ZB_600299,安迪苏,化学制品,-2.7537777
3817,2025-01-24,SH.ZB_600159,大龙地产,房地产开发,-2.7542193
3818,2025-01-24,SH.ZB_600738,丽尚国潮,商业百货,-2.7542515
3819,2025-01-24,SH.KC_301520,万邦医药,医疗服务,-2.7543
3820,2025-01-27,SH.KC_300665,飞鹿股份,化学制品,-2.7546563
3821,2025-01-27,SH.ZB_600313,农发种业,农牧饲渔,-2.7546678
3822,2025-01-24,SZ.ZB_002479,富春环保,环保行业,-2.7546809
3823,2025-01-24,SH.ZB_600016,民生银行,银行,-2.7548804
3824,2025-01-24,SH.ZB_603137,恒尚节能,装修建材,-2.7549791
3825,2025-01-24,SH.ZB_603027,千禾味业,食品饮料,-2.75506
3826,2025-01-24,SH.ZB_600683,京投发展,房地产开发,-2.7550936
3827,2025-01-24,SH.KC_301551,无线传媒,文化传媒,-2.7552335
3828,2025-01-24,SH.ZB_603115,海星股份,电子元件,-2.755398
3829,2025-01-24,SH.KC_300067,安诺其,化学制品,-2.7554693
3830,2025-01-27,SH.KC_688295,中复神鹰,化纤行业,-2.755519
3831,2025-01-24,SH.ZB_603125,常青科技,化学制品,-2.7555454
3832,2025-01-27,SH.ZB_603538,美诺华,化学制药,-2.7557273
3833,2025-01-27,SH.ZB_600356,恒丰纸业,造纸印刷,-2.7557328
3834,2025-01-27,SH.ZB_603931,格林达,电子化学品,-2.7557812
3835,2025-01-27,SH.ZB_601330,绿色动力,环保行业,-2.7560234
3836,2025-01-24,SH.KC_301288,清研环境,环保行业,-2.7562213
3837,2025-01-27,SZ.ZB_000401,冀东水泥,水泥建材,-2.7564478
3838,2025-01-27,SH.ZB_601187,厦门银行,银行,-2.7564862
3839,2025-01-24,SZ.ZB_001332,锡装股份,专用设备,-2.7565475
3840,2025-01-27,SH.KC_300639,凯普生物,医疗器械,-2.7565815
3841,2025-01-24,SH.KC_688616,西力科技,电网设备,-2.7566783
3842,2025-01-27,SH.KC_688121,卓然股份,专用设备,-2.7567046
3843,2025-01-27,SH.KC_301408,华人健康,医药商业,-2.7568
3844,2025-01-27,SH.ZB_603283,赛腾股份,专用设备,-2.756899
3845,2025-01-27,SH.KC_300082,奥克股份,化学原料,-2.7569335
3846,2025-01-27,SH.ZB_600976,健民集团,中药,-2.7569737
3847,2025-01-27,SZ.ZB_000920,沃顿科技,环保行业,-2.7570972
3848,2025-01-27,SH.ZB_600103,青山纸业,造纸印刷,-2.7571757
3849,2025-01-27,SZ.ZB_002686,亿利达,通用设备,-2.7572296
3850,2025-01-27,SZ.ZB_002376,新北洋,计算机设备,-2.7573328
3851,2025-01-27,SH.KC_300447,全信股份,电网设备,-2.7573392
3852,2025-01-27,SH.ZB_603056,德邦股份,物流行业,-2.7574368
3853,2025-01-27,SZ.ZB_002211,宏达新材,化学制品,-2.757484
3854,2025-01-27,SH.KC_300254,仟源医药,化学制药,-2.7575345
3855,2025-01-24,SZ.ZB_002996,顺博合金,有色金属,-2.7576563
3856,2025-01-24,SH.KC_688549,中巨芯-U,电子化学品,-2.7577944
3857,2025-01-27,SH.ZB_600207,安彩高科,光伏设备,-2.7578444
3858,2025-01-27,SH.KC_301181,标榜股份,汽车零部件,-2.7580042
3859,2025-01-27,SH.KC_300922,天秦装备,塑料制品,-2.758163
3860,2025-01-27,SH.ZB_601990,南京证券,证券,-2.7581716
3861,2025-01-24,SH.ZB_600496,精工钢构,水泥建材,-2.7581823
3862,2025-01-24,SH.ZB_601111,中国国航,航空机场,-2.7582114
3863,2025-01-27,SH.KC_300185,通裕重工,风电设备,-2.758232
3864,2025-01-27,SH.KC_688330,宏力达,电网设备,-2.7582738
3865,2025-01-27,SH.KC_300815,玉禾田,环保行业,-2.7584708
3866,2025-01-24,SH.KC_688669,聚石化学,塑料制品,-2.7584856
3867,2025-01-27,SH.KC_301201,诚达药业,医疗服务,-2.7585452
3868,2025-01-27,SH.ZB_603348,文灿股份,汽车零部件,-2.7587824
3869,2025-01-27,SH.ZB_601225,陕西煤业,煤炭行业,-2.7591124
3870,2025-01-24,SH.KC_301119,正强股份,汽车零部件,-2.7591264
3871,2025-01-24,SH.ZB_600665,天地源,房地产开发,-2.7591977
3872,2025-01-24,SH.KC_688016,心脉医疗,医疗器械,-2.7592387
3873,2025-01-24,SH.KC_301198,喜悦智行,塑料制品,-2.7593217
3874,2025-01-27,SH.KC_688563,航材股份,航天航空,-2.7594507
3875,2025-01-27,SZ.ZB_002775,文科股份,工程建设,-2.7594717
3876,2025-01-27,SH.ZB_600323,瀚蓝环境,环保行业,-2.7596283
3877,2025-01-24,SZ.ZB_002392,北京利尔,装修建材,-2.759631
3878,2025-01-27,SH.ZB_603131,上海沪工,通用设备,-2.7597167
3879,2025-01-24,SH.ZB_603578,三星新材,家电行业,-2.7597337
3880,2025-01-27,SH.KC_300595,欧普康视,医疗器械,-2.7599192
3881,2025-01-24,SH.ZB_600101,明星电力,电力行业,-2.7601652
3882,2025-01-24,SH.ZB_603730,岱美股份,汽车零部件,-2.7602608
3883,2025-01-27,SZ.ZB_002554,惠博普,采掘行业,-2.7603242
3884,2025-01-27,SH.ZB_600169,太原重工,专用设备,-2.7603912
3885,2025-01-24,SH.KC_301289,国缆检测,专业服务,-2.7604244
3886,2025-01-27,SH.ZB_600062,华润双鹤,化学制药,-2.7604866
3887,2025-01-27,SZ.ZB_002860,星帅尔,家电行业,-2.7606075
3888,2025-01-27,SH.ZB_605599,菜百股份,珠宝首饰,-2.7606747
3889,2025-01-24,SH.KC_688399,硕世生物,医疗器械,-2.7607453
3890,2025-01-27,SH.ZB_601988,中国银行,银行,-2.7608383
3891,2025-01-27,SZ.ZB_002412,汉森制药,中药,-2.760858
3892,2025-01-27,SZ.ZB_002494,华斯股份,纺织服装,-2.7608702
3893,2025-01-24,SH.ZB_603156,养元饮品,食品饮料,-2.7610831
3894,2025-01-24,SH.ZB_600985,淮北矿业,煤炭行业,-2.761197
3895,2025-01-24,SH.KC_300615,欣天科技,通信设备,-2.761271
3896,2025-01-27,SZ.ZB_003012,东鹏控股,装修建材,-2.7613368
3897,2025-01-24,SH.KC_301111,粤万年青,中药,-2.7615476
3898,2025-01-27,SH.ZB_603217,元利科技,化学制品,-2.761561
3899,2025-01-27,SH.ZB_603163,圣晖集成,工程建设,-2.7617111
3900,2025-01-27,SH.ZB_600996,贵广网络,文化传媒,-2.7618916
3901,2025-01-27,SZ.ZB_000912,泸天化,化肥行业,-2.7619326
3902,2025-01-24,SH.ZB_600644,乐山电力,电力行业,-2.7624195
3903,2025-01-27,SZ.ZB_002008,大族激光,通用设备,-2.7624621
3904,2025-01-27,SH.ZB_603998,方盛制药,中药,-2.7624662
3905,2025-01-27,SZ.ZB_002015,协鑫能科,电力行业,-2.7627542
3906,2025-01-27,SH.KC_301120,新特电气,电网设备,-2.7627997
3907,2025-01-24,SH.KC_300374,中铁装配,装修装饰,-2.7628503
3908,2025-01-27,SH.KC_688602,康鹏科技,化学制品,-2.7628877
3909,2025-01-24,SH.ZB_605003,众望布艺,纺织服装,-2.762911
3910,2025-01-27,SH.ZB_603396,金辰股份,光伏设备,-2.7630563
3911,2025-01-27,SH.KC_688189,南新制药,化学制药,-2.7632394
3912,2025-01-24,SZ.ZB_000554,泰山石油,石油行业,-2.7632966
3913,2025-01-27,SZ.ZB_002955,鸿合科技,光学光电子,-2.7633202
3914,2025-01-27,SZ.ZB_002774,快意电梯,专用设备,-2.7634094
3915,2025-01-27,SH.ZB_600063,皖维高新,化纤行业,-2.7634737
3916,2025-01-24,SH.ZB_603788,宁波高发,汽车零部件,-2.7637057
3917,2025-01-24,SZ.ZB_000750,国海证券,证券,-2.7637374
3918,2025-01-27,SH.ZB_603980,吉华集团,化学制品,-2.7638998
3919,2025-01-27,SH.ZB_600594,益佰制药,中药,-2.764032
3920,2025-01-24,SH.KC_301003,江苏博云,塑料制品,-2.7642176
3921,2025-01-24,SH.KC_301229,纽泰格,汽车零部件,-2.7644792
3922,2025-01-27,SH.KC_301129,瑞纳智能,仪器仪表,-2.7645047
3923,2025-01-27,SH.KC_688693,锴威特,半导体,-2.7649143
3924,2025-01-27,SH.KC_301281,科源制药,化学制药,-2.765227
3925,2025-01-27,SH.KC_300444,双杰电气,电网设备,-2.7656367
3926,2025-01-27,SZ.ZB_002753,永东股份,橡胶制品,-2.7657354
3927,2025-01-27,SH.ZB_601799,星宇股份,汽车零部件,-2.7658296
3928,2025-01-27,SZ.ZB_000783,长江证券,证券,-2.7658713
3929,2025-01-27,SH.ZB_603325,博隆技术,通用设备,-2.7660375
3930,2025-01-27,SH.ZB_600928,西安银行,银行,-2.7660584
3931,2025-01-27,SH.KC_301526,国际复材,玻璃玻纤,-2.7663379
3932,2025-01-24,SH.ZB_601089,福元医药,化学制药,-2.7663643
3933,2025-01-27,SZ.ZB_001332,锡装股份,专用设备,-2.766408
3934,2025-01-24,SH.KC_300675,建科院,工程咨询服务,-2.7666912
3935,2025-01-24,SZ.ZB_002859,洁美科技,电子元件,-2.7667127
3936,2025-01-27,SH.ZB_600206,有研新材,小金属,-2.7667449
3937,2025-01-24,SH.KC_301223,中荣股份,包装材料,-2.7669578
3938,2025-01-24,SZ.ZB_001299,美能能源,燃气,-2.7671218
3939,2025-01-27,SZ.ZB_002976,瑞玛精密,汽车零部件,-2.7673216
3940,2025-01-24,SH.ZB_600536,中国软件,软件开发,-2.7675436
3941,2025-01-24,SH.KC_301050,雷电微力,半导体,-2.767647
3942,2025-01-27,SH.ZB_600993,马应龙,中药,-2.7676926
3943,2025-01-27,SZ.ZB_000850,华茂股份,纺织服装,-2.7676961
3944,2025-01-27,SH.ZB_603676,卫信康,化学制药,-2.7677808
3945,2025-01-24,SZ.ZB_002716,湖南白银,贵金属,-2.7677908
3946,2025-01-27,SH.KC_300049,福瑞股份,医疗器械,-2.7678132
3947,2025-01-27,SH.ZB_601608,中信重工,专用设备,-2.7680047
3948,2025-01-27,SH.ZB_600379,宝光股份,电网设备,-2.768115
3949,2025-01-27,SH.ZB_605358,立昂微,半导体,-2.7681708
3950,2025-01-27,SZ.ZB_002451,摩恩电气,电网设备,-2.7682106
3951,2025-01-24,SH.KC_300815,玉禾田,环保行业,-2.7682364
3952,2025-01-24,SH.ZB_600219,南山铝业,有色金属,-2.768263
3953,2025-01-24,SH.KC_301390,经纬股份,电网设备,-2.76848
3954,2025-01-27,SH.ZB_603679,华体科技,光学光电子,-2.7685833
3955,2025-01-27,SZ.ZB_002074,国轩高科,电池,-2.7687223
3956,2025-01-27,SH.ZB_601688,华泰证券,证券,-2.768809
3957,2025-01-27,SZ.ZB_000778,新兴铸管,钢铁行业,-2.7689106
3958,2025-01-27,SZ.ZB_000683,远兴能源,化学原料,-2.7691286
3959,2025-01-27,SH.KC_300826,测绘股份,工程咨询服务,-2.7693837
3960,2025-01-24,SH.KC_301392,汇成真空,专用设备,-2.7695022
3961,2025-01-24,SZ.ZB_002634,棒杰股份,纺织服装,-2.7696207
3962,2025-01-24,SZ.ZB_002303,美盈森,包装材料,-2.7697427
3963,2025-01-27,SH.ZB_600716,凤凰股份,房地产开发,-2.769778
3964,2025-01-27,SZ.ZB_001228,永泰运,物流行业,-2.7698247
3965,2025-01-27,SZ.ZB_000978,桂林旅游,旅游酒店,-2.769894
3966,2025-01-24,SH.ZB_601519,大智慧,软件开发,-2.7700722
3967,2025-01-24,SH.ZB_600420,国药现代,化学制药,-2.770388
3968,2025-01-24,SH.KC_688799,华纳药厂,化学制药,-2.7706287
3969,2025-01-27,SZ.ZB_000758,中色股份,有色金属,-2.770763
3970,2025-01-24,SH.ZB_603206,嘉环科技,通信服务,-2.7707777
3971,2025-01-27,SH.ZB_600232,金鹰股份,纺织服装,-2.7708864
3972,2025-01-24,SH.ZB_605090,九丰能源,燃气,-2.7708874
3973,2025-01-24,SH.KC_300135,宝利国际,化学制品,-2.7709804
3974,2025-01-24,SH.KC_300917,特发服务,房地产服务,-2.7712715
3975,2025-01-27,SZ.ZB_002152,广电运通,计算机设备,-2.7712808
3976,2025-01-27,SZ.ZB_001376,百通能源,公用事业,-2.771538
3977,2025-01-27,SH.ZB_603309,维力医疗,医疗器械,-2.7716339
3978,2025-01-24,SH.ZB_603327,福蓉科技,消费电子,-2.7716405
3979,2025-01-27,SZ.ZB_002535,林州重机,专用设备,-2.7717085
3980,2025-01-27,SZ.ZB_000156,华数传媒,文化传媒,-2.7722497
3981,2025-01-24,SH.ZB_600684,珠江股份,房地产服务,-2.7723198
3982,2025-01-27,SZ.ZB_002838,道恩股份,塑料制品,-2.7723668
3983,2025-01-24,SZ.ZB_000563,陕国投Ａ,多元金融,-2.7725
3984,2025-01-24,SH.KC_688627,精智达,专用设备,-2.7726026
3985,2025-01-27,SH.ZB_601101,昊华能源,煤炭行业,-2.7727132
3986,2025-01-27,SH.ZB_601005,重庆钢铁,钢铁行业,-2.7728617
3987,2025-01-24,SH.KC_301108,洁雅股份,纺织服装,-2.7728908
3988,2025-01-27,SZ.ZB_000955,欣龙控股,纺织服装,-2.7731113
3989,2025-01-24,SH.ZB_600968,海油发展,采掘行业,-2.7736778
3990,2025-01-24,SH.ZB_600778,友好集团,商业百货,-2.7737343
3991,2025-01-27,SZ.ZB_002392,北京利尔,装修建材,-2.773848
3992,2025-01-27,SH.ZB_601991,大唐发电,电力行业,-2.7739055
3993,2025-01-24,SH.ZB_603071,物产环能,贸易行业,-2.7739723
3994,2025-01-24,SZ.ZB_000890,法尔胜,通用设备,-2.7741084
3995,2025-01-24,SH.ZB_600006,东风股份,汽车整车,-2.774342
3996,2025-01-24,SZ.ZB_002598,山东章鼓,通用设备,-2.7746115
3997,2025-01-27,SZ.ZB_002025,航天电器,电子元件,-2.77465
3998,2025-01-27,SH.KC_300334,津膜科技,环保行业,-2.7746944
3999,2025-01-27,SH.ZB_600104,上汽集团,汽车整车,-2.7750275
4000,2025-01-27,SH.KC_301150,中一科技,电池,-2.7751338
4001,2025-01-24,SH.KC_301180,万祥科技,消费电子,-2.7752147
4002,2025-01-24,SZ.ZB_000068,华控赛格,环保行业,-2.775346
4003,2025-01-24,SZ.ZB_002953,日丰股份,电网设备,-2.7753825
4004,2025-01-24,SH.ZB_600641,万业企业,房地产开发,-2.7754812
4005,2025-01-24,SH.ZB_600021,上海电力,电力行业,-2.7756197
4006,2025-01-24,SH.KC_688603,天承科技,电子化学品,-2.775884
4007,2025-01-27,SH.KC_300470,中密控股,通用设备,-2.7760255
4008,2025-01-24,SH.ZB_600791,京能置业,房地产开发,-2.7761729
4009,2025-01-24,SH.KC_300357,我武生物,生物制品,-2.7763047
4010,2025-01-24,SH.ZB_601877,正泰电器,电网设备,-2.7764413
4011,2025-01-24,SZ.ZB_000715,中兴商业,商业百货,-2.7767797
4012,2025-01-27,SZ.ZB_002132,恒星科技,通用设备,-2.7767897
4013,2025-01-24,SH.ZB_603726,朗迪集团,家电行业,-2.7768636
4014,2025-01-24,SH.KC_300978,东箭科技,汽车零部件,-2.77706
4015,2025-01-24,SH.ZB_600824,益民集团,商业百货,-2.777211
4016,2025-01-27,SZ.ZB_000886,海南高速,房地产开发,-2.7773523
4017,2025-01-24,SZ.ZB_000758,中色股份,有色金属,-2.7773528
4018,2025-01-27,SH.ZB_600644,乐山电力,电力行业,-2.777378
4019,2025-01-24,SH.KC_301176,逸豪新材,电子元件,-2.7773812
4020,2025-01-27,SH.ZB_600854,春兰股份,家电行业,-2.7775288
4021,2025-01-27,SZ.ZB_000923,河钢资源,钢铁行业,-2.7775462
4022,2025-01-27,SH.KC_300490,华自科技,电网设备,-2.777582
4023,2025-01-24,SH.ZB_603767,中马传动,汽车零部件,-2.7776237
4024,2025-01-24,SZ.ZB_002709,天赐材料,化学制品,-2.7776263
4025,2025-01-24,SH.ZB_600650,锦江在线,铁路公路,-2.7778528
4026,2025-01-27,SZ.ZB_002911,佛燃能源,燃气,-2.7778618
4027,2025-01-27,SZ.ZB_002609,捷顺科技,互联网服务,-2.778126
4028,2025-01-27,SH.KC_301050,雷电微力,半导体,-2.7781627
4029,2025-01-27,SH.ZB_603301,振德医疗,医疗器械,-2.7783613
4030,2025-01-24,SZ.ZB_002462,嘉事堂,医药商业,-2.7785575
4031,2025-01-24,SH.ZB_603949,雪龙集团,汽车零部件,-2.7785592
4032,2025-01-24,SH.KC_688351,微电生理-U,医疗器械,-2.7785788
4033,2025-01-27,SZ.ZB_000723,美锦能源,煤炭行业,-2.7786584
4034,2025-01-27,SH.ZB_600269,赣粤高速,铁路公路,-2.7786665
4035,2025-01-24,SH.ZB_603131,上海沪工,通用设备,-2.7787657
4036,2025-01-27,SZ.ZB_002398,垒知集团,装修建材,-2.7787728
4037,2025-01-27,SH.ZB_600216,浙江医药,化学制药,-2.7789524
4038,2025-01-27,SH.ZB_600106,重庆路桥,铁路公路,-2.779021
4039,2025-01-24,SH.KC_301015,百洋医药,医药商业,-2.7792487
4040,2025-01-27,SH.KC_300828,锐新科技,有色金属,-2.779423
4041,2025-01-24,SH.KC_300283,温州宏丰,电网设备,-2.7794354
4042,2025-01-24,SH.ZB_601010,文峰股份,商业百货,-2.7798698
4043,2025-01-24,SZ.ZB_001376,百通能源,公用事业,-2.7800374
4044,2025-01-27,SZ.ZB_000902,新洋丰,化肥行业,-2.7803042
4045,2025-01-27,SH.KC_300500,启迪设计,工程咨询服务,-2.7803853
4046,2025-01-27,SZ.ZB_001367,海森药业,化学制药,-2.7806566
4047,2025-01-24,SH.ZB_600714,金瑞矿业,化学原料,-2.7807364
4048,2025-01-27,SH.KC_300696,爱乐达,航天航空,-2.7808561
4049,2025-01-27,SZ.ZB_002767,先锋电子,仪器仪表,-2.7810369
4050,2025-01-24,SZ.ZB_002135,东南网架,工程建设,-2.7811375
4051,2025-01-24,SZ.ZB_002236,大华股份,计算机设备,-2.7812521
4052,2025-01-27,SH.ZB_603767,中马传动,汽车零部件,-2.7813559
4053,2025-01-24,SH.ZB_601698,中国卫通,通信服务,-2.7813838
4054,2025-01-24,SZ.ZB_002412,汉森制药,中药,-2.781573
4055,2025-01-24,SH.ZB_603826,坤彩科技,非金属材料,-2.7816505
4056,2025-01-27,SH.KC_300861,美畅股份,非金属材料,-2.7817655
4057,2025-01-27,SH.KC_300834,星辉环材,化学原料,-2.781857
4058,2025-01-24,SZ.ZB_000558,莱茵体育,旅游酒店,-2.7819743
4059,2025-01-24,SH.KC_300643,万通智控,汽车零部件,-2.7821286
4060,2025-01-24,SH.KC_688072,拓荆科技,半导体,-2.7822022
4061,2025-01-24,SZ.ZB_002928,华夏航空,航空机场,-2.782672
4062,2025-01-24,SH.KC_300068,南都电源,电池,-2.7827177
4063,2025-01-27,SZ.ZB_002314,南山控股,房地产开发,-2.782755
4064,2025-01-27,SZ.ZB_002846,英联股份,包装材料,-2.7827778
4065,2025-01-27,SH.ZB_600058,五矿发展,贸易行业,-2.7828145
4066,2025-01-24,SH.KC_300922,天秦装备,塑料制品,-2.7828555
4067,2025-01-27,SH.KC_300683,海特生物,生物制品,-2.7829463
4068,2025-01-27,SH.KC_301338,凯格精机,专用设备,-2.7831655
4069,2025-01-27,SZ.ZB_001269,欧晶科技,光伏设备,-2.78332
4070,2025-01-27,SZ.ZB_001203,大中矿业,钢铁行业,-2.7836523
4071,2025-01-27,SH.ZB_601333,广深铁路,物流行业,-2.7837863
4072,2025-01-24,SH.KC_300532,今天国际,互联网服务,-2.7838156
4073,2025-01-27,SZ.ZB_002556,辉隆股份,化肥行业,-2.783971
4074,2025-01-27,SH.ZB_600748,上实发展,房地产开发,-2.7841265
4075,2025-01-24,SZ.ZB_000617,中油资本,多元金融,-2.7841632
4076,2025-01-27,SH.ZB_603223,恒通股份,物流行业,-2.7843108
4077,2025-01-27,SH.KC_300111,向日葵,化学制药,-2.7844386
4078,2025-01-27,SH.ZB_600683,京投发展,房地产开发,-2.7845874
4079,2025-01-24,SZ.ZB_000697,炼石航空,航天航空,-2.7847984
4080,2025-01-27,SZ.ZB_002223,鱼跃医疗,医疗器械,-2.784884
4081,2025-01-27,SH.ZB_600250,南京商旅,贸易行业,-2.785044
4082,2025-01-27,SH.KC_300126,锐奇股份,通用设备,-2.7851245
4083,2025-01-24,SZ.ZB_002235,安妮股份,造纸印刷,-2.7854893
4084,2025-01-24,SZ.ZB_002116,中国海诚,工程咨询服务,-2.7855613
4085,2025-01-27,SH.KC_300098,高新兴,软件开发,-2.7856293
4086,2025-01-27,SH.ZB_603227,雪峰科技,化学制品,-2.7856643
4087,2025-01-27,SH.ZB_601678,滨化股份,化学原料,-2.785746
4088,2025-01-27,SH.ZB_600679,上海凤凰,交运设备,-2.7858312
4089,2025-01-27,SZ.ZB_002937,兴瑞科技,消费电子,-2.7858737
4090,2025-01-24,SH.KC_300360,炬华科技,电网设备,-2.7861378
4091,2025-01-27,SH.KC_300890,翔丰华,电池,-2.7862234
4092,2025-01-27,SH.ZB_600064,南京高科,房地产开发,-2.7863455
4093,2025-01-27,SH.KC_688710,益诺思,生物制品,-2.7865262
4094,2025-01-24,SH.KC_300098,高新兴,软件开发,-2.7865305
4095,2025-01-27,SH.KC_301276,嘉曼服饰,纺织服装,-2.786703
4096,2025-01-27,SH.KC_688638,誉辰智能,电池,-2.78697
4097,2025-01-27,SH.ZB_600108,亚盛集团,农牧饲渔,-2.7870584
4098,2025-01-24,SH.ZB_600201,生物股份,农药兽药,-2.7870758
4099,2025-01-27,SH.KC_300686,智动力,消费电子,-2.7870944
4100,2025-01-27,SH.ZB_600392,盛和资源,小金属,-2.7871397
4101,2025-01-24,SZ.ZB_002805,丰元股份,电池,-2.787151
4102,2025-01-27,SZ.ZB_003002,壶化股份,化学制品,-2.7871575
4103,2025-01-27,SZ.ZB_002271,东方雨虹,装修建材,-2.787273
4104,2025-01-27,SH.KC_301395,仁信新材,化学原料,-2.7873816
4105,2025-01-24,SH.KC_300184,力源信息,贸易行业,-2.7876139
4106,2025-01-27,SZ.ZB_000722,湖南发展,电力行业,-2.7877994
4107,2025-01-27,SH.ZB_600962,国投中鲁,食品饮料,-2.7879603
4108,2025-01-24,SZ.ZB_000055,方大集团,装修装饰,-2.788156
4109,2025-01-24,SZ.ZB_001308,康冠科技,消费电子,-2.7883782
4110,2025-01-27,SH.KC_300788,中信出版,文化传媒,-2.7887628
4111,2025-01-24,SH.KC_300278,华昌达,通用设备,-2.7888498
4112,2025-01-24,SH.ZB_600079,人福医药,化学制药,-2.7889464
4113,2025-01-24,SH.KC_688066,航天宏图,航天航空,-2.788951
4114,2025-01-27,SZ.ZB_002887,绿茵生态,环保行业,-2.78906
4115,2025-01-24,SZ.ZB_002033,丽江股份,旅游酒店,-2.7890964
4116,2025-01-27,SZ.ZB_002980,华盛昌,仪器仪表,-2.7890985
4117,2025-01-24,SH.ZB_603188,亚邦股份,化学制品,-2.7891674
4118,2025-01-27,SH.ZB_600959,江苏有线,文化传媒,-2.7891934
4119,2025-01-27,SH.KC_300327,中颖电子,半导体,-2.7892132
4120,2025-01-24,SH.ZB_603150,万朗磁塑,塑料制品,-2.789304
4121,2025-01-27,SH.ZB_600055,万东医疗,医疗器械,-2.7894328
4122,2025-01-27,SH.KC_301133,金钟股份,汽车零部件,-2.7894464
4123,2025-01-24,SH.ZB_603181,皇马科技,塑料制品,-2.7896655
4124,2025-01-27,SH.KC_300206,理邦仪器,医疗器械,-2.7897108
4125,2025-01-27,SH.ZB_601918,新集能源,煤炭行业,-2.7900581
4126,2025-01-27,SH.ZB_603599,广信股份,农药兽药,-2.7900593
4127,2025-01-24,SH.ZB_603066,音飞储存,物流行业,-2.7903023
4128,2025-01-27,SH.ZB_601021,春秋航空,航空机场,-2.790425
4129,2025-01-24,SH.ZB_603776,永安行,专业服务,-2.7905016
4130,2025-01-24,SH.ZB_605167,利柏特,专用设备,-2.7906232
4131,2025-01-24,SH.KC_300939,秋田微,光学光电子,-2.7906284
4132,2025-01-27,SH.KC_300195,长荣股份,专用设备,-2.7906387
4133,2025-01-27,SH.ZB_605050,福然德,物流行业,-2.7907586
4134,2025-01-24,SH.ZB_601599,浙文影业,纺织服装,-2.7907841
4135,2025-01-27,SZ.ZB_000548,湖南投资,铁路公路,-2.7908306
4136,2025-01-27,SZ.ZB_003020,立方制药,化学制药,-2.79091
4137,2025-01-24,SH.ZB_601678,滨化股份,化学原料,-2.7909365
4138,2025-01-27,SH.KC_300048,合康新能,专用设备,-2.7913516
4139,2025-01-27,SZ.ZB_002807,江阴银行,银行,-2.7913756
4140,2025-01-27,SH.ZB_603948,建业股份,化学制品,-2.7914112
4141,2025-01-24,SH.KC_300958,建工修复,环保行业,-2.7914438
4142,2025-01-24,SH.ZB_600698,湖南天雁,汽车零部件,-2.791447
4143,2025-01-27,SH.KC_301387,光大同创,消费电子,-2.791504
4144,2025-01-27,SZ.ZB_000985,大庆华科,化学制品,-2.791583
4145,2025-01-27,SZ.ZB_000605,渤海股份,公用事业,-2.7917526
4146,2025-01-24,SZ.ZB_000978,桂林旅游,旅游酒店,-2.7921512
4147,2025-01-27,SZ.ZB_000059,华锦股份,石油行业,-2.792155
4148,2025-01-24,SH.ZB_603069,海汽集团,铁路公路,-2.792174
4149,2025-01-24,SH.KC_301126,达嘉维康,医药商业,-2.7926219
4150,2025-01-27,SH.KC_301046,能辉科技,光伏设备,-2.792943
4151,2025-01-27,SZ.ZB_002163,海南发展,玻璃玻纤,-2.793015
4152,2025-01-27,SZ.ZB_000948,南天信息,软件开发,-2.793028
4153,2025-01-24,SH.KC_688523,航天环宇,航天航空,-2.7931123
4154,2025-01-27,SH.ZB_603161,科华控股,汽车零部件,-2.7932804
4155,2025-01-27,SH.ZB_600377,宁沪高速,铁路公路,-2.7933083
4156,2025-01-24,SZ.ZB_000338,潍柴动力,汽车零部件,-2.793596
4157,2025-01-27,SH.ZB_601611,中国核建,工程建设,-2.7936127
4158,2025-01-27,SH.KC_688432,有研硅,半导体,-2.7936268
4159,2025-01-27,SZ.ZB_000755,山西高速,铁路公路,-2.7936559
4160,2025-01-27,SH.KC_300501,海顺新材,包装材料,-2.7938359
4161,2025-01-27,SH.KC_688248,南网科技,电网设备,-2.794009
4162,2025-01-27,SH.ZB_600848,上海临港,房地产开发,-2.7940285
4163,2025-01-24,SH.KC_300797,钢研纳克,专业服务,-2.7940307
4164,2025-01-27,SZ.ZB_002579,中京电子,电子元件,-2.7940695
4165,2025-01-24,SH.ZB_601005,重庆钢铁,钢铁行业,-2.7940948
4166,2025-01-24,SZ.ZB_002232,启明信息,互联网服务,-2.794158
4167,2025-01-27,SZ.ZB_002966,苏州银行,银行,-2.7941744
4168,2025-01-27,SZ.ZB_002627,三峡旅游,旅游酒店,-2.7946384
4169,2025-01-24,SZ.ZB_002231,奥维通信,通信服务,-2.794727
4170,2025-01-27,SZ.ZB_000423,东阿阿胶,中药,-2.7952797
4171,2025-01-24,SH.ZB_600158,中体产业,文化传媒,-2.7956243
4172,2025-01-27,SH.KC_300666,江丰电子,半导体,-2.795642
4173,2025-01-24,SZ.ZB_002992,宝明科技,光学光电子,-2.7957158
4174,2025-01-27,SZ.ZB_002167,东方锆业,小金属,-2.7959235
4175,2025-01-24,SZ.ZB_002661,克明食品,食品饮料,-2.7959454
4176,2025-01-27,SH.KC_301301,川宁生物,生物制品,-2.795977
4177,2025-01-27,SH.KC_688029,南微医学,医疗器械,-2.7963097
4178,2025-01-27,SH.ZB_600048,保利发展,房地产开发,-2.796457
4179,2025-01-24,SH.ZB_600894,广日股份,专用设备,-2.7966151
4180,2025-01-27,SH.ZB_601901,方正证券,证券,-2.79679
4181,2025-01-24,SH.KC_688700,东威科技,专用设备,-2.79681
4182,2025-01-27,SH.KC_688353,华盛锂电,化学制品,-2.7968898
4183,2025-01-27,SZ.ZB_000551,创元科技,环保行业,-2.7970386
4184,2025-01-24,SH.KC_688106,金宏气体,电子化学品,-2.7971601
4185,2025-01-24,SH.KC_300955,嘉亨家化,美容护理,-2.7974215
4186,2025-01-24,SH.ZB_601399,国机重装,专用设备,-2.7974348
4187,2025-01-27,SH.KC_300244,迪安诊断,医疗服务,-2.7975156
4188,2025-01-27,SH.ZB_600107,美尔雅,纺织服装,-2.7975936
4189,2025-01-27,SH.KC_300584,海辰药业,化学制药,-2.7976842
4190,2025-01-24,SZ.ZB_002976,瑞玛精密,汽车零部件,-2.7977479
4191,2025-01-24,SH.ZB_601966,玲珑轮胎,橡胶制品,-2.7978723
4192,2025-01-27,SH.ZB_601001,晋控煤业,煤炭行业,-2.7979355
4193,2025-01-24,SZ.ZB_000048,京基智农,农牧饲渔,-2.7979534
4194,2025-01-27,SH.KC_688106,金宏气体,电子化学品,-2.7982922
4195,2025-01-24,SH.KC_688718,唯赛勃,专用设备,-2.7983305
4196,2025-01-24,SH.ZB_603383,顶点软件,软件开发,-2.798505
4197,2025-01-27,SH.ZB_603639,海利尔,农药兽药,-2.798516
4198,2025-01-27,SH.ZB_603162,海通发展,航运港口,-2.7985296
4199,2025-01-24,SH.KC_688128,中国电研,专用设备,-2.7986302
4200,2025-01-24,SH.ZB_603693,江苏新能,电力行业,-2.7987456
4201,2025-01-27,SH.ZB_600633,浙数文化,游戏,-2.7988858
4202,2025-01-24,SH.KC_300334,津膜科技,环保行业,-2.7990131
4203,2025-01-27,SH.KC_300923,研奥股份,交运设备,-2.799268
4204,2025-01-24,SH.KC_688569,铁科轨道,交运设备,-2.7993412
4205,2025-01-24,SH.KC_300478,杭州高新,塑料制品,-2.7995825
4206,2025-01-27,SH.ZB_600489,中金黄金,贵金属,-2.7995832
4207,2025-01-27,SH.KC_300197,节能铁汉,环保行业,-2.799611
4208,2025-01-27,SH.KC_300797,钢研纳克,专业服务,-2.7996294
4209,2025-01-24,SH.KC_688202,美迪西,医疗服务,-2.7996798
4210,2025-01-24,SH.ZB_603035,常熟汽饰,汽车零部件,-2.7996962
4211,2025-01-24,SH.ZB_603688,石英股份,非金属材料,-2.7998428
4212,2025-01-24,SZ.ZB_001278,一彬科技,汽车零部件,-2.800036
4213,2025-01-24,SH.ZB_603348,文灿股份,汽车零部件,-2.8000562
4214,2025-01-24,SH.ZB_600143,金发科技,塑料制品,-2.8001957
4215,2025-01-27,SH.KC_688025,杰普特,电子元件,-2.8002474
4216,2025-01-27,SH.KC_301488,豪恩汽电,汽车零部件,-2.8002577
4217,2025-01-24,SZ.ZB_002696,百洋股份,农牧饲渔,-2.8004565
4218,2025-01-24,SZ.ZB_002939,长城证券,证券,-2.8004684
4219,2025-01-24,SH.ZB_601515,东峰集团,包装材料,-2.8006575
4220,2025-01-24,SH.ZB_600354,敦煌种业,农牧饲渔,-2.8008225
4221,2025-01-27,SH.KC_688352,颀中科技,半导体,-2.8008394
4222,2025-01-24,SH.ZB_600373,中文传媒,文化传媒,-2.801114
4223,2025-01-24,SZ.ZB_001286,陕西能源,电力行业,-2.8012097
4224,2025-01-24,SH.ZB_603817,海峡环保,环保行业,-2.8013978
4225,2025-01-27,SZ.ZB_000025,特  力Ａ,珠宝首饰,-2.8016732
4226,2025-01-24,SH.KC_300903,科翔股份,电子元件,-2.8017633
4227,2025-01-24,SH.KC_300337,银邦股份,有色金属,-2.8017695
4228,2025-01-24,SH.ZB_603607,京华激光,造纸印刷,-2.8018413
4229,2025-01-27,SH.KC_688721,龙图光罩,半导体,-2.801996
4230,2025-01-27,SH.KC_301170,锡南科技,汽车零部件,-2.8020325
4231,2025-01-27,SH.ZB_603080,新疆火炬,燃气,-2.8020804
4232,2025-01-27,SH.ZB_603596,伯特利,汽车零部件,-2.802097
4233,2025-01-27,SH.ZB_603801,志邦家居,装修建材,-2.8022668
4234,2025-01-24,SH.KC_301269,华大九天,软件开发,-2.8023953
4235,2025-01-24,SH.ZB_600552,凯盛科技,光学光电子,-2.8025665
4236,2025-01-27,SH.KC_301586,佳力奇,航天航空,-2.802597
4237,2025-01-24,SH.ZB_603500,祥和实业,交运设备,-2.8026462
4238,2025-01-27,SH.KC_688711,宏微科技,半导体,-2.8029132
4239,2025-01-24,SH.KC_301395,仁信新材,化学原料,-2.8029532
4240,2025-01-27,SH.KC_301219,腾远钴业,能源金属,-2.803005
4241,2025-01-24,SH.ZB_603860,中公高科,工程咨询服务,-2.8033967
4242,2025-01-27,SZ.ZB_002501,利源股份,有色金属,-2.803509
4243,2025-01-27,SZ.ZB_002863,今飞凯达,汽车零部件,-2.8037968
4244,2025-01-27,SZ.ZB_002476,宝莫股份,化学制品,-2.8038182
4245,2025-01-24,SH.KC_688633,星球石墨,专用设备,-2.804038
4246,2025-01-24,SZ.ZB_000514,渝 开 发,房地产开发,-2.8040583
4247,2025-01-24,SH.ZB_603958,哈森股份,纺织服装,-2.8042226
4248,2025-01-24,SH.KC_688410,山外山,医疗器械,-2.8042572
4249,2025-01-24,SZ.ZB_002377,国创高新,化学制品,-2.8045087
4250,2025-01-24,SH.ZB_603218,日月股份,风电设备,-2.8053544
4251,2025-01-24,SH.ZB_600272,开开实业,医药商业,-2.8055809
4252,2025-01-24,SZ.ZB_002065,东华软件,软件开发,-2.8056803
4253,2025-01-24,SH.ZB_603238,诺邦股份,美容护理,-2.8057296
4254,2025-01-24,SH.ZB_600825,新华传媒,文化传媒,-2.8057463
4255,2025-01-27,SZ.ZB_002192,融捷股份,能源金属,-2.8059444
4256,2025-01-27,SH.KC_300057,万顺新材,有色金属,-2.8062587
4257,2025-01-27,SH.ZB_603586,金麒麟,汽车零部件,-2.8062916
4258,2025-01-27,SH.KC_300123,亚光科技,船舶制造,-2.8063498
4259,2025-01-27,SH.ZB_605128,上海沿浦,汽车零部件,-2.806521
4260,2025-01-24,SZ.ZB_001373,翔腾新材,光学光电子,-2.8065984
4261,2025-01-27,SH.ZB_603366,日出东方,家电行业,-2.8067882
4262,2025-01-24,SH.ZB_601009,南京银行,银行,-2.8069153
4263,2025-01-27,SH.KC_301551,无线传媒,文化传媒,-2.807146
4264,2025-01-27,SH.ZB_603088,宁波精达,通用设备,-2.8071504
4265,2025-01-27,SZ.ZB_000791,甘肃能源,电力行业,-2.8074093
4266,2025-01-27,SH.KC_301618,长联科技,化学制品,-2.8074865
4267,2025-01-24,SH.ZB_600493,凤竹纺织,纺织服装,-2.8078792
4268,2025-01-27,SH.KC_688560,明冠新材,光伏设备,-2.8080077
4269,2025-01-27,SZ.ZB_002694,顾地科技,装修建材,-2.8081036
4270,2025-01-27,SH.ZB_603739,蔚蓝生物,农牧饲渔,-2.80816
4271,2025-01-27,SZ.ZB_002114,罗平锌电,有色金属,-2.8082607
4272,2025-01-27,SH.ZB_603826,坤彩科技,非金属材料,-2.808387
4273,2025-01-24,SH.ZB_600292,远达环保,环保行业,-2.8091307
4274,2025-01-24,SZ.ZB_002129,TCL中环,光伏设备,-2.8092167
4275,2025-01-24,SH.KC_300164,通源石油,采掘行业,-2.809241
4276,2025-01-24,SH.KC_688234,天岳先进,半导体,-2.809434
4277,2025-01-24,SH.KC_301519,舜禹股份,专用设备,-2.8096757
4278,2025-01-27,SH.ZB_601288,农业银行,银行,-2.8097866
4279,2025-01-24,SH.KC_301257,普蕊斯,医疗服务,-2.8098264
4280,2025-01-27,SH.KC_688199,久日新材,化学制品,-2.8098655
4281,2025-01-24,SH.KC_300373,扬杰科技,半导体,-2.8103812
4282,2025-01-27,SH.ZB_601211,国泰君安,证券,-2.8104806
4283,2025-01-24,SZ.ZB_000561,烽火电子,通信设备,-2.8105204
4284,2025-01-27,SZ.ZB_002655,共达电声,消费电子,-2.810644
4285,2025-01-27,SH.KC_300371,汇中股份,仪器仪表,-2.8106873
4286,2025-01-27,SH.ZB_601898,中煤能源,煤炭行业,-2.8107088
4287,2025-01-27,SH.KC_301278,快可电子,光伏设备,-2.8108134
4288,2025-01-24,SH.ZB_603112,华翔股份,家电行业,-2.8108268
4289,2025-01-27,SH.KC_301360,荣旗科技,专用设备,-2.8110447
4290,2025-01-27,SH.KC_688500,慧辰股份,互联网服务,-2.8112338
4291,2025-01-27,SH.ZB_600796,钱江生化,环保行业,-2.8112805
4292,2025-01-27,SH.KC_301388,欣灵电气,电网设备,-2.811319
4293,2025-01-27,SZ.ZB_002454,松芝股份,汽车零部件,-2.8113794
4294,2025-01-24,SH.ZB_601128,常熟银行,银行,-2.8113956
4295,2025-01-27,SH.KC_300077,国民技术,半导体,-2.811432
4296,2025-01-24,SH.ZB_603551,奥普科技,家电行业,-2.8116052
4297,2025-01-27,SZ.ZB_002640,跨境通,贸易行业,-2.8116734
4298,2025-01-24,SH.ZB_600970,中材国际,工程建设,-2.8117814
4299,2025-01-27,SH.ZB_600776,东方通信,通信设备,-2.812029
4300,2025-01-24,SH.KC_301369,联动科技,半导体,-2.8121293
4301,2025-01-24,SH.ZB_603655,朗博科技,汽车零部件,-2.8121722
4302,2025-01-24,SH.ZB_601127,赛力斯,汽车整车,-2.812186
4303,2025-01-27,SH.ZB_603536,惠发食品,食品饮料,-2.8121977
4304,2025-01-27,SH.ZB_600515,海南机场,航空机场,-2.8123238
4305,2025-01-27,SZ.ZB_000967,盈峰环境,环保行业,-2.8127708
4306,2025-01-24,SH.ZB_600570,恒生电子,软件开发,-2.8128383
4307,2025-01-24,SZ.ZB_002438,江苏神通,通用设备,-2.8129473
4308,2025-01-27,SH.ZB_600281,华阳新材,小金属,-2.8130517
4309,2025-01-27,SH.ZB_603026,石大胜华,化学制品,-2.813115
4310,2025-01-27,SH.KC_300948,冠中生态,环保行业,-2.8132932
4311,2025-01-24,SH.KC_300942,易瑞生物,化学制药,-2.8135457
4312,2025-01-24,SH.KC_688556,高测股份,光伏设备,-2.8137121
4313,2025-01-24,SH.ZB_600029,南方航空,航空机场,-2.813801
4314,2025-01-24,SH.ZB_603318,水发燃气,燃气,-2.8139608
4315,2025-01-24,SH.ZB_601166,兴业银行,银行,-2.813961
4316,2025-01-27,SH.KC_300191,潜能恒信,采掘行业,-2.814077
4317,2025-01-27,SH.KC_300189,神农种业,农牧饲渔,-2.8144245
4318,2025-01-24,SZ.ZB_002448,中原内配,汽车零部件,-2.814434
4319,2025-01-27,SZ.ZB_001336,楚环科技,专用设备,-2.814481
4320,2025-01-24,SH.KC_301075,多瑞医药,化学制药,-2.8147511
4321,2025-01-27,SH.ZB_601166,兴业银行,银行,-2.8147795
4322,2025-01-24,SH.KC_300141,和顺电气,电网设备,-2.8147874
4323,2025-01-27,SH.KC_300382,斯莱克,专用设备,-2.8149076
4324,2025-01-24,SH.ZB_601825,沪农商行,银行,-2.8149714
4325,2025-01-24,SH.KC_688055,龙腾光电,光学光电子,-2.815041
4326,2025-01-27,SH.KC_300486,东杰智能,专用设备,-2.8151603
4327,2025-01-24,SH.ZB_600638,新黄浦,房地产开发,-2.8152456
4328,2025-01-24,SH.ZB_605050,福然德,物流行业,-2.8153262
4329,2025-01-27,SZ.ZB_000826,启迪环境,环保行业,-2.815441
4330,2025-01-27,SZ.ZB_002622,皓宸医疗,医疗服务,-2.815529
4331,2025-01-24,SH.KC_300466,赛摩智能,电网设备,-2.8157172
4332,2025-01-24,SH.ZB_603139,康惠制药,中药,-2.8157902
4333,2025-01-24,SH.KC_300076,GQY视讯,光学光电子,-2.8158066
4334,2025-01-24,SZ.ZB_002378,章源钨业,小金属,-2.815833
4335,2025-01-27,SH.ZB_603949,雪龙集团,汽车零部件,-2.8158944
4336,2025-01-27,SH.ZB_601929,吉视传媒,文化传媒,-2.8159575
4337,2025-01-27,SH.KC_301106,骏成科技,光学光电子,-2.8161893
4338,2025-01-24,SH.ZB_603055,台华新材,纺织服装,-2.8162203
4339,2025-01-27,SH.ZB_600162,香江控股,房地产开发,-2.8163054
4340,2025-01-24,SH.ZB_605116,奥锐特,化学制药,-2.8163927
4341,2025-01-24,SH.KC_300861,美畅股份,非金属材料,-2.8164313
4342,2025-01-24,SH.ZB_600505,西昌电力,电力行业,-2.8164582
4343,2025-01-27,SH.ZB_600770,综艺股份,综合行业,-2.8166702
4344,2025-01-24,SH.ZB_600619,海立股份,家电行业,-2.8166912
4345,2025-01-24,SH.ZB_601918,新集能源,煤炭行业,-2.8166919
4346,2025-01-24,SH.KC_301272,英华特,专用设备,-2.8168106
4347,2025-01-24,SH.KC_300236,上海新阳,电子化学品,-2.8168674
4348,2025-01-24,SH.KC_688176,亚虹医药-U,生物制品,-2.817044
4349,2025-01-27,SH.KC_300912,凯龙高科,汽车零部件,-2.8173864
4350,2025-01-24,SH.KC_300486,东杰智能,专用设备,-2.8174782
4351,2025-01-27,SH.ZB_600987,航民股份,纺织服装,-2.8176312
4352,2025-01-27,SH.ZB_603037,凯众股份,汽车零部件,-2.8177195
4353,2025-01-24,SH.KC_301515,港通医疗,医疗器械,-2.8180046
4354,2025-01-24,SZ.ZB_002948,青岛银行,银行,-2.8180363
4355,2025-01-27,SH.ZB_603381,永臻股份,光伏设备,-2.8180742
4356,2025-01-24,SH.ZB_600320,振华重工,专用设备,-2.8181062
4357,2025-01-27,SZ.ZB_001338,永顺泰,农牧饲渔,-2.8182704
4358,2025-01-27,SH.KC_300112,万讯自控,仪器仪表,-2.8182924
4359,2025-01-23,SH.KC_688720,艾森股份,半导体,-2.8183157
4360,2025-01-24,SH.KC_300143,盈康生命,医疗服务,-2.8183506
4361,2025-01-24,SZ.ZB_002623,亚玛顿,光伏设备,-2.8183882
4362,2025-01-27,SH.KC_301155,海力风电,风电设备,-2.8184001
4363,2025-01-27,SZ.ZB_002578,闽发铝业,有色金属,-2.8185046
4364,2025-01-24,SH.ZB_601168,西部矿业,有色金属,-2.8185103
4365,2025-01-27,SH.KC_688496,清越科技,电子元件,-2.8185124
4366,2025-01-24,SH.KC_688098,申联生物,农药兽药,-2.8185508
4367,2025-01-24,SZ.ZB_002345,潮宏基,珠宝首饰,-2.8185651
4368,2025-01-24,SZ.ZB_001317,三羊马,物流行业,-2.8186097
4369,2025-01-27,SH.ZB_603076,乐惠国际,专用设备,-2.8186707
4370,2025-01-24,SH.KC_300504,天邑股份,通信设备,-2.8186715
4371,2025-01-27,SZ.ZB_002652,扬子新材,装修建材,-2.818682
4372,2025-01-27,SH.ZB_600675,中华企业,房地产开发,-2.8187342
4373,2025-01-24,SH.ZB_600061,国投资本,证券,-2.8189082
4374,2025-01-24,SH.KC_688389,普门科技,医疗器械,-2.8189852
4375,2025-01-27,SH.ZB_603169,兰石重装,专用设备,-2.8189898
4376,2025-01-24,SZ.ZB_000933,神火股份,有色金属,-2.8189914
4377,2025-01-27,SZ.ZB_002999,天禾股份,化肥行业,-2.8194544
4378,2025-01-24,SZ.ZB_002387,维信诺,光学光电子,-2.8197978
4379,2025-01-27,SH.KC_301308,江波龙,半导体,-2.8201613
4380,2025-01-24,SH.ZB_603396,金辰股份,光伏设备,-2.8202002
4381,2025-01-27,SH.KC_300118,东方日升,光伏设备,-2.8203416
4382,2025-01-24,SH.KC_688353,华盛锂电,化学制品,-2.8203437
4383,2025-01-27,SH.KC_300288,朗玛信息,互联网服务,-2.8204134
4384,2025-01-27,SH.ZB_600408,安泰集团,煤炭行业,-2.8204558
4385,2025-01-27,SZ.ZB_002179,中航光电,电子元件,-2.820852
4386,2025-01-27,SH.ZB_600019,宝钢股份,钢铁行业,-2.8208609
4387,2025-01-24,SH.ZB_603527,众源新材,有色金属,-2.820946
4388,2025-01-27,SH.ZB_600505,西昌电力,电力行业,-2.8210886
4389,2025-01-27,SH.KC_300335,迪森股份,环保行业,-2.821122
4390,2025-01-27,SH.KC_301376,致欧科技,家用轻工,-2.8212311
4391,2025-01-27,SH.KC_688799,华纳药厂,化学制药,-2.8212578
4392,2025-01-27,SH.KC_300345,华民股份,光伏设备,-2.821262
4393,2025-01-24,SZ.ZB_002694,顾地科技,装修建材,-2.8212712
4394,2025-01-27,SH.ZB_600658,电子城,房地产服务,-2.8213215
4395,2025-01-27,SH.KC_300793,佳禾智能,消费电子,-2.8213224
4396,2025-01-27,SZ.ZB_002780,三夫户外,纺织服装,-2.8213463
4397,2025-01-27,SH.KC_301335,天元宠物,家用轻工,-2.8215005
4398,2025-01-24,SZ.ZB_000797,中国武夷,房地产开发,-2.8215847
4399,2025-01-27,SH.ZB_603989,艾华集团,电子元件,-2.821597
4400,2025-01-27,SH.ZB_600477,杭萧钢构,水泥建材,-2.82164
4401,2025-01-27,SZ.ZB_002054,德美化工,化学制品,-2.8216586
4402,2025-01-24,SH.KC_300636,同和药业,化学制药,-2.821904
4403,2025-01-24,SH.KC_300443,金雷股份,风电设备,-2.8219335
4404,2025-01-27,SH.ZB_600667,太极实业,工程建设,-2.8219771
4405,2025-01-27,SH.KC_301348,蓝箭电子,半导体,-2.822048
4406,2025-01-27,SH.ZB_600027,华电国际,电力行业,-2.822305
4407,2025-01-27,SH.ZB_600078,澄星股份,化肥行业,-2.8223305
4408,2025-01-24,SZ.ZB_002534,西子洁能,电源设备,-2.8226542
4409,2025-01-24,SZ.ZB_002444,巨星科技,通用设备,-2.8226917
4410,2025-01-24,SZ.ZB_000010,美丽生态,工程建设,-2.822701
4411,2025-01-24,SZ.ZB_002883,中设股份,工程咨询服务,-2.8227997
4412,2025-01-24,SH.KC_688505,复旦张江,化学制药,-2.8229063
4413,2025-01-24,SH.ZB_600171,上海贝岭,半导体,-2.8229618
4414,2025-01-27,SZ.ZB_000065,北方国际,工程建设,-2.8230598
4415,2025-01-27,SZ.ZB_002208,合肥城建,房地产开发,-2.8230865
4416,2025-01-24,SH.KC_301065,本立科技,化学原料,-2.8232467
4417,2025-01-24,SH.ZB_603458,勘设股份,工程咨询服务,-2.823281
4418,2025-01-27,SZ.ZB_002452,长高电新,电网设备,-2.823368
4419,2025-01-24,SH.KC_688101,三达膜,环保行业,-2.823504
4420,2025-01-24,SH.ZB_600416,湘电股份,电机,-2.823548
4421,2025-01-27,SH.KC_300180,华峰超纤,塑料制品,-2.8235528
4422,2025-01-27,SH.ZB_600662,外服控股,专业服务,-2.8236365
4423,2025-01-24,SH.ZB_603048,浙江黎明,汽车零部件,-2.8236454
4424,2025-01-27,SZ.ZB_002943,宇晶股份,通用设备,-2.823672
4425,2025-01-24,SH.ZB_601099,太平洋,证券,-2.8236742
4426,2025-01-27,SZ.ZB_002138,顺络电子,电子元件,-2.8239636
4427,2025-01-24,SH.ZB_601688,华泰证券,证券,-2.8242714
4428,2025-01-27,SH.ZB_600503,华丽家族,房地产开发,-2.8242953
4429,2025-01-27,SH.ZB_603960,克来机电,专用设备,-2.8243504
4430,2025-01-24,SZ.ZB_000766,通化金马,化学制药,-2.8245769
4431,2025-01-27,SH.KC_300260,新莱应材,通用设备,-2.8246143
4432,2025-01-27,SZ.ZB_002995,天地在线,文化传媒,-2.8247108
4433,2025-01-24,SH.KC_688075,安旭生物,医疗器械,-2.8248107
4434,2025-01-24,SH.ZB_601890,亚星锚链,船舶制造,-2.8248122
4435,2025-01-24,SH.KC_300461,田中精机,专用设备,-2.8248143
4436,2025-01-24,SH.ZB_603696,安记食品,食品饮料,-2.8248186
4437,2025-01-24,SZ.ZB_002237,恒邦股份,贵金属,-2.8249428
4438,2025-01-27,SH.KC_300905,宝丽迪,塑料制品,-2.8249984
4439,2025-01-24,SZ.ZB_000920,沃顿科技,环保行业,-2.8250766
4440,2025-01-27,SZ.ZB_002416,爱施德,商业百货,-2.8251047
4441,2025-01-27,SH.KC_688139,海尔生物,医疗器械,-2.8251626
4442,2025-01-27,SH.ZB_603390,通达电气,汽车零部件,-2.8253741
4443,2025-01-27,SH.ZB_603926,铁流股份,汽车零部件,-2.8254628
4444,2025-01-27,SZ.ZB_000881,中广核技,化学制品,-2.825591
4445,2025-01-27,SH.ZB_601881,中国银河,证券,-2.825621
4446,2025-01-27,SH.KC_688252,天德钰,半导体,-2.8258176
4447,2025-01-27,SH.KC_300867,圣元环保,环保行业,-2.8258622
4448,2025-01-24,SH.KC_300420,五洋自控,通用设备,-2.8258858
4449,2025-01-24,SZ.ZB_001205,盛航股份,航运港口,-2.8261344
4450,2025-01-27,SH.ZB_600039,四川路桥,工程建设,-2.82625
4451,2025-01-27,SH.KC_300456,赛微电子,半导体,-2.8263953
4452,2025-01-24,SH.KC_300314,戴维医疗,医疗器械,-2.8263955
4453,2025-01-24,SH.ZB_600036,招商银行,银行,-2.8271415
4454,2025-01-24,SH.KC_300230,永利股份,塑料制品,-2.8272328
4455,2025-01-27,SH.KC_688526,科前生物,农药兽药,-2.8273792
4456,2025-01-27,SZ.ZB_002290,禾盛新材,家电行业,-2.8278432
4457,2025-01-27,SH.KC_300859,西域旅游,旅游酒店,-2.8279126
4458,2025-01-24,SH.ZB_603321,梅轮电梯,专用设备,-2.8279305
4459,2025-01-27,SH.KC_301126,达嘉维康,医药商业,-2.8279345
4460,2025-01-27,SH.ZB_603182,嘉华股份,农牧饲渔,-2.8279479
4461,2025-01-27,SH.KC_300642,透景生命,医疗器械,-2.8279583
4462,2025-01-24,SH.ZB_600113,浙江东日,综合行业,-2.8279636
4463,2025-01-24,SH.ZB_600593,大连圣亚,旅游酒店,-2.828031
4464,2025-01-24,SZ.ZB_002506,协鑫集成,光伏设备,-2.8282497
4465,2025-01-27,SH.KC_688516,奥特维,光伏设备,-2.8285022
4466,2025-01-27,SH.KC_300736,百邦科技,通信服务,-2.828968
4467,2025-01-27,SZ.ZB_002219,新里程,医疗服务,-2.8290005
4468,2025-01-24,SH.KC_300281,金明精机,专用设备,-2.829015
4469,2025-01-27,SH.KC_300193,佳士科技,通用设备,-2.8293111
4470,2025-01-27,SH.ZB_601882,海天精工,通用设备,-2.8294048
4471,2025-01-24,SH.KC_688156,路德环境,农牧饲渔,-2.8294132
4472,2025-01-27,SH.KC_300036,超图软件,软件开发,-2.8297231
4473,2025-01-27,SH.KC_300128,锦富技术,光学光电子,-2.830038
4474,2025-01-27,SH.ZB_601658,邮储银行,银行,-2.8301234
4475,2025-01-27,SH.ZB_600648,外高桥,房地产开发,-2.830137
4476,2025-01-27,SH.ZB_600551,时代出版,文化传媒,-2.830389
4477,2025-01-27,SH.ZB_600816,建元信托,多元金融,-2.830476
4478,2025-01-24,SH.KC_301149,隆华新材,化学原料,-2.830541
4479,2025-01-27,SH.KC_301322,绿通科技,交运设备,-2.8310122
4480,2025-01-24,SZ.ZB_000863,三湘印象,房地产开发,-2.8310142
4481,2025-01-27,SH.ZB_603000,人民网,文化传媒,-2.8310978
4482,2025-01-24,SZ.ZB_002422,科伦药业,化学制药,-2.8311508
4483,2025-01-27,SH.KC_300783,三只松鼠,食品饮料,-2.8311596
4484,2025-01-27,SZ.ZB_001301,尚太科技,非金属材料,-2.8312244
4485,2025-01-24,SH.KC_301287,康力源,家用轻工,-2.8313036
4486,2025-01-24,SH.KC_688103,国力股份,电子元件,-2.8314164
4487,2025-01-27,SZ.ZB_002365,永安药业,化学制药,-2.8314238
4488,2025-01-27,SH.ZB_600801,华新水泥,水泥建材,-2.8314884
4489,2025-01-24,SH.ZB_603787,新日股份,交运设备,-2.8315327
4490,2025-01-27,SH.ZB_600141,兴发集团,化肥行业,-2.8317707
4491,2025-01-27,SH.ZB_600405,动力源,电源设备,-2.8318238
4492,2025-01-27,SZ.ZB_002977,天箭科技,通信设备,-2.8318279
4493,2025-01-24,SH.ZB_601236,红塔证券,证券,-2.8319287
4494,2025-01-24,SH.KC_300129,泰胜风能,风电设备,-2.8319964
4495,2025-01-24,SZ.ZB_003002,壶化股份,化学制品,-2.8320189
4496,2025-01-24,SZ.ZB_002064,华峰化学,化纤行业,-2.8322005
4497,2025-01-24,SH.KC_300649,杭州园林,工程咨询服务,-2.8322475
4498,2025-01-24,SZ.ZB_002576,通达动力,电机,-2.832586
4499,2025-01-24,SH.ZB_600685,中船防务,船舶制造,-2.8326387
4500,2025-01-27,SH.KC_301065,本立科技,化学原料,-2.8326392
4501,2025-01-27,SH.KC_688335,复洁环保,环保行业,-2.8330777
4502,2025-01-27,SH.KC_300824,北鼎股份,家电行业,-2.8331382
4503,2025-01-24,SH.ZB_605268,王力安防,家用轻工,-2.8332438
4504,2025-01-27,SZ.ZB_002235,安妮股份,造纸印刷,-2.8335774
4505,2025-01-27,SZ.ZB_002870,香山股份,汽车零部件,-2.8336327
4506,2025-01-27,SH.KC_300643,万通智控,汽车零部件,-2.8337479
4507,2025-01-27,SH.ZB_603137,恒尚节能,装修建材,-2.8338234
4508,2025-01-24,SZ.ZB_002969,嘉美包装,包装材料,-2.8338957
4509,2025-01-27,SZ.ZB_002063,远光软件,软件开发,-2.8340921
4510,2025-01-27,SH.KC_301058,中粮科工,工程建设,-2.8340933
4511,2025-01-27,SH.KC_688015,交控科技,交运设备,-2.8343585
4512,2025-01-27,SH.KC_301175,中科环保,环保行业,-2.834484
4513,2025-01-24,SH.KC_301099,雅创电子,贸易行业,-2.834489
4514,2025-01-27,SH.KC_300568,星源材质,电池,-2.8344967
4515,2025-01-27,SH.ZB_603255,鼎际得,化学制品,-2.8347914
4516,2025-01-27,SH.KC_301148,嘉戎技术,环保行业,-2.8352287
4517,2025-01-27,SZ.ZB_002873,新天药业,中药,-2.8353825
4518,2025-01-24,SH.KC_300567,精测电子,仪器仪表,-2.8354678
4519,2025-01-27,SH.ZB_600805,悦达投资,综合行业,-2.8355784
4520,2025-01-24,SZ.ZB_000951,中国重汽,汽车整车,-2.835585
4521,2025-01-27,SZ.ZB_001202,炬申股份,物流行业,-2.8358226
4522,2025-01-27,SH.ZB_600985,淮北矿业,煤炭行业,-2.835859
4523,2025-01-27,SH.KC_300464,星徽股份,互联网服务,-2.8358629
4524,2025-01-24,SH.KC_300389,艾比森,光学光电子,-2.8359063
4525,2025-01-27,SZ.ZB_002166,莱茵生物,中药,-2.8359482
4526,2025-01-27,SH.ZB_603867,新化股份,化学制品,-2.8360567
4527,2025-01-27,SH.KC_300094,国联水产,食品饮料,-2.8363056
4528,2025-01-27,SH.ZB_600822,上海物贸,汽车服务,-2.8363674
4529,2025-01-24,SH.ZB_600223,福瑞达,生物制品,-2.8365822
4530,2025-01-27,SH.ZB_600490,鹏欣资源,有色金属,-2.8369713
4531,2025-01-24,SH.ZB_600150,中国船舶,船舶制造,-2.8372567
4532,2025-01-27,SZ.ZB_002178,延华智能,软件开发,-2.837304
4533,2025-01-24,SH.KC_300206,理邦仪器,医疗器械,-2.8373537
4534,2025-01-24,SZ.ZB_002984,森麒麟,橡胶制品,-2.8374078
4535,2025-01-24,SH.ZB_603897,长城科技,电网设备,-2.8374684
4536,2025-01-24,SH.ZB_600926,杭州银行,银行,-2.8376143
4537,2025-01-27,SZ.ZB_002418,康盛股份,家电行业,-2.8376222
4538,2025-01-24,SH.ZB_601069,西部黄金,贵金属,-2.83786
4539,2025-01-27,SH.ZB_603755,日辰股份,食品饮料,-2.837905
4540,2025-01-27,SH.ZB_600422,昆药集团,中药,-2.837914
4541,2025-01-24,SZ.ZB_000403,派林生物,生物制品,-2.8380654
4542,2025-01-24,SH.KC_301177,迪阿股份,珠宝首饰,-2.838089
4543,2025-01-22,SH.KC_688720,艾森股份,半导体,-2.8381855
4544,2025-01-27,SH.ZB_605188,国光连锁,商业百货,-2.838411
4545,2025-01-24,SZ.ZB_000839,中信国安,综合行业,-2.8385038
4546,2025-01-24,SH.ZB_603280,南方路机,专用设备,-2.8387973
4547,2025-01-24,SZ.ZB_002871,伟隆股份,通用设备,-2.838968
4548,2025-01-24,SH.ZB_603030,全筑股份,装修装饰,-2.8389902
4549,2025-01-24,SH.ZB_605009,豪悦护理,美容护理,-2.8390071
4550,2025-01-27,SH.ZB_600079,人福医药,化学制药,-2.8390515
4551,2025-01-27,SH.ZB_600493,凤竹纺织,纺织服装,-2.8390553
4552,2025-01-27,SZ.ZB_002722,物产金轮,纺织服装,-2.8393552
4553,2025-01-27,SH.ZB_605183,确成股份,橡胶制品,-2.8395987
4554,2025-01-24,SH.KC_301063,海锅股份,风电设备,-2.8398604
4555,2025-01-27,SH.ZB_603626,科森科技,消费电子,-2.8399436
4556,2025-01-24,SH.ZB_600261,阳光照明,家电行业,-2.8400595
4557,2025-01-27,SH.ZB_603315,福鞍股份,通用设备,-2.8402646
4558,2025-01-27,SH.KC_300631,久吾高科,环保行业,-2.840589
4559,2025-01-24,SH.ZB_603275,众辰科技,仪器仪表,-2.8406947
4560,2025-01-27,SH.KC_300012,华测检测,专业服务,-2.8407488
4561,2025-01-27,SH.KC_301277,新天地,化学制药,-2.840895
4562,2025-01-24,SH.KC_300424,航新科技,航天航空,-2.840969
4563,2025-01-27,SZ.ZB_002479,富春环保,环保行业,-2.841101
4564,2025-01-24,SH.KC_301079,邵阳液压,通用设备,-2.8411827
4565,2025-01-27,SH.KC_300318,博晖创新,医疗器械,-2.8412943
4566,2025-01-27,SZ.ZB_000403,派林生物,生物制品,-2.841362
4567,2025-01-27,SH.ZB_600509,天富能源,电力行业,-2.841416
4568,2025-01-27,SH.ZB_605009,豪悦护理,美容护理,-2.841773
4569,2025-01-27,SZ.ZB_002065,东华软件,软件开发,-2.8418944
4570,2025-01-24,SH.KC_300444,双杰电气,电网设备,-2.8420217
4571,2025-01-24,SH.ZB_603078,江化微,电子化学品,-2.842035
4572,2025-01-27,SH.ZB_603203,快克智能,专用设备,-2.8420477
4573,2025-01-27,SH.KC_300853,申昊科技,通用设备,-2.8421373
4574,2025-01-24,SH.KC_301135,瑞德智能,消费电子,-2.842523
4575,2025-01-27,SH.ZB_603321,梅轮电梯,专用设备,-2.843219
4576,2025-01-24,SH.KC_300328,宜安科技,小金属,-2.843337
4577,2025-01-24,SH.ZB_600435,北方导航,通信设备,-2.8433518
4578,2025-01-27,SH.ZB_600096,云天化,化肥行业,-2.843437
4579,2025-01-27,SH.ZB_600678,四川金顶,水泥建材,-2.8434825
4580,2025-01-27,SZ.ZB_002301,齐心集团,家用轻工,-2.8437986
4581,2025-01-24,SZ.ZB_002819,东方中科,仪器仪表,-2.8440967
4582,2025-01-24,SH.KC_301175,中科环保,环保行业,-2.8446012
4583,2025-01-24,SH.KC_300963,中洲特材,有色金属,-2.8446355
4584,2025-01-24,SH.KC_300284,苏交科,工程咨询服务,-2.8446693
4585,2025-01-24,SZ.ZB_001288,运机集团,工程机械,-2.84478
4586,2025-01-27,SZ.ZB_000014,沙河股份,房地产开发,-2.8450794
4587,2025-01-27,SH.ZB_600511,国药股份,医药商业,-2.845155
4588,2025-01-24,SH.KC_300218,安利股份,塑料制品,-2.845607
4589,2025-01-24,SZ.ZB_000520,凤凰航运,航运港口,-2.8459344
4590,2025-01-27,SH.KC_688180,君实生物-U,生物制品,-2.845973
4591,2025-01-27,SZ.ZB_002269,美邦服饰,纺织服装,-2.8460634
4592,2025-01-27,SZ.ZB_002888,惠威科技,消费电子,-2.8461266
4593,2025-01-27,SH.ZB_600563,法拉电子,电子元件,-2.8462791
4594,2025-01-27,SH.ZB_603117,万林物流,物流行业,-2.8463707
4595,2025-01-27,SH.KC_300355,蒙草生态,环保行业,-2.8464909
4596,2025-01-24,SH.KC_301040,中环海陆,风电设备,-2.8466542
4597,2025-01-27,SH.KC_301108,洁雅股份,纺织服装,-2.8467364
4598,2025-01-24,SH.ZB_600081,东风科技,汽车零部件,-2.8467646
4599,2025-01-27,SH.KC_300446,航天智造,汽车零部件,-2.8470852
4600,2025-01-27,SH.KC_300409,道氏技术,非金属材料,-2.8470962
4601,2025-01-24,SH.ZB_603967,中创物流,物流行业,-2.847222
4602,2025-01-27,SH.KC_301577,美信科技,电子元件,-2.8472528
4603,2025-01-27,SH.ZB_603588,高能环境,环保行业,-2.847349
4604,2025-01-27,SZ.ZB_002487,大金重工,风电设备,-2.8473682
4605,2025-01-24,SZ.ZB_002038,双鹭药业,生物制品,-2.8474855
4606,2025-01-24,SZ.ZB_002705,新宝股份,家电行业,-2.8476832
4607,2025-01-27,SZ.ZB_002971,和远气体,化学制品,-2.8476987
4608,2025-01-27,SH.KC_300700,岱勒新材,通用设备,-2.8482478
4609,2025-01-27,SH.ZB_600223,福瑞达,生物制品,-2.848308
4610,2025-01-27,SH.ZB_600556,天下秀,文化传媒,-2.8485885
4611,2025-01-27,SH.ZB_600958,东方证券,证券,-2.8487737
4612,2025-01-27,SH.ZB_600295,鄂尔多斯,钢铁行业,-2.8489199
4613,2025-01-27,SH.KC_300978,东箭科技,汽车零部件,-2.849202
4614,2025-01-24,SZ.ZB_002152,广电运通,计算机设备,-2.8494132
4615,2025-01-24,SH.ZB_600749,西藏旅游,旅游酒店,-2.8494878
4616,2025-01-27,SH.KC_301149,隆华新材,化学原料,-2.8495617
4617,2025-01-24,SH.KC_688076,诺泰生物,医疗服务,-2.8496165
4618,2025-01-24,SH.ZB_601658,邮储银行,银行,-2.849937
4619,2025-01-27,SH.ZB_600288,大恒科技,电子元件,-2.8500483
4620,2025-01-27,SH.KC_301522,上大股份,有色金属,-2.8501039
4621,2025-01-24,SZ.ZB_000935,四川双马,水泥建材,-2.850171
4622,2025-01-27,SH.ZB_600630,龙头股份,纺织服装,-2.8504634
4623,2025-01-27,SH.ZB_600248,陕建股份,工程建设,-2.8505754
4624,2025-01-27,SH.KC_300575,中旗股份,农药兽药,-2.8507318
4625,2025-01-27,SZ.ZB_000657,中钨高新,小金属,-2.8507442
4626,2025-01-27,SH.ZB_600012,皖通高速,铁路公路,-2.8508015
4627,2025-01-27,SZ.ZB_002925,盈趣科技,消费电子,-2.8508124
4628,2025-01-27,SH.ZB_600760,中航沈飞,航天航空,-2.8509054
4629,2025-01-24,SZ.ZB_000668,荣丰控股,房地产开发,-2.850951
4630,2025-01-24,SH.KC_688203,海正生材,化纤行业,-2.8509536
4631,2025-01-27,SH.KC_688101,三达膜,环保行业,-2.8510246
4632,2025-01-27,SH.ZB_600487,亨通光电,通信设备,-2.8510296
4633,2025-01-27,SH.ZB_603386,骏亚科技,电子元件,-2.8510742
4634,2025-01-27,SH.KC_300970,华绿生物,农牧饲渔,-2.8511
4635,2025-01-27,SZ.ZB_000951,中国重汽,汽车整车,-2.8512542
4636,2025-01-27,SH.ZB_600919,江苏银行,银行,-2.8514514
4637,2025-01-27,SH.ZB_603993,洛阳钼业,小金属,-2.8515062
4638,2025-01-24,SH.ZB_603017,中衡设计,工程咨询服务,-2.851513
4639,2025-01-24,SH.KC_300018,中元股份,电网设备,-2.851576
4640,2025-01-24,SH.KC_300710,万隆光电,通信设备,-2.8516893
4641,2025-01-27,SH.KC_300871,回盛生物,农药兽药,-2.8519657
4642,2025-01-24,SZ.ZB_000523,红棉股份,食品饮料,-2.8520956
4643,2025-01-27,SH.KC_301256,华融化学,化学原料,-2.8525841
4644,2025-01-24,SH.KC_300812,易天股份,消费电子,-2.8526227
4645,2025-01-27,SH.KC_300662,科锐国际,专业服务,-2.8526344
4646,2025-01-27,SH.KC_300140,节能环境,环保行业,-2.852728
4647,2025-01-24,SH.ZB_603006,联明股份,汽车零部件,-2.8531735
4648,2025-01-27,SH.KC_300080,易成新能,通用设备,-2.8531935
4649,2025-01-27,SH.ZB_603806,福斯特,光伏设备,-2.8535187
4650,2025-01-27,SZ.ZB_002320,海峡股份,航运港口,-2.853605
4651,2025-01-24,SZ.ZB_001316,润贝航科,贸易行业,-2.8538477
4652,2025-01-24,SZ.ZB_002103,广博股份,家用轻工,-2.8539307
4653,2025-01-24,SH.KC_301303,真兰仪表,仪器仪表,-2.8540857
4654,2025-01-27,SH.ZB_600771,广誉远,中药,-2.8541908
4655,2025-01-24,SZ.ZB_002982,湘佳股份,农牧饲渔,-2.8548245
4656,2025-01-27,SZ.ZB_002534,西子洁能,电源设备,-2.8551073
4657,2025-01-27,SZ.ZB_002285,世联行,房地产服务,-2.8551672
4658,2025-01-27,SZ.ZB_000927,中国铁物,物流行业,-2.8556347
4659,2025-01-27,SH.ZB_603387,基蛋生物,医疗器械,-2.8556845
4660,2025-01-27,SH.KC_300428,立中集团,汽车零部件,-2.8558383
4661,2025-01-24,SH.ZB_603299,苏盐井神,化学原料,-2.8559575
4662,2025-01-27,SH.KC_301515,港通医疗,医疗器械,-2.856215
4663,2025-01-24,SH.KC_300127,银河磁体,小金属,-2.856248
4664,2025-01-27,SH.ZB_603693,江苏新能,电力行业,-2.85642
4665,2025-01-24,SH.KC_300770,新媒股份,文化传媒,-2.8564425
4666,2025-01-27,SH.ZB_600639,浦东金桥,房地产开发,-2.8569632
4667,2025-01-24,SH.ZB_600511,国药股份,医药商业,-2.8569698
4668,2025-01-24,SH.ZB_600031,三一重工,工程机械,-2.857081
4669,2025-01-27,SH.ZB_601398,工商银行,银行,-2.8574703
4670,2025-01-27,SH.ZB_600510,黑牡丹,房地产开发,-2.857735
4671,2025-01-24,SH.KC_300193,佳士科技,通用设备,-2.8577733
4672,2025-01-27,SZ.ZB_000301,东方盛虹,化学原料,-2.8582826
4673,2025-01-24,SH.ZB_600366,宁波韵升,小金属,-2.8583176
4674,2025-01-27,SZ.ZB_002394,联发股份,纺织服装,-2.8585541
4675,2025-01-27,SH.ZB_600249,两面针,美容护理,-2.8586018
4676,2025-01-24,SH.KC_688625,呈和科技,化学制品,-2.8586946
4677,2025-01-27,SH.KC_300220,金运激光,电子元件,-2.8588004
4678,2025-01-27,SH.KC_300320,海达股份,橡胶制品,-2.8588543
4679,2025-01-24,SH.KC_688456,有研粉材,有色金属,-2.8590553
4680,2025-01-24,SH.KC_688334,西高院,专业服务,-2.8591306
4681,2025-01-24,SH.ZB_603520,司太立,化学制药,-2.859203
4682,2025-01-27,SH.ZB_603726,朗迪集团,家电行业,-2.8594387
4683,2025-01-24,SH.KC_301041,金百泽,电子元件,-2.8595908
4684,2025-01-24,SH.ZB_600751,海航科技,航运港口,-2.8596056
4685,2025-01-27,SH.KC_688670,金迪克,化学制药,-2.8596406
4686,2025-01-24,SH.ZB_605599,菜百股份,珠宝首饰,-2.859777
4687,2025-01-24,SH.ZB_601696,中银证券,证券,-2.85979
4688,2025-01-24,SH.KC_300882,万胜智能,电网设备,-2.8598664
4689,2025-01-24,SH.KC_301290,东星医疗,医疗器械,-2.859956
4690,2025-01-24,SZ.ZB_002017,东信和平,通信设备,-2.8603303
4691,2025-01-24,SH.ZB_603648,畅联股份,物流行业,-2.8603404
4692,2025-01-27,SH.KC_300961,深水海纳,环保行业,-2.860364
4693,2025-01-27,SH.KC_688076,诺泰生物,医疗服务,-2.8605874
4694,2025-01-24,SH.KC_300507,苏奥传感,汽车零部件,-2.8607738
4695,2025-01-27,SZ.ZB_001331,胜通能源,物流行业,-2.8609793
4696,2025-01-24,SZ.ZB_002738,中矿资源,能源金属,-2.8613224
4697,2025-01-27,SH.KC_300219,鸿利智汇,光学光电子,-2.861392
4698,2025-01-27,SH.ZB_600604,市北高新,房地产服务,-2.861437
4699,2025-01-27,SZ.ZB_000510,新金路,化学原料,-2.861511
4700,2025-01-27,SZ.ZB_002877,智能自控,仪器仪表,-2.861874
4701,2025-01-27,SH.ZB_605098,行动教育,教育,-2.8619537
4702,2025-01-27,SH.KC_300045,华力创通,计算机设备,-2.8621693
4703,2025-01-24,SH.ZB_603050,科林电气,电网设备,-2.862534
4704,2025-01-24,SH.KC_301069,凯盛新材,化学原料,-2.862637
4705,2025-01-24,SH.KC_300118,东方日升,光伏设备,-2.8627
4706,2025-01-24,SZ.ZB_001210,金房能源,公用事业,-2.862723
4707,2025-01-24,SH.ZB_600989,宝丰能源,化学原料,-2.8627331
4708,2025-01-27,SZ.ZB_002135,东南网架,工程建设,-2.862769
4709,2025-01-24,SH.KC_301353,普莱得,通用设备,-2.8628616
4710,2025-01-27,SZ.ZB_002082,万邦德,化学制药,-2.8631132
4711,2025-01-27,SH.ZB_600138,中青旅,旅游酒店,-2.8632212
4712,2025-01-24,SH.KC_301179,泽宇智能,软件开发,-2.8633773
4713,2025-01-27,SH.KC_300357,我武生物,生物制品,-2.863468
4714,2025-01-27,SZ.ZB_002768,国恩股份,塑料制品,-2.8636854
4715,2025-01-24,SH.KC_688298,东方生物,医疗器械,-2.8639135
4716,2025-01-27,SH.KC_300615,欣天科技,通信设备,-2.8639262
4717,2025-01-27,SZ.ZB_002623,亚玛顿,光伏设备,-2.8640456
4718,2025-01-24,SH.KC_300335,迪森股份,环保行业,-2.864085
4719,2025-01-24,SZ.ZB_002533,金杯电工,电网设备,-2.8641653
4720,2025-01-27,SH.ZB_600212,绿能慧充,电力行业,-2.864292
4721,2025-01-24,SH.ZB_601002,晋亿实业,通用设备,-2.864867
4722,2025-01-27,SZ.ZB_003027,同兴科技,环保行业,-2.8649487
4723,2025-01-24,SH.KC_301091,深城交,工程咨询服务,-2.865033
4724,2025-01-27,SH.KC_688128,中国电研,专用设备,-2.8653283
4725,2025-01-24,SZ.ZB_000692,惠天热电,公用事业,-2.865918
4726,2025-01-24,SH.ZB_600388,龙净环保,环保行业,-2.8659306
4727,2025-01-27,SH.KC_688300,联瑞新材,非金属材料,-2.8659697
4728,2025-01-24,SZ.ZB_002706,良信股份,电网设备,-2.8660123
4729,2025-01-24,SH.KC_300346,南大光电,电子化学品,-2.8660545
4730,2025-01-27,SZ.ZB_002492,恒基达鑫,物流行业,-2.8664546
4731,2025-01-24,SH.ZB_605177,东亚药业,化学制药,-2.8665404
4732,2025-01-24,SH.KC_688032,禾迈股份,光伏设备,-2.8665528
4733,2025-01-27,SZ.ZB_002243,力合科创,美容护理,-2.8665974
4734,2025-01-27,SH.KC_301122,采纳股份,医疗器械,-2.8668249
4735,2025-01-27,SZ.ZB_002706,良信股份,电网设备,-2.8669226
4736,2025-01-27,SZ.ZB_000703,恒逸石化,化纤行业,-2.8669333
4737,2025-01-24,SH.ZB_600909,华安证券,证券,-2.8671203
4738,2025-01-24,SH.KC_301363,美好医疗,医疗器械,-2.867306
4739,2025-01-24,SZ.ZB_002842,翔鹭钨业,小金属,-2.8673227
4740,2025-01-27,SZ.ZB_001311,多利科技,汽车零部件,-2.86754
4741,2025-01-24,SH.KC_688670,金迪克,化学制药,-2.8679535
4742,2025-01-24,SH.ZB_603216,梦天家居,装修装饰,-2.8681319
4743,2025-01-27,SH.KC_688366,昊海生科,医疗器械,-2.868159
4744,2025-01-27,SH.KC_300739,明阳电路,电子元件,-2.8682666
4745,2025-01-24,SH.KC_300144,宋城演艺,旅游酒店,-2.868297
4746,2025-01-27,SH.KC_300095,华伍股份,通用设备,-2.8683157
4747,2025-01-24,SH.KC_300583,赛托生物,化学制药,-2.8683636
4748,2025-01-27,SH.ZB_600927,永安期货,多元金融,-2.8685462
4749,2025-01-27,SZ.ZB_002593,日上集团,汽车零部件,-2.8686721
4750,2025-01-24,SZ.ZB_002219,新里程,医疗服务,-2.8690205
4751,2025-01-24,SH.KC_300342,天银机电,家电行业,-2.8691092
4752,2025-01-24,SH.ZB_603075,热威股份,家电行业,-2.8691683
4753,2025-01-24,SH.ZB_600208,衢州发展,房地产开发,-2.8693383
4754,2025-01-24,SH.KC_688091,上海谊众,化学制药,-2.8695245
4755,2025-01-24,SZ.ZB_002863,今飞凯达,汽车零部件,-2.8696465
4756,2025-01-27,SZ.ZB_002515,金字火腿,食品饮料,-2.8697603
4757,2025-01-27,SZ.ZB_002565,顺灏股份,包装材料,-2.8701181
4758,2025-01-24,SZ.ZB_002142,宁波银行,银行,-2.8701634
4759,2025-01-24,SZ.ZB_002401,中远海科,互联网服务,-2.870209
4760,2025-01-24,SH.KC_688347,华虹公司,半导体,-2.8702297
4761,2025-01-27,SH.ZB_600346,恒力石化,化纤行业,-2.8702993
4762,2025-01-27,SH.KC_300540,蜀道装备,专用设备,-2.8703382
4763,2025-01-24,SH.KC_301232,飞沃科技,风电设备,-2.870389
4764,2025-01-24,SZ.ZB_002015,协鑫能科,电力行业,-2.870428
4765,2025-01-24,SH.KC_688548,广钢气体,电子化学品,-2.8704484
4766,2025-01-24,SH.KC_301589,诺瓦星云,计算机设备,-2.8704975
4767,2025-01-24,SZ.ZB_002833,弘亚数控,专用设备,-2.870643
4768,2025-01-27,SH.KC_300443,金雷股份,风电设备,-2.8706808
4769,2025-01-27,SH.KC_688570,天玛智控,软件开发,-2.870693
4770,2025-01-27,SH.KC_301038,深水规院,工程建设,-2.8708267
4771,2025-01-24,SH.ZB_600266,城建发展,房地产开发,-2.8710651
4772,2025-01-24,SH.ZB_600976,健民集团,中药,-2.871087
4773,2025-01-24,SH.KC_300154,瑞凌股份,通用设备,-2.8711476
4774,2025-01-24,SH.KC_301286,侨源股份,化学原料,-2.8712578
4775,2025-01-27,SH.KC_688297,中无人机,航天航空,-2.8714464
4776,2025-01-24,SH.KC_300975,商络电子,贸易行业,-2.8715339
4777,2025-01-27,SH.KC_688148,芳源股份,电池,-2.8716245
4778,2025-01-27,SH.ZB_603165,荣晟环保,造纸印刷,-2.8716679
4779,2025-01-27,SZ.ZB_002759,天际股份,电池,-2.8721013
4780,2025-01-27,SH.KC_301626,苏州天脉,消费电子,-2.8721523
4781,2025-01-24,SH.KC_688330,宏力达,电网设备,-2.872243
4782,2025-01-24,SH.KC_688199,久日新材,化学制品,-2.872269
4783,2025-01-24,SZ.ZB_000049,德赛电池,电池,-2.8726432
4784,2025-01-24,SH.KC_300629,新劲刚,通信设备,-2.8728216
4785,2025-01-27,SZ.ZB_000965,天保基建,房地产开发,-2.8729134
4786,2025-01-27,SH.KC_300549,优德精密,专用设备,-2.8730643
4787,2025-01-24,SH.ZB_603338,浙江鼎力,工程机械,-2.8730934
4788,2025-01-24,SH.ZB_603650,彤程新材,橡胶制品,-2.873307
4789,2025-01-27,SH.ZB_603601,再升科技,玻璃玻纤,-2.8734589
4790,2025-01-24,SZ.ZB_002955,鸿合科技,光学光电子,-2.8738687
4791,2025-01-27,SZ.ZB_001696,宗申动力,交运设备,-2.8739145
4792,2025-01-24,SH.KC_300970,华绿生物,农牧饲渔,-2.8740075
4793,2025-01-24,SH.ZB_603298,杭叉集团,工程机械,-2.87405
4794,2025-01-27,SH.ZB_603098,森特股份,工程建设,-2.8744285
4795,2025-01-24,SH.ZB_601108,财通证券,证券,-2.8747067
4796,2025-01-24,SH.KC_301295,美硕科技,电网设备,-2.8752503
4797,2025-01-27,SH.ZB_603439,贵州三力,中药,-2.875294
4798,2025-01-24,SZ.ZB_000970,中科三环,小金属,-2.8754191
4799,2025-01-27,SH.ZB_600476,湘邮科技,软件开发,-2.8757772
4800,2025-01-24,SH.ZB_601872,招商轮船,航运港口,-2.8757985
4801,2025-01-24,SH.KC_688609,九联科技,通信设备,-2.8760388
4802,2025-01-27,SH.ZB_600131,国网信通,互联网服务,-2.8761384
4803,2025-01-24,SH.ZB_600661,昂立教育,教育,-2.876202
4804,2025-01-27,SH.ZB_600403,大有能源,煤炭行业,-2.8764915
4805,2025-01-27,SH.ZB_601229,上海银行,银行,-2.8768685
4806,2025-01-23,SH.KC_300069,金利华电,电网设备,-2.8769488
4807,2025-01-24,SH.KC_300212,易华录,互联网服务,-2.8769526
4808,2025-01-24,SZ.ZB_000757,浩物股份,汽车服务,-2.8770392
4809,2025-01-24,SH.ZB_603988,中电电机,电机,-2.8771133
4810,2025-01-27,SH.ZB_601233,桐昆股份,化纤行业,-2.8772225
4811,2025-01-27,SZ.ZB_002181,粤 传 媒,文化传媒,-2.877436
4812,2025-01-27,SH.KC_688170,德龙激光,专用设备,-2.8774784
4813,2025-01-27,SH.ZB_601155,新城控股,房地产开发,-2.8775969
4814,2025-01-24,SZ.ZB_002437,誉衡药业,化学制药,-2.877749
4815,2025-01-24,SZ.ZB_002434,万里扬,汽车零部件,-2.8782535
4816,2025-01-24,SH.ZB_600422,昆药集团,中药,-2.8783846
4817,2025-01-24,SZ.ZB_002741,光华科技,电子化学品,-2.878464
4818,2025-01-24,SH.KC_688788,科思科技,通信设备,-2.878897
4819,2025-01-24,SZ.ZB_001277,速达股份,专用设备,-2.8792555
4820,2025-01-27,SZ.ZB_000987,越秀资本,多元金融,-2.8792777
4821,2025-01-24,SH.KC_300948,冠中生态,环保行业,-2.8795664
4822,2025-01-27,SZ.ZB_003025,思进智能,通用设备,-2.8798487
4823,2025-01-27,SZ.ZB_002467,二六三,通信服务,-2.879904
4824,2025-01-24,SH.KC_301156,美农生物,农牧饲渔,-2.879929
4825,2025-01-24,SH.KC_300909,汇创达,光学光电子,-2.879992
4826,2025-01-24,SH.KC_688772,珠海冠宇,电池,-2.88026
4827,2025-01-27,SH.KC_300651,金陵体育,家用轻工,-2.8803983
4828,2025-01-27,SH.KC_688391,钜泉科技,半导体,-2.8806958
4829,2025-01-24,SH.ZB_603344,星德胜,电机,-2.8807054
4830,2025-01-24,SH.KC_688163,赛伦生物,生物制品,-2.880844
4831,2025-01-27,SH.ZB_603937,丽岛新材,有色金属,-2.8810687
4832,2025-01-24,SH.KC_301321,翰博高新,光学光电子,-2.8811178
4833,2025-01-27,SH.KC_300485,赛升药业,生物制品,-2.8812082
4834,2025-01-27,SZ.ZB_002725,跃岭股份,汽车零部件,-2.8813314
4835,2025-01-24,SZ.ZB_002778,中晟高科,石油行业,-2.8813493
4836,2025-01-27,SZ.ZB_002032,苏 泊 尔,家电行业,-2.8813634
4837,2025-01-27,SH.ZB_601858,中国科传,文化传媒,-2.8813672
4838,2025-01-27,SH.KC_301311,昆船智能,通用设备,-2.8814113
4839,2025-01-27,SZ.ZB_002573,清新环境,环保行业,-2.881532
4840,2025-01-27,SZ.ZB_000531,穗恒运Ａ,电力行业,-2.8816433
4841,2025-01-27,SZ.ZB_000839,中信国安,综合行业,-2.881851
4842,2025-01-24,SZ.ZB_000888,峨眉山Ａ,旅游酒店,-2.8819602
4843,2025-01-24,SH.KC_688375,国博电子,电子元件,-2.8819735
4844,2025-01-24,SZ.ZB_002666,德联集团,化学制品,-2.8819828
4845,2025-01-27,SZ.ZB_002448,中原内配,汽车零部件,-2.8819857
4846,2025-01-27,SZ.ZB_000055,方大集团,装修装饰,-2.8820503
4847,2025-01-27,SH.ZB_603312,西典新能,电网设备,-2.8821461
4848,2025-01-27,SH.KC_301043,绿岛风,专用设备,-2.8824477
4849,2025-01-27,SH.ZB_603373,安邦护卫,专业服务,-2.882488
4850,2025-01-24,SZ.ZB_000593,德龙汇能,燃气,-2.8825424
4851,2025-01-24,SH.ZB_600207,安彩高科,光伏设备,-2.882588
4852,2025-01-27,SH.ZB_600523,贵航股份,汽车零部件,-2.882592
4853,2025-01-27,SH.ZB_600998,九州通,医药商业,-2.8826592
4854,2025-01-24,SH.ZB_600218,全柴动力,汽车零部件,-2.8827548
4855,2025-01-24,SH.KC_301367,怡和嘉业,医疗器械,-2.882836
4856,2025-01-27,SZ.ZB_002962,五方光电,光学光电子,-2.882951
4857,2025-01-27,SH.ZB_601216,君正集团,化学原料,-2.8831596
4858,2025-01-24,SH.KC_300923,研奥股份,交运设备,-2.883271
4859,2025-01-27,SH.KC_688621,阳光诺和,医疗服务,-2.8835082
4860,2025-01-24,SH.ZB_603511,爱慕股份,纺织服装,-2.8835175
4861,2025-01-27,SZ.ZB_002587,奥拓电子,光学光电子,-2.8836
4862,2025-01-24,SZ.ZB_000821,京山轻机,光伏设备,-2.8836195
4863,2025-01-27,SH.KC_301006,迈拓股份,仪器仪表,-2.8838377
4864,2025-01-24,SH.KC_301512,智信精密,专用设备,-2.8839855
4865,2025-01-27,SH.ZB_605286,同力日升,专用设备,-2.8841324
4866,2025-01-24,SH.ZB_600151,航天机电,光伏设备,-2.8842292
4867,2025-01-24,SH.ZB_603002,宏昌电子,电子化学品,-2.8844087
4868,2025-01-27,SH.ZB_605366,宏柏新材,化学制品,-2.8844113
4869,2025-01-27,SZ.ZB_002500,山西证券,证券,-2.8844504
4870,2025-01-27,SH.KC_300832,新产业,医疗器械,-2.8845425
4871,2025-01-24,SH.KC_300099,尤洛卡,专用设备,-2.884905
4872,2025-01-27,SH.ZB_605099,共创草坪,家用轻工,-2.8852527
4873,2025-01-27,SH.ZB_601528,瑞丰银行,银行,-2.8852875
4874,2025-01-24,SH.KC_688536,思瑞浦,半导体,-2.8857498
4875,2025-01-24,SH.ZB_601882,海天精工,通用设备,-2.8861332
4876,2025-01-27,SZ.ZB_002104,恒宝股份,通信设备,-2.886146
4877,2025-01-24,SH.ZB_600461,洪城环境,公用事业,-2.8862214
4878,2025-01-27,SH.ZB_603289,泰瑞机器,专用设备,-2.886638
4879,2025-01-27,SH.ZB_600025,华能水电,电力行业,-2.8866422
4880,2025-01-27,SZ.ZB_002338,奥普光电,仪器仪表,-2.8866627
4881,2025-01-27,SH.ZB_600718,东软集团,互联网服务,-2.8868816
4882,2025-01-27,SH.ZB_603919,金徽酒,酿酒行业,-2.8869052
4883,2025-01-27,SH.ZB_600525,长园集团,电网设备,-2.887086
4884,2025-01-27,SH.ZB_600276,恒瑞医药,化学制药,-2.8874667
4885,2025-01-24,SH.ZB_603088,宁波精达,通用设备,-2.8875628
4886,2025-01-27,SH.ZB_601319,中国人保,保险,-2.887579
4887,2025-01-24,SH.KC_300152,新动力,环保行业,-2.887588
4888,2025-01-27,SH.ZB_600439,瑞贝卡,家用轻工,-2.8878083
4889,2025-01-27,SH.ZB_601108,财通证券,证券,-2.8878787
4890,2025-01-27,SH.ZB_603127,昭衍新药,医疗服务,-2.8879273
4891,2025-01-27,SH.KC_301136,招标股份,工程咨询服务,-2.8879368
4892,2025-01-27,SZ.ZB_000750,国海证券,证券,-2.887948
4893,2025-01-27,SH.ZB_603303,得邦照明,家电行业,-2.8880565
4894,2025-01-27,SZ.ZB_000529,广弘控股,食品饮料,-2.8881207
4895,2025-01-27,SH.ZB_600179,安通控股,物流行业,-2.8882384
4896,2025-01-27,SZ.ZB_002421,达实智能,软件开发,-2.888319
4897,2025-01-27,SH.KC_300784,利安科技,塑料制品,-2.8883488
4898,2025-01-24,SH.ZB_605500,森林包装,造纸印刷,-2.8883595
4899,2025-01-27,SH.ZB_605259,绿田机械,通用设备,-2.8884068
4900,2025-01-24,SH.KC_300457,赢合科技,电池,-2.8885887
4901,2025-01-27,SH.KC_300324,旋极信息,互联网服务,-2.8887727
4902,2025-01-27,SZ.ZB_002249,大洋电机,电机,-2.8888185
4903,2025-01-27,SH.KC_688037,芯源微,半导体,-2.8888638
4904,2025-01-27,SH.KC_300511,雪榕生物,农牧饲渔,-2.8890197
4905,2025-01-27,SZ.ZB_002672,东江环保,环保行业,-2.8891275
4906,2025-01-27,SH.ZB_600279,重庆港,航运港口,-2.889128
4907,2025-01-27,SZ.ZB_002445,中南文化,通用设备,-2.889442
4908,2025-01-24,SH.ZB_603755,日辰股份,食品饮料,-2.8896253
4909,2025-01-27,SH.KC_301059,金三江,化学原料,-2.8897243
4910,2025-01-27,SH.ZB_601326,秦港股份,航运港口,-2.8900757
4911,2025-01-27,SZ.ZB_003008,开普检测,专业服务,-2.890118
4912,2025-01-27,SZ.ZB_001914,招商积余,房地产服务,-2.8901508
4913,2025-01-27,SH.ZB_600999,招商证券,证券,-2.8901885
4914,2025-01-24,SH.KC_300132,青松股份,美容护理,-2.8902314
4915,2025-01-27,SH.ZB_603956,威派格,专用设备,-2.890595
4916,2025-01-24,SH.ZB_603153,上海建科,工程咨询服务,-2.8906145
4917,2025-01-24,SH.KC_300387,富邦科技,化肥行业,-2.8907976
4918,2025-01-27,SH.ZB_603186,华正新材,电子元件,-2.8908505
4919,2025-01-27,SH.KC_688163,赛伦生物,生物制品,-2.8909369
4920,2025-01-24,SH.ZB_600851,海欣股份,化学制药,-2.89096
4921,2025-01-27,SH.ZB_600237,铜峰电子,电子元件,-2.89122
4922,2025-01-27,SH.KC_300455,航天智装,计算机设备,-2.8914347
4923,2025-01-27,SH.KC_688517,金冠电气,电网设备,-2.891584
4924,2025-01-27,SZ.ZB_002238,天威视讯,文化传媒,-2.891625
4925,2025-01-24,SH.KC_300883,龙利得,造纸印刷,-2.8917692
4926,2025-01-27,SH.KC_688689,银河微电,半导体,-2.8919272
4927,2025-01-24,SH.ZB_605288,凯迪股份,专用设备,-2.8919764
4928,2025-01-27,SH.KC_688084,晶品特装,专用设备,-2.892252
4929,2025-01-27,SH.ZB_601801,皖新传媒,文化传媒,-2.892441
4930,2025-01-24,SH.ZB_600312,平高电气,电网设备,-2.892653
4931,2025-01-27,SZ.ZB_003001,中岩大地,工程咨询服务,-2.8928173
4932,2025-01-27,SH.ZB_600345,长江通信,通信设备,-2.892899
4933,2025-01-24,SZ.ZB_001234,泰慕士,纺织服装,-2.8929243
4934,2025-01-24,SH.ZB_603127,昭衍新药,医疗服务,-2.8929317
4935,2025-01-27,SH.ZB_600866,星湖科技,化学制品,-2.8929973
4936,2025-01-24,SH.KC_688148,芳源股份,电池,-2.8931327
4937,2025-01-27,SH.ZB_600550,保变电气,电网设备,-2.8932505
4938,2025-01-27,SH.ZB_603201,常润股份,汽车零部件,-2.8934736
4939,2025-01-27,SH.ZB_600325,华发股份,房地产开发,-2.8935628
4940,2025-01-24,SH.KC_688513,苑东生物,化学制药,-2.8936052
4941,2025-01-27,SH.KC_688613,奥精医疗,医疗器械,-2.893615
4942,2025-01-27,SH.KC_300316,晶盛机电,光伏设备,-2.89365
4943,2025-01-27,SH.ZB_600561,江西长运,铁路公路,-2.8937392
4944,2025-01-24,SH.KC_300427,红相股份,电网设备,-2.8937564
4945,2025-01-27,SZ.ZB_000426,兴业银锡,有色金属,-2.8938103
4946,2025-01-27,SH.ZB_603688,石英股份,非金属材料,-2.894106
4947,2025-01-27,SH.ZB_603322,超讯通信,通信服务,-2.8942108
4948,2025-01-24,SH.KC_300051,琏升科技,光伏设备,-2.894412
4949,2025-01-24,SZ.ZB_002913,奥士康,电子元件,-2.894415
4950,2025-01-24,SH.ZB_603325,博隆技术,通用设备,-2.8946853
4951,2025-01-24,SH.ZB_605186,健麾信息,医疗服务,-2.8950415
4952,2025-01-27,SH.KC_300514,友讯达,电网设备,-2.8950453
4953,2025-01-27,SZ.ZB_002145,中核钛白,化学原料,-2.8950677
4954,2025-01-27,SH.KC_300975,商络电子,贸易行业,-2.8952494
4955,2025-01-24,SZ.ZB_002365,永安药业,化学制药,-2.8954399
4956,2025-01-27,SH.ZB_603602,纵横通信,通信服务,-2.895481
4957,2025-01-27,SZ.ZB_000885,城发环境,环保行业,-2.895497
4958,2025-01-24,SH.ZB_603937,丽岛新材,有色金属,-2.8956318
4959,2025-01-24,SH.ZB_600406,国电南瑞,电网设备,-2.895681
4960,2025-01-27,SZ.ZB_000631,顺发恒业,房地产开发,-2.8957956
4961,2025-01-24,SH.KC_300596,利安隆,塑料制品,-2.896097
4962,2025-01-27,SH.KC_300088,长信科技,光学光电子,-2.8961248
4963,2025-01-27,SZ.ZB_000557,西部创业,物流行业,-2.8961928
4964,2025-01-24,SH.ZB_603439,贵州三力,中药,-2.8963373
4965,2025-01-27,SH.KC_300573,兴齐眼药,化学制药,-2.8963666
4966,2025-01-24,SH.ZB_600137,浪莎股份,纺织服装,-2.8964884
4967,2025-01-24,SH.ZB_601229,上海银行,银行,-2.896499
4968,2025-01-24,SZ.ZB_002946,新乳业,食品饮料,-2.8964994
4969,2025-01-27,SH.KC_301369,联动科技,半导体,-2.8964996
4970,2025-01-24,SH.KC_300867,圣元环保,环保行业,-2.8966286
4971,2025-01-27,SH.KC_301083,百胜智能,专用设备,-2.8971877
4972,2025-01-27,SZ.ZB_000100,TCL科技,光学光电子,-2.8974404
4973,2025-01-27,SH.ZB_600298,安琪酵母,食品饮料,-2.8975842
4974,2025-01-24,SZ.ZB_000036,华联控股,房地产开发,-2.8976164
4975,2025-01-27,SH.KC_300046,台基股份,半导体,-2.8976452
4976,2025-01-24,SH.KC_301608,博实结,计算机设备,-2.897648
4977,2025-01-24,SH.ZB_601012,隆基绿能,光伏设备,-2.8976705
4978,2025-01-27,SH.KC_688012,中微公司,半导体,-2.8977697
4979,2025-01-24,SZ.ZB_000551,创元科技,环保行业,-2.8979325
4980,2025-01-27,SH.KC_300706,阿石创,半导体,-2.8979578
4981,2025-01-24,SH.ZB_600848,上海临港,房地产开发,-2.8980746
4982,2025-01-24,SH.ZB_603610,麒盛科技,装修建材,-2.898196
4983,2025-01-24,SH.ZB_600279,重庆港,航运港口,-2.89829
4984,2025-01-27,SH.ZB_600151,航天机电,光伏设备,-2.8986561
4985,2025-01-27,SH.KC_300397,天和防务,通信设备,-2.8988936
4986,2025-01-24,SH.KC_300907,康平科技,电机,-2.8992805
4987,2025-01-27,SH.KC_688618,三旺通信,通信设备,-2.8993244
4988,2025-01-24,SH.KC_300145,中金环境,通用设备,-2.8993957
4989,2025-01-27,SZ.ZB_002248,华东数控,通用设备,-2.9002106
4990,2025-01-27,SH.KC_300763,锦浪科技,光伏设备,-2.9005055
4991,2025-01-27,SZ.ZB_001227,兰州银行,银行,-2.9005408
4992,2025-01-24,SH.KC_301618,长联科技,化学制品,-2.9006176
4993,2025-01-24,SH.ZB_600545,卓郎智能,专用设备,-2.9006727
4994,2025-01-24,SH.KC_300586,美联新材,塑料制品,-2.900749
4995,2025-01-27,SH.KC_688130,晶华微,半导体,-2.900754
4996,2025-01-27,SH.ZB_600526,菲达环保,环保行业,-2.9008086
4997,2025-01-24,SH.KC_301600,慧翰股份,通信设备,-2.9008138
4998,2025-01-27,SH.ZB_603477,巨星农牧,农牧饲渔,-2.900882
4999,2025-01-27,SZ.ZB_002088,鲁阳节能,装修建材,-2.9008906
5000,2025-01-27,SZ.ZB_002997,瑞鹄模具,汽车零部件,-2.9009056
5001,2025-01-24,SZ.ZB_002654,万润科技,文化传媒,-2.9009848
5002,2025-01-27,SH.KC_300875,捷强装备,专用设备,-2.9012587
5003,2025-01-24,SH.ZB_600115,中国东航,航空机场,-2.9013393
5004,2025-01-27,SH.KC_688385,复旦微电,半导体,-2.9013534
5005,2025-01-27,SZ.ZB_002817,黄山胶囊,医疗器械,-2.9013755
5006,2025-01-24,SH.KC_688112,鼎阳科技,仪器仪表,-2.9017036
5007,2025-01-27,SZ.ZB_000719,中原传媒,文化传媒,-2.9017727
5008,2025-01-27,SH.ZB_605090,九丰能源,燃气,-2.902096
5009,2025-01-27,SH.KC_300750,宁德时代,电池,-2.9020998
5010,2025-01-27,SH.ZB_603722,阿科力,塑料制品,-2.9021811
5011,2025-01-27,SH.KC_301292,海科新源,化学制品,-2.9022083
5012,2025-01-27,SH.ZB_603776,永安行,专业服务,-2.9022894
5013,2025-01-27,SH.ZB_605169,洪通燃气,燃气,-2.9024699
5014,2025-01-24,SH.KC_300231,银信科技,互联网服务,-2.9025283
5015,2025-01-27,SH.KC_300862,蓝盾光电,仪器仪表,-2.9027028
5016,2025-01-24,SH.KC_688403,汇成股份,半导体,-2.9029858
5017,2025-01-27,SZ.ZB_002738,中矿资源,能源金属,-2.9030545
5018,2025-01-27,SH.ZB_600620,天宸股份,综合行业,-2.9031467
5019,2025-01-27,SH.KC_688395,正弦电气,电机,-2.9031932
5020,2025-01-24,SZ.ZB_002145,中核钛白,化学原料,-2.9032114
5021,2025-01-27,SH.ZB_601838,成都银行,银行,-2.9034433
5022,2025-01-27,SH.ZB_600137,浪莎股份,纺织服装,-2.9035487
5023,2025-01-27,SZ.ZB_000411,英特集团,医药商业,-2.9036415
5024,2025-01-27,SH.KC_688383,新益昌,专用设备,-2.9037206
5025,2025-01-24,SZ.ZB_002933,新兴装备,航天航空,-2.9037287
5026,2025-01-24,SH.KC_688371,菲沃泰,电子元件,-2.9037368
5027,2025-01-24,SH.KC_300050,世纪鼎利,通信服务,-2.9037569
5028,2025-01-27,SH.KC_300552,万集科技,软件开发,-2.9038136
5029,2025-01-27,SH.ZB_603091,众鑫股份,家用轻工,-2.9040034
5030,2025-01-27,SH.KC_300971,博亚精工,通用设备,-2.904061
5031,2025-01-27,SZ.ZB_002170,芭田股份,化肥行业,-2.9040785
5032,2025-01-27,SZ.ZB_002155,湖南黄金,贵金属,-2.9043713
5033,2025-01-24,SZ.ZB_000032,深桑达Ａ,通信设备,-2.9045382
5034,2025-01-24,SH.ZB_603630,拉芳家化,美容护理,-2.9047825
5035,2025-01-27,SH.KC_300720,海川智能,仪器仪表,-2.9049191
5036,2025-01-24,SH.ZB_603373,安邦护卫,专业服务,-2.9051855
5037,2025-01-27,SZ.ZB_002658,雪迪龙,仪器仪表,-2.9055336
5038,2025-01-24,SH.ZB_600433,冠豪高新,造纸印刷,-2.90585
5039,2025-01-27,SH.KC_300230,永利股份,塑料制品,-2.9060397
5040,2025-01-27,SZ.ZB_000677,恒天海龙,化纤行业,-2.9060514
5041,2025-01-27,SZ.ZB_000400,许继电气,电网设备,-2.9061131
5042,2025-01-27,SH.KC_300472,新元科技,专用设备,-2.906278
5043,2025-01-24,SZ.ZB_002870,香山股份,汽车零部件,-2.906299
5044,2025-01-27,SH.KC_300942,易瑞生物,化学制药,-2.906299
5045,2025-01-27,SH.KC_300240,飞力达,物流行业,-2.9064455
5046,2025-01-24,SH.ZB_603956,威派格,专用设备,-2.906625
5047,2025-01-24,SH.ZB_600526,菲达环保,环保行业,-2.9068134
5048,2025-01-27,SZ.ZB_002469,三维化学,化学原料,-2.9068286
5049,2025-01-24,SH.KC_300779,惠城环保,环保行业,-2.906899
5050,2025-01-27,SH.KC_688072,拓荆科技,半导体,-2.9069366
5051,2025-01-27,SH.KC_688230,芯导科技,半导体,-2.9069397
5052,2025-01-24,SZ.ZB_002594,比亚迪,汽车整车,-2.9070253
5053,2025-01-27,SZ.ZB_002703,浙江世宝,汽车零部件,-2.9071965
5054,2025-01-27,SH.KC_300586,美联新材,塑料制品,-2.9074523
5055,2025-01-27,SH.KC_300393,中来股份,光伏设备,-2.9074776
5056,2025-01-27,SH.KC_688357,建龙微纳,非金属材料,-2.9075234
5057,2025-01-24,SH.ZB_603323,苏农银行,银行,-2.907631
5058,2025-01-27,SH.KC_300381,溢多利,化学制药,-2.9078584
5059,2025-01-24,SH.ZB_603097,江苏华辰,电网设备,-2.9078734
5060,2025-01-24,SH.ZB_603132,金徽股份,有色金属,-2.9079175
5061,2025-01-27,SH.KC_688586,江航装备,航天航空,-2.9079635
5062,2025-01-24,SZ.ZB_002008,大族激光,通用设备,-2.9080083
5063,2025-01-27,SH.KC_688105,诺唯赞,医疗器械,-2.9083335
5064,2025-01-27,SH.ZB_600963,岳阳林纸,造纸印刷,-2.9088092
5065,2025-01-27,SH.KC_300554,三超新材,通用设备,-2.9088402
5066,2025-01-27,SH.KC_301390,经纬股份,电网设备,-2.9088774
5067,2025-01-27,SH.ZB_603172,万丰股份,化学原料,-2.9091012
5068,2025-01-27,SH.ZB_600895,张江高科,房地产开发,-2.9094512
5069,2025-01-24,SH.ZB_603160,汇顶科技,半导体,-2.909574
5070,2025-01-27,SH.KC_300819,聚杰微纤,纺织服装,-2.9096003
5071,2025-01-27,SZ.ZB_002281,光迅科技,通信设备,-2.9097586
5072,2025-01-24,SH.KC_300269,联建光电,互联网服务,-2.9101808
5073,2025-01-27,SZ.ZB_002679,福建金森,农牧饲渔,-2.9103034
5074,2025-01-24,SH.ZB_603136,天目湖,旅游酒店,-2.910421
5075,2025-01-24,SH.KC_300381,溢多利,化学制药,-2.9104338
5076,2025-01-24,SZ.ZB_002524,光正眼科,医疗服务,-2.910951
5077,2025-01-27,SH.ZB_600880,博瑞传播,教育,-2.9110742
5078,2025-01-27,SH.KC_300737,科顺股份,装修建材,-2.911541
5079,2025-01-24,SH.KC_688484,南芯科技,半导体,-2.9116201
5080,2025-01-24,SH.KC_301293,三博脑科,医疗服务,-2.911674
5081,2025-01-27,SH.KC_300143,盈康生命,医疗服务,-2.9117148
5082,2025-01-24,SH.KC_301611,珂玛科技,非金属材料,-2.9118416
5083,2025-01-27,SH.KC_301017,漱玉平民,医药商业,-2.911856
5084,2025-01-27,SH.KC_300995,奇德新材,塑料制品,-2.912466
5085,2025-01-24,SH.ZB_601001,晋控煤业,煤炭行业,-2.9128351
5086,2025-01-27,SH.ZB_603976,正川股份,医疗器械,-2.9128792
5087,2025-01-27,SZ.ZB_002140,东华科技,工程建设,-2.9129002
5088,2025-01-24,SH.KC_688233,神工股份,半导体,-2.9129677
5089,2025-01-24,SH.ZB_601881,中国银河,证券,-2.913164
5090,2025-01-27,SH.ZB_603125,常青科技,化学制品,-2.9132938
5091,2025-01-27,SH.KC_300005,探路者,纺织服装,-2.9135585
5092,2025-01-24,SH.ZB_603227,雪峰科技,化学制品,-2.9135623
5093,2025-01-27,SH.ZB_600081,东风科技,汽车零部件,-2.9136372
5094,2025-01-22,SH.KC_300069,金利华电,电网设备,-2.9136631
5095,2025-01-27,SH.KC_300306,远方信息,仪器仪表,-2.913852
5096,2025-01-24,SZ.ZB_002981,朝阳科技,消费电子,-2.913884
5097,2025-01-27,SZ.ZB_000715,中兴商业,商业百货,-2.9139843
5098,2025-01-27,SH.ZB_601012,隆基绿能,光伏设备,-2.9140306
5099,2025-01-27,SZ.ZB_000600,建投能源,电力行业,-2.9141815
5100,2025-01-24,SZ.ZB_002526,山东矿机,专用设备,-2.9142056
5101,2025-01-27,SH.ZB_600327,大东方,医疗服务,-2.9142344
5102,2025-01-24,SZ.ZB_002465,海格通信,通信设备,-2.91434
5103,2025-01-24,SZ.ZB_000419,通程控股,商业百货,-2.9143512
5104,2025-01-24,SZ.ZB_000156,华数传媒,文化传媒,-2.9144347
5105,2025-01-24,SH.KC_300279,和晶科技,消费电子,-2.9146774
5106,2025-01-24,SH.ZB_600295,鄂尔多斯,钢铁行业,-2.9148114
5107,2025-01-27,SH.KC_300719,安达维尔,航天航空,-2.9148262
5108,2025-01-24,SH.KC_301301,川宁生物,生物制品,-2.9150882
5109,2025-01-27,SH.ZB_601133,柏诚股份,工程建设,-2.9151042
5110,2025-01-24,SH.KC_301190,善水科技,化学制品,-2.9151492
5111,2025-01-24,SH.ZB_603091,众鑫股份,家用轻工,-2.915198
5112,2025-01-24,SH.KC_301217,铜冠铜箔,电子元件,-2.9152832
5113,2025-01-27,SH.KC_300745,欣锐科技,汽车零部件,-2.9153068
5114,2025-01-24,SH.KC_688648,中邮科技,通用设备,-2.9155202
5115,2025-01-24,SZ.ZB_001296,长江材料,非金属材料,-2.915558
5116,2025-01-24,SH.KC_300318,博晖创新,医疗器械,-2.9157405
5117,2025-01-27,SH.KC_300213,佳讯飞鸿,通信设备,-2.9157543
5118,2025-01-24,SH.ZB_603596,伯特利,汽车零部件,-2.9157574
5119,2025-01-24,SH.KC_300514,友讯达,电网设备,-2.9158154
5120,2025-01-24,SH.ZB_603225,新凤鸣,化纤行业,-2.9159768
5121,2025-01-24,SH.ZB_600335,国机汽车,汽车服务,-2.9159977
5122,2025-01-27,SH.KC_301592,六九一二,软件开发,-2.916166
5123,2025-01-24,SZ.ZB_002067,景兴纸业,造纸印刷,-2.9163187
5124,2025-01-27,SH.KC_300053,航宇微,半导体,-2.9164205
5125,2025-01-24,SH.ZB_601198,东兴证券,证券,-2.916599
5126,2025-01-24,SH.KC_301376,致欧科技,家用轻工,-2.9166188
5127,2025-01-27,SH.KC_688557,兰剑智能,通用设备,-2.9170353
5128,2025-01-24,SZ.ZB_002639,雪人股份,通用设备,-2.9170647
5129,2025-01-24,SH.ZB_600556,天下秀,文化传媒,-2.9171011
5130,2025-01-27,SH.ZB_603696,安记食品,食品饮料,-2.9171662
5131,2025-01-27,SH.ZB_600499,科达制造,专用设备,-2.9172804
5132,2025-01-24,SH.ZB_600621,华鑫股份,证券,-2.917584
5133,2025-01-24,SZ.ZB_002572,索菲亚,装修建材,-2.917701
5134,2025-01-27,SH.ZB_603266,天龙股份,塑料制品,-2.9177768
5135,2025-01-27,SZ.ZB_002264,新 华 都,互联网服务,-2.9178634
5136,2025-01-27,SH.KC_688561,奇安信-U,软件开发,-2.918087
5137,2025-01-27,SH.KC_300350,华鹏飞,物流行业,-2.9182668
5138,2025-01-24,SZ.ZB_000949,新乡化纤,化纤行业,-2.9182763
5139,2025-01-24,SZ.ZB_002301,齐心集团,家用轻工,-2.9184775
5140,2025-01-27,SH.KC_300147,香雪制药,中药,-2.9185328
5141,2025-01-24,SH.KC_300635,中达安,工程咨询服务,-2.9188514
5142,2025-01-27,SH.ZB_600201,生物股份,农药兽药,-2.9188883
5143,2025-01-24,SH.ZB_603230,内蒙新华,文化传媒,-2.9190376
5144,2025-01-24,SH.KC_301055,张小泉,通用设备,-2.9191658
5145,2025-01-27,SZ.ZB_000420,吉林化纤,化纤行业,-2.919403
5146,2025-01-24,SH.KC_300880,迦南智能,电网设备,-2.9195125
5147,2025-01-24,SH.KC_300088,长信科技,光学光电子,-2.9195397
5148,2025-01-27,SZ.ZB_002895,川恒股份,化学原料,-2.9196744
5149,2025-01-27,SZ.ZB_001288,运机集团,工程机械,-2.920001
5150,2025-01-27,SH.KC_688626,翔宇医疗,医疗器械,-2.9200237
5151,2025-01-27,SH.ZB_605168,三人行,文化传媒,-2.9201405
5152,2025-01-24,SH.KC_300977,深圳瑞捷,工程咨询服务,-2.92015
5153,2025-01-27,SH.ZB_600861,北京人力,专业服务,-2.920224
5154,2025-01-27,SH.KC_688202,美迪西,医疗服务,-2.920599
5155,2025-01-24,SH.ZB_600750,江中药业,中药,-2.9206064
5156,2025-01-27,SH.ZB_600981,汇鸿集团,贸易行业,-2.9206092
5157,2025-01-24,SZ.ZB_002579,中京电子,电子元件,-2.9206517
5158,2025-01-27,SZ.ZB_002970,锐明技术,计算机设备,-2.9208713
5159,2025-01-27,SZ.ZB_000821,京山轻机,光伏设备,-2.9208796
5160,2025-01-27,SZ.ZB_002836,新宏泽,造纸印刷,-2.9213202
5161,2025-01-24,SH.KC_300813,泰林生物,医疗器械,-2.9214203
5162,2025-01-24,SH.ZB_603926,铁流股份,汽车零部件,-2.9214935
5163,2025-01-27,SH.KC_300512,中亚股份,专用设备,-2.9217083
5164,2025-01-24,SH.KC_300238,冠昊生物,医疗器械,-2.9219751
5165,2025-01-27,SH.KC_688314,康拓医疗,医疗器械,-2.922065
5166,2025-01-24,SH.KC_300594,朗进科技,交运设备,-2.922081
5167,2025-01-27,SH.KC_300177,中海达,计算机设备,-2.9222553
5168,2025-01-27,SZ.ZB_003019,宸展光电,光学光电子,-2.9224236
5169,2025-01-27,SH.KC_300743,天地数码,非金属材料,-2.922456
5170,2025-01-27,SZ.ZB_000619,海螺新材,装修建材,-2.9225845
5171,2025-01-24,SH.KC_688211,中科微至,物流行业,-2.922611
5172,2025-01-27,SH.KC_688450,光格科技,仪器仪表,-2.9226387
5173,2025-01-27,SH.KC_300951,博硕科技,消费电子,-2.9228637
5174,2025-01-27,SZ.ZB_002996,顺博合金,有色金属,-2.9230802
5175,2025-01-27,SH.ZB_601963,重庆银行,银行,-2.9231758
5176,2025-01-27,SH.KC_301186,超达装备,汽车零部件,-2.9233348
5177,2025-01-24,SZ.ZB_002195,岩山科技,互联网服务,-2.923484
5178,2025-01-27,SH.ZB_600540,新赛股份,农牧饲渔,-2.9234965
5179,2025-01-24,SH.KC_300667,必创科技,仪器仪表,-2.9237845
5180,2025-01-24,SH.KC_300078,思创医惠,互联网服务,-2.9238477
5181,2025-01-24,SH.KC_301006,迈拓股份,仪器仪表,-2.9239166
5182,2025-01-24,SH.KC_688395,正弦电气,电机,-2.9242544
5183,2025-01-24,SH.ZB_600959,江苏有线,文化传媒,-2.9244213
5184,2025-01-24,SH.KC_301320,豪江智能,电子元件,-2.92445
5185,2025-01-24,SH.ZB_600660,福耀玻璃,玻璃玻纤,-2.92456
5186,2025-01-27,SH.ZB_603378,亚士创能,装修建材,-2.9246616
5187,2025-01-24,SH.KC_301298,东利机械,汽车零部件,-2.9246895
5188,2025-01-27,SH.ZB_601696,中银证券,证券,-2.924716
5189,2025-01-24,SH.KC_300787,海能实业,消费电子,-2.9248974
5190,2025-01-24,SH.KC_688212,澳华内镜,医疗器械,-2.9251163
5191,2025-01-24,SZ.ZB_000807,云铝股份,有色金属,-2.925121
5192,2025-01-24,SZ.ZB_002207,准油股份,采掘行业,-2.9251564
5193,2025-01-24,SH.KC_300626,华瑞股份,电机,-2.9251606
5194,2025-01-24,SH.ZB_603310,巍华新材,化学原料,-2.9252555
5195,2025-01-24,SH.ZB_601949,中国出版,文化传媒,-2.9253376
5196,2025-01-27,SH.KC_301135,瑞德智能,消费电子,-2.9254498
5197,2025-01-27,SH.ZB_603638,艾迪精密,工程机械,-2.925462
5198,2025-01-24,SH.KC_300720,海川智能,仪器仪表,-2.9255471
5199,2025-01-24,SH.KC_300725,药石科技,化学制药,-2.9257185
5200,2025-01-27,SZ.ZB_002369,卓翼科技,消费电子,-2.9257886
5201,2025-01-24,SZ.ZB_000417,合百集团,商业百货,-2.9260178
5202,2025-01-27,SH.KC_688237,超卓航科,航天航空,-2.9260628
5203,2025-01-27,SH.KC_688410,山外山,医疗器械,-2.9262245
5204,2025-01-27,SH.ZB_603650,彤程新材,橡胶制品,-2.9262643
5205,2025-01-27,SH.KC_688312,燕麦科技,专用设备,-2.9263668
5206,2025-01-24,SH.KC_300694,蠡湖股份,汽车零部件,-2.9265294
5207,2025-01-27,SH.KC_300865,大宏立,专用设备,-2.9266012
5208,2025-01-27,SH.ZB_603871,嘉友国际,物流行业,-2.926631
5209,2025-01-27,SH.KC_300169,天晟新材,化学制品,-2.9266522
5210,2025-01-27,SH.ZB_600901,江苏金租,多元金融,-2.926716
5211,2025-01-27,SZ.ZB_002459,晶澳科技,光伏设备,-2.9267488
5212,2025-01-24,SH.KC_688305,科德数控,通用设备,-2.9268858
5213,2025-01-27,SH.ZB_600713,南京医药,医药商业,-2.9269125
5214,2025-01-24,SH.ZB_603013,亚普股份,汽车零部件,-2.9270296
5215,2025-01-24,SH.ZB_600096,云天化,化肥行业,-2.92709
5216,2025-01-24,SH.ZB_600229,城市传媒,文化传媒,-2.92713
5217,2025-01-27,SH.KC_688216,气派科技,半导体,-2.9273083
5218,2025-01-27,SZ.ZB_002833,弘亚数控,专用设备,-2.9274368
5219,2025-01-24,SH.KC_688501,青达环保,专用设备,-2.9275284
5220,2025-01-27,SH.KC_688100,威胜信息,通信设备,-2.9281256
5221,2025-01-27,SH.KC_300833,浩洋股份,专用设备,-2.9281588
5222,2025-01-24,SH.ZB_603638,艾迪精密,工程机械,-2.9281962
5223,2025-01-27,SZ.ZB_002438,江苏神通,通用设备,-2.9282286
5224,2025-01-27,SH.KC_300713,英可瑞,电源设备,-2.9283934
5225,2025-01-27,SH.KC_301269,华大九天,软件开发,-2.9284022
5226,2025-01-24,SH.ZB_600012,皖通高速,铁路公路,-2.9286096
5227,2025-01-27,SH.KC_300269,联建光电,互联网服务,-2.928672
5228,2025-01-24,SH.ZB_600468,百利电气,电网设备,-2.9292698
5229,2025-01-27,SZ.ZB_002068,黑猫股份,橡胶制品,-2.9293742
5230,2025-01-27,SH.KC_300275,梅安森,仪器仪表,-2.9296544
5231,2025-01-24,SH.ZB_600626,申达股份,汽车零部件,-2.9298682
5232,2025-01-27,SH.KC_300212,易华录,互联网服务,-2.929919
5233,2025-01-24,SZ.ZB_002809,红墙股份,化学制品,-2.929995
5234,2025-01-27,SZ.ZB_000779,甘咨询,工程咨询服务,-2.9301622
5235,2025-01-27,SH.KC_300198,纳川股份,装修建材,-2.9302325
5236,2025-01-27,SH.KC_300636,同和药业,化学制药,-2.9304764
5237,2025-01-24,SZ.ZB_002167,东方锆业,小金属,-2.9306135
5238,2025-01-27,SZ.ZB_002849,威星智能,仪器仪表,-2.9306467
5239,2025-01-27,SH.ZB_600685,中船防务,船舶制造,-2.93065
5240,2025-01-27,SZ.ZB_000032,深桑达Ａ,通信设备,-2.9309585
5241,2025-01-27,SZ.ZB_002094,青岛金王,美容护理,-2.9310465
5242,2025-01-24,SZ.ZB_002675,东诚药业,化学制药,-2.9311044
5243,2025-01-24,SH.KC_688262,国芯科技,半导体,-2.931177
5244,2025-01-27,SZ.ZB_002389,航天彩虹,航天航空,-2.9312043
5245,2025-01-24,SZ.ZB_000921,海信家电,家电行业,-2.9312234
5246,2025-01-27,SZ.ZB_000823,超声电子,电子元件,-2.9312263
5247,2025-01-24,SH.KC_300121,阳谷华泰,橡胶制品,-2.9312487
5248,2025-01-27,SH.KC_301197,工大科雅,软件开发,-2.9317348
5249,2025-01-27,SH.KC_688630,芯碁微装,专用设备,-2.9317715
5250,2025-01-24,SH.ZB_600415,小商品城,商业百货,-2.9318204
5251,2025-01-24,SZ.ZB_002957,科瑞技术,专用设备,-2.9318385
5252,2025-01-27,SH.KC_688063,派能科技,电池,-2.9320855
5253,2025-01-27,SH.KC_688190,云路股份,小金属,-2.932275
5254,2025-01-27,SZ.ZB_002682,龙洲股份,物流行业,-2.9323874
5255,2025-01-27,SZ.ZB_002090,金智科技,电网设备,-2.9324374
5256,2025-01-27,SH.ZB_600730,中国高科,教育,-2.9324837
5257,2025-01-27,SH.ZB_600435,北方导航,通信设备,-2.9327126
5258,2025-01-27,SZ.ZB_002988,豪美新材,有色金属,-2.932723
5259,2025-01-27,SZ.ZB_000735,罗 牛 山,农牧饲渔,-2.9328036
5260,2025-01-24,SZ.ZB_002688,金河生物,农药兽药,-2.9328585
5261,2025-01-27,SZ.ZB_002842,翔鹭钨业,小金属,-2.9329364
5262,2025-01-27,SH.KC_301289,国缆检测,专业服务,-2.9331694
5263,2025-01-27,SH.KC_301079,邵阳液压,通用设备,-2.9333467
5264,2025-01-24,SZ.ZB_000975,山金国际,贵金属,-2.933583
5265,2025-01-24,SH.KC_300959,线上线下,通信服务,-2.9336424
5266,2025-01-27,SZ.ZB_002284,亚太股份,汽车零部件,-2.9336908
5267,2025-01-27,SZ.ZB_002939,长城证券,证券,-2.9337769
5268,2025-01-27,SH.ZB_603020,爱普股份,食品饮料,-2.9337795
5269,2025-01-27,SZ.ZB_002021,中捷资源,专用设备,-2.9338217
5270,2025-01-24,SH.KC_301360,荣旗科技,专用设备,-2.934
5271,2025-01-24,SH.KC_688273,麦澜德,医疗器械,-2.934042
5272,2025-01-24,SH.ZB_600510,黑牡丹,房地产开发,-2.9341092
5273,2025-01-24,SH.ZB_600489,中金黄金,贵金属,-2.9341323
5274,2025-01-27,SH.KC_301266,宇邦新材,光伏设备,-2.9342248
5275,2025-01-24,SH.KC_300505,川金诺,化肥行业,-2.9342997
5276,2025-01-24,SH.KC_300470,中密控股,通用设备,-2.9343421
5277,2025-01-27,SH.ZB_603071,物产环能,贸易行业,-2.934407
5278,2025-01-24,SH.KC_300408,三环集团,电子元件,-2.9345315
5279,2025-01-27,SH.KC_688562,航天软件,互联网服务,-2.9345372
5280,2025-01-24,SH.KC_300048,合康新能,专用设备,-2.934556
5281,2025-01-27,SZ.ZB_000514,渝 开 发,房地产开发,-2.9348128
5282,2025-01-27,SH.ZB_603112,华翔股份,家电行业,-2.9351325
5283,2025-01-24,SH.ZB_600667,太极实业,工程建设,-2.9352157
5284,2025-01-27,SH.ZB_600735,新华锦,纺织服装,-2.93535
5285,2025-01-24,SH.KC_688289,圣湘生物,医疗器械,-2.9354713
5286,2025-01-27,SH.KC_688087,英科再生,塑料制品,-2.9355793
5287,2025-01-27,SH.KC_688409,富创精密,半导体,-2.9358206
5288,2025-01-24,SZ.ZB_002149,西部材料,小金属,-2.9359584
5289,2025-01-27,SH.KC_688396,华润微,半导体,-2.9363859
5290,2025-01-24,SH.KC_688786,悦安新材,有色金属,-2.9363997
5291,2025-01-24,SH.KC_688496,清越科技,电子元件,-2.936562
5292,2025-01-24,SH.ZB_600523,贵航股份,汽车零部件,-2.936871
5293,2025-01-24,SZ.ZB_002324,普利特,塑料制品,-2.937543
5294,2025-01-27,SH.KC_300997,欢乐家,食品饮料,-2.937553
5295,2025-01-24,SH.KC_300658,延江股份,美容护理,-2.937679
5296,2025-01-27,SH.KC_300132,青松股份,美容护理,-2.9377851
5297,2025-01-24,SH.KC_688387,信科移动-U,通信设备,-2.937837
5298,2025-01-24,SH.KC_301225,恒勃股份,汽车零部件,-2.9379072
5299,2025-01-24,SH.KC_688217,睿昂基因,医疗器械,-2.9379513
5300,2025-01-24,SH.ZB_600860,京城股份,通用设备,-2.9380262
5301,2025-01-27,SZ.ZB_002673,西部证券,证券,-2.9380836
5302,2025-01-27,SZ.ZB_002067,景兴纸业,造纸印刷,-2.938237
5303,2025-01-27,SZ.ZB_002232,启明信息,互联网服务,-2.9384208
5304,2025-01-27,SH.KC_301176,逸豪新材,电子元件,-2.9385946
5305,2025-01-27,SH.KC_300441,鲍斯股份,通用设备,-2.9389708
5306,2025-01-27,SH.KC_301538,骏鼎达,塑料制品,-2.9389777
5307,2025-01-27,SH.ZB_603757,大元泵业,通用设备,-2.939181
5308,2025-01-24,SH.KC_300395,菲利华,非金属材料,-2.9392793
5309,2025-01-27,SH.KC_301305,朗坤环境,环保行业,-2.9393873
5310,2025-01-27,SZ.ZB_001316,润贝航科,贸易行业,-2.939493
5311,2025-01-27,SH.KC_300121,阳谷华泰,橡胶制品,-2.939616
5312,2025-01-24,SZ.ZB_002085,万丰奥威,汽车零部件,-2.9397776
5313,2025-01-27,SH.KC_300253,卫宁健康,软件开发,-2.9402108
5314,2025-01-27,SH.ZB_603324,盛剑科技,环保行业,-2.9403222
5315,2025-01-27,SH.KC_300632,光莆股份,光学光电子,-2.9403322
5316,2025-01-27,SH.KC_301306,西测测试,专业服务,-2.940684
5317,2025-01-27,SH.ZB_603323,苏农银行,银行,-2.9408152
5318,2025-01-27,SZ.ZB_000729,燕京啤酒,酿酒行业,-2.9409802
5319,2025-01-24,SH.ZB_603315,福鞍股份,通用设备,-2.9412546
5320,2025-01-27,SH.KC_688280,精进电动-UW,汽车零部件,-2.9412675
5321,2025-01-27,SH.KC_300606,金太阳,通用设备,-2.941298
5322,2025-01-24,SH.ZB_603313,梦百合,装修建材,-2.9413853
5323,2025-01-27,SH.KC_300523,辰安科技,互联网服务,-2.9414685
5324,2025-01-27,SH.KC_688722,同益中,化纤行业,-2.9415169
5325,2025-01-24,SH.ZB_603100,川仪股份,仪器仪表,-2.9416108
5326,2025-01-27,SZ.ZB_000863,三湘印象,房地产开发,-2.9416275
5327,2025-01-24,SH.KC_301388,欣灵电气,电网设备,-2.941935
5328,2025-01-27,SH.ZB_601811,新华文轩,文化传媒,-2.9422383
5329,2025-01-27,SH.ZB_601098,中南传媒,文化传媒,-2.9429193
5330,2025-01-24,SH.KC_688009,中国通号,交运设备,-2.9429445
5331,2025-01-27,SH.KC_301222,浙江恒威,电池,-2.9430513
5332,2025-01-27,SH.KC_300813,泰林生物,医疗器械,-2.9433694
5333,2025-01-27,SH.KC_301198,喜悦智行,塑料制品,-2.9435408
5334,2025-01-27,SZ.ZB_002953,日丰股份,电网设备,-2.9436696
5335,2025-01-27,SH.KC_300179,四方达,通用设备,-2.9436793
5336,2025-01-24,SH.KC_301008,宏昌科技,家电行业,-2.9437091
5337,2025-01-27,SH.KC_300717,华信新材,塑料制品,-2.9437146
5338,2025-01-24,SH.KC_300989,蕾奥规划,工程咨询服务,-2.943745
5339,2025-01-24,SH.ZB_600962,国投中鲁,食品饮料,-2.9438322
5340,2025-01-24,SH.KC_688216,气派科技,半导体,-2.944235
5341,2025-01-27,SH.KC_300937,药易购,医药商业,-2.9443007
5342,2025-01-27,SZ.ZB_002185,华天科技,半导体,-2.9443388
5343,2025-01-24,SH.ZB_601838,成都银行,银行,-2.944381
5344,2025-01-24,SH.KC_300492,华图山鼎,工程咨询服务,-2.9445508
5345,2025-01-27,SH.KC_300164,通源石油,采掘行业,-2.9445994
5346,2025-01-27,SH.KC_300667,必创科技,仪器仪表,-2.944951
5347,2025-01-27,SZ.ZB_001277,速达股份,专用设备,-2.944956
5348,2025-01-24,SH.ZB_600880,博瑞传播,教育,-2.9451206
5349,2025-01-27,SH.ZB_603817,海峡环保,环保行业,-2.94526
5350,2025-01-24,SZ.ZB_002270,华明装备,电网设备,-2.9452968
5351,2025-01-24,SH.ZB_600232,金鹰股份,纺织服装,-2.9454808
5352,2025-01-27,SH.KC_688389,普门科技,医疗器械,-2.9455326
5353,2025-01-27,SH.ZB_605155,西大门,家用轻工,-2.9456396
5354,2025-01-24,SZ.ZB_002223,鱼跃医疗,医疗器械,-2.9457583
5355,2025-01-24,SZ.ZB_002774,快意电梯,专用设备,-2.945832
5356,2025-01-24,SH.ZB_601555,东吴证券,证券,-2.9460492
5357,2025-01-27,SZ.ZB_002056,横店东磁,光伏设备,-2.946219
5358,2025-01-27,SH.KC_300284,苏交科,工程咨询服务,-2.946492
5359,2025-01-24,SZ.ZB_002421,达实智能,软件开发,-2.9465137
5360,2025-01-27,SH.KC_688697,纽威数控,通用设备,-2.9465406
5361,2025-01-27,SH.KC_301367,怡和嘉业,医疗器械,-2.9465544
5362,2025-01-24,SH.ZB_600610,中毅达,化学原料,-2.9466753
5363,2025-01-24,SZ.ZB_003003,天元股份,包装材料,-2.9469185
5364,2025-01-27,SZ.ZB_002960,青鸟消防,专用设备,-2.947016
5365,2025-01-24,SH.KC_688318,财富趋势,软件开发,-2.9471383
5366,2025-01-24,SZ.ZB_002597,金禾实业,食品饮料,-2.947228
5367,2025-01-27,SH.KC_300860,锋尚文化,文化传媒,-2.9476788
5368,2025-01-27,SH.KC_300453,三鑫医疗,医疗器械,-2.9479687
5369,2025-01-24,SH.ZB_600281,华阳新材,小金属,-2.9480033
5370,2025-01-27,SZ.ZB_002920,德赛西威,汽车零部件,-2.9481082
5371,2025-01-24,SZ.ZB_003038,鑫铂股份,有色金属,-2.9482126
5372,2025-01-27,SZ.ZB_002203,海亮股份,有色金属,-2.9482129
5373,2025-01-27,SH.ZB_600754,锦江酒店,旅游酒店,-2.948284
5374,2025-01-27,SZ.ZB_001313,粤海饲料,农牧饲渔,-2.948412
5375,2025-01-24,SH.ZB_600449,宁夏建材,水泥建材,-2.9485245
5376,2025-01-24,SZ.ZB_002318,久立特材,钢铁行业,-2.948587
5377,2025-01-27,SH.KC_301297,富乐德,半导体,-2.948625
5378,2025-01-24,SH.KC_300823,建科智能,专用设备,-2.9487486
5379,2025-01-24,SH.ZB_601011,宝泰隆,煤炭行业,-2.9489017
5380,2025-01-24,SZ.ZB_003030,祖名股份,食品饮料,-2.9489748
5381,2025-01-27,SH.KC_300818,耐普矿机,专用设备,-2.9490616
5382,2025-01-24,SH.KC_300918,南山智尚,纺织服装,-2.949404
5383,2025-01-27,SH.KC_300414,中光防雷,通信设备,-2.9494529
5384,2025-01-27,SZ.ZB_002803,吉宏股份,文化传媒,-2.9494765
5385,2025-01-27,SH.ZB_603819,神力股份,电机,-2.9496188
5386,2025-01-27,SH.ZB_603327,福蓉科技,消费电子,-2.9497988
5387,2025-01-27,SZ.ZB_002027,分众传媒,文化传媒,-2.9502168
5388,2025-01-24,SZ.ZB_002036,联创电子,光学光电子,-2.9502316
5389,2025-01-24,SH.KC_301170,锡南科技,汽车零部件,-2.9502614
5390,2025-01-24,SH.KC_301552,科力装备,汽车零部件,-2.9503958
5391,2025-01-27,SH.ZB_600235,民丰特纸,造纸印刷,-2.9504397
5392,2025-01-27,SH.ZB_601825,沪农商行,银行,-2.9506109
5393,2025-01-27,SZ.ZB_002428,云南锗业,小金属,-2.9506602
5394,2025-01-24,SH.KC_300995,奇德新材,塑料制品,-2.9506798
5395,2025-01-24,SH.ZB_603165,荣晟环保,造纸印刷,-2.9511416
5396,2025-01-27,SH.KC_300027,华谊兄弟,文化传媒,-2.951251
5397,2025-01-24,SH.KC_688526,科前生物,农药兽药,-2.9513834
5398,2025-01-27,SH.KC_300236,上海新阳,电子化学品,-2.9515145
5399,2025-01-27,SH.KC_300293,蓝英装备,专用设备,-2.9519904
5400,2025-01-24,SZ.ZB_002489,浙江永强,家用轻工,-2.9520135
5401,2025-01-24,SH.KC_300225,金力泰,化学制品,-2.9520626
5402,2025-01-24,SZ.ZB_000528,柳    工,工程机械,-2.9521446
5403,2025-01-27,SH.ZB_600941,中国移动,通信服务,-2.9526076
5404,2025-01-27,SH.KC_301008,宏昌科技,家电行业,-2.952836
5405,2025-01-27,SH.ZB_603170,宝立食品,食品饮料,-2.9531302
5406,2025-01-24,SZ.ZB_002247,聚力文化,装修装饰,-2.9531758
5407,2025-01-24,SZ.ZB_000719,中原传媒,文化传媒,-2.953178
5408,2025-01-27,SZ.ZB_002571,德力股份,家用轻工,-2.9534736
5409,2025-01-24,SZ.ZB_002828,贝肯能源,采掘行业,-2.9534793
5410,2025-01-24,SZ.ZB_000716,黑芝麻,食品饮料,-2.9535162
5411,2025-01-27,SH.KC_301156,美农生物,农牧饲渔,-2.953552
5412,2025-01-27,SH.ZB_603655,朗博科技,汽车零部件,-2.9540117
5413,2025-01-24,SH.ZB_603122,合富中国,医药商业,-2.9541156
5414,2025-01-27,SH.ZB_600909,华安证券,证券,-2.9541607
5415,2025-01-24,SH.KC_300513,恒实科技,通信服务,-2.9541981
5416,2025-01-27,SZ.ZB_002391,长青股份,农药兽药,-2.9542944
5417,2025-01-24,SH.KC_300484,蓝海华腾,专用设备,-2.9543471
5418,2025-01-27,SH.KC_688193,仁度生物,生物制品,-2.9545665
5419,2025-01-27,SZ.ZB_002739,万达电影,文化传媒,-2.9546094
5420,2025-01-27,SH.ZB_600979,广安爱众,电力行业,-2.9548597
5421,2025-01-27,SH.KC_688098,申联生物,农药兽药,-2.9550738
5422,2025-01-27,SZ.ZB_002207,准油股份,采掘行业,-2.955279
5423,2025-01-24,SH.KC_300833,浩洋股份,专用设备,-2.9553115
5424,2025-01-27,SH.KC_688299,长阳科技,光学光电子,-2.9555604
5425,2025-01-27,SH.ZB_603843,正平股份,工程建设,-2.955724
5426,2025-01-27,SZ.ZB_002597,金禾实业,食品饮料,-2.9561825
5427,2025-01-24,SZ.ZB_002971,和远气体,化学制品,-2.9563193
5428,2025-01-27,SZ.ZB_002957,科瑞技术,专用设备,-2.9564915
5429,2025-01-27,SZ.ZB_002946,新乳业,食品饮料,-2.9568412
5430,2025-01-27,SH.KC_300725,药石科技,化学制药,-2.9570754
5431,2025-01-27,SZ.ZB_002653,海思科,化学制药,-2.957101
5432,2025-01-24,SZ.ZB_002218,拓日新能,光伏设备,-2.9574256
5433,2025-01-27,SZ.ZB_002933,新兴装备,航天航空,-2.9574628
5434,2025-01-24,SZ.ZB_002084,海鸥住工,装修装饰,-2.9575958
5435,2025-01-27,SH.ZB_601567,三星医疗,电网设备,-2.9576263
5436,2025-01-24,SH.KC_301020,密封科技,汽车零部件,-2.9576616
5437,2025-01-24,SZ.ZB_002357,富临运业,铁路公路,-2.9577065
5438,2025-01-27,SH.KC_300346,南大光电,电子化学品,-2.957872
5439,2025-01-27,SH.ZB_605028,世茂能源,电力行业,-2.957893
5440,2025-01-27,SZ.ZB_002201,正威新材,玻璃玻纤,-2.9579163
5441,2025-01-24,SH.ZB_605028,世茂能源,电力行业,-2.9582357
5442,2025-01-27,SH.ZB_603628,清源股份,光伏设备,-2.958433
5443,2025-01-24,SH.ZB_605598,上海港湾,工程建设,-2.9585314
5444,2025-01-24,SZ.ZB_002322,理工能科,软件开发,-2.9587684
5445,2025-01-27,SZ.ZB_002668,TCL智家,家电行业,-2.958989
5446,2025-01-27,SZ.ZB_002978,安宁股份,有色金属,-2.9589891
5447,2025-01-24,SH.KC_301307,美利信,通信设备,-2.9591267
5448,2025-01-27,SH.KC_300931,通用电梯,专用设备,-2.9591277
5449,2025-01-27,SH.ZB_600649,城投控股,房地产开发,-2.959196
5450,2025-01-27,SZ.ZB_002574,明牌珠宝,珠宝首饰,-2.9593778
5451,2025-01-24,SH.KC_301189,奥尼电子,通信设备,-2.9594026
5452,2025-01-27,SH.KC_301358,湖南裕能,电池,-2.959471
5453,2025-01-24,SH.ZB_601600,中国铝业,有色金属,-2.9596398
5454,2025-01-27,SZ.ZB_001979,招商蛇口,房地产开发,-2.9602191
5455,2025-01-24,SH.ZB_600285,羚锐制药,中药,-2.9602349
5456,2025-01-24,SH.KC_300540,蜀道装备,专用设备,-2.960315
5457,2025-01-24,SH.ZB_603810,丰山集团,农药兽药,-2.9608355
5458,2025-01-27,SH.ZB_603008,喜临门,装修建材,-2.9609423
5459,2025-01-27,SH.ZB_603680,今创集团,交运设备,-2.9613235
5460,2025-01-27,SH.KC_688211,中科微至,物流行业,-2.961419
5461,2025-01-24,SH.KC_688357,建龙微纳,非金属材料,-2.9616063
5462,2025-01-27,SH.KC_300145,中金环境,通用设备,-2.9617171
5463,2025-01-27,SH.KC_688201,信安世纪,软件开发,-2.9619527
5464,2025-01-27,SH.ZB_600744,华银电力,电力行业,-2.9622798
5465,2025-01-24,SH.ZB_600810,神马股份,化纤行业,-2.9626877
5466,2025-01-27,SZ.ZB_002749,国光股份,农药兽药,-2.9628143
5467,2025-01-24,SH.ZB_600996,贵广网络,文化传媒,-2.9628413
5468,2025-01-24,SH.KC_300920,润阳科技,塑料制品,-2.9629881
5469,2025-01-24,SZ.ZB_002155,湖南黄金,贵金属,-2.9630153
5470,2025-01-24,SZ.ZB_002836,新宏泽,造纸印刷,-2.9630785
5471,2025-01-27,SH.KC_300960,通业科技,交运设备,-2.963351
5472,2025-01-27,SH.KC_300018,中元股份,电网设备,-2.9634557
5473,2025-01-24,SH.KC_688552,航天南湖,通信设备,-2.9635172
5474,2025-01-27,SH.KC_300909,汇创达,光学光电子,-2.9635324
5475,2025-01-24,SH.ZB_603966,法兰泰克,专用设备,-2.9636803
5476,2025-01-27,SZ.ZB_002171,楚江新材,有色金属,-2.9636812
5477,2025-01-24,SH.KC_301046,能辉科技,光伏设备,-2.9641955
5478,2025-01-27,SH.ZB_600729,重庆百货,商业百货,-2.9642189
5479,2025-01-24,SZ.ZB_000823,超声电子,电子元件,-2.9644742
5480,2025-01-24,SH.ZB_600499,科达制造,专用设备,-2.9646769
5481,2025-01-27,SH.KC_300966,共同药业,化学制药,-2.9647667
5482,2025-01-27,SH.KC_688261,东微半导,半导体,-2.9648201
5483,2025-01-27,SH.KC_300317,珈伟新能,光伏设备,-2.964951
5484,2025-01-27,SZ.ZB_001210,金房能源,公用事业,-2.9651134
5485,2025-01-24,SZ.ZB_002269,美邦服饰,纺织服装,-2.9652417
5486,2025-01-27,SZ.ZB_002871,伟隆股份,通用设备,-2.9653537
5487,2025-01-24,SH.KC_300893,松原股份,汽车零部件,-2.9654322
5488,2025-01-24,SH.ZB_600861,北京人力,专业服务,-2.9655423
5489,2025-01-24,SZ.ZB_001218,丽臣实业,化学制品,-2.9656355
5490,2025-01-24,SZ.ZB_002391,长青股份,农药兽药,-2.9660015
5491,2025-01-24,SH.ZB_603718,海利生物,农药兽药,-2.9661546
5492,2025-01-24,SH.ZB_600007,中国国贸,房地产开发,-2.9664998
5493,2025-01-24,SH.KC_300686,智动力,消费电子,-2.966527
5494,2025-01-27,SH.KC_300238,冠昊生物,医疗器械,-2.9665525
5495,2025-01-24,SH.ZB_603602,纵横通信,通信服务,-2.9666429
5496,2025-01-27,SH.KC_300616,尚品宅配,装修建材,-2.9666836
5497,2025-01-27,SH.KC_301051,信濠光电,玻璃玻纤,-2.966698
5498,2025-01-27,SH.ZB_600000,浦发银行,银行,-2.9670765
5499,2025-01-27,SH.ZB_600455,博通股份,教育,-2.967817
5500,2025-01-24,SZ.ZB_002988,豪美新材,有色金属,-2.9678702
5501,2025-01-27,SZ.ZB_002395,双象股份,塑料制品,-2.9679704
5502,2025-01-27,SH.KC_300475,香农芯创,电子元件,-2.9681418
5503,2025-01-27,SH.KC_300880,迦南智能,电网设备,-2.9682336
5504,2025-01-27,SH.ZB_600691,阳煤化工,化肥行业,-2.9683313
5505,2025-01-24,SH.KC_300280,紫天科技,文化传媒,-2.9683394
5506,2025-01-27,SH.ZB_603122,合富中国,医药商业,-2.968477
5507,2025-01-24,SH.KC_300052,中青宝,游戏,-2.9685974
5508,2025-01-27,SH.ZB_600609,金杯汽车,汽车零部件,-2.9686081
5509,2025-01-24,SH.KC_688006,杭可科技,电池,-2.9686456
5510,2025-01-27,SH.ZB_600864,哈投股份,证券,-2.9687285
5511,2025-01-27,SH.ZB_603338,浙江鼎力,工程机械,-2.9687638
5512,2025-01-24,SZ.ZB_001379,腾达科技,通用设备,-2.9687834
5513,2025-01-24,SH.KC_688002,睿创微纳,半导体,-2.9688272
5514,2025-01-27,SH.ZB_600415,小商品城,商业百货,-2.9689395
5515,2025-01-27,SH.ZB_603906,龙蟠科技,电池,-2.9689436
5516,2025-01-27,SH.ZB_600552,凯盛科技,光学光电子,-2.9690096
5517,2025-01-24,SZ.ZB_002283,天润工业,汽车零部件,-2.9692671
5518,2025-01-24,SH.KC_300599,雄塑科技,装修建材,-2.9694853
5519,2025-01-24,SH.ZB_603333,尚纬股份,电网设备,-2.9695415
5520,2025-01-27,SH.ZB_600354,敦煌种业,农牧饲渔,-2.9697943
5521,2025-01-24,SH.KC_688722,同益中,化纤行业,-2.9700239
5522,2025-01-27,SH.ZB_600488,津药药业,化学制药,-2.9701197
5523,2025-01-24,SH.KC_301133,金钟股份,汽车零部件,-2.9701986
5524,2025-01-27,SH.KC_688513,苑东生物,化学制药,-2.9703743
5525,2025-01-24,SH.ZB_600522,中天科技,通信设备,-2.9705844
5526,2025-01-24,SZ.ZB_001260,坤泰股份,汽车零部件,-2.9706712
5527,2025-01-24,SH.ZB_603680,今创集团,交运设备,-2.9707642
5528,2025-01-24,SH.ZB_603359,东珠生态,环保行业,-2.970885
5529,2025-01-24,SH.ZB_603385,惠达卫浴,装修装饰,-2.9711425
5530,2025-01-27,SH.ZB_603179,新泉股份,汽车零部件,-2.971161
5531,2025-01-27,SH.ZB_603075,热威股份,家电行业,-2.9712932
5532,2025-01-24,SH.ZB_600754,锦江酒店,旅游酒店,-2.9713821
5533,2025-01-27,SZ.ZB_000852,石化机械,专用设备,-2.9715545
5534,2025-01-27,SZ.ZB_002889,东方嘉盛,物流行业,-2.9716463
5535,2025-01-27,SZ.ZB_002136,安 纳 达,化学原料,-2.9721642
5536,2025-01-24,SH.ZB_605499,东鹏饮料,食品饮料,-2.9725666
5537,2025-01-24,SH.ZB_600571,信雅达,互联网服务,-2.9726098
5538,2025-01-27,SH.KC_300067,安诺其,化学制品,-2.9729874
5539,2025-01-27,SZ.ZB_002731,萃华珠宝,珠宝首饰,-2.9730253
5540,2025-01-27,SH.ZB_603558,健盛集团,纺织服装,-2.9732008
5541,2025-01-27,SZ.ZB_000753,漳州发展,汽车服务,-2.9732428
5542,2025-01-24,SZ.ZB_000810,创维数字,通信设备,-2.973374
5543,2025-01-24,SH.KC_300964,本川智能,电子元件,-2.9734855
5544,2025-01-27,SH.KC_688345,博力威,电池,-2.9735475
5545,2025-01-24,SH.KC_300151,昌红科技,专用设备,-2.9735935
5546,2025-01-27,SH.KC_300340,科恒股份,电池,-2.9738107
5547,2025-01-27,SH.ZB_601600,中国铝业,有色金属,-2.9743838
5548,2025-01-27,SH.KC_688739,成大生物,生物制品,-2.974388
5549,2025-01-24,SH.KC_300745,欣锐科技,汽车零部件,-2.9746397
5550,2025-01-27,SH.KC_300044,赛为智能,互联网服务,-2.974658
5551,2025-01-24,SZ.ZB_000712,锦龙股份,证券,-2.974814
5552,2025-01-27,SH.ZB_603328,依顿电子,电子元件,-2.9749224
5553,2025-01-27,SH.KC_300891,惠云钛业,化学原料,-2.9751747
5554,2025-01-27,SZ.ZB_002521,齐峰新材,造纸印刷,-2.9753487
5555,2025-01-27,SH.ZB_603681,永冠新材,化学制品,-2.9754047
5556,2025-01-27,SH.ZB_603197,保隆科技,汽车零部件,-2.975575
5557,2025-01-27,SH.KC_300107,建新股份,化学制品,-2.9755778
5558,2025-01-27,SH.KC_300626,华瑞股份,电机,-2.975581
5559,2025-01-24,SZ.ZB_002655,共达电声,消费电子,-2.9756324
5560,2025-01-27,SH.KC_688002,睿创微纳,半导体,-2.9760256
5561,2025-01-24,SH.ZB_603992,松霖科技,装修建材,-2.976383
5562,2025-01-24,SZ.ZB_000686,东北证券,证券,-2.976396
5563,2025-01-27,SH.KC_688699,明微电子,半导体,-2.9764392
5564,2025-01-27,SH.KC_300596,利安隆,塑料制品,-2.9765422
5565,2025-01-27,SH.ZB_603277,银都股份,通用设备,-2.9767616
5566,2025-01-27,SH.ZB_605598,上海港湾,工程建设,-2.9767642
5567,2025-01-24,SZ.ZB_002134,天津普林,电子元件,-2.9768155
5568,2025-01-27,SH.ZB_603610,麒盛科技,装修建材,-2.9770525
5569,2025-01-24,SZ.ZB_000541,佛山照明,家电行业,-2.9771936
5570,2025-01-24,SZ.ZB_002452,长高电新,电网设备,-2.9773738
5571,2025-01-24,SH.ZB_603843,正平股份,工程建设,-2.9775558
5572,2025-01-24,SZ.ZB_002105,信隆健康,交运设备,-2.9776466
5573,2025-01-27,SH.ZB_600319,亚星化学,化学原料,-2.9777837
5574,2025-01-24,SZ.ZB_000819,岳阳兴长,石油行业,-2.978167
5575,2025-01-27,SZ.ZB_000417,合百集团,商业百货,-2.9782047
5576,2025-01-24,SH.ZB_600808,马钢股份,钢铁行业,-2.978292
5577,2025-01-24,SH.ZB_603223,恒通股份,物流行业,-2.978359
5578,2025-01-27,SH.ZB_603181,皇马科技,塑料制品,-2.9783604
5579,2025-01-27,SZ.ZB_002437,誉衡药业,化学制药,-2.9783835
5580,2025-01-24,SH.KC_300542,新晨科技,软件开发,-2.9783874
5581,2025-01-24,SZ.ZB_002410,广联达,软件开发,-2.9786026
5582,2025-01-24,SH.KC_688737,中自科技,化学制品,-2.9786344
5583,2025-01-27,SZ.ZB_002993,奥海科技,消费电子,-2.978725
5584,2025-01-24,SH.KC_300778,新城市,工程咨询服务,-2.9788618
5585,2025-01-27,SH.KC_300051,琏升科技,光伏设备,-2.9789023
5586,2025-01-24,SH.ZB_600382,广东明珠,钢铁行业,-2.9794018
5587,2025-01-24,SH.ZB_600590,泰豪科技,电网设备,-2.979455
5588,2025-01-24,SH.KC_300755,华致酒行,贸易行业,-2.979739
5589,2025-01-24,SH.ZB_600654,中安科,软件开发,-2.9797502
5590,2025-01-27,SH.ZB_600824,益民集团,商业百货,-2.9797814
5591,2025-01-24,SH.ZB_603022,新通联,包装材料,-2.9797857
5592,2025-01-27,SH.KC_300578,会畅通讯,通信服务,-2.9798121
5593,2025-01-27,SH.KC_301314,科瑞思,通信设备,-2.9799435
5594,2025-01-24,SH.KC_300036,超图软件,软件开发,-2.980087
5595,2025-01-27,SZ.ZB_000838,财信发展,房地产开发,-2.9802747
5596,2025-01-24,SH.ZB_605259,绿田机械,通用设备,-2.980527
5597,2025-01-27,SH.KC_300597,吉大通信,通信服务,-2.9806004
5598,2025-01-27,SZ.ZB_001287,中电港,贸易行业,-2.9806457
5599,2025-01-24,SH.KC_300475,香农芯创,电子元件,-2.9809184
5600,2025-01-24,SH.KC_688249,晶合集成,半导体,-2.981151
5601,2025-01-24,SZ.ZB_002248,华东数控,通用设备,-2.9812157
5602,2025-01-27,SH.KC_300831,派瑞股份,半导体,-2.9816365
5603,2025-01-27,SH.ZB_603073,彩蝶实业,纺织服装,-2.9816647
5604,2025-01-27,SH.KC_688403,汇成股份,半导体,-2.9816773
5605,2025-01-27,SH.KC_300778,新城市,工程咨询服务,-2.9817605
5606,2025-01-27,SH.ZB_603999,读者传媒,文化传媒,-2.9818294
5607,2025-01-27,SZ.ZB_002661,克明食品,食品饮料,-2.9818957
5608,2025-01-24,SZ.ZB_000703,恒逸石化,化纤行业,-2.9820485
5609,2025-01-27,SH.ZB_600967,内蒙一机,交运设备,-2.982627
5610,2025-01-27,SH.ZB_600117,西宁特钢,钢铁行业,-2.9827092
5611,2025-01-24,SH.ZB_605189,富春染织,纺织服装,-2.9828258
5612,2025-01-27,SH.ZB_600830,香溢融通,多元金融,-2.9829557
5613,2025-01-27,SH.KC_301057,汇隆新材,化纤行业,-2.9829662
5614,2025-01-27,SH.KC_300228,富瑞特装,专用设备,-2.9830246
5615,2025-01-24,SH.KC_300523,辰安科技,互联网服务,-2.9830868
5616,2025-01-27,SZ.ZB_000725,京东方Ａ,光学光电子,-2.9834647
5617,2025-01-27,SH.KC_688378,奥来德,专用设备,-2.9834983
5618,2025-01-27,SH.KC_301190,善水科技,化学制品,-2.983516
5619,2025-01-24,SZ.ZB_002877,智能自控,仪器仪表,-2.9835522
5620,2025-01-24,SH.KC_688011,新光光电,光学光电子,-2.9836316
5621,2025-01-24,SH.KC_301337,亚华电子,软件开发,-2.9840024
5622,2025-01-24,SH.ZB_600163,中闽能源,电力行业,-2.9842484
5623,2025-01-24,SH.ZB_603993,洛阳钼业,小金属,-2.984669
5624,2025-01-27,SH.ZB_603903,中持股份,环保行业,-2.9847217
5625,2025-01-24,SH.KC_300213,佳讯飞鸿,通信设备,-2.984876
5626,2025-01-27,SZ.ZB_003005,竞业达,互联网服务,-2.9849668
5627,2025-01-27,SZ.ZB_002595,豪迈科技,专用设备,-2.9849696
5628,2025-01-27,SZ.ZB_002506,协鑫集成,光伏设备,-2.985019
5629,2025-01-27,SZ.ZB_002769,普路通,物流行业,-2.985058
5630,2025-01-27,SZ.ZB_001259,利仁科技,家电行业,-2.9851186
5631,2025-01-27,SH.ZB_601089,福元医药,化学制药,-2.9851243
5632,2025-01-27,SH.ZB_600547,山东黄金,贵金属,-2.985228
5633,2025-01-27,SH.KC_688468,科美诊断,医疗器械,-2.9853747
5634,2025-01-24,SZ.ZB_001202,炬申股份,物流行业,-2.9853995
5635,2025-01-27,SZ.ZB_002644,佛慈制药,中药,-2.9853997
5636,2025-01-27,SZ.ZB_002913,奥士康,电子元件,-2.9854016
5637,2025-01-24,SH.ZB_600408,安泰集团,煤炭行业,-2.9855292
5638,2025-01-27,SH.ZB_600482,中国动力,船舶制造,-2.9857304
5639,2025-01-27,SH.ZB_603225,新凤鸣,化纤行业,-2.9860587
5640,2025-01-27,SH.ZB_603316,诚邦股份,工程建设,-2.9860806
5641,2025-01-24,SH.KC_300079,数码视讯,互联网服务,-2.9861088
5642,2025-01-24,SH.KC_688553,汇宇制药-W,化学制药,-2.9861472
5643,2025-01-27,SZ.ZB_002616,长青集团,电力行业,-2.986281
5644,2025-01-24,SZ.ZB_000963,华东医药,化学制药,-2.9863396
5645,2025-01-24,SH.KC_301043,绿岛风,专用设备,-2.9863615
5646,2025-01-27,SZ.ZB_002328,新朋股份,汽车零部件,-2.986834
5647,2025-01-24,SH.ZB_600358,国旅联合,互联网服务,-2.9869335
5648,2025-01-24,SZ.ZB_001209,洪兴股份,纺织服装,-2.9870086
5649,2025-01-24,SH.ZB_603909,建发合诚,工程咨询服务,-2.9870305
5650,2025-01-27,SH.ZB_600272,开开实业,医药商业,-2.9872098
5651,2025-01-27,SH.KC_688035,德邦科技,电子元件,-2.9872487
5652,2025-01-27,SH.KC_301105,鸿铭股份,专用设备,-2.987346
5653,2025-01-27,SH.KC_300246,宝莱特,医疗器械,-2.9875946
5654,2025-01-24,SH.ZB_601601,中国太保,保险,-2.987661
5655,2025-01-24,SH.ZB_605318,法狮龙,装修装饰,-2.9876828
5656,2025-01-27,SH.KC_300628,亿联网络,通信设备,-2.9876864
5657,2025-01-27,SH.KC_300907,康平科技,电机,-2.9877925
5658,2025-01-27,SH.ZB_600239,云南城投,房地产服务,-2.987922
5659,2025-01-27,SZ.ZB_002375,亚厦股份,装修装饰,-2.9880362
5660,2025-01-24,SH.KC_688175,高凌信息,通信设备,-2.988041
5661,2025-01-27,SH.KC_688370,丛麟科技,环保行业,-2.9882362
5662,2025-01-27,SH.ZB_600612,老凤祥,珠宝首饰,-2.9884124
5663,2025-01-27,SH.KC_300640,德艺文创,家用轻工,-2.9885414
5664,2025-01-27,SH.KC_688719,爱科赛博,电源设备,-2.988573
5665,2025-01-24,SH.ZB_603266,天龙股份,塑料制品,-2.9886792
5666,2025-01-27,SH.ZB_601377,兴业证券,证券,-2.9888382
5667,2025-01-27,SH.ZB_603927,中科软,软件开发,-2.988914
5668,2025-01-27,SH.ZB_603230,内蒙新华,文化传媒,-2.9891467
5669,2025-01-27,SH.ZB_601992,金隅集团,水泥建材,-2.9891634
5670,2025-01-24,SH.KC_301013,利和兴,专用设备,-2.989277
5671,2025-01-27,SH.KC_300532,今天国际,互联网服务,-2.9896877
5672,2025-01-27,SH.KC_300052,中青宝,游戏,-2.9897463
5673,2025-01-24,SH.ZB_603008,喜临门,装修建材,-2.9899578
5674,2025-01-27,SH.ZB_600581,八一钢铁,钢铁行业,-2.9901192
5675,2025-01-27,SH.KC_301167,建研设计,工程咨询服务,-2.9902985
5676,2025-01-27,SH.KC_688625,呈和科技,化学制品,-2.990426
5677,2025-01-27,SH.KC_300936,中英科技,电子元件,-2.9907265
5678,2025-01-27,SH.KC_300690,双一科技,风电设备,-2.9908183
5679,2025-01-24,SZ.ZB_003011,海象新材,塑料制品,-2.991056
5680,2025-01-24,SH.KC_300951,博硕科技,消费电子,-2.9913847
5681,2025-01-24,SZ.ZB_003019,宸展光电,光学光电子,-2.9915423
5682,2025-01-27,SH.ZB_600714,金瑞矿业,化学原料,-2.9920475
5683,2025-01-27,SZ.ZB_002969,嘉美包装,包装材料,-2.9920514
5684,2025-01-24,SH.KC_688665,四方光电,仪器仪表,-2.992344
5685,2025-01-27,SH.KC_300373,扬杰科技,半导体,-2.992383
5686,2025-01-27,SH.KC_300218,安利股份,塑料制品,-2.9928663
5687,2025-01-27,SH.KC_300398,飞凯材料,电子化学品,-2.9928954
5688,2025-01-27,SH.ZB_605337,李子园,食品饮料,-2.992907
5689,2025-01-24,SH.ZB_603199,九华旅游,旅游酒店,-2.992982
5690,2025-01-27,SH.ZB_603219,富佳股份,家电行业,-2.9930754
5691,2025-01-24,SH.KC_688689,银河微电,半导体,-2.9933944
5692,2025-01-24,SH.KC_300111,向日葵,化学制药,-2.9934332
5693,2025-01-27,SH.KC_300114,中航电测,航天航空,-2.993806
5694,2025-01-24,SZ.ZB_002831,裕同科技,造纸印刷,-2.9939528
5695,2025-01-24,SH.KC_688516,奥特维,光伏设备,-2.9940434
5696,2025-01-24,SZ.ZB_002838,道恩股份,塑料制品,-2.9943428
5697,2025-01-27,SZ.ZB_002380,科远智慧,互联网服务,-2.994799
5698,2025-01-24,SH.ZB_601377,兴业证券,证券,-2.994816
5699,2025-01-24,SH.ZB_600980,北矿科技,小金属,-2.9949822
5700,2025-01-27,SH.ZB_600894,广日股份,专用设备,-2.9950807
5701,2025-01-24,SZ.ZB_000089,深圳机场,航空机场,-2.995115
5702,2025-01-24,SH.KC_300112,万讯自控,仪器仪表,-2.9951186
5703,2025-01-24,SH.KC_300666,江丰电子,半导体,-2.9952178
5704,2025-01-27,SH.KC_688581,安杰思,医疗器械,-2.995236
5705,2025-01-27,SZ.ZB_002174,游族网络,游戏,-2.9953542
5706,2025-01-24,SH.KC_300316,晶盛机电,光伏设备,-2.9953885
5707,2025-01-24,SH.ZB_603161,科华控股,汽车零部件,-2.9954584
5708,2025-01-24,SZ.ZB_002991,甘源食品,食品饮料,-2.9959166
5709,2025-01-24,SH.ZB_600131,国网信通,互联网服务,-2.9960032
5710,2025-01-24,SH.KC_301489,思泉新材,消费电子,-2.9961329
5711,2025-01-24,SH.ZB_600106,重庆路桥,铁路公路,-2.9962158
5712,2025-01-27,SH.ZB_605567,春雪食品,食品饮料,-2.9965885
5713,2025-01-27,SZ.ZB_003038,鑫铂股份,有色金属,-2.9967413
5714,2025-01-27,SH.KC_300513,恒实科技,通信服务,-2.996807
5715,2025-01-27,SH.KC_300411,金盾股份,专用设备,-2.9969766
5716,2025-01-27,SZ.ZB_000733,振华科技,电子元件,-2.9970133
5717,2025-01-27,SH.KC_688262,国芯科技,半导体,-2.99712
5718,2025-01-27,SH.KC_688484,南芯科技,半导体,-2.99733
5719,2025-01-27,SH.KC_301359,东南电子,电子元件,-2.9973397
5720,2025-01-24,SZ.ZB_002607,中公教育,教育,-2.9975572
5721,2025-01-24,SH.KC_301132,满坤科技,电子元件,-2.9976237
5722,2025-01-24,SH.KC_301155,海力风电,风电设备,-2.9977598
5723,2025-01-24,SH.KC_300604,长川科技,半导体,-2.9979067
5724,2025-01-27,SH.KC_300724,捷佳伟创,光伏设备,-2.9979193
5725,2025-01-24,SH.KC_300576,容大感光,电子化学品,-2.998082
5726,2025-01-24,SH.ZB_603159,上海亚虹,专用设备,-2.9980927
5727,2025-01-27,SZ.ZB_002524,光正眼科,医疗服务,-2.9983737
5728,2025-01-24,SH.KC_300136,信维通信,消费电子,-2.9987228
5729,2025-01-24,SH.ZB_600630,龙头股份,纺织服装,-2.998894
5730,2025-01-24,SH.KC_300819,聚杰微纤,纺织服装,-2.998965
5731,2025-01-24,SH.ZB_603656,泰禾智能,专用设备,-2.9991086
5732,2025-01-27,SH.KC_688256,寒武纪-U,半导体,-2.999549
5733,2025-01-24,SH.KC_301129,瑞纳智能,仪器仪表,-2.9997876
5734,2025-01-27,SH.KC_688680,海优新材,光伏设备,-2.9998047
5735,2025-01-27,SH.ZB_605255,天普股份,汽车零部件,-2.9998384
5736,2025-01-27,SH.ZB_600977,中国电影,文化传媒,-2.999932
5737,2025-01-24,SH.KC_300751,迈为股份,光伏设备,-2.9999542
5738,2025-01-27,SH.ZB_600099,林海股份,交运设备,-3.0003943
5739,2025-01-24,SH.ZB_600386,北巴传媒,汽车服务,-3.000959
5740,2025-01-27,SH.ZB_603979,金诚信,采掘行业,-3.0009656
5741,2025-01-27,SH.ZB_603078,江化微,电子化学品,-3.0009837
5742,2025-01-27,SH.KC_688116,天奈科技,化学制品,-3.0010886
5743,2025-01-24,SH.ZB_600379,宝光股份,电网设备,-3.0011334
5744,2025-01-27,SH.ZB_600562,国睿科技,通信设备,-3.0012474
5745,2025-01-24,SZ.ZB_000657,中钨高新,小金属,-3.001263
5746,2025-01-24,SH.KC_300682,朗新集团,软件开发,-3.0013382
5747,2025-01-24,SZ.ZB_002669,康达新材,化学制品,-3.0015192
5748,2025-01-27,SZ.ZB_000543,皖能电力,电力行业,-3.001546
5749,2025-01-24,SH.KC_300305,裕兴股份,光伏设备,-3.0016217
5750,2025-01-24,SH.ZB_600212,绿能慧充,电力行业,-3.0016932
5751,2025-01-24,SZ.ZB_000995,皇台酒业,酿酒行业,-3.0017445
5752,2025-01-27,SZ.ZB_000598,兴蓉环境,公用事业,-3.002078
5753,2025-01-27,SH.KC_300031,宝通科技,游戏,-3.0020971
5754,2025-01-24,SZ.ZB_002429,兆驰股份,家电行业,-3.0021024
5755,2025-01-24,SH.ZB_603326,我乐家居,装修建材,-3.0022252
5756,2025-01-27,SH.KC_301258,富士莱,化学制药,-3.0023565
5757,2025-01-24,SZ.ZB_002963,豪尔赛,装修装饰,-3.0027122
5758,2025-01-24,SH.ZB_603172,万丰股份,化学原料,-3.0027146
5759,2025-01-24,SH.ZB_600138,中青旅,旅游酒店,-3.0027146
5760,2025-01-27,SZ.ZB_000958,电投产融,电力行业,-3.0028682
5761,2025-01-24,SH.KC_300351,永贵电器,交运设备,-3.0030234
5762,2025-01-27,SZ.ZB_000810,创维数字,通信设备,-3.0032077
5763,2025-01-27,SH.ZB_603556,海兴电力,电网设备,-3.0033448
5764,2025-01-24,SH.ZB_603900,莱绅通灵,珠宝首饰,-3.003627
5765,2025-01-27,SH.KC_300950,德固特,专用设备,-3.003989
5766,2025-01-24,SZ.ZB_002574,明牌珠宝,珠宝首饰,-3.0040135
5767,2025-01-24,SH.KC_300220,金运激光,电子元件,-3.0041509
5768,2025-01-27,SH.ZB_600533,栖霞建设,房地产开发,-3.0043309
5769,2025-01-24,SH.KC_300610,晨化股份,塑料制品,-3.0043478
5770,2025-01-27,SH.ZB_603607,京华激光,造纸印刷,-3.0045588
5771,2025-01-27,SH.KC_300759,康龙化成,医疗服务,-3.0046792
5772,2025-01-24,SH.KC_301127,天源环保,环保行业,-3.0047543
5773,2025-01-27,SH.KC_301330,熵基科技,软件开发,-3.0048845
5774,2025-01-27,SH.KC_300881,盛德鑫泰,钢铁行业,-3.0049448
5775,2025-01-27,SH.KC_300225,金力泰,化学制品,-3.0051286
5776,2025-01-24,SZ.ZB_001266,宏英智能,仪器仪表,-3.0051417
5777,2025-01-24,SH.ZB_603105,芯能科技,光伏设备,-3.0054922
5778,2025-01-27,SH.ZB_600522,中天科技,通信设备,-3.0057993
5779,2025-01-24,SH.ZB_600293,三峡新材,玻璃玻纤,-3.005888
5780,2025-01-27,SH.KC_300658,延江股份,美容护理,-3.006025
5781,2025-01-27,SH.KC_300838,浙江力诺,仪器仪表,-3.00605
5782,2025-01-27,SH.ZB_603173,福斯达,通用设备,-3.0061817
5783,2025-01-24,SZ.ZB_002238,天威视讯,文化传媒,-3.0062513
5784,2025-01-27,SH.ZB_603359,东珠生态,环保行业,-3.006314
5785,2025-01-27,SH.KC_300888,稳健医疗,美容护理,-3.0063956
5786,2025-01-27,SH.ZB_601827,三峰环境,环保行业,-3.0065064
5787,2025-01-24,SZ.ZB_000016,深康佳Ａ,家电行业,-3.0065944
5788,2025-01-24,SH.ZB_601318,中国平安,保险,-3.0067215
5789,2025-01-27,SZ.ZB_002885,京泉华,消费电子,-3.0067377
5790,2025-01-27,SH.KC_301179,泽宇智能,软件开发,-3.0067863
5791,2025-01-24,SH.KC_300598,诚迈科技,软件开发,-3.006859
5792,2025-01-24,SH.ZB_603093,南华期货,多元金融,-3.0068834
5793,2025-01-24,SH.ZB_601319,中国人保,保险,-3.0069032
5794,2025-01-24,SZ.ZB_002960,青鸟消防,专用设备,-3.0069275
5795,2025-01-24,SZ.ZB_000779,甘咨询,工程咨询服务,-3.0070019
5796,2025-01-27,SZ.ZB_002868,绿康生化,农药兽药,-3.0074005
5797,2025-01-24,SH.ZB_600350,山东高速,铁路公路,-3.0075293
5798,2025-01-24,SH.KC_688302,海创药业-U,生物制品,-3.007596
5799,2025-01-27,SZ.ZB_002903,宇环数控,通用设备,-3.0076408
5800,2025-01-27,SH.KC_688737,中自科技,化学制品,-3.0077548
5801,2025-01-24,SH.KC_300128,锦富技术,光学光电子,-3.0077658
5802,2025-01-27,SH.KC_688133,泰坦科技,专业服务,-3.008092
5803,2025-01-24,SH.KC_688328,深科达,专用设备,-3.0083368
5804,2025-01-24,SZ.ZB_000600,建投能源,电力行业,-3.0083687
5805,2025-01-27,SH.KC_688175,高凌信息,通信设备,-3.0084684
5806,2025-01-27,SH.ZB_600819,耀皮玻璃,玻璃玻纤,-3.0084891
5807,2025-01-27,SZ.ZB_000785,居然智家,商业百货,-3.008606
5808,2025-01-27,SH.KC_301235,华康医疗,医疗服务,-3.0086086
5809,2025-01-27,SZ.ZB_000922,佳电股份,电机,-3.0086372
5810,2025-01-24,SH.ZB_601162,天风证券,证券,-3.008871
5811,2025-01-27,SH.KC_301091,深城交,工程咨询服务,-3.0089946
5812,2025-01-27,SH.ZB_605208,永茂泰,汽车零部件,-3.00906
5813,2025-01-24,SZ.ZB_000582,北部湾港,航运港口,-3.0091493
5814,2025-01-24,SZ.ZB_000099,中信海直,航空机场,-3.00936
5815,2025-01-27,SH.ZB_600825,新华传媒,文化传媒,-3.0096586
5816,2025-01-24,SH.KC_301266,宇邦新材,光伏设备,-3.0097008
5817,2025-01-27,SH.ZB_600433,冠豪高新,造纸印刷,-3.0097778
5818,2025-01-27,SH.ZB_600835,上海机电,专用设备,-3.0101023
5819,2025-01-24,SZ.ZB_000713,丰乐种业,农牧饲渔,-3.0103602
5820,2025-01-27,SH.KC_301195,北路智控,软件开发,-3.0104728
5821,2025-01-27,SH.KC_300434,金石亚药,化学制药,-3.0106034
5822,2025-01-27,SH.ZB_603275,众辰科技,仪器仪表,-3.0107732
5823,2025-01-27,SH.KC_300119,瑞普生物,农药兽药,-3.0108378
5824,2025-01-24,SH.KC_300353,东土科技,通信设备,-3.0109444
5825,2025-01-24,SH.KC_300689,澄天伟业,通信设备,-3.0111835
5826,2025-01-27,SH.ZB_603311,金海高科,家电行业,-3.0112348
5827,2025-01-27,SH.KC_688347,华虹公司,半导体,-3.0113442
5828,2025-01-27,SH.KC_300963,中洲特材,有色金属,-3.011357
5829,2025-01-27,SZ.ZB_002821,凯莱英,医疗服务,-3.011473
5830,2025-01-27,SZ.ZB_002231,奥维通信,通信服务,-3.011524
5831,2025-01-24,SZ.ZB_002063,远光软件,软件开发,-3.011571
5832,2025-01-24,SH.ZB_605228,神通科技,汽车零部件,-3.011766
5833,2025-01-27,SH.ZB_600448,华纺股份,纺织服装,-3.0118055
5834,2025-01-27,SH.ZB_600900,长江电力,电力行业,-3.0120296
5835,2025-01-24,SH.ZB_603927,中科软,软件开发,-3.0124311
5836,2025-01-24,SH.KC_300717,华信新材,塑料制品,-3.012541
5837,2025-01-27,SH.KC_300898,熊猫乳品,食品饮料,-3.0125604
5838,2025-01-27,SZ.ZB_002489,浙江永强,家用轻工,-3.0125663
5839,2025-01-24,SZ.ZB_002990,盛视科技,软件开发,-3.0128746
5840,2025-01-27,SH.KC_301508,中机认检,专业服务,-3.0131965
5841,2025-01-27,SZ.ZB_001222,源飞宠物,家用轻工,-3.013255
5842,2025-01-24,SH.KC_300382,斯莱克,专用设备,-3.013258
5843,2025-01-27,SH.ZB_605116,奥锐特,化学制药,-3.0132997
5844,2025-01-27,SZ.ZB_003028,振邦智能,消费电子,-3.0135713
5845,2025-01-27,SH.ZB_603738,泰晶科技,电子元件,-3.0136147
5846,2025-01-27,SZ.ZB_000576,甘化科工,电源设备,-3.014155
5847,2025-01-24,SH.ZB_600525,长园集团,电网设备,-3.0145907
5848,2025-01-27,SH.ZB_600330,天通股份,非金属材料,-3.0148845
5849,2025-01-27,SH.ZB_603330,天洋新材,光伏设备,-3.0150034
5850,2025-01-24,SH.KC_301057,汇隆新材,化纤行业,-3.0151327
5851,2025-01-24,SH.KC_300557,理工光科,仪器仪表,-3.0154142
5852,2025-01-24,SH.KC_300027,华谊兄弟,文化传媒,-3.015587
5853,2025-01-24,SZ.ZB_002454,松芝股份,汽车零部件,-3.0156791
5854,2025-01-27,SH.ZB_600088,中视传媒,文化传媒,-3.0157745
5855,2025-01-27,SH.ZB_600061,国投资本,证券,-3.0160127
5856,2025-01-27,SZ.ZB_000963,华东医药,化学制药,-3.0162642
5857,2025-01-24,SH.KC_300414,中光防雷,通信设备,-3.01628
5858,2025-01-27,SZ.ZB_002286,保龄宝,食品饮料,-3.0162811
5859,2025-01-24,SH.KC_688539,高华科技,电子元件,-3.0163782
5860,2025-01-27,SH.KC_301163,宏德股份,风电设备,-3.016417
5861,2025-01-27,SH.KC_300134,大富科技,通信设备,-3.0165527
5862,2025-01-27,SH.ZB_605258,协和电子,电子元件,-3.0167282
5863,2025-01-24,SH.ZB_600901,江苏金租,多元金融,-3.0170462
5864,2025-01-24,SH.ZB_600735,新华锦,纺织服装,-3.0171812
5865,2025-01-24,SH.KC_300650,太龙股份,光学光电子,-3.017703
5866,2025-01-24,SZ.ZB_000065,北方国际,工程建设,-3.0178225
5867,2025-01-27,SZ.ZB_002493,荣盛石化,化纤行业,-3.0182412
5868,2025-01-27,SH.ZB_600419,天润乳业,食品饮料,-3.018262
5869,2025-01-27,SH.ZB_603299,苏盐井神,化学原料,-3.0182745
5870,2025-01-24,SH.KC_688581,安杰思,医疗器械,-3.0183735
5871,2025-01-27,SH.KC_300604,长川科技,半导体,-3.0184708
5872,2025-01-24,SH.KC_300446,航天智造,汽车零部件,-3.0188484
5873,2025-01-24,SH.ZB_605098,行动教育,教育,-3.0189629
5874,2025-01-24,SH.KC_688312,燕麦科技,专用设备,-3.0189962
5875,2025-01-27,SH.ZB_603153,上海建科,工程咨询服务,-3.019407
5876,2025-01-24,SH.ZB_605566,福莱蒽特,化学制品,-3.0195992
5877,2025-01-27,SZ.ZB_000089,深圳机场,航空机场,-3.0197768
5878,2025-01-27,SH.KC_300780,德恩精工,通用设备,-3.0199642
5879,2025-01-27,SZ.ZB_000593,德龙汇能,燃气,-3.0202
5880,2025-01-27,SH.KC_301229,纽泰格,汽车零部件,-3.020245
5881,2025-01-24,SZ.ZB_000915,华特达因,化学制药,-3.0203831
5882,2025-01-24,SH.KC_300270,中威电子,计算机设备,-3.0204887
5883,2025-01-24,SZ.ZB_001230,劲旅环境,环保行业,-3.0205698
5884,2025-01-24,SH.ZB_603558,健盛集团,纺织服装,-3.0207956
5885,2025-01-27,SH.ZB_600808,马钢股份,钢铁行业,-3.0207984
5886,2025-01-24,SZ.ZB_000786,北新建材,装修建材,-3.0208347
5887,2025-01-24,SZ.ZB_002756,永兴材料,钢铁行业,-3.020868
5888,2025-01-27,SH.ZB_600710,苏美达,贸易行业,-3.0208952
5889,2025-01-24,SZ.ZB_000953,河化股份,化学制药,-3.0210924
5890,2025-01-24,SH.KC_300762,上海瀚讯,通信设备,-3.0214198
5891,2025-01-24,SH.KC_301419,阿莱德,通信设备,-3.0215158
5892,2025-01-27,SZ.ZB_002785,万里石,装修建材,-3.0221262
5893,2025-01-24,SH.ZB_600119,长江投资,物流行业,-3.0222096
5894,2025-01-27,SH.ZB_600643,爱建集团,多元金融,-3.0222876
5895,2025-01-27,SH.ZB_603983,丸美生物,美容护理,-3.0223238
5896,2025-01-24,SH.KC_688133,泰坦科技,专业服务,-3.0227954
5897,2025-01-24,SH.KC_301255,通力科技,通用设备,-3.0228782
5898,2025-01-27,SH.ZB_605100,华丰股份,通用设备,-3.0228806
5899,2025-01-24,SH.ZB_601619,嘉泽新能,电力行业,-3.0229201
5900,2025-01-27,SH.ZB_600588,用友网络,软件开发,-3.0236795
5901,2025-01-27,SH.KC_688260,昀冢科技,消费电子,-3.0238345
5902,2025-01-27,SH.KC_300176,鸿特科技,汽车零部件,-3.0240927
5903,2025-01-27,SZ.ZB_002747,埃斯顿,通用设备,-3.0241554
5904,2025-01-24,SH.KC_688630,芯碁微装,专用设备,-3.0243814
5905,2025-01-24,SZ.ZB_002968,新大正,房地产服务,-3.0244572
5906,2025-01-27,SH.ZB_603669,灵康药业,化学制药,-3.024662
5907,2025-01-24,SZ.ZB_000571,新大洲A,煤炭行业,-3.0247612
5908,2025-01-24,SH.ZB_603330,天洋新材,光伏设备,-3.0248766
5909,2025-01-27,SH.KC_688305,科德数控,通用设备,-3.0250914
5910,2025-01-27,SH.ZB_600006,东风股份,汽车整车,-3.025215
5911,2025-01-27,SH.ZB_600010,包钢股份,钢铁行业,-3.0254474
5912,2025-01-27,SH.ZB_600486,扬农化工,农药兽药,-3.025572
5913,2025-01-24,SZ.ZB_002255,海陆重工,电源设备,-3.0256963
5914,2025-01-24,SH.KC_300800,力合科技,环保行业,-3.0257792
5915,2025-01-24,SH.KC_300348,长亮科技,软件开发,-3.02597
5916,2025-01-27,SH.ZB_603096,新经典,文化传媒,-3.0262015
5917,2025-01-27,SH.KC_300200,高盟新材,化学制品,-3.026278
5918,2025-01-27,SH.KC_301158,德石股份,专用设备,-3.0266528
5919,2025-01-24,SZ.ZB_002258,利尔化学,农药兽药,-3.0273597
5920,2025-01-27,SZ.ZB_002366,融发核电,电源设备,-3.027568
5921,2025-01-24,SZ.ZB_003025,思进智能,通用设备,-3.0277314
5922,2025-01-27,SH.ZB_603087,甘李药业,生物制品,-3.0278926
5923,2025-01-27,SZ.ZB_000429,粤高速Ａ,铁路公路,-3.0280118
5924,2025-01-27,SZ.ZB_002402,和而泰,消费电子,-3.0280154
5925,2025-01-24,SH.KC_688663,新风光,电网设备,-3.0281327
5926,2025-01-27,SH.KC_300387,富邦科技,化肥行业,-3.0282354
5927,2025-01-24,SZ.ZB_001336,楚环科技,专用设备,-3.02824
5928,2025-01-27,SH.KC_688082,盛美上海,半导体,-3.0283337
5929,2025-01-27,SH.KC_300627,华测导航,通信设备,-3.0285153
5930,2025-01-27,SH.KC_688093,世华科技,电子元件,-3.0288787
5931,2025-01-27,SH.KC_301132,满坤科技,电子元件,-3.0294392
5932,2025-01-27,SZ.ZB_002950,奥美医疗,医疗器械,-3.0295691
5933,2025-01-24,SH.KC_688100,威胜信息,通信设备,-3.0296881
5934,2025-01-27,SH.ZB_600668,尖峰集团,水泥建材,-3.029702
5935,2025-01-24,SH.KC_688129,东来技术,化学制品,-3.0297253
5936,2025-01-24,SH.KC_301338,凯格精机,专用设备,-3.029799
5937,2025-01-27,SZ.ZB_001225,和泰机电,通用设备,-3.0299
5938,2025-01-27,SH.ZB_603527,众源新材,有色金属,-3.029978
5939,2025-01-24,SZ.ZB_002249,大洋电机,电机,-3.030035
5940,2025-01-27,SH.KC_300099,尤洛卡,专用设备,-3.0301816
5941,2025-01-27,SH.KC_300525,博思软件,软件开发,-3.0301967
5942,2025-01-27,SH.ZB_600180,瑞茂通,物流行业,-3.0302553
5943,2025-01-24,SH.KC_300623,捷捷微电,半导体,-3.030477
5944,2025-01-27,SH.KC_300030,阳普医疗,医疗器械,-3.0309937
5945,2025-01-27,SH.KC_300946,恒而达,通用设备,-3.0313013
5946,2025-01-27,SH.ZB_601628,中国人寿,保险,-3.0315318
5947,2025-01-24,SH.ZB_601098,中南传媒,文化传媒,-3.0316958
5948,2025-01-24,SH.ZB_605507,国邦医药,化学制药,-3.0317369
5949,2025-01-27,SZ.ZB_003018,金富科技,塑料制品,-3.031815
5950,2025-01-24,SH.ZB_603701,德宏股份,汽车零部件,-3.0321662
5951,2025-01-27,SZ.ZB_000607,华媒控股,文化传媒,-3.0325499
5952,2025-01-24,SH.ZB_600710,苏美达,贸易行业,-3.0326366
5953,2025-01-24,SH.ZB_600482,中国动力,船舶制造,-3.032695
5954,2025-01-24,SZ.ZB_003027,同兴科技,环保行业,-3.033436
5955,2025-01-27,SH.ZB_600746,江苏索普,化学原料,-3.0336103
5956,2025-01-24,SZ.ZB_002163,海南发展,玻璃玻纤,-3.03375
5957,2025-01-24,SH.KC_300319,麦捷科技,光学光电子,-3.0338974
5958,2025-01-27,SH.KC_300210,森远股份,环保行业,-3.0340607
5959,2025-01-27,SH.ZB_600335,国机汽车,汽车服务,-3.0340903
5960,2025-01-24,SH.ZB_600267,海正药业,化学制药,-3.0341256
5961,2025-01-27,SH.ZB_603028,赛福天,通用设备,-3.0341284
5962,2025-01-27,SZ.ZB_000892,欢瑞世纪,文化传媒,-3.0343027
5963,2025-01-27,SH.ZB_605318,法狮龙,装修装饰,-3.0343513
5964,2025-01-27,SH.KC_688609,九联科技,通信设备,-3.0343673
5965,2025-01-24,SH.ZB_600731,湖南海利,农药兽药,-3.0343876
5966,2025-01-27,SZ.ZB_000949,新乡化纤,化纤行业,-3.034402
5967,2025-01-24,SH.KC_688517,金冠电气,电网设备,-3.034523
5968,2025-01-27,SH.KC_301041,金百泽,电子元件,-3.0348892
5969,2025-01-27,SH.KC_300223,北京君正,半导体,-3.0350745
5970,2025-01-27,SH.ZB_605577,龙版传媒,文化传媒,-3.0350962
5971,2025-01-24,SH.ZB_603378,亚士创能,装修建材,-3.0351229
5972,2025-01-27,SH.ZB_603605,珀莱雅,美容护理,-3.0353196
5973,2025-01-27,SZ.ZB_000056,皇庭国际,房地产服务,-3.035363
5974,2025-01-27,SH.ZB_601777,力帆科技,汽车整车,-3.0353782
5975,2025-01-27,SZ.ZB_002635,安洁科技,消费电子,-3.0354536
5976,2025-01-24,SZ.ZB_002476,宝莫股份,化学制品,-3.035516
5977,2025-01-24,SH.KC_300200,高盟新材,化学制品,-3.0357327
5978,2025-01-24,SH.ZB_601858,中国科传,文化传媒,-3.0359068
5979,2025-01-27,SH.KC_688136,科兴制药,生物制品,-3.0366986
5980,2025-01-27,SH.KC_300992,泰福泵业,通用设备,-3.036901
5981,2025-01-27,SZ.ZB_001266,宏英智能,仪器仪表,-3.0370557
5982,2025-01-27,SH.KC_301313,凡拓数创,软件开发,-3.0371537
5983,2025-01-27,SH.KC_688368,晶丰明源,半导体,-3.0375516
5984,2025-01-24,SH.ZB_603000,人民网,文化传媒,-3.0381641
5985,2025-01-27,SH.KC_301028,东亚机械,通用设备,-3.0382442
5986,2025-01-27,SH.KC_301578,辰奕智能,消费电子,-3.038268
5987,2025-01-27,SZ.ZB_002370,亚太药业,化学制药,-3.0386348
5988,2025-01-24,SZ.ZB_002442,龙星科技,橡胶制品,-3.0391068
5989,2025-01-27,SH.ZB_600456,宝钛股份,小金属,-3.039122
5990,2025-01-27,SH.ZB_603097,江苏华辰,电网设备,-3.039133
5991,2025-01-24,SH.ZB_600618,氯碱化工,化学原料,-3.0392292
5992,2025-01-24,SH.KC_301068,大地海洋,环保行业,-3.0394678
5993,2025-01-27,SH.KC_300001,特锐德,电网设备,-3.0396998
5994,2025-01-27,SH.ZB_601198,东兴证券,证券,-3.0397968
5995,2025-01-27,SH.KC_300139,晓程科技,贵金属,-3.0408676
5996,2025-01-27,SZ.ZB_000599,青岛双星,橡胶制品,-3.0409315
5997,2025-01-24,SZ.ZB_002591,恒大高新,互联网服务,-3.0409646
5998,2025-01-24,SH.KC_300426,唐德影视,文化传媒,-3.0410888
5999,2025-01-27,SH.ZB_603383,顶点软件,软件开发,-3.0411854
6000,2025-01-24,SH.KC_688181,八亿时空,光学光电子,-3.041192
6001,2025-01-27,SH.KC_688595,芯海科技,半导体,-3.0414603
6002,2025-01-24,SH.KC_300568,星源材质,电池,-3.0415387
6003,2025-01-27,SH.KC_300106,西部牧业,食品饮料,-3.041587
6004,2025-01-24,SZ.ZB_002609,捷顺科技,互联网服务,-3.0418458
6005,2025-01-27,SH.ZB_605376,博迁新材,小金属,-3.0421298
6006,2025-01-27,SH.KC_300893,松原股份,汽车零部件,-3.0424254
6007,2025-01-24,SH.KC_300771,智莱科技,计算机设备,-3.0425143
6008,2025-01-27,SH.KC_301331,恩威医药,中药,-3.0426135
6009,2025-01-24,SH.ZB_605339,南侨食品,食品饮料,-3.0429604
6010,2025-01-27,SZ.ZB_002468,申通快递,物流行业,-3.0432549
6011,2025-01-27,SH.ZB_601058,赛轮轮胎,橡胶制品,-3.0432801
6012,2025-01-24,SH.KC_300075,数字政通,软件开发,-3.0435276
6013,2025-01-24,SH.ZB_600463,空港股份,房地产开发,-3.0435307
6014,2025-01-27,SH.KC_300342,天银机电,家电行业,-3.0436008
6015,2025-01-24,SZ.ZB_002284,亚太股份,汽车零部件,-3.0436323
6016,2025-01-27,SH.ZB_600461,洪城环境,公用事业,-3.0436807
6017,2025-01-27,SH.KC_300460,惠伦晶体,电子元件,-3.043788
6018,2025-01-27,SH.KC_300323,华灿光电,光学光电子,-3.0440998
6019,2025-01-27,SH.ZB_603196,日播时尚,纺织服装,-3.0441294
6020,2025-01-27,SH.KC_300365,恒华科技,软件开发,-3.0442297
6021,2025-01-27,SH.ZB_600821,金开新能,电力行业,-3.0442505
6022,2025-01-24,SH.KC_300780,德恩精工,通用设备,-3.044462
6023,2025-01-27,SH.ZB_605222,起帆电缆,电网设备,-3.0445933
6024,2025-01-24,SZ.ZB_002395,双象股份,塑料制品,-3.044676
6025,2025-01-24,SH.ZB_600729,重庆百货,商业百货,-3.0448194
6026,2025-01-27,SH.KC_301378,通达海,软件开发,-3.0448706
6027,2025-01-24,SH.KC_688272,富吉瑞,光学光电子,-3.044937
6028,2025-01-27,SH.ZB_600382,广东明珠,钢铁行业,-3.0450053
6029,2025-01-27,SH.KC_300695,兆丰股份,汽车零部件,-3.0450213
6030,2025-01-24,SH.KC_300385,雪浪环境,环保行业,-3.0451043
6031,2025-01-27,SH.ZB_600302,标准股份,专用设备,-3.0451136
6032,2025-01-27,SH.KC_688267,中触媒,化学原料,-3.045512
6033,2025-01-27,SH.KC_300492,华图山鼎,工程咨询服务,-3.045546
6034,2025-01-24,SH.KC_300037,新宙邦,电池,-3.0455873
6035,2025-01-27,SH.KC_300845,捷安高科,软件开发,-3.0456862
6036,2025-01-24,SH.KC_301314,科瑞思,通信设备,-3.045796
6037,2025-01-24,SH.ZB_605266,健之佳,医药商业,-3.0458477
6038,2025-01-24,SH.ZB_601811,新华文轩,文化传媒,-3.0459738
6039,2025-01-27,SZ.ZB_000686,东北证券,证券,-3.0460608
6040,2025-01-27,SH.KC_300635,中达安,工程咨询服务,-3.0462463
6041,2025-01-27,SZ.ZB_002615,哈尔斯,家用轻工,-3.046529
6042,2025-01-27,SZ.ZB_002968,新大正,房地产服务,-3.046593
6043,2025-01-24,SZ.ZB_002095,生 意 宝,互联网服务,-3.0469863
6044,2025-01-24,SH.ZB_603041,美思德,化学制品,-3.0470073
6045,2025-01-24,SH.KC_688247,宣泰医药,生物制品,-3.0471184
6046,2025-01-24,SH.ZB_601077,渝农商行,银行,-3.0473247
6047,2025-01-27,SZ.ZB_002675,东诚药业,化学制药,-3.0473905
6048,2025-01-27,SH.KC_300546,雄帝科技,计算机设备,-3.0475445
6049,2025-01-27,SH.KC_300450,先导智能,电池,-3.047675
6050,2025-01-24,SZ.ZB_002652,扬子新材,装修建材,-3.047878
6051,2025-01-24,SH.KC_301555,惠柏新材,化学制品,-3.0479774
6052,2025-01-27,SH.KC_301363,美好医疗,医疗器械,-3.0480652
6053,2025-01-24,SH.KC_300759,康龙化成,医疗服务,-3.0481384
6054,2025-01-24,SH.KC_301169,零点有数,专业服务,-3.048749
6055,2025-01-24,SH.ZB_603186,华正新材,电子元件,-3.0490403
6056,2025-01-24,SH.KC_300651,金陵体育,家用轻工,-3.0491157
6057,2025-01-24,SZ.ZB_002648,卫星化学,化学原料,-3.0491347
6058,2025-01-24,SZ.ZB_000415,渤海租赁,多元金融,-3.0493574
6059,2025-01-27,SH.ZB_601985,中国核电,电力行业,-3.0498185
6060,2025-01-24,SH.KC_300430,诚益通,通用设备,-3.0498405
6061,2025-01-24,SZ.ZB_002376,新北洋,计算机设备,-3.050031
6062,2025-01-24,SH.KC_300391,长药控股,中药,-3.0501006
6063,2025-01-27,SZ.ZB_002570,贝因美,食品饮料,-3.0501497
6064,2025-01-27,SH.ZB_600496,精工钢构,水泥建材,-3.050181
6065,2025-01-27,SH.KC_301113,雅艺科技,装修装饰,-3.0505407
6066,2025-01-24,SH.ZB_600629,华建集团,工程咨询服务,-3.0506482
6067,2025-01-24,SH.ZB_605138,盛泰集团,纺织服装,-3.0507693
6068,2025-01-27,SH.ZB_600143,金发科技,塑料制品,-3.0507903
6069,2025-01-27,SZ.ZB_002323,雅博股份,装修建材,-3.0514448
6070,2025-01-24,SH.ZB_605289,罗曼股份,装修装饰,-3.051633
6071,2025-01-27,SH.KC_688510,航亚科技,航天航空,-3.051728
6072,2025-01-27,SH.KC_301111,粤万年青,中药,-3.0517373
6073,2025-01-27,SZ.ZB_000897,津滨发展,房地产开发,-3.0521326
6074,2025-01-24,SH.ZB_603336,宏辉果蔬,农牧饲渔,-3.0521638
6075,2025-01-27,SH.KC_300473,德尔股份,汽车零部件,-3.0521853
6076,2025-01-24,SH.ZB_603079,圣达生物,化学制品,-3.0522983
6077,2025-01-24,SH.ZB_603110,东方材料,化学制品,-3.05235
6078,2025-01-24,SH.ZB_603669,灵康药业,化学制药,-3.0523746
6079,2025-01-27,SH.ZB_605196,华通线缆,电网设备,-3.0523858
6080,2025-01-24,SZ.ZB_002912,中新赛克,互联网服务,-3.0527298
6081,2025-01-27,SH.ZB_600768,宁波富邦,有色金属,-3.0527954
6082,2025-01-27,SH.KC_300263,隆华科技,通用设备,-3.0531504
6083,2025-01-24,SZ.ZB_002668,TCL智家,家电行业,-3.053222
6084,2025-01-27,SH.KC_688005,容百科技,电池,-3.0533173
6085,2025-01-27,SH.KC_688550,瑞联新材,电子化学品,-3.0535254
6086,2025-01-27,SH.KC_688182,灿勤科技,通信设备,-3.0535522
6087,2025-01-27,SH.KC_300807,天迈科技,计算机设备,-3.0535603
6088,2025-01-24,SH.KC_688096,京源环保,环保行业,-3.0537858
6089,2025-01-27,SZ.ZB_000975,山金国际,贵金属,-3.053924
6090,2025-01-24,SH.ZB_601728,中国电信,通信服务,-3.0540636
6091,2025-01-24,SZ.ZB_001207,联科科技,橡胶制品,-3.0541587
6092,2025-01-24,SZ.ZB_002925,盈趣科技,消费电子,-3.0543604
6093,2025-01-27,SH.ZB_603520,司太立,化学制药,-3.0544183
6094,2025-01-24,SZ.ZB_002537,海联金汇,汽车零部件,-3.0548918
6095,2025-01-24,SH.KC_300054,鼎龙股份,电子化学品,-3.054964
6096,2025-01-27,SH.KC_300772,运达股份,风电设备,-3.0552902
6097,2025-01-24,SZ.ZB_002616,长青集团,电力行业,-3.0554192
6098,2025-01-27,SH.KC_301161,唯万密封,塑料制品,-3.0557506
6099,2025-01-27,SH.KC_301398,星源卓镁,汽车零部件,-3.0557806
6100,2025-01-24,SZ.ZB_002657,中科金财,互联网服务,-3.0557814
6101,2025-01-24,SH.ZB_600037,歌华有线,文化传媒,-3.0559423
6102,2025-01-24,SH.KC_300451,创业慧康,软件开发,-3.0562208
6103,2025-01-27,SH.ZB_601231,环旭电子,消费电子,-3.0562859
6104,2025-01-24,SZ.ZB_000524,岭南控股,旅游酒店,-3.0567603
6105,2025-01-24,SH.ZB_603898,好莱客,装修建材,-3.0569932
6106,2025-01-27,SZ.ZB_002400,省广集团,文化传媒,-3.0570261
6107,2025-01-24,SH.KC_688683,莱尔科技,消费电子,-3.0571234
6108,2025-01-27,SH.KC_688085,三友医疗,医疗器械,-3.057282
6109,2025-01-24,SH.KC_300899,上海凯鑫,环保行业,-3.0573208
6110,2025-01-27,SH.ZB_605580,恒盛能源,电力行业,-3.057759
6111,2025-01-24,SZ.ZB_001226,拓山重工,工程机械,-3.0578363
6112,2025-01-24,SH.ZB_600298,安琪酵母,食品饮料,-3.0578973
6113,2025-01-27,SH.ZB_605138,盛泰集团,纺织服装,-3.0579157
6114,2025-01-27,SZ.ZB_001308,康冠科技,消费电子,-3.0580373
6115,2025-01-24,SH.ZB_603979,金诚信,采掘行业,-3.0580435
6116,2025-01-24,SH.ZB_600551,时代出版,文化传媒,-3.0581818
6117,2025-01-24,SH.KC_301222,浙江恒威,电池,-3.058798
6118,2025-01-27,SH.KC_688501,青达环保,专用设备,-3.0588553
6119,2025-01-27,SH.ZB_600231,凌钢股份,钢铁行业,-3.0590444
6120,2025-01-24,SH.KC_300386,飞天诚信,软件开发,-3.0590513
6121,2025-01-24,SH.KC_688029,南微医学,医疗器械,-3.0591419
6122,2025-01-27,SH.KC_301075,多瑞医药,化学制药,-3.0591574
6123,2025-01-27,SH.ZB_600621,华鑫股份,证券,-3.0591617
6124,2025-01-24,SH.ZB_603813,原尚股份,物流行业,-3.0592062
6125,2025-01-27,SH.ZB_600666,奥瑞德,光学光电子,-3.0592299
6126,2025-01-24,SH.ZB_600486,扬农化工,农药兽药,-3.0598118
6127,2025-01-24,SZ.ZB_002470,金正大,化肥行业,-3.0599165
6128,2025-01-24,SH.KC_301010,晶雪节能,装修建材,-3.0601575
6129,2025-01-24,SH.KC_300393,中来股份,光伏设备,-3.0601678
6130,2025-01-27,SZ.ZB_000680,山推股份,工程机械,-3.0604796
6131,2025-01-27,SZ.ZB_002221,东华能源,石油行业,-3.0605001
6132,2025-01-27,SH.ZB_600316,洪都航空,航天航空,-3.0605724
6133,2025-01-24,SH.KC_688348,昱能科技,光伏设备,-3.0607114
6134,2025-01-24,SH.KC_688260,昀冢科技,消费电子,-3.060833
6135,2025-01-24,SH.KC_300501,海顺新材,包装材料,-3.0608702
6136,2025-01-24,SH.KC_688169,石头科技,家电行业,-3.0609393
6137,2025-01-24,SH.ZB_603109,神驰机电,通用设备,-3.0610747
6138,2025-01-24,SH.KC_688303,大全能源,光伏设备,-3.0611744
6139,2025-01-27,SH.KC_300426,唐德影视,文化传媒,-3.0612807
6140,2025-01-24,SH.KC_300931,通用电梯,专用设备,-3.0612814
6141,2025-01-27,SH.KC_300877,金春股份,纺织服装,-3.0614824
6142,2025-01-24,SH.KC_301029,怡合达,通用设备,-3.0615
6143,2025-01-27,SH.KC_300849,锦盛新材,美容护理,-3.0617864
6144,2025-01-27,SH.KC_300854,中兰环保,环保行业,-3.0618176
6145,2025-01-24,SZ.ZB_002182,宝武镁业,有色金属,-3.0618439
6146,2025-01-24,SH.ZB_600633,浙数文化,游戏,-3.0624568
6147,2025-01-27,SZ.ZB_002324,普利特,塑料制品,-3.0626369
6148,2025-01-24,SH.KC_300326,凯利泰,医疗器械,-3.0627322
6149,2025-01-24,SZ.ZB_002109,兴化股份,化学原料,-3.0631666
6150,2025-01-27,SH.ZB_601011,宝泰隆,煤炭行业,-3.0631993
6151,2025-01-27,SZ.ZB_000036,华联控股,房地产开发,-3.0633507
6152,2025-01-27,SH.ZB_600150,中国船舶,船舶制造,-3.0633788
6153,2025-01-27,SZ.ZB_002321,华英农业,农牧饲渔,-3.0641892
6154,2025-01-27,SH.KC_300270,中威电子,计算机设备,-3.0643108
6155,2025-01-27,SH.ZB_600159,大龙地产,房地产开发,-3.0643191
6156,2025-01-24,SH.KC_300979,华利集团,纺织服装,-3.0643442
6157,2025-01-27,SH.KC_301317,鑫磊股份,通用设备,-3.0643578
6158,2025-01-24,SH.ZB_600331,宏达股份,有色金属,-3.064575
6159,2025-01-24,SZ.ZB_002622,皓宸医疗,医疗服务,-3.0652955
6160,2025-01-27,SZ.ZB_002278,神开股份,专用设备,-3.0656738
6161,2025-01-27,SZ.ZB_002107,沃华医药,中药,-3.0658193
6162,2025-01-24,SH.ZB_600645,中源协和,生物制品,-3.0658247
6163,2025-01-24,SH.KC_300616,尚品宅配,装修建材,-3.0658607
6164,2025-01-27,SH.KC_688027,国盾量子,通信设备,-3.0660603
6165,2025-01-24,SH.KC_300177,中海达,计算机设备,-3.0664134
6166,2025-01-24,SH.KC_301162,国能日新,软件开发,-3.066415
6167,2025-01-24,SZ.ZB_002962,五方光电,光学光电子,-3.0666091
6168,2025-01-27,SH.KC_688112,鼎阳科技,仪器仪表,-3.0666137
6169,2025-01-27,SH.ZB_601236,红塔证券,证券,-3.066627
6170,2025-01-24,SH.ZB_603283,赛腾股份,专用设备,-3.0666354
6171,2025-01-24,SH.KC_300535,达威股份,化学制品,-3.0668511
6172,2025-01-24,SH.ZB_603025,大豪科技,专用设备,-3.0669727
6173,2025-01-24,SH.KC_300174,元力股份,化学制品,-3.0670736
6174,2025-01-24,SH.KC_300849,锦盛新材,美容护理,-3.0672193
6175,2025-01-27,SH.KC_301005,超捷股份,汽车零部件,-3.0672698
6176,2025-01-24,SH.KC_300311,任子行,软件开发,-3.067462
6177,2025-01-24,SH.KC_300012,华测检测,专业服务,-3.067635
6178,2025-01-27,SH.KC_300188,国投智能,软件开发,-3.0676854
6179,2025-01-27,SH.KC_300649,杭州园林,工程咨询服务,-3.0676906
6180,2025-01-27,SH.KC_688567,孚能科技,电池,-3.0679712
6181,2025-01-27,SH.KC_688376,美埃科技,环保行业,-3.0680618
6182,2025-01-27,SH.KC_300310,宜通世纪,通信服务,-3.0683148
6183,2025-01-27,SH.ZB_603565,中谷物流,物流行业,-3.068337
6184,2025-01-27,SZ.ZB_001234,泰慕士,纺织服装,-3.068417
6185,2025-01-24,SZ.ZB_002658,雪迪龙,仪器仪表,-3.068511
6186,2025-01-24,SH.KC_301071,力量钻石,非金属材料,-3.0690622
6187,2025-01-24,SZ.ZB_000761,本钢板材,钢铁行业,-3.0693011
6188,2025-01-24,SH.ZB_603311,金海高科,家电行业,-3.0693877
6189,2025-01-24,SH.ZB_603067,振华股份,化学原料,-3.0694594
6190,2025-01-24,SH.ZB_601665,齐鲁银行,银行,-3.0694835
6191,2025-01-24,SH.ZB_605389,长龄液压,工程机械,-3.069716
6192,2025-01-24,SZ.ZB_002328,新朋股份,汽车零部件,-3.0698776
6193,2025-01-24,SH.KC_688107,安路科技,半导体,-3.0699897
6194,2025-01-15,SH.KC_688293,奥浦迈,专业服务,-3.0700972
6195,2025-01-24,SH.ZB_603855,华荣股份,专用设备,-3.0707636
6196,2025-01-27,SH.ZB_601616,广电电气,电网设备,-3.070998
6197,2025-01-24,SH.KC_300095,华伍股份,通用设备,-3.071199
6198,2025-01-27,SZ.ZB_001256,炜冈科技,专用设备,-3.0712216
6199,2025-01-27,SZ.ZB_002486,嘉麟杰,纺织服装,-3.0712483
6200,2025-01-27,SH.KC_300899,上海凯鑫,环保行业,-3.071549
6201,2025-01-24,SH.ZB_600998,九州通,医药商业,-3.0716643
6202,2025-01-27,SH.KC_688655,迅捷兴,电子元件,-3.0719736
6203,2025-01-24,SH.KC_301106,骏成科技,光学光电子,-3.0721335
6204,2025-01-24,SH.KC_300168,万达信息,互联网服务,-3.07283
6205,2025-01-24,SH.ZB_603738,泰晶科技,电子元件,-3.0728786
6206,2025-01-27,SH.ZB_605268,王力安防,家用轻工,-3.0729187
6207,2025-01-24,SZ.ZB_002903,宇环数控,通用设备,-3.0730329
6208,2025-01-27,SZ.ZB_002093,国脉科技,通信服务,-3.073064
6209,2025-01-27,SZ.ZB_002442,龙星科技,橡胶制品,-3.0732982
6210,2025-01-27,SZ.ZB_000608,阳光股份,房地产服务,-3.0734375
6211,2025-01-27,SH.ZB_603081,大丰实业,专用设备,-3.073675
6212,2025-01-27,SH.ZB_603833,欧派家居,装修建材,-3.0738955
6213,2025-01-27,SH.KC_688456,有研粉材,有色金属,-3.0739412
6214,2025-01-27,SZ.ZB_000766,通化金马,化学制药,-3.0739794
6215,2025-01-24,SH.KC_688593,新相微,半导体,-3.0741878
6216,2025-01-27,SZ.ZB_002826,易明医药,中药,-3.0742974
6217,2025-01-27,SH.ZB_603188,亚邦股份,化学制品,-3.0743024
6218,2025-01-24,SH.KC_300743,天地数码,非金属材料,-3.0744178
6219,2025-01-27,SH.ZB_603988,中电电机,电机,-3.0744293
6220,2025-01-27,SZ.ZB_002356,赫美集团,贸易行业,-3.0744746
6221,2025-01-24,SZ.ZB_003018,金富科技,塑料制品,-3.0746462
6222,2025-01-27,SZ.ZB_002584,西陇科学,电子化学品,-3.0748918
6223,2025-01-27,SH.KC_301097,天益医疗,医疗器械,-3.074904
6224,2025-01-27,SH.KC_688061,灿瑞科技,半导体,-3.0749578
6225,2025-01-24,SZ.ZB_002298,中电兴发,软件开发,-3.0750124
6226,2025-01-27,SH.KC_688219,会通股份,塑料制品,-3.0750415
6227,2025-01-27,SZ.ZB_000066,中国长城,计算机设备,-3.0754023
6228,2025-01-27,SH.KC_688786,悦安新材,有色金属,-3.0755548
6229,2025-01-24,SH.ZB_600538,国发股份,农药兽药,-3.0757844
6230,2025-01-24,SH.ZB_601015,陕西黑猫,煤炭行业,-3.0761194
6231,2025-01-27,SZ.ZB_002799,环球印务,包装材料,-3.0761979
6232,2025-01-27,SH.KC_300037,新宙邦,电池,-3.0764172
6233,2025-01-24,SZ.ZB_002487,大金重工,风电设备,-3.0766473
6234,2025-01-27,SZ.ZB_002149,西部材料,小金属,-3.0767956
6235,2025-01-27,SH.KC_688543,国科军工,航天航空,-3.076995
6236,2025-01-27,SH.KC_300746,汉嘉设计,工程咨询服务,-3.0771582
6237,2025-01-27,SH.KC_300585,奥联电子,汽车零部件,-3.0774598
6238,2025-01-24,SH.KC_300011,鼎汉技术,交运设备,-3.0775986
6239,2025-01-24,SH.ZB_603997,继峰股份,汽车零部件,-3.0778098
6240,2025-01-27,SH.KC_300588,熙菱信息,软件开发,-3.0779355
6241,2025-01-24,SH.KC_301163,宏德股份,风电设备,-3.0783105
6242,2025-01-24,SZ.ZB_003004,声迅股份,计算机设备,-3.07864
6243,2025-01-24,SH.KC_301005,超捷股份,汽车零部件,-3.0786622
6244,2025-01-27,SH.KC_688695,中创股份,软件开发,-3.0787992
6245,2025-01-24,SZ.ZB_000812,陕西金叶,包装材料,-3.0788577
6246,2025-01-27,SH.KC_301448,开创电气,通用设备,-3.0790079
6247,2025-01-24,SH.KC_300286,安科瑞,电网设备,-3.0793316
6248,2025-01-24,SH.ZB_605099,共创草坪,家用轻工,-3.0793355
6249,2025-01-27,SH.ZB_601519,大智慧,软件开发,-3.0793872
6250,2025-01-27,SZ.ZB_000532,华金资本,综合行业,-3.0794497
6251,2025-01-27,SH.ZB_603713,密尔克卫,物流行业,-3.0795538
6252,2025-01-24,SH.ZB_601028,玉龙股份,贵金属,-3.0795648
6253,2025-01-24,SH.ZB_600919,江苏银行,银行,-3.079813
6254,2025-01-24,SH.ZB_603586,金麒麟,汽车零部件,-3.079847
6255,2025-01-27,SZ.ZB_002800,天顺股份,物流行业,-3.0799751
6256,2025-01-24,SH.KC_300423,昇辉科技,电网设备,-3.0800464
6257,2025-01-27,SH.KC_300412,迦南科技,专用设备,-3.08021
6258,2025-01-27,SZ.ZB_001226,拓山重工,工程机械,-3.0802615
6259,2025-01-27,SH.ZB_603052,可川科技,电子元件,-3.0803468
6260,2025-01-24,SH.KC_301098,金埔园林,工程建设,-3.0804136
6261,2025-01-27,SZ.ZB_002763,汇洁股份,纺织服装,-3.0806375
6262,2025-01-24,SH.KC_300735,光弘科技,消费电子,-3.080852
6263,2025-01-24,SH.KC_688108,赛诺医疗,医疗器械,-3.0808663
6264,2025-01-27,SZ.ZB_001205,盛航股份,航运港口,-3.0813656
6265,2025-01-27,SZ.ZB_000713,丰乐种业,农牧饲渔,-3.0815315
6266,2025-01-24,SH.ZB_600082,海泰发展,房地产开发,-3.08164
6267,2025-01-27,SZ.ZB_002777,久远银海,互联网服务,-3.0818071
6268,2025-01-27,SH.ZB_601999,出版传媒,文化传媒,-3.082199
6269,2025-01-24,SH.ZB_600156,华升股份,纺织服装,-3.082412
6270,2025-01-24,SH.KC_688135,利扬芯片,半导体,-3.0825763
6271,2025-01-24,SH.KC_688595,芯海科技,半导体,-3.082772
6272,2025-01-27,SZ.ZB_002084,海鸥住工,装修装饰,-3.0829847
6273,2025-01-27,SZ.ZB_002756,永兴材料,钢铁行业,-3.0830104
6274,2025-01-27,SH.KC_301234,五洲医疗,医疗器械,-3.0831068
6275,2025-01-24,SZ.ZB_002188,中天服务,房地产服务,-3.083246
6276,2025-01-24,SH.ZB_603192,汇得科技,化学制品,-3.0834596
6277,2025-01-24,SZ.ZB_002468,申通快递,物流行业,-3.0835526
6278,2025-01-27,SH.KC_300565,科信技术,通信设备,-3.0836277
6279,2025-01-24,SZ.ZB_002780,三夫户外,纺织服装,-3.08372
6280,2025-01-27,SH.KC_301262,海看股份,文化传媒,-3.083862
6281,2025-01-27,SH.KC_300311,任子行,软件开发,-3.08411
6282,2025-01-27,SH.KC_688669,聚石化学,塑料制品,-3.0841832
6283,2025-01-24,SZ.ZB_002264,新 华 都,互联网服务,-3.084319
6284,2025-01-27,SH.KC_688596,正帆科技,专用设备,-3.0845392
6285,2025-01-27,SZ.ZB_000801,四川九洲,家电行业,-3.0846024
6286,2025-01-27,SZ.ZB_000563,陕国投Ａ,多元金融,-3.084758
6287,2025-01-27,SH.KC_688309,恒誉环保,环保行业,-3.0848472
6288,2025-01-24,SH.KC_688319,欧林生物,生物制品,-3.0849519
6289,2025-01-27,SH.KC_688522,纳睿雷达,计算机设备,-3.085068
6290,2025-01-24,SH.KC_688567,孚能科技,电池,-3.0853539
6291,2025-01-24,SZ.ZB_002495,佳隆股份,食品饮料,-3.085485
6292,2025-01-27,SH.KC_301221,光庭信息,软件开发,-3.0854902
6293,2025-01-27,SH.KC_688079,美迪凯,光学光电子,-3.0855827
6294,2025-01-24,SH.KC_688479,友车科技,汽车服务,-3.085642
6295,2025-01-24,SH.KC_300246,宝莱特,医疗器械,-3.085798
6296,2025-01-24,SH.KC_688281,华秦科技,非金属材料,-3.086079
6297,2025-01-27,SH.ZB_600396,华电辽能,电力行业,-3.0862956
6298,2025-01-24,SH.ZB_600883,博闻科技,农牧饲渔,-3.0863
6299,2025-01-27,SZ.ZB_002792,通宇通讯,通信设备,-3.0866463
6300,2025-01-24,SH.ZB_603663,三祥新材,化学原料,-3.0869114
6301,2025-01-27,SH.KC_300152,新动力,环保行业,-3.0872192
6302,2025-01-24,SH.ZB_603778,国晟科技,光伏设备,-3.0872295
6303,2025-01-27,SH.KC_300141,和顺电气,电网设备,-3.0875864
6304,2025-01-24,SH.ZB_600727,鲁北化工,化学原料,-3.0876079
6305,2025-01-27,SH.KC_301086,鸿富瀚,消费电子,-3.0876153
6306,2025-01-24,SZ.ZB_002027,分众传媒,文化传媒,-3.087674
6307,2025-01-27,SH.KC_301517,陕西华达,电子元件,-3.0877688
6308,2025-01-27,SH.ZB_603185,弘元绿能,光伏设备,-3.0877986
6309,2025-01-24,SH.KC_301226,祥明智能,电机,-3.0878403
6310,2025-01-24,SZ.ZB_000612,焦作万方,有色金属,-3.0881035
6311,2025-01-24,SH.KC_300363,博腾股份,化学制药,-3.0884006
6312,2025-01-24,SH.KC_301113,雅艺科技,装修装饰,-3.0884545
6313,2025-01-24,SH.KC_300562,乐心医疗,医疗器械,-3.0887156
6314,2025-01-27,SZ.ZB_003006,百亚股份,美容护理,-3.0894303
6315,2025-01-24,SH.KC_688468,科美诊断,医疗器械,-3.0901394
6316,2025-01-27,SH.KC_300466,赛摩智能,电网设备,-3.0901835
6317,2025-01-24,SH.ZB_600438,通威股份,光伏设备,-3.090224
6318,2025-01-27,SZ.ZB_002883,中设股份,工程咨询服务,-3.090414
6319,2025-01-24,SH.KC_300223,北京君正,半导体,-3.0909975
6320,2025-01-24,SH.KC_300180,华峰超纤,塑料制品,-3.09108
6321,2025-01-24,SH.KC_301469,恒达新材,造纸印刷,-3.0911338
6322,2025-01-27,SH.ZB_601928,凤凰传媒,文化传媒,-3.0911396
6323,2025-01-24,SZ.ZB_000985,大庆华科,化学制品,-3.0911465
6324,2025-01-27,SH.ZB_603041,美思德,化学制品,-3.0912328
6325,2025-01-27,SZ.ZB_000698,沈阳化工,石油行业,-3.091419
6326,2025-01-27,SH.ZB_603025,大豪科技,专用设备,-3.0915058
6327,2025-01-24,SZ.ZB_002868,绿康生化,农药兽药,-3.091743
6328,2025-01-27,SH.ZB_601872,招商轮船,航运港口,-3.091857
6329,2025-01-24,SZ.ZB_000096,广聚能源,石油行业,-3.0928056
6330,2025-01-24,SZ.ZB_002806,华锋股份,汽车零部件,-3.093112
6331,2025-01-24,SZ.ZB_000948,南天信息,软件开发,-3.0933356
6332,2025-01-27,SH.KC_300247,融捷健康,家电行业,-3.0933485
6333,2025-01-24,SH.ZB_605287,德才股份,装修装饰,-3.0935576
6334,2025-01-24,SH.KC_688697,纽威数控,通用设备,-3.0938668
6335,2025-01-24,SH.KC_301002,崧盛股份,电网设备,-3.0939064
6336,2025-01-27,SH.KC_300812,易天股份,消费电子,-3.0940998
6337,2025-01-24,SH.KC_688607,康众医疗,医疗器械,-3.0941696
6338,2025-01-27,SH.KC_300286,安科瑞,电网设备,-3.094854
6339,2025-01-27,SH.KC_300885,海昌新材,通用设备,-3.0948763
6340,2025-01-27,SH.KC_300405,科隆股份,化学制品,-3.0951197
6341,2025-01-24,SZ.ZB_002653,海思科,化学制药,-3.095216
6342,2025-01-24,SH.ZB_603815,交建股份,工程建设,-3.095415
6343,2025-01-27,SZ.ZB_002036,联创电子,光学光电子,-3.095426
6344,2025-01-27,SZ.ZB_002806,华锋股份,汽车零部件,-3.0954611
6345,2025-01-27,SZ.ZB_002815,崇达技术,电子元件,-3.095526
6346,2025-01-27,SZ.ZB_000712,锦龙股份,证券,-3.0956812
6347,2025-01-27,SH.ZB_600449,宁夏建材,水泥建材,-3.0956852
6348,2025-01-24,SZ.ZB_002998,优彩资源,化纤行业,-3.0957856
6349,2025-01-27,SH.KC_300207,欣旺达,电池,-3.095848
6350,2025-01-27,SH.KC_688371,菲沃泰,电子元件,-3.0959466
6351,2025-01-27,SZ.ZB_000862,银星能源,电力行业,-3.0960855
6352,2025-01-27,SZ.ZB_002153,石基信息,软件开发,-3.096114
6353,2025-01-27,SZ.ZB_000430,张家界,旅游酒店,-3.096191
6354,2025-01-27,SH.KC_688080,映翰通,通信设备,-3.0962155
6355,2025-01-27,SH.KC_688479,友车科技,汽车服务,-3.0964053
6356,2025-01-24,SZ.ZB_002852,道道全,食品饮料,-3.0969012
6357,2025-01-24,SH.KC_688478,晶升股份,半导体,-3.0969086
6358,2025-01-24,SZ.ZB_002885,京泉华,消费电子,-3.0971072
6359,2025-01-27,SH.KC_300281,金明精机,专用设备,-3.097162
6360,2025-01-24,SH.ZB_603004,鼎龙科技,化学原料,-3.0971668
6361,2025-01-27,SH.ZB_600082,海泰发展,房地产开发,-3.0972168
6362,2025-01-27,SZ.ZB_000635,英 力 特,化学原料,-3.097251
6363,2025-01-27,SH.ZB_600708,光明地产,房地产开发,-3.0972767
6364,2025-01-24,SH.KC_301181,标榜股份,汽车零部件,-3.0973575
6365,2025-01-27,SH.KC_688531,日联科技,专用设备,-3.097405
6366,2025-01-24,SH.ZB_600330,天通股份,非金属材料,-3.0976164
6367,2025-01-27,SH.KC_300920,润阳科技,塑料制品,-3.0978386
6368,2025-01-27,SZ.ZB_001229,魅视科技,计算机设备,-3.0986326
6369,2025-01-24,SZ.ZB_000100,TCL科技,光学光电子,-3.098696
6370,2025-01-27,SH.KC_300319,麦捷科技,光学光电子,-3.0987718
6371,2025-01-27,SH.ZB_601099,太平洋,证券,-3.0988996
6372,2025-01-24,SH.KC_300290,荣科科技,互联网服务,-3.0990262
6373,2025-01-24,SH.KC_301158,德石股份,专用设备,-3.0993652
6374,2025-01-27,SH.ZB_603877,太平鸟,纺织服装,-3.0994232
6375,2025-01-24,SZ.ZB_002363,隆基机械,汽车零部件,-3.0997813
6376,2025-01-24,SH.KC_300808,久量股份,光学光电子,-3.099987
6377,2025-01-24,SZ.ZB_001216,华瓷股份,装修建材,-3.100053
6378,2025-01-27,SH.KC_301233,盛帮股份,橡胶制品,-3.1000652
6379,2025-01-24,SH.ZB_603393,新天然气,燃气,-3.10024
6380,2025-01-27,SH.KC_301555,惠柏新材,化学制品,-3.1003168
6381,2025-01-27,SH.KC_688285,高铁电气,交运设备,-3.100439
6382,2025-01-27,SH.ZB_600615,丰华股份,小金属,-3.1005173
6383,2025-01-24,SZ.ZB_002763,汇洁股份,纺织服装,-3.1006498
6384,2025-01-24,SH.KC_688466,金科环境,环保行业,-3.1006567
6385,2025-01-24,SH.KC_688510,航亚科技,航天航空,-3.1007628
6386,2025-01-27,SH.ZB_603222,济民健康,化学制药,-3.1008415
6387,2025-01-27,SZ.ZB_002003,伟星股份,纺织服装,-3.100848
6388,2025-01-24,SZ.ZB_001301,尚太科技,非金属材料,-3.1010365
6389,2025-01-27,SH.KC_300279,和晶科技,消费电子,-3.1010573
6390,2025-01-27,SH.KC_688683,莱尔科技,消费电子,-3.1012053
6391,2025-01-27,SH.KC_300257,开山股份,通用设备,-3.1012676
6392,2025-01-24,SH.KC_300877,金春股份,纺织服装,-3.1013262
6393,2025-01-24,SZ.ZB_002226,江南化工,化学制品,-3.101347
6394,2025-01-27,SZ.ZB_000541,佛山照明,家电行业,-3.1015408
6395,2025-01-24,SZ.ZB_002681,奋达科技,消费电子,-3.1015854
6396,2025-01-27,SZ.ZB_000582,北部湾港,航运港口,-3.1016037
6397,2025-01-27,SH.KC_688528,秦川物联,仪器仪表,-3.1018348
6398,2025-01-27,SZ.ZB_002019,亿帆医药,化学制药,-3.101845
6399,2025-01-24,SH.KC_300772,运达股份,风电设备,-3.1020296
6400,2025-01-27,SH.KC_301321,翰博高新,光学光电子,-3.102071
6401,2025-01-27,SZ.ZB_002998,优彩资源,化纤行业,-3.1024275
6402,2025-01-27,SH.KC_301055,张小泉,通用设备,-3.1025198
6403,2025-01-27,SZ.ZB_002337,赛象科技,专用设备,-3.1029806
6404,2025-01-27,SH.KC_300535,达威股份,化学制品,-3.1030216
6405,2025-01-24,SH.KC_300698,万马科技,通信设备,-3.1030416
6406,2025-01-27,SH.KC_300621,维业股份,装修装饰,-3.103086
6407,2025-01-24,SH.KC_300228,富瑞特装,专用设备,-3.1035714
6408,2025-01-27,SH.KC_688032,禾迈股份,光伏设备,-3.1035986
6409,2025-01-27,SZ.ZB_002429,兆驰股份,家电行业,-3.103677
6410,2025-01-27,SZ.ZB_002128,电投能源,煤炭行业,-3.104014
6411,2025-01-24,SZ.ZB_002823,凯中精密,电机,-3.1042154
6412,2025-01-24,SH.KC_300844,山水比德,工程咨询服务,-3.1045816
6413,2025-01-27,SZ.ZB_001230,劲旅环境,环保行业,-3.1046147
6414,2025-01-27,SH.KC_300154,瑞凌股份,通用设备,-3.1049147
6415,2025-01-24,SH.ZB_600383,金地集团,房地产开发,-3.1050296
6416,2025-01-24,SH.ZB_603713,密尔克卫,物流行业,-3.1056855
6417,2025-01-24,SH.KC_300842,帝科股份,光伏设备,-3.105719
6418,2025-01-27,SZ.ZB_000928,中钢国际,工程咨询服务,-3.106172
6419,2025-01-27,SH.KC_300278,华昌达,通用设备,-3.1066992
6420,2025-01-24,SH.ZB_600396,华电辽能,电力行业,-3.1069112
6421,2025-01-27,SZ.ZB_002350,北京科锐,电网设备,-3.1069887
6422,2025-01-27,SH.KC_300061,旗天科技,文化传媒,-3.1070476
6423,2025-01-27,SH.KC_300375,鹏翎股份,汽车零部件,-3.10709
6424,2025-01-27,SH.ZB_605499,东鹏饮料,食品饮料,-3.1071408
6425,2025-01-27,SZ.ZB_000901,航天科技,汽车零部件,-3.1072245
6426,2025-01-27,SH.ZB_603885,吉祥航空,航空机场,-3.1074183
6427,2025-01-27,SZ.ZB_002927,泰永长征,电网设备,-3.107548
6428,2025-01-24,SH.ZB_603219,富佳股份,家电行业,-3.1077812
6429,2025-01-27,SH.KC_300929,华骐环保,环保行业,-3.1079166
6430,2025-01-27,SH.KC_301212,联盛化学,化学制品,-3.107988
6431,2025-01-27,SH.KC_300644,南京聚隆,塑料制品,-3.108005
6432,2025-01-27,SH.KC_688549,中巨芯-U,电子化学品,-3.1080651
6433,2025-01-27,SH.ZB_603897,长城科技,电网设备,-3.1082451
6434,2025-01-27,SH.ZB_600728,佳都科技,软件开发,-3.108354
6435,2025-01-27,SH.KC_300187,永清环保,环保行业,-3.1083665
6436,2025-01-24,SH.ZB_600222,太龙药业,中药,-3.1084063
6437,2025-01-27,SZ.ZB_002311,海大集团,农牧饲渔,-3.1084175
6438,2025-01-24,SH.ZB_600612,老凤祥,珠宝首饰,-3.1086059
6439,2025-01-24,SH.ZB_603616,韩建河山,水泥建材,-3.1086075
6440,2025-01-27,SZ.ZB_000921,海信家电,家电行业,-3.1086154
6441,2025-01-24,SH.ZB_600718,东软集团,互联网服务,-3.1086366
6442,2025-01-24,SH.ZB_600999,招商证券,证券,-3.1089132
6443,2025-01-27,SH.KC_300131,英唐智控,消费电子,-3.1090815
6444,2025-01-27,SH.KC_300993,玉马科技,家用轻工,-3.1096473
6445,2025-01-27,SZ.ZB_002845,同兴达,光学光电子,-3.1097248
6446,2025-01-24,SH.ZB_605577,龙版传媒,文化传媒,-3.1099102
6447,2025-01-27,SH.ZB_603909,建发合诚,工程咨询服务,-3.1100507
6448,2025-01-27,SH.KC_300816,艾可蓝,汽车零部件,-3.1101265
6449,2025-01-27,SH.KC_688273,麦澜德,医疗器械,-3.110597
6450,2025-01-27,SH.KC_688499,利元亨,电池,-3.1108255
6451,2025-01-27,SH.KC_300076,GQY视讯,光学光电子,-3.111526
6452,2025-01-27,SH.KC_301188,力诺药包,玻璃玻纤,-3.1117368
6453,2025-01-27,SH.KC_688197,首药控股-U,生物制品,-3.1117494
6454,2025-01-27,SH.KC_688558,国盛智科,通用设备,-3.112101
6455,2025-01-27,SH.KC_688135,利扬芯片,半导体,-3.1121998
6456,2025-01-27,SZ.ZB_002683,广东宏大,采掘行业,-3.112444
6457,2025-01-24,SH.ZB_603203,快克智能,专用设备,-3.1127539
6458,2025-01-27,SZ.ZB_000767,晋控电力,电力行业,-3.112853
6459,2025-01-27,SH.ZB_601969,海南矿业,钢铁行业,-3.1129398
6460,2025-01-24,SH.KC_688314,康拓医疗,医疗器械,-3.1131213
6461,2025-01-27,SH.KC_300710,万隆光电,通信设备,-3.1132898
6462,2025-01-27,SH.ZB_603199,九华旅游,旅游酒店,-3.1134968
6463,2025-01-24,SH.KC_301066,万事利,纺织服装,-3.1141973
6464,2025-01-24,SZ.ZB_002743,富煌钢构,水泥建材,-3.1142635
6465,2025-01-27,SH.ZB_600293,三峡新材,玻璃玻纤,-3.1147711
6466,2025-01-24,SH.ZB_600120,浙江东方,多元金融,-3.1149678
6467,2025-01-27,SH.KC_300732,设研院,工程咨询服务,-3.1151137
6468,2025-01-27,SZ.ZB_000953,河化股份,化学制药,-3.115454
6469,2025-01-27,SH.ZB_603030,全筑股份,装修装饰,-3.115521
6470,2025-01-27,SH.KC_300241,瑞丰光电,光学光电子,-3.1156201
6471,2025-01-24,SH.KC_688201,信安世纪,软件开发,-3.116024
6472,2025-01-27,SH.KC_688616,西力科技,电网设备,-3.1160367
6473,2025-01-24,SH.KC_301331,恩威医药,中药,-3.1165545
6474,2025-01-27,SZ.ZB_002778,中晟高科,石油行业,-3.116593
6475,2025-01-24,SH.KC_300837,浙矿股份,专用设备,-3.1167421
6476,2025-01-27,SH.ZB_600460,士兰微,半导体,-3.1168277
6477,2025-01-24,SH.ZB_600192,长城电工,电网设备,-3.1168456
6478,2025-01-27,SH.ZB_600654,中安科,软件开发,-3.116906
6479,2025-01-27,SH.KC_300239,东宝生物,生物制品,-3.1171532
6480,2025-01-27,SZ.ZB_002011,盾安环境,家电行业,-3.1176045
6481,2025-01-24,SH.ZB_603506,南都物业,房地产服务,-3.1177425
6482,2025-01-27,SH.ZB_600791,京能置业,房地产开发,-3.1178608
6483,2025-01-24,SH.ZB_605166,聚合顺,化学制品,-3.1178749
6484,2025-01-27,SH.ZB_603908,牧高笛,纺织服装,-3.1179218
6485,2025-01-27,SH.ZB_603006,联明股份,汽车零部件,-3.118421
6486,2025-01-24,SH.ZB_600390,五矿资本,多元金融,-3.1186686
6487,2025-01-24,SZ.ZB_002635,安洁科技,消费电子,-3.118709
6488,2025-01-24,SZ.ZB_000962,东方钽业,小金属,-3.1189487
6489,2025-01-27,SH.ZB_601136,首创证券,证券,-3.1190054
6490,2025-01-27,SH.ZB_601619,嘉泽新能,电力行业,-3.1192718
6491,2025-01-27,SZ.ZB_000802,北京文化,文化传媒,-3.1193552
6492,2025-01-27,SH.KC_301339,通行宝,软件开发,-3.1194422
6493,2025-01-24,SH.ZB_603235,天新药业,食品饮料,-3.119534
6494,2025-01-27,SH.KC_688726,拉普拉斯,光伏设备,-3.1201172
6495,2025-01-27,SH.KC_688183,生益电子,电子元件,-3.1205828
6496,2025-01-24,SH.ZB_605199,葫芦娃,中药,-3.1206782
6497,2025-01-24,SH.ZB_600476,湘邮科技,软件开发,-3.120903
6498,2025-01-27,SH.ZB_601010,文峰股份,商业百货,-3.121184
6499,2025-01-27,SZ.ZB_000158,常山北明,综合行业,-3.1212573
6500,2025-01-24,SH.ZB_600088,中视传媒,文化传媒,-3.1212766
6501,2025-01-27,SH.KC_301040,中环海陆,风电设备,-3.1220527
6502,2025-01-27,SH.KC_688579,山大地纬,软件开发,-3.122146
6503,2025-01-27,SZ.ZB_000617,中油资本,多元金融,-3.1222832
6504,2025-01-24,SH.KC_300441,鲍斯股份,通用设备,-3.1225834
6505,2025-01-27,SH.KC_300675,建科院,工程咨询服务,-3.1228435
6506,2025-01-27,SH.ZB_603577,汇金通,电网设备,-3.1228628
6507,2025-01-24,SH.KC_300911,亿田智能,家电行业,-3.1229653
6508,2025-01-24,SH.KC_300888,稳健医疗,美容护理,-3.1229832
6509,2025-01-27,SH.KC_688401,路维光电,半导体,-3.1231775
6510,2025-01-24,SH.KC_301105,鸿铭股份,专用设备,-3.123792
6511,2025-01-27,SH.KC_300656,民德电子,电子元件,-3.1238961
6512,2025-01-27,SH.ZB_603235,天新药业,食品饮料,-3.1239097
6513,2025-01-27,SH.KC_301499,维科精密,汽车零部件,-3.1245635
6514,2025-01-27,SZ.ZB_002696,百洋股份,农牧饲渔,-3.1247394
6515,2025-01-27,SH.KC_688315,诺禾致源,医疗服务,-3.1249278
6516,2025-01-24,SZ.ZB_002541,鸿路钢构,水泥建材,-3.125165
6517,2025-01-24,SH.KC_300884,狄耐克,计算机设备,-3.1255882
6518,2025-01-24,SZ.ZB_001256,炜冈科技,专用设备,-3.126161
6519,2025-01-24,SH.ZB_603289,泰瑞机器,专用设备,-3.126281
6520,2025-01-24,SH.ZB_605255,天普股份,汽车零部件,-3.1264496
6521,2025-01-24,SZ.ZB_002174,游族网络,游戏,-3.126951
6522,2025-01-24,SH.KC_688023,安恒信息,软件开发,-3.1272132
6523,2025-01-27,SZ.ZB_002948,青岛银行,银行,-3.1272848
6524,2025-01-27,SH.KC_300998,宁波方正,汽车零部件,-3.1278443
6525,2025-01-27,SH.KC_688045,必易微,半导体,-3.1279042
6526,2025-01-27,SH.ZB_600570,恒生电子,软件开发,-3.128016
6527,2025-01-24,SH.KC_688092,爱科科技,专用设备,-3.1282022
6528,2025-01-27,SH.KC_300670,大烨智能,电网设备,-3.128361
6529,2025-01-24,SH.ZB_603019,中科曙光,计算机设备,-3.1284254
6530,2025-01-24,SH.KC_300155,安居宝,计算机设备,-3.1284406
6531,2025-01-24,SH.ZB_603969,银龙股份,通用设备,-3.1290576
6532,2025-01-24,SH.KC_300126,锐奇股份,通用设备,-3.1294532
6533,2025-01-27,SZ.ZB_002255,海陆重工,电源设备,-3.12955
6534,2025-01-27,SZ.ZB_002073,软控股份,专用设备,-3.1299253
6535,2025-01-27,SZ.ZB_000633,合金投资,有色金属,-3.1305037
6536,2025-01-24,SH.KC_300306,远方信息,仪器仪表,-3.1306055
6537,2025-01-27,SH.KC_688652,京仪装备,半导体,-3.130683
6538,2025-01-27,SH.ZB_601555,东吴证券,证券,-3.1308818
6539,2025-01-27,SH.KC_300304,云意电气,汽车零部件,-3.13102
6540,2025-01-24,SH.KC_301398,星源卓镁,汽车零部件,-3.131152
6541,2025-01-24,SZ.ZB_000729,燕京啤酒,酿酒行业,-3.131191
6542,2025-01-24,SH.ZB_600448,华纺股份,纺织服装,-3.1313858
6543,2025-01-24,SH.KC_300176,鸿特科技,汽车零部件,-3.131401
6544,2025-01-27,SZ.ZB_002543,万和电气,家电行业,-3.1315453
6545,2025-01-24,SH.ZB_600605,汇通能源,房地产服务,-3.1322665
6546,2025-01-27,SZ.ZB_002258,利尔化学,农药兽药,-3.1324155
6547,2025-01-24,SH.KC_301603,乔锋智能,通用设备,-3.1324737
6548,2025-01-24,SH.KC_688019,安集科技,电子化学品,-3.13281
6549,2025-01-27,SH.KC_300884,狄耐克,计算机设备,-3.133171
6550,2025-01-24,SH.KC_300854,中兰环保,环保行业,-3.1332023
6551,2025-01-24,SH.ZB_603273,天元智能,专用设备,-3.133222
6552,2025-01-27,SH.KC_688247,宣泰医药,生物制品,-3.1334255
6553,2025-01-24,SH.ZB_600105,永鼎股份,通信设备,-3.13354
6554,2025-01-27,SH.KC_688150,莱特光电,光学光电子,-3.1342025
6555,2025-01-27,SH.KC_688690,纳微科技,化学制药,-3.134597
6556,2025-01-27,SH.KC_688375,国博电子,电子元件,-3.1348042
6557,2025-01-27,SH.KC_300430,诚益通,通用设备,-3.1352055
6558,2025-01-27,SH.KC_688687,凯因科技,生物制品,-3.1353123
6559,2025-01-27,SZ.ZB_002961,瑞达期货,多元金融,-3.1356483
6560,2025-01-27,SH.ZB_600610,中毅达,化学原料,-3.1356852
6561,2025-01-27,SH.KC_301421,波长光电,光学光电子,-3.1358495
6562,2025-01-27,SH.ZB_603778,国晟科技,光伏设备,-3.135933
6563,2025-01-24,SZ.ZB_002782,可立克,消费电子,-3.135934
6564,2025-01-24,SH.ZB_603613,国联股份,互联网服务,-3.1360772
6565,2025-01-27,SH.KC_301218,华是科技,软件开发,-3.1364164
6566,2025-01-24,SH.ZB_605300,佳禾食品,食品饮料,-3.1366506
6567,2025-01-27,SH.KC_300562,乐心医疗,医疗器械,-3.1372178
6568,2025-01-24,SH.ZB_605305,中际联合,风电设备,-3.1372316
6569,2025-01-27,SH.KC_300462,华铭智能,交运设备,-3.1372552
6570,2025-01-27,SH.KC_688091,上海谊众,化学制药,-3.1373625
6571,2025-01-27,SH.ZB_603198,迎驾贡酒,酿酒行业,-3.137387
6572,2025-01-24,SZ.ZB_002001,新 和 成,化学制药,-3.1375382
6573,2025-01-24,SH.KC_300043,星辉娱乐,游戏,-3.1375747
6574,2025-01-24,SH.KC_688376,美埃科技,环保行业,-3.1377509
6575,2025-01-27,SH.ZB_601965,中国汽研,汽车服务,-3.1378713
6576,2025-01-27,SH.ZB_601077,渝农商行,银行,-3.1383739
6577,2025-01-27,SH.KC_688089,嘉必优,食品饮料,-3.1385076
6578,2025-01-24,SH.KC_301319,唯特偶,电子元件,-3.138684
6579,2025-01-27,SH.ZB_603393,新天然气,燃气,-3.1388807
6580,2025-01-27,SH.KC_300594,朗进科技,交运设备,-3.1399462
6581,2025-01-27,SH.ZB_603256,宏和科技,玻璃玻纤,-3.140121
6582,2025-01-15,SH.KC_688667,菱电电控,汽车零部件,-3.1403058
6583,2025-01-24,SH.KC_300945,曼卡龙,珠宝首饰,-3.140417
6584,2025-01-27,SH.KC_300174,元力股份,化学制品,-3.1404252
6585,2025-01-27,SH.KC_300755,华致酒行,贸易行业,-3.1405137
6586,2025-01-27,SH.KC_688373,盟科药业-U,生物制品,-3.1406016
6587,2025-01-27,SH.ZB_601698,中国卫通,通信服务,-3.1406999
6588,2025-01-27,SZ.ZB_002678,珠江钢琴,家用轻工,-3.1408682
6589,2025-01-24,SH.KC_301308,江波龙,半导体,-3.1409316
6590,2025-01-27,SH.KC_301293,三博脑科,医疗服务,-3.1409688
6591,2025-01-27,SH.KC_301072,中捷精工,汽车零部件,-3.141007
6592,2025-01-27,SH.ZB_603855,华荣股份,专用设备,-3.14166
6593,2025-01-27,SH.KC_301489,思泉新材,消费电子,-3.14176
6594,2025-01-27,SH.KC_688539,高华科技,电子元件,-3.1420798
6595,2025-01-24,SZ.ZB_002803,吉宏股份,文化传媒,-3.1422322
6596,2025-01-27,SH.ZB_600171,上海贝岭,半导体,-3.1424403
6597,2025-01-24,SH.KC_301141,中科磁业,小金属,-3.1425302
6598,2025-01-27,SH.KC_688331,荣昌生物,生物制品,-3.1428106
6599,2025-01-27,SZ.ZB_002987,京北方,软件开发,-3.1429708
6600,2025-01-24,SH.KC_300669,沪宁股份,专用设备,-3.1429853
6601,2025-01-24,SH.KC_300848,美瑞新材,化学制品,-3.143258
6602,2025-01-24,SH.ZB_603198,迎驾贡酒,酿酒行业,-3.1442258
6603,2025-01-24,SZ.ZB_002440,闰土股份,化学制品,-3.1442676
6604,2025-01-24,SZ.ZB_002165,红 宝 丽,化学制品,-3.1443994
6605,2025-01-27,SZ.ZB_002856,美芝股份,装修装饰,-3.1445124
6606,2025-01-24,SZ.ZB_000815,美利云,造纸印刷,-3.1450484
6607,2025-01-24,SZ.ZB_002568,百润股份,酿酒行业,-3.1451435
6608,2025-01-27,SZ.ZB_002802,洪汇新材,化学制品,-3.1456504
6609,2025-01-27,SH.KC_300478,杭州高新,塑料制品,-3.1457663
6610,2025-01-27,SH.KC_300351,永贵电器,交运设备,-3.1459816
6611,2025-01-27,SH.KC_301548,崇德科技,通用设备,-3.1465027
6612,2025-01-27,SZ.ZB_002046,国机精工,通用设备,-3.146745
6613,2025-01-27,SH.ZB_600571,信雅达,互联网服务,-3.1469166
6614,2025-01-24,SH.ZB_603727,博迈科,采掘行业,-3.1471121
6615,2025-01-27,SH.KC_300457,赢合科技,电池,-3.1477115
6616,2025-01-27,SH.KC_301037,保立佳,化学制品,-3.1478596
6617,2025-01-27,SH.ZB_603657,春光科技,家电行业,-3.1482518
6618,2025-01-27,SH.ZB_605299,舒华体育,家用轻工,-3.148283
6619,2025-01-24,SZ.ZB_002767,先锋电子,仪器仪表,-3.1484156
6620,2025-01-24,SH.ZB_600501,航天晨光,专用设备,-3.1484907
6621,2025-01-24,SZ.ZB_002898,赛隆药业,化学制药,-3.148729
6622,2025-01-27,SZ.ZB_002001,新 和 成,化学制药,-3.1491828
6623,2025-01-24,SH.KC_300597,吉大通信,通信服务,-3.1493385
6624,2025-01-24,SZ.ZB_000725,京东方Ａ,光学光电子,-3.149353
6625,2025-01-27,SH.KC_300497,富祥药业,化学制药,-3.1494248
6626,2025-01-24,SZ.ZB_002003,伟星股份,纺织服装,-3.1498775
6627,2025-01-27,SH.KC_688593,新相微,半导体,-3.1498835
6628,2025-01-27,SH.KC_301337,亚华电子,软件开发,-3.150041
6629,2025-01-27,SH.KC_301217,铜冠铜箔,电子元件,-3.1501203
6630,2025-01-24,SH.KC_688557,兰剑智能,通用设备,-3.1502016
6631,2025-01-27,SZ.ZB_001373,翔腾新材,光学光电子,-3.150697
6632,2025-01-27,SH.ZB_600285,羚锐制药,中药,-3.1507044
6633,2025-01-24,SZ.ZB_002584,西陇科学,电子化学品,-3.1510732
6634,2025-01-27,SZ.ZB_002909,集泰股份,化学制品,-3.151369
6635,2025-01-24,SH.KC_301138,华研精机,专用设备,-3.1522665
6636,2025-01-24,SH.ZB_603329,上海雅仕,物流行业,-3.1529486
6637,2025-01-27,SH.KC_688026,洁特生物,塑料制品,-3.1531067
6638,2025-01-27,SH.ZB_601500,通用股份,橡胶制品,-3.1536028
6639,2025-01-24,SZ.ZB_002927,泰永长征,电网设备,-3.153642
6640,2025-01-24,SH.KC_300315,掌趣科技,游戏,-3.154033
6641,2025-01-24,SH.KC_300024,机器人,通用设备,-3.1541429
6642,2025-01-27,SH.ZB_600160,巨化股份,化学制品,-3.1541657
6643,2025-01-24,SH.KC_688184,帕瓦股份,电池,-3.1549807
6644,2025-01-27,SH.KC_688379,华光新材,通用设备,-3.1550572
6645,2025-01-24,SH.KC_300487,蓝晓科技,塑料制品,-3.1553164
6646,2025-01-24,SH.KC_300295,三六五网,互联网服务,-3.155503
6647,2025-01-24,SH.KC_300545,联得装备,光学光电子,-3.155762
6648,2025-01-27,SH.ZB_603002,宏昌电子,电子化学品,-3.1558268
6649,2025-01-24,SH.ZB_600847,万里股份,电池,-3.1561792
6650,2025-01-24,SH.KC_688026,洁特生物,塑料制品,-3.1562533
6651,2025-01-27,SH.ZB_603815,交建股份,工程建设,-3.1562638
6652,2025-01-24,SH.KC_300119,瑞普生物,农药兽药,-3.1564004
6653,2025-01-27,SZ.ZB_001201,东瑞股份,农牧饲渔,-3.1564462
6654,2025-01-27,SH.KC_688217,睿昂基因,医疗器械,-3.1567364
6655,2025-01-24,SZ.ZB_002171,楚江新材,有色金属,-3.1569388
6656,2025-01-27,SH.KC_300977,深圳瑞捷,工程咨询服务,-3.1569395
6657,2025-01-24,SH.ZB_601616,广电电气,电网设备,-3.1570482
6658,2025-01-27,SZ.ZB_000797,中国武夷,房地产开发,-3.1570506
6659,2025-01-27,SH.ZB_603863,松炀资源,造纸印刷,-3.1573708
6660,2025-01-27,SH.KC_301379,天山电子,光学光电子,-3.1579192
6661,2025-01-27,SH.ZB_603612,索通发展,非金属材料,-3.1579323
6662,2025-01-24,SH.ZB_600657,信达地产,房地产开发,-3.1581771
6663,2025-01-27,SH.ZB_600222,太龙药业,中药,-3.158249
6664,2025-01-27,SZ.ZB_002268,电科网安,软件开发,-3.158256
6665,2025-01-27,SH.KC_688022,瀚川智能,专用设备,-3.1583374
6666,2025-01-27,SH.ZB_600732,爱旭股份,光伏设备,-3.1584904
6667,2025-01-24,SZ.ZB_001359,平安电工,非金属材料,-3.158586
6668,2025-01-24,SH.KC_688166,博瑞医药,化学制药,-3.1586022
6669,2025-01-27,SH.KC_688355,明志科技,通用设备,-3.1586483
6670,2025-01-27,SH.ZB_600192,长城电工,电网设备,-3.1588976
6671,2025-01-24,SH.ZB_605168,三人行,文化传媒,-3.158902
6672,2025-01-24,SH.KC_300702,天宇股份,化学制药,-3.1589377
6673,2025-01-24,SH.ZB_603277,银都股份,通用设备,-3.1590133
6674,2025-01-24,SH.KC_300339,润和软件,软件开发,-3.1592302
6675,2025-01-24,SH.ZB_600231,凌钢股份,钢铁行业,-3.159532
6676,2025-01-24,SH.KC_688061,灿瑞科技,半导体,-3.1597126
6677,2025-01-24,SZ.ZB_002800,天顺股份,物流行业,-3.1598878
6678,2025-01-24,SZ.ZB_002215,诺 普 信,农药兽药,-3.1606317
6679,2025-01-24,SH.ZB_601818,光大银行,银行,-3.16077
6680,2025-01-27,SH.ZB_603329,上海雅仕,物流行业,-3.160844
6681,2025-01-27,SH.ZB_600478,科力远,电子元件,-3.1611583
6682,2025-01-27,SH.ZB_603727,博迈科,采掘行业,-3.1612582
6683,2025-01-27,SZ.ZB_002475,立讯精密,消费电子,-3.1612892
6684,2025-01-24,SZ.ZB_000922,佳电股份,电机,-3.1612947
6685,2025-01-24,SH.KC_301330,熵基科技,软件开发,-3.1616335
6686,2025-01-24,SZ.ZB_000936,华西股份,化纤行业,-3.1617138
6687,2025-01-27,SH.KC_688329,艾隆科技,专用设备,-3.161813
6688,2025-01-27,SH.ZB_603067,振华股份,化学原料,-3.16195
6689,2025-01-27,SH.ZB_600100,同方股份,计算机设备,-3.1619787
6690,2025-01-27,SH.KC_300326,凯利泰,医疗器械,-3.1620893
6691,2025-01-24,SH.ZB_601999,出版传媒,文化传媒,-3.1621292
6692,2025-01-27,SZ.ZB_000565,渝三峡Ａ,化学制品,-3.1623561
6693,2025-01-27,SH.ZB_603326,我乐家居,装修建材,-3.1625748
6694,2025-01-27,SZ.ZB_002576,通达动力,电机,-3.162641
6695,2025-01-27,SZ.ZB_000663,永安林业,装修建材,-3.1626954
6696,2025-01-24,SH.KC_301285,鸿日达,电子元件,-3.1629734
6697,2025-01-27,SZ.ZB_002318,久立特材,钢铁行业,-3.1631854
6698,2025-01-24,SH.ZB_603697,有友食品,食品饮料,-3.1632617
6699,2025-01-24,SZ.ZB_001225,和泰机电,通用设备,-3.163375
6700,2025-01-27,SH.ZB_603933,睿能科技,半导体,-3.1637635
6701,2025-01-24,SH.ZB_600276,恒瑞医药,化学制药,-3.1638246
6702,2025-01-27,SH.ZB_600638,新黄浦,房地产开发,-3.1640227
6703,2025-01-24,SH.ZB_605218,伟时电子,光学光电子,-3.1641364
6704,2025-01-27,SH.ZB_603798,康普顿,石油行业,-3.1642423
6705,2025-01-24,SH.KC_301359,东南电子,电子元件,-3.1647887
6706,2025-01-27,SH.ZB_603022,新通联,包装材料,-3.165409
6707,2025-01-27,SH.KC_301185,鸥玛软件,软件开发,-3.1660254
6708,2025-01-24,SH.KC_300609,汇纳科技,互联网服务,-3.166073
6709,2025-01-27,SZ.ZB_002689,远大智能,专用设备,-3.166281
6710,2025-01-24,SH.ZB_603220,中贝通信,通信服务,-3.1664803
6711,2025-01-27,SH.KC_301345,涛涛车业,交运设备,-3.1666942
6712,2025-01-27,SZ.ZB_002226,江南化工,化学制品,-3.167
6713,2025-01-27,SH.KC_688155,先惠技术,电池,-3.1672914
6714,2025-01-27,SZ.ZB_002624,完美世界,游戏,-3.1679358
6715,2025-01-24,SH.ZB_603085,天成自控,汽车零部件,-3.1683266
6716,2025-01-27,SH.KC_300773,拉卡拉,软件开发,-3.1687946
6717,2025-01-24,SH.KC_688197,首药控股-U,生物制品,-3.1689868
6718,2025-01-24,SH.ZB_603052,可川科技,电子元件,-3.169016
6719,2025-01-27,SZ.ZB_002851,麦格米特,电源设备,-3.169071
6720,2025-01-24,SZ.ZB_002276,万马股份,电网设备,-3.169236
6721,2025-01-27,SH.KC_300011,鼎汉技术,交运设备,-3.1692817
6722,2025-01-27,SH.KC_688325,赛微微电,半导体,-3.169316
6723,2025-01-24,SH.ZB_603577,汇金通,电网设备,-3.1694279
6724,2025-01-24,SH.KC_688087,英科再生,塑料制品,-3.1695719
6725,2025-01-27,SH.ZB_605287,德才股份,装修装饰,-3.1695983
6726,2025-01-24,SH.ZB_605286,同力日升,专用设备,-3.1696
6727,2025-01-27,SH.ZB_603358,华达科技,汽车零部件,-3.1697268
6728,2025-01-27,SH.KC_688455,科捷智能,通用设备,-3.1699798
6729,2025-01-24,SH.ZB_601336,新华保险,保险,-3.170168
6730,2025-01-24,SH.KC_301251,威尔高,电子元件,-3.1701703
6731,2025-01-27,SH.KC_688568,中科星图,互联网服务,-3.1701856
6732,2025-01-24,SH.KC_301188,力诺药包,玻璃玻纤,-3.1705372
6733,2025-01-24,SH.ZB_603135,中重科技,专用设备,-3.1705809
6734,2025-01-27,SH.ZB_603189,网达软件,软件开发,-3.1706486
6735,2025-01-24,SZ.ZB_002274,华昌化工,化肥行业,-3.1706955
6736,2025-01-27,SH.KC_688185,康希诺,生物制品,-3.1708426
6737,2025-01-24,SZ.ZB_002426,胜利精密,通用设备,-3.1711574
6738,2025-01-24,SZ.ZB_002815,崇达技术,电子元件,-3.1712737
6739,2025-01-24,SH.ZB_600316,洪都航空,航天航空,-3.17135
6740,2025-01-27,SH.ZB_603040,新坐标,汽车零部件,-3.1713703
6741,2025-01-24,SH.KC_300239,东宝生物,生物制品,-3.1714485
6742,2025-01-27,SZ.ZB_002572,索菲亚,装修建材,-3.1714995
6743,2025-01-27,SH.KC_688428,诺诚健华-U,生物制品,-3.1719267
6744,2025-01-27,SZ.ZB_002156,通富微电,半导体,-3.172269
6745,2025-01-27,SH.KC_300802,矩子科技,专用设备,-3.1723228
6746,2025-01-24,SH.KC_688981,中芯国际,半导体,-3.1726518
6747,2025-01-27,SH.KC_300789,唐源电气,软件开发,-3.172915
6748,2025-01-27,SH.KC_301319,唯特偶,电子元件,-3.1729574
6749,2025-01-24,SH.ZB_600301,华锡有色,小金属,-3.1735573
6750,2025-01-27,SH.KC_300024,机器人,通用设备,-3.1735606
6751,2025-01-24,SH.ZB_600478,科力远,电子元件,-3.1742902
6752,2025-01-27,SH.KC_300004,南风股份,专用设备,-3.1746328
6753,2025-01-27,SH.ZB_601577,长沙银行,银行,-3.1746664
6754,2025-01-27,SH.KC_300825,阿尔特,汽车服务,-3.1748276
6755,2025-01-24,SZ.ZB_001268,联合精密,通用设备,-3.1750317
6756,2025-01-27,SH.ZB_605588,冠石科技,半导体,-3.1750631
6757,2025-01-24,SZ.ZB_002777,久远银海,互联网服务,-3.175082
6758,2025-01-27,SH.KC_301162,国能日新,软件开发,-3.175123
6759,2025-01-27,SH.KC_300074,华平股份,软件开发,-3.1752467
6760,2025-01-24,SZ.ZB_002845,同兴达,光学光电子,-3.1754336
6761,2025-01-24,SH.ZB_603798,康普顿,石油行业,-3.1755037
6762,2025-01-27,SH.KC_300531,优博讯,计算机设备,-3.1755726
6763,2025-01-24,SH.ZB_601628,中国人寿,保险,-3.1758943
6764,2025-01-24,SH.KC_301196,唯科科技,塑料制品,-3.176127
6765,2025-01-24,SZ.ZB_000833,粤桂股份,综合行业,-3.176149
6766,2025-01-24,SH.ZB_603888,新华网,文化传媒,-3.1764634
6767,2025-01-24,SH.ZB_603722,阿科力,塑料制品,-3.1767116
6768,2025-01-27,SH.KC_300274,阳光电源,光伏设备,-3.17675
6769,2025-01-24,SZ.ZB_002636,金安国纪,电子元件,-3.1769953
6770,2025-01-27,SH.KC_300400,劲拓股份,专用设备,-3.1772237
6771,2025-01-24,SH.KC_688618,三旺通信,通信设备,-3.1774502
6772,2025-01-27,SH.KC_688663,新风光,电网设备,-3.1776927
6773,2025-01-24,SH.KC_301187,欧圣电气,家电行业,-3.1779397
6774,2025-01-27,SH.KC_688171,纬德信息,软件开发,-3.17817
6775,2025-01-24,SH.ZB_603285,键邦股份,化学制品,-3.1782243
6776,2025-01-27,SH.KC_688077,大地熊,小金属,-3.178537
6777,2025-01-27,SH.ZB_600282,南钢股份,钢铁行业,-3.178684
6778,2025-01-24,SH.KC_688550,瑞联新材,电子化学品,-3.1791277
6779,2025-01-27,SH.KC_688117,圣诺生物,化学制药,-3.1791873
6780,2025-01-24,SH.ZB_600963,岳阳林纸,造纸印刷,-3.179492
6781,2025-01-24,SH.ZB_603328,依顿电子,电子元件,-3.1798925
6782,2025-01-27,SZ.ZB_002735,王子新材,包装材料,-3.1803102
6783,2025-01-24,SH.ZB_605100,华丰股份,通用设备,-3.1805542
6784,2025-01-24,SH.ZB_600784,鲁银投资,综合行业,-3.180731
6785,2025-01-27,SH.ZB_603351,威尔药业,化学制药,-3.1808774
6786,2025-01-27,SH.KC_300467,迅游科技,游戏,-3.1810722
6787,2025-01-27,SH.KC_688187,时代电气,交运设备,-3.1810887
6788,2025-01-27,SH.KC_688610,埃科光电,仪器仪表,-3.181316
6789,2025-01-24,SH.KC_301234,五洲医疗,医疗器械,-3.1813588
6790,2025-01-27,SH.KC_300622,博士眼镜,商业百货,-3.181469
6791,2025-01-27,SH.ZB_600839,四川长虹,家电行业,-3.181578
6792,2025-01-27,SH.KC_300979,华利集团,纺织服装,-3.1820252
6793,2025-01-27,SH.ZB_601177,杭齿前进,通用设备,-3.1827178
6794,2025-01-27,SH.KC_301127,天源环保,环保行业,-3.1827688
6795,2025-01-27,SZ.ZB_001379,腾达科技,通用设备,-3.1829343
6796,2025-01-24,SH.ZB_600768,宁波富邦,有色金属,-3.1832786
6797,2025-01-24,SH.KC_688283,坤恒顺维,专用设备,-3.1835942
6798,2025-01-24,SZ.ZB_002821,凯莱英,医疗服务,-3.1836588
6799,2025-01-27,SH.ZB_600481,双良节能,光伏设备,-3.1837351
6800,2025-01-24,SH.KC_300716,泉为科技,光伏设备,-3.183845
6801,2025-01-27,SH.KC_688478,晶升股份,半导体,-3.184079
6802,2025-01-24,SZ.ZB_002826,易明医药,中药,-3.1844373
6803,2025-01-24,SH.KC_301022,海泰科,汽车零部件,-3.1844876
6804,2025-01-24,SZ.ZB_002615,哈尔斯,家用轻工,-3.184532
6805,2025-01-27,SH.KC_301098,金埔园林,工程建设,-3.1845603
6806,2025-01-27,SH.ZB_600386,北巴传媒,汽车服务,-3.184722
6807,2025-01-24,SZ.ZB_002659,凯文教育,教育,-3.1848648
6808,2025-01-27,SH.ZB_605339,南侨食品,食品饮料,-3.1849167
6809,2025-01-24,SH.KC_301045,天禄科技,光学光电子,-3.1852179
6810,2025-01-27,SH.KC_688232,新点软件,软件开发,-3.1852484
6811,2025-01-27,SH.ZB_600810,神马股份,化纤行业,-3.1852775
6812,2025-01-24,SH.ZB_600520,文一科技,专用设备,-3.185339
6813,2025-01-27,SH.ZB_600939,重庆建工,工程建设,-3.1854482
6814,2025-01-24,SH.KC_301335,天元宠物,家用轻工,-3.1856158
6815,2025-01-27,SH.ZB_603058,永吉股份,造纸印刷,-3.18642
6816,2025-01-27,SH.ZB_600498,烽火通信,通信设备,-3.1864486
6817,2025-01-24,SZ.ZB_002543,万和电气,家电行业,-3.1864934
6818,2025-01-24,SH.KC_688598,金博股份,光伏设备,-3.1867146
6819,2025-01-24,SH.ZB_603037,凯众股份,汽车零部件,-3.1867266
6820,2025-01-24,SH.KC_301309,万得凯,通用设备,-3.1867518
6821,2025-01-24,SH.KC_688680,海优新材,光伏设备,-3.1874206
6822,2025-01-27,SH.ZB_603630,拉芳家化,美容护理,-3.1875904
6823,2025-01-27,SH.KC_688612,威迈斯,汽车零部件,-3.1879728
6824,2025-01-27,SH.KC_300842,帝科股份,光伏设备,-3.1879935
6825,2025-01-24,SH.ZB_605179,一鸣食品,食品饮料,-3.1884913
6826,2025-01-24,SZ.ZB_002311,海大集团,农牧饲渔,-3.188579
6827,2025-01-27,SH.KC_301525,儒竞科技,通用设备,-3.188853
6828,2025-01-24,SH.KC_688778,厦钨新能,电池,-3.1892245
6829,2025-01-27,SZ.ZB_001216,华瓷股份,装修建材,-3.1894975
6830,2025-01-24,SZ.ZB_002520,日发精机,通用设备,-3.1895432
6831,2025-01-27,SZ.ZB_002283,天润工业,汽车零部件,-3.1896179
6832,2025-01-27,SZ.ZB_002852,道道全,食品饮料,-3.1896195
6833,2025-01-24,SH.KC_300831,派瑞股份,半导体,-3.1896791
6834,2025-01-24,SH.KC_300936,中英科技,电子元件,-3.1899195
6835,2025-01-27,SZ.ZB_000786,北新建材,装修建材,-3.1900027
6836,2025-01-24,SH.KC_688259,创耀科技,半导体,-3.1900127
6837,2025-01-27,SH.KC_300377,赢时胜,软件开发,-3.1901133
6838,2025-01-27,SH.KC_300633,开立医疗,医疗器械,-3.1902273
6839,2025-01-27,SH.ZB_600390,五矿资本,多元金融,-3.19046
6840,2025-01-27,SH.KC_688157,松井股份,化学制品,-3.1906247
6841,2025-01-24,SZ.ZB_000400,许继电气,电网设备,-3.1911879
6842,2025-01-24,SH.ZB_601298,青岛港,航运港口,-3.1915889
6843,2025-01-27,SZ.ZB_002182,宝武镁业,有色金属,-3.1918283
6844,2025-01-24,SZ.ZB_002106,莱宝高科,光学光电子,-3.1920147
6845,2025-01-24,SH.KC_301366,一博科技,电子元件,-3.192119
6846,2025-01-27,SH.ZB_603213,镇洋发展,化学原料,-3.1924133
6847,2025-01-27,SH.KC_688169,石头科技,家电行业,-3.1924646
6848,2025-01-24,SH.ZB_603819,神力股份,电机,-3.1924653
6849,2025-01-27,SZ.ZB_002990,盛视科技,软件开发,-3.192472
6850,2025-01-27,SZ.ZB_002664,信质集团,汽车零部件,-3.1928833
6851,2025-01-24,SH.KC_688450,光格科技,仪器仪表,-3.1929631
6852,2025-01-24,SZ.ZB_002348,高乐股份,家用轻工,-3.193091
6853,2025-01-27,SH.ZB_603259,药明康德,医疗服务,-3.193152
6854,2025-01-27,SH.KC_301056,森赫股份,专用设备,-3.193529
6855,2025-01-27,SH.KC_301081,严牌股份,环保行业,-3.1935408
6856,2025-01-24,SH.KC_301233,盛帮股份,橡胶制品,-3.1941082
6857,2025-01-27,SZ.ZB_000859,国风新材,塑料制品,-3.1941447
6858,2025-01-24,SZ.ZB_000158,常山北明,综合行业,-3.194558
6859,2025-01-27,SZ.ZB_000007,全新好,房地产服务,-3.1946976
6860,2025-01-24,SH.ZB_603955,大千生态,工程建设,-3.1951177
6861,2025-01-27,SH.KC_300668,杰恩设计,工程咨询服务,-3.1954718
6862,2025-01-27,SH.ZB_605189,富春染织,纺织服装,-3.1957436
6863,2025-01-27,SZ.ZB_000558,莱茵体育,旅游酒店,-3.1957653
6864,2025-01-24,SZ.ZB_002244,滨江集团,房地产开发,-3.1967003
6865,2025-01-24,SH.KC_300912,凯龙高科,汽车零部件,-3.1971037
6866,2025-01-24,SH.KC_300992,泰福泵业,通用设备,-3.1975846
6867,2025-01-27,SH.ZB_601127,赛力斯,汽车整车,-3.197605
6868,2025-01-27,SH.ZB_600797,浙大网新,互联网服务,-3.1978364
6869,2025-01-24,SH.KC_300546,雄帝科技,计算机设备,-3.1979096
6870,2025-01-24,SZ.ZB_002334,英威腾,专用设备,-3.1981144
6871,2025-01-24,SH.KC_688136,科兴制药,生物制品,-3.1985
6872,2025-01-24,SZ.ZB_001313,粤海饲料,农牧饲渔,-3.1987946
6873,2025-01-27,SZ.ZB_000915,华特达因,化学制药,-3.1988125
6874,2025-01-27,SH.ZB_600626,申达股份,汽车零部件,-3.198866
6875,2025-01-27,SH.KC_688598,金博股份,光伏设备,-3.198944
6876,2025-01-27,SH.ZB_600543,莫高股份,酿酒行业,-3.1991746
6877,2025-01-24,SH.KC_301186,超达装备,汽车零部件,-3.1991813
6878,2025-01-24,SH.KC_688600,皖仪科技,仪器仪表,-3.1993225
6879,2025-01-24,SH.KC_300543,朗科智能,消费电子,-3.1995416
6880,2025-01-24,SH.KC_688368,晶丰明源,半导体,-3.1996872
6881,2025-01-27,SZ.ZB_002042,华孚时尚,纺织服装,-3.200116
6882,2025-01-24,SH.ZB_603029,天鹅股份,专用设备,-3.2005467
6883,2025-01-27,SH.ZB_603660,苏州科达,计算机设备,-3.200582
6884,2025-01-27,SZ.ZB_002787,华源控股,包装材料,-3.2006788
6885,2025-01-24,SZ.ZB_002333,罗普斯金,装修建材,-3.2009454
6886,2025-01-24,SZ.ZB_002409,雅克科技,电子化学品,-3.2010503
6887,2025-01-27,SZ.ZB_002532,天山铝业,有色金属,-3.2011044
6888,2025-01-27,SZ.ZB_000969,安泰科技,通用设备,-3.2011554
6889,2025-01-24,SH.ZB_605196,华通线缆,电网设备,-3.2011774
6890,2025-01-27,SH.KC_301282,金禄电子,电子元件,-3.2014608
6891,2025-01-27,SH.KC_688319,欧林生物,生物制品,-3.2016468
6892,2025-01-24,SH.KC_300131,英唐智控,消费电子,-3.201976
6893,2025-01-27,SH.ZB_603613,国联股份,互联网服务,-3.2019846
6894,2025-01-27,SH.KC_301053,远信工业,专用设备,-3.2020292
6895,2025-01-27,SH.KC_300265,通光线缆,电网设备,-3.2020445
6896,2025-01-27,SZ.ZB_000793,华闻集团,文化传媒,-3.2021067
6897,2025-01-24,SH.KC_301083,百胜智能,专用设备,-3.2021098
6898,2025-01-24,SH.ZB_603073,彩蝶实业,纺织服装,-3.2022066
6899,2025-01-24,SZ.ZB_002708,光洋股份,汽车零部件,-3.202233
6900,2025-01-24,SZ.ZB_000793,华闻集团,文化传媒,-3.2024384
6901,2025-01-24,SH.ZB_600604,市北高新,房地产服务,-3.2024431
6902,2025-01-27,SZ.ZB_001323,慕思股份,家用轻工,-3.2028265
6903,2025-01-24,SZ.ZB_002012,凯恩股份,造纸印刷,-3.2028503
6904,2025-01-27,SH.KC_300903,科翔股份,电子元件,-3.2029808
6905,2025-01-24,SZ.ZB_003029,吉大正元,软件开发,-3.2030363
6906,2025-01-24,SH.KC_300059,东方财富,互联网服务,-3.2031054
6907,2025-01-27,SH.KC_688221,前沿生物-U,化学制药,-3.2033057
6908,2025-01-24,SH.ZB_603096,新经典,文化传媒,-3.2034855
6909,2025-01-24,SH.KC_688628,优利德,仪器仪表,-3.2037933
6910,2025-01-27,SH.KC_300487,蓝晓科技,塑料制品,-3.203996
6911,2025-01-24,SH.KC_688509,正元地信,互联网服务,-3.2041197
6912,2025-01-24,SH.ZB_603087,甘李药业,生物制品,-3.2041674
6913,2025-01-24,SH.KC_301499,维科精密,汽车零部件,-3.2044988
6914,2025-01-27,SZ.ZB_000935,四川双马,水泥建材,-3.2046895
6915,2025-01-27,SZ.ZB_001260,坤泰股份,汽车零部件,-3.2047212
6916,2025-01-27,SH.ZB_605162,新中港,公用事业,-3.2051902
6917,2025-01-24,SZ.ZB_002841,视源股份,消费电子,-3.2052245
6918,2025-01-27,SH.ZB_600721,百花医药,医疗服务,-3.2054353
6919,2025-01-27,SZ.ZB_002654,万润科技,文化传媒,-3.2057405
6920,2025-01-24,SZ.ZB_002909,集泰股份,化学制品,-3.2057822
6921,2025-01-27,SZ.ZB_002636,金安国纪,电子元件,-3.205818
6922,2025-01-27,SZ.ZB_002480,新筑股份,通用设备,-3.2059393
6923,2025-01-24,SZ.ZB_002949,华阳国际,工程咨询服务,-3.2061074
6924,2025-01-27,SZ.ZB_002926,华西证券,证券,-3.206151
6925,2025-01-27,SH.KC_300363,博腾股份,化学制药,-3.206375
6926,2025-01-27,SH.KC_301200,大族数控,专用设备,-3.207054
6927,2025-01-27,SH.ZB_603466,风语筑,文化传媒,-3.2070935
6928,2025-01-27,SH.KC_300337,银邦股份,有色金属,-3.2071953
6929,2025-01-27,SH.ZB_603768,常青股份,汽车零部件,-3.207383
6930,2025-01-27,SH.ZB_601818,光大银行,银行,-3.2076042
6931,2025-01-27,SZ.ZB_000415,渤海租赁,多元金融,-3.2077284
6932,2025-01-27,SH.ZB_600218,全柴动力,汽车零部件,-3.207857
6933,2025-01-27,SH.KC_300629,新劲刚,通信设备,-3.2079573
6934,2025-01-27,SH.KC_301300,远翔新材,化学制品,-3.2081556
6935,2025-01-27,SH.KC_300136,信维通信,消费电子,-3.2082598
6936,2025-01-24,SH.ZB_600721,百花医药,医疗服务,-3.208655
6937,2025-01-24,SH.ZB_603256,宏和科技,玻璃玻纤,-3.2086651
6938,2025-01-27,SH.ZB_605088,冠盛股份,汽车零部件,-3.209341
6939,2025-01-24,SZ.ZB_002098,浔兴股份,纺织服装,-3.2095957
6940,2025-01-27,SH.KC_688307,中润光学,光学光电子,-3.2103233
6941,2025-01-24,SH.KC_688418,震有科技,通信设备,-3.2106452
6942,2025-01-27,SH.KC_301307,美利信,通信设备,-3.2108693
6943,2025-01-27,SZ.ZB_000555,神州信息,互联网服务,-3.2111123
6944,2025-01-24,SH.KC_688192,迪哲医药-U,化学制药,-3.2111819
6945,2025-01-27,SZ.ZB_001296,长江材料,非金属材料,-3.2111897
6946,2025-01-24,SH.ZB_600812,华北制药,化学制药,-3.2117977
6947,2025-01-27,SH.ZB_600968,海油发展,采掘行业,-3.2117982
6948,2025-01-27,SH.KC_300911,亿田智能,家电行业,-3.2118182
6949,2025-01-24,SH.ZB_600099,林海股份,交运设备,-3.2118611
6950,2025-01-24,SH.KC_300988,津荣天宇,通用设备,-3.2119796
6951,2025-01-27,SH.KC_300623,捷捷微电,半导体,-3.2123287
6952,2025-01-24,SH.KC_300445,康斯特,仪器仪表,-3.212623
6953,2025-01-27,SZ.ZB_002045,国光电器,消费电子,-3.2128994
6954,2025-01-27,SH.KC_688272,富吉瑞,光学光电子,-3.213097
6955,2025-01-27,SZ.ZB_002766,索菱股份,互联网服务,-3.2131028
6956,2025-01-24,SH.ZB_603316,诚邦股份,工程建设,-3.21344
6957,2025-01-24,SH.KC_301053,远信工业,专用设备,-3.2136295
6958,2025-01-27,SZ.ZB_002298,中电兴发,软件开发,-3.2139838
6959,2025-01-27,SH.KC_300800,力合科技,环保行业,-3.2143764
6960,2025-01-27,SH.KC_301010,晶雪节能,装修建材,-3.2144837
6961,2025-01-27,SZ.ZB_003031,中瓷电子,通信设备,-3.214599
6962,2025-01-24,SH.ZB_603768,常青股份,汽车零部件,-3.2149115
6963,2025-01-27,SH.KC_300976,达瑞电子,消费电子,-3.2150328
6964,2025-01-27,SZ.ZB_002551,尚荣医疗,医疗器械,-3.2152555
6965,2025-01-24,SH.KC_688455,科捷智能,通用设备,-3.2164931
6966,2025-01-27,SZ.ZB_002377,国创高新,化学制品,-3.2166588
6967,2025-01-24,SH.ZB_605198,安德利,食品饮料,-3.216772
6968,2025-01-27,SZ.ZB_000710,贝瑞基因,医疗器械,-3.2170568
6969,2025-01-24,SH.KC_688323,瑞华泰,塑料制品,-3.2176058
6970,2025-01-27,SZ.ZB_001380,华纬科技,通用设备,-3.2178185
6971,2025-01-24,SH.KC_301161,唯万密封,塑料制品,-3.2178466
6972,2025-01-27,SZ.ZB_002688,金河生物,农药兽药,-3.2184622
6973,2025-01-27,SH.KC_300762,上海瀚讯,通信设备,-3.2192004
6974,2025-01-24,SH.KC_300617,安靠智电,电网设备,-3.2192395
6975,2025-01-24,SH.KC_300512,中亚股份,专用设备,-3.2202702
6976,2025-01-24,SH.KC_688005,容百科技,电池,-3.2203317
6977,2025-01-24,SH.ZB_603158,腾龙股份,汽车零部件,-3.2205806
6978,2025-01-27,SH.KC_300135,宝利国际,化学制品,-3.2205875
6979,2025-01-24,SH.KC_300838,浙江力诺,仪器仪表,-3.220772
6980,2025-01-24,SZ.ZB_001212,中旗新材,装修装饰,-3.2207723
6981,2025-01-24,SH.KC_301121,紫建电子,电池,-3.2209647
6982,2025-01-27,SH.ZB_603160,汇顶科技,半导体,-3.2211833
6983,2025-01-27,SH.KC_300844,山水比德,工程咨询服务,-3.2214007
6984,2025-01-24,SH.KC_300191,潜能恒信,采掘行业,-3.221571
6985,2025-01-24,SZ.ZB_002474,榕基软件,互联网服务,-3.2215862
6986,2025-01-27,SH.KC_300702,天宇股份,化学制药,-3.2215986
6987,2025-01-27,SH.ZB_600558,大西洋,通用设备,-3.2216256
6988,2025-01-24,SH.KC_300928,华安鑫创,汽车零部件,-3.2220285
6989,2025-01-24,SH.ZB_600547,山东黄金,贵金属,-3.2221372
6990,2025-01-24,SZ.ZB_002625,光启技术,航天航空,-3.2223165
6991,2025-01-24,SH.KC_688267,中触媒,化学原料,-3.2229729
6992,2025-01-27,SH.KC_300173,福能东方,专用设备,-3.223027
6993,2025-01-27,SH.KC_301009,可靠股份,美容护理,-3.2231863
6994,2025-01-24,SH.ZB_603496,恒为科技,互联网服务,-3.223274
6995,2025-01-24,SZ.ZB_002606,大连电瓷,电网设备,-3.2234092
6996,2025-01-24,SZ.ZB_003017,大洋生物,化学原料,-3.2234755
6997,2025-01-27,SH.KC_301077,星华新材,化学制品,-3.2235713
6998,2025-01-27,SH.KC_300445,康斯特,仪器仪表,-3.2236145
6999,2025-01-27,SZ.ZB_002474,榕基软件,互联网服务,-3.223635
7000,2025-01-27,SH.ZB_603038,华立股份,装修装饰,-3.2237277
7001,2025-01-24,SH.ZB_600835,上海机电,专用设备,-3.2242823
7002,2025-01-27,SH.KC_301138,华研精机,专用设备,-3.2244287
7003,2025-01-24,SH.ZB_603016,新宏泰,电网设备,-3.2250042
7004,2025-01-27,SZ.ZB_002809,红墙股份,化学制品,-3.2254095
7005,2025-01-24,SH.KC_300632,光莆股份,光学光电子,-3.2254405
7006,2025-01-27,SH.KC_301035,润丰股份,农药兽药,-3.2258406
7007,2025-01-27,SH.KC_688392,骄成超声,专用设备,-3.2258966
7008,2025-01-24,SH.KC_688448,磁谷科技,通用设备,-3.2262013
7009,2025-01-27,SH.ZB_600584,长电科技,半导体,-3.2264338
7010,2025-01-27,SH.KC_301196,唯科科技,塑料制品,-3.226643
7011,2025-01-27,SH.ZB_605228,神通科技,汽车零部件,-3.2268658
7012,2025-01-24,SH.KC_688401,路维光电,半导体,-3.2272518
7013,2025-01-24,SH.KC_688085,三友医疗,医疗器械,-3.227959
7014,2025-01-27,SH.KC_301290,东星医疗,医疗器械,-3.2281485
7015,2025-01-27,SH.ZB_600383,金地集团,房地产开发,-3.2282724
7016,2025-01-27,SH.KC_300564,筑博设计,工程咨询服务,-3.2283313
7017,2025-01-24,SZ.ZB_000034,神州数码,计算机设备,-3.2284434
7018,2025-01-24,SH.KC_688280,精进电动-UW,汽车零部件,-3.2285478
7019,2025-01-27,SH.KC_300691,联合光电,光学光电子,-3.2288373
7020,2025-01-24,SH.ZB_605155,西大门,家用轻工,-3.2290506
7021,2025-01-27,SH.KC_688367,工大高科,交运设备,-3.229087
7022,2025-01-24,SH.KC_301130,西点药业,化学制药,-3.229814
7023,2025-01-27,SH.ZB_600536,中国软件,软件开发,-3.2299335
7024,2025-01-27,SH.ZB_605007,五洲特纸,造纸印刷,-3.229949
7025,2025-01-27,SH.KC_688270,臻镭科技,半导体,-3.2301831
7026,2025-01-27,SH.ZB_603192,汇得科技,化学制品,-3.2303662
7027,2025-01-27,SH.KC_300168,万达信息,互联网服务,-3.2305121
7028,2025-01-27,SH.KC_300883,龙利得,造纸印刷,-3.2306607
7029,2025-01-24,SH.KC_301282,金禄电子,电子元件,-3.2312603
7030,2025-01-27,SH.KC_301023,江南奕帆,电机,-3.231382
7031,2025-01-27,SH.KC_301177,迪阿股份,珠宝首饰,-3.231451
7032,2025-01-24,SH.ZB_603020,爱普股份,食品饮料,-3.231565
7033,2025-01-24,SH.KC_300753,爱朋医疗,医疗器械,-3.2318342
7034,2025-01-27,SH.KC_300545,联得装备,光学光电子,-3.231892
7035,2025-01-27,SH.KC_688665,四方光电,仪器仪表,-3.2319925
7036,2025-01-27,SZ.ZB_001359,平安电工,非金属材料,-3.2320168
7037,2025-01-24,SH.KC_300810,中科海讯,软件开发,-3.2320812
7038,2025-01-24,SZ.ZB_002683,广东宏大,采掘行业,-3.2322752
7039,2025-01-24,SH.ZB_601965,中国汽研,汽车服务,-3.2326243
7040,2025-01-24,SH.ZB_601360,三六零,软件开发,-3.2334428
7041,2025-01-27,SZ.ZB_002195,岩山科技,互联网服务,-3.2340221
7042,2025-01-24,SH.KC_301012,扬电科技,电网设备,-3.2340326
7043,2025-01-27,SH.KC_300291,百纳千成,文化传媒,-3.234135
7044,2025-01-27,SH.ZB_600331,宏达股份,有色金属,-3.2341654
7045,2025-01-27,SZ.ZB_002607,中公教育,教育,-3.2346613
7046,2025-01-27,SH.ZB_603307,扬州金泉,纺织服装,-3.2347293
7047,2025-01-27,SZ.ZB_000933,神火股份,有色金属,-3.2347896
7048,2025-01-27,SH.KC_300155,安居宝,计算机设备,-3.2347925
7049,2025-01-24,SZ.ZB_000560,我爱我家,房地产服务,-3.2348812
7050,2025-01-24,SZ.ZB_002671,龙泉股份,水泥建材,-3.2349958
7051,2025-01-27,SH.ZB_600988,赤峰黄金,贵金属,-3.2350063
7052,2025-01-24,SH.KC_300274,阳光电源,光伏设备,-3.235258
7053,2025-01-27,SH.ZB_600538,国发股份,农药兽药,-3.2353685
7054,2025-01-24,SH.KC_688084,晶品特装,专用设备,-3.2354777
7055,2025-01-27,SH.ZB_600120,浙江东方,多元金融,-3.2355912
7056,2025-01-24,SH.KC_300375,鹏翎股份,汽车零部件,-3.235744
7057,2025-01-27,SH.KC_688021,奥福环保,环保行业,-3.2359238
7058,2025-01-27,SZ.ZB_002026,山东威达,通用设备,-3.2361827
7059,2025-01-24,SH.ZB_600052,东望时代,公用事业,-3.236388
7060,2025-01-24,SH.KC_300872,天阳科技,互联网服务,-3.236464
7061,2025-01-24,SZ.ZB_002624,完美世界,游戏,-3.23654
7062,2025-01-24,SH.KC_300479,神思电子,计算机设备,-3.2366033
7063,2025-01-24,SH.KC_300700,岱勒新材,通用设备,-3.2366998
7064,2025-01-27,SH.KC_688222,成都先导,医疗服务,-3.2369535
7065,2025-01-24,SH.KC_300074,华平股份,软件开发,-3.2370906
7066,2025-01-27,SZ.ZB_002991,甘源食品,食品饮料,-3.2371457
7067,2025-01-24,SH.KC_300549,优德精密,专用设备,-3.2373004
7068,2025-01-27,SZ.ZB_002363,隆基机械,汽车零部件,-3.2373543
7069,2025-01-27,SH.KC_300151,昌红科技,专用设备,-3.2373686
7070,2025-01-27,SH.ZB_603005,晶方科技,半导体,-3.2375674
7071,2025-01-27,SH.KC_300786,国林科技,环保行业,-3.2377157
7072,2025-01-24,SH.ZB_600498,烽火通信,通信设备,-3.2377474
7073,2025-01-24,SZ.ZB_001236,弘业期货,多元金融,-3.2380328
7074,2025-01-24,SZ.ZB_000997,新 大 陆,互联网服务,-3.238304
7075,2025-01-27,SH.ZB_603595,东尼电子,消费电子,-3.2393868
7076,2025-01-24,SZ.ZB_000002,万  科Ａ,房地产开发,-3.2395606
7077,2025-01-27,SZ.ZB_000905,厦门港务,航运港口,-3.2398567
7078,2025-01-27,SH.KC_300558,贝达药业,化学制药,-3.24009
7079,2025-01-27,SH.ZB_603206,嘉环科技,通信服务,-3.2401931
7080,2025-01-27,SZ.ZB_002274,华昌化工,化肥行业,-3.2404513
7081,2025-01-27,SH.ZB_600007,中国国贸,房地产开发,-3.2405171
7082,2025-01-27,SH.ZB_600699,均胜电子,汽车零部件,-3.240601
7083,2025-01-24,SH.ZB_601969,海南矿业,钢铁行业,-3.2411852
7084,2025-01-24,SH.KC_301510,固高科技,仪器仪表,-3.2411985
7085,2025-01-27,SZ.ZB_002947,恒铭达,消费电子,-3.2416458
7086,2025-01-24,SH.KC_300960,通业科技,交运设备,-3.241662
7087,2025-01-27,SH.KC_688271,联影医疗,医疗器械,-3.2416806
7088,2025-01-24,SH.KC_688355,明志科技,通用设备,-3.2419338
7089,2025-01-27,SZ.ZB_000737,北方铜业,有色金属,-3.2420952
7090,2025-01-27,SH.KC_300050,世纪鼎利,通信服务,-3.2425601
7091,2025-01-27,SZ.ZB_002177,御银股份,计算机设备,-3.2428377
7092,2025-01-27,SZ.ZB_002187,广百股份,商业百货,-3.2430124
7093,2025-01-24,SZ.ZB_002056,横店东磁,光伏设备,-3.2432663
7094,2025-01-24,SH.ZB_603683,晶华新材,化学制品,-3.243318
7095,2025-01-27,SH.KC_300081,恒信东方,通信服务,-3.2438438
7096,2025-01-27,SH.KC_688184,帕瓦股份,电池,-3.2443862
7097,2025-01-24,SH.KC_688147,微导纳米,光伏设备,-3.2444205
7098,2025-01-27,SZ.ZB_002436,兴森科技,电子元件,-3.2445085
7099,2025-01-27,SZ.ZB_002343,慈文传媒,文化传媒,-3.2446237
7100,2025-01-24,SZ.ZB_000426,兴业银锡,有色金属,-3.2446961
7101,2025-01-27,SH.KC_300505,川金诺,化肥行业,-3.2448926
7102,2025-01-24,SH.KC_688379,华光新材,通用设备,-3.2450511
7103,2025-01-27,SH.ZB_603636,南威软件,互联网服务,-3.2450604
7104,2025-01-24,SH.KC_300949,奥雅股份,工程咨询服务,-3.245084
7105,2025-01-24,SH.KC_688652,京仪装备,半导体,-3.245119
7106,2025-01-27,SZ.ZB_000612,焦作万方,有色金属,-3.2452154
7107,2025-01-27,SH.KC_300712,永福股份,工程建设,-3.2453697
7108,2025-01-24,SH.KC_688170,德龙激光,专用设备,-3.2454793
7109,2025-01-27,SZ.ZB_003017,大洋生物,化学原料,-3.2454796
7110,2025-01-24,SH.KC_301167,建研设计,工程咨询服务,-3.2454915
7111,2025-01-24,SH.KC_688606,奥泰生物,医疗器械,-3.2456563
7112,2025-01-24,SH.KC_688518,联赢激光,专用设备,-3.2457452
7113,2025-01-27,SZ.ZB_002047,宝鹰股份,装修装饰,-3.2457762
7114,2025-01-24,SH.ZB_603908,牧高笛,纺织服装,-3.2460287
7115,2025-01-27,SZ.ZB_002956,西麦食品,食品饮料,-3.2465444
7116,2025-01-27,SH.KC_688019,安集科技,电子化学品,-3.2465804
7117,2025-01-24,SZ.ZB_002436,兴森科技,电子元件,-3.246616
7118,2025-01-27,SH.KC_300047,天源迪科,软件开发,-3.24684
7119,2025-01-24,SH.ZB_603528,多伦科技,软件开发,-3.2468545
7120,2025-01-27,SH.KC_300415,伊之密,专用设备,-3.2469301
7121,2025-01-24,SH.KC_301112,信邦智能,专用设备,-3.2470374
7122,2025-01-27,SH.ZB_600645,中源协和,生物制品,-3.2475863
7123,2025-01-27,SH.ZB_601015,陕西黑猫,煤炭行业,-3.2477884
7124,2025-01-27,SH.ZB_603421,鼎信通讯,通信服务,-3.247883
7125,2025-01-24,SH.ZB_603185,弘元绿能,光伏设备,-3.2483037
7126,2025-01-24,SZ.ZB_002337,赛象科技,专用设备,-3.2484162
7127,2025-01-27,SH.KC_300266,兴源环境,环保行业,-3.2484996
7128,2025-01-27,SZ.ZB_000761,本钢板材,钢铁行业,-3.2487736
7129,2025-01-24,SH.KC_300400,劲拓股份,专用设备,-3.2490544
7130,2025-01-24,SH.ZB_603179,新泉股份,汽车零部件,-3.249169
7131,2025-01-24,SH.ZB_601718,际华集团,纺织服装,-3.2491763
7132,2025-01-24,SZ.ZB_002156,通富微电,半导体,-3.24954
7133,2025-01-27,SZ.ZB_002439,启明星辰,软件开发,-3.2496312
7134,2025-01-24,SZ.ZB_002613,北玻股份,玻璃玻纤,-3.2497604
7135,2025-01-27,SH.KC_688115,思林杰,仪器仪表,-3.2497776
7136,2025-01-27,SH.ZB_600757,长江传媒,文化传媒,-3.250353
7137,2025-01-27,SH.ZB_601336,新华保险,保险,-3.2504008
7138,2025-01-27,SZ.ZB_001231,农心科技,农药兽药,-3.2505226
7139,2025-01-24,SH.KC_300005,探路者,纺织服装,-3.2505286
7140,2025-01-24,SH.KC_300139,晓程科技,贵金属,-3.2506723
7141,2025-01-24,SZ.ZB_001228,永泰运,物流行业,-3.2507472
7142,2025-01-24,SH.KC_688329,艾隆科技,专用设备,-3.2507942
7143,2025-01-27,SH.ZB_603116,红蜻蜓,纺织服装,-3.250863
7144,2025-01-24,SH.ZB_600869,远东股份,电网设备,-3.2514815
7145,2025-01-27,SH.KC_688628,优利德,仪器仪表,-3.2519393
7146,2025-01-24,SH.KC_688025,杰普特,电子元件,-3.252385
7147,2025-01-27,SH.KC_301203,国泰环保,环保行业,-3.2529585
7148,2025-01-27,SZ.ZB_002312,川发龙蟒,化肥行业,-3.2531114
7149,2025-01-24,SZ.ZB_002532,天山铝业,有色金属,-3.2533295
7150,2025-01-27,SH.KC_688056,莱伯泰科,仪器仪表,-3.2535415
7151,2025-01-23,SH.KC_300065,海兰信,船舶制造,-3.2535915
7152,2025-01-27,SZ.ZB_000601,韶能股份,电力行业,-3.253732
7153,2025-01-24,SH.KC_688015,交控科技,交运设备,-3.2538447
7154,2025-01-27,SH.KC_301073,君亭酒店,旅游酒店,-3.2546465
7155,2025-01-27,SH.KC_301280,珠城科技,电子元件,-3.2551706
7156,2025-01-24,SZ.ZB_000737,北方铜业,有色金属,-3.2553482
7157,2025-01-27,SZ.ZB_000997,新 大 陆,互联网服务,-3.2559662
7158,2025-01-24,SZ.ZB_003032,传智教育,教育,-3.255983
7159,2025-01-24,SH.KC_300711,广哈通信,通信设备,-3.2560174
7160,2025-01-27,SH.KC_301121,紫建电子,电池,-3.2560203
7161,2025-01-24,SH.KC_300207,欣旺达,电池,-3.2561753
7162,2025-01-24,SH.KC_300253,卫宁健康,软件开发,-3.2563164
7163,2025-01-27,SH.KC_300886,华业香料,美容护理,-3.2563665
7164,2025-01-24,SH.KC_688611,杭州柯林,电网设备,-3.256748
7165,2025-01-24,SZ.ZB_000607,华媒控股,文化传媒,-3.2567592
7166,2025-01-27,SH.ZB_603285,键邦股份,化学制品,-3.2568178
7167,2025-01-27,SZ.ZB_002671,龙泉股份,水泥建材,-3.2568288
7168,2025-01-24,SH.ZB_600530,交大昂立,食品饮料,-3.25695
7169,2025-01-27,SZ.ZB_002981,朝阳科技,消费电子,-3.2571092
7170,2025-01-27,SH.KC_301399,英特科技,通用设备,-3.2572906
7171,2025-01-24,SH.KC_301197,工大科雅,软件开发,-3.2573202
7172,2025-01-24,SH.KC_300750,宁德时代,电池,-3.2576714
7173,2025-01-24,SH.KC_688277,天智航-U,医疗器械,-3.2579694
7174,2025-01-27,SZ.ZB_002470,金正大,化肥行业,-3.2583113
7175,2025-01-27,SH.ZB_600850,电科数字,互联网服务,-3.2583606
7176,2025-01-27,SH.ZB_601595,上海电影,文化传媒,-3.2587268
7177,2025-01-24,SH.KC_300264,佳创视讯,互联网服务,-3.2589812
7178,2025-01-24,SH.KC_688093,世华科技,电子元件,-3.2590728
7179,2025-01-24,SH.KC_300929,华骐环保,环保行业,-3.259513
7180,2025-01-27,SZ.ZB_002066,瑞泰科技,装修建材,-3.2597826
7181,2025-01-24,SH.KC_300303,聚飞光电,光学光电子,-3.259827
7182,2025-01-27,SZ.ZB_002276,万马股份,电网设备,-3.260074
7183,2025-01-24,SZ.ZB_000042,中洲控股,房地产开发,-3.2604966
7184,2025-01-27,SH.ZB_605086,龙高股份,采掘行业,-3.2609587
7185,2025-01-27,SH.ZB_603095,越剑智能,专用设备,-3.2611086
7186,2025-01-27,SH.ZB_603385,惠达卫浴,装修装饰,-3.2619293
7187,2025-01-27,SH.KC_301365,矩阵股份,装修装饰,-3.2625024
7188,2025-01-24,SH.ZB_603773,沃格光电,光学光电子,-3.26251
7189,2025-01-27,SH.KC_688778,厦钨新能,电池,-3.2625158
7190,2025-01-27,SH.KC_300224,正海磁材,小金属,-3.26293
7191,2025-01-27,SH.KC_301016,雷尔伟,交运设备,-3.2629504
7192,2025-01-27,SZ.ZB_002230,科大讯飞,软件开发,-3.2631714
7193,2025-01-27,SZ.ZB_002109,兴化股份,化学原料,-3.2633872
7194,2025-01-27,SH.ZB_603528,多伦科技,软件开发,-3.263634
7195,2025-01-24,SZ.ZB_002775,文科股份,工程建设,-3.2638562
7196,2025-01-24,SH.KC_300323,华灿光电,光学光电子,-3.2639344
7197,2025-01-27,SH.KC_301082,久盛电气,电网设备,-3.2644312
7198,2025-01-27,SH.KC_301159,三维天地,软件开发,-3.2646167
7199,2025-01-24,SH.KC_688089,嘉必优,食品饮料,-3.2651913
7200,2025-01-24,SH.KC_688681,科汇股份,电网设备,-3.2657304
7201,2025-01-27,SH.KC_300776,帝尔激光,光伏设备,-3.266198
7202,2025-01-24,SH.KC_301195,北路智控,软件开发,-3.2664406
7203,2025-01-27,SH.ZB_600501,航天晨光,专用设备,-3.2664986
7204,2025-01-27,SH.KC_300989,蕾奥规划,工程咨询服务,-3.2667246
7205,2025-01-24,SH.KC_300405,科隆股份,化学制品,-3.266904
7206,2025-01-27,SH.KC_688351,微电生理-U,医疗器械,-3.267255
7207,2025-01-24,SH.KC_688185,康希诺,生物制品,-3.267264
7208,2025-01-24,SH.KC_301035,润丰股份,农药兽药,-3.2673473
7209,2025-01-27,SH.KC_300543,朗科智能,消费电子,-3.2674909
7210,2025-01-24,SH.KC_301300,远翔新材,化学制品,-3.2682447
7211,2025-01-27,SH.KC_688981,中芯国际,半导体,-3.2687314
7212,2025-01-27,SH.ZB_603677,奇精机械,家电行业,-3.268773
7213,2025-01-27,SZ.ZB_002351,漫步者,消费电子,-3.2689478
7214,2025-01-24,SZ.ZB_002956,西麦食品,食品饮料,-3.2696474
7215,2025-01-27,SZ.ZB_002244,滨江集团,房地产开发,-3.270085
7216,2025-01-24,SH.KC_300678,中科信息,互联网服务,-3.270361
7217,2025-01-27,SH.KC_301019,宁波色母,塑料制品,-3.2709818
7218,2025-01-24,SH.KC_300916,朗特智能,消费电子,-3.2711596
7219,2025-01-27,SH.KC_300521,爱司凯,专用设备,-3.2716393
7220,2025-01-27,SH.KC_300043,星辉娱乐,游戏,-3.2717156
7221,2025-01-24,SH.KC_301009,可靠股份,美容护理,-3.271913
7222,2025-01-27,SH.KC_300637,扬帆新材,电子化学品,-3.2719686
7223,2025-01-27,SZ.ZB_000812,陕西金叶,包装材料,-3.2724261
7224,2025-01-24,SZ.ZB_002802,洪汇新材,化学制品,-3.272679
7225,2025-01-27,SH.ZB_601028,玉龙股份,贵金属,-3.272709
7226,2025-01-24,SH.KC_300412,迦南科技,专用设备,-3.2728393
7227,2025-01-27,SZ.ZB_002247,聚力文化,装修装饰,-3.2730796
7228,2025-01-24,SH.ZB_605056,咸亨国际,仪器仪表,-3.273268
7229,2025-01-24,SH.KC_688110,东芯股份,半导体,-3.273353
7230,2025-01-27,SH.ZB_603158,腾龙股份,汽车零部件,-3.274146
7231,2025-01-27,SH.KC_688147,微导纳米,光伏设备,-3.2747607
7232,2025-01-24,SZ.ZB_000020,深华发Ａ,光学光电子,-3.275637
7233,2025-01-27,SH.ZB_603320,迪贝电气,电机,-3.2759473
7234,2025-01-27,SH.KC_301067,显盈科技,消费电子,-3.2765687
7235,2025-01-24,SH.ZB_603903,中持股份,环保行业,-3.276903
7236,2025-01-24,SZ.ZB_002456,欧菲光,光学光电子,-3.277595
7237,2025-01-24,SZ.ZB_002676,顺威股份,家电行业,-3.2792954
7238,2025-01-27,SH.KC_688039,当虹科技,互联网服务,-3.2798023
7239,2025-01-24,SH.KC_300291,百纳千成,文化传媒,-3.2800832
7240,2025-01-27,SH.KC_301178,天亿马,软件开发,-3.2802866
7241,2025-01-24,SH.KC_300531,优博讯,计算机设备,-3.2804673
7242,2025-01-27,SH.ZB_603258,电魂网络,游戏,-3.280624
7243,2025-01-27,SH.ZB_603344,星德胜,电机,-3.28078
7244,2025-01-27,SH.KC_300752,隆利科技,光学光电子,-3.28119
7245,2025-01-24,SZ.ZB_000638,万方发展,农牧饲渔,-3.281414
7246,2025-01-27,SZ.ZB_002463,沪电股份,电子元件,-3.2815623
7247,2025-01-24,SH.ZB_603051,鹿山新材,塑料制品,-3.2817278
7248,2025-01-27,SH.ZB_603616,韩建河山,水泥建材,-3.2817297
7249,2025-01-24,SH.KC_301270,汉仪股份,互联网服务,-3.2823756
7250,2025-01-27,SH.KC_688448,磁谷科技,通用设备,-3.2834463
7251,2025-01-27,SZ.ZB_003029,吉大正元,软件开发,-3.2837324
7252,2025-01-27,SZ.ZB_003007,直真科技,软件开发,-3.2838144
7253,2025-01-27,SH.KC_300461,田中精机,专用设备,-3.2840247
7254,2025-01-24,SH.KC_300397,天和防务,通信设备,-3.2844484
7255,2025-01-24,SZ.ZB_002787,华源控股,包装材料,-3.2847722
7256,2025-01-24,SH.ZB_603556,海兴电力,电网设备,-3.285455
7257,2025-01-24,SH.KC_301333,诺思格,医疗服务,-3.2856061
7258,2025-01-24,SH.KC_300894,火星人,家电行业,-3.2858994
7259,2025-01-24,SH.ZB_603028,赛福天,通用设备,-3.2860632
7260,2025-01-27,SH.KC_300576,容大感光,电子化学品,-3.2863035
7261,2025-01-24,SZ.ZB_001222,源飞宠物,家用轻工,-3.2865252
7262,2025-01-27,SH.ZB_605056,咸亨国际,仪器仪表,-3.2867703
7263,2025-01-27,SH.ZB_603683,晶华新材,化学制品,-3.2868307
7264,2025-01-24,SH.KC_301273,瑞晨环保,通用设备,-3.2870553
7265,2025-01-27,SH.KC_300374,中铁装配,装修装饰,-3.2879412
7266,2025-01-27,SH.KC_301139,元道通信,通信服务,-3.2882698
7267,2025-01-24,SZ.ZB_003031,中瓷电子,通信设备,-3.288471
7268,2025-01-27,SH.ZB_601298,青岛港,航运港口,-3.2890825
7269,2025-01-27,SH.KC_300612,宣亚国际,文化传媒,-3.2897391
7270,2025-01-27,SH.KC_688536,思瑞浦,半导体,-3.289854
7271,2025-01-27,SH.ZB_603190,亚通精工,汽车零部件,-3.289946
7272,2025-01-27,SZ.ZB_002634,棒杰股份,纺织服装,-3.2899504
7273,2025-01-24,SH.KC_301345,涛涛车业,交运设备,-3.2900414
7274,2025-01-24,SH.ZB_603595,东尼电子,消费电子,-3.290497
7275,2025-01-24,SH.ZB_601020,华钰矿业,有色金属,-3.290503
7276,2025-01-24,SH.KC_688701,卓锦股份,环保行业,-3.2906313
7277,2025-01-27,SH.KC_688700,东威科技,专用设备,-3.2912498
7278,2025-01-27,SH.ZB_601865,福莱特,光伏设备,-3.291322
7279,2025-01-24,SH.ZB_603408,建霖家居,装修装饰,-3.291833
7280,2025-01-24,SH.KC_300803,指南针,软件开发,-3.2918878
7281,2025-01-27,SH.KC_301603,乔锋智能,通用设备,-3.2923396
7282,2025-01-24,SH.KC_300277,海联讯,互联网服务,-3.2925632
7283,2025-01-27,SH.ZB_600292,远达环保,环保行业,-3.2925851
7284,2025-01-24,SZ.ZB_002041,登海种业,农牧饲渔,-3.2929688
7285,2025-01-24,SH.ZB_603386,骏亚科技,电子元件,-3.2934465
7286,2025-01-24,SH.ZB_603816,顾家家居,装修建材,-3.2939255
7287,2025-01-24,SZ.ZB_002757,南兴股份,专用设备,-3.293982
7288,2025-01-27,SH.ZB_600463,空港股份,房地产开发,-3.2940273
7289,2025-01-24,SH.KC_688056,莱伯泰科,仪器仪表,-3.2941542
7290,2025-01-27,SH.ZB_600727,鲁北化工,化学原料,-3.2941558
7291,2025-01-24,SH.KC_301378,通达海,软件开发,-3.2942028
7292,2025-01-24,SZ.ZB_002153,石基信息,软件开发,-3.2946818
7293,2025-01-27,SH.ZB_601226,华电科工,工程机械,-3.2950287
7294,2025-01-27,SH.ZB_603535,嘉诚国际,物流行业,-3.2950382
7295,2025-01-27,SH.ZB_603109,神驰机电,通用设备,-3.2954164
7296,2025-01-24,SH.KC_688687,凯因科技,生物制品,-3.295521
7297,2025-01-27,SH.ZB_603505,金石资源,采掘行业,-3.2955308
7298,2025-01-27,SZ.ZB_000034,神州数码,计算机设备,-3.295568
7299,2025-01-27,SH.KC_301361,众智科技,电网设备,-3.2955737
7300,2025-01-27,SH.ZB_600318,新力金融,多元金融,-3.295723
7301,2025-01-24,SH.KC_301236,软通动力,软件开发,-3.2968745
7302,2025-01-27,SH.KC_300943,春晖智控,通用设备,-3.297847
7303,2025-01-24,SH.KC_300304,云意电气,汽车零部件,-3.2978795
7304,2025-01-27,SH.KC_688398,赛特新材,化学制品,-3.2980497
7305,2025-01-24,SH.KC_301086,鸿富瀚,消费电子,-3.2982125
7306,2025-01-24,SH.ZB_603196,日播时尚,纺织服装,-3.2982159
7307,2025-01-24,SH.KC_300359,全通教育,教育,-3.298876
7308,2025-01-24,SH.KC_688209,英集芯,半导体,-3.298882
7309,2025-01-27,SH.ZB_601113,华鼎股份,化纤行业,-3.2991753
7310,2025-01-27,SZ.ZB_002831,裕同科技,造纸印刷,-3.2992368
7311,2025-01-27,SZ.ZB_001322,箭牌家居,装修建材,-3.2994401
7312,2025-01-24,SH.ZB_603677,奇精机械,家电行业,-3.2999668
7313,2025-01-24,SZ.ZB_002717,岭南股份,环保行业,-3.3002458
7314,2025-01-24,SH.ZB_603421,鼎信通讯,通信服务,-3.3003292
7315,2025-01-27,SH.KC_688090,瑞松科技,专用设备,-3.3004365
7316,2025-01-24,SH.KC_688008,澜起科技,半导体,-3.3005018
7317,2025-01-27,SH.KC_300322,硕贝德,消费电子,-3.3007252
7318,2025-01-24,SH.ZB_600215,派斯林,通用设备,-3.3009226
7319,2025-01-27,SH.KC_300542,新晨科技,软件开发,-3.3018992
7320,2025-01-24,SH.ZB_601777,力帆科技,汽车整车,-3.3019807
7321,2025-01-24,SH.KC_688655,迅捷兴,电子元件,-3.303079
7322,2025-01-27,SH.ZB_600265,景谷林业,农牧饲渔,-3.3038168
7323,2025-01-27,SZ.ZB_002062,宏润建设,工程建设,-3.3038456
7324,2025-01-24,SZ.ZB_000409,云鼎科技,互联网服务,-3.3038635
7325,2025-01-27,SZ.ZB_000560,我爱我家,房地产服务,-3.303867
7326,2025-01-24,SH.KC_300943,春晖智控,通用设备,-3.3039293
7327,2025-01-27,SH.ZB_603697,有友食品,食品饮料,-3.3041272
7328,2025-01-24,SH.ZB_601801,皖新传媒,文化传媒,-3.3048854
7329,2025-01-24,SH.KC_301448,开创电气,通用设备,-3.3049364
7330,2025-01-24,SZ.ZB_002286,保龄宝,食品饮料,-3.3051186
7331,2025-01-27,SH.KC_300079,数码视讯,互联网服务,-3.3055053
7332,2025-01-27,SH.KC_688600,皖仪科技,仪器仪表,-3.3055913
7333,2025-01-24,SH.ZB_603733,仙鹤股份,造纸印刷,-3.3056517
7334,2025-01-27,SH.ZB_603496,恒为科技,互联网服务,-3.3057418
7335,2025-01-27,SZ.ZB_002613,北玻股份,玻璃玻纤,-3.3063679
7336,2025-01-27,SZ.ZB_002890,弘宇股份,专用设备,-3.306406
7337,2025-01-27,SH.ZB_600350,山东高速,铁路公路,-3.3064609
7338,2025-01-27,SH.ZB_603151,邦基科技,农牧饲渔,-3.3067102
7339,2025-01-24,SZ.ZB_002046,国机精工,通用设备,-3.3067226
7340,2025-01-24,SH.KC_688116,天奈科技,化学制品,-3.3067293
7341,2025-01-24,SZ.ZB_002312,川发龙蟒,化肥行业,-3.3070483
7342,2025-01-24,SH.ZB_603212,赛伍技术,光伏设备,-3.3074293
7343,2025-01-27,SH.ZB_603380,易德龙,消费电子,-3.3078208
7344,2025-01-24,SH.KC_300271,华宇软件,互联网服务,-3.307891
7345,2025-01-27,SH.KC_688078,龙软科技,软件开发,-3.308008
7346,2025-01-24,SH.KC_301212,联盛化学,化学制品,-3.3080318
7347,2025-01-24,SH.ZB_603612,索通发展,非金属材料,-3.3086646
7348,2025-01-27,SH.ZB_600640,国脉文化,文化传媒,-3.3094513
7349,2025-01-24,SH.ZB_605117,德业股份,光伏设备,-3.3104763
7350,2025-01-27,SH.ZB_600784,鲁银投资,综合行业,-3.310683
7351,2025-01-24,SH.KC_300241,瑞丰光电,光学光电子,-3.3106995
7352,2025-01-24,SH.KC_300663,科蓝软件,软件开发,-3.311383
7353,2025-01-24,SH.ZB_600302,标准股份,专用设备,-3.311684
7354,2025-01-24,SH.KC_300968,格林精密,消费电子,-3.3122816
7355,2025-01-27,SH.KC_300560,中富通,通信服务,-3.3130684
7356,2025-01-24,SH.ZB_601577,长沙银行,银行,-3.3133566
7357,2025-01-27,SH.KC_688209,英集芯,半导体,-3.3135097
7358,2025-01-27,SH.KC_301180,万祥科技,消费电子,-3.3136952
7359,2025-01-24,SH.KC_688179,阿拉丁,化学制品,-3.314411
7360,2025-01-24,SH.KC_301399,英特科技,通用设备,-3.314811
7361,2025-01-27,SZ.ZB_002410,广联达,软件开发,-3.3148744
7362,2025-01-27,SZ.ZB_000803,山高环能,综合行业,-3.3150575
7363,2025-01-24,SH.ZB_600615,丰华股份,小金属,-3.3155496
7364,2025-01-27,SZ.ZB_002347,泰尔股份,通用设备,-3.3156495
7365,2025-01-27,SH.ZB_605166,聚合顺,化学制品,-3.3159506
7366,2025-01-27,SH.KC_300876,蒙泰高新,化纤行业,-3.3160145
7367,2025-01-24,SH.KC_688345,博力威,电池,-3.3163328
7368,2025-01-27,SH.KC_300385,雪浪环境,环保行业,-3.3164694
7369,2025-01-24,SZ.ZB_002480,新筑股份,通用设备,-3.3164887
7370,2025-01-27,SZ.ZB_000020,深华发Ａ,光学光电子,-3.3166165
7371,2025-01-24,SH.ZB_603215,比依股份,家电行业,-3.3167844
7372,2025-01-24,SZ.ZB_002066,瑞泰科技,装修建材,-3.3170576
7373,2025-01-24,SZ.ZB_002026,山东威达,通用设备,-3.3170865
7374,2025-01-24,SH.ZB_603040,新坐标,汽车零部件,-3.317159
7375,2025-01-24,SH.KC_688222,成都先导,医疗服务,-3.3172157
7376,2025-01-24,SH.KC_301296,新巨丰,包装材料,-3.3172183
7377,2025-01-24,SH.ZB_605580,恒盛能源,电力行业,-3.317288
7378,2025-01-27,SZ.ZB_002676,顺威股份,家电行业,-3.3174965
7379,2025-01-27,SH.KC_300679,电连技术,消费电子,-3.3177347
7380,2025-01-24,SH.KC_301517,陕西华达,电子元件,-3.3179164
7381,2025-01-27,SH.KC_301273,瑞晨环保,通用设备,-3.3179507
7382,2025-01-27,SH.KC_688503,聚和材料,光伏设备,-3.318005
7383,2025-01-24,SH.ZB_603590,康辰药业,生物制品,-3.3188264
7384,2025-01-24,SH.ZB_600563,法拉电子,电子元件,-3.319126
7385,2025-01-24,SH.ZB_600728,佳都科技,软件开发,-3.3192549
7386,2025-01-27,SH.ZB_601208,东材科技,塑料制品,-3.3198118
7387,2025-01-24,SH.ZB_603668,天马科技,农牧饲渔,-3.3200204
7388,2025-01-24,SH.ZB_600265,景谷林业,农牧饲渔,-3.320114
7389,2025-01-27,SZ.ZB_002659,凯文教育,教育,-3.3201177
7390,2025-01-24,SZ.ZB_002879,长缆科技,电网设备,-3.3201714
7391,2025-01-24,SH.ZB_603176,汇通集团,工程建设,-3.321035
7392,2025-01-27,SH.ZB_603212,赛伍技术,光伏设备,-3.3214173
7393,2025-01-27,SH.KC_301112,信邦智能,专用设备,-3.3218107
7394,2025-01-27,SH.KC_688129,东来技术,化学制品,-3.3231075
7395,2025-01-27,SH.KC_300617,安靠智电,电网设备,-3.3234174
7396,2025-01-27,SH.ZB_600885,宏发股份,电网设备,-3.32351
7397,2025-01-24,SH.ZB_600149,廊坊发展,电力行业,-3.3235707
7398,2025-01-27,SH.KC_300427,红相股份,电网设备,-3.3236396
7399,2025-01-24,SZ.ZB_002595,豪迈科技,专用设备,-3.3237436
7400,2025-01-27,SZ.ZB_002072,凯瑞德,贸易行业,-3.3251367
7401,2025-01-27,SH.KC_300348,长亮科技,软件开发,-3.3253417
7402,2025-01-24,SH.KC_688558,国盛智科,通用设备,-3.3255532
7403,2025-01-24,SH.KC_688285,高铁电气,交运设备,-3.325684
7404,2025-01-24,SH.KC_300724,捷佳伟创,光伏设备,-3.3258033
7405,2025-01-27,SH.KC_688789,宏华数科,专用设备,-3.3258834
7406,2025-01-24,SH.ZB_603863,松炀资源,造纸印刷,-3.3259914
7407,2025-01-27,SH.KC_301002,崧盛股份,电网设备,-3.3261676
7408,2025-01-24,SZ.ZB_000601,韶能股份,电力行业,-3.3262472
7409,2025-01-24,SH.KC_300845,捷安高科,软件开发,-3.3262968
7410,2025-01-27,SH.ZB_603317,天味食品,食品饮料,-3.3264909
7411,2025-01-27,SH.KC_300707,威唐工业,汽车零部件,-3.3266072
7412,2025-01-24,SH.KC_688309,恒誉环保,环保行业,-3.3266988
7413,2025-01-24,SH.ZB_603058,永吉股份,造纸印刷,-3.327024
7414,2025-01-27,SH.KC_300694,蠡湖股份,汽车零部件,-3.3275564
7415,2025-01-27,SH.KC_688107,安路科技,半导体,-3.3280776
7416,2025-01-24,SH.KC_300752,隆利科技,光学光电子,-3.328706
7417,2025-01-24,SH.ZB_601019,山东出版,文化传媒,-3.3289068
7418,2025-01-24,SH.KC_300789,唐源电气,软件开发,-3.3289618
7419,2025-01-24,SZ.ZB_002177,御银股份,计算机设备,-3.329685
7420,2025-01-24,SH.ZB_605086,龙高股份,采掘行业,-3.3297584
7421,2025-01-27,SZ.ZB_002606,大连电瓷,电网设备,-3.329847
7422,2025-01-27,SH.KC_688636,智明达,互联网服务,-3.3303876
7423,2025-01-27,SH.ZB_603339,四方科技,通用设备,-3.3304148
7424,2025-01-27,SH.ZB_605198,安德利,食品饮料,-3.331203
7425,2025-01-27,SH.KC_688533,上声电子,汽车零部件,-3.3313625
7426,2025-01-24,SZ.ZB_003008,开普检测,专业服务,-3.3315723
7427,2025-01-27,SZ.ZB_002910,庄园牧场,食品饮料,-3.3316004
7428,2025-01-24,SH.KC_688671,碧兴物联,仪器仪表,-3.33171
7429,2025-01-24,SZ.ZB_002093,国脉科技,通信服务,-3.3327177
7430,2025-01-27,SH.ZB_603501,韦尔股份,半导体,-3.3327594
7431,2025-01-27,SH.ZB_600751,海航科技,航运港口,-3.3330011
7432,2025-01-24,SH.KC_688531,日联科技,专用设备,-3.3330827
7433,2025-01-27,SH.KC_688153,唯捷创芯,半导体,-3.333145
7434,2025-01-24,SH.KC_688579,山大地纬,软件开发,-3.3333237
7435,2025-01-24,SZ.ZB_003036,泰坦股份,专用设备,-3.3335712
7436,2025-01-27,SH.ZB_603093,南华期货,多元金融,-3.3338985
7437,2025-01-27,SH.ZB_600756,浪潮软件,互联网服务,-3.3342052
7438,2025-01-27,SH.KC_301608,博实结,计算机设备,-3.3349605
7439,2025-01-24,SZ.ZB_002995,天地在线,文化传媒,-3.3351161
7440,2025-01-27,SH.KC_688418,震有科技,通信设备,-3.335227
7441,2025-01-24,SH.KC_300933,中辰股份,电网设备,-3.3355658
7442,2025-01-24,SH.KC_688155,先惠技术,电池,-3.3355699
7443,2025-01-27,SZ.ZB_002520,日发精机,通用设备,-3.3356223
7444,2025-01-27,SH.ZB_603036,如通股份,专用设备,-3.3356566
7445,2025-01-27,SH.ZB_603019,中科曙光,计算机设备,-3.3357258
7446,2025-01-24,SZ.ZB_002888,惠威科技,消费电子,-3.3361464
7447,2025-01-24,SH.KC_300352,北信源,软件开发,-3.336892
7448,2025-01-27,SH.ZB_601728,中国电信,通信服务,-3.336975
7449,2025-01-24,SH.KC_300114,中航电测,航天航空,-3.3372407
7450,2025-01-27,SH.KC_300749,顶固集创,装修建材,-3.3373282
7451,2025-01-24,SH.KC_300973,立高食品,食品饮料,-3.337508
7452,2025-01-27,SH.KC_301160,翔楼新材,汽车零部件,-3.3375804
7453,2025-01-24,SH.ZB_600100,同方股份,计算机设备,-3.3378456
7454,2025-01-24,SH.KC_301329,信音电子,电子元件,-3.3379602
7455,2025-01-24,SH.KC_300450,先导智能,电池,-3.338304
7456,2025-01-27,SZ.ZB_000811,冰轮环境,通用设备,-3.3390496
7457,2025-01-27,SZ.ZB_002544,普天科技,通信服务,-3.3396206
7458,2025-01-24,SZ.ZB_000957,中通客车,汽车整车,-3.3400655
7459,2025-01-27,SH.ZB_600560,金自天正,专用设备,-3.340127
7460,2025-01-27,SH.KC_301107,瑜欣电子,通用设备,-3.3403993
7461,2025-01-27,SH.KC_688103,国力股份,电子元件,-3.3404045
7462,2025-01-24,SH.KC_301356,天振股份,塑料制品,-3.3404942
7463,2025-01-22,SH.KC_688350,富淼科技,化学制品,-3.340541
7464,2025-01-24,SH.KC_301312,智立方,专用设备,-3.3408396
7465,2025-01-24,SH.ZB_603501,韦尔股份,半导体,-3.340868
7466,2025-01-27,SZ.ZB_002497,雅化集团,化学制品,-3.341235
7467,2025-01-27,SH.ZB_603633,徕木股份,汽车零部件,-3.341524
7468,2025-01-27,SH.ZB_603663,三祥新材,化学原料,-3.341756
7469,2025-01-27,SZ.ZB_002115,三维通信,互联网服务,-3.341798
7470,2025-01-27,SH.ZB_605266,健之佳,医药商业,-3.3419266
7471,2025-01-27,SH.KC_300413,芒果超媒,文化传媒,-3.342082
7472,2025-01-24,SH.KC_301262,海看股份,文化传媒,-3.342218
7473,2025-01-27,SH.KC_688607,康众医疗,医疗器械,-3.3424459
7474,2025-01-27,SH.KC_300887,谱尼测试,专业服务,-3.342472
7475,2025-01-27,SH.KC_301231,荣信文化,文化传媒,-3.3424876
7476,2025-01-27,SH.ZB_600066,宇通客车,汽车整车,-3.3425293
7477,2025-01-27,SH.ZB_603508,思维列控,软件开发,-3.3425398
7478,2025-01-24,SZ.ZB_000969,安泰科技,通用设备,-3.3426456
7479,2025-01-27,SH.KC_301312,智立方,专用设备,-3.3426647
7480,2025-01-24,SH.KC_688219,会通股份,塑料制品,-3.3439417
7481,2025-01-24,SH.ZB_603833,欧派家居,装修建材,-3.344088
7482,2025-01-24,SZ.ZB_000892,欢瑞世纪,文化传媒,-3.3440902
7483,2025-01-27,SZ.ZB_002922,伊戈尔,电子元件,-3.3442914
7484,2025-01-27,SH.KC_300796,贝斯美,农药兽药,-3.3443007
7485,2025-01-24,SZ.ZB_002735,王子新材,包装材料,-3.3444505
7486,2025-01-27,SZ.ZB_002575,群兴玩具,房地产服务,-3.344922
7487,2025-01-24,SZ.ZB_000555,神州信息,互联网服务,-3.3454363
7488,2025-01-27,SZ.ZB_002441,众业达,电网设备,-3.345495
7489,2025-01-27,SH.ZB_605033,美邦股份,农药兽药,-3.3456128
7490,2025-01-24,SH.ZB_603657,春光科技,家电行业,-3.3457599
7491,2025-01-27,SZ.ZB_002982,湘佳股份,农牧饲渔,-3.3459172
7492,2025-01-27,SZ.ZB_001324,长青科技,交运设备,-3.3459451
7493,2025-01-24,SZ.ZB_002423,中粮资本,多元金融,-3.3465433
7494,2025-01-27,SH.KC_688515,裕太微-U,半导体,-3.3465796
7495,2025-01-24,SZ.ZB_002857,三晖电气,电网设备,-3.346922
7496,2025-01-24,SH.KC_300895,铜牛信息,互联网服务,-3.3473186
7497,2025-01-24,SH.ZB_603933,睿能科技,半导体,-3.347839
7498,2025-01-27,SH.ZB_603083,剑桥科技,通信设备,-3.3478477
7499,2025-01-24,SH.KC_688428,诺诚健华-U,生物制品,-3.3482232
7500,2025-01-27,SZ.ZB_001255,博菲电气,化学原料,-3.3484464
7501,2025-01-24,SH.KC_688528,秦川物联,仪器仪表,-3.3485994
7502,2025-01-24,SH.KC_688003,天准科技,通用设备,-3.3488512
7503,2025-01-24,SH.ZB_603836,海程邦达,物流行业,-3.3489187
7504,2025-01-27,SH.ZB_603969,银龙股份,通用设备,-3.349406
7505,2025-01-27,SZ.ZB_000002,万  科Ａ,房地产开发,-3.3494434
7506,2025-01-27,SH.ZB_603061,金海通,半导体,-3.3497446
7507,2025-01-27,SH.KC_300677,英科医疗,医疗器械,-3.3498387
7508,2025-01-27,SH.ZB_603929,亚翔集成,装修装饰,-3.3498724
7509,2025-01-27,SH.ZB_603992,松霖科技,装修建材,-3.3507407
7510,2025-01-27,SZ.ZB_000509,华塑控股,光学光电子,-3.3509786
7511,2025-01-27,SZ.ZB_002878,元隆雅图,文化传媒,-3.3509824
7512,2025-01-24,SZ.ZB_002910,庄园牧场,食品饮料,-3.3513799
7513,2025-01-24,SH.KC_688307,中润光学,光学光电子,-3.3513877
7514,2025-01-27,SH.KC_300315,掌趣科技,游戏,-3.35155
7515,2025-01-27,SH.ZB_600619,海立股份,家电行业,-3.3516462
7516,2025-01-27,SH.ZB_600844,丹化科技,化学原料,-3.3519478
7517,2025-01-27,SH.KC_300302,同有科技,软件开发,-3.3520167
7518,2025-01-24,SH.KC_300183,东软载波,通信服务,-3.3520396
7519,2025-01-24,SH.KC_688077,大地熊,小金属,-3.3520586
7520,2025-01-24,SZ.ZB_002313,日海智能,通信设备,-3.3521354
7521,2025-01-24,SZ.ZB_002689,远大智能,专用设备,-3.352222
7522,2025-01-24,SH.ZB_600456,宝钛股份,小金属,-3.3524678
7523,2025-01-27,SH.KC_300484,蓝海华腾,专用设备,-3.3525116
7524,2025-01-24,SH.KC_301185,鸥玛软件,软件开发,-3.353234
7525,2025-01-27,SH.ZB_600267,海正药业,化学制药,-3.3533297
7526,2025-01-24,SH.KC_300462,华铭智能,交运设备,-3.3534846
7527,2025-01-27,SH.ZB_605177,东亚药业,化学制药,-3.3535469
7528,2025-01-24,SH.ZB_605588,冠石科技,半导体,-3.3537452
7529,2025-01-27,SH.KC_301600,慧翰股份,通信设备,-3.3538797
7530,2025-01-24,SH.ZB_600691,阳煤化工,化肥行业,-3.3539097
7531,2025-01-24,SZ.ZB_002596,海南瑞泽,水泥建材,-3.3540595
7532,2025-01-27,SH.KC_688070,纵横股份,航天航空,-3.354311
7533,2025-01-27,SZ.ZB_003003,天元股份,包装材料,-3.354325
7534,2025-01-27,SZ.ZB_002891,中宠股份,农牧饲渔,-3.3544528
7535,2025-01-27,SH.KC_688191,智洋创新,电网设备,-3.3546605
7536,2025-01-24,SH.KC_300102,乾照光电,光学光电子,-3.3549335
7537,2025-01-27,SZ.ZB_002823,凯中精密,电机,-3.3549867
7538,2025-01-27,SZ.ZB_001328,登康口腔,美容护理,-3.3550515
7539,2025-01-24,SZ.ZB_003028,振邦智能,消费电子,-3.3551953
7540,2025-01-24,SH.KC_300709,精研科技,消费电子,-3.3555443
7541,2025-01-24,SZ.ZB_002449,国星光电,光学光电子,-3.3560362
7542,2025-01-27,SZ.ZB_002261,拓维信息,软件开发,-3.3561714
7543,2025-01-24,SH.KC_300695,兆丰股份,汽车零部件,-3.356326
7544,2025-01-24,SH.ZB_600653,申华控股,汽车服务,-3.3573828
7545,2025-01-24,SZ.ZB_000006,深振业Ａ,房地产开发,-3.3576899
7546,2025-01-27,SH.KC_300735,光弘科技,消费电子,-3.3577867
7547,2025-01-27,SH.KC_300945,曼卡龙,珠宝首饰,-3.3582232
7548,2025-01-24,SH.ZB_600769,祥龙电业,工程建设,-3.3584304
7549,2025-01-24,SH.KC_300627,华测导航,通信设备,-3.3584378
7550,2025-01-27,SZ.ZB_002681,奋达科技,消费电子,-3.358633
7551,2025-01-24,SH.KC_688585,上纬新材,塑料制品,-3.3588634
7552,2025-01-24,SZ.ZB_000632,三木集团,综合行业,-3.3593655
7553,2025-01-24,SH.KC_301358,湖南裕能,电池,-3.3594947
7554,2025-01-27,SZ.ZB_002175,东方智造,仪器仪表,-3.359564
7555,2025-01-24,SH.ZB_603806,福斯特,光伏设备,-3.3597507
7556,2025-01-27,SH.KC_688168,安博通,软件开发,-3.3598106
7557,2025-01-24,SH.KC_300691,联合光电,光学光电子,-3.3599463
7558,2025-01-24,SZ.ZB_002987,京北方,软件开发,-3.3600955
7559,2025-01-27,SZ.ZB_000655,金岭矿业,钢铁行业,-3.3602796
7560,2025-01-24,SH.KC_688315,诺禾致源,医疗服务,-3.3606436
7561,2025-01-27,SH.ZB_600119,长江投资,物流行业,-3.3607688
7562,2025-01-24,SH.ZB_600609,金杯汽车,汽车零部件,-3.360942
7563,2025-01-27,SH.KC_301093,华兰股份,医疗器械,-3.3609576
7564,2025-01-27,SZ.ZB_000957,中通客车,汽车整车,-3.3609588
7565,2025-01-24,SH.KC_688535,华海诚科,半导体,-3.3613763
7566,2025-01-27,SZ.ZB_000590,启迪药业,中药,-3.3614426
7567,2025-01-24,SH.ZB_603193,润本股份,美容护理,-3.3615952
7568,2025-01-24,SH.KC_688367,工大高科,交运设备,-3.3618872
7569,2025-01-24,SH.KC_300776,帝尔激光,光伏设备,-3.3619332
7570,2025-01-27,SH.KC_300669,沪宁股份,专用设备,-3.3620148
7571,2025-01-27,SH.KC_688096,京源环保,环保行业,-3.3628933
7572,2025-01-24,SH.KC_688776,国光电气,电子元件,-3.3629363
7573,2025-01-27,SZ.ZB_002600,领益智造,消费电子,-3.3631783
7574,2025-01-27,SH.KC_300078,思创医惠,互联网服务,-3.3633769
7575,2025-01-27,SH.ZB_603898,好莱客,装修建材,-3.3634715
7576,2025-01-24,SH.ZB_603637,镇海股份,工程建设,-3.3637993
7577,2025-01-27,SH.KC_300226,上海钢联,互联网服务,-3.363816
7578,2025-01-24,SH.KC_301379,天山电子,光学光电子,-3.363957
7579,2025-01-27,SH.ZB_605068,明新旭腾,汽车零部件,-3.3642426
7580,2025-01-27,SH.KC_688030,山石网科,软件开发,-3.364775
7581,2025-01-24,SH.ZB_605376,博迁新材,小金属,-3.3649135
7582,2025-01-27,SZ.ZB_002541,鸿路钢构,水泥建材,-3.3655305
7583,2025-01-27,SH.ZB_600689,上海三毛,纺织服装,-3.3660102
7584,2025-01-27,SH.KC_688212,澳华内镜,医疗器械,-3.3661883
7585,2025-01-24,SH.KC_688789,宏华数科,专用设备,-3.3663034
7586,2025-01-27,SZ.ZB_002879,长缆科技,电网设备,-3.3663836
7587,2025-01-24,SZ.ZB_002368,太极股份,互联网服务,-3.3669014
7588,2025-01-27,SH.KC_300054,鼎龙股份,电子化学品,-3.3671424
7589,2025-01-27,SZ.ZB_002743,富煌钢构,水泥建材,-3.3680265
7590,2025-01-27,SH.KC_300698,万马科技,通信设备,-3.3680394
7591,2025-01-24,SH.KC_300946,恒而达,通用设备,-3.3680546
7592,2025-01-27,SH.KC_300305,裕兴股份,光伏设备,-3.3680904
7593,2025-01-24,SH.KC_300881,盛德鑫泰,钢铁行业,-3.3684597
7594,2025-01-24,SZ.ZB_001328,登康口腔,美容护理,-3.3686604
7595,2025-01-24,SH.KC_301361,众智科技,电网设备,-3.3686836
7596,2025-01-27,SH.KC_300848,美瑞新材,化学制品,-3.3688712
7597,2025-01-24,SH.ZB_600850,电科数字,互联网服务,-3.369471
7598,2025-01-27,SZ.ZB_003011,海象新材,塑料制品,-3.369626
7599,2025-01-27,SH.KC_688506,百利天恒-U,生物制品,-3.3697524
7600,2025-01-27,SZ.ZB_002568,百润股份,酿酒行业,-3.369822
7601,2025-01-24,SH.KC_300124,汇川技术,电子元件,-3.3698566
7602,2025-01-27,SZ.ZB_002126,银轮股份,汽车零部件,-3.3704228
7603,2025-01-24,SH.KC_688157,松井股份,化学制品,-3.3705413
7604,2025-01-27,SH.KC_301552,科力装备,汽车零部件,-3.3707414
7605,2025-01-24,SH.KC_300641,正丹股份,化学制品,-3.3707857
7606,2025-01-27,SZ.ZB_002333,罗普斯金,装修建材,-3.3708155
7607,2025-01-24,SH.KC_300993,玉马科技,家用轻工,-3.3713837
7608,2025-01-27,SZ.ZB_000692,惠天热电,公用事业,-3.371834
7609,2025-01-27,SH.ZB_600882,妙可蓝多,食品饮料,-3.3719592
7610,2025-01-27,SH.KC_300183,东软载波,通信服务,-3.3719902
7611,2025-01-27,SZ.ZB_000676,智度股份,互联网服务,-3.3720381
7612,2025-01-27,SH.KC_688192,迪哲医药-U,化学制药,-3.3722737
7613,2025-01-24,SH.KC_301056,森赫股份,专用设备,-3.372421
7614,2025-01-24,SH.KC_300369,绿盟科技,软件开发,-3.3725295
7615,2025-01-24,SH.KC_300473,德尔股份,汽车零部件,-3.372714
7616,2025-01-27,SH.KC_300599,雄塑科技,装修建材,-3.373358
7617,2025-01-27,SH.ZB_603016,新宏泰,电网设备,-3.3734088
7618,2025-01-24,SH.KC_688301,奕瑞科技,医疗器械,-3.3735402
7619,2025-01-27,SZ.ZB_001319,铭科精技,汽车零部件,-3.3738005
7620,2025-01-27,SH.KC_300271,华宇软件,互联网服务,-3.3738759
7621,2025-01-27,SH.ZB_603507,振江股份,风电设备,-3.3741105
7622,2025-01-27,SH.KC_300295,三六五网,互联网服务,-3.3741972
7623,2025-01-24,SZ.ZB_002370,亚太药业,化学制药,-3.3743885
7624,2025-01-24,SH.KC_688186,广大特材,风电设备,-3.3746898
7625,2025-01-24,SH.KC_300708,聚灿光电,光学光电子,-3.3754263
7626,2025-01-27,SH.ZB_601162,天风证券,证券,-3.376241
7627,2025-01-27,SH.KC_300689,澄天伟业,通信设备,-3.376257
7628,2025-01-24,SH.KC_300802,矩子科技,专用设备,-3.3765993
7629,2025-01-27,SH.KC_688611,杭州柯林,电网设备,-3.376929
7630,2025-01-24,SH.ZB_603339,四方科技,通用设备,-3.376935
7631,2025-01-27,SH.KC_300721,怡达股份,化学制品,-3.37708
7632,2025-01-27,SZ.ZB_002483,润邦股份,专用设备,-3.3774529
7633,2025-01-27,SH.ZB_601156,东航物流,物流行业,-3.3778152
7634,2025-01-24,SH.KC_301200,大族数控,专用设备,-3.3781748
7635,2025-01-27,SH.ZB_603232,格尔软件,软件开发,-3.3788414
7636,2025-01-27,SH.KC_300916,朗特智能,消费电子,-3.378854
7637,2025-01-24,SH.KC_688190,云路股份,小金属,-3.3790855
7638,2025-01-24,SH.KC_688500,慧辰股份,互联网服务,-3.3792746
7639,2025-01-24,SH.ZB_605128,上海沿浦,汽车零部件,-3.3794203
7640,2025-01-27,SH.KC_300085,银之杰,软件开发,-3.3796988
7641,2025-01-27,SZ.ZB_002409,雅克科技,电子化学品,-3.3797443
7642,2025-01-27,SH.ZB_601665,齐鲁银行,银行,-3.3803127
7643,2025-01-24,SH.KC_301548,崇德科技,通用设备,-3.3804626
7644,2025-01-27,SH.KC_688678,福立旺,消费电子,-3.380574
7645,2025-01-24,SH.KC_300670,大烨智能,电网设备,-3.3806574
7646,2025-01-24,SZ.ZB_001229,魅视科技,计算机设备,-3.3811085
7647,2025-01-27,SH.ZB_603955,大千生态,工程建设,-3.3811402
7648,2025-01-27,SH.KC_688196,卓越新能,化学制品,-3.3814802
7649,2025-01-27,SH.KC_300418,昆仑万维,互联网服务,-3.381759
7650,2025-01-27,SH.KC_301029,怡合达,通用设备,-3.3821127
7651,2025-01-24,SZ.ZB_003001,中岩大地,工程咨询服务,-3.38232
7652,2025-01-27,SZ.ZB_000099,中信海直,航空机场,-3.382839
7653,2025-01-24,SH.KC_300343,联创股份,化学制品,-3.3830442
7654,2025-01-24,SZ.ZB_000665,湖北广电,文化传媒,-3.3835154
7655,2025-01-27,SZ.ZB_002434,万里扬,汽车零部件,-3.38359
7656,2025-01-27,SH.KC_688788,科思科技,通信设备,-3.3836272
7657,2025-01-27,SH.ZB_603822,嘉澳环保,化学制品,-3.383648
7658,2025-01-24,SH.KC_688592,司南导航,计算机设备,-3.3837867
7659,2025-01-24,SH.KC_300665,飞鹿股份,化学制品,-3.3838158
7660,2025-01-27,SH.KC_300817,双飞集团,通用设备,-3.384798
7661,2025-01-27,SH.KC_300440,运达科技,互联网服务,-3.3854663
7662,2025-01-27,SH.KC_688046,药康生物,生物制品,-3.3856192
7663,2025-01-24,SH.ZB_605258,协和电子,电子元件,-3.385887
7664,2025-01-27,SH.KC_300901,中胤时尚,纺织服装,-3.3859081
7665,2025-01-24,SH.KC_688378,奥来德,专用设备,-3.3863816
7666,2025-01-24,SH.ZB_603535,嘉诚国际,物流行业,-3.3864856
7667,2025-01-24,SH.ZB_603090,宏盛股份,通用设备,-3.3867755
7668,2025-01-27,SH.ZB_600105,永鼎股份,通信设备,-3.3873703
7669,2025-01-24,SH.KC_688682,霍莱沃,通信服务,-3.3882425
7670,2025-01-24,SH.KC_301381,赛维时代,互联网服务,-3.3884578
7671,2025-01-24,SZ.ZB_002475,立讯精密,消费电子,-3.38872
7672,2025-01-27,SH.ZB_600367,红星发展,化学原料,-3.3887544
7673,2025-01-27,SH.KC_300964,本川智能,电子元件,-3.3891068
7674,2025-01-27,SH.ZB_603029,天鹅股份,专用设备,-3.3902586
7675,2025-01-24,SH.ZB_600268,国电南自,电网设备,-3.3906736
7676,2025-01-24,SZ.ZB_002459,晶澳科技,光伏设备,-3.3908849
7677,2025-01-24,SH.KC_688659,元琛科技,环保行业,-3.3915572
7678,2025-01-27,SH.KC_688435,英方软件,软件开发,-3.3921256
7679,2025-01-27,SZ.ZB_002648,卫星化学,化学原料,-3.3921309
7680,2025-01-24,SH.ZB_603999,读者传媒,文化传媒,-3.3922892
7681,2025-01-24,SH.ZB_603270,金帝股份,通用设备,-3.392291
7682,2025-01-27,SZ.ZB_003042,中农联合,农药兽药,-3.3925674
7683,2025-01-24,SH.KC_688153,唯捷创芯,半导体,-3.3926866
7684,2025-01-27,SH.KC_688380,中微半导,半导体,-3.39269
7685,2025-01-24,SH.KC_301218,华是科技,软件开发,-3.3931148
7686,2025-01-27,SH.KC_689009,九号公司-WD,交运设备,-3.3938487
7687,2025-01-27,SH.ZB_605333,沪光股份,汽车零部件,-3.3939877
7688,2025-01-24,SZ.ZB_002402,和而泰,消费电子,-3.3940055
7689,2025-01-24,SH.KC_688419,耐科装备,专用设备,-3.394201
7690,2025-01-27,SH.ZB_603978,深圳新星,有色金属,-3.3943489
7691,2025-01-24,SZ.ZB_002380,科远智慧,互联网服务,-3.3946052
7692,2025-01-27,SH.ZB_600745,闻泰科技,消费电子,-3.3949323
7693,2025-01-24,SZ.ZB_000530,冰山冷热,通用设备,-3.3949912
7694,2025-01-24,SH.ZB_601231,环旭电子,消费电子,-3.3951244
7695,2025-01-24,SH.ZB_605369,拱东医疗,医疗器械,-3.3951845
7696,2025-01-27,SH.KC_688682,霍莱沃,通信服务,-3.3953109
7697,2025-01-27,SZ.ZB_002119,康强电子,半导体,-3.3959296
7698,2025-01-27,SH.ZB_603816,顾家家居,装修建材,-3.396355
7699,2025-01-27,SH.ZB_603786,科博达,汽车零部件,-3.3966322
7700,2025-01-24,SH.KC_301077,星华新材,化学制品,-3.3967474
7701,2025-01-27,SH.ZB_600733,北汽蓝谷,汽车整车,-3.3973382
7702,2025-01-27,SH.KC_300258,精锻科技,汽车零部件,-3.3977888
7703,2025-01-24,SH.ZB_601177,杭齿前进,通用设备,-3.3978925
7704,2025-01-27,SH.KC_300895,铜牛信息,互联网服务,-3.398194
7705,2025-01-24,SZ.ZB_000803,山高环能,综合行业,-3.3986692
7706,2025-01-24,SH.KC_300553,集智股份,仪器仪表,-3.400257
7707,2025-01-27,SH.ZB_605319,无锡振华,汽车零部件,-3.4003422
7708,2025-01-27,SH.KC_301469,恒达新材,造纸印刷,-3.4006603
7709,2025-01-27,SH.KC_688036,传音控股,消费电子,-3.4010627
7710,2025-01-27,SH.KC_688518,联赢激光,专用设备,-3.4011233
7711,2025-01-27,SH.KC_300366,创意信息,软件开发,-3.4014442
7712,2025-01-24,SH.ZB_600686,金龙汽车,汽车整车,-3.4017
7713,2025-01-27,SH.ZB_603733,仙鹤股份,造纸印刷,-3.4017577
7714,2025-01-24,SH.ZB_603466,风语筑,文化传媒,-3.401759
7715,2025-01-27,SH.ZB_600694,大商股份,商业百货,-3.4025095
7716,2025-01-27,SH.KC_301459,丰茂股份,橡胶制品,-3.4033697
7717,2025-01-24,SH.ZB_600977,中国电影,文化传媒,-3.4034233
7718,2025-01-27,SH.ZB_601360,三六零,软件开发,-3.4035664
7719,2025-01-27,SH.ZB_605507,国邦医药,化学制药,-3.403718
7720,2025-01-27,SH.ZB_600173,卧龙地产,房地产开发,-3.4038506
7721,2025-01-24,SH.KC_688300,联瑞新材,非金属材料,-3.4040685
7722,2025-01-24,SH.KC_688097,博众精工,专用设备,-3.4041352
7723,2025-01-27,SZ.ZB_002669,康达新材,化学制品,-3.4045334
7724,2025-01-24,SH.KC_300258,精锻科技,汽车零部件,-3.4051337
7725,2025-01-27,SH.ZB_603108,润达医疗,医疗服务,-3.4053075
7726,2025-01-24,SZ.ZB_000408,藏格矿业,化肥行业,-3.4055233
7727,2025-01-27,SH.KC_301069,凯盛新材,化学原料,-3.4057894
7728,2025-01-27,SZ.ZB_002095,生 意 宝,互联网服务,-3.4059103
7729,2025-01-24,SH.KC_688443,智翔金泰-U,生物制品,-3.4060988
7730,2025-01-24,SH.ZB_603737,三棵树,装修建材,-3.4064133
7731,2025-01-24,SZ.ZB_003006,百亚股份,美容护理,-3.4067397
7732,2025-01-24,SH.KC_301036,双乐股份,化学制品,-3.406755
7733,2025-01-24,SZ.ZB_000007,全新好,房地产服务,-3.40711
7734,2025-01-27,SH.KC_688259,创耀科技,半导体,-3.4078724
7735,2025-01-27,SH.KC_300292,吴通控股,通信服务,-3.4084518
7736,2025-01-27,SH.KC_301022,海泰科,汽车零部件,-3.4087956
7737,2025-01-27,SZ.ZB_002334,英威腾,专用设备,-3.4088607
7738,2025-01-24,SH.KC_300224,正海磁材,小金属,-3.4090877
7739,2025-01-27,SH.KC_688060,云涌科技,软件开发,-3.409191
7740,2025-01-27,SZ.ZB_002491,通鼎互联,通信设备,-3.4103036
7741,2025-01-27,SH.KC_688023,安恒信息,软件开发,-3.410364
7742,2025-01-27,SH.KC_300229,拓尔思,软件开发,-3.4104083
7743,2025-01-24,SH.KC_301339,通行宝,软件开发,-3.4104552
7744,2025-01-24,SH.KC_301028,东亚机械,通用设备,-3.4109752
7745,2025-01-27,SH.KC_688181,八亿时空,光学光电子,-3.4111207
7746,2025-01-27,SH.KC_300973,立高食品,食品饮料,-3.4112747
7747,2025-01-24,SH.ZB_600699,均胜电子,汽车零部件,-3.4117844
7748,2025-01-24,SZ.ZB_002544,普天科技,通信服务,-3.4120672
7749,2025-01-24,SH.KC_301172,君逸数码,软件开发,-3.4122176
7750,2025-01-27,SH.KC_301263,泰恩康,医药商业,-3.4122977
7751,2025-01-27,SH.KC_688108,赛诺医疗,医疗器械,-3.4123008
7752,2025-01-24,SH.KC_301365,矩阵股份,装修装饰,-3.4123733
7753,2025-01-24,SH.KC_688435,英方软件,软件开发,-3.4127288
7754,2025-01-24,SZ.ZB_002222,福晶科技,光学光电子,-3.4131446
7755,2025-01-27,SZ.ZB_003036,泰坦股份,专用设备,-3.4132977
7756,2025-01-24,SZ.ZB_000932,华菱钢铁,钢铁行业,-3.4137056
7757,2025-01-27,SZ.ZB_000638,万方发展,农牧饲渔,-3.4151685
7758,2025-01-27,SH.KC_688291,金橙子,软件开发,-3.4152865
7759,2025-01-24,SH.KC_300998,宁波方正,汽车零部件,-3.4157145
7760,2025-01-24,SH.ZB_600367,红星发展,化学原料,-3.4160953
7761,2025-01-24,SH.ZB_600184,光电股份,专用设备,-3.416194
7762,2025-01-27,SZ.ZB_002605,姚记科技,游戏,-3.4168541
7763,2025-01-27,SH.KC_688207,格灵深瞳,软件开发,-3.4171429
7764,2025-01-24,SH.KC_300910,瑞丰新材,化学制品,-3.4173071
7765,2025-01-27,SH.KC_301589,诺瓦星云,计算机设备,-3.417327
7766,2025-01-24,SH.ZB_603885,吉祥航空,航空机场,-3.4173727
7767,2025-01-27,SZ.ZB_000504,南华生物,医疗服务,-3.4179037
7768,2025-01-24,SH.ZB_600689,上海三毛,纺织服装,-3.4179587
7769,2025-01-24,SH.KC_688596,正帆科技,专用设备,-3.4180636
7770,2025-01-27,SZ.ZB_002645,华宏科技,环保行业,-3.4181554
7771,2025-01-27,SH.KC_300659,中孚信息,软件开发,-3.4182417
7772,2025-01-27,SH.KC_688466,金科环境,环保行业,-3.418323
7773,2025-01-27,SZ.ZB_002517,恺英网络,游戏,-3.4190216
7774,2025-01-27,SZ.ZB_002165,红 宝 丽,化学制品,-3.42009
7775,2025-01-24,SH.KC_301459,丰茂股份,橡胶制品,-3.4201226
7776,2025-01-27,SH.KC_688657,浩辰软件,软件开发,-3.4206185
7777,2025-01-24,SZ.ZB_000679,大连友谊,商业百货,-3.4212618
7778,2025-01-27,SZ.ZB_002801,微光股份,电机,-3.4213283
7779,2025-01-24,SH.ZB_603268,松发股份,装修建材,-3.4216728
7780,2025-01-27,SH.KC_300982,苏文电能,工程建设,-3.4217312
7781,2025-01-24,SZ.ZB_002138,顺络电子,电子元件,-3.4221482
7782,2025-01-24,SH.KC_301556,托普云农,软件开发,-3.4222186
7783,2025-01-24,SH.KC_300982,苏文电能,工程建设,-3.422306
7784,2025-01-27,SH.KC_300811,铂科新材,小金属,-3.4227211
7785,2025-01-27,SZ.ZB_002908,德生科技,软件开发,-3.42285
7786,2025-01-27,SH.ZB_600491,龙元建设,工程建设,-3.4232936
7787,2025-01-27,SH.KC_300328,宜安科技,小金属,-3.4236543
7788,2025-01-27,SH.KC_301013,利和兴,专用设备,-3.423871
7789,2025-01-27,SH.KC_300251,光线传媒,文化传媒,-3.4243212
7790,2025-01-24,SH.ZB_603062,麦加芯彩,化学原料,-3.4244597
7791,2025-01-24,SZ.ZB_002225,濮耐股份,装修建材,-3.4245484
7792,2025-01-24,SH.KC_300712,永福股份,工程建设,-3.4247267
7793,2025-01-24,SZ.ZB_002123,梦网科技,通信服务,-3.4256425
7794,2025-01-27,SH.KC_300264,佳创视讯,互联网服务,-3.4257884
7795,2025-01-27,SH.KC_300582,英飞特,光学光电子,-3.4259696
7796,2025-01-14,SH.KC_688667,菱电电控,汽车零部件,-3.4263093
7797,2025-01-27,SZ.ZB_000757,浩物股份,汽车服务,-3.4263997
7798,2025-01-24,SH.ZB_603320,迪贝电气,电机,-3.426675
7799,2025-01-24,SH.KC_688102,斯瑞新材,有色金属,-3.427251
7800,2025-01-27,SH.ZB_605566,福莱蒽特,化学制品,-3.4272726
7801,2025-01-24,SH.ZB_603633,徕木股份,汽车零部件,-3.427425
7802,2025-01-24,SH.KC_300866,安克创新,消费电子,-3.4274678
7803,2025-01-27,SH.ZB_601137,博威合金,有色金属,-3.4276412
7804,2025-01-24,SH.KC_688390,固德威,光伏设备,-3.4277637
7805,2025-01-27,SH.KC_688336,三生国健,生物制品,-3.4282565
7806,2025-01-27,SZ.ZB_000592,平潭发展,农牧饲渔,-3.4283745
7807,2025-01-27,SH.KC_688509,正元地信,互联网服务,-3.4288964
7808,2025-01-24,SH.ZB_603189,网达软件,软件开发,-3.4288976
7809,2025-01-24,SZ.ZB_002797,第一创业,证券,-3.4289577
7810,2025-01-24,SZ.ZB_000526,学大教育,教育,-3.429693
7811,2025-01-24,SH.KC_300730,科创信息,软件开发,-3.4298923
7812,2025-01-24,SH.KC_300605,恒锋信息,软件开发,-3.4302573
7813,2025-01-24,SH.ZB_603011,合锻智能,专用设备,-3.4307435
7814,2025-01-27,SZ.ZB_002938,鹏鼎控股,电子元件,-3.43121
7815,2025-01-27,SH.KC_300369,绿盟科技,软件开发,-3.4314833
7816,2025-01-27,SH.ZB_605055,迎丰股份,纺织服装,-3.4316785
7817,2025-01-27,SH.KC_300157,新锦动力,采掘行业,-3.431815
7818,2025-01-24,SH.KC_688150,莱特光电,光学光电子,-3.4318984
7819,2025-01-24,SH.KC_301081,严牌股份,环保行业,-3.4319382
7820,2025-01-24,SH.ZB_600857,宁波中百,商业百货,-3.4320176
7821,2025-01-24,SH.KC_688252,天德钰,半导体,-3.432174
7822,2025-01-24,SH.KC_300292,吴通控股,通信服务,-3.4323058
7823,2025-01-24,SH.ZB_603600,永艺股份,装修建材,-3.4325979
7824,2025-01-24,SH.KC_300901,中胤时尚,纺织服装,-3.4326394
7825,2025-01-24,SH.KC_300707,威唐工业,汽车零部件,-3.4326408
7826,2025-01-24,SH.KC_300364,中文在线,文化传媒,-3.4327195
7827,2025-01-24,SH.KC_301101,明月镜片,家用轻工,-3.4332442
7828,2025-01-24,SH.ZB_600161,天坛生物,生物制品,-3.4332774
7829,2025-01-27,SH.KC_301329,信音电子,电子元件,-3.4335203
7830,2025-01-27,SH.KC_300280,紫天科技,文化传媒,-3.4342408
7831,2025-01-24,SH.ZB_603699,纽威股份,通用设备,-3.434448
7832,2025-01-27,SH.ZB_605305,中际联合,风电设备,-3.4348779
7833,2025-01-24,SZ.ZB_002559,亚威股份,通用设备,-3.434927
7834,2025-01-27,SH.KC_300550,和仁科技,软件开发,-3.435507
7835,2025-01-27,SH.KC_300768,迪普科技,软件开发,-3.4355078
7836,2025-01-24,SH.ZB_601928,凤凰传媒,文化传媒,-3.4361746
7837,2025-01-27,SZ.ZB_002457,青龙管业,装修建材,-3.4363241
7838,2025-01-27,SZ.ZB_002390,信邦制药,中药,-3.4365304
7839,2025-01-24,SH.KC_300793,佳禾智能,消费电子,-3.4365687
7840,2025-01-27,SH.ZB_603590,康辰药业,生物制品,-3.4368434
7841,2025-01-24,SH.KC_688172,燕东微,半导体,-3.4378986
7842,2025-01-24,SH.ZB_603786,科博达,汽车零部件,-3.4379117
7843,2025-01-24,SH.KC_301203,国泰环保,环保行业,-3.4379444
7844,2025-01-24,SH.ZB_603222,济民健康,化学制药,-3.4384649
7845,2025-01-27,SH.KC_300598,诚迈科技,软件开发,-3.4386828
7846,2025-01-27,SZ.ZB_002456,欧菲光,光学光电子,-3.4388356
7847,2025-01-24,SZ.ZB_000893,亚钾国际,化肥行业,-3.4388835
7848,2025-01-24,SH.KC_300777,中简科技,化纤行业,-3.4391024
7849,2025-01-27,SH.ZB_603337,杰克股份,专用设备,-3.4397573
7850,2025-01-24,SH.KC_688767,博拓生物,医疗器械,-3.4400523
7851,2025-01-27,SH.KC_688535,华海诚科,半导体,-3.4407756
7852,2025-01-27,SZ.ZB_002103,广博股份,家用轻工,-3.4408302
7853,2025-01-24,SH.KC_300767,震安科技,橡胶制品,-3.441232
7854,2025-01-24,SH.KC_301221,光庭信息,软件开发,-3.441267
7855,2025-01-24,SH.ZB_603505,金石资源,采掘行业,-3.4415166
7856,2025-01-27,SH.KC_688443,智翔金泰-U,生物制品,-3.4416463
7857,2025-01-27,SH.ZB_603273,天元智能,专用设备,-3.442296
7858,2025-01-27,SH.KC_688166,博瑞医药,化学制药,-3.4423518
7859,2025-01-24,SH.ZB_600988,赤峰黄金,贵金属,-3.4425697
7860,2025-01-24,SH.ZB_601058,赛轮轮胎,橡胶制品,-3.4428623
7861,2025-01-27,SH.KC_300308,中际旭创,通信设备,-3.4432623
7862,2025-01-27,SZ.ZB_002139,拓邦股份,消费电子,-3.444083
7863,2025-01-24,SH.ZB_603585,苏利股份,农药兽药,-3.4442942
7864,2025-01-27,SH.KC_301226,祥明智能,电机,-3.4445817
7865,2025-01-27,SH.KC_300663,科蓝软件,软件开发,-3.4448154
7866,2025-01-27,SH.ZB_603215,比依股份,家电行业,-3.4449291
7867,2025-01-24,SZ.ZB_002664,信质集团,汽车零部件,-3.445096
7868,2025-01-27,SZ.ZB_001268,联合精密,通用设备,-3.4451842
7869,2025-01-24,SH.ZB_603530,神马电力,电网设备,-3.4452705
7870,2025-01-24,SZ.ZB_001223,欧克科技,专用设备,-3.4455612
7871,2025-01-27,SH.ZB_605338,巴比食品,食品饮料,-3.4456387
7872,2025-01-27,SH.KC_688302,海创药业-U,生物制品,-3.445685
7873,2025-01-27,SH.KC_301298,东利机械,汽车零部件,-3.4464884
7874,2025-01-24,SH.KC_300288,朗玛信息,互联网服务,-3.4468188
7875,2025-01-24,SH.KC_301511,德福科技,电池,-3.4468591
7876,2025-01-27,SH.KC_688113,联测科技,专用设备,-3.4470797
7877,2025-01-24,SH.KC_300001,特锐德,电网设备,-3.4471073
7878,2025-01-27,SH.KC_301236,软通动力,软件开发,-3.4474738
7879,2025-01-24,SH.KC_300863,卡倍亿,汽车零部件,-3.447619
7880,2025-01-27,SH.KC_300730,科创信息,软件开发,-3.4477372
7881,2025-01-27,SH.ZB_601702,华峰铝业,有色金属,-3.4477797
7882,2025-01-27,SZ.ZB_002250,联化科技,农药兽药,-3.4480803
7883,2025-01-27,SH.ZB_600686,金龙汽车,汽车整车,-3.448493
7884,2025-01-24,SH.ZB_603151,邦基科技,农牧饲渔,-3.4488459
7885,2025-01-27,SH.ZB_603341,龙旗科技,消费电子,-3.4489434
7886,2025-01-24,SH.ZB_603825,华扬联众,文化传媒,-3.4490418
7887,2025-01-27,SH.KC_300836,佰奥智能,专用设备,-3.44966
7888,2025-01-24,SH.KC_688561,奇安信-U,软件开发,-3.4497828
7889,2025-01-27,SH.KC_688691,灿芯股份,半导体,-3.450073
7890,2025-01-24,SH.KC_301239,普瑞眼科,医疗服务,-3.4501386
7891,2025-01-27,SZ.ZB_002782,可立克,消费电子,-3.4507263
7892,2025-01-24,SH.ZB_603005,晶方科技,半导体,-3.4507976
7893,2025-01-27,SH.KC_688266,泽璟制药-U,化学制药,-3.4511273
7894,2025-01-24,SZ.ZB_002361,神剑股份,塑料制品,-3.4512057
7895,2025-01-24,SH.ZB_600576,祥源文旅,旅游酒店,-3.451416
7896,2025-01-27,SH.KC_688419,耐科装备,专用设备,-3.4527287
7897,2025-01-27,SH.ZB_603011,合锻智能,专用设备,-3.4529514
7898,2025-01-24,SH.KC_688331,荣昌生物,生物制品,-3.4532917
7899,2025-01-27,SZ.ZB_002649,博彦科技,互联网服务,-3.454466
7900,2025-01-24,SH.ZB_600487,亨通光电,通信设备,-3.45465
7901,2025-01-27,SH.ZB_600845,宝信软件,互联网服务,-3.4549503
7902,2025-01-24,SH.ZB_601208,东材科技,塑料制品,-3.4550645
7903,2025-01-24,SH.ZB_600705,中航产融,多元金融,-3.4551964
7904,2025-01-24,SH.ZB_603021,山东华鹏,玻璃玻纤,-3.4551973
7905,2025-01-27,SZ.ZB_002633,申科股份,通用设备,-3.455345
7906,2025-01-27,SH.KC_300906,日月明,交运设备,-3.4554589
7907,2025-01-24,SH.KC_300811,铂科新材,小金属,-3.455725
7908,2025-01-24,SH.KC_300950,德固特,专用设备,-3.4572408
7909,2025-01-27,SH.ZB_601933,永辉超市,商业百货,-3.4572933
7910,2025-01-24,SH.KC_300093,金刚光伏,光伏设备,-3.4574907
7911,2025-01-24,SZ.ZB_000852,石化机械,专用设备,-3.4576318
7912,2025-01-24,SH.KC_300031,宝通科技,游戏,-3.457924
7913,2025-01-27,SH.ZB_600618,氯碱化工,化学原料,-3.4580092
7914,2025-01-27,SZ.ZB_000021,深科技,消费电子,-3.4580429
7915,2025-01-24,SH.KC_688256,寒武纪-U,半导体,-3.4581337
7916,2025-01-27,SZ.ZB_002698,博实股份,专用设备,-3.4584768
7917,2025-01-27,SH.KC_688348,昱能科技,光伏设备,-3.458527
7918,2025-01-27,SH.KC_688008,澜起科技,半导体,-3.4587216
7919,2025-01-27,SH.ZB_600576,祥源文旅,旅游酒店,-3.4589217
7920,2025-01-27,SH.KC_300894,火星人,家电行业,-3.4604623
7921,2025-01-24,SH.ZB_603317,天味食品,食品饮料,-3.460531
7922,2025-01-24,SH.ZB_600730,中国高科,教育,-3.4606833
7923,2025-01-24,SH.KC_301328,维峰电子,电子元件,-3.4611647
7924,2025-01-24,SZ.ZB_002785,万里石,装修建材,-3.4613729
7925,2025-01-24,SZ.ZB_002692,远程股份,电网设备,-3.4614902
7926,2025-01-27,SZ.ZB_000006,深振业Ａ,房地产开发,-3.4616306
7927,2025-01-24,SH.KC_300652,雷迪克,汽车零部件,-3.4618516
7928,2025-01-24,SH.ZB_603685,晨丰科技,光学光电子,-3.462034
7929,2025-01-27,SH.ZB_603518,锦泓集团,纺织服装,-3.462296
7930,2025-01-24,SH.KC_301263,泰恩康,医药商业,-3.4625113
7931,2025-01-27,SH.KC_300502,新易盛,通信设备,-3.4626312
7932,2025-01-24,SZ.ZB_002835,同为股份,计算机设备,-3.4626718
7933,2025-01-27,SH.KC_688582,芯动联科,电子元件,-3.462727
7934,2025-01-24,SH.KC_688612,威迈斯,汽车零部件,-3.4628847
7935,2025-01-27,SH.KC_688265,南模生物,生物制品,-3.4630115
7936,2025-01-24,SZ.ZB_002890,弘宇股份,专用设备,-3.4638
7937,2025-01-24,SZ.ZB_002494,华斯股份,纺织服装,-3.464606
7938,2025-01-27,SH.ZB_605122,四方新材,水泥建材,-3.4659042
7939,2025-01-24,SZ.ZB_003005,竞业达,互联网服务,-3.466048
7940,2025-01-24,SH.KC_300004,南风股份,专用设备,-3.466093
7941,2025-01-27,SZ.ZB_000807,云铝股份,有色金属,-3.4664762
7942,2025-01-24,SH.ZB_603258,电魂网络,游戏,-3.4669254
7943,2025-01-24,SH.KC_688221,前沿生物-U,化学制药,-3.467114
7944,2025-01-24,SH.KC_300081,恒信东方,通信服务,-3.4677467
7945,2025-01-27,SH.KC_300508,维宏股份,互联网服务,-3.4678354
7946,2025-01-27,SH.KC_688458,美芯晟,半导体,-3.4684412
7947,2025-01-27,SH.KC_688606,奥泰生物,医疗器械,-3.4685783
7948,2025-01-24,SZ.ZB_002766,索菱股份,互联网服务,-3.4690268
7949,2025-01-27,SH.KC_300673,佩蒂股份,农牧饲渔,-3.4695213
7950,2025-01-24,SH.ZB_600506,统一股份,石油行业,-3.469854
7951,2025-01-24,SZ.ZB_002678,珠江钢琴,家用轻工,-3.469891
7952,2025-01-27,SZ.ZB_002558,巨人网络,游戏,-3.4702525
7953,2025-01-27,SH.KC_300872,天阳科技,互联网服务,-3.4702892
7954,2025-01-24,SH.ZB_605555,德昌股份,家电行业,-3.4706228
7955,2025-01-27,SH.ZB_605289,罗曼股份,装修装饰,-3.471191
7956,2025-01-24,SH.KC_688335,复洁环保,环保行业,-3.4712124
7957,2025-01-27,SH.KC_300303,聚飞光电,光学光电子,-3.4722238
7958,2025-01-24,SH.ZB_601226,华电科工,工程机械,-3.4722626
7959,2025-01-24,SH.KC_688187,时代电气,交运设备,-3.4725296
7960,2025-01-27,SH.ZB_605108,同庆楼,旅游酒店,-3.4728408
7961,2025-01-27,SH.ZB_603773,沃格光电,光学光电子,-3.473087
7962,2025-01-24,SH.KC_301279,金道科技,通用设备,-3.4732137
7963,2025-01-27,SH.KC_688480,赛恩斯,环保行业,-3.47392
7964,2025-01-24,SH.KC_301182,凯旺科技,消费电子,-3.4745076
7965,2025-01-24,SH.KC_688090,瑞松科技,专用设备,-3.4745824
7966,2025-01-27,SH.KC_688681,科汇股份,电网设备,-3.4746363
7967,2025-01-24,SZ.ZB_000736,中交地产,房地产开发,-3.4748917
7968,2025-01-27,SH.KC_301012,扬电科技,电网设备,-3.4763603
7969,2025-01-24,SZ.ZB_002343,慈文传媒,文化传媒,-3.4772158
7970,2025-01-24,SH.KC_300448,浩云科技,互联网服务,-3.477521
7971,2025-01-27,SH.KC_300968,格林精密,消费电子,-3.4777017
7972,2025-01-27,SH.KC_688283,坤恒顺维,专用设备,-3.478151
7973,2025-01-27,SZ.ZB_002241,歌尔股份,消费电子,-3.4792926
7974,2025-01-27,SH.KC_300130,新国都,计算机设备,-3.479337
7975,2025-01-24,SZ.ZB_002712,思美传媒,文化传媒,-3.4800544
7976,2025-01-24,SZ.ZB_002488,金固股份,汽车零部件,-3.4806557
7977,2025-01-24,SH.KC_300085,银之杰,软件开发,-3.480735
7978,2025-01-27,SH.KC_300967,晓鸣股份,农牧饲渔,-3.4807353
7979,2025-01-27,SH.KC_300059,东方财富,互联网服务,-3.4809775
7980,2025-01-27,SH.KC_301045,天禄科技,光学光电子,-3.4812021
7981,2025-01-27,SZ.ZB_000571,新大洲A,煤炭行业,-3.4815078
7982,2025-01-24,SH.ZB_603429,集友股份,造纸印刷,-3.4819286
7983,2025-01-27,SH.ZB_603051,鹿山新材,塑料制品,-3.482424
7984,2025-01-27,SZ.ZB_002164,宁波东力,通用设备,-3.4824555
7985,2025-01-24,SZ.ZB_002997,瑞鹄模具,汽车零部件,-3.483065
7986,2025-01-27,SH.ZB_600592,龙溪股份,通用设备,-3.483245
7987,2025-01-27,SH.ZB_603721,中广天择,文化传媒,-3.4856956
7988,2025-01-27,SH.ZB_600506,统一股份,石油行业,-3.4871678
7989,2025-01-27,SH.KC_300949,奥雅股份,工程咨询服务,-3.4872696
7990,2025-01-27,SZ.ZB_002440,闰土股份,化学制品,-3.4878871
7991,2025-01-27,SH.KC_300035,中科电气,非金属材料,-3.4883895
7992,2025-01-27,SH.ZB_605369,拱东医疗,医疗器械,-3.488759
7993,2025-01-27,SH.KC_300231,银信科技,互联网服务,-3.4892852
7994,2025-01-24,SH.KC_688380,中微半导,半导体,-3.4892876
7995,2025-01-24,SZ.ZB_002915,中欣氟材,化学制品,-3.490411
7996,2025-01-27,SH.ZB_600622,光大嘉宝,房地产开发,-3.4904149
7997,2025-01-27,SZ.ZB_002642,荣联科技,互联网服务,-3.491174
7998,2025-01-27,SZ.ZB_002137,实益达,电子元件,-3.491542
7999,2025-01-24,SH.KC_300773,拉卡拉,软件开发,-3.4921725
8000,2025-01-24,SH.ZB_603381,永臻股份,光伏设备,-3.492313
8001,2025-01-24,SH.KC_301023,江南奕帆,电机,-3.4924052
8002,2025-01-24,SH.ZB_603221,爱丽家居,塑料制品,-3.493435
8003,2025-01-27,SH.KC_300711,广哈通信,通信设备,-3.4935627
8004,2025-01-24,SH.KC_688336,三生国健,生物制品,-3.4938548
8005,2025-01-27,SZ.ZB_002708,光洋股份,汽车零部件,-3.494311
8006,2025-01-27,SH.KC_301172,君逸数码,软件开发,-3.4944289
8007,2025-01-24,SH.KC_300251,光线传媒,文化传媒,-3.4949698
8008,2025-01-27,SH.KC_301392,汇成真空,专用设备,-3.4950805
8009,2025-01-24,SH.KC_300459,汤姆猫,游戏,-3.4953673
8010,2025-01-24,SZ.ZB_002420,毅昌科技,家电行业,-3.4954588
8011,2025-01-24,SH.ZB_603995,甬金股份,钢铁行业,-3.4955137
8012,2025-01-27,SZ.ZB_002902,铭普光磁,通信设备,-3.4955676
8013,2025-01-24,SH.KC_300701,森霸传感,光学光电子,-3.495761
8014,2025-01-24,SZ.ZB_002119,康强电子,半导体,-3.4962494
8015,2025-01-27,SZ.ZB_002403,爱仕达,家电行业,-3.496448
8016,2025-01-27,SH.KC_688326,经纬恒润-W,汽车零部件,-3.4982145
8017,2025-01-27,SH.ZB_600731,湖南海利,农药兽药,-3.4982667
8018,2025-01-27,SH.KC_688102,斯瑞新材,有色金属,-3.4986525
8019,2025-01-27,SZ.ZB_002797,第一创业,证券,-3.4988184
8020,2025-01-24,SH.ZB_600562,国睿科技,通信设备,-3.4988701
8021,2025-01-24,SZ.ZB_002908,德生科技,软件开发,-3.4994597
8022,2025-01-24,SH.ZB_603033,三维股份,橡胶制品,-3.4998443
8023,2025-01-27,SH.ZB_603336,宏辉果蔬,农牧饲渔,-3.5007827
8024,2025-01-24,SH.KC_301004,嘉益股份,家用轻工,-3.5010006
8025,2025-01-27,SH.ZB_600163,中闽能源,电力行业,-3.5020702
8026,2025-01-27,SH.KC_301296,新巨丰,包装材料,-3.5021152
8027,2025-01-27,SH.KC_301381,赛维时代,互联网服务,-3.502176
8028,2025-01-24,SZ.ZB_000802,北京文化,文化传媒,-3.5022519
8029,2025-01-24,SH.ZB_601113,华鼎股份,化纤行业,-3.5028148
8030,2025-01-27,SZ.ZB_002898,赛隆药业,化学制药,-3.5030231
8031,2025-01-27,SH.KC_301279,金道科技,通用设备,-3.5030346
8032,2025-01-27,SZ.ZB_002967,广电计量,专业服务,-3.5030537
8033,2025-01-27,SZ.ZB_002222,福晶科技,光学光电子,-3.5031059
8034,2025-01-27,SZ.ZB_002488,金固股份,汽车零部件,-3.5034351
8035,2025-01-24,SH.ZB_600160,巨化股份,化学制品,-3.5034423
8036,2025-01-24,SH.KC_688717,艾罗能源,光伏设备,-3.5034533
8037,2025-01-27,SH.KC_300767,震安科技,橡胶制品,-3.503788
8038,2025-01-16,SH.KC_688293,奥浦迈,专业服务,-3.5040457
8039,2025-01-27,SZ.ZB_001330,博纳影业,文化传媒,-3.5044923
8040,2025-01-24,SH.KC_688070,纵横股份,航天航空,-3.5049
8041,2025-01-27,SZ.ZB_002196,方正电机,电机,-3.5055583
8042,2025-01-27,SH.ZB_601019,山东出版,文化传媒,-3.5061722
8043,2025-01-24,SH.ZB_603095,越剑智能,专用设备,-3.5062199
8044,2025-01-27,SH.ZB_605117,德业股份,光伏设备,-3.5065603
8045,2025-01-27,SH.KC_300321,同大股份,化学制品,-3.5072997
8046,2025-01-24,SH.ZB_605333,沪光股份,汽车零部件,-3.5080736
8047,2025-01-27,SH.ZB_603155,新亚强,化学制品,-3.508236
8048,2025-01-24,SZ.ZB_001324,长青科技,交运设备,-3.5083194
8049,2025-01-24,SH.KC_300578,会畅通讯,通信服务,-3.5084817
8050,2025-01-27,SH.KC_300645,正元智慧,互联网服务,-3.5086586
8051,2025-01-24,SH.KC_688206,概伦电子,软件开发,-3.509069
8052,2025-01-27,SZ.ZB_000995,皇台酒业,酿酒行业,-3.5091064
8053,2025-01-27,SH.KC_688234,天岳先进,半导体,-3.509269
8054,2025-01-27,SH.KC_300103,达刚控股,专用设备,-3.5095415
8055,2025-01-24,SH.ZB_600640,国脉文化,文化传媒,-3.509913
8056,2025-01-24,SH.KC_300628,亿联网络,通信设备,-3.5099924
8057,2025-01-24,SH.KC_688679,通源环境,环保行业,-3.510036
8058,2025-01-24,SH.KC_688078,龙软科技,软件开发,-3.5100725
8059,2025-01-24,SH.KC_301153,中科江南,软件开发,-3.510118
8060,2025-01-27,SH.KC_300255,常山药业,化学制药,-3.510726
8061,2025-01-27,SZ.ZB_003030,祖名股份,食品饮料,-3.5107396
8062,2025-01-27,SZ.ZB_002707,众信旅游,旅游酒店,-3.510964
8063,2025-01-24,SZ.ZB_000868,安凯客车,汽车整车,-3.5112352
8064,2025-01-24,SH.KC_300602,飞荣达,消费电子,-3.511438
8065,2025-01-24,SH.KC_688657,浩辰软件,软件开发,-3.5117002
8066,2025-01-24,SH.KC_300768,迪普科技,软件开发,-3.5123568
8067,2025-01-24,SH.KC_300161,华中数控,通用设备,-3.5124989
8068,2025-01-27,SH.KC_300454,深信服,软件开发,-3.5129168
8069,2025-01-27,SZ.ZB_002368,太极股份,互联网服务,-3.5131211
8070,2025-01-24,SZ.ZB_002942,新农股份,农药兽药,-3.5132303
8071,2025-01-27,SH.KC_301377,鼎泰高科,通用设备,-3.513942
8072,2025-01-27,SH.KC_300379,东方通,软件开发,-3.5140605
8073,2025-01-27,SH.KC_688179,阿拉丁,化学制品,-3.5148191
8074,2025-01-24,SH.KC_300508,维宏股份,互联网服务,-3.514845
8075,2025-01-24,SH.KC_301033,迈普医学,医疗服务,-3.5150766
8076,2025-01-24,SH.KC_300257,开山股份,通用设备,-3.5151355
8077,2025-01-24,SZ.ZB_002901,大博医疗,医疗器械,-3.5152547
8078,2025-01-27,SH.ZB_603268,松发股份,装修建材,-3.51615
8079,2025-01-27,SH.ZB_603220,中贝通信,通信服务,-3.5166335
8080,2025-01-27,SH.KC_688382,益方生物-U,生物制品,-3.516741
8081,2025-01-24,SH.KC_688388,嘉元科技,电池,-3.517533
8082,2025-01-27,SH.KC_688161,威高骨科,医疗器械,-3.5180898
8083,2025-01-27,SH.ZB_603717,天域生物,农牧饲渔,-3.5183125
8084,2025-01-27,SZ.ZB_002313,日海智能,通信设备,-3.5185077
8085,2025-01-24,SZ.ZB_002278,神开股份,专用设备,-3.519221
8086,2025-01-27,SZ.ZB_002949,华阳国际,工程咨询服务,-3.5193534
8087,2025-01-27,SZ.ZB_002858,力盛体育,文化传媒,-3.519619
8088,2025-01-24,SH.ZB_601567,三星医疗,电网设备,-3.5198429
8089,2025-01-27,SH.ZB_603685,晨丰科技,光学光电子,-3.5199783
8090,2025-01-27,SH.KC_300148,天舟文化,游戏,-3.5203106
8091,2025-01-24,SH.KC_300522,世名科技,化学制品,-3.5207312
8092,2025-01-24,SH.ZB_600455,博通股份,教育,-3.521027
8093,2025-01-24,SH.KC_300468,四方精创,软件开发,-3.5211234
8094,2025-01-24,SH.ZB_601900,南方传媒,文化传媒,-3.5219026
8095,2025-01-24,SZ.ZB_002457,青龙管业,装修建材,-3.5222046
8096,2025-01-24,SZ.ZB_002558,巨人网络,游戏,-3.5228293
8097,2025-01-27,SH.KC_300641,正丹股份,化学制品,-3.5228744
8098,2025-01-27,SH.ZB_600161,天坛生物,生物制品,-3.5230913
8099,2025-01-27,SH.KC_300359,全通教育,教育,-3.5232496
8100,2025-01-27,SH.KC_300343,联创股份,化学制品,-3.5233684
8101,2025-01-27,SH.KC_688206,概伦电子,软件开发,-3.5234194
8102,2025-01-24,SH.KC_301391,卡莱特,计算机设备,-3.523665
8103,2025-01-24,SH.KC_300302,同有科技,软件开发,-3.5247304
8104,2025-01-27,SH.ZB_603506,南都物业,房地产服务,-3.5249398
8105,2025-01-24,SZ.ZB_002820,桂发祥,食品饮料,-3.525288
8106,2025-01-27,SZ.ZB_002992,宝明科技,光学光电子,-3.5254865
8107,2025-01-27,SH.KC_688127,蓝特光学,光学光电子,-3.5255797
8108,2025-01-27,SH.KC_688172,燕东微,半导体,-3.5259843
8109,2025-01-24,SH.KC_300421,力星股份,通用设备,-3.5262103
8110,2025-01-27,SH.ZB_605218,伟时电子,光学光电子,-3.5265288
8111,2025-01-24,SZ.ZB_001259,利仁科技,家电行业,-3.526862
8112,2025-01-27,SH.ZB_603585,苏利股份,农药兽药,-3.5272632
8113,2025-01-24,SH.KC_688013,天臣医疗,医疗器械,-3.5280104
8114,2025-01-27,SH.ZB_600990,四创电子,通信设备,-3.528919
8115,2025-01-24,SZ.ZB_002920,德赛西威,汽车零部件,-3.529723
8116,2025-01-24,SZ.ZB_002268,电科网安,软件开发,-3.5301392
8117,2025-01-27,SZ.ZB_002630,华西能源,电源设备,-3.530254
8118,2025-01-27,SH.KC_301568,思泰克,专用设备,-3.5310123
8119,2025-01-27,SH.ZB_605303,园林股份,工程建设,-3.5310674
8120,2025-01-22,SH.KC_300065,海兰信,船舶制造,-3.531246
8121,2025-01-24,SH.ZB_605122,四方新材,水泥建材,-3.5312462
8122,2025-01-24,SH.KC_300886,华业香料,美容护理,-3.531605
8123,2025-01-24,SZ.ZB_002400,省广集团,文化传媒,-3.53189
8124,2025-01-27,SH.KC_300124,汇川技术,电子元件,-3.5324442
8125,2025-01-27,SH.KC_688296,和达科技,软件开发,-3.5330102
8126,2025-01-24,SZ.ZB_000905,厦门港务,航运港口,-3.5331528
8127,2025-01-27,SH.KC_688519,南亚新材,电子元件,-3.5336435
8128,2025-01-27,SZ.ZB_001212,中旗新材,装修装饰,-3.5339165
8129,2025-01-24,SH.KC_688678,福立旺,消费电子,-3.5339613
8130,2025-01-24,SZ.ZB_000603,盛达资源,有色金属,-3.5340831
8131,2025-01-27,SH.KC_300541,先进数通,互联网服务,-3.5343065
8132,2025-01-27,SH.ZB_600133,东湖高新,工程建设,-3.534798
8133,2025-01-27,SZ.ZB_002225,濮耐股份,装修建材,-3.5352364
8134,2025-01-24,SZ.ZB_002250,联化科技,农药兽药,-3.5354667
8135,2025-01-27,SH.ZB_603270,金帝股份,通用设备,-3.5360322
8136,2025-01-27,SH.ZB_603836,海程邦达,物流行业,-3.5361588
8137,2025-01-27,SZ.ZB_002546,新联电子,电网设备,-3.5368822
8138,2025-01-27,SH.KC_301270,汉仪股份,互联网服务,-3.5376337
8139,2025-01-24,SZ.ZB_000785,居然智家,商业百货,-3.5380635
8140,2025-01-24,SH.KC_300222,科大智能,电网设备,-3.5381544
8141,2025-01-24,SH.ZB_605208,永茂泰,汽车零部件,-3.5381978
8142,2025-01-27,SH.KC_301510,固高科技,仪器仪表,-3.5385046
8143,2025-01-24,SH.ZB_603660,苏州科达,计算机设备,-3.5386584
8144,2025-01-27,SH.ZB_600857,宁波中百,商业百货,-3.5390139
8145,2025-01-24,SH.KC_300846,首都在线,互联网服务,-3.5398252
8146,2025-01-27,SH.KC_688659,元琛科技,环保行业,-3.5404537
8147,2025-01-24,SH.KC_301317,鑫磊股份,通用设备,-3.540777
8148,2025-01-27,SH.KC_301141,中科磁业,小金属,-3.5411701
8149,2025-01-27,SH.ZB_603533,掌阅科技,文化传媒,-3.5412521
8150,2025-01-24,SZ.ZB_002858,力盛体育,文化传媒,-3.541433
8151,2025-01-24,SH.KC_688617,惠泰医疗,医疗器械,-3.5416274
8152,2025-01-24,SH.ZB_603106,恒银科技,计算机设备,-3.5426054
8153,2025-01-27,SZ.ZB_001283,豪鹏科技,电池,-3.543153
8154,2025-01-24,SH.KC_300673,佩蒂股份,农牧饲渔,-3.5434663
8155,2025-01-24,SH.KC_301259,艾布鲁,环保行业,-3.5441134
8156,2025-01-24,SH.KC_688551,科威尔,电源设备,-3.5444074
8157,2025-01-27,SH.ZB_603297,永新光学,光学光电子,-3.544573
8158,2025-01-24,SH.ZB_603031,安孚科技,电池,-3.5447764
8159,2025-01-24,SH.ZB_603201,常润股份,汽车零部件,-3.5448053
8160,2025-01-27,SZ.ZB_002296,辉煌科技,通信设备,-3.545989
8161,2025-01-27,SH.KC_300468,四方精创,软件开发,-3.546024
8162,2025-01-24,SH.KC_301168,通灵股份,光伏设备,-3.5472915
8163,2025-01-24,SH.KC_301093,华兰股份,医疗器械,-3.5480301
8164,2025-01-27,SH.KC_688631,莱斯信息,软件开发,-3.549533
8165,2025-01-24,SH.KC_300560,中富通,通信服务,-3.5497885
8166,2025-01-24,SH.ZB_601933,永辉超市,商业百货,-3.549916
8167,2025-01-27,SZ.ZB_002123,梦网科技,通信服务,-3.5499983
8168,2025-01-27,SH.ZB_605016,百龙创园,食品饮料,-3.550227
8169,2025-01-24,SH.KC_688392,骄成超声,专用设备,-3.550303
8170,2025-01-27,SH.KC_300566,激智科技,光学光电子,-3.5515382
8171,2025-01-24,SZ.ZB_002351,漫步者,消费电子,-3.551583
8172,2025-01-27,SH.KC_688257,新锐股份,有色金属,-3.5518122
8173,2025-01-24,SZ.ZB_002150,通润装备,通用设备,-3.552097
8174,2025-01-27,SH.KC_688508,芯朋微,半导体,-3.5531383
8175,2025-01-24,SH.KC_301230,泓博医药,生物制品,-3.553752
8176,2025-01-24,SH.KC_688458,美芯晟,半导体,-3.5541403
8177,2025-01-27,SH.KC_300577,开润股份,纺织服装,-3.5543506
8178,2025-01-27,SH.KC_300364,中文在线,文化传媒,-3.5547338
8179,2025-01-27,SH.KC_300102,乾照光电,光学光电子,-3.5553005
8180,2025-01-27,SH.KC_688520,神州细胞-U,生物制品,-3.5557137
8181,2025-01-27,SZ.ZB_002273,水晶光电,光学光电子,-3.556564
8182,2025-01-27,SH.KC_688361,中科飞测,半导体,-3.5570245
8183,2025-01-27,SH.KC_688186,广大特材,风电设备,-3.557486
8184,2025-01-27,SH.KC_301191,菲菱科思,通信设备,-3.5576396
8185,2025-01-27,SH.ZB_601100,恒立液压,工程机械,-3.5583615
8186,2025-01-24,SH.KC_688521,芯原股份,半导体,-3.5585861
8187,2025-01-24,SZ.ZB_002792,通宇通讯,通信设备,-3.5588593
8188,2025-01-27,SZ.ZB_002942,新农股份,农药兽药,-3.5596464
8189,2025-01-27,SH.KC_300611,美力科技,汽车零部件,-3.5596676
8190,2025-01-27,SH.ZB_600268,国电南自,电网设备,-3.5604405
8191,2025-01-27,SZ.ZB_000603,盛达资源,有色金属,-3.5604439
8192,2025-01-27,SH.KC_300563,神宇股份,通信设备,-3.5605927
8193,2025-01-24,SH.KC_300541,先进数通,互联网服务,-3.5607767
8194,2025-01-24,SH.ZB_603508,思维列控,软件开发,-3.5609674
8195,2025-01-27,SZ.ZB_000962,东方钽业,小金属,-3.5633867
8196,2025-01-24,SH.ZB_600345,长江通信,通信设备,-3.5634913
8197,2025-01-24,SH.KC_300133,华策影视,文化传媒,-3.5637162
8198,2025-01-24,SH.KC_300788,中信出版,文化传媒,-3.5653262
8199,2025-01-27,SH.KC_300678,中科信息,互联网服务,-3.5656393
8200,2025-01-27,SZ.ZB_002723,小崧股份,家电行业,-3.5663505
8201,2025-01-24,SZ.ZB_000021,深科技,消费电子,-3.5665746
8202,2025-01-27,SH.ZB_605300,佳禾食品,食品饮料,-3.5680075
8203,2025-01-27,SH.KC_301168,通灵股份,光伏设备,-3.568355
8204,2025-01-27,SH.KC_300353,东土科技,通信设备,-3.568574
8205,2025-01-27,SZ.ZB_002897,意华股份,光伏设备,-3.5686593
8206,2025-01-27,SH.ZB_603920,世运电路,电子元件,-3.569106
8207,2025-01-24,SH.ZB_603190,亚通精工,汽车零部件,-3.569221
8208,2025-01-27,SZ.ZB_002028,思源电气,电网设备,-3.5726457
8209,2025-01-24,SH.KC_300247,融捷健康,家电行业,-3.5731304
8210,2025-01-24,SH.KC_301318,维海德,消费电子,-3.573902
8211,2025-01-24,SH.KC_688266,泽璟制药-U,化学制药,-3.5740755
8212,2025-01-27,SZ.ZB_002599,盛通股份,包装材料,-3.57458
8213,2025-01-27,SH.ZB_603825,华扬联众,文化传媒,-3.575312
8214,2025-01-24,SH.KC_300329,海伦钢琴,家用轻工,-3.5758178
8215,2025-01-27,SH.KC_300985,致远新能,通用设备,-3.5765033
8216,2025-01-27,SZ.ZB_002972,科安达,交运设备,-3.5766613
8217,2025-01-24,SH.KC_301227,森鹰窗业,装修建材,-3.5769696
8218,2025-01-27,SZ.ZB_002526,山东矿机,专用设备,-3.577494
8219,2025-01-27,SH.KC_301428,世纪恒通,互联网服务,-3.5775688
8220,2025-01-24,SH.KC_688662,富信科技,电子元件,-3.577622
8221,2025-01-24,SH.KC_300148,天舟文化,游戏,-3.5779266
8222,2025-01-24,SZ.ZB_002187,广百股份,商业百货,-3.5792947
8223,2025-01-27,SH.ZB_603062,麦加芯彩,化学原料,-3.5795205
8224,2025-01-24,SH.KC_301102,兆讯传媒,文化传媒,-3.5798278
8225,2025-01-27,SZ.ZB_002348,高乐股份,家用轻工,-3.5799243
8226,2025-01-27,SH.KC_301389,隆扬电子,电子元件,-3.5801933
8227,2025-01-24,SH.KC_301231,荣信文化,文化传媒,-3.5803297
8228,2025-01-24,SH.KC_688158,优刻得-W,互联网服务,-3.5803425
8229,2025-01-27,SH.KC_688068,热景生物,医疗器械,-3.5805218
8230,2025-01-27,SH.KC_300917,特发服务,房地产服务,-3.5805297
8231,2025-01-27,SH.KC_688215,瑞晟智能,专用设备,-3.5810757
8232,2025-01-27,SZ.ZB_002012,凯恩股份,造纸印刷,-3.5828977
8233,2025-01-24,SH.KC_300935,盈建科,软件开发,-3.583705
8234,2025-01-24,SZ.ZB_002261,拓维信息,软件开发,-3.5843863
8235,2025-01-24,SH.KC_688051,佳华科技,互联网服务,-3.5849776
8236,2025-01-24,SH.KC_688178,万德斯,环保行业,-3.5855494
8237,2025-01-27,SZ.ZB_002975,博杰股份,专用设备,-3.5874934
8238,2025-01-27,SH.KC_300518,新迅达,互联网服务,-3.5875623
8239,2025-01-27,SH.ZB_603629,利通电子,消费电子,-3.5877101
8240,2025-01-24,SH.KC_300721,怡达股份,化学制品,-3.5877864
8241,2025-01-24,SH.KC_301128,强瑞技术,专用设备,-3.587909
8242,2025-01-27,SZ.ZB_002667,威领股份,能源金属,-3.588172
8243,2025-01-24,SZ.ZB_002967,广电计量,专业服务,-3.588475
8244,2025-01-27,SZ.ZB_002559,亚威股份,通用设备,-3.5892005
8245,2025-01-27,SH.KC_688429,时创能源,光伏设备,-3.590259
8246,2025-01-24,SZ.ZB_002175,东方智造,仪器仪表,-3.5906699
8247,2025-01-27,SZ.ZB_001314,亿道信息,消费电子,-3.5907521
8248,2025-01-24,SH.ZB_603918,金桥信息,互联网服务,-3.5917354
8249,2025-01-24,SH.KC_300585,奥联电子,汽车零部件,-3.5917466
8250,2025-01-27,SH.KC_300133,华策影视,文化传媒,-3.5920978
8251,2025-01-24,SH.KC_688533,上声电子,汽车零部件,-3.5922513
8252,2025-01-27,SH.KC_301259,艾布鲁,环保行业,-3.592741
8253,2025-01-24,SH.KC_301178,天亿马,软件开发,-3.5930521
8254,2025-01-24,SH.ZB_600543,莫高股份,酿酒行业,-3.593095
8255,2025-01-27,SH.KC_688597,煜邦电力,电网设备,-3.593488
8256,2025-01-24,SH.KC_688265,南模生物,生物制品,-3.593721
8257,2025-01-27,SH.ZB_603583,捷昌驱动,专用设备,-3.5946994
8258,2025-01-24,SH.KC_688171,纬德信息,软件开发,-3.59566
8259,2025-01-24,SH.KC_300525,博思软件,软件开发,-3.5960183
8260,2025-01-24,SH.KC_688506,百利天恒-U,生物制品,-3.5961218
8261,2025-01-27,SH.ZB_600692,亚通股份,房地产开发,-3.5966556
8262,2025-01-24,SH.KC_300611,美力科技,汽车零部件,-3.5968091
8263,2025-01-27,SH.KC_688131,皓元医药,化学制药,-3.596861
8264,2025-01-24,SZ.ZB_002164,宁波东力,通用设备,-3.5974734
8265,2025-01-27,SH.KC_300988,津荣天宇,通用设备,-3.5983827
8266,2025-01-24,SZ.ZB_002546,新联电子,电网设备,-3.5984378
8267,2025-01-27,SH.KC_300803,指南针,软件开发,-3.598439
8268,2025-01-24,SH.ZB_603790,雅运股份,化学制品,-3.5986524
8269,2025-01-27,SH.KC_688097,博众精工,专用设备,-3.5986564
8270,2025-01-27,SZ.ZB_002041,登海种业,农牧饲渔,-3.5986571
8271,2025-01-24,SZ.ZB_002637,赞宇科技,化学制品,-3.5990505
8272,2025-01-27,SH.KC_688028,沃尔德,通用设备,-3.5993304
8273,2025-01-24,SH.KC_688079,美迪凯,光学光电子,-3.5993502
8274,2025-01-27,SH.ZB_605199,葫芦娃,中药,-3.5998735
8275,2025-01-27,SH.ZB_603171,税友股份,互联网服务,-3.6010005
8276,2025-01-27,SZ.ZB_002449,国星光电,光学光电子,-3.6016066
8277,2025-01-27,SH.KC_301419,阿莱德,通信设备,-3.6018238
8278,2025-01-24,SH.KC_300749,顶固集创,装修建材,-3.6020749
8279,2025-01-27,SH.KC_688178,万德斯,环保行业,-3.602351
8280,2025-01-27,SH.ZB_603790,雅运股份,化学制品,-3.602571
8281,2025-01-24,SH.ZB_603929,亚翔集成,装修装饰,-3.602924
8282,2025-01-24,SH.KC_688067,爱威科技,医疗器械,-3.6030881
8283,2025-01-27,SH.ZB_603021,山东华鹏,玻璃玻纤,-3.6035101
8284,2025-01-24,SZ.ZB_002354,天娱数科,互联网服务,-3.6035419
8285,2025-01-27,SH.KC_301251,威尔高,电子元件,-3.6035986
8286,2025-01-24,SZ.ZB_002674,兴业科技,纺织服装,-3.60398
8287,2025-01-27,SH.KC_300926,博俊科技,汽车零部件,-3.6041062
8288,2025-01-27,SH.KC_301255,通力科技,通用设备,-3.604471
8289,2025-01-27,SZ.ZB_000936,华西股份,化纤行业,-3.604677
8290,2025-01-24,SZ.ZB_002825,纳尔股份,塑料制品,-3.6050086
8291,2025-01-27,SH.KC_301052,果麦文化,文化传媒,-3.6054816
8292,2025-01-27,SZ.ZB_000893,亚钾国际,化肥行业,-3.6068988
8293,2025-01-27,SH.ZB_603737,三棵树,装修建材,-3.6076043
8294,2025-01-27,SZ.ZB_002362,汉王科技,软件开发,-3.6077805
8295,2025-01-24,SZ.ZB_003015,日久光电,光学光电子,-3.6078308
8296,2025-01-27,SH.ZB_600812,华北制药,化学制药,-3.6088567
8297,2025-01-27,SH.KC_688573,信宇人,电池,-3.6096063
8298,2025-01-27,SH.KC_301558,三态股份,贸易行业,-3.6096766
8299,2025-01-24,SH.KC_300582,英飞特,光学光电子,-3.6098063
8300,2025-01-24,SZ.ZB_002926,华西证券,证券,-3.6101286
8301,2025-01-24,SH.ZB_603232,格尔软件,软件开发,-3.6104183
8302,2025-01-27,SH.ZB_603529,爱玛科技,交运设备,-3.6105673
8303,2025-01-27,SZ.ZB_000679,大连友谊,商业百货,-3.6107316
8304,2025-01-24,SH.KC_300659,中孚信息,软件开发,-3.611195
8305,2025-01-27,SH.KC_300380,安硕信息,软件开发,-3.6121395
8306,2025-01-24,SH.ZB_603687,大胜达,包装材料,-3.6126251
8307,2025-01-27,SH.KC_301033,迈普医学,医疗服务,-3.6128218
8308,2025-01-27,SH.KC_688592,司南导航,计算机设备,-3.613731
8309,2025-01-27,SH.KC_688167,炬光科技,半导体,-3.6154408
8310,2025-01-27,SH.ZB_600149,廊坊发展,电力行业,-3.6156132
8311,2025-01-24,SH.KC_688695,中创股份,软件开发,-3.6162298
8312,2025-01-24,SH.KC_301428,世纪恒通,互联网服务,-3.617072
8313,2025-01-24,SH.ZB_600837,海通证券,证券,-3.6171906
8314,2025-01-27,SH.KC_300559,佳发教育,软件开发,-3.6172564
8315,2025-01-24,SH.ZB_600226,亨通股份,农药兽药,-3.6174037
8316,2025-01-24,SH.ZB_600066,宇通客车,汽车整车,-3.6174893
8317,2025-01-27,SH.KC_300448,浩云科技,互联网服务,-3.6183438
8318,2025-01-24,SH.KC_300633,开立医疗,医疗器械,-3.6184945
8319,2025-01-27,SH.KC_300933,中辰股份,电网设备,-3.619053
8320,2025-01-27,SH.ZB_600989,宝丰能源,化学原料,-3.619129
8321,2025-01-24,SH.ZB_600782,新钢股份,钢铁行业,-3.6193259
8322,2025-01-27,SH.ZB_605020,永和股份,化学制品,-3.619486
8323,2025-01-24,SH.ZB_600756,浪潮软件,互联网服务,-3.619502
8324,2025-01-24,SH.KC_300976,达瑞电子,消费电子,-3.620204
8325,2025-01-27,SZ.ZB_002915,中欣氟材,化学制品,-3.6202214
8326,2025-01-24,SH.ZB_603499,翔港科技,造纸印刷,-3.620445
8327,2025-01-27,SH.KC_300779,惠城环保,环保行业,-3.6205397
8328,2025-01-27,SH.ZB_603416,信捷电气,专用设备,-3.6209247
8329,2025-01-24,SH.KC_688161,威高骨科,医疗器械,-3.621416
8330,2025-01-24,SH.KC_301160,翔楼新材,汽车零部件,-3.6217523
8331,2025-01-27,SH.KC_688052,纳芯微,半导体,-3.6219087
8332,2025-01-27,SH.ZB_600184,光电股份,专用设备,-3.6224015
8333,2025-01-24,SH.KC_688182,灿勤科技,通信设备,-3.6235304
8334,2025-01-24,SH.KC_301313,凡拓数创,软件开发,-3.6237967
8335,2025-01-24,SH.KC_300807,天迈科技,计算机设备,-3.6238818
8336,2025-01-27,SH.ZB_600657,信达地产,房地产开发,-3.6240122
8337,2025-01-24,SH.KC_300380,安硕信息,软件开发,-3.6240377
8338,2025-01-24,SH.KC_301209,联合化学,化学原料,-3.6242456
8339,2025-01-27,SH.ZB_605389,长龄液压,工程机械,-3.624247
8340,2025-01-24,SZ.ZB_000811,冰轮环境,通用设备,-3.6245782
8341,2025-01-24,SH.KC_688021,奥福环保,环保行业,-3.6251333
8342,2025-01-27,SH.ZB_600782,新钢股份,钢铁行业,-3.6251523
8343,2025-01-24,SH.KC_688168,安博通,软件开发,-3.625185
8344,2025-01-24,SH.KC_300590,移为通信,通信设备,-3.6254797
8345,2025-01-24,SH.KC_688050,爱博医疗,医疗器械,-3.6255844
8346,2025-01-27,SH.KC_688225,亚信安全,软件开发,-3.6261532
8347,2025-01-27,SH.KC_688051,佳华科技,互联网服务,-3.6266856
8348,2025-01-24,SH.KC_301107,瑜欣电子,通用设备,-3.6271951
8349,2025-01-24,SH.KC_300440,运达科技,互联网服务,-3.6273751
8350,2025-01-24,SH.ZB_603529,爱玛科技,交运设备,-3.6273968
8351,2025-01-24,SH.ZB_601156,东航物流,物流行业,-3.6279585
8352,2025-01-27,SH.KC_301165,锐捷网络,通信设备,-3.6285064
8353,2025-01-24,SH.KC_301051,信濠光电,玻璃玻纤,-3.6287744
8354,2025-01-24,SH.ZB_603200,上海洗霸,环保行业,-3.6295004
8355,2025-01-24,SZ.ZB_002090,金智科技,电网设备,-3.6299088
8356,2025-01-24,SH.KC_688080,映翰通,通信设备,-3.630019
8357,2025-01-24,SH.KC_300366,创意信息,软件开发,-3.630272
8358,2025-01-27,SH.KC_300235,方直科技,软件开发,-3.6303234
8359,2025-01-24,SH.KC_300413,芒果超媒,文化传媒,-3.6305077
8360,2025-01-24,SH.KC_300731,科创新源,橡胶制品,-3.630772
8361,2025-01-24,SH.ZB_601211,国泰君安,证券,-3.6309578
8362,2025-01-27,SH.KC_300352,北信源,软件开发,-3.6311932
8363,2025-01-27,SH.ZB_603090,宏盛股份,通用设备,-3.6315675
8364,2025-01-24,SH.KC_688207,格灵深瞳,软件开发,-3.6337998
8365,2025-01-27,SH.KC_688067,爱威科技,医疗器械,-3.6342502
8366,2025-01-27,SH.ZB_600803,新奥股份,燃气,-3.6342974
8367,2025-01-27,SH.ZB_600053,九鼎投资,多元金融,-3.6347442
8368,2025-01-27,SZ.ZB_002886,沃特股份,塑料制品,-3.635356
8369,2025-01-27,SH.ZB_603810,丰山集团,农药兽药,-3.6358736
8370,2025-01-27,SH.KC_688050,爱博医疗,医疗器械,-3.6360137
8371,2025-01-24,SH.ZB_603319,湘油泵,汽车零部件,-3.6361434
8372,2025-01-24,SH.KC_301191,菲菱科思,通信设备,-3.6364772
8373,2025-01-24,SH.KC_300956,英力股份,消费电子,-3.6366723
8374,2025-01-24,SH.ZB_600694,大商股份,商业百货,-3.636904
8375,2025-01-24,SH.ZB_603307,扬州金泉,纺织服装,-3.6376123
8376,2025-01-27,SH.KC_300910,瑞丰新材,化学制品,-3.6387398
8377,2025-01-27,SZ.ZB_002553,南方精工,汽车零部件,-3.6387868
8378,2025-01-24,SZ.ZB_002497,雅化集团,化学制品,-3.6390204
8379,2025-01-27,SH.ZB_603033,三维股份,橡胶制品,-3.6392908
8380,2025-01-24,SH.KC_300449,汉邦高科,计算机设备,-3.6393213
8381,2025-01-27,SH.KC_300810,中科海讯,软件开发,-3.6399186
8382,2025-01-27,SZ.ZB_000815,美利云,造纸印刷,-3.6400046
8383,2025-01-24,SH.KC_301082,久盛电气,电网设备,-3.64149
8384,2025-01-24,SH.ZB_603272,联翔股份,装修装饰,-3.6418762
8385,2025-01-24,SH.KC_688568,中科星图,互联网服务,-3.642188
8386,2025-01-27,SH.KC_300756,金马游乐,旅游酒店,-3.6442888
8387,2025-01-27,SZ.ZB_002712,思美传媒,文化传媒,-3.6457672
8388,2025-01-27,SZ.ZB_002901,大博医疗,医疗器械,-3.6458282
8389,2025-01-27,SH.KC_300329,海伦钢琴,家用轻工,-3.6468835
8390,2025-01-27,SH.ZB_603709,中源家居,装修建材,-3.647922
8391,2025-01-24,SZ.ZB_002011,盾安环境,家电行业,-3.6480875
8392,2025-01-27,SH.KC_300517,海波重科,工程建设,-3.6488266
8393,2025-01-27,SZ.ZB_002212,天融信,软件开发,-3.649383
8394,2025-01-24,SZ.ZB_002073,软控股份,专用设备,-3.6496234
8395,2025-01-24,SH.KC_688610,埃科光电,仪器仪表,-3.6504567
8396,2025-01-27,SH.ZB_603018,华设集团,工程咨询服务,-3.6506853
8397,2025-01-24,SZ.ZB_000678,襄阳轴承,汽车零部件,-3.6507268
8398,2025-01-27,SH.KC_300672,国科微,半导体,-3.6509163
8399,2025-01-27,SH.KC_300539,横河精密,塑料制品,-3.6519468
8400,2025-01-24,SH.KC_301070,开勒股份,专用设备,-3.6522145
8401,2025-01-24,SH.KC_688651,盛邦安全,软件开发,-3.6525886
8402,2025-01-24,SH.ZB_605033,美邦股份,农药兽药,-3.6535904
8403,2025-01-24,SH.ZB_603707,健友股份,化学制药,-3.6538124
8404,2025-01-27,SH.ZB_605589,圣泉集团,化学制品,-3.6540165
8405,2025-01-27,SH.ZB_600060,海信视像,家电行业,-3.6540859
8406,2025-01-27,SH.KC_301333,诺思格,医疗服务,-3.654286
8407,2025-01-24,SZ.ZB_002886,沃特股份,塑料制品,-3.6552866
8408,2025-01-24,SH.ZB_600481,双良节能,光伏设备,-3.6558728
8409,2025-01-24,SH.ZB_605088,冠盛股份,汽车零部件,-3.6562192
8410,2025-01-24,SH.ZB_605016,百龙创园,食品饮料,-3.6562736
8411,2025-01-24,SZ.ZB_002747,埃斯顿,通用设备,-3.6569755
8412,2025-01-27,SZ.ZB_002355,兴民智通,汽车零部件,-3.657888
8413,2025-01-24,SH.KC_300321,同大股份,化学制品,-3.6581094
8414,2025-01-27,SH.KC_301153,中科江南,软件开发,-3.658159
8415,2025-01-27,SH.KC_301130,西点药业,化学制药,-3.658437
8416,2025-01-24,SH.KC_688196,卓越新能,化学制品,-3.6588802
8417,2025-01-24,SH.KC_688565,力源科技,环保行业,-3.6592443
8418,2025-01-27,SH.KC_688679,通源环境,环保行业,-3.6592562
8419,2025-01-27,SH.ZB_603922,金鸿顺,汽车零部件,-3.6593497
8420,2025-01-24,SH.KC_688060,云涌科技,软件开发,-3.659861
8421,2025-01-27,SH.ZB_600602,云赛智联,软件开发,-3.6599326
8422,2025-01-27,SZ.ZB_002209,达 意 隆,专用设备,-3.660544
8423,2025-01-24,SZ.ZB_002347,泰尔股份,通用设备,-3.6607578
8424,2025-01-24,SZ.ZB_002517,恺英网络,游戏,-3.660812
8425,2025-01-24,SH.KC_300798,锦鸡股份,化学制品,-3.6609154
8426,2025-01-27,SH.KC_688188,柏楚电子,软件开发,-3.661439
8427,2025-01-27,SH.KC_300765,新诺威,食品饮料,-3.6615877
8428,2025-01-27,SH.KC_688776,国光电气,电子元件,-3.6615996
8429,2025-01-24,SZ.ZB_002221,东华能源,石油行业,-3.6619864
8430,2025-01-27,SZ.ZB_002921,联诚精密,汽车零部件,-3.662591
8431,2025-01-27,SZ.ZB_000932,华菱钢铁,钢铁行业,-3.6626015
8432,2025-01-24,SH.ZB_603173,福斯达,通用设备,-3.6626122
8433,2025-01-27,SH.KC_300421,力星股份,通用设备,-3.6626406
8434,2025-01-27,SH.KC_301080,百普赛斯,医疗服务,-3.6627002
8435,2025-01-24,SH.ZB_600491,龙元建设,工程建设,-3.6627054
8436,2025-01-27,SH.ZB_600545,卓郎智能,专用设备,-3.662745
8437,2025-01-24,SH.ZB_603018,华设集团,工程咨询服务,-3.6628437
8438,2025-01-24,SH.ZB_600173,卧龙地产,房地产开发,-3.6630046
8439,2025-01-27,SH.KC_301391,卡莱特,计算机设备,-3.663693
8440,2025-01-24,SH.KC_688520,神州细胞-U,生物制品,-3.6637094
8441,2025-01-27,SH.ZB_600847,万里股份,电池,-3.6644123
8442,2025-01-27,SH.KC_688386,泛亚微透,塑料制品,-3.6650002
8443,2025-01-27,SH.ZB_603012,创力集团,专用设备,-3.6650796
8444,2025-01-24,SH.ZB_603703,盛洋科技,光学光电子,-3.665366
8445,2025-01-24,SH.KC_301213,观想科技,软件开发,-3.6655314
8446,2025-01-24,SH.KC_688631,莱斯信息,软件开发,-3.6656446
8447,2025-01-24,SZ.ZB_002062,宏润建设,工程建设,-3.6657746
8448,2025-01-24,SZ.ZB_002950,奥美医疗,医疗器械,-3.6666288
8449,2025-01-24,SH.KC_688382,益方生物-U,生物制品,-3.6668475
8450,2025-01-27,SZ.ZB_002596,海南瑞泽,水泥建材,-3.6675746
8451,2025-01-27,SH.KC_301128,强瑞技术,专用设备,-3.667744
8452,2025-01-24,SH.KC_688286,敏芯股份,半导体,-3.6680617
8453,2025-01-24,SH.KC_300566,激智科技,光学光电子,-3.668166
8454,2025-01-24,SZ.ZB_000504,南华生物,医疗服务,-3.66833
8455,2025-01-27,SZ.ZB_001207,联科科技,橡胶制品,-3.668348
8456,2025-01-27,SH.KC_300701,森霸传感,光学光电子,-3.6696148
8457,2025-01-24,SH.KC_300436,广生堂,化学制药,-3.6699274
8458,2025-01-27,SZ.ZB_001339,智微智能,计算机设备,-3.6699896
8459,2025-01-24,SH.KC_301302,华如科技,软件开发,-3.6718388
8460,2025-01-27,SH.ZB_603918,金桥信息,互联网服务,-3.6722362
8461,2025-01-27,SZ.ZB_002397,梦洁股份,纺织服装,-3.6724095
8462,2025-01-27,SH.KC_300850,新强联,风电设备,-3.6725745
8463,2025-01-27,SH.KC_301227,森鹰窗业,装修建材,-3.6727607
8464,2025-01-27,SH.KC_688111,金山办公,软件开发,-3.6728806
8465,2025-01-24,SH.KC_301323,新莱福,塑料制品,-3.6735077
8466,2025-01-27,SZ.ZB_002495,佳隆股份,食品饮料,-3.6739488
8467,2025-01-24,SZ.ZB_002975,博杰股份,专用设备,-3.6749895
8468,2025-01-27,SH.KC_300852,四会富仕,电子元件,-3.6750574
8469,2025-01-24,SH.ZB_605178,时空科技,装修装饰,-3.6752603
8470,2025-01-27,SH.KC_688152,麒麟信安,软件开发,-3.6763244
8471,2025-01-27,SH.KC_300182,捷成股份,文化传媒,-3.6764443
8472,2025-01-27,SH.KC_300127,银河磁体,小金属,-3.676645
8473,2025-01-24,SH.KC_688028,沃尔德,通用设备,-3.6773942
8474,2025-01-24,SH.KC_688515,裕太微-U,半导体,-3.6775057
8475,2025-01-24,SH.ZB_603507,振江股份,风电设备,-3.6778297
8476,2025-01-24,SH.ZB_601702,华峰铝业,有色金属,-3.6804497
8477,2025-01-24,SH.KC_688045,必易微,半导体,-3.6805053
8478,2025-01-27,SH.KC_301596,瑞迪智驱,通用设备,-3.6808581
8479,2025-01-24,SH.ZB_600868,梅雁吉祥,电力行业,-3.6808941
8480,2025-01-27,SH.KC_300607,拓斯达,通用设备,-3.6814651
8481,2025-01-27,SZ.ZB_002396,星网锐捷,通信设备,-3.6821463
8482,2025-01-24,SH.KC_300235,方直科技,软件开发,-3.683108
8483,2025-01-27,SH.KC_301070,开勒股份,专用设备,-3.6834927
8484,2025-01-27,SH.KC_300959,线上线下,通信服务,-3.683661
8485,2025-01-27,SH.KC_688249,晶合集成,半导体,-3.6840498
8486,2025-01-27,SH.ZB_600705,中航产融,多元金融,-3.6841898
8487,2025-01-27,SH.KC_301316,慧博云通,软件开发,-3.6849155
8488,2025-01-27,SH.KC_301101,明月镜片,家用轻工,-3.6854134
8489,2025-01-24,SZ.ZB_000917,电广传媒,文化传媒,-3.6854212
8490,2025-01-27,SH.ZB_603707,健友股份,化学制药,-3.6858592
8491,2025-01-24,SZ.ZB_002196,方正电机,电机,-3.6863744
8492,2025-01-24,SZ.ZB_002273,水晶光电,光学光电子,-3.6870532
8493,2025-01-24,SH.KC_688152,麒麟信安,软件开发,-3.6875162
8494,2025-01-24,SH.ZB_603297,永新光学,光学光电子,-3.688421
8495,2025-01-24,SH.ZB_603380,易德龙,消费电子,-3.6888952
8496,2025-01-27,SH.KC_688388,嘉元科技,电池,-3.68924
8497,2025-01-27,SH.KC_688251,井松智能,通用设备,-3.6898513
8498,2025-01-24,SZ.ZB_002670,国盛金控,证券,-3.6902645
8499,2025-01-27,SH.ZB_600653,申华控股,汽车服务,-3.691471
8500,2025-01-24,SH.KC_300938,信测标准,专业服务,-3.6940317
8501,2025-01-27,SH.ZB_603686,福龙马,环保行业,-3.6949959
8502,2025-01-27,SH.KC_300940,南极光,光学光电子,-3.6950548
8503,2025-01-27,SH.ZB_603379,三美股份,化学制品,-3.6956978
8504,2025-01-27,SH.KC_300287,飞利信,互联网服务,-3.6959372
8505,2025-01-24,SH.KC_300517,海波重科,工程建设,-3.6969628
8506,2025-01-24,SZ.ZB_002212,天融信,软件开发,-3.6972866
8507,2025-01-24,SH.KC_300518,新迅达,互联网服务,-3.6976018
8508,2025-01-27,SH.KC_688004,博汇科技,互联网服务,-3.6984472
8509,2025-01-24,SH.ZB_600584,长电科技,半导体,-3.6990452
8510,2025-01-24,SZ.ZB_001339,智微智能,计算机设备,-3.699088
8511,2025-01-27,SH.KC_301011,华立科技,专用设备,-3.7001863
8512,2025-01-24,SH.ZB_605589,圣泉集团,化学制品,-3.7002854
8513,2025-01-24,SH.ZB_600602,云赛智联,软件开发,-3.7003517
8514,2025-01-24,SH.KC_301377,鼎泰高科,通用设备,-3.7015817
8515,2025-01-27,SZ.ZB_000681,视觉中国,文化传媒,-3.7021525
8516,2025-01-24,SH.KC_300681,英搏尔,汽车零部件,-3.7034593
8517,2025-01-24,SH.ZB_603015,弘讯科技,专用设备,-3.7038565
8518,2025-01-24,SZ.ZB_000655,金岭矿业,钢铁行业,-3.7053995
8519,2025-01-24,SH.KC_688030,山石网科,软件开发,-3.705797
8520,2025-01-24,SH.ZB_600363,联创光电,光学光电子,-3.7063844
8521,2025-01-27,SH.KC_300657,弘信电子,电子元件,-3.707727
8522,2025-01-27,SH.KC_300579,数字认证,软件开发,-3.7085657
8523,2025-01-24,SH.ZB_603036,如通股份,专用设备,-3.7086468
8524,2025-01-27,SH.KC_301328,维峰电子,电子元件,-3.7088423
8525,2025-01-24,SZ.ZB_002527,新时达,专用设备,-3.7093878
8526,2025-01-24,SZ.ZB_002230,科大讯飞,软件开发,-3.7095885
8527,2025-01-27,SZ.ZB_002361,神剑股份,塑料制品,-3.7101886
8528,2025-01-27,SZ.ZB_000988,华工科技,电子元件,-3.7103038
8529,2025-01-24,SZ.ZB_002170,芭田股份,化肥行业,-3.7104845
8530,2025-01-27,SH.ZB_603176,汇通集团,工程建设,-3.7114308
8531,2025-01-27,SH.KC_301302,华如科技,软件开发,-3.7115722
8532,2025-01-27,SH.KC_688213,思特威-W,半导体,-3.7120168
8533,2025-01-27,SH.KC_300602,飞荣达,消费电子,-3.7121255
8534,2025-01-27,SH.KC_300203,聚光科技,环保行业,-3.7144477
8535,2025-01-27,SZ.ZB_002583,海能达,通信设备,-3.7145846
8536,2025-01-27,SZ.ZB_002335,科华数据,电源设备,-3.716056
8537,2025-01-24,SZ.ZB_002390,信邦制药,中药,-3.7160819
8538,2025-01-27,SZ.ZB_000952,广济药业,化学制药,-3.7173564
8539,2025-01-27,SZ.ZB_002472,双环传动,汽车零部件,-3.7176614
8540,2025-01-24,SH.ZB_605180,华生科技,纺织服装,-3.7183151
8541,2025-01-24,SH.KC_688188,柏楚电子,软件开发,-3.7187061
8542,2025-01-27,SZ.ZB_002098,浔兴股份,纺织服装,-3.7195306
8543,2025-01-24,SH.ZB_600757,长江传媒,文化传媒,-3.7196105
8544,2025-01-27,SH.KC_300479,神思电子,计算机设备,-3.7198398
8545,2025-01-27,SH.KC_300969,恒帅股份,汽车零部件,-3.7201889
8546,2025-01-24,SZ.ZB_002209,达 意 隆,专用设备,-3.72122
8547,2025-01-27,SZ.ZB_002825,纳尔股份,塑料制品,-3.7213526
8548,2025-01-27,SH.KC_300557,理工光科,仪器仪表,-3.7220232
8549,2025-01-24,SZ.ZB_002902,铭普光磁,通信设备,-3.7223835
8550,2025-01-24,SZ.ZB_002972,科安达,交运设备,-3.722979
8551,2025-01-27,SH.KC_300276,三丰智能,专用设备,-3.723548
8552,2025-01-27,SH.KC_688512,慧智微-U,半导体,-3.7238095
8553,2025-01-27,SH.KC_688099,晶晨股份,半导体,-3.7245908
8554,2025-01-27,SH.KC_300002,神州泰岳,游戏,-3.7262685
8555,2025-01-24,SH.KC_688525,佰维存储,半导体,-3.7265902
8556,2025-01-27,SH.ZB_601020,华钰矿业,有色金属,-3.7268617
8557,2025-01-24,SH.ZB_603779,威龙股份,酿酒行业,-3.727183
8558,2025-01-27,SH.ZB_600071,凤凰光学,光学光电子,-3.7273128
8559,2025-01-27,SH.KC_688158,优刻得-W,互联网服务,-3.7275507
8560,2025-01-24,SZ.ZB_002605,姚记科技,游戏,-3.7286122
8561,2025-01-27,SZ.ZB_000702,正虹科技,农牧饲渔,-3.7328813
8562,2025-01-27,SH.KC_300509,新美星,专用设备,-3.7330632
8563,2025-01-24,SZ.ZB_000820,神雾节能,环保行业,-3.7331448
8564,2025-01-24,SH.ZB_603341,龙旗科技,消费电子,-3.733513
8565,2025-01-24,SZ.ZB_001255,博菲电气,化学原料,-3.7336864
8566,2025-01-24,SH.KC_300233,金城医药,化学制药,-3.7339025
8567,2025-01-24,SZ.ZB_002707,众信旅游,旅游酒店,-3.7339444
8568,2025-01-24,SH.KC_688046,药康生物,生物制品,-3.7341826
8569,2025-01-27,SH.ZB_603031,安孚科技,电池,-3.7351356
8570,2025-01-27,SH.KC_301068,大地海洋,环保行业,-3.7352338
8571,2025-01-24,SZ.ZB_002698,博实股份,专用设备,-3.735736
8572,2025-01-27,SH.KC_300837,浙矿股份,专用设备,-3.7366636
8573,2025-01-24,SZ.ZB_000952,广济药业,化学制药,-3.73731
8574,2025-01-27,SH.KC_301024,霍普股份,工程建设,-3.7387207
8575,2025-01-27,SH.KC_688767,博拓生物,医疗器械,-3.7401285
8576,2025-01-24,SH.KC_300756,金马游乐,旅游酒店,-3.7408187
8577,2025-01-24,SH.KC_300211,亿通科技,通信服务,-3.7411847
8578,2025-01-27,SH.KC_301025,读客文化,文化传媒,-3.7418072
8579,2025-01-24,SH.ZB_603379,三美股份,化学制品,-3.7423224
8580,2025-01-24,SH.KC_688052,纳芯微,半导体,-3.743438
8581,2025-01-27,SH.KC_300777,中简科技,化纤行业,-3.7436166
8582,2025-01-24,SH.ZB_603615,茶花股份,塑料制品,-3.7437055
8583,2025-01-24,SZ.ZB_002281,光迅科技,通信设备,-3.7448466
8584,2025-01-27,SZ.ZB_000795,英洛华,小金属,-3.744903
8585,2025-01-27,SZ.ZB_002279,久其软件,软件开发,-3.7450511
8586,2025-01-27,SH.ZB_603079,圣达生物,化学制品,-3.745289
8587,2025-01-24,SH.KC_300002,神州泰岳,游戏,-3.7463367
8588,2025-01-24,SH.KC_300816,艾可蓝,汽车零部件,-3.747095
8589,2025-01-24,SZ.ZB_002028,思源电气,电网设备,-3.7471204
8590,2025-01-24,SZ.ZB_002045,国光电器,消费电子,-3.7479303
8591,2025-01-24,SH.KC_300860,锋尚文化,文化传媒,-3.7481189
8592,2025-01-27,SH.KC_300703,创源股份,家用轻工,-3.748299
8593,2025-01-27,SZ.ZB_003010,若羽臣,互联网服务,-3.748333
8594,2025-01-27,SH.KC_300553,集智股份,仪器仪表,-3.748544
8595,2025-01-24,SH.KC_300150,世纪瑞尔,互联网服务,-3.748995
8596,2025-01-27,SH.KC_300556,丝路视觉,软件开发,-3.7498803
8597,2025-01-24,SH.KC_300887,谱尼测试,专业服务,-3.7499084
8598,2025-01-27,SH.KC_300499,高澜股份,专用设备,-3.7500234
8599,2025-01-24,SH.ZB_603259,药明康德,医疗服务,-3.7504814
8600,2025-01-24,SH.KC_688619,罗普特,互联网服务,-3.750656
8601,2025-01-27,SH.KC_688426,康为世纪,生物制品,-3.7520177
8602,2025-01-24,SZ.ZB_002441,众业达,电网设备,-3.752531
8603,2025-01-24,SH.ZB_603719,良品铺子,食品饮料,-3.7535503
8604,2025-01-24,SH.KC_688231,隆达股份,有色金属,-3.7541206
8605,2025-01-24,SH.ZB_603081,大丰实业,专用设备,-3.7544131
8606,2025-01-24,SZ.ZB_000586,汇源通信,通信设备,-3.755105
8607,2025-01-27,SZ.ZB_002670,国盛金控,证券,-3.7552905
8608,2025-01-24,SH.KC_300182,捷成股份,文化传媒,-3.7555177
8609,2025-01-27,SH.ZB_603193,润本股份,美容护理,-3.756091
8610,2025-01-24,SH.KC_688691,灿芯股份,半导体,-3.7561224
8611,2025-01-27,SH.ZB_600869,远东股份,电网设备,-3.7565296
8612,2025-01-24,SH.KC_301596,瑞迪智驱,通用设备,-3.7565455
8613,2025-01-27,SH.ZB_600520,文一科技,专用设备,-3.7571833
8614,2025-01-27,SZ.ZB_002760,凤形股份,通用设备,-3.7574198
8615,2025-01-27,SH.ZB_603135,中重科技,专用设备,-3.7575438
8616,2025-01-27,SH.KC_300339,润和软件,软件开发,-3.7576747
8617,2025-01-27,SH.KC_300609,汇纳科技,互联网服务,-3.7576795
8618,2025-01-24,SH.KC_688022,瀚川智能,专用设备,-3.7590594
8619,2025-01-27,SH.KC_688001,华兴源创,专用设备,-3.7594244
8620,2025-01-27,SH.ZB_603408,建霖家居,装修装饰,-3.7598317
8621,2025-01-24,SH.KC_300322,硕贝德,消费电子,-3.7603867
8622,2025-01-24,SH.KC_300499,高澜股份,专用设备,-3.7619915
8623,2025-01-27,SH.KC_300727,润禾材料,化学制品,-3.7620454
8624,2025-01-27,SZ.ZB_002184,海得控制,专用设备,-3.7625353
8625,2025-01-27,SH.ZB_600769,祥龙电业,工程建设,-3.76272
8626,2025-01-27,SH.ZB_603319,湘油泵,汽车零部件,-3.763153
8627,2025-01-27,SH.KC_301611,珂玛科技,非金属材料,-3.7635918
8628,2025-01-24,SZ.ZB_000795,英洛华,小金属,-3.7638335
8629,2025-01-24,SH.KC_300509,新美星,专用设备,-3.7647479
8630,2025-01-24,SH.ZB_600889,南京化纤,化纤行业,-3.76503
8631,2025-01-27,SH.KC_688323,瑞华泰,塑料制品,-3.7653348
8632,2025-01-24,SH.ZB_600986,浙文互联,文化传媒,-3.766034
8633,2025-01-24,SH.KC_300454,深信服,软件开发,-3.7664478
8634,2025-01-27,SH.KC_688571,杭华股份,化学制品,-3.7668018
8635,2025-01-24,SH.KC_688571,杭华股份,化学制品,-3.7673175
8636,2025-01-27,SZ.ZB_000408,藏格矿业,化肥行业,-3.767454
8637,2025-01-27,SH.KC_300879,大叶股份,专用设备,-3.768041
8638,2025-01-27,SZ.ZB_000720,新能泰山,电网设备,-3.7683167
8639,2025-01-27,SH.KC_688565,力源科技,环保行业,-3.7691295
8640,2025-01-24,SH.KC_301280,珠城科技,电子元件,-3.770154
8641,2025-01-27,SH.KC_301366,一博科技,电子元件,-3.770696
8642,2025-01-27,SH.ZB_600851,海欣股份,化学制药,-3.771853
8643,2025-01-27,SZ.ZB_001223,欧克科技,专用设备,-3.7736173
8644,2025-01-27,SH.KC_688619,罗普特,互联网服务,-3.77381
8645,2025-01-27,SZ.ZB_000833,粤桂股份,综合行业,-3.7744145
8646,2025-01-24,SH.ZB_603912,佳力图,专用设备,-3.7749794
8647,2025-01-27,SH.ZB_603656,泰禾智能,专用设备,-3.7750826
8648,2025-01-27,SH.KC_688109,品茗科技,软件开发,-3.775271
8649,2025-01-27,SH.KC_300935,盈建科,软件开发,-3.775521
8650,2025-01-27,SH.KC_688306,均普智能,专用设备,-3.7769809
8651,2025-01-27,SZ.ZB_002791,坚朗五金,装修建材,-3.7773886
8652,2025-01-27,SH.KC_300753,爱朋医疗,医疗器械,-3.777892
8653,2025-01-27,SH.ZB_600605,汇通能源,房地产服务,-3.7783966
8654,2025-01-24,SH.KC_688597,煜邦电力,电网设备,-3.7790127
8655,2025-01-27,SH.KC_300889,爱克股份,光学光电子,-3.7801273
8656,2025-01-24,SH.ZB_600133,东湖高新,工程建设,-3.7818809
8657,2025-01-24,SH.KC_688361,中科飞测,半导体,-3.7819016
8658,2025-01-24,SH.KC_300255,常山药业,化学制药,-3.7826047
8659,2025-01-27,SH.KC_688110,东芯股份,半导体,-3.7831876
8660,2025-01-24,SH.ZB_603636,南威软件,互联网服务,-3.783446
8661,2025-01-27,SH.ZB_600933,爱柯迪,汽车零部件,-3.784152
8662,2025-01-24,SH.KC_300645,正元智慧,互联网服务,-3.7847633
8663,2025-01-27,SH.KC_688301,奕瑞科技,医疗器械,-3.7848501
8664,2025-01-24,SH.ZB_600592,龙溪股份,通用设备,-3.784905
8665,2025-01-24,SZ.ZB_002801,微光股份,电机,-3.7851908
8666,2025-01-24,SH.KC_688251,井松智能,通用设备,-3.7855792
8667,2025-01-27,SH.KC_300384,三联虹普,专业服务,-3.7861981
8668,2025-01-27,SH.ZB_601900,南方传媒,文化传媒,-3.7874691
8669,2025-01-24,SH.KC_300607,拓斯达,通用设备,-3.7875876
8670,2025-01-27,SZ.ZB_000042,中洲控股,房地产开发,-3.7881866
8671,2025-01-27,SH.KC_688318,财富趋势,软件开发,-3.7883654
8672,2025-01-27,SZ.ZB_003040,楚天龙,通信设备,-3.7887383
8673,2025-01-27,SH.KC_300620,光库科技,通信设备,-3.7914314
8674,2025-01-24,SH.KC_688257,新锐股份,有色金属,-3.791793
8675,2025-01-27,SH.ZB_600113,浙江东日,综合行业,-3.7920296
8676,2025-01-27,SZ.ZB_002031,巨轮智能,专用设备,-3.7920535
8677,2025-01-24,SZ.ZB_002931,锋龙股份,通用设备,-3.792707
8678,2025-01-27,SZ.ZB_002188,中天服务,房地产服务,-3.7944033
8679,2025-01-24,SH.KC_300952,恒辉安防,纺织服装,-3.7945867
8680,2025-01-24,SH.KC_688278,特宝生物,生物制品,-3.7948616
8681,2025-01-24,SH.ZB_603709,中源家居,装修建材,-3.7954845
8682,2025-01-24,SH.KC_300906,日月明,交运设备,-3.7955706
8683,2025-01-27,SH.KC_300242,佳云科技,文化传媒,-3.7956972
8684,2025-01-27,SH.ZB_603995,甬金股份,钢铁行业,-3.7964954
8685,2025-01-27,SH.KC_300785,值得买,互联网服务,-3.7967064
8686,2025-01-27,SH.ZB_601138,工业富联,消费电子,-3.7989817
8687,2025-01-27,SH.KC_300232,洲明科技,光学光电子,-3.7991054
8688,2025-01-27,SH.ZB_603758,秦安股份,汽车零部件,-3.7997258
8689,2025-01-24,SH.KC_300612,宣亚国际,文化传媒,-3.7997258
8690,2025-01-24,SZ.ZB_002072,凯瑞德,贸易行业,-3.8014424
8691,2025-01-27,SZ.ZB_000913,钱江摩托,交运设备,-3.8020604
8692,2025-01-27,SZ.ZB_000096,广聚能源,石油行业,-3.8022132
8693,2025-01-27,SH.KC_688416,恒烁股份,半导体,-3.8027537
8694,2025-01-24,SH.KC_300622,博士眼镜,商业百货,-3.8045838
8695,2025-01-24,SH.KC_301310,鑫宏业,电网设备,-3.804628
8696,2025-01-24,SH.KC_300733,西菱动力,汽车零部件,-3.8053565
8697,2025-01-24,SH.KC_300415,伊之密,专用设备,-3.8059468
8698,2025-01-27,SH.ZB_600530,交大昂立,食品饮料,-3.8073123
8699,2025-01-27,SH.KC_688165,埃夫特-U,通用设备,-3.8083527
8700,2025-01-27,SZ.ZB_002282,博深股份,通用设备,-3.8093057
8701,2025-01-24,SZ.ZB_002580,圣阳股份,电池,-3.8095565
8702,2025-01-27,SH.KC_300289,利德曼,医疗器械,-3.8097904
8703,2025-01-24,SH.ZB_600114,东睦股份,通用设备,-3.8097904
8704,2025-01-24,SZ.ZB_002282,博深股份,通用设备,-3.8102708
8705,2025-01-24,SZ.ZB_002126,银轮股份,汽车零部件,-3.8108149
8706,2025-01-27,SZ.ZB_000068,华控赛格,环保行业,-3.8116298
8707,2025-01-27,SH.KC_688065,凯赛生物,化学制品,-3.8129468
8708,2025-01-27,SH.ZB_601727,上海电气,电源设备,-3.8130324
8709,2025-01-27,SZ.ZB_002919,名臣健康,游戏,-3.8130417
8710,2025-01-24,SZ.ZB_002876,三利谱,光学光电子,-3.8133335
8711,2025-01-24,SH.KC_300203,聚光科技,环保行业,-3.8133821
8712,2025-01-27,SH.KC_300571,平治信息,通信服务,-3.8138192
8713,2025-01-24,SH.KC_300558,贝达药业,化学制药,-3.8144484
8714,2025-01-24,SH.KC_688416,恒烁股份,半导体,-3.814511
8715,2025-01-27,SH.ZB_603890,春秋电子,消费电子,-3.8146517
8716,2025-01-27,SZ.ZB_002354,天娱数科,互联网服务,-3.8158336
8717,2025-01-27,SZ.ZB_000530,冰山冷热,通用设备,-3.8161206
8718,2025-01-24,SH.KC_688508,芯朋微,半导体,-3.819169
8719,2025-01-24,SH.KC_300418,昆仑万维,互联网服务,-3.8196108
8720,2025-01-27,SH.ZB_600114,东睦股份,通用设备,-3.820774
8721,2025-01-24,SH.KC_300033,同花顺,软件开发,-3.8207967
8722,2025-01-24,SH.KC_688131,皓元医药,化学制药,-3.8219895
8723,2025-01-24,SH.KC_688325,赛微微电,半导体,-3.8227503
8724,2025-01-27,SH.KC_301182,凯旺科技,消费电子,-3.8229537
8725,2025-01-27,SH.ZB_603986,兆易创新,半导体,-3.824114
8726,2025-01-27,SZ.ZB_000409,云鼎科技,互联网服务,-3.8251638
8727,2025-01-27,SH.ZB_603716,塞力医疗,医药商业,-3.8259442
8728,2025-01-24,SH.KC_300565,科信技术,通信设备,-3.826055
8729,2025-01-24,SH.KC_300941,创识科技,互联网服务,-3.8263104
8730,2025-01-27,SH.KC_300590,移为通信,通信设备,-3.8265224
8731,2025-01-27,SH.KC_688083,中望软件,软件开发,-3.8268595
8732,2025-01-24,SH.ZB_603895,天永智能,专用设备,-3.8275242
8733,2025-01-27,SH.KC_688058,宝兰德,软件开发,-3.8283923
8734,2025-01-27,SH.KC_301209,联合化学,化学原料,-3.828613
8735,2025-01-27,SH.KC_301021,英诺激光,电子元件,-3.828703
8736,2025-01-27,SH.KC_300211,亿通科技,通信服务,-3.8288321
8737,2025-01-10,SH.KC_688073,毕得医药,生物制品,-3.8293183
8738,2025-01-27,SZ.ZB_002134,天津普林,电子元件,-3.829736
8739,2025-01-27,SH.KC_301066,万事利,纺织服装,-3.8303678
8740,2025-01-27,SH.KC_300809,华辰装备,通用设备,-3.830617
8741,2025-01-24,SH.ZB_600803,新奥股份,燃气,-3.8309593
8742,2025-01-27,SZ.ZB_002830,名雕股份,装修装饰,-3.8311844
8743,2025-01-24,SH.KC_688529,豪森智能,专用设备,-3.8315847
8744,2025-01-24,SH.KC_688291,金橙子,软件开发,-3.832141
8745,2025-01-24,SH.ZB_605378,野马电池,电池,-3.8325846
8746,2025-01-24,SH.KC_300539,横河精密,塑料制品,-3.8326278
8747,2025-01-27,SH.ZB_603291,联合水务,公用事业,-3.8329058
8748,2025-01-24,SH.KC_301429,森泰股份,装修建材,-3.8337808
8749,2025-01-24,SH.ZB_600558,大西洋,通用设备,-3.8349636
8750,2025-01-24,SH.KC_688059,华锐精密,通用设备,-3.8350031
8751,2025-01-24,SZ.ZB_002897,意华股份,光伏设备,-3.8356133
8752,2025-01-24,SH.KC_300047,天源迪科,软件开发,-3.836053
8753,2025-01-24,SH.KC_688218,江苏北人,专用设备,-3.8372107
8754,2025-01-27,SH.ZB_603191,望变电气,电网设备,-3.837388
8755,2025-01-27,SZ.ZB_001211,双枪科技,家用轻工,-3.8378358
8756,2025-01-24,SH.ZB_603155,新亚强,化学制品,-3.8379655
8757,2025-01-27,SZ.ZB_000868,安凯客车,汽车整车,-3.8400338
8758,2025-01-27,SH.KC_688278,特宝生物,生物制品,-3.8412669
8759,2025-01-27,SZ.ZB_002835,同为股份,计算机设备,-3.8415675
8760,2025-01-27,SH.KC_688244,永信至诚,软件开发,-3.8415942
8761,2025-01-27,SZ.ZB_002666,德联集团,化学制品,-3.8420837
8762,2025-01-24,SH.KC_300765,新诺威,食品饮料,-3.8421545
8763,2025-01-24,SH.KC_300657,弘信电子,电子元件,-3.842441
8764,2025-01-27,SH.ZB_600418,江淮汽车,汽车整车,-3.8435438
8765,2025-01-27,SH.ZB_600892,大晟文化,游戏,-3.8455577
8766,2025-01-27,SZ.ZB_000887,中鼎股份,汽车零部件,-3.8459141
8767,2025-01-24,SZ.ZB_002771,真视通,互联网服务,-3.8461587
8768,2025-01-27,SZ.ZB_002552,宝鼎科技,通用设备,-3.8467965
8769,2025-01-24,SZ.ZB_002578,闽发铝业,有色金属,-3.847221
8770,2025-01-24,SZ.ZB_002905,金逸影视,文化传媒,-3.8485699
8771,2025-01-24,SH.KC_300056,中创环保,环保行业,-3.8492665
8772,2025-01-27,SH.KC_688777,中控技术,软件开发,-3.8493562
8773,2025-01-24,SZ.ZB_002139,拓邦股份,消费电子,-3.8498006
8774,2025-01-27,SH.KC_688059,华锐精密,通用设备,-3.8500807
8775,2025-01-27,SH.ZB_600595,中孚实业,有色金属,-3.8503327
8776,2025-01-27,SZ.ZB_000665,湖北广电,文化传媒,-3.8506112
8777,2025-01-24,SH.KC_688232,新点软件,软件开发,-3.851685
8778,2025-01-24,SH.ZB_600865,百大集团,商业百货,-3.8518825
8779,2025-01-24,SH.ZB_603089,正裕工业,汽车零部件,-3.8534894
8780,2025-01-24,SZ.ZB_002353,杰瑞股份,专用设备,-3.853502
8781,2025-01-24,SH.ZB_605133,嵘泰股份,汽车零部件,-3.8538206
8782,2025-01-24,SH.KC_688798,艾为电子,半导体,-3.8558416
8783,2025-01-27,SH.KC_688525,佰维存储,半导体,-3.85595
8784,2025-01-27,SH.ZB_603991,至正股份,塑料制品,-3.8564053
8785,2025-01-27,SH.ZB_600215,派斯林,通用设备,-3.8564217
8786,2025-01-24,SH.KC_688001,华兴源创,专用设备,-3.8566976
8787,2025-01-24,SH.ZB_600722,金牛化工,化学原料,-3.8592367
8788,2025-01-27,SZ.ZB_002876,三利谱,光学光电子,-3.8597386
8789,2025-01-27,SH.KC_300459,汤姆猫,游戏,-3.8597887
8790,2025-01-27,SH.KC_688235,百济神州-U,生物制品,-3.8601
8791,2025-01-24,SZ.ZB_000988,华工科技,电子元件,-3.8604426
8792,2025-01-24,SH.ZB_603061,金海通,半导体,-3.8605425
8793,2025-01-27,SH.ZB_603360,百傲化学,农药兽药,-3.8610249
8794,2025-01-24,SH.ZB_603337,杰克股份,专用设备,-3.8636963
8795,2025-01-24,SH.ZB_605319,无锡振华,汽车零部件,-3.8647883
8796,2025-01-27,SH.ZB_600707,彩虹股份,光学光电子,-3.8656719
8797,2025-01-27,SH.KC_300792,壹网壹创,互联网服务,-3.8663018
8798,2025-01-24,SH.KC_300792,壹网壹创,互联网服务,-3.8663442
8799,2025-01-27,SZ.ZB_002577,雷柏科技,消费电子,-3.8666594
8800,2025-01-27,SZ.ZB_000628,高新发展,工程建设,-3.8684595
8801,2025-01-24,SH.ZB_603012,创力集团,专用设备,-3.8688433
8802,2025-01-24,SH.KC_688306,均普智能,专用设备,-3.8693852
8803,2025-01-24,SH.KC_301025,读客文化,文化传媒,-3.8694549
8804,2025-01-27,SH.KC_300432,富临精工,汽车零部件,-3.869533
8805,2025-01-27,SH.ZB_603530,神马电力,电网设备,-3.8708222
8806,2025-01-27,SH.ZB_600722,金牛化工,化学原料,-3.8732383
8807,2025-01-27,SZ.ZB_002771,真视通,互联网服务,-3.8745153
8808,2025-01-24,SH.KC_300221,银禧科技,塑料制品,-3.874958
8809,2025-01-24,SZ.ZB_001211,双枪科技,家用轻工,-3.8759491
8810,2025-01-27,SH.KC_300299,富春股份,游戏,-3.8800564
8811,2025-01-24,SZ.ZB_000938,紫光股份,互联网服务,-3.8812056
8812,2025-01-24,SH.ZB_600732,爱旭股份,光伏设备,-3.8821068
8813,2025-01-24,SH.ZB_600071,凤凰光学,光学光电子,-3.8821242
8814,2025-01-24,SH.KC_300333,兆日科技,软件开发,-3.8823829
8815,2025-01-27,SH.KC_688798,艾为电子,半导体,-3.882438
8816,2025-01-27,SH.ZB_603004,鼎龙科技,化学原料,-3.885176
8817,2025-01-24,SH.KC_688036,传音控股,消费电子,-3.8867493
8818,2025-01-27,SH.ZB_603306,华懋科技,汽车零部件,-3.8873618
8819,2025-01-24,SH.KC_300308,中际旭创,通信设备,-3.8875852
8820,2025-01-27,SH.KC_301291,明阳电气,电网设备,-3.88855
8821,2025-01-24,SZ.ZB_002184,海得控制,专用设备,-3.8886518
8822,2025-01-27,SH.ZB_600363,联创光电,光学光电子,-3.8890998
8823,2025-01-27,SH.ZB_600577,精达股份,电网设备,-3.8894877
8824,2025-01-27,SH.KC_300503,昊志机电,通用设备,-3.8902693
8825,2025-01-24,SH.KC_300603,立昂技术,通信服务,-3.8903654
8826,2025-01-27,SH.KC_300491,通合科技,电源设备,-3.890939
8827,2025-01-24,SZ.ZB_002335,科华数据,电源设备,-3.8920329
8828,2025-01-27,SH.KC_688578,艾力斯,化学制药,-3.8939793
8829,2025-01-24,SH.KC_300758,七彩化学,化学制品,-3.8939834
8830,2025-01-24,SZ.ZB_002993,奥海科技,消费电子,-3.8948178
8831,2025-01-27,SZ.ZB_002912,中新赛克,互联网服务,-3.895267
8832,2025-01-24,SH.KC_301568,思泰克,专用设备,-3.8953881
8833,2025-01-27,SZ.ZB_002150,通润装备,通用设备,-3.8959608
8834,2025-01-24,SH.ZB_605020,永和股份,化学制品,-3.8963444
8835,2025-01-27,SH.ZB_603703,盛洋科技,光学光电子,-3.8964953
8836,2025-01-27,SH.KC_688239,航宇科技,航天航空,-3.8975537
8837,2025-01-27,SZ.ZB_000632,三木集团,综合行业,-3.8975887
8838,2025-01-27,SH.KC_688132,邦彦技术,通信设备,-3.8976867
8839,2025-01-24,SZ.ZB_001319,铭科精技,汽车零部件,-3.8981066
8840,2025-01-27,SZ.ZB_002660,茂硕电源,消费电子,-3.8988743
8841,2025-01-27,SH.ZB_603777,来伊份,食品饮料,-3.8991737
8842,2025-01-27,SH.KC_301550,斯菱股份,汽车零部件,-3.8992257
8843,2025-01-27,SH.ZB_605133,嵘泰股份,汽车零部件,-3.8995202
8844,2025-01-27,SH.KC_300956,英力股份,消费电子,-3.901085
8845,2025-01-27,SH.ZB_605378,野马电池,电池,-3.9013035
8846,2025-01-24,SH.KC_688292,浩瀚深度,互联网服务,-3.9018643
8847,2025-01-27,SH.KC_688246,嘉和美康,医疗服务,-3.9020653
8848,2025-01-24,SZ.ZB_002891,中宠股份,农牧饲渔,-3.9023247
8849,2025-01-27,SZ.ZB_002853,皮阿诺,装修建材,-3.9033322
8850,2025-01-27,SH.ZB_603110,东方材料,化学制品,-3.9036722
8851,2025-01-27,SH.KC_688529,豪森智能,专用设备,-3.9052374
8852,2025-01-24,SZ.ZB_002467,二六三,通信服务,-3.9065301
8853,2025-01-27,SH.ZB_600973,宝胜股份,电网设备,-3.9065433
8854,2025-01-27,SH.KC_300435,中泰股份,燃气,-3.9077253
8855,2025-01-24,SH.KC_300809,华辰装备,通用设备,-3.9080539
8856,2025-01-24,SH.KC_300991,创益通,电子元件,-3.9092634
8857,2025-01-24,SH.KC_300063,天龙集团,文化传媒,-3.9097686
8858,2025-01-24,SH.KC_688195,腾景科技,光学光电子,-3.911517
8859,2025-01-27,SH.KC_688498,源杰科技,半导体,-3.9118156
8860,2025-01-27,SH.KC_300394,天孚通信,通信设备,-3.9124224
8861,2025-01-27,SH.KC_301456,盘古智能,风电设备,-3.912541
8862,2025-01-24,SH.KC_688582,芯动联科,电子元件,-3.912706
8863,2025-01-27,SH.KC_300084,海默科技,采掘行业,-3.9147058
8864,2025-01-24,SH.ZB_600560,金自天正,专用设备,-3.9156032
8865,2025-01-27,SH.KC_300918,南山智尚,纺织服装,-3.9166842
8866,2025-01-24,SH.KC_300058,蓝色光标,文化传媒,-3.9167027
8867,2025-01-24,SZ.ZB_002892,科力尔,电机,-3.9168034
8868,2025-01-24,SH.KC_300947,德必集团,专业服务,-3.9171429
8869,2025-01-27,SH.KC_688292,浩瀚深度,互联网服务,-3.91959
8870,2025-01-27,SH.KC_301085,亚康股份,互联网服务,-3.919685
8871,2025-01-24,SH.ZB_603108,润达医疗,医疗服务,-3.9206834
8872,2025-01-27,SH.KC_300947,德必集团,专业服务,-3.921859
8873,2025-01-27,SH.KC_300056,中创环保,环保行业,-3.9224427
8874,2025-01-24,SH.ZB_605303,园林股份,工程建设,-3.9235387
8875,2025-01-24,SZ.ZB_002919,名臣健康,游戏,-3.9240346
8876,2025-01-27,SH.KC_300991,创益通,电子元件,-3.9240592
8877,2025-01-27,SH.KC_301102,兆讯传媒,文化传媒,-3.925566
8878,2025-01-27,SZ.ZB_000678,襄阳轴承,汽车零部件,-3.9257061
8879,2025-01-24,SH.KC_300521,爱司凯,专用设备,-3.9271116
8880,2025-01-24,SH.KC_688165,埃夫特-U,通用设备,-3.9288905
8881,2025-01-24,SH.ZB_600418,江淮汽车,汽车整车,-3.9289534
8882,2025-01-24,SZ.ZB_002723,小崧股份,家电行业,-3.930335
8883,2025-01-27,SH.ZB_605118,力鼎光电,光学光电子,-3.9306548
8884,2025-01-27,SZ.ZB_001206,依依股份,美容护理,-3.9306965
8885,2025-01-24,SH.KC_688360,德马科技,通用设备,-3.932823
8886,2025-01-27,SH.ZB_600629,华建集团,工程咨询服务,-3.9332025
8887,2025-01-27,SH.KC_300063,天龙集团,文化传媒,-3.9352167
8888,2025-01-27,SZ.ZB_002916,深南电路,电子元件,-3.9358525
8889,2025-01-24,SH.KC_300035,中科电气,非金属材料,-3.9362993
8890,2025-01-24,SZ.ZB_002362,汉王科技,软件开发,-3.9368804
8891,2025-01-24,SZ.ZB_002929,润建股份,通信服务,-3.9383893
8892,2025-01-24,SH.KC_688215,瑞晟智能,专用设备,-3.938942
8893,2025-01-24,SH.ZB_603138,海量数据,软件开发,-3.9433756
8894,2025-01-24,SH.ZB_603291,联合水务,公用事业,-3.943683
8895,2025-01-27,SZ.ZB_002865,钧达股份,光伏设备,-3.9461396
8896,2025-01-24,SZ.ZB_002630,华西能源,电源设备,-3.9461823
8897,2025-01-24,SH.KC_300814,中富电路,电子元件,-3.947221
8898,2025-01-27,SH.KC_300986,志特新材,装修装饰,-3.947315
8899,2025-01-24,SH.KC_300379,东方通,软件开发,-3.947685
8900,2025-01-24,SH.ZB_605162,新中港,公用事业,-3.9477785
8901,2025-01-27,SH.ZB_603895,天永智能,专用设备,-3.948656
8902,2025-01-27,SZ.ZB_002527,新时达,专用设备,-3.9503853
8903,2025-01-24,SZ.ZB_002899,英派斯,家用轻工,-3.9507172
8904,2025-01-27,SH.KC_688377,迪威尔,专用设备,-3.951002
8905,2025-01-24,SH.KC_300674,宇信科技,互联网服务,-3.952251
8906,2025-01-24,SH.KC_300245,天玑科技,互联网服务,-3.952341
8907,2025-01-24,SH.KC_301159,三维天地,软件开发,-3.9528224
8908,2025-01-24,SH.KC_300825,阿尔特,汽车服务,-3.954241
8909,2025-01-27,SZ.ZB_002131,利欧股份,互联网服务,-3.9548972
8910,2025-01-24,SH.KC_688235,百济神州-U,生物制品,-3.9551423
8911,2025-01-27,SH.ZB_603912,佳力图,专用设备,-3.955273
8912,2025-01-24,SH.KC_688777,中控技术,软件开发,-3.9571598
8913,2025-01-24,SZ.ZB_001283,豪鹏科技,电池,-3.9577882
8914,2025-01-27,SZ.ZB_002295,精艺股份,有色金属,-3.9579623
8915,2025-01-24,SH.ZB_603890,春秋电子,消费电子,-3.958299
8916,2025-01-24,SZ.ZB_000534,万泽股份,生物制品,-3.959807
8917,2025-01-24,SH.KC_301061,匠心家居,家电行业,-3.9603076
8918,2025-01-24,SH.KC_688191,智洋创新,电网设备,-3.9603162
8919,2025-01-27,SH.KC_300795,米奥会展,文化传媒,-3.961109
8920,2025-01-27,SH.KC_300613,富瀚微,半导体,-3.9616957
8921,2025-01-27,SH.KC_688231,隆达股份,有色金属,-3.9632537
8922,2025-01-27,SH.KC_688218,江苏北人,专用设备,-3.9636414
8923,2025-01-24,SH.ZB_603880,南卫股份,医疗器械,-3.964311
8924,2025-01-27,SH.ZB_603668,天马科技,农牧饲渔,-3.9662957
8925,2025-01-24,SZ.ZB_002397,梦洁股份,纺织服装,-3.9664273
8926,2025-01-27,SH.KC_300758,七彩化学,化学制品,-3.9691117
8927,2025-01-27,SH.KC_688195,腾景科技,光学光电子,-3.9691203
8928,2025-01-24,SH.ZB_600845,宝信软件,互联网服务,-3.9702244
8929,2025-01-27,SZ.ZB_002213,大为股份,半导体,-3.9710646
8930,2025-01-27,SZ.ZB_002765,蓝黛科技,光学光电子,-3.9711926
8931,2025-01-24,SH.KC_300232,洲明科技,光学光电子,-3.9723256
8932,2025-01-24,SH.KC_688692,达梦数据,软件开发,-3.9728382
8933,2025-01-27,SH.KC_300684,中石科技,消费电子,-3.9737947
8934,2025-01-24,SH.KC_688065,凯赛生物,化学制品,-3.9738557
8935,2025-01-24,SH.ZB_600588,用友网络,软件开发,-3.9751644
8936,2025-01-27,SH.KC_301183,东田微,光学光电子,-3.976918
8937,2025-01-27,SH.KC_301239,普瑞眼科,医疗服务,-3.9785936
8938,2025-01-24,SH.KC_300620,光库科技,通信设备,-3.9785976
8939,2025-01-24,SH.ZB_600126,杭钢股份,钢铁行业,-3.9791477
8940,2025-01-24,SH.ZB_603533,掌阅科技,文化传媒,-3.9797497
8941,2025-01-27,SH.KC_300522,世名科技,化学制品,-3.981245
8942,2025-01-24,SH.KC_300660,江苏雷利,电机,-3.9815497
8943,2025-01-24,SH.ZB_603629,利通电子,消费电子,-3.982271
8944,2025-01-24,SH.ZB_603991,至正股份,塑料制品,-3.988476
8945,2025-01-24,SH.KC_301117,佳缘科技,软件开发,-3.9893758
8946,2025-01-24,SZ.ZB_002295,精艺股份,有色金属,-3.9898202
8947,2025-01-27,SH.KC_300449,汉邦高科,计算机设备,-3.9913363
8948,2025-01-27,SH.KC_300533,冰川网络,游戏,-3.9924488
8949,2025-01-27,SH.KC_300436,广生堂,化学制药,-3.9926932
8950,2025-01-24,SH.KC_301558,三态股份,贸易行业,-3.9929197
8951,2025-01-24,SH.KC_300926,博俊科技,汽车零部件,-3.9951265
8952,2025-01-27,SH.ZB_603600,永艺股份,装修建材,-3.9971237
8953,2025-01-24,SH.ZB_603083,剑桥科技,通信设备,-3.9971604
8954,2025-01-24,SH.KC_301080,百普赛斯,医疗服务,-3.9972055
8955,2025-01-27,SH.KC_300805,电声股份,文化传媒,-3.9979029
8956,2025-01-24,SZ.ZB_002577,雷柏科技,消费电子,-3.999728
8957,2025-01-27,SZ.ZB_002892,科力尔,电机,-3.999753
8958,2025-01-24,SH.ZB_601595,上海电影,文化传媒,-4.00026
8959,2025-01-27,SH.KC_300913,兆龙互连,通信设备,-4.0032187
8960,2025-01-24,SZ.ZB_002553,南方精工,汽车零部件,-4.0056252
8961,2025-01-27,SH.KC_688702,盛科通信-U,半导体,-4.0074196
8962,2025-01-27,SH.KC_300757,罗博特科,专用设备,-4.0076866
8963,2025-01-27,SH.KC_300709,精研科技,消费电子,-4.009034
8964,2025-01-24,SH.ZB_603226,菲林格尔,装修建材,-4.0105386
8965,2025-01-27,SH.ZB_603800,洪田股份,专用设备,-4.0111194
8966,2025-01-24,SH.KC_301183,东田微,光学光电子,-4.0115495
8967,2025-01-24,SH.KC_688386,泛亚微透,塑料制品,-4.0139585
8968,2025-01-24,SZ.ZB_002112,三变科技,电网设备,-4.014431
8969,2025-01-24,SH.KC_300817,双飞集团,通用设备,-4.0147758
8970,2025-01-27,SH.KC_301486,致尚科技,消费电子,-4.0161004
8971,2025-01-24,SZ.ZB_002279,久其软件,软件开发,-4.0161014
8972,2025-01-27,SH.KC_688200,华峰测控,半导体,-4.017136
8973,2025-01-24,SH.ZB_600885,宏发股份,电网设备,-4.01773
8974,2025-01-27,SH.KC_688327,云从科技-UW,软件开发,-4.021855
8975,2025-01-27,SH.KC_688676,金盘科技,电网设备,-4.0219603
8976,2025-01-27,SH.KC_688662,富信科技,电子元件,-4.023558
8977,2025-01-27,SH.KC_301027,华蓝集团,工程咨询服务,-4.02357
8978,2025-01-24,SH.ZB_601865,福莱特,光伏设备,-4.0243692
8979,2025-01-24,SZ.ZB_002137,实益达,电子元件,-4.0262246
8980,2025-01-27,SH.KC_688768,容知日新,仪器仪表,-4.026279
8981,2025-01-24,SH.KC_301228,实朴检测,专业服务,-4.026429
8982,2025-01-24,SH.KC_688004,博汇科技,互联网服务,-4.026497
8983,2025-01-27,SH.KC_300515,三德科技,仪器仪表,-4.0266895
8984,2025-01-24,SH.KC_688039,当虹科技,互联网服务,-4.027412
8985,2025-01-27,SH.ZB_603637,镇海股份,工程建设,-4.029043
8986,2025-01-27,SH.ZB_605069,正和生态,环保行业,-4.0295305
8987,2025-01-24,SH.KC_688200,华峰测控,半导体,-4.0315256
8988,2025-01-24,SZ.ZB_000977,浪潮信息,计算机设备,-4.0317655
8989,2025-01-24,SZ.ZB_002830,名雕股份,装修装饰,-4.0324006
8990,2025-01-24,SZ.ZB_002799,环球印务,包装材料,-4.0331473
8991,2025-01-24,SZ.ZB_002396,星网锐捷,通信设备,-4.0333724
8992,2025-01-24,SH.KC_300790,宇瞳光学,光学光电子,-4.0336423
8993,2025-01-24,SH.KC_688573,信宇人,电池,-4.0336666
8994,2025-01-24,SH.ZB_600191,华资实业,农牧饲渔,-4.0343966
8995,2025-01-27,SH.KC_300952,恒辉安防,纺织服装,-4.036017
8996,2025-01-24,SH.KC_301606,绿联科技,消费电子,-4.036621
8997,2025-01-24,SH.KC_688358,祥生医疗,医疗器械,-4.03835
8998,2025-01-24,SH.ZB_603111,康尼机电,交运设备,-4.038907
8999,2025-01-27,SZ.ZB_000534,万泽股份,生物制品,-4.0396085
9000,2025-01-27,SH.ZB_605178,时空科技,装修装饰,-4.0416656
9001,2025-01-27,SH.ZB_605186,健麾信息,医疗服务,-4.043576
9002,2025-01-27,SZ.ZB_002518,科士达,电源设备,-4.0436563
9003,2025-01-27,SH.KC_300386,飞天诚信,软件开发,-4.043975
9004,2025-01-24,SH.KC_688332,中科蓝讯,半导体,-4.044116
9005,2025-01-24,SH.KC_301052,果麦文化,文化传媒,-4.0450525
9006,2025-01-27,SH.KC_300520,科大国创,软件开发,-4.045271
9007,2025-01-24,SH.ZB_600186,莲花控股,食品饮料,-4.0454874
9008,2025-01-27,SZ.ZB_000526,学大教育,教育,-4.0458956
9009,2025-01-24,SH.KC_688512,慧智微-U,半导体,-4.046326
9010,2025-01-27,SH.KC_688629,华丰科技,电子元件,-4.0471187
9011,2025-01-27,SH.ZB_603766,隆鑫通用,交运设备,-4.047649
9012,2025-01-24,SH.KC_688636,智明达,互联网服务,-4.0484643
9013,2025-01-27,SH.ZB_603699,纽威股份,通用设备,-4.049477
9014,2025-01-24,SH.KC_688519,南亚新材,电子元件,-4.049513
9015,2025-01-24,SZ.ZB_002483,润邦股份,专用设备,-4.0499253
9016,2025-01-27,SH.KC_688485,九州一轨,环保行业,-4.0506067
9017,2025-01-24,SH.KC_300192,科德教育,教育,-4.052512
9018,2025-01-27,SZ.ZB_002536,飞龙股份,汽车零部件,-4.053583
9019,2025-01-24,SH.ZB_600802,福建水泥,水泥建材,-4.054942
9020,2025-01-24,SH.KC_688398,赛特新材,化学制品,-4.0552735
9021,2025-01-27,SZ.ZB_000063,中兴通讯,通信设备,-4.0552816
9022,2025-01-27,SH.KC_300846,首都在线,互联网服务,-4.05555
9023,2025-01-27,SH.ZB_603618,杭电股份,电网设备,-4.0564985
9024,2025-01-24,SH.KC_301525,儒竞科技,通用设备,-4.0573993
9025,2025-01-24,SH.ZB_600595,中孚实业,有色金属,-4.0574546
9026,2025-01-24,SZ.ZB_002878,元隆雅图,文化传媒,-4.0579147
9027,2025-01-24,SH.KC_688365,光云科技,互联网服务,-4.059492
9028,2025-01-27,SH.ZB_603990,麦迪科技,软件开发,-4.059808
9029,2025-01-24,SH.KC_688685,迈信林,航天航空,-4.0634427
9030,2025-01-27,SH.KC_688277,天智航-U,医疗器械,-4.0634737
9031,2025-01-24,SH.KC_688125,安达智能,专用设备,-4.0649743
9032,2025-01-24,SZ.ZB_002127,南极电商,贸易行业,-4.065417
9033,2025-01-27,SZ.ZB_002130,沃尔核材,非金属材料,-4.0684915
9034,2025-01-24,SZ.ZB_002765,蓝黛科技,光学光电子,-4.069306
9035,2025-01-27,SH.KC_300731,科创新源,橡胶制品,-4.0699716
9036,2025-01-27,SZ.ZB_000419,通程控股,商业百货,-4.07038
9037,2025-01-24,SZ.ZB_002922,伊戈尔,电子元件,-4.0743823
9038,2025-01-24,SH.KC_300661,圣邦股份,半导体,-4.0756392
9039,2025-01-27,SH.KC_688141,杰华特,半导体,-4.08086
9040,2025-01-27,SH.KC_300687,赛意信息,互联网服务,-4.0812287
9041,2025-01-27,SH.KC_300674,宇信科技,互联网服务,-4.0867167
9042,2025-01-24,SH.KC_300805,电声股份,文化传媒,-4.0876803
9043,2025-01-24,SH.KC_300173,福能东方,专用设备,-4.0887837
9044,2025-01-24,SH.KC_300528,幸福蓝海,文化传媒,-4.089561
9045,2025-01-27,SZ.ZB_002617,露笑科技,光伏设备,-4.090533
9046,2025-01-24,SH.KC_300130,新国都,计算机设备,-4.0905924
9047,2025-01-27,SH.ZB_600226,亨通股份,农药兽药,-4.0908
9048,2025-01-24,SH.KC_688049,炬芯科技,半导体,-4.0923886
9049,2025-01-27,SH.ZB_603214,爱婴室,商业百货,-4.092962
9050,2025-01-24,SH.KC_300432,富临精工,汽车零部件,-4.0940065
9051,2025-01-27,SH.KC_688003,天准科技,通用设备,-4.095681
9052,2025-01-27,SH.KC_300866,安克创新,消费电子,-4.095818
9053,2025-01-24,SH.KC_300242,佳云科技,文化传媒,-4.0962944
9054,2025-01-27,SH.KC_301123,奕东电子,消费电子,-4.097739
9055,2025-01-27,SZ.ZB_002931,锋龙股份,通用设备,-4.0991883
9056,2025-01-27,SH.KC_300822,贝仕达克,消费电子,-4.0999913
9057,2025-01-27,SH.KC_688125,安达智能,专用设备,-4.1038113
9058,2025-01-24,SH.KC_300781,因赛集团,文化传媒,-4.1041474
9059,2025-01-27,SH.KC_301007,德迈仕,汽车零部件,-4.1056495
9060,2025-01-27,SH.KC_688013,天臣医疗,医疗器械,-4.1061273
9061,2025-01-24,SH.KC_688578,艾力斯,化学制药,-4.1068068
9062,2025-01-27,SH.KC_300058,蓝色光标,文化传媒,-4.107019
9063,2025-01-27,SH.KC_688521,芯原股份,半导体,-4.1071157
9064,2025-01-27,SH.KC_301036,双乐股份,化学制品,-4.107169
9065,2025-01-24,SH.ZB_603082,北自科技,通用设备,-4.1078544
9066,2025-01-27,SH.KC_688617,惠泰医疗,医疗器械,-4.109399
9067,2025-01-27,SH.KC_301228,实朴检测,专业服务,-4.110209
9068,2025-01-24,SH.ZB_600060,海信视像,家电行业,-4.1102357
9069,2025-01-27,SZ.ZB_002580,圣阳股份,电池,-4.110964
9070,2025-01-27,SH.KC_688591,泰凌微,半导体,-4.1113095
9071,2025-01-27,SH.KC_688333,铂力特,通用设备,-4.112034
9072,2025-01-24,SZ.ZB_002795,永和智控,通用设备,-4.112158
9073,2025-01-27,SH.KC_688316,青云科技-U,互联网服务,-4.1129923
9074,2025-01-27,SH.KC_301606,绿联科技,消费电子,-4.1143312
9075,2025-01-24,SH.KC_300467,迅游科技,游戏,-4.115308
9076,2025-01-24,SH.KC_300577,开润股份,纺织服装,-4.1178513
9077,2025-01-24,SH.ZB_600692,亚通股份,房地产开发,-4.119184
9078,2025-01-24,SH.KC_301389,隆扬电子,电子元件,-4.120262
9079,2025-01-27,SH.KC_688360,德马科技,通用设备,-4.1231947
9080,2025-01-24,SH.ZB_603070,万控智造,电网设备,-4.12338
9081,2025-01-27,SH.ZB_603121,华培动力,汽车零部件,-4.1235943
9082,2025-01-27,SH.KC_688358,祥生医疗,医疗器械,-4.1250544
9083,2025-01-24,SH.ZB_603686,福龙马,环保行业,-4.128468
9084,2025-01-27,SH.KC_300494,盛天网络,游戏,-4.1286545
9085,2025-01-24,SH.KC_300399,天利科技,互联网服务,-4.1306114
9086,2025-01-27,SH.KC_300296,利亚德,光学光电子,-4.1306596
9087,2025-01-27,SH.ZB_605555,德昌股份,家电行业,-4.131298
9088,2025-01-27,SZ.ZB_000938,紫光股份,互联网服务,-4.1340904
9089,2025-01-27,SH.KC_688590,新致软件,软件开发,-4.135535
9090,2025-01-24,SH.ZB_600398,海澜之家,纺织服装,-4.1366415
9091,2025-01-27,SH.KC_300277,海联讯,互联网服务,-4.137157
9092,2025-01-24,SZ.ZB_002296,辉煌科技,通信设备,-4.138332
9093,2025-01-24,SH.ZB_600539,狮头股份,环保行业,-4.1394157
9094,2025-01-24,SH.KC_300850,新强联,风电设备,-4.139548
9095,2025-01-27,SH.KC_688332,中科蓝讯,半导体,-4.1400104
9096,2025-01-27,SZ.ZB_000759,中百集团,商业百货,-4.1433015
9097,2025-01-24,SH.ZB_605118,力鼎光电,光学光电子,-4.1441417
9098,2025-01-24,SH.KC_688109,品茗科技,软件开发,-4.1445026
9099,2025-01-24,SH.ZB_600745,闻泰科技,消费电子,-4.144639
9100,2025-01-24,SH.ZB_603617,君禾股份,通用设备,-4.14727
9101,2025-01-27,SH.KC_301382,蜂助手,互联网服务,-4.1477537
9102,2025-01-27,SH.ZB_600539,狮头股份,环保行业,-4.1486278
9103,2025-01-27,SH.ZB_603103,横店影视,文化传媒,-4.1486654
9104,2025-01-27,SH.KC_300798,锦鸡股份,化学制品,-4.153362
9105,2025-01-27,SH.ZB_603015,弘讯科技,专用设备,-4.154905
9106,2025-01-27,SH.KC_688646,逸飞激光,专用设备,-4.1574554
9107,2025-01-27,SH.ZB_605180,华生科技,纺织服装,-4.1588316
9108,2025-01-27,SH.ZB_603728,鸣志电器,电机,-4.1589904
9109,2025-01-24,SZ.ZB_000592,平潭发展,农牧饲渔,-4.16106
9110,2025-01-24,SZ.ZB_001366,播恩集团,农牧饲渔,-4.1616583
9111,2025-01-27,SH.ZB_603106,恒银科技,计算机设备,-4.16166
9112,2025-01-24,SH.KC_300252,金信诺,通信设备,-4.162161
9113,2025-01-24,SH.KC_300559,佳发教育,软件开发,-4.164233
9114,2025-01-27,SH.KC_301252,同星科技,通用设备,-4.165177
9115,2025-01-24,SH.KC_688429,时创能源,光伏设备,-4.1656413
9116,2025-01-24,SH.KC_688167,炬光科技,半导体,-4.166008
9117,2025-01-24,SH.KC_300969,恒帅股份,汽车零部件,-4.1660895
9118,2025-01-24,SH.KC_300684,中石科技,消费电子,-4.1680975
9119,2025-01-24,SZ.ZB_002945,华林证券,证券,-4.172421
9120,2025-01-24,SH.KC_300533,冰川网络,游戏,-4.1726165
9121,2025-01-24,SZ.ZB_002575,群兴玩具,房地产服务,-4.174586
9122,2025-01-27,SH.KC_688686,奥普特,仪器仪表,-4.1746783
9123,2025-01-27,SZ.ZB_002549,凯美特气,化学制品,-4.175071
9124,2025-01-24,SH.KC_300940,南极光,光学光电子,-4.1754603
9125,2025-01-24,SH.KC_300889,爱克股份,光学光电子,-4.177186
9126,2025-01-27,SH.ZB_600865,百大集团,商业百货,-4.1815987
9127,2025-01-24,SH.KC_688288,鸿泉物联,计算机设备,-4.1817174
9128,2025-01-24,SH.ZB_601138,工业富联,消费电子,-4.182822
9129,2025-01-27,SH.KC_300252,金信诺,通信设备,-4.1829715
9130,2025-01-27,SZ.ZB_002929,润建股份,通信服务,-4.183564
9131,2025-01-24,SZ.ZB_002649,博彦科技,互联网服务,-4.1852994
9132,2025-01-24,SH.ZB_601500,通用股份,橡胶制品,-4.186771
9133,2025-01-24,SH.KC_688316,青云科技-U,互联网服务,-4.187039
9134,2025-01-24,SZ.ZB_002640,跨境通,贸易行业,-4.187338
9135,2025-01-27,SH.KC_301004,嘉益股份,家用轻工,-4.187505
9136,2025-01-24,SZ.ZB_000676,智度股份,互联网服务,-4.1878943
9137,2025-01-24,SZ.ZB_000913,钱江摩托,交运设备,-4.1890426
9138,2025-01-27,SZ.ZB_002315,焦点科技,互联网服务,-4.1900654
9139,2025-01-27,SH.KC_300605,恒锋信息,软件开发,-4.1919947
9140,2025-01-24,SH.ZB_603618,杭电股份,电网设备,-4.195835
9141,2025-01-27,SH.KC_301213,观想科技,软件开发,-4.1959395
9142,2025-01-27,SH.ZB_603228,景旺电子,电子元件,-4.196188
9143,2025-01-27,SH.ZB_605060,联德股份,通用设备,-4.196573
9144,2025-01-24,SH.ZB_603332,苏州龙杰,化纤行业,-4.1996484
9145,2025-01-27,SZ.ZB_002423,中粮资本,多元金融,-4.2002597
9146,2025-01-24,SZ.ZB_002403,爱仕达,家电行业,-4.2008433
9147,2025-01-24,SH.KC_301027,华蓝集团,工程咨询服务,-4.2020144
9148,2025-01-27,SH.KC_300528,幸福蓝海,文化传媒,-4.203501
9149,2025-01-27,SH.KC_300561,汇金科技,软件开发,-4.203833
9150,2025-01-27,SH.KC_300150,世纪瑞尔,互联网服务,-4.206104
9151,2025-01-24,SH.ZB_600707,彩虹股份,光学光电子,-4.206386
9152,2025-01-27,SH.ZB_603009,北特科技,汽车零部件,-4.207734
9153,2025-01-24,SH.KC_300188,国投智能,软件开发,-4.214825
9154,2025-01-27,SZ.ZB_000716,黑芝麻,食品饮料,-4.2152395
9155,2025-01-24,SZ.ZB_000887,中鼎股份,汽车零部件,-4.2173886
9156,2025-01-27,SH.KC_300221,银禧科技,塑料制品,-4.217525
9157,2025-01-24,SH.KC_301498,乖宝宠物,农牧饲渔,-4.2189627
9158,2025-01-24,SH.KC_301085,亚康股份,互联网服务,-4.219303
9159,2025-01-27,SH.ZB_603111,康尼机电,交运设备,-4.219981
9160,2025-01-27,SH.KC_301187,欧圣电气,家电行业,-4.2207537
9161,2025-01-24,SH.ZB_603191,望变电气,电网设备,-4.221253
9162,2025-01-24,SZ.ZB_003010,若羽臣,互联网服务,-4.2231255
9163,2025-01-24,SH.KC_301299,卓创资讯,互联网服务,-4.223711
9164,2025-01-27,SH.KC_688359,三孚新科,电子化学品,-4.225773
9165,2025-01-24,SH.KC_688507,索辰科技,软件开发,-4.2258835
9166,2025-01-24,SZ.ZB_002938,鹏鼎控股,电子元件,-4.2264843
9167,2025-01-27,SH.ZB_600398,海澜之家,纺织服装,-4.227397
9168,2025-01-24,SH.ZB_603986,兆易创新,半导体,-4.2280173
9169,2025-01-24,SH.KC_301067,显盈科技,消费电子,-4.2281246
9170,2025-01-24,SZ.ZB_001238,浙江正特,装修建材,-4.2289343
9171,2025-01-27,SH.KC_300433,蓝思科技,消费电子,-4.2310963
9172,2025-01-24,SH.KC_300927,江天化学,化学原料,-4.2323046
9173,2025-01-24,SZ.ZB_002755,奥赛康,化学制药,-4.2326355
9174,2025-01-27,SH.KC_688138,清溢光电,半导体,-4.2353005
9175,2025-01-24,SH.KC_300561,汇金科技,软件开发,-4.2353525
9176,2025-01-24,SH.KC_301208,中亦科技,软件开发,-4.2357936
9177,2025-01-27,SZ.ZB_000668,荣丰控股,房地产开发,-4.2358427
9178,2025-01-24,SH.ZB_601137,博威合金,有色金属,-4.2359905
9179,2025-01-24,SH.KC_301326,捷邦科技,消费电子,-4.2360196
9180,2025-01-24,SH.KC_688646,逸飞激光,专用设备,-4.2367516
9181,2025-01-24,SZ.ZB_002923,润都股份,化学制药,-4.2368593
9182,2025-01-24,SZ.ZB_002600,领益智造,消费电子,-4.2376866
9183,2025-01-27,SH.ZB_600601,方正科技,电子元件,-4.2406
9184,2025-01-24,SH.KC_300422,博世科,环保行业,-4.241649
9185,2025-01-24,SH.ZB_603416,信捷电气,专用设备,-4.2420406
9186,2025-01-27,SH.KC_300990,同飞股份,通用设备,-4.2425656
9187,2025-01-27,SH.KC_300790,宇瞳光学,光学光电子,-4.2432237
9188,2025-01-24,SH.KC_688132,邦彦技术,通信设备,-4.2433815
9189,2025-01-24,SH.KC_688068,热景生物,医疗器械,-4.2437835
9190,2025-01-24,SH.KC_688213,思特威-W,半导体,-4.2440033
9191,2025-01-24,SH.ZB_603990,麦迪科技,软件开发,-4.24416
9192,2025-01-24,SH.KC_688502,茂莱光学,光学光电子,-4.2444096
9193,2025-01-24,SH.ZB_603920,世运电路,电子元件,-4.2451115
9194,2025-01-24,SH.KC_688183,生益电子,电子元件,-4.248007
9195,2025-01-27,SH.ZB_600802,福建水泥,水泥建材,-4.24805
9196,2025-01-27,SH.KC_300290,荣科科技,互联网服务,-4.2482386
9197,2025-01-24,SH.KC_301007,德迈仕,汽车零部件,-4.2482696
9198,2025-01-27,SH.KC_301326,捷邦科技,消费电子,-4.248356
9199,2025-01-27,SH.KC_300661,圣邦股份,半导体,-4.2495785
9200,2025-01-27,SZ.ZB_002009,天奇股份,专用设备,-4.2497644
9201,2025-01-27,SH.ZB_603221,爱丽家居,塑料制品,-4.251352
9202,2025-01-24,SH.KC_688503,聚和材料,光伏设备,-4.2518315
9203,2025-01-24,SH.KC_688138,清溢光电,半导体,-4.252496
9204,2025-01-24,SZ.ZB_002916,深南电路,电子元件,-4.252643
9205,2025-01-27,SZ.ZB_002850,科达利,电池,-4.2558274
9206,2025-01-24,SH.ZB_603518,锦泓集团,纺织服装,-4.257159
9207,2025-01-24,SH.ZB_603887,城地香江,互联网服务,-4.258137
9208,2025-01-24,SH.KC_688320,禾川科技,仪器仪表,-4.2582946
9209,2025-01-27,SH.KC_688228,开普云,互联网服务,-4.2587605
9210,2025-01-27,SH.KC_300814,中富电路,电子元件,-4.2591214
9211,2025-01-27,SH.KC_301323,新莱福,塑料制品,-4.2610373
9212,2025-01-24,SH.KC_300579,数字认证,软件开发,-4.261842
9213,2025-01-24,SH.KC_688480,赛恩斯,环保行业,-4.262316
9214,2025-01-24,SH.KC_300502,新易盛,通信设备,-4.2635927
9215,2025-01-24,SH.KC_301021,英诺激光,电子元件,-4.2643404
9216,2025-01-27,SH.KC_688588,凌志软件,软件开发,-4.2644305
9217,2025-01-27,SH.KC_688696,极米科技,家电行业,-4.264714
9218,2025-01-27,SZ.ZB_000586,汇源通信,通信设备,-4.267791
9219,2025-01-27,SZ.ZB_002816,和科达,专用设备,-4.2687306
9220,2025-01-24,SH.ZB_603118,共进股份,通信设备,-4.2692757
9221,2025-01-24,SH.KC_300925,法本信息,软件开发,-4.2725897
9222,2025-01-27,SH.KC_300603,立昂技术,通信服务,-4.2728114
9223,2025-01-27,SH.ZB_603887,城地香江,互联网服务,-4.272827
9224,2025-01-24,SH.ZB_603103,横店影视,文化传媒,-4.273665
9225,2025-01-27,SZ.ZB_003004,声迅股份,计算机设备,-4.2740693
9226,2025-01-27,SZ.ZB_002127,南极电商,贸易行业,-4.2751307
9227,2025-01-24,SZ.ZB_002979,雷赛智能,专用设备,-4.2755146
9228,2025-01-27,SH.ZB_603118,共进股份,通信设备,-4.276719
9229,2025-01-27,SZ.ZB_002755,奥赛康,化学制药,-4.2777567
9230,2025-01-27,SZ.ZB_002484,江海股份,电子元件,-4.278481
9231,2025-01-24,SZ.ZB_003007,直真科技,软件开发,-4.2790203
9232,2025-01-27,SH.KC_688685,迈信林,航天航空,-4.2793145
9233,2025-01-27,SZ.ZB_002674,兴业科技,纺织服装,-4.280553
9234,2025-01-27,SZ.ZB_002989,中天精装,装修装饰,-4.282577
9235,2025-01-27,SH.KC_688677,海泰新光,医疗器械,-4.28334
9236,2025-01-24,SH.KC_688244,永信至诚,软件开发,-4.2843184
9237,2025-01-27,SH.ZB_600868,梅雁吉祥,电力行业,-4.284964
9238,2025-01-27,SZ.ZB_000837,秦川机床,通用设备,-4.285145
9239,2025-01-24,SZ.ZB_000759,中百集团,商业百货,-4.285667
9240,2025-01-27,SH.KC_300166,东方国信,互联网服务,-4.2865047
9241,2025-01-27,SH.KC_301230,泓博医药,生物制品,-4.2870693
9242,2025-01-27,SH.KC_300927,江天化学,化学原料,-4.28708
9243,2025-01-27,SH.KC_301071,力量钻石,非金属材料,-4.288569
9244,2025-01-24,SH.ZB_603915,国茂股份,通用设备,-4.289089
9245,2025-01-24,SH.KC_300672,国科微,半导体,-4.289621
9246,2025-01-24,SZ.ZB_002617,露笑科技,光伏设备,-4.2908764
9247,2025-01-27,SZ.ZB_002905,金逸影视,文化传媒,-4.291117
9248,2025-01-27,SZ.ZB_000917,电广传媒,文化传媒,-4.2914233
9249,2025-01-27,SH.KC_688698,伟创电气,专用设备,-4.2933917
9250,2025-01-24,SH.KC_689009,九号公司-WD,交运设备,-4.294702
9251,2025-01-24,SH.ZB_600577,精达股份,电网设备,-4.2954774
9252,2025-01-27,SH.KC_301591,肯特股份,塑料制品,-4.2962065
9253,2025-01-27,SZ.ZB_002843,泰嘉股份,消费电子,-4.296856
9254,2025-01-24,SH.KC_688296,和达科技,软件开发,-4.296956
9255,2025-01-24,SH.KC_301165,锐捷网络,通信设备,-4.297446
9256,2025-01-27,SH.KC_301117,佳缘科技,软件开发,-4.297604
9257,2025-01-24,SH.KC_300563,神宇股份,通信设备,-4.297677
9258,2025-01-24,SH.KC_300276,三丰智能,专用设备,-4.300117
9259,2025-01-27,SH.KC_300100,双林股份,汽车零部件,-4.301755
9260,2025-01-27,SH.KC_300469,信息发展,软件开发,-4.30213
9261,2025-01-27,SH.ZB_603718,海利生物,农药兽药,-4.302274
9262,2025-01-27,SZ.ZB_001208,华菱线缆,电网设备,-4.303625
9263,2025-01-27,SH.ZB_603070,万控智造,电网设备,-4.304098
9264,2025-01-27,SH.KC_301031,中熔电气,电网设备,-4.304661
9265,2025-01-24,SH.ZB_601100,恒立液压,工程机械,-4.3072367
9266,2025-01-24,SH.KC_301291,明阳电气,电网设备,-4.3073535
9267,2025-01-24,SH.KC_688588,凌志软件,软件开发,-4.3076344
9268,2025-01-24,SH.KC_688071,华依科技,汽车零部件,-4.3077374
9269,2025-01-27,SH.KC_300233,金城医药,化学制药,-4.3079243
9270,2025-01-27,SH.ZB_603719,良品铺子,食品饮料,-4.308251
9271,2025-01-27,SZ.ZB_002076,星光股份,家电行业,-4.3141356
9272,2025-01-27,SZ.ZB_002353,杰瑞股份,专用设备,-4.3154926
9273,2025-01-24,SZ.ZB_001208,华菱线缆,电网设备,-4.3164682
9274,2025-01-27,SH.KC_688288,鸿泉物联,计算机设备,-4.317417
9275,2025-01-27,SH.KC_300354,东华测试,仪器仪表,-4.318399
9276,2025-01-24,SZ.ZB_002472,双环传动,汽车零部件,-4.3184204
9277,2025-01-27,SZ.ZB_002899,英派斯,家用轻工,-4.318824
9278,2025-01-27,SH.ZB_600183,生益科技,电子元件,-4.3209977
9279,2025-01-27,SH.KC_688286,敏芯股份,半导体,-4.3225617
9280,2025-01-27,SH.ZB_605179,一鸣食品,食品饮料,-4.3230906
9281,2025-01-27,SH.KC_300808,久量股份,光学光电子,-4.324277
9282,2025-01-27,SZ.ZB_002050,三花智控,家电行业,-4.326546
9283,2025-01-24,SH.ZB_603822,嘉澳环保,化学制品,-4.3287168
9284,2025-01-24,SZ.ZB_002921,联诚精密,汽车零部件,-4.328865
9285,2025-01-27,SH.KC_300806,斯迪克,塑料制品,-4.329444
9286,2025-01-27,SH.ZB_603269,海鸥股份,通用设备,-4.3299193
9287,2025-01-24,SH.ZB_605188,国光连锁,商业百货,-4.3300533
9288,2025-01-27,SH.KC_688717,艾罗能源,光伏设备,-4.332666
9289,2025-01-27,SH.ZB_600580,卧龙电驱,电机,-4.339815
9290,2025-01-24,SZ.ZB_001206,依依股份,美容护理,-4.340697
9291,2025-01-27,SH.ZB_600858,银座股份,商业百货,-4.3412232
9292,2025-01-27,SH.ZB_603138,海量数据,软件开发,-4.3423457
9293,2025-01-24,SZ.ZB_002463,沪电股份,电子元件,-4.3450775
9294,2025-01-27,SH.ZB_603305,旭升集团,汽车零部件,-4.349989
9295,2025-01-27,SH.KC_301349,信德新材,化学制品,-4.350292
9296,2025-01-27,SH.ZB_600986,浙文互联,文化传媒,-4.3504314
9297,2025-01-27,SH.KC_688433,华曙高科,通用设备,-4.3546805
9298,2025-01-27,SZ.ZB_003041,真爱美家,纺织服装,-4.3548617
9299,2025-01-27,SH.KC_301261,恒工精密,通用设备,-4.3555245
9300,2025-01-24,SH.KC_300494,盛天网络,游戏,-4.355807
9301,2025-01-27,SH.KC_688660,电气风电,风电设备,-4.357434
9302,2025-01-24,SH.KC_688485,九州一轨,环保行业,-4.3585687
9303,2025-01-27,SH.KC_300830,金现代,软件开发,-4.359767
9304,2025-01-24,SH.KC_300679,电连技术,消费电子,-4.3598456
9305,2025-01-27,SH.KC_300748,金力永磁,小金属,-4.361406
9306,2025-01-27,SH.KC_688507,索辰科技,软件开发,-4.3619385
9307,2025-01-24,SH.ZB_605069,正和生态,环保行业,-4.363036
9308,2025-01-13,SH.KC_688073,毕得医药,生物制品,-4.3642573
9309,2025-01-27,SH.ZB_603089,正裕工业,汽车零部件,-4.3644037
9310,2025-01-24,SH.ZB_603068,博通集成,半导体,-4.364806
9311,2025-01-24,SH.KC_688058,宝兰德,软件开发,-4.3667893
9312,2025-01-27,SH.ZB_603617,君禾股份,通用设备,-4.3679137
9313,2025-01-27,SH.ZB_600371,万向德农,农牧饲渔,-4.368141
9314,2025-01-27,SH.KC_300033,同花顺,软件开发,-4.3681836
9315,2025-01-27,SH.KC_301503,智迪科技,消费电子,-4.3691106
9316,2025-01-27,SH.KC_688692,达梦数据,软件开发,-4.369376
9317,2025-01-27,SH.KC_300192,科德教育,教育,-4.3697014
9318,2025-01-24,SH.KC_688608,恒玄科技,半导体,-4.3737674
9319,2025-01-24,SH.ZB_600797,浙大网新,互联网服务,-4.377245
9320,2025-01-27,SZ.ZB_001366,播恩集团,农牧饲渔,-4.378716
9321,2025-01-27,SH.KC_300245,天玑科技,互联网服务,-4.379184
9322,2025-01-27,SH.ZB_603901,永创智能,专用设备,-4.3809958
9323,2025-01-24,SH.KC_301349,信德新材,化学制品,-4.381547
9324,2025-01-24,SH.ZB_603171,税友股份,互联网服务,-4.3815775
9325,2025-01-24,SZ.ZB_002148,北纬科技,通信服务,-4.382067
9326,2025-01-24,SZ.ZB_002439,启明星辰,软件开发,-4.3822823
9327,2025-01-27,SH.ZB_605277,新亚电子,消费电子,-4.3833623
9328,2025-01-24,SH.KC_301550,斯菱股份,汽车零部件,-4.387849
9329,2025-01-24,SH.ZB_605055,迎丰股份,纺织服装,-4.389938
9330,2025-01-27,SH.KC_300161,华中数控,通用设备,-4.3901434
9331,2025-01-24,SH.KC_688677,海泰新光,医疗器械,-4.392205
9332,2025-01-24,SH.KC_301315,威士顿,软件开发,-4.3971605
9333,2025-01-24,SZ.ZB_002947,恒铭达,消费电子,-4.3974357
9334,2025-01-24,SH.KC_301123,奕东电子,消费电子,-4.3980045
9335,2025-01-27,SH.ZB_600076,康欣新材,装修建材,-4.3980618
9336,2025-01-27,SH.KC_688651,盛邦安全,软件开发,-4.398816
9337,2025-01-24,SH.KC_301316,慧博云通,软件开发,-4.400429
9338,2025-01-27,SH.KC_301205,联特科技,光学光电子,-4.401739
9339,2025-01-27,SH.KC_301157,华塑科技,计算机设备,-4.402853
9340,2025-01-24,SH.KC_301139,元道通信,通信服务,-4.4040017
9341,2025-01-27,SH.KC_688118,普元信息,软件开发,-4.405691
9342,2025-01-24,SH.KC_300520,科大国创,软件开发,-4.410382
9343,2025-01-27,SH.ZB_601869,长飞光纤,通信设备,-4.4104047
9344,2025-01-27,SZ.ZB_002979,雷赛智能,专用设备,-4.411175
9345,2025-01-27,SH.KC_300250,初灵信息,互联网服务,-4.411277
9346,2025-01-24,SZ.ZB_002973,侨银股份,环保行业,-4.4128785
9347,2025-01-24,SZ.ZB_002843,泰嘉股份,消费电子,-4.413491
9348,2025-01-24,SZ.ZB_002611,东方精工,专用设备,-4.4146357
9349,2025-01-27,SZ.ZB_002795,永和智控,通用设备,-4.415188
9350,2025-01-24,SZ.ZB_000837,秦川机床,通用设备,-4.4199185
9351,2025-01-27,SH.KC_300681,英搏尔,汽车零部件,-4.4209757
9352,2025-01-24,SH.ZB_603721,中广天择,文化传媒,-4.421821
9353,2025-01-27,SH.ZB_603662,柯力传感,仪器仪表,-4.421882
9354,2025-01-27,SH.ZB_603803,瑞斯康达,通信设备,-4.422898
9355,2025-01-24,SH.KC_300836,佰奥智能,专用设备,-4.423149
9356,2025-01-27,SH.ZB_603332,苏州龙杰,化纤行业,-4.423614
9357,2025-01-27,SH.KC_300476,胜宏科技,电子元件,-4.425189
9358,2025-01-27,SH.KC_301208,中亦科技,软件开发,-4.42664
9359,2025-01-24,SH.KC_301486,致尚科技,消费电子,-4.428477
9360,2025-01-24,SH.KC_688083,中望软件,软件开发,-4.4318914
9361,2025-01-27,SH.ZB_603045,福达合金,有色金属,-4.4329762
9362,2025-01-24,SH.KC_300806,斯迪克,塑料制品,-4.433917
9363,2025-01-27,SH.ZB_603429,集友股份,造纸印刷,-4.437633
9364,2025-01-27,SH.KC_300738,奥飞数据,互联网服务,-4.439496
9365,2025-01-27,SH.ZB_603881,数据港,互联网服务,-4.4398174
9366,2025-01-27,SH.KC_688701,卓锦股份,环保行业,-4.4400363
9367,2025-01-24,SH.KC_688359,三孚新科,电子化学品,-4.444127
9368,2025-01-27,SH.KC_688049,炬芯科技,半导体,-4.447092
9369,2025-01-24,SH.KC_688227,品高股份,软件开发,-4.449346
9370,2025-01-24,SH.ZB_603766,隆鑫通用,交运设备,-4.450217
9371,2025-01-27,SH.KC_300115,长盈精密,消费电子,-4.451572
9372,2025-01-27,SZ.ZB_002292,奥飞娱乐,文化传媒,-4.4515944
9373,2025-01-27,SH.ZB_603950,长源东谷,汽车零部件,-4.4523478
9374,2025-01-27,SZ.ZB_002148,北纬科技,通信服务,-4.453654
9375,2025-01-24,SH.KC_300986,志特新材,装修装饰,-4.4574313
9376,2025-01-27,SH.ZB_603082,北自科技,通用设备,-4.458034
9377,2025-01-24,SH.ZB_603236,移远通信,通信设备,-4.460002
9378,2025-01-24,SH.ZB_603214,爱婴室,商业百货,-4.4602976
9379,2025-01-24,SH.ZB_603045,福达合金,有色金属,-4.4616885
9380,2025-01-24,SH.KC_301380,挖金客,互联网服务,-4.462672
9381,2025-01-24,SH.KC_301325,曼恩斯特,电池,-4.4655366
9382,2025-01-27,SH.ZB_603666,亿嘉和,专用设备,-4.466062
9383,2025-01-27,SH.KC_300921,南凌科技,通信服务,-4.4672585
9384,2025-01-27,SZ.ZB_002112,三变科技,电网设备,-4.4674172
9385,2025-01-24,SH.KC_688377,迪威尔,专用设备,-4.4690585
9386,2025-01-27,SH.KC_300716,泉为科技,光伏设备,-4.4707937
9387,2025-01-24,SH.KC_300990,同飞股份,通用设备,-4.4730015
9388,2025-01-24,SH.KC_300229,拓尔思,软件开发,-4.473216
9389,2025-01-24,SH.KC_688159,有方科技,通信设备,-4.4744973
9390,2025-01-27,SZ.ZB_002945,华林证券,证券,-4.475053
9391,2025-01-27,SH.ZB_600126,杭钢股份,钢铁行业,-4.47828
9392,2025-01-24,SH.KC_688660,电气风电,风电设备,-4.478706
9393,2025-01-27,SH.KC_301380,挖金客,互联网服务,-4.481675
9394,2025-01-27,SH.KC_301078,孩子王,商业百货,-4.4823947
9395,2025-01-27,SZ.ZB_002837,英维克,专用设备,-4.484471
9396,2025-01-27,SH.KC_300580,贝斯特,汽车零部件,-4.4850793
9397,2025-01-24,SH.KC_300354,东华测试,仪器仪表,-4.4854727
9398,2025-01-27,SH.ZB_605058,澳弘电子,电子元件,-4.4877715
9399,2025-01-27,SH.KC_301511,德福科技,电池,-4.48804
9400,2025-01-27,SZ.ZB_000977,浪潮信息,计算机设备,-4.4901347
9401,2025-01-27,SZ.ZB_002820,桂发祥,食品饮料,-4.4906335
9402,2025-01-24,SH.KC_300571,平治信息,通信服务,-4.491172
9403,2025-01-24,SH.KC_300757,罗博特科,专用设备,-4.491769
9404,2025-01-24,SZ.ZB_002642,荣联科技,互联网服务,-4.4925094
9405,2025-01-27,SH.KC_688390,固德威,光伏设备,-4.4948654
9406,2025-01-27,SZ.ZB_000010,美丽生态,工程建设,-4.4952216
9407,2025-01-27,SH.KC_301325,曼恩斯特,电池,-4.500459
9408,2025-01-24,SH.ZB_603950,长源东谷,汽车零部件,-4.501708
9409,2025-01-24,SZ.ZB_000627,天茂集团,保险,-4.5023
9410,2025-01-27,SH.KC_300941,创识科技,互联网服务,-4.502383
9411,2025-01-27,SH.KC_688320,禾川科技,仪器仪表,-4.503337
9412,2025-01-24,SH.KC_300693,盛弘股份,电源设备,-4.5052485
9413,2025-01-24,SH.KC_688127,蓝特光学,光学光电子,-4.5062413
9414,2025-01-24,SZ.ZB_002213,大为股份,半导体,-4.5072494
9415,2025-01-24,SZ.ZB_002989,中天精装,装修装饰,-4.5072556
9416,2025-01-24,SZ.ZB_000628,高新发展,工程建设,-4.5088725
9417,2025-01-24,SH.ZB_600973,宝胜股份,电网设备,-4.512176
9418,2025-01-27,SH.KC_301199,迈赫股份,专用设备,-4.5142264
9419,2025-01-24,SZ.ZB_001314,亿道信息,消费电子,-4.518974
9420,2025-01-24,SH.KC_688522,纳睿雷达,计算机设备,-4.5200605
9421,2025-01-24,SH.KC_300677,英科医疗,医疗器械,-4.5217347
9422,2025-01-27,SH.KC_688081,兴图新科,通信服务,-4.5223317
9423,2025-01-24,SH.ZB_603583,捷昌驱动,专用设备,-4.522418
9424,2025-01-24,SZ.ZB_002851,麦格米特,电源设备,-4.523042
9425,2025-01-27,SH.KC_301018,申菱环境,专用设备,-4.524883
9426,2025-01-24,SH.ZB_600858,银座股份,商业百货,-4.5250454
9427,2025-01-24,SH.KC_688620,安凯微,半导体,-4.52827
9428,2025-01-27,SH.ZB_600889,南京化纤,化纤行业,-4.5321407
9429,2025-01-24,SZ.ZB_001380,华纬科技,通用设备,-4.5351996
9430,2025-01-24,SH.KC_301078,孩子王,商业百货,-4.537718
9431,2025-01-24,SH.KC_300384,三联虹普,专业服务,-4.54368
9432,2025-01-27,SH.ZB_600734,实达集团,通信设备,-4.549555
9433,2025-01-27,SZ.ZB_001238,浙江正特,装修建材,-4.5505753
9434,2025-01-24,SZ.ZB_001330,博纳影业,文化传媒,-4.551649
9435,2025-01-27,SH.KC_300624,万兴科技,软件开发,-4.554341
9436,2025-01-27,SH.KC_301429,森泰股份,装修建材,-4.5543985
9437,2025-01-24,SH.KC_300100,双林股份,汽车零部件,-4.5565615
9438,2025-01-24,SH.KC_300010,豆神教育,教育,-4.5573206
9439,2025-01-24,SZ.ZB_000063,中兴通讯,通信设备,-4.561602
9440,2025-01-24,SH.KC_300503,昊志机电,通用设备,-4.5632896
9441,2025-01-24,SH.ZB_603306,华懋科技,汽车零部件,-4.564601
9442,2025-01-24,SH.ZB_603129,春风动力,交运设备,-4.5664706
9443,2025-01-24,SH.KC_688656,浩欧博,医疗器械,-4.573588
9444,2025-01-27,SH.ZB_603880,南卫股份,医疗器械,-4.5748525
9445,2025-01-24,SZ.ZB_002491,通鼎互联,通信设备,-4.5749984
9446,2025-01-24,SH.ZB_603729,龙韵股份,文化传媒,-4.576454
9447,2025-01-27,SZ.ZB_002379,宏创控股,有色金属,-4.5765786
9448,2025-01-24,SH.ZB_600734,实达集团,通信设备,-4.5767794
9449,2025-01-27,SH.KC_688071,华依科技,汽车零部件,-4.5770316
9450,2025-01-24,SZ.ZB_002552,宝鼎科技,通用设备,-4.5780916
9451,2025-01-24,SH.KC_300556,丝路视觉,软件开发,-4.581059
9452,2025-01-24,SZ.ZB_002122,汇洲智能,通用设备,-4.581238
9453,2025-01-24,SH.ZB_603728,鸣志电器,电机,-4.5854764
9454,2025-01-24,SH.KC_300491,通合科技,电源设备,-4.586106
9455,2025-01-24,SH.KC_300687,赛意信息,互联网服务,-4.5861616
9456,2025-01-27,SZ.ZB_000890,法尔胜,通用设备,-4.5870056
9457,2025-01-27,SH.KC_300938,信测标准,专业服务,-4.592473
9458,2025-01-24,SZ.ZB_002076,星光股份,家电行业,-4.5942955
9459,2025-01-24,SH.KC_688111,金山办公,软件开发,-4.595591
9460,2025-01-24,SH.KC_300703,创源股份,家用轻工,-4.598493
9461,2025-01-24,SH.KC_300580,贝斯特,汽车零部件,-4.598902
9462,2025-01-24,SZ.ZB_002319,乐通股份,化学制品,-4.5993795
9463,2025-01-27,SH.KC_688475,萤石网络,家电行业,-4.600577
9464,2025-01-24,SH.ZB_603296,华勤技术,消费电子,-4.601696
9465,2025-01-27,SH.KC_688766,普冉股份,半导体,-4.607121
9466,2025-01-23,SH.KC_688350,富淼科技,化学制品,-4.612912
9467,2025-01-24,SH.KC_688081,兴图新科,通信服务,-4.6170516
9468,2025-01-27,SH.KC_301192,泰祥股份,汽车零部件,-4.6182027
9469,2025-01-27,SZ.ZB_002811,郑中设计,专业服务,-4.6191583
9470,2025-01-27,SZ.ZB_002358,森源电气,电网设备,-4.620169
9471,2025-01-24,SZ.ZB_002131,利欧股份,互联网服务,-4.623111
9472,2025-01-24,SH.KC_688099,晶晨股份,半导体,-4.6231537
9473,2025-01-27,SH.KC_300113,顺网科技,游戏,-4.62415
9474,2025-01-24,SZ.ZB_002315,焦点科技,互联网服务,-4.626152
9475,2025-01-27,SH.KC_300344,立方数科,软件开发,-4.6277246
9476,2025-01-27,SZ.ZB_002611,东方精工,专用设备,-4.629131
9477,2025-01-24,SH.KC_300738,奥飞数据,互联网服务,-4.629551
9478,2025-01-24,SZ.ZB_002384,东山精密,电子元件,-4.6315756
9479,2025-01-27,SH.ZB_600186,莲花控股,食品饮料,-4.6347437
9480,2025-01-27,SH.KC_301286,侨源股份,化学原料,-4.6391764
9481,2025-01-24,SH.KC_300394,天孚通信,通信设备,-4.641305
9482,2025-01-24,SH.KC_300835,龙磁科技,小金属,-4.641568
9483,2025-01-27,SH.KC_688486,龙迅股份,半导体,-4.6430855
9484,2025-01-24,SZ.ZB_002009,天奇股份,专用设备,-4.6488147
9485,2025-01-24,SZ.ZB_002865,钧达股份,光伏设备,-4.6492944
9486,2025-01-24,SZ.ZB_002241,歌尔股份,消费电子,-4.651382
9487,2025-01-27,SZ.ZB_001236,弘业期货,多元金融,-4.6537733
9488,2025-01-27,SZ.ZB_001306,夏厦精密,通用设备,-4.653826
9489,2025-01-27,SH.KC_300708,聚灿光电,光学光电子,-4.6558914
9490,2025-01-24,SH.ZB_603278,大业股份,通用设备,-4.658471
9491,2025-01-23,SH.KC_300839,博汇股份,石油行业,-4.66045
9492,2025-01-24,SH.ZB_603809,豪能股份,汽车零部件,-4.6620374
9493,2025-01-27,SH.ZB_603615,茶花股份,塑料制品,-4.663279
9494,2025-01-24,SH.KC_300980,祥源新材,塑料制品,-4.6643076
9495,2025-01-27,SH.KC_300403,汉宇集团,家电行业,-4.669028
9496,2025-01-27,SH.KC_688031,星环科技-U,软件开发,-4.6738257
9497,2025-01-27,SH.ZB_603039,泛微网络,软件开发,-4.674562
9498,2025-01-24,SH.ZB_600673,东阳光,综合行业,-4.677252
9499,2025-01-24,SH.ZB_600933,爱柯迪,汽车零部件,-4.678058
9500,2025-01-24,SH.ZB_600579,中化装备,专用设备,-4.6908965
9501,2025-01-24,SH.KC_688486,龙迅股份,半导体,-4.6921296
9502,2025-01-24,SH.KC_300748,金力永磁,小金属,-4.693046
9503,2025-01-24,SH.KC_688676,金盘科技,电网设备,-4.694066
9504,2025-01-27,SZ.ZB_002657,中科金财,互联网服务,-4.694204
9505,2025-01-24,SH.KC_300299,富春股份,游戏,-4.694397
9506,2025-01-24,SH.KC_688239,航宇科技,航天航空,-4.6954827
9507,2025-01-27,SH.KC_300925,法本信息,软件开发,-4.6965165
9508,2025-01-24,SH.KC_301503,智迪科技,消费电子,-4.699898
9509,2025-01-27,SZ.ZB_002881,美格智能,消费电子,-4.7009945
9510,2025-01-24,SH.KC_688141,杰华特,半导体,-4.703122
9511,2025-01-24,SZ.ZB_002811,郑中设计,专业服务,-4.706002
9512,2025-01-24,SH.KC_688768,容知日新,仪器仪表,-4.7060113
9513,2025-01-27,SH.KC_301202,朗威股份,通用设备,-4.711027
9514,2025-01-24,SH.KC_300727,润禾材料,化学制品,-4.711198
9515,2025-01-24,SH.ZB_603039,泛微网络,软件开发,-4.716058
9516,2025-01-27,SH.KC_300248,新开普,互联网服务,-4.7171893
9517,2025-01-24,SH.ZB_600397,安源煤业,煤炭行业,-4.7174687
9518,2025-01-24,SH.KC_688225,亚信安全,软件开发,-4.723502
9519,2025-01-24,SH.ZB_605068,明新旭腾,汽车零部件,-4.731618
9520,2025-01-27,SH.KC_300843,胜蓝股份,消费电子,-4.73793
9521,2025-01-24,SH.KC_688686,奥普特,仪器仪表,-4.738262
9522,2025-01-24,SH.KC_300550,和仁科技,软件开发,-4.740309
9523,2025-01-24,SH.KC_300115,长盈精密,消费电子,-4.7415814
9524,2025-01-27,SH.ZB_600052,东望时代,公用事业,-4.7430115
9525,2025-01-24,SZ.ZB_002514,宝馨科技,通用设备,-4.7445326
9526,2025-01-27,SH.KC_300870,欧陆通,电源设备,-4.7457085
9527,2025-01-24,SH.KC_300839,博汇股份,石油行业,-4.746059
9528,2025-01-27,SH.ZB_600397,安源煤业,煤炭行业,-4.753058
9529,2025-01-27,SH.KC_300660,江苏雷利,电机,-4.753562
9530,2025-01-27,SH.KC_300071,福石控股,文化传媒,-4.754822
9531,2025-01-27,SZ.ZB_002319,乐通股份,化学制品,-4.7567277
9532,2025-01-27,SH.ZB_603296,华勤技术,消费电子,-4.756845
9533,2025-01-24,SH.KC_301011,华立科技,专用设备,-4.7571306
9534,2025-01-27,SZ.ZB_002245,蔚蓝锂芯,电池,-4.7581425
9535,2025-01-24,SZ.ZB_002850,科达利,电池,-4.760963
9536,2025-01-24,SH.ZB_603758,秦安股份,汽车零部件,-4.7629485
9537,2025-01-24,SH.KC_300592,华凯易佰,互联网服务,-4.771007
9538,2025-01-24,SH.ZB_605058,澳弘电子,电子元件,-4.771738
9539,2025-01-24,SH.KC_300265,通光线缆,电网设备,-4.772018
9540,2025-01-27,SH.KC_301413,安培龙,电子元件,-4.7724714
9541,2025-01-24,SZ.ZB_002530,金财互联,互联网服务,-4.785189
9542,2025-01-24,SH.ZB_605398,新炬网络,互联网服务,-4.7862663
9543,2025-01-24,SH.KC_300515,三德科技,仪器仪表,-4.78784
9544,2025-01-27,SH.KC_688208,道通科技,计算机设备,-4.790615
9545,2025-01-27,SH.KC_688227,品高股份,软件开发,-4.7910304
9546,2025-01-27,SH.KC_688123,聚辰股份,半导体,-4.791048
9547,2025-01-27,SH.KC_300781,因赛集团,文化传媒,-4.795332
9548,2025-01-24,SH.KC_300885,海昌新材,通用设备,-4.797185
9549,2025-01-24,SH.KC_688629,华丰科技,电子元件,-4.797451
9550,2025-01-24,SZ.ZB_002117,东港股份,造纸印刷,-4.8014007
9551,2025-01-27,SH.KC_300592,华凯易佰,互联网服务,-4.804765
9552,2025-01-24,SH.ZB_603166,福达股份,汽车零部件,-4.8080707
9553,2025-01-27,SH.ZB_603119,浙江荣泰,非金属材料,-4.812703
9554,2025-01-24,SZ.ZB_002245,蔚蓝锂芯,电池,-4.8159113
9555,2025-01-24,SZ.ZB_000681,视觉中国,文化传媒,-4.820703
9556,2025-01-24,SH.ZB_603360,百傲化学,农药兽药,-4.827661
9557,2025-01-27,SZ.ZB_003021,兆威机电,电机,-4.8287153
9558,2025-01-24,SZ.ZB_002379,宏创控股,有色金属,-4.831584
9559,2025-01-27,SH.ZB_603042,华脉科技,通信设备,-4.8317494
9560,2025-01-27,SZ.ZB_002514,宝馨科技,通用设备,-4.834944
9561,2025-01-24,SH.ZB_600936,广西广电,文化传媒,-4.8365974
9562,2025-01-27,SH.KC_688502,茂莱光学,光学光电子,-4.8374033
9563,2025-01-27,SH.KC_301368,丰立智能,通用设备,-4.841004
9564,2025-01-27,SH.ZB_603200,上海洗霸,环保行业,-4.8418818
9565,2025-01-27,SH.ZB_603859,能科科技,软件开发,-4.8427334
9566,2025-01-27,SH.ZB_603499,翔港科技,造纸印刷,-4.845737
9567,2025-01-27,SH.ZB_600673,东阳光,综合行业,-4.847655
9568,2025-01-27,SH.ZB_605080,浙江自然,纺织服装,-4.8517475
9569,2025-01-27,SH.KC_688372,伟测科技,半导体,-4.8546734
9570,2025-01-27,SZ.ZB_002757,南兴股份,专用设备,-4.8555036
9571,2025-01-24,SH.ZB_603717,天域生物,农牧饲渔,-4.858985
9572,2025-01-24,SH.ZB_605080,浙江自然,纺织服装,-4.8634086
9573,2025-01-24,SH.KC_688208,道通科技,计算机设备,-4.8640175
9574,2025-01-27,SH.KC_301310,鑫宏业,电网设备,-4.8678246
9575,2025-01-24,SH.ZB_603305,旭升集团,汽车零部件,-4.869143
9576,2025-01-27,SH.KC_688343,云天励飞-U,软件开发,-4.8774977
9577,2025-01-27,SH.KC_300693,盛弘股份,电源设备,-4.8785357
9578,2025-01-27,SH.KC_301110,青木科技,互联网服务,-4.879295
9579,2025-01-24,SH.KC_688702,盛科通信-U,半导体,-4.8812294
9580,2025-01-27,SH.KC_300007,汉威科技,仪器仪表,-4.883063
9581,2025-01-24,SH.KC_301382,蜂助手,互联网服务,-4.883678
9582,2025-01-27,SZ.ZB_002733,雄韬股份,电池,-4.8910866
9583,2025-01-27,SZ.ZB_002117,东港股份,造纸印刷,-4.8926554
9584,2025-01-24,SH.KC_300249,依米康,软件开发,-4.9089165
9585,2025-01-27,SH.ZB_601689,拓普集团,汽车零部件,-4.909987
9586,2025-01-24,SZ.ZB_002031,巨轮智能,专用设备,-4.9121222
9587,2025-01-24,SH.KC_300857,协创数据,消费电子,-4.9145527
9588,2025-01-24,SH.KC_300493,润欣科技,贸易行业,-4.9172373
9589,2025-01-24,SH.KC_300383,光环新网,互联网服务,-4.9194508
9590,2025-01-27,SH.ZB_600579,中化装备,专用设备,-4.921063
9591,2025-01-24,SH.ZB_605277,新亚电子,消费电子,-4.9254136
9592,2025-01-24,SH.KC_300296,利亚德,光学光电子,-4.931216
9593,2025-01-27,SH.ZB_603166,福达股份,汽车零部件,-4.9314613
9594,2025-01-24,SH.KC_688787,海天瑞声,互联网服务,-4.932234
9595,2025-01-27,SZ.ZB_001309,德明利,半导体,-4.9360538
9596,2025-01-27,SH.KC_688290,景业智能,专用设备,-4.9368925
9597,2025-01-24,SH.KC_300830,金现代,软件开发,-4.940453
9598,2025-01-24,SH.KC_301157,华塑科技,计算机设备,-4.9423313
9599,2025-01-24,SH.KC_300852,四会富仕,电子元件,-4.9460793
9600,2025-01-24,SH.KC_688766,普冉股份,半导体,-4.9470706
9601,2025-01-24,SH.KC_300795,米奥会展,文化传媒,-4.9472117
9602,2025-01-27,SH.KC_300688,创业黑马,教育,-4.948387
9603,2025-01-27,SH.KC_301439,泓淋电力,电网设备,-4.9484916
9604,2025-01-24,SH.KC_300007,汉威科技,仪器仪表,-4.948923
9605,2025-01-27,SH.KC_300496,中科创达,互联网服务,-4.949392
9606,2025-01-24,SH.ZB_603859,能科科技,软件开发,-4.9497137
9607,2025-01-24,SH.KC_300458,全志科技,半导体,-4.951422
9608,2025-01-24,SZ.ZB_002582,好想你,食品饮料,-4.954119
9609,2025-01-24,SH.KC_688433,华曙高科,通用设备,-4.955107
9610,2025-01-24,SZ.ZB_001389,广合科技,电子元件,-4.9596767
9611,2025-01-27,SH.KC_300333,兆日科技,软件开发,-4.960142
9612,2025-01-24,SH.KC_300785,值得买,互联网服务,-4.960986
9613,2025-01-27,SH.KC_300399,天利科技,互联网服务,-4.9667826
9614,2025-01-27,SH.ZB_603809,豪能股份,汽车零部件,-4.9764223
9615,2025-01-24,SZ.ZB_002130,沃尔核材,非金属材料,-4.9796333
9616,2025-01-27,SH.KC_301396,宏景科技,互联网服务,-4.9799385
9617,2025-01-27,SH.ZB_603226,菲林格尔,装修建材,-4.9813466
9618,2025-01-27,SH.ZB_600255,鑫科材料,有色金属,-4.9866095
9619,2025-01-24,SH.KC_301413,安培龙,电子元件,-4.987921
9620,2025-01-27,SH.KC_688365,光云科技,互联网服务,-4.993224
9621,2025-01-27,SH.KC_300488,恒锋工具,通用设备,-4.99355
9622,2025-01-27,SH.KC_688322,奥比中光-UW,电子元件,-4.994109
9623,2025-01-27,SH.ZB_603272,联翔股份,装修装饰,-4.995003
9624,2025-01-27,SH.ZB_603278,大业股份,通用设备,-4.998872
9625,2025-01-24,SH.ZB_603119,浙江荣泰,非金属材料,-5.004867
9626,2025-01-24,SH.KC_301199,迈赫股份,专用设备,-5.0093083
9627,2025-01-24,SZ.ZB_002518,科士达,电源设备,-5.0161767
9628,2025-01-24,SH.KC_301192,泰祥股份,汽车零部件,-5.0164757
9629,2025-01-27,SZ.ZB_002384,东山精密,电子元件,-5.019457
9630,2025-01-24,SH.KC_301110,青木科技,互联网服务,-5.02546
9631,2025-01-27,SZ.ZB_002923,润都股份,化学制药,-5.027007
9632,2025-01-27,SH.ZB_600480,凌云股份,汽车零部件,-5.0382905
9633,2025-01-27,SH.KC_688258,卓易信息,互联网服务,-5.0497575
9634,2025-01-24,SH.KC_301031,中熔电气,电网设备,-5.050797
9635,2025-01-24,SH.KC_300680,隆盛科技,汽车零部件,-5.056013
9636,2025-01-24,SH.ZB_603121,华培动力,汽车零部件,-5.06909
9637,2025-01-27,SZ.ZB_001389,广合科技,电子元件,-5.0703063
9638,2025-01-27,SH.KC_301171,易点天下,互联网服务,-5.0710874
9639,2025-01-27,SH.KC_688279,峰岹科技,半导体,-5.0714927
9640,2025-01-24,SH.KC_300071,福石控股,文化传媒,-5.073371
9641,2025-01-27,SZ.ZB_002420,毅昌科技,家电行业,-5.0824776
9642,2025-01-27,SH.KC_301318,维海德,消费电子,-5.0853424
9643,2025-01-27,SH.KC_300835,龙磁科技,小金属,-5.0959153
9644,2025-01-27,SH.KC_688668,鼎通科技,通信设备,-5.0966187
9645,2025-01-24,SH.KC_688048,长光华芯,半导体,-5.0971346
9646,2025-01-24,SZ.ZB_002837,英维克,专用设备,-5.0971594
9647,2025-01-24,SZ.ZB_003040,楚天龙,通信设备,-5.1023364
9648,2025-01-24,SH.ZB_600183,生益科技,电子元件,-5.1038837
9649,2025-01-27,SH.KC_300465,高伟达,软件开发,-5.1046176
9650,2025-01-24,SH.KC_300248,新开普,互联网服务,-5.105021
9651,2025-01-27,SH.KC_688038,中科通达,软件开发,-5.106305
9652,2025-01-24,SH.ZB_603881,数据港,互联网服务,-5.107788
9653,2025-01-24,SH.ZB_603228,景旺电子,电子元件,-5.108388
9654,2025-01-24,SH.KC_301018,申菱环境,专用设备,-5.108555
9655,2025-01-24,SH.KC_688123,聚辰股份,半导体,-5.1177144
9656,2025-01-27,SH.KC_688159,有方科技,通信设备,-5.1268926
9657,2025-01-27,SH.ZB_600693,东百集团,商业百货,-5.129907
9658,2025-01-24,SH.KC_688698,伟创电气,专用设备,-5.13878
9659,2025-01-24,SH.KC_300403,汉宇集团,家电行业,-5.14202
9660,2025-01-24,SH.KC_688246,嘉和美康,医疗服务,-5.1450534
9661,2025-01-27,SH.KC_688048,长光华芯,半导体,-5.14661
9662,2025-01-27,SH.KC_688608,恒玄科技,半导体,-5.150047
9663,2025-01-24,SZ.ZB_002853,皮阿诺,装修建材,-5.151191
9664,2025-01-27,SH.KC_301556,托普云农,软件开发,-5.1536584
9665,2025-01-24,SH.KC_300488,恒锋工具,通用设备,-5.1554933
9666,2025-01-27,SH.KC_300733,西菱动力,汽车零部件,-5.159292
9667,2025-01-24,SH.KC_688322,奥比中光-UW,电子元件,-5.160081
9668,2025-01-27,SH.KC_688017,绿的谐波,通用设备,-5.161271
9669,2025-01-27,SH.ZB_603286,日盈电子,汽车零部件,-5.1710954
9670,2025-01-24,SH.KC_300226,上海钢联,互联网服务,-5.1712794
9671,2025-01-24,SH.KC_688591,泰凌微,半导体,-5.181514
9672,2025-01-24,SH.KC_301536,星宸科技,半导体,-5.1831727
9673,2025-01-24,SH.KC_300344,立方数科,软件开发,-5.183509
9674,2025-01-24,SZ.ZB_003021,兆威机电,电机,-5.1846323
9675,2025-01-24,SH.ZB_603009,北特科技,汽车零部件,-5.1864767
9676,2025-01-24,SZ.ZB_002536,飞龙股份,汽车零部件,-5.1967916
9677,2025-01-24,SH.KC_300987,川网传媒,文化传媒,-5.199774
9678,2025-01-24,SH.KC_300613,富瀚微,半导体,-5.204021
9679,2025-01-27,SH.KC_688369,致远互联,软件开发,-5.20623
9680,2025-01-24,SH.ZB_603665,康隆达,纺织服装,-5.2136846
9681,2025-01-27,SH.KC_688018,乐鑫科技,半导体,-5.2206626
9682,2025-01-24,SH.KC_688622,禾信仪器,仪器仪表,-5.2283354
9683,2025-01-24,SH.KC_300921,南凌科技,通信服务,-5.2367315
9684,2025-01-27,SH.KC_300017,网宿科技,互联网服务,-5.237434
9685,2025-01-27,SH.KC_300652,雷迪克,汽车零部件,-5.2376175
9686,2025-01-24,SH.KC_301383,天键股份,电子元件,-5.238643
9687,2025-01-24,SH.KC_300715,凯伦股份,装修建材,-5.240871
9688,2025-01-27,SZ.ZB_002779,中坚科技,专用设备,-5.2556357
9689,2025-01-27,SZ.ZB_003033,征和工业,汽车零部件,-5.2591257
9690,2025-01-27,SH.KC_688577,浙海德曼,通用设备,-5.260777
9691,2025-01-24,SH.KC_300166,东方国信,互联网服务,-5.265224
9692,2025-01-24,SH.KC_301591,肯特股份,塑料制品,-5.268498
9693,2025-01-27,SH.ZB_603665,康隆达,纺织服装,-5.2987776
9694,2025-01-24,SH.KC_301202,朗威股份,通用设备,-5.300935
9695,2025-01-24,SH.KC_300433,蓝思科技,消费电子,-5.305628
9696,2025-01-24,SH.KC_688095,福昕软件,软件开发,-5.3079524
9697,2025-01-24,SH.KC_300113,顺网科技,游戏,-5.3096113
9698,2025-01-24,SH.KC_300697,电工合金,有色金属,-5.314075
9699,2025-01-24,SH.KC_301076,新瀚新材,化学原料,-5.3217173
9700,2025-01-24,SH.KC_688716,中研股份,塑料制品,-5.3240905
9701,2025-01-27,SH.KC_301315,威士顿,软件开发,-5.3241673
9702,2025-01-24,SH.KC_301439,泓淋电力,电网设备,-5.342015
9703,2025-01-24,SH.KC_301336,趣睡科技,家用轻工,-5.3436522
9704,2025-01-24,SH.KC_688160,步科股份,专用设备,-5.3505254
9705,2025-01-27,SH.KC_301076,新瀚新材,化学原料,-5.3551598
9706,2025-01-27,SH.KC_300383,光环新网,互联网服务,-5.3555403
9707,2025-01-27,SH.KC_301383,天键股份,电子元件,-5.359089
9708,2025-01-24,SZ.ZB_002599,盛通股份,包装材料,-5.3668313
9709,2025-01-27,SH.KC_688010,福光股份,光学光电子,-5.368281
9710,2025-01-27,SZ.ZB_002364,中恒电气,电源设备,-5.369843
9711,2025-01-27,SH.KC_300010,豆神教育,教育,-5.370355
9712,2025-01-24,SH.KC_688327,云从科技-UW,软件开发,-5.371914
9713,2025-01-27,SH.KC_300680,隆盛科技,汽车零部件,-5.3739166
9714,2025-01-24,SZ.ZB_002453,华软科技,化学制品,-5.3742356
9715,2025-01-24,SZ.ZB_002691,冀凯股份,专用设备,-5.3964496
9716,2025-01-27,SH.KC_300055,万邦达,环保行业,-5.410359
9717,2025-01-24,SZ.ZB_002484,江海股份,电子元件,-5.41495
9718,2025-01-27,SH.KC_300715,凯伦股份,装修建材,-5.4184117
9719,2025-01-27,SZ.ZB_003015,日久光电,光学光电子,-5.4185843
9720,2025-01-27,SH.KC_301001,凯淳股份,互联网服务,-5.427746
9721,2025-01-24,SH.KC_688577,浙海德曼,通用设备,-5.428104
9722,2025-01-27,SH.KC_301512,智信精密,专用设备,-5.428162
9723,2025-01-24,SH.KC_688018,乐鑫科技,半导体,-5.4297028
9724,2025-01-24,SH.KC_300476,胜宏科技,电子元件,-5.4298086
9725,2025-01-24,SH.ZB_603269,海鸥股份,通用设备,-5.4315515
9726,2025-01-24,SZ.ZB_002358,森源电气,电网设备,-5.435012
9727,2025-01-24,SH.KC_300870,欧陆通,电源设备,-5.4489264
9728,2025-01-24,SH.KC_688400,凌云光,专用设备,-5.4517465
9729,2025-01-24,SH.ZB_603901,永创智能,专用设备,-5.457732
9730,2025-01-24,SH.KC_688258,卓易信息,互联网服务,-5.4578433
9731,2025-01-24,SH.ZB_600480,凌云股份,汽车零部件,-5.4634094
9732,2025-01-27,SH.KC_300987,川网传媒,文化传媒,-5.463789
9733,2025-01-24,SH.KC_688498,源杰科技,半导体,-5.4648824
9734,2025-01-27,SH.ZB_603236,移远通信,通信设备,-5.465837
9735,2025-01-24,SH.KC_688343,云天励飞-U,软件开发,-5.4716406
9736,2025-01-27,SZ.ZB_001267,汇绿生态,工程建设,-5.4869847
9737,2025-01-27,SH.KC_688716,中研股份,塑料制品,-5.489393
9738,2025-01-27,SH.ZB_600936,广西广电,文化传媒,-5.490621
9739,2025-01-27,SH.ZB_603516,淳中科技,计算机设备,-5.499517
9740,2025-01-27,SH.KC_300608,思特奇,软件开发,-5.502958
9741,2025-01-24,SZ.ZB_001267,汇绿生态,工程建设,-5.505556
9742,2025-01-27,SH.KC_300442,润泽科技,互联网服务,-5.507869
9743,2025-01-24,SH.KC_688038,中科通达,软件开发,-5.5117564
9744,2025-01-24,SH.KC_688696,极米科技,家电行业,-5.5141816
9745,2025-01-27,SZ.ZB_002582,好想你,食品饮料,-5.5206804
9746,2025-01-27,SH.KC_301299,卓创资讯,互联网服务,-5.5257792
9747,2025-01-27,SH.KC_300493,润欣科技,贸易行业,-5.531548
9748,2025-01-24,SZ.ZB_000620,新华联,房地产开发,-5.532058
9749,2025-01-27,SH.ZB_605398,新炬网络,互联网服务,-5.534439
9750,2025-01-27,SZ.ZB_000533,顺钠股份,电网设备,-5.5361567
9751,2025-01-27,SH.ZB_603915,国茂股份,通用设备,-5.544071
9752,2025-01-24,SH.ZB_603662,柯力传感,仪器仪表,-5.5481014
9753,2025-01-24,SH.KC_301252,同星科技,通用设备,-5.559001
9754,2025-01-27,SH.KC_688622,禾信仪器,仪器仪表,-5.56904
9755,2025-01-27,SH.KC_300980,祥源新材,塑料制品,-5.570728
9756,2025-01-13,SH.KC_300307,慈星股份,专用设备,-5.574079
9757,2025-01-27,SZ.ZB_002530,金财互联,互联网服务,-5.5796847
9758,2025-01-24,SZ.ZB_001309,德明利,半导体,-5.580709
9759,2025-01-27,SH.ZB_600410,华胜天成,互联网服务,-5.592347
9760,2025-01-24,SZ.ZB_002292,奥飞娱乐,文化传媒,-5.5933027
9761,2025-01-24,SH.KC_688372,伟测科技,半导体,-5.596188
9762,2025-01-24,SZ.ZB_002733,雄韬股份,电池,-5.5998573
9763,2025-01-24,SH.KC_300624,万兴科技,软件开发,-5.6092563
9764,2025-01-27,SH.ZB_603129,春风动力,交运设备,-5.6170473
9765,2025-01-24,SZ.ZB_002629,仁智股份,采掘行业,-5.618919
9766,2025-01-27,SH.KC_688800,瑞可达,电子元件,-5.6234703
9767,2025-01-24,SH.ZB_600693,东百集团,商业百货,-5.632706
9768,2025-01-24,SH.KC_300913,兆龙互连,通信设备,-5.6428757
9769,2025-01-27,SZ.ZB_002265,建设工业,汽车零部件,-5.646327
9770,2025-01-24,SH.ZB_601869,长飞光纤,通信设备,-5.653103
9771,2025-01-27,SZ.ZB_002973,侨银股份,环保行业,-5.6542544
9772,2025-01-27,SZ.ZB_002729,好利科技,电子元件,-5.6547837
9773,2025-01-24,SH.KC_300250,初灵信息,互联网服务,-5.6583457
9774,2025-01-24,SH.KC_688661,和林微纳,半导体,-5.6734166
9775,2025-01-27,SH.KC_301536,星宸科技,半导体,-5.6737065
9776,2025-01-27,SH.KC_300458,全志科技,半导体,-5.688096
9777,2025-01-27,SH.KC_688229,博睿数据,互联网服务,-5.6894126
9778,2025-01-27,SH.KC_688160,步科股份,专用设备,-5.6895537
9779,2025-01-27,SH.KC_688661,和林微纳,半导体,-5.7011404
9780,2025-01-24,SH.KC_688668,鼎通科技,通信设备,-5.705449
9781,2025-01-27,SH.KC_688088,虹软科技,互联网服务,-5.7119093
9782,2025-01-24,SZ.ZB_002050,三花智控,家电行业,-5.7167425
9783,2025-01-24,SH.ZB_603598,引力传媒,文化传媒,-5.718399
9784,2025-01-27,SH.KC_688400,凌云光,专用设备,-5.7252398
9785,2025-01-24,SH.KC_300843,胜蓝股份,消费电子,-5.7343683
9786,2025-01-24,SH.KC_300608,思特奇,软件开发,-5.741684
9787,2025-01-24,SH.ZB_603666,亿嘉和,专用设备,-5.741718
9788,2025-01-27,SH.KC_301000,肇民科技,塑料制品,-5.7472205
9789,2025-01-27,SH.KC_300857,协创数据,消费电子,-5.7520294
9790,2025-01-14,SH.KC_300307,慈星股份,专用设备,-5.7629337
9791,2025-01-27,SH.ZB_603729,龙韵股份,文化传媒,-5.7692223
9792,2025-01-24,SH.KC_688475,萤石网络,家电行业,-5.7717443
9793,2025-01-24,SH.KC_300469,信息发展,软件开发,-5.7734632
9794,2025-01-27,SZ.ZB_000627,天茂集团,保险,-5.7750144
9795,2025-01-27,SH.KC_300153,科泰电源,电源设备,-5.7793574
9796,2025-01-27,SH.KC_300766,每日互动,互联网服务,-5.7859383
9797,2025-01-24,SZ.ZB_002729,好利科技,电子元件,-5.790569
9798,2025-01-24,SH.KC_301171,易点天下,互联网服务,-5.7946343
9799,2025-01-24,SZ.ZB_001282,三联锻造,汽车零部件,-5.8005304
9800,2025-01-24,SH.ZB_600601,方正科技,电子元件,-5.8197904
9801,2025-01-24,SZ.ZB_001306,夏厦精密,通用设备,-5.8265977
9802,2025-01-27,SH.KC_300378,鼎捷数智,软件开发,-5.841832
9803,2025-01-27,SZ.ZB_002862,实丰文化,家用轻工,-5.8469806
9804,2025-01-24,SH.ZB_600580,卧龙电驱,电机,-5.8625846
9805,2025-01-27,SZ.ZB_000880,潍柴重机,通用设备,-5.8809295
9806,2025-01-27,SH.KC_301498,乖宝宠物,农牧饲渔,-5.889952
9807,2025-01-24,SH.KC_688010,福光股份,光学光电子,-5.918026
9808,2025-01-24,SH.KC_688226,威腾电气,电网设备,-5.9308414
9809,2025-01-27,SZ.ZB_002629,仁智股份,采掘行业,-5.9488177
9810,2025-01-24,SH.KC_300634,彩讯股份,互联网服务,-5.961094
9811,2025-01-24,SH.KC_300547,川环科技,橡胶制品,-5.961136
9812,2025-01-24,SZ.ZB_003041,真爱美家,纺织服装,-5.9626436
9813,2025-01-24,SH.KC_300822,贝仕达克,消费电子,-5.965405
9814,2025-01-24,SH.ZB_601689,拓普集团,汽车零部件,-5.9698353
9815,2025-01-27,SH.KC_300984,金沃股份,通用设备,-5.970195
9816,2025-01-24,SZ.ZB_002881,美格智能,消费电子,-5.9755945
9817,2025-01-24,SH.ZB_603803,瑞斯康达,通信设备,-5.9801903
9818,2025-01-24,SZ.ZB_002265,建设工业,汽车零部件,-5.984176
9819,2025-01-24,SH.KC_300972,万辰集团,农牧饲渔,-5.986704
9820,2025-01-24,SH.KC_688279,峰岹科技,半导体,-5.988302
9821,2025-01-24,SH.KC_301210,金杨股份,电池,-5.988873
9822,2025-01-24,SH.KC_301261,恒工精密,通用设备,-5.9912314
9823,2025-01-27,SH.KC_688226,威腾电气,电网设备,-6.010971
9824,2025-01-27,SH.KC_688095,福昕软件,软件开发,-6.014259
9825,2025-01-24,SH.ZB_603516,淳中科技,计算机设备,-6.0233045
9826,2025-01-24,SH.ZB_600255,鑫科材料,有色金属,-6.025049
9827,2025-01-24,SH.KC_300766,每日互动,互联网服务,-6.0271673
9828,2025-01-24,SH.KC_688800,瑞可达,电子元件,-6.0330143
9829,2025-01-24,SZ.ZB_000533,顺钠股份,电网设备,-6.0440536
9830,2025-01-24,SH.KC_301001,凯淳股份,互联网服务,-6.044311
9831,2025-01-24,SH.ZB_600410,华胜天成,互联网服务,-6.052211
9832,2025-01-27,SH.KC_300972,万辰集团,农牧饲渔,-6.0576463
9833,2025-01-27,SZ.ZB_002965,祥鑫科技,通用设备,-6.0665255
9834,2025-01-24,SH.ZB_603928,兴业股份,塑料制品,-6.068793
9835,2025-01-24,SH.KC_688326,经纬恒润-W,汽车零部件,-6.070297
9836,2025-01-27,SZ.ZB_002453,华软科技,化学制品,-6.070382
9837,2025-01-24,SZ.ZB_002660,茂硕电源,消费电子,-6.085136
9838,2025-01-24,SH.KC_688229,博睿数据,互联网服务,-6.0865736
9839,2025-01-27,SH.ZB_603068,博通集成,半导体,-6.0892143
9840,2025-01-24,SZ.ZB_003033,征和工业,汽车零部件,-6.0901513
9841,2025-01-24,SH.KC_688220,翱捷科技-U,半导体,-6.112091
9842,2025-01-27,SH.KC_301356,天振股份,塑料制品,-6.112736
9843,2025-01-24,SH.KC_300984,金沃股份,通用设备,-6.115327
9844,2025-01-27,SH.KC_301248,杰创智能,软件开发,-6.116116
9845,2025-01-27,SH.ZB_603308,应流股份,通用设备,-6.1194644
9846,2025-01-24,SH.KC_300442,润泽科技,互联网服务,-6.124179
9847,2025-01-27,SH.KC_688220,翱捷科技-U,半导体,-6.1376963
9848,2025-01-24,SH.KC_688228,开普云,互联网服务,-6.186405
9849,2025-01-24,SH.KC_688369,致远互联,软件开发,-6.1912365
9850,2025-01-24,SH.KC_688031,星环科技-U,软件开发,-6.1972036
9851,2025-01-24,SH.KC_688088,虹软科技,互联网服务,-6.208008
9852,2025-01-27,SZ.ZB_002896,中大力德,通用设备,-6.2219806
9853,2025-01-27,SH.KC_301061,匠心家居,家电行业,-6.2417774
9854,2025-01-27,SH.KC_301397,溯联股份,汽车零部件,-6.248604
9855,2025-01-24,SH.KC_301205,联特科技,光学光电子,-6.273092
9856,2025-01-27,SH.KC_300548,博创科技,通信设备,-6.2856174
9857,2025-01-27,SH.KC_688615,合合信息,软件开发,-6.302333
9858,2025-01-27,SH.KC_300222,科大智能,电网设备,-6.3073664
9859,2025-01-27,SZ.ZB_002718,友邦吊顶,装修建材,-6.338616
9860,2025-01-24,SH.KC_688255,凯尔达,专用设备,-6.3714
9861,2025-01-24,SH.KC_301368,丰立智能,通用设备,-6.372975
9862,2025-01-24,SH.KC_301248,杰创智能,软件开发,-6.388897
9863,2025-01-27,SH.KC_300249,依米康,软件开发,-6.39452
9864,2025-01-24,SH.KC_688118,普元信息,软件开发,-6.4072146
9865,2025-01-24,SZ.ZB_002862,实丰文化,家用轻工,-6.4334154
9866,2025-01-24,SH.KC_688590,新致软件,软件开发,-6.4580092
9867,2025-01-27,SH.KC_301628,强达电路,电子元件,-6.487263
9868,2025-01-27,SH.KC_300953,震裕科技,电池,-6.4901485
9869,2025-01-27,SZ.ZB_001282,三联锻造,汽车零部件,-6.516023
9870,2025-01-27,SH.KC_301210,金杨股份,电池,-6.517503
9871,2025-01-24,SH.ZB_603286,日盈电子,汽车零部件,-6.5472536
9872,2025-01-24,SH.KC_688017,绿的谐波,通用设备,-6.5493402
9873,2025-01-27,SH.KC_301220,亚香股份,化学制品,-6.5595226
9874,2025-01-24,SH.ZB_605060,联德股份,通用设备,-6.5650063
9875,2025-01-27,SH.KC_688255,凯尔达,专用设备,-6.5825844
9876,2025-01-27,SH.KC_300654,世纪天鸿,文化传媒,-6.585832
9877,2025-01-27,SH.ZB_603063,禾望电气,风电设备,-6.589027
9878,2025-01-24,SH.KC_688615,合合信息,软件开发,-6.5941267
9879,2025-01-27,SH.ZB_603667,五洲新春,通用设备,-6.6114807
9880,2025-01-27,SH.ZB_603598,引力传媒,文化传媒,-6.6193967
9881,2025-01-24,SH.KC_300688,创业黑马,教育,-6.6568813
9882,2025-01-24,SH.KC_301397,溯联股份,汽车零部件,-6.6720695
9883,2025-01-24,SH.KC_300378,鼎捷数智,软件开发,-6.672433
9884,2025-01-27,SZ.ZB_000882,华联股份,商业百货,-6.68702
9885,2025-01-27,SH.KC_300570,太辰光,通信设备,-6.704876
9886,2025-01-27,SH.KC_688205,德科立,光学光电子,-6.7098947
9887,2025-01-24,SH.KC_300496,中科创达,互联网服务,-6.741342
9888,2025-01-24,SZ.ZB_002965,祥鑫科技,通用设备,-6.7520604
9889,2025-01-24,SH.KC_300654,世纪天鸿,文化传媒,-6.759266
9890,2025-01-24,SZ.ZB_002896,中大力德,通用设备,-6.76018
9891,2025-01-27,SH.KC_301336,趣睡科技,家用轻工,-6.768665
9892,2025-01-24,SH.KC_688333,铂力特,通用设备,-6.775337
9893,2025-01-27,SH.KC_688787,海天瑞声,互联网服务,-6.795247
9894,2025-01-24,SH.KC_301628,强达电路,电子元件,-6.818504
9895,2025-01-24,SH.KC_300017,网宿科技,互联网服务,-6.9005966
9896,2025-01-27,SH.KC_688313,仕佳光子,通信设备,-6.9021463
9897,2025-01-27,SZ.ZB_002917,金奥博,化学制品,-6.998482
9898,2025-01-24,SH.ZB_603063,禾望电气,风电设备,-7.0363803
9899,2025-01-24,SZ.ZB_002779,中坚科技,专用设备,-7.0569186
9900,2025-01-27,SH.KC_688143,长盈通,电子元件,-7.0598254
9901,2025-01-24,SH.KC_301220,亚香股份,化学制品,-7.062079
9902,2025-01-24,SH.ZB_603308,应流股份,通用设备,-7.0779085
9903,2025-01-24,SH.KC_300996,普联软件,软件开发,-7.126449
9904,2025-01-24,SZ.ZB_002364,中恒电气,电源设备,-7.14681
9905,2025-01-27,SH.KC_688620,安凯微,半导体,-7.159564
9906,2025-01-24,SH.ZB_603893,瑞芯微,半导体,-7.1754217
9907,2025-01-27,SH.KC_300638,广和通,通信设备,-7.192938
9908,2025-01-24,SH.KC_300840,酷特智能,纺织服装,-7.1964293
9909,2025-01-24,SH.KC_688290,景业智能,专用设备,-7.2358904
9910,2025-01-27,SH.KC_300547,川环科技,橡胶制品,-7.312657
9911,2025-01-24,SH.KC_688205,德科立,光学光电子,-7.3179193
9912,2025-01-24,SZ.ZB_000880,潍柴重机,通用设备,-7.3414335
9913,2025-01-24,SZ.ZB_002718,友邦吊顶,装修建材,-7.343981
9914,2025-01-27,SH.ZB_605018,长华集团,汽车零部件,-7.3464885
9915,2025-01-24,SH.KC_300465,高伟达,软件开发,-7.351619
9916,2025-01-27,SH.ZB_603893,瑞芯微,半导体,-7.3585005
9917,2025-01-27,SH.ZB_600191,华资实业,农牧饲渔,-7.3730206
9918,2025-01-27,SH.KC_300697,电工合金,有色金属,-7.399507
9919,2025-01-27,SZ.ZB_002861,瀛通通讯,消费电子,-7.4565015
9920,2025-01-24,SH.ZB_605018,长华集团,汽车零部件,-7.4615664
9921,2025-01-24,SH.KC_300953,震裕科技,电池,-7.494725
9922,2025-01-24,SH.KC_301396,宏景科技,互联网服务,-7.510845
9923,2025-01-27,SH.ZB_603211,晋拓股份,汽车零部件,-7.546127
9924,2025-01-27,SH.KC_300634,彩讯股份,互联网服务,-7.5637302
9925,2025-01-27,SH.KC_300840,酷特智能,纺织服装,-7.5769887
9926,2025-01-24,SH.KC_300570,太辰光,通信设备,-7.716681
9927,2025-01-24,SH.KC_300153,科泰电源,电源设备,-7.89192
9928,2025-01-24,SH.KC_300170,汉得信息,互联网服务,-7.925804
9929,2025-01-24,SH.ZB_605488,福莱新材,塑料制品,-8.073042
9930,2025-01-24,SZ.ZB_000882,华联股份,商业百货,-8.079061
9931,2025-01-24,SZ.ZB_002917,金奥博,化学制品,-8.116397
9932,2025-01-24,SH.KC_688143,长盈通,电子元件,-8.120386
9933,2025-01-24,SH.KC_300638,广和通,通信设备,-8.1763315
9934,2025-01-24,SH.ZB_603667,五洲新春,通用设备,-8.251166
9935,2025-01-24,SH.ZB_603042,华脉科技,通信设备,-8.291801
9936,2025-01-27,SH.ZB_605488,福莱新材,塑料制品,-8.305876
9937,2025-01-24,SZ.ZB_000573,粤宏远Ａ,房地产开发,-8.326565
9938,2025-01-24,SH.KC_301000,肇民科技,塑料制品,-8.4696665
9939,2025-01-27,SH.KC_300996,普联软件,软件开发,-8.791201
9940,2025-01-24,SH.ZB_603211,晋拓股份,汽车零部件,-8.828584
9941,2025-01-24,SH.KC_688313,仕佳光子,通信设备,-8.831321
9942,2025-01-24,SZ.ZB_002730,电光科技,专用设备,-8.831369
9943,2025-01-24,SH.KC_300548,博创科技,通信设备,-8.991793
9944,2025-01-27,SH.KC_300170,汉得信息,互联网服务,-9.060547
9945,2025-01-24,SZ.ZB_002861,瀛通通讯,消费电子,-9.070725
9946,2025-01-27,SH.ZB_603928,兴业股份,塑料制品,-9.204311
9947,2025-01-24,SZ.ZB_000856,冀东装备,专用设备,-9.2322235
9948,2025-01-27,SZ.ZB_002691,冀凯股份,专用设备,-9.250398
9949,2025-01-27,SZ.ZB_000573,粤宏远Ａ,房地产开发,-9.463461
9950,2025-01-27,SH.KC_300718,长盛轴承,工程机械,-9.577203
9951,2025-01-24,SH.KC_300718,长盛轴承,工程机械,-10.447078
9952,2025-01-27,SZ.ZB_000856,冀东装备,专用设备,-11.156622
9953,2025-01-27,SZ.ZB_002730,电光科技,专用设备,-11.199008
