,index,Datetime,code,name,bankuai,expext
0,4132,2025-01-27,603398,沐邦高科,光伏设备,20.255037
1,3623,2025-01-27,856,冀东装备,专用设备,19.538086
2,3091,2025-01-27,300344,立方数科,软件开发,19.2847
3,2123,2025-01-27,300634,彩讯股份,互联网服务,18.456926
4,2424,2025-01-27,668,荣丰控股,房地产开发,18.208532
5,3673,2025-01-14,300307,慈星股份,专用设备,17.52552
6,2354,2025-01-27,603777,来伊份,食品饮料,17.214602
7,107,2025-01-27,2496,辉丰股份,农药兽药,16.503544
8,3622,2025-01-27,301512,智信精密,专用设备,16.22797
9,2921,2025-01-27,301248,杰创智能,软件开发,16.204647
10,1085,2025-01-27,600539,狮头股份,环保行业,15.950529
11,4704,2025-01-27,300857,协创数据,消费电子,15.73071
12,1347,2025-01-27,300654,世纪天鸿,文化传媒,15.6136465
13,2855,2025-01-27,603261,立航科技,航天航空,15.293224
14,2098,2025-01-27,600892,大晟文化,游戏,15.223689
15,3131,2025-01-27,759,中百集团,商业百货,15.007149
16,3624,2025-01-27,2691,冀凯股份,专用设备,14.837291
17,4458,2025-01-27,1270,铖昌科技,半导体,14.370258
18,3121,2025-01-27,600128,苏豪弘业,贸易行业,14.202719
19,4453,2025-01-27,688620,安凯微,半导体,14.14574
20,3801,2025-01-27,300902,国安达,专用设备,14.081235
21,2918,2025-01-27,300996,普联软件,软件开发,14.068328
22,2586,2025-01-27,301356,天振股份,塑料制品,14.023431
23,2743,2025-01-27,16,深康佳Ａ,家电行业,13.843177
24,1829,2025-01-27,691,亚太实业,化学制品,13.789983
25,3625,2025-01-27,2529,海源复材,专用设备,13.566134
26,2879,2025-01-27,300159,新研股份,航天航空,13.503305
27,346,2025-01-27,600076,康欣新材,装修建材,13.154693
28,4363,2025-01-27,2122,汇洲智能,通用设备,13.137974
29,2937,2025-01-27,2253,川大智胜,软件开发,13.123555
30,3841,2025-01-27,2816,和科达,专用设备,13.055606
31,3090,2025-01-27,300249,依米康,软件开发,13.042768
32,4617,2025-01-27,600130,波导股份,消费电子,12.991519
33,4232,2025-01-27,890,法尔胜,通用设备,12.923713
34,2254,2025-01-27,688229,博睿数据,互联网服务,12.891359
35,2929,2025-01-27,300608,思特奇,软件开发,12.877096
36,4258,2025-01-27,600243,青海华鼎,通用设备,12.865613
37,2738,2025-01-27,2418,康盛股份,家电行业,12.689255
38,1082,2025-01-27,300055,万邦达,环保行业,12.66623
39,4825,2025-01-27,688143,长盈通,电子元件,12.332906
40,2133,2025-01-27,600228,返利科技,互联网服务,12.237538
41,3395,2025-01-27,300652,雷迪克,汽车零部件,12.198745
42,1588,2025-01-27,2789,建艺集团,装修装饰,12.133944
43,1606,2025-01-27,688426,康为世纪,生物制品,12.078859
44,3397,2025-01-27,605018,长华集团,汽车零部件,12.048
45,2661,2025-01-27,603928,兴业股份,塑料制品,12.039612
46,2703,2025-01-27,2848,高斯贝尔,家电行业,11.831482
47,4238,2025-01-27,816,智慧农业,通用设备,11.747326
48,144,2025-01-27,605033,美邦股份,农药兽药,11.744489
49,739,2025-01-27,301286,侨源股份,化学原料,11.608301
50,2995,2025-01-27,4,国华网安,软件开发,11.52903
51,1509,2025-01-27,603682,锦和商管,房地产服务,11.516185
52,3088,2025-01-27,300333,兆日科技,软件开发,11.491853
53,1332,2025-01-27,2667,威领股份,能源金属,11.480459
54,2423,2025-01-27,2306,中科云网,旅游酒店,11.458778
55,4229,2025-01-27,600421,华嵘控股,通用设备,11.4404125
56,2502,2025-01-27,736,中交地产,房地产开发,11.437734
57,3856,2025-01-27,300499,高澜股份,专用设备,11.252429
58,3182,2025-01-27,300222,科大智能,电网设备,11.175706
59,3172,2025-01-27,600778,友好集团,商业百货,11.120756
60,2559,2025-01-27,600238,海南椰岛,酿酒行业,11.086859
61,994,2025-01-27,300840,酷特智能,纺织服装,11.049144
62,4023,2025-01-27,301511,德福科技,电池,10.966211
63,4860,2025-01-27,600734,实达集团,通信设备,10.931449
64,4708,2025-01-27,2199,东晶电子,电子元件,10.819115
65,4192,2025-01-27,300093,金刚光伏,光伏设备,10.803339
66,3545,2025-01-27,2265,建设工业,汽车零部件,10.661326
67,475,2025-01-27,600052,东望时代,公用事业,10.648903
68,2852,2025-01-27,300959,线上线下,通信服务,10.645146
69,2360,2025-01-27,2820,桂发祥,食品饮料,10.462167
70,2662,2025-01-27,688716,中研股份,塑料制品,10.323384
71,4356,2025-01-27,300853,申昊科技,通用设备,10.294467
72,1430,2025-01-27,600556,天下秀,文化传媒,10.256598
73,3820,2025-01-27,301030,仕净科技,专用设备,10.189392
74,498,2025-01-27,600191,华资实业,农牧饲渔,10.16629
75,4315,2025-01-27,688165,埃夫特-U,通用设备,10.132119
76,4146,2025-01-27,688408,中信博,光伏设备,10.127771
77,1350,2025-01-27,603729,龙韵股份,文化传媒,10.0917845
78,4197,2025-01-27,300161,华中数控,通用设备,10.068382
79,1266,2025-01-27,300391,长药控股,中药,10.025377
80,1162,2025-01-27,826,启迪环境,环保行业,9.902339
81,4610,2025-01-27,301318,维海德,消费电子,9.888667
82,2359,2025-01-27,605179,一鸣食品,食品饮料,9.874863
83,2215,2025-01-27,600358,国旅联合,互联网服务,9.849687
84,3122,2025-01-27,300493,润欣科技,贸易行业,9.820739
85,496,2025-01-27,600187,国中水务,公用事业,9.819272
86,1083,2025-01-27,2973,侨银股份,环保行业,9.805615
87,3857,2025-01-27,301018,申菱环境,专用设备,9.797117
88,3175,2025-01-27,600858,银座股份,商业百货,9.769104
89,4584,2025-01-27,688362,甬矽电子,半导体,9.765875
90,3960,2025-01-27,627,天茂集团,保险,9.720686
91,2357,2025-01-27,716,黑芝麻,食品饮料,9.714598
92,1428,2025-01-27,300071,福石控股,文化传媒,9.675137
93,1422,2025-01-27,793,华闻集团,文化传媒,9.629454
94,705,2025-01-27,600714,金瑞矿业,化学原料,9.628874
95,3848,2025-01-27,603789,星光农机,专用设备,9.627684
96,3394,2025-01-27,301157,华塑科技,计算机设备,9.614226
97,2240,2025-01-27,300792,壹网壹创,互联网服务,9.600984
98,4358,2025-01-27,300607,拓斯达,通用设备,9.576921
99,3341,2025-01-27,600636,国新文化,教育,9.571786
100,4027,2025-01-27,2733,雄韬股份,电池,9.562495
101,4795,2025-01-27,2636,金安国纪,电子元件,9.558799
102,3125,2025-01-27,419,通程控股,商业百货,9.553264
103,4190,2025-01-27,300716,泉为科技,光伏设备,9.52194
104,4120,2025-01-27,300127,银河磁体,小金属,9.516907
105,3595,2025-01-27,301397,溯联股份,汽车零部件,9.512702
106,3630,2025-01-27,2757,南兴股份,专用设备,9.472982
107,4454,2025-01-27,603068,博通集成,半导体,9.466985
108,3177,2025-01-27,600693,东百集团,商业百货,9.463206
109,4778,2025-01-27,688053,思科瑞,电子元件,9.456068
110,1359,2025-01-27,603598,引力传媒,文化传媒,9.370056
111,3085,2025-01-27,688095,福昕软件,软件开发,9.329984
112,2936,2025-01-27,300378,鼎捷数智,软件开发,9.315676
113,2127,2025-01-27,2530,金财互联,互联网服务,9.310295
114,3850,2025-01-27,603015,弘讯科技,专用设备,9.257293
115,575,2025-01-27,600811,东方集团,农牧饲渔,9.223853
116,4863,2025-01-27,301600,慧翰股份,通信设备,9.184581
117,2446,2025-01-27,573,粤宏远Ａ,房地产开发,9.178533
118,4644,2025-01-27,2861,瀛通通讯,消费电子,9.169783
119,2156,2025-01-27,300170,汉得信息,互联网服务,9.110109
120,1546,2025-01-27,10,美丽生态,工程建设,9.106042
121,4194,2025-01-27,2760,凤形股份,通用设备,9.079782
122,3239,2025-01-27,2058,威尔泰,电网设备,9.079486
123,4745,2025-01-27,688511,天微电子,电子元件,9.029603
124,4845,2025-01-27,600405,动力源,电源设备,9.028994
125,3086,2025-01-27,300561,汇金科技,软件开发,9.023259
126,4809,2025-01-27,2137,实益达,电子元件,9.017548
127,3553,2025-01-27,1282,三联锻造,汽车零部件,9.003028
128,1120,2025-01-27,603177,德创环保,环保行业,8.995167
129,3858,2025-01-27,3015,日久光电,光学光电子,8.9670315
130,3626,2025-01-27,603800,洪田股份,专用设备,8.926025
131,3127,2025-01-27,603101,汇嘉时代,商业百货,8.923967
132,2911,2025-01-27,1236,弘业期货,多元金融,8.92282
133,3392,2025-01-27,300479,神思电子,计算机设备,8.890894
134,1976,2025-01-27,300697,电工合金,有色金属,8.8255825
135,2247,2025-01-27,301001,凯淳股份,互联网服务,8.822036
136,4186,2025-01-27,688429,时创能源,光伏设备,8.819741
137,4360,2025-01-27,300154,瑞凌股份,通用设备,8.813975
138,1826,2025-01-27,2549,凯美特气,化学制品,8.80621
139,3837,2025-01-27,300276,三丰智能,专用设备,8.762942
140,1917,2025-01-27,300798,锦鸡股份,化学制品,8.739998
141,3123,2025-01-27,2640,跨境通,贸易行业,8.739408
142,999,2025-01-27,2762,金发拉比,纺织服装,8.647232
143,2663,2025-01-27,301061,匠心家居,家电行业,8.634133
144,642,2025-01-27,301336,趣睡科技,家用轻工,8.62284
145,4080,2025-01-27,2175,东方智造,仪器仪表,8.613012
146,3077,2025-01-27,300377,赢时胜,软件开发,8.600638
147,1974,2025-01-27,2453,华软科技,化学制品,8.594605
148,3834,2025-01-27,2184,海得控制,专用设备,8.589268
149,3245,2025-01-27,688226,威腾电气,电网设备,8.5622635
150,1081,2025-01-27,605069,正和生态,环保行业,8.55986
151,2380,2025-01-27,2068,黑猫股份,橡胶制品,8.559444
152,267,2025-01-27,603716,塞力医疗,医药商业,8.559421
153,4118,2025-01-27,795,英洛华,小金属,8.5137205
154,3847,2025-01-27,688400,凌云光,专用设备,8.478027
155,4951,2025-01-27,688313,仕佳光子,通信设备,8.475639
156,3297,2025-01-27,301082,久盛电气,电网设备,8.469516
157,3849,2025-01-27,2009,天奇股份,专用设备,8.462353
158,4872,2025-01-27,600355,精伦电子,通信设备,8.461426
159,3346,2025-01-27,300688,创业黑马,教育,8.444503
160,1193,2025-01-27,301288,清研环境,环保行业,8.440752
161,729,2025-01-27,600423,柳化股份,化学原料,8.438307
162,1668,2025-01-27,2693,双成药业,生物制品,8.434355
163,3089,2025-01-27,301315,威士顿,软件开发,8.423522
164,4463,2025-01-27,301536,星宸科技,半导体,8.419718
165,579,2025-01-27,603429,集友股份,造纸印刷,8.333113
166,2150,2025-01-27,2657,中科金财,互联网服务,8.301498
167,2589,2025-01-27,603615,茶花股份,塑料制品,8.291147
168,4246,2025-01-27,300985,致远新能,通用设备,8.278558
169,2167,2025-01-27,600446,金证股份,互联网服务,8.2172785
170,1720,2025-01-27,600889,南京化纤,化纤行业,8.216058
171,1303,2025-01-27,300949,奥雅股份,工程咨询服务,8.209279
172,1630,2025-01-13,688073,毕得医药,生物制品,8.208461
173,746,2025-01-27,688085,三友医疗,医疗器械,8.193809
174,2120,2025-01-27,300299,富春股份,游戏,8.193409
175,2742,2025-01-27,2403,爱仕达,家电行业,8.190899
176,3949,2025-01-27,2449,国星光电,光学光电子,8.187051
177,4888,2025-01-27,600198,大唐电信,通信设备,8.183742
178,2237,2025-01-27,300250,初灵信息,互联网服务,8.159915
179,1187,2025-01-27,2717,岭南股份,环保行业,8.1514435
180,4187,2025-01-27,688717,艾罗能源,光伏设备,8.140355
181,4685,2025-01-27,300812,易天股份,消费电子,8.129263
182,1681,2025-01-27,300084,海默科技,采掘行业,8.11556
183,4462,2025-01-27,1309,德明利,半导体,8.107747
184,4608,2025-01-27,688766,普冉股份,半导体,8.103598
185,1827,2025-01-27,301220,亚香股份,化学制品,8.084713
186,2928,2025-01-27,688369,致远互联,软件开发,8.077577
187,363,2025-01-27,603389,亚振家居,装修建材,8.076644
188,372,2025-01-27,603838,四通股份,装修建材,8.07545
189,854,2025-01-27,300753,爱朋医疗,医疗器械,8.074917
190,3078,2025-01-27,300085,银之杰,软件开发,8.06764
191,2045,2025-01-27,603978,深圳新星,有色金属,8.067608
192,4371,2025-01-27,2552,宝鼎科技,通用设备,8.050383
193,3614,2025-01-27,300537,广信材料,电子化学品,8.042426
194,2253,2025-01-27,300399,天利科技,互联网服务,8.039199
195,4703,2025-01-27,301123,奕东电子,消费电子,8.03212
196,4930,2025-01-27,2583,海能达,通信设备,8.024626
197,728,2025-01-27,600610,中毅达,化学原料,8.010494
198,4028,2025-01-27,300068,南都电源,电池,7.9867096
199,1890,2025-01-23,688350,富淼科技,化学制品,7.9662547
200,2217,2025-01-27,688365,光云科技,互联网服务,7.9532547
201,415,2025-01-27,600802,福建水泥,水泥建材,7.9454155
202,1738,2025-01-27,158,常山北明,综合行业,7.928924
203,4448,2025-01-27,600172,黄河旋风,非金属材料,7.9200864
204,3954,2025-01-27,688502,茂莱光学,光学光电子,7.912403
205,2153,2025-01-27,2291,遥望科技,互联网服务,7.9063387
206,607,2025-01-27,2229,鸿博股份,造纸印刷,7.900384
207,4068,2025-01-27,688115,思林杰,仪器仪表,7.887083
208,3422,2025-01-27,300733,西菱动力,汽车零部件,7.884616
209,1569,2025-01-27,301024,霍普股份,工程建设,7.877518
210,1438,2025-01-27,300242,佳云科技,文化传媒,7.871184
211,106,2025-01-27,603718,海利生物,农药兽药,7.8709154
212,2899,2025-01-27,600053,九鼎投资,多元金融,7.8377023
213,3174,2025-01-27,2187,广百股份,商业百货,7.8373237
214,3073,2025-01-27,300386,飞天诚信,软件开发,7.779476
215,4705,2025-01-27,2134,天津普林,电子元件,7.77659
216,3376,2025-01-27,603106,恒银科技,计算机设备,7.772684
217,508,2025-01-27,1366,播恩集团,农牧饲渔,7.769248
218,2820,2025-01-27,300211,亿通科技,通信服务,7.749647
219,741,2025-01-27,301076,新瀚新材,化学原料,7.7439694
220,4083,2025-01-27,688320,禾川科技,仪器仪表,7.740508
221,2134,2025-01-27,2354,天娱数科,互联网服务,7.7273664
222,3953,2025-01-27,301183,东田微,光学光电子,7.724853
223,4694,2025-01-27,301182,凯旺科技,消费电子,7.715207
224,1191,2025-01-27,605081,太和水,环保行业,7.714805
225,1828,2025-01-27,603079,圣达生物,化学制品,7.712287
226,42,2025-01-27,300435,中泰股份,燃气,7.6868935
227,4601,2025-01-27,688512,慧智微-U,半导体,7.6636357
228,743,2025-01-27,603880,南卫股份,医疗器械,7.6627045
229,1568,2025-01-27,2542,中化岩土,工程建设,7.6407537
230,2473,2025-01-27,600094,大名城,房地产开发,7.6228914
231,3866,2025-01-27,509,华塑控股,光学光电子,7.6020613
232,2278,2025-01-27,605338,巴比食品,食品饮料,7.5931234
233,4848,2025-01-27,2364,中恒电气,电源设备,7.586424
234,2355,2025-01-27,3030,祖名股份,食品饮料,7.5792713
235,4281,2025-01-27,300080,易成新能,通用设备,7.544367
236,3399,2025-01-27,600626,申达股份,汽车零部件,7.537611
237,3169,2025-01-27,600824,益民集团,商业百货,7.529661
238,2076,2025-01-27,659,珠海中富,包装材料,7.5069723
239,2492,2025-01-27,600692,亚通股份,房地产开发,7.5038
240,1955,2025-01-27,301037,保立佳,化学制品,7.4986234
241,4372,2025-01-27,603915,国茂股份,通用设备,7.486683
242,4065,2025-01-27,301129,瑞纳智能,仪器仪表,7.484941
243,262,2025-01-27,600868,梅雁吉祥,电力行业,7.47533
244,3335,2025-01-27,526,学大教育,教育,7.4668927
245,1084,2025-01-27,603200,上海洗霸,环保行业,7.4563923
246,3968,2025-01-27,301210,金杨股份,电池,7.4471054
247,1077,2025-01-27,603665,康隆达,纺织服装,7.4127617
248,4561,2025-01-27,688691,灿芯股份,半导体,7.408601
249,2319,2025-01-27,300106,西部牧业,食品饮料,7.386784
250,4813,2025-01-27,301366,一博科技,电子元件,7.364194
251,3938,2025-01-27,300323,华灿光电,光学光电子,7.357326
252,1751,2025-01-27,300945,曼卡龙,珠宝首饰,7.353878
253,4926,2025-01-27,2313,日海智能,通信设备,7.3526473
254,4788,2025-01-27,300656,民德电子,电子元件,7.3446794
255,3951,2025-01-27,688205,德科立,光学光电子,7.309206
256,1573,2025-01-27,2047,宝鹰股份,装修装饰,7.3060603
257,984,2025-01-27,300255,常山药业,化学制药,7.3016644
258,2212,2025-01-27,688228,开普云,互联网服务,7.298191
259,3180,2025-01-27,2256,兆新股份,电网设备,7.2921486
260,759,2025-01-27,300289,利德曼,医疗器械,7.281257
261,1938,2025-01-27,600800,渤海化学,化学制品,7.2568283
262,2926,2025-01-27,688244,永信至诚,软件开发,7.2545824
263,4823,2025-01-27,688800,瑞可达,电子元件,7.2543592
264,4850,2025-01-27,2335,科华数据,电源设备,7.2509484
265,4853,2025-01-27,2518,科士达,电源设备,7.2397575
266,2243,2025-01-27,603887,城地香江,互联网服务,7.238522
267,992,2025-01-27,2098,浔兴股份,纺织服装,7.2201533
268,1495,2025-01-27,2188,中天服务,房地产服务,7.213411
269,2923,2025-01-27,301556,托普云农,软件开发,7.19531
270,3942,2025-01-27,300076,GQY视讯,光学光电子,7.1876407
271,4084,2025-01-27,300007,汉威科技,仪器仪表,7.177362
272,3945,2025-01-27,300296,利亚德,光学光电子,7.173321
273,2042,2025-01-27,600255,鑫科材料,有色金属,7.17054
274,439,2025-01-27,600881,亚泰集团,水泥建材,7.167986
275,2337,2025-01-27,2495,佳隆股份,食品饮料,7.1583138
276,1771,2025-01-27,603021,山东华鹏,玻璃玻纤,7.1560354
277,2776,2025-01-27,603129,春风动力,交运设备,7.146664
278,4786,2025-01-27,300460,惠伦晶体,电子元件,7.139002
279,3839,2025-01-27,2526,山东矿机,专用设备,7.1340218
280,1436,2025-01-27,1330,博纳影业,文化传媒,7.13117
281,4349,2025-01-27,2164,宁波东力,通用设备,7.1286664
282,4009,2025-01-27,301152,天力锂能,电池,7.125783
283,1644,2025-01-27,688062,迈威生物-U,生物制品,7.122196
284,1068,2025-01-27,603511,爱慕股份,纺织服装,7.1209116
285,2356,2025-01-27,603719,良品铺子,食品饮料,7.1208534
286,4736,2025-01-27,688629,华丰科技,电子元件,7.1117682
287,612,2025-01-27,2117,东港股份,造纸印刷,7.1117015
288,3298,2025-01-27,603070,万控智造,电网设备,7.102695
289,472,2025-01-27,600751,海航科技,航运港口,7.083616
290,2919,2025-01-27,300229,拓尔思,软件开发,7.072613
291,4645,2025-01-27,300256,星星科技,消费电子,7.0673885
292,3052,2025-01-27,688031,星环科技-U,软件开发,7.043615
293,480,2025-01-27,603291,联合水务,公用事业,7.041706
294,504,2025-01-27,702,正虹科技,农牧饲渔,7.0376663
295,1735,2025-01-27,600624,复旦复华,综合行业,7.031806
296,4449,2025-01-27,301611,珂玛科技,非金属材料,7.029255
297,2232,2025-01-27,688258,卓易信息,互联网服务,7.023041
298,1226,2025-01-27,300147,香雪制药,中药,7.022141
299,1073,2025-01-27,300901,中胤时尚,纺织服装,7.020606
300,4119,2025-01-27,300748,金力永磁,小金属,7.018721
301,3578,2025-01-27,2593,日上集团,汽车零部件,7.0168734
302,4121,2025-01-27,300224,正海磁材,小金属,7.014765
303,4432,2025-01-27,1301,尚太科技,非金属材料,7.01357
304,4701,2025-01-27,301486,致尚科技,消费电子,7.0093813
305,2043,2025-01-27,2578,闽发铝业,有色金属,7.004766
306,1897,2025-01-27,300437,清水源,化学制品,7.003705
307,4942,2025-01-27,603118,共进股份,通信设备,6.991826
308,3306,2025-01-27,301456,盘古智能,风电设备,6.9717617
309,4145,2025-01-27,300827,上能电气,光伏设备,6.9647284
310,2140,2025-01-27,688787,海天瑞声,互联网服务,6.94288
311,2925,2025-01-27,300605,恒锋信息,软件开发,6.9323974
312,3799,2025-01-27,603895,天永智能,专用设备,6.9280386
313,1425,2025-01-27,300805,电声股份,文化传媒,6.9270105
314,1202,2025-01-27,300123,亚光科技,船舶制造,6.9146304
315,1507,2025-01-27,56,皇庭国际,房地产服务,6.8992586
316,3845,2025-01-27,2611,东方精工,专用设备,6.889081
317,1642,2025-01-27,518,四环生物,生物制品,6.8860917
318,1503,2025-01-27,2575,群兴玩具,房地产服务,6.8839493
319,4820,2025-01-27,300814,中富电路,电子元件,6.881389
320,4900,2025-01-27,2446,盛路通信,通信设备,6.8762527
321,3301,2025-01-27,2358,森源电气,电网设备,6.8742437
322,1294,2025-01-27,300989,蕾奥规划,工程咨询服务,6.873694
323,2475,2025-01-27,600724,宁波富达,房地产开发,6.8709555
324,1975,2025-01-27,2917,金奥博,化学制品,6.862022
325,2596,2025-01-27,603221,爱丽家居,塑料制品,6.852913
326,4189,2025-01-27,688390,固德威,光伏设备,6.8529115
327,3398,2025-01-27,603922,金鸿顺,汽车零部件,6.8461
328,2072,2025-01-27,601515,东峰集团,包装材料,6.8406925
329,1067,2025-01-27,2193,如意集团,纺织服装,6.821795
330,1506,2025-01-27,608,阳光股份,房地产服务,6.818782
331,1622,2025-01-27,301230,泓博医药,生物制品,6.8165884
332,2095,2025-01-27,2799,环球印务,包装材料,6.811908
333,3167,2025-01-27,605136,丽人丽妆,商业百货,6.810847
334,4364,2025-01-27,300990,同飞股份,通用设备,6.807357
335,3785,2025-01-27,603012,创力集团,专用设备,6.8029923
336,4588,2025-01-27,688709,成都华微,半导体,6.797914
337,3184,2025-01-27,2346,柘中股份,电网设备,6.7923217
338,4846,2025-01-27,300153,科泰电源,电源设备,6.791182
339,4808,2025-01-27,300474,景嘉微,电子元件,6.791055
340,3093,2025-01-27,2356,赫美集团,贸易行业,6.7785306
341,2203,2025-01-27,300044,赛为智能,互联网服务,6.7781897
342,4457,2025-01-27,688286,敏芯股份,半导体,6.766276
343,3544,2025-01-27,300473,德尔股份,汽车零部件,6.7605777
344,4332,2025-01-27,300278,华昌达,通用设备,6.759651
345,2124,2025-01-27,300287,飞利信,互联网服务,6.7528768
346,2562,2025-01-27,995,皇台酒业,酿酒行业,6.751311
347,1345,2025-01-27,681,视觉中国,文化传媒,6.7512856
348,2238,2025-01-27,300231,银信科技,互联网服务,6.7423387
349,1184,2025-01-27,300152,新动力,环保行业,6.7350388
350,2053,2025-01-27,600653,申华控股,汽车服务,6.733607
351,3173,2025-01-27,564,供销大集,商业百货,6.7336025
352,3185,2025-01-27,720,新能泰山,电网设备,6.7307234
353,4335,2025-01-27,301399,英特科技,通用设备,6.7254424
354,4026,2025-01-27,301325,曼恩斯特,电池,6.717327
355,2096,2025-01-27,2599,盛通股份,包装材料,6.7161174
356,3292,2025-01-27,300141,和顺电气,电网设备,6.7115054
357,3043,2025-01-27,688058,宝兰德,软件开发,6.709917
358,2159,2025-01-27,301396,宏景科技,互联网服务,6.7089305
359,1675,2025-01-27,300157,新锦动力,采掘行业,6.6994667
360,3859,2025-01-27,300808,久量股份,光学光电子,6.698735
361,1114,2025-01-27,68,华控赛格,环保行业,6.694481
362,3386,2025-01-27,688288,鸿泉物联,计算机设备,6.6919847
363,3589,2025-01-27,603166,福达股份,汽车零部件,6.680432
364,3923,2025-01-27,600666,奥瑞德,光学光电子,6.6782846
365,4456,2025-01-27,603893,瑞芯微,半导体,6.6743345
366,577,2025-01-27,600793,宜宾纸业,造纸印刷,6.6652937
367,2141,2025-01-27,600410,华胜天成,互联网服务,6.66099
368,2429,2025-01-27,600708,光明地产,房地产开发,6.6581025
369,2887,2025-01-27,300581,晨曦航空,航天航空,6.6443205
370,2733,2025-01-27,2723,小崧股份,家电行业,6.6178517
371,2528,2025-01-27,300718,长盛轴承,工程机械,6.613754
372,1729,2025-01-27,632,三木集团,综合行业,6.6136317
373,3573,2025-01-27,300694,蠡湖股份,汽车零部件,6.610203
374,2246,2025-01-27,300290,荣科科技,互联网服务,6.609164
375,3525,2025-01-27,2190,成飞集成,汽车零部件,6.598024
376,2425,2025-01-27,42,中洲控股,房地产开发,6.589088
377,967,2025-01-27,300583,赛托生物,化学制药,6.5737543
378,377,2025-01-27,300198,纳川股份,装修建材,6.570049
379,4797,2025-01-27,300903,科翔股份,电子元件,6.569314
380,2775,2025-01-27,2811,郑中设计,专业服务,6.564465
381,578,2025-01-27,603499,翔港科技,造纸印刷,6.554818
382,4341,2025-01-27,688433,华曙高科,通用设备,6.551379
383,4025,2025-01-27,688184,帕瓦股份,电池,6.544791
384,665,2025-01-27,2103,广博股份,家用轻工,6.5336494
385,2250,2025-01-27,300245,天玑科技,互联网服务,6.532976
386,2435,2025-01-27,31,大悦城,房地产开发,6.5327287
387,1772,2025-01-27,605186,健麾信息,医疗服务,6.52034
388,4015,2025-01-27,301487,盟固利,电池,6.512064
389,4495,2025-01-27,670,盈方微,半导体,6.509361
390,3793,2025-01-27,300173,福能东方,专用设备,6.499998
391,3486,2025-01-27,600698,湖南天雁,汽车零部件,6.499386
392,4816,2025-01-27,301251,威尔高,电子元件,6.496489
393,4688,2025-01-27,300956,英力股份,消费电子,6.496219
394,4598,2025-01-27,688521,芯原股份,半导体,6.4911485
395,566,2025-01-27,603717,天域生物,农牧饲渔,6.487809
396,2496,2025-01-27,6,深振业Ａ,房地产开发,6.4876394
397,2172,2025-01-27,300442,润泽科技,互联网服务,6.484854
398,1831,2025-01-27,603110,东方材料,化学制品,6.478739
399,4861,2025-01-27,3040,楚天龙,通信设备,6.4784975
400,2326,2025-01-27,300829,金丹科技,食品饮料,6.4696608
401,2924,2025-01-27,688227,品高股份,软件开发,6.462513
402,4796,2025-01-27,600601,方正科技,电子元件,6.460434
403,4177,2025-01-27,300763,锦浪科技,光伏设备,6.455265
404,3636,2025-01-27,300472,新元科技,专用设备,6.454571
405,4697,2025-01-27,2577,雷柏科技,消费电子,6.4498143
406,3852,2025-01-27,2031,巨轮智能,专用设备,6.4459996
407,4621,2025-01-27,301326,捷邦科技,消费电子,6.4441113
408,3396,2025-01-27,603809,豪能股份,汽车零部件,6.4404173
409,2734,2025-01-27,600839,四川长虹,家电行业,6.4309807
410,4886,2025-01-27,688311,盟升电子,通信设备,6.421052
411,3617,2025-01-27,300655,晶瑞电材,电子化学品,6.415823
412,1736,2025-01-27,833,粤桂股份,综合行业,6.408988
413,625,2025-01-24,300839,博汇股份,石油行业,6.407246
414,3375,2025-01-27,300155,安居宝,计算机设备,6.397994
415,1274,2025-01-27,3013,地铁设计,工程咨询服务,6.3978777
416,3044,2025-01-27,300098,高新兴,软件开发,6.3944535
417,4445,2025-01-27,688733,壹石通,非金属材料,6.386383
418,4679,2025-01-27,603629,利通电子,消费电子,6.3860836
419,3998,2025-01-27,600847,万里股份,电池,6.3857794
420,3345,2025-01-27,300359,全通教育,教育,6.3850207
421,1265,2025-01-27,605199,葫芦娃,中药,6.371662
422,4184,2025-01-27,688598,金博股份,光伏设备,6.3702793
423,1732,2025-01-27,803,山高环能,综合行业,6.363614
424,1080,2025-01-27,2674,兴业科技,纺织服装,6.3593683
425,2348,2025-01-27,300094,国联水产,食品饮料,6.3465314
426,4713,2025-01-27,301383,天键股份,电子元件,6.342839
427,4600,2025-01-27,688141,杰华特,半导体,6.341657
428,2129,2025-01-27,603636,南威软件,互联网服务,6.333816
429,1349,2025-01-27,300781,因赛集团,文化传媒,6.316748
430,3851,2025-01-27,600579,中化装备,专用设备,6.311415
431,3846,2025-01-27,688022,瀚川智能,专用设备,6.304692
432,2533,2025-01-27,929,兰州黄河,酿酒行业,6.290816
433,3440,2025-01-27,2355,兴民智通,汽车零部件,6.289522
434,4599,2025-01-27,688256,寒武纪-U,半导体,6.288041
435,3081,2025-01-27,300663,科蓝软件,软件开发,6.2865677
436,4564,2025-01-27,300077,国民技术,半导体,6.282467
437,3825,2025-01-27,300875,捷强装备,专用设备,6.2801166
438,3928,2025-01-27,2765,蓝黛科技,光学光电子,6.279507
439,1460,2025-01-27,600180,瑞茂通,物流行业,6.276104
440,4591,2025-01-27,688172,燕东微,半导体,6.2733426
441,1188,2025-01-27,300961,深水海纳,环保行业,6.2670307
442,2231,2025-01-27,300496,中科创达,互联网服务,6.2669277
443,3583,2025-01-27,678,襄阳轴承,汽车零部件,6.264332
444,2735,2025-01-27,603366,日出东方,家电行业,6.2641816
445,3246,2025-01-27,300510,金冠股份,电网设备,6.2600746
446,4578,2025-01-27,688037,芯源微,半导体,6.2562003
447,4912,2025-01-27,300710,万隆光电,通信设备,6.2549443
448,4354,2025-01-27,1306,夏厦精密,通用设备,6.2478213
449,669,2025-01-27,600722,金牛化工,化学原料,6.245798
450,4871,2025-01-27,2829,星网宇达,通信设备,6.2444224
451,500,2025-01-27,600371,万向德农,农牧饲渔,6.2439322
452,2187,2025-01-27,300592,华凯易佰,互联网服务,6.2361927
453,4182,2025-01-27,601865,福莱特,光伏设备,6.235917
454,3070,2025-01-27,300379,东方通,软件开发,6.2335653
455,3120,2025-01-27,301558,三态股份,贸易行业,6.232439
456,1380,2025-01-27,665,湖北广电,文化传媒,6.228757
457,1511,2025-01-27,603637,镇海股份,工程建设,6.2256517
458,1089,2025-01-27,300056,中创环保,环保行业,6.2199726
459,4078,2025-01-27,688665,四方光电,仪器仪表,6.2185407
460,4147,2025-01-27,2459,晶澳科技,光伏设备,6.2075095
461,2525,2025-01-27,2272,川润股份,工程机械,6.207201
462,102,2025-01-27,600397,安源煤业,煤炭行业,6.2044606
463,223,2025-01-27,600744,华银电力,电力行业,6.2027483
464,2977,2025-01-27,300624,万兴科技,软件开发,6.200826
465,4339,2025-01-27,300179,四方达,通用设备,6.1967907
466,2351,2025-01-27,300898,熊猫乳品,食品饮料,6.1961546
467,4030,2025-01-27,2819,东方中科,仪器仪表,6.1955585
468,2414,2025-01-27,796,凯撒旅业,旅游酒店,6.190823
469,4318,2025-01-27,301268,铭利达,通用设备,6.1855435
470,3178,2025-01-27,600865,百大集团,商业百货,6.179698
471,1088,2025-01-27,300266,兴源环境,环保行业,6.17868
472,634,2025-01-27,301101,明月镜片,家用轻工,6.175211
473,4819,2025-01-27,301021,英诺激光,电子元件,6.1739235
474,4973,2025-01-27,2892,科力尔,电机,6.1723037
475,3659,2025-01-27,688700,东威科技,专用设备,6.170389
476,3087,2025-01-27,300465,高伟达,软件开发,6.167516
477,4976,2025-01-27,3021,兆威机电,电机,6.1641827
478,2119,2025-01-27,300459,汤姆猫,游戏,6.164016
479,4967,2025-01-27,603819,神力股份,电机,6.158559
480,3817,2025-01-27,300382,斯莱克,专用设备,6.1521964
481,4343,2025-01-27,2520,日发精机,通用设备,6.14941
482,3806,2025-01-27,688097,博众精工,专用设备,6.1485887
483,2415,2025-01-27,605108,同庆楼,旅游酒店,6.1478467
484,3758,2025-01-27,688627,精智达,专用设备,6.1404824
485,1508,2025-01-27,300917,特发服务,房地产服务,6.1395035
486,4971,2025-01-27,603988,中电电机,电机,6.138061
487,4787,2025-01-27,301577,美信科技,电子元件,6.1271415
488,499,2025-01-27,301498,乖宝宠物,农牧饲渔,6.125951
489,2229,2025-01-27,300464,星徽股份,互联网服务,6.1251283
490,2248,2025-01-27,301380,挖金客,互联网服务,6.1239777
491,601,2025-01-27,695,滨海能源,造纸印刷,6.12369
492,3382,2025-01-27,300551,古鳌科技,计算机设备,6.111626
493,2137,2025-01-27,301110,青木科技,互联网服务,6.1110573
494,3171,2025-01-27,2277,友阿股份,商业百货,6.1099396
495,4162,2025-01-27,2865,钧达股份,光伏设备,6.102249
496,2116,2025-01-27,300494,盛天网络,游戏,6.0923023
497,2916,2025-01-27,2423,中粮资本,多元金融,6.083067
498,4115,2025-01-27,301141,中科磁业,小金属,6.082779
499,4706,2025-01-27,688103,国力股份,电子元件,6.0792866
500,1492,2025-01-27,600605,汇通能源,房地产服务,6.077336
501,4063,2025-01-27,300553,集智股份,仪器仪表,6.0768547
502,1693,2025-01-27,2629,仁智股份,采掘行业,6.0699835
503,569,2025-01-27,2086,东方海洋,农牧饲渔,6.069301
504,3347,2025-01-27,300192,科德教育,教育,6.0689063
505,4856,2025-01-27,600990,四创电子,通信设备,6.065337
506,4632,2025-01-27,300822,贝仕达克,消费电子,6.057091
507,2135,2025-01-27,300687,赛意信息,互联网服务,6.0535417
508,4310,2025-01-27,300420,五洋自控,通用设备,6.0505466
509,3033,2025-01-27,688327,云从科技-UW,软件开发,6.0484037
510,4940,2025-01-27,301165,锐捷网络,通信设备,6.0372577
511,614,2025-01-27,698,沈阳化工,石油行业,6.034419
512,2311,2025-01-27,300783,三只松鼠,食品饮料,6.033067
513,2819,2025-01-27,600679,上海凤凰,交运设备,6.024867
514,1967,2025-01-27,688737,中自科技,化学制品,6.022619
515,3036,2025-01-27,2298,中电兴发,软件开发,6.016511
516,636,2025-01-27,2899,英派斯,家用轻工,6.0160203
517,4613,2025-01-27,2369,卓翼科技,消费电子,6.0129194
518,3979,2025-01-27,688499,利元亨,电池,6.007233
519,4351,2025-01-27,603269,海鸥股份,通用设备,6.0006933
520,4362,2025-01-27,688003,天准科技,通用设备,5.998534
521,3950,2025-01-27,300331,苏大维格,光学光电子,5.99318
522,4586,2025-01-27,688721,龙图光罩,半导体,5.9866815
523,3299,2025-01-27,600973,宝胜股份,电网设备,5.985685
524,2252,2025-01-27,300383,光环新网,互联网服务,5.9854283
525,688,2025-01-27,300927,江天化学,化学原料,5.984509
526,386,2025-01-27,301010,晶雪节能,装修建材,5.972919
527,4592,2025-01-27,688107,安路科技,半导体,5.9712424
528,1301,2025-01-27,3001,中岩大地,工程咨询服务,5.9681864
529,4450,2025-01-27,301071,力量钻石,非金属材料,5.966671
530,1542,2025-01-27,600769,祥龙电业,工程建设,5.9520454
531,4939,2025-01-27,688159,有方科技,通信设备,5.942403
532,4603,2025-01-27,688123,聚辰股份,半导体,5.9389935
533,3746,2025-01-27,300103,达刚控股,专用设备,5.935906
534,2372,2025-01-27,599,青岛双星,橡胶制品,5.929919
535,4958,2025-01-27,301502,华阳智能,电机,5.9279323
536,740,2025-01-27,301069,凯盛新材,化学原料,5.925855
537,4455,2025-01-27,688608,恒玄科技,半导体,5.921753
538,2744,2025-01-27,300403,汉宇集团,家电行业,5.9168367
539,3948,2025-01-27,300708,聚灿光电,光学光电子,5.916472
540,4929,2025-01-27,2902,铭普光磁,通信设备,5.915125
541,3354,2025-01-27,300884,狄耐克,计算机设备,5.9149117
542,1520,2025-01-27,600939,重庆建工,工程建设,5.9143796
543,4081,2025-01-27,300667,必创科技,仪器仪表,5.913749
544,1597,2025-01-27,603030,全筑股份,装修装饰,5.9133887
545,1607,2025-01-27,688373,盟科药业-U,生物制品,5.910939
546,1267,2025-01-27,600629,华建集团,工程咨询服务,5.9064403
547,3388,2025-01-27,300177,中海达,计算机设备,5.901188
548,4585,2025-01-27,300046,台基股份,半导体,5.89104
549,146,2025-01-27,600126,杭钢股份,钢铁行业,5.890128
550,3581,2025-01-27,301552,科力装备,汽车零部件,5.8887453
551,3095,2025-01-27,600981,汇鸿集团,贸易行业,5.8886976
552,1171,2025-01-27,301127,天源环保,环保行业,5.8882
553,3840,2025-01-27,603912,佳力图,专用设备,5.880451
554,4066,2025-01-27,2849,威星智能,仪器仪表,5.878821
555,3557,2025-01-27,300681,英搏尔,汽车零部件,5.8767915
556,3587,2025-01-27,603950,长源东谷,汽车零部件,5.8746815
557,3092,2025-01-27,61,农 产 品,贸易行业,5.869904
558,4331,2025-01-27,2931,锋龙股份,通用设备,5.8685703
559,2322,2025-01-27,2329,皇氏集团,食品饮料,5.865839
560,3351,2025-01-27,3004,声迅股份,计算机设备,5.8654013
561,370,2025-01-27,1322,箭牌家居,装修建材,5.8528543
562,3564,2025-01-27,603305,旭升集团,汽车零部件,5.850485
563,768,2025-01-27,710,贝瑞基因,医疗器械,5.849963
564,2236,2025-01-27,300846,首都在线,互联网服务,5.847022
565,4844,2025-01-27,300593,新雷能,电源设备,5.8462353
566,3148,2025-01-27,785,居然智家,商业百货,5.83908
567,3332,2025-01-27,300904,威力传动,风电设备,5.8387833
568,4424,2025-01-27,601162,天风证券,证券,5.838172
569,2210,2025-01-27,600589,大位科技,互联网服务,5.8376417
570,2233,2025-01-27,2115,三维通信,互联网服务,5.8354588
571,993,2025-01-27,301066,万事利,纺织服装,5.832638
572,4159,2025-01-27,1269,欧晶科技,光伏设备,5.8317842
573,4536,2025-01-27,2119,康强电子,半导体,5.827628
574,4268,2025-01-27,2514,宝馨科技,通用设备,5.8247657
575,606,2025-01-27,815,美利云,造纸印刷,5.8184476
576,3253,2025-01-27,300427,红相股份,电网设备,5.8180585
577,673,2025-01-27,600844,丹化科技,化学原料,5.816081
578,4472,2025-01-27,688332,中科蓝讯,半导体,5.8131604
579,4254,2025-01-27,603109,神驰机电,通用设备,5.805625
580,576,2025-01-27,600265,景谷林业,农牧饲渔,5.8055716
581,4337,2025-01-27,300554,三超新材,通用设备,5.8055296
582,3929,2025-01-27,2036,联创电子,光学光电子,5.80305
583,4464,2025-01-27,300613,富瀚微,半导体,5.7982473
584,4374,2025-01-27,603667,五洲新春,通用设备,5.7939796
585,4800,2025-01-27,688035,德邦科技,电子元件,5.7914853
586,2842,2025-01-27,300050,世纪鼎利,通信服务,5.785468
587,2405,2025-01-27,600593,大连圣亚,旅游酒店,5.7783217
588,2943,2025-01-27,688038,中科通达,软件开发,5.7749763
589,4554,2025-01-27,300042,朗科科技,半导体,5.7674212
590,2740,2025-01-27,300894,火星人,家电行业,5.7624564
591,1257,2025-01-27,2603,以岭药业,中药,5.761878
592,4348,2025-01-27,301255,通力科技,通用设备,5.7603836
593,4593,2025-01-27,688535,华海诚科,半导体,5.7570696
594,2854,2025-01-27,300921,南凌科技,通信服务,5.7557926
595,2114,2025-01-27,300113,顺网科技,游戏,5.7520466
596,3290,2025-01-27,300466,赛摩智能,电网设备,5.746892
597,3936,2025-01-27,301421,波长光电,光学光电子,5.746165
598,1985,2025-01-27,2295,精艺股份,有色金属,5.745763
599,2581,2025-01-27,980,众泰汽车,汽车整车,5.740738
600,4361,2025-01-27,688577,浙海德曼,通用设备,5.7343125
601,4671,2025-01-27,300647,超频三,消费电子,5.7298794
602,2933,2025-01-27,688590,新致软件,软件开发,5.7263794
603,1348,2025-01-27,600986,浙文互联,文化传媒,5.726135
604,4451,2025-01-27,688300,联瑞新材,非金属材料,5.722998
605,3975,2025-01-27,2759,天际股份,电池,5.7215543
606,4576,2025-01-27,688361,中科飞测,半导体,5.7205734
607,3270,2025-01-27,603016,新宏泰,电网设备,5.7149916
608,2829,2025-01-27,300603,立昂技术,通信服务,5.7125435
609,2420,2025-01-27,300859,西域旅游,旅游酒店,5.7099776
610,4686,2025-01-27,300968,格林精密,消费电子,5.7060256
611,4758,2025-01-27,300220,金运激光,电子元件,5.7020693
612,3072,2025-01-27,688343,云天励飞-U,软件开发,5.699591
613,2974,2025-01-27,300925,法本信息,软件开发,5.6951447
614,3252,2025-01-27,300040,九洲集团,电网设备,5.695139
615,3885,2025-01-27,688299,长阳科技,光学光电子,5.6950583
616,4111,2025-01-27,600206,有研新材,小金属,5.694628
617,3414,2025-01-27,688071,华依科技,汽车零部件,5.6942554
618,4569,2025-01-27,688262,国芯科技,半导体,5.691923
619,3532,2025-01-27,300237,美晨科技,汽车零部件,5.690274
620,583,2025-01-27,2012,凯恩股份,造纸印刷,5.690217
621,320,2025-01-27,2312,川发龙蟒,化肥行业,5.6901813
622,3079,2025-01-27,688318,财富趋势,软件开发,5.688171
623,4804,2025-01-27,688322,奥比中光-UW,电子元件,5.6879835
624,3390,2025-01-27,300449,汉邦高科,计算机设备,5.687572
625,2753,2025-01-27,300572,安车检测,专业服务,5.6869135
626,4891,2025-01-27,561,烽火电子,通信设备,5.6836085
627,4150,2025-01-27,600732,爱旭股份,光伏设备,5.68123
628,3970,2025-01-27,688275,万润新能,电池,5.6782694
629,3361,2025-01-27,300130,新国都,计算机设备,5.665879
630,702,2025-01-27,2109,兴化股份,化学原料,5.658719
631,1972,2025-01-27,2915,中欣氟材,化学制品,5.650343
632,3248,2025-01-27,600192,长城电工,电网设备,5.648178
633,2824,2025-01-27,300571,平治信息,通信服务,5.645588
634,2251,2025-01-27,300017,网宿科技,互联网服务,5.6448803
635,3842,2025-01-27,688218,江苏北人,专用设备,5.6424007
636,1737,2025-01-27,600673,东阳光,综合行业,5.6367846
637,696,2025-01-27,635,英 力 特,化学原料,5.6356997
638,4855,2025-01-27,603236,移远通信,通信设备,5.6351604
639,4158,2025-01-27,300317,珈伟新能,光伏设备,5.6280465
640,3561,2025-01-27,301007,德迈仕,汽车零部件,5.6242733
641,4148,2025-01-27,300776,帝尔激光,光伏设备,5.6207047
642,613,2025-01-27,96,广聚能源,石油行业,5.6158185
643,4369,2025-01-27,880,潍柴重机,通用设备,5.614385
644,3571,2025-01-27,3033,征和工业,汽车零部件,5.6118383
645,4880,2025-01-27,688132,邦彦技术,通信设备,5.611266
646,3814,2025-01-27,300461,田中精机,专用设备,5.609813
647,2588,2025-01-27,300980,祥源新材,塑料制品,5.6087437
648,4199,2025-01-27,2445,中南文化,通用设备,5.6063294
649,2920,2025-01-27,603039,泛微网络,软件开发,5.605994
650,3020,2025-01-27,600654,中安科,软件开发,5.6059866
651,1722,2025-01-27,600113,浙江东日,综合行业,5.6020794
652,3822,2025-01-27,603011,合锻智能,专用设备,5.6019707
653,632,2025-01-27,301004,嘉益股份,家用轻工,5.60074
654,4776,2025-01-27,301176,逸豪新材,电子元件,5.6003942
655,844,2025-01-27,688277,天智航-U,医疗器械,5.599275
656,1600,2025-01-27,300374,中铁装配,装修装饰,5.598277
657,4937,2025-01-27,301191,菲菱科思,通信设备,5.5877223
658,3084,2025-01-27,300033,同花顺,软件开发,5.5874004
659,4590,2025-01-27,688110,东芯股份,半导体,5.5873513
660,4266,2025-01-27,603969,银龙股份,通用设备,5.5861936
661,3627,2025-01-27,2353,杰瑞股份,专用设备,5.5831285
662,744,2025-01-27,2551,尚荣医疗,医疗器械,5.5816574
663,2527,2025-01-27,601226,华电科工,工程机械,5.578929
664,653,2025-01-27,2348,高乐股份,家用轻工,5.576567
665,2848,2025-01-27,2123,梦网科技,通信服务,5.574532
666,2336,2025-01-27,300892,品渥食品,食品饮料,5.5728526
667,2935,2025-01-27,301302,华如科技,软件开发,5.5694447
668,1510,2025-01-27,603955,大千生态,工程建设,5.5680695
669,735,2025-01-27,1217,华尔泰,化学原料,5.5659714
670,4116,2025-01-27,962,东方钽业,小金属,5.5657463
671,3060,2025-01-27,603990,麦迪科技,软件开发,5.5622087
672,3705,2025-01-27,600520,文一科技,专用设备,5.555655
673,3058,2025-01-27,300935,盈建科,软件开发,5.554888
674,4696,2025-01-27,2660,茂硕电源,消费电子,5.549705
675,4915,2025-01-27,300615,欣天科技,通信设备,5.548485
676,3034,2025-01-27,300556,丝路视觉,软件开发,5.5440946
677,2951,2025-01-27,603859,能科科技,软件开发,5.5437593
678,4587,2025-01-27,688693,锴威特,半导体,5.543403
679,3830,2025-01-27,301392,汇成真空,专用设备,5.5427566
680,4370,2025-01-27,2965,祥鑫科技,通用设备,5.5369215
681,2417,2025-01-27,430,张家界,旅游酒店,5.534454
682,2495,2025-01-27,600657,信达地产,房地产开发,5.532013
683,4166,2025-01-27,600151,航天机电,光伏设备,5.5318356
684,4179,2025-01-27,301168,通灵股份,光伏设备,5.5282593
685,4689,2025-01-27,300322,硕贝德,消费电子,5.5261583
686,2186,2025-01-27,2131,利欧股份,互联网服务,5.5208025
687,3575,2025-01-27,688533,上声电子,汽车零部件,5.517112
688,4843,2025-01-27,300713,英可瑞,电源设备,5.5150213
689,3788,2025-01-27,600843,上工申贝,专用设备,5.5148616
690,3872,2025-01-27,2638,勤上股份,光学光电子,5.513725
691,3811,2025-01-27,300484,蓝海华腾,专用设备,5.5068536
692,630,2025-01-27,2778,中晟高科,石油行业,5.5062294
693,2896,2025-01-27,688066,航天宏图,航天航空,5.5055604
694,1895,2025-01-27,2211,宏达新材,化学制品,5.5038986
695,4128,2025-01-27,688303,大全能源,光伏设备,5.5028186
696,1708,2025-01-27,2427,尤夫股份,化纤行业,5.499387
697,3383,2025-01-27,300045,华力创通,计算机设备,5.49473
698,1577,2025-01-27,603272,联翔股份,装修装饰,5.492678
699,3055,2025-01-27,300588,熙菱信息,软件开发,5.4895997
700,3482,2025-01-27,301357,北方长龙,汽车零部件,5.4794803
701,2350,2025-01-27,603536,惠发食品,食品饮料,5.479376
702,4501,2025-01-27,688167,炬光科技,半导体,5.47635
703,2579,2025-01-27,868,安凯客车,汽车整车,5.4720073
704,4565,2025-01-27,688072,拓荆科技,半导体,5.4675937
705,3300,2025-01-27,688676,金盘科技,电网设备,5.4667025
706,3369,2025-01-27,977,浪潮信息,计算机设备,5.465363
707,3068,2025-01-27,300339,润和软件,软件开发,5.4627924
708,4368,2025-01-27,688017,绿的谐波,通用设备,5.459873
709,2955,2025-01-27,301208,中亦科技,软件开发,5.4563956
710,2363,2025-01-27,603033,三维股份,橡胶制品,5.4549365
711,3385,2025-01-27,2177,御银股份,计算机设备,5.4533257
712,1964,2025-01-27,301036,双乐股份,化学制品,5.4532037
713,4571,2025-01-27,688153,唯捷创芯,半导体,5.4529505
714,4154,2025-01-27,300051,琏升科技,光伏设备,5.447976
715,4480,2025-01-27,300458,全志科技,半导体,5.4471197
716,4169,2025-01-27,300393,中来股份,光伏设备,5.4452896
717,4709,2025-01-27,300852,四会富仕,电子元件,5.4421797
718,1949,2025-01-27,300405,科隆股份,化学制品,5.4416404
719,4947,2025-01-27,300563,神宇股份,通信设备,5.440651
720,3790,2025-01-27,301568,思泰克,专用设备,5.4401116
721,3838,2025-01-27,2006,精工科技,专用设备,5.4398403
722,1970,2025-01-27,2319,乐通股份,化学制品,5.4385796
723,3083,2025-01-27,300302,同有科技,软件开发,5.4379077
724,4803,2025-01-27,300991,创益通,电子元件,5.437842
725,664,2025-01-27,300640,德艺文创,家用轻工,5.4363923
726,3590,2025-01-27,300580,贝斯特,汽车零部件,5.4324136
727,1601,2025-01-27,603038,华立股份,装修装饰,5.4308386
728,2564,2025-01-27,600733,北汽蓝谷,汽车整车,5.4227366
729,4594,2025-01-27,688525,佰维存储,半导体,5.4175196
730,2723,2025-01-27,2420,毅昌科技,家电行业,5.4162383
731,4596,2025-01-27,2213,大为股份,半导体,5.414343
732,3334,2025-01-27,603063,禾望电气,风电设备,5.411494
733,4365,2025-01-27,300024,机器人,通用设备,5.4093795
734,3823,2025-01-27,600545,卓郎智能,专用设备,5.404548
735,1246,2025-01-27,600080,金花股份,中药,5.402778
736,2831,2025-01-27,300081,恒信东方,通信服务,5.401683
737,3947,2025-01-27,300232,洲明科技,光学光电子,5.4009542
738,1344,2025-01-27,802,北京文化,文化传媒,5.4000707
739,1420,2025-01-27,2400,省广集团,文化传媒,5.398807
740,1515,2025-01-27,605303,园林股份,工程建设,5.397725
741,1298,2025-01-27,300746,汉嘉设计,工程咨询服务,5.3970947
742,1100,2025-01-27,301068,大地海洋,环保行业,5.397071
743,1513,2025-01-27,603316,诚邦股份,工程建设,5.392264
744,2349,2025-01-27,300997,欢乐家,食品饮料,5.3918376
745,360,2025-01-27,301429,森泰股份,装修建材,5.3882494
746,1145,2025-01-27,301259,艾布鲁,环保行业,5.384898
747,1190,2025-01-27,2645,华宏科技,环保行业,5.376403
748,3103,2025-01-27,2072,凯瑞德,贸易行业,5.374478
749,1431,2025-01-27,300280,紫天科技,文化传媒,5.373816
750,3588,2025-01-27,605228,神通科技,汽车零部件,5.3737373
751,1434,2025-01-27,300058,蓝色光标,文化传媒,5.365099
752,2670,2025-01-27,301187,欧圣电气,家电行业,5.3632183
753,2245,2025-01-27,300941,创识科技,互联网服务,5.3608537
754,3275,2025-01-27,300490,华自科技,电网设备,5.3594203
755,330,2025-01-27,603226,菲林格尔,装修建材,5.3584366
756,2352,2025-01-27,605337,李子园,食品饮料,5.3568974
757,4004,2025-01-27,688339,亿华通-U,电池,5.354211
758,1840,2025-01-27,2096,易普力,化学制品,5.3540707
759,649,2025-01-27,2678,珠江钢琴,家用轻工,5.3537965
760,4691,2025-01-27,300709,精研科技,消费电子,5.348347
761,742,2025-01-27,600807,济高发展,医疗器械,5.34814
762,2049,2025-01-27,757,浩物股份,汽车服务,5.347897
763,4938,2025-01-27,300620,光库科技,通信设备,5.3430943
764,4017,2025-01-27,300438,鹏辉能源,电池,5.3358836
765,3971,2025-01-27,300530,领湃科技,电池,5.3347664
766,1437,2025-01-27,300795,米奥会展,文化传媒,5.3344193
767,3542,2025-01-27,2547,春兴精工,汽车零部件,5.332981
768,4547,2025-01-27,688047,龙芯中科,半导体,5.3307
769,4784,2025-01-27,688776,国光电气,电子元件,5.3294315
770,714,2025-01-27,545,金浦钛业,化学原料,5.325994
771,4707,2025-01-27,2025,航天电器,电子元件,5.325766
772,4733,2025-01-27,2414,高德红外,电子元件,5.3253665
773,4963,2025-01-27,600580,卧龙电驱,电机,5.3215384
774,989,2025-01-27,2923,润都股份,化学制药,5.3193436
775,3384,2025-01-27,2383,合众思壮,计算机设备,5.3192825
776,857,2025-01-27,688117,圣诺生物,化学制药,5.317156
777,3808,2025-01-27,2689,远大智能,专用设备,5.31625
778,1951,2025-01-27,300067,安诺其,化学制品,5.3130074
779,4801,2025-01-27,603386,骏亚科技,电子元件,5.311145
780,104,2025-01-27,3042,中农联合,农药兽药,5.307701
781,1439,2025-01-27,300987,川网传媒,文化传媒,5.302735
782,3771,2025-01-27,2021,中捷资源,专用设备,5.3020773
783,190,2025-01-27,600163,中闽能源,电力行业,5.3008633
784,3329,2025-01-27,603985,恒润股份,风电设备,5.2966847
785,4367,2025-01-27,603278,大业股份,通用设备,5.2921133
786,3008,2025-01-27,300380,安硕信息,软件开发,5.28063
787,1567,2025-01-27,2775,文科股份,工程建设,5.280432
788,3621,2025-01-27,603002,宏昌电子,电子化学品,5.2705617
789,1054,2025-01-27,603808,歌力思,纺织服装,5.268796
790,4851,2025-01-27,601727,上海电气,电源设备,5.2634106
791,988,2025-01-27,300436,广生堂,化学制药,5.263163
792,383,2025-01-27,2323,雅博股份,装修建材,5.2619815
793,473,2025-01-27,520,凤凰航运,航运港口,5.2562013
794,69,2025-01-27,421,南京公用,燃气,5.2489057
795,4366,2025-01-27,301368,丰立智能,通用设备,5.2483616
796,3802,2025-01-27,688392,骄成超声,专用设备,5.2448974
797,1252,2025-01-27,590,启迪药业,中药,5.244161
798,3016,2025-01-27,2439,启明星辰,软件开发,5.2439003
799,1070,2025-01-27,603518,锦泓集团,纺织服装,5.2425714
800,3616,2025-01-27,300429,强力新材,电子化学品,5.241884
801,4936,2025-01-27,2491,通鼎互联,通信设备,5.2394285
802,1423,2025-01-27,2181,粤 传 媒,文化传媒,5.238703
803,2872,2025-01-27,300900,广联航空,航天航空,5.233048
804,1694,2025-01-27,300876,蒙泰高新,化纤行业,5.232297
805,1076,2025-01-27,300952,恒辉安防,纺织服装,5.230847
806,2490,2025-01-27,600622,光大嘉宝,房地产开发,5.2269683
807,484,2025-01-27,692,惠天热电,公用事业,5.2220345
808,1086,2025-01-27,688701,卓锦股份,环保行业,5.221249
809,1059,2025-01-27,3016,欣贺股份,纺织服装,5.220516
810,4183,2025-01-27,688726,拉普拉斯,光伏设备,5.22023
811,4817,2025-01-27,988,华工科技,电子元件,5.21421
812,2737,2025-01-27,603215,比依股份,家电行业,5.2117734
813,942,2025-01-27,813,德展健康,化学制药,5.207707
814,4933,2025-01-27,603083,剑桥科技,通信设备,5.2066116
815,3176,2025-01-27,601933,永辉超市,商业百货,5.2052917
816,4114,2025-01-27,300328,宜安科技,小金属,5.2024975
817,3261,2025-01-27,600869,远东股份,电网设备,5.2001
818,4908,2025-01-27,300590,移为通信,通信设备,5.197428
819,2669,2025-01-27,603868,飞科电器,家电行业,5.1957088
820,4910,2025-01-27,300504,天邑股份,通信设备,5.1931157
821,4340,2025-01-27,2347,泰尔股份,通用设备,5.192725
822,2264,2025-01-27,2991,甘源食品,食品饮料,5.1918015
823,2110,2025-01-27,300043,星辉娱乐,游戏,5.1914873
824,4059,2025-01-27,300370,安控科技,仪器仪表,5.1864386
825,4928,2025-01-27,300252,金信诺,通信设备,5.1847515
826,1733,2025-01-27,600620,天宸股份,综合行业,5.1817656
827,2960,2025-01-27,688615,合合信息,软件开发,5.1747546
828,2954,2025-01-27,2362,汉王科技,软件开发,5.171022
829,501,2025-01-27,300967,晓鸣股份,农牧饲渔,5.1687255
830,265,2025-01-27,600212,绿能慧充,电力行业,5.1682606
831,4582,2025-01-27,688261,东微半导,半导体,5.166961
832,2889,2025-01-27,688297,中无人机,航天航空,5.1655145
833,1306,2025-01-27,603059,倍加洁,美容护理,5.1635547
834,3439,2025-01-27,600609,金杯汽车,汽车零部件,5.1619797
835,3021,2025-01-27,300352,北信源,软件开发,5.161631
836,2558,2025-01-27,600702,舍得酒业,酿酒行业,5.158378
837,4330,2025-01-27,300260,新莱应材,通用设备,5.1559834
838,4555,2025-01-27,300053,航宇微,半导体,5.148113
839,1074,2025-01-27,300918,南山智尚,纺织服装,5.1474495
840,2145,2025-01-27,300418,昆仑万维,互联网服务,5.14524
841,3019,2025-01-27,300451,创业慧康,软件开发,5.1448746
842,1676,2025-01-27,600968,海油发展,采掘行业,5.143696
843,2472,2025-01-27,600159,大龙地产,房地产开发,5.143495
844,3488,2025-01-27,903,云内动力,汽车零部件,5.1407843
845,4568,2025-01-27,688270,臻镭科技,半导体,5.13732
846,4726,2025-01-27,301329,信音电子,电子元件,5.135596
847,1087,2025-01-27,300779,惠城环保,环保行业,5.132283
848,2591,2025-01-27,3011,海象新材,塑料制品,5.131727
849,1183,2025-01-27,300786,国林科技,环保行业,5.1294594
850,148,2025-01-27,932,华菱钢铁,钢铁行业,5.1263137
851,4794,2025-01-27,688183,生益电子,电子元件,5.1260414
852,4020,2025-01-27,688778,厦钨新能,电池,5.1257343
853,3763,2025-01-27,300410,正业科技,专用设备,5.1255317
854,3393,2025-01-27,603516,淳中科技,计算机设备,5.125435
855,3976,2025-01-27,300619,金银河,电池,5.121717
856,4974,2025-01-27,300660,江苏雷利,电机,5.1178455
857,4188,2025-01-27,2897,意华股份,光伏设备,5.1151333
858,1489,2025-01-27,2769,普路通,物流行业,5.114442
859,4537,2025-01-27,300671,富满微,半导体,5.1126213
860,860,2025-01-27,300497,富祥药业,化学制药,5.112563
861,3592,2025-01-27,2536,飞龙股份,汽车零部件,5.110554
862,3574,2025-01-27,300432,富临精工,汽车零部件,5.110273
863,1429,2025-01-27,300061,旗天科技,文化传媒,5.109212
864,417,2025-01-27,2596,海南瑞泽,水泥建材,5.1084027
865,4810,2025-01-27,300657,弘信电子,电子元件,5.1046176
866,2647,2025-01-27,859,国风新材,塑料制品,5.1044407
867,3528,2025-01-27,901,航天科技,汽车零部件,5.1042886
868,4914,2025-01-27,300134,大富科技,通信设备,5.1036983
869,4163,2025-01-27,300751,迈为股份,光伏设备,5.0994797
870,4920,2025-01-27,600105,永鼎股份,通信设备,5.096507
871,4174,2025-01-27,688680,海优新材,光伏设备,5.0960035
872,3843,2025-01-27,2730,电光科技,专用设备,5.0943866
873,3629,2025-01-27,603656,泰禾智能,专用设备,5.087091
874,3285,2025-01-27,300933,中辰股份,电网设备,5.086945
875,4172,2025-01-27,301266,宇邦新材,光伏设备,5.0807195
876,3798,2025-01-27,301312,智立方,专用设备,5.079819
877,1576,2025-01-27,2620,瑞和股份,装修装饰,5.07528
878,4113,2025-01-27,688077,大地熊,小金属,5.0718217
879,745,2025-01-27,688108,赛诺医疗,医疗器械,5.069657
880,1628,2025-01-27,688193,仁度生物,生物制品,5.0691485
881,4919,2025-01-27,300629,新劲刚,通信设备,5.0688224
882,4298,2025-01-27,688360,德马科技,通用设备,5.0672293
883,4605,2025-01-27,688661,和林微纳,半导体,5.0662293
884,4970,2025-01-27,301226,祥明智能,电机,5.0596013
885,4806,2025-01-27,688662,富信科技,电子元件,5.0588384
886,4777,2025-01-27,301217,铜冠铜箔,电子元件,5.058214
887,4112,2025-01-27,2149,西部材料,小金属,5.057955
888,4934,2025-01-27,63,中兴通讯,通信设备,5.051218
889,4815,2025-01-27,603920,世运电路,电子元件,5.050896
890,4344,2025-01-27,688379,华光新材,通用设备,5.0486145
891,3619,2025-01-27,2741,光华科技,电子化学品,5.048226
892,4483,2025-01-27,301095,广立微,半导体,5.045721
893,4100,2025-01-27,2842,翔鹭钨业,小金属,5.044113
894,1947,2025-01-27,300072,海新能科,化学制品,5.0439653
895,2222,2025-01-27,603496,恒为科技,互联网服务,5.0397677
896,3391,2025-01-27,688208,道通科技,计算机设备,5.0360904
897,4359,2025-01-27,2426,胜利精密,通用设备,5.0354214
898,2139,2025-01-27,300518,新迅达,互联网服务,5.034219
899,3807,2025-01-27,300293,蓝英装备,专用设备,5.033569
900,1330,2025-01-27,2094,青岛金王,美容护理,5.032675
901,2361,2025-01-27,2582,好想你,食品饮料,5.0319595
902,337,2025-01-27,603898,好莱客,装修建材,5.031599
903,2418,2025-01-27,721,西安饮食,旅游酒店,5.0315394
904,4011,2025-01-27,688148,芳源股份,电池,5.0300417
905,3074,2025-01-27,300598,诚迈科技,软件开发,5.024807
906,4352,2025-01-27,301252,同星科技,通用设备,5.019718
907,3135,2025-01-27,600712,南宁百货,商业百货,5.010544
908,4423,2025-01-27,712,锦龙股份,证券,4.998559
909,2774,2025-01-27,301228,实朴检测,专业服务,4.99831
910,338,2025-01-27,663,永安林业,装修建材,4.996273
911,3569,2025-01-27,600480,凌云股份,汽车零部件,4.9959674
912,2088,2025-01-27,301062,上海艾录,包装材料,4.991412
913,683,2025-01-27,600727,鲁北化工,化学原料,4.990481
914,4684,2025-01-27,300735,光弘科技,消费电子,4.9893737
915,4117,2025-01-27,300811,铂科新材,小金属,4.9890966
916,1179,2025-01-27,300197,节能铁汉,环保行业,4.98828
917,3308,2025-01-27,605305,中际联合,风电设备,4.988101
918,4892,2025-01-27,688175,高凌信息,通信设备,4.986535
919,1575,2025-01-27,1212,中旗新材,装修装饰,4.981132
920,635,2025-01-27,2862,实丰文化,家用轻工,4.977483
921,3560,2025-01-27,2806,华锋股份,汽车零部件,4.9772305
922,3761,2025-01-27,688113,联测科技,专用设备,4.9738555
923,4461,2025-01-27,688234,天岳先进,半导体,4.9724264
924,4824,2025-01-27,301628,强达电路,电子元件,4.971659
925,3862,2025-01-27,605218,伟时电子,光学光电子,4.9668045
926,2922,2025-01-27,601360,三六零,软件开发,4.9634666
927,4839,2025-01-27,301516,中远通,电源设备,4.9625487
928,3387,2025-01-27,66,中国长城,计算机设备,4.958497
929,4557,2025-01-27,688173,希荻微,半导体,4.9548717
930,2452,2025-01-27,797,中国武夷,房地产开发,4.951243
931,605,2025-01-27,603863,松炀资源,造纸印刷,4.9454064
932,3255,2025-01-27,301120,新特电气,电网设备,4.935579
933,3546,2025-01-27,603197,保隆科技,汽车零部件,4.9348264
934,3602,2025-01-27,688603,天承科技,电子化学品,4.932523
935,631,2025-01-27,600506,统一股份,石油行业,4.9316926
936,2343,2025-01-27,603711,香飘飘,食品饮料,4.930095
937,2876,2025-01-27,688237,超卓航科,航天航空,4.928541
938,3855,2025-01-27,300757,罗博特科,专用设备,4.927558
939,3576,2025-01-27,300707,威唐工业,汽车零部件,4.9261765
940,3828,2025-01-27,2527,新时达,专用设备,4.926129
941,1346,2025-01-27,600936,广西广电,文化传媒,4.925953
942,4267,2025-01-27,300095,华伍股份,通用设备,4.9196644
943,1969,2025-01-27,300169,天晟新材,化学制品,4.917948
944,3408,2025-01-27,300998,宁波方正,汽车零部件,4.917787
945,2771,2025-01-27,300662,科锐国际,专业服务,4.9166145
946,3251,2025-01-27,300670,大烨智能,电网设备,4.912606
947,2260,2025-01-27,600882,妙可蓝多,食品饮料,4.9113736
948,4425,2025-01-27,2670,国盛金控,证券,4.9097958
949,3166,2025-01-27,603214,爱婴室,商业百货,4.907793
950,1478,2025-01-27,2682,龙洲股份,物流行业,4.907362
951,4662,2025-01-27,2843,泰嘉股份,消费电子,4.9059362
952,1560,2025-01-27,2628,成都路桥,工程建设,4.905726
953,4170,2025-01-27,300118,东方日升,光伏设备,4.9050136
954,543,2025-01-27,1313,粤海饲料,农牧饲渔,4.9016714
955,1030,2025-01-27,2634,棒杰股份,纺织服装,4.901367
956,3836,2025-01-27,688529,豪森智能,专用设备,4.9013453
957,559,2025-01-27,2041,登海种业,农牧饲渔,4.8987613
958,4921,2025-01-27,300762,上海瀚讯,通信设备,4.8984675
959,3861,2025-01-27,2992,宝明科技,光学光电子,4.8916283
960,4923,2025-01-27,600345,长江通信,通信设备,4.8881083
961,3064,2025-01-27,2261,拓维信息,软件开发,4.8830347
962,4922,2025-01-27,2396,星网锐捷,通信设备,4.8815265
963,4913,2025-01-27,688609,九联科技,通信设备,4.8732176
964,4375,2025-01-27,2747,埃斯顿,通用设备,4.8721685
965,827,2025-01-27,688114,华大智造,医疗器械,4.8707542
966,2448,2025-01-27,600638,新黄浦,房地产开发,4.866077
967,2257,2025-01-27,603170,宝立食品,食品饮料,4.865405
968,4342,2025-01-27,301261,恒工精密,通用设备,4.8634963
969,2769,2025-01-27,301306,西测测试,专业服务,4.8628435
970,4110,2025-01-27,2428,云南锗业,小金属,4.8622875
971,4916,2025-01-27,810,创维数字,通信设备,4.8622413
972,3056,2025-01-27,300348,长亮科技,软件开发,4.860796
973,4334,2025-01-27,300606,金太阳,通用设备,4.85975
974,4755,2025-01-27,300936,中英科技,电子元件,4.8575864
975,4452,2025-01-27,2130,沃尔核材,非金属材料,4.8574777
976,3170,2025-01-27,601010,文峰股份,商业百货,4.857102
977,1307,2025-01-27,300849,锦盛新材,美容护理,4.8502846
978,2325,2025-01-27,2719,麦趣尔,食品饮料,4.8482447
979,4082,2025-01-27,603662,柯力传感,仪器仪表,4.8448668
980,3381,2025-01-27,300807,天迈科技,计算机设备,4.843667
981,4693,2025-01-27,2681,奋达科技,消费电子,4.8339443
982,3400,2025-01-27,603358,华达科技,汽车零部件,4.832342
983,1505,2025-01-27,600658,电子城,房地产服务,4.825528
984,3330,2025-01-27,301040,中环海陆,风电设备,4.82423
985,3075,2025-01-27,688588,凌志软件,软件开发,4.8236804
986,3379,2025-01-27,300270,中威电子,计算机设备,4.823327
987,4073,2025-01-27,300112,万讯自控,仪器仪表,4.822892
988,142,2025-01-27,553,安道麦A,农药兽药,4.8195643
989,2587,2025-01-27,301019,宁波色母,塑料制品,4.818377
990,1973,2025-01-27,300522,世名科技,化学制品,4.816727
991,3751,2025-01-27,300818,耐普矿机,专用设备,4.810852
992,2471,2025-01-27,600503,华丽家族,房地产开发,4.8079596
993,3303,2025-01-27,600577,精达股份,电网设备,4.807095
994,4678,2025-01-27,301180,万祥科技,消费电子,4.806617
995,158,2025-01-27,761,本钢板材,钢铁行业,4.8057914
996,4724,2025-01-27,301566,达利凯普,电子元件,4.805516
997,2655,2025-01-27,2361,神剑股份,塑料制品,4.8035936
998,3884,2025-01-27,1373,翔腾新材,光学光电子,4.8024087
999,2453,2025-01-27,631,顺发恒业,房地产开发,4.80188
1000,4050,2025-01-27,688337,普源精电,仪器仪表,4.8011856
1001,2089,2025-01-27,2374,中锐股份,包装材料,4.800904
1002,584,2025-01-27,2521,齐峰新材,造纸印刷,4.7993884
1003,3302,2025-01-27,301439,泓淋电力,电网设备,4.7993603
1004,4216,2025-01-27,2943,宇晶股份,通用设备,4.797456
1005,3628,2025-01-27,688162,巨一科技,专用设备,4.7950864
1006,4333,2025-01-27,300145,中金环境,通用设备,4.7947855
1007,4918,2025-01-27,301419,阿莱德,通信设备,4.792978
1008,2412,2025-01-27,600706,曲江文旅,旅游酒店,4.792616
1009,3126,2025-01-27,679,大连友谊,商业百货,4.7912836
1010,4792,2025-01-27,301517,陕西华达,电子元件,4.789954
1011,4309,2025-01-27,300780,德恩精工,通用设备,4.7879844
1012,3992,2025-01-27,688345,博力威,电池,4.7877116
1013,2199,2025-01-27,301270,汉仪股份,互联网服务,4.784535
1014,4021,2025-01-27,301121,紫建电子,电池,4.7810316
1015,3860,2025-01-27,300889,爱克股份,光学光电子,4.779628
1016,2226,2025-01-27,300678,中科信息,互联网服务,4.7794657
1017,3069,2025-01-27,300468,四方精创,软件开发,4.7772913
1018,4664,2025-01-27,600203,福日电子,消费电子,4.7766657
1019,3870,2025-01-27,300489,光智科技,光学光电子,4.7760205
1020,991,2025-01-27,2394,联发股份,纺织服装,4.77528
1021,4781,2025-01-27,2384,东山精密,电子元件,4.7748327
1022,2891,2025-01-27,300719,安达维尔,航天航空,4.7736273
1023,3051,2025-01-27,301159,三维天地,软件开发,4.7702804
1024,4783,2025-01-27,688489,三未信安,电子元件,4.7701044
1025,2339,2025-01-27,2847,盐津铺子,食品饮料,4.7690077
1026,2244,2025-01-27,938,紫光股份,互联网服务,4.7668204
1027,4670,2025-01-27,2855,捷荣技术,消费电子,4.765956
1028,855,2025-01-27,688613,奥精医疗,医疗器械,4.7657504
1029,4862,2025-01-27,300353,东土科技,通信设备,4.763904
1030,2332,2025-01-27,600419,天润乳业,食品饮料,4.7618747
1031,996,2025-01-27,600107,美尔雅,纺织服装,4.7609777
1032,4178,2025-01-27,688147,微导纳米,光伏设备,4.7603664
1033,3152,2025-01-27,300622,博士眼镜,商业百货,4.759696
1034,2658,2025-01-27,603051,鹿山新材,塑料制品,4.759055
1035,2841,2025-01-27,300025,华星创业,通信服务,4.7574625
1036,4446,2025-01-27,600330,天通股份,非金属材料,4.754318
1037,4338,2025-01-27,301029,怡合达,通用设备,4.752898
1038,4611,2025-01-27,300866,安克创新,消费电子,4.751636
1039,4173,2025-01-27,688348,昱能科技,光伏设备,4.7512608
1040,4556,2025-01-27,688458,美芯晟,半导体,4.749155
1041,4574,2025-01-27,688981,中芯国际,半导体,4.74886
1042,3997,2025-01-27,2812,恩捷股份,电池,4.744519
1043,3288,2025-01-27,301310,鑫宏业,电网设备,4.742795
1044,2249,2025-01-27,300166,东方国信,互联网服务,4.7384424
1045,4768,2025-01-27,600288,大恒科技,电子元件,4.7353563
1046,1169,2025-01-27,300385,雪浪环境,环保行业,4.7351823
1047,4607,2025-01-27,688048,长光华芯,半导体,4.732712
1048,4514,2025-01-27,688252,天德钰,半导体,4.7307224
1049,628,2025-01-27,2221,东华能源,石油行业,4.729822
1050,3294,2025-01-27,300265,通光线缆,电网设备,4.7269626
1051,3487,2025-01-27,603121,华培动力,汽车零部件,4.7258945
1052,1474,2025-01-27,603117,万林物流,物流行业,4.7246947
1053,2659,2025-01-27,300180,华峰超纤,塑料制品,4.723616
1054,4857,2025-01-27,300698,万马科技,通信设备,4.722099
1055,4969,2025-01-27,603320,迪贝电气,电机,4.72157
1056,2913,2025-01-27,567,海德股份,多元金融,4.713547
1057,1971,2025-01-27,300727,润禾材料,化学制品,4.7132044
1058,846,2025-01-27,688410,山外山,医疗器械,4.7094493
1059,3973,2025-01-27,300953,震裕科技,电池,4.706195
1060,1501,2025-01-27,2285,世联行,房地产服务,4.7060566
1061,621,2025-01-27,59,华锦股份,石油行业,4.7004194
1062,2298,2025-01-27,2330,得利斯,食品饮料,4.699777
1063,2560,2025-01-27,799,酒鬼酒,酿酒行业,4.695642
1064,4567,2025-01-27,688584,上海合晶,半导体,4.6900525
1065,4559,2025-01-27,688381,帝奥微,半导体,4.689586
1066,362,2025-01-27,300715,凯伦股份,装修建材,4.688017
1067,2047,2025-01-27,688231,隆达股份,有色金属,4.6876893
1068,139,2025-01-27,300261,雅本化学,农药兽药,4.6855836
1069,4180,2025-01-27,688032,禾迈股份,光伏设备,4.68539
1070,4771,2025-01-27,300739,明阳电路,电子元件,4.683952
1071,4200,2025-01-27,530,冰山冷热,通用设备,4.680997
1072,4222,2025-01-27,688333,铂力特,通用设备,4.679775
1073,4595,2025-01-27,688515,裕太微-U,半导体,4.6781735
1074,4548,2025-01-27,300706,阿石创,半导体,4.6780033
1075,3800,2025-01-27,688090,瑞松科技,专用设备,4.6770496
1076,3993,2025-01-27,2805,丰元股份,电池,4.6766043
1077,2493,2025-01-27,600895,张江高科,房地产开发,4.6753926
1078,2345,2025-01-27,2702,海欣食品,食品饮料,4.6731486
1079,4211,2025-01-27,603090,宏盛股份,通用设备,4.6728625
1080,2894,2025-01-27,300114,中航电测,航天航空,4.6723127
1081,4904,2025-01-27,300101,振芯科技,通信设备,4.672301
1082,3867,2025-01-27,603773,沃格光电,光学光电子,4.669808
1083,4012,2025-01-27,300457,赢合科技,电池,4.6681404
1084,4625,2025-01-27,688260,昀冢科技,消费电子,4.661886
1085,706,2025-01-27,510,新金路,化学原料,4.6603575
1086,4968,2025-01-27,2576,通达动力,电机,4.657884
1087,2914,2025-01-27,600318,新力金融,多元金融,4.657511
1088,3641,2025-01-27,1223,欧克科技,专用设备,4.657392
1089,4144,2025-01-27,688599,天合光能,光伏设备,4.652928
1090,4943,2025-01-27,586,汇源通信,通信设备,4.651357
1091,4294,2025-01-27,688308,欧科亿,通用设备,4.648165
1092,2421,2025-01-27,301073,君亭酒店,旅游酒店,4.648088
1093,2856,2025-01-27,688685,迈信林,航天航空,4.647137
1094,3783,2025-01-27,300486,东杰智能,专用设备,4.6328173
1095,1599,2025-01-27,605289,罗曼股份,装修装饰,4.6317654
1096,2917,2025-01-27,600705,中航产融,多元金融,4.6289415
1097,4560,2025-01-27,300672,国科微,半导体,4.628159
1098,2057,2025-01-27,753,漳州发展,汽车服务,4.627311
1099,4127,2025-01-27,300305,裕兴股份,光伏设备,4.6266274
1100,3337,2025-01-27,300010,豆神教育,教育,4.625593
1101,1392,2025-01-27,2712,思美传媒,文化传媒,4.6250777
1102,590,2025-01-27,2235,安妮股份,造纸印刷,4.624863
1103,4972,2025-01-27,2196,方正电机,电机,4.624264
1104,4325,2025-01-27,300091,金通灵,通用设备,4.62413
1105,3181,2025-01-27,2112,三变科技,电网设备,4.6240897
1106,3577,2025-01-27,887,中鼎股份,汽车零部件,4.623148
1107,4076,2025-01-27,300557,理工光科,仪器仪表,4.621306
1108,4126,2025-01-27,603778,国晟科技,光伏设备,4.6209173
1109,4176,2025-01-27,603212,赛伍技术,光伏设备,4.6195564
1110,1295,2025-01-27,300977,深圳瑞捷,工程咨询服务,4.616658
1111,3254,2025-01-27,300062,中能电气,电网设备,4.614435
1112,4814,2025-01-27,605058,澳弘电子,电子元件,4.6139226
1113,4528,2025-01-27,688595,芯海科技,半导体,4.6136065
1114,2017,2025-01-27,688,国城矿业,有色金属,4.6118455
1115,3943,2025-01-27,2222,福晶科技,光学光电子,4.610324
1116,2488,2025-01-27,600533,栖霞建设,房地产开发,4.609126
1117,3165,2025-01-27,600838,上海九百,商业百货,4.6090183
1118,4583,2025-01-27,600584,长电科技,半导体,4.608725
1119,1419,2025-01-27,300063,天龙集团,文化传媒,4.6063914
1120,1236,2025-01-27,790,华神科技,中药,4.6062574
1121,1605,2025-01-27,2713,东易日盛,装修装饰,4.603243
1122,318,2025-01-27,600691,阳煤化工,化肥行业,4.6029925
1123,4161,2025-01-27,603185,弘元绿能,光伏设备,4.601902
1124,165,2025-01-27,600117,西宁特钢,钢铁行业,4.6016574
1125,3389,2025-01-27,301608,博实结,计算机设备,4.601316
1126,3944,2025-01-27,2456,欧菲光,光学光电子,4.60096
1127,3273,2025-01-27,600590,泰豪科技,电网设备,4.600343
1128,2998,2025-01-27,300365,恒华科技,软件开发,4.5993357
1129,3451,2025-01-27,301022,海泰科,汽车零部件,4.598695
1130,2050,2025-01-27,300825,阿尔特,汽车服务,4.595298
1131,4415,2025-01-27,601099,太平洋,证券,4.595244
1132,4789,2025-01-27,2729,好利科技,电子元件,4.595056
1133,512,2025-01-27,688156,路德环境,农牧饲渔,4.5941963
1134,1008,2025-01-27,605180,华生科技,纺织服装,4.593669
1135,1571,2025-01-27,2663,普邦股份,工程建设,4.591747
1136,3831,2025-01-27,2334,英威腾,专用设备,4.5893593
1137,4589,2025-01-27,688138,清溢光电,半导体,4.58851
1138,3566,2025-01-27,2708,光洋股份,汽车零部件,4.5873284
1139,1446,2025-01-27,600119,长江投资,物流行业,4.5872765
1140,3662,2025-01-27,688633,星球石墨,专用设备,4.584001
1141,4005,2025-01-27,300769,德方纳米,电池,4.5820937
1142,506,2025-01-27,2321,华英农业,农牧饲渔,4.5810237
1143,1066,2025-01-27,603307,扬州金泉,纺织服装,4.579669
1144,4563,2025-01-27,688798,艾为电子,半导体,4.578094
1145,4683,2025-01-27,301489,思泉新材,消费电子,4.576756
1146,3765,2025-01-27,300415,伊之密,专用设备,4.576692
1147,3539,2025-01-27,301005,超捷股份,汽车零部件,4.575752
1148,4606,2025-01-27,688498,源杰科技,半导体,4.5756803
1149,3137,2025-01-27,58,深 赛 格,商业百货,4.5664163
1150,668,2025-01-27,600989,宝丰能源,化学原料,4.565349
1151,2730,2025-01-27,300247,融捷健康,家电行业,4.565069
1152,2934,2025-01-27,603232,格尔软件,软件开发,4.5640426
1153,4443,2025-01-27,688281,华秦科技,非金属材料,4.5636373
1154,426,2025-01-27,3037,三和管桩,水泥建材,4.561371
1155,4841,2025-01-27,300491,通合科技,电源设备,4.55848
1156,3827,2025-01-27,688698,伟创电气,专用设备,4.557398
1157,4204,2025-01-27,603308,应流股份,通用设备,4.556057
1158,3065,2025-01-27,600536,中国软件,软件开发,4.552184
1159,3913,2025-01-27,536,华映科技,光学光电子,4.5493097
1160,2593,2025-01-27,688386,泛亚微透,塑料制品,4.548007
1161,2557,2025-01-27,600199,金种子酒,酿酒行业,4.54731
1162,2235,2025-01-27,301085,亚康股份,互联网服务,4.546498
1163,3526,2025-01-27,600218,全柴动力,汽车零部件,4.545878
1164,3071,2025-01-27,300542,新晨科技,软件开发,4.545097
1165,2239,2025-01-27,300674,宇信科技,互联网服务,4.541731
1166,1261,2025-01-27,600129,太极集团,中药,4.5415206
1167,4847,2025-01-27,300693,盛弘股份,电源设备,4.5407863
1168,3773,2025-01-27,301013,利和兴,专用设备,4.53607
1169,3207,2025-01-27,2857,三晖电气,电网设备,4.5303526
1170,4770,2025-01-27,688519,南亚新材,电子元件,4.5296593
1171,4513,2025-01-27,688041,海光信息,半导体,4.52946
1172,327,2025-01-27,2791,坚朗五金,装修建材,4.528157
1173,2458,2025-01-27,514,渝 开 发,房地产开发,4.5256095
1174,4760,2025-01-27,301571,国科天成,电子元件,4.5255437
1175,1262,2025-01-27,300026,红日药业,中药,4.5228777
1176,3981,2025-01-27,603031,安孚科技,电池,4.521412
1177,1078,2025-01-27,2269,美邦服饰,纺织服装,4.5174403
1178,4165,2025-01-27,603330,天洋新材,光伏设备,4.512897
1179,970,2025-01-27,688670,金迪克,化学制药,4.5111985
1180,4799,2025-01-27,300124,汇川技术,电子元件,4.5094624
1181,3644,2025-01-27,601798,蓝科高新,专用设备,4.508023
1182,4767,2025-01-27,688539,高华科技,电子元件,4.5062838
1183,3962,2025-01-27,688567,孚能科技,电池,4.5057592
1184,1593,2025-01-27,603929,亚翔集成,装修装饰,4.504016
1185,2905,2025-01-27,415,渤海租赁,多元金融,4.50118
1186,4530,2025-01-27,688652,京仪装备,半导体,4.5011134
1187,3952,2025-01-27,301205,联特科技,光学光电子,4.5007215
1188,1485,2025-01-27,300350,华鹏飞,物流行业,4.4990616
1189,4858,2025-01-27,300689,澄天伟业,通信设备,4.4963493
1190,3037,2025-01-27,3029,吉大正元,软件开发,4.496324
1191,351,2025-01-27,300599,雄塑科技,装修建材,4.4940176
1192,1950,2025-01-27,2377,国创高新,化学制品,4.488641
1193,1504,2025-01-27,600239,云南城投,房地产服务,4.485953
1194,3965,2025-01-27,1283,豪鹏科技,电池,4.4843225
1195,3591,2025-01-27,603085,天成自控,汽车零部件,4.482885
1196,3737,2025-01-27,300411,金盾股份,专用设备,4.480468
1197,2299,2025-01-27,600530,交大昂立,食品饮料,4.479249
1198,2367,2025-01-27,1207,联科科技,橡胶制品,4.4777827
1199,1147,2025-01-27,301049,超越科技,环保行业,4.4754653
1200,4345,2025-01-27,301596,瑞迪智驱,通用设备,4.472083
1201,3909,2025-01-27,300128,锦富技术,光学光电子,4.471098
1202,2768,2025-01-27,603776,永安行,专业服务,4.46953
1203,570,2025-01-27,592,平潭发展,农牧饲渔,4.467493
1204,4357,2025-01-27,688028,沃尔德,通用设备,4.462987
1205,2773,2025-01-27,300938,信测标准,专业服务,4.461829
1206,3681,2025-01-27,688001,华兴源创,专用设备,4.461518
1207,4417,2025-01-27,2797,第一创业,证券,4.460837
1208,2071,2025-01-27,99,中信海直,航空机场,4.4605093
1209,3119,2025-01-27,300975,商络电子,贸易行业,4.459387
1210,1629,2025-01-27,688253,英诺特,生物制品,4.4589562
1211,2445,2025-01-27,838,财信发展,房地产开发,4.4575663
1212,3350,2025-01-27,2835,同为股份,计算机设备,4.4560013
1213,2136,2025-01-27,300277,海联讯,互联网服务,4.4555397
1214,440,2025-01-27,935,四川双马,水泥建材,4.4543343
1215,3455,2025-01-27,2715,登云股份,汽车零部件,4.4532657
1216,2241,2025-01-27,300738,奥飞数据,互联网服务,4.4499874
1217,1256,2025-01-27,300878,维康药业,中药,4.4498177
1218,1302,2025-01-27,301091,深城交,工程咨询服务,4.448716
1219,3747,2025-01-27,300471,厚普股份,专用设备,4.4476433
1220,1491,2025-01-27,603813,原尚股份,物流行业,4.446955
1221,1941,2025-01-27,300758,七彩化学,化学制品,4.445709
1222,4580,2025-01-27,688368,晶丰明源,半导体,4.4413433
1223,1797,2025-01-27,688621,阳光诺和,医疗服务,4.438011
1224,2504,2025-01-27,680,山推股份,工程机械,4.436225
1225,1596,2025-01-27,300621,维业股份,装修装饰,4.4326963
1226,2871,2025-01-27,2625,光启技术,航天航空,4.432164
1227,3829,2025-01-27,301128,强瑞技术,专用设备,4.4317336
1228,365,2025-01-27,2631,德尔未来,装修建材,4.427448
1229,4966,2025-01-27,603344,星德胜,电机,4.4260635
1230,2885,2025-01-27,301586,佳力奇,航天航空,4.423708
1231,3890,2025-01-27,300162,雷曼光电,光学光电子,4.421836
1232,3010,2025-01-27,2178,延华智能,软件开发,4.4210167
1233,2741,2025-01-27,600619,海立股份,家电行业,4.42007
1234,1604,2025-01-27,600193,创兴资源,装修装饰,4.419373
1235,4156,2025-01-27,601908,京运通,光伏设备,4.413393
1236,3720,2025-01-27,688378,奥来德,专用设备,4.4125752
1237,3352,2025-01-27,688522,纳睿雷达,计算机设备,4.410133
1238,2220,2025-01-27,300448,浩云科技,互联网服务,4.410058
1239,3269,2025-01-27,2471,中超控股,电网设备,4.407047
1240,3284,2025-01-27,300341,麦克奥迪,电网设备,4.406537
1241,2644,2025-01-27,301198,喜悦智行,塑料制品,4.406473
1242,3057,2025-01-27,301153,中科江南,软件开发,4.4063926
1243,4826,2025-01-27,2630,华西能源,电源设备,4.405558
1244,4532,2025-01-27,688409,富创精密,半导体,4.404174
1245,3670,2025-01-27,600302,标准股份,专用设备,4.40353
1246,2198,2025-01-27,2642,荣联科技,互联网服务,4.401897
1247,3832,2025-01-27,688559,海目星,专用设备,4.400538
1248,4198,2025-01-27,2896,中大力德,通用设备,4.4001775
1249,4780,2025-01-27,301041,金百泽,电子元件,4.3997884
1250,4201,2025-01-27,2633,申科股份,通用设备,4.399559
1251,3809,2025-01-27,688518,联赢激光,专用设备,4.3982687
1252,111,2025-01-27,600731,湖南海利,农药兽药,4.396147
1253,4774,2025-01-27,2436,兴森科技,电子元件,4.394272
1254,563,2025-01-27,603336,宏辉果蔬,农牧饲渔,4.3939204
1255,1766,2025-01-27,301526,国际复材,玻璃玻纤,4.3914614
1256,4313,2025-01-27,300430,诚益通,通用设备,4.3902354
1257,3941,2025-01-27,300790,宇瞳光学,光学光电子,4.390225
1258,4975,2025-01-27,603728,鸣志电器,电机,4.3897047
1259,1285,2025-01-27,300635,中达安,工程咨询服务,4.389481
1260,2838,2025-01-27,300310,宜通世纪,通信服务,4.3894334
1261,4842,2025-01-27,688719,爱科赛博,电源设备,4.387945
1262,4946,2025-01-27,300308,中际旭创,通信设备,4.3836727
1263,3586,2025-01-27,603089,正裕工业,汽车零部件,4.3828382
1264,3905,2025-01-27,600363,联创光电,光学光电子,4.3805747
1265,4437,2025-01-27,300395,菲利华,非金属材料,4.380481
1266,133,2025-01-27,2513,蓝丰生化,农药兽药,4.377593
1267,4061,2025-01-27,2767,先锋电子,仪器仪表,4.3775635
1268,624,2025-01-27,600759,洲际油气,石油行业,4.376821
1269,1264,2025-01-27,2390,信邦制药,中药,4.374798
1270,4013,2025-01-27,688063,派能科技,电池,4.3740554
1271,4761,2025-01-27,1298,好上好,电子元件,4.373531
1272,1514,2025-01-27,301038,深水规院,工程建设,4.372455
1273,3606,2025-01-27,300637,扬帆新材,电子化学品,4.3721795
1274,4488,2025-01-27,301297,富乐德,半导体,4.372108
1275,2772,2025-01-27,300887,谱尼测试,专业服务,4.3711333
1276,2756,2025-01-27,300384,三联虹普,专业服务,4.370467
1277,103,2025-01-27,601011,宝泰隆,煤炭行业,4.3702917
1278,2531,2025-01-27,600084,中信尼雅,酿酒行业,4.370125
1279,4687,2025-01-27,300115,长盈精密,消费电子,4.3701067
1280,574,2025-01-27,603668,天马科技,农牧饲渔,4.369846
1281,4167,2025-01-27,2506,协鑫集成,光伏设备,4.369169
1282,2851,2025-01-27,2148,北纬科技,通信服务,4.3680234
1283,2464,2025-01-27,14,沙河股份,房地产开发,4.3658733
1284,4950,2025-01-27,688668,鼎通科技,通信设备,4.364844
1285,973,2025-01-27,2082,万邦德,化学制药,4.363692
1286,4917,2025-01-27,300711,广哈通信,通信设备,4.361457
1287,4932,2025-01-27,2281,光迅科技,通信设备,4.360108
1288,2817,2025-01-27,300594,朗进科技,交运设备,4.3571634
1289,4802,2025-01-27,301328,维峰电子,电子元件,4.3553963
1290,4925,2025-01-27,600487,亨通光电,通信设备,4.354301
1291,137,2025-01-27,600538,国发股份,农药兽药,4.353052
1292,3536,2025-01-27,600178,东安动力,汽车零部件,4.352215
1293,297,2025-01-27,893,亚钾国际,化肥行业,4.349367
1294,3243,2025-01-27,603312,西典新能,电网设备,4.349254
1295,3925,2025-01-27,300219,鸿利智汇,光学光电子,4.347703
1296,3618,2025-01-27,688549,中巨芯-U,电子化学品,4.3475313
1297,3810,2025-01-27,2979,雷赛智能,专用设备,4.3435426
1298,2416,2025-01-27,603099,长白山,旅游酒店,4.3407946
1299,2443,2025-01-27,897,津滨发展,房地产开发,4.33988
1300,1176,2025-01-27,300355,蒙草生态,环保行业,4.3391914
1301,4283,2025-01-27,601882,海天精工,通用设备,4.3369694
1302,4911,2025-01-27,688027,国盾量子,通信设备,4.3365793
1303,4579,2025-01-27,600171,上海贝岭,半导体,4.33654
1304,4737,2025-01-27,688496,清越科技,电子元件,4.335326
1305,4515,2025-01-27,2077,大港股份,半导体,4.3349595
1306,3753,2025-01-27,688383,新益昌,专用设备,4.334703
1307,2028,2025-01-27,300057,万顺新材,有色金属,4.3342605
1308,798,2025-01-27,300030,阳普医疗,医疗器械,4.3341084
1309,3419,2025-01-27,603596,伯特利,汽车零部件,4.33366
1310,912,2025-01-27,300267,尔康制药,化学制药,4.333295
1311,4195,2025-01-27,39,中集集团,通用设备,4.33221
1312,4010,2025-01-27,600110,诺德股份,电池,4.330677
1313,834,2025-01-27,688016,心脉医疗,医疗器械,4.3263035
1314,1031,2025-01-27,300591,万里马,纺织服装,4.3257966
1315,3017,2025-01-27,300366,创意信息,软件开发,4.3251066
1316,4521,2025-01-27,688416,恒烁股份,半导体,4.32373
1317,3144,2025-01-27,601828,美凯龙,商业百货,4.323651
1318,4085,2025-01-27,300835,龙磁科技,小金属,4.3226733
1319,3159,2025-01-27,600280,中央商场,商业百货,4.3202653
1320,1585,2025-01-27,605178,时空科技,装修装饰,4.317701
1321,1695,2025-01-27,2493,荣盛石化,化纤行业,4.3158174
1322,3289,2025-01-27,1208,华菱线缆,电网设备,4.31367
1323,1952,2025-01-27,300107,建新股份,化学制品,4.3134956
1324,2660,2025-01-27,301591,肯特股份,塑料制品,4.3076487
1325,3291,2025-01-27,300617,安靠智电,电网设备,4.307589
1326,995,2025-01-27,603877,太平鸟,纺织服装,4.305716
1327,1155,2025-01-27,300190,维尔利,环保行业,4.3053107
1328,1051,2025-01-27,603116,红蜻蜓,纺织服装,4.3033957
1329,4000,2025-01-27,301150,中一科技,电池,4.303296
1330,4562,2025-01-27,301348,蓝箭电子,半导体,4.301837
1331,3333,2025-01-27,688660,电气风电,风电设备,4.2997108
1332,4949,2025-01-27,300394,天孚通信,通信设备,4.299219
1333,3187,2025-01-27,300932,三友联众,电网设备,4.2970953
1334,364,2025-01-27,2225,濮耐股份,装修建材,4.294841
1335,761,2025-01-27,688351,微电生理-U,医疗器械,4.294749
1336,4353,2025-01-27,301202,朗威股份,通用设备,4.2911305
1337,3789,2025-01-27,2523,天桥起重,专用设备,4.288235
1338,189,2025-01-27,300881,盛德鑫泰,钢铁行业,4.286517
1339,3067,2025-01-27,301236,软通动力,软件开发,4.2851524
1340,4231,2025-01-27,2342,巨力索具,通用设备,4.28465
1341,4209,2025-01-27,300992,泰福泵业,通用设备,4.282734
1342,530,2025-01-27,300673,佩蒂股份,农牧饲渔,4.2815475
1343,4782,2025-01-27,62,深圳华强,电子元件,4.2793694
1344,4619,2025-01-27,1314,亿道信息,消费电子,4.278192
1345,4346,2025-01-27,603082,北自科技,通用设备,4.278056
1346,4965,2025-01-27,603350,安乃达,电机,4.277134
1347,3927,2025-01-27,300691,联合光电,光学光电子,4.276657
1348,3964,2025-01-27,603659,璞泰来,电池,4.2740836
1349,2800,2025-01-27,600818,中路股份,交运设备,4.274069
1350,4077,2025-01-27,300354,东华测试,仪器仪表,4.272966
1351,1775,2025-01-27,603108,润达医疗,医疗服务,4.2697177
1352,3001,2025-01-27,300235,方直科技,软件开发,4.2688665
1353,4551,2025-01-27,688711,宏微科技,半导体,4.2687654
1354,545,2025-01-27,300189,神农种业,农牧饲渔,4.265681
1355,3529,2025-01-27,605133,嵘泰股份,汽车零部件,4.2649584
1356,926,2025-01-27,688091,上海谊众,化学制药,4.264909
1357,4903,2025-01-27,3031,中瓷电子,通信设备,4.2645574
1358,2590,2025-01-27,300478,杭州高新,塑料制品,4.260306
1359,2228,2025-01-27,2095,生 意 宝,互联网服务,4.2593718
1360,3046,2025-01-27,300552,万集科技,软件开发,4.25923
1361,4835,2025-01-27,2366,融发核电,电源设备,4.256843
1362,2982,2025-01-27,301213,观想科技,软件开发,4.2551665
1363,1739,2025-01-27,2731,萃华珠宝,珠宝首饰,4.252538
1364,1603,2025-01-27,301365,矩阵股份,装修装饰,4.251443
1365,3425,2025-01-15,688667,菱电电控,汽车零部件,4.2476892
1366,4444,2025-01-27,300035,中科电气,非金属材料,4.2460575
1367,4948,2025-01-27,300913,兆龙互连,通信设备,4.243429
1368,3760,2025-01-27,603273,天元智能,专用设备,4.2433233
1369,2895,2025-01-27,300424,航新科技,航天航空,4.2432113
1370,74,2025-01-27,571,新大洲A,煤炭行业,4.2388453
1371,3812,2025-01-27,603666,亿嘉和,专用设备,4.2365117
1372,2390,2025-01-27,300756,金马游乐,旅游酒店,4.236314
1373,859,2025-01-27,688166,博瑞医药,化学制药,4.233417
1374,3322,2025-01-27,2531,天顺风能,风电设备,4.2300105
1375,2556,2025-01-27,600543,莫高股份,酿酒行业,4.226631
1376,3805,2025-01-27,301011,华立科技,专用设备,4.223813
1377,3205,2025-01-27,600067,冠城新材,电网设备,4.223281
1378,4322,2025-01-27,603270,金帝股份,通用设备,4.2231307
1379,983,2025-01-27,300434,金石亚药,化学制药,4.2229834
1380,4667,2025-01-27,301578,辰奕智能,消费电子,4.218267
1381,826,2025-01-27,300529,健帆生物,医疗器械,4.2180104
1382,2484,2025-01-27,600743,华远地产,房地产开发,4.213521
1383,1814,2025-01-27,688246,嘉和美康,医疗服务,4.2124896
1384,2044,2025-01-27,300337,银邦股份,有色金属,4.211153
1385,4542,2025-01-27,688385,复旦微电,半导体,4.2107716
1386,958,2025-01-27,566,海南海药,化学制药,4.210301
1387,3818,2025-01-27,300879,大叶股份,专用设备,4.2091475
1388,3533,2025-01-27,300176,鸿特科技,汽车零部件,4.2046204
1389,2441,2025-01-27,600791,京能置业,房地产开发,4.2045593
1390,431,2025-01-27,600678,四川金顶,水泥建材,4.203065
1391,375,2025-01-27,2694,顾地科技,装修建材,4.201965
1392,2046,2025-01-27,2182,宝武镁业,有色金属,4.201241
1393,1586,2025-01-27,2084,海鸥住工,装修装饰,4.200204
1394,2209,2025-01-27,300078,思创医惠,互联网服务,4.1971908
1395,4329,2025-01-27,300263,隆华科技,通用设备,4.19669
1396,3459,2025-01-27,301119,正强股份,汽车零部件,4.1958065
1397,3030,2025-01-27,2421,达实智能,软件开发,4.1957483
1398,1960,2025-01-27,2246,北化股份,化学制品,4.1955156
1399,4075,2025-01-27,300862,蓝盾光电,仪器仪表,4.1945515
1400,1305,2025-01-27,603983,丸美生物,美容护理,4.1944685
1401,1702,2025-01-27,936,华西股份,化纤行业,4.1943774
1402,1396,2025-01-27,603825,华扬联众,文化传媒,4.1940227
1403,4123,2025-01-27,600537,亿晶光电,光伏设备,4.1892724
1404,4540,2025-01-27,688380,中微半导,半导体,4.1870995
1405,4399,2025-01-27,601236,红塔证券,证券,4.18345
1406,1689,2025-01-27,2207,准油股份,采掘行业,4.1833563
1407,4109,2025-01-27,600259,广晟有色,小金属,4.1814384
1408,1574,2025-01-27,603408,建霖家居,装修装饰,4.180558
1409,856,2025-01-27,688050,爱博医疗,医疗器械,4.180373
1410,4273,2025-01-27,300943,春晖智控,通用设备,4.1799517
1411,2809,2025-01-27,8,神州高铁,交运设备,4.175812
1412,2858,2025-01-27,697,炼石航空,航天航空,4.1757627
1413,2766,2025-01-27,300947,德必集团,专业服务,4.175647
1414,3717,2025-01-27,2278,神开股份,专用设备,4.1752353
1415,502,2025-01-27,600313,农发种业,农牧饲渔,4.1709275
1416,4482,2025-01-27,688049,炬芯科技,半导体,4.1699944
1417,2563,2025-01-27,600696,岩石股份,酿酒行业,4.1671934
1418,2892,2025-01-27,600316,洪都航空,航天航空,4.165916
1419,3061,2025-01-27,688206,概伦电子,软件开发,4.163061
1420,3748,2025-01-27,301533,威马农机,专用设备,4.1602044
1421,4019,2025-01-27,2580,圣阳股份,电池,4.159415
1422,1394,2025-01-27,300426,唐德影视,文化传媒,4.1591525
1423,2312,2025-01-27,2726,龙大美食,食品饮料,4.1578517
1424,2883,2025-01-27,300775,三角防务,航天航空,4.1569934
1425,3946,2025-01-27,688195,腾景科技,光学光电子,4.1557684
1426,2585,2025-01-27,600686,金龙汽车,汽车整车,4.155117
1427,2529,2025-01-27,603779,威龙股份,酿酒行业,4.154995
1428,4175,2025-01-27,688503,聚和材料,光伏设备,4.1542053
1429,2148,2025-01-27,300785,值得买,互联网服务,4.1516213
1430,3042,2025-01-27,301316,慧博云通,软件开发,4.1511593
1431,3080,2025-01-27,300682,朗新集团,软件开发,4.1492343
1432,4496,2025-01-27,2156,通富微电,半导体,4.148367
1433,3835,2025-01-27,603583,捷昌驱动,专用设备,4.1483016
1434,4071,2025-01-27,688768,容知日新,仪器仪表,4.1446967
1435,4494,2025-01-27,300456,赛微电子,半导体,4.1442676
1436,4849,2025-01-27,2851,麦格米特,电源设备,4.1432633
1437,4422,2025-01-27,600621,华鑫股份,证券,4.1419907
1438,3547,2025-01-27,301499,维科精密,汽车零部件,4.1402264
1439,4139,2025-01-27,688560,明冠新材,光伏设备,4.138784
1440,1498,2025-01-27,560,我爱我家,房地产服务,4.136762
1441,4640,2025-01-27,300032,金龙机电,消费电子,4.1358933
1442,3113,2025-01-27,1287,中电港,贸易行业,4.132724
1443,3344,2025-01-27,600880,博瑞传播,教育,4.131162
1444,2987,2025-01-27,503,国新健康,软件开发,4.130541
1445,322,2025-01-27,2718,友邦吊顶,装修建材,4.1304574
1446,910,2025-01-27,300723,一品红,化学制药,4.130073
1447,4133,2025-01-27,601012,隆基绿能,光伏设备,4.126325
1448,3296,2025-01-27,2879,长缆科技,电网设备,4.125056
1449,2033,2025-01-27,737,北方铜业,有色金属,4.124929
1450,2637,2025-01-27,2825,纳尔股份,塑料制品,4.124868
1451,2074,2025-01-27,301296,新巨丰,包装材料,4.122253
1452,1337,2025-01-27,2466,天齐锂业,能源金属,4.122037
1453,1358,2025-01-27,603533,掌阅科技,文化传媒,4.121913
1454,1259,2025-01-27,301111,粤万年青,中药,4.116054
1455,725,2025-01-27,2145,中核钛白,化学原料,4.1153326
1456,2728,2025-01-27,2543,万和电气,家电行业,4.1151047
1457,4518,2025-01-27,603986,兆易创新,半导体,4.114862
1458,4833,2025-01-27,301327,华宝新能,电源设备,4.1139307
1459,3688,2025-01-27,300540,蜀道装备,专用设备,4.113756
1460,4049,2025-01-27,688528,秦川物联,仪器仪表,4.111405
1461,4410,2025-01-27,601211,国泰君安,证券,4.1085796
1462,432,2025-01-27,603616,韩建河山,水泥建材,4.1082425
1463,4719,2025-01-27,300964,本川智能,电子元件,4.1076736
1464,526,2025-01-27,1201,东瑞股份,农牧饲渔,4.1069655
1465,3620,2025-01-27,300576,容大感光,电子化学品,4.106931
1466,4304,2025-01-27,2685,华东重机,通用设备,4.1013865
1467,599,2025-01-27,300883,龙利得,造纸印刷,4.1011305
1468,3104,2025-01-27,600058,五矿发展,贸易行业,4.0972815
1469,2725,2025-01-27,605336,帅丰电器,家电行业,4.094386
1470,4634,2025-01-27,2866,传艺科技,消费电子,4.0936036
1471,507,2025-01-27,2982,湘佳股份,农牧饲渔,4.0928483
1472,4350,2025-01-27,603617,君禾股份,通用设备,4.0912538
1473,2880,2025-01-27,2389,航天彩虹,航天航空,4.0903597
1474,2732,2025-01-27,801,四川九洲,家电行业,4.0890055
1475,1768,2025-01-27,605006,山东玻纤,玻璃玻纤,4.083346
1476,4748,2025-01-27,603375,盛景微,电子元件,4.0823965
1477,4185,2025-01-27,2617,露笑科技,光伏设备,4.081829
1478,1968,2025-01-27,301618,长联科技,化学制品,4.081422
1479,4553,2025-01-27,688530,欧莱新材,半导体,4.0811925
1480,3786,2025-01-27,301112,信邦智能,专用设备,4.0809126
1481,1182,2025-01-27,300210,森远股份,环保行业,4.080884
1482,3821,2025-01-27,688084,晶品特装,专用设备,4.0806694
1483,4828,2025-01-27,600202,哈空调,电源设备,4.0794744
1484,3325,2025-01-27,300690,双一科技,风电设备,4.0791035
1485,3319,2025-01-27,601615,明阳智能,风电设备,4.0726886
1486,4775,2025-01-27,301389,隆扬电子,电子元件,4.0702105
1487,4837,2025-01-27,300820,英杰电气,电源设备,4.069987
1488,666,2025-01-27,300703,创源股份,家用轻工,4.0699615
1489,3066,2025-01-27,603138,海量数据,软件开发,4.069467
1490,2038,2025-01-27,2171,楚江新材,有色金属,4.065233
1491,3568,2025-01-27,300100,双林股份,汽车零部件,4.0625753
1492,4466,2025-01-27,688593,新相微,半导体,4.0621834
1493,2907,2025-01-27,600643,爱建集团,多元金融,4.061776
1494,2481,2025-01-27,600322,津投城开,房地产开发,4.0617466
1495,3277,2025-01-27,300447,全信股份,电网设备,4.0607123
1496,1041,2025-01-27,600156,华升股份,纺织服装,4.0588765
1497,2569,2025-01-27,601127,赛力斯,汽车整车,4.0587754
1498,3891,2025-01-27,2189,中光学,光学光电子,4.0583076
1499,2548,2025-01-27,600600,青岛啤酒,酿酒行业,4.0565434
1500,4631,2025-01-27,2045,国光电器,消费电子,4.053986
1501,2216,2025-01-27,300271,华宇软件,互联网服务,4.0535984
1502,871,2025-01-27,2020,京新药业,化学制药,4.0535154
1503,4002,2025-01-27,300648,星云股份,电池,4.0534573
1504,4418,2025-01-27,601059,信达证券,证券,4.04578
1505,4907,2025-01-27,301307,美利信,通信设备,4.0450244
1506,2940,2025-01-27,688225,亚信安全,软件开发,4.044743
1507,1355,2025-01-27,2905,金逸影视,文化传媒,4.0423794
1508,3559,2025-01-27,688326,经纬恒润-W,汽车零部件,4.04097
1509,3063,2025-01-27,601519,大智慧,软件开发,4.039484
1510,3937,2025-01-27,603703,盛洋科技,光学光电子,4.0387883
1511,3117,2025-01-27,829,天音控股,贸易行业,4.0363984
1512,4945,2025-01-27,603803,瑞斯康达,通信设备,4.0355935
1513,3324,2025-01-27,300185,通裕重工,风电设备,4.0349393
1514,1937,2025-01-27,2407,多氟多,化学制品,4.034728
1515,4838,2025-01-27,688551,科威尔,电源设备,4.034518
1516,334,2025-01-27,603600,永艺股份,装修建材,4.0342493
1517,3631,2025-01-27,603289,泰瑞机器,专用设备,4.029518
1518,100,2025-01-27,723,美锦能源,煤炭行业,4.0284023
1519,4326,2025-01-27,600215,派斯林,通用设备,4.027982
1520,1804,2025-01-27,301239,普瑞眼科,医疗服务,4.0272713
1521,2177,2025-01-27,3010,若羽臣,互联网服务,4.0268884
1522,4355,2025-01-27,300503,昊志机电,通用设备,4.0258794
1523,1750,2025-01-27,301177,迪阿股份,珠宝首饰,4.0258365
1524,4385,2025-01-27,750,国海证券,证券,4.023944
1525,4927,2025-01-27,600498,烽火通信,通信设备,4.022439
1526,3307,2025-01-27,600458,时代新材,风电设备,4.022242
1527,3869,2025-01-27,301321,翰博高新,光学光电子,4.0220485
1528,4698,2025-01-27,301067,显盈科技,消费电子,4.020764
1529,525,2025-01-27,300087,荃银高科,农牧饲渔,4.019411
1530,1138,2025-01-27,688659,元琛科技,环保行业,4.018861
1531,1956,2025-01-27,2666,德联集团,化学制品,4.017846
1532,3050,2025-01-27,688435,英方软件,软件开发,4.017821
1533,1035,2025-01-27,600689,上海三毛,纺织服装,4.0172157
1534,3189,2025-01-27,2350,北京科锐,电网设备,4.0146904
1535,1065,2025-01-27,2780,三夫户外,纺织服装,4.012601
1536,4336,2025-01-27,2150,通润装备,通用设备,4.0108576
1537,4203,2025-01-27,300488,恒锋工具,通用设备,4.0101824
1538,1731,2025-01-27,600770,综艺股份,综合行业,4.0093956
1539,4735,2025-01-27,688371,菲沃泰,电子元件,4.008186
1540,1783,2025-01-27,504,南华生物,医疗服务,4.005678
1541,3996,2025-01-27,688707,振华新材,电池,4.0011826
1542,2491,2025-01-27,600463,空港股份,房地产开发,4.0003643
1543,4566,2025-01-27,688249,晶合集成,半导体,3.9985895
1544,2561,2025-01-27,2568,百润股份,酿酒行业,3.9981217
1545,3652,2025-01-27,688306,均普智能,专用设备,3.9963617
1546,4546,2025-01-27,300623,捷捷微电,半导体,3.9929197
1547,3692,2025-01-27,2209,达 意 隆,专用设备,3.9925904
1548,4136,2025-01-27,300345,华民股份,光伏设备,3.9922416
1549,3797,2025-01-27,301070,开勒股份,专用设备,3.9883897
1550,2389,2025-01-27,300731,科创新源,橡胶制品,3.9845452
1551,4413,2025-01-27,600095,湘财股份,证券,3.983824
1552,3752,2025-01-27,300865,大宏立,专用设备,3.9826393
1553,3048,2025-01-27,300830,金现代,软件开发,3.9825768
1554,4321,2025-01-27,301603,乔锋智能,通用设备,3.9820359
1555,4717,2025-01-27,301285,鸿日达,电子元件,3.9815605
1556,2884,2025-01-27,688523,航天环宇,航天航空,3.9813802
1557,3264,2025-01-27,2339,积成电子,电网设备,3.9808438
1558,2465,2025-01-27,2208,合肥城建,房地产开发,3.9801657
1559,3535,2025-01-27,2921,联诚精密,汽车零部件,3.9797173
1560,3739,2025-01-27,301360,荣旗科技,专用设备,3.979519
1561,3295,2025-01-27,2441,众业达,电网设备,3.9781184
1562,747,2025-01-27,300639,凯普生物,医疗器械,3.9775908
1563,1782,2025-01-27,2524,光正眼科,医疗服务,3.974709
1564,4152,2025-01-27,2129,TCL中环,光伏设备,3.969337
1565,2986,2025-01-27,688030,山石网科,软件开发,3.9668128
1566,1192,2025-01-27,820,神雾节能,环保行业,3.965287
1567,2342,2025-01-27,2956,西麦食品,食品饮料,3.9634213
1568,2657,2025-01-27,300539,横河精密,塑料制品,3.9611368
1569,4753,2025-01-27,603936,博敏电子,电子元件,3.9599686
1570,2306,2025-01-13,972,中基健康,食品饮料,3.9577737
1571,737,2025-01-27,600367,红星发展,化学原料,3.9570332
1572,3006,2025-01-27,300803,指南针,软件开发,3.9553568
1573,4791,2025-01-27,688375,国博电子,电子元件,3.9533541
1574,4746,2025-01-27,2859,洁美科技,电子元件,3.9519773
1575,4079,2025-01-27,688686,奥普特,仪器仪表,3.949544
1576,3035,2025-01-27,300579,数字认证,软件开发,3.9494963
1577,4099,2025-01-27,603399,永杉锂业,小金属,3.9490476
1578,1710,2025-01-27,600810,神马股份,化纤行业,3.948833
1579,2227,2025-01-27,300895,铜牛信息,互联网服务,3.9486215
1580,2736,2025-01-27,605555,德昌股份,家电行业,3.9483354
1581,2649,2025-01-27,300538,同益股份,塑料制品,3.9470897
1582,1289,2025-01-27,300732,设研院,工程咨询服务,3.9442062
1583,1185,2025-01-27,600292,远达环保,环保行业,3.9437652
1584,3940,2025-01-27,300582,英飞特,光学光电子,3.9423943
1585,2338,2025-01-27,301116,益客食品,食品饮料,3.9409533
1586,4056,2025-01-27,300066,三川智慧,仪器仪表,3.938295
1587,4485,2025-01-27,688213,思特威-W,半导体,3.935188
1588,3342,2025-01-27,600661,昂立教育,教育,3.93461
1589,1808,2025-01-27,688202,美迪西,医疗服务,3.9338753
1590,4138,2025-01-27,600438,通威股份,光伏设备,3.9329112
1591,1863,2025-01-27,600370,三房巷,化学制品,3.9303005
1592,2027,2025-01-27,600490,鹏欣资源,有色金属,3.9282515
1593,4125,2025-01-27,603806,福斯特,光伏设备,3.9255471
1594,1845,2025-01-27,565,渝三峡Ａ,化学制品,3.921254
1595,3256,2025-01-27,300283,温州宏丰,电网设备,3.9209814
1596,1110,2025-01-27,2672,东江环保,环保行业,3.9208815
1597,187,2025-01-27,2075,沙钢股份,钢铁行业,3.9203107
1598,3163,2025-01-27,2416,爱施德,商业百货,3.9192529
1599,4534,2025-01-27,688012,中微公司,半导体,3.918667
1600,2844,2025-01-27,688682,霍莱沃,通信服务,3.916666
1601,3265,2025-01-27,600550,保变电气,电网设备,3.916596
1602,3615,2025-01-27,300346,南大光电,电子化学品,3.9142118
1603,4022,2025-01-27,605378,野马电池,电池,3.910692
1604,1860,2025-01-27,603977,国泰集团,化学制品,3.9082036
1605,4306,2025-01-27,600114,东睦股份,通用设备,3.907886
1606,4137,2025-01-27,688223,晶科能源,光伏设备,3.9050102
1607,982,2025-01-27,301211,亨迪药业,化学制药,3.9034412
1608,985,2025-01-27,2793,罗欣药业,化学制药,3.9031358
1609,3018,2025-01-27,301117,佳缘科技,软件开发,3.9031222
1610,3168,2025-01-27,301078,孩子王,商业百货,3.9015605
1611,4090,2025-01-27,600281,华阳新材,小金属,3.9007485
1612,2850,2025-01-27,2929,润建股份,通信服务,3.8985848
1613,319,2025-01-27,2170,芭田股份,化肥行业,3.897804
1614,4157,2025-01-27,300842,帝科股份,光伏设备,3.8966477
1615,4074,2025-01-27,300515,三德科技,仪器仪表,3.8953915
1616,3721,2025-01-27,603036,如通股份,专用设备,3.8951368
1617,2143,2025-01-27,300150,世纪瑞尔,互联网服务,3.894849
1618,3109,2025-01-27,151,中成股份,贸易行业,3.8934736
1619,2826,2025-01-27,603322,超讯通信,通信服务,3.8933172
1620,4191,2025-01-27,688556,高测股份,光伏设备,3.8919375
1621,2409,2025-01-27,558,莱茵体育,旅游酒店,3.8911164
1622,3543,2025-01-27,301607,富特科技,汽车零部件,3.889507
1623,1699,2025-01-27,603332,苏州龙杰,化纤行业,3.8854897
1624,2833,2025-01-27,300578,会畅通讯,通信服务,3.8811624
1625,1044,2025-01-27,2486,嘉麟杰,纺织服装,3.8811042
1626,1591,2025-01-27,605318,法狮龙,装修装饰,3.877704
1627,354,2025-01-27,300737,科顺股份,装修建材,3.877671
1628,3305,2025-01-27,600468,百利电气,电网设备,3.877233
1629,1595,2025-01-27,2856,美芝股份,装修装饰,3.8769736
1630,3902,2025-01-27,300701,森霸传感,光学光电子,3.8755045
1631,4039,2025-01-27,688450,光格科技,仪器仪表,3.8725867
1632,3926,2025-01-27,727,冠捷科技,光学光电子,3.8715272
1633,4440,2025-01-27,300861,美畅股份,非金属材料,3.8713427
1634,128,2025-01-27,603086,先达股份,农药兽药,3.8695977
1635,4570,2025-01-27,688536,思瑞浦,半导体,3.8694353
1636,4016,2025-01-27,603906,龙蟠科技,电池,3.8685532
1637,1304,2025-01-27,300564,筑博设计,工程咨询服务,3.8678393
1638,4773,2025-01-27,300475,香农芯创,电子元件,3.8674042
1639,2204,2025-01-27,300264,佳创视讯,互联网服务,3.8666277
1640,3519,2025-01-27,1311,多利科技,汽车零部件,3.8632898
1641,2459,2025-01-27,600748,上实发展,房地产开发,3.86315
1642,2849,2025-01-27,603421,鼎信通讯,通信服务,3.858994
1643,3538,2025-01-27,2510,天汽模,汽车零部件,3.8586006
1644,4602,2025-01-27,300661,圣邦股份,半导体,3.8560941
1645,3989,2025-01-27,603032,德新科技,电池,3.8560793
1646,2344,2025-01-27,605016,百龙创园,食品饮料,3.8546352
1647,3272,2025-01-27,688597,煜邦电力,电网设备,3.853543
1648,2479,2025-01-27,600736,苏州高新,房地产开发,3.8522139
1649,1583,2025-01-27,605287,德才股份,装修装饰,3.8512945
1650,1159,2025-01-27,2210,飞马国际,环保行业,3.850931
1651,1598,2025-01-27,300986,志特新材,装修装饰,3.8509057
1652,662,2025-01-27,600439,瑞贝卡,家用轻工,3.8505495
1653,2930,2025-01-27,300047,天源迪科,软件开发,3.8503022
1654,2864,2025-01-27,2297,博云新材,航天航空,3.848575
1655,1424,2025-01-27,301102,兆讯传媒,文化传媒,3.8482592
1656,108,2025-01-27,603810,丰山集团,农药兽药,3.846936
1657,4419,2025-01-27,601136,首创证券,证券,3.8456783
1658,4414,2025-01-27,601456,国联证券,证券,3.8447766
1659,2575,2025-01-27,600841,动力新科,汽车整车,3.8446994
1660,2113,2025-01-27,2605,姚记科技,游戏,3.8434014
1661,1978,2025-01-27,600331,宏达股份,有色金属,3.8423254
1662,2272,2025-01-27,600962,国投中鲁,食品饮料,3.841777
1663,3833,2025-01-27,688312,燕麦科技,专用设备,3.8385882
1664,110,2025-01-27,300796,贝斯美,农药兽药,3.837888
1665,1062,2025-01-27,600630,龙头股份,纺织服装,3.8376079
1666,2584,2025-01-27,600006,东风股份,汽车整车,3.836517
1667,4572,2025-01-27,605358,立昂微,半导体,3.8357556
1668,2818,2025-01-27,603111,康尼机电,交运设备,3.8336859
1669,4700,2025-01-27,300843,胜蓝股份,消费电子,3.8305118
1670,266,2025-01-27,958,电投产融,电力行业,3.8299396
1671,2915,2025-01-27,600390,五矿资本,多元金融,3.8296714
1672,2748,2025-01-27,301169,零点有数,专业服务,3.829515
1673,3815,2025-01-27,2698,博实股份,专用设备,3.8284512
1674,3978,2025-01-27,301587,中瑞股份,电池,3.827317
1675,2211,2025-01-27,300324,旋极信息,互联网服务,3.827089
1676,2147,2025-01-27,603171,税友股份,互联网服务,3.8258047
1677,3727,2025-01-27,601106,中国一重,专用设备,3.825216
1678,2070,2025-01-27,603885,吉祥航空,航空机场,3.8245664
1679,1760,2025-01-27,2613,北玻股份,玻璃玻纤,3.8242726
1680,1712,2025-01-27,677,恒天海龙,化纤行业,3.8232656
1681,3406,2025-01-27,603655,朗博科技,汽车零部件,3.8228407
1682,4680,2025-01-27,2402,和而泰,消费电子,3.8219914
1683,1109,2025-01-27,688096,京源环保,环保行业,3.8217425
1684,3584,2025-01-27,981,山子高科,汽车零部件,3.8200796
1685,1053,2025-01-27,2875,安奈儿,纺织服装,3.818688
1686,2439,2025-01-27,2016,世荣兆业,房地产开发,3.8182929
1687,3548,2025-01-27,605068,明新旭腾,汽车零部件,3.81777
1688,3782,2025-01-27,300099,尤洛卡,专用设备,3.8177042
1689,1273,2025-01-27,301027,华蓝集团,工程咨询服务,3.8172631
1690,4653,2025-01-27,301606,绿联科技,消费电子,3.8170366
1691,2313,2025-01-27,2946,新乳业,食品饮料,3.8162425
1692,2347,2025-01-27,2570,贝因美,食品饮料,3.814684
1693,3027,2025-01-27,300730,科创信息,软件开发,3.8120701
1694,1954,2025-01-27,300699,光威复材,化学制品,3.811519
1695,4723,2025-01-27,2214,大立科技,电子元件,3.811133
1696,3713,2025-01-27,601608,中信重工,专用设备,3.810121
1697,697,2025-01-27,2386,天原股份,化学原料,3.8093984
1698,3540,2025-01-27,2434,万里扬,汽车零部件,3.8086562
1699,4552,2025-01-27,603005,晶方科技,半导体,3.8047717
1700,3508,2025-01-27,301072,中捷精工,汽车零部件,3.8033724
1701,4478,2025-01-27,688126,沪硅产业,半导体,3.8026764
1702,3919,2025-01-27,688055,龙腾光电,光学光电子,3.8014069
1703,4876,2025-01-27,300638,广和通,通信设备,3.8003519
1704,4499,2025-01-27,301369,联动科技,半导体,3.7987993
1705,4064,2025-01-27,300567,精测电子,仪器仪表,3.7980227
1706,661,2025-01-27,2571,德力股份,家用轻工,3.7979155
1707,4265,2025-01-27,2686,亿利达,通用设备,3.797704
1708,1762,2025-01-27,2201,正威新材,玻璃玻纤,3.797677
1709,2242,2025-01-27,300288,朗玛信息,互联网服务,3.7975297
1710,4889,2025-01-27,600775,南京熊猫,通信设备,3.7967517
1711,1545,2025-01-27,2431,棕榈股份,工程建设,3.796351
1712,4657,2025-01-27,1308,康冠科技,消费电子,3.7944362
1713,1685,2025-01-27,2554,惠博普,采掘行业,3.793639
1714,3556,2025-01-27,301192,泰祥股份,汽车零部件,3.793229
1715,3162,2025-01-27,600827,百联股份,商业百货,3.7918077
1716,222,2025-01-27,862,银星能源,电力行业,3.7909582
1717,2874,2025-01-27,2933,新兴装备,航天航空,3.7897854
1718,2816,2025-01-27,300351,永贵电器,交运设备,3.78955
1719,4320,2025-01-27,300421,力星股份,通用设备,3.7863805
1720,219,2025-01-27,600149,廊坊发展,电力行业,3.7856057
1721,2654,2025-01-27,300784,利安科技,塑料制品,3.785172
1722,2462,2025-01-27,965,天保基建,房地产开发,3.7830248
1723,275,2025-01-27,78,海王生物,医药商业,3.78211
1724,4539,2025-01-27,600460,士兰微,半导体,3.781946
1725,4854,2025-01-27,601869,长飞光纤,通信设备,3.780824
1726,3980,2025-01-27,600152,维科技术,电池,3.7797003
1727,2146,2025-01-27,603918,金桥信息,互联网服务,3.779377
1728,3768,2025-01-27,688596,正帆科技,专用设备,3.7791743
1729,1326,2025-01-27,301009,可靠股份,美容护理,3.7790372
1730,136,2025-01-27,300119,瑞普生物,农药兽药,3.7766604
1731,3931,2025-01-27,600071,凤凰光学,光学光电子,3.7753477
1732,4558,2025-01-27,688589,力合微,半导体,3.7752776
1733,3935,2025-01-27,688181,八亿时空,光学光电子,3.7749245
1734,3985,2025-01-27,300340,科恒股份,电池,3.7729845
1735,4651,2025-01-27,301567,贝隆精密,消费电子,3.7723362
1736,3813,2025-01-27,600184,光电股份,专用设备,3.7690833
1737,980,2025-01-27,300942,易瑞生物,化学制药,3.7681997
1738,4299,2025-01-27,2903,宇环数控,通用设备,3.7672071
1739,2230,2025-01-27,688500,慧辰股份,互联网服务,3.7651062
1740,3478,2025-01-27,603917,合力科技,汽车零部件,3.764306
1741,4648,2025-01-27,2981,朝阳科技,消费电子,3.7630706
1742,858,2025-01-27,603351,威尔药业,化学制药,3.759636
1743,4196,2025-01-27,603699,纽威股份,通用设备,3.7594557
1744,2469,2025-01-27,600773,西藏城投,房地产开发,3.7572489
1745,4655,2025-01-27,603626,科森科技,消费电子,3.756982
1746,1300,2025-01-27,300668,杰恩设计,工程咨询服务,3.7562013
1747,3281,2025-01-27,301012,扬电科技,电网设备,3.7552521
1748,1696,2025-01-27,601233,桐昆股份,化纤行业,3.75496
1749,2487,2025-01-27,600162,香江控股,房地产开发,3.75257
1750,2648,2025-01-27,973,佛塑科技,塑料制品,3.7505448
1751,524,2025-01-27,300511,雪榕生物,农牧饲渔,3.7475646
1752,2984,2025-01-27,300659,中孚信息,软件开发,3.7465663
1753,852,2025-01-27,300562,乐心医疗,医疗器械,3.7462547
1754,4043,2025-01-27,300417,南华仪器,仪器仪表,3.7451773
1755,2444,2025-01-27,2133,广宇集团,房地产开发,3.7419305
1756,1660,2025-01-27,688710,益诺思,生物制品,3.736341
1757,4660,2025-01-27,2782,可立克,消费电子,3.73566
1758,2201,2025-01-27,688316,青云科技-U,互联网服务,3.735611
1759,3015,2025-01-27,301162,国能日新,软件开发,3.7341714
1760,2633,2025-01-27,301161,唯万密封,塑料制品,3.733471
1761,1249,2025-01-27,2737,葵花药业,中药,3.7314727
1762,3879,2025-01-27,300940,南极光,光学光电子,3.7310572
1763,4906,2025-01-27,688788,科思科技,通信设备,3.729564
1764,3660,2025-01-27,603159,上海亚虹,专用设备,3.7288487
1765,3238,2025-01-27,2169,智光电气,电网设备,3.7272587
1766,2480,2025-01-27,2314,南山控股,房地产开发,3.724465
1767,4757,2025-01-27,2138,顺络电子,电子元件,3.7236109
1768,796,2025-01-27,688068,热景生物,医疗器械,3.7210374
1769,4312,2025-01-27,837,秦川机床,通用设备,3.7204192
1770,801,2025-01-27,300981,中红医疗,医疗器械,3.7202046
1771,4295,2025-01-27,2282,博深股份,通用设备,3.7201552
1772,296,2025-01-27,301017,漱玉平民,医药商业,3.7192478
1773,1093,2025-01-27,688178,万德斯,环保行业,3.7182763
1774,1475,2025-01-27,300240,飞力达,物流行业,3.7173285
1775,4319,2025-01-27,688448,磁谷科技,通用设备,3.7172704
1776,2485,2025-01-27,863,三湘印象,房地产开发,3.7171707
1777,2160,2025-01-27,600797,浙大网新,互联网服务,3.7167683
1778,2961,2025-01-27,600588,用友网络,软件开发,3.7152886
1779,1673,2025-01-27,534,万泽股份,生物制品,3.712502
1780,3023,2025-01-27,301269,华大九天,软件开发,3.7123501
1781,4070,2025-01-27,2877,智能自控,仪器仪表,3.7116752
1782,4069,2025-01-27,2338,奥普光电,仪器仪表,3.7113502
1783,2714,2025-01-27,603486,科沃斯,家电行业,3.7107825
1784,2218,2025-01-27,2232,启明信息,互联网服务,3.7106051
1785,326,2025-01-27,603818,曲美家居,装修建材,3.7085323
1786,4291,2025-01-27,777,中核科技,通用设备,3.7084951
1787,2190,2025-01-27,300168,万达信息,互联网服务,3.706725
1788,1667,2025-01-27,2038,双鹭药业,生物制品,3.7048266
1789,3331,2025-01-27,300443,金雷股份,风电设备,3.7045374
1790,4427,2025-01-27,688119,中钢洛耐,非金属材料,3.7035778
1791,3114,2025-01-27,2183,怡 亚 通,贸易行业,3.7034407
1792,2223,2025-01-27,300212,易华录,互联网服务,3.7016466
1793,2580,2025-01-27,572,海马汽车,汽车整车,3.7007108
1794,62,2025-01-27,600617,国新能源,燃气,3.7004516
1795,1669,2025-01-27,688443,智翔金泰-U,生物制品,3.6982088
1796,4955,2025-01-27,300626,华瑞股份,电机,3.6981926
1797,2437,2025-01-27,600716,凤凰股份,房地产开发,3.697774
1798,3130,2025-01-27,600774,汉商集团,商业百货,3.696312
1799,2178,2025-01-27,688292,浩瀚深度,互联网服务,3.6948667
1800,1502,2025-01-27,600604,市北高新,房地产服务,3.6933928
1801,3374,2025-01-27,300531,优博讯,计算机设备,3.6922574
1802,4505,2025-01-27,605588,冠石科技,半导体,3.691259
1803,3794,2025-01-27,2786,银宝山新,专用设备,3.6910071
1804,3426,2025-01-27,301298,东利机械,汽车零部件,3.6888764
1805,3816,2025-01-27,688290,景业智能,专用设备,3.687717
1806,2947,2025-01-27,300188,国投智能,软件开发,3.6876216
1807,438,2025-01-27,2743,富煌钢构,水泥建材,3.6869063
1808,2263,2025-01-27,603020,爱普股份,食品饮料,3.6863043
1809,4898,2025-01-27,688387,信科移动-U,通信设备,3.6829665
1810,4107,2025-01-27,831,中国稀土,小金属,3.6826088
1811,4260,2025-01-27,1379,腾达科技,通用设备,3.6796272
1812,2181,2025-01-27,688158,优刻得-W,互联网服务,3.6790638
1813,4672,2025-01-27,2351,漫步者,消费电子,3.6787763
1814,1570,2025-01-27,603843,正平股份,工程建设,3.6781802
1815,1493,2025-01-27,603506,南都物业,房地产服务,3.677629
1816,3274,2025-01-27,603097,江苏华辰,电网设备,3.6766438
1817,4029,2025-01-27,1266,宏英智能,仪器仪表,3.6754756
1818,3011,2025-01-27,301337,亚华电子,软件开发,3.6745176
1819,772,2025-01-27,688198,佰仁医疗,医疗器械,3.674233
1820,3115,2025-01-27,300184,力源信息,贸易行业,3.6737874
1821,1535,2025-01-27,600133,东湖高新,工程建设,3.673409
1822,4481,2025-01-27,688135,利扬芯片,半导体,3.6727414
1823,1101,2025-01-27,300614,百川畅银,环保行业,3.6727235
1824,4669,2025-01-27,300787,海能实业,消费电子,3.6714957
1825,4769,2025-01-27,603738,泰晶科技,电子元件,3.6673098
1826,3736,2025-01-27,600169,太原重工,专用设备,3.6672056
1827,4798,2025-01-27,2815,崇达技术,电子元件,3.6664395
1828,1272,2025-01-27,2949,华阳国际,工程咨询服务,3.6658168
1829,2687,2025-01-27,688169,石头科技,家电行业,3.661567
1830,1050,2025-01-27,603958,哈森股份,纺织服装,3.6603093
1831,676,2025-01-27,600319,亚星化学,化学原料,3.6593213
1832,3895,2025-01-27,2587,奥拓电子,光学光电子,3.65908
1833,2902,2025-01-27,603123,翠微股份,多元金融,3.6568568
1834,3032,2025-01-27,688118,普元信息,软件开发,3.653647
1835,3555,2025-01-27,603390,通达电气,汽车零部件,3.6493242
1836,4779,2025-01-27,301280,珠城科技,电子元件,3.6490932
1837,2497,2025-01-27,600665,天地源,房地产开发,3.643906
1838,1178,2025-01-27,603126,中材节能,环保行业,3.6438494
1839,4403,2025-01-27,600837,海通证券,证券,3.6435099
1840,2426,2025-01-27,600376,首开股份,房地产开发,3.643468
1841,3901,2025-01-27,688150,莱特光电,光学光电子,3.641817
1842,986,2025-01-27,2755,奥赛康,化学制药,3.6404953
1843,1052,2025-01-27,603196,日播时尚,纺织服装,3.6404
1844,2324,2025-01-27,2661,克明食品,食品饮料,3.640394
1845,2613,2025-01-27,2395,双象股份,塑料制品,3.6398292
1846,2944,2025-01-27,688023,安恒信息,软件开发,3.6395907
1847,2507,2025-01-27,300022,吉峰科技,工程机械,3.6388664
1848,2205,2025-01-27,688509,正元地信,互联网服务,3.638196
1849,1175,2025-01-27,688021,奥福环保,环保行业,3.632413
1850,1894,2025-01-27,2637,赞宇科技,化学制品,3.6321163
1851,3779,2025-01-27,603960,克来机电,专用设备,3.6318197
1852,4957,2025-01-27,2176,江特电机,电机,3.6314993
1853,845,2025-01-27,688656,浩欧博,医疗器械,3.628248
1854,4899,2025-01-27,300565,科信技术,通信设备,3.6277442
1855,3142,2025-01-27,501,武商集团,商业百货,3.626266
1856,4006,2025-01-27,300450,先导智能,电池,3.6249518
1857,3249,2025-01-27,300477,合纵科技,电网设备,3.6249294
1858,3531,2025-01-27,603158,腾龙股份,汽车零部件,3.6243649
1859,4324,2025-01-27,969,安泰科技,通用设备,3.6241696
1860,4525,2025-01-27,688130,晶华微,半导体,3.6232426
1861,2582,2025-01-27,601777,力帆科技,汽车整车,3.6228583
1862,4311,2025-01-27,300257,开山股份,通用设备,3.6217167
1863,3357,2025-01-27,2970,锐明技术,计算机设备,3.6207721
1864,2830,2025-01-27,300736,百邦科技,通信服务,3.6182551
1865,4674,2025-01-27,300543,朗科智能,消费电子,3.6181881
1866,4202,2025-01-27,301055,张小泉,通用设备,3.614798
1867,4323,2025-01-27,600592,龙溪股份,通用设备,3.6143212
1868,2503,2025-01-27,600246,万通发展,房地产开发,3.6121979
1869,414,2025-01-27,600611,大众交通,铁路公路,3.6111684
1870,2836,2025-01-27,2231,奥维通信,通信服务,3.6105752
1871,4764,2025-01-27,300747,锐科激光,电子元件,3.6095948
1872,2039,2025-01-27,2501,利源股份,有色金属,3.609219
1873,3040,2025-01-27,688201,信安世纪,软件开发,3.6091657
1874,838,2025-01-27,688105,诺唯赞,医疗器械,3.608325
1875,1299,2025-01-27,300284,苏交科,工程咨询服务,3.607495
1876,4750,2025-01-27,600353,旭光电子,电子元件,3.60606
1877,3358,2025-01-27,2180,纳思达,计算机设备,3.605336
1878,2430,2025-01-27,600185,格力地产,房地产开发,3.6003053
1879,1809,2025-01-27,2622,皓宸医疗,医疗服务,3.5991504
1880,4297,2025-01-27,603315,福鞍股份,通用设备,3.5985498
1881,1281,2025-01-27,300649,杭州园林,工程咨询服务,3.59848
1882,2225,2025-01-27,301381,赛维时代,互联网服务,3.5983934
1883,1806,2025-01-27,603882,金域医学,医疗服务,3.596288
1884,2289,2025-01-27,605567,春雪食品,食品饮料,3.59523
1885,4171,2025-01-27,605117,德业股份,光伏设备,3.594634
1886,4347,2025-01-27,300809,华辰装备,通用设备,3.5945356
1887,4885,2025-01-27,2413,雷科防务,通信设备,3.5926535
1888,4676,2025-01-27,301626,苏州天脉,消费电子,3.5922422
1889,4032,2025-01-27,300838,浙江力诺,仪器仪表,3.5918534
1890,2646,2025-01-27,301565,中仑新材,塑料制品,3.5903811
1891,1518,2025-01-27,2140,东华科技,工程建设,3.5899208
1892,1339,2025-01-27,2460,赣锋锂业,能源金属,3.5897837
1893,2406,2025-01-27,610,西安旅游,旅游酒店,3.5896688
1894,4153,2025-01-27,2623,亚玛顿,光伏设备,3.5884752
1895,4840,2025-01-27,2227,奥 特 迅,电源设备,3.5871818
1896,786,2025-01-27,603387,基蛋生物,医疗器械,3.5864444
1897,4829,2025-01-27,576,甘化科工,电源设备,3.5860016
1898,1549,2025-01-27,2307,北新路桥,工程建设,3.585811
1899,3218,2025-01-27,301002,崧盛股份,电网设备,3.5853653
1900,3340,2025-01-27,2659,凯文教育,教育,3.5848737
1901,516,2025-01-27,735,罗 牛 山,农牧饲渔,3.5833611
1902,3709,2025-01-27,600501,航天晨光,专用设备,3.583306
1903,1715,2025-01-27,420,吉林化纤,化纤行业,3.5804524
1904,1566,2025-01-27,300712,永福股份,工程建设,3.5798402
1905,2461,2025-01-27,2244,滨江集团,房地产开发,3.579451
1906,3286,2025-01-27,2927,泰永长征,电网设备,3.578402
1907,4244,2025-01-27,1225,和泰机电,通用设备,3.5765483
1908,1063,2025-01-27,600400,红豆股份,纺织服装,3.575009
1909,4677,2025-01-27,600745,闻泰科技,消费电子,3.573309
1910,3749,2025-01-27,300521,爱司凯,专用设备,3.5729005
1911,195,2025-01-27,600025,华能水电,电力行业,3.571856
1912,4636,2025-01-27,300131,英唐智控,消费电子,3.5699992
1913,4577,2025-01-27,688352,颀中科技,半导体,3.569746
1914,3933,2025-01-27,603297,永新光学,光学光电子,3.5688014
1915,4259,2025-01-27,300971,博亚精工,通用设备,3.5666778
1916,4793,2025-01-27,2922,伊戈尔,电子元件,3.5647929
1917,141,2025-01-27,2868,绿康生化,农药兽药,3.5638332
1918,3744,2025-01-27,300480,光力科技,专用设备,3.5627604
1919,1912,2025-01-27,300641,正丹股份,化学制品,3.5620184
1920,4500,2025-01-27,688259,创耀科技,半导体,3.561683
1921,4873,2025-01-27,547,航天发展,通信设备,3.5615473
1922,4284,2025-01-27,300700,岱勒新材,通用设备,3.561306
1923,3312,2025-01-27,301155,海力风电,风电设备,3.559926
1924,2179,2025-01-27,676,智度股份,互联网服务,3.5598426
1925,3356,2025-01-27,603019,中科曙光,计算机设备,3.5598369
1926,3282,2025-01-27,2953,日丰股份,电网设备,3.5598145
1927,3934,2025-01-27,688010,福光股份,光学光电子,3.5590813
1928,2122,2025-01-27,301299,卓创资讯,互联网服务,3.5587058
1929,3718,2025-01-27,301418,协昌科技,专用设备,3.5567508
1930,4289,2025-01-27,410,沈阳机床,通用设备,3.5564423
1931,382,2025-01-27,600337,美克家居,装修建材,3.5549073
1932,2111,2025-01-27,300052,中青宝,游戏,3.554368
1933,3756,2025-01-27,688283,坤恒顺维,专用设备,3.5539925
1934,2489,2025-01-27,600641,万业企业,房地产开发,3.5533042
1935,3317,2025-01-27,300772,运达股份,风电设备,3.5521655
1936,1534,2025-01-27,603176,汇通集团,工程建设,3.5498247
1937,380,2025-01-27,2162,悦心健康,装修建材,3.5480573
1938,947,2025-01-27,300086,康芝药业,化学制药,3.5479307
1939,3651,2025-01-27,688328,深科达,专用设备,3.5471573
1940,2837,2025-01-27,688081,兴图新科,通信服务,3.5433307
1941,1385,2025-01-27,2878,元隆雅图,文化传媒,3.5421014
1942,3988,2025-01-27,301238,瑞泰新材,电池,3.5399408
1943,2094,2025-01-27,2735,王子新材,包装材料,3.5378814
1944,385,2025-01-27,2853,皮阿诺,装修建材,3.537102
1945,3702,2025-01-27,600343,航天动力,专用设备,3.5368114
1946,3500,2025-01-27,301229,纽泰格,汽车零部件,3.5367622
1947,1342,2025-01-27,2192,融捷股份,能源金属,3.5353944
1948,378,2025-01-27,2785,万里石,装修建材,3.5347
1949,374,2025-01-27,603268,松发股份,装修建材,3.5343573
1950,264,2025-01-27,600979,广安爱众,电力行业,3.5341964
1951,2869,2025-01-27,300696,爱乐达,航天航空,3.5309582
1952,4759,2025-01-27,300516,久之洋,电子元件,3.5274715
1953,3024,2025-01-27,300311,任子行,软件开发,3.5272315
1954,3524,2025-01-27,301613,新铝时代,汽车零部件,3.5259962
1955,3791,2025-01-27,603135,中重科技,专用设备,3.5235121
1956,1833,2025-01-27,605566,福莱蒽特,化学制品,3.5180404
1957,2715,2025-01-27,600983,惠而浦,家电行业,3.516455
1958,953,2025-01-27,300158,振东制药,化学制药,3.5119176
1959,3886,2025-01-27,603679,华体科技,光学光电子,3.511879
1960,2431,2025-01-27,886,海南高速,房地产开发,3.5094113
1961,3863,2025-01-27,2952,亚世光电,光学光电子,3.5089076
1962,3082,2025-01-27,300075,数字政通,软件开发,3.5082505
1963,3025,2025-01-27,688152,麒麟信安,软件开发,3.5070553
1964,2138,2025-01-27,300226,上海钢联,互联网服务,3.5067916
1965,2142,2025-01-27,300609,汇纳科技,互联网服务,3.5033002
1966,4105,2025-01-27,600392,盛和资源,小金属,3.5013704
1967,118,2025-01-27,2688,金河生物,农药兽药,3.500822
1968,3649,2025-01-27,603029,天鹅股份,专用设备,3.4999146
1969,3521,2025-01-27,1319,铭科精技,汽车零部件,3.498669
1970,4001,2025-01-27,300890,翔丰华,电池,3.4973934
1971,961,2025-01-27,301281,科源制药,化学制药,3.4970908
1972,3572,2025-01-27,300258,精锻科技,汽车零部件,3.4940646
1973,2058,2025-01-27,601965,中国汽研,汽车服务,3.4937189
1974,1287,2025-01-27,300500,启迪设计,工程咨询服务,3.49278
1975,1079,2025-01-27,601718,际华集团,纺织服装,3.492391
1976,3864,2025-01-27,603685,晨丰科技,光学光电子,3.4877567
1977,4692,2025-01-27,300684,中石科技,消费电子,3.4872472
1978,4573,2025-01-27,688008,澜起科技,半导体,3.4871042
1979,1072,2025-01-27,600735,新华锦,纺织服装,3.4867644
1980,1582,2025-01-27,2247,聚力文化,装修装饰,3.4864573
1981,2267,2025-01-27,2515,金字火腿,食品饮料,3.4863412
1982,3774,2025-01-27,2960,青鸟消防,专用设备,3.485249
1983,1269,2025-01-27,300492,华图山鼎,工程咨询服务,3.4850643
1984,4747,2025-01-27,300726,宏达电子,电子元件,3.4844265
1985,4103,2025-01-27,600615,丰华股份,小金属,3.4830065
1986,4545,2025-01-27,688082,盛美上海,半导体,3.4795656
1987,4751,2025-01-27,2579,中京电子,电子元件,3.4793587
1988,4151,2025-01-27,603628,清源股份,光伏设备,3.478919
1989,411,2025-01-27,600548,深高速,铁路公路,3.47794
1990,4168,2025-01-27,300274,阳光电源,光伏设备,3.4772396
1991,3141,2025-01-27,600859,王府井,商业百货,3.4751282
1992,1452,2025-01-27,600794,保税科技,物流行业,3.4751058
1993,2219,2025-01-27,300541,先进数通,互联网服务,3.4749553
1994,2476,2025-01-27,600048,保利发展,房地产开发,3.4711778
1995,3541,2025-01-27,301488,豪恩汽电,汽车零部件,3.4706326
1996,3712,2025-01-27,519,中兵红箭,专用设备,3.4701943
1997,1418,2025-01-27,300612,宣亚国际,文化传媒,3.4699082
1998,1672,2025-01-27,2581,未名医药,生物制品,3.4691005
1999,4024,2025-01-27,2245,蔚蓝锂芯,电池,3.4685464
2000,1388,2025-01-27,300182,捷成股份,文化传媒,3.4677043
2001,2234,2025-01-27,300059,东方财富,互联网服务,3.4675062
2002,987,2025-01-27,300233,金城医药,化学制药,3.466198
2003,1801,2025-01-27,300149,睿智医药,医疗服务,3.4657702
2004,4409,2025-01-27,2673,西部证券,证券,3.4637942
2005,4695,2025-01-27,2055,得润电子,消费电子,3.4625723
2006,2861,2025-01-27,300722,新余国科,航天航空,3.4617603
2007,4062,2025-01-27,301510,固高科技,仪器仪表,3.4610047
2008,4305,2025-01-27,300885,海昌新材,通用设备,3.4602375
2009,1961,2025-01-27,2165,红 宝 丽,化学制品,3.458929
2010,3441,2025-01-27,603335,迪生力,汽车零部件,3.45809
2011,2353,2025-01-27,600186,莲花控股,食品饮料,3.456852
2012,1655,2025-01-27,300601,康泰生物,生物制品,3.4564986
2013,2132,2025-01-27,600571,信雅达,互联网服务,3.4553156
2014,1813,2025-01-27,600327,大东方,医疗服务,3.4545004
2015,4035,2025-01-27,300275,梅安森,仪器仪表,3.453058
2016,2034,2025-01-27,301522,上大股份,有色金属,3.4526377
2017,580,2025-01-27,2831,裕同科技,造纸印刷,3.4519687
2018,4373,2025-01-27,605060,联德股份,通用设备,3.4503922
2019,4302,2025-01-27,300988,津荣天宇,通用设备,3.449276
2020,3762,2025-01-27,600560,金自天正,专用设备,3.4467578
2021,1141,2025-01-27,600796,钱江生化,环保行业,3.4465744
2022,2713,2025-01-27,600336,澳柯玛,家电行业,3.446415
2023,3990,2025-01-27,688005,容百科技,电池,3.4460769
2024,2200,2025-01-27,688004,博汇科技,互联网服务,3.4458354
2025,3932,2025-01-27,600707,彩虹股份,光学光电子,3.4447014
2026,3111,2025-01-27,600250,南京商旅,贸易行业,3.4444122
2027,1143,2025-01-27,688370,丛麟科技,环保行业,3.4442604
2028,2840,2025-01-27,601698,中国卫通,通信服务,3.443949
2029,2777,2025-01-27,603529,爱玛科技,交运设备,3.4438803
2030,4293,2025-01-27,688251,井松智能,通用设备,3.4430518
2031,4641,2025-01-27,300433,蓝思科技,消费电子,3.441502
2032,528,2025-01-27,300175,朗源股份,农牧饲渔,3.4415007
2033,934,2025-01-27,688192,迪哲医药-U,化学制药,3.440514
2034,4615,2025-01-27,2993,奥海科技,消费电子,3.439863
2035,671,2025-01-27,2648,卫星化学,化学原料,3.4391105
2036,4805,2025-01-27,301413,安培龙,电子元件,3.435409
2037,4277,2025-01-27,2248,华东数控,通用设备,3.435202
2038,3804,2025-01-27,301199,迈赫股份,专用设备,3.433013
2039,3012,2025-01-27,301172,君逸数码,软件开发,3.4306123
2040,4765,2025-01-27,301319,唯特偶,电子元件,3.4303055
2041,2821,2025-01-27,603206,嘉环科技,通信服务,3.428349
2042,4690,2025-01-27,603296,华勤技术,消费电子,3.4277022
2043,1435,2025-01-27,2292,奥飞娱乐,文化传媒,3.4264312
2044,4300,2025-01-27,301448,开创电气,通用设备,3.425859
2045,367,2025-01-27,619,海螺新材,装修建材,3.4240365
2046,4715,2025-01-27,603678,火炬电子,电子元件,3.4221961
2047,3570,2025-01-27,300969,恒帅股份,汽车零部件,3.4212842
2048,3327,2025-01-27,300850,新强联,风电设备,3.4183831
2049,1288,2025-01-27,300778,新城市,工程咨询服务,3.415829
2050,3674,2025-01-27,688377,迪威尔,专用设备,3.4157844
2051,2328,2025-01-27,605300,佳禾食品,食品饮料,3.415677
2052,3502,2025-01-27,603768,常青股份,汽车零部件,3.4156516
2053,3164,2025-01-27,600415,小商品城,商业百货,3.4147248
2054,938,2025-01-27,953,河化股份,化学制药,3.4138157
2055,675,2025-01-27,2895,川恒股份,化学原料,3.4135997
2056,1322,2025-01-27,3006,百亚股份,美容护理,3.4117727
2057,1744,2025-01-27,17,深中华A,珠宝首饰,3.4116461
2058,329,2025-01-27,603833,欧派家居,装修建材,3.4111068
2059,4429,2025-01-27,603826,坤彩科技,非金属材料,3.4108758
2060,4308,2025-01-27,300083,创世纪,通用设备,3.410375
2061,2890,2025-01-27,688543,国科军工,航天航空,3.409049
2062,836,2025-01-27,300298,三诺生物,医疗器械,3.4086971
2063,115,2025-01-27,688098,申联生物,农药兽药,3.4084604
2064,2375,2025-01-27,300547,川环科技,橡胶制品,3.4067645
2065,3551,2025-01-27,603633,徕木股份,汽车零部件,3.406073
2066,2754,2025-01-16,688293,奥浦迈,专业服务,3.4049883
2067,4003,2025-01-27,300073,当升科技,电池,3.404647
2068,4516,2025-01-27,688699,明微电子,半导体,3.4026384
2069,1957,2025-01-27,300109,新开源,化学制品,3.4014554
2070,105,2025-01-27,1231,农心科技,农药兽药,3.4001694
2071,3151,2025-01-27,600628,新世界,商业百货,3.399612
2072,884,2025-01-27,2898,赛隆药业,化学制药,3.399405
2073,1448,2025-01-27,1331,胜通能源,物流行业,3.3981771
2074,4054,2025-01-27,300720,海川智能,仪器仪表,3.396225
2075,3271,2025-01-27,301390,经纬股份,电网设备,3.3923998
2076,4426,2025-01-27,2945,华林证券,证券,3.391911
2077,470,2025-01-27,905,厦门港务,航运港口,3.3894374
2078,4439,2025-01-27,300409,道氏技术,非金属材料,3.3890247
2079,1118,2025-01-27,301372,科净源,环保行业,3.3887892
2080,1290,2025-01-27,300675,建科院,工程咨询服务,3.3875659
2081,1153,2025-01-27,688679,通源环境,环保行业,3.3865407
2082,2888,2025-01-27,600038,中直股份,航天航空,3.3865094
2083,3766,2025-01-27,2337,赛象科技,专用设备,3.3859625
2084,1497,2025-01-27,7,全新好,房地产服务,3.3858628
2085,339,2025-01-27,2271,东方雨虹,装修建材,3.385046
2086,2335,2025-01-27,2695,煌上煌,食品饮料,3.3822865
2087,4682,2025-01-27,300602,飞荣达,消费电子,3.379494
2088,316,2025-01-27,2470,金正大,化肥行业,3.3785105
2089,4292,2025-01-27,301548,崇德科技,通用设备,3.378062
2090,2912,2025-01-27,617,中油资本,多元金融,3.3766925
2091,734,2025-01-27,300082,奥克股份,化学原料,3.3765733
2092,1825,2025-01-27,2716,湖南白银,贵金属,3.3763142
2093,1433,2025-01-27,300291,百纳千成,文化传媒,3.3760338
2094,2362,2025-01-27,639,西王食品,食品饮料,3.3723145
2095,3293,2025-01-27,601616,广电电气,电网设备,3.3719525
2096,1258,2025-01-27,2166,莱茵生物,中药,3.3710659
2097,503,2025-01-27,638,万方发展,农牧饲渔,3.3689187
2098,1432,2025-01-27,2654,万润科技,文化传媒,3.368707
2099,3505,2025-01-27,603758,秦安股份,汽车零部件,3.3663511
2100,289,2025-01-27,300937,药易购,医药商业,3.3659787
2101,2652,2025-01-27,688219,会通股份,塑料制品,3.3653364
2102,4656,2025-01-27,300793,佳禾智能,消费电子,3.3642187
2103,3787,2025-01-27,300151,昌红科技,专用设备,3.3622935
2104,4401,2025-01-27,601555,东吴证券,证券,3.3621
2105,2007,2025-01-27,2114,罗平锌电,有色金属,3.360209
2106,1166,2025-01-27,300334,津膜科技,环保行业,3.3600643
2107,1297,2025-01-27,300844,山水比德,工程咨询服务,3.3592865
2108,3607,2025-01-27,688548,广钢气体,电子化学品,3.3590198
2109,1116,2025-01-27,603359,东珠生态,环保行业,3.3573418
2110,1986,2025-01-27,2203,海亮股份,有色金属,3.3573017
2111,1943,2025-01-27,2802,洪汇新材,化学制品,3.3567786
2112,81,2025-01-27,600408,安泰集团,煤炭行业,3.3565388
2113,164,2025-01-27,605158,华达新材,钢铁行业,3.3564284
2114,2500,2025-01-27,517,荣安地产,房地产开发,3.3552437
2115,3740,2025-01-27,300837,浙矿股份,专用设备,3.3549175
2116,2067,2025-01-27,2928,华夏航空,航空机场,3.3544078
2117,2207,2025-01-27,301171,易点天下,互联网服务,3.354302
2118,955,2025-01-27,301075,多瑞医药,化学制药,3.3535898
2119,369,2025-01-27,2918,蒙娜丽莎,装修建材,3.3525422
2120,1012,2025-01-27,2563,森马服饰,纺织服装,3.351985
2121,2814,2025-01-27,1696,宗申动力,交运设备,3.3518002
2122,3259,2025-01-27,301361,众智科技,电网设备,3.349483
2123,4675,2025-01-27,300136,信维通信,消费电子,3.3463538
2124,3562,2025-01-27,603319,湘油泵,汽车零部件,3.345838
2125,3853,2025-01-27,2837,英维克,专用设备,3.3444748
2126,3378,2025-01-27,1339,智微智能,计算机设备,3.3435628
2127,4550,2025-01-27,300223,北京君正,半导体,3.3416762
2128,3380,2025-01-27,34,神州数码,计算机设备,3.3412008
2129,4421,2025-01-27,601198,东兴证券,证券,3.3406005
2130,4376,2025-01-27,595,宝塔实业,通用设备,3.339164
2131,3999,2025-01-27,300919,中伟股份,电池,3.3386753
2132,3047,2025-01-27,2153,石基信息,软件开发,3.3364937
2133,1075,2025-01-27,2397,梦洁股份,纺织服装,3.3364296
2134,3053,2025-01-27,301592,六九一二,软件开发,3.336011
2135,1106,2025-01-27,300187,永清环保,环保行业,3.3353658
2136,2320,2025-01-27,2481,双塔食品,食品饮料,3.3353508
2137,3750,2025-01-27,300281,金明精机,专用设备,3.3346534
2138,4160,2025-01-27,821,京山轻机,光伏设备,3.3342495
2139,4475,2025-01-27,688052,纳芯微,半导体,3.3342376
2140,835,2025-01-27,688301,奕瑞科技,医疗器械,3.3339307
2141,3603,2025-01-27,2584,西陇科学,电子化学品,3.333883
2142,1403,2025-01-27,892,欢瑞世纪,文化传媒,3.3335254
2143,2395,2025-01-27,428,华天酒店,旅游酒店,3.3334599
2144,1805,2025-01-27,301333,诺思格,医疗服务,3.3330276
2145,4447,2025-01-27,603688,石英股份,非金属材料,3.3321872
2146,2109,2025-01-27,300148,天舟文化,游戏,3.3317401
2147,4269,2025-01-27,301446,福事特,通用设备,3.3298583
2148,4785,2025-01-27,603989,艾华集团,电子元件,3.329344
2149,4725,2025-01-27,603186,华正新材,电子元件,3.3285663
2150,1186,2025-01-27,603686,福龙马,环保行业,3.3285306
2151,4217,2025-01-27,2132,恒星科技,通用设备,3.3257113
2152,568,2025-01-27,48,京基智农,农牧饲渔,3.3236668
2153,923,2025-01-27,600200,江苏吴中,化学制药,3.3198462
2154,760,2025-01-27,301122,采纳股份,医疗器械,3.3168018
2155,1990,2025-01-27,633,合金投资,有色金属,3.3154607
2156,4859,2025-01-27,688418,震有科技,通信设备,3.3138216
2157,3781,2025-01-27,300931,通用电梯,专用设备,3.3132493
2158,3485,2025-01-27,600960,渤海汽车,汽车零部件,3.3129885
2159,3844,2025-01-27,603690,至纯科技,专用设备,3.3107014
2160,2802,2025-01-27,300011,鼎汉技术,交运设备,3.3096075
2161,1886,2025-01-27,300535,达威股份,化学制品,3.308338
2162,1944,2025-01-27,603026,石大胜华,化学制品,3.3074617
2163,4411,2025-01-27,600864,哈投股份,证券,3.3058271
2164,2526,2025-01-27,600984,建设机械,工程机械,3.30514
2165,2296,2025-01-27,605388,均瑶健康,食品饮料,3.3050716
2166,4681,2025-01-27,2885,京泉华,消费电子,3.3035293
2167,3145,2025-01-27,715,中兴商业,商业百货,3.3023477
2168,3703,2025-01-27,688170,德龙激光,专用设备,3.3016264
2169,2530,2025-01-27,600132,重庆啤酒,酿酒行业,3.300409
2170,571,2025-01-27,798,中水渔业,农牧饲渔,3.3000498
2171,3784,2025-01-27,300802,矩子科技,专用设备,3.2998755
2172,2285,2025-01-27,2910,庄园牧场,食品饮料,3.2989993
2173,2770,2025-01-27,301289,国缆检测,专业服务,3.2984183
2174,1932,2025-01-27,300321,同大股份,化学制品,3.29694
2175,4470,2025-01-27,300831,派瑞股份,半导体,3.2949328
2176,3582,2025-01-27,2664,信质集团,汽车零部件,3.293413
2177,775,2025-01-27,688626,翔宇医疗,医疗器械,3.29282
2178,3633,2025-01-27,600894,广日股份,专用设备,3.292434
2179,3266,2025-01-27,300444,双杰电气,电网设备,3.2919989
2180,3517,2025-01-27,2085,万丰奥威,汽车零部件,3.2919407
2181,4763,2025-01-27,301132,满坤科技,电子元件,3.2909288
2182,2499,2025-01-27,620,新华联,房地产开发,3.2908902
2183,4441,2025-01-27,1359,平安电工,非金属材料,3.2901347
2184,3417,2025-01-27,601799,星宇股份,汽车零部件,3.2900229
2185,1662,2025-01-27,688276,百克生物,生物制品,3.2898054
2186,3407,2025-01-27,300912,凯龙高科,汽车零部件,3.2856643
2187,3236,2025-01-27,2560,通达股份,电网设备,3.2850802
2188,4489,2025-01-27,603061,金海通,半导体,3.283906
2189,1666,2025-01-27,300142,沃森生物,生物制品,3.2828152
2190,3450,2025-01-27,2537,海联金汇,汽车零部件,3.2826886
2191,3914,2025-01-27,600552,凯盛科技,光学光电子,3.2821627
2192,3116,2025-01-27,300755,华致酒行,贸易行业,3.282039
2193,4442,2025-01-27,1296,长江材料,非金属材料,3.280674
2194,3723,2025-01-27,688310,迈得医疗,专用设备,3.2799497
2195,1979,2025-01-27,807,云铝股份,有色金属,3.2778726
2196,2494,2025-01-27,600340,华夏幸福,房地产开发,3.277719
2197,3921,2025-01-27,300319,麦捷科技,光学光电子,3.277631
2198,2112,2025-01-27,300315,掌趣科技,游戏,3.2775788
2199,4435,2025-01-27,603612,索通发展,非金属材料,3.27736
2200,2455,2025-01-27,11,深物业A,房地产开发,3.2770753
2201,3221,2025-01-27,605196,华通线缆,电网设备,3.2757177
2202,1211,2025-01-27,600594,益佰制药,中药,3.2722428
2203,1623,2025-01-27,688488,艾迪药业,生物制品,3.271699
2204,922,2025-01-27,300966,共同药业,化学制药,3.2716513
2205,977,2025-01-27,300199,翰宇药业,化学制药,3.271474
2206,2813,2025-01-27,301016,雷尔伟,交运设备,3.2712877
2207,3903,2025-01-27,50,深天马Ａ,光学光电子,3.2712193
2208,3320,2025-01-27,688186,广大特材,风电设备,3.2694056
2209,1887,2025-01-27,603255,鼎际得,化学制品,3.2688782
2210,1421,2025-01-27,2858,力盛体育,文化传媒,3.268692
2211,1592,2025-01-27,2989,中天精装,装修装饰,3.2680273
2212,4612,2025-01-27,603341,龙旗科技,消费电子,3.267321
2213,3994,2025-01-27,688638,誉辰智能,电池,3.2654822
2214,4772,2025-01-27,688025,杰普特,电子元件,3.2648013
2215,602,2025-01-27,301469,恒达新材,造纸印刷,3.2646835
2216,3318,2025-01-27,301232,飞沃科技,风电设备,3.2646775
2217,4097,2025-01-27,600366,宁波韵升,小金属,3.2643585
2218,2297,2025-01-27,600429,三元股份,食品饮料,3.2637806
2219,4106,2025-01-27,600111,北方稀土,小金属,3.2637134
2220,388,2025-01-27,300616,尚品宅配,装修建材,3.2633872
2221,3007,2025-01-27,300074,华平股份,软件开发,3.2627032
2222,3915,2025-01-27,300566,激智科技,光学光电子,3.2619863
2223,3796,2025-01-27,688630,芯碁微装,专用设备,3.260772
2224,3278,2025-01-27,301031,中熔电气,电网设备,3.2598882
2225,4522,2025-01-27,688432,有研硅,半导体,3.2597601
2226,4944,2025-01-27,603042,华脉科技,通信设备,3.257844
2227,4307,2025-01-27,603339,四方科技,通用设备,3.2577872
2228,4014,2025-01-27,688779,五矿新能,电池,3.2570243
2229,2466,2025-01-27,600173,卧龙地产,房地产开发,3.2567353
2230,3803,2025-01-27,852,石化机械,专用设备,3.254816
2231,4533,2025-01-27,688209,英集芯,半导体,3.2524765
2232,794,2025-01-27,300685,艾德生物,医疗器械,3.2515764
2233,573,2025-01-27,600467,好当家,农牧饲渔,3.2484472
2234,4317,2025-01-27,2046,国机精工,通用设备,3.2478392
2235,4924,2025-01-27,300570,太辰光,通信设备,3.2469928
2236,2909,2025-01-27,600830,香溢融通,多元金融,3.2467291
2237,2258,2025-01-27,300973,立高食品,食品饮料,3.2447054
2238,1247,2025-01-27,603858,步长制药,中药,3.2438145
2239,4108,2025-01-27,605376,博迁新材,小金属,3.241858
2240,1802,2025-01-27,2219,新里程,医疗服务,3.2417402
2241,1692,2025-01-27,300164,通源石油,采掘行业,3.2415776
2242,3208,2025-01-27,2121,科陆电子,电网设备,3.2412515
2243,2932,2025-01-27,688207,格灵深瞳,软件开发,3.2406063
2244,3492,2025-01-27,605128,上海沿浦,汽车零部件,3.2395616
2245,3463,2025-01-27,603982,泉峰汽车,汽车零部件,3.2393947
2246,4164,2025-01-27,2218,拓日新能,光伏设备,3.239204
2247,2634,2025-01-27,300596,利安隆,塑料制品,3.2390952
2248,3922,2025-01-27,688079,美迪凯,光学光电子,3.237678
2249,4790,2025-01-27,600884,杉杉股份,电子元件,3.2368138
2250,875,2025-01-27,600216,浙江医药,化学制药,3.2357023
2251,391,2025-01-27,429,粤高速Ａ,铁路公路,3.234674
2252,1578,2025-01-27,2830,名雕股份,装修装饰,3.2341003
2253,3280,2025-01-27,300286,安科瑞,电网设备,3.2333941
2254,494,2025-01-27,605,渤海股份,公用事业,3.2314658
2255,738,2025-01-27,603004,鼎龙科技,化学原料,3.2288835
2256,609,2025-01-27,2067,景兴纸业,造纸印刷,3.228773
2257,2621,2025-01-27,2585,双星新材,塑料制品,3.2284274
2258,2483,2025-01-27,1979,招商蛇口,房地产开发,3.2277198
2259,1727,2025-01-27,652,泰达股份,综合行业,3.2260685
2260,3974,2025-01-27,688573,信宇人,电池,3.2222345
2261,4731,2025-01-27,605258,协和电子,电子元件,3.2221243
2262,3202,2025-01-27,2692,远程股份,电网设备,3.221157
2263,2845,2025-01-27,301139,元道通信,通信服务,3.219013
2264,3076,2025-01-27,688692,达梦数据,软件开发,3.2188222
2265,3775,2025-01-27,603901,永创智能,专用设备,3.2156124
2266,3707,2025-01-27,603356,华菱精工,专用设备,3.2148554
2267,3552,2025-01-27,2283,天润工业,汽车零部件,3.2148316
2268,3140,2025-01-27,600828,茂业商业,商业百货,3.2139897
2269,3725,2025-01-27,688420,美腾科技,专用设备,3.2139316
2270,1032,2025-01-27,955,欣龙控股,纺织服装,3.2137752
2271,2893,2025-01-27,688239,航宇科技,航天航空,3.21375
2272,990,2025-01-27,300110,华仁药业,化学制药,3.21147
2273,594,2025-01-27,2836,新宏泽,造纸印刷,3.2098742
2274,295,2025-01-27,600272,开开实业,医药商业,3.2086134
2275,1781,2025-01-27,688076,诺泰生物,医疗服务,3.2079086
2276,3458,2025-01-27,2997,瑞鹄模具,汽车零部件,3.2073557
2277,711,2025-01-27,300891,惠云钛业,化学原料,3.205584
2278,3963,2025-01-27,301358,湖南裕能,电池,3.2051742
2279,2166,2025-01-27,2195,岩山科技,互联网服务,3.2050655
2280,1923,2025-01-27,301077,星华新材,化学制品,3.203085
2281,2903,2025-01-27,600816,建元信托,多元金融,3.2025948
2282,680,2025-01-27,2136,安 纳 达,化学原料,3.2009556
2283,948,2025-01-27,600789,鲁抗医药,化学制药,3.1990469
2284,4102,2025-01-27,970,中科三环,小金属,3.19871
2285,2454,2025-01-27,29,深深房Ａ,房地产开发,3.1979978
2286,4834,2025-01-27,2255,海陆重工,电源设备,3.1964555
2287,719,2025-01-27,600935,华塑股份,化学原料,3.195484
2288,2015,2025-01-27,688456,有研粉材,有色金属,3.195107
2289,4508,2025-01-27,688216,气派科技,半导体,3.194201
2290,3045,2025-01-27,688631,莱斯信息,软件开发,3.1932802
2291,753,2025-01-27,688617,惠泰医疗,医疗器械,3.1927273
2292,2321,2025-01-27,603696,安记食品,食品饮料,3.1925783
2293,1413,2025-01-27,605168,三人行,文化传媒,3.1888485
2294,1488,2025-01-27,601156,东航物流,物流行业,3.1887145
2295,3155,2025-01-27,417,合百集团,商业百货,3.185171
2296,4412,2025-01-27,600909,华安证券,证券,3.1848402
2297,1341,2025-01-27,2240,盛新锂能,能源金属,3.1833901
2298,659,2025-01-27,605299,舒华体育,家用轻工,3.1831355
2299,4091,2025-01-27,2167,东方锆业,小金属,3.181739
2300,3520,2025-01-27,603767,中马传动,汽车零部件,3.1817346
2301,4909,2025-01-27,2792,通宇通讯,通信设备,3.1816244
2302,3304,2025-01-27,533,顺钠股份,电网设备,3.1815186
2303,66,2025-01-27,600635,大众公用,燃气,3.1810448
2304,2308,2025-01-27,605089,味知香,食品饮料,3.1808047
2305,1090,2025-01-27,688309,恒誉环保,环保行业,3.1793475
2306,3323,2025-01-27,603507,振江股份,风电设备,3.1779647
2307,715,2025-01-27,603213,镇洋发展,化学原料,3.1769946
2308,1125,2025-01-27,688565,力源科技,环保行业,3.1769886
2309,3530,2025-01-27,605208,永茂泰,汽车零部件,3.1765566
2310,1958,2025-01-27,2669,康达新材,化学制品,3.1763434
2311,3154,2025-01-27,601086,国芳集团,商业百货,3.1752036
2312,1730,2025-01-27,839,中信国安,综合行业,3.172803
2313,4487,2025-01-27,688018,乐鑫科技,半导体,3.1718507
2314,4954,2025-01-27,600416,湘电股份,电机,3.1703024
2315,3881,2025-01-27,300102,乾照光电,光学光电子,3.1698122
2316,3967,2025-01-27,300014,亿纬锂能,电池,3.1690583
2317,43,2025-01-27,603080,新疆火炬,燃气,3.1680167
2318,2041,2025-01-27,603527,众源新材,有色金属,3.1676397
2319,2056,2025-01-27,600822,上海物贸,汽车服务,3.1662152
2320,2055,2025-01-27,600386,北巴传媒,汽车服务,3.1643226
2321,1321,2025-01-27,300740,水羊股份,美容护理,3.1642094
2322,3819,2025-01-27,688646,逸飞激光,专用设备,3.1621172
2323,2524,2025-01-27,300201,海伦哲,工程机械,3.1615064
2324,2716,2025-01-27,300824,北鼎股份,家电行业,3.1613781
2325,2601,2025-01-27,2263,大东南,塑料制品,3.1610415
2326,552,2025-01-27,600540,新赛股份,农牧饲渔,3.1599045
2327,3203,2025-01-27,2090,金智科技,电网设备,3.1587884
2328,2478,2025-01-27,36,华联控股,房地产开发,3.1578035
2329,1010,2025-01-27,600137,浪莎股份,纺织服装,3.1564088
2330,2767,2025-01-27,688133,泰坦科技,专业服务,3.1557336
2331,617,2025-01-27,600938,中国海油,石油行业,3.1555474
2332,4086,2025-01-27,600459,贵研铂业,小金属,3.1554997
2333,4072,2025-01-27,688112,鼎阳科技,仪器仪表,3.155385
2334,1664,2025-01-27,688302,海创药业-U,生物制品,3.1549275
2335,299,2025-01-27,408,藏格矿业,化肥行业,3.1546502
2336,2498,2025-01-27,600606,绿地控股,房地产开发,3.1535938
2337,1594,2025-01-27,2482,广田集团,装修装饰,3.1535134
2338,4484,2025-01-27,688591,泰凌微,半导体,3.1531975
2339,4893,2025-01-27,600522,中天科技,通信设备,3.152187
2340,99,2025-01-27,601015,陕西黑猫,煤炭行业,3.151603
2341,131,2025-01-27,2004,华邦健康,农药兽药,3.1486168
2342,1482,2025-01-27,603223,恒通股份,物流行业,3.1481
2343,2908,2025-01-27,987,越秀资本,多元金融,3.1480834
2344,251,2025-01-27,600719,大连热电,电力行业,3.147602
2345,4699,2025-01-27,601138,工业富联,消费电子,3.1468942
2346,4236,2025-01-27,1268,联合精密,通用设备,3.1460226
2347,2882,2025-01-27,600879,航天电子,航天航空,3.1460032
2348,1360,2025-01-27,600640,国脉文化,文化传媒,3.1446457
2349,150,2025-01-27,600581,八一钢铁,钢铁行业,3.1428947
2350,2341,2025-01-27,605339,南侨食品,食品饮料,3.1411438
2351,3373,2025-01-27,600855,航天长峰,计算机设备,3.1400516
2352,2863,2025-01-27,768,中航西飞,航天航空,3.1382947
2353,604,2025-01-27,1279,强邦新材,造纸印刷,3.1377926
2354,4743,2025-01-27,600237,铜峰电子,电子元件,3.1371846
2355,2963,2025-01-27,301313,凡拓数创,软件开发,3.1352923
2356,2092,2025-01-27,2787,华源控股,包装材料,3.1340182
2357,3138,2025-01-27,600785,新华百货,商业百货,3.1340122
2358,2512,2025-01-27,600815,厦工股份,工程机械,3.1331286
2359,1372,2025-01-27,2995,天地在线,文化传媒,3.130506
2360,72,2025-01-27,2128,电投能源,煤炭行业,3.130302
2361,3124,2025-01-27,600753,庚星股份,贸易行业,3.1285002
2362,510,2025-01-27,600354,敦煌种业,农牧饲渔,3.1276197
2363,2712,2025-01-27,300217,东方电热,家电行业,3.1270936
2364,976,2025-01-27,688321,微芯生物,化学制药,3.1263723
2365,3512,2025-01-27,600148,长春一东,汽车零部件,3.125508
2366,562,2025-01-27,603151,邦基科技,农牧饲渔,3.125371
2367,672,2025-01-27,301,东方盛虹,化学原料,3.1251802
2368,907,2025-01-27,688189,南新制药,化学制药,3.1233654
2369,298,2025-01-27,600078,澄星股份,化肥行业,3.121823
2370,1686,2025-01-27,605086,龙高股份,采掘行业,3.1217291
2371,4278,2025-01-27,301311,昆船智能,通用设备,3.1202583
2372,4018,2025-01-27,688388,嘉元科技,电池,3.1201496
2373,1282,2025-01-27,301136,招标股份,工程咨询服务,3.11974
2374,3014,2025-01-27,688695,中创股份,软件开发,3.1191678
2375,3118,2025-01-27,2127,南极电商,贸易行业,3.1167433
2376,3537,2025-01-27,603190,亚通精工,汽车零部件,3.1138048
2377,1180,2025-01-27,600217,中再资环,环保行业,3.113401
2378,3611,2025-01-27,603078,江化微,电子化学品,3.1118393
2379,3565,2025-01-27,2328,新朋股份,汽车零部件,3.1117618
2380,1822,2025-01-27,601028,玉龙股份,贵金属,3.1073675
2381,1908,2025-01-27,688602,康鹏科技,化学制品,3.1039536
2382,940,2025-01-27,300006,莱美药业,化学制药,3.1032145
2383,3506,2025-01-27,600081,东风科技,汽车零部件,3.102523
2384,1993,2025-01-27,300855,图南股份,有色金属,3.1019614
2385,4181,2025-01-27,600481,双良节能,光伏设备,3.1017184
2386,3888,2025-01-27,2387,维信诺,光学光电子,3.098093
2387,3780,2025-01-27,603283,赛腾股份,专用设备,3.0976355
2388,4649,2025-01-27,301387,光大同创,消费电子,3.0966744
2389,4122,2025-01-27,300724,捷佳伟创,光伏设备,3.0961885
2390,4638,2025-01-27,688683,莱尔科技,消费电子,3.095974
2391,1340,2025-01-27,300390,天华新能,能源金属,3.0948222
2392,1619,2025-01-27,300683,海特生物,生物制品,3.0896842
2393,2085,2025-01-27,3003,天元股份,包装材料,3.0896485
2394,1415,2025-01-27,601929,吉视传媒,文化传媒,3.0888126
2395,3987,2025-01-27,688006,杭可科技,电池,3.0886114
2396,4727,2025-01-27,688582,芯动联科,电子元件,3.0877664
2397,3894,2025-01-27,600651,飞乐音响,光学光电子,3.0871286
2398,2316,2025-01-27,300908,仲景食品,食品饮料,3.086786
2399,4766,2025-01-27,688020,方邦股份,电子元件,3.0851378
2400,1910,2025-01-27,301292,海科新源,化学制品,3.084819
2401,1842,2025-01-27,600866,星湖科技,化学制品,3.0832722
2402,1427,2025-01-27,600825,新华传媒,文化传媒,3.0823634
2403,3139,2025-01-27,603708,家家悦,商业百货,3.0818746
2404,1820,2025-01-27,300139,晓程科技,贵金属,3.0810742
2405,3714,2025-01-27,301105,鸿铭股份,专用设备,3.0805395
2406,4897,2025-01-27,32,深桑达Ａ,通信设备,3.0800552
2407,4673,2025-01-27,2635,安洁科技,消费电子,3.0792892
2408,4224,2025-01-27,603028,赛福天,通用设备,3.0790806
2409,1405,2025-01-27,301231,荣信文化,文化传媒,3.0787454
2410,2340,2025-01-27,603517,绝味食品,食品饮料,3.0785396
2411,3686,2025-01-27,603076,乐惠国际,专用设备,3.0778527
2412,2839,2025-01-27,2544,普天科技,通信服务,3.0766606
2413,3183,2025-01-27,600268,国电南自,电网设备,3.0761123
2414,2990,2025-01-27,2405,四维图新,软件开发,3.0760078
2415,1325,2025-01-27,603193,润本股份,美容护理,3.0732722
2416,4296,2025-01-27,301137,哈焊华通,通用设备,3.0711503
2417,3770,2025-01-27,603095,越剑智能,专用设备,3.070073
2418,2853,2025-01-27,603220,中贝通信,通信服务,3.0693576
2419,1767,2025-01-27,301188,力诺药包,玻璃玻纤,3.0686364
2420,1019,2025-01-27,603365,水星家纺,纺织服装,3.0680866
2421,4575,2025-01-27,688702,盛科通信-U,半导体,3.0661716
2422,4031,2025-01-27,688610,埃科光电,仪器仪表,3.0657425
2423,833,2025-01-27,300238,冠昊生物,医疗器械,3.0640512
2424,4007,2025-01-27,300207,欣旺达,电池,3.0623198
2425,3668,2025-01-27,300836,佰奥智能,专用设备,3.062284
2426,3558,2025-01-27,688612,威迈斯,汽车零部件,3.062059
2427,3875,2025-01-27,688538,和辉光电-U,光学光电子,3.0614347
2428,877,2025-01-27,688578,艾力斯,化学制药,3.059569
2429,1445,2025-01-27,2352,顺丰控股,物流行业,3.0587435
2430,4762,2025-01-27,300227,光韵达,电子元件,3.058605
2431,2638,2025-01-27,301000,肇民科技,塑料制品,3.0578778
2432,733,2025-01-27,603663,三祥新材,化学原料,3.0571432
2433,4549,2025-01-27,688484,南芯科技,半导体,3.0567288
2434,4527,2025-01-27,2185,华天科技,半导体,3.0556931
2435,4520,2025-01-27,688403,汇成股份,半导体,3.0556872
2436,4752,2025-01-27,2161,远 望 谷,电子元件,3.0541687
2437,3150,2025-01-27,600738,丽尚国潮,商业百货,3.0541153
2438,1140,2025-01-27,300692,中环环保,环保行业,3.053826
2439,3522,2025-01-27,603178,圣龙股份,汽车零部件,3.0536084
2440,4390,2025-01-27,601108,财通证券,证券,3.0527651
2441,2282,2025-01-27,529,广弘控股,食品饮料,3.052342
2442,2822,2025-01-27,601728,中国电信,通信服务,3.0484617
2443,620,2025-01-27,159,国际实业,石油行业,3.0479698
2444,2592,2025-01-27,688669,聚石化学,塑料制品,3.0470922
2445,554,2025-01-27,2696,百洋股份,农牧饲渔,3.0448346
2446,2447,2025-01-27,600649,城投控股,房地产开发,3.03756
2447,1484,2025-01-27,600179,安通控股,物流行业,3.0371757
2448,3777,2025-01-27,2975,博杰股份,专用设备,3.036277
2449,3930,2025-01-27,688307,中润光学,光学光电子,3.035818
2450,2224,2025-01-27,688636,智明达,互联网服务,3.034964
2451,1094,2025-01-27,601827,三峰环境,环保行业,3.0330448
2452,4240,2025-01-27,301079,邵阳液压,通用设备,3.032638
2453,4718,2025-01-27,2724,海洋王,电子元件,3.0284019
2454,2886,2025-01-27,2023,海特高新,航天航空,3.0275927
2455,1416,2025-01-27,300364,中文在线,文化传媒,3.0270934
2456,1713,2025-01-27,688295,中复神鹰,化纤行业,3.0262516
2457,2093,2025-01-27,812,陕西金叶,包装材料,3.024368
2458,2195,2025-01-27,300269,联建光电,互联网服务,3.0241206
2459,3650,2025-01-27,1360,南矿集团,专用设备,3.0235841
2460,1559,2025-01-27,300517,海波重科,工程建设,3.0221164
2461,2719,2025-01-27,688793,倍轻松,家电行业,3.0202568
2462,429,2025-01-27,601992,金隅集团,水泥建材,3.0199335
2463,3437,2025-01-27,570,苏常柴Ａ,汽车零部件,3.0196576
2464,4870,2025-01-27,600562,国睿科技,通信设备,3.0196323
2465,2407,2025-01-27,600576,祥源文旅,旅游酒店,3.0192778
2466,4865,2025-01-27,300397,天和防务,通信设备,3.0187979
2467,978,2025-01-27,952,广济药业,化学制药,3.0187294
2468,1499,2025-01-27,601588,北辰实业,房地产服务,3.0181944
2469,376,2025-01-27,301227,森鹰窗业,装修建材,3.0177503
2470,1584,2025-01-27,2375,亚厦股份,装修装饰,3.0172005
2471,1602,2025-01-27,2963,豪尔赛,装修装饰,3.017135
2472,2388,2025-01-27,300121,阳谷华泰,橡胶制品,3.0170486
2473,3706,2025-01-27,300004,南风股份,专用设备,3.0162425
2474,2474,2025-01-27,601155,新城控股,房地产开发,3.013359
2475,3632,2025-01-27,300669,沪宁股份,专用设备,3.012283
2476,2048,2025-01-27,601137,博威合金,有色金属,3.0119405
2477,3966,2025-01-27,600241,时代万恒,电池,3.0112207
2478,1328,2025-01-27,688363,华熙生物,美容护理,3.0111194
2479,1930,2025-01-27,3022,联泓新科,化学制品,3.0100555
2480,476,2025-01-27,598,兴蓉环境,公用事业,3.0091598
2481,876,2025-01-27,2019,亿帆医药,化学制药,3.0085847
2482,1755,2025-01-27,600819,耀皮玻璃,玻璃玻纤,3.0084252
2483,134,2025-01-27,2391,长青股份,农药兽药,3.0081897
2484,3158,2025-01-27,600857,宁波中百,商业百货,3.006825
2485,1561,2025-01-27,605598,上海港湾,工程建设,3.00588
2486,1651,2025-01-27,300122,智飞生物,生物制品,3.005734
2487,2717,2025-01-27,301008,宏昌科技,家电行业,3.0053272
2488,1977,2025-01-27,2379,宏创控股,有色金属,3.0043468
2489,2442,2025-01-27,718,苏宁环球,房地产开发,3.0040905
2490,2183,2025-01-27,300248,新开普,互联网服务,3.0038311
2491,4878,2025-01-27,600435,北方导航,通信设备,3.0035987
2492,1408,2025-01-27,300027,华谊兄弟,文化传媒,3.0034094
2493,4193,2025-01-27,1380,华纬科技,通用设备,3.0021265
2494,4503,2025-01-27,603160,汇顶科技,半导体,3.001903
2495,1643,2025-01-27,688137,近岸蛋白,生物制品,3.0016675
2496,3143,2025-01-27,605188,国光连锁,商业百货,3.0016005
2497,3743,2025-01-27,300195,长荣股份,专用设备,3.0013666
2498,1703,2025-01-27,782,恒申新材,化纤行业,3.0010252
2499,1206,2025-01-27,600329,达仁堂,中药,3.0006871
2500,1241,2025-01-27,603139,康惠制药,中药,2.9978588
2501,1352,2025-01-27,300133,华策影视,文化传媒,2.9976308
2502,960,2025-01-27,600079,人福医药,化学制药,2.9971883
2503,1934,2025-01-27,301555,惠柏新材,化学制品,2.995768
2504,4053,2025-01-27,688056,莱伯泰科,仪器仪表,2.9949234
2505,2846,2025-01-27,300560,中富通,通信服务,2.992937
2506,4420,2025-01-27,600155,华创云信,证券,2.992706
2507,2294,2025-01-27,300858,科拓生物,食品饮料,2.99211
2508,3493,2025-01-27,600676,交运股份,汽车零部件,2.990149
2509,1725,2025-01-27,600805,悦达投资,综合行业,2.9901237
2510,0,2025-01-27,601665,齐鲁银行,银行,2.9890835
2511,1324,2025-01-27,301371,敷尔佳,美容护理,2.988714
2512,1946,2025-01-27,603683,晶华新材,化学制品,2.9885306
2513,395,2025-01-27,1965,招商公路,铁路公路,2.9873312
2514,1841,2025-01-27,985,大庆华科,化学制品,2.985017
2515,2214,2025-01-27,688051,佳华科技,互联网服务,2.984652
2516,4504,2025-01-27,605111,新洁能,半导体,2.9845343
2517,3639,2025-01-27,688789,宏华数科,专用设备,2.9824243
2518,4316,2025-01-27,811,冰轮环境,通用设备,2.981986
2519,2006,2025-01-27,600595,中孚实业,有色金属,2.9817655
2520,3585,2025-01-27,300680,隆盛科技,汽车零部件,2.9807224
2521,588,2025-01-27,605007,五洲特纸,造纸印刷,2.9793904
2522,3367,2025-01-27,1229,魅视科技,计算机设备,2.979262
2523,1920,2025-01-27,301212,联盛化学,化学制品,2.9789119
2524,2970,2025-01-27,300520,科大国创,软件开发,2.978772
2525,4956,2025-01-27,688395,正弦电气,电机,2.9785097
2526,4512,2025-01-27,688478,晶升股份,半导体,2.9773996
2527,2392,2025-01-27,2059,云南旅游,旅游酒店,2.975589
2528,1409,2025-01-27,917,电广传媒,文化传媒,2.9742792
2529,3186,2025-01-27,600525,长园集团,电网设备,2.9736147
2530,1789,2025-01-27,2173,创新医疗,医疗服务,2.9734225
2531,4538,2025-01-27,300782,卓胜微,半导体,2.9718115
2532,4384,2025-01-27,600958,东方证券,证券,2.9715328
2533,1810,2025-01-27,300244,迪安诊断,医疗服务,2.9697685
2534,716,2025-01-27,301118,恒光股份,化学原料,2.969487
2535,3579,2025-01-27,603009,北特科技,汽车零部件,2.969259
2536,3613,2025-01-27,2643,万润股份,电子化学品,2.9688404
2537,3157,2025-01-27,2561,徐家汇,商业百货,2.9686332
2538,3769,2025-01-27,300048,合康新能,专用设备,2.9656663
2539,2346,2025-01-27,603697,有友食品,食品饮料,2.9655054
2540,3147,2025-01-27,2344,海宁皮城,商业百货,2.96427
2541,807,2025-01-27,300676,华大基因,医疗器械,2.96416
2542,321,2025-01-27,2398,垒知集团,装修建材,2.962479
2543,4212,2025-01-27,2444,巨星科技,通用设备,2.9622972
2544,4047,2025-01-27,605056,咸亨国际,仪器仪表,2.9617622
2545,3961,2025-01-27,300568,星源材质,电池,2.961178
2546,1631,2025-01-27,301509,金凯生科,生物制品,2.9601455
2547,4523,2025-01-27,301308,江波龙,半导体,2.958539
2548,1769,2025-01-27,603256,宏和科技,玻璃玻纤,2.9566078
2549,3900,2025-01-27,688127,蓝特光学,光学光电子,2.9533415
2550,2639,2025-01-27,603991,至正股份,塑料制品,2.9519172
2551,4288,2025-01-27,688557,兰剑智能,通用设备,2.95133
2552,511,2025-01-27,300972,万辰集团,农牧饲渔,2.9511957
2553,2868,2025-01-27,600760,中航沈飞,航天航空,2.9511542
2554,3516,2025-01-27,300611,美力科技,汽车零部件,2.95092
2555,4623,2025-01-27,300686,智动力,消费电子,2.9506564
2556,1327,2025-01-27,300957,贝泰妮,美容护理,2.949594
2557,4666,2025-01-27,301086,鸿富瀚,消费电子,2.9488966
2558,3497,2025-01-27,301539,宏鑫科技,汽车零部件,2.9488444
2559,1747,2025-01-27,2574,明牌珠宝,珠宝首饰,2.9478238
2560,3321,2025-01-27,301163,宏德股份,风电设备,2.9474392
2561,968,2025-01-27,688356,键凯科技,化学制药,2.9459624
2562,4404,2025-01-27,601696,中银证券,证券,2.9445739
2563,1336,2025-01-27,762,西藏矿业,能源金属,2.9443712
2564,2450,2025-01-27,600082,海泰发展,房地产开发,2.944088
2565,2191,2025-01-27,2474,榕基软件,互联网服务,2.9439092
2566,4711,2025-01-27,733,振华科技,电子元件,2.9400363
2567,831,2025-01-27,688607,康众医疗,医疗器械,2.9392288
2568,4529,2025-01-27,301050,雷电微力,半导体,2.939172
2569,4642,2025-01-27,2475,立讯精密,消费电子,2.938944
2570,722,2025-01-27,603172,万丰股份,化学原料,2.9357836
2571,3563,2025-01-27,301160,翔楼新材,汽车零部件,2.9351056
2572,812,2025-01-27,300246,宝莱特,医疗器械,2.9350593
2573,186,2025-01-27,600010,包钢股份,钢铁行业,2.9323027
2574,4327,2025-01-27,301377,鼎泰高科,通用设备,2.932267
2575,3601,2025-01-27,688550,瑞联新材,电子化学品,2.9319093
2576,4643,2025-01-27,300279,和晶科技,消费电子,2.9317067
2577,2645,2025-01-27,2324,普利特,塑料制品,2.9308228
2578,2468,2025-01-27,600683,京投发展,房地产开发,2.929482
2579,3612,2025-01-27,300054,鼎龙股份,电子化学品,2.9290452
2580,829,2025-01-27,300869,康泰医学,医疗器械,2.9290392
2581,2302,2025-01-27,1318,阳光乳业,食品饮料,2.9285862
2582,749,2025-01-27,688013,天臣医疗,医疗器械,2.9280603
2583,1313,2025-01-27,300132,青松股份,美容护理,2.9269114
2584,2619,2025-01-27,300214,日科化学,塑料制品,2.9261484
2585,3279,2025-01-27,688248,南网科技,电网设备,2.9259443
2586,4962,2025-01-27,2249,大洋电机,电机,2.9257522
2587,1807,2025-01-27,688222,成都先导,医疗服务,2.9238775
2588,1918,2025-01-27,300225,金力泰,化学制品,2.9223828
2589,586,2025-01-27,605377,华旺科技,造纸印刷,2.9222891
2590,4408,2025-01-27,601788,光大证券,证券,2.921778
2591,1323,2025-01-27,2243,力合科创,美容护理,2.9215798
2592,1486,2025-01-27,600787,中储股份,物流行业,2.9212966
2593,3635,2025-01-27,688125,安达智能,专用设备,2.9202178
2594,3153,2025-01-27,600814,杭州解百,商业百货,2.9198914
2595,981,2025-01-27,603207,小方制药,化学制药,2.9191434
2596,1465,2025-01-27,2800,天顺股份,物流行业,2.9161482
2597,1748,2025-01-27,25,特  力Ａ,珠宝首饰,2.911541
2598,4732,2025-01-27,600478,科力远,电子元件,2.9105709
2599,2900,2025-01-27,2961,瑞达期货,多元金融,2.9068947
2600,2501,2025-01-27,2305,南国置业,房地产开发,2.9052958
2601,4663,2025-01-27,688678,福立旺,消费电子,2.904813
2602,4155,2025-01-27,603396,金辰股份,光伏设备,2.9038801
2603,686,2025-01-27,822,山东海化,化学原料,2.9023871
2604,3599,2025-01-27,603931,格林达,电子化学品,2.9013023
2605,2870,2025-01-27,600391,航发科技,航天航空,2.9005318
2606,851,2025-01-27,688358,祥生医疗,医疗器械,2.9001684
2607,323,2025-01-27,603992,松霖科技,装修建材,2.8996692
2608,3231,2025-01-27,603577,汇金通,电网设备,2.8964133
2609,350,2025-01-27,1238,浙江正特,装修建材,2.8962164
2610,3464,2025-01-27,603786,科博达,汽车零部件,2.8961434
2611,4228,2025-01-27,300126,锐奇股份,通用设备,2.893558
2612,324,2025-01-27,603610,麒盛科技,装修建材,2.8934195
2613,2675,2025-01-27,603303,得邦照明,家电行业,2.890943
2614,1121,2025-01-27,300948,冠中生态,环保行业,2.890663
2615,957,2025-01-27,301089,拓新药业,化学制药,2.890247
2616,3920,2025-01-27,300241,瑞丰光电,光学光电子,2.8895884
2617,2724,2025-01-27,603219,富佳股份,家电行业,2.8878717
2618,3213,2025-01-27,603333,尚纬股份,电网设备,2.885768
2619,4881,2025-01-27,2104,恒宝股份,通信设备,2.8853045
2620,381,2025-01-27,2333,罗普斯金,装修建材,2.8838902
2621,3287,2025-01-27,2276,万马股份,电网设备,2.8833866
2622,4964,2025-01-27,301023,江南奕帆,电机,2.8829603
2623,3477,2025-01-27,2906,华阳集团,汽车零部件,2.8825595
2624,4754,2025-01-27,603267,鸿远电子,电子元件,2.8823316
2625,600,2025-01-27,600567,山鹰国际,造纸印刷,2.881448
2626,4249,2025-01-27,300946,恒而达,通用设备,2.8802454
2627,4402,2025-01-27,2939,长城证券,证券,2.8802304
2628,3824,2025-01-27,688255,凯尔达,专用设备,2.8789535
2629,3112,2025-01-27,600739,辽宁成大,贸易行业,2.8766096
2630,3868,2025-01-27,20,深华发Ａ,光学光电子,2.8746142
2631,2789,2025-01-27,925,众合科技,交运设备,2.872926
2632,2701,2025-01-27,2035,华帝股份,家电行业,2.8726325
2633,3263,2025-01-27,300880,迦南智能,电网设备,2.8720589
2634,2726,2025-01-27,301332,德尔玛,家电行业,2.87202
2635,2959,2025-01-27,300253,卫宁健康,软件开发,2.871424
2636,3795,2025-01-27,601399,国机重装,专用设备,2.8707683
2637,3767,2025-01-27,688419,耐科装备,专用设备,2.870235
2638,2427,2025-01-27,600007,中国国贸,房地产开发,2.8694243
2639,1205,2025-01-27,2107,沃华医药,中药,2.867724
2640,1907,2025-01-27,2326,永太科技,化学制品,2.8675346
2641,2385,2025-01-27,300767,震安科技,橡胶制品,2.866672
2642,1780,2025-01-27,300347,泰格医药,医疗服务,2.8655574
2643,3778,2025-01-27,2957,科瑞技术,专用设备,2.8652787
2644,4901,2025-01-27,600776,东方通信,通信设备,2.864684
2645,3233,2025-01-27,2451,摩恩电气,电网设备,2.8640225
2646,433,2025-01-27,2302,西部建设,水泥建材,2.8637261
2647,4405,2025-01-27,601375,中原证券,证券,2.86358
2648,4473,2025-01-27,3026,中晶科技,半导体,2.8626845
2649,1914,2025-01-27,300135,宝利国际,化学制品,2.8612807
2650,935,2025-01-27,688131,皓元医药,化学制药,2.8598337
2651,1834,2025-01-27,603227,雪峰科技,化学制品,2.8575108
2652,861,2025-01-27,600812,华北制药,化学制药,2.8549566
2653,1263,2025-01-27,2317,众生药业,中药,2.8517292
2654,4517,2025-01-27,688230,芯导科技,半导体,2.8514013
2655,757,2025-01-27,603301,振德医疗,医疗器械,2.8481677
2656,2334,2025-01-27,1215,千味央厨,食品饮料,2.8477283
2657,3874,2025-01-27,301045,天禄科技,光学光电子,2.846828
2658,3268,2025-01-27,300018,中元股份,电网设备,2.846703
2659,2835,2025-01-27,300513,恒实科技,通信服务,2.8441548
2660,3684,2025-01-27,301519,舜禹股份,专用设备,2.8437212
2661,3906,2025-01-27,2962,五方光电,光学光电子,2.8435528
2662,2786,2025-01-27,603500,祥和实业,交运设备,2.8422327
2663,1657,2025-01-27,688265,南模生物,生物制品,2.841124
2664,1706,2025-01-27,2998,优彩资源,化纤行业,2.840653
2665,2155,2025-01-27,2373,千方科技,互联网服务,2.83985
2666,3959,2025-01-27,601336,新华保险,保险,2.8392344
2667,4864,2025-01-27,2977,天箭科技,通信设备,2.8385506
2668,3031,2025-01-27,2279,久其软件,软件开发,2.8381495
2669,1671,2025-01-27,688197,首药控股-U,生物制品,2.8376267
2670,1634,2025-01-27,688247,宣泰医药,生物制品,2.8375373
2671,1060,2025-01-27,300005,探路者,纺织服装,2.835834
2672,4387,2025-01-27,601377,兴业证券,证券,2.835062
2673,1915,2025-01-27,300343,联创股份,化学制品,2.8350458
2674,4884,2025-01-27,2017,东信和平,通信设备,2.8313026
2675,67,2025-01-27,300483,首华燃气,燃气,2.8283477
2676,1417,2025-01-27,2739,万达电影,文化传媒,2.8282835
2677,331,2025-01-27,603137,恒尚节能,装修建材,2.8269932
2678,373,2025-01-27,2066,瑞泰科技,装修建材,2.8257995
2679,4391,2025-01-27,600061,国投资本,证券,2.825035
2680,2087,2025-01-27,2846,英联股份,包装材料,2.8248503
2681,3715,2025-01-27,603956,威派格,专用设备,2.8245986
2682,3471,2025-01-27,2976,瑞玛精密,汽车零部件,2.823934
2683,4101,2025-01-27,657,中钨高新,小金属,2.8235168
2684,1291,2025-01-27,300826,测绘股份,工程咨询服务,2.8228745
2685,3924,2025-01-27,2845,同兴达,光学光电子,2.822505
2686,2873,2025-01-27,600118,中国卫星,航天航空,2.8219953
2687,1784,2025-01-27,688238,和元生物,医疗服务,2.821794
2688,1455,2025-01-27,557,西部创业,物流行业,2.8189092
2689,2275,2025-01-27,911,广农糖业,食品饮料,2.8187692
2690,4460,2025-01-27,688728,格科微,半导体,2.8177454
2691,3041,2025-01-27,600602,云赛智联,软件开发,2.8176591
2692,2785,2025-01-27,603787,新日股份,交运设备,2.8175519
2693,2309,2025-01-27,2852,道道全,食品饮料,2.8149023
2694,3366,2025-01-27,600100,同方股份,计算机设备,2.8144836
2695,1104,2025-01-27,2573,清新环境,环保行业,2.8127446
2696,805,2025-01-27,688576,西山科技,医疗器械,2.8079584
2697,4541,2025-01-27,300327,中颖电子,半导体,2.8076396
2698,4597,2025-01-27,688486,龙迅股份,半导体,2.807109
2699,2482,2025-01-27,2146,荣盛发展,房地产开发,2.8068094
2700,3049,2025-01-27,688507,索辰科技,软件开发,2.8066487
2701,2631,2025-01-27,300586,美联新材,塑料制品,2.8050394
2702,2451,2025-01-27,926,福星股份,房地产开发,2.804449
2703,2996,2025-01-27,301178,天亿马,软件开发,2.8040142
2704,4274,2025-01-27,603757,大元泵业,通用设备,2.8035476
2705,427,2025-01-27,2205,国统股份,水泥建材,2.8029666
2706,225,2025-01-27,605028,世茂能源,电力行业,2.8028235
2707,1832,2025-01-27,603281,江瀚新材,化学制品,2.8015852
2708,2470,2025-01-27,600325,华发股份,房地产开发,2.8010488
2709,3353,2025-01-27,603660,苏州科达,计算机设备,2.8009324
2710,2035,2025-01-27,601020,华钰矿业,有色金属,2.8006434
2711,2265,2025-01-27,2286,保龄宝,食品饮料,2.8002799
2712,1770,2025-01-27,301051,信濠光电,玻璃玻纤,2.8000622
2713,109,2025-01-27,301035,润丰股份,农药兽药,2.7987435
2714,2653,2025-01-27,300644,南京聚隆,塑料制品,2.7984233
2715,2422,2025-01-27,2159,三特索道,旅游酒店,2.7981253
2716,718,2025-01-27,301090,华润材料,化学原料,2.797638
2717,421,2025-01-27,2541,鸿路钢构,水泥建材,2.7964816
2718,1726,2025-01-27,600784,鲁银投资,综合行业,2.7964666
2719,1835,2025-01-27,2440,闰土股份,化学制品,2.7950912
2720,4902,2025-01-27,2194,武汉凡谷,通信设备,2.7938247
2721,3873,2025-01-27,300120,经纬辉开,光学光电子,2.7931705
2722,2208,2025-01-27,300872,天阳科技,互联网服务,2.7931437
2723,2173,2025-01-27,300645,正元智慧,互联网服务,2.7921467
2724,2549,2025-01-27,600616,金枫酒业,酿酒行业,2.7913525
2725,2847,2025-01-27,300183,东软载波,通信服务,2.791263
2726,3316,2025-01-27,600072,中船科技,风电设备,2.7881966
2727,3230,2025-01-27,300407,凯发电气,电网设备,2.788116
2728,1255,2025-01-27,2728,特一药业,中药,2.7880087
2729,1836,2025-01-27,2809,红墙股份,化学制品,2.7871861
2730,4887,2025-01-27,300213,佳讯飞鸿,通信设备,2.7869537
2731,4271,2025-01-27,688558,国盛智科,通用设备,2.7852104
2732,2707,2025-01-27,2668,TCL智家,家电行业,2.7847483
2733,2627,2025-01-27,301237,和顺科技,塑料制品,2.784206
2734,1817,2025-01-27,975,山金国际,贵金属,2.7840376
2735,2532,2025-01-27,603198,迎驾贡酒,酿酒行业,2.7838125
2736,1207,2025-01-27,423,东阿阿胶,中药,2.7834833
2737,872,2025-01-27,300111,向日葵,化学制药,2.7832627
2738,2629,2025-01-27,301323,新莱福,塑料制品,2.7831793
2739,4242,2025-01-27,2480,新筑股份,通用设备,2.7822642
2740,1903,2025-01-27,881,中广核技,化学制品,2.7821527
2741,633,2025-01-27,300729,乐歌股份,家用轻工,2.782087
2742,4459,2025-01-27,688220,翱捷科技-U,半导体,2.7814627
2743,3161,2025-01-27,2697,红旗连锁,商业百货,2.7806015
2744,2068,2025-01-27,601111,中国国航,航空机场,2.7782142
2745,1056,2025-01-27,1209,洪兴股份,纺织服装,2.775982
2746,623,2025-01-27,603353,和顺石油,石油行业,2.7750418
2747,151,2025-01-27,600782,新钢股份,钢铁行业,2.774708
2748,247,2025-01-27,601778,晶科科技,电力行业,2.7741625
2749,2807,2025-01-27,301322,绿通科技,交运设备,2.774057
2750,3401,2025-01-27,1260,坤泰股份,汽车零部件,2.7738242
2751,358,2025-01-27,601996,丰林集团,装修建材,2.7714446
2752,806,2025-01-27,688217,睿昂基因,医疗器械,2.7702332
2753,751,2025-01-27,688606,奥泰生物,医疗器械,2.7702122
2754,4143,2025-01-27,301278,快可电子,光伏设备,2.76988
2755,2862,2025-01-27,688070,纵横股份,航天航空,2.7686014
2756,2729,2025-01-27,2429,兆驰股份,家电行业,2.7677715
2757,2681,2025-01-27,688475,萤石网络,家电行业,2.7672276
2758,4303,2025-01-27,603088,宁波精达,通用设备,2.7662158
2759,1698,2025-01-27,600346,恒力石化,化纤行业,2.7653456
2760,4142,2025-01-27,688516,奥特维,光伏设备,2.7644782
2761,1848,2025-01-27,2360,同德化工,化学制品,2.7627752
2762,2456,2025-01-27,600266,城建发展,房地产开发,2.7622252
2763,4279,2025-01-27,600992,贵绳股份,通用设备,2.7588532
2764,2709,2025-01-27,603677,奇精机械,家电行业,2.7588024
2765,3507,2025-01-27,2703,浙江世宝,汽车零部件,2.7567058
2766,1627,2025-01-27,688177,百奥泰,生物制品,2.755481
2767,2878,2025-01-27,688586,江航装备,航天航空,2.7553275
2768,1338,2025-01-27,300618,寒锐钴业,能源金属,2.7545838
2769,352,2025-01-27,603709,中源家居,装修建材,2.7543693
2770,3310,2025-01-27,688349,三一重能,风电设备,2.7542903
2771,1243,2025-01-27,300181,佐力药业,中药,2.7527318
2772,2323,2025-01-27,603345,安井食品,食品饮料,2.7501674
2773,4935,2025-01-27,300548,博创科技,通信设备,2.7491734
2774,4239,2025-01-27,600860,京城股份,通用设备,2.7490735
2775,3101,2025-01-27,626,远大控股,贸易行业,2.748537
2776,1981,2025-01-27,933,神火股份,有色金属,2.748163
2777,4397,2025-01-27,601066,中信建投,证券,2.7475448
2778,2293,2025-01-27,603755,日辰股份,食品饮料,2.746421
2779,2722,2025-01-27,300342,天银机电,家电行业,2.7459474
2780,1412,2025-01-27,607,华媒控股,文化传媒,2.745758
2781,3741,2025-01-27,300400,劲拓股份,专用设备,2.7451425
2782,2370,2025-01-27,300587,天铁科技,橡胶制品,2.7437866
2783,1922,2025-01-27,605399,晨光新材,化学制品,2.7430625
2784,4124,2025-01-27,688472,阿特斯,光伏设备,2.7428582
2785,2881,2025-01-27,600765,中航重机,航天航空,2.7424262
2786,3467,2025-01-27,601279,英利汽车,汽车零部件,2.7422323
2787,3514,2025-01-27,301398,星源卓镁,汽车零部件,2.7407618
2788,2901,2025-01-27,563,陕国投Ａ,多元金融,2.7395754
2789,3792,2025-01-27,603416,信捷电气,专用设备,2.7378917
2790,2221,2025-01-27,603881,数据港,互联网服务,2.7373939
2791,4742,2025-01-27,688655,迅捷兴,电子元件,2.7359307
2792,209,2025-01-27,600886,国投电力,电力行业,2.7341053
2793,384,2025-01-27,300234,开尔新材,装修建材,2.7326658
2794,4051,2025-01-27,688628,优利德,仪器仪表,2.7317076
2795,1609,2025-01-27,688739,成大生物,生物制品,2.7307181
2796,3594,2025-01-27,603286,日盈电子,汽车零部件,2.7305782
2797,2617,2025-01-27,603580,艾艾精工,塑料制品,2.7286677
2798,1647,2025-01-27,688382,益方生物-U,生物制品,2.728115
2799,1909,2025-01-27,300665,飞鹿股份,化学制品,2.726759
2800,1864,2025-01-27,688116,天奈科技,化学制品,2.7260528
2801,3917,2025-01-27,300545,联得装备,光学光电子,2.724266
2802,815,2025-01-27,688389,普门科技,医疗器械,2.7234733
2803,4526,2025-01-27,688601,力芯微,半导体,2.7228847
2804,4270,2025-01-27,301032,新柴股份,通用设备,2.722062
2805,597,2025-01-27,600103,青山纸业,造纸印刷,2.7219982
2806,1173,2025-01-27,603324,盛剑科技,环保行业,2.7196884
2807,937,2025-01-27,301258,富士莱,化学制药,2.7194335
2808,773,2025-01-27,688212,澳华内镜,医疗器械,2.7182074
2809,2066,2025-01-27,600515,海南机场,航空机场,2.716826
2810,1889,2025-01-27,688353,华盛锂电,化学制品,2.7167306
2811,1254,2025-01-27,600771,广誉远,中药,2.7164176
2812,1579,2025-01-27,603385,惠达卫浴,装修装饰,2.7162461
2813,939,2025-01-27,766,通化金马,化学制药,2.7119398
2814,667,2025-01-27,818,航锦科技,化学原料,2.7116404
2815,952,2025-01-27,300705,九典制药,化学制药,2.7106867
2816,3610,2025-01-27,688268,华特气体,电子化学品,2.7105927
2817,497,2025-01-27,605162,新中港,公用事业,2.7103515
2818,1544,2025-01-27,2761,浙江建投,工程建设,2.7100773
2819,529,2025-01-27,300970,华绿生物,农牧饲渔,2.7089
2820,919,2025-01-27,603229,奥翔药业,化学制药,2.7083113
2821,4248,2025-01-27,300441,鲍斯股份,通用设备,2.7078733
2822,3757,2025-01-27,603025,大豪科技,专用设备,2.7071223
2823,1168,2025-01-27,300425,中建环能,环保行业,2.7068825
2824,4959,2025-01-27,300907,康平科技,电机,2.7038784
2825,1194,2025-01-27,300008,天海防务,船舶制造,2.7035966
2826,2305,2025-01-27,1219,青岛食品,食品饮料,2.7033865
2827,191,2025-01-27,600821,金开新能,电力行业,2.703099
2828,3724,2025-01-27,688501,青达环保,专用设备,2.7018502
2829,1678,2025-01-27,603727,博迈科,采掘行业,2.7014465
2830,2640,2025-01-27,300905,宝丽迪,塑料制品,2.7012377
2831,2650,2025-01-27,301538,骏鼎达,塑料制品,2.7009144
2832,4438,2025-01-27,688357,建龙微纳,非金属材料,2.700141
2833,4622,2025-01-27,301135,瑞德智能,消费电子,2.7000308
2834,3029,2025-01-27,300768,迪普科技,软件开发,2.6995091
2835,1483,2025-01-27,688211,中科微至,物流行业,2.699366
2836,804,2025-01-27,688338,赛科希德,医疗器械,2.6988268
2837,1658,2025-01-27,688185,康希诺,生物制品,2.6984572
2838,3510,2025-01-27,300978,东箭科技,汽车零部件,2.6978226
2839,1554,2025-01-27,603098,森特股份,工程建设,2.697359
2840,4497,2025-01-27,300604,长川科技,半导体,2.694437
2841,3443,2025-01-27,603701,德宏股份,汽车零部件,2.6929364
2842,3195,2025-01-27,300423,昇辉科技,电网设备,2.6890292
2843,3226,2025-01-27,603606,东方电缆,电网设备,2.6870966
2844,4104,2025-01-27,2378,章源钨业,小金属,2.6870637
2845,3432,2025-01-27,605255,天普股份,汽车零部件,2.6858852
2846,767,2025-01-27,300326,凯利泰,医疗器械,2.6849315
2847,3916,2025-01-27,300088,长信科技,光学光电子,2.6836395
2848,2720,2025-01-27,2676,顺威股份,家电行业,2.6836112
2849,1683,2025-01-27,603619,中曼石油,采掘行业,2.6823268
2850,1939,2025-01-27,2709,天赐材料,化学制品,2.6821284
2851,2860,2025-01-27,688563,航材股份,航天航空,2.681552
2852,4961,2025-01-27,2823,凯中精密,电机,2.6813269
2853,4874,2025-01-27,301189,奥尼电子,通信设备,2.6812778
2854,3494,2025-01-27,2590,万安科技,汽车零部件,2.6808858
2855,1130,2025-01-27,967,盈峰环境,环保行业,2.6806383
2856,3054,2025-01-27,688168,安博通,软件开发,2.6797981
2857,2643,2025-01-27,688323,瑞华泰,塑料制品,2.6796923
2858,1119,2025-01-27,300929,华骐环保,环保行业,2.6794329
2859,1017,2025-01-27,600448,华纺股份,纺织服装,2.6793838
2860,3188,2025-01-27,601567,三星医疗,电网设备,2.6789083
2861,1317,2025-01-27,300955,嘉亨家化,美容护理,2.6765406
2862,4433,2025-01-27,600783,鲁信创投,非金属材料,2.675663
2863,1608,2025-01-27,603590,康辰药业,生物制品,2.674368
2864,233,2025-01-27,37,深南电A,电力行业,2.6739836
2865,1189,2025-01-27,300422,博世科,环保行业,2.6729867
2866,522,2025-01-27,2679,福建金森,农牧饲渔,2.6722312
2867,3201,2025-01-27,2546,新联电子,电网设备,2.6713877
2868,2188,2025-01-27,688562,航天软件,互联网服务,2.6713445
2869,1649,2025-01-27,688163,赛伦生物,生物制品,2.6712165
2870,188,2025-01-27,2756,永兴材料,钢铁行业,2.6707456
2871,3355,2025-01-27,301391,卡莱特,计算机设备,2.6701555
2872,4262,2025-01-27,300092,科新机电,通用设备,2.6692958
2873,4314,2025-01-27,300817,双飞集团,通用设备,2.6668847
2874,4389,2025-01-27,601901,方正证券,证券,2.6639805
2875,3518,2025-01-27,2126,银轮股份,汽车零部件,2.6634886
2876,837,2025-01-27,688366,昊海生科,医疗器械,2.6634068
2877,1170,2025-01-27,300140,节能环境,环保行业,2.6626377
2878,2962,2025-01-27,688171,纬德信息,软件开发,2.6624038
2879,2213,2025-01-27,300079,数码视讯,互联网服务,2.6619122
2880,2711,2025-01-27,688696,极米科技,家电行业,2.6611388
2881,1204,2025-01-27,600566,济川药业,中药,2.6608944
2882,2477,2025-01-27,69,华侨城Ａ,房地产开发,2.660522
2883,4519,2025-01-27,688391,钜泉科技,半导体,2.6604667
2884,4044,2025-01-27,688600,皖仪科技,仪器仪表,2.6601076
2885,1709,2025-01-27,603225,新凤鸣,化纤行业,2.6592448
2886,4953,2025-01-27,2801,微光股份,电机,2.6591434
2887,2942,2025-01-27,301221,光庭信息,软件开发,2.6583047
2888,2804,2025-01-27,300462,华铭智能,交运设备,2.6580617
2889,2677,2025-01-27,603311,金海高科,家电行业,2.6570752
2890,4509,2025-01-27,688689,银河微电,半导体,2.6556656
2891,1218,2025-01-27,2198,嘉应制药,中药,2.655551
2892,752,2025-01-27,603976,正川股份,医疗器械,2.6548862
2893,2030,2025-01-27,2824,和胜股份,有色金属,2.6548595
2894,663,2025-01-27,2301,齐心集团,家用轻工,2.6540637
2895,3742,2025-01-27,301138,华研精机,专用设备,2.652277
2896,3460,2025-01-27,300928,华安鑫创,汽车零部件,2.6501684
2897,3593,2025-01-27,603211,晋拓股份,汽车零部件,2.6495383
2898,758,2025-01-27,688271,联影医疗,医疗器械,2.649249
2899,270,2025-01-27,605266,健之佳,医药商业,2.6486502
2900,4510,2025-01-27,603290,斯达半导,半导体,2.6478693
2901,756,2025-01-27,605369,拱东医疗,医疗器械,2.6470006
2902,3314,2025-01-27,2487,大金重工,风电设备,2.645941
2903,1552,2025-01-27,601068,中铝国际,工程建设,2.6456416
2904,2206,2025-01-27,688088,虹软科技,互联网服务,2.64477
2905,4721,2025-01-27,301359,东南电子,电子元件,2.6431396
2906,3028,2025-01-27,603383,顶点软件,软件开发,2.6421726
2907,3745,2025-01-27,2535,林州重机,专用设备,2.641417
2908,3733,2025-01-27,1277,速达股份,专用设备,2.6407912
2909,4716,2025-01-27,603052,可川科技,电子元件,2.6407824
2910,650,2025-01-27,300329,海伦钢琴,家用轻工,2.6396916
2911,1064,2025-01-27,2763,汇洁股份,纺织服装,2.638826
2912,1174,2025-01-27,300070,碧水源,环保行业,2.6384413
2913,4400,2025-01-27,601878,浙商证券,证券,2.6383088
2914,2988,2025-01-27,2908,德生科技,软件开发,2.6369348
2915,813,2025-01-27,688575,亚辉龙,医疗器械,2.634704
2916,1590,2025-01-27,301113,雅艺科技,装修装饰,2.6346073
2917,2108,2025-01-27,2174,游族网络,游戏,2.6344032
2918,172,2025-01-27,655,金岭矿业,钢铁行业,2.6338086
2919,2331,2025-01-27,600298,安琪酵母,食品饮料,2.633445
2920,1714,2025-01-27,600527,江南高纤,化纤行业,2.6329055
2921,3479,2025-01-27,300745,欣锐科技,汽车零部件,2.632287
2922,2859,2025-01-27,600893,航发动力,航天航空,2.632144
2923,4740,2025-01-27,823,超声电子,电子元件,2.631849
2924,817,2025-01-27,301060,兰卫医学,医疗器械,2.6318147
2925,2513,2025-01-27,1288,运机集团,工程机械,2.631049
2926,2486,2025-01-27,2,万  科Ａ,房地产开发,2.630952
2927,2382,2025-01-27,300320,海达股份,橡胶制品,2.6306212
2928,3634,2025-01-27,300833,浩洋股份,专用设备,2.6301906
2929,2333,2025-01-27,605198,安德利,食品饮料,2.6299953
2930,3222,2025-01-27,2606,大连电瓷,电网设备,2.629511
2931,4392,2025-01-27,2926,华西证券,证券,2.627696
2932,4398,2025-01-27,600030,中信证券,证券,2.6276007
2933,4060,2025-01-27,300445,康斯特,仪器仪表,2.6272013
2934,4543,2025-01-27,688061,灿瑞科技,半导体,2.6247635
2935,1293,2025-01-27,301505,苏州规划,工程咨询服务,2.623497
2936,3160,2025-01-27,701,厦门信达,商业百货,2.6223109
2937,4831,2025-01-27,301386,未来电器,电源设备,2.621405
2938,2463,2025-01-27,600675,中华企业,房地产开发,2.6209102
2939,4646,2025-01-27,603327,福蓉科技,消费电子,2.617693
2940,3149,2025-01-27,2419,天虹股份,商业百货,2.617164
2941,4832,2025-01-27,300105,龙源技术,电源设备,2.6164188
2942,1653,2025-01-27,688506,百利天恒-U,生物制品,2.6157901
2943,1248,2025-01-27,300534,陇神戎发,中药,2.6146486
2944,998,2025-01-27,603055,台华新材,纺织服装,2.6138544
2945,4471,2025-01-27,688120,华海清科,半导体,2.613394
2946,3436,2025-01-27,2813,路畅科技,汽车零部件,2.6118233
2947,4008,2025-01-27,300037,新宙邦,电池,2.610396
2948,253,2025-01-27,600157,永泰能源,电力行业,2.6103153
2949,3349,2025-01-27,2512,达华智能,计算机设备,2.6100829
2950,2684,2025-01-27,600854,春兰股份,家电行业,2.6100383
2951,972,2025-01-27,603520,司太立,化学制药,2.6100085
2952,869,2025-01-27,300254,仟源医药,化学制药,2.6094093
2953,1516,2025-01-27,600039,四川路桥,工程建设,2.6092007
2954,4058,2025-01-27,300349,金卡智能,仪器仪表,2.6090846
2955,3580,2025-01-27,2553,南方精工,汽车零部件,2.6077077
2956,4652,2025-01-27,300916,朗特智能,消费电子,2.6076243
2957,3910,2025-01-27,300389,艾比森,光学光电子,2.6069655
2958,1718,2025-01-27,300777,中简科技,化纤行业,2.6067555
2959,4883,2025-01-27,301314,科瑞思,通信设备,2.6064382
2960,2449,2025-01-27,600383,金地集团,房地产开发,2.6063948
2961,2696,2025-01-27,603578,三星新材,家电行业,2.604419
2962,979,2025-01-27,688690,纳微科技,化学制药,2.603592
2963,681,2025-01-27,301209,联合化学,化学原料,2.6016936
2964,160,2025-01-27,717,中南股份,钢铁行业,2.6013227
2965,3247,2025-01-27,301388,欣灵电气,电网设备,2.5997698
2966,2268,2025-01-27,2840,华统股份,食品饮料,2.5990381
2967,4531,2025-01-27,688233,神工股份,半导体,2.5978713
2968,4406,2025-01-27,2736,国信证券,证券,2.5960267
2969,943,2025-01-27,603669,灵康药业,化学制药,2.5950954
2970,1494,2025-01-27,2968,新大正,房地产服务,2.5948093
2971,2036,2025-01-27,300828,锐新科技,有色金属,2.594012
2972,342,2025-01-27,300749,顶固集创,装修建材,2.593191
2973,2433,2025-01-27,402,金 融 街,房地产开发,2.59241
2974,215,2025-01-27,605580,恒盛能源,电力行业,2.5905757
2975,1763,2025-01-27,2163,海南发展,玻璃玻纤,2.5899754
2976,2973,2025-01-27,600728,佳都科技,软件开发,2.5898547
2977,1793,2025-01-27,688315,诺禾致源,医疗服务,2.5896714
2978,3605,2025-01-27,300236,上海新阳,电子化学品,2.589394
2979,787,2025-01-27,301097,天益医疗,医疗器械,2.5891795
2980,4502,2025-01-27,603933,睿能科技,半导体,2.5890782
2981,2967,2025-01-27,301378,通达海,软件开发,2.5889456
2982,413,2025-01-27,600650,锦江在线,铁路公路,2.5887742
2983,97,2025-01-27,600725,云维股份,煤炭行业,2.5873377
2984,1462,2025-01-27,906,浙商中拓,物流行业,2.5869875
2985,1526,2025-01-27,600853,龙建股份,工程建设,2.5863528
2986,1794,2025-01-27,301096,百诚医药,医疗服务,2.5863245
2987,959,2025-01-27,300725,药石科技,化学制药,2.586141
2988,1650,2025-01-27,688428,诺诚健华-U,生物制品,2.5850236
2989,1812,2025-01-27,301293,三博脑科,医疗服务,2.5850222
2990,1227,2025-01-27,2644,佛慈制药,中药,2.584672
2991,4135,2025-01-27,2056,横店东磁,光伏设备,2.584085
2992,1393,2025-01-27,301025,读客文化,文化传媒,2.5837688
2993,3438,2025-01-27,688280,精进电动-UW,汽车零部件,2.583699
2994,4535,2025-01-27,688325,赛微微电,半导体,2.5833383
2995,2544,2025-01-27,2646,天佑德酒,酿酒行业,2.5832534
2996,2301,2025-01-27,300791,仙乐健康,食品饮料,2.5819361
2997,448,2025-01-27,601326,秦港股份,航运港口,2.5818691
2998,2796,2025-01-27,605298,必得科技,交运设备,2.5804071
2999,2749,2025-01-27,600662,外服控股,专业服务,2.5791228
3000,1177,2025-01-27,688376,美埃科技,环保行业,2.5772004
3001,434,2025-01-27,600326,西藏天路,水泥建材,2.5757103
3002,4227,2025-01-27,603173,福斯达,通用设备,2.5727704
3003,3698,2025-01-27,2796,世嘉科技,专用设备,2.5727556
3004,710,2025-01-27,301256,华融化学,化学原料,2.5723233
3005,1700,2025-01-27,301057,汇隆新材,化纤行业,2.5717318
3006,1665,2025-01-27,600223,福瑞达,生物制品,2.5716214
3007,1556,2025-01-27,301058,中粮科工,工程建设,2.5705411
3008,4659,2025-01-27,301503,智迪科技,消费电子,2.5701046
3009,393,2025-01-27,600012,皖通高速,铁路公路,2.5690303
3010,196,2025-01-27,600900,长江电力,电力行业,2.5690212
3011,409,2025-01-27,600106,重庆路桥,铁路公路,2.5688932
3012,3696,2025-01-27,688718,唯赛勃,专用设备,2.5679529
3013,1898,2025-01-27,605020,永和股份,化学制品,2.567406
3014,4665,2025-01-27,2600,领益智造,消费电子,2.565637
3015,3229,2025-01-27,600406,国电南瑞,电网设备,2.564694
3016,2904,2025-01-27,603093,南华期货,多元金融,2.5619388
3017,3326,2025-01-27,2202,金风科技,风电设备,2.5614665
3018,2291,2025-01-27,603317,天味食品,食品饮料,2.5607018
3019,766,2025-01-27,688067,爱威科技,医疗器械,2.5590763
3020,2079,2025-01-27,2565,顺灏股份,包装材料,2.5586114
3021,4416,2025-01-27,783,长江证券,证券,2.5584176
3022,3984,2025-01-27,49,德赛电池,电池,2.5582938
3023,3343,2025-01-27,2607,中公教育,教育,2.5566623
3024,4479,2025-01-27,688653,康希通信,半导体,2.5556967
3025,428,2025-01-27,401,冀东水泥,水泥建材,2.5553555
3026,4811,2025-01-27,2916,深南电路,电子元件,2.5552914
3027,848,2025-01-27,300633,开立医疗,医疗器械,2.552846
3028,4714,2025-01-27,300868,杰美特,电子元件,2.5515409
3029,3719,2025-01-27,601606,长城军工,专用设备,2.5462017
3030,310,2025-01-27,600227,赤天化,化肥行业,2.5458932
3031,1219,2025-01-27,600285,羚锐制药,中药,2.5457726
3032,112,2025-01-27,300575,中旗股份,农药兽药,2.5428267
3033,2571,2025-01-27,957,中通客车,汽车整车,2.5424466
3034,4407,2025-01-27,600369,西南证券,证券,2.5424435
3035,3754,2025-01-27,603169,兰石重装,专用设备,2.5423393
3036,4960,2025-01-27,922,佳电股份,电机,2.5420368
3037,3776,2025-01-27,300549,优德精密,专用设备,2.5418491
3038,2656,2025-01-27,2886,沃特股份,塑料制品,2.541803
3039,4581,2025-01-27,688372,伟测科技,半导体,2.5416746
3040,252,2025-01-27,722,湖南发展,电力行业,2.5413945
3041,1271,2025-01-27,603909,建发合诚,工程咨询服务,2.541232
3042,1048,2025-01-27,2042,华孚时尚,纺织服装,2.5409966
3043,3267,2025-01-27,688663,新风光,电网设备,2.5409176
3044,1410,2025-01-27,600088,中视传媒,文化传媒,2.540867
3045,527,2025-01-27,301156,美农生物,农牧饲渔,2.5397449
3046,1774,2025-01-27,2044,美年健康,医疗服务,2.5366993
3047,2857,2025-01-27,2985,北摩高科,航天航空,2.535346
3048,1129,2025-01-27,546,金圆股份,环保行业,2.5347576
3049,3013,2025-01-27,688083,中望软件,软件开发,2.5344014
3050,863,2025-01-27,603676,卫信康,化学制药,2.5343165
3051,4223,2025-01-27,603277,银都股份,通用设备,2.5323272
3052,3372,2025-01-27,300455,航天智装,计算机设备,2.5321379
3053,610,2025-01-27,603607,京华激光,造纸印刷,2.531676
3054,809,2025-01-27,300642,透景生命,医疗器械,2.531606
3055,531,2025-01-27,505,京粮控股,农牧饲渔,2.5313854
3056,2666,2025-01-27,921,海信家电,家电行业,2.531369
3057,627,2025-01-27,603798,康普顿,石油行业,2.5312095
3058,721,2025-01-27,2469,三维化学,化学原料,2.5285034
3059,2632,2025-01-27,603266,天龙股份,塑料制品,2.528119
3060,3059,2025-01-27,688651,盛邦安全,软件开发,2.528061
3061,3368,2025-01-27,301589,诺瓦星云,计算机设备,2.5276945
3062,4728,2025-01-27,688210,统联精密,电子元件,2.527146
3063,4052,2025-01-27,300897,山科智能,仪器仪表,2.5263638
3064,3513,2025-01-27,2101,广东鸿图,汽车零部件,2.5262878
3065,1564,2025-01-27,300982,苏文电能,工程建设,2.526143
3066,1945,2025-01-27,2971,和远气体,化学制品,2.525133
3067,3110,2025-01-27,301099,雅创电子,贸易行业,2.5243611
3068,4301,2025-01-27,2438,江苏神通,通用设备,2.5239468
3069,4436,2025-01-27,603119,浙江荣泰,非金属材料,2.5239065
3070,3663,2025-01-27,603337,杰克股份,专用设备,2.5236993
3071,1687,2025-01-27,2683,广东宏大,采掘行业,2.5235937
3072,3511,2025-01-27,2239,奥特佳,汽车零部件,2.523391
3073,119,2025-01-27,600201,生物股份,农药兽药,2.5227382
3074,3468,2025-01-27,603179,新泉股份,汽车零部件,2.522698
3075,1231,2025-01-27,603567,珍宝岛,中药,2.522482
3076,2779,2025-01-27,600099,林海股份,交运设备,2.5213063
3077,443,2025-01-27,600717,天津港,航运港口,2.5209217
3078,3982,2025-01-27,2074,国轩高科,电池,2.5207534
3079,4896,2025-01-27,603712,七一二,通信设备,2.5203614
3080,3550,2025-01-27,600933,爱柯迪,汽车零部件,2.5198414
3081,2602,2025-01-27,300920,润阳科技,塑料制品,2.51946
3082,2358,2025-01-27,300741,华宝股份,食品饮料,2.5193632
3083,2594,2025-01-27,300221,银禧科技,塑料制品,2.5185003
3084,3348,2025-01-27,3032,传智教育,教育,2.5173097
3085,4092,2025-01-27,688190,云路股份,小金属,2.516322
3086,1620,2025-01-27,300204,舒泰神,生物制品,2.5154486
3087,3600,2025-01-27,688019,安集科技,电子化学品,2.5150046
3088,3764,2025-01-27,301083,百胜智能,专用设备,2.5147617
3089,184,2025-01-27,600399,抚顺特钢,钢铁行业,2.5141835
3090,3704,2025-01-27,688121,卓然股份,专用设备,2.513902
3091,3062,2025-01-27,300036,超图软件,软件开发,2.5117755
3092,1487,2025-01-27,2889,东方嘉盛,物流行业,2.5115206
3093,2793,2025-01-27,605001,威奥股份,交运设备,2.5113373
3094,3133,2025-01-27,600682,南京新百,商业百货,2.510251
3095,4544,2025-01-27,688347,华虹公司,半导体,2.510251
3096,822,2025-01-27,600055,万东医疗,医疗器械,2.508998
3097,4465,2025-01-27,688002,睿创微纳,半导体,2.5082648
3098,3026,2025-01-27,600570,恒生电子,软件开发,2.5082335
3099,4492,2025-01-27,688396,华润微,半导体,2.5080905
3100,406,2025-01-27,600561,江西长运,铁路公路,2.508007
3101,2806,2025-01-27,300960,通业科技,交运设备,2.5053978
3102,1679,2025-01-27,2828,贝肯能源,采掘行业,2.50175
3103,3716,2025-01-27,300527,中船应急,专用设备,2.5015638
3104,1885,2025-01-27,688129,东来技术,化学制品,2.501431
3105,2811,2025-01-27,688015,交控科技,交运设备,2.5013714
3106,4290,2025-01-27,2559,亚威股份,通用设备,2.5004103
3107,1614,2025-01-27,300485,赛升药业,生物制品,2.4993644
3108,3413,2025-01-27,603006,联明股份,汽车零部件,2.498713
3109,1444,2025-01-27,603871,嘉友国际,物流行业,2.4974525
3110,1800,2025-01-27,301201,诚达药业,医疗服务,2.4969072
3111,2999,2025-01-27,300369,绿盟科技,软件开发,2.4959147
3112,478,2025-01-27,1210,金房能源,公用事业,2.4947777
3113,3887,2025-01-27,300909,汇创达,光学光电子,2.4946675
3114,3132,2025-01-27,2818,富森美,商业百货,2.4909706
3115,4276,2025-01-27,301525,儒竞科技,通用设备,2.4892912
3116,2384,2025-01-27,301233,盛帮股份,橡胶制品,2.4888172
3117,258,2025-01-27,1258,立新能源,电力行业,2.4887233
3118,4067,2025-01-27,603275,众辰科技,仪器仪表,2.488619
3119,2185,2025-01-27,300523,辰安科技,互联网服务,2.4849176
3120,4225,2025-01-27,601002,晋亿实业,通用设备,2.4834826
3121,797,2025-01-27,301515,港通医疗,医疗器械,2.4818406
3122,3311,2025-01-27,601218,吉鑫科技,风电设备,2.4805903
3123,340,2025-01-27,603801,志邦家居,装修建材,2.4802878
3124,2875,2025-01-27,600862,中航高科,航天航空,2.4797246
3125,218,2025-01-27,767,晋控电力,电力行业,2.4793506
3126,4393,2025-01-27,2500,山西证券,证券,2.4787247
3127,1953,2025-01-27,688157,松井股份,化学制品,2.4783387
3128,4614,2025-01-27,688036,传音控股,消费电子,2.4780407
3129,1859,2025-01-27,603379,三美股份,化学制品,2.4771988
3130,1866,2025-01-27,3002,壶化股份,化学制品,2.4759352
3131,2460,2025-01-27,600208,衢州发展,房地产开发,2.4757175
3132,862,2025-01-27,2262,恩华药业,化学制药,2.4732962
3133,4629,2025-01-27,2888,惠威科技,消费电子,2.4732323
3134,4280,2025-01-27,688305,科德数控,通用设备,2.4724112
3135,20,2025-01-27,2966,苏州银行,银行,2.472386
3136,4057,2025-01-27,301303,真兰仪表,仪器仪表,2.4720058
3137,145,2025-01-27,2215,诺 普 信,农药兽药,2.4697244
3138,3483,2025-01-27,300585,奥联电子,汽车零部件,2.4683654
3139,4098,2025-01-27,600301,华锡有色,小金属,2.4678497
3140,611,2025-01-27,488,晨鸣纸业,造纸印刷,2.4675653
3141,2329,2025-01-27,300915,海融科技,食品饮料,2.467303
3142,3005,2025-01-27,688078,龙软科技,软件开发,2.4663239
3143,4275,2025-01-27,605100,华丰股份,通用设备,2.4661198
3144,2508,2025-01-27,603338,浙江鼎力,工程机械,2.4653614
3145,3682,2025-01-27,2073,软控股份,专用设备,2.4643927
3146,2812,2025-01-27,300906,日月明,交运设备,2.4618373
3147,4272,2025-01-27,2026,山东威达,通用设备,2.4616628
3148,3892,2025-01-27,45,深纺织Ａ,光学光电子,2.4614663
3149,2739,2025-01-27,2076,星光股份,家电行业,2.4605558
3150,3883,2025-01-27,300752,隆利科技,光学光电子,2.4598851
3151,3435,2025-01-27,603201,常润股份,汽车零部件,2.4585695
3152,3283,2025-01-27,603618,杭电股份,电网设备,2.4583027
3153,1830,2025-01-27,603980,吉华集团,化学制品,2.4579167
3154,3527,2025-01-27,300304,云意电气,汽车零部件,2.4574728
3155,1108,2025-01-27,885,城发环境,环保行业,2.4571717
3156,3480,2025-01-27,2363,隆基机械,汽车零部件,2.4571314
3157,2022,2025-01-27,2996,顺博合金,有色金属,2.4543464
3158,3732,2025-01-27,300412,迦南科技,专用设备,2.4530187
3159,1468,2025-01-27,927,中国铁物,物流行业,2.4527879
3160,2394,2025-01-27,978,桂林旅游,旅游酒店,2.4520054
3161,4734,2025-01-27,2869,金溢科技,电子元件,2.4510086
3162,1217,2025-01-27,603998,方盛制药,中药,2.4506047
3163,2624,2025-01-27,300243,瑞丰高材,塑料制品,2.4494708
3164,1778,2025-01-27,2172,澳洋健康,医疗服务,2.4486825
3165,3731,2025-01-27,300512,中亚股份,专用设备,2.4484813
3166,2810,2025-01-27,301345,涛涛车业,交运设备,2.4474561
3167,2938,2025-01-27,300550,和仁科技,软件开发,2.4472759
3168,2598,2025-01-27,603181,皇马科技,塑料制品,2.4460926
3169,1753,2025-01-27,600176,中国巨石,玻璃玻纤,2.444546
3170,4890,2025-01-27,300414,中光防雷,通信设备,2.4444268
3171,1572,2025-01-27,628,高新发展,工程建设,2.4441555
3172,4877,2025-01-27,2151,北斗星通,通信设备,2.4431422
3173,847,2025-01-27,688161,威高骨科,医疗器械,2.442597
3174,1919,2025-01-27,600378,昊华科技,化学制品,2.4420977
3175,399,2025-01-27,755,山西高速,铁路公路,2.4413214
3176,1151,2025-01-27,35,中国天楹,环保行业,2.4407282
3177,658,2025-01-27,300993,玉马科技,家用轻工,2.4405508
3178,616,2025-01-27,601857,中国石油,石油行业,2.4400606
3179,2019,2025-01-27,3038,鑫铂股份,有色金属,2.4389253
3180,3004,2025-01-27,300559,佳发教育,软件开发,2.4389222
3181,736,2025-01-27,1255,博菲电气,化学原料,2.43828
3182,3105,2025-01-27,301370,国科恒泰,贸易行业,2.4380147
3183,4395,2025-01-27,600906,财达证券,证券,2.4378703
3184,4498,2025-01-27,300373,扬杰科技,半导体,2.4369745
3185,782,2025-01-27,301363,美好医疗,医疗器械,2.4360762
3186,2843,2025-01-27,2093,国脉科技,通信服务,2.4352684
3187,2262,2025-01-27,603057,紫燕食品,食品饮料,2.435212
3188,3258,2025-01-27,2270,华明装备,电网设备,2.4351954
3189,2128,2025-01-27,2380,科远智慧,互联网服务,2.4349048
3190,4895,2025-01-27,688182,灿勤科技,通信设备,2.4338768
3191,1773,2025-01-27,603127,昭衍新药,医疗服务,2.433786
3192,1988,2025-01-27,751,锌业股份,有色金属,2.433227
3193,3472,2025-01-27,300507,苏奥传感,汽车零部件,2.4326339
3194,2330,2025-01-27,603866,桃李面包,食品饮料,2.4298534
3195,1963,2025-01-27,300174,元力股份,化学制品,2.427055
3196,2550,2025-01-27,603369,今世缘,酿酒行业,2.426663
3197,493,2025-01-27,603759,海天股份,公用事业,2.4255962
3198,1216,2025-01-27,600436,片仔癀,中药,2.4250493
3199,3136,2025-01-27,601116,三江购物,商业百货,2.4240792
3200,3939,2025-01-27,2876,三利谱,光学光电子,2.421929
3201,557,2025-01-27,2548,金新农,农牧饲渔,2.4212182
3202,4048,2025-01-27,300371,汇中股份,仪器仪表,2.4191425
3203,2364,2025-01-27,605183,确成股份,橡胶制品,2.4190173
3204,2164,2025-01-27,688039,当虹科技,互联网服务,2.41822
3205,603,2025-01-27,301355,南王科技,造纸印刷,2.416648
3206,4257,2025-01-27,301107,瑜欣电子,通用设备,2.4141893
3207,4639,2025-01-27,300976,达瑞电子,消费电子,2.4126754
3208,1983,2025-01-27,600768,宁波富邦,有色金属,2.409719
3209,2307,2025-01-27,523,红棉股份,食品饮料,2.4093642
3210,2877,2025-01-27,688510,航亚科技,航天航空,2.4092853
3211,818,2025-01-27,301580,爱迪特,医疗器械,2.4073288
3212,3646,2025-01-27,603279,景津装备,专用设备,2.406135
3213,4668,2025-01-27,21,深科技,消费电子,2.4060414
3214,3897,2025-01-27,2983,芯瑞达,光学光电子,2.4060397
3215,412,2025-01-27,603069,海汽集团,铁路公路,2.4058924
3216,1033,2025-01-27,850,华茂股份,纺织服装,2.4044037
3217,1161,2025-01-27,300958,建工修复,环保行业,2.403395
3218,3039,2025-01-27,300469,信息发展,软件开发,2.4025412
3219,2117,2025-01-27,2919,名臣健康,游戏,2.4015353
3220,731,2025-01-27,600618,氯碱化工,化学原料,2.4005487
3221,3198,2025-01-27,688681,科汇股份,电网设备,2.4004862
3222,2972,2025-01-27,300810,中科海讯,软件开发,2.3969889
3223,1260,2025-01-27,301331,恩威医药,中药,2.3966327
3224,3469,2025-01-27,2472,双环传动,汽车零部件,2.3958802
3225,565,2025-01-27,605296,神农集团,农牧饲渔,2.3936987
3226,1224,2025-01-27,600993,马应龙,中药,2.392286
3227,2419,2025-01-27,2707,众信旅游,旅游酒店,2.3912861
3228,2545,2025-01-27,596,古井贡酒,酿酒行业,2.3907752
3229,3608,2025-01-27,300398,飞凯材料,电子化学品,2.3906574
3230,748,2025-01-27,688236,春立医疗,医疗器械,2.390641
3231,4264,2025-01-27,688355,明志科技,通用设备,2.3897529
3232,2866,2025-01-27,738,航发控制,航天航空,2.3887084
3233,4491,2025-01-27,603501,韦尔股份,半导体,2.3880095
3234,4434,2025-01-27,600516,方大炭素,非金属材料,2.3879142
3235,850,2025-01-27,300595,欧普康视,医疗器械,2.3878858
3236,1811,2025-01-27,300759,康龙化成,医疗服务,2.3878589
3237,1754,2025-01-27,603601,再升科技,玻璃玻纤,2.3873866
3238,3700,2025-01-27,603855,华荣股份,专用设备,2.387117
3239,4749,2025-01-27,2913,奥士康,电子元件,2.387078
3240,149,2025-01-27,600569,安阳钢铁,钢铁行业,2.3858337
3241,2069,2025-01-27,600029,南方航空,航空机场,2.3854642
3242,1749,2025-01-27,603900,莱绅通灵,珠宝首饰,2.385035
3243,3313,2025-01-27,603218,日月股份,风电设备,2.3850217
3244,1043,2025-01-27,2494,华斯股份,纺织服装,2.384995
3245,2765,2025-01-27,301508,中机认检,专业服务,2.3846552
3246,4431,2025-01-27,603260,合盛硅业,非金属材料,2.3842738
3247,2676,2025-01-27,2032,苏 泊 尔,家电行业,2.3834124
3248,3908,2025-01-27,300303,聚飞光电,光学光电子,2.3830354
3249,2567,2025-01-27,601633,长城汽车,汽车整车,2.3828685
3250,820,2025-01-27,301093,华兰股份,医疗器械,2.3827255
3251,1959,2025-01-27,603188,亚邦股份,化学制品,2.382356
3252,4095,2025-01-27,301026,浩通科技,小金属,2.3822486
3253,1107,2025-01-27,300631,久吾高科,环保行业,2.3814588
3254,2808,2025-01-27,1324,长青科技,交运设备,2.3812203
3255,2718,2025-01-27,603075,热威股份,家电行业,2.3799644
3256,581,2025-01-27,2078,太阳纸业,造纸印刷,2.3799121
3257,457,2025-01-27,603209,兴通股份,航运港口,2.3788958
3258,4206,2025-01-27,2795,永和智控,通用设备,2.3786159
3259,2131,2025-01-27,2315,焦点科技,互联网服务,2.3784325
3260,1874,2025-01-27,603938,三孚股份,化学制品,2.378109
3261,2939,2025-01-27,2230,科大讯飞,软件开发,2.3777664
3262,1210,2025-01-27,600222,太龙药业,中药,2.3770242
3263,4388,2025-01-27,601881,中国银河,证券,2.3763866
3264,931,2025-01-27,931,中 关 村,化学制药,2.375257
3265,4381,2025-01-27,686,东北证券,证券,2.3749456
3266,3194,2025-01-27,603530,神马电力,电网设备,2.3747637
3267,3676,2025-01-27,2595,豪迈科技,专用设备,2.3744762
3268,4661,2025-01-27,2139,拓邦股份,消费电子,2.3730338
3269,3654,2025-01-27,2890,弘宇股份,专用设备,2.3714437
3270,300,2025-01-27,300505,川金诺,化肥行业,2.3707316
3271,505,2025-01-27,300021,大禹节水,农牧饲渔,2.3707166
3272,1764,2025-01-27,600293,三峡新材,玻璃玻纤,2.368328
3273,674,2025-01-27,603113,金能科技,化学原料,2.3676336
3274,1181,2025-01-27,688069,德林海,环保行业,2.367203
3275,335,2025-01-27,2652,扬子新材,装修建材,2.3664966
3276,4637,2025-01-27,688007,光峰科技,消费电子,2.3656979
3277,2381,2025-01-27,601500,通用股份,橡胶制品,2.3653462
3278,881,2025-01-27,2653,海思科,化学制药,2.365151
3279,345,2025-01-27,603208,江山欧派,装修建材,2.3644447
3280,1716,2025-01-27,601113,华鼎股份,化纤行业,2.3633866
3281,1823,2025-01-27,2155,湖南黄金,贵金属,2.3612618
3282,263,2025-01-27,1896,豫能控股,电力行业,2.360253
3283,1500,2025-01-27,600684,珠江股份,房地产服务,2.3601606
3284,1496,2025-01-27,1914,招商积余,房地产服务,2.3597896
3285,2668,2025-01-27,603515,欧普照明,家电行业,2.3597584
3286,4286,2025-01-27,300470,中密控股,通用设备,2.359055
3287,4650,2025-01-27,2655,共达电声,消费电子,2.3581698
3288,1223,2025-01-27,600085,同仁堂,中药,2.3578002
3289,1777,2025-01-27,600721,百花医药,医疗服务,2.3571565
3290,3854,2025-01-27,2779,中坚科技,专用设备,2.3549721
3291,2784,2025-01-27,2105,信隆健康,交运设备,2.3540184
3292,1839,2025-01-27,605166,聚合顺,化学制品,2.3532763
3293,825,2025-01-27,688468,科美诊断,医疗器械,2.3525014
3294,1318,2025-01-27,603630,拉芳家化,美容护理,2.3516326
3295,2867,2025-01-27,3009,中天火箭,航天航空,2.3514957
3296,2595,2025-01-27,3018,金富科技,塑料制品,2.3509994
3297,200,2025-01-27,993,闽东电力,电力行业,2.350612
3298,3729,2025-01-27,300228,富瑞特装,专用设备,2.3502827
3299,4141,2025-01-27,600207,安彩高科,光伏设备,2.3499727
3300,2432,2025-01-27,600663,陆家嘴,房地产开发,2.34956
3301,4739,2025-01-27,301282,金禄电子,电子元件,2.349229
3302,325,2025-01-27,2088,鲁阳节能,装修建材,2.3490205
3303,2054,2025-01-27,688479,友车科技,汽车服务,2.3461967
3304,3227,2025-01-27,601096,宏盛华源,电网设备,2.3456216
3305,2964,2025-01-27,301218,华是科技,软件开发,2.3449972
3306,3759,2025-01-27,301338,凯格精机,专用设备,2.3447142
3307,2115,2025-01-27,300467,迅游科技,游戏,2.3440838
3308,3683,2025-01-27,301272,英华特,专用设备,2.3434699
3309,1724,2025-01-27,2758,浙农股份,综合行业,2.3431554
3310,2697,2025-01-27,2290,禾盛新材,家电行业,2.34271
3311,356,2025-01-27,1216,华瓷股份,装修建材,2.3425236
3312,1815,2025-01-27,601069,西部黄金,贵金属,2.3406239
3313,2434,2025-01-27,601512,中新集团,房地产开发,2.3396983
3314,582,2025-01-27,600235,民丰特纸,造纸印刷,2.3381054
3315,1450,2025-01-27,600575,淮河能源,物流行业,2.3377597
3316,4486,2025-01-27,688469,芯联集成-U,半导体,2.3375227
3317,548,2025-01-27,603477,巨星农牧,农牧饲渔,2.3371844
3318,2583,2025-01-27,600418,江淮汽车,汽车整车,2.3370357
3319,3504,2025-01-27,605333,沪光股份,汽车零部件,2.3366108
3320,572,2025-01-27,2069,獐子岛,农牧饲渔,2.335514
3321,2665,2025-01-27,300911,亿田智能,家电行业,2.3349018
3322,173,2025-01-27,603878,武进不锈,钢铁行业,2.33448
3323,3687,2025-01-27,603081,大丰实业,专用设备,2.333519
3324,1786,2025-01-27,516,国际医学,医疗服务,2.3325264
3325,2077,2025-01-27,603022,新通联,包装材料,2.3324296
3326,4836,2025-01-27,2534,西子洁能,电源设备,2.3319378
3327,2061,2025-01-27,601021,春秋航空,航空机场,2.3293376
3328,101,2025-01-27,600121,郑州煤电,煤炭行业,2.3292348
3329,2731,2025-01-27,2050,三花智控,家电行业,2.3287535
3330,481,2025-01-27,601368,绿城水务,公用事业,2.3261354
3331,2552,2025-01-27,600559,老白干酒,酿酒行业,2.3255348
3332,2168,2025-01-27,2649,博彦科技,互联网服务,2.3249955
3333,3549,2025-01-27,603586,金麒麟,汽车零部件,2.323936
3334,59,2025-01-27,600803,新奥股份,燃气,2.3218246
3335,4210,2025-01-27,601369,陕鼓动力,通用设备,2.3198009
3336,1543,2025-01-27,2941,新疆交建,工程建设,2.3195088
3337,1916,2025-01-27,688179,阿拉丁,化学制品,2.3189962
3338,379,2025-01-27,603378,亚士创能,装修建材,2.31881
3339,2706,2025-01-27,603579,荣泰健康,家电行业,2.3182988
3340,708,2025-01-27,603077,和邦生物,化学原料,2.318254
3341,2202,2025-01-27,688619,罗普特,互联网服务,2.3180857
3342,1251,2025-01-27,600252,中恒集团,中药,2.3172631
3343,2180,2025-01-27,2264,新 华 都,互联网服务,2.3171663
3344,975,2025-01-27,301130,西点药业,化学制药,2.3167193
3345,3100,2025-01-27,1316,润贝航科,贸易行业,2.3167088
3346,1610,2025-01-27,688319,欧林生物,生物制品,2.3165033
3347,593,2025-01-27,600963,岳阳林纸,造纸印刷,2.315791
3348,2509,2025-01-27,528,柳    工,工程机械,2.315159
3349,284,2025-01-27,603122,合富中国,医药商业,2.3125217
3350,495,2025-01-27,1376,百通能源,公用事业,2.3124828
3351,3038,2025-01-27,688777,中控技术,软件开发,2.3107603
3352,492,2025-01-27,2893,京能热力,公用事业,2.3102894
3353,3481,2025-01-27,301170,锡南科技,汽车零部件,2.3073778
3354,445,2025-01-27,1205,盛航股份,航运港口,2.3073702
3355,918,2025-01-27,603168,莎普爱思,化学制药,2.3069143
3356,2515,2025-01-27,688425,铁建重工,工程机械,2.305919
3357,684,2025-01-27,603299,苏盐井神,化学原料,2.3059025
3358,2745,2025-01-27,603060,国检集团,专业服务,2.304621
3359,1876,2025-01-27,688625,呈和科技,化学制品,2.3039923
3360,3523,2025-01-27,559,万向钱潮,汽车零部件,2.3017855
3361,1942,2025-01-27,603285,键邦股份,化学制品,2.3017302
3362,2694,2025-01-27,521,长虹美菱,家电行业,2.301015
3363,4867,2025-01-27,300627,华测导航,通信设备,2.3007705
3364,3498,2025-01-27,603949,雪龙集团,汽车零部件,2.2995234
3365,79,2025-01-27,600403,大有能源,煤炭行业,2.299407
3366,2300,2025-01-27,2557,洽洽食品,食品饮料,2.298455
3367,906,2025-01-27,300016,北陆药业,化学制药,2.2975178
3368,2387,2025-01-27,603650,彤程新材,橡胶制品,2.2974863
3369,4952,2025-01-27,603489,八方股份,电机,2.2973895
3370,1674,2025-01-27,688046,药康生物,生物制品,2.2940218
3371,3377,2025-01-27,688592,司南导航,计算机设备,2.2911355
3372,1221,2025-01-27,2873,新天药业,中药,2.2904947
3373,4738,2025-01-27,300408,三环集团,电子元件,2.2901342
3374,1443,2025-01-27,601333,广深铁路,物流行业,2.2900834
3375,2144,2025-01-27,600756,浪潮软件,互联网服务,2.289097
3376,3428,2025-01-27,603161,科华控股,汽车零部件,2.2882833
3377,4396,2025-01-27,600109,国金证券,证券,2.2867367
3378,1158,2025-01-27,688335,复洁环保,环保行业,2.286397
3379,785,2025-01-27,688139,海尔生物,医疗器械,2.285497
3380,626,2025-01-27,637,茂化实华,石油行业,2.2836506
3381,732,2025-01-27,2125,湘潭电化,化学原料,2.2829666
3382,2906,2025-01-27,600927,永安期货,多元金融,2.2827625
3383,4756,2025-01-27,600183,生益科技,电子元件,2.2822828
3384,77,2025-01-27,601918,新集能源,煤炭行业,2.2805424
3385,4394,2025-01-27,601995,中金公司,证券,2.279626
3386,1142,2025-01-27,300899,上海凯鑫,环保行业,2.2753596
3387,4722,2025-01-27,301320,豪江智能,电子元件,2.275178
3388,4287,2025-01-27,2598,山东章鼓,通用设备,2.2731721
3389,730,2025-01-27,601216,君正集团,化学原料,2.2730901
3390,3604,2025-01-27,688359,三孚新科,电子化学品,2.2721097
3391,1901,2025-01-27,301100,风光股份,化学制品,2.2717283
3392,2376,2025-01-27,2753,永东股份,橡胶制品,2.2686064
3393,3461,2025-01-27,300893,松原股份,汽车零部件,2.2670164
3394,2051,2025-01-27,600335,国机汽车,汽车服务,2.266839
3395,261,2025-01-27,600310,广西能源,电力行业,2.2663846
3396,1948,2025-01-27,300041,回天新材,化学制品,2.2642686
3397,446,2025-01-27,603167,渤海轮渡,航运港口,2.2639008
3398,4729,2025-01-27,688093,世华科技,电子元件,2.2618353
3399,2547,2025-01-27,600779,水井坊,酿酒行业,2.2616043
3400,2193,2025-01-27,600131,国网信通,互联网服务,2.2614627
3401,866,2025-01-27,688799,华纳药厂,化学制药,2.2612944
3402,1966,2025-01-27,605589,圣泉集团,化学制品,2.2611408
3403,1548,2025-01-27,301098,金埔园林,工程建设,2.259545
3404,441,2025-01-27,2671,龙泉股份,水泥建材,2.2580624
3405,2063,2025-01-27,600221,海航控股,航空机场,2.2544787
3406,1126,2025-01-27,603903,中持股份,环保行业,2.2535489
3407,4256,2025-01-27,605123,派克新材,通用设备,2.2519395
3408,120,2025-01-27,600226,亨通股份,农药兽药,2.251102
3409,3465,2025-01-27,300428,立中集团,汽车零部件,2.2510006
3410,1167,2025-01-27,300800,力合科技,环保行业,2.2496388
3411,4234,2025-01-27,2639,雪人股份,通用设备,2.2484124
3412,3896,2025-01-27,688011,新光光电,光学光电子,2.2482321
3413,1146,2025-01-27,601330,绿色动力,环保行业,2.2461667
3414,4720,2025-01-27,2179,中航光电,电子元件,2.2459745
3415,4045,2025-01-27,300259,新天科技,仪器仪表,2.2454963
3416,1391,2025-01-27,603721,中广天择,文化传媒,2.2436514
3417,3899,2025-01-27,301379,天山电子,光学光电子,2.2421107
3418,2413,2025-01-27,2186,全 聚 德,旅游酒店,2.2413418
3419,1734,2025-01-27,9,中国宝安,综合行业,2.2406683
3420,3871,2025-01-27,2955,鸿合科技,光学光电子,2.2385507
3421,916,2025-01-27,688221,前沿生物-U,化学制药,2.2384973
3422,2636,2025-01-27,300218,安利股份,塑料制品,2.23829
3423,3755,2025-01-27,688128,中国电研,专用设备,2.2378297
3424,1013,2025-01-27,1234,泰慕士,纺织服装,2.2362232
3425,1711,2025-01-27,949,新乡化纤,化纤行业,2.2360132
3426,183,2025-01-27,898,鞍钢股份,钢铁行业,2.2359893
3427,1846,2025-01-27,603968,醋化股份,化学制品,2.235706
3428,4428,2025-01-27,300743,天地数码,非金属材料,2.2349029
3429,2021,2025-01-27,600338,西藏珠峰,有色金属,2.2347808
3430,1663,2025-01-27,688136,科兴制药,生物制品,2.234392
3431,4130,2025-01-27,600876,凯盛新能,光伏设备,2.2340565
3432,2566,2025-01-27,600104,上汽集团,汽车整车,2.2332594
3433,810,2025-01-27,301290,东星医疗,医疗器械,2.2323399
3434,2118,2025-01-27,300533,冰川网络,游戏,2.2318065
3435,2522,2025-01-27,2097,山河智能,工程机械,2.2307887
3436,2436,2025-01-27,90,天健集团,房地产开发,2.230288
3437,2256,2025-01-27,895,双汇发展,食品饮料,2.230154
3438,3328,2025-01-27,300569,天能重工,风电设备,2.229251
3439,1858,2025-01-27,2054,德美化工,化学制品,2.227798
3440,4477,2025-01-27,2079,苏州固锝,半导体,2.227652
3441,4658,2025-01-27,603890,春秋电子,消费电子,2.227354
3442,925,2025-01-27,605177,东亚药业,化学制药,2.226807
3443,1058,2025-01-27,301088,戎美股份,纺织服装,2.2259057
3444,2371,2025-01-27,2984,森麒麟,橡胶制品,2.2259057
3445,643,2025-01-27,1323,慕思股份,家用轻工,2.2255003
3446,282,2025-01-27,603939,益丰药房,医药商业,2.2250028
3447,2672,2025-01-27,333,美的集团,家电行业,2.2246928
3448,2408,2025-01-27,601888,中国中免,旅游酒店,2.2240162
3449,3734,2025-01-27,300402,宝色股份,专用设备,2.223125
3450,3893,2025-01-27,2106,莱宝高科,光学光电子,2.2225811
3451,2565,2025-01-27,301039,中集车辆,汽车整车,2.2225409
3452,4247,2025-01-27,688455,科捷智能,通用设备,2.2177145
3453,3456,2025-01-27,2488,金固股份,汽车零部件,2.2176476
3454,2274,2025-01-27,600887,伊利股份,食品饮料,2.2167592
3455,92,2025-01-27,600792,云煤能源,煤炭行业,2.2162585
3456,678,2025-01-27,683,远兴能源,化学原料,2.2161603
3457,4214,2025-01-27,2871,伟隆股份,通用设备,2.2133887
3458,2910,2025-01-27,600517,国网英大,多元金融,2.2132382
3459,2927,2025-01-27,2212,天融信,软件开发,2.2124887
3460,2628,2025-01-27,300230,永利股份,塑料制品,2.2123919
3461,4221,2025-01-27,301125,腾亚精工,通用设备,2.2122235
3462,4852,2025-01-27,300870,欧陆通,电源设备,2.211213
3463,811,2025-01-27,300813,泰林生物,医疗器械,2.2111626
3464,1824,2025-01-27,600547,山东黄金,贵金属,2.2097335
3465,1759,2025-01-27,600660,福耀玻璃,玻璃玻纤,2.209559
3466,4226,2025-01-27,301317,鑫磊股份,通用设备,2.2088885
3467,3655,2025-01-27,603300,海南华铁,专用设备,2.2055924
3468,2553,2025-01-27,600809,山西汾酒,酿酒行业,2.205503
3469,2438,2025-01-27,600639,浦东金桥,房地产开发,2.205071
3470,185,2025-01-27,601969,海南矿业,钢铁行业,2.204807
3471,3503,2025-01-27,603040,新坐标,汽车零部件,2.2046492
3472,1563,2025-01-27,601133,柏诚股份,工程建设,2.2034287
3473,3637,2025-01-27,1239,永达股份,专用设备,2.2025049
3474,147,2025-01-27,600282,南钢股份,钢铁行业,2.2021785
3475,2379,2025-01-27,2442,龙星科技,橡胶制品,2.2021742
3476,2600,2025-01-27,600143,金发科技,塑料制品,2.2020385
3477,389,2025-01-27,600350,山东高速,铁路公路,2.2015915
3478,1867,2025-01-27,603867,新化股份,化学制品,2.2010446
3479,592,2025-01-27,600433,冠豪高新,造纸印刷,2.1994205
3480,2277,2025-01-27,603102,百合股份,食品饮料,2.1982327
3481,2064,2025-01-27,600115,中国东航,航空机场,2.1965294
3482,4131,2025-01-27,301046,能辉科技,光伏设备,2.1961927
3483,2310,2025-01-27,603288,海天味业,食品饮料,2.1958365
3484,558,2025-01-27,603739,蔚蓝生物,农牧饲渔,2.1955087
3485,3009,2025-01-27,301179,泽宇智能,软件开发,2.1931171
3486,3,2025-01-27,601963,重庆银行,银行,2.1915853
3487,1761,2025-01-27,600586,金晶科技,玻璃玻纤,2.1905468
3488,1472,2025-01-27,603569,长久物流,物流行业,2.1901324
3489,4490,2025-01-27,600877,电科芯片,半导体,2.1896958
3490,3664,2025-01-27,1256,炜冈科技,专用设备,2.189693
3491,2751,2025-01-27,600861,北京人力,专业服务,2.18862
3492,93,2025-01-27,601699,潞安环能,煤炭行业,2.1874235
3493,3403,2025-01-27,2725,跃岭股份,汽车零部件,2.1810083
3494,2410,2025-01-27,603199,九华旅游,旅游酒店,2.1801949
3495,1071,2025-01-27,3041,真爱美家,纺织服装,2.1798759
3496,4830,2025-01-27,600875,东方电气,电源设备,2.1796882
3497,4055,2025-01-27,300306,远方信息,仪器仪表,2.1791265
3498,3412,2025-01-27,605151,西上海,汽车零部件,2.1774457
3499,2174,2025-01-27,301428,世纪恒通,互联网服务,2.1749244
3500,206,2025-01-27,600642,申能股份,电力行业,2.174045
3501,717,2025-01-27,688267,中触媒,化学原料,2.173695
3502,4263,2025-01-27,603131,上海沪工,通用设备,2.1727338
3503,292,2025-01-27,2589,瑞康医药,医药商业,2.1704583
3504,965,2025-01-27,688505,复旦张江,化学制药,2.168764
3505,1799,2025-01-27,301267,华厦眼科,医疗服务,2.1686778
3506,655,2025-01-27,1211,双枪科技,家用轻工,2.1658168
3507,3738,2025-01-27,2651,利君股份,专用设备,2.1656857
3508,3190,2025-01-27,301295,美硕科技,电网设备,2.1656141
3509,76,2025-01-27,601898,中煤能源,煤炭行业,2.1649332
3510,2037,2025-01-27,612,焦作万方,有色金属,2.1643028
3511,4233,2025-01-27,2008,大族激光,通用设备,2.16334
3512,285,2025-01-27,603883,老百姓,医药商业,2.1630259
3513,3912,2025-01-27,3019,宸展光电,光学光电子,2.1622703
3514,3534,2025-01-27,2516,旷达科技,汽车零部件,2.1616638
3515,3972,2025-01-27,688155,先惠技术,电池,2.1612957
3516,764,2025-01-27,300463,迈克生物,医疗器械,2.1609054
3517,2815,2025-01-27,689009,九号公司-WD,交运设备,2.1558478
3518,10,2025-01-27,601825,沪农商行,银行,2.1546826
3519,1926,2025-01-27,603125,常青科技,化学制品,2.152823
3520,795,2025-01-27,688580,伟思医疗,医疗器械,2.1513999
3521,1329,2025-01-27,603605,珀莱雅,美容护理,2.1498516
3522,1038,2025-01-27,603889,新澳股份,纺织服装,2.1490216
3523,3499,2025-01-27,300643,万通智控,汽车零部件,2.1490216
3524,1225,2025-01-27,603439,贵州三力,中药,2.1486506
3525,971,2025-01-27,300573,兴齐眼药,化学制药,2.1483064
3526,1157,2025-01-27,301305,朗坤环境,环保行业,2.148229
3527,889,2025-01-27,2550,千红制药,化学制药,2.147725
3528,4506,2025-01-27,688099,晶晨股份,半导体,2.146466
3529,4507,2025-01-27,688045,必易微,半导体,2.1450355
3530,1659,2025-01-27,600645,中源协和,生物制品,2.1433725
3531,3918,2025-01-27,300632,光莆股份,光学光电子,2.1427438
3532,4630,2025-01-27,2241,歌尔股份,消费电子,2.1420465
3533,1779,2025-01-27,301103,何氏眼科,医疗服务,2.138628
3534,3146,2025-01-27,601366,利群股份,商业百货,2.1386132
3535,336,2025-01-27,2043,兔 宝 宝,装修建材,2.1376848
3536,3129,2025-01-27,600790,轻纺城,商业百货,2.1365092
3537,1314,2025-01-27,300658,延江股份,美容护理,2.1343203
3538,1900,2025-01-27,300848,美瑞新材,化学制品,2.1332278
3539,513,2025-01-27,713,丰乐种业,农牧饲渔,2.1329732
3540,4377,2025-01-27,601990,南京证券,证券,2.1304443
3541,2828,2025-01-27,2467,二六三,通信服务,2.1298244
3542,1057,2025-01-27,2722,物产金轮,纺织服装,2.1298125
3543,4378,2025-01-27,600918,中泰证券,证券,2.1289423
3544,1027,2025-01-27,300877,金春股份,纺织服装,2.1288543
3545,3106,2025-01-27,603071,物产环能,贸易行业,2.1287112
3546,595,2025-01-27,600966,博汇纸业,造纸印刷,2.1280096
3547,3473,2025-01-27,300446,航天智造,汽车零部件,2.1270707
3548,436,2025-01-27,605122,四方新材,水泥建材,2.1265059
3549,1690,2025-01-27,603979,金诚信,采掘行业,2.1263227
3550,3991,2025-01-27,300750,宁德时代,电池,2.125667
3551,1003,2025-01-27,301108,洁雅股份,纺织服装,2.1246626
3552,1680,2025-01-27,600583,海油工程,采掘行业,2.1234677
3553,4251,2025-01-27,300193,佳士科技,通用设备,2.1212845
3554,3878,2025-01-27,100,TCL科技,光学光电子,2.119814
3555,3315,2025-01-27,300129,泰胜风能,风电设备,2.1197736
3556,3772,2025-01-27,603203,快克智能,专用设备,2.118914
3557,1242,2025-01-27,600518,康美药业,中药,2.1177263
3558,4469,2025-01-27,2371,北方华创,半导体,2.1154046
3559,4220,2025-01-27,301273,瑞晨环保,通用设备,2.1153436
3560,1547,2025-01-27,600846,同济科技,工程建设,2.1134048
3561,4093,2025-01-27,600549,厦门钨业,小金属,2.1131382
3562,1740,2025-01-27,2867,周大生,珠宝首饰,2.111341
3563,1238,2025-01-27,2907,华森制药,中药,2.110341
3564,230,2025-01-27,543,皖能电力,电力行业,2.1100745
3565,1319,2025-01-27,603238,诺邦股份,美容护理,2.107197
3566,4042,2025-01-27,301528,多浦乐,仪器仪表,2.1068618
3567,1892,2025-01-27,300801,泰和科技,化学制品,2.1056561
3568,3276,2025-01-27,603897,长城科技,电网设备,2.1055877
3569,3197,2025-01-27,600379,宝光股份,电网设备,2.101712
3570,3215,2025-01-27,600089,特变电工,电网设备,2.1011205
3571,3228,2025-01-27,688616,西力科技,电网设备,2.1007986
3572,762,2025-01-27,301234,五洲医疗,医疗器械,2.0991178
3573,3665,2025-01-27,301158,德石股份,专用设备,2.098915
3574,2440,2025-01-27,600064,南京高科,房地产开发,2.09793
3575,113,2025-01-27,300871,回盛生物,农药兽药,2.097471
3576,1335,2025-01-27,301219,腾远钴业,能源金属,2.0972862
3577,3983,2025-01-27,301222,浙江恒威,电池,2.096121
3578,155,2025-01-27,603995,甬金股份,钢铁行业,2.0954504
3579,1821,2025-01-27,1337,四川黄金,贵金属,2.095343
3580,4149,2025-01-27,688033,天宜上佳,光伏设备,2.0953417
3581,2317,2025-01-27,600189,泉阳泉,食品饮料,2.09461
3582,542,2025-01-27,603609,禾丰股份,农牧饲渔,2.0927966
3583,1701,2025-01-27,600063,皖维高新,化纤行业,2.0922616
3584,4524,2025-01-27,688401,路维光电,半导体,2.0921812
3585,328,2025-01-27,603816,顾家家居,装修建材,2.0921812
3586,777,2025-01-27,2950,奥美医疗,医疗器械,2.0921423
3587,4628,2025-01-27,2947,恒铭达,消费电子,2.0914211
3588,4261,2025-01-27,3043,华亚智能,通用设备,2.0910845
3589,63,2025-01-27,300332,天壕能源,燃气,2.0909503
3590,3643,2025-01-27,3036,泰坦股份,专用设备,2.089785
3591,2023,2025-01-27,603045,福达合金,有色金属,2.089426
3592,509,2025-01-27,2458,益生股份,农牧饲渔,2.0892932
3593,2518,2025-01-27,603638,艾迪精密,工程机械,2.0881085
3594,792,2025-01-27,301087,可孚医疗,医疗器械,2.0878105
3595,1343,2025-01-27,2340,格林美,能源金属,2.0867288
3596,2721,2025-01-27,541,佛山照明,家电行业,2.086708
3597,1447,2025-01-27,2492,恒基达鑫,物流行业,2.0860062
3598,1924,2025-01-27,603790,雅运股份,化学制品,2.0859196
3599,3442,2025-01-27,603348,文灿股份,汽车零部件,2.0851865
3600,1245,2025-01-27,300519,新光药业,中药,2.0845652
3601,4905,2025-01-27,688618,三旺通信,通信设备,2.0842075
3602,556,2025-01-27,300138,晨光生物,农牧饲渔,2.0814464
3603,4215,2025-01-27,301151,冠龙节能,通用设备,2.0813437
3604,3986,2025-01-27,688772,珠海冠宇,电池,2.081202
3605,1055,2025-01-27,603908,牧高笛,纺织服装,2.0808935
3606,359,2025-01-27,2641,公元股份,装修建材,2.0789952
3607,2024,2025-01-27,688786,悦安新材,有色金属,2.0775423
3608,4383,2025-01-27,600999,招商证券,证券,2.0722568
3609,1925,2025-01-27,688639,华恒生物,化学制品,2.0717754
3610,2965,2025-01-27,688296,和达科技,软件开发,2.0715237
3611,898,2025-01-27,603222,济民健康,化学制药,2.0705268
3612,2078,2025-01-27,601968,宝钢包装,包装材料,2.0674183
3613,1092,2025-01-27,2479,富春环保,环保行业,2.066599
3614,4379,2025-01-27,776,广发证券,证券,2.0657806
3615,774,2025-01-27,2817,黄山胶囊,医疗器械,2.0653949
3616,4866,2025-01-27,2935,天奥电子,通信设备,2.0646021
3617,1283,2025-01-27,301167,建研设计,工程咨询服务,2.064599
3618,44,2025-01-27,2911,佛燃能源,燃气,2.0644472
3619,1105,2025-01-27,603797,联泰环保,环保行业,2.0639272
3620,61,2025-01-27,593,德龙汇能,燃气,2.0616815
3621,726,2025-01-27,301065,本立科技,化学原料,2.0606546
3622,1640,2025-01-27,300239,东宝生物,生物制品,2.0594373
3623,4476,2025-01-27,2049,紫光国微,半导体,2.058971
3624,4511,2025-01-27,688439,振华风光,半导体,2.0583405
3625,4237,2025-01-27,600558,大西洋,通用设备,2.0579324
3626,2763,2025-01-27,300416,苏试试验,专业服务,2.0573854
3627,2383,2025-01-27,301459,丰茂股份,橡胶制品,2.0560563
3628,3995,2025-01-27,2850,科达利,电池,2.0556629
3629,2727,2025-01-27,603657,春光科技,家电行业,2.0553038
3630,1654,2025-01-27,403,派林生物,生物制品,2.0541801
3631,4255,2025-01-27,301279,金道科技,通用设备,2.0539596
3632,54,2025-01-27,407,胜利股份,燃气,2.0534887
3633,1558,2025-01-27,2062,宏润建设,工程建设,2.0523503
3634,974,2025-01-27,300363,博腾股份,化学制药,2.0504503
3635,2554,2025-01-27,729,燕京啤酒,酿酒行业,2.049683
3636,1877,2025-01-27,603192,汇得科技,化学制品,2.0495653
3637,203,2025-01-27,3816,中国广核,电力行业,2.0490618
3638,3889,2025-01-27,688272,富吉瑞,光学光电子,2.048187
3639,1414,2025-01-27,603466,风语筑,文化传媒,2.0473585
3640,2551,2025-01-27,600197,伊力特,酿酒行业,2.0467103
3641,4647,2025-01-27,300951,博硕科技,消费电子,2.0452573
3642,2025,2025-01-27,300963,中洲特材,有色金属,2.0449295
3643,3671,2025-01-27,301056,森赫股份,专用设备,2.0435123
3644,276,2025-01-27,411,英特集团,医药商业,2.0419688
3645,1661,2025-01-27,300357,我武生物,生物制品,2.0389988
3646,685,2025-01-27,600746,江苏索普,化学原料,2.0385578
3647,2292,2025-01-27,600872,中炬高新,食品饮料,2.0381122
3648,1373,2025-01-27,2343,慈文传媒,文化传媒,2.0362213
3649,1163,2025-01-27,688466,金科环境,环保行业,2.0356908
3650,1562,2025-01-27,600667,太极实业,工程建设,2.0348773
3651,2280,2025-01-27,301206,三元生物,食品饮料,2.0345478
3652,900,2025-01-27,300401,花园生物,化学制药,2.0309746
3653,1250,2025-01-27,2864,盘龙药业,中药,2.0302029
3654,3434,2025-01-27,603997,继峰股份,汽车零部件,2.029881
3655,1229,2025-01-27,600976,健民集团,中药,2.028197
3656,1721,2025-01-27,532,华金资本,综合行业,2.027461
3657,361,2025-01-27,2798,帝欧家居,装修建材,2.0271568
3658,45,2025-01-27,605169,洪通燃气,燃气,2.026178
3659,2981,2025-01-27,688232,新点软件,软件开发,2.025473
3660,1279,2025-01-27,779,甘咨询,工程咨询服务,2.0247474
3661,1310,2025-01-27,1328,登康口腔,美容护理,2.0237074
3662,425,2025-01-27,600496,精工钢构,水泥建材,2.023199
3663,4208,2025-01-27,688059,华锐精密,通用设备,2.0231829
3664,2997,2025-01-27,600476,湘邮科技,软件开发,2.0229921
3665,2428,2025-01-27,600648,外高桥,房地产开发,2.0215364
3666,1004,2025-01-27,300979,华利集团,纺织服装,2.0213037
3667,1102,2025-01-27,300854,中兰环保,环保行业,2.0209537
3668,997,2025-01-27,605080,浙江自然,纺织服装,2.0204873
3669,3911,2025-01-27,2273,水晶光电,光学光电子,2.0183892
3670,4129,2025-01-27,603105,芯能科技,光伏设备,2.0181684
3671,1196,2025-01-27,600685,中船防务,船舶制造,2.0175755
3672,1471,2025-01-27,603535,嘉诚国际,物流行业,2.0167098
3673,181,2025-01-27,778,新兴铸管,钢铁行业,2.016671
3674,2279,2025-01-27,605077,华康股份,食品饮料,2.0165966
3675,2154,2025-01-27,2777,久远银海,互联网服务,2.0161061
3676,455,2025-01-27,601008,连云港,航运港口,2.0158544
3677,153,2025-01-27,708,中信特钢,钢铁行业,2.0152836
3678,3454,2025-01-27,2863,今飞凯达,汽车零部件,2.0152628
3679,314,2025-01-27,300387,富邦科技,化肥行业,2.0134778
3680,4134,2025-01-27,603381,永臻股份,光伏设备,2.0125537
3681,3596,2025-01-27,300481,濮阳惠成,电子化学品,2.0112724
3682,1270,2025-01-27,2883,中设股份,工程咨询服务,2.0100088
3683,808,2025-01-27,300049,福瑞股份,医疗器械,2.0098164
3684,1862,2025-01-27,603725,天安新材,化学制品,2.0088434
3685,2834,2025-01-27,603602,纵横通信,通信服务,2.0082653
3686,193,2025-01-27,600674,川投能源,电力行业,2.0077705
3687,2678,2025-01-27,651,格力电器,家电行业,2.0048008
3688,946,2025-01-27,300584,海辰药业,化学制药,2.0023181
3689,2971,2025-01-27,603189,网达软件,软件开发,2.001998
3690,451,2025-01-27,600017,日照港,航运港口,2.0011902
3691,2273,2025-01-27,600073,光明肉业,食品饮料,2.0007238
3692,2540,2025-01-27,860,顺鑫农业,酿酒行业,2.0005896
3693,2865,2025-01-27,600372,中航机载,航天航空,2.000496
3694,567,2025-01-27,2311,海大集团,农牧饲渔,2.0004346
3695,608,2025-01-27,603058,永吉股份,造纸印刷,1.9994006
3696,517,2025-01-27,600108,亚盛集团,农牧饲渔,1.9986227
3697,53,2025-01-27,600956,新天绿能,燃气,1.9982874
3698,2702,2025-01-27,2011,盾安环境,家电行业,1.9967124
3699,89,2025-01-27,601001,晋控煤业,煤炭行业,1.9955754
3700,1929,2025-01-27,300019,硅宝科技,化学制品,1.9952536
3701,2953,2025-01-27,688060,云涌科技,软件开发,1.9945965
3702,3490,2025-01-27,2662,京威股份,汽车零部件,1.9942552
3703,3360,2025-01-27,300546,雄帝科技,计算机设备,1.9934356
3704,3096,2025-01-27,600278,东方创业,贸易行业,1.9933417
3705,2290,2025-01-27,2216,三全食品,食品饮料,1.9931138
3706,1857,2025-01-27,605366,宏柏新材,化学制品,1.9919112
3707,1201,2025-01-27,300589,江龙船艇,船舶制造,1.9890726
3708,283,2025-01-27,301015,百洋医药,医药商业,1.9853503
3709,849,2025-01-27,300003,乐普医疗,医疗器械,1.9837201
3710,3496,2025-01-27,2870,香山股份,汽车零部件,1.9827396
3711,3645,2025-01-27,600262,北方股份,专用设备,1.9812346
3712,1785,2025-01-27,301235,华康医疗,医疗服务,1.9810021
3713,1165,2025-01-27,301500,飞南资源,环保行业,1.980789
3714,4654,2025-01-27,603380,易德龙,消费电子,1.9796624
3715,2467,2025-01-27,600848,上海临港,房地产开发,1.9788802
3716,1441,2025-01-27,1228,永泰运,物流行业,1.977843
3717,2377,2025-01-27,601058,赛轮轮胎,橡胶制品,1.9765809
3718,724,2025-01-27,301059,金三江,化学原料,1.9758866
3719,4253,2025-01-27,3025,思进智能,通用设备,1.9756228
3720,2603,2025-01-27,300717,华信新材,塑料制品,1.9753621
3721,1481,2025-01-27,603836,海程邦达,物流行业,1.9739479
3722,56,2025-01-27,601139,深圳燃气,燃气,1.973787
3723,1928,2025-01-27,300821,东岳硅材,化学制品,1.9736856
3724,2664,2025-01-27,600261,阳光照明,家电行业,1.9725442
3725,463,2025-01-27,601228,广州港,航运港口,1.97248
3726,2303,2025-01-27,603027,千禾味业,食品饮料,1.9720912
3727,3609,2025-01-27,2409,雅克科技,电子化学品,1.9692183
3728,423,2025-01-27,600668,尖峰集团,水泥建材,1.9685984
3729,240,2025-01-27,600969,郴电国际,电力行业,1.9680367
3730,175,2025-01-27,601005,重庆钢铁,钢铁行业,1.9679203
3731,143,2025-01-27,2942,新农股份,农药兽药,1.9674017
3732,1697,2025-01-27,2064,华峰化学,化纤行业,1.9669936
3733,3260,2025-01-27,300360,炬华科技,电网设备,1.9656911
3734,2401,2025-01-27,600258,首旅酒店,旅游酒店,1.9643664
3735,1625,2025-01-27,301207,华兰疫苗,生物制品,1.9627154
3736,3567,2025-01-27,300863,卡倍亿,汽车零部件,1.9626393
3737,2642,2025-01-27,300806,斯迪克,塑料制品,1.96241
3738,4710,2025-01-27,600563,法拉电子,电子元件,1.9623101
3739,3695,2025-01-27,603488,展鹏科技,专用设备,1.9602388
3740,2534,2025-01-27,600573,惠泉啤酒,酿酒行业,1.9570619
3741,1757,2025-01-27,300196,长海股份,玻璃玻纤,1.9546986
3742,2805,2025-01-27,600967,内蒙一机,交运设备,1.9544766
3743,3237,2025-01-27,2882,金龙羽,电网设备,1.9540415
3744,4807,2025-01-27,1389,广合科技,电子元件,1.9533664
3745,3223,2025-01-27,603191,望变电气,电网设备,1.9524798
3746,3000,2025-01-27,688561,奇安信-U,软件开发,1.9523098
3747,532,2025-01-27,2234,民和股份,农牧饲渔,1.9515588
3748,450,2025-01-27,601018,宁波港,航运港口,1.95131
3749,2,2025-01-27,600000,浦发银行,银行,1.95041
3750,640,2025-01-27,1300,三柏硕,家用轻工,1.9489155
3751,1935,2025-01-27,300200,高盟新材,化学制品,1.947999
3752,839,2025-01-27,688289,圣湘生物,医疗器械,1.9479007
3753,2599,2025-01-27,301193,家联科技,塑料制品,1.9465834
3754,4038,2025-01-27,2980,华盛昌,仪器仪表,1.9440293
3755,868,2025-01-27,605507,国邦医药,化学制药,1.9437566
3756,3445,2025-01-27,301133,金钟股份,汽车零部件,1.9435972
3757,464,2025-01-27,603162,海通发展,航运港口,1.941064
3758,1133,2025-01-27,300664,鹏鹞环保,环保行业,1.9410417
3759,2090,2025-01-27,300501,海顺新材,包装材料,1.9404993
3760,68,2025-01-27,600333,长春燃气,燃气,1.9383222
3761,1519,2025-01-27,498,山东路桥,工程建设,1.9368887
3762,515,2025-01-27,2772,众兴菌业,农牧饲渔,1.9361794
3763,2577,2025-01-27,600166,福田汽车,汽车整车,1.9359634
3764,1404,2025-01-27,301052,果麦文化,文化传媒,1.9353018
3765,841,2025-01-27,301367,怡和嘉业,医疗器械,1.9349724
3766,1011,2025-01-27,601339,百隆东方,纺织服装,1.9339309
3767,2083,2025-01-27,2752,昇兴股份,包装材料,1.9334123
3768,4140,2025-01-27,300316,晶盛机电,光伏设备,1.932165
3769,784,2025-01-27,688298,东方生物,医疗器械,1.9321442
3770,3690,2025-01-27,603321,梅轮电梯,专用设备,1.9275501
3771,1127,2025-01-27,301265,华新环保,环保行业,1.9270732
3772,3338,2025-01-27,600455,博通股份,教育,1.9268944
3773,2931,2025-01-27,688111,金山办公,软件开发,1.9242257
3774,969,2025-01-27,915,华特达因,化学制药,1.9241124
3775,4094,2025-01-27,600980,北矿科技,小金属,1.9227431
3776,700,2025-01-27,1358,兴欣新材,化学原料,1.9200981
3777,1878,2025-01-27,603681,永冠新材,化学制品,1.9200355
3778,2369,2025-01-27,601118,海南橡胶,橡胶制品,1.9198179
3779,2542,2025-01-27,603919,金徽酒,酿酒行业,1.9189343
3780,3462,2025-01-27,1278,一彬科技,汽车零部件,1.9188523
3781,2956,2025-01-27,2987,京北方,软件开发,1.9186423
3782,779,2025-01-27,688273,麦澜德,医疗器械,1.9177542
3783,2689,2025-01-27,2614,奥佳华,家电行业,1.9169316
3784,2801,2025-01-27,688569,铁科轨道,交运设备,1.9155294
3785,2667,2025-01-27,603112,华翔股份,家电行业,1.9148841
3786,332,2025-01-27,2572,索菲亚,装修建材,1.9135699
3787,816,2025-01-27,300171,东富龙,医疗器械,1.9130796
3788,2543,2025-01-27,600059,古越龙山,酿酒行业,1.9129068
3789,2327,2025-01-27,300146,汤臣倍健,食品饮料,1.9125164
3790,1309,2025-01-27,300888,稳健医疗,美容护理,1.9123032
3791,654,2025-01-27,1222,源飞宠物,家用轻工,1.9108639
3792,2825,2025-01-27,300292,吴通控股,通信服务,1.9108548
3793,913,2025-01-27,301277,新天地,化学制药,1.9088805
3794,1278,2025-01-27,603458,勘设股份,工程咨询服务,1.9079119
3795,1580,2025-01-27,601886,江河集团,装修装饰,1.9072785
3796,1933,2025-01-27,688199,久日新材,化学制品,1.9069165
3797,4430,2025-01-27,2057,中钢天源,非金属材料,1.9064143
3798,1253,2025-01-27,300039,上海凯宝,中药,1.9059048
3799,3404,2025-01-27,301186,超达装备,汽车零部件,1.9055367
3800,4382,2025-01-27,166,申万宏源,证券,1.9052818
3801,1525,2025-01-27,65,北方国际,工程建设,1.9016995
3802,1039,2025-01-27,603130,云中马,纺织服装,1.9013956
3803,2535,2025-01-27,568,泸州老窖,酿酒行业,1.8996284
3804,1490,2025-01-27,603066,音飞储存,物流行业,1.8984646
3805,2651,2025-01-27,601208,东材科技,塑料制品,1.8972844
3806,3515,2025-01-27,2920,德赛西威,汽车零部件,1.8966391
3807,1853,2025-01-27,2476,宝莫股份,化学制品,1.8965945
3808,333,2025-01-27,786,北新建材,装修建材,1.8963172
3809,124,2025-01-27,603639,海利尔,农药兽药,1.8945322
3810,2607,2025-01-27,300995,奇德新材,塑料制品,1.8941298
3811,177,2025-01-27,600382,广东明珠,钢铁行业,1.8940359
3812,2573,2025-01-27,951,中国重汽,汽车整车,1.8914193
3813,313,2025-01-27,2999,天禾股份,化肥行业,1.8890336
3814,561,2025-01-27,600257,大湖股份,农牧饲渔,1.886785
3815,1239,2025-01-27,2349,精华制药,中药,1.8860414
3816,1320,2025-01-27,300896,爱美客,美容护理,1.8857449
3817,3710,2025-01-27,600835,上海机电,专用设备,1.8854648
3818,2622,2025-01-27,688585,上纬新材,塑料制品,1.8828183
3819,1550,2025-01-27,600512,腾达建设,工程建设,1.8820912
3820,4285,2025-01-27,688648,中邮科技,通用设备,1.8817112
3821,3210,2025-01-27,688517,金冠电气,电网设备,1.8793092
3822,1656,2025-01-27,300841,康华生物,生物制品,1.8792689
3823,2546,2025-01-27,858,五 粮 液,酿酒行业,1.8754154
3824,232,2025-01-27,601016,节能风电,电力行业,1.872097
3825,1268,2025-01-27,928,中钢国际,工程咨询服务,1.8702954
3826,1589,2025-01-27,55,方大集团,装修装饰,1.8699005
3827,1999,2025-01-27,603937,丽岛新材,有色金属,1.8695726
3828,179,2025-01-27,600231,凌钢股份,钢铁行业,1.8640206
3829,2993,2025-01-27,300773,拉卡拉,软件开发,1.8610895
3830,1222,2025-01-27,2826,易明医药,中药,1.8610761
3831,647,2025-01-27,605268,王力安防,家用轻工,1.8610165
3832,2402,2025-01-27,888,峨眉山Ａ,旅游酒店,1.8603772
3833,1296,2025-01-27,603153,上海建科,工程咨询服务,1.860316
3834,437,2025-01-27,600477,杭萧钢构,水泥建材,1.8600688
3835,3094,2025-01-27,19,深粮控股,贸易行业,1.8597767
3836,2536,2025-01-27,601579,会稽山,酿酒行业,1.8593028
3837,3128,2025-01-27,600694,大商股份,商业百货,1.8581122
3838,4627,2025-01-27,2937,兴瑞科技,消费电子,1.8579259
3839,435,2025-01-27,600449,宁夏建材,水泥建材,1.8566608
3840,3262,2025-01-27,605222,起帆电缆,电网设备,1.8553898
3841,3242,2025-01-27,300514,友讯达,电网设备,1.8547475
3842,1752,2025-01-27,600655,豫园股份,珠宝首饰,1.8516332
3843,1046,2025-01-27,605003,众望布艺,纺织服装,1.8511474
3844,2641,2025-01-27,2632,道明光学,塑料制品,1.8503711
3845,2403,2025-01-27,524,岭南控股,旅游酒店,1.8494651
3846,2052,2025-01-27,301215,中汽股份,汽车服务,1.8491254
3847,2635,2025-01-27,300922,天秦装备,塑料制品,1.8464253
3848,1451,2025-01-27,603565,中谷物流,物流行业,1.8451601
3849,790,2025-01-27,300358,楚天科技,医疗器械,1.8445864
3850,3235,2025-01-27,603861,白云电器,电网设备,1.8445641
3851,3501,2025-01-27,605319,无锡振华,汽车零部件,1.8443778
3852,468,2025-01-27,600279,重庆港,航运港口,1.8427879
3853,1648,2025-01-27,688180,君实生物-U,生物制品,1.8377662
3854,3865,2025-01-27,301106,骏成科技,光学光电子,1.837334
3855,471,2025-01-27,601866,中远海发,航运港口,1.8370495
3856,1006,2025-01-27,2144,宏达高科,纺织服装,1.8354847
3857,781,2025-01-27,300318,博晖创新,医疗器械,1.8345072
3858,3898,2025-01-27,600703,三安光电,光学光电子,1.8328681
3859,4046,2025-01-27,301006,迈拓股份,仪器仪表,1.8313899
3860,3669,2025-01-27,688623,双元科技,专用设备,1.8311157
3861,442,2025-01-27,601000,唐山港,航运港口,1.830551
3862,1111,2025-01-27,300335,迪森股份,环保行业,1.8281132
3863,880,2025-01-27,600613,神奇制药,化学制药,1.8257409
3864,348,2025-01-27,603326,我乐家居,装修建材,1.8232316
3865,3735,2025-01-27,605286,同力日升,专用设备,1.8231049
3866,3699,2025-01-27,301260,格力博,专用设备,1.8228918
3867,2787,2025-01-27,688367,工大高科,交运设备,1.8226922
3868,1795,2025-01-27,300143,盈康生命,医疗服务,1.8226415
3869,3677,2025-01-27,2483,润邦股份,专用设备,1.8225982
3870,1061,2025-01-27,2154,报 喜 鸟,纺织服装,1.8202782
3871,3022,2025-01-27,688657,浩辰软件,软件开发,1.8199787
3872,403,2025-01-27,600834,申通地铁,铁路公路,1.8196166
3873,70,2025-01-27,600758,辽宁能源,煤炭行业,1.8195615
3874,540,2025-01-27,2891,中宠股份,农牧饲渔,1.8195063
3875,3224,2025-01-27,300882,万胜智能,电网设备,1.8190815
3876,2674,2025-01-27,1259,利仁科技,家电行业,1.8190384
3877,2610,2025-01-27,600135,乐凯胶片,塑料制品,1.8189579
3878,1480,2025-01-27,300873,海晨股份,物流行业,1.8184781
3879,1904,2025-01-27,2497,雅化集团,化学制品,1.817894
3880,1871,2025-01-27,603010,万盛股份,化学制品,1.8161029
3881,1555,2025-01-27,600491,龙元建设,工程建设,1.8157885
3882,3241,2025-01-27,2452,长高电新,电网设备,1.8150256
3883,2992,2025-01-27,948,南天信息,软件开发,1.8136368
3884,2750,2025-01-27,301115,建科股份,专业服务,1.8124177
3885,1002,2025-01-27,600987,航民股份,纺织服装,1.8117414
3886,4282,2025-01-27,688697,纽威数控,通用设备,1.810652
3887,3726,2025-01-27,600499,科达制造,专用设备,1.8097594
3888,2710,2025-01-27,300272,开能健康,家电行业,1.8092334
3889,2950,2025-01-27,688109,品茗科技,软件开发,1.808545
3890,1790,2025-01-27,2821,凯莱英,医疗服务,1.8075957
3891,2949,2025-01-27,301330,熵基科技,软件开发,1.8059015
3892,199,2025-01-27,601985,中国核电,电力行业,1.804246
3893,4218,2025-01-27,603331,百达精工,通用设备,1.8037856
3894,814,2025-01-27,300653,正海生物,医疗器械,1.8030852
3895,176,2025-01-27,600808,马钢股份,钢铁行业,1.8024832
3896,2755,2025-01-27,603183,建研院,专业服务,1.8022299
3897,408,2025-01-27,600368,五洲交通,铁路公路,1.8020034
3898,7,2025-01-27,601838,成都银行,银行,1.8017262
3899,17,2025-01-27,2948,青岛银行,银行,1.801671
3900,4941,2025-01-27,2519,银河电子,通信设备,1.8010066
3901,3447,2025-01-27,600523,贵航股份,汽车零部件,1.7997577
3902,1312,2025-01-27,600249,两面针,美容护理,1.7981305
3903,1040,2025-01-27,601599,浙文影业,纺织服装,1.7975509
3904,477,2025-01-27,600461,洪城环境,公用事业,1.7973468
3905,1458,2025-01-27,2120,韵达股份,物流行业,1.7964542
3906,2576,2025-01-27,2594,比亚迪,汽车整车,1.7922387
3907,3672,2025-01-27,300823,建科智能,专用设备,1.7892987
3908,12,2025-01-27,601528,瑞丰银行,银行,1.7891645
3909,1464,2025-01-27,605050,福然德,物流行业,1.7873436
3910,3657,2025-01-27,1336,楚环科技,专用设备,1.7869353
3911,1994,2025-01-27,2160,常铝股份,有色金属,1.7843843
3912,622,2025-01-27,554,泰山石油,石油行业,1.7840102
3913,1792,2025-01-27,301257,普蕊斯,医疗服务,1.7836481
3914,832,2025-01-27,300206,理邦仪器,医疗器械,1.7819808
3915,657,2025-01-27,301335,天元宠物,家用轻工,1.7790809
3916,2184,2025-01-27,2766,索菱股份,互联网服务,1.7758697
3917,3250,2025-01-27,2706,良信股份,电网设备,1.774773
3918,2130,2025-01-27,2331,皖通科技,互联网服务,1.7743423
3919,2746,2025-01-27,3035,南网能源,专业服务,1.7735944
3920,3107,2025-01-27,600826,兰生股份,贸易行业,1.7734244
3921,2276,2025-01-27,605499,东鹏饮料,食品饮料,1.7727435
3922,1220,2025-01-27,2412,汉森制药,中药,1.7722473
3923,1049,2025-01-27,300577,开润股份,纺织服装,1.7712221
3924,1200,2025-01-27,601890,亚星锚链,船舶制造,1.7710671
3925,1861,2025-01-27,600230,沧州大化,化学制品,1.7687291
3926,1670,2025-01-27,688520,神州细胞-U,生物制品,1.7672374
3927,1333,2025-01-27,603799,华友钴业,能源金属,1.7670169
3928,2107,2025-01-27,300031,宝通科技,游戏,1.7666922
3929,19,2025-01-27,600928,西安银行,银行,1.7646909
3930,4250,2025-01-27,301353,普莱得,通用设备,1.7640471
3931,4380,2025-01-27,601688,华泰证券,证券,1.7633945
3932,397,2025-01-27,900,现代投资,铁路公路,1.7621666
3933,1616,2025-01-27,603087,甘李药业,生物制品,1.7591999
3934,3370,2025-01-27,2152,广电运通,计算机设备,1.7591208
3935,4474,2025-01-27,300666,江丰电子,半导体,1.7588868
3936,5,2025-01-27,600015,华夏银行,银行,1.7572194
3937,2194,2025-01-27,2591,恒大高新,互联网服务,1.7556846
3938,4096,2025-01-27,603993,洛阳钼业,小金属,1.7540679
3939,244,2025-01-27,600795,国电电力,电力行业,1.752831
3940,879,2025-01-27,2900,哈三联,化学制药,1.7527566
3941,589,2025-01-27,600308,华泰股份,造纸印刷,1.7515078
3942,1788,2025-01-27,300404,博济医药,医疗服务,1.7502234
3943,1551,2025-01-27,603815,交建股份,工程建设,1.7492459
3944,2692,2025-01-27,603726,朗迪集团,家电行业,1.7487824
3945,1791,2025-01-27,300015,爱尔眼科,医疗服务,1.7479151
3946,1115,2025-01-27,601200,上海环境,环保行业,1.7466724
3947,2958,2025-01-27,2990,盛视科技,软件开发,1.7463088
3948,2597,2025-01-27,2768,国恩股份,塑料制品,1.7459736
3949,954,2025-01-27,756,新华制药,化学制药,1.7458051
3950,87,2025-01-27,601225,陕西煤业,煤炭行业,1.7448515
3951,2318,2025-01-27,300999,金龙鱼,食品饮料,1.7446861
3952,1292,2025-01-27,300983,尤安设计,工程咨询服务,1.742506
3953,2075,2025-01-27,2969,嘉美包装,包装材料,1.7417401
3954,1015,2025-01-27,600493,凤竹纺织,纺织服装,1.7415702
3955,4633,2025-01-27,3028,振邦智能,消费电子,1.7415271
3956,2516,2025-01-27,603298,杭叉集团,工程机械,1.7406195
3957,3466,2025-01-27,2284,亚太股份,汽车零部件,1.7404288
3958,2032,2025-01-27,688102,斯瑞新材,有色金属,1.7404273
3959,3489,2025-01-27,2406,远东传动,汽车零部件,1.7396197
3960,2968,2025-01-27,300845,捷安高科,软件开发,1.7389133
3961,2541,2025-01-27,600519,贵州茅台,酿酒行业,1.7384574
3962,1940,2025-01-27,300721,怡达股份,化学制品,1.7382548
3963,4087,2025-01-27,600456,宝钛股份,小金属,1.7367885
3964,4468,2025-01-27,688200,华峰测控,半导体,1.7362356
3965,4241,2025-01-27,301309,万得凯,通用设备,1.735641
3966,238,2025-01-27,2015,协鑫能科,电力行业,1.7335892
3967,1965,2025-01-27,301349,信德新材,化学制品,1.7333269
3968,1854,2025-01-27,600299,安迪苏,化学制品,1.7323226
3969,2578,2025-01-27,600066,宇通客车,汽车整车,1.7322435
3970,1931,2025-01-27,300910,瑞丰新材,化学制品,1.7320096
3971,823,2025-01-27,300760,迈瑞医疗,医疗器械,1.7309785
3972,2029,2025-01-27,426,兴业银锡,有色金属,1.7304868
3973,211,2025-01-27,600236,桂冠电力,电力行业,1.7298698
3974,4635,2025-01-27,2925,盈趣科技,消费电子,1.7297938
3975,1401,2025-01-27,300860,锋尚文化,文化传媒,1.7283171
3976,1479,2025-01-27,603648,畅联股份,物流行业,1.7279267
3977,1896,2025-01-27,2827,高争民爆,化学制品,1.726748
3978,1803,2025-01-27,600763,通策医疗,医疗服务,1.7252386
3979,899,2025-01-27,600267,海正药业,化学制药,1.7250955
3980,398,2025-01-27,600377,宁沪高速,铁路公路,1.7244756
3981,1209,2025-01-27,2566,益盛药业,中药,1.7244294
3982,1637,2025-01-27,300294,博雅生物,生物制品,1.7244174
3983,3257,2025-01-27,688191,智洋创新,电网设备,1.7237709
3984,3415,2025-01-27,338,潍柴动力,汽车零部件,1.7234609
3985,1844,2025-01-27,2562,兄弟科技,化学制品,1.7231569
3986,2788,2025-01-27,601766,中国中车,交运设备,1.7230004
3987,2304,2025-01-27,3000,劲仔食品,食品饮料,1.7223642
3988,194,2025-01-27,600011,华能国际,电力行业,1.7207608
3989,390,2025-01-27,600035,楚天高速,铁路公路,1.7207384
3990,3214,2025-01-27,603050,科林电气,电网设备,1.7206922
3991,4,2025-01-27,601288,农业银行,银行,1.720582
3992,3365,2025-01-27,2376,新北洋,计算机设备,1.7203182
3993,449,2025-01-27,601872,招商轮船,航运港口,1.7193288
3994,1024,2025-01-27,605189,富春染织,纺织服装,1.7180741
3995,2386,2025-01-27,600182,S佳通,橡胶制品,1.7153829
3996,1461,2025-01-27,2930,宏川智慧,物流行业,1.7135844
3997,2393,2025-01-27,2627,三峡旅游,旅游酒店,1.713176
3998,3491,2025-01-27,2454,松芝股份,汽车零部件,1.7118812
3999,3452,2025-01-27,300375,鹏翎股份,汽车零部件,1.711297
4000,64,2025-01-27,603318,水发燃气,燃气,1.7103777
4001,2182,2025-01-27,300508,维宏股份,互联网服务,1.7103181
4002,1148,2025-01-27,300867,圣元环保,环保行业,1.7099112
4003,677,2025-01-27,600426,华鲁恒升,化学原料,1.7094984
4004,1228,2025-01-27,600557,康缘药业,中药,1.7091095
4005,1376,2025-01-27,603096,新经典,文化传媒,1.7078772
4006,3476,2025-01-27,2448,中原内配,汽车零部件,1.7069429
4007,192,2025-01-27,601991,大唐发电,电力行业,1.7052398
4008,1875,2025-01-27,600160,巨化股份,化学制品,1.7048762
4009,1000,2025-01-27,603001,奥康国际,纺织服装,1.7047703
4010,3449,2025-01-27,301181,标榜股份,汽车零部件,1.7034307
4011,2031,2025-01-27,601600,中国铝业,有色金属,1.7032355
4012,1199,2025-01-27,600150,中国船舶,船舶制造,1.7013862
4013,2091,2025-01-27,600210,紫江企业,包装材料,1.7010734
4014,456,2025-01-27,507,珠海港,航运港口,1.699537
4015,1047,2025-01-27,300819,聚杰微纤,纺织服装,1.6991913
4016,1096,2025-01-27,603817,海峡环保,环保行业,1.6989619
4017,2625,2025-01-27,2522,浙江众成,塑料制品,1.6979784
4018,1395,2025-01-27,605577,龙版传媒,文化传媒,1.6977936
4019,2059,2025-01-27,89,深圳机场,航空机场,1.69539
4020,1677,2025-01-27,300191,潜能恒信,采掘行业,1.6953051
4021,3598,2025-01-27,688106,金宏气体,电子化学品,1.6941235
4022,2457,2025-01-27,600510,黑牡丹,房地产开发,1.6925067
4023,2708,2025-01-27,2959,小熊电器,家电行业,1.6924411
4024,2197,2025-01-27,600845,宝信软件,互联网服务,1.6918793
4025,1717,2025-01-27,688722,同益中,化纤行业,1.691489
4026,114,2025-01-27,2749,国光股份,农药兽药,1.6908154
4027,1765,2025-01-27,2080,中材科技,玻璃玻纤,1.6875654
4028,1635,2025-01-27,688331,荣昌生物,生物制品,1.6861975
4029,2539,2025-01-27,2461,珠江啤酒,酿酒行业,1.6847446
4030,1980,2025-01-27,300930,屹通新材,有色金属,1.6838386
4031,1723,2025-01-27,600051,宁波联合,综合行业,1.6836121
4032,865,2025-01-27,600488,津药药业,化学制药,1.683116
4033,3554,2025-01-27,301550,斯菱股份,汽车零部件,1.6827554
4034,1906,2025-01-27,301190,善水科技,化学制品,1.6827494
4035,1099,2025-01-27,1230,劲旅环境,环保行业,1.6819328
4036,2269,2025-01-27,2597,金禾实业,食品饮料,1.6815975
4037,126,2025-01-27,2258,利尔化学,农药兽药,1.6792983
4038,2570,2025-01-27,625,长安汽车,汽车整车,1.677592
4039,587,2025-01-27,600356,恒丰纸业,造纸印刷,1.6751796
4040,2266,2025-01-27,848,承德露露,食品饮料,1.6736418
4041,3411,2025-01-27,603037,凯众股份,汽车零部件,1.6735718
4042,783,2025-01-27,688399,硕世生物,医疗器械,1.672855
4043,75,2025-01-27,601088,中国神华,煤炭行业,1.6723543
4044,3722,2025-01-27,301200,大族数控,专用设备,1.6720369
4045,4712,2025-01-27,603115,海星股份,电子元件,1.6718135
4046,2991,2025-01-27,603927,中科软,软件开发,1.6708448
4047,3711,2025-01-27,2367,康力电梯,专用设备,1.6706274
4048,400,2025-01-27,601107,四川成渝,铁路公路,1.6705662
4049,2792,2025-01-27,2972,科安达,交运设备,1.6695559
4050,1154,2025-01-27,688101,三达膜,环保行业,1.6682253
4051,152,2025-01-27,600019,宝钢股份,钢铁行业,1.6674161
4052,462,2025-01-27,601880,辽港股份,航运港口,1.6664684
4053,447,2025-01-27,601298,青岛港,航运港口,1.6661584
4054,3470,2025-01-27,700,模塑科技,汽车零部件,1.6655266
4055,3904,2025-01-27,300939,秋田微,光学光电子,1.6607136
4056,4744,2025-01-27,2938,鹏鼎控股,电子元件,1.6605973
4057,2295,2025-01-27,2626,金达威,食品饮料,1.6592234
4058,2620,2025-01-27,300610,晨化股份,塑料制品,1.6583071
4059,1466,2025-01-27,2468,申通快递,物流行业,1.6574576
4060,1796,2025-01-27,301033,迈普医学,医疗服务,1.6565933
4061,660,2025-01-27,603091,众鑫股份,家用轻工,1.6560495
4062,1369,2025-01-27,300788,中信出版,文化传媒,1.6556158
4063,2555,2025-01-27,603589,口子窖,酿酒行业,1.6543716
4064,1023,2025-01-27,605138,盛泰集团,纺织服装,1.6539977
4065,3225,2025-01-27,2498,汉缆股份,电网设备,1.653552
4066,3661,2025-01-27,301043,绿岛风,专用设备,1.652956
4067,1406,2025-01-27,2803,吉宏股份,文化传媒,1.6494141
4068,3638,2025-01-27,301053,远信工业,专用设备,1.6492993
4069,2315,2025-01-27,603156,养元饮品,食品饮料,1.6489327
4070,1639,2025-01-27,661,长春高新,生物制品,1.6487226
4071,3244,2025-01-27,601179,中国西电,电网设备,1.6479836
4072,231,2025-01-27,966,长源电力,电力行业,1.6478107
4073,921,2025-01-27,597,东北制药,化学制药,1.6465843
4074,1879,2025-01-27,2037,保利联合,化学制品,1.6455173
4075,874,2025-01-27,300381,溢多利,化学制药,1.6439869
4076,4040,2025-01-27,688671,碧兴物联,仪器仪表,1.6435027
4077,2760,2025-01-27,603373,安邦护卫,专业服务,1.6421467
4078,2162,2025-01-27,555,神州信息,互联网服务,1.642111
4079,619,2025-01-27,600256,广汇能源,石油行业,1.6419456
4080,3427,2025-01-27,603048,浙江黎明,汽车零部件,1.6416699
4081,1476,2025-01-27,2010,传化智联,物流行业,1.6404822
4082,713,2025-01-27,707,双环科技,化学原料,1.6403868
4083,4626,2025-01-27,300847,中船汉光,消费电子,1.6403168
4084,2626,2025-01-27,300487,蓝晓科技,塑料制品,1.6397327
4085,293,2025-01-27,600829,人民同泰,医药商业,1.6388729
4086,394,2025-01-27,600269,赣粤高速,铁路公路,1.6381874
4087,966,2025-01-27,688513,苑东生物,化学制药,1.6381413
4088,1893,2025-01-27,2783,凯龙股份,化学制品,1.637873
4089,1936,2025-01-27,301518,长华化学,化学制品,1.6374483
4090,138,2025-01-27,603360,百傲化学,农药兽药,1.6367927
4091,1113,2025-01-27,300815,玉禾田,环保行业,1.6349628
4092,3410,2025-01-27,605088,冠盛股份,汽车零部件,1.6340837
4093,3484,2025-01-27,300816,艾可蓝,汽车零部件,1.6333699
4094,1045,2025-01-27,2029,七 匹 狼,纺织服装,1.6306922
4095,1540,2025-01-27,2135,东南网架,工程建设,1.62943
4096,4088,2025-01-27,960,锡业股份,小金属,1.6282246
4097,1989,2025-01-27,2988,豪美新材,有色金属,1.6265571
4098,908,2025-01-27,300194,福安药业,化学制药,1.6256437
4099,2680,2025-01-27,2860,星帅尔,家电行业,1.6221776
4100,1539,2025-01-27,2061,浙江交科,工程建设,1.6218483
4101,3693,2025-01-27,2833,弘亚数控,专用设备,1.6215994
4102,3220,2025-01-27,605066,天正电气,电网设备,1.6214281
4103,2020,2025-01-27,300034,钢研高纳,有色金属,1.6200349
4104,950,2025-01-27,301246,宏源药业,化学制药,1.6197115
4105,3453,2025-01-27,301529,福赛科技,汽车零部件,1.6191363
4106,3658,2025-01-27,688329,艾隆科技,专用设备,1.6179919
4107,479,2025-01-27,600167,联美控股,公用事业,1.617983
4108,646,2025-01-27,2615,哈尔斯,家用轻工,1.617825
4109,962,2025-01-27,600851,海欣股份,化学制药,1.61677
4110,2287,2025-01-27,603237,五芳斋,食品饮料,1.6156971
4111,4894,2025-01-27,688080,映翰通,通信设备,1.6139851
4112,2969,2025-01-27,688579,山大地纬,软件开发,1.6137123
4113,2521,2025-01-27,605389,长龄液压,工程机械,1.6127243
4114,2152,2025-01-27,603613,国联股份,互联网服务,1.6126305
4115,2980,2025-01-27,603528,多伦科技,软件开发,1.6125947
4116,3336,2025-01-27,600730,中国高科,教育,1.6123726
4117,249,2025-01-27,600505,西昌电力,电力行业,1.6123638
4118,202,2025-01-27,600863,内蒙华电,电力行业,1.6118095
4119,407,2025-01-27,601816,京沪高铁,铁路公路,1.6117305
4120,585,2025-01-27,603733,仙鹤股份,造纸印刷,1.6095757
4121,2404,2025-01-27,600749,西藏旅游,旅游酒店,1.6093419
4122,551,2025-01-27,600883,博闻科技,农牧饲渔,1.6065955
4123,1530,2025-01-27,2060,广东建工,工程建设,1.6065538
4124,2795,2025-01-27,688285,高铁电气,交运设备,1.6064212
4125,750,2025-01-27,2223,鱼跃医疗,医疗器械,1.606375
4126,3689,2025-01-27,600444,国机通用,专用设备,1.6062632
4127,2192,2025-01-27,2912,中新赛克,互联网服务,1.606223
4128,882,2025-01-27,601089,福元医药,化学制药,1.60622
4129,3309,2025-01-27,301063,海锅股份,风电设备,1.6041949
4130,3363,2025-01-27,300771,智莱科技,计算机设备,1.6030461
4131,3002,2025-01-27,300525,博思软件,软件开发,1.60252
4132,274,2025-01-27,600998,九州通,医药商业,1.6009941
4133,519,2025-01-27,300761,立华股份,农牧饲渔,1.6005292
4134,2196,2025-01-27,2368,太极股份,互联网服务,1.6002669
4135,4213,2025-01-27,2884,凌霄泵业,通用设备,1.5970141
4136,687,2025-01-27,600075,新疆天业,化学原料,1.595673
4137,936,2025-01-27,2294,信立泰,化学制药,1.5951529
4138,2086,2025-01-27,2303,美盈森,包装材料,1.5947328
4139,4620,2025-01-27,300679,电连技术,消费电子,1.5930846
4140,629,2025-01-27,819,岳阳兴长,石油行业,1.5925989
4141,2373,2025-01-27,2224,三 力 士,橡胶制品,1.5925393
4142,1517,2025-01-27,600248,陕建股份,工程建设,1.5911505
4143,201,2025-01-27,2608,江苏国信,电力行业,1.5877485
4144,2762,2025-01-27,300962,中金辐照,专业服务,1.5868425
4145,1117,2025-01-27,300203,聚光科技,环保行业,1.586625
4146,291,2025-01-27,301408,华人健康,医药商业,1.5852525
4147,4245,2025-01-27,601177,杭齿前进,通用设备,1.5845537
4148,2705,2025-01-27,605365,立达信,家电行业,1.5841693
4149,1541,2025-01-27,2051,中工国际,工程建设,1.5838891
4150,2747,2025-01-27,603698,航天工程,专业服务,1.582849
4151,3957,2025-01-27,601601,中国太保,保险,1.5827477
4152,488,2025-01-27,601199,江南水务,公用事业,1.5824199
4153,452,2025-01-27,88,盐 田 港,航运港口,1.5806973
4154,1691,2025-01-27,600339,中油工程,采掘行业,1.5793294
4155,2270,2025-01-27,603235,天新药业,食品饮料,1.5784532
4156,23,2025-01-27,1227,兰州银行,银行,1.5776083
4157,65,2025-01-27,600903,贵州燃气,燃气,1.5775353
4158,28,2025-01-27,1,平安银行,银行,1.5761822
4159,648,2025-01-27,301376,致欧科技,家用轻工,1.5757859
4160,2673,2025-01-27,603355,莱克电气,家电行业,1.5745282
4161,2691,2025-01-27,601956,东贝集团,家电行业,1.5743554
4162,547,2025-01-27,600975,新五丰,农牧饲渔,1.5741422
4163,402,2025-01-27,548,湖南投资,铁路公路,1.5733153
4164,2945,2025-01-27,688188,柏楚电子,软件开发,1.5723616
4165,2630,2025-01-27,301131,聚赛龙,塑料制品,1.5709891
4166,1025,2025-01-27,2293,罗莱生活,纺织服装,1.5702426
4167,210,2025-01-27,600452,涪陵电力,电力行业,1.5695407
4168,930,2025-01-27,2102,能特科技,化学制药,1.5694678
4169,703,2025-01-27,300834,星辉环材,化学原料,1.568076
4170,3882,2025-01-27,300650,太龙股份,光学光电子,1.563248
4171,1743,2025-01-27,26,飞亚达,珠宝首饰,1.5631125
4172,3678,2025-01-27,688215,瑞晟智能,专用设备,1.5629933
4173,1034,2025-01-27,2832,比音勒芬,纺织服装,1.562804
4174,2966,2025-01-27,2065,东华软件,软件开发,1.5614092
4175,3156,2025-01-27,600729,重庆百货,商业百货,1.5612543
4176,3240,2025-01-27,682,东方电子,电网设备,1.5611142
4177,1128,2025-01-27,600526,菲达环保,环保行业,1.5610516
4178,341,2025-01-27,2457,青龙管业,装修建材,1.5600786
4179,1638,2025-01-27,688176,亚虹医药-U,生物制品,1.5575423
4180,2520,2025-01-27,2204,大连重工,工程机械,1.5572488
4181,1137,2025-01-27,3027,同兴科技,环保行业,1.5562594
4182,3597,2025-01-27,688146,中船特气,电子化学品,1.5558944
4183,755,2025-01-27,300453,三鑫医疗,医疗器械,1.5543566
4184,769,2025-01-27,300406,九强生物,医疗器械,1.5537173
4185,3667,2025-01-27,603282,亚光股份,专用设备,1.5524924
4186,651,2025-01-27,605155,西大门,家用轻工,1.5517801
4187,357,2025-01-27,2790,瑞尔特,装修建材,1.5512779
4188,3098,2025-01-27,600153,建发股份,贸易行业,1.5502498
4189,1018,2025-01-27,603558,健盛集团,纺织服装,1.5475154
4190,2704,2025-01-27,300625,三雄极光,家电行业,1.5472472
4191,1921,2025-01-27,688398,赛特新材,化学制品,1.5456126
4192,2941,2025-01-27,2410,广联达,软件开发,1.5451326
4193,656,2025-01-27,300651,金陵体育,家用轻工,1.5447006
4194,4386,2025-01-27,728,国元证券,证券,1.5441895
4195,3642,2025-01-27,600320,振华重工,专用设备,1.5434414
4196,1203,2025-01-27,600750,江中药业,中药,1.5432507
4197,78,2025-01-27,552,甘肃能化,煤炭行业,1.5421643
4198,1398,2025-01-27,301551,无线传媒,文化传媒,1.5421524
4199,1905,2025-01-27,600352,浙江龙盛,化学制品,1.5399754
4200,3402,2025-01-27,603926,铁流股份,汽车零部件,1.5393972
4201,956,2025-01-27,603456,九洲药业,化学制药,1.5361652
4202,3666,2025-01-27,605167,利柏特,专用设备,1.5359104
4203,1351,2025-01-27,601900,南方传媒,文化传媒,1.5347197
4204,1311,2025-01-27,300886,华业香料,美容护理,1.5346318
4205,3648,2025-01-27,1332,锡装股份,专用设备,1.5335977
4206,4618,2025-01-27,603595,东尼电子,消费电子,1.5320003
4207,116,2025-01-27,2250,联化科技,农药兽药,1.5316472
4208,2698,2025-01-27,301362,民爆光电,家电行业,1.527378
4209,1214,2025-01-27,600479,千金药业,中药,1.5263512
4210,3211,2025-01-27,600885,宏发股份,电网设备,1.5258954
4211,945,2025-01-27,688266,泽璟制药-U,化学制药,1.5258775
4212,55,2025-01-27,600917,重庆燃气,燃气,1.5233114
4213,1232,2025-01-27,650,仁和药业,中药,1.5223533
4214,1991,2025-01-27,601388,怡球资源,有色金属,1.5219182
4215,343,2025-01-27,3012,东鹏控股,装修建材,1.5198797
4216,1537,2025-01-27,601618,中国中冶,工程建设,1.5194923
4217,204,2025-01-27,600027,华电国际,电力行业,1.5193686
4218,641,2025-01-27,605099,共创草坪,家用轻工,1.5185013
4219,1745,2025-01-27,600612,老凤祥,珠宝首饰,1.5175893
4220,873,2025-01-27,2365,永安药业,化学制药,1.517509
4221,3730,2025-01-27,2111,威海广泰,专用设备,1.5169531
4222,1212,2025-01-27,600572,康恩贝,中药,1.5165045
4223,205,2025-01-27,600578,京能电力,电力行业,1.5159295
4224,1855,2025-01-27,600309,万华化学,化学制品,1.515372
4225,4033,2025-01-27,2658,雪迪龙,仪器仪表,1.5146434
4226,842,2025-01-27,688393,安必平,医疗器械,1.5145361
4227,2761,2025-01-27,300215,电科院,专业服务,1.5122368
4228,897,2025-01-27,739,普洛药业,化学制药,1.510784
4229,3448,2025-01-27,301020,密封科技,汽车零部件,1.5093818
4230,888,2025-01-27,300636,同和药业,化学制药,1.5088961
4231,3509,2025-01-27,603013,亚普股份,汽车零部件,1.5077949
4232,1275,2025-01-27,603018,华设集团,工程咨询服务,1.506421
4233,2823,2025-01-27,600941,中国移动,通信服务,1.5054554
4234,2700,2025-01-27,3023,彩虹集团,家电行业,1.5052497
4235,2757,2025-01-27,300797,钢研纳克,专业服务,1.5041441
4236,951,2025-01-27,688553,汇宇制药-W,化学制药,1.5038222
4237,2011,2025-01-27,603,盛达资源,有色金属,1.503107
4238,273,2025-01-27,600713,南京医药,医药商业,1.5029802
4239,2623,2025-01-27,603722,阿科力,塑料制品,1.5019804
4240,521,2025-01-27,876,新 希 望,农牧饲渔,1.5017197
4241,3675,2025-01-27,300509,新美星,专用设备,1.500912
4242,229,2025-01-27,600396,华电辽能,电力行业,1.5003264
4243,1719,2025-01-27,2254,泰和新材,化纤行业,1.4999166
4244,3685,2025-01-27,688151,华强科技,专用设备,1.499775
4245,1124,2025-01-27,300388,节能国祯,环保行业,1.4971554
4246,964,2025-01-27,2437,誉衡药业,化学制药,1.4963315
4247,1611,2025-01-27,688336,三生国健,生物制品,1.4955714
4248,4730,2025-01-27,636,风华高科,电子元件,1.49488
4249,371,2025-01-27,603180,金牌家居,装修建材,1.494509
4250,236,2025-01-27,600101,明星电力,电力行业,1.4939353
4251,11,2025-01-27,601998,中信银行,银行,1.4933676
4252,598,2025-01-27,2511,中顺洁柔,造纸印刷,1.4923646
4253,48,2025-01-27,2267,陕天然气,燃气,1.4917701
4254,2699,2025-01-27,603551,奥普科技,家电行业,1.4905736
4255,1707,2025-01-27,703,恒逸石化,化纤行业,1.4893055
4256,302,2025-01-27,731,四川美丰,化肥行业,1.488538
4257,2897,2025-01-27,600120,浙江东方,多元金融,1.4878601
4258,893,2025-01-27,623,吉林敖东,化学制药,1.4877409
4259,1865,2025-01-27,2909,集泰股份,化学制品,1.4873147
4260,821,2025-01-27,300677,英科医疗,医疗器械,1.4867246
4261,49,2025-01-27,603053,成都燃气,燃气,1.4843597
4262,259,2025-01-27,537,中绿电,电力行业,1.4836192
4263,2606,2025-01-27,2838,道恩股份,塑料制品,1.482667
4264,3199,2025-01-27,601700,风范股份,电网设备,1.4825807
4265,1,2025-01-27,601988,中国银行,银行,1.4825702
4266,2898,2025-01-27,600901,江苏金租,多元金融,1.4811709
4267,1521,2025-01-27,600820,隧道股份,工程建设,1.4796913
4268,1962,2025-01-27,688196,卓越新能,化学制品,1.4774114
4269,723,2025-01-27,603310,巍华新材,化学原料,1.4746249
4270,1440,2025-01-27,601006,大秦铁路,物流行业,1.4741108
4271,6,2025-01-27,601398,工商银行,银行,1.4733225
4272,905,2025-01-27,600062,华润双鹤,化学制药,1.4730408
4273,1001,2025-01-27,600398,海澜之家,纺织服装,1.4725894
4274,765,2025-01-27,603309,维力医疗,医疗器械,1.4716744
4275,1927,2025-01-27,603155,新亚强,化学制品,1.4710248
4276,867,2025-01-27,2099,海翔药业,化学制药,1.4708056
4277,1682,2025-01-27,600871,石化油服,采掘行业,1.4694676
4278,1911,2025-01-27,300285,国瓷材料,化学制品,1.4657289
4279,1899,2025-01-27,603217,元利科技,化学制品,1.4655218
4280,1069,2025-01-27,605055,迎丰股份,纺织服装,1.4639914
4281,2983,2025-01-27,301197,工大科雅,软件开发,1.4601216
4282,864,2025-01-27,963,华东医药,化学制药,1.4598906
4283,4205,2025-01-27,605259,绿田机械,通用设备,1.45929
4284,4328,2025-01-27,300984,金沃股份,通用设备,1.459226
4285,3216,2025-01-27,688330,宏力达,电网设备,1.4565423
4286,208,2025-01-27,1289,龙源电力,电力行业,1.4558241
4287,305,2025-01-27,2556,辉隆股份,化肥行业,1.4549494
4288,2161,2025-01-27,997,新 大 陆,互联网服务,1.4532149
4289,207,2025-01-27,883,湖北能源,电力行业,1.452975
4290,704,2025-01-27,603276,恒兴新材,化学原料,1.4522419
4291,125,2025-01-27,603599,广信股份,农药兽药,1.4516606
4292,1798,2025-01-27,603259,药明康德,医疗服务,1.4516487
4293,256,2025-01-27,600509,天富能源,电力行业,1.4509187
4294,1758,2025-01-27,12,南  玻Ａ,玻璃玻纤,1.4501959
4295,2106,2025-01-27,300002,神州泰岳,游戏,1.4496267
4296,1463,2025-01-27,1317,三羊马,物流行业,1.4489025
4297,1852,2025-01-27,603916,苏博特,化学制品,1.448895
4298,1816,2025-01-27,600489,中金黄金,贵金属,1.4486477
4299,3134,2025-01-27,600697,欧亚集团,商业百货,1.4477596
4300,309,2025-01-27,600096,云天化,化肥行业,1.4468625
4301,2281,2025-01-27,600737,中粮糖业,食品饮料,1.4443755
4302,387,2025-01-27,603313,梦百合,装修建材,1.4438524
4303,306,2025-01-27,600141,兴发集团,化肥行业,1.4437735
4304,914,2025-01-27,788,北大医药,化学制药,1.4432251
4305,1987,2025-01-27,600219,南山铝业,有色金属,1.4412091
4306,2519,2025-01-27,603611,诺力股份,工程机械,1.4408185
4307,1164,2025-01-27,688480,赛恩斯,环保行业,1.4373229
4308,1982,2025-01-27,601899,紫金矿业,有色金属,1.4364064
4309,1684,2025-01-27,601808,中海油服,采掘行业,1.4336377
4310,2505,2025-01-27,1226,拓山重工,工程机械,1.4328406
4311,1565,2025-01-27,1267,汇绿生态,工程建设,1.4323964
4312,2790,2025-01-27,688459,哈铁科技,交运设备,1.4322863
4313,353,2025-01-27,603856,东宏股份,装修建材,1.4305487
4314,2605,2025-01-27,605488,福莱新材,塑料制品,1.430127
4315,84,2025-01-27,601101,昊华能源,煤炭行业,1.4287815
4316,1626,2025-01-27,301166,优宁维,生物制品,1.424703
4317,3958,2025-01-27,601628,中国人寿,保险,1.4235868
4318,1557,2025-01-27,603163,圣晖集成,工程建设,1.4206216
4319,1037,2025-01-27,301276,嘉曼服饰,纺织服装,1.4204293
4320,4827,2025-01-27,600475,华光环能,电源设备,1.4201105
4321,404,2025-01-27,601188,龙江交通,铁路公路,1.418911
4322,2314,2025-01-27,2507,涪陵榨菜,食品饮料,1.4185474
4323,3955,2025-01-27,601319,中国人保,保险,1.4179826
4324,1553,2025-01-27,601611,中国核建,工程建设,1.4164954
4325,467,2025-01-27,601975,招商南油,航运港口,1.4138534
4326,1308,2025-01-27,1206,依依股份,美容护理,1.4134481
4327,465,2025-01-27,2320,海峡股份,航运港口,1.4118671
4328,9,2025-01-27,601187,厦门银行,银行,1.4111652
4329,1613,2025-01-27,688235,百济神州-U,生物制品,1.4098197
4330,3956,2025-01-27,601318,中国平安,保险,1.4081866
4331,4875,2025-01-27,688100,威胜信息,通信设备,1.4061942
4332,3826,2025-01-27,688160,步科股份,专用设备,1.4059216
4333,396,2025-01-27,601518,吉林高速,铁路公路,1.4053851
4334,944,2025-01-27,301507,民生健康,化学制药,1.4044478
4335,2609,2025-01-27,2108,沧州明珠,塑料制品,1.4036596
4336,4036,2025-01-27,688622,禾信仪器,仪器仪表,1.4019802
4337,3877,2025-01-27,1326,联域股份,光学光电子,1.4016747
4338,2040,2025-01-27,688257,新锐股份,有色金属,1.4009118
4339,4879,2025-01-27,688552,航天南湖,通信设备,1.4001086
4340,689,2025-01-27,603065,宿迁联盛,化学原料,1.3998538
4341,1883,2025-01-27,301373,凌玮科技,化学制品,1.399669
4342,401,2025-01-27,600020,中原高速,铁路公路,1.398097
4343,692,2025-01-27,3017,大洋生物,化学原料,1.3978169
4344,2259,2025-01-27,688089,嘉必优,食品饮料,1.3970926
4345,533,2025-01-27,2385,大北农,农牧饲渔,1.396358
4346,644,2025-01-27,603848,好太太,家用轻工,1.3934419
4347,279,2025-01-27,28,国药一致,医药商业,1.3931348
4348,2391,2025-01-27,300144,宋城演艺,旅游酒店,1.3929024
4349,1869,2025-01-27,688269,凯立新材,化学制品,1.3925463
4350,2009,2025-01-27,603876,鼎胜新材,有色金属,1.3916403
4351,490,2025-01-27,605011,杭州热电,公用事业,1.3898075
4352,1036,2025-01-27,2003,伟星股份,纺织服装,1.3887689
4353,550,2025-01-27,2157,正邦科技,农牧饲渔,1.3881459
4354,1144,2025-01-27,300864,南大环境,环保行业,1.387924
4355,4604,2025-01-27,688279,峰岹科技,半导体,1.3870806
4356,830,2025-01-27,2022,科华生物,医疗器械,1.3828471
4357,1641,2025-01-27,600867,通化东宝,生物制品,1.3822675
4358,347,2025-01-27,910,大亚圣象,装修建材,1.3802483
4359,553,2025-01-27,600965,福成股份,农牧饲渔,1.3802335
4360,3679,2025-01-27,688092,爱科科技,专用设备,1.3796151
4361,1884,2025-01-27,301092,争光股份,化学制品,1.379171
4362,444,2025-01-27,600018,上港集团,航运港口,1.3782456
4363,2794,2025-01-27,688009,中国通号,交运设备,1.3773844
4364,2797,2025-01-27,688187,时代电气,交运设备,1.3769776
4365,693,2025-01-27,600328,中盐化工,化学原料,1.3764784
4366,1407,2025-01-27,2238,天威视讯,文化传媒,1.3755753
4367,1470,2025-01-27,603329,上海雅仕,物流行业,1.3752267
4368,887,2025-01-27,2332,仙琚制药,化学制药,1.3752029
4369,1856,2025-01-27,603823,百合花,化学制品,1.3728454
4370,3728,2025-01-27,688531,日联科技,专用设备,1.3727635
4371,949,2025-01-27,600521,华海药业,化学制药,1.3726757
4372,2780,2025-01-27,600495,晋西车轴,交运设备,1.3714268
4373,235,2025-01-27,601619,嘉泽新能,电力行业,1.3708502
4374,1872,2025-01-27,301216,万凯新材,化学制品,1.3659849
4375,591,2025-01-27,605500,森林包装,造纸印刷,1.3656467
4376,615,2025-01-27,600688,上海石化,石油行业,1.3648465
4377,3680,2025-01-27,301468,博盈特焊,专用设备,1.3628572
4378,1838,2025-01-27,600873,梅花生物,化学制品,1.3619258
4379,2008,2025-01-27,688122,西部超导,有色金属,1.3602078
4380,1095,2025-01-27,2887,绿茵生态,环保行业,1.3588876
4381,1213,2025-01-27,538,云南白药,中药,1.3588369
4382,1512,2025-01-27,600284,浦东建设,工程建设,1.3575792
4383,1123,2025-01-27,920,沃顿科技,环保行业,1.3571978
4384,197,2025-01-27,601,韶能股份,电力行业,1.3570473
4385,83,2025-01-27,937,冀中能源,煤炭行业,1.3563663
4386,1364,2025-01-27,600551,时代出版,文化传媒,1.3560057
4387,1587,2025-01-27,2081,金 螳 螂,装修装饰,1.3547212
4388,250,2025-01-27,600021,上海电力,电力行业,1.3538406
4389,3420,2025-01-27,601689,拓普集团,汽车零部件,1.3515055
4390,485,2025-01-27,601158,重庆水务,公用事业,1.3508871
4391,2081,2025-01-27,301223,中荣股份,包装材料,1.3500631
4392,1156,2025-01-27,301175,中科环保,环保行业,1.3493226
4393,1527,2025-01-27,600170,上海建工,工程建设,1.3489232
4394,895,2025-01-27,2675,东诚药业,化学制药,1.3464749
4395,2026,2025-01-27,600497,驰宏锌锗,有色金属,1.3461874
4396,1244,2025-01-27,919,金陵药业,中药,1.3461127
4397,2791,2025-01-27,301048,金鹰重工,交运设备,1.3446465
4398,2611,2025-01-27,1378,德冠新材,塑料制品,1.3441966
4399,1426,2025-01-27,300528,幸福蓝海,文化传媒,1.3432667
4400,419,2025-01-27,600425,青松建化,水泥建材,1.34186
4401,487,2025-01-27,600008,首创环保,公用事业,1.3406098
4402,1870,2025-01-27,2408,齐翔腾达,化学制品,1.3395786
4403,1331,2025-01-27,600315,上海家化,美容护理,1.3386176
4404,1134,2025-01-27,603588,高能环境,环保行业,1.3368979
4405,1837,2025-01-27,2226,江南化工,化学制品,1.3362646
4406,1042,2025-01-27,2612,朗姿股份,纺织服装,1.3355329
4407,4230,2025-01-27,603391,力聚热能,通用设备,1.3345227
4408,780,2025-01-27,300314,戴维医疗,医疗器械,1.3338953
4409,2688,2025-01-27,404,长虹华意,家电行业,1.3335063
4410,129,2025-01-27,600486,扬农化工,农药兽药,1.3320551
4411,1652,2025-01-27,688687,凯因科技,生物制品,1.3297067
4412,2615,2025-01-27,688026,洁特生物,塑料制品,1.3286815
4413,214,2025-01-27,600780,通宝能源,电力行业,1.3259516
4414,3108,2025-01-27,600710,苏美达,贸易行业,1.3256729
4415,3418,2025-01-27,603239,浙江仙通,汽车零部件,1.3250873
4416,927,2025-01-27,600276,恒瑞医药,化学制药,1.3219402
4417,2288,2025-01-27,300765,新诺威,食品饮料,1.3218462
4418,2013,2025-01-27,600961,株冶集团,有色金属,1.3205647
4419,802,2025-01-27,603658,安图生物,医疗器械,1.3198853
4420,727,2025-01-27,603062,麦加芯彩,化学原料,1.3195708
4421,491,2025-01-27,3039,顺控发展,公用事业,1.3174429
4422,460,2025-01-27,2040,南 京 港,航运港口,1.3174369
4423,2511,2025-01-27,425,徐工机械,工程机械,1.3125315
4424,277,2025-01-27,600511,国药股份,医药商业,1.3122529
4425,1230,2025-01-27,600332,白云山,中药,1.3122425
4426,3191,2025-01-27,688611,杭州柯林,电网设备,1.3088689
4427,1020,2025-01-27,2687,乔治白,纺织服装,1.3086677
4428,3495,2025-01-27,600699,均胜电子,汽车零部件,1.3053701
4429,178,2025-01-27,600307,酒钢宏兴,钢铁行业,1.3037503
4430,2799,2025-01-27,300994,久祺股份,交运设备,1.3036118
4431,86,2025-01-27,600740,山西焦化,煤炭行业,1.2996898
4432,1280,2025-01-27,603860,中公高科,工程咨询服务,1.2979314
4433,287,2025-01-27,600833,第一医药,医药商业,1.2975514
4434,890,2025-01-27,153,丰原药业,化学制药,1.2972043
4435,2671,2025-01-27,603519,立霸股份,家电行业,1.2970791
4436,1315,2025-01-27,300856,科思股份,美容护理,1.2945056
4437,1454,2025-01-27,600125,铁龙物流,物流行业,1.2939527
4438,3232,2025-01-27,400,许继电气,电网设备,1.293242
4439,2080,2025-01-27,2228,合兴包装,包装材料,1.2920334
4440,2683,2025-01-27,2677,浙江美大,家电行业,1.2907237
4441,3653,2025-01-27,605288,凯迪股份,专用设备,1.2905643
4442,2803,2025-01-27,300923,研奥股份,交运设备,1.2903512
4443,1728,2025-01-27,2053,云南能投,综合行业,1.2903064
4444,4235,2025-01-27,301559,中集环科,通用设备,1.2902945
4445,1617,2025-01-27,600211,西藏药业,生物制品,1.2898952
4446,2396,2025-01-27,601007,金陵饭店,旅游酒店,1.2889981
4447,246,2025-01-27,600,建投能源,电力行业,1.2885332
4448,3647,2025-01-27,603280,南方路机,专用设备,1.2881935
4449,315,2025-01-27,600470,六国化工,化肥行业,1.2867107
4450,3474,2025-01-27,300926,博俊科技,汽车零部件,1.285544
4451,117,2025-01-27,603970,中农立华,农药兽药,1.285325
4452,301,2025-01-27,792,盐湖股份,化肥行业,1.2826145
4453,4252,2025-01-27,2158,汉钟精机,通用设备,1.2825191
4454,1354,2025-01-27,2027,分众传媒,文化传媒,1.2803495
4455,180,2025-01-27,601121,宝地矿业,钢铁行业,1.2801588
4456,4037,2025-01-27,603700,宁水集团,仪器仪表,1.2786746
4457,52,2025-01-27,603689,皖天然气,燃气,1.2785047
4458,1851,2025-01-27,301300,远翔新材,化学制品,1.2781725
4459,885,2025-01-27,1367,海森药业,化学制药,1.2778745
4460,2693,2025-01-27,300160,秀强股份,家电行业,1.2765765
4461,1453,2025-01-27,600233,圆通速递,物流行业,1.276411
4462,824,2025-01-27,2432,九安医疗,医疗器械,1.275593
4463,4041,2025-01-27,603100,川仪股份,仪器仪表,1.2753353
4464,1621,2025-01-27,2007,华兰生物,生物制品,1.2701259
4465,2778,2025-01-27,913,钱江摩托,交运设备,1.2677133
4466,1449,2025-01-27,603713,密尔克卫,物流行业,1.2674928
4467,3876,2025-01-27,725,京东方Ａ,光学光电子,1.2671441
4468,1402,2025-01-27,600959,江苏有线,文化传媒,1.2670755
4469,1529,2025-01-27,601800,中国交建,工程建设,1.2667522
4470,618,2025-01-27,600028,中国石化,石油行业,1.2658745
4471,1477,2025-01-27,1202,炬申股份,物流行业,1.2657835
4472,2100,2025-01-27,603258,电魂网络,游戏,1.2652963
4473,3204,2025-01-27,2300,太阳电缆,电网设备,1.2647047
4474,1467,2025-01-27,600704,物产中大,物流行业,1.2628138
4475,1386,2025-01-27,600996,贵广网络,文化传媒,1.2618572
4476,1198,2025-01-23,300065,海兰信,船舶制造,1.257123
4477,909,2025-01-27,600380,健康元,化学制药,1.2558951
4478,3907,2025-01-27,605118,力鼎光电,光学光电子,1.2558744
4479,2798,2025-01-27,603680,今创集团,交运设备,1.2552752
4480,534,2025-01-27,600359,新农开发,农牧饲渔,1.254803
4481,245,2025-01-27,591,太阳能,电力行业,1.2545019
4482,71,2025-01-27,600971,恒源煤电,煤炭行业,1.2542963
4483,2163,2025-01-27,300295,三六五网,互联网服务,1.254277
4484,539,2025-01-27,603182,嘉华股份,农牧饲渔,1.2523681
4485,1524,2025-01-27,601668,中国建筑,工程建设,1.2480214
4486,410,2025-01-27,828,东莞控股,铁路公路,1.2476265
4487,1913,2025-01-27,2810,山东赫达,化学制品,1.2465849
4488,520,2025-01-27,600251,冠农股份,农牧饲渔,1.2451694
4489,1240,2025-01-27,999,华润三九,中药,1.2451396
4490,257,2025-01-27,2616,长青集团,电力行业,1.2449831
4491,1208,2025-01-27,600535,天士力,中药,1.2448981
4492,3339,2025-01-27,605098,行动教育,教育,1.2444854
4493,1103,2025-01-27,600388,龙净环保,环保行业,1.2444764
4494,4243,2025-01-27,301028,东亚机械,通用设备,1.2442797
4495,1632,2025-01-27,301393,昊帆生物,生物制品,1.2440324
4496,1276,2025-01-27,603017,中衡设计,工程咨询服务,1.242794
4497,278,2025-01-27,603368,柳药集团,医药商业,1.2421622
4498,3424,2025-01-27,301225,恒勃股份,汽车零部件,1.2414382
4499,2616,2025-01-27,688087,英科再生,塑料制品,1.2393445
4500,1237,2025-01-27,603896,寿仙谷,中药,1.2387782
4501,96,2025-01-27,600123,兰花科创,煤炭行业,1.2381063
4502,928,2025-01-27,603538,美诺华,化学制药,1.2358963
4503,1742,2025-01-27,600916,中国黄金,珠宝首饰,1.2356267
4504,763,2025-01-27,603987,康德莱,医疗器械,1.2352571
4505,2101,2025-01-27,600633,浙数文化,游戏,1.2323618
4506,60,2025-01-27,968,蓝焰控股,燃气,1.2318089
4507,489,2025-01-27,600168,武汉控股,公用事业,1.2312307
4508,3423,2025-01-27,601717,郑煤机,汽车零部件,1.2286574
4509,228,2025-01-27,600483,福能股份,电力行业,1.2278304
4510,132,2025-01-27,603585,苏利股份,农药兽药,1.2274623
4511,3364,2025-01-27,600764,中国海防,计算机设备,1.2273207
4512,537,2025-01-27,600127,金健米业,农牧饲渔,1.2262032
4513,1139,2025-01-27,301203,国泰环保,环保行业,1.2253954
4514,720,2025-01-27,301149,隆华新材,化学原料,1.2244165
4515,3362,2025-01-27,301042,安联锐视,计算机设备,1.2223377
4516,791,2025-01-27,300439,美康生物,医疗器械,1.2223095
4517,2284,2025-01-27,603043,广州酒家,食品饮料,1.2220695
4518,1411,2025-01-27,603103,横店影视,文化传媒,1.2213111
4519,4741,2025-01-27,603328,依顿电子,电子元件,1.2209251
4520,255,2025-01-27,899,赣能股份,电力行业,1.2198359
4521,2568,2025-01-27,601238,广汽集团,汽车整车,1.2194409
4522,4624,2025-01-27,601231,环旭电子,消费电子,1.216577
4523,770,2025-01-27,688581,安杰思,医疗器械,1.2152269
4524,280,2025-01-27,705,浙江震元,医药商业,1.2151732
4525,1888,2025-01-27,688571,杭华股份,化学制品,1.213707
4526,3416,2025-01-27,581,威孚高科,汽车零部件,1.213035
4527,546,2025-01-27,600097,开创国际,农牧饲渔,1.2129575
4528,1136,2025-01-27,300774,倍杰特,环保行业,1.2113259
4529,920,2025-01-27,603707,健友股份,化学制药,1.2108042
4530,46,2025-01-27,605090,九丰能源,燃气,1.2092993
4531,2084,2025-01-27,2191,劲嘉股份,包装材料,1.2077391
4532,1538,2025-01-27,601117,中国化学,工程建设,1.2055292
4533,560,2025-01-27,2567,唐人神,农牧饲渔,1.2037784
4534,2176,2025-01-27,688568,中科星图,互联网服务,1.2012079
4535,2948,2025-01-27,301185,鸥玛软件,软件开发,1.1974349
4536,392,2025-01-27,2357,富临运业,铁路公路,1.1960149
4537,216,2025-01-27,600032,浙江新能,电力行业,1.1939957
4538,2682,2025-01-27,600690,海尔智家,家电行业,1.1934966
4539,1316,2025-01-27,605009,豪悦护理,美容护理,1.1912391
4540,1150,2025-01-27,2266,浙富控股,环保行业,1.1899636
4541,1457,2025-01-27,600057,厦门象屿,物流行业,1.1891887
4542,3193,2025-01-27,300001,特锐德,电网设备,1.1885047
4543,819,2025-01-27,600529,山东药玻,医疗器械,1.1879206
4544,776,2025-01-27,300396,迪瑞医疗,医疗器械,1.1878878
4545,1688,2025-01-27,603505,金石资源,采掘行业,1.1845067
4546,1705,2025-01-27,688203,海正生材,化纤行业,1.1832848
4547,788,2025-01-27,688075,安旭生物,医疗器械,1.1829704
4548,840,2025-01-27,2901,大博医疗,医疗器械,1.1798217
4549,1387,2025-01-27,601858,中国科传,文化传媒,1.1767656
4550,260,2025-01-27,531,穗恒运Ａ,电力行业,1.1760428
4551,929,2025-01-27,600664,哈药股份,化学制药,1.1759057
4552,682,2025-01-27,2601,龙佰集团,化学原料,1.174201
4553,904,2025-01-27,600513,联环药业,化学制药,1.17248
4554,51,2025-01-27,603706,东方环宇,燃气,1.1716932
4555,3457,2025-01-27,605005,合兴股份,汽车零部件,1.1716932
4556,3421,2025-01-27,603788,宁波高发,汽车零部件,1.1707976
4557,691,2025-01-27,603067,振华股份,化学原料,1.1689246
4558,459,2025-01-27,601022,宁波远洋,航运港口,1.1665553
4559,1523,2025-01-27,600970,中材国际,工程建设,1.1660829
4560,73,2025-01-27,600985,淮北矿业,煤炭行业,1.1660188
4561,47,2025-01-27,605368,蓝天燃气,燃气,1.1621445
4562,2000,2025-01-27,630,铜陵有色,有色金属,1.1620104
4563,2411,2025-01-27,600754,锦江酒店,旅游酒店,1.1618912
4564,1984,2025-01-27,2532,天山铝业,有色金属,1.1616796
4565,1581,2025-01-27,603216,梦天家居,装修装饰,1.1609986
4566,2099,2025-01-27,2624,完美世界,游戏,1.1604474
4567,1442,2025-01-27,603056,德邦股份,物流行业,1.1590586
4568,3212,2025-01-27,601126,四方股份,电网设备,1.1583924
4569,2574,2025-01-27,550,江铃汽车,汽车整车,1.1573374
4570,1636,2025-01-27,2880,卫光生物,生物制品,1.1556298
4571,1902,2025-01-27,301283,聚胶股份,化学制品,1.1554748
4572,778,2025-01-27,300482,万孚生物,医疗器械,1.1553586
4573,418,2025-01-27,600801,华新水泥,水泥建材,1.1551723
4574,1532,2025-01-27,601186,中国铁建,工程建设,1.1546642
4575,39,2025-01-27,2936,郑州银行,银行,1.1543661
4576,3433,2025-01-27,603107,上海汽配,汽车零部件,1.1541188
4577,226,2025-01-27,600726,华电能源,电力行业,1.1536986
4578,122,2025-01-27,600195,中牧股份,农药兽药,1.1529893
4579,3444,2025-01-27,600742,一汽富维,汽车零部件,1.1495218
4580,317,2025-01-27,2274,华昌化工,化肥行业,1.1459202
4581,32,2025-01-27,2958,青农商行,银行,1.1456877
4582,3697,2025-01-27,2774,快意电梯,专用设备,1.1448056
4583,24,2025-01-27,601128,常熟银行,银行,1.1373327
4584,1367,2025-01-27,603230,内蒙新华,文化传媒,1.1353642
4585,1007,2025-01-27,603839,安正时尚,纺织服装,1.1348248
4586,2158,2025-01-27,409,云鼎科技,互联网服务,1.132159
4587,2016,2025-01-27,601702,华峰铝业,有色金属,1.132071
4588,707,2025-01-27,601678,滨化股份,化学原料,1.131247
4589,1646,2025-01-27,301047,义翘神州,生物制品,1.13011
4590,1132,2025-01-27,2034,旺能环境,环保行业,1.1300474
4591,963,2025-01-27,2399,海普瑞,化学制药,1.1295766
4592,3694,2025-01-27,2690,美亚光电,专用设备,1.1283889
4593,1371,2025-01-27,601801,皖新传媒,文化传媒,1.1283338
4594,1882,2025-01-27,603822,嘉澳环保,化学制品,1.1266782
4595,2082,2025-01-27,2701,奥瑞金,包装材料,1.1255012
4596,88,2025-01-27,600546,山煤国际,煤炭行业,1.1246651
4597,2523,2025-01-27,601100,恒立液压,工程机械,1.1228874
4598,3217,2025-01-27,600312,平高电气,电网设备,1.1216104
4599,4219,2025-01-27,603325,博隆技术,通用设备,1.1186808
4600,2378,2025-01-27,601966,玲珑轮胎,橡胶制品,1.1154652
4601,3656,2025-01-27,601038,一拖股份,专用设备,1.115416
4602,217,2025-01-27,600995,南网储能,电力行业,1.1153758
4603,98,2025-01-27,983,山西焦煤,煤炭行业,1.1153593
4604,2572,2025-01-27,800,一汽解放,汽车整车,1.1152446
4605,4616,2025-01-27,2841,视源股份,消费电子,1.1136041
4606,2537,2025-01-27,2304,洋河股份,酿酒行业,1.1129707
4607,349,2025-01-27,603008,喜临门,装修建材,1.1127889
4608,1891,2025-01-27,600500,中化国际,化学制品,1.1071279
4609,535,2025-01-27,930,中粮科技,农牧饲渔,1.1036859
4610,870,2025-01-27,603811,诚意药业,化学制药,1.1033863
4611,2169,2025-01-27,300532,今天国际,互联网服务,1.1023223
4612,1028,2025-01-27,600232,金鹰股份,纺织服装,1.0997102
4613,803,2025-01-27,600587,新华医疗,医疗器械,1.0993928
4614,182,2025-01-27,629,钒钛股份,钢铁行业,1.0947154
4615,1536,2025-01-27,601390,中国中铁,工程建设,1.0936453
4616,2832,2025-01-27,300597,吉大通信,通信服务,1.0930464
4617,466,2025-01-27,600798,宁波海运,航运港口,1.0919154
4618,30,2025-01-27,601860,紫金银行,银行,1.0911644
4619,911,2025-01-27,300702,天宇股份,化学制药,1.0910854
4620,2271,2025-01-27,603886,元祖股份,食品饮料,1.0907382
4621,1334,2025-01-27,2738,中矿资源,能源金属,1.0899081
4622,891,2025-01-27,2940,昂利康,化学制药,1.0886729
4623,161,2025-01-27,1203,大中矿业,钢铁行业,1.0878756
4624,843,2025-01-27,300832,新产业,医疗器械,1.0867431
4625,453,2025-01-27,582,北部湾港,航运港口,1.0857091
4626,221,2025-01-27,603693,江苏新能,电力行业,1.0856748
4627,2151,2025-01-27,300440,运达科技,互联网服务,1.084964
4628,4868,2025-01-27,2296,辉煌科技,通信设备,1.0831282
4629,2001,2025-01-27,60,中金岭南,有色金属,1.082918
4630,366,2025-01-27,2392,北京利尔,装修建材,1.08058
4631,308,2025-01-27,2588,史丹利,化肥行业,1.0797753
4632,3219,2025-01-27,2533,金杯电工,电网设备,1.0782629
4633,1098,2025-01-27,600874,创业环保,环保行业,1.0781243
4634,4882,2025-01-27,2465,海格通信,通信设备,1.0777146
4635,2989,2025-01-27,603508,思维列控,软件开发,1.0764942
4636,1624,2025-01-27,300009,安科生物,生物制品,1.0759845
4637,941,2025-01-27,605116,奥锐特,化学制药,1.0728747
4638,3430,2025-01-27,603730,岱美股份,汽车零部件,1.0727808
4639,4493,2025-01-27,688508,芯朋微,半导体,1.0707289
4640,3701,2025-01-27,300950,德固特,专用设备,1.0681822
4641,1881,2025-01-27,2455,百川股份,化学制品,1.0675206
4642,932,2025-01-27,2422,科伦药业,化学制药,1.0663166
4643,290,2025-01-27,301263,泰恩康,医药商业,1.065731
4644,886,2025-01-27,2773,康弘药业,化学制药,1.0652721
4645,368,2025-01-27,603737,三棵树,装修建材,1.0645852
4646,1531,2025-01-27,601789,宁波建工,工程建设,1.0631561
4647,645,2025-01-27,2489,浙江永强,家用轻工,1.0627613
4648,1097,2025-01-27,301081,严牌股份,环保行业,1.0627315
4649,1356,2025-01-27,719,中原传媒,文化传媒,1.0602727
4650,4822,2025-01-27,2484,江海股份,电子元件,1.0596573
4651,1880,2025-01-27,603041,美思德,化学制品,1.0572538
4652,1645,2025-01-27,603392,万泰生物,生物制品,1.0567129
4653,690,2025-01-27,301395,仁信新材,化学原料,1.0563924
4654,1366,2025-01-27,601999,出版传媒,文化传媒,1.0554299
4655,2764,2025-01-27,2967,广电计量,专业服务,1.0547161
4656,272,2025-01-27,2788,鹭燕医药,医药商业,1.0489657
4657,1992,2025-01-27,2540,亚太科技,有色金属,1.0481328
4658,2400,2025-01-27,600138,中青旅,旅游酒店,1.0480359
4659,482,2025-01-27,600283,钱江水利,公用事业,1.0479242
4660,212,2025-01-27,539,粤电力Ａ,电力行业,1.0471433
4661,3880,2025-01-27,2745,木林森,光学光电子,1.0455058
4662,694,2025-01-27,600623,华谊集团,化学原料,1.0452241
4663,474,2025-01-27,600026,中远海能,航运港口,1.0431097
4664,3371,2025-01-27,2236,大华股份,计算机设备,1.0375991
4665,15,2025-01-27,600908,无锡银行,银行,1.0361344
4666,799,2025-01-27,2382,蓝帆医疗,医疗器械,1.0343239
4667,2978,2025-01-27,688570,天玛智控,软件开发,1.0320574
4668,1172,2025-01-27,551,创元科技,环保行业,1.0311201
4669,2175,2025-01-27,600718,东软集团,互联网服务,1.0307312
4670,3409,2025-01-27,2048,宁波华翔,汽车零部件,1.0296152
4671,2957,2025-01-27,2063,远光软件,软件开发,1.0273367
4672,771,2025-01-27,688767,博拓生物,医疗器械,1.0269806
4673,2157,2025-01-27,2401,中远海科,互联网服务,1.0256588
4674,1197,2025-01-27,601989,中国重工,船舶制造,1.0250793
4675,14,2025-01-27,2807,江阴银行,银行,1.0225787
4676,883,2025-01-27,3020,立方制药,化学制药,1.0172278
4677,544,2025-01-27,998,隆平高科,农牧饲渔,1.016973
4678,80,2025-01-27,600997,开滦股份,煤炭行业,1.0167122
4679,2514,2025-01-27,600761,安徽合力,工程机械,1.0151535
4680,2189,2025-01-27,2771,真视通,互联网服务,1.0147989
4681,1361,2025-01-27,600757,长江传媒,文化传媒,1.0128067
4682,454,2025-01-27,1872,招商港口,航运港口,1.0124147
4683,1459,2025-01-27,1213,中铁特货,物流行业,1.0122254
4684,424,2025-01-27,672,上峰水泥,水泥建材,1.0120318
4685,2827,2025-01-27,600050,中国联通,通信服务,1.0089159
4686,2979,2025-01-27,301339,通行宝,软件开发,1.00822
4687,198,2025-01-27,600023,浙能电力,电力行业,1.0061681
4688,2018,2025-01-27,601212,白银有色,有色金属,1.0060489
4689,3405,2025-01-27,600741,华域汽车,汽车零部件,1.0059998
4690,3179,2025-01-27,882,华联股份,商业百货,1.0054946
4691,241,2025-01-27,600982,宁波能源,电力行业,1.0051057
4692,514,2025-01-27,2746,仙坛股份,农牧饲渔,1.0037452
4693,18,2025-01-27,601077,渝农商行,银行,1.0025725
4694,1612,2025-01-27,688278,特宝生物,生物制品,1.0002747
4695,1378,2025-01-27,300251,光线传媒,文化传媒,0.9991348
4696,549,2025-01-27,601952,苏垦农发,农牧饲渔,0.99769235
4697,639,2025-01-27,301588,美新科技,家用轻工,0.99571794
4698,13,2025-01-27,600919,江苏银行,银行,0.995259
4699,2003,2025-01-27,601677,明泰铝业,有色金属,0.99451244
4700,1122,2025-01-27,301148,嘉戎技术,环保行业,0.99380314
4701,234,2025-01-27,600644,乐山电力,电力行业,0.99066794
4702,1843,2025-01-27,2986,宇新股份,化学制品,0.99056363
4703,2538,2025-01-27,869,张  裕Ａ,酿酒行业,0.988622
4704,2783,2025-01-27,300851,交大思诺,交运设备,0.9860799
4705,2065,2025-01-27,600009,上海机场,航空机场,0.9854868
4706,1995,2025-01-27,603132,金徽股份,有色金属,0.9848833
4707,3196,2025-01-27,2028,思源电气,电网设备,0.9771958
4708,3475,2025-01-27,603306,华懋科技,汽车零部件,0.9728536
4709,4467,2025-01-23,688720,艾森股份,半导体,0.96957237
4710,1615,2025-01-27,2252,上海莱士,生物制品,0.96838623
4711,1005,2025-01-27,726,鲁  泰Ａ,纺织服装,0.96666515
4712,1277,2025-01-27,600720,中交设计,工程咨询服务,0.9665102
4713,933,2025-01-27,600196,复星医药,化学制药,0.9648219
4714,1152,2025-01-27,601033,永兴股份,环保行业,0.9639919
4715,902,2025-01-27,300558,贝达药业,化学制药,0.96279234
4716,2149,2025-01-27,301382,蜂助手,互联网服务,0.9625286
4717,91,2025-01-27,600925,苏能股份,煤炭行业,0.9622887
4718,1215,2025-01-27,2287,奇正藏药,中药,0.9609893
4719,2010,2025-01-27,758,中色股份,有色金属,0.96084476
4720,269,2025-01-27,603233,大参林,医药商业,0.96069276
4721,1818,2025-01-27,2237,恒邦股份,贵金属,0.95757693
4722,2685,2025-01-27,2705,新宝股份,家电行业,0.95748305
4723,901,2025-01-27,688658,悦康药业,化学制药,0.95659643
4724,50,2025-01-27,1299,美能能源,燃气,0.95328987
4725,248,2025-01-27,27,深圳能源,电力行业,0.95252246
4726,2686,2025-01-27,1387,雪祺电气,家电行业,0.95246434
4727,2261,2025-01-27,2732,燕塘乳业,食品饮料,0.9509638
4728,281,2025-01-27,950,重药控股,医药商业,0.9508863
4729,878,2025-01-27,603367,辰欣药业,化学制药,0.94778836
4730,3977,2025-01-27,688819,天能股份,电池,0.9456277
4731,637,2025-01-27,301287,康力源,家用轻工,0.940378
4732,903,2025-01-27,2393,力生制药,化学制药,0.9394124
4733,140,2025-01-27,688526,科前生物,农药兽药,0.9392828
4734,915,2025-01-27,300452,山河药辅,化学制药,0.93902946
4735,3102,2025-01-27,601061,中信金属,贸易行业,0.934875
4736,4869,2025-01-27,300628,亿联网络,通信设备,0.9343654
4737,26,2025-01-27,2839,张家港行,银行,0.93306303
4738,1374,2025-01-27,601595,上海电影,文化传媒,0.9295568
4739,1195,2025-01-27,600482,中国动力,船舶制造,0.9291589
4740,1014,2025-01-27,2327,富安娜,纺织服装,0.92695206
4741,405,2025-01-27,600033,福建高速,铁路公路,0.9238377
4742,486,2025-01-27,685,中山公用,公用事业,0.9228632
4743,1528,2025-01-27,601669,中国电建,工程建设,0.9228289
4744,2170,2025-01-27,2609,捷顺科技,互联网服务,0.9201616
4745,430,2025-01-27,2233,塔牌集团,水泥建材,0.9196535
4746,536,2025-01-27,603231,索宝蛋白,农牧饲渔,0.9163365
4747,712,2025-01-27,990,诚志股份,化学原料,0.91126114
4748,2062,2025-01-27,600004,白云机场,航空机场,0.909172
4749,286,2025-01-27,301126,达嘉维康,医药商业,0.9074658
4750,2103,2025-01-27,2558,巨人网络,游戏,0.90737194
4751,538,2025-01-27,2714,牧原股份,农牧饲渔,0.9072557
4752,3640,2025-01-27,600582,天地科技,专用设备,0.90599954
4753,3206,2025-01-27,601877,正泰电器,电网设备,0.90263635
4754,3192,2025-01-27,603829,洛凯股份,电网设备,0.9018019
4755,2506,2025-01-27,157,中联重科,工程机械,0.9016201
4756,2759,2025-01-27,688334,西高院,专业服务,0.8979708
4757,3708,2025-01-27,603966,法兰泰克,专用设备,0.8966297
4758,917,2025-01-27,2370,亚太药业,化学制药,0.8952126
4759,170,2025-01-27,923,河钢资源,钢铁行业,0.89438707
4760,2690,2025-01-27,2508,老板电器,家电行业,0.89424103
4761,1633,2025-01-27,301301,川宁生物,生物制品,0.89214146
4762,3099,2025-01-27,2091,江苏国泰,贸易行业,0.8918375
4763,2398,2025-01-27,2033,丽江股份,旅游酒店,0.8902341
4764,2994,2025-01-27,688291,金橙子,软件开发,0.8897364
4765,2614,2025-01-27,301196,唯科科技,塑料制品,0.88925064
4766,3969,2025-01-27,601311,骆驼股份,电池,0.88134706
4767,2608,2025-01-27,301003,江苏博云,塑料制品,0.88130534
4768,416,2025-01-27,877,天山股份,水泥建材,0.8787066
4769,268,2025-01-27,601607,上海医药,医药商业,0.8783102
4770,1618,2025-01-27,600161,天坛生物,生物制品,0.8761957
4771,2612,2025-01-27,605008,长鸿高科,塑料制品,0.87611973
4772,227,2025-01-27,155,川能动力,电力行业,0.87583363
4773,2004,2025-01-27,601168,西部矿业,有色金属,0.8757636
4774,2105,2025-01-27,2555,三七互娱,游戏,0.8753091
4775,564,2025-01-27,1338,永顺泰,农牧饲渔,0.8719951
4776,4089,2025-01-27,601958,金钼股份,小金属,0.8698374
4777,29,2025-01-27,601328,交通银行,银行,0.8662462
4778,1234,2025-01-27,600422,昆药集团,中药,0.86036325
4779,3209,2025-01-27,603556,海兴电力,电网设备,0.85585564
4780,1996,2025-01-27,601609,金田股份,有色金属,0.85356385
4781,303,2025-01-27,912,泸天化,化肥行业,0.85109025
4782,31,2025-01-27,601916,浙商银行,银行,0.84881634
4783,1112,2025-01-27,600323,瀚蓝环境,环保行业,0.8450046
4784,2165,2025-01-27,600850,电科数字,互联网服务,0.8444831
4785,25,2025-01-27,600016,民生银行,银行,0.84370077
4786,1533,2025-01-27,601868,中国能建,工程建设,0.84267855
4787,1377,2025-01-27,603999,读者传媒,文化传媒,0.8376047
4788,699,2025-01-27,422,湖北宜化,化学原料,0.8342862
4789,254,2025-01-27,875,吉电股份,电力行业,0.8342713
4790,2012,2025-01-27,2978,安宁股份,有色金属,0.8340955
4791,2374,2025-01-27,600469,风神股份,橡胶制品,0.83155036
4792,1746,2025-01-27,2345,潮宏基,珠宝首饰,0.8312687
4793,4821,2025-01-27,300476,胜宏科技,电子元件,0.82779974
4794,135,2025-01-27,600596,新安股份,农药兽药,0.8251384
4795,243,2025-01-27,600905,三峡能源,电力行业,0.8249372
4796,2399,2025-01-27,603136,天目湖,旅游酒店,0.82259774
4797,458,2025-01-27,601083,锦江航运,航运港口,0.82239807
4798,3429,2025-01-27,30,富奥股份,汽车零部件,0.8201286
4799,853,2025-01-27,2030,达安基因,医疗器械,0.81733316
4800,2695,2025-01-27,2242,九阳股份,家电行业,0.8162752
4801,22,2025-01-27,601009,南京银行,银行,0.81567466
4802,523,2025-01-27,600598,北大荒,农牧饲渔,0.8156523
4803,1873,2025-01-27,603948,建业股份,化学制品,0.81489235
4804,2283,2025-01-27,600597,光明乳业,食品饮料,0.805217
4805,1021,2025-01-27,603073,彩蝶实业,纺织服装,0.8034885
4806,469,2025-01-27,601919,中远海控,航运港口,0.80239177
4807,4207,2025-01-27,603187,海容冷链,通用设备,0.80130845
4808,1026,2025-01-27,603587,地素时尚,纺织服装,0.80067515
4809,1997,2025-01-27,878,云南铜业,有色金属,0.789164
4810,789,2025-01-27,688317,之江生物,医疗器械,0.7890329
4811,2286,2025-01-27,600305,恒顺醋业,食品饮料,0.78772306
4812,2014,2025-01-27,600361,创新新材,有色金属,0.78715086
4813,1849,2025-01-27,1218,丽臣实业,化学制品,0.7866487
4814,3691,2025-01-27,2430,杭氧股份,专用设备,0.78460574
4815,35,2025-01-27,601658,邮储银行,银行,0.7845834
4816,166,2025-01-27,709,河钢股份,钢铁行业,0.78307986
4817,1284,2025-01-27,603357,设计总院,工程咨询服务,0.78266114
4818,2510,2025-01-27,600817,宇通重工,工程机械,0.7808
4819,1399,2025-01-27,600229,城市传媒,文化传媒,0.7733375
4820,2758,2025-01-27,300012,华测检测,专业服务,0.77281594
4821,34,2025-01-27,603323,苏农银行,银行,0.7716611
4822,896,2025-01-27,600420,国药现代,化学制药,0.76859
4823,3200,2025-01-23,300069,金利华电,电网设备,0.7685751
4824,1819,2025-01-27,600988,赤峰黄金,贵金属,0.7671997
4825,2976,2025-01-27,301195,北路智控,软件开发,0.76404065
4826,2618,2025-01-27,1368,通达创智,塑料制品,0.7592067
4827,1233,2025-01-27,600351,亚宝药业,中药,0.75692236
4828,123,2025-01-27,600389,江山股份,农药兽药,0.7512778
4829,95,2025-01-27,600348,华阳股份,煤炭行业,0.748688
4830,4034,2025-01-27,601222,林洋能源,仪器仪表,0.7479355
4831,1400,2025-01-27,301262,海看股份,文化传媒,0.7477954
4832,2365,2025-01-27,2381,双箭股份,橡胶制品,0.73969066
4833,1776,2025-01-27,301520,万邦医药,医疗服务,0.73687136
4834,701,2025-01-27,600955,维远股份,化学原料,0.7353768
4835,924,2025-01-27,2001,新 和 成,化学制药,0.73423237
4836,1522,2025-01-27,600502,安徽建工,工程建设,0.7305339
4837,169,2025-01-27,600022,山东钢铁,钢铁行业,0.7250503
4838,461,2025-01-27,600428,中远海特,航运港口,0.7224798
4839,541,2025-01-27,300498,温氏股份,农牧饲渔,0.7219717
4840,1135,2025-01-27,688057,金达莱,环保行业,0.71686953
4841,224,2025-01-27,690,宝新能源,电力行业,0.71570724
4842,2975,2025-01-27,3007,直真科技,软件开发,0.7123217
4843,312,2025-01-27,2545,东方铁塔,化肥行业,0.71140826
4844,2368,2025-01-27,589,贵州轮胎,橡胶制品,0.7095665
4845,483,2025-01-27,544,中原环保,公用事业,0.7091746
4846,38,2025-01-27,601997,贵阳银行,银行,0.7088542
4847,2517,2025-01-27,600031,三一重工,工程机械,0.7063836
4848,596,2025-01-27,603165,荣晟环保,造纸印刷,0.70167035
4849,16,2025-01-27,601939,建设银行,银行,0.7012233
4850,311,2025-01-27,2538,司尔特,化肥行业,0.685063
4851,2781,2025-01-27,600528,中铁工业,交运设备,0.6841123
4852,652,2025-01-27,603899,晨光股份,家用轻工,0.67848414
4853,518,2025-01-27,2299,圣农发展,农牧饲渔,0.6774366
4854,4818,2025-01-27,2463,沪电股份,电子元件,0.66892505
4855,2782,2025-01-27,603766,隆鑫通用,交运设备,0.6661385
4856,220,2025-01-27,600098,广州发展,电力行业,0.6642893
4857,1016,2025-01-27,2404,嘉欣丝绸,纺织服装,0.662604
4858,3446,2025-01-27,300695,兆丰股份,汽车零部件,0.661999
4859,1383,2025-01-27,601928,凤凰传媒,文化传媒,0.65903664
4860,344,2025-01-27,603661,恒林股份,装修建材,0.65757036
4861,57,2025-01-27,603393,新天然气,燃气,0.65649897
4862,1286,2025-01-27,2116,中国海诚,工程咨询服务,0.6438732
4863,3359,2025-01-27,2415,海康威视,计算机设备,0.6426364
4864,1756,2025-01-27,601636,旗滨集团,玻璃玻纤,0.6405011
4865,1235,2025-01-27,2275,桂林三金,中药,0.6397903
4866,294,2025-01-27,600056,中国医药,医药商业,0.6325528
4867,90,2025-01-27,600508,上海能源,煤炭行业,0.62680095
4868,1091,2025-01-27,301109,军信股份,环保行业,0.62261075
4869,1868,2025-01-27,600273,嘉化能源,化学制品,0.6206721
4870,2255,2025-01-27,600300,维维股份,食品饮料,0.61859787
4871,3431,2025-01-27,603035,常熟汽饰,汽车零部件,0.6104797
4872,2679,2025-01-27,600060,海信视像,家电行业,0.60648024
4873,127,2025-01-27,603566,普莱柯,农药兽药,0.5979389
4874,1787,2025-01-27,301080,百普赛斯,医疗服务,0.5962461
4875,162,2025-01-27,959,首钢股份,钢铁行业,0.59402585
4876,4931,2025-01-27,300502,新易盛,通信设备,0.58255494
4877,3097,2025-01-27,600755,厦门国贸,贸易行业,0.57206005
4878,695,2025-01-27,600929,雪天盐业,化学原料,0.5654469
4879,157,2025-01-27,2318,久立特材,钢铁行业,0.5570859
4880,1473,2025-01-27,603128,华贸物流,物流行业,0.5540043
4881,2073,2025-01-27,2014,永新股份,包装材料,0.5445719
4882,355,2025-01-27,2372,伟星新材,装修建材,0.5397588
4883,1397,2025-01-27,300413,芒果超媒,文化传媒,0.53852797
4884,4812,2025-01-27,603228,景旺电子,电子元件,0.5350143
4885,94,2025-01-27,601666,平煤股份,煤炭行业,0.5282089
4886,40,2025-01-27,601166,兴业银行,银行,0.5280778
4887,3003,2025-01-27,2268,电科网安,软件开发,0.51899254
4888,33,2025-01-27,600036,招商银行,银行,0.513877
4889,2102,2025-01-27,603444,吉比特,游戏,0.511688
4890,41,2025-01-27,601818,光大银行,银行,0.50359815
4891,2005,2025-01-27,600531,豫光金铅,有色金属,0.50194114
4892,1741,2025-01-27,605599,菜百股份,珠宝首饰,0.50058067
4893,4609,2025-01-27,2881,美格智能,消费电子,0.48580468
4894,85,2025-01-27,600188,兖矿能源,煤炭行业,0.4855007
4895,2097,2025-01-27,603687,大胜达,包装材料,0.47673583
4896,2171,2025-01-27,600271,航天信息,互联网服务,0.46821088
4897,828,2025-01-27,688677,海泰新光,医疗器械,0.45681447
4898,1149,2025-01-27,300172,中电环保,环保行业,0.4549086
4899,36,2025-01-27,601229,上海银行,银行,0.45435876
4900,2060,2025-01-27,600897,厦门空港,航空机场,0.45388192
4901,213,2025-01-27,2039,黔源电力,电力行业,0.44498593
4902,894,2025-01-27,688566,吉贝尔,化学制药,0.43646842
4903,638,2025-01-27,603195,公牛集团,家用轻工,0.4258588
4904,1160,2025-01-27,603568,伟明环保,环保行业,0.42531937
4905,2952,2025-01-27,300454,深信服,软件开发,0.42191893
4906,121,2025-01-27,2734,利民股份,农药兽药,0.41891783
4907,679,2025-01-27,600409,三友化工,化学原料,0.41683465
4908,1704,2025-01-27,2206,海 利 得,化纤行业,0.4104182
4909,1379,2025-01-27,600158,中体产业,文化传媒,0.40870607
4910,800,2025-01-27,688029,南微医学,医疗器械,0.4071787
4911,709,2025-01-27,601568,北元集团,化学原料,0.3987357
4912,670,2025-01-27,830,鲁西化工,化学原料,0.39860904
4913,2397,2025-01-27,600054,黄山旅游,旅游酒店,0.39687455
4914,8,2025-01-27,2142,宁波银行,银行,0.39451867
4915,2604,2025-01-27,603150,万朗磁塑,塑料制品,0.38649142
4916,242,2025-01-27,791,甘肃能源,电力行业,0.38597137
4917,167,2025-01-27,825,太钢不锈,钢铁行业,0.38143843
4918,159,2025-01-27,600295,鄂尔多斯,钢铁行业,0.3782943
4919,698,2025-01-27,601065,江盐集团,化学原料,0.37815124
4920,271,2025-01-27,2727,一心堂,医药商业,0.3560081
4921,2104,2025-01-27,2517,恺英网络,游戏,0.35395324
4922,1384,2025-01-27,601921,浙版传媒,文化传媒,0.349842
4923,239,2025-01-27,1286,陕西能源,电力行业,0.34960955
4924,163,2025-01-27,601686,友发集团,钢铁行业,0.34762323
4925,1022,2025-01-27,2083,孚日股份,纺织服装,0.31321198
4926,304,2025-01-27,902,新洋丰,化肥行业,0.30403882
4927,1847,2025-01-27,688065,凯赛生物,化学制品,0.30356646
4928,237,2025-01-27,600116,三峡水利,电力行业,0.3031209
4929,1363,2025-01-27,600373,中文传媒,文化传媒,0.29779375
4930,1390,2025-01-27,601949,中国出版,文化传媒,0.2934426
4931,892,2025-01-27,513,丽珠集团,化学制药,0.29038638
4932,1362,2025-01-27,600977,中国电影,文化传媒,0.28551966
4933,1998,2025-01-27,600888,新疆众和,有色金属,0.2831623
4934,2002,2025-01-27,600362,江西铜业,有色金属,0.28228164
4935,1029,2025-01-27,600177,雅戈尔,纺织服装,0.2802506
4936,555,2025-01-27,2100,天康生物,农牧饲渔,0.2799347
4937,1370,2025-01-27,156,华数传媒,文化传媒,0.26903003
4938,420,2025-01-27,600585,海螺水泥,水泥建材,0.26011616
4939,1353,2025-01-27,601019,山东出版,文化传媒,0.25769174
4940,154,2025-01-27,601003,柳钢股份,钢铁行业,0.25102347
4941,307,2025-01-27,2539,云图控股,化肥行业,0.24460852
4942,1009,2025-01-27,601566,九牧王,纺织服装,0.23380965
4943,1131,2025-01-27,688485,九州一轨,环保行业,0.233002
4944,793,2025-01-27,688314,康拓医疗,医疗器械,0.22247136
4945,174,2025-01-27,2443,金洲管道,钢铁行业,0.2163738
4946,2985,2025-01-27,300789,唐源电气,软件开发,0.21635741
4947,21,2025-01-27,601169,北京银行,银行,0.20053089
4948,168,2025-01-27,2478,常宝股份,钢铁行业,0.19650906
4949,1469,2025-01-27,601598,中国外运,物流行业,0.16510189
4950,1389,2025-01-27,600637,东方明珠,文化传媒,0.1496777
4951,1365,2025-01-27,603888,新华网,文化传媒,0.14939159
4952,1375,2025-01-27,300770,新媒股份,文化传媒,0.14714599
4953,2752,2025-01-27,3008,开普检测,专业服务,0.1178503
4954,1381,2025-01-27,600037,歌华有线,文化传媒,0.092209876
4955,1382,2025-01-27,603000,人民网,文化传媒,0.0768438
4956,1456,2025-01-27,603967,中创物流,物流行业,0.06463677
4957,58,2025-01-27,600681,百川能源,燃气,0.06375909
4958,1357,2025-01-27,601811,新华文轩,文化传媒,0.030194223
4959,27,2025-01-27,600926,杭州银行,银行,-0.004349649
4960,754,2025-01-27,2932,明德生物,医疗器械,-0.005735457
4961,82,2025-01-27,600395,盘江股份,煤炭行业,-0.017727911
4962,288,2025-01-27,2462,嘉事堂,医药商业,-0.018520653
4963,130,2025-01-27,300804,广康生化,农药兽药,-0.031644106
4964,3234,2025-01-27,301291,明阳电气,电网设备,-0.045761466
4965,156,2025-01-27,2110,三钢闽光,钢铁行业,-0.06950945
4966,1368,2025-01-27,601098,中南传媒,文化传媒,-0.074480474
4967,37,2025-01-27,601577,长沙银行,银行,-0.13697594
4968,422,2025-01-27,789,万年青,水泥建材,-0.31353533
4969,2366,2025-01-27,601163,三角轮胎,橡胶制品,-0.4055336
4970,4702,2025-01-27,605277,新亚电子,消费电子,-0.43584108
4971,2125,2025-01-27,3005,竞业达,互联网服务,-0.49209
4972,2121,2025-01-27,300766,每日互动,互联网服务,-0.66892505
4973,1850,2025-01-27,1333,光华股份,化学制品,-0.72811097
4974,2946,2025-01-27,2322,理工能科,软件开发,-0.8027017
4975,171,2025-01-27,600507,方大特钢,钢铁行业,-1.2701795
4976,2126,2025-01-27,605398,新炬网络,互联网服务,-1.4565945
