,Datetime,code,name,expext
0,2025-01-27,603398,沐邦高科,0.20639788
1,2025-01-27,300344,立方数科,0.19769086
2,2025-01-27,856,冀东装备,0.19077928
3,2025-01-27,668,荣丰控股,0.18625422
4,2025-01-27,603777,来伊份,0.18324561
5,2025-01-27,2496,辉丰股份,0.17009078
6,2025-01-27,600892,大晟文化,0.16867386
7,2025-01-27,300634,彩讯股份,0.15766366
8,2025-01-27,300857,协创数据,0.1573401
9,2025-01-27,2691,冀凯股份,0.1545286
10,2025-01-27,603261,立航科技,0.1527253
11,2025-01-27,600539,狮头股份,0.1470638
12,2025-01-27,1270,铖昌科技,0.1457768
13,2025-01-27,301512,智信精密,0.14455973
14,2025-01-27,600128,苏豪弘业,0.14330606
15,2025-01-27,300249,依米康,0.14072911
16,2025-01-27,2253,川大智胜,0.14035957
17,2025-01-27,16,深康佳Ａ,0.1389973
18,2025-01-14,300307,慈星股份,0.13818331
19,2025-01-27,300996,普联软件,0.13800223
20,2025-01-27,688620,安凯微,0.13782258
21,2025-01-27,600076,康欣新材,0.1377628
22,2025-01-27,691,亚太实业,0.13757743
23,2025-01-27,301248,杰创智能,0.13545306
24,2025-01-27,300159,新研股份,0.13461708
25,2025-01-27,2418,康盛股份,0.1338193
26,2025-01-27,300654,世纪天鸿,0.1333163
27,2025-01-27,300902,国安达,0.13248985
28,2025-01-27,301356,天振股份,0.13023226
29,2025-01-27,605033,美邦股份,0.13017182
30,2025-01-27,2816,和科达,0.1296192
31,2025-01-27,600130,波导股份,0.12688352
32,2025-01-27,890,法尔胜,0.1258023
33,2025-01-27,600228,返利科技,0.1251467
34,2025-01-27,2529,海源复材,0.12499981
35,2025-01-27,688229,博睿数据,0.1247641
36,2025-01-27,603928,兴业股份,0.12443088
37,2025-01-27,300055,万邦达,0.124015495
38,2025-01-27,600243,青海华鼎,0.12236674
39,2025-01-27,4,国华网安,0.12204565
40,2025-01-27,2848,高斯贝尔,0.12141569
41,2025-01-27,300333,兆日科技,0.12025927
42,2025-01-27,759,中百集团,0.11932583
43,2025-01-27,736,中交地产,0.117760316
44,2025-01-27,688143,长盈通,0.11699982
45,2025-01-27,301286,侨源股份,0.116723284
46,2025-01-27,300093,金刚光伏,0.1150973
47,2025-01-27,2306,中科云网,0.114526585
48,2025-01-27,600421,华嵘控股,0.1144899
49,2025-01-27,2122,汇洲智能,0.11445473
50,2025-01-27,603682,锦和商管,0.11386086
51,2025-01-27,2789,建艺集团,0.11358215
52,2025-01-27,300222,科大智能,0.11356385
53,2025-01-27,816,智慧农业,0.1130323
54,2025-01-27,2820,桂发祥,0.111757115
55,2025-01-27,300391,长药控股,0.11104344
56,2025-01-27,300652,雷迪克,0.11042027
57,2025-01-27,627,天茂集团,0.110017076
58,2025-01-27,600238,海南椰岛,0.10914506
59,2025-01-27,301511,德福科技,0.10842334
60,2025-01-27,300608,思特奇,0.10720949
61,2025-01-27,600556,天下秀,0.10667299
62,2025-01-27,605018,长华集团,0.10648467
63,2025-01-27,688426,康为世纪,0.10628323
64,2025-01-27,301030,仕净科技,0.1057678
65,2025-01-27,600052,东望时代,0.10538332
66,2025-01-27,2199,东晶电子,0.1049671
67,2025-01-27,300959,线上线下,0.10372181
68,2025-01-27,600811,东方集团,0.10364817
69,2025-01-27,603789,星光农机,0.103235826
70,2025-01-27,716,黑芝麻,0.10310052
71,2025-01-27,793,华闻集团,0.102394864
72,2025-01-27,2453,华软科技,0.10214861
73,2025-01-27,300792,壹网壹创,0.10199733
74,2025-01-27,300499,高澜股份,0.10178207
75,2025-01-27,605179,一鸣食品,0.10147084
76,2025-01-27,301315,威士顿,0.10146178
77,2025-01-27,2667,威领股份,0.1012079
78,2025-01-27,300840,酷特智能,0.10074444
79,2025-01-27,300716,泉为科技,0.10071494
80,2025-01-27,300071,福石控股,0.10037927
81,2025-01-27,600358,国旅联合,0.10034563
82,2025-01-27,603729,龙韵股份,0.1001475
83,2025-01-27,2058,威尔泰,0.0998774
84,2025-01-27,826,启迪环境,0.099687085
85,2025-01-27,600191,华资实业,0.099328026
86,2025-01-27,600858,银座股份,0.09855397
87,2025-01-27,300127,银河磁体,0.09791066
88,2025-01-27,300561,汇金科技,0.09714897
89,2025-01-27,600778,友好集团,0.09697576
90,2025-01-27,688095,福昕软件,0.09694441
91,2025-01-27,603598,引力传媒,0.096144184
92,2025-01-27,300399,天利科技,0.09595893
93,2025-01-27,603015,弘讯科技,0.09540917
94,2025-01-27,301397,溯联股份,0.09532474
95,2025-01-27,600187,国中水务,0.09512524
96,2025-01-27,300853,申昊科技,0.095008984
97,2025-01-27,688053,思科瑞,0.09448193
98,2025-01-27,688408,中信博,0.09366305
99,2025-01-27,688716,中研股份,0.093633875
100,2025-01-27,688165,埃夫特-U,0.0927663
101,2025-01-27,301318,维海德,0.09186067
102,2025-01-27,300607,拓斯达,0.09170003
103,2025-01-27,573,粤宏远Ａ,0.091474876
104,2025-01-27,301001,凯淳股份,0.09111418
105,2025-01-27,300161,华中数控,0.09092994
106,2025-01-27,301288,清研环境,0.09092672
107,2025-01-27,688362,甬矽电子,0.09062259
108,2025-01-27,2640,跨境通,0.09004705
109,2025-01-27,1236,弘业期货,0.090041
110,2025-01-27,300242,佳云科技,0.08992435
111,2025-01-27,688511,天微电子,0.089892134
112,2025-01-27,600734,实达集团,0.08940478
113,2025-01-27,10,美丽生态,0.08917181
114,2025-01-27,600355,精伦电子,0.08896102
115,2025-01-27,600714,金瑞矿业,0.08882873
116,2025-01-27,419,通程控股,0.08879338
117,2025-01-27,301018,申菱环境,0.08814703
118,2025-01-27,2757,南兴股份,0.08813925
119,2025-01-27,600889,南京化纤,0.08787064
120,2025-01-27,2693,双成药业,0.08771883
121,2025-01-27,600446,金证股份,0.087525085
122,2025-01-27,1282,三联锻造,0.08736317
123,2025-01-27,688502,茂莱光学,0.087068275
124,2025-01-27,603021,山东华鹏,0.08674298
125,2025-01-27,600636,国新文化,0.08666693
126,2025-01-27,2583,海能达,0.08634736
127,2025-01-27,600405,动力源,0.086199895
128,2025-01-27,2973,侨银股份,0.08607282
129,2025-01-27,2733,雄韬股份,0.08589174
130,2025-01-27,300299,富春股份,0.08571352
131,2025-01-27,300377,赢时胜,0.085679665
132,2025-01-27,300493,润欣科技,0.0855834
133,2025-01-27,603101,汇嘉时代,0.08539961
134,2025-01-27,301157,华塑科技,0.08529343
135,2025-01-27,2717,岭南股份,0.08500509
136,2025-01-27,2265,建设工业,0.084993646
137,2025-01-27,3015,日久光电,0.08495341
138,2025-01-27,688429,时创能源,0.08489694
139,2025-01-27,2175,东方智造,0.08484514
140,2025-01-27,300085,银之杰,0.084574714
141,2025-01-27,603800,洪田股份,0.084384516
142,2025-01-27,603068,博通集成,0.08419804
143,2025-01-27,300170,汉得信息,0.08413081
144,2025-01-27,795,英洛华,0.083651766
145,2025-01-27,603177,德创环保,0.08352043
146,2025-01-27,301082,久盛电气,0.083397016
147,2025-01-27,600053,九鼎投资,0.083214596
148,2025-01-27,688717,艾罗能源,0.083163545
149,2025-01-27,300084,海默科技,0.08295821
150,2025-01-27,605081,太和水,0.08271967
151,2025-01-27,2636,金安国纪,0.08228342
152,2025-01-27,301037,保立佳,0.08218427
153,2025-01-27,2009,天奇股份,0.08209102
154,2025-01-27,603716,塞力医疗,0.08208825
155,2025-01-27,2657,中科金财,0.082040355
156,2025-01-27,300985,致远新能,0.082019314
157,2025-01-27,2762,金发拉比,0.081789926
158,2025-01-27,2137,实益达,0.081762
159,2025-01-27,600693,东百集团,0.081726685
160,2025-01-27,688365,光云科技,0.081589386
161,2025-01-27,603978,深圳新星,0.08145286
162,2025-01-27,603389,亚振家居,0.080962315
163,2025-01-27,688320,禾川科技,0.080813155
164,2025-01-13,688073,毕得医药,0.080775365
165,2025-01-27,2530,金财互联,0.08076759
166,2025-01-27,2760,凤形股份,0.08073805
167,2025-01-27,600423,柳化股份,0.0807078
168,2025-01-27,600198,大唐电信,0.080546305
169,2025-01-27,300154,瑞凌股份,0.08044244
170,2025-01-27,603838,四通股份,0.080276564
171,2025-01-27,301024,霍普股份,0.08020218
172,2025-01-27,300068,南都电源,0.08002953
173,2025-01-27,688400,凌云光,0.07994847
174,2025-01-27,301600,慧翰股份,0.07989122
175,2025-01-27,2549,凯美特气,0.07972659
176,2025-01-27,300386,飞天诚信,0.07966949
177,2025-01-27,158,常山北明,0.079472676
178,2025-01-27,2291,遥望科技,0.07932557
179,2025-01-27,688313,仕佳光子,0.07890089
180,2025-01-27,603429,集友股份,0.07866125
181,2025-01-27,2184,海得控制,0.07848145
182,2025-01-27,2229,鸿博股份,0.07812901
183,2025-01-27,300812,易天股份,0.07802276
184,2025-01-27,301076,新瀚新材,0.07776888
185,2025-01-27,300753,爱朋医疗,0.07760014
186,2025-01-27,603106,恒银科技,0.07751922
187,2025-01-27,600172,黄河旋风,0.07744019
188,2025-01-27,300949,奥雅股份,0.07728808
189,2025-01-27,301061,匠心家居,0.07720657
190,2025-01-27,300276,三丰智能,0.07719694
191,2025-01-27,2403,爱仕达,0.0770479
192,2025-01-27,2313,日海智能,0.07697646
193,2025-01-27,2068,黑猫股份,0.076764956
194,2025-01-27,603665,康隆达,0.07671763
195,2025-01-27,688766,普冉股份,0.076662466
196,2025-01-27,1366,播恩集团,0.076627776
197,2025-01-27,301336,趣睡科技,0.07631077
198,2025-01-27,300378,鼎捷数智,0.076168016
199,2025-01-27,2354,天娱数科,0.075917915
200,2025-01-27,300733,西菱动力,0.075681165
201,2025-01-27,2861,瀛通通讯,0.07556774
202,2025-01-27,688115,思林杰,0.07547866
203,2025-01-27,300798,锦鸡股份,0.07506816
204,2025-01-27,603915,国茂股份,0.07506572
205,2025-01-27,300290,荣科科技,0.07499044
206,2025-01-27,2542,中化岩土,0.07492335
207,2025-01-27,2449,国星光电,0.07491441
208,2025-01-27,509,华塑控股,0.07481547
209,2025-01-27,600610,中毅达,0.07452835
210,2025-01-27,688390,固德威,0.07451467
211,2025-01-27,300435,中泰股份,0.074441925
212,2025-01-27,301123,奕东电子,0.07429661
213,2025-01-27,2526,山东矿机,0.074143544
214,2025-01-27,301182,凯旺科技,0.074131325
215,2025-01-27,300296,利亚德,0.07390298
216,2025-01-27,300697,电工合金,0.07385896
217,2025-01-27,2164,宁波东力,0.07381682
218,2025-01-27,600800,渤海化学,0.0735897
219,2025-01-27,2115,三维通信,0.0735466
220,2025-01-27,632,三木集团,0.0735019
221,2025-01-27,603718,海利生物,0.07344444
222,2025-01-27,300945,曼卡龙,0.07341845
223,2025-01-27,300245,天玑科技,0.07341771
224,2025-01-27,688085,三友医疗,0.073146716
225,2025-01-27,600868,梅雁吉祥,0.072959945
226,2025-01-27,688512,慧智微-U,0.072866306
227,2025-01-27,300688,创业黑马,0.0727361
228,2025-01-27,300080,易成新能,0.072412506
229,2025-01-27,603615,茶花股份,0.07237582
230,2025-01-27,2611,东方精工,0.07214077
231,2025-01-27,301183,东田微,0.07176672
232,2025-01-27,603719,良品铺子,0.07174526
233,2025-01-27,688226,威腾电气,0.07161094
234,2025-01-23,688350,富淼科技,0.07159744
235,2025-01-27,600624,复旦复华,0.07150842
236,2025-01-27,300106,西部牧业,0.071497306
237,2025-01-27,600579,中化装备,0.07147984
238,2025-01-27,301556,托普云农,0.071452305
239,2025-01-27,300437,清水源,0.07101746
240,2025-01-27,2917,金奥博,0.07090138
241,2025-01-27,2187,广百股份,0.07086055
242,2025-01-27,300044,赛为智能,0.07073821
243,2025-01-27,600881,亚泰集团,0.07072191
244,2025-01-27,688691,灿芯股份,0.07061438
245,2025-01-27,2117,东港股份,0.07049517
246,2025-01-27,300479,神思电子,0.070406064
247,2025-01-27,688184,帕瓦股份,0.07030131
248,2025-01-27,2552,宝鼎科技,0.070140645
249,2025-01-27,301152,天力锂能,0.07011406
250,2025-01-27,603079,圣达生物,0.0697891
251,2025-01-27,2103,广博股份,0.06978299
252,2025-01-27,3030,祖名股份,0.06976573
253,2025-01-27,300231,银信科技,0.069756135
254,2025-01-27,300901,中胤时尚,0.06967242
255,2025-01-27,301611,珂玛科技,0.06962974
256,2025-01-27,300805,电声股份,0.06949185
257,2025-01-27,603880,南卫股份,0.069484904
258,2025-01-27,300007,汉威科技,0.069456205
259,2025-01-27,2134,天津普林,0.06941955
260,2025-01-27,300076,GQY视讯,0.06909834
261,2025-01-27,526,学大教育,0.06896384
262,2025-01-27,301366,一博科技,0.068963185
263,2025-01-27,2193,如意集团,0.06891613
264,2025-01-27,605069,正和生态,0.06878407
265,2025-01-27,603887,城地香江,0.06871991
266,2025-01-27,56,皇庭国际,0.06862782
267,2025-01-27,300250,初灵信息,0.068587735
268,2025-01-27,2358,森源电气,0.06858049
269,2025-01-27,300289,利德曼,0.06857808
270,2025-01-27,600653,申华控股,0.068510845
271,2025-01-27,603070,万控智造,0.068479314
272,2025-01-27,300460,惠伦晶体,0.06832342
273,2025-01-27,300255,常山药业,0.06831689
274,2025-01-27,564,供销大集,0.06828849
275,2025-01-27,688787,海天瑞声,0.06819509
276,2025-01-27,301210,金杨股份,0.068177685
277,2025-01-27,702,正虹科技,0.068169996
278,2025-01-27,300123,亚光科技,0.0680498
279,2025-01-27,300224,正海磁材,0.06803952
280,2025-01-27,2098,浔兴股份,0.06801359
281,2025-01-27,300198,纳川股份,0.06787853
282,2025-01-27,600824,益民集团,0.06787078
283,2025-01-27,688062,迈威生物-U,0.06780614
284,2025-01-27,300211,亿通科技,0.06776722
285,2025-01-27,300147,香雪制药,0.067675665
286,2025-01-27,603499,翔港科技,0.06765713
287,2025-01-27,600410,华胜天成,0.06762515
288,2025-01-27,603895,天永智能,0.06757845
289,2025-01-27,995,皇台酒业,0.06753446
290,2025-01-27,300537,广信材料,0.06730385
291,2025-01-27,2674,兴业科技,0.067215726
292,2025-01-27,603166,福达股份,0.067197844
293,2025-01-27,300656,民德电子,0.067197636
294,2025-01-27,300748,金力永磁,0.06716962
295,2025-01-27,608,阳光股份,0.067114845
296,2025-01-27,600802,福建水泥,0.06693925
297,2025-01-27,688369,致远互联,0.06679498
298,2025-01-27,659,珠海中富,0.06678651
299,2025-01-27,300157,新锦动力,0.06675036
300,2025-01-27,2188,中天服务,0.06667246
301,2025-01-27,301486,致尚科技,0.06639199
302,2025-01-27,300605,恒锋信息,0.066374466
303,2025-01-27,2446,盛路通信,0.06633647
304,2025-01-27,600371,万向德农,0.0662484
305,2025-01-27,600751,海航科技,0.06615619
306,2025-01-27,688205,德科立,0.06612037
307,2025-01-27,300152,新动力,0.06599887
308,2025-01-27,600626,申达股份,0.06598224
309,2025-01-27,600666,奥瑞德,0.06592278
310,2025-01-27,586,汇源通信,0.06587233
311,2025-01-27,688258,卓易信息,0.06561889
312,2025-01-27,603200,上海洗霸,0.06554954
313,2025-01-27,600692,亚通股份,0.0653951
314,2025-01-27,600094,大名城,0.06538178
315,2025-01-27,688521,芯原股份,0.065376416
316,2025-01-27,300464,星徽股份,0.06532882
317,2025-01-27,603278,大业股份,0.065298036
318,2025-01-27,2520,日发精机,0.06526251
319,2025-01-27,300383,光环新网,0.065168455
320,2025-01-27,300058,蓝色光标,0.06497134
321,2025-01-27,603118,共进股份,0.06494321
322,2025-01-27,518,四环生物,0.0648153
323,2025-01-27,300256,星星科技,0.06479038
324,2025-01-27,2593,日上集团,0.06470679
325,2025-01-27,300846,首都在线,0.06459914
326,2025-01-27,2031,巨轮智能,0.06443982
327,2025-01-27,301456,盘古智能,0.06421892
328,2025-01-27,300459,汤姆猫,0.064188436
329,2025-01-27,301536,星宸科技,0.06418143
330,2025-01-27,300359,全通教育,0.064156845
331,2025-01-27,2514,宝馨科技,0.0641201
332,2025-01-27,301396,宏景科技,0.06400238
333,2025-01-27,2047,宝鹰股份,0.063891426
334,2025-01-27,600839,四川长虹,0.063862815
335,2025-01-27,1330,博纳影业,0.06375541
336,2025-01-27,2256,兆新股份,0.063731596
337,2025-01-27,2356,赫美集团,0.063712224
338,2025-01-27,2131,利欧股份,0.06369598
339,2025-01-27,605108,同庆楼,0.06366514
340,2025-01-27,300278,华昌达,0.06360413
341,2025-01-27,300781,因赛集团,0.06358524
342,2025-01-27,3004,声迅股份,0.06356059
343,2025-01-27,2811,郑中设计,0.063437566
344,2025-01-27,2335,科华数据,0.06338312
345,2025-01-27,300989,蕾奥规划,0.063375875
346,2025-01-27,678,襄阳轴承,0.06329049
347,2025-01-27,2582,好想你,0.063238606
348,2025-01-27,720,新能泰山,0.063202515
349,2025-01-27,301129,瑞纳智能,0.063188836
350,2025-01-27,300763,锦浪科技,0.06305905
351,2025-01-27,300583,赛托生物,0.0630102
352,2025-01-27,603366,日出东方,0.06297161
353,2025-01-27,2420,毅昌科技,0.062970236
354,2025-01-27,300808,久量股份,0.062953904
355,2025-01-27,605136,丽人丽妆,0.062903866
356,2025-01-27,601515,东峰集团,0.06284644
357,2025-01-27,300961,深水海纳,0.06278388
358,2025-01-27,796,凯撒旅业,0.06268726
359,2025-01-27,68,华控赛格,0.062638745
360,2025-01-27,603110,东方材料,0.06259926
361,2025-01-27,603922,金鸿顺,0.06257637
362,2025-01-27,2629,仁智股份,0.062470928
363,2025-01-27,301380,挖金客,0.062344
364,2025-01-27,603291,联合水务,0.0621991
365,2025-01-27,301230,泓博医药,0.062180176
366,2025-01-27,688003,天准科技,0.06213583
367,2025-01-27,300663,科蓝软件,0.06211202
368,2025-01-27,300917,特发服务,0.062106654
369,2025-01-27,2423,中粮资本,0.06205596
370,2025-01-27,300287,飞利信,0.062045857
371,2025-01-27,301141,中科磁业,0.061961904
372,2025-01-27,300141,和顺电气,0.061956838
373,2025-01-27,300694,蠡湖股份,0.061901227
374,2025-01-24,300839,博汇股份,0.061868176
375,2025-01-27,2578,闽发铝业,0.061854616
376,2025-01-27,600847,万里股份,0.061786905
377,2025-01-27,300581,晨曦航空,0.061761394
378,2025-01-27,300474,景嘉微,0.061758086
379,2025-01-27,605186,健麾信息,0.061749473
380,2025-01-27,301325,曼恩斯特,0.061743423
381,2025-01-27,300033,同花顺,0.061704233
382,2025-01-27,301487,盟固利,0.0613897
383,2025-01-27,688227,品高股份,0.06138687
384,2025-01-27,300323,华灿光电,0.06119053
385,2025-01-27,600698,湖南天雁,0.061161116
386,2025-01-27,301127,天源环保,0.061060086
387,2025-01-27,300710,万隆光电,0.061057076
388,2025-01-27,833,粤桂股份,0.06095375
389,2025-01-27,665,湖北广电,0.06089671
390,2025-01-27,600589,大位科技,0.060766593
391,2025-01-27,600865,百大集团,0.060739473
392,2025-01-27,688058,宝兰德,0.06073384
393,2025-01-27,688244,永信至诚,0.060704812
394,2025-01-27,300875,捷强装备,0.060699835
395,2025-01-27,688598,金博股份,0.060660645
396,2025-01-27,301399,英特科技,0.06064643
397,2025-01-27,688709,成都华微,0.060620144
398,2025-01-27,688256,寒武纪-U,0.06055592
399,2025-01-27,688172,燕东微,0.060551956
400,2025-01-27,2723,小崧股份,0.06053798
401,2025-01-27,300098,高新兴,0.060493454
402,2025-01-27,301251,威尔高,0.060394987
403,2025-01-27,300551,古鳌科技,0.060297415
404,2025-01-27,300987,川网传媒,0.06021504
405,2025-01-27,1309,德明利,0.0601819
406,2025-01-27,300403,汉宇集团,0.06016247
407,2025-01-27,600708,光明地产,0.060143515
408,2025-01-27,603511,爱慕股份,0.06006597
409,2025-01-27,670,盈方微,0.06000884
410,2025-01-27,300814,中富电路,0.05999379
411,2025-01-27,600744,华银电力,0.059883133
412,2025-01-27,929,兰州黄河,0.05984603
413,2025-01-27,300155,安居宝,0.059838876
414,2025-01-27,300918,南山智尚,0.05980669
415,2025-01-27,2355,兴民智通,0.05978577
416,2025-01-27,605199,葫芦娃,0.059780255
417,2025-01-27,600679,上海凤凰,0.059751704
418,2025-01-27,605338,巴比食品,0.059746698
419,2025-01-27,600605,汇通能源,0.059715793
420,2025-01-27,688318,财富趋势,0.059617355
421,2025-01-27,603129,春风动力,0.059579447
422,2025-01-27,3033,征和工业,0.059558794
423,2025-01-27,2272,川润股份,0.059507027
424,2025-01-27,688288,鸿泉物联,0.059477404
425,2025-01-27,601727,上海电气,0.059463933
426,2025-01-27,600180,瑞茂通,0.0594448
427,2025-01-27,300094,国联水产,0.05938606
428,2025-01-27,2346,柘中股份,0.05937983
429,2025-01-27,300903,科翔股份,0.059353456
430,2025-01-27,300266,兴源环境,0.059276238
431,2025-01-27,600265,景谷林业,0.059271976
432,2025-01-27,300592,华凯易佰,0.059260413
433,2025-01-27,300708,聚灿光电,0.059219465
434,2025-01-27,603221,爱丽家居,0.059189484
435,2025-01-27,603988,中电电机,0.059145764
436,2025-01-27,300077,国民技术,0.059059188
437,2025-01-27,301069,凯盛新材,0.059043214
438,2025-01-27,2765,蓝黛科技,0.059007987
439,2025-01-27,803,山高环能,0.058984265
440,2025-01-27,600724,宁波富达,0.058981583
441,2025-01-27,695,滨海能源,0.05895947
442,2025-01-27,2190,成飞集成,0.05893798
443,2025-01-27,300473,德尔股份,0.058856234
444,2025-01-27,301392,汇成真空,0.05879344
445,2025-01-27,300331,苏大维格,0.058779284
446,2025-01-27,688218,江苏北人,0.058727935
447,2025-01-27,688159,有方科技,0.05870755
448,2025-01-27,301220,亚香股份,0.05865918
449,2025-01-27,2645,华宏科技,0.058641538
450,2025-01-27,300667,必创科技,0.058640733
451,2025-01-27,300379,东方通,0.058593586
452,2025-01-27,301628,强达电路,0.058565423
453,2025-01-27,688577,浙海德曼,0.058362767
454,2025-01-27,2577,雷柏科技,0.058359846
455,2025-01-27,1301,尚太科技,0.058358803
456,2025-01-27,300990,同飞股份,0.058337018
457,2025-01-27,2599,盛通股份,0.058331415
458,2025-01-27,603990,麦迪科技,0.058293894
459,2025-01-27,300898,熊猫乳品,0.05828269
460,2025-01-27,2518,科士达,0.05820401
461,2025-01-27,300956,英力股份,0.058102205
462,2025-01-27,600844,丹化科技,0.058029845
463,2025-01-27,698,沈阳化工,0.057988808
464,2025-01-27,600769,祥龙电业,0.057972237
465,2025-01-27,31,大悦城,0.057918206
466,2025-01-27,688031,星环科技-U,0.057872817
467,2025-01-27,688629,华丰科技,0.057872668
468,2025-01-27,603637,镇海股份,0.05784948
469,2025-01-27,300472,新元科技,0.057837144
470,2025-01-27,2495,佳隆股份,0.057810888
471,2025-01-27,600654,中安科,0.057766303
472,2025-01-27,600545,卓郎智能,0.057691827
473,2025-01-27,688737,中自科技,0.057682708
474,2025-01-27,600990,四创电子,0.057652965
475,2025-01-27,300192,科德教育,0.05764021
476,2025-01-27,96,广聚能源,0.05763276
477,2025-01-27,688017,绿的谐波,0.057540163
478,2025-01-27,601865,福莱特,0.05752836
479,2025-01-27,300980,祥源新材,0.057420537
480,2025-01-27,688721,龙图光罩,0.057356015
481,2025-01-27,601162,天风证券,0.05734308
482,2025-01-27,599,青岛双星,0.057235852
483,2025-01-27,2086,东方海洋,0.05703713
484,2025-01-27,300449,汉邦高科,0.057018474
485,2025-01-27,1322,箭牌家居,0.05701755
486,2025-01-27,301066,万事利,0.057006463
487,2025-01-27,688022,瀚川智能,0.05696352
488,2025-01-27,300339,润和软件,0.056948796
489,2025-01-27,2298,中电兴发,0.05692379
490,2025-01-27,600601,方正科技,0.056914613
491,2025-01-27,2348,高乐股份,0.056754366
492,2025-01-27,815,美利云,0.056726083
493,2025-01-27,688311,盟升电子,0.056709513
494,2025-01-27,3021,兆威机电,0.056590304
495,2025-01-27,688286,敏芯股份,0.05653958
496,2025-01-27,2892,科力尔,0.056527033
497,2025-01-27,300681,英搏尔,0.056511506
498,2025-01-27,600722,金牛化工,0.056481704
499,2025-01-27,2312,川发龙蟒,0.05642496
500,2025-01-27,688228,开普云,0.056413278
501,2025-01-27,300465,高伟达,0.05634691
502,2025-01-27,430,张家界,0.056319013
503,2025-01-27,2799,环球印务,0.056300238
504,2025-01-27,603030,全筑股份,0.05626507
505,2025-01-27,300179,四方达,0.056242928
506,2025-01-27,300382,斯莱克,0.056205258
507,2025-01-27,600939,重庆建工,0.056118205
508,2025-01-27,2718,友邦吊顶,0.055993453
509,2025-01-27,301498,乖宝宠物,0.055980757
510,2025-01-27,600622,光大嘉宝,0.05590819
511,2025-01-27,300952,恒辉安防,0.05588679
512,2025-01-27,603912,佳力图,0.05588375
513,2025-01-27,42,中洲控股,0.05585976
514,2025-01-27,600126,杭钢股份,0.055845365
515,2025-01-27,300024,机器人,0.055839613
516,2025-01-27,980,众泰汽车,0.05583404
517,2025-01-27,2459,晶澳科技,0.055828616
518,2025-01-27,603809,豪能股份,0.05581738
519,2025-01-27,301326,捷邦科技,0.05573933
520,2025-01-27,688499,利元亨,0.05573325
521,2025-01-27,300647,超频三,0.055730835
522,2025-01-27,688665,四方光电,0.055722162
523,2025-01-27,300580,贝斯特,0.055697158
524,2025-01-27,2829,星网宇达,0.05569555
525,2025-01-27,300050,世纪鼎利,0.05569522
526,2025-01-27,301552,科力装备,0.05567886
527,2025-01-27,688097,博众精工,0.055625483
528,2025-01-27,603629,利通电子,0.055611834
529,2025-01-27,688627,精智达,0.055600032
530,2025-01-27,301101,明月镜片,0.055498138
531,2025-01-27,603033,三维股份,0.05545561
532,2025-01-27,300017,网宿科技,0.055452034
533,2025-01-27,2295,精艺股份,0.055430666
534,2025-01-27,603272,联翔股份,0.055429295
535,2025-01-27,300280,紫天科技,0.055410698
536,2025-01-27,688800,瑞可达,0.055399492
537,2025-01-27,6,深振业Ａ,0.055353776
538,2025-01-27,3013,地铁设计,0.05530195
539,2025-01-27,301268,铭利达,0.055266336
540,2025-01-27,688107,安路科技,0.05522944
541,2025-01-27,688037,芯源微,0.05519356
542,2025-01-27,300061,旗天科技,0.055169746
543,2025-01-27,600397,安源煤业,0.05512269
544,2025-01-27,2323,雅博股份,0.055108026
545,2025-01-27,2575,群兴玩具,0.05509813
546,2025-01-27,603226,菲林格尔,0.05509509
547,2025-01-27,2902,铭普光磁,0.05507867
548,2025-01-27,688299,长阳科技,0.05507116
549,2025-01-27,300103,达刚控股,0.05501263
550,2025-01-27,300466,赛摩智能,0.054985806
551,2025-01-27,688343,云天励飞-U,0.05497177
552,2025-01-27,688277,天智航-U,0.0549372
553,2025-01-27,301558,三态股份,0.05490522
554,2025-01-27,300894,火星人,0.054894015
555,2025-01-27,300046,台基股份,0.05489011
556,2025-01-27,688733,壹石通,0.05487989
557,2025-01-27,688373,盟科药业-U,0.05477844
558,2025-01-27,300709,精研科技,0.054745182
559,2025-01-27,301255,通力科技,0.054682747
560,2025-01-27,300365,恒华科技,0.05466257
561,2025-01-27,300328,宜安科技,0.054629102
562,2025-01-27,300461,田中精机,0.05454476
563,2025-01-27,603038,华立股份,0.054530248
564,2025-01-27,300177,中海达,0.05452551
565,2025-01-27,635,英 力 特,0.054521695
566,2025-01-27,603012,创力集团,0.054499194
567,2025-01-27,688700,东威科技,0.054483697
568,2025-01-27,688066,航天宏图,0.05448179
569,2025-01-27,301004,嘉益股份,0.05447881
570,2025-01-27,301071,力量钻石,0.05446653
571,2025-01-27,300374,中铁装配,0.054452255
572,2025-01-27,600843,上工申贝,0.054358914
573,2025-01-27,2849,威星智能,0.05434172
574,2025-01-27,300380,安硕信息,0.054328904
575,2025-01-27,300593,新雷能,0.054325745
576,2025-01-27,300554,三超新材,0.05421041
577,2025-01-27,300925,法本信息,0.05420904
578,2025-01-27,300352,北信源,0.054197326
579,2025-01-27,301577,美信科技,0.054191902
580,2025-01-27,962,东方钽业,0.05419095
581,2025-01-27,2369,卓翼科技,0.054166093
582,2025-01-27,688433,华曙高科,0.054111496
583,2025-01-27,561,烽火电子,0.054110274
584,2025-01-27,300220,金运激光,0.05406864
585,2025-01-27,421,南京公用,0.054048285
586,2025-01-27,2923,润都股份,0.05404477
587,2025-01-27,301010,晶雪节能,0.05403672
588,2025-01-27,301421,波长光电,0.054016218
589,2025-01-27,600255,鑫科材料,0.05397661
590,2025-01-27,300588,熙菱信息,0.053969428
591,2025-01-27,300829,金丹科技,0.053968355
592,2025-01-27,2211,宏达新材,0.05394785
593,2025-01-27,2899,英派斯,0.053942308
594,2025-01-27,300510,金冠股份,0.053932533
595,2025-01-27,2006,精工科技,0.053897306
596,2025-01-27,300935,盈建科,0.053844735
597,2025-01-27,300302,同有科技,0.053825423
598,2025-01-27,300640,德艺文创,0.05378799
599,2025-01-27,300892,品渥食品,0.053764597
600,2025-01-27,300494,盛天网络,0.05370833
601,2025-01-27,300655,晶瑞电材,0.053686813
602,2025-01-27,688123,聚辰股份,0.05368595
603,2025-01-27,300827,上能电气,0.05362694
604,2025-01-27,600593,大连圣亚,0.053591356
605,2025-01-27,688535,华海诚科,0.05357115
606,2025-01-27,710,贝瑞基因,0.05353351
607,2025-01-27,1217,华尔泰,0.053511843
608,2025-01-27,300420,五洋自控,0.053460106
609,2025-01-27,300997,欢乐家,0.053358123
610,2025-01-27,603819,神力股份,0.05334024
611,2025-01-27,300553,集智股份,0.05331619
612,2025-01-27,2319,乐通股份,0.053293183
613,2025-01-27,2547,春兴精工,0.053287283
614,2025-01-27,2177,御银股份,0.0532804
615,2025-01-27,603536,惠发食品,0.05320184
616,2025-01-27,2329,皇氏集团,0.05318223
617,2025-01-27,300715,凯伦股份,0.053145602
618,2025-01-27,859,国风新材,0.053140894
619,2025-01-27,300660,江苏雷利,0.053137824
620,2025-01-27,300237,美晨科技,0.053121015
621,2025-01-27,300859,西域旅游,0.05312015
622,2025-01-27,2678,珠江钢琴,0.053081647
623,2025-01-27,300317,珈伟新能,0.053080723
624,2025-01-27,300941,创识科技,0.053050324
625,2025-01-27,300921,南凌科技,0.052964255
626,2025-01-27,600733,北汽蓝谷,0.0529301
627,2025-01-27,603516,淳中科技,0.052840814
628,2025-01-27,2181,粤 传 媒,0.05283554
629,2025-01-27,600192,长城电工,0.0528277
630,2025-01-27,301191,菲菱科思,0.052789643
631,2025-01-27,600936,广西广电,0.05267562
632,2025-01-27,2383,合众思壮,0.052655086
633,2025-01-27,603011,合锻智能,0.052648082
634,2025-01-27,2400,省广集团,0.052636012
635,2025-01-27,2638,勤上股份,0.05260922
636,2025-01-27,688270,臻镭科技,0.05259709
637,2025-01-27,300056,中创环保,0.052566096
638,2025-01-27,600702,舍得酒业,0.0525655
639,2025-01-27,600657,信达地产,0.052494064
640,2025-01-27,3001,中岩大地,0.052468315
641,2025-01-27,301228,实朴检测,0.052436993
642,2025-01-27,2778,中晟高科,0.052427664
643,2025-01-27,300045,华力创通,0.052423164
644,2025-01-27,300884,狄耐克,0.052404955
645,2025-01-27,600629,华建集团,0.052361146
646,2025-01-27,545,金浦钛业,0.052356347
647,2025-01-27,688701,卓锦股份,0.052282497
648,2025-01-27,300322,硕贝德,0.052265808
649,2025-01-27,300427,红相股份,0.05224912
650,2025-01-27,603059,倍加洁,0.052245066
651,2025-01-27,300572,安车检测,0.052234218
652,2025-01-27,600520,文一科技,0.05220695
653,2025-01-27,1269,欧晶科技,0.052194193
654,2025-01-27,600973,宝胜股份,0.052187994
655,2025-01-27,301021,英诺激光,0.052160665
656,2025-01-27,300442,润泽科技,0.052157238
657,2025-01-27,600080,金花股份,0.052154556
658,2025-01-27,600113,浙江东日,0.05211191
659,2025-01-27,605228,神通科技,0.05207704
660,2025-01-27,688048,长光华芯,0.052048847
661,2025-01-27,300904,威力传动,0.05198033
662,2025-01-27,688522,纳睿雷达,0.051960245
663,2025-01-27,2769,普路通,0.05194871
664,2025-01-27,2109,兴化股份,0.051948443
665,2025-01-27,300822,贝仕达克,0.05190079
666,2025-01-27,300010,豆神教育,0.05187638
667,2025-01-27,603496,恒为科技,0.05184935
668,2025-01-27,2915,中欣氟材,0.05184181
669,2025-01-27,688529,豪森智能,0.051812366
670,2025-01-27,300173,福能东方,0.051743165
671,2025-01-27,300040,九洲集团,0.051740423
672,2025-01-27,301176,逸豪新材,0.05172868
673,2025-01-27,603808,歌力思,0.051686093
674,2025-01-27,2730,电光科技,0.051684394
675,2025-01-27,603950,长源东谷,0.051677987
676,2025-01-27,301165,锐捷网络,0.051619157
677,2025-01-27,301208,中亦科技,0.051593468
678,2025-01-27,688047,龙芯中科,0.051567093
679,2025-01-27,300746,汉嘉设计,0.051481828
680,2025-01-27,600206,有研新材,0.05139132
681,2025-01-27,600986,浙文互联,0.051313356
682,2025-01-27,2277,友阿股份,0.051281646
683,2025-01-27,301110,青木科技,0.051266953
684,2025-01-27,2095,生 意 宝,0.051256254
685,2025-01-27,300783,三只松鼠,0.05125521
686,2025-01-27,300348,长亮科技,0.051244095
687,2025-01-27,688035,德邦科技,0.051235273
688,2025-01-27,600793,宜宾纸业,0.0512117
689,2025-01-27,300438,鹏辉能源,0.051203683
690,2025-01-27,301310,鑫宏业,0.051194265
691,2025-01-27,300405,科隆股份,0.05115579
692,2025-01-27,2123,梦网科技,0.051125363
693,2025-01-27,600212,绿能慧充,0.051079437
694,2025-01-27,2036,联创电子,0.05105771
695,2025-01-27,301187,欧圣电气,0.051046476
696,2025-01-27,603893,瑞芯微,0.05093275
697,2025-01-27,688693,锴威特,0.05091743
698,2025-01-27,692,惠天热电,0.05089061
699,2025-01-27,3016,欣贺股份,0.050879434
700,2025-01-27,301036,双乐股份,0.050856784
701,2025-01-27,2364,中恒电气,0.050840303
702,2025-01-27,603955,大千生态,0.050838962
703,2025-01-27,2603,以岭药业,0.050815508
704,2025-01-27,300786,国林科技,0.05080755
705,2025-01-27,2551,尚荣医疗,0.05080439
706,2025-01-27,688103,国力股份,0.05079426
707,2025-01-27,688262,国芯科技,0.050780162
708,2025-01-27,3042,中农联合,0.050710574
709,2025-01-27,300169,天晟新材,0.050627843
710,2025-01-27,688776,国光电气,0.050622627
711,2025-01-27,688110,东芯股份,0.050558344
712,2025-01-27,2094,青岛金王,0.050541535
713,2025-01-27,688071,华依科技,0.050470605
714,2025-01-27,300043,星辉娱乐,0.05045493
715,2025-01-27,688361,中科飞测,0.050403073
716,2025-01-27,301429,森泰股份,0.050398067
717,2025-01-27,2427,尤夫股份,0.0503646
718,2025-01-27,601226,华电科工,0.050356314
719,2025-01-27,301259,艾布鲁,0.050300583
720,2025-01-27,520,凤凰航运,0.050294444
721,2025-01-27,688275,万润新能,0.05028452
722,2025-01-27,2865,钧达股份,0.050282136
723,2025-01-27,688726,拉普拉斯,0.05027868
724,2025-01-27,603214,爱婴室,0.0502692
725,2025-01-27,301007,德迈仕,0.050244823
726,2025-01-27,688072,拓荆科技,0.050243005
727,2025-01-27,300598,诚迈科技,0.050197557
728,2025-01-27,601933,永辉超市,0.050146684
729,2025-01-27,300624,万兴科技,0.050140157
730,2025-01-27,301062,上海艾录,0.050085828
731,2025-01-27,300530,领湃科技,0.05008526
732,2025-01-27,600673,东阳光,0.05003719
733,2025-01-27,603316,诚邦股份,0.05002518
734,2025-01-27,300051,琏升科技,0.049998567
735,2025-01-27,300418,昆仑万维,0.0499935
736,2025-01-27,2445,中南文化,0.04996033
737,2025-01-27,2862,实丰文化,0.04995738
738,2025-01-27,2347,泰尔股份,0.04991518
739,2025-01-27,300603,立昂技术,0.04985489
740,2025-01-27,2712,思美传媒,0.0498517
741,2025-01-27,977,浪潮信息,0.049845025
742,2025-01-27,603636,南威软件,0.049835548
743,2025-01-27,2021,中捷资源,0.04977338
744,2025-01-27,1306,夏厦精密,0.049765214
745,2025-01-27,2931,锋龙股份,0.049711302
746,2025-01-27,603386,骏亚科技,0.04970278
747,2025-01-27,603305,旭升集团,0.049641594
748,2025-01-27,688141,杰华特,0.04959874
749,2025-01-27,688303,大全能源,0.049576685
750,2025-01-27,300713,英可瑞,0.04955302
751,2025-01-27,2527,新时达,0.049478576
752,2025-01-27,300197,节能铁汉,0.049433634
753,2025-01-27,300484,蓝海华腾,0.049398348
754,2025-01-27,300277,海联讯,0.049343094
755,2025-01-27,300497,富祥药业,0.04930772
756,2025-01-27,300687,赛意信息,0.049269423
757,2025-01-27,600807,济高发展,0.04919137
758,2025-01-27,300429,强力新材,0.04917957
759,2025-01-27,300310,宜通世纪,0.049174294
760,2025-01-27,2819,东方中科,0.049171343
761,2025-01-27,2096,易普力,0.04911612
762,2025-01-27,301357,北方长龙,0.04908468
763,2025-01-27,603898,好莱客,0.049076036
764,2025-01-27,600981,汇鸿集团,0.04905905
765,2025-01-27,590,启迪药业,0.04903181
766,2025-01-27,300490,华自科技,0.049022183
767,2025-01-27,605337,李子园,0.04895167
768,2025-01-27,300468,四方精创,0.04890038
769,2025-01-27,688615,合合信息,0.04886876
770,2025-01-27,2775,文科股份,0.048843727
771,2025-01-27,603002,宏昌电子,0.048821077
772,2025-01-27,663,永安林业,0.048797175
773,2025-01-27,688038,中科通达,0.048727587
774,2025-01-27,2634,棒杰股份,0.048712417
775,2025-01-27,300067,安诺其,0.048705682
776,2025-01-27,600105,永鼎股份,0.048624083
777,2025-01-27,300385,雪浪环境,0.04859419
778,2025-01-27,785,居然智家,0.048542455
779,2025-01-27,301502,华阳智能,0.04848419
780,2025-01-27,688117,圣诺生物,0.048480257
781,2025-01-27,600193,创兴资源,0.048449233
782,2025-01-27,2426,胜利精密,0.04841189
783,2025-01-27,300448,浩云科技,0.04836999
784,2025-01-27,688588,凌志软件,0.04832025
785,2025-01-27,603215,比依股份,0.048315182
786,2025-01-27,600151,航天机电,0.048297003
787,2025-01-27,301168,通灵股份,0.048288986
788,2025-01-27,300542,新晨科技,0.04828106
789,2025-01-27,688253,英诺特,0.048274055
790,2025-01-27,603667,五洲新春,0.048273906
791,2025-01-27,2012,凯恩股份,0.048238054
792,2025-01-27,300776,帝尔激光,0.048185036
793,2025-01-27,300072,海新能科,0.04807003
794,2025-01-27,688327,云从科技-UW,0.04805787
795,2025-01-27,2596,海南瑞泽,0.04804392
796,2025-01-27,603859,能科科技,0.04801528
797,2025-01-27,300496,中科创达,0.048000857
798,2025-01-27,603969,银龙股份,0.047984257
799,2025-01-27,300620,光库科技,0.047973976
800,2025-01-27,688153,唯捷创芯,0.047915354
801,2025-01-27,300556,丝路视觉,0.04787095
802,2025-01-27,600117,西宁特钢,0.04784681
803,2025-01-27,66,中国长城,0.0478345
804,2025-01-27,688339,亿华通-U,0.047829702
805,2025-01-27,300629,新劲刚,0.047822222
806,2025-01-27,2261,拓维信息,0.047817424
807,2025-01-27,600732,爱旭股份,0.047784343
808,2025-01-27,757,浩物股份,0.04775761
809,2025-01-27,300795,米奥会展,0.04773642
810,2025-01-27,938,紫光股份,0.047703728
811,2025-01-27,301302,华如科技,0.04770337
812,2025-01-27,300522,世名科技,0.047692075
813,2025-01-27,300678,中科信息,0.04768665
814,2025-01-27,300393,中来股份,0.047677442
815,2025-01-27,300053,航宇微,0.047660545
816,2025-01-27,301040,中环海陆,0.04765965
817,2025-01-27,2747,埃斯顿,0.047640875
818,2025-01-27,688533,上声电子,0.04761599
819,2025-01-27,300876,蒙泰高新,0.047597423
820,2025-01-27,2729,好利科技,0.0475841
821,2025-01-27,300410,正业科技,0.047561184
822,2025-01-27,300081,恒信东方,0.047553882
823,2025-01-27,300042,朗科科技,0.047533587
824,2025-01-27,603109,神驰机电,0.04750447
825,2025-01-27,721,西安饮食,0.047497764
826,2025-01-27,300718,长盛轴承,0.04745461
827,2025-01-27,3040,楚天龙,0.04745187
828,2025-01-27,2682,龙洲股份,0.047422692
829,2025-01-27,688379,华光新材,0.047401562
830,2025-01-27,603089,正裕工业,0.047390148
831,2025-01-27,300113,顺网科技,0.04731308
832,2025-01-27,301068,大地海洋,0.047285184
833,2025-01-27,605303,园林股份,0.047279254
834,2025-01-27,300968,格林精密,0.047277465
835,2025-01-27,603336,宏辉果蔬,0.047275916
836,2025-01-27,2759,天际股份,0.04727386
837,2025-01-27,2806,华锋股份,0.047268406
838,2025-01-27,603985,恒润股份,0.047263667
839,2025-01-27,820,神雾节能,0.04723315
840,2025-01-27,300190,维尔利,0.04722525
841,2025-01-27,300967,晓鸣股份,0.04721485
842,2025-01-27,300458,全志科技,0.047206864
843,2025-01-27,300232,洲明科技,0.04720284
844,2025-01-27,688613,奥精医疗,0.04719828
845,2025-01-27,901,航天科技,0.04718466
846,2025-01-27,753,漳州发展,0.047174618
847,2025-01-27,603717,天域生物,0.04715486
848,2025-01-27,2041,登海种业,0.04715468
849,2025-01-27,688132,邦彦技术,0.04706435
850,2025-01-27,688077,大地熊,0.04705526
851,2025-01-27,603668,天马科技,0.04704027
852,2025-01-27,2628,成都路桥,0.047020063
853,2025-01-27,600129,太极集团,0.047011837
854,2025-01-27,300757,罗博特科,0.04700248
855,2025-01-27,301368,丰立智能,0.047000512
856,2025-01-27,600968,海油发展,0.046999708
857,2025-01-27,300674,宇信科技,0.046948805
858,2025-01-27,868,安凯客车,0.04692702
859,2025-01-27,300166,东方国信,0.046923622
860,2025-01-27,300260,新莱应材,0.04691963
861,2025-01-27,688525,佰维存储,0.046900943
862,2025-01-27,300293,蓝英装备,0.046900883
863,2025-01-27,603656,泰禾智能,0.046859786
864,2025-01-27,688300,联瑞新材,0.046823874
865,2025-01-27,600163,中闽能源,0.04674904
866,2025-01-27,603051,鹿山新材,0.046738043
867,2025-01-27,301306,西测测试,0.046718135
868,2025-01-27,712,锦龙股份,0.046710476
869,2025-01-27,688261,东微半导,0.046670005
870,2025-01-27,601011,宝泰隆,0.046664223
871,2025-01-27,603803,瑞斯康达,0.046642587
872,2025-01-27,688332,中科蓝讯,0.0466332
873,2025-01-27,300063,天龙集团,0.0466225
874,2025-01-27,813,德展健康,0.0465876
875,2025-01-27,301270,汉仪股份,0.04656507
876,2025-01-27,300118,东方日升,0.046560183
877,2025-01-27,300563,神宇股份,0.04655923
878,2025-01-27,61,农 产 品,0.04654561
879,2025-01-27,301266,宇邦新材,0.046510562
880,2025-01-27,600159,大龙地产,0.04644774
881,2025-01-27,799,酒鬼酒,0.046436206
882,2025-01-27,300134,大富科技,0.04642357
883,2025-01-27,2855,捷荣技术,0.046351478
884,2025-01-27,300436,广生堂,0.04632567
885,2025-01-27,300518,新迅达,0.04624869
886,2025-01-27,300751,迈为股份,0.046195224
887,2025-01-27,2285,世联行,0.046181098
888,2025-01-27,679,大连友谊,0.046162024
889,2025-01-27,2713,东易日盛,0.0461594
890,2025-01-27,688237,超卓航科,0.0461338
891,2025-01-27,553,安道麦A,0.04605888
892,2025-01-27,300735,光弘科技,0.046058312
893,2025-01-27,300571,平治信息,0.046053544
894,2025-01-27,2269,美邦服饰,0.04604645
895,2025-01-27,600480,凌云股份,0.045972124
896,2025-01-27,600658,电子城,0.045953497
897,2025-01-27,688108,赛诺医疗,0.045944944
898,2025-01-27,688231,隆达股份,0.04593204
899,2025-01-27,600107,美尔雅,0.04591219
900,2025-01-27,300615,欣天科技,0.045901373
901,2025-01-27,603813,原尚股份,0.045892015
902,2025-01-27,688183,生益电子,0.04586689
903,2025-01-27,603330,天洋新材,0.045854107
904,2025-01-27,603868,飞科电器,0.045846626
905,2025-01-27,688680,海优新材,0.045833692
906,2025-01-27,301226,祥明智能,0.045817956
907,2025-01-27,301419,阿莱德,0.045743033
908,2025-01-27,301180,万祥科技,0.0457374
909,2025-01-27,688297,中无人机,0.04570304
910,2025-01-27,2681,奋达科技,0.045702443
911,2025-01-27,603269,海鸥股份,0.045694545
912,2025-01-27,300619,金银河,0.04565157
913,2025-01-27,688676,金盘科技,0.045651242
914,2025-01-27,300025,华星创业,0.045576647
915,2025-01-27,301383,天键股份,0.04557
916,2025-01-27,2148,北纬科技,0.04554908
917,2025-01-27,300991,创益通,0.045540467
918,2025-01-27,600536,中国软件,0.045527443
919,2025-01-27,600696,岩石股份,0.045519218
920,2025-01-27,2178,延华智能,0.045477793
921,2025-01-27,2897,意华股份,0.045466945
922,2025-01-27,2663,普邦股份,0.045466408
923,2025-01-27,300130,新国都,0.045389816
924,2025-01-27,300671,富满微,0.04535915
925,2025-01-27,2719,麦趣尔,0.04534845
926,2025-01-27,688113,联测科技,0.045319095
927,2025-01-27,300252,金信诺,0.04529737
928,2025-01-27,300762,上海瀚讯,0.045293346
929,2025-01-27,300370,安控科技,0.04528977
930,2025-01-27,2620,瑞和股份,0.045276627
931,2025-01-27,300261,雅本化学,0.04527472
932,2025-01-27,300451,创业慧康,0.045247898
933,2025-01-27,2689,远大智能,0.04521109
934,2025-01-27,688193,仁度生物,0.045206025
935,2025-01-27,688,国城矿业,0.04518746
936,2025-01-27,301073,君亭酒店,0.045183644
937,2025-01-27,603711,香飘飘,0.045170948
938,2025-01-27,688360,德马科技,0.045146927
939,2025-01-27,600620,天宸股份,0.04513277
940,2025-01-27,600203,福日电子,0.04511951
941,2025-01-27,2965,祥鑫科技,0.045041576
942,2025-01-27,903,云内动力,0.045014247
943,2025-01-27,688603,天承科技,0.04498042
944,2025-01-27,688662,富信科技,0.04495488
945,2025-01-27,2374,中锐股份,0.044950947
946,2025-01-27,300662,科锐国际,0.044925377
947,2025-01-27,300591,万里马,0.04492353
948,2025-01-27,300927,江天化学,0.04491876
949,2025-01-27,301516,中远通,0.044914767
950,2025-01-27,603863,松炀资源,0.04485087
951,2025-01-27,300270,中威电子,0.044837877
952,2025-01-27,3011,海象新材,0.044834957
953,2025-01-27,300780,德恩精工,0.044792607
954,2025-01-27,605180,华生科技,0.044769272
955,2025-01-27,688173,希荻微,0.04473217
956,2025-01-27,600705,中航产融,0.04471712
957,2025-01-27,2536,飞龙股份,0.044702426
958,2025-01-27,300432,富临精工,0.044675633
959,2025-01-27,603138,海量数据,0.04463835
960,2025-01-27,600609,金杯汽车,0.04461865
961,2025-01-27,688090,瑞松科技,0.04461862
962,2025-01-27,603063,禾望电气,0.04461135
963,2025-01-27,932,华菱钢铁,0.04454066
964,2025-01-27,300180,华峰超纤,0.044494525
965,2025-01-27,600619,海立股份,0.04448472
966,2025-01-27,688032,禾迈股份,0.044475302
967,2025-01-27,300078,思创医惠,0.044473305
968,2025-01-27,59,华锦股份,0.04447238
969,2025-01-27,600691,阳煤化工,0.044469103
970,2025-01-27,2119,康强电子,0.044360116
971,2025-01-27,300606,金太阳,0.044351175
972,2025-01-27,605178,时空科技,0.04428725
973,2025-01-27,688661,和林微纳,0.04426603
974,2025-01-27,600199,金种子酒,0.044252828
975,2025-01-27,300818,耐普矿机,0.044249997
976,2025-01-27,688608,恒玄科技,0.04418741
977,2025-01-27,600318,新力金融,0.044177666
978,2025-01-27,2428,云南锗业,0.0441698
979,2025-01-27,600706,曲江文旅,0.044155136
980,2025-01-27,2521,齐峰新材,0.044154808
981,2025-01-27,2149,西部材料,0.04414995
982,2025-01-27,600727,鲁北化工,0.044144258
983,2025-01-27,601360,三六零,0.044130996
984,2025-01-27,300811,铂科新材,0.044113472
985,2025-01-27,688322,奥比中光-UW,0.044103548
986,2025-01-27,761,本钢板材,0.04408939
987,2025-01-27,2741,光华科技,0.044060305
988,2025-01-27,688348,昱能科技,0.044017777
989,2025-01-27,600463,空港股份,0.044000164
990,2025-01-27,603083,剑桥科技,0.043998316
991,2025-01-27,688208,道通科技,0.043974593
992,2025-01-27,510,新金路,0.043969437
993,2025-01-27,600215,派斯林,0.043962464
994,2025-01-27,603358,华达科技,0.043948516
995,2025-01-27,301029,怡合达,0.04394214
996,2025-01-27,2791,坚朗五金,0.04393585
997,2025-01-27,300486,东杰智能,0.043915376
998,2025-01-27,300900,广联航空,0.04391165
999,2025-01-27,600638,新黄浦,0.04390286
1000,2025-01-27,301049,超越科技,0.04388438
1001,2025-01-27,300707,威唐工业,0.043861583
1002,2025-01-27,603212,赛伍技术,0.04385583
1003,2025-01-27,681,视觉中国,0.043810144
1004,2025-01-27,300933,中辰股份,0.043806657
1005,2025-01-27,300938,信测标准,0.043790743
1006,2025-01-27,301153,中科江南,0.043776914
1007,2025-01-27,688114,华大智造,0.043749735
1008,2025-01-27,688148,芳源股份,0.04371114
1009,2025-01-27,797,中国武夷,0.04370822
1010,2025-01-27,301608,博实结,0.043704405
1011,2025-01-27,988,华工科技,0.04368244
1012,2025-01-27,301005,超捷股份,0.04368104
1013,2025-01-27,301085,亚康股份,0.043605044
1014,2025-01-27,2072,凯瑞德,0.043590322
1015,2025-01-27,571,新大洲A,0.043582067
1016,2025-01-27,2670,国盛金控,0.043568894
1017,2025-01-27,301120,新特电气,0.043549284
1018,2025-01-27,2491,通鼎互联,0.04353465
1019,2025-01-27,3029,吉大正元,0.04352419
1020,2025-01-27,300835,龙磁科技,0.04347907
1021,2025-01-27,300879,大叶股份,0.043423668
1022,2025-01-27,300719,安达维尔,0.04342182
1023,2025-01-27,99,中信海直,0.04330857
1024,2025-01-27,688670,金迪克,0.043292806
1025,2025-01-27,802,北京文化,0.04327415
1026,2025-01-27,300112,万讯自控,0.043271467
1027,2025-01-27,300353,东土科技,0.04326518
1028,2025-01-27,600503,华丽家族,0.04325296
1029,2025-01-27,300769,德方纳米,0.043250427
1030,2025-01-27,631,顺发恒业,0.043223187
1031,2025-01-27,300489,光智科技,0.043221697
1032,2025-01-27,300977,深圳瑞捷,0.043205395
1033,2025-01-27,688410,山外山,0.043202743
1034,2025-01-27,600678,四川金顶,0.043188438
1035,2025-01-27,301312,智立方,0.043124214
1036,2025-01-27,688175,高凌信息,0.043122903
1037,2025-01-27,2991,甘源食品,0.04310806
1038,2025-01-27,300189,神农种业,0.04310696
1039,2025-01-27,300881,盛德鑫泰,0.043058082
1040,2025-01-27,300101,振芯科技,0.043043807
1041,2025-01-27,301596,瑞迪智驱,0.043009713
1042,2025-01-27,536,华映科技,0.04299976
1043,2025-01-27,688392,骄成超声,0.042988256
1044,2025-01-27,688584,上海合晶,0.042983517
1045,2025-01-27,603085,天成自控,0.042858526
1046,2025-01-27,603270,金帝股份,0.04285787
1047,2025-01-27,301091,深城交,0.042857036
1048,2025-01-27,688778,厦钨新能,0.042848483
1049,2025-01-27,3037,三和管桩,0.04280831
1050,2025-01-27,688599,天合光能,0.042796597
1051,2025-01-27,2235,安妮股份,0.042766795
1052,2025-01-27,2842,翔鹭钨业,0.042746887
1053,2025-01-27,300305,裕兴股份,0.042734876
1054,2025-01-27,603116,红蜻蜓,0.0427296
1055,2025-01-27,2631,德尔未来,0.042722747
1056,2025-01-27,2571,德力股份,0.042717442
1057,2025-01-27,300779,惠城环保,0.042698845
1058,2025-01-27,688147,微导纳米,0.042652115
1059,2025-01-27,300350,华鹏飞,0.04263951
1060,2025-01-27,300738,奥飞数据,0.042619213
1061,2025-01-27,300337,银邦股份,0.042619184
1062,2025-01-27,301095,广立微,0.04260172
1063,2025-01-27,603016,新宏泰,0.042592987
1064,2025-01-27,2366,融发核电,0.042557105
1065,2025-01-27,600882,妙可蓝多,0.04250844
1066,2025-01-27,688686,奥普特,0.04247679
1067,2025-01-27,2439,启明星辰,0.04246904
1068,2025-01-27,600838,上海九百,0.04246147
1069,2025-01-27,300849,锦盛新材,0.04245533
1070,2025-01-27,301236,软通动力,0.042442784
1071,2025-01-27,300229,拓尔思,0.04242854
1072,2025-01-27,2321,华英农业,0.042403862
1073,2025-01-27,2702,海欣食品,0.042394772
1074,2025-01-27,600506,统一股份,0.04239185
1075,2025-01-27,300091,金通灵,0.04239185
1076,2025-01-27,603117,万林物流,0.042390153
1077,2025-01-27,600869,远东股份,0.042382702
1078,2025-01-27,300590,移为通信,0.042380884
1079,2025-01-27,605218,伟时电子,0.042375967
1080,2025-01-27,600712,南宁百货,0.042374715
1081,2025-01-27,2513,蓝丰生化,0.042371765
1082,2025-01-27,2394,联发股份,0.042300865
1083,2025-01-27,300128,锦富技术,0.04227875
1084,2025-01-27,300264,佳创视讯,0.042264536
1085,2025-01-27,935,四川双马,0.04224877
1086,2025-01-27,600156,华升股份,0.042245105
1087,2025-01-27,1313,粤海饲料,0.042238995
1088,2025-01-27,300145,中金环境,0.04218693
1089,2025-01-27,300030,阳普医疗,0.042164728
1090,2025-01-27,603197,保隆科技,0.042158082
1091,2025-01-27,2377,国创高新,0.042145178
1092,2025-01-27,600119,长江投资,0.042144552
1093,2025-01-27,688337,普源精电,0.042124316
1094,2025-01-27,301102,兆讯传媒,0.0421028
1095,2025-01-27,600302,标准股份,0.042094722
1096,2025-01-27,688381,帝奥微,0.042092517
1097,2025-01-27,2222,福晶科技,0.04206057
1098,2025-01-27,688260,昀冢科技,0.042015776
1099,2025-01-27,300411,金盾股份,0.04201375
1100,2025-01-27,1208,华菱线缆,0.041988358
1101,2025-01-27,301239,普瑞眼科,0.04196824
1102,2025-01-27,2825,纳尔股份,0.041957244
1103,2025-01-27,688458,美芯晟,0.041948453
1104,2025-01-27,600184,光电股份,0.04190366
1105,2025-01-27,2362,汉王科技,0.04190047
1106,2025-01-27,2471,中超控股,0.041887626
1107,2025-01-27,601519,大智慧,0.04188709
1108,2025-01-27,301213,观想科技,0.041867778
1109,2025-01-27,603778,国晟科技,0.041856512
1110,2025-01-27,603920,世运电路,0.04174383
1111,2025-01-27,601010,文峰股份,0.041733667
1112,2025-01-27,2843,泰嘉股份,0.04172735
1113,2025-01-27,600239,云南城投,0.041715875
1114,2025-01-27,603616,韩建河山,0.041710213
1115,2025-01-27,300504,天邑股份,0.041669205
1116,2025-01-27,300552,万集科技,0.04164143
1117,2025-01-27,1373,翔腾新材,0.04163097
1118,2025-01-27,600895,张江高科,0.04162635
1119,2025-01-27,2396,星网锐捷,0.0416158
1120,2025-01-27,688515,裕太微-U,0.04160784
1121,2025-01-27,300682,朗新集团,0.041569278
1122,2025-01-27,300557,理工光科,0.041558728
1123,2025-01-27,688206,概伦电子,0.041522995
1124,2025-01-27,600759,洲际油气,0.041503474
1125,2025-01-27,605305,中际联合,0.041463867
1126,2025-01-27,301159,三维天地,0.041462198
1127,2025-01-27,2992,宝明科技,0.041447356
1128,2025-01-27,300807,天迈科技,0.04144533
1129,2025-01-27,601099,太平洋,0.04144387
1130,2025-01-27,300539,横河精密,0.04141833
1131,2025-01-27,2414,高德红外,0.041394636
1132,2025-01-27,688609,九联科技,0.041387096
1133,2025-01-27,300693,盛弘股份,0.041385546
1134,2025-01-27,300426,唐德影视,0.04138221
1135,2025-01-27,2334,英威腾,0.041381285
1136,2025-01-27,300599,雄塑科技,0.041364774
1137,2025-01-27,603170,宝立食品,0.04136075
1138,2025-01-27,2213,大为股份,0.041337773
1139,2025-01-27,300057,万顺新材,0.041331157
1140,2025-01-27,301019,宁波色母,0.041292563
1141,2025-01-27,605555,德昌股份,0.0412869
1142,2025-01-27,300657,弘信电子,0.041271612
1143,2025-01-27,2943,宇晶股份,0.04127066
1144,2025-01-27,300790,宇瞳光学,0.041252926
1145,2025-01-27,2456,欧菲光,0.041243747
1146,2025-01-27,600577,精达股份,0.041163817
1147,2025-01-27,688518,联赢激光,0.04115437
1148,2025-01-27,300878,维康药业,0.04115115
1149,2025-01-27,300711,广哈通信,0.041146293
1150,2025-01-27,1207,联科科技,0.041138753
1151,2025-01-27,2330,得利斯,0.04113011
1152,2025-01-27,301177,迪阿股份,0.04110293
1153,2025-01-27,2694,顾地科技,0.041075066
1154,2025-01-27,567,海德股份,0.041055545
1155,2025-01-27,63,中兴通讯,0.041043982
1156,2025-01-27,300341,麦克奥迪,0.041021124
1157,2025-01-27,688595,芯海科技,0.041020676
1158,2025-01-27,600731,湖南海利,0.041019604
1159,2025-01-27,893,亚钾国际,0.041016504
1160,2025-01-27,688621,阳光诺和,0.04101424
1161,2025-01-27,688798,艾为电子,0.041012928
1162,2025-01-27,503,国新健康,0.041011974
1163,2025-01-27,600533,栖霞建设,0.04100643
1164,2025-01-27,300706,阿石创,0.040984973
1165,2025-01-27,688234,天岳先进,0.04098086
1166,2025-01-27,300026,红日药业,0.040974423
1167,2025-01-27,600178,东安动力,0.04094459
1168,2025-01-27,603031,安孚科技,0.040916607
1169,2025-01-27,688028,沃尔德,0.04090245
1170,2025-01-27,688719,爱科赛博,0.040884808
1171,2025-01-27,600989,宝丰能源,0.040879264
1172,2025-01-27,300739,明阳电路,0.040867582
1173,2025-01-27,688489,三未信安,0.040862605
1174,2025-01-27,600530,交大昂立,0.040860727
1175,2025-01-27,790,华神科技,0.040849075
1176,2025-01-27,301217,铜冠铜箔,0.040803477
1177,2025-01-27,810,创维数字,0.040686384
1178,2025-01-27,688308,欧科亿,0.04068558
1179,2025-01-27,2660,茂硕电源,0.040671602
1180,2025-01-27,300635,中达安,0.04066871
1181,2025-01-27,300424,航新科技,0.04066156
1182,2025-01-27,2361,神剑股份,0.04065682
1183,2025-01-27,300235,方直科技,0.04065396
1184,2025-01-27,300621,维业股份,0.040624544
1185,2025-01-27,2708,光洋股份,0.0406058
1186,2025-01-27,2246,北化股份,0.04060574
1187,2025-01-27,301568,思泰克,0.040597275
1188,2025-01-27,600590,泰豪科技,0.04058741
1189,2025-01-27,2025,航天电器,0.04055144
1190,2025-01-27,688559,海目星,0.04055108
1191,2025-01-27,600810,神马股份,0.04054366
1192,2025-01-27,600538,国发股份,0.040531114
1193,2025-01-27,688500,慧辰股份,0.040521964
1194,2025-01-27,2196,方正电机,0.04052122
1195,2025-01-27,300308,中际旭创,0.04048617
1196,2025-01-27,300324,旋极信息,0.04048215
1197,2025-01-27,603728,鸣志电器,0.040481225
1198,2025-01-27,603090,宏盛股份,0.04047762
1199,2025-01-27,605289,罗曼股份,0.040456846
1200,2025-01-27,300124,汇川技术,0.040434286
1201,2025-01-27,603273,天元智能,0.04043375
1202,2025-01-27,301128,强瑞技术,0.040419146
1203,2025-01-27,1212,中旗新材,0.040390924
1204,2025-01-27,301198,喜悦智行,0.040371194
1205,2025-01-27,300271,华宇软件,0.040369436
1206,2025-01-27,688652,京仪装备,0.04036577
1207,2025-01-27,300998,宁波方正,0.0403492
1208,2025-01-27,2812,恩捷股份,0.04031743
1209,2025-01-27,600689,上海三毛,0.040312335
1210,2025-01-27,2182,宝武镁业,0.040288284
1211,2025-01-27,838,财信发展,0.040276453
1212,2025-01-27,300210,森远股份,0.040268734
1213,2025-01-27,603825,华扬联众,0.040266976
1214,2025-01-27,300107,建新股份,0.040256247
1215,2025-01-27,301526,国际复材,0.04025142
1216,2025-01-27,2231,奥维通信,0.040239856
1217,2025-01-27,688195,腾景科技,0.040211663
1218,2025-01-27,603776,永安行,0.040209785
1219,2025-01-27,300895,铜牛信息,0.04020606
1220,2025-01-27,300247,融捷健康,0.040183946
1221,2025-01-27,300670,大烨智能,0.040171638
1222,2025-01-27,2523,天桥起重,0.040162936
1223,2025-01-27,1223,欧克科技,0.040158108
1224,2025-01-27,2353,杰瑞股份,0.040141746
1225,2025-01-27,301489,思泉新材,0.040141597
1226,2025-01-27,301517,陕西华达,0.040089503
1227,2025-01-27,603773,沃格光电,0.040080413
1228,2025-01-27,301121,紫建电子,0.040057614
1229,2025-01-27,688651,盛邦安全,0.040033415
1230,2025-01-27,300594,朗进科技,0.040027097
1231,2025-01-27,300288,朗玛信息,0.040021166
1232,2025-01-27,300613,富瀚微,0.039997503
1233,2025-01-27,688659,元琛科技,0.039994076
1234,2025-01-27,300637,扬帆新材,0.03999181
1235,2025-01-27,688162,巨一科技,0.03998415
1236,2025-01-27,2979,雷赛智能,0.03997226
1237,2025-01-27,300803,指南针,0.03996496
1238,2025-01-27,2576,通达动力,0.039947763
1239,2025-01-27,300355,蒙草生态,0.03994231
1240,2025-01-27,600330,天通股份,0.03990473
1241,2025-01-27,2945,华林证券,0.03989528
1242,2025-01-27,600288,大恒科技,0.03988625
1243,2025-01-27,600292,远达环保,0.03987713
1244,2025-01-27,2666,德联集团,0.03986104
1245,2025-01-27,301329,信音电子,0.039819017
1246,2025-01-27,603135,中重科技,0.039811924
1247,2025-01-27,688345,博力威,0.03977211
1248,2025-01-27,688167,炬光科技,0.03976251
1249,2025-01-27,2221,东华能源,0.03975381
1250,2025-01-27,566,海南海药,0.0397491
1251,2025-01-27,300366,创意信息,0.03974618
1252,2025-01-27,603099,长白山,0.03973414
1253,2025-01-27,600818,中路股份,0.039719716
1254,2025-01-27,600218,全柴动力,0.039711133
1255,2025-01-27,301117,佳缘科技,0.039704308
1256,2025-01-27,688156,路德环境,0.039688334
1257,2025-01-27,688660,电气风电,0.039683715
1258,2025-01-27,300062,中能电气,0.03966351
1259,2025-01-27,2207,准油股份,0.039637312
1260,2025-01-27,688050,爱博医疗,0.039621547
1261,2025-01-27,688409,富创精密,0.039612427
1262,2025-01-27,688549,中巨芯-U,0.03961076
1263,2025-01-27,600171,上海贝岭,0.039608344
1264,2025-01-27,300457,赢合科技,0.039585307
1265,2025-01-27,603518,锦泓集团,0.039579645
1266,2025-01-27,600753,庚星股份,0.039576724
1267,2025-01-27,300265,通光线缆,0.03954734
1268,2025-01-27,300219,鸿利智汇,0.03949459
1269,2025-01-27,603111,康尼机电,0.03948216
1270,2025-01-27,603662,柯力传感,0.03945695
1271,2025-01-27,2797,第一创业,0.03945212
1272,2025-01-27,301022,海泰科,0.039451197
1273,2025-01-27,600419,天润乳业,0.0394506
1274,2025-01-27,300936,中英科技,0.039430156
1275,2025-01-27,300731,科创新源,0.03942792
1276,2025-01-27,600280,中央商场,0.0394053
1277,2025-01-27,600202,哈空调,0.039400473
1278,2025-01-27,300698,万马科技,0.039381757
1279,2025-01-27,801,四川九洲,0.03935246
1280,2025-01-27,688063,派能科技,0.03934388
1281,2025-01-27,688435,英方软件,0.039323464
1282,2025-01-27,600084,中信尼雅,0.039305106
1283,2025-01-27,300883,龙利得,0.03927274
1284,2025-01-27,880,潍柴重机,0.03927116
1285,2025-01-27,603600,永艺股份,0.03922467
1286,2025-01-27,300622,博士眼镜,0.03921871
1287,2025-01-27,300162,雷曼光电,0.039218232
1288,2025-01-27,300095,华伍股份,0.039196506
1289,2025-01-27,301202,朗威股份,0.039188042
1290,2025-01-27,592,平潭发展,0.039169863
1291,2025-01-27,603185,弘元绿能,0.03916861
1292,2025-01-27,300947,德必集团,0.03916435
1293,2025-01-27,301078,孩子王,0.03915526
1294,2025-01-27,688981,中芯国际,0.03915377
1295,2025-01-27,301261,恒工精密,0.039135292
1296,2025-01-27,300267,尔康制药,0.03912221
1297,2025-01-27,58,深 赛 格,0.039121047
1298,2025-01-27,301578,辰奕智能,0.0390801
1299,2025-01-27,723,美锦能源,0.039065465
1300,2025-01-27,2493,荣盛石化,0.039053842
1301,2025-01-27,601828,美凯龙,0.039030716
1302,2025-01-27,603086,先达股份,0.039003953
1303,2025-01-27,2466,天齐锂业,0.03899826
1304,2025-01-27,603082,北自科技,0.038993612
1305,2025-01-27,688692,达梦数据,0.038981274
1306,2025-01-27,301365,矩阵股份,0.03895308
1307,2025-01-27,301252,同星科技,0.03895302
1308,2025-01-27,300471,厚普股份,0.038945988
1309,2025-01-27,514,渝 开 发,0.038899258
1310,2025-01-27,300732,设研院,0.038881227
1311,2025-01-27,2805,丰元股份,0.03885214
1312,2025-01-27,8,神州高铁,0.038832888
1313,2025-01-27,301017,漱玉平民,0.038827434
1314,2025-01-27,603307,扬州金泉,0.03878908
1315,2025-01-27,600439,瑞贝卡,0.038786575
1316,2025-01-27,301013,利和兴,0.038720176
1317,2025-01-27,300825,阿尔特,0.038719878
1318,2025-01-27,603039,泛微网络,0.038709894
1319,2025-01-27,300784,利安科技,0.03870167
1320,2025-01-27,603533,掌阅科技,0.03867577
1321,2025-01-27,415,渤海租赁,0.03866975
1322,2025-01-27,958,电投产融,0.038660184
1323,2025-01-27,300564,筑博设计,0.03864433
1324,2025-01-27,2715,登云股份,0.03864126
1325,2025-01-27,300212,易华录,0.038601235
1326,2025-01-27,688668,鼎通科技,0.038592145
1327,2025-01-27,697,炼石航空,0.038583145
1328,2025-01-27,300975,商络电子,0.03853275
1329,2025-01-27,603703,盛洋科技,0.038498536
1330,2025-01-27,301571,国科天成,0.03849767
1331,2025-01-27,603332,苏州龙杰,0.038496807
1332,2025-01-27,688249,晶合集成,0.038492754
1333,2025-01-27,301566,达利凯普,0.038468286
1334,2025-01-27,2835,同为股份,0.038430884
1335,2025-01-27,1201,东瑞股份,0.03841965
1336,2025-01-27,2225,濮耐股份,0.038394198
1337,2025-01-27,688711,宏微科技,0.038324967
1338,2025-01-27,301439,泓淋电力,0.03831531
1339,2025-01-27,300032,金龙机电,0.038308606
1340,2025-01-27,688027,国盾量子,0.038305715
1341,2025-01-27,530,冰山冷热,0.03830509
1342,2025-01-27,688351,微电生理-U,0.038270757
1343,2025-01-27,300866,安克创新,0.03825347
1344,2025-01-27,688536,思瑞浦,0.038234696
1345,2025-01-27,688509,正元地信,0.038204
1346,2025-01-27,887,中鼎股份,0.03820117
1347,2025-01-27,688138,清溢光电,0.03820063
1348,2025-01-27,301171,易点天下,0.038193747
1349,2025-01-27,300059,东方财富,0.03818856
1350,2025-01-27,300354,东华测试,0.038174257
1351,2025-01-27,600345,长江通信,0.038162664
1352,2025-01-27,301348,蓝箭电子,0.038161173
1353,2025-01-27,688498,源杰科技,0.03815709
1354,2025-01-27,2232,启明信息,0.03813447
1355,2025-01-27,301112,信邦智能,0.03808911
1356,2025-01-27,300609,汇纳科技,0.038085118
1357,2025-01-27,2642,荣联科技,0.03808181
1358,2025-01-27,300972,万辰集团,0.038067773
1359,2025-01-27,2082,万邦德,0.038063273
1360,2025-01-27,600880,博瑞传播,0.03802444
1361,2025-01-27,2150,通润装备,0.03801699
1362,2025-01-27,2506,协鑫集成,0.038009122
1363,2025-01-27,677,恒天海龙,0.03799151
1364,2025-01-27,600468,百利电气,0.037973568
1365,2025-01-27,603312,西典新能,0.037947223
1366,2025-01-27,300672,国科微,0.03794034
1367,2025-01-27,558,莱茵体育,0.03792976
1368,2025-01-27,605058,澳弘电子,0.037909314
1369,2025-01-27,2929,润建股份,0.037898824
1370,2025-01-27,300430,诚益通,0.037893757
1371,2025-01-27,603320,迪贝电气,0.037880525
1372,2025-01-27,300114,中航电测,0.03787382
1373,2025-01-27,301297,富乐德,0.037868306
1374,2025-01-27,2384,东山精密,0.037866965
1375,2025-01-27,2084,海鸥住工,0.037857488
1376,2025-01-27,680,山推股份,0.037855282
1377,2025-01-27,897,津滨发展,0.037849262
1378,2025-01-27,14,沙河股份,0.03783609
1379,2025-01-27,2853,皮阿诺,0.037823066
1380,2025-01-27,2633,申科股份,0.03781332
1381,2025-01-27,301591,肯特股份,0.03779976
1382,2025-01-27,504,南华生物,0.03778507
1383,2025-01-27,2373,千方科技,0.03778346
1384,2025-01-27,300434,金石亚药,0.037772402
1385,2025-01-27,737,北方铜业,0.037754193
1386,2025-01-27,301038,深水规院,0.037751988
1387,2025-01-27,300168,万达信息,0.03775184
1388,2025-01-27,688166,博瑞医药,0.037746325
1389,2025-01-27,2421,达实智能,0.037719533
1390,2025-01-27,300478,杭州高新,0.0377184
1391,2025-01-27,1298,好上好,0.037684247
1392,2025-01-27,688091,上海谊众,0.03765683
1393,2025-01-27,603906,龙蟠科技,0.037650898
1394,2025-01-27,688246,嘉和美康,0.03763716
1395,2025-01-27,688685,迈信林,0.037627473
1396,2025-01-27,601908,京运通,0.037619337
1397,2025-01-27,688556,高测股份,0.03760107
1398,2025-01-27,603877,太平鸟,0.037580743
1399,2025-01-27,300115,长盈精密,0.037578598
1400,2025-01-27,2162,悦心健康,0.037529007
1401,2025-01-27,688416,恒烁股份,0.037502304
1402,2025-01-27,2847,盐津铺子,0.037491307
1403,2025-01-27,688698,伟创电气,0.037464187
1404,2025-01-27,2856,美芝股份,0.03744133
1405,2025-01-27,688041,海光信息,0.03742768
1406,2025-01-27,300617,安靠智电,0.03741692
1407,2025-01-27,603232,格尔软件,0.03740762
1408,2025-01-27,2793,罗欣药业,0.037405834
1409,2025-01-27,300758,七彩化学,0.03739594
1410,2025-01-27,600110,诺德股份,0.037382558
1411,2025-01-27,301381,赛维时代,0.03737162
1412,2025-01-27,300612,宣亚国际,0.03735189
1413,2025-01-27,688281,华秦科技,0.03733559
1414,2025-01-27,300852,四会富仕,0.037326887
1415,2025-01-27,2208,合肥城建,0.037319556
1416,2025-01-27,300263,隆华科技,0.03729607
1417,2025-01-27,300727,润禾材料,0.03726913
1418,2025-01-27,688383,新益昌,0.03726192
1419,2025-01-27,2171,楚江新材,0.037221268
1420,2025-01-27,300661,圣邦股份,0.03721769
1421,2025-01-27,301618,长联科技,0.03719552
1422,2025-01-27,2905,金逸影视,0.037191764
1423,2025-01-27,862,银星能源,0.037185773
1424,2025-01-27,2531,天顺风能,0.037182763
1425,2025-01-27,2672,东江环保,0.037163213
1426,2025-01-27,300639,凯普生物,0.037144497
1427,2025-01-27,600149,廊坊发展,0.03713481
1428,2025-01-27,688001,华兴源创,0.037129447
1429,2025-01-27,300830,金现代,0.037114725
1430,2025-01-27,600770,综艺股份,0.0370685
1431,2025-01-27,300153,科泰电源,0.03706707
1432,2025-01-27,688016,心脉医疗,0.037060425
1433,2025-01-27,603344,星德胜,0.03705071
1434,2025-01-27,300862,蓝盾光电,0.03702949
1435,2025-01-27,601718,际华集团,0.037021175
1436,2025-01-27,301586,佳力奇,0.037019864
1437,2025-01-27,300075,数字政通,0.03700666
1438,2025-01-27,533,顺钠股份,0.036967084
1439,2025-01-27,300889,爱克股份,0.036948726
1440,2025-01-27,688202,美迪西,0.03694527
1441,2025-01-27,2075,沙钢股份,0.036945
1442,2025-01-27,300887,谱尼测试,0.03694351
1443,2025-01-27,603004,鼎龙科技,0.036940947
1444,2025-01-27,837,秦川机床,0.036918983
1445,2025-01-27,2431,棕榈股份,0.0369163
1446,2025-01-27,300511,雪榕生物,0.036907032
1447,2025-01-27,62,深圳华强,0.036870196
1448,2025-01-27,688682,霍莱沃,0.036847964
1449,2025-01-27,2486,嘉麟杰,0.036798403
1450,2025-01-27,300932,三友联众,0.036786243
1451,2025-01-27,600611,大众交通,0.036778733
1452,2025-01-27,688560,明冠新材,0.03677009
1453,2025-01-27,688375,国博电子,0.036759064
1454,2025-01-27,301041,金百泽,0.03672768
1455,2025-01-27,2189,中光学,0.036710456
1456,2025-01-27,603918,金桥信息,0.036672786
1457,2025-01-27,688656,浩欧博,0.03664981
1458,2025-01-27,688539,高华科技,0.036637858
1459,2025-01-27,2389,航天彩虹,0.036635593
1460,2025-01-27,2875,安奈儿,0.036635414
1461,2025-01-27,301111,粤万年青,0.036635175
1462,2025-01-27,603810,丰山集团,0.036632076
1463,2025-01-27,2501,利源股份,0.036592618
1464,2025-01-27,301116,益客食品,0.036556527
1465,2025-01-27,300395,菲利华,0.036550418
1466,2025-01-27,300456,赛微电子,0.036546662
1467,2025-01-27,301328,维峰电子,0.036543384
1468,2025-01-27,300529,健帆生物,0.036523417
1469,2025-01-27,688084,晶品特装,0.036516026
1470,2025-01-27,300775,三角防务,0.036504373
1471,2025-01-27,301150,中一科技,0.036499366
1472,2025-01-27,300582,英飞特,0.036495462
1473,2025-01-27,600367,红星发展,0.03647305
1474,2025-01-27,917,电广传媒,0.036469474
1475,2025-01-27,2685,华东重机,0.03645359
1476,2025-01-27,688519,南亚新材,0.03644274
1477,2025-01-27,605287,德才股份,0.036439136
1478,2025-01-27,300311,任子行,0.03643067
1479,2025-01-27,601798,蓝科高新,0.03637691
1480,2025-01-27,300150,世纪瑞尔,0.036354408
1481,2025-01-27,300576,容大感光,0.03635411
1482,2025-01-27,2436,兴森科技,0.03634335
1483,2025-01-27,300690,双一科技,0.036341146
1484,2025-01-27,300820,英杰电气,0.03634034
1485,2025-01-27,2989,中天精装,0.036290452
1486,2025-01-27,300648,星云股份,0.036289617
1487,2025-01-27,600400,红豆股份,0.03626536
1488,2025-01-27,301307,美利信,0.036260948
1489,2025-01-27,688448,磁谷科技,0.036237136
1490,2025-01-27,600487,亨通光电,0.03623481
1491,2025-01-27,688316,青云科技-U,0.036187336
1492,2025-01-27,300579,数字认证,0.036182866
1493,2025-01-27,300291,百纳千成,0.036167458
1494,2025-01-27,300668,杰恩设计,0.036156073
1495,2025-01-27,2982,湘佳股份,0.036134437
1496,2025-01-27,600067,冠城新材,0.03613411
1497,2025-01-27,600791,京能置业,0.03612186
1498,2025-01-27,2524,光正眼科,0.03606786
1499,2025-01-27,688081,兴图新科,0.03597711
1500,2025-01-27,301269,华大九天,0.035973445
1501,2025-01-27,600735,新华锦,0.03596346
1502,2025-01-27,688530,欧莱新材,0.035931483
1503,2025-01-27,2970,锐明技术,0.035929903
1504,2025-01-27,688181,八亿时空,0.035927907
1505,2025-01-27,601615,明阳智能,0.03591104
1506,2025-01-27,300491,通合科技,0.035899088
1507,2025-01-27,600630,龙头股份,0.03587033
1508,2025-01-27,688385,复旦微电,0.035862282
1509,2025-01-27,605133,嵘泰股份,0.03580703
1510,2025-01-27,301603,乔锋智能,0.035798535
1511,2025-01-27,2145,中核钛白,0.035784468
1512,2025-01-27,605336,帅丰电器,0.035782292
1513,2025-01-27,600743,华远地产,0.0357735
1514,2025-01-27,688126,沪硅产业,0.035767242
1515,2025-01-27,560,我爱我家,0.035754874
1516,2025-01-27,2570,贝因美,0.035744354
1517,2025-01-27,600584,长电科技,0.035739347
1518,2025-01-27,603666,亿嘉和,0.035730824
1519,2025-01-27,688633,星球石墨,0.035724983
1520,2025-01-27,2055,得润电子,0.035715982
1521,2025-01-27,688503,聚和材料,0.03570439
1522,2025-01-27,603843,正平股份,0.03570132
1523,2025-01-27,688378,奥来德,0.035666123
1524,2025-01-27,688223,晶科能源,0.03565915
1525,2025-01-27,301162,国能日新,0.035643175
1526,2025-01-27,600363,联创光电,0.035635903
1527,2025-01-27,600259,广晟有色,0.035634145
1528,2025-01-27,300730,科创信息,0.035608128
1529,2025-01-27,600337,美克家居,0.035589322
1530,2025-01-27,688012,中微公司,0.035588667
1531,2025-01-27,600537,亿晶光电,0.03558506
1532,2025-01-27,301533,威马农机,0.035570905
1533,2025-01-27,600543,莫高股份,0.035559997
1534,2025-01-27,2731,萃华珠宝,0.035543725
1535,2025-01-27,534,万泽股份,0.0355355
1536,2025-01-27,600370,三房巷,0.035533085
1537,2025-01-27,300538,同益股份,0.035532042
1538,2025-01-27,936,华西股份,0.035499796
1539,2025-01-27,3031,中瓷电子,0.035486862
1540,2025-01-27,688788,科思科技,0.035473064
1541,2025-01-27,688283,坤恒顺维,0.035462752
1542,2025-01-27,300737,科顺股份,0.035459056
1543,2025-01-27,300240,飞力达,0.03543459
1544,2025-01-27,981,山子高科,0.03540893
1545,2025-01-27,301522,上大股份,0.035408095
1546,2025-01-27,688010,福光股份,0.035402283
1547,2025-01-27,2554,惠博普,0.03540136
1548,2025-01-27,688252,天德钰,0.03538327
1549,2025-01-27,300691,联合光电,0.035382077
1550,2025-01-27,2201,正威新材,0.0353408
1551,2025-01-27,973,佛塑科技,0.03531708
1552,2025-01-27,688158,优刻得-W,0.03531058
1553,2025-01-27,727,冠捷科技,0.0352955
1554,2025-01-27,2077,大港股份,0.035281762
1555,2025-01-27,601136,首创证券,0.03526424
1556,2025-01-27,300447,全信股份,0.035245344
1557,2025-01-27,688004,博汇科技,0.03522788
1558,2025-01-27,2342,巨力索具,0.03522323
1559,2025-01-27,300699,光威复材,0.035212204
1560,2025-01-16,688293,奥浦迈,0.03520982
1561,2025-01-27,300953,震裕科技,0.035201266
1562,2025-01-27,600316,洪都航空,0.035191312
1563,2025-01-27,601127,赛力斯,0.03518279
1564,2025-01-27,600617,国新能源,0.03517799
1565,2025-01-27,565,渝三峡Ａ,0.035174206
1566,2025-01-27,300689,澄天伟业,0.0351256
1567,2025-01-27,600643,爱建集团,0.035120472
1568,2025-01-27,300394,天孚通信,0.035109386
1569,2025-01-27,688593,新相微,0.03510554
1570,2025-01-27,600979,广安爱众,0.03508593
1571,2025-01-27,2195,岩山科技,0.035085335
1572,2025-01-27,601882,海天精工,0.03508438
1573,2025-01-27,688306,均普智能,0.03506635
1574,2025-01-27,601236,红塔证券,0.035059735
1575,2025-01-27,688368,晶丰明源,0.035036877
1576,2025-01-27,1283,豪鹏科技,0.03500797
1577,2025-01-27,300503,昊志机电,0.035006538
1578,2025-01-27,600550,保变电气,0.034999207
1579,2025-01-27,688021,奥福环保,0.03499852
1580,2025-01-27,2921,联诚精密,0.034988865
1581,2025-01-27,300066,三川智慧,0.034979656
1582,2025-01-27,605006,山东玻纤,0.034934446
1583,2025-01-27,603626,科森科技,0.03491594
1584,2025-01-27,301499,维科精密,0.034913227
1585,2025-01-27,2130,沃尔核材,0.034912363
1586,2025-01-27,300340,科恒股份,0.034904048
1587,2025-01-27,688567,孚能科技,0.03489898
1588,2025-01-27,420,吉林化纤,0.03489186
1589,2025-01-27,1287,中电港,0.034885153
1590,2025-01-27,603583,捷昌驱动,0.034864023
1591,2025-01-27,777,中核科技,0.034857675
1592,2025-01-27,301592,六九一二,0.034835055
1593,2025-01-27,300842,帝科股份,0.034823462
1594,2025-01-27,603121,华培动力,0.03481157
1595,2025-01-27,688590,新致软件,0.034794107
1596,2025-01-27,2659,凯文教育,0.034765467
1597,2025-01-27,688312,燕麦科技,0.034725204
1598,2025-01-27,600841,动力新科,0.03472005
1599,2025-01-27,600490,鹏欣资源,0.034694776
1600,2025-01-27,750,国海证券,0.03468503
1601,2025-01-27,576,甘化科工,0.034684256
1602,2025-01-27,603151,邦基科技,0.03467734
1603,2025-01-27,300477,合纵科技,0.03466384
1604,2025-01-27,300185,通裕重工,0.034636542
1605,2025-01-27,2780,三夫户外,0.03461866
1606,2025-01-27,600006,东风股份,0.034601077
1607,2025-01-27,300964,本川智能,0.034589633
1608,2025-01-27,301510,固高科技,0.034571663
1609,2025-01-27,2933,新兴装备,0.034568295
1610,2025-01-27,2129,TCL中环,0.03456582
1611,2025-01-27,603818,曲美家居,0.034556583
1612,2025-01-27,2879,长缆科技,0.034554437
1613,2025-01-27,2210,飞马国际,0.03455083
1614,2025-01-27,600580,卧龙电驱,0.03452082
1615,2025-01-27,600661,昂立教育,0.034510896
1616,2025-01-27,600246,万通发展,0.034488723
1617,2025-01-27,688386,泛亚微透,0.034464166
1618,2025-01-27,300659,中孚信息,0.03445773
1619,2025-01-27,572,海马汽车,0.034439817
1620,2025-01-27,688030,山石网科,0.034411952
1621,2025-01-27,603977,国泰集团,0.034402415
1622,2025-01-27,603659,璞泰来,0.034389004
1623,2025-01-27,603983,丸美生物,0.03438334
1624,2025-01-27,595,宝塔实业,0.034348056
1625,2025-01-27,603350,安乃达,0.034345463
1626,2025-01-27,2587,奥拓电子,0.03433393
1627,2025-01-27,2170,芭田股份,0.034326866
1628,2025-01-27,300992,泰福泵业,0.034316465
1629,2025-01-27,600458,时代新材,0.03430237
1630,2025-01-27,301211,亨迪药业,0.03430234
1631,2025-01-27,688198,佰仁医疗,0.034285888
1632,2025-01-27,1231,农心科技,0.034276083
1633,2025-01-27,300175,朗源股份,0.034265682
1634,2025-01-27,600313,农发种业,0.034230277
1635,2025-01-27,300649,杭州园林,0.034194335
1636,2025-01-27,688049,炬芯科技,0.034193292
1637,2025-01-27,600390,五矿资本,0.034189895
1638,2025-01-27,2339,积成电子,0.034185275
1639,2025-01-27,603408,建霖家居,0.03416927
1640,2025-01-27,688551,科威尔,0.03415759
1641,2025-01-27,601059,信达证券,0.03415312
1642,2025-01-27,688292,浩瀚深度,0.03414686
1643,2025-01-27,600460,士兰微,0.034144446
1644,2025-01-27,2281,光迅科技,0.034143582
1645,2025-01-27,2605,姚记科技,0.034135416
1646,2025-01-27,301070,开勒股份,0.034134075
1647,2025-01-27,300052,中青宝,0.034120694
1648,2025-01-27,605318,法狮龙,0.034117892
1649,2025-01-27,605566,福莱蒽特,0.03410159
1650,2025-01-27,301009,可靠股份,0.034095272
1651,2025-01-27,603991,至正股份,0.034082964
1652,2025-01-27,688105,诺唯赞,0.03403382
1653,2025-01-27,300703,创源股份,0.034016714
1654,2025-01-27,600095,湘财股份,0.034013584
1655,2025-01-27,301027,华蓝集团,0.033999816
1656,2025-01-27,603213,镇洋发展,0.033975825
1657,2025-01-27,633,合金投资,0.033969507
1658,2025-01-27,600686,金龙汽车,0.033962086
1659,2025-01-27,300345,华民股份,0.03396015
1660,2025-01-27,600327,大东方,0.033933148
1661,2025-01-27,2510,天汽模,0.03391017
1662,2025-01-27,300415,伊之密,0.0338919
1663,2025-01-27,301413,安培龙,0.0338694
1664,2025-01-27,2568,百润股份,0.033862397
1665,2025-01-27,603176,汇通集团,0.033847705
1666,2025-01-27,2153,石基信息,0.033836022
1667,2025-01-27,688707,振华新材,0.03382863
1668,2025-01-27,600186,莲花控股,0.033823296
1669,2025-01-27,301119,正强股份,0.033819124
1670,2025-01-27,688096,京源环保,0.03381796
1671,2025-01-27,829,天音控股,0.03381096
1672,2025-01-27,601012,隆基绿能,0.0338044
1673,2025-01-27,300488,恒锋工具,0.033777133
1674,2025-01-27,2613,北玻股份,0.03377144
1675,2025-01-27,301316,慧博云通,0.03376974
1676,2025-01-27,2858,力盛体育,0.033769086
1677,2025-01-27,600114,东睦股份,0.033768192
1678,2025-01-27,300680,隆盛科技,0.033765003
1679,2025-01-27,952,广济药业,0.03376256
1680,2025-01-27,2743,富煌钢构,0.03375651
1681,2025-01-27,300086,康芝药业,0.03374149
1682,2025-01-27,300865,大宏立,0.033735707
1683,2025-01-27,301337,亚华电子,0.03373231
1684,2025-01-27,301626,苏州天脉,0.033683732
1685,2025-01-27,603506,南都物业,0.033676878
1686,2025-01-27,2460,赣锋锂业,0.033655867
1687,2025-01-27,2654,万润科技,0.033653393
1688,2025-01-27,688380,中微半导,0.033646718
1689,2025-01-27,300087,荃银高科,0.03364043
1690,2025-01-27,300110,华仁药业,0.033639327
1691,2025-01-27,2038,双鹭药业,0.033620134
1692,2025-01-27,300531,优博讯,0.033609465
1693,2025-01-27,603421,鼎信通讯,0.0335999
1694,2025-01-27,300022,吉峰科技,0.03359343
1695,2025-01-27,688055,龙腾光电,0.03358455
1696,2025-01-27,301072,中捷精工,0.033568934
1697,2025-01-27,300943,春晖智控,0.03356336
1698,2025-01-27,676,智度股份,0.03356056
1699,2025-01-27,2735,王子新材,0.033532634
1700,2025-01-27,2390,信邦制药,0.033529922
1701,2025-01-27,603596,伯特利,0.033529505
1702,2025-01-27,2441,众业达,0.033446893
1703,2025-01-27,2350,北京科锐,0.03343983
1704,2025-01-27,300158,振东制药,0.03343968
1705,2025-01-27,688710,益诺思,0.033433452
1706,2025-01-27,603399,永杉锂业,0.033433095
1707,2025-01-27,300673,佩蒂股份,0.0334322
1708,2025-01-27,688496,清越科技,0.033422247
1709,2025-01-27,1696,宗申动力,0.033419535
1710,2025-01-27,688443,智翔金泰-U,0.03341259
1711,2025-01-27,600984,建设机械,0.033401325
1712,2025-01-27,2866,传艺科技,0.033397034
1713,2025-01-27,300736,百邦科技,0.03339596
1714,2025-01-27,600621,华鑫股份,0.033388004
1715,2025-01-27,300269,联建光电,0.03338714
1716,2025-01-27,301298,东利机械,0.033340767
1717,2025-01-27,300421,力星股份,0.033339247
1718,2025-01-27,603986,兆易创新,0.033338502
1719,2025-01-27,300284,苏交科,0.033335105
1720,2025-01-27,600281,华阳新材,0.033326253
1721,2025-01-27,300100,双林股份,0.03330554
1722,2025-01-27,603032,德新科技,0.033287987
1723,2025-01-27,688290,景业智能,0.03327976
1724,2025-01-27,2434,万里扬,0.033276454
1725,2025-01-27,2247,聚力文化,0.033274516
1726,2025-01-27,600600,青岛啤酒,0.033273295
1727,2025-01-27,300443,金雷股份,0.03327246
1728,2025-01-27,300541,先进数通,0.033264086
1729,2025-01-27,300074,华平股份,0.033235714
1730,2025-01-27,300796,贝斯美,0.033226
1731,2025-01-27,300940,南极光,0.03322135
1732,2025-01-27,2786,银宝山新,0.033215538
1733,2025-01-27,301012,扬电科技,0.03321524
1734,2025-01-27,300809,华辰装备,0.03318806
1735,2025-01-27,603319,湘油泵,0.03316094
1736,2025-01-27,688523,航天环宇,0.03315012
1737,2025-01-27,300626,华瑞股份,0.033124432
1738,2025-01-27,688192,迪哲医药-U,0.033122912
1739,2025-01-27,300351,永贵电器,0.033114716
1740,2025-01-27,2956,西麦食品,0.033104166
1741,2025-01-27,2114,罗平锌电,0.033086076
1742,2025-01-27,601777,力帆科技,0.033075556
1743,2025-01-27,300176,鸿特科技,0.033065215
1744,2025-01-27,2470,金正大,0.033016756
1745,2025-01-27,300723,一品红,0.03301178
1746,2025-01-27,600548,深高速,0.03300537
1747,2025-01-27,955,欣龙控股,0.032991245
1748,2025-01-27,688768,容知日新,0.032985345
1749,2025-01-27,300565,科信技术,0.032974318
1750,2025-01-27,301567,贝隆精密,0.03297399
1751,2025-01-27,300614,百川畅银,0.032953456
1752,2025-01-27,2192,融捷股份,0.032923505
1753,2025-01-27,2402,和而泰,0.032913253
1754,2025-01-27,688023,安恒信息,0.032905325
1755,2025-01-27,639,西王食品,0.032894894
1756,2025-01-27,2622,皓宸医疗,0.032888576
1757,2025-01-27,603268,松发股份,0.032873347
1758,2025-01-27,300119,瑞普生物,0.032866105
1759,2025-01-27,301321,翰博高新,0.0328577
1760,2025-01-27,300701,森霸传感,0.03283526
1761,2025-01-27,603655,朗博科技,0.03283073
1762,2025-01-27,600827,百联股份,0.032828614
1763,2025-01-27,688201,信安世纪,0.03282316
1764,2025-01-27,600748,上实发展,0.03280975
1765,2025-01-27,300942,易瑞生物,0.032807752
1766,2025-01-27,2386,天原股份,0.032802984
1767,2025-01-27,2698,博实股份,0.03278865
1768,2025-01-27,2016,世荣兆业,0.032743677
1769,2025-01-27,2903,宇环数控,0.032739148
1770,2025-01-27,688152,麒麟信安,0.032737568
1771,2025-01-27,603108,润达医疗,0.03273447
1772,2025-01-27,600797,浙大网新,0.032731757
1773,2025-01-27,2981,朝阳科技,0.03272061
1774,2025-01-27,605117,德业股份,0.03271933
1775,2025-01-27,892,欢瑞世纪,0.03270434
1776,2025-01-27,300233,金城医药,0.032700643
1777,2025-01-27,600736,苏州高新,0.032699034
1778,2025-01-27,301565,中仑新材,0.032695934
1779,2025-01-27,301011,华立科技,0.032691225
1780,2025-01-27,301281,科源制药,0.032690033
1781,2025-01-27,688631,莱斯信息,0.032650307
1782,2025-01-27,603882,金域医学,0.03263764
1783,2025-01-27,600058,五矿发展,0.03260918
1784,2025-01-27,600071,凤凰光学,0.03257601
1785,2025-01-27,301607,富特科技,0.032570407
1786,2025-01-27,603236,移远通信,0.032565758
1787,2025-01-27,605358,立昂微,0.03256415
1788,2025-01-27,301231,荣信文化,0.03255792
1789,2025-01-27,300567,精测电子,0.032533497
1790,2025-01-27,601698,中国卫通,0.032528237
1791,2025-01-27,300562,乐心医疗,0.03252566
1792,2025-01-27,300364,中文在线,0.032517254
1793,2025-01-27,78,海王生物,0.03251551
1794,2025-01-27,600825,新华传媒,0.0324893
1795,2025-01-27,600319,亚星化学,0.032489136
1796,2025-01-27,300988,津荣天宇,0.032483205
1797,2025-01-27,39,中集集团,0.032469556
1798,2025-01-27,301192,泰祥股份,0.03246449
1799,2025-01-27,600025,华能水电,0.032442704
1800,2025-01-27,2580,圣阳股份,0.03244202
1801,2025-01-27,600152,维科技术,0.03243345
1802,2025-01-27,1311,多利科技,0.032432348
1803,2025-01-27,688589,力合微,0.032432184
1804,2025-01-27,600604,市北高新,0.03241159
1805,2025-01-27,600571,信雅达,0.032411173
1806,2025-01-27,831,中国稀土,0.03239292
1807,2025-01-27,600498,烽火通信,0.032387465
1808,2025-01-27,300283,温州宏丰,0.03236215
1809,2025-01-27,2686,亿利达,0.032359645
1810,2025-01-27,300500,启迪设计,0.03234954
1811,2025-01-27,600665,天地源,0.03233224
1812,2025-01-27,2183,怡 亚 通,0.03232354
1813,2025-01-27,688528,秦川物联,0.03231089
1814,2025-01-27,965,天保基建,0.03230852
1815,2025-01-27,300861,美畅股份,0.032301188
1816,2025-01-27,2868,绿康生化,0.032253563
1817,2025-01-27,300844,山水比德,0.032234475
1818,2025-01-27,410,沈阳机床,0.032232627
1819,2025-01-27,603196,日播时尚,0.032165736
1820,2025-01-27,300346,南大光电,0.032151014
1821,2025-01-27,688051,佳华科技,0.03213054
1822,2025-01-27,301606,绿联科技,0.032117784
1823,2025-01-27,603917,合力科技,0.03211075
1824,2025-01-27,2314,南山控股,0.032103658
1825,2025-01-27,300099,尤洛卡,0.032097787
1826,2025-01-27,603211,晋拓股份,0.032074556
1827,2025-01-27,822,山东海化,0.032043055
1828,2025-01-27,603322,超讯通信,0.032042146
1829,2025-01-27,2898,赛隆药业,0.03201917
1830,2025-01-27,688646,逸飞激光,0.032016367
1831,2025-01-27,605300,佳禾食品,0.03200756
1832,2025-01-27,2156,通富微电,0.03199248
1833,2025-01-27,603351,威尔药业,0.03198172
1834,2025-01-27,2245,蔚蓝锂芯,0.031980246
1835,2025-01-27,735,罗 牛 山,0.031971425
1836,2025-01-27,2630,华西能源,0.0319532
1837,2025-01-27,2297,博云新材,0.031927437
1838,2025-01-27,2271,东方雨虹,0.031925917
1839,2025-01-27,2623,亚玛顿,0.031912282
1840,2025-01-27,300578,会畅通讯,0.03190966
1841,2025-01-27,300778,新城市,0.03188771
1842,2025-01-27,601106,中国一重,0.031887412
1843,2025-01-27,2169,智光电气,0.03188534
1844,2025-01-27,2338,奥普光电,0.031883404
1845,2025-01-27,301587,中瑞股份,0.03187251
1846,2025-01-27,151,中成股份,0.031860277
1847,2025-01-27,300837,浙矿股份,0.03185475
1848,2025-01-27,1308,康冠科技,0.03184925
1849,2025-01-27,601608,中信重工,0.031848595
1850,2025-01-27,601929,吉视传媒,0.03183593
1851,2025-01-27,301016,雷尔伟,0.031835094
1852,2025-01-27,300182,捷成股份,0.03183472
1853,2025-01-27,300623,捷捷微电,0.03182167
1854,2025-01-27,603960,克来机电,0.031767577
1855,2025-01-27,603628,清源股份,0.031764343
1856,2025-01-27,300785,值得买,0.03176403
1857,2025-01-27,300756,金马游乐,0.03176044
1858,2025-01-27,2416,爱施德,0.03172438
1859,2025-01-27,600775,南京熊猫,0.031715184
1860,2025-01-27,301285,鸿日达,0.031683236
1861,2025-01-27,2581,未名医药,0.031664252
1862,2025-01-27,600438,通威股份,0.031649515
1863,2025-01-27,603885,吉祥航空,0.03163959
1864,2025-01-27,2140,东华科技,0.031636328
1865,2025-01-27,603390,通达电气,0.031634837
1866,2025-01-27,603679,华体科技,0.031634286
1867,2025-01-27,301172,君逸数码,0.031622246
1868,2025-01-27,2877,智能自控,0.031597093
1869,2025-01-27,300540,蜀道装备,0.03156729
1870,2025-01-27,863,三湘印象,0.031551585
1871,2025-01-27,2949,华阳国际,0.03154911
1872,2025-01-27,300547,川环科技,0.03152667
1873,2025-01-27,688276,百克生物,0.031498015
1874,2025-01-27,600615,丰华股份,0.03148617
1875,2025-01-27,2165,红 宝 丽,0.031450123
1876,2025-01-27,600540,新赛股份,0.031427562
1877,2025-01-27,601138,工业富联,0.031385645
1878,2025-01-27,688597,煜邦电力,0.031358853
1879,2025-01-27,301075,多瑞医药,0.03133838
1880,2025-01-27,300981,中红医疗,0.031332046
1881,2025-01-27,2407,多氟多,0.03132361
1882,2025-01-27,2292,奥飞娱乐,0.03130974
1883,2025-01-27,300258,精锻科技,0.03126031
1884,2025-01-27,603375,盛景微,0.03125897
1885,2025-01-27,2112,三变科技,0.031256363
1886,2025-01-27,603123,翠微股份,0.0312365
1887,2025-01-27,603296,华勤技术,0.031231761
1888,2025-01-27,2737,葵花药业,0.031220153
1889,2025-01-27,301613,新铝时代,0.031215116
1890,2025-01-27,300616,尚品宅配,0.031212032
1891,2025-01-27,798,中水渔业,0.031206608
1892,2025-01-27,2020,京新药业,0.031203747
1893,2025-01-27,2830,名雕股份,0.031201944
1894,2025-01-27,600162,香江控股,0.031174213
1895,2025-01-27,688082,盛美上海,0.031166911
1896,2025-01-27,2836,新宏泽,0.031142384
1897,2025-01-27,688133,泰坦科技,0.03111285
1898,2025-01-27,301229,纽泰格,0.031112358
1899,2025-01-27,1225,和泰机电,0.031108022
1900,2025-01-27,300712,永福股份,0.031102285
1901,2025-01-27,603097,江苏华辰,0.031100959
1902,2025-01-27,605158,华达新材,0.031094596
1903,2025-01-27,301360,荣旗科技,0.031087533
1904,2025-01-27,603936,博敏电子,0.031086713
1905,2025-01-27,2878,元隆雅图,0.031070247
1906,2025-01-27,603617,君禾股份,0.031068444
1907,2025-01-27,301205,联特科技,0.031044602
1908,2025-01-27,610,西安旅游,0.031029403
1909,2025-01-27,638,万方发展,0.031011343
1910,2025-01-27,600250,南京商旅,0.03099738
1911,2025-01-27,2045,国光电器,0.030991957
1912,2025-01-27,2946,新乳业,0.030984998
1913,2025-01-27,300675,建科院,0.030978337
1914,2025-01-27,603019,中科曙光,0.03097123
1915,2025-01-27,953,河化股份,0.030948803
1916,2025-01-27,300843,胜蓝股份,0.030947432
1917,2025-01-27,688370,丛麟科技,0.030928299
1918,2025-01-27,603159,上海亚虹,0.030910581
1919,2025-01-27,600796,钱江生化,0.030895501
1920,2025-01-27,2815,崇达技术,0.030885562
1921,2025-01-27,2953,日丰股份,0.030851543
1922,2025-01-27,300891,惠云钛业,0.030842006
1923,2025-01-27,603158,腾龙股份,0.030834258
1924,2025-01-27,300248,新开普,0.030814275
1925,2025-01-27,2726,龙大美食,0.030792654
1926,2025-01-27,301333,诺思格,0.030786127
1927,2025-01-27,2214,大立科技,0.030777141
1928,2025-01-27,300047,天源迪科,0.030777007
1929,2025-01-27,603387,基蛋生物,0.030748844
1930,2025-01-27,600010,包钢股份,0.030742288
1931,2025-01-27,688507,索辰科技,0.030735463
1932,2025-01-27,301369,联动科技,0.030735299
1933,2025-01-27,301155,海力风电,0.030695274
1934,2025-01-27,300082,奥克股份,0.030679211
1935,2025-01-27,688450,光格科技,0.030674428
1936,2025-01-27,300696,爱乐达,0.030672133
1937,2025-01-27,3010,若羽臣,0.030670732
1938,2025-01-27,300149,睿智医药,0.030656174
1939,2025-01-27,688098,申联生物,0.03065385
1940,2025-01-27,603308,应流股份,0.030642852
1941,2025-01-27,517,荣安地产,0.030638367
1942,2025-01-27,17,深中华A,0.030624434
1943,2025-01-27,600935,华塑股份,0.030622795
1944,2025-01-27,601456,国联证券,0.030611455
1945,2025-01-27,300142,沃森生物,0.03060557
1946,2025-01-27,300937,药易购,0.03059572
1947,2025-01-27,603220,中贝通信,0.030584231
1948,2025-01-27,2617,露笑科技,0.030577451
1949,2025-01-27,688371,菲沃泰,0.030537158
1950,2025-01-27,2076,星光股份,0.030514643
1951,2025-01-27,839,中信国安,0.030507952
1952,2025-01-27,603527,众源新材,0.030504525
1953,2025-01-27,600336,澳柯玛,0.03050211
1954,2025-01-27,688302,海创药业-U,0.030500636
1955,2025-01-27,301488,豪恩汽电,0.030488536
1956,2025-01-27,2167,东方锆业,0.030484721
1957,2025-01-27,688326,经纬恒润-W,0.030467913
1958,2025-01-27,300315,掌趣科技,0.030467272
1959,2025-01-27,2648,卫星化学,0.030467153
1960,2025-01-27,603297,永新光学,0.030467108
1961,2025-01-27,601992,金隅集团,0.030465364
1962,2025-01-27,1279,强邦新材,0.030464023
1963,2025-01-27,688119,中钢洛耐,0.030446231
1964,2025-01-27,603486,科沃斯,0.030442402
1965,2025-01-27,600331,宏达股份,0.030428872
1966,2025-01-27,428,华天酒店,0.030375943
1967,2025-01-27,300601,康泰生物,0.030374214
1968,2025-01-27,301002,崧盛股份,0.030359015
1969,2025-01-27,300480,光力科技,0.030338988
1970,2025-01-27,603289,泰瑞机器,0.030338585
1971,2025-01-27,301418,协昌科技,0.030323446
1972,2025-01-27,688543,国科军工,0.03032212
1973,2025-01-27,2166,莱茵生物,0.030319199
1974,2025-01-27,301327,华宝新能,0.03031002
1975,2025-01-27,600501,航天晨光,0.030306473
1976,2025-01-27,301227,森鹰窗业,0.030302018
1977,2025-01-27,300475,香农芯创,0.030301914
1978,2025-01-27,600467,好当家,0.030293286
1979,2025-01-27,300602,飞荣达,0.03028293
1980,2025-01-27,301067,显盈科技,0.03028287
1981,2025-01-27,969,安泰科技,0.030272499
1982,2025-01-27,300131,英唐智控,0.030272052
1983,2025-01-27,301169,零点有数,0.030249134
1984,2025-01-27,2673,西部证券,0.030246705
1985,2025-01-27,600038,中直股份,0.030243933
1986,2025-01-27,2413,雷科防务,0.030226588
1987,2025-01-27,603126,中材节能,0.030188486
1988,2025-01-27,600408,安泰集团,0.030181378
1989,2025-01-27,2695,煌上煌,0.030170798
1990,2025-01-27,605567,春雪食品,0.03014554
1991,2025-01-27,605128,上海沿浦,0.030130178
1992,2025-01-27,300767,震安科技,0.03010878
1993,2025-01-27,1296,长江材料,0.0301086
1994,2025-01-27,688352,颀中科技,0.030100122
1995,2025-01-27,600641,万业企业,0.030077457
1996,2025-01-27,688387,信科移动-U,0.030076876
1997,2025-01-27,600774,汉商集团,0.0300498
1998,2025-01-27,688178,万德斯,0.029993415
1999,2025-01-27,688456,有研粉材,0.029974997
2000,2025-01-27,600962,国投中鲁,0.029966801
2001,2025-01-27,300027,华谊兄弟,0.02995348
2002,2025-01-27,300187,永清环保,0.029939845
2003,2025-01-27,300151,昌红科技,0.02993834
2004,2025-01-27,2837,英维克,0.02993244
2005,2025-01-27,601233,桐昆股份,0.029921576
2006,2025-01-27,300281,金明精机,0.029918835
2007,2025-01-27,301296,新巨丰,0.029918253
2008,2025-01-27,300966,共同药业,0.029916987
2009,2025-01-27,300384,三联虹普,0.02989678
2010,2025-01-27,605068,明新旭腾,0.029882044
2011,2025-01-27,688255,凯尔达,0.02987194
2012,2025-01-27,605,渤海股份,0.029865906
2013,2025-01-27,600169,太原重工,0.029858455
2014,2025-01-27,600716,凤凰股份,0.029847682
2015,2025-01-27,688301,奕瑞科技,0.029841408
2016,2025-01-27,600773,西藏城投,0.029808506
2017,2025-01-27,2307,北新路桥,0.029800355
2018,2025-01-27,2209,达 意 隆,0.029787183
2019,2025-01-27,300986,志特新材,0.029746324
2020,2025-01-27,300596,利安隆,0.0297402
2021,2025-01-27,300787,海能实业,0.02973552
2022,2025-01-27,2995,天地在线,0.029730886
2023,2025-01-27,603685,晨丰科技,0.029722929
2024,2025-01-27,688013,天臣医疗,0.029704824
2025,2025-01-27,600635,大众公用,0.029703677
2026,2025-01-27,600322,津投城开,0.029700577
2027,2025-01-27,36,华联控股,0.029700458
2028,2025-01-27,301372,科净源,0.029664502
2029,2025-01-27,300971,博亚精工,0.029632255
2030,2025-01-27,300298,三诺生物,0.029619977
2031,2025-01-27,600592,龙溪股份,0.029618412
2032,2025-01-27,603779,威龙股份,0.02960807
2033,2025-01-27,600822,上海物贸,0.029597685
2034,2025-01-27,603206,嘉环科技,0.029594168
2035,2025-01-27,1339,智微智能,0.029585704
2036,2025-01-27,300684,中石科技,0.029564247
2037,2025-01-27,605016,百龙创园,0.029558271
2038,2025-01-27,2248,华东数控,0.02953653
2039,2025-01-27,600137,浪莎股份,0.029534012
2040,2025-01-27,2767,先锋电子,0.029530436
2041,2025-01-27,300417,南华仪器,0.029526338
2042,2025-01-27,603005,晶方科技,0.029509023
2043,2025-01-27,2278,神开股份,0.029495776
2044,2025-01-27,300164,通源石油,0.029482916
2045,2025-01-27,603029,天鹅股份,0.029478744
2046,2025-01-27,605378,野马电池,0.029444829
2047,2025-01-27,600581,八一钢铁,0.029437333
2048,2025-01-27,300492,华图山鼎,0.029435024
2049,2025-01-27,300035,中科电气,0.029421061
2050,2025-01-27,300083,创世纪,0.029416412
2051,2025-01-27,300274,阳光电源,0.029396266
2052,2025-01-27,1314,亿道信息,0.02939333
2053,2025-01-27,2474,榕基软件,0.02938734
2054,2025-01-27,300135,宝利国际,0.029385567
2055,2025-01-27,600745,闻泰科技,0.029374197
2056,2025-01-27,600415,小商品城,0.029372737
2057,2025-01-27,688135,利扬芯片,0.029366046
2058,2025-01-27,300011,鼎汉技术,0.029347882
2059,2025-01-27,688617,惠泰医疗,0.02933155
2060,2025-01-27,688321,微芯生物,0.029330388
2061,2025-01-27,605588,冠石科技,0.029324293
2062,2025-01-27,688225,亚信安全,0.02930051
2063,2025-01-27,300516,久之洋,0.029286236
2064,2025-01-27,300535,达威股份,0.02926515
2065,2025-01-27,688169,石头科技,0.02926375
2066,2025-01-27,603958,哈森股份,0.029259354
2067,2025-01-27,2132,恒星科技,0.029258773
2068,2025-01-27,300201,海伦哲,0.029254273
2069,2025-01-27,688259,创耀科技,0.029254213
2070,2025-01-27,600392,盛和资源,0.029253945
2071,2025-01-27,605188,国光连锁,0.02921462
2072,2025-01-27,429,粤高速Ａ,0.029203564
2073,2025-01-27,688213,思特威-W,0.02917859
2074,2025-01-27,2219,新里程,0.029177189
2075,2025-01-27,300483,首华燃气,0.02915667
2076,2025-01-27,2337,赛象科技,0.029152125
2077,2025-01-27,600148,长春一东,0.029141098
2078,2025-01-27,2279,久其软件,0.029135019
2079,2025-01-27,688596,正帆科技,0.02912423
2080,2025-01-27,2851,麦格米特,0.029114127
2081,2025-01-27,301289,国缆检测,0.029113308
2082,2025-01-27,600960,渤海汽车,0.029111564
2083,2025-01-27,2625,光启技术,0.029093027
2084,2025-01-27,2180,纳思达,0.029059246
2085,2025-01-27,600594,益佰制药,0.029051602
2086,2025-01-27,2716,湖南白银,0.02905108
2087,2025-01-27,600272,开开实业,0.029043555
2088,2025-01-27,605299,舒华体育,0.029041111
2089,2025-01-27,600376,首开股份,0.029029638
2090,2025-01-27,603738,泰晶科技,0.029010683
2091,2025-01-27,2669,康达新材,0.028982416
2092,2025-01-27,688130,晶华微,0.028973565
2093,2025-01-27,605168,三人行,0.028967917
2094,2025-01-27,2136,安 纳 达,0.028964221
2095,2025-01-27,300890,翔丰华,0.028956726
2096,2025-01-27,2515,金字火腿,0.028939337
2097,2025-01-27,603080,新疆火炬,0.028929248
2098,2025-01-27,600217,中再资环,0.02890101
2099,2025-01-27,688702,盛科通信-U,0.028880402
2100,2025-01-27,688207,格灵深瞳,0.028865933
2101,2025-01-27,2227,奥 特 迅,0.028858587
2102,2025-01-27,603929,亚翔集成,0.028856486
2103,2025-01-27,607,华媒控股,0.028851956
2104,2025-01-27,601015,陕西黑猫,0.028846964
2105,2025-01-27,603339,四方科技,0.028837487
2106,2025-01-27,300136,信维通信,0.028821856
2107,2025-01-27,600353,旭光电子,0.02881673
2108,2025-01-27,300390,天华新能,0.028801888
2109,2025-01-27,600185,格力地产,0.028797299
2110,2025-01-27,48,京基智农,0.02879642
2111,2025-01-27,300850,新强联,0.028791144
2112,2025-01-27,603315,福鞍股份,0.0287648
2113,2025-01-27,603359,东珠生态,0.0287465
2114,2025-01-27,603806,福斯特,0.028731465
2115,2025-01-27,7,全新好,0.028714076
2116,2025-01-27,300450,先导智能,0.028688997
2117,2025-01-27,688612,威迈斯,0.028687954
2118,2025-01-27,688363,华熙生物,0.028658971
2119,2025-01-27,2283,天润工业,0.02865754
2120,2025-01-27,2133,广宇集团,0.02865608
2121,2025-01-27,2482,广田集团,0.028654724
2122,2025-01-27,688076,诺泰生物,0.028650656
2123,2025-01-27,603171,税友股份,0.028643727
2124,2025-01-27,603992,松霖科技,0.028642297
2125,2025-01-27,603690,至纯科技,0.028642118
2126,2025-01-27,688488,艾迪药业,0.028635323
2127,2025-01-27,300006,莱美药业,0.02863501
2128,2025-01-27,300334,津膜科技,0.028615579
2129,2025-01-27,2896,中大力德,0.028611273
2130,2025-01-27,619,海螺新材,0.028609827
2131,2025-01-27,300073,当升科技,0.028604627
2132,2025-01-27,2910,庄园牧场,0.028591394
2133,2025-01-27,2739,万达电影,0.02858898
2134,2025-01-27,2661,克明食品,0.028586373
2135,2025-01-27,2203,海亮股份,0.0285815
2136,2025-01-27,300692,中环环保,0.028576717
2137,2025-01-27,2756,永兴材料,0.028573737
2138,2025-01-27,688636,智明达,0.028567508
2139,2025-01-27,300772,运达股份,0.028557405
2140,2025-01-27,2543,万和电气,0.028549746
2141,2025-01-27,300722,新余国科,0.028546259
2142,2025-01-27,603026,石大胜华,0.028542474
2143,2025-01-27,2688,金河生物,0.028533712
2144,2025-01-27,605162,新中港,0.028499901
2145,2025-01-27,300217,东方电热,0.028486028
2146,2025-01-27,301025,读客文化,0.028482512
2147,2025-01-27,300931,通用电梯,0.028480902
2148,2025-01-27,2004,华邦健康,0.02847819
2149,2025-01-27,300755,华致酒行,0.02846478
2150,2025-01-27,600133,东湖高新,0.028456464
2151,2025-01-27,688562,航天软件,0.028454885
2152,2025-01-27,688295,中复神鹰,0.028449908
2153,2025-01-27,300257,开山股份,0.028431535
2154,2025-01-27,2584,西陇科学,0.02842933
2155,2025-01-27,2831,裕同科技,0.028384075
2156,2025-01-27,688310,迈得医疗,0.02837801
2157,2025-01-27,603095,越剑智能,0.028370768
2158,2025-01-27,300188,国投智能,0.028352931
2159,2025-01-27,688008,澜起科技,0.028347865
2160,2025-01-27,600787,中储股份,0.028347433
2161,2025-01-27,301389,隆扬电子,0.028345361
2162,2025-01-27,301136,招标股份,0.028340444
2163,2025-01-27,601965,中国汽研,0.028338686
2164,2025-01-27,1331,胜通能源,0.028325751
2165,2025-01-27,600386,北巴传媒,0.028320745
2166,2025-01-27,688679,通源环境,0.028304026
2167,2025-01-27,301299,卓创资讯,0.028298318
2168,2025-01-27,301238,瑞泰新材,0.028286517
2169,2025-01-27,688356,键凯科技,0.028278947
2170,2025-01-27,300513,恒实科技,0.028271466
2171,2025-01-27,2785,万里石,0.02825895
2172,2025-01-27,2351,漫步者,0.028254598
2173,2025-01-27,688212,澳华内镜,0.028246775
2174,2025-01-27,300079,数码视讯,0.028243408
2175,2025-01-27,2127,南极电商,0.028222546
2176,2025-01-27,300543,朗科智能,0.028217033
2177,2025-01-27,300148,天舟文化,0.028216168
2178,2025-01-27,2927,泰永长征,0.028207183
2179,2025-01-27,2240,盛新锂能,0.028206423
2180,2025-01-27,2802,洪汇新材,0.028205931
2181,2025-01-27,2046,国机精工,0.02819708
2182,2025-01-27,2128,电投能源,0.028195307
2183,2025-01-27,600855,航天长峰,0.028190076
2184,2025-01-27,600628,新世界,0.028184354
2185,2025-01-27,301161,唯万密封,0.02816303
2186,2025-01-27,300855,图南股份,0.028158665
2187,2025-01-27,688578,艾力斯,0.028135791
2188,2025-01-27,688638,誉辰智能,0.028129205
2189,2025-01-27,603356,华菱精工,0.028087512
2190,2025-01-27,301,东方盛虹,0.028073475
2191,2025-01-27,301122,采纳股份,0.028071865
2192,2025-01-27,600078,澄星股份,0.028068498
2193,2025-01-27,601198,东兴证券,0.028067872
2194,2025-01-27,603633,徕木股份,0.028057665
2195,2025-01-27,2263,大东南,0.02805379
2196,2025-01-27,688626,翔宇医疗,0.028040066
2197,2025-01-27,2960,青鸟消防,0.028032973
2198,2025-01-27,688358,祥生医疗,0.028019562
2199,2025-01-27,300685,艾德生物,0.028018296
2200,2025-01-27,301199,迈赫股份,0.027968943
2201,2025-01-27,300872,天阳科技,0.027951434
2202,2025-01-27,519,中兵红箭,0.027948529
2203,2025-01-27,688251,井松智能,0.02793467
2204,2025-01-27,603286,日盈电子,0.027931139
2205,2025-01-27,605339,南侨食品,0.027924225
2206,2025-01-27,600588,用友网络,0.027922377
2207,2025-01-27,601555,东吴证券,0.02792187
2208,2025-01-27,300199,翰宇药业,0.027899921
2209,2025-01-27,600200,江苏吴中,0.027897626
2210,2025-01-27,301390,经纬股份,0.027866751
2211,2025-01-27,688239,航宇科技,0.027865648
2212,2025-01-27,600048,保利发展,0.027858928
2213,2025-01-27,603517,绝味食品,0.027847946
2214,2025-01-27,603036,如通股份,0.027847797
2215,2025-01-27,603982,泉峰汽车,0.027826592
2216,2025-01-27,300912,凯龙高科,0.027821451
2217,2025-01-27,600354,敦煌种业,0.027800784
2218,2025-01-27,688323,瑞华泰,0.02778092
2219,2025-01-27,603768,常青股份,0.027777448
2220,2025-01-27,600719,大连热电,0.027766034
2221,2025-01-27,600938,中国海油,0.027760759
2222,2025-01-27,688189,南新制药,0.027758375
2223,2025-01-27,603255,鼎际得,0.027724013
2224,2025-01-27,301555,惠柏新材,0.027708963
2225,2025-01-27,601028,玉龙股份,0.027690098
2226,2025-01-27,601211,国泰君安,0.027675658
2227,2025-01-27,301160,翔楼新材,0.02766931
2228,2025-01-27,2664,信质集团,0.027655214
2229,2025-01-27,2952,亚世光电,0.027642712
2230,2025-01-27,688150,莱特光电,0.027633503
2231,2025-01-27,34,神州数码,0.027629912
2232,2025-01-27,300109,新开源,0.027622834
2233,2025-01-27,300223,北京君正,0.027618289
2234,2025-01-27,301055,张小泉,0.027594447
2235,2025-01-27,603193,润本股份,0.027586862
2236,2025-01-27,603178,圣龙股份,0.027582914
2237,2025-01-27,603028,赛福天,0.027561218
2238,2025-01-27,2895,川恒股份,0.027556121
2239,2025-01-27,300184,力源信息,0.027548268
2240,2025-01-27,300957,贝泰妮,0.027545944
2241,2025-01-27,2857,三晖电气,0.027535647
2242,2025-01-27,905,厦门港务,0.027532682
2243,2025-01-27,2696,百洋股份,0.02752474
2244,2025-01-27,603590,康辰药业,0.027522653
2245,2025-01-27,300747,锐科激光,0.027509943
2246,2025-01-27,688619,罗普特,0.02750051
2247,2025-01-27,300869,康泰医学,0.027491897
2248,2025-01-27,617,中油资本,0.027472988
2249,2025-01-27,300244,迪安诊断,0.02745831
2250,2025-01-27,2912,中新赛克,0.027405322
2251,2025-01-27,300102,乾照光电,0.027400464
2252,2025-01-27,600552,凯盛科技,0.027400225
2253,2025-01-27,600794,保税科技,0.027399316
2254,2025-01-27,628,高新发展,0.02738364
2255,2025-01-27,605089,味知香,0.027372688
2256,2025-01-27,688388,嘉元科技,0.027355328
2257,2025-01-27,821,京山轻机,0.027352124
2258,2025-01-27,300409,道氏技术,0.027338818
2259,2025-01-27,652,泰达股份,0.02733554
2260,2025-01-27,688699,明微电子,0.027334988
2261,2025-01-27,688328,深科达,0.027327806
2262,2025-01-27,603709,中源家居,0.02732265
2263,2025-01-27,2585,双星新材,0.027322248
2264,2025-01-27,603335,迪生力,0.027308613
2265,2025-01-27,600830,香溢融通,0.02730219
2266,2025-01-27,417,合百集团,0.027295828
2267,2025-01-27,717,中南股份,0.027288437
2268,2025-01-27,688669,聚石化学,0.02727595
2269,2025-01-27,688573,信宇人,0.027264252
2270,2025-01-27,688506,百利天恒-U,0.027262539
2271,2025-01-27,2481,双塔食品,0.02726239
2272,2025-01-27,2243,力合科创,0.027234301
2273,2025-01-27,2846,英联股份,0.02722685
2274,2025-01-27,159,国际实业,0.027205229
2275,2025-01-27,603383,顶点软件,0.027203128
2276,2025-01-27,1319,铭科精技,0.027193949
2277,2025-01-27,300570,太辰光,0.027186796
2278,2025-01-27,600707,彩虹股份,0.027172014
2279,2025-01-27,688420,美腾科技,0.02716811
2280,2025-01-27,688695,中创股份,0.027162448
2281,2025-01-27,2085,万丰奥威,0.027162254
2282,2025-01-27,600111,北方稀土,0.02715534
2283,2025-01-27,300720,海川智能,0.027151048
2284,2025-01-27,600343,航天动力,0.027140602
2285,2025-01-27,715,中兴商业,0.027137175
2286,2025-01-27,301188,力诺药包,0.027135044
2287,2025-01-27,547,航天发展,0.027119294
2288,2025-01-27,2782,可立克,0.027103558
2289,2025-01-27,300520,科大国创,0.027089506
2290,2025-01-27,605376,博迁新材,0.027070418
2291,2025-01-27,2724,海洋王,0.02705811
2292,2025-01-27,605266,健之佳,0.027053818
2293,2025-01-27,600857,宁波中百,0.027053073
2294,2025-01-27,3006,百亚股份,0.027039528
2295,2025-01-27,2544,普天科技,0.027010292
2296,2025-01-27,600864,哈投股份,0.027005851
2297,2025-01-27,301280,珠城科技,0.026994899
2298,2025-01-27,1379,腾达科技,0.026993409
2299,2025-01-27,688607,康众医疗,0.026979715
2300,2025-01-27,300279,和晶科技,0.026959151
2301,2025-01-27,688565,力源科技,0.026957542
2302,2025-01-27,2755,奥赛康,0.026939973
2303,2025-01-27,688209,英集芯,0.026926324
2304,2025-01-27,501,武商集团,0.026926056
2305,2025-01-27,605388,均瑶健康,0.026911736
2306,2025-01-27,301232,飞沃科技,0.026906356
2307,2025-01-27,300275,梅安森,0.026897013
2308,2025-01-27,300919,中伟股份,0.026892632
2309,2025-01-27,300740,水羊股份,0.026864693
2310,2025-01-27,688186,广大特材,0.026863515
2311,2025-01-27,603020,爱普股份,0.026816323
2312,2025-01-27,300133,华策影视,0.026816025
2313,2025-01-27,2560,通达股份,0.026809976
2314,2025-01-27,600805,悦达投资,0.026804551
2315,2025-01-27,2176,江特电机,0.026795551
2316,2025-01-27,300683,海特生物,0.026793346
2317,2025-01-27,2042,华孚时尚,0.026786208
2318,2025-01-27,301118,恒光股份,0.026784793
2319,2025-01-27,2859,洁美科技,0.026777044
2320,2025-01-27,300321,同大股份,0.026745051
2321,2025-01-27,2255,海陆重工,0.026726082
2322,2025-01-27,300523,辰安科技,0.026725248
2323,2025-01-27,2066,瑞泰科技,0.026724562
2324,2025-01-27,50,深天马Ａ,0.026714504
2325,2025-01-27,300139,晓程科技,0.026701987
2326,2025-01-27,1209,洪兴股份,0.026657537
2327,2025-01-27,600576,祥源文旅,0.0266404
2328,2025-01-27,2305,南国置业,0.026638716
2329,2025-01-27,688432,有研硅,0.02662456
2330,2025-01-27,600606,绿地控股,0.026620105
2331,2025-01-27,600081,东风科技,0.02661869
2332,2025-01-27,2173,创新医疗,0.026608497
2333,2025-01-27,300836,佰奥智能,0.026607484
2334,2025-01-27,301323,新莱福,0.026602507
2335,2025-01-27,1359,平安电工,0.026565671
2336,2025-01-27,300700,岱勒新材,0.02656281
2337,2025-01-27,300122,智飞生物,0.02655144
2338,2025-01-27,2397,梦洁股份,0.026546419
2339,2025-01-27,600909,华安证券,0.026538894
2340,2025-01-27,301139,元道通信,0.026537225
2341,2025-01-27,603696,安记食品,0.026529685
2342,2025-01-27,300669,沪宁股份,0.026511818
2343,2025-01-27,600216,浙江医药,0.026511118
2344,2025-01-27,301313,凡拓数创,0.026506752
2345,2025-01-27,603878,武进不锈,0.026483491
2346,2025-01-27,688683,莱尔科技,0.026469707
2347,2025-01-27,600340,华夏幸福,0.026466385
2348,2025-01-27,688005,容百科技,0.02646324
2349,2025-01-27,2574,明牌珠宝,0.0264474
2350,2025-01-27,488,晨鸣纸业,0.026443273
2351,2025-01-27,603256,宏和科技,0.026442096
2352,2025-01-27,600649,城投控股,0.026434854
2353,2025-01-27,600815,厦工股份,0.026434347
2354,2025-01-27,600640,国脉文化,0.026431218
2355,2025-01-27,300517,海波重科,0.026430026
2356,2025-01-27,301292,海科新源,0.026426956
2357,2025-01-27,2579,中京电子,0.026419759
2358,2025-01-27,301548,崇德科技,0.02641286
2359,2025-01-27,688137,近岸蛋白,0.026411876
2360,2025-01-27,300444,双杰电气,0.02640234
2361,2025-01-27,603683,晶华新材,0.026385784
2362,2025-01-27,300726,宏达电子,0.026384741
2363,2025-01-27,2328,新朋股份,0.026378676
2364,2025-01-27,688602,康鹏科技,0.026353478
2365,2025-01-27,600983,惠而浦,0.026338443
2366,2025-01-27,1266,宏英智能,0.026331991
2367,2025-01-27,25,特  力Ａ,0.02630964
2368,2025-01-27,600602,云赛智联,0.026305825
2369,2025-01-27,300319,麦捷科技,0.026301965
2370,2025-01-27,300521,爱司凯,0.026287213
2371,2025-01-27,688779,五矿新能,0.026284695
2372,2025-01-27,300234,开尔新材,0.026263729
2373,2025-01-27,2067,景兴纸业,0.026258215
2374,2025-01-27,600884,杉杉股份,0.0262492
2375,2025-01-27,600894,广日股份,0.026247382
2376,2025-01-27,301319,唯特偶,0.026246205
2377,2025-01-27,603507,振江股份,0.026242808
2378,2025-01-27,762,西藏矿业,0.026233718
2379,2025-01-27,2244,滨江集团,0.026230693
2380,2025-01-27,603678,火炬电子,0.026217535
2381,2025-01-27,600429,三元股份,0.026198968
2382,2025-01-27,601665,齐鲁银行,0.026190579
2383,2025-01-27,603009,北特科技,0.02618593
2384,2025-01-27,401,冀东水泥,0.026181266
2385,2025-01-27,300343,联创股份,0.026178584
2386,2025-01-27,603989,艾华集团,0.026171923
2387,2025-01-15,688667,菱电电控,0.02616097
2388,2025-01-27,2375,亚厦股份,0.026150882
2389,2025-01-27,2963,豪尔赛,0.026140034
2390,2025-01-27,688307,中润光学,0.026111946
2391,2025-01-27,300560,中富通,0.026109457
2392,2025-01-27,688219,会通股份,0.026106477
2393,2025-01-27,601137,博威合金,0.026105806
2394,2025-01-27,600570,恒生电子,0.02609931
2395,2025-01-27,688271,联影医疗,0.02609612
2396,2025-01-27,603663,三祥新材,0.026090339
2397,2025-01-27,1229,魅视科技,0.026082546
2398,2025-01-27,300329,海伦钢琴,0.026077464
2399,2025-01-27,3003,天元股份,0.02606906
2400,2025-01-27,603223,恒通股份,0.026066989
2401,2025-01-27,603858,步长制药,0.026045442
2402,2025-01-27,807,云铝股份,0.026042566
2403,2025-01-27,301469,恒达新材,0.02604115
2404,2025-01-27,301311,昆船智能,0.026035905
2405,2025-01-27,603139,康惠制药,0.026019976
2406,2025-01-27,601799,星宇股份,0.025990814
2407,2025-01-27,301105,鸿铭股份,0.025938287
2408,2025-01-27,688216,气派科技,0.025926873
2409,2025-01-27,301448,开创电气,0.02591753
2410,2025-01-27,1979,招商蛇口,0.025904268
2411,2025-01-27,603699,纽威股份,0.025903732
2412,2025-01-27,2975,博杰股份,0.025883168
2413,2025-01-27,603767,中马传动,0.025870621
2414,2025-01-27,300246,宝莱特,0.025867209
2415,2025-01-27,300969,恒帅股份,0.025858656
2416,2025-01-27,600241,时代万恒,0.02582696
2417,2025-01-27,601996,丰林集团,0.02579932
2418,2025-01-27,1965,招商公路,0.025787741
2419,2025-01-27,600179,安通控股,0.025773734
2420,2025-01-27,600859,王府井,0.025767297
2421,2025-01-27,600560,金自天正,0.02575858
2422,2025-01-27,300121,阳谷华泰,0.025740504
2423,2025-01-27,688222,成都先导,0.025739267
2424,2025-01-27,688418,震有科技,0.025737897
2425,2025-01-27,557,西部创业,0.025709748
2426,2025-01-27,603826,坤彩科技,0.025708362
2427,2025-01-27,600886,国投电力,0.025704354
2428,2025-01-27,600567,山鹰国际,0.025698096
2429,2025-01-27,2391,长青股份,0.025694251
2430,2025-01-27,600399,抚顺特钢,0.025690064
2431,2025-01-27,600879,航天电子,0.025688842
2432,2025-01-27,301361,众智科技,0.025668606
2433,2025-01-27,688377,迪威尔,0.02565676
2434,2025-01-27,301130,西点药业,0.025656506
2435,2025-01-27,603078,江化微,0.025655016
2436,2025-01-27,603172,万丰股份,0.025630698
2437,2025-01-27,605007,五洲特纸,0.02562888
2438,2025-01-27,300054,鼎龙股份,0.025611997
2439,2025-01-27,2121,科陆电子,0.025589854
2440,2025-01-27,301387,光大同创,0.025572509
2441,2025-01-27,688592,司南导航,0.025553018
2442,2025-01-27,600651,飞乐音响,0.025535688
2443,2025-01-27,529,广弘控股,0.025492966
2444,2025-01-27,601728,中国电信,0.02548863
2445,2025-01-27,600481,双良节能,0.025483117
2446,2025-01-27,2302,西部建设,0.02545254
2447,2025-01-27,600132,重庆啤酒,0.025452048
2448,2025-01-27,2159,三特索道,0.025446355
2449,2025-01-27,688576,西山科技,0.025417075
2450,2025-01-27,603173,福斯达,0.025390357
2451,2025-01-27,300676,华大基因,0.02538614
2452,2025-01-27,300644,南京聚隆,0.02538222
2453,2025-01-27,2059,云南旅游,0.025381729
2454,2025-01-27,301090,华润材料,0.025370613
2455,2025-01-27,605086,龙高股份,0.025360197
2456,2025-01-27,2993,奥海科技,0.025357872
2457,2025-01-27,2800,天顺股份,0.025336131
2458,2025-01-27,300802,矩子科技,0.02533339
2459,2025-01-27,688630,芯碁微装,0.025331438
2460,2025-01-27,301377,鼎泰高科,0.02533038
2461,2025-01-27,603186,华正新材,0.02532363
2462,2025-01-27,300286,安科瑞,0.025322497
2463,2025-01-27,601588,北辰实业,0.025312781
2464,2025-01-27,301089,拓新药业,0.025310233
2465,2025-01-27,688478,晶升股份,0.025310025
2466,2025-01-27,782,恒申新材,0.025300175
2467,2025-01-27,688025,杰普特,0.025299653
2468,2025-01-27,2809,红墙股份,0.025294453
2469,2025-01-27,688168,安博通,0.025289744
2470,2025-01-27,688052,纳芯微,0.02528967
2471,2025-01-27,600237,铜峰电子,0.025288537
2472,2025-01-27,722,湖南发展,0.025240898
2473,2025-01-27,300238,冠昊生物,0.02523306
2474,2025-01-27,300253,卫宁健康,0.025231525
2475,2025-01-27,300908,仲景食品,0.025225088
2476,2025-01-27,408,藏格矿业,0.025222704
2477,2025-01-27,603688,石英股份,0.025222495
2478,2025-01-27,598,兴蓉环境,0.025215283
2479,2025-01-27,688538,和辉光电-U,0.025207236
2480,2025-01-27,2360,同德化工,0.02517417
2481,2025-01-27,2563,森马服饰,0.025167942
2482,2025-01-27,688217,睿昂基因,0.025130019
2483,2025-01-27,301538,骏鼎达,0.02512303
2484,2025-01-27,300913,兆龙互连,0.025121793
2485,2025-01-27,600816,建元信托,0.025103569
2486,2025-01-27,301097,天益医疗,0.025098458
2487,2025-01-27,300793,佳禾智能,0.02509047
2488,2025-01-27,300824,北鼎股份,0.025084972
2489,2025-01-27,2352,顺丰控股,0.025059298
2490,2025-01-27,2852,道道全,0.025054812
2491,2025-01-27,300037,新宙邦,0.025053084
2492,2025-01-27,300326,凯利泰,0.02505289
2493,2025-01-27,2387,维信诺,0.025051326
2494,2025-01-27,301079,邵阳液压,0.025046855
2495,2025-01-27,1238,浙江正特,0.025038779
2496,2025-01-27,2928,华夏航空,0.025030479
2497,2025-01-27,925,众合科技,0.025028616
2498,2025-01-27,300973,立高食品,0.025011078
2499,2025-01-27,2787,华源控股,0.02500689
2500,2025-01-27,300425,中建环能,0.025001392
2501,2025-01-27,600155,华创云信,0.024999842
2502,2025-01-27,620,新华联,0.024998754
2503,2025-01-27,600803,新奥股份,0.0249805
2504,2025-01-27,600819,耀皮玻璃,0.024965823
2505,2025-01-27,2205,国统股份,0.024962813
2506,2025-01-27,812,陕西金叶,0.024949491
2507,2025-01-27,600789,鲁抗医药,0.024943411
2508,2025-01-27,600079,人福医药,0.024931625
2509,2025-01-27,600676,交运股份,0.024916843
2510,2025-01-27,300645,正元智慧,0.024907678
2511,2025-01-27,301031,中熔电气,0.024885818
2512,2025-01-27,2637,赞宇科技,0.024880826
2513,2025-01-27,688170,德龙激光,0.024877176
2514,2025-01-27,688112,鼎阳科技,0.02487567
2515,2025-01-27,600435,北方导航,0.024854079
2516,2025-01-27,688068,热景生物,0.024844378
2517,2025-01-27,688338,赛科希德,0.024833813
2518,2025-01-27,300905,宝丽迪,0.024831116
2519,2025-01-27,3032,传智教育,0.02479577
2520,2025-01-27,300810,中科海讯,0.02478847
2521,2025-01-27,2324,普利特,0.024775326
2522,2025-01-27,603686,福龙马,0.024771273
2523,2025-01-27,2553,南方精工,0.02475895
2524,2025-01-27,301163,宏德股份,0.024749681
2525,2025-01-27,688046,药康生物,0.024746493
2526,2025-01-27,300641,正丹股份,0.024709925
2527,2025-01-27,2282,博深股份,0.024709374
2528,2025-01-13,972,中基健康,0.024708584
2529,2025-01-27,2537,海联金汇,0.02470012
2530,2025-01-27,2023,海特高新,0.02469775
2531,2025-01-27,300183,东软载波,0.02469632
2532,2025-01-27,688185,康希诺,0.024688825
2533,2025-01-27,301539,宏鑫科技,0.024667218
2534,2025-01-27,2918,蒙娜丽莎,0.024661392
2535,2025-01-27,300132,青松股份,0.024657711
2536,2025-01-27,300782,卓胜微,0.024647817
2537,2025-01-27,600448,华纺股份,0.024647743
2538,2025-01-27,37,深南电A,0.024640411
2539,2025-01-27,2889,东方嘉盛,0.02463317
2540,2025-01-27,688088,虹软科技,0.02462545
2541,2025-01-27,300618,寒锐钴业,0.02461411
2542,2025-01-27,301509,金凯生科,0.024606466
2543,2025-01-27,2440,闰土股份,0.024606124
2544,2025-01-27,2405,四维图新,0.024605721
2545,2025-01-27,600760,中航沈飞,0.024583548
2546,2025-01-27,300948,冠中生态,0.024561554
2547,2025-01-27,301008,宏昌科技,0.02455534
2548,2025-01-27,2301,齐心集团,0.024553448
2549,2025-01-27,301332,德尔玛,0.024551988
2550,2025-01-27,2635,安洁科技,0.024535745
2551,2025-01-27,768,中航西飞,0.024526194
2552,2025-01-27,601020,华钰矿业,0.024526
2553,2025-01-27,301258,富士莱,0.024522021
2554,2025-01-27,987,越秀资本,0.02451621
2555,2025-01-27,603669,灵康药业,0.024514765
2556,2025-01-27,301132,满坤科技,0.024514005
2557,2025-01-27,2146,荣盛发展,0.024513438
2558,2025-01-27,570,苏常柴Ａ,0.024507761
2559,2025-01-27,886,海南高速,0.024504855
2560,2025-01-27,601086,国芳集团,0.02450405
2561,2025-01-27,603697,有友食品,0.024501294
2562,2025-01-27,1318,阳光乳业,0.024499655
2563,2025-01-27,2317,众生药业,0.024498835
2564,2025-01-27,300347,泰格医药,0.02447614
2565,2025-01-27,301446,福事特,0.024461776
2566,2025-01-27,600227,赤天化,0.024451539
2567,2025-01-27,300749,顶固集创,0.024432734
2568,2025-01-27,301371,敷尔佳,0.024413183
2569,2025-01-27,2395,双象股份,0.024389818
2570,2025-01-27,301391,卡莱特,0.02437973
2571,2025-01-27,603137,恒尚节能,0.024374828
2572,2025-01-27,603045,福达合金,0.024372399
2573,2025-01-27,1268,联合精密,0.024369195
2574,2025-01-27,600782,新钢股份,0.024326563
2575,2025-01-27,1215,千味央厨,0.02430974
2576,2025-01-27,300036,超图软件,0.024282977
2577,2025-01-27,300195,长荣股份,0.024282128
2578,2025-01-27,300369,绿盟科技,0.024280578
2579,2025-01-27,600738,丽尚国潮,0.024279281
2580,2025-01-27,2480,新筑股份,0.02425693
2581,2025-01-27,688079,美迪凯,0.024251446
2582,2025-01-27,2333,罗普斯金,0.024245083
2583,2025-01-27,688484,南芯科技,0.024235994
2584,2025-01-27,600012,皖通高速,0.024223998
2585,2025-01-27,2885,京泉华,0.024218172
2586,2025-01-27,600650,锦江在线,0.024216086
2587,2025-01-27,300826,测绘股份,0.024195746
2588,2025-01-27,600828,茂业商业,0.024194643
2589,2025-01-27,2761,浙江建投,0.024185136
2590,2025-01-27,688070,纵横股份,0.024178416
2591,2025-01-27,601827,三峰环境,0.024157628
2592,2025-01-27,300225,金力泰,0.024152845
2593,2025-01-27,300008,天海防务,0.02413486
2594,2025-01-27,605377,华旺科技,0.024127662
2595,2025-01-27,2824,和胜股份,0.024124086
2596,2025-01-27,300575,中旗股份,0.02409023
2597,2025-01-27,603025,大豪科技,0.024084747
2598,2025-01-27,688793,倍轻松,0.024074867
2599,2025-01-27,300462,华铭智能,0.024073422
2600,2025-01-27,300768,迪普科技,0.024063125
2601,2025-01-27,603190,亚通精工,0.024037942
2602,2025-01-27,2276,万马股份,0.024037853
2603,2025-01-27,300241,瑞丰光电,0.024036348
2604,2025-01-27,985,大庆华科,0.024032712
2605,2025-01-27,3022,联泓新科,0.024031147
2606,2025-01-27,626,远大控股,0.024021506
2607,2025-01-27,600522,中天科技,0.024011716
2608,2025-01-27,301137,哈焊华通,0.023999989
2609,2025-01-27,2998,优彩资源,0.023997992
2610,2025-01-27,300828,锐新科技,0.023961008
2611,2025-01-27,603396,金辰股份,0.023952663
2612,2025-01-27,688197,首药控股-U,0.023943543
2613,2025-01-27,688309,恒誉环保,0.0239394
2614,2025-01-27,600329,达仁堂,0.02392964
2615,2025-01-27,600527,江南高纤,0.02390349
2616,2025-01-27,301058,中粮科工,0.023895606
2617,2025-01-27,300831,派瑞股份,0.023893908
2618,2025-01-27,601108,财通证券,0.023893446
2619,2025-01-27,605298,必得科技,0.02389127
2620,2025-01-27,603833,欧派家居,0.023863196
2621,2025-01-27,601778,晶科科技,0.023839757
2622,2025-01-27,301293,三博脑科,0.023806915
2623,2025-01-27,655,金岭矿业,0.023805156
2624,2025-01-27,300705,九典制药,0.023803696
2625,2025-01-27,300005,探路者,0.023774222
2626,2025-01-27,688690,纳微科技,0.023768097
2627,2025-01-27,300070,碧水源,0.023765206
2628,2025-01-27,603708,家家悦,0.023752913
2629,2025-01-27,32,深桑达Ａ,0.023752138
2630,2025-01-27,600326,西藏天路,0.023746818
2631,2025-01-27,603160,汇顶科技,0.02374266
2632,2025-01-27,300455,航天智装,0.023714945
2633,2025-01-27,601155,新城控股,0.023710564
2634,2025-01-27,2679,福建金森,0.02369769
2635,2025-01-27,301178,天亿马,0.02369298
2636,2025-01-27,688238,和元生物,0.023677051
2637,2025-01-27,603301,振德医疗,0.023669511
2638,2025-01-27,688248,南网科技,0.023667917
2639,2025-01-27,603098,森特股份,0.023651198
2640,2025-01-27,600121,郑州煤电,0.023650825
2641,2025-01-27,300342,天银机电,0.023646474
2642,2025-01-27,603529,爱玛科技,0.02364336
2643,2025-01-27,600268,国电南自,0.023642927
2644,2025-01-27,300587,天铁科技,0.023640767
2645,2025-01-27,603341,龙旗科技,0.023622394
2646,2025-01-27,300111,向日葵,0.023617342
2647,2025-01-27,300227,光韵达,0.023606136
2648,2025-01-27,603324,盛剑科技,0.023602903
2649,2025-01-27,301322,绿通科技,0.023598328
2650,2025-01-27,301096,百诚医药,0.023586214
2651,2025-01-27,600366,宁波韵升,0.023585156
2652,2025-01-27,2264,新 华 都,0.023571596
2653,2025-01-27,600728,佳都科技,0.02356717
2654,2025-01-27,603076,乐惠国际,0.023562163
2655,2025-01-27,600725,云维股份,0.02355288
2656,2025-01-27,2671,龙泉股份,0.02355142
2657,2025-01-27,603061,金海通,0.0235468
2658,2025-01-27,300686,智动力,0.023545146
2659,2025-01-27,301398,星源卓镁,0.023535281
2660,2025-01-27,906,浙商中拓,0.023528084
2661,2025-01-27,301077,星华新材,0.023518652
2662,2025-01-27,601616,广电电气,0.023513883
2663,2025-01-27,1255,博菲电气,0.023488969
2664,2025-01-27,688211,中科微至,0.023483723
2665,2025-01-27,603365,水星家纺,0.023480117
2666,2025-01-27,29,深深房Ａ,0.023467153
2667,2025-01-27,2561,徐家汇,0.023466438
2668,2025-01-27,600616,金枫酒业,0.023444682
2669,2025-01-27,301505,苏州规划,0.0234427
2670,2025-01-27,301060,兰卫医学,0.023431957
2671,2025-01-27,766,通化金马,0.023426369
2672,2025-01-27,300140,节能环境,0.023410574
2673,2025-01-27,2643,万润股份,0.02340056
2674,2025-01-27,600561,江西长运,0.023396403
2675,2025-01-27,688548,广钢气体,0.023392126
2676,2025-01-27,688171,纬德信息,0.023356423
2677,2025-01-27,603607,京华激光,0.023342699
2678,2025-01-27,601696,中银证券,0.023339674
2679,2025-01-27,688486,龙迅股份,0.023331597
2680,2025-01-27,688161,威高骨科,0.023329481
2681,2025-01-27,603786,科博达,0.023329258
2682,2025-01-27,603219,富佳股份,0.023316845
2683,2025-01-27,600106,重庆路桥,0.023316741
2684,2025-01-27,2107,沃华医药,0.023305431
2685,2025-01-27,600100,同方股份,0.02330248
2686,2025-01-27,605598,上海港湾,0.02330169
2687,2025-01-27,603580,艾艾精工,0.023300573
2688,2025-01-27,2792,通宇通讯,0.023297265
2689,2025-01-27,301589,诺瓦星云,0.023293331
2690,2025-01-27,600837,海通证券,0.023288265
2691,2025-01-27,600958,东方证券,0.023287892
2692,2025-01-27,301212,联盛化学,0.023272395
2693,2025-01-27,688118,普元信息,0.023256823
2694,2025-01-27,11,深物业A,0.023254514
2695,2025-01-27,300885,海昌新材,0.023244336
2696,2025-01-27,301108,洁雅股份,0.023243248
2697,2025-01-27,603757,大元泵业,0.02323711
2698,2025-01-27,688160,步科股份,0.023229048
2699,2025-01-27,2019,亿帆医药,0.023225382
2700,2025-01-27,600776,东方通信,0.023215503
2701,2025-01-27,688006,杭可科技,0.023215398
2702,2025-01-27,600569,安阳钢铁,0.023213148
2703,2025-01-27,600739,辽宁成大,0.023208454
2704,2025-01-27,301086,鸿富瀚,0.023199335
2705,2025-01-27,2161,远 望 谷,0.023181468
2706,2025-01-27,603207,小方制药,0.023176476
2707,2025-01-27,601156,东航物流,0.02314265
2708,2025-01-27,3026,中晶科技,0.02314192
2709,2025-01-27,688376,美埃科技,0.023141012
2710,2025-01-27,600403,大有能源,0.02313283
2711,2025-01-27,2676,顺威股份,0.023132324
2712,2025-01-27,601111,中国国航,0.023129344
2713,2025-01-27,300777,中简科技,0.023099124
2714,2025-01-27,2218,拓日新能,0.02308707
2715,2025-01-27,2607,中公教育,0.023085043
2716,2025-01-27,300433,蓝思科技,0.023075938
2717,2025-01-27,605196,华通线缆,0.023074716
2718,2025-01-27,911,广农糖业,0.023062855
2719,2025-01-27,300004,南风股份,0.023059338
2720,2025-01-27,301378,通达海,0.023045853
2721,2025-01-27,300407,凯发电气,0.02304317
2722,2025-01-27,601399,国机重装,0.023034856
2723,2025-01-27,2976,瑞玛精密,0.023032904
2724,2025-01-27,605258,协和电子,0.023032859
2725,2025-01-27,2997,瑞鹄模具,0.0230252
2726,2025-01-27,688403,汇成股份,0.023006693
2727,2025-01-27,688247,宣泰医药,0.02300094
2728,2025-01-27,600765,中航重机,0.022985697
2729,2025-01-27,300611,美力科技,0.022984087
2730,2025-01-27,603578,三星新材,0.022975162
2731,2025-01-27,600618,氯碱化工,0.022966117
2732,2025-01-27,2922,伊戈尔,0.022966102
2733,2025-01-27,300397,天和防务,0.022963732
2734,2025-01-27,605028,世茂能源,0.022936568
2735,2025-01-27,2845,同兴达,0.022925869
2736,2025-01-27,300929,华骐环保,0.022925079
2737,2025-01-27,600515,海南机场,0.022912756
2738,2025-01-27,603881,数据港,0.022894591
2739,2025-01-27,605208,永茂泰,0.022878349
2740,2025-01-27,603385,惠达卫浴,0.02287227
2741,2025-01-27,603378,亚士创能,0.022846535
2742,2025-01-27,300120,经纬辉开,0.022846282
2743,2025-01-27,300586,美联新材,0.02283962
2744,2025-01-27,2138,顺络电子,0.022832349
2745,2025-01-27,300018,中元股份,0.022831753
2746,2025-01-27,688591,泰凌微,0.022806033
2747,2025-01-27,603520,司太立,0.022800133
2748,2025-01-27,603630,拉芳家化,0.02279678
2749,2025-01-27,2344,海宁皮城,0.022789448
2750,2025-01-27,603069,海汽集团,0.02278471
2751,2025-01-27,688472,阿特斯,0.022782966
2752,2025-01-27,601788,光大证券,0.022777706
2753,2025-01-27,300545,联得装备,0.022772849
2754,2025-01-27,600325,华发股份,0.022763357
2755,2025-01-27,2326,永太科技,0.02275905
2756,2025-01-27,301035,润丰股份,0.022746682
2757,2025-01-27,600821,金开新能,0.02273953
2758,2025-01-27,603610,麒盛科技,0.022730887
2759,2025-01-27,300982,苏文电能,0.022729084
2760,2025-01-27,600683,京投发展,0.022721365
2761,2025-01-27,2469,三维化学,0.02271825
2762,2025-01-27,300226,上海钢联,0.022701547
2763,2025-01-27,301237,和顺科技,0.02269423
2764,2025-01-27,688163,赛伦生物,0.022688389
2765,2025-01-27,688419,耐科装备,0.022686899
2766,2025-01-27,600082,海泰发展,0.022681177
2767,2025-01-27,301135,瑞德智能,0.022652626
2768,2025-01-27,688177,百奥泰,0.022641718
2769,2025-01-27,300970,华绿生物,0.022636056
2770,2025-01-27,300880,迦南智能,0.022634447
2771,2025-01-27,2559,亚威股份,0.022626162
2772,2025-01-27,300126,锐奇股份,0.022615135
2773,2025-01-27,605399,晨光新材,0.02261199
2774,2025-01-27,300724,捷佳伟创,0.022601321
2775,2025-01-27,600173,卧龙地产,0.022583261
2776,2025-01-27,600055,万东医疗,0.02256608
2777,2025-01-27,605056,咸亨国际,0.022561058
2778,2025-01-27,600814,杭州解百,0.022555128
2779,2025-01-27,970,中科三环,0.022538707
2780,2025-01-27,300505,川金诺,0.02252911
2781,2025-01-27,301256,华融化学,0.022521123
2782,2025-01-27,601336,新华保险,0.022490442
2783,2025-01-27,600866,星湖科技,0.02248925
2784,2025-01-27,603727,博迈科,0.02248396
2785,2025-01-27,300014,亿纬锂能,0.022481978
2786,2025-01-27,2977,天箭科技,0.022476003
2787,2025-01-27,600157,永泰能源,0.022473797
2788,2025-01-27,300214,日科化学,0.022467032
2789,2025-01-27,603931,格林达,0.022463262
2790,2025-01-27,688389,普门科技,0.022456959
2791,2025-01-27,2590,万安科技,0.022456482
2792,2025-01-27,300729,乐歌股份,0.022454739
2793,2025-01-27,301358,湖南裕能,0.022432134
2794,2025-01-27,898,鞍钢股份,0.02242811
2795,2025-01-27,301201,诚达药业,0.022417322
2796,2025-01-27,603956,威派格,0.022409424
2797,2025-01-27,505,京粮控股,0.02240251
2798,2025-01-27,20,深华发Ａ,0.022399738
2799,2025-01-27,2939,长城证券,0.022386134
2800,2025-01-27,2957,科瑞技术,0.022382975
2801,2025-01-27,2722,物产金轮,0.022374958
2802,2025-01-27,1210,金房能源,0.022366107
2803,2025-01-27,688366,昊海生科,0.022365704
2804,2025-01-27,603303,得邦照明,0.02235733
2805,2025-01-27,603618,杭电股份,0.022351265
2806,2025-01-27,2185,华天科技,0.022349328
2807,2025-01-27,600103,青山纸业,0.02234286
2808,2025-01-27,2198,嘉应制药,0.022332937
2809,2025-01-27,967,盈峰环境,0.022330686
2810,2025-01-27,300858,科拓生物,0.022326529
2811,2025-01-27,301233,盛帮股份,0.022324607
2812,2025-01-27,300911,亿田智能,0.02231805
2813,2025-01-27,600525,长园集团,0.022314593
2814,2025-01-27,2908,德生科技,0.02231361
2815,2025-01-27,601969,海南矿业,0.022311658
2816,2025-01-27,605369,拱东医疗,0.022307709
2817,2025-01-27,2703,浙江世宝,0.022304863
2818,2025-01-27,603619,中曼石油,0.022273526
2819,2025-01-27,603677,奇精机械,0.0222494
2820,2025-01-27,301113,雅艺科技,0.022233322
2821,2025-01-27,603787,新日股份,0.022227049
2822,2025-01-27,601068,中铝国际,0.02222222
2823,2025-01-27,601375,中原证券,0.022212267
2824,2025-01-27,300916,朗特智能,0.022208393
2825,2025-01-27,2451,摩恩电气,0.022193536
2826,2025-01-27,300838,浙江力诺,0.02219285
2827,2025-01-27,300955,嘉亨家化,0.022181869
2828,2025-01-27,301290,东星医疗,0.022171125
2829,2025-01-27,2573,清新环境,0.022146687
2830,2025-01-27,688395,正弦电气,0.022146419
2831,2025-01-27,300741,华宝股份,0.022141278
2832,2025-01-27,2174,游族网络,0.022129536
2833,2025-01-27,600812,华北制药,0.022127777
2834,2025-01-27,300320,海达股份,0.022125676
2835,2025-01-27,2876,三利谱,0.022123873
2836,2025-01-27,718,苏宁环球,0.022122547
2837,2025-01-27,2692,远程股份,0.022104695
2838,2025-01-27,975,山金国际,0.022078127
2839,2025-01-27,688516,奥特维,0.022074774
2840,2025-01-27,301138,华研精机,0.022070184
2841,2025-01-27,2840,华统股份,0.022062987
2842,2025-01-27,563,陕国投Ａ,0.022061706
2843,2025-01-27,600061,国投资本,0.02205792
2844,2025-01-27,926,福星股份,0.022045955
2845,2025-01-27,601279,英利汽车,0.02204585
2846,2025-01-27,603660,苏州科达,0.022041544
2847,2025-01-27,300048,合康新能,0.022029325
2848,2025-01-27,601326,秦港股份,0.022018269
2849,2025-01-27,2644,佛慈制药,0.022008479
2850,2025-01-27,300221,银禧科技,0.02198477
2851,2025-01-27,300207,欣旺达,0.021970764
2852,2025-01-27,2646,天佑德酒,0.021963045
2853,2025-01-27,300665,飞鹿股份,0.021962628
2854,2025-01-27,933,神火股份,0.02195841
2855,2025-01-27,688557,兰剑智能,0.02195032
2856,2025-01-27,402,金 融 街,0.021941513
2857,2025-01-27,688265,南模生物,0.021941096
2858,2025-01-27,688396,华润微,0.021934211
2859,2025-01-27,688020,方邦股份,0.021930486
2860,2025-01-27,2194,武汉凡谷,0.021920204
2861,2025-01-27,688606,奥泰生物,0.021916613
2862,2025-01-27,301515,港通医疗,0.021913439
2863,2025-01-27,600118,中国卫星,0.021911502
2864,2025-01-27,603976,正川股份,0.021901116
2865,2025-01-27,767,晋控电力,0.021894395
2866,2025-01-27,2541,鸿路钢构,0.021893576
2867,2025-01-27,2813,路畅科技,0.02188754
2868,2025-01-27,1267,汇绿生态,0.021883026
2869,2025-01-27,300534,陇神戎发,0.021865025
2870,2025-01-27,600992,贵绳股份,0.021809652
2871,2025-01-27,811,冰轮环境,0.021794692
2872,2025-01-27,301508,中机认检,0.021760717
2873,2025-01-27,300181,佐力药业,0.021723717
2874,2025-01-27,605111,新洁能,0.021721423
2875,2025-01-27,600792,云煤能源,0.021712601
2876,2025-01-27,2104,恒宝股份,0.02171196
2877,2025-01-27,300642,透景生命,0.021711603
2878,2025-01-27,546,金圆股份,0.021701649
2879,2025-01-27,2763,汇洁股份,0.021698162
2880,2025-01-27,688056,莱伯泰科,0.021686643
2881,2025-01-27,688678,福立旺,0.021683678
2882,2025-01-27,603901,永创智能,0.02167146
2883,2025-01-27,603577,汇金通,0.021658123
2884,2025-01-27,605296,神农集团,0.021634623
2885,2025-01-27,2548,金新农,0.02163072
2886,2025-01-27,688069,德林海,0.02161859
2887,2025-01-27,2697,红旗连锁,0.02161403
2888,2025-01-27,603909,建发合诚,0.02161257
2889,2025-01-27,301331,恩威医药,0.021611184
2890,2025-01-27,2779,中坚科技,0.021606624
2891,2025-01-27,688116,天奈科技,0.021606207
2892,2025-01-27,300327,中颖电子,0.021577448
2893,2025-01-27,688305,科德数控,0.021577433
2894,2025-01-27,600595,中孚实业,0.021576166
2895,2025-01-27,881,中广核技,0.021543235
2896,2025-01-27,603088,宁波精达,0.021539822
2897,2025-01-27,601377,兴业证券,0.021535307
2898,2025-01-27,603317,天味食品,0.021532401
2899,2025-01-27,688575,亚辉龙,0.021524668
2900,2025-01-27,300485,赛升药业,0.021510527
2901,2025-01-27,688558,国盛智科,0.021510065
2902,2025-01-27,688280,精进电动-UW,0.021509275
2903,2025-01-27,300745,欣锐科技,0.021496609
2904,2025-01-27,2966,苏州银行,0.021490455
2905,2025-01-27,423,东阿阿胶,0.021483317
2906,2025-01-27,2668,TCL智家,0.021482795
2907,2025-01-27,600226,亨通股份,0.021477297
2908,2025-01-27,2728,特一药业,0.021465763
2909,2025-01-27,301278,快可电子,0.021457896
2910,2025-01-27,688230,芯导科技,0.021446526
2911,2025-01-27,600346,恒力石化,0.02141811
2912,2025-01-27,600785,新华百货,0.021406353
2913,2025-01-27,301057,汇隆新材,0.02140586
2914,2025-01-27,603836,海程邦达,0.021399394
2915,2025-01-27,2971,和远气体,0.021386877
2916,2025-01-27,2709,天赐材料,0.021378145
2917,2025-01-27,601066,中信建投,0.021377176
2918,2025-01-27,600131,国网信通,0.02137664
2919,2025-01-27,300566,激智科技,0.02137193
2920,2025-01-27,301156,美农生物,0.021369189
2921,2025-01-27,2942,新农股份,0.021350399
2922,2025-01-27,300213,佳讯飞鸿,0.02134718
2923,2025-01-27,300725,药石科技,0.021345124
2924,2025-01-27,2565,顺灏股份,0.021339327
2925,2025-01-27,301050,雷电微力,0.02133751
2926,2025-01-27,301032,新柴股份,0.021337077
2927,2025-01-27,300946,恒而达,0.021335334
2928,2025-01-27,600088,中视传媒,0.021327779
2929,2025-01-27,300633,开立医疗,0.021321446
2930,2025-01-27,751,锌业股份,0.021300316
2931,2025-01-27,300174,元力股份,0.021299586
2932,2025-01-27,1896,豫能控股,0.021289453
2933,2025-01-27,688586,江航装备,0.021282718
2934,2025-01-27,605198,安德利,0.021282375
2935,2025-01-27,603188,亚邦股份,0.021280214
2936,2025-01-27,2535,林州重机,0.02126871
2937,2025-01-27,300568,星源材质,0.021261796
2938,2025-01-27,688357,建龙微纳,0.021261215
2939,2025-01-27,603093,南华期货,0.021255448
2940,2025-01-27,2996,顺博合金,0.021241948
2941,2025-01-27,600853,龙建股份,0.021240965
2942,2025-01-27,852,石化机械,0.021229967
2943,2025-01-27,688728,格科微,0.02121897
2944,2025-01-27,2961,瑞达期货,0.021194696
2945,2025-01-27,301051,信濠光电,0.021186888
2946,2025-01-27,688391,钜泉科技,0.021182403
2947,2025-01-27,600459,贵研铂业,0.021172091
2948,2025-01-27,603198,迎驾贡酒,0.021168351
2949,2025-01-27,603281,江瀚新材,0.021163717
2950,2025-01-27,2652,扬子新材,0.021160468
2951,2025-01-27,2017,东信和平,0.021144733
2952,2025-01-27,701,厦门信达,0.021133319
2953,2025-01-27,3041,真爱美家,0.021107197
2954,2025-01-27,603903,中持股份,0.021101221
2955,2025-01-27,300978,东箭科技,0.021077812
2956,2025-01-27,600566,济川药业,0.021054253
2957,2025-01-27,301098,金埔园林,0.021050453
2958,2025-01-27,603055,台华新材,0.021047205
2959,2025-01-27,600717,天津港,0.021023616
2960,2025-01-27,600900,长江电力,0.021022514
2961,2025-01-27,300759,康龙化成,0.021010503
2962,2025-01-27,301045,天禄科技,0.020990655
2963,2025-01-27,755,山西高速,0.02098225
2964,2025-01-27,688233,神工股份,0.02098155
2965,2025-01-27,2919,名臣健康,0.02097696
2966,2025-01-27,603995,甬金股份,0.020972818
2967,2025-01-27,688777,中控技术,0.020967618
2968,2025-01-27,2035,华帝股份,0.020960405
2969,2025-01-27,603798,康普顿,0.020957008
2970,2025-01-27,688019,安集科技,0.02095379
2971,2025-01-27,603266,天龙股份,0.02091287
2972,2025-01-27,2093,国脉科技,0.020910561
2973,2025-01-27,516,国际医学,0.02090983
2974,2025-01-27,603530,神马电力,0.020903513
2975,2025-01-27,688582,芯动联科,0.02090028
2976,2025-01-27,1360,南矿集团,0.020885512
2977,2025-01-27,603208,江山欧派,0.020863146
2978,2025-01-27,600768,宁波富邦,0.020850793
2979,2025-01-27,603283,赛腾股份,0.02084674
2980,2025-01-27,2683,广东宏大,0.020841017
2981,2025-01-27,931,中 关 村,0.020840973
2982,2025-01-27,301355,南王科技,0.02083306
2983,2025-01-27,603676,卫信康,0.020811021
2984,2025-01-27,300204,舒泰神,0.02080132
2985,2025-01-27,603612,索通发展,0.020780638
2986,2025-01-27,603933,睿能科技,0.020777285
2987,2025-01-27,605580,恒盛能源,0.020766094
2988,2025-01-27,688131,皓元医药,0.020762324
2989,2025-01-27,2512,达华智能,0.020760655
2990,2025-01-27,2172,澳洋健康,0.02075833
2991,2025-01-27,603327,福蓉科技,0.020743847
2992,2025-01-27,603605,珀莱雅,0.020713821
2993,2025-01-27,603275,众辰科技,0.020693675
2994,2025-01-27,957,中通客车,0.02069126
2995,2025-01-27,603353,和顺石油,0.020657033
2996,2025-01-27,601133,柏诚股份,0.020648807
2997,2025-01-27,1219,青岛食品,0.020642892
2998,2025-01-27,2363,隆基机械,0.020642474
2999,2025-01-27,603227,雪峰科技,0.020629704
3000,2025-01-27,603998,方盛制药,0.020624608
3001,2025-01-27,300549,优德精密,0.020624205
3002,2025-01-27,2378,章源钨业,0.020621628
3003,2025-01-27,301314,科瑞思,0.020615757
3004,2025-01-27,688061,灿瑞科技,0.020610034
3005,2025-01-27,2795,永和智控,0.02061002
3006,2025-01-27,543,皖能电力,0.020607948
3007,2025-01-27,2,万  科Ａ,0.020603701
3008,2025-01-27,603113,金能科技,0.020603657
3009,2025-01-27,600383,金地集团,0.020594016
3010,2025-01-27,2163,海南发展,0.020586565
3011,2025-01-27,2090,金智科技,0.020585865
3012,2025-01-27,600310,广西能源,0.02057989
3013,2025-01-27,69,华侨城Ａ,0.020577848
3014,2025-01-27,688078,龙软科技,0.02057217
3015,2025-01-27,601918,新集能源,0.020561919
3016,2025-01-27,688157,松井股份,0.020558879
3017,2025-01-27,601898,中煤能源,0.020550534
3018,2025-01-27,688315,诺禾致源,0.020529851
3019,2025-01-27,688428,诺诚健华-U,0.020523801
3020,2025-01-27,688349,三一重能,0.02051194
3021,2025-01-27,688353,华盛锂电,0.020502657
3022,2025-01-27,688268,华特气体,0.02049841
3023,2025-01-27,600029,南方航空,0.020490706
3024,2025-01-27,601699,潞安环能,0.020479918
3025,2025-01-27,1205,盛航股份,0.020477235
3026,2025-01-27,300243,瑞丰高材,0.0204653
3027,2025-01-27,1288,运机集团,0.020462781
3028,2025-01-27,301221,光庭信息,0.020443931
3029,2025-01-27,927,中国铁物,0.020442545
3030,2025-01-27,300445,康斯特,0.020437807
3031,2025-01-27,603169,兰石重装,0.020423949
3032,2025-01-27,600418,江淮汽车,0.020413771
3033,2025-01-27,601825,沪农商行,0.020405307
3034,2025-01-27,301428,世纪恒通,0.02038391
3035,2025-01-27,688067,爱威科技,0.020381644
3036,2025-01-27,1324,长青科技,0.020370066
3037,2025-01-27,596,古井贡酒,0.020365775
3038,2025-01-27,688600,皖仪科技,0.020363808
3039,2025-01-27,601005,重庆钢铁,0.020352304
3040,2025-01-27,300604,长川科技,0.02034831
3041,2025-01-27,603758,秦安股份,0.020347089
3042,2025-01-27,300533,冰川网络,0.020338058
3043,2025-01-27,600266,城建发展,0.020334959
3044,2025-01-27,301519,舜禹股份,0.0203294
3045,2025-01-27,688125,安达智能,0.020327896
3046,2025-01-27,688015,交控科技,0.020326331
3047,2025-01-27,600416,湘电股份,0.020315096
3048,2025-01-27,1260,坤泰股份,0.020313933
3049,2025-01-27,301209,联合化学,0.020308971
3050,2025-01-27,2962,五方光电,0.02029632
3051,2025-01-27,603721,中广天择,0.02028808
3052,2025-01-27,2906,华阳集团,0.020287037
3053,2025-01-27,600333,长春燃气,0.020264417
3054,2025-01-27,603168,莎普爱思,0.020262256
3055,2025-01-27,688655,迅捷兴,0.020245165
3056,2025-01-27,2044,美年健康,0.020231724
3057,2025-01-27,600478,科力远,0.020226523
3058,2025-01-27,603416,信捷电气,0.020213902
3059,2025-01-27,688083,中望软件,0.020207092
3060,2025-01-27,603755,日辰股份,0.020202309
3061,2025-01-27,301023,江南奕帆,0.020200461
3062,2025-01-27,2893,京能热力,0.020198211
3063,2025-01-27,993,闽东电力,0.020190254
3064,2025-01-27,300088,长信科技,0.02018328
3065,2025-01-27,600350,山东高速,0.020178229
3066,2025-01-27,688601,力芯微,0.020175397
3067,2025-01-27,2823,凯中精密,0.020173326
3068,2025-01-27,949,新乡化纤,0.020163849
3069,2025-01-27,300254,仟源医药,0.020131826
3070,2025-01-27,688039,当虹科技,0.020128071
3071,2025-01-27,688121,卓然股份,0.02012676
3072,2025-01-27,300993,玉马科技,0.020126343
3073,2025-01-27,300631,久吾高科,0.020125926
3074,2025-01-27,2968,新大正,0.020125598
3075,2025-01-27,605122,四方新材,0.020118281
3076,2025-01-27,300595,欧普康视,0.020115808
3077,2025-01-27,601901,方正证券,0.020100787
3078,2025-01-27,3038,鑫铂股份,0.020090386
3079,2025-01-27,2591,恒大高新,0.020084545
3080,2025-01-27,603900,莱绅通灵,0.020083636
3081,2025-01-27,300332,天壕能源,0.020073578
3082,2025-01-27,2438,江苏神通,0.020070434
3083,2025-01-27,605255,天普股份,0.020050392
3084,2025-01-27,3002,壶化股份,0.020048767
3085,2025-01-27,600201,生物股份,0.020035908
3086,2025-01-27,2429,兆驰股份,0.020032808
3087,2025-01-27,603006,联明股份,0.02002959
3088,2025-01-27,601963,重庆银行,0.02002348
3089,2025-01-27,600030,中信证券,0.020023122
3090,2025-01-27,600854,春兰股份,0.020013377
3091,2025-01-27,300463,迈克生物,0.019996285
3092,2025-01-27,300467,迅游科技,0.019991383
3093,2025-01-27,688689,银河微电,0.019990295
3094,2025-01-27,300422,博世科,0.019982055
3095,2025-01-27,600547,山东黄金,0.01997213
3096,2025-01-27,603075,热威股份,0.019960254
3097,2025-01-27,601633,长城汽车,0.019954145
3098,2025-01-27,600282,南钢股份,0.019940078
3099,2025-01-27,603883,老百姓,0.019937575
3100,2025-01-27,2125,湘潭电化,0.019933566
3101,2025-01-27,2707,众信旅游,0.019932956
3102,2025-01-27,600223,福瑞达,0.019931749
3103,2025-01-27,603345,安井食品,0.019926429
3104,2025-01-27,688563,航材股份,0.019916013
3105,2025-01-27,688786,悦安新材,0.019892171
3106,2025-01-27,603267,鸿远电子,0.019891754
3107,2025-01-27,2239,奥特佳,0.019891486
3108,2025-01-27,603939,益丰药房,0.019861192
3109,2025-01-27,733,振华科技,0.01984562
3110,2025-01-27,978,桂林旅游,0.019842893
3111,2025-01-27,603466,风语筑,0.019836858
3112,2025-01-27,601606,长城军工,0.019829318
3113,2025-01-27,1216,华瓷股份,0.019819826
3114,2025-01-27,2101,广东鸿图,0.019808471
3115,2025-01-27,603077,和邦生物,0.019803524
3116,2025-01-27,850,华茂股份,0.01979433
3117,2025-01-27,603290,斯达半导,0.019790187
3118,2025-01-27,300400,劲拓股份,0.01978238
3119,2025-01-27,600851,海欣股份,0.01978077
3120,2025-01-27,600436,片仔癀,0.019775614
3121,2025-01-27,778,新兴铸管,0.019770846
3122,2025-01-27,2758,浙农股份,0.019770086
3123,2025-01-27,600231,凌钢股份,0.019764721
3124,2025-01-27,2290,禾盛新材,0.019757047
3125,2025-01-27,300907,康平科技,0.019729108
3126,2025-01-27,603938,三孚股份,0.019726053
3127,2025-01-27,783,长江证券,0.019700587
3128,2025-01-27,301308,江波龙,0.019699901
3129,2025-01-27,601113,华鼎股份,0.019681469
3130,2025-01-27,603058,永吉股份,0.019675463
3131,2025-01-27,2215,诺 普 信,0.019666865
3132,2025-01-27,300304,云意电气,0.019656315
3133,2025-01-27,603871,嘉友国际,0.019655764
3134,2025-01-27,605389,长龄液压,0.01963365
3135,2025-01-27,688739,成大生物,0.019633591
3136,2025-01-27,300423,昇辉科技,0.019630998
3137,2025-01-27,688335,复洁环保,0.019630745
3138,2025-01-27,688550,瑞联新材,0.019602463
3139,2025-01-27,2186,全 聚 德,0.01958716
3140,2025-01-27,601857,中国石油,0.019573063
3141,2025-01-27,2487,大金重工,0.01957184
3142,2025-01-27,2828,贝肯能源,0.019492015
3143,2025-01-27,600860,京城股份,0.019491032
3144,2025-01-27,2736,国信证券,0.019487947
3145,2025-01-27,600391,航发科技,0.01947926
3146,2025-01-27,300909,汇创达,0.019477442
3147,2025-01-27,603225,新凤鸣,0.019467637
3148,2025-01-27,688007,光峰科技,0.019462109
3149,2025-01-27,600783,鲁信创投,0.019461438
3150,2025-01-27,688333,铂力特,0.019460633
3151,2025-01-27,603122,合富中国,0.019450977
3152,2025-01-27,603908,牧高笛,0.019450784
3153,2025-01-27,300958,建工修复,0.019443646
3154,2025-01-27,688179,阿拉丁,0.019435838
3155,2025-01-27,301267,华厦眼科,0.019425482
3156,2025-01-27,300906,日月明,0.019421235
3157,2025-01-27,601368,绿城水务,0.019403279
3158,2025-01-27,2202,金风科技,0.019393757
3159,2025-01-27,603477,巨星农牧,0.01938802
3160,2025-01-27,921,海信家电,0.01937975
3161,2025-01-27,688155,先惠技术,0.019372672
3162,2025-01-27,601869,长飞光纤,0.019351542
3163,2025-01-27,2589,瑞康医药,0.019342616
3164,2025-01-27,600771,广誉远,0.019332886
3165,2025-01-27,601878,浙商证券,0.019325837
3166,2025-01-27,300414,中光防雷,0.019309342
3167,2025-01-27,301052,果麦文化,0.019298673
3168,2025-01-27,688789,宏华数科,0.019298598
3169,2025-01-27,300817,双飞集团,0.01928167
3170,2025-01-27,688466,金科环境,0.019259289
3171,2025-01-27,301218,华是科技,0.019249156
3172,2025-01-27,301093,华兰股份,0.019243479
3173,2025-01-27,301386,未来电器,0.019231841
3174,2025-01-27,2777,久远银海,0.019209743
3175,2025-01-27,300920,润阳科技,0.019184709
3176,2025-01-27,2653,海思科,0.019167349
3177,2025-01-27,603949,雪龙集团,0.019161925
3178,2025-01-27,603801,志邦家居,0.019154117
3179,2025-01-27,688139,海尔生物,0.019146457
3180,2025-01-27,300387,富邦科技,0.019145295
3181,2025-01-27,300573,兴齐眼药,0.019144088
3182,2025-01-27,2074,国轩高科,0.019133195
3183,2025-01-27,603209,兴通股份,0.019132525
3184,2025-01-27,2069,獐子岛,0.019131899
3185,2025-01-27,605060,联德股份,0.019130155
3186,2025-01-27,301083,百胜智能,0.019119605
3187,2025-01-27,2798,帝欧家居,0.019116655
3188,2025-01-27,601216,君正集团,0.01910673
3189,2025-01-27,2475,立讯精密,0.019102842
3190,2025-01-27,9,中国宝安,0.019082457
3191,2025-01-27,605177,东亚药业,0.019080043
3192,2025-01-27,600072,中船科技,0.01906085
3193,2025-01-27,688501,青达环保,0.0190465
3194,2025-01-27,603602,纵横通信,0.019042164
3195,2025-01-27,2606,大连电瓷,0.019033492
3196,2025-01-27,301088,戎美股份,0.019027218
3197,2025-01-27,2888,惠威科技,0.019020826
3198,2025-01-27,657,中钨高新,0.01898697
3199,2025-01-27,688372,伟测科技,0.018978715
3200,2025-01-27,1234,泰慕士,0.018971995
3201,2025-01-27,300528,幸福蓝海,0.018959537
3202,2025-01-27,600099,林海股份,0.01895374
3203,2025-01-27,1914,招商积余,0.018942297
3204,2025-01-27,301580,爱迪特,0.018939584
3205,2025-01-27,301363,美好医疗,0.018927857
3206,2025-01-27,688018,乐鑫科技,0.018927053
3207,2025-01-27,600779,水井坊,0.018905655
3208,2025-01-27,2026,山东威达,0.018902019
3209,2025-01-27,300928,华安鑫创,0.018899366
3210,2025-01-27,600007,中国国贸,0.018897936
3211,2025-01-27,300021,大禹节水,0.018883854
3212,2025-01-27,2144,宏达高科,0.018874303
3213,2025-01-27,300899,上海凯鑫,0.01886478
3214,2025-01-27,600675,中华企业,0.018862784
3215,2025-01-27,300638,广和通,0.018861607
3216,2025-01-27,300507,苏奥传感,0.018859431
3217,2025-01-27,300752,隆利科技,0.018855989
3218,2025-01-27,600039,四川路桥,0.018845722
3219,2025-01-27,600293,三峡新材,0.018837571
3220,2025-01-27,603333,尚纬股份,0.018833116
3221,2025-01-27,301388,欣灵电气,0.018815324
3222,2025-01-27,603739,蔚蓝生物,0.018810347
3223,2025-01-27,603657,春光科技,0.018807992
3224,2025-01-27,2155,湖南黄金,0.018794268
3225,2025-01-27,300791,仙乐健康,0.01879251
3226,2025-01-27,603022,新通联,0.018787712
3227,2025-01-27,688347,华虹公司,0.01878038
3228,2025-01-27,300877,金春股份,0.018771991
3229,2025-01-27,688382,益方生物-U,0.018771172
3230,2025-01-27,300585,奥联电子,0.018763289
3231,2025-01-27,2249,大洋电机,0.018757194
3232,2025-01-27,600721,百花医药,0.018755361
3233,2025-01-27,409,云鼎科技,0.018748522
3234,2025-01-27,688663,新风光,0.018747106
3235,2025-01-27,45,深纺织Ａ,0.01874189
3236,2025-01-27,300236,上海新阳,0.018741101
3237,2025-01-27,300389,艾比森,0.018739656
3238,2025-01-27,603609,禾丰股份,0.018738627
3239,2025-01-27,603712,七一二,0.01869908
3240,2025-01-27,637,茂化实华,0.018689394
3241,2025-01-27,600784,鲁银投资,0.018680885
3242,2025-01-27,603167,渤海轮渡,0.018677562
3243,2025-01-27,603229,奥翔药业,0.018665552
3244,2025-01-27,601069,西部黄金,0.018664643
3245,2025-01-27,300915,海融科技,0.018660173
3246,2025-01-27,708,中信特钢,0.018639669
3247,2025-01-27,603311,金海高科,0.01863654
3248,2025-01-27,300303,聚飞光电,0.018628761
3249,2025-01-27,2886,沃特股份,0.018628106
3250,2025-01-27,2097,山河智能,0.018618956
3251,2025-01-27,600746,江苏索普,0.018610492
3252,2025-01-27,885,城发环境,0.018590018
3253,2025-01-27,300800,力合科技,0.01858455
3254,2025-01-27,603701,德宏股份,0.018573001
3255,2025-01-27,1258,立新能源,0.018572643
3256,2025-01-27,2032,苏 泊 尔,0.018540978
3257,2025-01-27,600235,民丰特纸,0.0185346
3258,2025-01-27,612,焦作万方,0.018529162
3259,2025-01-27,600893,航发动力,0.018498287
3260,2025-01-27,688120,华海清科,0.01849781
3261,2025-01-27,301103,何氏眼科,0.018466905
3262,2025-01-27,2753,永东股份,0.018459216
3263,2025-01-27,300871,回盛生物,0.018451631
3264,2025-01-27,2926,华西证券,0.018446892
3265,2025-01-27,593,德龙汇能,0.01844509
3266,2025-01-27,600963,岳阳林纸,0.018444687
3267,2025-01-27,35,中国天楹,0.018440694
3268,2025-01-27,300016,北陆药业,0.018438265
3269,2025-01-27,688657,浩辰软件,0.018435284
3270,2025-01-27,688799,华纳药厂,0.018421844
3271,2025-01-27,688236,春立医疗,0.018420637
3272,2025-01-27,600369,西南证券,0.018404856
3273,2025-01-27,2343,慈文传媒,0.018387258
3274,2025-01-27,603285,键邦股份,0.018374905
3275,2025-01-27,300527,中船应急,0.018367857
3276,2025-01-27,301179,泽宇智能,0.018361121
3277,2025-01-27,2500,山西证券,0.018361062
3278,2025-01-27,300833,浩洋股份,0.018349484
3279,2025-01-27,603980,吉华集团,0.01834318
3280,2025-01-27,301065,本立科技,0.018337518
3281,2025-01-27,300092,科新机电,0.018304676
3282,2025-01-27,600298,安琪酵母,0.018290147
3283,2025-01-27,300893,松原股份,0.018289968
3284,2025-01-27,2126,银轮股份,0.018276423
3285,2025-01-27,603569,长久物流,0.018274128
3286,2025-01-27,2649,博彦科技,0.018271878
3287,2025-01-27,301359,东南电子,0.018270448
3288,2025-01-27,600378,昊华科技,0.018263191
3289,2025-01-27,603650,彤程新材,0.018239245
3290,2025-01-27,688033,天宜上佳,0.01822944
3291,2025-01-27,600993,马应龙,0.018228307
3292,2025-01-27,301222,浙江恒威,0.018224463
3293,2025-01-27,300589,江龙船艇,0.018220976
3294,2025-01-27,605001,威奥股份,0.01821521
3295,2025-01-27,688628,优利德,0.018213362
3296,2025-01-27,301459,丰茂股份,0.018208727
3297,2025-01-27,603360,百傲化学,0.018195435
3298,2025-01-27,600809,山西汾酒,0.01819463
3299,2025-01-27,300041,回天新材,0.018194273
3300,2025-01-27,600221,海航控股,0.018183038
3301,2025-01-27,605333,沪光股份,0.018175289
3302,2025-01-27,1300,三柏硕,0.018166497
3303,2025-01-27,300373,扬杰科技,0.01816243
3304,2025-01-27,605169,洪通燃气,0.018158823
3305,2025-01-27,688610,埃科光电,0.018152446
3306,2025-01-27,688718,唯赛勃,0.01814486
3307,2025-01-27,600338,西藏珠峰,0.018136501
3308,2025-01-27,301100,风光股份,0.018136144
3309,2025-01-27,600207,安彩高科,0.018125623
3310,2025-01-27,600966,博汇纸业,0.01812306
3311,2025-01-27,301305,朗坤环境,0.018119246
3312,2025-01-27,300963,中洲特材,0.01810512
3313,2025-01-27,601218,吉鑫科技,0.018091306
3314,2025-01-27,600756,浪潮软件,0.01807101
3315,2025-01-27,600969,郴电国际,0.018068269
3316,2025-01-27,603606,东方电缆,0.018062979
3317,2025-01-27,2286,保龄宝,0.01806134
3318,2025-01-27,2546,新联电子,0.018047601
3319,2025-01-27,600906,财达证券,0.018039718
3320,2025-01-27,688355,明志科技,0.018032476
3321,2025-01-27,2600,领益智造,0.018028751
3322,2025-01-27,605589,圣泉集团,0.018025324
3323,2025-01-27,2641,公元股份,0.018020585
3324,2025-01-27,603866,桃李面包,0.018016636
3325,2025-01-27,2916,深南电路,0.018015385
3326,2025-01-27,688425,铁建重工,0.017994061
3327,2025-01-27,713,丰乐种业,0.01799132
3328,2025-01-27,688210,统联精密,0.0179881
3329,2025-01-27,600496,精工钢构,0.017980129
3330,2025-01-27,600176,中国巨石,0.017963275
3331,2025-01-27,2419,天虹股份,0.017955258
3332,2025-01-27,603179,新泉股份,0.017949209
3333,2025-01-27,2796,世嘉科技,0.01794453
3334,2025-01-27,600862,中航高科,0.017942756
3335,2025-01-27,300230,永利股份,0.017938271
3336,2025-01-27,688510,航亚科技,0.017923504
3337,2025-01-27,2983,芯瑞达,0.017915696
3338,2025-01-27,300559,佳发教育,0.01791279
3339,2025-01-27,688580,伟思医疗,0.017892733
3340,2025-01-27,605166,聚合顺,0.017888367
3341,2025-01-27,1376,百通能源,0.017881557
3342,2025-01-27,688479,友车科技,0.017877847
3343,2025-01-27,2999,天禾股份,0.017873183
3344,2025-01-27,688505,复旦张江,0.01783584
3345,2025-01-27,407,胜利股份,0.017825678
3346,2025-01-27,600559,老白干酒,0.017822474
3347,2025-01-27,2151,北斗星通,0.017818347
3348,2025-01-27,301279,金道科技,0.017811015
3349,2025-01-27,300577,开润股份,0.01780942
3350,2025-01-27,300218,安利股份,0.017805487
3351,2025-01-27,603201,常润股份,0.017804205
3352,2025-01-27,2379,宏创控股,0.01776363
3353,2025-01-27,600876,凯盛新能,0.017761648
3354,2025-01-27,300584,海辰药业,0.0177605
3355,2025-01-27,603889,新澳股份,0.017742649
3356,2025-01-27,3009,中天火箭,0.017735854
3357,2025-01-27,603338,浙江鼎力,0.017733783
3358,2025-01-27,300363,博腾股份,0.017727748
3359,2025-01-27,688129,东来技术,0.017721951
3360,2025-01-27,600684,珠江股份,0.017704412
3361,2025-01-27,2056,横店东磁,0.01769483
3362,2025-01-27,688653,康希通信,0.017690495
3363,2025-01-27,21,深科技,0.017685488
3364,2025-01-27,603567,珍宝岛,0.017657906
3365,2025-01-27,600433,冠豪高新,0.017657503
3366,2025-01-27,2655,共达电声,0.017639518
3367,2025-01-27,688468,科美诊断,0.01763837
3368,2025-01-27,600682,南京新百,0.017613485
3369,2025-01-27,688109,品茗科技,0.017607242
3370,2025-01-27,300138,晨光生物,0.0175924
3371,2025-01-27,688002,睿创微纳,0.017580688
3372,2025-01-27,2331,皖通科技,0.01758045
3373,2025-01-27,600562,国睿科技,0.017569885
3374,2025-01-27,300105,龙源技术,0.017569244
3375,2025-01-27,600252,中恒集团,0.017568514
3376,2025-01-27,603189,网达软件,0.017565623
3377,2025-01-27,300976,达瑞电子,0.017565042
3378,2025-01-27,2088,鲁阳节能,0.01753059
3379,2025-01-27,603066,音飞储存,0.017529085
3380,2025-01-27,300512,中亚股份,0.017525733
3381,2025-01-27,300896,爱美客,0.017523736
3382,2025-01-27,688625,呈和科技,0.017521128
3383,2025-01-27,603586,金麒麟,0.017519102
3384,2025-01-27,300870,欧陆通,0.017502159
3385,2025-01-27,600927,永安期货,0.017501712
3386,2025-01-27,688221,前沿生物-U,0.017499194
3387,2025-01-27,603181,皇马科技,0.017487422
3388,2025-01-27,605100,华丰股份,0.017480344
3389,2025-01-27,301033,迈普医学,0.017469704
3390,2025-01-27,2492,恒基达鑫,0.0174672
3391,2025-01-27,603867,新化股份,0.017450348
3392,2025-01-27,601228,广州港,0.017434135
3393,2025-01-27,601888,中国中免,0.01743202
3394,2025-01-27,600085,同仁堂,0.017429933
3395,2025-01-27,689009,九号公司-WD,0.017429486
3396,2025-01-27,2105,信隆健康,0.017426759
3397,2025-01-27,300813,泰林生物,0.017416492
3398,2025-01-27,2911,佛燃能源,0.017414853
3399,2025-01-27,605488,福莱新材,0.017407715
3400,2025-01-27,2340,格林美,0.017396986
3401,2025-01-27,1389,广合科技,0.01738289
3402,2025-01-27,688060,云涌科技,0.01736568
3403,2025-01-27,603759,海天股份,0.017343625
3404,2025-01-27,301370,国科恒泰,0.017337441
3405,2025-01-27,300416,苏试试验,0.017333329
3406,2025-01-27,601021,春秋航空,0.01732938
3407,2025-01-27,600335,国机汽车,0.017325953
3408,2025-01-27,300801,泰和科技,0.017320007
3409,2025-01-27,603639,海利尔,0.017316863
3410,2025-01-27,301039,中集车辆,0.017314851
3411,2025-01-27,300441,鲍斯股份,0.017309994
3412,2025-01-27,300569,天能重工,0.01730144
3413,2025-01-27,600655,豫园股份,0.017295271
3414,2025-01-27,688011,新光光电,0.017286777
3415,2025-01-27,2873,新天药业,0.01728201
3416,2025-01-27,559,万向钱潮,0.017277077
3417,2025-01-27,3816,中国广核,0.017271593
3418,2025-01-27,1277,速达股份,0.017259493
3419,2025-01-27,1323,慕思股份,0.017250344
3420,2025-01-27,2550,千红制药,0.017238334
3421,2025-01-27,603968,醋化股份,0.01723829
3422,2025-01-27,2078,太阳纸业,0.01722297
3423,2025-01-27,411,英特集团,0.017185196
3424,2025-01-27,301107,瑜欣电子,0.01716201
3425,2025-01-27,600476,湘邮科技,0.01715663
3426,2025-01-27,603277,银都股份,0.017152816
3427,2025-01-27,600257,大湖股份,0.017139092
3428,2025-01-27,2883,中设股份,0.017136052
3429,2025-01-27,2771,真视通,0.017135933
3430,2025-01-27,601001,晋控煤业,0.017134994
3431,2025-01-27,2212,天融信,0.017122865
3432,2025-01-27,688622,禾信仪器,0.017121747
3433,2025-01-27,600015,华夏银行,0.017118782
3434,2025-01-27,601008,连云港,0.01710707
3435,2025-01-27,600285,羚锐制药,0.01710397
3436,2025-01-27,688296,和达科技,0.01708877
3437,2025-01-27,2043,兔 宝 宝,0.017078668
3438,2025-01-27,523,红棉股份,0.017074347
3439,2025-01-27,601139,深圳燃气,0.017070472
3440,2025-01-27,603057,紫燕食品,0.017067373
3441,2025-01-27,601330,绿色动力,0.017055362
3442,2025-01-27,603060,国检集团,0.017051503
3443,2025-01-27,686,东北证券,0.017048761
3444,2025-01-27,603162,海通发展,0.017048031
3445,2025-01-27,600928,西安银行,0.01704751
3446,2025-01-27,688561,奇安信-U,0.017035872
3447,2025-01-27,603601,再升科技,0.017035186
3448,2025-01-27,600668,尖峰集团,0.017032117
3449,2025-01-27,300003,乐普医疗,0.017031357
3450,2025-01-27,2139,拓邦股份,0.017028242
3451,2025-01-27,2488,金固股份,0.01701814
3452,2025-01-27,2534,西子洁能,0.017007127
3453,2025-01-27,603153,上海建科,0.017004684
3454,2025-01-27,603127,昭衍新药,0.017003328
3455,2025-01-27,301551,无线传媒,0.01699914
3456,2025-01-27,738,航发控制,0.016999036
3457,2025-01-27,603052,可川科技,0.016997993
3458,2025-01-27,301235,华康医疗,0.016997084
3459,2025-01-27,301189,奥尼电子,0.01699379
3460,2025-01-27,2050,三花智控,0.01698485
3461,2025-01-27,2234,民和股份,0.016982242
3462,2025-01-27,600108,亚盛集团,0.016957149
3463,2025-01-27,600583,海油工程,0.016944632
3464,2025-01-27,2458,益生股份,0.01693733
3465,2025-01-27,601116,三江购物,0.016928524
3466,2025-01-27,300292,吴通控股,0.016917765
3467,2025-01-27,600872,中炬高新,0.016906247
3468,2025-01-27,2766,索菱股份,0.016902804
3469,2025-01-27,2444,巨星科技,0.016897768
3470,2025-01-27,2368,太极股份,0.016885683
3471,2025-01-27,600808,马钢股份,0.016878292
3472,2025-01-27,600279,重庆港,0.01685831
3473,2025-01-27,688102,斯瑞新材,0.016856179
3474,2025-01-27,2725,跃岭股份,0.016849414
3475,2025-01-27,603979,金诚信,0.016846195
3476,2025-01-27,922,佳电股份,0.016827613
3477,2025-01-27,600642,申能股份,0.016821355
3478,2025-01-27,2948,青岛银行,0.016814291
3479,2025-01-27,603199,九华旅游,0.01681368
3480,2025-01-27,2801,微光股份,0.016793147
3481,2025-01-27,688469,芯联集成-U,0.01679179
3482,2025-01-27,601333,广深铁路,0.016791776
3483,2025-01-27,301273,瑞晨环保,0.016785964
3484,2025-01-27,301099,雅创电子,0.016763225
3485,2025-01-27,600017,日照港,0.01675278
3486,2025-01-27,300848,美瑞新材,0.016727477
3487,2025-01-27,2985,北摩高科,0.016706005
3488,2025-01-27,403,派林生物,0.016705066
3489,2025-01-27,605183,确成股份,0.016673714
3490,2025-01-27,300508,维宏股份,0.016663939
3491,2025-01-27,2941,新疆交建,0.016663313
3492,2025-01-27,600208,衢州发展,0.016622856
3493,2025-01-27,300897,山科智能,0.016620055
3494,2025-01-27,300773,拉卡拉,0.016613334
3495,2025-01-27,2516,旷达科技,0.016611427
3496,2025-01-27,688059,华锐精密,0.016605094
3497,2025-01-27,603326,我乐家居,0.016599968
3498,2025-01-27,300550,和仁科技,0.016578883
3499,2025-01-27,600663,陆家嘴,0.016570792
3500,2025-01-27,49,德赛电池,0.016570434
3501,2025-01-27,3018,金富科技,0.016566843
3502,2025-01-27,603500,祥和实业,0.01655227
3503,2025-01-27,823,超声电子,0.016547129
3504,2025-01-27,688475,萤石网络,0.016546473
3505,2025-01-27,300398,飞凯材料,0.016535074
3506,2025-01-27,603125,常青科技,0.016535044
3507,2025-01-27,1337,四川黄金,0.0165319
3508,2025-01-27,300412,迦南科技,0.01651895
3509,2025-01-27,688273,麦澜德,0.016512051
3510,2025-01-27,301026,浩通科技,0.016503021
3511,2025-01-27,300428,立中集团,0.016482368
3512,2025-01-27,603369,今世缘,0.016475275
3513,2025-01-27,600516,方大炭素,0.016473264
3514,2025-01-27,688696,极米科技,0.01646991
3515,2025-01-27,603299,苏盐井神,0.016465351
3516,2025-01-27,2467,二六三,0.016463026
3517,2025-01-27,688267,中触媒,0.01645647
3518,2025-01-27,2262,恩华药业,0.016454712
3519,2025-01-27,688520,神州细胞-U,0.016447276
3520,2025-01-27,603937,丽岛新材,0.016443953
3521,2025-01-27,300357,我武生物,0.016443536
3522,2025-01-27,688616,西力科技,0.016443193
3523,2025-01-27,600685,中船防务,0.016422987
3524,2025-01-27,301219,腾远钴业,0.01641804
3525,2025-01-27,600115,中国东航,0.016392753
3526,2025-01-27,301272,英华特,0.016392022
3527,2025-01-27,600586,金晶科技,0.016390696
3528,2025-01-27,300371,汇中股份,0.016375124
3529,2025-01-27,2311,海大集团,0.01637499
3530,2025-01-27,600382,广东明珠,0.016374841
3531,2025-01-27,601512,中新集团,0.016373023
3532,2025-01-27,688681,科汇股份,0.016368061
3533,2025-01-27,2557,洽洽食品,0.016360387
3534,2025-01-27,600000,浦发银行,0.01634267
3535,2025-01-27,603102,百合股份,0.016328514
3536,2025-01-27,2054,德美化工,0.016325489
3537,2025-01-27,605268,王力安防,0.016317695
3538,2025-01-27,603040,新坐标,0.016308382
3539,2025-01-27,300019,硅宝科技,0.016284421
3540,2025-01-27,600406,国电南瑞,0.016282976
3541,2025-01-27,688618,三旺通信,0.016282529
3542,2025-01-27,555,神州信息,0.016262844
3543,2025-01-27,301170,锡南科技,0.016245767
3544,2025-01-27,600477,杭萧钢构,0.016242146
3545,2025-01-27,600222,太龙药业,0.016237006
3546,2025-01-27,2817,黄山胶囊,0.01623626
3547,2025-01-27,300349,金卡智能,0.01623328
3548,2025-01-27,301345,涛涛车业,0.016213596
3549,2025-01-27,300854,中兰环保,0.016212687
3550,2025-01-27,521,长虹美菱,0.016207337
3551,2025-01-27,2270,华明装备,0.016205356
3552,2025-01-27,600645,中源协和,0.01620242
3553,2025-01-27,300979,华利集团,0.016183406
3554,2025-01-27,603238,诺邦股份,0.01617591
3555,2025-01-27,688272,富吉瑞,0.01617308
3556,2025-01-27,688639,华恒生物,0.016139418
3557,2025-01-27,2230,科大讯飞,0.016129583
3558,2025-01-27,600575,淮河能源,0.016122803
3559,2025-01-27,603579,荣泰健康,0.016102657
3560,2025-01-27,2073,软控股份,0.016102508
3561,2025-01-27,300632,光莆股份,0.0160553
3562,2025-01-27,2867,周大生,0.016054124
3563,2025-01-27,301338,凯格精机,0.016041234
3564,2025-01-27,600109,国金证券,0.016032591
3565,2025-01-27,688128,中国电研,0.015988141
3566,2025-01-27,688182,灿勤科技,0.015985891
3567,2025-01-27,1211,双枪科技,0.015965715
3568,2025-01-27,2869,金溢科技,0.015956536
3569,2025-01-27,300868,杰美特,0.01595597
3570,2025-01-27,605507,国邦医药,0.015952617
3571,2025-01-27,600674,川投能源,0.01595226
3572,2025-01-27,600368,五洲交通,0.015940443
3573,2025-01-27,601096,宏盛华源,0.015937924
3574,2025-01-27,600956,新天绿能,0.015937492
3575,2025-01-27,2987,京北方,0.015934318
3576,2025-01-27,603535,嘉诚国际,0.015924767
3577,2025-01-27,2598,山东章鼓,0.015915528
3578,2025-01-27,300806,斯迪克,0.0159138
3579,2025-01-27,300658,延江股份,0.01589416
3580,2025-01-27,300721,怡达股份,0.015888467
3581,2025-01-27,301015,百洋医药,0.015873298
3582,2025-01-27,301234,五洲医疗,0.015867352
3583,2025-01-27,600967,内蒙一机,0.015864938
3584,2025-01-27,601890,亚星锚链,0.015860662
3585,2025-01-27,1316,润贝航科,0.015849277
3586,2025-01-27,601995,中金公司,0.015843898
3587,2025-01-27,688455,科捷智能,0.015823305
3588,2025-01-27,2990,盛视科技,0.015815228
3589,2025-01-27,688325,赛微微电,0.015811548
3590,2025-01-27,600846,同济科技,0.015784696
3591,2025-01-27,601288,农业银行,0.015783682
3592,2025-01-27,603260,合盛硅业,0.015768602
3593,2025-01-27,1358,兴欣新材,0.015757263
3594,2025-01-27,600877,电科芯片,0.015752688
3595,2025-01-27,301087,可孚医疗,0.015743643
3596,2025-01-27,301500,飞南资源,0.015742347
3597,2025-01-27,300643,万通智控,0.015717298
3598,2025-01-27,2907,华森制药,0.01571311
3599,2025-01-27,301215,中汽股份,0.015703768
3600,2025-01-27,601339,百隆东方,0.015693039
3601,2025-01-27,605366,宏柏新材,0.015687525
3602,2025-01-27,601018,宁波港,0.015677974
3603,2025-01-27,688180,君实生物-U,0.01567769
3604,2025-01-27,601866,中远海发,0.015669316
3605,2025-01-27,601366,利群股份,0.015664414
3606,2025-01-27,605577,龙版传媒,0.015653238
3607,2025-01-27,601002,晋亿实业,0.015647605
3608,2025-01-27,948,南天信息,0.015630484
3609,2025-01-27,300358,楚天科技,0.015627861
3610,2025-01-27,603897,长城科技,0.0156197995
3611,2025-01-27,688319,欧林生物,0.015607327
3612,2025-01-27,301046,能辉科技,0.015593708
3613,2025-01-27,601118,海南橡胶,0.015593141
3614,2025-01-27,600063,皖维高新,0.015586659
3615,2025-01-27,603018,华设集团,0.015577525
3616,2025-01-27,301167,建研设计,0.015570715
3617,2025-01-27,301207,华兰疫苗,0.015568972
3618,2025-01-27,300401,花园生物,0.015555561
3619,2025-01-27,600518,康美药业,0.015549555
3620,2025-01-27,2913,奥士康,0.015535131
3621,2025-01-27,300519,新光药业,0.015531719
3622,2025-01-27,600135,乐凯胶片,0.015519023
3623,2025-01-27,300295,三六五网,0.015515506
3624,2025-01-27,2935,天奥电子,0.015499175
3625,2025-01-27,601225,陕西煤业,0.015481055
3626,2025-01-27,300402,宝色股份,0.015475139
3627,2025-01-27,300171,东富龙,0.01546447
3628,2025-01-27,300960,通业科技,0.015450031
3629,2025-01-27,333,美的集团,0.015428856
3630,2025-01-27,2476,宝莫股份,0.015413851
3631,2025-01-27,2871,伟隆股份,0.015395254
3632,2025-01-27,2472,双环传动,0.015390545
3633,2025-01-27,300515,三德科技,0.015389621
3634,2025-01-27,683,远兴能源,0.015386105
3635,2025-01-27,601985,中国核电,0.015383273
3636,2025-01-27,603927,中科软,0.015380934
3637,2025-01-27,600301,华锡有色,0.015363425
3638,2025-01-27,300228,富瑞特装,0.015347868
3639,2025-01-27,601881,中国银河,0.0153417885
3640,2025-01-27,603192,汇得科技,0.015329212
3641,2025-01-27,301265,华新环保,0.015314326
3642,2025-01-27,600887,伊利股份,0.015305951
3643,2025-01-27,2890,弘宇股份,0.0152976215
3644,2025-01-27,779,甘咨询,0.015297368
3645,2025-01-27,603279,景津装备,0.0152968615
3646,2025-01-27,600662,外服控股,0.015289485
3647,2025-01-27,605222,起帆电缆,0.015279457
3648,2025-01-27,603797,联泰环保,0.015278414
3649,2025-01-27,603919,金徽酒,0.015262291
3650,2025-01-27,928,中钢国际,0.015262067
3651,2025-01-27,603288,海天味业,0.015246436
3652,2025-01-27,300200,高盟新材,0.015233472
3653,2025-01-27,603815,交建股份,0.015217006
3654,2025-01-27,600667,太极实业,0.015215382
3655,2025-01-27,2457,青龙管业,0.015207142
3656,2025-01-27,600517,国网英大,0.015151158
3657,2025-01-27,601838,成都银行,0.015106589
3658,2025-01-27,900,现代投资,0.015090391
3659,2025-01-27,507,珠海港,0.015086859
3660,2025-01-27,601872,招商轮船,0.015074179
3661,2025-01-27,2818,富森美,0.015064284
3662,2025-01-27,301303,真兰仪表,0.0150574
3663,2025-01-27,603458,勘设股份,0.015045702
3664,2025-01-27,2315,焦点科技,0.015035123
3665,2025-01-27,2409,雅克科技,0.0150349885
3666,2025-01-27,301277,新天地,0.015033975
3667,2025-01-27,2479,富春环保,0.0150333345
3668,2025-01-27,603119,浙江荣泰,0.015027553
3669,2025-01-27,603318,水发燃气,0.015013039
3670,2025-01-27,603218,日月股份,0.015004963
3671,2025-01-27,300015,爱尔眼科,0.015001699
3672,2025-01-27,301059,金三江,0.015000448
3673,2025-01-27,603348,文灿股份,0.014998078
3674,2025-01-27,600166,福田汽车,0.01498498
3675,2025-01-27,300049,福瑞股份,0.014973879
3676,2025-01-27,2803,吉宏股份,0.014971271
3677,2025-01-27,601208,东材科技,0.014969096
3678,2025-01-27,2772,众兴菌业,0.014955908
3679,2025-01-27,2079,苏州固锝,0.0149550885
3680,2025-01-27,2154,报 喜 鸟,0.014952049
3681,2025-01-27,605189,富春染织,0.014949203
3682,2025-01-27,600834,申通地铁,0.014944032
3683,2025-01-27,600189,泉阳泉,0.01493448
3684,2025-01-27,2371,北方华创,0.01492475
3685,2025-01-27,600903,贵州燃气,0.014906585
3686,2025-01-27,300951,博硕科技,0.014888734
3687,2025-01-27,2179,中航光电,0.014886603
3688,2025-01-27,2410,广联达,0.014870167
3689,2025-01-27,2984,森麒麟,0.014859065
3690,2025-01-27,300664,鹏鹞环保,0.014858097
3691,2025-01-27,603515,欧普照明,0.014853045
3692,2025-01-27,603131,上海沪工,0.014852151
3693,2025-01-27,1227,兰州银行,0.014844686
3694,2025-01-27,600861,北京人力,0.01483871
3695,2025-01-27,600795,国电电力,0.014834747
3696,2025-01-27,603222,济民健康,0.0148331225
3697,2025-01-27,300845,捷安高科,0.014809921
3698,2025-01-27,301367,怡和嘉业,0.01480943
3699,2025-01-27,601016,节能风电,0.014803037
3700,2025-01-27,603501,韦尔股份,0.014798373
3701,2025-01-27,601968,宝钢包装,0.014785215
3702,2025-01-27,300873,海晨股份,0.014779642
3703,2025-01-27,600512,腾达建设,0.014776349
3704,2025-01-27,300470,中密控股,0.014770493
3705,2025-01-27,600455,博通股份,0.0147589445
3706,2025-01-27,301282,金禄电子,0.014756739
3707,2025-01-27,603379,三美股份,0.014739916
3708,2025-01-27,300983,尤安设计,0.014729664
3709,2025-01-27,601990,南京证券,0.014710084
3710,2025-01-27,2398,垒知集团,0.014709458
3711,2025-01-27,605286,同力日升,0.014700472
3712,2025-01-27,688232,新点软件,0.01469855
3713,2025-01-27,300318,博晖创新,0.014694437
3714,2025-01-27,2972,科安达,0.014679223
3715,2025-01-27,603042,华脉科技,0.014652804
3716,2025-01-27,600197,伊力特,0.0146171
3717,2025-01-27,301379,天山电子,0.014613971
3718,2025-01-27,3035,南网能源,0.0146062225
3719,2025-01-27,603103,横店影视,0.014597878
3720,2025-01-27,1239,永达股份,0.014589816
3721,2025-01-27,600493,凤竹纺织,0.014584184
3722,2025-01-27,300717,华信新材,0.01458092
3723,2025-01-27,603528,多伦科技,0.014579788
3724,2025-01-27,603191,望变电气,0.014577776
3725,2025-01-27,55,方大集团,0.014572486
3726,2025-01-27,600089,特变电工,0.014555842
3727,2025-01-27,600019,宝钢股份,0.014511496
3728,2025-01-27,301000,肇民科技,0.01449348
3729,2025-01-27,603096,新经典,0.014476478
3730,2025-01-27,603638,艾迪精密,0.014473185
3731,2025-01-27,603203,快克智能,0.014454171
3732,2025-01-27,601528,瑞丰银行,0.014431119
3733,2025-01-27,600449,宁夏建材,0.014430627
3734,2025-01-27,600377,宁沪高速,0.014426738
3735,2025-01-27,600918,中泰证券,0.014417604
3736,2025-01-27,528,柳    工,0.014389515
3737,2025-01-27,605123,派克新材,0.014383227
3738,2025-01-27,301125,腾亚精工,0.01437512
3739,2025-01-27,603613,国联股份,0.014357731
3740,2025-01-27,601886,江河集团,0.014355496
3741,2025-01-27,300819,聚杰微纤,0.014349192
3742,2025-01-27,997,新 大 陆,0.0143452585
3743,2025-01-27,300930,屹通新材,0.014335245
3744,2025-01-27,300193,佳士科技,0.014334515
3745,2025-01-27,301186,超达装备,0.014329508
3746,2025-01-27,600639,浦东金桥,0.014323518
3747,2025-01-27,300196,长海股份,0.014318779
3748,2025-01-27,300995,奇德新材,0.014305145
3749,2025-01-27,600249,两面针,0.014302835
3750,2025-01-27,605003,众望布艺,0.014291555
3751,2025-01-27,600461,洪城环境,0.014286891
3752,2025-01-27,605151,西上海,0.014268607
3753,2025-01-27,603091,众鑫股份,0.014268443
3754,2025-01-27,603816,顾家家居,0.014261976
3755,2025-01-27,603790,雅运股份,0.014261216
3756,2025-01-27,300910,瑞丰新材,0.01425612
3757,2025-01-27,1,平安银行,0.014205813
3758,2025-01-27,603439,贵州三力,0.014190197
3759,2025-01-27,603725,天安新材,0.014189839
3760,2025-01-27,688331,荣昌生物,0.014176533
3761,2025-01-27,2870,香山股份,0.014173791
3762,2025-01-27,2988,豪美新材,0.014168873
3763,2025-01-27,2519,银河电子,0.014161512
3764,2025-01-27,600339,中油工程,0.014160082
3765,2025-01-27,2380,科远智慧,0.014144018
3766,2025-01-27,601567,三星医疗,0.014143452
3767,2025-01-27,301408,华人健康,0.014122471
3768,2025-01-27,2029,七 匹 狼,0.014099836
3769,2025-01-27,601998,中信银行,0.0140951425
3770,2025-01-27,300206,理邦仪器,0.014088929
3771,2025-01-27,2062,宏润建设,0.014077917
3772,2025-01-27,601579,会稽山,0.014076754
3773,2025-01-27,301330,熵基科技,0.014070213
3774,2025-01-27,2639,雪人股份,0.014069185
3775,2025-01-27,688099,晶晨股份,0.01406236
3776,2025-01-27,300272,开能健康,0.014060557
3777,2025-01-27,300841,康华生物,0.01404357
3778,2025-01-27,2955,鸿合科技,0.014039084
3779,2025-01-27,2900,哈三联,0.01403217
3780,2025-01-27,2651,利君股份,0.014031291
3781,2025-01-27,600875,东方电气,0.014027625
3782,2025-01-27,300259,新天科技,0.014026701
3783,2025-01-27,300886,华业香料,0.014022663
3784,2025-01-27,603071,物产环能,0.01402241
3785,2025-01-27,300922,天秦装备,0.014015406
3786,2025-01-27,300860,锋尚文化,0.014008924
3787,2025-01-27,603161,科华控股,0.014008537
3788,2025-01-27,2238,天威视讯,0.014002159
3789,2025-01-27,600660,福耀玻璃,0.013996601
3790,2025-01-27,603300,海南华铁,0.0139954835
3791,2025-01-27,2864,盘龙药业,0.013989374
3792,2025-01-27,2258,利尔化学,0.013985455
3793,2025-01-27,603381,永臻股份,0.013960153
3794,2025-01-27,688188,柏楚电子,0.013958529
3795,2025-01-27,301257,普蕊斯,0.013950527
3796,2025-01-27,600143,金发科技,0.013938874
3797,2025-01-27,601599,浙文影业,0.013936982
3798,2025-01-27,600790,轻纺城,0.013932973
3799,2025-01-27,301295,美硕科技,0.013922766
3800,2025-01-27,605319,无锡振华,0.013915837
3801,2025-01-27,2662,京威股份,0.013910338
3802,2025-01-27,301115,建科股份,0.013906911
3803,2025-01-27,568,泸州老窖,0.013891548
3804,2025-01-27,600883,博闻科技,0.013891533
3805,2025-01-27,2037,保利联合,0.013888836
3806,2025-01-27,2969,嘉美包装,0.013885617
3807,2025-01-27,688569,铁科轨道,0.013876691
3808,2025-01-27,600987,航民股份,0.013875082
3809,2025-01-27,600278,东方创业,0.013846725
3810,2025-01-27,90,天健集团,0.013839468
3811,2025-01-27,600426,华鲁恒升,0.013833523
3812,2025-01-27,1222,源飞宠物,0.01382491
3813,2025-01-27,300143,盈康生命,0.013812855
3814,2025-01-27,301056,森赫股份,0.013761491
3815,2025-01-27,600035,楚天高速,0.013746455
3816,2025-01-27,858,五 粮 液,0.013745248
3817,2025-01-27,548,湖南投资,0.013741314
3818,2025-01-27,300404,博济医药,0.013739988
3819,2025-01-27,498,山东路桥,0.013739824
3820,2025-01-27,688298,东方生物,0.013731092
3821,2025-01-27,300743,天地数码,0.013728529
3822,2025-01-27,601088,中国神华,0.01372315
3823,2025-01-27,301335,天元宠物,0.013714135
3824,2025-01-27,603855,华荣股份,0.013706222
3825,2025-01-27,600763,通策医疗,0.013664782
3826,2025-01-27,300469,信息发展,0.013648003
3827,2025-01-27,601991,大唐发电,0.013637885
3828,2025-01-27,601988,中国银行,0.013633981
3829,2025-01-27,600236,桂冠电力,0.013628855
3830,2025-01-27,2160,常铝股份,0.013619199
3831,2025-01-27,2863,今飞凯达,0.013616085
3832,2025-01-27,300888,稳健医疗,0.013590381
3833,2025-01-27,603565,中谷物流,0.013588086
3834,2025-01-27,601369,陕鼓动力,0.013584986
3835,2025-01-27,600307,酒钢宏兴,0.013580754
3836,2025-01-27,2065,东华软件,0.013559207
3837,2025-01-27,860,顺鑫农业,0.013552532
3838,2025-01-27,600523,贵航股份,0.013549224
3839,2025-01-27,2008,大族激光,0.013541773
3840,2025-01-27,300653,正海生物,0.013541147
3841,2025-01-27,786,北新建材,0.013533235
3842,2025-01-27,600011,华能国际,0.01353316
3843,2025-01-27,951,中国重汽,0.013517827
3844,2025-01-27,601880,辽港股份,0.013503969
3845,2025-01-27,300239,东宝生物,0.013501301
3846,2025-01-27,301518,长华化学,0.013499767
3847,2025-01-27,688199,久日新材,0.013484225
3848,2025-01-27,688367,工大高科,0.013475865
3849,2025-01-27,688722,同益中,0.0134652555
3850,2025-01-27,3019,宸展光电,0.013458267
3851,2025-01-27,1328,登康口腔,0.013444558
3852,2025-01-27,600372,中航机载,0.013432041
3853,2025-01-27,554,泰山石油,0.013409838
3854,2025-01-27,2106,莱宝高科,0.013404474
3855,2025-01-27,2522,浙江众成,0.013396159
3856,2025-01-27,3025,思进智能,0.013392478
3857,2025-01-27,301525,儒竞科技,0.013388947
3858,2025-01-27,300446,航天智造,0.013388857
3859,2025-01-27,301206,三元生物,0.0133806765
3860,2025-01-27,603321,梅轮电梯,0.013363972
3861,2025-01-27,300034,钢研高纳,0.013344273
3862,2025-01-27,600845,宝信软件,0.013342395
3863,2025-01-27,600104,上汽集团,0.013332963
3864,2025-01-27,651,格力电器,0.013329953
3865,2025-01-27,731,四川美丰,0.013327643
3866,2025-01-27,301320,豪江智能,0.013320714
3867,2025-01-27,600976,健民集团,0.013306573
3868,2025-01-27,603799,华友钴业,0.013302207
3869,2025-01-27,688579,山大地纬,0.013248906
3870,2025-01-27,600491,龙元建设,0.013236925
3871,2025-01-27,2437,誉衡药业,0.013228357
3872,2025-01-27,300760,迈瑞医疗,0.013226971
3873,2025-01-27,600267,海正药业,0.013225436
3874,2025-01-27,605055,迎丰股份,0.01321578
3875,2025-01-27,1256,炜冈科技,0.013209686
3876,2025-01-27,605138,盛泰集团,0.013207659
3877,2025-01-27,2937,兴瑞科技,0.013206258
3878,2025-01-27,600917,重庆燃气,0.013200626
3879,2025-01-27,600356,恒丰纸业,0.0131910145
3880,2025-01-27,2064,华峰化学,0.013178155
3881,2025-01-27,603048,浙江黎明,0.013162449
3882,2025-01-27,300481,濮阳惠成,0.013157085
3883,2025-01-27,600269,赣粤高速,0.013141543
3884,2025-01-27,300651,金陵体育,0.013119087
3885,2025-01-27,600256,广汇能源,0.013118789
3886,2025-01-27,552,甘肃能化,0.013114378
3887,2025-01-27,603112,华翔股份,0.013111934
3888,2025-01-27,300306,远方信息,0.013109982
3889,2025-01-27,2826,易明医药,0.013109595
3890,2025-01-27,603183,建研院,0.013062701
3891,2025-01-27,688585,上纬新材,0.013057008
3892,2025-01-27,537,中绿电,0.013052285
3893,2025-01-27,2950,奥美医疗,0.013048217
3894,2025-01-27,88,盐 田 港,0.01302962
3895,2025-01-27,601101,昊华能源,0.013021991
3896,2025-01-27,300821,东岳硅材,0.013014793
3897,2025-01-27,688513,苑东生物,0.0130135715
3898,2025-01-27,3043,华亚智能,0.0130075365
3899,2025-01-27,2790,瑞尔特,0.013006389
3900,2025-01-27,2608,江苏国信,0.013002977
3901,2025-01-27,3028,振邦智能,0.012999371
3902,2025-01-27,2442,龙星科技,0.0129981935
3903,2025-01-27,2930,宏川智慧,0.012995377
3904,2025-01-27,301528,多浦乐,0.012976512
3905,2025-01-27,300335,迪森股份,0.012974635
3906,2025-01-27,600308,华泰股份,0.01296711
3907,2025-01-27,688036,传音控股,0.012959808
3908,2025-01-27,301133,金钟股份,0.012956142
3909,2025-01-27,2595,豪迈科技,0.012934759
3910,2025-01-27,600488,津药药业,0.012931913
3911,2025-01-27,524,岭南控股,0.012927353
3912,2025-01-27,601398,工商银行,0.012922421
3913,2025-01-27,603585,苏利股份,0.012922138
3914,2025-01-27,2882,金龙羽,0.012919843
3915,2025-01-27,301151,冠龙节能,0.012914404
3916,2025-01-27,2632,道明光学,0.012911171
3917,2025-01-27,600613,神奇制药,0.012910143
3918,2025-01-27,600258,首旅酒店,0.012906253
3919,2025-01-27,300867,圣元环保,0.01289995
3920,2025-01-27,600027,华电国际,0.01289624
3921,2025-01-27,300146,汤臣倍健,0.01286082
3922,2025-01-27,603130,云中马,0.012854695
3923,2025-01-27,2224,三 力 士,0.0128489435
3924,2025-01-27,601298,青岛港,0.01284419
3925,2025-01-27,300834,星辉环材,0.012831241
3926,2025-01-27,895,双汇发展,0.012824461
3927,2025-01-27,2015,协鑫能科,0.012822926
3928,2025-01-27,2468,申通快递,0.012817949
3929,2025-01-27,603726,朗迪集团,0.012812719
3930,2025-01-27,603861,白云电器,0.012805894
3931,2025-01-27,300863,卡倍亿,0.012797609
3932,2025-01-27,603489,八方股份,0.012789339
3933,2025-01-27,2627,三峡旅游,0.01276283
3934,2025-01-27,300294,博雅生物,0.012757361
3935,2025-01-27,600262,北方股份,0.0127530545
3936,2025-01-27,776,广发证券,0.012718663
3937,2025-01-27,300816,艾可蓝,0.012708858
3938,2025-01-27,300501,海顺新材,0.01270248
3939,2025-01-27,300360,炬华科技,0.012697935
3940,2025-01-27,688439,振华风光,0.012686193
3941,2025-01-27,600835,上海机电,0.012685567
3942,2025-01-27,301246,宏源药业,0.012684703
3943,2025-01-27,300203,聚光科技,0.012683973
3944,2025-01-27,166,申万宏源,0.0126772225
3945,2025-01-27,603681,永冠新材,0.012672916
3946,2025-01-27,2566,益盛药业,0.012666196
3947,2025-01-27,1228,永泰运,0.012661353
3948,2025-01-27,1336,楚环科技,0.012629524
3949,2025-01-27,601107,四川成渝,0.012617543
3950,2025-01-27,2821,凯莱英,0.012599379
3951,2025-01-27,3036,泰坦股份,0.012591988
3952,2025-01-27,426,兴业银锡,0.012582779
3953,2025-01-27,2320,海峡股份,0.012579069
3954,2025-01-27,688359,三孚新科,0.012565494
3955,2025-01-27,300031,宝通科技,0.0125551075
3956,2025-01-27,601089,福元医药,0.012544781
3957,2025-01-27,600999,招商证券,0.012536764
3958,2025-01-27,2152,广电运通,0.012528405
3959,2025-01-27,600452,涪陵电力,0.012523487
3960,2025-01-27,603105,芯能科技,0.012501329
3961,2025-01-27,603488,展鹏科技,0.012492672
3962,2025-01-27,300788,中信出版,0.012466386
3963,2025-01-27,2614,奥佳华,0.01246576
3964,2025-01-27,2832,比音勒芬,0.012459055
3965,2025-01-27,2294,信立泰,0.012448981
3966,2025-01-27,966,长源电力,0.012437418
3967,2025-01-27,600863,内蒙华电,0.012429267
3968,2025-01-27,600829,人民同泰,0.012415752
3969,2025-01-27,2556,辉隆股份,0.012410268
3970,2025-01-27,600549,厦门钨业,0.012404248
3971,2025-01-27,600379,宝光股份,0.01239723
3972,2025-01-27,2216,三全食品,0.012392238
3973,2025-01-27,603337,杰克股份,0.01238738
3974,2025-01-27,605155,西大门,0.012377918
3975,2025-01-27,688401,路维光电,0.012372494
3976,2025-01-27,300039,上海凯宝,0.012367606
3977,2025-01-27,3017,大洋生物,0.01235576
3978,2025-01-27,600557,康缘药业,0.012343198
3979,2025-01-27,601000,唐山港,0.01233688
3980,2025-01-27,300406,九强生物,0.0123142
3981,2025-01-27,300546,雄帝科技,0.012305245
3982,2025-01-27,688289,圣湘生物,0.012273163
3983,2025-01-27,601200,上海环境,0.012266651
3984,2025-01-27,601,韶能股份,0.012265712
3985,2025-01-27,600871,石化油服,0.012261391
3986,2025-01-27,600182,S佳通,0.012246609
3987,2025-01-27,605077,华康股份,0.012237057
3988,2025-01-27,605050,福然德,0.012207031
3989,2025-01-27,301529,福赛科技,0.012205228
3990,2025-01-27,301550,斯菱股份,0.012196749
3991,2025-01-27,300129,泰胜风能,0.012193799
3992,2025-01-27,300847,中船汉光,0.012189761
3993,2025-01-27,300002,神州泰岳,0.012162417
3994,2025-01-27,600578,京能电力,0.012152702
3995,2025-01-27,603,盛达资源,0.012152374
3996,2025-01-27,625,长安汽车,0.012150869
3997,2025-01-27,600167,联美控股,0.012141734
3998,2025-01-27,301193,家联科技,0.012139335
3999,2025-01-27,688399,硕世生物,0.01213105
4000,2025-01-27,603010,万盛股份,0.012127534
4001,2025-01-27,600703,三安光电,0.012127504
4002,2025-01-27,603817,海峡环保,0.012123823
4003,2025-01-27,603087,甘李药业,0.012123585
4004,2025-01-27,600612,老凤祥,0.012122616
4005,2025-01-27,541,佛山照明,0.012110919
4006,2025-01-27,600059,古越龙山,0.012110442
4007,2025-01-27,688285,高铁电气,0.01209639
4008,2025-01-27,2349,精华制药,0.012074098
4009,2025-01-27,603180,金牌家居,0.012072012
4010,2025-01-27,603848,好太太,0.012061313
4011,2025-01-27,600150,中国船舶,0.012053087
4012,2025-01-27,89,深圳机场,0.012048855
4013,2025-01-27,603589,口子窖,0.012044057
4014,2025-01-27,301376,致欧科技,0.012011394
4015,2025-01-27,601388,怡球资源,0.012004256
4016,2025-01-27,2120,韵达股份,0.0120012015
4017,2025-01-27,2049,紫光国微,0.011997893
4018,2025-01-27,1278,一彬科技,0.011988133
4019,2025-01-27,603558,健盛集团,0.011985257
4020,2025-01-27,688393,安必平,0.011984244
4021,2025-01-27,600064,南京高科,0.0119819045
4022,2025-01-27,688623,双元科技,0.011971638
4023,2025-01-27,603081,大丰实业,0.011967376
4024,2025-01-27,300453,三鑫医疗,0.011966541
4025,2025-01-27,2920,德赛西威,0.011960492
4026,2025-01-27,600073,光明肉业,0.011953965
4027,2025-01-27,2273,水晶光电,0.011949688
4028,2025-01-27,300999,金龙鱼,0.011932641
4029,2025-01-27,688045,必易微,0.011923283
4030,2025-01-27,688697,纽威数控,0.011906639
4031,2025-01-27,2406,远东传动,0.0118968785
4032,2025-01-27,2057,中钢天源,0.011880413
4033,2025-01-27,65,北方国际,0.011865795
4034,2025-01-27,600713,南京医药,0.011849403
4035,2025-01-27,601900,南方传媒,0.011848196
4036,2025-01-27,661,长春高新,0.011847943
4037,2025-01-27,300316,晶盛机电,0.011841059
4038,2025-01-27,300627,华测导航,0.011837065
4039,2025-01-27,603856,东宏股份,0.0118341
4040,2025-01-27,603733,仙鹤股份,0.0118249655
4041,2025-01-27,688517,金冠电气,0.011814594
4042,2025-01-27,600648,外高桥,0.011808068
4043,2025-01-27,600051,宁波联合,0.011804238
4044,2025-01-27,300939,秋田微,0.011795968
4045,2025-01-27,688329,艾隆科技,0.011784911
4046,2025-01-27,300194,福安药业,0.011778474
4047,2025-01-27,601187,厦门银行,0.011755109
4048,2025-01-27,2376,新北洋,0.011753246
4049,2025-01-27,300532,今天国际,0.011742473
4050,2025-01-27,28,国药一致,0.011734813
4051,2025-01-27,2572,索菲亚,0.011734292
4052,2025-01-27,688136,科兴制药,0.011729926
4053,2025-01-27,300636,同和药业,0.0117093325
4054,2025-01-27,603329,上海雅仕,0.011700615
4055,2025-01-27,1289,龙源电力,0.011699125
4056,2025-01-27,601199,江南水务,0.011689618
4057,2025-01-27,301503,智迪科技,0.011676595
4058,2025-01-27,688480,赛恩斯,0.011665687
4059,2025-01-27,301197,工大科雅,0.011661604
4060,2025-01-27,688279,峰岹科技,0.011652574
4061,2025-01-27,600730,中国高科,0.011645243
4062,2025-01-27,688101,三达膜,0.011625543
4063,2025-01-27,600505,西昌电力,0.011624888
4064,2025-01-27,600758,辽宁能源,0.011621177
4065,2025-01-27,301158,德石股份,0.011620104
4066,2025-01-27,600509,天富能源,0.01162003
4067,2025-01-27,2594,比亚迪,0.011607364
4068,2025-01-27,301317,鑫磊股份,0.011603728
4069,2025-01-27,688122,西部超导,0.01159896
4070,2025-01-27,2448,中原内配,0.011585593
4071,2025-01-27,300381,溢多利,0.011582226
4072,2025-01-27,2010,传化智联,0.011570275
4073,2025-01-27,600998,九州通,0.011560813
4074,2025-01-27,688648,中邮科技,0.0115599185
4075,2025-01-27,2412,汉森制药,0.011559829
4076,2025-01-27,2102,能特科技,0.011552364
4077,2025-01-27,301260,格力博,0.011539802
4078,2025-01-27,300750,宁德时代,0.011538357
4079,2025-01-27,2135,东南网架,0.011507288
4080,2025-01-27,605020,永和股份,0.011490628
4081,2025-01-27,2223,鱼跃医疗,0.011484161
4082,2025-01-27,2980,华盛昌,0.011475205
4083,2025-01-27,600996,贵广网络,0.011472583
4084,2025-01-27,300514,友讯达,0.011471152
4085,2025-01-27,601766,中国中车,0.011428446
4086,2025-01-27,603648,畅联股份,0.011425063
4087,2025-01-27,819,岳阳兴长,0.011424065
4088,2025-01-27,2511,中顺洁柔,0.011405647
4089,2025-01-27,600396,华电辽能,0.011394843
4090,2025-01-27,603065,宿迁联盛,0.011393473
4091,2025-01-27,688127,蓝特光学,0.011383519
4092,2025-01-27,600519,贵州茅台,0.011379495
4093,2025-01-27,300388,节能国祯,0.011375323
4094,2025-01-27,600941,中国移动,0.011370331
4095,2025-01-27,600848,上海临港,0.011345297
4096,2025-01-27,300375,鹏翎股份,0.011329085
4097,2025-01-27,301106,骏成科技,0.01130195
4098,2025-01-27,963,华东医药,0.011285752
4099,2025-01-27,2040,南 京 港,0.011280075
4100,2025-01-27,2936,郑州银行,0.011269912
4101,2025-01-27,301190,善水科技,0.011250064
4102,2025-01-27,2060,广东建工,0.011249095
4103,2025-01-27,100,TCL科技,0.011243954
4104,2025-01-27,739,普洛药业,0.011236295
4105,2025-01-27,882,华联股份,0.011204243
4106,2025-01-27,301276,嘉曼服饰,0.011196509
4107,2025-01-27,1230,劲旅环境,0.0111953765
4108,2025-01-27,301131,聚赛龙,0.011182368
4109,2025-01-27,601600,中国铝业,0.011163339
4110,2025-01-27,300525,博思软件,0.011161938
4111,2025-01-27,600749,西藏旅游,0.011160135
4112,2025-01-27,937,冀中能源,0.011158451
4113,2025-01-27,603997,继峰股份,0.01115787
4114,2025-01-27,707,双环科技,0.011146858
4115,2025-01-27,603053,成都燃气,0.011134177
4116,2025-01-27,688093,世华科技,0.011131495
4117,2025-01-27,915,华特达因,0.011128336
4118,2025-01-27,300761,立华股份,0.011106834
4119,2025-01-27,603001,奥康国际,0.011105716
4120,2025-01-27,2454,松芝股份,0.011071533
4121,2025-01-27,605080,浙江自然,0.011064768
4122,2025-01-27,300215,电科院,0.011061534
4123,2025-01-27,300408,三环集团,0.011059418
4124,2025-01-27,600299,安迪苏,0.011058509
4125,2025-01-27,1203,大中矿业,0.011055976
4126,2025-01-27,2254,泰和新材,0.011051983
4127,2025-01-27,688568,中科星图,0.011047885
4128,2025-01-27,2274,华昌化工,0.011044577
4129,2025-01-27,600026,中远海能,0.01104188
4130,2025-01-27,2365,永安药业,0.011038139
4131,2025-01-27,2080,中材科技,0.011034131
4132,2025-01-27,629,钒钛股份,0.011033356
4133,2025-01-27,600959,江苏有线,0.01103282
4134,2025-01-27,601121,宝地矿业,0.011011839
4135,2025-01-27,1259,利仁科技,0.011006013
4136,2025-01-27,26,飞亚达,0.010988563
4137,2025-01-27,2293,罗莱生活,0.0109883845
4138,2025-01-27,601518,吉林高速,0.010983944
4139,2025-01-27,688176,亚虹医药-U,0.010957658
4140,2025-01-27,300823,建科智能,0.010954455
4141,2025-01-27,603698,航天工程,0.010940984
4142,2025-01-27,601188,龙江交通,0.010937989
4143,2025-01-27,600740,山西焦化,0.010930479
4144,2025-01-27,2562,兄弟科技,0.0109182745
4145,2025-01-27,2901,大博医疗,0.010917187
4146,2025-01-27,2061,浙江交科,0.010905683
4147,2025-01-27,600980,北矿科技,0.010884434
4148,2025-01-27,300962,中金辐照,0.010879725
4149,2025-01-27,597,东北制药,0.010865971
4150,2025-01-27,300440,运达科技,0.010864839
4151,2025-01-27,600470,六国化工,0.010831088
4152,2025-01-27,600123,兰花科创,0.010806531
4153,2025-01-27,603373,安邦护卫,0.010797441
4154,2025-01-27,600210,紫江企业,0.01078482
4155,2025-01-27,688220,翱捷科技-U,0.010784164
4156,2025-01-27,603331,百达精工,0.010776624
4157,2025-01-27,601816,京沪高铁,0.010771111
4158,2025-01-27,600521,华海药业,0.010761917
4159,2025-01-27,300191,潜能恒信,0.010753155
4160,2025-01-27,2752,昇兴股份,0.010742381
4161,2025-01-27,300797,钢研纳克,0.010726318
4162,2025-01-27,601618,中国中冶,0.010715887
4163,2025-01-27,2027,分众传媒,0.010711089
4164,2025-01-27,688196,卓越新能,0.010684356
4165,2025-01-27,601808,中海油服,0.010684326
4166,2025-01-27,600315,上海家化,0.010681763
4167,2025-01-27,623,吉林敖东,0.010675982
4168,2025-01-27,600499,科达制造,0.010666847
4169,2025-01-27,600425,青松建化,0.01065518
4170,2025-01-27,601500,通用股份,0.010650918
4171,2025-01-27,600456,宝钛股份,0.010642037
4172,2025-01-27,603310,巍华新材,0.010631278
4173,2025-01-27,756,新华制药,0.010628253
4174,2025-01-27,2204,大连重工,0.010624021
4175,2025-01-27,888,峨眉山Ａ,0.010609746
4176,2025-01-27,605500,森林包装,0.010604456
4177,2025-01-27,300487,蓝晓科技,0.010597184
4178,2025-01-27,603456,九洲药业,0.010593101
4179,2025-01-27,2891,中宠股份,0.010586202
4180,2025-01-27,301349,信德新材,0.01057528
4181,2025-01-27,818,航锦科技,0.010567814
4182,2025-01-27,3012,东鹏控股,0.010560498
4183,2025-01-27,688459,哈铁科技,0.010555983
4184,2025-01-27,603062,麦加芯彩,0.010545954
4185,2025-01-27,601858,中国科传,0.010543555
4186,2025-01-27,19,深粮控股,0.01053147
4187,2025-01-27,792,盐湖股份,0.0105223805
4188,2025-01-27,601975,招商南油,0.010520369
4189,2025-01-27,300625,三雄极光,0.010506973
4190,2025-01-27,300771,智莱科技,0.010502383
4191,2025-01-27,600573,惠泉啤酒,0.010492846
4192,2025-01-27,603276,恒兴新材,0.010480076
4193,2025-01-27,600075,新疆天业,0.010479197
4194,2025-01-27,600975,新五丰,0.010449693
4195,2025-01-27,2687,乔治白,0.010440558
4196,2025-01-27,600021,上海电力,0.010439083
4197,2025-01-27,301053,远信工业,0.010437518
4198,2025-01-27,600511,国药股份,0.010415778
4199,2025-01-27,883,湖北能源,0.01039198
4200,2025-01-27,603970,中农立华,0.010376111
4201,2025-01-27,729,燕京啤酒,0.010371849
4202,2025-01-27,603309,维力医疗,0.010364726
4203,2025-01-27,688106,金宏气体,0.010363892
4204,2025-01-27,2909,集泰股份,0.010360256
4205,2025-01-27,2241,歌尔股份,0.010343298
4206,2025-01-27,603876,鼎胜新材,0.010342836
4207,2025-01-27,301006,迈拓股份,0.010328993
4208,2025-01-27,600526,菲达环保,0.010324806
4209,2025-01-27,600780,通宝能源,0.0103226155
4210,2025-01-27,301362,民爆光电,0.010322303
4211,2025-01-27,3023,彩虹集团,0.01031296
4212,2025-01-27,910,大亚圣象,0.010311827
4213,2025-01-27,600101,明星电力,0.010309905
4214,2025-01-27,2157,正邦科技,0.010308608
4215,2025-01-27,600933,爱柯迪,0.010293722
4216,2025-01-27,301507,民生健康,0.010291576
4217,2025-01-27,603890,春秋电子,0.010291427
4218,2025-01-27,300815,玉禾田,0.010251984
4219,2025-01-27,600248,陕建股份,0.010239169
4220,2025-01-27,2958,青农商行,0.010238856
4221,2025-01-27,2827,高争民爆,0.0102110505
4222,2025-01-27,2022,科华生物,0.01018472
4223,2025-01-27,600020,中原高速,0.010180607
4224,2025-01-27,600551,时代出版,0.010171637
4225,2025-01-27,603237,五芳斋,0.010159284
4226,2025-01-27,600183,生益科技,0.01015915
4227,2025-01-27,600066,宇通客车,0.0101581365
4228,2025-01-27,301166,优宁维,0.010137767
4229,2025-01-27,700,模塑科技,0.010136858
4230,2025-01-27,3027,同兴科技,0.010132447
4231,2025-01-27,600497,驰宏锌锗,0.010121435
4232,2025-01-27,2284,亚太股份,0.0101144165
4233,2025-01-27,2626,金达威,0.010098681
4234,2025-01-27,300650,太龙股份,0.010076299
4235,2025-01-27,301043,绿岛风,0.010057956
4236,2025-01-27,603298,杭叉集团,0.010034084
4237,2025-01-27,300666,江丰电子,0.010033593
4238,2025-01-27,2051,中工国际,0.010026038
4239,2025-01-27,600558,大西洋,0.010023534
4240,2025-01-27,603313,梦百合,0.010021031
4241,2025-01-27,2925,盈趣科技,0.01002036
4242,2025-01-27,603926,铁流股份,0.010019943
4243,2025-01-27,601956,东贝集团,0.010002345
4244,2025-01-27,600961,株冶集团,0.009974182
4245,2025-01-27,603027,千禾味业,0.009971708
4246,2025-01-27,603163,圣晖集成,0.009965718
4247,2025-01-27,688200,华峰测控,0.00995104
4248,2025-01-27,600444,国机通用,0.009947553
4249,2025-01-27,601688,华泰证券,0.0099417865
4250,2025-01-27,983,山西焦煤,0.009938061
4251,2025-01-27,12,南  玻Ａ,0.009919107
4252,2025-01-27,2267,陕天然气,0.0098884255
4253,2025-01-27,876,新 希 望,0.0098784715
4254,2025-01-27,2749,国光股份,0.009865895
4255,2025-01-27,2452,长高电新,0.009848788
4256,2025-01-27,600985,淮北矿业,0.00984861
4257,2025-01-27,688257,新锐股份,0.009847835
4258,2025-01-27,688269,凯立新材,0.0098377615
4259,2025-01-27,301181,标榜股份,0.009836897
4260,2025-01-27,828,东莞控股,0.009827524
4261,2025-01-27,601128,常熟银行,0.009827241
4262,2025-01-27,2860,星帅尔,0.009814665
4263,2025-01-27,2783,凯龙股份,0.009771913
4264,2025-01-27,603689,皖天然气,0.009762943
4265,2025-01-27,600971,恒源煤电,0.00973247
4266,2025-01-27,688772,珠海冠宇,0.0097293705
4267,2025-01-27,688190,云路股份,0.009728983
4268,2025-01-27,603916,苏博特,0.009719253
4269,2025-01-27,600546,山煤国际,0.009707615
4270,2025-01-27,2497,雅化集团,0.009705514
4271,2025-01-27,705,浙江震元,0.009694725
4272,2025-01-27,600062,华润双鹤,0.009689942
4273,2025-01-27,688146,中船特气,0.009673789
4274,2025-01-27,2303,美盈森,0.009665713
4275,2025-01-27,600965,福成股份,0.009643987
4276,2025-01-27,531,穗恒运Ａ,0.009603575
4277,2025-01-27,600097,开创国际,0.009556517
4278,2025-01-27,300864,南大环境,0.009523988
4279,2025-01-27,603737,三棵树,0.009506017
4280,2025-01-27,603380,易德龙,0.009477422
4281,2025-01-27,2385,大北农,0.009452984
4282,2025-01-27,603595,东尼电子,0.009444043
4283,2025-01-27,600833,第一医药,0.009441897
4284,2025-01-27,2768,国恩股份,0.00943242
4285,2025-01-27,600309,万华化学,0.009422258
4286,2025-01-27,600141,兴发集团,0.009415954
4287,2025-01-27,300314,戴维医疗,0.009407178
4288,2025-01-27,600479,千金药业,0.009405792
4289,2025-01-27,600867,通化东宝,0.009399235
4290,2025-01-27,3000,劲仔食品,0.009394422
4291,2025-01-27,688553,汇宇制药-W,0.009372264
4292,2025-01-27,688266,泽璟制药-U,0.00935474
4293,2025-01-27,601179,中国西电,0.009335026
4294,2025-01-27,301353,普莱得,0.009325877
4295,2025-01-27,600018,上港集团,0.00932084
4296,2025-01-27,301309,万得凯,0.009303689
4297,2025-01-27,603611,诺力股份,0.0093027055
4298,2025-01-27,2612,朗姿股份,0.009292275
4299,2025-01-27,2675,东诚药业,0.009290472
4300,2025-01-27,600219,南山铝业,0.009279773
4301,2025-01-27,603687,大胜达,0.00927794
4302,2025-01-27,688336,三生国健,0.009256512
4303,2025-01-27,600820,隧道股份,0.009255946
4304,2025-01-27,601689,拓普集团,0.00925298
4305,2025-01-27,300832,新产业,0.009246841
4306,2025-01-27,605099,共创草坪,0.00923039
4307,2025-01-27,2357,富临运业,0.009222984
4308,2025-01-27,2367,康力电梯,0.009221196
4309,2025-01-27,3039,顺控发展,0.009213984
4310,2025-01-27,2332,仙琚制药,0.0092078
4311,2025-01-27,301588,美新科技,0.009207532
4312,2025-01-27,600997,开滦股份,0.009199515
4313,2025-01-27,2959,小熊电器,0.009198099
4314,2025-01-27,338,潍柴动力,0.009180233
4315,2025-01-27,600826,兰生股份,0.009178683
4316,2025-01-27,600261,阳光照明,0.009176537
4317,2025-01-27,601999,出版传媒,0.009171024
4318,2025-01-27,688187,时代电气,0.0091409385
4319,2025-01-27,650,仁和药业,0.009120971
4320,2025-01-27,603599,广信股份,0.009114951
4321,2025-01-27,300439,美康生物,0.009114608
4322,2025-01-27,2887,绿茵生态,0.00910984
4323,2025-01-27,603680,今创集团,0.009107232
4324,2025-01-27,300882,万胜智能,0.009106889
4325,2025-01-27,600352,浙江龙盛,0.009084344
4326,2025-01-27,703,恒逸石化,0.00907743
4327,2025-01-27,688009,中国通号,0.00904271
4328,2025-01-27,2615,哈尔斯,0.009038195
4329,2025-01-27,1326,联域股份,0.009027675
4330,2025-01-27,688611,杭州柯林,0.009003609
4331,2025-01-27,968,蓝焰控股,0.008997217
4332,2025-01-27,603217,元利科技,0.008991092
4333,2025-01-27,601860,紫金银行,0.008989736
4334,2025-01-27,601611,中国核建,0.008985683
4335,2025-01-27,688570,天玛智控,0.008970156
4336,2025-01-27,688215,瑞晟智能,0.008963734
4337,2025-01-27,601077,渝农商行,0.008943096
4338,2025-01-27,600251,冠农股份,0.008937895
4339,2025-01-27,301149,隆华新材,0.008922234
4340,2025-01-27,600032,浙江新能,0.008912578
4341,2025-01-27,600359,新农开发,0.008905813
4342,2025-01-27,2011,盾安环境,0.008902371
4343,2025-01-27,603155,新亚强,0.008893475
4344,2025-01-27,600168,武汉控股,0.008885369
4345,2025-01-27,728,国元证券,0.008879334
4346,2025-01-27,848,承德露露,0.008866429
4347,2025-01-27,605011,杭州热电,0.008858517
4348,2025-01-27,600328,中盐化工,0.008850336
4349,2025-01-27,301200,大族数控,0.008848771
4350,2025-01-27,301092,争光股份,0.00883995
4351,2025-01-27,300251,光线传媒,0.00883773
4352,2025-01-27,2833,弘亚数控,0.008836091
4353,2025-01-27,2850,科达利,0.0088222325
4354,2025-01-27,2706,良信股份,0.008814529
4355,2025-01-27,2658,雪迪龙,0.008810371
4356,2025-01-27,603235,天新药业,0.008803919
4357,2025-01-27,301373,凌玮科技,0.00880383
4358,2025-01-27,600688,上海石化,0.008798555
4359,2025-01-27,300994,久祺股份,0.008793846
4360,2025-01-27,300923,研奥股份,0.0087867975
4361,2025-01-27,603538,美诺华,0.008784965
4362,2025-01-27,591,太阳能,0.008782238
4363,2025-01-27,600232,金鹰股份,0.0087738335
4364,2025-01-27,688398,赛特新材,0.008760452
4365,2025-01-27,600495,晋西车轴,0.008750871
4366,2025-01-27,2494,华斯股份,0.008720145
4367,2025-01-27,600510,黑牡丹,0.008718491
4368,2025-01-27,600170,上海建工,0.008708447
4369,2025-01-27,2401,中远海科,0.008707821
4370,2025-01-27,688111,金山办公,0.00868836
4371,2025-01-27,601022,宁波远洋,0.008657515
4372,2025-01-27,601916,浙商银行,0.008650497
4373,2025-01-27,603230,内蒙新华,0.0086443275
4374,2025-01-27,920,沃顿科技,0.008638218
4375,2025-01-27,605090,九丰能源,0.008634701
4376,2025-01-27,688191,智洋创新,0.0086326
4377,2025-01-27,600023,浙能电力,0.008626148
4378,2025-01-27,2489,浙江永强,0.008618012
4379,2025-01-27,301048,金鹰重工,0.008614987
4380,2025-01-27,301185,鸥玛软件,0.008612424
4381,2025-01-27,601058,赛轮轮胎,0.008601025
4382,2025-01-27,2099,海翔药业,0.008600339
4383,2025-01-27,600230,沧州大化,0.0085968375
4384,2025-01-27,603658,安图生物,0.008595318
4385,2025-01-27,300610,晨化股份,0.008594707
4386,2025-01-27,688767,博拓生物,0.008575901
4387,2025-01-27,300285,国瓷材料,0.008571655
4388,2025-01-27,1226,拓山重工,0.008558214
4389,2025-01-27,300509,新美星,0.008556142
4390,2025-01-27,600483,福能股份,0.008546621
4391,2025-01-27,688080,映翰通,0.0085315555
4392,2025-01-27,605118,力鼎光电,0.008507624
4393,2025-01-27,603258,电魂网络,0.008493915
4394,2025-01-27,301300,远翔新材,0.008491084
4395,2025-01-27,601006,大秦铁路,0.008485615
4396,2025-01-27,600644,乐山电力,0.0084769875
4397,2025-01-27,600489,中金黄金,0.008469954
4398,2025-01-27,2839,张家港行,0.00846456
4399,2025-01-27,603368,柳药集团,0.008464158
4400,2025-01-27,2250,联化科技,0.008447051
4401,2025-01-27,600801,华新水泥,0.008436397
4402,2025-01-27,603860,中公高科,0.0084319115
4403,2025-01-27,919,金陵药业,0.008421257
4404,2025-01-27,603037,凯众股份,0.008417353
4405,2025-01-27,603505,金石资源,0.008416384
4406,2025-01-27,601619,嘉泽新能,0.0084147155
4407,2025-01-27,603017,中衡设计,0.008411959
4408,2025-01-27,2003,伟星股份,0.00840953
4409,2025-01-27,600925,苏能股份,0.008404195
4410,2025-01-27,600729,重庆百货,0.008381575
4411,2025-01-27,2588,史丹利,0.008373991
4412,2025-01-27,601328,交通银行,0.0083605945
4413,2025-01-27,600798,宁波海运,0.008360073
4414,2025-01-27,2081,金 螳 螂,0.008359402
4415,2025-01-27,688235,百济神州-U,0.00835906
4416,2025-01-27,1317,三羊马,0.008347869
4417,2025-01-27,603282,亚光股份,0.008342817
4418,2025-01-27,2498,汉缆股份,0.008312166
4419,2025-01-27,153,丰原药业,0.008301556
4420,2025-01-27,2507,涪陵榨菜,0.008297369
4421,2025-01-27,2432,九安医疗,0.008294672
4422,2025-01-27,600908,无锡银行,0.008263916
4423,2025-01-27,2567,唐人神,0.008244738
4424,2025-01-27,600916,中国黄金,0.008232191
4425,2025-01-27,603706,东方环宇,0.008228302
4426,2025-01-27,2807,江阴银行,0.008191571
4427,2025-01-27,788,北大医药,0.008179292
4428,2025-01-27,600008,首创环保,0.008174047
4429,2025-01-27,603993,洛阳钼业,0.008156955
4430,2025-01-27,600,建投能源,0.008149087
4431,2025-01-27,600718,东软集团,0.008135945
4432,2025-01-27,582,北部湾港,0.008133516
4433,2025-01-27,2738,中矿资源,0.0081246495
4434,2025-01-27,682,东方电子,0.008122653
4435,2025-01-27,672,上峰水泥,0.008117631
4436,2025-01-27,601700,风范股份,0.008102044
4437,2025-01-27,2810,山东赫达,0.0080923885
4438,2025-01-27,425,徐工机械,0.008070648
4439,2025-01-27,600284,浦东建设,0.008064464
4440,2025-01-27,2228,合兴包装,0.00803332
4441,2025-01-27,605365,立达信,0.008022025
4442,2025-01-27,2947,恒铭达,0.008021787
4443,2025-01-27,603588,高能环境,0.008008987
4444,2025-01-27,600694,大商股份,0.007992506
4445,2025-01-27,1367,海森药业,0.007986456
4446,2025-01-27,688571,杭华股份,0.007962272
4447,2025-01-27,603067,振华股份,0.007957026
4448,2025-01-27,600195,中牧股份,0.00794211
4449,2025-01-27,301223,中荣股份,0.007938102
4450,2025-01-27,2788,鹭燕医药,0.007928804
4451,2025-01-27,300856,科思股份,0.007926986
4452,2025-01-27,601800,中国交建,0.007920593
4453,2025-01-27,600016,民生银行,0.007915303
4454,2025-01-27,301063,海锅股份,0.0078847855
4455,2025-01-27,603551,奥普科技,0.007877722
4456,2025-01-27,601628,中国人寿,0.007876992
4457,2025-01-27,605088,冠盛股份,0.007873908
4458,2025-01-27,603182,嘉华股份,0.0078692585
4459,2025-01-27,688552,航天南湖,0.007864252
4460,2025-01-27,688671,碧兴物联,0.007828727
4461,2025-01-27,301393,昊帆生物,0.007817179
4462,2025-01-27,2483,润邦股份,0.0077985376
4463,2025-01-27,603722,阿科力,0.007792443
4464,2025-01-27,301020,密封科技,0.0077881664
4465,2025-01-27,603355,莱克电气,0.007780567
4466,2025-01-27,600127,金健米业,0.0077795386
4467,2025-01-27,605098,行动教育,0.007770449
4468,2025-01-27,600153,建发股份,0.0077660233
4469,2025-01-27,600704,物产中大,0.007765144
4470,2025-01-27,300774,倍杰特,0.007750079
4471,2025-01-27,601899,紫金矿业,0.007746443
4472,2025-01-27,600697,欧亚集团,0.007743612
4473,2025-01-27,300597,吉大通信,0.0077389926
4474,2025-01-27,2111,威海广泰,0.0077338964
4475,2025-01-27,688687,凯因科技,0.007733628
4476,2025-01-27,2108,沧州明珠,0.0077201277
4477,2025-01-27,600572,康恩贝,0.007719755
4478,2025-01-27,899,赣能股份,0.0077004284
4479,2025-01-27,605167,利柏特,0.007694289
4480,2025-01-27,2967,广电计量,0.007692486
4481,2025-01-27,300765,新诺威,0.007673189
4482,2025-01-27,2624,完美世界,0.0076584965
4483,2025-01-27,688203,海正生材,0.0076502413
4484,2025-01-27,1332,锡装股份,0.007628739
4485,2025-01-27,600750,江中药业,0.0076283514
4486,2025-01-27,603693,江苏新能,0.007626787
4487,2025-01-27,301216,万凯新材,0.0076144636
4488,2025-01-27,600995,南网储能,0.0076089054
4489,2025-01-27,603508,思维列控,0.0076046586
4490,2025-01-27,301395,仁信新材,0.007602215
4491,2025-01-27,600873,梅花生物,0.007575035
4492,2025-01-27,601158,重庆水务,0.007548943
4493,2025-01-27,709,河钢股份,0.0075383782
4494,2025-01-27,3020,立方制药,0.007531792
4495,2025-01-27,600563,法拉电子,0.007509768
4496,2025-01-27,600529,山东药玻,0.0074828267
4497,2025-01-27,688075,安旭生物,0.0074780583
4498,2025-01-27,600332,白云山,0.00746423
4499,2025-01-27,603707,健友股份,0.0074592233
4500,2025-01-27,600726,华电能源,0.0074471086
4501,2025-01-27,605009,豪悦护理,0.007444501
4502,2025-01-23,300065,海兰信,0.0074412376
4503,2025-01-27,2597,金禾实业,0.007429257
4504,2025-01-27,601007,金陵饭店,0.007427171
4505,2025-01-27,600028,中国石化,0.007422656
4506,2025-01-27,2880,卫光生物,0.007398188
4507,2025-01-27,600475,华光环能,0.007382959
4508,2025-01-27,2838,道恩股份,0.00737305
4509,2025-01-27,603115,海星股份,0.007372305
4510,2025-01-27,601801,皖新传媒,0.0073652565
4511,2025-01-27,601009,南京银行,0.007355273
4512,2025-01-27,2399,海普瑞,0.0073350966
4513,2025-01-27,923,河钢资源,0.0073283166
4514,2025-01-27,2609,捷顺科技,0.0073231906
4515,2025-01-27,603156,养元饮品,0.0073187053
4516,2025-01-27,301262,海看股份,0.0073052347
4517,2025-01-27,2461,珠江啤酒,0.0072963685
4518,2025-01-27,601658,邮储银行,0.007291332
4519,2025-01-27,301042,安联锐视,0.0072844177
4520,2025-01-27,605499,东鹏饮料,0.0072748214
4521,2025-01-27,301339,通行宝,0.0072711557
4522,2025-01-27,688330,宏力达,0.007270649
4523,2025-01-27,2392,北京利尔,0.0072614104
4524,2025-01-27,605368,蓝天燃气,0.0072612315
4525,2025-01-27,301175,中科环保,0.007258892
4526,2025-01-27,600486,扬农化工,0.007251352
4527,2025-01-27,2007,华兰生物,0.0072476715
4528,2025-01-27,539,粤电力Ａ,0.007241145
4529,2025-01-27,600737,中粮糖业,0.007219106
4530,2025-01-27,600380,健康元,0.0072168857
4531,2025-01-27,2030,达安基因,0.0071925074
4532,2025-01-27,688151,华强科技,0.0071920156
4533,2025-01-27,2616,长青集团,0.007161826
4534,2025-01-27,2408,齐翔腾达,0.0071566254
4535,2025-01-27,1202,炬申股份,0.007124543
4536,2025-01-27,912,泸天化,0.007093683
4537,2025-01-27,603839,安正时尚,0.0070880204
4538,2025-01-27,600398,海澜之家,0.0070804805
4539,2025-01-27,300396,迪瑞医疗,0.0070661604
4540,2025-01-27,600211,西藏药业,0.0070459396
4541,2025-01-27,550,江铃汽车,0.007039979
4542,2025-01-27,538,云南白药,0.0070051253
4543,2025-01-27,877,天山股份,0.0069749355
4544,2025-01-27,960,锡业股份,0.006956011
4545,2025-01-27,603013,亚普股份,0.006949052
4546,2025-01-27,601668,中国建筑,0.006934777
4547,2025-01-27,301126,达嘉维康,0.006929517
4548,2025-01-27,301047,义翘神州,0.006927952
4549,2025-01-27,2266,浙富控股,0.006926298
4550,2025-01-27,600982,宁波能源,0.006924957
4551,2025-01-27,2191,劲嘉股份,0.0069102943
4552,2025-01-27,603987,康德莱,0.006907642
4553,2025-01-27,688026,洁特生物,0.006895855
4554,2025-01-27,603050,科林电气,0.006858945
4555,2025-01-27,600757,长江传媒,0.0068550557
4556,2025-01-27,600699,均胜电子,0.006853655
4557,2025-01-27,601186,中国铁建,0.0068453103
4558,2025-01-27,2978,安宁股份,0.0068452656
4559,2025-01-27,600022,山东钢铁,0.006826073
4560,2025-01-27,301263,泰恩康,0.006808743
4561,2025-01-27,600901,江苏金租,0.00679183
4562,2025-01-27,600125,铁龙物流,0.006785825
4563,2025-01-27,601177,杭齿前进,0.0067851394
4564,2025-01-27,301468,博盈特焊,0.0067566484
4565,2025-01-27,630,铜陵有色,0.0067305714
4566,2025-01-27,1378,德冠新材,0.0067299455
4567,2025-01-27,600513,联环药业,0.006680608
4568,2025-01-27,603823,百合花,0.006676525
4569,2025-01-27,600276,恒瑞医药,0.006669
4570,2025-01-27,603713,密尔克卫,0.0066551715
4571,2025-01-27,950,重药控股,0.006654635
4572,2025-01-27,999,华润三九,0.006641954
4573,2025-01-27,2601,龙佰集团,0.0066311955
4574,2025-01-27,688658,悦康药业,0.0066253096
4575,2025-01-27,2063,远光软件,0.0066184253
4576,2025-01-27,719,中原传媒,0.006617099
4577,2025-01-27,60,中金岭南,0.006613001
4578,2025-01-27,600764,中国海防,0.0065835714
4579,2025-01-27,603041,美思德,0.006577119
4580,2025-01-27,600320,振华重工,0.0065512955
4581,2025-01-27,601238,广汽集团,0.006541416
4582,2025-01-27,800,一汽解放,0.0065265447
4583,2025-01-27,930,中粮科技,0.006513074
4584,2025-01-27,603519,立霸股份,0.00650537
4585,2025-01-27,603008,喜临门,0.0065040737
4586,2025-01-27,300144,宋城演艺,0.0064799786
4587,2025-01-27,300476,胜宏科技,0.0064691156
4588,2025-01-27,688581,安杰思,0.006445512
4589,2025-01-27,600850,电科数字,0.006438315
4590,2025-01-27,603896,寿仙谷,0.006418556
4591,2025-01-27,27,深圳能源,0.00641118
4592,2025-01-27,600057,厦门象屿,0.0063978434
4593,2025-01-27,2382,蓝帆医疗,0.006370425
4594,2025-01-27,603216,梦天家居,0.0063668042
4595,2025-01-27,688089,嘉必优,0.0063593537
4596,2025-01-27,300482,万孚生物,0.0063453764
4597,2025-01-27,600500,中化国际,0.0063435137
4598,2025-01-27,688291,金橙子,0.0063406974
4599,2025-01-27,301283,聚胶股份,0.0063192695
4600,2025-01-27,603392,万泰生物,0.006261155
4601,2025-01-27,600233,圆通速递,0.006246403
4602,2025-01-27,601952,苏垦农发,0.006203547
4603,2025-01-27,2300,太阳电缆,0.0061838627
4604,2025-01-27,600587,新华医疗,0.00616993
4605,2025-01-27,603323,苏农银行,0.006153792
4606,2025-01-27,2773,康弘药业,0.006149456
4607,2025-01-27,2318,久立特材,0.0061399043
4608,2025-01-27,601117,中国化学,0.006133139
4609,2025-01-27,726,鲁  泰Ａ,0.006090656
4610,2025-01-27,2053,云南能投,0.006083548
4611,2025-01-27,2327,富安娜,0.0060667694
4612,2025-01-27,601601,中国太保,0.006056592
4613,2025-01-27,603999,读者传媒,0.0060441345
4614,2025-01-27,605066,天正电气,0.0060424656
4615,2025-01-27,600388,龙净环保,0.0060390234
4616,2025-01-27,600096,云天化,0.0060007125
4617,2025-01-27,1299,美能能源,0.005987212
4618,2025-01-27,600160,巨化股份,0.005970314
4619,2025-01-27,601607,上海医药,0.0059693307
4620,2025-01-27,300677,英科医疗,0.005966574
4621,2025-01-27,2422,科伦药业,0.0059620887
4622,2025-01-23,688720,艾森股份,0.0059604645
4623,2025-01-27,300160,秀强股份,0.005941257
4624,2025-01-27,600919,江苏银行,0.0059108883
4625,2025-01-27,688092,爱科科技,0.0059067756
4626,2025-01-27,601939,建设银行,0.0058921427
4627,2025-01-27,2677,浙江美大,0.005883783
4628,2025-01-27,601677,明泰铝业,0.005847469
4629,2025-01-27,2532,天山铝业,0.0058335066
4630,2025-01-27,300702,天宇股份,0.0058241785
4631,2025-01-27,603056,德邦股份,0.005801216
4632,2025-01-27,2545,东方铁塔,0.0057914704
4633,2025-01-27,404,长虹华意,0.005791068
4634,2025-01-27,603132,金徽股份,0.005788803
4635,2025-01-27,603259,药明康德,0.005786583
4636,2025-01-27,600161,天坛生物,0.005786404
4637,2025-01-27,601212,白银有色,0.0057679713
4638,2025-01-27,301382,蜂助手,0.0057282895
4639,2025-01-27,600229,城市传媒,0.0057005584
4640,2025-01-27,600033,福建高速,0.0056926757
4641,2025-01-27,603233,大参林,0.005687237
4642,2025-01-27,300679,电连技术,0.0056739002
4643,2025-01-27,603073,彩蝶实业,0.005659595
4644,2025-01-27,2558,巨人网络,0.0056529343
4645,2025-01-27,600050,中国联通,0.0056512654
4646,2025-01-27,600754,锦江酒店,0.0056390613
4647,2025-01-27,2774,快意电梯,0.0056214184
4648,2025-01-27,551,创元科技,0.005613804
4649,2025-01-27,2940,昂利康,0.0056120306
4650,2025-01-27,601390,中国中铁,0.0056016743
4651,2025-01-27,605116,奥锐特,0.005592063
4652,2025-01-27,600348,华阳股份,0.0055772066
4653,2025-01-27,600535,天士力,0.0055041015
4654,2025-01-27,600742,一汽富维,0.0054816306
4655,2025-01-27,300009,安科生物,0.005481556
4656,2025-01-27,601989,中国重工,0.005473137
4657,2025-01-27,1872,招商港口,0.00547117
4658,2025-01-27,2455,百川股份,0.0054599643
4659,2025-01-27,600633,浙数文化,0.005430609
4660,2025-01-27,688531,日联科技,0.005419612
4661,2025-01-27,603391,力聚热能,0.0053962916
4662,2025-01-27,601702,华峰铝业,0.005388722
4663,2025-01-27,301195,北路智控,0.0053777695
4664,2025-01-27,601818,光大银行,0.005365014
4665,2025-01-27,2540,亚太科技,0.005359888
4666,2025-01-27,600283,钱江水利,0.005352393
4667,2025-01-27,2484,江海股份,0.0053362846
4668,2025-01-27,301203,国泰环保,0.005301088
4669,2025-01-27,603811,诚意药业,0.0052944273
4670,2025-01-27,601789,宁波建工,0.005284816
4671,2025-01-27,600623,华谊集团,0.0052725673
4672,2025-01-27,601966,玲珑轮胎,0.0052708387
4673,2025-01-27,600664,哈药股份,0.0052661
4674,2025-01-27,301148,嘉戎技术,0.0052470565
4675,2025-01-27,758,中色股份,0.0052421987
4676,2025-01-27,600970,中材国际,0.0052158237
4677,2025-01-27,2701,奥瑞金,0.005211845
4678,2025-01-27,603239,浙江仙通,0.0051925182
4679,2025-01-27,605259,绿田机械,0.0051914454
4680,2025-01-27,990,诚志股份,0.0051784366
4681,2025-01-27,600009,上海机场,0.005178109
4682,2025-01-27,688526,科前生物,0.005177766
4683,2025-01-27,603231,索宝蛋白,0.0051760077
4684,2025-01-27,601997,贵阳银行,0.0051680356
4685,2025-01-27,2236,大华股份,0.0051244944
4686,2025-01-27,600905,三峡能源,0.0051186234
4687,2025-01-27,600196,复星医药,0.0051047504
4688,2025-01-27,2226,江南化工,0.0050949603
4689,2025-01-27,600720,中交设计,0.0050923973
4690,2025-01-27,301559,中集环科,0.005086735
4691,2025-01-27,601319,中国人保,0.0049190074
4692,2025-01-27,301081,严牌股份,0.004898727
4693,2025-01-27,600874,创业环保,0.0048909336
4694,2025-01-27,2555,三七互娱,0.0048865527
4695,2025-01-27,2538,司尔特,0.0048761666
4696,2025-01-27,601033,永兴股份,0.0048653036
4697,2025-01-27,603043,广州酒家,0.0048522204
4698,2025-01-27,2841,视源股份,0.0048439056
4699,2025-01-27,601609,金田股份,0.0048392415
4700,2025-01-27,605288,凯迪股份,0.0048249513
4701,2025-01-27,725,京东方Ａ,0.0048214644
4702,2025-01-27,601678,滨化股份,0.004797533
4703,2025-01-27,2746,仙坛股份,0.0047605485
4704,2025-01-27,959,首钢股份,0.0047595203
4705,2025-01-27,600710,苏美达,0.004758805
4706,2025-01-27,601919,中远海控,0.0047568977
4707,2025-01-27,688100,威胜信息,0.0047340393
4708,2025-01-27,301225,恒勃股份,0.0047156215
4709,2025-01-27,2158,汉钟精机,0.004698828
4710,2025-01-27,2304,洋河股份,0.004691437
4711,2025-01-27,155,川能动力,0.004670948
4712,2025-01-27,603367,辰欣药业,0.0046589226
4713,2025-01-27,600482,中国动力,0.0046551973
4714,2025-01-27,600138,中青旅,0.004648745
4715,2025-01-27,600004,白云机场,0.004600689
4716,2025-01-27,2034,旺能环境,0.0045977235
4717,2025-01-27,301028,东亚机械,0.0045581907
4718,2025-01-27,998,隆平高科,0.0045536906
4719,2025-01-27,301196,唯科科技,0.004545182
4720,2025-01-27,1213,中铁特货,0.004518345
4721,2025-01-27,300413,芒果超媒,0.004508987
4722,2025-01-27,1387,雪祺电气,0.004455179
4723,2025-01-27,301287,康力源,0.0044371635
4724,2025-01-27,601318,中国平安,0.004425898
4725,2025-01-27,603107,上海汽配,0.004424885
4726,2025-01-27,605005,合兴股份,0.004405275
4727,2025-01-27,688317,之江生物,0.004387766
4728,2025-01-27,300452,山河药辅,0.004380554
4729,2025-01-27,2714,牧原股份,0.0043693334
4730,2025-01-27,600295,鄂尔多斯,0.0043172836
4731,2025-01-27,600690,海尔智家,0.004285261
4732,2025-01-27,2986,宇新股份,0.0042536706
4733,2025-01-27,601126,四方股份,0.004234895
4734,2025-01-27,581,威孚高科,0.0041666627
4735,2025-01-27,603788,宁波高发,0.004121855
4736,2025-01-27,601083,锦江航运,0.0040839016
4737,2025-01-27,875,吉电股份,0.004079327
4738,2025-01-27,1380,华纬科技,0.0040267855
4739,2025-01-27,600508,上海能源,0.0040248632
4740,2025-01-27,601595,上海电影,0.003991902
4741,2025-01-27,2884,凌霄泵业,0.003970012
4742,2025-01-27,600428,中远海特,0.0039206147
4743,2025-01-27,2252,上海莱士,0.0039038062
4744,2025-01-27,300851,交大思诺,0.0038930327
4745,2025-01-27,601168,西部矿业,0.0038868785
4746,2025-01-27,2370,亚太药业,0.003871277
4747,2025-01-27,601166,兴业银行,0.0038689822
4748,2025-01-27,400,许继电气,0.0038434118
4749,2025-01-27,301301,川宁生物,0.0038247705
4750,2025-01-27,688278,特宝生物,0.0038232952
4751,2025-01-27,601868,中国能建,0.0038179755
4752,2025-01-27,600596,新安股份,0.0038159937
4753,2025-01-27,690,宝新能源,0.0038012117
4754,2025-01-27,636,风华高科,0.0037986934
4755,2025-01-27,601717,郑煤机,0.0037698
4756,2025-01-27,603280,南方路机,0.0037649423
4757,2025-01-27,603393,新天然气,0.0037566572
4758,2025-01-27,601669,中国电建,0.003748551
4759,2025-01-27,600389,江山股份,0.0037252307
4760,2025-01-27,600469,风神股份,0.0037136078
4761,2025-01-27,601229,上海银行,0.0037045926
4762,2025-01-27,1338,永顺泰,0.003701821
4763,2025-01-27,2938,鹏鼎控股,0.0037011653
4764,2025-01-27,600361,创新新材,0.0037010163
4765,2025-01-27,600885,宏发股份,0.0036801547
4766,2025-01-27,825,太钢不锈,0.003673032
4767,2025-01-27,603886,元祖股份,0.0036403537
4768,2025-01-27,2443,金洲管道,0.003615588
4769,2025-01-27,603899,晨光股份,0.0036151856
4770,2025-01-27,600271,航天信息,0.0036135614
4771,2025-01-27,601038,一拖股份,0.0036100894
4772,2025-01-27,2345,潮宏基,0.0035998523
4773,2025-01-27,603357,设计总院,0.003584519
4774,2025-01-27,2233,塔牌集团,0.0035706013
4775,2025-01-27,913,钱江摩托,0.003557682
4776,2025-01-27,2237,恒邦股份,0.0035533607
4777,2025-01-27,603661,恒林股份,0.0035449564
4778,2025-01-27,601666,平煤股份,0.0035040975
4779,2025-01-27,603328,依顿电子,0.0034994185
4780,2025-01-27,2393,力生制药,0.0034331232
4781,2025-01-27,605008,长鸿高科,0.0033667535
4782,2025-01-27,2142,宁波银行,0.0033638328
4783,2025-01-27,2381,双箭股份,0.003354773
4784,2025-01-27,600056,中国医药,0.0033477545
4785,2025-01-27,688087,英科再生,0.0033251941
4786,2025-01-27,600098,广州发展,0.0032996088
4787,2025-01-27,1206,依依股份,0.0032740235
4788,2025-01-27,300001,特锐德,0.0032642186
4789,2025-01-27,2690,美亚光电,0.0032618493
4790,2025-01-27,603700,宁水集团,0.0032446682
4791,2025-01-27,2299,圣农发展,0.0032084584
4792,2025-01-27,2732,燕塘乳业,0.0032002628
4793,2025-01-27,422,湖北宜化,0.0031804293
4794,2025-01-23,300069,金利华电,0.003145367
4795,2025-01-27,2296,辉煌科技,0.0031267107
4796,2025-01-27,2745,木林森,0.0031131655
4797,2025-01-27,301003,江苏博云,0.0030940473
4798,2025-01-27,603100,川仪股份,0.0030519962
4799,2025-01-27,300926,博俊科技,0.0030373186
4800,2025-01-27,600988,赤峰黄金,0.0030102283
4801,2025-01-27,869,张  裕Ａ,0.0030032247
4802,2025-01-27,300950,德固特,0.0029874146
4803,2025-01-27,600761,安徽合力,0.0029625148
4804,2025-01-27,2287,奇正藏药,0.0029398054
4805,2025-01-27,688508,芯朋微,0.002905324
4806,2025-01-27,600188,兖矿能源,0.0028883219
4807,2025-01-27,601921,浙版传媒,0.0028431863
4808,2025-01-27,2404,嘉欣丝绸,0.0028107911
4809,2025-01-27,603587,地素时尚,0.002803117
4810,2025-01-27,688677,海泰新光,0.0028013587
4811,2025-01-27,300984,金沃股份,0.0027416348
4812,2025-01-27,600598,北大荒,0.002730742
4813,2025-01-27,601686,友发集团,0.0027100444
4814,2025-01-27,685,中山公用,0.0027059913
4815,2025-01-27,688057,金达莱,0.0026708543
4816,2025-01-27,601100,恒立液压,0.0026668906
4817,2025-01-27,2033,丽江股份,0.0026590824
4818,2025-01-27,2001,新 和 成,0.002643481
4819,2025-01-27,2465,海格通信,0.0026334971
4820,2025-01-27,301520,万邦医药,0.0025409907
4821,2025-01-27,600036,招商银行,0.0024988353
4822,2025-01-27,601231,环旭电子,0.0024879277
4823,2025-01-27,600422,昆药集团,0.002421856
4824,2025-01-27,688819,天能股份,0.0023193657
4825,2025-01-27,300454,深信服,0.0023099482
4826,2025-01-27,600312,平高电气,0.0022826046
4827,2025-01-27,300789,唐源电气,0.0022446364
4828,2025-01-27,603136,天目湖,0.0022268146
4829,2025-01-27,603325,博隆技术,0.0021863282
4830,2025-01-27,544,中原环保,0.002078116
4831,2025-01-27,603730,岱美股份,0.0020780414
4832,2025-01-27,600502,安徽建工,0.0020142347
4833,2025-01-27,688334,西高院,0.0020084083
4834,2025-01-27,601928,凤凰传媒,0.0020060241
4835,2025-01-27,2533,金杯电工,0.0019955784
4836,2025-01-27,2734,利民股份,0.0019719899
4837,2025-01-27,878,云南铜业,0.0019665211
4838,2025-01-27,2048,宁波华翔,0.0019334704
4839,2025-01-27,688485,九州一轨,0.0019180328
4840,2025-01-27,589,贵州轮胎,0.001915589
4841,2025-01-27,601003,柳钢股份,0.0019111037
4842,2025-01-27,603566,普莱柯,0.0018826425
4843,2025-01-27,1286,陕西能源,0.001857087
4844,2025-01-27,601061,中信金属,0.0018375665
4845,2025-01-27,300558,贝达药业,0.001827538
4846,2025-01-27,601949,中国出版,0.0018204004
4847,2025-01-27,2242,九阳股份,0.0018102378
4848,2025-01-27,300498,温氏股份,0.001797244
4849,2025-01-27,2268,电科网安,0.0017564744
4850,2025-01-27,600817,宇通重工,0.0017472953
4851,2025-01-27,2039,黔源电力,0.0017311722
4852,2025-01-27,603306,华懋科技,0.0017290115
4853,2025-01-27,2508,老板电器,0.0017042607
4854,2025-01-27,600323,瀚蓝环境,0.001689896
4855,2025-01-27,600528,中铁工业,0.0016651154
4856,2025-01-27,1218,丽臣实业,0.0016591698
4857,2025-01-27,1368,通达创智,0.001598373
4858,2025-01-27,600741,华域汽车,0.0015193075
4859,2025-01-27,300695,兆丰股份,0.0014860779
4860,2025-01-27,600955,维远股份,0.0014795959
4861,2025-01-27,2478,常宝股份,0.0014665127
4862,2025-01-27,600420,国药现代,0.0014645755
4863,2025-01-27,157,中联重科,0.0013548881
4864,2025-01-27,600929,雪天盐业,0.0013278723
4865,2025-01-27,600351,亚宝药业,0.0012920648
4866,2025-01-27,301109,军信股份,0.0012331009
4867,2025-01-27,603948,建业股份,0.0012252182
4868,2025-01-27,300012,华测检测,0.0011721253
4869,2025-01-27,2116,中国海诚,0.0010575056
4870,2025-01-27,603829,洛凯股份,0.0010132194
4871,2025-01-27,791,甘肃能源,0.0010052174
4872,2025-01-27,2372,伟星新材,0.0009905398
4873,2025-01-27,3007,直真科技,0.0009826422
4874,2025-01-27,2705,新宝股份,0.0009281635
4875,2025-01-27,601636,旗滨集团,0.0008266568
4876,2025-01-27,603766,隆鑫通用,0.0007441044
4877,2025-01-27,600531,豫光金铅,0.00071145594
4878,2025-01-27,688566,吉贝尔,0.000707373
4879,2025-01-27,603165,荣晟环保,0.0007032603
4880,2025-01-27,603444,吉比特,0.00067204237
4881,2025-01-27,2415,海康威视,0.0006404668
4882,2025-01-27,600158,中体产业,0.0006355792
4883,2025-01-27,600597,光明乳业,0.000618577
4884,2025-01-27,2463,沪电股份,0.0006097704
4885,2025-01-27,532,华金资本,0.00059488416
4886,2025-01-27,603128,华贸物流,0.0005529076
4887,2025-01-27,300172,中电环保,0.00054369867
4888,2025-01-27,600031,三一重工,0.00051790476
4889,2025-01-27,603822,嘉澳环保,0.0004995167
4890,2025-01-27,601568,北元集团,0.0004799515
4891,2025-01-27,2091,江苏国泰,0.00046402216
4892,2025-01-27,301080,百普赛斯,0.000456661
4893,2025-01-27,603966,法兰泰克,0.00040630996
4894,2025-01-27,2727,一心堂,0.00038729608
4895,2025-01-27,601169,北京银行,0.0003618002
4896,2025-01-27,605599,菜百股份,0.000322029
4897,2025-01-27,600637,东方明珠,0.00028306246
4898,2025-01-27,30,富奥股份,0.00022812188
4899,2025-01-27,600305,恒顺醋业,0.00022438169
4900,2025-01-27,603195,公牛集团,0.00012674928
4901,2025-01-27,2517,恺英网络,9.942055e-05
4902,2025-01-27,156,华数传媒,9.459257e-05
4903,2025-01-27,601065,江盐集团,3.9353967e-05
4904,2025-01-27,601311,骆驼股份,-4.671514e-05
4905,2025-01-27,688065,凯赛生物,-0.00013078749
4906,2025-01-27,600585,海螺水泥,-0.00016409159
4907,2025-01-27,2028,思源电气,-0.00017006695
4908,2025-01-27,601019,山东出版,-0.00021855533
4909,2025-01-27,601877,正泰电器,-0.0002220273
4910,2025-01-27,300628,亿联网络,-0.0002783984
4911,2025-01-27,601958,金钼股份,-0.0004671514
4912,2025-01-27,2539,云图控股,-0.00048191845
4913,2025-01-27,600373,中文传媒,-0.0006225258
4914,2025-01-27,600273,嘉化能源,-0.00062292814
4915,2025-01-27,300502,新易盛,-0.00067180395
4916,2025-01-27,600582,天地科技,-0.00072580576
4917,2025-01-27,603187,海容冷链,-0.0007620156
4918,2025-01-27,600409,三友化工,-0.0007727295
4919,2025-01-27,600977,中国电影,-0.0009473264
4920,2025-01-27,2206,海 利 得,-0.0010344237
4921,2025-01-27,2430,杭氧股份,-0.001083076
4922,2025-01-27,600116,三峡水利,-0.0010973811
4923,2025-01-27,2110,三钢闽光,-0.0011279136
4924,2025-01-27,600120,浙江东方,-0.0011536628
4925,2025-01-27,600054,黄山旅游,-0.0011662394
4926,2025-01-27,600897,厦门空港,-0.0011671633
4927,2025-01-27,603000,人民网,-0.0011785179
4928,2025-01-27,2083,孚日股份,-0.0012008548
4929,2025-01-27,300548,博创科技,-0.0012099594
4930,2025-01-27,688314,康拓医疗,-0.001218006
4931,2025-01-27,300770,新媒股份,-0.0013003498
4932,2025-01-27,902,新洋丰,-0.0013315231
4933,2025-01-27,600037,歌华有线,-0.0014124364
4934,2025-01-27,600177,雅戈尔,-0.0014975369
4935,2025-01-27,603035,常熟汽饰,-0.0015926808
4936,2025-01-27,2100,天康生物,-0.0017104596
4937,2025-01-27,2014,永新股份,-0.0017224699
4938,2025-01-27,601566,九牧王,-0.001728788
4939,2025-01-27,600888,新疆众和,-0.0017774552
4940,2025-01-27,2275,桂林三金,-0.0018088222
4941,2025-01-27,603556,海兴电力,-0.001814723
4942,2025-01-27,603888,新华网,-0.0018322319
4943,2025-01-27,603568,伟明环保,-0.0019395947
4944,2025-01-27,600395,盘江股份,-0.0020729005
4945,2025-01-27,600060,海信视像,-0.002240181
4946,2025-01-27,600681,百川能源,-0.0022569448
4947,2025-01-27,513,丽珠集团,-0.0024095029
4948,2025-01-27,600362,江西铜业,-0.002409786
4949,2025-01-27,600926,杭州银行,-0.00250341
4950,2025-01-27,603150,万朗磁塑,-0.002618581
4951,2025-01-27,300804,广康生化,-0.0026360601
4952,2025-01-27,600755,厦门国贸,-0.002661407
4953,2025-01-27,2462,嘉事堂,-0.0027172714
4954,2025-01-27,830,鲁西化工,-0.0027181208
4955,2025-01-27,601222,林洋能源,-0.0028115362
4956,2025-01-27,688029,南微医学,-0.0035434365
4957,2025-01-27,601577,长沙银行,-0.0038499087
4958,2025-01-27,601598,中国外运,-0.003965482
4959,2025-01-27,3008,开普检测,-0.004148096
4960,2025-01-27,601811,新华文轩,-0.0045178384
4961,2025-01-27,603228,景旺电子,-0.004540667
4962,2025-01-27,603967,中创物流,-0.004548058
4963,2025-01-27,601098,中南传媒,-0.004626468
4964,2025-01-27,2932,明德生物,-0.005023256
4965,2025-01-27,789,万年青,-0.005728394
4966,2025-01-27,605277,新亚电子,-0.0070483238
4967,2025-01-27,301291,明阳电气,-0.007983312
4968,2025-01-27,600300,维维股份,-0.008014545
4969,2025-01-27,601163,三角轮胎,-0.009712398
4970,2025-01-27,2322,理工能科,-0.010243759
4971,2025-01-27,1333,光华股份,-0.012379304
4972,2025-01-27,600507,方大特钢,-0.0127554685
4973,2025-01-27,3005,竞业达,-0.01626788
4974,2025-01-27,2881,美格智能,-0.021812111
4975,2025-01-27,300766,每日互动,-0.022502199
4976,2025-01-27,605398,新炬网络,-0.02545382
