,Datetime,code,name,price,ushadow,dshadow,RF,Turnover,RF_2,RF_4,RF_6,RF_8,RF_10,RF_12,RF_14,RF_16,RF_18,RF_20,RF_22,RF_24,RF_26,RF_28,RF_30,Turnover_5,Turnover_10,price_5,price_10,expect_max,expect_min
5,2025-01-20,3021,兆威机电,216.21,0.009851533231580386,0.021553119652189985,0.0014999999999999992,1017209638.42,0.9838736,1.0184042181897603,0.971398620702445,1.1465074045039227,1.253128523021502,1.2123501168778728,1.2536220064247323,1.2503966877266026,1.3101536455917322,1.298382452249085,1.294586657117584,1.2671082267848028,1.241407571989585,1.1702711690637138,1.2239717532798917,0.6544888307341282,0.6366756074380193,-0.000777022339392287,0.06534387863651073,0.09883909162388416,-0.022478146246704633
6,2025-01-17,3021,兆威机电,214.15,0.019985991127714223,0.023021246789633465,-0.0176,1261565757.18,0.96707456,1.032843898567488,1.0531648750461455,1.245646237484492,1.2347351238318702,1.253750390464716,1.2897974192911075,1.3084530491637338,1.29942647645159,1.3091428859521979,1.286960035772608,1.2738138419639933,1.2120302784737054,1.238863198643385,1.1924405788069796,0.7229966430855919,0.8197468131997097,0.00932990894233023,0.08442680364230686,0.10940929255194964,0.0096194256362363
7,2025-01-16,3021,兆威机电,217.75,0.06369690011481058,0.01859931113662462,-0.015600000000000001,1707934937.46,1.0350966000000001,0.987320546767842,1.165299490202728,1.273668205978392,1.2322214122605513,1.274169777931568,1.2708915939269054,1.33162801155731,1.3196638798409521,1.3158058688815149,1.2878770471987486,1.2617551400805804,1.1894527600534395,1.2440335356898402,1.242570664214887,0.8638035157930732,1.1559226394327429,0.030851894374282384,0.12471641791044781,0.09106773823191738,-0.016532721010332874
8,2025-01-15,3021,兆威机电,221.81,0.015644019656462733,0.08858933321311034,0.0515,1824693371.29,1.06800855,1.089021383259369,1.2880560496643527,1.2767734515029228,1.2964361201526344,1.3337104217601459,1.3530012093004844,1.3436673139779314,1.3537145325715092,1.3307764354514795,1.317182660625457,1.2532955871300195,1.2810420725402856,1.2330389280501595,1.2997511305791036,0.8905425730625603,1.3238800187882265,0.06870745232406104,0.1620756503313645,0.07109688472115772,-0.03453406068256615
9,2025-01-14,3021,兆威机电,211.97,0.0,0.09963674104826156,0.015700000000000002,1959619960.63,0.95384387,1.125788153688002,1.2304824554330407,1.1904409813157064,1.2309670207897196,1.2277999888386315,1.2864770414252256,1.2749185726636068,1.2711913737147962,1.2442095232452204,1.2189733210219997,1.149122468428009,1.201852595873506,1.2004393253874923,1.2239786680926563,1.0142319855399313,1.575303725452394,0.0669056942020098,0.1485493230174081,0.12081898381846501,0.010284474218049677
10,2025-01-13,3021,兆威机电,195.08,0.06904859544802132,0.03198687717859344,-0.060899999999999996,1970747624.21,1.0196747800000001,1.206035335264266,1.1954711893485523,1.2138817803964532,1.2487825324620723,1.2668449230116037,1.2581053906150201,1.2675128233491286,1.2460353762631202,1.2333072245774224,1.173488346259044,1.1994679935289707,1.1545215888488527,1.2169856978945568,1.2410905092730402,1.200816253758323,1.7783308971352665,0.037389788804593045,0.09394607340578237,0.1370207094525322,0.08657986467090417
11,2025-01-10,3021,兆威机电,208.55,0.02972908175497477,0.057252457444257956,0.0858,2423135073.89,1.1802645999999999,1.29002501786067,1.248045952547461,1.29053303114452,1.2872127477619912,1.348729159862636,1.3366113813402258,1.3327038246991054,1.304416333089419,1.277958960958673,1.2047280530596784,1.2600097706488442,1.2585281125594403,1.283206514806932,1.3879174239575616,1.817768010861695,2.485569901982213,0.13695516662670829,0.1637544953248622,0.06358187485015576,-0.06458882761927598
12,2025-01-09,3021,兆威机电,195.44,0.0,0.09430004093327879,0.087,2066644736.07,1.1827647000000001,1.17240439088682,1.1904597467797067,1.2246870835248787,1.2424009575009825,1.2338300557115085,1.2430559705998891,1.2219929341227016,1.2095103740600728,1.1508457100989042,1.1763240761225562,1.1322449191582955,1.1935037737174952,1.2171434790934421,1.2744093494987008,2.113400983874154,2.4951617076608876,0.1293798608268521,0.12430413426115423,0.1349263200982398,-0.00184199754400316
13,2025-01-08,3021,兆威机电,177.9,0.0,0.10247329960652062,0.08810000000000001,1240462744.54,1.09299645,1.057428946481544,1.0934268732151418,1.0906137045557338,1.1427345697419342,1.1324675681539764,1.1291568218678298,1.105189745663319,1.0827732704672095,1.0207270920941613,1.067565502387214,1.0663101414373017,1.0872193530221375,1.1759375177037095,1.1582235477182763,1.753016696071968,1.8429100137863055,0.07166947723440134,0.05502529510961223,0.24682405845980893,0.09657110736368746
14,2025-01-07,3021,兆威机电,161.96,0.0,0.03735490244504823,0.004499999999999997,504876530.88,0.9912406,1.0065059827873681,1.0354443986406414,1.0504210664225797,1.0431745686284926,1.0509748647384296,1.0331665580843776,1.0226128443468703,0.9730132376278258,0.9945546025532856,0.957286702214139,1.0090796366491959,1.0290664568307137,1.0774834161847244,0.9914248803830551,0.9083707216617114,0.8035720623833116,-0.007508026673252529,-0.03258829340577915,0.3087799456655964,0.0984193628056309
15,2025-01-06,3021,兆威机电,156.09,0.023063617143955373,0.012620923825997814,-0.0132,430019313.5,0.96745872,1.0003938011099136,0.9978199879384181,1.0455062042899903,1.0361127597019884,1.0330837047712549,1.011155841963914,0.9906466489138273,0.933879604178185,0.9767328177389908,0.9755842678512833,0.9947144412245231,1.0758841144485964,1.0596773189137771,1.0195539088458891,0.7475630593704279,0.6718105433037119,-0.06169517586008051,-0.07196489204945868,0.3360881542699725,0.037606509065282845
16,2025-01-03,3021,兆威机电,159.38,0.07039779144183711,0.00351361525912914,-0.01960000000000001,647378178.66,1.0154002800000002,1.0445944189943808,1.0597034326707155,1.0523928989878872,1.0602621247943531,1.0422964496050482,1.0316494747560485,0.981611565978861,1.0033432877479853,0.9657460582366572,1.0179966767394273,1.0381601165556715,1.0870049271435456,1.000185908832886,1.1395075051338992,1.0496870152739537,0.9356746265923098,-0.05916677123854942,-0.05828209311080429,0.30850796837746275,-0.020642489647383577
17,2025-01-02,3021,兆威机电,170.42,0.02617063724914921,0.03966670578570585,0.035699999999999996,715343466.68,1.0340428799999999,1.031382494478336,1.0806726764424537,1.0709632755204153,1.067832335803697,1.0451669110635686,1.023967874219819,0.9652914226440432,1.0095860397423373,1.008398857422344,1.0281724901136071,1.1120723729159179,1.0953204483120242,1.053847453921227,1.1046388544260077,1.0540754936631678,1.0417359999048412,-0.01008097641121928,0.00671282713296548,0.14681375425419563,-0.0840863748386339
18,2024-12-31,3021,兆威机电,168.03,0.04356364934833062,0.0017853954650955863,-0.0016000000000000014,481404988.88,1.02875136,1.04363121967104,1.036431562721144,1.044181438274129,1.026488243242407,1.016002747956745,0.9667237495530936,0.9881258726341747,0.9510988693411205,1.002557017947077,1.0224146447504145,1.0705186403371345,0.9850163807645257,1.122224927034587,1.1380222628874679,0.7538632545338021,0.7189646457624386,-0.018103910016068567,-0.004761054573587949,0.058739510801642636,-0.07105873951080166
19,2024-12-30,3021,兆威机电,174.68,0.014369132127318473,0.0404167620792306,0.0304,601994787.9,0.9974272,1.04509464485888,1.0357048979636274,1.0326770354085286,1.01075780441868,0.9902566847322802,0.9335119861219326,0.9763483306827058,0.9752002329171726,0.9943228757724314,1.07546059687188,1.0592601810787812,1.01915256543445,1.0682718055425398,1.205843100870044,0.8590401227025333,0.85283216368585,0.01934966796427751,0.03464621021296096,-0.024387451339592525,-0.1064231738035265
20,2024-12-27,3021,兆威机电,171.54,0.04599510318293119,0.012125451789669955,-0.032,637550992.8,1.014464,1.00746555778176,1.0149988411914508,0.997800132426952,0.9876076838982211,0.9397059261754888,0.9605099065280213,0.9245177273360985,0.9745377327589411,0.9938403821409427,1.0405999758164446,0.9574873181839835,1.0908611844115441,1.106217019132269,1.12825439979504,0.9043890207850185,0.8840602601176283,0.015238428354902673,0.01607788270957217,0.018304768567098062,-0.0900664568030779
21,2024-12-26,3021,兆威机电,176.02,0.0011362345188046165,0.06987842290648796,0.048,956932676.71,1.0477904,1.038376432850064,1.0353407601161555,1.0133649898646035,0.992810988844379,0.9359199208944098,0.9788667590804679,0.9777156998697977,0.9968876683656024,1.0782346790541506,1.0619924753192826,1.021781404632288,1.071027344694971,1.208953496425648,1.1425906902056595,1.2475765243341361,1.272030670008955,0.04256334507442362,0.037961595273264495,-0.007612771275991359,-0.09453471196454954
22,2024-12-25,3021,兆威机电,165.09,0.03652553152825732,0.007208189472408975,-0.00020000000000000017,515036396.83,0.9931013399999999,1.0005272155457965,0.9835737221103478,0.9735265952248882,0.9263078100114827,0.9468151718819211,0.9113361611019203,0.9606429925152011,0.9796704290550899,1.0257633349398743,0.9438356789240263,1.075307930504724,1.0904448251808532,1.1121680018167626,1.1062850890760325,0.7413553995976541,0.6924561440279998,-0.00801986795081461,-0.032012841480404605,0.06620631170876501,0.01780846810830461
23,2024-12-24,3021,兆威机电,169.17,0.020748359638233845,0.02133948099544828,-0.006699999999999999,792365651.4,0.99101541,0.9881181962691732,0.9671447551577144,0.9475282354604309,0.8932320060332771,0.9342200110637279,0.933121452410518,0.9514189749835487,1.0290556957328016,1.0135543094489916,0.9751772917868764,1.0221770925702038,1.15381234302743,1.0904763874584646,1.2085262795447516,1.1310173314652918,0.9780002839343114,0.015262753443281702,-0.022498078855588955,0.04049181296920268,-0.02411775137435701
24,2024-12-23,3021,兆威机电,162.81,0.036054296419138904,0.00743197592285491,-0.0023,622875077.38,1.00747746,0.9904061977303824,0.9802892776530623,0.9327424832711259,0.9533923012146184,0.9176668325731192,0.9673161779393038,0.9864757901294242,1.0328888841695392,0.950392110964251,1.0827776453354943,1.0980196896933532,1.1198937681594132,1.1139699892822947,1.1883294243746698,0.8760816774156165,0.6809119048161415,-0.019323137399422558,-0.08095940052822298,0.08113752226521709,0.014004053805048766
25,2024-12-20,3021,兆威机电,169.55,0.026127985844883385,0.035564730168092015,0.0098,947956450.19,0.99707652,0.9759129327340271,0.9561185687924175,0.9013300873225343,0.9426896914385295,0.9415811732034702,0.9600445819339466,1.0383851606634469,1.022743238118761,0.9840182926992794,1.0314441957771412,1.1642728572983845,1.100362695125462,1.2194828328095844,1.2696794290702589,1.2855867895152933,0.9662199353311476,0.005378944264228877,-0.05094662341492171,0.03815983485697427,-0.03975228546151588
26,2024-12-19,3021,兆威机电,165.45,0.01112118464792991,0.01964339679661529,-0.0126,595379735.1,0.98305544,0.9730136073248351,0.925819703471208,0.9463162592388106,0.9108559436884267,0.9601367934715918,0.9791542037371478,1.025222821530458,0.9433383362881895,1.0747413101782886,1.0898702286534063,1.1115819585278,1.1057021457157907,1.1795096878640539,1.2638955853648488,0.8072490232495785,0.5748601174675507,-0.02839528558476886,-0.08550619522514351,0.06388637050468438,-0.015956482320942822
27,2024-12-18,3021,兆威机电,165.96,0.01012292118582778,0.01669076885996632,-0.004399999999999999,544312163.56,0.97877436,0.9589219579580688,0.9039728338227584,0.9454537064402334,0.9443419379722935,0.9628594823734759,1.0414297597374442,1.0257419742656873,0.9869034853004858,1.034468443582586,1.167686565619241,1.1035890155406145,1.2230584196382284,1.2734021949190608,1.2723437430146445,0.6865335787213404,0.4834080984657042,-0.05046999276934204,-0.09718004338394802,0.021631718486382345,-0.018980477223427328
28,2024-12-17,3021,兆威机电,166.01,0.0651767965785195,0.006204445515330409,-0.016900000000000005,844368163.43,0.9897850799999999,0.9417777124260744,0.962627559681487,0.9265560278964803,0.9766863133086285,0.9960315195826064,1.042894204960056,0.9595983073835486,1.0932662253293552,1.1086559153300715,1.130741882195169,1.1247607212425281,1.1998404564691223,1.2856808822143833,1.3221844480945668,0.9179896786967694,0.6945967498744985,-0.08044093729293425,-0.10631287271851111,0.02132401662550465,-0.01927594723209436
29,2024-12-16,3021,兆威机电,176.22,0.021734195891499334,0.013732833957552988,0.0068,754846397.02,0.97971708,0.9235763325704184,0.9659567568159769,0.9648208786060696,0.9837399933254032,1.0640141408459496,1.0479861510324884,1.0083054130070241,1.056901862021177,1.193008943980961,1.1275213784110718,1.2495815885882302,1.3010171158540165,1.299935710427319,1.4086623852448876,0.6748414257820385,0.5927032571157829,-0.0556463511519692,-0.04898989898989905,-0.03785041425490854,-0.0760980592441266
30,2024-12-13,3021,兆威机电,177.1,0.05488424618859401,0.004799548277809116,-0.026900000000000004,948801534.04,0.95149718,0.9725622047985276,0.9361184024884274,0.9867660495636372,1.0063109049720231,1.0536572292644135,0.9695016895824986,1.1045491060840755,1.1200976229406,1.1424115245252726,1.1363686359492589,1.212223219680299,1.29894954793053,1.3358298430751925,1.431608415358134,0.7746435228552332,0.6896325422965572,-0.06006775832862792,-0.046374929418407644,-0.004968944099378869,-0.06578204404291366
31,2024-12-12,3021,兆威机电,186.39,0.036214389183969097,0.006223509844948746,-0.022199999999999998,871878158.29,0.9426969799999999,0.985954799130354,0.9847954050225086,1.0041061990318707,1.0860422488969463,1.0696824342722373,1.02918019251744,1.0787827257448417,1.2177076100183544,1.1508642662543678,1.2754514686915843,1.3279518571361608,1.3268480635525095,1.4378256886619631,1.4605907252775217,0.6536561350037879,0.6294574048021399,-0.014249691507055132,0.010419013895595144,-0.049841729706529336,-0.11234508289071299
32,2024-12-11,3021,兆威机电,191.1,0.024489795918367384,0.02825745682888543,-0.0359,1179112593.51,1.0221388200000001,0.983837285243901,1.0370667095026358,1.0576078690764203,1.1073676847517442,1.0189222942126834,1.1608537884306451,1.1771948950396258,1.2006462536497193,1.1942953272328762,1.2740166183995405,1.365163844133022,1.4039241220611842,1.504585032357252,1.4492382099245766,0.8080892670602471,0.8661131919445727,0.006593406593406695,0.05209837781266362,-0.024646781789638972,-0.13155416012558863
33,2024-12-10,3021,兆威机电,199.32,0.017860726469998006,0.07224563515954248,0.0602,1838129989.76,1.0458873,1.0446574306650571,1.0651420555435223,1.152058691115088,1.1347044246097377,1.0917402032171992,1.1443578887298884,1.2917274965900012,1.220820996217011,1.3529813882416217,1.408673078740701,1.4075021896776518,1.5252257291223772,1.549374567082544,1.4841125242801934,1.216140258646091,1.3922810133018397,0.05702388119606656,0.10920630142484446,-0.04124021673690548,-0.1671182018864138
34,2024-12-09,3021,兆威机电,184.78,0.041346466067756174,0.047137136053685504,-0.013500000000000002,1286194857.29,0.96252805,1.0146045617391146,1.03470081400139,1.0833828664796668,0.9968531419369079,1.1357104981402089,1.151697667680429,1.1746410860803813,1.1684277163378611,1.2464222994676404,1.3355953393229132,1.373516096435105,1.471996761024351,1.4178487124914958,1.4547158415694934,0.9003327703642588,1.046979058040769,0.005953025219179688,0.06400043294728863,0.07868816971533721,-0.04632535988743369
35,2024-12-06,3021,兆威机电,183.64,0.09758222609453288,0.04002395992158568,-0.0243,1493926159.93,0.99882409,1.0184099716513646,1.101513223379888,1.0849203586368605,1.043841151161506,1.0941502862974704,1.2350541942616582,1.167258648438518,1.2936206302931699,1.3468689014014235,1.3457493839705787,1.4583079162758523,1.4813972471819326,1.4189985137788683,1.4576650880805313,0.978474364824924,1.1981766760723065,0.004094968416467053,0.06618928338052728,0.08538444783271615,-0.03561315617512517
36,2024-12-05,3021,兆威机电,190.36,0.03530153393570077,0.05447573019541922,0.023700000000000002,1498319200.74,1.0541038900000002,1.0749825046671524,1.1255597865222389,1.0356613939062949,1.179924572733448,1.1965341349589023,1.2203707581097312,1.2139154971513413,1.294946468799159,1.3875910830057505,1.4269881240708828,1.5293027159305652,1.473046642631865,1.5113490371210412,1.473501154426389,1.0431037768367497,1.1997539529511376,0.055211178819079734,0.11095818449254051,0.04706871191426765,-0.0353015339357009
37,2024-12-04,3021,兆威机电,181.67,0.05581548962404368,0.03699014696978037,0.029699999999999997,1440658396.02,1.01960894,1.1028100287207612,1.0861976292911202,1.045070059495167,1.095438423293806,1.2365082166386858,1.1686328554996284,1.2951436026069114,1.3484545626061377,1.3473337271736996,1.460024774007856,1.4831412878537327,1.4206690927717496,1.4593811890145052,1.4375164627582637,1.1400939210365606,1.1860791280019796,0.050762371332635836,0.09010843837727736,0.09715418065723558,0.010843837727748218
38,2024-12-03,3021,兆威机电,177.95,0.04591177296993547,0.007193031750491718,-0.009800000000000001,1423787325.68,1.01980698,1.0677882865248118,0.9825041001473725,1.1193626965302708,1.1351197413367882,1.1577329044006575,1.1516089720068685,1.2284808746879388,1.3163703276019125,1.353745240491317,1.4508083410360675,1.397439717855386,1.4337761689894164,1.397870900966307,1.3413283649782846,1.2610907370783497,1.174328539029956,0.060679966282663686,0.08351222253441973,0.12008991289688109,0.020904748524866568
39,2024-12-02,3021,兆威机电,180.82,0.023393429930317546,0.032463223094790425,0.029900000000000003,1777265481.21,1.08160098,1.0653080673175739,1.0249714557182747,1.0743711439935058,1.2127279078571886,1.1461579137386029,1.270235628384066,1.3225213213667366,1.3214220416444167,1.4319458340644367,1.4546177751773466,1.3933470343755026,1.4313146263846068,1.4098703987023335,1.3684204345597497,1.7282074128951368,1.5028459388929838,0.10282048445968359,0.11613206503705356,0.05275965048114162,-0.01587213803782772
40,2024-11-29,3021,兆威机电,168.45,0.0,0.06767586821015124,0.050199999999999995,1041993255.03,1.0470494,0.963421627244964,1.0976221172071903,1.1130731242266925,1.1352470880329308,1.1292420963885426,1.204620971203726,1.290803410270748,1.3274524170165192,1.42263033053183,1.3702982478658716,1.4059289621545996,1.3707210564162908,1.3152767055764656,1.289894706156525,1.0776922552598023,0.9394980990988223,0.04967646185811811,0.08004155535767293,0.130068269516177,0.05639655684179279
41,2024-11-28,3021,兆威机电,153.35,0.03860449951092283,0.012259537006847053,-0.002999999999999999,634452184.41,0.9849363,0.9476428689240599,0.9933156162575831,1.1212341059983033,1.0596864601015827,1.174403178133276,1.2227441966322337,1.2217278516559928,1.3239132180376136,1.3448746830622755,1.28822649030468,1.32332963158429,1.303503255611264,1.2651804684568144,1.2512052343950213,0.597803221378909,0.5540560005680129,-0.03440495598304539,0.007394848386044905,0.24134333224649507,0.09846755787414407
42,2024-11-27,3021,兆威机电,155.19,0.01011663122623876,0.03982215348927126,-0.0121,767564728.99,0.92013006,1.048300220798742,1.0630569333468818,1.084234505108289,1.078499349112413,1.1504910572545344,1.2328008690619068,1.2678030444566601,1.358704117047228,1.3087235882718347,1.342753228409853,1.3091273978250604,1.2561744513453383,1.231932997771189,1.273292708944021,0.658487919377499,0.6395911690194483,-0.019086281332560018,0.023190927250467286,0.17062955087312326,-0.011856434048585607
43,2024-11-26,3021,兆威机电,153.33,0.06808843670514575,0.0,-0.0686,920657743.16,0.9621361999999999,1.008507470236992,1.1383823562988828,1.07589339544251,1.1923646007698934,1.241444950939704,1.2404130618964828,1.3441612600100268,1.3654433114733162,1.3079287364113599,1.34356874813558,1.3234391458729502,1.2845302467345496,1.2703412742479097,1.2803815943567058,0.7104712852715471,0.7712441538409552,-0.03714863366594924,0.015359029544120826,0.17928650622839615,0.00013043761820896727
44,2024-11-25,3021,兆威机电,170.09,0.01957787053912625,0.08889411488035748,0.033,1469705027.18,1.1392957,1.1553333377097599,1.1783491837102775,1.1721161996516156,1.2503569954605487,1.3398115360581817,1.37785200111456,1.4766435486818332,1.4223245660204107,1.459308076958004,1.4227634274061869,1.3652140126204966,1.3388683310391893,1.3838181842945343,1.3377059582011064,1.0994094599016484,1.2640355959109324,0.07452525133752728,0.12274678111587992,0.06308424951496261,-0.09853606913986712
45,2024-11-22,3021,兆威机电,161.17,0.028913569522864214,0.07687534901036165,0.10289999999999999,1514150640.29,1.04819616,1.183182127747488,1.1182339833409345,1.2392887834070616,1.29030063616742,1.2892281382786375,1.397059231333388,1.4191788142607211,1.3594008170686853,1.3964434018131529,1.3755216214429415,1.335081505855979,1.3203341421390336,1.3307695878782086,1.3700802553502143,1.2100458861620444,1.3711380421290147,0.0702239870943723,0.09215114475398632,0.05534528758453816,-0.048644288639324795
46,2024-11-21,3021,兆威机电,150.98,0.057557292356603514,0.01616108093787255,-0.0496,1156158843.95,1.0140768,1.0342786194227518,1.0288077095802395,1.0974824143201354,1.1759998181843236,1.2093892754221403,1.2961020994653392,1.248424413451583,1.2808861447980573,1.248809617561259,1.1982964673881387,1.175171933887918,1.2146260047277755,1.1741516782702737,1.2020034954001875,0.940805209917253,1.1393586358155328,0.034269439660882285,0.052497019472777774,0.12657305603391178,0.015564975493443045
47,2024-11-20,3021,兆威机电,159.56,0.0,0.09306843820506389,0.06699999999999999,1418532199.18,1.1287793000000002,1.0668174775043389,1.1823061662495136,1.2309724891259095,1.2299493047929477,1.332822313843802,1.353924836225999,1.296895437079912,1.3322348002239894,1.3122750053224215,1.2736943301299435,1.2596250516115548,1.2695806745544733,1.3070838337646784,1.2045329640352893,1.1490504448873842,1.440210971824792,0.09106292303835549,0.11934068688894443,0.0659939834544998,-0.0537728754073703
48,2024-11-19,3021,兆威机电,145.27,0.0,0.10518345150409582,0.0579,1125519057.36,1.01992139,1.0145264240146699,1.082247828093627,1.1596753009084948,1.1926012659220093,1.278110395056212,1.2310945418054955,1.2631056590566485,1.2314743987450054,1.1816624415311925,1.1588589088005148,1.1977653021228525,1.1578528157534753,1.1853180108254007,1.2618809252096026,1.0310536152402734,1.1629903846392193,0.016149239347422066,0.055104288566118424,0.17085427135678377,0.039306119639292314
49,2024-11-18,3021,兆威机电,132.28,0.13070758996068937,0.007635319020259985,-0.0359,1042222821.9,0.94510723,1.0474201345201082,1.090534251581252,1.0896277995113373,1.1807643122475775,1.1994593063728214,1.1489362332210662,1.1802438264273534,1.1625611891734917,1.1283820762215817,1.1159179226723548,1.1247377362027045,1.1579622639825857,1.0671111385859835,1.1696761841956111,1.0542369083110783,1.1485765137601724,-0.06599637133353485,-0.019171454490474547,0.28583308134260665,0.09820078621106743
50,2024-11-15,3021,兆威机电,140.94,0.12210869873705128,0.03604370654179072,-0.019700000000000002,1402084729.95,0.9947104099999999,1.0611090606636133,1.1370241984124825,1.169307044263489,1.2531459851589268,1.2070484587106223,1.2384343258617692,1.2074208961780923,1.1585818800517484,1.1362237523036112,1.174370215064175,1.1352373105475073,1.162166047743543,1.237233513858948,1.1735585239834192,1.4646432795744364,1.6453485547253826,-0.013083581665957102,0.05923797360578983,0.14353625656307645,-0.0614445863488009
51,2024-11-14,3021,兆威机电,147.1,0.09796057104010875,0.001631543167912853,0.0147,1184269231.97,1.1082553400000001,1.153873567956148,1.1529144682464627,1.2493442804871755,1.2691250985063582,1.2156675949046185,1.2487935643316932,1.2300839018800986,1.1939196319782484,1.180731547966631,1.1900636250584016,1.2252178665299023,1.1290900172099876,1.2376121429053202,1.215338787664967,1.4792509355813226,1.6186401442806837,0.046213460231135296,0.1251393609789258,0.08470428280081577,-0.10074779061862671
52,2024-11-13,3021,兆威机电,149.03,0.0,0.08971348050728044,0.0922,704005661.61,1.06675174,1.143070573085168,1.1755250900244312,1.259809862811154,1.2134672026913063,1.245019971050438,1.2138416206764062,1.164742892408001,1.1422658704291746,1.1806151853424103,1.141274183053445,1.1683461196948195,1.2438127734673532,1.179799177916937,1.246958915776088,0.9573496875691587,1.1086031792660733,0.08739180030866268,0.16386633563712,0.07065691471515811,-0.11239347782325704
53,2024-11-12,3021,兆威机电,135.7,0.04082535003684614,0.011569638909358831,-0.0233,610437542.22,1.0411622,1.04029678597936,1.1273072507705448,1.1451558613797053,1.0969201329583655,1.1268103290453744,1.1099282426016541,1.0772965298576844,1.065396669297015,1.0738171810283375,1.1055375257924787,1.018799527922859,1.1167211185333157,1.0966234438942266,1.128679348229484,0.7233185799202567,1.0437823781524909,0.030169491525423687,0.11233603537214444,0.09823139277818727,-0.02520265291083268
54,2024-11-11,3021,兆威机电,141.15,0.0,0.10648246546227418,0.066,885640424.56,1.0715432,1.1019668831516798,1.1809775560442526,1.1375347770150404,1.1671131382925495,1.1378857658825157,1.0918593790229028,1.0707888514240198,1.106738466948655,1.069859218653297,1.0952371352071284,1.1659814808151645,1.1059735209964945,1.1689307540066334,1.1608051656563068,1.0719393883584234,1.5552721491932031,0.08875664187035062,0.1658094226000708,0.05582713425433927,-0.06284094934466877
55,2024-11-08,3021,兆威机电,128.53,0.05407297907103391,0.029253870691667353,0.005199999999999998,618582691.29,0.9991688,1.0827393183987517,1.0998822867173867,1.0535535509821288,1.082262042403551,1.066047386854473,1.0347057642485333,1.0232763629884134,1.0313639709819828,1.0618302564119968,0.9785214329936861,1.0725717073990158,1.0532685914780873,1.0840571701791362,1.0817484536238045,0.8280741499117542,1.2455390011466247,0.04770870613864471,0.1112502917606785,0.15949583754765428,0.055784641717886885
56,2024-11-07,3021,兆威机电,125.62,0.059067027543384706,0.03224008915777751,-0.006000000000000001,858180660.85,1.0283924,1.1021278059944317,1.0615855497146922,1.0891890670320614,1.0619131042803647,1.0189597386488036,0.9992960166459176,1.032845401798691,0.99842845221107,1.0221119738402784,1.0881329663751909,1.032131528618253,1.0908853268880185,1.0833022557152217,1.069480315570371,1.2949722304057307,1.895255235410167,0.06796688425409952,0.10862919917210635,0.1863556758477949,0.02316510109855119
57,2024-11-06,3021,兆威机电,127.03,0.043926631504369144,0.009682752105801811,0.0346,1246859095.02,1.08364004,1.1007972694077184,1.0544299931924703,1.0831623669629706,1.0669342225802818,1.0355665271458971,1.0241276178643823,1.0322219538700397,1.0627135839429702,0.9793354566252329,1.073463970651421,1.0541447966330486,1.0849589880900365,1.0826483509331002,1.060765234527997,2.3318524884947496,3.2503363970942964,0.1087774541446901,0.13418090214909853,0.1731874360387311,-0.011099740218845966
58,2024-11-05,3021,兆威机电,120.78,0.0,0.1073853286968041,0.04739999999999999,521756261.35,1.0716996799999998,1.0322767357233407,1.0591181605698967,1.0325952469897333,0.9908277605404354,0.9717069249499681,1.0043300609754515,0.9708633126917994,0.9938929671594992,1.058091217297202,1.003635896782447,1.0607675891887363,1.0533938754460084,1.039953538717683,1.0558438415976523,1.601833946341041,1.789786024000376,0.09499917204835241,0.10626759397251219,0.16865375062096377,0.04007285974499086
59,2024-11-04,3021,兆威机电,110.03,0.016540943379078372,0.04716895392165771,0.023199999999999995,489689529.98,1.01583296,0.9730445113420416,0.9995591958405031,0.9845836100521735,0.9556370094500172,0.9450810048181518,0.9525505848510727,0.9806887386174568,0.9037460969283055,0.9906093638358188,0.9727813274904908,1.0012171459537766,0.9990848537980381,0.9788907712638572,1.0084649409340196,1.566083318445274,1.710115489773504,0.0287194401526856,0.028455875670271746,0.28283195492138513,0.09770062710169958
60,2024-11-01,3021,兆威机电,101.95,0.04041196665031869,0.0046101029916625685,-0.0072000000000000015,197024351.7,0.9632145599999999,0.9882602191034496,0.9635117619795623,0.9245386361787805,0.9066970375039844,0.9371375952780462,0.9059098652448971,0.9273987719763984,0.9873019811830137,0.9364898725942019,0.9897992963744623,0.9829189045255742,0.9703777635892203,0.9852049611488662,0.9678582603569258,0.8000551435788911,0.7208426859341825,-0.04035311427170186,-0.04615007356547325,0.26071603727317316,0.07925453653751835
61,2024-10-31,3021,兆威机电,106.27,0.00969229321539476,0.012044791568645912,-0.0298,218208434.62,0.95787846,0.983979881732232,0.9692377081879422,0.94074227464525,0.9303507978498274,0.9377039556297452,0.965403542938257,0.8896601434632575,0.9751695434609828,0.9576193781805336,0.9856119907290433,0.983512932872387,0.9636335990356694,0.9927468202390476,0.9798492520998658,0.8983186325262466,0.7195904611645063,-0.005608356074150916,-0.009268843511809536,0.19535146325397568,-0.040651171544179854
62,2024-10-30,3021,兆威机电,107.5,0.031069767441860498,0.014604651162790635,-0.0127,201942986.22,1.02600216,1.000308552208308,0.959847031567692,0.9413240571280239,0.972927148524464,0.9405068225348433,0.9628163967708279,1.0250073266988549,0.9722546891257561,1.0276000150729265,1.0204568590881498,1.0074367683864958,1.0228302208688231,1.0048210446039414,1.0057038602773094,0.8685310497278727,0.6521308179852927,0.00690232558139539,0.006176744186046658,0.18167441860465128,-0.05162790697674413
63,2024-10-29,3021,兆威机电,108.6,0.03941068139963169,0.013996316758747662,0.0392,456555762.67,1.0272492,1.011858757308252,0.9821102717407905,0.9712618423947308,0.9789383463427553,1.0078559893060515,0.9287818659825147,1.018051437821227,0.9997295253727008,1.0289530790044523,1.026761717632096,1.00600821427352,1.036401653962495,1.0229369309545449,1.0157884021761705,1.7743187404758627,1.4956956590314952,0.018563535911601998,0.022283609576427273,0.11215469613259677,-0.06123388581952105
64,2024-10-28,3021,兆威机电,106.0,0.009339622641509386,0.01603773584905663,-0.0115,157585788.86,0.97495755,0.9355214530617479,0.917467909743995,0.9482700782271881,0.9166713864762657,0.9384155651005919,0.9990303789407763,0.9476146610897545,1.0015573603401833,0.9945952346612503,0.9819051144945892,0.996908447901146,0.9793556814772608,0.9802161237918929,0.9818701404791795,0.6060679508219129,0.5346611228241236,-0.00875471698113205,0.0045754716981130684,0.038018867924528355,-0.03820754716981134
65,2024-10-25,3021,兆威机电,105.96,0.014722536806342038,0.008493771234428005,-0.0137,180245091.96,0.98501781,0.9560584439888495,0.9454977841742109,0.9529706582811214,0.9811212209326143,0.9041446476497764,0.9910462211323474,0.9732103226487797,1.001658681266875,0.9995254487733805,0.9793224606780127,1.0089096725142204,0.99580211983085,0.9888432156249628,0.9944849617073893,0.6000437101756658,0.5226012960665026,-0.012136655341638502,0.0030388825972063847,0.02491506228765572,-0.037844469611173936
66,2024-10-24,3021,兆威机电,105.73,0.013997919228222735,0.010971342097796375,-0.0013,166225159.11,0.95955096,0.9410336991020736,0.9726270423027015,0.9402167165906513,0.9625194092815547,1.0246911559798437,0.9719547903288246,1.0272830446209513,1.0201420919928774,1.0071260174297734,1.0225147216934174,1.0045111004856169,1.0053936438482813,1.007090145082911,0.9888384892491499,0.4572002431596597,0.4508241472390878,-0.018102714461363866,0.00818121630568451,0.02714461363851317,0.0021753523124938834
67,2024-10-23,3021,兆威机电,106.63,0.030479227234361812,0.006283409922160759,-0.0392,325954563.0,0.97060016,0.9598788718086335,0.967465408855015,0.9960441435395105,0.9178967511762821,1.0061201036886303,0.9880129199377418,1.0168939800863854,1.014728300976995,0.9942180240152334,1.0242552594193401,1.0109483399400159,1.003883590312913,1.0096111477490841,0.9897296023364884,0.8426478809838381,0.8199142877277122,-0.0026634155490949246,0.01613054487480057,0.01847510081590542,-0.008440401387977081
68,2024-10-22,3021,兆威机电,110.32,0.034173313995649116,0.03553299492385776,0.0102,470056399.84,0.98070216,1.0136272932317232,0.9798507382981008,1.0030935816911222,1.067886124547094,1.012926703057881,1.0705872720099736,1.0631452987060503,1.0495805427882365,1.0656179445575433,1.0468553962841294,1.0477751424981965,1.0495431582736483,1.030522119689349,1.0020909212665858,1.3309274178315256,1.0601579964392405,0.04118926758520665,0.04353698332124713,-0.015591007976794802,-0.04160623640319061
69,2024-10-21,3021,兆威机电,107.59,0.03810763082070819,0.010781671159029617,-0.0292,359451802.83,0.9889539599999999,0.9967702960764142,1.0262146912684524,0.9457001853124382,1.036595855999684,1.0179401989154233,1.0476960771224122,1.0454647987869639,1.0243332579042985,1.055280332345443,1.0415703413236774,1.0342915978016252,1.0401926450837224,1.0197088802627936,0.9994125947100428,1.0910142152832962,0.7892332279081485,0.03241936982990984,0.019137466307277473,0.025374105400129965,-0.01728785203085792
70,2024-10-18,3021,兆威机电,107.95,0.023436776285317287,0.06039833256137097,0.0187,496171553.61,1.03357302,0.9991318243839707,1.0228320305638179,1.088899533521058,1.0328586439106864,1.0916538330148815,1.084065419725445,1.070233742309935,1.0865867212503573,1.0674549715319577,1.068392816120846,1.0701956221587687,1.0508002956670852,1.021809640213891,1.0173254286078126,1.274152408145903,1.060319352847058,0.0363131079203335,0.026577119036591143,0.021954608615099458,-0.020565076424270523
71,2024-10-17,3021,兆威机电,102.08,0.03360109717868345,0.010286050156739784,0.0146,282474638.66,1.0079036399999999,1.037676911944872,0.9562631058299601,1.0481740282426129,1.0293099983293694,1.059398232373135,1.0571420319576494,1.0357744640653428,1.0670671993117282,1.05320407567171,1.0458440328219376,1.0518109913668,1.0310984348177277,1.0105754515711154,0.9656951894215713,0.7555706257042482,0.6245370893210439,-5.877742946708687e-05,-0.0175940438871474,0.08072100313479624,0.035756269592476464
72,2024-10-16,3021,兆威机电,100.94,0.022785813354467974,0.021101644541311627,-0.006599999999999999,157743555.4,0.96667754,0.9896079045908319,1.053529370881854,0.9993088286212098,1.0561942038839998,1.0488522811145409,1.0354698909516185,1.051291684500779,1.0327813815534366,1.0336887626196416,1.0354330090376862,1.0166676909456145,0.9886187240199933,0.9842801707496318,0.9500856870496868,0.3863683594236633,0.34749983245005395,-0.019476916980384326,-0.017218149395680598,0.09292649098474337,0.011293837923519012
73,2024-10-15,3021,兆威机电,101.95,0.04541441883276111,0.0,-0.0269,351487135.94,1.0295398,0.948764413461152,1.0399546014563583,1.0212384968957642,1.0510907891682333,1.0488522811145413,1.0276522704743312,1.0586996186577204,1.0449452049520427,1.0376428770729884,1.0435630447438407,1.023012909069093,1.0026508601269815,0.9581225338382261,0.9300969706621912,0.6587249477271098,0.7730245175917791,-0.03244727807748903,0.010083374203040762,0.0820990681706717,-0.009906817067189877
74,2024-10-14,3021,兆威机电,107.23,0.0054089340669588575,0.11526625011657185,0.05800000000000001,659188280.8,1.0237208,1.0898457109925759,1.0337561257720025,1.0926024037798578,1.085007396690463,1.0711637005154981,1.087530889049909,1.068382515180229,1.0693211746904159,1.071125547240589,1.0517133675678598,1.0226975212644263,1.0182094131923576,0.9828362072524068,0.9580065704395376,1.133750052121968,1.5132789079204032,0.002517952065653364,0.07604215238272868,0.0067145388417420016,-0.05865895738132987
75,2024-10-11,3021,兆威机电,98.23,0.07177033492822964,0.01486307645322211,-0.032400000000000005,418386566.66,0.9215422400000001,1.010115977504083,0.9919368798523032,1.0209326430782308,1.0187583628282668,0.9981666279189315,1.0283231582282883,1.0149633894212178,1.0078705816647286,1.0136208864813587,0.9936603801709198,0.9738825639639979,0.9306318549688183,0.9034104078950529,0.900870261748862,0.7656058606580867,1.1158649848058129,-0.08044385625572621,0.0191183956021582,0.09895144049679327,0.027588313142624443
76,2024-10-10,3021,兆威机电,106.18,0.0738368807685062,0.00254285176116039,-0.047599999999999996,454556694.32,1.0645927199999998,1.0098027956177138,1.0672855370134688,1.0598665150600273,1.0463435934050556,1.0623315351704379,1.0436268513643847,1.0445437610434563,1.0463063241858412,1.0273439472636092,0.9990004318212802,0.9946163184262324,0.9600627507543139,0.9358084454663201,0.9155806277426943,0.8564699519855856,1.3320701602508898,0.004840836315690565,0.10931437182143529,0.009888867960067715,-0.07487285741194205
77,2024-10-09,3021,兆威机电,112.7,0.06202307009760421,0.08367346938775516,0.11779999999999999,784316832.79,1.0961146800000001,1.0763878602594528,1.107852248941113,1.1054928560065427,1.083147993215082,1.1158719737342568,1.101374788225896,1.093678116875824,1.0999179880038474,1.0782580950070393,1.056796445884019,1.0098634816444423,0.9803244698746016,0.977568062152921,0.951342491825042,1.5698752203684003,2.561674795091748,0.09094942324755989,0.18235137533274182,-0.04853593611357587,-0.12839396628216504
78,2024-10-08,3021,兆威机电,110.46,0.024352706862212675,0.08799565453557849,-0.019399999999999994,590666291.34,0.94853438,1.0025294339918733,0.9955605511373657,0.9828581144205604,0.9978760094944457,0.980306207020075,0.9811674844474386,0.9828231064606954,0.965011246050611,0.9383874349819714,0.934269321723553,0.9018122449252837,0.8790295367286751,0.8600290144222424,0.872617155902859,1.5717800452190958,2.505039158796999,0.12560202788339653,0.19404309252217997,0.020278833967046994,-0.11071881223972468
79,2024-09-30,3021,兆威机电,103.09,0.005432146667960057,0.0634397128722476,-0.03269999999999999,484462355.36,0.9820029600000001,1.0107083402451218,1.0085558346929016,0.9881703191997045,1.0180248418297406,1.0047988666896568,0.9977770910575015,1.003469808472821,0.9837092000328279,0.9641294521153745,0.9213118846692594,0.8943630513867414,0.8918483439642657,0.8679224073753324,0.9029620926928726,1.6718146400022447,2.6504402968919023,0.11541371617033656,0.16575807546803759,0.09321951692695696,-0.04714327286836739
80,2024-09-27,3021,兆威机电,95.9,0.024713242961418042,0.05401459854014605,0.015200000000000005,339661817.94,1.0569247199999998,1.0495777191938638,1.036186073108452,1.052018809792056,1.0334957042042852,1.034403712860085,1.0361491656851651,1.017370868571586,0.9893025015940606,0.9849609475658152,0.9507428132708101,0.9267239598934465,0.9066925064142033,0.9199636558274873,0.9414217621014802,1.6698409010273856,2.382137778149138,0.09726798748696562,0.12556830031282587,0.17518248175182483,0.024296141814389882
81,2024-09-26,3021,兆威机电,90.1,0.002885682574916816,0.07735849056603773,0.041100000000000005,298915547.36,1.02923146,1.027039505759638,1.0062803875863109,1.0366820501536376,1.0232136842944515,1.0160632214973175,1.0218602686012486,1.0017375100710775,0.9817989266706227,0.9381966472578244,0.9107539262272095,0.9081931320902187,0.8838287079861067,0.919510561040338,0.9251935500873198,1.969804854307419,2.538170032434768,0.07347391786903446,0.08278579356270814,0.25083240843507215,0.0643729189789124
82,2024-09-25,3021,兆威机电,83.38,0.04029743343727512,0.0003597985128328273,-0.0114,165266472.53,0.9930486999999999,0.9803783121928039,0.9953583163350139,0.9778328433876399,0.9786919477671835,0.9803433925598459,0.9625764724015408,0.9360198345952782,0.9319121115511568,0.8995369256486027,0.8768116994117107,0.8578591164129488,0.8704154973567911,0.8907178953118631,0.8974670696697569,1.4658774985514251,1.7268911513373484,0.018373710721995642,0.01746222115615242,0.3516430798752699,0.0805948668745502
83,2024-09-24,3021,兆威机电,83.49,0.0,0.05102407473948965,0.004499999999999997,160605497.64,0.9978703,0.977700766731626,1.0072389840800606,0.9941531366466893,0.9872057559310493,0.9928381596509385,0.9732869126164074,0.9539146099076905,0.911550689732924,0.8848873762828913,0.8823993119003752,0.8587268678962716,0.8933953117215616,0.8989168967758913,0.8904768851295417,1.6766768647903436,1.8860134841183513,0.024242424242424086,0.02028985507246346,0.32303269852676975,-0.0013175230566534468
84,2024-09-23,3021,兆威机电,79.99,0.018752344043005378,0.005000625078134661,-0.0066,52599108.28,0.98724092,1.0023257835542345,0.9846776330180381,0.9855427510928553,0.9872057559310494,0.9693144680633898,0.9425719348862529,0.9384354579500047,0.9058336470795467,0.8829493451949644,0.863864094895798,0.8765083699890963,0.8969528838936731,0.9037493021940988,0.8908314802057509,0.6940213700693942,0.686670862550898,-0.010276284535567158,-0.021290161270158987,0.28878609826228296,0.04238029753719208
85,2024-09-20,3021,兆威机电,80.44,0.026230730979612128,0.00783192441571352,-0.006200000000000001,81357436.34,0.97978742,1.0093886791500464,0.9962749033082648,0.9893126951779699,0.9949571198290383,0.9753641456373714,0.9559504976826052,0.9134961625102219,0.8867759430087169,0.8842825684864809,0.8605596016799694,0.8953020364686288,0.9008354059399215,0.8923773812383651,0.8912798552209542,0.9950244356931502,1.0162126751132032,-0.0087518647439086,-0.02028841372451523,0.19219293883639987,-0.0055942317255097684
86,2024-09-19,3021,兆威机电,81.94,0.020746887966805013,0.020746887966805013,-0.014100000000000001,103883230.2,1.01527982,0.9974035851532959,0.9982798839951399,0.9999643814713934,0.9818418669916861,0.9547537139022285,0.9505637772287687,0.9175406212695749,0.8943605631692864,0.8750286555137908,0.8878363449411075,0.9085450832950412,0.915429338356537,0.9023445667200979,0.9033871987966058,1.2398422962209426,1.2135730288593984,0.001684159140834821,-0.00467415181840383,0.09958506224066377,-0.023797900903099856
87,2024-09-18,3021,兆威机电,81.47,0.009942310052780193,0.0290904627470235,0.0298,80494650.35,1.03021192,1.016827612777744,1.009721777381026,1.0154826440096958,0.9954854754487166,0.9756713325453854,0.9323411832642452,0.9050697374831745,0.9025249257502009,0.8783125646581269,0.9137717204703738,0.9194192409001551,0.9107867308996119,0.9096665634071461,0.9150242993389697,1.023309322247908,0.9410044997500385,-0.006505462133300615,-0.014704799312630334,0.02479440284767387,-0.0181661961458206
88,2024-09-13,3021,兆威机电,80.22,0.023435552231363694,0.0,0.00040000000000000034,60610017.67,0.9823928,0.983255910666224,0.9849150566898822,0.9670652835310822,0.9403848033759092,0.9362579246662942,0.9037317626086323,0.8809005611569098,0.8618595960213125,0.8744745315051249,0.894871606228755,0.9016522542096197,0.8887644065653721,0.889791347174226,0.9019626784414334,0.813293570871462,0.6618335383174706,-0.023759660932435877,-0.033819496384941514,0.040762902019446434,-0.002867115432560463
89,2024-09-12,3021,兆威机电,81.65,0.032945499081445166,0.0013472137170851123,-0.018,82475963.8,0.9870082000000001,0.980110749816432,0.9857026736884348,0.9662919406414134,0.9470588658548867,0.9049994133869517,0.8785277280456768,0.8760575452768989,0.8525552341290391,0.8869745173113255,0.8924564189668424,0.884077065328085,0.882989747786209,0.8881903631429247,0.8997086733473679,1.0654231575849784,0.8151898883918097,-0.011316595223514735,-0.025719534598897663,0.003551745254133376,-0.020330679730557355
90,2024-09-11,3021,兆威机电,83.73,0.012898602651379413,0.020303356025319512,0.0051,91473411.36,1.00087858,1.002567462515892,0.9843977719819224,0.9572391037229805,0.9530382599162923,0.9199291389438443,0.8966887391244214,0.8773065071540757,0.890147537222509,0.9109101840208468,0.9178123599945152,0.9046935264238217,0.9057388726527984,0.9181283478883735,0.8840416485874493,1.1674278827184748,0.8702171769217437,0.008718499940284294,-0.005864086946136386,-0.021378239579601166,-0.041920458616983236
91,2024-09-10,3021,兆威机电,82.93,0.0065115157361629325,0.02785481731580854,-0.004199999999999999,78251522.4,0.99301176,0.998677289295504,0.979011056485056,0.9595248204167774,0.916911747427176,0.8900916203590576,0.8875889230473454,0.8637772554767418,0.8986495930948958,0.9042036519725392,0.8957140025058404,0.8946123728112988,0.8998814428724348,0.9115513663892234,0.9259964656580106,0.8951745749423015,0.6934341729602512,0.0010370191727964878,-0.01735198360062695,0.009646689979500689,-0.03267816230555898
92,2024-09-09,3021,兆威机电,82.1,0.014494518879415493,0.006820950060901195,-0.0028000000000000004,59809869.2,1.0016874,0.9835336589798159,0.9563988308381827,0.9522016745690495,0.9191216170735159,0.8959016178809834,0.8765363998039359,0.8893661579034982,0.910110579068289,0.9170066962513227,0.9038993785078523,0.9049438071227365,0.9173224067682351,0.88326562907106,0.9250665636037246,0.6471439253190675,0.5274390173012496,-0.01505481120584658,-0.03221680876979306,0.01985383678440944,-0.022898903775882995
93,2024-09-06,3021,兆威机电,82.46,0.023647829250545756,0.0008488964346348919,0.004499999999999997,75046541.0,1.0057054,0.985900767665688,0.9662773987860702,0.9233644397395414,0.8963555681949403,0.8938352583531795,0.8698560180966455,0.9049737669722016,0.910566912090285,0.9020175174016474,0.9009081350771705,0.9062142857929848,0.9179663354532915,0.9325130909406457,0.9222835715351211,0.6908216985413824,0.6375229901361809,-0.015522677661896692,-0.03531409168081519,0.015401406742663326,-0.02716468590831911
94,2024-09-05,3021,兆威机电,83.78,0.003461446645977465,0.013129625208880334,0.0012,87191941.2,0.98187684,0.9547877220360191,0.9505976361178642,0.9175733038805479,0.8943924201112876,0.8750598238571594,0.8878679694917778,0.9085774454867747,0.9154619457640405,0.9023767080506876,0.9034193772655387,0.9157771244484407,0.8817777173508022,0.9235082358066246,0.9143874652979868,0.6978906374158651,0.7207518568258674,-0.013678682263069954,-0.028276438290761517,-0.000596801145858139,-0.025423728813559254
95,2024-09-04,3021,兆威机电,82.95,0.022664255575647926,0.0019288728149487232,-0.019299999999999998,136774215.38,0.98030772,0.9607956751411201,0.9181261627306977,0.8912705134077438,0.8887645013670796,0.8649212961336844,0.8998398208582767,0.9054012358791004,0.8969003421893204,0.8957972534274654,0.9010733021747569,0.9127586820686173,0.9272229133309274,0.917051426327353,0.9009620800204389,1.0371381206271,1.1074945182091716,-0.030042194092827056,-0.04758288125376736,0.010006027727546662,-0.01024713682941536
96,2024-09-03,3021,兆威机电,85.39,0.012647851036421107,0.015224265136432805,-0.00040000000000000034,103283827.64,0.97241088,0.96814345485312,0.9345095703454497,0.91090082144242,0.8912113904806629,0.9042559446577615,0.9253476693541063,0.9323592414747663,0.9190324807444156,0.9200943952049411,0.9326802376237338,0.8980532806444464,0.9405540472943883,0.9312649286014189,0.9073010606996891,0.7469293780667011,0.8445645944126678,-0.0059023304836630834,-0.030507085138775078,-0.018854666822813004,-0.038529101768357
97,2024-09-02,3021,兆威机电,84.12,0.05670470756062763,0.002734189253447503,-0.027200000000000002,140872147.38,0.9800960000000001,0.9365693485823999,0.9091742268516907,0.9066178744028248,0.8822957103037855,0.9179156733135558,0.9235888052366866,0.9149171468213271,0.9137918993716232,0.9191739326247037,0.9310940467434218,0.9458488333958315,0.9354730230292924,0.9190604762558015,0.8838833262398537,1.0483725796999004,1.1153732148576727,-0.024179743223965666,-0.05706134094151192,0.015097479790775026,-0.024013314312886447
98,2024-08-30,3021,兆威机电,88.39,0.01855413508315421,0.02907568729494295,0.0075,156559849.54,0.9956115,0.9610233591231,0.9367447857457333,0.9164967287086122,0.9299113813471128,0.9516015178214648,0.9588120213903472,0.945107155469523,0.946199198434453,0.9591421248019497,0.9235327361253367,0.9672393292168721,0.9576866608088742,0.9330428930409429,0.9042359028309025,1.2347195412127534,1.2019118799018218,0.0156805068446658,-0.02139382283063701,-0.0339404910057699,-0.06708903722140525
99,2024-08-29,3021,兆威机电,86.36,0.01366373320981944,0.029411764705882425,-0.011799999999999998,121892797.6,0.9555893999999999,0.9276379322553001,0.9250296648520397,0.9002135610223748,0.9365569018887494,0.9423452449930279,0.9334974806767165,0.9323493814602071,0.9378407142001434,0.9500029045556984,0.9650573345833791,0.9544708100321727,0.9377249537349418,0.9018334186037426,0.8931068455652917,1.0417227293214009,0.8972282961251545,-0.011718388142658643,-0.05502547475683198,0.023506252894858637,-0.03948587308939322
100,2024-08-28,3021,兆威机电,85.21,0.025231780307475717,0.027344208426241034,-0.033,168780889.84,0.9652594,0.9408738104629499,0.9205365031526979,0.9340102854849636,0.9557960286933858,0.9630383150358821,0.949273040206469,0.9503698967262361,0.9633698734917684,0.9276035241912499,0.9715027691191515,0.9619079940407219,0.9371556003932687,0.9082216334693829,0.8867804461330342,1.46611754582039,1.180493583222475,-0.03687360638422733,-0.08003755427766704,0.03731956343152221,-0.026522708602276568
101,2024-08-27,3021,兆威机电,86.69,0.01418848771484605,0.010266466720498335,-0.0017999999999999993,83755398.75,0.9707495,0.968020014508365,0.9420505930919438,0.9800829748516983,0.9861403286736206,0.9768813683750746,0.9756799117489239,0.981426451779544,0.9941538746198925,1.009907952707909,0.9988294240519754,0.9813053113972819,0.9437457328469137,0.934613596137935,0.9036540347667962,0.7878642618080299,0.6097376047256505,-0.0392894220786712,-0.07124235782673881,0.019610104971738318,-0.02964586457492202
102,2024-08-26,3021,兆威机电,88.37,0.026140092791671406,0.008373882539323403,-0.0275,103000583.0,0.9747367499999999,0.953667483738255,0.9676262002576339,0.9901960329973329,0.9976989760844412,0.9834382759768711,0.9845746094016137,0.9980424676431728,0.960988853557137,1.0064680738868241,0.996527973766142,0.9708847180284064,0.9409093902316651,0.9186965142562032,0.918681741616254,0.871197808307065,0.7418842736471235,-0.037524046622156866,-0.0591377164195994,0.00022632114971132822,-0.048093244313681116
103,2024-08-23,3021,兆威机电,90.23,0.015848387454283415,0.005652222099080185,0.002300000000000002,107624271.6,0.99718827,0.9704363412929328,1.0096147099243402,1.0158545831582921,1.0063166330501068,1.005078974286285,1.0109986683274563,1.0241095922479408,1.040338370205608,1.0289260247385916,1.0108738777586617,0.9721825587825836,0.962775253696175,0.9308828227743575,0.9518393037044091,0.8048472986072611,0.7774791135993239,-0.03688351989360526,-0.04112822786213009,-0.020392330710406803,-0.05563559791643591
104,2024-08-22,3021,兆威机电,91.26,0.028928336620644316,0.003725619110234532,-0.005099999999999998,112443760.8,0.97838466,0.9927051588622609,1.015859957057465,1.0235573615998794,1.0089270523316896,1.0100928372728468,1.0239097557809047,0.9858957852539539,1.032553737085243,1.0223560092159671,0.9960481309732154,0.9652959019259971,0.9425073121088368,0.9424921565912582,0.9435773043606707,0.7268557264057743,0.8310554971998529,-0.03936007012930088,-0.03384834538680691,-0.011286434363357412,-0.06629410475564335
105,2024-08-21,3021,兆威机电,93.93,0.026934951559671957,0.007878207175556361,-0.0166,124710431.63,0.97317264,1.0124614782365424,1.0187189457797095,1.0091541019130787,1.007912953374677,1.0138493389292038,1.0269972311727462,1.0432717687359159,1.0318272443563659,1.0137241964936687,0.9749237812259701,0.9654899507554126,0.9335075940818653,0.9545231651234817,0.9272645798305638,0.7300320233336426,0.8974510130097115,-0.018928989673160774,-0.008591504311721366,-0.028425423187480092,-0.09283508996060907
106,2024-08-20,3021,兆威机电,94.64,0.027261200338123397,0.0038038884192730287,-0.0104,143364445.4,1.01463688,1.0383032344941558,1.046170696911662,1.0312171618999928,1.0324087023940531,1.0465308764968828,1.0076770676821056,1.0553658282880711,1.0449428031874162,1.0180537080101149,0.9866220734961207,0.9633300179796735,0.9633145276329845,0.9644236494475197,0.9479144621757841,0.8512360073111036,1.031496013723849,-0.01052409129332201,-0.004522400676246801,-0.00750211327134398,-0.08400253592561291
107,2024-08-19,3021,兆威机电,97.73,0.019543640642586683,0.023534226951805966,0.025300000000000003,180457654.84,1.04037191,1.0468018765711595,1.036973359539864,1.0356979963746995,1.0417980297197873,1.0553083686906224,1.0720315449229192,1.060271530400162,1.0416694374943265,1.0017994147738989,0.9921055227728274,0.9592415114361059,0.9808364167774812,0.9528263965893695,0.9776086298470139,1.1317918149859854,1.3037451571638126,0.02275657423513766,0.024485828302465984,-0.03161772229612203,-0.09577407142126271
108,2024-08-16,3021,兆威机电,96.7,0.025749741468459098,0.0071354705274043195,0.0147,212518066.08,1.02332495,1.0310789185108884,1.0163410991920505,1.017515450841934,1.0314339022418373,0.9931405880713754,1.0401414033837122,1.029868738052786,1.0033675377639684,0.9723893275948345,0.9494332770356954,0.9494180101486007,0.950511132068765,0.9342401019128972,0.9599691490587859,1.4847456442130527,1.4995477229770937,0.024570837642192395,0.015594622543950462,0.010651499482936977,-0.06690796277145805
109,2024-08-15,3021,兆威机电,95.54,0.018735608122252376,0.026481055055474156,0.008499999999999999,193092971.4,1.00618045,0.9967333311987094,0.9955074588420015,1.00137077876294,1.0143568454194638,1.0304310743289091,1.019127410312493,1.0012471765931537,0.9629243207593897,0.9536066028280477,0.9220178882339354,0.9427747975024443,0.9158517136332233,0.9396722657064183,0.9380205097977599,1.6659470721224825,1.349740251005061,0.017730793384969672,0.00247016956248696,0.022922336194264092,-0.04479799037052545
110,2024-08-14,3021,兆威机电,93.57,0.019878166078871582,0.014855188628833883,-0.0023,112662615.8,1.00757723,0.9931753341810443,0.9943229184844304,1.0079241224811701,0.9705036392119389,1.0164331509592455,1.0063946335450786,0.9804974829979162,0.9502253683884425,0.9277925619185727,0.9277776430141771,0.9288458490812377,0.912945689355954,0.9380882866764716,0.935881246364408,1.0520101317026105,0.7419364912557037,-0.002094688468526215,-0.02405685582986005,0.04445869402586311,0.0038473869830075724
111,2024-08-13,3021,兆威机电,93.99,0.007873177997659422,0.02808809447813598,0.009899999999999997,98489755.2,0.99061091,0.9893925675479002,0.9952198721043923,1.0081261720196053,1.0241016651922716,1.0128674337813788,0.9950970291592862,0.9570095709565711,0.9477490869834011,0.916354405647551,0.9369838158776035,0.910226106692118,0.9339003413417726,0.9322587313217622,0.9299716023310356,0.8990009530267892,0.5702121367287861,-0.005426109160549049,-0.029247792318331838,0.039791467177359374,-0.00446856048515798
112,2024-08-12,3021,兆威机电,91.82,0.029296449575256067,0.004900893051622617,-0.019100000000000002,98908218.2,0.9857064099999999,0.9868453641855627,1.0003442837639058,0.9632052117850449,1.0087893222430657,0.9988262969629421,0.9731238993937131,0.9430794385740957,0.9208153323577715,0.9208005256472271,0.9218606985404362,0.9060801119492885,0.9310336307187803,0.9288431878957883,0.9095286183011823,0.8425936320240465,0.5578872987183684,-0.03646264430407318,-0.053191025920278814,0.06436506207797876,0.019059028534088363
113,2024-08-09,3021,兆威机电,94.31,0.022585091718799653,0.0,0.004900000000000001,76375569.2,0.99877011,1.0046526462184757,1.0176812730839047,1.0338081832677086,1.022467472906571,1.0045286389580408,0.9660801847584851,0.9567319291722732,0.9250396865178387,0.945864623959778,0.9188533030512636,0.9427519240039185,0.9410947546719046,0.9387859480883727,0.9200991415437487,0.5443400574683288,0.4394320436489541,-0.018555826529530122,-0.026879440144205242,0.025341957374615642,-0.026402290319160304
114,2024-08-08,3021,兆威机电,95.14,0.021862518393945745,0.020496110994324183,-0.006100000000000001,149027390.88,1.00115547,1.014850135512364,0.9771725150747929,1.0234176343066144,1.0133101365983226,0.9872350321772922,0.9567549008574427,0.9341679459685887,0.9341529245480175,0.9352284708592249,0.9192190522016473,0.9445344184368044,0.9423122123105483,0.9227175648590763,0.9340164536658154,0.8755353012739684,0.83943646561271,-0.01704856001681732,-0.017090603321420966,0.004204330460374273,-0.03489594282110586
115,2024-08-07,3021,兆威机电,97.24,0.011312217194570224,0.008227067050596434,0.0073,124972430.21,1.00588978,1.0189344503750764,1.035081219308524,1.0237265439457044,1.0057656200364675,0.9672698202376973,0.9579100531675635,0.9261787845431605,0.9470293659066128,0.9199847831361949,0.9439128329580453,0.9422536229802718,0.9399419733219416,0.9212321557597961,0.9309152822229168,0.6356487835864778,0.7227193154864968,-0.00654051830522429,0.007784862196626954,-0.021596051007815698,-0.055738379267791016
116,2024-08-06,3021,兆威机电,97.33,0.014486797493064796,0.017260865098119724,-0.0013999999999999991,137643555.69,1.01367886,0.9760447246767706,1.022236470731778,1.012140638454807,0.9860956282617047,0.955650675171802,0.9330897887104274,0.933074784626625,0.9341490896106525,0.9181581480063704,0.9434442968551172,0.9412246554579063,0.9216526229028907,0.9329384712504397,0.9162209975139479,0.5834953827288991,0.8071870964447406,-0.01693208671529843,0.014178567759169935,-0.0009246892016849806,-0.0566115277920477
117,2024-08-05,3021,兆威机电,96.28,0.05702118820108013,0.0005193186539260195,0.0151,213523850.22,1.01296829,1.0290205148605087,1.0177323244557714,0.9998765670295084,0.9616061714412659,0.9523012085554379,0.9207557358254107,0.9414842309130657,0.9145980021152963,0.9383859461799535,0.9367364513637585,0.9344383370928986,0.9158380710059466,0.9254644999205746,0.8666757002319998,0.9002003276895254,1.2494513640854965,-0.020357291233901058,0.00729123390112171,0.010905691732447043,-0.046323223930203605
118,2024-08-02,3021,兆威机电,97.82,0.03854017583316306,0.007973829482723236,-0.0020999999999999994,225897205.6,0.96287371,1.0084421319901826,0.9984825356373784,0.9727889839408358,0.9427548633812902,0.9204984196971685,0.9204836180825798,0.9215434261010952,0.9057682706398459,0.9307132012747283,0.9285235123260894,0.9092155901356084,0.9203491441564045,0.903857260586403,0.8505391907901865,1.0897020003900617,1.4247405751162263,0.0019423430791249002,0.022674299734205577,-0.005009200572479999,-0.0358822326722551
119,2024-08-01,3021,兆威机电,100.71,0.03207228676397581,0.008241485453281683,-0.0351,280993473.22,1.0158467199999999,1.0047030440170752,0.9870758807558611,0.9492954329708247,0.9401095946995911,0.9089679755181781,0.9294310988876717,0.9028890747560284,0.9263724792213915,0.9247441016774163,0.9224754084778889,0.9041132679542679,0.9136164567605315,0.8555802869525164,0.8616194688543938,1.520096110296591,1.9204356992002953,0.039122232151722745,0.051961076357859105,-0.02869625657829411,-0.055307318041902476
120,2024-07-31,3021,兆威机电,102.75,0.0,0.10131386861313865,0.0528,321416164.46,1.04732544,1.0369818235429633,1.0102975850704614,0.9791054149575755,0.955990811813907,0.9559754394816531,0.9570761113636544,0.9406927006448705,0.9665994528760458,0.9643253343432644,0.9442729411893575,0.9558357805369974,0.9387080062518303,0.8833341090911979,0.8840328263714892,2.153782258108287,2.406137563873678,0.07454987834549875,0.07491970802919716,-0.019854014598540193,-0.06296836982968368
121,2024-07-30,3021,兆威机电,93.64,0.035882101665954715,0.02445536095685611,-0.0052,144148935.99,0.98903016,0.971677972003356,0.9344868810235709,0.9254443374090838,0.8947885125013526,0.9149324209932693,0.8888044396658863,0.9119215143219556,0.9103185386840805,0.908085236006756,0.890009536039323,0.8993644796732045,0.8422336461868148,0.8481786197571163,0.8339029254079843,1.3708868320600605,1.257172674541526,0.0076676633917129805,-0.010604442545920493,0.09728748398120457,0.0281930798803931
122,2024-07-29,3021,兆威机电,93.23,0.010082591440523411,0.011262469162286787,-0.0058000000000000005,64053310.0,0.99012378,0.964645320818772,0.9348626296689361,0.9127925048912275,0.9127778271877489,0.9138287630668596,0.8981856686732164,0.9229217738433297,0.9207504157860086,0.9016041290750633,0.9126444790045368,0.8962906565621382,0.8434189368026789,0.8440860811816899,0.8115213330191693,0.6124097250101574,0.5665840559848059,0.0033680145875790296,-0.024466373484929655,0.102113053738067,0.004397726053845252
123,2024-07-26,3021,兆威机电,93.52,0.011334473909324233,0.021813515825491788,-0.0040999999999999995,113650310.4,0.9824553500000001,0.944851753584108,0.9357089144875863,0.9047130701265497,0.9250804050235124,0.8986626248747422,0.922036102844382,0.9204153477828022,0.9181572744017795,0.8998810875892025,0.9093397916937179,0.8515752908756744,0.8575862031923437,0.8431521698064135,0.8284178242618739,1.0350230121564892,0.9646319170048564,-0.0005774165953806892,-0.029191616766466956,0.09869546621043623,-0.0031009409751924233
124,2024-07-25,3021,兆威机电,92.31,0.017549561260968526,0.02177445563860909,-0.013500000000000002,102898082.34,0.9742674,0.9441876344682238,0.9218973660962143,0.9218825419865675,0.922943960670109,0.9071448305920058,0.9321276717980955,0.9299346550246562,0.9105973892224498,0.9217478636908779,0.9052309162417433,0.8518318152127191,0.8525056141785524,0.8196160413591614,0.8072062020923008,0.954680971704503,0.8371625398125722,-0.020301159137688173,-0.05203119922001947,0.11309717257068574,0.009966417506229064
125,2024-07-24,3021,兆威机电,91.91,0.02361005331302363,0.00272005222500272,-0.012400000000000001,101000038.2,0.96172488,0.9524187684331775,0.9208694014710691,0.9416004554542986,0.9147109075997625,0.9385017882434881,0.9368520898001138,0.9345536918311652,0.9159511295746952,0.9255787468547226,0.8667826897941717,0.8729009447526991,0.8582091489515666,0.8432116780288019,0.8271715658338639,0.8564389818170004,0.7664875622343452,-0.03377216842563361,-0.06955717549776956,0.11794146447611809,0.004352083560004383
126,2024-07-23,3021,兆威机电,93.61,0.058647580386710765,0.0016023929067407936,-0.026199999999999998,141359500.4,0.96912576,0.9462467553530112,0.9462315397051851,0.9473209928507399,0.9311045721041326,0.9567472665082456,0.9544963272143316,0.9346483205970453,0.9460933042518695,0.929140106958052,0.874330615201452,0.8750222107180764,0.8412639500810162,0.8285263389622816,0.8208898862634367,1.1384143263341466,1.0526924701773233,-0.029206281380194366,-0.06173485738703126,0.00032047858134820473,-0.018160452943061678
127,2024-07-22,3021,兆威机电,96.52,0.00559469539991718,0.013675922088686213,-0.0048,90115177.64,0.99032352,0.9575185384317697,0.9790746553778442,0.9511149463033155,0.9758526661424087,0.9741373123258638,0.9717474417747882,0.9524045271395029,0.9624153082685379,0.9012792616888228,0.9076410134597943,0.8923645075622527,0.876770161159605,0.8600916780211237,0.8836915873587599,0.7416202207637551,0.6502536659311473,-0.01643182760049729,-0.039307915457936146,-0.030149191877331116,-0.047762121840033145
128,2024-07-19,3021,兆威机电,96.57,0.022470746608677664,0.008077042559801045,-0.0049,103540646.8,0.97639212,0.9763764196147103,0.9775005803691978,0.9607675397093278,0.9872271546143254,0.9849045052876643,0.9644241843257219,0.9762337802803525,0.9587404909741043,0.9021848879565971,0.9028985162029708,0.868064790766697,0.8549213870471069,0.8470416535656184,0.8504821165315721,0.8228617554288882,0.7380662935377799,-0.02439681060370725,-0.04014704359531956,-0.000517759138448759,-0.048255151703427535
129,2024-07-18,3021,兆威机电,96.46,0.01482479784366584,0.01306240928882429,-0.018799999999999997,153635740.8,0.9668744800000001,0.9886412223935105,0.9604083181860766,0.9853877510072756,0.9836556364185552,0.9812424143726166,0.9617104995542294,0.971819096317674,0.9100856876435923,0.9165096002766796,0.9010838271944229,0.8853371079782141,0.8684956588945032,0.8923261636346472,0.8753530135178735,1.1129546537351165,1.0560110017986852,-0.037134563549657974,-0.044930541156956286,0.0011403690648974507,-0.047169811320754707
130,2024-07-17,3021,兆威机电,98.56,0.03865665584415587,0.0018262987012987704,-0.0146,132210325.2,0.9999839199999999,1.001135261486131,0.983997637864312,1.0110970115309057,1.008718203591877,0.9877426953483831,0.9998378318337436,0.981921577751062,0.9239985344787472,0.92472941731952,0.8890534581195687,0.8755922641480421,0.8675220090526934,0.871045657897743,0.9045254998020505,0.9079774170386912,0.9124521902641334,-0.030762987012986978,-0.027161120129870053,-0.020190746753246835,-0.06747159090909094
131,2024-07-16,3021,兆威机电,102.42,0.0039054872095293054,0.031048623315758708,0.0148,128054208.47,1.02251248,0.9933123048051455,1.0191475433370374,1.0173560857853599,1.0148601857529806,0.9946590994461136,1.0051140209199378,0.9412656001051888,0.9479095986447792,0.931955332189989,0.9156691238538162,0.8982506797516294,0.9228976274507186,0.905342970183548,0.93454172046729,0.8868312505190438,0.8754846668369666,-0.00013669205233362628,0.009226713532513253,-0.03768795157195859,-0.08601835578988482
132,2024-07-15,3021,兆威机电,100.62,0.013615583383025147,0.015305108328364203,0.007599999999999998,111708787.76,1.00115136,0.9840134608007617,1.0111132702322911,1.0087344240414156,0.9877585785063255,0.9998539094846082,0.9819373673039282,0.9240133926141005,0.9247442872076582,0.8890677543290583,0.875606343898052,0.8675359590309146,0.8710596645371488,0.904540044805971,0.9537887858572848,0.7176549109313208,0.7639525210536747,-0.018902802623732867,-0.00969986086265141,0.017889087656529412,-0.04134366925064614
133,2024-07-12,3021,兆威机电,102.15,0.012922173274596115,0.010376896720509078,-0.0063999999999999994,164606573.62,0.97144272,0.9967091485641695,0.9949571332228235,0.992516184988745,0.9727598624968505,0.9829845997771468,0.9205419185741271,0.927039637349736,0.9114366332135027,0.8955089955027405,0.8784740502645302,0.9025783503891498,0.8854101909675939,0.9139660774285024,0.9519902559911386,1.0637429284298248,1.0837303602117985,0.0017816935878610099,0.00044052863436125014,0.002643171806167466,-0.05570239843367608
134,2024-07-11,3021,兆威机电,104.21,0.006045485078207559,0.01746473467037706,-0.0223,191468637.43,0.9828818100000001,1.0099504536779447,1.0075743432455764,0.9866226206857728,0.9987040415992725,0.9808081040852087,0.9229507440454364,0.9236807980839763,0.8880452944987841,0.8745993651729664,0.8665382615381101,0.8700579146565298,0.9034997912862757,0.952691894517613,1.053934462148,1.2519967123239182,1.2242319361421714,0.025563765473563014,0.0166586699932827,-0.017176854428557653,-0.07436906247001251
135,2024-07-10,3021,兆威机电,102.77,0.011384645324511061,0.005838279653595352,0.0053,126137977.0,1.02600918,1.024205661063396,1.0216929568309958,1.0013558622343173,1.0118811737836142,0.9476028793279002,0.9542916100598665,0.9382299279709488,0.921834069128379,0.9042983514916146,0.929111240227473,0.9114383923404088,0.9408337296804309,0.9799756963448536,1.062989437582226,0.874855296237026,0.821448893412631,0.018371119976646796,0.004252213681035299,0.014011871168629009,-0.040965262236061006
136,2024-07-09,3021,兆威机电,102.86,0.005930390822477148,0.054831810227493685,0.0206,184368439.67,1.0275400799999999,1.0251225864537838,1.003805961864095,1.0160977967424918,0.9978901777470159,0.9390251550646119,0.9397679239622679,0.9035117808302752,0.8898316728162529,0.881630174372756,0.8852111269172128,0.9192354381716309,0.9692842871083482,1.0722901282993527,1.0433220710856286,1.244571707255521,1.1769375646184008,0.02278825588178114,0.002313824615982885,0.01312463542679354,-0.021777172856309535
137,2024-07-08,3021,兆威机电,97.85,0.030454777721001577,0.0016351558507919938,0.006800000000000001,107132439.94,0.9982422000000001,0.9957931924458959,0.9759716401702345,0.9862301366383626,0.923581287379807,0.9301004597832804,0.914445938944668,0.8984657126833689,0.8813745228786497,0.9055584085782479,0.8883335647546631,0.916983734668369,0.9551334583038074,1.0360428135567228,0.9960934999665256,0.783180689077785,0.6763352254948436,-0.028819621870209436,-0.04898313745528863,0.0649974450689832,0.028308635666837167
138,2024-07-05,3021,兆威机电,100.04,0.005397840863654458,0.020791683326669457,-0.0085,155545621.84,0.9976473,0.976902002561394,0.9888643922702187,0.9711447730068261,0.9138574478424354,0.9145803090836787,0.8792959013630642,0.8659824469486902,0.8580007646735843,0.8614857406994897,0.8945981339935964,0.9433055760786948,1.043550659648578,1.0153590029165858,0.9734370228616062,1.0436857817446965,0.9356125822461089,-0.02201119552179112,-0.03550579768092741,0.041683326669332166,-0.021891243502599078
139,2024-07-04,3021,兆威机电,100.89,0.028645058975121426,0.005748835365249265,0.0062,147723182.18,0.9975466799999999,0.9776902240460628,0.9879667846524245,0.9252076173295489,0.9317382693130789,0.9160561825022704,0.9000478167356268,0.8829265311350789,0.9071530021253839,0.8898978271552365,0.9185984470185382,0.9568153483230897,1.0378671764795384,0.9978475163307318,0.978051399066799,0.9240359413329118,0.8964349693355458,-0.024898404202596893,-0.03947864010308261,0.032907126573495926,-0.030131826741996326
140,2024-07-03,3021,兆威机电,100.94,0.03417872003170203,0.003566475133742812,-0.008600000000000002,145920622.1,0.97920578,0.9911963799934294,0.9734349734689064,0.9160125505701617,0.9167371164976628,0.8813694993842657,0.8680246485393087,0.8600241434759401,0.8635173379404623,0.89670781847813,0.9455301248033197,1.0460116111661686,1.017753471509005,0.9757326290178966,0.9758157419232358,0.8956063286684534,0.8311087687055835,-0.0281751535565682,-0.04982167624331296,0.01902120071329505,-0.030612244897959218
141,2024-07-02,3021,兆威机电,103.63,0.03174756344687838,0.005017851973366748,-0.0123,127635498.02,0.9800947099999999,0.9903965443024927,0.9274830299967004,0.9340297431625745,0.9183090885554052,0.9022613525570822,0.8850979596614755,0.9093840121099735,0.8920864005634669,0.9208576053990157,0.9591684955766577,1.0404196588369563,1.0003015761936391,0.980456773277817,1.001013324123392,0.7727807158723256,0.7136107812393221,-0.010595387436070627,-0.0374794943549164,-0.00743028080671615,-0.05577535462703853
142,2024-07-01,3021,兆威机电,105.71,0.015041150316904773,0.0241225995648472,-0.0077,168349651.2,1.01224523,0.9941066457643932,0.9354648116662074,0.9362047643322354,0.9000860875068217,0.8864578480524377,0.8782874458481446,0.8818548210984439,0.9157501281070154,0.965609215259452,1.0682245065650742,1.0393662826510328,0.9964530938715421,0.9965379717460775,1.074693255948613,0.9352170900468814,0.8797360239673252,0.010349068205467868,-0.03176615268186565,-0.019676473370542014,-0.07435436571752907
143,2024-06-28,3021,兆威机电,105.84,0.021164021164021114,0.03174603174603174,0.020099999999999996,209707823.2,1.01051106,0.9463198000494263,0.9529994740636591,0.9369595399156936,0.9205858814982096,0.9030739076853864,0.9278531991158013,0.910204280730652,0.9395598160090219,0.9786487834187553,1.061550121862158,1.020617258707211,1.0003694166228252,1.0213434619225648,1.0840073363690081,1.1430390140666122,1.0624949538619475,0.008484504913076573,-0.0446334089191231,-0.0012282690854120704,-0.05479969765684045
144,2024-06-27,3021,兆威机电,102.8,0.039396887159533045,0.0035019455252918233,-0.009399999999999999,163033519.0,0.98208084,0.9241484019304368,0.9248794033163638,0.8891976576731527,0.8757342803704173,0.8676627163243285,0.8711869366857317,0.9046722088352201,0.9539281457117382,1.0553020897565248,1.0267929666124807,0.9843989028938592,0.984482753992407,1.0616925860432191,1.0813507160955813,0.9606487504623514,0.7816884108296471,-0.034474708171206334,-0.08908560311284049,0.029571984435797782,-0.018579766536964915
145,2024-06-26,3021,兆威机电,105.66,0.001987507098239712,0.03833049403747868,-0.008600000000000003,157093145.37,0.93647644,0.943086633869855,0.9272135427351915,0.9110101986396959,0.8936803795946443,0.9182019236046772,0.900736584447331,0.9297867714669268,0.9684691461157835,1.0505081674832515,1.0100010767890173,0.9899638472267936,1.010719726236905,1.0727317881795457,1.0767659462514456,0.8346364600161498,0.684415891001118,-0.02360401287147454,-0.08000189286390298,0.0017035775127769437,-0.044671588112814686
146,2024-06-25,3021,兆威机电,103.07,0.05627243620840217,0.008925972639953308,-0.0554,201872398.86,0.94101052,0.94175485932132,0.9054220604417379,0.8917130288077073,0.8834941900753592,0.8870827137669559,0.9211789620447337,0.9713336284126449,1.0745572531040568,1.045527949219008,1.0023603585361254,1.0024457395914648,1.0810643511212572,1.1010811656763217,1.0993569606573663,1.048396541650197,0.8057124089974107,-0.07014650237702537,-0.12235374017657907,0.026874939361599015,-0.002619578926942867
147,2024-06-24,3021,兆威机电,107.34,0.04974846282839578,0.004099124277995134,-0.003799999999999999,185618859.32,1.0070585799999998,0.9901087770400199,0.9728063192275247,0.9543009748271343,0.9804858770442503,0.9618358198603811,0.9928565543698321,1.034162852100992,1.121766787302467,1.0785119984321412,1.0571155930274057,1.0792793956854962,1.145497892268967,1.1498056974625497,1.1372979271166406,0.9156580849567898,0.6962912406519314,-0.05757406372274994,-0.09519284516489648,-0.013974287311347089,-0.042295509595677294
148,2024-06-21,3021,兆威机电,112.85,0.009747452370403266,0.015418697385910457,0.0109,140941547.92,1.000791,0.9621805933070099,0.9476121784565249,0.9388781222927871,0.9426916011172286,0.9789252537205787,1.0322239845019425,1.141918427334964,1.1110693525711146,1.0651956989132547,1.0652864322828874,1.1488334382502516,1.1701050543795428,1.1682727634727892,1.1474584888023842,0.6670814651482693,0.5195986322804538,-0.029561364643331846,-0.049162605228179015,-0.04882587505538316,-0.08905626938413824
149,2024-06-20,3021,兆威机电,111.85,0.042825212337952674,0.0,-0.01,255561293.67,0.983169,0.9659878169426099,0.9476121784565247,0.9736135479271228,0.9550942109647496,0.9858975178681584,1.0269142953938113,1.1139042053566208,1.0709525938720876,1.0497061581337261,1.0717146123570054,1.1374689765008177,1.141746587832606,1.129326485770709,1.1754951142583334,1.0329054427983468,0.9124753932389602,-0.05115780062583825,-0.06303084488153787,0.008940545373267828,-0.0809119356280733
150,2024-06-19,3021,兆威机电,116.39,0.02354154136953342,0.00111693444453987,-0.006900000000000002,178773282.8,0.9614201099999999,0.9468632096576857,0.9381360566719595,0.9419465214187864,0.9781515358557169,1.0314081406626783,1.1410158837709012,1.1101911913387656,1.064353795061361,1.0644444567176239,1.1479254292357262,1.1691802328153857,1.1673493901052159,1.1465515665132722,1.219071549302051,0.6600694425591198,0.6355665369979241,-0.03163502019073806,-0.028756766045192957,-0.030414984105163745,-0.11444282154824303
151,2024-06-18,3021,兆威机电,119.17,0.02349584627003438,0.009985734664764602,-0.0319,252686736.2,0.9825246899999999,0.9638344765310183,0.9902809668806918,0.9714445949422221,1.002775227726015,1.044494176884962,1.132973278608887,1.0892863728129016,1.0676762165342135,1.0900614363929348,1.1569414581835042,1.1612922985088077,1.1486595750788613,1.1956185704170224,1.2112152831500707,0.8189506912158896,0.8216107657512912,-0.015876478979609046,-0.009633296970714193,-0.023328018796677008,-0.13510111605269792
152,2024-06-17,3021,兆威机电,120.67,0.012430595839893926,0.01980608270489766,0.0149,228441456.45,0.9848589600000001,0.9757816036029864,0.9797449747736049,1.0174028249270934,1.0727965120915541,1.1868025974315237,1.1547409709775736,1.1070642105264068,1.1071585102558588,1.1939894093079935,1.2160971261724345,1.2141928153606187,1.1925604161881658,1.2679904826434836,1.2625114577282668,0.6913081657448867,0.6795221265993273,-0.007673821165161199,0.0013922267340681724,-0.012430595839893921,-0.11046656169719071
153,2024-06-14,3021,兆威机电,119.78,0.008933043913841986,0.023793621639672687,-0.0296,321636403.18,0.9809773599999999,1.0078942310148886,0.988722832952139,1.02061071638415,1.0630716841171308,1.153124486478693,1.1086605597798278,1.0866660424932564,1.1094494087399829,1.177518967165603,1.1819471920942848,1.1690897814271326,1.2168839954719328,1.2327581133356258,1.2280533166512417,0.9710635704687486,0.8477232549071897,-0.00692937051260655,-0.0047169811320754524,0.007430288862915413,-0.06620470863249295
154,2024-06-13,3021,兆威机电,124.35,0.017450743868114207,0.030800160836349004,0.0109,372662689.32,0.99078309,0.9948073933079766,1.0330441883039714,1.0892894877978814,1.2050482816661625,1.1724937456806745,1.12408401150801,1.1241797609841095,1.2123455822628586,1.2347931790887443,1.2328595917537457,1.2108946200663757,1.2874843344507763,1.2819210760170845,1.2515918488953808,1.1916450308297688,0.9508664151085154,0.033148371531966224,0.033936469642139346,-0.02959388821873743,-0.10052271813429836
155,2024-06-12,3021,兆威机电,121.34,0.03791000494478321,0.001648261084555817,-0.0199,367319664.76,1.02743883,1.0078956694292507,1.0404019073224586,1.0836862576697295,1.175485320556932,1.1301591708292105,1.1077381464677802,1.130963316768068,1.20035284725185,1.2048669421833393,1.1917602068075583,1.240481223207774,1.256663164311586,1.251867134478253,1.3393728975517096,1.2591366421479575,0.9872303017080557,0.01597164990934566,0.024138783583319497,0.024806329322564658,-0.040794461842755925
156,2024-06-11,3021,兆威机电,121.84,0.006976362442547557,0.06565988181221273,0.04829999999999999,362180189.12,1.00406174,1.0426542385821012,1.0994227685071627,1.216258426116419,1.1834010466212888,1.1345409735525562,1.1346376137526828,1.2236236109589422,1.2462800299596801,1.2443284551351654,1.2221591509665104,1.2994613527879006,1.2938463412986636,1.26323497194061,1.3503054382928723,1.1814662392338942,1.0310671743017115,0.0185981615233093,0.039322061720288876,0.020600787918581664,-0.021913985554826043
157,2024-06-07,3021,兆威机电,115.74,0.0366338344565406,0.012960082944530845,-0.04220000000000001,232304798.84,0.98097876,1.0126168847662285,1.0547452812054314,1.1440927539763435,1.0999770865475373,1.078154839123396,1.1007597569269092,1.1682961673269154,1.1726897086256116,1.159933002344829,1.2073528729761693,1.2231026583953284,1.218434711561615,1.303603541586714,1.2569188654833392,0.6794304898352399,0.6865816853907848,-0.03169172282702627,-0.0003110419906687521,0.074390876101607,0.034905823397269886
158,2024-06-06,3021,兆威机电,117.87,0.031984389581742566,0.00602358530584549,0.0242,229180722.94,1.03843638,1.0949752636796646,1.2113382849509027,1.178613823708977,1.1299514047338923,1.130047653994547,1.218673675344847,1.2412384421297442,1.239294762028444,1.2172151395456123,1.2942046300737449,1.2886123330410575,1.2581247961311721,1.3448430355416912,1.310066927763644,0.5359657288423497,0.6632961028122578,-0.018749469754814573,0.02176974633070334,0.05497582081954677,-0.018070755917536374
159,2024-06-05,3021,兆威机电,120.22,0.03601730161370819,0.00016636167027113643,0.013899999999999997,267631792.9,1.03225159,1.075196858702049,1.1662767846026998,1.1213057116012761,1.0990603294238461,1.1221035580086456,1.190949503663989,1.1954282360054478,1.182424176385663,1.2307635212980241,1.2468186960493703,1.2420602374322711,1.3288804964408343,1.2812906015246848,1.2186103906272443,0.568089448060459,0.7571403012162903,0.0015637997005490134,0.04361171186158705,0.03435368491099644,-0.037265014140742014
160,2024-06-04,3021,兆威机电,122.2,0.02602291325695575,0.017430441898527084,0.0181,441459747.71,1.05444617,1.1665021644859,1.1349889568670322,1.088127714414139,1.0882204011328525,1.1735660448884186,1.1952956060050055,1.19342386870965,1.172161494906036,1.24630131898282,1.2409160135944557,1.2115569334456215,1.2950654093433158,1.261576494232265,1.2376004726589147,0.9757776977332981,1.1845768372239163,0.03911620294599019,0.061579378068739817,-0.0029459901800327204,-0.05286415711947634
161,2024-06-03,3021,兆威机电,121.01,0.0171886620940418,0.02999752086604421,0.0357,538978236.61,1.04160349,1.1298377216379,1.086271721413649,1.064721372261433,1.0870446399686782,1.153739568145387,1.158078367314937,1.1454806055427467,1.1923096396470787,1.2078631877422155,1.2032534020434604,1.2873610554969785,1.2412580556302992,1.1805362204646683,1.2968001023794617,1.3611140256166252,1.482713872726879,0.05359887612594004,0.05773902983224534,0.0098338980249566,-0.04355011982480794
162,2024-05-31,3021,兆威机电,119.1,0.027455919395466082,0.018387909319899226,0.005699999999999999,660766080.07,1.10627,1.0763839721349,1.0319424029148296,1.0320303037687097,1.1129691379963178,1.1335766964803955,1.1318016060598428,1.111637111741831,1.1819487371108002,1.1768415011592823,1.1489983727150543,1.2281949009718685,1.1964351809749234,1.1736971576831794,1.211782503700727,1.9736815005413093,1.774717193486722,0.0584047019311502,0.047539882451721055,0.02602854743912686,-0.028211586901763175
163,2024-05-30,3021,兆威机电,117.63,0.0,0.06520445464592367,0.1,446706864.14,1.08471,1.0428841030608,1.022194513059315,1.0436261498784707,1.1076571643835285,1.1118226642221956,1.0997280793891604,1.144686678850393,1.1596189906604628,1.1551933279749864,1.2359415726391034,1.19168000832092,1.1333835109026644,1.2450036072550619,1.2393750455469508,1.6957158058086235,1.3333158504275011,0.060375754484400274,0.04507353566267103,0.038850633341834584,0.002040295842897333
164,2024-05-29,3021,兆威机电,107.16,0.011291526689063159,0.015864128406121714,-0.013900000000000001,174180881.6,0.97298487,0.9328124263650192,0.9328918833274968,1.0060556084828458,1.0246835731606168,1.023079000659733,1.0048515387218593,1.068408921068817,1.063792294068611,1.0386238194247828,1.1102126072042706,1.0815037748243406,1.0609500010695214,1.0953768100922263,1.1548722015323851,0.7385372985710362,0.5480291486069945,-0.0257745427398283,-0.03776595744680848,0.14035087719298245,0.09770436730123189
165,2024-05-28,3021,兆威机电,107.72,0.02413665057556623,0.005755662829558156,-0.013300000000000001,159283750.9,0.96144048,0.9423666353765663,0.962124576963862,1.0211551146237505,1.0249953113940091,1.0138452483974154,1.0552928237504893,1.0690590025541045,1.0649789602520363,1.1394212025694457,1.0986162276746043,1.0448723722494164,1.147775541163133,1.142586539763578,1.1713854334983185,0.5437650177593315,0.4945511548100662,-0.03908280727812842,-0.02942814704790185,0.13442257705161542,-0.00519866320089124
166,2024-05-27,3021,兆威机电,109.11,0.012189533498304447,0.028136742736687682,-0.0256,233005457.89,0.95871216,0.9587938231017886,1.0339889545074281,1.0531341285508549,1.0514850047562743,1.0327514534957354,1.0980735199600966,1.0933287113381436,1.067461428690852,1.1410378942524262,1.111531955090258,1.0904075014748393,1.1257901781064963,1.1869374716303505,1.1843256394627775,0.7038744906534474,0.6858883428652676,-0.040436256988360425,-0.0158372284850152,0.10906424709009266,-0.01787187242232613
167,2024-05-24,3021,兆威机电,111.02,0.035849396505134246,0.003873176004323479,-0.0161,303986165.05,0.98016118,1.000711533348234,1.0621095490214334,1.0661037606758654,1.0545065133906317,1.0976163846882017,1.1119346696886576,1.1076909932604837,1.1851188152275902,1.1426773165142832,1.0867780106881046,1.1938082128215914,1.188411101396082,1.21836500320677,1.1846902717409373,0.7416916217864638,0.8861551703334444,-0.03343541704197445,0.005818771392541892,0.07277967933705631,-0.03476851017834626
168,2024-05-23,3021,兆威机电,114.6,0.03560209424083781,0.001134380453752142,-0.0038000000000000013,308772484.51,1.00008518,1.078518660394824,1.098488339347709,1.0967681944873573,1.0772278652392762,1.1453630878741505,1.1404139396105537,1.1134326581305196,1.1901777633157653,1.15940112315907,1.1373669250996454,1.1742733899468807,1.2380540491218455,1.235329735947834,1.1650638346747948,0.7593330065762085,0.8838542611411725,0.004118673647469409,0.03842059336823728,0.026439790575916167,-0.06492146596858639
169,2024-05-22,3021,兆威机电,117.2,0.05085324232081906,0.01894197952218429,0.0039000000000000003,459589859.21,1.0209663,1.083607033918068,1.0876820898741015,1.0758501100713167,1.119832540897204,1.134440633211629,1.130111063223789,1.2091060525653448,1.1658055224287531,1.1087747942518031,1.217971326737906,1.21246497580743,1.2430251555226561,1.2086688352021218,1.167402850604678,1.1495002894655089,1.1953785913033956,0.040170648464163926,0.06375426621160417,-0.022184300341297036,-0.08566552901023894
170,2024-05-21,3021,兆威机电,115.68,0.012966804979253111,0.028094744121715073,0.017,349809425.28,1.0784268,1.0983947780805121,1.09667477972962,1.077136114785019,1.145265534155951,1.1403168074248973,1.11333782401467,1.190076392608643,1.1593023737828712,1.1372700524365789,1.1741733738588955,1.2379486006600413,1.235224519523261,1.1649646029899121,1.1924045054388255,0.9959631994075535,0.9639945151563478,0.050397648686030534,0.0625950899031813,0.013139695712309774,-0.06881051175656994
171,2024-05-20,3021,兆威机电,115.16,0.008423063563737399,0.04168113928447375,0.0604,627118046.16,1.06135436,1.0653457316603903,1.0537567303360715,1.0968359493327098,1.1111440536398007,1.106903394581965,1.1842761632439236,1.1418648416003085,1.0860052817138068,1.1929593824378981,1.1875661085066471,1.217498712271557,1.183847924463444,1.1434293674577487,1.149374765665369,1.8000248094066087,1.7959661026682128,0.06083709621396319,0.06885203195554014,0.01771448419590138,-0.0525356026398055
172,2024-05-17,3021,兆威机电,108.0,0.009537037037037047,0.031481481481481534,0.0009000000000000008,287892476.64,1.01851584,1.0169209256758271,0.9988031777261276,1.0619779980949575,1.0573891593058493,1.0323721777080004,1.1035300612045649,1.0749940318460847,1.054563974519716,1.0887835631114653,1.1479208423418645,1.145394865486708,1.0802444848272614,1.1056888658913386,1.0761026663075997,1.0422440687178192,0.8943298899466376,0.01837037037037032,0.016398148148148155,0.08518518518518525,0.027962962962962967
173,2024-05-16,3021,兆威机电,106.42,0.016256342792708173,0.030351437699680548,0.017599999999999998,274675636.28,1.0037606399999999,0.9928415711563775,1.0334304834181014,1.0469114703969375,1.0429159537083967,1.1158159874558047,1.0758563629967173,1.023225910820027,1.12399725049219,1.1189157488424952,1.1471180202920699,1.1154125041361718,1.0773304473519558,1.0829321562926157,1.0790055309284718,0.9404799190321025,0.8611323749880095,0.0014470964104491295,0.008616801353129125,0.10129674873144157,0.014846833302010864
174,2024-05-15,3021,兆威机电,103.99,0.034426387152610816,0.002788729685546611,-0.013600000000000003,216640714.09,0.99843408,0.9806456988691776,1.0426720492584165,1.0381666320534095,1.0136044400723314,1.0834687275993322,1.0554514614579629,1.035392806968732,1.0689903095777729,1.1270525182424895,1.1245724617171473,1.0606064652143863,1.0855882868658564,1.056539941791774,1.0571624551254777,0.5868996562745523,0.6327873485122453,-0.028598903740744204,-0.01152033849408618,0.12703144533128197,0.023367631503029118
175,2024-05-14,3021,兆威机电,107.2,0.03423507462686569,0.0,0.012199999999999999,335643689.91,0.9891218399999999,1.0295586838492705,1.042989163628629,1.0390086163454235,1.1116355264296922,1.0718256127244812,1.019392343198501,1.1197861379503684,1.1147236744035862,1.142820284616928,1.1112335547807213,1.0732941743481352,1.078874896202959,1.0749629821393194,1.055233326557731,0.8961908336276713,0.9522248051453434,0.0016044776119401383,0.02155783582089572,0.07910447761194028,-0.02994402985074629
176,2024-05-13,3021,兆威机电,104.47,0.03015219680290998,0.006413324399349112,-0.022799999999999997,266265808.82,0.9821837200000001,1.0443073510255345,1.0397948676325326,1.0151941529002408,1.0851680138956517,1.057106806147846,1.0370166921472992,1.070666888271455,1.1288201603079189,1.1263362141215645,1.0622698948881897,1.0872908974279567,1.058196993628036,1.0588204832966817,1.017494296305419,0.7608273076809773,0.8053286952528833,-0.017593567531348654,0.010577199195941321,0.10232602661051016,-0.004594620465205312
177,2024-05-10,3021,兆威机电,109.25,0.028009153318077823,0.032768878718535455,0.005100000000000001,367069212.61,1.04088156,1.0544597454532285,1.050435420923901,1.1238610669335662,1.0836133319273196,1.0306034120109013,1.1321013172152465,1.1269831777282222,1.1553887887228613,1.1234546744824896,1.0850980444918041,1.0907401419859044,1.0867852054902754,1.066838567185748,1.0256159249496906,0.9985736733321646,1.1383548165768704,0.02570251716247133,0.06435697940503425,-0.011441647597253968,-0.04814645308924492
178,2024-05-09,3021,兆威机电,109.91,0.02984259848967338,0.02392866891092708,0.0356,660017318.21,1.06325052,1.0586561826055645,1.0336092242500627,1.1048523731340727,1.076282150296531,1.055827612523754,1.090088204955642,1.1492963458078076,1.1467673421847844,1.081538894666458,1.1070137646223221,1.0773921131863557,1.0780269126194453,1.0359510910091434,1.02235060711083,1.9082177582862363,2.147334041877431,0.047038486034027986,0.08444181603129826,-0.006004913110726928,-0.053862250932581235
179,2024-05-08,3021,兆威机电,104.31,0.01466781708369285,0.02224139583932516,0.026699999999999998,243616796.4,1.01304489,1.0091786244382128,1.079720412122169,1.0410534431288414,0.9901255355228902,1.0876370191583051,1.0827198992056524,1.1100098542651302,1.0793299811003372,1.0424798422712034,1.0479003413086734,1.044100738503116,1.0249375223687776,0.9853339365044478,0.9695350823131961,0.7719371156432908,0.8944286784419084,0.008608954079187001,0.05261240533026555,0.05368612788802607,-0.003067778736458693
180,2024-05-07,3021,兆威机电,103.6,0.013030888030888114,0.003957528957528925,-0.013300000000000001,212874791.3,0.99567897,0.972122002112976,1.0391270470613763,1.0122564062292028,0.9930186655575338,1.025241167956957,1.080927141994539,1.0785485834371231,1.017200438017616,1.0411598619508056,1.0133003397791478,1.013897376339346,0.9743245561818709,0.9615331362460372,0.9248686662292239,0.6442068782384136,0.7069097169639637,0.00820463320463315,0.05237451737451726,0.06090733590733599,0.006853281853281823
181,2024-05-06,3021,兆威机电,105.14,0.003994673768308938,0.027677382537568924,0.009100000000000002,354389486.74,0.99618352,1.0658169472847043,1.0276478894522052,0.977375776035838,1.0736316128679206,1.068777810236674,1.0957163549436888,1.0654315438088209,1.0290559209781942,1.0344066207260307,1.0306559450718082,1.0117394919871492,0.9726458780167656,0.957050464282186,0.9176511849988953,1.1384501721056965,1.1716476803675873,0.04487350199733692,0.07283621837549935,0.045368080654365484,-0.01464713715046606
182,2024-04-30,3021,兆威机电,100.74,0.031963470319634694,0.0023823704586062627,-0.012800000000000002,258509363.21,0.9763408,1.043636632258464,1.016649378694021,0.997328150415323,1.029690491461276,1.085618130504995,1.0832292495211815,1.0216148665042268,1.04567826912203,1.0176978426883394,1.0182974702572516,0.9785529126741231,0.965705980760081,0.928882394924163,0.8970992904582402,0.9321757930706553,0.9197946217042426,0.02723843557673218,0.04931506849315058,0.09102640460591616,0.028389914631725244
183,2024-04-29,3021,兆威机电,103.27,0.020625544688680254,0.021884380749491537,-0.011000000000000001,508567089.35,1.0699002000000002,1.031584912639596,0.9811202016630811,1.07774480435886,1.0728724063179382,1.0999141553191814,1.0695133200043512,1.032998338477025,1.0383695372977368,1.0346044924250586,1.0156155684919874,0.9763721829254569,0.9607170215807084,0.9211667996664865,0.9147286727869376,1.8916366627274757,1.873725542224814,0.0653820083276848,0.0883025079887673,0.06429747264452401,-0.024498886414253906
184,2024-04-26,3021,兆威机电,101.0,0.0,0.04871287128712873,0.0818,317883100.68,1.06892658,1.0412853572175012,1.0214959268478006,1.0546424890379218,1.1119253958300164,1.1094786262350005,1.0463711713207384,1.0710176908739553,1.042359228138719,1.0429733861959385,1.0022657177433567,0.9891074722679631,0.9513915580749703,0.9188382688280979,0.9162085169491815,1.3872192411659066,1.3596138920345795,0.06700990099009901,0.08154455445544559,0.040990099009901027,-0.0025742574257425765
185,2024-04-25,3021,兆威机电,91.96,0.01087429317094389,0.0045672031317962975,-0.011899999999999999,117106813.0,0.9641879800000001,0.9170202993354718,1.0073320898144145,1.0027780220229308,1.0280530420680185,0.9996383961834489,0.9655090619452403,0.970529342173912,0.9670102804215371,0.9492619671367362,0.9125824847265726,0.8979501280406419,0.8609838559395414,0.8549663536719945,0.8238084899579114,0.4308186542216738,0.5463680898568085,-0.01781209221400599,0.001892127011744154,0.14332318399304045,0.09547629404088731
186,2024-04-24,3021,兆威机电,93.01,0.003117944307063671,0.016127298139984945,-0.0242,184524902.98,0.97414114,0.9556277727211167,0.986636976543255,1.0402261639242019,1.03793716705501,0.9788990103705143,1.0019562717525046,0.9751457655199472,0.9757203214049917,0.9376375669724263,0.925327792174429,0.8900438775457996,0.8595896912097536,0.8571295111299239,0.8292277341485063,0.6283818749945554,0.8566227539622545,-0.016471347166971254,0.013149123750134382,0.13041608429201146,-0.011289108697989603
187,2024-04-23,3021,兆威机电,93.35,0.019496518478843143,0.02656668452062121,-0.0017000000000000014,216169607.43,0.95108041,1.0447465750552236,1.040023359369125,1.0662371481420236,1.0367671210581249,1.0013701497764371,1.0065768940346176,1.002927126743,0.9845196028441842,0.9464777653902847,0.9313019314352392,0.8929626523030721,0.8867216470298608,0.8544065130929256,0.8591404378193683,0.7590648625066575,1.00244003481169,-0.0021210498125335568,0.01626138189608984,0.10626673808248532,-0.014890198178896585
188,2024-04-22,3021,兆威机电,91.84,0.048671602787456435,0.006206445993031439,-0.0473,310072105.4,0.98099519,1.0128275421601176,1.0678392701125443,1.0654895111554472,1.0048841694238622,1.0285534925180395,1.0010312935966827,1.00162110123487,0.9625274290052325,0.9498908876535375,0.9136703512447895,0.882407749671422,0.8798822633955526,0.8512398256257879,0.8449404806681919,1.1316903563408875,1.5036521008992692,0.0006097560975607924,-0.00503048780487793,0.12445557491289194,0.0013066202090590284
189,2024-04-19,3021,兆威机电,97.83,0.04630481447408771,0.023407952570785977,0.029699999999999997,531246143.34,1.09848396,1.093517801895557,1.1210799180923343,1.0900940763338032,1.052876433209719,1.0583509905693649,1.0545134945456398,1.035159164769448,0.9951606146427564,0.9792041993959683,0.9388929084377547,0.9323308920113924,0.8983536030280822,0.9033310210010196,0.8679996309750809,2.2278525698789373,2.80886364348137,0.06678932842686285,0.05005621997342334,0.032403148318511654,-0.0612286619646325
190,2024-04-18,3021,兆威机电,96.68,0.0,0.10591642532064552,0.06680000000000001,226241739.61,1.03244904,1.0885265096076,1.0861312287937388,1.0243517803832067,1.0484796490368515,1.0204242628311795,1.0210254968068395,0.9811744632562698,0.9682931143154101,0.9313708778172394,0.8995026261764056,0.8969282136801839,0.8677308862501028,0.8613095041456746,0.8801383069836669,1.4424103357212728,1.4692279108447002,0.06936284650393051,0.03613984278030616,0.01189491104675211,-0.05006206040546135
191,2024-04-17,3021,兆威机电,88.04,0.0067014993184914716,0.028055429350295466,-0.0322,140190928.72,0.99547908,1.0205701302113999,0.9923623066228505,0.9584813903060715,0.9634651293127346,0.9599716818310572,0.9423525535770663,0.9059400509068484,0.8914141990712074,0.8547169941723635,0.8487432916283935,0.8178122173291289,0.8223433877004627,0.7901796135239707,0.8166937664821258,1.0220335070074382,0.964479009777055,-0.011267605633802866,-0.06146069968196259,0.11119945479327575,0.04316219900045426
192,2024-04-16,3021,兆威机电,84.53,0.058913995031349864,0.01963799834378323,0.028600000000000004,162200252.27,1.054315,1.0519950009288002,0.9921572307173696,1.0155267799337113,0.9883531518719602,0.9889354895490429,0.9503369418177481,0.937860443277094,0.9020986428707797,0.8712319846569916,0.868738483867624,0.8404588048724445,0.8342392416246274,0.8524762703868337,0.8941606891552597,1.1071481369831087,1.0679720223308518,-0.06608304743877912,-0.1213415355495091,0.1573405891399502,0.041523719389565894
193,2024-04-15,3021,兆威机电,89.4,0.02997762863534667,0.0190156599552573,0.025,132403923.1,1.025205,0.9968690719476,0.9628342870912682,0.9678406595071136,0.9643313467029937,0.9466322020318761,0.9100543337453644,0.8954625134575479,0.8585986499810357,0.8525978181564534,0.8215262718822066,0.8260780203441972,0.7937681759459683,0.8204027416448829,0.8697333944194412,0.9564332223773176,0.8733242465262455,-0.038255033557047,-0.07799776286353466,0.09429530201342273,-0.05447427293064877
194,2024-04-12,3021,兆威机电,91.22,0.024227143170357464,0.004165753124314793,0.00020000000000000017,123212041.68,0.99779952,0.9410444039185344,0.9632100273008648,0.9374362992767438,0.9379886367442775,0.9013785650566938,0.8895448165653471,0.8556253518832414,0.8263488470305285,0.8239838035763732,0.7971610048917491,0.7912618540233491,0.8085593682977418,0.8480963366311394,0.8391866605666609,0.8812977609301593,0.7683892005160341,-0.036724402543302004,-0.06661916246437183,0.07246217934663446,-0.073339180004385
195,2024-04-11,3021,兆威机电,91.97,0.029792323583777265,0.000652386647819966,-0.0024,127835968.76,0.97236072,0.9391626914531904,0.9440459805669242,0.9406229453650672,0.9233589399504256,0.8876803505107411,0.8734472748938484,0.8374897215493835,0.8316364221365028,0.8013287799827415,0.805768622221114,0.7742531259074704,0.8002328721035139,0.8483507146565235,0.8328101172550169,0.8459018956347236,0.740733523588981,-0.048146134609111636,-0.06310753506578234,0.05121235185386541,-0.08089594432967273
196,2024-04-10,3021,兆威机电,93.46,0.04739995720094166,0.0062058634710036205,-0.0253,186861589.23,0.94311972,0.9653342259584017,0.9395036582867305,0.940057213842193,0.9033664047630467,0.8915065589181151,0.8575122905283031,0.8281712212394414,0.8258009620774053,0.7989190101953036,0.7930068497360563,0.8103425107858758,0.849966671291984,0.841037346426726,0.8071813375840772,1.2170263734755657,1.012292050760288,-0.047185961908837976,-0.056451958056922866,-0.01594264926171618,-0.09554889792424559
197,2024-04-09,3021,兆威机电,98.05,0.012544620091789945,0.013972463029066705,-0.032400000000000005,121861947.52,0.9658583199999999,0.9708804162378384,0.9673600815189934,0.94960534805481,0.9129125974059721,0.8982749476900387,0.8612953036085039,0.8552756246020539,0.8241064900099436,0.8286725344284928,0.796261212513264,0.8229794310320494,0.87246501962412,0.8564826819156339,0.8533083515406109,0.774951847380382,0.6373526604395198,-0.01436002039775626,-0.018255991840897566,-0.046812850586435584,-0.13788883222845483
198,2024-04-08,3021,兆威机电,98.15,0.03637289862455418,0.0005094243504840689,-0.0018000000000000017,139265981.0,1.0235542800000001,0.9961658508070752,0.9967527917263707,0.9578491315641738,0.9452740092404336,0.9092295202228442,0.8781188683441392,0.8756056570181835,0.8471024338196466,0.8408337063888944,0.8592148945691389,0.9012288188523765,0.8917609594959228,0.8558630685657567,0.9248289254450588,0.8451469666589584,0.6886569408184047,-0.018094752929189977,-0.02935303107488538,-0.0010188487009680225,-0.08914926133469181
199,2024-04-03,3021,兆威机电,100.36,0.00757273814268638,0.032283778397767984,0.0254,179793867.34,1.00519962,1.0015548465938497,0.9831725092504354,0.9451827234929985,0.9300276542526845,0.8917408337990027,0.8855083679374981,0.8532374499915719,0.8579648974069952,0.8244078826315479,0.8520705511260175,0.9033053829511144,0.8867580929629865,0.8834715546485233,0.8940692376823097,0.9939147117189413,0.8677980629220636,0.0033479473893981517,-0.020565962534874523,-0.022020725388601003,-0.09107214029493826
200,2024-04-02,3021,兆威机电,99.33,0.020839625490788355,0.007852612503775306,-0.0197,139913984.92,0.97324184,0.973815274092128,0.9358068744182026,0.9235211338674033,0.8883061093964105,0.8579113834042482,0.8554560067084899,0.8276087066136313,0.8214842366629491,0.8394424324708396,0.8804895221114961,0.8712395394369538,0.8361677395025466,0.9035465373121773,0.8953771212950687,0.7210700417917922,0.6400004341929111,0.0018121413470249936,-0.04462901439645633,0.01036947548575462,-0.07409644618946942
201,2024-04-01,3021,兆威机电,101.4,0.020118343195266192,0.009368836291913242,-0.0072,205419184.17,0.99637408,0.9780868294104961,0.9402935543220744,0.9252168780691387,0.8871281047629154,0.8809278777259169,0.8488238883253576,0.8535268819610131,0.8201434483546143,0.8476630255053395,0.8986328336963701,0.88217113826902,0.8789016003095219,0.8894444644560348,0.8629524678155476,0.9525774005378923,0.8359446669726812,0.017731755424063134,-0.03847140039447728,-0.010256410256410331,-0.07830374753451685
202,2024-03-29,3021,兆威机电,100.39,0.006076302420559811,0.026994720589700108,0.0036000000000000008,159522742.16,1.0005892,0.96153580328832,0.9489122804948493,0.9127290596101073,0.881498665741958,0.8789757813006579,0.8503628518618057,0.844069996685458,0.8625219323398998,0.9046975642883337,0.8951932640267025,0.8591572054717116,0.9283885054840811,0.9199944808117463,0.8139289795149866,0.7085195713286494,0.6139274404948336,0.0016734734535311501,-0.06437892220340666,0.010060763024205555,-0.0233090945313279
203,2024-03-28,3021,兆威机电,98.64,0.019870235198702287,0.030109489051094878,-0.0030000000000000027,219823538.99,0.9816462,0.943715390832,0.9285838488182457,0.8903564660804056,0.884133675703323,0.8519128561888699,0.85663296455987,0.8231280447947966,0.8507477688553875,0.9019030620471079,0.885381460614692,0.8821000244301035,0.8926812552731548,0.8660928512065946,0.8204981552165324,0.917178705961008,0.7942793830135841,-0.035442011354420065,-0.09766828872668289,0.027980535279805485,-0.0049675587996755866
204,2024-03-27,3021,兆威机电,95.99,0.061464735909990686,0.0,-0.015399999999999995,245503588.93,0.9609696,0.9483535106064,0.9121915963215547,0.8809795925660181,0.8784581937329106,0.8498621131047644,0.8435729634953665,0.8620140336712607,0.9041648303702796,0.8946661267448245,0.8586512881327438,0.927841821083099,0.9194527392577756,0.8134496949547192,0.8659259367290223,1.0515273754530223,0.8749865103662241,-0.09203041983539956,-0.14099385352640906,0.056360037503906835,0.027607042400250137
205,2024-03-26,3021,兆威机电,101.59,0.03573186337237912,0.009449748991042504,-0.024,247959255.88,0.96136,0.9459455441464,0.9070034255523076,0.9006642879107799,0.8678410370140178,0.8726493970636978,0.8385180371449475,0.8666541660889509,0.918765907765046,0.9019354026070615,0.8985926135405032,0.9093716812362282,0.8822861548352091,0.8358389766257256,0.9170231304360673,1.0195932120905549,0.8695781569192472,-0.06679791318043116,-0.09496013387144395,-0.0018702628211437755,-0.05512353578108087
206,2024-03-25,3021,兆威机电,104.5,0.05875598086124403,0.0018181818181817965,-0.014999999999999996,252937773.74,0.9868715,0.9492408462469101,0.9167611468313026,0.9141373397586255,0.8843798108751457,0.8778352233987075,0.8970252895318028,0.9408880680203408,0.9310035684217529,0.8935259639147209,0.9655267149794322,0.9567969051859451,0.8464884788808296,0.9010960770549061,0.9730216740569584,0.9170382077412781,0.8271569582744449,-0.06220095693779904,-0.07756937799043057,-0.02784688995215312,-0.08143540669856464
207,2024-03-22,3021,兆威机电,109.96,0.0245543834121499,0.010640232811931499,0.0019000000000000017,232143933.44,0.98396599,0.9434586685032741,0.9368647415232377,0.9027222237393046,0.9077238464921547,0.8722206427820458,0.9014876488401337,0.9556939208673608,0.9381869462085602,0.9347098002210443,0.9459221116295958,0.9177479350453619,0.8694339026230815,0.9538810959849248,1.0165853855553457,0.7881841094685881,0.7085184181838649,-0.03204801746089488,-0.03369407057111676,-0.04965441978901408,-0.12704619861767918
208,2024-03-21,3021,兆威机电,112.08,0.018736616702355536,0.005531763026409748,-0.0179,188822055.2,0.96186874,0.92895695825779,0.9262982462849779,0.8961448485189265,0.8895131974109166,0.9089585518801616,0.95340484350834,0.943388848924863,0.9054126742080615,0.9783712620938311,0.969525318327609,0.8577494424358486,0.9130834937019724,0.9859659277392836,1.034544823946732,0.6016443680858078,0.5573591970569014,-0.020806566738044197,-0.015720913633119078,-0.01891506067094939,-0.1435581727337616
209,2024-03-20,3021,兆威机电,113.75,0.009934065934065895,0.01995604395604392,-0.0206,294108473.8,0.9588326,0.9521312230753399,0.9174323431029405,0.9225154687431368,0.886433730074396,0.9161776504492128,0.9712672293351936,0.9534749734678941,0.9499411663822287,0.9613361856435667,0.9327029027145154,0.883601579179664,0.969424863947711,1.033150938027183,1.0370729856181216,0.8975303295456926,0.7583141402590147,-0.004167032967033,-0.001969230769230802,-0.014681318681318722,-0.1561318681318682
210,2024-03-19,3021,兆威机电,114.71,0.05204428558974818,0.001569174439891837,-0.021,411089373.79,0.9657835,0.9630193889916601,0.9316706232899579,0.9247760743434875,0.944992298928606,0.991200570161309,0.9807875125714793,0.9413058524056636,1.0171567298193214,1.0079601072466593,0.8917531122134696,0.9492807653796633,1.0250524699859604,1.0755571742010581,1.076357657627957,1.2567562529572174,0.989597735094459,0.005335193095632419,0.003347572138436059,-0.008368930346090098,-0.11437538139656522
